submitit INFO (2026-06-03 12:14:11,497) - Starting with JobEnvironment(job_id=922299, hostname=m001, local_rank=0(1), node=0(1), global_rank=0(1))
submitit INFO (2026-06-03 12:14:11,497) - Loading pickle: /home/amberlee0516/score-matching-empirical-bayes/submitit_log/922299/922299_submitted.pkl
simulate_data.py: device = cuda:0
Start location_scale_comparison
m: 2400
n: 100
experiment: c
Finished training EB misspecified with NPMLE init, with SURE: -0.05647235070484626
Finished training EB misspecified with NPMLE init, with in-sample MSE: 0.0588086061078283
Finished training EB misspecified, with SURE: -0.05644632980406939
Finished training EB misspecified, with in-sample MSE: 0.058825631014479886

 Training SURE of the models:
SURE-PM: -0.05644632980406939
NPMLE: 0.4222140150664638
SURE-PM, NPMLE init: -0.05647235070484626
experiment: d
Finished training EB misspecified with NPMLE init, with SURE: 0.022509857194286022
Finished training EB misspecified with NPMLE init, with in-sample MSE: 0.009928082014984867
Finished training EB misspecified, with SURE: 0.02251099905106594
Finished training EB misspecified, with in-sample MSE: 0.009936555655232701

 Training SURE of the models:
SURE-PM: 0.02251099905106594
NPMLE: 0.07533202136994394
SURE-PM, NPMLE init: 0.022509857194286022
experiment: e
Finished training EB misspecified with NPMLE init, with SURE: 0.16792710308273537
Finished training EB misspecified with NPMLE init, with in-sample MSE: 0.30648410878461685
Finished training EB misspecified, with SURE: 0.16793310452160068
Finished training EB misspecified, with in-sample MSE: 0.30649045383001666

 Training SURE of the models:
SURE-PM: 0.16793310452160068
NPMLE: 0.2844342424967058
SURE-PM, NPMLE init: 0.16792710308273537
n: 400
experiment: c
Finished training EB misspecified with NPMLE init, with SURE: 0.08318199557712057
Finished training EB misspecified with NPMLE init, with in-sample MSE: 0.06297771980053475
Finished training EB misspecified, with SURE: 0.08318805277519914
Finished training EB misspecified, with in-sample MSE: 0.06297440007805435

 Training SURE of the models:
SURE-PM: 0.08318805277519914
NPMLE: 0.7590701442693631
SURE-PM, NPMLE init: 0.08318199557712057
experiment: d
Finished training EB misspecified with NPMLE init, with SURE: -0.017034096657734938
Finished training EB misspecified with NPMLE init, with in-sample MSE: 0.004725153682806782
Finished training EB misspecified, with SURE: -0.017034153995362403
Finished training EB misspecified, with in-sample MSE: 0.004725309595039123

 Training SURE of the models:
SURE-PM: -0.017034153995362403
NPMLE: 0.04826427016954755
SURE-PM, NPMLE init: -0.017034096657734938
experiment: e
Finished training EB misspecified with NPMLE init, with SURE: 0.17148423462418025
Finished training EB misspecified with NPMLE init, with in-sample MSE: 0.17682948090132564
Finished training EB misspecified, with SURE: 0.171499651306759
Finished training EB misspecified, with in-sample MSE: 0.17682298750659015

 Training SURE of the models:
SURE-PM: 0.171499651306759
NPMLE: 0.28834557207124845
SURE-PM, NPMLE init: 0.17148423462418025
m: 2401
n: 100
experiment: c
Finished training EB misspecified with NPMLE init, with SURE: 0.04256380893734161
Finished training EB misspecified with NPMLE init, with in-sample MSE: 0.10356623636142448
Finished training EB misspecified, with SURE: 0.04254071274938213
Finished training EB misspecified, with in-sample MSE: 0.1037646899288486

 Training SURE of the models:
SURE-PM: 0.04254071274938213
NPMLE: 0.5855890676209597
SURE-PM, NPMLE init: 0.04256380893734161
experiment: d
Finished training EB misspecified with NPMLE init, with SURE: -0.0263495086543894
Finished training EB misspecified with NPMLE init, with in-sample MSE: 0.0057243481682273814
Finished training EB misspecified, with SURE: -0.0263488884573559
Finished training EB misspecified, with in-sample MSE: 0.005724337246484817

 Training SURE of the models:
SURE-PM: -0.0263488884573559
NPMLE: 0.017230857767141963
SURE-PM, NPMLE init: -0.0263495086543894
experiment: e
Finished training EB misspecified with NPMLE init, with SURE: 0.15485757962367303
Finished training EB misspecified with NPMLE init, with in-sample MSE: 0.22959680455639442
Finished training EB misspecified, with SURE: 0.1548637914683909
Finished training EB misspecified, with in-sample MSE: 0.22959505674549052

 Training SURE of the models:
SURE-PM: 0.1548637914683909
NPMLE: 0.3212417028444804
SURE-PM, NPMLE init: 0.15485757962367303
n: 400
experiment: c
Finished training EB misspecified with NPMLE init, with SURE: 0.09384734423762815
Finished training EB misspecified with NPMLE init, with in-sample MSE: 0.10690558173557481
Finished training EB misspecified, with SURE: 0.11219228404164235
Finished training EB misspecified, with in-sample MSE: 0.07485560797139792

 Training SURE of the models:
SURE-PM: 0.11219228404164235
NPMLE: 0.95750362505028
SURE-PM, NPMLE init: 0.09384734423762815
experiment: d
Finished training EB misspecified with NPMLE init, with SURE: 0.005894026061050415
Finished training EB misspecified with NPMLE init, with in-sample MSE: 0.007727012045405963
Finished training EB misspecified, with SURE: 0.00612547546675513
Finished training EB misspecified, with in-sample MSE: 0.007777284807389449

 Training SURE of the models:
SURE-PM: 0.00612547546675513
NPMLE: 0.1031937191797137
SURE-PM, NPMLE init: 0.005894026061050415
experiment: e
Finished training EB misspecified with NPMLE init, with SURE: 0.15806415624983977
Finished training EB misspecified with NPMLE init, with in-sample MSE: 0.16487689049619822
Finished training EB misspecified, with SURE: 0.16129016915433775
Finished training EB misspecified, with in-sample MSE: 0.166168786241141

 Training SURE of the models:
SURE-PM: 0.16129016915433775
NPMLE: 0.31869364460604926
SURE-PM, NPMLE init: 0.15806415624983977
m: 2402
n: 100
experiment: c
Finished training EB misspecified with NPMLE init, with SURE: 0.04590657481631062
Finished training EB misspecified with NPMLE init, with in-sample MSE: 0.05707309224153825
Finished training EB misspecified, with SURE: 0.04612398516275214
Finished training EB misspecified, with in-sample MSE: 0.0570572957705554

 Training SURE of the models:
SURE-PM: 0.04612398516275214
NPMLE: 0.33227818975270795
SURE-PM, NPMLE init: 0.04590657481631062
experiment: d
Finished training EB misspecified with NPMLE init, with SURE: 0.017098854017996032
Finished training EB misspecified with NPMLE init, with in-sample MSE: 0.01623260185458254
Finished training EB misspecified, with SURE: 0.017100120957119477
Finished training EB misspecified, with in-sample MSE: 0.0162331384208123

 Training SURE of the models:
SURE-PM: 0.017100120957119477
NPMLE: 0.11387770885342195
SURE-PM, NPMLE init: 0.017098854017996032
experiment: e
Finished training EB misspecified with NPMLE init, with SURE: 0.14731582944471314
Finished training EB misspecified with NPMLE init, with in-sample MSE: 0.21310504923725887
Finished training EB misspecified, with SURE: 0.1473216339768029
Finished training EB misspecified, with in-sample MSE: 0.21308834474620286

 Training SURE of the models:
SURE-PM: 0.1473216339768029
NPMLE: 0.2918115804899152
SURE-PM, NPMLE init: 0.14731582944471314
n: 400
experiment: c
Finished training EB misspecified with NPMLE init, with SURE: -0.0021215528786189
Finished training EB misspecified with NPMLE init, with in-sample MSE: 0.05242236064971746
Finished training EB misspecified, with SURE: -0.002118497417311005
Finished training EB misspecified, with in-sample MSE: 0.052421113515737625

 Training SURE of the models:
SURE-PM: -0.002118497417311005
NPMLE: 0.39443005874456616
SURE-PM, NPMLE init: -0.0021215528786189
experiment: d
Finished training EB misspecified with NPMLE init, with SURE: 0.0021991929048843775
Finished training EB misspecified with NPMLE init, with in-sample MSE: 0.00722765956926511
Finished training EB misspecified, with SURE: 0.002199554084631661
Finished training EB misspecified, with in-sample MSE: 0.007227440276335908

 Training SURE of the models:
SURE-PM: 0.002199554084631661
NPMLE: 0.0519674688822186
SURE-PM, NPMLE init: 0.0021991929048843775
experiment: e
Finished training EB misspecified with NPMLE init, with SURE: 0.16140409077519524
Finished training EB misspecified with NPMLE init, with in-sample MSE: 0.16790382492043718
Finished training EB misspecified, with SURE: 0.16092187417171228
Finished training EB misspecified, with in-sample MSE: 0.16706646661985775

 Training SURE of the models:
SURE-PM: 0.16092187417171228
NPMLE: 0.31916871569864835
SURE-PM, NPMLE init: 0.16140409077519524
m: 2403
n: 100
experiment: c
Finished training EB misspecified with NPMLE init, with SURE: -0.06609657002106005
Finished training EB misspecified with NPMLE init, with in-sample MSE: 0.07370260372230326
Finished training EB misspecified, with SURE: -0.0660705190593044
Finished training EB misspecified, with in-sample MSE: 0.0736925282922387

 Training SURE of the models:
SURE-PM: -0.0660705190593044
NPMLE: 0.4970622735120058
SURE-PM, NPMLE init: -0.06609657002106005
experiment: d
Finished training EB misspecified with NPMLE init, with SURE: -0.0012578526620913876
Finished training EB misspecified with NPMLE init, with in-sample MSE: 0.025685727263328663
Finished training EB misspecified, with SURE: -0.001201903299901481
Finished training EB misspecified, with in-sample MSE: 0.025669255628232336

 Training SURE of the models:
SURE-PM: -0.001201903299901481
NPMLE: 0.008775116917285235
SURE-PM, NPMLE init: -0.0012578526620913876
experiment: e
Finished training EB misspecified with NPMLE init, with SURE: 0.14225698193053432
Finished training EB misspecified with NPMLE init, with in-sample MSE: 0.2189946394030344
Finished training EB misspecified, with SURE: 0.14229569166282346
Finished training EB misspecified, with in-sample MSE: 0.22146236737875666

 Training SURE of the models:
SURE-PM: 0.14229569166282346
NPMLE: 0.3018367693842837
SURE-PM, NPMLE init: 0.14225698193053432
n: 400
experiment: c
Finished training EB misspecified with NPMLE init, with SURE: 0.07657953753237089
Finished training EB misspecified with NPMLE init, with in-sample MSE: 0.07365842016539235
Finished training EB misspecified, with SURE: 0.07660677266944795
Finished training EB misspecified, with in-sample MSE: 0.07367173137279563

 Training SURE of the models:
SURE-PM: 0.07660677266944795
NPMLE: 0.6863895224566235
SURE-PM, NPMLE init: 0.07657953753237089
experiment: d
Finished training EB misspecified with NPMLE init, with SURE: 0.0016516055701305988
Finished training EB misspecified with NPMLE init, with in-sample MSE: 0.00524624126260244
Finished training EB misspecified, with SURE: 0.0016519447909798047
Finished training EB misspecified, with in-sample MSE: 0.005246043297243701

 Training SURE of the models:
SURE-PM: 0.0016519447909798047
NPMLE: 0.02181500910202363
SURE-PM, NPMLE init: 0.0016516055701305988
experiment: e
Finished training EB misspecified with NPMLE init, with SURE: 0.15558142565691893
Finished training EB misspecified with NPMLE init, with in-sample MSE: 0.17759027582470527
Finished training EB misspecified, with SURE: 0.15558515067741358
Finished training EB misspecified, with in-sample MSE: 0.17758226297270419

 Training SURE of the models:
SURE-PM: 0.15558515067741358
NPMLE: 0.37626119295953514
SURE-PM, NPMLE init: 0.15558142565691893
m: 2404
n: 100
experiment: c
Finished training EB misspecified with NPMLE init, with SURE: 0.023014919906535737
Finished training EB misspecified with NPMLE init, with in-sample MSE: 0.0779344519685385
Finished training EB misspecified, with SURE: 0.0230157641247736
Finished training EB misspecified, with in-sample MSE: 0.07793599402770625

 Training SURE of the models:
SURE-PM: 0.0230157641247736
NPMLE: 0.7481649255352064
SURE-PM, NPMLE init: 0.023014919906535737
experiment: d
Finished training EB misspecified with NPMLE init, with SURE: -0.004563567069356686
Finished training EB misspecified with NPMLE init, with in-sample MSE: 0.0072924548594533525
Finished training EB misspecified, with SURE: -0.004562327048947914
Finished training EB misspecified, with in-sample MSE: 0.00728958039767676

 Training SURE of the models:
SURE-PM: -0.004562327048947914
NPMLE: -0.004040894961819284
SURE-PM, NPMLE init: -0.004563567069356686
experiment: e
Finished training EB misspecified with NPMLE init, with SURE: 0.14125024022218952
Finished training EB misspecified with NPMLE init, with in-sample MSE: 0.2968689918334162
Finished training EB misspecified, with SURE: 0.14125227830518897
Finished training EB misspecified, with in-sample MSE: 0.29688461905530245

 Training SURE of the models:
SURE-PM: 0.14125227830518897
NPMLE: 0.2638120570867193
SURE-PM, NPMLE init: 0.14125024022218952
n: 400
experiment: c
Finished training EB misspecified with NPMLE init, with SURE: 0.010144464546661354
Finished training EB misspecified with NPMLE init, with in-sample MSE: 0.05575006852071056
Finished training EB misspecified, with SURE: 0.01014926277306671
Finished training EB misspecified, with in-sample MSE: 0.055752365959762955

 Training SURE of the models:
SURE-PM: 0.01014926277306671
NPMLE: 0.6581694856594532
SURE-PM, NPMLE init: 0.010144464546661354
experiment: d
Finished training EB misspecified with NPMLE init, with SURE: 0.002109382569809775
Finished training EB misspecified with NPMLE init, with in-sample MSE: 0.003947013446702794
Finished training EB misspecified, with SURE: 0.0021097710658598244
Finished training EB misspecified, with in-sample MSE: 0.003946625077965163

 Training SURE of the models:
SURE-PM: 0.0021097710658598244
NPMLE: 0.05474538376890077
SURE-PM, NPMLE init: 0.002109382569809775
experiment: e
Finished training EB misspecified with NPMLE init, with SURE: 0.16798434104964557
Finished training EB misspecified with NPMLE init, with in-sample MSE: 0.18041772565940267
Finished training EB misspecified, with SURE: 0.1680046754014078
Finished training EB misspecified, with in-sample MSE: 0.18039071274489168

 Training SURE of the models:
SURE-PM: 0.1680046754014078
NPMLE: 0.3581153580595442
SURE-PM, NPMLE init: 0.16798434104964557
m: 2405
n: 100
experiment: c
Finished training EB misspecified with NPMLE init, with SURE: 0.027760458822644125
Finished training EB misspecified with NPMLE init, with in-sample MSE: 0.06678598947640127
Finished training EB misspecified, with SURE: 0.027763837076600878
Finished training EB misspecified, with in-sample MSE: 0.0667792441225774

 Training SURE of the models:
SURE-PM: 0.027763837076600878
NPMLE: 0.514679911690703
SURE-PM, NPMLE init: 0.027760458822644125
experiment: d
Finished training EB misspecified with NPMLE init, with SURE: 0.003907197510209777
Finished training EB misspecified with NPMLE init, with in-sample MSE: 0.027338687973171613
Finished training EB misspecified, with SURE: 0.003908700688302069
Finished training EB misspecified, with in-sample MSE: 0.027335680214379123

 Training SURE of the models:
SURE-PM: 0.003908700688302069
NPMLE: 0.10489070168197641
SURE-PM, NPMLE init: 0.003907197510209777
experiment: e
Finished training EB misspecified with NPMLE init, with SURE: 0.169912628687621
Finished training EB misspecified with NPMLE init, with in-sample MSE: 0.23355011637253106
Finished training EB misspecified, with SURE: 0.12699813350474948
Finished training EB misspecified, with in-sample MSE: 0.22561086007126824

 Training SURE of the models:
SURE-PM: 0.12699813350474948
NPMLE: 0.548209026434112
SURE-PM, NPMLE init: 0.169912628687621
n: 400
experiment: c
Finished training EB misspecified with NPMLE init, with SURE: 0.0507833462797656
Finished training EB misspecified with NPMLE init, with in-sample MSE: 0.07887362408597555
Finished training EB misspecified, with SURE: 0.055778079860044086
Finished training EB misspecified, with in-sample MSE: 0.05748412641163478

 Training SURE of the models:
SURE-PM: 0.055778079860044086
NPMLE: 0.7727059721344911
SURE-PM, NPMLE init: 0.0507833462797656
experiment: d
Finished training EB misspecified with NPMLE init, with SURE: 0.0035294826223211118
Finished training EB misspecified with NPMLE init, with in-sample MSE: 0.006174722544371148
Finished training EB misspecified, with SURE: 0.0035311144923074167
Finished training EB misspecified, with in-sample MSE: 0.0061697828399379295

 Training SURE of the models:
SURE-PM: 0.0035311144923074167
NPMLE: 0.03376704934258013
SURE-PM, NPMLE init: 0.0035294826223211118
experiment: e
Finished training EB misspecified with NPMLE init, with SURE: 0.1847040706028163
Finished training EB misspecified with NPMLE init, with in-sample MSE: 0.20182747557931718
Finished training EB misspecified, with SURE: 0.18471507039562
Finished training EB misspecified, with in-sample MSE: 0.20182359930841387

 Training SURE of the models:
SURE-PM: 0.18471507039562
NPMLE: 0.2803686748089447
SURE-PM, NPMLE init: 0.1847040706028163
m: 2406
n: 100
experiment: c
Finished training EB misspecified with NPMLE init, with SURE: 0.08296141386389806
Finished training EB misspecified with NPMLE init, with in-sample MSE: 0.05163989694079557
Finished training EB misspecified, with SURE: 0.08296809725862098
Finished training EB misspecified, with in-sample MSE: 0.05163239857530246

 Training SURE of the models:
SURE-PM: 0.08296809725862098
NPMLE: 0.52262873630161
SURE-PM, NPMLE init: 0.08296141386389806
experiment: d
Finished training EB misspecified with NPMLE init, with SURE: -0.02176834320077081
Finished training EB misspecified with NPMLE init, with in-sample MSE: 0.011457189330768773
Finished training EB misspecified, with SURE: -0.021767761986522097
Finished training EB misspecified, with in-sample MSE: 0.011457070971457364

 Training SURE of the models:
SURE-PM: -0.021767761986522097
NPMLE: 0.12464370865863321
SURE-PM, NPMLE init: -0.02176834320077081
experiment: e
Finished training EB misspecified with NPMLE init, with SURE: 0.13689852681130638
Finished training EB misspecified with NPMLE init, with in-sample MSE: 0.21326595946389287
Finished training EB misspecified, with SURE: 0.1368925124944603
Finished training EB misspecified, with in-sample MSE: 0.21327111397466594

 Training SURE of the models:
SURE-PM: 0.1368925124944603
NPMLE: 0.3076621135319101
SURE-PM, NPMLE init: 0.13689852681130638
n: 400
experiment: c
Finished training EB misspecified with NPMLE init, with SURE: 0.04351994614959424
Finished training EB misspecified with NPMLE init, with in-sample MSE: 0.07850474501361211
Finished training EB misspecified, with SURE: 0.04353694450692757
Finished training EB misspecified, with in-sample MSE: 0.07848227246487262

 Training SURE of the models:
SURE-PM: 0.04353694450692757
NPMLE: 0.960534262758982
SURE-PM, NPMLE init: 0.04351994614959424
experiment: d
Finished training EB misspecified with NPMLE init, with SURE: 0.0005035949933741257
Finished training EB misspecified with NPMLE init, with in-sample MSE: 0.006219134196022514
Finished training EB misspecified, with SURE: 0.0005037807467896904
Finished training EB misspecified, with in-sample MSE: 0.00622083545974655

 Training SURE of the models:
SURE-PM: 0.0005037807467896904
NPMLE: 0.0393949265590124
SURE-PM, NPMLE init: 0.0005035949933741257
experiment: e
Finished training EB misspecified with NPMLE init, with SURE: 0.15716078016945267
Finished training EB misspecified with NPMLE init, with in-sample MSE: 0.1424501343244614
Finished training EB misspecified, with SURE: 0.15716763439748996
Finished training EB misspecified, with in-sample MSE: 0.14244624097678577

 Training SURE of the models:
SURE-PM: 0.15716763439748996
NPMLE: 0.3473173078789232
SURE-PM, NPMLE init: 0.15716078016945267
m: 2407
n: 100
experiment: c
Finished training EB misspecified with NPMLE init, with SURE: -0.03951095736927698
Finished training EB misspecified with NPMLE init, with in-sample MSE: 0.07149164533028196
Finished training EB misspecified, with SURE: -0.07655850465610378
Finished training EB misspecified, with in-sample MSE: 0.16311587381656154

 Training SURE of the models:
SURE-PM: -0.07655850465610378
NPMLE: 0.3304832274644951
SURE-PM, NPMLE init: -0.03951095736927698
experiment: d
Finished training EB misspecified with NPMLE init, with SURE: 0.024603814518584476
Finished training EB misspecified with NPMLE init, with in-sample MSE: 0.009494788124219257
Finished training EB misspecified, with SURE: 0.023163456440415137
Finished training EB misspecified, with in-sample MSE: 0.017424120719135402

 Training SURE of the models:
SURE-PM: 0.023163456440415137
NPMLE: 0.0629276254893375
SURE-PM, NPMLE init: 0.024603814518584476
experiment: e
Finished training EB misspecified with NPMLE init, with SURE: 0.17821746681499862
Finished training EB misspecified with NPMLE init, with in-sample MSE: 0.19946249054978094
Finished training EB misspecified, with SURE: 0.1590531471804479
Finished training EB misspecified, with in-sample MSE: 0.19427513699526552

 Training SURE of the models:
SURE-PM: 0.1590531471804479
NPMLE: 0.2988145958519287
SURE-PM, NPMLE init: 0.17821746681499862
n: 400
experiment: c
Finished training EB misspecified with NPMLE init, with SURE: 0.08279282965311417
Finished training EB misspecified with NPMLE init, with in-sample MSE: 0.06856935647629384
Finished training EB misspecified, with SURE: 0.08286000788967002
Finished training EB misspecified, with in-sample MSE: 0.06825552707113763

 Training SURE of the models:
SURE-PM: 0.08286000788967002
NPMLE: 0.6344230806975617
SURE-PM, NPMLE init: 0.08279282965311417
experiment: d
Finished training EB misspecified with NPMLE init, with SURE: 0.006455034571168099
Finished training EB misspecified with NPMLE init, with in-sample MSE: 0.02126243255320565
Finished training EB misspecified, with SURE: 0.0064692395638309644
Finished training EB misspecified, with in-sample MSE: 0.021240230554190755

 Training SURE of the models:
SURE-PM: 0.0064692395638309644
NPMLE: 0.15568331574192412
SURE-PM, NPMLE init: 0.006455034571168099
experiment: e
Finished training EB misspecified with NPMLE init, with SURE: 0.15251247124366188
Finished training EB misspecified with NPMLE init, with in-sample MSE: 0.2069198626592088
Finished training EB misspecified, with SURE: 0.15252561768162104
Finished training EB misspecified, with in-sample MSE: 0.20697096341581198

 Training SURE of the models:
SURE-PM: 0.15252561768162104
NPMLE: 0.32029496424007986
SURE-PM, NPMLE init: 0.15251247124366188
m: 2408
n: 100
experiment: c
Finished training EB misspecified with NPMLE init, with SURE: 0.025823247171304048
Finished training EB misspecified with NPMLE init, with in-sample MSE: 0.05507312801003768
Finished training EB misspecified, with SURE: 0.025834643905390992
Finished training EB misspecified, with in-sample MSE: 0.055067628279934826

 Training SURE of the models:
SURE-PM: 0.025834643905390992
NPMLE: 0.31809070051945787
SURE-PM, NPMLE init: 0.025823247171304048
experiment: d
Finished training EB misspecified with NPMLE init, with SURE: -0.014592011379077726
Finished training EB misspecified with NPMLE init, with in-sample MSE: 0.005399775016426714
Finished training EB misspecified, with SURE: -0.014591729616340938
Finished training EB misspecified, with in-sample MSE: 0.0053995535360818695

 Training SURE of the models:
SURE-PM: -0.014591729616340938
NPMLE: 0.012248558703190575
SURE-PM, NPMLE init: -0.014592011379077726
experiment: e
Finished training EB misspecified with NPMLE init, with SURE: 0.10052338422425287
Finished training EB misspecified with NPMLE init, with in-sample MSE: 0.27114794269377124
Finished training EB misspecified, with SURE: 0.10052056952659903
Finished training EB misspecified, with in-sample MSE: 0.2711493383765972

 Training SURE of the models:
SURE-PM: 0.10052056952659903
NPMLE: 0.3417984000610821
SURE-PM, NPMLE init: 0.10052338422425287
n: 400
experiment: c
Finished training EB misspecified with NPMLE init, with SURE: 0.034448617301772726
Finished training EB misspecified with NPMLE init, with in-sample MSE: 0.05854701271047943
Finished training EB misspecified, with SURE: 0.034446580855194996
Finished training EB misspecified, with in-sample MSE: 0.0585252142819689

 Training SURE of the models:
SURE-PM: 0.034446580855194996
NPMLE: 0.6907546975768912
SURE-PM, NPMLE init: 0.034448617301772726
experiment: d
Finished training EB misspecified with NPMLE init, with SURE: 0.012587097323327329
Finished training EB misspecified with NPMLE init, with in-sample MSE: 0.008138122801853028
Finished training EB misspecified, with SURE: 0.012591803480943433
Finished training EB misspecified, with in-sample MSE: 0.008123951973033961

 Training SURE of the models:
SURE-PM: 0.012591803480943433
NPMLE: 0.09741210577291877
SURE-PM, NPMLE init: 0.012587097323327329
experiment: e
Finished training EB misspecified with NPMLE init, with SURE: 0.16043215479725065
Finished training EB misspecified with NPMLE init, with in-sample MSE: 0.21958685307577197
Finished training EB misspecified, with SURE: 0.16035199785029286
Finished training EB misspecified, with in-sample MSE: 0.2196010475230539

 Training SURE of the models:
SURE-PM: 0.16035199785029286
NPMLE: 0.3345249115188752
SURE-PM, NPMLE init: 0.16043215479725065
m: 2409
n: 100
experiment: c
Finished training EB misspecified with NPMLE init, with SURE: 0.07820077034861007
Finished training EB misspecified with NPMLE init, with in-sample MSE: 0.10897153168799424
Finished training EB misspecified, with SURE: 0.07823921335160208
Finished training EB misspecified, with in-sample MSE: 0.10899115725821883

 Training SURE of the models:
SURE-PM: 0.07823921335160208
NPMLE: 0.8220251228980845
SURE-PM, NPMLE init: 0.07820077034861007
experiment: d
Finished training EB misspecified with NPMLE init, with SURE: 0.013910744993928041
Finished training EB misspecified with NPMLE init, with in-sample MSE: 0.011819119543979167
Finished training EB misspecified, with SURE: 0.01391149757165735
Finished training EB misspecified, with in-sample MSE: 0.011818133629285134

 Training SURE of the models:
SURE-PM: 0.01391149757165735
NPMLE: 0.016368757555230217
SURE-PM, NPMLE init: 0.013910744993928041
experiment: e
Finished training EB misspecified with NPMLE init, with SURE: 0.15625981051797175
Finished training EB misspecified with NPMLE init, with in-sample MSE: 0.20216409967235
Finished training EB misspecified, with SURE: 0.15626090147047925
Finished training EB misspecified, with in-sample MSE: 0.20231227446192857

 Training SURE of the models:
SURE-PM: 0.15626090147047925
NPMLE: 0.30127928796059955
SURE-PM, NPMLE init: 0.15625981051797175
n: 400
experiment: c
Finished training EB misspecified with NPMLE init, with SURE: -0.012645461642442797
Finished training EB misspecified with NPMLE init, with in-sample MSE: 0.10207353370936613
Finished training EB misspecified, with SURE: -0.010447350763812651
Finished training EB misspecified, with in-sample MSE: 0.1041880677338757

 Training SURE of the models:
SURE-PM: -0.010447350763812651
NPMLE: 0.8353727799496117
SURE-PM, NPMLE init: -0.012645461642442797
experiment: d
Finished training EB misspecified with NPMLE init, with SURE: -0.012998525253680865
Finished training EB misspecified with NPMLE init, with in-sample MSE: 0.00596044634023605
Finished training EB misspecified, with SURE: -0.012991678096386839
Finished training EB misspecified, with in-sample MSE: 0.005953998546430112

 Training SURE of the models:
SURE-PM: -0.012991678096386839
NPMLE: 0.03805299074640825
SURE-PM, NPMLE init: -0.012998525253680865
experiment: e
Finished training EB misspecified with NPMLE init, with SURE: 0.14230498479965686
Finished training EB misspecified with NPMLE init, with in-sample MSE: 0.1789034236079442
Finished training EB misspecified, with SURE: 0.1423157754442339
Finished training EB misspecified, with in-sample MSE: 0.1788902454461385

 Training SURE of the models:
SURE-PM: 0.1423157754442339
NPMLE: 0.29638739282214355
SURE-PM, NPMLE init: 0.14230498479965686
m: 2410
n: 100
experiment: c
Finished training EB misspecified with NPMLE init, with SURE: 0.002577749979621089
Finished training EB misspecified with NPMLE init, with in-sample MSE: 0.05912673432446094
Finished training EB misspecified, with SURE: 0.0025865004394076863
Finished training EB misspecified, with in-sample MSE: 0.05913766187993856

 Training SURE of the models:
SURE-PM: 0.0025865004394076863
NPMLE: 0.6398656230214818
SURE-PM, NPMLE init: 0.002577749979621089
experiment: d
Finished training EB misspecified with NPMLE init, with SURE: -0.029106518541831505
Finished training EB misspecified with NPMLE init, with in-sample MSE: 0.011004897449885394
Finished training EB misspecified, with SURE: -0.02910609308802858
Finished training EB misspecified, with in-sample MSE: 0.011004934445360907

 Training SURE of the models:
SURE-PM: -0.02910609308802858
NPMLE: -0.022563797869880844
SURE-PM, NPMLE init: -0.029106518541831505
experiment: e
Finished training EB misspecified with NPMLE init, with SURE: 0.17047608858751365
Finished training EB misspecified with NPMLE init, with in-sample MSE: 0.18405773252040245
Finished training EB misspecified, with SURE: 0.1704750792392873
Finished training EB misspecified, with in-sample MSE: 0.1839569931000396

 Training SURE of the models:
SURE-PM: 0.1704750792392873
NPMLE: 0.29060934846544884
SURE-PM, NPMLE init: 0.17047608858751365
n: 400
experiment: c
Finished training EB misspecified with NPMLE init, with SURE: 0.05019454476427825
Finished training EB misspecified with NPMLE init, with in-sample MSE: 0.05832097458902608
Finished training EB misspecified, with SURE: 0.05019744367187989
Finished training EB misspecified, with in-sample MSE: 0.05832122174139871

 Training SURE of the models:
SURE-PM: 0.05019744367187989
NPMLE: 0.9535132411331009
SURE-PM, NPMLE init: 0.05019454476427825
experiment: d
Finished training EB misspecified with NPMLE init, with SURE: 0.011604365547540088
Finished training EB misspecified with NPMLE init, with in-sample MSE: 0.004601895722664487
Finished training EB misspecified, with SURE: 0.011604769665386474
Finished training EB misspecified, with in-sample MSE: 0.0046017399207843495

 Training SURE of the models:
SURE-PM: 0.011604769665386474
NPMLE: 0.013975404613083598
SURE-PM, NPMLE init: 0.011604365547540088
experiment: e
Finished training EB misspecified with NPMLE init, with SURE: 0.15977265581022096
Finished training EB misspecified with NPMLE init, with in-sample MSE: 0.1747066215822212
Finished training EB misspecified, with SURE: 0.15977941147023828
Finished training EB misspecified, with in-sample MSE: 0.1746952510536446

 Training SURE of the models:
SURE-PM: 0.15977941147023828
NPMLE: 0.3748562333020489
SURE-PM, NPMLE init: 0.15977265581022096
m: 2411
n: 100
experiment: c
Finished training EB misspecified with NPMLE init, with SURE: -0.045305214240948716
Finished training EB misspecified with NPMLE init, with in-sample MSE: 0.10111415990788299
Finished training EB misspecified, with SURE: -0.04530153719952317
Finished training EB misspecified, with in-sample MSE: 0.10109942462919182

 Training SURE of the models:
SURE-PM: -0.04530153719952317
NPMLE: 0.30396473331928314
SURE-PM, NPMLE init: -0.045305214240948716
experiment: d
Finished training EB misspecified with NPMLE init, with SURE: -0.024754906465738084
Finished training EB misspecified with NPMLE init, with in-sample MSE: 0.007430737343980501
Finished training EB misspecified, with SURE: -0.024754422111378283
Finished training EB misspecified, with in-sample MSE: 0.007430672276403616

 Training SURE of the models:
SURE-PM: -0.024754422111378283
NPMLE: 0.04261550754448194
SURE-PM, NPMLE init: -0.024754906465738084
experiment: e
Finished training EB misspecified with NPMLE init, with SURE: 0.10681491139303546
Finished training EB misspecified with NPMLE init, with in-sample MSE: 0.2132185267484403
Finished training EB misspecified, with SURE: 0.10682252272988806
Finished training EB misspecified, with in-sample MSE: 0.21314136755493623

 Training SURE of the models:
SURE-PM: 0.10682252272988806
NPMLE: 0.23884593612603922
SURE-PM, NPMLE init: 0.10681491139303546
n: 400
experiment: c
Finished training EB misspecified with NPMLE init, with SURE: 0.06405176594316372
Finished training EB misspecified with NPMLE init, with in-sample MSE: 0.056194070692371936
Finished training EB misspecified, with SURE: 0.06412830288802326
Finished training EB misspecified, with in-sample MSE: 0.05625316542940333

 Training SURE of the models:
SURE-PM: 0.06412830288802326
NPMLE: 0.675043649326052
SURE-PM, NPMLE init: 0.06405176594316372
experiment: d
Finished training EB misspecified with NPMLE init, with SURE: 0.011640036358585668
Finished training EB misspecified with NPMLE init, with in-sample MSE: 0.005811311022015427
Finished training EB misspecified, with SURE: 0.011641361760667835
Finished training EB misspecified, with in-sample MSE: 0.005814587337110125

 Training SURE of the models:
SURE-PM: 0.011641361760667835
NPMLE: 0.022383087680672258
SURE-PM, NPMLE init: 0.011640036358585668
experiment: e
Finished training EB misspecified with NPMLE init, with SURE: 0.1881421128211877
Finished training EB misspecified with NPMLE init, with in-sample MSE: 0.17976696823558772
Finished training EB misspecified, with SURE: 0.18815106019332334
Finished training EB misspecified, with in-sample MSE: 0.179798803377061

 Training SURE of the models:
SURE-PM: 0.18815106019332334
NPMLE: 0.2880627943816663
SURE-PM, NPMLE init: 0.1881421128211877
m: 2412
n: 100
experiment: c
Finished training EB misspecified with NPMLE init, with SURE: -0.08498035402817677
Finished training EB misspecified with NPMLE init, with in-sample MSE: 0.07725332479277496
Finished training EB misspecified, with SURE: -0.08142218738546766
Finished training EB misspecified, with in-sample MSE: 0.07548693662140507

 Training SURE of the models:
SURE-PM: -0.08142218738546766
NPMLE: 0.9120613171169093
SURE-PM, NPMLE init: -0.08498035402817677
experiment: d
Finished training EB misspecified with NPMLE init, with SURE: 0.04616942521942324
Finished training EB misspecified with NPMLE init, with in-sample MSE: 0.01249231902752474
Finished training EB misspecified, with SURE: 0.04616914940890137
Finished training EB misspecified, with in-sample MSE: 0.012492811116776144

 Training SURE of the models:
SURE-PM: 0.04616914940890137
NPMLE: 0.11638834164593095
SURE-PM, NPMLE init: 0.04616942521942324
experiment: e
Finished training EB misspecified with NPMLE init, with SURE: 0.125300126881111
Finished training EB misspecified with NPMLE init, with in-sample MSE: 0.19777338521312296
Finished training EB misspecified, with SURE: 0.12531017517149087
Finished training EB misspecified, with in-sample MSE: 0.19777426243129412

 Training SURE of the models:
SURE-PM: 0.12531017517149087
NPMLE: 0.2924416748899496
SURE-PM, NPMLE init: 0.125300126881111
n: 400
experiment: c
Finished training EB misspecified with NPMLE init, with SURE: -0.034471636203199055
Finished training EB misspecified with NPMLE init, with in-sample MSE: 0.05898811035518372
Finished training EB misspecified, with SURE: -0.034403933679447295
Finished training EB misspecified, with in-sample MSE: 0.059570103861203164

 Training SURE of the models:
SURE-PM: -0.034403933679447295
NPMLE: 0.4896775753022515
SURE-PM, NPMLE init: -0.034471636203199055
experiment: d
Finished training EB misspecified with NPMLE init, with SURE: -0.002471142749818167
Finished training EB misspecified with NPMLE init, with in-sample MSE: 0.006460753546840706
Finished training EB misspecified, with SURE: -0.002470868096109964
Finished training EB misspecified, with in-sample MSE: 0.00646070654729308

 Training SURE of the models:
SURE-PM: -0.002470868096109964
NPMLE: 0.007279257761805944
SURE-PM, NPMLE init: -0.002471142749818167
experiment: e
Finished training EB misspecified with NPMLE init, with SURE: 0.09498229309305664
Finished training EB misspecified with NPMLE init, with in-sample MSE: 0.1707226458270667
Finished training EB misspecified, with SURE: 0.09498790738716004
Finished training EB misspecified, with in-sample MSE: 0.17072386913640064

 Training SURE of the models:
SURE-PM: 0.09498790738716004
NPMLE: 0.3642685135113548
SURE-PM, NPMLE init: 0.09498229309305664
m: 2413
n: 100
experiment: c
Finished training EB misspecified with NPMLE init, with SURE: 0.02335110918061943
Finished training EB misspecified with NPMLE init, with in-sample MSE: 0.05387370626973311
Finished training EB misspecified, with SURE: 0.0233562777858441
Finished training EB misspecified, with in-sample MSE: 0.05387215141697402

 Training SURE of the models:
SURE-PM: 0.0233562777858441
NPMLE: 0.598515028764527
SURE-PM, NPMLE init: 0.02335110918061943
experiment: d
Finished training EB misspecified with NPMLE init, with SURE: -0.00636740570892215
Finished training EB misspecified with NPMLE init, with in-sample MSE: 0.005799341971945692
Finished training EB misspecified, with SURE: -0.006367097989867112
Finished training EB misspecified, with in-sample MSE: 0.005799268029815951

 Training SURE of the models:
SURE-PM: -0.006367097989867112
NPMLE: 0.03883212005700194
SURE-PM, NPMLE init: -0.00636740570892215
experiment: e
Finished training EB misspecified with NPMLE init, with SURE: 0.14520864940825245
Finished training EB misspecified with NPMLE init, with in-sample MSE: 0.18809616668843226
Finished training EB misspecified, with SURE: 0.14521772248971662
Finished training EB misspecified, with in-sample MSE: 0.18811041405711187

 Training SURE of the models:
SURE-PM: 0.14521772248971662
NPMLE: 0.3336762408853233
SURE-PM, NPMLE init: 0.14520864940825245
n: 400
experiment: c
Finished training EB misspecified with NPMLE init, with SURE: 0.016996576809456626
Finished training EB misspecified with NPMLE init, with in-sample MSE: 0.06520666404034929
Finished training EB misspecified, with SURE: 0.017069152537772254
Finished training EB misspecified, with in-sample MSE: 0.06519668719510853

 Training SURE of the models:
SURE-PM: 0.017069152537772254
NPMLE: 0.5570087262294401
SURE-PM, NPMLE init: 0.016996576809456626
experiment: d
Finished training EB misspecified with NPMLE init, with SURE: -0.005668305296649496
Finished training EB misspecified with NPMLE init, with in-sample MSE: 0.00456155710359705
Finished training EB misspecified, with SURE: -0.0056569626168083255
Finished training EB misspecified, with in-sample MSE: 0.00453655993609884

 Training SURE of the models:
SURE-PM: -0.0056569626168083255
NPMLE: 0.04153648004153542
SURE-PM, NPMLE init: -0.005668305296649496
experiment: e
Finished training EB misspecified with NPMLE init, with SURE: 0.1233141708236044
Finished training EB misspecified with NPMLE init, with in-sample MSE: 0.17469603316431173
Finished training EB misspecified, with SURE: 0.1233148915892921
Finished training EB misspecified, with in-sample MSE: 0.17469156370887517

 Training SURE of the models:
SURE-PM: 0.1233148915892921
NPMLE: 0.3821186128860099
SURE-PM, NPMLE init: 0.1233141708236044
m: 2414
n: 100
experiment: c
Finished training EB misspecified with NPMLE init, with SURE: -0.012710197061485502
Finished training EB misspecified with NPMLE init, with in-sample MSE: 0.11922178180040674
Finished training EB misspecified, with SURE: -0.01269175476387069
Finished training EB misspecified, with in-sample MSE: 0.11917134268431999

 Training SURE of the models:
SURE-PM: -0.01269175476387069
NPMLE: 0.49782909364754147
SURE-PM, NPMLE init: -0.012710197061485502
experiment: d
Finished training EB misspecified with NPMLE init, with SURE: -0.0007266768362394416
Finished training EB misspecified with NPMLE init, with in-sample MSE: 0.010641426595744529
Finished training EB misspecified, with SURE: -0.0007265604899067845
Finished training EB misspecified, with in-sample MSE: 0.010641131286421524

 Training SURE of the models:
SURE-PM: -0.0007265604899067845
NPMLE: 0.06065919869608041
SURE-PM, NPMLE init: -0.0007266768362394416
experiment: e
Finished training EB misspecified with NPMLE init, with SURE: 0.13202812749837725
Finished training EB misspecified with NPMLE init, with in-sample MSE: 0.2106792364037193
Finished training EB misspecified, with SURE: 0.132038413213184
Finished training EB misspecified, with in-sample MSE: 0.21067549671781638

 Training SURE of the models:
SURE-PM: 0.132038413213184
NPMLE: 0.33254579312514976
SURE-PM, NPMLE init: 0.13202812749837725
n: 400
experiment: c
Finished training EB misspecified with NPMLE init, with SURE: -0.002615750074685295
Finished training EB misspecified with NPMLE init, with in-sample MSE: 0.05190543369175218
Finished training EB misspecified, with SURE: -0.002607985865038032
Finished training EB misspecified, with in-sample MSE: 0.051909503362150514

 Training SURE of the models:
SURE-PM: -0.002607985865038032
NPMLE: 0.7533528698120092
SURE-PM, NPMLE init: -0.002615750074685295
experiment: d
Finished training EB misspecified with NPMLE init, with SURE: 0.0077198895874369105
Finished training EB misspecified with NPMLE init, with in-sample MSE: 0.020934923699202995
Finished training EB misspecified, with SURE: 0.007752969841168707
Finished training EB misspecified, with in-sample MSE: 0.018209662341420713

 Training SURE of the models:
SURE-PM: 0.007752969841168707
NPMLE: 0.029780866798383574
SURE-PM, NPMLE init: 0.0077198895874369105
experiment: e
Finished training EB misspecified with NPMLE init, with SURE: 0.16524319948002347
Finished training EB misspecified with NPMLE init, with in-sample MSE: 0.17981284006682238
Finished training EB misspecified, with SURE: 0.1652468436164958
Finished training EB misspecified, with in-sample MSE: 0.17981021155309665

 Training SURE of the models:
SURE-PM: 0.1652468436164958
NPMLE: 0.3423582179151451
SURE-PM, NPMLE init: 0.16524319948002347
m: 2415
n: 100
experiment: c
Finished training EB misspecified with NPMLE init, with SURE: 0.13995247546528986
Finished training EB misspecified with NPMLE init, with in-sample MSE: 0.08784075269880257
Finished training EB misspecified, with SURE: 0.1399588509407856
Finished training EB misspecified, with in-sample MSE: 0.08784226104061094

 Training SURE of the models:
SURE-PM: 0.1399588509407856
NPMLE: 0.5342717800264171
SURE-PM, NPMLE init: 0.13995247546528986
experiment: d
Finished training EB misspecified with NPMLE init, with SURE: 0.01677201086319162
Finished training EB misspecified with NPMLE init, with in-sample MSE: 0.010670725268692125
Finished training EB misspecified, with SURE: 0.016773360949806602
Finished training EB misspecified, with in-sample MSE: 0.010668921367370602

 Training SURE of the models:
SURE-PM: 0.016773360949806602
NPMLE: 0.0377201206109998
SURE-PM, NPMLE init: 0.01677201086319162
experiment: e
Finished training EB misspecified with NPMLE init, with SURE: 0.13599160702470017
Finished training EB misspecified with NPMLE init, with in-sample MSE: 0.13869302517443455
Finished training EB misspecified, with SURE: 0.13600256277952916
Finished training EB misspecified, with in-sample MSE: 0.1385127772081383

 Training SURE of the models:
SURE-PM: 0.13600256277952916
NPMLE: 0.31758454811255094
SURE-PM, NPMLE init: 0.13599160702470017
n: 400
experiment: c
Finished training EB misspecified with NPMLE init, with SURE: 0.0668320755362599
Finished training EB misspecified with NPMLE init, with in-sample MSE: 0.05695260708670061
Finished training EB misspecified, with SURE: 0.06700261301434089
Finished training EB misspecified, with in-sample MSE: 0.05688169713558373

 Training SURE of the models:
SURE-PM: 0.06700261301434089
NPMLE: 0.6941309710123114
SURE-PM, NPMLE init: 0.0668320755362599
experiment: d
Finished training EB misspecified with NPMLE init, with SURE: -0.003963685305336249
Finished training EB misspecified with NPMLE init, with in-sample MSE: 0.005516291314300872
Finished training EB misspecified, with SURE: -0.003963074577501473
Finished training EB misspecified, with in-sample MSE: 0.005523854090971051

 Training SURE of the models:
SURE-PM: -0.003963074577501473
NPMLE: 0.061855169535081876
SURE-PM, NPMLE init: -0.003963685305336249
experiment: e
Finished training EB misspecified with NPMLE init, with SURE: 0.17008926081908876
Finished training EB misspecified with NPMLE init, with in-sample MSE: 0.15699598943723786
Finished training EB misspecified, with SURE: 0.1700876495496685
Finished training EB misspecified, with in-sample MSE: 0.15700903737294508

 Training SURE of the models:
SURE-PM: 0.1700876495496685
NPMLE: 0.2907567599717024
SURE-PM, NPMLE init: 0.17008926081908876
m: 2416
n: 100
experiment: c
Finished training EB misspecified with NPMLE init, with SURE: -0.01193273813254237
Finished training EB misspecified with NPMLE init, with in-sample MSE: 0.2018278307816677
Finished training EB misspecified, with SURE: -0.012667303017654988
Finished training EB misspecified, with in-sample MSE: 0.19340977159265493

 Training SURE of the models:
SURE-PM: -0.012667303017654988
NPMLE: 0.9968946595785971
SURE-PM, NPMLE init: -0.01193273813254237
experiment: d
Finished training EB misspecified with NPMLE init, with SURE: -0.012041401342115385
Finished training EB misspecified with NPMLE init, with in-sample MSE: 0.008825851350521913
Finished training EB misspecified, with SURE: -0.012039273431181066
Finished training EB misspecified, with in-sample MSE: 0.008806757800667168

 Training SURE of the models:
SURE-PM: -0.012039273431181066
NPMLE: -0.010742967761813578
SURE-PM, NPMLE init: -0.012041401342115385
experiment: e
Finished training EB misspecified with NPMLE init, with SURE: 0.11805772715799417
Finished training EB misspecified with NPMLE init, with in-sample MSE: 0.18226563030663162
Finished training EB misspecified, with SURE: 0.11806363689332482
Finished training EB misspecified, with in-sample MSE: 0.1823021080685649

 Training SURE of the models:
SURE-PM: 0.11806363689332482
NPMLE: 0.34418597947987123
SURE-PM, NPMLE init: 0.11805772715799417
n: 400
experiment: c
Finished training EB misspecified with NPMLE init, with SURE: 0.08406630626082048
Finished training EB misspecified with NPMLE init, with in-sample MSE: 0.08817821598450225
Finished training EB misspecified, with SURE: 0.09387124740716629
Finished training EB misspecified, with in-sample MSE: 0.06382257371841442

 Training SURE of the models:
SURE-PM: 0.09387124740716629
NPMLE: 1.1647690413471141
SURE-PM, NPMLE init: 0.08406630626082048
experiment: d
Finished training EB misspecified with NPMLE init, with SURE: 0.012036438969028432
Finished training EB misspecified with NPMLE init, with in-sample MSE: 0.005382836732649341
Finished training EB misspecified, with SURE: 0.01203623660169395
Finished training EB misspecified, with in-sample MSE: 0.005383021259166015

 Training SURE of the models:
SURE-PM: 0.01203623660169395
NPMLE: 0.07622278349556724
SURE-PM, NPMLE init: 0.012036438969028432
experiment: e
Finished training EB misspecified with NPMLE init, with SURE: 0.16639547467990123
Finished training EB misspecified with NPMLE init, with in-sample MSE: 0.17988864280996314
Finished training EB misspecified, with SURE: 0.16634917361389126
Finished training EB misspecified, with in-sample MSE: 0.17962753577391022

 Training SURE of the models:
SURE-PM: 0.16634917361389126
NPMLE: 0.29077850932406696
SURE-PM, NPMLE init: 0.16639547467990123
m: 2417
n: 100
experiment: c
Finished training EB misspecified with NPMLE init, with SURE: -0.20306439334352383
Finished training EB misspecified with NPMLE init, with in-sample MSE: 0.06416055453951638
Finished training EB misspecified, with SURE: -0.20308020720397843
Finished training EB misspecified, with in-sample MSE: 0.0642948744538696

 Training SURE of the models:
SURE-PM: -0.20308020720397843
NPMLE: 0.07786865837156967
SURE-PM, NPMLE init: -0.20306439334352383
experiment: d
Finished training EB misspecified with NPMLE init, with SURE: 0.026035635801893945
Finished training EB misspecified with NPMLE init, with in-sample MSE: 0.005178220837309792
Finished training EB misspecified, with SURE: 0.02603613233796578
Finished training EB misspecified, with in-sample MSE: 0.005177426602803628

 Training SURE of the models:
SURE-PM: 0.02603613233796578
NPMLE: 0.09924797130820666
SURE-PM, NPMLE init: 0.026035635801893945
experiment: e
Finished training EB misspecified with NPMLE init, with SURE: 0.12247440578168611
Finished training EB misspecified with NPMLE init, with in-sample MSE: 0.20590955546831283
Finished training EB misspecified, with SURE: 0.12248016630465902
Finished training EB misspecified, with in-sample MSE: 0.20590748211222773

 Training SURE of the models:
SURE-PM: 0.12248016630465902
NPMLE: 0.3182253599665158
SURE-PM, NPMLE init: 0.12247440578168611
n: 400
experiment: c
Finished training EB misspecified with NPMLE init, with SURE: 0.053902294158239744
Finished training EB misspecified with NPMLE init, with in-sample MSE: 0.06761410714803716
Finished training EB misspecified, with SURE: 0.05391552686253277
Finished training EB misspecified, with in-sample MSE: 0.06753442720396975

 Training SURE of the models:
SURE-PM: 0.05391552686253277
NPMLE: 0.25539119088328777
SURE-PM, NPMLE init: 0.053902294158239744
experiment: d
Finished training EB misspecified with NPMLE init, with SURE: -0.01345810525735665
Finished training EB misspecified with NPMLE init, with in-sample MSE: 0.008251893403885597
Finished training EB misspecified, with SURE: -0.013457961515991634
Finished training EB misspecified, with in-sample MSE: 0.008251861116557567

 Training SURE of the models:
SURE-PM: -0.013457961515991634
NPMLE: 0.09886972530985545
SURE-PM, NPMLE init: -0.01345810525735665
experiment: e
Finished training EB misspecified with NPMLE init, with SURE: 0.16359237126112647
Finished training EB misspecified with NPMLE init, with in-sample MSE: 0.15977344533311238
Finished training EB misspecified, with SURE: 0.1636058691393317
Finished training EB misspecified, with in-sample MSE: 0.1597603938593266

 Training SURE of the models:
SURE-PM: 0.1636058691393317
NPMLE: 0.31732237970626154
SURE-PM, NPMLE init: 0.16359237126112647
m: 2418
n: 100
experiment: c
Finished training EB misspecified with NPMLE init, with SURE: -0.10045277107678559
Finished training EB misspecified with NPMLE init, with in-sample MSE: 0.06252641569065527
Finished training EB misspecified, with SURE: -0.1004630523764741
Finished training EB misspecified, with in-sample MSE: 0.06256023197803323

 Training SURE of the models:
SURE-PM: -0.1004630523764741
NPMLE: 0.8533663760887081
SURE-PM, NPMLE init: -0.10045277107678559
experiment: d
Finished training EB misspecified with NPMLE init, with SURE: 0.0032930767699484954
Finished training EB misspecified with NPMLE init, with in-sample MSE: 0.009921362242757848
Finished training EB misspecified, with SURE: 0.003294763613379459
Finished training EB misspecified, with in-sample MSE: 0.009913100354567701

 Training SURE of the models:
SURE-PM: 0.003294763613379459
NPMLE: 0.017810028849538834
SURE-PM, NPMLE init: 0.0032930767699484954
experiment: e
Finished training EB misspecified with NPMLE init, with SURE: 0.13041920219973568
Finished training EB misspecified with NPMLE init, with in-sample MSE: 0.13198812370576113
Finished training EB misspecified, with SURE: 0.13042724730624997
Finished training EB misspecified, with in-sample MSE: 0.13198063839605012

 Training SURE of the models:
SURE-PM: 0.13042724730624997
NPMLE: 0.4126843997338183
SURE-PM, NPMLE init: 0.13041920219973568
n: 400
experiment: c
Finished training EB misspecified with NPMLE init, with SURE: 0.04964007125224519
Finished training EB misspecified with NPMLE init, with in-sample MSE: 0.051997601013505444
Finished training EB misspecified, with SURE: 0.04962357988387389
Finished training EB misspecified, with in-sample MSE: 0.05204358716307784

 Training SURE of the models:
SURE-PM: 0.04962357988387389
NPMLE: 0.703439031905236
SURE-PM, NPMLE init: 0.04964007125224519
experiment: d
Finished training EB misspecified with NPMLE init, with SURE: -0.0035938193062046864
Finished training EB misspecified with NPMLE init, with in-sample MSE: 0.005738001425132184
Finished training EB misspecified, with SURE: -0.0035909138090041994
Finished training EB misspecified, with in-sample MSE: 0.005733783645705911

 Training SURE of the models:
SURE-PM: -0.0035909138090041994
NPMLE: 0.07474325551441673
SURE-PM, NPMLE init: -0.0035938193062046864
experiment: e
Finished training EB misspecified with NPMLE init, with SURE: 0.10235485088358182
Finished training EB misspecified with NPMLE init, with in-sample MSE: 0.19745169596354603
Finished training EB misspecified, with SURE: 0.10237012645102439
Finished training EB misspecified, with in-sample MSE: 0.19744351615859546

 Training SURE of the models:
SURE-PM: 0.10237012645102439
NPMLE: 0.3306132226748247
SURE-PM, NPMLE init: 0.10235485088358182
m: 2419
n: 100
experiment: c
Finished training EB misspecified with NPMLE init, with SURE: 0.04545514651987048
Finished training EB misspecified with NPMLE init, with in-sample MSE: 0.1075795789678872
Finished training EB misspecified, with SURE: 0.04546783395585962
Finished training EB misspecified, with in-sample MSE: 0.10757516136494932

 Training SURE of the models:
SURE-PM: 0.04546783395585962
NPMLE: 0.5995978022745994
SURE-PM, NPMLE init: 0.04545514651987048
experiment: d
Finished training EB misspecified with NPMLE init, with SURE: 0.01636275906796101
Finished training EB misspecified with NPMLE init, with in-sample MSE: 0.02119054797467382
Finished training EB misspecified, with SURE: 0.0163634885362762
Finished training EB misspecified, with in-sample MSE: 0.02118440795417207

 Training SURE of the models:
SURE-PM: 0.0163634885362762
NPMLE: 0.03714816891950491
SURE-PM, NPMLE init: 0.01636275906796101
experiment: e
Finished training EB misspecified with NPMLE init, with SURE: 0.11574727704224351
Finished training EB misspecified with NPMLE init, with in-sample MSE: 0.21458499887839053
Finished training EB misspecified, with SURE: 0.11575810665923719
Finished training EB misspecified, with in-sample MSE: 0.21459585035190926

 Training SURE of the models:
SURE-PM: 0.11575810665923719
NPMLE: 0.2913980800241435
SURE-PM, NPMLE init: 0.11574727704224351
n: 400
experiment: c
Finished training EB misspecified with NPMLE init, with SURE: 0.0536097516245988
Finished training EB misspecified with NPMLE init, with in-sample MSE: 0.06810973293715034
Finished training EB misspecified, with SURE: 0.05368564477515229
Finished training EB misspecified, with in-sample MSE: 0.06809495465201464

 Training SURE of the models:
SURE-PM: 0.05368564477515229
NPMLE: 0.6732238925792037
SURE-PM, NPMLE init: 0.0536097516245988
experiment: d
Finished training EB misspecified with NPMLE init, with SURE: 0.007145850473470397
Finished training EB misspecified with NPMLE init, with in-sample MSE: 0.008614226144233681
Finished training EB misspecified, with SURE: 0.00714634909451398
Finished training EB misspecified, with in-sample MSE: 0.008613252187625953

 Training SURE of the models:
SURE-PM: 0.00714634909451398
NPMLE: 0.1670310646284216
SURE-PM, NPMLE init: 0.007145850473470397
experiment: e
Finished training EB misspecified with NPMLE init, with SURE: 0.12487358445890528
Finished training EB misspecified with NPMLE init, with in-sample MSE: 0.22368876220505723
Finished training EB misspecified, with SURE: 0.12533833929213864
Finished training EB misspecified, with in-sample MSE: 0.2242774828936091

 Training SURE of the models:
SURE-PM: 0.12533833929213864
NPMLE: 0.3553805035261224
SURE-PM, NPMLE init: 0.12487358445890528
m: 2420
n: 100
experiment: c
Finished training EB misspecified with NPMLE init, with SURE: -0.039249725131818285
Finished training EB misspecified with NPMLE init, with in-sample MSE: 0.1909961055756929
Finished training EB misspecified, with SURE: -0.03921758268499893
Finished training EB misspecified, with in-sample MSE: 0.19230221371620812

 Training SURE of the models:
SURE-PM: -0.03921758268499893
NPMLE: 1.0466962785540206
SURE-PM, NPMLE init: -0.039249725131818285
experiment: d
Finished training EB misspecified with NPMLE init, with SURE: 0.021852339535994983
Finished training EB misspecified with NPMLE init, with in-sample MSE: 0.004545416142258855
Finished training EB misspecified, with SURE: 0.021852776673022697
Finished training EB misspecified, with in-sample MSE: 0.0045450208535511355

 Training SURE of the models:
SURE-PM: 0.021852776673022697
NPMLE: 0.12996309199566658
SURE-PM, NPMLE init: 0.021852339535994983
experiment: e
Finished training EB misspecified with NPMLE init, with SURE: 0.1136507221186919
Finished training EB misspecified with NPMLE init, with in-sample MSE: 0.18160826686201648
Finished training EB misspecified, with SURE: 0.11365844191899584
Finished training EB misspecified, with in-sample MSE: 0.18170618770600314

 Training SURE of the models:
SURE-PM: 0.11365844191899584
NPMLE: 0.3448355017484825
SURE-PM, NPMLE init: 0.1136507221186919
n: 400
experiment: c
Finished training EB misspecified with NPMLE init, with SURE: 0.04553860751508445
Finished training EB misspecified with NPMLE init, with in-sample MSE: 0.05320588093866095
Finished training EB misspecified, with SURE: 0.04554259853445558
Finished training EB misspecified, with in-sample MSE: 0.053205119424495295

 Training SURE of the models:
SURE-PM: 0.04554259853445558
NPMLE: 0.6991665827962652
SURE-PM, NPMLE init: 0.04553860751508445
experiment: d
Finished training EB misspecified with NPMLE init, with SURE: 0.004173185116687517
Finished training EB misspecified with NPMLE init, with in-sample MSE: 0.006819954484022796
Finished training EB misspecified, with SURE: 0.00417465988801414
Finished training EB misspecified, with in-sample MSE: 0.006813186687071898

 Training SURE of the models:
SURE-PM: 0.00417465988801414
NPMLE: 0.02723511928785161
SURE-PM, NPMLE init: 0.004173185116687517
experiment: e
Finished training EB misspecified with NPMLE init, with SURE: 0.16370287033485936
Finished training EB misspecified with NPMLE init, with in-sample MSE: 0.17490369934105213
Finished training EB misspecified, with SURE: 0.16371366215073552
Finished training EB misspecified, with in-sample MSE: 0.17490486487816184

 Training SURE of the models:
SURE-PM: 0.16371366215073552
NPMLE: 0.36728733301528793
SURE-PM, NPMLE init: 0.16370287033485936
m: 2421
n: 100
experiment: c
Finished training EB misspecified with NPMLE init, with SURE: -0.03780397290973475
Finished training EB misspecified with NPMLE init, with in-sample MSE: 0.06666436993303464
Finished training EB misspecified, with SURE: -0.03779551450279335
Finished training EB misspecified, with in-sample MSE: 0.06668082504632236

 Training SURE of the models:
SURE-PM: -0.03779551450279335
NPMLE: 0.37268960528363193
SURE-PM, NPMLE init: -0.03780397290973475
experiment: d
Finished training EB misspecified with NPMLE init, with SURE: -0.02468775216200468
Finished training EB misspecified with NPMLE init, with in-sample MSE: 0.005000962363770247
Finished training EB misspecified, with SURE: -0.024687400457545187
Finished training EB misspecified, with in-sample MSE: 0.005000948301286742

 Training SURE of the models:
SURE-PM: -0.024687400457545187
NPMLE: 0.003743972932781876
SURE-PM, NPMLE init: -0.02468775216200468
experiment: e
Finished training EB misspecified with NPMLE init, with SURE: 0.13096522721222983
Finished training EB misspecified with NPMLE init, with in-sample MSE: 0.19812616321623214
Finished training EB misspecified, with SURE: 0.13095658504972535
Finished training EB misspecified, with in-sample MSE: 0.19810924160494828

 Training SURE of the models:
SURE-PM: 0.13095658504972535
NPMLE: 0.32346803787411926
SURE-PM, NPMLE init: 0.13096522721222983
n: 400
experiment: c
Finished training EB misspecified with NPMLE init, with SURE: 0.08152210922665525
Finished training EB misspecified with NPMLE init, with in-sample MSE: 0.059448074475033696
Finished training EB misspecified, with SURE: 0.08152705092125202
Finished training EB misspecified, with in-sample MSE: 0.05944465199126417

 Training SURE of the models:
SURE-PM: 0.08152705092125202
NPMLE: 0.45616866381652055
SURE-PM, NPMLE init: 0.08152210922665525
experiment: d
Finished training EB misspecified with NPMLE init, with SURE: 0.012042524419310894
Finished training EB misspecified with NPMLE init, with in-sample MSE: 0.0064069640984118405
Finished training EB misspecified, with SURE: 0.012042666882747534
Finished training EB misspecified, with in-sample MSE: 0.006405409538703963

 Training SURE of the models:
SURE-PM: 0.012042666882747534
NPMLE: 0.03354710837153645
SURE-PM, NPMLE init: 0.012042524419310894
experiment: e
Finished training EB misspecified with NPMLE init, with SURE: 0.16508666910093225
Finished training EB misspecified with NPMLE init, with in-sample MSE: 0.18897052873696005
Finished training EB misspecified, with SURE: 0.16509322061966308
Finished training EB misspecified, with in-sample MSE: 0.18896121063420573

 Training SURE of the models:
SURE-PM: 0.16509322061966308
NPMLE: 0.29918772120333353
SURE-PM, NPMLE init: 0.16508666910093225
m: 2422
n: 100
experiment: c
Finished training EB misspecified with NPMLE init, with SURE: 0.036078635637529576
Finished training EB misspecified with NPMLE init, with in-sample MSE: 0.06955212867446843
Finished training EB misspecified, with SURE: 0.036089122449856036
Finished training EB misspecified, with in-sample MSE: 0.06956306431980243

 Training SURE of the models:
SURE-PM: 0.036089122449856036
NPMLE: 0.7635216936693263
SURE-PM, NPMLE init: 0.036078635637529576
experiment: d
Finished training EB misspecified with NPMLE init, with SURE: 0.017207513844346742
Finished training EB misspecified with NPMLE init, with in-sample MSE: 0.013457675105805119
Finished training EB misspecified, with SURE: 0.017207912561031175
Finished training EB misspecified, with in-sample MSE: 0.013458582070716723

 Training SURE of the models:
SURE-PM: 0.017207912561031175
NPMLE: 0.03957014972075701
SURE-PM, NPMLE init: 0.017207513844346742
experiment: e
Finished training EB misspecified with NPMLE init, with SURE: 0.152914872490445
Finished training EB misspecified with NPMLE init, with in-sample MSE: 0.2587080816785044
Finished training EB misspecified, with SURE: 0.15291936582839277
Finished training EB misspecified, with in-sample MSE: 0.2586932110687673

 Training SURE of the models:
SURE-PM: 0.15291936582839277
NPMLE: 0.23275666131941045
SURE-PM, NPMLE init: 0.152914872490445
n: 400
experiment: c
Finished training EB misspecified with NPMLE init, with SURE: -0.020977683751219445
Finished training EB misspecified with NPMLE init, with in-sample MSE: 0.061911171669110726
Finished training EB misspecified, with SURE: -0.019947764545962345
Finished training EB misspecified, with in-sample MSE: 0.06468006576930277

 Training SURE of the models:
SURE-PM: -0.019947764545962345
NPMLE: 0.6875084550573584
SURE-PM, NPMLE init: -0.020977683751219445
experiment: d
Finished training EB misspecified with NPMLE init, with SURE: -0.0005921768192813204
Finished training EB misspecified with NPMLE init, with in-sample MSE: 0.00547384123040203
Finished training EB misspecified, with SURE: -0.0005905311376967149
Finished training EB misspecified, with in-sample MSE: 0.005475419673888466

 Training SURE of the models:
SURE-PM: -0.0005905311376967149
NPMLE: 0.06730809373678756
SURE-PM, NPMLE init: -0.0005921768192813204
experiment: e
Finished training EB misspecified with NPMLE init, with SURE: 0.156740989972734
Finished training EB misspecified with NPMLE init, with in-sample MSE: 0.18272465242176206
Finished training EB misspecified, with SURE: 0.1567473518492422
Finished training EB misspecified, with in-sample MSE: 0.18271712458716344

 Training SURE of the models:
SURE-PM: 0.1567473518492422
NPMLE: 0.45543547567081205
SURE-PM, NPMLE init: 0.156740989972734
m: 2423
n: 100
experiment: c
Finished training EB misspecified with NPMLE init, with SURE: 0.000883041451123816
Finished training EB misspecified with NPMLE init, with in-sample MSE: 0.06813412613160306
Finished training EB misspecified, with SURE: 0.0009126342117436792
Finished training EB misspecified, with in-sample MSE: 0.06813329250241128

 Training SURE of the models:
SURE-PM: 0.0009126342117436792
NPMLE: 1.2836703038447865
SURE-PM, NPMLE init: 0.000883041451123816
experiment: d
Finished training EB misspecified with NPMLE init, with SURE: -0.028109496485753206
Finished training EB misspecified with NPMLE init, with in-sample MSE: 0.0168548336019267
Finished training EB misspecified, with SURE: -0.017324824139300504
Finished training EB misspecified, with in-sample MSE: 0.0039044452595674312

 Training SURE of the models:
SURE-PM: -0.017324824139300504
NPMLE: 0.04304983323002949
SURE-PM, NPMLE init: -0.028109496485753206
experiment: e
Finished training EB misspecified with NPMLE init, with SURE: 0.14500000602521382
Finished training EB misspecified with NPMLE init, with in-sample MSE: 0.1588690471342674
Finished training EB misspecified, with SURE: 0.14494375899521017
Finished training EB misspecified, with in-sample MSE: 0.15718763321973447

 Training SURE of the models:
SURE-PM: 0.14494375899521017
NPMLE: 0.2999901360420079
SURE-PM, NPMLE init: 0.14500000602521382
n: 400
experiment: c
Finished training EB misspecified with NPMLE init, with SURE: 0.01899075916434278
Finished training EB misspecified with NPMLE init, with in-sample MSE: 0.06105707218005884
Finished training EB misspecified, with SURE: 0.01918086008121108
Finished training EB misspecified, with in-sample MSE: 0.06241755391987594

 Training SURE of the models:
SURE-PM: 0.01918086008121108
NPMLE: 0.677948361560905
SURE-PM, NPMLE init: 0.01899075916434278
experiment: d
Finished training EB misspecified with NPMLE init, with SURE: 0.019410424391647307
Finished training EB misspecified with NPMLE init, with in-sample MSE: 0.011429232186473532
Finished training EB misspecified, with SURE: 0.01941511572266968
Finished training EB misspecified, with in-sample MSE: 0.011426848784614235

 Training SURE of the models:
SURE-PM: 0.01941511572266968
NPMLE: 0.05917452146554233
SURE-PM, NPMLE init: 0.019410424391647307
experiment: e
Finished training EB misspecified with NPMLE init, with SURE: 0.1700218838483867
Finished training EB misspecified with NPMLE init, with in-sample MSE: 0.20962651296833162
Finished training EB misspecified, with SURE: 0.1700313260905997
Finished training EB misspecified, with in-sample MSE: 0.20963231945401672

 Training SURE of the models:
SURE-PM: 0.1700313260905997
NPMLE: 0.3938012791376098
SURE-PM, NPMLE init: 0.1700218838483867
m: 2424
n: 100
experiment: c
Finished training EB misspecified with NPMLE init, with SURE: 0.12006777288455951
Finished training EB misspecified with NPMLE init, with in-sample MSE: 0.06862627525316863
Finished training EB misspecified, with SURE: 0.11949007031811619
Finished training EB misspecified, with in-sample MSE: 0.06803766466504321

 Training SURE of the models:
SURE-PM: 0.11949007031811619
NPMLE: 0.9227041881424044
SURE-PM, NPMLE init: 0.12006777288455951
experiment: d
Finished training EB misspecified with NPMLE init, with SURE: 0.002972276939038121
Finished training EB misspecified with NPMLE init, with in-sample MSE: 0.003821098737136995
Finished training EB misspecified, with SURE: 0.0029742928786249934
Finished training EB misspecified, with in-sample MSE: 0.0038193162276393953

 Training SURE of the models:
SURE-PM: 0.0029742928786249934
NPMLE: 0.008768383963099228
SURE-PM, NPMLE init: 0.002972276939038121
experiment: e
Finished training EB misspecified with NPMLE init, with SURE: 0.14889516815079062
Finished training EB misspecified with NPMLE init, with in-sample MSE: 0.22251769737006538
Finished training EB misspecified, with SURE: 0.14890303888643097
Finished training EB misspecified, with in-sample MSE: 0.22251709181685378

 Training SURE of the models:
SURE-PM: 0.14890303888643097
NPMLE: 0.2893522971937956
SURE-PM, NPMLE init: 0.14889516815079062
n: 400
experiment: c
Finished training EB misspecified with NPMLE init, with SURE: 0.008681955348691163
Finished training EB misspecified with NPMLE init, with in-sample MSE: 0.06358316906987196
Finished training EB misspecified, with SURE: 0.00869128825368378
Finished training EB misspecified, with in-sample MSE: 0.06359630014401131

 Training SURE of the models:
SURE-PM: 0.00869128825368378
NPMLE: 0.38580379865340503
SURE-PM, NPMLE init: 0.008681955348691163
experiment: d
Finished training EB misspecified with NPMLE init, with SURE: -0.008278623760616917
Finished training EB misspecified with NPMLE init, with in-sample MSE: 0.006736280262554353
Finished training EB misspecified, with SURE: -0.008278282584649084
Finished training EB misspecified, with in-sample MSE: 0.006736172029187719

 Training SURE of the models:
SURE-PM: -0.008278282584649084
NPMLE: 0.07887500497812554
SURE-PM, NPMLE init: -0.008278623760616917
experiment: e
Finished training EB misspecified with NPMLE init, with SURE: 0.13343337743594952
Finished training EB misspecified with NPMLE init, with in-sample MSE: 0.15632205805885863
Finished training EB misspecified, with SURE: 0.1334422000565926
Finished training EB misspecified, with in-sample MSE: 0.15628907378703485

 Training SURE of the models:
SURE-PM: 0.1334422000565926
NPMLE: 0.2958586562424339
SURE-PM, NPMLE init: 0.13343337743594952
m: 2425
n: 100
experiment: c
Finished training EB misspecified with NPMLE init, with SURE: 0.01896397672424463
Finished training EB misspecified with NPMLE init, with in-sample MSE: 0.19220210165827167
Finished training EB misspecified, with SURE: 0.01897895569529631
Finished training EB misspecified, with in-sample MSE: 0.1922658547505419

 Training SURE of the models:
SURE-PM: 0.01897895569529631
NPMLE: 1.0986404505859249
SURE-PM, NPMLE init: 0.01896397672424463
experiment: d
Finished training EB misspecified with NPMLE init, with SURE: 0.014532027276367217
Finished training EB misspecified with NPMLE init, with in-sample MSE: 0.00863350535266107
Finished training EB misspecified, with SURE: 0.014358853654189332
Finished training EB misspecified, with in-sample MSE: 0.008697433937618881

 Training SURE of the models:
SURE-PM: 0.014358853654189332
NPMLE: 0.0694248527345362
SURE-PM, NPMLE init: 0.014532027276367217
experiment: e
Finished training EB misspecified with NPMLE init, with SURE: 0.16424840511336014
Finished training EB misspecified with NPMLE init, with in-sample MSE: 0.22845219948752454
Finished training EB misspecified, with SURE: 0.14970591311974177
Finished training EB misspecified, with in-sample MSE: 0.2185184025013697

 Training SURE of the models:
SURE-PM: 0.14970591311974177
NPMLE: 0.23422769637917157
SURE-PM, NPMLE init: 0.16424840511336014
n: 400
experiment: c
Finished training EB misspecified with NPMLE init, with SURE: 0.04034265839988493
Finished training EB misspecified with NPMLE init, with in-sample MSE: 0.054424924001287546
Finished training EB misspecified, with SURE: 0.04039544025917671
Finished training EB misspecified, with in-sample MSE: 0.05462359705539946

 Training SURE of the models:
SURE-PM: 0.04039544025917671
NPMLE: 0.6418071251174122
SURE-PM, NPMLE init: 0.04034265839988493
experiment: d
Finished training EB misspecified with NPMLE init, with SURE: 0.003526716954083078
Finished training EB misspecified with NPMLE init, with in-sample MSE: 0.005450011334707956
Finished training EB misspecified, with SURE: 0.0035267197262245633
Finished training EB misspecified, with in-sample MSE: 0.005450007787744391

 Training SURE of the models:
SURE-PM: 0.0035267197262245633
NPMLE: 0.07315738927746893
SURE-PM, NPMLE init: 0.003526716954083078
experiment: e
Finished training EB misspecified with NPMLE init, with SURE: 0.1628547510240025
Finished training EB misspecified with NPMLE init, with in-sample MSE: 0.2024133492337721
Finished training EB misspecified, with SURE: 0.16286599502168117
Finished training EB misspecified, with in-sample MSE: 0.2024428485378172

 Training SURE of the models:
SURE-PM: 0.16286599502168117
NPMLE: 0.3024373527359254
SURE-PM, NPMLE init: 0.1628547510240025
m: 2426
n: 100
experiment: c
Finished training EB misspecified with NPMLE init, with SURE: -0.04171522772244941
Finished training EB misspecified with NPMLE init, with in-sample MSE: 0.06348451780524184
Finished training EB misspecified, with SURE: -0.04171734279684785
Finished training EB misspecified, with in-sample MSE: 0.0635158561086887

 Training SURE of the models:
SURE-PM: -0.04171734279684785
NPMLE: 0.19701811829121482
SURE-PM, NPMLE init: -0.04171522772244941
experiment: d
Finished training EB misspecified with NPMLE init, with SURE: 0.016029634460935985
Finished training EB misspecified with NPMLE init, with in-sample MSE: 0.013112958847710106
Finished training EB misspecified, with SURE: 0.016030323270074903
Finished training EB misspecified, with in-sample MSE: 0.013109644668904036

 Training SURE of the models:
SURE-PM: 0.016030323270074903
NPMLE: 0.10158103205666368
SURE-PM, NPMLE init: 0.016029634460935985
experiment: e
Finished training EB misspecified with NPMLE init, with SURE: 0.1023650626094257
Finished training EB misspecified with NPMLE init, with in-sample MSE: 0.2519296300749881
Finished training EB misspecified, with SURE: 0.10235375031895437
Finished training EB misspecified, with in-sample MSE: 0.2519421991725849

 Training SURE of the models:
SURE-PM: 0.10235375031895437
NPMLE: 0.3172866139833674
SURE-PM, NPMLE init: 0.1023650626094257
n: 400
experiment: c
Finished training EB misspecified with NPMLE init, with SURE: 0.05243451856969365
Finished training EB misspecified with NPMLE init, with in-sample MSE: 0.048461712332308476
Finished training EB misspecified, with SURE: 0.05244379175797583
Finished training EB misspecified, with in-sample MSE: 0.04846419938880924

 Training SURE of the models:
SURE-PM: 0.05244379175797583
NPMLE: 0.9586321968104363
SURE-PM, NPMLE init: 0.05243451856969365
experiment: d
Finished training EB misspecified with NPMLE init, with SURE: -0.0008129747018429434
Finished training EB misspecified with NPMLE init, with in-sample MSE: 0.006354497053172679
Finished training EB misspecified, with SURE: -0.0008128864986018059
Finished training EB misspecified, with in-sample MSE: 0.006356649360622979

 Training SURE of the models:
SURE-PM: -0.0008128864986018059
NPMLE: 0.017419105260268176
SURE-PM, NPMLE init: -0.0008129747018429434
experiment: e
Finished training EB misspecified with NPMLE init, with SURE: 0.1604867855913613
Finished training EB misspecified with NPMLE init, with in-sample MSE: 0.16582901452664045
Finished training EB misspecified, with SURE: 0.16049131513757828
Finished training EB misspecified, with in-sample MSE: 0.1657942185564069

 Training SURE of the models:
SURE-PM: 0.16049131513757828
NPMLE: 0.32078067504360747
SURE-PM, NPMLE init: 0.1604867855913613
m: 2427
n: 100
experiment: c
Finished training EB misspecified with NPMLE init, with SURE: -0.00562660044950654
Finished training EB misspecified with NPMLE init, with in-sample MSE: 0.06932850314130833
Finished training EB misspecified, with SURE: -0.0056165088088409474
Finished training EB misspecified, with in-sample MSE: 0.06933660556660269

 Training SURE of the models:
SURE-PM: -0.0056165088088409474
NPMLE: 0.2981321143134719
SURE-PM, NPMLE init: -0.00562660044950654
experiment: d
Finished training EB misspecified with NPMLE init, with SURE: -0.031555768328795114
Finished training EB misspecified with NPMLE init, with in-sample MSE: 0.013106339880833888
Finished training EB misspecified, with SURE: -0.03155530596008756
Finished training EB misspecified, with in-sample MSE: 0.013106173476354828

 Training SURE of the models:
SURE-PM: -0.03155530596008756
NPMLE: -0.0015615271005273356
SURE-PM, NPMLE init: -0.031555768328795114
experiment: e
Finished training EB misspecified with NPMLE init, with SURE: 0.14052668276698962
Finished training EB misspecified with NPMLE init, with in-sample MSE: 0.24860635218299054
Finished training EB misspecified, with SURE: 0.14053325567138647
Finished training EB misspecified, with in-sample MSE: 0.24856032940800382

 Training SURE of the models:
SURE-PM: 0.14053325567138647
NPMLE: 0.2223033218130434
SURE-PM, NPMLE init: 0.14052668276698962
n: 400
experiment: c
Finished training EB misspecified with NPMLE init, with SURE: 0.053764655276050635
Finished training EB misspecified with NPMLE init, with in-sample MSE: 0.08217615933903633
Finished training EB misspecified, with SURE: 0.05378811717844471
Finished training EB misspecified, with in-sample MSE: 0.0822034037022005

 Training SURE of the models:
SURE-PM: 0.05378811717844471
NPMLE: 0.2522501296939113
SURE-PM, NPMLE init: 0.053764655276050635
experiment: d
Finished training EB misspecified with NPMLE init, with SURE: 0.001620351187994835
Finished training EB misspecified with NPMLE init, with in-sample MSE: 0.015320753164668426
Finished training EB misspecified, with SURE: 0.0016199415059839951
Finished training EB misspecified, with in-sample MSE: 0.015321154331138035

 Training SURE of the models:
SURE-PM: 0.0016199415059839951
NPMLE: 0.10312575752773383
SURE-PM, NPMLE init: 0.001620351187994835
experiment: e
Finished training EB misspecified with NPMLE init, with SURE: 0.16599753240748455
Finished training EB misspecified with NPMLE init, with in-sample MSE: 0.200040461597799
Finished training EB misspecified, with SURE: 0.1659870143085604
Finished training EB misspecified, with in-sample MSE: 0.19875410000981014

 Training SURE of the models:
SURE-PM: 0.1659870143085604
NPMLE: 0.3033675352619803
SURE-PM, NPMLE init: 0.16599753240748455
m: 2428
n: 100
experiment: c
Finished training EB misspecified with NPMLE init, with SURE: 0.012073169730605784
Finished training EB misspecified with NPMLE init, with in-sample MSE: 0.057540636680650036
Finished training EB misspecified, with SURE: 0.012139400552867344
Finished training EB misspecified, with in-sample MSE: 0.057531077631655804

 Training SURE of the models:
SURE-PM: 0.012139400552867344
NPMLE: 0.49875820964795714
SURE-PM, NPMLE init: 0.012073169730605784
experiment: d
Finished training EB misspecified with NPMLE init, with SURE: -0.0006107831655679874
Finished training EB misspecified with NPMLE init, with in-sample MSE: 0.029101444850950568
Finished training EB misspecified, with SURE: -0.0006100396942063036
Finished training EB misspecified, with in-sample MSE: 0.029098032563820386

 Training SURE of the models:
SURE-PM: -0.0006100396942063036
NPMLE: 0.18366929134758272
SURE-PM, NPMLE init: -0.0006107831655679874
experiment: e
Finished training EB misspecified with NPMLE init, with SURE: 0.16909080604839774
Finished training EB misspecified with NPMLE init, with in-sample MSE: 0.16080275975633626
Finished training EB misspecified, with SURE: 0.16732496160698687
Finished training EB misspecified, with in-sample MSE: 0.16318675708078176

 Training SURE of the models:
SURE-PM: 0.16732496160698687
NPMLE: 0.33567823449427886
SURE-PM, NPMLE init: 0.16909080604839774
n: 400
experiment: c
Finished training EB misspecified with NPMLE init, with SURE: 0.05984274634830406
Finished training EB misspecified with NPMLE init, with in-sample MSE: 0.06600401342125067
Finished training EB misspecified, with SURE: 0.059848412843696436
Finished training EB misspecified, with in-sample MSE: 0.06601970492352349

 Training SURE of the models:
SURE-PM: 0.059848412843696436
NPMLE: 0.6059984922273922
SURE-PM, NPMLE init: 0.05984274634830406
experiment: d
Finished training EB misspecified with NPMLE init, with SURE: 0.011193607053467112
Finished training EB misspecified with NPMLE init, with in-sample MSE: 0.008039524197030856
Finished training EB misspecified, with SURE: 0.011193308425111575
Finished training EB misspecified, with in-sample MSE: 0.008042053629472754

 Training SURE of the models:
SURE-PM: 0.011193308425111575
NPMLE: 0.027135643688291963
SURE-PM, NPMLE init: 0.011193607053467112
experiment: e
Finished training EB misspecified with NPMLE init, with SURE: 0.16936077161804078
Finished training EB misspecified with NPMLE init, with in-sample MSE: 0.2432347222957127
Finished training EB misspecified, with SURE: 0.1693636517101603
Finished training EB misspecified, with in-sample MSE: 0.24322239847207544

 Training SURE of the models:
SURE-PM: 0.1693636517101603
NPMLE: 0.31984323081288424
SURE-PM, NPMLE init: 0.16936077161804078
m: 2429
n: 100
experiment: c
Finished training EB misspecified with NPMLE init, with SURE: -0.14823862498028162
Finished training EB misspecified with NPMLE init, with in-sample MSE: 0.07556130209495784
Finished training EB misspecified, with SURE: -0.1482368694243507
Finished training EB misspecified, with in-sample MSE: 0.07556096773701697

 Training SURE of the models:
SURE-PM: -0.1482368694243507
NPMLE: -0.029505074146256048
SURE-PM, NPMLE init: -0.14823862498028162
experiment: d
Finished training EB misspecified with NPMLE init, with SURE: 0.013961467654791112
Finished training EB misspecified with NPMLE init, with in-sample MSE: 0.007857827251302643
Finished training EB misspecified, with SURE: 0.013962059461069138
Finished training EB misspecified, with in-sample MSE: 0.007856306157119276

 Training SURE of the models:
SURE-PM: 0.013962059461069138
NPMLE: 0.10139468917791702
SURE-PM, NPMLE init: 0.013961467654791112
experiment: e
Finished training EB misspecified with NPMLE init, with SURE: 0.09676733332851967
Finished training EB misspecified with NPMLE init, with in-sample MSE: 0.19709478249516965
Finished training EB misspecified, with SURE: 0.09675764085650138
Finished training EB misspecified, with in-sample MSE: 0.19654815914957535

 Training SURE of the models:
SURE-PM: 0.09675764085650138
NPMLE: 0.3350665894880832
SURE-PM, NPMLE init: 0.09676733332851967
n: 400
experiment: c
Finished training EB misspecified with NPMLE init, with SURE: 0.020169386837278227
Finished training EB misspecified with NPMLE init, with in-sample MSE: 0.060513054556038066
Finished training EB misspecified, with SURE: 0.020179308825945482
Finished training EB misspecified, with in-sample MSE: 0.06051910210915224

 Training SURE of the models:
SURE-PM: 0.020179308825945482
NPMLE: 0.45054643255209903
SURE-PM, NPMLE init: 0.020169386837278227
experiment: d
Finished training EB misspecified with NPMLE init, with SURE: 0.002632019709492841
Finished training EB misspecified with NPMLE init, with in-sample MSE: 0.006790937734165986
Finished training EB misspecified, with SURE: 0.002631963582959518
Finished training EB misspecified, with in-sample MSE: 0.0067911858671217025

 Training SURE of the models:
SURE-PM: 0.002631963582959518
NPMLE: 0.049946458365382806
SURE-PM, NPMLE init: 0.002632019709492841
experiment: e
Finished training EB misspecified with NPMLE init, with SURE: 0.16336249349932264
Finished training EB misspecified with NPMLE init, with in-sample MSE: 0.1774121224423661
Finished training EB misspecified, with SURE: 0.16337570529784817
Finished training EB misspecified, with in-sample MSE: 0.17742303657195216

 Training SURE of the models:
SURE-PM: 0.16337570529784817
NPMLE: 0.3117611083181843
SURE-PM, NPMLE init: 0.16336249349932264
m: 2430
n: 100
experiment: c
Finished training EB misspecified with NPMLE init, with SURE: -0.017718518222448836
Finished training EB misspecified with NPMLE init, with in-sample MSE: 0.05846006985875125
Finished training EB misspecified, with SURE: -0.017702802203380656
Finished training EB misspecified, with in-sample MSE: 0.05845919048704151

 Training SURE of the models:
SURE-PM: -0.017702802203380656
NPMLE: 0.4522258772865808
SURE-PM, NPMLE init: -0.017718518222448836
experiment: d
Finished training EB misspecified with NPMLE init, with SURE: 0.02513131077432238
Finished training EB misspecified with NPMLE init, with in-sample MSE: 0.009694943115714706
Finished training EB misspecified, with SURE: 0.021906228084298825
Finished training EB misspecified, with in-sample MSE: 0.013536009569138833

 Training SURE of the models:
SURE-PM: 0.021906228084298825
NPMLE: 0.19380422350427484
SURE-PM, NPMLE init: 0.02513131077432238
experiment: e
Finished training EB misspecified with NPMLE init, with SURE: 0.1344323538698771
Finished training EB misspecified with NPMLE init, with in-sample MSE: 0.1667088033467618
Finished training EB misspecified, with SURE: 0.13443679747681628
Finished training EB misspecified, with in-sample MSE: 0.16671817330927963

 Training SURE of the models:
SURE-PM: 0.13443679747681628
NPMLE: 0.3923908720042714
SURE-PM, NPMLE init: 0.1344323538698771
n: 400
experiment: c
Finished training EB misspecified with NPMLE init, with SURE: 0.08588594664563375
Finished training EB misspecified with NPMLE init, with in-sample MSE: 0.06557564821866403
Finished training EB misspecified, with SURE: 0.09027486576482886
Finished training EB misspecified, with in-sample MSE: 0.05289677830117826

 Training SURE of the models:
SURE-PM: 0.09027486576482886
NPMLE: 0.7288276668842809
SURE-PM, NPMLE init: 0.08588594664563375
experiment: d
Finished training EB misspecified with NPMLE init, with SURE: -0.0006160657784326063
Finished training EB misspecified with NPMLE init, with in-sample MSE: 0.014789227595842041
Finished training EB misspecified, with SURE: -0.0006151978146952963
Finished training EB misspecified, with in-sample MSE: 0.014795525226818554

 Training SURE of the models:
SURE-PM: -0.0006151978146952963
NPMLE: 0.06457923821129213
SURE-PM, NPMLE init: -0.0006160657784326063
experiment: e
Finished training EB misspecified with NPMLE init, with SURE: 0.15642522744769938
Finished training EB misspecified with NPMLE init, with in-sample MSE: 0.1757491606351105
Finished training EB misspecified, with SURE: 0.15633576594707518
Finished training EB misspecified, with in-sample MSE: 0.17534360192897705

 Training SURE of the models:
SURE-PM: 0.15633576594707518
NPMLE: 0.3007126406036797
SURE-PM, NPMLE init: 0.15642522744769938
m: 2431
n: 100
experiment: c
Finished training EB misspecified with NPMLE init, with SURE: 0.17262682975554783
Finished training EB misspecified with NPMLE init, with in-sample MSE: 0.14027535224477852
Finished training EB misspecified, with SURE: 0.16834285586306336
Finished training EB misspecified, with in-sample MSE: 0.1658269898144519

 Training SURE of the models:
SURE-PM: 0.16834285586306336
NPMLE: 0.5303036338500157
SURE-PM, NPMLE init: 0.17262682975554783
experiment: d
Finished training EB misspecified with NPMLE init, with SURE: -0.003935957081003867
Finished training EB misspecified with NPMLE init, with in-sample MSE: 0.059494628295017025
Finished training EB misspecified, with SURE: -0.003931084422681259
Finished training EB misspecified, with in-sample MSE: 0.059478718643030754

 Training SURE of the models:
SURE-PM: -0.003931084422681259
NPMLE: 0.11138224614588438
SURE-PM, NPMLE init: -0.003935957081003867
experiment: e
Finished training EB misspecified with NPMLE init, with SURE: 0.1277858549940847
Finished training EB misspecified with NPMLE init, with in-sample MSE: 0.2815607188037709
Finished training EB misspecified, with SURE: 0.12779751221344476
Finished training EB misspecified, with in-sample MSE: 0.28257819827603464

 Training SURE of the models:
SURE-PM: 0.12779751221344476
NPMLE: 0.2623294319631973
SURE-PM, NPMLE init: 0.1277858549940847
n: 400
experiment: c
Finished training EB misspecified with NPMLE init, with SURE: 0.06972568532055931
Finished training EB misspecified with NPMLE init, with in-sample MSE: 0.0600666855534043
Finished training EB misspecified, with SURE: 0.06979273791417796
Finished training EB misspecified, with in-sample MSE: 0.05999535832855235

 Training SURE of the models:
SURE-PM: 0.06979273791417796
NPMLE: 0.6344183144648019
SURE-PM, NPMLE init: 0.06972568532055931
experiment: d
Finished training EB misspecified with NPMLE init, with SURE: 0.015205747132110972
Finished training EB misspecified with NPMLE init, with in-sample MSE: 0.016473725997718087
Finished training EB misspecified, with SURE: 0.015523006770972946
Finished training EB misspecified, with in-sample MSE: 0.016123346495289043

 Training SURE of the models:
SURE-PM: 0.015523006770972946
NPMLE: 0.15578609170819743
SURE-PM, NPMLE init: 0.015205747132110972
experiment: e
Finished training EB misspecified with NPMLE init, with SURE: 0.13741229618029777
Finished training EB misspecified with NPMLE init, with in-sample MSE: 0.19379139468778867
Finished training EB misspecified, with SURE: 0.13723136826321386
Finished training EB misspecified, with in-sample MSE: 0.193910692154678

 Training SURE of the models:
SURE-PM: 0.13723136826321386
NPMLE: 0.36721688754606346
SURE-PM, NPMLE init: 0.13741229618029777
m: 2432
n: 100
experiment: c
Finished training EB misspecified with NPMLE init, with SURE: -0.11531476557922915
Finished training EB misspecified with NPMLE init, with in-sample MSE: 0.06060694231866528
Finished training EB misspecified, with SURE: -0.11531232242459936
Finished training EB misspecified, with in-sample MSE: 0.060606064271379684

 Training SURE of the models:
SURE-PM: -0.11531232242459936
NPMLE: 0.39427538243638227
SURE-PM, NPMLE init: -0.11531476557922915
experiment: d
Finished training EB misspecified with NPMLE init, with SURE: -0.02286833232566787
Finished training EB misspecified with NPMLE init, with in-sample MSE: 0.013213711568063623
Finished training EB misspecified, with SURE: -0.022862458623256556
Finished training EB misspecified, with in-sample MSE: 0.013208508944103574

 Training SURE of the models:
SURE-PM: -0.022862458623256556
NPMLE: 0.06909917178685346
SURE-PM, NPMLE init: -0.02286833232566787
experiment: e
Finished training EB misspecified with NPMLE init, with SURE: 0.13350069200409692
Finished training EB misspecified with NPMLE init, with in-sample MSE: 0.14724164263003034
Finished training EB misspecified, with SURE: 0.1337371604139058
Finished training EB misspecified, with in-sample MSE: 0.15023215930738362

 Training SURE of the models:
SURE-PM: 0.1337371604139058
NPMLE: 0.33483729431798737
SURE-PM, NPMLE init: 0.13350069200409692
n: 400
experiment: c
Finished training EB misspecified with NPMLE init, with SURE: 0.07978524141055132
Finished training EB misspecified with NPMLE init, with in-sample MSE: 0.10485655610785266
Finished training EB misspecified, with SURE: 0.0798132665873483
Finished training EB misspecified, with in-sample MSE: 0.10485179972581657

 Training SURE of the models:
SURE-PM: 0.0798132665873483
NPMLE: 0.5385415052467948
SURE-PM, NPMLE init: 0.07978524141055132
experiment: d
Finished training EB misspecified with NPMLE init, with SURE: 0.011873759371680385
Finished training EB misspecified with NPMLE init, with in-sample MSE: 0.02700429993207765
Finished training EB misspecified, with SURE: 0.01187788728488899
Finished training EB misspecified, with in-sample MSE: 0.026997012019238237

 Training SURE of the models:
SURE-PM: 0.01187788728488899
NPMLE: 0.18978523985417214
SURE-PM, NPMLE init: 0.011873759371680385
experiment: e
Finished training EB misspecified with NPMLE init, with SURE: 0.16104957974638914
Finished training EB misspecified with NPMLE init, with in-sample MSE: 0.19226335791125312
Finished training EB misspecified, with SURE: 0.16088929476763525
Finished training EB misspecified, with in-sample MSE: 0.19129359645913116

 Training SURE of the models:
SURE-PM: 0.16088929476763525
NPMLE: 0.32002997722814713
SURE-PM, NPMLE init: 0.16104957974638914
m: 2433
n: 100
experiment: c
Finished training EB misspecified with NPMLE init, with SURE: -0.07089639184536836
Finished training EB misspecified with NPMLE init, with in-sample MSE: 0.07355839211686853
Finished training EB misspecified, with SURE: -0.07080652299224653
Finished training EB misspecified, with in-sample MSE: 0.075747288425725

 Training SURE of the models:
SURE-PM: -0.07080652299224653
NPMLE: 0.8148172415404886
SURE-PM, NPMLE init: -0.07089639184536836
experiment: d
Finished training EB misspecified with NPMLE init, with SURE: -0.004445412364225412
Finished training EB misspecified with NPMLE init, with in-sample MSE: 0.003322068338571747
Finished training EB misspecified, with SURE: -0.004444986190939311
Finished training EB misspecified, with in-sample MSE: 0.003321962126325399

 Training SURE of the models:
SURE-PM: -0.004444986190939311
NPMLE: 0.037134009766553115
SURE-PM, NPMLE init: -0.004445412364225412
experiment: e
Finished training EB misspecified with NPMLE init, with SURE: 0.0765323810899389
Finished training EB misspecified with NPMLE init, with in-sample MSE: 0.23975933887338072
Finished training EB misspecified, with SURE: 0.07654803618003825
Finished training EB misspecified, with in-sample MSE: 0.2395327917915872

 Training SURE of the models:
SURE-PM: 0.07654803618003825
NPMLE: 0.39468517808057973
SURE-PM, NPMLE init: 0.0765323810899389
n: 400
experiment: c
Finished training EB misspecified with NPMLE init, with SURE: 0.0007622828958740514
Finished training EB misspecified with NPMLE init, with in-sample MSE: 0.05680377803285084
Finished training EB misspecified, with SURE: 0.0007648984873722497
Finished training EB misspecified, with in-sample MSE: 0.05680443357819565

 Training SURE of the models:
SURE-PM: 0.0007648984873722497
NPMLE: 0.28409382642528624
SURE-PM, NPMLE init: 0.0007622828958740514
experiment: d
Finished training EB misspecified with NPMLE init, with SURE: 0.009256440357835594
Finished training EB misspecified with NPMLE init, with in-sample MSE: 0.009667315539267139
Finished training EB misspecified, with SURE: 0.009257681150369575
Finished training EB misspecified, with in-sample MSE: 0.009626760111975198

 Training SURE of the models:
SURE-PM: 0.009257681150369575
NPMLE: 0.09605047590651537
SURE-PM, NPMLE init: 0.009256440357835594
experiment: e
Finished training EB misspecified with NPMLE init, with SURE: 0.13731116329716078
Finished training EB misspecified with NPMLE init, with in-sample MSE: 0.20981484863077274
Finished training EB misspecified, with SURE: 0.1373339078673712
Finished training EB misspecified, with in-sample MSE: 0.20986724803649504

 Training SURE of the models:
SURE-PM: 0.1373339078673712
NPMLE: 0.34029387852302895
SURE-PM, NPMLE init: 0.13731116329716078
m: 2434
n: 100
experiment: c
Finished training EB misspecified with NPMLE init, with SURE: 0.08693798517840434
Finished training EB misspecified with NPMLE init, with in-sample MSE: 0.06751277278086881
Finished training EB misspecified, with SURE: 0.086947281157656
Finished training EB misspecified, with in-sample MSE: 0.06754874510336045

 Training SURE of the models:
SURE-PM: 0.086947281157656
NPMLE: 1.0378326061046033
SURE-PM, NPMLE init: 0.08693798517840434
experiment: d
Finished training EB misspecified with NPMLE init, with SURE: -0.015516702841548932
Finished training EB misspecified with NPMLE init, with in-sample MSE: 0.006606481822917653
Finished training EB misspecified, with SURE: -0.015516499786385012
Finished training EB misspecified, with in-sample MSE: 0.006606242746832581

 Training SURE of the models:
SURE-PM: -0.015516499786385012
NPMLE: 0.043709773649701925
SURE-PM, NPMLE init: -0.015516702841548932
experiment: e
Finished training EB misspecified with NPMLE init, with SURE: 0.10312298357644217
Finished training EB misspecified with NPMLE init, with in-sample MSE: 0.20904951763675214
Finished training EB misspecified, with SURE: 0.10311960667766229
Finished training EB misspecified, with in-sample MSE: 0.20905536516135168

 Training SURE of the models:
SURE-PM: 0.10311960667766229
NPMLE: 0.44907227445828674
SURE-PM, NPMLE init: 0.10312298357644217
n: 400
experiment: c
Finished training EB misspecified with NPMLE init, with SURE: 0.04029339284946055
Finished training EB misspecified with NPMLE init, with in-sample MSE: 0.05932207815620474
Finished training EB misspecified, with SURE: 0.040298108347064245
Finished training EB misspecified, with in-sample MSE: 0.059315038208354987

 Training SURE of the models:
SURE-PM: 0.040298108347064245
NPMLE: 0.5023202629011047
SURE-PM, NPMLE init: 0.04029339284946055
experiment: d
Finished training EB misspecified with NPMLE init, with SURE: 0.019709553580581983
Finished training EB misspecified with NPMLE init, with in-sample MSE: 0.005586702454386838
Finished training EB misspecified, with SURE: 0.019711824823837196
Finished training EB misspecified, with in-sample MSE: 0.005599884009936288

 Training SURE of the models:
SURE-PM: 0.019711824823837196
NPMLE: 0.04230795329610379
SURE-PM, NPMLE init: 0.019709553580581983
experiment: e
Finished training EB misspecified with NPMLE init, with SURE: 0.14587126942734968
Finished training EB misspecified with NPMLE init, with in-sample MSE: 0.16522077057750081
Finished training EB misspecified, with SURE: 0.1458634429100799
Finished training EB misspecified, with in-sample MSE: 0.1646889636573972

 Training SURE of the models:
SURE-PM: 0.1458634429100799
NPMLE: 0.34683741110478183
SURE-PM, NPMLE init: 0.14587126942734968
m: 2435
n: 100
experiment: c
Finished training EB misspecified with NPMLE init, with SURE: 0.0903909850795533
Finished training EB misspecified with NPMLE init, with in-sample MSE: 0.07540309748687518
Finished training EB misspecified, with SURE: 0.09039651899564448
Finished training EB misspecified, with in-sample MSE: 0.07541136025060148

 Training SURE of the models:
SURE-PM: 0.09039651899564448
NPMLE: 0.8200102615709699
SURE-PM, NPMLE init: 0.0903909850795533
experiment: d
Finished training EB misspecified with NPMLE init, with SURE: -0.005501189417558639
Finished training EB misspecified with NPMLE init, with in-sample MSE: 0.004701336853169724
Finished training EB misspecified, with SURE: -0.005500977425487168
Finished training EB misspecified, with in-sample MSE: 0.004701127678349429

 Training SURE of the models:
SURE-PM: -0.005500977425487168
NPMLE: 0.034537854895888634
SURE-PM, NPMLE init: -0.005501189417558639
experiment: e
Finished training EB misspecified with NPMLE init, with SURE: 0.0812729527259296
Finished training EB misspecified with NPMLE init, with in-sample MSE: 0.22878099659920131
Finished training EB misspecified, with SURE: 0.08127688384461663
Finished training EB misspecified, with in-sample MSE: 0.22877586526455201

 Training SURE of the models:
SURE-PM: 0.08127688384461663
NPMLE: 0.25944519608114514
SURE-PM, NPMLE init: 0.0812729527259296
n: 400
experiment: c
Finished training EB misspecified with NPMLE init, with SURE: 0.06853309706627599
Finished training EB misspecified with NPMLE init, with in-sample MSE: 0.056299831552429846
Finished training EB misspecified, with SURE: 0.0685358090021731
Finished training EB misspecified, with in-sample MSE: 0.05629921636184737

 Training SURE of the models:
SURE-PM: 0.0685358090021731
NPMLE: 0.6042748996900906
SURE-PM, NPMLE init: 0.06853309706627599
experiment: d
Finished training EB misspecified with NPMLE init, with SURE: 0.012852539915451083
Finished training EB misspecified with NPMLE init, with in-sample MSE: 0.0035913411980468845
Finished training EB misspecified, with SURE: 0.01285277402709422
Finished training EB misspecified, with in-sample MSE: 0.0035913051661076163

 Training SURE of the models:
SURE-PM: 0.01285277402709422
NPMLE: 0.028471714989439185
SURE-PM, NPMLE init: 0.012852539915451083
experiment: e
Finished training EB misspecified with NPMLE init, with SURE: 0.14225628261621648
Finished training EB misspecified with NPMLE init, with in-sample MSE: 0.19341968614248703
Finished training EB misspecified, with SURE: 0.14227253309748553
Finished training EB misspecified, with in-sample MSE: 0.1934992835935078

 Training SURE of the models:
SURE-PM: 0.14227253309748553
NPMLE: 0.3763798851534792
SURE-PM, NPMLE init: 0.14225628261621648
m: 2436
n: 100
experiment: c
Finished training EB misspecified with NPMLE init, with SURE: 0.06812666376244458
Finished training EB misspecified with NPMLE init, with in-sample MSE: 0.09331960642580654
Finished training EB misspecified, with SURE: 0.06813299137904685
Finished training EB misspecified, with in-sample MSE: 0.09337192752984126

 Training SURE of the models:
SURE-PM: 0.06813299137904685
NPMLE: 0.46110926710523686
SURE-PM, NPMLE init: 0.06812666376244458
experiment: d
Finished training EB misspecified with NPMLE init, with SURE: 0.011191410955585094
Finished training EB misspecified with NPMLE init, with in-sample MSE: 0.007926183150569345
Finished training EB misspecified, with SURE: 0.010812138938625626
Finished training EB misspecified, with in-sample MSE: 0.008137073386182194

 Training SURE of the models:
SURE-PM: 0.010812138938625626
NPMLE: 0.06672915212319827
SURE-PM, NPMLE init: 0.011191410955585094
experiment: e
Finished training EB misspecified with NPMLE init, with SURE: 0.13029244364126888
Finished training EB misspecified with NPMLE init, with in-sample MSE: 0.23532448309974147
Finished training EB misspecified, with SURE: 0.13030510484254507
Finished training EB misspecified, with in-sample MSE: 0.23545774645898102

 Training SURE of the models:
SURE-PM: 0.13030510484254507
NPMLE: 0.24684476220481932
SURE-PM, NPMLE init: 0.13029244364126888
n: 400
experiment: c
Finished training EB misspecified with NPMLE init, with SURE: 0.034921907472143444
Finished training EB misspecified with NPMLE init, with in-sample MSE: 0.05556159500236046
Finished training EB misspecified, with SURE: 0.03492053797571714
Finished training EB misspecified, with in-sample MSE: 0.05556239122924016

 Training SURE of the models:
SURE-PM: 0.03492053797571714
NPMLE: 0.9206458265386998
SURE-PM, NPMLE init: 0.034921907472143444
experiment: d
Finished training EB misspecified with NPMLE init, with SURE: 0.005917342014282507
Finished training EB misspecified with NPMLE init, with in-sample MSE: 0.006866022208414062
Finished training EB misspecified, with SURE: 0.006020180391374322
Finished training EB misspecified, with in-sample MSE: 0.006684522012430954

 Training SURE of the models:
SURE-PM: 0.006020180391374322
NPMLE: 0.04784234746688179
SURE-PM, NPMLE init: 0.005917342014282507
experiment: e
Finished training EB misspecified with NPMLE init, with SURE: 0.18268657859354412
Finished training EB misspecified with NPMLE init, with in-sample MSE: 0.2040756943675569
Finished training EB misspecified, with SURE: 0.18269903097001666
Finished training EB misspecified, with in-sample MSE: 0.20406974730261826

 Training SURE of the models:
SURE-PM: 0.18269903097001666
NPMLE: 0.297253093970034
SURE-PM, NPMLE init: 0.18268657859354412
m: 2437
n: 100
experiment: c
Finished training EB misspecified with NPMLE init, with SURE: -0.053986151699347784
Finished training EB misspecified with NPMLE init, with in-sample MSE: 0.06905987848182588
Finished training EB misspecified, with SURE: -0.05399531460877015
Finished training EB misspecified, with in-sample MSE: 0.0692648745772689

 Training SURE of the models:
SURE-PM: -0.05399531460877015
NPMLE: 0.7171392561630663
SURE-PM, NPMLE init: -0.053986151699347784
experiment: d
Finished training EB misspecified with NPMLE init, with SURE: -0.004939491695906462
Finished training EB misspecified with NPMLE init, with in-sample MSE: 0.008605246050588902
Finished training EB misspecified, with SURE: -0.004937507276423752
Finished training EB misspecified, with in-sample MSE: 0.008599373462407247

 Training SURE of the models:
SURE-PM: -0.004937507276423752
NPMLE: 0.007208642253893185
SURE-PM, NPMLE init: -0.004939491695906462
experiment: e
Finished training EB misspecified with NPMLE init, with SURE: 0.07647654522204271
Finished training EB misspecified with NPMLE init, with in-sample MSE: 0.23123466586671587
Finished training EB misspecified, with SURE: 0.07650764701359386
Finished training EB misspecified, with in-sample MSE: 0.2323349880409041

 Training SURE of the models:
SURE-PM: 0.07650764701359386
NPMLE: 0.285227229994141
SURE-PM, NPMLE init: 0.07647654522204271
n: 400
experiment: c
Finished training EB misspecified with NPMLE init, with SURE: 0.04294095272363961
Finished training EB misspecified with NPMLE init, with in-sample MSE: 0.059812788580430085
Finished training EB misspecified, with SURE: 0.04296078039967817
Finished training EB misspecified, with in-sample MSE: 0.05976386685222854

 Training SURE of the models:
SURE-PM: 0.04296078039967817
NPMLE: 0.8937407454594087
SURE-PM, NPMLE init: 0.04294095272363961
experiment: d
Finished training EB misspecified with NPMLE init, with SURE: 0.007337123025966097
Finished training EB misspecified with NPMLE init, with in-sample MSE: 0.004630440245021108
Finished training EB misspecified, with SURE: 0.0073373199387243735
Finished training EB misspecified, with in-sample MSE: 0.00463049707739547

 Training SURE of the models:
SURE-PM: 0.0073373199387243735
NPMLE: 0.00904489528953821
SURE-PM, NPMLE init: 0.007337123025966097
experiment: e
Finished training EB misspecified with NPMLE init, with SURE: 0.17681423302443064
Finished training EB misspecified with NPMLE init, with in-sample MSE: 0.16613690594892042
Finished training EB misspecified, with SURE: 0.17681009983356902
Finished training EB misspecified, with in-sample MSE: 0.16612186068794138

 Training SURE of the models:
SURE-PM: 0.17681009983356902
NPMLE: 0.3016287811345792
SURE-PM, NPMLE init: 0.17681423302443064
m: 2438
n: 100
experiment: c
Finished training EB misspecified with NPMLE init, with SURE: 0.05197474621979076
Finished training EB misspecified with NPMLE init, with in-sample MSE: 0.05563784887744352
Finished training EB misspecified, with SURE: 0.0519769766192799
Finished training EB misspecified, with in-sample MSE: 0.05563676824581603

 Training SURE of the models:
SURE-PM: 0.0519769766192799
NPMLE: 0.5119016219832884
SURE-PM, NPMLE init: 0.05197474621979076
experiment: d
Finished training EB misspecified with NPMLE init, with SURE: -0.0005538913750594077
Finished training EB misspecified with NPMLE init, with in-sample MSE: 0.038456827675459854
Finished training EB misspecified, with SURE: -0.0005523293404974439
Finished training EB misspecified, with in-sample MSE: 0.03845205224123716

 Training SURE of the models:
SURE-PM: -0.0005523293404974439
NPMLE: 0.0936347031964821
SURE-PM, NPMLE init: -0.0005538913750594077
experiment: e
Finished training EB misspecified with NPMLE init, with SURE: 0.15547058898336807
Finished training EB misspecified with NPMLE init, with in-sample MSE: 0.2508350982722901
Finished training EB misspecified, with SURE: 0.15548278904272145
Finished training EB misspecified, with in-sample MSE: 0.25067884094535164

 Training SURE of the models:
SURE-PM: 0.15548278904272145
NPMLE: 0.235409912302192
SURE-PM, NPMLE init: 0.15547058898336807
n: 400
experiment: c
Finished training EB misspecified with NPMLE init, with SURE: 0.054091198937440056
Finished training EB misspecified with NPMLE init, with in-sample MSE: 0.05069337011466233
Finished training EB misspecified, with SURE: 0.05409675887992421
Finished training EB misspecified, with in-sample MSE: 0.05069154003954871

 Training SURE of the models:
SURE-PM: 0.05409675887992421
NPMLE: 0.38213004329623496
SURE-PM, NPMLE init: 0.054091198937440056
experiment: d
Finished training EB misspecified with NPMLE init, with SURE: -0.010055828411771852
Finished training EB misspecified with NPMLE init, with in-sample MSE: 0.004565726435424847
Finished training EB misspecified, with SURE: -0.010055560476004057
Finished training EB misspecified, with in-sample MSE: 0.004565642135301566

 Training SURE of the models:
SURE-PM: -0.010055560476004057
NPMLE: 0.06314645160175777
SURE-PM, NPMLE init: -0.010055828411771852
experiment: e
Finished training EB misspecified with NPMLE init, with SURE: 0.13528732624128303
Finished training EB misspecified with NPMLE init, with in-sample MSE: 0.18146226959908218
Finished training EB misspecified, with SURE: 0.13529931407306792
Finished training EB misspecified, with in-sample MSE: 0.18145126848037316

 Training SURE of the models:
SURE-PM: 0.13529931407306792
NPMLE: 0.2894651762027819
SURE-PM, NPMLE init: 0.13528732624128303
m: 2439
n: 100
experiment: c
Finished training EB misspecified with NPMLE init, with SURE: 0.0506044691317652
Finished training EB misspecified with NPMLE init, with in-sample MSE: 0.09651517946814435
Finished training EB misspecified, with SURE: 0.05061413635924403
Finished training EB misspecified, with in-sample MSE: 0.09650267827388859

 Training SURE of the models:
SURE-PM: 0.05061413635924403
NPMLE: 0.6050109814722734
SURE-PM, NPMLE init: 0.0506044691317652
experiment: d
Finished training EB misspecified with NPMLE init, with SURE: -0.019670409500219907
Finished training EB misspecified with NPMLE init, with in-sample MSE: 0.020431846030807447
Finished training EB misspecified, with SURE: -0.014848442017500716
Finished training EB misspecified, with in-sample MSE: 0.012004643564425526

 Training SURE of the models:
SURE-PM: -0.014848442017500716
NPMLE: -0.006858844900552992
SURE-PM, NPMLE init: -0.019670409500219907
experiment: e
Finished training EB misspecified with NPMLE init, with SURE: 0.09677217179873332
Finished training EB misspecified with NPMLE init, with in-sample MSE: 0.17533078989882803
Finished training EB misspecified, with SURE: 0.0967800099520082
Finished training EB misspecified, with in-sample MSE: 0.17535414838359084

 Training SURE of the models:
SURE-PM: 0.0967800099520082
NPMLE: 0.37001991257943545
SURE-PM, NPMLE init: 0.09677217179873332
n: 400
experiment: c
Finished training EB misspecified with NPMLE init, with SURE: -0.004358135413635083
Finished training EB misspecified with NPMLE init, with in-sample MSE: 0.0974336998846752
Finished training EB misspecified, with SURE: -0.002568576703115184
Finished training EB misspecified, with in-sample MSE: 0.10415009727377067

 Training SURE of the models:
SURE-PM: -0.002568576703115184
NPMLE: 0.7319660859732957
SURE-PM, NPMLE init: -0.004358135413635083
experiment: d
Finished training EB misspecified with NPMLE init, with SURE: -0.00011421682115180688
Finished training EB misspecified with NPMLE init, with in-sample MSE: 0.010666671943195
Finished training EB misspecified, with SURE: 0.0009319950555762091
Finished training EB misspecified, with in-sample MSE: 0.006244248081076597

 Training SURE of the models:
SURE-PM: 0.0009319950555762091
NPMLE: 0.014727675153135368
SURE-PM, NPMLE init: -0.00011421682115180688
experiment: e
Finished training EB misspecified with NPMLE init, with SURE: 0.1411829213161304
Finished training EB misspecified with NPMLE init, with in-sample MSE: 0.17963224911241507
Finished training EB misspecified, with SURE: 0.14119183298509932
Finished training EB misspecified, with in-sample MSE: 0.17964317020157095

 Training SURE of the models:
SURE-PM: 0.14119183298509932
NPMLE: 0.314463143952932
SURE-PM, NPMLE init: 0.1411829213161304
m: 2440
n: 100
experiment: c
Finished training EB misspecified with NPMLE init, with SURE: 0.0068345602772953385
Finished training EB misspecified with NPMLE init, with in-sample MSE: 0.070889710073336
Finished training EB misspecified, with SURE: 0.0068574707600579645
Finished training EB misspecified, with in-sample MSE: 0.07087177267689815

 Training SURE of the models:
SURE-PM: 0.0068574707600579645
NPMLE: 0.8231889719815428
SURE-PM, NPMLE init: 0.0068345602772953385
experiment: d
Finished training EB misspecified with NPMLE init, with SURE: -0.002111906030426329
Finished training EB misspecified with NPMLE init, with in-sample MSE: 0.007760940572136395
Finished training EB misspecified, with SURE: -0.002111518411755231
Finished training EB misspecified, with in-sample MSE: 0.007760809543887628

 Training SURE of the models:
SURE-PM: -0.002111518411755231
NPMLE: 0.022892362853168747
SURE-PM, NPMLE init: -0.002111906030426329
experiment: e
Finished training EB misspecified with NPMLE init, with SURE: 0.10405834875450058
Finished training EB misspecified with NPMLE init, with in-sample MSE: 0.14553261041355783
Finished training EB misspecified, with SURE: 0.10407167260485639
Finished training EB misspecified, with in-sample MSE: 0.14548273082865382

 Training SURE of the models:
SURE-PM: 0.10407167260485639
NPMLE: 0.30064675554838943
SURE-PM, NPMLE init: 0.10405834875450058
n: 400
experiment: c
Finished training EB misspecified with NPMLE init, with SURE: 0.10971213846555877
Finished training EB misspecified with NPMLE init, with in-sample MSE: 0.06655747298290221
Finished training EB misspecified, with SURE: 0.10975650786003151
Finished training EB misspecified, with in-sample MSE: 0.06652596733836436

 Training SURE of the models:
SURE-PM: 0.10975650786003151
NPMLE: 0.5842442237971498
SURE-PM, NPMLE init: 0.10971213846555877
experiment: d
Finished training EB misspecified with NPMLE init, with SURE: 0.003492916745027994
Finished training EB misspecified with NPMLE init, with in-sample MSE: 0.008222611230642248
Finished training EB misspecified, with SURE: 0.0034931624278691942
Finished training EB misspecified, with in-sample MSE: 0.008222413202046612

 Training SURE of the models:
SURE-PM: 0.0034931624278691942
NPMLE: 0.13236464154401462
SURE-PM, NPMLE init: 0.003492916745027994
experiment: e
Finished training EB misspecified with NPMLE init, with SURE: 0.1622731609427478
Finished training EB misspecified with NPMLE init, with in-sample MSE: 0.17773234833213153
Finished training EB misspecified, with SURE: 0.16227894934397913
Finished training EB misspecified, with in-sample MSE: 0.1777313372571773

 Training SURE of the models:
SURE-PM: 0.16227894934397913
NPMLE: 0.3210851014725341
SURE-PM, NPMLE init: 0.1622731609427478
m: 2441
n: 100
experiment: c
Finished training EB misspecified with NPMLE init, with SURE: 0.03798421006904462
Finished training EB misspecified with NPMLE init, with in-sample MSE: 0.07170256677188039
Finished training EB misspecified, with SURE: 0.037988717821009675
Finished training EB misspecified, with in-sample MSE: 0.07170760354207667

 Training SURE of the models:
SURE-PM: 0.037988717821009675
NPMLE: 1.1178208703952264
SURE-PM, NPMLE init: 0.03798421006904462
experiment: d
Finished training EB misspecified with NPMLE init, with SURE: -0.012423115958794462
Finished training EB misspecified with NPMLE init, with in-sample MSE: 0.007655484085584489
Finished training EB misspecified, with SURE: -0.012400768894840066
Finished training EB misspecified, with in-sample MSE: 0.007638076843297617

 Training SURE of the models:
SURE-PM: -0.012400768894840066
NPMLE: 0.018441658749833233
SURE-PM, NPMLE init: -0.012423115958794462
experiment: e
Finished training EB misspecified with NPMLE init, with SURE: 0.1687788848641263
Finished training EB misspecified with NPMLE init, with in-sample MSE: 0.21144348311506872
Finished training EB misspecified, with SURE: 0.16879238939717198
Finished training EB misspecified, with in-sample MSE: 0.21145988584312672

 Training SURE of the models:
SURE-PM: 0.16879238939717198
NPMLE: 0.3364767207375442
SURE-PM, NPMLE init: 0.1687788848641263
n: 400
experiment: c
Finished training EB misspecified with NPMLE init, with SURE: 0.038752287374252174
Finished training EB misspecified with NPMLE init, with in-sample MSE: 0.05629966966759544
Finished training EB misspecified, with SURE: 0.038785613722721594
Finished training EB misspecified, with in-sample MSE: 0.056280267983734505

 Training SURE of the models:
SURE-PM: 0.038785613722721594
NPMLE: 0.481195139933584
SURE-PM, NPMLE init: 0.038752287374252174
experiment: d
Finished training EB misspecified with NPMLE init, with SURE: 0.004274799895819541
Finished training EB misspecified with NPMLE init, with in-sample MSE: 0.006928306399429215
Finished training EB misspecified, with SURE: 0.004417272669089929
Finished training EB misspecified, with in-sample MSE: 0.006684054125567366

 Training SURE of the models:
SURE-PM: 0.004417272669089929
NPMLE: 0.07622754332518637
SURE-PM, NPMLE init: 0.004274799895819541
experiment: e
Finished training EB misspecified with NPMLE init, with SURE: 0.1584693607807946
Finished training EB misspecified with NPMLE init, with in-sample MSE: 0.154466096244017
Finished training EB misspecified, with SURE: 0.15809383453795653
Finished training EB misspecified, with in-sample MSE: 0.1545354610672202

 Training SURE of the models:
SURE-PM: 0.15809383453795653
NPMLE: 0.3572138777944884
SURE-PM, NPMLE init: 0.1584693607807946
m: 2442
n: 100
experiment: c
Finished training EB misspecified with NPMLE init, with SURE: 0.1089790281683149
Finished training EB misspecified with NPMLE init, with in-sample MSE: 0.14411498593436145
Finished training EB misspecified, with SURE: 0.10896557788144734
Finished training EB misspecified, with in-sample MSE: 0.1440833997818391

 Training SURE of the models:
SURE-PM: 0.10896557788144734
NPMLE: 0.8330690541389002
SURE-PM, NPMLE init: 0.1089790281683149
experiment: d
Finished training EB misspecified with NPMLE init, with SURE: -0.003635452346528929
Finished training EB misspecified with NPMLE init, with in-sample MSE: 0.02385561699176944
Finished training EB misspecified, with SURE: -0.0036342912363288705
Finished training EB misspecified, with in-sample MSE: 0.023851227668449805

 Training SURE of the models:
SURE-PM: -0.0036342912363288705
NPMLE: 0.17827259016042876
SURE-PM, NPMLE init: -0.003635452346528929
experiment: e
Finished training EB misspecified with NPMLE init, with SURE: 0.0884604350835372
Finished training EB misspecified with NPMLE init, with in-sample MSE: 0.18384285002776968
Finished training EB misspecified, with SURE: 0.0884796802200152
Finished training EB misspecified, with in-sample MSE: 0.18386576136422905

 Training SURE of the models:
SURE-PM: 0.0884796802200152
NPMLE: 0.5401963421784464
SURE-PM, NPMLE init: 0.0884604350835372
n: 400
experiment: c
Finished training EB misspecified with NPMLE init, with SURE: 0.07973805988169204
Finished training EB misspecified with NPMLE init, with in-sample MSE: 0.05699997978525594
Finished training EB misspecified, with SURE: 0.07974134795806279
Finished training EB misspecified, with in-sample MSE: 0.05699915572926877

 Training SURE of the models:
SURE-PM: 0.07974134795806279
NPMLE: 0.28814530899302987
SURE-PM, NPMLE init: 0.07973805988169204
experiment: d
Finished training EB misspecified with NPMLE init, with SURE: 0.006362431057846614
Finished training EB misspecified with NPMLE init, with in-sample MSE: 0.006711169310584416
Finished training EB misspecified, with SURE: 0.006368288673446596
Finished training EB misspecified, with in-sample MSE: 0.006698583393403689

 Training SURE of the models:
SURE-PM: 0.006368288673446596
NPMLE: 0.04644814830085611
SURE-PM, NPMLE init: 0.006362431057846614
experiment: e
Finished training EB misspecified with NPMLE init, with SURE: 0.13200415627515383
Finished training EB misspecified with NPMLE init, with in-sample MSE: 0.18403564794386054
Finished training EB misspecified, with SURE: 0.13202407460481524
Finished training EB misspecified, with in-sample MSE: 0.18399818787681024

 Training SURE of the models:
SURE-PM: 0.13202407460481524
NPMLE: 0.34157079261128787
SURE-PM, NPMLE init: 0.13200415627515383
m: 2443
n: 100
experiment: c
Finished training EB misspecified with NPMLE init, with SURE: 0.05190861888190085
Finished training EB misspecified with NPMLE init, with in-sample MSE: 0.06024917154210757
Finished training EB misspecified, with SURE: 0.05190248119705366
Finished training EB misspecified, with in-sample MSE: 0.06029221055754891

 Training SURE of the models:
SURE-PM: 0.05190248119705366
NPMLE: 0.5552710077847732
SURE-PM, NPMLE init: 0.05190861888190085
experiment: d
Finished training EB misspecified with NPMLE init, with SURE: -0.02666928931601756
Finished training EB misspecified with NPMLE init, with in-sample MSE: 0.004997355315166686
Finished training EB misspecified, with SURE: -0.026668739882670957
Finished training EB misspecified, with in-sample MSE: 0.004997327442338249

 Training SURE of the models:
SURE-PM: -0.026668739882670957
NPMLE: 0.0071338065592788345
SURE-PM, NPMLE init: -0.02666928931601756
experiment: e
Finished training EB misspecified with NPMLE init, with SURE: 0.1262728877433034
Finished training EB misspecified with NPMLE init, with in-sample MSE: 0.1981850025174535
Finished training EB misspecified, with SURE: 0.12620735149118217
Finished training EB misspecified, with in-sample MSE: 0.19773164061889695

 Training SURE of the models:
SURE-PM: 0.12620735149118217
NPMLE: 0.3037288078647813
SURE-PM, NPMLE init: 0.1262728877433034
n: 400
experiment: c
Finished training EB misspecified with NPMLE init, with SURE: 0.027850975221898368
Finished training EB misspecified with NPMLE init, with in-sample MSE: 0.054695160083366084
Finished training EB misspecified, with SURE: 0.027843958440705807
Finished training EB misspecified, with in-sample MSE: 0.054803572374899454

 Training SURE of the models:
SURE-PM: 0.027843958440705807
NPMLE: 0.6969486242384201
SURE-PM, NPMLE init: 0.027850975221898368
experiment: d
Finished training EB misspecified with NPMLE init, with SURE: 0.0014419136253695263
Finished training EB misspecified with NPMLE init, with in-sample MSE: 0.005017482446177062
Finished training EB misspecified, with SURE: 0.0014422875234189902
Finished training EB misspecified, with in-sample MSE: 0.005017369399041796

 Training SURE of the models:
SURE-PM: 0.0014422875234189902
NPMLE: 0.006620671308850526
SURE-PM, NPMLE init: 0.0014419136253695263
experiment: e
Finished training EB misspecified with NPMLE init, with SURE: 0.14096321046972257
Finished training EB misspecified with NPMLE init, with in-sample MSE: 0.1887676911810841
Finished training EB misspecified, with SURE: 0.14245864214480286
Finished training EB misspecified, with in-sample MSE: 0.18956277730563773

 Training SURE of the models:
SURE-PM: 0.14245864214480286
NPMLE: 0.3510346133102685
SURE-PM, NPMLE init: 0.14096321046972257
m: 2444
n: 100
experiment: c
Finished training EB misspecified with NPMLE init, with SURE: -0.007169792108007655
Finished training EB misspecified with NPMLE init, with in-sample MSE: 0.07164324059366355
Finished training EB misspecified, with SURE: -0.007168914695136337
Finished training EB misspecified, with in-sample MSE: 0.07164529638822173

 Training SURE of the models:
SURE-PM: -0.007168914695136337
NPMLE: 0.1664160175149007
SURE-PM, NPMLE init: -0.007169792108007655
experiment: d
Finished training EB misspecified with NPMLE init, with SURE: 0.013407422666237477
Finished training EB misspecified with NPMLE init, with in-sample MSE: 0.008673080609176462
Finished training EB misspecified, with SURE: 0.013406439803369086
Finished training EB misspecified, with in-sample MSE: 0.008675768815438752

 Training SURE of the models:
SURE-PM: 0.013406439803369086
NPMLE: 0.07897032287792434
SURE-PM, NPMLE init: 0.013407422666237477
experiment: e
Finished training EB misspecified with NPMLE init, with SURE: 0.1817394988292474
Finished training EB misspecified with NPMLE init, with in-sample MSE: 0.22779659676362907
Finished training EB misspecified, with SURE: 0.13017240224306698
Finished training EB misspecified, with in-sample MSE: 0.24472108371531978

 Training SURE of the models:
SURE-PM: 0.13017240224306698
NPMLE: 0.3798051416960997
SURE-PM, NPMLE init: 0.1817394988292474
n: 400
experiment: c
Finished training EB misspecified with NPMLE init, with SURE: 0.03307481133927539
Finished training EB misspecified with NPMLE init, with in-sample MSE: 0.0678543469219629
Finished training EB misspecified, with SURE: 0.03316967800076881
Finished training EB misspecified, with in-sample MSE: 0.06809225630288776

 Training SURE of the models:
SURE-PM: 0.03316967800076881
NPMLE: 0.6394278943663414
SURE-PM, NPMLE init: 0.03307481133927539
experiment: d
Finished training EB misspecified with NPMLE init, with SURE: -0.0028391026731952175
Finished training EB misspecified with NPMLE init, with in-sample MSE: 0.00518244372282609
Finished training EB misspecified, with SURE: -0.0028353643375048244
Finished training EB misspecified, with in-sample MSE: 0.005168983283911024

 Training SURE of the models:
SURE-PM: -0.0028353643375048244
NPMLE: 0.02467353436160458
SURE-PM, NPMLE init: -0.0028391026731952175
experiment: e
Finished training EB misspecified with NPMLE init, with SURE: 0.17634601387430457
Finished training EB misspecified with NPMLE init, with in-sample MSE: 0.15788393078530993
Finished training EB misspecified, with SURE: 0.17634172357690722
Finished training EB misspecified, with in-sample MSE: 0.15774707222005696

 Training SURE of the models:
SURE-PM: 0.17634172357690722
NPMLE: 0.29453275591996914
SURE-PM, NPMLE init: 0.17634601387430457
m: 2445
n: 100
experiment: c
Finished training EB misspecified with NPMLE init, with SURE: -0.07684612478698079
Finished training EB misspecified with NPMLE init, with in-sample MSE: 0.06870993742516213
Finished training EB misspecified, with SURE: -0.07681832232030658
Finished training EB misspecified, with in-sample MSE: 0.06870944504761343

 Training SURE of the models:
SURE-PM: -0.07681832232030658
NPMLE: 0.26782838777526763
SURE-PM, NPMLE init: -0.07684612478698079
experiment: d
Finished training EB misspecified with NPMLE init, with SURE: -4.355941074043912e-05
Finished training EB misspecified with NPMLE init, with in-sample MSE: 0.005524797588241486
Finished training EB misspecified, with SURE: -4.432068709920856e-05
Finished training EB misspecified, with in-sample MSE: 0.005527401697262425

 Training SURE of the models:
SURE-PM: -4.432068709920856e-05
NPMLE: 0.046653061306771215
SURE-PM, NPMLE init: -4.355941074043912e-05
experiment: e
Finished training EB misspecified with NPMLE init, with SURE: 0.10927434856426729
Finished training EB misspecified with NPMLE init, with in-sample MSE: 0.1937113473419559
Finished training EB misspecified, with SURE: 0.10928997530649255
Finished training EB misspecified, with in-sample MSE: 0.19372883206797586

 Training SURE of the models:
SURE-PM: 0.10928997530649255
NPMLE: 0.3072806056342239
SURE-PM, NPMLE init: 0.10927434856426729
n: 400
experiment: c
Finished training EB misspecified with NPMLE init, with SURE: 0.018020540498039566
Finished training EB misspecified with NPMLE init, with in-sample MSE: 0.08105418781491709
Finished training EB misspecified, with SURE: 0.018948186729826802
Finished training EB misspecified, with in-sample MSE: 0.08328035393284054

 Training SURE of the models:
SURE-PM: 0.018948186729826802
NPMLE: 0.8430233184569756
SURE-PM, NPMLE init: 0.018020540498039566
experiment: d
Finished training EB misspecified with NPMLE init, with SURE: 0.0049690701941248255
Finished training EB misspecified with NPMLE init, with in-sample MSE: 0.003547684717425343
Finished training EB misspecified, with SURE: 0.004969257288194378
Finished training EB misspecified, with in-sample MSE: 0.003547871130724397

 Training SURE of the models:
SURE-PM: 0.004969257288194378
NPMLE: 0.015873793647862355
SURE-PM, NPMLE init: 0.0049690701941248255
experiment: e
Finished training EB misspecified with NPMLE init, with SURE: 0.15660296161265932
Finished training EB misspecified with NPMLE init, with in-sample MSE: 0.1737875909784653
Finished training EB misspecified, with SURE: 0.1544801021595339
Finished training EB misspecified, with in-sample MSE: 0.1729855670859271

 Training SURE of the models:
SURE-PM: 0.1544801021595339
NPMLE: 0.2944464632045895
SURE-PM, NPMLE init: 0.15660296161265932
m: 2446
n: 100
experiment: c
Finished training EB misspecified with NPMLE init, with SURE: 0.03953763082378714
Finished training EB misspecified with NPMLE init, with in-sample MSE: 0.06898451727076699
Finished training EB misspecified, with SURE: 0.03954117566878914
Finished training EB misspecified, with in-sample MSE: 0.0689853409258377

 Training SURE of the models:
SURE-PM: 0.03954117566878914
NPMLE: 0.49904602612955984
SURE-PM, NPMLE init: 0.03953763082378714
experiment: d
Finished training EB misspecified with NPMLE init, with SURE: -0.03489523076349414
Finished training EB misspecified with NPMLE init, with in-sample MSE: 0.0053202760217313195
Finished training EB misspecified, with SURE: -0.034500968939825384
Finished training EB misspecified, with in-sample MSE: 0.004442568367155945

 Training SURE of the models:
SURE-PM: -0.034500968939825384
NPMLE: 0.02791082451172894
SURE-PM, NPMLE init: -0.03489523076349414
experiment: e
Finished training EB misspecified with NPMLE init, with SURE: 0.12284892265879911
Finished training EB misspecified with NPMLE init, with in-sample MSE: 0.22952609556136777
Finished training EB misspecified, with SURE: 0.12285469069412046
Finished training EB misspecified, with in-sample MSE: 0.22954538867836863

 Training SURE of the models:
SURE-PM: 0.12285469069412046
NPMLE: 0.36160053398526293
SURE-PM, NPMLE init: 0.12284892265879911
n: 400
experiment: c
Finished training EB misspecified with NPMLE init, with SURE: 0.010633428361307722
Finished training EB misspecified with NPMLE init, with in-sample MSE: 0.047960690214524385
Finished training EB misspecified, with SURE: 0.010621263440386884
Finished training EB misspecified, with in-sample MSE: 0.047965635632451015

 Training SURE of the models:
SURE-PM: 0.010621263440386884
NPMLE: 0.8515666830412824
SURE-PM, NPMLE init: 0.010633428361307722
experiment: d
Finished training EB misspecified with NPMLE init, with SURE: 0.006946627297284636
Finished training EB misspecified with NPMLE init, with in-sample MSE: 0.023554296583620276
Finished training EB misspecified, with SURE: 0.0069736958668775275
Finished training EB misspecified, with in-sample MSE: 0.02346672399104942

 Training SURE of the models:
SURE-PM: 0.0069736958668775275
NPMLE: 0.017718987856421967
SURE-PM, NPMLE init: 0.006946627297284636
experiment: e
Finished training EB misspecified with NPMLE init, with SURE: 0.11772841420312602
Finished training EB misspecified with NPMLE init, with in-sample MSE: 0.19274237635917504
Finished training EB misspecified, with SURE: 0.11773809248969691
Finished training EB misspecified, with in-sample MSE: 0.19275158246340918

 Training SURE of the models:
SURE-PM: 0.11773809248969691
NPMLE: 0.3572204798499762
SURE-PM, NPMLE init: 0.11772841420312602
m: 2447
n: 100
experiment: c
Finished training EB misspecified with NPMLE init, with SURE: 0.011039494280052367
Finished training EB misspecified with NPMLE init, with in-sample MSE: 0.06531183146857181
Finished training EB misspecified, with SURE: 0.010954004655727516
Finished training EB misspecified, with in-sample MSE: 0.06294010161833756

 Training SURE of the models:
SURE-PM: 0.010954004655727516
NPMLE: 0.4028613382504536
SURE-PM, NPMLE init: 0.011039494280052367
experiment: d
Finished training EB misspecified with NPMLE init, with SURE: -0.005162948609312679
Finished training EB misspecified with NPMLE init, with in-sample MSE: 0.00933114317598248
Finished training EB misspecified, with SURE: -0.005162450914813555
Finished training EB misspecified, with in-sample MSE: 0.00932998486817143

 Training SURE of the models:
SURE-PM: -0.005162450914813555
NPMLE: 0.04018255269642566
SURE-PM, NPMLE init: -0.005162948609312679
experiment: e
Finished training EB misspecified with NPMLE init, with SURE: 0.07634939905495308
Finished training EB misspecified with NPMLE init, with in-sample MSE: 0.20036066580654463
Finished training EB misspecified, with SURE: 0.07634703746315623
Finished training EB misspecified, with in-sample MSE: 0.20020534150453806

 Training SURE of the models:
SURE-PM: 0.07634703746315623
NPMLE: 0.25992506317680314
SURE-PM, NPMLE init: 0.07634939905495308
n: 400
experiment: c
Finished training EB misspecified with NPMLE init, with SURE: 0.041330616617548374
Finished training EB misspecified with NPMLE init, with in-sample MSE: 0.07983536021948381
Finished training EB misspecified, with SURE: 0.04142019867647392
Finished training EB misspecified, with in-sample MSE: 0.07969991042397964

 Training SURE of the models:
SURE-PM: 0.04142019867647392
NPMLE: 0.6013517592726693
SURE-PM, NPMLE init: 0.041330616617548374
experiment: d
Finished training EB misspecified with NPMLE init, with SURE: -0.0016267823828037464
Finished training EB misspecified with NPMLE init, with in-sample MSE: 0.006365614015801521
Finished training EB misspecified, with SURE: -0.0016266616012505252
Finished training EB misspecified, with in-sample MSE: 0.006365541659698523

 Training SURE of the models:
SURE-PM: -0.0016266616012505252
NPMLE: 0.1716899660276131
SURE-PM, NPMLE init: -0.0016267823828037464
experiment: e
Finished training EB misspecified with NPMLE init, with SURE: 0.17543070788532888
Finished training EB misspecified with NPMLE init, with in-sample MSE: 0.17735550946784645
Finished training EB misspecified, with SURE: 0.17543750950841194
Finished training EB misspecified, with in-sample MSE: 0.17734872228547516

 Training SURE of the models:
SURE-PM: 0.17543750950841194
NPMLE: 0.3516657099886338
SURE-PM, NPMLE init: 0.17543070788532888
m: 2448
n: 100
experiment: c
Finished training EB misspecified with NPMLE init, with SURE: -0.011406266137757868
Finished training EB misspecified with NPMLE init, with in-sample MSE: 0.057548262017339494
Finished training EB misspecified, with SURE: -0.011402502139384865
Finished training EB misspecified, with in-sample MSE: 0.057554897350458815

 Training SURE of the models:
SURE-PM: -0.011402502139384865
NPMLE: 0.21056010054571977
SURE-PM, NPMLE init: -0.011406266137757868
experiment: d
Finished training EB misspecified with NPMLE init, with SURE: -0.029378089778821687
Finished training EB misspecified with NPMLE init, with in-sample MSE: 0.011167486360599825
Finished training EB misspecified, with SURE: -0.029376210333497355
Finished training EB misspecified, with in-sample MSE: 0.011152635016121211

 Training SURE of the models:
SURE-PM: -0.029376210333497355
NPMLE: -0.02763362880795176
SURE-PM, NPMLE init: -0.029378089778821687
experiment: e
Finished training EB misspecified with NPMLE init, with SURE: 0.15339049972494295
Finished training EB misspecified with NPMLE init, with in-sample MSE: 0.21614469625621108
Finished training EB misspecified, with SURE: 0.15339930850344607
Finished training EB misspecified, with in-sample MSE: 0.21605244565081283

 Training SURE of the models:
SURE-PM: 0.15339930850344607
NPMLE: 0.2686782783763481
SURE-PM, NPMLE init: 0.15339049972494295
n: 400
experiment: c
Finished training EB misspecified with NPMLE init, with SURE: 0.06504979272316141
Finished training EB misspecified with NPMLE init, with in-sample MSE: 0.05434594110013629
Finished training EB misspecified, with SURE: 0.06510074859171582
Finished training EB misspecified, with in-sample MSE: 0.054266654572094834

 Training SURE of the models:
SURE-PM: 0.06510074859171582
NPMLE: 0.5340893678037649
SURE-PM, NPMLE init: 0.06504979272316141
experiment: d
Finished training EB misspecified with NPMLE init, with SURE: 0.014262819645236444
Finished training EB misspecified with NPMLE init, with in-sample MSE: 0.007569077334819563
Finished training EB misspecified, with SURE: 0.01426300125641399
Finished training EB misspecified, with in-sample MSE: 0.007569089579232964

 Training SURE of the models:
SURE-PM: 0.01426300125641399
NPMLE: 0.0627439879055405
SURE-PM, NPMLE init: 0.014262819645236444
experiment: e
Finished training EB misspecified with NPMLE init, with SURE: 0.1603271109060875
Finished training EB misspecified with NPMLE init, with in-sample MSE: 0.19483744360979308
Finished training EB misspecified, with SURE: 0.16033863389946185
Finished training EB misspecified, with in-sample MSE: 0.19484066819344154

 Training SURE of the models:
SURE-PM: 0.16033863389946185
NPMLE: 0.298643380338319
SURE-PM, NPMLE init: 0.1603271109060875
m: 2449
n: 100
experiment: c
Finished training EB misspecified with NPMLE init, with SURE: 0.029712980851559507
Finished training EB misspecified with NPMLE init, with in-sample MSE: 0.04828724512735235
Finished training EB misspecified, with SURE: 0.029717367425736257
Finished training EB misspecified, with in-sample MSE: 0.04828705209229958

 Training SURE of the models:
SURE-PM: 0.029717367425736257
NPMLE: 0.44491273397429476
SURE-PM, NPMLE init: 0.029712980851559507
experiment: d
Finished training EB misspecified with NPMLE init, with SURE: -0.01133292707509506
Finished training EB misspecified with NPMLE init, with in-sample MSE: 0.004417742145096439
Finished training EB misspecified, with SURE: -0.011332271154015387
Finished training EB misspecified, with in-sample MSE: 0.0044176865544793865

 Training SURE of the models:
SURE-PM: -0.011332271154015387
NPMLE: 0.03529837111048088
SURE-PM, NPMLE init: -0.01133292707509506
experiment: e
Finished training EB misspecified with NPMLE init, with SURE: 0.10867088665806222
Finished training EB misspecified with NPMLE init, with in-sample MSE: 0.2558486710961587
Finished training EB misspecified, with SURE: 0.10113402767749292
Finished training EB misspecified, with in-sample MSE: 0.24916960209611488

 Training SURE of the models:
SURE-PM: 0.10113402767749292
NPMLE: 0.3163244976897166
SURE-PM, NPMLE init: 0.10867088665806222
n: 400
experiment: c
Finished training EB misspecified with NPMLE init, with SURE: 0.013121217973028934
Finished training EB misspecified with NPMLE init, with in-sample MSE: 0.05287703333957725
Finished training EB misspecified, with SURE: 0.013121853583024859
Finished training EB misspecified, with in-sample MSE: 0.05287830396339976

 Training SURE of the models:
SURE-PM: 0.013121853583024859
NPMLE: 0.49514841401880005
SURE-PM, NPMLE init: 0.013121217973028934
experiment: d
Finished training EB misspecified with NPMLE init, with SURE: 0.005190169883378921
Finished training EB misspecified with NPMLE init, with in-sample MSE: 0.030685873042968104
Finished training EB misspecified, with SURE: 0.005219377162299726
Finished training EB misspecified, with in-sample MSE: 0.030639223535955096

 Training SURE of the models:
SURE-PM: 0.005219377162299726
NPMLE: 0.01571620189660207
SURE-PM, NPMLE init: 0.005190169883378921
experiment: e
Finished training EB misspecified with NPMLE init, with SURE: 0.16790655202357088
Finished training EB misspecified with NPMLE init, with in-sample MSE: 0.17075533564506318
Finished training EB misspecified, with SURE: 0.1679148551542982
Finished training EB misspecified, with in-sample MSE: 0.17077928817970775

 Training SURE of the models:
SURE-PM: 0.1679148551542982
NPMLE: 0.5140178450891979
SURE-PM, NPMLE init: 0.16790655202357088
m: 2450
n: 100
experiment: c
Finished training EB misspecified with NPMLE init, with SURE: 0.03406426402155148
Finished training EB misspecified with NPMLE init, with in-sample MSE: 0.08494043677588689
Finished training EB misspecified, with SURE: 0.03870008570670436
Finished training EB misspecified, with in-sample MSE: 0.06904197513084463

 Training SURE of the models:
SURE-PM: 0.03870008570670436
NPMLE: 0.45105455657202315
SURE-PM, NPMLE init: 0.03406426402155148
experiment: d
Finished training EB misspecified with NPMLE init, with SURE: -0.008502263078761275
Finished training EB misspecified with NPMLE init, with in-sample MSE: 0.009844489577499668
Finished training EB misspecified, with SURE: -0.008502035284993763
Finished training EB misspecified, with in-sample MSE: 0.009844382738096456

 Training SURE of the models:
SURE-PM: -0.008502035284993763
NPMLE: 0.0612496008523023
SURE-PM, NPMLE init: -0.008502263078761275
experiment: e
Finished training EB misspecified with NPMLE init, with SURE: 0.10976162458981033
Finished training EB misspecified with NPMLE init, with in-sample MSE: 0.18179447166123222
Finished training EB misspecified, with SURE: 0.10976545746717736
Finished training EB misspecified, with in-sample MSE: 0.18178884381211755

 Training SURE of the models:
SURE-PM: 0.10976545746717736
NPMLE: 0.3352923630384372
SURE-PM, NPMLE init: 0.10976162458981033
n: 400
experiment: c
Finished training EB misspecified with NPMLE init, with SURE: 0.0895826210900681
Finished training EB misspecified with NPMLE init, with in-sample MSE: 0.08966943257104973
Finished training EB misspecified, with SURE: 0.09435099631325343
Finished training EB misspecified, with in-sample MSE: 0.06433877067899865

 Training SURE of the models:
SURE-PM: 0.09435099631325343
NPMLE: 0.8315955465025651
SURE-PM, NPMLE init: 0.0895826210900681
experiment: d
Finished training EB misspecified with NPMLE init, with SURE: 0.018988450552056797
Finished training EB misspecified with NPMLE init, with in-sample MSE: 0.011184014901810346
Finished training EB misspecified, with SURE: 0.018989029036856824
Finished training EB misspecified, with in-sample MSE: 0.011182819111699903

 Training SURE of the models:
SURE-PM: 0.018989029036856824
NPMLE: 0.0982900856733344
SURE-PM, NPMLE init: 0.018988450552056797
experiment: e
Finished training EB misspecified with NPMLE init, with SURE: 0.1432637164267072
Finished training EB misspecified with NPMLE init, with in-sample MSE: 0.19774355162790352
Finished training EB misspecified, with SURE: 0.14359762455522215
Finished training EB misspecified, with in-sample MSE: 0.19819760736483297

 Training SURE of the models:
SURE-PM: 0.14359762455522215
NPMLE: 0.3112634340846665
SURE-PM, NPMLE init: 0.1432637164267072
m: 2451
n: 100
experiment: c
Finished training EB misspecified with NPMLE init, with SURE: 0.07168557802106222
Finished training EB misspecified with NPMLE init, with in-sample MSE: 0.05957237356062816
Finished training EB misspecified, with SURE: 0.07171443417314464
Finished training EB misspecified, with in-sample MSE: 0.05954866338924085

 Training SURE of the models:
SURE-PM: 0.07171443417314464
NPMLE: 1.086053735631708
SURE-PM, NPMLE init: 0.07168557802106222
experiment: d
Finished training EB misspecified with NPMLE init, with SURE: -0.011715107191870562
Finished training EB misspecified with NPMLE init, with in-sample MSE: 0.006110910384247481
Finished training EB misspecified, with SURE: -0.011691436160912562
Finished training EB misspecified, with in-sample MSE: 0.006152862019508343

 Training SURE of the models:
SURE-PM: -0.011691436160912562
NPMLE: 0.055614227727511505
SURE-PM, NPMLE init: -0.011715107191870562
experiment: e
Finished training EB misspecified with NPMLE init, with SURE: 0.14892853274989246
Finished training EB misspecified with NPMLE init, with in-sample MSE: 0.18752358124900093
Finished training EB misspecified, with SURE: 0.14893315390008166
Finished training EB misspecified, with in-sample MSE: 0.1874277403877526

 Training SURE of the models:
SURE-PM: 0.14893315390008166
NPMLE: 0.33053006833413606
SURE-PM, NPMLE init: 0.14892853274989246
n: 400
experiment: c
Finished training EB misspecified with NPMLE init, with SURE: 0.07087381256310074
Finished training EB misspecified with NPMLE init, with in-sample MSE: 0.05858061621515968
Finished training EB misspecified, with SURE: 0.0721195890333624
Finished training EB misspecified, with in-sample MSE: 0.057877978036482425

 Training SURE of the models:
SURE-PM: 0.0721195890333624
NPMLE: 0.6652972748708754
SURE-PM, NPMLE init: 0.07087381256310074
experiment: d
Finished training EB misspecified with NPMLE init, with SURE: 0.019804633768276042
Finished training EB misspecified with NPMLE init, with in-sample MSE: 0.01081145371873433
Finished training EB misspecified, with SURE: 0.01980487635056374
Finished training EB misspecified, with in-sample MSE: 0.010822452058102243

 Training SURE of the models:
SURE-PM: 0.01980487635056374
NPMLE: 0.16753079459828965
SURE-PM, NPMLE init: 0.019804633768276042
experiment: e
Finished training EB misspecified with NPMLE init, with SURE: 0.15524414235487438
Finished training EB misspecified with NPMLE init, with in-sample MSE: 0.1985923374350457
Finished training EB misspecified, with SURE: 0.1552542653722362
Finished training EB misspecified, with in-sample MSE: 0.1985944479966863

 Training SURE of the models:
SURE-PM: 0.1552542653722362
NPMLE: 0.31682793102448303
SURE-PM, NPMLE init: 0.15524414235487438
m: 2452
n: 100
experiment: c
Finished training EB misspecified with NPMLE init, with SURE: 0.020028206586243442
Finished training EB misspecified with NPMLE init, with in-sample MSE: 0.1351222643318139
Finished training EB misspecified, with SURE: 0.05042487675647756
Finished training EB misspecified, with in-sample MSE: 0.05953865215775988

 Training SURE of the models:
SURE-PM: 0.05042487675647756
NPMLE: 1.2702331456072093
SURE-PM, NPMLE init: 0.020028206586243442
experiment: d
Finished training EB misspecified with NPMLE init, with SURE: -0.04264194392839693
Finished training EB misspecified with NPMLE init, with in-sample MSE: 0.0030722734027543
Finished training EB misspecified, with SURE: -0.04264122492685481
Finished training EB misspecified, with in-sample MSE: 0.003072260151298224

 Training SURE of the models:
SURE-PM: -0.04264122492685481
NPMLE: 0.025919497437902964
SURE-PM, NPMLE init: -0.04264194392839693
experiment: e
Finished training EB misspecified with NPMLE init, with SURE: 0.055590604673328096
Finished training EB misspecified with NPMLE init, with in-sample MSE: 0.24032741564452467
Finished training EB misspecified, with SURE: 0.04865574157604972
Finished training EB misspecified, with in-sample MSE: 0.28354185347666705

 Training SURE of the models:
SURE-PM: 0.04865574157604972
NPMLE: 0.5540850232372196
SURE-PM, NPMLE init: 0.055590604673328096
n: 400
experiment: c
Finished training EB misspecified with NPMLE init, with SURE: 0.04676957838824059
Finished training EB misspecified with NPMLE init, with in-sample MSE: 0.05555868556031447
Finished training EB misspecified, with SURE: 0.04681047342729947
Finished training EB misspecified, with in-sample MSE: 0.055535158530219675

 Training SURE of the models:
SURE-PM: 0.04681047342729947
NPMLE: 0.5979379731005183
SURE-PM, NPMLE init: 0.04676957838824059
experiment: d
Finished training EB misspecified with NPMLE init, with SURE: 0.006762946268593151
Finished training EB misspecified with NPMLE init, with in-sample MSE: 0.00463053783434375
Finished training EB misspecified, with SURE: 0.006763106432511812
Finished training EB misspecified, with in-sample MSE: 0.004630660629212491

 Training SURE of the models:
SURE-PM: 0.006763106432511812
NPMLE: 0.013564173784508266
SURE-PM, NPMLE init: 0.006762946268593151
experiment: e
Finished training EB misspecified with NPMLE init, with SURE: 0.15552243428008816
Finished training EB misspecified with NPMLE init, with in-sample MSE: 0.16935777391636023
Finished training EB misspecified, with SURE: 0.1555247039532697
Finished training EB misspecified, with in-sample MSE: 0.1693594190148188

 Training SURE of the models:
SURE-PM: 0.1555247039532697
NPMLE: 0.3289467601815902
SURE-PM, NPMLE init: 0.15552243428008816
m: 2453
n: 100
experiment: c
Finished training EB misspecified with NPMLE init, with SURE: 0.008997384375593996
Finished training EB misspecified with NPMLE init, with in-sample MSE: 0.0649185955311505
Finished training EB misspecified, with SURE: 0.0089966950807149
Finished training EB misspecified, with in-sample MSE: 0.06492041767362246

 Training SURE of the models:
SURE-PM: 0.0089966950807149
NPMLE: 0.7356224240120305
SURE-PM, NPMLE init: 0.008997384375593996
experiment: d
Finished training EB misspecified with NPMLE init, with SURE: 0.02135856298059606
Finished training EB misspecified with NPMLE init, with in-sample MSE: 0.008390421641174624
Finished training EB misspecified, with SURE: 0.021358676928627477
Finished training EB misspecified, with in-sample MSE: 0.008390763803184402

 Training SURE of the models:
SURE-PM: 0.021358676928627477
NPMLE: 0.04026608546240386
SURE-PM, NPMLE init: 0.02135856298059606
experiment: e
Finished training EB misspecified with NPMLE init, with SURE: 0.09655212245835806
Finished training EB misspecified with NPMLE init, with in-sample MSE: 0.21660628969932028
Finished training EB misspecified, with SURE: 0.09655596721176898
Finished training EB misspecified, with in-sample MSE: 0.21661050977064025

 Training SURE of the models:
SURE-PM: 0.09655596721176898
NPMLE: 0.242209908831888
SURE-PM, NPMLE init: 0.09655212245835806
n: 400
experiment: c
Finished training EB misspecified with NPMLE init, with SURE: 0.03911479353456698
Finished training EB misspecified with NPMLE init, with in-sample MSE: 0.059072546721571764
Finished training EB misspecified, with SURE: 0.03911639845499401
Finished training EB misspecified, with in-sample MSE: 0.059073660936715164

 Training SURE of the models:
SURE-PM: 0.03911639845499401
NPMLE: 0.40180885789847326
SURE-PM, NPMLE init: 0.03911479353456698
experiment: d
Finished training EB misspecified with NPMLE init, with SURE: 0.015255511438114855
Finished training EB misspecified with NPMLE init, with in-sample MSE: 0.006882201126256832
Finished training EB misspecified, with SURE: 0.015263434714257916
Finished training EB misspecified, with in-sample MSE: 0.006869204634184725

 Training SURE of the models:
SURE-PM: 0.015263434714257916
NPMLE: 0.062067070498911595
SURE-PM, NPMLE init: 0.015255511438114855
experiment: e
Finished training EB misspecified with NPMLE init, with SURE: 0.16248500893111115
Finished training EB misspecified with NPMLE init, with in-sample MSE: 0.19022404252458724
Finished training EB misspecified, with SURE: 0.16249677531232407
Finished training EB misspecified, with in-sample MSE: 0.19021962698549683

 Training SURE of the models:
SURE-PM: 0.16249677531232407
NPMLE: 0.29993252043602664
SURE-PM, NPMLE init: 0.16248500893111115
m: 2454
n: 100
experiment: c
Finished training EB misspecified with NPMLE init, with SURE: 0.04520998905279939
Finished training EB misspecified with NPMLE init, with in-sample MSE: 0.05950280383478151
Finished training EB misspecified, with SURE: 0.049088168125595785
Finished training EB misspecified, with in-sample MSE: 0.05230870968702664

 Training SURE of the models:
SURE-PM: 0.049088168125595785
NPMLE: 0.4993032552686932
SURE-PM, NPMLE init: 0.04520998905279939
experiment: d
Finished training EB misspecified with NPMLE init, with SURE: 0.022506937082490276
Finished training EB misspecified with NPMLE init, with in-sample MSE: 0.053894976174592296
Finished training EB misspecified, with SURE: 0.022512180457697487
Finished training EB misspecified, with in-sample MSE: 0.053882673727624654

 Training SURE of the models:
SURE-PM: 0.022512180457697487
NPMLE: 0.20478602128574863
SURE-PM, NPMLE init: 0.022506937082490276
experiment: e
Finished training EB misspecified with NPMLE init, with SURE: 0.17959323106545724
Finished training EB misspecified with NPMLE init, with in-sample MSE: 0.2055678013479573
Finished training EB misspecified, with SURE: 0.1795991401497907
Finished training EB misspecified, with in-sample MSE: 0.20557304914376293

 Training SURE of the models:
SURE-PM: 0.1795991401497907
NPMLE: 0.2679125564410722
SURE-PM, NPMLE init: 0.17959323106545724
n: 400
experiment: c
Finished training EB misspecified with NPMLE init, with SURE: 0.11216410090889639
Finished training EB misspecified with NPMLE init, with in-sample MSE: 0.07592231475249316
Finished training EB misspecified, with SURE: 0.11220203776786193
Finished training EB misspecified, with in-sample MSE: 0.07589739046246034

 Training SURE of the models:
SURE-PM: 0.11220203776786193
NPMLE: 0.830389948941118
SURE-PM, NPMLE init: 0.11216410090889639
experiment: d
Finished training EB misspecified with NPMLE init, with SURE: 0.0051977396517836815
Finished training EB misspecified with NPMLE init, with in-sample MSE: 0.007749736744346647
Finished training EB misspecified, with SURE: 0.0051994507598918105
Finished training EB misspecified, with in-sample MSE: 0.007743221916838886

 Training SURE of the models:
SURE-PM: 0.0051994507598918105
NPMLE: 0.049849317013573625
SURE-PM, NPMLE init: 0.0051977396517836815
experiment: e
Finished training EB misspecified with NPMLE init, with SURE: 0.18136318253831626
Finished training EB misspecified with NPMLE init, with in-sample MSE: 0.1806557275924843
Finished training EB misspecified, with SURE: 0.1813173101206133
Finished training EB misspecified, with in-sample MSE: 0.18060174132673065

 Training SURE of the models:
SURE-PM: 0.1813173101206133
NPMLE: 0.30253711373259234
SURE-PM, NPMLE init: 0.18136318253831626
m: 2455
n: 100
experiment: c
Finished training EB misspecified with NPMLE init, with SURE: 0.11005722008242749
Finished training EB misspecified with NPMLE init, with in-sample MSE: 0.06575217163540104
Finished training EB misspecified, with SURE: 0.10901402098143975
Finished training EB misspecified, with in-sample MSE: 0.07601388875089882

 Training SURE of the models:
SURE-PM: 0.10901402098143975
NPMLE: 0.725126987066483
SURE-PM, NPMLE init: 0.11005722008242749
experiment: d
Finished training EB misspecified with NPMLE init, with SURE: -0.01781184156892273
Finished training EB misspecified with NPMLE init, with in-sample MSE: 0.004407374811324867
Finished training EB misspecified, with SURE: -0.017812497474163552
Finished training EB misspecified, with in-sample MSE: 0.004407573373400314

 Training SURE of the models:
SURE-PM: -0.017812497474163552
NPMLE: 0.018276576602421848
SURE-PM, NPMLE init: -0.01781184156892273
experiment: e
Finished training EB misspecified with NPMLE init, with SURE: 0.14802885008618552
Finished training EB misspecified with NPMLE init, with in-sample MSE: 0.21274707722037578
Finished training EB misspecified, with SURE: 0.1480402462982952
Finished training EB misspecified, with in-sample MSE: 0.21274581422247343

 Training SURE of the models:
SURE-PM: 0.1480402462982952
NPMLE: 0.2812404072027534
SURE-PM, NPMLE init: 0.14802885008618552
n: 400
experiment: c
Finished training EB misspecified with NPMLE init, with SURE: 0.048187360791642535
Finished training EB misspecified with NPMLE init, with in-sample MSE: 0.07251668839090307
Finished training EB misspecified, with SURE: 0.05362246945359161
Finished training EB misspecified, with in-sample MSE: 0.06364283879086556

 Training SURE of the models:
SURE-PM: 0.05362246945359161
NPMLE: 0.6822791649015235
SURE-PM, NPMLE init: 0.048187360791642535
experiment: d
Finished training EB misspecified with NPMLE init, with SURE: 0.0039621444845994
Finished training EB misspecified with NPMLE init, with in-sample MSE: 0.014645554603410717
Finished training EB misspecified, with SURE: 0.0039630175940503064
Finished training EB misspecified, with in-sample MSE: 0.014626686505563792

 Training SURE of the models:
SURE-PM: 0.0039630175940503064
NPMLE: 0.10839675351958242
SURE-PM, NPMLE init: 0.0039621444845994
experiment: e
Finished training EB misspecified with NPMLE init, with SURE: 0.1347225570293788
Finished training EB misspecified with NPMLE init, with in-sample MSE: 0.2107621808973165
Finished training EB misspecified, with SURE: 0.13472354631335803
Finished training EB misspecified, with in-sample MSE: 0.21076563895316713

 Training SURE of the models:
SURE-PM: 0.13472354631335803
NPMLE: 0.29999698901674327
SURE-PM, NPMLE init: 0.1347225570293788
m: 2456
n: 100
experiment: c
Finished training EB misspecified with NPMLE init, with SURE: -0.06962968422953822
Finished training EB misspecified with NPMLE init, with in-sample MSE: 0.05983094541728222
Finished training EB misspecified, with SURE: -0.06965388203012467
Finished training EB misspecified, with in-sample MSE: 0.05979622333032067

 Training SURE of the models:
SURE-PM: -0.06965388203012467
NPMLE: 0.7443428028274791
SURE-PM, NPMLE init: -0.06962968422953822
experiment: d
Finished training EB misspecified with NPMLE init, with SURE: -0.0029120182841765184
Finished training EB misspecified with NPMLE init, with in-sample MSE: 0.006351839887354351
Finished training EB misspecified, with SURE: -0.002909159336529399
Finished training EB misspecified, with in-sample MSE: 0.006334835952080561

 Training SURE of the models:
SURE-PM: -0.002909159336529399
NPMLE: 0.02807155164979921
SURE-PM, NPMLE init: -0.0029120182841765184
experiment: e
Finished training EB misspecified with NPMLE init, with SURE: 0.07478372218920591
Finished training EB misspecified with NPMLE init, with in-sample MSE: 0.16536678259050086
Finished training EB misspecified, with SURE: 0.06741044353027632
Finished training EB misspecified, with in-sample MSE: 0.16851702474646785

 Training SURE of the models:
SURE-PM: 0.06741044353027632
NPMLE: 0.33924119604252456
SURE-PM, NPMLE init: 0.07478372218920591
n: 400
experiment: c
Finished training EB misspecified with NPMLE init, with SURE: 0.04070184816859069
Finished training EB misspecified with NPMLE init, with in-sample MSE: 0.061559246156897285
Finished training EB misspecified, with SURE: 0.04070320667378027
Finished training EB misspecified, with in-sample MSE: 0.06155766990161465

 Training SURE of the models:
SURE-PM: 0.04070320667378027
NPMLE: 0.5491206467070393
SURE-PM, NPMLE init: 0.04070184816859069
experiment: d
Finished training EB misspecified with NPMLE init, with SURE: 0.019284280324240424
Finished training EB misspecified with NPMLE init, with in-sample MSE: 0.007138214206721566
Finished training EB misspecified, with SURE: 0.019291959172656855
Finished training EB misspecified, with in-sample MSE: 0.0071136053123031185

 Training SURE of the models:
SURE-PM: 0.019291959172656855
NPMLE: 0.04286659692152
SURE-PM, NPMLE init: 0.019284280324240424
experiment: e
Finished training EB misspecified with NPMLE init, with SURE: 0.17422279522342887
Finished training EB misspecified with NPMLE init, with in-sample MSE: 0.21483436957756843
Finished training EB misspecified, with SURE: 0.174230420502801
Finished training EB misspecified, with in-sample MSE: 0.21481765284503992

 Training SURE of the models:
SURE-PM: 0.174230420502801
NPMLE: 0.3594263381263464
SURE-PM, NPMLE init: 0.17422279522342887
m: 2457
n: 100
experiment: c
Finished training EB misspecified with NPMLE init, with SURE: 0.10483311906053779
Finished training EB misspecified with NPMLE init, with in-sample MSE: 0.2663049264733608
Finished training EB misspecified, with SURE: 0.10482847961636103
Finished training EB misspecified, with in-sample MSE: 0.2657422705114983

 Training SURE of the models:
SURE-PM: 0.10482847961636103
NPMLE: 0.9659788262124347
SURE-PM, NPMLE init: 0.10483311906053779
experiment: d
Finished training EB misspecified with NPMLE init, with SURE: -0.0201744027748504
Finished training EB misspecified with NPMLE init, with in-sample MSE: 0.006035010903157589
Finished training EB misspecified, with SURE: -0.02017386519854062
Finished training EB misspecified, with in-sample MSE: 0.006035010471565198

 Training SURE of the models:
SURE-PM: -0.02017386519854062
NPMLE: 0.00686911216294801
SURE-PM, NPMLE init: -0.0201744027748504
experiment: e
Finished training EB misspecified with NPMLE init, with SURE: 0.14813092250230603
Finished training EB misspecified with NPMLE init, with in-sample MSE: 0.14174042695319508
Finished training EB misspecified, with SURE: 0.1481070747986542
Finished training EB misspecified, with in-sample MSE: 0.14183292500824335

 Training SURE of the models:
SURE-PM: 0.1481070747986542
NPMLE: 0.27169329272237125
SURE-PM, NPMLE init: 0.14813092250230603
n: 400
experiment: c
Finished training EB misspecified with NPMLE init, with SURE: 0.008495705663093673
Finished training EB misspecified with NPMLE init, with in-sample MSE: 0.05559912328347161
Finished training EB misspecified, with SURE: 0.008497648967044994
Finished training EB misspecified, with in-sample MSE: 0.0556011511770808

 Training SURE of the models:
SURE-PM: 0.008497648967044994
NPMLE: 0.43415639598653866
SURE-PM, NPMLE init: 0.008495705663093673
experiment: d
Finished training EB misspecified with NPMLE init, with SURE: 0.009042653014888505
Finished training EB misspecified with NPMLE init, with in-sample MSE: 0.005052725914348294
Finished training EB misspecified, with SURE: 0.009043184768661465
Finished training EB misspecified, with in-sample MSE: 0.005052393484771908

 Training SURE of the models:
SURE-PM: 0.009043184768661465
NPMLE: 0.01732473896907665
SURE-PM, NPMLE init: 0.009042653014888505
experiment: e
Finished training EB misspecified with NPMLE init, with SURE: 0.15561471436787316
Finished training EB misspecified with NPMLE init, with in-sample MSE: 0.19839522678403015
Finished training EB misspecified, with SURE: 0.15563042239199
Finished training EB misspecified, with in-sample MSE: 0.19842749009990232

 Training SURE of the models:
SURE-PM: 0.15563042239199
NPMLE: 0.28884968667039534
SURE-PM, NPMLE init: 0.15561471436787316
m: 2458
n: 100
experiment: c
Finished training EB misspecified with NPMLE init, with SURE: -0.027486521861456767
Finished training EB misspecified with NPMLE init, with in-sample MSE: 0.06937322532755247
Finished training EB misspecified, with SURE: -0.02748517585351962
Finished training EB misspecified, with in-sample MSE: 0.06933979332362615

 Training SURE of the models:
SURE-PM: -0.02748517585351962
NPMLE: 1.098475603560995
SURE-PM, NPMLE init: -0.027486521861456767
experiment: d
Finished training EB misspecified with NPMLE init, with SURE: -0.021490472142543772
Finished training EB misspecified with NPMLE init, with in-sample MSE: 0.00455266255244778
Finished training EB misspecified, with SURE: -0.02148981589846155
Finished training EB misspecified, with in-sample MSE: 0.004552745567295869

 Training SURE of the models:
SURE-PM: -0.02148981589846155
NPMLE: -0.012958368309533093
SURE-PM, NPMLE init: -0.021490472142543772
experiment: e
Finished training EB misspecified with NPMLE init, with SURE: 0.05392747064729008
Finished training EB misspecified with NPMLE init, with in-sample MSE: 0.21781176266370111
Finished training EB misspecified, with SURE: 0.053942265709554744
Finished training EB misspecified, with in-sample MSE: 0.21782678591030133

 Training SURE of the models:
SURE-PM: 0.053942265709554744
NPMLE: 0.30077672186521753
SURE-PM, NPMLE init: 0.05392747064729008
n: 400
experiment: c
Finished training EB misspecified with NPMLE init, with SURE: 0.04345973469365902
Finished training EB misspecified with NPMLE init, with in-sample MSE: 0.06369595339852985
Finished training EB misspecified, with SURE: 0.04346804256344285
Finished training EB misspecified, with in-sample MSE: 0.06369017319994572

 Training SURE of the models:
SURE-PM: 0.04346804256344285
NPMLE: 0.4913607270112727
SURE-PM, NPMLE init: 0.04345973469365902
experiment: d
Finished training EB misspecified with NPMLE init, with SURE: -0.006975065114440327
Finished training EB misspecified with NPMLE init, with in-sample MSE: 0.004932424875868738
Finished training EB misspecified, with SURE: -0.00697497575505496
Finished training EB misspecified, with in-sample MSE: 0.004932400343158145

 Training SURE of the models:
SURE-PM: -0.00697497575505496
NPMLE: 0.07689263121004249
SURE-PM, NPMLE init: -0.006975065114440327
experiment: e
Finished training EB misspecified with NPMLE init, with SURE: 0.15877697131185792
Finished training EB misspecified with NPMLE init, with in-sample MSE: 0.17322859714631667
Finished training EB misspecified, with SURE: 0.1587845204258427
Finished training EB misspecified, with in-sample MSE: 0.17324494007274083

 Training SURE of the models:
SURE-PM: 0.1587845204258427
NPMLE: 0.29525291565642015
SURE-PM, NPMLE init: 0.15877697131185792
m: 2459
n: 100
experiment: c
Finished training EB misspecified with NPMLE init, with SURE: -0.013797458679851857
Finished training EB misspecified with NPMLE init, with in-sample MSE: 0.07131249978012683
Finished training EB misspecified, with SURE: -0.013796483128948581
Finished training EB misspecified, with in-sample MSE: 0.07132163846789683

 Training SURE of the models:
SURE-PM: -0.013796483128948581
NPMLE: 0.38518110150615054
SURE-PM, NPMLE init: -0.013797458679851857
experiment: d
Finished training EB misspecified with NPMLE init, with SURE: -0.020541982005441196
Finished training EB misspecified with NPMLE init, with in-sample MSE: 0.008719966856501843
Finished training EB misspecified, with SURE: -0.017985281138409234
Finished training EB misspecified, with in-sample MSE: 0.004644737936243145

 Training SURE of the models:
SURE-PM: -0.017985281138409234
NPMLE: -0.005262560435363745
SURE-PM, NPMLE init: -0.020541982005441196
experiment: e
Finished training EB misspecified with NPMLE init, with SURE: 0.1318811345161882
Finished training EB misspecified with NPMLE init, with in-sample MSE: 0.23759022995083975
Finished training EB misspecified, with SURE: 0.13188322716306153
Finished training EB misspecified, with in-sample MSE: 0.2375964141276277

 Training SURE of the models:
SURE-PM: 0.13188322716306153
NPMLE: 0.3161508418740659
SURE-PM, NPMLE init: 0.1318811345161882
n: 400
experiment: c
Finished training EB misspecified with NPMLE init, with SURE: 0.014197305128474015
Finished training EB misspecified with NPMLE init, with in-sample MSE: 0.061522066506661366
Finished training EB misspecified, with SURE: 0.01420058516097228
Finished training EB misspecified, with in-sample MSE: 0.061516975009856714

 Training SURE of the models:
SURE-PM: 0.01420058516097228
NPMLE: 0.34977758436793144
SURE-PM, NPMLE init: 0.014197305128474015
experiment: d
Finished training EB misspecified with NPMLE init, with SURE: 0.0025466248216698163
Finished training EB misspecified with NPMLE init, with in-sample MSE: 0.013014494408744803
Finished training EB misspecified, with SURE: 0.002558867389322881
Finished training EB misspecified, with in-sample MSE: 0.013050768515435424

 Training SURE of the models:
SURE-PM: 0.002558867389322881
NPMLE: 0.06410026168441282
SURE-PM, NPMLE init: 0.0025466248216698163
experiment: e
Finished training EB misspecified with NPMLE init, with SURE: 0.14744948479843353
Finished training EB misspecified with NPMLE init, with in-sample MSE: 0.1899946149375002
Finished training EB misspecified, with SURE: 0.14745387391050707
Finished training EB misspecified, with in-sample MSE: 0.18999174973629362

 Training SURE of the models:
SURE-PM: 0.14745387391050707
NPMLE: 0.38074490386348747
SURE-PM, NPMLE init: 0.14744948479843353
m: 2460
n: 100
experiment: c
Finished training EB misspecified with NPMLE init, with SURE: 0.07416905910489774
Finished training EB misspecified with NPMLE init, with in-sample MSE: 0.18137666827332455
Finished training EB misspecified, with SURE: 0.07419718448336682
Finished training EB misspecified, with in-sample MSE: 0.18133864576643283

 Training SURE of the models:
SURE-PM: 0.07419718448336682
NPMLE: 0.33368614832195975
SURE-PM, NPMLE init: 0.07416905910489774
experiment: d
Finished training EB misspecified with NPMLE init, with SURE: -0.016355882219215783
Finished training EB misspecified with NPMLE init, with in-sample MSE: 0.0062913480835567115
Finished training EB misspecified, with SURE: -0.01635536668395261
Finished training EB misspecified, with in-sample MSE: 0.006291258851289612

 Training SURE of the models:
SURE-PM: -0.01635536668395261
NPMLE: 0.05957115401975896
SURE-PM, NPMLE init: -0.016355882219215783
experiment: e
Finished training EB misspecified with NPMLE init, with SURE: 0.13711191233050024
Finished training EB misspecified with NPMLE init, with in-sample MSE: 0.22556944538318835
Finished training EB misspecified, with SURE: 0.1371090264641036
Finished training EB misspecified, with in-sample MSE: 0.2255682794135055

 Training SURE of the models:
SURE-PM: 0.1371090264641036
NPMLE: 0.2967962234095072
SURE-PM, NPMLE init: 0.13711191233050024
n: 400
experiment: c
Finished training EB misspecified with NPMLE init, with SURE: 0.08281196428330055
Finished training EB misspecified with NPMLE init, with in-sample MSE: 0.06093485166905158
Finished training EB misspecified, with SURE: 0.08281779084728577
Finished training EB misspecified, with in-sample MSE: 0.060940214243326817

 Training SURE of the models:
SURE-PM: 0.08281779084728577
NPMLE: 0.7253605945105306
SURE-PM, NPMLE init: 0.08281196428330055
experiment: d
Finished training EB misspecified with NPMLE init, with SURE: -0.003392238811078894
Finished training EB misspecified with NPMLE init, with in-sample MSE: 0.004589714315152056
Finished training EB misspecified, with SURE: -0.0033920362892438404
Finished training EB misspecified, with in-sample MSE: 0.004589493482409562

 Training SURE of the models:
SURE-PM: -0.0033920362892438404
NPMLE: 0.0004491661810609315
SURE-PM, NPMLE init: -0.003392238811078894
experiment: e
Finished training EB misspecified with NPMLE init, with SURE: 0.1591366837148563
Finished training EB misspecified with NPMLE init, with in-sample MSE: 0.19054377984154963
Finished training EB misspecified, with SURE: 0.1591376655303189
Finished training EB misspecified, with in-sample MSE: 0.19052861123858505

 Training SURE of the models:
SURE-PM: 0.1591376655303189
NPMLE: 0.3383774583604607
SURE-PM, NPMLE init: 0.1591366837148563
m: 2461
n: 100
experiment: c
Finished training EB misspecified with NPMLE init, with SURE: 0.029013524113098016
Finished training EB misspecified with NPMLE init, with in-sample MSE: 0.05386964687814566
Finished training EB misspecified, with SURE: 0.02901956126396641
Finished training EB misspecified, with in-sample MSE: 0.053871509674979674

 Training SURE of the models:
SURE-PM: 0.02901956126396641
NPMLE: 0.7752257477334885
SURE-PM, NPMLE init: 0.029013524113098016
experiment: d
Finished training EB misspecified with NPMLE init, with SURE: -0.015707699424410144
Finished training EB misspecified with NPMLE init, with in-sample MSE: 0.0084116609026364
Finished training EB misspecified, with SURE: -0.015707426514186516
Finished training EB misspecified, with in-sample MSE: 0.008411489561936152

 Training SURE of the models:
SURE-PM: -0.015707426514186516
NPMLE: -0.01544543951341339
SURE-PM, NPMLE init: -0.015707699424410144
experiment: e
Finished training EB misspecified with NPMLE init, with SURE: 0.08625887322905566
Finished training EB misspecified with NPMLE init, with in-sample MSE: 0.1837084121663581
Finished training EB misspecified, with SURE: 0.0862598358534522
Finished training EB misspecified, with in-sample MSE: 0.18371622181232236

 Training SURE of the models:
SURE-PM: 0.0862598358534522
NPMLE: 0.22188279234857475
SURE-PM, NPMLE init: 0.08625887322905566
n: 400
experiment: c
Finished training EB misspecified with NPMLE init, with SURE: 0.029144831732256123
Finished training EB misspecified with NPMLE init, with in-sample MSE: 0.10409724692250318
Finished training EB misspecified, with SURE: 0.029198808633698833
Finished training EB misspecified, with in-sample MSE: 0.10405656456999743

 Training SURE of the models:
SURE-PM: 0.029198808633698833
NPMLE: 0.22665911435308503
SURE-PM, NPMLE init: 0.029144831732256123
experiment: d
Finished training EB misspecified with NPMLE init, with SURE: -0.003236435388643013
Finished training EB misspecified with NPMLE init, with in-sample MSE: 0.005066196827728278
Finished training EB misspecified, with SURE: -0.0032362602713694954
Finished training EB misspecified, with in-sample MSE: 0.0050661294304048645

 Training SURE of the models:
SURE-PM: -0.0032362602713694954
NPMLE: 0.08488424846952534
SURE-PM, NPMLE init: -0.003236435388643013
experiment: e
Finished training EB misspecified with NPMLE init, with SURE: 0.14924343483150906
Finished training EB misspecified with NPMLE init, with in-sample MSE: 0.17690636683897676
Finished training EB misspecified, with SURE: 0.14926781526186453
Finished training EB misspecified, with in-sample MSE: 0.1769353904003349

 Training SURE of the models:
SURE-PM: 0.14926781526186453
NPMLE: 0.3101044403739752
SURE-PM, NPMLE init: 0.14924343483150906
m: 2462
n: 100
experiment: c
Finished training EB misspecified with NPMLE init, with SURE: 0.12559571989181778
Finished training EB misspecified with NPMLE init, with in-sample MSE: 0.1576245664611388
Finished training EB misspecified, with SURE: 0.1256116738903131
Finished training EB misspecified, with in-sample MSE: 0.15757692145865604

 Training SURE of the models:
SURE-PM: 0.1256116738903131
NPMLE: 0.6554368857182292
SURE-PM, NPMLE init: 0.12559571989181778
experiment: d
Finished training EB misspecified with NPMLE init, with SURE: 0.010106423194452194
Finished training EB misspecified with NPMLE init, with in-sample MSE: 0.01844148982446155
Finished training EB misspecified, with SURE: 0.010108347020963837
Finished training EB misspecified, with in-sample MSE: 0.018439663690424025

 Training SURE of the models:
SURE-PM: 0.010108347020963837
NPMLE: 0.12573514156130197
SURE-PM, NPMLE init: 0.010106423194452194
experiment: e
Finished training EB misspecified with NPMLE init, with SURE: 0.12433382657894136
Finished training EB misspecified with NPMLE init, with in-sample MSE: 0.2189660023348647
Finished training EB misspecified, with SURE: 0.1243372016843189
Finished training EB misspecified, with in-sample MSE: 0.21896499377538828

 Training SURE of the models:
SURE-PM: 0.1243372016843189
NPMLE: 0.3097162755466493
SURE-PM, NPMLE init: 0.12433382657894136
n: 400
experiment: c
Finished training EB misspecified with NPMLE init, with SURE: 0.1303449941717527
Finished training EB misspecified with NPMLE init, with in-sample MSE: 0.11349652854086469
Finished training EB misspecified, with SURE: 0.13666728458303112
Finished training EB misspecified, with in-sample MSE: 0.08632243687141035

 Training SURE of the models:
SURE-PM: 0.13666728458303112
NPMLE: 0.7561319276263576
SURE-PM, NPMLE init: 0.1303449941717527
experiment: d
Finished training EB misspecified with NPMLE init, with SURE: -0.0010057546563782083
Finished training EB misspecified with NPMLE init, with in-sample MSE: 0.004498688329950384
Finished training EB misspecified, with SURE: -0.0009944306235288992
Finished training EB misspecified, with in-sample MSE: 0.004483151889332227

 Training SURE of the models:
SURE-PM: -0.0009944306235288992
NPMLE: 0.04466048868862599
SURE-PM, NPMLE init: -0.0010057546563782083
experiment: e
Finished training EB misspecified with NPMLE init, with SURE: 0.17630523595057676
Finished training EB misspecified with NPMLE init, with in-sample MSE: 0.18030249792889225
Finished training EB misspecified, with SURE: 0.17530905772839553
Finished training EB misspecified, with in-sample MSE: 0.17589140106181833

 Training SURE of the models:
SURE-PM: 0.17530905772839553
NPMLE: 0.31661497511054537
SURE-PM, NPMLE init: 0.17630523595057676
m: 2463
n: 100
experiment: c
Finished training EB misspecified with NPMLE init, with SURE: 0.056453313702436246
Finished training EB misspecified with NPMLE init, with in-sample MSE: 0.10490598829195998
Finished training EB misspecified, with SURE: 0.056471613754891056
Finished training EB misspecified, with in-sample MSE: 0.10486576911202249

 Training SURE of the models:
SURE-PM: 0.056471613754891056
NPMLE: 0.8141724041822223
SURE-PM, NPMLE init: 0.056453313702436246
experiment: d
Finished training EB misspecified with NPMLE init, with SURE: -0.0031390879760336077
Finished training EB misspecified with NPMLE init, with in-sample MSE: 0.006002607789344053
Finished training EB misspecified, with SURE: -0.003139666329260731
Finished training EB misspecified, with in-sample MSE: 0.006002147859853499

 Training SURE of the models:
SURE-PM: -0.003139666329260731
NPMLE: 0.014567255335920848
SURE-PM, NPMLE init: -0.0031390879760336077
experiment: e
Finished training EB misspecified with NPMLE init, with SURE: 0.1792471657770239
Finished training EB misspecified with NPMLE init, with in-sample MSE: 0.19680365396929375
Finished training EB misspecified, with SURE: 0.17407023551139397
Finished training EB misspecified, with in-sample MSE: 0.1918196527364514

 Training SURE of the models:
SURE-PM: 0.17407023551139397
NPMLE: 0.2807598233660395
SURE-PM, NPMLE init: 0.1792471657770239
n: 400
experiment: c
Finished training EB misspecified with NPMLE init, with SURE: 0.08614136248587358
Finished training EB misspecified with NPMLE init, with in-sample MSE: 0.054230199368297205
Finished training EB misspecified, with SURE: 0.08613421325724346
Finished training EB misspecified, with in-sample MSE: 0.054271410923600084

 Training SURE of the models:
SURE-PM: 0.08613421325724346
NPMLE: 0.6201809890247044
SURE-PM, NPMLE init: 0.08614136248587358
experiment: d
Finished training EB misspecified with NPMLE init, with SURE: 0.0033239531451443407
Finished training EB misspecified with NPMLE init, with in-sample MSE: 0.005415560831314813
Finished training EB misspecified, with SURE: 0.00333137139659458
Finished training EB misspecified, with in-sample MSE: 0.00543271893615692

 Training SURE of the models:
SURE-PM: 0.00333137139659458
NPMLE: 0.028510491010525333
SURE-PM, NPMLE init: 0.0033239531451443407
experiment: e
Finished training EB misspecified with NPMLE init, with SURE: 0.14671049895094718
Finished training EB misspecified with NPMLE init, with in-sample MSE: 0.18873977122830976
Finished training EB misspecified, with SURE: 0.14672037414856703
Finished training EB misspecified, with in-sample MSE: 0.18871321939267507

 Training SURE of the models:
SURE-PM: 0.14672037414856703
NPMLE: 0.3109726155334526
SURE-PM, NPMLE init: 0.14671049895094718
m: 2464
n: 100
experiment: c
Finished training EB misspecified with NPMLE init, with SURE: 0.05057968808951614
Finished training EB misspecified with NPMLE init, with in-sample MSE: 0.0791865630641671
Finished training EB misspecified, with SURE: 0.05078148809890969
Finished training EB misspecified, with in-sample MSE: 0.07994948477495815

 Training SURE of the models:
SURE-PM: 0.05078148809890969
NPMLE: 0.6260613604739643
SURE-PM, NPMLE init: 0.05057968808951614
experiment: d
Finished training EB misspecified with NPMLE init, with SURE: -0.02104158714561905
Finished training EB misspecified with NPMLE init, with in-sample MSE: 0.005990443981182811
Finished training EB misspecified, with SURE: -0.02142282222521196
Finished training EB misspecified, with in-sample MSE: 0.006915835801561747

 Training SURE of the models:
SURE-PM: -0.02142282222521196
NPMLE: -0.007905653652047526
SURE-PM, NPMLE init: -0.02104158714561905
experiment: e
Finished training EB misspecified with NPMLE init, with SURE: 0.10988159037387622
Finished training EB misspecified with NPMLE init, with in-sample MSE: 0.20429896157923236
Finished training EB misspecified, with SURE: 0.10987373110069452
Finished training EB misspecified, with in-sample MSE: 0.20437148683959272

 Training SURE of the models:
SURE-PM: 0.10987373110069452
NPMLE: 0.4067569356599991
SURE-PM, NPMLE init: 0.10988159037387622
n: 400
experiment: c
Finished training EB misspecified with NPMLE init, with SURE: 0.06707244327342793
Finished training EB misspecified with NPMLE init, with in-sample MSE: 0.0693780767848848
Finished training EB misspecified, with SURE: 0.06709289541746401
Finished training EB misspecified, with in-sample MSE: 0.06936748942042542

 Training SURE of the models:
SURE-PM: 0.06709289541746401
NPMLE: 0.7854775761836718
SURE-PM, NPMLE init: 0.06707244327342793
experiment: d
Finished training EB misspecified with NPMLE init, with SURE: 0.008418305510225786
Finished training EB misspecified with NPMLE init, with in-sample MSE: 0.005063284631890712
Finished training EB misspecified, with SURE: 0.008418411420105089
Finished training EB misspecified, with in-sample MSE: 0.00506331940016685

 Training SURE of the models:
SURE-PM: 0.008418411420105089
NPMLE: 0.06679512593097536
SURE-PM, NPMLE init: 0.008418305510225786
experiment: e
Finished training EB misspecified with NPMLE init, with SURE: 0.17633626260987784
Finished training EB misspecified with NPMLE init, with in-sample MSE: 0.1686704094659176
Finished training EB misspecified, with SURE: 0.1763481235129644
Finished training EB misspecified, with in-sample MSE: 0.16864825991609703

 Training SURE of the models:
SURE-PM: 0.1763481235129644
NPMLE: 0.2928155688742106
SURE-PM, NPMLE init: 0.17633626260987784
m: 2465
n: 100
experiment: c
Finished training EB misspecified with NPMLE init, with SURE: 0.08216303693902532
Finished training EB misspecified with NPMLE init, with in-sample MSE: 0.0554131413225429
Finished training EB misspecified, with SURE: 0.0821894310929494
Finished training EB misspecified, with in-sample MSE: 0.05539567629876475

 Training SURE of the models:
SURE-PM: 0.0821894310929494
NPMLE: 0.6453851886415738
SURE-PM, NPMLE init: 0.08216303693902532
experiment: d
Finished training EB misspecified with NPMLE init, with SURE: 0.0025588081543279273
Finished training EB misspecified with NPMLE init, with in-sample MSE: 0.012752380702553792
Finished training EB misspecified, with SURE: 0.0025615101992525523
Finished training EB misspecified, with in-sample MSE: 0.012748892877981064

 Training SURE of the models:
SURE-PM: 0.0025615101992525523
NPMLE: 0.04374787857212738
SURE-PM, NPMLE init: 0.0025588081543279273
experiment: e
Finished training EB misspecified with NPMLE init, with SURE: 0.055283778820655737
Finished training EB misspecified with NPMLE init, with in-sample MSE: 0.2633456152106674
Finished training EB misspecified, with SURE: 0.05528506888511249
Finished training EB misspecified, with in-sample MSE: 0.26332422592636023

 Training SURE of the models:
SURE-PM: 0.05528506888511249
NPMLE: 0.34034793517237916
SURE-PM, NPMLE init: 0.055283778820655737
n: 400
experiment: c
Finished training EB misspecified with NPMLE init, with SURE: 0.12278152681051452
Finished training EB misspecified with NPMLE init, with in-sample MSE: 0.07423335688978254
Finished training EB misspecified, with SURE: 0.12278704992636393
Finished training EB misspecified, with in-sample MSE: 0.0745924107541861

 Training SURE of the models:
SURE-PM: 0.12278704992636393
NPMLE: 0.5657997954570386
SURE-PM, NPMLE init: 0.12278152681051452
experiment: d
Finished training EB misspecified with NPMLE init, with SURE: 0.01147722608317391
Finished training EB misspecified with NPMLE init, with in-sample MSE: 0.011001748950026034
Finished training EB misspecified, with SURE: 0.0114820979821698
Finished training EB misspecified, with in-sample MSE: 0.010987087079804232

 Training SURE of the models:
SURE-PM: 0.0114820979821698
NPMLE: 0.0967993301068615
SURE-PM, NPMLE init: 0.01147722608317391
experiment: e
Finished training EB misspecified with NPMLE init, with SURE: 0.15715614568323402
Finished training EB misspecified with NPMLE init, with in-sample MSE: 0.1990095216712405
Finished training EB misspecified, with SURE: 0.15712730220698626
Finished training EB misspecified, with in-sample MSE: 0.19937135413509377

 Training SURE of the models:
SURE-PM: 0.15712730220698626
NPMLE: 0.3253530603250831
SURE-PM, NPMLE init: 0.15715614568323402
m: 2466
n: 100
experiment: c
Finished training EB misspecified with NPMLE init, with SURE: -0.04609990634654125
Finished training EB misspecified with NPMLE init, with in-sample MSE: 0.0627657537033265
Finished training EB misspecified, with SURE: -0.04603568919013803
Finished training EB misspecified, with in-sample MSE: 0.06361644435697288

 Training SURE of the models:
SURE-PM: -0.04603568919013803
NPMLE: 0.4890749340134959
SURE-PM, NPMLE init: -0.04609990634654125
experiment: d
Finished training EB misspecified with NPMLE init, with SURE: 0.010922962561583276
Finished training EB misspecified with NPMLE init, with in-sample MSE: 0.007474271736089522
Finished training EB misspecified, with SURE: 0.010921292040942525
Finished training EB misspecified, with in-sample MSE: 0.007476940205506406

 Training SURE of the models:
SURE-PM: 0.010921292040942525
NPMLE: 0.053887737043515446
SURE-PM, NPMLE init: 0.010922962561583276
experiment: e
Finished training EB misspecified with NPMLE init, with SURE: 0.1352702879938655
Finished training EB misspecified with NPMLE init, with in-sample MSE: 0.28714322008363063
Finished training EB misspecified, with SURE: 0.13528317021552178
Finished training EB misspecified, with in-sample MSE: 0.2870945906274525

 Training SURE of the models:
SURE-PM: 0.13528317021552178
NPMLE: 0.2735187575683538
SURE-PM, NPMLE init: 0.1352702879938655
n: 400
experiment: c
Finished training EB misspecified with NPMLE init, with SURE: 0.07992084448157698
Finished training EB misspecified with NPMLE init, with in-sample MSE: 0.05915257868996405
Finished training EB misspecified, with SURE: 0.07991928888732808
Finished training EB misspecified, with in-sample MSE: 0.05915380021039132

 Training SURE of the models:
SURE-PM: 0.07991928888732808
NPMLE: 0.8330840708592032
SURE-PM, NPMLE init: 0.07992084448157698
experiment: d
Finished training EB misspecified with NPMLE init, with SURE: -0.017733291271542787
Finished training EB misspecified with NPMLE init, with in-sample MSE: 0.004824287122350334
Finished training EB misspecified, with SURE: -0.01773301892271764
Finished training EB misspecified, with in-sample MSE: 0.004824212088433304

 Training SURE of the models:
SURE-PM: -0.01773301892271764
NPMLE: 0.01753228355498141
SURE-PM, NPMLE init: -0.017733291271542787
experiment: e
Finished training EB misspecified with NPMLE init, with SURE: 0.1553433720130552
Finished training EB misspecified with NPMLE init, with in-sample MSE: 0.18988084736771152
Finished training EB misspecified, with SURE: 0.15542478582631922
Finished training EB misspecified, with in-sample MSE: 0.1908224430685386

 Training SURE of the models:
SURE-PM: 0.15542478582631922
NPMLE: 0.3086597277621916
SURE-PM, NPMLE init: 0.1553433720130552
m: 2467
n: 100
experiment: c
Finished training EB misspecified with NPMLE init, with SURE: -0.023549985057868882
Finished training EB misspecified with NPMLE init, with in-sample MSE: 0.06020802999331071
Finished training EB misspecified, with SURE: -0.02354445061193964
Finished training EB misspecified, with in-sample MSE: 0.06021798274449096

 Training SURE of the models:
SURE-PM: -0.02354445061193964
NPMLE: 0.45959310276847765
SURE-PM, NPMLE init: -0.023549985057868882
experiment: d
Finished training EB misspecified with NPMLE init, with SURE: 0.026379179529591925
Finished training EB misspecified with NPMLE init, with in-sample MSE: 0.023664455825453876
Finished training EB misspecified, with SURE: 0.026379199318150325
Finished training EB misspecified, with in-sample MSE: 0.023663529497952158

 Training SURE of the models:
SURE-PM: 0.026379199318150325
NPMLE: 0.18496151380171702
SURE-PM, NPMLE init: 0.026379179529591925
experiment: e
Finished training EB misspecified with NPMLE init, with SURE: 0.15135613061994477
Finished training EB misspecified with NPMLE init, with in-sample MSE: 0.20648271047473832
Finished training EB misspecified, with SURE: 0.1513605352499807
Finished training EB misspecified, with in-sample MSE: 0.20649465167415668

 Training SURE of the models:
SURE-PM: 0.1513605352499807
NPMLE: 0.566897196839918
SURE-PM, NPMLE init: 0.15135613061994477
n: 400
experiment: c
Finished training EB misspecified with NPMLE init, with SURE: 0.014440697094909041
Finished training EB misspecified with NPMLE init, with in-sample MSE: 0.05650744040791218
Finished training EB misspecified, with SURE: 0.014444210879312537
Finished training EB misspecified, with in-sample MSE: 0.05651091079379133

 Training SURE of the models:
SURE-PM: 0.014444210879312537
NPMLE: 0.3790538407984734
SURE-PM, NPMLE init: 0.014440697094909041
experiment: d
Finished training EB misspecified with NPMLE init, with SURE: -0.00801931941427
Finished training EB misspecified with NPMLE init, with in-sample MSE: 0.004301573182225345
Finished training EB misspecified, with SURE: -0.008018864801596486
Finished training EB misspecified, with in-sample MSE: 0.004299552737692312

 Training SURE of the models:
SURE-PM: -0.008018864801596486
NPMLE: 0.04583788248066032
SURE-PM, NPMLE init: -0.00801931941427
experiment: e
Finished training EB misspecified with NPMLE init, with SURE: 0.13039534531604305
Finished training EB misspecified with NPMLE init, with in-sample MSE: 0.17032613208385666
Finished training EB misspecified, with SURE: 0.13040269404321322
Finished training EB misspecified, with in-sample MSE: 0.17031908707318716

 Training SURE of the models:
SURE-PM: 0.13040269404321322
NPMLE: 0.4250627764389423
SURE-PM, NPMLE init: 0.13039534531604305
m: 2468
n: 100
experiment: c
Finished training EB misspecified with NPMLE init, with SURE: -0.061802120821945083
Finished training EB misspecified with NPMLE init, with in-sample MSE: 0.07471348025802164
Finished training EB misspecified, with SURE: -0.061778764099424566
Finished training EB misspecified, with in-sample MSE: 0.07534209907856042

 Training SURE of the models:
SURE-PM: -0.061778764099424566
NPMLE: 0.10621675031856512
SURE-PM, NPMLE init: -0.061802120821945083
experiment: d
Finished training EB misspecified with NPMLE init, with SURE: 0.014489487769319105
Finished training EB misspecified with NPMLE init, with in-sample MSE: 0.008704141561059904
Finished training EB misspecified, with SURE: 0.014489735842868293
Finished training EB misspecified, with in-sample MSE: 0.008704354841833038

 Training SURE of the models:
SURE-PM: 0.014489735842868293
NPMLE: 0.015473615651911157
SURE-PM, NPMLE init: 0.014489487769319105
experiment: e
Finished training EB misspecified with NPMLE init, with SURE: 0.1412645207058581
Finished training EB misspecified with NPMLE init, with in-sample MSE: 0.2220589611782993
Finished training EB misspecified, with SURE: 0.14127263681636226
Finished training EB misspecified, with in-sample MSE: 0.22202170678281455

 Training SURE of the models:
SURE-PM: 0.14127263681636226
NPMLE: 0.2864588789840895
SURE-PM, NPMLE init: 0.1412645207058581
n: 400
experiment: c
Finished training EB misspecified with NPMLE init, with SURE: 0.043001246717871026
Finished training EB misspecified with NPMLE init, with in-sample MSE: 0.05076138380759536
Finished training EB misspecified, with SURE: 0.043004743354068536
Finished training EB misspecified, with in-sample MSE: 0.050758397138698515

 Training SURE of the models:
SURE-PM: 0.043004743354068536
NPMLE: 0.6178666753034286
SURE-PM, NPMLE init: 0.043001246717871026
experiment: d
Finished training EB misspecified with NPMLE init, with SURE: -0.007266208202754001
Finished training EB misspecified with NPMLE init, with in-sample MSE: 0.00618283505988246
Finished training EB misspecified, with SURE: -0.007235849200578226
Finished training EB misspecified, with in-sample MSE: 0.006172112884232447

 Training SURE of the models:
SURE-PM: -0.007235849200578226
NPMLE: 0.051511809564623354
SURE-PM, NPMLE init: -0.007266208202754001
experiment: e
Finished training EB misspecified with NPMLE init, with SURE: 0.156154885577603
Finished training EB misspecified with NPMLE init, with in-sample MSE: 0.16355191760567453
Finished training EB misspecified, with SURE: 0.15615843166703133
Finished training EB misspecified, with in-sample MSE: 0.1635471548363191

 Training SURE of the models:
SURE-PM: 0.15615843166703133
NPMLE: 0.31613165233401813
SURE-PM, NPMLE init: 0.156154885577603
m: 2469
n: 100
experiment: c
Finished training EB misspecified with NPMLE init, with SURE: 0.09949122545924198
Finished training EB misspecified with NPMLE init, with in-sample MSE: 0.07715348133996952
Finished training EB misspecified, with SURE: 0.09949357832924094
Finished training EB misspecified, with in-sample MSE: 0.07715383429317967

 Training SURE of the models:
SURE-PM: 0.09949357832924094
NPMLE: 0.5408494242806042
SURE-PM, NPMLE init: 0.09949122545924198
experiment: d
Finished training EB misspecified with NPMLE init, with SURE: 0.013849114752915845
Finished training EB misspecified with NPMLE init, with in-sample MSE: 0.052944181795100714
Finished training EB misspecified, with SURE: 0.013886568457037
Finished training EB misspecified, with in-sample MSE: 0.053122052499623366

 Training SURE of the models:
SURE-PM: 0.013886568457037
NPMLE: 0.2058458674195851
SURE-PM, NPMLE init: 0.013849114752915845
experiment: e
Finished training EB misspecified with NPMLE init, with SURE: 0.11844392124918493
Finished training EB misspecified with NPMLE init, with in-sample MSE: 0.2597968362411602
Finished training EB misspecified, with SURE: 0.11843245135582692
Finished training EB misspecified, with in-sample MSE: 0.25955682702384697

 Training SURE of the models:
SURE-PM: 0.11843245135582692
NPMLE: 0.3663001817711853
SURE-PM, NPMLE init: 0.11844392124918493
n: 400
experiment: c
Finished training EB misspecified with NPMLE init, with SURE: 0.03599434561292405
Finished training EB misspecified with NPMLE init, with in-sample MSE: 0.05508856499215438
Finished training EB misspecified, with SURE: 0.03598506082861078
Finished training EB misspecified, with in-sample MSE: 0.05497251218445069

 Training SURE of the models:
SURE-PM: 0.03598506082861078
NPMLE: 0.47601434593357106
SURE-PM, NPMLE init: 0.03599434561292405
experiment: d
Finished training EB misspecified with NPMLE init, with SURE: 0.00997932888556516
Finished training EB misspecified with NPMLE init, with in-sample MSE: 0.007882620401632524
Finished training EB misspecified, with SURE: 0.00997955052395774
Finished training EB misspecified, with in-sample MSE: 0.007882724946196552

 Training SURE of the models:
SURE-PM: 0.00997955052395774
NPMLE: 0.17982333651120308
SURE-PM, NPMLE init: 0.00997932888556516
experiment: e
Finished training EB misspecified with NPMLE init, with SURE: 0.1494247190796804
Finished training EB misspecified with NPMLE init, with in-sample MSE: 0.17927671779023882
Finished training EB misspecified, with SURE: 0.14943235381362385
Finished training EB misspecified, with in-sample MSE: 0.1792807308453017

 Training SURE of the models:
SURE-PM: 0.14943235381362385
NPMLE: 0.332157540447082
SURE-PM, NPMLE init: 0.1494247190796804
m: 2470
n: 100
experiment: c
Finished training EB misspecified with NPMLE init, with SURE: 0.12987177935721014
Finished training EB misspecified with NPMLE init, with in-sample MSE: 0.1029461363331731
Finished training EB misspecified, with SURE: 0.12991740141316022
Finished training EB misspecified, with in-sample MSE: 0.10266613591474291

 Training SURE of the models:
SURE-PM: 0.12991740141316022
NPMLE: 1.0396127445172523
SURE-PM, NPMLE init: 0.12987177935721014
experiment: d
Finished training EB misspecified with NPMLE init, with SURE: 0.016552701995373766
Finished training EB misspecified with NPMLE init, with in-sample MSE: 0.013845883045322327
Finished training EB misspecified, with SURE: 0.02034336765167943
Finished training EB misspecified, with in-sample MSE: 0.004673590005623845

 Training SURE of the models:
SURE-PM: 0.02034336765167943
NPMLE: 0.07398088768286426
SURE-PM, NPMLE init: 0.016552701995373766
experiment: e
Finished training EB misspecified with NPMLE init, with SURE: 0.11071628943384426
Finished training EB misspecified with NPMLE init, with in-sample MSE: 0.21296100108161703
Finished training EB misspecified, with SURE: 0.10166769533024067
Finished training EB misspecified, with in-sample MSE: 0.20589899459425198

 Training SURE of the models:
SURE-PM: 0.10166769533024067
NPMLE: 0.33471695090948034
SURE-PM, NPMLE init: 0.11071628943384426
n: 400
experiment: c
Finished training EB misspecified with NPMLE init, with SURE: 0.03014975505821866
Finished training EB misspecified with NPMLE init, with in-sample MSE: 0.07066820069415175
Finished training EB misspecified, with SURE: 0.03956407886587478
Finished training EB misspecified, with in-sample MSE: 0.05322719946148652

 Training SURE of the models:
SURE-PM: 0.03956407886587478
NPMLE: 0.9331341291114323
SURE-PM, NPMLE init: 0.03014975505821866
experiment: d
Finished training EB misspecified with NPMLE init, with SURE: 0.004036956176196487
Finished training EB misspecified with NPMLE init, with in-sample MSE: 0.004020523463468668
Finished training EB misspecified, with SURE: 0.004036825669181124
Finished training EB misspecified, with in-sample MSE: 0.004020836464786831

 Training SURE of the models:
SURE-PM: 0.004036825669181124
NPMLE: 0.06736738323473693
SURE-PM, NPMLE init: 0.004036956176196487
experiment: e
Finished training EB misspecified with NPMLE init, with SURE: 0.13087740106755977
Finished training EB misspecified with NPMLE init, with in-sample MSE: 0.16990132544396047
Finished training EB misspecified, with SURE: 0.13081837633463425
Finished training EB misspecified, with in-sample MSE: 0.16985672726387055

 Training SURE of the models:
SURE-PM: 0.13081837633463425
NPMLE: 0.37506307341262324
SURE-PM, NPMLE init: 0.13087740106755977
m: 2471
n: 100
experiment: c
Finished training EB misspecified with NPMLE init, with SURE: -0.014503815427401036
Finished training EB misspecified with NPMLE init, with in-sample MSE: 0.08655978269179154
Finished training EB misspecified, with SURE: 0.005258064074748745
Finished training EB misspecified, with in-sample MSE: 0.05340319920985883

 Training SURE of the models:
SURE-PM: 0.005258064074748745
NPMLE: 0.7894118382873504
SURE-PM, NPMLE init: -0.014503815427401036
experiment: d
Finished training EB misspecified with NPMLE init, with SURE: 0.008134464883014446
Finished training EB misspecified with NPMLE init, with in-sample MSE: 0.010091264065336256
Finished training EB misspecified, with SURE: 0.00813498149172549
Finished training EB misspecified, with in-sample MSE: 0.010090667071325976

 Training SURE of the models:
SURE-PM: 0.00813498149172549
NPMLE: 0.06390329718130941
SURE-PM, NPMLE init: 0.008134464883014446
experiment: e
Finished training EB misspecified with NPMLE init, with SURE: 0.11405763215621015
Finished training EB misspecified with NPMLE init, with in-sample MSE: 0.2057952392005083
Finished training EB misspecified, with SURE: 0.11421058327772236
Finished training EB misspecified, with in-sample MSE: 0.20738689360163712

 Training SURE of the models:
SURE-PM: 0.11421058327772236
NPMLE: 0.36010402034053174
SURE-PM, NPMLE init: 0.11405763215621015
n: 400
experiment: c
Finished training EB misspecified with NPMLE init, with SURE: -0.00425560459804899
Finished training EB misspecified with NPMLE init, with in-sample MSE: 0.08000820464114403
Finished training EB misspecified, with SURE: -0.004245064947956436
Finished training EB misspecified, with in-sample MSE: 0.08005653175381716

 Training SURE of the models:
SURE-PM: -0.004245064947956436
NPMLE: 0.35382573715390436
SURE-PM, NPMLE init: -0.00425560459804899
experiment: d
Finished training EB misspecified with NPMLE init, with SURE: 0.011776496374643309
Finished training EB misspecified with NPMLE init, with in-sample MSE: 0.007790762698015397
Finished training EB misspecified, with SURE: 0.011775930515017734
Finished training EB misspecified, with in-sample MSE: 0.00779105711199624

 Training SURE of the models:
SURE-PM: 0.011775930515017734
NPMLE: 0.2369617499568924
SURE-PM, NPMLE init: 0.011776496374643309
experiment: e
Finished training EB misspecified with NPMLE init, with SURE: 0.11213477796959659
Finished training EB misspecified with NPMLE init, with in-sample MSE: 0.18909883906743766
Finished training EB misspecified, with SURE: 0.11215471369573883
Finished training EB misspecified, with in-sample MSE: 0.1890847569450935

 Training SURE of the models:
SURE-PM: 0.11215471369573883
NPMLE: 0.31384320351309214
SURE-PM, NPMLE init: 0.11213477796959659
m: 2472
n: 100
experiment: c
Finished training EB misspecified with NPMLE init, with SURE: 0.05710997739143231
Finished training EB misspecified with NPMLE init, with in-sample MSE: 0.08022950056949506
Finished training EB misspecified, with SURE: 0.05711756197358724
Finished training EB misspecified, with in-sample MSE: 0.08023660145044015

 Training SURE of the models:
SURE-PM: 0.05711756197358724
NPMLE: 0.6869882658261948
SURE-PM, NPMLE init: 0.05710997739143231
experiment: d
Finished training EB misspecified with NPMLE init, with SURE: 0.00988406408236493
Finished training EB misspecified with NPMLE init, with in-sample MSE: 0.011239224019661207
Finished training EB misspecified, with SURE: 0.008939094488629068
Finished training EB misspecified, with in-sample MSE: 0.012831336075701187

 Training SURE of the models:
SURE-PM: 0.008939094488629068
NPMLE: 0.02311317162284153
SURE-PM, NPMLE init: 0.00988406408236493
experiment: e
Finished training EB misspecified with NPMLE init, with SURE: 0.13373884489914695
Finished training EB misspecified with NPMLE init, with in-sample MSE: 0.25631620953059214
Finished training EB misspecified, with SURE: 0.13374537092680655
Finished training EB misspecified, with in-sample MSE: 0.2562804833881847

 Training SURE of the models:
SURE-PM: 0.13374537092680655
NPMLE: 0.27305689536849764
SURE-PM, NPMLE init: 0.13373884489914695
n: 400
experiment: c
Finished training EB misspecified with NPMLE init, with SURE: 0.04531897688395624
Finished training EB misspecified with NPMLE init, with in-sample MSE: 0.07538303358551313
Finished training EB misspecified, with SURE: 0.05463196645643862
Finished training EB misspecified, with in-sample MSE: 0.05246554055165032

 Training SURE of the models:
SURE-PM: 0.05463196645643862
NPMLE: 0.6628055119247154
SURE-PM, NPMLE init: 0.04531897688395624
experiment: d
Finished training EB misspecified with NPMLE init, with SURE: -0.002217576801961876
Finished training EB misspecified with NPMLE init, with in-sample MSE: 0.013813224188543513
Finished training EB misspecified, with SURE: -0.0022157234581730734
Finished training EB misspecified, with in-sample MSE: 0.01380527759997302

 Training SURE of the models:
SURE-PM: -0.0022157234581730734
NPMLE: 0.006463911094843695
SURE-PM, NPMLE init: -0.002217576801961876
experiment: e
Finished training EB misspecified with NPMLE init, with SURE: 0.17555630270827283
Finished training EB misspecified with NPMLE init, with in-sample MSE: 0.17117147517251918
Finished training EB misspecified, with SURE: 0.17555988689910978
Finished training EB misspecified, with in-sample MSE: 0.1712274947977993

 Training SURE of the models:
SURE-PM: 0.17555988689910978
NPMLE: 0.30990203903552105
SURE-PM, NPMLE init: 0.17555630270827283
m: 2473
n: 100
experiment: c
Finished training EB misspecified with NPMLE init, with SURE: -0.00898653129803634
Finished training EB misspecified with NPMLE init, with in-sample MSE: 0.06079270570172532
Finished training EB misspecified, with SURE: -0.008962647752321046
Finished training EB misspecified, with in-sample MSE: 0.06079154783633297

 Training SURE of the models:
SURE-PM: -0.008962647752321046
NPMLE: 0.4281290679945279
SURE-PM, NPMLE init: -0.00898653129803634
experiment: d
Finished training EB misspecified with NPMLE init, with SURE: 0.013760106668494441
Finished training EB misspecified with NPMLE init, with in-sample MSE: 0.010740730443273777
Finished training EB misspecified, with SURE: 0.013761280644721605
Finished training EB misspecified, with in-sample MSE: 0.010742025739440608

 Training SURE of the models:
SURE-PM: 0.013761280644721605
NPMLE: 0.0864993669123154
SURE-PM, NPMLE init: 0.013760106668494441
experiment: e
Finished training EB misspecified with NPMLE init, with SURE: 0.13076462457041135
Finished training EB misspecified with NPMLE init, with in-sample MSE: 0.2823104341962124
Finished training EB misspecified, with SURE: 0.1307582366898085
Finished training EB misspecified, with in-sample MSE: 0.2822491687480564

 Training SURE of the models:
SURE-PM: 0.1307582366898085
NPMLE: 0.34169312109036326
SURE-PM, NPMLE init: 0.13076462457041135
n: 400
experiment: c
Finished training EB misspecified with NPMLE init, with SURE: 0.07139763140595072
Finished training EB misspecified with NPMLE init, with in-sample MSE: 0.058816970426254646
Finished training EB misspecified, with SURE: 0.07145800661056903
Finished training EB misspecified, with in-sample MSE: 0.058726417994669024

 Training SURE of the models:
SURE-PM: 0.07145800661056903
NPMLE: 0.4251469979555866
SURE-PM, NPMLE init: 0.07139763140595072
experiment: d
Finished training EB misspecified with NPMLE init, with SURE: 0.0028070090443127606
Finished training EB misspecified with NPMLE init, with in-sample MSE: 0.00681374948280111
Finished training EB misspecified, with SURE: 0.0028287079379844472
Finished training EB misspecified, with in-sample MSE: 0.006924412623216806

 Training SURE of the models:
SURE-PM: 0.0028287079379844472
NPMLE: 0.03482568411019957
SURE-PM, NPMLE init: 0.0028070090443127606
experiment: e
Finished training EB misspecified with NPMLE init, with SURE: 0.1723889189447926
Finished training EB misspecified with NPMLE init, with in-sample MSE: 0.15909546451866563
Finished training EB misspecified, with SURE: 0.1743951244795624
Finished training EB misspecified, with in-sample MSE: 0.1579290654144687

 Training SURE of the models:
SURE-PM: 0.1743951244795624
NPMLE: 0.314853003727029
SURE-PM, NPMLE init: 0.1723889189447926
m: 2474
n: 100
experiment: c
Finished training EB misspecified with NPMLE init, with SURE: 0.06985529052782788
Finished training EB misspecified with NPMLE init, with in-sample MSE: 0.10478092421710039
Finished training EB misspecified, with SURE: 0.06986317007540649
Finished training EB misspecified, with in-sample MSE: 0.10483591143824253

 Training SURE of the models:
SURE-PM: 0.06986317007540649
NPMLE: 0.502126648950253
SURE-PM, NPMLE init: 0.06985529052782788
experiment: d
Finished training EB misspecified with NPMLE init, with SURE: 0.011580821982071079
Finished training EB misspecified with NPMLE init, with in-sample MSE: 0.01719719432013877
Finished training EB misspecified, with SURE: 0.011582815571061254
Finished training EB misspecified, with in-sample MSE: 0.01719830871884266

 Training SURE of the models:
SURE-PM: 0.011582815571061254
NPMLE: 0.0563571674165533
SURE-PM, NPMLE init: 0.011580821982071079
experiment: e
Finished training EB misspecified with NPMLE init, with SURE: 0.17168746663679393
Finished training EB misspecified with NPMLE init, with in-sample MSE: 0.18946676449403846
Finished training EB misspecified, with SURE: 0.17170287486848587
Finished training EB misspecified, with in-sample MSE: 0.18946331689671989

 Training SURE of the models:
SURE-PM: 0.17170287486848587
NPMLE: 0.2873590897646576
SURE-PM, NPMLE init: 0.17168746663679393
n: 400
experiment: c
Finished training EB misspecified with NPMLE init, with SURE: 0.004137851804871602
Finished training EB misspecified with NPMLE init, with in-sample MSE: 0.0576364789786249
Finished training EB misspecified, with SURE: 0.0041384982555750585
Finished training EB misspecified, with in-sample MSE: 0.05735406544891644

 Training SURE of the models:
SURE-PM: 0.0041384982555750585
NPMLE: 0.5289644319767677
SURE-PM, NPMLE init: 0.004137851804871602
experiment: d
Finished training EB misspecified with NPMLE init, with SURE: -0.003401102904541613
Finished training EB misspecified with NPMLE init, with in-sample MSE: 0.006986986046461514
Finished training EB misspecified, with SURE: -0.003400891155319137
Finished training EB misspecified, with in-sample MSE: 0.006986735022684566

 Training SURE of the models:
SURE-PM: -0.003400891155319137
NPMLE: 0.031623266496011375
SURE-PM, NPMLE init: -0.003401102904541613
experiment: e
Finished training EB misspecified with NPMLE init, with SURE: 0.16823046382687218
Finished training EB misspecified with NPMLE init, with in-sample MSE: 0.14435865779144774
Finished training EB misspecified, with SURE: 0.16823672845191395
Finished training EB misspecified, with in-sample MSE: 0.1443583858598294

 Training SURE of the models:
SURE-PM: 0.16823672845191395
NPMLE: 0.3361906888701377
SURE-PM, NPMLE init: 0.16823046382687218
m: 2475
n: 100
experiment: c
Finished training EB misspecified with NPMLE init, with SURE: 0.01901345908800522
Finished training EB misspecified with NPMLE init, with in-sample MSE: 0.07200591449503368
Finished training EB misspecified, with SURE: 0.01905565531342312
Finished training EB misspecified, with in-sample MSE: 0.07201857469713013

 Training SURE of the models:
SURE-PM: 0.01905565531342312
NPMLE: 0.3093846436454007
SURE-PM, NPMLE init: 0.01901345908800522
experiment: d
Finished training EB misspecified with NPMLE init, with SURE: -0.00900665692743095
Finished training EB misspecified with NPMLE init, with in-sample MSE: 0.04075758115670439
Finished training EB misspecified, with SURE: -0.009004142666702464
Finished training EB misspecified, with in-sample MSE: 0.040752125383010124

 Training SURE of the models:
SURE-PM: -0.009004142666702464
NPMLE: 0.0289867109808983
SURE-PM, NPMLE init: -0.00900665692743095
experiment: e
Finished training EB misspecified with NPMLE init, with SURE: 0.15184334654313272
Finished training EB misspecified with NPMLE init, with in-sample MSE: 0.21313613980010568
Finished training EB misspecified, with SURE: 0.1518463754486022
Finished training EB misspecified, with in-sample MSE: 0.21311290364388022

 Training SURE of the models:
SURE-PM: 0.1518463754486022
NPMLE: 0.3671836395989878
SURE-PM, NPMLE init: 0.15184334654313272
n: 400
experiment: c
Finished training EB misspecified with NPMLE init, with SURE: 0.05333914164737592
Finished training EB misspecified with NPMLE init, with in-sample MSE: 0.05577386343800478
Finished training EB misspecified, with SURE: 0.05338857325571802
Finished training EB misspecified, with in-sample MSE: 0.05562972415134208

 Training SURE of the models:
SURE-PM: 0.05338857325571802
NPMLE: 1.104654252121698
SURE-PM, NPMLE init: 0.05333914164737592
experiment: d
Finished training EB misspecified with NPMLE init, with SURE: -0.0030036994938364182
Finished training EB misspecified with NPMLE init, with in-sample MSE: 0.004168100041860663
Finished training EB misspecified, with SURE: -0.003002572546469615
Finished training EB misspecified, with in-sample MSE: 0.004176649305620784

 Training SURE of the models:
SURE-PM: -0.003002572546469615
NPMLE: 0.04166179626550228
SURE-PM, NPMLE init: -0.0030036994938364182
experiment: e
Finished training EB misspecified with NPMLE init, with SURE: 0.1787337597203146
Finished training EB misspecified with NPMLE init, with in-sample MSE: 0.21762598685831794
Finished training EB misspecified, with SURE: 0.17873621001806642
Finished training EB misspecified, with in-sample MSE: 0.21764466541290833

 Training SURE of the models:
SURE-PM: 0.17873621001806642
NPMLE: 0.3330543540925764
SURE-PM, NPMLE init: 0.1787337597203146
m: 2476
n: 100
experiment: c
Finished training EB misspecified with NPMLE init, with SURE: 0.07806283209627395
Finished training EB misspecified with NPMLE init, with in-sample MSE: 0.23955322458053388
Finished training EB misspecified, with SURE: 0.07809423045432438
Finished training EB misspecified, with in-sample MSE: 0.23956176211763613

 Training SURE of the models:
SURE-PM: 0.07809423045432438
NPMLE: 0.6750374734706867
SURE-PM, NPMLE init: 0.07806283209627395
experiment: d
Finished training EB misspecified with NPMLE init, with SURE: -0.00027304205658127854
Finished training EB misspecified with NPMLE init, with in-sample MSE: 0.04580289038741612
Finished training EB misspecified, with SURE: 0.031134331712452248
Finished training EB misspecified, with in-sample MSE: 0.006032372701887365

 Training SURE of the models:
SURE-PM: 0.031134331712452248
NPMLE: 0.2671519276458849
SURE-PM, NPMLE init: -0.00027304205658127854
experiment: e
Finished training EB misspecified with NPMLE init, with SURE: 0.16295655166711712
Finished training EB misspecified with NPMLE init, with in-sample MSE: 0.16417152797100723
Finished training EB misspecified, with SURE: 0.16295904103685993
Finished training EB misspecified, with in-sample MSE: 0.1641606990045868

 Training SURE of the models:
SURE-PM: 0.16295904103685993
NPMLE: 0.23201206717341946
SURE-PM, NPMLE init: 0.16295655166711712
n: 400
experiment: c
Finished training EB misspecified with NPMLE init, with SURE: 0.07749159048348161
Finished training EB misspecified with NPMLE init, with in-sample MSE: 0.06520229249435809
Finished training EB misspecified, with SURE: 0.08385941282425016
Finished training EB misspecified, with in-sample MSE: 0.04690652764021773

 Training SURE of the models:
SURE-PM: 0.08385941282425016
NPMLE: 0.9051622993908762
SURE-PM, NPMLE init: 0.07749159048348161
experiment: d
Finished training EB misspecified with NPMLE init, with SURE: -0.014664981684703343
Finished training EB misspecified with NPMLE init, with in-sample MSE: 0.007012128726226664
Finished training EB misspecified, with SURE: -0.014664915900326782
Finished training EB misspecified, with in-sample MSE: 0.007012192718562134

 Training SURE of the models:
SURE-PM: -0.014664915900326782
NPMLE: 0.04104676163215297
SURE-PM, NPMLE init: -0.014664981684703343
experiment: e
Finished training EB misspecified with NPMLE init, with SURE: 0.17168141041922258
Finished training EB misspecified with NPMLE init, with in-sample MSE: 0.14866558198144347
Finished training EB misspecified, with SURE: 0.1716963011173269
Finished training EB misspecified, with in-sample MSE: 0.1488557631576595

 Training SURE of the models:
SURE-PM: 0.1716963011173269
NPMLE: 0.2915910471484833
SURE-PM, NPMLE init: 0.17168141041922258
m: 2477
n: 100
experiment: c
Finished training EB misspecified with NPMLE init, with SURE: -0.12814684640496224
Finished training EB misspecified with NPMLE init, with in-sample MSE: 0.0604817322284736
Finished training EB misspecified, with SURE: -0.1280975999206177
Finished training EB misspecified, with in-sample MSE: 0.06052680814806226

 Training SURE of the models:
SURE-PM: -0.1280975999206177
NPMLE: 0.18964193465406431
SURE-PM, NPMLE init: -0.12814684640496224
experiment: d
Finished training EB misspecified with NPMLE init, with SURE: 0.014536044035736478
Finished training EB misspecified with NPMLE init, with in-sample MSE: 0.009474526300233216
Finished training EB misspecified, with SURE: 0.014725018100334122
Finished training EB misspecified, with in-sample MSE: 0.009254602059111085

 Training SURE of the models:
SURE-PM: 0.014725018100334122
NPMLE: 0.10747497136819284
SURE-PM, NPMLE init: 0.014536044035736478
experiment: e
Finished training EB misspecified with NPMLE init, with SURE: 0.12812413392953695
Finished training EB misspecified with NPMLE init, with in-sample MSE: 0.27001916658266567
Finished training EB misspecified, with SURE: 0.12813244381535235
Finished training EB misspecified, with in-sample MSE: 0.27016416080005173

 Training SURE of the models:
SURE-PM: 0.12813244381535235
NPMLE: 0.27362578314863617
SURE-PM, NPMLE init: 0.12812413392953695
n: 400
experiment: c
Finished training EB misspecified with NPMLE init, with SURE: 0.0907255147255816
Finished training EB misspecified with NPMLE init, with in-sample MSE: 0.06251292988330313
Finished training EB misspecified, with SURE: 0.09072585006483251
Finished training EB misspecified, with in-sample MSE: 0.06251519685563914

 Training SURE of the models:
SURE-PM: 0.09072585006483251
NPMLE: 0.36252503755547444
SURE-PM, NPMLE init: 0.0907255147255816
experiment: d
Finished training EB misspecified with NPMLE init, with SURE: 0.006582347099190127
Finished training EB misspecified with NPMLE init, with in-sample MSE: 0.009714168823243819
Finished training EB misspecified, with SURE: 0.00658270560456101
Finished training EB misspecified, with in-sample MSE: 0.009713977161481811

 Training SURE of the models:
SURE-PM: 0.00658270560456101
NPMLE: 0.14937738456000546
SURE-PM, NPMLE init: 0.006582347099190127
experiment: e
Finished training EB misspecified with NPMLE init, with SURE: 0.1695068770343518
Finished training EB misspecified with NPMLE init, with in-sample MSE: 0.1845910441163082
Finished training EB misspecified, with SURE: 0.1695263072956356
Finished training EB misspecified, with in-sample MSE: 0.18481459758100552

 Training SURE of the models:
SURE-PM: 0.1695263072956356
NPMLE: 0.2972691989817481
SURE-PM, NPMLE init: 0.1695068770343518
m: 2478
n: 100
experiment: c
Finished training EB misspecified with NPMLE init, with SURE: 0.04965420407550568
Finished training EB misspecified with NPMLE init, with in-sample MSE: 0.05123053389105335
Finished training EB misspecified, with SURE: 0.04966268033403409
Finished training EB misspecified, with in-sample MSE: 0.05123763749527037

 Training SURE of the models:
SURE-PM: 0.04966268033403409
NPMLE: 0.39238500745718197
SURE-PM, NPMLE init: 0.04965420407550568
experiment: d
Finished training EB misspecified with NPMLE init, with SURE: -0.03231694024540216
Finished training EB misspecified with NPMLE init, with in-sample MSE: 0.06447100420560106
Finished training EB misspecified, with SURE: 0.05647894727170046
Finished training EB misspecified, with in-sample MSE: 0.012083169077025264

 Training SURE of the models:
SURE-PM: 0.05647894727170046
NPMLE: 0.3593436370373058
SURE-PM, NPMLE init: -0.03231694024540216
experiment: e
Finished training EB misspecified with NPMLE init, with SURE: 0.12549055067100578
Finished training EB misspecified with NPMLE init, with in-sample MSE: 0.14339083930801555
Finished training EB misspecified, with SURE: 0.12548880077541438
Finished training EB misspecified, with in-sample MSE: 0.1434103883425272

 Training SURE of the models:
SURE-PM: 0.12548880077541438
NPMLE: 0.38777450598500607
SURE-PM, NPMLE init: 0.12549055067100578
n: 400
experiment: c
Finished training EB misspecified with NPMLE init, with SURE: 0.07603959416590456
Finished training EB misspecified with NPMLE init, with in-sample MSE: 0.0546873443332685
Finished training EB misspecified, with SURE: 0.07612132104778027
Finished training EB misspecified, with in-sample MSE: 0.05460491949717805

 Training SURE of the models:
SURE-PM: 0.07612132104778027
NPMLE: 0.35087776027676726
SURE-PM, NPMLE init: 0.07603959416590456
experiment: d
Finished training EB misspecified with NPMLE init, with SURE: -0.000569658935977344
Finished training EB misspecified with NPMLE init, with in-sample MSE: 0.007458552214372872
Finished training EB misspecified, with SURE: -0.0005693143669912005
Finished training EB misspecified, with in-sample MSE: 0.007458488960894842

 Training SURE of the models:
SURE-PM: -0.0005693143669912005
NPMLE: 0.016841351417274365
SURE-PM, NPMLE init: -0.000569658935977344
experiment: e
Finished training EB misspecified with NPMLE init, with SURE: 0.17141564897479705
Finished training EB misspecified with NPMLE init, with in-sample MSE: 0.19600196842662693
Finished training EB misspecified, with SURE: 0.17142301455905376
Finished training EB misspecified, with in-sample MSE: 0.19598920114381563

 Training SURE of the models:
SURE-PM: 0.17142301455905376
NPMLE: 0.3126538564486697
SURE-PM, NPMLE init: 0.17141564897479705
m: 2479
n: 100
experiment: c
Finished training EB misspecified with NPMLE init, with SURE: 0.0635279925304146
Finished training EB misspecified with NPMLE init, with in-sample MSE: 0.06443553818916761
Finished training EB misspecified, with SURE: 0.06353359100865866
Finished training EB misspecified, with in-sample MSE: 0.06443102184816016

 Training SURE of the models:
SURE-PM: 0.06353359100865866
NPMLE: 0.5864664738571956
SURE-PM, NPMLE init: 0.0635279925304146
experiment: d
Finished training EB misspecified with NPMLE init, with SURE: 0.06565642688722609
Finished training EB misspecified with NPMLE init, with in-sample MSE: 0.024728701406665356
Finished training EB misspecified, with SURE: 0.06565691655321171
Finished training EB misspecified, with in-sample MSE: 0.024730858658492182

 Training SURE of the models:
SURE-PM: 0.06565691655321171
NPMLE: 0.2238797612373018
SURE-PM, NPMLE init: 0.06565642688722609
experiment: e
Finished training EB misspecified with NPMLE init, with SURE: 0.09178688793828943
Finished training EB misspecified with NPMLE init, with in-sample MSE: 0.24162098090158346
Finished training EB misspecified, with SURE: 0.09179720417357817
Finished training EB misspecified, with in-sample MSE: 0.2416358672085113

 Training SURE of the models:
SURE-PM: 0.09179720417357817
NPMLE: 0.26058997958158664
SURE-PM, NPMLE init: 0.09178688793828943
n: 400
experiment: c
Finished training EB misspecified with NPMLE init, with SURE: 0.0162196152793004
Finished training EB misspecified with NPMLE init, with in-sample MSE: 0.061801641619932374
Finished training EB misspecified, with SURE: 0.016223619303417678
Finished training EB misspecified, with in-sample MSE: 0.0618024546418485

 Training SURE of the models:
SURE-PM: 0.016223619303417678
NPMLE: 0.3284694327010949
SURE-PM, NPMLE init: 0.0162196152793004
experiment: d
Finished training EB misspecified with NPMLE init, with SURE: 0.007718767049808477
Finished training EB misspecified with NPMLE init, with in-sample MSE: 0.007941886811254654
Finished training EB misspecified, with SURE: 0.009444472190434396
Finished training EB misspecified, with in-sample MSE: 0.005971513570162815

 Training SURE of the models:
SURE-PM: 0.009444472190434396
NPMLE: 0.04470411925984969
SURE-PM, NPMLE init: 0.007718767049808477
experiment: e
Finished training EB misspecified with NPMLE init, with SURE: 0.1660330539312213
Finished training EB misspecified with NPMLE init, with in-sample MSE: 0.1837296018625735
Finished training EB misspecified, with SURE: 0.1660455188408705
Finished training EB misspecified, with in-sample MSE: 0.18400469478372258

 Training SURE of the models:
SURE-PM: 0.1660455188408705
NPMLE: 0.3207418879647897
SURE-PM, NPMLE init: 0.1660330539312213
m: 2480
n: 100
experiment: c
Finished training EB misspecified with NPMLE init, with SURE: 0.07615088434821445
Finished training EB misspecified with NPMLE init, with in-sample MSE: 0.048225342626956096
Finished training EB misspecified, with SURE: 0.07618965330527785
Finished training EB misspecified, with in-sample MSE: 0.04838381876694682

 Training SURE of the models:
SURE-PM: 0.07618965330527785
NPMLE: 0.6405656313575708
SURE-PM, NPMLE init: 0.07615088434821445
experiment: d
Finished training EB misspecified with NPMLE init, with SURE: 0.014188802090690853
Finished training EB misspecified with NPMLE init, with in-sample MSE: 0.006687794834774038
Finished training EB misspecified, with SURE: 0.01418897826041519
Finished training EB misspecified, with in-sample MSE: 0.006687953967880855

 Training SURE of the models:
SURE-PM: 0.01418897826041519
NPMLE: 0.041566108316536406
SURE-PM, NPMLE init: 0.014188802090690853
experiment: e
Finished training EB misspecified with NPMLE init, with SURE: 0.10036394778369076
Finished training EB misspecified with NPMLE init, with in-sample MSE: 0.2717003358850512
Finished training EB misspecified, with SURE: 0.10036974579307081
Finished training EB misspecified, with in-sample MSE: 0.2714269722682363

 Training SURE of the models:
SURE-PM: 0.10036974579307081
NPMLE: 0.2699805774772306
SURE-PM, NPMLE init: 0.10036394778369076
n: 400
experiment: c
Finished training EB misspecified with NPMLE init, with SURE: 0.09490467452656645
Finished training EB misspecified with NPMLE init, with in-sample MSE: 0.06328279879569351
Finished training EB misspecified, with SURE: 0.09490996811031976
Finished training EB misspecified, with in-sample MSE: 0.06326181364024222

 Training SURE of the models:
SURE-PM: 0.09490996811031976
NPMLE: 0.9014285659948661
SURE-PM, NPMLE init: 0.09490467452656645
experiment: d
Finished training EB misspecified with NPMLE init, with SURE: 0.006040357531676239
Finished training EB misspecified with NPMLE init, with in-sample MSE: 0.006242961695548426
Finished training EB misspecified, with SURE: 0.006040546628514161
Finished training EB misspecified, with in-sample MSE: 0.006242908009949385

 Training SURE of the models:
SURE-PM: 0.006040546628514161
NPMLE: 0.07772808305688188
SURE-PM, NPMLE init: 0.006040357531676239
experiment: e
Finished training EB misspecified with NPMLE init, with SURE: 0.14399990418731878
Finished training EB misspecified with NPMLE init, with in-sample MSE: 0.19298290260901793
Finished training EB misspecified, with SURE: 0.1440034411756781
Finished training EB misspecified, with in-sample MSE: 0.19300549470007464

 Training SURE of the models:
SURE-PM: 0.1440034411756781
NPMLE: 0.3041231724882456
SURE-PM, NPMLE init: 0.14399990418731878
m: 2481
n: 100
experiment: c
Finished training EB misspecified with NPMLE init, with SURE: 0.13496066245987906
Finished training EB misspecified with NPMLE init, with in-sample MSE: 0.12737832610550492
Finished training EB misspecified, with SURE: 0.1349767424658792
Finished training EB misspecified, with in-sample MSE: 0.12739065467234986

 Training SURE of the models:
SURE-PM: 0.1349767424658792
NPMLE: 0.8447131688006688
SURE-PM, NPMLE init: 0.13496066245987906
experiment: d
Finished training EB misspecified with NPMLE init, with SURE: 0.05424173258757277
Finished training EB misspecified with NPMLE init, with in-sample MSE: 0.046113905260144854
Finished training EB misspecified, with SURE: 0.05424299930081278
Finished training EB misspecified, with in-sample MSE: 0.0461127227357096

 Training SURE of the models:
SURE-PM: 0.05424299930081278
NPMLE: 0.11954163282794734
SURE-PM, NPMLE init: 0.05424173258757277
experiment: e
Finished training EB misspecified with NPMLE init, with SURE: 0.14597746444517967
Finished training EB misspecified with NPMLE init, with in-sample MSE: 0.29643037148565143
Finished training EB misspecified, with SURE: 0.14598428565071622
Finished training EB misspecified, with in-sample MSE: 0.2964329394644838

 Training SURE of the models:
SURE-PM: 0.14598428565071622
NPMLE: 0.2908708731363154
SURE-PM, NPMLE init: 0.14597746444517967
n: 400
experiment: c
Finished training EB misspecified with NPMLE init, with SURE: 0.08962752847192831
Finished training EB misspecified with NPMLE init, with in-sample MSE: 0.06502489706683327
Finished training EB misspecified, with SURE: 0.08963772872358107
Finished training EB misspecified, with in-sample MSE: 0.06500858884763186

 Training SURE of the models:
SURE-PM: 0.08963772872358107
NPMLE: 0.8739523376158096
SURE-PM, NPMLE init: 0.08962752847192831
experiment: d
Finished training EB misspecified with NPMLE init, with SURE: -0.004801874265214394
Finished training EB misspecified with NPMLE init, with in-sample MSE: 0.004946041070493686
Finished training EB misspecified, with SURE: -0.004801428600217701
Finished training EB misspecified, with in-sample MSE: 0.004945842594131428

 Training SURE of the models:
SURE-PM: -0.004801428600217701
NPMLE: 0.056428368988823224
SURE-PM, NPMLE init: -0.004801874265214394
experiment: e
Finished training EB misspecified with NPMLE init, with SURE: 0.17433290765172227
Finished training EB misspecified with NPMLE init, with in-sample MSE: 0.14892559059856839
Finished training EB misspecified, with SURE: 0.17434220521856628
Finished training EB misspecified, with in-sample MSE: 0.1489094635211368

 Training SURE of the models:
SURE-PM: 0.17434220521856628
NPMLE: 0.32303808995462796
SURE-PM, NPMLE init: 0.17433290765172227
m: 2482
n: 100
experiment: c
Finished training EB misspecified with NPMLE init, with SURE: 0.12456577194271902
Finished training EB misspecified with NPMLE init, with in-sample MSE: 0.2309400547214825
Finished training EB misspecified, with SURE: 0.11934267309486479
Finished training EB misspecified, with in-sample MSE: 0.25345351170236835

 Training SURE of the models:
SURE-PM: 0.11934267309486479
NPMLE: 0.40579254173390517
SURE-PM, NPMLE init: 0.12456577194271902
experiment: d
Finished training EB misspecified with NPMLE init, with SURE: 0.02065494634317387
Finished training EB misspecified with NPMLE init, with in-sample MSE: 0.01042610375750852
Finished training EB misspecified, with SURE: 0.020654943897842965
Finished training EB misspecified, with in-sample MSE: 0.010438635889677217

 Training SURE of the models:
SURE-PM: 0.020654943897842965
NPMLE: 0.16354220283506118
SURE-PM, NPMLE init: 0.02065494634317387
experiment: e
Finished training EB misspecified with NPMLE init, with SURE: 0.14932133815220616
Finished training EB misspecified with NPMLE init, with in-sample MSE: 0.18975568441602106
Finished training EB misspecified, with SURE: 0.14933463007333841
Finished training EB misspecified, with in-sample MSE: 0.18982083383774725

 Training SURE of the models:
SURE-PM: 0.14933463007333841
NPMLE: 0.28298714442848794
SURE-PM, NPMLE init: 0.14932133815220616
n: 400
experiment: c
Finished training EB misspecified with NPMLE init, with SURE: 0.08677589913124016
Finished training EB misspecified with NPMLE init, with in-sample MSE: 0.07183585977066027
Finished training EB misspecified, with SURE: 0.08676682215175148
Finished training EB misspecified, with in-sample MSE: 0.07188639976092946

 Training SURE of the models:
SURE-PM: 0.08676682215175148
NPMLE: 0.664260456564923
SURE-PM, NPMLE init: 0.08677589913124016
experiment: d
Finished training EB misspecified with NPMLE init, with SURE: 0.016097842084050153
Finished training EB misspecified with NPMLE init, with in-sample MSE: 0.020783009094002755
Finished training EB misspecified, with SURE: 0.016134053169356975
Finished training EB misspecified, with in-sample MSE: 0.021138526921802406

 Training SURE of the models:
SURE-PM: 0.016134053169356975
NPMLE: 0.03464480070738784
SURE-PM, NPMLE init: 0.016097842084050153
experiment: e
Finished training EB misspecified with NPMLE init, with SURE: 0.17883558948393863
Finished training EB misspecified with NPMLE init, with in-sample MSE: 0.1801094400832729
Finished training EB misspecified, with SURE: 0.17881578653457125
Finished training EB misspecified, with in-sample MSE: 0.18013670795560402

 Training SURE of the models:
SURE-PM: 0.17881578653457125
NPMLE: 0.4562481437159265
SURE-PM, NPMLE init: 0.17883558948393863
m: 2483
n: 100
experiment: c
Finished training EB misspecified with NPMLE init, with SURE: 0.07813746050835661
Finished training EB misspecified with NPMLE init, with in-sample MSE: 0.07453746739961885
Finished training EB misspecified, with SURE: 0.07865887708263415
Finished training EB misspecified, with in-sample MSE: 0.07530135248405806

 Training SURE of the models:
SURE-PM: 0.07865887708263415
NPMLE: 0.25713656572112037
SURE-PM, NPMLE init: 0.07813746050835661
experiment: d
Finished training EB misspecified with NPMLE init, with SURE: 0.01247449183277265
Finished training EB misspecified with NPMLE init, with in-sample MSE: 0.0046757594100827506
Finished training EB misspecified, with SURE: 0.008265342527002116
Finished training EB misspecified, with in-sample MSE: 0.017723173337498753

 Training SURE of the models:
SURE-PM: 0.008265342527002116
NPMLE: 0.11951010098236205
SURE-PM, NPMLE init: 0.01247449183277265
experiment: e
Finished training EB misspecified with NPMLE init, with SURE: 0.13564995657001613
Finished training EB misspecified with NPMLE init, with in-sample MSE: 0.18266202282333333
Finished training EB misspecified, with SURE: 0.13565985051607665
Finished training EB misspecified, with in-sample MSE: 0.18263899731164443

 Training SURE of the models:
SURE-PM: 0.13565985051607665
NPMLE: 0.3302531364739623
SURE-PM, NPMLE init: 0.13564995657001613
n: 400
experiment: c
Finished training EB misspecified with NPMLE init, with SURE: 0.01694992126093105
Finished training EB misspecified with NPMLE init, with in-sample MSE: 0.05699351585881771
Finished training EB misspecified, with SURE: 0.01695571110842053
Finished training EB misspecified, with in-sample MSE: 0.05699168386444335

 Training SURE of the models:
SURE-PM: 0.01695571110842053
NPMLE: 0.580386805882756
SURE-PM, NPMLE init: 0.01694992126093105
experiment: d
Finished training EB misspecified with NPMLE init, with SURE: -0.006439611512184662
Finished training EB misspecified with NPMLE init, with in-sample MSE: 0.00955793331330863
Finished training EB misspecified, with SURE: -0.006437645772123517
Finished training EB misspecified, with in-sample MSE: 0.009548330160796658

 Training SURE of the models:
SURE-PM: -0.006437645772123517
NPMLE: -0.0015483258988024673
SURE-PM, NPMLE init: -0.006439611512184662
experiment: e
Finished training EB misspecified with NPMLE init, with SURE: 0.12614206470427206
Finished training EB misspecified with NPMLE init, with in-sample MSE: 0.18125111976687855
Finished training EB misspecified, with SURE: 0.1261662012587349
Finished training EB misspecified, with in-sample MSE: 0.1813379942510461

 Training SURE of the models:
SURE-PM: 0.1261662012587349
NPMLE: 0.34446031632689766
SURE-PM, NPMLE init: 0.12614206470427206
m: 2484
n: 100
experiment: c
Finished training EB misspecified with NPMLE init, with SURE: 0.01005093919035339
Finished training EB misspecified with NPMLE init, with in-sample MSE: 0.09038110280969303
Finished training EB misspecified, with SURE: 0.01457294983833414
Finished training EB misspecified, with in-sample MSE: 0.07919493027390316

 Training SURE of the models:
SURE-PM: 0.01457294983833414
NPMLE: 0.8337683251938316
SURE-PM, NPMLE init: 0.01005093919035339
experiment: d
Finished training EB misspecified with NPMLE init, with SURE: -0.007648967314796398
Finished training EB misspecified with NPMLE init, with in-sample MSE: 0.003951359287365527
Finished training EB misspecified, with SURE: -0.00764615514300127
Finished training EB misspecified, with in-sample MSE: 0.003960670526281724

 Training SURE of the models:
SURE-PM: -0.00764615514300127
NPMLE: -0.0017191851069769015
SURE-PM, NPMLE init: -0.007648967314796398
experiment: e
Finished training EB misspecified with NPMLE init, with SURE: 0.1400470427836032
Finished training EB misspecified with NPMLE init, with in-sample MSE: 0.2651589907643842
Finished training EB misspecified, with SURE: 0.1400544933219405
Finished training EB misspecified, with in-sample MSE: 0.2651773776498658

 Training SURE of the models:
SURE-PM: 0.1400544933219405
NPMLE: 0.26808986972593
SURE-PM, NPMLE init: 0.1400470427836032
n: 400
experiment: c
Finished training EB misspecified with NPMLE init, with SURE: 0.027959632090721415
Finished training EB misspecified with NPMLE init, with in-sample MSE: 0.06016002228827459
Finished training EB misspecified, with SURE: 0.02796406787134593
Finished training EB misspecified, with in-sample MSE: 0.060159611700048556

 Training SURE of the models:
SURE-PM: 0.02796406787134593
NPMLE: 0.9039909265364084
SURE-PM, NPMLE init: 0.027959632090721415
experiment: d
Finished training EB misspecified with NPMLE init, with SURE: -0.0022351663438017156
Finished training EB misspecified with NPMLE init, with in-sample MSE: 0.0031520757542102006
Finished training EB misspecified, with SURE: -0.0022349169185311626
Finished training EB misspecified, with in-sample MSE: 0.0031519453899305607

 Training SURE of the models:
SURE-PM: -0.0022349169185311626
NPMLE: 0.00413115223026967
SURE-PM, NPMLE init: -0.0022351663438017156
experiment: e
Finished training EB misspecified with NPMLE init, with SURE: 0.13298356675602477
Finished training EB misspecified with NPMLE init, with in-sample MSE: 0.18276517237772136
Finished training EB misspecified, with SURE: 0.13302034257089673
Finished training EB misspecified, with in-sample MSE: 0.18275890986259852

 Training SURE of the models:
SURE-PM: 0.13302034257089673
NPMLE: 0.3645322490805252
SURE-PM, NPMLE init: 0.13298356675602477
m: 2485
n: 100
experiment: c
Finished training EB misspecified with NPMLE init, with SURE: 0.051452876224075086
Finished training EB misspecified with NPMLE init, with in-sample MSE: 0.0569287084408246
Finished training EB misspecified, with SURE: 0.05145631453603848
Finished training EB misspecified, with in-sample MSE: 0.0569280566351732

 Training SURE of the models:
SURE-PM: 0.05145631453603848
NPMLE: 0.4951837238427088
SURE-PM, NPMLE init: 0.051452876224075086
experiment: d
Finished training EB misspecified with NPMLE init, with SURE: -0.013214620069606298
Finished training EB misspecified with NPMLE init, with in-sample MSE: 0.012573483400834235
Finished training EB misspecified, with SURE: -0.013197774939737492
Finished training EB misspecified, with in-sample MSE: 0.012635497266061264

 Training SURE of the models:
SURE-PM: -0.013197774939737492
NPMLE: 0.020206471057618886
SURE-PM, NPMLE init: -0.013214620069606298
experiment: e
Finished training EB misspecified with NPMLE init, with SURE: 0.04784290715207238
Finished training EB misspecified with NPMLE init, with in-sample MSE: 0.314633439153314
Finished training EB misspecified, with SURE: 0.05270874815084735
Finished training EB misspecified, with in-sample MSE: 0.29623319313438484

 Training SURE of the models:
SURE-PM: 0.05270874815084735
NPMLE: 0.38218357688414584
SURE-PM, NPMLE init: 0.04784290715207238
n: 400
experiment: c
Finished training EB misspecified with NPMLE init, with SURE: 0.03079916001863303
Finished training EB misspecified with NPMLE init, with in-sample MSE: 0.06004864169520013
Finished training EB misspecified, with SURE: 0.030801104578420963
Finished training EB misspecified, with in-sample MSE: 0.060049075566058034

 Training SURE of the models:
SURE-PM: 0.030801104578420963
NPMLE: 0.814475320723044
SURE-PM, NPMLE init: 0.03079916001863303
experiment: d
Finished training EB misspecified with NPMLE init, with SURE: -0.009218377296898074
Finished training EB misspecified with NPMLE init, with in-sample MSE: 0.011560016853962941
Finished training EB misspecified, with SURE: -0.005635798862884567
Finished training EB misspecified, with in-sample MSE: 0.005323552565655773

 Training SURE of the models:
SURE-PM: -0.005635798862884567
NPMLE: 0.06603275168434784
SURE-PM, NPMLE init: -0.009218377296898074
experiment: e
Finished training EB misspecified with NPMLE init, with SURE: 0.13606987962200984
Finished training EB misspecified with NPMLE init, with in-sample MSE: 0.16922360400966277
Finished training EB misspecified, with SURE: 0.13608155463394575
Finished training EB misspecified, with in-sample MSE: 0.16924173676527207

 Training SURE of the models:
SURE-PM: 0.13608155463394575
NPMLE: 0.33249013259347315
SURE-PM, NPMLE init: 0.13606987962200984
m: 2486
n: 100
experiment: c
Finished training EB misspecified with NPMLE init, with SURE: 0.03669510671005199
Finished training EB misspecified with NPMLE init, with in-sample MSE: 0.058119631032761895
Finished training EB misspecified, with SURE: 0.03670250551982519
Finished training EB misspecified, with in-sample MSE: 0.058117724057184045

 Training SURE of the models:
SURE-PM: 0.03670250551982519
NPMLE: 0.33322115260163154
SURE-PM, NPMLE init: 0.03669510671005199
experiment: d
Finished training EB misspecified with NPMLE init, with SURE: -0.002951150462029801
Finished training EB misspecified with NPMLE init, with in-sample MSE: 0.005966133432090836
Finished training EB misspecified, with SURE: -0.0029425705222468857
Finished training EB misspecified, with in-sample MSE: 0.005959911569893482

 Training SURE of the models:
SURE-PM: -0.0029425705222468857
NPMLE: 0.019105070770557137
SURE-PM, NPMLE init: -0.002951150462029801
experiment: e
Finished training EB misspecified with NPMLE init, with SURE: 0.17120773294697478
Finished training EB misspecified with NPMLE init, with in-sample MSE: 0.1914412469282554
Finished training EB misspecified, with SURE: 0.1624477448733716
Finished training EB misspecified, with in-sample MSE: 0.1905252988150269

 Training SURE of the models:
SURE-PM: 0.1624477448733716
NPMLE: 0.2843623233179771
SURE-PM, NPMLE init: 0.17120773294697478
n: 400
experiment: c
Finished training EB misspecified with NPMLE init, with SURE: 0.007900391615771767
Finished training EB misspecified with NPMLE init, with in-sample MSE: 0.05736229311588122
Finished training EB misspecified, with SURE: 0.007951030778568154
Finished training EB misspecified, with in-sample MSE: 0.05734392541397981

 Training SURE of the models:
SURE-PM: 0.007951030778568154
NPMLE: 0.21834224236991687
SURE-PM, NPMLE init: 0.007900391615771767
experiment: d
Finished training EB misspecified with NPMLE init, with SURE: -0.0038204241929281225
Finished training EB misspecified with NPMLE init, with in-sample MSE: 0.005899014987397529
Finished training EB misspecified, with SURE: -0.003820168090259788
Finished training EB misspecified, with in-sample MSE: 0.00589764601869088

 Training SURE of the models:
SURE-PM: -0.003820168090259788
NPMLE: 0.045915184766846744
SURE-PM, NPMLE init: -0.0038204241929281225
experiment: e
Finished training EB misspecified with NPMLE init, with SURE: 0.15472697099254062
Finished training EB misspecified with NPMLE init, with in-sample MSE: 0.1865612259411852
Finished training EB misspecified, with SURE: 0.15473577119987084
Finished training EB misspecified, with in-sample MSE: 0.18651085098968678

 Training SURE of the models:
SURE-PM: 0.15473577119987084
NPMLE: 0.34475551339294186
SURE-PM, NPMLE init: 0.15472697099254062
m: 2487
n: 100
experiment: c
Finished training EB misspecified with NPMLE init, with SURE: 0.05912890090183567
Finished training EB misspecified with NPMLE init, with in-sample MSE: 0.06286264627071274
Finished training EB misspecified, with SURE: 0.059111718852984864
Finished training EB misspecified, with in-sample MSE: 0.06301441694054313

 Training SURE of the models:
SURE-PM: 0.059111718852984864
NPMLE: 0.7130383485812337
SURE-PM, NPMLE init: 0.05912890090183567
experiment: d
Finished training EB misspecified with NPMLE init, with SURE: -0.013815066891552626
Finished training EB misspecified with NPMLE init, with in-sample MSE: 0.004851464413233851
Finished training EB misspecified, with SURE: -0.013815514592334068
Finished training EB misspecified, with in-sample MSE: 0.004851777426367423

 Training SURE of the models:
SURE-PM: -0.013815514592334068
NPMLE: 0.03393267248793837
SURE-PM, NPMLE init: -0.013815066891552626
experiment: e
Finished training EB misspecified with NPMLE init, with SURE: 0.0894516907597733
Finished training EB misspecified with NPMLE init, with in-sample MSE: 0.17687252602448048
Finished training EB misspecified, with SURE: 0.08945036102635325
Finished training EB misspecified, with in-sample MSE: 0.1768689345030618

 Training SURE of the models:
SURE-PM: 0.08945036102635325
NPMLE: 0.4256152355472237
SURE-PM, NPMLE init: 0.0894516907597733
n: 400
experiment: c
Finished training EB misspecified with NPMLE init, with SURE: 0.03919292349910251
Finished training EB misspecified with NPMLE init, with in-sample MSE: 0.10115550540337334
Finished training EB misspecified, with SURE: 0.039223776798474434
Finished training EB misspecified, with in-sample MSE: 0.10111067051644337

 Training SURE of the models:
SURE-PM: 0.039223776798474434
NPMLE: 0.14755716413112382
SURE-PM, NPMLE init: 0.03919292349910251
experiment: d
Finished training EB misspecified with NPMLE init, with SURE: 0.006584869434951753
Finished training EB misspecified with NPMLE init, with in-sample MSE: 0.02157942716623635
Finished training EB misspecified, with SURE: 0.00658832046215208
Finished training EB misspecified, with in-sample MSE: 0.02157029466955765

 Training SURE of the models:
SURE-PM: 0.00658832046215208
NPMLE: 0.13074643699245544
SURE-PM, NPMLE init: 0.006584869434951753
experiment: e
Finished training EB misspecified with NPMLE init, with SURE: 0.12881260925708965
Finished training EB misspecified with NPMLE init, with in-sample MSE: 0.18243071832692728
Finished training EB misspecified, with SURE: 0.1288216218018755
Finished training EB misspecified, with in-sample MSE: 0.18242883065445162

 Training SURE of the models:
SURE-PM: 0.1288216218018755
NPMLE: 0.43397256294448494
SURE-PM, NPMLE init: 0.12881260925708965
m: 2488
n: 100
experiment: c
Finished training EB misspecified with NPMLE init, with SURE: 0.08576560673362593
Finished training EB misspecified with NPMLE init, with in-sample MSE: 0.16814804143030235
Finished training EB misspecified, with SURE: 0.08577958701089593
Finished training EB misspecified, with in-sample MSE: 0.1681060586819804

 Training SURE of the models:
SURE-PM: 0.08577958701089593
NPMLE: 0.23865563914155288
SURE-PM, NPMLE init: 0.08576560673362593
experiment: d
Finished training EB misspecified with NPMLE init, with SURE: -0.004582445411699609
Finished training EB misspecified with NPMLE init, with in-sample MSE: 0.015881598648954064
Finished training EB misspecified, with SURE: -0.00458236277729803
Finished training EB misspecified, with in-sample MSE: 0.01588129359014242

 Training SURE of the models:
SURE-PM: -0.00458236277729803
NPMLE: 0.12154951675686601
SURE-PM, NPMLE init: -0.004582445411699609
experiment: e
Finished training EB misspecified with NPMLE init, with SURE: 0.17668814226812798
Finished training EB misspecified with NPMLE init, with in-sample MSE: 0.21030196199057477
Finished training EB misspecified, with SURE: 0.17668951335944053
Finished training EB misspecified, with in-sample MSE: 0.21028148138421238

 Training SURE of the models:
SURE-PM: 0.17668951335944053
NPMLE: 0.3091403391813455
SURE-PM, NPMLE init: 0.17668814226812798
n: 400
experiment: c
Finished training EB misspecified with NPMLE init, with SURE: -0.008535696870909604
Finished training EB misspecified with NPMLE init, with in-sample MSE: 0.058634558280116336
Finished training EB misspecified, with SURE: -0.008533662567548887
Finished training EB misspecified, with in-sample MSE: 0.05863637357104566

 Training SURE of the models:
SURE-PM: -0.008533662567548887
NPMLE: 0.3106497934294207
SURE-PM, NPMLE init: -0.008535696870909604
experiment: d
Finished training EB misspecified with NPMLE init, with SURE: 0.007179450297902808
Finished training EB misspecified with NPMLE init, with in-sample MSE: 0.00455025695478208
Finished training EB misspecified, with SURE: 0.007182781258921161
Finished training EB misspecified, with in-sample MSE: 0.004558505570074037

 Training SURE of the models:
SURE-PM: 0.007182781258921161
NPMLE: 0.01400496558665127
SURE-PM, NPMLE init: 0.007179450297902808
experiment: e
Finished training EB misspecified with NPMLE init, with SURE: 0.15015182690532658
Finished training EB misspecified with NPMLE init, with in-sample MSE: 0.17374576324921676
Finished training EB misspecified, with SURE: 0.15016375287867187
Finished training EB misspecified, with in-sample MSE: 0.1737341347890632

 Training SURE of the models:
SURE-PM: 0.15016375287867187
NPMLE: 0.33794204988880755
SURE-PM, NPMLE init: 0.15015182690532658
m: 2489
n: 100
experiment: c
Finished training EB misspecified with NPMLE init, with SURE: 0.06346332480577971
Finished training EB misspecified with NPMLE init, with in-sample MSE: 0.22068138005243643
Finished training EB misspecified, with SURE: 0.06344733723987296
Finished training EB misspecified, with in-sample MSE: 0.22091910812231969

 Training SURE of the models:
SURE-PM: 0.06344733723987296
NPMLE: 0.7394451729783992
SURE-PM, NPMLE init: 0.06346332480577971
experiment: d
Finished training EB misspecified with NPMLE init, with SURE: -0.017686676248876907
Finished training EB misspecified with NPMLE init, with in-sample MSE: 0.027946322624052312
Finished training EB misspecified, with SURE: -0.011077128782728672
Finished training EB misspecified, with in-sample MSE: 0.007391280369625327

 Training SURE of the models:
SURE-PM: -0.011077128782728672
NPMLE: 0.033097644858926786
SURE-PM, NPMLE init: -0.017686676248876907
experiment: e
Finished training EB misspecified with NPMLE init, with SURE: 0.11258204221880562
Finished training EB misspecified with NPMLE init, with in-sample MSE: 0.18323666622251575
Finished training EB misspecified, with SURE: 0.11258665467502774
Finished training EB misspecified, with in-sample MSE: 0.18324489203312708

 Training SURE of the models:
SURE-PM: 0.11258665467502774
NPMLE: 0.35035889824856303
SURE-PM, NPMLE init: 0.11258204221880562
n: 400
experiment: c
Finished training EB misspecified with NPMLE init, with SURE: 0.021078137767700796
Finished training EB misspecified with NPMLE init, with in-sample MSE: 0.08710048390799781
Finished training EB misspecified, with SURE: 0.03653505672571377
Finished training EB misspecified, with in-sample MSE: 0.05593772553594484

 Training SURE of the models:
SURE-PM: 0.03653505672571377
NPMLE: 0.9775446933803011
SURE-PM, NPMLE init: 0.021078137767700796
experiment: d
Finished training EB misspecified with NPMLE init, with SURE: 0.005169789605856821
Finished training EB misspecified with NPMLE init, with in-sample MSE: 0.0041125038547031026
Finished training EB misspecified, with SURE: 0.005170508255950921
Finished training EB misspecified, with in-sample MSE: 0.004114711642402641

 Training SURE of the models:
SURE-PM: 0.005170508255950921
NPMLE: 0.03927248554062935
SURE-PM, NPMLE init: 0.005169789605856821
experiment: e
Finished training EB misspecified with NPMLE init, with SURE: 0.16371940310766658
Finished training EB misspecified with NPMLE init, with in-sample MSE: 0.18587046385990455
Finished training EB misspecified, with SURE: 0.163753870225575
Finished training EB misspecified, with in-sample MSE: 0.18665309428590277

 Training SURE of the models:
SURE-PM: 0.163753870225575
NPMLE: 0.30721210116665243
SURE-PM, NPMLE init: 0.16371940310766658
m: 2490
n: 100
experiment: c
Finished training EB misspecified with NPMLE init, with SURE: 0.046472506507474164
Finished training EB misspecified with NPMLE init, with in-sample MSE: 0.05155356604243298
Finished training EB misspecified, with SURE: 0.046479810149855465
Finished training EB misspecified, with in-sample MSE: 0.05156215703236282

 Training SURE of the models:
SURE-PM: 0.046479810149855465
NPMLE: 0.7031095223556675
SURE-PM, NPMLE init: 0.046472506507474164
experiment: d
Finished training EB misspecified with NPMLE init, with SURE: -0.010327682672333652
Finished training EB misspecified with NPMLE init, with in-sample MSE: 0.0055689543811759746
Finished training EB misspecified, with SURE: -0.010327607978467502
Finished training EB misspecified, with in-sample MSE: 0.005568935290609092

 Training SURE of the models:
SURE-PM: -0.010327607978467502
NPMLE: 0.06417430847254298
SURE-PM, NPMLE init: -0.010327682672333652
experiment: e
Finished training EB misspecified with NPMLE init, with SURE: 0.12566135436159567
Finished training EB misspecified with NPMLE init, with in-sample MSE: 0.24748205152860409
Finished training EB misspecified, with SURE: 0.12633502882913467
Finished training EB misspecified, with in-sample MSE: 0.24904149686098515

 Training SURE of the models:
SURE-PM: 0.12633502882913467
NPMLE: 0.39390101595796795
SURE-PM, NPMLE init: 0.12566135436159567
n: 400
experiment: c
Finished training EB misspecified with NPMLE init, with SURE: 0.0441050219431169
Finished training EB misspecified with NPMLE init, with in-sample MSE: 0.05341356966422242
Finished training EB misspecified, with SURE: 0.04411818165547949
Finished training EB misspecified, with in-sample MSE: 0.05348354939539174

 Training SURE of the models:
SURE-PM: 0.04411818165547949
NPMLE: 0.5985527298624147
SURE-PM, NPMLE init: 0.0441050219431169
experiment: d
Finished training EB misspecified with NPMLE init, with SURE: -0.0005825130179498217
Finished training EB misspecified with NPMLE init, with in-sample MSE: 0.006347034205301371
Finished training EB misspecified, with SURE: -0.0005824154182301556
Finished training EB misspecified, with in-sample MSE: 0.006346525407055199

 Training SURE of the models:
SURE-PM: -0.0005824154182301556
NPMLE: 0.04549224565198138
SURE-PM, NPMLE init: -0.0005825130179498217
experiment: e
Finished training EB misspecified with NPMLE init, with SURE: 0.1814374941941407
Finished training EB misspecified with NPMLE init, with in-sample MSE: 0.15278125335848988
Finished training EB misspecified, with SURE: 0.18144207697438142
Finished training EB misspecified, with in-sample MSE: 0.1527297355460307

 Training SURE of the models:
SURE-PM: 0.18144207697438142
NPMLE: 0.29592404673729794
SURE-PM, NPMLE init: 0.1814374941941407
m: 2491
n: 100
experiment: c
Finished training EB misspecified with NPMLE init, with SURE: 0.033126451232196104
Finished training EB misspecified with NPMLE init, with in-sample MSE: 0.06379166441739771
Finished training EB misspecified, with SURE: 0.03312693312044587
Finished training EB misspecified, with in-sample MSE: 0.06380464367273507

 Training SURE of the models:
SURE-PM: 0.03312693312044587
NPMLE: 0.3298756712052004
SURE-PM, NPMLE init: 0.033126451232196104
experiment: d
Finished training EB misspecified with NPMLE init, with SURE: -0.005912017343825209
Finished training EB misspecified with NPMLE init, with in-sample MSE: 0.004227613124338474
Finished training EB misspecified, with SURE: -0.005906228597791596
Finished training EB misspecified, with in-sample MSE: 0.0042298637137091625

 Training SURE of the models:
SURE-PM: -0.005906228597791596
NPMLE: 0.0332350066934168
SURE-PM, NPMLE init: -0.005912017343825209
experiment: e
Finished training EB misspecified with NPMLE init, with SURE: 0.08355250145638689
Finished training EB misspecified with NPMLE init, with in-sample MSE: 0.2844650154825511
Finished training EB misspecified, with SURE: 0.08356641190337773
Finished training EB misspecified, with in-sample MSE: 0.28449936317748237

 Training SURE of the models:
SURE-PM: 0.08356641190337773
NPMLE: 0.40747628174231304
SURE-PM, NPMLE init: 0.08355250145638689
n: 400
experiment: c
Finished training EB misspecified with NPMLE init, with SURE: 0.1488362927047956
Finished training EB misspecified with NPMLE init, with in-sample MSE: 0.10252670402023782
Finished training EB misspecified, with SURE: 0.148855408175351
Finished training EB misspecified, with in-sample MSE: 0.1024945927609647

 Training SURE of the models:
SURE-PM: 0.148855408175351
NPMLE: 0.9080161607950431
SURE-PM, NPMLE init: 0.1488362927047956
experiment: d
Finished training EB misspecified with NPMLE init, with SURE: 0.014664022240192746
Finished training EB misspecified with NPMLE init, with in-sample MSE: 0.017898290780827112
Finished training EB misspecified, with SURE: 0.014676602055503345
Finished training EB misspecified, with in-sample MSE: 0.01785311532563595

 Training SURE of the models:
SURE-PM: 0.014676602055503345
NPMLE: 0.1520565664652025
SURE-PM, NPMLE init: 0.014664022240192746
experiment: e
Finished training EB misspecified with NPMLE init, with SURE: 0.1584272420907527
Finished training EB misspecified with NPMLE init, with in-sample MSE: 0.18736431640638465
Finished training EB misspecified, with SURE: 0.15848059268802467
Finished training EB misspecified, with in-sample MSE: 0.18804967253333474

 Training SURE of the models:
SURE-PM: 0.15848059268802467
NPMLE: 0.3294844815941546
SURE-PM, NPMLE init: 0.1584272420907527
m: 2492
n: 100
experiment: c
Finished training EB misspecified with NPMLE init, with SURE: 0.1263280580833947
Finished training EB misspecified with NPMLE init, with in-sample MSE: 0.08805317290161757
Finished training EB misspecified, with SURE: 0.12633735054743953
Finished training EB misspecified, with in-sample MSE: 0.08802500794002252

 Training SURE of the models:
SURE-PM: 0.12633735054743953
NPMLE: 0.7961753783677511
SURE-PM, NPMLE init: 0.1263280580833947
experiment: d
Finished training EB misspecified with NPMLE init, with SURE: 0.00038635879179585333
Finished training EB misspecified with NPMLE init, with in-sample MSE: 0.01334987962344698
Finished training EB misspecified, with SURE: 0.00038655419072997077
Finished training EB misspecified, with in-sample MSE: 0.01334963200208718

 Training SURE of the models:
SURE-PM: 0.00038655419072997077
NPMLE: 0.010442354751941298
SURE-PM, NPMLE init: 0.00038635879179585333
experiment: e
Finished training EB misspecified with NPMLE init, with SURE: 0.13340628239270902
Finished training EB misspecified with NPMLE init, with in-sample MSE: 0.2515630453290533
Finished training EB misspecified, with SURE: 0.13390432320964063
Finished training EB misspecified, with in-sample MSE: 0.25466093108694926

 Training SURE of the models:
SURE-PM: 0.13390432320964063
NPMLE: 0.28930620007010743
SURE-PM, NPMLE init: 0.13340628239270902
n: 400
experiment: c
Finished training EB misspecified with NPMLE init, with SURE: 0.05566049517550681
Finished training EB misspecified with NPMLE init, with in-sample MSE: 0.06312143804583008
Finished training EB misspecified, with SURE: 0.055661343235993144
Finished training EB misspecified, with in-sample MSE: 0.06312003607678422

 Training SURE of the models:
SURE-PM: 0.055661343235993144
NPMLE: 0.7166770340435165
SURE-PM, NPMLE init: 0.05566049517550681
experiment: d
Finished training EB misspecified with NPMLE init, with SURE: -0.01087682793372098
Finished training EB misspecified with NPMLE init, with in-sample MSE: 0.005691385584813315
Finished training EB misspecified, with SURE: -0.010876658260164618
Finished training EB misspecified, with in-sample MSE: 0.005691297703253464

 Training SURE of the models:
SURE-PM: -0.010876658260164618
NPMLE: 0.02816932643968533
SURE-PM, NPMLE init: -0.01087682793372098
experiment: e
Finished training EB misspecified with NPMLE init, with SURE: 0.15465722907371274
Finished training EB misspecified with NPMLE init, with in-sample MSE: 0.21249618597682296
Finished training EB misspecified, with SURE: 0.15467350300827215
Finished training EB misspecified, with in-sample MSE: 0.2125572066635402

 Training SURE of the models:
SURE-PM: 0.15467350300827215
NPMLE: 0.32530283550076805
SURE-PM, NPMLE init: 0.15465722907371274
m: 2493
n: 100
experiment: c
Finished training EB misspecified with NPMLE init, with SURE: -0.013382517234979616
Finished training EB misspecified with NPMLE init, with in-sample MSE: 0.04852000009750981
Finished training EB misspecified, with SURE: -0.013376578426853455
Finished training EB misspecified, with in-sample MSE: 0.04852204013722927

 Training SURE of the models:
SURE-PM: -0.013376578426853455
NPMLE: 0.6364958517504375
SURE-PM, NPMLE init: -0.013382517234979616
experiment: d
Finished training EB misspecified with NPMLE init, with SURE: 0.00515577693541168
Finished training EB misspecified with NPMLE init, with in-sample MSE: 0.045357370067406054
Finished training EB misspecified, with SURE: 0.005161524853068435
Finished training EB misspecified, with in-sample MSE: 0.045341115451793694

 Training SURE of the models:
SURE-PM: 0.005161524853068435
NPMLE: 0.223642626225679
SURE-PM, NPMLE init: 0.00515577693541168
experiment: e
Finished training EB misspecified with NPMLE init, with SURE: 0.10584845164401045
Finished training EB misspecified with NPMLE init, with in-sample MSE: 0.19972608617826412
Finished training EB misspecified, with SURE: 0.1058560610315552
Finished training EB misspecified, with in-sample MSE: 0.19975599486106804

 Training SURE of the models:
SURE-PM: 0.1058560610315552
NPMLE: 0.3554983964454148
SURE-PM, NPMLE init: 0.10584845164401045
n: 400
experiment: c
Finished training EB misspecified with NPMLE init, with SURE: -0.0018682821558738284
Finished training EB misspecified with NPMLE init, with in-sample MSE: 0.07461791459307791
Finished training EB misspecified, with SURE: -0.001827088485283639
Finished training EB misspecified, with in-sample MSE: 0.07455273206485317

 Training SURE of the models:
SURE-PM: -0.001827088485283639
NPMLE: 0.7141575861265234
SURE-PM, NPMLE init: -0.0018682821558738284
experiment: d
Finished training EB misspecified with NPMLE init, with SURE: 0.0007236409526318965
Finished training EB misspecified with NPMLE init, with in-sample MSE: 0.0077545730073839345
Finished training EB misspecified, with SURE: 0.0014272258884717637
Finished training EB misspecified, with in-sample MSE: 0.007382210485256922

 Training SURE of the models:
SURE-PM: 0.0014272258884717637
NPMLE: 0.04918392648741442
SURE-PM, NPMLE init: 0.0007236409526318965
experiment: e
Finished training EB misspecified with NPMLE init, with SURE: 0.11857965812612747
Finished training EB misspecified with NPMLE init, with in-sample MSE: 0.20272640739071618
Finished training EB misspecified, with SURE: 0.11273509360492376
Finished training EB misspecified, with in-sample MSE: 0.20111517146667854

 Training SURE of the models:
SURE-PM: 0.11273509360492376
NPMLE: 0.3662159128078373
SURE-PM, NPMLE init: 0.11857965812612747
m: 2494
n: 100
experiment: c
Finished training EB misspecified with NPMLE init, with SURE: 0.06203793790189039
Finished training EB misspecified with NPMLE init, with in-sample MSE: 0.05521995977488339
Finished training EB misspecified, with SURE: 0.06204367871476087
Finished training EB misspecified, with in-sample MSE: 0.055228775050664286

 Training SURE of the models:
SURE-PM: 0.06204367871476087
NPMLE: 0.445533343773076
SURE-PM, NPMLE init: 0.06203793790189039
experiment: d
Finished training EB misspecified with NPMLE init, with SURE: -0.0015781479802071275
Finished training EB misspecified with NPMLE init, with in-sample MSE: 0.0051363910061392945
Finished training EB misspecified, with SURE: -0.0015781349304451098
Finished training EB misspecified, with in-sample MSE: 0.005136407784446981

 Training SURE of the models:
SURE-PM: -0.0015781349304451098
NPMLE: 0.07311140250163885
SURE-PM, NPMLE init: -0.0015781479802071275
experiment: e
Finished training EB misspecified with NPMLE init, with SURE: 0.11974487573887498
Finished training EB misspecified with NPMLE init, with in-sample MSE: 0.13243212586847888
Finished training EB misspecified, with SURE: 0.11975626875813429
Finished training EB misspecified, with in-sample MSE: 0.13240055983119187

 Training SURE of the models:
SURE-PM: 0.11975626875813429
NPMLE: 0.3374148064470572
SURE-PM, NPMLE init: 0.11974487573887498
n: 400
experiment: c
Finished training EB misspecified with NPMLE init, with SURE: 0.05486622649092624
Finished training EB misspecified with NPMLE init, with in-sample MSE: 0.11357903162844157
Finished training EB misspecified, with SURE: 0.05487145825413379
Finished training EB misspecified, with in-sample MSE: 0.11350539009050119

 Training SURE of the models:
SURE-PM: 0.05487145825413379
NPMLE: 0.9573169586478838
SURE-PM, NPMLE init: 0.05486622649092624
experiment: d
Finished training EB misspecified with NPMLE init, with SURE: -0.0006549956188282912
Finished training EB misspecified with NPMLE init, with in-sample MSE: 0.006217619214326914
Finished training EB misspecified, with SURE: -0.0006547965915258303
Finished training EB misspecified, with in-sample MSE: 0.006217579236219034

 Training SURE of the models:
SURE-PM: -0.0006547965915258303
NPMLE: 0.04571344412441702
SURE-PM, NPMLE init: -0.0006549956188282912
experiment: e
Finished training EB misspecified with NPMLE init, with SURE: 0.17797894773023779
Finished training EB misspecified with NPMLE init, with in-sample MSE: 0.19207354559352424
Finished training EB misspecified, with SURE: 0.17798673191163394
Finished training EB misspecified, with in-sample MSE: 0.19208854300756031

 Training SURE of the models:
SURE-PM: 0.17798673191163394
NPMLE: 0.3479820765035005
SURE-PM, NPMLE init: 0.17797894773023779
m: 2495
n: 100
experiment: c
Finished training EB misspecified with NPMLE init, with SURE: -0.03537448450291606
Finished training EB misspecified with NPMLE init, with in-sample MSE: 0.05683794234749266
Finished training EB misspecified, with SURE: -0.03535063813195052
Finished training EB misspecified, with in-sample MSE: 0.056695969726599404

 Training SURE of the models:
SURE-PM: -0.03535063813195052
NPMLE: 0.5112195685192937
SURE-PM, NPMLE init: -0.03537448450291606
experiment: d
Finished training EB misspecified with NPMLE init, with SURE: 0.006586746299688588
Finished training EB misspecified with NPMLE init, with in-sample MSE: 0.04799797639991661
Finished training EB misspecified, with SURE: 0.0031662609129661412
Finished training EB misspecified, with in-sample MSE: 0.056438899221306335

 Training SURE of the models:
SURE-PM: 0.0031662609129661412
NPMLE: 0.04570450228123164
SURE-PM, NPMLE init: 0.006586746299688588
experiment: e
Finished training EB misspecified with NPMLE init, with SURE: 0.11184388915410111
Finished training EB misspecified with NPMLE init, with in-sample MSE: 0.2508795365497914
Finished training EB misspecified, with SURE: 0.11185295607472256
Finished training EB misspecified, with in-sample MSE: 0.25088374524240686

 Training SURE of the models:
SURE-PM: 0.11185295607472256
NPMLE: 0.2785863152343314
SURE-PM, NPMLE init: 0.11184388915410111
n: 400
experiment: c
Finished training EB misspecified with NPMLE init, with SURE: 0.0073648096843858465
Finished training EB misspecified with NPMLE init, with in-sample MSE: 0.05976792011216415
Finished training EB misspecified, with SURE: 0.007367003256372016
Finished training EB misspecified, with in-sample MSE: 0.05976276722544716

 Training SURE of the models:
SURE-PM: 0.007367003256372016
NPMLE: 0.5046296893842491
SURE-PM, NPMLE init: 0.0073648096843858465
experiment: d
Finished training EB misspecified with NPMLE init, with SURE: 0.006074150270263008
Finished training EB misspecified with NPMLE init, with in-sample MSE: 0.007895403212282449
Finished training EB misspecified, with SURE: 0.00608216978595566
Finished training EB misspecified, with in-sample MSE: 0.0079564786492763

 Training SURE of the models:
SURE-PM: 0.00608216978595566
NPMLE: 0.09341433805224973
SURE-PM, NPMLE init: 0.006074150270263008
experiment: e
Finished training EB misspecified with NPMLE init, with SURE: 0.15952788796858172
Finished training EB misspecified with NPMLE init, with in-sample MSE: 0.1896014032567166
Finished training EB misspecified, with SURE: 0.15743664129356746
Finished training EB misspecified, with in-sample MSE: 0.19069250981251926

 Training SURE of the models:
SURE-PM: 0.15743664129356746
NPMLE: 0.28272043417585707
SURE-PM, NPMLE init: 0.15952788796858172
m: 2496
n: 100
experiment: c
Finished training EB misspecified with NPMLE init, with SURE: 0.0660235372411546
Finished training EB misspecified with NPMLE init, with in-sample MSE: 0.0639320259655217
Finished training EB misspecified, with SURE: 0.06603392576242613
Finished training EB misspecified, with in-sample MSE: 0.06393016370741524

 Training SURE of the models:
SURE-PM: 0.06603392576242613
NPMLE: 0.7164490677954709
SURE-PM, NPMLE init: 0.0660235372411546
experiment: d
Finished training EB misspecified with NPMLE init, with SURE: -0.011527712493656885
Finished training EB misspecified with NPMLE init, with in-sample MSE: 0.04663977828244455
Finished training EB misspecified, with SURE: -0.01152044203297713
Finished training EB misspecified, with in-sample MSE: 0.04663689107816036

 Training SURE of the models:
SURE-PM: -0.01152044203297713
NPMLE: 0.018865288996931576
SURE-PM, NPMLE init: -0.011527712493656885
experiment: e
Finished training EB misspecified with NPMLE init, with SURE: 0.14285714610381617
Finished training EB misspecified with NPMLE init, with in-sample MSE: 0.1492616144585113
Finished training EB misspecified, with SURE: 0.14285895272825763
Finished training EB misspecified, with in-sample MSE: 0.14928616933377592

 Training SURE of the models:
SURE-PM: 0.14285895272825763
NPMLE: 0.3266893435864361
SURE-PM, NPMLE init: 0.14285714610381617
n: 400
experiment: c
Finished training EB misspecified with NPMLE init, with SURE: 0.02853488263338001
Finished training EB misspecified with NPMLE init, with in-sample MSE: 0.05717176992812834
Finished training EB misspecified, with SURE: 0.028529412524629406
Finished training EB misspecified, with in-sample MSE: 0.0571879730963312

 Training SURE of the models:
SURE-PM: 0.028529412524629406
NPMLE: 0.6473970275081907
SURE-PM, NPMLE init: 0.02853488263338001
experiment: d
Finished training EB misspecified with NPMLE init, with SURE: 0.006635686904885212
Finished training EB misspecified with NPMLE init, with in-sample MSE: 0.007032859736448089
Finished training EB misspecified, with SURE: 0.006635626627589026
Finished training EB misspecified, with in-sample MSE: 0.007032971983683756

 Training SURE of the models:
SURE-PM: 0.006635626627589026
NPMLE: 0.05073402750360465
SURE-PM, NPMLE init: 0.006635686904885212
experiment: e
Finished training EB misspecified with NPMLE init, with SURE: 0.13185765481251271
Finished training EB misspecified with NPMLE init, with in-sample MSE: 0.19125784852479696
Finished training EB misspecified, with SURE: 0.13186310283453215
Finished training EB misspecified, with in-sample MSE: 0.19121888756893074

 Training SURE of the models:
SURE-PM: 0.13186310283453215
NPMLE: 0.3349321399665874
SURE-PM, NPMLE init: 0.13185765481251271
m: 2497
n: 100
experiment: c
Finished training EB misspecified with NPMLE init, with SURE: 0.08678705401042294
Finished training EB misspecified with NPMLE init, with in-sample MSE: 0.06989018685510123
Finished training EB misspecified, with SURE: 0.08683121105749905
Finished training EB misspecified, with in-sample MSE: 0.07021204620967023

 Training SURE of the models:
SURE-PM: 0.08683121105749905
NPMLE: 0.2580940694706881
SURE-PM, NPMLE init: 0.08678705401042294
experiment: d
Finished training EB misspecified with NPMLE init, with SURE: 0.019620592553557758
Finished training EB misspecified with NPMLE init, with in-sample MSE: 0.01218109292538871
Finished training EB misspecified, with SURE: 0.0196209451123789
Finished training EB misspecified, with in-sample MSE: 0.012205637808862241

 Training SURE of the models:
SURE-PM: 0.0196209451123789
NPMLE: 0.022364019360292264
SURE-PM, NPMLE init: 0.019620592553557758
experiment: e
Finished training EB misspecified with NPMLE init, with SURE: 0.1362645908172409
Finished training EB misspecified with NPMLE init, with in-sample MSE: 0.13127945503118404
Finished training EB misspecified, with SURE: 0.1362633934807474
Finished training EB misspecified, with in-sample MSE: 0.13128186149553137

 Training SURE of the models:
SURE-PM: 0.1362633934807474
NPMLE: 0.3088142717631638
SURE-PM, NPMLE init: 0.1362645908172409
n: 400
experiment: c
Finished training EB misspecified with NPMLE init, with SURE: 0.03303202814446173
Finished training EB misspecified with NPMLE init, with in-sample MSE: 0.05622872513178032
Finished training EB misspecified, with SURE: 0.03302524048869636
Finished training EB misspecified, with in-sample MSE: 0.05622781348126151

 Training SURE of the models:
SURE-PM: 0.03302524048869636
NPMLE: 0.8278206531385477
SURE-PM, NPMLE init: 0.03303202814446173
experiment: d
Finished training EB misspecified with NPMLE init, with SURE: 0.0046798731038737
Finished training EB misspecified with NPMLE init, with in-sample MSE: 0.014483805021453973
Finished training EB misspecified, with SURE: 0.004687529484875235
Finished training EB misspecified, with in-sample MSE: 0.014476125399731681

 Training SURE of the models:
SURE-PM: 0.004687529484875235
NPMLE: 0.07350507611783608
SURE-PM, NPMLE init: 0.0046798731038737
experiment: e
Finished training EB misspecified with NPMLE init, with SURE: 0.15425925005046712
Finished training EB misspecified with NPMLE init, with in-sample MSE: 0.1849896945771544
Finished training EB misspecified, with SURE: 0.15425945133247826
Finished training EB misspecified, with in-sample MSE: 0.18497992918430525

 Training SURE of the models:
SURE-PM: 0.15425945133247826
NPMLE: 0.3667698010386368
SURE-PM, NPMLE init: 0.15425925005046712
m: 2498
n: 100
experiment: c
Finished training EB misspecified with NPMLE init, with SURE: 0.1187947542690575
Finished training EB misspecified with NPMLE init, with in-sample MSE: 0.09972865089599812
Finished training EB misspecified, with SURE: 0.12138353310204843
Finished training EB misspecified, with in-sample MSE: 0.09322277798288531

 Training SURE of the models:
SURE-PM: 0.12138353310204843
NPMLE: 1.1243683944770515
SURE-PM, NPMLE init: 0.1187947542690575
experiment: d
Finished training EB misspecified with NPMLE init, with SURE: 0.002119317669488723
Finished training EB misspecified with NPMLE init, with in-sample MSE: 0.004237653834176975
Finished training EB misspecified, with SURE: 0.001797906608113493
Finished training EB misspecified, with in-sample MSE: 0.005053726036075931

 Training SURE of the models:
SURE-PM: 0.001797906608113493
NPMLE: 0.03358285063360004
SURE-PM, NPMLE init: 0.002119317669488723
experiment: e
Finished training EB misspecified with NPMLE init, with SURE: 0.14681165654140352
Finished training EB misspecified with NPMLE init, with in-sample MSE: 0.25526464612642097
Finished training EB misspecified, with SURE: 0.14653781523300302
Finished training EB misspecified, with in-sample MSE: 0.2636883313636637

 Training SURE of the models:
SURE-PM: 0.14653781523300302
NPMLE: 0.3400026826984471
SURE-PM, NPMLE init: 0.14681165654140352
n: 400
experiment: c
Finished training EB misspecified with NPMLE init, with SURE: 0.056749864859798084
Finished training EB misspecified with NPMLE init, with in-sample MSE: 0.06260722000091552
Finished training EB misspecified, with SURE: 0.056754147520881024
Finished training EB misspecified, with in-sample MSE: 0.06263157513826573

 Training SURE of the models:
SURE-PM: 0.056754147520881024
NPMLE: 0.4656233615977888
SURE-PM, NPMLE init: 0.056749864859798084
experiment: d
Finished training EB misspecified with NPMLE init, with SURE: 0.004601226131106131
Finished training EB misspecified with NPMLE init, with in-sample MSE: 0.006844514648097865
Finished training EB misspecified, with SURE: 0.004601950156133672
Finished training EB misspecified, with in-sample MSE: 0.006843016057576575

 Training SURE of the models:
SURE-PM: 0.004601950156133672
NPMLE: 0.05970542519381722
SURE-PM, NPMLE init: 0.004601226131106131
experiment: e
submitit INFO (2026-06-03 23:52:17,011) - Job has timed out. Ran 698 minutes out of requested 700 minutes.
submitit WARNING (2026-06-03 23:52:17,012) - Caught signal SIGUSR2 on m001: this job is timed-out.
submitit INFO (2026-06-03 23:52:17,012) - Job not requeued because: timed-out and not checkpointable.
submitit ERROR (2026-06-03 23:52:17,143) - Submitted job triggered an exception
