submitit INFO (2026-08-26 06:46:32,729) - Starting with JobEnvironment(job_id=1487614, hostname=o001, local_rank=0(1), node=0(1), global_rank=0(1))
submitit INFO (2026-08-26 06:46:32,730) - Loading pickle: /home/amberlee0516/score-matching-empirical-bayes/submitit_log/1487614/1487614_submitted.pkl
simulate_data.py: device = cuda:0

n: 100
m: 150
Finished solving NPMLE, with SURE 41.555081347312615
Finished solving NPMLE, with in-sample MSE 3.618261709024456
Finished solving parametric estimator, with SURE 3.3889068873903736
Finished solving parametric estimator, with in-sample MSE 3.4291836573274654
Finished solving EBCF, with in-sample MSE 1.2343685707878573
Finished training EB SURE-LS, with SURE: 1.1042693756266133
Finished training EB SURE-LS, with in-sample MSE: 0.8414227859811656
use_scale: True
use_location: False
Finished training EB misspecified with NPMLE init, with SURE: 2.3529139179138974
Finished training EB misspecified with NPMLE init, with in-sample MSE: 3.173993980840956
Finished training EB misspecified, with SURE: 2.3531274921945124
Finished training EB misspecified, with in-sample MSE: 3.1738272823862403
Finished training EB wellspecified, with SURE: 0.2177880235585493
Finished training EB wellspecified, with in-sample MSE: 2.3607698910369317
m: 151
Finished solving NPMLE, with SURE 35.62242785717104
Finished solving NPMLE, with in-sample MSE 3.126316744724035
Finished solving parametric estimator, with SURE 3.4639517243613684
Finished solving parametric estimator, with in-sample MSE 2.9172221210238583
Finished solving EBCF, with in-sample MSE 1.3730059646715138
Finished training EB SURE-LS, with SURE: 0.923135449857005
Finished training EB SURE-LS, with in-sample MSE: 1.3319145517049114
use_scale: True
use_location: False
Finished training EB misspecified with NPMLE init, with SURE: 2.7299915685062253
Finished training EB misspecified with NPMLE init, with in-sample MSE: 3.4075277574246923
Finished training EB misspecified, with SURE: 2.728895583641231
Finished training EB misspecified, with in-sample MSE: 3.3826786263793296
Finished training EB wellspecified, with SURE: 0.18989215526074255
Finished training EB wellspecified, with in-sample MSE: 1.7693791121505833
m: 152
Finished solving NPMLE, with SURE 34.781196154386336
Finished solving NPMLE, with in-sample MSE 4.911668905493734
Finished solving parametric estimator, with SURE 3.4985035222409135
Finished solving parametric estimator, with in-sample MSE 4.533484626636587
Finished solving EBCF, with in-sample MSE 1.7368178090774897
Finished training EB SURE-LS, with SURE: 1.424572889919044
Finished training EB SURE-LS, with in-sample MSE: 1.3920046225467166
use_scale: True
use_location: False
Finished training EB misspecified with NPMLE init, with SURE: 2.6235926136944085
Finished training EB misspecified with NPMLE init, with in-sample MSE: 4.864937100440606
Finished training EB misspecified, with SURE: 2.623655028091205
Finished training EB misspecified, with in-sample MSE: 4.864694426355369
Finished training EB wellspecified, with SURE: 0.8938163762651548
Finished training EB wellspecified, with in-sample MSE: 2.027797687795003
m: 153
Finished solving NPMLE, with SURE 29.147849810572946
Finished solving NPMLE, with in-sample MSE 3.946794795483223
Finished solving parametric estimator, with SURE 3.31229100913674
Finished solving parametric estimator, with in-sample MSE 3.540938706394998
Finished solving EBCF, with in-sample MSE 1.1441061625411464
Finished training EB SURE-LS, with SURE: 0.8469935568439706
Finished training EB SURE-LS, with in-sample MSE: 0.9565414403453513
use_scale: True
use_location: False
Finished training EB misspecified with NPMLE init, with SURE: 2.489643858040637
Finished training EB misspecified with NPMLE init, with in-sample MSE: 3.4510376542374654
Finished training EB misspecified, with SURE: 2.489955378163368
Finished training EB misspecified, with in-sample MSE: 3.4506473660263297
Finished training EB wellspecified, with SURE: 0.7263547938732927
Finished training EB wellspecified, with in-sample MSE: 1.9463600570363553
m: 154
Finished solving NPMLE, with SURE 43.51448671878421
Finished solving NPMLE, with in-sample MSE 3.622557009229746
Finished solving parametric estimator, with SURE 3.388012868312144
Finished solving parametric estimator, with in-sample MSE 3.012654669968884
Finished solving EBCF, with in-sample MSE 0.9542681406447906
Finished training EB SURE-LS, with SURE: -0.4093802579354872
Finished training EB SURE-LS, with in-sample MSE: 0.9069017775961874
use_scale: True
use_location: False
Finished training EB misspecified with NPMLE init, with SURE: 2.195451810013133
Finished training EB misspecified with NPMLE init, with in-sample MSE: 3.086285490855407
Finished training EB misspecified, with SURE: 2.195338302651521
Finished training EB misspecified, with in-sample MSE: 3.0864676409607807
Finished training EB wellspecified, with SURE: -0.6047662837920194
Finished training EB wellspecified, with in-sample MSE: 1.1524783821138256
m: 155
Finished solving NPMLE, with SURE 26.0119251545744
Finished solving NPMLE, with in-sample MSE 4.057751370158198
Finished solving parametric estimator, with SURE 3.3744352829696904
Finished solving parametric estimator, with in-sample MSE 3.498961554234309
Finished solving EBCF, with in-sample MSE 1.2410863624471626
Finished training EB SURE-LS, with SURE: 0.9384713647516253
Finished training EB SURE-LS, with in-sample MSE: 1.0917192897315096
use_scale: True
use_location: False
Finished training EB misspecified with NPMLE init, with SURE: 2.5581429268181863
Finished training EB misspecified with NPMLE init, with in-sample MSE: 2.9845301166834655
Finished training EB misspecified, with SURE: 2.5580361664629345
Finished training EB misspecified, with in-sample MSE: 2.9832347516012363
Finished training EB wellspecified, with SURE: 0.264294996737081
Finished training EB wellspecified, with in-sample MSE: 1.6771423759387276
m: 156
Finished solving NPMLE, with SURE 33.45017187716768
Finished solving NPMLE, with in-sample MSE 3.102244314448527
Finished solving parametric estimator, with SURE 3.5418594437391784
Finished solving parametric estimator, with in-sample MSE 3.329238446892485
Finished solving EBCF, with in-sample MSE 2.249816637491416
Finished training EB SURE-LS, with SURE: 0.9394145446284142
Finished training EB SURE-LS, with in-sample MSE: 1.3766791060774084
use_scale: True
use_location: False
Finished training EB misspecified with NPMLE init, with SURE: 2.5989313632428743
Finished training EB misspecified with NPMLE init, with in-sample MSE: 3.088389076167877
Finished training EB misspecified, with SURE: 2.5990143245543913
Finished training EB misspecified, with in-sample MSE: 3.088205090071611
Finished training EB wellspecified, with SURE: 0.49899359981804403
Finished training EB wellspecified, with in-sample MSE: 1.9799277393143
m: 157
Finished solving NPMLE, with SURE 39.62528117063101
Finished solving NPMLE, with in-sample MSE 4.801102261923279
Finished solving parametric estimator, with SURE 3.4011908945357052
Finished solving parametric estimator, with in-sample MSE 4.617453961704336
Finished solving EBCF, with in-sample MSE 1.5848928868084946
Finished training EB SURE-LS, with SURE: 1.4412816944160927
Finished training EB SURE-LS, with in-sample MSE: 1.244259137790141
use_scale: True
use_location: False
Finished training EB misspecified with NPMLE init, with SURE: 2.0967437366365327
Finished training EB misspecified with NPMLE init, with in-sample MSE: 4.219899308367078
Finished training EB misspecified, with SURE: 2.096878746132582
Finished training EB misspecified, with in-sample MSE: 4.220317152440518
Finished training EB wellspecified, with SURE: 0.165155678192733
Finished training EB wellspecified, with in-sample MSE: 2.666104010292687
m: 158
Finished solving NPMLE, with SURE 28.83031881840506
Finished solving NPMLE, with in-sample MSE 2.9259938148063456
Finished solving parametric estimator, with SURE 3.1720054440229415
Finished solving parametric estimator, with in-sample MSE 2.920755417645909
Finished solving EBCF, with in-sample MSE 1.2664852553908497
Finished training EB SURE-LS, with SURE: -0.49924981654759865
Finished training EB SURE-LS, with in-sample MSE: 1.1975936181224156
use_scale: True
use_location: False
Finished training EB misspecified with NPMLE init, with SURE: 2.1224322593275553
Finished training EB misspecified with NPMLE init, with in-sample MSE: 3.0767633948714628
Finished training EB misspecified, with SURE: 2.1220561863576304
Finished training EB misspecified, with in-sample MSE: 3.077048097997479
Finished training EB wellspecified, with SURE: -0.4611058760686882
Finished training EB wellspecified, with in-sample MSE: 1.2116248232437776
m: 159
Finished solving NPMLE, with SURE 21.513864069585765
Finished solving NPMLE, with in-sample MSE 2.4943174594286255
Finished solving parametric estimator, with SURE 3.3223487957730735
Finished solving parametric estimator, with in-sample MSE 2.29152568814292
Finished solving EBCF, with in-sample MSE 1.0604870071397026
Finished training EB SURE-LS, with SURE: -0.7719362755095978
Finished training EB SURE-LS, with in-sample MSE: 0.9803925616090474
use_scale: True
use_location: False
Finished training EB misspecified with NPMLE init, with SURE: 2.3926121236088695
Finished training EB misspecified with NPMLE init, with in-sample MSE: 2.404597109681159
Finished training EB misspecified, with SURE: 2.392604125699496
Finished training EB misspecified, with in-sample MSE: 2.404881405990715
Finished training EB wellspecified, with SURE: -0.6234244342191034
Finished training EB wellspecified, with in-sample MSE: 1.0955506900362382
m: 160
Finished solving NPMLE, with SURE 31.604501853318403
Finished solving NPMLE, with in-sample MSE 2.8037514818754827
Finished solving parametric estimator, with SURE 3.143244852271332
Finished solving parametric estimator, with in-sample MSE 2.85946418855902
Finished solving EBCF, with in-sample MSE 0.8245316700699832
Finished training EB SURE-LS, with SURE: -0.23410589694438946
Finished training EB SURE-LS, with in-sample MSE: 0.7791086853741195
use_scale: True
use_location: False
Finished training EB misspecified with NPMLE init, with SURE: 1.907011692677823
Finished training EB misspecified with NPMLE init, with in-sample MSE: 2.5579093628215688
Finished training EB misspecified, with SURE: 1.9069219691039785
Finished training EB misspecified, with in-sample MSE: 2.5579048038084404
Finished training EB wellspecified, with SURE: -0.6467791883414276
Finished training EB wellspecified, with in-sample MSE: 1.067473864057625
m: 161
Finished solving NPMLE, with SURE 37.71219486335568
Finished solving NPMLE, with in-sample MSE 3.3699538798588513
Finished solving parametric estimator, with SURE 3.1700493209265286
Finished solving parametric estimator, with in-sample MSE 3.1475067196347357
Finished solving EBCF, with in-sample MSE 1.0369009075950577
Finished training EB SURE-LS, with SURE: 0.515138925634564
Finished training EB SURE-LS, with in-sample MSE: 1.0818364129522962
use_scale: True
use_location: False
Finished training EB misspecified with NPMLE init, with SURE: 2.2940106403934513
Finished training EB misspecified with NPMLE init, with in-sample MSE: 3.0649488326639895
Finished training EB misspecified, with SURE: 2.2937837248729305
Finished training EB misspecified, with in-sample MSE: 3.064998677635978
Finished training EB wellspecified, with SURE: 0.1953541344517806
Finished training EB wellspecified, with in-sample MSE: 1.2759613474265676
m: 162
Finished solving NPMLE, with SURE 23.169163889719872
Finished solving NPMLE, with in-sample MSE 3.388581611601316
Finished solving parametric estimator, with SURE 3.1278580256397372
Finished solving parametric estimator, with in-sample MSE 3.1893473576196785
Finished solving EBCF, with in-sample MSE 0.9339250739462195
Finished training EB SURE-LS, with SURE: 0.09142944274619758
Finished training EB SURE-LS, with in-sample MSE: 0.816574928986129
use_scale: True
use_location: False
Finished training EB misspecified with NPMLE init, with SURE: 2.160109548429846
Finished training EB misspecified with NPMLE init, with in-sample MSE: 2.7233688413417663
Finished training EB misspecified, with SURE: 2.160174991618651
Finished training EB misspecified, with in-sample MSE: 2.723330432808309
Finished training EB wellspecified, with SURE: -0.6702236934832031
Finished training EB wellspecified, with in-sample MSE: 1.5145084565568983
m: 163
Finished solving NPMLE, with SURE 32.24532461297469
Finished solving NPMLE, with in-sample MSE 2.9969439411651666
Finished solving parametric estimator, with SURE 3.3683527414792027
Finished solving parametric estimator, with in-sample MSE 2.963530731999823
Finished solving EBCF, with in-sample MSE 1.1291318641033814
Finished training EB SURE-LS, with SURE: 3.835312786172991
Finished training EB SURE-LS, with in-sample MSE: 3.5352603200299315
use_scale: True
use_location: False
Finished training EB misspecified with NPMLE init, with SURE: 2.6780875722030784
Finished training EB misspecified with NPMLE init, with in-sample MSE: 2.63478376104941
Finished training EB misspecified, with SURE: 2.677878778954438
Finished training EB misspecified, with in-sample MSE: 2.6351203585590737
Finished training EB wellspecified, with SURE: 0.2297206213634949
Finished training EB wellspecified, with in-sample MSE: 1.1725957407258791
m: 164
Finished solving NPMLE, with SURE 19.689494841714527
Finished solving NPMLE, with in-sample MSE 5.130650147833153
Finished solving parametric estimator, with SURE 3.3113326715070257
Finished solving parametric estimator, with in-sample MSE 4.133699942581502
Finished solving EBCF, with in-sample MSE 2.4479713918651878
Finished training EB SURE-LS, with SURE: 0.4668467377725991
Finished training EB SURE-LS, with in-sample MSE: 1.6338135120393105
use_scale: True
use_location: False
Finished training EB misspecified with NPMLE init, with SURE: 2.4946721564879737
Finished training EB misspecified with NPMLE init, with in-sample MSE: 3.5604875676143113
Finished training EB misspecified, with SURE: 2.4946313812980203
Finished training EB misspecified, with in-sample MSE: 3.560506367950665
Finished training EB wellspecified, with SURE: -0.3835256461011795
Finished training EB wellspecified, with in-sample MSE: 3.2140914534616924
m: 165
Finished solving NPMLE, with SURE 17.99270770076911
Finished solving NPMLE, with in-sample MSE 3.8801691595687045
Finished solving parametric estimator, with SURE 3.1915517565699805
Finished solving parametric estimator, with in-sample MSE 3.4317214726695995
Finished solving EBCF, with in-sample MSE 1.5124976909337238
Finished training EB SURE-LS, with SURE: 0.3061416274653412
Finished training EB SURE-LS, with in-sample MSE: 1.4035185772473395
use_scale: True
use_location: False
Finished training EB misspecified with NPMLE init, with SURE: 2.422917755490378
Finished training EB misspecified with NPMLE init, with in-sample MSE: 3.64926956703001
Finished training EB misspecified, with SURE: 2.422813002930908
Finished training EB misspecified, with in-sample MSE: 3.6502739674562417
Finished training EB wellspecified, with SURE: -0.4933201353495669
Finished training EB wellspecified, with in-sample MSE: 1.9579910962037124
m: 166
Finished solving NPMLE, with SURE 40.24704827417403
Finished solving NPMLE, with in-sample MSE 3.7355245863383306
Finished solving parametric estimator, with SURE 3.3799179332422735
Finished solving parametric estimator, with in-sample MSE 3.4882988011652447
Finished solving EBCF, with in-sample MSE 0.936993812682398
Finished training EB SURE-LS, with SURE: 0.9924185612909079
Finished training EB SURE-LS, with in-sample MSE: 0.8259368812558927
use_scale: True
use_location: False
Finished training EB misspecified with NPMLE init, with SURE: 1.7236495395557654
Finished training EB misspecified with NPMLE init, with in-sample MSE: 3.2233555273845598
Finished training EB misspecified, with SURE: 1.7236364307375938
Finished training EB misspecified, with in-sample MSE: 3.223679769359448
Finished training EB wellspecified, with SURE: -0.787667470005046
Finished training EB wellspecified, with in-sample MSE: 2.594996022797369
m: 167
Finished solving NPMLE, with SURE 28.694406614260366
Finished solving NPMLE, with in-sample MSE 3.5043559711200305
Finished solving parametric estimator, with SURE 3.389614339136857
Finished solving parametric estimator, with in-sample MSE 3.297733817075498
Finished solving EBCF, with in-sample MSE 1.7690432103592264
Finished training EB SURE-LS, with SURE: 0.780228009930087
Finished training EB SURE-LS, with in-sample MSE: 1.2705533685577495
use_scale: True
use_location: False
Finished training EB misspecified with NPMLE init, with SURE: 2.0375341762584243
Finished training EB misspecified with NPMLE init, with in-sample MSE: 3.3292535371198557
Finished training EB misspecified, with SURE: 2.0376154951758942
Finished training EB misspecified, with in-sample MSE: 3.3292061930291594
Finished training EB wellspecified, with SURE: -0.6452802509854556
Finished training EB wellspecified, with in-sample MSE: 2.5780977842660815
m: 168
Finished solving NPMLE, with SURE 31.595618742387956
Finished solving NPMLE, with in-sample MSE 3.3070903078453227
Finished solving parametric estimator, with SURE 3.215309160102194
Finished solving parametric estimator, with in-sample MSE 3.2642112109403105
Finished solving EBCF, with in-sample MSE 0.9104892956548545
Finished training EB SURE-LS, with SURE: 0.2640521007023002
Finished training EB SURE-LS, with in-sample MSE: 0.7904716126578714
use_scale: True
use_location: False
Finished training EB misspecified with NPMLE init, with SURE: 1.9526564361173622
Finished training EB misspecified with NPMLE init, with in-sample MSE: 3.1247815206517577
Finished training EB misspecified, with SURE: 1.9528671897877303
Finished training EB misspecified, with in-sample MSE: 3.124422869124179
Finished training EB wellspecified, with SURE: -0.04678216671801739
Finished training EB wellspecified, with in-sample MSE: 1.157447328583867
m: 169
Finished solving NPMLE, with SURE 25.096724286631016
Finished solving NPMLE, with in-sample MSE 3.8612094630058778
Finished solving parametric estimator, with SURE 3.3201049470757136
Finished solving parametric estimator, with in-sample MSE 3.398963141607309
Finished solving EBCF, with in-sample MSE 1.1451261026049182
Finished training EB SURE-LS, with SURE: 1.5178927071175823
Finished training EB SURE-LS, with in-sample MSE: 1.1340854975071817
use_scale: True
use_location: False
Finished training EB misspecified with NPMLE init, with SURE: 2.447177769312152
Finished training EB misspecified with NPMLE init, with in-sample MSE: 3.45335851642499
Finished training EB misspecified, with SURE: 2.4471340019465857
Finished training EB misspecified, with in-sample MSE: 3.4554491871657445
Finished training EB wellspecified, with SURE: 0.3310753723562274
Finished training EB wellspecified, with in-sample MSE: 2.434594312844966
m: 170
Finished solving NPMLE, with SURE 40.28194613796992
Finished solving NPMLE, with in-sample MSE 4.361483773174485
Finished solving parametric estimator, with SURE 3.4309661586027187
Finished solving parametric estimator, with in-sample MSE 4.330917041486585
Finished solving EBCF, with in-sample MSE 1.3088716466592007
Finished training EB SURE-LS, with SURE: 1.5763978908016745
Finished training EB SURE-LS, with in-sample MSE: 1.054558292901288
use_scale: True
use_location: False
Finished training EB misspecified with NPMLE init, with SURE: 1.9464707790341436
Finished training EB misspecified with NPMLE init, with in-sample MSE: 3.630314151812668
Finished training EB misspecified, with SURE: 1.9465324901597478
Finished training EB misspecified, with in-sample MSE: 3.6305208185146727
Finished training EB wellspecified, with SURE: 0.7931765984079232
Finished training EB wellspecified, with in-sample MSE: 1.9990305487275049
m: 171
Finished solving NPMLE, with SURE 30.98088409144227
Finished solving NPMLE, with in-sample MSE 3.667865074078796
Finished solving parametric estimator, with SURE 3.7625917465483885
Finished solving parametric estimator, with in-sample MSE 2.43984776666001
Finished solving EBCF, with in-sample MSE 1.7167856361528233
Finished training EB SURE-LS, with SURE: 0.5531475967212484
Finished training EB SURE-LS, with in-sample MSE: 1.457636474508119
use_scale: True
use_location: False
Finished training EB misspecified with NPMLE init, with SURE: 1.6575576560637455
Finished training EB misspecified with NPMLE init, with in-sample MSE: 3.5633080747852706
Finished training EB misspecified, with SURE: 1.6577941276290813
Finished training EB misspecified, with in-sample MSE: 3.563023682255187
Finished training EB wellspecified, with SURE: -0.8829406011117286
Finished training EB wellspecified, with in-sample MSE: 2.2593030281350392
m: 172
Finished solving NPMLE, with SURE 37.73067076477378
Finished solving NPMLE, with in-sample MSE 4.5480406616378195
Finished solving parametric estimator, with SURE 3.3536578897374567
Finished solving parametric estimator, with in-sample MSE 4.099799503922181
Finished solving EBCF, with in-sample MSE 1.0989847225652547
Finished training EB SURE-LS, with SURE: 0.8492902806072684
Finished training EB SURE-LS, with in-sample MSE: 0.8746543265590564
use_scale: True
use_location: False
Finished training EB misspecified with NPMLE init, with SURE: 2.0275435570232645
Finished training EB misspecified with NPMLE init, with in-sample MSE: 3.866028796784592
Finished training EB misspecified, with SURE: 2.027173376588258
Finished training EB misspecified, with in-sample MSE: 3.8657028114496437
Finished training EB wellspecified, with SURE: 0.01854807275593627
Finished training EB wellspecified, with in-sample MSE: 1.9096908881747006
m: 173
Finished solving NPMLE, with SURE 23.425877380161456
Finished solving NPMLE, with in-sample MSE 3.4458099723150726
Finished solving parametric estimator, with SURE 3.5954703457699484
Finished solving parametric estimator, with in-sample MSE 3.2985549586689764
Finished solving EBCF, with in-sample MSE 1.775381925143804
Finished training EB SURE-LS, with SURE: 0.9584333495417806
Finished training EB SURE-LS, with in-sample MSE: 1.04156152017885
use_scale: True
use_location: False
Finished training EB misspecified with NPMLE init, with SURE: 2.408285727125799
Finished training EB misspecified with NPMLE init, with in-sample MSE: 3.1826705113152935
Finished training EB misspecified, with SURE: 2.4084876490700653
Finished training EB misspecified, with in-sample MSE: 3.1815558595257114
Finished training EB wellspecified, with SURE: -0.8505064749477032
Finished training EB wellspecified, with in-sample MSE: 2.662646690669723
m: 174
Finished solving NPMLE, with SURE 28.894058513966975
Finished solving NPMLE, with in-sample MSE 3.2639449566340555
Finished solving parametric estimator, with SURE 3.3882069254362754
Finished solving parametric estimator, with in-sample MSE 2.6085759021393478
Finished solving EBCF, with in-sample MSE 1.4219518891375391
Finished training EB SURE-LS, with SURE: 0.022932414997513497
Finished training EB SURE-LS, with in-sample MSE: 1.1143704151724638
use_scale: True
use_location: False
Finished training EB misspecified with NPMLE init, with SURE: 2.5239795089183
Finished training EB misspecified with NPMLE init, with in-sample MSE: 3.3426246598898017
Finished training EB misspecified, with SURE: 2.524242604637481
Finished training EB misspecified, with in-sample MSE: 3.3419612439213404
Finished training EB wellspecified, with SURE: -0.25668576180312686
Finished training EB wellspecified, with in-sample MSE: 1.336711824650852
m: 175
Finished solving NPMLE, with SURE 28.082719537629764
Finished solving NPMLE, with in-sample MSE 3.693172875669208
Finished solving parametric estimator, with SURE 3.6531448416385155
Finished solving parametric estimator, with in-sample MSE 3.593373238085473
Finished solving EBCF, with in-sample MSE 0.9334310188676028
Finished training EB SURE-LS, with SURE: 1.1899210566716643
Finished training EB SURE-LS, with in-sample MSE: 0.6940259316309287
use_scale: True
use_location: False
Finished training EB misspecified with NPMLE init, with SURE: 2.201179692485705
Finished training EB misspecified with NPMLE init, with in-sample MSE: 3.0374543378412837
Finished training EB misspecified, with SURE: 2.201574922987952
Finished training EB misspecified, with in-sample MSE: 3.036562910687151
Finished training EB wellspecified, with SURE: 0.3403991759098197
Finished training EB wellspecified, with in-sample MSE: 1.5998140398721632
m: 176
Finished solving NPMLE, with SURE 35.015463088365536
Finished solving NPMLE, with in-sample MSE 3.406891012201565
Finished solving parametric estimator, with SURE 3.4432335737803097
Finished solving parametric estimator, with in-sample MSE 3.116978401062935
Finished solving EBCF, with in-sample MSE 1.07773210682434
Finished training EB SURE-LS, with SURE: 1.0130290167530558
Finished training EB SURE-LS, with in-sample MSE: 1.0641334650119745
use_scale: True
use_location: False
Finished training EB misspecified with NPMLE init, with SURE: 2.541581783155051
Finished training EB misspecified with NPMLE init, with in-sample MSE: 3.585113145016464
Finished training EB misspecified, with SURE: 2.5417958950744812
Finished training EB misspecified, with in-sample MSE: 3.587163514817535
Finished training EB wellspecified, with SURE: -0.09678098349798298
Finished training EB wellspecified, with in-sample MSE: 2.254466476279084
m: 177
Finished solving NPMLE, with SURE 26.10698018700889
Finished solving NPMLE, with in-sample MSE 3.047470947372009
Finished solving parametric estimator, with SURE 3.3621486830303327
Finished solving parametric estimator, with in-sample MSE 3.0556780216639465
Finished solving EBCF, with in-sample MSE 0.907765660841816
Finished training EB SURE-LS, with SURE: 0.5443006874839544
Finished training EB SURE-LS, with in-sample MSE: 0.6306723536083573
use_scale: True
use_location: False
Finished training EB misspecified with NPMLE init, with SURE: 2.1265183947990915
Finished training EB misspecified with NPMLE init, with in-sample MSE: 2.4752222442063285
Finished training EB misspecified, with SURE: 2.126479935436017
Finished training EB misspecified, with in-sample MSE: 2.4745977659983156
Finished training EB wellspecified, with SURE: -0.8710418413397237
Finished training EB wellspecified, with in-sample MSE: 1.8594268472984317
m: 178
Finished solving NPMLE, with SURE 41.29860722093963
Finished solving NPMLE, with in-sample MSE 2.868742731913148
Finished solving parametric estimator, with SURE 3.31792095322624
Finished solving parametric estimator, with in-sample MSE 2.7386946478207377
Finished solving EBCF, with in-sample MSE 1.4640676882842023
Finished training EB SURE-LS, with SURE: -0.32664582517975815
Finished training EB SURE-LS, with in-sample MSE: 1.1771874722465707
use_scale: True
use_location: False
Finished training EB misspecified with NPMLE init, with SURE: 2.629271443924149
Finished training EB misspecified with NPMLE init, with in-sample MSE: 2.8943001637313754
Finished training EB misspecified, with SURE: 2.6293851565637034
Finished training EB misspecified, with in-sample MSE: 2.894202476890821
Finished training EB wellspecified, with SURE: -0.41624630503172755
Finished training EB wellspecified, with in-sample MSE: 1.2609308892134634
m: 179
Finished solving NPMLE, with SURE 25.196160744509836
Finished solving NPMLE, with in-sample MSE 4.158013387869267
Finished solving parametric estimator, with SURE 3.215385325666298
Finished solving parametric estimator, with in-sample MSE 3.750026352952959
Finished solving EBCF, with in-sample MSE 1.0827736748368262
Finished training EB SURE-LS, with SURE: 0.8126600649209675
Finished training EB SURE-LS, with in-sample MSE: 1.3850808333959292
use_scale: True
use_location: False
Finished training EB misspecified with NPMLE init, with SURE: 2.7119334881829564
Finished training EB misspecified with NPMLE init, with in-sample MSE: 3.331938218109218
Finished training EB misspecified, with SURE: 2.6093637327808876
Finished training EB misspecified, with in-sample MSE: 3.5714728934450064
Finished training EB wellspecified, with SURE: -0.07333412399867788
Finished training EB wellspecified, with in-sample MSE: 2.273181406244095
m: 180
Finished solving NPMLE, with SURE 35.5081533572364
Finished solving NPMLE, with in-sample MSE 3.4240939847507197
Finished solving parametric estimator, with SURE 3.4688862903543694
Finished solving parametric estimator, with in-sample MSE 3.092235268350614
Finished solving EBCF, with in-sample MSE 0.821964564171245
Finished training EB SURE-LS, with SURE: 0.44021074853248104
Finished training EB SURE-LS, with in-sample MSE: 0.7229771302091865
use_scale: True
use_location: False
Finished training EB misspecified with NPMLE init, with SURE: 2.1623550682313417
Finished training EB misspecified with NPMLE init, with in-sample MSE: 3.417667738167533
Finished training EB misspecified, with SURE: 2.1623210646153646
Finished training EB misspecified, with in-sample MSE: 3.42096998549867
Finished training EB wellspecified, with SURE: -0.643948046887964
Finished training EB wellspecified, with in-sample MSE: 1.5597060099140194
m: 181
Finished solving NPMLE, with SURE 23.365779631781916
Finished solving NPMLE, with in-sample MSE 3.7672072587464522
Finished solving parametric estimator, with SURE 3.250383482903268
Finished solving parametric estimator, with in-sample MSE 3.661041245730772
Finished solving EBCF, with in-sample MSE 1.3309554036396904
Finished training EB SURE-LS, with SURE: 0.9546526896525857
Finished training EB SURE-LS, with in-sample MSE: 1.2791925252162977
use_scale: True
use_location: False
Finished training EB misspecified with NPMLE init, with SURE: 2.5737911951398895
Finished training EB misspecified with NPMLE init, with in-sample MSE: 3.4608094617149674
Finished training EB misspecified, with SURE: 2.573997741959522
Finished training EB misspecified, with in-sample MSE: 3.460805999744161
Finished training EB wellspecified, with SURE: 0.2846654238973075
Finished training EB wellspecified, with in-sample MSE: 1.787063670950148
m: 182
Finished solving NPMLE, with SURE 33.37599752434899
Finished solving NPMLE, with in-sample MSE 4.406498198497359
Finished solving parametric estimator, with SURE 3.4486660056623295
Finished solving parametric estimator, with in-sample MSE 4.104277758943073
Finished solving EBCF, with in-sample MSE 2.5681718968032263
Finished training EB SURE-LS, with SURE: 1.6178250455369523
Finished training EB SURE-LS, with in-sample MSE: 1.3917333113895065
use_scale: True
use_location: False
Finished training EB misspecified with NPMLE init, with SURE: 2.3755000293053024
Finished training EB misspecified with NPMLE init, with in-sample MSE: 3.9945361793080205
Finished training EB misspecified, with SURE: 2.375582188455676
Finished training EB misspecified, with in-sample MSE: 3.9945024138836414
Finished training EB wellspecified, with SURE: 0.5569007061555706
Finished training EB wellspecified, with in-sample MSE: 2.506233848686346
m: 183
Finished solving NPMLE, with SURE 25.965182808732152
Finished solving NPMLE, with in-sample MSE 5.436574204170267
Finished solving parametric estimator, with SURE 3.4635171657295416
Finished solving parametric estimator, with in-sample MSE 4.255199318395424
Finished solving EBCF, with in-sample MSE 1.5702010625853848
Finished training EB SURE-LS, with SURE: 1.3021752208703958
Finished training EB SURE-LS, with in-sample MSE: 1.186556564670601
use_scale: True
use_location: False
Finished training EB misspecified with NPMLE init, with SURE: 2.3369216233028856
Finished training EB misspecified with NPMLE init, with in-sample MSE: 5.308538721429504
Finished training EB misspecified, with SURE: 2.318970527135527
Finished training EB misspecified, with in-sample MSE: 5.228844600680029
Finished training EB wellspecified, with SURE: -0.422801059157203
Finished training EB wellspecified, with in-sample MSE: 3.8790924949715975
m: 184
Finished solving NPMLE, with SURE 22.447473911415063
Finished solving NPMLE, with in-sample MSE 5.840611451529506
Finished solving parametric estimator, with SURE 3.5964381012241784
Finished solving parametric estimator, with in-sample MSE 4.858464020595482
Finished solving EBCF, with in-sample MSE 2.492515907471106
Finished training EB SURE-LS, with SURE: 1.698267582967497
Finished training EB SURE-LS, with in-sample MSE: 1.5461561086179234
use_scale: True
use_location: False
Finished training EB misspecified with NPMLE init, with SURE: 2.015507964268019
Finished training EB misspecified with NPMLE init, with in-sample MSE: 5.413633687670957
Finished training EB misspecified, with SURE: 2.0157200418705754
Finished training EB misspecified, with in-sample MSE: 5.415451613843224
Finished training EB wellspecified, with SURE: 0.29818723604467834
Finished training EB wellspecified, with in-sample MSE: 3.516761425831761
m: 185
Finished solving NPMLE, with SURE 29.013123503225174
Finished solving NPMLE, with in-sample MSE 3.024840001981803
Finished solving parametric estimator, with SURE 3.3335923787609083
Finished solving parametric estimator, with in-sample MSE 2.538496768306977
Finished solving EBCF, with in-sample MSE 0.8713860882868257
Finished training EB SURE-LS, with SURE: 0.3568628383095395
Finished training EB SURE-LS, with in-sample MSE: 0.7521174276729083
use_scale: True
use_location: False
Finished training EB misspecified with NPMLE init, with SURE: 2.3626746445489077
Finished training EB misspecified with NPMLE init, with in-sample MSE: 2.792461653716759
Finished training EB misspecified, with SURE: 2.3628294628703026
Finished training EB misspecified, with in-sample MSE: 2.792078348211865
Finished training EB wellspecified, with SURE: -0.3929960177492048
Finished training EB wellspecified, with in-sample MSE: 1.916483867298507
m: 186
Finished solving NPMLE, with SURE 21.380902587643114
Finished solving NPMLE, with in-sample MSE 3.6322080567718906
Finished solving parametric estimator, with SURE 3.1580580933768143
Finished solving parametric estimator, with in-sample MSE 3.02114661850192
Finished solving EBCF, with in-sample MSE 1.3461034106513918
Finished training EB SURE-LS, with SURE: 0.4355179438363944
Finished training EB SURE-LS, with in-sample MSE: 1.1426826634893605
use_scale: True
use_location: False
Finished training EB misspecified with NPMLE init, with SURE: 1.9181264527738875
Finished training EB misspecified with NPMLE init, with in-sample MSE: 3.147399177599693
Finished training EB misspecified, with SURE: 1.9184060470302762
Finished training EB misspecified, with in-sample MSE: 3.14667138215248
Finished training EB wellspecified, with SURE: -0.0027293779807447648
Finished training EB wellspecified, with in-sample MSE: 1.465706070502241
m: 187
Finished solving NPMLE, with SURE 35.57752582547336
Finished solving NPMLE, with in-sample MSE 3.8646759540255777
Finished solving parametric estimator, with SURE 3.44727135634872
Finished solving parametric estimator, with in-sample MSE 3.3933865837710817
Finished solving EBCF, with in-sample MSE 1.1206611910153887
Finished training EB SURE-LS, with SURE: 0.34910058591080545
Finished training EB SURE-LS, with in-sample MSE: 1.0270182205884104
use_scale: True
use_location: False
Finished training EB misspecified with NPMLE init, with SURE: 2.681019551726613
Finished training EB misspecified with NPMLE init, with in-sample MSE: 3.1385406205513213
Finished training EB misspecified, with SURE: 2.6811302732708158
Finished training EB misspecified, with in-sample MSE: 3.138723453029072
Finished training EB wellspecified, with SURE: -0.7565174413825381
Finished training EB wellspecified, with in-sample MSE: 2.3491724163956658
m: 188
Finished solving NPMLE, with SURE 24.923792643049733
Finished solving NPMLE, with in-sample MSE 2.9526044002073935
Finished solving parametric estimator, with SURE 3.1884296718247724
Finished solving parametric estimator, with in-sample MSE 2.442089015436377
Finished solving EBCF, with in-sample MSE 1.1076360957407265
Finished training EB SURE-LS, with SURE: 0.17496583863582926
Finished training EB SURE-LS, with in-sample MSE: 1.258588108153355
use_scale: True
use_location: False
Finished training EB misspecified with NPMLE init, with SURE: 2.48238561162495
Finished training EB misspecified with NPMLE init, with in-sample MSE: 2.196974299233061
Finished training EB misspecified, with SURE: 2.4825069599508662
Finished training EB misspecified, with in-sample MSE: 2.1965650482222205
Finished training EB wellspecified, with SURE: -0.12462430777185503
Finished training EB wellspecified, with in-sample MSE: 1.7664279546433364
m: 189
Finished solving NPMLE, with SURE 27.214262654373282
Finished solving NPMLE, with in-sample MSE 3.728983731562224
Finished solving parametric estimator, with SURE 3.202796736076251
Finished solving parametric estimator, with in-sample MSE 3.59968477828353
Finished solving EBCF, with in-sample MSE 1.3298693761242162
Finished training EB SURE-LS, with SURE: 1.1437944112654865
Finished training EB SURE-LS, with in-sample MSE: 0.8503724243990619
use_scale: True
use_location: False
Finished training EB misspecified with NPMLE init, with SURE: 2.2345978189099096
Finished training EB misspecified with NPMLE init, with in-sample MSE: 3.4657137382126333
Finished training EB misspecified, with SURE: 2.2343576445295414
Finished training EB misspecified, with in-sample MSE: 3.4659671537675574
Finished training EB wellspecified, with SURE: 0.23239878865403726
Finished training EB wellspecified, with in-sample MSE: 2.115253990926959
m: 190
Finished solving NPMLE, with SURE 47.83732705676579
Finished solving NPMLE, with in-sample MSE 3.3918299962437852
Finished solving parametric estimator, with SURE 3.617398882989569
Finished solving parametric estimator, with in-sample MSE 2.817182939116256
Finished solving EBCF, with in-sample MSE 0.8556181173472519
Finished training EB SURE-LS, with SURE: 0.6890680602277532
Finished training EB SURE-LS, with in-sample MSE: 0.9409954650620818
use_scale: True
use_location: False
Finished training EB misspecified with NPMLE init, with SURE: 2.8520316905521974
Finished training EB misspecified with NPMLE init, with in-sample MSE: 2.76330238698315
Finished training EB misspecified, with SURE: 2.8517459645779843
Finished training EB misspecified, with in-sample MSE: 2.763735340585523
Finished training EB wellspecified, with SURE: 0.08461621172965135
Finished training EB wellspecified, with in-sample MSE: 1.2533423361235179
m: 191
Finished solving NPMLE, with SURE 35.85241323262126
Finished solving NPMLE, with in-sample MSE 3.009446667449667
Finished solving parametric estimator, with SURE 3.484753452284764
Finished solving parametric estimator, with in-sample MSE 2.5095683050056947
Finished solving EBCF, with in-sample MSE 1.1563645128131785
Finished training EB SURE-LS, with SURE: 0.31786983551560555
Finished training EB SURE-LS, with in-sample MSE: 1.039189056620246
use_scale: True
use_location: False
Finished training EB misspecified with NPMLE init, with SURE: 2.488112263179742
Finished training EB misspecified with NPMLE init, with in-sample MSE: 2.7101051772431854
Finished training EB misspecified, with SURE: 2.4881462718749807
Finished training EB misspecified, with in-sample MSE: 2.7099722159043296
Finished training EB wellspecified, with SURE: 0.0513245054479995
Finished training EB wellspecified, with in-sample MSE: 1.057168513275962
m: 192
Finished solving NPMLE, with SURE 44.60092777773682
Finished solving NPMLE, with in-sample MSE 3.5799311788644754
Finished solving parametric estimator, with SURE 3.3638988647431596
Finished solving parametric estimator, with in-sample MSE 3.6883560704833998
Finished solving EBCF, with in-sample MSE 1.6947352772225492
Finished training EB SURE-LS, with SURE: 1.161283488801617
Finished training EB SURE-LS, with in-sample MSE: 1.0596277392246019
use_scale: True
use_location: False
Finished training EB misspecified with NPMLE init, with SURE: 2.2537983171088793
Finished training EB misspecified with NPMLE init, with in-sample MSE: 2.9326243146085678
Finished training EB misspecified, with SURE: 2.2539981809725664
Finished training EB misspecified, with in-sample MSE: 2.9326025454426645
Finished training EB wellspecified, with SURE: -0.33701560231380606
Finished training EB wellspecified, with in-sample MSE: 3.269301306193268
m: 193
Finished solving NPMLE, with SURE 50.32453849551614
Finished solving NPMLE, with in-sample MSE 4.171201362302817
Finished solving parametric estimator, with SURE 3.474407767168749
Finished solving parametric estimator, with in-sample MSE 3.968813167305659
Finished solving EBCF, with in-sample MSE 2.1589469427724146
Finished training EB SURE-LS, with SURE: 0.8472595361410599
Finished training EB SURE-LS, with in-sample MSE: 0.965135940529635
use_scale: True
use_location: False
Finished training EB misspecified with NPMLE init, with SURE: 1.936399588170811
Finished training EB misspecified with NPMLE init, with in-sample MSE: 3.8245861536151136
Finished training EB misspecified, with SURE: 1.93385404371246
Finished training EB misspecified, with in-sample MSE: 3.8080378277038873
Finished training EB wellspecified, with SURE: -0.9263048270300159
Finished training EB wellspecified, with in-sample MSE: 2.882848191195793
m: 194
Finished solving NPMLE, with SURE 33.88602575608122
Finished solving NPMLE, with in-sample MSE 4.1249575382092685
Finished solving parametric estimator, with SURE 3.4038967680124195
Finished solving parametric estimator, with in-sample MSE 3.549697510402405
Finished solving EBCF, with in-sample MSE 1.0200154149358147
Finished training EB SURE-LS, with SURE: 0.8421230365128676
Finished training EB SURE-LS, with in-sample MSE: 1.0101316850020388
use_scale: True
use_location: False
Finished training EB misspecified with NPMLE init, with SURE: 2.434012351570907
Finished training EB misspecified with NPMLE init, with in-sample MSE: 2.8805096025354335
Finished training EB misspecified, with SURE: 2.434056039801583
Finished training EB misspecified, with in-sample MSE: 2.881484560895058
Finished training EB wellspecified, with SURE: -0.33165129934072096
Finished training EB wellspecified, with in-sample MSE: 2.0766858940776842
m: 195
Finished solving NPMLE, with SURE 28.605220961843283
Finished solving NPMLE, with in-sample MSE 3.3418190084519437
Finished solving parametric estimator, with SURE 3.2468451195066983
Finished solving parametric estimator, with in-sample MSE 2.9540666140532177
Finished solving EBCF, with in-sample MSE 1.048554474605775
Finished training EB SURE-LS, with SURE: -0.03348538434534991
Finished training EB SURE-LS, with in-sample MSE: 0.872660086853871
use_scale: True
use_location: False
Finished training EB misspecified with NPMLE init, with SURE: 2.0880063780435374
Finished training EB misspecified with NPMLE init, with in-sample MSE: 2.9978652741453895
Finished training EB misspecified, with SURE: 2.087753711444516
Finished training EB misspecified, with in-sample MSE: 2.999785622374061
Finished training EB wellspecified, with SURE: -0.5636382132823848
Finished training EB wellspecified, with in-sample MSE: 1.3677449847024519
m: 196
Finished solving NPMLE, with SURE 35.098200046800024
Finished solving NPMLE, with in-sample MSE 4.2419807149758135
Finished solving parametric estimator, with SURE 3.4327623926021555
Finished solving parametric estimator, with in-sample MSE 4.157160432786886
Finished solving EBCF, with in-sample MSE 1.1330875591145548
Finished training EB SURE-LS, with SURE: 1.2008894912447152
Finished training EB SURE-LS, with in-sample MSE: 0.9340880765480553
use_scale: True
use_location: False
Finished training EB misspecified with NPMLE init, with SURE: 2.5036458906049903
Finished training EB misspecified with NPMLE init, with in-sample MSE: 3.869597543285471
Finished training EB misspecified, with SURE: 2.503657720318673
Finished training EB misspecified, with in-sample MSE: 3.8581864333505673
Finished training EB wellspecified, with SURE: 0.5121668853872313
Finished training EB wellspecified, with in-sample MSE: 2.4016768863587394
m: 197
Finished solving NPMLE, with SURE 39.95855661279536
Finished solving NPMLE, with in-sample MSE 4.045469268251169
Finished solving parametric estimator, with SURE 3.7102625643502805
Finished solving parametric estimator, with in-sample MSE 3.479082999174655
Finished solving EBCF, with in-sample MSE 1.6481363398443332
Finished training EB SURE-LS, with SURE: -0.3275104011241156
Finished training EB SURE-LS, with in-sample MSE: 1.4655701235027823
use_scale: True
use_location: False
Finished training EB misspecified with NPMLE init, with SURE: 2.093657325663015
Finished training EB misspecified with NPMLE init, with in-sample MSE: 3.866991999815527
Finished training EB misspecified, with SURE: 2.09393732173497
Finished training EB misspecified, with in-sample MSE: 3.867208926433521
Finished training EB wellspecified, with SURE: -0.7408158058599514
Finished training EB wellspecified, with in-sample MSE: 2.1054582906009056
m: 198
Finished solving NPMLE, with SURE 28.596113419371942
Finished solving NPMLE, with in-sample MSE 3.1687470745321593
Finished solving parametric estimator, with SURE 3.459818116029334
Finished solving parametric estimator, with in-sample MSE 3.186681429691426
Finished solving EBCF, with in-sample MSE 1.3991879178833924
Finished training EB SURE-LS, with SURE: 0.8579859079690749
Finished training EB SURE-LS, with in-sample MSE: 1.079616316570416
use_scale: True
use_location: False
Finished training EB misspecified with NPMLE init, with SURE: 2.386239832950258
Finished training EB misspecified with NPMLE init, with in-sample MSE: 3.141686776858323
Finished training EB misspecified, with SURE: 2.386190951331394
Finished training EB misspecified, with in-sample MSE: 3.1431603011935323
Finished training EB wellspecified, with SURE: 0.418235817788167
Finished training EB wellspecified, with in-sample MSE: 1.282152948167701
m: 199
Finished solving NPMLE, with SURE 52.658643300347705
Finished solving NPMLE, with in-sample MSE 3.7308772148939044
Finished solving parametric estimator, with SURE 3.434060642003738
Finished solving parametric estimator, with in-sample MSE 3.3011144565942057
Finished solving EBCF, with in-sample MSE 1.2407620201667304
Finished training EB SURE-LS, with SURE: 0.8482255234225997
Finished training EB SURE-LS, with in-sample MSE: 1.0704241870921114
use_scale: True
use_location: False
Finished training EB misspecified with NPMLE init, with SURE: 2.3100172075179315
Finished training EB misspecified with NPMLE init, with in-sample MSE: 3.769578443702159
Finished training EB misspecified, with SURE: 2.3094919810556114
Finished training EB misspecified, with in-sample MSE: 3.7700472184133544
Finished training EB wellspecified, with SURE: 0.4276495845736355
Finished training EB wellspecified, with in-sample MSE: 1.5688772488664853

n: 200
m: 150
Finished solving NPMLE, with SURE 35.925900926325376
Finished solving NPMLE, with in-sample MSE 3.3450271725767897
Finished solving parametric estimator, with SURE 3.175625208973318
Finished solving parametric estimator, with in-sample MSE 3.050848718561616
Finished solving EBCF, with in-sample MSE 0.8628065564262432
Finished training EB SURE-LS, with SURE: -0.2412582983865811
Finished training EB SURE-LS, with in-sample MSE: 0.8160609809003231
use_scale: True
use_location: False
Finished training EB misspecified with NPMLE init, with SURE: 2.021904879314318
Finished training EB misspecified with NPMLE init, with in-sample MSE: 2.9619099727175398
Finished training EB misspecified, with SURE: 2.021801546069651
Finished training EB misspecified, with in-sample MSE: 2.961853686157383
Finished training EB wellspecified, with SURE: -0.49545593506366403
Finished training EB wellspecified, with in-sample MSE: 0.9028460030431714
m: 151
Finished solving NPMLE, with SURE 40.598005132057494
Finished solving NPMLE, with in-sample MSE 3.4322335616176334
Finished solving parametric estimator, with SURE 3.4938222597907744
Finished solving parametric estimator, with in-sample MSE 3.51195724915099
Finished solving EBCF, with in-sample MSE 1.175242777383717
Finished training EB SURE-LS, with SURE: 1.3319608269291796
Finished training EB SURE-LS, with in-sample MSE: 1.018637781443477
use_scale: True
use_location: False
Finished training EB misspecified with NPMLE init, with SURE: 2.7356182372272464
Finished training EB misspecified with NPMLE init, with in-sample MSE: 3.1141729599175587
Finished training EB misspecified, with SURE: 2.7356840162254277
Finished training EB misspecified, with in-sample MSE: 3.1141383840751033
Finished training EB wellspecified, with SURE: 0.8724358797653194
Finished training EB wellspecified, with in-sample MSE: 1.4386320704232403
m: 152
Finished solving NPMLE, with SURE 37.08922128337707
Finished solving NPMLE, with in-sample MSE 3.721636299621935
Finished solving parametric estimator, with SURE 3.2481029851880026
Finished solving parametric estimator, with in-sample MSE 3.4621964886193037
Finished solving EBCF, with in-sample MSE 1.0288607294342105
Finished training EB SURE-LS, with SURE: 1.1353180289194293
Finished training EB SURE-LS, with in-sample MSE: 0.8739437586415607
use_scale: True
use_location: False
Finished training EB misspecified with NPMLE init, with SURE: 2.7135494283931685
Finished training EB misspecified with NPMLE init, with in-sample MSE: 3.1997268726876382
Finished training EB misspecified, with SURE: 2.7136654464039642
Finished training EB misspecified, with in-sample MSE: 3.200161118226424
Finished training EB wellspecified, with SURE: 0.6121601882631658
Finished training EB wellspecified, with in-sample MSE: 1.3875912388685843
m: 153
Finished solving NPMLE, with SURE 23.996048419161536
Finished solving NPMLE, with in-sample MSE 3.883746186440208
Finished solving parametric estimator, with SURE 3.5206045486006508
Finished solving parametric estimator, with in-sample MSE 3.4394184548191724
Finished solving EBCF, with in-sample MSE 1.2956017603230894
Finished training EB SURE-LS, with SURE: 0.8604161111933968
Finished training EB SURE-LS, with in-sample MSE: 0.9765352276823617
use_scale: True
use_location: False
Finished training EB misspecified with NPMLE init, with SURE: 2.6576761020264628
Finished training EB misspecified with NPMLE init, with in-sample MSE: 3.6592825003712677
Finished training EB misspecified, with SURE: 2.657858892007127
Finished training EB misspecified, with in-sample MSE: 3.658439981335361
Finished training EB wellspecified, with SURE: -0.0540730029364224
Finished training EB wellspecified, with in-sample MSE: 1.8651824568507864
m: 154
Finished solving NPMLE, with SURE 24.478782516354087
Finished solving NPMLE, with in-sample MSE 4.263655490446986
Finished solving parametric estimator, with SURE 3.464973759598585
Finished solving parametric estimator, with in-sample MSE 3.8445375815183485
Finished solving EBCF, with in-sample MSE 1.7642447588036556
Finished training EB SURE-LS, with SURE: 1.2091773875885463
Finished training EB SURE-LS, with in-sample MSE: 1.1380899054305031
use_scale: True
use_location: False
Finished training EB misspecified with NPMLE init, with SURE: 2.832245076414367
Finished training EB misspecified with NPMLE init, with in-sample MSE: 3.39133139618927
Finished training EB misspecified, with SURE: 2.8325470510359456
Finished training EB misspecified, with in-sample MSE: 3.391026381221085
Finished training EB wellspecified, with SURE: 0.3452518574053005
Finished training EB wellspecified, with in-sample MSE: 2.177235368919868
m: 155
Finished solving NPMLE, with SURE 35.90943156513643
Finished solving NPMLE, with in-sample MSE 3.4806618580015987
Finished solving parametric estimator, with SURE 3.2819948894250794
Finished solving parametric estimator, with in-sample MSE 3.130071556074501
Finished solving EBCF, with in-sample MSE 0.8151674661910334
Finished training EB SURE-LS, with SURE: 0.4701998696015879
Finished training EB SURE-LS, with in-sample MSE: 0.8160024429050174
use_scale: True
use_location: False
Finished training EB misspecified with NPMLE init, with SURE: 2.234523853254887
Finished training EB misspecified with NPMLE init, with in-sample MSE: 2.8349505546172
Finished training EB misspecified, with SURE: 2.2345509898822544
Finished training EB misspecified, with in-sample MSE: 2.8348855075938344
Finished training EB wellspecified, with SURE: 0.2557057767216747
Finished training EB wellspecified, with in-sample MSE: 0.9532743646406122
m: 156
Finished solving NPMLE, with SURE 32.80812993843762
Finished solving NPMLE, with in-sample MSE 3.1703606328040563
Finished solving parametric estimator, with SURE 3.3495659052859015
Finished solving parametric estimator, with in-sample MSE 3.0994528624290547
Finished solving EBCF, with in-sample MSE 1.0096185994397868
Finished training EB SURE-LS, with SURE: 1.0024263444693657
Finished training EB SURE-LS, with in-sample MSE: 0.947956230901299
use_scale: True
use_location: False
Finished training EB misspecified with NPMLE init, with SURE: 2.5941713651459173
Finished training EB misspecified with NPMLE init, with in-sample MSE: 2.743057661788429
Finished training EB misspecified, with SURE: 2.593736924607435
Finished training EB misspecified, with in-sample MSE: 2.7429458347973084
Finished training EB wellspecified, with SURE: -0.42372367885688067
Finished training EB wellspecified, with in-sample MSE: 2.7417956351658903
m: 157
Finished solving NPMLE, with SURE 42.02954136790965
Finished solving NPMLE, with in-sample MSE 3.945230092179756
Finished solving parametric estimator, with SURE 3.1038446787983345
Finished solving parametric estimator, with in-sample MSE 4.031576285178174
Finished solving EBCF, with in-sample MSE 0.9812904162066947
Finished training EB SURE-LS, with SURE: 0.3708664778854184
Finished training EB SURE-LS, with in-sample MSE: 1.068163488805656
use_scale: True
use_location: False
Finished training EB misspecified with NPMLE init, with SURE: 2.165752319197309
Finished training EB misspecified with NPMLE init, with in-sample MSE: 3.6049662189482996
Finished training EB misspecified, with SURE: 2.164457721574976
Finished training EB misspecified, with in-sample MSE: 3.5961679113772895
Finished training EB wellspecified, with SURE: 0.15777978614732055
Finished training EB wellspecified, with in-sample MSE: 1.720340560967581
m: 158
Finished solving NPMLE, with SURE 48.83188304538719
Finished solving NPMLE, with in-sample MSE 3.8336604029037846
Finished solving parametric estimator, with SURE 3.407784229076102
Finished solving parametric estimator, with in-sample MSE 3.2372302531946726
Finished solving EBCF, with in-sample MSE 1.3262506474532576
Finished training EB SURE-LS, with SURE: 0.6624537898414916
Finished training EB SURE-LS, with in-sample MSE: 0.8741128902903915
use_scale: True
use_location: False
Finished training EB misspecified with NPMLE init, with SURE: 2.4295719442040618
Finished training EB misspecified with NPMLE init, with in-sample MSE: 3.4080353458167627
Finished training EB misspecified, with SURE: 2.429516104393749
Finished training EB misspecified, with in-sample MSE: 3.408078837244005
Finished training EB wellspecified, with SURE: -0.03218552100546838
Finished training EB wellspecified, with in-sample MSE: 1.41084381751795
m: 159
Finished solving NPMLE, with SURE 31.57621472161401
Finished solving NPMLE, with in-sample MSE 3.1310278469181636
Finished solving parametric estimator, with SURE 3.193792301556794
Finished solving parametric estimator, with in-sample MSE 3.0798971980158147
Finished solving EBCF, with in-sample MSE 0.8648131495596184
Finished training EB SURE-LS, with SURE: 0.3910295490657699
Finished training EB SURE-LS, with in-sample MSE: 0.8014696381331363
use_scale: True
use_location: False
Finished training EB misspecified with NPMLE init, with SURE: 2.506649847397632
Finished training EB misspecified with NPMLE init, with in-sample MSE: 2.5802559302165005
Finished training EB misspecified, with SURE: 2.506640979881688
Finished training EB misspecified, with in-sample MSE: 2.5796583584600468
Finished training EB wellspecified, with SURE: 0.2871866965927438
Finished training EB wellspecified, with in-sample MSE: 1.2367774320128608
m: 160
Finished solving NPMLE, with SURE 33.4754913421041
Finished solving NPMLE, with in-sample MSE 3.0914029522796085
Finished solving parametric estimator, with SURE 3.485667886839091
Finished solving parametric estimator, with in-sample MSE 2.8886837825039926
Finished solving EBCF, with in-sample MSE 1.0051633223142127
Finished training EB SURE-LS, with SURE: 0.6219982294600537
Finished training EB SURE-LS, with in-sample MSE: 1.0966174388227616
use_scale: True
use_location: False
Finished training EB misspecified with NPMLE init, with SURE: 2.589283853488386
Finished training EB misspecified with NPMLE init, with in-sample MSE: 2.689961686169925
Finished training EB misspecified, with SURE: 2.589027125365123
Finished training EB misspecified, with in-sample MSE: 2.6910715493767663
Finished training EB wellspecified, with SURE: 0.03684044270311105
Finished training EB wellspecified, with in-sample MSE: 1.3833196353753352
m: 161
Finished solving NPMLE, with SURE 28.532640436890574
Finished solving NPMLE, with in-sample MSE 3.1035297319034902
Finished solving parametric estimator, with SURE 3.320206540301778
Finished solving parametric estimator, with in-sample MSE 3.020577029750437
Finished solving EBCF, with in-sample MSE 1.0719369022409695
Finished training EB SURE-LS, with SURE: 0.7346073058411833
Finished training EB SURE-LS, with in-sample MSE: 0.8820509096907782
use_scale: True
use_location: False
Finished training EB misspecified with NPMLE init, with SURE: 2.38045394043849
Finished training EB misspecified with NPMLE init, with in-sample MSE: 2.9266267240411366
Finished training EB misspecified, with SURE: 2.3807010072117647
Finished training EB misspecified, with in-sample MSE: 2.9276089380812724
Finished training EB wellspecified, with SURE: 0.32036327557692035
Finished training EB wellspecified, with in-sample MSE: 1.9770940034253401
m: 162
Finished solving NPMLE, with SURE 25.30859330344242
Finished solving NPMLE, with in-sample MSE 3.6896146716718006
Finished solving parametric estimator, with SURE 3.134919629495323
Finished solving parametric estimator, with in-sample MSE 3.127540605955972
Finished solving EBCF, with in-sample MSE 1.0378441852933982
Finished training EB SURE-LS, with SURE: 0.678442879159208
Finished training EB SURE-LS, with in-sample MSE: 0.8792466055925638
use_scale: True
use_location: False
Finished training EB misspecified with NPMLE init, with SURE: 2.5081972699912094
Finished training EB misspecified with NPMLE init, with in-sample MSE: 2.8379259358970264
Finished training EB misspecified, with SURE: 2.508257862181448
Finished training EB misspecified, with in-sample MSE: 2.8379643039891223
Finished training EB wellspecified, with SURE: 2.5091280266159677
Finished training EB wellspecified, with in-sample MSE: 2.838138829599531
m: 163
Finished solving NPMLE, with SURE 24.769549704968412
Finished solving NPMLE, with in-sample MSE 4.597639359296695
Finished solving parametric estimator, with SURE 3.4861257956210743
Finished solving parametric estimator, with in-sample MSE 4.068449436928791
Finished solving EBCF, with in-sample MSE 1.4909455091429415
Finished training EB SURE-LS, with SURE: 1.6272543292258246
Finished training EB SURE-LS, with in-sample MSE: 1.190936166876796
use_scale: True
use_location: False
Finished training EB misspecified with NPMLE init, with SURE: 2.7604150366378315
Finished training EB misspecified with NPMLE init, with in-sample MSE: 3.9998342273218457
Finished training EB misspecified, with SURE: 2.76073377290214
Finished training EB misspecified, with in-sample MSE: 4.001529746595019
Finished training EB wellspecified, with SURE: 1.1633633287835585
Finished training EB wellspecified, with in-sample MSE: 1.6940698728531138
m: 164
Finished solving NPMLE, with SURE 24.951541798199827
Finished solving NPMLE, with in-sample MSE 3.8646375013789815
Finished solving parametric estimator, with SURE 3.320133689704637
Finished solving parametric estimator, with in-sample MSE 3.4282672878970093
Finished solving EBCF, with in-sample MSE 0.8439209613509189
Finished training EB SURE-LS, with SURE: 1.0480622824789287
Finished training EB SURE-LS, with in-sample MSE: 0.7233524545858594
use_scale: True
use_location: False
Finished training EB misspecified with NPMLE init, with SURE: 2.420394829021771
Finished training EB misspecified with NPMLE init, with in-sample MSE: 3.283228272327893
Finished training EB misspecified, with SURE: 2.4205724338017154
Finished training EB misspecified, with in-sample MSE: 3.2853051058106058
Finished training EB wellspecified, with SURE: 0.5301854225566728
Finished training EB wellspecified, with in-sample MSE: 1.1522130904886618
m: 165
Finished solving NPMLE, with SURE 29.468419988160672
Finished solving NPMLE, with in-sample MSE 3.26623021118459
Finished solving parametric estimator, with SURE 3.3585056975038077
Finished solving parametric estimator, with in-sample MSE 2.906392925338997
Finished solving EBCF, with in-sample MSE 0.9828221576419611
Finished training EB SURE-LS, with SURE: 0.4889645139838961
Finished training EB SURE-LS, with in-sample MSE: 0.9451178295555018
use_scale: True
use_location: False
Finished training EB misspecified with NPMLE init, with SURE: 2.4835035500310108
Finished training EB misspecified with NPMLE init, with in-sample MSE: 3.260798143021232
Finished training EB misspecified, with SURE: 2.4833141004937636
Finished training EB misspecified, with in-sample MSE: 3.2610508041216644
Finished training EB wellspecified, with SURE: 0.2536171875464179
Finished training EB wellspecified, with in-sample MSE: 1.117215979935267
m: 166
Finished solving NPMLE, with SURE 37.34057196575728
Finished solving NPMLE, with in-sample MSE 3.1292380623329312
Finished solving parametric estimator, with SURE 3.5264928886622062
Finished solving parametric estimator, with in-sample MSE 2.7214671371633874
Finished solving EBCF, with in-sample MSE 1.101704746123239
Finished training EB SURE-LS, with SURE: 0.39417099170883874
Finished training EB SURE-LS, with in-sample MSE: 0.953147393132395
use_scale: True
use_location: False
Finished training EB misspecified with NPMLE init, with SURE: 2.4983958558655575
Finished training EB misspecified with NPMLE init, with in-sample MSE: 3.010678210624809
Finished training EB misspecified, with SURE: 2.4985799094723955
Finished training EB misspecified, with in-sample MSE: 3.0099261901338594
Finished training EB wellspecified, with SURE: 0.176659055839938
Finished training EB wellspecified, with in-sample MSE: 1.2126975707442287
m: 167
Finished solving NPMLE, with SURE 40.040299766581455
Finished solving NPMLE, with in-sample MSE 3.4578579644201874
Finished solving parametric estimator, with SURE 3.3413793576387096
Finished solving parametric estimator, with in-sample MSE 3.2484928231610137
Finished solving EBCF, with in-sample MSE 0.8488684055075695
Finished training EB SURE-LS, with SURE: 0.6150308157067379
Finished training EB SURE-LS, with in-sample MSE: 0.7301491941293934
use_scale: True
use_location: False
Finished training EB misspecified with NPMLE init, with SURE: 2.6624334793698807
Finished training EB misspecified with NPMLE init, with in-sample MSE: 2.907994069140177
Finished training EB misspecified, with SURE: 2.6621231758506334
Finished training EB misspecified, with in-sample MSE: 2.9099849833804545
Finished training EB wellspecified, with SURE: 0.27570865468235284
Finished training EB wellspecified, with in-sample MSE: 1.1300875012501042
m: 168
Finished solving NPMLE, with SURE 44.544559963699356
Finished solving NPMLE, with in-sample MSE 3.385321909630499
Finished solving parametric estimator, with SURE 3.4378999075124668
Finished solving parametric estimator, with in-sample MSE 3.524375086078799
Finished solving EBCF, with in-sample MSE 1.6149790814958203
Finished training EB SURE-LS, with SURE: 1.1937785848011262
Finished training EB SURE-LS, with in-sample MSE: 1.3993808495022224
use_scale: True
use_location: False
Finished training EB misspecified with NPMLE init, with SURE: 2.8205335381755323
Finished training EB misspecified with NPMLE init, with in-sample MSE: 3.486973862081826
Finished training EB misspecified, with SURE: 2.8206117088282383
Finished training EB misspecified, with in-sample MSE: 3.4869501731118935
Finished training EB wellspecified, with SURE: 0.6930136295196067
Finished training EB wellspecified, with in-sample MSE: 1.8680325260076023
m: 169
Finished solving NPMLE, with SURE 38.44459708383642
Finished solving NPMLE, with in-sample MSE 3.477739752575055
Finished solving parametric estimator, with SURE 3.449543958944501
Finished solving parametric estimator, with in-sample MSE 3.4903837901651578
Finished solving EBCF, with in-sample MSE 1.0416896390830466
Finished training EB SURE-LS, with SURE: 0.9891606886564713
Finished training EB SURE-LS, with in-sample MSE: 0.9258195973180053
use_scale: True
use_location: False
Finished training EB misspecified with NPMLE init, with SURE: 2.6216582800490245
Finished training EB misspecified with NPMLE init, with in-sample MSE: 2.975160549516785
Finished training EB misspecified, with SURE: 2.6214880875236384
Finished training EB misspecified, with in-sample MSE: 2.97648183381493
Finished training EB wellspecified, with SURE: 0.6537739903410694
Finished training EB wellspecified, with in-sample MSE: 1.2669047120900871
m: 170
Finished solving NPMLE, with SURE 20.288759288309674
Finished solving NPMLE, with in-sample MSE 2.8931584420858085
Finished solving parametric estimator, with SURE 3.1707797328233642
Finished solving parametric estimator, with in-sample MSE 2.927779590989555
Finished solving EBCF, with in-sample MSE 0.860951303252904
Finished training EB SURE-LS, with SURE: 0.17776512842020986
Finished training EB SURE-LS, with in-sample MSE: 0.8938612396620184
use_scale: True
use_location: False
Finished training EB misspecified with NPMLE init, with SURE: 2.283720565136613
Finished training EB misspecified with NPMLE init, with in-sample MSE: 2.8237849755719635
Finished training EB misspecified, with SURE: 2.2834701130040105
Finished training EB misspecified, with in-sample MSE: 2.8239189425388003
Finished training EB wellspecified, with SURE: 0.010078535080509009
Finished training EB wellspecified, with in-sample MSE: 1.0345267072302335
m: 171
Finished solving NPMLE, with SURE 43.947775796192644
Finished solving NPMLE, with in-sample MSE 3.4575415662694025
Finished solving parametric estimator, with SURE 3.328192598274153
Finished solving parametric estimator, with in-sample MSE 3.2581393882136926
Finished solving EBCF, with in-sample MSE 1.1245453953855775
Finished training EB SURE-LS, with SURE: 0.8951976279064333
Finished training EB SURE-LS, with in-sample MSE: 0.9418254721573791
use_scale: True
use_location: False
Finished training EB misspecified with NPMLE init, with SURE: 2.4678254552896046
Finished training EB misspecified with NPMLE init, with in-sample MSE: 3.0809391260209837
Finished training EB misspecified, with SURE: 2.467485980326443
Finished training EB misspecified, with in-sample MSE: 3.080972962701034
Finished training EB wellspecified, with SURE: 0.985667611486082
Finished training EB wellspecified, with in-sample MSE: 1.1584328940383177
m: 172
Finished solving NPMLE, with SURE 31.137910405032223
Finished solving NPMLE, with in-sample MSE 4.093463282621155
Finished solving parametric estimator, with SURE 3.4778578092096404
Finished solving parametric estimator, with in-sample MSE 4.022237128312813
Finished solving EBCF, with in-sample MSE 2.0008308328586266
Finished training EB SURE-LS, with SURE: 4.087555957085987
Finished training EB SURE-LS, with in-sample MSE: 4.532759078909896
use_scale: True
use_location: False
Finished training EB misspecified with NPMLE init, with SURE: 2.5850790697332258
Finished training EB misspecified with NPMLE init, with in-sample MSE: 3.781987328976625
Finished training EB misspecified, with SURE: 2.5850918093519892
Finished training EB misspecified, with in-sample MSE: 3.781951533417295
Finished training EB wellspecified, with SURE: 0.7557860953759221
Finished training EB wellspecified, with in-sample MSE: 1.3453497870913826
m: 173
Finished solving NPMLE, with SURE 29.376541608631477
Finished solving NPMLE, with in-sample MSE 3.170403717911841
Finished solving parametric estimator, with SURE 3.300189161855523
Finished solving parametric estimator, with in-sample MSE 3.115548850685144
Finished solving EBCF, with in-sample MSE 1.0577862107138818
Finished training EB SURE-LS, with SURE: 0.16614579738043161
Finished training EB SURE-LS, with in-sample MSE: 1.0212014952066981
use_scale: True
use_location: False
Finished training EB misspecified with NPMLE init, with SURE: 2.4555109883843604
Finished training EB misspecified with NPMLE init, with in-sample MSE: 2.7381210738730974
Finished training EB misspecified, with SURE: 2.455548737704031
Finished training EB misspecified, with in-sample MSE: 2.7382561612018645
Finished training EB wellspecified, with SURE: 0.0898231475060028
Finished training EB wellspecified, with in-sample MSE: 0.9967799704589302
m: 174
Finished solving NPMLE, with SURE 35.933226346966734
Finished solving NPMLE, with in-sample MSE 4.1501871537771695
Finished solving parametric estimator, with SURE 3.390432897610328
Finished solving parametric estimator, with in-sample MSE 3.700210267029555
Finished solving EBCF, with in-sample MSE 1.3150961240134371
Finished training EB SURE-LS, with SURE: 1.2033521915658358
Finished training EB SURE-LS, with in-sample MSE: 0.9540259822011546
use_scale: True
use_location: False
Finished training EB misspecified with NPMLE init, with SURE: 2.73726270463864
Finished training EB misspecified with NPMLE init, with in-sample MSE: 3.219815786939955
Finished training EB misspecified, with SURE: 2.737251879135647
Finished training EB misspecified, with in-sample MSE: 3.2199433186604254
Finished training EB wellspecified, with SURE: 0.6069276139168146
Finished training EB wellspecified, with in-sample MSE: 1.4479705174881783
m: 175
Finished solving NPMLE, with SURE 28.97091657137109
Finished solving NPMLE, with in-sample MSE 3.56376437846514
Finished solving parametric estimator, with SURE 3.5061583271979817
Finished solving parametric estimator, with in-sample MSE 3.4512329242005704
Finished solving EBCF, with in-sample MSE 1.2344402493489206
Finished training EB SURE-LS, with SURE: 1.068711986208878
Finished training EB SURE-LS, with in-sample MSE: 1.113226966624598
use_scale: True
use_location: False
Finished training EB misspecified with NPMLE init, with SURE: 2.972223377952614
Finished training EB misspecified with NPMLE init, with in-sample MSE: 2.986775877996716
Finished training EB misspecified, with SURE: 2.97324563917138
Finished training EB misspecified, with in-sample MSE: 2.97257152827798
Finished training EB wellspecified, with SURE: 0.44943226196969094
Finished training EB wellspecified, with in-sample MSE: 1.8564303350288842
m: 176
Finished solving NPMLE, with SURE 32.37505454617725
Finished solving NPMLE, with in-sample MSE 3.4892892059350995
Finished solving parametric estimator, with SURE 3.562055772638417
Finished solving parametric estimator, with in-sample MSE 3.461574747541945
Finished solving EBCF, with in-sample MSE 1.195904921286578
Finished training EB SURE-LS, with SURE: 0.9341452112611128
Finished training EB SURE-LS, with in-sample MSE: 1.0725783393968285
use_scale: True
use_location: False
Finished training EB misspecified with NPMLE init, with SURE: 2.7751561810064804
Finished training EB misspecified with NPMLE init, with in-sample MSE: 3.2066739104778197
Finished training EB misspecified, with SURE: 2.774862124287676
Finished training EB misspecified, with in-sample MSE: 3.207102134777224
Finished training EB wellspecified, with SURE: 0.5148391600377705
Finished training EB wellspecified, with in-sample MSE: 1.4239343525697155
m: 177
Finished solving NPMLE, with SURE 32.06127372386789
Finished solving NPMLE, with in-sample MSE 3.9975030537806533
Finished solving parametric estimator, with SURE 3.446002445181346
Finished solving parametric estimator, with in-sample MSE 3.590748551893144
Finished solving EBCF, with in-sample MSE 1.1069245064610458
Finished training EB SURE-LS, with SURE: 1.1021494370190492
Finished training EB SURE-LS, with in-sample MSE: 0.8400127814999023
use_scale: True
use_location: False
Finished training EB misspecified with NPMLE init, with SURE: 2.625683436103577
Finished training EB misspecified with NPMLE init, with in-sample MSE: 3.3596750027345688
Finished training EB misspecified, with SURE: 2.6258128934242775
Finished training EB misspecified, with in-sample MSE: 3.3590708267503713
Finished training EB wellspecified, with SURE: 0.8406288804970705
Finished training EB wellspecified, with in-sample MSE: 1.0812442808725644
m: 178
Finished solving NPMLE, with SURE 35.16637934069087
Finished solving NPMLE, with in-sample MSE 3.454027438245682
Finished solving parametric estimator, with SURE 3.3443833210538583
Finished solving parametric estimator, with in-sample MSE 3.268204148961254
Finished solving EBCF, with in-sample MSE 1.322945499213628
Finished training EB SURE-LS, with SURE: 1.0476384561684977
Finished training EB SURE-LS, with in-sample MSE: 0.9352928184645034
use_scale: True
use_location: False
Finished training EB misspecified with NPMLE init, with SURE: 2.6617734811013554
Finished training EB misspecified with NPMLE init, with in-sample MSE: 3.2298866692615418
Finished training EB misspecified, with SURE: 2.661305358531828
Finished training EB misspecified, with in-sample MSE: 3.2307067685137256
Finished training EB wellspecified, with SURE: 0.6414359751984416
Finished training EB wellspecified, with in-sample MSE: 1.186160725766302
m: 179
Finished solving NPMLE, with SURE 26.681031650024515
Finished solving NPMLE, with in-sample MSE 4.093709039448347
Finished solving parametric estimator, with SURE 3.3388359037520106
Finished solving parametric estimator, with in-sample MSE 3.7465889385318456
Finished solving EBCF, with in-sample MSE 1.1604940441601004
Finished training EB SURE-LS, with SURE: 0.9386822929257695
Finished training EB SURE-LS, with in-sample MSE: 1.0630605309604255
use_scale: True
use_location: False
Finished training EB misspecified with NPMLE init, with SURE: 2.366264685701923
Finished training EB misspecified with NPMLE init, with in-sample MSE: 3.2665145304519534
Finished training EB misspecified, with SURE: 2.36631620105749
Finished training EB misspecified, with in-sample MSE: 3.2666991955664315
Finished training EB wellspecified, with SURE: 0.49597549089762705
Finished training EB wellspecified, with in-sample MSE: 1.3596073372580548
m: 180
Finished solving NPMLE, with SURE 37.36716964498983
Finished solving NPMLE, with in-sample MSE 3.2461834964009766
Finished solving parametric estimator, with SURE 3.4872929845892893
Finished solving parametric estimator, with in-sample MSE 3.134795058136364
Finished solving EBCF, with in-sample MSE 1.150889234952182
Finished training EB SURE-LS, with SURE: 0.8427643001651308
Finished training EB SURE-LS, with in-sample MSE: 0.9993626995006746
use_scale: True
use_location: False
Finished training EB misspecified with NPMLE init, with SURE: 2.5693094887916583
Finished training EB misspecified with NPMLE init, with in-sample MSE: 2.8107751301877544
Finished training EB misspecified, with SURE: 2.5693276943940497
Finished training EB misspecified, with in-sample MSE: 2.8105893422960198
Finished training EB wellspecified, with SURE: 0.708002578512345
Finished training EB wellspecified, with in-sample MSE: 1.14428602506655
m: 181
Finished solving NPMLE, with SURE 46.34824796257373
Finished solving NPMLE, with in-sample MSE 3.6534449299655787
Finished solving parametric estimator, with SURE 3.5856338383848794
Finished solving parametric estimator, with in-sample MSE 3.312560677706584
Finished solving EBCF, with in-sample MSE 1.1616845495451802
Finished training EB SURE-LS, with SURE: 0.9505778329858735
Finished training EB SURE-LS, with in-sample MSE: 1.0097799739408009
use_scale: True
use_location: False
Finished training EB misspecified with NPMLE init, with SURE: 2.7940899445221525
Finished training EB misspecified with NPMLE init, with in-sample MSE: 2.9289539600109578
Finished training EB misspecified, with SURE: 2.793796641639655
Finished training EB misspecified, with in-sample MSE: 2.928877359746053
Finished training EB wellspecified, with SURE: 0.7389804637895903
Finished training EB wellspecified, with in-sample MSE: 1.2337373670601488
m: 182
Finished solving NPMLE, with SURE 38.976110717611995
Finished solving NPMLE, with in-sample MSE 3.613392565903409
Finished solving parametric estimator, with SURE 3.2829577859334464
Finished solving parametric estimator, with in-sample MSE 3.4118535515675834
Finished solving EBCF, with in-sample MSE 1.0678446770924146
Finished training EB SURE-LS, with SURE: 0.5895066314255824
Finished training EB SURE-LS, with in-sample MSE: 0.9203401932491937
use_scale: True
use_location: False
Finished training EB misspecified with NPMLE init, with SURE: 2.5303886232498733
Finished training EB misspecified with NPMLE init, with in-sample MSE: 2.6455291788324273
Finished training EB misspecified, with SURE: 2.5305250122167684
Finished training EB misspecified, with in-sample MSE: 2.645515062569785
Finished training EB wellspecified, with SURE: -0.01461699169541962
Finished training EB wellspecified, with in-sample MSE: 1.5229586850435926
m: 183
Finished solving NPMLE, with SURE 47.37181449621204
Finished solving NPMLE, with in-sample MSE 4.449036314987722
Finished solving parametric estimator, with SURE 3.252394376543273
Finished solving parametric estimator, with in-sample MSE 4.333404135174218
Finished solving EBCF, with in-sample MSE 2.3179282719580945
Finished training EB SURE-LS, with SURE: 0.5331371337700431
Finished training EB SURE-LS, with in-sample MSE: 1.5319124888722453
use_scale: True
use_location: False
Finished training EB misspecified with NPMLE init, with SURE: 2.493534989258109
Finished training EB misspecified with NPMLE init, with in-sample MSE: 4.030685453124006
Finished training EB misspecified, with SURE: 2.4936614578283485
Finished training EB misspecified, with in-sample MSE: 4.032281807871144
Finished training EB wellspecified, with SURE: 0.3963246704262157
Finished training EB wellspecified, with in-sample MSE: 1.6102332806758306
m: 184
Finished solving NPMLE, with SURE 29.627768184852613
Finished solving NPMLE, with in-sample MSE 3.4527935491396926
Finished solving parametric estimator, with SURE 3.198878977400531
Finished solving parametric estimator, with in-sample MSE 3.4423203421148316
Finished solving EBCF, with in-sample MSE 1.118132238578753
Finished training EB SURE-LS, with SURE: 0.14028388473815245
Finished training EB SURE-LS, with in-sample MSE: 1.1563708713625578
use_scale: True
use_location: False
Finished training EB misspecified with NPMLE init, with SURE: 2.5011183115808637
Finished training EB misspecified with NPMLE init, with in-sample MSE: 3.1495604133068973
Finished training EB misspecified, with SURE: 2.501346584892963
Finished training EB misspecified, with in-sample MSE: 3.14945965315586
Finished training EB wellspecified, with SURE: -0.12153295080545665
Finished training EB wellspecified, with in-sample MSE: 1.6596401145185444
m: 185
Finished solving NPMLE, with SURE 30.16327674393951
Finished solving NPMLE, with in-sample MSE 3.637193885190062
Finished solving parametric estimator, with SURE 3.48824377433633
Finished solving parametric estimator, with in-sample MSE 3.4161750719179396
Finished solving EBCF, with in-sample MSE 1.1957240139310787
Finished training EB SURE-LS, with SURE: 0.646645045719158
Finished training EB SURE-LS, with in-sample MSE: 1.0562635169868098
use_scale: True
use_location: False
Finished training EB misspecified with NPMLE init, with SURE: 2.5119775053122537
Finished training EB misspecified with NPMLE init, with in-sample MSE: 3.6843381305788574
Finished training EB misspecified, with SURE: 2.51198963394719
Finished training EB misspecified, with in-sample MSE: 3.6842400714521837
Finished training EB wellspecified, with SURE: 0.6125369204522001
Finished training EB wellspecified, with in-sample MSE: 1.097439996089552
m: 186
Finished solving NPMLE, with SURE 42.91381409167516
Finished solving NPMLE, with in-sample MSE 4.129654264905631
Finished solving parametric estimator, with SURE 3.371416188104389
Finished solving parametric estimator, with in-sample MSE 3.2866008683740247
Finished solving EBCF, with in-sample MSE 1.0373110779802874
Finished training EB SURE-LS, with SURE: 0.6357154962161911
Finished training EB SURE-LS, with in-sample MSE: 1.058805365333723
use_scale: True
use_location: False
Finished training EB misspecified with NPMLE init, with SURE: 2.6219717787925028
Finished training EB misspecified with NPMLE init, with in-sample MSE: 3.257069601026509
Finished training EB misspecified, with SURE: 2.6220175981185356
Finished training EB misspecified, with in-sample MSE: 3.256522936201407
Finished training EB wellspecified, with SURE: 0.35918013937590026
Finished training EB wellspecified, with in-sample MSE: 1.2049668080064593
m: 187
Finished solving NPMLE, with SURE 39.00980077604942
Finished solving NPMLE, with in-sample MSE 4.554239514638601
Finished solving parametric estimator, with SURE 3.3217936722057155
Finished solving parametric estimator, with in-sample MSE 4.144718776437828
Finished solving EBCF, with in-sample MSE 1.1616497022468808
Finished training EB SURE-LS, with SURE: 0.8101209392755928
Finished training EB SURE-LS, with in-sample MSE: 1.063279042864835
use_scale: True
use_location: False
Finished training EB misspecified with NPMLE init, with SURE: 2.48401230581507
Finished training EB misspecified with NPMLE init, with in-sample MSE: 3.823147938858054
Finished training EB misspecified, with SURE: 2.483585261597783
Finished training EB misspecified, with in-sample MSE: 3.810883503919202
Finished training EB wellspecified, with SURE: 0.11907725668520526
Finished training EB wellspecified, with in-sample MSE: 2.0573842766125066
m: 188
Finished solving NPMLE, with SURE 38.06503512328427
Finished solving NPMLE, with in-sample MSE 3.5649299300848885
Finished solving parametric estimator, with SURE 3.6095192235935243
Finished solving parametric estimator, with in-sample MSE 3.363898943455593
Finished solving EBCF, with in-sample MSE 1.4112765456512864
Finished training EB SURE-LS, with SURE: 0.9691954096139677
Finished training EB SURE-LS, with in-sample MSE: 1.26004228412794
use_scale: True
use_location: False
Finished training EB misspecified with NPMLE init, with SURE: 3.089349099477886
Finished training EB misspecified with NPMLE init, with in-sample MSE: 3.1660187794595522
Finished training EB misspecified, with SURE: 3.1034144052283716
Finished training EB misspecified, with in-sample MSE: 3.1478704917087987
Finished training EB wellspecified, with SURE: 0.8935059231044045
Finished training EB wellspecified, with in-sample MSE: 1.5149890446046734
m: 189
Finished solving NPMLE, with SURE 34.8221676710468
Finished solving NPMLE, with in-sample MSE 3.258261352742295
Finished solving parametric estimator, with SURE 3.228528875321316
Finished solving parametric estimator, with in-sample MSE 3.0808571968538825
Finished solving EBCF, with in-sample MSE 1.0173866866998829
Finished training EB SURE-LS, with SURE: 0.8150335592530437
Finished training EB SURE-LS, with in-sample MSE: 0.7789368133617023
use_scale: True
use_location: False
Finished training EB misspecified with NPMLE init, with SURE: 2.4740627303883556
Finished training EB misspecified with NPMLE init, with in-sample MSE: 2.9080834871079895
Finished training EB misspecified, with SURE: 2.4743149845922874
Finished training EB misspecified, with in-sample MSE: 2.9081612977720783
Finished training EB wellspecified, with SURE: 0.26013380715440204
Finished training EB wellspecified, with in-sample MSE: 1.3263665502377964
m: 190
Finished solving NPMLE, with SURE 36.48492587770269
Finished solving NPMLE, with in-sample MSE 2.9574570865801904
Finished solving parametric estimator, with SURE 3.3903859115551547
Finished solving parametric estimator, with in-sample MSE 3.0626917719188116
Finished solving EBCF, with in-sample MSE 1.1459599062657182
Finished training EB SURE-LS, with SURE: 0.42958726805935415
Finished training EB SURE-LS, with in-sample MSE: 1.0022703977350953
use_scale: True
use_location: False
Finished training EB misspecified with NPMLE init, with SURE: 2.6035560511219304
Finished training EB misspecified with NPMLE init, with in-sample MSE: 2.6713951664600533
Finished training EB misspecified, with SURE: 2.603832905968549
Finished training EB misspecified, with in-sample MSE: 2.671785146789984
Finished training EB wellspecified, with SURE: 0.3207718540707925
Finished training EB wellspecified, with in-sample MSE: 1.2444522241671887
m: 191
Finished solving NPMLE, with SURE 29.224019987150253
Finished solving NPMLE, with in-sample MSE 3.5548005098085453
Finished solving parametric estimator, with SURE 3.5280145554746416
Finished solving parametric estimator, with in-sample MSE 3.553001469776234
Finished solving EBCF, with in-sample MSE 1.0512848024841013
Finished training EB SURE-LS, with SURE: 1.0467741146713476
Finished training EB SURE-LS, with in-sample MSE: 0.9685823876754097
use_scale: True
use_location: False
Finished training EB misspecified with NPMLE init, with SURE: 2.5932781588153415
Finished training EB misspecified with NPMLE init, with in-sample MSE: 3.2552301908225583
Finished training EB misspecified, with SURE: 2.5929692325914853
Finished training EB misspecified, with in-sample MSE: 3.254969378915354
Finished training EB wellspecified, with SURE: 0.6904253701345602
Finished training EB wellspecified, with in-sample MSE: 1.3767559732378647
m: 192
Finished solving NPMLE, with SURE 30.1713984231143
Finished solving NPMLE, with in-sample MSE 3.541352375148855
Finished solving parametric estimator, with SURE 3.4520945806910137
Finished solving parametric estimator, with in-sample MSE 3.4034934989776535
Finished solving EBCF, with in-sample MSE 1.3218866987798363
Finished training EB SURE-LS, with SURE: 1.3865344909781099
Finished training EB SURE-LS, with in-sample MSE: 1.1240366786850056
use_scale: True
use_location: False
Finished training EB misspecified with NPMLE init, with SURE: 2.811307572590085
Finished training EB misspecified with NPMLE init, with in-sample MSE: 3.3669532626198855
Finished training EB misspecified, with SURE: 2.810939927173818
Finished training EB misspecified, with in-sample MSE: 3.366963000323433
Finished training EB wellspecified, with SURE: 0.7975739667859193
Finished training EB wellspecified, with in-sample MSE: 1.8038508635010866
m: 193
Finished solving NPMLE, with SURE 36.09880825142659
Finished solving NPMLE, with in-sample MSE 3.8921210486829123
Finished solving parametric estimator, with SURE 3.2968417277418873
Finished solving parametric estimator, with in-sample MSE 3.345022826314319
Finished solving EBCF, with in-sample MSE 0.8197767599001006
Finished training EB SURE-LS, with SURE: 0.830400562279548
Finished training EB SURE-LS, with in-sample MSE: 0.7847753306990832
use_scale: True
use_location: False
Finished training EB misspecified with NPMLE init, with SURE: 2.4902709160559335
Finished training EB misspecified with NPMLE init, with in-sample MSE: 3.2812764631049696
Finished training EB misspecified, with SURE: 2.4901664336404794
Finished training EB misspecified, with in-sample MSE: 3.2811649738870443
Finished training EB wellspecified, with SURE: 0.9816026111916125
Finished training EB wellspecified, with in-sample MSE: 1.036709154303666
m: 194
Finished solving NPMLE, with SURE 53.382936889858065
Finished solving NPMLE, with in-sample MSE 3.3186487867180188
Finished solving parametric estimator, with SURE 3.4651191745938164
Finished solving parametric estimator, with in-sample MSE 3.2503313827407374
Finished solving EBCF, with in-sample MSE 1.0890597762118106
Finished training EB SURE-LS, with SURE: 0.7094549957390704
Finished training EB SURE-LS, with in-sample MSE: 0.9047094520000135
use_scale: True
use_location: False
Finished training EB misspecified with NPMLE init, with SURE: 2.530021933492836
Finished training EB misspecified with NPMLE init, with in-sample MSE: 3.358068906840325
Finished training EB misspecified, with SURE: 2.5300051428353907
Finished training EB misspecified, with in-sample MSE: 3.3577817688690255
Finished training EB wellspecified, with SURE: 0.8156317452214629
Finished training EB wellspecified, with in-sample MSE: 1.0708743294580558
m: 195
Finished solving NPMLE, with SURE 52.05759235802449
Finished solving NPMLE, with in-sample MSE 3.8359759756300917
Finished solving parametric estimator, with SURE 3.558369588562585
Finished solving parametric estimator, with in-sample MSE 3.708852984335298
Finished solving EBCF, with in-sample MSE 1.7304629851332802
Finished training EB SURE-LS, with SURE: 1.3698814989684218
Finished training EB SURE-LS, with in-sample MSE: 1.1402951321843506
use_scale: True
use_location: False
Finished training EB misspecified with NPMLE init, with SURE: 2.668955783786605
Finished training EB misspecified with NPMLE init, with in-sample MSE: 3.6953853883241035
Finished training EB misspecified, with SURE: 2.6686970853747005
Finished training EB misspecified, with in-sample MSE: 3.6946774324367184
Finished training EB wellspecified, with SURE: 0.6045194189112928
Finished training EB wellspecified, with in-sample MSE: 1.765976238079628
m: 196
Finished solving NPMLE, with SURE 26.612143045780844
Finished solving NPMLE, with in-sample MSE 3.2401350732629033
Finished solving parametric estimator, with SURE 3.354952265706122
Finished solving parametric estimator, with in-sample MSE 2.892732125739131
Finished solving EBCF, with in-sample MSE 1.038572004391407
Finished training EB SURE-LS, with SURE: 0.4373865582830089
Finished training EB SURE-LS, with in-sample MSE: 0.9714597961465873
use_scale: True
use_location: False
Finished training EB misspecified with NPMLE init, with SURE: 2.6148170648770708
Finished training EB misspecified with NPMLE init, with in-sample MSE: 2.893438448131677
Finished training EB misspecified, with SURE: 2.6146391638787527
Finished training EB misspecified, with in-sample MSE: 2.8907966994879484
Finished training EB wellspecified, with SURE: 0.13978331016027223
Finished training EB wellspecified, with in-sample MSE: 0.9595448273484359
m: 197
Finished solving NPMLE, with SURE 28.76497144229201
Finished solving NPMLE, with in-sample MSE 3.4843107514907903
Finished solving parametric estimator, with SURE 3.4658716956210354
Finished solving parametric estimator, with in-sample MSE 3.2908771264318673
Finished solving EBCF, with in-sample MSE 1.193382898331736
Finished training EB SURE-LS, with SURE: 0.6873464859498637
Finished training EB SURE-LS, with in-sample MSE: 1.097778638248967
use_scale: True
use_location: False
Finished training EB misspecified with NPMLE init, with SURE: 2.679093607551098
Finished training EB misspecified with NPMLE init, with in-sample MSE: 3.140953522100349
Finished training EB misspecified, with SURE: 2.679158440168519
Finished training EB misspecified, with in-sample MSE: 3.140732785844341
Finished training EB wellspecified, with SURE: 0.5839333591518557
Finished training EB wellspecified, with in-sample MSE: 1.2605775729717217
m: 198
Finished solving NPMLE, with SURE 40.575045210202475
Finished solving NPMLE, with in-sample MSE 3.541728093227812
Finished solving parametric estimator, with SURE 3.396022930254114
Finished solving parametric estimator, with in-sample MSE 3.3233104529578
Finished solving EBCF, with in-sample MSE 1.1138637130684192
Finished training EB SURE-LS, with SURE: 0.5498960559613145
Finished training EB SURE-LS, with in-sample MSE: 1.0153736355474428
use_scale: True
use_location: False
Finished training EB misspecified with NPMLE init, with SURE: 2.5644842427444177
Finished training EB misspecified with NPMLE init, with in-sample MSE: 3.119773622953712
Finished training EB misspecified, with SURE: 2.5643573056526145
Finished training EB misspecified, with in-sample MSE: 3.1199680722238066
Finished training EB wellspecified, with SURE: 0.3869567532634576
Finished training EB wellspecified, with in-sample MSE: 1.0062985988411988
m: 199
Finished solving NPMLE, with SURE 23.26940300009167
Finished solving NPMLE, with in-sample MSE 3.9418544342427624
Finished solving parametric estimator, with SURE 3.411669636618706
Finished solving parametric estimator, with in-sample MSE 3.5621679899713854
Finished solving EBCF, with in-sample MSE 0.9703429535756886
Finished training EB SURE-LS, with SURE: 0.7680092853668652
Finished training EB SURE-LS, with in-sample MSE: 1.0098888569297357
use_scale: True
use_location: False
Finished training EB misspecified with NPMLE init, with SURE: 2.2138341800967716
Finished training EB misspecified with NPMLE init, with in-sample MSE: 3.592364631234184
Finished training EB misspecified, with SURE: 2.213967362418588
Finished training EB misspecified, with in-sample MSE: 3.59295003710468
Finished training EB wellspecified, with SURE: -0.028773830372499844
Finished training EB wellspecified, with in-sample MSE: 1.7805944953468238

n: 400
m: 150
Finished solving NPMLE, with SURE 25.00396105527523
Finished solving NPMLE, with in-sample MSE 3.6241360126373787
Finished solving parametric estimator, with SURE 3.220494088620188
Finished solving parametric estimator, with in-sample MSE 3.2882346740434825
Finished solving EBCF, with in-sample MSE 0.9900304708104283
Finished training EB SURE-LS, with SURE: 0.8093095671310048
Finished training EB SURE-LS, with in-sample MSE: 0.8642827016050494
use_scale: True
use_location: False
Finished training EB misspecified with NPMLE init, with SURE: 2.451025583713138
Finished training EB misspecified with NPMLE init, with in-sample MSE: 3.0127531413278037
Finished training EB misspecified, with SURE: 2.451131296149108
Finished training EB misspecified, with in-sample MSE: 3.0127979433201815
Finished training EB wellspecified, with SURE: 0.6136612077004847
Finished training EB wellspecified, with in-sample MSE: 0.8589287003488109
m: 151
Finished solving NPMLE, with SURE 47.842941254397786
Finished solving NPMLE, with in-sample MSE 3.3410327982270394
Finished solving parametric estimator, with SURE 3.3455794087867434
Finished solving parametric estimator, with in-sample MSE 3.2258121982358348
Finished solving EBCF, with in-sample MSE 0.8708013691072273
Finished training EB SURE-LS, with SURE: 0.5740594406953099
Finished training EB SURE-LS, with in-sample MSE: 0.7655464076822777
use_scale: True
use_location: False
Finished training EB misspecified with NPMLE init, with SURE: 2.666429418575617
Finished training EB misspecified with NPMLE init, with in-sample MSE: 2.8869362829688647
Finished training EB misspecified, with SURE: 2.6659798214153922
Finished training EB misspecified, with in-sample MSE: 2.8871784274766084
Finished training EB wellspecified, with SURE: 0.47499948893595656
Finished training EB wellspecified, with in-sample MSE: 0.7641716103251598
m: 152
Finished solving NPMLE, with SURE 37.9626947824563
Finished solving NPMLE, with in-sample MSE 4.215070512989093
Finished solving parametric estimator, with SURE 3.5137558134788343
Finished solving parametric estimator, with in-sample MSE 4.034076795541912
Finished solving EBCF, with in-sample MSE 1.3626971187619037
Finished training EB SURE-LS, with SURE: 1.3799722154684082
Finished training EB SURE-LS, with in-sample MSE: 1.0584386485136765
use_scale: True
use_location: False
Finished training EB misspecified with NPMLE init, with SURE: 2.882065005499809
Finished training EB misspecified with NPMLE init, with in-sample MSE: 3.5506146542754182
Finished training EB misspecified, with SURE: 2.8819267556419437
Finished training EB misspecified, with in-sample MSE: 3.5493262812627937
Finished training EB wellspecified, with SURE: 1.0656822252973241
Finished training EB wellspecified, with in-sample MSE: 1.4559303590170731
m: 153
Finished solving NPMLE, with SURE 40.18537464605517
Finished solving NPMLE, with in-sample MSE 3.6736064731622924
Finished solving parametric estimator, with SURE 3.2244479579859506
Finished solving parametric estimator, with in-sample MSE 3.448812063861603
Finished solving EBCF, with in-sample MSE 1.0640960638320967
Finished training EB SURE-LS, with SURE: 0.5406471611866077
Finished training EB SURE-LS, with in-sample MSE: 0.9611477320223492
use_scale: True
use_location: False
Finished training EB misspecified with NPMLE init, with SURE: 2.65575658050391
Finished training EB misspecified with NPMLE init, with in-sample MSE: 3.119179166257943
Finished training EB misspecified, with SURE: 2.6556247460323723
Finished training EB misspecified, with in-sample MSE: 3.1190809589755277
Finished training EB wellspecified, with SURE: 0.47825648305258484
Finished training EB wellspecified, with in-sample MSE: 0.9138246687804898
m: 154
Finished solving NPMLE, with SURE 37.345936293034086
Finished solving NPMLE, with in-sample MSE 2.9838193661536296
Finished solving parametric estimator, with SURE 3.2630206562178667
Finished solving parametric estimator, with in-sample MSE 3.007326923771156
Finished solving EBCF, with in-sample MSE 0.842280400317159
Finished training EB SURE-LS, with SURE: 0.883647007958144
Finished training EB SURE-LS, with in-sample MSE: 0.7614406881487699
use_scale: True
use_location: False
Finished training EB misspecified with NPMLE init, with SURE: 2.6072712198285877
Finished training EB misspecified with NPMLE init, with in-sample MSE: 2.63715111543187
Finished training EB misspecified, with SURE: 2.607646999955342
Finished training EB misspecified, with in-sample MSE: 2.637633529578658
Finished training EB wellspecified, with SURE: 0.7339296567259408
Finished training EB wellspecified, with in-sample MSE: 0.8605042941626224
m: 155
Finished solving NPMLE, with SURE 29.00732773891762
Finished solving NPMLE, with in-sample MSE 3.4943844694938644
Finished solving parametric estimator, with SURE 3.431808921736143
Finished solving parametric estimator, with in-sample MSE 3.6203706633408927
Finished solving EBCF, with in-sample MSE 1.0624009817990097
Finished training EB SURE-LS, with SURE: 0.7557243613430404
Finished training EB SURE-LS, with in-sample MSE: 1.0007258004200814
use_scale: True
use_location: False
Finished training EB misspecified with NPMLE init, with SURE: 2.8610378337653763
Finished training EB misspecified with NPMLE init, with in-sample MSE: 3.2707284213670924
Finished training EB misspecified, with SURE: 2.8564101338313184
Finished training EB misspecified, with in-sample MSE: 3.2915002797883885
Finished training EB wellspecified, with SURE: 0.5319090885539896
Finished training EB wellspecified, with in-sample MSE: 1.413694163933007
m: 156
Finished solving NPMLE, with SURE 44.44818622616809
Finished solving NPMLE, with in-sample MSE 3.3064697195635397
Finished solving parametric estimator, with SURE 3.2238438407233927
Finished solving parametric estimator, with in-sample MSE 3.052968760074953
Finished solving EBCF, with in-sample MSE 1.2152902046964829
Finished training EB SURE-LS, with SURE: 0.4658219946567245
Finished training EB SURE-LS, with in-sample MSE: 0.8633647102817936
use_scale: True
use_location: False
Finished training EB misspecified with NPMLE init, with SURE: 2.605986678360038
Finished training EB misspecified with NPMLE init, with in-sample MSE: 2.9325547751057206
Finished training EB misspecified, with SURE: 2.60602925116936
Finished training EB misspecified, with in-sample MSE: 2.9338137200555305
Finished training EB wellspecified, with SURE: 0.30157568630359755
Finished training EB wellspecified, with in-sample MSE: 0.959844448208107
m: 157
Finished solving NPMLE, with SURE 38.09585291057344
Finished solving NPMLE, with in-sample MSE 2.9059821554479637
Finished solving parametric estimator, with SURE 3.5022288577991914
Finished solving parametric estimator, with in-sample MSE 2.8442733732794903
Finished solving EBCF, with in-sample MSE 0.8921152866888941
Finished training EB SURE-LS, with SURE: 0.7468641100655681
Finished training EB SURE-LS, with in-sample MSE: 0.7904057040234241
use_scale: True
use_location: False
Finished training EB misspecified with NPMLE init, with SURE: 2.7785717777144554
Finished training EB misspecified with NPMLE init, with in-sample MSE: 2.5232191309430543
Finished training EB misspecified, with SURE: 2.77030141899603
Finished training EB misspecified, with in-sample MSE: 2.511534394208729
Finished training EB wellspecified, with SURE: 0.736248283761551
Finished training EB wellspecified, with in-sample MSE: 0.7726799769050188
m: 158
Finished solving NPMLE, with SURE 34.021834188734886
Finished solving NPMLE, with in-sample MSE 3.667168613261477
Finished solving parametric estimator, with SURE 3.394434429546954
Finished solving parametric estimator, with in-sample MSE 3.53128327516576
Finished solving EBCF, with in-sample MSE 1.0519339649957338
Finished training EB SURE-LS, with SURE: 0.7627278130946169
Finished training EB SURE-LS, with in-sample MSE: 0.8865816693226698
use_scale: True
use_location: False
Finished training EB misspecified with NPMLE init, with SURE: 2.5997823976217407
Finished training EB misspecified with NPMLE init, with in-sample MSE: 3.2281451539200687
Finished training EB misspecified, with SURE: 2.599569794993376
Finished training EB misspecified, with in-sample MSE: 3.223646296481945
Finished training EB wellspecified, with SURE: 0.4379121480107233
Finished training EB wellspecified, with in-sample MSE: 1.2472099098314504
m: 159
Finished solving NPMLE, with SURE 31.6932978609187
Finished solving NPMLE, with in-sample MSE 3.89214139817801
Finished solving parametric estimator, with SURE 3.3511511012101995
Finished solving parametric estimator, with in-sample MSE 3.72977223498396
Finished solving EBCF, with in-sample MSE 1.0730436806072292
Finished training EB SURE-LS, with SURE: 1.0818552583426297
Finished training EB SURE-LS, with in-sample MSE: 0.8465239921811676
use_scale: True
use_location: False
Finished training EB misspecified with NPMLE init, with SURE: 2.522972379455075
Finished training EB misspecified with NPMLE init, with in-sample MSE: 3.327353002171452
Finished training EB misspecified, with SURE: 2.523018215428848
Finished training EB misspecified, with in-sample MSE: 3.3269190459429456
Finished training EB wellspecified, with SURE: 0.9939646699770613
Finished training EB wellspecified, with in-sample MSE: 1.0957968895173567
m: 160
Finished solving NPMLE, with SURE 32.633824897322555
Finished solving NPMLE, with in-sample MSE 3.6269368176899768
Finished solving parametric estimator, with SURE 3.434459089164661
Finished solving parametric estimator, with in-sample MSE 3.5181832615286908
Finished solving EBCF, with in-sample MSE 1.0058883527716305
Finished training EB SURE-LS, with SURE: 0.8569876832203701
Finished training EB SURE-LS, with in-sample MSE: 0.9048746805595446
use_scale: True
use_location: False
Finished training EB misspecified with NPMLE init, with SURE: 2.8492566844151193
Finished training EB misspecified with NPMLE init, with in-sample MSE: 3.244606358722434
Finished training EB misspecified, with SURE: 2.8493510185345237
Finished training EB misspecified, with in-sample MSE: 3.2444335611132815
Finished training EB wellspecified, with SURE: 0.7652271054760772
Finished training EB wellspecified, with in-sample MSE: 1.1424865514787812
m: 161
Finished solving NPMLE, with SURE 47.26432288174008
Finished solving NPMLE, with in-sample MSE 3.679271107415194
Finished solving parametric estimator, with SURE 3.3138656206345387
Finished solving parametric estimator, with in-sample MSE 3.6429940838288757
Finished solving EBCF, with in-sample MSE 1.1025057833903706
Finished training EB SURE-LS, with SURE: 0.5821835843422613
Finished training EB SURE-LS, with in-sample MSE: 0.9823114798331487
use_scale: True
use_location: False
Finished training EB misspecified with NPMLE init, with SURE: 2.7561541830235194
Finished training EB misspecified with NPMLE init, with in-sample MSE: 3.1602954381675596
Finished training EB misspecified, with SURE: 2.755666209113986
Finished training EB misspecified, with in-sample MSE: 3.160093370307945
Finished training EB wellspecified, with SURE: 0.4005697578364469
Finished training EB wellspecified, with in-sample MSE: 1.223265665541906
m: 162
Finished solving NPMLE, with SURE 42.30084497506746
Finished solving NPMLE, with in-sample MSE 3.8668404513830708
Finished solving parametric estimator, with SURE 3.2534601623981905
Finished solving parametric estimator, with in-sample MSE 3.710046686221677
Finished solving EBCF, with in-sample MSE 1.0021423066714545
Finished training EB SURE-LS, with SURE: 0.7595355063919853
Finished training EB SURE-LS, with in-sample MSE: 1.0253262886483143
use_scale: True
use_location: False
Finished training EB misspecified with NPMLE init, with SURE: 2.59300399447573
Finished training EB misspecified with NPMLE init, with in-sample MSE: 3.173099936936039
Finished training EB misspecified, with SURE: 2.5885645349791777
Finished training EB misspecified, with in-sample MSE: 3.1593921844064345
Finished training EB wellspecified, with SURE: 0.478274418607739
Finished training EB wellspecified, with in-sample MSE: 1.2984805195815796
m: 163
Finished solving NPMLE, with SURE 43.83079648351129
Finished solving NPMLE, with in-sample MSE 3.6446233103988988
Finished solving parametric estimator, with SURE 3.4996309799622187
Finished solving parametric estimator, with in-sample MSE 3.4632424353169933
Finished solving EBCF, with in-sample MSE 1.3088722965576347
Finished training EB SURE-LS, with SURE: 0.9855996511474238
Finished training EB SURE-LS, with in-sample MSE: 1.0914526229946264
use_scale: True
use_location: False
Finished training EB misspecified with NPMLE init, with SURE: 2.6330077312455176
Finished training EB misspecified with NPMLE init, with in-sample MSE: 3.3686506565509196
Finished training EB misspecified, with SURE: 2.6166531401673585
Finished training EB misspecified, with in-sample MSE: 3.330189550384498
Finished training EB wellspecified, with SURE: 0.5822359249529879
Finished training EB wellspecified, with in-sample MSE: 1.5934560145615293
m: 164
Finished solving NPMLE, with SURE 53.51817306218385
Finished solving NPMLE, with in-sample MSE 3.1887411145558144
Finished solving parametric estimator, with SURE 3.254613251300629
Finished solving parametric estimator, with in-sample MSE 3.201164311603043
Finished solving EBCF, with in-sample MSE 1.0854019564574724
Finished training EB SURE-LS, with SURE: 0.2339037255933007
Finished training EB SURE-LS, with in-sample MSE: 1.0876092274335998
use_scale: True
use_location: False
Finished training EB misspecified with NPMLE init, with SURE: 2.673007343811022
Finished training EB misspecified with NPMLE init, with in-sample MSE: 2.968381187058883
Finished training EB misspecified, with SURE: 2.6725849853368753
Finished training EB misspecified, with in-sample MSE: 2.9689185330940058
Finished training EB wellspecified, with SURE: 0.24545429942009173
Finished training EB wellspecified, with in-sample MSE: 1.1072590535142384
m: 165
Finished solving NPMLE, with SURE 54.379468692104155
Finished solving NPMLE, with in-sample MSE 3.762564616187274
Finished solving parametric estimator, with SURE 3.272473631589005
Finished solving parametric estimator, with in-sample MSE 3.710636074819499
Finished solving EBCF, with in-sample MSE 1.0794169099853752
Finished training EB SURE-LS, with SURE: 0.7257733053284523
Finished training EB SURE-LS, with in-sample MSE: 1.0030580990593938
use_scale: True
use_location: False
Finished training EB misspecified with NPMLE init, with SURE: 2.5190109127651032
Finished training EB misspecified with NPMLE init, with in-sample MSE: 3.039591308661956
Finished training EB misspecified, with SURE: 2.519030439203713
Finished training EB misspecified, with in-sample MSE: 3.0397202612617455
Finished training EB wellspecified, with SURE: 0.6373827738152901
Finished training EB wellspecified, with in-sample MSE: 1.0985590248460362
m: 166
Finished solving NPMLE, with SURE 40.16701574005595
Finished solving NPMLE, with in-sample MSE 3.319996192068155
Finished solving parametric estimator, with SURE 3.4666039421410444
Finished solving parametric estimator, with in-sample MSE 3.1984996786832895
Finished solving EBCF, with in-sample MSE 0.9644023646162345
Finished training EB SURE-LS, with SURE: 0.9622788662216413
Finished training EB SURE-LS, with in-sample MSE: 0.8932602793285329
use_scale: True
use_location: False
Finished training EB misspecified with NPMLE init, with SURE: 2.7331309891504243
Finished training EB misspecified with NPMLE init, with in-sample MSE: 2.9403704695810067
Finished training EB misspecified, with SURE: 2.733237066352786
Finished training EB misspecified, with in-sample MSE: 2.9430795009416046
Finished training EB wellspecified, with SURE: 0.9045767510178311
Finished training EB wellspecified, with in-sample MSE: 1.0489257503847313
m: 167
Finished solving NPMLE, with SURE 30.81650076881809
Finished solving NPMLE, with in-sample MSE 3.274690695102789
Finished solving parametric estimator, with SURE 3.386803502844456
Finished solving parametric estimator, with in-sample MSE 3.070265203653017
Finished solving EBCF, with in-sample MSE 0.9453072035637551
Finished training EB SURE-LS, with SURE: 4.045273372094179
Finished training EB SURE-LS, with in-sample MSE: 3.6342602161858197
use_scale: True
use_location: False
Finished training EB misspecified with NPMLE init, with SURE: 2.8604654245654975
Finished training EB misspecified with NPMLE init, with in-sample MSE: 2.9452596825075106
Finished training EB misspecified, with SURE: 2.8605586882547636
Finished training EB misspecified, with in-sample MSE: 2.9450264267413346
Finished training EB wellspecified, with SURE: 0.6420203642203431
Finished training EB wellspecified, with in-sample MSE: 1.2401373365339572
m: 168
Finished solving NPMLE, with SURE 23.990479313489583
Finished solving NPMLE, with in-sample MSE 3.755512728745
Finished solving parametric estimator, with SURE 3.3863714820872857
Finished solving parametric estimator, with in-sample MSE 3.5597129144229784
Finished solving EBCF, with in-sample MSE 0.8868116106499528
Finished training EB SURE-LS, with SURE: 1.160055683849124
Finished training EB SURE-LS, with in-sample MSE: 0.8601281943239936
use_scale: True
use_location: False
Finished training EB misspecified with NPMLE init, with SURE: 2.8230305846208212
Finished training EB misspecified with NPMLE init, with in-sample MSE: 3.063674817729677
Finished training EB misspecified, with SURE: 2.7169225071788397
Finished training EB misspecified, with in-sample MSE: 3.1806620217669392
Finished training EB wellspecified, with SURE: 0.9031946444590598
Finished training EB wellspecified, with in-sample MSE: 1.0822630244300162
m: 169
Finished solving NPMLE, with SURE 36.09487288514487
Finished solving NPMLE, with in-sample MSE 4.04832088399864
Finished solving parametric estimator, with SURE 3.313144557865182
Finished solving parametric estimator, with in-sample MSE 3.999358033278274
Finished solving EBCF, with in-sample MSE 1.1397301689745862
Finished training EB SURE-LS, with SURE: 1.054688464158126
Finished training EB SURE-LS, with in-sample MSE: 1.0075651555077907
use_scale: True
use_location: False
Finished training EB misspecified with NPMLE init, with SURE: 2.7781703244652602
Finished training EB misspecified with NPMLE init, with in-sample MSE: 3.536062885172281
Finished training EB misspecified, with SURE: 2.7778960642626216
Finished training EB misspecified, with in-sample MSE: 3.535837411652241
Finished training EB wellspecified, with SURE: 0.5176762892889013
Finished training EB wellspecified, with in-sample MSE: 1.5621250946741174
m: 170
Finished solving NPMLE, with SURE 45.03473673127385
Finished solving NPMLE, with in-sample MSE 3.771358181781313
Finished solving parametric estimator, with SURE 3.3832067145254223
Finished solving parametric estimator, with in-sample MSE 3.4787949643076126
Finished solving EBCF, with in-sample MSE 0.9984363614733374
Finished training EB SURE-LS, with SURE: 1.151669420872962
Finished training EB SURE-LS, with in-sample MSE: 0.9147857796008237
use_scale: True
use_location: False
Finished training EB misspecified with NPMLE init, with SURE: 2.5388293896423453
Finished training EB misspecified with NPMLE init, with in-sample MSE: 3.41445063850659
Finished training EB misspecified, with SURE: 2.5383573027867827
Finished training EB misspecified, with in-sample MSE: 3.4145665966957184
Finished training EB wellspecified, with SURE: 0.8952410022706465
Finished training EB wellspecified, with in-sample MSE: 1.148315014478425
m: 171
Finished solving NPMLE, with SURE 41.16320352440173
Finished solving NPMLE, with in-sample MSE 3.2087350049194816
Finished solving parametric estimator, with SURE 3.4166504382080793
Finished solving parametric estimator, with in-sample MSE 3.2856694846187025
Finished solving EBCF, with in-sample MSE 1.434218354126704
Finished training EB SURE-LS, with SURE: 0.50512655026419
Finished training EB SURE-LS, with in-sample MSE: 0.936426321631561
use_scale: True
use_location: False
Finished training EB misspecified with NPMLE init, with SURE: 2.6655909722297917
Finished training EB misspecified with NPMLE init, with in-sample MSE: 2.8637456320223866
Finished training EB misspecified, with SURE: 2.6654894325672673
Finished training EB misspecified, with in-sample MSE: 2.863465508936498
Finished training EB wellspecified, with SURE: 0.3737227976717546
Finished training EB wellspecified, with in-sample MSE: 1.0359678314490532
m: 172
Finished solving NPMLE, with SURE 43.923613591122106
Finished solving NPMLE, with in-sample MSE 3.624421593385577
Finished solving parametric estimator, with SURE 3.4502225750635467
Finished solving parametric estimator, with in-sample MSE 3.5811310541211485
Finished solving EBCF, with in-sample MSE 1.0510162473109095
Finished training EB SURE-LS, with SURE: 0.9489241340950875
Finished training EB SURE-LS, with in-sample MSE: 0.9244660579483096
use_scale: True
use_location: False
Finished training EB misspecified with NPMLE init, with SURE: 2.8344262616599396
Finished training EB misspecified with NPMLE init, with in-sample MSE: 3.249009109675331
Finished training EB misspecified, with SURE: 2.8340437221083072
Finished training EB misspecified, with in-sample MSE: 3.2493906258197756
Finished training EB wellspecified, with SURE: 0.8646928526591754
Finished training EB wellspecified, with in-sample MSE: 1.1007429759738183
m: 173
Finished solving NPMLE, with SURE 38.7614932546625
Finished solving NPMLE, with in-sample MSE 3.4834491440933886
Finished solving parametric estimator, with SURE 3.325829539369254
Finished solving parametric estimator, with in-sample MSE 3.498276024187818
Finished solving EBCF, with in-sample MSE 1.0263883928405253
Finished training EB SURE-LS, with SURE: 1.0186711056146878
Finished training EB SURE-LS, with in-sample MSE: 1.0120054513956256
use_scale: True
use_location: False
Finished training EB misspecified with NPMLE init, with SURE: 2.705558447000988
Finished training EB misspecified with NPMLE init, with in-sample MSE: 3.2498141719053084
Finished training EB misspecified, with SURE: 2.7057469890141608
Finished training EB misspecified, with in-sample MSE: 3.2494536579594326
Finished training EB wellspecified, with SURE: 0.6962268145381098
Finished training EB wellspecified, with in-sample MSE: 1.422346999056922
m: 174
Finished solving NPMLE, with SURE 45.941386171342764
Finished solving NPMLE, with in-sample MSE 3.22725041328435
Finished solving parametric estimator, with SURE 3.5072245924447527
Finished solving parametric estimator, with in-sample MSE 3.287462773888785
Finished solving EBCF, with in-sample MSE 1.0179419749124108
Finished training EB SURE-LS, with SURE: 0.6359859292826097
Finished training EB SURE-LS, with in-sample MSE: 0.9476971352063708
use_scale: True
use_location: False
Finished training EB misspecified with NPMLE init, with SURE: 2.589137196193201
Finished training EB misspecified with NPMLE init, with in-sample MSE: 2.9425129029698893
Finished training EB misspecified, with SURE: 2.5891984997947146
Finished training EB misspecified, with in-sample MSE: 2.942199505482001
Finished training EB wellspecified, with SURE: 0.5411825411129645
Finished training EB wellspecified, with in-sample MSE: 1.2073213063880348
m: 175
Finished solving NPMLE, with SURE 29.213612158120778
Finished solving NPMLE, with in-sample MSE 4.106282780293339
Finished solving parametric estimator, with SURE 3.354791941655356
Finished solving parametric estimator, with in-sample MSE 4.0887342435680285
Finished solving EBCF, with in-sample MSE 1.131421472845369
Finished training EB SURE-LS, with SURE: 1.210417315724957
Finished training EB SURE-LS, with in-sample MSE: 0.9245410001603354
use_scale: True
use_location: False
Finished training EB misspecified with NPMLE init, with SURE: 2.829322576681341
Finished training EB misspecified with NPMLE init, with in-sample MSE: 3.520877488057358
Finished training EB misspecified, with SURE: 2.8295415367716203
Finished training EB misspecified, with in-sample MSE: 3.519948329007496
Finished training EB wellspecified, with SURE: 1.091858167821403
Finished training EB wellspecified, with in-sample MSE: 1.1946010914799234
m: 176
Finished solving NPMLE, with SURE 30.355437662008782
Finished solving NPMLE, with in-sample MSE 3.377274020324179
Finished solving parametric estimator, with SURE 3.433311641291878
Finished solving parametric estimator, with in-sample MSE 2.999215641283381
Finished solving EBCF, with in-sample MSE 1.05953842398606
Finished training EB SURE-LS, with SURE: 0.6801594268391347
Finished training EB SURE-LS, with in-sample MSE: 0.9865852036034118
use_scale: True
use_location: False
Finished training EB misspecified with NPMLE init, with SURE: 2.4344508496478663
Finished training EB misspecified with NPMLE init, with in-sample MSE: 3.403275501405909
Finished training EB misspecified, with SURE: 2.4347528563427563
Finished training EB misspecified, with in-sample MSE: 3.4010383495320458
Finished training EB wellspecified, with SURE: 0.48291230669475477
Finished training EB wellspecified, with in-sample MSE: 1.5609478145839102
m: 177
Finished solving NPMLE, with SURE 19.982582563641127
Finished solving NPMLE, with in-sample MSE 3.2365110400987724
Finished solving parametric estimator, with SURE 3.4181980758592827
Finished solving parametric estimator, with in-sample MSE 3.131055778349528
Finished solving EBCF, with in-sample MSE 1.5820574522113693
Finished training EB SURE-LS, with SURE: 0.6386649278978755
Finished training EB SURE-LS, with in-sample MSE: 0.9103466413382749
use_scale: True
use_location: False
Finished training EB misspecified with NPMLE init, with SURE: 2.518005815133869
Finished training EB misspecified with NPMLE init, with in-sample MSE: 3.029862923102773
Finished training EB misspecified, with SURE: 2.5181815662930034
Finished training EB misspecified, with in-sample MSE: 3.0260398785574045
Finished training EB wellspecified, with SURE: 0.24298008398065452
Finished training EB wellspecified, with in-sample MSE: 1.3837573714477003
m: 178
Finished solving NPMLE, with SURE 57.109384157326375
Finished solving NPMLE, with in-sample MSE 3.6860456120939973
Finished solving parametric estimator, with SURE 3.304131650181556
Finished solving parametric estimator, with in-sample MSE 3.513489918578565
Finished solving EBCF, with in-sample MSE 1.0004931587084571
Finished training EB SURE-LS, with SURE: 0.3322008073260113
Finished training EB SURE-LS, with in-sample MSE: 1.0171362984815417
use_scale: True
use_location: False
Finished training EB misspecified with NPMLE init, with SURE: 2.618694502990627
Finished training EB misspecified with NPMLE init, with in-sample MSE: 3.2508347637030646
Finished training EB misspecified, with SURE: 2.618516420035123
Finished training EB misspecified, with in-sample MSE: 3.2510349602295685
Finished training EB wellspecified, with SURE: 0.2745663137200203
Finished training EB wellspecified, with in-sample MSE: 0.9792066574950639
m: 179
Finished solving NPMLE, with SURE 43.670530149042904
Finished solving NPMLE, with in-sample MSE 3.461526888158516
Finished solving parametric estimator, with SURE 3.2193645247493983
Finished solving parametric estimator, with in-sample MSE 3.326667703101033
Finished solving EBCF, with in-sample MSE 0.8712367216838441
Finished training EB SURE-LS, with SURE: 0.4836116150589368
Finished training EB SURE-LS, with in-sample MSE: 0.8240607458199354
use_scale: True
use_location: False
Finished training EB misspecified with NPMLE init, with SURE: 2.5518896653208656
Finished training EB misspecified with NPMLE init, with in-sample MSE: 2.9401189059316817
Finished training EB misspecified, with SURE: 2.552094306361243
Finished training EB misspecified, with in-sample MSE: 2.939724106983041
Finished training EB wellspecified, with SURE: 0.38017931924445747
Finished training EB wellspecified, with in-sample MSE: 0.9346828580358129
m: 180
Finished solving NPMLE, with SURE 21.02157482136975
Finished solving NPMLE, with in-sample MSE 3.7297719821089466
Finished solving parametric estimator, with SURE 3.3486822527285205
Finished solving parametric estimator, with in-sample MSE 3.6325469398709203
Finished solving EBCF, with in-sample MSE 0.9975709378977384
Finished training EB SURE-LS, with SURE: 0.7956420453242157
Finished training EB SURE-LS, with in-sample MSE: 0.9726990623864031
use_scale: True
use_location: False
Finished training EB misspecified with NPMLE init, with SURE: 2.5286498626269918
Finished training EB misspecified with NPMLE init, with in-sample MSE: 3.447556449544133
Finished training EB misspecified, with SURE: 2.528734306558682
Finished training EB misspecified, with in-sample MSE: 3.4482151006119244
Finished training EB wellspecified, with SURE: 0.4426922173123877
Finished training EB wellspecified, with in-sample MSE: 1.2969034079986264
m: 181
Finished solving NPMLE, with SURE 25.865920268340982
Finished solving NPMLE, with in-sample MSE 3.664942514404443
Finished solving parametric estimator, with SURE 3.475857403617049
Finished solving parametric estimator, with in-sample MSE 3.6078284239485554
Finished solving EBCF, with in-sample MSE 1.0023667964200584
Finished training EB SURE-LS, with SURE: 1.0862446116595446
Finished training EB SURE-LS, with in-sample MSE: 0.9314014025971749
use_scale: True
use_location: False
Finished training EB misspecified with NPMLE init, with SURE: 2.861202924230729
Finished training EB misspecified with NPMLE init, with in-sample MSE: 3.448613195876843
Finished training EB misspecified, with SURE: 2.8476674386421146
Finished training EB misspecified, with in-sample MSE: 3.3794528456834416
Finished training EB wellspecified, with SURE: 0.6925067681223374
Finished training EB wellspecified, with in-sample MSE: 1.3488312370238247
m: 182
Finished solving NPMLE, with SURE 27.60145171306651
Finished solving NPMLE, with in-sample MSE 3.567026195955218
Finished solving parametric estimator, with SURE 3.422688126728617
Finished solving parametric estimator, with in-sample MSE 3.4187884542858415
Finished solving EBCF, with in-sample MSE 0.9943162475756381
Finished training EB SURE-LS, with SURE: 1.0628258759690714
Finished training EB SURE-LS, with in-sample MSE: 0.9355712967646816
use_scale: True
use_location: False
Finished training EB misspecified with NPMLE init, with SURE: 2.6987337796091704
Finished training EB misspecified with NPMLE init, with in-sample MSE: 3.0521922254374654
Finished training EB misspecified, with SURE: 2.69879904593297
Finished training EB misspecified, with in-sample MSE: 3.05259519888791
Finished training EB wellspecified, with SURE: 0.7689027436184434
Finished training EB wellspecified, with in-sample MSE: 1.3312063190323142
m: 183
Finished solving NPMLE, with SURE 31.160882003974148
Finished solving NPMLE, with in-sample MSE 3.10743721335752
Finished solving parametric estimator, with SURE 3.3041739622136457
Finished solving parametric estimator, with in-sample MSE 2.939054410940598
Finished solving EBCF, with in-sample MSE 0.9301404757592525
Finished training EB SURE-LS, with SURE: 0.7168431350115819
Finished training EB SURE-LS, with in-sample MSE: 0.8093497169105123
use_scale: True
use_location: False
Finished training EB misspecified with NPMLE init, with SURE: 2.7562867086965452
Finished training EB misspecified with NPMLE init, with in-sample MSE: 2.838916677769892
Finished training EB misspecified, with SURE: 2.756083097876537
Finished training EB misspecified, with in-sample MSE: 2.8363717038856193
Finished training EB wellspecified, with SURE: 0.5562452436053745
Finished training EB wellspecified, with in-sample MSE: 0.8153069209396945
m: 184
Finished solving NPMLE, with SURE 41.40035280655885
Finished solving NPMLE, with in-sample MSE 3.6628153480996613
Finished solving parametric estimator, with SURE 3.370218248255302
Finished solving parametric estimator, with in-sample MSE 3.442718043192516
Finished solving EBCF, with in-sample MSE 1.5071303676749728
Finished training EB SURE-LS, with SURE: 0.7614871974174807
Finished training EB SURE-LS, with in-sample MSE: 0.8802836713311151
use_scale: True
use_location: False
Finished training EB misspecified with NPMLE init, with SURE: 2.7106804782790728
Finished training EB misspecified with NPMLE init, with in-sample MSE: 2.8428201851386716
Finished training EB misspecified, with SURE: 2.710741583018243
Finished training EB misspecified, with in-sample MSE: 2.8428665952700323
Finished training EB wellspecified, with SURE: 0.5927998078886275
Finished training EB wellspecified, with in-sample MSE: 1.03556901844805
m: 185
Finished solving NPMLE, with SURE 36.50683419731191
Finished solving NPMLE, with in-sample MSE 3.582594277689694
Finished solving parametric estimator, with SURE 3.4276106877502195
Finished solving parametric estimator, with in-sample MSE 3.5716332247032683
Finished solving EBCF, with in-sample MSE 1.4159457448201889
Finished training EB SURE-LS, with SURE: 0.8363840775628305
Finished training EB SURE-LS, with in-sample MSE: 0.8429129553461909
use_scale: True
use_location: False
Finished training EB misspecified with NPMLE init, with SURE: 2.6882600046114984
Finished training EB misspecified with NPMLE init, with in-sample MSE: 3.1632286941939567
Finished training EB misspecified, with SURE: 2.688396112035669
Finished training EB misspecified, with in-sample MSE: 3.1632133007395895
Finished training EB wellspecified, with SURE: 0.7986893239607876
Finished training EB wellspecified, with in-sample MSE: 0.9078875160667207
m: 186
Finished solving NPMLE, with SURE 43.93634078590251
Finished solving NPMLE, with in-sample MSE 3.327471967759089
Finished solving parametric estimator, with SURE 3.173210504634576
Finished solving parametric estimator, with in-sample MSE 3.046022105254256
Finished solving EBCF, with in-sample MSE 0.9099300056447248
Finished training EB SURE-LS, with SURE: 0.36479620698953386
Finished training EB SURE-LS, with in-sample MSE: 0.9486186623636048
use_scale: True
use_location: False
Finished training EB misspecified with NPMLE init, with SURE: 2.6093431738093087
Finished training EB misspecified with NPMLE init, with in-sample MSE: 2.8148905169978895
Finished training EB misspecified, with SURE: 2.6091325338038334
Finished training EB misspecified, with in-sample MSE: 2.8150865776349208
Finished training EB wellspecified, with SURE: 0.2066950566345181
Finished training EB wellspecified, with in-sample MSE: 1.0206483186508124
m: 187
Finished solving NPMLE, with SURE 42.16092946815659
Finished solving NPMLE, with in-sample MSE 3.5263756857241777
Finished solving parametric estimator, with SURE 3.3676225417542853
Finished solving parametric estimator, with in-sample MSE 3.408660746419546
Finished solving EBCF, with in-sample MSE 1.2765368809332283
Finished training EB SURE-LS, with SURE: 0.7341348670603824
Finished training EB SURE-LS, with in-sample MSE: 0.9656494950882574
use_scale: True
use_location: False
Finished training EB misspecified with NPMLE init, with SURE: 2.793098006404833
Finished training EB misspecified with NPMLE init, with in-sample MSE: 3.2097706455019464
Finished training EB misspecified, with SURE: 2.793151860654575
Finished training EB misspecified, with in-sample MSE: 3.209678247012137
Finished training EB wellspecified, with SURE: 0.3877582728512395
Finished training EB wellspecified, with in-sample MSE: 1.529787415455593
m: 188
Finished solving NPMLE, with SURE 28.446838201370486
Finished solving NPMLE, with in-sample MSE 3.713169729216432
Finished solving parametric estimator, with SURE 3.437756624749281
Finished solving parametric estimator, with in-sample MSE 3.3871937683217532
Finished solving EBCF, with in-sample MSE 1.0130699723335947
Finished training EB SURE-LS, with SURE: 1.1543388969722361
Finished training EB SURE-LS, with in-sample MSE: 0.9062476469845516
use_scale: True
use_location: False
Finished training EB misspecified with NPMLE init, with SURE: 2.7541788193996246
Finished training EB misspecified with NPMLE init, with in-sample MSE: 3.125035704457925
Finished training EB misspecified, with SURE: 2.754293954199139
Finished training EB misspecified, with in-sample MSE: 3.133346177746106
Finished training EB wellspecified, with SURE: 0.9479846703519619
Finished training EB wellspecified, with in-sample MSE: 1.2134246680451266
m: 189
Finished solving NPMLE, with SURE 36.25249011733594
Finished solving NPMLE, with in-sample MSE 3.6722624940445705
Finished solving parametric estimator, with SURE 3.5747574316543673
Finished solving parametric estimator, with in-sample MSE 3.545387145773761
Finished solving EBCF, with in-sample MSE 0.9512586096551849
Finished training EB SURE-LS, with SURE: 1.1955649680508367
Finished training EB SURE-LS, with in-sample MSE: 0.9411983043907394
use_scale: True
use_location: False
Finished training EB misspecified with NPMLE init, with SURE: 3.006680306375854
Finished training EB misspecified with NPMLE init, with in-sample MSE: 3.1712598816415807
Finished training EB misspecified, with SURE: 3.0066340363546193
Finished training EB misspecified, with in-sample MSE: 3.17048724544805
Finished training EB wellspecified, with SURE: 0.8869782200812714
Finished training EB wellspecified, with in-sample MSE: 1.466587476583315
m: 190
Finished solving NPMLE, with SURE 41.964441042508604
Finished solving NPMLE, with in-sample MSE 3.4860289283845067
Finished solving parametric estimator, with SURE 3.5109929120401544
Finished solving parametric estimator, with in-sample MSE 3.436800832950002
Finished solving EBCF, with in-sample MSE 0.9650144756339138
Finished training EB SURE-LS, with SURE: 1.1000120549692043
Finished training EB SURE-LS, with in-sample MSE: 0.8577091001965187
use_scale: True
use_location: False
Finished training EB misspecified with NPMLE init, with SURE: 2.90778385439831
Finished training EB misspecified with NPMLE init, with in-sample MSE: 3.1455172571128593
Finished training EB misspecified, with SURE: 2.900867592562033
Finished training EB misspecified, with in-sample MSE: 3.129978830514538
Finished training EB wellspecified, with SURE: 1.0284457028100997
Finished training EB wellspecified, with in-sample MSE: 0.9434953420895948
m: 191
Finished solving NPMLE, with SURE 27.441821490384253
Finished solving NPMLE, with in-sample MSE 3.572354770210251
Finished solving parametric estimator, with SURE 3.3208271174428834
Finished solving parametric estimator, with in-sample MSE 3.5389993339616757
Finished solving EBCF, with in-sample MSE 0.915553437535811
Finished training EB SURE-LS, with SURE: 1.0629259442705787
Finished training EB SURE-LS, with in-sample MSE: 0.8452047054192415
use_scale: True
use_location: False
Finished training EB misspecified with NPMLE init, with SURE: 2.8184457262041587
Finished training EB misspecified with NPMLE init, with in-sample MSE: 3.122621245307885
Finished training EB misspecified, with SURE: 2.8181786847818397
Finished training EB misspecified, with in-sample MSE: 3.121310247659613
Finished training EB wellspecified, with SURE: 0.9405227299106929
Finished training EB wellspecified, with in-sample MSE: 0.9725155315598364
m: 192
Finished solving NPMLE, with SURE 39.87427826389805
Finished solving NPMLE, with in-sample MSE 3.085246798533264
Finished solving parametric estimator, with SURE 3.3933511580920293
Finished solving parametric estimator, with in-sample MSE 3.0820403213902905
Finished solving EBCF, with in-sample MSE 1.0284048167995619
Finished training EB SURE-LS, with SURE: 0.44914409138095096
Finished training EB SURE-LS, with in-sample MSE: 0.9999525505160481
use_scale: True
use_location: False
Finished training EB misspecified with NPMLE init, with SURE: 2.5972512828553294
Finished training EB misspecified with NPMLE init, with in-sample MSE: 2.7819438344369427
Finished training EB misspecified, with SURE: 2.596998160402529
Finished training EB misspecified, with in-sample MSE: 2.782604683227307
Finished training EB wellspecified, with SURE: 0.28459499973133856
Finished training EB wellspecified, with in-sample MSE: 1.3563894818426108
m: 193
Finished solving NPMLE, with SURE 32.6854582807948
Finished solving NPMLE, with in-sample MSE 3.344818650088848
Finished solving parametric estimator, with SURE 3.35775563870149
Finished solving parametric estimator, with in-sample MSE 3.264879287821895
Finished solving EBCF, with in-sample MSE 1.034387488171229
Finished training EB SURE-LS, with SURE: 0.9487091456353441
Finished training EB SURE-LS, with in-sample MSE: 0.9629729431085013
use_scale: True
use_location: False
Finished training EB misspecified with NPMLE init, with SURE: 2.714737240849325
Finished training EB misspecified with NPMLE init, with in-sample MSE: 2.8908023677860415
Finished training EB misspecified, with SURE: 2.7145183131128516
Finished training EB misspecified, with in-sample MSE: 2.890362713016884
Finished training EB wellspecified, with SURE: 0.5967604919169313
Finished training EB wellspecified, with in-sample MSE: 1.3020688519538044
m: 194
Finished solving NPMLE, with SURE 35.793424242615494
Finished solving NPMLE, with in-sample MSE 3.4733780686681075
Finished solving parametric estimator, with SURE 3.3307310286513756
Finished solving parametric estimator, with in-sample MSE 3.3598220797748195
Finished solving EBCF, with in-sample MSE 1.0207689993763398
Finished training EB SURE-LS, with SURE: 1.0942601014525537
Finished training EB SURE-LS, with in-sample MSE: 0.985818104698619
use_scale: True
use_location: False
Finished training EB misspecified with NPMLE init, with SURE: 2.7619141629563204
Finished training EB misspecified with NPMLE init, with in-sample MSE: 3.104147426035013
Finished training EB misspecified, with SURE: 2.7617162264572404
Finished training EB misspecified, with in-sample MSE: 3.1042491586840044
Finished training EB wellspecified, with SURE: 1.0135494960820233
Finished training EB wellspecified, with in-sample MSE: 1.0146501430449784
m: 195
Finished solving NPMLE, with SURE 28.224469416136184
Finished solving NPMLE, with in-sample MSE 3.526926915234093
Finished solving parametric estimator, with SURE 3.3879078332138635
Finished solving parametric estimator, with in-sample MSE 3.336906324954137
Finished solving EBCF, with in-sample MSE 0.9304228648200542
Finished training EB SURE-LS, with SURE: 0.9435575214096033
Finished training EB SURE-LS, with in-sample MSE: 0.8276942859768118
use_scale: True
use_location: False
Finished training EB misspecified with NPMLE init, with SURE: 2.7922936648472
Finished training EB misspecified with NPMLE init, with in-sample MSE: 2.829046315034787
Finished training EB misspecified, with SURE: 2.7923595502649143
Finished training EB misspecified, with in-sample MSE: 2.8290076543057334
Finished training EB wellspecified, with SURE: 0.9028221691242058
Finished training EB wellspecified, with in-sample MSE: 0.802166216865261
m: 196
Finished solving NPMLE, with SURE 44.3377042679769
Finished solving NPMLE, with in-sample MSE 3.3134718877957283
Finished solving parametric estimator, with SURE 3.327711665090602
Finished solving parametric estimator, with in-sample MSE 3.2320289520119547
Finished solving EBCF, with in-sample MSE 0.7775619344616815
Finished training EB SURE-LS, with SURE: 0.7850187782441911
Finished training EB SURE-LS, with in-sample MSE: 0.7352259968051945
use_scale: True
use_location: False
Finished training EB misspecified with NPMLE init, with SURE: 2.7186672148703783
Finished training EB misspecified with NPMLE init, with in-sample MSE: 2.7495558707889645
Finished training EB misspecified, with SURE: 2.71781934101183
Finished training EB misspecified, with in-sample MSE: 2.7530207370880726
Finished training EB wellspecified, with SURE: 0.6423207622526562
Finished training EB wellspecified, with in-sample MSE: 0.8476667808044749
m: 197
Finished solving NPMLE, with SURE 33.49072495448574
Finished solving NPMLE, with in-sample MSE 3.445183754643943
Finished solving parametric estimator, with SURE 3.2870655130632467
Finished solving parametric estimator, with in-sample MSE 3.296622448583945
Finished solving EBCF, with in-sample MSE 1.0543152633342543
Finished training EB SURE-LS, with SURE: 1.022986638719855
Finished training EB SURE-LS, with in-sample MSE: 0.9339352943432577
use_scale: True
use_location: False
Finished training EB misspecified with NPMLE init, with SURE: 2.816188130091317
Finished training EB misspecified with NPMLE init, with in-sample MSE: 3.1196027525248415
Finished training EB misspecified, with SURE: 2.815976976262697
Finished training EB misspecified, with in-sample MSE: 3.119547651180716
Finished training EB wellspecified, with SURE: 0.7018987775969138
Finished training EB wellspecified, with in-sample MSE: 1.3008890726870037
m: 198
Finished solving NPMLE, with SURE 59.043007490982774
Finished solving NPMLE, with in-sample MSE 3.6774860594811525
Finished solving parametric estimator, with SURE 3.298950177172733
Finished solving parametric estimator, with in-sample MSE 3.4081267258844163
Finished solving EBCF, with in-sample MSE 0.9260341817121563
Finished training EB SURE-LS, with SURE: 0.9312876149337556
Finished training EB SURE-LS, with in-sample MSE: 0.8122557324444643
use_scale: True
use_location: False
Finished training EB misspecified with NPMLE init, with SURE: 2.4106313159707207
Finished training EB misspecified with NPMLE init, with in-sample MSE: 3.1886052712620763
Finished training EB misspecified, with SURE: 2.4101081986796062
Finished training EB misspecified, with in-sample MSE: 3.1888628919813713
Finished training EB wellspecified, with SURE: 0.5943124006126977
Finished training EB wellspecified, with in-sample MSE: 1.0971803285878492
m: 199
Finished solving NPMLE, with SURE 24.68560384548698
Finished solving NPMLE, with in-sample MSE 3.8299738119957327
Finished solving parametric estimator, with SURE 3.2944847257132928
Finished solving parametric estimator, with in-sample MSE 3.8479986466892524
Finished solving EBCF, with in-sample MSE 1.1806985533086016
Finished training EB SURE-LS, with SURE: 0.8748451126243714
Finished training EB SURE-LS, with in-sample MSE: 1.0147609239373259
use_scale: True
use_location: False
Finished training EB misspecified with NPMLE init, with SURE: 2.837532385028668
Finished training EB misspecified with NPMLE init, with in-sample MSE: 3.2154724072984417
Finished training EB misspecified, with SURE: 2.5805341165181552
Finished training EB misspecified, with in-sample MSE: 3.5470149973252454
Finished training EB wellspecified, with SURE: 0.5589162599166018
Finished training EB wellspecified, with in-sample MSE: 1.61204085908339

n: 800
m: 150
Finished solving NPMLE, with SURE 44.600146217336395
Finished solving NPMLE, with in-sample MSE 3.334461051434863
Finished solving parametric estimator, with SURE 3.3833459224025804
Finished solving parametric estimator, with in-sample MSE 3.2725654986167614
Finished solving EBCF, with in-sample MSE 1.0412510023419148
Finished training EB SURE-LS, with SURE: 0.8008518039712047
Finished training EB SURE-LS, with in-sample MSE: 0.908509525225482
use_scale: True
use_location: False
Finished training EB misspecified with NPMLE init, with SURE: 2.7949470010323942
Finished training EB misspecified with NPMLE init, with in-sample MSE: 2.805421616791822
Finished training EB misspecified, with SURE: 2.795096043754395
Finished training EB misspecified, with in-sample MSE: 2.8031518629171246
Finished training EB wellspecified, with SURE: 0.5896034635683903
Finished training EB wellspecified, with in-sample MSE: 1.1684779533730683
m: 151
Finished solving NPMLE, with SURE 34.111827326965155
Finished solving NPMLE, with in-sample MSE 2.992253048410461
Finished solving parametric estimator, with SURE 3.3413630707381525
Finished solving parametric estimator, with in-sample MSE 2.9526726942843555
Finished solving EBCF, with in-sample MSE 0.8714821344683855
Finished training EB SURE-LS, with SURE: 0.6996689827597226
Finished training EB SURE-LS, with in-sample MSE: 0.8238254330298856
use_scale: True
use_location: False
Finished training EB misspecified with NPMLE init, with SURE: 2.794822889191756
Finished training EB misspecified with NPMLE init, with in-sample MSE: 2.673451920998777
Finished training EB misspecified, with SURE: 2.795295559221945
Finished training EB misspecified, with in-sample MSE: 2.67717976072864
Finished training EB wellspecified, with SURE: 0.6365031557846768
Finished training EB wellspecified, with in-sample MSE: 0.8764519465641619
m: 152
Finished solving NPMLE, with SURE 41.03730173431946
Finished solving NPMLE, with in-sample MSE 3.361242886555618
Finished solving parametric estimator, with SURE 3.394753779186721
Finished solving parametric estimator, with in-sample MSE 3.2166938541934913
Finished solving EBCF, with in-sample MSE 0.8816498455947259
Finished training EB SURE-LS, with SURE: 0.8196990911623949
Finished training EB SURE-LS, with in-sample MSE: 0.8597063001340253
use_scale: True
use_location: False
Finished training EB misspecified with NPMLE init, with SURE: 2.753482461879773
Finished training EB misspecified with NPMLE init, with in-sample MSE: 2.9473058508031977
Finished training EB misspecified, with SURE: 2.753543746601445
Finished training EB misspecified, with in-sample MSE: 2.946690196691082
Finished training EB wellspecified, with SURE: 0.7328801745314903
Finished training EB wellspecified, with in-sample MSE: 0.82529361872208
m: 153
Finished solving NPMLE, with SURE 41.3324648177303
Finished solving NPMLE, with in-sample MSE 3.5014004687893316
Finished solving parametric estimator, with SURE 3.3991423284823563
Finished solving parametric estimator, with in-sample MSE 3.4205148889961907
Finished solving EBCF, with in-sample MSE 0.9035387533627501
Finished training EB SURE-LS, with SURE: 3.9927210478724873
Finished training EB SURE-LS, with in-sample MSE: 4.071290205600952
use_scale: True
use_location: False
Finished training EB misspecified with NPMLE init, with SURE: 2.845492584053897
Finished training EB misspecified with NPMLE init, with in-sample MSE: 2.9119250098470686
Finished training EB misspecified, with SURE: 2.8457467020224083
Finished training EB misspecified, with in-sample MSE: 2.9127687381815677
Finished training EB wellspecified, with SURE: 0.8752552492877885
Finished training EB wellspecified, with in-sample MSE: 0.9001122215601963
m: 154
Finished solving NPMLE, with SURE 44.98830192556118
Finished solving NPMLE, with in-sample MSE 3.7675927930827164
Finished solving parametric estimator, with SURE 3.466458645403484
Finished solving parametric estimator, with in-sample MSE 3.626931690846896
Finished solving EBCF, with in-sample MSE 1.0033241835132716
Finished training EB SURE-LS, with SURE: 1.3157741607895699
Finished training EB SURE-LS, with in-sample MSE: 0.9793744027516533
use_scale: True
use_location: False
Finished training EB misspecified with NPMLE init, with SURE: 3.020861987556052
Finished training EB misspecified with NPMLE init, with in-sample MSE: 3.3754691996388333
Finished training EB misspecified, with SURE: 3.0206097899662394
Finished training EB misspecified, with in-sample MSE: 3.376081766709998
Finished training EB wellspecified, with SURE: 1.1291324007834211
Finished training EB wellspecified, with in-sample MSE: 1.191389168365414
m: 155
Finished solving NPMLE, with SURE 45.66698030992129
Finished solving NPMLE, with in-sample MSE 3.450343407951585
Finished solving parametric estimator, with SURE 3.3619177658280606
Finished solving parametric estimator, with in-sample MSE 3.409216856004184
Finished solving EBCF, with in-sample MSE 0.9476319850491617
Finished training EB SURE-LS, with SURE: 0.7441354665082082
Finished training EB SURE-LS, with in-sample MSE: 0.8519295420460159
use_scale: True
use_location: False
Finished training EB misspecified with NPMLE init, with SURE: 2.6754022383765768
Finished training EB misspecified with NPMLE init, with in-sample MSE: 2.90268647165415
Finished training EB misspecified, with SURE: 2.675321490615296
Finished training EB misspecified, with in-sample MSE: 2.9026690330174048
Finished training EB wellspecified, with SURE: 0.6292328000565263
Finished training EB wellspecified, with in-sample MSE: 0.8767398988665974
m: 156
Finished solving NPMLE, with SURE 42.3623447736665
Finished solving NPMLE, with in-sample MSE 3.8704213896240094
Finished solving parametric estimator, with SURE 3.4062094625966024
Finished solving parametric estimator, with in-sample MSE 3.8247068926433885
Finished solving EBCF, with in-sample MSE 0.9405591531540745
Finished training EB SURE-LS, with SURE: 0.8380105242304484
Finished training EB SURE-LS, with in-sample MSE: 0.9384162700334248
use_scale: True
use_location: False
Finished training EB misspecified with NPMLE init, with SURE: 2.777764963889029
Finished training EB misspecified with NPMLE init, with in-sample MSE: 3.272619516391627
Finished training EB misspecified, with SURE: 2.777802460273976
Finished training EB misspecified, with in-sample MSE: 3.272563799762249
Finished training EB wellspecified, with SURE: 0.6458186764877397
Finished training EB wellspecified, with in-sample MSE: 1.041138909473253
m: 157
Finished solving NPMLE, with SURE 41.502494866187696
Finished solving NPMLE, with in-sample MSE 3.069143372930768
Finished solving parametric estimator, with SURE 3.3907095707138857
Finished solving parametric estimator, with in-sample MSE 3.0732943597572797
Finished solving EBCF, with in-sample MSE 0.8344255099009278
Finished training EB SURE-LS, with SURE: 0.5766853984185819
Finished training EB SURE-LS, with in-sample MSE: 0.8888459523816795
use_scale: True
use_location: False
Finished training EB misspecified with NPMLE init, with SURE: 2.8097915071970196
Finished training EB misspecified with NPMLE init, with in-sample MSE: 2.7271897866315236
Finished training EB misspecified, with SURE: 2.8093641621859953
Finished training EB misspecified, with in-sample MSE: 2.7281120460995214
Finished training EB wellspecified, with SURE: 0.3966851437349753
Finished training EB wellspecified, with in-sample MSE: 0.9308826550340267
m: 158
Finished solving NPMLE, with SURE 41.147765651044296
Finished solving NPMLE, with in-sample MSE 3.725523817583297
Finished solving parametric estimator, with SURE 3.2714931790751125
Finished solving parametric estimator, with in-sample MSE 3.655373594152047
Finished solving EBCF, with in-sample MSE 1.011788425945463
Finished training EB SURE-LS, with SURE: 0.7076984595511803
Finished training EB SURE-LS, with in-sample MSE: 0.8907179158661997
use_scale: True
use_location: False
Finished training EB misspecified with NPMLE init, with SURE: 2.775907890835841
Finished training EB misspecified with NPMLE init, with in-sample MSE: 3.206490348366874
Finished training EB misspecified, with SURE: 2.775324512560302
Finished training EB misspecified, with in-sample MSE: 3.2058206576767385
Finished training EB wellspecified, with SURE: 0.5796044512867825
Finished training EB wellspecified, with in-sample MSE: 1.0138203662445093
m: 159
Finished solving NPMLE, with SURE 34.346768738008166
Finished solving NPMLE, with in-sample MSE 3.41514019058965
Finished solving parametric estimator, with SURE 3.4073994679624744
Finished solving parametric estimator, with in-sample MSE 3.31062307576107
Finished solving EBCF, with in-sample MSE 0.9764751588807103
Finished training EB SURE-LS, with SURE: 0.7308351308590403
Finished training EB SURE-LS, with in-sample MSE: 0.9227911502610272
use_scale: True
use_location: False
Finished training EB misspecified with NPMLE init, with SURE: 2.8286191343181772
Finished training EB misspecified with NPMLE init, with in-sample MSE: 2.900512986910738
Finished training EB misspecified, with SURE: 2.8280150914281683
Finished training EB misspecified, with in-sample MSE: 2.901225902687074
Finished training EB wellspecified, with SURE: 0.6473559887522737
Finished training EB wellspecified, with in-sample MSE: 0.9049817396310007
m: 160
Finished solving NPMLE, with SURE 44.51821194227746
Finished solving NPMLE, with in-sample MSE 3.6638217083677294
Finished solving parametric estimator, with SURE 3.388181255354774
Finished solving parametric estimator, with in-sample MSE 3.499529194925895
Finished solving EBCF, with in-sample MSE 1.000662786600501
Finished training EB SURE-LS, with SURE: 0.7892601064480061
Finished training EB SURE-LS, with in-sample MSE: 0.9016997858168304
use_scale: True
use_location: False
Finished training EB misspecified with NPMLE init, with SURE: 2.7599935500940935
Finished training EB misspecified with NPMLE init, with in-sample MSE: 3.1083255307949447
Finished training EB misspecified, with SURE: 2.7601908256667342
Finished training EB misspecified, with in-sample MSE: 3.108099187527252
Finished training EB wellspecified, with SURE: 0.680087084686313
Finished training EB wellspecified, with in-sample MSE: 0.9952164594550102
m: 161
Finished solving NPMLE, with SURE 42.73334324450916
Finished solving NPMLE, with in-sample MSE 3.8108711510892124
Finished solving parametric estimator, with SURE 3.3416192638609967
Finished solving parametric estimator, with in-sample MSE 3.7581932867742904
Finished solving EBCF, with in-sample MSE 0.9663103138546203
Finished training EB SURE-LS, with SURE: 0.9203307739781278
Finished training EB SURE-LS, with in-sample MSE: 0.8433526861952626
use_scale: True
use_location: False
Finished training EB misspecified with NPMLE init, with SURE: 2.910147634620053
Finished training EB misspecified with NPMLE init, with in-sample MSE: 3.3355915822203195
Finished training EB misspecified, with SURE: 2.9097265325655797
Finished training EB misspecified, with in-sample MSE: 3.33545136815392
Finished training EB wellspecified, with SURE: 0.8281748329731619
Finished training EB wellspecified, with in-sample MSE: 0.9324012639894991
m: 162
Finished solving NPMLE, with SURE 25.263158526252873
Finished solving NPMLE, with in-sample MSE 3.3459609641668795
Finished solving parametric estimator, with SURE 3.3885575067641724
Finished solving parametric estimator, with in-sample MSE 3.3750301498171233
Finished solving EBCF, with in-sample MSE 0.914625299780816
Finished training EB SURE-LS, with SURE: 0.894089019350659
Finished training EB SURE-LS, with in-sample MSE: 0.830373590515202
use_scale: True
use_location: False
Finished training EB misspecified with NPMLE init, with SURE: 2.8616849697067006
Finished training EB misspecified with NPMLE init, with in-sample MSE: 3.109601225489796
Finished training EB misspecified, with SURE: 2.8608397743703438
Finished training EB misspecified, with in-sample MSE: 3.093435711443782
Finished training EB wellspecified, with SURE: 0.6961592758475973
Finished training EB wellspecified, with in-sample MSE: 1.1718974293878412
m: 163
Finished solving NPMLE, with SURE 46.943665615242274
Finished solving NPMLE, with in-sample MSE 3.314472086842548
Finished solving parametric estimator, with SURE 3.3536615916106864
Finished solving parametric estimator, with in-sample MSE 3.2101340186739002
Finished solving EBCF, with in-sample MSE 0.939500834878026
Finished training EB SURE-LS, with SURE: 0.759212115150347
Finished training EB SURE-LS, with in-sample MSE: 0.8424376241981149
use_scale: True
use_location: False
Finished training EB misspecified with NPMLE init, with SURE: 2.776408386005854
Finished training EB misspecified with NPMLE init, with in-sample MSE: 2.8806844207768108
Finished training EB misspecified, with SURE: 2.7764496959396134
Finished training EB misspecified, with in-sample MSE: 2.8803436539646525
Finished training EB wellspecified, with SURE: 0.7367966383905485
Finished training EB wellspecified, with in-sample MSE: 0.8593174540824922
m: 164
Finished solving NPMLE, with SURE 33.99032677364086
Finished solving NPMLE, with in-sample MSE 3.586175702933076
Finished solving parametric estimator, with SURE 3.24939854624938
Finished solving parametric estimator, with in-sample MSE 3.4609899272113624
Finished solving EBCF, with in-sample MSE 1.0063784347438476
Finished training EB SURE-LS, with SURE: 0.7380784942242048
Finished training EB SURE-LS, with in-sample MSE: 0.9512076992009837
use_scale: True
use_location: False
Finished training EB misspecified with NPMLE init, with SURE: 2.6961747005077177
Finished training EB misspecified with NPMLE init, with in-sample MSE: 3.1936407056359917
Finished training EB misspecified, with SURE: 2.695679263269202
Finished training EB misspecified, with in-sample MSE: 3.1938183659424806
Finished training EB wellspecified, with SURE: 0.7100833689854025
Finished training EB wellspecified, with in-sample MSE: 0.9694085630103436
m: 165
Finished solving NPMLE, with SURE 42.631035680482256
Finished solving NPMLE, with in-sample MSE 3.229707531726604
Finished solving parametric estimator, with SURE 3.4007699712815938
Finished solving parametric estimator, with in-sample MSE 3.205617048240166
Finished solving EBCF, with in-sample MSE 0.8463159755614764
Finished training EB SURE-LS, with SURE: 0.6065650989760806
Finished training EB SURE-LS, with in-sample MSE: 0.8232332844776807
use_scale: True
use_location: False
Finished training EB misspecified with NPMLE init, with SURE: 2.8773768184933806
Finished training EB misspecified with NPMLE init, with in-sample MSE: 2.8664440442024772
Finished training EB misspecified, with SURE: 2.8772001635911533
Finished training EB misspecified, with in-sample MSE: 2.8671027179955826
Finished training EB wellspecified, with SURE: 0.6053654387903256
Finished training EB wellspecified, with in-sample MSE: 0.81339848706248
m: 166
Finished solving NPMLE, with SURE 39.32340446128599
Finished solving NPMLE, with in-sample MSE 3.3946456872054522
Finished solving parametric estimator, with SURE 3.386975614138377
Finished solving parametric estimator, with in-sample MSE 3.342270962167982
Finished solving EBCF, with in-sample MSE 0.9966759334953152
Finished training EB SURE-LS, with SURE: 0.7808174232213062
Finished training EB SURE-LS, with in-sample MSE: 0.9093948303958088
use_scale: True
use_location: False
Finished training EB misspecified with NPMLE init, with SURE: 2.7741134231617655
Finished training EB misspecified with NPMLE init, with in-sample MSE: 2.967659772647035
Finished training EB misspecified, with SURE: 2.7743684031714606
Finished training EB misspecified, with in-sample MSE: 2.9677222419008484
Finished training EB wellspecified, with SURE: 0.7255601321065953
Finished training EB wellspecified, with in-sample MSE: 0.9598613505445472
m: 167
Finished solving NPMLE, with SURE 50.86123677959859
Finished solving NPMLE, with in-sample MSE 3.8733400764327994
Finished solving parametric estimator, with SURE 3.3774063969727703
Finished solving parametric estimator, with in-sample MSE 3.804774612208497
Finished solving EBCF, with in-sample MSE 1.059241037249658
Finished training EB SURE-LS, with SURE: 1.0982615732246541
Finished training EB SURE-LS, with in-sample MSE: 0.9567865159154506
use_scale: True
use_location: False
Finished training EB misspecified with NPMLE init, with SURE: 2.8297212372094385
Finished training EB misspecified with NPMLE init, with in-sample MSE: 3.4558728712833267
Finished training EB misspecified, with SURE: 2.8297852761931392
Finished training EB misspecified, with in-sample MSE: 3.4560566851577414
Finished training EB wellspecified, with SURE: 0.9845250709136046
Finished training EB wellspecified, with in-sample MSE: 1.1242650022698732
m: 168
Finished solving NPMLE, with SURE 40.65956919543512
Finished solving NPMLE, with in-sample MSE 3.3469357839497174
Finished solving parametric estimator, with SURE 3.402825121985044
Finished solving parametric estimator, with in-sample MSE 3.279823007567341
Finished solving EBCF, with in-sample MSE 0.8906188197365763
Finished training EB SURE-LS, with SURE: 1.0065058456465314
Finished training EB SURE-LS, with in-sample MSE: 0.8556524323086755
use_scale: True
use_location: False
Finished training EB misspecified with NPMLE init, with SURE: 2.8766319323546816
Finished training EB misspecified with NPMLE init, with in-sample MSE: 2.7796765210122527
Finished training EB misspecified, with SURE: 2.876434387240033
Finished training EB misspecified, with in-sample MSE: 2.780009814596631
Finished training EB wellspecified, with SURE: 0.904962215457486
Finished training EB wellspecified, with in-sample MSE: 0.8274643703649741
m: 169
Finished solving NPMLE, with SURE 39.803217413515675
Finished solving NPMLE, with in-sample MSE 3.820084923847681
Finished solving parametric estimator, with SURE 3.2943221475960636
Finished solving parametric estimator, with in-sample MSE 3.703013031005728
Finished solving EBCF, with in-sample MSE 1.5667997729354102
Finished training EB SURE-LS, with SURE: 0.9122036543233221
Finished training EB SURE-LS, with in-sample MSE: 0.881259053158363
use_scale: True
use_location: False
Finished training EB misspecified with NPMLE init, with SURE: 2.7905587127949496
Finished training EB misspecified with NPMLE init, with in-sample MSE: 3.2784615692936097
Finished training EB misspecified, with SURE: 2.790256224848968
Finished training EB misspecified, with in-sample MSE: 3.278655481257189
Finished training EB wellspecified, with SURE: 0.8503879178881277
Finished training EB wellspecified, with in-sample MSE: 0.9627133282764442
m: 170
Finished solving NPMLE, with SURE 41.74205349572129
Finished solving NPMLE, with in-sample MSE 3.876189754888921
Finished solving parametric estimator, with SURE 3.5032814117381514
Finished solving parametric estimator, with in-sample MSE 3.646020278178221
Finished solving EBCF, with in-sample MSE 1.1469267003587196
Finished training EB SURE-LS, with SURE: 1.2490741201667184
Finished training EB SURE-LS, with in-sample MSE: 0.9706746029952527
use_scale: True
use_location: False
Finished training EB misspecified with NPMLE init, with SURE: 2.9150355137996242
Finished training EB misspecified with NPMLE init, with in-sample MSE: 3.2328269532805702
Finished training EB misspecified, with SURE: 2.9149464784496475
Finished training EB misspecified, with in-sample MSE: 3.2325484824861146
Finished training EB wellspecified, with SURE: 1.1245443292822834
Finished training EB wellspecified, with in-sample MSE: 1.1167813347012303
m: 171
Finished solving NPMLE, with SURE 47.09930751110047
Finished solving NPMLE, with in-sample MSE 3.326190448507991
Finished solving parametric estimator, with SURE 3.3324916632667687
Finished solving parametric estimator, with in-sample MSE 3.3382979901959486
Finished solving EBCF, with in-sample MSE 1.0534064566960009
Finished training EB SURE-LS, with SURE: 0.4613562841005219
Finished training EB SURE-LS, with in-sample MSE: 1.0221640495452642
use_scale: True
use_location: False
Finished training EB misspecified with NPMLE init, with SURE: 2.662414492288946
Finished training EB misspecified with NPMLE init, with in-sample MSE: 3.1344034471940456
Finished training EB misspecified, with SURE: 2.6599043647863305
Finished training EB misspecified, with in-sample MSE: 3.123816690665673
Finished training EB wellspecified, with SURE: 0.41111648078654406
Finished training EB wellspecified, with in-sample MSE: 1.0632403184161237
m: 172
Finished solving NPMLE, with SURE 32.69878625435283
Finished solving NPMLE, with in-sample MSE 3.6412319889185016
Finished solving parametric estimator, with SURE 3.378044675556247
Finished solving parametric estimator, with in-sample MSE 3.507231949523737
Finished solving EBCF, with in-sample MSE 0.8377542005652894
Finished training EB SURE-LS, with SURE: 0.9630346502711848
Finished training EB SURE-LS, with in-sample MSE: 0.8174980679862582
use_scale: True
use_location: False
Finished training EB misspecified with NPMLE init, with SURE: 2.6804914876636956
Finished training EB misspecified with NPMLE init, with in-sample MSE: 3.0777345723220075
Finished training EB misspecified, with SURE: 2.6804409755757486
Finished training EB misspecified, with in-sample MSE: 3.076861388659813
Finished training EB wellspecified, with SURE: 0.9188474540032937
Finished training EB wellspecified, with in-sample MSE: 0.8889801883158032
m: 173
Finished solving NPMLE, with SURE 32.22627711108907
Finished solving NPMLE, with in-sample MSE 3.9591476564163592
Finished solving parametric estimator, with SURE 3.4154486534303277
Finished solving parametric estimator, with in-sample MSE 3.7857076094303705
Finished solving EBCF, with in-sample MSE 1.574215961693102
Finished training EB SURE-LS, with SURE: 1.2934757808034651
Finished training EB SURE-LS, with in-sample MSE: 0.935876207525448
use_scale: True
use_location: False
Finished training EB misspecified with NPMLE init, with SURE: 2.669226366527226
Finished training EB misspecified with NPMLE init, with in-sample MSE: 3.456688770494837
Finished training EB misspecified, with SURE: 2.6694930033737543
Finished training EB misspecified, with in-sample MSE: 3.4562452700774045
Finished training EB wellspecified, with SURE: 1.1852366810517443
Finished training EB wellspecified, with in-sample MSE: 1.1563584908599944
m: 174
Finished solving NPMLE, with SURE 32.744733194223755
Finished solving NPMLE, with in-sample MSE 3.406157739353003
Finished solving parametric estimator, with SURE 3.4066933345303845
Finished solving parametric estimator, with in-sample MSE 3.2526751599064347
Finished solving EBCF, with in-sample MSE 0.907374817005428
Finished training EB SURE-LS, with SURE: 0.8793215029786653
Finished training EB SURE-LS, with in-sample MSE: 0.9209402876876501
use_scale: True
use_location: False
Finished training EB misspecified with NPMLE init, with SURE: 2.85415625036179
Finished training EB misspecified with NPMLE init, with in-sample MSE: 3.0181416930589164
Finished training EB misspecified, with SURE: 2.8538778124486726
Finished training EB misspecified, with in-sample MSE: 3.018419718640845
Finished training EB wellspecified, with SURE: 0.589039383319015
Finished training EB wellspecified, with in-sample MSE: 1.0309986882116027
m: 175
Finished solving NPMLE, with SURE 43.91097053115764
Finished solving NPMLE, with in-sample MSE 3.253480732649689
Finished solving parametric estimator, with SURE 3.362929373546528
Finished solving parametric estimator, with in-sample MSE 3.2009459441372923
Finished solving EBCF, with in-sample MSE 0.8356230166108192
Finished training EB SURE-LS, with SURE: 0.4676565686610381
Finished training EB SURE-LS, with in-sample MSE: 0.7818263429540037
use_scale: True
use_location: False
Finished training EB misspecified with NPMLE init, with SURE: 2.7079633332935145
Finished training EB misspecified with NPMLE init, with in-sample MSE: 2.8078293866267305
Finished training EB misspecified, with SURE: 2.7079752159056487
Finished training EB misspecified, with in-sample MSE: 2.807928769921195
Finished training EB wellspecified, with SURE: 0.3624681000635745
Finished training EB wellspecified, with in-sample MSE: 0.8957369543706842
m: 176
Finished solving NPMLE, with SURE 39.752722167193845
Finished solving NPMLE, with in-sample MSE 3.453328262420949
Finished solving parametric estimator, with SURE 3.2820246426075483
Finished solving parametric estimator, with in-sample MSE 3.3249588630855884
Finished solving EBCF, with in-sample MSE 0.8440207325953434
Finished training EB SURE-LS, with SURE: 0.4619262158433024
Finished training EB SURE-LS, with in-sample MSE: 0.8408314313357903
use_scale: True
use_location: False
Finished training EB misspecified with NPMLE init, with SURE: 2.587378306941358
Finished training EB misspecified with NPMLE init, with in-sample MSE: 2.857529953044318
Finished training EB misspecified, with SURE: 2.5869346873763193
Finished training EB misspecified, with in-sample MSE: 2.857973889048365
Finished training EB wellspecified, with SURE: 0.4507204286773812
Finished training EB wellspecified, with in-sample MSE: 0.8336177672201598
m: 177
Finished solving NPMLE, with SURE 52.77898847269395
Finished solving NPMLE, with in-sample MSE 3.0956406150771665
Finished solving parametric estimator, with SURE 3.3294952523969696
Finished solving parametric estimator, with in-sample MSE 3.0154064435912344
Finished solving EBCF, with in-sample MSE 0.94691903907602
Finished training EB SURE-LS, with SURE: 0.6058336706734577
Finished training EB SURE-LS, with in-sample MSE: 0.8704233763857775
use_scale: True
use_location: False
Finished training EB misspecified with NPMLE init, with SURE: 2.6241753526677023
Finished training EB misspecified with NPMLE init, with in-sample MSE: 2.837087566242582
Finished training EB misspecified, with SURE: 2.6240984319771914
Finished training EB misspecified, with in-sample MSE: 2.8370492055072787
Finished training EB wellspecified, with SURE: 0.3927586319359241
Finished training EB wellspecified, with in-sample MSE: 1.0544364437741598
m: 178
Finished solving NPMLE, with SURE 35.652722899289955
Finished solving NPMLE, with in-sample MSE 3.4341925046838213
Finished solving parametric estimator, with SURE 3.380929731661872
Finished solving parametric estimator, with in-sample MSE 3.41507263062185
Finished solving EBCF, with in-sample MSE 0.9013687405355739
Finished training EB SURE-LS, with SURE: 0.9987015995623211
Finished training EB SURE-LS, with in-sample MSE: 0.7614955046964353
use_scale: True
use_location: False
Finished training EB misspecified with NPMLE init, with SURE: 2.872378916208746
Finished training EB misspecified with NPMLE init, with in-sample MSE: 3.0010855727791506
Finished training EB misspecified, with SURE: 2.8719346134407
Finished training EB misspecified, with in-sample MSE: 3.0001389751720593
Finished training EB wellspecified, with SURE: 0.7774886422599286
Finished training EB wellspecified, with in-sample MSE: 1.0552169284080102
m: 179
Finished solving NPMLE, with SURE 44.884710382957564
Finished solving NPMLE, with in-sample MSE 3.428332054604608
Finished solving parametric estimator, with SURE 3.4083713310347408
Finished solving parametric estimator, with in-sample MSE 3.480497701472194
Finished solving EBCF, with in-sample MSE 1.452465839884248
Finished training EB SURE-LS, with SURE: 0.792379691357628
Finished training EB SURE-LS, with in-sample MSE: 0.9538131598769136
use_scale: True
use_location: False
Finished training EB misspecified with NPMLE init, with SURE: 2.877014260140729
Finished training EB misspecified with NPMLE init, with in-sample MSE: 2.927176585790755
Finished training EB misspecified, with SURE: 2.8767527673282864
Finished training EB misspecified, with in-sample MSE: 2.9274563058345793
Finished training EB wellspecified, with SURE: 0.7304612815135408
Finished training EB wellspecified, with in-sample MSE: 0.969233758731899
m: 180
Finished solving NPMLE, with SURE 25.23414264338611
Finished solving NPMLE, with in-sample MSE 3.3686947379879824
Finished solving parametric estimator, with SURE 3.460215304948632
Finished solving parametric estimator, with in-sample MSE 3.118723251137057
Finished solving EBCF, with in-sample MSE 0.8920314780444144
Finished training EB SURE-LS, with SURE: 0.8662901022627084
Finished training EB SURE-LS, with in-sample MSE: 0.8345451431459996
use_scale: True
use_location: False
Finished training EB misspecified with NPMLE init, with SURE: 3.0127070922883834
Finished training EB misspecified with NPMLE init, with in-sample MSE: 2.7759492424190158
Finished training EB misspecified, with SURE: 2.830345274123648
Finished training EB misspecified, with in-sample MSE: 2.975199882578801
Finished training EB wellspecified, with SURE: 0.6726377286564873
Finished training EB wellspecified, with in-sample MSE: 1.0292384199427087
m: 181
Finished solving NPMLE, with SURE 43.504731496072644
Finished solving NPMLE, with in-sample MSE 3.9886800395888873
Finished solving parametric estimator, with SURE 3.3362615274175655
Finished solving parametric estimator, with in-sample MSE 3.8408423190620984
Finished solving EBCF, with in-sample MSE 1.1402505963430698
Finished training EB SURE-LS, with SURE: 0.9288553339610793
Finished training EB SURE-LS, with in-sample MSE: 0.9732452325903881
use_scale: True
use_location: False
Finished training EB misspecified with NPMLE init, with SURE: 2.802522064309023
Finished training EB misspecified with NPMLE init, with in-sample MSE: 3.209597775654001
Finished training EB misspecified, with SURE: 2.801802731878022
Finished training EB misspecified, with in-sample MSE: 3.2106402975846713
Finished training EB wellspecified, with SURE: 0.8597979832296875
Finished training EB wellspecified, with in-sample MSE: 1.0274268790203418
m: 182
Finished solving NPMLE, with SURE 38.03250665035444
Finished solving NPMLE, with in-sample MSE 3.1316796605944286
Finished solving parametric estimator, with SURE 3.412642271426906
Finished solving parametric estimator, with in-sample MSE 3.030837212874843
Finished solving EBCF, with in-sample MSE 0.9024024073667098
Finished training EB SURE-LS, with SURE: 0.7789542481741996
Finished training EB SURE-LS, with in-sample MSE: 0.8774885791346282
use_scale: True
use_location: False
Finished training EB misspecified with NPMLE init, with SURE: 2.8792486422831423
Finished training EB misspecified with NPMLE init, with in-sample MSE: 2.7922546450834296
Finished training EB misspecified, with SURE: 2.8791791173696386
Finished training EB misspecified, with in-sample MSE: 2.792177568232692
Finished training EB wellspecified, with SURE: 0.7828440313610949
Finished training EB wellspecified, with in-sample MSE: 0.8473172736216731
m: 183
Finished solving NPMLE, with SURE 39.60813036572103
Finished solving NPMLE, with in-sample MSE 3.4218798695047434
Finished solving parametric estimator, with SURE 3.2775755851635515
Finished solving parametric estimator, with in-sample MSE 3.3287310886931207
Finished solving EBCF, with in-sample MSE 0.855164251448757
Finished training EB SURE-LS, with SURE: 0.8884339825406593
Finished training EB SURE-LS, with in-sample MSE: 0.8342116548209821
use_scale: True
use_location: False
Finished training EB misspecified with NPMLE init, with SURE: 2.8129754595369754
Finished training EB misspecified with NPMLE init, with in-sample MSE: 3.0228606498543105
Finished training EB misspecified, with SURE: 2.8125429977326974
Finished training EB misspecified, with in-sample MSE: 3.022405862054147
Finished training EB wellspecified, with SURE: 0.6882776780972633
Finished training EB wellspecified, with in-sample MSE: 1.0547283550200313
m: 184
Finished solving NPMLE, with SURE 35.69821655726131
Finished solving NPMLE, with in-sample MSE 3.541318905025365
Finished solving parametric estimator, with SURE 3.3557483259153393
Finished solving parametric estimator, with in-sample MSE 3.45640372850515
Finished solving EBCF, with in-sample MSE 0.9669381631369399
Finished training EB SURE-LS, with SURE: 0.9742229619243061
Finished training EB SURE-LS, with in-sample MSE: 0.877650449340633
use_scale: True
use_location: False
Finished training EB misspecified with NPMLE init, with SURE: 2.8718433696831527
Finished training EB misspecified with NPMLE init, with in-sample MSE: 3.053735167462401
Finished training EB misspecified, with SURE: 2.8710486269807975
Finished training EB misspecified, with in-sample MSE: 3.0534451566545546
Finished training EB wellspecified, with SURE: 0.8928241060421209
Finished training EB wellspecified, with in-sample MSE: 0.9181090695241653
m: 185
Finished solving NPMLE, with SURE 25.36357366637372
Finished solving NPMLE, with in-sample MSE 3.1978196724322583
Finished solving parametric estimator, with SURE 3.4486539790351984
Finished solving parametric estimator, with in-sample MSE 3.0160592720629573
Finished solving EBCF, with in-sample MSE 1.3491712461716365
Finished training EB SURE-LS, with SURE: 0.8966792939864737
Finished training EB SURE-LS, with in-sample MSE: 0.8860901139898786
use_scale: True
use_location: False
Finished training EB misspecified with NPMLE init, with SURE: 2.9636631853587296
Finished training EB misspecified with NPMLE init, with in-sample MSE: 2.6803125736026696
Finished training EB misspecified, with SURE: 2.9637899880186644
Finished training EB misspecified, with in-sample MSE: 2.6803699081087955
Finished training EB wellspecified, with SURE: 0.7473517435375796
Finished training EB wellspecified, with in-sample MSE: 1.1783397975444394
m: 186
Finished solving NPMLE, with SURE 53.52167234740221
Finished solving NPMLE, with in-sample MSE 3.527621007627471
Finished solving parametric estimator, with SURE 3.3576471682769133
Finished solving parametric estimator, with in-sample MSE 3.5056336379657727
Finished solving EBCF, with in-sample MSE 1.0101858495626348
Finished training EB SURE-LS, with SURE: 0.7703573511723727
Finished training EB SURE-LS, with in-sample MSE: 0.9359475654685167
use_scale: True
use_location: False
Finished training EB misspecified with NPMLE init, with SURE: 2.7636992164658625
Finished training EB misspecified with NPMLE init, with in-sample MSE: 3.2205819069249246
Finished training EB misspecified, with SURE: 2.763260829524828
Finished training EB misspecified, with in-sample MSE: 3.2205637004002234
Finished training EB wellspecified, with SURE: 2.763854760368931
Finished training EB wellspecified, with in-sample MSE: 3.2205460726030175
m: 187
Finished solving NPMLE, with SURE 49.81759748586941
Finished solving NPMLE, with in-sample MSE 4.095490128353673
Finished solving parametric estimator, with SURE 3.2460319349691282
Finished solving parametric estimator, with in-sample MSE 3.943475236917765
Finished solving EBCF, with in-sample MSE 1.0249037049268612
Finished training EB SURE-LS, with SURE: 0.6791658300845799
Finished training EB SURE-LS, with in-sample MSE: 0.9633656158686412
use_scale: True
use_location: False
Finished training EB misspecified with NPMLE init, with SURE: 2.5897081943484115
Finished training EB misspecified with NPMLE init, with in-sample MSE: 3.49984625676094
Finished training EB misspecified, with SURE: 2.5897306922644705
Finished training EB misspecified, with in-sample MSE: 3.499728487644417
Finished training EB wellspecified, with SURE: 0.5024004531285465
Finished training EB wellspecified, with in-sample MSE: 1.215737925838489
m: 188
Finished solving NPMLE, with SURE 37.50743282650039
Finished solving NPMLE, with in-sample MSE 3.3277834973540994
Finished solving parametric estimator, with SURE 3.3620981764949582
Finished solving parametric estimator, with in-sample MSE 3.177703693652205
Finished solving EBCF, with in-sample MSE 1.357832549070499
Finished training EB SURE-LS, with SURE: 0.5972627174757469
Finished training EB SURE-LS, with in-sample MSE: 0.917638242340893
use_scale: True
use_location: False
Finished training EB misspecified with NPMLE init, with SURE: 2.71605426876026
Finished training EB misspecified with NPMLE init, with in-sample MSE: 2.894167470450761
Finished training EB misspecified, with SURE: 2.7156671094838574
Finished training EB misspecified, with in-sample MSE: 2.8953379793732803
Finished training EB wellspecified, with SURE: 0.5660748845051288
Finished training EB wellspecified, with in-sample MSE: 0.9131553624145416
m: 189
Finished solving NPMLE, with SURE 34.88799377896123
Finished solving NPMLE, with in-sample MSE 3.5705139182066046
Finished solving parametric estimator, with SURE 3.2907694032839108
Finished solving parametric estimator, with in-sample MSE 3.352168592070444
Finished solving EBCF, with in-sample MSE 0.8540885635887907
Finished training EB SURE-LS, with SURE: 0.8784270986462385
Finished training EB SURE-LS, with in-sample MSE: 0.8079842767480264
use_scale: True
use_location: False
Finished training EB misspecified with NPMLE init, with SURE: 2.764307815559302
Finished training EB misspecified with NPMLE init, with in-sample MSE: 3.0755781100926907
Finished training EB misspecified, with SURE: 2.7616151368320794
Finished training EB misspecified, with in-sample MSE: 3.0629544017867016
Finished training EB wellspecified, with SURE: 0.8100737099269131
Finished training EB wellspecified, with in-sample MSE: 0.8759447332858072
m: 190
Finished solving NPMLE, with SURE 46.69372366570348
Finished solving NPMLE, with in-sample MSE 3.4657011045403188
Finished solving parametric estimator, with SURE 3.361799610360157
Finished solving parametric estimator, with in-sample MSE 3.419600930590399
Finished solving EBCF, with in-sample MSE 0.9549499875582068
Finished training EB SURE-LS, with SURE: 0.8244403969090562
Finished training EB SURE-LS, with in-sample MSE: 0.8923608502947203
use_scale: True
use_location: False
Finished training EB misspecified with NPMLE init, with SURE: 2.86149059981061
Finished training EB misspecified with NPMLE init, with in-sample MSE: 3.093643671608443
Finished training EB misspecified, with SURE: 2.860463118092607
Finished training EB misspecified, with in-sample MSE: 3.098078418112372
Finished training EB wellspecified, with SURE: 0.7164297386847591
Finished training EB wellspecified, with in-sample MSE: 0.9495304408937721
m: 191
Finished solving NPMLE, with SURE 46.901703585725826
Finished solving NPMLE, with in-sample MSE 3.533292860473846
Finished solving parametric estimator, with SURE 3.3108258227432756
Finished solving parametric estimator, with in-sample MSE 3.44825919920082
Finished solving EBCF, with in-sample MSE 1.0180167429395728
Finished training EB SURE-LS, with SURE: 0.8221488607977268
Finished training EB SURE-LS, with in-sample MSE: 0.8407904525755332
use_scale: True
use_location: False
Finished training EB misspecified with NPMLE init, with SURE: 2.627417416905571
Finished training EB misspecified with NPMLE init, with in-sample MSE: 3.132302797745835
Finished training EB misspecified, with SURE: 2.627359392045968
Finished training EB misspecified, with in-sample MSE: 3.13181670316066
Finished training EB wellspecified, with SURE: 0.7680042640490276
Finished training EB wellspecified, with in-sample MSE: 0.8727467471845495
m: 192
Finished solving NPMLE, with SURE 36.70538196892845
Finished solving NPMLE, with in-sample MSE 3.800993676408755
Finished solving parametric estimator, with SURE 3.434275862696678
Finished solving parametric estimator, with in-sample MSE 3.6745461650716624
Finished solving EBCF, with in-sample MSE 1.0232218523168155
Finished training EB SURE-LS, with SURE: 1.0900558207467281
Finished training EB SURE-LS, with in-sample MSE: 0.9942652084755511
use_scale: True
use_location: False
Finished training EB misspecified with NPMLE init, with SURE: 2.906678788332964
Finished training EB misspecified with NPMLE init, with in-sample MSE: 3.1868862575454373
Finished training EB misspecified, with SURE: 2.906680554574085
Finished training EB misspecified, with in-sample MSE: 3.186831738980938
Finished training EB wellspecified, with SURE: 0.9370921562616564
Finished training EB wellspecified, with in-sample MSE: 1.1118822549418845
m: 193
Finished solving NPMLE, with SURE 33.11296988084893
Finished solving NPMLE, with in-sample MSE 3.6027975469518014
Finished solving parametric estimator, with SURE 3.438754578173627
Finished solving parametric estimator, with in-sample MSE 3.4808196457804024
Finished solving EBCF, with in-sample MSE 0.9647434819443141
Finished training EB SURE-LS, with SURE: 1.0248573816925717
Finished training EB SURE-LS, with in-sample MSE: 0.9290952645097437
use_scale: True
use_location: False
Finished training EB misspecified with NPMLE init, with SURE: 2.9566379394628473
Finished training EB misspecified with NPMLE init, with in-sample MSE: 2.9897597497070785
Finished training EB misspecified, with SURE: 2.956091662031158
Finished training EB misspecified, with in-sample MSE: 2.9904649312035083
Finished training EB wellspecified, with SURE: 0.9972820097062521
Finished training EB wellspecified, with in-sample MSE: 1.0045170995093091
m: 194
Finished solving NPMLE, with SURE 29.98427982377504
Finished solving NPMLE, with in-sample MSE 3.385307094709733
Finished solving parametric estimator, with SURE 3.4131315964705715
Finished solving parametric estimator, with in-sample MSE 3.367348725205669
Finished solving EBCF, with in-sample MSE 0.9248120357771725
Finished training EB SURE-LS, with SURE: 0.7422713931394381
Finished training EB SURE-LS, with in-sample MSE: 0.8613315042365531
use_scale: True
use_location: False
Finished training EB misspecified with NPMLE init, with SURE: 2.9220366523489725
Finished training EB misspecified with NPMLE init, with in-sample MSE: 2.9045413395599597
Finished training EB misspecified, with SURE: 2.9220926880161766
Finished training EB misspecified, with in-sample MSE: 2.9044170224517796
Finished training EB wellspecified, with SURE: 0.7135765617403499
Finished training EB wellspecified, with in-sample MSE: 0.8870689622938276
m: 195
Finished solving NPMLE, with SURE 46.96539799303857
Finished solving NPMLE, with in-sample MSE 3.4799905189673432
Finished solving parametric estimator, with SURE 3.3511069416952344
Finished solving parametric estimator, with in-sample MSE 3.428095124671087
Finished solving EBCF, with in-sample MSE 0.8193503598481449
Finished training EB SURE-LS, with SURE: 0.5267138232717704
Finished training EB SURE-LS, with in-sample MSE: 0.8964221371118825
use_scale: True
use_location: False
Finished training EB misspecified with NPMLE init, with SURE: 2.7860606876568887
Finished training EB misspecified with NPMLE init, with in-sample MSE: 2.9467019956270155
Finished training EB misspecified, with SURE: 2.785660532030722
Finished training EB misspecified, with in-sample MSE: 2.94759647372937
Finished training EB wellspecified, with SURE: 0.3884455587719114
Finished training EB wellspecified, with in-sample MSE: 1.0891204271085555
m: 196
Finished solving NPMLE, with SURE 35.74108421020983
Finished solving NPMLE, with in-sample MSE 3.3956773902078607
Finished solving parametric estimator, with SURE 3.3508260612909986
Finished solving parametric estimator, with in-sample MSE 3.215062750007391
Finished solving EBCF, with in-sample MSE 0.8907746983164367
Finished training EB SURE-LS, with SURE: 0.9605017534531317
Finished training EB SURE-LS, with in-sample MSE: 0.839850314229887
use_scale: True
use_location: False
Finished training EB misspecified with NPMLE init, with SURE: 2.826401200906512
Finished training EB misspecified with NPMLE init, with in-sample MSE: 2.994242566164615
Finished training EB misspecified, with SURE: 2.8263853423033947
Finished training EB misspecified, with in-sample MSE: 2.994495829425718
Finished training EB wellspecified, with SURE: 0.8272322475407756
Finished training EB wellspecified, with in-sample MSE: 0.9311805092058123
m: 197
Finished solving NPMLE, with SURE 47.007301830702474
Finished solving NPMLE, with in-sample MSE 3.2015391989623954
Finished solving parametric estimator, with SURE 3.4448880163561726
Finished solving parametric estimator, with in-sample MSE 3.1955711969078084
Finished solving EBCF, with in-sample MSE 0.9995199355352102
Finished training EB SURE-LS, with SURE: 0.8944240904924635
Finished training EB SURE-LS, with in-sample MSE: 0.9491405395710757
use_scale: True
use_location: False
Finished training EB misspecified with NPMLE init, with SURE: 2.866714721290817
Finished training EB misspecified with NPMLE init, with in-sample MSE: 2.799969814692476
Finished training EB misspecified, with SURE: 2.8667224890119276
Finished training EB misspecified, with in-sample MSE: 2.7998427596512876
Finished training EB wellspecified, with SURE: 0.8331316802587949
Finished training EB wellspecified, with in-sample MSE: 1.021849563507206
m: 198
Finished solving NPMLE, with SURE 42.400543169410554
Finished solving NPMLE, with in-sample MSE 3.3628171824222455
Finished solving parametric estimator, with SURE 3.344471779376747
Finished solving parametric estimator, with in-sample MSE 3.2220235500804604
Finished solving EBCF, with in-sample MSE 0.8715476794332162
Finished training EB SURE-LS, with SURE: 0.6113126985276677
Finished training EB SURE-LS, with in-sample MSE: 0.8198484348248694
use_scale: True
use_location: False
Finished training EB misspecified with NPMLE init, with SURE: 2.6941661202706046
Finished training EB misspecified with NPMLE init, with in-sample MSE: 2.8150536644904505
Finished training EB misspecified, with SURE: 2.6943937570340886
Finished training EB misspecified, with in-sample MSE: 2.815467392590333
Finished training EB wellspecified, with SURE: 0.596504953995836
Finished training EB wellspecified, with in-sample MSE: 0.8288896605996022
m: 199
Finished solving NPMLE, with SURE 47.039820271932996
Finished solving NPMLE, with in-sample MSE 3.6478420217058782
Finished solving parametric estimator, with SURE 3.3244070194980186
Finished solving parametric estimator, with in-sample MSE 3.502519866361032
Finished solving EBCF, with in-sample MSE 0.908702624750348
Finished training EB SURE-LS, with SURE: 0.6216209487289812
Finished training EB SURE-LS, with in-sample MSE: 0.8872901621377375
use_scale: True
use_location: False
Finished training EB misspecified with NPMLE init, with SURE: 2.7756238215300644
Finished training EB misspecified with NPMLE init, with in-sample MSE: 3.119848742395968
Finished training EB misspecified, with SURE: 2.775857114227417
Finished training EB misspecified, with in-sample MSE: 3.1208629074764502
Finished training EB wellspecified, with SURE: 0.5185835803707959
Finished training EB wellspecified, with in-sample MSE: 0.9103565592611905

n: 1600
m: 150
Finished solving NPMLE, with SURE 33.78303465976888
Finished solving NPMLE, with in-sample MSE 3.295875578995648
Finished solving parametric estimator, with SURE 3.3410189170758815
Finished solving parametric estimator, with in-sample MSE 3.240039195255918
Finished solving EBCF, with in-sample MSE 0.8611104321940225
Finished training EB SURE-LS, with SURE: 0.8190739615069916
Finished training EB SURE-LS, with in-sample MSE: 0.7906638530980359
use_scale: True
use_location: False
Finished training EB misspecified with NPMLE init, with SURE: 2.8614397039122696
Finished training EB misspecified with NPMLE init, with in-sample MSE: 2.7601397822527955
Finished training EB misspecified, with SURE: 2.8613744641220014
Finished training EB misspecified, with in-sample MSE: 2.7600307447023997
Finished training EB wellspecified, with SURE: 0.6525338341921771
Finished training EB wellspecified, with in-sample MSE: 0.9485737617771761
m: 151
Finished solving NPMLE, with SURE 45.688224105266926
Finished solving NPMLE, with in-sample MSE 3.392264980010623
Finished solving parametric estimator, with SURE 3.3925114434729964
Finished solving parametric estimator, with in-sample MSE 3.3201791006286125
Finished solving EBCF, with in-sample MSE 0.9690201813653999
Finished training EB SURE-LS, with SURE: 0.8070031841037143
Finished training EB SURE-LS, with in-sample MSE: 0.9552285223538529
use_scale: True
use_location: False
Finished training EB misspecified with NPMLE init, with SURE: 2.8621337754604177
Finished training EB misspecified with NPMLE init, with in-sample MSE: 2.9951429280840984
Finished training EB misspecified, with SURE: 2.861826804034805
Finished training EB misspecified, with in-sample MSE: 2.9946773965101197
Finished training EB wellspecified, with SURE: 0.7494679627601442
Finished training EB wellspecified, with in-sample MSE: 0.9387750663679328
m: 152
Finished solving NPMLE, with SURE 48.58778868550526
Finished solving NPMLE, with in-sample MSE 3.499897706580585
Finished solving parametric estimator, with SURE 3.368020105794874
Finished solving parametric estimator, with in-sample MSE 3.357412836943865
Finished solving EBCF, with in-sample MSE 0.8626958366119755
Finished training EB SURE-LS, with SURE: 0.9281806355182413
Finished training EB SURE-LS, with in-sample MSE: 0.803200762298497
use_scale: True
use_location: False
Finished training EB misspecified with NPMLE init, with SURE: 2.7697975194424
Finished training EB misspecified with NPMLE init, with in-sample MSE: 2.9133595768750435
Finished training EB misspecified, with SURE: 2.769723847912321
Finished training EB misspecified, with in-sample MSE: 2.9141965183823175
Finished training EB wellspecified, with SURE: 0.8745552061003875
Finished training EB wellspecified, with in-sample MSE: 0.8118285883590519
m: 153
Finished solving NPMLE, with SURE 31.598026119588994
Finished solving NPMLE, with in-sample MSE 3.5591783799015015
Finished solving parametric estimator, with SURE 3.325703072138774
Finished solving parametric estimator, with in-sample MSE 3.4848041100835796
Finished solving EBCF, with in-sample MSE 0.8816142193451281
Finished training EB SURE-LS, with SURE: 0.5638627881771846
Finished training EB SURE-LS, with in-sample MSE: 0.8550853143856668
use_scale: True
use_location: False
Finished training EB misspecified with NPMLE init, with SURE: 2.792481098755953
Finished training EB misspecified with NPMLE init, with in-sample MSE: 3.120060601842788
Finished training EB misspecified, with SURE: 2.7905015201961976
Finished training EB misspecified, with in-sample MSE: 3.1128612808672704
Finished training EB wellspecified, with SURE: 0.5392485049373034
Finished training EB wellspecified, with in-sample MSE: 0.9073996635949861
m: 154
Finished solving NPMLE, with SURE 43.55469869532032
Finished solving NPMLE, with in-sample MSE 3.332200096490381
Finished solving parametric estimator, with SURE 3.369398899195332
Finished solving parametric estimator, with in-sample MSE 3.225001640969724
Finished solving EBCF, with in-sample MSE 0.8505775296570564
Finished training EB SURE-LS, with SURE: 0.6898726215620837
Finished training EB SURE-LS, with in-sample MSE: 0.8213959873943156
use_scale: True
use_location: False
Finished training EB misspecified with NPMLE init, with SURE: 2.836821940208031
Finished training EB misspecified with NPMLE init, with in-sample MSE: 2.8841426081634514
Finished training EB misspecified, with SURE: 2.83670158406543
Finished training EB misspecified, with in-sample MSE: 2.8841442279579916
Finished training EB wellspecified, with SURE: 0.6462854334655646
Finished training EB wellspecified, with in-sample MSE: 0.8212319839125726
m: 155
Finished solving NPMLE, with SURE 28.393431758399583
Finished solving NPMLE, with in-sample MSE 3.4432312302674126
Finished solving parametric estimator, with SURE 3.402845399138158
Finished solving parametric estimator, with in-sample MSE 3.421191285608306
Finished solving EBCF, with in-sample MSE 0.8825112461595934
Finished training EB SURE-LS, with SURE: 0.8351172889126798
Finished training EB SURE-LS, with in-sample MSE: 0.8160377039505406
use_scale: True
use_location: False
Finished training EB misspecified with NPMLE init, with SURE: 2.9008147768362904
Finished training EB misspecified with NPMLE init, with in-sample MSE: 2.955808193888613
Finished training EB misspecified, with SURE: 2.865263152980557
Finished training EB misspecified, with in-sample MSE: 2.9721900973855804
Finished training EB wellspecified, with SURE: 0.8060505333896666
Finished training EB wellspecified, with in-sample MSE: 0.9018703331422967
m: 156
Finished solving NPMLE, with SURE 47.62134221096348
Finished solving NPMLE, with in-sample MSE 3.4389140485006844
Finished solving parametric estimator, with SURE 3.340345821670577
Finished solving parametric estimator, with in-sample MSE 3.45587781023188
Finished solving EBCF, with in-sample MSE 0.9424565700954555
Finished training EB SURE-LS, with SURE: 0.8303972244081372
Finished training EB SURE-LS, with in-sample MSE: 0.8778502115794017
use_scale: True
use_location: False
Finished training EB misspecified with NPMLE init, with SURE: 2.8426624907669806
Finished training EB misspecified with NPMLE init, with in-sample MSE: 2.990243448378779
Finished training EB misspecified, with SURE: 2.842833811608575
Finished training EB misspecified, with in-sample MSE: 2.99040788058784
Finished training EB wellspecified, with SURE: 0.7518469602535096
Finished training EB wellspecified, with in-sample MSE: 0.9314365677816892
m: 157
Finished solving NPMLE, with SURE 45.993834285764954
Finished solving NPMLE, with in-sample MSE 3.288148681906827
Finished solving parametric estimator, with SURE 3.343669206736806
Finished solving parametric estimator, with in-sample MSE 3.1656179880718947
Finished solving EBCF, with in-sample MSE 1.3777884282853208
Finished training EB SURE-LS, with SURE: 0.6968276907023215
Finished training EB SURE-LS, with in-sample MSE: 0.893928998819293
use_scale: True
use_location: False
Finished training EB misspecified with NPMLE init, with SURE: 2.7976329905061
Finished training EB misspecified with NPMLE init, with in-sample MSE: 2.835025448435991
Finished training EB misspecified, with SURE: 2.7977029055171587
Finished training EB misspecified, with in-sample MSE: 2.8348614625347746
Finished training EB wellspecified, with SURE: 0.6729013788583156
Finished training EB wellspecified, with in-sample MSE: 0.9363007489200821
m: 158
Finished solving NPMLE, with SURE 42.34883111760624
Finished solving NPMLE, with in-sample MSE 3.522544095915615
Finished solving parametric estimator, with SURE 3.390913979270608
Finished solving parametric estimator, with in-sample MSE 3.4639205788883642
Finished solving EBCF, with in-sample MSE 0.9595392501264154
Finished training EB SURE-LS, with SURE: 0.8581399530663275
Finished training EB SURE-LS, with in-sample MSE: 0.9274865076310239
use_scale: True
use_location: False
Finished training EB misspecified with NPMLE init, with SURE: 2.9023059635746775
Finished training EB misspecified with NPMLE init, with in-sample MSE: 2.9182794180637277
Finished training EB misspecified, with SURE: 2.9017511591810554
Finished training EB misspecified, with in-sample MSE: 2.918130511104275
Finished training EB wellspecified, with SURE: 0.8051804257410825
Finished training EB wellspecified, with in-sample MSE: 1.0062187457810432
m: 159
Finished solving NPMLE, with SURE 54.42258812918854
Finished solving NPMLE, with in-sample MSE 3.4720961138038935
Finished solving parametric estimator, with SURE 3.385455656826192
Finished solving parametric estimator, with in-sample MSE 3.3286851223413163
Finished solving EBCF, with in-sample MSE 0.8457810421549044
Finished training EB SURE-LS, with SURE: 0.7962864387888289
Finished training EB SURE-LS, with in-sample MSE: 0.8049105213431667
use_scale: True
use_location: False
Finished training EB misspecified with NPMLE init, with SURE: 2.8112654460936346
Finished training EB misspecified with NPMLE init, with in-sample MSE: 2.956652077847465
Finished training EB misspecified, with SURE: 2.8111770609435642
Finished training EB misspecified, with in-sample MSE: 2.956770899098937
Finished training EB wellspecified, with SURE: 0.683982564753901
Finished training EB wellspecified, with in-sample MSE: 0.9244499438870905
m: 160
Finished solving NPMLE, with SURE 42.356820222002874
Finished solving NPMLE, with in-sample MSE 3.244599897348177
Finished solving parametric estimator, with SURE 3.3679327715651715
Finished solving parametric estimator, with in-sample MSE 3.239982235449174
Finished solving EBCF, with in-sample MSE 0.9052285512943129
Finished training EB SURE-LS, with SURE: 0.7906294230874279
Finished training EB SURE-LS, with in-sample MSE: 0.8488529318489397
use_scale: True
use_location: False
Finished training EB misspecified with NPMLE init, with SURE: 2.8806087327805447
Finished training EB misspecified with NPMLE init, with in-sample MSE: 2.8214234747070988
Finished training EB misspecified, with SURE: 2.8806688380275434
Finished training EB misspecified, with in-sample MSE: 2.8214076344437755
Finished training EB wellspecified, with SURE: 0.8399634920648181
Finished training EB wellspecified, with in-sample MSE: 0.9385744750039526
m: 161
Finished solving NPMLE, with SURE 51.07758063962786
Finished solving NPMLE, with in-sample MSE 3.4466887220170674
Finished solving parametric estimator, with SURE 3.376706531850803
Finished solving parametric estimator, with in-sample MSE 3.3712875942973226
Finished solving EBCF, with in-sample MSE 1.0083154573078785
Finished training EB SURE-LS, with SURE: 0.5863939200118341
Finished training EB SURE-LS, with in-sample MSE: 0.9548143391494758
use_scale: True
use_location: False
Finished training EB misspecified with NPMLE init, with SURE: 2.811859885235679
Finished training EB misspecified with NPMLE init, with in-sample MSE: 2.8764651819247473
Finished training EB misspecified, with SURE: 2.8114320176747
Finished training EB misspecified, with in-sample MSE: 2.877109197948712
Finished training EB wellspecified, with SURE: 0.5321914253311355
Finished training EB wellspecified, with in-sample MSE: 0.9406721386593311
m: 162
Finished solving NPMLE, with SURE 46.25804502363433
Finished solving NPMLE, with in-sample MSE 3.4591578525396733
Finished solving parametric estimator, with SURE 3.4243507037631673
Finished solving parametric estimator, with in-sample MSE 3.4463391511571797
Finished solving EBCF, with in-sample MSE 1.008481348452435
Finished training EB SURE-LS, with SURE: 0.82943553903633
Finished training EB SURE-LS, with in-sample MSE: 0.9206154026363911
use_scale: True
use_location: False
Finished training EB misspecified with NPMLE init, with SURE: 2.9128079495116066
Finished training EB misspecified with NPMLE init, with in-sample MSE: 3.032701450507095
Finished training EB misspecified, with SURE: 2.9123435225647887
Finished training EB misspecified, with in-sample MSE: 3.032412511174055
Finished training EB wellspecified, with SURE: 0.7693748404676062
Finished training EB wellspecified, with in-sample MSE: 1.038892712934659
m: 163
Finished solving NPMLE, with SURE 26.12742040563438
Finished solving NPMLE, with in-sample MSE 3.6115506762433665
Finished solving parametric estimator, with SURE 3.313151264697961
Finished solving parametric estimator, with in-sample MSE 3.5141575390408137
Finished solving EBCF, with in-sample MSE 0.9725407560713819
Finished training EB SURE-LS, with SURE: 0.955293813261244
Finished training EB SURE-LS, with in-sample MSE: 0.8737095946234871
use_scale: True
use_location: False
Finished training EB misspecified with NPMLE init, with SURE: 2.8844555771572082
Finished training EB misspecified with NPMLE init, with in-sample MSE: 3.1300569687356243
Finished training EB misspecified, with SURE: 2.883659661616338
Finished training EB misspecified, with in-sample MSE: 3.125890219617798
Finished training EB wellspecified, with SURE: 0.8876357359545142
Finished training EB wellspecified, with in-sample MSE: 0.9528479030808437
m: 164
Finished solving NPMLE, with SURE 42.438359665319865
Finished solving NPMLE, with in-sample MSE 3.407973160705688
Finished solving parametric estimator, with SURE 3.383967094167643
Finished solving parametric estimator, with in-sample MSE 3.339896335478241
Finished solving EBCF, with in-sample MSE 0.8585934232825126
Finished training EB SURE-LS, with SURE: 0.9217788761844976
Finished training EB SURE-LS, with in-sample MSE: 0.832050236693403
use_scale: True
use_location: False
Finished training EB misspecified with NPMLE init, with SURE: 2.8527396006390875
Finished training EB misspecified with NPMLE init, with in-sample MSE: 3.001903800209105
Finished training EB misspecified, with SURE: 2.8525760891068677
Finished training EB misspecified, with in-sample MSE: 3.0051331147038733
Finished training EB wellspecified, with SURE: 2.856317715103204
Finished training EB wellspecified, with in-sample MSE: 3.0033871034715656
m: 165
Finished solving NPMLE, with SURE 30.875558256355376
Finished solving NPMLE, with in-sample MSE 3.38725575795978
Finished solving parametric estimator, with SURE 3.3047878531414114
Finished solving parametric estimator, with in-sample MSE 3.321505328973631
Finished solving EBCF, with in-sample MSE 1.4762318012789704
Finished training EB SURE-LS, with SURE: 0.5537562301348176
Finished training EB SURE-LS, with in-sample MSE: 0.9031935131326232
use_scale: True
use_location: False
Finished training EB misspecified with NPMLE init, with SURE: 2.729678109372778
Finished training EB misspecified with NPMLE init, with in-sample MSE: 2.9602135671944296
Finished training EB misspecified, with SURE: 2.7298128752142157
Finished training EB misspecified, with in-sample MSE: 2.9602398039674007
Finished training EB wellspecified, with SURE: 0.5444961074022544
Finished training EB wellspecified, with in-sample MSE: 0.8957324901069122
m: 166
Finished solving NPMLE, with SURE 45.34958356183044
Finished solving NPMLE, with in-sample MSE 3.3071734579402796
Finished solving parametric estimator, with SURE 3.3656742616788202
Finished solving parametric estimator, with in-sample MSE 3.395061715351513
Finished solving EBCF, with in-sample MSE 1.483204418815622
Finished training EB SURE-LS, with SURE: 0.8327103550372033
Finished training EB SURE-LS, with in-sample MSE: 0.8545087127588178
use_scale: True
use_location: False
Finished training EB misspecified with NPMLE init, with SURE: 2.83700730341287
Finished training EB misspecified with NPMLE init, with in-sample MSE: 3.010239926102607
Finished training EB misspecified, with SURE: 2.8367141354851526
Finished training EB misspecified, with in-sample MSE: 3.010670529076488
Finished training EB wellspecified, with SURE: 0.7427282465619383
Finished training EB wellspecified, with in-sample MSE: 0.9697820838115083
m: 167
Finished solving NPMLE, with SURE 34.778525998509394
Finished solving NPMLE, with in-sample MSE 3.5025790728282766
Finished solving parametric estimator, with SURE 3.3657428850358198
Finished solving parametric estimator, with in-sample MSE 3.473946028478335
Finished solving EBCF, with in-sample MSE 0.9647405750959998
Finished training EB SURE-LS, with SURE: 0.8468900359277995
Finished training EB SURE-LS, with in-sample MSE: 0.8685971896779698
use_scale: True
use_location: False
Finished training EB misspecified with NPMLE init, with SURE: 2.865294741601592
Finished training EB misspecified with NPMLE init, with in-sample MSE: 3.0426970049165685
Finished training EB misspecified, with SURE: 2.8650300244227846
Finished training EB misspecified, with in-sample MSE: 3.0424209112103697
Finished training EB wellspecified, with SURE: 0.8198554340765776
Finished training EB wellspecified, with in-sample MSE: 0.8943483740864732
m: 168
Finished solving NPMLE, with SURE 47.88597079390991
Finished solving NPMLE, with in-sample MSE 3.2904293798505324
Finished solving parametric estimator, with SURE 3.418691734990421
Finished solving parametric estimator, with in-sample MSE 3.200339589580803
Finished solving EBCF, with in-sample MSE 0.9078006859701245
Finished training EB SURE-LS, with SURE: 0.6626158381048164
Finished training EB SURE-LS, with in-sample MSE: 0.8565359060671257
use_scale: True
use_location: False
Finished training EB misspecified with NPMLE init, with SURE: 2.908538069158827
Finished training EB misspecified with NPMLE init, with in-sample MSE: 2.738470280697661
Finished training EB misspecified, with SURE: 2.9082826742337216
Finished training EB misspecified, with in-sample MSE: 2.7383688411338243
Finished training EB wellspecified, with SURE: 0.6171442271752645
Finished training EB wellspecified, with in-sample MSE: 0.8872840239733212
m: 169
Finished solving NPMLE, with SURE 45.82538971554099
Finished solving NPMLE, with in-sample MSE 3.3097637566353253
Finished solving parametric estimator, with SURE 3.2760811092653466
Finished solving parametric estimator, with in-sample MSE 3.237526365199062
Finished solving EBCF, with in-sample MSE 0.9419611764698177
Finished training EB SURE-LS, with SURE: 0.7082503415560993
Finished training EB SURE-LS, with in-sample MSE: 0.8542397963139918
use_scale: True
use_location: False
Finished training EB misspecified with NPMLE init, with SURE: 2.7099400109335603
Finished training EB misspecified with NPMLE init, with in-sample MSE: 2.93725875680839
Finished training EB misspecified, with SURE: 2.709903832848072
Finished training EB misspecified, with in-sample MSE: 2.93742456044142
Finished training EB wellspecified, with SURE: 0.6440081273467493
Finished training EB wellspecified, with in-sample MSE: 0.9290988783658972
m: 170
Finished solving NPMLE, with SURE 29.34960415057104
Finished solving NPMLE, with in-sample MSE 3.4708779347115097
Finished solving parametric estimator, with SURE 3.3700724548588976
Finished solving parametric estimator, with in-sample MSE 3.4109072093611275
Finished solving EBCF, with in-sample MSE 1.3767338036189778
Finished training EB SURE-LS, with SURE: 0.9148263000444498
Finished training EB SURE-LS, with in-sample MSE: 0.8768335141548173
use_scale: True
use_location: False
Finished training EB misspecified with NPMLE init, with SURE: 2.865530987325475
Finished training EB misspecified with NPMLE init, with in-sample MSE: 3.101310576024174
Finished training EB misspecified, with SURE: 2.8656377584091524
Finished training EB misspecified, with in-sample MSE: 3.100847803943913
Finished training EB wellspecified, with SURE: 0.8513314769886321
Finished training EB wellspecified, with in-sample MSE: 0.9093533757827745
m: 171
Finished solving NPMLE, with SURE 46.11431621771201
Finished solving NPMLE, with in-sample MSE 3.336391267212414
Finished solving parametric estimator, with SURE 3.3306173622778346
Finished solving parametric estimator, with in-sample MSE 3.3069745636589682
Finished solving EBCF, with in-sample MSE 0.8891659783993562
Finished training EB SURE-LS, with SURE: 0.817244629275989
Finished training EB SURE-LS, with in-sample MSE: 0.8006547277280208
use_scale: True
use_location: False
Finished training EB misspecified with NPMLE init, with SURE: 2.855290543397091
Finished training EB misspecified with NPMLE init, with in-sample MSE: 2.8724035822598886
Finished training EB misspecified, with SURE: 2.855487781229366
Finished training EB misspecified, with in-sample MSE: 2.871979119816118
Finished training EB wellspecified, with SURE: 0.7947917187044568
Finished training EB wellspecified, with in-sample MSE: 0.8055087503146495
m: 172
Finished solving NPMLE, with SURE 32.38083761042
Finished solving NPMLE, with in-sample MSE 3.4575292847321735
Finished solving parametric estimator, with SURE 3.372703707202049
Finished solving parametric estimator, with in-sample MSE 3.3288034614472424
Finished solving EBCF, with in-sample MSE 0.8770105998923319
Finished training EB SURE-LS, with SURE: 0.9180828526602147
Finished training EB SURE-LS, with in-sample MSE: 0.839252868716335
use_scale: True
use_location: False
Finished training EB misspecified with NPMLE init, with SURE: 2.823242427819602
Finished training EB misspecified with NPMLE init, with in-sample MSE: 2.965313324884722
Finished training EB misspecified, with SURE: 2.8235028861479354
Finished training EB misspecified, with in-sample MSE: 2.9656488509271077
Finished training EB wellspecified, with SURE: 0.9076827725637636
Finished training EB wellspecified, with in-sample MSE: 0.8867284220724343
m: 173
Finished solving NPMLE, with SURE 43.187655534948775
Finished solving NPMLE, with in-sample MSE 3.615211396870372
Finished solving parametric estimator, with SURE 3.322297538052889
Finished solving parametric estimator, with in-sample MSE 3.6092472876557053
Finished solving EBCF, with in-sample MSE 1.0667223274853765
Finished training EB SURE-LS, with SURE: 0.7430246046331301
Finished training EB SURE-LS, with in-sample MSE: 1.032872529610725
use_scale: True
use_location: False
Finished training EB misspecified with NPMLE init, with SURE: 2.8242031683448
Finished training EB misspecified with NPMLE init, with in-sample MSE: 3.0818411974163764
Finished training EB misspecified, with SURE: 2.8243932859917416
Finished training EB misspecified, with in-sample MSE: 3.081929007982063
Finished training EB wellspecified, with SURE: 0.5468963160719146
Finished training EB wellspecified, with in-sample MSE: 1.1467043660624676
m: 174
Finished solving NPMLE, with SURE 49.10888603085927
Finished solving NPMLE, with in-sample MSE 3.8152235230603755
Finished solving parametric estimator, with SURE 3.3674675563889753
Finished solving parametric estimator, with in-sample MSE 3.691649932491194
Finished solving EBCF, with in-sample MSE 1.4680259041363173
Finished training EB SURE-LS, with SURE: 0.9657803172753703
Finished training EB SURE-LS, with in-sample MSE: 0.9343330228221093
use_scale: True
use_location: False
Finished training EB misspecified with NPMLE init, with SURE: 2.8511464279245518
Finished training EB misspecified with NPMLE init, with in-sample MSE: 3.2720066737203917
Finished training EB misspecified, with SURE: 2.8506032405215063
Finished training EB misspecified, with in-sample MSE: 3.272147235933933
Finished training EB wellspecified, with SURE: 0.8051084770604642
Finished training EB wellspecified, with in-sample MSE: 1.0469092932106174
m: 175
Finished solving NPMLE, with SURE 36.870344431862456
Finished solving NPMLE, with in-sample MSE 3.6408460084821015
Finished solving parametric estimator, with SURE 3.428709472632381
Finished solving parametric estimator, with in-sample MSE 3.5028048633742355
Finished solving EBCF, with in-sample MSE 1.3971705766416687
Finished training EB SURE-LS, with SURE: 0.8634267198711321
Finished training EB SURE-LS, with in-sample MSE: 0.8405185597935533
use_scale: True
use_location: False
Finished training EB misspecified with NPMLE init, with SURE: 2.9690912438743577
Finished training EB misspecified with NPMLE init, with in-sample MSE: 3.0026785900355413
Finished training EB misspecified, with SURE: 2.9692808426933746
Finished training EB misspecified, with in-sample MSE: 3.00333138475137
Finished training EB wellspecified, with SURE: 0.8247445272784565
Finished training EB wellspecified, with in-sample MSE: 0.8475624485480318
m: 176
Finished solving NPMLE, with SURE 23.38189427211104
Finished solving NPMLE, with in-sample MSE 3.4811575938582444
Finished solving parametric estimator, with SURE 3.3588262860733495
Finished solving parametric estimator, with in-sample MSE 3.3863215899591648
Finished solving EBCF, with in-sample MSE 0.9975750165072672
Finished training EB SURE-LS, with SURE: 0.828647536281939
Finished training EB SURE-LS, with in-sample MSE: 0.9427422777763448
use_scale: True
use_location: False
Finished training EB misspecified with NPMLE init, with SURE: 2.8418253434347673
Finished training EB misspecified with NPMLE init, with in-sample MSE: 2.95391664316214
Finished training EB misspecified, with SURE: 2.7609706631158066
Finished training EB misspecified, with in-sample MSE: 3.0634826162649205
Finished training EB wellspecified, with SURE: 2.854858320068737
Finished training EB wellspecified, with in-sample MSE: 2.959210025816455
m: 177
Finished solving NPMLE, with SURE 37.42574941424028
Finished solving NPMLE, with in-sample MSE 3.5174781034935974
Finished solving parametric estimator, with SURE 3.36995191764718
Finished solving parametric estimator, with in-sample MSE 3.4619214999677337
Finished solving EBCF, with in-sample MSE 0.9244315612597053
Finished training EB SURE-LS, with SURE: 0.8615925108973227
Finished training EB SURE-LS, with in-sample MSE: 0.8499207280037072
use_scale: True
use_location: False
Finished training EB misspecified with NPMLE init, with SURE: 2.891941833196962
Finished training EB misspecified with NPMLE init, with in-sample MSE: 2.9691942605428716
Finished training EB misspecified, with SURE: 2.889896539756047
Finished training EB misspecified, with in-sample MSE: 2.972208554656701
Finished training EB wellspecified, with SURE: 0.7231599813189528
Finished training EB wellspecified, with in-sample MSE: 0.9827998135072845
m: 178
Finished solving NPMLE, with SURE 35.9282629904527
Finished solving NPMLE, with in-sample MSE 3.327937689618413
Finished solving parametric estimator, with SURE 3.3572790165909234
Finished solving parametric estimator, with in-sample MSE 3.3012843665448046
Finished solving EBCF, with in-sample MSE 0.9469694232733488
Finished training EB SURE-LS, with SURE: 0.6836326262170416
Finished training EB SURE-LS, with in-sample MSE: 0.9098811723711714
use_scale: True
use_location: False
Finished training EB misspecified with NPMLE init, with SURE: 2.8424664707697254
Finished training EB misspecified with NPMLE init, with in-sample MSE: 2.9605557077724187
Finished training EB misspecified, with SURE: 2.8426439913955677
Finished training EB misspecified, with in-sample MSE: 2.960222083138673
Finished training EB wellspecified, with SURE: 0.7105062450121784
Finished training EB wellspecified, with in-sample MSE: 1.0736804505398185
m: 179
Finished solving NPMLE, with SURE 24.73511862502717
Finished solving NPMLE, with in-sample MSE 3.408175030469966
Finished solving parametric estimator, with SURE 3.3541666737592712
Finished solving parametric estimator, with in-sample MSE 3.317823112134952
Finished solving EBCF, with in-sample MSE 0.903190085431936
Finished training EB SURE-LS, with SURE: 0.7867395601022539
Finished training EB SURE-LS, with in-sample MSE: 0.8607403501935225
use_scale: True
use_location: False
Finished training EB misspecified with NPMLE init, with SURE: 2.868693939145196
Finished training EB misspecified with NPMLE init, with in-sample MSE: 2.8414993258585417
Finished training EB misspecified, with SURE: 2.8672431283952107
Finished training EB misspecified, with in-sample MSE: 2.840628307939415
Finished training EB wellspecified, with SURE: 0.7273566983415352
Finished training EB wellspecified, with in-sample MSE: 0.8983495738513066
m: 180
Finished solving NPMLE, with SURE 47.626608287738016
Finished solving NPMLE, with in-sample MSE 3.487463190343309
Finished solving parametric estimator, with SURE 3.4206867049548104
Finished solving parametric estimator, with in-sample MSE 3.3859692594089625
Finished solving EBCF, with in-sample MSE 1.4432897021802784
Finished training EB SURE-LS, with SURE: 0.8179140128725603
Finished training EB SURE-LS, with in-sample MSE: 0.9222312006901757
use_scale: True
use_location: False
Finished training EB misspecified with NPMLE init, with SURE: 2.804918609375324
Finished training EB misspecified with NPMLE init, with in-sample MSE: 3.0601682850202416
Finished training EB misspecified, with SURE: 2.8048918602194126
Finished training EB misspecified, with in-sample MSE: 3.060874692212561
Finished training EB wellspecified, with SURE: 2.8092203376761047
Finished training EB wellspecified, with in-sample MSE: 3.0606927911469963
m: 181
Finished solving NPMLE, with SURE 44.58411341056318
Finished solving NPMLE, with in-sample MSE 3.3879586013327825
Finished solving parametric estimator, with SURE 3.3312611433092867
Finished solving parametric estimator, with in-sample MSE 3.478585022369109
Finished solving EBCF, with in-sample MSE 0.934024572240479
Finished training EB SURE-LS, with SURE: 0.6964545917777712
Finished training EB SURE-LS, with in-sample MSE: 0.8936877257534421
use_scale: True
use_location: False
Finished training EB misspecified with NPMLE init, with SURE: 2.676265066694104
Finished training EB misspecified with NPMLE init, with in-sample MSE: 3.025645453930654
Finished training EB misspecified, with SURE: 2.676231960008569
Finished training EB misspecified, with in-sample MSE: 3.0263398487296103
Finished training EB wellspecified, with SURE: 0.6002419255981138
Finished training EB wellspecified, with in-sample MSE: 0.9708319478938467
m: 182
Finished solving NPMLE, with SURE 38.96464573777684
Finished solving NPMLE, with in-sample MSE 3.5786424823335183
Finished solving parametric estimator, with SURE 3.370100750809653
Finished solving parametric estimator, with in-sample MSE 3.502197496184054
Finished solving EBCF, with in-sample MSE 0.975176425926913
Finished training EB SURE-LS, with SURE: 0.9059474552585468
Finished training EB SURE-LS, with in-sample MSE: 0.956254897345437
use_scale: True
use_location: False
Finished training EB misspecified with NPMLE init, with SURE: 2.8686858364392265
Finished training EB misspecified with NPMLE init, with in-sample MSE: 3.1373786780931927
Finished training EB misspecified, with SURE: 2.868865041282286
Finished training EB misspecified, with in-sample MSE: 3.1362873465330283
Finished training EB wellspecified, with SURE: 0.8191340695848065
Finished training EB wellspecified, with in-sample MSE: 0.9390815043044926
m: 183
Finished solving NPMLE, with SURE 41.90932806164539
Finished solving NPMLE, with in-sample MSE 3.6122382411953606
Finished solving parametric estimator, with SURE 3.358227540359403
Finished solving parametric estimator, with in-sample MSE 3.5390596658804405
Finished solving EBCF, with in-sample MSE 0.9138877470756114
Finished training EB SURE-LS, with SURE: 0.8199171623303848
Finished training EB SURE-LS, with in-sample MSE: 0.8796341370045291
use_scale: True
use_location: False
Finished training EB misspecified with NPMLE init, with SURE: 2.856046042112512
Finished training EB misspecified with NPMLE init, with in-sample MSE: 3.056763578790612
Finished training EB misspecified, with SURE: 2.8522918348067527
Finished training EB misspecified, with in-sample MSE: 3.051235160161929
Finished training EB wellspecified, with SURE: 0.8513508004456801
Finished training EB wellspecified, with in-sample MSE: 0.9025657225546179
m: 184
Finished solving NPMLE, with SURE 35.30099339926255
Finished solving NPMLE, with in-sample MSE 3.7553496812911775
Finished solving parametric estimator, with SURE 3.3973044123145977
Finished solving parametric estimator, with in-sample MSE 3.612136778531795
Finished solving EBCF, with in-sample MSE 1.4685594132827444
Finished training EB SURE-LS, with SURE: 1.0337783852796252
Finished training EB SURE-LS, with in-sample MSE: 0.8921224048494817
use_scale: True
use_location: False
Finished training EB misspecified with NPMLE init, with SURE: 2.9345670758437157
Finished training EB misspecified with NPMLE init, with in-sample MSE: 3.119194536088063
Finished training EB misspecified, with SURE: 2.928728274521716
Finished training EB misspecified, with in-sample MSE: 3.1119158219804626
Finished training EB wellspecified, with SURE: 0.9771075941043225
Finished training EB wellspecified, with in-sample MSE: 0.9537807395550274
m: 185
Finished solving NPMLE, with SURE 35.972650222592804
Finished solving NPMLE, with in-sample MSE 3.3623084750218895
Finished solving parametric estimator, with SURE 3.3359535677249657
Finished solving parametric estimator, with in-sample MSE 3.38382312208532
Finished solving EBCF, with in-sample MSE 0.9211358695740437
Finished training EB SURE-LS, with SURE: 0.8514972087245832
Finished training EB SURE-LS, with in-sample MSE: 0.8810485105845249
use_scale: True
use_location: False
Finished training EB misspecified with NPMLE init, with SURE: 2.813954375543598
Finished training EB misspecified with NPMLE init, with in-sample MSE: 2.8396222037903653
Finished training EB misspecified, with SURE: 2.8126679894860014
Finished training EB misspecified, with in-sample MSE: 2.8435780890590587
Finished training EB wellspecified, with SURE: 0.8560521882643746
Finished training EB wellspecified, with in-sample MSE: 0.9549182354052625
m: 186
Finished solving NPMLE, with SURE 42.857075257522744
Finished solving NPMLE, with in-sample MSE 3.4336221020418183
Finished solving parametric estimator, with SURE 3.3019139347477653
Finished solving parametric estimator, with in-sample MSE 3.3754577343165995
Finished solving EBCF, with in-sample MSE 0.9133366682440386
Finished training EB SURE-LS, with SURE: 0.885788957333246
Finished training EB SURE-LS, with in-sample MSE: 0.8760249775272814
use_scale: True
use_location: False
Finished training EB misspecified with NPMLE init, with SURE: 2.761152085533748
Finished training EB misspecified with NPMLE init, with in-sample MSE: 3.009290450385746
Finished training EB misspecified, with SURE: 2.760928730004348
Finished training EB misspecified, with in-sample MSE: 3.009939925625905
Finished training EB wellspecified, with SURE: 0.8499900823628462
Finished training EB wellspecified, with in-sample MSE: 0.8880433151159817
m: 187
Finished solving NPMLE, with SURE 59.4300614514601
Finished solving NPMLE, with in-sample MSE 3.266144468886004
Finished solving parametric estimator, with SURE 3.3615316242337903
Finished solving parametric estimator, with in-sample MSE 3.229568936870013
Finished solving EBCF, with in-sample MSE 1.3722362571517295
Finished training EB SURE-LS, with SURE: 0.389286597110593
Finished training EB SURE-LS, with in-sample MSE: 1.0066541285449278
use_scale: True
use_location: False
Finished training EB misspecified with NPMLE init, with SURE: 2.6754151672927895
Finished training EB misspecified with NPMLE init, with in-sample MSE: 2.8911539998326945
Finished training EB misspecified, with SURE: 2.675388057769712
Finished training EB misspecified, with in-sample MSE: 2.8899984487677512
Finished training EB wellspecified, with SURE: 0.2899923509466873
Finished training EB wellspecified, with in-sample MSE: 0.9249414487315221
m: 188
Finished solving NPMLE, with SURE 31.38946991252163
Finished solving NPMLE, with in-sample MSE 3.634949658321596
Finished solving parametric estimator, with SURE 3.3393339130789417
Finished solving parametric estimator, with in-sample MSE 3.459034165149898
Finished solving EBCF, with in-sample MSE 0.8937602566245346
Finished training EB SURE-LS, with SURE: 0.8059611240027132
Finished training EB SURE-LS, with in-sample MSE: 0.8477100997854738
use_scale: True
use_location: False
Finished training EB misspecified with NPMLE init, with SURE: 2.6764139594552923
Finished training EB misspecified with NPMLE init, with in-sample MSE: 3.1102294658514404
Finished training EB misspecified, with SURE: 2.6760073760423144
Finished training EB misspecified, with in-sample MSE: 3.0941355072747148
Finished training EB wellspecified, with SURE: 0.7780464929796392
Finished training EB wellspecified, with in-sample MSE: 0.9146570686328619
m: 189
Finished solving NPMLE, with SURE 44.12565789502088
Finished solving NPMLE, with in-sample MSE 3.441451742946551
Finished solving parametric estimator, with SURE 3.3401445586539453
Finished solving parametric estimator, with in-sample MSE 3.4188882349049634
Finished solving EBCF, with in-sample MSE 0.9958078791493994
Finished training EB SURE-LS, with SURE: 0.6842555293624071
Finished training EB SURE-LS, with in-sample MSE: 0.9058093614025278
use_scale: True
use_location: False
Finished training EB misspecified with NPMLE init, with SURE: 2.825786645451568
Finished training EB misspecified with NPMLE init, with in-sample MSE: 2.9333779667916264
Finished training EB misspecified, with SURE: 2.8257553135369493
Finished training EB misspecified, with in-sample MSE: 2.933486462133051
Finished training EB wellspecified, with SURE: 0.6536216543084998
Finished training EB wellspecified, with in-sample MSE: 0.8845822264179728
m: 190
Finished solving NPMLE, with SURE 30.50191642171368
Finished solving NPMLE, with in-sample MSE 3.3094249202913097
Finished solving parametric estimator, with SURE 3.4371672523632713
Finished solving parametric estimator, with in-sample MSE 3.2107210839414364
Finished solving EBCF, with in-sample MSE 0.9370846308011783
Finished training EB SURE-LS, with SURE: 0.8565457318572086
Finished training EB SURE-LS, with in-sample MSE: 0.855018260386542
use_scale: True
use_location: False
Finished training EB misspecified with NPMLE init, with SURE: 2.9978273111404974
Finished training EB misspecified with NPMLE init, with in-sample MSE: 2.825407725769953
Finished training EB misspecified, with SURE: 2.997947620436286
Finished training EB misspecified, with in-sample MSE: 2.8253767001371024
Finished training EB wellspecified, with SURE: 0.8523471264105765
Finished training EB wellspecified, with in-sample MSE: 0.869805027694579
m: 191
Finished solving NPMLE, with SURE 56.98550970404357
Finished solving NPMLE, with in-sample MSE 3.548813827437432
Finished solving parametric estimator, with SURE 3.3689213644390796
Finished solving parametric estimator, with in-sample MSE 3.472172426285409
Finished solving EBCF, with in-sample MSE 0.9272797830669053
Finished training EB SURE-LS, with SURE: 0.8818136242001705
Finished training EB SURE-LS, with in-sample MSE: 0.8257065025325175
use_scale: True
use_location: False
Finished training EB misspecified with NPMLE init, with SURE: 2.832042721084332
Finished training EB misspecified with NPMLE init, with in-sample MSE: 2.995990304446159
Finished training EB misspecified, with SURE: 2.832163851657916
Finished training EB misspecified, with in-sample MSE: 2.9961096784733705
Finished training EB wellspecified, with SURE: 0.8745983359106666
Finished training EB wellspecified, with in-sample MSE: 0.8560482353778643
m: 192
Finished solving NPMLE, with SURE 53.88399722779637
Finished solving NPMLE, with in-sample MSE 3.515307990828673
Finished solving parametric estimator, with SURE 3.3347074639787557
Finished solving parametric estimator, with in-sample MSE 3.3693607167035013
Finished solving EBCF, with in-sample MSE 0.839067705076657
Finished training EB SURE-LS, with SURE: 0.7836538774440687
Finished training EB SURE-LS, with in-sample MSE: 0.8120589717450222
use_scale: True
use_location: False
Finished training EB misspecified with NPMLE init, with SURE: 2.7645189991974535
Finished training EB misspecified with NPMLE init, with in-sample MSE: 3.0248955152217167
Finished training EB misspecified, with SURE: 2.7645298595156573
Finished training EB misspecified, with in-sample MSE: 3.0257218117623905
Finished training EB wellspecified, with SURE: 0.7945912187804394
Finished training EB wellspecified, with in-sample MSE: 0.8945929523755012
m: 193
Finished solving NPMLE, with SURE 35.2098149818882
Finished solving NPMLE, with in-sample MSE 3.570475906614186
Finished solving parametric estimator, with SURE 3.249759965383279
Finished solving parametric estimator, with in-sample MSE 3.537480416147571
Finished solving EBCF, with in-sample MSE 0.9363851491899755
Finished training EB SURE-LS, with SURE: 0.8676274390101122
Finished training EB SURE-LS, with in-sample MSE: 0.8663663980256328
use_scale: True
use_location: False
Finished training EB misspecified with NPMLE init, with SURE: 2.7759544733266024
Finished training EB misspecified with NPMLE init, with in-sample MSE: 3.006196501922038
Finished training EB misspecified, with SURE: 2.7759751306714384
Finished training EB misspecified, with in-sample MSE: 3.0062499226811195
Finished training EB wellspecified, with SURE: 0.8016587355020207
Finished training EB wellspecified, with in-sample MSE: 0.9676108008840505
m: 194
Finished solving NPMLE, with SURE 40.219496428385156
Finished solving NPMLE, with in-sample MSE 3.61353741366723
Finished solving parametric estimator, with SURE 3.4145681715258327
Finished solving parametric estimator, with in-sample MSE 3.531818953629986
Finished solving EBCF, with in-sample MSE 0.9040507291473153
Finished training EB SURE-LS, with SURE: 0.9564633136000537
Finished training EB SURE-LS, with in-sample MSE: 0.8209566527816499
use_scale: True
use_location: False
Finished training EB misspecified with NPMLE init, with SURE: 2.9380106868104225
Finished training EB misspecified with NPMLE init, with in-sample MSE: 3.0030997830732273
Finished training EB misspecified, with SURE: 2.9375131102269063
Finished training EB misspecified, with in-sample MSE: 3.002938950869642
Finished training EB wellspecified, with SURE: 0.9561554083877191
Finished training EB wellspecified, with in-sample MSE: 0.8273339959267374
m: 195
Finished solving NPMLE, with SURE 41.48892223201385
Finished solving NPMLE, with in-sample MSE 3.590681254113227
Finished solving parametric estimator, with SURE 3.4370324123755447
Finished solving parametric estimator, with in-sample MSE 3.5447084341880095
Finished solving EBCF, with in-sample MSE 0.983122404534195
Finished training EB SURE-LS, with SURE: 0.8884139203795459
Finished training EB SURE-LS, with in-sample MSE: 0.9171237550493845
use_scale: True
use_location: False
Finished training EB misspecified with NPMLE init, with SURE: 2.873042780042595
Finished training EB misspecified with NPMLE init, with in-sample MSE: 3.035337693078424
Finished training EB misspecified, with SURE: 2.8725844451032017
Finished training EB misspecified, with in-sample MSE: 3.034124042863252
Finished training EB wellspecified, with SURE: 0.877835077699688
Finished training EB wellspecified, with in-sample MSE: 0.9378100946767804
m: 196
Finished solving NPMLE, with SURE 35.495514963331054
Finished solving NPMLE, with in-sample MSE 3.5141816356126285
Finished solving parametric estimator, with SURE 3.3910315007601834
Finished solving parametric estimator, with in-sample MSE 3.4858263097297755
Finished solving EBCF, with in-sample MSE 0.954930771686193
Finished training EB SURE-LS, with SURE: 0.9646546858438242
Finished training EB SURE-LS, with in-sample MSE: 0.9534087550008996
use_scale: True
use_location: False
Finished training EB misspecified with NPMLE init, with SURE: 2.896492159848026
Finished training EB misspecified with NPMLE init, with in-sample MSE: 3.050078061076955
Finished training EB misspecified, with SURE: 2.8965446508892514
Finished training EB misspecified, with in-sample MSE: 3.046835489520841
Finished training EB wellspecified, with SURE: 0.892606333090405
Finished training EB wellspecified, with in-sample MSE: 0.9062707116181113
m: 197
Finished solving NPMLE, with SURE 43.24396627399697
Finished solving NPMLE, with in-sample MSE 3.336039514833045
Finished solving parametric estimator, with SURE 3.33854821360595
Finished solving parametric estimator, with in-sample MSE 3.283830151778684
Finished solving EBCF, with in-sample MSE 0.8934177419143825
Finished training EB SURE-LS, with SURE: 0.6896344686247861
Finished training EB SURE-LS, with in-sample MSE: 0.8934057099625862
use_scale: True
use_location: False
Finished training EB misspecified with NPMLE init, with SURE: 2.7693588175423507
Finished training EB misspecified with NPMLE init, with in-sample MSE: 2.9481615725713253
Finished training EB misspecified, with SURE: 2.7693104346383928
Finished training EB misspecified, with in-sample MSE: 2.9484975078936526
Finished training EB wellspecified, with SURE: 0.6080694377115676
Finished training EB wellspecified, with in-sample MSE: 0.9428359656637341
m: 198
Finished solving NPMLE, with SURE 46.69062586352851
Finished solving NPMLE, with in-sample MSE 3.480334984789744
Finished solving parametric estimator, with SURE 3.294153800727328
Finished solving parametric estimator, with in-sample MSE 3.407169628378166
Finished solving EBCF, with in-sample MSE 1.045427316968384
Finished training EB SURE-LS, with SURE: 0.5383575967657395
Finished training EB SURE-LS, with in-sample MSE: 0.9759180145803485
use_scale: True
use_location: False
Finished training EB misspecified with NPMLE init, with SURE: 2.643338430172645
Finished training EB misspecified with NPMLE init, with in-sample MSE: 3.0437908961687143
Finished training EB misspecified, with SURE: 2.6412534074203142
Finished training EB misspecified, with in-sample MSE: 3.0415644578305927
Finished training EB wellspecified, with SURE: 0.5393985656646011
Finished training EB wellspecified, with in-sample MSE: 0.9845702679907427
m: 199
Finished solving NPMLE, with SURE 27.758075471303506
Finished solving NPMLE, with in-sample MSE 3.379372380004696
Finished solving parametric estimator, with SURE 3.390191749914679
Finished solving parametric estimator, with in-sample MSE 3.340947578936784
Finished solving EBCF, with in-sample MSE 0.8682000694069535
Finished training EB SURE-LS, with SURE: 0.9340910795048426
Finished training EB SURE-LS, with in-sample MSE: 0.8236561626687456
use_scale: True
use_location: False
Finished training EB misspecified with NPMLE init, with SURE: 2.9424728067983006
Finished training EB misspecified with NPMLE init, with in-sample MSE: 2.9115513223597187
Finished training EB misspecified, with SURE: 2.9424496036314443
Finished training EB misspecified, with in-sample MSE: 2.9115416035579296
Finished training EB wellspecified, with SURE: 0.839655472906664
Finished training EB wellspecified, with in-sample MSE: 0.9301428106765143

n: 3200
m: 150
Finished solving NPMLE, with SURE 48.27287708764604
Finished solving NPMLE, with in-sample MSE 3.4955207365227245
Finished solving parametric estimator, with SURE 3.4145580909779634
Finished solving parametric estimator, with in-sample MSE 3.4414928550885815
Finished solving EBCF, with in-sample MSE 0.8819828295010893
Finished training EB SURE-LS, with SURE: 0.9103470296427629
Finished training EB SURE-LS, with in-sample MSE: 0.8694037669907576
use_scale: True
use_location: False
Finished training EB misspecified with NPMLE init, with SURE: 2.9021034416915246
Finished training EB misspecified with NPMLE init, with in-sample MSE: 3.0322782904227212
Finished training EB misspecified, with SURE: 2.9003741951638804
Finished training EB misspecified, with in-sample MSE: 3.030375343886897
Finished training EB wellspecified, with SURE: 0.8761276364505574
Finished training EB wellspecified, with in-sample MSE: 0.8605347679968024
m: 151
Finished solving NPMLE, with SURE 44.04418866653181
Finished solving NPMLE, with in-sample MSE 3.483265841822367
Finished solving parametric estimator, with SURE 3.380007351554347
Finished solving parametric estimator, with in-sample MSE 3.416772375873809
Finished solving EBCF, with in-sample MSE 0.8726998491363733
Finished training EB SURE-LS, with SURE: 0.8963001011382589
Finished training EB SURE-LS, with in-sample MSE: 0.8875419722461351
use_scale: True
use_location: False
Finished training EB misspecified with NPMLE init, with SURE: 2.891274671312463
Finished training EB misspecified with NPMLE init, with in-sample MSE: 3.0148109140123864
Finished training EB misspecified, with SURE: 2.8911311946685787
Finished training EB misspecified, with in-sample MSE: 3.0121329588567813
Finished training EB wellspecified, with SURE: 0.785738413713527
Finished training EB wellspecified, with in-sample MSE: 0.8854691108752563
m: 152
Finished solving NPMLE, with SURE 33.25339361259931
Finished solving NPMLE, with in-sample MSE 3.362124664281138
Finished solving parametric estimator, with SURE 3.3604267143331805
Finished solving parametric estimator, with in-sample MSE 3.298785937935217
Finished solving EBCF, with in-sample MSE 0.8701377223169681
Finished training EB SURE-LS, with SURE: 0.858610377019857
Finished training EB SURE-LS, with in-sample MSE: 0.8248226774667897
use_scale: True
use_location: False
Finished training EB misspecified with NPMLE init, with SURE: 2.883331719009135
Finished training EB misspecified with NPMLE init, with in-sample MSE: 2.853759482882505
Finished training EB misspecified, with SURE: 2.88351917344502
Finished training EB misspecified, with in-sample MSE: 2.8542249284980876
Finished training EB wellspecified, with SURE: 0.8453531881838651
Finished training EB wellspecified, with in-sample MSE: 0.8236008659105427
m: 153
Finished solving NPMLE, with SURE 57.41547873519124
Finished solving NPMLE, with in-sample MSE 3.29094649270499
Finished solving parametric estimator, with SURE 3.3545823057125457
Finished solving parametric estimator, with in-sample MSE 3.2082740794980213
Finished solving EBCF, with in-sample MSE 0.8796196176666278
Finished training EB SURE-LS, with SURE: 0.6970452153571927
Finished training EB SURE-LS, with in-sample MSE: 0.8474395830120591
use_scale: True
use_location: False
Finished training EB misspecified with NPMLE init, with SURE: 2.7962330236554727
Finished training EB misspecified with NPMLE init, with in-sample MSE: 2.874940762687298
Finished training EB misspecified, with SURE: 2.79598311942255
Finished training EB misspecified, with in-sample MSE: 2.875042224009021
Finished training EB wellspecified, with SURE: 0.6357033116501136
Finished training EB wellspecified, with in-sample MSE: 0.8755598674516153
m: 154
Finished solving NPMLE, with SURE 52.048916135463244
Finished solving NPMLE, with in-sample MSE 3.23718553454944
Finished solving parametric estimator, with SURE 3.3551629586886365
Finished solving parametric estimator, with in-sample MSE 3.1757647908949242
Finished solving EBCF, with in-sample MSE 0.8862018917850751
Finished training EB SURE-LS, with SURE: 0.621720803055273
Finished training EB SURE-LS, with in-sample MSE: 0.8390854727269113
use_scale: True
use_location: False
Finished training EB misspecified with NPMLE init, with SURE: 2.8487948601299116
Finished training EB misspecified with NPMLE init, with in-sample MSE: 2.8423327050583476
Finished training EB misspecified, with SURE: 2.848614866780714
Finished training EB misspecified, with in-sample MSE: 2.842108855366017
Finished training EB wellspecified, with SURE: 0.6056269641480839
Finished training EB wellspecified, with in-sample MSE: 0.8346796134160627
m: 155
Finished solving NPMLE, with SURE 39.188414804596036
Finished solving NPMLE, with in-sample MSE 3.3583061686874482
Finished solving parametric estimator, with SURE 3.3273402504411957
Finished solving parametric estimator, with in-sample MSE 3.293681971506674
Finished solving EBCF, with in-sample MSE 0.8641428457519058
Finished training EB SURE-LS, with SURE: 0.8932063698693976
Finished training EB SURE-LS, with in-sample MSE: 0.8319505454320111
use_scale: True
use_location: False
Finished training EB misspecified with NPMLE init, with SURE: 2.831331337739608
Finished training EB misspecified with NPMLE init, with in-sample MSE: 2.9713529695101504
Finished training EB misspecified, with SURE: 2.823441811752695
Finished training EB misspecified, with in-sample MSE: 2.960870017943886
Finished training EB wellspecified, with SURE: 0.8720557169986829
Finished training EB wellspecified, with in-sample MSE: 0.8325043910909079
m: 156
Finished solving NPMLE, with SURE 51.405679047194695
Finished solving NPMLE, with in-sample MSE 3.432863391642489
Finished solving parametric estimator, with SURE 3.387054802172707
Finished solving parametric estimator, with in-sample MSE 3.32889340854623
Finished solving EBCF, with in-sample MSE 0.9741545123630603
Finished training EB SURE-LS, with SURE: 0.8918716619735446
Finished training EB SURE-LS, with in-sample MSE: 0.8815817702868952
use_scale: True
use_location: False
Finished training EB misspecified with NPMLE init, with SURE: 2.9470797905080777
Finished training EB misspecified with NPMLE init, with in-sample MSE: 2.949752247209269
Finished training EB misspecified, with SURE: 2.9471447563735236
Finished training EB misspecified, with in-sample MSE: 2.9496186703837752
Finished training EB wellspecified, with SURE: 0.8530109176996169
Finished training EB wellspecified, with in-sample MSE: 0.9100121263210528
m: 157
Finished solving NPMLE, with SURE 34.3467870731195
Finished solving NPMLE, with in-sample MSE 3.568287299568434
Finished solving parametric estimator, with SURE 3.3893768912474407
Finished solving parametric estimator, with in-sample MSE 3.464278466605022
Finished solving EBCF, with in-sample MSE 0.9056402129453526
Finished training EB SURE-LS, with SURE: 0.8810877411369958
Finished training EB SURE-LS, with in-sample MSE: 0.8775311316251799
use_scale: True
use_location: False
Finished training EB misspecified with NPMLE init, with SURE: 2.8728752141164335
Finished training EB misspecified with NPMLE init, with in-sample MSE: 2.995182135587242
Finished training EB misspecified, with SURE: 2.8472363941933914
Finished training EB misspecified, with in-sample MSE: 3.0111592481775045
Finished training EB wellspecified, with SURE: 0.8514702437339713
Finished training EB wellspecified, with in-sample MSE: 0.9057431693455917
m: 158
Finished solving NPMLE, with SURE 49.66394953165998
Finished solving NPMLE, with in-sample MSE 3.271669274730976
Finished solving parametric estimator, with SURE 3.3525645345987307
Finished solving parametric estimator, with in-sample MSE 3.2042376270637876
Finished solving EBCF, with in-sample MSE 0.9425959490865349
Finished training EB SURE-LS, with SURE: 0.6232931043684444
Finished training EB SURE-LS, with in-sample MSE: 0.9320317762178462
use_scale: True
use_location: False
Finished training EB misspecified with NPMLE init, with SURE: 2.8667735632334814
Finished training EB misspecified with NPMLE init, with in-sample MSE: 2.8287704480278006
Finished training EB misspecified, with SURE: 2.866907245004064
Finished training EB misspecified, with in-sample MSE: 2.829299718942851
Finished training EB wellspecified, with SURE: 0.6012902889976028
Finished training EB wellspecified, with in-sample MSE: 0.8952763036923734
m: 159
Finished solving NPMLE, with SURE 49.77774261761052
Finished solving NPMLE, with in-sample MSE 3.4635363531037573
Finished solving parametric estimator, with SURE 3.3180768339488824
Finished solving parametric estimator, with in-sample MSE 3.3931558935820676
Finished solving EBCF, with in-sample MSE 0.8604056533248631
Finished training EB SURE-LS, with SURE: 0.7982736262730498
Finished training EB SURE-LS, with in-sample MSE: 0.831883008356519
use_scale: True
use_location: False
Finished training EB misspecified with NPMLE init, with SURE: 2.8068117467764764
Finished training EB misspecified with NPMLE init, with in-sample MSE: 2.978032933023686
Finished training EB misspecified, with SURE: 2.806851264959241
Finished training EB misspecified, with in-sample MSE: 2.9782195378407605
Finished training EB wellspecified, with SURE: 0.7701657959063948
Finished training EB wellspecified, with in-sample MSE: 0.8266499946006504
m: 160
Finished solving NPMLE, with SURE 43.2703149617254
Finished solving NPMLE, with in-sample MSE 3.2590879952812624
Finished solving parametric estimator, with SURE 3.308994416651483
Finished solving parametric estimator, with in-sample MSE 3.210743465656595
Finished solving EBCF, with in-sample MSE 1.4474434514983405
Finished training EB SURE-LS, with SURE: 0.7070191042896339
Finished training EB SURE-LS, with in-sample MSE: 0.865374688133933
use_scale: True
use_location: False
Finished training EB misspecified with NPMLE init, with SURE: 2.7259668161005504
Finished training EB misspecified with NPMLE init, with in-sample MSE: 2.7999648048051724
Finished training EB misspecified, with SURE: 2.7253798546226675
Finished training EB misspecified, with in-sample MSE: 2.8061120029685416
Finished training EB wellspecified, with SURE: 0.6474347298216263
Finished training EB wellspecified, with in-sample MSE: 0.9141385149861051
m: 161
Finished solving NPMLE, with SURE 53.82308226125175
Finished solving NPMLE, with in-sample MSE 3.4069389010363045
Finished solving parametric estimator, with SURE 3.3889702857578117
Finished solving parametric estimator, with in-sample MSE 3.375337655810629
Finished solving EBCF, with in-sample MSE 0.8882137324633177
Finished training EB SURE-LS, with SURE: 0.8048364172752821
Finished training EB SURE-LS, with in-sample MSE: 0.862765845404379
use_scale: True
use_location: False
Finished training EB misspecified with NPMLE init, with SURE: 2.8646774891440816
Finished training EB misspecified with NPMLE init, with in-sample MSE: 2.932601140857709
Finished training EB misspecified, with SURE: 2.864870496817804
Finished training EB misspecified, with in-sample MSE: 2.9333058748338687
Finished training EB wellspecified, with SURE: 0.7812760695688497
Finished training EB wellspecified, with in-sample MSE: 0.8474583969761988
m: 162
Finished solving NPMLE, with SURE 40.74826854658113
Finished solving NPMLE, with in-sample MSE 3.583425719917985
Finished solving parametric estimator, with SURE 3.362206523735331
Finished solving parametric estimator, with in-sample MSE 3.4637471422258677
Finished solving EBCF, with in-sample MSE 0.8822823734505334
Finished training EB SURE-LS, with SURE: 0.929095418943675
Finished training EB SURE-LS, with in-sample MSE: 0.8632450312085683
use_scale: True
use_location: False
Finished training EB misspecified with NPMLE init, with SURE: 2.874929611255242
Finished training EB misspecified with NPMLE init, with in-sample MSE: 2.994371966522499
Finished training EB misspecified, with SURE: 2.874853258419603
Finished training EB misspecified, with in-sample MSE: 2.9945030711616654
Finished training EB wellspecified, with SURE: 0.9000814585535349
Finished training EB wellspecified, with in-sample MSE: 0.8692247860520042
m: 163
Finished solving NPMLE, with SURE 41.354565176464604
Finished solving NPMLE, with in-sample MSE 3.415838527670926
Finished solving parametric estimator, with SURE 3.372499211463038
Finished solving parametric estimator, with in-sample MSE 3.3935265247274646
Finished solving EBCF, with in-sample MSE 0.8382270304575931
Finished training EB SURE-LS, with SURE: 0.8618210881767324
Finished training EB SURE-LS, with in-sample MSE: 0.806053919233673
use_scale: True
use_location: False
Finished training EB misspecified with NPMLE init, with SURE: 2.841151501624672
Finished training EB misspecified with NPMLE init, with in-sample MSE: 2.993001943863957
Finished training EB misspecified, with SURE: 2.8393485848290583
Finished training EB misspecified, with in-sample MSE: 2.9919023175379653
Finished training EB wellspecified, with SURE: 0.8519019526382011
Finished training EB wellspecified, with in-sample MSE: 0.7969358245317495
m: 164
Finished solving NPMLE, with SURE 35.7907385002894
Finished solving NPMLE, with in-sample MSE 3.4621623064758755
Finished solving parametric estimator, with SURE 3.3824423813475386
Finished solving parametric estimator, with in-sample MSE 3.3566102093130654
Finished solving EBCF, with in-sample MSE 0.9124835486331835
Finished training EB SURE-LS, with SURE: 0.8725068788209795
Finished training EB SURE-LS, with in-sample MSE: 0.8558058004623921
use_scale: True
use_location: False
Finished training EB misspecified with NPMLE init, with SURE: 2.9372755969904
Finished training EB misspecified with NPMLE init, with in-sample MSE: 2.888002384656981
Finished training EB misspecified, with SURE: 2.9361486124188145
Finished training EB misspecified, with in-sample MSE: 2.8865948817494576
Finished training EB wellspecified, with SURE: 0.8331306524740185
Finished training EB wellspecified, with in-sample MSE: 0.8634119977336183
m: 165
Finished solving NPMLE, with SURE 40.52446530220722
Finished solving NPMLE, with in-sample MSE 3.2931524705203237
Finished solving parametric estimator, with SURE 3.403443725203204
Finished solving parametric estimator, with in-sample MSE 3.2513421640276463
Finished solving EBCF, with in-sample MSE 0.9009810005951119
Finished training EB SURE-LS, with SURE: 0.8281368972049297
Finished training EB SURE-LS, with in-sample MSE: 0.8181865332631219
use_scale: True
use_location: False
Finished training EB misspecified with NPMLE init, with SURE: 2.939360784933727
Finished training EB misspecified with NPMLE init, with in-sample MSE: 2.797929073441742
Finished training EB misspecified, with SURE: 2.9391003596899017
Finished training EB misspecified, with in-sample MSE: 2.79631974106733
Finished training EB wellspecified, with SURE: 0.848213194237651
Finished training EB wellspecified, with in-sample MSE: 0.8544307331370011
m: 166
Finished solving NPMLE, with SURE 48.27684417244582
Finished solving NPMLE, with in-sample MSE 3.5306389327615335
Finished solving parametric estimator, with SURE 3.3736024485305602
Finished solving parametric estimator, with in-sample MSE 3.452779729465322
Finished solving EBCF, with in-sample MSE 1.407722762751637
Finished training EB SURE-LS, with SURE: 0.9870329794795001
Finished training EB SURE-LS, with in-sample MSE: 0.844586943241188
use_scale: True
use_location: False
Finished training EB misspecified with NPMLE init, with SURE: 2.8778723515010856
Finished training EB misspecified with NPMLE init, with in-sample MSE: 3.041141014742525
Finished training EB misspecified, with SURE: 2.8776172047840074
Finished training EB misspecified, with in-sample MSE: 3.041893172470574
Finished training EB wellspecified, with SURE: 0.9709046839111486
Finished training EB wellspecified, with in-sample MSE: 0.8779137215848348
m: 167
Finished solving NPMLE, with SURE 46.903209852129365
Finished solving NPMLE, with in-sample MSE 3.525609304651571
Finished solving parametric estimator, with SURE 3.3437147866978068
Finished solving parametric estimator, with in-sample MSE 3.4438609774708624
Finished solving EBCF, with in-sample MSE 0.9059830549279543
Finished training EB SURE-LS, with SURE: 0.7781476765313164
Finished training EB SURE-LS, with in-sample MSE: 0.8712092810019264
use_scale: True
use_location: False
Finished training EB misspecified with NPMLE init, with SURE: 2.7948582706930982
Finished training EB misspecified with NPMLE init, with in-sample MSE: 2.955058176337393
Finished training EB misspecified, with SURE: 2.7943822430990624
Finished training EB misspecified, with in-sample MSE: 2.9546786916445806
Finished training EB wellspecified, with SURE: 0.7575306749410406
Finished training EB wellspecified, with in-sample MSE: 0.9025576818901895
m: 168
Finished solving NPMLE, with SURE 41.98629052183222
Finished solving NPMLE, with in-sample MSE 3.3033332884585906
Finished solving parametric estimator, with SURE 3.336436265967698
Finished solving parametric estimator, with in-sample MSE 3.2510869693816242
Finished solving EBCF, with in-sample MSE 0.8990926733359587
Finished training EB SURE-LS, with SURE: 0.6680245135127614
Finished training EB SURE-LS, with in-sample MSE: 0.838664670820858
use_scale: True
use_location: False
Finished training EB misspecified with NPMLE init, with SURE: 2.843131969438972
Finished training EB misspecified with NPMLE init, with in-sample MSE: 2.8599691471710345
Finished training EB misspecified, with SURE: 2.8428814705353047
Finished training EB misspecified, with in-sample MSE: 2.8612653786455824
Finished training EB wellspecified, with SURE: 0.6613847035612456
Finished training EB wellspecified, with in-sample MSE: 0.8268947877942279
m: 169
Finished solving NPMLE, with SURE 42.793356575375576
Finished solving NPMLE, with in-sample MSE 3.4218063607300566
Finished solving parametric estimator, with SURE 3.3766706221430622
Finished solving parametric estimator, with in-sample MSE 3.389478976807126
Finished solving EBCF, with in-sample MSE 0.8791833453438741
Finished training EB SURE-LS, with SURE: 0.8650713025211516
Finished training EB SURE-LS, with in-sample MSE: 0.8576730358167453
use_scale: True
use_location: False
Finished training EB misspecified with NPMLE init, with SURE: 2.868903679828087
Finished training EB misspecified with NPMLE init, with in-sample MSE: 2.9533722853660818
Finished training EB misspecified, with SURE: 2.869136527660487
Finished training EB misspecified, with in-sample MSE: 2.95264697253592
Finished training EB wellspecified, with SURE: 0.8401769695250363
Finished training EB wellspecified, with in-sample MSE: 0.8532767856937429
m: 170
Finished solving NPMLE, with SURE 51.77586140638667
Finished solving NPMLE, with in-sample MSE 3.389907247429632
Finished solving parametric estimator, with SURE 3.372742916580391
Finished solving parametric estimator, with in-sample MSE 3.3511878124871832
Finished solving EBCF, with in-sample MSE 0.8938710321445225
Finished training EB SURE-LS, with SURE: 0.7814558692528409
Finished training EB SURE-LS, with in-sample MSE: 0.8786564282749358
use_scale: True
use_location: False
Finished training EB misspecified with NPMLE init, with SURE: 2.8612449343172552
Finished training EB misspecified with NPMLE init, with in-sample MSE: 2.898467955540998
Finished training EB misspecified, with SURE: 2.8608734003971423
Finished training EB misspecified, with in-sample MSE: 2.898357990487589
Finished training EB wellspecified, with SURE: 0.7399362999581394
Finished training EB wellspecified, with in-sample MSE: 0.8584593217503784
m: 171
Finished solving NPMLE, with SURE 31.824490196215905
Finished solving NPMLE, with in-sample MSE 3.541228881703989
Finished solving parametric estimator, with SURE 3.384884785530624
Finished solving parametric estimator, with in-sample MSE 3.432260296460362
Finished solving EBCF, with in-sample MSE 0.9013411624873189
Finished training EB SURE-LS, with SURE: 3.957102779595771
Finished training EB SURE-LS, with in-sample MSE: 4.0456727193295245
use_scale: True
use_location: False
Finished training EB misspecified with NPMLE init, with SURE: 2.9327864635906997
Finished training EB misspecified with NPMLE init, with in-sample MSE: 2.9643811120901766
Finished training EB misspecified, with SURE: 2.9328486492717025
Finished training EB misspecified, with in-sample MSE: 2.9644115415858825
Finished training EB wellspecified, with SURE: 0.8606516818784883
Finished training EB wellspecified, with in-sample MSE: 0.8514684873778252
m: 172
Finished solving NPMLE, with SURE 33.76366416023402
Finished solving NPMLE, with in-sample MSE 3.3942894349548287
Finished solving parametric estimator, with SURE 3.3682897538469074
Finished solving parametric estimator, with in-sample MSE 3.345263503651481
Finished solving EBCF, with in-sample MSE 1.48653243246375
Finished training EB SURE-LS, with SURE: 0.8117343495721001
Finished training EB SURE-LS, with in-sample MSE: 0.8118734278430505
use_scale: True
use_location: False
Finished training EB misspecified with NPMLE init, with SURE: 2.8781429935246656
Finished training EB misspecified with NPMLE init, with in-sample MSE: 2.8601852259022564
Finished training EB misspecified, with SURE: 2.8781579902329915
Finished training EB misspecified, with in-sample MSE: 2.8622195775978763
Finished training EB wellspecified, with SURE: 0.7871984830351572
Finished training EB wellspecified, with in-sample MSE: 0.8140261938453759
m: 173
Finished solving NPMLE, with SURE 36.8204397590728
Finished solving NPMLE, with in-sample MSE 3.3400858398565583
Finished solving parametric estimator, with SURE 3.3700550251308456
Finished solving parametric estimator, with in-sample MSE 3.3110394144246285
Finished solving EBCF, with in-sample MSE 1.331290652767429
Finished training EB SURE-LS, with SURE: 3.91037939773981
Finished training EB SURE-LS, with in-sample MSE: 3.916714693291423
use_scale: True
use_location: False
Finished training EB misspecified with NPMLE init, with SURE: 2.9158302729751564
Finished training EB misspecified with NPMLE init, with in-sample MSE: 2.9144189954415696
Finished training EB misspecified, with SURE: 2.915307283768542
Finished training EB misspecified, with in-sample MSE: 2.9147478927290926
Finished training EB wellspecified, with SURE: 0.9069000062398836
Finished training EB wellspecified, with in-sample MSE: 0.8632286444694802
m: 174
Finished solving NPMLE, with SURE 43.630415447003244
Finished solving NPMLE, with in-sample MSE 3.418648236899384
Finished solving parametric estimator, with SURE 3.339984184524997
Finished solving parametric estimator, with in-sample MSE 3.3398792773528134
Finished solving EBCF, with in-sample MSE 0.8726410786851482
Finished training EB SURE-LS, with SURE: 0.9148683167688901
Finished training EB SURE-LS, with in-sample MSE: 0.8627921174136719
use_scale: True
use_location: False
Finished training EB misspecified with NPMLE init, with SURE: 2.852417780991806
Finished training EB misspecified with NPMLE init, with in-sample MSE: 2.960049063605391
Finished training EB misspecified, with SURE: 2.851688722265367
Finished training EB misspecified, with in-sample MSE: 2.9603641516355133
Finished training EB wellspecified, with SURE: 0.8510313872464369
Finished training EB wellspecified, with in-sample MSE: 0.8519521236039607
m: 175
Finished solving NPMLE, with SURE 43.25343584076346
Finished solving NPMLE, with in-sample MSE 3.3994572456058325
Finished solving parametric estimator, with SURE 3.384857707909627
Finished solving parametric estimator, with in-sample MSE 3.3919682046209916
Finished solving EBCF, with in-sample MSE 0.9353283767404015
Finished training EB SURE-LS, with SURE: 0.7763757217546866
Finished training EB SURE-LS, with in-sample MSE: 0.896276532762684
use_scale: True
use_location: False
Finished training EB misspecified with NPMLE init, with SURE: 2.852518887705546
Finished training EB misspecified with NPMLE init, with in-sample MSE: 2.92119443685866
Finished training EB misspecified, with SURE: 2.850375759884169
Finished training EB misspecified, with in-sample MSE: 2.9235578663527315
Finished training EB wellspecified, with SURE: 0.7637565890377365
Finished training EB wellspecified, with in-sample MSE: 0.906033583719109
m: 176
Finished solving NPMLE, with SURE 41.61537084314867
Finished solving NPMLE, with in-sample MSE 3.4361698513847863
Finished solving parametric estimator, with SURE 3.3639345542847794
Finished solving parametric estimator, with in-sample MSE 3.4202359218383287
Finished solving EBCF, with in-sample MSE 0.9285523057852025
Finished training EB SURE-LS, with SURE: 3.9699299097254155
Finished training EB SURE-LS, with in-sample MSE: 4.015779034951597
use_scale: True
use_location: False
Finished training EB misspecified with NPMLE init, with SURE: 2.905801941967672
Finished training EB misspecified with NPMLE init, with in-sample MSE: 2.947917791941735
Finished training EB misspecified, with SURE: 2.90567988739505
Finished training EB misspecified, with in-sample MSE: 2.9481597814463294
Finished training EB wellspecified, with SURE: 0.8129331496056409
Finished training EB wellspecified, with in-sample MSE: 0.8479829606651069
m: 177
Finished solving NPMLE, with SURE 29.757659654230455
Finished solving NPMLE, with in-sample MSE 3.557760280595682
Finished solving parametric estimator, with SURE 3.3755868656720494
Finished solving parametric estimator, with in-sample MSE 3.501443238174697
Finished solving EBCF, with in-sample MSE 0.9154636880787212
Finished training EB SURE-LS, with SURE: 0.9090476026432197
Finished training EB SURE-LS, with in-sample MSE: 0.8862146361045312
use_scale: True
use_location: False
Finished training EB misspecified with NPMLE init, with SURE: 2.907442492991052
Finished training EB misspecified with NPMLE init, with in-sample MSE: 3.1084741225876713
Finished training EB misspecified, with SURE: 2.9075586660007655
Finished training EB misspecified, with in-sample MSE: 3.108425088802712
Finished training EB wellspecified, with SURE: 0.813975671522189
Finished training EB wellspecified, with in-sample MSE: 0.898360059192035
m: 178
Finished solving NPMLE, with SURE 32.63830441507406
Finished solving NPMLE, with in-sample MSE 3.60805844218296
Finished solving parametric estimator, with SURE 3.393185772316639
Finished solving parametric estimator, with in-sample MSE 3.4898395491341243
Finished solving EBCF, with in-sample MSE 0.9351600291557929
Finished training EB SURE-LS, with SURE: 0.9548541958747033
Finished training EB SURE-LS, with in-sample MSE: 0.8466641980308427
use_scale: True
use_location: False
Finished training EB misspecified with NPMLE init, with SURE: 2.8390035559500397
Finished training EB misspecified with NPMLE init, with in-sample MSE: 3.074507692854013
Finished training EB misspecified, with SURE: 2.839834258076123
Finished training EB misspecified, with in-sample MSE: 3.0659676935224844
Finished training EB wellspecified, with SURE: 0.8838357661522548
Finished training EB wellspecified, with in-sample MSE: 0.8743583402515369
m: 179
Finished solving NPMLE, with SURE 54.849809717392844
Finished solving NPMLE, with in-sample MSE 3.4546825347545314
Finished solving parametric estimator, with SURE 3.3600739148478045
Finished solving parametric estimator, with in-sample MSE 3.3924971603399556
Finished solving EBCF, with in-sample MSE 0.9121742429384037
Finished training EB SURE-LS, with SURE: 0.9159323532144478
Finished training EB SURE-LS, with in-sample MSE: 0.8917057509436936
use_scale: True
use_location: False
Finished training EB misspecified with NPMLE init, with SURE: 2.850146299108983
Finished training EB misspecified with NPMLE init, with in-sample MSE: 2.9947909661811725
Finished training EB misspecified, with SURE: 2.850090793106576
Finished training EB misspecified, with in-sample MSE: 2.9956019145697974
Finished training EB wellspecified, with SURE: 0.8844542811173101
Finished training EB wellspecified, with in-sample MSE: 0.8818842999266132
m: 180
Finished solving NPMLE, with SURE 53.81940214647224
Finished solving NPMLE, with in-sample MSE 3.431912071091802
Finished solving parametric estimator, with SURE 3.3396206402963844
Finished solving parametric estimator, with in-sample MSE 3.4375033233325523
Finished solving EBCF, with in-sample MSE 0.8892048405896803
Finished training EB SURE-LS, with SURE: 0.8186964035435242
Finished training EB SURE-LS, with in-sample MSE: 0.8519690847857937
use_scale: True
use_location: False
Finished training EB misspecified with NPMLE init, with SURE: 2.8320752218126226
Finished training EB misspecified with NPMLE init, with in-sample MSE: 2.96820253427244
Finished training EB misspecified, with SURE: 2.832036002702831
Finished training EB misspecified, with in-sample MSE: 2.96821436470924
Finished training EB wellspecified, with SURE: 0.7916832483889203
Finished training EB wellspecified, with in-sample MSE: 0.8596956624754507
m: 181
Finished solving NPMLE, with SURE 48.23179637581646
Finished solving NPMLE, with in-sample MSE 3.3179558416211528
Finished solving parametric estimator, with SURE 3.4233519056926416
Finished solving parametric estimator, with in-sample MSE 3.2717551910846443
Finished solving EBCF, with in-sample MSE 0.9173800416902367
Finished training EB SURE-LS, with SURE: 0.8939324623132575
Finished training EB SURE-LS, with in-sample MSE: 0.8721973444930542
use_scale: True
use_location: False
Finished training EB misspecified with NPMLE init, with SURE: 2.941408313875143
Finished training EB misspecified with NPMLE init, with in-sample MSE: 2.808535872644888
Finished training EB misspecified, with SURE: 2.940991841316737
Finished training EB misspecified, with in-sample MSE: 2.8086437407234284
Finished training EB wellspecified, with SURE: 0.8203597362690934
Finished training EB wellspecified, with in-sample MSE: 0.9233195008152538
m: 182
Finished solving NPMLE, with SURE 30.912667243353717
Finished solving NPMLE, with in-sample MSE 3.487405595619275
Finished solving parametric estimator, with SURE 3.3839995215882555
Finished solving parametric estimator, with in-sample MSE 3.3971308505521125
Finished solving EBCF, with in-sample MSE 0.9245561798346846
Finished training EB SURE-LS, with SURE: 0.9500219297050521
Finished training EB SURE-LS, with in-sample MSE: 0.8502441001640538
use_scale: True
use_location: False
Finished training EB misspecified with NPMLE init, with SURE: 2.9719530407367025
Finished training EB misspecified with NPMLE init, with in-sample MSE: 2.9473383910541613
Finished training EB misspecified, with SURE: 2.923627656814561
Finished training EB misspecified, with in-sample MSE: 2.9709706736290498
Finished training EB wellspecified, with SURE: 0.9109385757718994
Finished training EB wellspecified, with in-sample MSE: 0.8692413803387118
m: 183
Finished solving NPMLE, with SURE 40.331139934822396
Finished solving NPMLE, with in-sample MSE 3.382390270263159
Finished solving parametric estimator, with SURE 3.377061293862816
Finished solving parametric estimator, with in-sample MSE 3.353224258418335
Finished solving EBCF, with in-sample MSE 0.9251666693480347
Finished training EB SURE-LS, with SURE: 0.8331965271439445
Finished training EB SURE-LS, with in-sample MSE: 0.8614511764571805
use_scale: True
use_location: False
Finished training EB misspecified with NPMLE init, with SURE: 2.9033841780956227
Finished training EB misspecified with NPMLE init, with in-sample MSE: 2.9266893274495196
Finished training EB misspecified, with SURE: 2.9035788440589996
Finished training EB misspecified, with in-sample MSE: 2.926887926719077
Finished training EB wellspecified, with SURE: 0.7955208345495166
Finished training EB wellspecified, with in-sample MSE: 0.8769290160836725
m: 184
Finished solving NPMLE, with SURE 45.73818345474117
Finished solving NPMLE, with in-sample MSE 3.481548373492947
Finished solving parametric estimator, with SURE 3.3625175793793245
Finished solving parametric estimator, with in-sample MSE 3.4328478289081823
Finished solving EBCF, with in-sample MSE 0.9081217306928501
Finished training EB SURE-LS, with SURE: 0.8544457777136006
Finished training EB SURE-LS, with in-sample MSE: 0.8404673898846039
use_scale: True
use_location: False
Finished training EB misspecified with NPMLE init, with SURE: 2.8990193188501574
Finished training EB misspecified with NPMLE init, with in-sample MSE: 2.951560654574564
Finished training EB misspecified, with SURE: 2.8986395029091603
Finished training EB misspecified, with in-sample MSE: 2.9520897074869543
Finished training EB wellspecified, with SURE: 0.840572211589631
Finished training EB wellspecified, with in-sample MSE: 0.8291001865609791
m: 185
Finished solving NPMLE, with SURE 42.24760639021236
Finished solving NPMLE, with in-sample MSE 3.664054685853653
Finished solving parametric estimator, with SURE 3.3766448810956726
Finished solving parametric estimator, with in-sample MSE 3.5810430981832058
Finished solving EBCF, with in-sample MSE 0.9153550522805658
Finished training EB SURE-LS, with SURE: 0.9270277124257971
Finished training EB SURE-LS, with in-sample MSE: 0.8624488015720817
use_scale: True
use_location: False
Finished training EB misspecified with NPMLE init, with SURE: 2.9585713625467
Finished training EB misspecified with NPMLE init, with in-sample MSE: 3.0381053051680316
Finished training EB misspecified, with SURE: 2.958475204520928
Finished training EB misspecified, with in-sample MSE: 3.038360665965067
Finished training EB wellspecified, with SURE: 0.8968701924116339
Finished training EB wellspecified, with in-sample MSE: 0.8701015851153173
m: 186
Finished solving NPMLE, with SURE 47.67315345532659
Finished solving NPMLE, with in-sample MSE 3.385758670886265
Finished solving parametric estimator, with SURE 3.3810348391486986
Finished solving parametric estimator, with in-sample MSE 3.3649022803630597
Finished solving EBCF, with in-sample MSE 0.9679365755072261
Finished training EB SURE-LS, with SURE: 0.8118930112373082
Finished training EB SURE-LS, with in-sample MSE: 0.9315973319335136
use_scale: True
use_location: False
Finished training EB misspecified with NPMLE init, with SURE: 2.872636538863882
Finished training EB misspecified with NPMLE init, with in-sample MSE: 3.068311903140462
Finished training EB misspecified, with SURE: 2.8726670254926967
Finished training EB misspecified, with in-sample MSE: 3.068134345775515
Finished training EB wellspecified, with SURE: 0.7717737794300915
Finished training EB wellspecified, with in-sample MSE: 0.9119980587132782
m: 187
Finished solving NPMLE, with SURE 45.13033405006461
Finished solving NPMLE, with in-sample MSE 3.5896803014368106
Finished solving parametric estimator, with SURE 3.3843500777930435
Finished solving parametric estimator, with in-sample MSE 3.5592335980228764
Finished solving EBCF, with in-sample MSE 0.8900452552488654
Finished training EB SURE-LS, with SURE: 0.9618634178046566
Finished training EB SURE-LS, with in-sample MSE: 0.8389776975349119
use_scale: True
use_location: False
Finished training EB misspecified with NPMLE init, with SURE: 2.9300010461486283
Finished training EB misspecified with NPMLE init, with in-sample MSE: 3.0913913681809464
Finished training EB misspecified, with SURE: 2.93009000537205
Finished training EB misspecified, with in-sample MSE: 3.0909445138493665
Finished training EB wellspecified, with SURE: 0.9253252185546831
Finished training EB wellspecified, with in-sample MSE: 0.8713433135590682
m: 188
Finished solving NPMLE, with SURE 38.38629271922326
Finished solving NPMLE, with in-sample MSE 3.4085495521381346
Finished solving parametric estimator, with SURE 3.3445163022134636
Finished solving parametric estimator, with in-sample MSE 3.347005651895336
Finished solving EBCF, with in-sample MSE 0.9066829576398913
Finished training EB SURE-LS, with SURE: 0.775787856728399
Finished training EB SURE-LS, with in-sample MSE: 0.8691981177238612
use_scale: True
use_location: False
Finished training EB misspecified with NPMLE init, with SURE: 2.866972724077963
Finished training EB misspecified with NPMLE init, with in-sample MSE: 2.9035851535827852
Finished training EB misspecified, with SURE: 2.8571419145384946
Finished training EB misspecified, with in-sample MSE: 2.906277402981825
Finished training EB wellspecified, with SURE: 0.7350706709227279
Finished training EB wellspecified, with in-sample MSE: 0.8794570324537154
m: 189
Finished solving NPMLE, with SURE 44.440468130580776
Finished solving NPMLE, with in-sample MSE 3.409065075978159
Finished solving parametric estimator, with SURE 3.3207577825898733
Finished solving parametric estimator, with in-sample MSE 3.3658612868017217
Finished solving EBCF, with in-sample MSE 0.9208214231360741
Finished training EB SURE-LS, with SURE: 0.7927712744886165
Finished training EB SURE-LS, with in-sample MSE: 0.9021185232402432
use_scale: True
use_location: False
Finished training EB misspecified with NPMLE init, with SURE: 2.821161468149063
Finished training EB misspecified with NPMLE init, with in-sample MSE: 2.915866925795614
Finished training EB misspecified, with SURE: 2.820685435336849
Finished training EB misspecified, with in-sample MSE: 2.9166846686993155
Finished training EB wellspecified, with SURE: 2.825062163795043
Finished training EB wellspecified, with in-sample MSE: 2.920557653421672
m: 190
Finished solving NPMLE, with SURE 48.314700690862395
Finished solving NPMLE, with in-sample MSE 3.4339922374818257
Finished solving parametric estimator, with SURE 3.3946452378942
Finished solving parametric estimator, with in-sample MSE 3.39418985210706
Finished solving EBCF, with in-sample MSE 0.878042300455502
Finished training EB SURE-LS, with SURE: 0.903302480079811
Finished training EB SURE-LS, with in-sample MSE: 0.8456233202299674
use_scale: True
use_location: False
Finished training EB misspecified with NPMLE init, with SURE: 2.877862047177309
Finished training EB misspecified with NPMLE init, with in-sample MSE: 2.9315731250774477
Finished training EB misspecified, with SURE: 2.8809805135021898
Finished training EB misspecified, with in-sample MSE: 2.93496755271257
Finished training EB wellspecified, with SURE: 0.8332507348607274
Finished training EB wellspecified, with in-sample MSE: 0.8638278323842584
m: 191
Finished solving NPMLE, with SURE 50.470610553425956
Finished solving NPMLE, with in-sample MSE 3.3937948729521192
Finished solving parametric estimator, with SURE 3.3718073155739416
Finished solving parametric estimator, with in-sample MSE 3.3764946517289154
Finished solving EBCF, with in-sample MSE 0.9067317089798909
Finished training EB SURE-LS, with SURE: 0.788203598236872
Finished training EB SURE-LS, with in-sample MSE: 0.8697562964326218
use_scale: True
use_location: False
Finished training EB misspecified with NPMLE init, with SURE: 2.848417246741407
Finished training EB misspecified with NPMLE init, with in-sample MSE: 2.952460279262653
Finished training EB misspecified, with SURE: 2.847826447867194
Finished training EB misspecified, with in-sample MSE: 2.9522712558775637
Finished training EB wellspecified, with SURE: 0.7762548442509208
Finished training EB wellspecified, with in-sample MSE: 0.8579383916135639
m: 192
Finished solving NPMLE, with SURE 45.133967646713444
Finished solving NPMLE, with in-sample MSE 3.243348904936481
Finished solving parametric estimator, with SURE 3.371503099893508
Finished solving parametric estimator, with in-sample MSE 3.2472880040995453
Finished solving EBCF, with in-sample MSE 0.86570928334356
Finished training EB SURE-LS, with SURE: 0.7092916878100813
Finished training EB SURE-LS, with in-sample MSE: 0.8364276254429736
use_scale: True
use_location: False
Finished training EB misspecified with NPMLE init, with SURE: 2.8837514896847574
Finished training EB misspecified with NPMLE init, with in-sample MSE: 2.8671649017272505
Finished training EB misspecified, with SURE: 2.8836089496253634
Finished training EB misspecified, with in-sample MSE: 2.8670731479931244
Finished training EB wellspecified, with SURE: 0.7475634219851174
Finished training EB wellspecified, with in-sample MSE: 0.8593690285730614
m: 193
Finished solving NPMLE, with SURE 49.24566511770988
Finished solving NPMLE, with in-sample MSE 3.399361448488852
Finished solving parametric estimator, with SURE 3.365043511534361
Finished solving parametric estimator, with in-sample MSE 3.4203870208057867
Finished solving EBCF, with in-sample MSE 0.9230482790138218
Finished training EB SURE-LS, with SURE: 3.9718965939163677
Finished training EB SURE-LS, with in-sample MSE: 3.9868323688158704
use_scale: True
use_location: False
Finished training EB misspecified with NPMLE init, with SURE: 2.867846681959381
Finished training EB misspecified with NPMLE init, with in-sample MSE: 2.967343996649734
Finished training EB misspecified, with SURE: 2.8677797530862126
Finished training EB misspecified, with in-sample MSE: 2.9679738087311915
Finished training EB wellspecified, with SURE: 0.8512180857958568
Finished training EB wellspecified, with in-sample MSE: 1.188074799036649
m: 194
Finished solving NPMLE, with SURE 45.65299526700509
Finished solving NPMLE, with in-sample MSE 3.526205067294348
Finished solving parametric estimator, with SURE 3.377381183924177
Finished solving parametric estimator, with in-sample MSE 3.5101588325103843
Finished solving EBCF, with in-sample MSE 0.9099655191124126
Finished training EB SURE-LS, with SURE: 0.8941411415743521
Finished training EB SURE-LS, with in-sample MSE: 0.8871980749192455
use_scale: True
use_location: False
Finished training EB misspecified with NPMLE init, with SURE: 2.8839647616458413
Finished training EB misspecified with NPMLE init, with in-sample MSE: 3.082478420399691
Finished training EB misspecified, with SURE: 2.8840600807776187
Finished training EB misspecified, with in-sample MSE: 3.0829584085057604
Finished training EB wellspecified, with SURE: 0.8366323031344903
Finished training EB wellspecified, with in-sample MSE: 0.8819677680912045
m: 195
Finished solving NPMLE, with SURE 42.528973426176265
Finished solving NPMLE, with in-sample MSE 3.541893225553365
Finished solving parametric estimator, with SURE 3.3418270028294756
Finished solving parametric estimator, with in-sample MSE 3.4553720150917973
Finished solving EBCF, with in-sample MSE 0.8908999375173323
Finished training EB SURE-LS, with SURE: 1.0258028805209067
Finished training EB SURE-LS, with in-sample MSE: 0.8341136234860401
use_scale: True
use_location: False
Finished training EB misspecified with NPMLE init, with SURE: 2.8742104189273436
Finished training EB misspecified with NPMLE init, with in-sample MSE: 3.026345117138521
Finished training EB misspecified, with SURE: 2.8741171348900276
Finished training EB misspecified, with in-sample MSE: 3.025283819981195
Finished training EB wellspecified, with SURE: 0.966237506327323
Finished training EB wellspecified, with in-sample MSE: 0.8687938675288757
m: 196
Finished solving NPMLE, with SURE 35.61530173849551
Finished solving NPMLE, with in-sample MSE 3.3332000500936116
Finished solving parametric estimator, with SURE 3.385091496397666
Finished solving parametric estimator, with in-sample MSE 3.295850354325889
Finished solving EBCF, with in-sample MSE 0.9054881536373358
Finished training EB SURE-LS, with SURE: 0.849925661722916
Finished training EB SURE-LS, with in-sample MSE: 0.8944943244862923
use_scale: True
use_location: False
Finished training EB misspecified with NPMLE init, with SURE: 2.928639194673696
Finished training EB misspecified with NPMLE init, with in-sample MSE: 2.8583383230528647
Finished training EB misspecified, with SURE: 2.9205137502905574
Finished training EB misspecified, with in-sample MSE: 2.869057440217481
Finished training EB wellspecified, with SURE: 0.7259503400461149
Finished training EB wellspecified, with in-sample MSE: 0.8845694497119713
m: 197
Finished solving NPMLE, with SURE 42.490880808835016
Finished solving NPMLE, with in-sample MSE 3.37021122214241
Finished solving parametric estimator, with SURE 3.3167698477294993
Finished solving parametric estimator, with in-sample MSE 3.360017742684351
Finished solving EBCF, with in-sample MSE 0.8975054880396464
Finished training EB SURE-LS, with SURE: 0.6946001891250099
Finished training EB SURE-LS, with in-sample MSE: 0.8625928279135955
use_scale: True
use_location: False
Finished training EB misspecified with NPMLE init, with SURE: 2.8362421946324163
Finished training EB misspecified with NPMLE init, with in-sample MSE: 2.9121895578944104
Finished training EB misspecified, with SURE: 2.8317347509123794
Finished training EB misspecified, with in-sample MSE: 2.907688072600214
Finished training EB wellspecified, with SURE: 0.6477602135292263
Finished training EB wellspecified, with in-sample MSE: 0.8592896389869231
m: 198
Finished solving NPMLE, with SURE 54.230244208890596
Finished solving NPMLE, with in-sample MSE 3.4858818484227014
Finished solving parametric estimator, with SURE 3.3624615039294854
Finished solving parametric estimator, with in-sample MSE 3.422814030858482
Finished solving EBCF, with in-sample MSE 0.92995057878098
Finished training EB SURE-LS, with SURE: 0.75564173432473
Finished training EB SURE-LS, with in-sample MSE: 0.8897401802508952
use_scale: True
use_location: False
Finished training EB misspecified with NPMLE init, with SURE: 2.8113365911279597
Finished training EB misspecified with NPMLE init, with in-sample MSE: 3.0088993056746314
Finished training EB misspecified, with SURE: 2.810879285138235
Finished training EB misspecified, with in-sample MSE: 3.0082850235539174
Finished training EB wellspecified, with SURE: 0.692594906984152
Finished training EB wellspecified, with in-sample MSE: 0.9047925762537082
m: 199
Finished solving NPMLE, with SURE 43.736471297262995
Finished solving NPMLE, with in-sample MSE 3.2624239655884795
Finished solving parametric estimator, with SURE 3.3943927707316117
Finished solving parametric estimator, with in-sample MSE 3.2221002200597537
Finished solving EBCF, with in-sample MSE 0.8932326700419676
Finished training EB SURE-LS, with SURE: 0.8140589613622894
Finished training EB SURE-LS, with in-sample MSE: 0.8412794188671561
use_scale: True
use_location: False
Finished training EB misspecified with NPMLE init, with SURE: 2.90208364402787
Finished training EB misspecified with NPMLE init, with in-sample MSE: 2.7912954707179525
Finished training EB misspecified, with SURE: 2.9020657606241342
Finished training EB misspecified, with in-sample MSE: 2.792433466092336
Finished training EB wellspecified, with SURE: 0.8146448339614611
Finished training EB wellspecified, with in-sample MSE: 0.8446247403009596

n: 6400
m: 150
Finished solving NPMLE, with SURE 54.9838694250941
Finished solving NPMLE, with in-sample MSE 3.4368956929427394
Finished solving parametric estimator, with SURE 3.3887355705627913
Finished solving parametric estimator, with in-sample MSE 3.4131559800508247
Finished solving EBCF, with in-sample MSE 0.8749755922519924
Finished training EB SURE-LS, with SURE: 0.9176158983868935
Finished training EB SURE-LS, with in-sample MSE: 0.8142177490912879
use_scale: True
use_location: False
Finished training EB misspecified with NPMLE init, with SURE: 2.9144145425526107
Finished training EB misspecified with NPMLE init, with in-sample MSE: 2.9691292764939385
Finished training EB misspecified, with SURE: 2.9141942844008533
Finished training EB misspecified, with in-sample MSE: 2.9694812089533906
Finished training EB wellspecified, with SURE: 0.8767694405209377
Finished training EB wellspecified, with in-sample MSE: 0.841660595505773
m: 151
Finished solving NPMLE, with SURE 42.21057856536166
Finished solving NPMLE, with in-sample MSE 3.337144336670999
Finished solving parametric estimator, with SURE 3.3906308867017803
Finished solving parametric estimator, with in-sample MSE 3.2993864922358767
Finished solving EBCF, with in-sample MSE 0.8630911245313383
Finished training EB SURE-LS, with SURE: 0.8270528635019926
Finished training EB SURE-LS, with in-sample MSE: 0.8353733747264702
use_scale: True
use_location: False
Finished training EB misspecified with NPMLE init, with SURE: 2.8939883305744702
Finished training EB misspecified with NPMLE init, with in-sample MSE: 2.874385903978031
Finished training EB misspecified, with SURE: 2.8919292522348456
Finished training EB misspecified, with in-sample MSE: 2.8835162953435343
Finished training EB wellspecified, with SURE: 0.8080243491059378
Finished training EB wellspecified, with in-sample MSE: 0.8613942923289227
m: 152
Finished solving NPMLE, with SURE 49.680433728205415
Finished solving NPMLE, with in-sample MSE 3.4905676760824935
Finished solving parametric estimator, with SURE 3.3398864358384226
Finished solving parametric estimator, with in-sample MSE 3.432671860949691
Finished solving EBCF, with in-sample MSE 0.9051278684944212
Finished training EB SURE-LS, with SURE: 0.8346080406590504
Finished training EB SURE-LS, with in-sample MSE: 0.8711032489535097
use_scale: True
use_location: False
Finished training EB misspecified with NPMLE init, with SURE: 2.8540751054213853
Finished training EB misspecified with NPMLE init, with in-sample MSE: 2.958426142732222
Finished training EB misspecified, with SURE: 2.8540927749463836
Finished training EB misspecified, with in-sample MSE: 2.95876040495354
Finished training EB wellspecified, with SURE: 0.8007239316633763
Finished training EB wellspecified, with in-sample MSE: 0.8569095449542466
m: 153
Finished solving NPMLE, with SURE 43.93846377720431
Finished solving NPMLE, with in-sample MSE 3.2800356405292566
Finished solving parametric estimator, with SURE 3.3675884598090042
Finished solving parametric estimator, with in-sample MSE 3.2285924550665275
Finished solving EBCF, with in-sample MSE 0.8396537468459326
Finished training EB SURE-LS, with SURE: 0.8197125137957687
Finished training EB SURE-LS, with in-sample MSE: 0.8192890583946449
use_scale: True
use_location: False
Finished training EB misspecified with NPMLE init, with SURE: 2.910724657881147
Finished training EB misspecified with NPMLE init, with in-sample MSE: 2.855244450606071
Finished training EB misspecified, with SURE: 2.906823522179264
Finished training EB misspecified, with in-sample MSE: 2.857366083780541
Finished training EB wellspecified, with SURE: 0.8055026113551318
Finished training EB wellspecified, with in-sample MSE: 0.8336518688376826
m: 154
Finished solving NPMLE, with SURE 50.18177265803024
Finished solving NPMLE, with in-sample MSE 3.4324934705496064
Finished solving parametric estimator, with SURE 3.399994307450241
Finished solving parametric estimator, with in-sample MSE 3.406831773390428
Finished solving EBCF, with in-sample MSE 0.8703907616147017
Finished training EB SURE-LS, with SURE: 0.8103939754188636
Finished training EB SURE-LS, with in-sample MSE: 0.8542298441028473
use_scale: True
use_location: False
Finished training EB misspecified with NPMLE init, with SURE: 2.8689836977334644
Finished training EB misspecified with NPMLE init, with in-sample MSE: 2.9473120330812126
Finished training EB misspecified, with SURE: 2.8685411919584
Finished training EB misspecified, with in-sample MSE: 2.9470032696482322
Finished training EB wellspecified, with SURE: 0.7798368642971459
Finished training EB wellspecified, with in-sample MSE: 0.8594681969144436
m: 155
Finished solving NPMLE, with SURE 48.86096207794184
Finished solving NPMLE, with in-sample MSE 3.534779636690913
Finished solving parametric estimator, with SURE 3.3610017393302565
Finished solving parametric estimator, with in-sample MSE 3.500533258026158
Finished solving EBCF, with in-sample MSE 0.9127733877594066
Finished training EB SURE-LS, with SURE: 0.9199773457515673
Finished training EB SURE-LS, with in-sample MSE: 0.8678711266367565
use_scale: True
use_location: False
Finished training EB misspecified with NPMLE init, with SURE: 2.9296533594944503
Finished training EB misspecified with NPMLE init, with in-sample MSE: 3.0207663506199287
Finished training EB misspecified, with SURE: 2.929263225780961
Finished training EB misspecified, with in-sample MSE: 3.0207369515180518
Finished training EB wellspecified, with SURE: 0.8873190391106778
Finished training EB wellspecified, with in-sample MSE: 0.9057104953614195
m: 156
Finished solving NPMLE, with SURE 39.84808106942322
Finished solving NPMLE, with in-sample MSE 3.480883094125532
Finished solving parametric estimator, with SURE 3.3925791041758124
Finished solving parametric estimator, with in-sample MSE 3.458880430002077
Finished solving EBCF, with in-sample MSE 0.8761133935088423
Finished training EB SURE-LS, with SURE: 0.9908055924312201
Finished training EB SURE-LS, with in-sample MSE: 0.8451357105479279
use_scale: True
use_location: False
Finished training EB misspecified with NPMLE init, with SURE: 2.948475903488868
Finished training EB misspecified with NPMLE init, with in-sample MSE: 2.973736480439001
Finished training EB misspecified, with SURE: 2.948636034000109
Finished training EB misspecified, with in-sample MSE: 2.973556488106123
Finished training EB wellspecified, with SURE: 0.9815516309347118
Finished training EB wellspecified, with in-sample MSE: 0.8903006579790441
m: 157
Finished solving NPMLE, with SURE 41.369515419138004
Finished solving NPMLE, with in-sample MSE 3.414864852846869
Finished solving parametric estimator, with SURE 3.372594115874688
Finished solving parametric estimator, with in-sample MSE 3.405578618483213
Finished solving EBCF, with in-sample MSE 0.8999792608393798
Finished training EB SURE-LS, with SURE: 0.8651230508844444
Finished training EB SURE-LS, with in-sample MSE: 0.8617797096208357
use_scale: True
use_location: False
Finished training EB misspecified with NPMLE init, with SURE: 2.938220759416836
Finished training EB misspecified with NPMLE init, with in-sample MSE: 2.9511194974419612
Finished training EB misspecified, with SURE: 2.937556750260932
Finished training EB misspecified, with in-sample MSE: 2.955906112023439
Finished training EB wellspecified, with SURE: 0.8140642851601589
Finished training EB wellspecified, with in-sample MSE: 0.9316529542116782
m: 158
Finished solving NPMLE, with SURE 41.62130119786615
Finished solving NPMLE, with in-sample MSE 3.4301827749192286
Finished solving parametric estimator, with SURE 3.357181427571323
Finished solving parametric estimator, with in-sample MSE 3.391069079608318
Finished solving EBCF, with in-sample MSE 0.888670382279153
Finished training EB SURE-LS, with SURE: 0.8248132664094017
Finished training EB SURE-LS, with in-sample MSE: 0.9111801804259498
use_scale: True
use_location: False
Finished training EB misspecified with NPMLE init, with SURE: 2.8787129308592205
Finished training EB misspecified with NPMLE init, with in-sample MSE: 2.919201230653911
Finished training EB misspecified, with SURE: 2.874143199012716
Finished training EB misspecified, with in-sample MSE: 2.9254244843851875
Finished training EB wellspecified, with SURE: 0.7372932298171604
Finished training EB wellspecified, with in-sample MSE: 0.8435961925708783
m: 159
Finished solving NPMLE, with SURE 52.063413113632066
Finished solving NPMLE, with in-sample MSE 3.3695677059163875
Finished solving parametric estimator, with SURE 3.369584550772879
Finished solving parametric estimator, with in-sample MSE 3.3331065133172904
Finished solving EBCF, with in-sample MSE 0.8865989597084702
Finished training EB SURE-LS, with SURE: 0.7267840840804951
Finished training EB SURE-LS, with in-sample MSE: 0.8573490131327551
use_scale: True
use_location: False
Finished training EB misspecified with NPMLE init, with SURE: 2.8869668416077365
Finished training EB misspecified with NPMLE init, with in-sample MSE: 2.934178868154536
Finished training EB misspecified, with SURE: 2.8868785679851214
Finished training EB misspecified, with in-sample MSE: 2.9346117807481535
Finished training EB wellspecified, with SURE: 0.7147653647581143
Finished training EB wellspecified, with in-sample MSE: 0.8613492298895212
m: 160
Finished solving NPMLE, with SURE 44.540004563827644
Finished solving NPMLE, with in-sample MSE 3.2901839581769226
Finished solving parametric estimator, with SURE 3.3463997528102096
Finished solving parametric estimator, with in-sample MSE 3.277665188761922
Finished solving EBCF, with in-sample MSE 1.3657621396403576
Finished training EB SURE-LS, with SURE: 0.8806741539674837
Finished training EB SURE-LS, with in-sample MSE: 0.8948453524302862
use_scale: True
use_location: False
Finished training EB misspecified with NPMLE init, with SURE: 2.8674433749515074
Finished training EB misspecified with NPMLE init, with in-sample MSE: 2.8529528422297203
Finished training EB misspecified, with SURE: 2.8673428644041654
Finished training EB misspecified, with in-sample MSE: 2.853004490636906
Finished training EB wellspecified, with SURE: 0.8087609826890271
Finished training EB wellspecified, with in-sample MSE: 0.8487492852408396
m: 161
Finished solving NPMLE, with SURE 38.57478303174906
Finished solving NPMLE, with in-sample MSE 3.3340898848718585
Finished solving parametric estimator, with SURE 3.3756821030461586
Finished solving parametric estimator, with in-sample MSE 3.3072265682682405
Finished solving EBCF, with in-sample MSE 0.9247871598583327
Finished training EB SURE-LS, with SURE: 0.7818563784949478
Finished training EB SURE-LS, with in-sample MSE: 0.8820004130641627
use_scale: True
use_location: False
Finished training EB misspecified with NPMLE init, with SURE: 2.9095722055365685
Finished training EB misspecified with NPMLE init, with in-sample MSE: 2.874823038138071
Finished training EB misspecified, with SURE: 2.89094422885663
Finished training EB misspecified, with in-sample MSE: 2.870512594208195
Finished training EB wellspecified, with SURE: 0.7700717902844042
Finished training EB wellspecified, with in-sample MSE: 0.9083770475503479
m: 162
Finished solving NPMLE, with SURE 47.75871128490224
Finished solving NPMLE, with in-sample MSE 3.341201761256365
Finished solving parametric estimator, with SURE 3.411340560506477
Finished solving parametric estimator, with in-sample MSE 3.3129377522326826
Finished solving EBCF, with in-sample MSE 0.8816680058854625
Finished training EB SURE-LS, with SURE: 0.7631530927220771
Finished training EB SURE-LS, with in-sample MSE: 0.8662132733304645
use_scale: True
use_location: False
Finished training EB misspecified with NPMLE init, with SURE: 2.9214266112072496
Finished training EB misspecified with NPMLE init, with in-sample MSE: 2.8988396904995306
Finished training EB misspecified, with SURE: 2.9210608146905406
Finished training EB misspecified, with in-sample MSE: 2.9000517888812443
Finished training EB wellspecified, with SURE: 0.7490260498127529
Finished training EB wellspecified, with in-sample MSE: 0.8690086293160755
m: 163
Finished solving NPMLE, with SURE 46.141438283777305
Finished solving NPMLE, with in-sample MSE 3.5247753070870083
Finished solving parametric estimator, with SURE 3.3827945679587805
Finished solving parametric estimator, with in-sample MSE 3.4369929584868038
Finished solving EBCF, with in-sample MSE 1.4066629665015193
Finished training EB SURE-LS, with SURE: 0.9030527657598927
Finished training EB SURE-LS, with in-sample MSE: 0.8588127375595931
use_scale: True
use_location: False
Finished training EB misspecified with NPMLE init, with SURE: 2.9247411713868985
Finished training EB misspecified with NPMLE init, with in-sample MSE: 2.970575471624505
Finished training EB misspecified, with SURE: 2.924095361558078
Finished training EB misspecified, with in-sample MSE: 2.974561179419005
Finished training EB wellspecified, with SURE: 0.8819420000264151
Finished training EB wellspecified, with in-sample MSE: 0.8616665183767548
m: 164
Finished solving NPMLE, with SURE 54.41166712891463
Finished solving NPMLE, with in-sample MSE 3.4489699694327016
Finished solving parametric estimator, with SURE 3.386300337146322
Finished solving parametric estimator, with in-sample MSE 3.402957914574545
Finished solving EBCF, with in-sample MSE 0.9094589973813141
Finished training EB SURE-LS, with SURE: 0.8854309561243296
Finished training EB SURE-LS, with in-sample MSE: 0.8796887024297294
use_scale: True
use_location: False
Finished training EB misspecified with NPMLE init, with SURE: 2.9153995943928646
Finished training EB misspecified with NPMLE init, with in-sample MSE: 2.9787156434522792
Finished training EB misspecified, with SURE: 2.9151845616294794
Finished training EB misspecified, with in-sample MSE: 2.9783591754217102
Finished training EB wellspecified, with SURE: 0.912903720509705
Finished training EB wellspecified, with in-sample MSE: 0.9232639749842007
m: 165
Finished solving NPMLE, with SURE 60.58790746723471
Finished solving NPMLE, with in-sample MSE 3.259128467832488
Finished solving parametric estimator, with SURE 3.3960318799147204
Finished solving parametric estimator, with in-sample MSE 3.24108786047669
Finished solving EBCF, with in-sample MSE 0.9207266616611831
Finished training EB SURE-LS, with SURE: 0.7880714948876447
Finished training EB SURE-LS, with in-sample MSE: 0.880060556060448
use_scale: True
use_location: False
Finished training EB misspecified with NPMLE init, with SURE: 2.9076816263486287
Finished training EB misspecified with NPMLE init, with in-sample MSE: 2.8507282178541296
Finished training EB misspecified, with SURE: 2.9077319792185974
Finished training EB misspecified, with in-sample MSE: 2.8510527940087793
Finished training EB wellspecified, with SURE: 0.7800328386704857
Finished training EB wellspecified, with in-sample MSE: 0.8798086849869238
m: 166
Finished solving NPMLE, with SURE 56.15233018399102
Finished solving NPMLE, with in-sample MSE 3.5191512036843777
Finished solving parametric estimator, with SURE 3.343649214150492
Finished solving parametric estimator, with in-sample MSE 3.4444135942393888
Finished solving EBCF, with in-sample MSE 0.8700645208752027
Finished training EB SURE-LS, with SURE: 0.9387123350300242
Finished training EB SURE-LS, with in-sample MSE: 0.9187519221116641
use_scale: True
use_location: False
Finished training EB misspecified with NPMLE init, with SURE: 2.8212865569942993
Finished training EB misspecified with NPMLE init, with in-sample MSE: 2.9899200236701016
Finished training EB misspecified, with SURE: 2.8212952588344002
Finished training EB misspecified, with in-sample MSE: 2.9892515152956207
Finished training EB wellspecified, with SURE: 0.8298874288616019
Finished training EB wellspecified, with in-sample MSE: 0.837473675432423
m: 167
Finished solving NPMLE, with SURE 47.19712997614611
Finished solving NPMLE, with in-sample MSE 3.4264554569517016
Finished solving parametric estimator, with SURE 3.3987281868295502
Finished solving parametric estimator, with in-sample MSE 3.3620586098809957
Finished solving EBCF, with in-sample MSE 0.880589817198835
Finished training EB SURE-LS, with SURE: 0.8598017612019478
Finished training EB SURE-LS, with in-sample MSE: 0.8309810323797597
use_scale: True
use_location: False
Finished training EB misspecified with NPMLE init, with SURE: 2.948563071937457
Finished training EB misspecified with NPMLE init, with in-sample MSE: 2.9494117556098263
Finished training EB misspecified, with SURE: 2.9485336967905447
Finished training EB misspecified, with in-sample MSE: 2.948902429245062
Finished training EB wellspecified, with SURE: 0.8420078219501366
Finished training EB wellspecified, with in-sample MSE: 0.8367731680952505
m: 168
Finished solving NPMLE, with SURE 42.588600800989774
Finished solving NPMLE, with in-sample MSE 3.4306856670898656
Finished solving parametric estimator, with SURE 3.3865705052798836
Finished solving parametric estimator, with in-sample MSE 3.417923115153974
Finished solving EBCF, with in-sample MSE 0.885464393489025
Finished training EB SURE-LS, with SURE: 0.9650513290277928
Finished training EB SURE-LS, with in-sample MSE: 0.8801858063237495
use_scale: True
use_location: False
Finished training EB misspecified with NPMLE init, with SURE: 2.941071949564192
Finished training EB misspecified with NPMLE init, with in-sample MSE: 3.0410181048873834
Finished training EB misspecified, with SURE: 2.9409331784613584
Finished training EB misspecified, with in-sample MSE: 3.041235128872297
Finished training EB wellspecified, with SURE: 0.8981546296699731
Finished training EB wellspecified, with in-sample MSE: 0.8901154150348607
m: 169
Finished solving NPMLE, with SURE 45.20881696469498
Finished solving NPMLE, with in-sample MSE 3.496120779965309
Finished solving parametric estimator, with SURE 3.35881962968638
Finished solving parametric estimator, with in-sample MSE 3.4737387110608857
Finished solving EBCF, with in-sample MSE 0.8882616467723177
Finished training EB SURE-LS, with SURE: 0.8786763662998743
Finished training EB SURE-LS, with in-sample MSE: 0.8570496791875729
use_scale: True
use_location: False
Finished training EB misspecified with NPMLE init, with SURE: 2.905418627900689
Finished training EB misspecified with NPMLE init, with in-sample MSE: 3.001098608589785
Finished training EB misspecified, with SURE: 2.905482458515535
Finished training EB misspecified, with in-sample MSE: 3.0008227048279523
Finished training EB wellspecified, with SURE: 0.8753421425822415
Finished training EB wellspecified, with in-sample MSE: 0.8800320547066884
m: 170
Finished solving NPMLE, with SURE 39.87456544415745
Finished solving NPMLE, with in-sample MSE 3.4281743969193617
Finished solving parametric estimator, with SURE 3.383855785319948
Finished solving parametric estimator, with in-sample MSE 3.352104982280112
Finished solving EBCF, with in-sample MSE 0.8983145745721763
Finished training EB SURE-LS, with SURE: 0.9181233303728543
Finished training EB SURE-LS, with in-sample MSE: 0.8620728618709107
use_scale: True
use_location: False
Finished training EB misspecified with NPMLE init, with SURE: 2.903485218829473
Finished training EB misspecified with NPMLE init, with in-sample MSE: 2.9470496319480635
Finished training EB misspecified, with SURE: 2.9025535308876846
Finished training EB misspecified, with in-sample MSE: 2.948434617764335
Finished training EB wellspecified, with SURE: 0.9109310585429929
Finished training EB wellspecified, with in-sample MSE: 0.881745456477712
m: 171
Finished solving NPMLE, with SURE 38.97635171464211
Finished solving NPMLE, with in-sample MSE 3.571319295938126
Finished solving parametric estimator, with SURE 3.3472945110867265
Finished solving parametric estimator, with in-sample MSE 3.49859959047196
Finished solving EBCF, with in-sample MSE 0.9111404370241551
Finished training EB SURE-LS, with SURE: 0.8994609654040727
Finished training EB SURE-LS, with in-sample MSE: 0.8731659433413206
use_scale: True
use_location: False
Finished training EB misspecified with NPMLE init, with SURE: 2.86007082933152
Finished training EB misspecified with NPMLE init, with in-sample MSE: 3.0184144093318332
Finished training EB misspecified, with SURE: 2.8575891314572313
Finished training EB misspecified, with in-sample MSE: 3.0176983130610036
Finished training EB wellspecified, with SURE: 0.8897701172415219
Finished training EB wellspecified, with in-sample MSE: 0.8760862311743898
m: 172
Finished solving NPMLE, with SURE 47.4188883730019
Finished solving NPMLE, with in-sample MSE 3.393301836505432
Finished solving parametric estimator, with SURE 3.4003553363380057
Finished solving parametric estimator, with in-sample MSE 3.347587720809366
Finished solving EBCF, with in-sample MSE 1.355142580817796
Finished training EB SURE-LS, with SURE: 0.8899067923860173
Finished training EB SURE-LS, with in-sample MSE: 0.8490391706809542
use_scale: True
use_location: False
Finished training EB misspecified with NPMLE init, with SURE: 2.964894307949703
Finished training EB misspecified with NPMLE init, with in-sample MSE: 2.955229589776542
Finished training EB misspecified, with SURE: 2.964757611584214
Finished training EB misspecified, with in-sample MSE: 2.955100201131416
Finished training EB wellspecified, with SURE: 0.8450856793843948
Finished training EB wellspecified, with in-sample MSE: 0.8443129118667385
m: 173
Finished solving NPMLE, with SURE 55.60187828909988
Finished solving NPMLE, with in-sample MSE 3.379017552038071
Finished solving parametric estimator, with SURE 3.3457753518049564
Finished solving parametric estimator, with in-sample MSE 3.342083810323636
Finished solving EBCF, with in-sample MSE 0.8950943170754908
Finished training EB SURE-LS, with SURE: 0.7031428263867676
Finished training EB SURE-LS, with in-sample MSE: 0.890142750528065
use_scale: True
use_location: False
Finished training EB misspecified with NPMLE init, with SURE: 2.7809628857731297
Finished training EB misspecified with NPMLE init, with in-sample MSE: 2.9259180650046126
Finished training EB misspecified, with SURE: 2.780594628041813
Finished training EB misspecified, with in-sample MSE: 2.9260839584713203
Finished training EB wellspecified, with SURE: 0.6294510575478025
Finished training EB wellspecified, with in-sample MSE: 0.8794619065086087
m: 174
Finished solving NPMLE, with SURE 51.75238971701461
Finished solving NPMLE, with in-sample MSE 3.5072812051615148
Finished solving parametric estimator, with SURE 3.4193122787807626
Finished solving parametric estimator, with in-sample MSE 3.453641925344174
Finished solving EBCF, with in-sample MSE 0.8975465188350465
Finished training EB SURE-LS, with SURE: 1.012939933775956
Finished training EB SURE-LS, with in-sample MSE: 0.8524518769939342
use_scale: True
use_location: False
Finished training EB misspecified with NPMLE init, with SURE: 2.933212945842963
Finished training EB misspecified with NPMLE init, with in-sample MSE: 2.9686926240380855
Finished training EB misspecified, with SURE: 2.933250392617688
Finished training EB misspecified, with in-sample MSE: 2.9687617564636555
Finished training EB wellspecified, with SURE: 0.9985685536292159
Finished training EB wellspecified, with in-sample MSE: 0.8793978666675771
m: 175
Finished solving NPMLE, with SURE 48.67824129243956
Finished solving NPMLE, with in-sample MSE 3.4060640211195983
Finished solving parametric estimator, with SURE 3.384334378640742
Finished solving parametric estimator, with in-sample MSE 3.376562333916982
Finished solving EBCF, with in-sample MSE 0.865948590279398
Finished training EB SURE-LS, with SURE: 0.8865204038384267
Finished training EB SURE-LS, with in-sample MSE: 0.8411963258664451
use_scale: True
use_location: False
Finished training EB misspecified with NPMLE init, with SURE: 2.897380847439506
Finished training EB misspecified with NPMLE init, with in-sample MSE: 2.93953747639672
Finished training EB misspecified, with SURE: 2.8929102957835435
Finished training EB misspecified, with in-sample MSE: 2.9441754021827524
Finished training EB wellspecified, with SURE: 0.8742532524857908
Finished training EB wellspecified, with in-sample MSE: 0.8213329079596186
m: 176
Finished solving NPMLE, with SURE 34.34981428461209
Finished solving NPMLE, with in-sample MSE 3.3723407203705333
Finished solving parametric estimator, with SURE 3.401611988329703
Finished solving parametric estimator, with in-sample MSE 3.3336481600744463
Finished solving EBCF, with in-sample MSE 0.8762831037194305
Finished training EB SURE-LS, with SURE: 0.8833426523864486
Finished training EB SURE-LS, with in-sample MSE: 0.8440252226527336
use_scale: True
use_location: False
Finished training EB misspecified with NPMLE init, with SURE: 2.950960054615809
Finished training EB misspecified with NPMLE init, with in-sample MSE: 2.8979542268966783
Finished training EB misspecified, with SURE: 2.950211306069554
Finished training EB misspecified, with in-sample MSE: 2.897321478323983
Finished training EB wellspecified, with SURE: 0.8833583555139152
Finished training EB wellspecified, with in-sample MSE: 0.8901847352941114
m: 177
Finished solving NPMLE, with SURE 41.519860434711525
Finished solving NPMLE, with in-sample MSE 3.40786608973279
Finished solving parametric estimator, with SURE 3.3708439996961372
Finished solving parametric estimator, with in-sample MSE 3.3777516324698604
Finished solving EBCF, with in-sample MSE 1.909305278872904
Finished training EB SURE-LS, with SURE: 0.7218490647328619
Finished training EB SURE-LS, with in-sample MSE: 0.85672600903207
use_scale: True
use_location: False
Finished training EB misspecified with NPMLE init, with SURE: 2.927286141922357
Finished training EB misspecified with NPMLE init, with in-sample MSE: 2.8619440379505376
Finished training EB misspecified, with SURE: 2.9270699085587957
Finished training EB misspecified, with in-sample MSE: 2.8627135071434777
Finished training EB wellspecified, with SURE: 0.7026207494051815
Finished training EB wellspecified, with in-sample MSE: 0.8573724707432403
m: 178
Finished solving NPMLE, with SURE 47.3731927912291
Finished solving NPMLE, with in-sample MSE 3.375131006515495
Finished solving parametric estimator, with SURE 3.3835758668601787
Finished solving parametric estimator, with in-sample MSE 3.3039212111308145
Finished solving EBCF, with in-sample MSE 1.4207076228608493
Finished training EB SURE-LS, with SURE: 0.8607116120868571
Finished training EB SURE-LS, with in-sample MSE: 0.8353034153256622
use_scale: True
use_location: False
Finished training EB misspecified with NPMLE init, with SURE: 2.907159337759142
Finished training EB misspecified with NPMLE init, with in-sample MSE: 2.8934702000599914
Finished training EB misspecified, with SURE: 2.9051986373687124
Finished training EB misspecified, with in-sample MSE: 2.8881522662088916
Finished training EB wellspecified, with SURE: 0.8415712021760215
Finished training EB wellspecified, with in-sample MSE: 0.8448665112471133
m: 179
Finished solving NPMLE, with SURE 50.20832164825856
Finished solving NPMLE, with in-sample MSE 3.4430216050276607
Finished solving parametric estimator, with SURE 3.390319415396813
Finished solving parametric estimator, with in-sample MSE 3.4255879070130044
Finished solving EBCF, with in-sample MSE 0.883995760796499
Finished training EB SURE-LS, with SURE: 0.8266386093322816
Finished training EB SURE-LS, with in-sample MSE: 0.8395675092863031
use_scale: True
use_location: False
Finished training EB misspecified with NPMLE init, with SURE: 2.9305590010780653
Finished training EB misspecified with NPMLE init, with in-sample MSE: 2.9423624141212694
Finished training EB misspecified, with SURE: 2.9305317203561327
Finished training EB misspecified, with in-sample MSE: 2.942405634384351
Finished training EB wellspecified, with SURE: 0.8269136873411503
Finished training EB wellspecified, with in-sample MSE: 0.8449235971717873
m: 180
Finished solving NPMLE, with SURE 48.48618670563624
Finished solving NPMLE, with in-sample MSE 3.386819014133357
Finished solving parametric estimator, with SURE 3.3979465916606517
Finished solving parametric estimator, with in-sample MSE 3.3336694786149077
Finished solving EBCF, with in-sample MSE 1.8477324239159891
Finished training EB SURE-LS, with SURE: 0.851324867108192
Finished training EB SURE-LS, with in-sample MSE: 0.8596443334925408
use_scale: True
use_location: False
Finished training EB misspecified with NPMLE init, with SURE: 2.9363013355833005
Finished training EB misspecified with NPMLE init, with in-sample MSE: 2.920920997656866
Finished training EB misspecified, with SURE: 2.936169504267289
Finished training EB misspecified, with in-sample MSE: 2.920483119572452
Finished training EB wellspecified, with SURE: 0.7962139916661423
Finished training EB wellspecified, with in-sample MSE: 0.8577977672213423
m: 181
Finished solving NPMLE, with SURE 40.33068516499043
Finished solving NPMLE, with in-sample MSE 3.4775166298501023
Finished solving parametric estimator, with SURE 3.371943659307312
Finished solving parametric estimator, with in-sample MSE 3.4026615037364327
Finished solving EBCF, with in-sample MSE 0.8874747438860595
Finished training EB SURE-LS, with SURE: 0.9310163763804115
Finished training EB SURE-LS, with in-sample MSE: 0.8617913992931583
use_scale: True
use_location: False
Finished training EB misspecified with NPMLE init, with SURE: 2.9230150134289135
Finished training EB misspecified with NPMLE init, with in-sample MSE: 2.936740085237503
Finished training EB misspecified, with SURE: 2.909694719571277
Finished training EB misspecified, with in-sample MSE: 2.9572108885521304
Finished training EB wellspecified, with SURE: 0.8834200019492957
Finished training EB wellspecified, with in-sample MSE: 0.8516273652651765
m: 182
Finished solving NPMLE, with SURE 52.89981727203597
Finished solving NPMLE, with in-sample MSE 3.274398797196883
Finished solving parametric estimator, with SURE 3.3617296296164296
Finished solving parametric estimator, with in-sample MSE 3.2181896748739365
Finished solving EBCF, with in-sample MSE 0.8458365264045927
Finished training EB SURE-LS, with SURE: 0.7961221053029713
Finished training EB SURE-LS, with in-sample MSE: 0.839138834644326
use_scale: True
use_location: False
Finished training EB misspecified with NPMLE init, with SURE: 2.8529847404342616
Finished training EB misspecified with NPMLE init, with in-sample MSE: 2.8498224970664894
Finished training EB misspecified, with SURE: 2.8529786197158025
Finished training EB misspecified, with in-sample MSE: 2.8493256730134444
Finished training EB wellspecified, with SURE: 0.7703778380871854
Finished training EB wellspecified, with in-sample MSE: 0.8188199258641152
m: 183
Finished solving NPMLE, with SURE 53.547869618345
Finished solving NPMLE, with in-sample MSE 3.340906374140815
Finished solving parametric estimator, with SURE 3.356874716566229
Finished solving parametric estimator, with in-sample MSE 3.336208218367395
Finished solving EBCF, with in-sample MSE 0.8999754430367333
Finished training EB SURE-LS, with SURE: 0.8075729550575375
Finished training EB SURE-LS, with in-sample MSE: 0.8345025632189292
use_scale: True
use_location: False
Finished training EB misspecified with NPMLE init, with SURE: 2.8731244009211525
Finished training EB misspecified with NPMLE init, with in-sample MSE: 2.899024321677436
Finished training EB misspecified, with SURE: 2.873114629247618
Finished training EB misspecified, with in-sample MSE: 2.9003158119417107
Finished training EB wellspecified, with SURE: 0.7897867202542733
Finished training EB wellspecified, with in-sample MSE: 0.8379878888148151
m: 184
Finished solving NPMLE, with SURE 35.393872612419266
Finished solving NPMLE, with in-sample MSE 3.3428335208777464
Finished solving parametric estimator, with SURE 3.3901711582451
Finished solving parametric estimator, with in-sample MSE 3.289941225806778
Finished solving EBCF, with in-sample MSE 0.8916783901912806
Finished training EB SURE-LS, with SURE: 0.8726055426909624
Finished training EB SURE-LS, with in-sample MSE: 0.8424191169476556
use_scale: True
use_location: False
Finished training EB misspecified with NPMLE init, with SURE: 2.9497794446440406
Finished training EB misspecified with NPMLE init, with in-sample MSE: 2.8386486634028487
Finished training EB misspecified, with SURE: 2.9479640154070212
Finished training EB misspecified, with in-sample MSE: 2.8375681805602277
Finished training EB wellspecified, with SURE: 0.8650558908863155
Finished training EB wellspecified, with in-sample MSE: 0.8427063298902523
m: 185
Finished solving NPMLE, with SURE 39.56868115403262
Finished solving NPMLE, with in-sample MSE 3.519265903726602
Finished solving parametric estimator, with SURE 3.372248984883328
Finished solving parametric estimator, with in-sample MSE 3.4871811615310775
Finished solving EBCF, with in-sample MSE 0.8886586112428854
Finished training EB SURE-LS, with SURE: 0.888803589153384
Finished training EB SURE-LS, with in-sample MSE: 0.8413417964757973
use_scale: True
use_location: False
Finished training EB misspecified with NPMLE init, with SURE: 2.9265264414450973
Finished training EB misspecified with NPMLE init, with in-sample MSE: 3.0553053687705383
Finished training EB misspecified, with SURE: 2.9256558841277673
Finished training EB misspecified, with in-sample MSE: 3.0564068324711258
Finished training EB wellspecified, with SURE: 0.9189584456614508
Finished training EB wellspecified, with in-sample MSE: 0.8986570133732364
m: 186
Finished solving NPMLE, with SURE 34.490012413576146
Finished solving NPMLE, with in-sample MSE 3.492515534927624
Finished solving parametric estimator, with SURE 3.355013077566703
Finished solving parametric estimator, with in-sample MSE 3.42948617162682
Finished solving EBCF, with in-sample MSE 0.905129761832665
Finished training EB SURE-LS, with SURE: 0.8208758737250265
Finished training EB SURE-LS, with in-sample MSE: 0.8615475984431815
use_scale: True
use_location: False
Finished training EB misspecified with NPMLE init, with SURE: 2.887335359018991
Finished training EB misspecified with NPMLE init, with in-sample MSE: 2.962701907718989
Finished training EB misspecified, with SURE: 2.8872640271003913
Finished training EB misspecified, with in-sample MSE: 2.962157050316477
Finished training EB wellspecified, with SURE: 0.7919637209957859
Finished training EB wellspecified, with in-sample MSE: 0.8579625865490855
m: 187
Finished solving NPMLE, with SURE 51.155005414685526
Finished solving NPMLE, with in-sample MSE 3.3581724173843046
Finished solving parametric estimator, with SURE 3.3566378399389114
Finished solving parametric estimator, with in-sample MSE 3.3038249428894892
Finished solving EBCF, with in-sample MSE 0.8885428986511685
Finished training EB SURE-LS, with SURE: 0.8369737472708957
Finished training EB SURE-LS, with in-sample MSE: 0.8399854637044416
use_scale: True
use_location: False
Finished training EB misspecified with NPMLE init, with SURE: 2.889620271810521
Finished training EB misspecified with NPMLE init, with in-sample MSE: 2.8555939007891493
Finished training EB misspecified, with SURE: 2.8906494501488478
Finished training EB misspecified, with in-sample MSE: 2.8520976918132015
Finished training EB wellspecified, with SURE: 0.8415310563050804
Finished training EB wellspecified, with in-sample MSE: 0.8469588034281087
m: 188
Finished solving NPMLE, with SURE 50.92892884564465
Finished solving NPMLE, with in-sample MSE 3.3851389580581674
Finished solving parametric estimator, with SURE 3.399597625569973
Finished solving parametric estimator, with in-sample MSE 3.312830316835601
Finished solving EBCF, with in-sample MSE 0.9059679791236732
Finished training EB SURE-LS, with SURE: 0.8838744608353365
Finished training EB SURE-LS, with in-sample MSE: 0.8568819071669305
use_scale: True
use_location: False
Finished training EB misspecified with NPMLE init, with SURE: 2.9159658402054878
Finished training EB misspecified with NPMLE init, with in-sample MSE: 2.8742765498878486
Finished training EB misspecified, with SURE: 2.9160199550117976
Finished training EB misspecified, with in-sample MSE: 2.8740109234329156
Finished training EB wellspecified, with SURE: 0.8822744203003348
Finished training EB wellspecified, with in-sample MSE: 0.8710080589449462
m: 189
Finished solving NPMLE, with SURE 47.031149838655885
Finished solving NPMLE, with in-sample MSE 3.455772911031226
Finished solving parametric estimator, with SURE 3.3652978700489036
Finished solving parametric estimator, with in-sample MSE 3.4222093659803683
Finished solving EBCF, with in-sample MSE 0.8543682904959617
Finished training EB SURE-LS, with SURE: 0.8607558637235516
Finished training EB SURE-LS, with in-sample MSE: 0.8272430503235481
use_scale: True
use_location: False
Finished training EB misspecified with NPMLE init, with SURE: 2.9119959178202146
Finished training EB misspecified with NPMLE init, with in-sample MSE: 2.9234058154700278
Finished training EB misspecified, with SURE: 2.9120846908441673
Finished training EB misspecified, with in-sample MSE: 2.9233068852680053
Finished training EB wellspecified, with SURE: 0.8733129378063386
Finished training EB wellspecified, with in-sample MSE: 0.8783486709626501
m: 190
Finished solving NPMLE, with SURE 50.15312480239336
Finished solving NPMLE, with in-sample MSE 3.4425916879009537
Finished solving parametric estimator, with SURE 3.3603132762496646
Finished solving parametric estimator, with in-sample MSE 3.3510695820471885
Finished solving EBCF, with in-sample MSE 0.8798674457954638
Finished training EB SURE-LS, with SURE: 0.7563167780748731
Finished training EB SURE-LS, with in-sample MSE: 0.8266963538133933
use_scale: True
use_location: False
Finished training EB misspecified with NPMLE init, with SURE: 2.8330685039896095
Finished training EB misspecified with NPMLE init, with in-sample MSE: 2.866711362752728
Finished training EB misspecified, with SURE: 2.833203753122133
Finished training EB misspecified, with in-sample MSE: 2.866529687732264
Finished training EB wellspecified, with SURE: 0.7409479635576142
Finished training EB wellspecified, with in-sample MSE: 0.8388184132384956
m: 191
Finished solving NPMLE, with SURE 42.41200541738102
Finished solving NPMLE, with in-sample MSE 3.342079129932715
Finished solving parametric estimator, with SURE 3.3788700282544615
Finished solving parametric estimator, with in-sample MSE 3.3027217658843733
Finished solving EBCF, with in-sample MSE 0.852231644231626
Finished training EB SURE-LS, with SURE: 0.8384415983378404
Finished training EB SURE-LS, with in-sample MSE: 0.8028712780970234
use_scale: True
use_location: False
Finished training EB misspecified with NPMLE init, with SURE: 2.9129429961037068
Finished training EB misspecified with NPMLE init, with in-sample MSE: 2.9002087764465205
Finished training EB misspecified, with SURE: 2.912768605214527
Finished training EB misspecified, with in-sample MSE: 2.900360607061644
Finished training EB wellspecified, with SURE: 0.8056902476942619
Finished training EB wellspecified, with in-sample MSE: 0.8182590416351977
m: 192
Finished solving NPMLE, with SURE 49.525414673714
Finished solving NPMLE, with in-sample MSE 3.4714772489159413
Finished solving parametric estimator, with SURE 3.3354058288511945
Finished solving parametric estimator, with in-sample MSE 3.4216685190347067
Finished solving EBCF, with in-sample MSE 0.8934169236082807
Finished training EB SURE-LS, with SURE: 0.7299757502648404
Finished training EB SURE-LS, with in-sample MSE: 0.8552262977275866
use_scale: True
use_location: False
Finished training EB misspecified with NPMLE init, with SURE: 2.8519587299049647
Finished training EB misspecified with NPMLE init, with in-sample MSE: 2.9705126753658595
Finished training EB misspecified, with SURE: 2.8517930985956137
Finished training EB misspecified, with in-sample MSE: 2.9708691829705622
Finished training EB wellspecified, with SURE: 0.7105038288453391
Finished training EB wellspecified, with in-sample MSE: 0.8522367531007103
m: 193
Finished solving NPMLE, with SURE 40.265654749558536
Finished solving NPMLE, with in-sample MSE 3.3821146110017923
Finished solving parametric estimator, with SURE 3.3753271500950333
Finished solving parametric estimator, with in-sample MSE 3.317051290290233
Finished solving EBCF, with in-sample MSE 0.8887958307953057
Finished training EB SURE-LS, with SURE: 0.7616377869250818
Finished training EB SURE-LS, with in-sample MSE: 0.8460290540387893
use_scale: True
use_location: False
Finished training EB misspecified with NPMLE init, with SURE: 2.910653377075198
Finished training EB misspecified with NPMLE init, with in-sample MSE: 2.8918657902573752
Finished training EB misspecified, with SURE: 2.907998340158226
Finished training EB misspecified, with in-sample MSE: 2.895266766250596
Finished training EB wellspecified, with SURE: 0.7413354122848506
Finished training EB wellspecified, with in-sample MSE: 0.8463914953088195
m: 194
Finished solving NPMLE, with SURE 53.966481311860264
Finished solving NPMLE, with in-sample MSE 3.206084245770109
Finished solving parametric estimator, with SURE 3.353983352299201
Finished solving parametric estimator, with in-sample MSE 3.1730927795278028
Finished solving EBCF, with in-sample MSE 0.8709992091530451
Finished training EB SURE-LS, with SURE: 0.8288037992550069
Finished training EB SURE-LS, with in-sample MSE: 0.9298174701462151
use_scale: True
use_location: False
Finished training EB misspecified with NPMLE init, with SURE: 2.8511437352849187
Finished training EB misspecified with NPMLE init, with in-sample MSE: 2.7876432881229745
Finished training EB misspecified, with SURE: 2.8509335931909283
Finished training EB misspecified, with in-sample MSE: 2.787749370145095
Finished training EB wellspecified, with SURE: 0.7410990731556092
Finished training EB wellspecified, with in-sample MSE: 0.8384576056821542
m: 195
Finished solving NPMLE, with SURE 40.55399623250054
Finished solving NPMLE, with in-sample MSE 3.399474216076703
Finished solving parametric estimator, with SURE 3.3582129778791643
Finished solving parametric estimator, with in-sample MSE 3.3732324881699816
Finished solving EBCF, with in-sample MSE 0.8950428874286738
Finished training EB SURE-LS, with SURE: 0.8811001104905288
Finished training EB SURE-LS, with in-sample MSE: 0.8325346589673743
use_scale: True
use_location: False
Finished training EB misspecified with NPMLE init, with SURE: 2.909796154988584
Finished training EB misspecified with NPMLE init, with in-sample MSE: 2.922593163046335
Finished training EB misspecified, with SURE: 2.9080163961892764
Finished training EB misspecified, with in-sample MSE: 2.930005484903215
Finished training EB wellspecified, with SURE: 0.8670468380596856
Finished training EB wellspecified, with in-sample MSE: 0.8519761433072669
m: 196
Finished solving NPMLE, with SURE 29.661431220216365
Finished solving NPMLE, with in-sample MSE 3.4093176991410115
Finished solving parametric estimator, with SURE 3.4251706641222137
Finished solving parametric estimator, with in-sample MSE 3.3628210160641987
Finished solving EBCF, with in-sample MSE 0.9001478903980269
Finished training EB SURE-LS, with SURE: 0.914323135308538
Finished training EB SURE-LS, with in-sample MSE: 0.8462038047686055
use_scale: True
use_location: False
Finished training EB misspecified with NPMLE init, with SURE: 2.9795162475041095
Finished training EB misspecified with NPMLE init, with in-sample MSE: 2.9514405306470413
Finished training EB misspecified, with SURE: 2.947902437320223
Finished training EB misspecified, with in-sample MSE: 2.9262094127759446
Finished training EB wellspecified, with SURE: 0.9022228641056598
Finished training EB wellspecified, with in-sample MSE: 0.8728525435314657
m: 197
Finished solving NPMLE, with SURE 61.25512682938618
Finished solving NPMLE, with in-sample MSE 3.4056885994572004
Finished solving parametric estimator, with SURE 3.3666040336577003
Finished solving parametric estimator, with in-sample MSE 3.3437685493877805
Finished solving EBCF, with in-sample MSE 0.8591625268702799
Finished training EB SURE-LS, with SURE: 0.8796654808350692
Finished training EB SURE-LS, with in-sample MSE: 0.8344225454013641
use_scale: True
use_location: False
Finished training EB misspecified with NPMLE init, with SURE: 2.8891939335164034
Finished training EB misspecified with NPMLE init, with in-sample MSE: 2.933033499662402
Finished training EB misspecified, with SURE: 2.889186153500929
Finished training EB misspecified, with in-sample MSE: 2.9328551069417546
Finished training EB wellspecified, with SURE: 2.8897531909174017
Finished training EB wellspecified, with in-sample MSE: 2.9330612134958374
m: 198
Finished solving NPMLE, with SURE 43.47119131277575
Finished solving NPMLE, with in-sample MSE 3.4192955157757576
Finished solving parametric estimator, with SURE 3.370991732220977
Finished solving parametric estimator, with in-sample MSE 3.3992390031620903
Finished solving EBCF, with in-sample MSE 0.8855110128276763
Finished training EB SURE-LS, with SURE: 0.8393599992712811
Finished training EB SURE-LS, with in-sample MSE: 0.8567764599920872
use_scale: True
use_location: False
Finished training EB misspecified with NPMLE init, with SURE: 2.8898756792163214
Finished training EB misspecified with NPMLE init, with in-sample MSE: 2.9131839262873274
Finished training EB misspecified, with SURE: 2.890056931832961
Finished training EB misspecified, with in-sample MSE: 2.9128940122192484
Finished training EB wellspecified, with SURE: 0.83994401737318
Finished training EB wellspecified, with in-sample MSE: 0.8700916074397169
m: 199
Finished solving NPMLE, with SURE 55.52272711489813
Finished solving NPMLE, with in-sample MSE 3.329114070988545
Finished solving parametric estimator, with SURE 3.369269105673112
Finished solving parametric estimator, with in-sample MSE 3.272939520493117
Finished solving EBCF, with in-sample MSE 1.3366190405397043
Finished training EB SURE-LS, with SURE: 0.7489313015642077
Finished training EB SURE-LS, with in-sample MSE: 0.8340809492254441
use_scale: True
use_location: False
Finished training EB misspecified with NPMLE init, with SURE: 2.855079616981858
Finished training EB misspecified with NPMLE init, with in-sample MSE: 2.889811835917429
Finished training EB misspecified, with SURE: 2.8545711456972684
Finished training EB misspecified, with in-sample MSE: 2.8882282019211685
Finished training EB wellspecified, with SURE: 0.73288198024037
Finished training EB wellspecified, with in-sample MSE: 0.833768072450635
submitit INFO (2026-08-26 10:20:47,472) - Job completed successfully
submitit INFO (2026-08-26 10:20:47,538) - Exiting after successful completion
