submitit INFO (2026-08-31 11:41:18,455) - Starting with JobEnvironment(job_id=1551230, hostname=g002, local_rank=0(1), node=0(1), global_rank=0(1))
submitit INFO (2026-08-31 11:41:18,455) - Loading pickle: /home/amberlee0516/score-matching-empirical-bayes/submitit_log/1551230/1551230_submitted.pkl
simulate_data.py: device = cuda:0

n: 100
m: 0
Finished solving NPMLE, with SURE 0.32526012948361904
Finished solving NPMLE, with in-sample MSE 0.3413243041359744
Finished solving parametric estimator, with SURE 0.23394077604038216
Finished solving parametric estimator, with in-sample MSE 0.2744679518252254
Finished solving EBCF, with in-sample MSE 0.22592802245868088
Finished training EB SURE-LS, with SURE: 0.15002682911517626
Finished training EB SURE-LS, with in-sample MSE: 0.14747322324144077
use_scale: True
use_location: False
Finished training EB misspecified with NPMLE init, with SURE: 0.14681191629257323
Finished training EB misspecified with NPMLE init, with in-sample MSE: 0.22047392583384987
Finished training EB misspecified, with SURE: 0.1468137585401342
Finished training EB misspecified, with in-sample MSE: 0.22046996604139749
Finished training EB wellspecified, with SURE: 0.11706806957686915
Finished training EB wellspecified, with in-sample MSE: 0.21510373190274124
m: 1
Finished solving NPMLE, with SURE 0.30114193091631003
Finished solving NPMLE, with in-sample MSE 0.23466135315142866
Finished solving parametric estimator, with SURE 0.22817604087918714
Finished solving parametric estimator, with in-sample MSE 0.193761152678659
Finished solving EBCF, with in-sample MSE 0.11101204905528661
Finished training EB SURE-LS, with SURE: 0.13721254597658317
Finished training EB SURE-LS, with in-sample MSE: 0.1040710598725133
use_scale: True
use_location: False
Finished training EB misspecified with NPMLE init, with SURE: 0.11829237100051501
Finished training EB misspecified with NPMLE init, with in-sample MSE: 0.15708247727533856
Finished training EB misspecified, with SURE: 0.11829771665258364
Finished training EB misspecified, with in-sample MSE: 0.15708257907739961
Finished training EB wellspecified, with SURE: 0.0832106982665578
Finished training EB wellspecified, with in-sample MSE: 0.1498498620824624
m: 2
Finished solving NPMLE, with SURE 0.3246699224565744
Finished solving NPMLE, with in-sample MSE 0.24277269865236964
Finished solving parametric estimator, with SURE 0.23009116893247264
Finished solving parametric estimator, with in-sample MSE 0.20910694412609343
Finished solving EBCF, with in-sample MSE 0.19153190011406193
Finished training EB SURE-LS, with SURE: 0.1227846630376817
Finished training EB SURE-LS, with in-sample MSE: 0.1927261463841392
use_scale: True
use_location: False
Finished training EB misspecified with NPMLE init, with SURE: 0.09560159563378867
Finished training EB misspecified with NPMLE init, with in-sample MSE: 0.22316496445179976
Finished training EB misspecified, with SURE: 0.09559425729426274
Finished training EB misspecified, with in-sample MSE: 0.22316875870376518
Finished training EB wellspecified, with SURE: 0.07934648579555069
Finished training EB wellspecified, with in-sample MSE: 0.19064056236357324
m: 3
Finished solving NPMLE, with SURE 0.2951071825908624
Finished solving NPMLE, with in-sample MSE 0.3161351853331889
Finished solving parametric estimator, with SURE 0.23432901182515614
Finished solving parametric estimator, with in-sample MSE 0.2135296986582132
Finished solving EBCF, with in-sample MSE 0.1577101132198601
Finished training EB SURE-LS, with SURE: 0.1688018266314985
Finished training EB SURE-LS, with in-sample MSE: 0.11132335864756586
use_scale: True
use_location: False
Finished training EB misspecified with NPMLE init, with SURE: 0.14062395520987714
Finished training EB misspecified with NPMLE init, with in-sample MSE: 0.15206379241760046
Finished training EB misspecified, with SURE: 0.14063594508629812
Finished training EB misspecified, with in-sample MSE: 0.15203446310411745
Finished training EB wellspecified, with SURE: 0.11102570877725448
Finished training EB wellspecified, with in-sample MSE: 0.16526925350265873
m: 4
Finished solving NPMLE, with SURE 0.35820714231225337
Finished solving NPMLE, with in-sample MSE 0.20052906678189944
Finished solving parametric estimator, with SURE 0.22409261650843557
Finished solving parametric estimator, with in-sample MSE 0.1961310073913174
Finished solving EBCF, with in-sample MSE 0.13759480549755398
Finished training EB SURE-LS, with SURE: 0.11278465328955106
Finished training EB SURE-LS, with in-sample MSE: 0.13274736669649884
use_scale: True
use_location: False
Finished training EB misspecified with NPMLE init, with SURE: 0.10516356905175286
Finished training EB misspecified with NPMLE init, with in-sample MSE: 0.15100444635570268
Finished training EB misspecified, with SURE: 0.10517494172819042
Finished training EB misspecified, with in-sample MSE: 0.15101383475650418
Finished training EB wellspecified, with SURE: 0.09178986199760525
Finished training EB wellspecified, with in-sample MSE: 0.1412192969911126
m: 5
Finished solving NPMLE, with SURE 0.3571081762973111
Finished solving NPMLE, with in-sample MSE 0.2678632138659099
Finished solving parametric estimator, with SURE 0.21422542434817662
Finished solving parametric estimator, with in-sample MSE 0.24333616326027907
Finished solving EBCF, with in-sample MSE 0.1543318820178588
Finished training EB SURE-LS, with SURE: 0.14168098900766002
Finished training EB SURE-LS, with in-sample MSE: 0.12969526821485672
use_scale: True
use_location: False
Finished training EB misspecified with NPMLE init, with SURE: 0.12885762924841782
Finished training EB misspecified with NPMLE init, with in-sample MSE: 0.18768575514219255
Finished training EB misspecified, with SURE: 0.11425142313329577
Finished training EB misspecified, with in-sample MSE: 0.20899066891403326
Finished training EB wellspecified, with SURE: 0.10904788104533455
Finished training EB wellspecified, with in-sample MSE: 0.16070111055530295
m: 6
Finished solving NPMLE, with SURE 0.414131910207056
Finished solving NPMLE, with in-sample MSE 0.271104351327277
Finished solving parametric estimator, with SURE 0.23549641731682164
Finished solving parametric estimator, with in-sample MSE 0.24727084205617064
Finished solving EBCF, with in-sample MSE 0.17408849750269928
Finished training EB SURE-LS, with SURE: 0.14075384103807373
Finished training EB SURE-LS, with in-sample MSE: 0.16234385683858019
use_scale: True
use_location: False
Finished training EB misspecified with NPMLE init, with SURE: 0.148135093596434
Finished training EB misspecified with NPMLE init, with in-sample MSE: 0.21079089377420035
Finished training EB misspecified, with SURE: 0.14814596584970385
Finished training EB misspecified, with in-sample MSE: 0.21091872072636375
Finished training EB wellspecified, with SURE: 0.12444173974963357
Finished training EB wellspecified, with in-sample MSE: 0.16982930103753824
m: 7
Finished solving NPMLE, with SURE 0.3221693994360802
Finished solving NPMLE, with in-sample MSE 0.24206683946093993
Finished solving parametric estimator, with SURE 0.24270217123177804
Finished solving parametric estimator, with in-sample MSE 0.2073323398733897
Finished solving EBCF, with in-sample MSE 0.18455224308342325
Finished training EB SURE-LS, with SURE: 0.13839711607839453
Finished training EB SURE-LS, with in-sample MSE: 0.1547945669129878
use_scale: True
use_location: False
Finished training EB misspecified with NPMLE init, with SURE: 0.15229266319062823
Finished training EB misspecified with NPMLE init, with in-sample MSE: 0.15670307246904353
Finished training EB misspecified, with SURE: 0.1511219929283319
Finished training EB misspecified, with in-sample MSE: 0.1591125117857552
Finished training EB wellspecified, with SURE: 0.12456630391968972
Finished training EB wellspecified, with in-sample MSE: 0.16463816499084255
m: 8
Finished solving NPMLE, with SURE 0.32803401357326334
Finished solving NPMLE, with in-sample MSE 0.2348320897642556
Finished solving parametric estimator, with SURE 0.24321113582376666
Finished solving parametric estimator, with in-sample MSE 0.20946141663227982
Finished solving EBCF, with in-sample MSE 0.15404926602216554
Finished training EB SURE-LS, with SURE: 0.18482957585092158
Finished training EB SURE-LS, with in-sample MSE: 0.11947939063868171
use_scale: True
use_location: False
Finished training EB misspecified with NPMLE init, with SURE: 0.1779185690655331
Finished training EB misspecified with NPMLE init, with in-sample MSE: 0.1853373649021636
Finished training EB misspecified, with SURE: 0.1779255013241183
Finished training EB misspecified, with in-sample MSE: 0.1853040636825796
Finished training EB wellspecified, with SURE: 0.1598686828187252
Finished training EB wellspecified, with in-sample MSE: 0.15246127614694222
m: 9
Finished solving NPMLE, with SURE 0.2950519469027608
Finished solving NPMLE, with in-sample MSE 0.2845532541815967
Finished solving parametric estimator, with SURE 0.24531872412313854
Finished solving parametric estimator, with in-sample MSE 0.23927979649985673
Finished solving EBCF, with in-sample MSE 0.160893671270876
Finished training EB SURE-LS, with SURE: 0.14690266269654936
Finished training EB SURE-LS, with in-sample MSE: 0.1584909715054983
use_scale: True
use_location: False
Finished training EB misspecified with NPMLE init, with SURE: 0.14132182609142974
Finished training EB misspecified with NPMLE init, with in-sample MSE: 0.19735229625029455
Finished training EB misspecified, with SURE: 0.14132732290305455
Finished training EB misspecified, with in-sample MSE: 0.1973335289690055
Finished training EB wellspecified, with SURE: 0.12156422944958603
Finished training EB wellspecified, with in-sample MSE: 0.17216295512846116
m: 10
Finished solving NPMLE, with SURE 0.3919676132135864
Finished solving NPMLE, with in-sample MSE 0.32740047735670386
Finished solving parametric estimator, with SURE 0.22560457178055232
Finished solving parametric estimator, with in-sample MSE 0.3101340890066041
Finished solving EBCF, with in-sample MSE 0.21896363960372586
Finished training EB SURE-LS, with SURE: 0.15894917915224754
Finished training EB SURE-LS, with in-sample MSE: 0.18325145309892465
use_scale: True
use_location: False
Finished training EB misspecified with NPMLE init, with SURE: 0.09555283663792598
Finished training EB misspecified with NPMLE init, with in-sample MSE: 0.25180507489841675
Finished training EB misspecified, with SURE: 0.09553589981013862
Finished training EB misspecified, with in-sample MSE: 0.25102415277564455
Finished training EB wellspecified, with SURE: 0.0771209992808016
Finished training EB wellspecified, with in-sample MSE: 0.2502685567717055
m: 11
Finished solving NPMLE, with SURE 0.2699718257520713
Finished solving NPMLE, with in-sample MSE 0.2519441347905751
Finished solving parametric estimator, with SURE 0.21811567876019244
Finished solving parametric estimator, with in-sample MSE 0.21982669058947377
Finished solving EBCF, with in-sample MSE 0.16720994652489302
Finished training EB SURE-LS, with SURE: 0.1396179149713153
Finished training EB SURE-LS, with in-sample MSE: 0.13838828386742366
use_scale: True
use_location: False
Finished training EB misspecified with NPMLE init, with SURE: 0.1433403171748143
Finished training EB misspecified with NPMLE init, with in-sample MSE: 0.14891398353929108
Finished training EB misspecified, with SURE: 0.12822349209130407
Finished training EB misspecified, with in-sample MSE: 0.15083759453847173
Finished training EB wellspecified, with SURE: 0.08418895077185112
Finished training EB wellspecified, with in-sample MSE: 0.15016355258723993
m: 12
Finished solving NPMLE, with SURE 0.3587037388062592
Finished solving NPMLE, with in-sample MSE 0.22808370389273513
Finished solving parametric estimator, with SURE 0.23434812152342177
Finished solving parametric estimator, with in-sample MSE 0.1686054213220411
Finished solving EBCF, with in-sample MSE 0.1362574055496098
Finished training EB SURE-LS, with SURE: 0.12081855535588322
Finished training EB SURE-LS, with in-sample MSE: 0.12497487759615625
use_scale: True
use_location: False
Finished training EB misspecified with NPMLE init, with SURE: 0.121605765356125
Finished training EB misspecified with NPMLE init, with in-sample MSE: 0.1375065128438785
Finished training EB misspecified, with SURE: 0.12161297919355896
Finished training EB misspecified, with in-sample MSE: 0.13731420399379496
Finished training EB wellspecified, with SURE: 0.08233937385474964
Finished training EB wellspecified, with in-sample MSE: 0.12750300061684766
m: 13
Finished solving NPMLE, with SURE 0.3357890798203389
Finished solving NPMLE, with in-sample MSE 0.28208916089089286
Finished solving parametric estimator, with SURE 0.22869190841072012
Finished solving parametric estimator, with in-sample MSE 0.16427896929917946
Finished solving EBCF, with in-sample MSE 0.1881131587940128
Finished training EB SURE-LS, with SURE: 0.1367736205965567
Finished training EB SURE-LS, with in-sample MSE: 0.13979663047532528
use_scale: True
use_location: False
Finished training EB misspecified with NPMLE init, with SURE: 0.09091121205359408
Finished training EB misspecified with NPMLE init, with in-sample MSE: 0.2113901689276575
Finished training EB misspecified, with SURE: 0.09092231561001071
Finished training EB misspecified, with in-sample MSE: 0.21140951624551843
Finished training EB wellspecified, with SURE: 0.09092519019536191
Finished training EB wellspecified, with in-sample MSE: 0.21135506474684007
m: 14
Finished solving NPMLE, with SURE 0.29150525852232606
Finished solving NPMLE, with in-sample MSE 0.2322401140951866
Finished solving parametric estimator, with SURE 0.2520713910762824
Finished solving parametric estimator, with in-sample MSE 0.2090600662976336
Finished solving EBCF, with in-sample MSE 0.14791299948081865
Finished training EB SURE-LS, with SURE: 0.15741322942193078
Finished training EB SURE-LS, with in-sample MSE: 0.1364460269027302
use_scale: True
use_location: False
Finished training EB misspecified with NPMLE init, with SURE: 0.1339928891690414
Finished training EB misspecified with NPMLE init, with in-sample MSE: 0.20226738557662224
Finished training EB misspecified, with SURE: 0.1340056385343425
Finished training EB misspecified, with in-sample MSE: 0.20217484888480072
Finished training EB wellspecified, with SURE: 0.12682971579141022
Finished training EB wellspecified, with in-sample MSE: 0.20610636652539388
m: 15
Finished solving NPMLE, with SURE 0.4142887447372105
Finished solving NPMLE, with in-sample MSE 0.240156510147329
Finished solving parametric estimator, with SURE 0.20946865601618478
Finished solving parametric estimator, with in-sample MSE 0.22049506647920883
Finished solving EBCF, with in-sample MSE 0.15054369429461528
Finished training EB SURE-LS, with SURE: 0.11045800061052713
Finished training EB SURE-LS, with in-sample MSE: 0.13554647780833723
use_scale: True
use_location: False
Finished training EB misspecified with NPMLE init, with SURE: 0.08651204650162875
Finished training EB misspecified with NPMLE init, with in-sample MSE: 0.1754712117334895
Finished training EB misspecified, with SURE: 0.08650544967958482
Finished training EB misspecified, with in-sample MSE: 0.17551525841252277
Finished training EB wellspecified, with SURE: 0.04859916966802223
Finished training EB wellspecified, with in-sample MSE: 0.13253147308527527
m: 16
Finished solving NPMLE, with SURE 0.35072870049907207
Finished solving NPMLE, with in-sample MSE 0.3216480243363759
Finished solving parametric estimator, with SURE 0.20569298232929245
Finished solving parametric estimator, with in-sample MSE 0.25263599695505545
Finished solving EBCF, with in-sample MSE 0.16323459937408644
Finished training EB SURE-LS, with SURE: 0.09386260161160014
Finished training EB SURE-LS, with in-sample MSE: 0.1482023675704972
use_scale: True
use_location: False
Finished training EB misspecified with NPMLE init, with SURE: 0.10517265796887088
Finished training EB misspecified with NPMLE init, with in-sample MSE: 0.2599443031099775
Finished training EB misspecified, with SURE: 0.10518871948079003
Finished training EB misspecified, with in-sample MSE: 0.2601273736892302
Finished training EB wellspecified, with SURE: 0.05717524991723732
Finished training EB wellspecified, with in-sample MSE: 0.2241014417214632
m: 17
Finished solving NPMLE, with SURE 0.28108641382815786
Finished solving NPMLE, with in-sample MSE 0.33071263930932715
Finished solving parametric estimator, with SURE 0.23117864267620253
Finished solving parametric estimator, with in-sample MSE 0.31823550805154893
Finished solving EBCF, with in-sample MSE 0.23778753896718502
Finished training EB SURE-LS, with SURE: 0.16473951261914496
Finished training EB SURE-LS, with in-sample MSE: 0.23288523917213313
use_scale: True
use_location: False
Finished training EB misspecified with NPMLE init, with SURE: 0.1825944732070979
Finished training EB misspecified with NPMLE init, with in-sample MSE: 0.3086878343882072
Finished training EB misspecified, with SURE: 0.18259420814973532
Finished training EB misspecified, with in-sample MSE: 0.3085836423045692
Finished training EB wellspecified, with SURE: 0.14477853615952913
Finished training EB wellspecified, with in-sample MSE: 0.2405065884557678
m: 18
Finished solving NPMLE, with SURE 0.3399020885177314
Finished solving NPMLE, with in-sample MSE 0.26804063958987756
Finished solving parametric estimator, with SURE 0.22745881987812175
Finished solving parametric estimator, with in-sample MSE 0.26605787453701757
Finished solving EBCF, with in-sample MSE 0.16007860573644267
Finished training EB SURE-LS, with SURE: 0.15219232580157133
Finished training EB SURE-LS, with in-sample MSE: 0.13113001273076835
use_scale: True
use_location: False
Finished training EB misspecified with NPMLE init, with SURE: 0.13241709541052854
Finished training EB misspecified with NPMLE init, with in-sample MSE: 0.20508803355740832
Finished training EB misspecified, with SURE: 0.13240987093491502
Finished training EB misspecified, with in-sample MSE: 0.20511461671249845
Finished training EB wellspecified, with SURE: 0.1114471537841254
Finished training EB wellspecified, with in-sample MSE: 0.19920726437258615
m: 19
Finished solving NPMLE, with SURE 0.32320695655086223
Finished solving NPMLE, with in-sample MSE 0.17397698153667648
Finished solving parametric estimator, with SURE 0.22083203675063562
Finished solving parametric estimator, with in-sample MSE 0.20835906879204757
Finished solving EBCF, with in-sample MSE 0.16113958997447556
Finished training EB SURE-LS, with SURE: 0.07181993737867819
Finished training EB SURE-LS, with in-sample MSE: 0.15270609047207384
use_scale: True
use_location: False
Finished training EB misspecified with NPMLE init, with SURE: 0.05588895218926972
Finished training EB misspecified with NPMLE init, with in-sample MSE: 0.17950798623539438
Finished training EB misspecified, with SURE: 0.05588379470996365
Finished training EB misspecified, with in-sample MSE: 0.17962853406913548
Finished training EB wellspecified, with SURE: 0.031444062576528944
Finished training EB wellspecified, with in-sample MSE: 0.15863743265485264
m: 20
Finished solving NPMLE, with SURE 0.28782843386341095
Finished solving NPMLE, with in-sample MSE 0.2900099936545174
Finished solving parametric estimator, with SURE 0.22411183133316281
Finished solving parametric estimator, with in-sample MSE 0.25907803085402425
Finished solving EBCF, with in-sample MSE 0.21284189219350874
Finished training EB SURE-LS, with SURE: 0.12514340289083392
Finished training EB SURE-LS, with in-sample MSE: 0.17877134878600065
use_scale: True
use_location: False
Finished training EB misspecified with NPMLE init, with SURE: 0.09824781138650863
Finished training EB misspecified with NPMLE init, with in-sample MSE: 0.2242330099168534
Finished training EB misspecified, with SURE: 0.09826323451411632
Finished training EB misspecified, with in-sample MSE: 0.22435051189507646
Finished training EB wellspecified, with SURE: 0.07931410065160373
Finished training EB wellspecified, with in-sample MSE: 0.20354883866547904
m: 21
Finished solving NPMLE, with SURE 0.26376482648210703
Finished solving NPMLE, with in-sample MSE 0.2129222796786795
Finished solving parametric estimator, with SURE 0.2068755847371761
Finished solving parametric estimator, with in-sample MSE 0.23370672697875924
Finished solving EBCF, with in-sample MSE 0.17963576807285409
Finished training EB SURE-LS, with SURE: 0.02400342110134295
Finished training EB SURE-LS, with in-sample MSE: 0.2051001402875136
use_scale: True
use_location: False
Finished training EB misspecified with NPMLE init, with SURE: 0.05609164113682134
Finished training EB misspecified with NPMLE init, with in-sample MSE: 0.2217770498539512
Finished training EB misspecified, with SURE: 0.056105662561825226
Finished training EB misspecified, with in-sample MSE: 0.22190846512620307
Finished training EB wellspecified, with SURE: 0.018964649409969055
Finished training EB wellspecified, with in-sample MSE: 0.21107129902890698
m: 22
Finished solving NPMLE, with SURE 0.7596782280154413
Finished solving NPMLE, with in-sample MSE 0.3255694280950304
Finished solving parametric estimator, with SURE 0.22747859969941336
Finished solving parametric estimator, with in-sample MSE 0.23762303394209094
Finished solving EBCF, with in-sample MSE 0.17462431775213014
Finished training EB SURE-LS, with SURE: 0.16506899725091717
Finished training EB SURE-LS, with in-sample MSE: 0.1482381982879198
use_scale: True
use_location: False
Finished training EB misspecified with NPMLE init, with SURE: 0.150642904138249
Finished training EB misspecified with NPMLE init, with in-sample MSE: 0.23146268010800722
Finished training EB misspecified, with SURE: 0.1506433320591293
Finished training EB misspecified, with in-sample MSE: 0.23141577667566016
Finished training EB wellspecified, with SURE: 0.07646996358556091
Finished training EB wellspecified, with in-sample MSE: 0.23350618068423845
m: 23
Finished solving NPMLE, with SURE 0.4541522451348748
Finished solving NPMLE, with in-sample MSE 0.2232617590474774
Finished solving parametric estimator, with SURE 0.2316548802592966
Finished solving parametric estimator, with in-sample MSE 0.23979531555159317
Finished solving EBCF, with in-sample MSE 0.14217861583829133
Finished training EB SURE-LS, with SURE: 0.12037228986959615
Finished training EB SURE-LS, with in-sample MSE: 0.13288283830552974
use_scale: True
use_location: False
Finished training EB misspecified with NPMLE init, with SURE: 0.12327367585830644
Finished training EB misspecified with NPMLE init, with in-sample MSE: 0.1450124578362502
Finished training EB misspecified, with SURE: 0.1232855175303348
Finished training EB misspecified, with in-sample MSE: 0.14501268788987562
Finished training EB wellspecified, with SURE: 0.09598360922579019
Finished training EB wellspecified, with in-sample MSE: 0.16927918452059296
m: 24
Finished solving NPMLE, with SURE 0.25840092171862666
Finished solving NPMLE, with in-sample MSE 0.26119567252559706
Finished solving parametric estimator, with SURE 0.21075785910767142
Finished solving parametric estimator, with in-sample MSE 0.2002715790128766
Finished solving EBCF, with in-sample MSE 0.10706976022255085
Finished training EB SURE-LS, with SURE: 0.1412048669745205
Finished training EB SURE-LS, with in-sample MSE: 0.09638267103068275
use_scale: True
use_location: False
Finished training EB misspecified with NPMLE init, with SURE: 0.07504618360025614
Finished training EB misspecified with NPMLE init, with in-sample MSE: 0.2315985234408424
Finished training EB misspecified, with SURE: 0.075053578297657
Finished training EB misspecified, with in-sample MSE: 0.23159498197431166
Finished training EB wellspecified, with SURE: 0.06359391716946647
Finished training EB wellspecified, with in-sample MSE: 0.20144177272394423
m: 25
Finished solving NPMLE, with SURE 0.3148070672124686
Finished solving NPMLE, with in-sample MSE 0.184070542031541
Finished solving parametric estimator, with SURE 0.2414098858994904
Finished solving parametric estimator, with in-sample MSE 0.1980966785615304
Finished solving EBCF, with in-sample MSE 0.1597021271831913
Finished training EB SURE-LS, with SURE: 0.14035337341265022
Finished training EB SURE-LS, with in-sample MSE: 0.13381770303899898
use_scale: True
use_location: False
Finished training EB misspecified with NPMLE init, with SURE: 0.1534874310941033
Finished training EB misspecified with NPMLE init, with in-sample MSE: 0.2030434984584793
Finished training EB misspecified, with SURE: 0.15349561816195612
Finished training EB misspecified, with in-sample MSE: 0.2030095718002972
Finished training EB wellspecified, with SURE: 0.1219470950377903
Finished training EB wellspecified, with in-sample MSE: 0.20310534347943215
m: 26
Finished solving NPMLE, with SURE 0.3165586154285505
Finished solving NPMLE, with in-sample MSE 0.19606759918029332
Finished solving parametric estimator, with SURE 0.23093239855437486
Finished solving parametric estimator, with in-sample MSE 0.16502263015394386
Finished solving EBCF, with in-sample MSE 0.1638801102412478
Finished training EB SURE-LS, with SURE: 0.10821169430058296
Finished training EB SURE-LS, with in-sample MSE: 0.15849883261810466
use_scale: True
use_location: False
Finished training EB misspecified with NPMLE init, with SURE: 0.10298953433488307
Finished training EB misspecified with NPMLE init, with in-sample MSE: 0.1522256161421402
Finished training EB misspecified, with SURE: 0.10244503344597156
Finished training EB misspecified, with in-sample MSE: 0.14901190416361507
Finished training EB wellspecified, with SURE: 0.09564265829324345
Finished training EB wellspecified, with in-sample MSE: 0.1470139608292849
m: 27
Finished solving NPMLE, with SURE 0.3284163388861141
Finished solving NPMLE, with in-sample MSE 0.27236898247327423
Finished solving parametric estimator, with SURE 0.24738137019631595
Finished solving parametric estimator, with in-sample MSE 0.22810785420215096
Finished solving EBCF, with in-sample MSE 0.18905339680426042
Finished training EB SURE-LS, with SURE: 0.18302589523077195
Finished training EB SURE-LS, with in-sample MSE: 0.17221704525270035
use_scale: True
use_location: False
Finished training EB misspecified with NPMLE init, with SURE: 0.1499779521749408
Finished training EB misspecified with NPMLE init, with in-sample MSE: 0.2312646201221752
Finished training EB misspecified, with SURE: 0.1499850934821754
Finished training EB misspecified, with in-sample MSE: 0.23126990030418848
Finished training EB wellspecified, with SURE: 0.10089066782055353
Finished training EB wellspecified, with in-sample MSE: 0.21826090695337683
m: 28
Finished solving NPMLE, with SURE 0.3158792007082772
Finished solving NPMLE, with in-sample MSE 0.23087502706013383
Finished solving parametric estimator, with SURE 0.22542477021004081
Finished solving parametric estimator, with in-sample MSE 0.27678580007400694
Finished solving EBCF, with in-sample MSE 0.21522494396354258
Finished training EB SURE-LS, with SURE: 0.10131236011604827
Finished training EB SURE-LS, with in-sample MSE: 0.19718890175235473
use_scale: True
use_location: False
Finished training EB misspecified with NPMLE init, with SURE: 0.042213926166529775
Finished training EB misspecified with NPMLE init, with in-sample MSE: 0.2528946979519579
Finished training EB misspecified, with SURE: 0.04222871336329341
Finished training EB misspecified, with in-sample MSE: 0.25302347117974827
Finished training EB wellspecified, with SURE: 0.02203942117325755
Finished training EB wellspecified, with in-sample MSE: 0.27668798416131957
m: 29
Finished solving NPMLE, with SURE 0.32206411225035775
Finished solving NPMLE, with in-sample MSE 0.40565301782048235
Finished solving parametric estimator, with SURE 0.24377375307853125
Finished solving parametric estimator, with in-sample MSE 0.32692915399179834
Finished solving EBCF, with in-sample MSE 0.266320448857302
Finished training EB SURE-LS, with SURE: 0.161030664078033
Finished training EB SURE-LS, with in-sample MSE: 0.2207628555633165
use_scale: True
use_location: False
Finished training EB misspecified with NPMLE init, with SURE: 0.14356700528292604
Finished training EB misspecified with NPMLE init, with in-sample MSE: 0.28239573162344184
Finished training EB misspecified, with SURE: 0.14362828592793075
Finished training EB misspecified, with in-sample MSE: 0.2828992327144142
Finished training EB wellspecified, with SURE: 0.10849984366631407
Finished training EB wellspecified, with in-sample MSE: 0.2914592614578777
m: 30
Finished solving NPMLE, with SURE 0.3033969752735143
Finished solving NPMLE, with in-sample MSE 0.36319973879109346
Finished solving parametric estimator, with SURE 0.24096088734254484
Finished solving parametric estimator, with in-sample MSE 0.3024186783672088
Finished solving EBCF, with in-sample MSE 0.21793968482084503
Finished training EB SURE-LS, with SURE: 0.1608658972435729
Finished training EB SURE-LS, with in-sample MSE: 0.1896528304377335
use_scale: True
use_location: False
Finished training EB misspecified with NPMLE init, with SURE: 0.15739048842593248
Finished training EB misspecified with NPMLE init, with in-sample MSE: 0.253216187443431
Finished training EB misspecified, with SURE: 0.15739531517380853
Finished training EB misspecified, with in-sample MSE: 0.25321999739941636
Finished training EB wellspecified, with SURE: 0.1313204730175732
Finished training EB wellspecified, with in-sample MSE: 0.20857924760118235
m: 31
Finished solving NPMLE, with SURE 0.3165188184916511
Finished solving NPMLE, with in-sample MSE 0.27286082135788736
Finished solving parametric estimator, with SURE 0.2362856041694512
Finished solving parametric estimator, with in-sample MSE 0.21538440870608333
Finished solving EBCF, with in-sample MSE 0.19912470726907022
Finished training EB SURE-LS, with SURE: 0.16597337727325776
Finished training EB SURE-LS, with in-sample MSE: 0.16270165619676788
use_scale: True
use_location: False
Finished training EB misspecified with NPMLE init, with SURE: 0.10202388985683172
Finished training EB misspecified with NPMLE init, with in-sample MSE: 0.24872506806412636
Finished training EB misspecified, with SURE: 0.10203257837232506
Finished training EB misspecified, with in-sample MSE: 0.24873204834761148
Finished training EB wellspecified, with SURE: 0.08156007948938968
Finished training EB wellspecified, with in-sample MSE: 0.22028306381183466
m: 32
Finished solving NPMLE, with SURE 0.28439575481521473
Finished solving NPMLE, with in-sample MSE 0.2990110588808698
Finished solving parametric estimator, with SURE 0.23964642573862802
Finished solving parametric estimator, with in-sample MSE 0.22413844858874518
Finished solving EBCF, with in-sample MSE 0.13765426321976953
Finished training EB SURE-LS, with SURE: 0.16101207369483916
Finished training EB SURE-LS, with in-sample MSE: 0.14545231925031768
use_scale: True
use_location: False
Finished training EB misspecified with NPMLE init, with SURE: 0.15960289863847224
Finished training EB misspecified with NPMLE init, with in-sample MSE: 0.2163883775051586
Finished training EB misspecified, with SURE: 0.1596067933745021
Finished training EB misspecified, with in-sample MSE: 0.2163879049352272
Finished training EB wellspecified, with SURE: 0.13024649351373185
Finished training EB wellspecified, with in-sample MSE: 0.1681428358901313
m: 33
Finished solving NPMLE, with SURE 0.4334874129841474
Finished solving NPMLE, with in-sample MSE 0.37293840117637317
Finished solving parametric estimator, with SURE 0.22490150069253312
Finished solving parametric estimator, with in-sample MSE 0.2440869458269782
Finished solving EBCF, with in-sample MSE 0.17981758472680984
Finished training EB SURE-LS, with SURE: 0.14764623403242613
Finished training EB SURE-LS, with in-sample MSE: 0.17262194473899015
use_scale: True
use_location: False
Finished training EB misspecified with NPMLE init, with SURE: 0.14896656074124257
Finished training EB misspecified with NPMLE init, with in-sample MSE: 0.1932833831549041
Finished training EB misspecified, with SURE: 0.148968369832518
Finished training EB misspecified, with in-sample MSE: 0.19328829240961265
Finished training EB wellspecified, with SURE: 0.13493631564693867
Finished training EB wellspecified, with in-sample MSE: 0.1903047227569594
m: 34
Finished solving NPMLE, with SURE 0.5782922168625462
Finished solving NPMLE, with in-sample MSE 0.19656755904394796
Finished solving parametric estimator, with SURE 0.20233423289813623
Finished solving parametric estimator, with in-sample MSE 0.17889908325911538
Finished solving EBCF, with in-sample MSE 0.14966582796812505
Finished training EB SURE-LS, with SURE: 0.09698833296577075
Finished training EB SURE-LS, with in-sample MSE: 0.13462713288875006
use_scale: True
use_location: False
Finished training EB misspecified with NPMLE init, with SURE: 0.09699996373825087
Finished training EB misspecified with NPMLE init, with in-sample MSE: 0.16198547299466387
Finished training EB misspecified, with SURE: 0.09700435289965029
Finished training EB misspecified, with in-sample MSE: 0.16197519287354722
Finished training EB wellspecified, with SURE: 0.0762403868179682
Finished training EB wellspecified, with in-sample MSE: 0.14696131526746023
m: 35
Finished solving NPMLE, with SURE 0.41967181389832725
Finished solving NPMLE, with in-sample MSE 0.2268364338666144
Finished solving parametric estimator, with SURE 0.22783588858048093
Finished solving parametric estimator, with in-sample MSE 0.22499494721703722
Finished solving EBCF, with in-sample MSE 0.17099146351975852
Finished training EB SURE-LS, with SURE: 0.10355931781240334
Finished training EB SURE-LS, with in-sample MSE: 0.16797296636745254
use_scale: True
use_location: False
Finished training EB misspecified with NPMLE init, with SURE: 0.0792579139731967
Finished training EB misspecified with NPMLE init, with in-sample MSE: 0.21321642005642893
Finished training EB misspecified, with SURE: 0.07926927586930888
Finished training EB misspecified, with in-sample MSE: 0.21322063522673174
Finished training EB wellspecified, with SURE: 0.06293012363470914
Finished training EB wellspecified, with in-sample MSE: 0.19332958354263355
m: 36
Finished solving NPMLE, with SURE 0.32245372897659136
Finished solving NPMLE, with in-sample MSE 0.23313808309616899
Finished solving parametric estimator, with SURE 0.24393767861548565
Finished solving parametric estimator, with in-sample MSE 0.2487582025463536
Finished solving EBCF, with in-sample MSE 0.2136917488296028
Finished training EB SURE-LS, with SURE: 0.19604809902458786
Finished training EB SURE-LS, with in-sample MSE: 0.21859071581911718
use_scale: True
use_location: False
Finished training EB misspecified with NPMLE init, with SURE: 0.14330318983040286
Finished training EB misspecified with NPMLE init, with in-sample MSE: 0.22766202057731122
Finished training EB misspecified, with SURE: 0.14330135741978567
Finished training EB misspecified, with in-sample MSE: 0.22765225705893133
Finished training EB wellspecified, with SURE: 0.12938676961410348
Finished training EB wellspecified, with in-sample MSE: 0.20515083925066985
m: 37
Finished solving NPMLE, with SURE 0.3216202185806917
Finished solving NPMLE, with in-sample MSE 0.27381473135686046
Finished solving parametric estimator, with SURE 0.23869311119228792
Finished solving parametric estimator, with in-sample MSE 0.25111585912266365
Finished solving EBCF, with in-sample MSE 0.20869998711201113
Finished training EB SURE-LS, with SURE: 0.15619157369298545
Finished training EB SURE-LS, with in-sample MSE: 0.16204739995008688
use_scale: True
use_location: False
Finished training EB misspecified with NPMLE init, with SURE: 0.14141470424711697
Finished training EB misspecified with NPMLE init, with in-sample MSE: 0.2182952952159894
Finished training EB misspecified, with SURE: 0.14141989149303033
Finished training EB misspecified, with in-sample MSE: 0.21828645151196618
Finished training EB wellspecified, with SURE: 0.12797776888344337
Finished training EB wellspecified, with in-sample MSE: 0.18357123126764605
m: 38
Finished solving NPMLE, with SURE 0.4130431333605036
Finished solving NPMLE, with in-sample MSE 0.33917606717766324
Finished solving parametric estimator, with SURE 0.21984520915926595
Finished solving parametric estimator, with in-sample MSE 0.3039010399305408
Finished solving EBCF, with in-sample MSE 0.26322508776625547
Finished training EB SURE-LS, with SURE: 0.10716378588126385
Finished training EB SURE-LS, with in-sample MSE: 0.24589869534218972
use_scale: True
use_location: False
Finished training EB misspecified with NPMLE init, with SURE: 0.12473596349939786
Finished training EB misspecified with NPMLE init, with in-sample MSE: 0.27282217310049806
Finished training EB misspecified, with SURE: 0.124774925370571
Finished training EB misspecified, with in-sample MSE: 0.27425177284317237
Finished training EB wellspecified, with SURE: 0.0911325038690169
Finished training EB wellspecified, with in-sample MSE: 0.2541721710569638
m: 39
Finished solving NPMLE, with SURE 0.309507357543485
Finished solving NPMLE, with in-sample MSE 0.35658000441746596
Finished solving parametric estimator, with SURE 0.22894828646256657
Finished solving parametric estimator, with in-sample MSE 0.25777040752508956
Finished solving EBCF, with in-sample MSE 0.1631841702931774
Finished training EB SURE-LS, with SURE: 0.14907092232121286
Finished training EB SURE-LS, with in-sample MSE: 0.14486345194488856
use_scale: True
use_location: False
Finished training EB misspecified with NPMLE init, with SURE: 0.13243265020755396
Finished training EB misspecified with NPMLE init, with in-sample MSE: 0.20349024007171068
Finished training EB misspecified, with SURE: 0.1324359077645763
Finished training EB misspecified, with in-sample MSE: 0.2034846203874484
Finished training EB wellspecified, with SURE: 0.11065343760100069
Finished training EB wellspecified, with in-sample MSE: 0.16442673325811644
m: 40
Finished solving NPMLE, with SURE 0.3668108094168967
Finished solving NPMLE, with in-sample MSE 0.3605382683886335
Finished solving parametric estimator, with SURE 0.23760466944370123
Finished solving parametric estimator, with in-sample MSE 0.3063318596150563
Finished solving EBCF, with in-sample MSE 0.25336953238665855
Finished training EB SURE-LS, with SURE: 0.15401181135884953
Finished training EB SURE-LS, with in-sample MSE: 0.22318159904824758
use_scale: True
use_location: False
Finished training EB misspecified with NPMLE init, with SURE: 0.12521272389892624
Finished training EB misspecified with NPMLE init, with in-sample MSE: 0.2975514818592849
Finished training EB misspecified, with SURE: 0.1252110014496696
Finished training EB misspecified, with in-sample MSE: 0.29753708343538954
Finished training EB wellspecified, with SURE: 0.10924802083921668
Finished training EB wellspecified, with in-sample MSE: 0.26974487766240285
m: 41
Finished solving NPMLE, with SURE 0.21939530032685703
Finished solving NPMLE, with in-sample MSE 0.2933472721306664
Finished solving parametric estimator, with SURE 0.24895968845917066
Finished solving parametric estimator, with in-sample MSE 0.29098541348995544
Finished solving EBCF, with in-sample MSE 0.25192595930785505
Finished training EB SURE-LS, with SURE: 0.17139853342748443
Finished training EB SURE-LS, with in-sample MSE: 0.22271457614248166
use_scale: True
use_location: False
Finished training EB misspecified with NPMLE init, with SURE: 0.09462606228771947
Finished training EB misspecified with NPMLE init, with in-sample MSE: 0.2549248035447437
Finished training EB misspecified, with SURE: 0.09463651363960651
Finished training EB misspecified, with in-sample MSE: 0.2549323269270863
Finished training EB wellspecified, with SURE: 0.07840124334245978
Finished training EB wellspecified, with in-sample MSE: 0.23126336376341292
m: 42
Finished solving NPMLE, with SURE 0.3388947324533632
Finished solving NPMLE, with in-sample MSE 0.22409099685786302
Finished solving parametric estimator, with SURE 0.22170643764331982
Finished solving parametric estimator, with in-sample MSE 0.1942004502584772
Finished solving EBCF, with in-sample MSE 0.19977172363981216
Finished training EB SURE-LS, with SURE: 0.12449730047742183
Finished training EB SURE-LS, with in-sample MSE: 0.166986342243477
use_scale: True
use_location: False
Finished training EB misspecified with NPMLE init, with SURE: 0.11576817434695479
Finished training EB misspecified with NPMLE init, with in-sample MSE: 0.20760929353704452
Finished training EB misspecified, with SURE: 0.1157755423858857
Finished training EB misspecified, with in-sample MSE: 0.20771887770507427
Finished training EB wellspecified, with SURE: 0.09628441850772962
Finished training EB wellspecified, with in-sample MSE: 0.1837535269462006
m: 43
Finished solving NPMLE, with SURE 0.39594654060595885
Finished solving NPMLE, with in-sample MSE 0.30449628514077187
Finished solving parametric estimator, with SURE 0.254871054601138
Finished solving parametric estimator, with in-sample MSE 0.27919082176425136
Finished solving EBCF, with in-sample MSE 0.25802822615746435
Finished training EB SURE-LS, with SURE: 0.1569346661966976
Finished training EB SURE-LS, with in-sample MSE: 0.17125261754096718
use_scale: True
use_location: False
Finished training EB misspecified with NPMLE init, with SURE: 0.14738110506856975
Finished training EB misspecified with NPMLE init, with in-sample MSE: 0.2115317556842874
Finished training EB misspecified, with SURE: 0.14912242105096002
Finished training EB misspecified, with in-sample MSE: 0.21199576851498902
Finished training EB wellspecified, with SURE: 0.1478020756126255
Finished training EB wellspecified, with in-sample MSE: 0.21217136884866902
m: 44
Finished solving NPMLE, with SURE 0.31773283903483013
Finished solving NPMLE, with in-sample MSE 0.25073445286024154
Finished solving parametric estimator, with SURE 0.2287391094362502
Finished solving parametric estimator, with in-sample MSE 0.2052005993081604
Finished solving EBCF, with in-sample MSE 0.19744986487920693
Finished training EB SURE-LS, with SURE: 0.14927833896405365
Finished training EB SURE-LS, with in-sample MSE: 0.15073912050732927
use_scale: True
use_location: False
Finished training EB misspecified with NPMLE init, with SURE: 0.1509387682442295
Finished training EB misspecified with NPMLE init, with in-sample MSE: 0.16988521688354144
Finished training EB misspecified, with SURE: 0.15093987775035422
Finished training EB misspecified, with in-sample MSE: 0.16988804081498507
Finished training EB wellspecified, with SURE: 0.13295485918211902
Finished training EB wellspecified, with in-sample MSE: 0.15118650646660362
m: 45
Finished solving NPMLE, with SURE 0.2947416602502926
Finished solving NPMLE, with in-sample MSE 0.34434071734287713
Finished solving parametric estimator, with SURE 0.23492666935478926
Finished solving parametric estimator, with in-sample MSE 0.25254553463651636
Finished solving EBCF, with in-sample MSE 0.23469780735082385
Finished training EB SURE-LS, with SURE: 0.13503951236173248
Finished training EB SURE-LS, with in-sample MSE: 0.21225640492049774
use_scale: True
use_location: False
Finished training EB misspecified with NPMLE init, with SURE: 0.1400352097345958
Finished training EB misspecified with NPMLE init, with in-sample MSE: 0.26036002614430925
Finished training EB misspecified, with SURE: 0.140033748833172
Finished training EB misspecified, with in-sample MSE: 0.26033648262113135
Finished training EB wellspecified, with SURE: 0.09394773834272478
Finished training EB wellspecified, with in-sample MSE: 0.2312355594087943
m: 46
Finished solving NPMLE, with SURE 0.31678895421786674
Finished solving NPMLE, with in-sample MSE 0.2852406412142524
Finished solving parametric estimator, with SURE 0.22289863076394578
Finished solving parametric estimator, with in-sample MSE 0.2791989909603695
Finished solving EBCF, with in-sample MSE 0.15680565933524462
Finished training EB SURE-LS, with SURE: 0.09223297012343525
Finished training EB SURE-LS, with in-sample MSE: 0.1538510644115032
use_scale: True
use_location: False
Finished training EB misspecified with NPMLE init, with SURE: 0.10659270843389973
Finished training EB misspecified with NPMLE init, with in-sample MSE: 0.1721067830981945
Finished training EB misspecified, with SURE: 0.10660118888278743
Finished training EB misspecified, with in-sample MSE: 0.17210184899239714
Finished training EB wellspecified, with SURE: 0.06883813281809924
Finished training EB wellspecified, with in-sample MSE: 0.14840122516456486
m: 47
Finished solving NPMLE, with SURE 0.338042044168912
Finished solving NPMLE, with in-sample MSE 0.2663640632024792
Finished solving parametric estimator, with SURE 0.2079186023254839
Finished solving parametric estimator, with in-sample MSE 0.22126957660946076
Finished solving EBCF, with in-sample MSE 0.17312577739362783
Finished training EB SURE-LS, with SURE: 0.08903065270200741
Finished training EB SURE-LS, with in-sample MSE: 0.16920087987588928
use_scale: True
use_location: False
Finished training EB misspecified with NPMLE init, with SURE: 0.08148596005643381
Finished training EB misspecified with NPMLE init, with in-sample MSE: 0.1998983593982512
Finished training EB misspecified, with SURE: 0.08147803112993468
Finished training EB misspecified, with in-sample MSE: 0.19982483338640095
Finished training EB wellspecified, with SURE: 0.0687034744189884
Finished training EB wellspecified, with in-sample MSE: 0.17319124961564633
m: 48
Finished solving NPMLE, with SURE 0.4214696949329681
Finished solving NPMLE, with in-sample MSE 0.2974228696974414
Finished solving parametric estimator, with SURE 0.2237692654229462
Finished solving parametric estimator, with in-sample MSE 0.21973938752237715
Finished solving EBCF, with in-sample MSE 0.15625409984110936
Finished training EB SURE-LS, with SURE: 0.12966777033434349
Finished training EB SURE-LS, with in-sample MSE: 0.15683066189341965
use_scale: True
use_location: False
Finished training EB misspecified with NPMLE init, with SURE: 0.12350642709505139
Finished training EB misspecified with NPMLE init, with in-sample MSE: 0.22468899286038238
Finished training EB misspecified, with SURE: 0.10908506464770014
Finished training EB misspecified, with in-sample MSE: 0.20782683752844786
Finished training EB wellspecified, with SURE: 0.07734352389545071
Finished training EB wellspecified, with in-sample MSE: 0.18079722789428523
m: 49
Finished solving NPMLE, with SURE 0.37223051276599406
Finished solving NPMLE, with in-sample MSE 0.28765452152052806
Finished solving parametric estimator, with SURE 0.22177568857620084
Finished solving parametric estimator, with in-sample MSE 0.2608687889353931
Finished solving EBCF, with in-sample MSE 0.15348514875323868
Finished training EB SURE-LS, with SURE: 0.10784647936337344
Finished training EB SURE-LS, with in-sample MSE: 0.12140759961194413
use_scale: True
use_location: False
Finished training EB misspecified with NPMLE init, with SURE: 0.10429278372010532
Finished training EB misspecified with NPMLE init, with in-sample MSE: 0.1966523048578778
Finished training EB misspecified, with SURE: 0.10430260245590237
Finished training EB misspecified, with in-sample MSE: 0.19674302648468842
Finished training EB wellspecified, with SURE: 0.0769274399177399
Finished training EB wellspecified, with in-sample MSE: 0.18840203365985972

n: 200
m: 0
Finished solving NPMLE, with SURE 0.3936953651877903
Finished solving NPMLE, with in-sample MSE 0.2380098754655706
Finished solving parametric estimator, with SURE 0.2208692569797959
Finished solving parametric estimator, with in-sample MSE 0.19948471858257824
Finished solving EBCF, with in-sample MSE 0.15728418826083476
Finished training EB SURE-LS, with SURE: 0.11203935290662038
Finished training EB SURE-LS, with in-sample MSE: 0.13363820370604895
use_scale: True
use_location: False
Finished training EB misspecified with NPMLE init, with SURE: 0.12639480480292212
Finished training EB misspecified with NPMLE init, with in-sample MSE: 0.17231378808419906
Finished training EB misspecified, with SURE: 0.12640787319378066
Finished training EB misspecified, with in-sample MSE: 0.17232904223726023
Finished training EB wellspecified, with SURE: 0.10259369411502235
Finished training EB wellspecified, with in-sample MSE: 0.1479801111340554
m: 1
Finished solving NPMLE, with SURE 0.30528126761896185
Finished solving NPMLE, with in-sample MSE 0.3583412168225435
Finished solving parametric estimator, with SURE 0.2182660831698386
Finished solving parametric estimator, with in-sample MSE 0.2515680101622528
Finished solving EBCF, with in-sample MSE 0.15664591478465256
Finished training EB SURE-LS, with SURE: 0.14695910580780866
Finished training EB SURE-LS, with in-sample MSE: 0.1495976339680894
use_scale: True
use_location: False
Finished training EB misspecified with NPMLE init, with SURE: 0.14456006802342258
Finished training EB misspecified with NPMLE init, with in-sample MSE: 0.20220756429880676
Finished training EB misspecified, with SURE: 0.144560217554494
Finished training EB misspecified, with in-sample MSE: 0.2021988762848511
Finished training EB wellspecified, with SURE: 0.14463504748239467
Finished training EB wellspecified, with in-sample MSE: 0.20230555920975546
m: 2
Finished solving NPMLE, with SURE 0.293649505021628
Finished solving NPMLE, with in-sample MSE 0.2697796872874123
Finished solving parametric estimator, with SURE 0.2225295670970425
Finished solving parametric estimator, with in-sample MSE 0.29561855979331114
Finished solving EBCF, with in-sample MSE 0.2165460802467615
Finished training EB SURE-LS, with SURE: 0.10790436005427836
Finished training EB SURE-LS, with in-sample MSE: 0.20847272111785087
use_scale: True
use_location: False
Finished training EB misspecified with NPMLE init, with SURE: 0.12982086219197442
Finished training EB misspecified with NPMLE init, with in-sample MSE: 0.23195400623240878
Finished training EB misspecified, with SURE: 0.1298321324678514
Finished training EB misspecified, with in-sample MSE: 0.2319232396183132
Finished training EB wellspecified, with SURE: 0.09657634148527926
Finished training EB wellspecified, with in-sample MSE: 0.20987119520304043
m: 3
Finished solving NPMLE, with SURE 0.39982487683365325
Finished solving NPMLE, with in-sample MSE 0.2593771836946931
Finished solving parametric estimator, with SURE 0.22703053197717687
Finished solving parametric estimator, with in-sample MSE 0.20198220095504404
Finished solving EBCF, with in-sample MSE 0.16296180086159157
Finished training EB SURE-LS, with SURE: 0.12214585837813975
Finished training EB SURE-LS, with in-sample MSE: 0.14699856448643417
use_scale: True
use_location: False
Finished training EB misspecified with NPMLE init, with SURE: 0.1129036560889989
Finished training EB misspecified with NPMLE init, with in-sample MSE: 0.184439825389073
Finished training EB misspecified, with SURE: 0.11292182610403749
Finished training EB misspecified, with in-sample MSE: 0.18444669048946039
Finished training EB wellspecified, with SURE: 0.08330387570675911
Finished training EB wellspecified, with in-sample MSE: 0.16625294973853397
m: 4
Finished solving NPMLE, with SURE 0.2647097636638638
Finished solving NPMLE, with in-sample MSE 0.354061137696335
Finished solving parametric estimator, with SURE 0.23680498004907072
Finished solving parametric estimator, with in-sample MSE 0.2846168740218027
Finished solving EBCF, with in-sample MSE 0.17633589763390933
Finished training EB SURE-LS, with SURE: 0.16761016324441855
Finished training EB SURE-LS, with in-sample MSE: 0.16290625140910947
use_scale: True
use_location: False
Finished training EB misspecified with NPMLE init, with SURE: 0.17950287639726198
Finished training EB misspecified with NPMLE init, with in-sample MSE: 0.2165120958132446
Finished training EB misspecified, with SURE: 0.1792753442527328
Finished training EB misspecified, with in-sample MSE: 0.21379902890261251
Finished training EB wellspecified, with SURE: 0.1441204558995473
Finished training EB wellspecified, with in-sample MSE: 0.17894315527384688
m: 5
Finished solving NPMLE, with SURE 0.29753704672416864
Finished solving NPMLE, with in-sample MSE 0.27194323287370015
Finished solving parametric estimator, with SURE 0.23241307107698422
Finished solving parametric estimator, with in-sample MSE 0.23991087009472892
Finished solving EBCF, with in-sample MSE 0.13873712589267234
Finished training EB SURE-LS, with SURE: 0.14619170855617597
Finished training EB SURE-LS, with in-sample MSE: 0.1272456661668221
use_scale: True
use_location: False
Finished training EB misspecified with NPMLE init, with SURE: 0.16836777541573272
Finished training EB misspecified with NPMLE init, with in-sample MSE: 0.15373813250899832
Finished training EB misspecified, with SURE: 0.16836465120712224
Finished training EB misspecified, with in-sample MSE: 0.15366358345228753
Finished training EB wellspecified, with SURE: 0.13484817811212682
Finished training EB wellspecified, with in-sample MSE: 0.14214220516553133
m: 6
Finished solving NPMLE, with SURE 0.27512874375474056
Finished solving NPMLE, with in-sample MSE 0.30813981237352384
Finished solving parametric estimator, with SURE 0.23430545699025251
Finished solving parametric estimator, with in-sample MSE 0.2515889204607385
Finished solving EBCF, with in-sample MSE 0.20221972993489343
Finished training EB SURE-LS, with SURE: 0.16227271017491632
Finished training EB SURE-LS, with in-sample MSE: 0.1649139268364051
use_scale: True
use_location: False
Finished training EB misspecified with NPMLE init, with SURE: 0.16859346692275398
Finished training EB misspecified with NPMLE init, with in-sample MSE: 0.22792537739417518
Finished training EB misspecified, with SURE: 0.16859973190911023
Finished training EB misspecified, with in-sample MSE: 0.2279328614823973
Finished training EB wellspecified, with SURE: 0.13582608127869664
Finished training EB wellspecified, with in-sample MSE: 0.20573276008706579
m: 7
Finished solving NPMLE, with SURE 0.36801325911252064
Finished solving NPMLE, with in-sample MSE 0.288348367055545
Finished solving parametric estimator, with SURE 0.22759152018111511
Finished solving parametric estimator, with in-sample MSE 0.2188237792280353
Finished solving EBCF, with in-sample MSE 0.14600805175869364
Finished training EB SURE-LS, with SURE: 0.1358706256265998
Finished training EB SURE-LS, with in-sample MSE: 0.13092770093218314
use_scale: True
use_location: False
Finished training EB misspecified with NPMLE init, with SURE: 0.15311557358446246
Finished training EB misspecified with NPMLE init, with in-sample MSE: 0.15913403497038736
Finished training EB misspecified, with SURE: 0.15312673293243856
Finished training EB misspecified, with in-sample MSE: 0.15921921670976066
Finished training EB wellspecified, with SURE: 0.11952717562799389
Finished training EB wellspecified, with in-sample MSE: 0.1504307354563464
m: 8
Finished solving NPMLE, with SURE 0.354866511646066
Finished solving NPMLE, with in-sample MSE 0.2390804039902381
Finished solving parametric estimator, with SURE 0.21138328566142678
Finished solving parametric estimator, with in-sample MSE 0.20486593073489578
Finished solving EBCF, with in-sample MSE 0.14859078395388803
Finished training EB SURE-LS, with SURE: 0.10615697274446541
Finished training EB SURE-LS, with in-sample MSE: 0.13140242816347594
use_scale: True
use_location: False
Finished training EB misspecified with NPMLE init, with SURE: 0.11088007330655686
Finished training EB misspecified with NPMLE init, with in-sample MSE: 0.1303929971892977
Finished training EB misspecified, with SURE: 0.110868193036166
Finished training EB misspecified, with in-sample MSE: 0.13052483378652083
Finished training EB wellspecified, with SURE: 0.09084574495466984
Finished training EB wellspecified, with in-sample MSE: 0.13499105396484254
m: 9
Finished solving NPMLE, with SURE 0.29716279383170024
Finished solving NPMLE, with in-sample MSE 0.1980177296781923
Finished solving parametric estimator, with SURE 0.231951250923545
Finished solving parametric estimator, with in-sample MSE 0.21057049675937528
Finished solving EBCF, with in-sample MSE 0.17199583279869327
Finished training EB SURE-LS, with SURE: 0.13068642540045355
Finished training EB SURE-LS, with in-sample MSE: 0.15024453254078315
use_scale: True
use_location: False
Finished training EB misspecified with NPMLE init, with SURE: 0.11321395460761871
Finished training EB misspecified with NPMLE init, with in-sample MSE: 0.19240586364436055
Finished training EB misspecified, with SURE: 0.11322411266161098
Finished training EB misspecified, with in-sample MSE: 0.19241412089790952
Finished training EB wellspecified, with SURE: 0.10094088975479676
Finished training EB wellspecified, with in-sample MSE: 0.17256888372699927
m: 10
Finished solving NPMLE, with SURE 0.26085752141290697
Finished solving NPMLE, with in-sample MSE 0.3147198220735313
Finished solving parametric estimator, with SURE 0.23272208774593878
Finished solving parametric estimator, with in-sample MSE 0.23903798436795395
Finished solving EBCF, with in-sample MSE 0.1442716822948877
Finished training EB SURE-LS, with SURE: 0.1433144823802065
Finished training EB SURE-LS, with in-sample MSE: 0.13904510801564451
use_scale: True
use_location: False
Finished training EB misspecified with NPMLE init, with SURE: 0.16024505478437134
Finished training EB misspecified with NPMLE init, with in-sample MSE: 0.1923786038174499
Finished training EB misspecified, with SURE: 0.1526406968407796
Finished training EB misspecified, with in-sample MSE: 0.19045740490490348
Finished training EB wellspecified, with SURE: 0.10723551890543685
Finished training EB wellspecified, with in-sample MSE: 0.1626784860464153
m: 11
Finished solving NPMLE, with SURE 0.28180664511864456
Finished solving NPMLE, with in-sample MSE 0.30628638307029926
Finished solving parametric estimator, with SURE 0.22445452845084457
Finished solving parametric estimator, with in-sample MSE 0.258355402716557
Finished solving EBCF, with in-sample MSE 0.18390496988263666
Finished training EB SURE-LS, with SURE: 0.12153233107853942
Finished training EB SURE-LS, with in-sample MSE: 0.17043598088072812
use_scale: True
use_location: False
Finished training EB misspecified with NPMLE init, with SURE: 0.13762093793357202
Finished training EB misspecified with NPMLE init, with in-sample MSE: 0.22582798622854225
Finished training EB misspecified, with SURE: 0.13409216727017587
Finished training EB misspecified, with in-sample MSE: 0.22296227228235
Finished training EB wellspecified, with SURE: 0.09500760726803396
Finished training EB wellspecified, with in-sample MSE: 0.18039987315610317
m: 12
Finished solving NPMLE, with SURE 0.3130128696860303
Finished solving NPMLE, with in-sample MSE 0.3017132832987081
Finished solving parametric estimator, with SURE 0.23151049500981302
Finished solving parametric estimator, with in-sample MSE 0.2769304869308445
Finished solving EBCF, with in-sample MSE 0.1675787880854167
Finished training EB SURE-LS, with SURE: 0.16305108921268627
Finished training EB SURE-LS, with in-sample MSE: 0.15281116277936385
use_scale: True
use_location: False
Finished training EB misspecified with NPMLE init, with SURE: 0.16898179895743531
Finished training EB misspecified with NPMLE init, with in-sample MSE: 0.19472008595648538
Finished training EB misspecified, with SURE: 0.1689304770131205
Finished training EB misspecified, with in-sample MSE: 0.19421137082810844
Finished training EB wellspecified, with SURE: 0.14487523674397512
Finished training EB wellspecified, with in-sample MSE: 0.16841419766652554
m: 13
Finished solving NPMLE, with SURE 0.347674910038501
Finished solving NPMLE, with in-sample MSE 0.24109472368969592
Finished solving parametric estimator, with SURE 0.23194852669399862
Finished solving parametric estimator, with in-sample MSE 0.23632402634894437
Finished solving EBCF, with in-sample MSE 0.1558071898418507
Finished training EB SURE-LS, with SURE: 0.15275099052976898
Finished training EB SURE-LS, with in-sample MSE: 0.13952430132238178
use_scale: True
use_location: False
Finished training EB misspecified with NPMLE init, with SURE: 0.1309808897863391
Finished training EB misspecified with NPMLE init, with in-sample MSE: 0.19626683945838025
Finished training EB misspecified, with SURE: 0.13099833745951622
Finished training EB misspecified, with in-sample MSE: 0.19604674971077357
Finished training EB wellspecified, with SURE: 0.11342956209072183
Finished training EB wellspecified, with in-sample MSE: 0.2053239277883194
m: 14
Finished solving NPMLE, with SURE 0.306209068844312
Finished solving NPMLE, with in-sample MSE 0.24923322112037805
Finished solving parametric estimator, with SURE 0.23631815364535078
Finished solving parametric estimator, with in-sample MSE 0.22170122365083655
Finished solving EBCF, with in-sample MSE 0.1554683720280679
Finished training EB SURE-LS, with SURE: 0.14035669009473686
Finished training EB SURE-LS, with in-sample MSE: 0.1385596783372902
use_scale: True
use_location: False
Finished training EB misspecified with NPMLE init, with SURE: 0.11156766561400766
Finished training EB misspecified with NPMLE init, with in-sample MSE: 0.19681222099766824
Finished training EB misspecified, with SURE: 0.11157704092378012
Finished training EB misspecified, with in-sample MSE: 0.1968189019754994
Finished training EB wellspecified, with SURE: 0.09920459593997864
Finished training EB wellspecified, with in-sample MSE: 0.17729708608895975
m: 15
Finished solving NPMLE, with SURE 0.3451962884963937
Finished solving NPMLE, with in-sample MSE 0.30055618076357676
Finished solving parametric estimator, with SURE 0.2279377345283935
Finished solving parametric estimator, with in-sample MSE 0.2699077473614329
Finished solving EBCF, with in-sample MSE 0.20826866798423818
Finished training EB SURE-LS, with SURE: 0.13913577615868933
Finished training EB SURE-LS, with in-sample MSE: 0.17500600413801642
use_scale: True
use_location: False
Finished training EB misspecified with NPMLE init, with SURE: 0.13827070940983263
Finished training EB misspecified with NPMLE init, with in-sample MSE: 0.19272382839930519
Finished training EB misspecified, with SURE: 0.13827600523785818
Finished training EB misspecified, with in-sample MSE: 0.19272735640874714
Finished training EB wellspecified, with SURE: 0.11430961105384878
Finished training EB wellspecified, with in-sample MSE: 0.1930788577079873
m: 16
Finished solving NPMLE, with SURE 0.2818058491852512
Finished solving NPMLE, with in-sample MSE 0.2341626092730817
Finished solving parametric estimator, with SURE 0.23935046260192863
Finished solving parametric estimator, with in-sample MSE 0.20178587011552807
Finished solving EBCF, with in-sample MSE 0.15532590714052255
Finished training EB SURE-LS, with SURE: 0.14591258495482762
Finished training EB SURE-LS, with in-sample MSE: 0.13423185357989076
use_scale: True
use_location: False
Finished training EB misspecified with NPMLE init, with SURE: 0.14990801308550863
Finished training EB misspecified with NPMLE init, with in-sample MSE: 0.16728376351566587
Finished training EB misspecified, with SURE: 0.14991551679687917
Finished training EB misspecified, with in-sample MSE: 0.16728215454989342
Finished training EB wellspecified, with SURE: 0.1307791064555846
Finished training EB wellspecified, with in-sample MSE: 0.1416188260297041
m: 17
Finished solving NPMLE, with SURE 0.3355792739223235
Finished solving NPMLE, with in-sample MSE 0.2454472566847517
Finished solving parametric estimator, with SURE 0.23515641508587332
Finished solving parametric estimator, with in-sample MSE 0.21282622254193037
Finished solving EBCF, with in-sample MSE 0.1629570755836898
Finished training EB SURE-LS, with SURE: 0.15818244314823807
Finished training EB SURE-LS, with in-sample MSE: 0.1491687384436287
use_scale: True
use_location: False
Finished training EB misspecified with NPMLE init, with SURE: 0.1689647888351729
Finished training EB misspecified with NPMLE init, with in-sample MSE: 0.15967254218923072
Finished training EB misspecified, with SURE: 0.16819149096255728
Finished training EB misspecified, with in-sample MSE: 0.1591501793363915
Finished training EB wellspecified, with SURE: 0.1450704616716013
Finished training EB wellspecified, with in-sample MSE: 0.14912584822710093
m: 18
Finished solving NPMLE, with SURE 0.3743408327804062
Finished solving NPMLE, with in-sample MSE 0.24514195829299038
Finished solving parametric estimator, with SURE 0.2240324162397202
Finished solving parametric estimator, with in-sample MSE 0.25183897344594824
Finished solving EBCF, with in-sample MSE 0.16841371536199598
Finished training EB SURE-LS, with SURE: 0.1305371045771125
Finished training EB SURE-LS, with in-sample MSE: 0.14410642828738826
use_scale: True
use_location: False
Finished training EB misspecified with NPMLE init, with SURE: 0.12378659972726862
Finished training EB misspecified with NPMLE init, with in-sample MSE: 0.1761900227666125
Finished training EB misspecified, with SURE: 0.12378660847696576
Finished training EB misspecified, with in-sample MSE: 0.1761804299702154
Finished training EB wellspecified, with SURE: 0.10262121971496214
Finished training EB wellspecified, with in-sample MSE: 0.15688271370808796
m: 19
Finished solving NPMLE, with SURE 0.2901879698754212
Finished solving NPMLE, with in-sample MSE 0.2438576755608656
Finished solving parametric estimator, with SURE 0.23473659642016567
Finished solving parametric estimator, with in-sample MSE 0.2170054208038947
Finished solving EBCF, with in-sample MSE 0.17510723734669248
Finished training EB SURE-LS, with SURE: 0.13041926183693386
Finished training EB SURE-LS, with in-sample MSE: 0.15840794270523445
use_scale: True
use_location: False
Finished training EB misspecified with NPMLE init, with SURE: 0.14748356112649577
Finished training EB misspecified with NPMLE init, with in-sample MSE: 0.17018490529880623
Finished training EB misspecified, with SURE: 0.1474928719728725
Finished training EB misspecified, with in-sample MSE: 0.17018363594729588
Finished training EB wellspecified, with SURE: 0.12122550858336312
Finished training EB wellspecified, with in-sample MSE: 0.15880359364997548
m: 20
Finished solving NPMLE, with SURE 0.3169233223065029
Finished solving NPMLE, with in-sample MSE 0.252930311744287
Finished solving parametric estimator, with SURE 0.22924323830578733
Finished solving parametric estimator, with in-sample MSE 0.19274550881684585
Finished solving EBCF, with in-sample MSE 0.17994494410916642
Finished training EB SURE-LS, with SURE: 0.15285450743607493
Finished training EB SURE-LS, with in-sample MSE: 0.13262024857322566
use_scale: True
use_location: False
Finished training EB misspecified with NPMLE init, with SURE: 0.13434228080681151
Finished training EB misspecified with NPMLE init, with in-sample MSE: 0.1893123679770609
Finished training EB misspecified, with SURE: 0.13437803150396108
Finished training EB misspecified, with in-sample MSE: 0.18872129870023696
Finished training EB wellspecified, with SURE: 0.11752060144071415
Finished training EB wellspecified, with in-sample MSE: 0.16866773592914622
m: 21
Finished solving NPMLE, with SURE 0.30944227025748916
Finished solving NPMLE, with in-sample MSE 0.23116179406850218
Finished solving parametric estimator, with SURE 0.23104775426386925
Finished solving parametric estimator, with in-sample MSE 0.2062412437800662
Finished solving EBCF, with in-sample MSE 0.1856243157538188
Finished training EB SURE-LS, with SURE: 0.13713947761982068
Finished training EB SURE-LS, with in-sample MSE: 0.14487213329923165
use_scale: True
use_location: False
Finished training EB misspecified with NPMLE init, with SURE: 0.14939081203617208
Finished training EB misspecified with NPMLE init, with in-sample MSE: 0.17014283307751332
Finished training EB misspecified, with SURE: 0.1493975827361323
Finished training EB misspecified, with in-sample MSE: 0.17014416537176408
Finished training EB wellspecified, with SURE: 0.12185495449382212
Finished training EB wellspecified, with in-sample MSE: 0.15390738585854657
m: 22
Finished solving NPMLE, with SURE 0.342560949075767
Finished solving NPMLE, with in-sample MSE 0.2817278767516071
Finished solving parametric estimator, with SURE 0.22129272245959125
Finished solving parametric estimator, with in-sample MSE 0.30858481035056146
Finished solving EBCF, with in-sample MSE 0.19519164171269449
Finished training EB SURE-LS, with SURE: 0.11689328579611319
Finished training EB SURE-LS, with in-sample MSE: 0.1767672786564397
use_scale: True
use_location: False
Finished training EB misspecified with NPMLE init, with SURE: 0.06630434895870856
Finished training EB misspecified with NPMLE init, with in-sample MSE: 0.20759108584440575
Finished training EB misspecified, with SURE: 0.06632319102562186
Finished training EB misspecified, with in-sample MSE: 0.20756866656607775
Finished training EB wellspecified, with SURE: 0.04557126300694155
Finished training EB wellspecified, with in-sample MSE: 0.22942662890324997
m: 23
Finished solving NPMLE, with SURE 0.3089977704852797
Finished solving NPMLE, with in-sample MSE 0.28989767450513637
Finished solving parametric estimator, with SURE 0.22348624786223031
Finished solving parametric estimator, with in-sample MSE 0.23346641491923972
Finished solving EBCF, with in-sample MSE 0.19868121984084097
Finished training EB SURE-LS, with SURE: 0.11909272912247812
Finished training EB SURE-LS, with in-sample MSE: 0.15829135989232493
use_scale: True
use_location: False
Finished training EB misspecified with NPMLE init, with SURE: 0.13411238158353142
Finished training EB misspecified with NPMLE init, with in-sample MSE: 0.18674398475081222
Finished training EB misspecified, with SURE: 0.13411414188158574
Finished training EB misspecified, with in-sample MSE: 0.18674685751906459
Finished training EB wellspecified, with SURE: 0.1004091712667847
Finished training EB wellspecified, with in-sample MSE: 0.1750819553731652
m: 24
Finished solving NPMLE, with SURE 0.3204243482354289
Finished solving NPMLE, with in-sample MSE 0.3456163115787216
Finished solving parametric estimator, with SURE 0.2407693608594263
Finished solving parametric estimator, with in-sample MSE 0.31030322604956817
Finished solving EBCF, with in-sample MSE 0.22223175964058264
Finished training EB SURE-LS, with SURE: 0.17220320034454767
Finished training EB SURE-LS, with in-sample MSE: 0.18744586103670138
use_scale: True
use_location: False
Finished training EB misspecified with NPMLE init, with SURE: 0.15996379180393966
Finished training EB misspecified with NPMLE init, with in-sample MSE: 0.2576070714934021
Finished training EB misspecified, with SURE: 0.15997722447264764
Finished training EB misspecified, with in-sample MSE: 0.2575890390565546
Finished training EB wellspecified, with SURE: 0.14288620532376384
Finished training EB wellspecified, with in-sample MSE: 0.2183504616582297
m: 25
Finished solving NPMLE, with SURE 0.31549784650771995
Finished solving NPMLE, with in-sample MSE 0.2882576398757138
Finished solving parametric estimator, with SURE 0.2294696768137529
Finished solving parametric estimator, with in-sample MSE 0.2566301932340602
Finished solving EBCF, with in-sample MSE 0.16263641953805968
Finished training EB SURE-LS, with SURE: 0.14214642322941098
Finished training EB SURE-LS, with in-sample MSE: 0.1473640291566604
use_scale: True
use_location: False
Finished training EB misspecified with NPMLE init, with SURE: 0.14363900352679349
Finished training EB misspecified with NPMLE init, with in-sample MSE: 0.21329621197265994
Finished training EB misspecified, with SURE: 0.1436439095508158
Finished training EB misspecified, with in-sample MSE: 0.21330211090163037
Finished training EB wellspecified, with SURE: 0.10731813383503389
Finished training EB wellspecified, with in-sample MSE: 0.164859485305041
m: 26
Finished solving NPMLE, with SURE 0.35264022639699205
Finished solving NPMLE, with in-sample MSE 0.27727419621667904
Finished solving parametric estimator, with SURE 0.23165047716436027
Finished solving parametric estimator, with in-sample MSE 0.24442366687326655
Finished solving EBCF, with in-sample MSE 0.1627886289623185
Finished training EB SURE-LS, with SURE: 0.16745553224452164
Finished training EB SURE-LS, with in-sample MSE: 0.1595156409370504
use_scale: True
use_location: False
Finished training EB misspecified with NPMLE init, with SURE: 0.16422622623785763
Finished training EB misspecified with NPMLE init, with in-sample MSE: 0.20898749125160218
Finished training EB misspecified, with SURE: 0.1642284634295946
Finished training EB misspecified, with in-sample MSE: 0.2089817738471067
Finished training EB wellspecified, with SURE: 0.13741814181967837
Finished training EB wellspecified, with in-sample MSE: 0.18620460845930537
m: 27
Finished solving NPMLE, with SURE 0.3744480879087871
Finished solving NPMLE, with in-sample MSE 0.2857948549519922
Finished solving parametric estimator, with SURE 0.21425040029914763
Finished solving parametric estimator, with in-sample MSE 0.2733306598493919
Finished solving EBCF, with in-sample MSE 0.17850411481928155
Finished training EB SURE-LS, with SURE: 0.12260860354563301
Finished training EB SURE-LS, with in-sample MSE: 0.15477965803785154
use_scale: True
use_location: False
Finished training EB misspecified with NPMLE init, with SURE: 0.14447717970289986
Finished training EB misspecified with NPMLE init, with in-sample MSE: 0.20658133349107527
Finished training EB misspecified, with SURE: 0.1444650832847121
Finished training EB misspecified, with in-sample MSE: 0.2063339243142835
Finished training EB wellspecified, with SURE: 0.10698655984065983
Finished training EB wellspecified, with in-sample MSE: 0.1512870798356566
m: 28
Finished solving NPMLE, with SURE 0.3673376627626449
Finished solving NPMLE, with in-sample MSE 0.277867548725161
Finished solving parametric estimator, with SURE 0.23931591530502713
Finished solving parametric estimator, with in-sample MSE 0.19707043139019575
Finished solving EBCF, with in-sample MSE 0.17883953941488323
Finished training EB SURE-LS, with SURE: 0.12600217111773696
Finished training EB SURE-LS, with in-sample MSE: 0.16441520037128007
use_scale: True
use_location: False
Finished training EB misspecified with NPMLE init, with SURE: 0.13563907018962237
Finished training EB misspecified with NPMLE init, with in-sample MSE: 0.19232718908682933
Finished training EB misspecified, with SURE: 0.13564327050652028
Finished training EB misspecified, with in-sample MSE: 0.19235722744754558
Finished training EB wellspecified, with SURE: 0.08810675008795425
Finished training EB wellspecified, with in-sample MSE: 0.16913797479348158
m: 29
Finished solving NPMLE, with SURE 0.3293332392269609
Finished solving NPMLE, with in-sample MSE 0.2854589783563269
Finished solving parametric estimator, with SURE 0.2254363413261985
Finished solving parametric estimator, with in-sample MSE 0.24184036627658373
Finished solving EBCF, with in-sample MSE 0.1652441431008854
Finished training EB SURE-LS, with SURE: 0.14393305428312184
Finished training EB SURE-LS, with in-sample MSE: 0.13688500791735408
use_scale: True
use_location: False
Finished training EB misspecified with NPMLE init, with SURE: 0.1318540454813322
Finished training EB misspecified with NPMLE init, with in-sample MSE: 0.1883581866638346
Finished training EB misspecified, with SURE: 0.131850111780946
Finished training EB misspecified, with in-sample MSE: 0.18835193663286187
Finished training EB wellspecified, with SURE: 0.09928249505825047
Finished training EB wellspecified, with in-sample MSE: 0.18525776980170985
m: 30
Finished solving NPMLE, with SURE 0.31413421412757553
Finished solving NPMLE, with in-sample MSE 0.3144671132137148
Finished solving parametric estimator, with SURE 0.23858347138228853
Finished solving parametric estimator, with in-sample MSE 0.26190363801110467
Finished solving EBCF, with in-sample MSE 0.17188576338050118
Finished training EB SURE-LS, with SURE: 0.1694421057687554
Finished training EB SURE-LS, with in-sample MSE: 0.14766790699485477
use_scale: True
use_location: False
Finished training EB misspecified with NPMLE init, with SURE: 0.1576531375063924
Finished training EB misspecified with NPMLE init, with in-sample MSE: 0.1878925671522345
Finished training EB misspecified, with SURE: 0.15766150563487538
Finished training EB misspecified, with in-sample MSE: 0.18793789548959502
Finished training EB wellspecified, with SURE: 0.1449030735515935
Finished training EB wellspecified, with in-sample MSE: 0.17467157118612356
m: 31
Finished solving NPMLE, with SURE 0.29411155463649363
Finished solving NPMLE, with in-sample MSE 0.22761006623427854
Finished solving parametric estimator, with SURE 0.23712125963466654
Finished solving parametric estimator, with in-sample MSE 0.22562629595377157
Finished solving EBCF, with in-sample MSE 0.1832533768841008
Finished training EB SURE-LS, with SURE: 0.14559985317868657
Finished training EB SURE-LS, with in-sample MSE: 0.1706869813028715
use_scale: True
use_location: False
Finished training EB misspecified with NPMLE init, with SURE: 0.12531769987726457
Finished training EB misspecified with NPMLE init, with in-sample MSE: 0.2130345547595409
Finished training EB misspecified, with SURE: 0.12532865983803013
Finished training EB misspecified, with in-sample MSE: 0.2130430310258777
Finished training EB wellspecified, with SURE: 0.1044577130711688
Finished training EB wellspecified, with in-sample MSE: 0.20372307256005492
m: 32
Finished solving NPMLE, with SURE 0.30213116830974057
Finished solving NPMLE, with in-sample MSE 0.32263223422037596
Finished solving parametric estimator, with SURE 0.2273663582165738
Finished solving parametric estimator, with in-sample MSE 0.25820833626429196
Finished solving EBCF, with in-sample MSE 0.20857600140761906
Finished training EB SURE-LS, with SURE: 0.14113055398166016
Finished training EB SURE-LS, with in-sample MSE: 0.17268634904370359
use_scale: True
use_location: False
Finished training EB misspecified with NPMLE init, with SURE: 0.1459645467380071
Finished training EB misspecified with NPMLE init, with in-sample MSE: 0.22972144424528607
Finished training EB misspecified, with SURE: 0.14597006474721883
Finished training EB misspecified, with in-sample MSE: 0.22962597370646776
Finished training EB wellspecified, with SURE: 0.10823373755963854
Finished training EB wellspecified, with in-sample MSE: 0.198725615636794
m: 33
Finished solving NPMLE, with SURE 0.2856272769743767
Finished solving NPMLE, with in-sample MSE 0.3460500860842437
Finished solving parametric estimator, with SURE 0.23915605342100532
Finished solving parametric estimator, with in-sample MSE 0.251925086794003
Finished solving EBCF, with in-sample MSE 0.1928509743504819
Finished training EB SURE-LS, with SURE: 0.15856466886609988
Finished training EB SURE-LS, with in-sample MSE: 0.17330833693617465
use_scale: True
use_location: False
Finished training EB misspecified with NPMLE init, with SURE: 0.16541784712888766
Finished training EB misspecified with NPMLE init, with in-sample MSE: 0.2400566098789398
Finished training EB misspecified, with SURE: 0.1654225805093967
Finished training EB misspecified, with in-sample MSE: 0.2400458721710449
Finished training EB wellspecified, with SURE: 0.12639454968710623
Finished training EB wellspecified, with in-sample MSE: 0.20277609961463183
m: 34
Finished solving NPMLE, with SURE 0.5204194611535082
Finished solving NPMLE, with in-sample MSE 0.29648873369262496
Finished solving parametric estimator, with SURE 0.24345129237572882
Finished solving parametric estimator, with in-sample MSE 0.23719127746928914
Finished solving EBCF, with in-sample MSE 0.18340986974743875
Finished training EB SURE-LS, with SURE: 0.1744553471169565
Finished training EB SURE-LS, with in-sample MSE: 0.15161904942365867
use_scale: True
use_location: False
Finished training EB misspecified with NPMLE init, with SURE: 0.19133604366126894
Finished training EB misspecified with NPMLE init, with in-sample MSE: 0.19591822708547188
Finished training EB misspecified, with SURE: 0.19133656251749517
Finished training EB misspecified, with in-sample MSE: 0.19592134235924802
Finished training EB wellspecified, with SURE: 0.13768104270900322
Finished training EB wellspecified, with in-sample MSE: 0.179354727510462
m: 35
Finished solving NPMLE, with SURE 0.27302403543283643
Finished solving NPMLE, with in-sample MSE 0.2239763002556422
Finished solving parametric estimator, with SURE 0.2423376202556753
Finished solving parametric estimator, with in-sample MSE 0.24424983424959631
Finished solving EBCF, with in-sample MSE 0.1697426129841506
Finished training EB SURE-LS, with SURE: 0.15863714445126076
Finished training EB SURE-LS, with in-sample MSE: 0.15143807426218453
use_scale: True
use_location: False
Finished training EB misspecified with NPMLE init, with SURE: 0.1496817720405874
Finished training EB misspecified with NPMLE init, with in-sample MSE: 0.17476421541735582
Finished training EB misspecified, with SURE: 0.14923096751505063
Finished training EB misspecified, with in-sample MSE: 0.17445260892253373
Finished training EB wellspecified, with SURE: 0.13536304610065789
Finished training EB wellspecified, with in-sample MSE: 0.1484966577439919
m: 36
Finished solving NPMLE, with SURE 0.3576900014792825
Finished solving NPMLE, with in-sample MSE 0.24756424092933035
Finished solving parametric estimator, with SURE 0.21068639483016224
Finished solving parametric estimator, with in-sample MSE 0.23180086320044463
Finished solving EBCF, with in-sample MSE 0.15936626620642177
Finished training EB SURE-LS, with SURE: 0.1224225393806734
Finished training EB SURE-LS, with in-sample MSE: 0.1379279794944052
use_scale: True
use_location: False
Finished training EB misspecified with NPMLE init, with SURE: 0.09429322788582223
Finished training EB misspecified with NPMLE init, with in-sample MSE: 0.1835840935573938
Finished training EB misspecified, with SURE: 0.09429314259963083
Finished training EB misspecified, with in-sample MSE: 0.18359330845258284
Finished training EB wellspecified, with SURE: 0.12484427748506036
Finished training EB wellspecified, with in-sample MSE: 0.21526305647967514
m: 37
Finished solving NPMLE, with SURE 0.3100769284235306
Finished solving NPMLE, with in-sample MSE 0.26297853061146886
Finished solving parametric estimator, with SURE 0.2273712889485478
Finished solving parametric estimator, with in-sample MSE 0.2367500961779539
Finished solving EBCF, with in-sample MSE 0.21131285773555225
Finished training EB SURE-LS, with SURE: 0.1617402144903992
Finished training EB SURE-LS, with in-sample MSE: 0.1843343778835495
use_scale: True
use_location: False
Finished training EB misspecified with NPMLE init, with SURE: 0.09873624295298356
Finished training EB misspecified with NPMLE init, with in-sample MSE: 0.25327534196857454
Finished training EB misspecified, with SURE: 0.09874639915418384
Finished training EB misspecified, with in-sample MSE: 0.25333840015596965
Finished training EB wellspecified, with SURE: 0.09260406838652627
Finished training EB wellspecified, with in-sample MSE: 0.25654484202790984
m: 38
Finished solving NPMLE, with SURE 0.2863951830857994
Finished solving NPMLE, with in-sample MSE 0.2920204344497207
Finished solving parametric estimator, with SURE 0.23969264893180467
Finished solving parametric estimator, with in-sample MSE 0.2209440740182594
Finished solving EBCF, with in-sample MSE 0.22286993743344746
Finished training EB SURE-LS, with SURE: 0.13626449412557676
Finished training EB SURE-LS, with in-sample MSE: 0.19962691768445734
use_scale: True
use_location: False
Finished training EB misspecified with NPMLE init, with SURE: 0.1574384625366818
Finished training EB misspecified with NPMLE init, with in-sample MSE: 0.19755062960314113
Finished training EB misspecified, with SURE: 0.1574475790745125
Finished training EB misspecified, with in-sample MSE: 0.19756574037871194
Finished training EB wellspecified, with SURE: 0.12643148925714914
Finished training EB wellspecified, with in-sample MSE: 0.20307071747739233
m: 39
Finished solving NPMLE, with SURE 0.3182672685601474
Finished solving NPMLE, with in-sample MSE 0.22889383550138084
Finished solving parametric estimator, with SURE 0.22524118534050241
Finished solving parametric estimator, with in-sample MSE 0.21351765174740892
Finished solving EBCF, with in-sample MSE 0.15150980374737116
Finished training EB SURE-LS, with SURE: 0.10507814441160716
Finished training EB SURE-LS, with in-sample MSE: 0.1409389583510084
use_scale: True
use_location: False
Finished training EB misspecified with NPMLE init, with SURE: 0.0687592891295185
Finished training EB misspecified with NPMLE init, with in-sample MSE: 0.18724380803447432
Finished training EB misspecified, with SURE: 0.06877019235591796
Finished training EB misspecified, with in-sample MSE: 0.1869838043025473
Finished training EB wellspecified, with SURE: 0.07200761612950815
Finished training EB wellspecified, with in-sample MSE: 0.17288331873934404
m: 40
Finished solving NPMLE, with SURE 0.3088137443249985
Finished solving NPMLE, with in-sample MSE 0.3259625566200185
Finished solving parametric estimator, with SURE 0.24212244800667881
Finished solving parametric estimator, with in-sample MSE 0.25932903541191116
Finished solving EBCF, with in-sample MSE 0.20034338465489526
Finished training EB SURE-LS, with SURE: 0.1656559486684624
Finished training EB SURE-LS, with in-sample MSE: 0.17099789251874875
use_scale: True
use_location: False
Finished training EB misspecified with NPMLE init, with SURE: 0.1614813577120519
Finished training EB misspecified with NPMLE init, with in-sample MSE: 0.2259337795104667
Finished training EB misspecified, with SURE: 0.16149440917264143
Finished training EB misspecified, with in-sample MSE: 0.22577245102184945
Finished training EB wellspecified, with SURE: 0.14776997816119064
Finished training EB wellspecified, with in-sample MSE: 0.18907673761678087
m: 41
Finished solving NPMLE, with SURE 0.3585473673008057
Finished solving NPMLE, with in-sample MSE 0.3035144865572396
Finished solving parametric estimator, with SURE 0.23864786415355124
Finished solving parametric estimator, with in-sample MSE 0.2804523152577977
Finished solving EBCF, with in-sample MSE 0.17724989423456144
Finished training EB SURE-LS, with SURE: 0.1698568656543803
Finished training EB SURE-LS, with in-sample MSE: 0.15927697038008157
use_scale: True
use_location: False
Finished training EB misspecified with NPMLE init, with SURE: 0.15478936124635553
Finished training EB misspecified with NPMLE init, with in-sample MSE: 0.1883701646509445
Finished training EB misspecified, with SURE: 0.15478983840053723
Finished training EB misspecified, with in-sample MSE: 0.18836663923179725
Finished training EB wellspecified, with SURE: 0.15496570883944769
Finished training EB wellspecified, with in-sample MSE: 0.18845131614333474
m: 42
Finished solving NPMLE, with SURE 0.3063020991473756
Finished solving NPMLE, with in-sample MSE 0.256947604817829
Finished solving parametric estimator, with SURE 0.22005857924704175
Finished solving parametric estimator, with in-sample MSE 0.23747935474712065
Finished solving EBCF, with in-sample MSE 0.1612083796654144
Finished training EB SURE-LS, with SURE: 0.11899904014411301
Finished training EB SURE-LS, with in-sample MSE: 0.1429567655003261
use_scale: True
use_location: False
Finished training EB misspecified with NPMLE init, with SURE: 0.126906810970922
Finished training EB misspecified with NPMLE init, with in-sample MSE: 0.1753119974607711
Finished training EB misspecified, with SURE: 0.12362300663809411
Finished training EB misspecified, with in-sample MSE: 0.17950377926068525
Finished training EB wellspecified, with SURE: 0.09162918237254117
Finished training EB wellspecified, with in-sample MSE: 0.1650573420958569
m: 43
Finished solving NPMLE, with SURE 0.27521568952556785
Finished solving NPMLE, with in-sample MSE 0.26849164016537475
Finished solving parametric estimator, with SURE 0.22403937396392998
Finished solving parametric estimator, with in-sample MSE 0.22497892658411137
Finished solving EBCF, with in-sample MSE 0.14055188422586296
Finished training EB SURE-LS, with SURE: 0.12185427619823076
Finished training EB SURE-LS, with in-sample MSE: 0.12830360587744644
use_scale: True
use_location: False
Finished training EB misspecified with NPMLE init, with SURE: 0.15382757691778148
Finished training EB misspecified with NPMLE init, with in-sample MSE: 0.15371637091786824
Finished training EB misspecified, with SURE: 0.1538416037247752
Finished training EB misspecified, with in-sample MSE: 0.1537053580607936
Finished training EB wellspecified, with SURE: 0.10389557256106798
Finished training EB wellspecified, with in-sample MSE: 0.13114776775481438
m: 44
Finished solving NPMLE, with SURE 0.2943774393829205
Finished solving NPMLE, with in-sample MSE 0.293004524404142
Finished solving parametric estimator, with SURE 0.22546412924262144
Finished solving parametric estimator, with in-sample MSE 0.2545457379735046
Finished solving EBCF, with in-sample MSE 0.1937377245523652
Finished training EB SURE-LS, with SURE: 0.15138490667416707
Finished training EB SURE-LS, with in-sample MSE: 0.15938469069978312
use_scale: True
use_location: False
Finished training EB misspecified with NPMLE init, with SURE: 0.12264799333939656
Finished training EB misspecified with NPMLE init, with in-sample MSE: 0.20732471226405785
Finished training EB misspecified, with SURE: 0.12265835992041269
Finished training EB misspecified, with in-sample MSE: 0.20681134482151287
Finished training EB wellspecified, with SURE: 0.0911320682209901
Finished training EB wellspecified, with in-sample MSE: 0.19380104363722978
m: 45
Finished solving NPMLE, with SURE 0.33355247245972275
Finished solving NPMLE, with in-sample MSE 0.2920125460797399
Finished solving parametric estimator, with SURE 0.23615748222918426
Finished solving parametric estimator, with in-sample MSE 0.23248225019630986
Finished solving EBCF, with in-sample MSE 0.17353398364631795
Finished training EB SURE-LS, with SURE: 0.13685201922552412
Finished training EB SURE-LS, with in-sample MSE: 0.15240376705484254
use_scale: True
use_location: False
Finished training EB misspecified with NPMLE init, with SURE: 0.14319000035257481
Finished training EB misspecified with NPMLE init, with in-sample MSE: 0.1981303964561337
Finished training EB misspecified, with SURE: 0.1432051048745494
Finished training EB misspecified, with in-sample MSE: 0.19810134540010027
Finished training EB wellspecified, with SURE: 0.11729642544814063
Finished training EB wellspecified, with in-sample MSE: 0.16485435304408153
m: 46
Finished solving NPMLE, with SURE 0.3911420651706166
Finished solving NPMLE, with in-sample MSE 0.23836772687025193
Finished solving parametric estimator, with SURE 0.23159704978945855
Finished solving parametric estimator, with in-sample MSE 0.2296636374344736
Finished solving EBCF, with in-sample MSE 0.16951000195653818
Finished training EB SURE-LS, with SURE: 0.14866728908246005
Finished training EB SURE-LS, with in-sample MSE: 0.13787948030420077
use_scale: True
use_location: False
Finished training EB misspecified with NPMLE init, with SURE: 0.14668719626139085
Finished training EB misspecified with NPMLE init, with in-sample MSE: 0.1476013575415245
Finished training EB misspecified, with SURE: 0.14668957737939334
Finished training EB misspecified, with in-sample MSE: 0.14760156083684628
Finished training EB wellspecified, with SURE: 0.1323551152713148
Finished training EB wellspecified, with in-sample MSE: 0.1432799734055372
m: 47
Finished solving NPMLE, with SURE 0.32244968431925647
Finished solving NPMLE, with in-sample MSE 0.20411730524656072
Finished solving parametric estimator, with SURE 0.23718187613808156
Finished solving parametric estimator, with in-sample MSE 0.22032160416544053
Finished solving EBCF, with in-sample MSE 0.2146053814750343
Finished training EB SURE-LS, with SURE: 0.12219387891337047
Finished training EB SURE-LS, with in-sample MSE: 0.185867097347375
use_scale: True
use_location: False
Finished training EB misspecified with NPMLE init, with SURE: 0.11430603041591994
Finished training EB misspecified with NPMLE init, with in-sample MSE: 0.22830367430161733
Finished training EB misspecified, with SURE: 0.11432171099845839
Finished training EB misspecified, with in-sample MSE: 0.22823878150315718
Finished training EB wellspecified, with SURE: 0.09474040770504338
Finished training EB wellspecified, with in-sample MSE: 0.21017350726306677
m: 48
Finished solving NPMLE, with SURE 0.4516175869070669
Finished solving NPMLE, with in-sample MSE 0.23240867476610166
Finished solving parametric estimator, with SURE 0.21502654366107019
Finished solving parametric estimator, with in-sample MSE 0.22546976446106132
Finished solving EBCF, with in-sample MSE 0.18209920436743565
Finished training EB SURE-LS, with SURE: 0.12762743615978842
Finished training EB SURE-LS, with in-sample MSE: 0.1358946463435332
use_scale: True
use_location: False
Finished training EB misspecified with NPMLE init, with SURE: 0.10044344310374644
Finished training EB misspecified with NPMLE init, with in-sample MSE: 0.15703709181360678
Finished training EB misspecified, with SURE: 0.10044496270567808
Finished training EB misspecified, with in-sample MSE: 0.15700624922297526
Finished training EB wellspecified, with SURE: 0.08224802986378346
Finished training EB wellspecified, with in-sample MSE: 0.15053466106088717
m: 49
Finished solving NPMLE, with SURE 0.3290851570930111
Finished solving NPMLE, with in-sample MSE 0.21743478897768542
Finished solving parametric estimator, with SURE 0.2208994587919521
Finished solving parametric estimator, with in-sample MSE 0.2035809238151109
Finished solving EBCF, with in-sample MSE 0.1719499644823425
Finished training EB SURE-LS, with SURE: 0.11906037194224382
Finished training EB SURE-LS, with in-sample MSE: 0.1660145711888579
use_scale: True
use_location: False
Finished training EB misspecified with NPMLE init, with SURE: 0.13739898856042204
Finished training EB misspecified with NPMLE init, with in-sample MSE: 0.21346012337858358
Finished training EB misspecified, with SURE: 0.13740725548715133
Finished training EB misspecified, with in-sample MSE: 0.21344657701626654
Finished training EB wellspecified, with SURE: 0.09361645356587936
Finished training EB wellspecified, with in-sample MSE: 0.18637857797841179

n: 400
m: 0
Finished solving NPMLE, with SURE 0.30659079709099885
Finished solving NPMLE, with in-sample MSE 0.3146422859471435
Finished solving parametric estimator, with SURE 0.23845360869403476
Finished solving parametric estimator, with in-sample MSE 0.25195300928745396
Finished solving EBCF, with in-sample MSE 0.1855327807471474
Finished training EB SURE-LS, with SURE: 0.1716327278873757
Finished training EB SURE-LS, with in-sample MSE: 0.15811916653231678
use_scale: True
use_location: False
Finished training EB misspecified with NPMLE init, with SURE: 0.1917728468212673
Finished training EB misspecified with NPMLE init, with in-sample MSE: 0.1908769004620512
Finished training EB misspecified, with SURE: 0.19177755395131665
Finished training EB misspecified, with in-sample MSE: 0.1909575707273532
Finished training EB wellspecified, with SURE: 0.15880772948290045
Finished training EB wellspecified, with in-sample MSE: 0.1642000750291351
m: 1
Finished solving NPMLE, with SURE 0.3718682392799799
Finished solving NPMLE, with in-sample MSE 0.2623380511320439
Finished solving parametric estimator, with SURE 0.23278399825108156
Finished solving parametric estimator, with in-sample MSE 0.25152536390077773
Finished solving EBCF, with in-sample MSE 0.1773278110749167
Finished training EB SURE-LS, with SURE: 0.15239907648964846
Finished training EB SURE-LS, with in-sample MSE: 0.16465846251156338
use_scale: True
use_location: False
Finished training EB misspecified with NPMLE init, with SURE: 0.1469642325977894
Finished training EB misspecified with NPMLE init, with in-sample MSE: 0.20590513027769827
Finished training EB misspecified, with SURE: 0.146971470964506
Finished training EB misspecified, with in-sample MSE: 0.20595211613173842
Finished training EB wellspecified, with SURE: 0.12201395490013503
Finished training EB wellspecified, with in-sample MSE: 0.19804578493653952
m: 2
Finished solving NPMLE, with SURE 0.30627151911995476
Finished solving NPMLE, with in-sample MSE 0.2674908591938026
Finished solving parametric estimator, with SURE 0.2340252164931788
Finished solving parametric estimator, with in-sample MSE 0.23676867660223497
Finished solving EBCF, with in-sample MSE 0.1845859614277776
Finished training EB SURE-LS, with SURE: 0.14074988272410682
Finished training EB SURE-LS, with in-sample MSE: 0.16541328304848013
use_scale: True
use_location: False
Finished training EB misspecified with NPMLE init, with SURE: 0.15067892566895147
Finished training EB misspecified with NPMLE init, with in-sample MSE: 0.19817264195082693
Finished training EB misspecified, with SURE: 0.15070752311490032
Finished training EB misspecified, with in-sample MSE: 0.1982216484238149
Finished training EB wellspecified, with SURE: 0.134310083827677
Finished training EB wellspecified, with in-sample MSE: 0.16966469220070782
m: 3
Finished solving NPMLE, with SURE 0.27536583479212984
Finished solving NPMLE, with in-sample MSE 0.29621311642445264
Finished solving parametric estimator, with SURE 0.25032581965136597
Finished solving parametric estimator, with in-sample MSE 0.28401775473748436
Finished solving EBCF, with in-sample MSE 0.20337531546561283
Finished training EB SURE-LS, with SURE: 0.17804703298550337
Finished training EB SURE-LS, with in-sample MSE: 0.18933817594176175
use_scale: True
use_location: False
Finished training EB misspecified with NPMLE init, with SURE: 0.17753523153513698
Finished training EB misspecified with NPMLE init, with in-sample MSE: 0.22388769171446424
Finished training EB misspecified, with SURE: 0.17754909468190674
Finished training EB misspecified, with in-sample MSE: 0.2238809473390587
Finished training EB wellspecified, with SURE: 0.1543505541123719
Finished training EB wellspecified, with in-sample MSE: 0.18849778144687782
m: 4
Finished solving NPMLE, with SURE 0.34361312573885994
Finished solving NPMLE, with in-sample MSE 0.2594203886132213
Finished solving parametric estimator, with SURE 0.2294889513986033
Finished solving parametric estimator, with in-sample MSE 0.2117412298860788
Finished solving EBCF, with in-sample MSE 0.16061978720919318
Finished training EB SURE-LS, with SURE: 0.1402953753078526
Finished training EB SURE-LS, with in-sample MSE: 0.1422060383183263
use_scale: True
use_location: False
Finished training EB misspecified with NPMLE init, with SURE: 0.14644353787523406
Finished training EB misspecified with NPMLE init, with in-sample MSE: 0.16001404544649644
Finished training EB misspecified, with SURE: 0.14646023997197838
Finished training EB misspecified, with in-sample MSE: 0.16000322522793567
Finished training EB wellspecified, with SURE: 0.11938924492349046
Finished training EB wellspecified, with in-sample MSE: 0.1608451366188002
m: 5
Finished solving NPMLE, with SURE 0.34959974492384455
Finished solving NPMLE, with in-sample MSE 0.2877836709086441
Finished solving parametric estimator, with SURE 0.22862525742433365
Finished solving parametric estimator, with in-sample MSE 0.2560938701057467
Finished solving EBCF, with in-sample MSE 0.2184753687496282
Finished training EB SURE-LS, with SURE: 0.13525658028996296
Finished training EB SURE-LS, with in-sample MSE: 0.1685921088417729
use_scale: True
use_location: False
Finished training EB misspecified with NPMLE init, with SURE: 0.14778031115506443
Finished training EB misspecified with NPMLE init, with in-sample MSE: 0.19745408431140984
Finished training EB misspecified, with SURE: 0.14779682377411013
Finished training EB misspecified, with in-sample MSE: 0.1973831217971813
Finished training EB wellspecified, with SURE: 0.128422346535385
Finished training EB wellspecified, with in-sample MSE: 0.1723043541852789
m: 6
Finished solving NPMLE, with SURE 0.3003555132812483
Finished solving NPMLE, with in-sample MSE 0.26892414077029525
Finished solving parametric estimator, with SURE 0.24472320095547878
Finished solving parametric estimator, with in-sample MSE 0.2123758900094101
Finished solving EBCF, with in-sample MSE 0.1873987954732233
Finished training EB SURE-LS, with SURE: 0.1542788574256058
Finished training EB SURE-LS, with in-sample MSE: 0.16870208819872712
use_scale: True
use_location: False
Finished training EB misspecified with NPMLE init, with SURE: 0.17218991238843154
Finished training EB misspecified with NPMLE init, with in-sample MSE: 0.18517926606210935
Finished training EB misspecified, with SURE: 0.17219715603884225
Finished training EB misspecified, with in-sample MSE: 0.18517954901347675
Finished training EB wellspecified, with SURE: 0.13787287153421662
Finished training EB wellspecified, with in-sample MSE: 0.17583877226579273
m: 7
Finished solving NPMLE, with SURE 0.32695176747321353
Finished solving NPMLE, with in-sample MSE 0.2486744797071972
Finished solving parametric estimator, with SURE 0.23453456106725548
Finished solving parametric estimator, with in-sample MSE 0.20693447594087602
Finished solving EBCF, with in-sample MSE 0.165807987734384
Finished training EB SURE-LS, with SURE: 0.14920763097119344
Finished training EB SURE-LS, with in-sample MSE: 0.14456407844396635
use_scale: True
use_location: False
Finished training EB misspecified with NPMLE init, with SURE: 0.17103617394049622
Finished training EB misspecified with NPMLE init, with in-sample MSE: 0.1748582028191682
Finished training EB misspecified, with SURE: 0.17106063535836108
Finished training EB misspecified, with in-sample MSE: 0.17495687348436126
Finished training EB wellspecified, with SURE: 0.1427010566070242
Finished training EB wellspecified, with in-sample MSE: 0.150700466807304
m: 8
Finished solving NPMLE, with SURE 0.3891278182277946
Finished solving NPMLE, with in-sample MSE 0.27772590522903196
Finished solving parametric estimator, with SURE 0.22049051193841174
Finished solving parametric estimator, with in-sample MSE 0.2506966099382815
Finished solving EBCF, with in-sample MSE 0.16155814096483137
Finished training EB SURE-LS, with SURE: 0.12556183752439132
Finished training EB SURE-LS, with in-sample MSE: 0.15127995390986482
use_scale: True
use_location: False
Finished training EB misspecified with NPMLE init, with SURE: 0.14049662741850186
Finished training EB misspecified with NPMLE init, with in-sample MSE: 0.1763779218075666
Finished training EB misspecified, with SURE: 0.14050045207038842
Finished training EB misspecified, with in-sample MSE: 0.17639369159777146
Finished training EB wellspecified, with SURE: 0.1177421319577709
Finished training EB wellspecified, with in-sample MSE: 0.15762273052686526
m: 9
Finished solving NPMLE, with SURE 0.36268294733588136
Finished solving NPMLE, with in-sample MSE 0.33990937936820714
Finished solving parametric estimator, with SURE 0.22920122557182382
Finished solving parametric estimator, with in-sample MSE 0.28826647642222153
Finished solving EBCF, with in-sample MSE 0.21859167806218527
Finished training EB SURE-LS, with SURE: 0.14780720685381366
Finished training EB SURE-LS, with in-sample MSE: 0.1820917277822467
use_scale: True
use_location: False
Finished training EB misspecified with NPMLE init, with SURE: 0.14583728100399576
Finished training EB misspecified with NPMLE init, with in-sample MSE: 0.2035432888844968
Finished training EB misspecified, with SURE: 0.14586529352246097
Finished training EB misspecified, with in-sample MSE: 0.20334443093038243
Finished training EB wellspecified, with SURE: 0.1254959669270772
Finished training EB wellspecified, with in-sample MSE: 0.1906008288687081
m: 10
Finished solving NPMLE, with SURE 0.37733938525889454
Finished solving NPMLE, with in-sample MSE 0.2774761075818377
Finished solving parametric estimator, with SURE 0.24187700179765576
Finished solving parametric estimator, with in-sample MSE 0.24856297838094893
Finished solving EBCF, with in-sample MSE 0.17150045240036724
Finished training EB SURE-LS, with SURE: 0.17308612294290923
Finished training EB SURE-LS, with in-sample MSE: 0.15614827043857368
use_scale: True
use_location: False
Finished training EB misspecified with NPMLE init, with SURE: 0.15269862986748817
Finished training EB misspecified with NPMLE init, with in-sample MSE: 0.18770313142267894
Finished training EB misspecified, with SURE: 0.15271691457701178
Finished training EB misspecified, with in-sample MSE: 0.18751801182623803
Finished training EB wellspecified, with SURE: 0.15081752735655965
Finished training EB wellspecified, with in-sample MSE: 0.1686998132934239
m: 11
Finished solving NPMLE, with SURE 0.37372763480379967
Finished solving NPMLE, with in-sample MSE 0.2683807355315873
Finished solving parametric estimator, with SURE 0.22991064506341868
Finished solving parametric estimator, with in-sample MSE 0.24601062501320278
Finished solving EBCF, with in-sample MSE 0.19224102965482148
Finished training EB SURE-LS, with SURE: 0.1436308784735489
Finished training EB SURE-LS, with in-sample MSE: 0.1786122041772871
use_scale: True
use_location: False
Finished training EB misspecified with NPMLE init, with SURE: 0.14435032768823228
Finished training EB misspecified with NPMLE init, with in-sample MSE: 0.20002339938073666
Finished training EB misspecified, with SURE: 0.1439327856664481
Finished training EB misspecified, with in-sample MSE: 0.19858383623444906
Finished training EB wellspecified, with SURE: 0.12859473850659559
Finished training EB wellspecified, with in-sample MSE: 0.1835740339578623
m: 12
Finished solving NPMLE, with SURE 0.3325813399217463
Finished solving NPMLE, with in-sample MSE 0.2652002378502937
Finished solving parametric estimator, with SURE 0.22284051152743709
Finished solving parametric estimator, with in-sample MSE 0.2174171736035138
Finished solving EBCF, with in-sample MSE 0.13961319872938543
Finished training EB SURE-LS, with SURE: 0.13254227150285489
Finished training EB SURE-LS, with in-sample MSE: 0.12878726300813545
use_scale: True
use_location: False
Finished training EB misspecified with NPMLE init, with SURE: 0.14685276278648104
Finished training EB misspecified with NPMLE init, with in-sample MSE: 0.1422914580643913
Finished training EB misspecified, with SURE: 0.14685977734048491
Finished training EB misspecified, with in-sample MSE: 0.14229916253255875
Finished training EB wellspecified, with SURE: 0.12040137421390246
Finished training EB wellspecified, with in-sample MSE: 0.13526653308619674
m: 13
Finished solving NPMLE, with SURE 0.28662038174070165
Finished solving NPMLE, with in-sample MSE 0.2563379840808866
Finished solving parametric estimator, with SURE 0.23679487596235416
Finished solving parametric estimator, with in-sample MSE 0.2283030894256122
Finished solving EBCF, with in-sample MSE 0.15774434388584452
Finished training EB SURE-LS, with SURE: 0.15879740801929917
Finished training EB SURE-LS, with in-sample MSE: 0.1487862695298646
use_scale: True
use_location: False
Finished training EB misspecified with NPMLE init, with SURE: 0.1657191238432549
Finished training EB misspecified with NPMLE init, with in-sample MSE: 0.18691548306742026
Finished training EB misspecified, with SURE: 0.16571841509869922
Finished training EB misspecified, with in-sample MSE: 0.18691810578748239
Finished training EB wellspecified, with SURE: 0.14547847315471255
Finished training EB wellspecified, with in-sample MSE: 0.1633889826470644
m: 14
Finished solving NPMLE, with SURE 0.27578239780591846
Finished solving NPMLE, with in-sample MSE 0.3194973693260324
Finished solving parametric estimator, with SURE 0.23336038856045957
Finished solving parametric estimator, with in-sample MSE 0.26402298708832206
Finished solving EBCF, with in-sample MSE 0.19480688877965907
Finished training EB SURE-LS, with SURE: 0.15110085750305266
Finished training EB SURE-LS, with in-sample MSE: 0.17120671971292867
use_scale: True
use_location: False
Finished training EB misspecified with NPMLE init, with SURE: 0.16872287953712806
Finished training EB misspecified with NPMLE init, with in-sample MSE: 0.21913871320042894
Finished training EB misspecified, with SURE: 0.16750032068057835
Finished training EB misspecified, with in-sample MSE: 0.21940472122823299
Finished training EB wellspecified, with SURE: 0.1387999772300064
Finished training EB wellspecified, with in-sample MSE: 0.17840171746590006
m: 15
Finished solving NPMLE, with SURE 0.32299838756700167
Finished solving NPMLE, with in-sample MSE 0.3320915703045128
Finished solving parametric estimator, with SURE 0.2467570742885563
Finished solving parametric estimator, with in-sample MSE 0.28756575226054343
Finished solving EBCF, with in-sample MSE 0.20327184153733402
Finished training EB SURE-LS, with SURE: 0.17860799684992545
Finished training EB SURE-LS, with in-sample MSE: 0.1821836597265663
use_scale: True
use_location: False
Finished training EB misspecified with NPMLE init, with SURE: 0.18869206892255178
Finished training EB misspecified with NPMLE init, with in-sample MSE: 0.21723134755781337
Finished training EB misspecified, with SURE: 0.18869734197986363
Finished training EB misspecified, with in-sample MSE: 0.21725237499465638
Finished training EB wellspecified, with SURE: 0.1526591615615817
Finished training EB wellspecified, with in-sample MSE: 0.19963590868479375
m: 16
Finished solving NPMLE, with SURE 0.29406624496048744
Finished solving NPMLE, with in-sample MSE 0.30399936458058924
Finished solving parametric estimator, with SURE 0.23089392581501028
Finished solving parametric estimator, with in-sample MSE 0.24048914482470693
Finished solving EBCF, with in-sample MSE 0.18651600852072386
Finished training EB SURE-LS, with SURE: 0.1391494894976429
Finished training EB SURE-LS, with in-sample MSE: 0.166703267844533
use_scale: True
use_location: False
Finished training EB misspecified with NPMLE init, with SURE: 0.15403129056862297
Finished training EB misspecified with NPMLE init, with in-sample MSE: 0.20703197616498478
Finished training EB misspecified, with SURE: 0.15403781792260673
Finished training EB misspecified, with in-sample MSE: 0.2070045481191243
Finished training EB wellspecified, with SURE: 0.11697909960566985
Finished training EB wellspecified, with in-sample MSE: 0.17987391429787045
m: 17
Finished solving NPMLE, with SURE 0.3380447465720104
Finished solving NPMLE, with in-sample MSE 0.23363047116629265
Finished solving parametric estimator, with SURE 0.2313230834994493
Finished solving parametric estimator, with in-sample MSE 0.2282242409085169
Finished solving EBCF, with in-sample MSE 0.16422249640596792
Finished training EB SURE-LS, with SURE: 0.136773186332084
Finished training EB SURE-LS, with in-sample MSE: 0.1486381604131157
use_scale: True
use_location: False
Finished training EB misspecified with NPMLE init, with SURE: 0.1344754334230727
Finished training EB misspecified with NPMLE init, with in-sample MSE: 0.1758492839725433
Finished training EB misspecified, with SURE: 0.13449658238747111
Finished training EB misspecified, with in-sample MSE: 0.17588264657716268
Finished training EB wellspecified, with SURE: 0.11911262512262447
Finished training EB wellspecified, with in-sample MSE: 0.16023655945268991
m: 18
Finished solving NPMLE, with SURE 0.3393700372345451
Finished solving NPMLE, with in-sample MSE 0.28135261420675317
Finished solving parametric estimator, with SURE 0.2288511345066218
Finished solving parametric estimator, with in-sample MSE 0.2593386340671855
Finished solving EBCF, with in-sample MSE 0.16210006188582077
Finished training EB SURE-LS, with SURE: 0.13932618284101925
Finished training EB SURE-LS, with in-sample MSE: 0.1481134505578392
use_scale: True
use_location: False
Finished training EB misspecified with NPMLE init, with SURE: 0.1458235853923082
Finished training EB misspecified with NPMLE init, with in-sample MSE: 0.1918074925305362
Finished training EB misspecified, with SURE: 0.14700153841707092
Finished training EB misspecified, with in-sample MSE: 0.19074399560263314
Finished training EB wellspecified, with SURE: 0.12519228646177694
Finished training EB wellspecified, with in-sample MSE: 0.1663327340873374
m: 19
Finished solving NPMLE, with SURE 0.3084573229276384
Finished solving NPMLE, with in-sample MSE 0.25581821186453707
Finished solving parametric estimator, with SURE 0.23083002181976145
Finished solving parametric estimator, with in-sample MSE 0.2219532115431651
Finished solving EBCF, with in-sample MSE 0.14968511869872264
Finished training EB SURE-LS, with SURE: 0.1409247481666597
Finished training EB SURE-LS, with in-sample MSE: 0.13929982061636623
use_scale: True
use_location: False
Finished training EB misspecified with NPMLE init, with SURE: 0.1693188484935462
Finished training EB misspecified with NPMLE init, with in-sample MSE: 0.16181844001336876
Finished training EB misspecified, with SURE: 0.16931978583840507
Finished training EB misspecified, with in-sample MSE: 0.1618232948070949
Finished training EB wellspecified, with SURE: 0.12776387983834234
Finished training EB wellspecified, with in-sample MSE: 0.14577854822169184
m: 20
Finished solving NPMLE, with SURE 0.3432028490764589
Finished solving NPMLE, with in-sample MSE 0.2436629636987259
Finished solving parametric estimator, with SURE 0.2228942856628197
Finished solving parametric estimator, with in-sample MSE 0.23136916291135878
Finished solving EBCF, with in-sample MSE 0.18465137551710287
Finished training EB SURE-LS, with SURE: 0.11657867868862105
Finished training EB SURE-LS, with in-sample MSE: 0.16503303712848763
use_scale: True
use_location: False
Finished training EB misspecified with NPMLE init, with SURE: 0.1310843045498867
Finished training EB misspecified with NPMLE init, with in-sample MSE: 0.19155189892280133
Finished training EB misspecified, with SURE: 0.13213355451033182
Finished training EB misspecified, with in-sample MSE: 0.1910339398355458
Finished training EB wellspecified, with SURE: 0.10965023315645167
Finished training EB wellspecified, with in-sample MSE: 0.16864332862655465
m: 21
Finished solving NPMLE, with SURE 0.3165703678385401
Finished solving NPMLE, with in-sample MSE 0.26356442298016275
Finished solving parametric estimator, with SURE 0.22936661978737888
Finished solving parametric estimator, with in-sample MSE 0.25673327424166836
Finished solving EBCF, with in-sample MSE 0.17488744073997403
Finished training EB SURE-LS, with SURE: 0.15575729430903976
Finished training EB SURE-LS, with in-sample MSE: 0.14348720287787686
use_scale: True
use_location: False
Finished training EB misspecified with NPMLE init, with SURE: 0.15474666503482035
Finished training EB misspecified with NPMLE init, with in-sample MSE: 0.17364167601220878
Finished training EB misspecified, with SURE: 0.15475907577357256
Finished training EB misspecified, with in-sample MSE: 0.17364253227691762
Finished training EB wellspecified, with SURE: 0.14202116140549445
Finished training EB wellspecified, with in-sample MSE: 0.15682235171030218
m: 22
Finished solving NPMLE, with SURE 0.34182136283075354
Finished solving NPMLE, with in-sample MSE 0.25720386614991597
Finished solving parametric estimator, with SURE 0.23724176347014053
Finished solving parametric estimator, with in-sample MSE 0.24295108830677553
Finished solving EBCF, with in-sample MSE 0.19279297194884518
Finished training EB SURE-LS, with SURE: 0.15232961898957215
Finished training EB SURE-LS, with in-sample MSE: 0.17120628148007866
use_scale: True
use_location: False
Finished training EB misspecified with NPMLE init, with SURE: 0.16106327583379018
Finished training EB misspecified with NPMLE init, with in-sample MSE: 0.2047963253369781
Finished training EB misspecified, with SURE: 0.1610654494685266
Finished training EB misspecified, with in-sample MSE: 0.204796925656945
Finished training EB wellspecified, with SURE: 0.13871368231541045
Finished training EB wellspecified, with in-sample MSE: 0.19645999007841727
m: 23
Finished solving NPMLE, with SURE 0.4048016034519125
Finished solving NPMLE, with in-sample MSE 0.3262549100726177
Finished solving parametric estimator, with SURE 0.23388612102815556
Finished solving parametric estimator, with in-sample MSE 0.2560090430220455
Finished solving EBCF, with in-sample MSE 0.17111694105967276
Finished training EB SURE-LS, with SURE: 0.1534198224959248
Finished training EB SURE-LS, with in-sample MSE: 0.16068391464436385
use_scale: True
use_location: False
Finished training EB misspecified with NPMLE init, with SURE: 0.1673023503185279
Finished training EB misspecified with NPMLE init, with in-sample MSE: 0.18430784480575904
Finished training EB misspecified, with SURE: 0.16671470263430646
Finished training EB misspecified, with in-sample MSE: 0.1821577367499367
Finished training EB wellspecified, with SURE: 0.1219874852137151
Finished training EB wellspecified, with in-sample MSE: 0.18081624219722647
m: 24
Finished solving NPMLE, with SURE 0.37822135701527165
Finished solving NPMLE, with in-sample MSE 0.31976938152903195
Finished solving parametric estimator, with SURE 0.23093268758104718
Finished solving parametric estimator, with in-sample MSE 0.2653325612780559
Finished solving EBCF, with in-sample MSE 0.17708517553787956
Finished training EB SURE-LS, with SURE: 0.13320967518588486
Finished training EB SURE-LS, with in-sample MSE: 0.17382421982965773
use_scale: True
use_location: False
Finished training EB misspecified with NPMLE init, with SURE: 0.15348292376807599
Finished training EB misspecified with NPMLE init, with in-sample MSE: 0.19168946376740767
Finished training EB misspecified, with SURE: 0.15348804391292994
Finished training EB misspecified, with in-sample MSE: 0.1916767046063338
Finished training EB wellspecified, with SURE: 0.12261190644545732
Finished training EB wellspecified, with in-sample MSE: 0.18089730893690434
m: 25
Finished solving NPMLE, with SURE 0.3132789013516799
Finished solving NPMLE, with in-sample MSE 0.2568614074973711
Finished solving parametric estimator, with SURE 0.23186188316800393
Finished solving parametric estimator, with in-sample MSE 0.21785986335967522
Finished solving EBCF, with in-sample MSE 0.14078529308516946
Finished training EB SURE-LS, with SURE: 0.1351693799417288
Finished training EB SURE-LS, with in-sample MSE: 0.12857413939469434
use_scale: True
use_location: False
Finished training EB misspecified with NPMLE init, with SURE: 0.15438496317713102
Finished training EB misspecified with NPMLE init, with in-sample MSE: 0.17627117542401305
Finished training EB misspecified, with SURE: 0.15256262693131056
Finished training EB misspecified, with in-sample MSE: 0.1689725986262782
Finished training EB wellspecified, with SURE: 0.11933574314968486
Finished training EB wellspecified, with in-sample MSE: 0.14346321561113012
m: 26
Finished solving NPMLE, with SURE 0.3259802321163406
Finished solving NPMLE, with in-sample MSE 0.27672339266119755
Finished solving parametric estimator, with SURE 0.23454645821466336
Finished solving parametric estimator, with in-sample MSE 0.2127703629078618
Finished solving EBCF, with in-sample MSE 0.15720898065673522
Finished training EB SURE-LS, with SURE: 0.13072073324145245
Finished training EB SURE-LS, with in-sample MSE: 0.14988031071656077
use_scale: True
use_location: False
Finished training EB misspecified with NPMLE init, with SURE: 0.11666653808567716
Finished training EB misspecified with NPMLE init, with in-sample MSE: 0.19574714768873597
Finished training EB misspecified, with SURE: 0.11667652552515087
Finished training EB misspecified, with in-sample MSE: 0.195758415240556
Finished training EB wellspecified, with SURE: 0.09781265793365204
Finished training EB wellspecified, with in-sample MSE: 0.18595936278034375
m: 27
Finished solving NPMLE, with SURE 0.318070614025694
Finished solving NPMLE, with in-sample MSE 0.27263171872699293
Finished solving parametric estimator, with SURE 0.23606666894684186
Finished solving parametric estimator, with in-sample MSE 0.21524423726018715
Finished solving EBCF, with in-sample MSE 0.1842667793596198
Finished training EB SURE-LS, with SURE: 0.1484471616890477
Finished training EB SURE-LS, with in-sample MSE: 0.14112966047544317
use_scale: True
use_location: False
Finished training EB misspecified with NPMLE init, with SURE: 0.16191735248938086
Finished training EB misspecified with NPMLE init, with in-sample MSE: 0.161194595006466
Finished training EB misspecified, with SURE: 0.16135442371533995
Finished training EB misspecified, with in-sample MSE: 0.15955627011498444
Finished training EB wellspecified, with SURE: 0.13560588729378661
Finished training EB wellspecified, with in-sample MSE: 0.15358491799413124
m: 28
Finished solving NPMLE, with SURE 0.3504704021016871
Finished solving NPMLE, with in-sample MSE 0.23696920905376812
Finished solving parametric estimator, with SURE 0.23949284960776973
Finished solving parametric estimator, with in-sample MSE 0.233935576735373
Finished solving EBCF, with in-sample MSE 0.16106630381411985
Finished training EB SURE-LS, with SURE: 0.16484661615751833
Finished training EB SURE-LS, with in-sample MSE: 0.14790822234055268
use_scale: True
use_location: False
Finished training EB misspecified with NPMLE init, with SURE: 0.16368306644625905
Finished training EB misspecified with NPMLE init, with in-sample MSE: 0.1707035900014656
Finished training EB misspecified, with SURE: 0.16368962441440524
Finished training EB misspecified, with in-sample MSE: 0.17062437539580827
Finished training EB wellspecified, with SURE: 0.16384570373574886
Finished training EB wellspecified, with in-sample MSE: 0.1706900083879322
m: 29
Finished solving NPMLE, with SURE 0.3315246860418226
Finished solving NPMLE, with in-sample MSE 0.2502211649192006
Finished solving parametric estimator, with SURE 0.2264808008094244
Finished solving parametric estimator, with in-sample MSE 0.2276848066461783
Finished solving EBCF, with in-sample MSE 0.1515350667066074
Finished training EB SURE-LS, with SURE: 0.12077149253803414
Finished training EB SURE-LS, with in-sample MSE: 0.14035657938994608
use_scale: True
use_location: False
Finished training EB misspecified with NPMLE init, with SURE: 0.1311382143595504
Finished training EB misspecified with NPMLE init, with in-sample MSE: 0.15211346531887876
Finished training EB misspecified, with SURE: 0.13114006645755238
Finished training EB misspecified, with in-sample MSE: 0.1521294620693218
Finished training EB wellspecified, with SURE: 0.11128510426170594
Finished training EB wellspecified, with in-sample MSE: 0.14337837571750198
m: 30
Finished solving NPMLE, with SURE 0.47432778390179003
Finished solving NPMLE, with in-sample MSE 0.28575986046727075
Finished solving parametric estimator, with SURE 0.23070966396589354
Finished solving parametric estimator, with in-sample MSE 0.2738421269649704
Finished solving EBCF, with in-sample MSE 0.17544466193281966
Finished training EB SURE-LS, with SURE: 0.14007153297756345
Finished training EB SURE-LS, with in-sample MSE: 0.16168612621991066
use_scale: True
use_location: False
Finished training EB misspecified with NPMLE init, with SURE: 0.1449277014273732
Finished training EB misspecified with NPMLE init, with in-sample MSE: 0.18470918500121158
Finished training EB misspecified, with SURE: 0.14493437688909092
Finished training EB misspecified, with in-sample MSE: 0.18474467279222867
Finished training EB wellspecified, with SURE: 0.1288240091094088
Finished training EB wellspecified, with in-sample MSE: 0.17270488160776296
m: 31
Finished solving NPMLE, with SURE 0.3716464179845182
Finished solving NPMLE, with in-sample MSE 0.32301325848316914
Finished solving parametric estimator, with SURE 0.2275859540187617
Finished solving parametric estimator, with in-sample MSE 0.27509179549065266
Finished solving EBCF, with in-sample MSE 0.16427351311505364
Finished training EB SURE-LS, with SURE: 0.13862719665109338
Finished training EB SURE-LS, with in-sample MSE: 0.15793542983914116
use_scale: True
use_location: False
Finished training EB misspecified with NPMLE init, with SURE: 0.1474723970960741
Finished training EB misspecified with NPMLE init, with in-sample MSE: 0.18663685033221344
Finished training EB misspecified, with SURE: 0.14747740212824392
Finished training EB misspecified, with in-sample MSE: 0.1866403198127563
Finished training EB wellspecified, with SURE: 0.12951233716931393
Finished training EB wellspecified, with in-sample MSE: 0.16535571830213333
m: 32
Finished solving NPMLE, with SURE 0.3475182645110548
Finished solving NPMLE, with in-sample MSE 0.2746425303453569
Finished solving parametric estimator, with SURE 0.23786379775795502
Finished solving parametric estimator, with in-sample MSE 0.259582493668302
Finished solving EBCF, with in-sample MSE 0.19619461698638957
Finished training EB SURE-LS, with SURE: 0.15114211058469787
Finished training EB SURE-LS, with in-sample MSE: 0.1774152291721615
use_scale: True
use_location: False
Finished training EB misspecified with NPMLE init, with SURE: 0.16748450922167143
Finished training EB misspecified with NPMLE init, with in-sample MSE: 0.20912277013837902
Finished training EB misspecified, with SURE: 0.16750792805348616
Finished training EB misspecified, with in-sample MSE: 0.20951516429160344
Finished training EB wellspecified, with SURE: 0.13667761437170103
Finished training EB wellspecified, with in-sample MSE: 0.17865394601036885
m: 33
Finished solving NPMLE, with SURE 0.32718431264526904
Finished solving NPMLE, with in-sample MSE 0.26193692523421047
Finished solving parametric estimator, with SURE 0.2354779192927629
Finished solving parametric estimator, with in-sample MSE 0.2612712456028182
Finished solving EBCF, with in-sample MSE 0.21758387685549546
Finished training EB SURE-LS, with SURE: 0.14846152939136154
Finished training EB SURE-LS, with in-sample MSE: 0.1891920075713684
use_scale: True
use_location: False
Finished training EB misspecified with NPMLE init, with SURE: 0.145031884604023
Finished training EB misspecified with NPMLE init, with in-sample MSE: 0.23344478667259008
Finished training EB misspecified, with SURE: 0.14704868549855007
Finished training EB misspecified, with in-sample MSE: 0.2325783428602232
Finished training EB wellspecified, with SURE: 0.12748857537478872
Finished training EB wellspecified, with in-sample MSE: 0.20760069957638944
m: 34
Finished solving NPMLE, with SURE 0.3466479777825276
Finished solving NPMLE, with in-sample MSE 0.294769811926201
Finished solving parametric estimator, with SURE 0.24625932182883545
Finished solving parametric estimator, with in-sample MSE 0.23614613479532864
Finished solving EBCF, with in-sample MSE 0.19463882322247253
Finished training EB SURE-LS, with SURE: 0.1713223633473956
Finished training EB SURE-LS, with in-sample MSE: 0.17553557703643588
use_scale: True
use_location: False
Finished training EB misspecified with NPMLE init, with SURE: 0.16847310808358593
Finished training EB misspecified with NPMLE init, with in-sample MSE: 0.19571103879948268
Finished training EB misspecified, with SURE: 0.1684868197118493
Finished training EB misspecified, with in-sample MSE: 0.19569748256647176
Finished training EB wellspecified, with SURE: 0.13834073615448111
Finished training EB wellspecified, with in-sample MSE: 0.18137142671654355
m: 35
Finished solving NPMLE, with SURE 0.28322742874728735
Finished solving NPMLE, with in-sample MSE 0.2774220339451261
Finished solving parametric estimator, with SURE 0.23015345524190461
Finished solving parametric estimator, with in-sample MSE 0.23900732270794148
Finished solving EBCF, with in-sample MSE 0.16432231875523418
Finished training EB SURE-LS, with SURE: 0.15214337374034756
Finished training EB SURE-LS, with in-sample MSE: 0.1537551156003812
use_scale: True
use_location: False
Finished training EB misspecified with NPMLE init, with SURE: 0.1598394605754438
Finished training EB misspecified with NPMLE init, with in-sample MSE: 0.18720216163945771
Finished training EB misspecified, with SURE: 0.15984133766924516
Finished training EB misspecified, with in-sample MSE: 0.18721379688586923
Finished training EB wellspecified, with SURE: 0.12974235522151017
Finished training EB wellspecified, with in-sample MSE: 0.1719327056172502
m: 36
Finished solving NPMLE, with SURE 0.3362147498137345
Finished solving NPMLE, with in-sample MSE 0.27934820766108165
Finished solving parametric estimator, with SURE 0.2285101648693744
Finished solving parametric estimator, with in-sample MSE 0.22629269868383733
Finished solving EBCF, with in-sample MSE 0.16763385494699393
Finished training EB SURE-LS, with SURE: 0.15164718312685185
Finished training EB SURE-LS, with in-sample MSE: 0.14179718090876697
use_scale: True
use_location: False
Finished training EB misspecified with NPMLE init, with SURE: 0.15329309052639645
Finished training EB misspecified with NPMLE init, with in-sample MSE: 0.17999630164665073
Finished training EB misspecified, with SURE: 0.1532992703376735
Finished training EB misspecified, with in-sample MSE: 0.17997788278949334
Finished training EB wellspecified, with SURE: 0.13607443585088988
Finished training EB wellspecified, with in-sample MSE: 0.15333875417351922
m: 37
Finished solving NPMLE, with SURE 0.3112591489777319
Finished solving NPMLE, with in-sample MSE 0.23398183797374833
Finished solving parametric estimator, with SURE 0.23232996955722743
Finished solving parametric estimator, with in-sample MSE 0.22404090681542158
Finished solving EBCF, with in-sample MSE 0.14653994119549624
Finished training EB SURE-LS, with SURE: 0.148858773851606
Finished training EB SURE-LS, with in-sample MSE: 0.13434066093775582
use_scale: True
use_location: False
Finished training EB misspecified with NPMLE init, with SURE: 0.15847783255623274
Finished training EB misspecified with NPMLE init, with in-sample MSE: 0.1783897969867845
Finished training EB misspecified, with SURE: 0.15848461539147468
Finished training EB misspecified, with in-sample MSE: 0.17838668568051363
Finished training EB wellspecified, with SURE: 0.1363892237497039
Finished training EB wellspecified, with in-sample MSE: 0.15426299061432144
m: 38
Finished solving NPMLE, with SURE 0.31903973951784886
Finished solving NPMLE, with in-sample MSE 0.28972705628934087
Finished solving parametric estimator, with SURE 0.2306835396150605
Finished solving parametric estimator, with in-sample MSE 0.2531630822810535
Finished solving EBCF, with in-sample MSE 0.17235952898710144
Finished training EB SURE-LS, with SURE: 0.14624588667730598
Finished training EB SURE-LS, with in-sample MSE: 0.16294705627637462
use_scale: True
use_location: False
Finished training EB misspecified with NPMLE init, with SURE: 0.16135592025632498
Finished training EB misspecified with NPMLE init, with in-sample MSE: 0.1770817837702127
Finished training EB misspecified, with SURE: 0.1613662381291266
Finished training EB misspecified, with in-sample MSE: 0.17709787606526395
Finished training EB wellspecified, with SURE: 0.13428734395027886
Finished training EB wellspecified, with in-sample MSE: 0.1799476559510416
m: 39
Finished solving NPMLE, with SURE 0.45241788117075177
Finished solving NPMLE, with in-sample MSE 0.306384927369942
Finished solving parametric estimator, with SURE 0.23692836633601053
Finished solving parametric estimator, with in-sample MSE 0.2505050034744965
Finished solving EBCF, with in-sample MSE 0.19763904829340895
Finished training EB SURE-LS, with SURE: 0.16449705087989158
Finished training EB SURE-LS, with in-sample MSE: 0.15705350102405785
use_scale: True
use_location: False
Finished training EB misspecified with NPMLE init, with SURE: 0.17120940093510398
Finished training EB misspecified with NPMLE init, with in-sample MSE: 0.1899261881223059
Finished training EB misspecified, with SURE: 0.1712118307624302
Finished training EB misspecified, with in-sample MSE: 0.18996135361268782
Finished training EB wellspecified, with SURE: 0.1342502187407403
Finished training EB wellspecified, with in-sample MSE: 0.18816692461987256
m: 40
Finished solving NPMLE, with SURE 0.37577137381447545
Finished solving NPMLE, with in-sample MSE 0.26407628718552834
Finished solving parametric estimator, with SURE 0.2458275860468389
Finished solving parametric estimator, with in-sample MSE 0.23701376075360878
Finished solving EBCF, with in-sample MSE 0.1730222680444157
Finished training EB SURE-LS, with SURE: 0.16553101842754564
Finished training EB SURE-LS, with in-sample MSE: 0.1490121715793339
use_scale: True
use_location: False
Finished training EB misspecified with NPMLE init, with SURE: 0.1656837977077459
Finished training EB misspecified with NPMLE init, with in-sample MSE: 0.17373732337990927
Finished training EB misspecified, with SURE: 0.1656808572026342
Finished training EB misspecified, with in-sample MSE: 0.173739527580916
Finished training EB wellspecified, with SURE: 0.14582020297630977
Finished training EB wellspecified, with in-sample MSE: 0.16094143519994514
m: 41
Finished solving NPMLE, with SURE 0.3512010384140955
Finished solving NPMLE, with in-sample MSE 0.28404180702431225
Finished solving parametric estimator, with SURE 0.22004468914317718
Finished solving parametric estimator, with in-sample MSE 0.25538931485675315
Finished solving EBCF, with in-sample MSE 0.17065687709930785
Finished training EB SURE-LS, with SURE: 0.12753674850346616
Finished training EB SURE-LS, with in-sample MSE: 0.16285757738337225
use_scale: True
use_location: False
Finished training EB misspecified with NPMLE init, with SURE: 0.14710137942028673
Finished training EB misspecified with NPMLE init, with in-sample MSE: 0.19124085940527902
Finished training EB misspecified, with SURE: 0.14711569172597108
Finished training EB misspecified, with in-sample MSE: 0.191216310598836
Finished training EB wellspecified, with SURE: 0.11647788333934411
Finished training EB wellspecified, with in-sample MSE: 0.16531469948122857
m: 42
Finished solving NPMLE, with SURE 0.34682517904213045
Finished solving NPMLE, with in-sample MSE 0.2672397122757242
Finished solving parametric estimator, with SURE 0.23406008009066864
Finished solving parametric estimator, with in-sample MSE 0.2339974229970031
Finished solving EBCF, with in-sample MSE 0.18391649788125378
Finished training EB SURE-LS, with SURE: 0.13671299925411343
Finished training EB SURE-LS, with in-sample MSE: 0.16733486360532634
use_scale: True
use_location: False
Finished training EB misspecified with NPMLE init, with SURE: 0.1360040056009492
Finished training EB misspecified with NPMLE init, with in-sample MSE: 0.21311653955401616
Finished training EB misspecified, with SURE: 0.13601041696899535
Finished training EB misspecified, with in-sample MSE: 0.21303415571445755
Finished training EB wellspecified, with SURE: 0.11652090602507473
Finished training EB wellspecified, with in-sample MSE: 0.18555429400987009
m: 43
Finished solving NPMLE, with SURE 0.3106825733502958
Finished solving NPMLE, with in-sample MSE 0.23637851960083026
Finished solving parametric estimator, with SURE 0.22891365305320646
Finished solving parametric estimator, with in-sample MSE 0.22443111185585632
Finished solving EBCF, with in-sample MSE 0.15402923593164178
Finished training EB SURE-LS, with SURE: 0.13264340240781192
Finished training EB SURE-LS, with in-sample MSE: 0.14594292288220426
use_scale: True
use_location: False
Finished training EB misspecified with NPMLE init, with SURE: 0.15775855090648047
Finished training EB misspecified with NPMLE init, with in-sample MSE: 0.17080809208125344
Finished training EB misspecified, with SURE: 0.15777166483706365
Finished training EB misspecified, with in-sample MSE: 0.17081285192289594
Finished training EB wellspecified, with SURE: 0.16057331783146153
Finished training EB wellspecified, with in-sample MSE: 0.16326056725960797
m: 44
Finished solving NPMLE, with SURE 0.29746533342928116
Finished solving NPMLE, with in-sample MSE 0.3027343951024363
Finished solving parametric estimator, with SURE 0.2425193281598073
Finished solving parametric estimator, with in-sample MSE 0.2582375998597715
Finished solving EBCF, with in-sample MSE 0.1737030667395047
Finished training EB SURE-LS, with SURE: 0.1746689278710487
Finished training EB SURE-LS, with in-sample MSE: 0.17157746476848032
use_scale: True
use_location: False
Finished training EB misspecified with NPMLE init, with SURE: 0.17812326889313654
Finished training EB misspecified with NPMLE init, with in-sample MSE: 0.18965179268879603
Finished training EB misspecified, with SURE: 0.178132207667526
Finished training EB misspecified, with in-sample MSE: 0.18979196026574166
Finished training EB wellspecified, with SURE: 0.162571248396773
Finished training EB wellspecified, with in-sample MSE: 0.17706207353905756
m: 45
Finished solving NPMLE, with SURE 0.28384681561815794
Finished solving NPMLE, with in-sample MSE 0.2558394830951973
Finished solving parametric estimator, with SURE 0.2226622207962196
Finished solving parametric estimator, with in-sample MSE 0.21800884322316472
Finished solving EBCF, with in-sample MSE 0.1482591710873108
Finished training EB SURE-LS, with SURE: 0.11508640601146378
Finished training EB SURE-LS, with in-sample MSE: 0.140226656848267
use_scale: True
use_location: False
Finished training EB misspecified with NPMLE init, with SURE: 0.13439548931447412
Finished training EB misspecified with NPMLE init, with in-sample MSE: 0.16662966170858998
Finished training EB misspecified, with SURE: 0.13440572754654645
Finished training EB misspecified, with in-sample MSE: 0.16663402493930662
Finished training EB wellspecified, with SURE: 0.1033633612968797
Finished training EB wellspecified, with in-sample MSE: 0.1420440066845427
m: 46
Finished solving NPMLE, with SURE 0.2803535841573185
Finished solving NPMLE, with in-sample MSE 0.27913071524625493
Finished solving parametric estimator, with SURE 0.23833897350734642
Finished solving parametric estimator, with in-sample MSE 0.23544872628789837
Finished solving EBCF, with in-sample MSE 0.19331681660021083
Finished training EB SURE-LS, with SURE: 0.16694592308155667
Finished training EB SURE-LS, with in-sample MSE: 0.16719453384203206
use_scale: True
use_location: False
Finished training EB misspecified with NPMLE init, with SURE: 0.18039957940181253
Finished training EB misspecified with NPMLE init, with in-sample MSE: 0.1883363546206201
Finished training EB misspecified, with SURE: 0.18040415627234382
Finished training EB misspecified, with in-sample MSE: 0.1883364585602769
Finished training EB wellspecified, with SURE: 0.16073006946937657
Finished training EB wellspecified, with in-sample MSE: 0.1666248622442355
m: 47
Finished solving NPMLE, with SURE 0.2767190576155301
Finished solving NPMLE, with in-sample MSE 0.3184272044687459
Finished solving parametric estimator, with SURE 0.23985293246546519
Finished solving parametric estimator, with in-sample MSE 0.2574675831672027
Finished solving EBCF, with in-sample MSE 0.190605255508491
Finished training EB SURE-LS, with SURE: 0.17499512406076936
Finished training EB SURE-LS, with in-sample MSE: 0.17119090188923927
use_scale: True
use_location: False
Finished training EB misspecified with NPMLE init, with SURE: 0.19173286431105396
Finished training EB misspecified with NPMLE init, with in-sample MSE: 0.20400450769574252
Finished training EB misspecified, with SURE: 0.1917363325697432
Finished training EB misspecified, with in-sample MSE: 0.20398712669915178
Finished training EB wellspecified, with SURE: 0.1528626174318576
Finished training EB wellspecified, with in-sample MSE: 0.19530732441852502
m: 48
Finished solving NPMLE, with SURE 0.33500841590284425
Finished solving NPMLE, with in-sample MSE 0.25872811823082126
Finished solving parametric estimator, with SURE 0.2372772106242425
Finished solving parametric estimator, with in-sample MSE 0.2205925984315108
Finished solving EBCF, with in-sample MSE 0.15243985840535862
Finished training EB SURE-LS, with SURE: 0.16058444806711442
Finished training EB SURE-LS, with in-sample MSE: 0.14711418608886176
use_scale: True
use_location: False
Finished training EB misspecified with NPMLE init, with SURE: 0.17469483111354764
Finished training EB misspecified with NPMLE init, with in-sample MSE: 0.17289894114656634
Finished training EB misspecified, with SURE: 0.1747018712219434
Finished training EB misspecified, with in-sample MSE: 0.1728805740855989
Finished training EB wellspecified, with SURE: 0.17492577550643237
Finished training EB wellspecified, with in-sample MSE: 0.17239796218307898
m: 49
Finished solving NPMLE, with SURE 0.350912384182941
Finished solving NPMLE, with in-sample MSE 0.24714504038568516
Finished solving parametric estimator, with SURE 0.2297829684516413
Finished solving parametric estimator, with in-sample MSE 0.22332662037083534
Finished solving EBCF, with in-sample MSE 0.1490028781442841
Finished training EB SURE-LS, with SURE: 0.1496761766715543
Finished training EB SURE-LS, with in-sample MSE: 0.13792688945649503
use_scale: True
use_location: False
Finished training EB misspecified with NPMLE init, with SURE: 0.14823371530186882
Finished training EB misspecified with NPMLE init, with in-sample MSE: 0.18632278852024062
Finished training EB misspecified, with SURE: 0.14824958921861062
Finished training EB misspecified, with in-sample MSE: 0.18636449676447345
Finished training EB wellspecified, with SURE: 0.12471037942070158
Finished training EB wellspecified, with in-sample MSE: 0.15655081964271989

n: 800
m: 0
Finished solving NPMLE, with SURE 0.30691950617182423
Finished solving NPMLE, with in-sample MSE 0.2748836623548905
Finished solving parametric estimator, with SURE 0.22734879186760873
Finished solving parametric estimator, with in-sample MSE 0.2407119664058605
Finished solving EBCF, with in-sample MSE 0.16111876524075758
Finished training EB SURE-LS, with SURE: 0.13301576575761823
Finished training EB SURE-LS, with in-sample MSE: 0.15460403536169237
use_scale: True
use_location: False
Finished training EB misspecified with NPMLE init, with SURE: 0.15507291395096348
Finished training EB misspecified with NPMLE init, with in-sample MSE: 0.18780290076548278
Finished training EB misspecified, with SURE: 0.15508000342459613
Finished training EB misspecified, with in-sample MSE: 0.18781562974610952
Finished training EB wellspecified, with SURE: 0.12277231819562212
Finished training EB wellspecified, with in-sample MSE: 0.15998996316256262
m: 1
Finished solving NPMLE, with SURE 0.33622580880764147
Finished solving NPMLE, with in-sample MSE 0.2822138797262097
Finished solving parametric estimator, with SURE 0.22847246236222477
Finished solving parametric estimator, with in-sample MSE 0.23230864320942032
Finished solving EBCF, with in-sample MSE 0.15529723525489927
Finished training EB SURE-LS, with SURE: 0.15072748360630076
Finished training EB SURE-LS, with in-sample MSE: 0.1421951801103338
use_scale: True
use_location: False
Finished training EB misspecified with NPMLE init, with SURE: 0.16883210454405764
Finished training EB misspecified with NPMLE init, with in-sample MSE: 0.18524316403998875
Finished training EB misspecified, with SURE: 0.16888807945405135
Finished training EB misspecified, with in-sample MSE: 0.18645485700967124
Finished training EB wellspecified, with SURE: 0.1437675197003219
Finished training EB wellspecified, with in-sample MSE: 0.14800696715203165
m: 2
Finished solving NPMLE, with SURE 0.3575915122615625
Finished solving NPMLE, with in-sample MSE 0.2604166685027611
Finished solving parametric estimator, with SURE 0.22988637213948715
Finished solving parametric estimator, with in-sample MSE 0.24918178337452102
Finished solving EBCF, with in-sample MSE 0.16814725808043848
Finished training EB SURE-LS, with SURE: 0.1363917432315434
Finished training EB SURE-LS, with in-sample MSE: 0.15415384280653943
use_scale: True
use_location: False
Finished training EB misspecified with NPMLE init, with SURE: 0.15434678277169162
Finished training EB misspecified with NPMLE init, with in-sample MSE: 0.18279600995284573
Finished training EB misspecified, with SURE: 0.15444639207425412
Finished training EB misspecified, with in-sample MSE: 0.18306712141857748
Finished training EB wellspecified, with SURE: 0.13100364061581288
Finished training EB wellspecified, with in-sample MSE: 0.1563936459412187
m: 3
Finished solving NPMLE, with SURE 0.31959934525713024
Finished solving NPMLE, with in-sample MSE 0.24569509214804686
Finished solving parametric estimator, with SURE 0.2370018177692775
Finished solving parametric estimator, with in-sample MSE 0.2154439063811428
Finished solving EBCF, with in-sample MSE 0.15981996791076036
Finished training EB SURE-LS, with SURE: 0.151814011593734
Finished training EB SURE-LS, with in-sample MSE: 0.13199444256829176
use_scale: True
use_location: False
Finished training EB misspecified with NPMLE init, with SURE: 0.17323748311836618
Finished training EB misspecified with NPMLE init, with in-sample MSE: 0.15950752464549078
Finished training EB misspecified, with SURE: 0.17325759195755544
Finished training EB misspecified, with in-sample MSE: 0.15951587058697503
Finished training EB wellspecified, with SURE: 0.14455275951844793
Finished training EB wellspecified, with in-sample MSE: 0.1449156124459864
m: 4
Finished solving NPMLE, with SURE 0.3163382134551547
Finished solving NPMLE, with in-sample MSE 0.26183268020893924
Finished solving parametric estimator, with SURE 0.2346068901401018
Finished solving parametric estimator, with in-sample MSE 0.23752474746066768
Finished solving EBCF, with in-sample MSE 0.16099097403059598
Finished training EB SURE-LS, with SURE: 0.149745751324457
Finished training EB SURE-LS, with in-sample MSE: 0.14863353040179722
use_scale: True
use_location: False
Finished training EB misspecified with NPMLE init, with SURE: 0.16839036088327375
Finished training EB misspecified with NPMLE init, with in-sample MSE: 0.1754000921349293
Finished training EB misspecified, with SURE: 0.16839852379407488
Finished training EB misspecified, with in-sample MSE: 0.17541027176178808
Finished training EB wellspecified, with SURE: 0.1362480712550416
Finished training EB wellspecified, with in-sample MSE: 0.16182925394879702
m: 5
Finished solving NPMLE, with SURE 0.3647231230297989
Finished solving NPMLE, with in-sample MSE 0.281602456583365
Finished solving parametric estimator, with SURE 0.2294732783932631
Finished solving parametric estimator, with in-sample MSE 0.2434560087960591
Finished solving EBCF, with in-sample MSE 0.16173727953397055
Finished training EB SURE-LS, with SURE: 0.14441819972455913
Finished training EB SURE-LS, with in-sample MSE: 0.1503995124846024
use_scale: True
use_location: False
Finished training EB misspecified with NPMLE init, with SURE: 0.16260060021160322
Finished training EB misspecified with NPMLE init, with in-sample MSE: 0.17138139636237348
Finished training EB misspecified, with SURE: 0.16263595926606123
Finished training EB misspecified, with in-sample MSE: 0.17154185078771125
Finished training EB wellspecified, with SURE: 0.14195296521789186
Finished training EB wellspecified, with in-sample MSE: 0.15208334661679015
m: 6
Finished solving NPMLE, with SURE 0.33853607018594806
Finished solving NPMLE, with in-sample MSE 0.26719307610821535
Finished solving parametric estimator, with SURE 0.23143387346244784
Finished solving parametric estimator, with in-sample MSE 0.24280497395889944
Finished solving EBCF, with in-sample MSE 0.1620698872250024
Finished training EB SURE-LS, with SURE: 0.16187291312244423
Finished training EB SURE-LS, with in-sample MSE: 0.15058875433676866
use_scale: True
use_location: False
Finished training EB misspecified with NPMLE init, with SURE: 0.1728756293719521
Finished training EB misspecified with NPMLE init, with in-sample MSE: 0.18459608556995938
Finished training EB misspecified, with SURE: 0.17288820124327145
Finished training EB misspecified, with in-sample MSE: 0.18463237088887868
Finished training EB wellspecified, with SURE: 0.15386948684972587
Finished training EB wellspecified, with in-sample MSE: 0.1578685869710469
m: 7
Finished solving NPMLE, with SURE 0.5407278535921007
Finished solving NPMLE, with in-sample MSE 0.2618400422672954
Finished solving parametric estimator, with SURE 0.2337752595233865
Finished solving parametric estimator, with in-sample MSE 0.25529959207300335
Finished solving EBCF, with in-sample MSE 0.18275945449918432
Finished training EB SURE-LS, with SURE: 0.1375076207038529
Finished training EB SURE-LS, with in-sample MSE: 0.17304414288661352
use_scale: True
use_location: False
Finished training EB misspecified with NPMLE init, with SURE: 0.1429179013694391
Finished training EB misspecified with NPMLE init, with in-sample MSE: 0.20151662136805498
Finished training EB misspecified, with SURE: 0.14023528951078518
Finished training EB misspecified, with in-sample MSE: 0.20219391453333152
Finished training EB wellspecified, with SURE: 0.12002751777818085
Finished training EB wellspecified, with in-sample MSE: 0.18152602483997066
m: 8
Finished solving NPMLE, with SURE 0.324875141128292
Finished solving NPMLE, with in-sample MSE 0.2685036677320761
Finished solving parametric estimator, with SURE 0.2316927963174193
Finished solving parametric estimator, with in-sample MSE 0.21471395980913233
Finished solving EBCF, with in-sample MSE 0.16607493651560007
Finished training EB SURE-LS, with SURE: 0.14050104513079958
Finished training EB SURE-LS, with in-sample MSE: 0.15306708202138603
use_scale: True
use_location: False
Finished training EB misspecified with NPMLE init, with SURE: 0.16467955565864847
Finished training EB misspecified with NPMLE init, with in-sample MSE: 0.17557250756085943
Finished training EB misspecified, with SURE: 0.1646818089384707
Finished training EB misspecified, with in-sample MSE: 0.17556521290714663
Finished training EB wellspecified, with SURE: 0.1309853580685059
Finished training EB wellspecified, with in-sample MSE: 0.15776351083773624
m: 9
Finished solving NPMLE, with SURE 0.32394050354510834
Finished solving NPMLE, with in-sample MSE 0.25934141418855494
Finished solving parametric estimator, with SURE 0.22883784367833068
Finished solving parametric estimator, with in-sample MSE 0.2151943669209907
Finished solving EBCF, with in-sample MSE 0.14796081583914122
Finished training EB SURE-LS, with SURE: 0.14080634535836353
Finished training EB SURE-LS, with in-sample MSE: 0.13627893677586225
use_scale: True
use_location: False
Finished training EB misspecified with NPMLE init, with SURE: 0.15892890973548668
Finished training EB misspecified with NPMLE init, with in-sample MSE: 0.15566288406347217
Finished training EB misspecified, with SURE: 0.15892681389194266
Finished training EB misspecified, with in-sample MSE: 0.1556606645501194
Finished training EB wellspecified, with SURE: 0.13816915034795813
Finished training EB wellspecified, with in-sample MSE: 0.13839238302268408
m: 10
Finished solving NPMLE, with SURE 0.35997971372638
Finished solving NPMLE, with in-sample MSE 0.26599392989352855
Finished solving parametric estimator, with SURE 0.23805781294037864
Finished solving parametric estimator, with in-sample MSE 0.2204152788839727
Finished solving EBCF, with in-sample MSE 0.16283676812615713
Finished training EB SURE-LS, with SURE: 0.1602635509961843
Finished training EB SURE-LS, with in-sample MSE: 0.14984746267932353
use_scale: True
use_location: False
Finished training EB misspecified with NPMLE init, with SURE: 0.17660771701250624
Finished training EB misspecified with NPMLE init, with in-sample MSE: 0.1832424849890714
Finished training EB misspecified, with SURE: 0.1766229803976323
Finished training EB misspecified, with in-sample MSE: 0.18322580009536105
Finished training EB wellspecified, with SURE: 0.14730830148089427
Finished training EB wellspecified, with in-sample MSE: 0.16981678876373396
m: 11
Finished solving NPMLE, with SURE 0.3326769359604007
Finished solving NPMLE, with in-sample MSE 0.26448137521087656
Finished solving parametric estimator, with SURE 0.23066358065777523
Finished solving parametric estimator, with in-sample MSE 0.2545820857163034
Finished solving EBCF, with in-sample MSE 0.17115452524565575
Finished training EB SURE-LS, with SURE: 0.18878861712326633
Finished training EB SURE-LS, with in-sample MSE: 0.20534666529053872
use_scale: True
use_location: False
Finished training EB misspecified with NPMLE init, with SURE: 0.16149035411469834
Finished training EB misspecified with NPMLE init, with in-sample MSE: 0.19130732032627398
Finished training EB misspecified, with SURE: 0.16021012276843558
Finished training EB misspecified, with in-sample MSE: 0.19367077837143626
Finished training EB wellspecified, with SURE: 0.1355505031271988
Finished training EB wellspecified, with in-sample MSE: 0.16597850724152768
m: 12
Finished solving NPMLE, with SURE 0.32042037795316575
Finished solving NPMLE, with in-sample MSE 0.2903721955065983
Finished solving parametric estimator, with SURE 0.22927237874259965
Finished solving parametric estimator, with in-sample MSE 0.24880745761422546
Finished solving EBCF, with in-sample MSE 0.16279153254920325
Finished training EB SURE-LS, with SURE: 0.1431288129662445
Finished training EB SURE-LS, with in-sample MSE: 0.1518783284721673
use_scale: True
use_location: False
Finished training EB misspecified with NPMLE init, with SURE: 0.1482633804401897
Finished training EB misspecified with NPMLE init, with in-sample MSE: 0.21482661793223815
Finished training EB misspecified, with SURE: 0.1482828278921042
Finished training EB misspecified, with in-sample MSE: 0.21490942635738278
Finished training EB wellspecified, with SURE: 0.12519601424561813
Finished training EB wellspecified, with in-sample MSE: 0.1762653365115003
m: 13
Finished solving NPMLE, with SURE 0.3221051098603121
Finished solving NPMLE, with in-sample MSE 0.26797350493549943
Finished solving parametric estimator, with SURE 0.23229599317138905
Finished solving parametric estimator, with in-sample MSE 0.21099641959808474
Finished solving EBCF, with in-sample MSE 0.1350171378195862
Finished training EB SURE-LS, with SURE: 0.15592341742342933
Finished training EB SURE-LS, with in-sample MSE: 0.12255449627618707
use_scale: True
use_location: False
Finished training EB misspecified with NPMLE init, with SURE: 0.17849493723946241
Finished training EB misspecified with NPMLE init, with in-sample MSE: 0.14429604111671174
Finished training EB misspecified, with SURE: 0.1784983868838658
Finished training EB misspecified, with in-sample MSE: 0.14434224614017518
Finished training EB wellspecified, with SURE: 0.1493291215769155
Finished training EB wellspecified, with in-sample MSE: 0.13247628675881873
m: 14
Finished solving NPMLE, with SURE 0.414619043016734
Finished solving NPMLE, with in-sample MSE 0.2799835252865299
Finished solving parametric estimator, with SURE 0.23213609985386674
Finished solving parametric estimator, with in-sample MSE 0.2507630737174319
Finished solving EBCF, with in-sample MSE 0.16346938144322234
Finished training EB SURE-LS, with SURE: 0.15321961970953044
Finished training EB SURE-LS, with in-sample MSE: 0.15321676318322347
use_scale: True
use_location: False
Finished training EB misspecified with NPMLE init, with SURE: 0.16706777065397507
Finished training EB misspecified with NPMLE init, with in-sample MSE: 0.16969707167702805
Finished training EB misspecified, with SURE: 0.1670723685775994
Finished training EB misspecified, with in-sample MSE: 0.16968392955497436
Finished training EB wellspecified, with SURE: 0.14325692261758688
Finished training EB wellspecified, with in-sample MSE: 0.1664091730307275
m: 15
Finished solving NPMLE, with SURE 0.32332155206297203
Finished solving NPMLE, with in-sample MSE 0.2909331445738814
Finished solving parametric estimator, with SURE 0.22933231410108806
Finished solving parametric estimator, with in-sample MSE 0.25525040884230454
Finished solving EBCF, with in-sample MSE 0.17150842242368902
Finished training EB SURE-LS, with SURE: 0.1462489258624081
Finished training EB SURE-LS, with in-sample MSE: 0.15975547982393812
use_scale: True
use_location: False
Finished training EB misspecified with NPMLE init, with SURE: 0.17072201396934303
Finished training EB misspecified with NPMLE init, with in-sample MSE: 0.19301767236964695
Finished training EB misspecified, with SURE: 0.17069852280080133
Finished training EB misspecified, with in-sample MSE: 0.19323803589561245
Finished training EB wellspecified, with SURE: 0.17185091755059057
Finished training EB wellspecified, with in-sample MSE: 0.1902583809203258
m: 16
Finished solving NPMLE, with SURE 0.3405886244537605
Finished solving NPMLE, with in-sample MSE 0.25285863435424877
Finished solving parametric estimator, with SURE 0.23468452782460905
Finished solving parametric estimator, with in-sample MSE 0.231385493344354
Finished solving EBCF, with in-sample MSE 0.16966280410283538
Finished training EB SURE-LS, with SURE: 0.13183894104689667
Finished training EB SURE-LS, with in-sample MSE: 0.15415134030912112
use_scale: True
use_location: False
Finished training EB misspecified with NPMLE init, with SURE: 0.1495861574352932
Finished training EB misspecified with NPMLE init, with in-sample MSE: 0.16783685816604735
Finished training EB misspecified, with SURE: 0.14965368492242181
Finished training EB misspecified, with in-sample MSE: 0.16805894761702236
Finished training EB wellspecified, with SURE: 0.12957688543649792
Finished training EB wellspecified, with in-sample MSE: 0.15699373857357785
m: 17
Finished solving NPMLE, with SURE 0.3196467079519708
Finished solving NPMLE, with in-sample MSE 0.2695558642611285
Finished solving parametric estimator, with SURE 0.22998805084275772
Finished solving parametric estimator, with in-sample MSE 0.22170413644602088
Finished solving EBCF, with in-sample MSE 0.1464361338914621
Finished training EB SURE-LS, with SURE: 0.14552916225095872
Finished training EB SURE-LS, with in-sample MSE: 0.13361986707737084
use_scale: True
use_location: False
Finished training EB misspecified with NPMLE init, with SURE: 0.1620787857862125
Finished training EB misspecified with NPMLE init, with in-sample MSE: 0.1569461704954947
Finished training EB misspecified, with SURE: 0.16208616039917395
Finished training EB misspecified, with in-sample MSE: 0.15694739136567024
Finished training EB wellspecified, with SURE: 0.1420103401979198
Finished training EB wellspecified, with in-sample MSE: 0.135532179037099
m: 18
Finished solving NPMLE, with SURE 0.2957867722732925
Finished solving NPMLE, with in-sample MSE 0.26941745167071635
Finished solving parametric estimator, with SURE 0.23235253773712036
Finished solving parametric estimator, with in-sample MSE 0.21602285367842697
Finished solving EBCF, with in-sample MSE 0.1789891742802388
Finished training EB SURE-LS, with SURE: 0.12848318382622195
Finished training EB SURE-LS, with in-sample MSE: 0.1562136606038001
use_scale: True
use_location: False
Finished training EB misspecified with NPMLE init, with SURE: 0.15216922268668426
Finished training EB misspecified with NPMLE init, with in-sample MSE: 0.17476740458585346
Finished training EB misspecified, with SURE: 0.1521891466156489
Finished training EB misspecified, with in-sample MSE: 0.1748157224186893
Finished training EB wellspecified, with SURE: 0.11932709441037659
Finished training EB wellspecified, with in-sample MSE: 0.1601140751902134
m: 19
Finished solving NPMLE, with SURE 0.3388511756322071
Finished solving NPMLE, with in-sample MSE 0.2808757928079867
Finished solving parametric estimator, with SURE 0.2324118040467179
Finished solving parametric estimator, with in-sample MSE 0.24287331299869386
Finished solving EBCF, with in-sample MSE 0.17749996326840303
Finished training EB SURE-LS, with SURE: 0.14553750539057903
Finished training EB SURE-LS, with in-sample MSE: 0.16093145427515712
use_scale: True
use_location: False
Finished training EB misspecified with NPMLE init, with SURE: 0.15517858579698945
Finished training EB misspecified with NPMLE init, with in-sample MSE: 0.18373410902034862
Finished training EB misspecified, with SURE: 0.15512962843421826
Finished training EB misspecified, with in-sample MSE: 0.18339049771214835
Finished training EB wellspecified, with SURE: 0.13327618864627905
Finished training EB wellspecified, with in-sample MSE: 0.174412273866296
m: 20
Finished solving NPMLE, with SURE 0.3647983612766867
Finished solving NPMLE, with in-sample MSE 0.25386253917778584
Finished solving parametric estimator, with SURE 0.2286236266306328
Finished solving parametric estimator, with in-sample MSE 0.21562845549006637
Finished solving EBCF, with in-sample MSE 0.1491793198205306
Finished training EB SURE-LS, with SURE: 0.14487818075015235
Finished training EB SURE-LS, with in-sample MSE: 0.13524679686984967
use_scale: True
use_location: False
Finished training EB misspecified with NPMLE init, with SURE: 0.15133834405952964
Finished training EB misspecified with NPMLE init, with in-sample MSE: 0.17737796164007646
Finished training EB misspecified, with SURE: 0.1514967617964653
Finished training EB misspecified, with in-sample MSE: 0.17806333825373102
Finished training EB wellspecified, with SURE: 0.13096989928544978
Finished training EB wellspecified, with in-sample MSE: 0.14950441118892457
m: 21
Finished solving NPMLE, with SURE 0.3424863023110539
Finished solving NPMLE, with in-sample MSE 0.2643086106761964
Finished solving parametric estimator, with SURE 0.2338536006564219
Finished solving parametric estimator, with in-sample MSE 0.22826380895678622
Finished solving EBCF, with in-sample MSE 0.15950663840939253
Finished training EB SURE-LS, with SURE: 0.14920174736646247
Finished training EB SURE-LS, with in-sample MSE: 0.14720761681087682
use_scale: True
use_location: False
Finished training EB misspecified with NPMLE init, with SURE: 0.15260958962783683
Finished training EB misspecified with NPMLE init, with in-sample MSE: 0.18586120489298774
Finished training EB misspecified, with SURE: 0.152619712103183
Finished training EB misspecified, with in-sample MSE: 0.1858242463156467
Finished training EB wellspecified, with SURE: 0.13273433033764626
Finished training EB wellspecified, with in-sample MSE: 0.16022319043234423
m: 22
Finished solving NPMLE, with SURE 0.35875702672625015
Finished solving NPMLE, with in-sample MSE 0.2600337643162424
Finished solving parametric estimator, with SURE 0.23529721438488269
Finished solving parametric estimator, with in-sample MSE 0.2327387106760868
Finished solving EBCF, with in-sample MSE 0.18780227415856734
Finished training EB SURE-LS, with SURE: 0.15603488048388411
Finished training EB SURE-LS, with in-sample MSE: 0.15718977853966942
use_scale: True
use_location: False
Finished training EB misspecified with NPMLE init, with SURE: 0.15899616589259435
Finished training EB misspecified with NPMLE init, with in-sample MSE: 0.20635514877172118
Finished training EB misspecified, with SURE: 0.15900224905622867
Finished training EB misspecified, with in-sample MSE: 0.20634779905650585
Finished training EB wellspecified, with SURE: 0.13457854826814739
Finished training EB wellspecified, with in-sample MSE: 0.1787259909648811
m: 23
Finished solving NPMLE, with SURE 0.3085295652924799
Finished solving NPMLE, with in-sample MSE 0.24115039764710794
Finished solving parametric estimator, with SURE 0.2340617995940557
Finished solving parametric estimator, with in-sample MSE 0.22487594822458493
Finished solving EBCF, with in-sample MSE 0.16783759786658026
Finished training EB SURE-LS, with SURE: 0.1444679723824075
Finished training EB SURE-LS, with in-sample MSE: 0.15024036589856327
use_scale: True
use_location: False
Finished training EB misspecified with NPMLE init, with SURE: 0.1582885989090105
Finished training EB misspecified with NPMLE init, with in-sample MSE: 0.17514920861453503
Finished training EB misspecified, with SURE: 0.15830224295544085
Finished training EB misspecified, with in-sample MSE: 0.1751438268670208
Finished training EB wellspecified, with SURE: 0.13333654951837573
Finished training EB wellspecified, with in-sample MSE: 0.15541265808437987
m: 24
Finished solving NPMLE, with SURE 0.3443059801392414
Finished solving NPMLE, with in-sample MSE 0.2643578124205833
Finished solving parametric estimator, with SURE 0.2358225584390518
Finished solving parametric estimator, with in-sample MSE 0.22475110967798084
Finished solving EBCF, with in-sample MSE 0.1674441437724786
Finished training EB SURE-LS, with SURE: 0.1584376206264724
Finished training EB SURE-LS, with in-sample MSE: 0.14779126682736385
use_scale: True
use_location: False
Finished training EB misspecified with NPMLE init, with SURE: 0.17423023659729622
Finished training EB misspecified with NPMLE init, with in-sample MSE: 0.17642077233004286
Finished training EB misspecified, with SURE: 0.1739870709458981
Finished training EB misspecified, with in-sample MSE: 0.1756348552587181
Finished training EB wellspecified, with SURE: 0.15592670987922078
Finished training EB wellspecified, with in-sample MSE: 0.16228090506067655
m: 25
Finished solving NPMLE, with SURE 0.3948973587924447
Finished solving NPMLE, with in-sample MSE 0.23588204399374058
Finished solving parametric estimator, with SURE 0.2287458386636877
Finished solving parametric estimator, with in-sample MSE 0.2152576457582872
Finished solving EBCF, with in-sample MSE 0.14484678296714532
Finished training EB SURE-LS, with SURE: 0.1365439526179378
Finished training EB SURE-LS, with in-sample MSE: 0.13079470137692017
use_scale: True
use_location: False
Finished training EB misspecified with NPMLE init, with SURE: 0.1453645759938696
Finished training EB misspecified with NPMLE init, with in-sample MSE: 0.16670607868869303
Finished training EB misspecified, with SURE: 0.14536625925291485
Finished training EB misspecified, with in-sample MSE: 0.16669385835337805
Finished training EB wellspecified, with SURE: 0.12690669429074858
Finished training EB wellspecified, with in-sample MSE: 0.13725364953488253
m: 26
Finished solving NPMLE, with SURE 0.30333189812470246
Finished solving NPMLE, with in-sample MSE 0.24711235897025371
Finished solving parametric estimator, with SURE 0.2383078860520671
Finished solving parametric estimator, with in-sample MSE 0.22436128399092972
Finished solving EBCF, with in-sample MSE 0.18687154363487568
Finished training EB SURE-LS, with SURE: 0.14565193966055845
Finished training EB SURE-LS, with in-sample MSE: 0.16353165655583962
use_scale: True
use_location: False
Finished training EB misspecified with NPMLE init, with SURE: 0.14452270397064418
Finished training EB misspecified with NPMLE init, with in-sample MSE: 0.19923888417447613
Finished training EB misspecified, with SURE: 0.14453102136848237
Finished training EB misspecified, with in-sample MSE: 0.1992240623922372
Finished training EB wellspecified, with SURE: 0.12447073915241781
Finished training EB wellspecified, with in-sample MSE: 0.17669960015014596
m: 27
Finished solving NPMLE, with SURE 0.38358832716960267
Finished solving NPMLE, with in-sample MSE 0.26546072018209754
Finished solving parametric estimator, with SURE 0.2287315469498467
Finished solving parametric estimator, with in-sample MSE 0.22739408862634242
Finished solving EBCF, with in-sample MSE 0.1582650312280532
Finished training EB SURE-LS, with SURE: 0.1371371187387451
Finished training EB SURE-LS, with in-sample MSE: 0.1483196116339683
use_scale: True
use_location: False
Finished training EB misspecified with NPMLE init, with SURE: 0.14824462068202215
Finished training EB misspecified with NPMLE init, with in-sample MSE: 0.1859019841988051
Finished training EB misspecified, with SURE: 0.14821446077673528
Finished training EB misspecified, with in-sample MSE: 0.1854387175420718
Finished training EB wellspecified, with SURE: 0.12795862863146107
Finished training EB wellspecified, with in-sample MSE: 0.1608831309232303
m: 28
Finished solving NPMLE, with SURE 0.5011584217995452
Finished solving NPMLE, with in-sample MSE 0.29572012179982327
Finished solving parametric estimator, with SURE 0.23791399970066818
Finished solving parametric estimator, with in-sample MSE 0.24435703514356003
Finished solving EBCF, with in-sample MSE 0.1759698367652938
Finished training EB SURE-LS, with SURE: 0.16072500728725808
Finished training EB SURE-LS, with in-sample MSE: 0.15837883708890155
use_scale: True
use_location: False
Finished training EB misspecified with NPMLE init, with SURE: 0.17202918093285127
Finished training EB misspecified with NPMLE init, with in-sample MSE: 0.1915940102464153
Finished training EB misspecified, with SURE: 0.17203358549409956
Finished training EB misspecified, with in-sample MSE: 0.19156486007160708
Finished training EB wellspecified, with SURE: 0.1495101071680257
Finished training EB wellspecified, with in-sample MSE: 0.17223931564306547
m: 29
Finished solving NPMLE, with SURE 0.3167853889978361
Finished solving NPMLE, with in-sample MSE 0.28245960531424
Finished solving parametric estimator, with SURE 0.2295991826263601
Finished solving parametric estimator, with in-sample MSE 0.24768075023782563
Finished solving EBCF, with in-sample MSE 0.16676936109269377
Finished training EB SURE-LS, with SURE: 0.14645838478087445
Finished training EB SURE-LS, with in-sample MSE: 0.15296267949246503
use_scale: True
use_location: False
Finished training EB misspecified with NPMLE init, with SURE: 0.16612834533557355
Finished training EB misspecified with NPMLE init, with in-sample MSE: 0.2014684802849736
Finished training EB misspecified, with SURE: 0.1661388719166095
Finished training EB misspecified, with in-sample MSE: 0.2015439886934186
Finished training EB wellspecified, with SURE: 0.13574132102692393
Finished training EB wellspecified, with in-sample MSE: 0.1673793964708572
m: 30
Finished solving NPMLE, with SURE 0.3212283971382543
Finished solving NPMLE, with in-sample MSE 0.2398682792082879
Finished solving parametric estimator, with SURE 0.23367661349366967
Finished solving parametric estimator, with in-sample MSE 0.19874086290951978
Finished solving EBCF, with in-sample MSE 0.14924793239703754
Finished training EB SURE-LS, with SURE: 0.14573522680954865
Finished training EB SURE-LS, with in-sample MSE: 0.1338271392694335
use_scale: True
use_location: False
Finished training EB misspecified with NPMLE init, with SURE: 0.16445544156048264
Finished training EB misspecified with NPMLE init, with in-sample MSE: 0.16197428506062722
Finished training EB misspecified, with SURE: 0.1644543484161855
Finished training EB misspecified, with in-sample MSE: 0.16197699871775575
Finished training EB wellspecified, with SURE: 0.13713138756614882
Finished training EB wellspecified, with in-sample MSE: 0.1344394687230263
m: 31
Finished solving NPMLE, with SURE 0.3348128822074416
Finished solving NPMLE, with in-sample MSE 0.274717206504111
Finished solving parametric estimator, with SURE 0.23598367449786786
Finished solving parametric estimator, with in-sample MSE 0.22526712279301253
Finished solving EBCF, with in-sample MSE 0.16737062636172212
Finished training EB SURE-LS, with SURE: 0.15110923144814714
Finished training EB SURE-LS, with in-sample MSE: 0.14731671300568835
use_scale: True
use_location: False
Finished training EB misspecified with NPMLE init, with SURE: 0.1755352998981831
Finished training EB misspecified with NPMLE init, with in-sample MSE: 0.17583854258958534
Finished training EB misspecified, with SURE: 0.17554405586017083
Finished training EB misspecified, with in-sample MSE: 0.17586808601517967
Finished training EB wellspecified, with SURE: 0.1417364778049426
Finished training EB wellspecified, with in-sample MSE: 0.1681250066813281
m: 32
Finished solving NPMLE, with SURE 0.3323867269596123
Finished solving NPMLE, with in-sample MSE 0.2463572714976748
Finished solving parametric estimator, with SURE 0.2274122019270601
Finished solving parametric estimator, with in-sample MSE 0.2289203877171791
Finished solving EBCF, with in-sample MSE 0.16196737296550853
Finished training EB SURE-LS, with SURE: 0.1853062735018044
Finished training EB SURE-LS, with in-sample MSE: 0.19814451822231058
use_scale: True
use_location: False
Finished training EB misspecified with NPMLE init, with SURE: 0.15143930746006803
Finished training EB misspecified with NPMLE init, with in-sample MSE: 0.1795610524156527
Finished training EB misspecified, with SURE: 0.15096576008270163
Finished training EB misspecified, with in-sample MSE: 0.17892050994641656
Finished training EB wellspecified, with SURE: 0.1295389936180589
Finished training EB wellspecified, with in-sample MSE: 0.15277065131494408
m: 33
Finished solving NPMLE, with SURE 0.3649706268054401
Finished solving NPMLE, with in-sample MSE 0.22562095914821845
Finished solving parametric estimator, with SURE 0.2381239667849137
Finished solving parametric estimator, with in-sample MSE 0.1995067434011171
Finished solving EBCF, with in-sample MSE 0.16159177628469718
Finished training EB SURE-LS, with SURE: 0.15034990673297102
Finished training EB SURE-LS, with in-sample MSE: 0.14621418433366778
use_scale: True
use_location: False
Finished training EB misspecified with NPMLE init, with SURE: 0.16141481875050026
Finished training EB misspecified with NPMLE init, with in-sample MSE: 0.17973237307943368
Finished training EB misspecified, with SURE: 0.16142784144535072
Finished training EB misspecified, with in-sample MSE: 0.17973462583975036
Finished training EB wellspecified, with SURE: 0.13912398728767966
Finished training EB wellspecified, with in-sample MSE: 0.1571584576099884
m: 34
Finished solving NPMLE, with SURE 0.33628434783467775
Finished solving NPMLE, with in-sample MSE 0.26386377830709273
Finished solving parametric estimator, with SURE 0.23737216454186216
Finished solving parametric estimator, with in-sample MSE 0.22690649188694956
Finished solving EBCF, with in-sample MSE 0.15622782083043263
Finished training EB SURE-LS, with SURE: 0.15859727164198592
Finished training EB SURE-LS, with in-sample MSE: 0.1431539734698339
use_scale: True
use_location: False
Finished training EB misspecified with NPMLE init, with SURE: 0.17580060251864704
Finished training EB misspecified with NPMLE init, with in-sample MSE: 0.17085112772889727
Finished training EB misspecified, with SURE: 0.17627127694068281
Finished training EB misspecified, with in-sample MSE: 0.1697952026358152
Finished training EB wellspecified, with SURE: 0.15357747263287472
Finished training EB wellspecified, with in-sample MSE: 0.14632698058245056
m: 35
Finished solving NPMLE, with SURE 0.3253070799167599
Finished solving NPMLE, with in-sample MSE 0.2807647319637365
Finished solving parametric estimator, with SURE 0.23290413120685916
Finished solving parametric estimator, with in-sample MSE 0.23909041765440697
Finished solving EBCF, with in-sample MSE 0.16637720529721595
Finished training EB SURE-LS, with SURE: 0.13815229333287815
Finished training EB SURE-LS, with in-sample MSE: 0.15590036667859605
use_scale: True
use_location: False
Finished training EB misspecified with NPMLE init, with SURE: 0.15914846470200314
Finished training EB misspecified with NPMLE init, with in-sample MSE: 0.17055765616335955
Finished training EB misspecified, with SURE: 0.15916866544440186
Finished training EB misspecified, with in-sample MSE: 0.17055163011755753
Finished training EB wellspecified, with SURE: 0.13000790889297487
Finished training EB wellspecified, with in-sample MSE: 0.1603645310754471
m: 36
Finished solving NPMLE, with SURE 0.3395112050334821
Finished solving NPMLE, with in-sample MSE 0.24417678533193893
Finished solving parametric estimator, with SURE 0.2275267978818299
Finished solving parametric estimator, with in-sample MSE 0.2430212448244588
Finished solving EBCF, with in-sample MSE 0.16732225913062124
Finished training EB SURE-LS, with SURE: 0.13608665915503618
Finished training EB SURE-LS, with in-sample MSE: 0.15965393707325498
use_scale: True
use_location: False
Finished training EB misspecified with NPMLE init, with SURE: 0.14819236171029565
Finished training EB misspecified with NPMLE init, with in-sample MSE: 0.19126609614291798
Finished training EB misspecified, with SURE: 0.14821888832637994
Finished training EB misspecified, with in-sample MSE: 0.19131818919804464
Finished training EB wellspecified, with SURE: 0.12769006118463794
Finished training EB wellspecified, with in-sample MSE: 0.17298969950262869
m: 37
Finished solving NPMLE, with SURE 0.3235075120499269
Finished solving NPMLE, with in-sample MSE 0.2670579171572063
Finished solving parametric estimator, with SURE 0.236487392277758
Finished solving parametric estimator, with in-sample MSE 0.23398705900696404
Finished solving EBCF, with in-sample MSE 0.1647161918503192
Finished training EB SURE-LS, with SURE: 0.15525494452431948
Finished training EB SURE-LS, with in-sample MSE: 0.1492104143290072
use_scale: True
use_location: False
Finished training EB misspecified with NPMLE init, with SURE: 0.17238608969246677
Finished training EB misspecified with NPMLE init, with in-sample MSE: 0.18134353430296174
Finished training EB misspecified, with SURE: 0.1723977966079334
Finished training EB misspecified, with in-sample MSE: 0.18134498704444812
Finished training EB wellspecified, with SURE: 0.14150625700649563
Finished training EB wellspecified, with in-sample MSE: 0.17239186870577256
m: 38
Finished solving NPMLE, with SURE 0.3238497613125312
Finished solving NPMLE, with in-sample MSE 0.2592952383894447
Finished solving parametric estimator, with SURE 0.24274033038303372
Finished solving parametric estimator, with in-sample MSE 0.22960693011429012
Finished solving EBCF, with in-sample MSE 0.1660573582184713
Finished training EB SURE-LS, with SURE: 0.15827705249902166
Finished training EB SURE-LS, with in-sample MSE: 0.15414312561215973
use_scale: True
use_location: False
Finished training EB misspecified with NPMLE init, with SURE: 0.17254110018265706
Finished training EB misspecified with NPMLE init, with in-sample MSE: 0.17653463876882797
Finished training EB misspecified, with SURE: 0.1725556070947974
Finished training EB misspecified, with in-sample MSE: 0.17654591488144078
Finished training EB wellspecified, with SURE: 0.15249443670041754
Finished training EB wellspecified, with in-sample MSE: 0.15565790839231192
m: 39
Finished solving NPMLE, with SURE 0.31339210590846045
Finished solving NPMLE, with in-sample MSE 0.25554780306440766
Finished solving parametric estimator, with SURE 0.23748877472689234
Finished solving parametric estimator, with in-sample MSE 0.23390709991479633
Finished solving EBCF, with in-sample MSE 0.18472646069909318
Finished training EB SURE-LS, with SURE: 0.16649914319235465
Finished training EB SURE-LS, with in-sample MSE: 0.16435855555167136
use_scale: True
use_location: False
Finished training EB misspecified with NPMLE init, with SURE: 0.17091151332674923
Finished training EB misspecified with NPMLE init, with in-sample MSE: 0.1932868302398422
Finished training EB misspecified, with SURE: 0.1709174289339878
Finished training EB misspecified, with in-sample MSE: 0.19339375123008995
Finished training EB wellspecified, with SURE: 0.1544206757145559
Finished training EB wellspecified, with in-sample MSE: 0.18060790180422825
m: 40
Finished solving NPMLE, with SURE 0.3318408627964359
Finished solving NPMLE, with in-sample MSE 0.2824893070644284
Finished solving parametric estimator, with SURE 0.23322724190068245
Finished solving parametric estimator, with in-sample MSE 0.23515751968487436
Finished solving EBCF, with in-sample MSE 0.16034988856146418
Finished training EB SURE-LS, with SURE: 0.14223226152762355
Finished training EB SURE-LS, with in-sample MSE: 0.14490083038236473
use_scale: True
use_location: False
Finished training EB misspecified with NPMLE init, with SURE: 0.15918768244279313
Finished training EB misspecified with NPMLE init, with in-sample MSE: 0.1697753410686468
Finished training EB misspecified, with SURE: 0.1591941744571703
Finished training EB misspecified, with in-sample MSE: 0.16977717122772457
Finished training EB wellspecified, with SURE: 0.13535629033392932
Finished training EB wellspecified, with in-sample MSE: 0.15382085331968712
m: 41
Finished solving NPMLE, with SURE 0.3727285359113637
Finished solving NPMLE, with in-sample MSE 0.23924467553173623
Finished solving parametric estimator, with SURE 0.23644879999841797
Finished solving parametric estimator, with in-sample MSE 0.216217992607897
Finished solving EBCF, with in-sample MSE 0.1638481563239073
Finished training EB SURE-LS, with SURE: 0.1485908899598345
Finished training EB SURE-LS, with in-sample MSE: 0.1517213275392063
use_scale: True
use_location: False
Finished training EB misspecified with NPMLE init, with SURE: 0.16299213040551772
Finished training EB misspecified with NPMLE init, with in-sample MSE: 0.16477931042981495
Finished training EB misspecified, with SURE: 0.1630120963331109
Finished training EB misspecified, with in-sample MSE: 0.16478785609808722
Finished training EB wellspecified, with SURE: 0.13867686680575653
Finished training EB wellspecified, with in-sample MSE: 0.1632440782241037
m: 42
Finished solving NPMLE, with SURE 0.3425711259442632
Finished solving NPMLE, with in-sample MSE 0.2265976470099327
Finished solving parametric estimator, with SURE 0.23625660048466354
Finished solving parametric estimator, with in-sample MSE 0.1992931421362396
Finished solving EBCF, with in-sample MSE 0.17866391528404674
Finished training EB SURE-LS, with SURE: 0.14792519632946802
Finished training EB SURE-LS, with in-sample MSE: 0.15337453450719063
use_scale: True
use_location: False
Finished training EB misspecified with NPMLE init, with SURE: 0.15522558485051768
Finished training EB misspecified with NPMLE init, with in-sample MSE: 0.18445340242112032
Finished training EB misspecified, with SURE: 0.15523721490453476
Finished training EB misspecified, with in-sample MSE: 0.18447564246686693
Finished training EB wellspecified, with SURE: 0.13268344446685756
Finished training EB wellspecified, with in-sample MSE: 0.16290590521524645
m: 43
Finished solving NPMLE, with SURE 0.346507369448057
Finished solving NPMLE, with in-sample MSE 0.2646974746919845
Finished solving parametric estimator, with SURE 0.23403029241614792
Finished solving parametric estimator, with in-sample MSE 0.23069333531617908
Finished solving EBCF, with in-sample MSE 0.14966988329292147
Finished training EB SURE-LS, with SURE: 0.14687549186665977
Finished training EB SURE-LS, with in-sample MSE: 0.13706891547276728
use_scale: True
use_location: False
Finished training EB misspecified with NPMLE init, with SURE: 0.15745632079874813
Finished training EB misspecified with NPMLE init, with in-sample MSE: 0.1672107670158669
Finished training EB misspecified, with SURE: 0.15704975419273867
Finished training EB misspecified, with in-sample MSE: 0.1655617667875291
Finished training EB wellspecified, with SURE: 0.14055858392970985
Finished training EB wellspecified, with in-sample MSE: 0.15097057220212676
m: 44
Finished solving NPMLE, with SURE 0.33956690946373214
Finished solving NPMLE, with in-sample MSE 0.26342149901967354
Finished solving parametric estimator, with SURE 0.23541862206559966
Finished solving parametric estimator, with in-sample MSE 0.23820660241479072
Finished solving EBCF, with in-sample MSE 0.16824437178443835
Finished training EB SURE-LS, with SURE: 0.14825046504422162
Finished training EB SURE-LS, with in-sample MSE: 0.15623977421982016
use_scale: True
use_location: False
Finished training EB misspecified with NPMLE init, with SURE: 0.16423430979117093
Finished training EB misspecified with NPMLE init, with in-sample MSE: 0.1841814855587439
Finished training EB misspecified, with SURE: 0.16424249754390333
Finished training EB misspecified, with in-sample MSE: 0.18415335032477537
Finished training EB wellspecified, with SURE: 0.14003554348271094
Finished training EB wellspecified, with in-sample MSE: 0.16499893506916893
m: 45
Finished solving NPMLE, with SURE 0.3309077767128112
Finished solving NPMLE, with in-sample MSE 0.2472103559183242
Finished solving parametric estimator, with SURE 0.24182920860343826
Finished solving parametric estimator, with in-sample MSE 0.20831680873641875
Finished solving EBCF, with in-sample MSE 0.15689987241653364
Finished training EB SURE-LS, with SURE: 0.16234744547748278
Finished training EB SURE-LS, with in-sample MSE: 0.1433289579701608
use_scale: True
use_location: False
Finished training EB misspecified with NPMLE init, with SURE: 0.17632601440334902
Finished training EB misspecified with NPMLE init, with in-sample MSE: 0.1721941110240914
Finished training EB misspecified, with SURE: 0.1763313297313693
Finished training EB misspecified, with in-sample MSE: 0.17218223697397456
Finished training EB wellspecified, with SURE: 0.1554931428390768
Finished training EB wellspecified, with in-sample MSE: 0.15293181173709358
m: 46
Finished solving NPMLE, with SURE 0.3438324260417465
Finished solving NPMLE, with in-sample MSE 0.2871577987699231
Finished solving parametric estimator, with SURE 0.233610325843833
Finished solving parametric estimator, with in-sample MSE 0.2549448689582916
Finished solving EBCF, with in-sample MSE 0.17866555013759797
Finished training EB SURE-LS, with SURE: 0.15352239925983838
Finished training EB SURE-LS, with in-sample MSE: 0.1632441985988965
use_scale: True
use_location: False
Finished training EB misspecified with NPMLE init, with SURE: 0.16474219747375343
Finished training EB misspecified with NPMLE init, with in-sample MSE: 0.1853937226745584
Finished training EB misspecified, with SURE: 0.16475147360928305
Finished training EB misspecified, with in-sample MSE: 0.1853937542184723
Finished training EB wellspecified, with SURE: 0.14724798899311553
Finished training EB wellspecified, with in-sample MSE: 0.16477525225088585
m: 47
Finished solving NPMLE, with SURE 0.33950683427442047
Finished solving NPMLE, with in-sample MSE 0.2921998983322446
Finished solving parametric estimator, with SURE 0.23875731433237435
Finished solving parametric estimator, with in-sample MSE 0.24194590495227988
Finished solving EBCF, with in-sample MSE 0.16795980640080826
Finished training EB SURE-LS, with SURE: 0.15848228776540474
Finished training EB SURE-LS, with in-sample MSE: 0.15493303177382883
use_scale: True
use_location: False
Finished training EB misspecified with NPMLE init, with SURE: 0.16321800335976377
Finished training EB misspecified with NPMLE init, with in-sample MSE: 0.185301220318497
Finished training EB misspecified, with SURE: 0.16369421853458888
Finished training EB misspecified, with in-sample MSE: 0.18227582960314842
Finished training EB wellspecified, with SURE: 0.15517819588719178
Finished training EB wellspecified, with in-sample MSE: 0.15997201126811755
m: 48
Finished solving NPMLE, with SURE 0.33857274433583373
Finished solving NPMLE, with in-sample MSE 0.29476600904428885
Finished solving parametric estimator, with SURE 0.23169410733811804
Finished solving parametric estimator, with in-sample MSE 0.25715794548351406
Finished solving EBCF, with in-sample MSE 0.16629361087998845
Finished training EB SURE-LS, with SURE: 0.14933403028298042
Finished training EB SURE-LS, with in-sample MSE: 0.15900075422961316
use_scale: True
use_location: False
Finished training EB misspecified with NPMLE init, with SURE: 0.15685330744339682
Finished training EB misspecified with NPMLE init, with in-sample MSE: 0.1971703874988401
Finished training EB misspecified, with SURE: 0.15685727477432934
Finished training EB misspecified, with in-sample MSE: 0.19707663098711287
Finished training EB wellspecified, with SURE: 0.13664424409625253
Finished training EB wellspecified, with in-sample MSE: 0.16445992650477115
m: 49
Finished solving NPMLE, with SURE 0.35435003496817447
Finished solving NPMLE, with in-sample MSE 0.25641565434321417
Finished solving parametric estimator, with SURE 0.23174635249437817
Finished solving parametric estimator, with in-sample MSE 0.22995671521275723
Finished solving EBCF, with in-sample MSE 0.17035633681660056
Finished training EB SURE-LS, with SURE: 0.1497132859943482
Finished training EB SURE-LS, with in-sample MSE: 0.14602039114638157
use_scale: True
use_location: False
Finished training EB misspecified with NPMLE init, with SURE: 0.16234104055379925
Finished training EB misspecified with NPMLE init, with in-sample MSE: 0.16479010924156004
Finished training EB misspecified, with SURE: 0.16234510899148227
Finished training EB misspecified, with in-sample MSE: 0.16477080634291125
Finished training EB wellspecified, with SURE: 0.14257481209025552
Finished training EB wellspecified, with in-sample MSE: 0.14575934619350628

n: 1600
m: 0
Finished solving NPMLE, with SURE 0.3021798649952355
Finished solving NPMLE, with in-sample MSE 0.2920879847452367
Finished solving parametric estimator, with SURE 0.23683849937830506
Finished solving parametric estimator, with in-sample MSE 0.2446514274737304
Finished solving EBCF, with in-sample MSE 0.1599820161525481
Finished training EB SURE-LS, with SURE: 0.16092986987408242
Finished training EB SURE-LS, with in-sample MSE: 0.1482618710983847
use_scale: True
use_location: False
Finished training EB misspecified with NPMLE init, with SURE: 0.1745667344404389
Finished training EB misspecified with NPMLE init, with in-sample MSE: 0.1850194375454509
Finished training EB misspecified, with SURE: 0.17458146564961585
Finished training EB misspecified, with in-sample MSE: 0.1850316297649483
Finished training EB wellspecified, with SURE: 0.17465909151542242
Finished training EB wellspecified, with in-sample MSE: 0.18498941573192737
m: 1
Finished solving NPMLE, with SURE 0.3432027503726971
Finished solving NPMLE, with in-sample MSE 0.2794190190367967
Finished solving parametric estimator, with SURE 0.22849448061362013
Finished solving parametric estimator, with in-sample MSE 0.2482917821236913
Finished solving EBCF, with in-sample MSE 0.16639724835852301
Finished training EB SURE-LS, with SURE: 0.14273665088785836
Finished training EB SURE-LS, with in-sample MSE: 0.15580970571852293
use_scale: True
use_location: False
Finished training EB misspecified with NPMLE init, with SURE: 0.16451990576986855
Finished training EB misspecified with NPMLE init, with in-sample MSE: 0.176358946783878
Finished training EB misspecified, with SURE: 0.16555516988979807
Finished training EB misspecified, with in-sample MSE: 0.17590343398602543
Finished training EB wellspecified, with SURE: 0.1398663479738722
Finished training EB wellspecified, with in-sample MSE: 0.15685537930292187
m: 2
Finished solving NPMLE, with SURE 0.3309865103016429
Finished solving NPMLE, with in-sample MSE 0.2671972889857573
Finished solving parametric estimator, with SURE 0.23227532824583197
Finished solving parametric estimator, with in-sample MSE 0.2331140699171839
Finished solving EBCF, with in-sample MSE 0.16312843155514287
Finished training EB SURE-LS, with SURE: 0.14835521876329266
Finished training EB SURE-LS, with in-sample MSE: 0.15044784429933764
use_scale: True
use_location: False
Finished training EB misspecified with NPMLE init, with SURE: 0.1669399851155553
Finished training EB misspecified with NPMLE init, with in-sample MSE: 0.16642826865371435
Finished training EB misspecified, with SURE: 0.16673468968105876
Finished training EB misspecified, with in-sample MSE: 0.1667303736279199
Finished training EB wellspecified, with SURE: 0.1670606805849225
Finished training EB wellspecified, with in-sample MSE: 0.1664750456898928
m: 3
Finished solving NPMLE, with SURE 0.3530587053024585
Finished solving NPMLE, with in-sample MSE 0.26948593655245745
Finished solving parametric estimator, with SURE 0.23501643009096634
Finished solving parametric estimator, with in-sample MSE 0.23725309372530423
Finished solving EBCF, with in-sample MSE 0.1604119796677905
Finished training EB SURE-LS, with SURE: 0.15448381062622388
Finished training EB SURE-LS, with in-sample MSE: 0.1489987103604194
use_scale: True
use_location: False
Finished training EB misspecified with NPMLE init, with SURE: 0.17078756280163693
Finished training EB misspecified with NPMLE init, with in-sample MSE: 0.17796940799353314
Finished training EB misspecified, with SURE: 0.17071663403481627
Finished training EB misspecified, with in-sample MSE: 0.1784946236996184
Finished training EB wellspecified, with SURE: 0.15205903457371506
Finished training EB wellspecified, with in-sample MSE: 0.1531055879756633
m: 4
Finished solving NPMLE, with SURE 0.43390572867561944
Finished solving NPMLE, with in-sample MSE 0.2683784847378821
Finished solving parametric estimator, with SURE 0.23727651924340318
Finished solving parametric estimator, with in-sample MSE 0.2246148838030758
Finished solving EBCF, with in-sample MSE 0.16583995055066753
Finished training EB SURE-LS, with SURE: 0.14855249046150357
Finished training EB SURE-LS, with in-sample MSE: 0.1566210320686219
use_scale: True
use_location: False
Finished training EB misspecified with NPMLE init, with SURE: 0.16659497433063203
Finished training EB misspecified with NPMLE init, with in-sample MSE: 0.17391612890665425
Finished training EB misspecified, with SURE: 0.16659973921717458
Finished training EB misspecified, with in-sample MSE: 0.17392546366541914
Finished training EB wellspecified, with SURE: 0.14087735694001013
Finished training EB wellspecified, with in-sample MSE: 0.16156041294655066
m: 5
Finished solving NPMLE, with SURE 0.335982284756805
Finished solving NPMLE, with in-sample MSE 0.25792389024104007
Finished solving parametric estimator, with SURE 0.24002421609053612
Finished solving parametric estimator, with in-sample MSE 0.23927653043903585
Finished solving EBCF, with in-sample MSE 0.1875808335378665
Finished training EB SURE-LS, with SURE: 0.15992521958638148
Finished training EB SURE-LS, with in-sample MSE: 0.1628475565035198
use_scale: True
use_location: False
Finished training EB misspecified with NPMLE init, with SURE: 0.17271724855187615
Finished training EB misspecified with NPMLE init, with in-sample MSE: 0.18273312133018763
Finished training EB misspecified, with SURE: 0.1727192415566328
Finished training EB misspecified, with in-sample MSE: 0.18270957074058392
Finished training EB wellspecified, with SURE: 0.1561678313544002
Finished training EB wellspecified, with in-sample MSE: 0.16631234680331974
m: 6
Finished solving NPMLE, with SURE 0.3607770700703433
Finished solving NPMLE, with in-sample MSE 0.24270184991405205
Finished solving parametric estimator, with SURE 0.2337866418510478
Finished solving parametric estimator, with in-sample MSE 0.21173988164931268
Finished solving EBCF, with in-sample MSE 0.1435813091929357
Finished training EB SURE-LS, with SURE: 0.14966502265636
Finished training EB SURE-LS, with in-sample MSE: 0.13131252286542502
use_scale: True
use_location: False
Finished training EB misspecified with NPMLE init, with SURE: 0.1660530599889043
Finished training EB misspecified with NPMLE init, with in-sample MSE: 0.15047127997093346
Finished training EB misspecified, with SURE: 0.16596130915277385
Finished training EB misspecified, with in-sample MSE: 0.15032143643337664
Finished training EB wellspecified, with SURE: 0.14628110188078208
Finished training EB wellspecified, with in-sample MSE: 0.13151395464146856
m: 7
Finished solving NPMLE, with SURE 0.3481132606495243
Finished solving NPMLE, with in-sample MSE 0.2616195426750687
Finished solving parametric estimator, with SURE 0.2375862094720079
Finished solving parametric estimator, with in-sample MSE 0.2375834558496127
Finished solving EBCF, with in-sample MSE 0.16652151848821173
Finished training EB SURE-LS, with SURE: 0.15563070106555107
Finished training EB SURE-LS, with in-sample MSE: 0.1562156253124725
use_scale: True
use_location: False
Finished training EB misspecified with NPMLE init, with SURE: 0.17619999562695918
Finished training EB misspecified with NPMLE init, with in-sample MSE: 0.17737937302168102
Finished training EB misspecified, with SURE: 0.17606894209666607
Finished training EB misspecified, with in-sample MSE: 0.17697095445686276
Finished training EB wellspecified, with SURE: 0.15230970753141265
Finished training EB wellspecified, with in-sample MSE: 0.15967116250614977
m: 8
Finished solving NPMLE, with SURE 0.5008413494139928
Finished solving NPMLE, with in-sample MSE 0.276958418796935
Finished solving parametric estimator, with SURE 0.23623775643470482
Finished solving parametric estimator, with in-sample MSE 0.24194079944444882
Finished solving EBCF, with in-sample MSE 0.15788801316483067
Finished training EB SURE-LS, with SURE: 0.15737969160329107
Finished training EB SURE-LS, with in-sample MSE: 0.14891640360197708
use_scale: True
use_location: False
Finished training EB misspecified with NPMLE init, with SURE: 0.17276803221804848
Finished training EB misspecified with NPMLE init, with in-sample MSE: 0.17527581627111058
Finished training EB misspecified, with SURE: 0.17276691028697527
Finished training EB misspecified, with in-sample MSE: 0.1752649998601913
Finished training EB wellspecified, with SURE: 0.14956767117838668
Finished training EB wellspecified, with in-sample MSE: 0.15388856652505378
m: 9
Finished solving NPMLE, with SURE 0.336197642018022
Finished solving NPMLE, with in-sample MSE 0.25653480903780657
Finished solving parametric estimator, with SURE 0.23798747561619077
Finished solving parametric estimator, with in-sample MSE 0.22561216979070925
Finished solving EBCF, with in-sample MSE 0.17372584844559272
Finished training EB SURE-LS, with SURE: 0.15396590745919192
Finished training EB SURE-LS, with in-sample MSE: 0.16124110194395413
use_scale: True
use_location: False
Finished training EB misspecified with NPMLE init, with SURE: 0.17008345824768348
Finished training EB misspecified with NPMLE init, with in-sample MSE: 0.18695221568775447
Finished training EB misspecified, with SURE: 0.1700924113430991
Finished training EB misspecified, with in-sample MSE: 0.18693268001261112
Finished training EB wellspecified, with SURE: 0.14375241002126754
Finished training EB wellspecified, with in-sample MSE: 0.17469328784752286
m: 10
Finished solving NPMLE, with SURE 0.34574939824435097
Finished solving NPMLE, with in-sample MSE 0.27114706299170377
Finished solving parametric estimator, with SURE 0.22939155667751704
Finished solving parametric estimator, with in-sample MSE 0.23424312962156701
Finished solving EBCF, with in-sample MSE 0.16425488661710536
Finished training EB SURE-LS, with SURE: 0.14247453714575767
Finished training EB SURE-LS, with in-sample MSE: 0.1526800650044072
use_scale: True
use_location: False
Finished training EB misspecified with NPMLE init, with SURE: 0.16423915683222157
Finished training EB misspecified with NPMLE init, with in-sample MSE: 0.17808696377791935
Finished training EB misspecified, with SURE: 0.16424789019552358
Finished training EB misspecified, with in-sample MSE: 0.17816115766325835
Finished training EB wellspecified, with SURE: 0.13540809106381876
Finished training EB wellspecified, with in-sample MSE: 0.15801466923924148
m: 11
Finished solving NPMLE, with SURE 0.40324801003832733
Finished solving NPMLE, with in-sample MSE 0.2783218861373021
Finished solving parametric estimator, with SURE 0.22904739796125456
Finished solving parametric estimator, with in-sample MSE 0.24703037549270213
Finished solving EBCF, with in-sample MSE 0.18051529937152097
Finished training EB SURE-LS, with SURE: 0.1423610675590394
Finished training EB SURE-LS, with in-sample MSE: 0.1559880398253382
use_scale: True
use_location: False
Finished training EB misspecified with NPMLE init, with SURE: 0.1570507802565112
Finished training EB misspecified with NPMLE init, with in-sample MSE: 0.17434472987899072
Finished training EB misspecified, with SURE: 0.15705890925214014
Finished training EB misspecified, with in-sample MSE: 0.17433504396948885
Finished training EB wellspecified, with SURE: 0.13931512698750065
Finished training EB wellspecified, with in-sample MSE: 0.15664234793776735
m: 12
Finished solving NPMLE, with SURE 0.35496216945291964
Finished solving NPMLE, with in-sample MSE 0.27338694645353934
Finished solving parametric estimator, with SURE 0.23327184494228778
Finished solving parametric estimator, with in-sample MSE 0.23766307208095072
Finished solving EBCF, with in-sample MSE 0.16893118875627217
Finished training EB SURE-LS, with SURE: 0.14914651778551258
Finished training EB SURE-LS, with in-sample MSE: 0.1574005989842917
use_scale: True
use_location: False
Finished training EB misspecified with NPMLE init, with SURE: 0.1692358003279909
Finished training EB misspecified with NPMLE init, with in-sample MSE: 0.17848036980886942
Finished training EB misspecified, with SURE: 0.16924562082128783
Finished training EB misspecified, with in-sample MSE: 0.17854370761407684
Finished training EB wellspecified, with SURE: 0.14563938853341665
Finished training EB wellspecified, with in-sample MSE: 0.15887701031335422
m: 13
Finished solving NPMLE, with SURE 0.33726248856756674
Finished solving NPMLE, with in-sample MSE 0.24858867925860334
Finished solving parametric estimator, with SURE 0.23203564496337598
Finished solving parametric estimator, with in-sample MSE 0.22033806474240206
Finished solving EBCF, with in-sample MSE 0.17976211127380112
Finished training EB SURE-LS, with SURE: 0.14653166831985912
Finished training EB SURE-LS, with in-sample MSE: 0.15170578783520533
use_scale: True
use_location: False
Finished training EB misspecified with NPMLE init, with SURE: 0.16323177204635772
Finished training EB misspecified with NPMLE init, with in-sample MSE: 0.16783228017220733
Finished training EB misspecified, with SURE: 0.16325244817357717
Finished training EB misspecified, with in-sample MSE: 0.16789669692542827
Finished training EB wellspecified, with SURE: 0.14347086139695223
Finished training EB wellspecified, with in-sample MSE: 0.15266862511910134
m: 14
Finished solving NPMLE, with SURE 0.3548122046847661
Finished solving NPMLE, with in-sample MSE 0.2884061972942945
Finished solving parametric estimator, with SURE 0.23508853034108684
Finished solving parametric estimator, with in-sample MSE 0.23829602181451773
Finished solving EBCF, with in-sample MSE 0.16543179905254252
Finished training EB SURE-LS, with SURE: 0.15439873834490858
Finished training EB SURE-LS, with in-sample MSE: 0.1572304976091087
use_scale: True
use_location: False
Finished training EB misspecified with NPMLE init, with SURE: 0.17310078085135305
Finished training EB misspecified with NPMLE init, with in-sample MSE: 0.18448767814720735
Finished training EB misspecified, with SURE: 0.17311464429199266
Finished training EB misspecified, with in-sample MSE: 0.1844781217346993
Finished training EB wellspecified, with SURE: 0.1479907965754958
Finished training EB wellspecified, with in-sample MSE: 0.16451058903484458
m: 15
Finished solving NPMLE, with SURE 0.3514198996595358
Finished solving NPMLE, with in-sample MSE 0.266990001585264
Finished solving parametric estimator, with SURE 0.2364754568482784
Finished solving parametric estimator, with in-sample MSE 0.23391773239740649
Finished solving EBCF, with in-sample MSE 0.16681881136828308
Finished training EB SURE-LS, with SURE: 0.19569237391547706
Finished training EB SURE-LS, with in-sample MSE: 0.19122954726443758
use_scale: True
use_location: False
Finished training EB misspecified with NPMLE init, with SURE: 0.16093861485036987
Finished training EB misspecified with NPMLE init, with in-sample MSE: 0.18078581949489209
Finished training EB misspecified, with SURE: 0.16096235803748524
Finished training EB misspecified, with in-sample MSE: 0.18080820585679241
Finished training EB wellspecified, with SURE: 0.14633875606874489
Finished training EB wellspecified, with in-sample MSE: 0.1655835956127551
m: 16
Finished solving NPMLE, with SURE 0.35363592402080657
Finished solving NPMLE, with in-sample MSE 0.24122115810928652
Finished solving parametric estimator, with SURE 0.23228835263398717
Finished solving parametric estimator, with in-sample MSE 0.22233914623299036
Finished solving EBCF, with in-sample MSE 0.1659424910344848
Finished training EB SURE-LS, with SURE: 0.13972307197780987
Finished training EB SURE-LS, with in-sample MSE: 0.15163568995218812
use_scale: True
use_location: False
Finished training EB misspecified with NPMLE init, with SURE: 0.148745614969367
Finished training EB misspecified with NPMLE init, with in-sample MSE: 0.17599851716657436
Finished training EB misspecified, with SURE: 0.14875365883047154
Finished training EB misspecified, with in-sample MSE: 0.1759880786894548
Finished training EB wellspecified, with SURE: 0.1341983443776532
Finished training EB wellspecified, with in-sample MSE: 0.15782693821024354
m: 17
Finished solving NPMLE, with SURE 0.3690388522168074
Finished solving NPMLE, with in-sample MSE 0.2634525340177434
Finished solving parametric estimator, with SURE 0.23394676273036152
Finished solving parametric estimator, with in-sample MSE 0.23741051387354875
Finished solving EBCF, with in-sample MSE 0.1566672865774661
Finished training EB SURE-LS, with SURE: 0.15121927242591526
Finished training EB SURE-LS, with in-sample MSE: 0.14333307329539496
use_scale: True
use_location: False
Finished training EB misspecified with NPMLE init, with SURE: 0.16429213575261023
Finished training EB misspecified with NPMLE init, with in-sample MSE: 0.1690712993841721
Finished training EB misspecified, with SURE: 0.16430028217241416
Finished training EB misspecified, with in-sample MSE: 0.16906245451236607
Finished training EB wellspecified, with SURE: 0.14698212543307995
Finished training EB wellspecified, with in-sample MSE: 0.1486861123889669
m: 18
Finished solving NPMLE, with SURE 0.37799711763009997
Finished solving NPMLE, with in-sample MSE 0.2620747107134048
Finished solving parametric estimator, with SURE 0.2310303968462974
Finished solving parametric estimator, with in-sample MSE 0.23922025769845356
Finished solving EBCF, with in-sample MSE 0.16083061190010386
Finished training EB SURE-LS, with SURE: 0.1403044672521447
Finished training EB SURE-LS, with in-sample MSE: 0.15049542670027102
use_scale: True
use_location: False
Finished training EB misspecified with NPMLE init, with SURE: 0.1530635529461274
Finished training EB misspecified with NPMLE init, with in-sample MSE: 0.16627252294354747
Finished training EB misspecified, with SURE: 0.15308623362842763
Finished training EB misspecified, with in-sample MSE: 0.1662872755427976
Finished training EB wellspecified, with SURE: 0.1391759673309311
Finished training EB wellspecified, with in-sample MSE: 0.1527187446270143
m: 19
Finished solving NPMLE, with SURE 0.3474791558805106
Finished solving NPMLE, with in-sample MSE 0.26708973885751813
Finished solving parametric estimator, with SURE 0.23318422900009084
Finished solving parametric estimator, with in-sample MSE 0.2277590246797774
Finished solving EBCF, with in-sample MSE 0.15537936294102955
Finished training EB SURE-LS, with SURE: 0.14957858374524868
Finished training EB SURE-LS, with in-sample MSE: 0.14497094433601793
use_scale: True
use_location: False
Finished training EB misspecified with NPMLE init, with SURE: 0.17004965240836398
Finished training EB misspecified with NPMLE init, with in-sample MSE: 0.17213034526704182
Finished training EB misspecified, with SURE: 0.17006550944608748
Finished training EB misspecified, with in-sample MSE: 0.17213744632640135
Finished training EB wellspecified, with SURE: 0.14672301447545846
Finished training EB wellspecified, with in-sample MSE: 0.14657591254539507
m: 20
Finished solving NPMLE, with SURE 0.32603286169363804
Finished solving NPMLE, with in-sample MSE 0.25210399849581844
Finished solving parametric estimator, with SURE 0.23239223762181432
Finished solving parametric estimator, with in-sample MSE 0.225237538150182
Finished solving EBCF, with in-sample MSE 0.15631653041171986
Finished training EB SURE-LS, with SURE: 0.14531243822555154
Finished training EB SURE-LS, with in-sample MSE: 0.1452200180312292
use_scale: True
use_location: False
Finished training EB misspecified with NPMLE init, with SURE: 0.1552516024168368
Finished training EB misspecified with NPMLE init, with in-sample MSE: 0.1655405208299795
Finished training EB misspecified, with SURE: 0.15525849669104433
Finished training EB misspecified, with in-sample MSE: 0.16553715992585036
Finished training EB wellspecified, with SURE: 0.13763059380905354
Finished training EB wellspecified, with in-sample MSE: 0.1469988331737612
m: 21
Finished solving NPMLE, with SURE 0.3682395254649624
Finished solving NPMLE, with in-sample MSE 0.2820246619546168
Finished solving parametric estimator, with SURE 0.22827867367572385
Finished solving parametric estimator, with in-sample MSE 0.23420287367966974
Finished solving EBCF, with in-sample MSE 0.15802560222640166
Finished training EB SURE-LS, with SURE: 0.14668846024812598
Finished training EB SURE-LS, with in-sample MSE: 0.1463812364778064
use_scale: True
use_location: False
Finished training EB misspecified with NPMLE init, with SURE: 0.17215211507098174
Finished training EB misspecified with NPMLE init, with in-sample MSE: 0.1709717277257368
Finished training EB misspecified, with SURE: 0.1721561324663562
Finished training EB misspecified, with in-sample MSE: 0.17086368989148007
Finished training EB wellspecified, with SURE: 0.13709454862340056
Finished training EB wellspecified, with in-sample MSE: 0.16455496755059998
m: 22
Finished solving NPMLE, with SURE 0.3580425568631085
Finished solving NPMLE, with in-sample MSE 0.2617124038343823
Finished solving parametric estimator, with SURE 0.22871910577086535
Finished solving parametric estimator, with in-sample MSE 0.2333627485860101
Finished solving EBCF, with in-sample MSE 0.15878897086149357
Finished training EB SURE-LS, with SURE: 0.13994109448671105
Finished training EB SURE-LS, with in-sample MSE: 0.1470988325169994
use_scale: True
use_location: False
Finished training EB misspecified with NPMLE init, with SURE: 0.15535791578020075
Finished training EB misspecified with NPMLE init, with in-sample MSE: 0.18226774623148917
Finished training EB misspecified, with SURE: 0.1553710368347199
Finished training EB misspecified, with in-sample MSE: 0.18227226400166202
Finished training EB wellspecified, with SURE: 0.13464953653508396
Finished training EB wellspecified, with in-sample MSE: 0.1549068281642154
m: 23
Finished solving NPMLE, with SURE 0.3725307123663746
Finished solving NPMLE, with in-sample MSE 0.2715498610578833
Finished solving parametric estimator, with SURE 0.23746620990232384
Finished solving parametric estimator, with in-sample MSE 0.2509451257993626
Finished solving EBCF, with in-sample MSE 0.17625056155362312
Finished training EB SURE-LS, with SURE: 0.15268665981498708
Finished training EB SURE-LS, with in-sample MSE: 0.16532884311824433
use_scale: True
use_location: False
Finished training EB misspecified with NPMLE init, with SURE: 0.16881038586061003
Finished training EB misspecified with NPMLE init, with in-sample MSE: 0.19667525382443746
Finished training EB misspecified, with SURE: 0.16881781671020626
Finished training EB misspecified, with in-sample MSE: 0.19668103536830286
Finished training EB wellspecified, with SURE: 0.14692934896067428
Finished training EB wellspecified, with in-sample MSE: 0.1691905743066323
m: 24
Finished solving NPMLE, with SURE 0.3304482289903082
Finished solving NPMLE, with in-sample MSE 0.2660241508517574
Finished solving parametric estimator, with SURE 0.239101631509462
Finished solving parametric estimator, with in-sample MSE 0.24851672908696706
Finished solving EBCF, with in-sample MSE 0.1787543693539393
Finished training EB SURE-LS, with SURE: 0.16266122403610492
Finished training EB SURE-LS, with in-sample MSE: 0.165830005732331
use_scale: True
use_location: False
Finished training EB misspecified with NPMLE init, with SURE: 0.18455200814260184
Finished training EB misspecified with NPMLE init, with in-sample MSE: 0.1958987455580533
Finished training EB misspecified, with SURE: 0.18456997273478667
Finished training EB misspecified, with in-sample MSE: 0.195921194787304
Finished training EB wellspecified, with SURE: 0.15622001108453465
Finished training EB wellspecified, with in-sample MSE: 0.17162515822990201
m: 25
Finished solving NPMLE, with SURE 0.3347365501354953
Finished solving NPMLE, with in-sample MSE 0.23721137556913205
Finished solving parametric estimator, with SURE 0.2337726066391958
Finished solving parametric estimator, with in-sample MSE 0.21981341252864917
Finished solving EBCF, with in-sample MSE 0.15918277392951158
Finished training EB SURE-LS, with SURE: 0.144690946789884
Finished training EB SURE-LS, with in-sample MSE: 0.14443286267729957
use_scale: True
use_location: False
Finished training EB misspecified with NPMLE init, with SURE: 0.15682685948296418
Finished training EB misspecified with NPMLE init, with in-sample MSE: 0.1681971636313456
Finished training EB misspecified, with SURE: 0.15683788744994828
Finished training EB misspecified, with in-sample MSE: 0.168213359434758
Finished training EB wellspecified, with SURE: 0.13985532591994024
Finished training EB wellspecified, with in-sample MSE: 0.14779594269660376
m: 26
Finished solving NPMLE, with SURE 0.33961842974460354
Finished solving NPMLE, with in-sample MSE 0.27005318783853105
Finished solving parametric estimator, with SURE 0.22895203384164692
Finished solving parametric estimator, with in-sample MSE 0.2381688845769677
Finished solving EBCF, with in-sample MSE 0.18624079071766333
Finished training EB SURE-LS, with SURE: 0.136929689850667
Finished training EB SURE-LS, with in-sample MSE: 0.16213609487940545
use_scale: True
use_location: False
Finished training EB misspecified with NPMLE init, with SURE: 0.16108808401886812
Finished training EB misspecified with NPMLE init, with in-sample MSE: 0.17915716849351207
Finished training EB misspecified, with SURE: 0.1606924257640818
Finished training EB misspecified, with in-sample MSE: 0.1787734460939855
Finished training EB wellspecified, with SURE: 0.1347219990002435
Finished training EB wellspecified, with in-sample MSE: 0.16475968439297436
m: 27
Finished solving NPMLE, with SURE 0.3740127908146637
Finished solving NPMLE, with in-sample MSE 0.25077578137869655
Finished solving parametric estimator, with SURE 0.23674418757090115
Finished solving parametric estimator, with in-sample MSE 0.23574560854716164
Finished solving EBCF, with in-sample MSE 0.1677196952226176
Finished training EB SURE-LS, with SURE: 0.15422060302056134
Finished training EB SURE-LS, with in-sample MSE: 0.1579621885349404
use_scale: True
use_location: False
Finished training EB misspecified with NPMLE init, with SURE: 0.1617802455884548
Finished training EB misspecified with NPMLE init, with in-sample MSE: 0.17770023124795983
Finished training EB misspecified, with SURE: 0.16178465474390918
Finished training EB misspecified, with in-sample MSE: 0.17768838853988275
Finished training EB wellspecified, with SURE: 0.16198801761583417
Finished training EB wellspecified, with in-sample MSE: 0.17775419785062319
m: 28
Finished solving NPMLE, with SURE 0.40584746276065964
Finished solving NPMLE, with in-sample MSE 0.24643240869718155
Finished solving parametric estimator, with SURE 0.23610596234674625
Finished solving parametric estimator, with in-sample MSE 0.22713815086899064
Finished solving EBCF, with in-sample MSE 0.17598264495406254
Finished training EB SURE-LS, with SURE: 0.15475121569566433
Finished training EB SURE-LS, with in-sample MSE: 0.15165126608467214
use_scale: True
use_location: False
Finished training EB misspecified with NPMLE init, with SURE: 0.16223016563524234
Finished training EB misspecified with NPMLE init, with in-sample MSE: 0.17904596303844053
Finished training EB misspecified, with SURE: 0.16223482624931343
Finished training EB misspecified, with in-sample MSE: 0.17903731128211878
Finished training EB wellspecified, with SURE: 0.14572599651250717
Finished training EB wellspecified, with in-sample MSE: 0.15680167946558057
m: 29
Finished solving NPMLE, with SURE 0.35654475009010284
Finished solving NPMLE, with in-sample MSE 0.25032643049145814
Finished solving parametric estimator, with SURE 0.23884501158901378
Finished solving parametric estimator, with in-sample MSE 0.22167005878339544
Finished solving EBCF, with in-sample MSE 0.16088800771081582
Finished training EB SURE-LS, with SURE: 0.15691599191807698
Finished training EB SURE-LS, with in-sample MSE: 0.14970105522058014
use_scale: True
use_location: False
Finished training EB misspecified with NPMLE init, with SURE: 0.17049331867092804
Finished training EB misspecified with NPMLE init, with in-sample MSE: 0.17352625837284755
Finished training EB misspecified, with SURE: 0.17048119692744287
Finished training EB misspecified, with in-sample MSE: 0.1735223562555298
Finished training EB wellspecified, with SURE: 0.15270045245567102
Finished training EB wellspecified, with in-sample MSE: 0.1545677788001553
m: 30
Finished solving NPMLE, with SURE 0.35653797579411867
Finished solving NPMLE, with in-sample MSE 0.25711987510121953
Finished solving parametric estimator, with SURE 0.23656038414292033
Finished solving parametric estimator, with in-sample MSE 0.23311841842314768
Finished solving EBCF, with in-sample MSE 0.1586941156037093
Finished training EB SURE-LS, with SURE: 0.15215622151196936
Finished training EB SURE-LS, with in-sample MSE: 0.1463000949472523
use_scale: True
use_location: False
Finished training EB misspecified with NPMLE init, with SURE: 0.16209212948566534
Finished training EB misspecified with NPMLE init, with in-sample MSE: 0.1733277792641491
Finished training EB misspecified, with SURE: 0.16209929396613437
Finished training EB misspecified, with in-sample MSE: 0.17332388322071593
Finished training EB wellspecified, with SURE: 0.14558960708320556
Finished training EB wellspecified, with in-sample MSE: 0.15479473399639118
m: 31
Finished solving NPMLE, with SURE 0.34442583407856925
Finished solving NPMLE, with in-sample MSE 0.2547547415354272
Finished solving parametric estimator, with SURE 0.22975267313961828
Finished solving parametric estimator, with in-sample MSE 0.23463223739015238
Finished solving EBCF, with in-sample MSE 0.1585356862332728
Finished training EB SURE-LS, with SURE: 0.1356232012014058
Finished training EB SURE-LS, with in-sample MSE: 0.14890685344723245
use_scale: True
use_location: False
Finished training EB misspecified with NPMLE init, with SURE: 0.1521763518688359
Finished training EB misspecified with NPMLE init, with in-sample MSE: 0.17379319221935347
Finished training EB misspecified, with SURE: 0.15218407764898728
Finished training EB misspecified, with in-sample MSE: 0.17377372876088512
Finished training EB wellspecified, with SURE: 0.13415886141160577
Finished training EB wellspecified, with in-sample MSE: 0.15243296931021186
m: 32
Finished solving NPMLE, with SURE 0.33860632448967126
Finished solving NPMLE, with in-sample MSE 0.27387360733659355
Finished solving parametric estimator, with SURE 0.23092682020816485
Finished solving parametric estimator, with in-sample MSE 0.23160834491780743
Finished solving EBCF, with in-sample MSE 0.17324753499529774
Finished training EB SURE-LS, with SURE: 0.1426056838766802
Finished training EB SURE-LS, with in-sample MSE: 0.1412240516763745
use_scale: True
use_location: False
Finished training EB misspecified with NPMLE init, with SURE: 0.1623515847688005
Finished training EB misspecified with NPMLE init, with in-sample MSE: 0.1728613839103801
Finished training EB misspecified, with SURE: 0.1623722463546137
Finished training EB misspecified, with in-sample MSE: 0.17289445965497358
Finished training EB wellspecified, with SURE: 0.13729410819869567
Finished training EB wellspecified, with in-sample MSE: 0.14677537873454224
m: 33
Finished solving NPMLE, with SURE 0.5705413801353446
Finished solving NPMLE, with in-sample MSE 0.2636322603935308
Finished solving parametric estimator, with SURE 0.23423830611641275
Finished solving parametric estimator, with in-sample MSE 0.2311083509151709
Finished solving EBCF, with in-sample MSE 0.16141121850647253
Finished training EB SURE-LS, with SURE: 0.15242277953755415
Finished training EB SURE-LS, with in-sample MSE: 0.14966865279981556
use_scale: True
use_location: False
Finished training EB misspecified with NPMLE init, with SURE: 0.16959313624662628
Finished training EB misspecified with NPMLE init, with in-sample MSE: 0.18098927086967148
Finished training EB misspecified, with SURE: 0.1671682597990862
Finished training EB misspecified, with in-sample MSE: 0.18853983524914086
Finished training EB wellspecified, with SURE: 0.14307116734671407
Finished training EB wellspecified, with in-sample MSE: 0.15962432373403215
m: 34
Finished solving NPMLE, with SURE 0.32508008498725016
Finished solving NPMLE, with in-sample MSE 0.2678499991082228
Finished solving parametric estimator, with SURE 0.2338096381949719
Finished solving parametric estimator, with in-sample MSE 0.23808656187540492
Finished solving EBCF, with in-sample MSE 0.16578005183899977
Finished training EB SURE-LS, with SURE: 0.1347023233784308
Finished training EB SURE-LS, with in-sample MSE: 0.15505724427182702
use_scale: True
use_location: False
Finished training EB misspecified with NPMLE init, with SURE: 0.1575725029997016
Finished training EB misspecified with NPMLE init, with in-sample MSE: 0.17470315894522162
Finished training EB misspecified, with SURE: 0.15758578174985766
Finished training EB misspecified, with in-sample MSE: 0.17470913516432027
Finished training EB wellspecified, with SURE: 0.13039506153798539
Finished training EB wellspecified, with in-sample MSE: 0.1584960487952868
m: 35
Finished solving NPMLE, with SURE 0.318103246025786
Finished solving NPMLE, with in-sample MSE 0.2711289564574664
Finished solving parametric estimator, with SURE 0.2395140243627914
Finished solving parametric estimator, with in-sample MSE 0.23462992389742568
Finished solving EBCF, with in-sample MSE 0.165816633307197
Finished training EB SURE-LS, with SURE: 0.16025400448212523
Finished training EB SURE-LS, with in-sample MSE: 0.1555078758627661
use_scale: True
use_location: False
Finished training EB misspecified with NPMLE init, with SURE: 0.17455529684703425
Finished training EB misspecified with NPMLE init, with in-sample MSE: 0.18172867590544556
Finished training EB misspecified, with SURE: 0.17456138551289815
Finished training EB misspecified, with in-sample MSE: 0.1817209592125505
Finished training EB wellspecified, with SURE: 0.15398227627117686
Finished training EB wellspecified, with in-sample MSE: 0.16466175822895257
m: 36
Finished solving NPMLE, with SURE 0.34318502646490145
Finished solving NPMLE, with in-sample MSE 0.2534206327924487
Finished solving parametric estimator, with SURE 0.23431769103751632
Finished solving parametric estimator, with in-sample MSE 0.2207701458311268
Finished solving EBCF, with in-sample MSE 0.15893550435430515
Finished training EB SURE-LS, with SURE: 0.14339982821254096
Finished training EB SURE-LS, with in-sample MSE: 0.1468152598794158
use_scale: True
use_location: False
Finished training EB misspecified with NPMLE init, with SURE: 0.16390488237846965
Finished training EB misspecified with NPMLE init, with in-sample MSE: 0.16874593034927088
Finished training EB misspecified, with SURE: 0.1639162627359234
Finished training EB misspecified, with in-sample MSE: 0.16877524737316377
Finished training EB wellspecified, with SURE: 0.138801469543263
Finished training EB wellspecified, with in-sample MSE: 0.14879131943658006
m: 37
Finished solving NPMLE, with SURE 0.37007953828736007
Finished solving NPMLE, with in-sample MSE 0.256130577893212
Finished solving parametric estimator, with SURE 0.23515890317271687
Finished solving parametric estimator, with in-sample MSE 0.23203379108684394
Finished solving EBCF, with in-sample MSE 0.16058424633759444
Finished training EB SURE-LS, with SURE: 0.15058275321382156
Finished training EB SURE-LS, with in-sample MSE: 0.14859130209598714
use_scale: True
use_location: False
Finished training EB misspecified with NPMLE init, with SURE: 0.17124694864673246
Finished training EB misspecified with NPMLE init, with in-sample MSE: 0.17159133012078395
Finished training EB misspecified, with SURE: 0.171272551755363
Finished training EB misspecified, with in-sample MSE: 0.17162375911887084
Finished training EB wellspecified, with SURE: 0.14837323722426665
Finished training EB wellspecified, with in-sample MSE: 0.1500898954935882
m: 38
Finished solving NPMLE, with SURE 0.33423192074313446
Finished solving NPMLE, with in-sample MSE 0.28795641453464993
Finished solving parametric estimator, with SURE 0.23829042131051484
Finished solving parametric estimator, with in-sample MSE 0.23750036565060573
Finished solving EBCF, with in-sample MSE 0.16963387842550998
Finished training EB SURE-LS, with SURE: 0.1617055623462679
Finished training EB SURE-LS, with in-sample MSE: 0.1543162391105448
use_scale: True
use_location: False
Finished training EB misspecified with NPMLE init, with SURE: 0.1848585466998133
Finished training EB misspecified with NPMLE init, with in-sample MSE: 0.18096571884268445
Finished training EB misspecified, with SURE: 0.18485867065696426
Finished training EB misspecified, with in-sample MSE: 0.18094759206445402
Finished training EB wellspecified, with SURE: 0.1530325993477384
Finished training EB wellspecified, with in-sample MSE: 0.16733173047340263
m: 39
Finished solving NPMLE, with SURE 0.3389950264088111
Finished solving NPMLE, with in-sample MSE 0.26086812791310454
Finished solving parametric estimator, with SURE 0.22677315867430414
Finished solving parametric estimator, with in-sample MSE 0.23076757464814812
Finished solving EBCF, with in-sample MSE 0.1748579615137586
Finished training EB SURE-LS, with SURE: 0.13529616038440095
Finished training EB SURE-LS, with in-sample MSE: 0.1435800319705947
use_scale: True
use_location: False
Finished training EB misspecified with NPMLE init, with SURE: 0.15900352913079144
Finished training EB misspecified with NPMLE init, with in-sample MSE: 0.16666260865039065
Finished training EB misspecified, with SURE: 0.15872566026808488
Finished training EB misspecified, with in-sample MSE: 0.16724464647707793
Finished training EB wellspecified, with SURE: 0.13325385280994506
Finished training EB wellspecified, with in-sample MSE: 0.14533341576125838
m: 40
Finished solving NPMLE, with SURE 0.37676376136733597
Finished solving NPMLE, with in-sample MSE 0.267184683147733
Finished solving parametric estimator, with SURE 0.2312204994869036
Finished solving parametric estimator, with in-sample MSE 0.2237941332907746
Finished solving EBCF, with in-sample MSE 0.15715649897220585
Finished training EB SURE-LS, with SURE: 0.1410274440605248
Finished training EB SURE-LS, with in-sample MSE: 0.14690671734498534
use_scale: True
use_location: False
Finished training EB misspecified with NPMLE init, with SURE: 0.16130922361218922
Finished training EB misspecified with NPMLE init, with in-sample MSE: 0.17098838067777236
Finished training EB misspecified, with SURE: 0.16148965012906744
Finished training EB misspecified, with in-sample MSE: 0.17154036098317632
Finished training EB wellspecified, with SURE: 0.14001621368032768
Finished training EB wellspecified, with in-sample MSE: 0.15545224379366412
m: 41
Finished solving NPMLE, with SURE 0.3606651236072112
Finished solving NPMLE, with in-sample MSE 0.25806137871570883
Finished solving parametric estimator, with SURE 0.23351024541195722
Finished solving parametric estimator, with in-sample MSE 0.22391212810452304
Finished solving EBCF, with in-sample MSE 0.1455327705892823
Finished training EB SURE-LS, with SURE: 0.1586544311069194
Finished training EB SURE-LS, with in-sample MSE: 0.13590183072709722
use_scale: True
use_location: False
Finished training EB misspecified with NPMLE init, with SURE: 0.17790745483810474
Finished training EB misspecified with NPMLE init, with in-sample MSE: 0.16132605636652778
Finished training EB misspecified, with SURE: 0.1779094129837447
Finished training EB misspecified, with in-sample MSE: 0.16131720462668628
Finished training EB wellspecified, with SURE: 0.150424472607079
Finished training EB wellspecified, with in-sample MSE: 0.1394540584009086
m: 42
Finished solving NPMLE, with SURE 0.34013428843118587
Finished solving NPMLE, with in-sample MSE 0.24124501652288796
Finished solving parametric estimator, with SURE 0.23158498084988702
Finished solving parametric estimator, with in-sample MSE 0.22312445422775887
Finished solving EBCF, with in-sample MSE 0.164223748344115
Finished training EB SURE-LS, with SURE: 0.14198383932347786
Finished training EB SURE-LS, with in-sample MSE: 0.13576897928776982
use_scale: True
use_location: False
Finished training EB misspecified with NPMLE init, with SURE: 0.15265786695711714
Finished training EB misspecified with NPMLE init, with in-sample MSE: 0.1544809037172306
Finished training EB misspecified, with SURE: 0.1526612816028437
Finished training EB misspecified, with in-sample MSE: 0.1544944684843313
Finished training EB wellspecified, with SURE: 0.13571356679300953
Finished training EB wellspecified, with in-sample MSE: 0.13962160613474667
m: 43
Finished solving NPMLE, with SURE 0.4833898955739582
Finished solving NPMLE, with in-sample MSE 0.2579020486615023
Finished solving parametric estimator, with SURE 0.2300786957033971
Finished solving parametric estimator, with in-sample MSE 0.23141986053064487
Finished solving EBCF, with in-sample MSE 0.16696645379460207
Finished training EB SURE-LS, with SURE: 0.18756976898293778
Finished training EB SURE-LS, with in-sample MSE: 0.19508934061969324
use_scale: True
use_location: False
Finished training EB misspecified with NPMLE init, with SURE: 0.1554270081373468
Finished training EB misspecified with NPMLE init, with in-sample MSE: 0.17220864047267498
Finished training EB misspecified, with SURE: 0.15514539226819532
Finished training EB misspecified, with in-sample MSE: 0.17174092577220856
Finished training EB wellspecified, with SURE: 0.13375473150657027
Finished training EB wellspecified, with in-sample MSE: 0.16041904556525968
m: 44
Finished solving NPMLE, with SURE 0.3783009496418259
Finished solving NPMLE, with in-sample MSE 0.27186401584634917
Finished solving parametric estimator, with SURE 0.23095048218639685
Finished solving parametric estimator, with in-sample MSE 0.24855511735736913
Finished solving EBCF, with in-sample MSE 0.1731060075155984
Finished training EB SURE-LS, with SURE: 0.14510309529433277
Finished training EB SURE-LS, with in-sample MSE: 0.16058679149482435
use_scale: True
use_location: False
Finished training EB misspecified with NPMLE init, with SURE: 0.16874755129600633
Finished training EB misspecified with NPMLE init, with in-sample MSE: 0.18226058995568536
Finished training EB misspecified, with SURE: 0.1687673483860665
Finished training EB misspecified, with in-sample MSE: 0.1823082319663164
Finished training EB wellspecified, with SURE: 0.13900315825826734
Finished training EB wellspecified, with in-sample MSE: 0.16335307592665949
m: 45
Finished solving NPMLE, with SURE 0.3584400630630753
Finished solving NPMLE, with in-sample MSE 0.27781752605125154
Finished solving parametric estimator, with SURE 0.23065837099419878
Finished solving parametric estimator, with in-sample MSE 0.24567020423356759
Finished solving EBCF, with in-sample MSE 0.17130029636150595
Finished training EB SURE-LS, with SURE: 0.13543456167470644
Finished training EB SURE-LS, with in-sample MSE: 0.158364469431091
use_scale: True
use_location: False
Finished training EB misspecified with NPMLE init, with SURE: 0.15938468390098742
Finished training EB misspecified with NPMLE init, with in-sample MSE: 0.1848019616050833
Finished training EB misspecified, with SURE: 0.15936878245058586
Finished training EB misspecified, with in-sample MSE: 0.18508164395319757
Finished training EB wellspecified, with SURE: 0.13269929281576484
Finished training EB wellspecified, with in-sample MSE: 0.1612832925567938
m: 46
Finished solving NPMLE, with SURE 0.37767925472655123
Finished solving NPMLE, with in-sample MSE 0.26373642323787283
Finished solving parametric estimator, with SURE 0.23146329831401669
Finished solving parametric estimator, with in-sample MSE 0.22376117898342596
Finished solving EBCF, with in-sample MSE 0.16317161641787742
Finished training EB SURE-LS, with SURE: 0.14688474301054505
Finished training EB SURE-LS, with in-sample MSE: 0.1512702595932146
use_scale: True
use_location: False
Finished training EB misspecified with NPMLE init, with SURE: 0.16700923202106258
Finished training EB misspecified with NPMLE init, with in-sample MSE: 0.18242493914814792
Finished training EB misspecified, with SURE: 0.16701061424469418
Finished training EB misspecified, with in-sample MSE: 0.18241459363003465
Finished training EB wellspecified, with SURE: 0.1390374818629963
Finished training EB wellspecified, with in-sample MSE: 0.1605571655811706
m: 47
Finished solving NPMLE, with SURE 0.3824532862734179
Finished solving NPMLE, with in-sample MSE 0.2611318365591606
Finished solving parametric estimator, with SURE 0.23559665128190443
Finished solving parametric estimator, with in-sample MSE 0.2281196504328148
Finished solving EBCF, with in-sample MSE 0.1715944920371882
Finished training EB SURE-LS, with SURE: 0.15305967551309085
Finished training EB SURE-LS, with in-sample MSE: 0.14148177775212123
use_scale: True
use_location: False
Finished training EB misspecified with NPMLE init, with SURE: 0.1721655220505692
Finished training EB misspecified with NPMLE init, with in-sample MSE: 0.17096550315066586
Finished training EB misspecified, with SURE: 0.1721721514279848
Finished training EB misspecified, with in-sample MSE: 0.1709133796128928
Finished training EB wellspecified, with SURE: 0.14731898787929582
Finished training EB wellspecified, with in-sample MSE: 0.150318894809217
m: 48
Finished solving NPMLE, with SURE 0.3479235957575674
Finished solving NPMLE, with in-sample MSE 0.2634198169132732
Finished solving parametric estimator, with SURE 0.23055254669093456
Finished solving parametric estimator, with in-sample MSE 0.23179907479759954
Finished solving EBCF, with in-sample MSE 0.16748055531547495
Finished training EB SURE-LS, with SURE: 0.14564706808051597
Finished training EB SURE-LS, with in-sample MSE: 0.1549539588991735
use_scale: True
use_location: False
Finished training EB misspecified with NPMLE init, with SURE: 0.1665073520327497
Finished training EB misspecified with NPMLE init, with in-sample MSE: 0.17770800487733368
Finished training EB misspecified, with SURE: 0.16652172116594285
Finished training EB misspecified, with in-sample MSE: 0.17771363302431342
Finished training EB wellspecified, with SURE: 0.13931171199656955
Finished training EB wellspecified, with in-sample MSE: 0.16317021296445
m: 49
Finished solving NPMLE, with SURE 0.4206587613435449
Finished solving NPMLE, with in-sample MSE 0.26078164879873494
Finished solving parametric estimator, with SURE 0.23862561351327544
Finished solving parametric estimator, with in-sample MSE 0.226459699459862
Finished solving EBCF, with in-sample MSE 0.1758313151906583
Finished training EB SURE-LS, with SURE: 0.1628270480205801
Finished training EB SURE-LS, with in-sample MSE: 0.14930146370624006
use_scale: True
use_location: False
Finished training EB misspecified with NPMLE init, with SURE: 0.17845805090147457
Finished training EB misspecified with NPMLE init, with in-sample MSE: 0.17386611915629527
Finished training EB misspecified, with SURE: 0.178465739215482
Finished training EB misspecified, with in-sample MSE: 0.1738929994057852
Finished training EB wellspecified, with SURE: 0.15877879053010208
Finished training EB wellspecified, with in-sample MSE: 0.15418257643960187

n: 3200
m: 0
Finished solving NPMLE, with SURE 0.35279794476690995
Finished solving NPMLE, with in-sample MSE 0.2574015635953121
Finished solving parametric estimator, with SURE 0.23352584667231702
Finished solving parametric estimator, with in-sample MSE 0.22751121045779968
Finished solving EBCF, with in-sample MSE 0.1703188420633937
Finished training EB SURE-LS, with SURE: 0.14688000994977798
Finished training EB SURE-LS, with in-sample MSE: 0.15708624762346
use_scale: True
use_location: False
Finished training EB misspecified with NPMLE init, with SURE: 0.1698239147198919
Finished training EB misspecified with NPMLE init, with in-sample MSE: 0.18059245560638448
Finished training EB misspecified, with SURE: 0.1698093246022866
Finished training EB misspecified, with in-sample MSE: 0.18052490773289936
Finished training EB wellspecified, with SURE: 0.14428747524505575
Finished training EB wellspecified, with in-sample MSE: 0.15668045019507343
m: 1
Finished solving NPMLE, with SURE 0.3953941224123788
Finished solving NPMLE, with in-sample MSE 0.25875350598783375
Finished solving parametric estimator, with SURE 0.23529773902299927
Finished solving parametric estimator, with in-sample MSE 0.2377619426406076
Finished solving EBCF, with in-sample MSE 0.164779832408979
Finished training EB SURE-LS, with SURE: 0.15554604266883865
Finished training EB SURE-LS, with in-sample MSE: 0.15227126216172499
use_scale: True
use_location: False
Finished training EB misspecified with NPMLE init, with SURE: 0.17684074903790134
Finished training EB misspecified with NPMLE init, with in-sample MSE: 0.17577287464940702
Finished training EB misspecified, with SURE: 0.176098999081555
Finished training EB misspecified, with in-sample MSE: 0.17693470783647886
Finished training EB wellspecified, with SURE: 0.15377198966839714
Finished training EB wellspecified, with in-sample MSE: 0.15344154219413958
m: 2
Finished solving NPMLE, with SURE 0.3587074029341235
Finished solving NPMLE, with in-sample MSE 0.2721578439875924
Finished solving parametric estimator, with SURE 0.23559294000695868
Finished solving parametric estimator, with in-sample MSE 0.23689353608042865
Finished solving EBCF, with in-sample MSE 0.16186273267286166
Finished training EB SURE-LS, with SURE: 0.15891196063325086
Finished training EB SURE-LS, with in-sample MSE: 0.15005257930715513
use_scale: True
use_location: False
Finished training EB misspecified with NPMLE init, with SURE: 0.1770559583809191
Finished training EB misspecified with NPMLE init, with in-sample MSE: 0.1752957541630476
Finished training EB misspecified, with SURE: 0.1770724761630992
Finished training EB misspecified, with in-sample MSE: 0.17529283550115296
Finished training EB wellspecified, with SURE: 0.1551149525727359
Finished training EB wellspecified, with in-sample MSE: 0.15347193135533238
m: 3
Finished solving NPMLE, with SURE 0.3768704647789612
Finished solving NPMLE, with in-sample MSE 0.2517745783673809
Finished solving parametric estimator, with SURE 0.23073149818769262
Finished solving parametric estimator, with in-sample MSE 0.22730900896263595
Finished solving EBCF, with in-sample MSE 0.17257723155084667
Finished training EB SURE-LS, with SURE: 0.14544029141054943
Finished training EB SURE-LS, with in-sample MSE: 0.1444381663675601
use_scale: True
use_location: False
Finished training EB misspecified with NPMLE init, with SURE: 0.1699997567373278
Finished training EB misspecified with NPMLE init, with in-sample MSE: 0.17039941695983601
Finished training EB misspecified, with SURE: 0.17002134504772234
Finished training EB misspecified, with in-sample MSE: 0.1704054939445241
Finished training EB wellspecified, with SURE: 0.14084341339852968
Finished training EB wellspecified, with in-sample MSE: 0.14966496153476347
m: 4
Finished solving NPMLE, with SURE 0.3343911406654805
Finished solving NPMLE, with in-sample MSE 0.26597082403400857
Finished solving parametric estimator, with SURE 0.2387504278797673
Finished solving parametric estimator, with in-sample MSE 0.23603851642744
Finished solving EBCF, with in-sample MSE 0.17050796150740327
Finished training EB SURE-LS, with SURE: 0.15590339596879602
Finished training EB SURE-LS, with in-sample MSE: 0.15828457855763156
use_scale: True
use_location: False
Finished training EB misspecified with NPMLE init, with SURE: 0.17677887027349265
Finished training EB misspecified with NPMLE init, with in-sample MSE: 0.181931291916518
Finished training EB misspecified, with SURE: 0.17679009388192243
Finished training EB misspecified, with in-sample MSE: 0.18193054651211887
Finished training EB wellspecified, with SURE: 0.15374154357592038
Finished training EB wellspecified, with in-sample MSE: 0.16016698744838037
m: 5
Finished solving NPMLE, with SURE 0.3564379090719499
Finished solving NPMLE, with in-sample MSE 0.2644506379752546
Finished solving parametric estimator, with SURE 0.23607484747990365
Finished solving parametric estimator, with in-sample MSE 0.2407943621726054
Finished solving EBCF, with in-sample MSE 0.1715541324786977
Finished training EB SURE-LS, with SURE: 0.15296918963939682
Finished training EB SURE-LS, with in-sample MSE: 0.16150587549392764
use_scale: True
use_location: False
Finished training EB misspecified with NPMLE init, with SURE: 0.16992225968510588
Finished training EB misspecified with NPMLE init, with in-sample MSE: 0.18645156833793827
Finished training EB misspecified, with SURE: 0.17068344649387654
Finished training EB misspecified, with in-sample MSE: 0.18643888775162135
Finished training EB wellspecified, with SURE: 0.1505805889249687
Finished training EB wellspecified, with in-sample MSE: 0.16259097729997085
m: 6
Finished solving NPMLE, with SURE 0.3676517278804111
Finished solving NPMLE, with in-sample MSE 0.2627251095730787
Finished solving parametric estimator, with SURE 0.23443120832667574
Finished solving parametric estimator, with in-sample MSE 0.22758288188178458
Finished solving EBCF, with in-sample MSE 0.16334955845502502
Finished training EB SURE-LS, with SURE: 0.15008044984797006
Finished training EB SURE-LS, with in-sample MSE: 0.15215015123352585
use_scale: True
use_location: False
Finished training EB misspecified with NPMLE init, with SURE: 0.16713167078762212
Finished training EB misspecified with NPMLE init, with in-sample MSE: 0.17012594803347736
Finished training EB misspecified, with SURE: 0.16714614167580094
Finished training EB misspecified, with in-sample MSE: 0.17014394091210383
Finished training EB wellspecified, with SURE: 0.1467673401581335
Finished training EB wellspecified, with in-sample MSE: 0.15252885668380942
m: 7
Finished solving NPMLE, with SURE 0.36473180220172324
Finished solving NPMLE, with in-sample MSE 0.2666112779948146
Finished solving parametric estimator, with SURE 0.23776998219020895
Finished solving parametric estimator, with in-sample MSE 0.22686574684250818
Finished solving EBCF, with in-sample MSE 0.1683884884144497
Finished training EB SURE-LS, with SURE: 0.15863231695005842
Finished training EB SURE-LS, with in-sample MSE: 0.1471131364266905
use_scale: True
use_location: False
Finished training EB misspecified with NPMLE init, with SURE: 0.17909453777471349
Finished training EB misspecified with NPMLE init, with in-sample MSE: 0.17397051780846656
Finished training EB misspecified, with SURE: 0.17895059430100133
Finished training EB misspecified, with in-sample MSE: 0.1739073983121838
Finished training EB wellspecified, with SURE: 0.15478957350516848
Finished training EB wellspecified, with in-sample MSE: 0.14987925156325563
m: 8
Finished solving NPMLE, with SURE 0.3645184011474019
Finished solving NPMLE, with in-sample MSE 0.2521846228372415
Finished solving parametric estimator, with SURE 0.23370965291462134
Finished solving parametric estimator, with in-sample MSE 0.22589960185710783
Finished solving EBCF, with in-sample MSE 0.15604460128734257
Finished training EB SURE-LS, with SURE: 0.1520666265354976
Finished training EB SURE-LS, with in-sample MSE: 0.14363586613922977
use_scale: True
use_location: False
Finished training EB misspecified with NPMLE init, with SURE: 0.16901084332535338
Finished training EB misspecified with NPMLE init, with in-sample MSE: 0.16999776656722262
Finished training EB misspecified, with SURE: 0.16902721775943771
Finished training EB misspecified, with in-sample MSE: 0.17000598363868044
Finished training EB wellspecified, with SURE: 0.1478416603931313
Finished training EB wellspecified, with in-sample MSE: 0.14702452245949904
m: 9
Finished solving NPMLE, with SURE 0.370989877508183
Finished solving NPMLE, with in-sample MSE 0.27191059141536167
Finished solving parametric estimator, with SURE 0.23523710297563485
Finished solving parametric estimator, with in-sample MSE 0.23788524036782419
Finished solving EBCF, with in-sample MSE 0.1673228651133704
Finished training EB SURE-LS, with SURE: 0.1528067218766579
Finished training EB SURE-LS, with in-sample MSE: 0.15618536587778453
use_scale: True
use_location: False
Finished training EB misspecified with NPMLE init, with SURE: 0.17148321617627388
Finished training EB misspecified with NPMLE init, with in-sample MSE: 0.1796392973622485
Finished training EB misspecified, with SURE: 0.17145025003756978
Finished training EB misspecified, with in-sample MSE: 0.17932582337266814
Finished training EB wellspecified, with SURE: 0.1506574211649296
Finished training EB wellspecified, with in-sample MSE: 0.15669174518354484
m: 10
Finished solving NPMLE, with SURE 0.36631687743400576
Finished solving NPMLE, with in-sample MSE 0.24978576907351502
Finished solving parametric estimator, with SURE 0.23377108657818546
Finished solving parametric estimator, with in-sample MSE 0.22712878256493252
Finished solving EBCF, with in-sample MSE 0.16081239738854003
Finished training EB SURE-LS, with SURE: 0.14637651138044455
Finished training EB SURE-LS, with in-sample MSE: 0.15036541897443492
use_scale: True
use_location: False
Finished training EB misspecified with NPMLE init, with SURE: 0.16176350662869493
Finished training EB misspecified with NPMLE init, with in-sample MSE: 0.1738355246054212
Finished training EB misspecified, with SURE: 0.16173532548504038
Finished training EB misspecified, with in-sample MSE: 0.17399826746093985
Finished training EB wellspecified, with SURE: 0.14324279463790265
Finished training EB wellspecified, with in-sample MSE: 0.1522211815414443
m: 11
Finished solving NPMLE, with SURE 0.4237441754613651
Finished solving NPMLE, with in-sample MSE 0.2798676822645138
Finished solving parametric estimator, with SURE 0.23420263534185293
Finished solving parametric estimator, with in-sample MSE 0.24184938646735504
Finished solving EBCF, with in-sample MSE 0.1833786547732553
Finished training EB SURE-LS, with SURE: 0.1502588956445491
Finished training EB SURE-LS, with in-sample MSE: 0.154473928969165
use_scale: True
use_location: False
Finished training EB misspecified with NPMLE init, with SURE: 0.16999003612017258
Finished training EB misspecified with NPMLE init, with in-sample MSE: 0.1809882267005216
Finished training EB misspecified, with SURE: 0.16967789244273068
Finished training EB misspecified, with in-sample MSE: 0.18154105496984374
Finished training EB wellspecified, with SURE: 0.14472375695271125
Finished training EB wellspecified, with in-sample MSE: 0.16218619659171002
m: 12
Finished solving NPMLE, with SURE 0.36827047996925416
Finished solving NPMLE, with in-sample MSE 0.2620042027528775
Finished solving parametric estimator, with SURE 0.23337523230223542
Finished solving parametric estimator, with in-sample MSE 0.22634454980043106
Finished solving EBCF, with in-sample MSE 0.16066986574243158
Finished training EB SURE-LS, with SURE: 0.14975710037717732
Finished training EB SURE-LS, with in-sample MSE: 0.14920552212194088
use_scale: True
use_location: False
Finished training EB misspecified with NPMLE init, with SURE: 0.17009646816297921
Finished training EB misspecified with NPMLE init, with in-sample MSE: 0.17338063659042888
Finished training EB misspecified, with SURE: 0.17010122759072308
Finished training EB misspecified, with in-sample MSE: 0.17338052520932698
Finished training EB wellspecified, with SURE: 0.17134620614155593
Finished training EB wellspecified, with in-sample MSE: 0.17543977968603383
m: 13
Finished solving NPMLE, with SURE 0.3684103212668857
Finished solving NPMLE, with in-sample MSE 0.24929943360802453
Finished solving parametric estimator, with SURE 0.2314455986025018
Finished solving parametric estimator, with in-sample MSE 0.21701719635763134
Finished solving EBCF, with in-sample MSE 0.1569335402788487
Finished training EB SURE-LS, with SURE: 0.13782605826450378
Finished training EB SURE-LS, with in-sample MSE: 0.1463324511244763
use_scale: True
use_location: False
Finished training EB misspecified with NPMLE init, with SURE: 0.16577869348296298
Finished training EB misspecified with NPMLE init, with in-sample MSE: 0.1622869939238954
Finished training EB misspecified, with SURE: 0.1657972899976596
Finished training EB misspecified, with in-sample MSE: 0.1622651657831243
Finished training EB wellspecified, with SURE: 0.13335880218632384
Finished training EB wellspecified, with in-sample MSE: 0.1470806763993786
m: 14
Finished solving NPMLE, with SURE 0.37203365533364774
Finished solving NPMLE, with in-sample MSE 0.27627378932837954
Finished solving parametric estimator, with SURE 0.23312758343071863
Finished solving parametric estimator, with in-sample MSE 0.2376508302901975
Finished solving EBCF, with in-sample MSE 0.16560174537243272
Finished training EB SURE-LS, with SURE: 0.146588014785014
Finished training EB SURE-LS, with in-sample MSE: 0.1540639792803283
use_scale: True
use_location: False
Finished training EB misspecified with NPMLE init, with SURE: 0.1663842499037374
Finished training EB misspecified with NPMLE init, with in-sample MSE: 0.17723257920440796
Finished training EB misspecified, with SURE: 0.16631778604946856
Finished training EB misspecified, with in-sample MSE: 0.17716994393195398
Finished training EB wellspecified, with SURE: 0.14567765274691324
Finished training EB wellspecified, with in-sample MSE: 0.1573528653278442
m: 15
Finished solving NPMLE, with SURE 0.38866149429240626
Finished solving NPMLE, with in-sample MSE 0.2690015221317123
Finished solving parametric estimator, with SURE 0.2346226566135245
Finished solving parametric estimator, with in-sample MSE 0.23593878160131587
Finished solving EBCF, with in-sample MSE 0.19479241393963648
Finished training EB SURE-LS, with SURE: 0.1440220142987534
Finished training EB SURE-LS, with in-sample MSE: 0.15687519346172868
use_scale: True
use_location: False
Finished training EB misspecified with NPMLE init, with SURE: 0.16474274806476039
Finished training EB misspecified with NPMLE init, with in-sample MSE: 0.17414196875946306
Finished training EB misspecified, with SURE: 0.16476468192409094
Finished training EB misspecified, with in-sample MSE: 0.17413646295944246
Finished training EB wellspecified, with SURE: 0.14264515998642008
Finished training EB wellspecified, with in-sample MSE: 0.15956107323997923
m: 16
Finished solving NPMLE, with SURE 0.36814841422952826
Finished solving NPMLE, with in-sample MSE 0.2653171225014876
Finished solving parametric estimator, with SURE 0.2303070777591449
Finished solving parametric estimator, with in-sample MSE 0.22832079680533435
Finished solving EBCF, with in-sample MSE 0.1571033661248989
Finished training EB SURE-LS, with SURE: 0.1466376291079143
Finished training EB SURE-LS, with in-sample MSE: 0.14632343433427153
use_scale: True
use_location: False
Finished training EB misspecified with NPMLE init, with SURE: 0.16586195349864358
Finished training EB misspecified with NPMLE init, with in-sample MSE: 0.1687937649308822
Finished training EB misspecified, with SURE: 0.16589679010335784
Finished training EB misspecified, with in-sample MSE: 0.16896918164891692
Finished training EB wellspecified, with SURE: 0.14471972043971218
Finished training EB wellspecified, with in-sample MSE: 0.14895956818461187
m: 17
Finished solving NPMLE, with SURE 0.37442762119209966
Finished solving NPMLE, with in-sample MSE 0.25385591180825545
Finished solving parametric estimator, with SURE 0.23369225886009284
Finished solving parametric estimator, with in-sample MSE 0.22456691164712658
Finished solving EBCF, with in-sample MSE 0.15576116099578244
Finished training EB SURE-LS, with SURE: 0.14711164039142596
Finished training EB SURE-LS, with in-sample MSE: 0.14493456703569074
use_scale: True
use_location: False
Finished training EB misspecified with NPMLE init, with SURE: 0.15970413153060156
Finished training EB misspecified with NPMLE init, with in-sample MSE: 0.1713521345481039
Finished training EB misspecified, with SURE: 0.15971578372489917
Finished training EB misspecified, with in-sample MSE: 0.17131419383622368
Finished training EB wellspecified, with SURE: 0.16655983802620694
Finished training EB wellspecified, with in-sample MSE: 0.16951641757343494
m: 18
Finished solving NPMLE, with SURE 0.40119507980327485
Finished solving NPMLE, with in-sample MSE 0.2738339158527956
Finished solving parametric estimator, with SURE 0.2308336125834244
Finished solving parametric estimator, with in-sample MSE 0.2351978607215884
Finished solving EBCF, with in-sample MSE 0.15442090824648405
Finished training EB SURE-LS, with SURE: 0.1505888290599701
Finished training EB SURE-LS, with in-sample MSE: 0.14461046173958592
use_scale: True
use_location: False
Finished training EB misspecified with NPMLE init, with SURE: 0.16988325774597404
Finished training EB misspecified with NPMLE init, with in-sample MSE: 0.17260185213582105
Finished training EB misspecified, with SURE: 0.16988922778820142
Finished training EB misspecified, with in-sample MSE: 0.17262305949970025
Finished training EB wellspecified, with SURE: 0.1473516845825384
Finished training EB wellspecified, with in-sample MSE: 0.1499730504450593
m: 19
Finished solving NPMLE, with SURE 0.3902573583215274
Finished solving NPMLE, with in-sample MSE 0.26573038522123676
Finished solving parametric estimator, with SURE 0.23542040700647635
Finished solving parametric estimator, with in-sample MSE 0.2314837311613555
Finished solving EBCF, with in-sample MSE 0.157713866714574
Finished training EB SURE-LS, with SURE: 0.15427017607741916
Finished training EB SURE-LS, with in-sample MSE: 0.1488790515092557
use_scale: True
use_location: False
Finished training EB misspecified with NPMLE init, with SURE: 0.17447334845772258
Finished training EB misspecified with NPMLE init, with in-sample MSE: 0.17151188467667355
Finished training EB misspecified, with SURE: 0.17448055226305886
Finished training EB misspecified, with in-sample MSE: 0.17154228367513258
Finished training EB wellspecified, with SURE: 0.15248886827554872
Finished training EB wellspecified, with in-sample MSE: 0.14962506485174396
m: 20
Finished solving NPMLE, with SURE 0.38445408272316983
Finished solving NPMLE, with in-sample MSE 0.3098473420401256
Finished solving parametric estimator, with SURE 0.2322359778345034
Finished solving parametric estimator, with in-sample MSE 0.2608607939309705
Finished solving EBCF, with in-sample MSE 0.17594792014372374
Finished training EB SURE-LS, with SURE: 0.15400178215216018
Finished training EB SURE-LS, with in-sample MSE: 0.16550407693789734
use_scale: True
use_location: False
Finished training EB misspecified with NPMLE init, with SURE: 0.177606058128821
Finished training EB misspecified with NPMLE init, with in-sample MSE: 0.19036871337310277
Finished training EB misspecified, with SURE: 0.17762708681429765
Finished training EB misspecified, with in-sample MSE: 0.19029474205453276
Finished training EB wellspecified, with SURE: 0.15029850174243778
Finished training EB wellspecified, with in-sample MSE: 0.17177207817159626
m: 21
Finished solving NPMLE, with SURE 0.4093041459980124
Finished solving NPMLE, with in-sample MSE 0.25942030217797696
Finished solving parametric estimator, with SURE 0.22652900144674507
Finished solving parametric estimator, with in-sample MSE 0.23368602527569515
Finished solving EBCF, with in-sample MSE 0.1739619983621709
Finished training EB SURE-LS, with SURE: 0.1402121300440978
Finished training EB SURE-LS, with in-sample MSE: 0.14939904901582557
use_scale: True
use_location: False
Finished training EB misspecified with NPMLE init, with SURE: 0.1596111117252612
Finished training EB misspecified with NPMLE init, with in-sample MSE: 0.1705124378255162
Finished training EB misspecified, with SURE: 0.15960807293172874
Finished training EB misspecified, with in-sample MSE: 0.1705098679028327
Finished training EB wellspecified, with SURE: 0.1369098022023346
Finished training EB wellspecified, with in-sample MSE: 0.15002534313077745
m: 22
Finished solving NPMLE, with SURE 0.3399186287455045
Finished solving NPMLE, with in-sample MSE 0.2639088899532273
Finished solving parametric estimator, with SURE 0.23435615222626466
Finished solving parametric estimator, with in-sample MSE 0.2295480517212222
Finished solving EBCF, with in-sample MSE 0.1656456880636819
Finished training EB SURE-LS, with SURE: 0.14746198190888354
Finished training EB SURE-LS, with in-sample MSE: 0.15376560715307486
use_scale: True
use_location: False
Finished training EB misspecified with NPMLE init, with SURE: 0.16607188832388595
Finished training EB misspecified with NPMLE init, with in-sample MSE: 0.17458862330349753
Finished training EB misspecified, with SURE: 0.16609372570899333
Finished training EB misspecified, with in-sample MSE: 0.17460280307262413
Finished training EB wellspecified, with SURE: 0.14295874042437287
Finished training EB wellspecified, with in-sample MSE: 0.15595474290579972
m: 23
Finished solving NPMLE, with SURE 0.36560356296085333
Finished solving NPMLE, with in-sample MSE 0.2566329541608985
Finished solving parametric estimator, with SURE 0.23124085523687116
Finished solving parametric estimator, with in-sample MSE 0.23682639441437292
Finished solving EBCF, with in-sample MSE 0.17470816995905744
Finished training EB SURE-LS, with SURE: 0.14418101722206034
Finished training EB SURE-LS, with in-sample MSE: 0.15089149127515197
use_scale: True
use_location: False
Finished training EB misspecified with NPMLE init, with SURE: 0.15638622732761973
Finished training EB misspecified with NPMLE init, with in-sample MSE: 0.17797314124973476
Finished training EB misspecified, with SURE: 0.15639636548696323
Finished training EB misspecified, with in-sample MSE: 0.1779712500210696
Finished training EB wellspecified, with SURE: 0.14009352728296712
Finished training EB wellspecified, with in-sample MSE: 0.15798752312300401
m: 24
Finished solving NPMLE, with SURE 0.3768198753201482
Finished solving NPMLE, with in-sample MSE 0.2494848159245497
Finished solving parametric estimator, with SURE 0.2332888323179739
Finished solving parametric estimator, with in-sample MSE 0.22913655811467773
Finished solving EBCF, with in-sample MSE 0.16009816184437273
Finished training EB SURE-LS, with SURE: 0.14657058189605376
Finished training EB SURE-LS, with in-sample MSE: 0.14801309784795913
use_scale: True
use_location: False
Finished training EB misspecified with NPMLE init, with SURE: 0.16363144958742923
Finished training EB misspecified with NPMLE init, with in-sample MSE: 0.17311860217413277
Finished training EB misspecified, with SURE: 0.16364458479611999
Finished training EB misspecified, with in-sample MSE: 0.17311956138482876
Finished training EB wellspecified, with SURE: 0.1435399002473606
Finished training EB wellspecified, with in-sample MSE: 0.15018546221158832
m: 25
Finished solving NPMLE, with SURE 0.4214310871893831
Finished solving NPMLE, with in-sample MSE 0.27154380488820296
Finished solving parametric estimator, with SURE 0.232721482915194
Finished solving parametric estimator, with in-sample MSE 0.23320416308212003
Finished solving EBCF, with in-sample MSE 0.15815731542936792
Finished training EB SURE-LS, with SURE: 0.14927712964668297
Finished training EB SURE-LS, with in-sample MSE: 0.1477285573399713
use_scale: True
use_location: False
Finished training EB misspecified with NPMLE init, with SURE: 0.17116260391469604
Finished training EB misspecified with NPMLE init, with in-sample MSE: 0.16950408040967266
Finished training EB misspecified, with SURE: 0.17117688618001048
Finished training EB misspecified, with in-sample MSE: 0.16950914248895085
Finished training EB wellspecified, with SURE: 0.14736311386637818
Finished training EB wellspecified, with in-sample MSE: 0.1488849624222603
m: 26
Finished solving NPMLE, with SURE 0.3739408770098687
Finished solving NPMLE, with in-sample MSE 0.2615044097081307
Finished solving parametric estimator, with SURE 0.23225603332864952
Finished solving parametric estimator, with in-sample MSE 0.23294607129345518
Finished solving EBCF, with in-sample MSE 0.15897943122610245
Finished training EB SURE-LS, with SURE: 0.14355013269025643
Finished training EB SURE-LS, with in-sample MSE: 0.15030393604304496
use_scale: True
use_location: False
Finished training EB misspecified with NPMLE init, with SURE: 0.1656849993555433
Finished training EB misspecified with NPMLE init, with in-sample MSE: 0.1729485175345083
Finished training EB misspecified, with SURE: 0.16570235285768134
Finished training EB misspecified, with in-sample MSE: 0.1729467373756113
Finished training EB wellspecified, with SURE: 0.14207341060013803
Finished training EB wellspecified, with in-sample MSE: 0.15244394121774738
m: 27
Finished solving NPMLE, with SURE 0.35673190736891286
Finished solving NPMLE, with in-sample MSE 0.25986490195068584
Finished solving parametric estimator, with SURE 0.23246665637355113
Finished solving parametric estimator, with in-sample MSE 0.2318501394025084
Finished solving EBCF, with in-sample MSE 0.1561604330321291
Finished training EB SURE-LS, with SURE: 0.19099100571869737
Finished training EB SURE-LS, with in-sample MSE: 0.19190600512064826
use_scale: True
use_location: False
Finished training EB misspecified with NPMLE init, with SURE: 0.16346761235423876
Finished training EB misspecified with NPMLE init, with in-sample MSE: 0.16841120123586306
Finished training EB misspecified, with SURE: 0.16348283480356807
Finished training EB misspecified, with in-sample MSE: 0.16841801104812526
Finished training EB wellspecified, with SURE: 0.14102364593758984
Finished training EB wellspecified, with in-sample MSE: 0.1460778612536914
m: 28
Finished solving NPMLE, with SURE 0.31774365303977115
Finished solving NPMLE, with in-sample MSE 0.25392240821959605
Finished solving parametric estimator, with SURE 0.23461731939590255
Finished solving parametric estimator, with in-sample MSE 0.22369693084767026
Finished solving EBCF, with in-sample MSE 0.18083227351320805
Finished training EB SURE-LS, with SURE: 0.1495212489613228
Finished training EB SURE-LS, with in-sample MSE: 0.1473971690251191
use_scale: True
use_location: False
Finished training EB misspecified with NPMLE init, with SURE: 0.16522642128645573
Finished training EB misspecified with NPMLE init, with in-sample MSE: 0.16973977484498926
Finished training EB misspecified, with SURE: 0.16519173405035745
Finished training EB misspecified, with in-sample MSE: 0.16965171494588271
Finished training EB wellspecified, with SURE: 0.1468234042121889
Finished training EB wellspecified, with in-sample MSE: 0.14930695539605204
m: 29
Finished solving NPMLE, with SURE 0.35681232481401465
Finished solving NPMLE, with in-sample MSE 0.2557595341464563
Finished solving parametric estimator, with SURE 0.23634056036593248
Finished solving parametric estimator, with in-sample MSE 0.2335842532463961
Finished solving EBCF, with in-sample MSE 0.1603539840550027
Finished training EB SURE-LS, with SURE: 0.14485573687215778
Finished training EB SURE-LS, with in-sample MSE: 0.14985162295178495
use_scale: True
use_location: False
Finished training EB misspecified with NPMLE init, with SURE: 0.1590338205969633
Finished training EB misspecified with NPMLE init, with in-sample MSE: 0.17109396789953146
Finished training EB misspecified, with SURE: 0.15903704235762947
Finished training EB misspecified, with in-sample MSE: 0.1710933644251181
Finished training EB wellspecified, with SURE: 0.1421717911473334
Finished training EB wellspecified, with in-sample MSE: 0.15135660951368318
m: 30
Finished solving NPMLE, with SURE 0.36301375150400056
Finished solving NPMLE, with in-sample MSE 0.2938081104904517
Finished solving parametric estimator, with SURE 0.2348954167355421
Finished solving parametric estimator, with in-sample MSE 0.24155030059585822
Finished solving EBCF, with in-sample MSE 0.16736427229178075
Finished training EB SURE-LS, with SURE: 0.1556643394027255
Finished training EB SURE-LS, with in-sample MSE: 0.15684150033951633
use_scale: True
use_location: False
Finished training EB misspecified with NPMLE init, with SURE: 0.17643296508073228
Finished training EB misspecified with NPMLE init, with in-sample MSE: 0.18419750796878503
Finished training EB misspecified, with SURE: 0.17644275700283565
Finished training EB misspecified, with in-sample MSE: 0.18421066291024857
Finished training EB wellspecified, with SURE: 0.1505282621749864
Finished training EB wellspecified, with in-sample MSE: 0.16202568009336857
m: 31
Finished solving NPMLE, with SURE 0.38065849815996494
Finished solving NPMLE, with in-sample MSE 0.2557381384819521
Finished solving parametric estimator, with SURE 0.23108346024197463
Finished solving parametric estimator, with in-sample MSE 0.23049491053108934
Finished solving EBCF, with in-sample MSE 0.15979714416357982
Finished training EB SURE-LS, with SURE: 0.14462296716137432
Finished training EB SURE-LS, with in-sample MSE: 0.15008530813231538
use_scale: True
use_location: False
Finished training EB misspecified with NPMLE init, with SURE: 0.1654503235335601
Finished training EB misspecified with NPMLE init, with in-sample MSE: 0.17332126082157004
Finished training EB misspecified, with SURE: 0.1653981704768261
Finished training EB misspecified, with in-sample MSE: 0.1733511202998481
Finished training EB wellspecified, with SURE: 0.1414337338660255
Finished training EB wellspecified, with in-sample MSE: 0.15275913007938155
m: 32
Finished solving NPMLE, with SURE 0.3653474466417507
Finished solving NPMLE, with in-sample MSE 0.2830697338356588
Finished solving parametric estimator, with SURE 0.23270518830498957
Finished solving parametric estimator, with in-sample MSE 0.23958309932345723
Finished solving EBCF, with in-sample MSE 0.18603345891559614
Finished training EB SURE-LS, with SURE: 0.14934566139111063
Finished training EB SURE-LS, with in-sample MSE: 0.1577400437810852
use_scale: True
use_location: False
Finished training EB misspecified with NPMLE init, with SURE: 0.1657036206118327
Finished training EB misspecified with NPMLE init, with in-sample MSE: 0.1861198760217012
Finished training EB misspecified, with SURE: 0.16571645375160649
Finished training EB misspecified, with in-sample MSE: 0.18618956971792502
Finished training EB wellspecified, with SURE: 0.1445197836991925
Finished training EB wellspecified, with in-sample MSE: 0.16366858271103316
m: 33
Finished solving NPMLE, with SURE 0.37947308843113414
Finished solving NPMLE, with in-sample MSE 0.27446519207022324
Finished solving parametric estimator, with SURE 0.22940754065253674
Finished solving parametric estimator, with in-sample MSE 0.24266732980972403
Finished solving EBCF, with in-sample MSE 0.16484393793393398
Finished training EB SURE-LS, with SURE: 0.14577239696780875
Finished training EB SURE-LS, with in-sample MSE: 0.15455020173789294
use_scale: True
use_location: False
Finished training EB misspecified with NPMLE init, with SURE: 0.16471551990726688
Finished training EB misspecified with NPMLE init, with in-sample MSE: 0.18619871434000132
Finished training EB misspecified, with SURE: 0.16473322390170894
Finished training EB misspecified, with in-sample MSE: 0.18614037902376177
Finished training EB wellspecified, with SURE: 0.13587669371326203
Finished training EB wellspecified, with in-sample MSE: 0.15971363618931964
m: 34
Finished solving NPMLE, with SURE 0.3908591298070751
Finished solving NPMLE, with in-sample MSE 0.2631616023935479
Finished solving parametric estimator, with SURE 0.23256185762716197
Finished solving parametric estimator, with in-sample MSE 0.2355153269974399
Finished solving EBCF, with in-sample MSE 0.16506860087060682
Finished training EB SURE-LS, with SURE: 0.15030791493169027
Finished training EB SURE-LS, with in-sample MSE: 0.15365518583847812
use_scale: True
use_location: False
Finished training EB misspecified with NPMLE init, with SURE: 0.1627233894987483
Finished training EB misspecified with NPMLE init, with in-sample MSE: 0.1758286959689388
Finished training EB misspecified, with SURE: 0.16273204794867063
Finished training EB misspecified, with in-sample MSE: 0.17580246990983345
Finished training EB wellspecified, with SURE: 0.14886329053418554
Finished training EB wellspecified, with in-sample MSE: 0.15811179248723362
m: 35
Finished solving NPMLE, with SURE 0.3554309170881295
Finished solving NPMLE, with in-sample MSE 0.2504680223350627
Finished solving parametric estimator, with SURE 0.23390498412554106
Finished solving parametric estimator, with in-sample MSE 0.23779164511608447
Finished solving EBCF, with in-sample MSE 0.16470572153411314
Finished training EB SURE-LS, with SURE: 0.15049145111170392
Finished training EB SURE-LS, with in-sample MSE: 0.1524782438278865
use_scale: True
use_location: False
Finished training EB misspecified with NPMLE init, with SURE: 0.16671686638758765
Finished training EB misspecified with NPMLE init, with in-sample MSE: 0.17799666979365525
Finished training EB misspecified, with SURE: 0.16681917995314585
Finished training EB misspecified, with in-sample MSE: 0.1780915043292212
Finished training EB wellspecified, with SURE: 0.14683847270413047
Finished training EB wellspecified, with in-sample MSE: 0.15621374007056438
m: 36
Finished solving NPMLE, with SURE 0.3828178202054619
Finished solving NPMLE, with in-sample MSE 0.2547421677268871
Finished solving parametric estimator, with SURE 0.2306737620181629
Finished solving parametric estimator, with in-sample MSE 0.22348615730719054
Finished solving EBCF, with in-sample MSE 0.15441510788367224
Finished training EB SURE-LS, with SURE: 0.14555425367195843
Finished training EB SURE-LS, with in-sample MSE: 0.14229062010028215
use_scale: True
use_location: False
Finished training EB misspecified with NPMLE init, with SURE: 0.16681099940563016
Finished training EB misspecified with NPMLE init, with in-sample MSE: 0.1636895690692546
Finished training EB misspecified, with SURE: 0.16639290100885312
Finished training EB misspecified, with in-sample MSE: 0.1638956579561807
Finished training EB wellspecified, with SURE: 0.1432065967760027
Finished training EB wellspecified, with in-sample MSE: 0.1450697276042888
m: 37
Finished solving NPMLE, with SURE 0.3789743972605234
Finished solving NPMLE, with in-sample MSE 0.2784414975229723
Finished solving parametric estimator, with SURE 0.2360790138966391
Finished solving parametric estimator, with in-sample MSE 0.24424861721647545
Finished solving EBCF, with in-sample MSE 0.16457036049112012
Finished training EB SURE-LS, with SURE: 0.15522090899383492
Finished training EB SURE-LS, with in-sample MSE: 0.15363425858716118
use_scale: True
use_location: False
Finished training EB misspecified with NPMLE init, with SURE: 0.17707571043145343
Finished training EB misspecified with NPMLE init, with in-sample MSE: 0.1764830820982812
Finished training EB misspecified, with SURE: 0.17709031871549613
Finished training EB misspecified, with in-sample MSE: 0.17648703678187005
Finished training EB wellspecified, with SURE: 0.1782268971403836
Finished training EB wellspecified, with in-sample MSE: 0.17596641080907538
m: 38
Finished solving NPMLE, with SURE 0.3351870350754612
Finished solving NPMLE, with in-sample MSE 0.2592579046564237
Finished solving parametric estimator, with SURE 0.23410564739288747
Finished solving parametric estimator, with in-sample MSE 0.22948963365407654
Finished solving EBCF, with in-sample MSE 0.15653132400877462
Finished training EB SURE-LS, with SURE: 0.14772875630111398
Finished training EB SURE-LS, with in-sample MSE: 0.1455807031660615
use_scale: True
use_location: False
Finished training EB misspecified with NPMLE init, with SURE: 0.16919107062440483
Finished training EB misspecified with NPMLE init, with in-sample MSE: 0.1659379064369049
Finished training EB misspecified, with SURE: 0.16920006872432766
Finished training EB misspecified, with in-sample MSE: 0.16590081623069292
Finished training EB wellspecified, with SURE: 0.1456519327442303
Finished training EB wellspecified, with in-sample MSE: 0.14900354313173544
m: 39
Finished solving NPMLE, with SURE 0.3511188582276513
Finished solving NPMLE, with in-sample MSE 0.2751276103950964
Finished solving parametric estimator, with SURE 0.23372342591828893
Finished solving parametric estimator, with in-sample MSE 0.23883827923255033
Finished solving EBCF, with in-sample MSE 0.16397100709963755
Finished training EB SURE-LS, with SURE: 0.15401297280089102
Finished training EB SURE-LS, with in-sample MSE: 0.15180693393084219
use_scale: True
use_location: False
Finished training EB misspecified with NPMLE init, with SURE: 0.17050498931747143
Finished training EB misspecified with NPMLE init, with in-sample MSE: 0.1776876677616653
Finished training EB misspecified, with SURE: 0.17059779637396993
Finished training EB misspecified, with in-sample MSE: 0.1780286961743238
Finished training EB wellspecified, with SURE: 0.1515792494784866
Finished training EB wellspecified, with in-sample MSE: 0.15425615603166323
m: 40
Finished solving NPMLE, with SURE 0.3782339962800708
Finished solving NPMLE, with in-sample MSE 0.25149448736898355
Finished solving parametric estimator, with SURE 0.23047943120035663
Finished solving parametric estimator, with in-sample MSE 0.2321190765926632
Finished solving EBCF, with in-sample MSE 0.16859368383414386
Finished training EB SURE-LS, with SURE: 0.1440988658527752
Finished training EB SURE-LS, with in-sample MSE: 0.15570140035351193
use_scale: True
use_location: False
Finished training EB misspecified with NPMLE init, with SURE: 0.1621032701012163
Finished training EB misspecified with NPMLE init, with in-sample MSE: 0.1823723525877665
Finished training EB misspecified, with SURE: 0.16126723585644606
Finished training EB misspecified, with in-sample MSE: 0.1811541448393747
Finished training EB wellspecified, with SURE: 0.14149519830270024
Finished training EB wellspecified, with in-sample MSE: 0.1590834901583696
m: 41
Finished solving NPMLE, with SURE 0.36315840319665954
Finished solving NPMLE, with in-sample MSE 0.2639297217866979
Finished solving parametric estimator, with SURE 0.2335056707528787
Finished solving parametric estimator, with in-sample MSE 0.2347267429317661
Finished solving EBCF, with in-sample MSE 0.16289103984107436
Finished training EB SURE-LS, with SURE: 0.14683389606437647
Finished training EB SURE-LS, with in-sample MSE: 0.1516760692850332
use_scale: True
use_location: False
Finished training EB misspecified with NPMLE init, with SURE: 0.16331221552054587
Finished training EB misspecified with NPMLE init, with in-sample MSE: 0.17268455847944375
Finished training EB misspecified, with SURE: 0.1633084030674357
Finished training EB misspecified, with in-sample MSE: 0.17268386011497472
Finished training EB wellspecified, with SURE: 0.14160849206183476
Finished training EB wellspecified, with in-sample MSE: 0.15678085143473944
m: 42
Finished solving NPMLE, with SURE 0.363094015929974
Finished solving NPMLE, with in-sample MSE 0.2688051170733543
Finished solving parametric estimator, with SURE 0.23513709103227637
Finished solving parametric estimator, with in-sample MSE 0.23545731148879223
Finished solving EBCF, with in-sample MSE 0.1632066882787368
Finished training EB SURE-LS, with SURE: 0.14779910726330625
Finished training EB SURE-LS, with in-sample MSE: 0.15245636649988797
use_scale: True
use_location: False
Finished training EB misspecified with NPMLE init, with SURE: 0.16834077174030582
Finished training EB misspecified with NPMLE init, with in-sample MSE: 0.17163502782811513
Finished training EB misspecified, with SURE: 0.16835397009143818
Finished training EB misspecified, with in-sample MSE: 0.1716844824750044
Finished training EB wellspecified, with SURE: 0.14674977426298566
Finished training EB wellspecified, with in-sample MSE: 0.15388552750715026
m: 43
Finished solving NPMLE, with SURE 0.32867832761019444
Finished solving NPMLE, with in-sample MSE 0.26864781654182407
Finished solving parametric estimator, with SURE 0.2330052364137694
Finished solving parametric estimator, with in-sample MSE 0.2406551476939413
Finished solving EBCF, with in-sample MSE 0.17165908375145866
Finished training EB SURE-LS, with SURE: 0.15161128265726087
Finished training EB SURE-LS, with in-sample MSE: 0.1596158261404944
use_scale: True
use_location: False
Finished training EB misspecified with NPMLE init, with SURE: 0.17214099227199028
Finished training EB misspecified with NPMLE init, with in-sample MSE: 0.18429519528229732
Finished training EB misspecified, with SURE: 0.17106346603741465
Finished training EB misspecified, with in-sample MSE: 0.18261697017888984
Finished training EB wellspecified, with SURE: 0.15003621701273553
Finished training EB wellspecified, with in-sample MSE: 0.16059314508933153
m: 44
Finished solving NPMLE, with SURE 0.37678350918069187
Finished solving NPMLE, with in-sample MSE 0.2411454018342214
Finished solving parametric estimator, with SURE 0.23351790092264646
Finished solving parametric estimator, with in-sample MSE 0.23045837780842857
Finished solving EBCF, with in-sample MSE 0.16561701715616914
Finished training EB SURE-LS, with SURE: 0.1468212300591868
Finished training EB SURE-LS, with in-sample MSE: 0.1527270700953686
use_scale: True
use_location: False
Finished training EB misspecified with NPMLE init, with SURE: 0.1565892815668748
Finished training EB misspecified with NPMLE init, with in-sample MSE: 0.17868054850806953
Finished training EB misspecified, with SURE: 0.15660072402170322
Finished training EB misspecified, with in-sample MSE: 0.17871364247825194
Finished training EB wellspecified, with SURE: 0.14036681634181528
Finished training EB wellspecified, with in-sample MSE: 0.1573128864261915
m: 45
Finished solving NPMLE, with SURE 0.37140688824406054
Finished solving NPMLE, with in-sample MSE 0.2681979704791787
Finished solving parametric estimator, with SURE 0.23488231228163686
Finished solving parametric estimator, with in-sample MSE 0.23149746593262066
Finished solving EBCF, with in-sample MSE 0.16076641334419056
Finished training EB SURE-LS, with SURE: 0.15292927851217689
Finished training EB SURE-LS, with in-sample MSE: 0.14909123565895643
use_scale: True
use_location: False
Finished training EB misspecified with NPMLE init, with SURE: 0.17546930176064987
Finished training EB misspecified with NPMLE init, with in-sample MSE: 0.16623376422792588
Finished training EB misspecified, with SURE: 0.17565226811531598
Finished training EB misspecified, with in-sample MSE: 0.16631860154172592
Finished training EB wellspecified, with SURE: 0.14979456487967024
Finished training EB wellspecified, with in-sample MSE: 0.15059298360168646
m: 46
Finished solving NPMLE, with SURE 0.3832906874869657
Finished solving NPMLE, with in-sample MSE 0.2666710664368904
Finished solving parametric estimator, with SURE 0.2297169141545508
Finished solving parametric estimator, with in-sample MSE 0.24060191274085896
Finished solving EBCF, with in-sample MSE 0.16098466515172302
Finished training EB SURE-LS, with SURE: 0.14378232443399408
Finished training EB SURE-LS, with in-sample MSE: 0.15049556209051537
use_scale: True
use_location: False
Finished training EB misspecified with NPMLE init, with SURE: 0.1599292278945779
Finished training EB misspecified with NPMLE init, with in-sample MSE: 0.1741885023713754
Finished training EB misspecified, with SURE: 0.15994917015597804
Finished training EB misspecified, with in-sample MSE: 0.17419153602007192
Finished training EB wellspecified, with SURE: 0.1396976050582516
Finished training EB wellspecified, with in-sample MSE: 0.1540256447977128
m: 47
Finished solving NPMLE, with SURE 0.39467740650737926
Finished solving NPMLE, with in-sample MSE 0.2862122100239587
Finished solving parametric estimator, with SURE 0.23440159418171913
Finished solving parametric estimator, with in-sample MSE 0.2403442595837961
Finished solving EBCF, with in-sample MSE 0.16865227225360296
Finished training EB SURE-LS, with SURE: 0.15456085816831738
Finished training EB SURE-LS, with in-sample MSE: 0.15852017242238622
use_scale: True
use_location: False
Finished training EB misspecified with NPMLE init, with SURE: 0.17628167587907456
Finished training EB misspecified with NPMLE init, with in-sample MSE: 0.18198817548224802
Finished training EB misspecified, with SURE: 0.17628817563922908
Finished training EB misspecified, with in-sample MSE: 0.1819991490852565
Finished training EB wellspecified, with SURE: 0.14941532055960705
Finished training EB wellspecified, with in-sample MSE: 0.16311987139137465
m: 48
Finished solving NPMLE, with SURE 0.36142335462481356
Finished solving NPMLE, with in-sample MSE 0.25567207458150276
Finished solving parametric estimator, with SURE 0.237291432343344
Finished solving parametric estimator, with in-sample MSE 0.22951708824625267
Finished solving EBCF, with in-sample MSE 0.16227449250869938
Finished training EB SURE-LS, with SURE: 0.1544728626484142
Finished training EB SURE-LS, with in-sample MSE: 0.14930567542546105
use_scale: True
use_location: False
Finished training EB misspecified with NPMLE init, with SURE: 0.17122694372329503
Finished training EB misspecified with NPMLE init, with in-sample MSE: 0.1704856047278316
Finished training EB misspecified, with SURE: 0.17122617566310813
Finished training EB misspecified, with in-sample MSE: 0.1702215044628666
Finished training EB wellspecified, with SURE: 0.1515273566861629
Finished training EB wellspecified, with in-sample MSE: 0.15164889662413986
m: 49
Finished solving NPMLE, with SURE 0.3524602450092823
Finished solving NPMLE, with in-sample MSE 0.26118227080761874
Finished solving parametric estimator, with SURE 0.23412525008278057
Finished solving parametric estimator, with in-sample MSE 0.23569999766881822
Finished solving EBCF, with in-sample MSE 0.1595381613171872
Finished training EB SURE-LS, with SURE: 0.1513705069056561
Finished training EB SURE-LS, with in-sample MSE: 0.14991085110629188
use_scale: True
use_location: False
Finished training EB misspecified with NPMLE init, with SURE: 0.1690181365090359
Finished training EB misspecified with NPMLE init, with in-sample MSE: 0.1742430998942419
Finished training EB misspecified, with SURE: 0.16902480557404245
Finished training EB misspecified, with in-sample MSE: 0.17424546850505784
Finished training EB wellspecified, with SURE: 0.14810311030395432
Finished training EB wellspecified, with in-sample MSE: 0.15812245426883087

n: 6400
m: 0
Finished solving NPMLE, with SURE 0.4225738874444155
Finished solving NPMLE, with in-sample MSE 0.2646771731060656
Finished solving parametric estimator, with SURE 0.23458061808848293
Finished solving parametric estimator, with in-sample MSE 0.23293105967045002
Finished solving EBCF, with in-sample MSE 0.1608921904806731
Finished training EB SURE-LS, with SURE: 0.15391842808165326
Finished training EB SURE-LS, with in-sample MSE: 0.14984194477601429
use_scale: True
use_location: False
Finished training EB misspecified with NPMLE init, with SURE: 0.1746308162745946
Finished training EB misspecified with NPMLE init, with in-sample MSE: 0.17137262124602715
Finished training EB misspecified, with SURE: 0.17465212858986212
Finished training EB misspecified, with in-sample MSE: 0.17139155334823655
Finished training EB wellspecified, with SURE: 0.15312414640809327
Finished training EB wellspecified, with in-sample MSE: 0.1507607147123747
m: 1
Finished solving NPMLE, with SURE 0.3857393019992955
Finished solving NPMLE, with in-sample MSE 0.25623219303932443
Finished solving parametric estimator, with SURE 0.23337978476575977
Finished solving parametric estimator, with in-sample MSE 0.22720376352957192
Finished solving EBCF, with in-sample MSE 0.16170184503619967
Finished training EB SURE-LS, with SURE: 0.14704205255730293
Finished training EB SURE-LS, with in-sample MSE: 0.15099527446259128
use_scale: True
use_location: False
Finished training EB misspecified with NPMLE init, with SURE: 0.16859100167661617
Finished training EB misspecified with NPMLE init, with in-sample MSE: 0.1680270856928347
Finished training EB misspecified, with SURE: 0.16865544380837733
Finished training EB misspecified, with in-sample MSE: 0.16808130242541824
Finished training EB wellspecified, with SURE: 0.14642798011991368
Finished training EB wellspecified, with in-sample MSE: 0.15154930626302424
m: 2
Finished solving NPMLE, with SURE 0.3943420942992124
Finished solving NPMLE, with in-sample MSE 0.26798820787511846
Finished solving parametric estimator, with SURE 0.23158822810821425
Finished solving parametric estimator, with in-sample MSE 0.23735912714364601
Finished solving EBCF, with in-sample MSE 0.17552121805782245
Finished training EB SURE-LS, with SURE: 0.15212657315320108
Finished training EB SURE-LS, with in-sample MSE: 0.14788458658551432
use_scale: True
use_location: False
Finished training EB misspecified with NPMLE init, with SURE: 0.1706266985224245
Finished training EB misspecified with NPMLE init, with in-sample MSE: 0.1707885864484763
Finished training EB misspecified, with SURE: 0.17064111672018725
Finished training EB misspecified, with in-sample MSE: 0.17079042130826086
Finished training EB wellspecified, with SURE: 0.15079630396930876
Finished training EB wellspecified, with in-sample MSE: 0.15025692260344287
m: 3
Finished solving NPMLE, with SURE 0.3755284944403354
Finished solving NPMLE, with in-sample MSE 0.24848897443709356
Finished solving parametric estimator, with SURE 0.232166069658764
Finished solving parametric estimator, with in-sample MSE 0.2243964390824442
Finished solving EBCF, with in-sample MSE 0.1591610387356775
Finished training EB SURE-LS, with SURE: 0.14814340625033978
Finished training EB SURE-LS, with in-sample MSE: 0.14682505870347354
use_scale: True
use_location: False
Finished training EB misspecified with NPMLE init, with SURE: 0.16717984978812253
Finished training EB misspecified with NPMLE init, with in-sample MSE: 0.16757595406636316
Finished training EB misspecified, with SURE: 0.16687281121522296
Finished training EB misspecified, with in-sample MSE: 0.16713440229621007
Finished training EB wellspecified, with SURE: 0.1473208933208544
Finished training EB wellspecified, with in-sample MSE: 0.14743953297658824
m: 4
Finished solving NPMLE, with SURE 0.40804119757783225
Finished solving NPMLE, with in-sample MSE 0.2619013494026447
Finished solving parametric estimator, with SURE 0.2309669779920342
Finished solving parametric estimator, with in-sample MSE 0.22489832508454327
Finished solving EBCF, with in-sample MSE 0.15750395502441408
Finished training EB SURE-LS, with SURE: 0.14471137411713617
Finished training EB SURE-LS, with in-sample MSE: 0.14663660418070157
use_scale: True
use_location: False
Finished training EB misspecified with NPMLE init, with SURE: 0.1621969513355497
Finished training EB misspecified with NPMLE init, with in-sample MSE: 0.1696531265844971
Finished training EB misspecified, with SURE: 0.16219903963929405
Finished training EB misspecified, with in-sample MSE: 0.1696447854854424
Finished training EB wellspecified, with SURE: 0.14262801712200066
Finished training EB wellspecified, with in-sample MSE: 0.14897150407986431
m: 5
Finished solving NPMLE, with SURE 0.38003886861381403
Finished solving NPMLE, with in-sample MSE 0.26909155150677894
Finished solving parametric estimator, with SURE 0.2344047959861124
Finished solving parametric estimator, with in-sample MSE 0.2327931671137965
Finished solving EBCF, with in-sample MSE 0.15884880372764093
Finished training EB SURE-LS, with SURE: 0.152191231537935
Finished training EB SURE-LS, with in-sample MSE: 0.14749844546357754
use_scale: True
use_location: False
Finished training EB misspecified with NPMLE init, with SURE: 0.17458718858605127
Finished training EB misspecified with NPMLE init, with in-sample MSE: 0.1689683070441356
Finished training EB misspecified, with SURE: 0.17463870047495872
Finished training EB misspecified, with in-sample MSE: 0.16897959573176696
Finished training EB wellspecified, with SURE: 0.15098911358290582
Finished training EB wellspecified, with in-sample MSE: 0.1479536563669577
m: 6
Finished solving NPMLE, with SURE 0.381125036047092
Finished solving NPMLE, with in-sample MSE 0.2718925460792237
Finished solving parametric estimator, with SURE 0.23596535755896958
Finished solving parametric estimator, with in-sample MSE 0.23455634674458653
Finished solving EBCF, with in-sample MSE 0.17789475400008994
Finished training EB SURE-LS, with SURE: 0.15632848447070824
Finished training EB SURE-LS, with in-sample MSE: 0.15111752944512666
use_scale: True
use_location: False
Finished training EB misspecified with NPMLE init, with SURE: 0.17636644511515207
Finished training EB misspecified with NPMLE init, with in-sample MSE: 0.1746885861686402
Finished training EB misspecified, with SURE: 0.17621938715598462
Finished training EB misspecified, with in-sample MSE: 0.17489464102676705
Finished training EB wellspecified, with SURE: 0.17720024191929284
Finished training EB wellspecified, with in-sample MSE: 0.17577373000471422
m: 7
Finished solving NPMLE, with SURE 0.3934879417212659
Finished solving NPMLE, with in-sample MSE 0.26188842862194145
Finished solving parametric estimator, with SURE 0.2335412946080309
Finished solving parametric estimator, with in-sample MSE 0.23574581669234615
Finished solving EBCF, with in-sample MSE 0.17295410726657773
Finished training EB SURE-LS, with SURE: 0.14649499081111075
Finished training EB SURE-LS, with in-sample MSE: 0.15008130597363448
use_scale: True
use_location: False
Finished training EB misspecified with NPMLE init, with SURE: 0.16587293852752427
Finished training EB misspecified with NPMLE init, with in-sample MSE: 0.16961999665095034
Finished training EB misspecified, with SURE: 0.16589613482168272
Finished training EB misspecified, with in-sample MSE: 0.1696489155650802
Finished training EB wellspecified, with SURE: 0.14501374112571438
Finished training EB wellspecified, with in-sample MSE: 0.15168264159315917
m: 8
Finished solving NPMLE, with SURE 0.385888235078952
Finished solving NPMLE, with in-sample MSE 0.2596482230535908
Finished solving parametric estimator, with SURE 0.2327667903407075
Finished solving parametric estimator, with in-sample MSE 0.23236540351878487
Finished solving EBCF, with in-sample MSE 0.17437586644975442
Finished training EB SURE-LS, with SURE: 0.14774725579866968
Finished training EB SURE-LS, with in-sample MSE: 0.14689941620427635
use_scale: True
use_location: False
Finished training EB misspecified with NPMLE init, with SURE: 0.1658378199255662
Finished training EB misspecified with NPMLE init, with in-sample MSE: 0.16758679357789028
Finished training EB misspecified, with SURE: 0.16583541809416016
Finished training EB misspecified, with in-sample MSE: 0.1676547575112787
Finished training EB wellspecified, with SURE: 0.14686272182284807
Finished training EB wellspecified, with in-sample MSE: 0.14778195864816873
m: 9
Finished solving NPMLE, with SURE 0.39381637294037314
Finished solving NPMLE, with in-sample MSE 0.25709413430665584
Finished solving parametric estimator, with SURE 0.23496843810296947
Finished solving parametric estimator, with in-sample MSE 0.228565536365458
Finished solving EBCF, with in-sample MSE 0.15436049091664655
Finished training EB SURE-LS, with SURE: 0.15576688637313965
Finished training EB SURE-LS, with in-sample MSE: 0.1431602044769293
use_scale: True
use_location: False
Finished training EB misspecified with NPMLE init, with SURE: 0.17352119733668972
Finished training EB misspecified with NPMLE init, with in-sample MSE: 0.16703371031271133
Finished training EB misspecified, with SURE: 0.17287642790231858
Finished training EB misspecified, with in-sample MSE: 0.1662228321619081
Finished training EB wellspecified, with SURE: 0.15425877475226987
Finished training EB wellspecified, with in-sample MSE: 0.14528160256503855
m: 10
Finished solving NPMLE, with SURE 0.4464293933709933
Finished solving NPMLE, with in-sample MSE 0.27065366470653696
Finished solving parametric estimator, with SURE 0.23530831396209678
Finished solving parametric estimator, with in-sample MSE 0.23540935646697228
Finished solving EBCF, with in-sample MSE 0.17502551777223138
Finished training EB SURE-LS, with SURE: 0.1551812480860093
Finished training EB SURE-LS, with in-sample MSE: 0.14897627338517766
use_scale: True
use_location: False
Finished training EB misspecified with NPMLE init, with SURE: 0.1785997085464112
Finished training EB misspecified with NPMLE init, with in-sample MSE: 0.17173500189301782
Finished training EB misspecified, with SURE: 0.178613181266876
Finished training EB misspecified, with in-sample MSE: 0.17177921015123057
Finished training EB wellspecified, with SURE: 0.15329779508607513
Finished training EB wellspecified, with in-sample MSE: 0.15140862425611434
m: 11
Mosek failed on this run
Finished solving parametric estimator, with SURE 0.23226867784476407
Finished solving parametric estimator, with in-sample MSE 0.23594870957009165
Finished solving EBCF, with in-sample MSE 0.16420830414714374
Finished training EB SURE-LS, with SURE: 0.14105362913587657
Finished training EB SURE-LS, with in-sample MSE: 0.15440306132863021
use_scale: True
use_location: False
Finished training EB misspecified, with SURE: 0.15966514137206816
Finished training EB misspecified, with in-sample MSE: 0.17396612172594478
Finished training EB wellspecified, with SURE: 0.1384005818006535
Finished training EB wellspecified, with in-sample MSE: 0.15682515813337278
m: 12
Finished solving NPMLE, with SURE 0.39238576987742635
Finished solving NPMLE, with in-sample MSE 0.26468119561758885
Finished solving parametric estimator, with SURE 0.23042925865000524
Finished solving parametric estimator, with in-sample MSE 0.2377568274586273
Finished solving EBCF, with in-sample MSE 0.16355078712525897
Finished training EB SURE-LS, with SURE: 0.14364350501705112
Finished training EB SURE-LS, with in-sample MSE: 0.1517105597459297
use_scale: True
use_location: False
Finished training EB misspecified with NPMLE init, with SURE: 0.16626483208659068
Finished training EB misspecified with NPMLE init, with in-sample MSE: 0.17679330509303853
Finished training EB misspecified, with SURE: 0.16627539495909
Finished training EB misspecified, with in-sample MSE: 0.17680864744303104
Finished training EB wellspecified, with SURE: 0.1429925689659502
Finished training EB wellspecified, with in-sample MSE: 0.15249287878559664
m: 13
Finished solving NPMLE, with SURE 0.39969621214772616
Finished solving NPMLE, with in-sample MSE 0.27233890794234833
Finished solving parametric estimator, with SURE 0.23257026451927226
Finished solving parametric estimator, with in-sample MSE 0.23800823269920127
Finished solving EBCF, with in-sample MSE 0.16435278417180457
Finished training EB SURE-LS, with SURE: 0.14690481324832852
Finished training EB SURE-LS, with in-sample MSE: 0.15418235595526686
use_scale: True
use_location: False
Finished training EB misspecified with NPMLE init, with SURE: 0.1701341628365982
Finished training EB misspecified with NPMLE init, with in-sample MSE: 0.17603216366723284
Finished training EB misspecified, with SURE: 0.16931482720130375
Finished training EB misspecified, with in-sample MSE: 0.1755405270898405
Finished training EB wellspecified, with SURE: 0.14601055646263617
Finished training EB wellspecified, with in-sample MSE: 0.15585580169811813
m: 14
Finished solving NPMLE, with SURE 0.606258409945422
Finished solving NPMLE, with in-sample MSE 0.25933447959096756
Finished solving parametric estimator, with SURE 0.23233909277774634
Finished solving parametric estimator, with in-sample MSE 0.22569365963567772
Finished solving EBCF, with in-sample MSE 0.1568430962937914
Finished training EB SURE-LS, with SURE: 0.14704620840320146
Finished training EB SURE-LS, with in-sample MSE: 0.1466756680155185
use_scale: True
use_location: False
Finished training EB misspecified with NPMLE init, with SURE: 0.16958626634756713
Finished training EB misspecified with NPMLE init, with in-sample MSE: 0.1677597871599897
Finished training EB misspecified, with SURE: 0.1696009944906829
Finished training EB misspecified, with in-sample MSE: 0.1677519722502719
Finished training EB wellspecified, with SURE: 0.1437380260572448
Finished training EB wellspecified, with in-sample MSE: 0.14871634633911374
m: 15
Finished solving NPMLE, with SURE 0.3874566588360715
Finished solving NPMLE, with in-sample MSE 0.25901302337862925
Finished solving parametric estimator, with SURE 0.23159151292025665
Finished solving parametric estimator, with in-sample MSE 0.22916203831258053
Finished solving EBCF, with in-sample MSE 0.15753997086947646
Finished training EB SURE-LS, with SURE: 0.14585921992446604
Finished training EB SURE-LS, with in-sample MSE: 0.14682702330381134
use_scale: True
use_location: False
Finished training EB misspecified with NPMLE init, with SURE: 0.16116016035490582
Finished training EB misspecified with NPMLE init, with in-sample MSE: 0.16991672751544218
Finished training EB misspecified, with SURE: 0.16115350875184625
Finished training EB misspecified, with in-sample MSE: 0.16988987725298973
Finished training EB wellspecified, with SURE: 0.14172256751969564
Finished training EB wellspecified, with in-sample MSE: 0.1499812104725604
m: 16
Finished solving NPMLE, with SURE 0.39864630356952335
Finished solving NPMLE, with in-sample MSE 0.2694319643149311
Finished solving parametric estimator, with SURE 0.2311924894097092
Finished solving parametric estimator, with in-sample MSE 0.23956033043832295
Finished solving EBCF, with in-sample MSE 0.1668145318376252
Finished training EB SURE-LS, with SURE: 0.14614844744423236
Finished training EB SURE-LS, with in-sample MSE: 0.15510908344287602
use_scale: True
use_location: False
Finished training EB misspecified with NPMLE init, with SURE: 0.16835427158477814
Finished training EB misspecified with NPMLE init, with in-sample MSE: 0.18104190253695907
Finished training EB misspecified, with SURE: 0.1683610112465108
Finished training EB misspecified, with in-sample MSE: 0.18091547936312227
Finished training EB wellspecified, with SURE: 0.14472020452668002
Finished training EB wellspecified, with in-sample MSE: 0.15603143867234864
m: 17
Finished solving NPMLE, with SURE 0.48947760356651204
Finished solving NPMLE, with in-sample MSE 0.25811559121106326
Finished solving parametric estimator, with SURE 0.23339721864606414
Finished solving parametric estimator, with in-sample MSE 0.23437104518389032
Finished solving EBCF, with in-sample MSE 0.16532354903756036
Finished training EB SURE-LS, with SURE: 0.1527207796784291
Finished training EB SURE-LS, with in-sample MSE: 0.1532998605360663
use_scale: True
use_location: False
Finished training EB misspecified with NPMLE init, with SURE: 0.16693871876680672
Finished training EB misspecified with NPMLE init, with in-sample MSE: 0.17416621612602814
Finished training EB misspecified, with SURE: 0.16695123472079085
Finished training EB misspecified, with in-sample MSE: 0.1742883710383677
Finished training EB wellspecified, with SURE: 0.14980105278245578
Finished training EB wellspecified, with in-sample MSE: 0.15720600702754725
m: 18
Mosek failed on this run
Finished solving parametric estimator, with SURE 0.2334918953883534
Finished solving parametric estimator, with in-sample MSE 0.23549536234208684
Finished solving EBCF, with in-sample MSE 0.17305382752736967
Finished training EB SURE-LS, with SURE: 0.1521230888462724
Finished training EB SURE-LS, with in-sample MSE: 0.14695423602343854
use_scale: True
use_location: False
Finished training EB misspecified, with SURE: 0.1746230091411038
Finished training EB misspecified, with in-sample MSE: 0.17100289911443867
Finished training EB wellspecified, with SURE: 0.15061245952691293
Finished training EB wellspecified, with in-sample MSE: 0.14902663734955032
m: 19
Finished solving NPMLE, with SURE 0.3920151469725475
Finished solving NPMLE, with in-sample MSE 0.2509551040742076
Finished solving parametric estimator, with SURE 0.23383808143371998
Finished solving parametric estimator, with in-sample MSE 0.22513567129832165
Finished solving EBCF, with in-sample MSE 0.16511538583628532
Finished training EB SURE-LS, with SURE: 0.14512184298114236
Finished training EB SURE-LS, with in-sample MSE: 0.15355395487451043
use_scale: True
use_location: False
Finished training EB misspecified with NPMLE init, with SURE: 0.1604420981973419
Finished training EB misspecified with NPMLE init, with in-sample MSE: 0.17561750208712062
Finished training EB misspecified, with SURE: 0.16045802029847298
Finished training EB misspecified, with in-sample MSE: 0.17561345630167757
Finished training EB wellspecified, with SURE: 0.14273033643734973
Finished training EB wellspecified, with in-sample MSE: 0.15616209843707554
m: 20
Finished solving NPMLE, with SURE 0.412742563657264
Finished solving NPMLE, with in-sample MSE 0.2539606378314494
Finished solving parametric estimator, with SURE 0.23352060729861224
Finished solving parametric estimator, with in-sample MSE 0.22554153767911003
Finished solving EBCF, with in-sample MSE 0.16184972583480295
Finished training EB SURE-LS, with SURE: 0.15027978072475637
Finished training EB SURE-LS, with in-sample MSE: 0.15107677706527978
use_scale: True
use_location: False
Finished training EB misspecified with NPMLE init, with SURE: 0.1665522253301507
Finished training EB misspecified with NPMLE init, with in-sample MSE: 0.17213473525243025
Finished training EB misspecified, with SURE: 0.16656882314248542
Finished training EB misspecified, with in-sample MSE: 0.17214111615652647
Finished training EB wellspecified, with SURE: 0.1488036759360072
Finished training EB wellspecified, with in-sample MSE: 0.15367947194058065
m: 21
Mosek failed on this run
Finished solving parametric estimator, with SURE 0.2329031145342208
Finished solving parametric estimator, with in-sample MSE 0.2470316971896951
Finished solving EBCF, with in-sample MSE 0.16473876012255775
Finished training EB SURE-LS, with SURE: 0.15145127992781382
Finished training EB SURE-LS, with in-sample MSE: 0.15431655818410664
use_scale: True
use_location: False
Finished training EB misspecified, with SURE: 0.16889226837999968
Finished training EB misspecified, with in-sample MSE: 0.1773928742713872
Finished training EB wellspecified, with SURE: 0.15049894729534655
Finished training EB wellspecified, with in-sample MSE: 0.154528458712603
m: 22
Finished solving NPMLE, with SURE 0.33904781026601605
Finished solving NPMLE, with in-sample MSE 0.26861546207585574
Finished solving parametric estimator, with SURE 0.23346700586233088
Finished solving parametric estimator, with in-sample MSE 0.23513003746461666
Finished solving EBCF, with in-sample MSE 0.16449453518427434
Finished training EB SURE-LS, with SURE: 0.15081606170377654
Finished training EB SURE-LS, with in-sample MSE: 0.1533585277004386
use_scale: True
use_location: False
Finished training EB misspecified with NPMLE init, with SURE: 0.17317494581731865
Finished training EB misspecified with NPMLE init, with in-sample MSE: 0.17447446206373812
Finished training EB misspecified, with SURE: 0.17318481117938866
Finished training EB misspecified, with in-sample MSE: 0.17447476091155628
Finished training EB wellspecified, with SURE: 0.14771648419713482
Finished training EB wellspecified, with in-sample MSE: 0.15558379149766538
m: 23
Finished solving NPMLE, with SURE 0.36952218735481934
Finished solving NPMLE, with in-sample MSE 0.2685704449742712
Finished solving parametric estimator, with SURE 0.2333026063772079
Finished solving parametric estimator, with in-sample MSE 0.23262169434719912
Finished solving EBCF, with in-sample MSE 0.1601141069263164
Finished training EB SURE-LS, with SURE: 0.1445720802683938
Finished training EB SURE-LS, with in-sample MSE: 0.14996082156266666
use_scale: True
use_location: False
Finished training EB misspecified with NPMLE init, with SURE: 0.16338299716543261
Finished training EB misspecified with NPMLE init, with in-sample MSE: 0.1740847332488874
Finished training EB misspecified, with SURE: 0.1634250559716483
Finished training EB misspecified, with in-sample MSE: 0.17408603129965566
Finished training EB wellspecified, with SURE: 0.14174954579824034
Finished training EB wellspecified, with in-sample MSE: 0.1528739801923539
m: 24
Finished solving NPMLE, with SURE 0.4446102943779501
Finished solving NPMLE, with in-sample MSE 0.25832916343625817
Finished solving parametric estimator, with SURE 0.23450403404053932
Finished solving parametric estimator, with in-sample MSE 0.23197654544597954
Finished solving EBCF, with in-sample MSE 0.17186489296703045
Finished training EB SURE-LS, with SURE: 0.15100287867261178
Finished training EB SURE-LS, with in-sample MSE: 0.1495290612290695
use_scale: True
use_location: False
Finished training EB misspecified with NPMLE init, with SURE: 0.17116556240849462
Finished training EB misspecified with NPMLE init, with in-sample MSE: 0.17095684125106206
Finished training EB misspecified, with SURE: 0.17117394615942466
Finished training EB misspecified, with in-sample MSE: 0.17096009599041684
Finished training EB wellspecified, with SURE: 0.14882701268736218
Finished training EB wellspecified, with in-sample MSE: 0.15190189405054969
m: 25
Finished solving NPMLE, with SURE 0.4005994323963287
Finished solving NPMLE, with in-sample MSE 0.2515803236783292
Finished solving parametric estimator, with SURE 0.23116093240828342
Finished solving parametric estimator, with in-sample MSE 0.22575305956690575
Finished solving EBCF, with in-sample MSE 0.16227004825088617
Finished training EB SURE-LS, with SURE: 0.1432105319764983
Finished training EB SURE-LS, with in-sample MSE: 0.15057925104843908
use_scale: True
use_location: False
Finished training EB misspecified with NPMLE init, with SURE: 0.16474955185107398
Finished training EB misspecified with NPMLE init, with in-sample MSE: 0.17134231432112274
Finished training EB misspecified, with SURE: 0.16300696183885371
Finished training EB misspecified, with in-sample MSE: 0.1705914329275876
Finished training EB wellspecified, with SURE: 0.14152336056775092
Finished training EB wellspecified, with in-sample MSE: 0.15306950206772074
m: 26
Finished solving NPMLE, with SURE 0.4031000451405632
Finished solving NPMLE, with in-sample MSE 0.27489050007665206
Finished solving parametric estimator, with SURE 0.23268008619769492
Finished solving parametric estimator, with in-sample MSE 0.23333887684892773
Finished solving EBCF, with in-sample MSE 0.15801874971441374
Finished training EB SURE-LS, with SURE: 0.1481960620967147
Finished training EB SURE-LS, with in-sample MSE: 0.1485659645968984
use_scale: True
use_location: False
Finished training EB misspecified with NPMLE init, with SURE: 0.17355759975270454
Finished training EB misspecified with NPMLE init, with in-sample MSE: 0.16976274030141542
Finished training EB misspecified, with SURE: 0.1735939877484331
Finished training EB misspecified, with in-sample MSE: 0.16984054881253638
Finished training EB wellspecified, with SURE: 0.1457536859841426
Finished training EB wellspecified, with in-sample MSE: 0.15020528255828805
m: 27
Finished solving NPMLE, with SURE 0.40528799885310673
Finished solving NPMLE, with in-sample MSE 0.2636824603825146
Finished solving parametric estimator, with SURE 0.23353700307371866
Finished solving parametric estimator, with in-sample MSE 0.2323043620870913
Finished solving EBCF, with in-sample MSE 0.16516507533550606
Finished training EB SURE-LS, with SURE: 0.15205103486375973
Finished training EB SURE-LS, with in-sample MSE: 0.15356447251955027
use_scale: True
use_location: False
Finished training EB misspecified with NPMLE init, with SURE: 0.16897439012097004
Finished training EB misspecified with NPMLE init, with in-sample MSE: 0.17633807251839986
Finished training EB misspecified, with SURE: 0.16898637909529568
Finished training EB misspecified, with in-sample MSE: 0.1763527282240469
Finished training EB wellspecified, with SURE: 0.14936811787333037
Finished training EB wellspecified, with in-sample MSE: 0.15416196356323703
m: 28
Finished solving NPMLE, with SURE 0.38183793287808315
Finished solving NPMLE, with in-sample MSE 0.27086380196709414
Finished solving parametric estimator, with SURE 0.23288699884050207
Finished solving parametric estimator, with in-sample MSE 0.2400744950682498
Finished solving EBCF, with in-sample MSE 0.16673313366248857
Finished training EB SURE-LS, with SURE: 0.14925536470686407
Finished training EB SURE-LS, with in-sample MSE: 0.156069016760255
use_scale: True
use_location: False
Finished training EB misspecified with NPMLE init, with SURE: 0.1750238139707149
Finished training EB misspecified with NPMLE init, with in-sample MSE: 0.18148788129117263
Finished training EB misspecified, with SURE: 0.17503880023130186
Finished training EB misspecified, with in-sample MSE: 0.18139217678999753
Finished training EB wellspecified, with SURE: 0.14688671299938086
Finished training EB wellspecified, with in-sample MSE: 0.15839941461781
m: 29
Finished solving NPMLE, with SURE 0.46862055308019007
Finished solving NPMLE, with in-sample MSE 0.2654593157834796
Finished solving parametric estimator, with SURE 0.22950855611202847
Finished solving parametric estimator, with in-sample MSE 0.23101109872835848
Finished solving EBCF, with in-sample MSE 0.18299790423938228
Finished training EB SURE-LS, with SURE: 0.1464460668021915
Finished training EB SURE-LS, with in-sample MSE: 0.14174990455115025
use_scale: True
use_location: False
Finished training EB misspecified with NPMLE init, with SURE: 0.1709557499762574
Finished training EB misspecified with NPMLE init, with in-sample MSE: 0.1672996018970033
Finished training EB misspecified, with SURE: 0.17006751983391424
Finished training EB misspecified, with in-sample MSE: 0.16714525144083903
Finished training EB wellspecified, with SURE: 0.14321934624409408
Finished training EB wellspecified, with in-sample MSE: 0.14473835978083663
m: 30
Finished solving NPMLE, with SURE 0.3781028007421802
Finished solving NPMLE, with in-sample MSE 0.26000672531417385
Finished solving parametric estimator, with SURE 0.23270898679616153
Finished solving parametric estimator, with in-sample MSE 0.23549665874067258
Finished solving EBCF, with in-sample MSE 0.191928020212447
Finished training EB SURE-LS, with SURE: 0.14486317937384957
Finished training EB SURE-LS, with in-sample MSE: 0.15394699184541488
use_scale: True
use_location: False
Finished training EB misspecified with NPMLE init, with SURE: 0.16477238409717138
Finished training EB misspecified with NPMLE init, with in-sample MSE: 0.1767438165345829
Finished training EB misspecified, with SURE: 0.16475436225028559
Finished training EB misspecified, with in-sample MSE: 0.17679522237761663
Finished training EB wellspecified, with SURE: 0.1434338395829562
Finished training EB wellspecified, with in-sample MSE: 0.1544559933457115
m: 31
Finished solving NPMLE, with SURE 0.5280115376991243
Finished solving NPMLE, with in-sample MSE 0.2665904268752844
Finished solving parametric estimator, with SURE 0.23609280762821444
Finished solving parametric estimator, with in-sample MSE 0.23408518792346045
Finished solving EBCF, with in-sample MSE 0.17669978533157493
Finished training EB SURE-LS, with SURE: 0.1534614533226231
Finished training EB SURE-LS, with in-sample MSE: 0.15191432167114885
use_scale: True
use_location: False
Finished training EB misspecified with NPMLE init, with SURE: 0.1705456250626174
Finished training EB misspecified with NPMLE init, with in-sample MSE: 0.17332242539784004
Finished training EB misspecified, with SURE: 0.17045380147857778
Finished training EB misspecified, with in-sample MSE: 0.1730573985400199
Finished training EB wellspecified, with SURE: 0.15237229713499054
Finished training EB wellspecified, with in-sample MSE: 0.15412822473731727
m: 32
Finished solving NPMLE, with SURE 0.37448720582728595
Finished solving NPMLE, with in-sample MSE 0.2677880945589068
Finished solving parametric estimator, with SURE 0.23601235275305332
Finished solving parametric estimator, with in-sample MSE 0.23283283580338593
Finished solving EBCF, with in-sample MSE 0.16068862813869234
Finished training EB SURE-LS, with SURE: 0.155974896534475
Finished training EB SURE-LS, with in-sample MSE: 0.1484798261231261
use_scale: True
use_location: False
Finished training EB misspecified with NPMLE init, with SURE: 0.17787282582268218
Finished training EB misspecified with NPMLE init, with in-sample MSE: 0.17188929364231267
Finished training EB misspecified, with SURE: 0.17789953314196302
Finished training EB misspecified, with in-sample MSE: 0.17191863595201223
Finished training EB wellspecified, with SURE: 0.1537272079940322
Finished training EB wellspecified, with in-sample MSE: 0.1492038598625336
m: 33
Finished solving NPMLE, with SURE 0.3838816551680459
Finished solving NPMLE, with in-sample MSE 0.2692726129340228
Finished solving parametric estimator, with SURE 0.23344775351975453
Finished solving parametric estimator, with in-sample MSE 0.2348524706922772
Finished solving EBCF, with in-sample MSE 0.17076188079147067
Finished training EB SURE-LS, with SURE: 0.14953860542683256
Finished training EB SURE-LS, with in-sample MSE: 0.14751546837742727
use_scale: True
use_location: False
Finished training EB misspecified with NPMLE init, with SURE: 0.16885558714183815
Finished training EB misspecified with NPMLE init, with in-sample MSE: 0.17157841976416346
Finished training EB misspecified, with SURE: 0.16869089633632656
Finished training EB misspecified, with in-sample MSE: 0.171938494203974
Finished training EB wellspecified, with SURE: 0.14754723309972492
Finished training EB wellspecified, with in-sample MSE: 0.15003173218346472
m: 34
Finished solving NPMLE, with SURE 0.3780074277467125
Finished solving NPMLE, with in-sample MSE 0.27076092003114377
Finished solving parametric estimator, with SURE 0.23338940138619663
Finished solving parametric estimator, with in-sample MSE 0.2415758083515626
Finished solving EBCF, with in-sample MSE 0.166685452083741
Finished training EB SURE-LS, with SURE: 0.14883705181420256
Finished training EB SURE-LS, with in-sample MSE: 0.1559602838625497
use_scale: True
use_location: False
Finished training EB misspecified with NPMLE init, with SURE: 0.1682001729797563
Finished training EB misspecified with NPMLE init, with in-sample MSE: 0.17749995736586016
Finished training EB misspecified, with SURE: 0.16826317353160455
Finished training EB misspecified, with in-sample MSE: 0.17719679026514792
Finished training EB wellspecified, with SURE: 0.1463753349795738
Finished training EB wellspecified, with in-sample MSE: 0.15767801751309732
m: 35
Finished solving NPMLE, with SURE 0.395785330452468
Finished solving NPMLE, with in-sample MSE 0.261688120235326
Finished solving parametric estimator, with SURE 0.2346130543758717
Finished solving parametric estimator, with in-sample MSE 0.2283197325906311
Finished solving EBCF, with in-sample MSE 0.1610362542097332
Finished training EB SURE-LS, with SURE: 0.15385609517777982
Finished training EB SURE-LS, with in-sample MSE: 0.15022229081993976
use_scale: True
use_location: False
Finished training EB misspecified with NPMLE init, with SURE: 0.1714088156434675
Finished training EB misspecified with NPMLE init, with in-sample MSE: 0.17307243157413976
Finished training EB misspecified, with SURE: 0.1713947302354189
Finished training EB misspecified, with in-sample MSE: 0.1730856500820182
Finished training EB wellspecified, with SURE: 0.1529371028308109
Finished training EB wellspecified, with in-sample MSE: 0.15121156201652647
m: 36
Finished solving NPMLE, with SURE 0.37501438073648447
Finished solving NPMLE, with in-sample MSE 0.26323558151308174
Finished solving parametric estimator, with SURE 0.2324300963585576
Finished solving parametric estimator, with in-sample MSE 0.23048949222675627
Finished solving EBCF, with in-sample MSE 0.15690269931013856
Finished training EB SURE-LS, with SURE: 0.14740466749894185
Finished training EB SURE-LS, with in-sample MSE: 0.14604983100717145
use_scale: True
use_location: False
Finished training EB misspecified with NPMLE init, with SURE: 0.16829989211036492
Finished training EB misspecified with NPMLE init, with in-sample MSE: 0.1674982556528126
Finished training EB misspecified, with SURE: 0.16831999364774006
Finished training EB misspecified, with in-sample MSE: 0.16750981591259692
Finished training EB wellspecified, with SURE: 0.14598546796144696
Finished training EB wellspecified, with in-sample MSE: 0.1473160890883181
m: 37
Finished solving NPMLE, with SURE 0.478920124209922
Finished solving NPMLE, with in-sample MSE 0.26708724718519583
Finished solving parametric estimator, with SURE 0.2363196531522574
Finished solving parametric estimator, with in-sample MSE 0.23307745068894226
Finished solving EBCF, with in-sample MSE 0.16706794609026265
Finished training EB SURE-LS, with SURE: 0.15065225953072267
Finished training EB SURE-LS, with in-sample MSE: 0.1562373517194876
use_scale: True
use_location: False
Finished training EB misspecified with NPMLE init, with SURE: 0.1697041837935598
Finished training EB misspecified with NPMLE init, with in-sample MSE: 0.17452844673500534
Finished training EB misspecified, with SURE: 0.1681715795116489
Finished training EB misspecified, with in-sample MSE: 0.1731362826996419
Finished training EB wellspecified, with SURE: 0.14910127466994366
Finished training EB wellspecified, with in-sample MSE: 0.1566894601751907
m: 38
Finished solving NPMLE, with SURE 0.37522729422855877
Finished solving NPMLE, with in-sample MSE 0.26800344119804004
Finished solving parametric estimator, with SURE 0.23215865748618308
Finished solving parametric estimator, with in-sample MSE 0.23049852291313594
Finished solving EBCF, with in-sample MSE 0.17337912600954777
Finished training EB SURE-LS, with SURE: 0.15094610642573894
Finished training EB SURE-LS, with in-sample MSE: 0.15063514803124892
use_scale: True
use_location: False
Finished training EB misspecified with NPMLE init, with SURE: 0.17295257870614056
Finished training EB misspecified with NPMLE init, with in-sample MSE: 0.17188152560044767
Finished training EB misspecified, with SURE: 0.17299490065069845
Finished training EB misspecified, with in-sample MSE: 0.17188545174614614
Finished training EB wellspecified, with SURE: 0.14891206209239732
Finished training EB wellspecified, with in-sample MSE: 0.1527900510424283
m: 39
Finished solving NPMLE, with SURE 0.38594822015471264
Finished solving NPMLE, with in-sample MSE 0.2483754932608174
Finished solving parametric estimator, with SURE 0.2324999462546072
Finished solving parametric estimator, with in-sample MSE 0.22166765197524507
Finished solving EBCF, with in-sample MSE 0.16014736742726243
Finished training EB SURE-LS, with SURE: 0.14726965969479783
Finished training EB SURE-LS, with in-sample MSE: 0.1486357701156429
use_scale: True
use_location: False
Finished training EB misspecified with NPMLE init, with SURE: 0.16670868539864742
Finished training EB misspecified with NPMLE init, with in-sample MSE: 0.16953247327397583
Finished training EB misspecified, with SURE: 0.16685068240172335
Finished training EB misspecified, with in-sample MSE: 0.1694404449928118
Finished training EB wellspecified, with SURE: 0.14687551919153577
Finished training EB wellspecified, with in-sample MSE: 0.15089419803299312
m: 40
Finished solving NPMLE, with SURE 0.3840108925954256
Finished solving NPMLE, with in-sample MSE 0.2666895455026334
Finished solving parametric estimator, with SURE 0.23536033968385872
Finished solving parametric estimator, with in-sample MSE 0.2320470263977926
Finished solving EBCF, with in-sample MSE 0.16470610339999076
Finished training EB SURE-LS, with SURE: 0.15389745620976752
Finished training EB SURE-LS, with in-sample MSE: 0.15439199885263938
use_scale: True
use_location: False
Finished training EB misspecified with NPMLE init, with SURE: 0.17454808651043288
Finished training EB misspecified with NPMLE init, with in-sample MSE: 0.17482608593866003
Finished training EB misspecified, with SURE: 0.17456022751214462
Finished training EB misspecified, with in-sample MSE: 0.17486530447177834
Finished training EB wellspecified, with SURE: 0.15084773765676773
Finished training EB wellspecified, with in-sample MSE: 0.15688637877892175
m: 41
Finished solving NPMLE, with SURE 0.49104869940619994
Finished solving NPMLE, with in-sample MSE 0.2649835720361306
Finished solving parametric estimator, with SURE 0.23452682809073458
Finished solving parametric estimator, with in-sample MSE 0.23393977064358867
Finished solving EBCF, with in-sample MSE 0.17627754671018603
Finished training EB SURE-LS, with SURE: 0.15273877242851325
Finished training EB SURE-LS, with in-sample MSE: 0.14870881543783562
use_scale: True
use_location: False
Finished training EB misspecified with NPMLE init, with SURE: 0.17035631786843944
Finished training EB misspecified with NPMLE init, with in-sample MSE: 0.1730874824882819
Finished training EB misspecified, with SURE: 0.170373699833126
Finished training EB misspecified, with in-sample MSE: 0.17311680700473628
Finished training EB wellspecified, with SURE: 0.15106584504938894
Finished training EB wellspecified, with in-sample MSE: 0.15018533695877878
m: 42
Finished solving NPMLE, with SURE 0.35756396832505116
Finished solving NPMLE, with in-sample MSE 0.2756172380448287
Finished solving parametric estimator, with SURE 0.23326716540966158
Finished solving parametric estimator, with in-sample MSE 0.2396289793850684
Finished solving EBCF, with in-sample MSE 0.16349102233416724
Finished training EB SURE-LS, with SURE: 0.15305024120129
Finished training EB SURE-LS, with in-sample MSE: 0.1512591940219923
use_scale: True
use_location: False
Finished training EB misspecified with NPMLE init, with SURE: 0.1740453476761716
Finished training EB misspecified with NPMLE init, with in-sample MSE: 0.17504590062114134
Finished training EB misspecified, with SURE: 0.17392904793090974
Finished training EB misspecified, with in-sample MSE: 0.1747492791719311
Finished training EB wellspecified, with SURE: 0.15075855820040768
Finished training EB wellspecified, with in-sample MSE: 0.15326681853001967
m: 43
Finished solving NPMLE, with SURE 0.3852761277642287
Finished solving NPMLE, with in-sample MSE 0.26442056007528725
Finished solving parametric estimator, with SURE 0.2329154340207043
Finished solving parametric estimator, with in-sample MSE 0.235644449451626
Finished solving EBCF, with in-sample MSE 0.16427504978007826
Finished training EB SURE-LS, with SURE: 0.14842944052453347
Finished training EB SURE-LS, with in-sample MSE: 0.1537658549766167
use_scale: True
use_location: False
Finished training EB misspecified with NPMLE init, with SURE: 0.16774541719811253
Finished training EB misspecified with NPMLE init, with in-sample MSE: 0.17427340696436905
Finished training EB misspecified, with SURE: 0.1677577145400585
Finished training EB misspecified, with in-sample MSE: 0.17427364583737998
Finished training EB wellspecified, with SURE: 0.14716156004460143
Finished training EB wellspecified, with in-sample MSE: 0.15385588888188922
m: 44
Finished solving NPMLE, with SURE 0.42907347278768554
Finished solving NPMLE, with in-sample MSE 0.2572556397331901
Finished solving parametric estimator, with SURE 0.2332370606023037
Finished solving parametric estimator, with in-sample MSE 0.22673797025217315
Finished solving EBCF, with in-sample MSE 0.16804699130544956
Finished training EB SURE-LS, with SURE: 0.1493702722508003
Finished training EB SURE-LS, with in-sample MSE: 0.1444265564789451
use_scale: True
use_location: False
Finished training EB misspecified with NPMLE init, with SURE: 0.16715691385333506
Finished training EB misspecified with NPMLE init, with in-sample MSE: 0.16396942890487182
Finished training EB misspecified, with SURE: 0.16716871360612687
Finished training EB misspecified, with in-sample MSE: 0.1639868761328495
Finished training EB wellspecified, with SURE: 0.14670770459865923
Finished training EB wellspecified, with in-sample MSE: 0.14551893074159575
m: 45
Finished solving NPMLE, with SURE 0.3998178262021146
Finished solving NPMLE, with in-sample MSE 0.2725291970285064
Finished solving parametric estimator, with SURE 0.2357045537104151
Finished solving parametric estimator, with in-sample MSE 0.23145260170964108
Finished solving EBCF, with in-sample MSE 0.1634163823825404
Finished training EB SURE-LS, with SURE: 0.15223464941589585
Finished training EB SURE-LS, with in-sample MSE: 0.15370550911076997
use_scale: True
use_location: False
Finished training EB misspecified with NPMLE init, with SURE: 0.1702803012540193
Finished training EB misspecified with NPMLE init, with in-sample MSE: 0.17583137974602756
Finished training EB misspecified, with SURE: 0.17027454972664996
Finished training EB misspecified, with in-sample MSE: 0.1757959361075081
Finished training EB wellspecified, with SURE: 0.1515114424868202
Finished training EB wellspecified, with in-sample MSE: 0.15499886762445025
m: 46
Finished solving NPMLE, with SURE 0.3522859041808894
Finished solving NPMLE, with in-sample MSE 0.2621290442441473
Finished solving parametric estimator, with SURE 0.23023211057358747
Finished solving parametric estimator, with in-sample MSE 0.23513108698226975
Finished solving EBCF, with in-sample MSE 0.15859217170347353
Finished training EB SURE-LS, with SURE: 0.1452911134158551
Finished training EB SURE-LS, with in-sample MSE: 0.14647584682919532
use_scale: True
use_location: False
Finished training EB misspecified with NPMLE init, with SURE: 0.16642884597013222
Finished training EB misspecified with NPMLE init, with in-sample MSE: 0.1701226988791908
Finished training EB misspecified, with SURE: 0.16643977918157596
Finished training EB misspecified, with in-sample MSE: 0.1701769762748984
Finished training EB wellspecified, with SURE: 0.14378856765264822
Finished training EB wellspecified, with in-sample MSE: 0.14776473423136496
m: 47
Finished solving NPMLE, with SURE 0.38816293566760585
Finished solving NPMLE, with in-sample MSE 0.2616638129120731
Finished solving parametric estimator, with SURE 0.2338583714581552
Finished solving parametric estimator, with in-sample MSE 0.23535714135575625
Finished solving EBCF, with in-sample MSE 0.16375237008169594
Finished training EB SURE-LS, with SURE: 0.15134529421654158
Finished training EB SURE-LS, with in-sample MSE: 0.15330982813005406
use_scale: True
use_location: False
Finished training EB misspecified with NPMLE init, with SURE: 0.16953731552151274
Finished training EB misspecified with NPMLE init, with in-sample MSE: 0.17442382023039255
Finished training EB misspecified, with SURE: 0.1692923103417167
Finished training EB misspecified, with in-sample MSE: 0.17446815108591018
Finished training EB wellspecified, with SURE: 0.1489062202748117
Finished training EB wellspecified, with in-sample MSE: 0.15485546892362168
m: 48
Finished solving NPMLE, with SURE 0.3701576051669533
Finished solving NPMLE, with in-sample MSE 0.2631776497829543
Finished solving parametric estimator, with SURE 0.23164192009612028
Finished solving parametric estimator, with in-sample MSE 0.22982658119386126
Finished solving EBCF, with in-sample MSE 0.15535511978822886
Finished training EB SURE-LS, with SURE: 0.14426656028585347
Finished training EB SURE-LS, with in-sample MSE: 0.1448830621598282
use_scale: True
use_location: False
Finished training EB misspecified with NPMLE init, with SURE: 0.16348632540122965
Finished training EB misspecified with NPMLE init, with in-sample MSE: 0.16279201168944138
Finished training EB misspecified, with SURE: 0.16346044154257336
Finished training EB misspecified, with in-sample MSE: 0.16316281907778823
Finished training EB wellspecified, with SURE: 0.1437242528953689
Finished training EB wellspecified, with in-sample MSE: 0.1453045674030729
m: 49
Finished solving NPMLE, with SURE 0.4352155462218272
Finished solving NPMLE, with in-sample MSE 0.27125512342145025
Finished solving parametric estimator, with SURE 0.23105657672210106
Finished solving parametric estimator, with in-sample MSE 0.23989985634798242
Finished solving EBCF, with in-sample MSE 0.16291771267127753
Finished training EB SURE-LS, with SURE: 0.1923234414758045
Finished training EB SURE-LS, with in-sample MSE: 0.2005828061417728
use_scale: True
use_location: False
Finished training EB misspecified with NPMLE init, with SURE: 0.16585073467808692
Finished training EB misspecified with NPMLE init, with in-sample MSE: 0.17443984914795677
Finished training EB misspecified, with SURE: 0.16585567808661844
Finished training EB misspecified, with in-sample MSE: 0.17444013702023864
Finished training EB wellspecified, with SURE: 0.1458730307070523
Finished training EB wellspecified, with in-sample MSE: 0.15465861940565492
submitit INFO (2026-08-31 17:34:47,397) - Job completed successfully
submitit INFO (2026-08-31 17:34:47,415) - Exiting after successful completion
