,n,experiment,MSE_misspec,MSE_NPMLEinit,MSE_NPMLE,SURE_misspec,SURE_NPMLEinit,SURE_NPMLE,data,NPMLE_lower_SURE,seed
0,100,c,0.06605007999050867,0.07674070794779826,0.11010277318902469,0.006542350011107061,0.005468807682039056,0.5557014173969768,train,False,1000
1,100,d,0.01693280943233408,0.016676106179058067,0.01759978566050231,0.03436657025447769,0.03443724229566964,0.08834719072882122,train,False,1000
2,100,e,0.26724213972272254,0.2672120660751307,0.3269382276538066,0.18674420030865665,0.18674459990230513,0.2756898332069359,train,False,1000
3,400,c,0.06129435593264919,0.06134544677605482,0.07668178278718099,0.05512610962438714,0.055094936518358326,0.7183245518602988,train,False,1000
4,400,d,0.005967508221213605,0.005978627874431748,0.006815930380739923,0.000596293925234761,0.0005860850558708463,0.06135418338072771,train,False,1000
5,400,e,0.2026032299541588,0.20261107358957112,0.2857745321439026,0.14957769769228077,0.1495649174984977,0.3074862778867196,train,False,1000
0,100,c,0.11686050763089614,0.1167215703311442,0.09692138958362399,0.004676171104180114,0.004713359042449384,0.6501667896556366,train,False,1001
1,100,d,0.006286648779792309,0.0062882312701274985,0.009041508919666852,0.006012658079061861,0.006011823741063474,0.06007389055905295,train,False,1001
2,100,e,0.15768652557086196,0.16812733863865084,0.2617934369807691,0.12134364825190609,0.12299058371239419,0.27792104310310495,train,False,1001
3,400,c,0.05620227552805714,0.0562030333565827,0.08492340166069738,0.011877529059334507,0.01187718935643666,0.5526928723945554,train,False,1001
4,400,d,0.022964676382207366,0.022970033705100354,0.0056207416044504665,0.02010306540796096,0.02010011156954988,0.15741695400881628,train,False,1001
5,400,e,0.1789555090154106,0.1790061174387035,0.24880595985879306,0.16355363953010313,0.16354520078065357,0.3238533371788334,train,False,1001
0,100,c,0.07216982730521666,0.11670927545146763,0.11640576276501957,0.04025807766870038,0.026006531118669258,0.31124055077891066,train,False,1002
1,100,d,0.010208913919872093,0.010221533055658432,0.009700875431189965,0.031726787553877554,0.03172204178225163,0.06551898040503647,train,False,1002
2,100,e,0.2373028371390033,0.2393543540631308,0.24589427732197774,0.1196444922109108,0.12008632474027067,0.28713292283790764,train,False,1002
3,400,c,0.055410868741336404,0.055405043175724894,0.06614259950038875,0.04059702446236997,0.04060652650902569,0.4531605278323088,train,False,1002
4,400,d,0.008381392730499475,0.008364025431435248,0.007037715110441097,0.014010162986445618,0.014009012214884287,0.023545174593144366,train,False,1002
5,400,e,0.20196622602791423,0.20197157527293583,0.3099380116301781,0.1731752468605447,0.17316691807244936,0.2860574163604276,train,False,1002
0,100,c,0.14375987885187033,0.14368985923864602,0.11790938822411824,0.1326244113492575,0.13263684868240602,0.9595202516491148,train,False,1003
1,100,d,0.006651031475956215,0.031156403017069425,0.011265931621965375,-0.022060744730475916,-0.037309321670074634,0.08337357446875587,train,False,1003
2,100,e,0.20615741054934172,0.20615787957425905,0.2124669599151947,0.13488090881674475,0.13487612632153587,0.34271744741453786,train,False,1003
3,400,c,0.05589186386820053,0.05586679235966745,0.0733706818306672,0.03890810459236718,0.0388488501519155,0.464437088983386,train,False,1003
4,400,d,0.005893890016955664,0.005898659630140895,0.00661912048143809,-0.0013621587960883908,-0.0013657300281573904,0.013708395497756065,train,False,1003
5,400,e,0.1820506998642239,0.1820331922023373,0.27069015676831454,0.17644341280891263,0.1764394722432666,0.321073171553291,train,False,1003
0,100,c,0.08682029852571485,0.08683289709956929,0.10613161458500009,0.0640307819639333,0.06402477934970868,0.7533774670669183,train,False,1004
1,100,d,0.048324306563798734,0.01056373362110556,0.005215033062572269,0.0017638446210455783,0.018251545126400634,0.12063300475316736,train,False,1004
2,100,e,0.24553347085572738,0.24553110663166422,0.2849461859659211,0.12457477586943348,0.12456864156520112,0.29132252536604286,train,False,1004
3,400,c,0.049916788773907886,0.049916599840172944,0.09256041149663602,0.061756585998765774,0.06172214666378402,0.6687309368326038,train,False,1004
4,400,d,0.005631660997239996,0.005674264222949258,0.005952116602178089,0.01394770315152389,0.013929463780562888,0.06441506054523444,train,False,1004
5,400,e,0.21436981513780742,0.21895562054643014,0.26090431451413704,0.1496190685907866,0.15018360299091044,0.4371744882927892,train,False,1004
0,100,c,0.05677322388069394,0.05677566475680425,0.09025827810951702,0.08305198532712296,0.08304987292587392,0.36783600981146203,train,False,1005
1,100,d,0.005661517817841116,0.005661622798814361,0.006566226768807015,-0.011705963052773835,-0.01170642206909605,0.009313218277047692,train,False,1005
2,100,e,0.1921159564534241,0.19138361826081762,0.2692320169354383,0.16232434996452647,0.15806428829941355,0.2973549420543882,train,False,1005
3,400,c,0.054447118737013404,0.054446831134053505,0.07114816989835333,0.0474678102996377,0.04745655348328249,0.6711450793511711,train,False,1005
4,400,d,0.01572024642437756,0.015730167655622115,0.009612708347388055,0.0013793172244922758,0.0013763320311770144,0.019830902258700222,train,False,1005
5,400,e,0.21756718793270974,0.21760484706757674,0.2716866036911588,0.1860067190739619,0.18599422875830862,0.2969437547127589,train,False,1005
0,100,c,0.0644721699018046,0.06446411283238457,0.06937671874051818,-0.03173332077582081,-0.03174556363838079,0.6647644289345774,train,False,1006
1,100,d,0.0046598444716651555,0.004660542887645807,0.006900376651057983,-0.0019035306602051528,-0.00190441988269777,0.005872507529674546,train,False,1006
2,100,e,0.2104546484435089,0.21048706695960592,0.2609854545728748,0.08343928075333391,0.0834264101475419,0.30862717278733526,train,False,1006
3,400,c,0.05928302531888786,0.05890446103560922,0.08969988213699834,0.025346686550944072,0.025203093979450628,0.282649269691176,train,False,1006
4,400,d,0.02187373878265973,0.021876951586677323,0.008607037473429374,0.0015785644159919167,0.0015746332248813388,0.15783154283254616,train,False,1006
5,400,e,0.18639192063280896,0.18640258298497492,0.27536077903687106,0.15348208527686538,0.1534766022633113,0.29824197975637456,train,False,1006
0,100,c,0.1919926854507881,0.19202811330783692,0.07587233940437382,0.04302161666839893,0.042998020311498665,0.2237325678096382,train,False,1007
1,100,d,0.0044740576443060755,0.004474129011705098,0.006675037566692918,-0.03027614716727966,-0.030276405866876816,0.0054517558544606,train,False,1007
2,100,e,0.2214018767710309,0.2170116463560845,0.23917392564861648,0.05499966412357193,0.0538367963826359,0.337247124004109,train,False,1007
3,400,c,0.051371302083583294,0.05140123475245593,0.07510397554450866,0.08650282076191373,0.08645447569115476,0.6670684056122095,train,False,1007
4,400,d,0.0057867826874935194,0.005786779200129507,0.006600284933120439,-0.005935938818193414,-0.005936346199635505,-0.005927204410840599,train,False,1007
5,400,e,0.20210570651109516,0.2021073490467209,0.35729736888640884,0.1504104873087502,0.15041139210595403,0.3368720524518484,train,False,1007
0,100,c,0.21698786167986767,0.21701054018850216,0.16562729477433927,-0.005529223936974504,-0.005539314705198777,0.11061210653339656,train,False,1008
1,100,d,0.029975575363239627,0.029979379131421548,0.03139612382518482,0.02032848606843041,0.02032722428586082,0.24818753497771284,train,False,1008
2,100,e,0.22603820427853547,0.22602704416054437,0.24083919252396171,0.1094010063976739,0.10938180372056185,0.25607787676162463,train,False,1008
3,400,c,0.06415852363520766,0.06418416367089101,0.08874047508386916,-0.00865219627387873,-0.008688198246833067,0.694560306560049,train,False,1008
4,400,d,0.010454599568013107,0.010454303877658243,0.010282586153872744,0.012285017881991251,0.012285151644715882,0.08095590774793973,train,False,1008
5,400,e,0.1950769012123969,0.19509258107644709,0.31749324238854193,0.18575370170798877,0.18574393426892635,0.3081394265932185,train,False,1008
0,100,c,0.061188428502454845,0.0609716225073448,0.07315909057055772,-0.013630662373556106,-0.013657411289654108,0.2586014456052304,train,False,1009
1,100,d,0.005300657064263383,0.0052875473562113305,0.00675421286262352,-0.004180510689789756,-0.004181137249884568,0.007927987413248303,train,False,1009
2,100,e,0.20431427112816938,0.20432355643401579,0.31422584704834217,0.16833514601071797,0.1683372511381974,0.33097939317111363,train,False,1009
3,400,c,0.05749121508944872,0.05749246551189975,0.06810068922959336,0.033290781889209885,0.03328655205743232,0.40969375749295184,train,False,1009
4,400,d,0.0037819463146670975,0.003782054733107635,0.004068889825730066,-0.002185551464655493,-0.002185970748357704,0.006041402928443205,train,False,1009
5,400,e,0.17377068135376614,0.17540512075477735,0.26378976365547063,0.1829510642290314,0.18418391301940268,0.3528131354442822,train,False,1009
0,100,c,0.06855782032428222,0.06854048458753989,0.0865333627896781,0.0465968810961077,0.04658867391325082,0.4045981301716186,train,False,1010
1,100,d,0.006385723098883742,0.0063836181871072106,0.006723032704528156,-0.004833331184820331,-0.00483227267768374,0.07355566789665532,train,False,1010
2,100,e,0.19731542744426134,0.1972491706988744,0.29184942753369536,0.18619234080790747,0.18618472154162732,0.29568725898671516,train,False,1010
3,400,c,0.0543555700396354,0.05435538318074454,0.06822731452221689,0.014957310063118498,0.014948883377974127,0.6195922757559772,train,False,1010
4,400,d,0.0038566268297711265,0.0038573710515342322,0.0046591193448775655,0.006865595706810108,0.006865000202694684,0.06117437746819054,train,False,1010
5,400,e,0.1728797486263332,0.17272024818005555,0.24613970211368297,0.16672148049504856,0.1659183108021125,0.3165037776345497,train,False,1010
0,100,c,0.07660084079343651,0.07659883863879827,0.09915684570174077,0.137444819269658,0.13744285738500062,0.4254346385396845,train,False,1011
1,100,d,0.004176487662248066,0.004399332201678485,0.005335913347684883,0.0013347018541540478,0.001062981666250309,0.03547606355917056,train,False,1011
2,100,e,0.2356448790480488,0.23550470741515744,0.29431817680746164,0.13155711655940805,0.13155512595401525,0.33179849158265834,train,False,1011
3,400,c,0.07589008017961843,0.07589195061503756,0.08824448843307518,0.014315628890423824,0.01428325499773166,0.7173337815023092,train,False,1011
4,400,d,0.02244061279694821,0.022318428560784826,0.01389448435192753,-0.004344924867776019,-0.0043794834818378986,0.04442724043942404,train,False,1011
5,400,e,0.18009718433606384,0.1800973415714035,0.24781728408621423,0.15824716956162896,0.15823463353051104,0.36408165933822295,train,False,1011
0,100,c,0.06406548070943568,0.06406808189532937,0.09520395309339101,-0.053252570229432056,-0.05325655423815185,0.5271910897451411,train,False,1012
1,100,d,0.006324000826220561,0.006159346841973834,0.008506100239772022,-0.009735791169600105,-0.009838760809141185,0.02884329462284244,train,False,1012
2,100,e,0.18001873914585026,0.18002031324208037,0.24354417529938957,0.1405839081047775,0.1405803758394085,0.5079943229892082,train,False,1012
3,400,c,0.06281555958753798,0.06281708470065717,0.060175611008021795,0.05813261209722519,0.05813138070284751,0.6498151717109799,train,False,1012
4,400,d,0.004555450241015519,0.004555683822084325,0.00516351557498871,-0.0026242001683043806,-0.0026245349746294977,-0.0020000373577049578,train,False,1012
5,400,e,0.17191339762042582,0.17190895732707767,0.25973220196661545,0.166189553150355,0.1661774076418974,0.35210038931447124,train,False,1012
0,100,c,0.051689680091366735,0.0516792783018347,0.0902276948595471,0.02686484846118681,0.026878788234653613,0.5507013232518664,train,False,1013
1,100,d,0.003470690551305708,0.003470673084315085,0.003685958220109759,-0.016676615507608402,-0.016677237224396766,-0.01606256080801895,train,False,1013
2,100,e,0.17063202047556128,0.17062883039697657,0.2364065185119549,0.09683374163552146,0.09682691420544189,0.349554955794722,train,False,1013
3,400,c,0.05583203449788879,0.13564820638135688,0.11011767768973581,0.05426607839506424,0.015698123665425782,0.5996155480957558,train,False,1013
4,400,d,0.0043572363605933065,0.004357794221697419,0.003902991086822567,0.003182486232369346,0.0031819565922291027,0.022591220698615543,train,False,1013
5,400,e,0.15149200452551112,0.15147139251728564,0.2745652542776128,0.17045424384366925,0.1704461849766482,0.3439895731445974,train,False,1013
0,100,c,0.1346316251109182,0.12775028952265763,0.16692536596724028,-0.046540044148165975,-0.047290325302249914,0.0382381207966489,train,False,1014
1,100,d,0.024718764076103263,0.024709051953081696,0.016563143535131886,0.007018505998944225,0.0070112662401650636,0.024297506742491207,train,False,1014
2,100,e,0.22809858838392993,0.22810956435388566,0.2946528085681027,0.12581062165370127,0.12580405850151608,0.31949644995279386,train,False,1014
3,400,c,0.06594243372121608,0.06591372632244236,0.08512139446785272,0.09047316039986271,0.09045124658970054,0.469850458892888,train,False,1014
4,400,d,0.0053086025534346834,0.005308611207625097,0.006049517293693127,-0.01740951161872861,-0.017410096423994013,0.004563575357100458,train,False,1014
5,400,e,0.16437876289709252,0.16440156508642667,0.22892432065429666,0.16724031026707153,0.16722276740260994,0.31706635924678744,train,False,1014
0,100,c,0.0783793935921587,0.19813072129106574,0.1000646449652224,-0.05142017213626609,-0.11908193516603205,0.9145963057872613,train,False,1015
1,100,d,0.003569008012815583,0.003569015580489745,0.0037367911055064774,-0.010211882253548783,-0.01021208368249539,0.0365422581345468,train,False,1015
2,100,e,0.1524727274253363,0.15245820944974997,0.2338249805189257,0.09765037258597051,0.0976458067989945,0.31219825316114,train,False,1015
3,400,c,0.0641368265324337,0.06423954682547216,0.07367608556032156,0.037024096175303355,0.03696670278368352,0.6430325499334262,train,False,1015
4,400,d,0.008609493006758777,0.008610106716601448,0.0048257096112206,0.018307839035325842,0.018307139229656783,0.1330760411567721,train,False,1015
5,400,e,0.1634097268417857,0.1634279798336597,0.24316046989337475,0.1548231921086192,0.1548213752234781,0.3657307557692586,train,False,1015
0,100,c,0.083546449128109,0.0835641523217798,0.08708701050811796,0.03241356927034872,0.03240232149248328,0.23381796240406316,train,False,1016
1,100,d,0.006501791618959698,0.006501846672911592,0.011959388136659557,-0.033477536482952854,-0.03347786758055122,-0.011666691499887812,train,False,1016
2,100,e,0.13383349988535687,0.13383771886925266,0.19321538862613008,0.13379463814585293,0.13378874656236356,0.2972620832581828,train,False,1016
3,400,c,0.07105162373539901,0.07106169531025651,0.08158208832944354,0.06653142660163092,0.06652340731709323,0.6107148610905285,train,False,1016
4,400,d,0.004660356646006937,0.004660301796961049,0.005805055596935235,-0.004608920130421304,-0.0046088040978888144,0.12720615308583708,train,False,1016
5,400,e,0.1661518485062022,0.1661000031849238,0.2313707491787005,0.15686417023974614,0.1568440385128784,0.30942373487865965,train,False,1016
0,100,c,0.07494215738810638,0.07494512102554622,0.0914886571083523,-0.0764852932103453,-0.0764883263974071,0.8195100449723464,train,False,1017
1,100,d,0.008357816854422469,0.008358092361924727,0.005902871885565018,-0.018883407508765798,-0.018883604772719203,0.04629708229975817,train,False,1017
2,100,e,0.11956797197777426,0.1195549420148667,0.2359666106930812,0.11251213399411,0.1125087351084681,0.31529357908346795,train,False,1017
3,400,c,0.07365446549995544,0.07362705230990241,0.10351582597715513,0.06347601919291854,0.06346716771204947,0.5699393041784862,train,False,1017
4,400,d,0.008173108111805919,0.00831756889447483,0.00919594459322944,0.015447966634683325,0.015307746402849851,0.07724672423205288,train,False,1017
5,400,e,0.18483784744760245,0.18484829792819987,0.29545860697260007,0.14799471452087534,0.1479895366709869,0.3202223868885777,train,False,1017
0,100,c,0.09845156671986738,0.09845215227460914,0.13818517566785482,-0.09113116144957083,-0.09113274412611559,-0.017385593499281597,train,False,1018
1,100,d,0.010463650002582656,0.010468002341926136,0.010814293386416785,0.003043307695348538,0.0030418287272203416,0.003957045972960671,train,False,1018
2,100,e,0.2232261518756634,0.22320332001345897,0.4218331159797216,0.1601183989479577,0.1601127296526147,0.2262229571401383,train,False,1018
3,400,c,0.06604635342768557,0.06604121683653487,0.10195263140235608,0.0008165673270360685,0.0008151681614761231,0.7960975788658224,train,False,1018
4,400,d,0.004929564972778621,0.0049296202453333535,0.005207646906287371,-0.005262827573683034,-0.005263392695807383,-0.0018257367852275762,train,False,1018
5,400,e,0.1471123800628584,0.14710938581113536,0.24919019291896635,0.13965347349285012,0.13964585177861238,0.3031365195308031,train,False,1018
0,100,c,0.14885530909540207,0.23529041563075573,0.14244886683970026,0.12175473171562516,0.08686852019835378,0.9147397121146915,train,False,1019
1,100,d,0.009468734088668322,0.009471350633300697,0.009997167899373813,-0.017893702770146548,-0.017895713005703175,0.008913701974067418,train,False,1019
2,100,e,0.2034811494884266,0.19561331017422215,0.20896417225828137,0.10780418804724122,0.10924583563417045,0.40457763397781177,train,False,1019
3,400,c,0.09537956150110753,0.09546688922584672,0.10119556986436758,0.13013340092351114,0.1300993609724945,0.5381902844930934,train,False,1019
4,400,d,0.004302766937362523,0.004303201743140544,0.004601989105116968,0.0132236452129332,0.013223192094046148,0.11988655626462717,train,False,1019
5,400,e,0.18403538480430576,0.1840573201639769,0.24389988890869035,0.1649105234946464,0.164900573958103,0.35445779499832286,train,False,1019
0,100,c,0.06485151899151158,0.06484305884069563,0.06863015806952374,-0.009410499171289785,-0.009421027951677772,0.5120896499180116,train,False,1020
1,100,d,0.025284100070232022,0.025284630016537295,0.01290911701186094,0.013479257303759304,0.013477712198371457,0.06188270736750379,train,False,1020
2,100,e,0.22838666594412615,0.22833632065818868,0.3236548138409526,0.05848615421277998,0.05847695406916998,0.34634007740558487,train,False,1020
3,400,c,0.0749131437923759,0.07491989103737731,0.07724253595312297,0.07361909953272494,0.0736132065713899,0.8905267806092655,train,False,1020
4,400,d,0.004142858534177735,0.0041426911046921,0.0049223418403089355,0.011176899867716123,0.011177162210890934,0.08522203195234634,train,False,1020
5,400,e,0.17097387713744439,0.17227031171640395,0.23822570191391942,0.16410508262884096,0.1642346677383556,0.31195493267548824,train,False,1020
0,100,c,0.06656758757072154,0.07526560815943341,0.1301670705113405,-0.02129489966069599,-0.020765123657862008,0.6932602806281024,train,False,1021
1,100,d,0.007804358397763874,0.007804678212713228,0.008311049200806813,-0.0003285095266016569,-0.0003290596065661511,-2.6739981695893534e-05,train,False,1021
2,100,e,0.32674394042768823,0.3269832995779801,0.4168685864558286,0.14159734305386135,0.14159687902915477,0.3362324602469682,train,False,1021
3,400,c,0.05348311927673901,0.05348663428794542,0.0676535853248015,0.0029426151810860546,0.0029329523797784417,0.503898036575326,train,False,1021
4,400,d,0.005148002464684076,0.005148422708096525,0.004086860583242282,0.0010946002577657766,0.0010941669501889706,0.042423079828075194,train,False,1021
5,400,e,0.17331770129609694,0.17329595725337307,0.271592409496705,0.15824229827064515,0.15823595960994816,0.33362444269002295,train,False,1021
0,100,c,0.08928951551938762,0.08797028627608258,0.06716407409180972,-0.07157650916893105,-0.07165447103121388,0.6145664867231136,train,False,1022
1,100,d,0.006625980999199596,0.0066260720606763366,0.005806999496942712,-0.02300391905198806,-0.0230044112084356,0.002794016626257001,train,False,1022
2,100,e,0.18031671398066695,0.18033316092257506,0.29217274984292047,0.11682004818412463,0.11680940437976364,0.3116126176747987,train,False,1022
3,400,c,0.05967133144968776,0.05968437811125226,0.1019979913605939,0.08054387183626915,0.08054457343272546,0.7844536067938027,train,False,1022
4,400,d,0.00636751648180291,0.006352937298329744,0.006195339721092069,0.007151925137751665,0.007150322917444001,0.026244292666969055,train,False,1022
5,400,e,0.20308231386872266,0.20312151624821184,0.27920103012620934,0.1519947495632492,0.1519823281808354,0.2930103935832672,train,False,1022
0,100,c,0.08041362255460845,0.0804014364647069,0.05769417226948685,0.11144767770244612,0.11143991846867778,0.9014455822432765,train,False,1023
1,100,d,0.01572055195243306,0.015723018770385424,0.017242754640193612,0.010824730685610736,0.010822755431094145,0.022671673584731416,train,False,1023
2,100,e,0.22053452626261957,0.2205332485022009,0.35805443118653557,0.11370268803585191,0.11369440727930574,0.34292878770968627,train,False,1023
3,400,c,0.058048638861865245,0.058037083960925884,0.07916880949202955,0.04789154444335203,0.04787875434864709,0.47647642434630666,train,False,1023
4,400,d,0.007841290928196411,0.007842630247573252,0.007776264932871324,0.019118226918241152,0.019117962873405434,0.13535511022642402,train,False,1023
5,400,e,0.17528500989401113,0.17544409075593725,0.27797046542064646,0.16304071889649505,0.16303499892879342,0.32768331181063715,train,False,1023
0,100,c,0.11896157773029976,0.11901671933870377,0.074083917651492,0.05642726105111052,0.05641723064510146,0.27013164720675276,train,False,1024
1,100,d,0.005854254091952763,0.006439708929913497,0.004958934919076919,0.008126217664200297,0.007603531195258011,0.07103126694432983,train,False,1024
2,100,e,0.21700886852168474,0.21706589159708123,0.24103775436044875,0.08258014071419228,0.0825719515185921,0.4808737540370588,train,False,1024
3,400,c,0.06220628591768747,0.08861225625552455,0.10652034171471217,0.03339827434054847,0.013209300460376952,0.9510200695647248,train,False,1024
4,400,d,0.004097185738014176,0.004115074497202484,0.0038406254127035092,0.00605917073134302,0.006048799562067657,0.0067143525151399965,train,False,1024
5,400,e,0.17573990910076748,0.1756973384572944,0.27369930280202465,0.16008332033459735,0.16007948922398466,0.3162387073232814,train,False,1024
0,100,c,0.06117305241270591,0.06114873161731236,0.06274807983027844,-0.04992210206039061,-0.04995625439227702,1.14834238762793,train,False,1025
1,100,d,0.026580221547020597,0.02666948720209618,0.009328507577811292,0.04089599780179377,0.04089364039751669,0.06007155364139326,train,False,1025
2,100,e,0.2704593138162849,0.2648414529921571,0.3188342004270253,0.13768898468776108,0.13713903857953355,0.3870296154069639,train,False,1025
3,400,c,0.07795740765951649,0.07805276768008203,0.08148262473718049,0.06642606396705616,0.06641001236081444,1.2939086618984883,train,False,1025
4,400,d,0.007396182860847187,0.0073997218539621845,0.005846094640019556,0.004980947037905832,0.004979017407617796,0.048073973244146695,train,False,1025
5,400,e,0.19516804199836663,0.19517143415860058,0.3205714519448934,0.1497110368272516,0.14970306056240731,0.34885472391726297,train,False,1025
0,100,c,0.06907918185748108,0.06897860530934719,0.07103705061165126,0.055185776617409775,0.05516452687758118,0.3174467404503221,train,False,1026
1,100,d,0.010204202198451256,0.010221869716112823,0.005171207551060962,-0.008896073634122424,-0.008897938649046555,-0.006474624431248231,train,False,1026
2,100,e,0.15805768840915624,0.15805694165732967,0.21369484255925159,0.12287719583998183,0.1228722989030478,0.3337048393962243,train,False,1026
3,400,c,0.056209110752976736,0.056058893057617167,0.06922904182112853,0.02722864616539127,0.027195667609638433,0.8674687318834627,train,False,1026
4,400,d,0.004886395000181693,0.0048900591582264116,0.005125596980911926,-0.003393925689469164,-0.0034005642843998986,0.021479482400750153,train,False,1026
5,400,e,0.16020967664413818,0.16021296349295222,0.28170191733359207,0.15223068034439977,0.15222508428124087,0.31856808208871434,train,False,1026
0,100,c,0.09407749556765597,0.09305406164110458,0.06195180351890584,0.04628828111513521,0.04618715221082958,0.5190282957721656,train,False,1027
1,100,d,0.029116998280851333,0.029103892998431028,0.013006888391997365,0.022805411851373875,0.02280243760730343,0.03312696682221205,train,False,1027
2,100,e,0.1997147523530019,0.19970872265191064,0.3516365352532889,0.15210167468574068,0.15209182366959342,0.35099475532410523,train,False,1027
3,400,c,0.0614214863772384,0.06149461737701568,0.0906244342633433,0.025910221960788748,0.025876495939820714,0.6640582422270223,train,False,1027
4,400,d,0.004934728204275212,0.004934780903627906,0.004603339709062646,0.013658089934646914,0.013657738154618784,0.017124453646072037,train,False,1027
5,400,e,0.1751266783984859,0.17534162182311974,0.25162285348484004,0.14718119318406156,0.14798523010045114,0.3988802154899954,train,False,1027
0,100,c,0.0948099984409398,0.09480994089455361,0.14578425939357273,-0.055321156041620155,-0.05532136933884239,0.20254552950481106,train,False,1028
1,100,d,0.008334193481577717,0.008334050034477895,0.008094103970956341,-0.045900189037372884,-0.045900873409490436,-0.030524310032840382,train,False,1028
2,100,e,0.12476832298303721,0.1247854356577912,0.21028444848820282,0.11965635041115498,0.11964651529012876,0.3501637150439178,train,False,1028
3,400,c,0.07169118389604179,0.07169338535738784,0.08200127000182243,0.1050442912793143,0.10503670636843225,0.530812877462422,train,False,1028
4,400,d,0.023807338873246344,0.02383896109215129,0.005088447701450971,0.00420682827802759,0.004206398161571592,0.08393795014252099,train,False,1028
5,400,e,0.18740621440723942,0.187381798600617,0.305006107285614,0.1704163278197526,0.17040377662848435,0.3290654599767944,train,False,1028
0,100,c,0.13918943275690096,0.13920254672793403,0.09397930470002365,0.09041835639420753,0.09038691389774627,0.7917776416498,train,False,1029
1,100,d,0.01786004659701529,0.017871453837530936,0.013753624419790927,0.024724390197868686,0.02472293144364933,0.03792159751594795,train,False,1029
2,100,e,0.27750837824784785,0.28251108020561994,0.272660943961405,0.11453073688895217,0.12632757074493484,0.2534181904887546,train,False,1029
3,400,c,0.054406942409807584,0.05440778915524154,0.0681146318783651,0.02384782916759157,0.023842922269203797,0.7488516618511764,train,False,1029
4,400,d,0.005283688970233619,0.005276472007010675,0.006068033448188633,-0.0010329623403634081,-0.0010353957389017587,0.003523916057793244,train,False,1029
5,400,e,0.18100945356528395,0.1802421122800497,0.23707462204985974,0.1653634900007041,0.16523609773324843,0.309568919008947,train,False,1029
0,100,c,0.063046916078845,0.06686034354359059,0.09646929356106197,-0.05982012422252595,-0.05790448111882668,0.3134263239741124,train,False,1030
1,100,d,0.01146439873970383,0.011476898997716024,0.01396017478399946,-0.005376090939095857,-0.005376492308348961,0.10467706796093261,train,False,1030
2,100,e,0.18021601248772806,0.180214414675344,0.2671482415464939,0.17871023143148018,0.17870545786294326,0.2779563382476828,train,False,1030
3,400,c,0.09474575905802579,0.06981517393770058,0.09330696757499063,0.08677759758450612,0.09532511091456577,0.28970142601940146,train,False,1030
4,400,d,0.009016497996423498,0.009016735417390927,0.006571800125239736,0.01606592418872678,0.0160656642482906,0.11693858076504961,train,False,1030
5,400,e,0.1820331776324344,0.18201875638462764,0.27925870496753064,0.16829147692444898,0.16828005374952731,0.317201419805073,train,False,1030
0,100,c,0.06430821166995893,0.06429949708198002,0.06983743581671457,-0.10739470609617506,-0.10739002631512903,0.9293383401074314,train,False,1031
1,100,d,0.0056631800915473915,0.00566097216356683,0.0035246422536880746,-0.010364149986183584,-0.010364432702694356,0.04322539200698447,train,False,1031
2,100,e,0.23655838740219978,0.23623914226043868,0.3435472454932366,0.15073668045891453,0.1507209320375558,0.33171576702733113,train,False,1031
3,400,c,0.05765449983087205,0.05785281446771579,0.09132451955262548,0.0006305108624776779,0.0006081403901966809,0.6598009786544398,train,False,1031
4,400,d,0.0032663582280296473,0.003265582667264308,0.003017979151313813,-0.002826233466821595,-0.002855457333701281,0.04096111178554814,train,False,1031
5,400,e,0.16919990751543756,0.16921102499724433,0.25853197427604313,0.1256649299376232,0.12565563090187692,0.28448656113893667,train,False,1031
0,100,c,0.0805618091248888,0.08059010443984986,0.0454330945812839,-0.004136286505890894,-0.004143237911196422,0.8279305038750185,train,False,1032
1,100,d,0.006078356396519407,0.0060780186523577365,0.004811782619664813,-0.0018635963431650816,-0.0018652449125586656,0.018687537141284433,train,False,1032
2,100,e,0.20928349435633004,0.21305290528659118,0.17386955149021546,0.09228185933561726,0.09264349257373475,0.3343731996830652,train,False,1032
3,400,c,0.05356687436850348,0.08946209805032186,0.10038796366253049,0.04705946578633771,0.02196391788050846,0.8421103253908615,train,False,1032
4,400,d,0.004514608902612194,0.004514660902546117,0.0054492554892917044,-0.0062058901277892535,-0.0062060645632228,0.06707598169132313,train,False,1032
5,400,e,0.15944697522595233,0.15982039689504948,0.22153420391200496,0.13043353001742453,0.1305006530282683,0.35782791034896577,train,False,1032
0,100,c,0.18450741520854538,0.1842846185298299,0.1182221765894538,0.01005029070378356,0.01005752765873595,0.8465164650592172,train,False,1033
1,100,d,0.006631821720223868,0.006631856056976145,0.008165037847911241,-0.0018661933906652095,-0.0018664661666269566,0.06846906180352168,train,False,1033
2,100,e,0.20014036874089464,0.19926856189458392,0.23471587984461834,0.11543143965088305,0.12937393893079552,0.29710483894756395,train,False,1033
3,400,c,0.0540002829445026,0.05402322840080627,0.06552152901178138,0.0611996851104567,0.06119076086547423,0.411088816928354,train,False,1033
4,400,d,0.011450593066380221,0.00973151073828744,0.006922236002986835,0.007843096784558839,0.009398155454414017,0.13544594148602448,train,False,1033
5,400,e,0.20364589048765228,0.20364255911802284,0.26968268118519273,0.1437964846645849,0.14378787290138537,0.4713190239998379,train,False,1033
0,100,c,0.06105164493851864,0.06104806673137262,0.07052466480673142,-0.02424011360238744,-0.024250400666331162,0.4889962820520909,train,False,1034
1,100,d,0.01937331618671693,0.019374856362111992,0.01734387538668129,0.01608007464353337,0.016077429689446542,0.0791550670414481,train,False,1034
2,100,e,0.23968032433211606,0.2414973255018116,0.301985759899398,0.16870574680720524,0.16687721151442048,0.272879052042371,train,False,1034
3,400,c,0.060493992746037666,0.060486359368269585,0.07362196125308501,0.007631417586134078,0.007625717655751103,0.5306641165771457,train,False,1034
4,400,d,0.005654604918192398,0.006271715697317782,0.005088473799320963,-0.0015709910961141738,-0.001722375415128532,0.022853641625236065,train,False,1034
5,400,e,0.18723111807263637,0.18820232774834092,0.2907066170114223,0.1544417755845562,0.15456315141831284,0.37105623271009924,train,False,1034
0,100,c,0.07191886094521671,0.07191894463959503,0.10358687426174253,0.0553017922141153,0.05528945881920585,0.41146370208257793,train,False,1035
1,100,d,0.052356356946486,0.052383339619273814,0.013416594594939444,0.06252497465281237,0.06252343423661369,0.16309202519129976,train,False,1035
2,100,e,0.27143788943803104,0.2714809910775671,0.34152295563393964,0.12842070986420825,0.12840987135372042,0.32475648783933125,train,False,1035
3,400,c,0.05681546879963133,0.056812695300621704,0.07060048201064678,0.035815306370593235,0.03580916883568854,0.7079048458480406,train,False,1035
4,400,d,0.007433323675811346,0.007432465461209739,0.007419379040727,-0.0024096529536256563,-0.0024118713055588437,0.05727791923136412,train,False,1035
5,400,e,0.18225679919566726,0.1822576560880445,0.323891755352816,0.17331486365608512,0.17331166140396378,0.3326406320347724,train,False,1035
0,100,c,0.08813078465008686,0.08817913230936006,0.10469695622146212,0.02868919032240868,0.02868136174218975,0.553127518405642,train,False,1036
1,100,d,0.03387540517741988,0.03387204677723849,0.009766948210350979,0.0039170588581076875,0.003915808392376583,0.010853438520057174,train,False,1036
2,100,e,0.21902286169972393,0.2190082336794716,0.2398221726495981,0.14232166606744273,0.1423112200676846,0.30533386294118153,train,False,1036
3,400,c,0.07584054831202926,0.07593062563193237,0.06400537462190713,0.09985347328619738,0.09979055995123944,0.9061753616327997,train,False,1036
4,400,d,0.005909611205422342,0.005909214024560259,0.005591718422370624,0.01259928894833717,0.012599412778695829,0.142914012735939,train,False,1036
5,400,e,0.20114990623833137,0.2053623227683591,0.30216860059409656,0.16846243214136877,0.17362052002312317,0.30562749866016087,train,False,1036
0,100,c,0.05274605676131374,0.05274835806272733,0.07172557812757475,-0.012292415143892938,-0.012301191479317382,0.6044689445626079,train,False,1037
1,100,d,0.015959711199818417,0.015942439948986045,0.010204553697302322,-0.01153083920634428,-0.011532100419356156,0.007918357874153426,train,False,1037
2,100,e,0.20530939035438034,0.20531354886692818,0.3270997515872722,0.15534720174031605,0.155338011985671,0.31903682861566973,train,False,1037
3,400,c,0.07934864446319856,0.07840898062873507,0.11010906506855317,0.017211281993674207,0.016990379089760026,0.5669566830764781,train,False,1037
4,400,d,0.004867635262159069,0.00486756910302388,0.005344654019621238,0.01802086681534048,0.018020716876791364,0.13149752524738814,train,False,1037
5,400,e,0.1731935842923242,0.1732539746024596,0.2425440312513898,0.14789856663619047,0.14788961162201475,0.2903573038172407,train,False,1037
0,100,c,0.1332317694513319,0.13322222005485407,0.12430371933263858,0.16000043071450862,0.1599924186069228,0.5413975760826664,train,False,1038
1,100,d,0.013322643508983796,0.013323811072217863,0.010828858974671111,-0.005491057823866097,-0.0054920642551639,0.08188061181293073,train,False,1038
2,100,e,0.1973234829882449,0.19828266581107076,0.31446207772260115,0.17220620345787077,0.17223008209700838,0.2855526713311394,train,False,1038
3,400,c,0.0615792024764176,0.056358081200859,0.06127384222874686,0.08922910125936781,0.08895754692941907,0.9069615046810126,train,False,1038
4,400,d,0.00558905055716487,0.005602537518880524,0.006608654300591077,0.0002929799442816439,0.0002781987210143022,0.02149752289913325,train,False,1038
5,400,e,0.19318667831305117,0.193201263434335,0.30579168665024314,0.14890378788305403,0.14889601700201968,0.34513835836444395,train,False,1038
0,100,c,0.07504904285464084,0.16657477972599402,0.09430765779877398,-0.11168050104867185,-0.16889785027960522,0.32874037962080216,train,False,1039
1,100,d,0.007892621209999227,0.009187787664944791,0.010668003533824563,-0.02799633352977832,-0.028307358315627376,-0.006085917132093108,train,False,1039
2,100,e,0.22947231267358176,0.2294731201475084,0.2045634560045001,0.08128810745885318,0.08128007565940898,0.371905838557163,train,False,1039
3,400,c,0.07773459545370416,0.07780220530356621,0.08859874329698955,0.12833948791843702,0.12833210709754347,0.564070326950549,train,False,1039
4,400,d,0.008324607870893588,0.018198350018826373,0.008830997002641125,0.01797127628070477,0.008163223028553865,0.13296343149167572,train,False,1039
5,400,e,0.22257010731308693,0.2225728564898916,0.3017245427817385,0.18296442565563303,0.1829604049614026,0.300429764359709,train,False,1039
0,100,c,0.05453646445664747,0.05452524932887503,0.11789392255956256,-0.051966555025478346,-0.05198098420008343,0.7082496447492883,train,False,1040
1,100,d,0.008691896195816196,0.0086861367041678,0.005339725502049716,0.018161288252084875,0.018160571174361487,0.028349005684772166,train,False,1040
2,100,e,0.14511867847489318,0.14512543889432672,0.24009787501163068,0.14682577127847393,0.1468200225684282,0.33248419185565886,train,False,1040
3,400,c,0.07004794892713381,0.06925528915739193,0.09023454156066293,-0.03276361298231521,-0.03279617292641945,0.43891586643723834,train,False,1040
4,400,d,0.005179326462450724,0.005179422014633778,0.005887404402911429,-0.005069260248853862,-0.005069479803724235,0.04182040975251312,train,False,1040
5,400,e,0.2008539940771591,0.20085912478690932,0.2718504913431252,0.12912831403755629,0.12911680073052512,0.3552939130462556,train,False,1040
0,100,c,0.08211048930087463,0.08211053059718205,0.10666648534361672,-0.06449844839711752,-0.06449915638333586,0.1910212602878309,train,False,1041
1,100,d,0.01455332311474954,0.014549941824197549,0.004372279286574526,0.027243218715327054,0.02724225729876885,0.036465355648605105,train,False,1041
2,100,e,0.23031563371810307,0.23032176685122352,0.3177410185821313,0.10175916240918575,0.10175112854582664,0.3208263506538745,train,False,1041
3,400,c,0.06145501865402157,0.061453983682078855,0.08617524182632767,0.007648899298760554,0.00764734044350071,0.22345938717818328,train,False,1041
4,400,d,0.004677265007268737,0.004668143469017096,0.0053997777096578305,0.0018420893581303055,0.0018363994636957947,0.036553735070450025,train,False,1041
5,400,e,0.19890433364124696,0.19892886420073247,0.24689619965487,0.14415014854193356,0.14414615023105706,0.3069923401282024,train,False,1041
0,100,c,0.06794614938458932,0.06793648048899739,0.08318212732629751,-0.006335846395640487,-0.006338080117283056,0.48949454335798476,train,False,1042
1,100,d,0.003981216417145605,0.003981285610968946,0.004275569176528584,-0.012080832592354956,-0.01208109506436914,0.07368923717648171,train,False,1042
2,100,e,0.16342788855529225,0.16341785661384214,0.24063535044589812,0.14783047285487805,0.14782701030024561,0.30067634903431834,train,False,1042
3,400,c,0.06480084958928692,0.06480486758815643,0.08672502093482777,0.010362057470627307,0.010345263918504273,0.8064409779753966,train,False,1042
4,400,d,0.006885496485112402,0.0050353753526125875,0.0063908208372731,0.0029037445324898315,0.003353622072255984,0.06946653940909714,train,False,1042
5,400,e,0.1998982809010524,0.19993676284579423,0.3102165529671381,0.1383726479539634,0.13836548322523162,0.3118420887786929,train,False,1042
0,100,c,0.08104562938179337,0.08104674478193628,0.07944879198679299,0.09130293336034967,0.0912937263692443,0.6551528633362493,train,False,1043
1,100,d,0.003890805389495119,0.01760150853600255,0.006379046730560455,-0.011512060918801303,-0.0204437085525222,0.05074618744881441,train,False,1043
2,100,e,0.2270711221091079,0.22695779700113083,0.17146962404866234,0.08362105220994619,0.08361958514205388,0.5694462383923486,train,False,1043
3,400,c,0.06475886135777842,0.06266791380676003,0.10285428929463158,-0.0111229314807904,-0.009938148531543406,0.7730826981581544,train,False,1043
4,400,d,0.003806940833186632,0.003806624940420399,0.003450994972303691,0.0037625629100244496,0.0037607610184304543,0.012920609942160937,train,False,1043
5,400,e,0.15022190614420822,0.15187132121220318,0.2536916800303418,0.14324270127526872,0.14221028890356416,0.3445012445179958,train,False,1043
0,100,c,0.19565578027318445,0.19572323714101042,0.1825075768378597,-0.09712889968377753,-0.09714072784146943,0.0053809146313905385,train,False,1044
1,100,d,0.041638794826073876,0.06634050661035631,0.03299309850426449,0.05424122094342561,0.015887453724397,0.32635183661181083,train,False,1044
2,100,e,0.25069000906068106,0.25072745997039037,0.4137006261497843,0.12291210532186388,0.12290685772384802,0.394770564722992,train,False,1044
3,400,c,0.052066410021790646,0.05205495718935085,0.07328401659392832,-0.0062581623569573,-0.006277560004570404,0.9200084074404518,train,False,1044
4,400,d,0.009176493625887997,0.00917636068750536,0.008687924100532743,-0.004943890491589702,-0.00494365456638997,0.1492199048453028,train,False,1044
5,400,e,0.17597156506507328,0.1750989854703424,0.2533835112486258,0.14356465060780405,0.14366127593382755,0.3280397447006321,train,False,1044
0,100,c,0.07990488358442384,0.0799007142019768,0.06929865586120325,0.05057203754744549,0.050563504070397586,0.6311787525233299,train,False,1045
1,100,d,0.005228635489765512,0.0052289730606379006,0.0038368620884084203,-0.004167522834741533,-0.004169187942896073,-0.002850843134973058,train,False,1045
2,100,e,0.20429416036213396,0.20428907658692744,0.2863308288413873,0.13886682321202767,0.13887336969186376,0.37102759111921285,train,False,1045
3,400,c,0.06012988268290778,0.06017652836390618,0.07539147986480876,0.05977160105499927,0.05972972306908126,0.41282012300267107,train,False,1045
4,400,d,0.003844642119900721,0.0038446715331697163,0.004557945435508564,-0.007354812508968874,-0.0073550411845106824,0.10144165787690376,train,False,1045
5,400,e,0.2158889615259114,0.21594825530172007,0.27320565885945824,0.15364617186491608,0.1536329619144785,0.3567582100382516,train,False,1045
0,100,c,0.09402637117313115,0.09403001463462926,0.11149439521136964,-0.02251171225770314,-0.02251383460977877,0.279104869140683,train,False,1046
1,100,d,0.005541161788146459,0.005536873762138892,0.006596018750682623,-0.011754253004871238,-0.011754853633997744,-0.01169230293531399,train,False,1046
2,100,e,0.19098101575485532,0.20609112272797753,0.2890208632813645,0.12037527593751961,0.1548397690581333,0.24375535090045125,train,False,1046
3,400,c,0.058986004480680164,0.058994636023140944,0.08545417721970576,0.050097430638231376,0.05009341724998066,0.5113563171873097,train,False,1046
4,400,d,0.005231608051287881,0.005237154473171155,0.00541909319682254,-0.004024919446372977,-0.004033492102447571,0.002110255728683441,train,False,1046
5,400,e,0.19053124155309567,0.1905330326550581,0.2538832359263607,0.1362742988924211,0.13625807054692474,0.326239154394729,train,False,1046
0,100,c,0.13263002630883977,0.13275691493824637,0.08745588257992878,0.019604402780964206,0.0195524697994216,0.26305087858034526,train,False,1047
1,100,d,0.010754929085695468,0.010627995277116893,0.01221079415418194,0.005352537032326499,0.005327466320765968,0.037777875503976086,train,False,1047
2,100,e,0.19980245576634809,0.19980308001701397,0.2373039361985213,0.14545230918029753,0.1454417614776829,0.354097554260221,train,False,1047
3,400,c,0.08243775736894453,0.08192923406532157,0.09653948832756871,0.03956920131044562,0.039502247544350055,0.6970668694553338,train,False,1047
4,400,d,0.00827932555725949,0.008289232090905565,0.009137260209985634,0.017774139099004778,0.017769132780044678,0.14682531730624684,train,False,1047
5,400,e,0.1664796853636031,0.16648227472569288,0.23609760315998693,0.17828738598055752,0.17827579906818108,0.3044957833430279,train,False,1047
0,100,c,0.21973527496272502,0.10395738437462955,0.1103113898557887,0.10883666695851715,0.13103654290275046,0.32045712499692164,train,False,1048
1,100,d,0.024061297554354627,0.024073313294838476,0.02485487008593096,0.022731475441126536,0.022729658922430146,0.08019060052135847,train,False,1048
2,100,e,0.2741228744661015,0.26548467517407154,0.3542161410402005,0.18475284294033933,0.19191287613770386,0.23027649198965036,train,False,1048
3,400,c,0.06676613988982974,0.06678047783121925,0.0816503642258743,0.06106655896772601,0.061063637013870464,0.7687521795598582,train,False,1048
4,400,d,0.0061880826630163225,0.006187188792355496,0.006821474343221112,-0.0062810752577484585,-0.0062808440097626315,0.033713622986909685,train,False,1048
5,400,e,0.17342178213550682,0.17341414864842772,0.26660573596124976,0.18167448941570807,0.18166990103346384,0.3259816956309452,train,False,1048
0,100,c,0.06115412295739195,0.06113857895992095,0.10411046074210596,0.04655604036208317,0.046548896115255756,0.6547056106642679,train,False,1049
1,100,d,0.008372539845032908,0.0083725753003597,0.010091908742356756,0.0022931972421707768,0.0022931162648887594,0.10541590624074416,train,False,1049
2,100,e,0.21541131495227145,0.2154145213279583,0.2861156970202183,0.1545451771824456,0.15453924863172502,0.3210204334482187,train,False,1049
3,400,c,0.05474986633134109,0.05472181751700674,0.07314058597753131,0.00713452743774539,0.0071365610710345355,0.6289318192815027,train,False,1049
4,400,d,0.006253082300477343,0.006249267513696446,0.0068418670907650905,-0.0021789276912242885,-0.002180330805914181,0.01899864085860221,train,False,1049
5,400,e,0.20158956723987523,0.2016049635206883,0.2860371330112621,0.17613314177946632,0.17612461305480293,0.33228311294924934,train,False,1049
0,100,c,0.06276985343213368,0.06271976015172254,0.10301186756461886,0.06646881700120894,0.06647015107381819,0.9008619557302656,train,False,1050
1,100,d,0.00634785767131569,0.006347779933442311,0.006426430731557929,0.015600831244253613,0.015600594848587087,0.01655390643576135,train,False,1050
2,100,e,0.1987958108425964,0.19918811046026072,0.2832312998691392,0.09630059346526722,0.09633723878482797,0.3213628879291852,train,False,1050
3,400,c,0.10050799619744506,0.10054684760983039,0.09953121249829945,0.019196217976660393,0.019125625136546916,0.17631998114635877,train,False,1050
4,400,d,0.016033563682358854,0.0160977151458274,0.0058089410150122985,0.006026552051125265,0.00601112922620862,0.07206978820169326,train,False,1050
5,400,e,0.2106714539006746,0.21091145067257486,0.2976643088212072,0.15989470637568728,0.15949390731880136,0.31541324852792896,train,False,1050
0,100,c,0.0905757340766793,0.09059796948923347,0.10631037101198589,0.08430093864881875,0.08427679781493758,0.8764526182047656,train,False,1051
1,100,d,0.004927514287216434,0.009645293778617841,0.007018468093554978,-0.019452348076060843,-0.021266280076860673,0.04565119060486109,train,False,1051
2,100,e,0.2160562472608486,0.21263457099991737,0.27426427638964773,0.1462142319315793,0.15394588479967902,0.30416684651409787,train,False,1051
3,400,c,0.09034600916090062,0.08761253516015552,0.08311997099654991,0.04882339410797371,0.048535745917577845,0.5639280392942524,train,False,1051
4,400,d,0.00567005023498643,0.005686529689657342,0.0052867124764773435,0.00796728733514696,0.00796591094144798,0.10609517740491871,train,False,1051
5,400,e,0.17695452113331836,0.17696252043693927,0.24228900311071944,0.14362541495121825,0.1436280210411592,0.5508880517088203,train,False,1051
0,100,c,0.05464987473163126,0.05463292135781303,0.06492631904973774,-0.01854915897027894,-0.01856444130326608,0.9202119093888368,train,False,1052
1,100,d,0.008672696841675164,0.008672858360981193,0.01058569952254073,-0.0023705272822060943,-0.0023708333646921356,0.03158623582081496,train,False,1052
2,100,e,0.14464265818950797,0.14464801361329357,0.2452729060405129,0.1490759667880076,0.14906454818553985,0.26373732885151907,train,False,1052
3,400,c,0.05314504863221667,0.05314900867720919,0.06819063167450184,0.01887929915146593,0.018868541936735355,0.8799319879005425,train,False,1052
4,400,d,0.004618771591096315,0.004614891894571511,0.0035331420245175342,0.010194760088851283,0.010193308578102975,0.04224541209817424,train,False,1052
5,400,e,0.16640902739676341,0.16504379924403734,0.26820757372860937,0.16892870301842078,0.169523484329463,0.30159563232530706,train,False,1052
0,100,c,0.05589714178635061,0.05590791127663557,0.06180569115104121,0.015334529389140386,0.015318049490774612,0.7497263328483009,train,False,1053
1,100,d,0.010624494782551725,0.010629598944996257,0.0050015005134053546,-0.0014415068062435489,-0.0014423017447493791,0.07907294683815891,train,False,1053
2,100,e,0.1576017501425054,0.15759305778329435,0.2663335961963264,0.09786861213496369,0.09786040789697349,0.3619156466932931,train,False,1053
3,400,c,0.07405627744869778,0.06462973693645144,0.08555830870299301,0.06984495482161152,0.0721814127364081,0.39849877118033417,train,False,1053
4,400,d,0.003673563586267084,0.00587310352931324,0.004169017308695763,-0.005391641153757814,-0.006993701441315494,0.02685257891306531,train,False,1053
5,400,e,0.1833058350334407,0.1833018565763756,0.30376916097404894,0.16950583666707694,0.16950464243776842,0.36201421239021614,train,False,1053
0,100,c,0.06960436199697871,0.06961369139794217,0.06274652176723775,-0.03612488934591795,-0.036135109287348116,0.7409549330643886,train,False,1054
1,100,d,0.0031828394462807236,0.0031828720728278624,0.003469827020663067,-0.018124703389300514,-0.0181251805430108,-0.01807441110578127,train,False,1054
2,100,e,0.16586717129389084,0.16574888963866863,0.25071962474830156,0.10970634869765394,0.10968889366875505,0.4452038574013003,train,False,1054
3,400,c,0.050403730291260135,0.050404035042515234,0.06997234308607973,0.033952526335979345,0.033946347595172385,0.7599233464213749,train,False,1054
4,400,d,0.004261895874218065,0.004396460526718728,0.0039845218256544315,0.010666444135835,0.010657620266350509,0.05816895721079149,train,False,1054
5,400,e,0.18153324118239386,0.18154757739816157,0.26859245498418505,0.13985615259911974,0.13985186130056768,0.373183221172907,train,False,1054
0,100,c,0.06743585998236595,0.06756903486775298,0.05126693965821584,-0.011398914761903712,-0.011440730134572804,1.0864623633737494,train,False,1055
1,100,d,0.005589519396033721,0.005539215036849703,0.007835755215359563,-0.0019900506650709815,-0.001994901938236797,0.03854914056112539,train,False,1055
2,100,e,0.15857761738204723,0.15830732846289616,0.1741327041948446,0.11600528332685257,0.11599104836986947,0.39235060981477526,train,False,1055
3,400,c,0.059741395439959225,0.05974284548718924,0.09526095101604148,0.0358609685447162,0.03586170821548649,0.5290105971261514,train,False,1055
4,400,d,0.005914799251440112,0.00591512251208739,0.006391832923920643,0.0011290460110168256,0.001128591247738484,0.0036626023777863105,train,False,1055
5,400,e,0.18422599132515674,0.18423969864277254,0.3058549381927309,0.16678865149786837,0.16678318749368287,0.31153915678619776,train,False,1055
0,100,c,0.1211534024045169,0.12122754724172578,0.06686018499930194,0.13268673997472902,0.13272046441085436,0.9614609503454669,train,False,1056
1,100,d,0.009144891700719042,0.009145045543074765,0.006888977379726705,-0.017942443152788545,-0.01794258555255798,0.029162708476482103,train,False,1056
2,100,e,0.17770385301363517,0.17763849571865115,0.30607395365296464,0.14900811074510378,0.14900460894740816,0.24838351914878007,train,False,1056
3,400,c,0.05522847636896028,0.05534009280541551,0.0627671702689203,0.06620092328908435,0.06630580919724835,0.676896961521985,train,False,1056
4,400,d,0.00680693311985422,0.006807619931910933,0.006217224569730495,0.0020384966561101336,0.0020380604800626758,0.03678545241023974,train,False,1056
5,400,e,0.1766758046553639,0.1766634159952005,0.21992105615489368,0.14673516717428126,0.1467259338701137,0.2976064331571128,train,False,1056
0,100,c,0.06041367882613682,0.060413560083334934,0.07690443423305546,0.014251049148814232,0.014249813841978494,0.39673484236266354,train,False,1057
1,100,d,0.0065140826685272275,0.006383381888161531,0.006349660691611466,0.007662028899516998,0.007826578728809448,0.06129179342451435,train,False,1057
2,100,e,0.26831516203229777,0.26829407252400345,0.3278233846771147,0.16700673158985554,0.16700846132844038,0.26730032981941265,train,False,1057
3,400,c,0.04991883109300095,0.049917093860360175,0.07849022102229469,-0.006704831066641361,-0.006708834522334044,0.5206598185103348,train,False,1057
4,400,d,0.016671512292702518,0.01667714563996535,0.005472467144577934,0.012600446717123718,0.012597072031462453,0.11684623987979745,train,False,1057
5,400,e,0.20885992953380028,0.20881229375975566,0.3036408594113438,0.16683876119722843,0.1668277547241679,0.31330108705583404,train,False,1057
0,100,c,0.07018186860435702,0.07021955913378988,0.08233938823361518,0.11020151522835939,0.11017754133643798,0.5050358766400849,train,False,1058
1,100,d,0.006672179578169188,0.006661448660246147,0.006828020610649549,0.016525457774024394,0.016524150289560034,0.030144892686224587,train,False,1058
2,100,e,0.16653239535398842,0.16653123957836893,0.20170265628135664,0.11291657004990306,0.11291033538896535,0.3336737180547271,train,False,1058
3,400,c,0.06698713634451392,0.06702591586607905,0.08504123672237013,0.02813737402543296,0.02808792112972071,0.4988952281129791,train,False,1058
4,400,d,0.0051047129570808095,0.005105482904748593,0.0036916749402517487,0.005085006969086993,0.005084623664740935,0.06803919028140382,train,False,1058
5,400,e,0.17126625040997104,0.17126798482414873,0.2520645302898003,0.14557836822353623,0.14556605985948765,0.3465039764240948,train,False,1058
0,100,c,0.060357660724347256,0.06035930932172172,0.0768809498719557,0.04251346083350825,0.042510602175515756,0.5962213810455833,train,False,1059
1,100,d,0.02069943236548337,0.020678997425771343,0.008403755376319535,0.003756098823530909,0.003757807786115581,0.06878287086650475,train,False,1059
2,100,e,0.20271324683429193,0.20285620900213078,0.20616517921581187,0.1371707734462538,0.1370318505536359,0.28910987315905207,train,False,1059
3,400,c,0.06372610603405915,0.06376276403431928,0.07082771512952257,0.09632168402402443,0.09629772023213833,0.7561125830167219,train,False,1059
4,400,d,0.0044261010052283,0.004420318433668457,0.004991688537868841,-0.003745084138629569,-0.0037559906681962295,0.06419130768277068,train,False,1059
5,400,e,0.18674398059368577,0.18681286872633635,0.2281972808838216,0.14769587848863608,0.14771478039633493,0.3586515496916924,train,False,1059
0,100,c,0.0625400170299935,0.1863376354336932,0.1573481621512881,0.01330101210781301,-0.0788805392180248,1.1569133338859052,train,False,1060
1,100,d,0.005431301670948563,0.005431311269669419,0.008547256684332401,-0.01978764025170625,-0.019787722127968106,0.03542000902387851,train,False,1060
2,100,e,0.12205551603429794,0.12965025199977226,0.158092080111277,0.11422229999084788,0.123899511529745,0.302283804527091,train,False,1060
3,400,c,0.06023491126103974,0.06023209673248608,0.08709889054167812,-0.018700637381588336,-0.018703888779241142,0.8443541217454998,train,False,1060
4,400,d,0.00384482242915376,0.0038084202998273,0.004500696335585184,-0.0052753423037406755,-0.005279575465435844,0.05317186884058664,train,False,1060
5,400,e,0.16906632833141885,0.16907221877045867,0.25771320182120694,0.14862959454705124,0.14862402301521047,0.3247222487607217,train,False,1060
0,100,c,0.05806207984632725,0.05819419534924136,0.08730106516733055,-0.026208937873723883,-0.02622625349719357,0.5266080611391736,train,False,1061
1,100,d,0.0057332059642097866,0.005733309143338893,0.003635369547636894,-0.007745801039831264,-0.0077459727086367815,0.06884843248708464,train,False,1061
2,100,e,0.15634494167396532,0.15633866544447114,0.283355842994026,0.12988683121293815,0.12988037983290643,0.34710495188380663,train,False,1061
3,400,c,0.05752704977862596,0.05752698375924119,0.07739708927400052,0.03916295567460594,0.039157955551682236,0.634312988708571,train,False,1061
4,400,d,0.004868969384468895,0.004868832176328547,0.005339530221576119,0.008054338224186566,0.008054262042926278,0.026639554849294526,train,False,1061
5,400,e,0.1887762286816983,0.18878439169555494,0.24925706946274165,0.13027174589234264,0.13026819083285632,0.324538086638276,train,False,1061
0,100,c,0.10819001505247662,0.10811830184697879,0.09455085404016556,0.10825767261232194,0.10822790198353012,0.8594061679045634,train,False,1062
1,100,d,0.018766001236827784,0.01877055221050101,0.01871833124165221,-0.019951656265198674,-0.019954039462928643,-0.0037909569740391725,train,False,1062
2,100,e,0.269188208532907,0.2691435837817643,0.23957289181086217,0.14879362338293384,0.14876664466982994,0.2792442581100873,train,False,1062
3,400,c,0.07161636691648857,0.1033569855507066,0.08414235409712388,0.11940772050026838,0.10350802669133856,1.00664130407389,train,False,1062
4,400,d,0.008212700537844517,0.008209454002042095,0.008193383579778165,0.0033332001953403534,0.003332810175115899,0.07123448080967032,train,False,1062
5,400,e,0.18136166019504057,0.18129944134814302,0.28100818547214396,0.18622171625173478,0.18620939422622798,0.3127955582879008,train,False,1062
0,100,c,0.07212413666036753,0.13629755580197211,0.11975878157387225,0.06609321272403605,0.05079419457423654,0.4521969230544701,train,False,1063
1,100,d,0.007649227429545685,0.007703333570034518,0.009856537710200721,-0.005744811838009181,-0.005761904100557853,0.03349658217382078,train,False,1063
2,100,e,0.21675603740131139,0.21673658627076242,0.2830752126586881,0.1534220443380872,0.15341403110827148,0.2552340814280405,train,False,1063
3,400,c,0.06250086458236381,0.06250055757331148,0.08136423455556545,-0.01192470636533848,-0.01192915372175591,0.832435552658453,train,False,1063
4,400,d,0.004978481364203794,0.004978600256274681,0.00564512582364748,0.010341076240218978,0.010340950184520744,0.11987477938896177,train,False,1063
5,400,e,0.18469711113676943,0.18470487916943135,0.3006699958197085,0.15472934194772778,0.15471030970859012,0.31355117430197843,train,False,1063
0,100,c,0.06861255636331377,0.06857216288887892,0.1225988252747408,-2.5682931774682062e-05,-3.6961977034835057e-05,0.14462253257512508,train,False,1064
1,100,d,0.006280646986050172,0.006280697443971931,0.0069988539384934914,-0.026190619383743882,-0.026191065491274,0.08273102990483049,train,False,1064
2,100,e,0.15364973588042272,0.1553378771608097,0.21349623032542342,0.12146398511504786,0.1218516612296969,0.338267872694705,train,False,1064
3,400,c,0.05637854907808324,0.056378096487022564,0.0753301403972555,0.040885066765083876,0.04087736492683376,0.7832616642315089,train,False,1064
4,400,d,0.004801233270045591,0.0048959882187285635,0.005590612732469668,-0.007778509291708051,-0.007873099005949555,0.019161121298354154,train,False,1064
5,400,e,0.18948518605374143,0.19639169853061578,0.27823331723368894,0.14464230680823445,0.1457039453314933,0.3238239853905754,train,False,1064
0,100,c,0.07105203485914036,0.07106225336181232,0.061904391341421,0.11229367296583256,0.1122809273794271,0.8254311402636919,train,False,1065
1,100,d,0.03122439775734707,0.031204806743245616,0.007404813756573493,0.01738764707338717,0.01739137652334261,0.11208412102437836,train,False,1065
2,100,e,0.2254046680347563,0.22541672751351413,0.33181077480556076,0.16413589202809525,0.16413091603426708,0.28581005459162756,train,False,1065
3,400,c,0.05604897567978429,0.05607337901030831,0.06590731937457467,0.08542790375881318,0.08537179316119925,1.0687775694659611,train,False,1065
4,400,d,0.005130749214926581,0.012868953636690248,0.004818320102418464,0.0021762586719304977,-0.002988018006422877,0.1621000441197737,train,False,1065
5,400,e,0.16868154070130448,0.1699355426548918,0.24358654478897232,0.1682586859249196,0.16825560565891617,0.3393930827242641,train,False,1065
0,100,c,0.06001926563565523,0.05987849056273654,0.09531081371183626,-0.006772856156152969,-0.006791646165504233,0.40069096485942507,train,False,1066
1,100,d,0.005233340605708308,0.005233358435879498,0.0055616994589177,-0.009215189928971093,-0.009215375636330556,0.03406906362632734,train,False,1066
2,100,e,0.21442344644499267,0.21540790346227429,0.22306132103550586,0.06574979890979674,0.0652496397459225,0.3406203578796221,train,False,1066
3,400,c,0.05902359482486837,0.05906353923762422,0.08186992271547897,0.05757267362158771,0.05750638565324486,0.4538819717068434,train,False,1066
4,400,d,0.006288924781507035,0.007129275667663183,0.007057169668033191,-0.0026970564355413805,-0.0031754515768969505,-0.0005652069956352079,train,False,1066
5,400,e,0.19488088847297153,0.1948445986785699,0.2786071451439032,0.16302102990082193,0.16301003817974088,0.3365392580079575,train,False,1066
0,100,c,0.08699187596793681,0.0869935967956144,0.13429154121708742,-0.06259579386136523,-0.06259570585688592,0.21366699330416147,train,False,1067
1,100,d,0.01014807693513035,0.010148276274775232,0.01176829030432605,-0.01070431071659323,-0.01070489538120384,0.02699013773476807,train,False,1067
2,100,e,0.20568850933550423,0.20575003300657943,0.2737745994170319,0.0733835138519882,0.07336959490422679,0.2906229899172552,train,False,1067
3,400,c,0.06178519862377166,0.06175974720483215,0.09584537948630897,-9.196928852169606e-05,-0.00010261828273876006,0.47504952628703484,train,False,1067
4,400,d,0.005757735224150628,0.0057511702542307926,0.006304120723812003,0.011214856150831879,0.011212662922608843,0.08419498130276114,train,False,1067
5,400,e,0.18705749640753294,0.18703814763453536,0.27248713835279814,0.14314102129429324,0.14313200420011676,0.29346001174104325,train,False,1067
0,100,c,0.1523728079949689,0.15261411491595278,0.14001502703899346,0.13428181438005404,0.13424747949821203,0.9204267039592233,train,False,1068
1,100,d,0.009409625958755802,0.009411328982941686,0.005303257916968027,0.014311811173337557,0.014309836283008845,0.07527614587033632,train,False,1068
2,100,e,0.1847028965158742,0.18475588628067308,0.24850006088301155,0.1273265333706106,0.12731883816058165,0.30300726968311725,train,False,1068
3,400,c,0.07080959722677833,0.07062071619465785,0.08558413930025027,0.09230066000744003,0.09214722936972108,0.39059208420794606,train,False,1068
4,400,d,0.00635263629005202,0.006351018937382932,0.005992078627048107,0.004472251936728498,0.00447024830357801,0.09436617425244026,train,False,1068
5,400,e,0.17271799976586577,0.17281384317416684,0.26358656107452066,0.16272670315351445,0.16274477682057073,0.32588543184932606,train,False,1068
0,100,c,0.040886816119378055,0.04088487956985085,0.10027152085816905,0.016964108393849243,0.01696067339689364,0.37560349884376065,train,False,1069
1,100,d,0.004484952231471842,0.004485089889184328,0.006044163863492682,-0.032064093620902255,-0.03206448086171404,0.0016308427875315167,train,False,1069
2,100,e,0.17369599137463163,0.1736850595346307,0.23194353653706376,0.12292481843653207,0.12291253392567371,0.2940537458781021,train,False,1069
3,400,c,0.06401967403777391,0.06402374674805063,0.07078287919020437,0.07198282732981234,0.0719416535665615,0.6043974128547019,train,False,1069
4,400,d,0.00615032632532132,0.006152620192018527,0.007304329456174346,0.001772519433239843,0.001771104006862263,0.10406331482312553,train,False,1069
5,400,e,0.20499503926744342,0.2097243479259534,0.2933042660656009,0.1773839406986172,0.17789446950113794,0.2988402053772803,train,False,1069
0,100,c,0.1026326318451776,0.10263458998461455,0.10605598655551084,0.16186413191137092,0.16186024444636474,0.6219074460276303,train,False,1070
1,100,d,0.01841577132832675,0.018420609444479888,0.02102064801742578,0.02026096941423077,0.02025952055181227,0.05877689506810379,train,False,1070
2,100,e,0.20822940278415633,0.2066725579051526,0.2623456912551839,0.11564153639092332,0.11562427142171984,0.3200979012326286,train,False,1070
3,400,c,0.061663880814716486,0.061664712550329105,0.09956574083586311,-0.0507461533164215,-0.05074512458314871,0.3995156835693706,train,False,1070
4,400,d,0.006763501095983586,0.006755171319303877,0.008456500282282632,0.00019333997527104074,0.00019319896001507075,0.0681631935025933,train,False,1070
5,400,e,0.16725984610865144,0.16732829737449198,0.2707490279864954,0.16529700942576256,0.16528578432677962,0.2913417462600617,train,False,1070
0,100,c,0.05796407700842905,0.057951425760301836,0.08439382935577738,0.021130289136287318,0.021112348519238752,0.7568080951275885,train,False,1071
1,100,d,0.008217999239943274,0.008134903485313545,0.010437645116978944,-0.01892682641744763,-0.01895909284758739,0.01828424839689033,train,False,1071
2,100,e,0.3311921307718146,0.3312473579828379,0.37450627744019543,0.10067495177363085,0.10065764815301222,0.2667952845019407,train,False,1071
3,400,c,0.08113227723947308,0.08108855919229102,0.0668359542357994,0.10907942557445807,0.10901206752495696,0.9647562605371789,train,False,1071
4,400,d,0.006183590822693113,0.007580650298558771,0.009141931464148522,0.01263952198889216,0.011162442505609427,0.08379651436607842,train,False,1071
5,400,e,0.18259835267634286,0.18236117862095708,0.23996081967504776,0.16539393713945288,0.1645893194332104,0.34903128264249017,train,False,1071
0,100,c,0.07584956676657618,0.0753881519633667,0.108841362467661,-0.05171647634107174,-0.05171156858999566,0.7680682377769068,train,False,1072
1,100,d,0.011970029154468036,0.011969877735491226,0.013072943073688678,0.02355127886995218,0.02355085839014773,0.032989561357524,train,False,1072
2,100,e,0.28653263288729725,0.2865407626014339,0.3078092050604151,0.08738481881947863,0.08737828876789322,0.25425038100596614,train,False,1072
3,400,c,0.06423922658098379,0.06439246375951947,0.07721163703567765,-0.027581324908043072,-0.027636391216917248,0.5379737558501931,train,False,1072
4,400,d,0.012393353397443995,0.012402104447898027,0.008927367562603528,0.020631433672592632,0.020623620716411502,0.07190803229275662,train,False,1072
5,400,e,0.19730559440277812,0.19731369430548848,0.3061130774659644,0.1580164623907919,0.15800948391871772,0.35260167781539875,train,False,1072
0,100,c,0.08604291698869539,0.08603176994217993,0.07095809264229642,-0.021039815233392715,-0.0210591822403061,0.5863746374085163,train,False,1073
1,100,d,0.004338385097146281,0.004338366828428141,0.005872894581185329,0.009506287424902098,0.009506273117703579,0.12061745556850545,train,False,1073
2,100,e,0.172840962024018,0.1728460990559007,0.2181761117407925,0.12864728399459374,0.12864619406527156,0.36777004180628725,train,False,1073
3,400,c,0.053530562147239794,0.05353641690446059,0.0716763617893255,0.019210895672040637,0.01921004609926037,0.5083254674676461,train,False,1073
4,400,d,0.005466798951594418,0.007552309561408153,0.007665155356277431,0.00021666761363656306,-0.0018469164249513526,0.02991507318499238,train,False,1073
5,400,e,0.1657200210460035,0.16574076680311628,0.24660638239712626,0.1674739082312187,0.16746222592453422,0.6537567527503502,train,False,1073
0,100,c,0.05283667379259883,0.05283936399035311,0.058165365042824775,0.09419979089751515,0.09418995515117785,0.5375399110348262,train,False,1074
1,100,d,0.024235558135910388,0.010863829182196442,0.008031533872141956,0.03206491651076988,0.03664266535047551,0.1541303415623651,train,False,1074
2,100,e,0.17361117325629039,0.17356394531117733,0.2373096267957276,0.14321055413671324,0.14319552284023807,0.3414275198587765,train,False,1074
3,400,c,0.0664206320372688,0.06641687953961363,0.07921376598952612,-0.04168219756517587,-0.041682922259285535,0.6824395278599706,train,False,1074
4,400,d,0.005207522276735896,0.005207553475842122,0.005167477477758359,0.010875088761127322,0.010874926039437795,0.1246369194164808,train,False,1074
5,400,e,0.1817976852828426,0.18166917298180113,0.27148395183176216,0.12812726802754704,0.12812225676517877,0.3451696295736519,train,False,1074
0,100,c,0.17118329204334418,0.17123671934759893,0.11055475218457302,0.18584041870472745,0.1858080774825004,1.009948686001084,train,False,1075
1,100,d,0.008651158927202569,0.00866171098232357,0.005369054109320945,0.0221923868347597,0.02219170619727974,0.05809591858511773,train,False,1075
2,100,e,0.2890647669067883,0.28900121710125476,0.3243257425935983,0.14242598732275646,0.14242388776931655,0.296131267600646,train,False,1075
3,400,c,0.10851916792773744,0.06119521956374102,0.07872558621683273,0.08043015734535601,0.0985450162824938,0.2967890315904004,train,False,1075
4,400,d,0.006728693071855883,0.0066837557660028935,0.009194979694043018,-0.002568103919509461,-0.0025851855569372973,0.0137004078481419,train,False,1075
5,400,e,0.18958236694289415,0.18954010689524214,0.27273982492835375,0.1561468518303431,0.1561365650688486,0.3059250081778556,train,False,1075
0,100,c,0.06277911924495176,0.059660924277432505,0.06734550083853785,0.026451892867002513,0.02689574661589127,0.5188494508056885,train,False,1076
1,100,d,0.005835976800371772,0.005836240515181081,0.010652732090362915,0.009642962341094794,0.00964273175266829,0.05773682697383059,train,False,1076
2,100,e,0.14318598520790002,0.1429593487888623,0.18930755454789516,0.17545542184500662,0.17544272952233983,0.2866904634815052,train,False,1076
3,400,c,0.06327012048437246,0.06016267416406517,0.07019177339524797,0.1155940435004407,0.11581644866902714,0.7159899757054847,train,False,1076
4,400,d,0.004829886430572295,0.004830039392987708,0.004641917146873825,-0.003717514642328901,-0.003717620932149828,0.033131223357936716,train,False,1076
5,400,e,0.17988642344001238,0.17935686235542186,0.23262905367831835,0.1566004789753814,0.15985838796687243,0.32577690876973037,train,False,1076
0,100,c,0.12242454057985766,0.12257360736108523,0.10900224966809842,0.05768504795545994,0.05764096122830225,1.0697050773254906,train,False,1077
1,100,d,0.008975606021492149,0.006781720427252514,0.0051766910724810045,0.017283496149465734,0.019405588700524883,0.2453307312059598,train,False,1077
2,100,e,0.23347802690480804,0.23271963019586173,0.25349469059718704,0.05768821558283349,0.05767100819512507,0.3321778165226618,train,False,1077
3,400,c,0.06271741857232097,0.09371229699236483,0.0686801796919055,-0.007317313224389324,-0.02443713724965562,0.9580547774131375,train,False,1077
4,400,d,0.00384154812156157,0.0043538804704907974,0.0037938370817086004,-0.018266206154407456,-0.01858897107285241,0.008223943259266963,train,False,1077
5,400,e,0.1756101429049762,0.17551707138283168,0.2384986653726622,0.1131794267268829,0.11316903421701746,0.37169449156973683,train,False,1077
0,100,c,0.06430939227952953,0.06432098441129247,0.08653261624846403,-0.018508194680865273,-0.01851388743377079,0.24299249241385226,train,False,1078
1,100,d,0.010593002563483755,0.010585065248585622,0.007948332893990885,-0.0022123373886770814,-0.0022104290442291233,0.08979682377856768,train,False,1078
2,100,e,0.20326025963072197,0.20328373083092066,0.2732835591608792,0.14197343346044555,0.14196570602078815,0.31336582683888425,train,False,1078
3,400,c,0.056275905001311896,0.05626578501212353,0.07421885820973807,0.07431255102356531,0.07421527928857544,0.6883004600373865,train,False,1078
4,400,d,0.0055524860125593855,0.005552607716401981,0.006154264956178633,-0.013600114711300808,-0.01360029150471231,0.028250504517605288,train,False,1078
5,400,e,0.1568671646297287,0.15683810338277426,0.2564249742274203,0.17264411144175693,0.17263071128534838,0.3239779328475156,train,False,1078
0,100,c,0.09194130440818515,0.09193309306469559,0.07447371490431515,0.15903938507627643,0.1590377292512774,0.6595316663020657,train,False,1079
1,100,d,0.008569846508302049,0.008570318136720644,0.006141323139315582,0.020006800907070126,0.020007449858418624,0.08256661210935654,train,False,1079
2,100,e,0.21679022832076858,0.2169439175302462,0.34282533724556413,0.15867127280834967,0.15866898807099122,0.2606220144407611,train,False,1079
3,400,c,0.06262429738088919,0.0626257393677332,0.06924784907186216,0.08890286294292672,0.08889699837496316,0.6226371175409348,train,False,1079
4,400,d,0.007674962242491793,0.007674787294157964,0.006422196094730413,0.02515356047824069,0.02515347160766396,0.07380249209127596,train,False,1079
5,400,e,0.1971022638401571,0.19708143272996298,0.2861985115475013,0.18460365976726442,0.18459717290406324,0.3215814856679718,train,False,1079
0,100,c,0.25968582972938764,0.25983423505784625,0.1090650977897485,-0.03523262497902472,-0.03524917327936642,0.6237587660566367,train,False,1080
1,100,d,0.043270602636172904,0.04326410090450411,0.005931213585433934,0.009061604123727368,0.009059122330974834,0.26242131340629304,train,False,1080
2,100,e,0.1521344014919078,0.15213512548909092,0.2833542596588061,0.1609444446861426,0.16094084173307355,0.27643937908601,train,False,1080
3,400,c,0.06392820226602206,0.06392996073349444,0.06045873472736618,0.04804447743222369,0.048041249671510404,0.6749797667424864,train,False,1080
4,400,d,0.005217851797907217,0.005217920080273235,0.005857385508998658,-0.0043617378428294626,-0.004362083582481766,0.036258006103159664,train,False,1080
5,400,e,0.17640695615991064,0.17640761864958676,0.25173566948426357,0.1588075951633414,0.1587966652875641,0.3008498359525593,train,False,1080
0,100,c,0.06491003998664327,0.06477838165696671,0.07488326469122766,0.11089738770037656,0.1109690729788339,0.6344634375578913,train,False,1081
1,100,d,0.008357795662004824,0.008357838300204569,0.012353319290283422,0.009332178920214283,0.009331695067939912,0.028683009596731885,train,False,1081
2,100,e,0.2174719590319069,0.21747452589453126,0.3521371167261998,0.13367915399938887,0.13367670017616157,0.2836460922953244,train,False,1081
3,400,c,0.06240931912950435,0.06323167315516966,0.0647627066057752,0.04554784765300902,0.04541223199248257,0.5861827484160114,train,False,1081
4,400,d,0.014605535084555003,0.014609248285879362,0.010596801582274898,0.026913142079183956,0.02691160100619273,0.062465908528378515,train,False,1081
5,400,e,0.21703642473583407,0.21615634268252434,0.37955746886924246,0.17718223579338066,0.17904171050526174,0.43462827462577297,train,False,1081
0,100,c,0.10910829396294211,0.10912989020064118,0.11902698317591881,0.07405618522381843,0.07404283295476476,0.7990817344438415,train,False,1082
1,100,d,0.00459902582183315,0.004599162591829741,0.00634846326892956,-0.004944267494201924,-0.004944711027990021,0.0713214950590105,train,False,1082
2,100,e,0.2036412191107249,0.20360235947859373,0.25746889799868844,0.10652705557533726,0.10650975756310128,0.3984188845331393,train,False,1082
3,400,c,0.06326366489733388,0.06339189301615847,0.09480374757811638,0.0491477163729369,0.049109982570090055,1.0344254858325472,train,False,1082
4,400,d,0.004591879127054535,0.006190185541959523,0.005789153794248095,-0.008800672864525438,-0.009673622477250277,0.034935687851720375,train,False,1082
5,400,e,0.2140325543290328,0.2124859814624302,0.2833049874151979,0.15030402684162597,0.1496039423073961,0.3176382075240495,train,False,1082
0,100,c,0.06571388219734461,0.0653376139039037,0.08160907703763406,-0.018899202025283942,-0.018933968824640886,0.7736482647123764,train,False,1083
1,100,d,0.010089885839946425,0.010090417063631429,0.012012274987487753,-0.002142581834773978,-0.0021428602243906882,0.006472173478779979,train,False,1083
2,100,e,0.1867808427640595,0.18678321538876774,0.24995796060276246,0.15071976012185473,0.1507123927435935,0.3415432959223875,train,False,1083
3,400,c,0.05448023530841599,0.05447387175891767,0.09069557895891846,0.05634894495624415,0.05634790132390712,0.2972850823487361,train,False,1083
4,400,d,0.0062844065477415875,0.00629088923739782,0.006449773255467882,-0.003010789417546711,-0.0030140520662014047,0.06811714379419734,train,False,1083
5,400,e,0.16332722622572787,0.16984173611684633,0.26152358956190425,0.17686111740135416,0.1850129667218188,0.31591509498672005,train,False,1083
0,100,c,0.1642028734338455,0.16410492519208636,0.14573930131294222,0.065324395300957,0.06530404670371062,0.807789334447578,train,False,1084
1,100,d,0.007123690858765686,0.007124422023012837,0.006700522399838772,-0.01653084834915692,-0.016531403978790493,-0.005662257339490306,train,False,1084
2,100,e,0.20377897120321314,0.20261739854381364,0.32254712836376664,0.158422377513635,0.16047598682457725,0.2567431689894124,train,False,1084
3,400,c,0.05800084512012331,0.058052897831789664,0.06748085183232981,0.02403530395283454,0.024013217990384063,0.8820550417150969,train,False,1084
4,400,d,0.004973817320514986,0.004973720089945844,0.005040144250337568,0.014076278324303254,0.014076587414473245,0.13033718888499385,train,False,1084
5,400,e,0.1841323525468194,0.1861930317634761,0.24700787709075683,0.1624464828339891,0.16250720339543542,0.3530763921350369,train,False,1084
0,100,c,0.04956361711864599,0.04956165706144029,0.07640213088829602,0.03072331229444714,0.03071185825974716,0.5103322127410967,train,False,1085
1,100,d,0.011235422125555353,0.011235797814785082,0.01095071188959978,0.00786061606473858,0.007860433864609053,0.07906924070978903,train,False,1085
2,100,e,0.16728807179920926,0.16727141693620265,0.3498359528395909,0.13156440570312797,0.1315602989695077,0.29063030298744275,train,False,1085
3,400,c,0.05758891032931819,0.05732691667420681,0.09585810280643141,0.04227582853741048,0.04222909923236145,0.3972853367934855,train,False,1085
4,400,d,0.010723694793162077,0.01071934342367428,0.007935737140021121,0.01931226431731302,0.01931262494241997,0.08618103385541649,train,False,1085
5,400,e,0.1676231981315684,0.1675968138813515,0.25448269862311407,0.13941106545662055,0.13940044952914907,0.31638315065051226,train,False,1085
0,100,c,0.0898995452652314,0.08978069875072434,0.10551406061272799,0.09794366534988783,0.09792232922710369,0.7957120844363181,train,False,1086
1,100,d,0.016672024696626226,0.016673670087348384,0.012690979525168997,-0.01337762040303085,-0.013381202010364905,0.015700471637799803,train,False,1086
2,100,e,0.24531017843732567,0.24066703154685073,0.3201674554152264,0.12079954836831185,0.11753026991427014,0.34953940582866894,train,False,1086
3,400,c,0.056959066216326786,0.056962654815906115,0.0712064640174712,0.01986199336257805,0.019856823744713026,0.6718190314475697,train,False,1086
4,400,d,0.004235607882808917,0.004227146534592144,0.003996607362069728,-0.010402123448501594,-0.01040284084257582,0.06460981722385468,train,False,1086
5,400,e,0.16939745104081397,0.16939323598395706,0.25253765853132254,0.13456285584698457,0.1345476046272674,0.36273839921465706,train,False,1086
0,100,c,0.06592811807261094,0.0644540479568377,0.05899053589162967,-0.08791381344883419,-0.08798007802341125,0.910932577261436,train,False,1087
1,100,d,0.010884576582831429,0.010884573615861622,0.014678965905734531,-0.039161502459856015,-0.03916182890605871,-0.024174754624009313,train,False,1087
2,100,e,0.210950204742698,0.2110174789230408,0.21473204296390358,0.052676969950348644,0.052673390262604126,0.502835496570935,train,False,1087
3,400,c,0.09534347528173258,0.09559901422470117,0.08108630649279107,0.05908959161014338,0.05900424330684451,0.8536047627336123,train,False,1087
4,400,d,0.004573713705242704,0.004577311552727265,0.004762545240957384,-0.004210297730275503,-0.0042145552707641976,0.03537086938840042,train,False,1087
5,400,e,0.1713691615367221,0.17344755294824388,0.2606470193823142,0.16560231231755038,0.16521694668833564,0.33917221078606347,train,False,1087
0,100,c,0.13312572036619463,0.1293371244465258,0.10396404905197609,0.1098946392837307,0.10962377704316367,0.3530934891341154,train,False,1088
1,100,d,0.016133809918246776,0.01614151594046118,0.020252355728427845,-0.015715845422710758,-0.015721060147284565,0.014129550104076093,train,False,1088
2,100,e,0.2458544098503518,0.24585627478088243,0.23547342576248081,0.12542516694589764,0.125412270628048,0.28743399536026426,train,False,1088
3,400,c,0.06811930247240619,0.06664333800555423,0.10126231263453318,0.053786872098414734,0.05334695611832906,1.03310741221376,train,False,1088
4,400,d,0.008938567251468982,0.008931563934718606,0.008408104455190522,0.010582027462916166,0.010580987862211214,0.014769298883076409,train,False,1088
5,400,e,0.1663351543708872,0.16630764843978582,0.2947349697286071,0.15631203175091096,0.1563017514372654,0.308065857428373,train,False,1088
0,100,c,0.08928550372947473,0.08928755382382414,0.16028865791677646,-0.10155722586402462,-0.10155806209891516,0.5080740873580288,train,False,1089
1,100,d,0.016689953753017822,0.016703827452544596,0.007646765623678632,-0.012637848175162603,-0.012639790877622624,0.0033203362944698787,train,False,1089
2,100,e,0.2239623463547518,0.22396209317933086,0.24272142005702238,0.11615787869931175,0.11614779785571046,0.3616900701152669,train,False,1089
3,400,c,0.055962754401643736,0.05596273354758386,0.05978964324090375,0.05234481778166391,0.05234171447393656,0.4177540613870236,train,False,1089
4,400,d,0.006929826841568247,0.017464952936776613,0.01019302338278639,0.008204955045428904,-0.0006701677134354611,0.14138446248043482,train,False,1089
5,400,e,0.17311830128035097,0.1731420783728329,0.27478228593487286,0.15469445564454243,0.15469353213982553,0.3121975717964995,train,False,1089
0,100,c,0.05698143336421468,0.0570008549435322,0.11894231317973165,0.09153913942747571,0.09150978015036153,0.47765561195191053,train,False,1090
1,100,d,0.013547857817816967,0.013548432695311247,0.013454871565291118,0.019681468500338167,0.019681289188194864,0.17703534112640484,train,False,1090
2,100,e,0.21887650279781806,0.21858422257191898,0.3577668677971237,0.14982625567255745,0.1498251363837931,0.298915782685644,train,False,1090
3,400,c,0.0664897075956107,0.06654807900133396,0.06959209536233846,0.03380241942873525,0.0337726133735832,0.5849595494810864,train,False,1090
4,400,d,0.0048749895528815475,0.0048790040291203955,0.004784944101625046,-0.004431631741163767,-0.004441490569044771,0.026186327573537033,train,False,1090
5,400,e,0.1778830503324212,0.17786201180882755,0.2776574020121659,0.17006035239269734,0.17005738728408673,0.3843358814601402,train,False,1090
0,100,c,0.06226978605782835,0.06226565697540886,0.06884829309586755,-0.018793840977542615,-0.01882648825114444,0.7849513063284698,train,False,1091
1,100,d,0.006839549411395247,0.006839572717428176,0.012435677551652577,-0.021925791105785172,-0.021926003342739763,0.03706985560928077,train,False,1091
2,100,e,0.1994730009477139,0.1994536478591984,0.21927018829386566,0.0788509915260203,0.07884305732062245,0.38415901531751684,train,False,1091
3,400,c,0.058727129371949405,0.058799378189144214,0.07137985221222802,0.06909695899113949,0.06904166741497945,0.7553857381564894,train,False,1091
4,400,d,0.00510785273950084,0.005135210094654619,0.004886043235884546,0.006794689085989276,0.0071212402215704,0.1341169659314412,train,False,1091
5,400,e,0.16795345884222435,0.16795190159684953,0.3155020279838272,0.1532759313244334,0.15327032090867548,0.34270286819827617,train,False,1091
0,100,c,0.1033517185621465,0.10338498395016177,0.12057156743321337,0.04845621476794577,0.04844119585711226,0.7945520731011351,train,False,1092
1,100,d,0.01044508051552446,0.010445078808922951,0.007234724278780845,0.0074659166106507335,0.007465799979618027,0.18619295016328993,train,False,1092
2,100,e,0.1648732031724394,0.16488855606558642,0.24908710461832168,0.13800246466837315,0.13799404634612175,0.28299649602218363,train,False,1092
3,400,c,0.055958775120742967,0.05595822616719689,0.07332438866450763,0.037751348860094326,0.03774751291988899,0.6150637883836786,train,False,1092
4,400,d,0.006717230281102145,0.0067174443665080665,0.005264616756764556,0.015154043082619034,0.015153768241976576,0.2268646957418602,train,False,1092
5,400,e,0.16854680471111222,0.1685432231461991,0.26635252704574636,0.15373623392395167,0.15373295561684308,0.3511280100755587,train,False,1092
0,100,c,0.09276296273693442,0.09274933915745492,0.09970535188144238,0.06272427671646376,0.06271722208833061,0.4817248490187933,train,False,1093
1,100,d,0.0048312900955479795,0.004831322733388225,0.004964721583330105,-0.005232287336878479,-0.00523255704657732,0.034116671707189725,train,False,1093
2,100,e,0.2271832768843488,0.2271822323198323,0.2517587797553754,0.1617426500236187,0.16173600413793637,0.2879373502681755,train,False,1093
3,400,c,0.05718453871455303,0.05719176490699871,0.07827150106138517,0.09903461739143474,0.09902871651274615,0.558172175164922,train,False,1093
4,400,d,0.009728047620710238,0.009588958405175634,0.009121992081466591,0.0038939724690475156,0.003874448489874336,0.06211136328327521,train,False,1093
5,400,e,0.17398304782998064,0.17399923942966486,0.25425286883471226,0.1686204979251968,0.1686110818962748,0.3099447068404189,train,False,1093
0,100,c,0.050632491679166794,0.05063686523886175,0.0768783340595183,0.06938001366184793,0.0693604574110104,0.5119831037772711,train,False,1094
1,100,d,0.006428090536146331,0.0064281958809589024,0.0057939364128456565,-0.0034798463758864886,-0.003480267657181031,0.03310819822804596,train,False,1094
2,100,e,0.1972819429127302,0.19981235178186954,0.24146631478885727,0.07227140148545357,0.0725971407024299,0.46806057040483345,train,False,1094
3,400,c,0.06024420494770325,0.053631639300169634,0.06273402320524714,0.05451901197130155,0.056314689071573554,0.7423633687491353,train,False,1094
4,400,d,0.008368374251445997,0.008368297158925533,0.008233035213222474,-0.006162808069756593,-0.006162731656305205,0.16442429473367529,train,False,1094
5,400,e,0.18575341488665006,0.1857097613171658,0.2755434518774073,0.15317572043639008,0.1531680982061322,0.3570548472274626,train,False,1094
0,100,c,0.05672677811003997,0.05542340848959806,0.06742385924095162,-0.03176204548676765,-0.032770796682721086,0.42590633641320735,train,False,1095
1,100,d,0.00540579304316757,0.005405768656412303,0.005493349013645596,-0.02670877672677824,-0.026709477905410638,-0.015477668185188288,train,False,1095
2,100,e,0.16640269296666177,0.16637688992690042,0.1907251036240614,0.10465956658120724,0.10466144712384029,0.2739956057356163,train,False,1095
3,400,c,0.061784289264169824,0.06178869142135421,0.07034364045562358,0.0138232435894232,0.013818244225553613,0.5798425547084214,train,False,1095
4,400,d,0.051042235518653764,0.05105398636148834,0.013884732949325539,0.012071122254730077,0.012067287107988935,0.278761695403583,train,False,1095
5,400,e,0.18005874156382323,0.18414499479753793,0.25675220390418263,0.17135579999074196,0.17172697433578812,0.3207888728474455,train,False,1095
0,100,c,0.23232204127628495,0.2323086201275484,0.12636356794077472,0.11342992680735649,0.11341466499859024,0.8670508759089564,train,False,1096
1,100,d,0.007990221273738449,0.007990369218903998,0.005465215225907417,-0.020656945118885234,-0.02065719324069523,0.02491686626220348,train,False,1096
2,100,e,0.21791415521492538,0.2179223750334582,0.2840249616351252,0.13873688992547373,0.13872822845229812,0.40765966635958933,train,False,1096
3,400,c,0.05941804905762514,0.05940734826355017,0.07893216682621519,-0.011109335809962104,-0.011116736631993475,0.3701326251897087,train,False,1096
4,400,d,0.007337308080125212,0.007344454394464156,0.00476148379209953,0.001113871718405708,0.0011114773365444642,0.09393309845867671,train,False,1096
5,400,e,0.1500367669265364,0.1500366655538218,0.2500155318420494,0.175427093414632,0.1754281868086695,0.3396566243975607,train,False,1096
0,100,c,0.07533233539976174,0.07531691961535256,0.10172526891701365,-0.08780809308990513,-0.08780704172279016,1.2897374379038025,train,False,1097
1,100,d,0.004031927739190998,0.004037325381701977,0.004382434134467202,0.002832446744082624,0.0028283339487102134,0.02462149636767398,train,False,1097
2,100,e,0.1647657278955373,0.16371493137586957,0.2307668583022856,0.053663148247815755,0.051750569620401844,0.3199035838225488,train,False,1097
3,400,c,0.0978232549103051,0.09288008817144737,0.0956828386313963,0.04251932806543159,0.041985250702299054,0.7129605892065891,train,False,1097
4,400,d,0.004020461002809138,0.00402086267223237,0.005148959895199578,0.007061564485533864,0.007061262626010851,0.10788916353722369,train,False,1097
5,400,e,0.15536378661618866,0.15541899249840804,0.2658169482771761,0.1597107131843218,0.1597112624246273,0.35308565614513326,train,False,1097
0,100,c,0.0613001167034083,0.061309216688379825,0.06996442726934796,0.07538936102766669,0.07537017744317268,0.5889084543673772,train,False,1098
1,100,d,0.023811252451057963,0.023821971060983476,0.010629606849130606,0.012319281830268576,0.012316626372179246,0.0301452489699982,train,False,1098
2,100,e,0.23973382193720633,0.23958303337047712,0.3041288115069933,0.1289286775884895,0.12892422030973677,0.3684247170241023,train,False,1098
3,400,c,0.07812950290651297,0.07820196600701214,0.1087808659426733,0.07519821243972849,0.07512416710018549,0.6202686289874575,train,False,1098
4,400,d,0.004461743992089544,0.00447496590550465,0.005304492739983461,-0.000483604242157476,-0.0004830117339742124,0.03676367852897991,train,False,1098
5,400,e,0.18259903754501405,0.18261476598196735,0.2457668477754248,0.12878324654447376,0.12876116553592099,0.30870208301595875,train,False,1098
0,100,c,0.0722432440263225,0.07224828973281656,0.07573759885873078,-0.08098773848739015,-0.0809910242011238,0.9562674022240205,train,False,1099
1,100,d,0.01845725231789295,0.018514287737881264,0.0032899386473161114,0.0008699308247690496,0.0008704990758980813,0.06083799583993608,train,False,1099
2,100,e,0.1830833136121271,0.1817566168942506,0.23855791860252953,0.09066709889547496,0.0903302166956022,0.3664984680865537,train,False,1099
3,400,c,0.07977290407561441,0.07985710010497563,0.06721777038667653,0.07414319826888552,0.07410343539975628,0.7695387668507688,train,False,1099
4,400,d,0.00606463617359636,0.0060648758764479905,0.007092785512224581,0.004830085202569912,0.004829899402136739,0.03424442346378408,train,False,1099
5,400,e,0.20028977076611917,0.2002087407265838,0.2666801612957012,0.15539053639275857,0.15538029159623087,0.3196924035190128,train,False,1099
0,100,c,0.0695333146818839,0.06953318564202066,0.103130507177023,-0.13716691480547064,-0.13716783698245144,0.11178047361134454,train,False,1100
1,100,d,0.004640517664053242,0.004640589348612733,0.003527918607586737,-0.023443986414423055,-0.023444273743163126,0.028399606385256994,train,False,1100
2,100,e,0.21185465379117147,0.21185176706282438,0.2858352635768258,0.09650125947250374,0.09649542147947905,0.37322258281331655,train,False,1100
3,400,c,0.05858711113182125,0.058588762069558174,0.08458440933089552,0.06013444639886615,0.06012926959423581,0.537707295884852,train,False,1100
4,400,d,0.004619230142287966,0.004619595032213568,0.004551640419934394,0.007420008199290713,0.007419679356285425,0.017734344846609566,train,False,1100
5,400,e,0.16629780683391704,0.16632792510342068,0.20851048774946482,0.16316816144074264,0.16315142090813178,0.32853696471915883,train,False,1100
0,100,c,0.08480578816251373,0.13965086765844872,0.11798953912228786,0.016699477728249337,0.01227271396668435,0.8658919868554115,train,False,1101
1,100,d,0.004978083058172534,0.004978106743909371,0.007335301013326853,-0.01660388701950019,-0.01660444142934466,0.08188831591699954,train,False,1101
2,100,e,0.1709864659340352,0.17097080521787056,0.17087459609815928,0.014818372786960339,0.014822650515089677,0.40104563797184994,train,False,1101
3,400,c,0.06845081720834457,0.06837201558665172,0.08850520766949892,0.011316002000730309,0.011278177360344586,0.5025742743094104,train,False,1101
4,400,d,0.005340737723207487,0.00534086708752174,0.004947423535803898,0.01627981341727649,0.016279571224329496,0.1072501966317019,train,False,1101
5,400,e,0.1565207205477351,0.1563981759404798,0.22743186422109793,0.135021573710939,0.13501112095510023,0.43264478085874614,train,False,1101
0,100,c,0.11089566024622138,0.11810850781990757,0.1873276597337767,-0.022532228173602106,-0.02183899203809503,0.30770416125361844,train,False,1102
1,100,d,0.024382991690289634,0.024386793813756368,0.009354390828271865,0.006858859935444066,0.006857437425899527,0.103290632564865,train,False,1102
2,100,e,0.19454111309796648,0.19454257221546942,0.2300151040597085,0.11609202085043513,0.11608445587497762,0.27462820602803684,train,False,1102
3,400,c,0.06549425142754176,0.06552394669016842,0.07718974582115554,0.06538954948785204,0.06536290550187232,0.4316842533375461,train,False,1102
4,400,d,0.008694318037917257,0.008694787794123408,0.009345765020941274,-0.0012327343088601595,-0.0012333752546117617,0.02732083240066423,train,False,1102
5,400,e,0.20964284885754342,0.2096477457030786,0.2835484644347742,0.15566742570503883,0.15564928254740387,0.31824011251843837,train,False,1102
0,100,c,0.12742536179398697,0.1274358059442851,0.07313408273817369,0.12857400221140253,0.1285632241752579,0.8070985134132396,train,False,1103
1,100,d,0.006835795852159735,0.006843151675991265,0.008927384483824836,0.022205394392877532,0.022204923647844144,0.049576674190286635,train,False,1103
2,100,e,0.20030125781288521,0.20030220070244653,0.26302401160201205,0.14192569181905207,0.14192334515392388,0.26127763819963,train,False,1103
3,400,c,0.12479840312532753,0.12477644641492722,0.10898595772008944,0.0762973967189746,0.07629729096674041,1.163378337231356,train,False,1103
4,400,d,0.004565100263787868,0.0045656249086604124,0.005575095621151644,0.008031629775344573,0.008031475269787763,0.061524784183331675,train,False,1103
5,400,e,0.17474169990750618,0.1747404311972501,0.24444635978898283,0.15079615609687744,0.15079454058268,0.33831072653471217,train,False,1103
0,100,c,0.05522899135161039,0.05522906597283554,0.07485433655851653,-0.0594679358029331,-0.05947997482746921,0.48956519695855905,train,False,1104
1,100,d,0.002652843644063913,0.0026527720229493623,0.00245444212737013,-0.00772739664248233,-0.00772741669865928,0.007090730100605747,train,False,1104
2,100,e,0.1428733906582272,0.14287071798681342,0.29593276145917147,0.12939889582224998,0.12939546598021015,0.46690988068118083,train,False,1104
3,400,c,0.07543348106790716,0.0755074172062319,0.08194180636793581,0.08619483343257159,0.08616906287611059,0.49505509315565704,train,False,1104
4,400,d,0.005602232099100704,0.005604779291670225,0.005004812374139071,0.0002504144503193828,0.00025027485708335463,0.05236503844082408,train,False,1104
5,400,e,0.18385355959616018,0.18385760028930093,0.24725578195794123,0.15808612041885198,0.15807495033131078,0.3093618684302384,train,False,1104
0,100,c,0.07592182517924251,0.07590594800267111,0.06561685936877597,0.03090338334287381,0.030896183601274316,0.7614341989753595,train,False,1105
1,100,d,0.005318072146804951,0.005318136708593767,0.006633994552387938,-0.006873932624524297,-0.0068742783423999575,0.010966670305343094,train,False,1105
2,100,e,0.1804659224442522,0.18046750787061078,0.2761518425755055,0.1641855774531468,0.16418278394651453,0.2844290079693974,train,False,1105
3,400,c,0.0885820635153745,0.0592772988517075,0.07838335770355477,0.0928214983923639,0.09759804007492803,0.22608404785260675,train,False,1105
4,400,d,0.004892118020944256,0.004891961451712324,0.005682257297187385,-0.012079432919221951,-0.012079676708272835,0.061162203414401775,train,False,1105
5,400,e,0.17418551440207022,0.1741496653137558,0.2557319638956342,0.1471888324915794,0.1471946954105505,0.3095435875928852,train,False,1105
0,100,c,0.0778309269697166,0.07255362179943046,0.13240455736770776,0.012898713875838297,0.012594891547535242,0.7828432382511338,train,False,1106
1,100,d,0.00596728985312036,0.005967452864469518,0.005016055335601415,-0.017829716857013445,-0.017830173760272867,0.05557834292960212,train,False,1106
2,100,e,0.1457339079499533,0.14568715597820164,0.31062330409458183,0.13720882552691124,0.1372040689779412,0.31377515667203437,train,False,1106
3,400,c,0.062277735930549145,0.062292315668084505,0.08606216881810572,0.07785242542123946,0.07783608800362096,0.5575020151435556,train,False,1106
4,400,d,0.008317178126265524,0.0072271137970701645,0.006297930905575598,0.010901576834066305,0.011024453609957786,0.0469049987160329,train,False,1106
5,400,e,0.18709213965376886,0.18712916637017596,0.2590920348883714,0.1745230948341915,0.17451396488902696,0.31670765949277746,train,False,1106
0,100,c,0.10410945294690604,0.10410058165094588,0.11041566501667884,-0.1107842597816672,-0.11078394514070133,0.3243728135237864,train,False,1107
1,100,d,0.0036205234489657435,0.0036205457062997433,0.004714939518248534,0.004033314757975433,0.004033127038562885,0.026306873455804708,train,False,1107
2,100,e,0.18068598135496658,0.18068545039616826,0.3158575408300995,0.15175486613724315,0.15174557051184476,0.2750349367886541,train,False,1107
3,400,c,0.05857643090369593,0.0586112516691773,0.07069795068897912,0.051848120421248964,0.0517957654900232,0.795942053914667,train,False,1107
4,400,d,0.0044288778235934394,0.004428984062323959,0.0050330152259302485,-0.011707953668620572,-0.011708194217040458,0.0028221387391537257,train,False,1107
5,400,e,0.16351496199256674,0.1635085388544226,0.28632397291831263,0.16580505530560416,0.16579754428068888,0.3444772220831587,train,False,1107
0,100,c,0.16749548256642036,0.08462137901527333,0.06787255889905651,0.06735724432846261,0.09514386517290532,0.36893583064957985,train,False,1108
1,100,d,0.01003733605047722,0.010040219211301736,0.007204091273260247,0.02004858263238358,0.020049059728645027,0.15342554404291378,train,False,1108
2,100,e,0.2575444491748846,0.25750817696690986,0.27162929919320544,0.12459085681551742,0.12459000949627097,0.2928637557167908,train,False,1108
3,400,c,0.05382291427163774,0.053931469800806306,0.07083185558114335,0.02718738621918348,0.027121708197867918,0.7767000693743594,train,False,1108
4,400,d,0.006103638988645457,0.006103796444326739,0.007612102398085746,-0.0009604335415132682,-0.0009607154482893776,0.012410776119740454,train,False,1108
5,400,e,0.16979674059030195,0.17314948789539117,0.27322674540462916,0.14381886301897426,0.14443173752703486,0.32984379644532114,train,False,1108
0,100,c,0.08161239958044154,0.08166500093355239,0.0882121443104364,0.07638914146985712,0.07636362416595517,0.7266428657391322,train,False,1109
1,100,d,0.02014310680305398,0.020142809802057578,0.005611219379569389,0.02897300818824011,0.028972196629967115,0.0611095267788129,train,False,1109
2,100,e,0.2048393766812383,0.20479970645415813,0.340140463440825,0.14569196567912485,0.14568339036951186,0.3743581281381316,train,False,1109
3,400,c,0.06162979722998961,0.061683518023341176,0.0935747491517827,0.09287723817882636,0.09282967938494224,0.37488250103951287,train,False,1109
4,400,d,0.008197299857378682,0.008203052315990122,0.008598760030189974,0.004379123411562276,0.004371012080799055,0.09209078228723375,train,False,1109
5,400,e,0.18428414633866969,0.18428113065318016,0.2655271229640645,0.15885258952596942,0.15884820813316744,0.3328391730230676,train,False,1109
0,100,c,0.07764600241459135,0.07764796500648816,0.11249909799799361,0.07851499668916595,0.07851084395666248,0.3431613305302888,train,False,1110
1,100,d,0.008422365384368002,0.00842246663085755,0.009707740210213122,0.009586941193133,0.009586686950291873,0.07578873074031335,train,False,1110
2,100,e,0.21839797304738526,0.20962850698791055,0.29692924070935234,0.13489119384911546,0.1489851782399638,0.22307535101307058,train,False,1110
3,400,c,0.06608925548785947,0.06609718813532689,0.08655961449892739,0.0433655773842068,0.0433613973897338,0.5890558701617499,train,False,1110
4,400,d,0.006724511991779685,0.006725124891212436,0.009059557126691719,0.008140162034819518,0.008139616113077288,0.10921895796875378,train,False,1110
5,400,e,0.18525055508061603,0.1852478952624395,0.2749159869806481,0.16470335327464547,0.16469142527818142,0.28185695093023916,train,False,1110
0,100,c,0.0664977696161531,0.06646381719269287,0.07910132367998991,0.07436604900293241,0.07436088696986708,0.4611386354651109,train,False,1111
1,100,d,0.00790888093777813,0.00790901173925402,0.0088358930653599,-0.01984126006990282,-0.019841614059209308,-0.01879668486599485,train,False,1111
2,100,e,0.22545084539940993,0.22547146026045609,0.26892599779437176,0.17611269757153383,0.17610336563874487,0.2906043285639662,train,False,1111
3,400,c,0.053395803912502926,0.053394394804627196,0.07431556897558556,0.02154996819429549,0.02154598903253813,0.35905453340789634,train,False,1111
4,400,d,0.005731091704277883,0.005847248709481111,0.006590144604145298,-0.00887345604831637,-0.008963983960094382,0.007471813960949731,train,False,1111
5,400,e,0.20278502830934694,0.20280674041162958,0.29662931448649515,0.1661817330865651,0.16617409773540112,0.34023257727221184,train,False,1111
0,100,c,0.07752464474468593,0.07755284437562873,0.09593432545757187,-0.14230163327510453,-0.14231054567680218,0.13857263093571434,train,False,1112
1,100,d,0.011122131754880995,0.011122202135051258,0.013879582764873909,-0.014569422503193898,-0.014569881511299895,-0.013086745876362951,train,False,1112
2,100,e,0.20494744981878962,0.2049196028537828,0.23457964092435712,0.055342024976379176,0.055332952953350834,0.2501443164890489,train,False,1112
3,400,c,0.05042954364595463,0.05041947870712184,0.07501816989503401,0.03462210101433172,0.03461520167882803,0.2606835633315275,train,False,1112
4,400,d,0.005733383895338045,0.005734486170812013,0.0056262242231751225,0.0054575007292934075,0.005457040060288083,0.0440473697398331,train,False,1112
5,400,e,0.2015374760648415,0.20089482126287167,0.2453999778488081,0.1346538471065713,0.13463275582091047,0.31162615563724366,train,False,1112
0,100,c,0.21625346773012205,0.21637631028795512,0.10301764082723491,-0.011306212067009795,-0.011318245749098992,0.4168170770010113,train,False,1113
1,100,d,0.005355173192812447,0.0053551514766374654,0.0053242862549448535,-0.025695286345710715,-0.025695689083051435,0.011522630124558635,train,False,1113
2,100,e,0.22732748946823708,0.2263309733054987,0.4111837389671729,0.15949004866542538,0.1593461312899278,0.3571026640223255,train,False,1113
3,400,c,0.06207597701616213,0.09682849244901348,0.12449714359672504,0.04370197810420038,0.02331236856882782,0.8840317345572447,train,False,1113
4,400,d,0.006866999289952812,0.00693786609008446,0.007577734403946257,-0.0027988715243830596,-0.002737114516683441,0.05980478037434071,train,False,1113
5,400,e,0.19785609430790582,0.20188299192947817,0.2327507209549893,0.1406314639297145,0.14118033925854254,0.30520586969632046,train,False,1113
0,100,c,0.07003452654308626,0.06970442065603204,0.07303280498636298,-0.09662838353775242,-0.09663220101120346,0.3292603353924223,train,False,1114
1,100,d,0.01802938965779298,0.01803546360299115,0.023167174627437278,0.026827450014898026,0.026825734453881867,0.03090816658573676,train,False,1114
2,100,e,0.34422981754015214,0.34423596723282834,0.35713752731516324,0.11566187893314503,0.11564837881757516,0.42420344058619347,train,False,1114
3,400,c,0.05581483815084574,0.0558153894924491,0.07801238236694737,0.02411298948508595,0.02411312467028935,0.5600022028507666,train,False,1114
4,400,d,0.012542193674485003,0.01252670990251255,0.010995652585414278,0.012158481248730695,0.012148135231818352,0.11537554175290221,train,False,1114
5,400,e,0.20059860288559142,0.200601632991097,0.30438428524379474,0.17763622471666518,0.17762922039435847,0.3060449779635361,train,False,1114
0,100,c,0.10741494476216135,0.10740938933359362,0.10910849100577773,0.10934249226243367,0.10933457930258257,0.8398767343732253,train,False,1115
1,100,d,0.003994326138358069,0.004348357798725627,0.004295154001449878,-0.009530549118364285,-0.009651585869520005,0.04448212181360019,train,False,1115
2,100,e,0.21417362168826823,0.20815608515979708,0.27043328824138546,0.0914691900498628,0.10695566800289306,0.3118128746982974,train,False,1115
3,400,c,0.05274713926434452,0.05276576610966601,0.0791399087557874,0.06486565544472278,0.06485466102960678,0.6093267201161239,train,False,1115
4,400,d,0.004741591171768909,0.004741632145043066,0.005226650964684305,-0.013185764657358483,-0.013186294970095975,0.004423668342290128,train,False,1115
5,400,e,0.15882572709750137,0.1588305224552982,0.23653705673998832,0.16067863929081408,0.1606707312703222,0.30286835374297794,train,False,1115
0,100,c,0.12212429993136045,0.12080399563045967,0.11405387009391188,0.053131930393637464,0.05308153773132418,0.3155294857716096,train,False,1116
1,100,d,0.00989300462588477,0.009893365105621069,0.007393366963997606,0.012516011290852128,0.01251602816539176,0.09237558264599223,train,False,1116
2,100,e,0.18052202797470515,0.1743637605311746,0.32501423150849446,0.13014907929750918,0.13326452706497988,0.28275044424528034,train,False,1116
3,400,c,0.0647257181623997,0.0647380568242076,0.09299542984008959,0.06782770276019846,0.0677914203611354,0.8800273495391266,train,False,1116
4,400,d,0.005501925944924242,0.005507475341367255,0.005958080160711481,-0.0004974749217810803,-0.0004996760466334926,0.02332447767921499,train,False,1116
5,400,e,0.16687423769358575,0.16685609589308317,0.27181232524343557,0.1539022604246471,0.15388818409182178,0.34232803440566373,train,False,1116
0,100,c,0.15071169210341642,0.15077822641219155,0.15200928930746715,0.1116023277284694,0.11159371351040293,0.23238458394675632,train,False,1117
1,100,d,0.014971578959089309,0.013469311536995822,0.014951585646598013,-0.005340247620951253,-0.004795736245260791,-0.004789793325622948,train,False,1117
2,100,e,0.22851859220961546,0.23006962680336748,0.3056767331392075,0.14279701920909915,0.142882483883524,0.22536095497673905,train,False,1117
3,400,c,0.05385833729516147,0.053638695681190326,0.06993964735757882,0.04885384477170718,0.04881076847717232,0.8395629950606669,train,False,1117
4,400,d,0.00796120779651232,0.007955567074787666,0.00815733222867494,-0.004280959493563596,-0.004280374416748245,0.10407257891838277,train,False,1117
5,400,e,0.16097641949885225,0.16102005145964327,0.27157175395100497,0.1570843856455483,0.15707506522809586,0.3343366844034344,train,False,1117
0,100,c,0.11875024044299334,0.11860939323437396,0.09934647001249132,0.010278602444558872,0.01029185719357983,0.5001048265244623,train,False,1118
1,100,d,0.022469807178601333,0.007448632151664578,0.006752276956262662,0.0020698186920962767,0.006733021738572838,0.050108287593332135,train,False,1118
2,100,e,0.1507322281073234,0.15070970362420572,0.1892706149464315,0.12823902548365682,0.128230794040524,0.3414237311813389,train,False,1118
3,400,c,0.05854555106983432,0.05855672168071955,0.06976075852074333,0.09221724686219147,0.09219284743710958,0.6166486622543337,train,False,1118
4,400,d,0.004918740722126636,0.004918934981807373,0.004921594280774145,-0.009563281945674653,-0.009563526228046015,0.010221635967128223,train,False,1118
5,400,e,0.17830399741642539,0.17830910915195605,0.2902697830401612,0.13594745346979997,0.13606646022342822,0.34944892949125694,train,False,1118
0,100,c,0.07343235040697746,0.07343690939865252,0.11659903840937341,-0.047879111558916776,-0.047895425250721574,0.23378115549798018,train,False,1119
1,100,d,0.013459465935162061,0.01347306234606498,0.016378516934858322,0.02041014475801095,0.020406218854735484,0.021189842887305108,train,False,1119
2,100,e,0.21626406068679987,0.21633596629537288,0.30017552510725987,0.11396923836305703,0.11396335851108937,0.36208905210997777,train,False,1119
3,400,c,0.05788390349047355,0.057988587108096255,0.09172087043155024,0.08179934499179865,0.08176813383046075,0.7003322725287657,train,False,1119
4,400,d,0.004553812936955162,0.004553810106087999,0.006330789069965582,0.013418856692513668,0.0134185413921246,0.056064432413352884,train,False,1119
5,400,e,0.17427473659015472,0.17417943943207664,0.2509220910158477,0.14833641303843947,0.1483519112427257,0.3067046382080713,train,False,1119
0,100,c,0.09314868316602079,0.09315507740826895,0.08767414231221142,0.059228631343388044,0.05921546278715987,0.8360509297481049,train,False,1120
1,100,d,0.0022577963368287483,0.0022579189977379203,0.003052744554404131,-0.004073951589563691,-0.004074189839806159,0.004192757064516961,train,False,1120
2,100,e,0.20230320745020042,0.2022851585053287,0.32261110003013926,0.17571012749851397,0.17569544880894278,0.32946529064343577,train,False,1120
3,400,c,0.05773924166957868,0.05773869233053788,0.06773045642939234,0.019503935189646243,0.01949947152048047,0.7077465787840507,train,False,1120
4,400,d,0.005542492817189137,0.005542230346156398,0.004224221799148346,0.013481222577058,0.013481609905134136,0.12881313522274623,train,False,1120
5,400,e,0.1589656117964149,0.15897793034707194,0.2574354451876586,0.1819480628075899,0.18194851246775315,0.3047598974082383,train,False,1120
0,100,c,0.07004201992433093,0.07004226406147689,0.07955502633769111,-0.1503170364494177,-0.1503196393714645,0.525023209180098,train,False,1121
1,100,d,0.005086875926913637,0.005085230638921075,0.006754100895308351,0.0035539514653155457,0.0035525143665397965,0.05178374735459549,train,False,1121
2,100,e,0.14708855738658333,0.14701905404903381,0.1696227061151341,0.06975598229693689,0.06976154054761359,0.44341857627013126,train,False,1121
3,400,c,0.09012568112109694,0.09011344844584103,0.09437830978780447,0.10463184898501737,0.10459430119364768,0.35309947099678696,train,False,1121
4,400,d,0.007570005146952674,0.007567796243582806,0.00889558123174561,0.007570485859105283,0.007568969331978313,0.037012279951214706,train,False,1121
5,400,e,0.2153716593738176,0.21542225278270227,0.2974518305502451,0.19084031186231712,0.19083382061224186,0.3079096563954721,train,False,1121
0,100,c,0.05933897509594692,0.059341837322463474,0.05957353560036764,0.04216555395337714,0.04215870800877596,0.7473404893519924,train,False,1122
1,100,d,0.006546835865966255,0.00655764123580068,0.00848315980579569,0.002404945281183615,0.0024022186719448867,0.03184100040720887,train,False,1122
2,100,e,0.2749373922516035,0.2749285399218312,0.33733513102395263,0.15174790872920368,0.1517543940703915,0.4761954961865541,train,False,1122
3,400,c,0.05669691472925446,0.05668088954348643,0.06768067063735658,-0.02389915402465725,-0.023905809109705772,0.4845629443930794,train,False,1122
4,400,d,0.0063118866370987245,0.0063120698580613685,0.007719762363900176,-0.005011052405716789,-0.005011418051213213,0.04170488223392645,train,False,1122
5,400,e,0.18116112636362708,0.18223287076764477,0.23878833794857968,0.1542193695182363,0.1537406254417545,0.35916729735965597,train,False,1122
0,100,c,0.08626620488633809,0.08620925039583295,0.10243547644811468,0.05855237526668773,0.05854724890077485,0.8474487598223915,train,False,1123
1,100,d,0.028358296908920094,0.02836118319838936,0.0055024201791923025,0.011232037893464,0.011229881933041934,0.13228212042255963,train,False,1123
2,100,e,0.14629726954183997,0.1462942555044662,0.2951251521137306,0.14673352928288197,0.14672635053228752,0.2795296932151952,train,False,1123
3,400,c,0.06952084254173552,0.0695225067343426,0.10178685134760633,0.07344196663277906,0.07343527720433421,0.5020393266275659,train,False,1123
4,400,d,0.007721277961741926,0.007724732152046601,0.008022213065622763,0.02648557759391471,0.02648378673663899,0.0974766675121698,train,False,1123
5,400,e,0.19050866405943936,0.19051458625840836,0.26832940706997077,0.17588872847309567,0.17588125865172252,0.3011638939270656,train,False,1123
0,100,c,0.24892069981193074,0.16053299303671584,0.1618619099040079,-0.010912374031930768,0.02614190062080979,0.40103436911568024,train,False,1124
1,100,d,0.003474758440375834,0.0034750533157668693,0.005376657168160145,0.006154520023269719,0.006154331508816177,0.029673956656815187,train,False,1124
2,100,e,0.1569154198466109,0.15688444275050684,0.2508031932424488,0.1362766995461498,0.13627268824260333,0.2705124257173445,train,False,1124
3,400,c,0.0804694983888735,0.08048672527854403,0.10394074573413567,0.037363659454948246,0.03735495901098723,0.23940762517373698,train,False,1124
4,400,d,0.00530085142047231,0.005300972293707531,0.006810915908116701,-0.007393256618763129,-0.007393749634656093,0.03589646136200049,train,False,1124
5,400,e,0.16538380577411027,0.16891376554883805,0.21936163990485572,0.13150003606488617,0.12802965006146905,0.33003057213323744,train,False,1124
0,100,c,0.05624532440435684,0.056243883209014994,0.07287430037737135,-0.05616470360408037,-0.056177875679872785,0.44830370420986104,train,False,1125
1,100,d,0.014681229296350063,0.014683789835749689,0.006998696651747856,0.026481529184249605,0.026480469453411024,0.05941490275880852,train,False,1125
2,100,e,0.2236983199219349,0.22168667569742437,0.3129388899632138,0.16990114352411237,0.17013941597898605,0.2991749767635053,train,False,1125
3,400,c,0.05642015647869046,0.05643200047599992,0.08379711109131406,0.017857312341826415,0.017870527019553464,0.4141060123341939,train,False,1125
4,400,d,0.00430917553525959,0.0043156992973607325,0.00544901381734371,-0.007294227542450962,-0.0073021308801453876,0.016560365242369136,train,False,1125
5,400,e,0.19468794166912318,0.19469358144504054,0.24970086448226272,0.13141742555024294,0.13140763108592465,0.30641077448132165,train,False,1125
0,100,c,0.1145145969615705,0.22060305401967523,0.17585673046625286,0.07777042698583692,0.010372672257233049,0.6296932030501601,train,False,1126
1,100,d,0.02466517324618816,0.024666181106559805,0.005123460424613948,0.019761561974386874,0.019760163361278914,0.22719270835597868,train,False,1126
2,100,e,0.22586406028735642,0.22586738045583132,0.346588989760225,0.15575027363075614,0.15574519615893856,0.23980458302432658,train,False,1126
3,400,c,0.08904622915421231,0.08315909731713397,0.10053445363443793,0.0368393075209049,0.038464346694000257,0.3135428163278276,train,False,1126
4,400,d,0.006397927401237442,0.006336247350467651,0.006581580018483221,0.006711649722198434,0.00673057493829802,0.11986693114276774,train,False,1126
5,400,e,0.17586633368309776,0.17598931111258748,0.2903395050031281,0.18036314222940047,0.18038245345668866,0.3461990708742867,train,False,1126
0,100,c,0.17218936597672535,0.1717361850912534,0.15421630132570566,0.17654603296373714,0.17652011671508014,0.8414035799969765,train,False,1127
1,100,d,0.0830260475678295,0.0830293218349704,0.008175127636890343,-0.004291882759192998,-0.004299634368043676,0.16821428250839027,train,False,1127
2,100,e,0.17625865546658182,0.17626759946432208,0.26139810444372097,0.15501100452353433,0.1550007644806518,0.2849861169719258,train,False,1127
3,400,c,0.08814389103137245,0.08544946378414632,0.08969540165341904,0.0015289137655465624,0.0005329405624279816,0.7372776683613053,train,False,1127
4,400,d,0.006139976825578656,0.008365322871557121,0.008985421264244974,0.002173604928493802,0.0005863021209531283,0.13549270736871805,train,False,1127
5,400,e,0.19405112005086536,0.19402541742328186,0.23111723170085888,0.12244201395202282,0.12243523489397774,0.3102343915057261,train,False,1127
0,100,c,0.1486066065431914,0.1486765711698984,0.12364645208980106,0.042688471820633254,0.04266990764737088,1.0920860091653204,train,False,1128
1,100,d,0.007547511873192168,0.007553397232345226,0.008090548162314328,0.017919546005149965,0.017918609565351976,0.02292526436012949,train,False,1128
2,100,e,0.2555591331633244,0.2543295142454732,0.30725726742012344,0.12662728491337633,0.12786721952573998,0.2763894459398455,train,False,1128
3,400,c,0.06792321670703604,0.0683191900768424,0.08517585851274752,-0.00018529433809753472,-0.00024638215844973387,0.5799093022674408,train,False,1128
4,400,d,0.006335154993836233,0.006526755890091259,0.007442782273889673,0.014430233390447,0.014524552646803742,0.1299590805770153,train,False,1128
5,400,e,0.1606922025372745,0.16069719827058127,0.2740693203222084,0.16277019084666008,0.16275961181546264,0.37115442210515,train,False,1128
0,100,c,0.08061308542242301,0.08061497095340307,0.08985857551242761,0.06828569451413956,0.06828502810282608,0.5799787795062474,train,False,1129
1,100,d,0.009794838981296078,0.009794760971624824,0.011693134492848568,-0.016139639104527356,-0.016140196978312746,0.04707367835576523,train,False,1129
2,100,e,0.246280974771304,0.2462746558374347,0.311389429705145,0.12169742881009182,0.12169464289511726,0.32109012199666814,train,False,1129
3,400,c,0.061960953220886184,0.061327517560632705,0.07142915139990018,0.02122787169289197,0.020290795684538097,0.6222016115658328,train,False,1129
4,400,d,0.006466282853698977,0.006457591145837973,0.006605055777358688,-0.0004314472526788116,-0.00043099961259144946,0.12918458066567748,train,False,1129
5,400,e,0.1796292485912454,0.1796750861998347,0.2757156972928627,0.17166298736127084,0.17164627010769593,0.30713850122156733,train,False,1129
0,100,c,0.0809747430517427,0.08096717842429774,0.07380089035487916,0.052059606440583724,0.05205356759804175,0.5039661396239502,train,False,1130
1,100,d,0.005448624746506029,0.005457866068940566,0.00492473544304202,0.0057648343174204085,0.00576050333021584,0.18191695371808195,train,False,1130
2,100,e,0.1888609572701819,0.18884462223289641,0.2526602002942396,0.11239828285858597,0.112386989773488,0.403117006006963,train,False,1130
3,400,c,0.08294824496162745,0.10980309280067813,0.09131303598392546,0.06415655193236823,0.055413406121945674,0.984974614145828,train,False,1130
4,400,d,0.00948094080172681,0.009425500414746029,0.007976703502552689,0.0010167182013785059,0.0008731951900122148,0.0510091410418533,train,False,1130
5,400,e,0.21434575292132163,0.21402021571297702,0.2989031943360844,0.16758138570979492,0.16757774737449438,0.28491354417601145,train,False,1130
0,100,c,0.07798703289996718,0.07799982030181127,0.11154031974878281,0.06478527455316715,0.0647812309375265,0.45778982514785016,train,False,1131
1,100,d,0.004793313346663603,0.00479330967900475,0.005834539896919028,-0.028868472184429096,-0.028868926321173164,0.00932467201246201,train,False,1131
2,100,e,0.18282252663827706,0.18280254013052122,0.22471043386894,0.09924373209747436,0.09924891809528738,0.2888206955499302,train,False,1131
3,400,c,0.06199069005820482,0.06201382899941831,0.07750504519923705,0.03250379087163872,0.03244808331314367,0.5470723852160378,train,False,1131
4,400,d,0.004904212998229996,0.004904281551993367,0.004734069070986413,0.012090975232861734,0.012090823978788379,0.0632731428787345,train,False,1131
5,400,e,0.2093990602454622,0.2092925978933706,0.3018755790382073,0.19123147788334408,0.19121518065694973,0.27537741968616075,train,False,1131
0,100,c,0.31434400169772375,0.3143674299762614,0.26309046774505124,0.1235354917194249,0.12350383834039462,0.8297007078795587,train,False,1132
1,100,d,0.018806363701227184,0.018810596874613065,0.010042162925760696,-0.008290182638902107,-0.008292417010651913,0.015372598134155027,train,False,1132
2,100,e,0.20595984982062926,0.21034364484236112,0.29764796345583144,0.11420171455705351,0.11778958250525733,0.288777242221401,train,False,1132
3,400,c,0.0542508073967804,0.05433168189133045,0.07102013281474251,0.04735075918939799,0.04726944447211224,0.8886816190293098,train,False,1132
4,400,d,0.005058949452623112,0.00505910247994372,0.006505978675080872,-0.0031455955082564913,-0.0031459245035611615,0.05912768659584728,train,False,1132
5,400,e,0.1635877914676185,0.16364469666246897,0.2503423187321744,0.15107388774126718,0.15106624788273315,0.3530466901532712,train,False,1132
0,100,c,0.06321363135215054,0.06321043841295179,0.06002069700261381,0.057263634899117975,0.057254295500144325,0.6240902012113131,train,False,1133
1,100,d,0.003183564907643476,0.003183498066227193,0.0031363261018466653,-0.013888410120466741,-0.013888958210148256,-0.010059650223456309,train,False,1133
2,100,e,0.18925236825532774,0.18925728576455136,0.22618624147513014,0.11664503332777962,0.11663982401311174,0.34749717090259297,train,False,1133
3,400,c,0.05507524274031283,0.0550906287403314,0.07297333066365934,0.03466476501238503,0.0346613587630155,0.5928125359296942,train,False,1133
4,400,d,0.006649542107935558,0.005968322855150812,0.005462239299679584,0.011051688459558307,0.011182461792817122,0.04880861227631076,train,False,1133
5,400,e,0.23221047405720935,0.23222468796455648,0.3313417517208767,0.16435512367360539,0.16434761000527737,0.31614444737827957,train,False,1133
0,100,c,0.06918858731566281,0.06918662674964846,0.07515875579540107,0.059044277807834646,0.05903923344269515,0.5800937736398083,train,False,1134
1,100,d,0.012903387093412795,0.012904744002421458,0.010828843677515607,0.01325514908084985,0.013253782159591233,0.023958170198448342,train,False,1134
2,100,e,0.21239169383796505,0.2123729157507401,0.26644790755259834,0.1760328510956859,0.1760274298254835,0.41782670502464897,train,False,1134
3,400,c,0.05421052279667421,0.0542100032952561,0.09074738344386982,0.03803387769656567,0.03803513659862176,0.7653177146511692,train,False,1134
4,400,d,0.005348042796136399,0.005348186661751584,0.005187902554084091,-0.004752009540362767,-0.0047523284036069665,-0.003481842170040483,train,False,1134
5,400,e,0.17282413710418393,0.17000273233000904,0.26724490105277093,0.1440510338218073,0.14551906892640656,0.3303466667465772,train,False,1134
0,100,c,0.10190691391572941,0.10191026640302679,0.09223618996520778,0.0978649458315536,0.09785692817750373,0.5035894686825414,train,False,1135
1,100,d,0.00469489186590252,0.004695081104080579,0.004709539973822812,0.003431686225228692,0.003431827079469709,0.05785467880635764,train,False,1135
2,100,e,0.20282227011405543,0.20276374749127624,0.16522631956580802,0.1646386684726251,0.16462878145829435,0.4512397349653811,train,False,1135
3,400,c,0.04894882532467599,0.04894906863770882,0.07456750319431603,0.04462053204443663,0.04461622467438154,0.8804573131225122,train,False,1135
4,400,d,0.005620458290489503,0.005566206709997496,0.006666093239245166,-0.004328877151154824,-0.00433587658824516,0.06342191291250393,train,False,1135
5,400,e,0.16532578659339858,0.16532486590219608,0.23725655417119232,0.15296382944602605,0.15295709870782737,0.33315746813395664,train,False,1135
0,100,c,0.07132022868855074,0.07132320919903616,0.10823179307467855,-0.1142301574184814,-0.11423081730568925,0.1518716087100595,train,False,1136
1,100,d,0.004063450311124929,0.004063493069059521,0.0037154472843913557,-0.025699402418389496,-0.025699669088454693,0.032197741885860116,train,False,1136
2,100,e,0.09987821642553227,0.09977145558689841,0.18633071281706134,0.13111665230302286,0.131113609545436,0.33989351102974225,train,False,1136
3,400,c,0.06576157874211092,0.06572562712169516,0.08781911343283536,0.03189993225842329,0.03185321224664904,0.5981670119755101,train,False,1136
4,400,d,0.006446346307619424,0.006447745373577222,0.006908896642427628,-0.0044760881870877615,-0.004476720895200685,0.003771123047000149,train,False,1136
5,400,e,0.18479377766974,0.18479318316666762,0.29917289565718397,0.15089599317956107,0.15089265399149918,0.3181214585796467,train,False,1136
0,100,c,0.04215525509355159,0.042149890976983274,0.11213545640120774,-0.010934692510251054,-0.01094678300313177,0.7405284250503553,train,False,1137
1,100,d,0.0036153999492399636,0.003615502682338522,0.0037677212008519127,-0.010578033369066446,-0.010578324202015477,0.0008680448855073309,train,False,1137
2,100,e,0.14882572796572072,0.14882942057201848,0.25851723495383816,0.1422202884232982,0.14221231210371912,0.34766788572695284,train,False,1137
3,400,c,0.0713204879436567,0.07131903574575256,0.09284138379580043,0.07068553577859767,0.07068358313452855,0.6676304859917919,train,False,1137
4,400,d,0.006326360326549916,0.006326493736145139,0.007587888395623926,-0.006557822897984824,-0.006558090009107591,-0.0034309340759070394,train,False,1137
5,400,e,0.166003872650161,0.1675365306316292,0.23537740483685587,0.1673439015032886,0.16823289026208063,0.30737841325368215,train,False,1137
0,100,c,0.16535161566276152,0.16529031388270202,0.0609210573008679,0.03223420256904277,0.0321994240972306,0.20939207942767454,train,False,1138
1,100,d,0.02818822255234402,0.02833379077754029,0.005743723586127949,-0.013276282032708765,-0.013280205056518729,-0.0019505950237924097,train,False,1138
2,100,e,0.23236680663398337,0.23235262608049134,0.27359497288020046,0.10790031680400677,0.10789348984344,0.41591549038859654,train,False,1138
3,400,c,0.06788536758826143,0.06786821355298173,0.08000231424306124,-0.06613715194510085,-0.06613714626363766,0.25794380604862616,train,False,1138
4,400,d,0.003910079563877097,0.00391017479376818,0.004241713820868066,0.0073830504740694455,0.007382804264736507,0.08312394762143825,train,False,1138
5,400,e,0.1758437433024651,0.1759571682363374,0.24395940287645917,0.14060511857237565,0.14062039275303037,0.3521607091887686,train,False,1138
0,100,c,0.10053764320343651,0.10035994466391668,0.09333039576985,-0.031184658948869383,-0.031183710376362656,0.15780273539973563,train,False,1139
1,100,d,0.009307359058483474,0.00930754708806437,0.004959760678098874,-0.009765449525714818,-0.009765474509875905,0.21568393082116136,train,False,1139
2,100,e,0.20453210870153565,0.2045089960708322,0.2538691204593798,0.1499629489302294,0.14995390377867623,0.3205347914942343,train,False,1139
3,400,c,0.05645802551701038,0.056460484497098375,0.07554793949942684,0.07892193646062197,0.07891843955115461,0.733604000462283,train,False,1139
4,400,d,0.014883243124814215,0.014824669709426934,0.008098339610326433,2.8296294968104265e-05,2.6022788311905742e-05,0.17225257090666077,train,False,1139
5,400,e,0.17999787346323096,0.18000415728655964,0.2850683230620506,0.1786629866391225,0.17865282344440142,0.3030319809051413,train,False,1139
0,100,c,0.0589212119584619,0.05893181396878222,0.07768906746807638,0.011373854078183428,0.011368586078907797,0.5387553189668557,train,False,1140
1,100,d,0.005141331187853259,0.005141352338234342,0.007080012663800811,-0.02963279564293213,-0.02963325673173589,-0.021902598667229666,train,False,1140
2,100,e,0.23083255029446786,0.23078159807084353,0.2265505254419805,0.05411362765827015,0.054098321743071054,0.2728740990084785,train,False,1140
3,400,c,0.07517923406540562,0.07480369820410533,0.0932933827371055,0.07327275602660806,0.07315753322890388,0.44109062123867077,train,False,1140
4,400,d,0.008898838231140828,0.008911801578170236,0.006474815289676656,0.01625414409573809,0.01625160787820109,0.11888322231337353,train,False,1140
5,400,e,0.19822844809140508,0.1975225653882921,0.25356794231442376,0.17383953756048015,0.17427869270705762,0.3080524591402029,train,False,1140
0,100,c,0.1162693834722372,0.11620779842160733,0.12342367263273835,0.0959977713350537,0.09597232307848856,0.8103442242009841,train,False,1141
1,100,d,0.0303945043122518,0.030397043897572383,0.011469140654447485,-0.02250689757105379,-0.022508627274720094,-0.0019437877530799953,train,False,1141
2,100,e,0.2906500230489707,0.29069082633084864,0.33002232081397653,0.07942532429339537,0.07941500515091257,0.26179157217625615,train,False,1141
3,400,c,0.06370479159544701,0.06373147545413403,0.08092337367282257,0.07665476837759343,0.07661119307948538,0.6429109013095373,train,False,1141
4,400,d,0.0039705368069143775,0.004620553830896075,0.004400542149916504,-0.002208041693092735,-0.0023154933417283453,-0.0020685726996953592,train,False,1141
5,400,e,0.15703836794152756,0.15703565429966587,0.22782113904643497,0.13516208557219536,0.1351559068501645,0.3405370360433615,train,False,1141
0,100,c,0.0638259654642036,0.06216151851141724,0.07506309571647302,-0.10584225379094975,-0.10464372975998253,0.4779193704462434,train,False,1142
1,100,d,0.005400134901737004,0.005392359327491247,0.006419957132633574,0.014343169307920168,0.01434155641735071,0.018801063039495088,train,False,1142
2,100,e,0.16444169176459458,0.16441883060454,0.2460276944731585,0.12430305231042034,0.12429940590091952,0.3747986438118129,train,False,1142
3,400,c,0.05429163372502943,0.05417039786192799,0.07706826045789021,0.047196691860386226,0.047041863115944695,0.8555374881651503,train,False,1142
4,400,d,0.005827627913913792,0.008386672380396662,0.008368539819439646,0.005354254468614297,0.0032419218411986785,0.0629128600486678,train,False,1142
5,400,e,0.16972513978533355,0.16948787254257663,0.2887836307584583,0.15319118534354467,0.15317094540509288,0.3336384260541719,train,False,1142
0,100,c,0.09236987304525261,0.09231348571514594,0.10521658422235657,0.16284048960523365,0.16285906178219534,0.7257444012947692,train,False,1143
1,100,d,0.02802598476588093,0.013598861870290978,0.00956815653806211,0.0005847210440837536,0.0010472225535983705,0.00554701354759791,train,False,1143
2,100,e,0.21206153333917377,0.2118202300749039,0.3226304133641399,0.12611801114603333,0.12611468073969262,0.5261321302558963,train,False,1143
3,400,c,0.05101676316775444,0.051016825549651326,0.08288450247132509,0.015245465430776406,0.015239624160106402,0.9395517285006408,train,False,1143
4,400,d,0.012708833294220538,0.012692856010217331,0.008032855547428544,0.023284154080444656,0.023275337241869407,0.11174087286967517,train,False,1143
5,400,e,0.16721138372360525,0.16721168783785656,0.28401535228489355,0.1401726038617108,0.14016391221296343,0.3306747886072061,train,False,1143
0,100,c,0.07362341680666767,0.07362451272327741,0.09182954272114163,0.058356464182660876,0.058353782085623605,0.7659647584206877,train,False,1144
1,100,d,0.004822732382873683,0.004823814072702647,0.004686992588547868,-0.0026367430346157053,-0.0026370686570133016,-0.002616272594260973,train,False,1144
2,100,e,0.22120345494932608,0.22112998786677882,0.2955698212746852,0.11292281715704303,0.1129215614039077,0.2649243367669208,train,False,1144
3,400,c,0.060367675539266905,0.0603703790287392,0.06528821386817107,0.04454156346603987,0.044534668595037415,1.0021915180250278,train,False,1144
4,400,d,0.0050755942642178985,0.005072198630735287,0.004934894917755401,0.004368976237217535,0.004365312876982941,0.09931732223502932,train,False,1144
5,400,e,0.19256437696305276,0.19263299630062464,0.27489877203873553,0.14375974541356484,0.14555785597797902,0.3290800739434711,train,False,1144
0,100,c,0.24794615047866994,0.24800235741266158,0.17095622464515312,-0.0030473336857329515,-0.0030683150936369687,1.1770961844672838,train,False,1145
1,100,d,0.011663880541518687,0.011664284370622124,0.00811208987173762,0.01290476680638534,0.012904654018202812,0.10368639448577893,train,False,1145
2,100,e,0.17084642381331405,0.17081523629772621,0.3658141411229746,0.12453291021458643,0.1245228729637174,0.33441243130708903,train,False,1145
3,400,c,0.06045235617817109,0.06045074357438192,0.10859590361769492,0.02220632074520097,0.022205664845668167,0.4949745955534597,train,False,1145
4,400,d,0.00981432372145109,0.009821037881879878,0.00823852195535301,0.009741105493405088,0.009739973219589472,0.012297037281125326,train,False,1145
5,400,e,0.18470245998275703,0.1847048925776332,0.28747804908939495,0.16195602424223396,0.16195175130472036,0.3036615990126547,train,False,1145
0,100,c,0.06393009479171931,0.06392655871950112,0.12183615160963052,0.10848139448454468,0.10846824238627853,0.6486782708820737,train,False,1146
1,100,d,0.00909450441328864,0.009096058459508408,0.01019579953710354,0.01224075157234255,0.012239161242606045,0.018211330391185408,train,False,1146
2,100,e,0.2188566380317452,0.21891846682689717,0.32339045224295115,0.14509166059920334,0.1450806507712629,0.3132585914926997,train,False,1146
3,400,c,0.05108620154863356,0.05112244963109589,0.07342406038224068,0.07136263778429594,0.07134207909264369,0.9562357410001658,train,False,1146
4,400,d,0.007002104713974846,0.006663863814987686,0.006812320802503188,0.007839130999970686,0.008108268884433762,0.038577674306300214,train,False,1146
5,400,e,0.16668090637841496,0.1666818115012582,0.2551617302185194,0.16609473445855963,0.16608186452897925,0.3090146044508472,train,False,1146
0,100,c,0.18477549827806072,0.18000404680378668,0.1850369368213088,-0.08587030038745652,-0.08793986367663408,0.9809900628733574,train,False,1147
1,100,d,0.014109888731100783,0.01411401372949275,0.011961135340275262,0.014769288697680879,0.014767381573749603,0.034834439077211315,train,False,1147
2,100,e,0.24721143795215167,0.24677953645097264,0.4225782397295903,0.1721572734518097,0.18536851649386837,0.273930323321577,train,False,1147
3,400,c,0.058483923778624686,0.058479422634699595,0.07004524292049215,0.045331083065759684,0.04532290994458471,0.6185421420383489,train,False,1147
4,400,d,0.005534667894632424,0.00553452847175348,0.0062908369130380715,-0.004148789162038256,-0.004148780509022175,0.07383953013237977,train,False,1147
5,400,e,0.18121739696349148,0.18122390262285676,0.29807184499212425,0.14940306567892783,0.14940357382200672,0.3095379782718178,train,False,1147
0,100,c,0.14349837873666987,0.14351763719931576,0.11988060252540464,0.01907251023407298,0.01906569034533561,0.4343592656852352,train,False,1148
1,100,d,0.009771348496133713,0.009771598533207415,0.0072977275888574545,0.013190195058047376,0.01318991425885427,0.016580041132815068,train,False,1148
2,100,e,0.25073418502970846,0.2484892954803946,0.316747485390685,0.14542217178660902,0.14539194436817807,0.26748481897938314,train,False,1148
3,400,c,0.07098188877889405,0.0710213808740516,0.08981408703337868,0.09956252636970994,0.09953312972631359,0.3749924502540785,train,False,1148
4,400,d,0.006101121086783854,0.006101214092430421,0.0071957421368930045,-0.008454738684039693,-0.008455015890689577,0.009499258757017692,train,False,1148
5,400,e,0.19612483091992935,0.19468011017761555,0.22795410744275613,0.14722570447517036,0.14680878670730807,0.3260761043439843,train,False,1148
0,100,c,0.0741926829674432,0.07417807444552992,0.09363822161320008,0.0330421938904869,0.03303468797436977,0.44630781986632506,train,False,1149
1,100,d,0.013221882472486355,0.013222526625430412,0.012801098144246195,0.014271322192999564,0.014270687729125769,0.029139438758282062,train,False,1149
2,100,e,0.20396746696949156,0.20396933032969816,0.23680328182871782,0.1677224400774082,0.16771383817864335,0.27902012935400966,train,False,1149
3,400,c,0.06273591875437305,0.06275648260661662,0.06737514194890633,0.08423207326879854,0.08420427962487757,0.6860260316369755,train,False,1149
4,400,d,0.006497265270953305,0.011370933963627688,0.007325080914884387,0.013450270425030003,0.010285270959571609,0.07241584403842233,train,False,1149
5,400,e,0.19114735255487486,0.19114857742527802,0.30605610251287196,0.1746093325887631,0.17459533833091867,0.3200421709286316,train,False,1149
0,100,c,0.08106085913898906,0.0810860484870775,0.09986760546085147,0.005015560988014229,0.005008796926128482,0.28762629767309683,train,False,1150
1,100,d,0.07623688555788055,0.0378605806141381,0.013389581003328292,-0.018256443120461707,-5.343054058553065e-05,0.03203049369677389,train,False,1150
2,100,e,0.2176467872941826,0.21763604272666992,0.3418069737966078,0.1319129629048603,0.1319029390868917,0.2917210662975789,train,False,1150
3,400,c,0.05882379646332686,0.05874413685746914,0.07601858783687454,0.013178455149419578,0.013158889482035505,0.49943439239967335,train,False,1150
4,400,d,0.007154995701539459,0.01075848859162102,0.006860551884920376,-0.007146053956852487,-0.008379291646430325,-0.005651956333469385,train,False,1150
5,400,e,0.19896308980159333,0.19890638189655976,0.27909805574098906,0.15250716222449143,0.1524942267413438,0.29404165114091557,train,False,1150
0,100,c,0.11043016277674887,0.11037962084906183,0.14478749514176498,0.1003053682614253,0.10029988645768775,0.43407488939983774,train,False,1151
1,100,d,0.010341373197847298,0.010341421740340561,0.011147720016346164,-0.03818780231616392,-0.03818832183857333,-0.027094329806968888,train,False,1151
2,100,e,0.20105114598553173,0.20104698457700937,0.2886404098117785,0.10686266733324803,0.10685438525904321,0.3413180615882761,train,False,1151
3,400,c,0.07236937940146931,0.07237383546967009,0.08196015426943584,0.07970794971605472,0.07970388028221578,0.48396179094903613,train,False,1151
4,400,d,0.00614128693351036,0.006141383126524458,0.006476466989427299,-0.01019137848357774,-0.010191878532781348,-0.0007621727103867215,train,False,1151
5,400,e,0.20610857802410287,0.20522640957924002,0.26124387296558355,0.1555885257304474,0.15552366818320415,0.3100537170606741,train,False,1151
0,100,c,0.08020851556420208,0.08024455804438185,0.12319667694691562,-0.03557149301600106,-0.035579374987826144,0.37020903879613165,train,False,1152
1,100,d,0.004106319606211648,0.0041064302698614425,0.004116520718811486,-0.032759284937121276,-0.03276003382637668,0.043746274314373806,train,False,1152
2,100,e,0.20581794036423426,0.20588591327094108,0.2555655363663807,0.11265710447245027,0.1126504454731635,0.30808592328194406,train,False,1152
3,400,c,0.05993392921006926,0.0599692254457527,0.09179002776984065,0.04670097622230642,0.04664648221520807,0.5460057643605285,train,False,1152
4,400,d,0.0075084560558116775,0.007509198860184063,0.006464889398135155,0.010136861507343565,0.010136353923816213,0.07925322992689388,train,False,1152
5,400,e,0.1789756812724982,0.17907773244494365,0.24427214452010898,0.15061147361499913,0.15059734036251712,0.3150395869421058,train,False,1152
0,100,c,0.09069205896447569,0.10292011374766184,0.13887482202263235,-0.16174342780263792,-0.1645124691198884,0.030666399608413428,train,False,1153
1,100,d,0.02311766057392756,0.023126737410079725,0.019055135026799466,-0.007314936592876027,-0.007317674904955816,0.0076785142641555915,train,False,1153
2,100,e,0.19108622757005903,0.19106316310364807,0.23269322026087802,0.13136390000394058,0.13135814369777493,0.27850157280226584,train,False,1153
3,400,c,0.06635904532721988,0.06636086145364399,0.0982128668987578,0.08044457076657473,0.08044140200528531,0.5142264667661551,train,False,1153
4,400,d,0.006500277992012754,0.007140251086543732,0.008150484462779654,-0.0060843800700140175,-0.006487667579430934,0.029270845879476717,train,False,1153
5,400,e,0.15466647910524822,0.1546380829067471,0.2597871699039851,0.16967867087206145,0.16966296010207452,0.342376442742415,train,False,1153
0,100,c,0.07812401940180248,0.07820180698315227,0.12293671690779318,0.06217174333775837,0.06214654592860398,0.7067352821824439,train,False,1154
1,100,d,0.007585966859654467,0.007585767928491134,0.006427310147995355,0.004501382476652438,0.004501791677547349,0.20180083333978815,train,False,1154
2,100,e,0.23439351077021514,0.23429933810622386,0.29993033186591495,0.13681625182853707,0.1368024307411166,0.5239517778499366,train,False,1154
3,400,c,0.054293025487034956,0.05429801645486965,0.08371488848940398,0.031384526558768895,0.03138698745894068,0.6120030646698099,train,False,1154
4,400,d,0.006909469566212655,0.006913040106321497,0.009417508682074548,0.010403850959744823,0.010397548698145442,0.03979069391711928,train,False,1154
5,400,e,0.21348744011353,0.21333905023495692,0.2215150548991823,0.1310817597373795,0.1310747443969189,0.3589549538884123,train,False,1154
0,100,c,0.06734830131899003,0.0673696139919085,0.0849185487311532,-0.016168464617621368,-0.016174571061059878,0.26870838315200934,train,False,1155
1,100,d,0.0032381469828188696,0.0032381817546983205,0.0034504766064907015,-0.010191865736271507,-0.010192125248716995,0.0031175003930679246,train,False,1155
2,100,e,0.16930388157650403,0.16912452979702552,0.3022284207449898,0.17375822518617717,0.17374855956325228,0.28003368692044667,train,False,1155
3,400,c,0.05263512908094483,0.05263706549888424,0.07856140706495779,0.027458492544452186,0.02745579591855865,0.6665250810227177,train,False,1155
4,400,d,0.005524755130935635,0.005524961591965631,0.005788959637153557,-0.005095138343886703,-0.005095473693930579,0.01885243456228036,train,False,1155
5,400,e,0.15554983452229007,0.15554897505237344,0.25796457802471334,0.1435676826070526,0.1435595226274367,0.3425877097542925,train,False,1155
0,100,c,0.13663628297855535,0.13681017273835233,0.15378503880949587,-0.03611055889683556,-0.03612357824605319,0.9976029209943821,train,False,1156
1,100,d,0.02028145970268348,0.02029113382319621,0.005682384947316883,0.02370747282285999,0.0237069883341648,0.12295076824547989,train,False,1156
2,100,e,0.1802927948879367,0.180294837313249,0.2868788520181063,0.1387009456443342,0.13869814321819168,0.26803898880915333,train,False,1156
3,400,c,0.06075570527635212,0.06079653503602695,0.06143733404618604,0.03171103825272624,0.031665729872069906,0.6696448281265799,train,False,1156
4,400,d,0.0037658887677280025,0.00794953615859107,0.004356626595125892,-0.0015750513745010509,-0.003268029345776569,0.03864992706731913,train,False,1156
5,400,e,0.1732050432892092,0.17319099982766192,0.24900506270928216,0.14359215497725522,0.14358499258469265,0.3438863691172638,train,False,1156
0,100,c,0.06005974025127105,0.060062012311105265,0.052078457984701024,0.08526391786749678,0.08526137142466154,0.735752535597494,train,False,1157
1,100,d,0.0036622105661123744,0.0036622468339148227,0.003823908826435685,-0.03502109330454808,-0.035021550323440884,-0.0025196115185200083,train,False,1157
2,100,e,0.1703148696064648,0.17031988836115464,0.3213909371861972,0.13970664101086946,0.13969831065573943,0.33098558268474904,train,False,1157
3,400,c,0.06603206319744614,0.06610295747257978,0.07977339731171018,0.034835274417525146,0.03480367415602786,0.5311504655711541,train,False,1157
4,400,d,0.007744617281345858,0.007741481143441491,0.007040314827984393,0.015366772876731166,0.015364608508456392,0.10691354945255611,train,False,1157
5,400,e,0.1852302275246604,0.1849141024149539,0.29760205749543306,0.15792173900262338,0.15790002518010515,0.346994426666151,train,False,1157
0,100,c,0.1633216928349244,0.16328566846425513,0.10300733796116254,-0.022957297870815623,-0.02296329332233093,0.7666804441374424,train,False,1158
1,100,d,0.004744504182530364,0.005731344658806244,0.006959959261855978,-0.0022351569039075515,-0.0030357264661694926,0.0026043728878831374,train,False,1158
2,100,e,0.1910261163686848,0.19104902860682504,0.3725403843141069,0.11601072978703521,0.11600561736975444,0.2955819506476013,train,False,1158
3,400,c,0.057684507046799005,0.0532379338583405,0.09362148538348075,0.061605450469473626,0.06310364993896257,0.8532202138938526,train,False,1158
4,400,d,0.008210776150771499,0.008211494909965231,0.00576087170215284,0.01995306851087495,0.019952478767544513,0.1341289763936293,train,False,1158
5,400,e,0.1550332503039102,0.1550431154625932,0.23475882140492335,0.14702999467927275,0.1470114480598239,0.3157659074506116,train,False,1158
0,100,c,0.1648468197529466,0.0745075746058333,0.05349964228727862,0.07810818891589356,0.08972895693193905,0.4830297749888973,train,False,1159
1,100,d,0.008667349147704473,0.008667428925416384,0.008215394637613196,-0.03782879528475233,-0.03782919668929331,0.003175488305103187,train,False,1159
2,100,e,0.17211815823981463,0.1721189313773182,0.24393184394927353,0.11753453870046222,0.11752506244187785,0.5348885639540094,train,False,1159
3,400,c,0.05431952684276224,0.054293090814323354,0.06977728656767015,-0.005184834669699896,-0.005210206455934241,0.7497230436020581,train,False,1159
4,400,d,0.004573447984861301,0.0045747554062659564,0.005302071426961275,-0.008591045594101683,-0.00860018034276715,-0.002969976731615631,train,False,1159
5,400,e,0.16181899608948616,0.16181829384711618,0.23840686812905912,0.13106603949232715,0.13106151844981107,0.3373562863383858,train,False,1159
0,100,c,0.04996783874370335,0.05053807714236254,0.07413988960737684,0.03530318232963318,0.03519895463846346,0.5605172067925683,train,False,1160
1,100,d,0.004625618579142927,0.020290015006960198,0.012679867854015137,-0.008083848635057773,-0.018105356104222245,0.06566663506435183,train,False,1160
2,100,e,0.18606868166673882,0.18606375361080246,0.27133525678013837,0.1283502097762286,0.12834533038867904,0.34899776785503667,train,False,1160
3,400,c,0.053120452974983044,0.05315239638115588,0.08441611268215998,0.02672485888938766,0.026677873557043413,0.4695201380452761,train,False,1160
4,400,d,0.0054858089981955896,0.0054839831775548905,0.005132554724084082,0.006405056947554062,0.0064035155523326105,0.10451512485593736,train,False,1160
5,400,e,0.16969266264552776,0.16974066038690797,0.25983835657875753,0.15150878098132844,0.15151361783394499,0.3504813488887827,train,False,1160
0,100,c,0.051217986585406064,0.0512173601009486,0.07015695440881835,0.04514413339876611,0.04514014912691259,0.6969876521536285,train,False,1161
1,100,d,0.010231198135481961,0.010251251482913398,0.00739147171161362,0.008962848773888865,0.00896146775372694,0.011693033084967955,train,False,1161
2,100,e,0.23789887338119173,0.23789443833106438,0.3266649335127656,0.11504612782899137,0.11503709782799433,0.31537165645264126,train,False,1161
3,400,c,0.06113891270599974,0.06109733240295673,0.07017834274919937,0.06174169181852861,0.06168384713556762,0.5748345810180551,train,False,1161
4,400,d,0.009012211484779327,0.009012324857585767,0.007942046675707777,0.022639365218473984,0.02263962196585231,0.12890322406174884,train,False,1161
5,400,e,0.18331140627991854,0.18332960395422288,0.25095817113322244,0.1571053589512768,0.15710013209782214,0.3373220555715403,train,False,1161
0,100,c,0.061851301298620064,0.06185031794240374,0.10429077390672453,0.05584831930370427,0.05584979331565976,0.6489841210327382,train,False,1162
1,100,d,0.005119719361805795,0.005119925637767212,0.006129951786889787,-0.008927712048088968,-0.008927975154835135,0.01701577809048022,train,False,1162
2,100,e,0.22263107848903543,0.22254442086592138,0.2581467254784825,0.08028294708812375,0.08027254670449985,0.34297075080962436,train,False,1162
3,400,c,0.072698612387253,0.07270475053599015,0.0881541522333101,0.09378198304596126,0.09377829109776144,0.8045005138552825,train,False,1162
4,400,d,0.0056909597673167785,0.005691435572927771,0.005651364432045916,-0.0015387282408799053,-0.0015389026989673482,0.09636501117713574,train,False,1162
5,400,e,0.17889279759930862,0.17889452302560577,0.28406632844564433,0.14947597248591918,0.1494684830332531,0.34575556037943594,train,False,1162
0,100,c,0.07640808161022057,0.07641176856084883,0.07728258866408605,0.00014293830726025192,0.0001285659284390306,0.677095774658095,train,False,1163
1,100,d,0.00927922429074541,0.009277868042868268,0.0036086758806253417,0.024901337786685608,0.0249013135690009,0.03432419436432415,train,False,1163
2,100,e,0.17835830921519613,0.18345454323792218,0.2932323553489,0.16198278208437825,0.16408964792308578,0.3011517710600732,train,False,1163
3,400,c,0.05123378975840351,0.051237938336753615,0.0777531609223463,0.03217640202447001,0.03213501144448095,0.8381542029960672,train,False,1163
4,400,d,0.00842348162683649,0.008382588151190562,0.008057967844667127,0.003358053563047676,0.0033567194139199155,0.005245411701137002,train,False,1163
5,400,e,0.167782185175862,0.16779363283739165,0.24836990597313202,0.16512839010097685,0.16511631834613177,0.295535876268173,train,False,1163
0,100,c,0.07567244383095549,0.07568378090859314,0.08852807844902635,0.10688530158334125,0.10687556419561822,0.9065482344772705,train,False,1164
1,100,d,0.0283374819187736,0.02833739914548318,0.0062881226132537596,0.027269827664020474,0.02726983796325877,0.0791674327211412,train,False,1164
2,100,e,0.26672243490084824,0.26671867889529915,0.3720731056205716,0.11801872857654737,0.11801575065529044,0.34669298693580003,train,False,1164
3,400,c,0.06931161837783091,0.05478785347525775,0.06985328859317287,0.10321652923234105,0.10654106582761422,0.47964094984659505,train,False,1164
4,400,d,0.008088016521530652,0.008088322317812804,0.008101893384616879,0.02234307544456023,0.022342726027059855,0.13476268008305056,train,False,1164
5,400,e,0.18526390000195664,0.1852650967738316,0.2741466173384589,0.17453771691214784,0.17453187848204763,0.2995023420585722,train,False,1164
0,100,c,0.05344519913012516,0.05344328116234673,0.07871724237248844,0.048198942700246404,0.04819662084410183,0.37218112327106,train,False,1165
1,100,d,0.013714558571401525,0.013714611522169951,0.012002197907946962,0.028602855589047193,0.028603095999209405,0.25725352535479135,train,False,1165
2,100,e,0.22997819332660588,0.2300167394734311,0.24576220296277806,0.08607898879937526,0.08606669042656488,0.3194757368075309,train,False,1165
3,400,c,0.06304996417946089,0.06277962099472824,0.0751519941496862,0.07407844505009735,0.07406696127628813,0.6508715880729373,train,False,1165
4,400,d,0.020765144306265637,0.02073996371632879,0.005450465079227335,0.019042589876785598,0.019043929371876215,0.2522973449605361,train,False,1165
5,400,e,0.17488062247689076,0.17590882335452185,0.2594405406742264,0.11907166602223619,0.11968412199591995,0.35203546035398375,train,False,1165
0,100,c,0.06853519120216625,0.0685426456292975,0.06244295735314633,-0.036188400779243464,-0.03619756892932521,0.6311603003522309,train,False,1166
1,100,d,0.008596048821010595,0.008596989087392051,0.008371193599546578,-0.0014296494910533398,-0.0014303378364291675,0.05443578577874725,train,False,1166
2,100,e,0.2297813424633692,0.22958009499601542,0.20840317680482492,0.05775813886982821,0.057734362920802446,0.37439103124865214,train,False,1166
3,400,c,0.06264264746095077,0.0626339993921316,0.07030559090119616,0.02138334843960763,0.02137126633431997,0.9880009485694604,train,False,1166
4,400,d,0.007013741097955684,0.007013426771284808,0.006770852395204923,0.01732435960839524,0.01732408133727038,0.02071361599870414,train,False,1166
5,400,e,0.16311706944562027,0.16172106667279568,0.2695463480204061,0.17005261165446733,0.17079363487651597,0.34083052966377075,train,False,1166
0,100,c,0.0864803849907933,0.08649492182266058,0.07292825231654834,0.11690902280808643,0.11688378768885535,0.5405655010471833,train,False,1167
1,100,d,0.028793487441016383,0.028795424285410917,0.014199034065702576,0.016175497505770728,0.016171459843097154,0.04323159433261548,train,False,1167
2,100,e,0.3035479055981388,0.3035517253196192,0.33603862283807173,0.2047661384979584,0.20475942007788944,0.2740980019677027,train,False,1167
3,400,c,0.07526223504576082,0.07531442877545035,0.10729209130227024,0.04401548515048951,0.044047320936894466,0.8890992504773331,train,False,1167
4,400,d,0.0057096880400062935,0.005710079392189096,0.006218550325326127,-0.0038294526865293933,-0.0038295357454328815,0.056732482992314155,train,False,1167
5,400,e,0.19344653158973063,0.19312399112962392,0.30176803272809083,0.16484187160653044,0.16471512375109157,0.3499025408325651,train,False,1167
0,100,c,0.07184299441880458,0.07186076497518327,0.09160885304517578,0.06515572383498416,0.06513947928280998,0.4226488039443879,train,False,1168
1,100,d,0.04605269889804733,0.046067747319884,0.01126352505350641,0.01966305305626337,0.019660058780909716,0.0432798844963839,train,False,1168
2,100,e,0.1906501585707661,0.19313803312344507,0.3503683597436264,0.13391217270783315,0.13496593409424626,0.25555748074912643,train,False,1168
3,400,c,0.11642164632246323,0.11647589092017206,0.08711204423860743,0.07932597778860774,0.07928848826292438,0.5433972658101581,train,False,1168
4,400,d,0.004606563065937435,0.004612747044666,0.005146333896210071,-0.00967101720474437,-0.009680092890406548,-0.0007298196743786355,train,False,1168
5,400,e,0.18700302279292863,0.18702701754428536,0.2536503382789801,0.18001242773564635,0.17999886716716226,0.2964162838832878,train,False,1168
0,100,c,0.06229936226558659,0.06229854637877017,0.08447272692260528,-0.08983331369785162,-0.08984858758766506,0.6481267851711465,train,False,1169
1,100,d,0.0032978060738474983,0.0032979440529021914,0.005296834077432998,-0.012922361856828228,-0.012922657739487437,0.05712974787030463,train,False,1169
2,100,e,0.19706940864177874,0.18618404274728687,0.33013941399720137,0.11160751181265437,0.1199022707955535,0.3518789380859287,train,False,1169
3,400,c,0.056763249037625155,0.07493036733677991,0.08299387715224504,0.0947417872236479,0.08923450074413673,0.8069495179738468,train,False,1169
4,400,d,0.007077125829987884,0.007203235236930271,0.007763224848909007,0.011944830010264695,0.01200823030642967,0.09942104075512966,train,False,1169
5,400,e,0.17232528416984036,0.18163981535545942,0.2672679712102857,0.19417086850720186,0.19729249006612162,0.3279574143293456,train,False,1169
0,100,c,0.09658821456333513,0.09656582309807069,0.08044263163448397,0.11544707768193035,0.11542866302212489,0.26568216724298666,train,False,1170
1,100,d,0.03504649730471578,0.03504343567945442,0.009034701882103063,0.037292745178626595,0.037291380754138855,0.18706564659936414,train,False,1170
2,100,e,0.2903959679448165,0.2903903437258089,0.4543261772722221,0.13950836165298278,0.145854271811408,0.29692219589764635,train,False,1170
3,400,c,0.06255807980735476,0.06158122977806026,0.07482579848517998,-0.043051730515592225,-0.044342389318575856,0.7014672041336886,train,False,1170
4,400,d,0.006554212967045211,0.006554177705846339,0.005588169804199311,0.02104433138536335,0.02104424065783368,0.05382803656825585,train,False,1170
5,400,e,0.18789955801270777,0.1879137417527694,0.2975056764053344,0.14714182373868354,0.1471354528032913,0.4080294649689137,train,False,1170
0,100,c,0.13029520819297052,0.13032596859036297,0.13072058684023605,0.031089168540895218,0.031070974302444654,0.8031251275266774,train,False,1171
1,100,d,0.004047245527274899,0.0040470416671346925,0.006462097197196905,0.006685722271659085,0.0066859517201528365,0.09475084377595251,train,False,1171
2,100,e,0.2127017701852101,0.2126167632546547,0.31282749932539267,0.13194724261204954,0.13192019596365995,0.3485505836025448,train,False,1171
3,400,c,0.06511944909357138,0.06512309522669589,0.06647269649989335,0.023197672073127295,0.02318970244958578,0.6396930871076953,train,False,1171
4,400,d,0.004182950354291001,0.004183196404651691,0.006300273405454162,-0.0007113616627293418,-0.0007115013056081309,0.05697828252080006,train,False,1171
5,400,e,0.1825393057293869,0.18256613945630173,0.24642595839233497,0.19063813509093536,0.19063351084666835,0.33228451231008493,train,False,1171
0,100,c,0.08060192972729892,0.08221480906043373,0.09365733680131892,0.015344720564653542,0.015553033793875955,0.23980948436421443,train,False,1172
1,100,d,0.005507919423519792,0.005507946476153683,0.005996077693046284,-0.009686789833978313,-0.009687038520164127,0.10874543477788054,train,False,1172
2,100,e,0.21637428674210643,0.21297035731672215,0.26582679128742703,0.13365595540507397,0.14579948540124146,0.2795661946458637,train,False,1172
3,400,c,0.049327623455216324,0.0493329504845259,0.07326696572500006,0.03288951392682748,0.03281429807796279,0.7378166234570094,train,False,1172
4,400,d,0.012672221476332034,0.012675313636310286,0.005928073157404467,0.01989353184075821,0.019892459212917952,0.05865657196692755,train,False,1172
5,400,e,0.20037376830730502,0.20037041540466785,0.3165366096652708,0.17243930262193088,0.1724329935660346,0.2957811555636634,train,False,1172
0,100,c,0.12247930200607655,0.12241698815619503,0.13185479052007773,0.13229519422198835,0.13228833687538114,0.43194873191997213,train,False,1173
1,100,d,0.00859340585056686,0.008593557879237521,0.00900192345451142,-0.016374552065510778,-0.016374855412268678,0.04245049407648324,train,False,1173
2,100,e,0.16155561503260368,0.1615452989660367,0.3027463409057542,0.17322239750529128,0.17322053317663447,0.268031512795699,train,False,1173
3,400,c,0.051257521821315766,0.05105967292749232,0.07737727759690723,0.07743947070898315,0.07733957565431823,0.6197773009337997,train,False,1173
4,400,d,0.0073428795162670864,0.00734228415501104,0.00602718803487052,0.005948730103967765,0.0059487180561582425,0.04031932206672252,train,False,1173
5,400,e,0.18596368331583274,0.18596823020390743,0.2874271870991063,0.14843436544028918,0.14842172555424468,0.30872315730039196,train,False,1173
0,100,c,0.21467269659727936,0.2145326225158283,0.10562686878950946,0.054537739713169414,0.05454106417116655,0.49090436685910077,train,False,1174
1,100,d,0.022496735735368412,0.0224837638621528,0.012266340211428582,-0.015406564230507307,-0.015408512500713236,0.07625066608223686,train,False,1174
2,100,e,0.2370102689936526,0.23712276324223056,0.24373279911296614,0.11641338238859358,0.11640767509276746,0.25185005137918337,train,False,1174
3,400,c,0.06345117416731624,0.06343995560283028,0.07757500548365506,0.050231024635443905,0.050221891808966676,0.578218128345911,train,False,1174
4,400,d,0.00898758382832307,0.008988087328271992,0.0076971601390908835,0.0040906497004065834,0.004090271709925126,0.04842214237658972,train,False,1174
5,400,e,0.23940327000251851,0.23931629437756757,0.2936109323181963,0.13796107517853018,0.13793902600462338,0.3015100342374722,train,False,1174
0,100,c,0.0444671052043467,0.04446966698483994,0.08309975746979631,0.027996474127640596,0.02798940282051518,0.6786817702140189,train,False,1175
1,100,d,0.004257026216513618,0.0042573331324538095,0.005854945856734929,0.004836762584576117,0.004836355401165342,0.0881344304659294,train,False,1175
2,100,e,0.16782027107990538,0.16778432595793288,0.22125605059904377,0.14273814152909345,0.14273340532230328,0.323399823112872,train,False,1175
3,400,c,0.05879667868839825,0.058798441955036085,0.08116264400522813,0.019734147371465553,0.01973068493245869,0.3252155273895481,train,False,1175
4,400,d,0.0073691041150333505,0.0073690251038363045,0.004984738322240648,0.006222964375443621,0.006222966753643409,0.07248791658352427,train,False,1175
5,400,e,0.17520761991539086,0.17514036200547572,0.2617412835630152,0.1688682481174574,0.16885227365143146,0.3182647747919542,train,False,1175
0,100,c,0.06180171805782957,0.061801267538306746,0.10221554996545082,0.05006127699628962,0.05005536915069755,0.3670812795920185,train,False,1176
1,100,d,0.014258497583274861,0.014150146030777582,0.006691886337628647,0.02557414038098468,0.02557115666641085,0.030877730293758603,train,False,1176
2,100,e,0.2195736922587137,0.2198000151078219,0.3055141442113682,0.09843060363015912,0.09842274423045769,0.3472989064388989,train,False,1176
3,400,c,0.05625577681115378,0.05623151498346373,0.09605282315647695,0.05671529067938813,0.056722058416780005,0.44644716648299637,train,False,1176
4,400,d,0.00964879882801624,0.009651833868043667,0.008712037567599201,0.014470309789965193,0.014469800851561878,0.019109190717036758,train,False,1176
5,400,e,0.17403252225469898,0.17626690457160207,0.21754426544574146,0.15610342427918006,0.15742831749369365,0.3060326649246584,train,False,1176
0,100,c,0.07604368202289319,0.07605425982071101,0.06781434027153471,-0.008301287849925175,-0.008311747438083472,0.7414894339456459,train,False,1177
1,100,d,0.003937353078945929,0.003937473997541496,0.0027909916976890463,-0.026419169758619035,-0.026419512567226633,-0.01386167342356071,train,False,1177
2,100,e,0.1957614451622075,0.19992613926997063,0.25550225384563896,0.11363191313789145,0.1139024997920793,0.47604564066568505,train,False,1177
3,400,c,0.06898773006328943,0.06595275949739081,0.10831573914955844,0.05855544448413411,0.060805505634241114,0.7419874174551854,train,False,1177
4,400,d,0.005109266083144404,0.005109513930004927,0.006386873609104466,-0.016533460311864038,-0.016533811087689223,0.019599440462181743,train,False,1177
5,400,e,0.1609610063378859,0.16096333923099024,0.30223894014910746,0.14238585300639497,0.1423803518269047,0.32829529976397054,train,False,1177
0,100,c,0.09848282273982864,0.09850286860876692,0.10018298817956228,0.15285661892845367,0.15282693650851883,0.5862969502177506,train,False,1178
1,100,d,0.00849152303949418,0.008495972741248792,0.012791622007458838,-0.01851609774990717,-0.018518669676562193,-0.005103920522712002,train,False,1178
2,100,e,0.20067852861395583,0.20462137545005632,0.19219380337616296,0.11508867860263415,0.11607345412480413,0.3583435353388788,train,False,1178
3,400,c,0.05804253124583527,0.057993359120109174,0.08500867732000536,0.03346616882064666,0.03347075160941252,1.0675636548822924,train,False,1178
4,400,d,0.005509598762318713,0.005509596021787463,0.005726061493346779,-0.016492402099567906,-0.0164928320229523,0.005265396800589812,train,False,1178
5,400,e,0.17691374552565162,0.17664017324880085,0.2193392668602505,0.14895897311327658,0.14892129459194586,0.3346312393082269,train,False,1178
0,100,c,0.0590831655329422,0.05907769287773226,0.08410558242023512,-0.012892602126986787,-0.012895476079248099,0.6049651820629891,train,False,1179
1,100,d,0.006206486289454346,0.006205129293261911,0.008162867054778202,-0.0041187195471658455,-0.004119559289928745,0.0010030515767815728,train,False,1179
2,100,e,0.15477732931310542,0.1547703001843052,0.19918962278998215,0.11343252029784637,0.11343604597010526,0.30187799232223606,train,False,1179
3,400,c,0.05850883743193704,0.08193201957382606,0.10553476979110198,0.06206028735391222,0.05269480605298789,0.8025149086775472,train,False,1179
4,400,d,0.005355182792247556,0.00542308468985002,0.006312324344480267,0.001329039978374027,0.0013677899249649884,0.06371543561010441,train,False,1179
5,400,e,0.16815140847140445,0.16814684284653125,0.25243468562143956,0.17810971812510176,0.17809695801377523,0.32076793475108184,train,False,1179
0,100,c,0.07286165176372196,0.07198855409812083,0.04772551177683695,0.1041132517730859,0.10407502793914197,0.9820675616874258,train,False,1180
1,100,d,0.004674848506086845,0.004696066758712995,0.00689980816632669,0.017781300415899006,0.01778143416470382,0.08272773327879182,train,False,1180
2,100,e,0.247460724696137,0.24747328429359336,0.26924862944076533,0.1112404302351996,0.1112282391189082,0.29036793705863156,train,False,1180
3,400,c,0.05339951274439017,0.05350871840177129,0.0742059155285515,0.05025048963032461,0.0501992484469595,0.5576692221478179,train,False,1180
4,400,d,0.005508883239128558,0.005509076978488308,0.006088255312500533,-0.0032967173897200477,-0.0032970675040017204,0.07495371897374178,train,False,1180
5,400,e,0.16508584388385678,0.1650087141396746,0.2734309828871854,0.1463628824508658,0.14625531531193484,0.2891730507340872,train,False,1180
0,100,c,0.05969118570205888,0.05968540288424696,0.08482822451207445,-0.0010492204942375593,-0.0010522662527247208,0.22070831122195664,train,False,1181
1,100,d,0.01162000478333306,0.011624931810349865,0.011977380672489964,-0.009010362575358144,-0.009012152258080804,-0.005804935444111212,train,False,1181
2,100,e,0.2496559591481767,0.2496629330669322,0.29682564344207685,0.18672709753633107,0.18671830925308228,0.2736238444525301,train,False,1181
3,400,c,0.059439919514892685,0.05944376446390608,0.07841894462457312,0.02761767681623667,0.027602922750323843,0.4358026869430936,train,False,1181
4,400,d,0.01341713739235925,0.014384040583248643,0.01252844650872098,0.014692492038502607,0.014146421180492369,0.1362807162229064,train,False,1181
5,400,e,0.21934166393461102,0.21937859452335967,0.3330090065440501,0.18210944428613943,0.18210263314624833,0.2964156503522936,train,False,1181
0,100,c,0.11231844519613438,0.11238740408981761,0.09826842127816798,0.04821904478722658,0.048210028380045386,0.42066862090205837,train,False,1182
1,100,d,0.004872228356744853,0.004872230275358227,0.004920800781040637,-0.007732898516909099,-0.007733146276081105,-0.003118375233023425,train,False,1182
2,100,e,0.18695625454298712,0.18570478584101002,0.28983712996153116,0.1479955050282735,0.14795598800259566,0.33018701851390536,train,False,1182
3,400,c,0.06713962325904842,0.06714202830732803,0.0755459144864517,0.08408378653514995,0.08407934268043085,0.5569274344280915,train,False,1182
4,400,d,0.005850531360735231,0.005899579051565925,0.006797860517772555,-0.013776202252019996,-0.013830706302447916,0.008392967630107169,train,False,1182
5,400,e,0.1554720614641437,0.15471850301140086,0.2460059310396411,0.17435203263921514,0.17555184402404692,0.27738102033693124,train,False,1182
0,100,c,0.16334864556748602,0.1633263643040202,0.08769620156128251,0.04818132046540818,0.04815223649902393,1.2273609456801295,train,False,1183
1,100,d,0.006132730275583988,0.006131019728082728,0.008184952059412574,-0.011183819599389367,-0.011184952453910544,-0.010739038974928655,train,False,1183
2,100,e,0.1900206663639581,0.190001752044486,0.22378488643606875,0.0967803470774384,0.09677640607080817,0.306664207956664,train,False,1183
3,400,c,0.06238987484096604,0.06245684764699545,0.07150607695499002,0.006697055193835126,0.006674455378011785,0.7788807617368068,train,False,1183
4,400,d,0.005675826218726267,0.005674407408165408,0.006562273901648512,0.006088093167388191,0.0060865977160076135,0.06153468694374984,train,False,1183
5,400,e,0.17894799016972254,0.1793916268953819,0.2791654920843388,0.16319901410744755,0.16349615177357749,0.3062455430874155,train,False,1183
0,100,c,0.06429720778388101,0.06429422715570608,0.09984272854262896,0.001502061877526444,0.0015021839385362058,0.5069960007018295,train,False,1184
1,100,d,0.016680984269255322,0.015685111963295816,0.019924241596111655,0.01310860107187068,0.013760870220896173,0.05564363836442272,train,False,1184
2,100,e,0.15577778897557099,0.15581307959053534,0.27941745796868583,0.170117679660626,0.17010853213258167,0.28161274291976446,train,False,1184
3,400,c,0.05701008696843136,0.057008721284616024,0.0849866780790457,0.0393273585811091,0.03932715186508645,0.23895333593348148,train,False,1184
4,400,d,0.006169566488106027,0.0061780911561487495,0.006888721718004631,-0.004464629218882195,-0.004473849116503246,0.0556058978111728,train,False,1184
5,400,e,0.20064564982824784,0.20067050030496236,0.3026217544318446,0.2035190169255506,0.20350529220528643,0.29990130260874936,train,False,1184
0,100,c,0.22881350826462868,0.22925625852856985,0.27370281145912423,0.020555534847199724,0.020514338338647704,1.3194045878575609,train,False,1185
1,100,d,0.006591039247473491,0.016088424410284376,0.008759055096201606,-0.005339132324860607,-0.010221349700456876,0.05395938391016322,train,False,1185
2,100,e,0.21808080742173572,0.21807745686626426,0.2925350195298088,0.12004046037029191,0.12004169517185716,0.2918216612240972,train,False,1185
3,400,c,0.06962427758452915,0.06961392293440964,0.09141043420490579,-0.001761143836290273,-0.0017628425204377152,0.27482859911163326,train,False,1185
4,400,d,0.005946190887632038,0.005945446522925228,0.005447428705210423,0.009921039409806128,0.00992115661748759,0.1444845611885014,train,False,1185
5,400,e,0.1653652617701109,0.1653898249858349,0.31557083986875933,0.16215852955399218,0.162151128703203,0.2927416875158711,train,False,1185
0,100,c,0.059528506216865014,0.05941369536517583,0.09004886994827384,-0.049589716685168594,-0.049609474207712695,0.8999773152064175,train,False,1186
1,100,d,0.011603319743050627,0.011589102415110518,0.014754796511721456,-0.008217695912872962,-0.008219325053256163,-0.00212655408332985,train,False,1186
2,100,e,0.1809648882050805,0.1800087889336378,0.23727755494500072,0.10291829833266433,0.10646295801890063,0.2868113438568246,train,False,1186
3,400,c,0.05436175643562958,0.054447389369098965,0.07352401075424664,0.01977407751957557,0.019745581563545472,0.726326947182474,train,False,1186
4,400,d,0.007593350313690171,0.0075961592982713814,0.004742071744727887,0.00738406338691469,0.0073817453201699655,0.07568474223055062,train,False,1186
5,400,e,0.1712184192303995,0.17121557264085824,0.2992348747642466,0.17252791307817114,0.17251605118242913,0.3088322184381021,train,False,1186
0,100,c,0.18220152914340548,0.18220573395917214,0.12169966523094992,0.11958579663577226,0.11954529285258104,0.653750769866014,train,False,1187
1,100,d,0.007506301658888033,0.007503240622412064,0.01087982593783293,0.005677442324540642,0.00567719394604433,0.015215850420353885,train,False,1187
2,100,e,0.2594187790845108,0.25940645938998064,0.2899653381904527,0.15487776160629524,0.1548696419198248,0.3741996112451914,train,False,1187
3,400,c,0.05614714211881656,0.056458480744791484,0.07831682558720585,0.04905775802186817,0.04885705916413549,0.3771906323309458,train,False,1187
4,400,d,0.005164760393780069,0.005164518477454566,0.004739755746585659,-0.00976657170503195,-0.009766400618499703,0.03466614994323237,train,False,1187
5,400,e,0.18436175651087516,0.18445768406861782,0.32436800031482993,0.1848817897806412,0.18500500524096816,0.33558192921131436,train,False,1187
0,100,c,0.06426847123403824,0.06421858829618686,0.09906405316166804,-0.13893455685984898,-0.13893777360108536,0.331358965620132,train,False,1188
1,100,d,0.011873080561676415,0.011877736530802829,0.007303614335347968,-0.007866733798153263,-0.007868671883301204,0.012514151068092137,train,False,1188
2,100,e,0.22418585603265184,0.2242151114049856,0.30230635913515,0.11483188014578147,0.11482585932312958,0.26632658267209053,train,False,1188
3,400,c,0.07244198127544209,0.07256160267305374,0.07828375955229401,0.0077548151651759415,0.007727183767173784,0.7442260329462356,train,False,1188
4,400,d,0.0055516922151589865,0.005534430726128831,0.005550583850212562,0.0024027985147817787,0.0024048976704031944,0.07481958157659427,train,False,1188
5,400,e,0.18103378296042671,0.18102792268825227,0.31687953333613617,0.15980591601037983,0.1597963431692835,0.34155509175798443,train,False,1188
0,100,c,0.044134177185426206,0.044139953782595914,0.10250311958457335,0.03044430029914871,0.03042726729341389,0.6455380234320995,train,False,1189
1,100,d,0.0074318347127494515,0.007431963963378977,0.006825665363490294,-0.01917138013474414,-0.019171874334334725,0.021168761503335513,train,False,1189
2,100,e,0.23260923635311762,0.23377246949570363,0.3487231418506827,0.13327896055365496,0.13378801655611472,0.2925557726788297,train,False,1189
3,400,c,0.06284680237802125,0.06184616588656068,0.07704071776984747,0.04043237912132334,0.0407425014203281,0.7383968507169797,train,False,1189
4,400,d,0.011917240104332694,0.01192394286737838,0.0072663517605194685,0.005249345730975836,0.005247351292012219,0.023034748487750497,train,False,1189
5,400,e,0.23046228150299491,0.2305036120228368,0.32643418678987196,0.16908235910509106,0.1690705037523466,0.33677161105861636,train,False,1189
0,100,c,0.07270336993612855,0.07270285509254017,0.08340519648014612,0.044011151613467095,0.044001717327314865,0.5901515237245644,train,False,1190
1,100,d,0.01701846611873227,0.017021711719143143,0.008783655023503239,-0.01588056746481243,-0.015882614861493317,0.006776733614935804,train,False,1190
2,100,e,0.20989665548144928,0.20995733055539276,0.21966173986213364,0.09666942844220856,0.09666020369699041,0.40905814199032664,train,False,1190
3,400,c,0.05140262845323665,0.0511329107868323,0.0801280673103031,0.032980333770565626,0.03287424440652778,0.8081651579268889,train,False,1190
4,400,d,0.012754693948834448,0.012762038147256037,0.012947388152715804,0.022437063493820356,0.02243136678339532,0.14578904731624107,train,False,1190
5,400,e,0.1751041388976495,0.17603689858405133,0.2860659884183604,0.1663444085421098,0.16791253573204265,0.29990050553982445,train,False,1190
0,100,c,0.09012013541701046,0.09012208981944057,0.08052902306993008,-0.07828623292592247,-0.07828817483484307,1.2811007826167082,train,False,1191
1,100,d,0.007450501728008853,0.007460417202122278,0.0053424424877821985,0.014182327380710102,0.014178110120428383,0.02861903420551748,train,False,1191
2,100,e,0.19569478346746888,0.1957629352845753,0.3155454949071621,0.09939578720052904,0.09939059034800383,0.38076371370599316,train,False,1191
3,400,c,0.0684117285533695,0.06850747796537121,0.08556464206956998,0.040595285751581896,0.04055675914507454,0.596792963130777,train,False,1191
4,400,d,0.006349639440210564,0.006349693496916224,0.006375122379355665,0.006086471620732415,0.006086375044358974,0.07177423909227501,train,False,1191
5,400,e,0.19070837000292604,0.1907034675539339,0.2735278568414415,0.15890221214734232,0.15889879637171994,0.3116466772923688,train,False,1191
0,100,c,0.05696262257825934,0.056964433993119894,0.0681455578702494,0.02639138590769548,0.026387717934134684,0.8063200535730748,train,False,1192
1,100,d,0.008884575996572427,0.008877981648590471,0.006057493267947634,-0.00017716834400049563,-0.00017785552696151897,0.06690404731978561,train,False,1192
2,100,e,0.20134756969828657,0.20132006623505266,0.24486010911640232,0.13459260819901603,0.13458757330749818,0.39377040566256205,train,False,1192
3,400,c,0.05248603614081608,0.05978599137370796,0.07016293870834912,0.047338815655443865,0.04438396822087832,0.801646690123538,train,False,1192
4,400,d,0.008913821440388053,0.008912322365025161,0.005512887782716941,0.008204775279975944,0.008204417113058398,0.04512825274342063,train,False,1192
5,400,e,0.18513053589094464,0.18491141588195942,0.24733736523676897,0.16789283115425566,0.16762944302396596,0.3338654807377641,train,False,1192
0,100,c,0.12913543402502758,0.12915964317731632,0.1679231288622185,0.0909354446272959,0.09090544734715351,0.8887457113049068,train,False,1193
1,100,d,0.019272446584782017,0.01927907162952213,0.01731887501080126,0.006116491487974756,0.006113996902675893,0.008238918008685552,train,False,1193
2,100,e,0.21962666137795508,0.21956790032825615,0.35364705220147546,0.13179952287623364,0.13178808209064535,0.3248381738086635,train,False,1193
3,400,c,0.06070947617726338,0.06069021559891204,0.08442296540845444,0.003351387651955591,0.0033433332965255858,0.8908527555232618,train,False,1193
4,400,d,0.005769784758220503,0.005770052014659929,0.007370827550369465,0.0035512011168696844,0.003550882045885295,0.024938616786920314,train,False,1193
5,400,e,0.19818606450412912,0.19817776245916385,0.29407015332025943,0.17678239499798218,0.17677250814517087,0.3226576739343983,train,False,1193
0,100,c,0.0575635447332771,0.0575626389061921,0.07418892108345436,0.003975310424091845,0.003970468923809989,0.22418215998775914,train,False,1194
1,100,d,0.008521057840811261,0.008521107918047333,0.011983991764357127,0.017796447952000617,0.01779612375507213,0.1229045602061099,train,False,1194
2,100,e,0.16510562826703154,0.16510330266305343,0.21900010783655163,0.14545335304835524,0.14545426913356096,0.6593487180064089,train,False,1194
3,400,c,0.053074920605545105,0.05307471211453097,0.08872162438401729,0.04231279730601266,0.042310036231740615,0.47854092438112894,train,False,1194
4,400,d,0.005889145910826493,0.00588940750319564,0.006258784274690292,-0.009775111447952884,-0.009775535847570254,-0.0017474980079641611,train,False,1194
5,400,e,0.18765480622538713,0.18762619472731054,0.2592461091646015,0.15931667569766206,0.1593036937501988,0.32326514232706527,train,False,1194
0,100,c,0.06532432944662407,0.06536841504324103,0.06948694796133098,0.08281734878718297,0.08278364910212843,0.761562423856152,train,False,1195
1,100,d,0.008249113939327564,0.008249087681589398,0.008196344408975756,-0.023694911526022135,-0.023695333495910055,-0.005322323066066357,train,False,1195
2,100,e,0.20210631586959077,0.2026337358850941,0.26761763514477604,0.15935199070151448,0.15933483055339806,0.282354761572466,train,False,1195
3,400,c,0.05855852280302914,0.05856200547664147,0.07441722441592032,0.04672664795835488,0.04672272990939668,0.5909761411788458,train,False,1195
4,400,d,0.00505778188751408,0.005068994671378318,0.004809067038405654,0.003444786669895361,0.0034354129573649496,0.06936424206909775,train,False,1195
5,400,e,0.18853555429909435,0.1885067981460905,0.24830226610606743,0.1413070222299266,0.141291774600599,0.48522746207230405,train,False,1195
0,100,c,0.07448719200303335,0.07451635261258446,0.0637729433049529,0.11402334243312126,0.11400380103753165,0.5627383054942046,train,False,1196
1,100,d,0.0073174052331979635,0.007317492797458211,0.010196449693695606,-0.02422261118425425,-0.02422300614170357,-0.010156665944888559,train,False,1196
2,100,e,0.2021580698961136,0.20221170711623007,0.18531242177812288,0.10867538773845667,0.10865598982424672,0.33670187155617515,train,False,1196
3,400,c,0.05898769237633887,0.05899050663814683,0.09448762421475944,0.015454548276476885,0.015450724865034786,0.21681980559133193,train,False,1196
4,400,d,0.0053573146382186335,0.005348628644830746,0.005603967739592308,-0.004257608124601049,-0.004424087233157792,0.08340857094735582,train,False,1196
5,400,e,0.1930569785854891,0.19304113815748497,0.26984264323757334,0.15527015029521585,0.15525653004579154,0.3005347545400239,train,False,1196
0,100,c,0.07237744643712701,0.07241142373393371,0.07531839145268707,0.061288662838667705,0.061265626373170935,0.7747184734606216,train,False,1197
1,100,d,0.0037021266038251175,0.0037018695953018343,0.004619398337496959,0.012538907036653769,0.012538592731440002,0.03698077786054903,train,False,1197
2,100,e,0.16673827892840395,0.16674055045078423,0.2538011300783398,0.14443345125555504,0.1444283411742932,0.3758760897341707,train,False,1197
3,400,c,0.05422201928546534,0.054217096995554465,0.07780992488491661,0.04371201183367106,0.04371649357070801,0.6841644265430703,train,False,1197
4,400,d,0.004852306312247612,0.004852121342026387,0.003884952779352852,0.003404121978672805,0.0034042631941924384,0.08570123422707948,train,False,1197
5,400,e,0.17876348611354653,0.17877701765080975,0.2872335826160639,0.16427904985815375,0.16427077701628265,0.3355300928665716,train,False,1197
0,100,c,0.08754316140169237,0.08755057384861666,0.08190077886871162,0.14819657977239545,0.14814201149286846,0.7123771727119602,train,False,1198
1,100,d,0.005726781766568398,0.005725852131618688,0.006733548309242387,-0.01683599870858959,-0.016835364349963963,0.008751079306361405,train,False,1198
2,100,e,0.20323791974664476,0.20314975913588584,0.2474131717708878,0.12159101094972016,0.12158840932496538,0.36511063718614467,train,False,1198
3,400,c,0.046685047901775044,0.04668296670877879,0.07876714651013708,-0.0041600460160996985,-0.004163917877674379,0.36756262674273954,train,False,1198
4,400,d,0.006322101534646438,0.00632227431213901,0.007470622924625524,-0.006165974489324935,-0.006166087657992936,0.0020718345226515035,train,False,1198
5,400,e,0.16092197770995412,0.1609233057407164,0.1924716028199893,0.14325291918190958,0.14323596360728977,0.3349187673964405,train,False,1198
0,100,c,0.11635524265241912,0.22776272128118716,0.1024884348898864,0.15543619223747457,0.09711139312201851,0.9451503043006045,train,False,1199
1,100,d,0.008925878892656704,0.008912928697476296,0.007000604092194978,0.005889183046887467,0.005884053939601764,0.05678589053297438,train,False,1199
2,100,e,0.2263423930350096,0.22635420728899572,0.2628707357498825,0.09206742365752188,0.09205156814873827,0.3272983260781326,train,False,1199
3,400,c,0.05089915899410094,0.05089068614867804,0.07880468638923627,-0.001996003415440697,-0.0019998475694801244,0.3396671664788147,train,False,1199
4,400,d,0.007475323976972243,0.007475430646088052,0.010397392153046992,0.005197986226295175,0.005197871227410201,0.11627095262579085,train,False,1199
5,400,e,0.1846251531392156,0.18466030201135378,0.2603230868411232,0.17520571163821266,0.17520127904252702,0.319600631779615,train,False,1199
