,n,experiment,MSE_misspec,MSE_NPMLEinit,MSE_NPMLE,SURE_misspec,SURE_NPMLEinit,SURE_NPMLE,data,NPMLE_lower_SURE,seed
0,100,c,0.07459911843347286,0.07460549991766592,0.09167447672464193,-0.13560299482532245,-0.13560418688363882,1.0111471986504785,train,False,200
1,100,d,0.00906149453530264,0.018392623014030073,0.006155463772445763,0.010916254460861143,0.008432754566674916,0.09034561289547374,train,False,200
2,100,e,0.16234075138845408,0.16233968365852167,0.3309723862897716,0.12122508906508365,0.12122309859130326,0.4567721796043081,train,False,200
3,400,c,0.06363451206336991,0.06391212855203228,0.09866996949503745,0.009243485705784949,0.009209113604646362,0.44575670830126896,train,False,200
4,400,d,0.004436869451450431,0.0044369738188074544,0.004972554521344649,-0.009752606425466296,-0.009752762771487315,0.06906011265310177,train,False,200
5,400,e,0.17562214570672843,0.17465177261165737,0.22717520656456622,0.13531559222010997,0.13563900537335877,0.3327252874690431,train,False,200
0,100,c,0.07263790485642878,0.07260683606119177,0.1393327584437817,-0.05064854255865093,-0.05065732580212633,0.11231270372495984,train,False,201
1,100,d,0.020370020237588285,0.020382200070306243,0.017334368210126794,-0.006858253801243919,-0.006859477385737378,0.05194146445973079,train,False,201
2,100,e,0.17801396371032802,0.17236378231822547,0.25666930195639914,0.0817871424731502,0.08132955978885015,0.32025950032296946,train,False,201
3,400,c,0.0701713292436983,0.07032632568506554,0.0842757801065678,0.08200110070525092,0.08198106468283249,0.9604565238735566,train,False,201
4,400,d,0.0072969133965415135,0.00723140066873068,0.007452046845557734,-0.0010835608236966722,-0.001110296942094333,0.05109572956124424,train,False,201
5,400,e,0.21226217469744857,0.2122860122801284,0.32346423352075,0.1575741400800014,0.1575580169100752,0.2992491590930254,train,False,201
0,100,c,0.08794353366211954,0.0879413409837983,0.13861618679762708,-0.0832284145513139,-0.08322866669571127,0.41290879359651766,train,False,202
1,100,d,0.0032991505880793697,0.003299416917936539,0.0050388002023605116,0.005393095549510587,0.005392794609802767,0.019352374338511745,train,False,202
2,100,e,0.1859465401631108,0.18593408773618994,0.26265726690919,0.16007261392105093,0.16006862335864833,0.23583853683478767,train,False,202
3,400,c,0.057023639179174586,0.057015840663867105,0.07482105042335614,0.0519464078397322,0.051944004962617994,1.1264346731210995,train,False,202
4,400,d,0.006193686061439479,0.006199981879154551,0.0077593529042432954,-0.002410941799052235,-0.0024132835940671527,0.03669204583606689,train,False,202
5,400,e,0.2003361891339823,0.20021127441940037,0.29107744640394956,0.1703629858543842,0.17035833922075372,0.2964448491436397,train,False,202
0,100,c,0.05823595728462066,0.05825084048921954,0.06155484380324527,0.016630231584474374,0.016621418035705843,0.7791915494879569,train,False,203
1,100,d,0.03854114397901516,0.03854139052254332,0.005182840800310142,0.025362288419731895,0.025362562538854425,0.20327912281895444,train,False,203
2,100,e,0.22489255342539605,0.2239704220119909,0.2737861265127528,0.15903526013969832,0.15905522807615072,0.6570066618381888,train,False,203
3,400,c,0.08244080864422415,0.08251764675444742,0.06512975995618514,0.008765356338805503,0.008755116521946462,0.48632157263472436,train,False,203
4,400,d,0.00604860235919194,0.003923618563591317,0.004798197909768833,0.007044236875650416,0.008493245250030377,0.07581162610384945,train,False,203
5,400,e,0.17801029018979062,0.17801418411734102,0.2712415980071306,0.1407243795842788,0.14071965216419738,0.3488181836618907,train,False,203
0,100,c,0.16617528308237514,0.16632400322295987,0.12040443720318054,0.05242141217217253,0.0523885224284183,0.5670671161652497,train,False,204
1,100,d,0.016906660992037314,0.0169084600678642,0.014695449143136155,-0.00891599968494333,-0.008917063066774578,0.012087016190359599,train,False,204
2,100,e,0.1987799810580766,0.19874931894100129,0.3156148743700987,0.0866371804920081,0.08664140216918546,0.7641484459198931,train,False,204
3,400,c,0.06020210824691042,0.06010455008066661,0.08678407329602333,-0.007540460501414614,-0.007593404114126798,0.6535309253590202,train,False,204
4,400,d,0.00621004870489684,0.006210267816126518,0.007455620310511971,0.006052639061014809,0.006052274053323004,0.04171915521498398,train,False,204
5,400,e,0.16635948218929084,0.16635528198855495,0.2702849667383985,0.16174943165876066,0.16174362990086025,0.3213016637237086,train,False,204
0,100,c,0.07003309839024166,0.07003288985778981,0.08792070493351316,-0.16128034503607835,-0.1612819628919817,0.5143262321527909,train,False,205
1,100,d,0.0027767692150359314,0.002971296191270412,0.003054657479596659,-0.009604913746630271,-0.00972259410496326,0.003156653521474233,train,False,205
2,100,e,0.17726471532228616,0.1772624616292762,0.24306761361238216,0.07694726473962508,0.07693959828187882,0.36498364512237486,train,False,205
3,400,c,0.06477219755955858,0.0647664229771209,0.06791141155596717,0.0009433532471678064,0.000930644844345494,0.33373453474693776,train,False,205
4,400,d,0.003417651937663699,0.0034242878893684797,0.003962767986444909,0.002413613340829066,0.0024012973113194747,0.025323335627170616,train,False,205
5,400,e,0.17566033013909516,0.19608799247442044,0.2882497091483215,0.1564821935372724,0.16308285685323162,0.33713350103263706,train,False,205
0,100,c,0.05901238024724032,0.05900223158599016,0.056375209348207306,0.009544237832163632,0.00953296758499036,0.5804180596070607,train,False,206
1,100,d,0.007742214724913198,0.007741020585860071,0.008194949008334092,-0.025013660173549522,-0.025012165071615994,0.03653782720117448,train,False,206
2,100,e,0.2315677606568505,0.23156495754054102,0.2775887864850718,0.1338607545375482,0.13384380407911572,0.28620669442900665,train,False,206
3,400,c,0.05572319994425869,0.06725150466301981,0.07819581739849842,0.07734292160538984,0.07358881816654013,0.987245450948285,train,False,206
4,400,d,0.008036888412134863,0.008036982978650213,0.006388684021070512,0.020371666669601503,0.02037134536879549,0.04563794352382773,train,False,206
5,400,e,0.1912133549450505,0.1911734685062379,0.29995020878767886,0.18708574903872477,0.18904882579923107,0.2871186773869491,train,False,206
0,100,c,0.09642346922211738,0.09639947582295137,0.08832108990952536,0.05757611988064561,0.05754202823302009,0.8823743866588138,train,False,207
1,100,d,0.004574348931911872,0.004571642032812784,0.004199385717671987,0.013638700959148852,0.013637050860816959,0.0659966630490528,train,False,207
2,100,e,0.17769458583082745,0.17747879457944793,0.271234534237564,0.14536347069448802,0.14652097295372443,0.39064818001403073,train,False,207
3,400,c,0.05660984241089267,0.06417280797771027,0.08029227755222915,0.03422224348940226,0.031047627654626382,0.8594707795208022,train,False,207
4,400,d,0.011649734963707258,0.011655290572414845,0.008201724221872868,0.004622368064545928,0.00461842660618295,0.06437852452604825,train,False,207
5,400,e,0.23469781209599613,0.2347046377693688,0.2879635931621918,0.14797434824517916,0.14791935789047536,0.3425451083737005,train,False,207
0,100,c,0.2191277299590103,0.05713292514977767,0.08012629927310462,0.09022103251511027,0.12606310642841564,0.4136019652124472,train,False,208
1,100,d,0.01011031506193369,0.010110412852632642,0.00992072857485744,0.0004229766489058839,0.00042264781643376994,0.09880681954540821,train,False,208
2,100,e,0.18022986800750243,0.1802713413248359,0.22596451173586776,0.12598520138941027,0.1259649152820144,0.32274392011839864,train,False,208
3,400,c,0.06082252940253445,0.06284454906235823,0.083229738884339,-0.008943357804913604,-0.01151827647361614,0.6011840504687888,train,False,208
4,400,d,0.00908729005295567,0.009071645310114318,0.00669638371163244,0.0019099420415912328,0.001901040150119222,0.03909090507913964,train,False,208
5,400,e,0.16481730516787935,0.16480956802304603,0.2513658722188204,0.1224591001919844,0.12244934235115949,0.38334006152413524,train,False,208
0,100,c,0.08459762800084505,0.08460583127244244,0.08408445209676106,0.12473404628977264,0.12471565209550121,1.1002425526866895,train,False,209
1,100,d,0.01585407167911445,0.015854188629672635,0.012506978476389,-0.0326837320415094,-0.03268425938473658,-0.030210948595968876,train,False,209
2,100,e,0.13218891534042587,0.13213975508100687,0.19251743273717184,0.14369595212764913,0.14369123156141597,0.365587781370741,train,False,209
3,400,c,0.061611508329747336,0.06141387715667097,0.07539714184993158,0.08361083627302528,0.08348128775403624,0.4091013645706767,train,False,209
4,400,d,0.004924312948395565,0.0049292692307201045,0.005631782342051968,-0.006127761765698914,-0.006136711908817798,0.026830098525896257,train,False,209
5,400,e,0.1876472167270739,0.18765025966679796,0.25993327917114945,0.13908069269715287,0.1390688045336326,0.29124454509778136,train,False,209
0,100,c,0.17197534874808063,0.17188775872451692,0.11539567918451972,0.010522793305276891,0.010535317010127656,0.5840287750991672,train,False,210
1,100,d,0.006405431315011319,0.006405502665807874,0.006154337995383636,-0.024068809800711206,-0.024069120797628598,0.014889415193442924,train,False,210
2,100,e,0.25116523348868447,0.2511299148765438,0.23000870454818617,0.11831254641049263,0.11829817443768917,0.3069981083537342,train,False,210
3,400,c,0.06201719061516008,0.061051241177761006,0.0909857945497257,-0.004676181834102593,-0.0047633642137641635,0.5744561595596559,train,False,210
4,400,d,0.007029484075707337,0.008775270395019887,0.005636459144779647,-0.009556207537431013,-0.011021153648807954,0.11897931434546888,train,False,210
5,400,e,0.1693888773324783,0.16940027979257508,0.251223082554295,0.15233403295831197,0.1523233929564866,0.33228334955628314,train,False,210
0,100,c,0.06883136569269627,0.07850096166450961,0.07475765749954172,0.040955377483603,0.026794508366630082,1.0362457628247905,train,False,211
1,100,d,0.005168889689590881,0.005169022794353204,0.00463441175100617,0.006996748276850689,0.006996493530113774,0.04810875575530321,train,False,211
2,100,e,0.19794192328945676,0.19795360603604453,0.26383959504216703,0.13358100778865212,0.1335760001513216,0.3021478307505241,train,False,211
3,400,c,0.05471892804038017,0.054714488561014935,0.07624877394277746,0.08646919781678186,0.08641449382489533,0.5054990608985552,train,False,211
4,400,d,0.0067335963146369195,0.00673362195113998,0.006249155724790808,-0.0011434678473420767,-0.0011434658422918532,0.12353824761049546,train,False,211
5,400,e,0.16023460950817903,0.1602527290862163,0.28040089056118755,0.18041420855361595,0.18040617381778667,0.3588271953525517,train,False,211
0,100,c,0.07732318046190659,0.07691675473876101,0.08063299555769074,0.0010975205127031985,0.0010236552186397318,0.6305122195556092,train,False,212
1,100,d,0.02994952378980848,0.02994673579344509,0.023305005811603264,0.023341080201594266,0.023341058051486705,0.06515551250470956,train,False,212
2,100,e,0.2222866305199913,0.2212249584019143,0.3115576426513194,0.11544669087105242,0.11539740166545201,0.3567080184105215,train,False,212
3,400,c,0.06256869501302041,0.06571527199347536,0.06758785122917378,0.036145709510454864,0.031523176659753606,0.7381527943494534,train,False,212
4,400,d,0.005890444080736337,0.005890345248353654,0.005294918576902709,0.010564244308848903,0.010564203255138037,0.06596885492484342,train,False,212
5,400,e,0.20270103541094353,0.20265220249836313,0.2672059826548091,0.14132935892946358,0.14132204245580063,0.3503965456274943,train,False,212
0,100,c,0.182394397614806,0.18271011448589947,0.1793775540530213,0.0633342742548767,0.06333602553684614,0.5618914009960981,train,False,213
1,100,d,0.029996325676985573,0.029931042654559717,0.027690512132849163,-0.019837465961886416,-0.019841114580651756,0.039243898463933675,train,False,213
2,100,e,0.2191850651291751,0.2192478890902443,0.2743301357831496,0.15614286907100336,0.15614305992838914,0.3713276536470985,train,False,213
3,400,c,0.051076783339270626,0.05106158349388784,0.08982310762258333,0.05133032052514537,0.05132482101290343,0.7406704773593644,train,False,213
4,400,d,0.006714274745748023,0.0067319552655296655,0.007436850294661124,0.007966805874372493,0.007964693544240706,0.011494594819258203,train,False,213
5,400,e,0.18415622089434475,0.18414285387409024,0.279439135261349,0.16861296516586372,0.16860077639148516,0.2922800176522913,train,False,213
0,100,c,0.06263934336504758,0.06262769186408779,0.08468013063613622,-0.025554920197621345,-0.025560190858787524,0.3237747348067618,train,False,214
1,100,d,0.006285708873064167,0.006287318972413628,0.006637658830066206,-0.01068466319338004,-0.010685684240127493,0.02799131453148787,train,False,214
2,100,e,0.2609022065848597,0.2610807346253479,0.3528775017479372,0.1611455060751595,0.16113826339309634,0.2888930178415533,train,False,214
3,400,c,0.06591545314362858,0.06577537271804404,0.0932104238223959,0.029425998767513024,0.02940394199661938,0.5568955571730787,train,False,214
4,400,d,0.0046314602699003065,0.004631648242721943,0.005408449760861296,0.006736012110520448,0.006735718422323984,0.04168248251030551,train,False,214
5,400,e,0.17672449894727557,0.17668430222867884,0.3006613528613521,0.18527606940179867,0.18553703153059153,0.30869091394682374,train,False,214
0,100,c,0.07855870310220882,0.0785595330001364,0.09872634332770827,-0.058544069598139147,-0.058546228717889906,0.10030497366726983,train,False,215
1,100,d,0.0038014452037949758,0.0038015905971562182,0.00360482220694131,0.00797129956191938,0.007970792005929966,0.016809753991854883,train,False,215
2,100,e,0.21022761995507672,0.21022676499699666,0.2843899112046928,0.11880856875240497,0.11880369752293604,0.27598080114322043,train,False,215
3,400,c,0.0575463896808387,0.05753344391097106,0.08668444576350137,0.03423151801988418,0.034226281571558846,0.25723032564358633,train,False,215
4,400,d,0.007413248792272553,0.00741395609846621,0.004684914793549004,0.02286002922228075,0.02285967427585156,0.07513371683930173,train,False,215
5,400,e,0.17242917956128745,0.18773748865198148,0.250744148392169,0.14582582945773434,0.14323505620552207,0.3497759292416005,train,False,215
0,100,c,0.058572519992990096,0.053937637829364,0.07832976632425229,-0.062223620667448215,-0.06385836113313971,0.9167518035823147,train,False,216
1,100,d,0.02773728814343869,0.027743393102291476,0.006202161617858708,0.011582291255836683,0.011579905745980366,0.04145573021963646,train,False,216
2,100,e,0.12267954211788151,0.12268664960946243,0.14938122996806627,0.04837031063106597,0.04836873955741229,0.3682079375239441,train,False,216
3,400,c,0.05676561747631111,0.056763966288893346,0.0832383034447838,0.026049752161824813,0.026050048266905462,0.9052117002590326,train,False,216
4,400,d,0.003608956787060591,0.018486970436612588,0.004751869500312725,0.004272452898453576,-0.003936027408835816,0.006746217230257923,train,False,216
5,400,e,0.161505015137936,0.16064419227702836,0.2686208122302494,0.16081848706215307,0.1607700886199493,0.29758788815251835,train,False,216
0,100,c,0.043507109791367744,0.04412995306345253,0.07949358527358846,0.09058976135757049,0.09051321297748402,0.8530779848562601,train,False,217
1,100,d,0.005726977790694011,0.005726933813705474,0.006653710883526648,0.004265672460623655,0.004265446320198869,0.004939174069743774,train,False,217
2,100,e,0.1991053925759099,0.19913984535317475,0.23443239121908255,0.08252440055463264,0.08251320002577937,0.31046908098045206,train,False,217
3,400,c,0.058520393287453495,0.05851716525111294,0.08300181814311718,0.02386666175968948,0.023874584030325254,0.7327925663623702,train,False,217
4,400,d,0.004686385377550064,0.005601982539491037,0.004801638701984531,-0.00012385899779705057,-0.0003068147021358314,0.036038902287790255,train,False,217
5,400,e,0.19062356445498388,0.1906149386181208,0.2652571348084573,0.1673958223350374,0.1673858841383663,0.34453866788915394,train,False,217
0,100,c,0.07357327103983377,0.07361214689912286,0.07697691754929852,0.04624119289811759,0.04623306492807927,0.43803284989964725,train,False,218
1,100,d,0.004044217849230223,0.004044264763913588,0.005216566150436475,-0.021163182832587994,-0.0211635961302202,-0.010860825268644927,train,False,218
2,100,e,0.2587899061750568,0.25880465538831127,0.2767159769194203,0.05363032091098717,0.05362334798565783,0.2750454714426024,train,False,218
3,400,c,0.053550562896046656,0.053569225629404686,0.08648653752907315,0.049286489848438184,0.04921677124525381,0.4816710392301164,train,False,218
4,400,d,0.004940735604378106,0.004940598821467073,0.004527666466730068,0.01250227909984769,0.012502304541532628,0.20662732512302193,train,False,218
5,400,e,0.1971650300292242,0.1967640022984529,0.25636412150547977,0.13889043491934633,0.1383364980927154,0.37681859201906315,train,False,218
0,100,c,0.07425559736450438,0.07753557210096146,0.0708491796702283,0.09929925859124637,0.10114003715744802,0.6685740662417683,train,False,219
1,100,d,0.005419988304331252,0.0054202059506954624,0.007361855980851065,0.018986355120813824,0.018986090419486245,0.09391871552564146,train,False,219
2,100,e,0.23738562673055974,0.23737008960585382,0.41122655286798654,0.1581656278508449,0.15815766448481877,0.2836149838214691,train,False,219
3,400,c,0.05818586026195171,0.05818510871717433,0.08554095007674149,-0.007932679153085048,-0.007934222055940694,0.3638391364664539,train,False,219
4,400,d,0.003990578852534114,0.003990572775255989,0.0044954316833818566,-0.0010889946039636734,-0.0010893270896877106,0.043049348537147036,train,False,219
5,400,e,0.19084395970393675,0.19095383336163949,0.27083682450434166,0.17328257020919954,0.17327807918495905,0.2969336692028522,train,False,219
0,100,c,0.05913697496172191,0.059142764742812666,0.0513081572102543,0.10610091950248574,0.10609073701392191,0.9922838669284011,train,False,220
1,100,d,0.006180585080458223,0.006180201695134949,0.003561548258421689,0.016572265919295042,0.01657108082665669,0.09482356805930953,train,False,220
2,100,e,0.16872408024233562,0.1687205261223323,0.28479689789087476,0.10843847430701536,0.1084330773932868,0.4903036485659087,train,False,220
3,400,c,0.049118286314481854,0.04969425353905071,0.06461762201303645,0.03856247993118103,0.03780185439464482,0.7620957403572413,train,False,220
4,400,d,0.004059903358576025,0.0040760140109046775,0.004037481876256211,0.006299307164216508,0.006285120886819051,0.023763821810946373,train,False,220
5,400,e,0.16357138499057175,0.16355559288579408,0.2432560136845904,0.1369981829520556,0.13699033979542136,0.4246118082674144,train,False,220
0,100,c,0.06243529000527074,0.06239558423766823,0.09128337321634256,0.08293062412475152,0.08294652977793504,0.9817297681974138,train,False,221
1,100,d,0.007576907675748518,0.007577998682914667,0.004564860257175443,0.008178270815906732,0.008177131525634547,0.07296329777828298,train,False,221
2,100,e,0.23409865008571423,0.23409181156360023,0.4025715101753242,0.14495150264688783,0.1449487761238167,0.33902592947913296,train,False,221
3,400,c,0.15388610555839044,0.09207307501304716,0.09686309477358054,0.014200290001580242,0.037468936046624254,0.4934457272594288,train,False,221
4,400,d,0.004408796188792668,0.004408967694240613,0.004127920329117886,-0.012283109671458198,-0.012283555354517653,0.008774836528797554,train,False,221
5,400,e,0.16018660361039955,0.1601951534265313,0.24135651050214754,0.12710554125647264,0.12709435136186614,0.3684782468536795,train,False,221
0,100,c,0.10042857236900415,0.10040502553654665,0.07734534453618976,0.1292884486317947,0.1292806139257916,1.099514456759549,train,False,222
1,100,d,0.005223601520615812,0.005224583252611737,0.006876687079962272,-0.017858800546979997,-0.017859508997502046,-0.005476428616130278,train,False,222
2,100,e,0.2129077488309234,0.21294299572997147,0.18808585037512127,0.11619905817221579,0.11620145635726495,0.3231514177573084,train,False,222
3,400,c,0.08237026619999802,0.08233896202477659,0.10211350912989663,0.08825619583174074,0.08821851317688015,0.8562043398747601,train,False,222
4,400,d,0.02563041611182628,0.025364530779715597,0.005756807371919598,0.008827215702695703,0.009114992496377212,0.13948246701735392,train,False,222
5,400,e,0.17695241011667695,0.17690531104260127,0.22816242073914722,0.15011071470698492,0.15009808377794284,0.34073964965982023,train,False,222
0,100,c,0.06677642619567892,0.06677208661357203,0.08785354302755703,-0.007663413569177919,-0.007662734574478734,0.8798238086986306,train,False,223
1,100,d,0.005734629242339227,0.005734721783774662,0.00597206409454037,0.0019302329537167217,0.001930197605992241,0.07712794104420392,train,False,223
2,100,e,0.20952998001204626,0.20956767999207357,0.23248721636131253,0.12227831516430612,0.12226845916120191,0.28727936832606127,train,False,223
3,400,c,0.092274926936217,0.0922753328976345,0.08920662369597553,0.12791578914270488,0.12791390612139553,0.7204328801500383,train,False,223
4,400,d,0.008745427132867497,0.008717007137198892,0.010697062025741073,0.008135715642752662,0.008133565440216515,0.009792545805272255,train,False,223
5,400,e,0.21274751196040728,0.21274504780240297,0.2498520944462568,0.1794333060605736,0.17942479014805088,0.28178578167029267,train,False,223
0,100,c,0.13212796625453654,0.13206594651824197,0.11208105965926977,-0.019989004109955532,-0.019983785736199453,1.11214644434337,train,False,224
1,100,d,0.033492278033150774,0.03348021341941476,0.01570977453656412,0.037032365717913185,0.03703132943010186,0.11760745688607059,train,False,224
2,100,e,0.2357095453223753,0.23566999382084955,0.3391426598898958,0.15572962763013182,0.15573481104412643,0.3559954480619018,train,False,224
3,400,c,0.04964668540075484,0.04964715172529663,0.07736149544155455,0.05464015047107815,0.05463788219014184,0.8152861144891032,train,False,224
4,400,d,0.011172857351821957,0.008365996360375633,0.009588464182274648,0.001118034913560564,0.002519164189670526,0.0438496982973259,train,False,224
5,400,e,0.2075755899473305,0.20757397330540503,0.2948617795474682,0.16330868091660036,0.16330446393127518,0.30351948200817447,train,False,224
0,100,c,0.09819709859392517,0.09820716163552998,0.12486077281046525,0.15876861970131528,0.1587523880929227,0.7523473000401916,train,False,225
1,100,d,0.005672838545890162,0.005689529311620794,0.008521602313240999,0.011614134853967464,0.01161363551585886,0.08697627577817596,train,False,225
2,100,e,0.21249315374742395,0.21417461365393142,0.26123347052045903,0.07451997139950856,0.07465585613245189,0.30822731559035466,train,False,225
3,400,c,0.06835872196984254,0.06838857282819336,0.07549193815584432,0.10419266333205755,0.10415462698286945,0.9743667999974553,train,False,225
4,400,d,0.005822896926434399,0.005829532945909481,0.005464717171936424,-0.005663345783947591,-0.005667098257810572,0.05185124961806778,train,False,225
5,400,e,0.1543109194004709,0.15430508326555545,0.23903845634021054,0.1632029911719601,0.16318893080871352,0.320094306508854,train,False,225
0,100,c,0.1321569635616044,0.1321373899826068,0.17972564181243822,0.016770328202973132,0.01676038586046822,0.7765009331283449,train,False,226
1,100,d,0.014429395074750821,0.014445205947822544,0.008020357520476244,0.02496934289216302,0.02496509732260938,0.04586421287230461,train,False,226
2,100,e,0.263361901835957,0.2634203230944199,0.40178856060206464,0.14358159674680707,0.17373272617619734,0.2764791810896565,train,False,226
3,400,c,0.05344196478991768,0.053440680972518834,0.07664382967610543,0.013334255404855213,0.013328545799973952,0.9224998867663313,train,False,226
4,400,d,0.014905048457594525,0.014902180532822034,0.016300183076109552,0.01684891846103225,0.01684900547019618,0.2317066114296193,train,False,226
5,400,e,0.1496010863569532,0.1495915965116399,0.28576708459245426,0.1612168807391056,0.1612143076364394,0.3098040595678259,train,False,226
0,100,c,0.35354592729575013,0.35616561552657394,0.1082489583676595,0.08041206386097677,0.08051515289415555,0.40173419736671795,train,False,227
1,100,d,0.018116955941274895,0.018135864572832002,0.014466896753822893,0.01788720468021552,0.017886929995191352,0.020267797762489118,train,False,227
2,100,e,0.3032645272054017,0.3032263748962231,0.396547394307842,0.1721675084681923,0.17215933728317712,0.24805060075236754,train,False,227
3,400,c,0.04721792074374803,0.047217882370931406,0.06971880959243468,0.06464660705464866,0.06464402275479678,0.40442703588235757,train,False,227
4,400,d,0.007855927433993886,0.00785499875925041,0.007910107010166341,0.01914685922012392,0.019146885665009883,0.08905523524475717,train,False,227
5,400,e,0.180691591590197,0.1807073845613739,0.24582761136274808,0.15747316164158606,0.1574648879781323,0.3128035391465669,train,False,227
0,100,c,0.0698694148358792,0.06987351980120816,0.07327444549105144,-0.1392491167211128,-0.13925278092406956,0.5615699229531856,train,False,228
1,100,d,0.007607533157056586,0.00760789331895453,0.008642096569772639,0.02035323889706053,0.0203528495916046,0.08793072534420981,train,False,228
2,100,e,0.14907972159913777,0.14907483371485203,0.2665117560378207,0.1263053138776623,0.1262960778967163,0.3229049794078291,train,False,228
3,400,c,0.05421173042029969,0.0542255967182607,0.08851133702611567,0.05180716206957868,0.05174465806644065,0.8830407463656784,train,False,228
4,400,d,0.006251060772983178,0.006251774650359706,0.005158695853258528,0.01114588689429361,0.011145305088649735,0.0913089679978525,train,False,228
5,400,e,0.16188733068481667,0.16335087357522793,0.2810319050183141,0.17509692266556784,0.17574653620975425,0.3057096680338265,train,False,228
0,100,c,0.17372249168829573,0.17375986750940733,0.11613852100465394,0.03411744973136422,0.03408046744336438,0.9347343689421984,train,False,229
1,100,d,0.01716662870354599,0.01717178949693943,0.007978896203591884,0.02146042646094392,0.021457272080798707,0.07378041390998943,train,False,229
2,100,e,0.20069336278751712,0.20069283352259595,0.24555000059204093,0.15916285614050338,0.15915768299232483,0.330272077302007,train,False,229
3,400,c,0.06220009527233171,0.06220362084485816,0.08478555986578497,0.08243336974865954,0.08242984922676186,0.8544903633033489,train,False,229
4,400,d,0.00544255726730536,0.005442672875175513,0.00722480370196871,-0.002642846018978844,-0.002643018328315421,0.049101858007929204,train,False,229
5,400,e,0.18757652566816194,0.1855896814259206,0.2563325803880774,0.14620139245366545,0.1476784779436671,0.31450718190887533,train,False,229
0,100,c,0.05496284262229495,0.05496135439297242,0.10224537263147346,0.0009406452218293993,0.0009376072662177393,0.6293353836436925,train,False,230
1,100,d,0.01598361110711092,0.015983463159648322,0.019178684159489246,6.132541214961762e-05,6.17348291234876e-05,0.1663219240847777,train,False,230
2,100,e,0.235600063996687,0.23560003012072617,0.18070134944996621,0.08264457608650887,0.08263105831372591,0.3341254409168672,train,False,230
3,400,c,0.05444666907932159,0.05440660273930873,0.07056786323350964,0.05863663438490676,0.05863269008345981,0.7493826180225182,train,False,230
4,400,d,0.008512115584459695,0.008526085470918383,0.009233762564257343,0.009160556676288536,0.009154928827403062,0.11230365659461772,train,False,230
5,400,e,0.17922823123884193,0.1792335300865944,0.26087126649532805,0.16178228895104155,0.16177594845257182,0.2924107264788642,train,False,230
0,100,c,0.12448757802119893,0.12451650771306495,0.1897934107395445,0.030620096654375005,0.030574892548216184,0.6496795032308537,train,False,231
1,100,d,0.01201456496454794,0.012015869065693798,0.0090184085811666,0.03469929849130475,0.034696849841483426,0.04183277237569174,train,False,231
2,100,e,0.19826538278685266,0.19827398815375535,0.21847325244261406,0.08869904260790186,0.08869446385707484,0.32262739978220834,train,False,231
3,400,c,0.09444009061892952,0.09429237590060818,0.08421534281822968,0.03577284909277978,0.035740018356498954,0.8229986467215749,train,False,231
4,400,d,0.008046793454740107,0.008055136598999093,0.0076432864781132495,-0.0007391493157582118,-0.0007407914811277294,0.09646102247701778,train,False,231
5,400,e,0.18079720738221217,0.1841985593824294,0.2704820972149392,0.16465645749364735,0.16711519057266852,0.32062737057094237,train,False,231
0,100,c,0.059516139646371126,0.0593807772802226,0.07397068525400191,-0.07559631454443676,-0.07560483475651225,0.19920458773403907,train,False,232
1,100,d,0.019764184032105975,0.019791589062313514,0.014913830324074609,0.0107275711426718,0.010725644051776052,0.04648388360442859,train,False,232
2,100,e,0.21020136805688147,0.21014366839724236,0.2856704517503818,0.10408281297736885,0.10407442802457893,0.29933579042608777,train,False,232
3,400,c,0.06122355017636223,0.061004879878627565,0.07466627667134416,-0.01962254817681675,-0.019651496556624223,0.8632085725251087,train,False,232
4,400,d,0.005498393190889772,0.005476510651719926,0.0058328106803651825,-0.0027928891764170773,-0.0028135611160838357,0.0654718141833932,train,False,232
5,400,e,0.19049408149836458,0.1905803706606912,0.26484100220946627,0.14077280441770262,0.14075218602769668,0.3134873125490749,train,False,232
0,100,c,0.07056962725356167,0.07056852485495554,0.11393716742195094,0.08575268914180668,0.08575112454529375,0.24324191711517607,train,False,233
1,100,d,0.02911558571234487,0.05134050356401808,0.02028319511010911,0.03372014913348318,0.025314582616832323,0.10134104034909429,train,False,233
2,100,e,0.28435458906391553,0.28441881201115277,0.34600167429926154,0.12779048878019253,0.12778662757633855,0.27338563063330185,train,False,233
3,400,c,0.06533840303604702,0.06940622708001586,0.08048395993198962,-0.017090701863575787,-0.020714173807552142,0.6739873436207899,train,False,233
4,400,d,0.010598896566823135,0.010599797539031881,0.00835854583766488,0.005329636151088,0.005328927401210155,0.036938525793872884,train,False,233
5,400,e,0.16681562183943416,0.1663294138484905,0.283075369207944,0.16925957506819997,0.17120945423344147,0.28588313535515875,train,False,233
0,100,c,0.04682432745165355,0.0468225056626679,0.06778165500598339,-0.0725536551058886,-0.07256827450368533,0.2598576984290662,train,False,234
1,100,d,0.008725595600052463,0.008725755929529878,0.007588699004181496,-0.007045805493558106,-0.007046458153898687,0.06535429060207015,train,False,234
2,100,e,0.14504622390989774,0.14504177496652448,0.21221111608239634,0.1336238414981375,0.13361684016909678,0.3390033713659858,train,False,234
3,400,c,0.07038398240382229,0.07052959566245916,0.09553982787415233,0.1279360121235135,0.12786622150198895,0.7271990790069404,train,False,234
4,400,d,0.017566397406622115,0.01757205370906675,0.013128110859972975,-0.006295354230235262,-0.00629908361185068,0.14395814492402498,train,False,234
5,400,e,0.16359865254410522,0.16265091499336345,0.25902376642556374,0.13743692738742913,0.13736025896511853,0.3578078985262595,train,False,234
0,100,c,0.09862438698279813,0.09866400581380436,0.08650500223963065,0.016761294530220638,0.016742171620033518,0.5228891034605939,train,False,235
1,100,d,0.0075960321571468745,0.007596149799357366,0.007275103183056568,-0.0251341250773568,-0.025134610519472106,0.0746797868967348,train,False,235
2,100,e,0.19131300504633175,0.18627094141523326,0.2738445063955865,0.17416678639925046,0.17341918523306404,0.36036830363160843,train,False,235
3,400,c,0.06738456315315594,0.06747315535743195,0.06747580811540876,0.10648971834305983,0.10643327216754286,0.9436408318566581,train,False,235
4,400,d,0.01121676295344888,0.011215434401523991,0.008288909772043832,0.014975743161555323,0.014975152180746073,0.1626627804597362,train,False,235
5,400,e,0.17569501104120264,0.17566468545457897,0.24475621269088496,0.15404596996237735,0.1540545582900662,0.35417429565412023,train,False,235
0,100,c,0.0538843728951628,0.05386565022271004,0.11568119533120236,0.00013225145712155494,0.00012137879477613468,0.7799164984624486,train,False,236
1,100,d,0.005550225240194145,0.005474300735566473,0.006809475004583041,0.016237470225810922,0.01617050800490075,0.0922148362507031,train,False,236
2,100,e,0.19264392935469782,0.19248953821093356,0.30912220428645365,0.12051756988494734,0.12049986760609638,0.3644840394008186,train,False,236
3,400,c,0.06014302632599118,0.05999810374843812,0.0646917746829302,0.10178749371060036,0.10162272039174682,0.6774109409390314,train,False,236
4,400,d,0.006743092271865774,0.006740893711174269,0.007528680392374393,0.019868032835312483,0.01986716038587643,0.043793573438785316,train,False,236
5,400,e,0.18337067022430234,0.18336306324547003,0.26243971495677765,0.16391581149061182,0.163904535973604,0.3347072935314528,train,False,236
0,100,c,0.15203869150811383,0.15206150510963132,0.11365434559049753,0.06031263870068969,0.060301088037513044,0.5517562390192591,train,False,237
1,100,d,0.006244827113899292,0.049039903593709744,0.006026618800735596,0.01303685206230078,-0.02150324088052454,0.20912362359184322,train,False,237
2,100,e,0.2318121366712865,0.2316572317083146,0.3139508652122702,0.10174319176650429,0.10172941767651487,0.37587292813549644,train,False,237
3,400,c,0.06230569066539161,0.0623311965313364,0.10759928632702068,0.0448551024155816,0.044855669269687155,0.45287159461198784,train,False,237
4,400,d,0.007370549651736686,0.007370492718402194,0.009062139034232102,-0.0016871878032531384,-0.0016870994453581645,0.08305244769188723,train,False,237
5,400,e,0.15493719841561895,0.15492958937466997,0.22035948865105767,0.17740399657189188,0.17739855745092115,0.2979768797163921,train,False,237
0,100,c,0.05749963147934216,0.057526279289444766,0.12124025473825682,0.0449324838251107,0.04491948474944465,0.5168162993082777,train,False,238
1,100,d,0.022243423731610874,0.022245607475889672,0.017497960239863174,0.0001027685904573339,0.00010103621814428366,0.02205402634529335,train,False,238
2,100,e,0.205985039446369,0.20699564424233255,0.3619305637050856,0.12727290061098848,0.1273472423032839,0.3260464766756844,train,False,238
3,400,c,0.08160204278160689,0.08167519568387308,0.11519649981657797,0.04271273215003887,0.04266759486765011,0.6833680715876086,train,False,238
4,400,d,0.006356990193675217,0.012777680673729063,0.009983522644870645,0.015230720577777301,0.009658276960827088,0.13287558122897644,train,False,238
5,400,e,0.1714644723295643,0.1713991487519743,0.27063503320823146,0.17368504567542545,0.1736767800350335,0.29399865889382576,train,False,238
0,100,c,0.06291651339109089,0.06291941079275691,0.08496026213940785,0.0625869022021142,0.06258459076959653,0.6135654629324213,train,False,239
1,100,d,0.0056508181779060754,0.005650755380548262,0.007008259319981489,-0.0017630108294919289,-0.001762993226120031,0.12457901457489585,train,False,239
2,100,e,0.15923071857430282,0.1590396847719696,0.23615874699240016,0.10848173864817738,0.10847420247991331,0.38421454591438703,train,False,239
3,400,c,0.0574276594727151,0.05743068814851949,0.06697325666703625,0.07800130866326598,0.07799418374526411,0.8731737229428199,train,False,239
4,400,d,0.007946955060409468,0.007947157304310731,0.011018550778794496,-0.00385789746865985,-0.0038581346962908826,0.03523027202258694,train,False,239
5,400,e,0.20676005114514748,0.2068278827444721,0.29190633007047323,0.16777183479767466,0.16776615611302917,0.32811530821621526,train,False,239
0,100,c,0.07194857266450094,0.07170127393936006,0.05732576542717267,0.07152519584610431,0.07153254401648937,0.5421421780748118,train,False,240
1,100,d,0.0039585416161266145,0.003958569365964278,0.0049097583386398394,-0.01725207361478148,-0.017252115985029414,0.0415450523962321,train,False,240
2,100,e,0.19315501035534996,0.1931306849182961,0.23586309322146973,0.11381839624875227,0.11380457996164374,0.438012918883296,train,False,240
3,400,c,0.06596868647644155,0.06605393644579093,0.08670259954341118,-0.057350806782721975,-0.05739989297273496,0.4206125456416647,train,False,240
4,400,d,0.0039454741427263325,0.003945544033496489,0.004555238165802582,-0.017655769640644633,-0.01765622186515273,0.004443580727828014,train,False,240
5,400,e,0.19846022148094777,0.19668741327372427,0.3149098237075972,0.14436828085082312,0.1442633913775133,0.3007945130216172,train,False,240
0,100,c,0.10223040931326531,0.10223523037514254,0.06985794660727059,0.0861436838831768,0.08612736280375494,0.9505320031749379,train,False,241
1,100,d,0.0039894674289796,0.003994543753723765,0.003248557517473837,-0.005932378657313429,-0.0059348009939607675,0.02118060523723832,train,False,241
2,100,e,0.18373081920703993,0.18372907065995178,0.2545219017853721,0.10233403754010852,0.10232563839177239,0.4164023487356489,train,False,241
3,400,c,0.05500485867578467,0.054990363732123806,0.0782758267841546,0.04735738124304063,0.04736909630725819,0.7461486761032704,train,False,241
4,400,d,0.006035778662333469,0.006036664883746873,0.00578179379615043,0.017863529629269445,0.017862950256804063,0.11733795478872654,train,False,241
5,400,e,0.20884341921270885,0.20884744897504004,0.29360583798832585,0.14707285958084224,0.14706257182154323,0.2890423332081652,train,False,241
0,100,c,0.07422778156320704,0.07422092361002991,0.10719578984411349,0.13053895959961104,0.13053866734279915,0.4013514863108875,train,False,242
1,100,d,0.0062219327915682245,0.006221956587211439,0.006836179590304854,-0.027265879083648165,-0.02726626609411399,-0.013914182344010708,train,False,242
2,100,e,0.17961048561851004,0.17666834297835837,0.28556455112026774,0.13948126821719498,0.1385305147229115,0.3433135106427029,train,False,242
3,400,c,0.050900275326699065,0.05089858527262166,0.08271987511159828,0.027654479502272906,0.027646428779763144,0.4808446561590051,train,False,242
4,400,d,0.03183099914762232,0.022423108048214548,0.004585347735243432,0.001437620171496814,0.0052711471289730305,0.0211621068737675,train,False,242
5,400,e,0.17818078902571421,0.17823553125477,0.25613762081611036,0.1374320049632058,0.13742036131255606,0.3107128129117933,train,False,242
0,100,c,0.06988947763781521,0.06988664437684938,0.07567550860834321,0.05237029056484168,0.05236031298086147,0.4140737182688598,train,False,243
1,100,d,0.008131348002304823,0.008131386154517351,0.006740522191390272,-0.002085045042457612,-0.0020849895461855185,0.06635964292945368,train,False,243
2,100,e,0.2558647024503903,0.2558166701755674,0.3552269164084966,0.13272620585416628,0.1327274577804123,0.2985061746372739,train,False,243
3,400,c,0.05583141086653616,0.055829793000331994,0.08357947410031873,0.04373779466862295,0.04374416375394205,0.5362455634975837,train,False,243
4,400,d,0.00644573230311004,0.0064458359905463945,0.007086231502822056,-0.010226010575000739,-0.010226341316897347,0.05917244881640528,train,False,243
5,400,e,0.1601840467009372,0.16017111869430434,0.22774165375853045,0.15332753463250945,0.15332570773671123,0.4349689176716447,train,False,243
0,100,c,0.09594673525790715,0.09594561110747851,0.11766344883599372,-0.13001742729219806,-0.1300186805252948,0.17256225848625406,train,False,244
1,100,d,0.016441067766068213,0.01644659359919414,0.01392764140936208,0.004058581581668666,0.004056877669185966,0.016520161194579046,train,False,244
2,100,e,0.20334012712621607,0.2050659993369044,0.3264410072247516,0.16302160975305754,0.16229315697688818,0.32516576802526537,train,False,244
3,400,c,0.05430604523779859,0.054446522534101476,0.09323585627553138,0.04061697662830653,0.040567829030800764,0.5853042518036462,train,False,244
4,400,d,0.005911294389595057,0.005916516890670487,0.005396701284891137,0.0011929697459269306,0.001192023589336948,0.003940886910151242,train,False,244
5,400,e,0.18774679451543105,0.18776297821414836,0.26438249414530185,0.1782504599489505,0.17824435728089072,0.3180846373475734,train,False,244
0,100,c,0.08547831113401946,0.06614009744543033,0.08381096662406237,0.04234040441973292,0.04626100088067929,0.37220055082502645,train,False,245
1,100,d,0.04067381929721916,0.040670095385915685,0.025202474513541608,0.04446836542697675,0.044466664546936666,0.07848264853053451,train,False,245
2,100,e,0.3453299697031087,0.3453284845124861,0.5240158653953181,0.13521622768106212,0.1352069985866887,0.18338822692942508,train,False,245
3,400,c,0.05208171236581856,0.052160972424906055,0.0707447997234038,0.07740926044527982,0.07734652344649867,0.9086510780600324,train,False,245
4,400,d,0.017512302423948967,0.017490556906425196,0.006057028315634225,-0.006301115510768423,-0.006306348512116422,-0.0006780211452241502,train,False,245
5,400,e,0.20526213880227362,0.20525808918681737,0.3696370045777113,0.17955061341111303,0.17954890638174512,0.3140469112808185,train,False,245
0,100,c,0.044288038112681345,0.04427968167310223,0.06396693432197428,-0.01205768491352913,-0.01208179705458818,0.42160180549432597,train,False,246
1,100,d,0.0077863655288492204,0.007787936324134929,0.004959530761670685,0.01537080755831358,0.015368887045056354,0.09114127158666362,train,False,246
2,100,e,0.27659171278684497,0.27666779383532236,0.3508887740809781,0.13843072670503787,0.13842769532486457,0.36123750160341034,train,False,246
3,400,c,0.05770319020625671,0.08701833867682839,0.07589925137004915,0.04714587792179742,0.03306992288668503,0.9592292862896763,train,False,246
4,400,d,0.004906585492102131,0.004906832475182419,0.004590199309404635,0.011583182719975263,0.011582906696359103,0.07445382255626704,train,False,246
5,400,e,0.1832440692848819,0.18323939484415533,0.2243676408293808,0.14751179531640973,0.14749840465104036,0.34252016274358366,train,False,246
0,100,c,0.04772443027806839,0.04772183834860314,0.08923557594046226,-0.00767952944987961,-0.0076828204612805,0.20464012231052167,train,False,247
1,100,d,0.013005744385957564,0.01300834241176691,0.01000212238532628,-0.005682814970262022,-0.005683988229681525,0.013777045841315498,train,False,247
2,100,e,0.2608839905492759,0.26092536933907756,0.29401076507268037,0.1311913465069621,0.13118263772500668,0.22459494579696027,train,False,247
3,400,c,0.12543684132047925,0.08039830547558618,0.09621659689011246,0.06967988994931937,0.08491220684859158,0.3277430601712221,train,False,247
4,400,d,0.034746499396082875,0.03427466136244622,0.015172612365842799,0.01943145030317302,0.019812823847799272,0.2871817530608041,train,False,247
5,400,e,0.20635429012919318,0.206368326382353,0.30622495468857236,0.18654321769793755,0.1865454301532463,0.4966069063402625,train,False,247
0,100,c,0.0456545124423705,0.17275708433167877,0.10138792704263126,0.05300369838825262,0.024312699973539794,0.9049664337721381,train,False,248
1,100,d,0.006933321265182878,0.006934537697490243,0.0065455082800911,0.009995406759778298,0.00999407810232107,0.03625284933431185,train,False,248
2,100,e,0.22929844283836873,0.22925840427546323,0.26233641422805504,0.12377444024784559,0.12376707861288352,0.30691976608118493,train,False,248
3,400,c,0.06043769733860029,0.06043819638600443,0.0773000885591558,0.0659711154873731,0.06597043795473205,0.503241938978985,train,False,248
4,400,d,0.00748751828042222,0.007501667975920299,0.008703516839633132,0.014950881315200278,0.014944158127250447,0.11934987519130603,train,False,248
5,400,e,0.17639867929991307,0.1763647832043247,0.27679665829482103,0.16565629986288585,0.16565421135106553,0.3295660709309763,train,False,248
0,100,c,0.060432508950119396,0.06043984803759579,0.06882516036534855,-0.04798245930253302,-0.04799112032182784,0.9988783596368009,train,False,249
1,100,d,0.0037891071204458325,0.00378945398860975,0.0058124388557507425,-6.717320731581821e-05,-6.761233523530307e-05,0.06925338992367645,train,False,249
2,100,e,0.2111420414278436,0.21127408595672434,0.2756693693705232,0.03101142091312049,0.03100731816824073,0.29716680678036694,train,False,249
3,400,c,0.06280158340556345,0.06284957627292509,0.06996740731966199,0.09484659751938651,0.09479897854069165,0.6020094694167841,train,False,249
4,400,d,0.008311211660210236,0.008313446446967044,0.008357528898175502,0.004750567123327834,0.004749106608628608,0.04306391972700249,train,False,249
5,400,e,0.20603159660087417,0.2060400142652656,0.25411508411229655,0.1644763235655949,0.16446501222109514,0.3055210628310581,train,False,249
0,100,c,0.05657932510836622,0.05649711456427778,0.10577260291478568,0.03527070962871683,0.03525659412455937,0.1716245592545909,train,False,250
1,100,d,0.013613713322657504,0.013615793188701519,0.01310925812483149,-0.004569801520536849,-0.004570958965081396,0.004815234509926274,train,False,250
2,100,e,0.20413380283166965,0.21200153982115,0.2791389667242979,0.1374304753518515,0.13486282291514237,0.314697351628153,train,False,250
3,400,c,0.053976830665736115,0.053977315707923454,0.06987516482236264,0.061026984238434286,0.061026255819441176,0.8362699820847659,train,False,250
4,400,d,0.0058289594319824,0.008001406799645443,0.006259778814869121,-0.0006644325213601654,-0.001870365831443266,0.0720294426076585,train,False,250
5,400,e,0.17848175324474144,0.17854047365062292,0.2957125276855044,0.164443041063769,0.16443505073075218,0.3202939855359027,train,False,250
0,100,c,0.2612471084633538,0.2612443840983281,0.14305298427813323,0.0781083346226788,0.07810249542091391,0.7838919837930951,train,False,251
1,100,d,0.039688681860372096,0.03968060508458971,0.013133134375773108,0.032028599227061035,0.03203367448729351,0.1627571705059639,train,False,251
2,100,e,0.2367517121242113,0.2367934742172183,0.3278417520018648,0.06544000636516316,0.06541866321368914,0.6082485197607,train,False,251
3,400,c,0.05392717559106364,0.053956861406696435,0.07580604818733533,0.02717796703537786,0.027142457429396458,0.7583609291011038,train,False,251
4,400,d,0.017551674281990514,0.017554003691611687,0.0107706035195514,-0.0055569941940280644,-0.005559051201166216,0.0918939210471757,train,False,251
5,400,e,0.17373865128058066,0.17373737531833808,0.23749330654170517,0.1607824337308031,0.16077688679167476,0.34354996687819195,train,False,251
0,100,c,0.10396798914393916,0.06982471699884471,0.0667886468875431,0.04316612115805882,0.04434046698935063,0.5990221737412825,train,False,252
1,100,d,0.010801338935669223,0.010802321602649401,0.007155893564567797,0.012272778480513509,0.012272013478726577,0.04118276440277174,train,False,252
2,100,e,0.25742197651375287,0.25737559191238985,0.32701564843216757,0.08275115021022256,0.08274887581936273,0.42297880969035434,train,False,252
3,400,c,0.10556418997875867,0.057102900300773675,0.0838377026630344,0.09420801040458031,0.10769189747755448,0.31118196960932315,train,False,252
4,400,d,0.0039218405656831585,0.003923035595473831,0.005452176892792005,0.003235090969742327,0.0032347210601678354,0.03366094239420768,train,False,252
5,400,e,0.1712401897161806,0.17228106826827377,0.23224271886369224,0.13713471756280093,0.13721372867261827,0.33607531130665746,train,False,252
0,100,c,0.05920577716782284,0.059191505040179206,0.0916094487193949,-0.0817537611285816,-0.08179367054911317,0.5578515054784811,train,False,253
1,100,d,0.00457012496575314,0.004570135143478909,0.004329927060119892,0.0033951357119832437,0.0033950880010749883,0.13947593866977429,train,False,253
2,100,e,0.23024059812019487,0.2322072285310755,0.20765191984817175,0.039435529837009396,0.05269498116263549,0.28083322324652943,train,False,253
3,400,c,0.08694060623932792,0.08693632708263598,0.11970878247167097,0.09452401080734901,0.0944895795567301,0.8919424509507887,train,False,253
4,400,d,0.005726307626274364,0.0057303708933067275,0.005540481663036432,-0.007444880337065616,-0.0074470300649379165,0.06502529817012018,train,False,253
5,400,e,0.15563964139573083,0.15565215533213553,0.25798755118776123,0.1576380293462255,0.15762443849917693,0.3076158512417878,train,False,253
0,100,c,0.061812635174712006,0.06181174748173775,0.06497934845253328,0.01574298081728557,0.015731510294741895,0.5942139648366112,train,False,254
1,100,d,0.007556568636592851,0.007562341293685763,0.00589411712870385,0.0011988097104019247,0.0011976563034541243,0.025589488700140547,train,False,254
2,100,e,0.211899401481846,0.21188021368184742,0.21679667788993176,0.09099439061902331,0.09098810930608188,0.3080420420846546,train,False,254
3,400,c,0.07404725909658912,0.07420498958093184,0.08110890487160266,0.12382363357665753,0.12379932710905436,0.8144704257197009,train,False,254
4,400,d,0.014698772263487571,0.014694073834057209,0.008482265703901488,-0.00584079276727671,-0.005839656007974057,0.07856295526692157,train,False,254
5,400,e,0.20575828012033845,0.2057613089086759,0.25878522582669583,0.1754760296502591,0.17547789653345952,0.4530128467058195,train,False,254
0,100,c,0.05901686797850166,0.05963652825081996,0.0718250309754699,-0.005509035781380974,-0.005683457562040175,0.4179863050429489,train,False,255
1,100,d,0.017569981070410728,0.017579777255542727,0.008455787872009034,0.015809837994578028,0.01580821189769823,0.020600541321554075,train,False,255
2,100,e,0.291296934424645,0.29128406651027317,0.2871753227934223,0.06033359462051383,0.0603234893571295,0.3962289877553941,train,False,255
3,400,c,0.08761475788795209,0.08364518778935025,0.08677478346717744,0.034110324876508925,0.0335597365029593,0.45991053325638204,train,False,255
4,400,d,0.009076082874885483,0.009077298024162144,0.007062960565132986,0.022341321099783686,0.02234124688998147,0.12582474843469155,train,False,255
5,400,e,0.18602672629409656,0.18570522019364666,0.2597847148616646,0.14210409045010855,0.142075718369042,0.3549895893993989,train,False,255
0,100,c,0.07015996564691857,0.1867087808121433,0.14886397480940625,0.10101968780933859,0.030316493888060663,0.8002575779460505,train,False,256
1,100,d,0.006027462194993005,0.006028655632582223,0.007347204064689189,-0.020731992456815167,-0.020734555222645952,-0.002792802635960836,train,False,256
2,100,e,0.193830325036848,0.1938199914337054,0.27546048849606586,0.13972266646097248,0.13971889900143075,0.2993671627720018,train,False,256
3,400,c,0.061971992487613016,0.06197563441569523,0.0732114792686779,0.08678702130361117,0.08675375775236745,0.9273009688907945,train,False,256
4,400,d,0.010050863769516458,0.010094875914926717,0.007505078771689341,0.004390764220946899,0.004365376905281906,0.1486345368933826,train,False,256
5,400,e,0.18051957163910978,0.1805203331721377,0.26906500159727936,0.16706105499352752,0.16705669241080165,0.33181260978476373,train,False,256
0,100,c,0.060011342997736306,0.06000434455379487,0.08797664326083689,-0.08757266298288414,-0.08758864012945189,0.30821681161630665,train,False,257
1,100,d,0.017607524188078018,0.0260797997366837,0.01641668287127472,0.0071212106376800045,-0.0005309612122508334,0.17017568752009501,train,False,257
2,100,e,0.1930135747229379,0.19302473852212898,0.35281500413604827,0.14885618189485442,0.14885216810040633,0.33382027041895357,train,False,257
3,400,c,0.059480882409017506,0.05947074771939727,0.0870314414662658,0.06553571195462198,0.06552900641450933,0.8638017135975198,train,False,257
4,400,d,0.007565874565038589,0.0075659639138581205,0.008759929714847688,-0.0068720363614759705,-0.00687228872007605,0.02802184594961478,train,False,257
5,400,e,0.17317994285759994,0.17321464195981676,0.244333268283769,0.15463595219486212,0.15462678802235108,0.2984494669038446,train,False,257
0,100,c,0.09558737403803061,0.0955903683035049,0.07648684240395949,0.048574695980047766,0.04857050802365514,0.6797179509484665,train,False,258
1,100,d,0.008741868517375588,0.008741919291224108,0.008820925648496892,0.03140539771197963,0.03140498992757655,0.054145124121387306,train,False,258
2,100,e,0.21539631719947688,0.2154423560563136,0.25236681382154297,0.1579448354102857,0.15801995908999125,0.37703475377238327,train,False,258
3,400,c,0.050555644732075626,0.05054947182870723,0.08065349656977379,0.012242544621350788,0.012239348848887985,0.6906409134166555,train,False,258
4,400,d,0.014025445248954467,0.013301277658229648,0.007197186282351734,0.01741595603388072,0.01750264300714358,0.0954657727078729,train,False,258
5,400,e,0.2115926981893213,0.21157617369636497,0.3124430122057934,0.15953538444262133,0.15952164086059628,0.31414470076512674,train,False,258
0,100,c,0.1766313713893621,0.10568338866061527,0.06843241729663525,0.0026406742669722407,0.021973558130733224,0.4151495389923726,train,False,259
1,100,d,0.006617072760292679,0.006617044335266389,0.009349296139456441,-0.018672849514006416,-0.0186752172712446,0.003475933991803757,train,False,259
2,100,e,0.15600751319071632,0.15209380748535223,0.27484845450589296,0.13502406630354577,0.13650123783053572,0.29656193790490915,train,False,259
3,400,c,0.057927478218038654,0.058137077424548184,0.09315084438253775,0.059223387205632035,0.059106037094655124,0.7265753231408124,train,False,259
4,400,d,0.00704297180178999,0.007043181207817155,0.00600140977637682,0.0008692321809135706,0.0008689544714564335,0.07170269904305428,train,False,259
5,400,e,0.19101166448346682,0.1910174105711458,0.2604523975575742,0.11635063817063689,0.11633954550964973,0.3768416121094185,train,False,259
0,100,c,0.07158903856633896,0.07159682423231055,0.06666821875045738,0.024812530666359293,0.024802110752489597,0.7588551991464947,train,False,260
1,100,d,0.004415893211756169,0.004415166381959645,0.0050518578307876495,-0.008652841809790016,-0.00865288159075666,-0.004424987449691624,train,False,260
2,100,e,0.21111378824487953,0.21110664447003574,0.2484518560659682,0.159585211918508,0.15958263882892504,0.3499685383672643,train,False,260
3,400,c,0.0547023202153557,0.054702524849129394,0.07131492199748952,0.014684343385726849,0.01468037819735372,0.6439817399341902,train,False,260
4,400,d,0.005949717895691315,0.005946759278048591,0.003704086401188357,0.008697603974116142,0.008698725951750195,0.08022325058508224,train,False,260
5,400,e,0.18959633783831906,0.18949315069430814,0.3393331561473174,0.16059823887164143,0.16059949331670326,0.5230743521775413,train,False,260
0,100,c,0.05762919565719514,0.05841230348169656,0.06915320536625347,-0.11072251076430029,-0.11079745103910839,0.033973960196626865,train,False,261
1,100,d,0.010755997647710186,0.010754464729189794,0.008271424695996937,0.013485186483468432,0.01348375508271289,0.033246667719197376,train,False,261
2,100,e,0.27964924155777515,0.2798217257338415,0.3841575562391671,0.17472998521705407,0.17473012220855388,0.28372146575078944,train,False,261
3,400,c,0.05061757480566706,0.05061728175891131,0.08295999742471462,0.015581319074582822,0.015581295206565003,0.38827902295294303,train,False,261
4,400,d,0.005180900553853708,0.005181096490965932,0.005979884673722398,-0.011623880794980064,-0.011624276834884739,0.02845173245052173,train,False,261
5,400,e,0.1713564180382227,0.17135927718119576,0.22363408258599207,0.13960039420224418,0.1395879164286783,0.3043988625193775,train,False,261
0,100,c,0.0652219785118317,0.06521141704854062,0.08849528040197219,0.03211839691889395,0.032111341439269976,0.42618042774321935,train,False,262
1,100,d,0.07741964011213472,0.077420435097665,0.038044699374425235,0.021489524719290536,0.021483354463339932,0.11086383593559548,train,False,262
2,100,e,0.28339104736724036,0.2835101415339633,0.3323164967587067,0.12415296815833038,0.12415148864234127,0.31086125686883476,train,False,262
3,400,c,0.08684639725553786,0.08685110836629488,0.09710292911063187,0.023479691099287124,0.023477363751099104,0.9089786757874719,train,False,262
4,400,d,0.010772408696170773,0.010773650356053412,0.008587230249992233,0.03232610800072244,0.032324174518946674,0.06022206930331354,train,False,262
5,400,e,0.19821450457587647,0.19822160500402508,0.29618563753562216,0.16409826542507064,0.1640951944645036,0.34822963037327753,train,False,262
0,100,c,0.06572477961446449,0.065715339907357,0.07113624327347642,0.030698380016061223,0.03067584484206748,0.6536648924736701,train,False,263
1,100,d,0.027032422404350137,0.02703144525590899,0.024861039325754297,-0.01240301556029003,-0.012407931484600496,0.03532084663588865,train,False,263
2,100,e,0.1947863974480104,0.1947141651447724,0.2861060894279459,0.13421191618030917,0.1342190158805114,0.3495371101986035,train,False,263
3,400,c,0.05919099394403622,0.05917167028977685,0.08980580505121864,0.0006212135138962083,0.000613666990652817,0.4670916261022428,train,False,263
4,400,d,0.006309103710784883,0.0063114140022675624,0.006897016925354289,-0.00891142956289265,-0.00891334659828905,-0.001162575172176652,train,False,263
5,400,e,0.18636680159750812,0.18633412600862104,0.29570806076196776,0.17516994916363082,0.1751545095181293,0.32230267304458965,train,False,263
0,100,c,0.0561548593301067,0.05609768310440637,0.06732704433478515,-0.08181954709597186,-0.08186863162689989,0.3201617856455552,train,False,264
1,100,d,0.007168369443362685,0.007168534777593557,0.005290743323921186,-0.04042600222310338,-0.04042628943761061,0.047105086582481324,train,False,264
2,100,e,0.12941619530763693,0.1294287586456193,0.25062627861247083,0.12497872146481236,0.1249757755842866,0.5911689346593649,train,False,264
3,400,c,0.06788984073870745,0.0679104912187393,0.08513995767988775,0.05907132382137654,0.059029195721863346,0.4341715896260721,train,False,264
4,400,d,0.01690221842721014,0.019384993650016325,0.004793889365034945,-0.001067832942969549,-0.0016754346789245923,0.02105544285184651,train,False,264
5,400,e,0.20338964925178274,0.2061052995622485,0.2536743251250154,0.1659814461696436,0.1663700688483469,0.2975910198236267,train,False,264
0,100,c,0.07382212607026814,0.07383189898010993,0.09728201825109505,0.09751537154865432,0.09749856904406017,0.5169007122821331,train,False,265
1,100,d,0.01431133673941499,0.014314595756050139,0.012437519606096504,0.022163541454800113,0.02216337302595294,0.063645114216643,train,False,265
2,100,e,0.18844085456213297,0.1884471645611654,0.33607854663369296,0.12465413507748885,0.12465007397506327,0.46841861517664135,train,False,265
3,400,c,0.08573265808415476,0.08571671983393508,0.09885674796973323,0.037093506881435874,0.03710691589838312,1.0348212456829464,train,False,265
4,400,d,0.00702426070890871,0.007024935628159113,0.005966108984712404,0.02160569508646159,0.021605728665259304,0.1535915666727064,train,False,265
5,400,e,0.1683506827748888,0.16924432622876628,0.28960681451023745,0.15707720387971086,0.15767644347108464,0.31943323076468466,train,False,265
0,100,c,0.06495665856475033,0.06494819416943985,0.10834923994410842,-0.009000145080859027,-0.0090322728507644,0.6118150209590802,train,False,266
1,100,d,0.014035983656947904,0.014049752640887245,0.010398026384062304,-0.01206732524578337,-0.012068863686853852,0.00252874310808183,train,False,266
2,100,e,0.2389390502299558,0.23893883677509212,0.25242181148015364,0.05791681174900816,0.057907978400726035,0.7063776691360439,train,False,266
3,400,c,0.07006819065465525,0.07011392410735744,0.07708780048438743,0.0967962892943035,0.09675279795047587,0.6350431238803304,train,False,266
4,400,d,0.007668431596347622,0.007705417959546879,0.007966501768163301,0.004183094614306757,0.004172183487922574,0.0589305169718158,train,False,266
5,400,e,0.21879334548847887,0.21883353406461445,0.35175411590951455,0.18326453902669684,0.18326188683665692,0.33893322260325925,train,False,266
0,100,c,0.06640384380758194,0.06642337397315216,0.10648256483560088,0.12215848965561818,0.12213546563394231,0.6747967770676605,train,False,267
1,100,d,0.0162187802767917,0.016229680225503803,0.008181525610072047,0.033952246263682574,0.033951792692108074,0.06200487912004569,train,False,267
2,100,e,0.2680940910884741,0.26791892626723873,0.3714984221900572,0.17582393198701154,0.17580965441487478,0.2772663089551159,train,False,267
3,400,c,0.055004078561590244,0.056058526370063665,0.07511075182877476,0.04530024337234522,0.04570777613474441,0.8052838914247543,train,False,267
4,400,d,0.0070488524851180226,0.0070719854412053685,0.006225985069624265,-2.8544943626229724e-06,-1.0008603931854765e-05,0.02558005257544,train,False,267
5,400,e,0.171811758046098,0.17218525260328704,0.2337087546017154,0.16366416073493853,0.16420224820978924,0.3640309065089396,train,False,267
0,100,c,0.15883503251378495,0.05093000878907482,0.07110352925052124,0.04655551706802107,0.06898607826327818,0.3279951832001744,train,False,268
1,100,d,0.009139154983217384,0.009139202505081377,0.008810653104341225,-0.015431210155702946,-0.015431664608781386,-0.010037905098181827,train,False,268
2,100,e,0.16950461013148568,0.1694198080463609,0.22389834394369712,0.1723904523205809,0.17238138000520514,0.33737390780409976,train,False,268
3,400,c,0.07331548855959079,0.073350304483759,0.09292050781715318,0.06200701694265717,0.061980983393504586,0.7404591418463436,train,False,268
4,400,d,0.00854892631754805,0.008555993357026538,0.007794288337161555,0.013490690070984818,0.013487352458929963,0.037618318408974755,train,False,268
5,400,e,0.19584795075164155,0.19873670034393526,0.23755012550440732,0.12965241141181735,0.12984310891062648,0.3008619467820282,train,False,268
0,100,c,0.06052666276974685,0.06050922878631515,0.08630270096213698,-0.044675446232014554,-0.04468251434584275,0.2800814267728002,train,False,269
1,100,d,0.003178783439135564,0.003178982885324933,0.00432435939583397,-0.0037434552910899123,-0.003743851439756387,0.05083359321082055,train,False,269
2,100,e,0.21525128949872405,0.21533028189343983,0.3113246559273365,0.15724601328608373,0.1572405119149679,0.28485154411574914,train,False,269
3,400,c,0.06496154210659587,0.06494589333989502,0.09771400380096712,-0.01820912982539227,-0.018212300446875957,0.5431673134339762,train,False,269
4,400,d,0.004849438591080586,0.004147559577411944,0.004670228291880004,0.007666092144991001,0.007806636197114347,0.10121803420998511,train,False,269
5,400,e,0.15636682633234847,0.1564956568777247,0.2646190973846794,0.1419499640327539,0.14193920260291562,0.29630833752357616,train,False,269
0,100,c,0.07215386644718548,0.07178163834018356,0.08005593624421582,0.025727441268601013,0.025863680320441347,0.6089430363946056,train,False,270
1,100,d,0.018901780259479438,0.01890510628648217,0.01156935584270754,0.005991938545781519,0.0059906817621809515,0.057329866196616557,train,False,270
2,100,e,0.23377649132120326,0.23381630392231575,0.26473989529962877,0.17759710798639547,0.1775912588326122,0.33170715662225997,train,False,270
3,400,c,0.05686969420413972,0.056858201050320946,0.09382539618570568,0.021570910408987558,0.02158384284364601,0.541414077076209,train,False,270
4,400,d,0.005730263485148053,0.005730177782153536,0.006675834850781568,-0.004826615632996844,-0.004826663319917675,0.07500962624135511,train,False,270
5,400,e,0.18187484173284157,0.18043169190784136,0.2717152465696294,0.16532604230566172,0.16599549389031965,0.31140895939120944,train,False,270
0,100,c,0.17513389335558113,0.17517582849539956,0.06919486634944139,0.13756672332346406,0.13755913034898434,0.5970232956064255,train,False,271
1,100,d,0.0052512393482736985,0.005252437952570315,0.005689550462777879,0.006552531342852479,0.006552342240290407,0.035666345929627655,train,False,271
2,100,e,0.21005457893790985,0.20991134179652096,0.2471059649060297,0.12342868837896227,0.12342796405749176,0.43277936574159215,train,False,271
3,400,c,0.055632780446582604,0.055633308837487225,0.08025867006385891,0.02609804581859862,0.026094513890294452,0.40942627539387105,train,False,271
4,400,d,0.008710826435954673,0.008712532273870097,0.004773295746100414,0.018463631880742248,0.01846297943669342,0.12012007008071064,train,False,271
5,400,e,0.19227344170052224,0.19226483377464507,0.2593894464469779,0.16666986847011978,0.16666420307524085,0.3235069888435857,train,False,271
0,100,c,0.06108048979392195,0.06107912963744954,0.06721378291309146,0.019858480040093555,0.01985861099824092,0.6180344268189916,train,False,272
1,100,d,0.004876972451803432,0.004877342039311662,0.006118898641519813,0.0002483482988755803,0.0002480438358140269,0.012517887631339021,train,False,272
2,100,e,0.22913787469155852,0.22906903803837764,0.259564755606987,0.15319900725197969,0.15319172918761012,0.3221841771314958,train,False,272
3,400,c,0.0674953938789552,0.06742729067633044,0.06867254360458168,-0.020927168060341755,-0.020950433161574154,0.6267714726860117,train,False,272
4,400,d,0.0047234462980144075,0.004723528745106137,0.004103168263656799,-0.0064255310856199625,-0.006425694316578809,0.02478066878178421,train,False,272
5,400,e,0.1748605851448323,0.17773319944055907,0.25986988677194894,0.14199636034967747,0.14322411608813454,0.3496920274384998,train,False,272
0,100,c,0.08573908571508192,0.08574936281250713,0.08350295899393799,0.11284823007298371,0.11283050783996756,1.0208622037283468,train,False,273
1,100,d,0.007355785708459644,0.0073559286601411825,0.009075801917845959,0.004419011456414026,0.004418577723711916,0.005381850449317476,train,False,273
2,100,e,0.2852655788114377,0.2852521758207387,0.2120373921015862,0.11093079990865685,0.11092497886244633,0.388976179976333,train,False,273
3,400,c,0.07926014435741474,0.07926920491245623,0.1002503260370618,0.07548523679080894,0.07545270877663328,0.7094942985326321,train,False,273
4,400,d,0.00936633222189362,0.009313384995661683,0.007943376857659584,-0.007455618870735848,-0.007458674067418549,0.018776553076180917,train,False,273
5,400,e,0.2161411287480793,0.2161376968634077,0.3515575036677984,0.16790088338162248,0.16788762639789676,0.3172563328336737,train,False,273
0,100,c,0.061687545658870795,0.06168327142059986,0.09853984081167522,0.02036276154301497,0.02035426701860004,0.406445098428547,train,False,274
1,100,d,0.005868572216154846,0.0058686822471443875,0.007040785850575839,-0.016177649389509555,-0.016178281483357822,0.08066883436288613,train,False,274
2,100,e,0.1768885505157336,0.17689775256368567,0.22015924565548126,0.14714211939081842,0.14713065747355017,0.28996156191578215,train,False,274
3,400,c,0.06496889432559681,0.06498271270654916,0.08252363651546374,0.028285392947241094,0.028271670716384704,0.3731745331296684,train,False,274
4,400,d,0.004815472078506286,0.0048155273417658465,0.005219116229065714,0.01646849272612954,0.016468224013971806,0.10601962600103075,train,False,274
5,400,e,0.2186626596518746,0.21868153965787523,0.26685008432480806,0.15038697341683185,0.15038129104628323,0.3208268589848139,train,False,274
0,100,c,0.05312267075280861,0.05116388611034167,0.07261329978068824,0.025579624027127892,0.02561790274971287,0.3938981599274983,train,False,275
1,100,d,0.061961919243721006,0.0619012995759633,0.04301310934589661,-0.009664227920860373,-0.009669717622785328,0.22859157485415305,train,False,275
2,100,e,0.18831913089031782,0.1686510903064849,0.21495949762409425,0.05835339117170548,0.06278775805008525,0.44094318719852793,train,False,275
3,400,c,0.05375806670094824,0.1014181914919655,0.07208719181331015,0.03250778992491078,0.014882477008276282,0.8563909988673537,train,False,275
4,400,d,0.0038354225930581393,0.003835543025554799,0.004417167394813266,-0.008463663340959151,-0.008464024117096543,0.011925632797838545,train,False,275
5,400,e,0.18405896413511924,0.18406648345369356,0.2145567654296509,0.1245899071805819,0.12458936604915173,0.3606214059732025,train,False,275
0,100,c,0.1104259462318071,0.11028575044390354,0.09752872428701106,0.06027988691072054,0.06027261170215397,0.8605347275474432,train,False,276
1,100,d,0.0050874626664681,0.005088188580031016,0.0074405762425470345,-0.0065530113824939385,-0.006554406059529771,-0.004464054794251755,train,False,276
2,100,e,0.27309484981720633,0.27307736773629854,0.37008636879150275,0.1410437754154726,0.14103316113271636,0.28066397075244526,train,False,276
3,400,c,0.059000464575333825,0.059000971072486114,0.08026298259591202,0.025177949950453922,0.02517400743019188,0.8391425210478068,train,False,276
4,400,d,0.004304842238904885,0.004304807251655853,0.00502231615288048,0.010590892006631911,0.010590654448019236,0.014506164651190954,train,False,276
5,400,e,0.18346473483925296,0.18806949101556947,0.22811577068609096,0.1408083185190894,0.14704177616096673,0.31247295216778465,train,False,276
0,100,c,0.117896848033912,0.11788224363653468,0.11707103161988558,0.10188136526125653,0.10185483803115751,0.6001863580553328,train,False,277
1,100,d,0.00982229417874408,0.009822491763440282,0.007068966137407774,-0.01505775986063437,-0.015057577029810948,0.19404212256207273,train,False,277
2,100,e,0.21068653268602136,0.21070262537390047,0.245197142316762,0.12920810362043267,0.12920066162847552,0.24957398119161767,train,False,277
3,400,c,0.07296496925344381,0.07284564261629459,0.08548209952416286,0.008363983725000565,0.008348393331321305,0.19739940803804287,train,False,277
4,400,d,0.006346405542064065,0.006351234759214834,0.0066058753466691185,0.005179219917887111,0.005176131422191581,0.009704163111958285,train,False,277
5,400,e,0.19116193479921784,0.19274131546704368,0.2600783479479527,0.1250602867562511,0.1281094269329786,0.31320930565786914,train,False,277
0,100,c,0.17613882429359926,0.17616400749696337,0.11036276716013427,0.10383371040923997,0.10381928952768867,0.6240466748121304,train,False,278
1,100,d,0.0049378964093658405,0.004938027909309802,0.0071136857735349165,0.0013149593303964835,0.0013145476222498154,0.13109624876938553,train,False,278
2,100,e,0.1377834763965929,0.13781115298610444,0.18085364812623772,0.14166530814747713,0.14167045667903086,0.32521163976081596,train,False,278
3,400,c,0.06585167122179496,0.06267566275114274,0.09344862266441385,0.008277927947438571,0.006693583473676128,0.41271467021330094,train,False,278
4,400,d,0.008993990992650745,0.009034771354676247,0.007276908795759634,-0.0007229676584633538,-0.0006810577750468028,0.05833128324797704,train,False,278
5,400,e,0.18120845430644617,0.18121730771456016,0.29912338406061667,0.14599062212534927,0.14598808872343289,0.34318485817086447,train,False,278
0,100,c,0.06844911570627855,0.06839472863325273,0.09495753143586118,0.015680470194328392,0.015692677156084543,0.7682842455812713,train,False,279
1,100,d,0.027541554299263245,0.027541915041844146,0.015416783746839562,0.04674375680326575,0.04674305641239064,0.05823190347503388,train,False,279
2,100,e,0.26233141939432775,0.26245713908292545,0.29711319193637964,0.15687061558336254,0.15685938120526366,0.2540753641953729,train,False,279
3,400,c,0.06642621694616105,0.066436794270591,0.061136971260075695,0.020012650581572162,0.01999288627281189,0.7791057184387137,train,False,279
4,400,d,0.02171916411893761,0.01802723386485853,0.0076074450913851555,0.03164509101129724,0.03197455884786729,0.18352051919078785,train,False,279
5,400,e,0.19928383053217508,0.1993419846055839,0.27877913120290027,0.15137758860357928,0.15137214077671834,0.32443798303458565,train,False,279
0,100,c,0.06841648358821428,0.06842119363175103,0.06197362659078221,0.0019447251419499878,0.0019346029633973672,0.6227256595545944,train,False,280
1,100,d,0.0035783179436597486,0.0035781723084068765,0.0034445263346542993,0.0039056504080775237,0.003905504200807819,0.058219676713260816,train,False,280
2,100,e,0.24906391010642664,0.24896014274062947,0.4097394771549548,0.16400903722063573,0.1640018209038922,0.29725594096348246,train,False,280
3,400,c,0.05550953096747,0.05512741071483806,0.07712075324281961,0.010458232985778864,0.010232599393596687,0.6357918348271662,train,False,280
4,400,d,0.005309131762835817,0.005319849916865098,0.004298285258569372,0.014759725422017471,0.01475586692085555,0.05419898874110286,train,False,280
5,400,e,0.16335874325066313,0.16335515442465948,0.23359291163719592,0.12694621525389763,0.1269509502506888,0.4242524535059515,train,False,280
0,100,c,0.055705691895277784,0.05570403363453615,0.06865142462695178,0.08422058136450047,0.0842154234917578,0.6993611171637231,train,False,281
1,100,d,0.004298311240802626,0.005087115974772031,0.007132116486590816,-0.016412564763466406,-0.016773800124147992,0.000593663768933812,train,False,281
2,100,e,0.23767231331511465,0.23777396894102704,0.26682165199065666,0.17569791912240995,0.17569194431177096,0.29557799241543103,train,False,281
3,400,c,0.07595193601614264,0.07473543062490165,0.09073015717558366,0.03437965868747305,0.034310966917308575,0.8914585943426571,train,False,281
4,400,d,0.006597447260741277,0.0065974550355568425,0.007382922229192979,3.323240269530459e-05,3.286120589676145e-05,0.03079003713509408,train,False,281
5,400,e,0.19033422203203784,0.18992422134548956,0.23842103981050328,0.13355337504440537,0.12984422882443614,0.3001321837734275,train,False,281
0,100,c,0.06513598420308908,0.06513587297914213,0.09634042241905955,0.09468033689771943,0.09469059831527034,0.6468495332591927,train,False,282
1,100,d,0.003966120803594716,0.003966122723772841,0.004319079812221184,-0.01895588030003758,-0.01895595980514667,0.05136272992730362,train,False,282
2,100,e,0.1842254317772637,0.18418522707870827,0.30224489814067357,0.13013676360687526,0.13013367818643246,0.2777963005585153,train,False,282
3,400,c,0.0575285022773602,0.0568971670224425,0.08673093690516766,0.018452424797082756,0.018507556040187438,0.45658093565873953,train,False,282
4,400,d,0.00920051322494289,0.009200205708344332,0.007874549251330914,0.016221472452335704,0.01622188785295446,0.12528925232670896,train,False,282
5,400,e,0.18484469333231218,0.18477477020211797,0.24069801796893717,0.14116192843571948,0.14114034337521564,0.31065885863906195,train,False,282
0,100,c,0.07538279508610697,0.07536349657561237,0.11365109007367234,0.09370096089966595,0.09371125626020131,0.3839531006963975,train,False,283
1,100,d,0.02656098049186276,0.026569039244873673,0.005193729030269184,0.015418137170527757,0.015416608721332032,0.07329065025600455,train,False,283
2,100,e,0.21494975765561417,0.21207700095595755,0.3532493361512979,0.17233356695782073,0.17120883903996517,0.2627803355448472,train,False,283
3,400,c,0.10738136567446947,0.10802728808280086,0.1120964384021928,0.09094893776135592,0.09159254618496959,0.7415109528163439,train,False,283
4,400,d,0.006489676200445809,0.006470726610885328,0.006565003524694971,0.01440468657338947,0.014355878874378761,0.09196077408636931,train,False,283
5,400,e,0.18540448090400885,0.18546536359092078,0.2750432086650663,0.17613200469546264,0.17725130598013195,0.2967556887441387,train,False,283
0,100,c,0.05950116690118825,0.0593976104018422,0.0663644749094087,0.08497833844435909,0.08492334184144447,0.5714889452197333,train,False,284
1,100,d,0.007823809686519924,0.007837396255919839,0.010712207878217346,0.003646213856239182,0.003645134735833047,0.030976765121707307,train,False,284
2,100,e,0.24689598032992754,0.24689446255325495,0.2982707288926871,0.11160350200869665,0.11159187537495996,0.29662326873819256,train,False,284
3,400,c,0.08451451549204769,0.08482465873247831,0.09479903514757403,0.10256283024427369,0.10249041273166576,1.0922724000116724,train,False,284
4,400,d,0.005073683406940313,0.0050733998686296475,0.006623816645697469,0.003800142579498225,0.0038000856404024753,0.04556679492338626,train,False,284
5,400,e,0.19507884994537353,0.19508971679530107,0.24991089160530927,0.15460523063098175,0.15459864340551693,0.32065582587136376,train,False,284
0,100,c,0.09493165270389207,0.09489759753923392,0.14101744110130468,-0.022623737343789047,-0.022632094202803616,0.3732136144437534,train,False,285
1,100,d,0.0059447420332873445,0.005944824083157213,0.0066054975079721575,-0.007213916699019833,-0.007214436469383543,0.049382534426201496,train,False,285
2,100,e,0.19306252820102535,0.19306513904272601,0.33711482113023705,0.15961017890474088,0.15960896424144197,0.2898608680531812,train,False,285
3,400,c,0.05168832542309408,0.05168915600788273,0.07750451102890493,0.0522416865377209,0.052240801872454556,0.7255269634846462,train,False,285
4,400,d,0.009356191073278966,0.009366557606190297,0.0061558953205799434,-5.1655325963295695e-06,-8.376279086839133e-06,0.0742021425103545,train,False,285
5,400,e,0.18873677324506982,0.18861965419701776,0.2983265588994645,0.17754929942905193,0.17753625187692065,0.32997950451427827,train,False,285
0,100,c,0.12040157077894356,0.12040714425346798,0.14217721084812335,0.0955493323420798,0.09553993384196083,0.4632798915919428,train,False,286
1,100,d,0.03304418358460396,0.033055622620744934,0.03012666617120855,-0.009778766972664067,-0.009782453494784491,0.0012262637492354144,train,False,286
2,100,e,0.23181000286576037,0.23179904743241678,0.3005268030444098,0.13610778503419524,0.13610313967518367,0.30766699075373033,train,False,286
3,400,c,0.07895123833414185,0.09180581523092579,0.08698860468396848,0.07020700391117395,0.06844527640836688,1.1493194953402739,train,False,286
4,400,d,0.004447654312338626,0.004447970040934264,0.004263778384617783,-0.0017211996454460632,-0.0017216984085458088,0.04094657061615752,train,False,286
5,400,e,0.1819418270771295,0.1819421055430817,0.26955705550348946,0.16011783069488708,0.16011408743525357,0.33588382042258014,train,False,286
0,100,c,0.11819921737778588,0.11827198514562476,0.11561270798286907,0.01828218616331128,0.01826038722988983,1.1613786366836143,train,False,287
1,100,d,0.008276950916632199,0.00827918261546317,0.011560606454118822,0.006103558084631385,0.006102995826037869,0.025562428132973006,train,False,287
2,100,e,0.19707698287308,0.1969658313209693,0.294942299797609,0.14341296395762243,0.14340393094193984,0.27644985058486027,train,False,287
3,400,c,0.06256738018726361,0.06251061586347184,0.06909139620581391,0.052885600127288226,0.05281687084044322,0.42500884097794994,train,False,287
4,400,d,0.006265842146723813,0.006267350122387681,0.007568381107977172,4.9175815723767616e-05,4.483924031800868e-05,0.028352535160345003,train,False,287
5,400,e,0.19505902824614083,0.1961994228340733,0.23798737927770716,0.13833826028111695,0.13835143687981352,0.38840617732295535,train,False,287
0,100,c,0.0576726731908013,0.0576665920824665,0.07625135984693993,0.021699183144463136,0.021691273747094116,0.7399583606999329,train,False,288
1,100,d,0.03327442082492155,0.03326742864918549,0.0164341100870396,-0.015836823110996167,-0.015839565391604554,0.13108413608184685,train,False,288
2,100,e,0.15421995989632392,0.1672130673499118,0.19858759908464343,0.11500672701955392,0.1165341551042626,0.3653914658673969,train,False,288
3,400,c,0.06882275478784454,0.06883790852985576,0.08268554531761228,0.1076204835026023,0.10760776585434456,0.47615117776832727,train,False,288
4,400,d,0.007555364297666868,0.007555595498269781,0.0072312733526712645,-0.004140524003368764,-0.004140796872037029,0.03270115269486493,train,False,288
5,400,e,0.20580316183180047,0.20625624275853047,0.29160728120354257,0.15225542530818373,0.15443585332176504,0.3241165848698284,train,False,288
0,100,c,0.05866132736059276,0.05860894735138248,0.0890483047193421,-0.027389530715210667,-0.027358049388664086,0.8896161847369518,train,False,289
1,100,d,0.0032784409856304654,0.014019898206025781,0.00862639252015892,-0.009926033294261031,-0.014924109900163974,0.0489378112061217,train,False,289
2,100,e,0.18960806459765447,0.18959710251903028,0.3002821696936771,0.13683309925172402,0.13683160224684726,0.2411355144652581,train,False,289
3,400,c,0.06179681728142961,0.0616656401916873,0.06167946722165597,0.0648549878539383,0.0648344968783195,0.8835621222665941,train,False,289
4,400,d,0.003354529396697408,0.0033752562853563125,0.0036333342622606175,-0.009294404470190382,-0.009330326037185054,0.04629018940958321,train,False,289
5,400,e,0.18233876904053636,0.18219983289796013,0.2943753116240608,0.1816612557835873,0.18165487048196086,0.3092308188367025,train,False,289
0,100,c,0.06219291037613593,0.06219212611951498,0.08074630582867602,-0.10145159209486032,-0.10145245021119009,0.45717627849109876,train,False,290
1,100,d,0.006796574193198613,0.006796574364834088,0.007700614111534545,-0.03494670647329556,-0.03494692980744265,0.014837823382237793,train,False,290
2,100,e,0.15891625401327356,0.1590069750121566,0.17878208501460563,0.08547597308594874,0.08546705805247648,0.3286784842757885,train,False,290
3,400,c,0.06271872205191455,0.06271931650035793,0.08129075730978201,0.03952062669660187,0.03952019787391883,0.504328551970075,train,False,290
4,400,d,0.004873266751036898,0.004872782141008931,0.004508949836120775,0.006135404574196386,0.006135372571411608,0.02561537180548896,train,False,290
5,400,e,0.18261760828029927,0.18267522758786758,0.3136480173489288,0.19095695498972276,0.19095287117160148,0.2933820669928855,train,False,290
0,100,c,0.05694000154722091,0.05696639944855832,0.08648400842146228,0.02248274093742495,0.022457414031070756,0.6592734818998954,train,False,291
1,100,d,0.005587993661248927,0.005584991784120509,0.007880004309983006,-0.005508467812941227,-0.005509971938452907,0.0010739902962242276,train,False,291
2,100,e,0.28729143811546104,0.28716841734171256,0.38748241173258846,0.1540205886272488,0.15401244447644863,0.2611619452811306,train,False,291
3,400,c,0.06337383968709982,0.06337013674346091,0.08769105072283054,-0.039555364096613914,-0.039558535841489044,0.33826511259629055,train,False,291
4,400,d,0.005847596793229274,0.005993684917628906,0.006502187994316757,0.006477705898684611,0.0064662116043790975,0.05876772870219266,train,False,291
5,400,e,0.18947493264811552,0.1894773082891622,0.2653835428656049,0.15502067040801282,0.15501313224773744,0.31815394450441936,train,False,291
0,100,c,0.05090297265587172,0.05090292518536965,0.0715489233476655,-0.003787273003358749,-0.0037869462926131804,0.6429700846540126,train,False,292
1,100,d,0.012607445886173504,0.012607441085633515,0.013971252887269405,-0.034779478729736725,-0.0347799749560385,-0.021784029325751603,train,False,292
2,100,e,0.18485586238095575,0.18486056704528755,0.26704784820820027,0.15560182851145044,0.15559136418496977,0.28609417524625763,train,False,292
3,400,c,0.05812207375088607,0.05812215396262253,0.07717505163745318,0.06181344800867748,0.061811399188420636,0.4476855017665692,train,False,292
4,400,d,0.010068633198184913,0.008082212233237811,0.007856752505492606,0.020911328123657674,0.02150961110872304,0.1381650419462331,train,False,292
5,400,e,0.21208140575884496,0.21178913790514112,0.3089556195861382,0.15302070700284565,0.15299368001377783,0.3535838906701808,train,False,292
0,100,c,0.04607161875833071,0.10027633970898595,0.09280488094849637,0.06001428041854013,0.04554348344361557,1.1565632229781924,train,False,293
1,100,d,0.004422687820099531,0.0044297438655767326,0.00818383693296022,-0.009500952299061467,-0.009510806347118468,0.005979387627338291,train,False,293
2,100,e,0.15210903817178162,0.1521129291130169,0.20399586737438058,0.07163227703854716,0.0716223801480271,0.3563598728085667,train,False,293
3,400,c,0.06283636700719081,0.06281721696921864,0.08942396382462531,0.023711065193615825,0.02370289538681618,0.6537771248936324,train,False,293
4,400,d,0.004977426030991441,0.004977936921963085,0.006137590995801019,-0.0021508650925133213,-0.002151491731892357,0.021833071713114015,train,False,293
5,400,e,0.15143177138492203,0.15143287426699575,0.26811166361180605,0.1410072379027486,0.14099646728015214,0.2960345649439269,train,False,293
0,100,c,0.06087899832943186,0.06087255417769301,0.09657054544659807,-0.06230237130971013,-0.06230110447833205,0.7896694188892684,train,False,294
1,100,d,0.023296640430285245,0.023308826051468227,0.018083956047444352,0.002980328161832393,0.00297808497338492,0.024937142112068128,train,False,294
2,100,e,0.23564989893154245,0.23588691449088706,0.32102604397359713,0.12826282321952134,0.12826651606137118,0.24963513034686088,train,False,294
3,400,c,0.057975789363604584,0.05797600002141811,0.0680076045682915,0.003835390253725919,0.0038298109444691877,0.5193392904005554,train,False,294
4,400,d,0.0037664957401990335,0.007988910106020953,0.0064556938091905516,0.002749609324665787,-0.00018065246197711106,0.05119628343095108,train,False,294
5,400,e,0.1927534500767762,0.19275434790505058,0.24142496716860518,0.13286687958882737,0.13285072461555458,0.30930195668647725,train,False,294
0,100,c,0.05100349748124859,0.05046403573226697,0.07053872495741084,0.004415303337648169,0.004081649992755985,0.42424473994682615,train,False,295
1,100,d,0.012394705454052577,0.012398473879713868,0.015118650007975966,-0.013645988116331349,-0.013647626198981619,0.006324170381262455,train,False,295
2,100,e,0.22399768410387755,0.22379027721311728,0.2541291528032427,0.13754453929707816,0.1375317502818107,0.28991096897961144,train,False,295
3,400,c,0.05698056860163546,0.05714493395180534,0.08157542119476846,0.06840545837619658,0.06835913799908433,0.5357072976958669,train,False,295
4,400,d,0.007078240414211554,0.00707789321888868,0.009037707759385073,-0.002123362722435438,-0.002123485096178399,0.09208131013083296,train,False,295
5,400,e,0.20191169640982298,0.2018813813089195,0.3046979259706654,0.16899940965852944,0.16897973801722446,0.3299603581335694,train,False,295
0,100,c,0.08167593322435546,0.08167075667355038,0.12788361335278484,0.006943634952124569,0.00694559289151627,0.4846911909316179,train,False,296
1,100,d,0.014047756682135546,0.014052971073169461,0.019473948047144054,0.003912979872849096,0.003910667673387706,0.0374638377045323,train,False,296
2,100,e,0.22526906624647264,0.22529596889034992,0.25479164144582034,0.1468096248507556,0.14679516622988723,0.31696967717505314,train,False,296
3,400,c,0.09933095090725878,0.09943686361995885,0.12158145112628516,0.03716034342555716,0.037143485120416674,1.1204597083247023,train,False,296
4,400,d,0.006506673180471986,0.006506537382255224,0.008901735367954319,-0.0006811299411992345,-0.0006812253502961241,0.03573347311485097,train,False,296
5,400,e,0.16660438409889824,0.1674326169755234,0.26058302792151045,0.12186003808878099,0.12579780050857964,0.27873932136054674,train,False,296
0,100,c,0.0723419756226065,0.0723787986035503,0.151527209803312,0.0652417389930396,0.06523409744275113,0.8327072634137436,train,False,297
1,100,d,0.013115021917620562,0.013117967231240264,0.0074164403581803385,0.00861182049443041,0.00861073175336383,0.07795257181913598,train,False,297
2,100,e,0.19260057114941478,0.19261273892027597,0.26629326935606523,0.1320476943823294,0.13203487832083982,0.31383782591851,train,False,297
3,400,c,0.059565319612394696,0.05958922775823162,0.06191228009466652,0.05319532132525289,0.053155685940095766,0.8065428118972149,train,False,297
4,400,d,0.004521781212652404,0.004520903194926871,0.005580031324213554,-0.005390121288348073,-0.005390394176222433,0.02343947017159236,train,False,297
5,400,e,0.17457875913724294,0.1745760249565892,0.2915256360311264,0.15792588694026832,0.1579227766426422,0.3417737480705904,train,False,297
0,100,c,0.05077741475231077,0.0507862598656613,0.08417613653099021,0.01569456691487538,0.01570735003272624,0.5850818498204454,train,False,298
1,100,d,0.015508090769446554,0.015508619460912816,0.014177345021300898,-0.010244117875651586,-0.010245983118836026,-0.0009148200311570598,train,False,298
2,100,e,0.23157346772925316,0.23110749143112017,0.3066027494792556,0.09005410842340204,0.09004127444884326,0.3309824842733785,train,False,298
3,400,c,0.07190393517653272,0.05952276647659766,0.0736018075104515,0.09206574345671413,0.09446726133330216,0.6574075672425717,train,False,298
4,400,d,0.005897160412600324,0.005897053639903199,0.006375445624098256,-0.0013526084892465206,-0.0013524404934801026,0.091156624764913,train,False,298
5,400,e,0.17666482579719747,0.17660793023531007,0.27622695025872196,0.16292339874018072,0.16291732593505284,0.30004305809794063,train,False,298
0,100,c,0.059326702759897335,0.061596744620888606,0.08531342221029568,0.029053980225893172,0.029037753780230845,0.5131740853119138,train,False,299
1,100,d,0.06266766583238613,0.06270617618650866,0.04811946091515337,-0.00805555377875029,-0.008061372074506216,0.2296909083361382,train,False,299
2,100,e,0.21360369874995405,0.21359794326658446,0.2996986118104898,0.10845967401600433,0.10845221235252318,0.39334309739557055,train,False,299
3,400,c,0.05964530159145258,0.05969632883328693,0.08724234814169377,0.07838267462052805,0.07835604495864473,0.6227463164863696,train,False,299
4,400,d,0.004332423239978458,0.004664146800784616,0.006235194052140114,-3.562315370784219e-05,-0.00036181507679895476,0.04314068861449751,train,False,299
5,400,e,0.2049933976281966,0.2050200962066917,0.31800828444428636,0.16920168983022169,0.16919557546401717,0.29136034336251165,train,False,299
0,100,c,0.05128398345492282,0.05132008395034115,0.08024430172001812,-0.003847120746415982,-0.003879988091089359,0.8289941291397185,train,False,300
1,100,d,0.05394219103460316,0.05396750312975649,0.05069979994847681,-0.011378795278478612,-0.011385215777565882,0.21237630736116686,train,False,300
2,100,e,0.23100146653448278,0.23108945153022334,0.33076923083652787,0.10516488209800748,0.10516311756689177,0.3488175617784809,train,False,300
3,400,c,0.06146269612365863,0.06147457644167516,0.09689339084996411,0.0030163713620989085,0.003012891279468448,0.3824715937436987,train,False,300
4,400,d,0.0037466806770067914,0.003753692512225362,0.00415430878717317,0.008374700411731589,0.008368241248592768,0.013964606917370705,train,False,300
5,400,e,0.1588129326906897,0.15883974321118452,0.23357888593018117,0.14066871170365977,0.14063723918008741,0.3206105110953212,train,False,300
0,100,c,0.06018802883171962,0.0601802899534233,0.0715240970128823,-0.11584077007448051,-0.1158837777747116,0.3266671448694752,train,False,301
1,100,d,0.00877975022564738,0.008779759022748473,0.012719016748439253,-0.018007595557295114,-0.018007872958693466,0.0804849898231239,train,False,301
2,100,e,0.17278422902102103,0.1727615736288813,0.31831470420051267,0.12665391563481038,0.12664931198831206,0.3040710695007292,train,False,301
3,400,c,0.05554434711231849,0.08290463016006536,0.08745172403055758,0.028267394393604022,0.01756695664215343,0.7644539034476746,train,False,301
4,400,d,0.007755940427231131,0.007755386374045698,0.006710720822850732,0.00046445517627150326,0.00043752230342930076,0.013626415770952196,train,False,301
5,400,e,0.1867535367813572,0.18676602824593772,0.2847561349686651,0.14670925371033364,0.14670212592947834,0.3165046639267921,train,False,301
0,100,c,0.06926007770171508,0.06925975489113255,0.0851227682662094,-0.022749607940529017,-0.02275037031147811,0.13146162677659093,train,False,302
1,100,d,0.009302039165806228,0.00930205048863474,0.01010521884794728,-0.004428096727694868,-0.004428637599952801,0.03074529335262401,train,False,302
2,100,e,0.20956776917437878,0.20953837606211967,0.23965466626879178,0.1146797564788199,0.11467504198540124,0.29223132662213586,train,False,302
3,400,c,0.056950815025469864,0.06121238866456118,0.0829506412487338,0.08003978940545459,0.07757482851987853,0.9536698085460042,train,False,302
4,400,d,0.006528948515459303,0.006531705170176332,0.006287335054797734,-0.0026567082830791654,-0.0026631538768993224,0.09733822210072951,train,False,302
5,400,e,0.20959809020658826,0.21167551615888197,0.27137839241743544,0.15351864097120732,0.1539787832814605,0.30173777917811634,train,False,302
0,100,c,0.13454195635764069,0.13457517978722686,0.1444544823192026,-0.046583135697026205,-0.04659390729014795,1.0147872952408599,train,False,303
1,100,d,0.008612273393468433,0.008614622547735063,0.010307708059568649,-0.00442355488182967,-0.004424890870474574,0.000865408190131447,train,False,303
2,100,e,0.19112117872711235,0.20958828589262218,0.3094461136134644,0.1731295175584181,0.17741860463448889,0.2667366219590114,train,False,303
3,400,c,0.06967411623226405,0.07206495130538201,0.06363079394341511,0.024000249305926858,0.021984052645874358,0.8016314460262663,train,False,303
4,400,d,0.006821247487663428,0.0073850852571223525,0.007455720782974116,-0.005439849250796449,-0.005658747575828276,0.023240688554189006,train,False,303
5,400,e,0.18650169014414972,0.18650334876546634,0.26799165430855887,0.16529604643070556,0.16529142528750584,0.3077196625678946,train,False,303
0,100,c,0.15650647161566622,0.15651298041308168,0.08621577399825073,0.00226809203329573,0.0022615166220823113,0.762877736766331,train,False,304
1,100,d,0.00654664992478291,0.011329045132802761,0.008023647564167884,-0.01670156107888415,-0.019968556706521205,-0.012358665103778676,train,False,304
2,100,e,0.20894423952911706,0.20908149954992805,0.2209572920758921,0.12021647167905009,0.12019994359881729,0.26471212280076833,train,False,304
3,400,c,0.05946778082371299,0.059471260672969296,0.07163927993349835,0.027474253027718804,0.02746761093261526,0.8727953994633576,train,False,304
4,400,d,0.005822633687400663,0.005686746699972247,0.005216916051309475,-0.005654008477903289,-0.005700919712484502,0.01559151599835607,train,False,304
5,400,e,0.20487055853649935,0.2045787744284829,0.29963663267682156,0.1610310159854084,0.1610162118771953,0.3081722152078955,train,False,304
0,100,c,0.05192018231681847,0.051955736780008435,0.07284974023776493,0.05623650500672852,0.05619953255654309,0.781308149150406,train,False,305
1,100,d,0.009978769075011574,0.010107000172592789,0.009632116546342284,0.01886284952038558,0.01884949191903205,0.13966455147369725,train,False,305
2,100,e,0.25962824715107524,0.25998653069326777,0.27704352888763106,0.119174882755269,0.11917738677990862,0.3498200817835491,train,False,305
3,400,c,0.052516611640569776,0.05251846421794145,0.07219337187240643,-0.005817270284440354,-0.005816730208943426,0.655800595627301,train,False,305
4,400,d,0.008741966942855828,0.008741333999528861,0.008422051577912914,0.008624378111541908,0.00862398257120642,0.02762919121778248,train,False,305
5,400,e,0.17408231103346933,0.17413338090484323,0.25035842750245246,0.15463741584110513,0.15462941365542096,0.4403019114496171,train,False,305
0,100,c,0.061535609127724954,0.061535517712606146,0.11016105706678371,0.019108384540913334,0.019105578083910685,0.3634424920188055,train,False,306
1,100,d,0.007994505284559356,0.007995206594629111,0.010380604117619176,0.004549534111867591,0.004549246810021028,0.01846596149008512,train,False,306
2,100,e,0.22660095767646612,0.2290582119444558,0.23831528785433595,0.08850058399134916,0.08562190369081485,0.3389080243366463,train,False,306
3,400,c,0.05909269030554158,0.08536329714455354,0.10618321060383767,0.0401485896721784,0.026413509843535295,0.8280074620448608,train,False,306
4,400,d,0.006428064099751251,0.006428159169381656,0.006612576769700686,0.011223200569849805,0.01122302674913703,0.07722612548546184,train,False,306
5,400,e,0.20563243038661938,0.20564029023618602,0.3092491996689302,0.170511519803036,0.17050463399265922,0.30828868549806127,train,False,306
0,100,c,0.13852375824079663,0.13702883413008363,0.08095151023987887,0.0007624596038144205,0.0007162956357511518,0.9123216179314284,train,False,307
1,100,d,0.005435103342827354,0.006545111818178784,0.004872607253348592,-0.005583422216168294,-0.0060856469826039115,0.05974480553147776,train,False,307
2,100,e,0.1529788608141204,0.1529267982603601,0.23884244081267736,0.08290333864304131,0.08290278795910154,0.3451634436805343,train,False,307
3,400,c,0.06655345570395328,0.06645807237395646,0.0732532688193018,0.02149381074761763,0.02149745473497262,1.0139052901755325,train,False,307
4,400,d,0.006529526321011843,0.006555163070578895,0.006672859905396974,0.008201750338928821,0.008196412950934989,0.015729715903608187,train,False,307
5,400,e,0.14841163969649934,0.14840695655419198,0.2705558183275929,0.17278866179041377,0.17278134404139625,0.31687641700552477,train,False,307
0,100,c,0.06800049534145906,0.05645365602470156,0.10188061778964043,-0.0455034879812969,-0.04831773371535391,0.9105846161011294,train,False,308
1,100,d,0.004874402232654996,0.004874561588114177,0.0034349026484942796,0.015670361822461308,0.015669949250905653,0.09253409910335442,train,False,308
2,100,e,0.20076349759441572,0.20078312581660768,0.29991863039325606,0.17101133147297123,0.170998742324206,0.2572182994383305,train,False,308
3,400,c,0.10523878152360248,0.10531442822080173,0.0943052561263016,0.03859239069572617,0.03857302469988049,0.7070098773790738,train,False,308
4,400,d,0.0050025948775143225,0.005002227336985406,0.004714545568272434,0.004412213943180472,0.004412408907634031,0.1489898385769817,train,False,308
5,400,e,0.1826614268010594,0.18265642019715128,0.24223944382894064,0.1443573052966067,0.14434777275407779,0.3475690929659176,train,False,308
0,100,c,0.12577462524295796,0.12578227203481648,0.09081319438830411,0.12407555313707043,0.1240571037497913,0.5682318789880985,train,False,309
1,100,d,0.011539569550279152,0.011539413938177734,0.006627968578360854,0.04149222885343012,0.04149184944351479,0.046634594841466995,train,False,309
2,100,e,0.22678329233493277,0.2280373101614627,0.30825428662776877,0.12132703117369495,0.13685410447280974,0.3037834821703517,train,False,309
3,400,c,0.05716683512317476,0.05715326546209927,0.06361717363686864,0.050163128689981205,0.050158779357670935,0.7863213006454575,train,False,309
4,400,d,0.005266914251954033,0.005266878907896391,0.0046416538108840985,0.008243019677251162,0.008243117028765568,0.08114510446583699,train,False,309
5,400,e,0.19458761639911834,0.19460109566337574,0.32938448702968676,0.15704314255243604,0.15703506993148572,0.3358840160866685,train,False,309
0,100,c,0.0728670316212991,0.07286180358302526,0.11747521641117992,0.07915763480100645,0.07916012623843294,0.6179364662131864,train,False,310
1,100,d,0.012413372916305034,0.012452027528283848,0.010350533670467139,0.010709773394314386,0.010708975523496296,0.09150819513661407,train,False,310
2,100,e,0.21096337234427978,0.21096188319404977,0.2551081385268018,0.12868761476825746,0.12868044976493204,0.25553673455142045,train,False,310
3,400,c,0.06499379370431237,0.08920666982681676,0.10094796517097178,0.035192282607943284,0.02586279280552958,0.8501319596162261,train,False,310
4,400,d,0.0050567859201095635,0.005056920839777985,0.005958211944183837,-0.008176521709274364,-0.008176972290562308,0.02411360371449728,train,False,310
5,400,e,0.19434644377821392,0.193898318707394,0.2940913894639689,0.16738349000770963,0.16698229527643255,0.30548772825124154,train,False,310
0,100,c,0.160591641443322,0.16061823183661553,0.11694119944435799,-0.020264957658924772,-0.020270259648389414,0.02626557590944607,train,False,311
1,100,d,0.02146562017801598,0.021465780002897023,0.02370993108223686,0.009754252495958885,0.009753244675974547,0.08516425106575257,train,False,311
2,100,e,0.24497177382348745,0.24348743715900664,0.23446903495157312,0.1094865588381326,0.10939010103845015,0.2928901264645838,train,False,311
3,400,c,0.06548718792064592,0.0655266929596492,0.08506260387813501,0.12174741592256766,0.12171622387719311,0.7864590098581081,train,False,311
4,400,d,0.010604360341587873,0.010602028686160045,0.012628624165468737,0.009227274419051775,0.009228339731409924,0.01632014896589247,train,False,311
5,400,e,0.23037996138509076,0.23066712776757858,0.22620630618293444,0.1251651589313024,0.12514846761433554,0.32625460840691095,train,False,311
0,100,c,0.0854287131307576,0.08542553744597044,0.05769915454636507,0.013830013320322578,0.013828161657643463,1.1185391722199816,train,False,312
1,100,d,0.00309723355064097,0.003100644588484103,0.003487211687661645,-0.01105826681387164,-0.01106042650058086,0.04295139356873658,train,False,312
2,100,e,0.1683369086007858,0.17260289583110947,0.227989387749279,0.13196315516286736,0.14725445263405515,0.3151238116818307,train,False,312
3,400,c,0.05967653086568685,0.059670186964213154,0.10511463717298306,0.016795022316438164,0.016789957956728614,0.5620896872671036,train,False,312
4,400,d,0.013525810950442337,0.013528884120528282,0.013653451617624334,0.00616813415051011,0.0061673870411456735,0.08821343043862695,train,False,312
5,400,e,0.19200130174126623,0.19336467977586447,0.2860193030813405,0.1610689147272378,0.1613484809206065,0.4602989307270432,train,False,312
0,100,c,0.09057617592926866,0.09056159821394244,0.058987188877287086,0.07014668607052435,0.0701393300908309,0.9562118935157053,train,False,313
1,100,d,0.00911162386367448,0.009111547122076598,0.011680434256813062,-0.02143640337113176,-0.021436955438207193,0.07460612798369488,train,False,313
2,100,e,0.14649148195220804,0.1464959924394916,0.2697772545908718,0.15679586670379436,0.15678783083477968,0.3201181393219791,train,False,313
3,400,c,0.07876134034765664,0.07869583993726993,0.08679610451857865,0.10127387449117663,0.10129005064035809,0.6564558544564698,train,False,313
4,400,d,0.006227923301623638,0.006230865821791357,0.006282322728767268,-0.013409140281720085,-0.013410867520181835,0.0522653696795199,train,False,313
5,400,e,0.2107742880217496,0.2107875489521809,0.27411641867121983,0.1496250056499466,0.1496195364699776,0.3446299253748728,train,False,313
0,100,c,0.1811837318507974,0.18122289225719096,0.07793975103752086,0.07052912284259236,0.07051152775102587,0.9027417004991534,train,False,314
1,100,d,0.015000584784656346,0.015012614405789024,0.011746557266470344,0.014632257437443457,0.014630777019098318,0.027510130623914223,train,False,314
2,100,e,0.2701863498975248,0.2702217077682542,0.30707233277998486,0.08002807544178005,0.08001652430606533,0.27043759459251115,train,False,314
3,400,c,0.05805213002311101,0.058069470319255176,0.0792888698662971,0.10621602034463706,0.10620308173564041,0.5981402021004711,train,False,314
4,400,d,0.00676571176691345,0.006770336034330169,0.007813911757538972,-0.0059897380527193,-0.005992262865241837,0.08731711160419865,train,False,314
5,400,e,0.17127093926211243,0.17071742130694645,0.18446820157421262,0.1272754781355637,0.12568817639542715,0.32491063477443805,train,False,314
0,100,c,0.09826357455776695,0.09819586684757635,0.08100254972632297,0.12269987048380208,0.12271866981236407,0.7443397318057592,train,False,315
1,100,d,0.01537887770639007,0.015378932281681848,0.020455497582744106,-0.015353912938136106,-0.01535429925565916,-0.011255082212670615,train,False,315
2,100,e,0.2261264296053539,0.22609773911146092,0.23444150362840258,0.09124805503992263,0.0912442539264373,0.3392315375286404,train,False,315
3,400,c,0.05843495420084042,0.05845651281100835,0.07820637798172429,0.07128276708394544,0.07125773791633855,0.6505518093675678,train,False,315
4,400,d,0.006772248991990818,0.006772510411244997,0.005863600547277136,-0.010733011614855173,-0.010733311771588313,0.01726740051099117,train,False,315
5,400,e,0.16890135678163465,0.168886696455927,0.22157494523819996,0.1661250484116429,0.1660964744134223,0.32293717626610935,train,False,315
0,100,c,0.04403603953149732,0.18866714177925645,0.12800093260705708,0.018947200428068172,-0.03274989974738972,0.6949849215317749,train,False,316
1,100,d,0.004805088078107659,0.004805072112850222,0.00644141409955077,-0.05037937815586256,-0.05038004913578918,-0.027048344378756663,train,False,316
2,100,e,0.14953242010057324,0.14951568831848427,0.16187849572877874,0.10400499989019807,0.10399696115264143,0.28199999252384506,train,False,316
3,400,c,0.07223040387308023,0.07019605201438497,0.1025360800667234,0.05479132619021243,0.05423480241782144,0.6417266190323702,train,False,316
4,400,d,0.0047909011161094955,0.00479007474571551,0.004199763014122001,0.010623856100078122,0.010623986913979611,0.11170584982545502,train,False,316
5,400,e,0.18525413575048325,0.18267104891314567,0.298780779658176,0.16905239698459165,0.16767807473616567,0.3356404634772652,train,False,316
0,100,c,0.0618092227987943,0.06181002162416864,0.06927577430978943,-0.04916662049681911,-0.04917695770789017,0.4320578668101836,train,False,317
1,100,d,0.0030083816027428882,0.003008356692955802,0.003912288383969375,-0.006922680582121732,-0.006922786197281585,0.08552627432733835,train,False,317
2,100,e,0.2190914018191623,0.21908820704328957,0.28751133403194606,0.14513851005847464,0.14512794318632857,0.30047655230736675,train,False,317
3,400,c,0.06379091520337361,0.06378403676458941,0.08692706631468085,-0.01571439619196859,-0.01573307369089889,0.6197641630373941,train,False,317
4,400,d,0.00507415884473528,0.0050743397685644774,0.004768331264868904,0.004488184652072462,0.00448801502993252,0.06335038363243148,train,False,317
5,400,e,0.1823718457296271,0.18237819014677162,0.23761883193429031,0.16377551729902254,0.16376177662051236,0.31764414950949865,train,False,317
0,100,c,0.060600209589539274,0.06060608981065155,0.09454944276592622,0.03260554779023288,0.032599029072222126,0.6142414840024676,train,False,318
1,100,d,0.009197659579495289,0.00920003074809186,0.0077544501334544415,0.005181512464055764,0.005180435751040751,0.007454910012729296,train,False,318
2,100,e,0.2310479685111378,0.23096594158805928,0.27343817011407995,0.17169246744165498,0.17168367764652623,0.29234012240077584,train,False,318
3,400,c,0.05734777681763305,0.05735055160134169,0.07851089195030364,0.04545576226005615,0.04545147064136032,0.6139521322752034,train,False,318
4,400,d,0.004564062105370762,0.004564106939856163,0.004977042490921787,-0.014241122008806678,-0.014241619110454557,-0.010455666246071279,train,False,318
5,400,e,0.18381762220982115,0.18382374462939832,0.28346185719155503,0.1411340613188561,0.14112671905772153,0.3394565577736472,train,False,318
0,100,c,0.11015034789458372,0.09871799975854222,0.10614978196189837,0.08175573587232421,0.08346097565986696,0.7663399659899431,train,False,319
1,100,d,0.00614330149591134,0.006143420216728498,0.005677031236663544,-0.03294864501965192,-0.03294915772652073,0.05822253107289079,train,False,319
2,100,e,0.16330679896038816,0.16331439138855217,0.3169709501357128,0.13458135731757687,0.13457888730095918,0.27964908705989894,train,False,319
3,400,c,0.0627558820685575,0.06278204448819111,0.0748621060940327,0.07340359600861944,0.07334037774243932,0.5732928056034611,train,False,319
4,400,d,0.006458472502550898,0.006463424191988173,0.007130206498411391,-0.0021726187915785643,-0.0021745133316352395,0.011549658242634386,train,False,319
5,400,e,0.1859247818902866,0.18765107921942384,0.26207702326642224,0.15289910574200583,0.1543145274032019,0.32664329900268796,train,False,319
0,100,c,0.06266797284144342,0.0626723837055556,0.08601715789283318,0.0541644988725038,0.05415925446211915,0.3159828034967271,train,False,320
1,100,d,0.0045460175932523815,0.004546224839697735,0.006088064133434296,-0.00639585023454103,-0.006395407258497148,0.037753492186141,train,False,320
2,100,e,0.21554805326292914,0.21555657916455156,0.2853180899593555,0.09018673007694236,0.0901981296934537,0.4582949428844175,train,False,320
3,400,c,0.08223192323092732,0.08223530236667387,0.1060821916160245,0.04292591071705275,0.04291893686529655,0.9698670013814109,train,False,320
4,400,d,0.007323442123331244,0.007328564385721766,0.007202279663585235,0.006524003538445644,0.006520921560884787,0.041696654966548084,train,False,320
5,400,e,0.2227084920152086,0.2227267320335302,0.3029672204107977,0.15604019936159305,0.15602975050319443,0.31697507123629426,train,False,320
0,100,c,0.07081244355979628,0.0707999207129913,0.09063022615457554,0.061919224105223235,0.061876998253385905,1.0567096679238148,train,False,321
1,100,d,0.0045266453885356266,0.004526668164731001,0.0072541646612743205,-0.015417382224349794,-0.015417564827383733,0.012322480710352898,train,False,321
2,100,e,0.24850943967497366,0.2965027772881582,0.2784683112701942,0.06130331776804159,0.06363076767656846,0.41361681120671334,train,False,321
3,400,c,0.08463882338996764,0.08101477125954824,0.08021103072040829,0.11510171977805043,0.1158992973209162,0.7818163042637783,train,False,321
4,400,d,0.007921681563955518,0.007924846361531282,0.006944039047335376,0.014134039523203797,0.014133775672034722,0.04750132906118448,train,False,321
5,400,e,0.17859607599973418,0.178705836230106,0.2743292627728979,0.1464551284634681,0.14645182594350406,0.30780315156348054,train,False,321
0,100,c,0.07828391295870527,0.07044352055176664,0.0958856365332503,-0.05278164902274014,-0.05395056500627632,0.8017445937367499,train,False,322
1,100,d,0.0023466789296956725,0.0023468041636281185,0.004728843645192623,-0.007243229631097296,-0.00724369811338029,0.08713519651239147,train,False,322
2,100,e,0.19309480895426742,0.1930982567538301,0.26280536827881634,0.14476164514140233,0.14475602767169515,0.2716352633379004,train,False,322
3,400,c,0.06659837255701462,0.06659197361525661,0.0860301467101895,0.09131187637213778,0.09130204326022387,0.8514647208012022,train,False,322
4,400,d,0.004537695366188799,0.004538103484194892,0.005130588715326059,-0.010138619498097103,-0.0101390392927234,0.0430157086335182,train,False,322
5,400,e,0.17529727019769986,0.17529613995058846,0.28644069856169846,0.17856267792355035,0.17855688459361788,0.28384248127873,train,False,322
0,100,c,0.08700762583666202,0.08703868256134605,0.08846713223406422,-0.01107578242264708,-0.011083039418439498,0.24640787687561996,train,False,323
1,100,d,0.0061379298788112125,0.00613809001685976,0.004874773356224153,-0.014651520598258881,-0.014652089938563293,0.09526193309225083,train,False,323
2,100,e,0.17122182344612097,0.17114366880927018,0.2804362215416374,0.1358030500085242,0.13579696340359404,0.288905717122445,train,False,323
3,400,c,0.05813049589220098,0.058094747270075346,0.08549899967605688,0.10375084474394712,0.10375101002789365,0.5557119477897458,train,False,323
4,400,d,0.004845262702624117,0.004837273627214208,0.00531675862735732,0.006663847092274509,0.006661729622186616,0.0727679175916972,train,False,323
5,400,e,0.17995583955016825,0.17995660763612642,0.2918682435323737,0.14856722595985625,0.14856970870256034,0.33650567449182966,train,False,323
0,100,c,0.061584300116847214,0.06159465037042334,0.0679356010323082,-0.07965547805330075,-0.07969322424629433,0.3077278699699202,train,False,324
1,100,d,0.03171658557952134,0.03172619692985419,0.0073419689900868475,0.005378284803818883,0.005376856051345325,0.014095729533706046,train,False,324
2,100,e,0.20401273026581904,0.20095509305776432,0.227000989511999,0.1352377214287664,0.13434121815682618,0.3722325293343819,train,False,324
3,400,c,0.06090371702705934,0.06048489781906838,0.06367664705833077,0.060060965730571285,0.05901829280707354,0.6549446882199536,train,False,324
4,400,d,0.00465214723324173,0.004652146716416526,0.004478125610718994,-0.0052099051650563765,-0.005209981224491358,0.044418594916471044,train,False,324
5,400,e,0.17621391887627877,0.17621422587276023,0.2894299010396463,0.1488289778232099,0.14882683040676625,0.30570202917700356,train,False,324
0,100,c,0.059263094704867916,0.059316094514968914,0.07652857827401806,0.03975025146182659,0.03967912475077085,0.599950747821941,train,False,325
1,100,d,0.007627283372191305,0.007630451593787141,0.005404950656675635,-0.008733529722058436,-0.008735593896481415,0.04584442493441882,train,False,325
2,100,e,0.1110459401962263,0.11105012402448605,0.18548897015076604,0.10025344253608086,0.10024985496482128,0.3355146991993504,train,False,325
3,400,c,0.05743695364185372,0.057437681779735544,0.07649156376944005,0.057238753066860396,0.05722771869516805,0.7399910990276192,train,False,325
4,400,d,0.005127232773747384,0.005125999968661605,0.0057873394682626525,0.006231961829012764,0.006231995448526391,0.056470176280446795,train,False,325
5,400,e,0.15167938313778126,0.15180356421077826,0.2409614866192033,0.14618007763892238,0.14617073623077972,0.35989227374278365,train,False,325
0,100,c,0.21034371964760645,0.21044425893686663,0.17043583307006588,0.0613436363884491,0.06130856451535145,1.2912611363745017,train,False,326
1,100,d,0.012479528711751136,0.01248046028529501,0.006569095498206726,0.00816887060096203,0.008168432336763462,0.1606360974482747,train,False,326
2,100,e,0.1955074904224778,0.19549123560250448,0.29520464134398244,0.1306386314708502,0.13063293692921543,0.33524901598396584,train,False,326
3,400,c,0.08831091018199383,0.08830929713279329,0.11726335797006096,0.08141151514005053,0.08142642192541906,0.5663511654993321,train,False,326
4,400,d,0.00786770707430669,0.007867576206239749,0.009530356651335406,0.0003988874338169346,0.00039836223471457544,0.05439754631038758,train,False,326
5,400,e,0.20604907630655445,0.20604773628235518,0.2478978139303,0.1474865783111524,0.14747304681498605,0.27119217071857393,train,False,326
0,100,c,0.060087177193125986,0.06009085899643447,0.06357486469500036,-0.016912600725781816,-0.01691431527558997,0.5317397642761627,train,False,327
1,100,d,0.03797469877061338,0.03797510312227669,0.014931908256628136,0.023653040349893874,0.023652080256293822,0.08560768739532984,train,False,327
2,100,e,0.3521649053277902,0.3522114275017719,0.3666455125105104,0.09871747822073708,0.09871805268812295,0.3013179741816546,train,False,327
3,400,c,0.053967941730249824,0.053967487052545504,0.07645188688351208,0.04905445651561493,0.049051840904201144,0.43774519484924845,train,False,327
4,400,d,0.0058642391428368615,0.005863948760992075,0.0067511310084762645,0.01563943659609036,0.0156403243982013,0.14242621855112364,train,False,327
5,400,e,0.16781315583244605,0.17069081158382754,0.2574598048064033,0.17838217072960538,0.18166714174422438,0.3200131856401661,train,False,327
0,100,c,0.10926673022989265,0.10927558655138851,0.06930951133300978,0.11267973304769356,0.11266403379699114,0.856994664140156,train,False,328
1,100,d,0.011379629800651658,0.031102698899911522,0.00725915782922713,0.03177233292967307,0.025798248571815653,0.04223836305204772,train,False,328
2,100,e,0.2210497261435445,0.22107038035315404,0.3040112456655965,0.16575943308577457,0.1657524251777661,0.30944692216502157,train,False,328
3,400,c,0.05226965780251994,0.09243323961991447,0.08836074450899163,0.011387126471010731,-0.012153639786847848,1.157637304678316,train,False,328
4,400,d,0.006103545675169356,0.006105206780153597,0.005198955043013058,0.015273280522739761,0.015272821708695651,0.034975963164632876,train,False,328
5,400,e,0.18088664981871408,0.18089849970786676,0.3055458947607798,0.16863908148294698,0.1686280359898629,0.3170150248157688,train,False,328
0,100,c,0.0746218853099539,0.07463142396030974,0.07496288870677628,0.13022718271359388,0.13021205930313307,0.6933292388103459,train,False,329
1,100,d,0.01689230148725904,0.016892578461033047,0.009946486220248211,0.004037033278121367,0.004035548780668669,0.007402353477651324,train,False,329
2,100,e,0.20002645172518554,0.20002938034649265,0.2537871503898697,0.08026341145134637,0.0802530021391636,0.3046648402411752,train,False,329
3,400,c,0.06209034125798952,0.06056848068903701,0.07915527976868732,0.012212990207482548,0.012048000862667366,0.6652549042701287,train,False,329
4,400,d,0.004428777592508314,0.004425387747620084,0.005200783951684574,-0.0017583494879116301,-0.0017664819314958536,0.025201667758324983,train,False,329
5,400,e,0.12934889471212896,0.12934047889450281,0.22020700204564797,0.1613114625889098,0.16130668496315123,0.32907983161293536,train,False,329
0,100,c,0.050653615027791504,0.05065368695298101,0.07634751450374498,0.07740159110116288,0.0773996564010006,0.6775882678212592,train,False,330
1,100,d,0.016678500711757596,0.0166863651331803,0.01125006924859822,0.009625362731500999,0.009623960804983405,0.014063787946555167,train,False,330
2,100,e,0.23260053791370544,0.2325261397721015,0.3187525198239638,0.1603734577387662,0.16038086675487112,0.2911463113807647,train,False,330
3,400,c,0.06946276344523185,0.06946477662281744,0.07613362752634917,0.09139157783567108,0.09138885021378222,0.4671266690531614,train,False,330
4,400,d,0.007466611931142983,0.007468906419040584,0.0083874394443245,-0.016582241599890413,-0.01658452741593198,0.01249455332936769,train,False,330
5,400,e,0.19903398524174484,0.19916446212287628,0.28104413528855104,0.1595383880327703,0.15952795641979428,0.5204017353332399,train,False,330
0,100,c,0.06790693627340878,0.06790864454195243,0.06411135762423281,-0.1371666892204212,-0.13717089230792526,0.3791261312409127,train,False,331
1,100,d,0.013667559526024463,0.013670109033228404,0.005524357098451458,0.018633363315110254,0.018632821394613048,0.045478405476134076,train,False,331
2,100,e,0.1801747644584982,0.18167676313938863,0.28853335598909813,0.07942721287184945,0.07959671222529507,0.7604536047621479,train,False,331
3,400,c,0.05704700013704103,0.0879785594556747,0.08704441860686622,0.08100923230018608,0.0668756906370112,1.0312147006092394,train,False,331
4,400,d,0.0053246611535671265,0.005319209507556274,0.006312870061251049,-0.0025318539634450765,-0.002533317311528158,0.01163167219954893,train,False,331
5,400,e,0.20646874631980175,0.2065430484335698,0.2750449528212817,0.1573338433689017,0.15732589240982145,0.31034846550141265,train,False,331
0,100,c,0.05823373488848693,0.05822019793256449,0.09386426992145257,0.09427053431340454,0.09425450501338248,0.710018064388758,train,False,332
1,100,d,0.008978239490759814,0.008978349073121726,0.007318007960199066,-0.025908560103657444,-0.025908838562130294,0.022370534964171237,train,False,332
2,100,e,0.17434393351022426,0.17425502575912655,0.25816343423764276,0.10835629049905851,0.10834325384224744,0.374762046963333,train,False,332
3,400,c,0.06425878644169167,0.06424209735639622,0.1080044333922895,-0.0013399842542575159,-0.001389087708608301,0.3414005554569408,train,False,332
4,400,d,0.004789771695812021,0.004789792009358713,0.004860749435099681,-0.00028367406628220236,-0.0002837906651965838,0.1148807772035036,train,False,332
5,400,e,0.15378393951893857,0.15428521398535575,0.2881048964663646,0.15025455319587494,0.15019196285356068,0.3211946958057894,train,False,332
0,100,c,0.11578063106318716,0.11573177346981948,0.07093128593862512,0.055022838024910994,0.054946803962256964,0.8934797636660712,train,False,333
1,100,d,0.005477566369657525,0.005477569258689608,0.005877339193187824,-0.01150303934019629,-0.011503253130588718,0.02288721930927638,train,False,333
2,100,e,0.24568127807330026,0.24580239649535524,0.29190362823077903,0.09082100490742696,0.0908102975265797,0.3504015719935141,train,False,333
3,400,c,0.08706199321021497,0.08768411420234642,0.09033346214827612,0.04248519875005812,0.0422834443735438,0.9174887784768418,train,False,333
4,400,d,0.005569975708455213,0.0055699953024689695,0.005613420910342329,-0.005672704366141321,-0.005672773732263856,0.12103403434982785,train,False,333
5,400,e,0.17972624883853322,0.17960382825249366,0.22999713099236618,0.13449045616043076,0.13448005431267884,0.31131251510398883,train,False,333
0,100,c,0.07113296117990435,0.07113454228124982,0.10114699804139089,0.042467215180487086,0.042464258736230324,0.25046086739558787,train,False,334
1,100,d,0.003515129613671496,0.003515005568707561,0.004428293581975209,-0.017707423484945615,-0.01770714363519959,0.09502399746680129,train,False,334
2,100,e,0.20737778983886815,0.20741225670714647,0.19704003394924668,0.09987520222547587,0.0998617878854143,0.33390425950100094,train,False,334
3,400,c,0.058674209164858715,0.06531220661069365,0.08907559639256236,0.022364957633166968,0.017074310283468962,0.7826746349829398,train,False,334
4,400,d,0.004898245547688914,0.00490038315581983,0.006017908917764428,0.0006067086748274875,0.0006018206682103511,0.035519938120956294,train,False,334
5,400,e,0.1752802657440555,0.17392690708837616,0.274158827386808,0.1653718152341971,0.16509861162967063,0.31795379739490426,train,False,334
0,100,c,0.10549589758663074,0.07586602594192489,0.10717215799509586,0.13568011098220872,0.14231205578700745,0.5552185330116535,train,False,335
1,100,d,0.0589221306995388,0.058897682171015896,0.008094809220682717,0.02795024276179442,0.02794558455170673,0.1346219427843797,train,False,335
2,100,e,0.19733773569190366,0.19609141995680182,0.2684130581693063,0.10307390320714671,0.1034356790604576,0.3039449107324338,train,False,335
3,400,c,0.09892195434099602,0.09879242432004569,0.08985695908643111,0.01472776161795963,0.014752621390192929,0.9223337967477004,train,False,335
4,400,d,0.00583215063251491,0.008894819603333437,0.0058939103901706645,0.014565522471430318,0.012844363750881698,0.06100814684305084,train,False,335
5,400,e,0.17813773497690277,0.17843648065685758,0.2459672389427432,0.14956676128868715,0.14960200607820567,0.3509928982110157,train,False,335
0,100,c,0.11899425390146291,0.11900607926008705,0.0781415115047984,0.035093368617160225,0.03508262322097771,0.2761341863101546,train,False,336
1,100,d,0.01397588394231642,0.013964830951659688,0.012773940947177542,-0.0003585326264689037,-0.0003596349068077842,0.023690295263088537,train,False,336
2,100,e,0.26675890595247886,0.26673701693683677,0.2910294216500148,0.07557735014856995,0.07557079507834737,0.28694791257814123,train,False,336
3,400,c,0.06529773610716609,0.06531004807185145,0.07229567793644488,0.06333694736222718,0.06332960536841085,0.46698278061603354,train,False,336
4,400,d,0.006587871800032452,0.0065880246157358855,0.007582672668841527,0.00821196350082273,0.00821172638182821,0.12375669119344035,train,False,336
5,400,e,0.18824535277005747,0.18823811151962244,0.2597421735369301,0.15420036972875892,0.15419243038113464,0.3798153170073371,train,False,336
0,100,c,0.055363317045235165,0.047989946429325234,0.06773091626701737,-0.02132312034072271,-0.027158645720433156,0.5757893209301006,train,False,337
1,100,d,0.006108010084226039,0.006108160452883577,0.007309909780265986,-0.01044671407175695,-0.010447211068651239,0.02873158123329283,train,False,337
2,100,e,0.15133260851893543,0.15132280191257722,0.23707537376104235,0.08348540227551897,0.08347643754585082,0.30591443350560826,train,False,337
3,400,c,0.05366182783328008,0.053661850192285,0.07103128353106652,0.060857969966028234,0.06085483995321475,0.7626029054809653,train,False,337
4,400,d,0.007417442013287471,0.0098991096977867,0.008137948700285147,0.003825585333995747,0.002617414137046321,0.06625055742402383,train,False,337
5,400,e,0.21013126048507594,0.21009967680577957,0.2774843831560961,0.1462095311918853,0.1462006872303776,0.3362579213759354,train,False,337
0,100,c,0.055152506010399206,0.07073167971604587,0.07156947340448752,0.06809230060895011,0.06548201023326101,0.7224212839636857,train,False,338
1,100,d,0.008500033088020225,0.008514194762325402,0.009396628119163499,-0.006933569161725224,-0.00693950083693645,0.012444289555471198,train,False,338
2,100,e,0.1827616774655808,0.1827578556916836,0.2149446410457313,0.12945097071100875,0.12944375070031974,0.2951040879084883,train,False,338
3,400,c,0.05306123841353582,0.05306142607298104,0.0744857088550055,0.05394251671071288,0.05394025886345119,0.43699316140515143,train,False,338
4,400,d,0.027587932310462013,0.027604501019239835,0.0055854752889854704,0.015784606553956113,0.01577723077359348,0.13821208365593018,train,False,338
5,400,e,0.19416468753329766,0.1941424613412231,0.26172362326627074,0.16971322553769683,0.16970523478503238,0.32927419015507925,train,False,338
0,100,c,0.10475969225925631,0.10481035063934219,0.12177574762304012,-0.008690009334074204,-0.008695044919284243,0.2601970408030374,train,False,339
1,100,d,0.007043951562041235,0.007043906594001518,0.007655188179598241,-0.04427228659544932,-0.04427282287471137,-0.03378350394081615,train,False,339
2,100,e,0.14922513280207675,0.14923118149100922,0.1687540399994342,0.09346583572237811,0.09345490303416043,0.28913126682088086,train,False,339
3,400,c,0.060618649048474554,0.06062051520574054,0.09523635809957577,0.023340331906725142,0.023319534396742583,0.5360793928089281,train,False,339
4,400,d,0.004771454577059102,0.00477147916732598,0.005603744783598352,-0.015802670239449573,-0.015802685619206277,0.09906587119762462,train,False,339
5,400,e,0.1896580361150867,0.1926838874365643,0.2653934209092881,0.15835257191900923,0.15890351700136024,0.29927460034889203,train,False,339
0,100,c,0.1354651475568044,0.13549433034310193,0.12527521774956005,0.035555141252378915,0.035557756186931896,0.7642512656061383,train,False,340
1,100,d,0.06559782481044867,0.06561651981286082,0.01863746360427595,0.001652327319977136,0.0016456960720813108,0.10189780814024456,train,False,340
2,100,e,0.3561963672831164,0.35625021307926047,0.33048689510134094,0.012396227148925689,0.012367461779746769,0.2503296668149688,train,False,340
3,400,c,0.04667432800702876,0.046659436032141004,0.08441053851344614,0.07165323920175325,0.07166295875844568,1.0718163541339576,train,False,340
4,400,d,0.00672122465920269,0.006721358584332111,0.00881338186721109,0.012687766241422888,0.01268760883124763,0.07587775382071651,train,False,340
5,400,e,0.19947988131678776,0.19948519290263303,0.2864653618194228,0.16117734599337646,0.16116710973895543,0.28680206422027044,train,False,340
0,100,c,0.06361405148979828,0.06359839380289443,0.09694752495496713,0.0325087876258096,0.032500321405957634,0.4854789424380966,train,False,341
1,100,d,0.004194886314452198,0.004194808138712256,0.007214784352567001,0.0019099130448505263,0.0019097708937339953,0.021745323988902304,train,False,341
2,100,e,0.14808904190332103,0.14813507937286446,0.23482989362146722,0.16135711376654335,0.16134887264118206,0.2856909221124671,train,False,341
3,400,c,0.06379728070026387,0.06386148336320006,0.07707906908877513,-0.037634146036848434,-0.037675865927717565,0.518899028254522,train,False,341
4,400,d,0.004798703139537999,0.01259006428671586,0.0053621375227931355,0.007616853420146157,0.0036321097336681164,0.04130682791622132,train,False,341
5,400,e,0.16441892433001862,0.16446203036805207,0.2680265254283814,0.15960855331099275,0.15960341475409962,0.28373847975147126,train,False,341
0,100,c,0.13793566691871248,0.13792088882176526,0.08803003656789307,0.054186340642469945,0.05417978090811204,0.554987534904352,train,False,342
1,100,d,0.0077626644700448276,0.008381444990365887,0.010390035677934307,-0.026430306485023022,-0.026637824766234088,-0.023486724501110903,train,False,342
2,100,e,0.223460913102557,0.2232035513341675,0.28625109367464185,0.1902746245611671,0.1902724952628838,0.34792180989897736,train,False,342
3,400,c,0.05694920883526094,0.056949181249884816,0.0750064782827702,0.0018222537973941399,0.001818355306230899,0.4278779170807238,train,False,342
4,400,d,0.005660962524423654,0.005671557042674382,0.005912436634623292,-0.002910483912654982,-0.0030030980278597675,0.03857396522789292,train,False,342
5,400,e,0.20328313868065123,0.20329987586254686,0.2628052341023938,0.13133571187668971,0.13133439675112604,0.4187871470712598,train,False,342
0,100,c,0.06535040202195998,0.06534790043554627,0.07278122485807573,-0.005695729186105965,-0.0057009276599887925,0.5251461739558535,train,False,343
1,100,d,0.01937175699980495,0.01938885131819209,0.009813016827840974,-0.014665705704362129,-0.014669584020787383,-0.00876703126637123,train,False,343
2,100,e,0.2720122133002068,0.2720491524490109,0.3089642663098459,0.15602949838506228,0.15601874115857833,0.2735768535984749,train,False,343
3,400,c,0.09264449857244239,0.09269443809415615,0.10431986969000268,0.049249301680588504,0.04923706479422357,0.2805524236843485,train,False,343
4,400,d,0.006927410434848511,0.0069275654904001034,0.005973516183625873,0.014219911504969325,0.01421973274647078,0.0986178722204557,train,False,343
5,400,e,0.18888631917499168,0.18872027519242343,0.3014094557835121,0.16588399607903653,0.16596227813323922,0.2977183105705865,train,False,343
0,100,c,0.08062484046186108,0.08062100772870125,0.13171316149784013,-0.11372283935723694,-0.11372328587913977,0.589235596840727,train,False,344
1,100,d,0.0023671157551076348,0.002367093001876521,0.0023627467193785344,-0.017630391303165977,-0.017630823500012518,-0.01695593556901125,train,False,344
2,100,e,0.16994858899373813,0.16991592895130023,0.26055440040565686,0.08738044150612595,0.08737768896038624,0.3612748562342887,train,False,344
3,400,c,0.07749252863312618,0.0782780072084377,0.10645846080788982,0.009699423704088304,0.009531516708556965,0.945221009940077,train,False,344
4,400,d,0.018559880035895305,0.018569075600726473,0.007623190535193269,0.0019553632117318464,0.0019509680280369501,0.008578262138330217,train,False,344
5,400,e,0.19038692459699139,0.19036650104754782,0.24725044473421354,0.13326792983391664,0.13324136130632766,0.32088092082383374,train,False,344
0,100,c,0.05337981947324126,0.053382415356696515,0.06566479144501204,0.035887054531308,0.035884231900344336,0.432354056616737,train,False,345
1,100,d,0.006829516919065228,0.006829479526876711,0.00849921403607625,-0.010793811652009282,-0.010793739377323846,0.05445885304196995,train,False,345
2,100,e,0.20755289601022653,0.23787111303566724,0.31251943896100753,0.13162826063324276,0.15436847355291264,0.26255780960383845,train,False,345
3,400,c,0.05997469866336577,0.05997627293717065,0.097819138803744,0.01629927193889813,0.016296922575837414,0.37198313996496046,train,False,345
4,400,d,0.004064644142153905,0.004064573962809285,0.0048538556541151134,0.003082431236508185,0.0030821632286562738,0.09147414653595316,train,False,345
5,400,e,0.17951049333957525,0.17952095929254264,0.30107521877476656,0.1423328880726495,0.14232803112052025,0.3205481351092492,train,False,345
0,100,c,0.19683989493327037,0.1966988779385075,0.06464398896855021,0.0639171702037197,0.06386676244353304,0.31940162612921374,train,False,346
1,100,d,0.03597323552084955,0.035982139534004524,0.009052592718580076,0.00020776162335069516,0.00020731273136503247,0.014658561508757516,train,False,346
2,100,e,0.18212390150738603,0.18109122929868562,0.26406887087571335,0.13204064830421658,0.1312744124494858,0.30798628396736205,train,False,346
3,400,c,0.06013388831407921,0.0601886009074649,0.07409301987257107,-0.05028588216263714,-0.05036215842412453,0.4276566651559483,train,False,346
4,400,d,0.006716455378769221,0.006715736392462073,0.006667683198355773,0.006002718258652884,0.006003556298873889,0.04203587320347006,train,False,346
5,400,e,0.17942252396325364,0.17943591299213002,0.29804446717702293,0.15333459211919329,0.15332572997429192,0.3307480793724683,train,False,346
0,100,c,0.08311727397630612,0.08311784630400915,0.06491094664491592,-0.07904629085010641,-0.07904721592671742,0.9751390003458889,train,False,347
1,100,d,0.03640023980035553,0.03298556609749775,0.009043607485223381,0.010495670791252997,0.012140749773859927,0.02628768822823865,train,False,347
2,100,e,0.29323029522422306,0.2932169045481767,0.26106800584891166,0.08975995619431011,0.08975363155353314,0.32930298213482245,train,False,347
3,400,c,0.060046871792615926,0.06087236999674126,0.08154998560677443,-0.00209143811905669,-0.002177295554687646,0.24163659740605964,train,False,347
4,400,d,0.00446987920814016,0.004469925887876945,0.004924713973324281,-0.012769212800729157,-0.012769713551794766,0.002418583223242425,train,False,347
5,400,e,0.1364192236952032,0.13650932140064673,0.22572754809376164,0.15665296546912405,0.1568190107705922,0.30605285322605214,train,False,347
0,100,c,0.07920075743099664,0.07912763246360592,0.06613928146128933,0.12585645010203272,0.1258446748627049,0.9417533383802169,train,False,348
1,100,d,0.004773638326917385,0.004778416532280728,0.004121847447988967,0.007134528807665142,0.007134296235427833,0.012766606832655611,train,False,348
2,100,e,0.16418401929621715,0.16420889586568002,0.20384688944029325,0.15475437393856223,0.15474432846003008,0.30308774923565956,train,False,348
3,400,c,0.06629354255098659,0.06632869889488802,0.06294715969415017,0.04049514827617862,0.040458209659601965,0.40784678676147273,train,False,348
4,400,d,0.009019267250971652,0.009021417730389796,0.006526984168042756,0.00985695694151966,0.009856334541702,0.06259513432711673,train,False,348
5,400,e,0.17887587237345212,0.1788777168461382,0.29813227876999643,0.16656317226323566,0.16655878817479738,0.36256577412926133,train,False,348
0,100,c,0.23037124382339122,0.23198146442781084,0.17407890207622945,0.003377701862070097,0.003342382784229372,1.3827102503052018,train,False,349
1,100,d,0.008075890855863197,0.008075876297540027,0.00877019865730281,-0.020665353016672387,-0.02066564801150136,-0.004934598912834964,train,False,349
2,100,e,0.2316956634514212,0.2316674716851685,0.21279122995826236,0.08148091406965169,0.08146811871930008,0.279772173375052,train,False,349
3,400,c,0.06414265086856318,0.06413903251609807,0.09193590340793227,0.04799145525390373,0.04800039715402761,0.47596121507878375,train,False,349
4,400,d,0.006889825666451196,0.006898740071561851,0.005213143150706261,-0.0039678750067058035,-0.003973249747105428,0.030953061001743373,train,False,349
5,400,e,0.165719999680779,0.16697391516723012,0.23766106148298277,0.1802372216902305,0.18035996954660238,0.4162931728357353,train,False,349
0,100,c,0.052318238078975066,0.05231461777777846,0.07365453143710268,0.08182933979722208,0.0818318933958561,0.8521989473193498,train,False,350
1,100,d,0.0051415010510787095,0.005141380591132755,0.005243280200047471,-0.009634513765312214,-0.009634844662450952,-0.00700350521635741,train,False,350
2,100,e,0.20258739671280243,0.20297805447386238,0.2540015635639536,0.11956150551942812,0.11735138713789332,0.31952016621407453,train,False,350
3,400,c,0.05960447543042734,0.05956177717967085,0.0843489974711855,0.02559603899244273,0.025587883331689768,0.7928308940863218,train,False,350
4,400,d,0.005716978045986083,0.0057368759441362134,0.0060106520362932184,-0.0031361027761022163,-0.0031430856243534677,0.0525426066659791,train,False,350
5,400,e,0.1959010558185577,0.19380484732233158,0.298650227325554,0.14186345375886247,0.14655696690238457,0.32826345266940293,train,False,350
0,100,c,0.09748456143066077,0.09749023757667398,0.10514446734543892,0.08811344868088256,0.08810393493778072,0.46713101798111667,train,False,351
1,100,d,0.02094882606239503,0.02094723927524452,0.02137415868625621,-0.015612516044440224,-0.015614829199266255,-0.002670756646890435,train,False,351
2,100,e,0.21666827953194046,0.21670168138272727,0.23002229003795296,0.1252514079434404,0.1252422719454198,0.2598999745141895,train,False,351
3,400,c,0.058103256544415526,0.05810201258549994,0.09211398040943834,0.01573977488401198,0.015738755692767798,0.41451347330570376,train,False,351
4,400,d,0.010319171494367998,0.010303445732539274,0.010469985020296195,0.01475101273189555,0.014747590013291631,0.15721011912730226,train,False,351
5,400,e,0.18400982080344166,0.1836258221310109,0.31125822922596225,0.1734199535605108,0.17381796927933132,0.33398363620839566,train,False,351
0,100,c,0.0708634484390245,0.07087499924756707,0.08936268992255564,-0.0551002722641794,-0.0551277337087474,0.33873810406702537,train,False,352
1,100,d,0.0056982946043725,0.005698398012408294,0.0052538173608811965,-0.03753380594001676,-0.037534401254202446,-0.003528159356128704,train,False,352
2,100,e,0.22565020799752308,0.22579464838698637,0.24987417165779477,0.02217029731343807,0.022166247392464877,0.41668808005979024,train,False,352
3,400,c,0.05543674151526638,0.055437366429108896,0.07978060490811612,0.06780994796524553,0.06780789144744347,0.559249571292892,train,False,352
4,400,d,0.01026643472323336,0.010233886468779025,0.009685292898480621,0.010535574443976578,0.010530298181885663,0.013838607553286711,train,False,352
5,400,e,0.1974724841736053,0.1974736165428527,0.3076188607032943,0.17943848453962713,0.17943195734777295,0.2851994142443697,train,False,352
0,100,c,0.10613467168633832,0.10674384229352764,0.056417242246880724,0.04063872207225352,0.04063948175793818,0.9219356815832745,train,False,353
1,100,d,0.010498871562456323,0.010500000256211603,0.011462830039451977,0.016396153184701206,0.016393856417982564,0.06300494786487915,train,False,353
2,100,e,0.2190694543757804,0.21907420027479596,0.25470204492756177,0.1408857994269541,0.14088637061757825,0.33234347431471845,train,False,353
3,400,c,0.055723915269507984,0.0557250400350636,0.08511551866178035,0.027271584021526466,0.02727633434226661,0.555493453023256,train,False,353
4,400,d,0.006765458313163114,0.0067379125621302395,0.005859928440121592,-0.00032607117514235287,-0.00034664758783065964,0.022141218866132562,train,False,353
5,400,e,0.19484758419223291,0.19455756801121535,0.329655871036265,0.1509607951245567,0.15091577246057125,0.35566804637917604,train,False,353
0,100,c,0.07796971630293223,0.07799130570331467,0.10583755302122055,-0.038514721802057325,-0.03856673471979953,0.30412872444100186,train,False,354
1,100,d,0.0034164370002524288,0.00341696251054829,0.005312684666817776,-0.005968742865685357,-0.005969144883791451,-0.001971491387079727,train,False,354
2,100,e,0.2344861804762762,0.2345274182489754,0.2969659749940231,0.12894002795427434,0.1289304554244027,0.2982108093056642,train,False,354
3,400,c,0.05908019970910848,0.09043036918175489,0.08491525198696584,0.08981037279387899,0.07697502974894967,0.7821887544740309,train,False,354
4,400,d,0.008518103967068842,0.008518096524049432,0.009074653590268253,0.014197042358371093,0.01419675053044637,0.055564511632157886,train,False,354
5,400,e,0.2094793144499138,0.20949565298305473,0.30082183567498655,0.1682421389185435,0.16823887951785935,0.31242380598417346,train,False,354
0,100,c,0.058818970336816385,0.05881744271086346,0.05623209839851993,0.010077841315954288,0.010060422902698249,0.5263756993516173,train,False,355
1,100,d,0.0059739806744806626,0.007314085139332829,0.006153213510176414,-0.02560870600227224,-0.026223057547400723,0.037841244182747306,train,False,355
2,100,e,0.24024419264529712,0.24022740301187542,0.308639993560279,0.11435948721183657,0.11436627561563753,0.3091807693830968,train,False,355
3,400,c,0.10799093249606687,0.06056718806817064,0.06752635709184396,-0.011434897910741527,2.908958723047306e-05,0.2507388284418336,train,False,355
4,400,d,0.00680993320608648,0.006813920589234624,0.0075682557121334185,0.014900495976885591,0.014898434700820662,0.10611678609004413,train,False,355
5,400,e,0.1707119105332583,0.17073523625549597,0.2604841739772217,0.15145407191628874,0.1514410499082194,0.34325134575561217,train,False,355
0,100,c,0.1612488658789318,0.15930450757398412,0.12124447068739377,-0.040144950556655346,-0.0402724649411892,0.8642851114357848,train,False,356
1,100,d,0.03026917508542773,0.030267042587797093,0.010321856018389303,0.01787853253821977,0.017875119196114397,0.22731760742987064,train,False,356
2,100,e,0.23697762396831268,0.23696261117474302,0.31838487366646506,0.12728952544163163,0.12727762793854383,0.35610291383053183,train,False,356
3,400,c,0.05529115319538711,0.055292635268043,0.06393486106559369,0.068593971264781,0.0685903887574284,0.612118212321942,train,False,356
4,400,d,0.010243707755372235,0.02111376099378802,0.006510870199855785,0.01702695174770051,0.010689568955186211,0.22270287422968754,train,False,356
5,400,e,0.18608023730863896,0.18601711368301033,0.2971586445165962,0.15098454550442306,0.1509822746485456,0.34657111786846895,train,False,356
0,100,c,0.055620021230953706,0.055717212989764196,0.08160078036507563,0.0501506467921638,0.05013938069611534,0.4695135855609029,train,False,357
1,100,d,0.007705155812307517,0.007705152356712691,0.006520121070898539,0.008543775188391684,0.008543696473040185,0.05358116873027074,train,False,357
2,100,e,0.1759981068429349,0.17600146239959252,0.24905796475693595,0.13822039467834976,0.13821538310435239,0.2555715608650956,train,False,357
3,400,c,0.07451675119640719,0.07456415734809474,0.09283673406321967,0.045503737007521465,0.04548244305273741,0.56235872867351,train,False,357
4,400,d,0.008502296229900614,0.008501890326180013,0.00892339155783085,0.01045258755982509,0.010452963871804588,0.11468503348471572,train,False,357
5,400,e,0.1918450869220491,0.19181016826109307,0.3112861436060988,0.16877005576680382,0.16876443694867568,0.30589009954287205,train,False,357
0,100,c,0.053856018803714614,0.05385543952058916,0.07188474893750386,0.06479978671545034,0.06479611997592975,0.42399397970256897,train,False,358
1,100,d,0.01997129766807256,0.006589363501591594,0.006832000677598907,0.010225557328076108,0.016602131692723444,0.04249616681924197,train,False,358
2,100,e,0.39513141592326206,0.3950686522177729,0.46101313979532293,0.09937709525465252,0.09936436168224518,0.3916843107132121,train,False,358
3,400,c,0.05372626990770431,0.05377370813859193,0.07097898177125973,0.07112250174224101,0.07107569194638196,0.5963463733562478,train,False,358
4,400,d,0.009803936346294279,0.00980876299149934,0.008190800544342925,-0.005382193447688924,-0.005384860311569675,0.016774517652603845,train,False,358
5,400,e,0.19724462797326733,0.1981024246252125,0.3161638126975188,0.15086644290201856,0.15121055067846972,0.3774304090915968,train,False,358
0,100,c,0.07263584435017284,0.07264443856512279,0.06964833730580106,0.04738759191329315,0.04738160422586184,0.6444188492181457,train,False,359
1,100,d,0.00562857739162252,0.005624773362963354,0.0064699985181740005,-0.003081501012735828,-0.003081199356973308,0.05849644011970174,train,False,359
2,100,e,0.16320063905183546,0.1597594191942671,0.2366132739069382,0.144250097991146,0.15469582139718205,0.2517783908697865,train,False,359
3,400,c,0.08082550703246934,0.0808588860505598,0.08897812251885777,0.07943421262399973,0.07942026505937591,0.6160698572115585,train,False,359
4,400,d,0.006119583482043659,0.006119344042889221,0.005806611518665194,0.012700061952385084,0.01270062064388357,0.15832612044940458,train,False,359
5,400,e,0.18045074813197765,0.18043700782699829,0.2490183985139857,0.16761299137193905,0.16759645445806076,0.304743701677469,train,False,359
0,100,c,0.05523743280461415,0.07296715737358724,0.08233827782843331,0.008329020980576304,0.003845196261569015,0.8101642910583906,train,False,360
1,100,d,0.008143949603358352,0.008144164495800004,0.006933446787193919,-0.020978047560078678,-0.02097854015800195,0.09112308429378033,train,False,360
2,100,e,0.17547047955987224,0.17547152724366602,0.19460194781141804,0.14692255145639466,0.14691945466428366,0.303261663397098,train,False,360
3,400,c,0.06264589324525228,0.0622426318415443,0.08893748356387722,-0.02445715810643918,-0.025694659176022015,0.30737416604426526,train,False,360
4,400,d,0.007068061751250859,0.007070325235168527,0.009818780567049096,0.0025549837444300396,0.0025547159580617596,0.00294583420934222,train,False,360
5,400,e,0.18963158018275703,0.1896014706159021,0.28285194874454367,0.15990078216044581,0.15988837539901504,0.33387142253925417,train,False,360
0,100,c,0.051219988443914885,0.05121869368488234,0.08539210482027519,0.021563478694077178,0.02156244595625509,0.17558616042474567,train,False,361
1,100,d,0.008632624500033409,0.008632579369571647,0.012810237486432587,0.004163097840073888,0.004163300578100504,0.1244511814532247,train,False,361
2,100,e,0.20908019772061656,0.20909685442992426,0.2705455083248834,0.1379806253982781,0.13797499852619446,0.267278887727997,train,False,361
3,400,c,0.056502121252477444,0.0565038476870989,0.07370561172527394,0.04218017631056256,0.042176180586498475,0.6137689512808057,train,False,361
4,400,d,0.007888215797610308,0.007900035388164616,0.006837775126267777,0.003709570298661262,0.003706529374876446,0.07927644204637238,train,False,361
5,400,e,0.170386733186262,0.1704159395231465,0.298991473236011,0.1742811606932296,0.1742763195276438,0.3226804737553967,train,False,361
0,100,c,0.0600145385353431,0.05998333935953328,0.09419639272175427,0.027829905985781025,0.02772941117676048,0.7410555319738696,train,False,362
1,100,d,0.004087648657716446,0.004087746196577673,0.0043534159173153125,0.014222696306179632,0.014222449783934117,0.05567809014167775,train,False,362
2,100,e,0.1898715641214103,0.18591624456477757,0.23535982826778754,0.10348790297634636,0.11822229165775078,0.26862315099777445,train,False,362
3,400,c,0.06313343606014248,0.06331624657414789,0.07036522255064143,0.10132838252134939,0.10127908974589155,0.6552697393137877,train,False,362
4,400,d,0.0040653385208585585,0.004065411492455343,0.0043571137243259,-0.01834765964578228,-0.018348038064832917,0.05080438196960358,train,False,362
5,400,e,0.15791822286202475,0.1579261232872119,0.23898085382538756,0.1613052049456716,0.1612955261400705,0.3225315428921497,train,False,362
0,100,c,0.10914155080414861,0.10923129030331732,0.05637630211152974,0.032146476976102394,0.032139219736606606,0.6416926434586179,train,False,363
1,100,d,0.009390179256699304,0.009390225492590602,0.007109405407820264,-0.01882280453317538,-0.018822794399885545,0.12493485090536584,train,False,363
2,100,e,0.2515047911140641,0.25151070098827566,0.30376577037235913,0.09155552365241214,0.0915472195042603,0.330204116088874,train,False,363
3,400,c,0.05624909874295407,0.0562420731062414,0.08671206023073776,-0.021515592284024335,-0.021524619543171326,0.4876216685174228,train,False,363
4,400,d,0.006215701606298183,0.0062228822901591015,0.0060812727374309995,-0.00661626136000093,-0.006619694167930294,0.030904965452751672,train,False,363
5,400,e,0.15366727950908218,0.15159427583929042,0.24937046218341233,0.14732956491990679,0.14666161538371156,0.3132740338968016,train,False,363
0,100,c,0.0857947232164115,0.08567744385367776,0.07416299054349278,0.02921094485327302,0.029198147701018442,0.5838200978179395,train,False,364
1,100,d,0.008208310801477285,0.008294068116934073,0.010939197301607854,0.004161395066875322,0.004305256390360537,0.013629599908956838,train,False,364
2,100,e,0.276882595264526,0.2991125719161405,0.4171743111081294,0.13734356918444193,0.14031058597096205,0.32426862567290743,train,False,364
3,400,c,0.06129395923087607,0.0613888276117568,0.07708606043580962,0.06490447448760044,0.06485238284629453,0.40261722538145195,train,False,364
4,400,d,0.006870832521739736,0.006155368359664265,0.004603131633649492,0.003106524428326338,0.003266456918127503,0.04292048420289813,train,False,364
5,400,e,0.17868999960507773,0.1786955847977308,0.297706322353696,0.17736927666820612,0.17736566648613958,0.31024234002806517,train,False,364
0,100,c,0.08392441708600624,0.083799521914297,0.08167127216872143,-0.0461060321425196,-0.04612313971501031,0.18199572884175544,train,False,365
1,100,d,0.09444621457106508,0.060421837811895716,0.07316317871873008,-0.003788089540855122,0.020148021913345283,0.2983341157267324,train,False,365
2,100,e,0.3108061442833396,0.3108308632946177,0.2935650185858045,0.09893006262514106,0.09891747468633526,0.3037165916518958,train,False,365
3,400,c,0.06573303449648091,0.06542076014560219,0.07041344775457588,0.03463587560579079,0.03462857122724309,0.9645502410524608,train,False,365
4,400,d,0.004264688021902104,0.010687341783046405,0.009893766220679301,-0.010345245322499252,-0.015897936798216748,0.03236572346547094,train,False,365
5,400,e,0.17704177434467813,0.1770569821394811,0.2426371364072126,0.12541576342586302,0.1253999662698785,0.3029898722330414,train,False,365
0,100,c,0.08438273961023236,0.08401421322247268,0.09129222972965689,0.08795319253643982,0.08784656658265184,0.49534871482846604,train,False,366
1,100,d,0.0041239173385307975,0.004123985880357273,0.005668356154179567,-0.017670210666754987,-0.017670505258322252,0.026512161095043004,train,False,366
2,100,e,0.19407574580293166,0.1939918261345387,0.22528455501482558,0.11442225656068956,0.11441799580441987,0.31105567802268486,train,False,366
3,400,c,0.10445176412053897,0.10447746338649998,0.08640236711693806,0.11056685516211062,0.11054839333204058,0.6171130647582725,train,False,366
4,400,d,0.006838922865803891,0.0068509723398738065,0.005934970343062196,0.010011851123991562,0.01000515863801981,0.03524651782724101,train,False,366
5,400,e,0.21255288949966356,0.21201134876692684,0.31175496101685546,0.18480589087595903,0.18427364780995575,0.3080832255513993,train,False,366
0,100,c,0.07042926673399356,0.07043123787924299,0.06653150463797813,-0.11555927208162459,-0.11559112508464466,0.3154884755917047,train,False,367
1,100,d,0.012014428472083926,0.012014857539853652,0.010228099121530282,-0.007789111482902875,-0.007789525135233842,0.01643877527539585,train,False,367
2,100,e,0.16208689518688693,0.1620796842512533,0.27614721803799314,0.14684714885576022,0.14397527981762182,0.33711672126439673,train,False,367
3,400,c,0.06208404027890436,0.07179102677040755,0.08183662006973164,0.022656321773520033,0.01830122139852037,0.4440226938655216,train,False,367
4,400,d,0.012406581946226984,0.012401826304086159,0.010091392461747983,0.004099484417290888,0.004098445397545856,0.07141286365636823,train,False,367
5,400,e,0.18099883808506093,0.1810067246092541,0.26528449425708567,0.1607173003978342,0.16070458223359452,0.3267878045522595,train,False,367
0,100,c,0.06687690004469841,0.066902701541376,0.08190995803504347,0.022627966748622726,0.022616490239050293,0.6559047730611729,train,False,368
1,100,d,0.0041808548281929495,0.004179658185194114,0.003248199984900121,-0.0042646054257883745,-0.004264931939983132,0.0039547424436691255,train,False,368
2,100,e,0.1801947574872142,0.18018976409570317,0.2586146207053145,0.12817106476642715,0.12817444771981273,0.3170950885343204,train,False,368
3,400,c,0.06686401216785286,0.06689951635394453,0.07230043183076683,0.11132947634473006,0.11129472650531148,0.8589059788343729,train,False,368
4,400,d,0.00712771345868083,0.007120685336174219,0.00728711591425198,0.007414530438709992,0.0074079749658272935,0.061703886920416784,train,False,368
5,400,e,0.20877606698902426,0.20774312944006681,0.28432793482693003,0.1499926600978028,0.1518072374217263,0.3260742224207928,train,False,368
0,100,c,0.0565146912401517,0.05651124801545395,0.0606429281688258,-0.03843097149316243,-0.03842981252001877,0.7442648017919601,train,False,369
1,100,d,0.008777377737450819,0.008775682657302268,0.007906759764777822,-0.0027800876250671713,-0.0027814596225792876,0.01933375879622506,train,False,369
2,100,e,0.20948125321911726,0.21453460998003865,0.20308212605905956,0.011511595215762931,0.020625617732347515,0.30391724364602785,train,False,369
3,400,c,0.0645759720988171,0.07551465324229707,0.10247925675051482,0.0211375476518495,0.014784085269729203,0.7650377347439559,train,False,369
4,400,d,0.00525529214288971,0.0052551968750084175,0.007600996054161206,0.0026974581181681855,0.002697211069015282,0.046076106218391644,train,False,369
5,400,e,0.17637507700126434,0.176367543280328,0.24760335314007828,0.1629626249696505,0.16295733581264985,0.30419312474065097,train,False,369
0,100,c,0.139915398244436,0.14010795024593917,0.16058206375505688,0.08241809284681921,0.08240744684375911,0.31689380876314205,train,False,370
1,100,d,0.007530177347461301,0.014455205871273557,0.013748086286165686,-0.032828372386543465,-0.03631349354691118,0.014431197025236334,train,False,370
2,100,e,0.18721353599147902,0.17827564635234247,0.1699782044356292,0.0838058038871587,0.09808753853612104,0.2812330290565723,train,False,370
3,400,c,0.05417499678005174,0.05417534449040381,0.07544205522801489,0.017150251074994856,0.017144501796361736,0.6463042358483077,train,False,370
4,400,d,0.004514687053029567,0.012501955764441892,0.005885429154920879,0.003929332978162119,0.00039659099535032993,0.061112533249800316,train,False,370
5,400,e,0.19637644568325122,0.19640329259812928,0.284420697568817,0.15746193445141604,0.15745423928149815,0.3648033909962256,train,False,370
0,100,c,0.06387047704696744,0.06386663918029518,0.1073771401132155,-0.022293350865403027,-0.02230047113666714,0.4830036795024337,train,False,371
1,100,d,0.0089702910292147,0.008972923319458674,0.008103859557613596,0.00783079135264284,0.00782914953524351,0.06344999836955019,train,False,371
2,100,e,0.1648239984146028,0.16481434918757176,0.19235666383599667,0.11466444391985502,0.11465411289022218,0.3070498936144468,train,False,371
3,400,c,0.06116437334335787,0.06123600684401623,0.07299061959282217,0.047890509723515606,0.04782942993606383,0.9520524572477078,train,False,371
4,400,d,0.004492987285120606,0.004493155993641456,0.005912086135947664,-0.00568164474178456,-0.00568189381318108,0.029783059916858735,train,False,371
5,400,e,0.1998604960016598,0.1997487810424836,0.27592883135427737,0.14476072278685947,0.14474729168540662,0.3368202850252717,train,False,371
0,100,c,0.1426058946948242,0.14263161304359265,0.10987147691383209,-0.00581528333428146,-0.005825295008996108,0.64712927970521,train,False,372
1,100,d,0.033234940767336296,0.033237497999171375,0.01395369279097247,0.029108489609691156,0.0291067370733089,0.07899974482615256,train,False,372
2,100,e,0.28598136156992476,0.28599061903689404,0.3936532666782261,0.12016578634950363,0.1201605521223118,0.2871812199267128,train,False,372
3,400,c,0.05061042736557707,0.05061043634336418,0.07426271794752633,0.006017143831187966,0.006017127809162304,0.4730240883414086,train,False,372
4,400,d,0.004331159854343113,0.00433164174375781,0.004635745720710925,-0.007810486877836134,-0.007815494244837603,0.02948878291914397,train,False,372
5,400,e,0.19275000843945414,0.19275232263264935,0.26383161920589954,0.1687320896641441,0.16872552568481639,0.3189661550820401,train,False,372
0,100,c,0.06270075077019967,0.0626985309594578,0.10392710721730282,0.06118764144420645,0.06114969511065944,0.8428797419964562,train,False,373
1,100,d,0.004181279319937938,0.004365032028195043,0.006009235502681005,-0.0047554027694270045,-0.005136167378614758,0.020626276630298524,train,False,373
2,100,e,0.22559450630429911,0.22561006868776737,0.23947613781518257,-0.014199419622957557,-0.01420261697437848,0.5349744071151707,train,False,373
3,400,c,0.06514451812363378,0.06512568892776922,0.07964252228160591,0.13081730885088105,0.13081673449706885,0.43711996301699385,train,False,373
4,400,d,0.004202800714783409,0.004202836581713234,0.004628037606316563,0.007899422667231733,0.007899186864858621,0.03343838521545194,train,False,373
5,400,e,0.1859983470320867,0.18696270508108498,0.28021155189080177,0.1790357437207596,0.17929951242326334,0.28632856390889067,train,False,373
0,100,c,0.07227997336404517,0.07226633782168838,0.08920867125919223,-0.02936920431207085,-0.02937751258340015,0.2643228228678351,train,False,374
1,100,d,0.02303871630111262,0.023036760066312986,0.02248556585076313,-0.00037435959056777437,-0.000375357287606537,0.05111324095377093,train,False,374
2,100,e,0.1731213828793194,0.16133639387096746,0.26430841710872566,0.15274693191835437,0.1681175153506229,0.2857849891187581,train,False,374
3,400,c,0.05855384082934325,0.05855169915139559,0.08259826395820254,-0.0052133038626858055,-0.0052156986628984475,0.4999138862952319,train,False,374
4,400,d,0.004519742935086641,0.004519816870497691,0.005791912960075837,0.003511376356489624,0.0035111580225123083,0.048919678290870225,train,False,374
5,400,e,0.17681924520382053,0.17681480373352218,0.24896465610345178,0.16334583238158523,0.1633395202440518,0.35164263190129363,train,False,374
0,100,c,0.07317437348493666,0.07319061690449283,0.06282218608694812,-0.08510143579514065,-0.08512942176549906,1.0351092489383442,train,False,375
1,100,d,0.004531222152086489,0.004530882843133437,0.004495661833399789,-0.021461617154524326,-0.02146206708369892,-0.021423883271099592,train,False,375
2,100,e,0.1621409315051185,0.16214483760352214,0.22340800243254577,0.0891976663782986,0.08918700928988833,0.304121167090517,train,False,375
3,400,c,0.05763299628277022,0.07459918274131684,0.07859674151081104,0.0812823618157359,0.07114516337608251,0.8515018849918039,train,False,375
4,400,d,0.011242882020123463,0.011243602877599441,0.009041052907493543,0.015208013935179654,0.015206963779619258,0.1059264374832014,train,False,375
5,400,e,0.1892853996762241,0.18910077615741228,0.30208107675246604,0.17366815246858516,0.1736621735569734,0.3051166121396576,train,False,375
0,100,c,0.08126676192634952,0.08126337730823723,0.07799640319402344,0.10458834179681419,0.10458184677880908,0.47392265685510643,train,False,376
1,100,d,0.008892716523642598,0.020302237226668,0.009904747632014625,0.011080243273987982,0.008470633112707873,0.021973066589718825,train,False,376
2,100,e,0.17669960285200706,0.17580267018720439,0.1992076881283104,0.1361163051179328,0.13604473416469426,0.332112000768379,train,False,376
3,400,c,0.05598712376963303,0.05598828752956977,0.07508133085498958,0.0637575777779324,0.06375507700133902,0.4772656273598866,train,False,376
4,400,d,0.004705064769831393,0.00477381780186936,0.004497315904943331,0.0027746291554765178,0.0028282632724865486,0.044709985377666614,train,False,376
5,400,e,0.1835643421915159,0.1851408967443319,0.23165687727201745,0.1508552638458486,0.15126566669720157,0.323627232661896,train,False,376
0,100,c,0.21237897651226992,0.1662078331501829,0.16248942979887115,0.11627803827162068,0.12320331261035442,0.6334973243717932,train,False,377
1,100,d,0.039843871322677506,0.03986320248571462,0.03077698356567385,0.01212987603332543,0.012123674929850897,0.02412589415045195,train,False,377
2,100,e,0.20554995036711798,0.20555277629934182,0.2721229679929918,0.14508871195595668,0.1450864425362464,0.2855675501144788,train,False,377
3,400,c,0.061592717582643716,0.061640995654192274,0.08084204467981233,0.05307964867464527,0.053041236119541466,0.7355992409542739,train,False,377
4,400,d,0.0061782688760410945,0.006166443661569565,0.006896929056921961,0.02013173008686815,0.020118902264050824,0.2102149642018672,train,False,377
5,400,e,0.19694540886598808,0.19694408826804088,0.28374277468914033,0.16558883715988246,0.16557825840365595,0.2930607108993626,train,False,377
0,100,c,0.1544148598142854,0.150398167775002,0.11883506382737061,0.02834159075939681,0.02804309326932895,0.90892319409868,train,False,378
1,100,d,0.004997302826781881,0.00499777980765147,0.005494146304714821,-0.0019592457710476195,-0.001959769394169477,0.032661253729034084,train,False,378
2,100,e,0.16290828989958675,0.16578700017713413,0.25228837360259715,0.12979673358417668,0.13085997310124686,0.37454850645057064,train,False,378
3,400,c,0.059010664185124774,0.059011913497204124,0.09176720763711006,0.03569248226066101,0.03569463284939481,0.36048903625291084,train,False,378
4,400,d,0.004705585610453026,0.004705620993296601,0.00514288743328475,-0.0035743238744155546,-0.0035747069095594776,0.053814082686985766,train,False,378
5,400,e,0.16624899698722537,0.16629263939676697,0.25692993075218123,0.15066255535072057,0.15065283765063026,0.375878040383515,train,False,378
0,100,c,0.08305798545592231,0.08305816669945162,0.10208227718293453,0.028571148897708697,0.028568906683465515,0.300052778820761,train,False,379
1,100,d,0.0071959673814386334,0.007196047221116394,0.01063105423880421,-0.016091168444917515,-0.016091588027948765,0.04573226874700117,train,False,379
2,100,e,0.256576449071596,0.25660238424745435,0.20731034417525046,0.09073809469632174,0.09074668006173134,0.45554993290132734,train,False,379
3,400,c,0.05472425296341373,0.05472285677224684,0.07396648707442069,0.018260929958516102,0.018257007072277957,0.48261310187045303,train,False,379
4,400,d,0.0060800170431118735,0.006080090757508858,0.006634973147309125,-0.008682037098371414,-0.008682250827833507,0.014420975021314071,train,False,379
5,400,e,0.16865148720327927,0.16861909682858034,0.23201819873696755,0.15643009613308465,0.1564180774582365,0.3426125043111392,train,False,379
0,100,c,0.1288313613177144,0.1288210095593926,0.10782148094194781,0.18584495028802964,0.18585612319972852,0.7666999990664435,train,False,380
1,100,d,0.010081904809677729,0.010077017181778312,0.008768483656044936,0.01908040858441087,0.019082653222541275,0.1458010103991624,train,False,380
2,100,e,0.26114226495288784,0.26115026111751055,0.3347588689559962,0.10984003067131096,0.10982587864827718,0.29959353420749113,train,False,380
3,400,c,0.0698164765395692,0.06979288321007744,0.09687306098030507,-0.01101944231665172,-0.011047205622469605,0.3312939131938934,train,False,380
4,400,d,0.007320402094299585,0.0073357682114524305,0.008018180780689926,0.009462658052265418,0.009455501119318033,0.09516847270413008,train,False,380
5,400,e,0.1795094301397833,0.17941627439283014,0.31603603427981397,0.1570198551289515,0.15701350141830156,0.3219679026345474,train,False,380
0,100,c,0.07524334778668221,0.07527820746865027,0.0775255809825529,-0.03145185296754675,-0.03145821488459184,0.204172282657197,train,False,381
1,100,d,0.0045646269824778825,0.004564705027933799,0.004812542523847186,-0.02821515604176149,-0.028215844474159726,0.007212577274578766,train,False,381
2,100,e,0.21060853365336127,0.21057117389709534,0.2284129333587042,0.07907588516030038,0.07906746190101437,0.31936619058898136,train,False,381
3,400,c,0.05738176282272812,0.057379113490232524,0.07938867353574357,-0.0018598657813446806,-0.0018613207347165429,0.42003362876925465,train,False,381
4,400,d,0.0037116933849885734,0.0037117068976953425,0.0041857489963493,-0.00639247725633954,-0.006392526454736967,0.04407583959273406,train,False,381
5,400,e,0.16727065942598213,0.16721423504546656,0.2748443631112279,0.16076049218130894,0.16075335179003208,0.29031345557506716,train,False,381
0,100,c,0.07900913555558092,0.0918336260254509,0.07354853740854264,0.15042940114529826,0.14152187435284205,0.6082641587749213,train,False,382
1,100,d,0.0057370491773548115,0.005737129258686321,0.006289756428539637,-0.016249978910127753,-0.016250216671776185,0.05864870587019139,train,False,382
2,100,e,0.18340439694759778,0.18608000381688186,0.24637721364400036,0.1418347399555352,0.15314678597595424,0.2380701907088956,train,False,382
3,400,c,0.06326794034932263,0.06327070469535281,0.06497785629133021,0.013395249265960274,0.013388485865122278,0.7150534746818172,train,False,382
4,400,d,0.007269104153494688,0.00727003210699575,0.0047144984116304625,0.0038610223829834214,0.003860526041374932,0.03221100669973813,train,False,382
5,400,e,0.2094355796399965,0.20942124803162582,0.335596975293266,0.17785471999733865,0.17785881083263236,0.3439619437882176,train,False,382
0,100,c,0.09529788866937267,0.09531019864737993,0.06563959000736477,0.03928439648177374,0.03928101802031058,1.0875963151235541,train,False,383
1,100,d,0.03522617860378145,0.03545305025171258,0.026603125747680992,-0.004059348721342673,-0.004064338171813642,0.041777497421577436,train,False,383
2,100,e,0.24607494846206715,0.24608910765926084,0.30874622377123473,0.12353666681107552,0.12353234637003571,0.28015457356704515,train,False,383
3,400,c,0.07831756085650306,0.07836482742390942,0.09411894135683337,0.06385389211159784,0.06383172082261616,0.871003272092978,train,False,383
4,400,d,0.015604007586970791,0.015605224300238942,0.004794039626416449,0.009355086681592866,0.009354660392290146,0.12366972574590125,train,False,383
5,400,e,0.17005082652653905,0.1692309295937534,0.25048674564043594,0.1456655678725401,0.14664070243190408,0.3272765894215796,train,False,383
0,100,c,0.07479432829904781,0.07731150762075605,0.11562173463613033,-0.06259701687655231,-0.06243810904076199,0.3523611858123956,train,False,384
1,100,d,0.02664542654576268,0.026651714513945227,0.008187033693618109,0.01884689533221053,0.01884539066732412,0.20525798759830963,train,False,384
2,100,e,0.1875575406150298,0.18757944659916184,0.19217939880893867,0.09405347439357811,0.09404520904232648,0.2763176297998368,train,False,384
3,400,c,0.061910798602531125,0.061915274032681863,0.061740073472776436,0.04217640590095826,0.04216911971442101,0.821477289625183,train,False,384
4,400,d,0.005083994587756109,0.005091041350041594,0.004525795689659938,0.0067354723633343385,0.006733716646114321,0.0705555037779513,train,False,384
5,400,e,0.1868213768494692,0.18686215878513135,0.36278942832054417,0.16754780720546314,0.16754733613577663,0.327436455301017,train,False,384
0,100,c,0.0836530547985706,0.08380853021833849,0.10198004756892581,0.0866355546931419,0.08662928471711595,0.5905775792639583,train,False,385
1,100,d,0.013459000308968062,0.01345917524580158,0.013692795192062847,0.029342473312810816,0.02934196534731461,0.08343865068461767,train,False,385
2,100,e,0.24640916989659897,0.24640865291764247,0.27177366236097933,0.12390597681151935,0.12390052196551221,0.2956389158085504,train,False,385
3,400,c,0.06130447037985918,0.06130855454977659,0.08097555155513332,0.06795961107860507,0.06795609848451654,0.7851801146355202,train,False,385
4,400,d,0.007767188271444967,0.00740587478206113,0.004686620187937738,0.01936301647192762,0.01943956321326736,0.09110350393814431,train,False,385
5,400,e,0.1739532976210565,0.1741624695414693,0.272802834150634,0.15701038394968095,0.15705741217869168,0.3394337603523922,train,False,385
0,100,c,0.08797163669539114,0.08800084274965439,0.0958972832756422,-0.017957234853378454,-0.017962749182826983,0.23428597411845437,train,False,386
1,100,d,0.00684461941168549,0.00698441854134764,0.0074865853390564405,0.009497732833388674,0.00958970351055763,0.11587143043815291,train,False,386
2,100,e,0.152423626104181,0.15241370939088075,0.2540527177072439,0.19859091124077055,0.19858801619628721,0.2811536151227249,train,False,386
3,400,c,0.05478820242999842,0.05387911364970883,0.07691535169323784,0.03677134779048778,0.037005498289878175,0.5585897109446575,train,False,386
4,400,d,0.005252211097598195,0.005280923181310376,0.005757864911604805,0.00021789313433931312,0.00020861167673874803,0.014391821109954144,train,False,386
5,400,e,0.17810043146071222,0.17753550874211105,0.2755128086865961,0.17246488134918983,0.17341854222411968,0.2861969656535269,train,False,386
0,100,c,0.10904742271008656,0.10889123052253254,0.1709644504414301,-0.09705306936738843,-0.09705160389274127,0.10750653242398435,train,False,387
1,100,d,0.005476728256801571,0.014916141383056998,0.005703572255118587,-0.022295613694093604,-0.024762800006909523,-0.004987648715275448,train,False,387
2,100,e,0.19595850543055096,0.19598954110112893,0.30375145092970035,0.12762986772112211,0.1276234368399617,0.28863314461773726,train,False,387
3,400,c,0.05477662437934655,0.054689603897314594,0.08244511186503434,0.06720434022673288,0.06714492338256613,0.6815858514267792,train,False,387
4,400,d,0.014527909632889852,0.014539270434339677,0.01323767420463669,0.006387044399325905,0.006381595218279372,0.04785348266409864,train,False,387
5,400,e,0.19094807286189358,0.19137235076346865,0.26191680265095363,0.17223704704427115,0.17229951047870365,0.28208472615742686,train,False,387
0,100,c,0.16518151892890715,0.16532751566491297,0.08201962174601413,0.11170078630913899,0.11166244145569351,0.861841346627867,train,False,388
1,100,d,0.017486597399626186,0.017495665829044212,0.012264618695028604,0.02196449529638805,0.021960781865663144,0.06047657540965123,train,False,388
2,100,e,0.21870464942872772,0.2186649115102777,0.31627148692541046,0.14520975412957599,0.14519959876713232,0.3289076947232287,train,False,388
3,400,c,0.05342848611037497,0.05342712472095267,0.08111843174011883,0.0512191659069255,0.05121869278613567,0.44325721017361785,train,False,388
4,400,d,0.005093608896256183,0.005093510996554994,0.006591928763205142,-0.00029559063955977296,-0.0002955565065758137,0.08981466798532871,train,False,388
5,400,e,0.16691089289306663,0.16689796985524602,0.256453635470282,0.15411635818342878,0.15410226234265334,0.32093004168262573,train,False,388
0,100,c,0.12192474685330548,0.12164310541913738,0.08746601183362206,0.13967824501062154,0.139678028111298,0.629200925889039,train,False,389
1,100,d,0.011694458300850879,0.011694485179324659,0.012965386174713186,0.00021087124400992252,0.0002110018764247279,0.0771699982645835,train,False,389
2,100,e,0.26225306519227276,0.2621476297022934,0.2929025806409493,0.14033016717721344,0.1403218489553651,0.22229426448713177,train,False,389
3,400,c,0.052683269649491604,0.05268348060661844,0.0611727241587453,0.05225119097940748,0.05225181331098426,0.7633174158926679,train,False,389
4,400,d,0.0093285603484491,0.009328745990414554,0.007263841375981283,0.01643275400626587,0.016432378720744118,0.022811718556470115,train,False,389
5,400,e,0.20113147211962099,0.20120191684053856,0.326896193197732,0.16492261844616796,0.16491684196138923,0.3332428403890539,train,False,389
0,100,c,0.12234042591978861,0.12234709457296454,0.08604593011651548,0.07435872432815607,0.07431140872431861,0.699414116419907,train,False,390
1,100,d,0.015639620705435387,0.015639733398064168,0.012743598027345324,0.019418682742471632,0.01941825127660527,0.07063547000468758,train,False,390
2,100,e,0.21539141075465945,0.21539878163401383,0.35210168661443647,0.17679406581361798,0.17678625840679096,0.2600679373394089,train,False,390
3,400,c,0.054815274571687805,0.05469968991665697,0.08252901969702797,0.0015880747638324522,0.0015586217128654312,0.3767166666457254,train,False,390
4,400,d,0.007753959485739418,0.007754478963239384,0.008599737380524702,0.012286974475268444,0.012286306925579176,0.05278945333850906,train,False,390
5,400,e,0.18335513151240249,0.1833660663951938,0.2744875892405475,0.1546054875995206,0.15459548991984895,0.38418025531134314,train,False,390
0,100,c,0.06441250489128213,0.06441952063857637,0.07849466408463784,0.06704301060328134,0.06702815342102042,0.7662294914910204,train,False,391
1,100,d,0.01122626454470824,0.011226800150664606,0.006310236087039503,0.013593544519906011,0.013593392430450884,0.09888428728049993,train,False,391
2,100,e,0.2575416641447261,0.25754551303779194,0.391885829743515,0.1753872130020339,0.17538064908370726,0.6399243012763106,train,False,391
3,400,c,0.05477724469031146,0.054775683609446235,0.07728542639932638,0.037194843667754614,0.03719145971136413,0.6089709997692959,train,False,391
4,400,d,0.003718040408517928,0.0037181287955014553,0.0037377078340106455,-0.014866259493372596,-0.014866627369217317,0.026082111365195733,train,False,391
5,400,e,0.15398212051691634,0.15400462780691282,0.23804680077669652,0.15260554066893803,0.15259192964588322,0.33167813312909017,train,False,391
0,100,c,0.077132680413341,0.07713032292223279,0.11890434053087713,0.12211806133469288,0.12210672587483977,0.6733710250085094,train,False,392
1,100,d,0.019539221279858698,0.019540837177153027,0.02381367886060637,-0.024280783591048873,-0.024282907913993804,0.05096359105873036,train,False,392
2,100,e,0.23008882011624907,0.23006676496079093,0.2646755323266291,0.09979282017078951,0.0997797571441339,0.30751131224041656,train,False,392
3,400,c,0.06527315215283645,0.06527474302937793,0.10129212996674632,0.11202137940860801,0.11203674352012677,0.7615836653746072,train,False,392
4,400,d,0.0070703319587449845,0.007070246416117056,0.008162713275092935,0.0007662487774249449,0.0007657878638002202,0.003385272617616106,train,False,392
5,400,e,0.1808182614255324,0.18081749378837791,0.27288964766118556,0.1702917344838992,0.17028382218353522,0.3084946244045081,train,False,392
0,100,c,0.05412911627673291,0.05414151879676674,0.07556963834029115,0.06037807628878447,0.060375070775344285,0.5731757400394432,train,False,393
1,100,d,0.02943770077317396,0.029443109225239274,0.013519242597555723,0.010914230476798075,0.010912735530180467,0.11689161545844005,train,False,393
2,100,e,0.2363850189173192,0.23643375212338338,0.2774902577276407,0.12110604391238447,0.12108995720414086,0.25461220704399534,train,False,393
3,400,c,0.05376200038269535,0.053863251481185655,0.07250019344870066,0.027502123781411855,0.027438594840212504,0.44468829930220577,train,False,393
4,400,d,0.007477221525692634,0.011813138572316735,0.00941797349790333,0.007980346358542754,0.004790060745446923,0.05940725133399639,train,False,393
5,400,e,0.18769322389988755,0.18768909002868564,0.25156947872717605,0.17800990929109736,0.17799857020096752,0.31996087495700437,train,False,393
0,100,c,0.055183426272663025,0.05518511017822206,0.10082415792212272,0.06406804496786264,0.06406332558657254,0.6000586195960097,train,False,394
1,100,d,0.004707213358826001,0.004707210118965021,0.004939651609527968,-0.032816722033093645,-0.03281705178074814,-0.021096896612616833,train,False,394
2,100,e,0.13380997645684936,0.13380404570137905,0.19478561322714844,0.10956122327217493,0.10955474549766159,0.38231295205127336,train,False,394
3,400,c,0.05092254647917338,0.05099331540292283,0.07754206442092991,0.03683888914611551,0.03676292468468205,0.7913205466948182,train,False,394
4,400,d,0.003993659998731536,0.003993755111421506,0.004624290570945675,-0.0033684944024269647,-0.0033687010998206014,0.013963797067859822,train,False,394
5,400,e,0.1985836000968347,0.1985933693546003,0.243640498420532,0.14245842175956533,0.14244775086713873,0.3562613726873046,train,False,394
0,100,c,0.10606689794197409,0.06315727933183216,0.07936890975603306,0.10368585472723432,0.11677373995647124,0.29875923751302147,train,False,395
1,100,d,0.004932220245080992,0.00493216775232321,0.00931349509103601,-0.005315769847318102,-0.005316083653611141,0.03771644580447088,train,False,395
2,100,e,0.22272907552287743,0.22271932031993721,0.2602512986455259,0.13797113772110692,0.13796020939524517,0.3483430540808819,train,False,395
3,400,c,0.06325371894034246,0.0633691189906395,0.08959439558992038,0.05256105470616724,0.052535750196244,0.830690611718625,train,False,395
4,400,d,0.006465863504047517,0.006464924660635038,0.007978052278220264,-0.006771471990149305,-0.006774407921190484,0.010489900247797994,train,False,395
5,400,e,0.19836447643399474,0.19802170506782668,0.2584747439579833,0.16187125305076236,0.16187917717338507,0.3156857604921137,train,False,395
0,100,c,0.11284132929987804,0.11290421827003536,0.13675218786133045,0.1090326958071887,0.10901735578046796,0.463214610416248,train,False,396
1,100,d,0.005410124132631947,0.005411112452187804,0.008751553898828101,-0.0008077812652970451,-0.0008082007182841266,0.027539452067208446,train,False,396
2,100,e,0.27600124839896806,0.2759938722746769,0.30276547234212864,0.13788471608889816,0.1378787156480501,0.28340053896944917,train,False,396
3,400,c,0.07726664232935165,0.07728575822606683,0.08716388154991409,0.04442217825749111,0.044410266894941944,0.9011192726828865,train,False,396
4,400,d,0.0160268116714424,0.008722651440196006,0.006839218960202147,0.0039049669640196785,0.011140496123755313,0.1280053587915287,train,False,396
5,400,e,0.1952472192490211,0.19523082077163983,0.2903533019308806,0.17102132053367147,0.17101771590177495,0.30957155778721956,train,False,396
0,100,c,0.06649544152643476,0.06669333518310668,0.0868518807059796,-0.03414259920207499,-0.0341525722024268,0.403063958841077,train,False,397
1,100,d,0.005040911745739645,0.005040970379332595,0.004876233506987174,-0.01519914649958249,-0.01519961148085388,0.017835779273575856,train,False,397
2,100,e,0.15597752119828998,0.15596207949595223,0.316469362433623,0.11971134322975104,0.11971469502262444,0.34453381803765304,train,False,397
3,400,c,0.06692052591430685,0.06694160614342887,0.08556573308808332,0.010228103266261286,0.01020600052487339,0.49911798790414197,train,False,397
4,400,d,0.004515279878708956,0.004515334739578887,0.0053870801355546645,-0.0243661219547322,-0.024366491132818097,-0.0018506295783622306,train,False,397
5,400,e,0.17150216417036912,0.17233222484129754,0.2402690526097124,0.12213952605354664,0.12319445476062513,0.38907907181279017,train,False,397
0,100,c,0.09360589930788948,0.09361573601659914,0.08927082308175448,0.03638504083385882,0.03637790356171884,0.68481490057878,train,False,398
1,100,d,0.003979967328546655,0.0039787671278155,0.005067473070075894,-0.008579591727778144,-0.008581506130201984,0.008099011467363243,train,False,398
2,100,e,0.16528517134867704,0.16528896732993417,0.317921185010606,0.14609771316155368,0.1460897347793496,0.30525294865764524,train,False,398
3,400,c,0.06494640522572932,0.06494788174315003,0.07707932970672113,0.09377562973651692,0.09377212309550899,0.5358700170922297,train,False,398
4,400,d,0.006186196557075144,0.0061934356668542564,0.005549189165209997,0.007255159299627856,0.007249107205076637,0.05887323373967284,train,False,398
5,400,e,0.2092862268346584,0.20924146581340314,0.26391150738843905,0.16073577608127085,0.16072745789107953,0.3377265226363528,train,False,398
0,100,c,0.05840746202521609,0.05841055913861587,0.06467740648208872,0.08414389126298652,0.08413918851251126,0.4016726790161482,train,False,399
1,100,d,0.008797203028650544,0.008794727380542246,0.009331534708860143,0.011891629131321454,0.011890802208450318,0.05904335366765753,train,False,399
2,100,e,0.19811882066164346,0.19806004307036798,0.2531670740392317,0.10519841021806194,0.10518757269830509,0.3299840101919063,train,False,399
3,400,c,0.06246278366552338,0.07546260574739067,0.06642879293840641,0.08741725741257199,0.08105360295975465,0.9627588847965177,train,False,399
4,400,d,0.005593405079421601,0.005593406902912021,0.005731345488939835,-0.014642359920439905,-0.014642417582751435,0.04274253324685894,train,False,399
5,400,e,0.2004283458028867,0.20043031955524157,0.3229214274746461,0.16954304850153334,0.16954044441439814,0.35494626111866884,train,False,399
