,n,experiment,MSE_misspec,MSE_NPMLEinit,MSE_NPMLE,SURE_misspec,SURE_NPMLEinit,SURE_NPMLE,data,NPMLE_lower_SURE,seed
0,100,c,0.0483733631873791,0.04837427336308748,0.09925286123035068,0.06334078265907188,0.06333536304766874,0.7481119747899391,train,False,800
1,100,d,0.007713424278326724,0.007713519183396745,0.011406300719541535,-0.03211354250337964,-0.03211413398538131,0.01880024605470503,train,False,800
2,100,e,0.19745749442338462,0.19746917521826857,0.19036429580343447,0.07046417911148112,0.07044624175469856,0.25797766981964876,train,False,800
3,400,c,0.051356483829196685,0.0513685843814645,0.08386015488593648,0.03617866354721798,0.036190929072196384,0.7628688422962935,train,False,800
4,400,d,0.00484898147924644,0.00484994779446345,0.005079618200157712,0.0020636385028479686,0.00206338152036885,0.1448551323396144,train,False,800
5,400,e,0.18250345057148704,0.18251176505485325,0.26364618957537134,0.13329597767682685,0.13328649831890155,0.32953005339250874,train,False,800
0,100,c,0.06438530092614837,0.06438927379545761,0.09237011314214996,-0.06692384148191238,-0.06692695274187024,0.3310813412518773,train,False,801
1,100,d,0.004261070323170356,0.009084045946804127,0.005178862475362823,-0.007509541852697606,-0.010160907316649013,0.06645412688105874,train,False,801
2,100,e,0.11716507216715222,0.11715407319160236,0.15846709212953777,0.05182046237331566,0.05180994902716243,0.43467566964771726,train,False,801
3,400,c,0.06322940093977766,0.06323418964415786,0.0807558965907819,0.09299284842518368,0.0929894643652726,0.7895955063346605,train,False,801
4,400,d,0.00553865163000082,0.005539150429327245,0.004607184451361943,0.010084622129968466,0.010084269266138932,0.06454908867168513,train,False,801
5,400,e,0.18718184641099114,0.18710253787132186,0.24296231238165295,0.1519431514798636,0.15193206316015917,0.3339581648842064,train,False,801
0,100,c,0.12960901025045357,0.1296215522426854,0.14993426434147936,0.11509093975835398,0.11506943917726119,0.8554083122279522,train,False,802
1,100,d,0.0432037614060726,0.04322612568323225,0.007349006174366828,0.04143181876597847,0.04142934465473441,0.15242788505211907,train,False,802
2,100,e,0.2681296073028556,0.2681442626753039,0.39323173334930933,0.1688033275144551,0.1687982414674699,0.2728547392981026,train,False,802
3,400,c,0.051299361486577155,0.052160657647804545,0.09259419185041061,0.03898999202059457,0.038398470393703546,0.6746436760275454,train,False,802
4,400,d,0.01543711578492998,0.0154550301122646,0.007732615767826349,-0.0024930989432544416,-0.002495136815965644,0.047505290823353405,train,False,802
5,400,e,0.2035167201167243,0.20355296409872342,0.25489955011419196,0.14431954189547633,0.14430506202687077,0.33131474945898626,train,False,802
0,100,c,0.2910520807464641,0.2937724148608983,0.16866129904061755,0.03560668468429903,0.03616405328484916,0.37467433229329106,train,False,803
1,100,d,0.005517177084050386,0.005517456647142944,0.0041726521640575295,-0.032245868016342404,-0.03224638939473682,0.06170829015835075,train,False,803
2,100,e,0.17107937888074068,0.17108132396539888,0.24868858739918984,0.17143639981695685,0.1714326395582255,0.2954461422185034,train,False,803
3,400,c,0.05845645847463834,0.0584577078145997,0.0688074053420914,0.041765372476419316,0.04176290983185979,1.000945969348063,train,False,803
4,400,d,0.005127377346029421,0.006427374579523365,0.006470962001072158,-0.0017161068589421724,-0.0024451749612215148,0.10162427526393689,train,False,803
5,400,e,0.1960390275816621,0.19600812775630316,0.3078629738310869,0.17466323426624572,0.1747145882231042,0.3147456484169597,train,False,803
0,100,c,0.05688239795417442,0.05688506896497822,0.05419415782654172,0.061875748137877766,0.06187258074045673,0.6302501350373252,train,False,804
1,100,d,0.0047320459075218275,0.004732008202494709,0.004135332295278642,-0.0057421046827007775,-0.005742422595673826,-0.005067297312703012,train,False,804
2,100,e,0.1820654577590714,0.1820384462145757,0.21581550053139548,0.11485306427758207,0.11484337803281168,0.416346096458372,train,False,804
3,400,c,0.0675099648777619,0.06762395958258947,0.0630029966020397,0.048850413809975,0.04882062731074363,0.4508133947778798,train,False,804
4,400,d,0.007660295432642199,0.004273073835965782,0.004398947832733116,0.0009029652342133154,0.0013464235334869202,0.020586112328742842,train,False,804
5,400,e,0.17105266844736833,0.1710492733726808,0.2689626745441836,0.1671557938285615,0.1671412259499909,0.33400059977901314,train,False,804
0,100,c,0.06439554668502971,0.06439813566066423,0.05672789564877242,-0.022919234595939104,-0.022936161327257665,0.8804330680413662,train,False,805
1,100,d,0.0034637880356913923,0.0034588629628553498,0.004193200634322986,-0.0005616846047013269,-0.0005630876138934226,0.007043807444897965,train,False,805
2,100,e,0.23080985943938753,0.23080977702898067,0.37853734902445024,0.1587318865576677,0.1587287163993025,0.23784996004077663,train,False,805
3,400,c,0.05457867428465707,0.05457349261826308,0.09235934936809029,0.028793764541978677,0.028791167726305175,0.20184394624589083,train,False,805
4,400,d,0.00519805009457253,0.005195194696280242,0.0029059307001521473,0.016035332389130658,0.016035543726016392,0.10542114862942835,train,False,805
5,400,e,0.1673223438804035,0.16731916577745212,0.2749276302430437,0.16247766295594912,0.16247249754382675,0.30456315151111196,train,False,805
0,100,c,0.10909734660008903,0.10923589269993478,0.09693220440664058,0.0972079282145905,0.09718740132984557,0.3370029497459792,train,False,806
1,100,d,0.011688523348498552,0.011688513758639218,0.013053417413099231,-0.03505558966014695,-0.03505605610410505,-0.026962299179374385,train,False,806
2,100,e,0.20107263333814854,0.20107355625859705,0.3079384945118436,0.15372926352922778,0.15372624018046527,0.3103653894081814,train,False,806
3,400,c,0.05946074473557181,0.059464080956459414,0.07103519333543713,0.0641436057172944,0.06413409666946812,0.5454901331586895,train,False,806
4,400,d,0.0054159193956354115,0.005415657271708263,0.006776009765690518,0.002875277565683305,0.002875441096428766,0.05150881840439361,train,False,806
5,400,e,0.17649327123012332,0.17647394010410572,0.2500287169503342,0.1609274408826513,0.16037823639075655,0.32984648915127734,train,False,806
0,100,c,0.06391617836681726,0.06390553789158554,0.11414447180235782,-0.006876254758132419,-0.006888434118837807,0.34914047136334064,train,False,807
1,100,d,0.005836971126412639,0.005839506802259502,0.006132535513713066,-0.002963031115161705,-0.0029652037677814747,0.03010201108024628,train,False,807
2,100,e,0.1885859763967397,0.18858813929896695,0.15493931320178236,0.045186035672603,0.045174787362301815,0.3198604420746264,train,False,807
3,400,c,0.08413697967939936,0.0841415277834381,0.10507803432823348,-0.017492719480369984,-0.017496201153011554,0.7398619647378751,train,False,807
4,400,d,0.00774238523133993,0.007762450661049636,0.008237329502244121,0.015556917350078142,0.015550811330225667,0.04682590746143386,train,False,807
5,400,e,0.18008807251000294,0.18015946930874127,0.3052735540571198,0.1555503448209044,0.15553854271878925,0.31986708070581366,train,False,807
0,100,c,0.07253980662739422,0.07254085927897207,0.08383918077166695,-0.011458705819194748,-0.011458474895270854,0.7023024904559695,train,False,808
1,100,d,0.004135945878229926,0.004136254721296332,0.0034588084060660444,-0.00016340918292899077,-0.00016367436648247137,0.015795083157233165,train,False,808
2,100,e,0.19436376322100973,0.19111771542483658,0.24131314659588393,0.11208017464264333,0.12376175907436139,0.3297746500225478,train,False,808
3,400,c,0.05992598180890246,0.0599673234500256,0.0666932880271131,-0.023858115437999955,-0.023914713814848696,0.513550724700527,train,False,808
4,400,d,0.0038855279401547906,0.007091967904844216,0.005184021331900394,-0.0019419703636949315,-0.0032368467460467264,0.06419166632555179,train,False,808
5,400,e,0.17410210429269588,0.1740848060408247,0.2540518919599602,0.15366665566260268,0.15365831893029488,0.31806473423617965,train,False,808
0,100,c,0.06320192417252261,0.06300870877079537,0.0676980492810652,-0.038144378969542175,-0.03814513125975694,0.6007712033114363,train,False,809
1,100,d,0.005647155860559036,0.005647598216422138,0.007357668944644542,0.004690986032620685,0.004690648314559311,0.026176831253262093,train,False,809
2,100,e,0.2557864330530547,0.2551753813871027,0.3905814372372316,0.12081564443191088,0.12080726188238057,0.23131662482018722,train,False,809
3,400,c,0.04776749520455449,0.04776631477229369,0.0826132717739355,0.05171889377158109,0.05171835093220345,0.7951497694297529,train,False,809
4,400,d,0.008056232653526578,0.008065754047915421,0.008541064023213746,0.010232710197074618,0.01021608503188407,0.023904817167719212,train,False,809
5,400,e,0.18122931862799482,0.1812298069353789,0.2791500977269109,0.14268914821478704,0.14268648463444294,0.3393247820470755,train,False,809
0,100,c,0.08522202485364933,0.08514514527617807,0.14692035370713627,-0.056607213221927,-0.05660891420680912,0.4991638495369338,train,False,810
1,100,d,0.027440431718058034,0.02743388949518301,0.027305106597122295,-0.01774775864690911,-0.017749744223017512,0.05063131221836848,train,False,810
2,100,e,0.26548830489445785,0.265492992861892,0.40592620352633335,0.1337019957075328,0.13369641221408216,0.2644183407078005,train,False,810
3,400,c,0.061448525019624584,0.06144659108683684,0.07187678389574816,0.04735509036582769,0.047359858903984885,0.9011617156002196,train,False,810
4,400,d,0.006489317107366333,0.006504600697045238,0.0065026208978729025,0.01829183136598825,0.018288268719231022,0.0382739106036065,train,False,810
5,400,e,0.20929461178648606,0.20928371769912676,0.31519713416902895,0.17452652634968355,0.17451865048943513,0.3047995875983755,train,False,810
0,100,c,0.06610111915907851,0.06610132228343091,0.08552126708492301,0.01501695301009761,0.015011939306798965,0.3265117039822337,train,False,811
1,100,d,0.007286348324986299,0.007286496111703569,0.008500310397515984,-0.01730510606355825,-0.017305539991568697,-0.0015330562833734262,train,False,811
2,100,e,0.15870181516005888,0.16422299544737357,0.26062268089010965,0.13859853374743134,0.14072066193231095,0.6962101974290724,train,False,811
3,400,c,0.05257454148627601,0.05258612532966165,0.08505181462972038,0.07390039189758404,0.07389830684476052,0.47101879454997997,train,False,811
4,400,d,0.005555065342703325,0.005553356738616291,0.0066804772027560235,0.0036995416924819227,0.003699742290381334,0.11407371963374537,train,False,811
5,400,e,0.17659648727139426,0.17659851565585016,0.2579239067420824,0.14617730260049638,0.14617775618562706,0.29446227717475837,train,False,811
0,100,c,0.06979296369473366,0.06979974206145846,0.056422432392432116,-0.02942250366841222,-0.02943711731995329,0.833632100031461,train,False,812
1,100,d,0.017814449299016325,0.01785781856122737,0.018568459791079808,0.017012056878214228,0.01701368379254589,0.10272272578983264,train,False,812
2,100,e,0.3258751368140761,0.3258671224536551,0.5155964653004457,0.1443664769309803,0.14436493944303475,0.2601034001544026,train,False,812
3,400,c,0.06457581306262523,0.06454022496249118,0.07484704467602653,0.0678145839429277,0.06772002926001065,0.9416855686366773,train,False,812
4,400,d,0.015383800853362682,0.01539367879251139,0.012444922187967205,-0.02666628290433401,-0.026668882339628688,-0.009669936452091523,train,False,812
5,400,e,0.16092623963867791,0.16092610048299094,0.25610283399717937,0.1643660189345863,0.16436258670994272,0.33007819956333706,train,False,812
0,100,c,0.09554946181016646,0.09553451108523635,0.0760912881222767,0.08718530699237974,0.08714319244446174,0.9059023449934687,train,False,813
1,100,d,0.006012201787373475,0.006011997771947393,0.00445113525877936,-0.018637521835682076,-0.018637173170794927,0.061825357135651446,train,False,813
2,100,e,0.25646551290927594,0.25613939167689087,0.3419748610375408,0.10526566894390633,0.1052592689395123,0.4450174546572625,train,False,813
3,400,c,0.05597793382862329,0.05597746320083874,0.08086906456800062,0.07432236802356783,0.07431801458761221,0.5723733141701248,train,False,813
4,400,d,0.0036963306131958906,0.0036968251472705754,0.00478876668775677,0.009057554268418998,0.009057372967422025,0.13861625600019967,train,False,813
5,400,e,0.19632338674814395,0.19624540988038294,0.24866116854693654,0.15617422223935812,0.156169720252202,0.2954662862333043,train,False,813
0,100,c,0.07412545396252375,0.07412833114476408,0.06521753243931548,-0.14487129815642255,-0.14487365082252113,0.2696558093114192,train,False,814
1,100,d,0.004099097042296348,0.004099193298695053,0.002383759198776306,-0.004248276409204567,-0.004248533931414098,0.02958893898412601,train,False,814
2,100,e,0.22455714145043454,0.2245703681729517,0.22140410922816728,0.08862475766012011,0.08861080811540398,0.33556088994014965,train,False,814
3,400,c,0.059078478373804526,0.059100133569899425,0.082759557932631,0.02363876907627059,0.023619293201476026,0.906287906229077,train,False,814
4,400,d,0.007320292468348916,0.007320852532553245,0.005523855381742312,-0.006176411327306397,-0.006178037885832986,5.439580691906087e-06,train,False,814
5,400,e,0.21579209313494307,0.2157774549670235,0.2862117315948518,0.12076035860967096,0.1207603857142891,0.3283908713973911,train,False,814
0,100,c,0.10239333151817089,0.10226481402201529,0.11455515417479305,0.007363092819827557,0.007319078936154994,0.3693924091727615,train,False,815
1,100,d,0.003717951503082349,0.0037180501631635748,0.0037523747174331473,-0.02078160652749192,-0.02078231776629888,0.05898526654450983,train,False,815
2,100,e,0.1881820539093271,0.18810032979328248,0.2918663031145592,0.06827151414652398,0.06826063127303222,0.28923417623868686,train,False,815
3,400,c,0.06738524065294002,0.06739710039685226,0.07527702769373903,0.08406477269040039,0.08405629457260502,0.8944454352169138,train,False,815
4,400,d,0.004244292378870646,0.004240120825201013,0.004771635531427348,0.009083048721544352,0.009080125611323417,0.04640131816947845,train,False,815
5,400,e,0.18892398989243703,0.18892042909885334,0.255043356246726,0.1373686618784143,0.1373654171317783,0.3861053274179993,train,False,815
0,100,c,0.07877718738594608,0.07877925726557079,0.11197130829582128,-0.07447447233695513,-0.07447554553610701,0.3563073599015272,train,False,816
1,100,d,0.0170522474561839,0.017071017548076165,0.010142274647713102,-0.015476111673566724,-0.01547870607576586,-0.0019806826927041676,train,False,816
2,100,e,0.19968235862497768,0.19970577579064602,0.25150065067046773,0.10699558267910106,0.10697987787296263,0.283810443664645,train,False,816
3,400,c,0.07144597121729691,0.07144689808958062,0.09682468255043535,0.041336269875342925,0.0413348782519526,0.4795191938092285,train,False,816
4,400,d,0.008494335308531975,0.008495535784316227,0.006715393057285937,0.014664941633649403,0.014664763507143875,0.07348527903426788,train,False,816
5,400,e,0.1952170728006576,0.19522437492412448,0.3143906107260366,0.17152476395472677,0.1715167389980549,0.30504164569706216,train,False,816
0,100,c,0.08384853370185556,0.08386653919496569,0.12275812730284069,-0.14052822475147672,-0.14054081578488536,0.1895072268073632,train,False,817
1,100,d,0.007399256401612965,0.007398205547970236,0.00940327671424317,-0.009721493258210857,-0.009723491404455782,0.03755304068713475,train,False,817
2,100,e,0.17265390698011934,0.17275039736579134,0.26662367977493856,0.15932638836551755,0.1593133492976588,0.2867731908613078,train,False,817
3,400,c,0.05973128167751294,0.060005520552396295,0.07530800069461707,0.07778838658411935,0.07769541912224227,0.844522170358898,train,False,817
4,400,d,0.0055991806863982295,0.005599218833590108,0.005300704211355265,0.0008036290262706203,0.0008034676302560762,0.04230427049204263,train,False,817
5,400,e,0.1905785017513151,0.1906073648337769,0.28117272501906315,0.1684928171713649,0.16848058188170525,0.3753211164051616,train,False,817
0,100,c,0.05309799768127113,0.053099133199322204,0.07605374929847789,-0.012032888779289905,-0.012046340947410599,0.5648461642684333,train,False,818
1,100,d,0.002885277003358935,0.002885113211119727,0.0032642301571642524,-0.012175940210768257,-0.012175527364803092,-0.001769743855954591,train,False,818
2,100,e,0.18714634962730467,0.18714559436833672,0.21269139995335715,0.13341716454290514,0.13341902132056255,0.35877942368592936,train,False,818
3,400,c,0.06382608479350982,0.0638260256157347,0.08302250292808111,-0.0054776624237960906,-0.005479002365210093,0.6131473935607186,train,False,818
4,400,d,0.004254772113356484,0.004254923101677606,0.003589800894573354,-0.014836249027104422,-0.014836643462382693,0.002006992936665739,train,False,818
5,400,e,0.1603294465701558,0.16033414585187725,0.2717610540809932,0.14874585841286156,0.1487353556889002,0.3535744694520839,train,False,818
0,100,c,0.06772142217145051,0.0677181515605953,0.09815516546578212,-0.04132862877240839,-0.04132735021074858,0.6290823095171009,train,False,819
1,100,d,0.024233205029218635,0.024234658340714147,0.02389684347096531,-0.015939338113752425,-0.01594158923201185,0.03678007559920221,train,False,819
2,100,e,0.20591697058981867,0.1957713405400086,0.33275731125286767,0.16333532642514492,0.1767489348122964,0.32221767765906784,train,False,819
3,400,c,0.06337607397098638,0.06169059859997137,0.09060901221534255,0.04236545952211827,0.04206970636676147,0.6364173909879421,train,False,819
4,400,d,0.008571583967975718,0.009041441152143132,0.008274380565543424,-0.008344688688851446,-0.00898331733338342,0.04107432706197454,train,False,819
5,400,e,0.17529388434590637,0.17833703507807164,0.2819533244371717,0.1539384391522632,0.1547639574910464,0.31252110500451125,train,False,819
0,100,c,0.07227892072937216,0.07227781852530987,0.09729316994018931,0.017750604041104054,0.017738496607990158,0.36524781178889826,train,False,820
1,100,d,0.0052266103594489745,0.005226789146803685,0.00654496207759158,-0.011416920919344094,-0.011417278837802592,0.029573866954027483,train,False,820
2,100,e,0.18255857711137458,0.18339311078276194,0.17287461227236495,0.11118554271326417,0.11117147799091143,0.4074899727873016,train,False,820
3,400,c,0.05348057301986228,0.05348138724828579,0.06688434069178405,0.03201770721204724,0.03201505544085095,0.9193176711379439,train,False,820
4,400,d,0.004469981841751856,0.0044704002180196425,0.005858111586960102,0.0012689448632674783,0.001268536024031679,0.017626699457248058,train,False,820
5,400,e,0.16803473923133042,0.1680253686128502,0.27985020947282313,0.12039767632334653,0.12039378320746245,0.35828761106808615,train,False,820
0,100,c,0.09582567547402979,0.09582409421072036,0.06590177553903898,0.03919634380254841,0.03918642102926761,0.7959193040210155,train,False,821
1,100,d,0.010562195816067842,0.010567150341407231,0.010559047249573747,-0.011113819327788352,-0.011115661940983835,0.0014470209194666595,train,False,821
2,100,e,0.20976284651944796,0.20976573152791964,0.3386828471671505,0.11086134217994449,0.1108584666648914,0.32090374924779685,train,False,821
3,400,c,0.058521078864653873,0.05848157319657103,0.07546257945829558,-0.004678824479273516,-0.004728949126477318,0.41716357844369545,train,False,821
4,400,d,0.005367484060172552,0.00536751572497156,0.003996358261296323,-0.011681940700981528,-0.011682091974760436,0.07337025633100405,train,False,821
5,400,e,0.17962819657130902,0.17968715315903952,0.26279911247092735,0.13879313666481238,0.13879236520536722,0.32387510539099756,train,False,821
0,100,c,0.057769643166211145,0.060892321675427824,0.09374613319331472,0.06763440902148211,0.06783907562709886,0.6184837973866888,train,False,822
1,100,d,0.0031224600046908203,0.0031224497895490557,0.0036211882886751385,-0.017742753234002286,-0.01774312071484788,-0.01684117887586117,train,False,822
2,100,e,0.24985280756563974,0.2485977096400841,0.3177383840474254,0.1279458570825018,0.12805356311006164,0.28474459476482655,train,False,822
3,400,c,0.08882836473918272,0.08030112589891969,0.11273971838266726,0.048183431070304865,0.049385375607347015,0.450604005793834,train,False,822
4,400,d,0.015149703827735313,0.015168935554194008,0.01611176699901866,0.021301320019012165,0.02129494656449406,0.04462478352732198,train,False,822
5,400,e,0.2470419925762842,0.23133583036971028,0.3030928622374704,0.17590202399379462,0.18117499995568292,0.46035858371687055,train,False,822
0,100,c,0.06412555068529041,0.06422627821492663,0.08788276678311963,-0.0605342070795426,-0.06057549175749607,0.4149829355444304,train,False,823
1,100,d,0.008922895754095675,0.008925950684061566,0.009645360188449997,0.002548662771311605,0.0025475117065446363,0.020066680703254517,train,False,823
2,100,e,0.15930945020958573,0.15931214001745944,0.2336201157610697,0.13767549139952195,0.1376692083478796,0.28814960995478417,train,False,823
3,400,c,0.07202270426222601,0.07201500081027219,0.0857973585419308,0.0890713980132378,0.08903527585843996,0.56714935657767,train,False,823
4,400,d,0.005955716445534158,0.005955416577086111,0.007611573451091793,-0.001068046300227188,-0.0010684254656170289,0.018656901689022547,train,False,823
5,400,e,0.21830950223475806,0.21829732439594032,0.29408492350443766,0.16440640928658506,0.1644051562890259,0.30789664587464166,train,False,823
0,100,c,0.08901433703093238,0.08913192690531306,0.06250914182759307,0.056073794922740915,0.0560510267625304,0.47844650255412347,train,False,824
1,100,d,0.01833867672938424,0.018339226316039566,0.009689818816379921,0.01597218336632011,0.015971712335011077,0.09282571260488977,train,False,824
2,100,e,0.20398928784361103,0.20398938417343476,0.31127706272789657,0.19305484631733477,0.19304738163316912,0.2994675208149208,train,False,824
3,400,c,0.05487055605897047,0.05486705158891383,0.07297347511526928,0.07402882507165309,0.07403650876516495,0.4180609908223616,train,False,824
4,400,d,0.004573144139168431,0.004573404273335152,0.005422362331289703,0.0006736596416076246,0.0006732981888855072,0.006082545445970613,train,False,824
5,400,e,0.1894971534456071,0.19220248554423605,0.25566668073981097,0.1685210468133052,0.1707832594677121,0.3072844292088544,train,False,824
0,100,c,0.07476261231267911,0.07376866443062444,0.08187234787590354,0.04853087689644539,0.048470540211371115,0.9013067271329048,train,False,825
1,100,d,0.006419699358991188,0.0113634473725899,0.0076277545818401234,-0.006124884604748822,-0.010726660687165044,0.05294549224469072,train,False,825
2,100,e,0.16979513724139106,0.16977842302403284,0.20531824156540465,0.09672795497339685,0.09671656229008058,0.31983225663162096,train,False,825
3,400,c,0.06371468741486977,0.0854504761206566,0.09749923306834836,0.10195041481879927,0.0930546715353475,0.8573426155973739,train,False,825
4,400,d,0.011039063984323565,0.011042146377445357,0.011458803835791016,-8.280254063990356e-05,-8.378420484543625e-05,0.024942673779809344,train,False,825
5,400,e,0.1567217547806028,0.1658822893189391,0.2323887226084947,0.13221793169623156,0.1354170741259422,0.3202126036449111,train,False,825
0,100,c,0.06489288960819328,0.10382645453416829,0.12635545836724746,0.028313083863332266,0.015448175905265558,0.638163702738161,train,False,826
1,100,d,0.003599905667865876,0.0035998971465151263,0.0040009556550325434,-0.022007381902282307,-0.02200793463627436,0.005971587102884648,train,False,826
2,100,e,0.25661471041152484,0.29350851327244487,0.2520729018445711,0.08060745897704141,0.0836317219313766,0.4737426880480913,train,False,826
3,400,c,0.060091199848478306,0.06020783015800938,0.06930139765176635,0.026762121105645065,0.02670485593476528,0.8580075260048322,train,False,826
4,400,d,0.0050635994330247465,0.005063420084156743,0.00616086959544258,0.0026860251629617516,0.0026858546930913717,0.011076307435429715,train,False,826
5,400,e,0.1921905743826742,0.19217259853541804,0.29627051301940543,0.17338600287230174,0.17337885939947992,0.3090726757370265,train,False,826
0,100,c,0.08572831495667493,0.08572816368583165,0.12477250166420203,-0.07953591666707731,-0.07953814866462217,0.39762039186197073,train,False,827
1,100,d,0.004044025169579981,0.004044107022387986,0.0049883728896174175,-0.0038124211098278416,-0.0038127194158862564,-3.797172929363768e-05,train,False,827
2,100,e,0.14615925914106953,0.14423484587168242,0.20476100532372019,0.12805497602329916,0.1267636608673294,0.3116427748943935,train,False,827
3,400,c,0.05985856002823581,0.0730231037219178,0.10022007849078297,0.036423325599829116,0.03128044071820682,1.0952680931242638,train,False,827
4,400,d,0.014293124429566349,0.008213756983531427,0.00762062906081204,0.0009021621765823084,0.004978653604250169,0.0321073083535455,train,False,827
5,400,e,0.17760222931688863,0.1775935347422051,0.2701242189495094,0.15526080520961785,0.15525277885557742,0.3081172245285552,train,False,827
0,100,c,0.0990083881034757,0.11177056791872596,0.10740243327463939,0.041525291390023686,0.03710917551641764,0.7927792317736837,train,False,828
1,100,d,0.00872103906837019,0.008718329031997615,0.010162736389877277,0.021692575864014126,0.021693063564844302,0.11321846124748315,train,False,828
2,100,e,0.21548856798352184,0.21550353608078268,0.3252243446452006,0.12772251641294394,0.12771048051575076,0.2833231465580074,train,False,828
3,400,c,0.055968817994846605,0.055969107724309415,0.06913023758096348,-0.008679337425331895,-0.008682222449151596,0.2812471800963196,train,False,828
4,400,d,0.0053732283487706355,0.005374374629740875,0.005699779512333609,-0.0027209919443812324,-0.0027216287215349765,0.04540361135228222,train,False,828
5,400,e,0.19219195332370068,0.1915749251179503,0.2981789664875589,0.17416751209559345,0.1731693071984058,0.3037321897476143,train,False,828
0,100,c,0.12495029073658612,0.1250767384264034,0.13442403976090403,-0.01745423464303542,-0.01749131866394187,0.6610097324065367,train,False,829
1,100,d,0.007838624056068149,0.00783945357391661,0.0051542428190569835,0.01671642432637526,0.016715808511895743,0.1344897546256564,train,False,829
2,100,e,0.17693104169466844,0.17693336032455648,0.29302357276098084,0.10861686176358468,0.10860484992784634,0.37733238230320004,train,False,829
3,400,c,0.061685491535751105,0.061716821165504566,0.09861367987128121,0.030836928147389316,0.030795696184847402,0.5171448670209178,train,False,829
4,400,d,0.005187660198625072,0.007495449731759043,0.005745533776016352,0.0035300429444663985,0.00276552063129774,0.041960421220125034,train,False,829
5,400,e,0.16216732373409187,0.1621672743887247,0.25860679993273644,0.14665925113864733,0.14664550579034885,0.3081758275471271,train,False,829
0,100,c,0.08386536950723582,0.0838676352137625,0.11319153042256441,-0.12394935009412819,-0.12394952516368911,0.16902567169557506,train,False,830
1,100,d,0.008675274249958407,0.008673434356271643,0.006759021302437032,0.017066542986010323,0.017128349264962976,0.1936619929885982,train,False,830
2,100,e,0.1668473242565538,0.16700169934257061,0.23071308844597826,0.12817672342513933,0.12816957123888348,0.3762480788564928,train,False,830
3,400,c,0.05779134342714923,0.05778858038765704,0.09219242544058436,0.03818765071685718,0.03818387884136236,0.5267304486027553,train,False,830
4,400,d,0.007782533383015654,0.007786961771881136,0.0074772218501669655,-0.002698374493272109,-0.002700384565486882,0.017436265442279435,train,False,830
5,400,e,0.16080710685855693,0.16191539846032157,0.2665792868348659,0.15160140315691087,0.15224703802882025,0.34360351803597683,train,False,830
0,100,c,0.21892614440275424,0.21893413371221485,0.12113184512086192,0.19427960034154715,0.19426298425701383,0.8433793180851962,train,False,831
1,100,d,0.005220560494072246,0.02308317612716448,0.0054964261240935544,0.0048802142532005455,-0.003851102913297595,0.012523146199768735,train,False,831
2,100,e,0.30460126240455465,0.30449793881954873,0.3497180821685322,0.1637878690987382,0.16378498680315345,0.2675689894162972,train,False,831
3,400,c,0.059744892723017126,0.06724849681431473,0.09437177488103136,0.022306361033210466,0.018793903548563123,0.5618608659544216,train,False,831
4,400,d,0.0054807609145399215,0.005480699762143663,0.004816517886999327,0.008964914529690482,0.008964865856046736,0.09175205222185459,train,False,831
5,400,e,0.19873013175401283,0.19872822255929254,0.28954000996956347,0.16007248278553526,0.1600651776534845,0.32287898022604056,train,False,831
0,100,c,0.0668682513001572,0.0668667904598128,0.08569739502435478,0.03860108725463079,0.038600313479125535,0.6222913729358402,train,False,832
1,100,d,0.02347236953579076,0.023473665851355976,0.015529479117234974,0.011635772136303721,0.011634851496482135,0.07182418432241658,train,False,832
2,100,e,0.2480666428658348,0.24801330404632974,0.2782681474502582,0.12587734820480279,0.1258595765588021,0.29065381669302826,train,False,832
3,400,c,0.05521572936110096,0.05524678411050755,0.08967391232627099,0.10475575924251232,0.10475569079723698,0.6452632514267219,train,False,832
4,400,d,0.005399404819876778,0.005421973554401221,0.005300156601233378,0.0030429830650596833,0.0029980346267208624,0.011734902134188428,train,False,832
5,400,e,0.17818934106822326,0.17819196046209676,0.27952583191369934,0.14798440642871222,0.1479812476411224,0.30751740889394064,train,False,832
0,100,c,0.19093738616387734,0.1909763887208307,0.09568580867666995,0.023488705182475512,0.02346975052483586,0.6784735570050898,train,False,833
1,100,d,0.01034339965005806,0.010344555636616008,0.006760559336706382,0.008424502561266626,0.008423861857743572,0.05357996939077983,train,False,833
2,100,e,0.2016513009713269,0.20166662750105832,0.2883075214982344,0.16521992621823042,0.1652118086032289,0.30525174881904993,train,False,833
3,400,c,0.056369661103126446,0.0566776113360127,0.08457895651086009,0.058600537113551926,0.05834807751261423,0.5449895073001041,train,False,833
4,400,d,0.0282881523981622,0.028286166083023895,0.009193280742177696,0.020715770535219953,0.02070882031426848,0.19830367030995796,train,False,833
5,400,e,0.18559694010790861,0.18556733552898838,0.29564246675376793,0.15695828954669236,0.15695271447500989,0.3831187981658456,train,False,833
0,100,c,0.055245366015776634,0.05523952252527749,0.06999493919315329,-0.0711286845914141,-0.07114912892193331,0.3607974231975358,train,False,834
1,100,d,0.04496388254343499,0.04496836575912236,0.01758514805779081,0.04889092864948928,0.04888853779467496,0.1455310081872842,train,False,834
2,100,e,0.27643250316597134,0.27634470503245434,0.4520214929311519,0.1370396178124561,0.13703512414256125,0.2593110363707541,train,False,834
3,400,c,0.07460711134245336,0.07468485082612634,0.08376263570956433,0.1278443893263389,0.12779675947410538,0.4888116401402181,train,False,834
4,400,d,0.007438487323110993,0.007438435888161401,0.009298655053646064,-0.002008991349171243,-0.0020091304594130398,0.024077218712785876,train,False,834
5,400,e,0.17625885686185858,0.1761561803236512,0.23024789060019926,0.1733025607184156,0.1732879834342807,0.31081697592965213,train,False,834
0,100,c,0.072784894764223,0.07279069266993711,0.0901896758537495,0.022080667182411133,0.022079446071354668,0.3367459610027224,train,False,835
1,100,d,0.012573628917592172,0.012561559846566078,0.01259742478415199,-0.006116382560278631,-0.006117349486839991,-0.005664403392709616,train,False,835
2,100,e,0.2650596182041565,0.2649938029154203,0.31706554635253414,0.12780315224067554,0.127795415119116,0.30070512481422607,train,False,835
3,400,c,0.0650519491703418,0.06505158493093059,0.08656504719760573,0.10000022147631427,0.09999627799314795,0.6814080895517032,train,False,835
4,400,d,0.006704285116681444,0.006712013201697517,0.005855512551307491,0.00022175064605951534,0.0002194226781892894,0.020376532824959614,train,False,835
5,400,e,0.20284614946281845,0.20278712115629804,0.26933845796005007,0.17598254544184955,0.17601709643970856,0.3049946365162642,train,False,835
0,100,c,0.16360877755603234,0.16366397043805606,0.1708484792149557,0.004423503702037835,0.004394209875546693,0.9989840150116395,train,False,836
1,100,d,0.005508628505145963,0.005508713146304224,0.005328259315121285,-0.015113832528777049,-0.015114089042357969,0.13872065290928343,train,False,836
2,100,e,0.15516774067553582,0.15520443623281963,0.28414281758989757,0.1547497979734868,0.15474220204162806,0.33851803942725156,train,False,836
3,400,c,0.06002611883745688,0.05999273968023669,0.08910012006658036,-0.012937970583038663,-0.012944850746657863,0.5392465944072129,train,False,836
4,400,d,0.003785097958212334,0.0046746269048928675,0.005206206829274082,-0.0014306667588776989,-0.0025017228476414744,0.01875802836888404,train,False,836
5,400,e,0.1554503414149426,0.15546262096107413,0.23349864043309776,0.13006804847384032,0.1300634637651453,0.32580528444076284,train,False,836
0,100,c,0.06411816394745432,0.06412412172937502,0.06828748552809402,-0.10531169604685815,-0.10531654516537245,0.4520438271756634,train,False,837
1,100,d,0.0037502567837170925,0.003750353206651767,0.004257871019946459,-0.019785977813400333,-0.019786524400650016,0.01203901111905358,train,False,837
2,100,e,0.21501401705654213,0.21503363943331838,0.20164499241490777,0.11463012442462145,0.11462170102581361,0.2986936596437736,train,False,837
3,400,c,0.06414647518194337,0.0641393171572613,0.08297745607364188,0.0026404372154782154,0.0026284541331023092,0.7317205505240036,train,False,837
4,400,d,0.005185428727797988,0.005197986309844182,0.005705437043555023,0.003249030118607372,0.0032456060889682805,0.042506857734973875,train,False,837
5,400,e,0.15943027256210146,0.15905015867529346,0.2535077876284368,0.15937073677639024,0.156963728709129,0.3102170509857218,train,False,837
0,100,c,0.06303263580789681,0.06302282844353851,0.07978607239847835,0.023186593614252758,0.023179809756781182,0.703233849431239,train,False,838
1,100,d,0.004680133850598134,0.004679897857906601,0.003819910398191793,-0.017273122113009763,-0.017272837701856326,-0.003473597782009179,train,False,838
2,100,e,0.15867509091864604,0.1565745963758904,0.17141958423209436,0.11882298175893916,0.11869524823551025,0.48114761456376726,train,False,838
3,400,c,0.05503767587889275,0.05772840020601071,0.08392483647461914,0.06150574370809686,0.05837794593287498,0.694005331214444,train,False,838
4,400,d,0.0133735973983902,0.013377359849573875,0.014776057602714958,-0.008266433069164929,-0.008267836771265299,0.06536910727639202,train,False,838
5,400,e,0.17755003280582826,0.17758901107766015,0.24122682351375854,0.14156739959097808,0.14155513539842912,0.3882182289481503,train,False,838
0,100,c,0.07686511102220323,0.08424722784438049,0.1475543851278301,0.12476402467995805,0.12366692492398848,0.3626582931052901,train,False,839
1,100,d,0.009322940784138676,0.00932353922084878,0.010989126936471695,0.005912606216345306,0.005911062947189852,0.06678057012470318,train,False,839
2,100,e,0.18845409780796285,0.18842661307991293,0.2362796706116477,0.11563931398213423,0.11562849304772246,0.2655713217498607,train,False,839
3,400,c,0.1113792391812321,0.09474404160655298,0.09217979599499364,0.030024691905383562,0.03466660525402169,0.7073229471508151,train,False,839
4,400,d,0.014298274630564593,0.014498605783141391,0.008139221376448142,0.003708128263936885,0.0036975316430534555,0.052867542052814916,train,False,839
5,400,e,0.18830734670764404,0.188309682298176,0.28753943367617535,0.17503745844584231,0.1750256451873741,0.340277453434699,train,False,839
0,100,c,0.11396672076255195,0.11395382759912472,0.09700212519588834,0.09247282052939597,0.09246339290413261,0.44702800688450395,train,False,840
1,100,d,0.020531252770929327,0.02053255888110971,0.007393434164551451,0.022535512427441784,0.02253424709377411,0.043932639251621185,train,False,840
2,100,e,0.26381462681053963,0.2638298179448191,0.2834715403253687,0.11725399199285753,0.11724752064108734,0.34573014936909724,train,False,840
3,400,c,0.084813260313988,0.07826711607266264,0.08062155429831201,0.10482776410840941,0.10573851249502327,0.46490425683643893,train,False,840
4,400,d,0.005572736004306985,0.005572862318321394,0.00552062892479677,0.0032979297486934378,0.0032978400511435167,0.02551653913043767,train,False,840
5,400,e,0.19733465697009528,0.19734296470165014,0.33245749925899426,0.17355473739921512,0.17354748756817887,0.36285648678860566,train,False,840
0,100,c,0.05673365563779917,0.05672728803991785,0.08701890819789872,-0.01202638463741856,-0.012051849551144614,0.6057849887807651,train,False,841
1,100,d,0.005152028347959534,0.005152027647494234,0.005674541168108149,-0.0025152057471267675,-0.002515329868213172,0.09732729610824052,train,False,841
2,100,e,0.1535058615661563,0.15350437436863323,0.3258376030569141,0.12147751188191024,0.12147231941896891,0.3006322952275548,train,False,841
3,400,c,0.05740535107352627,0.05707677633952195,0.07609555552878765,0.074788774014092,0.07461460566561925,0.6978849594347676,train,False,841
4,400,d,0.006337944449763104,0.006313336172545045,0.005468324827317224,0.011313740880461633,0.011299175142101898,0.06896301368670224,train,False,841
5,400,e,0.20707329833011362,0.20705286532808034,0.2773113542533782,0.12914352256861464,0.1291325755973135,0.3297764078134024,train,False,841
0,100,c,0.05470766886345598,0.054876346668801326,0.052122536596484095,0.046441824513050844,0.046360687773359215,0.9325520899744529,train,False,842
1,100,d,0.017032256253456047,0.01741330716272998,0.007441879971334355,0.015136339792175805,0.015264710402621305,0.12848112737357162,train,False,842
2,100,e,0.2684821428404581,0.26848886593061705,0.3634258451101241,0.1293965112580911,0.12938725775550797,0.32368426531588396,train,False,842
3,400,c,0.0813073090162673,0.08128911696275766,0.0735871315168599,0.10625469327222377,0.10618947219449468,0.90422267472975,train,False,842
4,400,d,0.005154860785418424,0.005155305747412377,0.00583304771104633,0.006396965158412176,0.006397251417260108,0.05267495661724613,train,False,842
5,400,e,0.16574625465646772,0.16575579107631405,0.24719937331472205,0.15340117320505606,0.15339710682615085,0.3185772226596363,train,False,842
0,100,c,0.15071970238750917,0.15079156084624268,0.10678525973290152,0.09381272318814227,0.09379218431972404,1.1986315532891296,train,False,843
1,100,d,0.010460756767919783,0.010460953386759848,0.007382502367860121,0.024122522052445722,0.0241218112934337,0.030466768505837204,train,False,843
2,100,e,0.24667699651819294,0.2466584529184755,0.2892076805127153,0.1434918407528511,0.14348156550178068,0.2707591047867492,train,False,843
3,400,c,0.07010417134965005,0.07021710232111159,0.07737219328070713,0.04903825314549323,0.04898611109430398,0.41533309920756734,train,False,843
4,400,d,0.0054010274165613706,0.005401029164239805,0.006074583901873839,0.00314070833085486,0.003140329651727001,0.027400598011319808,train,False,843
5,400,e,0.1639499348097193,0.16393245426526973,0.27546745713745135,0.13207051361647698,0.1320670887865919,0.322363693693256,train,False,843
0,100,c,0.14944382837080922,0.1494876340739699,0.09138833797556772,0.1584232533931641,0.15841530675486304,0.45140660724672677,train,False,844
1,100,d,0.01480995542951165,0.019342633800963085,0.014957082035853936,0.0090930147082425,0.00692145438742644,0.026164581220930037,train,False,844
2,100,e,0.26674134939309213,0.2667739995836626,0.356492519481682,0.1794372538457867,0.1794316889430508,0.3356111499292048,train,False,844
3,400,c,0.05795426833463634,0.057955071864968365,0.07227928609021399,0.016626501419920173,0.016623990539540046,0.5847036847305117,train,False,844
4,400,d,0.00825519439584499,0.008255622544737369,0.007981880129920101,0.018967610522382987,0.01896825575016539,0.17186072107687111,train,False,844
5,400,e,0.1667166009520563,0.16671476551778983,0.2673325221438622,0.16046720053658384,0.1604592113311265,0.3145210902251598,train,False,844
0,100,c,0.1070301389425562,0.10705761979448969,0.08884758912717522,0.09174359190910394,0.09171351497563024,0.6772510034148809,train,False,845
1,100,d,0.009097702299939671,0.00909821044058963,0.006980045564441917,0.001498731668861648,0.001498237165653844,0.06194612994860689,train,False,845
2,100,e,0.16777682864905225,0.16327720435706858,0.2725331637476069,0.1282236225474148,0.13501910020642782,0.2760390754882263,train,False,845
3,400,c,0.05648939758049457,0.056434402589592585,0.08775913461157488,0.051949361053693084,0.05196459714765972,0.6633804023718559,train,False,845
4,400,d,0.006907152419487037,0.019505547724864333,0.005786049351218852,0.011143285007900676,0.004879585920481837,0.11601191839371722,train,False,845
5,400,e,0.16372380468724285,0.1636473311330327,0.2493178962952472,0.16153521685830904,0.16151001462012113,0.3957181687315458,train,False,845
0,100,c,0.07017627027065039,0.07016054390861508,0.08191773477762812,-0.05910263453326884,-0.05911641559859959,0.5374862371432012,train,False,846
1,100,d,0.004962018265810796,0.004962100033555968,0.007111611832717144,-0.008026284782105328,-0.008026480875587865,0.022160490710105646,train,False,846
2,100,e,0.16631521251386525,0.1662764850936884,0.28050361408055524,0.15805313969762352,0.15804369995538572,0.2769214446430568,train,False,846
3,400,c,0.05567786276522096,0.05568129351369393,0.07341440251092786,0.032615682980234977,0.032600233239993844,0.6657744822405525,train,False,846
4,400,d,0.006505365758014883,0.006505839255248554,0.00692206966997634,-0.008644595947715992,-0.008644848094208424,-0.00861011149882513,train,False,846
5,400,e,0.19308226437505194,0.1930822365982425,0.2640357701049644,0.17525654411764532,0.17524477231567215,0.27703449327086394,train,False,846
0,100,c,0.16287909764747152,0.1628708357813329,0.14052800483331368,0.11028163996057863,0.11027205787021359,0.3208399378883429,train,False,847
1,100,d,0.018969560030399242,0.018969272461288753,0.008220926395616064,0.003213993782646902,0.003213906334054961,0.12421664345890829,train,False,847
2,100,e,0.26560232550134333,0.26576337055808447,0.377670159472911,0.1347958263984915,0.13479336323696245,0.24200903835588514,train,False,847
3,400,c,0.060874274059634234,0.06088382671635004,0.09286622736647084,0.021217096596413895,0.02121397700199246,0.5193408840314495,train,False,847
4,400,d,0.007313692515053343,0.007308800282782178,0.006205105102760535,0.018178040424631874,0.01817716248696561,0.025210915049357255,train,False,847
5,400,e,0.21188423341080623,0.2093233675612182,0.30767378173585186,0.15883889226456024,0.15844361235097953,0.3313891268838078,train,False,847
0,100,c,0.14224967495675664,0.14223150896385678,0.09549620514338278,0.08517685924019609,0.08516584723367984,0.7422794448909168,train,False,848
1,100,d,0.017314466507426303,0.017314342424525345,0.020124362907216753,-0.008732346069692927,-0.008733571460843876,0.007700323578846984,train,False,848
2,100,e,0.30163833641122534,0.30163324204542774,0.3098308600375862,0.12292790681038959,0.12291662658642075,0.45968871503383235,train,False,848
3,400,c,0.060979832669379494,0.06096477328541797,0.09160337268263628,-0.031074926256308543,-0.031087836007090888,0.18066993871381926,train,False,848
4,400,d,0.0068613594641463715,0.006864998321752755,0.00653873671340699,0.0032276151641183405,0.0032256762197059707,0.07770799160877695,train,False,848
5,400,e,0.16893343094770485,0.16894618224054725,0.28069975294126237,0.15491613912701938,0.15491400722122642,0.31487149119107344,train,False,848
0,100,c,0.10894785771341725,0.10902289834246676,0.07330254272431432,0.044923407067445284,0.04491179926817878,0.946272626244919,train,False,849
1,100,d,0.014860136799085943,0.014860870748540365,0.012441974243987675,0.016129519370792204,0.016129047358108276,0.02060682647928182,train,False,849
2,100,e,0.2064937516133783,0.21047967493759054,0.2813265455694791,0.17340939609957098,0.1742132516436301,0.29570316293661675,train,False,849
3,400,c,0.051954728431306496,0.051954093364591586,0.0860869688187363,0.04208498284799426,0.04208410682241556,0.3703064249721081,train,False,849
4,400,d,0.005680919628281774,0.005680934137347513,0.006393813684820132,-0.0013519490000424028,-0.0013522480137023686,0.014777968620320383,train,False,849
5,400,e,0.17337061590490696,0.17338036740727042,0.32991587522636806,0.18728431124312103,0.18728225807890034,0.28842006487845884,train,False,849
0,100,c,0.05863738556166141,0.05863834830498308,0.06347638925941484,0.042220959773001214,0.04220754209736747,0.7517142014922231,train,False,850
1,100,d,0.0050948400857919315,0.005094772827337809,0.004914770661597098,-0.0005983340038091178,-0.0005986975946347073,0.05065116748148604,train,False,850
2,100,e,0.18426773344756128,0.1800420477628309,0.19684016205162647,0.13340012931690481,0.13326508125812006,0.33598373173646295,train,False,850
3,400,c,0.05175149718730664,0.05175228991350681,0.07140696619350055,0.02096850043450722,0.020974639110305233,0.6041447036554358,train,False,850
4,400,d,0.005539101357853365,0.005539003662877974,0.004893691757851723,0.003443339807014958,0.0034432966353243623,0.028100049802497952,train,False,850
5,400,e,0.20279946174396596,0.20277050299710453,0.3051198368054939,0.14784202973036573,0.1478385104638297,0.5131561200093607,train,False,850
0,100,c,0.09133904476783035,0.09134017566175257,0.13887243036594624,-0.002198312148631629,-0.002199704256340027,0.10930737667739379,train,False,851
1,100,d,0.017773430798510584,0.017787507619237686,0.01042527320066889,0.024733370461418006,0.024727837229080105,0.10053869923564455,train,False,851
2,100,e,0.2340296304166258,0.23405269700248288,0.26808190683940564,0.07769769017842151,0.07767437683963543,0.29325406343826493,train,False,851
3,400,c,0.056970508465581854,0.05701039529723659,0.08831581468104326,0.08350931008030806,0.08345870293894912,0.7240664229121643,train,False,851
4,400,d,0.010907234202474572,0.010909765351362113,0.013217375070057057,0.010268559088523208,0.010264149060101566,0.11795576041486519,train,False,851
5,400,e,0.23765237444667836,0.2376665320362181,0.30793900878059954,0.17461194581696632,0.17460606522665592,0.2971304744675702,train,False,851
0,100,c,0.063426228269966,0.06343325349823241,0.07696822259536139,0.020462015275622962,0.020458779720433782,0.43688321507073496,train,False,852
1,100,d,0.017967910034576394,0.01796907561668478,0.005987087822284092,0.04930767481208534,0.04930679975866831,0.27862876154640115,train,False,852
2,100,e,0.24403054936204124,0.2439411549977489,0.25190496118109723,0.13810462418853495,0.1381008977864673,0.29565870505354847,train,False,852
3,400,c,0.06431290546390928,0.0643188982883588,0.0812279228502197,0.10593681024133432,0.10593194956247999,0.5241332570693679,train,False,852
4,400,d,0.006874983015641919,0.008622534513875802,0.00823048419817214,0.01889589089229247,0.0175415439070391,0.032662714176164925,train,False,852
5,400,e,0.19519842419641706,0.19529919971636953,0.23720820784660723,0.14439908578167504,0.14355617510302365,0.3199088230180219,train,False,852
0,100,c,0.0476060588010433,0.047600185830077836,0.073530099690517,-0.014612342848126118,-0.014620642657396914,0.7074122408569846,train,False,853
1,100,d,0.0034679108563848526,0.003467997509093559,0.004478298386739605,-0.021136735058474833,-0.021136894352029145,0.010860303927375999,train,False,853
2,100,e,0.164340764447474,0.1643519094929403,0.18457393428110158,0.05493128565349387,0.054921192928718054,0.4261705290610008,train,False,853
3,400,c,0.07850219037110379,0.07847496930813232,0.09058330977648982,0.05444834158607997,0.05438452306242581,0.5917337427612104,train,False,853
4,400,d,0.0073924230158283165,0.007528345729285116,0.009456772590376776,-0.005869739634052742,-0.006036764013288441,0.015081570452847757,train,False,853
5,400,e,0.18569191013870182,0.18568457070544964,0.2703184747340595,0.16382730995649877,0.163805172132686,0.35153929991154115,train,False,853
0,100,c,0.21913408102769613,0.2191694113057792,0.1289886098908465,0.04937145859531342,0.04935054320855372,0.14406170612410507,train,False,854
1,100,d,0.006607467760774834,0.006607541386724846,0.006456045751047575,-0.024760745419148692,-0.02476131067905033,-0.021601609931707254,train,False,854
2,100,e,0.2092589527747328,0.20920208574168553,0.2289175927681564,0.09616269357541747,0.09615409920468934,0.33097545286433727,train,False,854
3,400,c,0.07032414308278988,0.07034367179195368,0.08263889556862941,0.05462164345921508,0.05461473536276927,0.7580444085076828,train,False,854
4,400,d,0.0050871426822239685,0.005067392417186748,0.005409444311641804,-0.004138439997445609,-0.00414143777028169,0.009184042200818573,train,False,854
5,400,e,0.18931473372719476,0.18932350409240378,0.304011419910955,0.15748099158725787,0.15748276055040009,0.3298517748201883,train,False,854
0,100,c,0.06603230389127974,0.06603797019101576,0.09219594251118199,-0.08627818978614009,-0.08628039279512813,0.5269812448488235,train,False,855
1,100,d,0.006979194785079019,0.006978997459076451,0.005044406879655366,0.03320829164877424,0.03320793306988861,0.16747621578398295,train,False,855
2,100,e,0.18360567876201178,0.18361026431699287,0.31624682559156425,0.12002525071833248,0.12004044609993109,0.40238889777504716,train,False,855
3,400,c,0.050535253482886115,0.050575556309374374,0.07156793721943626,0.014325078032157918,0.01426787527566944,0.8111495134937757,train,False,855
4,400,d,0.007509795182612093,0.007514858506287293,0.005808851780137539,0.017167921109058123,0.017164045353974585,0.03657649297593634,train,False,855
5,400,e,0.21707104956464285,0.2170739315180799,0.36510529998212327,0.15991697132997948,0.15991341902960918,0.30582265732610703,train,False,855
0,100,c,0.14164143382050273,0.08387316349022264,0.08408337869154023,-0.10218781866312796,-0.08860247290634816,0.31877844236304836,train,False,856
1,100,d,0.004178238842717461,0.0041783613435394575,0.005706976224545487,0.0016530670152624972,0.001652675654471132,0.04658836535673725,train,False,856
2,100,e,0.22753495625580875,0.2275710870902719,0.3019689263514454,0.11540623036108436,0.11540156596181846,0.3317676809985845,train,False,856
3,400,c,0.05569908583442463,0.05570119386573831,0.07700869682501231,0.02863431980703915,0.028629148811569253,0.5037381107610215,train,False,856
4,400,d,0.01148321579210953,0.011485152183205297,0.010616595085312626,-0.0042333047318555824,-0.00423333693992852,0.12013702067738326,train,False,856
5,400,e,0.19897694118245798,0.19896137265751082,0.26335190334028796,0.14166073669457163,0.14165416646327195,0.358070236478702,train,False,856
0,100,c,0.04776067191220287,0.04775751313410056,0.05900472490154368,-0.012547732961157578,-0.012557935862848169,0.47991570795709465,train,False,857
1,100,d,0.005642392775481979,0.00563558314238358,0.008094975757539107,-0.0012562872016222216,-0.001257507722401332,0.023106563380339135,train,False,857
2,100,e,0.20726773823649491,0.20741656105331963,0.20211376752369203,0.06312241997290417,0.06311714580941657,0.45366014655410075,train,False,857
3,400,c,0.05381133771943034,0.053835435344949945,0.07473941091044307,0.0716180667629196,0.07157773144572133,0.829334382892842,train,False,857
4,400,d,0.004543565004140599,0.004543870614013359,0.005277162540789779,0.00231657316041721,0.0023163597810758143,0.027156592407616885,train,False,857
5,400,e,0.19732836264959466,0.19732529193444287,0.272813670741347,0.17917407000045998,0.17916556681283702,0.32429575329419763,train,False,857
0,100,c,0.16438105947480305,0.16442667960908783,0.10978468220599673,0.019076188376924465,0.0190299020787743,0.8984295077763074,train,False,858
1,100,d,0.007121649759954261,0.007121716157338153,0.006917272505297646,-0.021429090560595512,-0.02142952947236985,0.0614362757452081,train,False,858
2,100,e,0.13776890713337375,0.13776230067663067,0.2779258091097947,0.07869176431230042,0.07867943462128149,0.3248282551068853,train,False,858
3,400,c,0.05754619000528324,0.05754742955125949,0.05857006375084603,0.06712821948049992,0.06712736336172156,0.7014288640048258,train,False,858
4,400,d,0.00457134251040314,0.004571738653398435,0.004300837307823703,0.006617004329447269,0.006616479032782312,0.13646319451751976,train,False,858
5,400,e,0.15981018448926973,0.15982181878621043,0.24558252793586205,0.13749264912037337,0.13748211559047743,0.4212502406479351,train,False,858
0,100,c,0.05517418156343212,0.05517672847292842,0.07020200620409084,0.04901874650001361,0.04902812570875668,0.36137188634842177,train,False,859
1,100,d,0.022545530723513615,0.022546124352336223,0.01588313850843665,0.03924752752157371,0.03924660674951195,0.14216029475281255,train,False,859
2,100,e,0.20437492932594573,0.2043353475684543,0.24316832906298697,0.15636957080489133,0.15636549096280702,0.271098651566479,train,False,859
3,400,c,0.09378357462674963,0.09385569682658995,0.0987343717515514,0.028870516342260972,0.028846599959690168,1.033804211981116,train,False,859
4,400,d,0.007695106614256638,0.007709853493121549,0.007672458920393934,0.013910235351210538,0.013902928122317153,0.10222389649523028,train,False,859
5,400,e,0.1846333066129747,0.18466102693746475,0.2612333934680153,0.15340813272272769,0.15339534901548427,0.33273894885546873,train,False,859
0,100,c,0.06892712603644216,0.06888899807726469,0.0930321457701742,-0.10309286751155199,-0.10308250174976799,0.640859503204083,train,False,860
1,100,d,0.005810262108269084,0.005810228448803651,0.005393682189402369,-0.026865061512797956,-0.026865418304942105,0.0032091589870231196,train,False,860
2,100,e,0.23113453999790284,0.23835886487735625,0.3055343849497205,0.10367903595331686,0.12405317247626567,0.2760734649672451,train,False,860
3,400,c,0.060311845530047675,0.06031522331289292,0.07269942559236403,0.008142731759744351,0.008141143770435661,0.5606976750230798,train,False,860
4,400,d,0.004385773272812977,0.004397126065559231,0.005119985719035,0.010422419516850053,0.01041211765239792,0.04863948646019974,train,False,860
5,400,e,0.18997106456958704,0.19006170498169098,0.2755141251679867,0.15559973269911453,0.15559849590967545,0.30132916578127267,train,False,860
0,100,c,0.060566511363401875,0.060568123747670566,0.06952999974955167,-0.02889236882802379,-0.028894486100382723,0.8338452140202739,train,False,861
1,100,d,0.02060621076736015,0.02061084853141979,0.011552359339933062,0.010847558786988874,0.010843521205147174,0.051911943870836516,train,False,861
2,100,e,0.2583306817565172,0.2583268079270419,0.3207257164675085,0.15527152574983055,0.15525868274356547,0.2672895768776285,train,False,861
3,400,c,0.057300519756065586,0.05747100696793963,0.07900649983393998,0.0672570313057966,0.0672365464988134,0.5526621020053245,train,False,861
4,400,d,0.0074270510027169,0.007427130968245056,0.007938248035913446,0.018431275727427695,0.018431123800190897,0.0704217239312419,train,False,861
5,400,e,0.18937314188741683,0.18938680247379092,0.2574531573666679,0.16257762817930366,0.1625719029512562,0.3394517310902968,train,False,861
0,100,c,0.06729085634737184,0.06728820459838399,0.06829109637248552,-0.027823008698323905,-0.027852648805621882,0.5414666915512183,train,False,862
1,100,d,0.009948909672142557,0.012021674448539701,0.009280230111904259,0.0110046252479923,0.009139264670960313,0.1461298892616249,train,False,862
2,100,e,0.20425079287206416,0.20421816508053098,0.3061810228822466,0.15072324628841358,0.15071607442103868,0.3263085565508318,train,False,862
3,400,c,0.056795567335688156,0.0576166990443116,0.0801907011810074,0.022702266071156246,0.022522347783072477,0.34799122133905547,train,False,862
4,400,d,0.007066683102355984,0.007066663944077221,0.008273010516773507,-0.016341871322174076,-0.016341980617645895,0.006455088781373348,train,False,862
5,400,e,0.16535073194423627,0.165346666981764,0.24230374418089934,0.1676744589371096,0.16766744514558976,0.3244018088092857,train,False,862
0,100,c,0.09984859432626607,0.09987299882998077,0.1298657219765272,0.027287794547683434,0.02725856104764823,0.6641029922708022,train,False,863
1,100,d,0.014370047471676877,0.014370431737611513,0.008022245203370186,-0.01740899337148216,-0.017410714510378008,-0.010002992453456426,train,False,863
2,100,e,0.24554306306202953,0.24551475019892877,0.29720611089433396,0.11723992670323995,0.1172329044287266,0.3070709673100393,train,False,863
3,400,c,0.05633006556243823,0.05629369870204967,0.060164682524716344,0.046149744074772625,0.046137927299330105,1.1898306179052438,train,False,863
4,400,d,0.007471705935708749,0.007469957060726324,0.006703910934011719,0.008611167787823231,0.00860957735023529,0.037200600119911977,train,False,863
5,400,e,0.1938445958350906,0.19391275549780407,0.37322855990078646,0.18590922599342058,0.1858580194325896,0.3136548947772902,train,False,863
0,100,c,0.07941824166991304,0.07943470845359837,0.13462510328646235,0.05226474754663009,0.0522472394038266,0.44832862717620403,train,False,864
1,100,d,0.005769611799919425,0.005768999247306634,0.007359343593404033,0.009632337213538058,0.009630469476138935,0.12730549044536218,train,False,864
2,100,e,0.2234784317865687,0.2234924109823403,0.2674097304880136,0.10472599441321898,0.10471781816873751,0.2872784824916804,train,False,864
3,400,c,0.06149403168409598,0.06149429963724029,0.08719246644510091,0.05807447656079049,0.05805494429104918,0.821647151693004,train,False,864
4,400,d,0.006518632441130744,0.006534996783161485,0.005259298419071916,0.004379977906552846,0.004381112459782255,0.14190187658119538,train,False,864
5,400,e,0.16823597994203435,0.16823145577793125,0.25139958394104517,0.15038605165519614,0.1503752724688728,0.30657306891767927,train,False,864
0,100,c,0.06919466214127906,0.06922168145900215,0.07232563094367567,-0.13652306153589877,-0.13653235469993583,0.31035676126332307,train,False,865
1,100,d,0.003856918412862899,0.003840263595100129,0.004144083194595058,-0.005180867354690104,-0.0051884337197142475,-0.0050172138781551115,train,False,865
2,100,e,0.2123940085597775,0.21239348422545695,0.2728964830400462,0.12845477075700934,0.1284436979782648,0.3234116729143676,train,False,865
3,400,c,0.061865121879521194,0.0618373261995633,0.07721820149164338,0.03174509808417511,0.0317368677048588,0.360629862815704,train,False,865
4,400,d,0.00731312455403136,0.007312649636496266,0.006690079069462542,0.0120629225482549,0.012063761482774566,0.20736065266180453,train,False,865
5,400,e,0.19771301364869362,0.19819554066905126,0.31322005955157517,0.15392564726471888,0.15422791750240492,0.31950766121488716,train,False,865
0,100,c,0.05448072298969998,0.054479437137979515,0.08835555040369064,-0.038252087193247776,-0.038263739261418406,0.5915811659902547,train,False,866
1,100,d,0.013170223320047046,0.01317292955943143,0.012282435499916852,0.007051231808414063,0.007050709592379665,0.007764509510495117,train,False,866
2,100,e,0.22482889143321239,0.22532562909664647,0.36159700945870205,0.1282476518616224,0.1282184930709824,0.2816305002655708,train,False,866
3,400,c,0.055461584045857826,0.055461692528215485,0.08043438794348966,-0.011124575589958496,-0.011123923940937388,0.8764047589530342,train,False,866
4,400,d,0.004924811994858456,0.00491814746879532,0.005305281469654985,0.017771847312121062,0.017770727187511,0.04216396285366791,train,False,866
5,400,e,0.16679297046571098,0.16390152198196403,0.26893851288289977,0.1576416415790839,0.1600315981862108,0.2941338591038653,train,False,866
0,100,c,0.055079402830741066,0.05507955608989725,0.09847144834947753,0.06552985233965011,0.06552917928196017,0.37818534518712965,train,False,867
1,100,d,0.00585136272416996,0.005851459126540182,0.0075914630195291185,0.0197085323666772,0.0197081467043639,0.021270929039981415,train,False,867
2,100,e,0.2672295633388463,0.26832628523418095,0.36707040128812124,0.13393064943402969,0.14881694038947543,0.29286666430574704,train,False,867
3,400,c,0.08918019971016433,0.08918554125017618,0.09781341900868093,0.06377511603488045,0.06376750845267332,0.8624377437444605,train,False,867
4,400,d,0.005240014942129599,0.005240104113517061,0.00638761105623331,-0.007457796941915689,-0.007458102883770685,0.015570702501325702,train,False,867
5,400,e,0.1910873735953131,0.19108789329901638,0.2623016749134415,0.15278535700263068,0.152769687024354,0.28369425027213085,train,False,867
0,100,c,0.07973646244365314,0.07169281176790929,0.08305726646907857,0.05476156869626017,0.057118951041914556,0.4701158441372091,train,False,868
1,100,d,0.004843879573706319,0.004848506606567105,0.006255802366701695,0.010071249390940142,0.010069211443434511,0.045991903049509834,train,False,868
2,100,e,0.2509080442072822,0.2509162091323359,0.33836472095750336,0.16391643453212829,0.16390882644699312,0.271581072069935,train,False,868
3,400,c,0.05442892870745211,0.05443105297619408,0.08071822707756274,0.04071043291530202,0.040706661418112876,0.4100677065984965,train,False,868
4,400,d,0.010272888775866488,0.010275372814388357,0.011973310205000268,0.008897036973218704,0.00889540520484962,0.03422470994975134,train,False,868
5,400,e,0.22720271048383578,0.22718020080037607,0.2662908212755616,0.15595987441916648,0.1559435575643663,0.2979769189892956,train,False,868
0,100,c,0.055869364612766745,0.05587059974235047,0.07545254972395112,0.06004532014889513,0.06004347395413838,0.9145144696645301,train,False,869
1,100,d,0.008080699165586624,0.008080909399853465,0.007793761232638101,0.010005102761117523,0.01000470355486895,0.10000697877600467,train,False,869
2,100,e,0.18239206064984914,0.1823912693762466,0.2847476132471718,0.14794092228347044,0.14793682043417353,0.30365495815171767,train,False,869
3,400,c,0.05541267548876196,0.05541200826535869,0.0727217382870346,0.01194199705463909,0.011941638513677688,0.5591508834957034,train,False,869
4,400,d,0.011551453411132668,0.00651723050285011,0.006325036562873184,0.012101411935122907,0.013916359892329009,0.04462486932619962,train,False,869
5,400,e,0.1677617135971048,0.1675638014442136,0.2409161176640754,0.16104426197289193,0.16102961612064207,0.38588239287131126,train,False,869
0,100,c,0.07402793771399806,0.07393555424591836,0.09980362404585791,0.0021859798103048434,0.002175132730115976,0.29594014733647694,train,False,870
1,100,d,0.008950039204749054,0.008950651071016063,0.009940242060064629,-0.006313363864675541,-0.006313900646540276,0.045097167141674534,train,False,870
2,100,e,0.17200261128608132,0.1722132075042046,0.3454050346554922,0.10978764197198877,0.10979685060973453,0.3690488129956249,train,False,870
3,400,c,0.06414664335946269,0.06418353457743171,0.08347654682130129,0.1197391149252649,0.11970234750535162,0.8768449034521336,train,False,870
4,400,d,0.008537893412881697,0.008540571304479052,0.00945421152306256,-0.00936181798530102,-0.009363105379277847,0.04478956494339876,train,False,870
5,400,e,0.17788412636955808,0.17793131269424584,0.3168465322756358,0.18274847588990598,0.18273898926524404,0.2751101449057234,train,False,870
0,100,c,0.06608829779895485,0.06609388961002667,0.06707793839891162,0.03634071907298214,0.036336315508246814,0.4494067646793907,train,False,871
1,100,d,0.08229671275688304,0.08227589534383277,0.05800560910429708,-0.006174214485344756,-0.0061844256415406204,0.174641203581888,train,False,871
2,100,e,0.29125057179130664,0.2913914252815207,0.2728329064109298,0.12426623338180211,0.12426946362082245,0.30291580219881387,train,False,871
3,400,c,0.05832678224033063,0.058181649774406055,0.06489213237431399,-0.02502317275421362,-0.025062757869621848,0.7087730365869561,train,False,871
4,400,d,0.005992016234720493,0.006531250039140469,0.007146951562111062,0.008757741361691948,0.008510156661730868,0.028623854609586184,train,False,871
5,400,e,0.18049613025873196,0.1833702426740141,0.27010829664616015,0.14339797422399664,0.1435599593022078,0.36246919817124007,train,False,871
0,100,c,0.054975414679357966,0.054972430313825545,0.06241730682100241,0.0008771587832993077,0.0008678276967138743,0.40318442272102895,train,False,872
1,100,d,0.004354346510511815,0.004346176464898911,0.0056767847234771955,-0.020575390137939086,-0.02057583572054467,-0.02054058237630606,train,False,872
2,100,e,0.11430904108957829,0.11229982240722261,0.18394873038651313,0.1535372989394219,0.15401590159456802,0.3285506394382154,train,False,872
3,400,c,0.05026078376901047,0.052987298967732556,0.08131726175715517,0.06735524173784008,0.06567292924728861,0.6492367622642037,train,False,872
4,400,d,0.0052952451455357714,0.005295016576782223,0.003995105570871696,0.017856256211913574,0.01785620483740221,0.05415073749052088,train,False,872
5,400,e,0.18929159956635788,0.18928184545780347,0.3056184627475577,0.1585639065685269,0.15855491104807187,0.28644389349431376,train,False,872
0,100,c,0.22545423366108117,0.2255186590217094,0.09558513442351639,0.02037517666381419,0.020334848003624374,0.15448657769060645,train,False,873
1,100,d,0.01874927023096768,0.018752815378727736,0.024224908370771684,0.014533324368570995,0.01453205993432583,0.031107514779003313,train,False,873
2,100,e,0.19778729809706908,0.19779167031996484,0.25026960020203143,0.11852273585226328,0.11852272097551576,0.3364274652450399,train,False,873
3,400,c,0.05698452760641597,0.056984441486574965,0.06971785727551995,0.015157832704225882,0.015156805353043552,0.7909633808427178,train,False,873
4,400,d,0.009928652987991123,0.009935791204557206,0.010205706605869938,0.011436786961014979,0.011431710973981648,0.19489471101526426,train,False,873
5,400,e,0.17913180256936412,0.17822965398867172,0.26957164219768737,0.1690743820238034,0.1707403371862055,0.3901656908248545,train,False,873
0,100,c,0.060438857927414845,0.06043221220069245,0.097226224155437,0.07558732805292799,0.0755848443033645,0.5088589538436034,train,False,874
1,100,d,0.004180341277657755,0.00418052253191089,0.0066304592816846765,-0.019811010693516432,-0.01981146003523328,0.012812140900631909,train,False,874
2,100,e,0.1920893489702213,0.1920878254286731,0.20727909992165475,0.06279825041868964,0.06278544595583807,0.2904452430807837,train,False,874
3,400,c,0.06588103866009144,0.06737972803424845,0.0844518727294659,0.09025774039691939,0.08990745705908182,0.5663024431306263,train,False,874
4,400,d,0.014073716606320934,0.013659224587167644,0.006056136786920103,0.00514578903294975,0.004822756825502452,0.09361962896726532,train,False,874
5,400,e,0.22297414417413605,0.22302808785722092,0.29065426866047106,0.14471888096993432,0.14470568918084148,0.30184946588890893,train,False,874
0,100,c,0.05888316001273428,0.058839117793914875,0.062003028475102646,0.0742689150217214,0.07426794137846685,1.0272461044366974,train,False,875
1,100,d,0.01041810931288165,0.01044676442111459,0.008968409085680813,0.00038580109211846294,0.0003679075011172373,0.0766671349853753,train,False,875
2,100,e,0.272075167698991,0.25954502765175413,0.2888120334615942,0.11016108800077752,0.11349684791063588,0.38657224123156864,train,False,875
3,400,c,0.05612706992625731,0.056128695471121925,0.06653674717686968,0.024877818961423798,0.024867751672050246,0.26815781420836693,train,False,875
4,400,d,0.00922771694234111,0.009232253384264047,0.008253820677608704,0.021829754094942918,0.021827866125499345,0.11817618403291177,train,False,875
5,400,e,0.19129236350001272,0.1912355553345421,0.3037252955157991,0.15566066892120858,0.1556573683278487,0.3132627776055101,train,False,875
0,100,c,0.18160271782526685,0.18082962318802703,0.1259573947589293,0.017402287369299642,0.017370876414461948,0.7342621651706644,train,False,876
1,100,d,0.007007703965949173,0.008008707344867777,0.007684819447723063,-0.017150722687466688,-0.017753562029804115,0.02993836949647303,train,False,876
2,100,e,0.24958810450915123,0.25427796053512136,0.3037973873019691,0.13989486039315824,0.14018762980173174,0.2620692210552529,train,False,876
3,400,c,0.05301995917557286,0.0530263875435527,0.06979215667802584,0.038290554804697695,0.03826367955062146,0.8415954189346906,train,False,876
4,400,d,0.005295318941776079,0.005297777362499527,0.004033071762927025,-0.0015979260937473328,-0.0016000149391917696,0.05520991445999254,train,False,876
5,400,e,0.18039279248852813,0.1804687794568026,0.2349256244309364,0.12169376226723998,0.1216839699280736,0.28296280175310956,train,False,876
0,100,c,0.0718488779296786,0.07026182712497371,0.08752901033926476,-0.06334165389115419,-0.07045753003416039,0.585977863081401,train,False,877
1,100,d,0.005400640399254727,0.005400304771063865,0.007902566908575999,-0.013823030888190325,-0.01382273849493954,0.15070679031887532,train,False,877
2,100,e,0.14658759500750335,0.14657635784468237,0.2048600386345351,0.09587279336488475,0.09586255235142349,0.4191001076864112,train,False,877
3,400,c,0.05548958977095095,0.05549009531254317,0.08325815230653338,0.014460207309845501,0.014454665647122838,0.32143211813239814,train,False,877
4,400,d,0.027635106830351464,0.027501276263012436,0.00407093663067819,0.007503015960187938,0.00733123542717852,0.18003898883114036,train,False,877
5,400,e,0.18351478738808286,0.18351365278272153,0.2887102129271897,0.15639923229117686,0.15639352452367725,0.3639266061092449,train,False,877
0,100,c,0.122663474297796,0.12268279206869753,0.09935479911255783,0.09151722504723452,0.09150587623459558,0.859343835138569,train,False,878
1,100,d,0.033032227776869545,0.033039716378079356,0.025077554207930786,0.012921290670491673,0.0129190883984041,0.02449086609163606,train,False,878
2,100,e,0.2249331082741431,0.22463821461918507,0.2971815246709941,0.1276378380475083,0.1276102840270437,0.32665155903827214,train,False,878
3,400,c,0.06085235295719874,0.06087360882381608,0.07871361269042823,0.10614512600108611,0.10611262536174565,0.7793050114018846,train,False,878
4,400,d,0.013501765234895652,0.013501824660685653,0.014271228934480686,0.0022432216918776148,0.0022429422335765994,0.056223120133448795,train,False,878
5,400,e,0.19214104080982422,0.1921269627359305,0.28602971124883664,0.16506397637253828,0.1650595018813366,0.2823214120595648,train,False,878
0,100,c,0.06709989939698452,0.06710210578102045,0.06293809943427255,-0.027764534847939757,-0.02777623733329989,0.7562635831399322,train,False,879
1,100,d,0.03825205401790138,0.038226759119603645,0.01648340795950232,-0.004159531882008665,-0.004130926602346498,0.11305221547557182,train,False,879
2,100,e,0.1982751438347824,0.19827901576857598,0.24409263964947997,0.15452974988120172,0.15452112396532233,0.3406567793057688,train,False,879
3,400,c,0.05542208351285458,0.055421359833564374,0.08104218687852568,0.0202884963232011,0.02028516256446885,0.4236191175822352,train,False,879
4,400,d,0.004925407883302421,0.004922583186573922,0.005192678217524912,-0.0062584219162606656,-0.006257718384992721,0.11087931992894175,train,False,879
5,400,e,0.18278450999557358,0.18278197488754142,0.27048989578321203,0.16610654076650896,0.16609165449644414,0.3086314349607503,train,False,879
0,100,c,0.0678810620869753,0.0755869705857606,0.06380917383232268,0.10713051448946857,0.09593032746584172,0.8300650473831219,train,False,880
1,100,d,0.009313188262527325,0.00931340406595101,0.014155617085035566,-0.0007569606211230174,-0.000757274519851805,0.02126861050555048,train,False,880
2,100,e,0.19440401284105846,0.19658773141996785,0.25286516402881837,0.15449121866358134,0.1568872525473851,0.26000903277384213,train,False,880
3,400,c,0.0547645578145782,0.05476464122563863,0.07416632461355493,0.029450334416630215,0.02944972980491649,0.38557011144096565,train,False,880
4,400,d,0.009673296856978148,0.009623277469337652,0.005549045741870338,0.012350077179378492,0.012341298500583272,0.06627262722965853,train,False,880
5,400,e,0.19467527318834296,0.19467766880453927,0.26345818779104585,0.1587879750391744,0.15878133799080446,0.3036732795078001,train,False,880
0,100,c,0.24100045236881473,0.24136402904085724,0.14360888903696845,-0.09060154379634966,-0.09068457829775958,0.43511233108217273,train,False,881
1,100,d,0.01112681249891759,0.019737761571836744,0.013163801765996307,-0.02248383584872787,-0.028060931965721816,0.10415985857724769,train,False,881
2,100,e,0.18822163913719472,0.19230394494690103,0.33579030446735636,0.132762775701312,0.1356633278873006,0.2786971302416598,train,False,881
3,400,c,0.06232456652517866,0.06215366377846523,0.09132765562572681,0.0003566790595431968,0.0003142920554805784,0.46714373003864074,train,False,881
4,400,d,0.005490826052713121,0.005489264904638875,0.006603082611694605,-0.010209603425504721,-0.010292137351052588,0.01298982871888903,train,False,881
5,400,e,0.20171046235608156,0.20172109740652794,0.28413628474801617,0.13720514121045774,0.13719508837533964,0.3130984170186628,train,False,881
0,100,c,0.07794381237049544,0.07793375581854062,0.12496944942641541,0.018618443178610847,0.018615141570413343,0.6546371286477765,train,False,882
1,100,d,0.0145082034190062,0.014481902571049672,0.005786807675964265,0.01834302420237103,0.01834229730030293,0.04294291135318312,train,False,882
2,100,e,0.22649575900713803,0.2264973445931516,0.2679296998509611,0.03210194005513515,0.03209661042792618,0.4381076619382985,train,False,882
3,400,c,0.07775340692641333,0.07781994523688449,0.10272663979974452,0.013522625266785368,0.013475742253723482,0.5383517158382558,train,False,882
4,400,d,0.0073620923621617864,0.007369898559580419,0.007735481750274201,0.01952234905238063,0.019519841831327316,0.0927900755777181,train,False,882
5,400,e,0.19291844243244324,0.19295675911149499,0.3402238615847042,0.15391998540387833,0.15391637624195412,0.3484098102658642,train,False,882
0,100,c,0.06542909325938959,0.0652214383885774,0.0863588260068656,0.04061075022480438,0.040484579672098134,0.5046731532741509,train,False,883
1,100,d,0.033014330340369095,0.033021049958630685,0.010677784907444003,0.018722397530745595,0.018720431844070618,0.149963555202248,train,False,883
2,100,e,0.2773473847509594,0.277342915250397,0.3429876506996025,0.08997926022231827,0.08997143559536565,0.46619143352268466,train,False,883
3,400,c,0.05273500330363255,0.052722031911532186,0.06655225971560588,-0.030300098693143485,-0.030311082715821558,0.2577046329681232,train,False,883
4,400,d,0.005298267527957868,0.005282246556686403,0.0063631487239769234,0.004199785464920733,0.004197105326468762,0.07051623779137381,train,False,883
5,400,e,0.165443924911958,0.16511580861227318,0.2762049378642778,0.168182856352672,0.1681616093378087,0.30296827026082285,train,False,883
0,100,c,0.1145898033462863,0.11460947187536971,0.07725723582395759,0.06290213514792768,0.06288977326870353,0.42219728410517765,train,False,884
1,100,d,0.00581757960255571,0.0058177251355701455,0.007543513178722284,-0.021438618951524033,-0.021438951427635935,0.0373855054331591,train,False,884
2,100,e,0.20120520193527106,0.2977093301715732,0.25183356402358503,0.08131451880360377,0.09543632436454626,0.3773283470251724,train,False,884
3,400,c,0.05130223029496703,0.05130189271472762,0.0812245178510681,0.012238936927074064,0.012238080986441632,0.5171540844753975,train,False,884
4,400,d,0.005099044286472751,0.005096916901326674,0.005909881946559131,0.011533997357132791,0.01153391813678363,0.10407650242313364,train,False,884
5,400,e,0.16150601190903932,0.16148158802422366,0.21359648280389312,0.15535593555017002,0.15534778425417814,0.3015807069977078,train,False,884
0,100,c,0.08710450943342428,0.08711273313380195,0.05900373860579589,-0.01735834764760412,-0.017366405325859022,1.0577448236665812,train,False,885
1,100,d,0.007937012299961499,0.007934757160877229,0.012818049194326536,-0.005845382187508755,-0.005845453850763675,0.025417832644032502,train,False,885
2,100,e,0.16794182861447246,0.16779487955874584,0.24592584182067892,0.12957212483937774,0.12956502350565352,0.29041314721425343,train,False,885
3,400,c,0.061271373286779875,0.1055627651901196,0.0935602176773282,0.033966623275176605,0.01615147341912348,0.7301759616403044,train,False,885
4,400,d,0.009665170794697042,0.009829854510302969,0.005829100715408915,0.018729226083068973,0.018711487119706226,0.10742868970911333,train,False,885
5,400,e,0.23323792567469412,0.2314748637892915,0.33973499039113103,0.17970392307368432,0.17925968401171258,0.35067105046326846,train,False,885
0,100,c,0.05540583846343946,0.05540770833723727,0.06685530491631135,-0.05751459066085779,-0.05752321115719823,0.7506247980381312,train,False,886
1,100,d,0.003281661504343332,0.0032817177632130917,0.002648174043913279,-0.015096980516913891,-0.015097219638554904,0.0702425805968512,train,False,886
2,100,e,0.19611632194912842,0.19610058793466692,0.2576942154484728,0.09034351982321727,0.09034087555720195,0.39908746152533026,train,False,886
3,400,c,0.06636924817584938,0.06636746028468836,0.07614436487206225,0.1067576902389753,0.10675182248565236,0.5420302210594244,train,False,886
4,400,d,0.010626016366774314,0.010703826058801167,0.008561680173194945,0.0005130569397787,0.000391497992697154,0.0945616123071671,train,False,886
5,400,e,0.19163525598589573,0.18997770749704088,0.27275112369939825,0.1531813764562224,0.1530200144043813,0.3340619542427591,train,False,886
0,100,c,0.04898649632805034,0.04900402530171274,0.10151226854008026,-0.010729354740867052,-0.010733514498042851,0.5604622231167585,train,False,887
1,100,d,0.021331953839637832,0.021322123074953517,0.01198432209119359,0.017329440317468466,0.017327268165035773,0.03530061549372341,train,False,887
2,100,e,0.2449009951008223,0.28077370461004014,0.4193385668070896,0.15700695666513206,0.1575133797720786,0.35802475365727643,train,False,887
3,400,c,0.05265113403248493,0.05270284035132637,0.0688387657285172,0.053472047523696276,0.05340775505452875,0.6258131634685133,train,False,887
4,400,d,0.011503462124147707,0.011508837348796996,0.0074818745299443665,0.011482036716202834,0.011478956022772203,0.03328147329798936,train,False,887
5,400,e,0.1905899090752532,0.19535847891032304,0.266742531696027,0.15446524653266522,0.15356224388942522,0.3469230502308648,train,False,887
0,100,c,0.0647086896320975,0.0647321092309344,0.08079908467521277,0.043128478901083865,0.04311924570101205,0.46161443060938495,train,False,888
1,100,d,0.005818010402127277,0.005818032352410791,0.006885173113956425,-0.003253671230251456,-0.0032539688784333264,0.022619150457938327,train,False,888
2,100,e,0.15852120727048902,0.15852481561616927,0.26365858052917407,0.1611832281744538,0.16118980649692854,0.3006580886183834,train,False,888
3,400,c,0.05294172171855414,0.05279170717837844,0.07679937169925105,0.05518036999360589,0.0552480994958308,0.5842048656014053,train,False,888
4,400,d,0.004446264393802438,0.004446394195302079,0.005303565514827033,-0.01395630042243324,-0.013956674918410244,0.03306963644512903,train,False,888
5,400,e,0.18019829489936282,0.18047911430924027,0.28382129737952616,0.13746127718465495,0.1374336838950331,0.33294774370497526,train,False,888
0,100,c,0.08228814142260443,0.08228897251936211,0.09994645971128882,0.07354384638629703,0.07353456827593462,0.7487014046759577,train,False,889
1,100,d,0.004954332832295572,0.004970126615543576,0.004379382765034988,-0.006188436380195572,-0.00619808770245875,0.1051264769914884,train,False,889
2,100,e,0.26016269637823813,0.26016740726786675,0.31810770225457713,0.1371578895518953,0.13716392500304217,0.2782349503079743,train,False,889
3,400,c,0.06717929644468656,0.06718243506451425,0.0856816105175794,0.06229890512983005,0.06229502421738957,0.5310671792447201,train,False,889
4,400,d,0.007738673389495569,0.007740486164309883,0.008123213288947275,0.013774598033182227,0.01377222549509316,0.05880247312192649,train,False,889
5,400,e,0.20144473125924572,0.20141636293833812,0.29190935204152046,0.16972411583391192,0.16971568662917258,0.33444279248266695,train,False,889
0,100,c,0.175175826612197,0.175244687526438,0.0825143708439904,0.04485292816210816,0.04483535908760395,0.16245590718948535,train,False,890
1,100,d,0.011687870561915836,0.014123468408597226,0.014673093786275196,0.010615741228269365,0.009300522705515154,0.05170535458261941,train,False,890
2,100,e,0.1756097325831725,0.17560513958513707,0.3146049284494598,0.17104141502760853,0.17103285039862534,0.3228231341704166,train,False,890
3,400,c,0.059991733671159835,0.06020343533410696,0.08467636202765917,0.0017718673182412204,0.0017296942607956112,0.5304017559526918,train,False,890
4,400,d,0.005663702199833984,0.005663768692842915,0.005851374960558703,-0.00965868992618173,-0.009658828440517695,0.0378902214181181,train,False,890
5,400,e,0.1626008740583879,0.16260113768219348,0.23808972109097126,0.13273117731666262,0.13272074823342891,0.33074046830036763,train,False,890
0,100,c,0.2705427046336755,0.2702651156308914,0.19736987580315205,-0.129612067761039,-0.12962645115196353,0.8887267504149372,train,False,891
1,100,d,0.013689148208579093,0.013641411998335842,0.00729130892094986,0.021992909902205485,0.02198994137184908,0.06186727272847094,train,False,891
2,100,e,0.1784011571592362,0.17851501444672518,0.2703493135105716,0.1780874148153326,0.1853677496974653,0.3038920229871715,train,False,891
3,400,c,0.0658953197485691,0.06589986469915192,0.08588624277686904,0.08714076792355861,0.08713415558883128,0.5616139382739853,train,False,891
4,400,d,0.0046495448233378036,0.004649720580536612,0.004675851495226889,0.009431327710204478,0.009431088775176556,0.03388590981888601,train,False,891
5,400,e,0.19516854928577923,0.193715240028333,0.258975819591086,0.15608005811930192,0.15447913042463823,0.3129652674610713,train,False,891
0,100,c,0.07438948717519918,0.07403497752582522,0.06420268354649811,-0.05837896130281763,-0.05843729408047473,1.0483814326313896,train,False,892
1,100,d,0.0047965658978296535,0.004797072298962252,0.004376973569338496,0.014702225385314752,0.014701721079623588,0.04851864982647232,train,False,892
2,100,e,0.22954018875635873,0.22978534429075995,0.37738652608133316,0.15820755397562408,0.1581991419954018,0.28228694769082957,train,False,892
3,400,c,0.05163786249288347,0.05171564745911554,0.0675625923306084,0.07226218813330078,0.07218457246648172,0.6783912156197727,train,False,892
4,400,d,0.0060245250187654885,0.006022470972649309,0.005593449095572146,0.005788774817409568,0.005787342161283835,0.030831000308468984,train,False,892
5,400,e,0.1978104803435027,0.19781598128469752,0.27521948696687015,0.14609507713960226,0.14608760933833637,0.40463035932016583,train,False,892
0,100,c,0.08283244060225052,0.08289083929277917,0.171052159840897,0.01955397506470902,0.01955064516074323,0.4419300585874491,train,False,893
1,100,d,0.0076804627781888015,0.007681750114865121,0.007472701896316368,-0.001057220276199633,-0.0010576278938108886,0.04050069605232588,train,False,893
2,100,e,0.22401865611937005,0.22399794987394178,0.3105515693092899,0.11495135533740325,0.11495099834151618,0.33605698856348154,train,False,893
3,400,c,0.060039305140447745,0.059979602816296156,0.07452602661212498,0.030256026221484617,0.03025212378428627,0.5153619798661304,train,False,893
4,400,d,0.013309885823908916,0.015938420923365983,0.01486017153890981,0.0013955170045992739,0.00016343368280583804,0.07379539895573234,train,False,893
5,400,e,0.2173681753194982,0.21816066738883402,0.26829932329391576,0.15045138002809819,0.1504534636960909,0.3219234498430328,train,False,893
0,100,c,0.06428472716747051,0.062103889816383,0.09637316255035787,-0.036873759514573265,-0.03849558712584838,0.5217401354723762,train,False,894
1,100,d,0.006564157601133256,0.006565179623961893,0.0037957674120736684,0.00828250553660876,0.008281874048207386,0.02567665687661325,train,False,894
2,100,e,0.15712077842287722,0.16219722633955644,0.30476318452707535,0.14690026396367337,0.14887279829334746,0.3042349703898877,train,False,894
3,400,c,0.07517386646179201,0.07506572772711256,0.08286699989835243,0.03650785810323121,0.036485429027624076,0.3819190974635559,train,False,894
4,400,d,0.006541827518928792,0.006543348254751235,0.004664854490144059,0.015416526142725484,0.015415598150295171,0.06780198878764436,train,False,894
5,400,e,0.15603923494748614,0.15602261601704956,0.227917123726516,0.14412308901531767,0.1441043110582139,0.3259639973713031,train,False,894
0,100,c,0.08846028082884679,0.08846569690686268,0.09118363562759425,0.14766800062743926,0.14765677286172404,0.5606540371498082,train,False,895
1,100,d,0.009262197380817351,0.009262272523443261,0.007757535928163224,0.0032634003712960257,0.0032634021128365733,0.05262062946234918,train,False,895
2,100,e,0.23186382933692773,0.23186873733087845,0.2828103543717806,0.11417467370333252,0.11415867687599683,0.38183197457698964,train,False,895
3,400,c,0.054457818511658054,0.054456817333247566,0.07808972491767455,0.02001779842604229,0.020016171433124796,0.6410420179149235,train,False,895
4,400,d,0.0057869505807115204,0.005786861388815353,0.006815352987717337,0.013235871636484368,0.013235749414540515,0.08558690942544685,train,False,895
5,400,e,0.16942776163070059,0.16942115995563062,0.26797697310506946,0.1770058417120499,0.17699952011411704,0.2785004193948549,train,False,895
0,100,c,0.05399130343422098,0.05398441702630418,0.08023104550740989,0.03436634294208019,0.03437406675262054,0.5596030747581524,train,False,896
1,100,d,0.004895665984173307,0.004895725180814596,0.0053780932495299475,-0.029045292835810612,-0.029045789214140055,-0.012731309560296538,train,False,896
2,100,e,0.19289610474832444,0.192920179804677,0.20930424823177962,0.13160196513059677,0.13159665810246968,0.31739718802240846,train,False,896
3,400,c,0.054448432559042415,0.0544744183166603,0.07905859334901937,0.08124893003382119,0.08122440524196783,0.9575276781585913,train,False,896
4,400,d,0.005364517259269945,0.00536455692000694,0.004796438456941941,-0.010070809418798668,-0.010070964794079078,0.05004734943256864,train,False,896
5,400,e,0.15298169263578437,0.1529834807647749,0.2505375296605581,0.15738974662495941,0.1573794553584431,0.3206408993726907,train,False,896
0,100,c,0.0917975146146609,0.09181602153775369,0.07399408232846504,-0.023705109380433527,-0.023710342257613277,0.6462872497410035,train,False,897
1,100,d,0.01747116909903261,0.017474149981278036,0.007706867747200118,0.006065372671009079,0.0060635111901618365,0.08903324384304724,train,False,897
2,100,e,0.22275796456571734,0.22273709952279153,0.35332961926904455,0.1580300743717796,0.1580258779051902,0.2735463942656083,train,False,897
3,400,c,0.05920199897098976,0.059189041815583716,0.10016761483645159,-0.0013634179725258379,-0.0013671692314816397,0.4200482511873051,train,False,897
4,400,d,0.004740426916307519,0.0046945148528097745,0.005490257107839237,-0.0025761506689184798,-0.002582118357005605,0.037428424024849694,train,False,897
5,400,e,0.16761488790122378,0.16760280951990403,0.23092261434633443,0.12881203253131,0.12881918447014407,0.3596135914240138,train,False,897
0,100,c,0.08912059611666566,0.08854022309402047,0.0553684326212866,0.058002505237220066,0.057991506148308,0.4712469986941024,train,False,898
1,100,d,0.016423400294322755,0.01643145857444691,0.01175342512123873,-0.001241852790980218,-0.0012430092096221302,0.10633983779589394,train,False,898
2,100,e,0.26978645080543556,0.2697573042097208,0.31851956258127684,0.1321440956430621,0.13213572747708383,0.27851520676396907,train,False,898
3,400,c,0.050162089220123926,0.05026882086138402,0.07080344881835016,0.06907289203214283,0.06903391011621594,0.442643844107321,train,False,898
4,400,d,0.007404019160618229,0.0074080940490522185,0.0069331210970332725,0.015232519246094506,0.015232030993312868,0.26635594909902394,train,False,898
5,400,e,0.1630289456716899,0.16303725523302678,0.26875257641188266,0.16325122091471397,0.16324556637427418,0.3092339925925559,train,False,898
0,100,c,0.07079688860587885,0.07079621087592562,0.11076656616393049,-0.10194923781925148,-0.10195020160983667,0.5686737405273562,train,False,899
1,100,d,0.006904918641062637,0.00686187122706497,0.006665509414960814,-0.007442541371296976,-0.007428130787119081,0.021149031662009554,train,False,899
2,100,e,0.1611711766842741,0.16116891486357932,0.1558454539065558,0.09663076305437805,0.09662466835507402,0.36796857552682133,train,False,899
3,400,c,0.0605419540572593,0.060525589803404965,0.07993418473182902,0.05488633131558942,0.054891697557084174,0.712082851778326,train,False,899
4,400,d,0.004988670166704755,0.004988784595404536,0.005180218983311219,-0.012690892184384222,-0.012691232441905705,0.04305067972138035,train,False,899
5,400,e,0.19998230798196776,0.20005016842874035,0.25831315506157365,0.15096306846685933,0.15095257771775722,0.28988283270585663,train,False,899
0,100,c,0.06233357507768614,0.05908067446915215,0.08533309249837064,-0.032160638619691116,-0.03229499144421823,0.3389112435209852,train,False,900
1,100,d,0.006328277722975689,0.006328938434863779,0.013734536649457759,-0.004062270891774773,-0.004062933783221219,0.0461416660926205,train,False,900
2,100,e,0.20987595136119355,0.2098519803535299,0.2559499945742885,0.09842276680666075,0.09841974950442335,0.27555470237273755,train,False,900
3,400,c,0.0937599254553373,0.08686338529123411,0.09384511639371668,0.013105811295869928,0.011204516323928146,1.0649237116384798,train,False,900
4,400,d,0.004428796946691243,0.00436682704563317,0.004840471247341721,-0.0005140345867689433,-0.0006037981726388076,0.05613757820111951,train,False,900
5,400,e,0.20101510343745047,0.20059001451280165,0.2722995740536514,0.16930141111652475,0.16925947329723998,0.3257431420136088,train,False,900
0,100,c,0.051007791699252444,0.051000198992883175,0.063011219061619,0.048451737199562216,0.048442235048022086,0.5916824443017863,train,False,901
1,100,d,0.006386197680569661,0.006389435206896653,0.007954961551346265,-0.017481866972211612,-0.017484126107464668,0.010914323905230124,train,False,901
2,100,e,0.1783788399509927,0.18693950470056858,0.2605796139863964,0.11067915515596606,0.11080840059566593,0.3704069168533165,train,False,901
3,400,c,0.07469565912000474,0.07465649917797297,0.07409014536274411,0.013036415446829253,0.012959925460793472,0.5689463417953958,train,False,901
4,400,d,0.004184006879151347,0.004184393233508192,0.005292440571541632,-0.00041887047208346575,-0.00041923835930674614,0.07049405041334855,train,False,901
5,400,e,0.17509740023801812,0.16311107828923835,0.2613847595828834,0.15341909317737915,0.15419988879931582,0.3568897339843015,train,False,901
0,100,c,0.07443956471638093,0.07444516323241561,0.08951791945942394,0.014183816738060316,0.014182125604178211,0.293538686877377,train,False,902
1,100,d,0.009183436286993057,0.009199809074864304,0.007962586187951039,-0.021551749570639878,-0.021552713896604063,-0.009518586933974475,train,False,902
2,100,e,0.20641820185063384,0.20638788411367182,0.23368456575819482,0.0751587764374073,0.07514603986487828,0.4035594674460052,train,False,902
3,400,c,0.057268999118046615,0.05726835012517177,0.09709806191498246,0.07028583260610105,0.07028160040719769,0.4679671305802238,train,False,902
4,400,d,0.004863003541733251,0.004883497916794588,0.005063092750760339,-0.0026658988049145195,-0.002673388100674643,0.0710606575416697,train,False,902
5,400,e,0.15080116503672633,0.1518087010619945,0.2521062821103448,0.1567663782517004,0.1578946913411181,0.31711244819012746,train,False,902
0,100,c,0.07685165443658087,0.07680112708336463,0.09231405032249633,-0.04787654103531523,-0.0478652537618138,0.49200656552937766,train,False,903
1,100,d,0.003623031692425983,0.003623490099190843,0.0036450046577107924,0.0011580590847516702,0.0011576023746891373,0.0012679111608040294,train,False,903
2,100,e,0.19482136993997723,0.19482855121903314,0.1989617497571093,0.0688857867338335,0.06887999838525524,0.40501272927890275,train,False,903
3,400,c,0.05447337811297171,0.05447044994336693,0.09114448581809904,0.03678164989370352,0.03677589525981936,0.4169257281325754,train,False,903
4,400,d,0.005079118800824519,0.01162028862807881,0.006577546087300159,0.013902626754593667,0.008623322987584477,0.10404406633043013,train,False,903
5,400,e,0.1769649547970718,0.17746688730900473,0.26341600084277245,0.16472476085852264,0.16483793793502458,0.35097473855058253,train,False,903
0,100,c,0.07593639712363207,0.07596229956936514,0.08871561023741151,0.05652529141969176,0.05650246441096407,0.8094161658161361,train,False,904
1,100,d,0.005533756058019225,0.00553261295347525,0.004250272517234163,0.0039564823347105005,0.0039573821360851195,0.11448863311872447,train,False,904
2,100,e,0.32210011931461724,0.3220850651570999,0.35984258727104107,0.11870293604237944,0.11870161642925141,0.32869575098368103,train,False,904
3,400,c,0.058991913751178265,0.05906659363291583,0.08241745329322939,0.07860038729567606,0.0785839191813139,0.39911477392271555,train,False,904
4,400,d,0.004178388719530215,0.0041244109218075645,0.004158993331658499,-0.002124316190374884,-0.002132575090447233,0.050413808411136234,train,False,904
5,400,e,0.1844029197228641,0.1845745287603482,0.23901617760953683,0.16363581104003785,0.16362942741871797,0.35584532870735397,train,False,904
0,100,c,0.06697678918991383,0.06697165633785473,0.10475908675412177,-0.09149362692788969,-0.0915148825908065,0.7653050668783168,train,False,905
1,100,d,0.006203185099948384,0.008142762208133404,0.009331276080153932,-0.02535372669217079,-0.02661073331448211,0.038951748342175616,train,False,905
2,100,e,0.12669085251755308,0.1301782318271234,0.20779057785966362,0.0982802712811263,0.09515255794805065,0.2874006586233418,train,False,905
3,400,c,0.06539318830939134,0.06531891734494066,0.09316171964435462,-0.04691820672253904,-0.04692620292048538,0.47332034821971397,train,False,905
4,400,d,0.00563538289794907,0.00564167300160676,0.005775489149041608,0.016524511046642675,0.016516667596414472,0.01859179734833939,train,False,905
5,400,e,0.22032334687228633,0.22030239288734216,0.29604089388869737,0.12425822831976038,0.12424482172090112,0.3879942358043006,train,False,905
0,100,c,0.08949699697127857,0.08956191135995206,0.083129963208422,0.14441867408845774,0.14437136422887428,0.6068575900225892,train,False,906
1,100,d,0.0056002862965007305,0.005600350965724218,0.00525545698968606,-0.0069254405953135395,-0.006925805255847379,0.026170903297337914,train,False,906
2,100,e,0.21286406880188913,0.21092535662797232,0.2837698588800123,0.11810744215123692,0.11799295659614806,0.4186650076059589,train,False,906
3,400,c,0.05791085262023202,0.058095050182025536,0.07546143978984657,-0.024008112519925504,-0.024055562937060557,0.7040536503068562,train,False,906
4,400,d,0.013545812371570645,0.013565780219026817,0.006999487578377852,0.011688880370086335,0.011683561313088191,0.10213177190867206,train,False,906
5,400,e,0.18450433111241454,0.18433598819167077,0.2807403707502703,0.14991844211339475,0.14803123288645614,0.34174510559820415,train,False,906
0,100,c,0.06265800589954787,0.06264430963748804,0.06410427536047988,0.0074118993048298875,0.00739617244783581,0.7119371915233634,train,False,907
1,100,d,0.007053968097884077,0.0070539545791777295,0.007571304368075784,-0.05216548941630807,-0.05216596185295682,-0.03932765213461572,train,False,907
2,100,e,0.20972371234165035,0.20974146725055026,0.23748823396604807,0.12315189027808941,0.1231399722473315,0.3121561977550187,train,False,907
3,400,c,0.06015200515133049,0.06014706523880494,0.07637079287712124,0.02462321073940231,0.024613087307985566,0.5915931944518014,train,False,907
4,400,d,0.008178925119234983,0.008181186531299598,0.009021936617660032,-0.005166225249109768,-0.005168378250379764,-0.0041492422315447895,train,False,907
5,400,e,0.19362544393555653,0.19380890805768863,0.21398666882681439,0.14236205395837231,0.14235336121381495,0.3287756427833922,train,False,907
0,100,c,0.05551696702422942,0.05550316034067687,0.07161736370202845,-0.01009988600058577,-0.010109781311119762,0.3129292680077128,train,False,908
1,100,d,0.005316433121218218,0.005320898985693486,0.0052861175017423065,-0.003648093364315326,-0.003650710156821635,0.00030618063339474586,train,False,908
2,100,e,0.2832262134338994,0.2838933170978015,0.3525626988049448,0.11075423906474725,0.11075154499203023,0.36230588491356674,train,False,908
3,400,c,0.0697654393491679,0.06977786168194373,0.09345533849021903,0.04096266903459778,0.04095196103447748,0.43966923533316454,train,False,908
4,400,d,0.009365654551506097,0.009370538796655233,0.00957432269832753,0.004696893746269968,0.004694553931669745,0.07672989151450019,train,False,908
5,400,e,0.21909020973819868,0.21903884411858607,0.2587574128861812,0.15151371497679525,0.15150517252946086,0.32381358184942244,train,False,908
0,100,c,0.06692337528168223,0.06694892642764766,0.06372492415712885,0.05951140682526806,0.059486918859392834,0.9886165502257782,train,False,909
1,100,d,0.0033815195175059343,0.003381569419947043,0.0034510219592091807,-0.023018357598806157,-0.0230188424112907,0.03276482711016346,train,False,909
2,100,e,0.239161019694625,0.23715350431267568,0.2498856075756785,0.05251032550959828,0.055230254106159435,0.39326431726935823,train,False,909
3,400,c,0.07398046016942074,0.07035368588589881,0.09194825486454256,0.07041449254911519,0.07043134639286208,0.6326168466807157,train,False,909
4,400,d,0.004776892251366411,0.0047770354114198285,0.005346669527864548,0.003683668402861926,0.0036834271737464877,0.04790185037428488,train,False,909
5,400,e,0.19417573255653153,0.19411486497013766,0.26373211231485955,0.1415040068506839,0.141491865686761,0.34398950943189815,train,False,909
0,100,c,0.06157656056062441,0.061545111291731514,0.07300041942750887,-0.019208117563129436,-0.01922995221397372,0.37043667119160517,train,False,910
1,100,d,0.011366561140702953,0.011366888505183874,0.006603845213220838,-0.021385219379764335,-0.021385319937479448,0.07559834636287852,train,False,910
2,100,e,0.1354664965558409,0.13548481894822276,0.3589789600814377,0.12947647428526401,0.1294682916104604,0.34729218536338025,train,False,910
3,400,c,0.10992443843869179,0.11040475424784649,0.09141996953966315,0.05482182660459685,0.054618258095243705,1.3492448224091274,train,False,910
4,400,d,0.004625978195577298,0.004656096681481272,0.005309352624676275,-0.010920314778619763,-0.010990837096145008,0.017530961338564844,train,False,910
5,400,e,0.16573338520460745,0.1659607700967325,0.23413541708899313,0.1448290577732225,0.14480551828312446,0.3366457467728964,train,False,910
0,100,c,0.06649420134301347,0.06650267835969044,0.08777763729524599,0.04229130905892049,0.04228451141860234,0.6400969509335022,train,False,911
1,100,d,0.0036981030873154434,0.0036981577944319773,0.00488475120812683,-0.01851162380674898,-0.018512153111780717,0.009134323937342561,train,False,911
2,100,e,0.15382343921744213,0.15381786929441105,0.2564097977946582,0.12359014500267726,0.12358145340792383,0.2995232467222835,train,False,911
3,400,c,0.05658173836159685,0.056594955989619826,0.0659833467941345,0.05981063157814887,0.05979207526132072,0.7204149259968622,train,False,911
4,400,d,0.00359884931906436,0.0036220111080471503,0.003862640931611822,0.004757849838902608,0.004698049781393561,0.03191574424589577,train,False,911
5,400,e,0.17456067517620838,0.18302137927489073,0.23941032651405048,0.15464458351194993,0.1551395450409654,0.32683590018928316,train,False,911
0,100,c,0.06007908206910773,0.060070014695503014,0.09638777797597403,-0.03126588635863584,-0.03127284023456241,0.5662689760646045,train,False,912
1,100,d,0.00474610978612855,0.004746198051627924,0.00610394866278531,-0.017094856530690112,-0.017095353848738757,0.0083758640637787,train,False,912
2,100,e,0.16476937545921827,0.16476876450784178,0.2017261214905146,0.15080048758991224,0.15079778175020495,0.30322773673985254,train,False,912
3,400,c,0.0589149032090004,0.05895812709388576,0.06654218360620619,0.045380788964110436,0.04531481829862507,0.8881463780383377,train,False,912
4,400,d,0.004741473288940151,0.004740704583884684,0.005683501820382242,-0.01060074090940919,-0.010601021564526185,0.050705046369619,train,False,912
5,400,e,0.18384229581715952,0.18380329669184406,0.27228556505089385,0.1579298148160547,0.15788283808734935,0.383259993260766,train,False,912
0,100,c,0.08185806778483239,0.08186117615954405,0.0808982408643929,0.07207804225729035,0.07207425666404163,0.5897821901479634,train,False,913
1,100,d,0.008320285319362014,0.00831828855509221,0.015001309429050475,0.025845904964636297,0.025842236784088757,0.06547521995759494,train,False,913
2,100,e,0.2413483266130734,0.24134703103910013,0.3653333666467101,0.15974197137271545,0.15973695054751283,0.23786310975549746,train,False,913
3,400,c,0.06794816698052929,0.06794341558655562,0.08183447583071311,0.05444331742653219,0.054441968968947735,0.7511609569573124,train,False,913
4,400,d,0.005204830669548455,0.005204727825568614,0.006526888139394333,0.014589278557929629,0.014589281906318733,0.127289844860835,train,False,913
5,400,e,0.195295963920898,0.1952925794583505,0.27291434769149986,0.16561147680273963,0.16561032778001875,0.28855277397861284,train,False,913
0,100,c,0.11953193987819904,0.11949916897428171,0.09098581609139941,-0.014023710140741628,-0.01401767794262078,0.37079134746611286,train,False,914
1,100,d,0.019834889082916904,0.0198407131219477,0.017388790031575254,-0.006341204224106392,-0.006342946138574419,0.02218142706853211,train,False,914
2,100,e,0.20918974419814007,0.2091860211280674,0.2720352944971626,0.11096275894512381,0.11096271782312542,0.3485388602701262,train,False,914
3,400,c,0.04728914539094165,0.04712270423546998,0.06871863412940749,0.025632446394270973,0.025612502725476105,0.688627167697297,train,False,914
4,400,d,0.005815675522528794,0.0058155393350785515,0.00884200396496945,0.011880899359635854,0.011880753487680772,0.029983526662574,train,False,914
5,400,e,0.17627139219453258,0.17625724552509722,0.26761149220206093,0.14097325733756033,0.14096386328596386,0.32784500612756645,train,False,914
0,100,c,0.06545501426907889,0.0654530044819379,0.09749932485727633,-0.019264477968665757,-0.019265102749712996,0.3741709364178837,train,False,915
1,100,d,0.012868556903338532,0.012877302723410766,0.007424366730374638,0.02654335238055875,0.02654231234586174,0.05433113897665448,train,False,915
2,100,e,0.2524190914783966,0.2634127311091206,0.27693766249523305,0.1302753431576236,0.13058764179928645,0.27668776800966177,train,False,915
3,400,c,0.05543193343291972,0.05539825842706074,0.07175216156299434,0.08915927004736389,0.08918862457980857,0.7836731216772549,train,False,915
4,400,d,0.005479120180997965,0.005479029548064978,0.0066647623762998666,-0.002932575262516561,-0.002932626593858032,0.033468444160976836,train,False,915
5,400,e,0.17266797433206837,0.17267298646190252,0.247339320568876,0.18334158380020654,0.1833364271036036,0.3039610471432211,train,False,915
0,100,c,0.08667460404998581,0.08667513867186438,0.10406302930108101,0.05786250670359983,0.05785783001997068,0.30270150599129125,train,False,916
1,100,d,0.009015210185545736,0.005200368335414313,0.0058894914761420105,0.029322260207079138,0.029965445825483918,0.035958396308398886,train,False,916
2,100,e,0.19689761195380356,0.19516841344584188,0.26558367717566084,0.17231635227488085,0.17276637329320807,0.2861196045392285,train,False,916
3,400,c,0.05526889490163729,0.055261981490712805,0.09459778404707882,0.07149619056093087,0.0714939115802158,0.27148420473951623,train,False,916
4,400,d,0.008006354416163586,0.008486724020807088,0.009563130165293431,0.008577522346603193,0.008409046311135154,0.06574112842461374,train,False,916
5,400,e,0.18551769655731676,0.18553400788002133,0.30280682053497004,0.17324426783038802,0.17323417636786972,0.2950824921431739,train,False,916
0,100,c,0.16987296341059296,0.17016890097149198,0.1313848524144875,-0.035005454809483826,-0.03505275973499927,0.06753961203841655,train,False,917
1,100,d,0.053911275582901305,0.05391869165060328,0.029308835079218797,0.020330773587755785,0.02032803244506157,0.10184616793091389,train,False,917
2,100,e,0.27394508456797023,0.27391126488379824,0.39365600942595336,0.11638498317755208,0.11637945346776996,0.2529658628929563,train,False,917
3,400,c,0.10115288891468203,0.10121232499302259,0.08622450322953905,0.0022120002233999257,0.002174329143338625,0.2571775817895279,train,False,917
4,400,d,0.008019384098758645,0.007990688091307959,0.007402262473253079,0.012038934752410314,0.012037614158939043,0.11062629395668575,train,False,917
5,400,e,0.1538534802201048,0.1538454973478918,0.19104654161987056,0.12125203211000486,0.12124586303078136,0.3647607580815726,train,False,917
0,100,c,0.09490646718020901,0.09490293848866278,0.11060984070650619,0.002172701818021281,0.002172959603499649,0.8695202286118747,train,False,918
1,100,d,0.003964707324182377,0.003964703840337709,0.004593561913111609,-0.017771177177974346,-0.017771635817355254,-0.013692091650969794,train,False,918
2,100,e,0.17510881408253087,0.17511419807818662,0.25611282537710345,0.1335556157774687,0.13354511065188213,0.30760308621395344,train,False,918
3,400,c,0.07107753833312043,0.08204375371935374,0.08865415266692982,0.09129436811733627,0.08136332384457105,0.8035757546966855,train,False,918
4,400,d,0.006423872177458895,0.006422416915687564,0.009080739337591359,0.002744274307309436,0.0027377835227606973,0.09644679255754621,train,False,918
5,400,e,0.1986402871171753,0.19885180926544305,0.28305204835563785,0.17588702054994237,0.175917999761974,0.3519254691762792,train,False,918
0,100,c,0.07442332323162472,0.07444679523534989,0.06621006139255804,-0.0991283870758614,-0.0991568332078154,0.2135182789759365,train,False,919
1,100,d,0.009026384561401011,0.009029866711317915,0.008272715293477513,0.012948466263464695,0.012948090673328014,0.01666574275445015,train,False,919
2,100,e,0.17320080919456365,0.17320332010125813,0.2526308756486769,0.12949785324729973,0.12949082924440702,0.35029541677044107,train,False,919
3,400,c,0.06525730665640125,0.06526393629729306,0.08078226661011449,0.04935444094434196,0.04931731496399095,0.4758634093153883,train,False,919
4,400,d,0.005334309284172676,0.005334521389214816,0.006672363344719636,-0.00031766563374377557,-0.0003180388005455015,0.05256910721530971,train,False,919
5,400,e,0.19407792612592986,0.1956949884960812,0.28674486258564036,0.17520878636283066,0.17536806641020028,0.29352248233180317,train,False,919
0,100,c,0.22534581459890493,0.22516793663344678,0.1543905258224389,-0.004821880283706079,-0.004906977894794196,0.8128844894124612,train,False,920
1,100,d,0.027652859269613365,0.02766746053358111,0.012935562333694625,0.025394006926273853,0.025389579989583633,0.12410305784535153,train,False,920
2,100,e,0.30773255854185294,0.3269293344915056,0.4166125720912597,0.14989061864888853,0.15239195000525052,0.27005008405383385,train,False,920
3,400,c,0.08097178931581402,0.08104238357960615,0.08398752242955616,0.12397117983241203,0.12395360167250602,0.5847560840937684,train,False,920
4,400,d,0.008018525865661395,0.008020843599401879,0.009089568934235754,0.000729926209334728,0.0007286739115653873,0.0335526386702233,train,False,920
5,400,e,0.20764266749853566,0.20573925734320994,0.26957267034551763,0.1632712057468204,0.1631466996030926,0.31946928624367105,train,False,920
0,100,c,0.05208567222485219,0.05207871543216227,0.07031250440732097,-0.007079695269414899,-0.007091504664378974,0.22819753351074945,train,False,921
1,100,d,0.005663719635565448,0.005663679512923003,0.006483430301780997,0.0031076059173768835,0.0031072631965600906,0.03991095678912483,train,False,921
2,100,e,0.19845111380143685,0.19849654436616632,0.2801489267672553,0.0924770949156612,0.09246982174910379,0.42697506887691006,train,False,921
3,400,c,0.07236758157204806,0.07243154141194623,0.08331708842239763,0.06910614622919312,0.06906062186031747,0.5466883479771486,train,False,921
4,400,d,0.0069988500678241005,0.007349862231557837,0.008716703532292303,0.006896407688334065,0.006866104467041474,0.1722666431415538,train,False,921
5,400,e,0.17651176251902037,0.1764851423356134,0.2566183429430986,0.14841118756451047,0.14841388864762364,0.324824613173854,train,False,921
0,100,c,0.1098188989547533,0.10978536674454796,0.06621655901032855,0.006683816608371203,0.006674206120511528,0.4029703032544636,train,False,922
1,100,d,0.05852477132158917,0.05841195774599828,0.011642742543534937,0.0263860233372181,0.02639851944484276,0.16592683919567833,train,False,922
2,100,e,0.24821185981159,0.24410232807888213,0.3068734167015034,0.15184074142106618,0.15292329960670564,0.3402287965655569,train,False,922
3,400,c,0.056892684921800954,0.05687498684996959,0.07354015951754421,0.0832535296095891,0.0832817528585413,0.8187634253995242,train,False,922
4,400,d,0.005487554286294843,0.0054878423265171915,0.006853034528203136,0.0022075218381759497,0.002207347194387239,0.05221717705551025,train,False,922
5,400,e,0.1933078288939296,0.19178830302844233,0.29891635143678047,0.16054363449810638,0.16043001306002594,0.31093365164281805,train,False,922
0,100,c,0.07273507343832498,0.06199591783210119,0.11588597408453763,-0.06022829589627889,-0.061117017128910336,0.1622998652423545,train,False,923
1,100,d,0.0906662519446095,0.09050328525159629,0.0624050493907378,-0.00343687038351133,-0.003439459528026525,0.4948251345306701,train,False,923
2,100,e,0.1550745012068985,0.1513959201015705,0.2500154873881906,0.11410481820482751,0.13458707117447,0.28316420205003434,train,False,923
3,400,c,0.05763494944486887,0.05760751162690658,0.08478901332402668,0.09677132203827789,0.09673651108128319,0.5483509235984377,train,False,923
4,400,d,0.008449191861520784,0.008440121913751614,0.010708284626653724,0.015221288676970524,0.015218007459450131,0.19027353003707415,train,False,923
5,400,e,0.1989062940039597,0.19890306342533887,0.2333983734283015,0.14506697309665392,0.14505777917854049,0.33928101986470066,train,False,923
0,100,c,0.14627855358559644,0.14636034348669125,0.13878617587895797,-0.09827160543144153,-0.09829620222547697,-0.020742633730058416,train,False,924
1,100,d,0.025692481742109776,0.025556368301436413,0.009030603207210547,-0.005520073523635461,-0.005521671405119512,0.0015397466455500997,train,False,924
2,100,e,0.21080910115491705,0.21081077189833933,0.39248206723446444,0.15346031931414075,0.15344655320896736,0.3158936458070455,train,False,924
3,400,c,0.05570527071897253,0.05575144920402578,0.08343307667461947,0.047745769148669764,0.047732827051246644,0.765156999705487,train,False,924
4,400,d,0.013753907933543924,0.013958208199436503,0.012537130479553977,0.005718948960192467,0.00490684209266254,0.15330485207928987,train,False,924
5,400,e,0.19515348719314002,0.19431108464001262,0.2439726978510104,0.13375308302581626,0.13355565597619606,0.3282900520085367,train,False,924
0,100,c,0.08104015411481208,0.08106181790993496,0.07134377183818325,0.11727366365428005,0.11726058619383714,0.8113820724925176,train,False,925
1,100,d,0.008839023180853733,0.008840683384027576,0.01161582634691367,-0.02204531199032287,-0.022046345555010644,-0.007285441194166449,train,False,925
2,100,e,0.17829038264483343,0.18534220899168263,0.23401738092669114,0.13170469450598787,0.13589922829362025,0.3224172432227209,train,False,925
3,400,c,0.05962708971922989,0.08768624724752373,0.09208464157211661,0.07605048442736098,0.0650099345245517,0.6597103195695659,train,False,925
4,400,d,0.007710604070234911,0.007718226177710572,0.007776009800272262,0.005541514669206062,0.005539683440837724,0.028324878908229163,train,False,925
5,400,e,0.1836787351248158,0.18368454247437327,0.2839472235006474,0.1663707559438405,0.1663607883940752,0.295846186901187,train,False,925
0,100,c,0.07452610914268258,0.0743676427808848,0.08338544296136359,0.07477546740356551,0.07476348802273428,0.5897631688055214,train,False,926
1,100,d,0.007161427064914366,0.00716162233593471,0.006945212502309041,-0.029345860795709004,-0.02934642674644545,-0.02921851156719997,train,False,926
2,100,e,0.21784697312565587,0.21763668002733194,0.2070998588112673,0.09138143611103086,0.09136035901282508,0.3168808094241627,train,False,926
3,400,c,0.06248858042812941,0.06257974928663522,0.10037377035489975,0.08056651917345654,0.08056547512343044,0.6717819242999394,train,False,926
4,400,d,0.00778144844899564,0.007781594680506566,0.005837022354065289,0.010359129914363212,0.010358910046385165,0.13931388880529227,train,False,926
5,400,e,0.1928137327938162,0.1929179834716904,0.29137459748119343,0.16952894194023002,0.16952458063440895,0.3532133434257328,train,False,926
0,100,c,0.07445456462519959,0.07447123137038586,0.09624820680239832,0.04248966255148538,0.04248268422040873,0.6337962742981553,train,False,927
1,100,d,0.006221215752095146,0.006221254422020105,0.007042149819178702,-0.018238125197568546,-0.01823857586019054,0.02573978818306241,train,False,927
2,100,e,0.16584755884136818,0.1658540569606531,0.27888058149192824,0.12464501492965248,0.12463796164612902,0.44570117588900954,train,False,927
3,400,c,0.05986429610419498,0.05986869607558684,0.07772480724319855,0.015995488489451048,0.015994271398486717,0.7123412053949589,train,False,927
4,400,d,0.004605086655649404,0.007049850523666667,0.00565969822893297,-0.009859953597655747,-0.01110133981024676,0.004564665387661862,train,False,927
5,400,e,0.17631530900789494,0.17631144202377386,0.2872411026875062,0.173321150948255,0.17331206216341766,0.30012547083836316,train,False,927
0,100,c,0.0966336759103946,0.11465420293369284,0.1615212224787081,0.04343308371021138,0.03605407925638197,0.4873742839257741,train,False,928
1,100,d,0.004466841267164289,0.05418504023818076,0.005290070333452808,0.025020576866293744,-0.002566943599285363,0.11464545090016928,train,False,928
2,100,e,0.21379631658722398,0.21384834698467614,0.3707262895576784,0.10296824426808979,0.10295372041619655,0.304948723262726,train,False,928
3,400,c,0.06769545693430777,0.06769982052848392,0.08235590298538054,0.07782706065462122,0.07782116261948602,0.734382213181147,train,False,928
4,400,d,0.00565892641176508,0.005664655053215862,0.006361435083362541,0.003335730860011896,0.0033484554970985947,0.10768080799820723,train,False,928
5,400,e,0.19926606931418223,0.1992445560795798,0.3001459953158824,0.18764915304936863,0.18764825120055725,0.34773296298148926,train,False,928
0,100,c,0.05545179832770979,0.05543731287650691,0.10248064921840644,-0.031085651335534977,-0.031090325911923317,0.9251032402971069,train,False,929
1,100,d,0.026353839719731514,0.006403727199808633,0.004058147132884647,0.016368472789976406,0.024492333830963754,0.1538030142344132,train,False,929
2,100,e,0.24141501944325278,0.2360513238163518,0.20748047672622552,0.03683666104016386,0.05283755852396748,0.32129429412160626,train,False,929
3,400,c,0.10523797514612337,0.10531645700899285,0.08381197128354657,0.06330474692882702,0.06323724887297345,0.49556869995320846,train,False,929
4,400,d,0.00820353024975079,0.008204150839388077,0.009220921351849945,0.0031938326941313732,0.003193219695268379,0.0712213696635399,train,False,929
5,400,e,0.1828426301739799,0.18209737309212312,0.2621776894235013,0.1463668675220962,0.14573312114438458,0.3395415555759365,train,False,929
0,100,c,0.09297848132765692,0.11203194900517081,0.08675790651992026,0.11984757494629669,0.11068767683502906,0.9980057533542822,train,False,930
1,100,d,0.005226257034825905,0.005227100561022735,0.004605793944489387,0.0032963719754194186,0.003295958943531865,0.06131719086048916,train,False,930
2,100,e,0.17477116985754385,0.17386928131012636,0.20892765038399685,0.1473108370937178,0.14707983604181238,0.2935443194227495,train,False,930
3,400,c,0.05841673888090988,0.05840123214056578,0.08489061906988699,0.04439239134619413,0.04433256839957707,0.7921760975563131,train,False,930
4,400,d,0.005887614926407816,0.005887710071861102,0.006595668702268394,-0.0025885974621298936,-0.0025888175293239967,0.050261125147462275,train,False,930
5,400,e,0.19040880019809212,0.18930145135860818,0.2754915774483589,0.14518598839667604,0.14680036464826166,0.31617614755874635,train,False,930
0,100,c,0.05517664390975102,0.05518407985353584,0.0772492917080085,-0.008937376632431793,-0.008934733257786504,0.7970622143562193,train,False,931
1,100,d,0.0048342062468031384,0.004705242473047392,0.006072930755385897,0.007382857143914965,0.00750700195232497,0.05078346162157761,train,False,931
2,100,e,0.14323421212000917,0.1431994903651441,0.17429081940130256,0.13720041624275633,0.13719400578111215,0.33687254358179125,train,False,931
3,400,c,0.06629436960556108,0.06624037722337996,0.08202340399758662,0.08414524483045327,0.08410342829600488,0.9486246395025717,train,False,931
4,400,d,0.009756315507776888,0.01125179990445842,0.009834713302932431,0.004991510408808075,0.0038182819524744892,0.05343862603356248,train,False,931
5,400,e,0.18078363898274874,0.18076925189772866,0.26566211118797994,0.1715085733914238,0.17150075221534278,0.3142017890166516,train,False,931
0,100,c,0.08475179520748927,0.08474727208880183,0.11377194935506363,-0.0017445587289081034,-0.0017442863469831593,0.31481035938579227,train,False,932
1,100,d,0.025141503112477325,0.02514208890265853,0.012178070517254893,0.02765860752113392,0.027656966969419425,0.05991991396318099,train,False,932
2,100,e,0.18864728709691836,0.1886212970785572,0.2731051382355526,0.1215393093594868,0.12152686884899368,0.3094797896369738,train,False,932
3,400,c,0.061543207852324686,0.06164815426356086,0.09562906681637184,-0.011902776717774871,-0.011912015920638126,0.4700357793340437,train,False,932
4,400,d,0.005159740283917941,0.005159831939094979,0.005297782489984356,-0.009615016420642206,-0.009615127404454853,0.04742434110619676,train,False,932
5,400,e,0.18515389141282654,0.18511808441252067,0.2991737193118984,0.16985874304097046,0.1697983538040557,0.3118651894680934,train,False,932
0,100,c,0.11124896126480431,0.11129107546897689,0.07951971450748099,0.05329617521115076,0.053216285770284845,0.7534919823089967,train,False,933
1,100,d,0.009533303486266102,0.009541857821931607,0.0067987657415826954,0.0005924190736717528,0.0005907414392989808,0.00603940083519328,train,False,933
2,100,e,0.1684655185399656,0.1684856213844445,0.22578540377095202,0.118226897647625,0.11822263730909434,0.3440520968907363,train,False,933
3,400,c,0.060655690896723326,0.06063209913260776,0.06946210130333005,-0.00757353959675541,-0.007647553920436962,0.5518170259570434,train,False,933
4,400,d,0.006363832740378974,0.008566349544800362,0.006761128833305715,0.010596919838569576,0.009536297119091123,0.070557699690618,train,False,933
5,400,e,0.19296272196002515,0.1930513815343212,0.29859463067477043,0.18139467687641933,0.18137193277160293,0.3358221096502685,train,False,933
0,100,c,0.07999480200132121,0.080211790550487,0.07796788735554991,-0.04362058675653984,-0.043663270251914243,0.8723289604347498,train,False,934
1,100,d,0.026710748079047462,0.026713794622936046,0.01755994890040415,0.0022824441370552684,0.0022813090285726824,0.010624934742698038,train,False,934
2,100,e,0.2731809945098909,0.273163843476214,0.32383648644637364,0.14884404368013773,0.1488426524444245,0.33444188558500004,train,False,934
3,400,c,0.04950559676147788,0.04951025941775746,0.08888540174864845,0.03138137276395107,0.03138915798397363,0.510310663674875,train,False,934
4,400,d,0.0076696413188086345,0.007669682943883693,0.008502711496601152,0.0063505806796813145,0.00635037445790509,0.04110362265088909,train,False,934
5,400,e,0.193461201217725,0.1934692842293364,0.25008433660658236,0.16020895428893447,0.1602019421531798,0.30975112773229546,train,False,934
0,100,c,0.07613584071507425,0.07619143294553189,0.08007451353412037,0.10200360290003055,0.10199027704718155,0.7510917739512709,train,False,935
1,100,d,0.006320589402119661,0.006320539912436514,0.0066740763148382225,-0.008217378031797295,-0.00821745958758413,0.08300360358441954,train,False,935
2,100,e,0.20210759867139302,0.20157160103068086,0.24041872660614838,0.14373026203908865,0.14372020278324535,0.27923771011324416,train,False,935
3,400,c,0.05529417510970382,0.055577218408833985,0.07338375636215669,0.0716758812440083,0.0712349676662673,0.7269012956084536,train,False,935
4,400,d,0.005673658324380319,0.005673750462492354,0.005569149638720321,-0.017421707445064456,-0.017422129868113548,0.06096628899984649,train,False,935
5,400,e,0.17596396338790085,0.17597041468903454,0.251906615362965,0.14801080985198792,0.14800314772457168,0.3247665702882,train,False,935
0,100,c,0.0714979457107911,0.06777684929888911,0.07962756000436072,-0.05340513005429962,-0.05358701867602896,0.665913995564789,train,False,936
1,100,d,0.0035512666963800287,0.0035519096398211763,0.0038097914165913047,-4.6820043939153066e-05,-4.727133906001768e-05,0.027009666190504652,train,False,936
2,100,e,0.19027102004373336,0.1902016116858846,0.27138844080960506,0.09223994987175597,0.09223449328687583,0.3861912530299547,train,False,936
3,400,c,0.05511762037068115,0.0550788532149446,0.08014439035860019,0.08965683484992205,0.08965986978278956,0.568733714376658,train,False,936
4,400,d,0.0053277411810072235,0.005325285839641817,0.0054325696155300765,0.010444619079897351,0.01044399711534755,0.0689944272537949,train,False,936
5,400,e,0.17061340398047714,0.17062129825083944,0.28292595681086263,0.15046311687686198,0.15044525294051084,0.29158134142269554,train,False,936
0,100,c,0.08212276833463689,0.0822650266412511,0.10350503142837356,0.09254298157760772,0.09250516370133227,0.41792937847118905,train,False,937
1,100,d,0.006357584442913926,0.006357705598428862,0.007768351233104435,-0.0015431662886799557,-0.0015436238281592908,0.08155064620031141,train,False,937
2,100,e,0.17633383295110758,0.17633130090632798,0.21444668010268583,0.08576639850521385,0.08575695308283746,0.3173834134632793,train,False,937
3,400,c,0.06492067501478388,0.06496605804705037,0.08194073275863804,0.07017024104249892,0.07015822678017926,0.5039634863030159,train,False,937
4,400,d,0.004741347918522471,0.004741493449928405,0.005507296027345066,-0.0062753714798849105,-0.006275670583915787,0.002481248384249284,train,False,937
5,400,e,0.16380214347379113,0.16380491779880102,0.2524280060589303,0.17669527053474554,0.17668698031805277,0.3262136167550802,train,False,937
0,100,c,0.049334350171202815,0.04932338569522731,0.09863987844299432,0.021812477369491604,0.021833059229063496,0.45267983119839655,train,False,938
1,100,d,0.01561661787268789,0.015621325871408367,0.017031266945484392,-0.012685748403900412,-0.012686720252740785,0.06671283579405907,train,False,938
2,100,e,0.19419273504212964,0.1931032593960214,0.2035581848555833,0.09146095470533794,0.09095451560679209,0.3219951253283177,train,False,938
3,400,c,0.06327404985602264,0.05924646562927545,0.08396390827299528,0.0685347128866222,0.06862674399808945,0.44467941643291103,train,False,938
4,400,d,0.008425777107428957,0.008424782086775898,0.007247783817889739,0.013554401287115053,0.01355295088744395,0.13846892599012023,train,False,938
5,400,e,0.1956440637374411,0.19552864440673812,0.30657757945305436,0.16213066851105526,0.16212570348695354,0.31915828777196714,train,False,938
0,100,c,0.06096773613876028,0.055736216583146876,0.09110944913364667,-0.009155471268556283,-0.013715212363378342,0.7859642402123369,train,False,939
1,100,d,0.007985724312933757,0.007985754273216666,0.0102955373224777,-0.023360068974169756,-0.023360517149962234,0.007301670520266015,train,False,939
2,100,e,0.21755935298416143,0.2222065531161384,0.36205405041615085,0.12972672165751867,0.13240356016903576,0.352370122549644,train,False,939
3,400,c,0.06296146914374239,0.0629279399273175,0.10458604676005391,0.05413159719486913,0.054069844004842764,0.8122745700665918,train,False,939
4,400,d,0.0061124080063246515,0.0065487048587604966,0.006274126283338225,-0.004310260134931277,-0.004750233088830598,0.016895558389345863,train,False,939
5,400,e,0.18971341181443496,0.18971394389195984,0.27986676528738125,0.16102733832577776,0.16102963076967192,0.3096118738952894,train,False,939
0,100,c,0.04878261316428292,0.048785194033779476,0.09861314050250211,0.016197456280705895,0.0161951195925311,0.4793180400215127,train,False,940
1,100,d,0.0037994732607471056,0.0037994376533669657,0.007009020431243273,-0.009497744417168299,-0.009497751887004746,0.07401257729204382,train,False,940
2,100,e,0.18230627678590308,0.18409044985069403,0.20197117381926866,0.101392414909743,0.10121578028554354,0.3625543543437509,train,False,940
3,400,c,0.05541123207242781,0.05542713784119495,0.0742826453458175,0.05574294891604211,0.05570117451889061,0.4883486550147835,train,False,940
4,400,d,0.0055189137746353015,0.0055182423808261185,0.005658363925165451,0.002446274082353188,0.0024460997107170358,0.036848112134133505,train,False,940
5,400,e,0.17868997516300272,0.1786936614954531,0.2745668149678059,0.17917000727855295,0.1791613876590757,0.31135051656765844,train,False,940
0,100,c,0.048048654826051564,0.048051104384872284,0.07154175315311087,0.09968540568822633,0.09968240186606274,0.7000813532470067,train,False,941
1,100,d,0.006171865017663255,0.006171970056312889,0.006029606862033642,-0.033604370333140815,-0.03360493311069769,0.00753587353888566,train,False,941
2,100,e,0.2368393008834447,0.23674133187702648,0.2695880281400466,0.129494253265771,0.1294841021699726,0.26784426843627535,train,False,941
3,400,c,0.0591030032009436,0.059092740193664985,0.06436913664339143,0.0618157228749088,0.06180986388276352,0.4665978756927299,train,False,941
4,400,d,0.007730300980396471,0.007729769338851437,0.00726084429473015,0.016076532352860655,0.01607674296606046,0.18982451282148655,train,False,941
5,400,e,0.21833836814978969,0.21835348418745892,0.3266330345855263,0.18714498777359473,0.18713637389789178,0.3338211052610145,train,False,941
0,100,c,0.0866852737089194,0.08683380146741998,0.08255155009075604,0.09672982173984807,0.09670836023043848,0.44760457495279043,train,False,942
1,100,d,0.032680556648356986,0.0326262623070376,0.011719713126706735,-0.01216183033025093,-0.012193932209654755,0.0028412059049841075,train,False,942
2,100,e,0.2596667336655522,0.2596642432320247,0.3202305813996289,0.09349506727452245,0.09348306953643701,0.30861008805178264,train,False,942
3,400,c,0.06194582084729783,0.06196311308105058,0.07485798953958615,0.001655546833257233,0.0016291421778251447,0.7994973963862188,train,False,942
4,400,d,0.006357443580996476,0.006349358579386091,0.007498223904322136,0.0028743846713752677,0.0028738693113600534,0.09050198556577443,train,False,942
5,400,e,0.1703826515563108,0.17138331254902645,0.2844737129135693,0.15654153010746996,0.154306473172157,0.3228288331210205,train,False,942
0,100,c,0.05750652725625196,0.05747841374549352,0.09501894066456919,-0.03977912037652658,-0.039798480498281066,0.556624772735823,train,False,943
1,100,d,0.012146686862095787,0.012157562104236862,0.013154385131468428,0.016798324229429087,0.016794666247340526,0.061633539897367945,train,False,943
2,100,e,0.20937597841925093,0.20938571362260494,0.2977351908514615,0.13203007101233893,0.1320282625723396,0.3016183427517362,train,False,943
3,400,c,0.053256711544926894,0.05325494966325421,0.06568752905104729,0.01760927979163732,0.017604674206488653,0.8610506211949331,train,False,943
4,400,d,0.0053225030250608285,0.005322433999555489,0.005873458599967408,0.005912293904236812,0.0059123247832493855,0.06988832310256728,train,False,943
5,400,e,0.2308407855457661,0.23085861097705349,0.3072516321207384,0.13256271412430656,0.1325533393828914,0.3015039749999246,train,False,943
0,100,c,0.07796792494417991,0.07796750549358239,0.1191116943771628,-0.11669794789576265,-0.11669906798297235,0.3458444678775969,train,False,944
1,100,d,0.04673036640853444,0.046798283122870515,0.01571015900933946,0.023357735834361026,0.023355811463236106,0.041182595612318275,train,False,944
2,100,e,0.1946752986431912,0.19472033470175668,0.24878412825747478,0.10476006360832514,0.10474990101734691,0.3493845086327205,train,False,944
3,400,c,0.06168595996663921,0.06168395371460222,0.09985947785399546,0.02379711676452722,0.023794471280282465,0.37295363296067985,train,False,944
4,400,d,0.004816416830689124,0.004822053827087563,0.005125953774951655,-0.005812483241659212,-0.005817994768115628,0.019124753173597745,train,False,944
5,400,e,0.20562762509808713,0.20561944923938408,0.2514753176124168,0.1351706240824238,0.13541575873305142,0.31503224054919754,train,False,944
0,100,c,0.07219035637291961,0.07217321440478386,0.10605275049174509,-0.013247583808873174,-0.013258476579351638,0.2224468859560838,train,False,945
1,100,d,0.004574168095125375,0.03424350345003094,0.005244955742257295,0.002871542720498859,-0.01780951902794179,0.17126673613273904,train,False,945
2,100,e,0.20145353852348497,0.20152814710981817,0.2741562006515636,0.1316513167823824,0.13162202899089806,0.32423046441912684,train,False,945
3,400,c,0.06057136425964897,0.06055429677749688,0.07586862109701356,0.03256915323139708,0.03242682725376298,0.5843691783677578,train,False,945
4,400,d,0.004599687395600914,0.00459978777767274,0.005694697833945137,-0.015003316835840348,-0.015003774404491353,0.021219774618997586,train,False,945
5,400,e,0.17440015922440316,0.17438438266340703,0.23622717546232827,0.1242011664022164,0.124192594719601,0.38408178328068987,train,False,945
0,100,c,0.05817703133054849,0.09093894381048567,0.11271414720315409,-0.02354744556549008,-0.04214916496976343,0.7196868019188717,train,False,946
1,100,d,0.003934201749207017,0.0039267226679683305,0.004042127332883898,-0.016463744225178142,-0.01646377899899937,-0.016408485371434425,train,False,946
2,100,e,0.15722399481091232,0.15726330723117082,0.2785756583639664,0.11427341287771199,0.11427176268183764,0.3278760586176573,train,False,946
3,400,c,0.0640410457386931,0.06404473139966428,0.07946306866786307,0.05098997886643439,0.05098907806687585,0.7655946075031785,train,False,946
4,400,d,0.005815712289654713,0.005839435556444261,0.005011373624773511,0.005416500614736819,0.005409854273780433,0.043160227725785344,train,False,946
5,400,e,0.18441287555805233,0.18441726890494348,0.2735798720273681,0.16374697244487188,0.16375261437441993,0.3314573862978598,train,False,946
0,100,c,0.06901725449200691,0.06901125950292014,0.09694182057197231,-0.017545838441284402,-0.017552500392431086,0.14062770787763085,train,False,947
1,100,d,0.0074557564702438925,0.007456555964292246,0.005082585711535947,0.02788693134334995,0.02788646111101986,0.18253760244661563,train,False,947
2,100,e,0.2523988517079263,0.25244262056391126,0.2973914282362321,0.14811098389457855,0.1480970985176019,0.27363277863802876,train,False,947
3,400,c,0.06460258504481647,0.06461653997159486,0.06649767558272644,0.08422476415124934,0.08422984058586039,0.5917265409015121,train,False,947
4,400,d,0.004851812107539707,0.004851549276309699,0.006072634408772134,0.002607239463779134,0.0026071239284043914,0.07606907403463702,train,False,947
5,400,e,0.19984179536275326,0.19982650389550616,0.2573771121811719,0.15335405211133876,0.1533484247200679,0.3608128078790848,train,False,947
0,100,c,0.20834684653432636,0.20467076297180306,0.18398414059319892,-0.07532789782930721,-0.07602367516471027,1.3210612393309193,train,False,948
1,100,d,0.006540993350478612,0.006541024954470669,0.00384956636613052,0.0025468857797518217,0.0025467219943685927,0.08019836239767626,train,False,948
2,100,e,0.1890833128239054,0.18893640315562268,0.18777689720910934,0.08611811335243609,0.08611389691780211,0.3153616749616442,train,False,948
3,400,c,0.05835042067702744,0.06545227092778216,0.10886130635398952,0.02696209332016281,0.024169756011274756,0.3232495856416683,train,False,948
4,400,d,0.004998125757735124,0.004998319823106936,0.004356562381163493,-0.01314226976453746,-0.01314271749561037,0.07975025480016985,train,False,948
5,400,e,0.17889002279535687,0.17893046066843435,0.289709865865588,0.15682070957495342,0.15682281188574798,0.3200297860286419,train,False,948
0,100,c,0.0928772361941148,0.1491412786699007,0.11254333821200087,0.11145031361976493,0.08091501671046253,1.0248847604248632,train,False,949
1,100,d,0.013040759537909846,0.01304243808131015,0.01008702163624197,0.006800171784585239,0.006798099423098911,0.1017307588015791,train,False,949
2,100,e,0.2823585098303996,0.2823201534638621,0.36161564122274564,0.1517344361357317,0.15173885938403012,0.3478280805112926,train,False,949
3,400,c,0.05982325331127268,0.059833699979609516,0.07955524096128286,0.1021487884366573,0.10212108862057548,0.6207554792886161,train,False,949
4,400,d,0.015211448545887256,0.01520972814878186,0.008095973209644806,0.021932265006982626,0.02193126457055044,0.14161232822120728,train,False,949
5,400,e,0.17652078945218785,0.1765204739211364,0.26099458484042243,0.12707928847806924,0.12707697277702176,0.3295289734614706,train,False,949
0,100,c,0.04889170991213648,0.04889181439301015,0.0668682171564773,0.0341988080451825,0.034190683837906806,0.9738106242658227,train,False,950
1,100,d,0.004036330659671962,0.013411108921780705,0.004450876794251077,-0.020654242047808413,-0.025618140972917924,0.023498053814142904,train,False,950
2,100,e,0.21122908348598635,0.26358309161691024,0.30676097663713137,0.07954422168382622,0.08799008436662156,0.5551482044421925,train,False,950
3,400,c,0.052999841855301134,0.05301701432451811,0.07387303590925373,0.05216679208463823,0.05216182791386039,0.5346304357910944,train,False,950
4,400,d,0.0052795348707047884,0.005272506898358139,0.005917753553989383,0.014441165749491223,0.014443075051554413,0.16574409253684214,train,False,950
5,400,e,0.19891169001231324,0.19890863396434905,0.3278457563785168,0.18379205330586965,0.18364444409208894,0.3763922759574498,train,False,950
0,100,c,0.08866296292186769,0.08868334247962041,0.07943319731031587,0.09696891128782198,0.09694886300480071,0.33339304672337705,train,False,951
1,100,d,0.011895440077676034,0.02711395173662977,0.009472804454343559,0.028634721749374065,0.01626675893380433,0.18906561915893605,train,False,951
2,100,e,0.19592886231623077,0.19594798550556514,0.27814398892489334,0.1858958956957188,0.18588803373977378,0.30824357897813887,train,False,951
3,400,c,0.053453818173507965,0.053454490300118306,0.0773050579067069,0.0469307689694044,0.04692171076671166,0.7420737689104484,train,False,951
4,400,d,0.006505021009677477,0.006521645347216314,0.006456083415022187,0.008071427012715944,0.00806428976033196,0.04213317478742867,train,False,951
5,400,e,0.1870166835903512,0.18701605858757744,0.24826848537270632,0.1277067733898609,0.12769770839210345,0.36058556395594266,train,False,951
0,100,c,0.04727656139382311,0.047278504722396295,0.07332054374205799,0.058456143067131594,0.05845322932457087,0.4516528150399467,train,False,952
1,100,d,0.030421388267738925,0.03042354139438473,0.016149029879006606,-0.0060331743350646155,-0.006033705240036404,0.23161734184137994,train,False,952
2,100,e,0.2417410854218265,0.24170056653150632,0.28986135706404836,0.07942712621302586,0.07941956149575564,0.3535536777578115,train,False,952
3,400,c,0.07609481470655537,0.07609526220366143,0.0765632488115878,0.09505026510696041,0.09505119487635667,0.8119120118915429,train,False,952
4,400,d,0.005496619858279889,0.007977159831820829,0.006896990239653506,0.01103895125946405,0.009193226508184313,0.06535414230112839,train,False,952
5,400,e,0.19217275378833387,0.1921835423364672,0.277175613285123,0.1857390963966085,0.18573025091666387,0.2904650349483764,train,False,952
0,100,c,0.07825646375322207,0.07825817729842571,0.08984629150902856,0.09824919617250728,0.09824304977137502,0.5572779805013891,train,False,953
1,100,d,0.005895631340310025,0.005895776174058388,0.005478334795766221,-0.04424670992805222,-0.0442474170067201,-0.04185711691753585,train,False,953
2,100,e,0.16110550595725567,0.16110122132678298,0.2543991203721296,0.15893783953202273,0.15892988845357117,0.28132397837129547,train,False,953
3,400,c,0.05538618038264285,0.05539010883724816,0.07262549218554908,0.06359717834689889,0.0635909359829482,0.6128031311123391,train,False,953
4,400,d,0.004422353713249908,0.0044192874272777445,0.005319120833428458,-0.004474288725960438,-0.004473570337426338,0.09765747392906927,train,False,953
5,400,e,0.17758424252880917,0.17760074386970845,0.25921143287529386,0.16920775257018428,0.16920157203129513,0.30219850860247854,train,False,953
0,100,c,0.0555544340997451,0.05672010393335194,0.10633187021860198,0.0059449897373743,0.00602039934921379,0.5074940316155228,train,False,954
1,100,d,0.005574296769883726,0.005574086652294973,0.004811546584868445,-0.008352546556104788,-0.008352527932003842,0.09585637985523715,train,False,954
2,100,e,0.17135463611818472,0.17131965953463485,0.23623799532385503,0.0987264583303465,0.09872632213854207,0.37585208500834255,train,False,954
3,400,c,0.1212363485517035,0.12133230964333917,0.07956080564787628,0.1462812444450777,0.14627020410923344,0.7428260709353354,train,False,954
4,400,d,0.009290386509377219,0.009290411208009008,0.008871535242726615,0.00013064700741255208,0.00013027170118713017,0.09617373428703845,train,False,954
5,400,e,0.17376954176878764,0.17375131595155702,0.26818888171334176,0.1543545433486649,0.15434530818435532,0.349481795199264,train,False,954
0,100,c,0.07924631117375157,0.0792464286062097,0.11749179860700487,0.0531728865233336,0.05317083042971803,0.18498765082191868,train,False,955
1,100,d,0.024924541821753347,0.02491809558243816,0.005495842052701265,0.0011991120191109596,0.0011977701701675158,0.08592978367510948,train,False,955
2,100,e,0.22029604461595653,0.2203030811429136,0.32568166779282826,0.1544898361726822,0.15448463977873517,0.27460267634912133,train,False,955
3,400,c,0.09780731395464481,0.09803504956994828,0.10238706000512739,0.04616268204828188,0.046130478122344554,0.7154133544205209,train,False,955
4,400,d,0.010278325714940511,0.010279274531024861,0.011553100767294393,0.007514881494768915,0.007514526803522177,0.0627329246080549,train,False,955
5,400,e,0.21384284060391703,0.21386042048899168,0.29331552328426796,0.16269274652677923,0.1626882349868842,0.31081041649875246,train,False,955
0,100,c,0.07560969128874111,0.07559742403025653,0.06865732663506505,0.01286806992730476,0.01269646802960807,0.6968692718047999,train,False,956
1,100,d,0.004260829574219104,0.004260946175972061,0.0054095689658965615,-0.01369760742509687,-0.013698018641521443,0.00567245602472088,train,False,956
2,100,e,0.22878690185539324,0.22879793527285444,0.34979092838860915,0.14772601774212285,0.14772142277132125,0.22189314344474945,train,False,956
3,400,c,0.058194941524095975,0.05816687571134315,0.08063468761345416,0.06897099270492958,0.06891336595959174,0.4302022331556058,train,False,956
4,400,d,0.004596855044608932,0.004613343248713988,0.005212161186901607,-0.00017788555429397944,-0.0001805937659485224,0.04073544311408148,train,False,956
5,400,e,0.19174390572720415,0.19164452257809753,0.24929584949342445,0.11817527286266852,0.118157318178149,0.3190275896013295,train,False,956
0,100,c,0.12775837677705976,0.10085008529192553,0.09760255141542558,0.15725018935539253,0.158518171173595,0.34965985410192507,train,False,957
1,100,d,0.005957033686243167,0.005957041802711905,0.007231340282809052,-0.032902172295318624,-0.032902563040803016,-0.015841074014767146,train,False,957
2,100,e,0.19023354807728624,0.19023399650347778,0.26783718549527946,0.1340969311115811,0.13410163897088911,0.29280790819614944,train,False,957
3,400,c,0.0729136290510298,0.07295822446812358,0.06342456048711219,0.08096872873398304,0.08092321201084765,0.7167838608653603,train,False,957
4,400,d,0.0051043444523424745,0.00544860792750517,0.005093839961008809,-0.005760418533654921,-0.0059269068264662115,0.0025687583348589092,train,False,957
5,400,e,0.18960018854216418,0.20123506023286264,0.25679897713371636,0.16885301824001947,0.16700075209047507,0.4322695143898163,train,False,957
0,100,c,0.07369108700286711,0.1134056389263844,0.09562315881783362,0.029704313271182982,0.009392217224245556,0.45346083779029434,train,False,958
1,100,d,0.021833831034294947,0.021836289113814602,0.025560027431660064,0.009547358145858845,0.009541345542419997,0.06511644522980699,train,False,958
2,100,e,0.2140283856848267,0.21402047908684668,0.23237333886240463,0.18003765777256933,0.18002700151464315,0.29214417529305686,train,False,958
3,400,c,0.05524327296222706,0.05525749982500682,0.07780081600721696,0.053901757094935054,0.05385858302975549,0.5372454038494012,train,False,958
4,400,d,0.007318283633719007,0.010106615560731693,0.009374180436440309,0.004683022389407369,0.0025194622947921274,0.03746353693293623,train,False,958
5,400,e,0.22623974815179615,0.22548411170765842,0.3337096337750738,0.1614858503642033,0.1614104155949783,0.3568767401191778,train,False,958
0,100,c,0.12264549156240616,0.12267346442491699,0.11391142104756904,0.1389524519228681,0.13894275815808413,0.9539604519611202,train,False,959
1,100,d,0.009523066158492119,0.009523103128699048,0.009606984024093554,0.007650651113525146,0.007650253079453009,0.1185277774035605,train,False,959
2,100,e,0.18778880196778716,0.184855742271698,0.272627647482407,0.1116400948577055,0.10923727392284122,0.3335514906006434,train,False,959
3,400,c,0.06201067160238798,0.0620654055085385,0.08892281656572099,0.09331595228078733,0.09326697450646614,0.8507543763679081,train,False,959
4,400,d,0.007237477867254937,0.007237610212957983,0.00871042712525738,-0.009715526067077747,-0.009715690018866479,0.04176134434702247,train,False,959
5,400,e,0.18040448464635883,0.18035193712137393,0.21598783223298793,0.1529415789162386,0.15293097505195413,0.3211523636600567,train,False,959
0,100,c,0.053606894812692395,0.053611960591024105,0.06947749627808028,-0.00972497251233932,-0.009735575461529464,0.634435076030494,train,False,960
1,100,d,0.005035463095212179,0.005035467680171892,0.005083933307945391,-0.014701306385731989,-0.014701617361622841,-0.004882369029762188,train,False,960
2,100,e,0.17317629799211598,0.1731772379326117,0.2598764709677747,0.1360518470957883,0.1360455385440443,0.30034332348982373,train,False,960
3,400,c,0.05709488073752343,0.05708817415424852,0.0799939677273059,0.07163388002758503,0.07163476404588323,0.6717595108957737,train,False,960
4,400,d,0.005996470744329455,0.005999295887012986,0.006439811780550364,0.008269052487646391,0.008268209038047836,0.07143273280228367,train,False,960
5,400,e,0.20716513058558012,0.20715822391873864,0.31214743201885875,0.1483570428838624,0.1483456184325724,0.32051336102742745,train,False,960
0,100,c,0.06950771203427732,0.0694773990302049,0.07962229025563408,0.018431316945821265,0.018427544775505497,0.6881203602185764,train,False,961
1,100,d,0.02235843487811433,0.022346483124434196,0.014456283014782198,0.006717944834209711,0.006715442075295001,0.08017086414194381,train,False,961
2,100,e,0.255576260199663,0.2554070140018815,0.38322149370367975,0.15743514723952146,0.15742536483801986,0.35196668802193143,train,False,961
3,400,c,0.05403826649619822,0.05409602004894764,0.08590385633961177,0.050394449008588325,0.05036085443708558,0.4420133609468856,train,False,961
4,400,d,0.0045851701432511075,0.004585339230127592,0.004772463842560707,0.0031441839658773673,0.0031438851084483943,0.041146797761576155,train,False,961
5,400,e,0.16849518412066786,0.1684957919009859,0.2558152801840089,0.14975497888627043,0.14975124426694034,0.3554316623019236,train,False,961
0,100,c,0.07476348144256056,0.07476018588325423,0.10799192106995466,0.018278819184952725,0.018276828833543063,0.34490644756694466,train,False,962
1,100,d,0.005159302873785768,0.005159317649761673,0.006395329494890724,-0.007629886047057468,-0.0076300334809328695,0.06878414416585828,train,False,962
2,100,e,0.19405003869895449,0.1942731420802671,0.2279448487648526,0.07381552382888519,0.07383198283648572,0.34904990976807293,train,False,962
3,400,c,0.059401871520252794,0.059391655475924184,0.07778011730314517,0.02714460581304529,0.02713773946993577,0.5915667326620462,train,False,962
4,400,d,0.0059785800563489635,0.00597778372910499,0.005235407870473707,0.0037721903218919197,0.0037706834032253766,0.08427965262390118,train,False,962
5,400,e,0.16981257475624673,0.16976621193637442,0.29331402124137446,0.16016299295197048,0.16021496888877304,0.33696113799733113,train,False,962
0,100,c,0.07924459907072168,0.07925461993809677,0.11691487667622642,-0.09236700001373264,-0.09236930024688512,0.6828769582166524,train,False,963
1,100,d,0.004731923650709096,0.004731567693175009,0.005948307243451137,0.00088937867019375,0.0008898810174281735,0.0808589078710751,train,False,963
2,100,e,0.20244351571877892,0.22887797519863998,0.3032236002104429,0.1410849910502386,0.1414551712280754,0.24389859626394703,train,False,963
3,400,c,0.0874623124250042,0.08736759970831928,0.10439494681268853,0.002213858585693842,0.0021461189594397466,0.27448434815687883,train,False,963
4,400,d,0.007058345577598508,0.005723700697529829,0.0053445626624179935,0.008205041888419728,0.008406615409291263,0.053683352669737394,train,False,963
5,400,e,0.1763896443868895,0.1763836012752304,0.2583186455455621,0.14940793131798547,0.1494088201617674,0.6190297813092661,train,False,963
0,100,c,0.12379832753546331,0.12370919314612365,0.18358942288050856,0.02845087645241101,0.028441778833187072,0.657519158358308,train,False,964
1,100,d,0.032639263656355146,0.032644026575992115,0.030955908012406913,0.030317639325357675,0.030315388791445574,0.11613506735682169,train,False,964
2,100,e,0.26888520246835435,0.2687358692378752,0.3590380525999965,0.1789070999559127,0.1788899948216184,0.34215249301359635,train,False,964
3,400,c,0.0611054022274641,0.061101707140247694,0.08911857661879218,-0.03387602585296762,-0.03387824011133532,0.5871019337844249,train,False,964
4,400,d,0.00404907804360726,0.0075006648750009595,0.0043572310551715674,-0.006300992927471363,-0.007913274573841366,0.0664241307895008,train,False,964
5,400,e,0.15601963780646932,0.15601959299477025,0.27686363224746907,0.16342885326013856,0.1634170136283163,0.3270455646175578,train,False,964
0,100,c,0.05329654068481063,0.0964124992310614,0.06603635812088711,0.03293028087182762,0.021206998101731215,1.1239110004088875,train,False,965
1,100,d,0.010131217956085615,0.010128603568756446,0.012975538142785894,-0.019189922129163896,-0.01919025185808776,-0.018931190224146004,train,False,965
2,100,e,0.12741393036295645,0.12742318023580285,0.2776568827958555,0.14746933121356254,0.14746591467634548,0.2558796777714467,train,False,965
3,400,c,0.06001220183494578,0.060043911787065765,0.0685500504927729,0.061755404784019134,0.06173821504556443,0.5712457114748211,train,False,965
4,400,d,0.005516637940420822,0.005516355141309335,0.005277017102102218,0.006813913716140938,0.006814278223521413,0.08983164660250513,train,False,965
5,400,e,0.19285694882084292,0.19277235763161082,0.2743187702911492,0.161119693664458,0.1611074072487667,0.30864171872682084,train,False,965
0,100,c,0.2245441036500375,0.22451513483454177,0.14571086184550494,0.06255948246239079,0.06254361021889857,0.9354176999942223,train,False,966
1,100,d,0.025157501755742454,0.025160339448514434,0.02581443357936459,-0.0014063192803624247,-0.001412444192706488,0.06288330744263504,train,False,966
2,100,e,0.17178733615578573,0.1718057023441974,0.29504460191553533,0.15177644216050784,0.15177154956239275,0.41875958914751266,train,False,966
3,400,c,0.05955394524211407,0.05955691354446068,0.0773956470941639,0.04919504139253555,0.049187798292833596,0.3795880305825287,train,False,966
4,400,d,0.006587506433376851,0.006602161164437185,0.007672442475676004,-0.002018605633457291,-0.0020279754669437367,0.09369268196760248,train,False,966
5,400,e,0.20089295755958397,0.20088648353751662,0.3107971967250959,0.18182723648424987,0.18182295854360706,0.29454988536725596,train,False,966
0,100,c,0.05856107545670747,0.06065337786148757,0.0896993782007666,0.030317673165666505,0.030092652828133667,0.18473777516564127,train,False,967
1,100,d,0.008494960598269728,0.008496072261690628,0.012741599863324933,0.0016805688703007426,0.0016803811551187665,0.035588442742190744,train,False,967
2,100,e,0.1703557197499719,0.16455350421872658,0.24208381010786836,0.17715053639003173,0.179481787511741,0.2567378157163243,train,False,967
3,400,c,0.06283510222835402,0.06285879599184091,0.08444853566715782,0.0784727288000255,0.07838432585738907,0.5746200145878828,train,False,967
4,400,d,0.0060008663537473575,0.006010580068156274,0.009288072812488097,-0.0033676331066146226,-0.003374064853080192,0.13422239774803754,train,False,967
5,400,e,0.1922359329061671,0.1919915587606159,0.25989540254261206,0.16971866307636785,0.1697148142851984,0.29983264171600565,train,False,967
0,100,c,0.06395357588111102,0.06400685775840499,0.06810796651205568,0.029248922940881314,0.029223058370554753,0.4416314148120148,train,False,968
1,100,d,0.007752810668838427,0.007753739534287882,0.004912460458005374,0.02409552910604077,0.02409532544966327,0.13728539678013088,train,False,968
2,100,e,0.2592662775310385,0.2592652994245388,0.30067308435855167,0.08879062539766103,0.08878344890788732,0.3440573222340546,train,False,968
3,400,c,0.060353369514708516,0.06035757259949923,0.0950555940517437,0.023253071107035197,0.023249181002781824,0.3012080753394442,train,False,968
4,400,d,0.005309417239457686,0.0058093506323547775,0.004929779205133786,0.00739484489911165,0.007178028134700565,0.05647140924411353,train,False,968
5,400,e,0.17897588068665335,0.17831814324172007,0.285896760530964,0.1464554349595954,0.14927794730488553,0.32336042070413784,train,False,968
0,100,c,0.14872575096486,0.14200596125984494,0.08564253042734783,0.10353029907602973,0.10826227667647871,0.6387856786565581,train,False,969
1,100,d,0.009033370454885618,0.009033427137771303,0.009812022704719186,-0.005288566498266985,-0.005288791435243567,0.051876765161482756,train,False,969
2,100,e,0.2573742597514419,0.2575137389916991,0.34861646265186563,0.11688195448788825,0.11687275580641732,0.30157129037037606,train,False,969
3,400,c,0.10423662783580498,0.10428566972818733,0.09645802667176127,0.039612684762598674,0.03960047264879996,0.8459406002026025,train,False,969
4,400,d,0.00921983396624872,0.009219965436582598,0.011312555642576353,-0.004479516591432038,-0.004479821832408906,0.02952754859946548,train,False,969
5,400,e,0.17281744720289166,0.17279007474442346,0.25894588078557385,0.17597989256629576,0.17597357902353566,0.3084956613520351,train,False,969
0,100,c,0.10184679365631863,0.10191206508229182,0.06446749223955775,-0.05896226176839491,-0.05905811997299693,1.0382229553923676,train,False,970
1,100,d,0.021588281221336693,0.021251544977708346,0.011343979328135991,0.0022903899956470044,0.002029636727105615,0.05323581528698942,train,False,970
2,100,e,0.23743259999246086,0.23735616453299382,0.16842347674116592,0.11403859810502048,0.11401958940781598,0.350121864810919,train,False,970
3,400,c,0.09499497346880839,0.09500308499107428,0.08904779453411578,-0.016597104851887038,-0.01662959301823655,0.9865016019980887,train,False,970
4,400,d,0.005142507761492127,0.005147572074818798,0.004877375334372635,0.004340801200043796,0.004330878240143967,0.07761319086038394,train,False,970
5,400,e,0.15712764083014652,0.16344391893531135,0.2298189513614349,0.1436858741943827,0.14419395709756344,0.31618819196213244,train,False,970
0,100,c,0.07657402641909797,0.07645712706790779,0.058680240063888174,-0.11146310989360302,-0.11148031304041474,0.7260523363570244,train,False,971
1,100,d,0.004262251540575253,0.06294305900724463,0.00850471124685421,0.018639979640374983,-0.016552296255669726,0.07377483202070895,train,False,971
2,100,e,0.2432947774986201,0.24329809705991695,0.2779542984578742,0.08617251879329153,0.0861528059419772,0.3329996581981032,train,False,971
3,400,c,0.05646271041895238,0.05649550684748443,0.08312095368790384,0.05488632398841574,0.0548260340215905,0.645565181907472,train,False,971
4,400,d,0.005317765061541073,0.005322932095722598,0.005697262883082394,-0.016421834741525032,-0.016424075092033412,-0.01152889497969717,train,False,971
5,400,e,0.16881607078127808,0.16888663798695128,0.22369532742918832,0.14054016480956277,0.14053156806867434,0.30037518108571787,train,False,971
0,100,c,0.09064825185761421,0.09080317653593807,0.06949425668773082,-0.02814753274276626,-0.028192990010063142,0.46352424400665954,train,False,972
1,100,d,0.0035690721607161196,0.0035691316173981653,0.007692677912268373,-0.009847404287112678,-0.009847576744433564,0.048949610434468396,train,False,972
2,100,e,0.16881761908038403,0.16882075837371371,0.1898226742264825,0.10721511722425156,0.10720727835981678,0.34675645515152254,train,False,972
3,400,c,0.06082376447173295,0.06077053943966809,0.08285321024259754,0.06626496771992833,0.06628228618303596,0.6582771258176676,train,False,972
4,400,d,0.004716090226779957,0.004716085933676028,0.004330422380021429,0.0052283506087772835,0.005228304830176675,0.09881638886682823,train,False,972
5,400,e,0.19060600607119746,0.19060429528490283,0.26940715506599616,0.15384105418338073,0.15382577970458586,0.33394023159392633,train,False,972
0,100,c,0.05266351465982462,0.052661068801183084,0.09907979206321654,0.02563498882433663,0.025631860014804744,0.4626920336269923,train,False,973
1,100,d,0.004352333212985285,0.02637503499047684,0.00851273434717964,-9.89498490370977e-05,-0.01583629712720528,0.0946632345417078,train,False,973
2,100,e,0.23428973469997705,0.23150419405440736,0.26209666751227123,0.11929813885242052,0.11758591018590028,0.3506002055371777,train,False,973
3,400,c,0.056161298425472246,0.05622311848292792,0.08669931992039533,0.04141189803997264,0.04135670884663867,1.1116068798833028,train,False,973
4,400,d,0.004119601414909326,0.004119715415336527,0.004480751661444093,-0.0036638174762052243,-0.003664205172557349,0.001586479303306767,train,False,973
5,400,e,0.19898365704567955,0.1989826941078716,0.2614233924491337,0.13359842600086125,0.13358886630078756,0.36224227541677556,train,False,973
0,100,c,0.055146526984177074,0.055148689923113656,0.06134781580319454,0.059553848584013594,0.05954931154610755,0.7501414246118847,train,False,974
1,100,d,0.021184142895462194,0.020982621394021083,0.021214493082571666,0.014558653169160376,0.014510900233264862,0.13440243721967635,train,False,974
2,100,e,0.19887107386210026,0.20213662924485262,0.24843831233097918,0.12844007023896523,0.13076898022808706,0.28585227047017964,train,False,974
3,400,c,0.06942244976069531,0.08309560684297879,0.06788086574778525,0.09063435021700215,0.085588218766013,0.6297236966855834,train,False,974
4,400,d,0.008067487668444336,0.00806737944497599,0.007201263856481949,0.0044026118185849766,0.004402649424721616,0.10764705790879475,train,False,974
5,400,e,0.2201368740801143,0.22014932768426823,0.29987680765180813,0.1627398204301493,0.16281043300687487,0.47253562882239053,train,False,974
0,100,c,0.0738634336922701,0.07382639918364728,0.06214124507679747,-0.07393349439222206,-0.07395638976342625,0.5401003167095496,train,False,975
1,100,d,0.008837648566290456,0.017002787708111925,0.010937021585588276,-0.01511319552179522,-0.017529320554831,0.06994181422091755,train,False,975
2,100,e,0.23955848273041672,0.22219173930428035,0.3194975746177891,0.0917429532977156,0.13525329714769405,0.2292688083367502,train,False,975
3,400,c,0.060610859221274564,0.060475602280370924,0.08152940041753416,0.025233814402331946,0.024851736348724247,0.6796458675015464,train,False,975
4,400,d,0.004761662072418629,0.005015436111684788,0.005121649011853079,-0.003795576820822273,-0.004135968552327363,0.0645964976578827,train,False,975
5,400,e,0.17444130826326582,0.19317532071746993,0.2276604758407401,0.13165046956121793,0.12765756469503473,0.36252007184847707,train,False,975
0,100,c,0.0605681826452057,0.06056332180303418,0.09849236010283308,-0.047189301359108246,-0.04719229732624292,0.5060962272945344,train,False,976
1,100,d,0.003904120666301769,0.0039037865265228295,0.0056295428946161515,-0.021749066070738367,-0.02174797051094558,0.018647804284032805,train,False,976
2,100,e,0.15024443778358385,0.15024356373734243,0.22431959516457595,0.12992023982852047,0.12992815702083604,0.3053156099761539,train,False,976
3,400,c,0.05850524496253108,0.058495743575185694,0.08846406988319312,0.021540582783430653,0.021532513343723778,0.7195385257242956,train,False,976
4,400,d,0.0038363314179286467,0.0038361670061375515,0.0050135342372746436,-0.003035340504165962,-0.0030357432439026156,0.09853251785075556,train,False,976
5,400,e,0.1790427288201416,0.17905527457800588,0.26240502673329263,0.1760224351462343,0.176007749267716,0.3041162472538457,train,False,976
0,100,c,0.06372716720070044,0.06375203964403148,0.06938930566454095,0.043361075619008246,0.04335508038967589,0.757368867683828,train,False,977
1,100,d,0.006340808808738918,0.00634091561593741,0.011550085995040702,-0.007692854449964024,-0.007693169523115948,0.06344065301044999,train,False,977
2,100,e,0.24819935814366473,0.24819706573720468,0.31095369353264785,0.11759006614303452,0.1175760708102542,0.2510491975606092,train,False,977
3,400,c,0.06561973168994263,0.06562582602387133,0.09940345279120509,0.07131313406546312,0.07131360803178467,0.2600840351038137,train,False,977
4,400,d,0.013248020052225116,0.013248964959918992,0.009061899686747114,0.016131671041149966,0.01613089485812779,0.07529532058527645,train,False,977
5,400,e,0.20010849820571525,0.20015915876567505,0.2894747694354166,0.1782967219765719,0.17828793706373688,0.3061218415573323,train,False,977
0,100,c,0.07928334220917509,0.07929082420381323,0.07673407166685757,-0.026941194555443814,-0.026952101753939247,0.9310245276657259,train,False,978
1,100,d,0.007980739678671755,0.007977037746057918,0.006527669307954461,0.009359204192603254,0.009358099159033574,0.014241964943631658,train,False,978
2,100,e,0.23538277635513624,0.23535629979500822,0.3383072428736117,0.1516325163099036,0.15162928575738419,0.30461942201641795,train,False,978
3,400,c,0.053739534390431706,0.05378878706054336,0.08276185756841226,-0.008145878346691404,-0.008168744172193385,0.507317803627791,train,False,978
4,400,d,0.012047309930978295,0.009820529857266612,0.010352144585762618,-0.007085968058092682,-0.006609344339531731,0.008822812286065051,train,False,978
5,400,e,0.20911048077334113,0.20911581190009718,0.2680818784737553,0.16118386881387983,0.16117614505189523,0.324064864814721,train,False,978
0,100,c,0.06377674729277913,0.06376047562161809,0.07668643577341365,-0.03482380753831613,-0.034834869734711234,0.9142784483667441,train,False,979
1,100,d,0.008695958917553025,0.008655871829999337,0.00841951200266749,0.04077606229276792,0.040775640080438755,0.1856903653542666,train,False,979
2,100,e,0.2257835550620814,0.22584345281624774,0.3092637134985399,0.12663388733358003,0.1266304159358886,0.3118022220432774,train,False,979
3,400,c,0.054462595700442235,0.12563611411559358,0.09298615596329993,0.07047824550188864,0.03699377012565975,0.9507223192446442,train,False,979
4,400,d,0.004566678877931922,0.004566677717951868,0.005856587125619799,0.007380303798008452,0.007379992379941243,0.036512077844886796,train,False,979
5,400,e,0.1931995855927016,0.1931746046887044,0.28323214352411324,0.1593695030097707,0.1593620970118906,0.2865114657282858,train,False,979
0,100,c,0.16572678735913718,0.16087111823737388,0.11398525340096359,0.003931953588462633,0.003448554853452066,0.9181838427268036,train,False,980
1,100,d,0.00507855768472797,0.005078633321638686,0.004455838088807822,-0.004471810287388554,-0.0044720128080890835,0.04275883538040045,train,False,980
2,100,e,0.18842282457124473,0.18823997301175655,0.26670975978754796,0.11690083060617895,0.11691539306331926,0.32808905714152176,train,False,980
3,400,c,0.06979450315885305,0.06004849173613702,0.09471615796538721,0.010292862377710463,0.013683676762619541,0.6772602961164977,train,False,980
4,400,d,0.0041183609026308795,0.0041190617030982,0.004690246078043795,0.00017175342013397098,0.00017113680696200008,0.049502194385257534,train,False,980
5,400,e,0.18538749151664782,0.1853854623994867,0.24668697946254983,0.1216573143167847,0.1216465505697001,0.33395486018695225,train,False,980
0,100,c,0.059259243981172806,0.05924984015801595,0.10056304034310184,0.05548372748832499,0.055485924340418505,0.6096874594017434,train,False,981
1,100,d,0.017985644374690583,0.01799055311989708,0.02340864021723391,0.012789276651156242,0.012788785942011228,0.03054023102456398,train,False,981
2,100,e,0.20593438796832492,0.2059647206522678,0.2668603952942518,0.17751501197463715,0.17750956060078427,0.27046152003274154,train,False,981
3,400,c,0.05840265147016008,0.05836046880972248,0.06453716860696164,0.03697517368326558,0.036848074735920944,0.5593222936430255,train,False,981
4,400,d,0.006063685381030306,0.006066830693848797,0.006189225490890461,0.0062160168296650125,0.006212570725881719,0.006834759902276986,train,False,981
5,400,e,0.18923110110771554,0.18923122531165606,0.29693562180663585,0.18231316438922376,0.18231431544254328,0.3056660080351794,train,False,981
0,100,c,0.06973537497817112,0.06973623569975032,0.07525289709441274,0.01691259154151126,0.016904159009644034,0.5135623854598601,train,False,982
1,100,d,0.013426301578192518,0.013426444362530189,0.007614465475681473,-0.005480313784008502,-0.005480187979044758,0.14210063607327536,train,False,982
2,100,e,0.19348084986379085,0.19346648445363576,0.28231946870555436,0.1442127379145392,0.14420610461987884,0.3037302534306261,train,False,982
3,400,c,0.058818447759831416,0.06376655590559838,0.09237160589368058,0.09600102942812058,0.09464999420182381,0.6579912467626948,train,False,982
4,400,d,0.006271243564058549,0.006274988954301069,0.007523357622230156,0.00038164079848192146,0.00037933261957389774,0.08526872582833951,train,False,982
5,400,e,0.1665230370960069,0.16651553790621595,0.266125186870639,0.12681084682514254,0.12680485590834295,0.3329626593017526,train,False,982
0,100,c,0.05768158343943368,0.05764382767703229,0.07265725027350886,0.05795942200150577,0.057963789459000166,0.49072911291390353,train,False,983
1,100,d,0.009170121246826037,0.009172060256347325,0.006836101984868857,-0.004893162530120492,-0.004894390627451344,0.011068650576327136,train,False,983
2,100,e,0.2525670421914057,0.252664165918321,0.2678767016473603,0.0850310066465363,0.08504079871898199,0.35107719047380465,train,False,983
3,400,c,0.05921312715829252,0.07481746868177061,0.07958373256151237,0.04181206469291624,0.03309911457925296,0.7092317080711069,train,False,983
4,400,d,0.003823812034576013,0.004622671330567578,0.00367711585035242,0.0014513190409177134,0.0012199309146542524,0.0487140150456357,train,False,983
5,400,e,0.17533717743789803,0.1753434549949796,0.2700863015969706,0.1464957369892105,0.14648904674609614,0.386090702253525,train,False,983
0,100,c,0.07139892792717226,0.07139897244448702,0.09883221112870565,-0.13454388162176614,-0.13454411877359262,0.4300387583914086,train,False,984
1,100,d,0.01135791374885235,0.011361638583099607,0.014765298860545504,-0.0034130679873994475,-0.003415300680960716,0.026914200639659283,train,False,984
2,100,e,0.20691796938900406,0.2068868187970719,0.31145602845424614,0.16064801999458822,0.16064300415279908,0.27738139445873744,train,False,984
3,400,c,0.0609664536705572,0.06115896950176409,0.09769792266353428,0.05199776215912451,0.05193629835983636,0.693551417795494,train,False,984
4,400,d,0.007722742512235025,0.007730091721491802,0.006598455343227418,0.01414347438514703,0.014141073468205789,0.037070804562159075,train,False,984
5,400,e,0.18419803633464293,0.18418747684486192,0.30185493769532257,0.16321797761241189,0.1632096744626199,0.3024085590197817,train,False,984
0,100,c,0.051718529265296624,0.050702682261571604,0.07498951275024546,0.003366635090460264,0.0032342529142964337,0.3135339609812132,train,False,985
1,100,d,0.009326836561584971,0.009327402704974848,0.008206852137582538,-0.005509591852677662,-0.005510024352085487,0.07795495726502683,train,False,985
2,100,e,0.19889309824011708,0.1989007034516892,0.33125174637204036,0.14943757214629277,0.14942968557138545,0.32796746002206384,train,False,985
3,400,c,0.061958367566494796,0.06196187546749339,0.08763263636635608,0.09324809026206232,0.09323321526510135,0.8459227442878711,train,False,985
4,400,d,0.006828746438057567,0.006875988900762671,0.006030714941170498,0.014449245236234472,0.014440703912859228,0.056789777895735936,train,False,985
5,400,e,0.2016448179475281,0.2025539842510612,0.26734039529898035,0.15795466566222469,0.1580953985806041,0.38048924329068484,train,False,985
0,100,c,0.06277184184694953,0.0638458912481649,0.10382665379425235,0.015565381642502133,0.011668684578414315,0.33285565695206876,train,False,986
1,100,d,0.007392183836815327,0.0033685457369227022,0.003128865296247335,-0.0016785753146053928,-0.0005016987056158584,0.007113140597860532,train,False,986
2,100,e,0.19413943008185394,0.1940039330608785,0.326233180567251,0.15182036227490806,0.15181325564375087,0.2896164202016649,train,False,986
3,400,c,0.05755571569089588,0.05754873896776364,0.07760504830492113,0.028341077633346288,0.028335718977637328,0.5273618837380348,train,False,986
4,400,d,0.006822763228849513,0.006822144574644199,0.004882779324601403,0.01663284033465871,0.01663242891088192,0.15728970592958255,train,False,986
5,400,e,0.17060487723026285,0.1686036896147126,0.28265882997597097,0.15634111675531756,0.15981208823290743,0.30520335880309674,train,False,986
0,100,c,0.2370605232561424,0.23697563166477148,0.16985111986518917,0.1057466053510531,0.10572147709440216,0.5867609047778887,train,False,987
1,100,d,0.003960211856419366,0.003960199766178034,0.006837620015777143,0.0006176080617414215,0.0006174509303631481,0.0219316498517691,train,False,987
2,100,e,0.19598694975942338,0.1960141741651635,0.23064374806042381,0.14007497815709788,0.14007003949643734,0.33365690266505527,train,False,987
3,400,c,0.05420512665886716,0.05421962492606205,0.10280081301962295,0.05796410915894832,0.05798669208303913,0.7463149097656273,train,False,987
4,400,d,0.005811613179335862,0.005811774778532584,0.006204011621442588,0.00846619084179471,0.008465986690544085,0.024542221768765894,train,False,987
5,400,e,0.19583902250372595,0.19588076209537508,0.28188147453309875,0.17259480110080092,0.17392089932133872,0.3234207140294,train,False,987
0,100,c,0.05726874782217675,0.05726361653344959,0.0955533345408971,0.04252059981661731,0.04251056194779416,0.742085773025088,train,False,988
1,100,d,0.004469813551886434,0.004469889259403187,0.0042842623088656245,-0.05511581680663819,-0.055116262494936404,0.026888050351582714,train,False,988
2,100,e,0.19724704542723276,0.19723973156394467,0.23930810239131475,0.06603189195544068,0.06601893524981463,0.3659034029231021,train,False,988
3,400,c,0.06645895615713336,0.06750527200884099,0.07240074684837536,0.040751608672719326,0.04124636196829051,0.8774189425871666,train,False,988
4,400,d,0.003623315633572583,0.003623379953347232,0.004448124967921975,-0.023291641520229937,-0.02329210595187103,0.0059590705532767884,train,False,988
5,400,e,0.18299946660127728,0.18303147711314854,0.28488802661731044,0.1527963921611891,0.15278290437980224,0.3144065925318728,train,False,988
0,100,c,0.07360077042170549,0.07354791820598301,0.07320869465663249,0.049464024669136394,0.049427124923997,0.6009604350873723,train,False,989
1,100,d,0.004708599186794507,0.004709184100334304,0.004769746987900405,0.011075207025726251,0.011074801845058033,0.10672317745180634,train,False,989
2,100,e,0.16767635226991978,0.16768981706459446,0.19920833929037104,0.09586684382026511,0.09584956735205957,0.31279612429985393,train,False,989
3,400,c,0.08328148881099579,0.08347482017145032,0.07926746299289325,0.04160176758673856,0.04157715482691046,0.21799549786808356,train,False,989
4,400,d,0.005317319314262927,0.005333183110515966,0.0045325018447048716,0.007247030126958851,0.007243222773505948,0.032290853617651154,train,False,989
5,400,e,0.1655179508906427,0.16551281581731567,0.2338454903551683,0.12878420894195358,0.12877895419011226,0.35782430541400273,train,False,989
0,100,c,0.07549461031761341,0.07549885261500254,0.0931529879749635,0.06063513230649257,0.06062578946600745,0.48381501561342305,train,False,990
1,100,d,0.00817420697621704,0.008174298657704913,0.010029555309819114,-0.014801605396027054,-0.014802097812347767,0.0073921617779158484,train,False,990
2,100,e,0.26314435801863456,0.26305387289045257,0.30797228941451044,0.16300084227139053,0.16298808228628786,0.28894158277788123,train,False,990
3,400,c,0.05712209136067958,0.05704355955081664,0.08012766303229979,0.024735277511735987,0.0246565482776937,0.48519998590722435,train,False,990
4,400,d,0.005018701497246987,0.005018755355211787,0.005598970527497224,-0.012746551710854473,-0.012746924374336733,0.009136596176729626,train,False,990
5,400,e,0.1642755711598728,0.16412792849706576,0.23021496941980188,0.1493789765513307,0.14936551152784575,0.32125027841705517,train,False,990
0,100,c,0.0665674313800441,0.06656012063136467,0.08257214776293287,-0.007879360254783379,-0.007883494134006597,0.6057590999252935,train,False,991
1,100,d,0.004172226021132102,0.0041723188799233,0.00344976456086757,-0.018546598019333532,-0.01854704826019095,0.016457969606433098,train,False,991
2,100,e,0.1762079333425765,0.17621433223214694,0.28371171208938334,0.15393929205552137,0.15393572702333497,0.2618009672953925,train,False,991
3,400,c,0.06466171427877584,0.06466328696099365,0.08564337114209239,0.09282625418474397,0.09282495743282994,0.6424516227198438,train,False,991
4,400,d,0.011581421302031863,0.011572451568120097,0.013275812597536265,0.010697320472636563,0.010696611400187735,0.1080562955857101,train,False,991
5,400,e,0.2130101055612534,0.21299087963075788,0.2868074963807272,0.15141947720336718,0.15140917500979648,0.330080770217464,train,False,991
0,100,c,0.09550697162704919,0.09570856414274972,0.08488352957595939,0.07515365764413957,0.07514227109369401,0.7412635704240289,train,False,992
1,100,d,0.0304786214488232,0.024711815739241617,0.004938868773796494,0.020601459702453192,0.021241524857139354,0.07229461836313185,train,False,992
2,100,e,0.17817234948997865,0.17817504752274563,0.28015093206542985,0.14378944949111952,0.1437875181832109,0.3154217714001605,train,False,992
3,400,c,0.05252822526072207,0.05723790107590298,0.07050825418696106,0.04607733033079235,0.04495733533095553,0.6214274183226768,train,False,992
4,400,d,0.003704133183443394,0.011372950721021522,0.0061004474271112216,-0.011332622780529426,-0.015458729426908954,0.045336133514801896,train,False,992
5,400,e,0.15568161906080744,0.15567918400144112,0.2630279632474906,0.161776441441797,0.16176536592749854,0.3106659884544159,train,False,992
0,100,c,0.14724445944339876,0.1476687633303359,0.18220180870230196,0.0959801737094228,0.0959329449958004,0.6719115441340197,train,False,993
1,100,d,0.007171330398038451,0.007171340033004868,0.007509172457129138,-0.0030715419841798666,-0.0030718547195877476,0.0043479271171741555,train,False,993
2,100,e,0.275734968324178,0.2757215865427062,0.3348572811993519,0.1408130730487894,0.14080689358019832,0.29631462437476813,train,False,993
3,400,c,0.06134532709385541,0.06133080165000721,0.08337406631331035,0.07547735323689438,0.07548076135068123,0.6336045699992089,train,False,993
4,400,d,0.011833482656174822,0.011816018110129185,0.009289178834063288,0.005637516341004147,0.005634292567481883,0.11143400765168696,train,False,993
5,400,e,0.20233915762806937,0.19903012073079412,0.2788554953269988,0.15330210985905107,0.15708303930453543,0.28301029604845684,train,False,993
0,100,c,0.1694722967479039,0.16956098113517717,0.1362467405058195,0.08814622377857162,0.0881040511488618,0.8717828001004574,train,False,994
1,100,d,0.014542533415033929,0.01508675500309879,0.02026037213685245,0.03479070952499118,0.03485289652262001,0.180925444120202,train,False,994
2,100,e,0.23609727951295578,0.23606710105520967,0.4108575007472976,0.1592009566466232,0.15919285317994003,0.31253515494647544,train,False,994
3,400,c,0.07535251868767268,0.07530202969732622,0.07161386608038735,0.11851113755316163,0.11856806989131116,0.8359101310062471,train,False,994
4,400,d,0.00736110122459748,0.007360379158614508,0.006431512396325695,-0.0002070323730450596,-0.00020708529727547998,0.09915279644897651,train,False,994
5,400,e,0.214147248093942,0.21415151333043944,0.2535442125684641,0.15156210910905357,0.1515576475928252,0.2993812311833142,train,False,994
0,100,c,0.06353580128624545,0.0635386157018076,0.0642248151182865,0.029380261838739444,0.02936604125677917,0.8189988339672365,train,False,995
1,100,d,0.02112067244267033,0.021130634244687155,0.019426879096197752,0.007589990316290294,0.00758671328656714,0.09684986527360334,train,False,995
2,100,e,0.2572034614804873,0.2524111982995635,0.3566971789341597,0.15760562942176776,0.15850805830174672,0.5702612179461738,train,False,995
3,400,c,0.060246019898891424,0.059213421874570474,0.08526456612797868,0.05627912706729418,0.056118148914664656,0.47238070112951064,train,False,995
4,400,d,0.008317750781757817,0.008318169926968925,0.008027420657111062,0.004462308013524528,0.0044617906829398455,0.10229614793013225,train,False,995
5,400,e,0.1936830962060797,0.1877383018186978,0.2484653968466222,0.14940898464652277,0.15139530477402885,0.36665017089945706,train,False,995
0,100,c,0.06958885378952076,0.06961818383143034,0.10422573235665686,0.03917815971852114,0.039163062368558245,0.6231974887290395,train,False,996
1,100,d,0.01955346510598702,0.019554382630047003,0.011212147535575735,0.017153644302099168,0.01715319511402367,0.10742586593248954,train,False,996
2,100,e,0.21087611777642942,0.21088788866168115,0.31959869695930315,0.1498240453087616,0.14982014207505137,0.37310925651138027,train,False,996
3,400,c,0.0978622460543308,0.09818700596097152,0.12328738744937862,0.10161296282078112,0.10165747823307456,0.7091485167277581,train,False,996
4,400,d,0.006762277368453567,0.006762604829146885,0.006104698634280653,0.00890740257734116,0.008907015201260115,0.04253351846007769,train,False,996
5,400,e,0.20636617507321714,0.20634017597982574,0.33623251810668003,0.17254985680762083,0.1725463263918602,0.2857077503194765,train,False,996
0,100,c,0.05934803634219562,0.05934846525030777,0.07518097395965957,-0.08327587303855281,-0.08330057259820414,0.49369279718085807,train,False,997
1,100,d,0.007988605666678599,0.007995071320491242,0.006329768237142471,0.004593493928872157,0.004592614582249759,0.04380083872879062,train,False,997
2,100,e,0.22485707817004552,0.22485542557984065,0.277979325067759,0.11500310552375481,0.11499425079103155,0.48692931903975617,train,False,997
3,400,c,0.06153485291424414,0.06119702871561013,0.08606525294925847,0.005454416234200821,0.0054118844227949835,0.2878246087611443,train,False,997
4,400,d,0.0058972621120220396,0.005896682222742185,0.0066137884501815195,-0.003414094134910286,-0.0034138597892407673,0.05335731760780313,train,False,997
5,400,e,0.15920020149494207,0.16308033630517005,0.2670132528455518,0.13449225817929372,0.13840613896708173,0.332270420671152,train,False,997
0,100,c,0.13600489579984984,0.10059054335498521,0.09275272585963788,0.13230557458930492,0.1352097326601846,0.3278416428308738,train,False,998
1,100,d,0.009231762275674042,0.009232369200630464,0.01279919682233242,-0.003952137157704954,-0.0039532001270948846,0.08288701361107373,train,False,998
2,100,e,0.28965342309591696,0.28775513462279273,0.3260404004145959,0.11792796217058545,0.11565154610416385,0.23347495993926132,train,False,998
3,400,c,0.05626150921069323,0.056213818535013796,0.07059650009747495,0.01065455714662221,0.010620479731746997,0.813968926261377,train,False,998
4,400,d,0.005595259258212082,0.005595439984965695,0.006311743945885624,0.010668081290290985,0.010667719333270362,0.040248574722449,train,False,998
5,400,e,0.1838134585571564,0.18351988342545247,0.2662296218700855,0.1303607637605631,0.13000113232958907,0.3247943531714801,train,False,998
0,100,c,0.06670292661972048,0.06664567940783582,0.0833399241841259,0.04412107447797311,0.04413130660217185,0.9831878935695312,train,False,999
1,100,d,0.015498216985918576,0.015475516780139954,0.009106769789434248,-0.015582044000649003,-0.015583004794918214,-0.010731398229570015,train,False,999
2,100,e,0.1871286354116861,0.18711674977962992,0.21689571524974918,0.03261872080025622,0.03261140734318293,0.3671396857930621,train,False,999
3,400,c,0.08695549739470174,0.08673918185640829,0.08355188363710699,0.08220051590113166,0.08215640864518882,0.5361789141544,train,False,999
4,400,d,0.010629840050322012,0.010644511028284018,0.011590410806775373,0.01683174591841741,0.0168230950888883,0.03330498508062279,train,False,999
5,400,e,0.20727511623405173,0.20628326430735952,0.29832192661709944,0.17135436337312343,0.1709828300143075,0.3009121363347319,train,False,999
