,n,experiment,MSE_misspec,MSE_NPMLEinit,MSE_NPMLE,SURE_misspec,SURE_NPMLEinit,SURE_NPMLE,data,NPMLE_lower_SURE,seed
0,100,c,0.08770842774543873,0.08770152201463938,0.10279628737510295,0.05726562485252032,0.05726625255573588,0.3755815752809943,train,False,2200
1,100,d,0.007163466061443028,0.007163207327988172,0.009022040443680202,-0.03332626374285315,-0.0333254743694819,-0.024673860040386745,train,False,2200
2,100,e,0.216187372962506,0.21617955671446992,0.2758309776878816,0.15453197332996457,0.15453377788373476,0.3637399793503209,train,False,2200
3,400,c,0.05832726713114491,0.058966134889198295,0.07712723034840253,0.06591868208402503,0.0656465150516479,0.7070213846349804,train,False,2200
4,400,d,0.008612653395280166,0.008614358831993706,0.00989236490293466,0.016726859878538197,0.016726813483775322,0.03133415254328654,train,False,2200
5,400,e,0.2125223264122716,0.21232605264373963,0.25514701121103944,0.1490849771891726,0.14850804161948716,0.3258541035784136,train,False,2200
0,100,c,0.06739153066542189,0.06741190706189137,0.06957807065882292,-0.0209272598651998,-0.020951252174500966,0.6720003322976297,train,False,2201
1,100,d,0.01869816181425813,0.018698370341959068,0.020197946509375054,0.025848241111806197,0.025847950650948234,0.05853365721087293,train,False,2201
2,100,e,0.25106479177492547,0.25105887227619805,0.3552028072661988,0.15955491849767225,0.15955804068528484,0.35280017144914877,train,False,2201
3,400,c,0.057188555423531115,0.11746820332706438,0.10053435710420805,0.07733877484771924,0.04341454386298452,0.9451185761160411,train,False,2201
4,400,d,0.006665807595302013,0.008979531020280656,0.007422606152031453,-0.010780077485822073,-0.012693211819237434,0.06718178009594228,train,False,2201
5,400,e,0.18394192559866743,0.18394188720483373,0.2890058419061749,0.17569415288919557,0.1756889355373327,0.3119852009200437,train,False,2201
0,100,c,0.07161347271785029,0.07180859208597212,0.08680289056966321,-0.07805196738507135,-0.0780717728696915,0.34794938145095444,train,False,2202
1,100,d,0.0040045597894557035,0.004004638547489237,0.005750033893127393,-0.02037836458327426,-0.020378817691549804,0.015414323887859674,train,False,2202
2,100,e,0.22473360230387648,0.22473749380180866,0.2932394007629269,0.11315752867527706,0.11315108997265555,0.3690931821068413,train,False,2202
3,400,c,0.05679771082758925,0.056796580611281906,0.07776233246787763,0.02801540950754756,0.02801330344558913,0.5064641810506434,train,False,2202
4,400,d,0.004709043584875938,0.004708758395326267,0.005633587993038798,0.005819965235859783,0.005819921526862881,0.032332990193106585,train,False,2202
5,400,e,0.2027526164960471,0.20272879257330914,0.26570178706508196,0.15289739359882823,0.15289412629563237,0.3266101641400621,train,False,2202
0,100,c,0.06408226934257132,0.06295518388490992,0.08505376605518628,-0.004864001523673523,-0.01378197957800822,0.5162080111142127,train,False,2203
1,100,d,0.007480508757009966,0.007961720006238997,0.008418421224900356,-0.031730289229842175,-0.032154410055188,-0.02871899471657315,train,False,2203
2,100,e,0.1590546087570681,0.1596156172223108,0.301423923483614,0.17886040863487232,0.17887412038065356,0.280943094348503,train,False,2203
3,400,c,0.06486988322035293,0.06487824634944359,0.08871636218069714,0.05752083509428801,0.05751388846819005,0.6581523236171222,train,False,2203
4,400,d,0.005738022739353146,0.005735658139658453,0.006322833254297998,-0.0011129545033361588,-0.0011127507103696032,0.051540245164204475,train,False,2203
5,400,e,0.15320251867303417,0.15320757136246807,0.2825897859365984,0.1682406051331652,0.16822684672217797,0.3047914259710479,train,False,2203
0,100,c,0.06292154260983734,0.06292623378562566,0.05116328632869867,0.11665457443131785,0.11664465599603631,0.9040823498491816,train,False,2204
1,100,d,0.005435502990953775,0.005435578037336448,0.004867620430855587,-0.014678957349831396,-0.01467909721617831,0.014256254943693047,train,False,2204
2,100,e,0.17228417976844898,0.1722831127282028,0.3135343872869234,0.12040723628147185,0.12039916714997383,0.33737841831423887,train,False,2204
3,400,c,0.061670383547014464,0.061680145587604124,0.06780506466881267,0.09508600151598544,0.09507263115666675,0.7337808048054135,train,False,2204
4,400,d,0.006087088355675984,0.006090619943631993,0.006305376220080513,0.014510899059002061,0.01450985685779587,0.016012568590238772,train,False,2204
5,400,e,0.17970348869323266,0.17969295136488767,0.276564277140622,0.17088491898336486,0.1708745594588096,0.3132882448652735,train,False,2204
0,100,c,0.11396574297497139,0.11397908134772215,0.07329655731808772,0.07512105714203365,0.07512795573184612,0.9448234912360804,train,False,2205
1,100,d,0.005001400971827603,0.00500147014504806,0.005296022982779438,0.0018017472092378562,0.0018014779845954899,0.009408989207867115,train,False,2205
2,100,e,0.18168614735233773,0.18170690301482742,0.25630379546426846,0.1697851749314372,0.1697773561509122,0.3002604053852951,train,False,2205
3,400,c,0.05655614610814553,0.05655587706924714,0.08489215851120098,0.024868134852644348,0.024869860182877873,0.6598963377602466,train,False,2205
4,400,d,0.005437267436282531,0.005437104563661991,0.00582875701402001,0.007301486991533217,0.0073011409800137275,0.07937674864163614,train,False,2205
5,400,e,0.15296905712235204,0.1556148931319294,0.27876541683290224,0.1591285752484015,0.16290904355808258,0.33462111034361963,train,False,2205
0,100,c,0.0677010220801673,0.06770684624633319,0.11757185104123752,0.027042859483004025,0.027036104030169525,0.6448907950264414,train,False,2206
1,100,d,0.04797604560008086,0.047987007586521496,0.01865451842245475,0.02340494888738185,0.023398992408631046,0.13741363091702583,train,False,2206
2,100,e,0.20253298492876948,0.20253524216665622,0.19101479002372637,0.06027256503592568,0.060261556649140145,0.3682797838413188,train,False,2206
3,400,c,0.05589787101501071,0.055820523523240385,0.0886274593666951,0.09765544359789587,0.09763188148071493,0.6932427844169087,train,False,2206
4,400,d,0.011381364353424392,0.011369097479507323,0.009449834855993157,0.0015541489361468664,0.0015518798316467475,0.021831481306385604,train,False,2206
5,400,e,0.2085583436726339,0.20854540926270293,0.33095941044667443,0.17734667679937086,0.1773506629838194,0.3530395188268443,train,False,2206
0,100,c,0.05533249185662595,0.055464436007389616,0.09898508876680097,0.10013782016458728,0.10009819467772495,0.6759236664226868,train,False,2207
1,100,d,0.005212278739074796,0.0052123013739905025,0.005094050084945305,-0.0320962826692873,-0.03209656187444845,0.019803796893489913,train,False,2207
2,100,e,0.17955797653048455,0.1843059699872098,0.2948735609905783,0.11050603122280198,0.11856683275703685,0.2609605138569107,train,False,2207
3,400,c,0.08549725724493464,0.07873655424276299,0.06951853493550274,0.03811158036941919,0.03972698520172585,0.75495712040099,train,False,2207
4,400,d,0.00786202140207066,0.007861591197947201,0.007387707284402915,0.0004470272737297698,0.0004471547424594391,0.13932974582284438,train,False,2207
5,400,e,0.21683001831432872,0.21677232039237218,0.2977040360393478,0.14145614518761426,0.14145642340843564,0.3258597915706133,train,False,2207
0,100,c,0.06623879548177554,0.06626355303029173,0.05673465946983522,0.09667376026855962,0.09666485918860772,0.8837245872325048,train,False,2208
1,100,d,0.014052265244088202,0.014053369978397979,0.00732355499957069,0.04359064273672288,0.043590238524460825,0.09541539095833944,train,False,2208
2,100,e,0.20189634592798428,0.19260503621761763,0.3525141788731427,0.12182730480900204,0.12926903160123765,0.2786953667582641,train,False,2208
3,400,c,0.07081322714997422,0.07081870222627507,0.08624682647695253,0.008982914504767693,0.008979628373888033,0.7413495137343468,train,False,2208
4,400,d,0.005178502412793839,0.005177831392953616,0.0054657491358850495,0.0106855122186745,0.010685283496420209,0.09845917551010935,train,False,2208
5,400,e,0.18717361634093085,0.1871676110273999,0.3216260185730564,0.16291286008445582,0.16291037407993572,0.2908855471456882,train,False,2208
0,100,c,0.0609079328057982,0.06155066409794761,0.10369015089627022,-0.06959387999853696,-0.07525065316780812,0.7918426476498133,train,False,2209
1,100,d,0.003093705625101649,0.008635928666199999,0.005697365432640069,-0.004316216186203068,-0.008024419814119632,0.05756184902689288,train,False,2209
2,100,e,0.1240317031287266,0.13862416102851216,0.22356117509150966,0.08363166389176172,0.08648943980159189,0.39358279400631146,train,False,2209
3,400,c,0.05749195820268085,0.057491398679658225,0.08900550677761504,0.040687932750978394,0.040550195574568376,0.6318169746101188,train,False,2209
4,400,d,0.006762257735894076,0.006762518592681081,0.005483833980162873,0.014895481179688624,0.014894972434499217,0.05433802756047404,train,False,2209
5,400,e,0.18969827113729484,0.18970408050479765,0.2885339343489136,0.1814407578075386,0.18143914303678613,0.3479959961296338,train,False,2209
0,100,c,0.10860538482803703,0.10858961447835305,0.13476110803763108,0.08050635966413835,0.08049458108264666,0.6772063327695773,train,False,2210
1,100,d,0.006037628699580264,0.006037642204852858,0.006106052253321922,-0.008384487472638931,-0.008384804706898131,0.023573862158812523,train,False,2210
2,100,e,0.20856051264867154,0.20856817078692366,0.3315473162427285,0.15235940158683664,0.15235325227153243,0.3011979011957044,train,False,2210
3,400,c,0.06800914641147712,0.06754508011732915,0.08988679332017639,-0.009850524170739092,-0.00980589147537529,0.904693816063042,train,False,2210
4,400,d,0.0052133768072577975,0.005213250813271347,0.0068269135017739405,0.004210923157874813,0.00421081047157319,0.11473286685628782,train,False,2210
5,400,e,0.1561755186321972,0.1560454647003656,0.2491134779164507,0.1350631086115531,0.13504545828866935,0.3217292388620059,train,False,2210
0,100,c,0.05932724806964296,0.05935817572077342,0.06894993003364333,0.06181714586434296,0.06177895400535178,0.8111877846625727,train,False,2211
1,100,d,0.005457034976249066,0.00545720125933387,0.004803008362089415,0.004523148080112236,0.004522991369471665,0.03523256145747469,train,False,2211
2,100,e,0.24540104394042037,0.24557087451616041,0.3287438081864334,0.14408979489672186,0.14408533481318186,0.3103891025384838,train,False,2211
3,400,c,0.0703537253232564,0.07031370120645579,0.05970188719217793,0.005725747346039398,0.005695330479905962,0.7189247277634218,train,False,2211
4,400,d,0.0036740844790274967,0.003740214341518719,0.0037648688406474334,-0.005770188352976539,-0.005892728204360793,0.020635437760239322,train,False,2211
5,400,e,0.19295708251094582,0.19294974381316504,0.2858779465718258,0.1692123501793879,0.16920657097769543,0.3074022068399429,train,False,2211
0,100,c,0.061644578226093684,0.061625132595669235,0.06307575294487389,-0.09947857762809256,-0.09949494076449654,0.24795645518132275,train,False,2212
1,100,d,0.006636817865580723,0.020144231076311712,0.020664548853022397,-0.007571276120928623,-0.020638374796534933,0.04565641712010992,train,False,2212
2,100,e,0.1768479513829903,0.1747389300733608,0.21170947949428837,0.1495714991184601,0.16015239774108678,0.29456945754112307,train,False,2212
3,400,c,0.07327966514097901,0.07320031032909059,0.08495913445082523,0.05075476396791721,0.050685774796950654,0.7883425878041745,train,False,2212
4,400,d,0.006514896801099083,0.006514861531665769,0.00736325509161361,0.004916859857693261,0.004916855159386451,0.07548731019304192,train,False,2212
5,400,e,0.18493679353434428,0.18493292951240492,0.26610234663851506,0.17836129524363944,0.1783567010848258,0.31311087990487807,train,False,2212
0,100,c,0.07428969107688016,0.07429039163056782,0.13053318470352798,0.02188381307050598,0.021879968002841678,0.3587941313200906,train,False,2213
1,100,d,0.0060430719891776076,0.006041814783925121,0.004628112858143965,-0.007926840671025542,-0.007926457779324991,0.08049212093641497,train,False,2213
2,100,e,0.18908017774944352,0.18872098605614188,0.25515676377977575,0.14508618423886838,0.1451209101995834,0.2874712746015598,train,False,2213
3,400,c,0.05867114961642324,0.058667934641819616,0.0793170647189614,0.006242545932186943,0.006240242461638417,0.16703304485162868,train,False,2213
4,400,d,0.009250592500985411,0.009270761449298537,0.005303080714532337,0.03022829856858163,0.03022289179820218,0.11410662388083966,train,False,2213
5,400,e,0.1926171031419871,0.19260043324775986,0.23740874058639863,0.14444456150600588,0.14444420518288723,0.36296316755718616,train,False,2213
0,100,c,0.06863492457653746,0.07389681437281367,0.11525215116865471,-0.09012934602171065,-0.09075040218740534,0.338980682353449,train,False,2214
1,100,d,0.006346051696661071,0.006346351367788515,0.006050228017780452,-0.024292433264639614,-0.024292234492234215,-0.0050610237460680454,train,False,2214
2,100,e,0.23878133130422413,0.23876452225230685,0.3152615398028609,0.14670223410039937,0.1466968437805796,0.25946369347081766,train,False,2214
3,400,c,0.0656792984146643,0.06568789745785936,0.07254172884064829,0.07826544000204663,0.07825190853136434,0.6930824199104737,train,False,2214
4,400,d,0.006849997293238612,0.006850453697811043,0.00756524147848001,0.010337416559211441,0.010336777966553985,0.021255033628053664,train,False,2214
5,400,e,0.1916978687347562,0.19170839690956373,0.27658303437110726,0.16981722550888648,0.1698160279720586,0.3191008820638021,train,False,2214
0,100,c,0.05947506683579865,0.059385300541889424,0.07280848952943299,-0.07854912410935455,-0.07855363224367139,0.6931783696976217,train,False,2215
1,100,d,0.005465634959469893,0.005465676236441077,0.006085219216514193,-0.02864701583633604,-0.028647749997647978,0.006325844153382682,train,False,2215
2,100,e,0.12248471033269132,0.12259699215213855,0.21640493610876507,0.17051598605406285,0.1705140073434091,0.29095363956784864,train,False,2215
3,400,c,0.06198158546109442,0.061980630262938145,0.07904964853276203,0.03389312154557587,0.0338907639348065,0.5219197732851814,train,False,2215
4,400,d,0.007563974133458297,0.00756362117625942,0.007281304011281836,0.004633213537425451,0.004632927408394548,0.03762333776499467,train,False,2215
5,400,e,0.17345770713616854,0.1734167404775113,0.2813647395373086,0.14993662411395897,0.14993218747337245,0.3234784950645552,train,False,2215
0,100,c,0.07445498886225592,0.07444659789829061,0.055949662425503525,-0.10495942972806482,-0.1049755387517503,0.15857341641251493,train,False,2216
1,100,d,0.01697287128035488,0.016989583567118525,0.010835699541153637,0.027029654311939825,0.027029161088424764,0.03033276252541059,train,False,2216
2,100,e,0.26083831925781237,0.2608439325430059,0.3919152596541036,0.14595897800723898,0.1459559484560517,0.34259657690621625,train,False,2216
3,400,c,0.06299770307605404,0.06301438547402358,0.06578359601824087,0.0738942818555205,0.07382641374786232,0.5386618403293002,train,False,2216
4,400,d,0.004177653453064918,0.004177439944561799,0.00506721847963412,0.001204633403529396,0.0012046021693046072,0.05795405983922059,train,False,2216
5,400,e,0.15187879118813385,0.1500416913993803,0.2156379110388401,0.1399723910325224,0.14037932440168177,0.35489929028781403,train,False,2216
0,100,c,0.09336554608071777,0.0933591365080234,0.07966526701119447,0.06904857208636699,0.06904062555693465,0.28465630100615336,train,False,2217
1,100,d,0.023411403785656478,0.02345599098212254,0.017018449673450592,0.026594628095976774,0.026592019167972263,0.10013940992293315,train,False,2217
2,100,e,0.2599933070120049,0.2599476217718633,0.34934392343491544,0.2054334722766082,0.20543498551139622,0.29148021175865685,train,False,2217
3,400,c,0.053977514847683324,0.05397894256317634,0.06222822447039597,0.009193510769295301,0.009186552034640983,0.6068425329954296,train,False,2217
4,400,d,0.007171488219852875,0.0071671370116046665,0.00862685342406317,-0.012156630241755409,-0.012163809852098969,0.012443114457226977,train,False,2217
5,400,e,0.1691986878538083,0.17170316086006557,0.23093461534976864,0.15437815425191534,0.15764719775749986,0.32579004038881293,train,False,2217
0,100,c,0.06301494044656651,0.06297676006937732,0.09521030832450948,-0.02011075043789276,-0.020140528095914618,0.7481093345541231,train,False,2218
1,100,d,0.0066227027191791835,0.006622790870716475,0.005259186997040465,0.01775387947279139,0.017753466658646282,0.10271241823190401,train,False,2218
2,100,e,0.14181502889950726,0.14181519694713163,0.1810421792781221,0.1283159876372308,0.1283131910732736,0.3236304554911525,train,False,2218
3,400,c,0.08195849672994188,0.07770851277472988,0.0805875950347811,0.01792948060020521,0.017410550374906537,1.0079133446480837,train,False,2218
4,400,d,0.003662795813550985,0.00356242306221162,0.004781250121253984,0.01853527142865335,0.018561655039418506,0.03767045978043224,train,False,2218
5,400,e,0.17390884104349313,0.1739139859732713,0.2606481216366041,0.14410830177857548,0.1440973408509327,0.3772760569114992,train,False,2218
0,100,c,0.14462132899096136,0.14462638227862393,0.11709708162444206,0.04541959865770643,0.04541019911639047,0.8364297392432267,train,False,2219
1,100,d,0.0126782915268348,0.012677508312340942,0.0059784129420885875,0.017801578406577347,0.017801131537902304,0.022493491416474783,train,False,2219
2,100,e,0.226239180314256,0.2262268430197408,0.28725777406438047,0.1675833887516562,0.1675899327461048,0.6966587864545045,train,False,2219
3,400,c,0.06631053504915163,0.06628113300780537,0.0826010795100312,0.07531895631188398,0.0753315922308213,0.8753816147417263,train,False,2219
4,400,d,0.006505210241489654,0.00652319357806419,0.005163260294127848,0.024970663395921966,0.02496184422413675,0.0916093059207319,train,False,2219
5,400,e,0.18679293345291975,0.18677256652301044,0.2715176486244417,0.17156977321207884,0.17156076358039385,0.3119324421978183,train,False,2219
0,100,c,0.07090525547179198,0.07073407285252652,0.08910247565974866,0.10778008285370141,0.10775608694076731,0.704012251539687,train,False,2220
1,100,d,0.012583899865962611,0.012596620011147277,0.00932433441046738,0.012314274182925562,0.012310289041895963,0.13766180614616372,train,False,2220
2,100,e,0.2045130424398835,0.20449719544343772,0.3216479769512137,0.12979602965514278,0.12979365458694478,0.3151831088687765,train,False,2220
3,400,c,0.06649173313308045,0.0665006683071079,0.061135370569770864,-0.004236648440535475,-0.004250367160256304,0.4461549964612797,train,False,2220
4,400,d,0.012885697252927472,0.012801584376159659,0.010573655076998607,0.004673192897965084,0.004648430582577117,0.054293522898524176,train,False,2220
5,400,e,0.2006651731178694,0.20141268128935114,0.24998448418012623,0.1743111097123377,0.17379170469773336,0.33291441646575537,train,False,2220
0,100,c,0.06616662284063661,0.06616951714634926,0.06122323597989704,0.032374585644224116,0.03236378646825685,0.513811415593538,train,False,2221
1,100,d,0.008233283561203017,0.008233410678112878,0.010280047803293025,-0.022931455706397534,-0.02293202007660838,0.031042749253527065,train,False,2221
2,100,e,0.18058820297685985,0.18048589658370698,0.22965682029515044,0.10852282626123191,0.10851792171224268,0.2922526162829231,train,False,2221
3,400,c,0.05888117564799113,0.05888375116519988,0.08487517446982523,0.051450289163717855,0.051447627414446376,0.9996680308828494,train,False,2221
4,400,d,0.00866644085273383,0.011824984878954788,0.006919301472876872,0.02184421270556646,0.020500030530268738,0.040933932345364604,train,False,2221
5,400,e,0.1968476926756092,0.1973664331026415,0.28835104832477454,0.15388075510634308,0.15047455012218997,0.2976443030147897,train,False,2221
0,100,c,0.07943143227601798,0.07945647772067424,0.07414910101817879,-0.03323871428343154,-0.033246478772884704,1.2143417742041023,train,False,2222
1,100,d,0.006139471675140742,0.006141666517898426,0.008530878618751053,-0.0071045226882690575,-0.00710652935349124,-0.0006424531982905534,train,False,2222
2,100,e,0.17124942476226743,0.187692960458692,0.30308490593622306,0.1009845779761092,0.11542548262043674,0.3452883684409144,train,False,2222
3,400,c,0.07232923439881085,0.07231217439129017,0.10580930238386359,-0.0026358926226799184,-0.0026833510448587105,0.5120359328513099,train,False,2222
4,400,d,0.00760466865203332,0.007682641935982183,0.0053353208161540265,-0.0031152250677699556,-0.0031183163192035758,0.02138500881952002,train,False,2222
5,400,e,0.1692194708336445,0.16919626818255284,0.26543454481904477,0.16133733466448744,0.16133839828198196,0.3150358567162958,train,False,2222
0,100,c,0.07932777310657621,0.07938784421839586,0.06981220490574307,0.08033477579272635,0.08030483935610476,0.7683071419173331,train,False,2223
1,100,d,0.002938968630863854,0.0029389675962797606,0.0034989727114233104,-0.03330675311016352,-0.033307044540300125,-0.0032195815803372873,train,False,2223
2,100,e,0.1898209342316294,0.1898118800652761,0.1680472677854797,0.12528328814750458,0.1252776010539892,0.30686523487464096,train,False,2223
3,400,c,0.052645108401292134,0.052668520684785884,0.0861102440777589,0.07399783711685289,0.07400780909404717,0.3819529527616847,train,False,2223
4,400,d,0.007044038208612384,0.007044283133845242,0.004792196962013189,0.011250926520637812,0.011250503700056669,0.05045007875453928,train,False,2223
5,400,e,0.1661817123249979,0.16647244937406988,0.25288717752503503,0.16068806754082787,0.1607286727793722,0.3008181340667756,train,False,2223
0,100,c,0.08939862426595212,0.08535642355608701,0.08461361010613817,-0.001693581038005263,-0.0025459440775343722,1.1508723510663115,train,False,2224
1,100,d,0.002575193298807972,0.002575310315881921,0.002914219252281998,0.007450054639096137,0.007449718263698184,0.020339615856557226,train,False,2224
2,100,e,0.23621660009076303,0.2360331704824793,0.2822572054151309,0.08449368678083274,0.08448333554475887,0.3890514501985472,train,False,2224
3,400,c,0.08764982696466567,0.08745069546841547,0.09170176090282998,0.09190284290746618,0.09186270420303075,0.7065497101284083,train,False,2224
4,400,d,0.004371083342657614,0.004383670167399772,0.0047153969114206665,-0.008010531167539359,-0.008019245090851789,-0.005838148790626132,train,False,2224
5,400,e,0.1804447105884075,0.18044230846283874,0.26261329660496363,0.16201757047736945,0.16200372357930728,0.3246321097911642,train,False,2224
0,100,c,0.06416991136550274,0.06417132341801841,0.07310882513484727,0.016457399132902707,0.016447909039750144,0.39603061145038865,train,False,2225
1,100,d,0.008905646782213733,0.05850055588969748,0.006447309407346043,0.008945908194877799,-0.00820570894156372,0.18139028417733394,train,False,2225
2,100,e,0.21014139766255105,0.20472415147747167,0.30163903013334414,0.1366997842011284,0.13455642173930968,0.31107005017031014,train,False,2225
3,400,c,0.0571087616029245,0.057110031790861354,0.07402068512230436,0.05903628229990687,0.05903326880858344,0.524403573337283,train,False,2225
4,400,d,0.004463960845163261,0.005515437925507321,0.00562116365817524,-4.839826671325653e-06,-0.0010574761766337204,0.020567743199774887,train,False,2225
5,400,e,0.17000581639616016,0.16999614928471424,0.24344116864998683,0.1470702919990422,0.1470601389749853,0.31297779134302595,train,False,2225
0,100,c,0.09385274634596787,0.09378514310176314,0.07166959054029591,0.07344678793847137,0.07342265667408888,0.9885989304543565,train,False,2226
1,100,d,0.019646710864075163,0.019649324297501262,0.00527255742529272,0.008016815196277225,0.008015469267046011,0.1613193910535523,train,False,2226
2,100,e,0.21611399736607212,0.21614945759916335,0.37872283029061066,0.18542595243701007,0.18541982236773208,0.29551196578704814,train,False,2226
3,400,c,0.05762142037853371,0.05761355439333424,0.07390108100737282,0.0286302442430506,0.028620525781050433,0.3429396585423969,train,False,2226
4,400,d,0.005023260200876528,0.005023348864217269,0.004696004847186657,-0.01353686995978812,-0.013537241487916383,0.004204438378881772,train,False,2226
5,400,e,0.17512316615643506,0.17511326793295648,0.239055187455386,0.15720784825858716,0.15719629329790977,0.3437322001963618,train,False,2226
0,100,c,0.07652831669287548,0.07650096082460024,0.11789432098188099,0.030584201951557477,0.030577709910871817,0.28702413706315383,train,False,2227
1,100,d,0.011844335718292878,0.011844368286432644,0.01358114111159644,-0.016180728883692465,-0.016181155467765437,-0.0014561130216343443,train,False,2227
2,100,e,0.1833933682685208,0.18339322011863984,0.21055897901499673,0.11797002538826239,0.11796499418606021,0.31544805214995875,train,False,2227
3,400,c,0.11074666005396346,0.11088966561763597,0.09701277865255249,0.010802183477017167,0.010774465998412523,0.11477759167867532,train,False,2227
4,400,d,0.020678138053282183,0.020622674600650114,0.020753670657036736,0.03711743744454982,0.037111978954316886,0.2546244488344625,train,False,2227
5,400,e,0.2067145956344975,0.20670575262052662,0.3107693446632312,0.14456980371230427,0.1445568891390725,0.3159057300165435,train,False,2227
0,100,c,0.07772331904678191,0.07773247267381361,0.07564963155098033,0.08190044216265321,0.08189526491465714,0.3495884615016472,train,False,2228
1,100,d,0.039101134414330156,0.0169203906473677,0.015524105592037868,-0.005216765329683071,0.00748875431743123,0.039820665575257784,train,False,2228
2,100,e,0.2855741800720107,0.285571955969655,0.2719444492817018,0.12756870127266,0.1275629178927694,0.27858469971719724,train,False,2228
3,400,c,0.06907756594403555,0.06908853717506673,0.10636733422612349,0.089250877925639,0.08925145278857727,0.8279809023726962,train,False,2228
4,400,d,0.007432843585957314,0.007397402495756278,0.007354406152999791,0.004839417900842325,0.004829565448116622,0.019775298567552894,train,False,2228
5,400,e,0.1818032457943143,0.18180168046664122,0.2760010624923843,0.19462799806169134,0.19462239976409249,0.2964655232159502,train,False,2228
0,100,c,0.05404907500996777,0.05403795364164921,0.09021963653432309,-0.05080085362543059,-0.05081505898259032,0.5416824472752322,train,False,2229
1,100,d,0.0051595850037426125,0.005159632451702394,0.006108978650827066,-0.03202145322161156,-0.03202180209896184,-0.029737270851725447,train,False,2229
2,100,e,0.16356534105068174,0.16358290535031028,0.28994510749268704,0.12368161044044047,0.1236729924295032,0.28919700936928483,train,False,2229
3,400,c,0.050639932457743744,0.05063938181871222,0.08670268074808962,0.020476130700671148,0.020474637463076987,0.4826830209698916,train,False,2229
4,400,d,0.004300277460093087,0.004300385221378906,0.0042168771934969415,-0.003389452581258876,-0.0033899234355163088,0.05559144472858959,train,False,2229
5,400,e,0.1624045675483604,0.16435214003912463,0.23439451520365584,0.1588439930612252,0.1591478289440246,0.3374931410192403,train,False,2229
0,100,c,0.04213112223634244,0.042124494846110035,0.08617667315644054,0.031652065789625254,0.0316479532597441,0.23710539641441472,train,False,2230
1,100,d,0.007151743801530991,0.00715177518750627,0.007143541533165265,0.001245819280889524,0.0012454035512188355,0.010862254843463308,train,False,2230
2,100,e,0.18509696383764168,0.18510575829429232,0.3154840741523132,0.15929246868889607,0.15928314955393255,0.3275243458666206,train,False,2230
3,400,c,0.054914600003312414,0.05483110574441185,0.08526804119482188,0.01999405673852678,0.019340337580028334,0.5556306094545698,train,False,2230
4,400,d,0.005866440484744871,0.005866599870623671,0.006770555304156121,-0.0028518015729725654,-0.0028521873244822162,0.004747836470400806,train,False,2230
5,400,e,0.197571334247575,0.1975725254352588,0.2681950848631067,0.16229229400649856,0.162282391315278,0.3085967318023462,train,False,2230
0,100,c,0.08630749048944385,0.0862229333191592,0.06490251124747032,0.04837335465069671,0.04836227102532405,0.8606911448352358,train,False,2231
1,100,d,0.10293405076925279,0.10294023787422978,0.02444203792121114,0.02119900078143452,0.021193331939489662,0.16613581371665795,train,False,2231
2,100,e,0.2956733790197497,0.29565877912076893,0.5080835602580609,0.16053009157790118,0.16052747463552552,0.30189359555611417,train,False,2231
3,400,c,0.05711173939989021,0.057071656013785894,0.07882743518936625,0.03691332557905511,0.03691531276660207,0.5176444435731962,train,False,2231
4,400,d,0.02291167179026627,0.022923595739843594,0.0076280845622595924,0.0077680789600604785,0.007765883583596001,0.016476038312176387,train,False,2231
5,400,e,0.14948886228817332,0.14948314790736067,0.2269182265871104,0.15874734240314328,0.15874793586999805,0.32491013992740925,train,False,2231
0,100,c,0.18321539909996026,0.18320513601595173,0.11082986470474873,0.058177868563877695,0.05817552781173383,0.4662783456319666,train,False,2232
1,100,d,0.005815828981170928,0.05154218195561364,0.024280709159469848,0.015173256874124111,-0.038245805582563734,0.16476490438406038,train,False,2232
2,100,e,0.26811253798319207,0.2681147797303345,0.3033288721174946,0.12847542347209412,0.12847105460167413,0.2415349179544276,train,False,2232
3,400,c,0.06918387163772022,0.06923160908737291,0.0828728896669637,0.05934368381815091,0.059325599630644064,0.40965045300539954,train,False,2232
4,400,d,0.006704367057215934,0.006704274589058605,0.006497376049606496,0.00473739011908668,0.004737454982987455,0.08967526956055863,train,False,2232
5,400,e,0.20467755650094321,0.20467955216336586,0.2678594668010281,0.15734567756139073,0.1573461518612416,0.3245642123352567,train,False,2232
0,100,c,0.07312522464468393,0.07169915826647019,0.09627566470859308,-0.024683266523349234,-0.02477995357998566,0.37226545381540677,train,False,2233
1,100,d,0.0234935098420987,0.018634080604085123,0.012551485188251617,-0.009460531087227242,-0.008232795067586824,0.06208942331825009,train,False,2233
2,100,e,0.1909512496465127,0.1909548155358175,0.3470579083406013,0.1372214113368195,0.1372136673467447,0.3078613889781128,train,False,2233
3,400,c,0.05476983734984167,0.07207354501772752,0.08790720544896623,0.02620477724111339,0.016242994045202366,0.8990816430419362,train,False,2233
4,400,d,0.004878557775516947,0.004878637327697464,0.004435720084669406,-0.011892069011100315,-0.01189254239038279,0.021489417735527053,train,False,2233
5,400,e,0.16522785223556272,0.16522792871445843,0.29954084788445523,0.1592909351256256,0.15929258716948133,0.33473243424955046,train,False,2233
0,100,c,0.11310413254580366,0.1128364731641542,0.104988275552782,0.14526952257542988,0.1452464273787922,0.3947758229099989,train,False,2234
1,100,d,0.009383155153481848,0.013207612335627955,0.01278966612704739,-0.01297457598521124,-0.01657513905225418,0.018972379895744993,train,False,2234
2,100,e,0.21226823617984383,0.21225438569421823,0.22175487953706532,0.10573388736315917,0.10573484370504811,0.33996912923657807,train,False,2234
3,400,c,0.05819864675277758,0.05820185009104548,0.08130993098595272,0.038556300519061754,0.03850302821831704,0.7143413323872017,train,False,2234
4,400,d,0.007284413590986032,0.007287349976264064,0.005742685357898075,0.004962200903018968,0.004959547980511588,0.10853485644352592,train,False,2234
5,400,e,0.19266206308857228,0.19989690345312053,0.2997395621037191,0.17936004040215284,0.1794841150948067,0.34306720660009105,train,False,2234
0,100,c,0.06065009634309569,0.06066521019231415,0.11172125174595385,0.07456356828131021,0.07454864422039158,0.3684243611217017,train,False,2235
1,100,d,0.00854895833078761,0.023588968404842557,0.009207447294977406,-0.008949324833575361,-0.016248057395244847,-0.005126812137800965,train,False,2235
2,100,e,0.2104415418791395,0.21044485863313803,0.21073402425715618,0.1193152060611872,0.11931157603771578,0.34382131283355966,train,False,2235
3,400,c,0.05730793947138458,0.05730769579445529,0.08165047685438162,0.02962910589151086,0.029629808779863608,0.849236950491175,train,False,2235
4,400,d,0.006321356932085806,0.0063213268186199986,0.006273548753106915,0.006226450797775911,0.006226390388714797,0.06226650925066982,train,False,2235
5,400,e,0.17257232147432824,0.17256068726582513,0.31547125441002066,0.17816423508021728,0.17815972541456623,0.33667257234566267,train,False,2235
0,100,c,0.06812410035688381,0.06812205479146811,0.12043257988566732,0.023048456521649996,0.023046804716964433,0.31059856375623296,train,False,2236
1,100,d,0.0038320171237932227,0.02949067870787507,0.014662804718402115,-0.0065303327117417174,-0.02422403609786098,0.111489633241728,train,False,2236
2,100,e,0.15124746808100975,0.1512505482035708,0.26058112207571554,0.14340626843402787,0.14339948736860897,0.35517783577397866,train,False,2236
3,400,c,0.06782286923019161,0.0683595429278264,0.07963257112511052,0.056034810809537636,0.05590287534197699,0.8593663963357773,train,False,2236
4,400,d,0.005120625799282425,0.005133091725488929,0.007036929908926204,0.0031339696271702167,0.0031244415684755643,0.10726788319474935,train,False,2236
5,400,e,0.19157589558838434,0.1918513609920179,0.24355766654254762,0.13327746992498593,0.13333281091867444,0.34865244861814104,train,False,2236
0,100,c,0.0682813337843258,0.06828055899001083,0.0801564306288343,-0.10720885066222514,-0.10721001379835862,0.523212287609337,train,False,2237
1,100,d,0.011801962115888482,0.01180327864581118,0.006350075382460695,0.017013898744596984,0.017012655502562063,0.08366593198644104,train,False,2237
2,100,e,0.19980452339228932,0.20003964343730288,0.3803043928688725,0.14559017952515202,0.14558263049647172,0.3097195385848672,train,False,2237
3,400,c,0.059061460043868724,0.05904911557216788,0.06307930289850526,0.041059116580928576,0.04104859036862926,0.5709385422037938,train,False,2237
4,400,d,0.007958680591762912,0.008077089332593955,0.008635525054423256,0.008925563951125924,0.008894845157254654,0.02013436004030048,train,False,2237
5,400,e,0.1997407722030322,0.1997013288802083,0.2798847313261981,0.14490657694325015,0.14490125013003202,0.3155680331955349,train,False,2237
0,100,c,0.07273393013623865,0.07249612363697215,0.09185849133391573,-0.051177564464090754,-0.05117534400651529,0.5836311640120111,train,False,2238
1,100,d,0.00997844236428964,0.009980667611811034,0.0043235300360500864,0.013532955649412912,0.013530754098170839,0.10649031714359308,train,False,2238
2,100,e,0.23191355299878227,0.2319309403087793,0.273381375081775,0.08856837485976556,0.0885461016933521,0.2993848564014662,train,False,2238
3,400,c,0.053890142178087734,0.05388930364361651,0.08581065283485426,0.018337022612222,0.01833958174718404,0.692974981658656,train,False,2238
4,400,d,0.007845915282433892,0.007850709863299384,0.006944056150495429,0.015391927446616657,0.015390310720498093,0.022043236892856546,train,False,2238
5,400,e,0.19482626158065577,0.19586301637161643,0.2777876066219729,0.17799426638060417,0.17729022281117018,0.3232254700657024,train,False,2238
0,100,c,0.10261062727474331,0.08509993337389851,0.06771246844139424,0.16020948538123975,0.16249358027098723,0.49497259775554603,train,False,2239
1,100,d,0.006197399100457279,0.006197405412211695,0.0066631197501460186,-0.015273361866840479,-0.015273610359727635,-0.013845836580441749,train,False,2239
2,100,e,0.19961517558556005,0.19962082547588814,0.22495766561785124,0.14173217465999108,0.1417220676156984,0.32397926853218223,train,False,2239
3,400,c,0.061295462465108634,0.061181056504617165,0.08779554665351204,0.03883927339419472,0.0387522924578208,0.2423578320011606,train,False,2239
4,400,d,0.005644483444872211,0.005644369205793796,0.0049410164019068736,0.02070521260415287,0.020704981368438097,0.05098426837641675,train,False,2239
5,400,e,0.17758187458420538,0.17767151891817426,0.2938480332026929,0.1835200775693397,0.1835165247031826,0.29626228583581904,train,False,2239
0,100,c,0.14444595875024804,0.14441210452307524,0.12052677351464268,0.09684653191545102,0.09684106477927223,0.5368007306807734,train,False,2240
1,100,d,0.008537808903308849,0.008538225057831956,0.006866921268232528,0.0004310399990482239,0.0004306638449374667,0.015257899006306381,train,False,2240
2,100,e,0.2290269714376501,0.22904438925205242,0.3217428132932838,0.13720993575668355,0.13720065264066758,0.2941214874636535,train,False,2240
3,400,c,0.05319340754250407,0.053185107325180565,0.06801603794334364,0.04804541071627952,0.04805713665477441,0.7006486676409577,train,False,2240
4,400,d,0.005869027026911201,0.005869067414415249,0.006925025285796232,-0.008118336497852,-0.008118564612175678,0.005760317213759976,train,False,2240
5,400,e,0.17492598553440036,0.17492368943318276,0.24207208616044898,0.14393287452692854,0.1439264551030358,0.3580588878311255,train,False,2240
0,100,c,0.0687847922171539,0.06877083596611328,0.05378659624917037,-0.024420258940747886,-0.024418925499101008,0.5129864224422863,train,False,2241
1,100,d,0.00737386552046477,0.0073739245211409425,0.008225645387311907,-0.0027077634992042476,-0.002707982210271016,0.004941560239104863,train,False,2241
2,100,e,0.19692362996249943,0.19693694762928704,0.19867939469884788,0.07805857054210598,0.07805091953444873,0.3263847868836906,train,False,2241
3,400,c,0.1482413568191824,0.14064337520082543,0.12993608736042433,-0.031173863733067932,-0.033417009719566904,0.8250051577565034,train,False,2241
4,400,d,0.005828946119802763,0.005849406001533038,0.0053475709708114445,0.00852137895838112,0.008509687625870904,0.0560939657094637,train,False,2241
5,400,e,0.17570361051598118,0.1747976108933646,0.32560820565326654,0.16989571765730635,0.1703665548509807,0.3143781148595871,train,False,2241
0,100,c,0.10796887738851568,0.10798007155121545,0.11214217472560886,0.012505945518499857,0.012478190930773323,0.8405282331530154,train,False,2242
1,100,d,0.0030180538649917047,0.003018102379357473,0.0031822408255880417,0.00019476367149938057,0.00019448222305578966,0.02513663610727523,train,False,2242
2,100,e,0.15650868688969655,0.15652216124955942,0.2795380912201889,0.15138497693730338,0.15137671904437397,0.289003306496536,train,False,2242
3,400,c,0.07506358239275522,0.07503022065647431,0.09089359969107261,0.035725259898846104,0.03569333174118682,0.2726680669371362,train,False,2242
4,400,d,0.0065674876991636865,0.007700418165073061,0.010062300750573279,-0.008418878907079411,-0.009294476784914388,0.03353400212192863,train,False,2242
5,400,e,0.16632104924394006,0.16847990794619971,0.26119041268902504,0.1662522890771335,0.1653802332328744,0.31686345518381775,train,False,2242
0,100,c,0.1899064889922879,0.18991270230271382,0.07663530530486087,0.031647183870531705,0.031623812722000724,0.12788509408106846,train,False,2243
1,100,d,0.005961661864768831,0.005961653007936278,0.006771907688013593,-0.03823520019301814,-0.0382357595562414,-0.0221699038213046,train,False,2243
2,100,e,0.25161982086601264,0.2518695960778911,0.2207395278264836,0.11060730984080727,0.11059310295224982,0.28713761027757406,train,False,2243
3,400,c,0.06607459373092789,0.0661065045774035,0.07694984310847189,0.04778354114896203,0.047768983918856874,0.7540243223832516,train,False,2243
4,400,d,0.005032066149969367,0.00503211523536205,0.005234799155650946,-0.004155640666451639,-0.004155830808906647,0.03220284014666646,train,False,2243
5,400,e,0.20275976313632998,0.20277219460409796,0.2847054921638172,0.14342433900493956,0.14341368292407655,0.33382673406905267,train,False,2243
0,100,c,0.07526137223987141,0.07524741358092699,0.09310606445662238,-0.08145445181420741,-0.08145120372633109,0.6096728559474388,train,False,2244
1,100,d,0.027797149390124617,0.027958081842595003,0.013767698733690562,0.0058404627109568535,0.005740819992348794,0.04539445042948083,train,False,2244
2,100,e,0.2696431431601338,0.2694025375857066,0.24186209078316195,0.10092728134395888,0.10090556444650968,0.30534834345054973,train,False,2244
3,400,c,0.08016129605549384,0.08044772358066837,0.11836444538908367,0.00622712372278329,0.006217879681659326,0.17398006341050526,train,False,2244
4,400,d,0.009079790913431985,0.009064455046853305,0.010362330749817397,0.0008986991269255284,0.00089671526918913,0.06016283065990859,train,False,2244
5,400,e,0.1985117674375184,0.19853762048721874,0.2822641893955581,0.17501733794064372,0.1749694031580826,0.3311159393016231,train,False,2244
0,100,c,0.06794655321682819,0.06795182223777632,0.08005170222586949,0.02808388103957988,0.02808364416301103,0.21861134209943545,train,False,2245
1,100,d,0.004685037858424649,0.037779950883396335,0.005668439021151173,0.00886109847364331,-0.0009634411582955594,0.10327311877502723,train,False,2245
2,100,e,0.21117253266816471,0.21152238662912415,0.2177496831860766,0.12868822981280936,0.12867542760386272,0.27873423977328676,train,False,2245
3,400,c,0.054567834916355765,0.05456749905094457,0.07519698489735524,0.06223043352042609,0.06223611588934233,0.5989653279348589,train,False,2245
4,400,d,0.0049475046950887515,0.004947346332732496,0.006293196790181385,0.004481926408064769,0.004481559836049964,0.03989082276998206,train,False,2245
5,400,e,0.1805718640731962,0.1805704542969459,0.27714776668594765,0.16730749353200453,0.1672969477622123,0.3076370468893424,train,False,2245
0,100,c,0.061915329465859995,0.061919333394891224,0.07453993919849382,-0.028167376993577593,-0.0281691861693146,0.5598906117317142,train,False,2246
1,100,d,0.0038615091017563173,0.0038614881936208214,0.0039971657308916836,-0.02235403744703996,-0.02235476179521303,0.018626600164805874,train,False,2246
2,100,e,0.14284723777380479,0.14285379446830157,0.18587099240883462,0.039052069950966446,0.03904215804710564,0.36186440680534004,train,False,2246
3,400,c,0.06373217792629932,0.06367924060405708,0.07065682644898547,0.08342051958664101,0.08343694245017431,0.8865505508845246,train,False,2246
4,400,d,0.005091068903652918,0.005090199543859546,0.004309044586645054,0.0036799531577919,0.003677186690098804,0.07738652233401527,train,False,2246
5,400,e,0.23649842727750733,0.23646376845275024,0.3439045702921609,0.1660448391022829,0.1660417340453312,0.33033310349868644,train,False,2246
0,100,c,0.046722830712452604,0.04672078246308235,0.07460311908476533,0.037930174343603656,0.03792722852366808,0.4224545308516088,train,False,2247
1,100,d,0.02663032267295104,0.02663551777403089,0.03021130094061876,-0.0014886367125948041,-0.0014910164478008526,0.010445711715319845,train,False,2247
2,100,e,0.26339171832700947,0.26337623618434447,0.2779418909967043,0.10919766413162385,0.10918715307771606,0.2502602318714164,train,False,2247
3,400,c,0.07479253733239496,0.07470438876041771,0.06754404872367134,0.07040325706776358,0.07029803081294304,0.4341693290639603,train,False,2247
4,400,d,0.03550042794127553,0.035512134796569776,0.017433383401161316,0.010276654815088602,0.01027523680699078,0.023285785990832295,train,False,2247
5,400,e,0.20289217577568805,0.20288391125729635,0.2972792712394628,0.19039303190622067,0.19038527367396074,0.29781132464222354,train,False,2247
0,100,c,0.08066903742351794,0.08063278915657911,0.11276771500959097,-0.02523287310381832,-0.02525979989203499,0.39347221386237535,train,False,2248
1,100,d,0.005252386309010794,0.020470910555273846,0.006022098721098037,-0.027871483376608826,-0.03590591427935198,0.028377869425293554,train,False,2248
2,100,e,0.22433814143743874,0.224180163909314,0.3126968782379017,0.13262082924099075,0.13261376894045654,0.468518513432145,train,False,2248
3,400,c,0.05914940671338232,0.05914967511980523,0.0832144272817304,0.07239248091265985,0.07238885257460745,0.39851456943441355,train,False,2248
4,400,d,0.008852216524138966,0.008856236144951587,0.007127149777669096,-0.00482557306945429,-0.00482735044671827,-0.000962085281885443,train,False,2248
5,400,e,0.16694071727685666,0.16678427010281316,0.23438298838188185,0.15897550626158896,0.1588074956252918,0.3064174150157833,train,False,2248
0,100,c,0.07113573592642952,0.07113914386344618,0.05818378105822924,-0.09504913611709113,-0.0950749205542077,0.22641050466769896,train,False,2249
1,100,d,0.002954386307702924,0.0029542094352060337,0.003811518699971062,0.0014497114229989271,0.001449657603605239,0.01807740627732329,train,False,2249
2,100,e,0.21329629259518118,0.2130204270836937,0.2763362232143171,0.11338642149425461,0.11339298779433392,0.3360851299740075,train,False,2249
3,400,c,0.06421596073751798,0.06423329181507496,0.08838179042407997,0.08915375851562943,0.08913351687968572,0.8646283051914091,train,False,2249
4,400,d,0.004120336490597096,0.004124524873135572,0.004906581555101877,0.0031114734723196235,0.0031294949038498743,0.14482967433456082,train,False,2249
5,400,e,0.20493664792350588,0.20493233770926852,0.31575297883700015,0.17962625622790213,0.17961755419801498,0.2957243028391791,train,False,2249
0,100,c,0.0611921768968127,0.061186772570515295,0.05680670948337868,0.038423827215989095,0.03841708810501366,0.6239735317785984,train,False,2250
1,100,d,0.007198974236720889,0.005368081541893532,0.005471485153558671,0.009907496445046302,0.010517247169647935,0.05303734573166492,train,False,2250
2,100,e,0.2164184333997938,0.2171069344659503,0.2383227139166043,0.12365548349526342,0.1239318122115045,0.35742656262740724,train,False,2250
3,400,c,0.056927057512173106,0.05692890515939487,0.08131953785236742,0.07499837513969972,0.07499825724940686,0.345943769059343,train,False,2250
4,400,d,0.01195136526782884,0.012119965363473612,0.007356922438520332,0.022261702051811005,0.022146518850904615,0.11150291264863714,train,False,2250
5,400,e,0.16147735214299191,0.16146659506903036,0.2551395227209233,0.16922215813829716,0.16921570559276197,0.3044193066028796,train,False,2250
0,100,c,0.06419087234452574,0.058081026575281164,0.06087831954048638,-0.034552936638106505,-0.03594312349569748,0.8501628524525858,train,False,2251
1,100,d,0.007754816928686615,0.007754312691765363,0.006341900216854513,0.009691182955536082,0.009691225964462582,0.15340977822136564,train,False,2251
2,100,e,0.1324863334218976,0.1284981462472381,0.2699389669702712,0.1528717679019693,0.15264291989764084,0.3654480912564514,train,False,2251
3,400,c,0.05498477975810711,0.05497763631453883,0.0764648679450748,0.0024939348793160576,0.0024848441487744567,0.6670892058634204,train,False,2251
4,400,d,0.007271931129875069,0.007275584235560174,0.008129511162067752,0.006298619886591421,0.006297330389351501,0.07041839472686277,train,False,2251
5,400,e,0.19430712128300545,0.19433190172779102,0.29945371445592367,0.17049765568882636,0.1704923208736438,0.30243491407910705,train,False,2251
0,100,c,0.08868922434435117,0.08878861976524113,0.07950084131012289,-0.05212995464096601,-0.05214527084644978,0.27271835224923585,train,False,2252
1,100,d,0.008063574184376369,0.008065609140783348,0.007951043541060823,0.010207795897333814,0.01020735460922756,0.048714464116650334,train,False,2252
2,100,e,0.21319967534912024,0.21311719133165358,0.31502488137181517,0.1166657805642248,0.11665922165950342,0.24125553610993478,train,False,2252
3,400,c,0.05798922530460235,0.05798822927466332,0.08264576380023204,0.00771494806368473,0.007714071365829796,0.31754901820358555,train,False,2252
4,400,d,0.00548131981127774,0.005481415327700887,0.004398910009713759,-0.013121227921612562,-0.013121407386104825,0.02425061208418436,train,False,2252
5,400,e,0.2125994621180235,0.2126893078714881,0.27433524726247777,0.1282481933467426,0.12823682951387233,0.34256901153933744,train,False,2252
0,100,c,0.08915205608421807,0.0891424326256588,0.08179191320151258,0.1256626590031452,0.12565693815639806,0.6323987013567198,train,False,2253
1,100,d,0.015013462125463607,0.009118929928868064,0.009391244040335422,0.019930156384715864,0.021216766732931058,0.09356123331971294,train,False,2253
2,100,e,0.2069618745426512,0.20699732019032727,0.24709730337984437,0.08306788284319222,0.08304246451214713,0.2910228051695804,train,False,2253
3,400,c,0.05968641755384719,0.05968010730470177,0.0956794439035952,-0.008983035692114782,-0.008987188944314469,0.6919076510710602,train,False,2253
4,400,d,0.013269439831077413,0.013265483350041473,0.007229881732467542,0.007942445168801786,0.00794206543597351,0.10245822626319882,train,False,2253
5,400,e,0.1853733499086401,0.1855072584487872,0.2401745023528226,0.15019743126666854,0.15024098469393998,0.3126742357161855,train,False,2253
0,100,c,0.059912156117682976,0.0599207155587599,0.07673123541009003,-0.07098585615891637,-0.07099635378849066,0.8014707192927122,train,False,2254
1,100,d,0.014834614741055433,0.014793993986721305,0.012415953197793754,0.009182284503438077,0.00918190436338902,0.013354760591782337,train,False,2254
2,100,e,0.17257114975684565,0.21499056329282434,0.2671417808323562,0.1637137961730582,0.1671075989965089,0.2836482568674461,train,False,2254
3,400,c,0.052902893298462816,0.052899012756289936,0.07407223632699006,0.02844885383158754,0.028442401468796633,0.6603639600432645,train,False,2254
4,400,d,0.010372933768267532,0.010373205888175514,0.007792929989783945,0.023772124472292405,0.02377198489898671,0.1286221128104577,train,False,2254
5,400,e,0.2048899363031835,0.2048065430583101,0.3105860696420295,0.151973568869252,0.1519709109673218,0.32836852197842314,train,False,2254
0,100,c,0.06414948735376451,0.06415094247658493,0.07660356545314814,0.1254469131462318,0.1254247024452215,0.703106649677659,train,False,2255
1,100,d,0.022074097132776183,0.022065127039471086,0.011103607036311174,0.038206877121897825,0.03820669824209608,0.11801075234239228,train,False,2255
2,100,e,0.21002861957302435,0.2100184720165858,0.4167795424353825,0.16405274079386467,0.16405109199985277,0.28054010132340385,train,False,2255
3,400,c,0.05837273806941337,0.05831682911458299,0.09931059923500558,0.04228193938387691,0.04229958901460435,0.7937278153875649,train,False,2255
4,400,d,0.006488184553906735,0.006482394520316007,0.0063432547063655385,0.011710559890856143,0.011709533732050463,0.07098236367245633,train,False,2255
5,400,e,0.20577973258042154,0.20587616862847835,0.2917307947477618,0.15153372131350534,0.15152461034700931,0.2947093094971286,train,False,2255
0,100,c,0.07419064067659484,0.07416992345576905,0.09334991743356373,-0.07263424764497742,-0.07263025839565465,0.29635618773111116,train,False,2256
1,100,d,0.007579972036755072,0.007578404664764912,0.008854490042813913,0.007410029262191529,0.007409802005807613,0.007442176201696054,train,False,2256
2,100,e,0.23225237834705648,0.23214452259809254,0.22101263051318298,0.075585482955304,0.0755873592347625,0.3188983185662134,train,False,2256
3,400,c,0.06392485320888605,0.06392546785568276,0.07312057115020847,0.07663875848194301,0.07663658317813045,0.7298733374848024,train,False,2256
4,400,d,0.005581460100148814,0.0055808804098833095,0.00711794349095049,-0.00880066149456635,-0.00880029993990199,0.09863864226434974,train,False,2256
5,400,e,0.18315143359696345,0.18483324506449605,0.27084621057800473,0.18647003352848338,0.18864557235330026,0.31878505962522924,train,False,2256
0,100,c,0.07596849166538033,0.07598889051522564,0.06995781386614301,0.0946941672732845,0.09467285057843725,0.6210212235985318,train,False,2257
1,100,d,0.00777711931669511,0.019615094916576994,0.004631173771088865,-0.007239425055472211,-0.011755529893452367,0.07225004482465845,train,False,2257
2,100,e,0.23508787992743196,0.2350875454809973,0.20591718897234382,0.0701915367300616,0.070179626242846,0.36091931547494455,train,False,2257
3,400,c,0.06568050677787782,0.06620143076831718,0.09099555307781987,0.09821996388960208,0.09841454944173968,0.811095558038101,train,False,2257
4,400,d,0.00463364697374368,0.0063081347098224265,0.005420699052436351,0.007196257875150245,0.006233237471361885,0.08525451137817111,train,False,2257
5,400,e,0.19347129525564583,0.1934862446269111,0.24775889966789943,0.12506945736557348,0.12505244304988467,0.3131895002945903,train,False,2257
0,100,c,0.07815012295524651,0.07830477701349134,0.08708782254271231,0.07907412116081744,0.07916742860282447,0.410344156989202,train,False,2258
1,100,d,0.009653040496146115,0.009655513655191983,0.009668751550941282,0.0036277688084801695,0.003626374462371462,0.05524144746022252,train,False,2258
2,100,e,0.23461025028271323,0.23461940926242908,0.3367597575418767,0.1381629793706299,0.13815731416703217,0.28749810356865035,train,False,2258
3,400,c,0.0541470534578209,0.05413171754517085,0.07568653563635092,0.05362828994544884,0.05356994741840893,0.4853284693042006,train,False,2258
4,400,d,0.0063115209005757365,0.006311589558355697,0.005574115132099412,-0.016492664224558435,-0.016492758501720547,0.02246065281234996,train,False,2258
5,400,e,0.16889805608107275,0.16890044152589898,0.2695827606534876,0.15691860215057202,0.15690217824147612,0.31361600281570906,train,False,2258
0,100,c,0.06680557278588578,0.06679921301648774,0.06004254478520672,-0.01420882953906876,-0.014233238318461973,0.8998541912566743,train,False,2259
1,100,d,0.007645192061950959,0.007645335038903622,0.010156587652486398,-0.03085350410774863,-0.030853929572564703,0.01631985204412743,train,False,2259
2,100,e,0.1702478381537354,0.17024747597613124,0.21519784455170682,0.12363080325199598,0.1236260558761346,0.2979956688467815,train,False,2259
3,400,c,0.05334534552266196,0.0533447207930887,0.0840066795747855,0.0743947677789815,0.0743953668866923,0.7319805584457711,train,False,2259
4,400,d,0.014391372008297725,0.014393214691053514,0.010748072193418234,-0.011790576563820317,-0.011791446582995687,0.09579206013921446,train,False,2259
5,400,e,0.18537784612390967,0.18535691883408692,0.29150271627662666,0.169724683781185,0.16971002964779863,0.2633928158170096,train,False,2259
0,100,c,0.08182987846609939,0.07996068879929269,0.12238814945251325,-0.06872188102486945,-0.0687668586770127,0.4195452663632258,train,False,2260
1,100,d,0.010306464552247202,0.010127498598688289,0.00812836003048139,-0.006372712714095439,-0.0061099363742671995,0.05692819354234963,train,False,2260
2,100,e,0.29415103449284513,0.29425062587188583,0.25261984932646614,0.08010479565883977,0.08009668153924508,0.3723584461305851,train,False,2260
3,400,c,0.0602171144201642,0.060217173384973254,0.07909234481976601,0.008798384038788356,0.008793952522822935,0.5855182531282266,train,False,2260
4,400,d,0.006807805811486751,0.006806571202083368,0.0073728923109022525,0.02339051872488472,0.023390988890217238,0.15840336779847414,train,False,2260
5,400,e,0.2091541313524481,0.2092014765635066,0.32231416856066153,0.17852041370896124,0.1785247972256819,0.4414548478209231,train,False,2260
0,100,c,0.07692070043364754,0.0769076808372226,0.0665159438093985,-0.13094062279008106,-0.13093722488178805,0.3991041652260109,train,False,2261
1,100,d,0.0033719333082011787,0.0033719969240162025,0.003975239113784237,-0.007464297381426786,-0.007464853131229088,-0.002428830449317374,train,False,2261
2,100,e,0.1443338124456947,0.1442492963287624,0.21785448303997804,0.14815645755417578,0.14814887648204128,0.31189539169197855,train,False,2261
3,400,c,0.06891353823719826,0.0688745555570238,0.07521992671532002,0.033520726897868586,0.03352690039649055,0.5784382308446603,train,False,2261
4,400,d,0.005862598410704099,0.005863377858314043,0.005251007650520543,0.0007023539465833473,0.0007018270637576407,0.0723058217732667,train,False,2261
5,400,e,0.19372636302976726,0.19372962201008267,0.2810391040033271,0.15619273256094815,0.15619062116950802,0.3276576726866298,train,False,2261
0,100,c,0.06964306276236676,0.06964467706123358,0.04405793429131243,0.005808709829145045,0.005799608443988973,0.8629784292577125,train,False,2262
1,100,d,0.005400649633929958,0.005400751393741722,0.0038186980881265795,0.003210635464875562,0.003210387609434484,0.1296874846062622,train,False,2262
2,100,e,0.15099313622030922,0.1624080322820466,0.2390740651363765,0.09686699007345091,0.11048815704263994,0.38160451061782064,train,False,2262
3,400,c,0.07161853964738875,0.0716823165324772,0.09326255322671236,0.1295814266215949,0.12954672456426877,0.8356225181855634,train,False,2262
4,400,d,0.007098316744098646,0.007118546235181847,0.008264390143147836,0.004319493950476385,0.004317904927713912,0.04924574626859636,train,False,2262
5,400,e,0.1977262663774178,0.21950635194053789,0.31716609806122376,0.1894530231568942,0.19155129771995946,0.31373292933384084,train,False,2262
0,100,c,0.07023762812126946,0.07035328585028315,0.07314239797154651,0.017808831796511767,0.017772437146756345,0.31803379152259637,train,False,2263
1,100,d,0.005014001396158474,0.005014028136500307,0.003904966899749132,0.0006409411565169343,0.0006406654337645179,0.07909058504775912,train,False,2263
2,100,e,0.22553102202230504,0.26183347533011136,0.4291249179717169,0.13448679712167008,0.1433245777745708,0.3442688572406333,train,False,2263
3,400,c,0.052291728323904225,0.052292497269937094,0.06538260983465327,0.035670996749571346,0.03566692653489696,0.41149785573114456,train,False,2263
4,400,d,0.010003034686563059,0.01001433093798177,0.005868329490560697,-0.002987803552959747,-0.0029894465940584957,0.023413619125268816,train,False,2263
5,400,e,0.17867187188871006,0.17864798406241916,0.2526362022416651,0.15954350206547716,0.15953368391918246,0.41243477359337705,train,False,2263
0,100,c,0.06280679138921981,0.06280916265264803,0.06948141799354554,-0.001805765478782888,-0.0018099695869445043,0.6883531560381884,train,False,2264
1,100,d,0.0027796320130582235,0.0027797587963030914,0.003229638875575096,-0.016917593124470772,-0.016917872952322596,-0.003779516127985403,train,False,2264
2,100,e,0.2560204834112713,0.2559810878936115,0.1961229533975667,0.07481252596670028,0.07479986054224216,0.40197676974298646,train,False,2264
3,400,c,0.05831181293762954,0.058621312658831914,0.08562364808978064,0.0603733227617618,0.06035111858755528,0.6129598765540688,train,False,2264
4,400,d,0.006742660504158457,0.006741634262044847,0.00808940335501238,-0.010602664485238798,-0.010601914722359176,0.05819190356060968,train,False,2264
5,400,e,0.18217210011153762,0.18743872794057562,0.25373664178923755,0.1340773235067786,0.13448034719659963,0.295502540829627,train,False,2264
0,100,c,0.09475188324192609,0.09465423471154163,0.0570469984803776,0.02428792898241916,0.024290485863237593,0.8646959305779504,train,False,2265
1,100,d,0.015573475381555828,0.015578068034548214,0.010090604961612577,0.02864320253873739,0.028641460168610564,0.05460473360725386,train,False,2265
2,100,e,0.23720316117783555,0.23719691575985688,0.3357737504724755,0.14877565078999921,0.14876913843308465,0.34454211827089265,train,False,2265
3,400,c,0.057201262969193964,0.05717056209696371,0.07115005152078253,-0.020049699970923242,-0.02009395318306467,0.7964822292438215,train,False,2265
4,400,d,0.004296241749278984,0.004305067234627717,0.005624247622668558,0.00815903206850205,0.00815854405236598,0.012428271897044353,train,False,2265
5,400,e,0.18376508679075482,0.1838301943057521,0.2340699380607869,0.11473909116438698,0.11472642702096558,0.3082588555558611,train,False,2265
0,100,c,0.10582370332421774,0.10466663152685021,0.14452801417040415,0.03670822033155446,0.03666116588025737,0.6471352686408938,train,False,2266
1,100,d,0.008017161011724087,0.008022217217719972,0.010139074778991074,0.006809834789243699,0.006808843290733826,0.026143731843825187,train,False,2266
2,100,e,0.20082392706316876,0.2008401025069304,0.27665153923444374,0.12418737438249451,0.12417491410272845,0.2486084854239445,train,False,2266
3,400,c,0.05750998502081737,0.05748939592097038,0.08675697592277977,0.007885326356454954,0.007865749464285657,0.6497792617402609,train,False,2266
4,400,d,0.0048472680250984355,0.004837436086861117,0.004905384092806275,0.006765570735903577,0.006763867440817322,0.0545727405466919,train,False,2266
5,400,e,0.18095359992855276,0.1810725757482824,0.26696747447392505,0.14880456349352414,0.14879570091696231,0.3361783910343295,train,False,2266
0,100,c,0.057730723324271496,0.05776420262488898,0.05810100176664155,0.06371520285716378,0.06369399830972185,0.8297638642084528,train,False,2267
1,100,d,0.012775980973532544,0.012777813752610345,0.005230357025657606,0.008608793302257745,0.008607176556571759,0.053154495792182545,train,False,2267
2,100,e,0.2191743975413148,0.21910887593052486,0.24981217952914808,0.06429699115340501,0.06429134289494404,0.5252634135674217,train,False,2267
3,400,c,0.0686745150732664,0.06833295929436066,0.09718705165987988,-0.03348255731210145,-0.03349549650856886,0.7047753002383055,train,False,2267
4,400,d,0.007372696737531658,0.005826094350996303,0.004426604210207845,0.00556139363998124,0.006459180112655183,0.049023592480438014,train,False,2267
5,400,e,0.16621012518088946,0.16623566232846332,0.2830331049156765,0.15031230257178194,0.1502953787497586,0.31115854783127594,train,False,2267
0,100,c,0.08956010204337066,0.08978332030610403,0.10941113102468425,0.031061229403721597,0.031050141891631,0.10476478270293021,train,False,2268
1,100,d,0.012426254796342113,0.012426470907523407,0.009039809544363822,-0.02374867378870583,-0.023748968301571853,0.04519086136428003,train,False,2268
2,100,e,0.17717200911781208,0.17716907703973955,0.2801644112589175,0.1404808540933941,0.1404677446902408,0.3022909595827052,train,False,2268
3,400,c,0.08805578174087458,0.08807011581917677,0.0951117667133675,0.10864679327136344,0.10862070679587021,0.740192347485976,train,False,2268
4,400,d,0.008830193751296933,0.008885913878384442,0.007683335515301447,0.008611076157783072,0.0086086305253062,0.01996232026424515,train,False,2268
5,400,e,0.19019570843161257,0.1902073797764013,0.2612323758393945,0.175986343242851,0.17597820067553108,0.2887128942874431,train,False,2268
0,100,c,0.05786206666516397,0.05792245745110496,0.0820225560100912,-0.025969592671304016,-0.026016820109786922,0.8677445056123222,train,False,2269
1,100,d,0.004904157577863309,0.004904179101230638,0.005354002077842765,-0.03238108571165436,-0.03238138048590215,-0.015574410497381468,train,False,2269
2,100,e,0.19204573986617288,0.19204572878890605,0.20907317330702238,0.14883630862074146,0.14882925173930564,0.2777496183257918,train,False,2269
3,400,c,0.1100358120872284,0.11003778437528611,0.10893742036901392,0.08956707781195,0.08953094359292273,0.7968211331589542,train,False,2269
4,400,d,0.006398859422832798,0.0063989490525011425,0.007360537319350466,-0.009179332019833222,-0.009179667084161932,0.05219235950960407,train,False,2269
5,400,e,0.16233629452723938,0.1619373388058143,0.23204948571763637,0.16480077884056132,0.16460600686457585,0.33968247190221895,train,False,2269
0,100,c,0.08518751154320736,0.08505469064682933,0.0799639889882505,-0.024692702978634032,-0.02472108107707072,0.3157439973895261,train,False,2270
1,100,d,0.008958048622973787,0.008959325067285367,0.004843757676712748,0.017352734312499205,0.017352147441879993,0.13048012907134582,train,False,2270
2,100,e,0.21328706079374415,0.21334146624156536,0.2673676721325651,0.13679685796739655,0.1367909565770028,0.2542477007093317,train,False,2270
3,400,c,0.055363531302962565,0.05538391973373184,0.07844803479947846,0.056052087839012686,0.05604447263489313,0.7862998083474608,train,False,2270
4,400,d,0.004354901080116102,0.0043549472967793655,0.004646001666658238,-0.014497844120447976,-0.014498150661637475,0.07256776749854106,train,False,2270
5,400,e,0.17420375481798547,0.17419645769541434,0.24408690229464775,0.15978550180328213,0.1597722715578965,0.3308783975529744,train,False,2270
0,100,c,0.07812919927823732,0.07813067071608933,0.08842786964382654,-0.06854753503439497,-0.06854950178205868,0.4818513382974403,train,False,2271
1,100,d,0.006094898453791366,0.006108873305408143,0.005348792964700114,-0.005565303923108829,-0.005588879833042153,0.08898092337031134,train,False,2271
2,100,e,0.1753808507966516,0.17537343763902274,0.27363801841962554,0.1365328893802753,0.13653344881765406,0.34531500557251976,train,False,2271
3,400,c,0.055641813890326616,0.05568917403889528,0.07836371668275142,0.05727694026334831,0.05727515996089167,0.5025947241395052,train,False,2271
4,400,d,0.005807039417600552,0.005804754921411926,0.005458145998176118,-0.0032451147293462057,-0.0032454581667738583,-0.002891025468282393,train,False,2271
5,400,e,0.17914437754717516,0.179139431556423,0.2765278492054002,0.14486610888721252,0.14485879138278343,0.40442129310203273,train,False,2271
0,100,c,0.07028216317009232,0.07028415640866033,0.08746986985474081,-0.11570909527239813,-0.11570998118597352,0.2038206479732085,train,False,2272
1,100,d,0.007749869967625817,0.007750011736997138,0.006407937436675051,0.007745883653437229,0.007745597790748669,0.06492934039051905,train,False,2272
2,100,e,0.14671280432869574,0.14653929084473996,0.2582137536327151,0.15657595951427156,0.15656452901308854,0.330733619055556,train,False,2272
3,400,c,0.06284249461676109,0.0630389137630839,0.07103528430983595,-0.010654523891324886,-0.010697194653443489,0.45785391005690385,train,False,2272
4,400,d,0.005790310147108563,0.0058036818600223986,0.006065412332791151,0.0021516304675135525,0.002144624862254059,0.024059929183776526,train,False,2272
5,400,e,0.18655706385880103,0.1863953320983011,0.2893741649378968,0.17172512697071554,0.17171894659564457,0.2890761986957774,train,False,2272
0,100,c,0.07105895289933085,0.07103681829915648,0.07096466828699977,0.08011603804315919,0.08014435118172834,0.9267020294682301,train,False,2273
1,100,d,0.0035024242688889693,0.01591271502805829,0.006824428361348167,-0.0028630652528730672,-0.009462540836494534,0.06666256150589524,train,False,2273
2,100,e,0.24140388672477445,0.241411734230129,0.2823437607387938,0.15101053923830485,0.15099849625655992,0.34087860879541687,train,False,2273
3,400,c,0.06258477309295558,0.06263072724142438,0.07061477782283788,0.041060600052615186,0.04104055287728869,0.4824437641995549,train,False,2273
4,400,d,0.006227168715158116,0.006242665057112088,0.005379716604135224,0.005216344016695764,0.005214627514534502,0.034525669685140786,train,False,2273
5,400,e,0.19123384481236347,0.19305949802854078,0.273024753260151,0.1633156416774952,0.16419352598434672,0.32136574684779795,train,False,2273
0,100,c,0.08802335599364501,0.08803743763096497,0.07609716104630239,0.07377891588415522,0.07376636232542197,0.47247130987569846,train,False,2274
1,100,d,0.0353370309893129,0.06223921052473546,0.02827452129744528,0.05107101385557286,0.01209714593177143,0.22572203126642948,train,False,2274
2,100,e,0.22136178972528994,0.22133762947903135,0.3078033132266472,0.1461279556097371,0.14613153863166745,0.2408885235273587,train,False,2274
3,400,c,0.05345055177720612,0.05294376243673873,0.06984561844542851,0.03385953758969912,0.033700739038045525,0.3820327446179761,train,False,2274
4,400,d,0.020719621072133303,0.020786785328747257,0.006008164899695095,0.013163160383020163,0.01316984384738701,0.19797673783633837,train,False,2274
5,400,e,0.18549111195338136,0.1854758126436774,0.2957589657921382,0.17992185820467912,0.1799158063868742,0.32209927506118036,train,False,2274
0,100,c,0.05930144070819899,0.059332674146242464,0.08881991365653778,0.08450017038352649,0.08448769406643812,0.5277726185836138,train,False,2275
1,100,d,0.013568513128355202,0.036336334381442015,0.013947039309861962,0.035358048962594354,0.026528466434687738,0.10839391631582956,train,False,2275
2,100,e,0.24397447396530544,0.24406676722485454,0.33007355032660707,0.16644373212006006,0.16677817497780853,0.2943044652964701,train,False,2275
3,400,c,0.059135613419879635,0.05910283296856164,0.08007665626063545,0.08825039938434294,0.08824231683948014,0.5325487592961301,train,False,2275
4,400,d,0.007432784815477258,0.007741522928712322,0.008780920777317174,-0.0034417139997664136,-0.0036363167172042132,0.03679229635399119,train,False,2275
5,400,e,0.20330360745009687,0.203266660175478,0.2692511495119634,0.17671289025739728,0.1767017465190143,0.30404090813110835,train,False,2275
0,100,c,0.1444724547377723,0.10263762036162745,0.06015071590158473,0.15289459838340577,0.1559918904731947,0.5979649951516293,train,False,2276
1,100,d,0.03806186132617954,0.03806583566920596,0.037403261464130734,-0.013293354201264975,-0.013295010793003357,0.007431118841885667,train,False,2276
2,100,e,0.2728452392475189,0.2960769642023678,0.3142876970132587,0.08538619664196723,0.10295505818808998,0.3247914495910836,train,False,2276
3,400,c,0.08704574872212953,0.08710971767744241,0.0933275188790384,0.09806591744152506,0.09800624214175806,0.7262278696232168,train,False,2276
4,400,d,0.019166072922044176,0.01869720391523401,0.008480925409381378,0.017276501558450157,0.01695263087545296,0.16276398872559697,train,False,2276
5,400,e,0.18117309427925898,0.18125774348686252,0.28556281113080784,0.16644560392165475,0.16644351517297173,0.36548808152028445,train,False,2276
0,100,c,0.06955800778475937,0.0695363499549151,0.06993918583933646,0.010473125838158808,0.010486355348748049,0.9410397555523017,train,False,2277
1,100,d,0.0053412123727638915,0.005341337877635148,0.0041038915739051935,-0.01640970654853415,-0.016409839925181552,0.01635098206295913,train,False,2277
2,100,e,0.27696940902406275,0.2769998408056028,0.32028732818089184,0.0720441279663358,0.07204212038584298,0.3235251909111665,train,False,2277
3,400,c,0.06150708794358442,0.06110065492023126,0.0821872796005998,0.06433956194619775,0.0645142085746987,0.5000683852299084,train,False,2277
4,400,d,0.004611740434059259,0.004611798408143825,0.00536366610083176,-0.006489085445866287,-0.006489304363442159,0.01856301591978861,train,False,2277
5,400,e,0.15509760672440603,0.15509647428857218,0.28648437989296593,0.16839747289275736,0.16839007063995362,0.3351266041143053,train,False,2277
0,100,c,0.0584595046149337,0.05845290656448737,0.12034086056408087,0.04875553276053083,0.048749789991176795,0.43270551754205316,train,False,2278
1,100,d,0.01589746093492771,0.015897315488494858,0.018830833549476043,0.03097622802446235,0.0309758616863682,0.07071529617792148,train,False,2278
2,100,e,0.2806430105613563,0.28059946720955603,0.3919500766546473,0.1517304846857551,0.15172537359200441,0.26235363136539147,train,False,2278
3,400,c,0.06406503552978077,0.06408326579724631,0.06563757250193475,0.11315733162834007,0.11311515400298745,0.6436067900396892,train,False,2278
4,400,d,0.005613406459347071,0.0056134563248264645,0.006206488378323001,-0.024183057536073936,-0.024183376394157075,0.042044078102988394,train,False,2278
5,400,e,0.18161295904345168,0.181528564337524,0.2858173209361705,0.15214797522160986,0.1521463868188814,0.3380975789364782,train,False,2278
0,100,c,0.081225038646289,0.08088198536201467,0.10855281173579105,0.04218442205396713,0.04216506017685106,0.3309122556138051,train,False,2279
1,100,d,0.006758201146870992,0.021771663721010536,0.012708539665779825,-0.006989489456810763,-0.02141908041682889,0.07134787458981622,train,False,2279
2,100,e,0.17412208217069708,0.17412846514230154,0.25572261441620725,0.14028838946383712,0.14028722741712427,0.30364068390517984,train,False,2279
3,400,c,0.05235605834337931,0.05235623912540887,0.07187608024979703,0.026691857356699347,0.026689417606385105,0.6875862850041706,train,False,2279
4,400,d,0.0077062664655764505,0.0077068491177327385,0.007391895094042219,-0.0011434936159367482,-0.0011441593712469356,0.008595414827638627,train,False,2279
5,400,e,0.19095090246535565,0.18913308398987122,0.28124762935810127,0.1368668395702467,0.14998771098448985,0.294433912595918,train,False,2279
0,100,c,0.05587193551567449,0.0558981691886127,0.08656419641536989,0.0946303864056614,0.09461076089679367,1.121756076598141,train,False,2280
1,100,d,0.020948225920360445,0.009056496068450468,0.006797231253059427,0.018553474918691606,0.02236421955208284,0.07694449652238461,train,False,2280
2,100,e,0.2742178803694525,0.27429198481242645,0.24169685199990315,0.06729128457392342,0.06727529844554425,0.40997564340646564,train,False,2280
3,400,c,0.05673049633409093,0.05672634514200614,0.09276794792565733,-0.027316630620793775,-0.02731905415699046,0.46868249428330755,train,False,2280
4,400,d,0.005366702639082986,0.005367218701599473,0.007807387475978548,-0.0012591310005006663,-0.0012595195209026855,0.09183559042448491,train,False,2280
5,400,e,0.17438844954032454,0.17437387401312715,0.2741576384206551,0.12425011036894276,0.12424162219970519,0.30774817875624605,train,False,2280
0,100,c,0.1593263412207469,0.1593314658188455,0.08955734647386715,0.025521522002528982,0.025511686222419314,0.9004555833444797,train,False,2281
1,100,d,0.005445437234800235,0.005447062036842718,0.008547991368220619,-0.0016879570656897513,-0.0016910586107457349,0.01920173763392194,train,False,2281
2,100,e,0.25228904467693103,0.2523106337491875,0.2313698638147701,0.08872332609129611,0.08870017076853298,0.3404192440263901,train,False,2281
3,400,c,0.06498211635526649,0.0650420801339544,0.09334306558142877,0.03534644926505607,0.03531920476114081,0.45562091026569446,train,False,2281
4,400,d,0.00631165716313946,0.006312245599717033,0.007528203584823499,0.005384754649464938,0.005384427947443627,0.0728953373490501,train,False,2281
5,400,e,0.17515953370693893,0.1751717788867836,0.2860506027225481,0.14747910119145566,0.14747336302138755,0.3201690921406612,train,False,2281
0,100,c,0.06957521810386652,0.0693448193961502,0.11352663418665593,0.06580938811842416,0.06576743368309444,0.4215901522193889,train,False,2282
1,100,d,0.01815584721272072,0.018069645081437567,0.013306664708906974,-0.007399017676280746,-0.007399265346981103,0.07865005242393795,train,False,2282
2,100,e,0.19219572728713022,0.19219568453028463,0.2551215040368632,0.14266661119935278,0.14265899262467258,0.3029993746641284,train,False,2282
3,400,c,0.06564278034535367,0.08490757630330298,0.06852073307183523,0.05576270596869101,0.05287136199606216,0.3143066960913183,train,False,2282
4,400,d,0.008389218009237925,0.008398038499362716,0.008458464248962795,0.0026813592427935083,0.002674746282877365,0.02320404022250825,train,False,2282
5,400,e,0.17349397468807262,0.17349276343898595,0.2765763900065795,0.16550776882977636,0.1655025632524027,0.4811761754463217,train,False,2282
0,100,c,0.19051773171454323,0.19046073239188485,0.13202124996331757,0.11161376326143468,0.11160209296907098,0.9872347991875593,train,False,2283
1,100,d,0.00874698665212695,0.013010751926664456,0.008287317338488259,-0.007236675899187475,-0.009103722995085004,0.08129977956837059,train,False,2283
2,100,e,0.20135469412272683,0.20136919680680948,0.34202545597461737,0.12935330668979098,0.1293584198458148,0.3263896295033711,train,False,2283
3,400,c,0.05850182940109149,0.07117470692461897,0.06943977068581023,0.05992129186796987,0.0538470632085496,0.8767038367351304,train,False,2283
4,400,d,0.004449088111595313,0.0044486924181313245,0.005405171767674542,0.011243844347975181,0.011243883633088548,0.05834626180815656,train,False,2283
5,400,e,0.19135866226921042,0.19163527581932718,0.2862647514412737,0.17562269787776963,0.17518567978848915,0.36648483788448466,train,False,2283
0,100,c,0.15012999310158123,0.09171261226706004,0.10505446568375529,0.14649895270968472,0.16601979076758966,0.514140895208371,train,False,2284
1,100,d,0.04992451714637762,0.049950432404633434,0.022126333292481055,0.023626298659049125,0.023623487286686284,0.04391905808473087,train,False,2284
2,100,e,0.23284482277961716,0.23284538623307405,0.3325593060104802,0.17001835769863252,0.17001671679740293,0.3806214999372268,train,False,2284
3,400,c,0.04831026216791768,0.048310893307067566,0.07556137944678917,0.05352756527675211,0.05352753523887415,0.739516639401767,train,False,2284
4,400,d,0.00819124362361164,0.008191257306080602,0.006885882757711986,0.015521797275619474,0.01552054451317387,0.027580113106364445,train,False,2284
5,400,e,0.1676619812130746,0.1674491246018052,0.25358226049961063,0.17134062461875033,0.1713196355583832,0.31854623228055984,train,False,2284
0,100,c,0.05635697352310411,0.05635328663146967,0.0762736172733167,0.032588181369368314,0.03257910394846185,0.425303255472612,train,False,2285
1,100,d,0.014914507233262098,0.014915853750618853,0.011201706849184846,0.0205558388939874,0.02055533776741907,0.11289205860024044,train,False,2285
2,100,e,0.2712800407653562,0.2703561520647911,0.365230357814219,0.16160734643738947,0.1615743751278545,0.301458329277517,train,False,2285
3,400,c,0.0592192122102333,0.05947800291876841,0.07904369135969241,-0.015486858179163364,-0.015518973524566776,0.7794934560730912,train,False,2285
4,400,d,0.004531257095324138,0.004532300682854815,0.0052445341398773835,-7.370301136996105e-05,-7.391978649344822e-05,0.0927698622543323,train,False,2285
5,400,e,0.16249795035959738,0.16134515294448018,0.19434475519992542,0.11740535658464235,0.1172603490191602,0.3096026001915249,train,False,2285
0,100,c,0.062370551276422985,0.06236918457583693,0.05116809068695087,0.051072118342836176,0.05106591659320401,1.0211668922919648,train,False,2286
1,100,d,0.004865435163270621,0.004865692522668175,0.0061985603024374385,-0.0004890368361045283,-0.0004895174212483866,0.03586097446815588,train,False,2286
2,100,e,0.22166545865360238,0.2216391587770364,0.2753532233718923,0.10317480196221972,0.10315657960583266,0.3284909171950349,train,False,2286
3,400,c,0.05520714182936872,0.055207326650038066,0.09040401433810961,-0.011109542631321715,-0.011108922499735172,0.614612909223156,train,False,2286
4,400,d,0.005742887265639953,0.005746586472042219,0.006861562983344801,0.005937426973054478,0.005936984697968377,0.07234321623584059,train,False,2286
5,400,e,0.1801202723462448,0.18011989008320162,0.25689738287163477,0.1529315188442243,0.1529245377594949,0.3155376252330759,train,False,2286
0,100,c,0.07339936076064422,0.07340192946576446,0.07178302551272893,0.05935895157106707,0.05935608795311225,0.516740660586449,train,False,2287
1,100,d,0.007308340604072956,0.007307857414089696,0.007580924599052127,0.008975281124818633,0.008976176025906125,0.07406911990365586,train,False,2287
2,100,e,0.281117283015419,0.2808060818794679,0.29958880549126293,0.09789607476981103,0.09789258334148188,0.5277774185561358,train,False,2287
3,400,c,0.06038469346474904,0.060382302657447644,0.07243401816151845,0.008863162150016066,0.008860434781804259,0.967946381426265,train,False,2287
4,400,d,0.004291800006654517,0.004276190283839327,0.005389715266429741,-0.009249088647163575,-0.009252116369627306,-0.0002913016223037346,train,False,2287
5,400,e,0.17415987743824637,0.1744305577322743,0.2373551285231542,0.1353234807151647,0.13560923894263094,0.3146021417089713,train,False,2287
0,100,c,0.07032541510127593,0.07032714259759723,0.0883847688775338,-0.0756259353041095,-0.07562818575943346,0.7746661856449655,train,False,2288
1,100,d,0.0022056058510357673,0.002205637216917237,0.0032767448405812494,-0.02665008614606563,-0.026650424091536583,-0.01866901223921964,train,False,2288
2,100,e,0.16028370781041115,0.16023631478145287,0.19609138683470756,0.11935428879367443,0.11934937378797657,0.30331852358901623,train,False,2288
3,400,c,0.06449966963581366,0.06451742927896757,0.10269531946536047,0.0561105775282455,0.05605905420123208,0.2866365528195845,train,False,2288
4,400,d,0.00524590428888726,0.0052451278163883645,0.005978298445771806,0.0010044654099512229,0.0009984949102180174,0.1384676482408738,train,False,2288
5,400,e,0.18634035015899908,0.18634500570053392,0.24839887034403835,0.1544711919282581,0.15446378225660204,0.3260448295642632,train,False,2288
0,100,c,0.08207363164000421,0.1441996970325272,0.13823084795288304,-0.05544327928177111,-0.08869723457513345,0.6482252870585452,train,False,2289
1,100,d,0.013682409089273378,0.01368304661524277,0.011080370546024605,0.018018368428831106,0.01801788177587975,0.07165896476858247,train,False,2289
2,100,e,0.21509061733574644,0.21757716033340566,0.294624815472506,0.09830098665552602,0.10177668898867037,0.2734193559247395,train,False,2289
3,400,c,0.057273689499553984,0.05642576220621641,0.07817107875627634,0.05645015760599407,0.05625147528051187,0.7718500525076957,train,False,2289
4,400,d,0.005135634606490787,0.005135715988751966,0.007004305576341843,-0.009789276467875183,-0.009789433020969086,0.06357985441347434,train,False,2289
5,400,e,0.14626260805826954,0.14625693672387988,0.25512760278714025,0.15853606399719733,0.1585240066003696,0.29380148346758284,train,False,2289
0,100,c,0.06444562183833467,0.06444692360745242,0.07770263391165959,-0.0019070306963369177,-0.0019221007074908415,0.8185780700953904,train,False,2290
1,100,d,0.0048203903096864275,0.0048204799671319985,0.006884148452761794,-0.026491620714174484,-0.026492044054944177,0.019672339156663485,train,False,2290
2,100,e,0.23497257964089516,0.23496982487223655,0.2915261952916832,0.14813159547218108,0.14812114686684483,0.28855506196226166,train,False,2290
3,400,c,0.054495497052229946,0.06331139570508242,0.08449984709609247,0.010341161415780106,0.008103300208933106,0.7731547445492447,train,False,2290
4,400,d,0.005311142539546501,0.004823304586691391,0.0063167396344293554,0.007767407897026413,0.007861306139843923,0.09233974606162258,train,False,2290
5,400,e,0.1739023353947545,0.173461489073102,0.24048488144195976,0.1398694235920734,0.1406878734792791,0.3482889696251442,train,False,2290
0,100,c,0.11898240845461971,0.11899190402437748,0.07417231036494785,0.12568644964053646,0.12565574420190118,0.725443832066426,train,False,2291
1,100,d,0.004609375359487893,0.004623199565241616,0.005425862462814355,0.004540361904608439,0.00440079388579143,0.025294894920531698,train,False,2291
2,100,e,0.23611992520797961,0.23616060207032338,0.3405453742084579,0.1576459660393607,0.1576409821800052,0.26223774588213883,train,False,2291
3,400,c,0.0809759945627747,0.0810869866101457,0.10492607400663825,0.04605930155960387,0.046023319776732595,0.5035754941705088,train,False,2291
4,400,d,0.004635534337966732,0.0046579876241178535,0.005137018160905429,-0.0027712769598458565,-0.0027820537313916383,0.029707503347216876,train,False,2291
5,400,e,0.17441137650519528,0.1754158678600366,0.2573278741547133,0.1671369963819885,0.16741224335193183,0.2911863378639346,train,False,2291
0,100,c,0.16843496817207118,0.16849637931586595,0.09917135951804504,0.08862205723526181,0.08859060785717901,0.8959416562796173,train,False,2292
1,100,d,0.00537129872043382,0.007020841954700576,0.010599820012940147,0.000848555671253397,-9.339162668275947e-05,0.042320351096390534,train,False,2292
2,100,e,0.17814241862598057,0.18927030432599826,0.26029476589986383,0.16365541456910862,0.1657506512611973,0.2736085178753672,train,False,2292
3,400,c,0.06054733251771318,0.06028203861359464,0.07429580059555323,0.07739700388086775,0.07742573495916964,0.586738628764929,train,False,2292
4,400,d,0.019045708228639723,0.019180021125573078,0.008547650403013541,-0.005750144463610631,-0.00579552411855417,0.15832094109285083,train,False,2292
5,400,e,0.17309636371314827,0.17310314115975559,0.27100299764520297,0.16946574795273278,0.16945888594707612,0.28184918721048974,train,False,2292
0,100,c,0.05673055601008862,0.0567320838481409,0.06301348150699208,0.03417632474620021,0.0341752825330272,0.8274983452740386,train,False,2293
1,100,d,0.01489424666530094,0.014886687017746526,0.013671575057497706,0.019863210992161467,0.0198608493714279,0.022027604424215336,train,False,2293
2,100,e,0.23490693978108496,0.23306169309880256,0.31110585222323955,0.14176215573672102,0.14202569323226194,0.2694695643926963,train,False,2293
3,400,c,0.06265869253922442,0.06273841608577697,0.09290282378144143,0.049177952107220195,0.04916330512864391,0.4561116861911449,train,False,2293
4,400,d,0.009388903268257046,0.009409678439004926,0.007006020002496532,0.02043569038516564,0.020435019800235085,0.06370023651498023,train,False,2293
5,400,e,0.16612203769213907,0.16611356514720643,0.27107938782902447,0.1513038876420862,0.15129702785283095,0.3066730353544161,train,False,2293
0,100,c,0.07425552886936561,0.07425966243075614,0.12069919370561272,-0.08767590722821282,-0.08767833442915532,0.29911399925397064,train,False,2294
1,100,d,0.0036814647482125455,0.0036773825381710566,0.006186402192979028,-0.0088803180358234,-0.00887953328380874,0.06731956624219641,train,False,2294
2,100,e,0.18152743035344326,0.1815159417673453,0.17099458401523407,0.07274322807045251,0.07273738012962128,0.3514182152887991,train,False,2294
3,400,c,0.0793983974908083,0.07950055606069913,0.06498035494107549,0.08667230997740404,0.0865991390860384,0.5858611042335377,train,False,2294
4,400,d,0.004916709445366921,0.004916818493926238,0.0058709764046737875,-0.0023013558659495635,-0.002301667682828672,0.08832178896780317,train,False,2294
5,400,e,0.16715214124210553,0.16866504898920368,0.23786602502232937,0.16946843287209234,0.16901043482759057,0.3374168276875459,train,False,2294
0,100,c,0.062490600398442654,0.056400326372020027,0.06923951795804394,-0.04215296481075477,-0.04306774095587649,0.35484878360007643,train,False,2295
1,100,d,0.027500009354930452,0.029593028425562166,0.02098573064444566,-0.0077086840194911235,-0.008748750138595477,0.06876851993851947,train,False,2295
2,100,e,0.1885016345675519,0.18849064595883389,0.26477049182965773,0.1289027807191776,0.12888747782329285,0.25293617524838763,train,False,2295
3,400,c,0.05866072809056775,0.058660997195837894,0.06945010550116688,0.0783992050698857,0.07839885471840916,0.5279929699684903,train,False,2295
4,400,d,0.00859489651188848,0.00861832371817304,0.006812479159338441,0.0037440703195754568,0.003734350815169272,0.02584558006386528,train,False,2295
5,400,e,0.20628288998334693,0.2062376984189136,0.30051734531563157,0.18461687310164163,0.18460452975494587,0.27673525399432397,train,False,2295
0,100,c,0.12030695978034478,0.09745623184015229,0.11483514329715426,0.12595104861068365,0.13408840755152354,1.0203130980462203,train,False,2296
1,100,d,0.02830071615734228,0.034202567881888524,0.012207566619959049,0.01981752244839177,0.018446664274490453,0.18649581867890638,train,False,2296
2,100,e,0.22706812077440552,0.22705295089911048,0.2941975373179614,0.1733493997253862,0.17333914982425883,0.2927547373292203,train,False,2296
3,400,c,0.06080803845582301,0.06083852858033947,0.06632389595757698,0.09029603311543141,0.09025818727303751,0.6518513645837413,train,False,2296
4,400,d,0.005976135048730699,0.006115214362014651,0.00573313093439411,0.0009836164117643874,0.0009066899358893111,0.10133652825711298,train,False,2296
5,400,e,0.1898614077402186,0.19396819081760902,0.2665333837540721,0.14093924530590968,0.1415883602319267,0.3473882940297197,train,False,2296
0,100,c,0.32470731110637047,0.3245978994038311,0.24854718031034692,0.1280707408627242,0.1280661485554579,0.9603669891737359,train,False,2297
1,100,d,0.004988586931879371,0.004988607619293508,0.004450960619378874,0.0015229353606013342,0.0015228473435049139,0.13960970723056967,train,False,2297
2,100,e,0.1518357095707008,0.15183285435834473,0.19741073445748966,0.14307331475007992,0.14306810915310764,0.47077824333593127,train,False,2297
3,400,c,0.07442206128989802,0.0743540635454275,0.08971033086157182,0.01802174755891457,0.018026946985179253,0.7623633379751337,train,False,2297
4,400,d,0.004962836894281256,0.004962985271725919,0.004232065136114969,-0.007585769243145962,-0.007586010773427212,0.048781315301564696,train,False,2297
5,400,e,0.17112973814691973,0.17114034625091123,0.26739846199669254,0.1523641286099563,0.15235530384428705,0.31141477130119244,train,False,2297
0,100,c,0.049369410679706134,0.04937908145552826,0.06315579466963979,-0.028655418961186997,-0.028662638767681728,1.2029372055911947,train,False,2298
1,100,d,0.0039945657668502554,0.003994674145944826,0.0034877253757159467,-0.024441769642008372,-0.02444222793478556,0.09633977541723268,train,False,2298
2,100,e,0.20879278140564772,0.20898813505613525,0.32722260928780594,0.1584186716779485,0.15841275653512718,0.26602374045656335,train,False,2298
3,400,c,0.064278695913342,0.06417028135148897,0.0782659912025618,-0.026670708706434995,-0.026710637041912264,0.6327954469586414,train,False,2298
4,400,d,0.003983452494233378,0.003983469077099712,0.004823172178291441,0.0051303672495318685,0.00513015470331407,0.007717289855803901,train,False,2298
5,400,e,0.1707824347002442,0.1708155509036839,0.26037059861107664,0.15613177159480876,0.1561194597896342,0.32399746626323195,train,False,2298
0,100,c,0.08305384912324788,0.08319188424728609,0.0506475943030946,-0.020780839260627317,-0.02079326928908216,0.7163052378932389,train,False,2299
1,100,d,0.005494879876388253,0.005494958447795708,0.0032915962847794513,-0.027419268225738484,-0.027419463938410066,0.008484160448594284,train,False,2299
2,100,e,0.17154273834613715,0.17155738492083145,0.2609554877378872,0.10746876991519855,0.10746895490156674,0.3756097971581705,train,False,2299
3,400,c,0.05169589844098809,0.05180353677684968,0.07167403735564619,0.04888102151538483,0.04875337000963427,0.5176614709380084,train,False,2299
4,400,d,0.00808892294526794,0.008084161417700703,0.005327954950290249,0.018848521074247806,0.01884788285644861,0.17261707777582597,train,False,2299
5,400,e,0.20628699642139395,0.20627901101313267,0.3154631011685299,0.14946840566024258,0.14945696685030663,0.31284510168174967,train,False,2299
0,100,c,0.05675354334964978,0.05671164798715524,0.07347429468886774,0.023900966220882936,0.02389454876105617,0.3922261623340679,train,False,2300
1,100,d,0.015873781755857866,0.015874904763985797,0.011049036080149793,0.007968009598508541,0.007966327283133073,0.0670288172356239,train,False,2300
2,100,e,0.2539874780908626,0.25384698672431083,0.3583009689947528,0.13830269965431094,0.13829441335800283,0.2978846735864979,train,False,2300
3,400,c,0.058853441417698785,0.05887395753348104,0.07904952073914262,0.06825508932166784,0.06823827711879958,0.3748013921837084,train,False,2300
4,400,d,0.006851610318714935,0.006851728447766829,0.007137166692731239,-0.01312250157574571,-0.01312291420366984,0.05228954884199791,train,False,2300
5,400,e,0.16050164939274064,0.1605099955655178,0.2740451445748597,0.1660802187597944,0.16607605185505742,0.319890021617769,train,False,2300
0,100,c,0.12032952574176886,0.06581833338174271,0.08568939198261835,-0.15438357908907002,-0.13384002851081853,0.009940283142388111,train,False,2301
1,100,d,0.010447846493122415,0.010446354287798314,0.012014947155861632,-0.03586867341905552,-0.0358692282372758,-0.035766784292364594,train,False,2301
2,100,e,0.12277207710657255,0.12301730897850924,0.1971546441990018,0.11282744454150308,0.11281922755140006,0.46670618966239774,train,False,2301
3,400,c,0.06313123993664131,0.06316979687008696,0.08393299795854321,0.04932334569986587,0.049319605096581544,1.0782408262099146,train,False,2301
4,400,d,0.012829347124856314,0.012829511059450585,0.01336925910179063,0.0009487358404759938,0.000948471534771933,0.012644507277028936,train,False,2301
5,400,e,0.18653802604400974,0.18651303041928965,0.28044580082168413,0.14607715213080166,0.14606794253330127,0.29762537321829713,train,False,2301
0,100,c,0.051787590558159166,0.051780383157371185,0.07394622216848286,0.0677638764205976,0.0677609469449125,0.4607777280812587,train,False,2302
1,100,d,0.0045593137836947555,0.0045594330897402655,0.005197344360204471,-0.018702999093800212,-0.01870348898649393,0.021497409671220602,train,False,2302
2,100,e,0.21107158197208445,0.2046297290728236,0.22072538959519583,0.09433949322252694,0.09345231501165373,0.4112230779131086,train,False,2302
3,400,c,0.09795537266900782,0.09796021714002916,0.11900327630705972,0.08721354048908808,0.08720528802499018,0.898079833727879,train,False,2302
4,400,d,0.010875218595911515,0.010880115621030268,0.009577838157861444,-0.009922782522568473,-0.009923167675577976,0.012641193755937846,train,False,2302
5,400,e,0.20688697417564103,0.20687200384738635,0.24271221329951356,0.13128057854372047,0.13127286239437097,0.30223647814814864,train,False,2302
0,100,c,0.06282051827034298,0.06242917635191067,0.07553023177421175,0.030319586718154524,0.030292588406363875,0.8192341063512956,train,False,2303
1,100,d,0.045628593940050186,0.045651777445347194,0.00514014916717298,-0.0109381111452036,-0.010933651111874259,0.26863076952526255,train,False,2303
2,100,e,0.203010068515284,0.20136361447485907,0.3056560936459023,0.13704330087104907,0.14439125063534947,0.314369877252826,train,False,2303
3,400,c,0.056107390874941106,0.056191878685057366,0.08863580120552694,-0.0038641829968725006,-0.003867313942346229,0.5383853587760621,train,False,2303
4,400,d,0.005803048062275233,0.005803262754699654,0.00683821378588876,-0.0007567844828445126,-0.0007571019004079105,0.07780619538677329,train,False,2303
5,400,e,0.14992600105336082,0.1499303523147824,0.2015996139533124,0.1336939461983805,0.133687358440233,0.3568016695247447,train,False,2303
0,100,c,0.09730764999642355,0.09725076447760289,0.09403156761608013,0.013725806971324915,0.013729456140476586,0.9271569249191682,train,False,2304
1,100,d,0.007566002697765691,0.007566108306339515,0.007964371447683949,-0.01546911602265041,-0.015469365265632789,-0.00895303640768061,train,False,2304
2,100,e,0.16886807638132573,0.16884374721513976,0.2191626481277893,0.10402423891526547,0.1040157221623469,0.2919477025356923,train,False,2304
3,400,c,0.059718243972207104,0.05971271170127064,0.06781227738496509,0.021835967541457963,0.021831084756097567,0.7066364101506524,train,False,2304
4,400,d,0.005128761753863912,0.00514144961192068,0.00584603791076754,-0.003383917284657514,-0.0033898331751255383,0.06134184821098423,train,False,2304
5,400,e,0.1569604927957028,0.15696347750303052,0.24675781639336283,0.13737748684357,0.13737230059473624,0.3988710291819111,train,False,2304
0,100,c,0.06958256210712724,0.06957606684008848,0.08818691560758093,0.001861754303850347,0.0018521961002817022,0.2794450539191486,train,False,2305
1,100,d,0.006847893040442667,0.00684957976241936,0.0059762465349666345,0.016479473127727254,0.01647520088710486,0.059746029148023364,train,False,2305
2,100,e,0.1714552639363408,0.1714007647855772,0.2810291817762934,0.15898635912776846,0.15899053243803957,0.3351637358161861,train,False,2305
3,400,c,0.04997578877864917,0.049971855861726464,0.08009026657187396,0.008346643443105536,0.008336334119610172,0.36875911249563037,train,False,2305
4,400,d,0.005666794092252899,0.007446320545129824,0.007284877549121496,-0.004453893320003388,-0.0051141819956745495,0.004454321056731913,train,False,2305
5,400,e,0.17426960332546262,0.17410291314652618,0.25246119793666894,0.1304956633755831,0.1304612301712031,0.35376417768482404,train,False,2305
0,100,c,0.06611416221944164,0.06597171030112299,0.09366636570941082,-0.047649587834508726,-0.04767012345053857,0.3980711517554693,train,False,2306
1,100,d,0.004572166744037819,0.004572333979408852,0.004922670757166058,0.008509273233736377,0.008508808042502772,0.04147111837139624,train,False,2306
2,100,e,0.14940354232476283,0.14940814732848573,0.2747085436528553,0.13938328982175066,0.1393736794701506,0.34581693189279217,train,False,2306
3,400,c,0.06507389318455185,0.06505833287273553,0.07324625692672214,0.05952681323317066,0.05951483473840334,0.913047482455766,train,False,2306
4,400,d,0.004689401684231842,0.004658097111941421,0.004569809535414251,-0.0010015423398072264,-0.0010188609859280006,0.04851395672524173,train,False,2306
5,400,e,0.1734052908995954,0.17340070100375735,0.2802315418513426,0.1696439297752827,0.16963193344770539,0.2968944576899934,train,False,2306
0,100,c,0.07040273354844397,0.07041150659275719,0.07492572999745509,0.033366138262016634,0.03335910645012142,0.40658880299960515,train,False,2307
1,100,d,0.019503812198550217,0.019508791589126055,0.014903853412846866,0.004517080344323645,0.004514072466572756,0.061042637634357216,train,False,2307
2,100,e,0.21936286189825868,0.21844309265374606,0.25269017569347446,0.14629342498504166,0.1463588376072054,0.7311384147933032,train,False,2307
3,400,c,0.05049639317020783,0.05046589885506892,0.06916933473792744,0.05112375829035095,0.051024380865699326,0.705940480466127,train,False,2307
4,400,d,0.010057139209325626,0.010058419763385678,0.008278889934498749,0.004722426636870622,0.004720428348592733,0.0495416206700391,train,False,2307
5,400,e,0.19418083894190322,0.19413776640833114,0.26067122009548255,0.16277806201268896,0.1627577351535745,0.3285754519745565,train,False,2307
0,100,c,0.07065624017252667,0.07059542780380478,0.09201636777708018,-0.04673778646702381,-0.04675470729527973,0.43265666186944146,train,False,2308
1,100,d,0.003911526657134741,0.003911541914633731,0.003760154039714341,0.009535152668933868,0.009534889541119505,0.08149921381202489,train,False,2308
2,100,e,0.22023159950170176,0.22021724436142848,0.2601960922543064,0.10775725036731175,0.10774024394983499,0.3198628425084927,train,False,2308
3,400,c,0.06098770492594178,0.06100867350513473,0.07034234025897514,0.05350196304128844,0.05346285392663447,0.4888324433569796,train,False,2308
4,400,d,0.006782379469881919,0.01626331841744802,0.005588497924665124,0.0204389438980877,0.013592798222727326,0.14901699390438072,train,False,2308
5,400,e,0.1787367028541466,0.17870670383905346,0.3016737461572124,0.17185215235209592,0.17184272998005454,0.3225499983802767,train,False,2308
0,100,c,0.0901435168257338,0.09014560650265466,0.1039391431953306,0.06878485500205372,0.06877936539487081,0.5284766559687353,train,False,2309
1,100,d,0.016945040577754512,0.016948214861769218,0.018150629915853058,0.0052830208852437015,0.005279907351001878,0.0335825691738545,train,False,2309
2,100,e,0.21379934554018984,0.21380360214637859,0.21413997622884387,0.16159293630610816,0.1615904861608399,0.4939050694934762,train,False,2309
3,400,c,0.06256901735887145,0.06256219861680795,0.08216367202307616,-0.023297906998366286,-0.023299864923081445,0.6577323449325498,train,False,2309
4,400,d,0.004771373705107906,0.004771700506320552,0.0045734449861665975,0.00278816641884422,0.002787524075646477,0.08021743755517327,train,False,2309
5,400,e,0.18886532196425374,0.18887679904620494,0.27172186334564663,0.13798402324816944,0.1379731834210661,0.34355101351337,train,False,2309
0,100,c,0.16927307546345477,0.16928989607124115,0.1282199942808256,0.04032064322134787,0.04031589765415767,0.1402303384593091,train,False,2310
1,100,d,0.007764230767158593,0.0077636167784666385,0.00859714197515235,0.014410237464456337,0.014410147546723345,0.05533666265997876,train,False,2310
2,100,e,0.23814363117866158,0.2381212127028449,0.3647980727019825,0.13743152142338766,0.1374288816115326,0.2469020972304647,train,False,2310
3,400,c,0.05929444987027295,0.05932994996556756,0.060622660631235184,0.05005761799281501,0.050057778403185295,0.38423217628366585,train,False,2310
4,400,d,0.005700254366729063,0.005700680918913217,0.005021864629101566,0.016285996677282862,0.016285608298929156,0.1443377177117027,train,False,2310
5,400,e,0.2070835861374719,0.20711461738588263,0.28940585569040267,0.15101121258790864,0.15100187962827147,0.33900106930619844,train,False,2310
0,100,c,0.06845518420508498,0.06844479651217988,0.13929885055120889,0.06645535215656274,0.06643358058570834,0.422293119305006,train,False,2311
1,100,d,0.007698259781624874,0.007698212813118964,0.007501426684718661,-0.026720259591054188,-0.026720764054831002,0.010410584194374461,train,False,2311
2,100,e,0.213982998002455,0.21403041496071804,0.21137341265762086,0.11552680008558355,0.11551426542862295,0.3478088317055957,train,False,2311
3,400,c,0.06745707318895694,0.06739063676824104,0.08542616949290055,0.0860392733344824,0.08604071469017285,0.7869888631049696,train,False,2311
4,400,d,0.006288405641794055,0.0062885859408604635,0.007000171883540899,-0.0009494628976872122,-0.0009496666536184151,0.025493860262338935,train,False,2311
5,400,e,0.17896425250446413,0.1790282954162825,0.2301401761271811,0.1441002815360515,0.1440874131462493,0.32208953395349654,train,False,2311
0,100,c,0.19896448838196384,0.07319978781544433,0.09363569596685008,0.1217182437289366,0.13060093360635341,0.38801546089727934,train,False,2312
1,100,d,0.01385172521907757,0.013851814442852712,0.01146094700130328,0.0070881329049881535,0.007088142453526185,0.2627519679773499,train,False,2312
2,100,e,0.19045434667153419,0.19035962245338098,0.28236910730311765,0.10604706341869054,0.10604992519931841,0.32024396461166676,train,False,2312
3,400,c,0.057974278273163996,0.05821864346109094,0.07752978407294192,-0.0050684538889844075,-0.0052209447950881584,0.8310061144555414,train,False,2312
4,400,d,0.007739818637787312,0.00774025800160187,0.006601426506621011,0.01352068908157614,0.013520247133491559,0.06506987666117833,train,False,2312
5,400,e,0.18293741106745856,0.18196316660227943,0.2722061827733514,0.13732886012110954,0.13534453273247457,0.31558213173155636,train,False,2312
0,100,c,0.05546149689166044,0.055461822044301654,0.09339885966258539,0.019125028116098407,0.019123836650121503,0.4604581877197388,train,False,2313
1,100,d,0.04099847858530415,0.04101238299548248,0.026025373505949814,0.037110626291438235,0.037109389547460944,0.06302154602206274,train,False,2313
2,100,e,0.37298503790292514,0.3729577194693527,0.4300973398374589,0.14254475042331177,0.14253625540547207,0.28317059713456794,train,False,2313
3,400,c,0.059030574358632765,0.059096071925665204,0.0722763522517243,0.052392065255817286,0.052535567099373494,0.4190127975149267,train,False,2313
4,400,d,0.007753866305117613,0.007753951473884586,0.009332325246225485,-0.011030794972885066,-0.011030938979142313,0.018079418559985568,train,False,2313
5,400,e,0.19056392686784662,0.19046619873021176,0.32214312164933523,0.1600162345266128,0.16000999659829887,0.35487354468286114,train,False,2313
0,100,c,0.08888289484249814,0.08888452353338092,0.11692316920045132,-0.04628650253422592,-0.046288004468410054,0.4652524181187516,train,False,2314
1,100,d,0.002547388056272214,0.0025476997763759436,0.0032360320898771784,-0.00756080105952325,-0.007561034454929594,-0.007485392349005337,train,False,2314
2,100,e,0.19966247173817975,0.1996821591419082,0.23983990922310705,0.06938665003645657,0.06937070063442309,0.4285906578103446,train,False,2314
3,400,c,0.10303861378811405,0.10071805190927041,0.09360989295477032,0.1372244348823054,0.13791452152560282,0.5504841640801565,train,False,2314
4,400,d,0.01001593366706864,0.010007387380908062,0.007089051115697198,0.00770675635104098,0.0077088128695534585,0.11327677218253676,train,False,2314
5,400,e,0.1891134354785962,0.18909295122132228,0.28169190551975853,0.17008118174122042,0.17006827590099366,0.30300774056624796,train,False,2314
0,100,c,0.061365616599358616,0.06136713894049973,0.08090854858658726,0.0010156848575432066,0.001014460154715664,0.6576713046294236,train,False,2315
1,100,d,0.008850632089498522,0.008850596928904622,0.008598090010528584,-0.015659600792153602,-0.015660022899211902,-0.003217099499592617,train,False,2315
2,100,e,0.19432161470610926,0.19432842859266708,0.215122824933489,0.09774769287383418,0.09774310422706112,0.33790870323940886,train,False,2315
3,400,c,0.06750767246448498,0.06257282751056044,0.08927071502439919,0.025156084927754136,0.02448583969746409,0.5597271512272826,train,False,2315
4,400,d,0.011825051103116633,0.011830304035480728,0.010658553541925726,0.018328183954535983,0.018326380861628203,0.14301364935309294,train,False,2315
5,400,e,0.21764317301439606,0.2256309704779137,0.31874868044407256,0.16918463426772165,0.1698973387176615,0.32026356588439553,train,False,2315
0,100,c,0.0622557312056128,0.06217245282475729,0.11403959375117365,0.07088650037975605,0.07088262633123293,0.594125059351633,train,False,2316
1,100,d,0.004636311427818789,0.004636429922243946,0.004161109756302603,-0.026837154214365135,-0.026837420455620133,0.020848847757553236,train,False,2316
2,100,e,0.20156105825963955,0.20539143283898892,0.23943585069692153,0.10224842836735562,0.10159046090954249,0.31110526840518554,train,False,2316
3,400,c,0.056670913743743015,0.05677604005962277,0.07465631121679928,0.07404843707978778,0.07391901134524367,0.46796040206804634,train,False,2316
4,400,d,0.005333894845082372,0.005344277677289249,0.005484522268075828,0.007034119542195789,0.0070263638893892375,0.064966301679423,train,False,2316
5,400,e,0.18294028501721016,0.18295765608127798,0.2672552345204189,0.18571667515274734,0.1857115153971445,0.3129966460509958,train,False,2316
0,100,c,0.07567548207102269,0.07556607943516648,0.12638703925038144,0.007216103412707184,0.007224331222016218,0.5016496449274187,train,False,2317
1,100,d,0.007135994997323353,0.007138603952650368,0.004519085894004281,0.0012686789717206003,0.0012634921487340378,0.05892904025585649,train,False,2317
2,100,e,0.14548752681270993,0.173143578398997,0.21040546766283838,0.09867245096245586,0.11040004512707437,0.37116900321929547,train,False,2317
3,400,c,0.05129186510906871,0.051291731744624744,0.08105515321262015,0.048912828644485484,0.0489126723806325,0.6978857269414749,train,False,2317
4,400,d,0.004321372340488317,0.004321497432986892,0.0042998476863498,0.008297296547426286,0.00829696357438774,0.08344458015946976,train,False,2317
5,400,e,0.1686175752197437,0.16861948491773687,0.29902179160733855,0.16787709032346082,0.1678714343099561,0.32259624414341403,train,False,2317
0,100,c,0.08169751932650658,0.08169709929403643,0.08052598621480556,0.08408229916757179,0.0840750747339817,0.8967196806327035,train,False,2318
1,100,d,0.006810364495849577,0.006808130229380102,0.006494895381425579,0.008749860221145465,0.00874947172092906,0.01115889051831287,train,False,2318
2,100,e,0.19616583615221905,0.19615250061201916,0.27730636824682664,0.13488758207448143,0.13488240985377103,0.34100648315159665,train,False,2318
3,400,c,0.056799432314829174,0.05681219716874618,0.07989596093052204,0.06200505849856853,0.06200766024141927,0.30500112041933064,train,False,2318
4,400,d,0.004697971041477615,0.005461276467087902,0.005653755598119236,-0.0008675987140447283,-0.0012405683856007066,0.08094872519553836,train,False,2318
5,400,e,0.16539995252890763,0.16538913412677947,0.2280298143971627,0.1793191271187721,0.17931191703936888,0.3417142787786483,train,False,2318
0,100,c,0.05443505488389814,0.054433641681676796,0.07301523893616689,0.017806182952356978,0.01780303738891071,0.5685367823821382,train,False,2319
1,100,d,0.005109274449607149,0.005109327062373323,0.0061747438997342575,-0.02185496849737433,-0.021855303734699145,-0.016874743890012898,train,False,2319
2,100,e,0.17508967525751262,0.1750120496868372,0.2364408787454033,0.1186345081691325,0.11862248765395478,0.2954615285497289,train,False,2319
3,400,c,0.06301098567857355,0.06300260121830924,0.09109541888396933,0.06385337728167094,0.06385253094313932,0.529917166869691,train,False,2319
4,400,d,0.007887531436869351,0.007903511081102892,0.006396729985964061,0.0036566648604389406,0.0036549195378129083,0.03257960516321907,train,False,2319
5,400,e,0.18046143472919862,0.1805195305911667,0.2782054971407316,0.17611104552784415,0.17607737748631497,0.3014902361115551,train,False,2319
0,100,c,0.09076481039574745,0.09075823844571655,0.06740409179895672,0.06818104143537604,0.06817482885589173,0.4342815025096214,train,False,2320
1,100,d,0.014190669441235535,0.014191809685506674,0.008258183079795135,0.03404986479252232,0.034049202971715646,0.12344332189794313,train,False,2320
2,100,e,0.20407117206589043,0.20409044285290076,0.2709737021856066,0.1624589281168585,0.16245978288067078,0.3004687147193448,train,False,2320
3,400,c,0.06490218764566306,0.064879232822557,0.06674617640593673,0.03047929600530239,0.030491116460258497,0.6595325314919203,train,False,2320
4,400,d,0.005688143087950006,0.00568812396053273,0.00627320055863499,-0.0042346709823861415,-0.004234745139851661,0.07561211559340723,train,False,2320
5,400,e,0.15398132164037126,0.15234170222814794,0.22335887416142955,0.17474408977758743,0.1745148247526459,0.35693628096770597,train,False,2320
0,100,c,0.3024023518199607,0.183322749645205,0.13880556058570362,0.07182848866784063,0.09662272962825127,0.5921088469184737,train,False,2321
1,100,d,0.039365961562104236,0.03939487540490553,0.015573215189303134,0.011492424097741321,0.011487875120098216,0.06530128606662294,train,False,2321
2,100,e,0.2376994252150267,0.23791398392074053,0.4264810540538451,0.12563140800284625,0.1256209061689467,0.22067386026851843,train,False,2321
3,400,c,0.061068808039273635,0.06106881099712509,0.08965673114250394,0.07820383198182433,0.07820295213293442,0.8032561912154761,train,False,2321
4,400,d,0.004774791015462043,0.004774791141520596,0.005201651875618465,0.007597712542921222,0.00759783633118655,0.09478886833608677,train,False,2321
5,400,e,0.17438252142859206,0.1743210301526863,0.26540299737758677,0.1645483368828356,0.16285083664838756,0.3128433487891325,train,False,2321
0,100,c,0.09914516376493727,0.09914956937918319,0.11827890316960873,0.04820409826314055,0.048195144705861497,0.941983520550095,train,False,2322
1,100,d,0.012742872856576087,0.012740454595523391,0.01049916110604048,0.0055394723889645725,0.005537605284911234,0.03758218160694584,train,False,2322
2,100,e,0.30186232349640274,0.30186623302043675,0.26309541498328487,0.09001513948636741,0.0900148507263858,0.30322492671430845,train,False,2322
3,400,c,0.05935239492526041,0.05935659994165187,0.06560186346354469,0.06279273627733802,0.06279146185585134,0.6295913020849834,train,False,2322
4,400,d,0.005792331088761609,0.005792702567397425,0.007252081314651122,0.0012541330339387359,0.0012537400246021768,0.014433254164376042,train,False,2322
5,400,e,0.18708996925610952,0.18709282966252183,0.2745422452856611,0.1654642555590565,0.16545812524941403,0.4199865114920771,train,False,2322
0,100,c,0.060162817862537986,0.060159399708897235,0.09907932634887469,0.06370570532854032,0.06370276307875529,0.24581198291604764,train,False,2323
1,100,d,0.0050931749514830735,0.00509315650228467,0.007045401733065183,-0.017224796701066313,-0.017224859363279103,0.06393267980427313,train,False,2323
2,100,e,0.2230837477296082,0.22312684431714536,0.30970703861076554,0.12153554508079126,0.12155266185738399,0.3214793992429081,train,False,2323
3,400,c,0.05537351270603248,0.055119434256368,0.08383204232998147,0.05305771958142287,0.053051764205683444,0.36169347275247155,train,False,2323
4,400,d,0.005259037362722395,0.005259118284466837,0.0056637166407252255,-0.007743911353761472,-0.007744131423006717,0.015236331702311147,train,False,2323
5,400,e,0.18836930938769544,0.19010823043972622,0.27457429117426646,0.14891397900257444,0.15166951847213037,0.3380511962609066,train,False,2323
0,100,c,0.1835657485359352,0.183574042335529,0.2231180245118761,-0.023463018376582597,-0.02347786966027549,1.1966739405308595,train,False,2324
1,100,d,0.006056666525831599,0.006056717934854204,0.006519011001531829,-0.008714172362682949,-0.008714591720445313,-0.007041456223473475,train,False,2324
2,100,e,0.1537643829733432,0.15378859180606802,0.23078815981864062,0.06142409393854095,0.06141174313871801,0.2970094873926512,train,False,2324
3,400,c,0.057974318673610796,0.057974248773062585,0.09004942707063604,-0.015605767369801881,-0.01560585652558764,0.4896535264479185,train,False,2324
4,400,d,0.006061787239380662,0.006061715683064115,0.008235840628748731,0.002645843193479447,0.002645926043427842,0.07825424277209876,train,False,2324
5,400,e,0.17903052373920744,0.17873047950345947,0.2688285434006891,0.16417156250339057,0.16614516341444455,0.31296009590130436,train,False,2324
0,100,c,0.06679021815390908,0.06678755732492178,0.08174171687495231,-0.04415531987558637,-0.04415721796307622,0.25079239860006974,train,False,2325
1,100,d,0.005964145284690431,0.005964337164711726,0.004351518120865113,-0.009561353638547826,-0.009561660006407244,-0.0013356552932761723,train,False,2325
2,100,e,0.18144233654401043,0.18142006639699645,0.22951972648268432,0.18834270444562293,0.1883368404773087,0.2884651540738163,train,False,2325
3,400,c,0.08142168911275689,0.0772340776681829,0.10456978250643806,0.0333228766150981,0.03205805767487362,0.8558263656743024,train,False,2325
4,400,d,0.006983228688683745,0.006999103351234015,0.007718840113174822,0.019434253047787137,0.019432965229916076,0.11395976965059687,train,False,2325
5,400,e,0.18828920410986721,0.1931215644277914,0.26631618882188907,0.16643076760427203,0.17292479410148484,0.2859825154973396,train,False,2325
0,100,c,0.08939267301756694,0.08939456046345921,0.06936799021436887,0.08885212548583311,0.08883216157988358,0.8051513782583968,train,False,2326
1,100,d,0.011846745526741172,0.011851122588071906,0.01140944317945451,0.003492699401292665,0.0034912257988587393,0.009675781046287586,train,False,2326
2,100,e,0.21432470328934103,0.21428572159659715,0.36455465147751426,0.15252665554472908,0.1525273594996966,0.2937775362751773,train,False,2326
3,400,c,0.0919677760046365,0.09221595128765556,0.11846419167205598,-0.006035870610544265,-0.006144720074990815,0.7688715080363007,train,False,2326
4,400,d,0.006119799490630838,0.006085300322578394,0.005982473010630517,-0.0020707173753385356,-0.002095281653227481,0.05092067444729732,train,False,2326
5,400,e,0.1405373131022819,0.14053839196735887,0.21130498614070245,0.14952522483205627,0.1495172304688917,0.3346685753670296,train,False,2326
0,100,c,0.16521576208408234,0.11111457414755044,0.131303797881672,-0.0002628235292680614,0.016770929980609355,0.26325168296876655,train,False,2327
1,100,d,0.00866888997527931,0.008668878318739972,0.010120915817487102,-0.025855965191804168,-0.02585630572450185,-0.004747539824449607,train,False,2327
2,100,e,0.2168122807455785,0.2167688167580382,0.23221066479053093,0.07153286932014538,0.07150660582766236,0.28321136160899896,train,False,2327
3,400,c,0.06032473563819582,0.06036030752408603,0.07840445255801291,0.04747820303589514,0.04742363882588265,0.6366549278097502,train,False,2327
4,400,d,0.006604353840945986,0.006605590348535969,0.007085305778284475,0.0051117042287764924,0.005111291387427457,0.08580744315705247,train,False,2327
5,400,e,0.20746487755143764,0.207486577542435,0.28924479015321525,0.17552193374869318,0.17551685927826313,0.2940408774456468,train,False,2327
0,100,c,0.09987986082983923,0.09986895943805972,0.1030792344150585,0.09548478215256523,0.0954717801019541,0.3737154372056526,train,False,2328
1,100,d,0.01640368457979458,0.016403630412221922,0.01834480199465922,-0.00439176604463615,-0.004391750432931776,0.14715016398245745,train,False,2328
2,100,e,0.19112205369402183,0.2028696396260462,0.3363910632635939,0.12876205343166125,0.15815786161446613,0.2606935608102171,train,False,2328
3,400,c,0.06031164357908567,0.08874425797316036,0.1131844372330935,0.08416979193675118,0.06067149679380464,1.0457458864517695,train,False,2328
4,400,d,0.007498821838952194,0.007498400039590402,0.008032839463386666,-0.004381729460548076,-0.00438430540068179,0.03782489855689945,train,False,2328
5,400,e,0.21606868178498057,0.21548592339596723,0.2687895111723867,0.14799841404298897,0.14814666047896743,0.31481931710525246,train,False,2328
0,100,c,0.07007254479457772,0.0697371118981927,0.11277498051034952,-0.06839138395675846,-0.06842240236685321,0.07168640375829476,train,False,2329
1,100,d,0.01638147277216953,0.016389012456443718,0.013430522955970681,0.0059967699095801845,0.005991985020897506,0.030194569516834965,train,False,2329
2,100,e,0.20201378866418562,0.19562436125993063,0.306149673627165,0.1472146122900997,0.14580656814266982,0.3246862555702132,train,False,2329
3,400,c,0.05559187367909689,0.05555857785240517,0.07410682264315159,0.024544026914824286,0.024545192733283587,0.719336862597522,train,False,2329
4,400,d,0.004259491799161066,0.0042593614455904965,0.004431625943972605,-0.0026952902894759843,-0.002695509367950617,0.13868449418201975,train,False,2329
5,400,e,0.17791391977037424,0.17791803593536662,0.2695554645562468,0.16080679101160023,0.16079825512716261,0.3183129397869245,train,False,2329
0,100,c,0.08199047205387981,0.08196861521285033,0.06943444275641862,0.06127410066374999,0.06126774520349074,0.39554410270372004,train,False,2330
1,100,d,0.004189149576946537,0.00418920012144188,0.004902974839538944,-0.03446407228671461,-0.034464722705998624,-0.017410764040094423,train,False,2330
2,100,e,0.13782767009748523,0.1378150005046499,0.19691095690093596,0.10367971562750604,0.10366839156622135,0.3317929336292146,train,False,2330
3,400,c,0.05996557260436309,0.05998875113058881,0.0706997928797261,0.02091623106735085,0.02087660366522357,0.8114262066751031,train,False,2330
4,400,d,0.005458456363837457,0.005458576506732927,0.006966204975269169,0.000331905653271054,0.0003315920200314082,0.09795829954595764,train,False,2330
5,400,e,0.17522279187939271,0.17521435469698382,0.2528515915675004,0.15661389965843242,0.15661532655280042,0.3759700789771564,train,False,2330
0,100,c,0.0788838178957545,0.07888775636323228,0.062235990172227716,0.1090432522817396,0.1090435133720525,0.9810625440860625,train,False,2331
1,100,d,0.01454359958580838,0.014540340681533226,0.008095621330751533,-0.016921350391497364,-0.016919832595204624,0.03632240362963815,train,False,2331
2,100,e,0.19810198727522926,0.19810341369830187,0.2942332209411413,0.13933521434982163,0.13932777380766773,0.37733031448402765,train,False,2331
3,400,c,0.05748179206045322,0.05747074856394978,0.0843676574077385,0.06829655959700787,0.06831316563363395,0.8153251711915158,train,False,2331
4,400,d,0.0048881061822172315,0.004888281565662854,0.004931752860444256,-0.0047190873592435345,-0.004719372038920113,0.07342837467720915,train,False,2331
5,400,e,0.19613907444204873,0.18471618762121975,0.2485668164618202,0.15978720652596523,0.16058190546678147,0.6963933772521991,train,False,2331
0,100,c,0.0930600128186151,0.0931113056764424,0.11282020767443247,0.08446579920342466,0.08444044480117391,0.4690562420261071,train,False,2332
1,100,d,0.009993657593498741,0.009993929190062915,0.009381819285587248,0.024282329382062946,0.02428174903443564,0.0702243580865332,train,False,2332
2,100,e,0.24322326384914983,0.2431609024077092,0.3011385698274162,0.1475622845053303,0.1475552134867766,0.3026942207481248,train,False,2332
3,400,c,0.06851418111571916,0.06852476461209851,0.10849365919336287,0.010299153363138415,0.010288477922127868,0.4067652314866849,train,False,2332
4,400,d,0.006471244592449064,0.006466379767291957,0.007872443556800914,0.006780827568443488,0.006773489934301367,0.014797217926368091,train,False,2332
5,400,e,0.17234426954546045,0.17233890503772287,0.2544397068015534,0.14737208296502,0.1473649605855553,0.32447793647703965,train,False,2332
0,100,c,0.16402733200159234,0.1639962435126295,0.10140269366574652,0.20882662636406615,0.20881950437120772,0.6198298949299738,train,False,2333
1,100,d,0.023376508752396063,0.023379769943383054,0.011886598570207463,-0.005469981006487803,-0.005470653386604614,0.04612454189105055,train,False,2333
2,100,e,0.23110887941510977,0.23113383376331761,0.3030369903149472,0.1336500096557304,0.13364097720136614,0.3539302243901306,train,False,2333
3,400,c,0.06201916147524284,0.06208335518933596,0.10416301426999641,0.03374007678804745,0.033680493442842165,0.6154142472810332,train,False,2333
4,400,d,0.007236830915702565,0.007246537143171865,0.009856658129828225,0.014001713453774442,0.013992932384372771,0.04056762482881712,train,False,2333
5,400,e,0.18223062778169447,0.18223560725130028,0.27912645038395806,0.15189326214636686,0.15189570545756034,0.30632654812226595,train,False,2333
0,100,c,0.06743181894534367,0.06743606020993552,0.0959405521203803,0.03893917612276404,0.038925746354830294,0.38122456218199546,train,False,2334
1,100,d,0.0067415151701407175,0.006742125797338116,0.005059198486763617,0.005458870198815813,0.005456834561806954,0.14343174484011645,train,False,2334
2,100,e,0.28074469232512494,0.2805872815487017,0.3215057517202554,0.08316834906263963,0.08316221171272879,0.2119827103703018,train,False,2334
3,400,c,0.07329922191037849,0.07417519038113364,0.08276028752289905,0.04283199241101571,0.04253235435930115,0.7881599507841179,train,False,2334
4,400,d,0.004742966583892541,0.004673160660015356,0.005328705529814376,-0.003855977690982382,-0.0038978452622897386,0.07270297771321024,train,False,2334
5,400,e,0.18910061995918287,0.18910307526711592,0.2839219861520102,0.1531245280910219,0.15311578195570336,0.3227726349994373,train,False,2334
0,100,c,0.05171472299024126,0.051721057813740916,0.06591870234002419,0.008153172153197233,0.008150995820540033,0.920519561547194,train,False,2335
1,100,d,0.00456623464822874,0.004566227587146477,0.003965314786170636,0.0011416426386263723,0.0011415301797068978,0.04249200185294596,train,False,2335
2,100,e,0.14609080880160363,0.14607941186538106,0.21976842044417377,0.12066624984549919,0.12066495181781108,0.29969198275049824,train,False,2335
3,400,c,0.0653109473327337,0.06547430830112298,0.08199517081564223,0.11488236361348542,0.11481669664886837,0.7579448960084096,train,False,2335
4,400,d,0.006271712383358438,0.006268251484218329,0.006258347060095442,-0.009496994082430828,-0.009507434442821126,0.012183207354617255,train,False,2335
5,400,e,0.16272924508553593,0.16271940097039903,0.2320031864962383,0.15637014166008037,0.1563620350562095,0.32275972167003,train,False,2335
0,100,c,0.0955586882084078,0.09555067752842106,0.10129040408488058,0.08697914607008699,0.08696064742231116,0.5901100708461091,train,False,2336
1,100,d,0.0076280873986265384,0.00762814409156608,0.0077512533293471065,-0.00342900212349031,-0.0034293270440684154,0.003686979942385591,train,False,2336
2,100,e,0.2327358279817178,0.23273082745008405,0.31075103003277904,0.1895054670339612,0.1895039591525474,0.28191428926500167,train,False,2336
3,400,c,0.07569188501927843,0.06854659983035741,0.0721773944710538,0.06250059199482429,0.06359576376456083,0.7872612645174091,train,False,2336
4,400,d,0.005867837990799014,0.005867912697860475,0.006211582403572073,-0.0006990746539062442,-0.0006992119971945776,0.02316931638860039,train,False,2336
5,400,e,0.18408093986523466,0.1840334858419538,0.250607127792844,0.12806262092958612,0.12805165052346923,0.3392027467390955,train,False,2336
0,100,c,0.07933960186358995,0.079348252708625,0.07362874257054068,-0.029336739528299773,-0.029338488089218656,0.7336525929453361,train,False,2337
1,100,d,0.009589939032645127,0.009590460292581643,0.006212203648828517,0.024463054053831642,0.0244625080042087,0.13186910417249778,train,False,2337
2,100,e,0.23617471042196253,0.2353582372423593,0.3196771796454509,0.13653773758004087,0.13526421951737888,0.3503950801937421,train,False,2337
3,400,c,0.053944241348999764,0.08467886713924608,0.08299946747298625,0.04967632442446437,0.03623007096396847,1.1684394850257496,train,False,2337
4,400,d,0.004274868196674809,0.004274812548707758,0.006267904019178801,0.0009607798786761457,0.000960933185601629,0.05370179478606099,train,False,2337
5,400,e,0.18478493467662818,0.18479525776777067,0.29818284543731943,0.16777536211800295,0.1677694983494844,0.29412390670406624,train,False,2337
0,100,c,0.10382900589988886,0.1038337415878423,0.07591491153144367,0.1047518690399818,0.10473902546945105,0.6296009509620688,train,False,2338
1,100,d,0.004620722195997108,0.004620717607276745,0.005103581402458542,-0.018773765061541374,-0.01877424402974974,-0.012636276306812385,train,False,2338
2,100,e,0.3223779614278002,0.32147198723226483,0.3231281403784234,0.05037711067675495,0.050224961379483804,0.3570424604789723,train,False,2338
3,400,c,0.08728423140385216,0.08728438827505246,0.09912804398490695,0.0523932509313407,0.05239094039552029,0.5538382803418603,train,False,2338
4,400,d,0.004130559086817352,0.004130693640855537,0.004588363983713409,-0.011835118521199775,-0.011835535706048325,0.012253598328307866,train,False,2338
5,400,e,0.1790645591854916,0.17897608320293876,0.27380351362587513,0.16280422697452582,0.1628436127391662,0.3203650050129596,train,False,2338
0,100,c,0.08102568175535048,0.08135536967887674,0.10960422134187235,-0.07125924725125088,-0.0712508776076676,0.049417616240309596,train,False,2339
1,100,d,0.009556001443992879,0.009556178125478975,0.006235308119479409,0.03302231777123158,0.03302221661747131,0.09037706467435815,train,False,2339
2,100,e,0.21293019930158447,0.21292896191488903,0.38674506170212164,0.13970978025931416,0.13971268246389862,0.2421010577974783,train,False,2339
3,400,c,0.06257364755466444,0.06253134536912282,0.06932246014272125,0.01890167707507075,0.01885644629168567,0.4203456051512328,train,False,2339
4,400,d,0.005309235487421649,0.005309322558183278,0.005458628953905671,-0.011618056594294544,-0.011618379902396257,0.036275366883695315,train,False,2339
5,400,e,0.16653104923674622,0.1665510897674082,0.18678501375195444,0.10864527233631392,0.10862869877816124,0.34002513190459427,train,False,2339
0,100,c,0.06643078584402747,0.06643733164859841,0.06412506730543471,0.02005159657302265,0.02004387408773006,0.6315498991357396,train,False,2340
1,100,d,0.006757803322817158,0.006758798293642541,0.0026225075865083654,0.012712565171079238,0.012712080370077778,0.0783585141244733,train,False,2340
2,100,e,0.1842489548812903,0.18424716620160123,0.2568832158755787,0.15380589401824069,0.15380558500157152,0.2838472691353308,train,False,2340
3,400,c,0.10603843247172857,0.10605379456352647,0.10084940540757888,0.09054923954043609,0.09050122016786766,0.7364619967545064,train,False,2340
4,400,d,0.0064048986489898185,0.006410389937558062,0.0046847341996624865,0.0025905307978230318,0.002589182111342492,0.014246760041687878,train,False,2340
5,400,e,0.1587476886298644,0.15875087532651422,0.26875029260212174,0.17580407211477753,0.17579295387941865,0.2957321418228526,train,False,2340
0,100,c,0.06850717482947144,0.06850647358317645,0.08943526118660582,-0.10898513438508105,-0.10898609177827517,0.44414599913808045,train,False,2341
1,100,d,0.0025782221854505046,0.0025783631298368715,0.0034215985867705324,-0.021966122417336857,-0.021966389139147734,0.03762974916722131,train,False,2341
2,100,e,0.1809792870000701,0.18087907011838944,0.3050225671110712,0.17269544391029493,0.17270293877457413,0.289429311620637,train,False,2341
3,400,c,0.0556537504991787,0.05565464253573418,0.0861387974508781,0.03420451143705506,0.034199847844479055,0.8232286762524281,train,False,2341
4,400,d,0.006771571114408285,0.006781810159407006,0.006477623272944576,0.005815608842234337,0.005807665816392404,0.060994051801144734,train,False,2341
5,400,e,0.15568437892519277,0.1556855454458842,0.24587345394246257,0.1492471621934338,0.1492462185659835,0.2970493100683702,train,False,2341
0,100,c,0.07514346060808991,0.07495712961543555,0.08491356781448794,0.05392347652723942,0.05386104545786893,0.39894883890554567,train,False,2342
1,100,d,0.0035327715729906927,0.0035328181977803863,0.0036465824907466688,-0.017708548611011156,-0.017708806706788902,0.07100048449170453,train,False,2342
2,100,e,0.16711034508386635,0.16695344209378996,0.2673983052061739,0.1576346901411773,0.15761495483197208,0.28893452491187943,train,False,2342
3,400,c,0.06872407831875942,0.06890032973280617,0.09588682455105435,0.02043082720196189,0.020384583682220524,0.5348917197422233,train,False,2342
4,400,d,0.007046594438103433,0.007046785542176197,0.007650283692586602,0.010803941248517131,0.010803655404460724,0.02618525422102229,train,False,2342
5,400,e,0.19781894178924925,0.19781328268584006,0.2479153860666104,0.1401495935112874,0.1401393167325766,0.36586166734378794,train,False,2342
0,100,c,0.06330728825820332,0.06315891786660292,0.08848319524495274,-0.036324728779130525,-0.036349602173307856,0.7592551866023212,train,False,2343
1,100,d,0.0053685349337181994,0.005368765595220242,0.004514809642103825,-0.016859470847056315,-0.01685996184920153,-0.012877786397163913,train,False,2343
2,100,e,0.2175718002993743,0.2176199488178444,0.20709159630253635,0.03631428164106911,0.03630436627386981,0.36144999504512293,train,False,2343
3,400,c,0.05398842511368393,0.053984935446681856,0.09874471429380341,0.00830025054901597,0.008296292869833622,0.5962416885253148,train,False,2343
4,400,d,0.003981105084925079,0.003981178557574029,0.004050014041552108,-0.005519832348154062,-0.005520126523745433,0.0049686545446643035,train,False,2343
5,400,e,0.17303204496037983,0.17516793491446342,0.27456129601961277,0.12905285406864395,0.12950985254330305,0.3925845674713808,train,False,2343
0,100,c,0.07339633019399304,0.07339696664145476,0.05163045499945374,0.01874170214326021,0.018736327141133557,0.9163825824684021,train,False,2344
1,100,d,0.011650151304290972,0.011649859857828664,0.007756900407017655,0.011358166186408081,0.011358670274794794,0.19893755880034913,train,False,2344
2,100,e,0.18359923964821398,0.1836155831694269,0.263596174642025,0.15523672171387198,0.15522251371775916,0.3398435332632927,train,False,2344
3,400,c,0.05840643788032032,0.05840577541328948,0.0911318473550213,0.017329007016197124,0.01732595185719873,0.3718652743006037,train,False,2344
4,400,d,0.005560948006666805,0.005561006793640093,0.006244261884858271,-0.0034694926145969695,-0.0034698171231871554,0.028203485567210793,train,False,2344
5,400,e,0.15511116763951185,0.154627397749989,0.27547513959777986,0.1747691147569558,0.1752635590530901,0.2885556691816312,train,False,2344
0,100,c,0.10697548948858135,0.10707313885762616,0.09455474897226807,0.08795724321592609,0.08793321502453544,0.9111933382645188,train,False,2345
1,100,d,0.004326901987487723,0.004326848459994522,0.004655341820513102,-0.028804589441745864,-0.028805208725778294,-0.014362000680835684,train,False,2345
2,100,e,0.1867299396140698,0.18410209411825965,0.24973131603041052,0.12319838536002423,0.12383760645111977,0.4549446912044263,train,False,2345
3,400,c,0.058953198763767915,0.05894868917490971,0.08449093070658321,-0.01450949779231621,-0.01452280666003354,0.6982331802647177,train,False,2345
4,400,d,0.004422368877188775,0.004422477048663523,0.004377125311461435,-0.0019742530823360837,-0.0019745008430306042,0.0803617783378629,train,False,2345
5,400,e,0.1712547226674425,0.17127537283267322,0.24836965116655055,0.12411932837120254,0.12412403965244685,0.3422281183099239,train,False,2345
0,100,c,0.09341887909247212,0.08664253688126973,0.14650377386554939,0.022884945913527445,0.022419441588693446,0.850550744714198,train,False,2346
1,100,d,0.009678718372033318,0.009686943972747969,0.007355695773996886,-0.0006516123036324473,-0.0006531286342404386,0.001237523868014936,train,False,2346
2,100,e,0.21517232679415657,0.20867036829543134,0.18607087528151017,0.07608687279376504,0.07738864831204693,0.29804614617843583,train,False,2346
3,400,c,0.05913986650693997,0.05918153684796822,0.0807653111693455,0.06152298836576122,0.06145401840217396,0.4974870960602905,train,False,2346
4,400,d,0.005659122222520458,0.005659260110533602,0.007570090112485741,0.004190139485597424,0.004189751418493941,0.06009252703795461,train,False,2346
5,400,e,0.1896263895203913,0.18977149833744897,0.30310622798502956,0.20208882450183502,0.20208632582675384,0.5727559537029763,train,False,2346
0,100,c,0.05756610507390516,0.05756349358092247,0.08590873787856326,0.012832594676570892,0.012828827052461023,0.4232653361058999,train,False,2347
1,100,d,0.018305883182280366,0.018304159161396792,0.013340225644420563,0.009393060194394157,0.009391933918605329,0.06930372809447602,train,False,2347
2,100,e,0.1744744942760159,0.19667621354588324,0.30519760352003633,0.13845745388664238,0.172995281690236,0.33219095594057607,train,False,2347
3,400,c,0.1217515027451222,0.1200370989921554,0.12017416979043936,0.054514157683438216,0.054416621730147836,0.6044076012735833,train,False,2347
4,400,d,0.004994307302363716,0.004994436458677979,0.006936472166510737,-0.012080437173095931,-0.012080771511648382,0.11670908561818835,train,False,2347
5,400,e,0.17232937152293645,0.17234897542467598,0.2709631253036347,0.17607899482018446,0.17606702039957284,0.3856372347601132,train,False,2347
0,100,c,0.06430421724250363,0.06431100907905452,0.08797330795369568,0.0680334889146171,0.06803160040672523,0.6174807832578213,train,False,2348
1,100,d,0.004615875985848718,0.004615925215901058,0.0038662153056578373,0.005403024352252714,0.005402887592233334,0.041395874375868204,train,False,2348
2,100,e,0.17497845693293512,0.17499687672536057,0.2642323610626675,0.15241794044912305,0.15240890523478562,0.33061421523940093,train,False,2348
3,400,c,0.06255335561934766,0.0628166431550041,0.07348314841985258,0.04906651065360435,0.04898811592074303,0.5340710375740282,train,False,2348
4,400,d,0.0046746646480521166,0.006896158207563229,0.00761406209603627,0.00383649285572222,0.0017958918075053276,0.008208049751079437,train,False,2348
5,400,e,0.19651441249656287,0.20039263071560345,0.2729218410069706,0.15690361367424088,0.1557306600385438,0.35703896723797485,train,False,2348
0,100,c,0.05317602086699678,0.05317106043321798,0.10668252368050267,-0.020806854459835548,-0.020811346967340327,0.5735715658725232,train,False,2349
1,100,d,0.09048212360234688,0.09040203004884383,0.06687277070776036,-0.026979420714950936,-0.02698775476782755,0.08804635741006955,train,False,2349
2,100,e,0.14625334981525318,0.1462418814827666,0.198185310284465,0.1245633195462019,0.12455815958300619,0.32415253073662936,train,False,2349
3,400,c,0.05867518445190096,0.05867333614148805,0.09118023678486276,0.037256893560618495,0.037255135805066786,0.6578080724077783,train,False,2349
4,400,d,0.004446032254011838,0.008928686654261024,0.005222526313569046,0.006506292148198494,0.004107343737223701,0.04345389253990266,train,False,2349
5,400,e,0.18581167356440376,0.18578906758454805,0.26804917993828514,0.1748665634949214,0.17486969274641856,0.30404640902591396,train,False,2349
0,100,c,0.14242378184241095,0.14234664083528922,0.10473095901996769,0.04574557488295455,0.04573364360524728,0.7869533031575415,train,False,2350
1,100,d,0.010978453708341059,0.010978930642336038,0.010051900011939133,0.02119395745888962,0.021194039432165787,0.0815254620965948,train,False,2350
2,100,e,0.23191091638038175,0.23190472489842154,0.23163008572891364,0.1404202162945226,0.1404162391320312,0.29849931953666775,train,False,2350
3,400,c,0.058220742950142436,0.07412003537377182,0.0947838151502581,-0.006301614656328027,-0.015197995802886197,0.3251584131184802,train,False,2350
4,400,d,0.0059751903997739145,0.0059757438996277164,0.005830163529153831,-0.004389603396504853,-0.004391858497252006,0.02581781048206782,train,False,2350
5,400,e,0.1816429857111868,0.18184044507207323,0.2938669921952897,0.17125138096697257,0.1712358893143236,0.33687990552134894,train,False,2350
0,100,c,0.074850881909621,0.07484966813176575,0.09820250928980517,-0.05041945733601317,-0.050419493783750866,0.5595089228336342,train,False,2351
1,100,d,0.007557799172009371,0.007549352764134284,0.005627252275689491,0.00971071261184525,0.009708902924188809,0.05739354982862951,train,False,2351
2,100,e,0.15187436646980698,0.15186924074708,0.1891407717595471,0.10686248614838707,0.10684887553798579,0.354779871309499,train,False,2351
3,400,c,0.06295270127315628,0.06297257340231853,0.07507607230540403,0.05175343820976835,0.051690851224561955,0.7417750978947023,train,False,2351
4,400,d,0.004614981168948945,0.004615013599907545,0.006084417475598156,0.0142310367066408,0.014230747065441687,0.07364974399250497,train,False,2351
5,400,e,0.18118415606765115,0.18120311139218703,0.270953006925629,0.15862081024701755,0.15861188188570505,0.3228861159192502,train,False,2351
0,100,c,0.1758565748328734,0.18507222874912524,0.17798433203467184,0.03967892361055227,0.04805028071938736,0.8317727761282342,train,False,2352
1,100,d,0.015616253553629209,0.015616675165538324,0.02028423772147408,0.004082831568355498,0.004082300673229646,0.007608124505727929,train,False,2352
2,100,e,0.30182301132297756,0.3160188987820798,0.4183612888952908,0.1697797697206768,0.19426384819174275,0.30311122424857756,train,False,2352
3,400,c,0.07591225960169759,0.07592096281113667,0.09527665455191495,0.09403803530557298,0.09403259929645139,0.5265999547298075,train,False,2352
4,400,d,0.006852460006518273,0.006852936078810105,0.007515252550990455,0.0007579018797096637,0.0007574021467881309,0.06713393895719444,train,False,2352
5,400,e,0.17494587503095244,0.17494583155977916,0.2446561172245544,0.18131912402254619,0.18131420635484904,0.5221409418995776,train,False,2352
0,100,c,0.05775593882669485,0.05770209761052345,0.05712575738306823,0.08039537475413176,0.08041101798885592,0.39582287897651214,train,False,2353
1,100,d,0.02699985387662005,0.02700305119659282,0.011930229127111829,-0.0010301270880301594,-0.001031387008504634,0.013427394934098408,train,False,2353
2,100,e,0.20648171017096298,0.2065121248387247,0.3007943375444879,0.11746124019401862,0.11744848748041492,0.3708692615587056,train,False,2353
3,400,c,0.05860443585883099,0.05860058248663427,0.09692135807235024,0.009789326604276739,0.009796145882482107,0.5274757885971942,train,False,2353
4,400,d,0.005573564842666095,0.00557243830870469,0.0058752351792458815,-0.0005306559999327476,-0.0005303256924458921,0.04138396875265091,train,False,2353
5,400,e,0.1788140798155886,0.1788211527233921,0.25915849966183335,0.14156101079551714,0.14155820605130157,0.3500332586551132,train,False,2353
0,100,c,0.1671928307310915,0.16725449886299104,0.09060341875748718,0.0065691341559936944,0.006605573955865225,1.0443047241686185,train,False,2354
1,100,d,0.003336785761198413,0.003336888510516383,0.002450799730542393,0.006728544463104243,0.006728256460438366,0.0371872029275395,train,False,2354
2,100,e,0.17801003448258215,0.17665143629308788,0.2755389631845372,0.13347041372040597,0.13339798342914452,0.44122975529169955,train,False,2354
3,400,c,0.06069532630888665,0.09239933173055957,0.09918226191341974,0.02595418821392812,0.013453860666996888,0.7557806129201906,train,False,2354
4,400,d,0.004481199049239945,0.004481262664250314,0.005760566564304581,0.003828327504550302,0.0038282318315961206,0.023650393430240387,train,False,2354
5,400,e,0.17663715454951767,0.17663011700834438,0.2926997381404699,0.1697608891437094,0.16975139782982196,0.3097469354690319,train,False,2354
0,100,c,0.1518100350551341,0.1518316168367359,0.09838881256381395,-0.08113612313102919,-0.0811503006411909,0.02003270824470711,train,False,2355
1,100,d,0.010326913921968354,0.010325093386665676,0.006747961413986836,-0.0013940757932692273,-0.001394885646815549,0.0766539174436475,train,False,2355
2,100,e,0.2053531087197339,0.2053589331618882,0.21054191646501028,0.07688383677292038,0.0768638380185201,0.2958653907658051,train,False,2355
3,400,c,0.05221795828732311,0.05225815381923646,0.06357237417462291,0.05285351255582448,0.052768750504968764,0.9348027437687834,train,False,2355
4,400,d,0.005072670972274729,0.005068799310676898,0.004215179162571918,0.0010207835810012967,0.001018169256214989,0.01274088819136967,train,False,2355
5,400,e,0.15358382326243908,0.15360636387107957,0.2293656856594354,0.14740561487564044,0.14740043107443435,0.3517013988744504,train,False,2355
0,100,c,0.16767341435472716,0.16788559751843518,0.1700250353769992,-0.009229161634096742,-0.00934328860350135,0.740705531810448,train,False,2356
1,100,d,0.013683094680052072,0.01357226065521774,0.00841184910327346,0.013769564457859894,0.013766682744961437,0.038254501895662506,train,False,2356
2,100,e,0.18554152822126516,0.18553785501010367,0.3580860352800835,0.13321702774068814,0.13321287457303588,0.32033520448086444,train,False,2356
3,400,c,0.049243324644504545,0.04931018780733784,0.07008834945498298,0.05963954717674582,0.05958380245444282,0.8764833968161269,train,False,2356
4,400,d,0.009206234384011835,0.009207230709670718,0.005462659987873123,0.012609769687948446,0.012609096331002868,0.07866255152927426,train,False,2356
5,400,e,0.16455178402005788,0.16451696885613612,0.2499180180890724,0.14400602747267685,0.1439935249591848,0.30945386281198983,train,False,2356
0,100,c,0.08147897913244032,0.0850178841368304,0.05986937417825783,0.051142720533765174,0.048224443131476134,0.9419518821289341,train,False,2357
1,100,d,0.017807470184986397,0.017807701287805254,0.011480331547312778,0.005318500515849962,0.005317035266577542,0.0419140153380736,train,False,2357
2,100,e,0.24310786300736964,0.2430661960267643,0.32979935065911936,0.17475870224596335,0.17474567601201407,0.304327002151801,train,False,2357
3,400,c,0.054649286410243594,0.054582873407339194,0.08194404124746243,0.02597703359165429,0.025940913158616255,0.3292165915524329,train,False,2357
4,400,d,0.015513162606523745,0.015510125403108772,0.009779039153402353,0.00607868490257502,0.006079252527860071,0.18949075251934722,train,False,2357
5,400,e,0.1680020684332341,0.16865673344415083,0.21319538835698332,0.1299025329740021,0.12955316820308974,0.3520303984280128,train,False,2357
0,100,c,0.07410169459560408,0.07410784223464201,0.0951324446501959,0.015391886405683125,0.01538930123737984,0.5561124733443273,train,False,2358
1,100,d,0.013778466537965857,0.013775140233372542,0.010498537412456876,-0.011779272309217922,-0.011780304380487614,0.0009737119519881788,train,False,2358
2,100,e,0.1896763601460616,0.19211854384287946,0.3550144471704308,0.13261172991849893,0.13407919556868808,0.29043120512788506,train,False,2358
3,400,c,0.06298553776111646,0.06297931191449813,0.07184477409076367,0.10453445875594611,0.10453430669833275,0.3372092359163014,train,False,2358
4,400,d,0.008872020387413646,0.008872145940219818,0.010100314200122664,1.620846762509842e-05,1.5897209118200807e-05,0.02955573502745711,train,False,2358
5,400,e,0.19721321582595563,0.20237908459498857,0.26748292306419563,0.16579510927954652,0.17054355775205005,0.2767140998994849,train,False,2358
0,100,c,0.04932867340027108,0.04882002921973094,0.08509234449596242,0.07447633897710283,0.0744985353261012,0.5348985750301788,train,False,2359
1,100,d,0.006068952098306969,0.006069038140053673,0.003961365868266679,-0.026346681129750246,-0.026346825059408267,0.07127931554076293,train,False,2359
2,100,e,0.1861621724565047,0.18619738532266544,0.24515114758273804,0.14854731768895918,0.14853439710588476,0.31310240965051916,train,False,2359
3,400,c,0.06306634430358181,0.05908355094388102,0.08150089205382409,0.04925308207211998,0.04717493996683487,0.6333728945193163,train,False,2359
4,400,d,0.021487507620243176,0.0215050486051469,0.007820640526325515,-0.0021964096878514285,-0.0022025250044389287,0.15760846549256263,train,False,2359
5,400,e,0.16302449885642192,0.1630301219891136,0.24500029441419405,0.16807441199536294,0.16807027383820902,0.3197037120894287,train,False,2359
0,100,c,0.09734575405566522,0.09737006345785382,0.062103926158717904,-0.05190305168678527,-0.05190917391142499,1.0625414057313571,train,False,2360
1,100,d,0.0030270072284281435,0.0031339311838274025,0.003609044129022271,-0.008147111011955381,-0.008164028078172318,0.017545657134385752,train,False,2360
2,100,e,0.20238312930009056,0.20852720518660214,0.25739703950531784,0.13403959414492775,0.13844917234917672,0.33104179696227304,train,False,2360
3,400,c,0.05451809010375163,0.05452021524369839,0.09069789435010474,0.016111309775045796,0.016110289219337163,0.32505235188152837,train,False,2360
4,400,d,0.0061336762708785585,0.00613355578062039,0.007376365605564387,0.00558957541713566,0.005589254881660963,0.08086945156197817,train,False,2360
5,400,e,0.16032136548559076,0.16016257619008104,0.2184883446080143,0.13053761036281764,0.1305259852900978,0.3146933289610626,train,False,2360
0,100,c,0.09933870759926786,0.09935803869673113,0.09814601483870047,0.12438002570277305,0.12436317885259726,0.7595449362740158,train,False,2361
1,100,d,0.006072731525513616,0.006064617456809735,0.0054498464793426415,-3.288451381493474e-05,-2.9909445621054686e-05,0.020455927363803906,train,False,2361
2,100,e,0.17029872685739708,0.17028610682224737,0.24274192104619444,0.11593766039558905,0.11591964582896307,0.38437183463740027,train,False,2361
3,400,c,0.09828607700205129,0.0983111636146662,0.12049204424070294,0.01620840121820564,0.016193247967835733,0.8972292786315325,train,False,2361
4,400,d,0.0036811146882505565,0.003680956283110639,0.004083916292248337,-0.0050876903681789185,-0.005087967396097674,0.0599777773237078,train,False,2361
5,400,e,0.1699760686797597,0.17058111752655716,0.25468882116231106,0.14536299526475355,0.14538419923198143,0.34174376154816605,train,False,2361
0,100,c,0.07622127368015705,0.07623148371184743,0.10560497328431392,-0.027274936899250264,-0.02728266865491321,0.909426239505865,train,False,2362
1,100,d,0.03173689321112769,0.03173446164810571,0.010964290718583432,-0.001405857283672205,-0.001407845433813506,0.03967762796312163,train,False,2362
2,100,e,0.17635018997663507,0.1763475268230703,0.2688487238947492,0.13519173041731253,0.13518544634554513,0.24415706407049662,train,False,2362
3,400,c,0.07065419862408887,0.07021357104514321,0.09239356704832659,0.06846036461976177,0.06849396352530426,0.8275861454348292,train,False,2362
4,400,d,0.005764037191937577,0.005817413794063725,0.005275453095184607,0.0002129998020153856,0.0002032860146508675,0.0011261202571031604,train,False,2362
5,400,e,0.1679138722333502,0.16791650903813976,0.23421532889627927,0.15461453592395227,0.15460676385679714,0.36721232531389264,train,False,2362
0,100,c,0.1092098047455406,0.10965397417164606,0.07955300334774712,0.028009661810333954,0.027959799769073614,1.0452211527156805,train,False,2363
1,100,d,0.006298976597606742,0.006301421318001971,0.009584090068812471,0.00817031010889508,0.008169588238280597,0.04059106716706033,train,False,2363
2,100,e,0.2290489880994808,0.23147887023108626,0.2715711703470677,0.08868586511837194,0.08921639528211806,0.3588293990751864,train,False,2363
3,400,c,0.059128193471438564,0.05912529766178521,0.09934291796634062,0.028115439945407418,0.028111908579606392,0.3391266928755168,train,False,2363
4,400,d,0.009907805040517016,0.009849871381571309,0.007436260626230222,-0.0005466274159761398,-0.0005838579969292645,0.040377223354397175,train,False,2363
5,400,e,0.18446288955238174,0.1844536571182564,0.288849053187503,0.17590901115997085,0.17589238298494486,0.32315757577456045,train,False,2363
0,100,c,0.051047306149304326,0.05104900635462559,0.0576502541755732,-0.003990895833354102,-0.004002775250456168,0.7676944568341229,train,False,2364
1,100,d,0.004567903339816763,0.0045675400598557715,0.005689594510979997,0.003963048406451541,0.003963129281275481,0.005148986978558678,train,False,2364
2,100,e,0.26319828775264786,0.2631921343240587,0.4054503215946689,0.1277432810287184,0.1277401919026002,0.28615031406605673,train,False,2364
3,400,c,0.056512110376494916,0.05650800403413192,0.07015475243067315,0.08000697804532017,0.0799812111893511,0.5670846803531657,train,False,2364
4,400,d,0.004773453311377006,0.004773798087190291,0.006342115153241607,0.002546279415768886,0.0025460575125579865,0.10037335107818905,train,False,2364
5,400,e,0.14131868986746027,0.14163151425972842,0.19712783863138864,0.15468301656232303,0.15458685772389227,0.33027176567084804,train,False,2364
0,100,c,0.08268320596267566,0.13367300303451513,0.10592849450615162,0.10080956723617682,0.08659771316795918,0.4037863402853684,train,False,2365
1,100,d,0.02014232654138277,0.02014501525209632,0.007331206222437237,0.02203514227856502,0.022032775950988254,0.07952735322184855,train,False,2365
2,100,e,0.32347946045285475,0.32346072244796864,0.3053317484894907,0.10646200797274752,0.10645311749501822,0.26417824058898476,train,False,2365
3,400,c,0.06013678043338835,0.06013456117642447,0.06878035920271205,0.0747005231686218,0.0747010821906801,0.5376437696356766,train,False,2365
4,400,d,0.007384427219638584,0.007384530053018428,0.0070036750422577485,0.014209619469578706,0.014209448780591476,0.04624471963250187,train,False,2365
5,400,e,0.25156146547076524,0.2516750751103254,0.31962633477456187,0.15017430997982004,0.15016574630950147,0.32497929378458756,train,False,2365
0,100,c,0.06715272550759342,0.06713506652707114,0.09033260735815608,-0.08247628478817574,-0.08250750854813575,0.48684262323467564,train,False,2366
1,100,d,0.004758381699584544,0.004758543539104483,0.00533802321176172,-0.021321663027622898,-0.021321847995090674,-0.020633610306867247,train,False,2366
2,100,e,0.20960744796225556,0.20959829412740064,0.2684313560279631,0.1329830160154772,0.13297308791591006,0.2807271795142709,train,False,2366
3,400,c,0.060973682877046465,0.06098159723229983,0.07688955429989047,0.08557351955671848,0.08557486558158062,0.7984281664806906,train,False,2366
4,400,d,0.004265075426709626,0.004239640049479441,0.005216515991158418,-0.004395190747589446,-0.004399507425254452,0.0254620480393557,train,False,2366
5,400,e,0.18826967591167817,0.18825877369563945,0.2934593055164154,0.15340181369698222,0.15338544383472844,0.29234836237268175,train,False,2366
0,100,c,0.07154271765567899,0.07154590704472785,0.09887477502620336,-0.10337188815009561,-0.1033747003965452,0.1411570253559814,train,False,2367
1,100,d,0.011112478389125406,0.011163963600551321,0.008228394117306729,-0.003572102037446783,-0.003576863244733879,-0.0006206594525327524,train,False,2367
2,100,e,0.2418284004886837,0.2417030542136471,0.28599163441540676,0.024234168695589916,0.024228923334632314,0.4681215324187638,train,False,2367
3,400,c,0.07035267339010645,0.07012520203694246,0.07976977922060294,0.09944866870729968,0.09945388016368355,0.5922972254756357,train,False,2367
4,400,d,0.018143990832929394,0.018102684324967356,0.00608819943480508,-0.0001971110509816576,-0.00021085358760986495,0.07686626918194722,train,False,2367
5,400,e,0.15847232853214435,0.15996184449545126,0.2493683649320632,0.16132812155138238,0.16153790823886768,0.2750714400788982,train,False,2367
0,100,c,0.05549197354041614,0.055491183458211475,0.10146253878958332,0.004168887638633336,0.004167438353964599,0.5985336199209658,train,False,2368
1,100,d,0.04194288271073266,0.042177055537620495,0.00822936804838379,0.021619493523923658,0.02197180879877811,0.08662863573897608,train,False,2368
2,100,e,0.25173294227779297,0.2930428942119591,0.2859495121662318,0.127396424879799,0.1402648198353132,0.2967426147831045,train,False,2368
3,400,c,0.05563255765722766,0.055631347434744474,0.09284706635288066,0.00827707925997089,0.00827582900103451,0.41535130899090256,train,False,2368
4,400,d,0.005441824273122064,0.007840658921671123,0.005991468949771024,-0.0072491905688920255,-0.008371993425831779,0.006486442334833047,train,False,2368
5,400,e,0.17403988421675354,0.17663919879092693,0.23563289850679084,0.147527989092927,0.14705037248564176,0.33291612059319925,train,False,2368
0,100,c,0.06115766970016215,0.06116066274196919,0.06517316811286769,0.07012544716487171,0.07011380201769925,0.6832308067225918,train,False,2369
1,100,d,0.03186807084506932,0.031878566831439394,0.01583765698625555,-0.007746707210549957,-0.007750847714051759,0.05513577922213589,train,False,2369
2,100,e,0.2827344537571328,0.28272643819167537,0.1918614074722819,0.06802162866017064,0.0680095052472064,0.26524954159398595,train,False,2369
3,400,c,0.063770743909968,0.06376953156032932,0.08244307960463296,-0.0030156684949341895,-0.0030191921087811837,0.6199167163336905,train,False,2369
4,400,d,0.0040619115885847466,0.004065278725068214,0.003433539883096783,0.008530638199701937,0.008528847425566699,0.03323328528060165,train,False,2369
5,400,e,0.16694330576320027,0.1669584453393637,0.2572049585122244,0.1644514932111546,0.16444867396235524,0.3238493540525324,train,False,2369
0,100,c,0.1432481093582704,0.14323543952734327,0.09909378374169045,0.17006520505592548,0.17005487310539763,0.6239307861310475,train,False,2370
1,100,d,0.00903703429905349,0.008872804417963573,0.012974114097154993,-0.023200441157021603,-0.023216270870505547,0.024685006697998252,train,False,2370
2,100,e,0.18692490742469128,0.18693444876628137,0.26191337585593594,0.14682665181316473,0.14681860710232883,0.2923644847046118,train,False,2370
3,400,c,0.10466438191559474,0.10473347030533388,0.10606601109398212,0.032251958535478735,0.032219324470427115,0.255728959792316,train,False,2370
4,400,d,0.008503123996199085,0.00850542080183742,0.005644955865165888,0.00968860628611976,0.009688245461481202,0.1476805823829551,train,False,2370
5,400,e,0.1547428292851775,0.15473167726081063,0.2901722693475221,0.16212870448045905,0.16212343935656023,0.32368134999724346,train,False,2370
0,100,c,0.2591707828976887,0.2592172703123289,0.1578360850952955,-0.06345493655235117,-0.06348169639981827,0.8265201655293168,train,False,2371
1,100,d,0.011665545613978931,0.01167340201370769,0.008603783856976507,-0.005866213306964614,-0.005868332357164512,-0.001559558918223498,train,False,2371
2,100,e,0.1749880441769193,0.1749822354698199,0.19551154164690882,0.1409041878232904,0.14089666510096463,0.4005976756247045,train,False,2371
3,400,c,0.06715804676179389,0.06714562089621932,0.09916389932599376,-0.05440112516614711,-0.05445138149970056,0.30141542202031163,train,False,2371
4,400,d,0.008395469823544605,0.008431185107970035,0.007514048730135115,-0.0028031654179706145,-0.0028053706257631108,0.04202050515056874,train,False,2371
5,400,e,0.18587974947888233,0.1858879575703166,0.311169017065932,0.1493503539696541,0.14934293775171376,0.3425382175112855,train,False,2371
0,100,c,0.06362499212468192,0.06362536471123,0.06350715062588747,-0.10699739371584954,-0.10702423830272707,0.5381950508850131,train,False,2372
1,100,d,0.004071219816101623,0.00407003282381553,0.004827609302538113,-0.007895740408959356,-0.007895607593671557,-0.0011480953298806896,train,False,2372
2,100,e,0.16082799611530468,0.1608190719366063,0.2696625298752926,0.15306492449731238,0.15306312652396883,0.3680738239374925,train,False,2372
3,400,c,0.07366855580469243,0.07367708729068094,0.08034531012410026,0.07317659335355771,0.07317472188221977,1.097526027038225,train,False,2372
4,400,d,0.02292120988530334,0.022926282029215348,0.006682418496375681,0.007514130193056481,0.007513382621515827,0.14162600588675894,train,False,2372
5,400,e,0.1664908010448012,0.16644878923090797,0.2606296878970408,0.15059170349697878,0.15059307480577366,0.31576566010248436,train,False,2372
0,100,c,0.11086760447048555,0.1108624516823964,0.11242495035715491,0.06098031549136657,0.06096827197898975,0.6271426255795405,train,False,2373
1,100,d,0.012213869094157694,0.012214217764069302,0.010130895688168886,-0.010431582912996831,-0.010431725768414939,-0.009394146991030503,train,False,2373
2,100,e,0.2368499144646761,0.2368479442353494,0.338569095177423,0.15465322916172583,0.154636106815529,0.27213368698955775,train,False,2373
3,400,c,0.0514456238517893,0.05408133933432288,0.07556763649577294,0.02422897738382517,0.023492304501840807,0.5500619267507978,train,False,2373
4,400,d,0.009195835031849668,0.009188153141841637,0.010692581073057105,0.016439083403002677,0.016438539346045184,0.11227251945954855,train,False,2373
5,400,e,0.20423452366175518,0.20417382135506082,0.2980248933478667,0.1962590918952143,0.19624931891158995,0.3183442891204227,train,False,2373
0,100,c,0.04314679167132076,0.043145560939533256,0.07300079296361328,0.08586116797883599,0.08586045959163684,0.7450988911258669,train,False,2374
1,100,d,0.009466237472686972,0.009466679579912153,0.013250333056371693,0.00040302476395826404,0.00040278743456548585,0.046515880708364626,train,False,2374
2,100,e,0.21771653819154807,0.21767763597271542,0.2968179742365862,0.17054949966925137,0.1705397152387433,0.282962299235502,train,False,2374
3,400,c,0.06172053569426797,0.061816671551308655,0.08245628099427538,0.060346817505408906,0.060314045215282594,0.6957757657319058,train,False,2374
4,400,d,0.006091945566668882,0.006092103383376654,0.006891537375891029,-0.0031988823383672306,-0.003199337108688489,0.013874530049284779,train,False,2374
5,400,e,0.20142830996153405,0.20146339670269162,0.31893358655901394,0.1878522338295101,0.18784583780548075,0.27139845466108153,train,False,2374
0,100,c,0.13225952258430143,0.13227072187083005,0.07401154198831333,0.12035167557370095,0.12033819137270463,0.8965973018390204,train,False,2375
1,100,d,0.00839691434147953,0.008396809682140863,0.007012633813431261,-0.006955292053841618,-0.006955055759853863,0.15599458899474003,train,False,2375
2,100,e,0.15898356858383245,0.15914956016357937,0.23372427877103508,0.13156714525561625,0.1315509692667586,0.26773415244968435,train,False,2375
3,400,c,0.058042542336108484,0.05805260649950693,0.07349196224134101,0.03964723025579005,0.0394657740246339,0.6274385419367902,train,False,2375
4,400,d,0.0053520725780455535,0.005352111891696288,0.006445730907137363,-0.02034032708511372,-0.020340808834423213,-0.015356260891813545,train,False,2375
5,400,e,0.1413307165694569,0.14131990616728796,0.19757803198008322,0.1355402108804541,0.13552732072367846,0.3079822477133106,train,False,2375
0,100,c,0.06454093900791871,0.06454523528692194,0.06732322458554066,-0.014956602533332416,-0.014966178365827787,0.422396161010782,train,False,2376
1,100,d,0.006999362565442019,0.008454540462700508,0.007086164811693416,-0.011761943306516934,-0.012896440576366608,0.07117616967381264,train,False,2376
2,100,e,0.2022645912411389,0.20226896601283362,0.33138112893897537,0.11265305828718142,0.11265047641834051,0.27427956247783875,train,False,2376
3,400,c,0.057835008618164235,0.05783231711920375,0.08920234416889647,0.04252166949819291,0.04251918055332119,0.6774986786032505,train,False,2376
4,400,d,0.0043686794387093756,0.004368738771268941,0.006648980561634861,-0.007962945260812936,-0.007963094629866241,0.04285468723204197,train,False,2376
5,400,e,0.16970045324524002,0.16966649492637242,0.224623654512498,0.14286929136981488,0.14285345405868521,0.3117440381762702,train,False,2376
0,100,c,0.059595954895986125,0.05996559422478204,0.0844630044741726,0.06763346806390004,0.06770049598971327,0.442540768390608,train,False,2377
1,100,d,0.011046959996388652,0.019676222958394118,0.015744410162088072,-0.013506667112751032,-0.019641482939342935,-0.00646569109756296,train,False,2377
2,100,e,0.1956360523010829,0.19564192157493385,0.24906466968493823,0.14930661397964912,0.1493000916018699,0.27622510774394604,train,False,2377
3,400,c,0.054253750430431395,0.054298217833762,0.08954938867300066,0.0540864328893295,0.054026455447848745,0.6162370400337536,train,False,2377
4,400,d,0.007267611413241258,0.007267495928981233,0.009398285797809885,0.003366284045879642,0.0033665172900175476,0.17380314755174026,train,False,2377
5,400,e,0.1887405103567783,0.1887429680971608,0.26133451341089653,0.1612716805813425,0.16126089910176591,0.3129685720909011,train,False,2377
0,100,c,0.09546990868929724,0.09565436164674679,0.10536698751036645,0.11733850176926972,0.11730845508464575,0.4701431990941068,train,False,2378
1,100,d,0.03392795517689192,0.03389489973440688,0.01939579168608647,-0.0013179618574360498,-0.0013246952503873821,0.10870073810090826,train,False,2378
2,100,e,0.22107219657549565,0.22108656505291066,0.3126684751642033,0.16510863422851194,0.16510096917374406,0.3542983086116187,train,False,2378
3,400,c,0.05926658978032127,0.05926109662999757,0.09840575047959683,-0.004433796120525813,-0.00448977678126056,0.3231541396098247,train,False,2378
4,400,d,0.005881940640357905,0.005879206715615231,0.007773887668672215,0.009030509798204456,0.009031487587491399,0.11796675730021296,train,False,2378
5,400,e,0.1688558500534383,0.16884159881758248,0.254326911798672,0.1802789965058844,0.18027105846907035,0.4382249581857201,train,False,2378
0,100,c,0.06711556262334323,0.06713689546476771,0.08901983309920934,0.049486283514580766,0.04946872893334486,0.7193116055662919,train,False,2379
1,100,d,0.006924152750910565,0.006924332244388938,0.007774020921280053,-0.012957214973405762,-0.012957583983811638,0.059386773417896596,train,False,2379
2,100,e,0.20593903889605475,0.20594229486811286,0.30006207731434875,0.1119225187568226,0.11191269574136058,0.3276372217688725,train,False,2379
3,400,c,0.05818105308582632,0.05837276294936121,0.06959935826141479,0.055215024701789586,0.05518794986821142,0.3559438384336371,train,False,2379
4,400,d,0.006500910247852966,0.006501117344796949,0.005706665427642676,0.008511615870456027,0.008511277041563651,0.036104800148275266,train,False,2379
5,400,e,0.18215082316645326,0.1821540471724847,0.2803612491947632,0.1563736075331258,0.15636042590303065,0.3457104180943691,train,False,2379
0,100,c,0.11241617502279908,0.11242637476767245,0.12197331735783354,0.1134133679142159,0.11337686712442682,0.8231915943801557,train,False,2380
1,100,d,0.017449033473506036,0.017439992476491167,0.0069842005123731486,0.027959689335655485,0.02795494167352551,0.04891108151071027,train,False,2380
2,100,e,0.2725700592705475,0.272562231144123,0.2814551079807984,0.06480300059723809,0.06478129138464787,0.2623677741603327,train,False,2380
3,400,c,0.07118605176483983,0.07117780843739077,0.0760879177184405,0.10907458454767642,0.10906998896790135,0.5840403560074883,train,False,2380
4,400,d,0.006640495844716404,0.006827924499589624,0.009390397243694894,-0.009236209662896826,-0.009384735501067514,0.048101186069116224,train,False,2380
5,400,e,0.18055980849108658,0.1805915529619774,0.2470270865886218,0.1439610458079833,0.1439555499490713,0.3238660193329285,train,False,2380
0,100,c,0.0886783999243717,0.08846263763086219,0.0770969510300889,0.15770595670360066,0.15769767857364755,0.7294682732809069,train,False,2381
1,100,d,0.008050201851299203,0.008050155324357856,0.012605250810770092,0.0446774266005764,0.04467700571546319,0.10582518916623343,train,False,2381
2,100,e,0.2182231482911553,0.21818804347137777,0.2693130367131774,0.11442290057284062,0.1144129390381216,0.25098831659376536,train,False,2381
3,400,c,0.06338010915387804,0.06366506426777217,0.06183427028130629,0.0679871852140485,0.06779321466215947,0.8128849253252868,train,False,2381
4,400,d,0.008448251654502857,0.008467883235521237,0.008578689631329312,0.0031425478683113363,0.0031323579345244037,0.11141096739785844,train,False,2381
5,400,e,0.18273971939907555,0.18273355769346886,0.25223554464055925,0.1450740534092617,0.1450678358405761,0.39823433807259256,train,False,2381
0,100,c,0.0467150779085483,0.04671626799519223,0.06755489464097,0.01121815882118014,0.011204220453067393,0.8515309340406872,train,False,2382
1,100,d,0.004287466094437739,0.0042876009776592495,0.003786828514394523,-0.014989677755280316,-0.014990131916388413,0.028894937689932974,train,False,2382
2,100,e,0.12777046907755257,0.12777224501342185,0.23464506564132667,0.12893843316716094,0.12893712303525384,0.3093271408733176,train,False,2382
3,400,c,0.07073779792723968,0.07074807016189401,0.08110995574942166,0.14057700276867124,0.14056322671942767,0.5516276433520148,train,False,2382
4,400,d,0.013748989715319208,0.013751135699427864,0.013914040441113105,0.01444926602493828,0.014448071284939435,0.09095522156601422,train,False,2382
5,400,e,0.18963363547893383,0.18964887710668774,0.25303506895140115,0.16863529051924164,0.16862792879714003,0.29688835443767403,train,False,2382
0,100,c,0.1314016747110731,0.08612429388542325,0.08281018893349903,0.059973222647209355,0.06804118546929906,0.3851756106630028,train,False,2383
1,100,d,0.005692322446894469,0.005677667104918441,0.007141670693892167,0.006076352224941797,0.006074384766136607,0.03906390420531917,train,False,2383
2,100,e,0.2551480169173055,0.2551514844059235,0.27603948161962455,0.10015264084579417,0.10014793301683643,0.25029119773630365,train,False,2383
3,400,c,0.052489077565715185,0.052488778639015916,0.07293576742541648,0.0711312014218582,0.0711278411483358,0.5604715133874827,train,False,2383
4,400,d,0.004713870069609787,0.0047138401192484474,0.004930464729362672,-0.0012348706032200773,-0.0012349710013950244,0.1277344583813917,train,False,2383
5,400,e,0.18527298679146229,0.1849427564282715,0.24972339200604005,0.1610470173159585,0.16404548431078614,0.31945506124669,train,False,2383
0,100,c,0.05777628939090535,0.11026212311337275,0.07430637957842198,0.03568878680520363,0.013229791947447538,1.0108596166262962,train,False,2384
1,100,d,0.039718628943528594,0.03972588925163894,0.030602066704633994,-0.02460122891551354,-0.02460429481862011,0.14821546155200846,train,False,2384
2,100,e,0.19497309540770463,0.19494924247930068,0.25930377221962714,0.10860701726120177,0.108616442372956,0.3280605944029744,train,False,2384
3,400,c,0.053997314449642494,0.09379846669564575,0.08643736533737406,0.06528443017842904,0.04543147956324802,0.9489086314113644,train,False,2384
4,400,d,0.006695437882074551,0.006694370650144102,0.008403511218179333,-0.0034896530073417155,-0.003489096298864336,0.13811649943708681,train,False,2384
5,400,e,0.18190829727356245,0.18191419501510844,0.29552396383300317,0.16428619221727472,0.1642798077938909,0.3430574242059826,train,False,2384
0,100,c,0.061753724773427596,0.06176928156663894,0.06464316815276072,-0.0350270046073949,-0.035033878930733946,0.8307907973888362,train,False,2385
1,100,d,0.040485562652740587,0.04048409678746809,0.02784336246865465,0.006971795367635227,0.006968669104644114,0.042955362224243884,train,False,2385
2,100,e,0.2909408338592821,0.2909450607469676,0.31749431772033604,0.07281642686533679,0.07280976587468821,0.34593968959135085,train,False,2385
3,400,c,0.06872336828991826,0.06874419840475919,0.0686282912161681,0.0891495592795802,0.08911888347364112,0.5996353124371556,train,False,2385
4,400,d,0.0052348566204930055,0.008858363406739886,0.008538860138282846,0.0015663355643029675,-0.0013614545413339664,0.06645998237303723,train,False,2385
5,400,e,0.16836686979363172,0.16841827479349955,0.24306013356523393,0.15232704512448372,0.152318271706936,0.3141162165036415,train,False,2385
0,100,c,0.05244616562286024,0.05243089052753163,0.13468396298654672,-0.037847099122984604,-0.03785994062322331,0.30263783870912037,train,False,2386
1,100,d,0.020736635728872806,0.020745955824300503,0.011734670473447657,-0.0073295591570384745,-0.007332097853867765,0.01884279723151476,train,False,2386
2,100,e,0.15327725278004686,0.14471438872770026,0.2611621335917075,0.12999244803906393,0.13837798569716703,0.260956339180377,train,False,2386
3,400,c,0.056629030594558954,0.056659009435621494,0.08907046625215105,0.060567318542009904,0.06053336220906531,0.9152051155252491,train,False,2386
4,400,d,0.018594465927492344,0.0186339322813204,0.007012348066881442,0.002098315945784339,0.0020876059984402317,0.01986809643828007,train,False,2386
5,400,e,0.18497582097468934,0.18517142588414587,0.273152891907569,0.16174067785383514,0.16172241598438994,0.3241808792582458,train,False,2386
0,100,c,0.06012400567576875,0.0601278817354415,0.05804551000825477,0.033627215937376324,0.03362111218171251,0.4337692377268304,train,False,2387
1,100,d,0.01950442260378356,0.019463288634416084,0.009904355073806916,0.015663211566785656,0.015660853915831476,0.020376171867415388,train,False,2387
2,100,e,0.26582707812137873,0.2657783559995921,0.3150649886627922,0.09095981048484646,0.09095445218441285,0.34283339035654947,train,False,2387
3,400,c,0.05582411518083022,0.05582108319305323,0.07630045959706205,0.04163590012194341,0.041632912659134574,0.69703310347645,train,False,2387
4,400,d,0.0044175865142713705,0.004429801024531543,0.004683362141448924,0.0131144365105534,0.013108946468948198,0.059440826059140243,train,False,2387
5,400,e,0.19210673453636837,0.19208084450725035,0.2763744313372725,0.15739924733300995,0.15737439466249611,0.5371848235715793,train,False,2387
0,100,c,0.0518050717190031,0.05180154953266123,0.0868338502617475,0.016158889279995634,0.016148602670822285,0.48273864683050705,train,False,2388
1,100,d,0.004669493221995725,0.004718060975759157,0.0037415522164840407,0.008548989267888203,0.008640635085626869,0.10019753891653327,train,False,2388
2,100,e,0.1523202658051964,0.1523144091762495,0.25068122573892354,0.10252786904062604,0.1025215086303517,0.2985970019150064,train,False,2388
3,400,c,0.0591909942688639,0.05921114536188904,0.07852691472969861,0.06910801236362098,0.06908443773515636,0.7985245603077971,train,False,2388
4,400,d,0.006171087333310224,0.018249871683512404,0.008531147818839376,-0.0024973055462399253,-0.007062235710476781,0.08470810083235575,train,False,2388
5,400,e,0.17671666187349763,0.1767288780320592,0.29060367117523717,0.16509096229457473,0.16508402856733123,0.29369168323430217,train,False,2388
0,100,c,0.09398613374707335,0.09398387642411542,0.13618534977467647,-0.0968333752177007,-0.09683231589256792,0.7443628734805062,train,False,2389
1,100,d,0.005192040390900641,0.005192002350146079,0.005220889422169816,0.01602905647625187,0.01602883697225254,0.12402347325598549,train,False,2389
2,100,e,0.16250293431545498,0.1625045044915336,0.2429316737283693,0.1355950625469022,0.1355846021335624,0.3145812058263759,train,False,2389
3,400,c,0.0598457893028936,0.059831799175995994,0.08094388155634397,0.01896357083036378,0.018957703577710917,0.5460572454721,train,False,2389
4,400,d,0.0055028530503429375,0.005503301331478051,0.004768472361094114,0.008439635552067948,0.00843913360851042,0.1569153558934614,train,False,2389
5,400,e,0.19570884365576546,0.19570135743394412,0.3106200474243294,0.18320311206576495,0.18319565803672827,0.28134387039115744,train,False,2389
0,100,c,0.15596601577283725,0.14952030834919655,0.07771341562320906,0.02586181523148255,0.023793188564020584,0.877416584250798,train,False,2390
1,100,d,0.013242979740097163,0.01324308860245068,0.012432603950232815,-0.02821825486954106,-0.028218806925680174,0.03576422031311049,train,False,2390
2,100,e,0.2462807602317671,0.2463385557910321,0.2809674648201065,0.07576185384419588,0.07575383687649634,0.3199084146827326,train,False,2390
3,400,c,0.05883391411919803,0.058834781664967126,0.07793234268880916,0.08481086979642286,0.08480940698611136,0.6520218142990087,train,False,2390
4,400,d,0.0066064169674348115,0.00660469880487828,0.006365230490709627,0.009618216439558598,0.009607085203290176,0.0936159600688592,train,False,2390
5,400,e,0.18145464713030857,0.1814452954258314,0.29173010661721943,0.17854017891733195,0.1785358487239793,0.32622385211581284,train,False,2390
0,100,c,0.0820487385409079,0.08205209956727062,0.08161764435971673,0.11950826816636856,0.11949635652571872,0.8493697812155725,train,False,2391
1,100,d,0.03064185645896518,0.030636029071694368,0.0112664685757839,0.03471804537604504,0.03471453273266979,0.08329873453695905,train,False,2391
2,100,e,0.24651959946583657,0.2467371184136563,0.2886503800794075,0.17634050701301754,0.17633419703804484,0.2576592719059682,train,False,2391
3,400,c,0.06618876282356388,0.06616431744026394,0.07255913187114364,0.06050757923352926,0.06049875033628929,0.28746373304763423,train,False,2391
4,400,d,0.006418608272996119,0.006419555231117046,0.0072838040213258,-0.016565841978896163,-0.01656781385279926,0.006098231161129899,train,False,2391
5,400,e,0.20402577559338508,0.20401460163551044,0.27919247928121693,0.15821288087856408,0.1582055172692774,0.35604442445106677,train,False,2391
0,100,c,0.05911408753971543,0.05910352934880558,0.14613431440852082,0.03729721900865293,0.03731664988576405,0.49475574215807905,train,False,2392
1,100,d,0.008775321155870543,0.008775571339959442,0.007446976459058788,0.01678696921421519,0.016786478523453177,0.021768947622665777,train,False,2392
2,100,e,0.2497420581982961,0.24974961677366941,0.3609167249307308,0.13219821896284878,0.1321901414095044,0.34008092180349103,train,False,2392
3,400,c,0.06076192510057539,0.06076863160610225,0.0879760374136283,-0.027802404076936897,-0.027801104879718395,0.5302431719073468,train,False,2392
4,400,d,0.006087711316305671,0.006087539441789098,0.007500168583319209,0.006852834376278931,0.00685288913020015,0.09802106147930009,train,False,2392
5,400,e,0.1683583726089058,0.1683561094741874,0.2890216296628343,0.1588864767047927,0.15888927910731976,0.3073988355499704,train,False,2392
0,100,c,0.06085239838524315,0.10086957426103849,0.08407454330663139,0.10687689997109487,0.09493152193187505,0.9975841514549311,train,False,2393
1,100,d,0.0036432320447996663,0.0036427695194767907,0.005459253621075419,-0.013322961270410296,-0.013327491157074541,0.05947257075793513,train,False,2393
2,100,e,0.22802696068081182,0.2282599953912698,0.3095577536905347,0.1315099986185303,0.13150258949055554,0.34866543992143034,train,False,2393
3,400,c,0.10256307833885948,0.10145849086464322,0.0853732467299214,0.030829338150659212,0.03078148069478097,0.36500565248801914,train,False,2393
4,400,d,0.009023865881873483,0.008797735095370551,0.005204215618887863,0.0068075342495106566,0.006635548661598243,0.10199618642343143,train,False,2393
5,400,e,0.17001277790340413,0.17001669499989722,0.27925879744703835,0.1647101670766556,0.16470559730901227,0.37800114155404196,train,False,2393
0,100,c,0.10316480728423244,0.1032343550368216,0.07945018398377707,-0.011972109916060845,-0.011979179610548627,0.2678473846207068,train,False,2394
1,100,d,0.012426250084036798,0.012141450952343811,0.015438786692682433,0.017380551953589302,0.017396297544848362,0.08644858998850159,train,False,2394
2,100,e,0.18107032337585086,0.18106859660760288,0.2755675809146818,0.11330660793525653,0.113296725944722,0.33859587434939853,train,False,2394
3,400,c,0.06666364698549114,0.06668960430885272,0.07197714627459119,0.0550781405342601,0.055050507526949274,0.41825005012222194,train,False,2394
4,400,d,0.010950985751968957,0.011050207857118998,0.007976515559770829,0.010082267358692257,0.00963912110208657,0.12729588853260174,train,False,2394
5,400,e,0.20419273261785226,0.20506163504271072,0.2640837350440235,0.15305470062078022,0.15387915231613236,0.33186405575213757,train,False,2394
0,100,c,0.05407071628936124,0.05419031933398286,0.05783669943227472,-0.01675524062602477,-0.016821301173355892,0.8057941106097937,train,False,2395
1,100,d,0.006855816667909219,0.006866662068771416,0.011625393167033293,0.011626633257061343,0.011617015892020249,0.050598124609843004,train,False,2395
2,100,e,0.20699066260190457,0.20698867513138058,0.28444453384356255,0.17099179501622108,0.17099499340293708,0.2990129136678777,train,False,2395
3,400,c,0.0509117221805478,0.05096767702526062,0.07543836138691982,0.05267995095489319,0.052623137500587946,0.44988796308880125,train,False,2395
4,400,d,0.006587887693107381,0.006586613231512961,0.008059756408258775,0.0015919400259540063,0.0015927782570836512,0.11749696572049341,train,False,2395
5,400,e,0.19469721049514244,0.19470411550459704,0.3040027756749599,0.15551770896665987,0.15551225066289007,0.31728395470890747,train,False,2395
0,100,c,0.05829715552657509,0.05829628261673723,0.07592294703064499,-0.11682276208776365,-0.11682320735606397,0.370826042974725,train,False,2396
1,100,d,0.0042460884818815185,0.0042462015203241655,0.003726396238529701,-0.036909172668180085,-0.03690963337906546,-0.015664939673004277,train,False,2396
2,100,e,0.15837863040842362,0.15848531652216194,0.2696336174517555,0.09275468691440435,0.09276094827330614,0.4021471425117268,train,False,2396
3,400,c,0.047017660239633934,0.06525631590296692,0.07552538312046052,0.0737205017931715,0.06786431545910623,0.8348554408144448,train,False,2396
4,400,d,0.004156039733000947,0.00415606689820167,0.004745830076494099,-0.018883287766549,-0.018883909192173986,0.011492354631242404,train,False,2396
5,400,e,0.1647336395533557,0.1635464241291178,0.27132599268473145,0.14964698877714852,0.14961049607619095,0.3128881533653135,train,False,2396
0,100,c,0.20601834893402426,0.11515329481418196,0.12311489253452923,0.04656655776495633,0.06837427120755478,0.2944170599059595,train,False,2397
1,100,d,0.017671339438569487,0.01766943229671947,0.012416819835990953,-0.005181626593775839,-0.005187161436742258,0.09674168006560883,train,False,2397
2,100,e,0.22585663015106022,0.2275805903663976,0.28528898193064184,0.11112298522308485,0.11108393614955751,0.31067613564168645,train,False,2397
3,400,c,0.06568478583459109,0.06566868064496546,0.0756454230401812,0.03316366348792528,0.03309577984984131,0.9748299816729262,train,False,2397
4,400,d,0.006048969266580159,0.006036185017136879,0.006777573057497373,0.0029395100437948508,0.0029380055004273944,0.031131568314134342,train,False,2397
5,400,e,0.18583356710132803,0.18577008847712445,0.2794817960345174,0.15109273485063773,0.15108892794350567,0.3583394586367362,train,False,2397
0,100,c,0.06111515695570066,0.061110102990972553,0.07306917170709992,-0.05964861769616413,-0.05964930331297559,0.5304740565117956,train,False,2398
1,100,d,0.013979792205896995,0.014313528545892535,0.008971625118258098,-0.0070685573734052196,-0.007198003931250608,0.0037292991935457386,train,False,2398
2,100,e,0.22959629333108886,0.22959974986193327,0.2923335897146825,0.09634001578467462,0.09632548407940746,0.2925899087170007,train,False,2398
3,400,c,0.06115381200223474,0.06115783937630558,0.08003610204084931,0.07062280083628408,0.07061791870142145,0.534678196169065,train,False,2398
4,400,d,0.007221318526229934,0.007207574994547737,0.006800636385978364,-0.00047498644578878316,-0.00048772448387804704,0.035499590283876635,train,False,2398
5,400,e,0.18844824268099863,0.1882524866610087,0.28095786109988635,0.1510391942446141,0.15103737350383037,0.42311644812489874,train,False,2398
0,100,c,0.050675971296963385,0.05067535133870451,0.07815429453184844,0.010066166632528706,0.010063817034683212,0.3967667357285183,train,False,2399
1,100,d,0.006317353747085229,0.006318144188863814,0.006061748583849523,0.0075680591269235015,0.007567432212944638,0.10141190914305281,train,False,2399
2,100,e,0.20705318276247422,0.2147137232121307,0.2613507979735285,0.1706062569228017,0.17241278807435215,0.32344880668933046,train,False,2399
3,400,c,0.07831349127930266,0.07561105733145394,0.07471679113024728,0.04400832737884905,0.043020988207197845,0.7909856750493212,train,False,2399
4,400,d,0.00936109946783076,0.00935719022986039,0.006455366562598241,0.007337758775356544,0.007337273432711307,0.023534430783566603,train,False,2399
5,400,e,0.20159757270365275,0.20162920545969842,0.25162582682071294,0.13308608397658206,0.13307810965793976,0.32448892173462196,train,False,2399
