,n,experiment,MSE_misspec,MSE_NPMLEinit,MSE_NPMLE,SURE_misspec,SURE_NPMLEinit,SURE_NPMLE,data,NPMLE_lower_SURE,seed
0,100,c,0.1363851523841923,0.13666321322009514,0.07903407233207443,0.12618210556145912,0.1261619248059705,0.41901024623043837,train,False,1600
1,100,d,0.014631790325433335,0.014633452784433914,0.00855143067266039,0.004597540260963662,0.004596926161841992,0.09814252001646695,train,False,1600
2,100,e,0.19413204001617004,0.19414318610682585,0.2733592306512481,0.21260969938764349,0.21260296692927255,0.33553382891244143,train,False,1600
3,400,c,0.07935359677606954,0.07929239034334153,0.09301357807037385,0.08111901136281795,0.08111331756261649,0.9516641692099885,train,False,1600
4,400,d,0.006362682571724499,0.006358344795788892,0.007276081036383888,0.005340368741033394,0.005342448805180275,0.08146229015288778,train,False,1600
5,400,e,0.16652178659126513,0.16648572180564225,0.2784651918696841,0.18132798888842128,0.1813186124291163,0.27911275961688,train,False,1600
0,100,c,0.10910814477188557,0.10904585852046839,0.13707575886080847,0.0924028604330217,0.09240348063346794,0.7265716320950267,train,False,1601
1,100,d,0.014871120932005875,0.014870821110671263,0.014392538064886084,-0.025597180171950153,-0.025597708351298216,-0.025457672830865904,train,False,1601
2,100,e,0.1732805109924924,0.1732647563814761,0.16170491595680805,0.13188453793565985,0.13187947219043622,0.2894524037457537,train,False,1601
3,400,c,0.06950571395766404,0.06950654045661267,0.07874165198326238,0.09568593750504178,0.09564634911221916,0.6150576472836113,train,False,1601
4,400,d,0.011218469255218659,0.011194945167518034,0.009935605087305361,0.01014166317730048,0.010132138840617292,0.06579874029140212,train,False,1601
5,400,e,0.2078049200338183,0.20781325804821227,0.27147219483296486,0.19049368053221924,0.19048311570940551,0.39239481857752057,train,False,1601
0,100,c,0.21457147934285203,0.21457864057499493,0.11906159388519517,0.1369220052108554,0.13690661646963206,0.4198984948735406,train,False,1602
1,100,d,0.006877850343714824,0.006887049712866542,0.007299147840305662,-0.003209835191285357,-0.003216825615384504,0.11501687190325718,train,False,1602
2,100,e,0.21322174735572458,0.21153821562829267,0.2179204636710153,0.09831446131588123,0.09768851430493314,0.3818452130701415,train,False,1602
3,400,c,0.052941707464025704,0.05294555120349367,0.07489148503426382,0.050545257492773533,0.05054722348654714,0.46219710928963464,train,False,1602
4,400,d,0.00742255370778657,0.007423358499017222,0.00873350901772342,-0.0016458440756092329,-0.0016463290062950265,0.07454177191962204,train,False,1602
5,400,e,0.1929616106827963,0.19297249394805738,0.27818512290204195,0.1577201643746002,0.15770599980952635,0.3112478200285239,train,False,1602
0,100,c,0.05719870676928227,0.05719869048322395,0.11002954409913089,0.06039427859860183,0.06037894746964909,0.8141054585560045,train,False,1603
1,100,d,0.010384410281495653,0.010384667992685113,0.0059753209981471,0.016036852085075992,0.01603620599468682,0.03697486363452029,train,False,1603
2,100,e,0.32795759535217994,0.3279399449535271,0.37552017276761307,0.06102038868286499,0.061027064048436656,0.3758497259236215,train,False,1603
3,400,c,0.06118580971683603,0.07446495050498354,0.07796683199083704,-0.001136809567663022,-0.0092845358624362,0.9768335323078893,train,False,1603
4,400,d,0.004492746015506948,0.004492878156941614,0.0038721885022141933,0.010002887218968547,0.010002599748692163,0.18287308859825407,train,False,1603
5,400,e,0.21648662416667874,0.21650875679855336,0.27137165536613683,0.13949443759162633,0.13947498001143394,0.32554607918006334,train,False,1603
0,100,c,0.08354795486813395,0.08358775800583058,0.09667698066406306,0.056813219105689115,0.056798188048960155,0.746348005617289,train,False,1604
1,100,d,0.015737954787127285,0.015751576311378045,0.017358047004647333,0.019863094559635145,0.01986179387536005,0.0323159005029358,train,False,1604
2,100,e,0.17893965712311366,0.1789364525374857,0.188130664165634,0.11429402575056515,0.11429363653443225,0.3406358075971064,train,False,1604
3,400,c,0.05675161563175771,0.056749149620075975,0.08596015096548999,0.02666384096396918,0.026660170258817856,0.47822095731691533,train,False,1604
4,400,d,0.03681772630251641,0.03684707962688999,0.00854427611333937,-0.0013561362990049375,-0.001362110049861105,0.008625820808308404,train,False,1604
5,400,e,0.17425493739172515,0.17425932095624008,0.2804332085086001,0.17778644751694125,0.17778041000654576,0.3081921009687494,train,False,1604
0,100,c,0.12653837595788606,0.12655227670098557,0.16626958718121318,-0.047762923250496386,-0.04776748585735128,0.44137605679630937,train,False,1605
1,100,d,0.004999092494542443,0.004999069164310074,0.005182624529899807,-0.02287139401334354,-0.022871911641588447,-0.018376569615947903,train,False,1605
2,100,e,0.19091510362710817,0.19090994081239507,0.24864327981356615,0.10009912569843955,0.10009495397132298,0.32622070757338334,train,False,1605
3,400,c,0.04674037849303776,0.0467391204382573,0.07961304947976718,0.04740965476032841,0.04741585944677709,0.6199723766421805,train,False,1605
4,400,d,0.004619119737050496,0.0045586039839998335,0.00623209764358595,-0.005791739362127686,-0.0058238086059363425,0.019829900960588703,train,False,1605
5,400,e,0.20563619212012965,0.20564159061266352,0.30808299992581484,0.1679897607834719,0.1679818161145399,0.3285398426320744,train,False,1605
0,100,c,0.07158199528889254,0.0715886702466001,0.0626377201534373,-0.03999377065953155,-0.04000355472894064,0.6850609406792677,train,False,1606
1,100,d,0.005856390491092663,0.010380715876623616,0.009576364288168014,0.00048171346117165115,-0.0016649825976717558,0.027895626555559473,train,False,1606
2,100,e,0.20519498637902853,0.20519844763650139,0.4012447844410041,0.16645151670769318,0.16644929929491972,0.4374295548789205,train,False,1606
3,400,c,0.06035019302306407,0.0603352286863615,0.0893213432030704,0.027577367611695394,0.02757765034956769,0.37806896483350655,train,False,1606
4,400,d,0.005736770501907437,0.005736629484240862,0.008079874330075183,0.005906986938142538,0.005906631089211523,0.0366682741405026,train,False,1606
5,400,e,0.1898897255562709,0.18987733724441838,0.25780037927487465,0.15593181971881337,0.15592667385825182,0.3178861462756977,train,False,1606
0,100,c,0.08985436173191827,0.08985395698361595,0.1391636044431195,-0.0640011831385742,-0.06400199170937007,0.4399839690420976,train,False,1607
1,100,d,0.0027838037682968715,0.0027838407454788723,0.002690132462985624,-0.03813937212496537,-0.038139813312055966,-0.02665945255730916,train,False,1607
2,100,e,0.1516528964155211,0.15164643854582313,0.16871224305455762,0.08057793950860759,0.08056799876103835,0.34621357772000116,train,False,1607
3,400,c,0.05958926330781122,0.0571230216763838,0.08996372200631014,0.05522327054715369,0.053872565244029,0.5173656819132083,train,False,1607
4,400,d,0.005079106269554449,0.005081304216855558,0.006597798802549115,-0.001571301018125748,-0.0015795907539265742,0.013793661723327286,train,False,1607
5,400,e,0.17017417782910033,0.17460785845605403,0.2921962638446857,0.1649679912286137,0.16630781394733637,0.31274930529608863,train,False,1607
0,100,c,0.17413886014508453,0.1734293730789083,0.1124924532782164,-0.003015701764272194,-0.0026342535643590994,0.7131713548027835,train,False,1608
1,100,d,0.035827238306759816,0.03698973829772575,0.019943156377866346,0.018543393368443687,0.018521010892988823,0.05686754961115339,train,False,1608
2,100,e,0.19873997530611384,0.19875179335363416,0.2973266651765656,0.0786653810540075,0.07866094945526492,0.553824610509862,train,False,1608
3,400,c,0.06340010057773413,0.06341416745048209,0.06677702173396942,-0.043408173315909834,-0.043432760092759114,0.8977295156863349,train,False,1608
4,400,d,0.00447369000450994,0.004474101014177021,0.0055685750541981,0.004549742557017212,0.004549732175392229,0.052570316724984405,train,False,1608
5,400,e,0.20686396135182367,0.20683627502156643,0.287170853181437,0.12308620641287873,0.12306096589764103,0.3509779768287345,train,False,1608
0,100,c,0.08534403676663029,0.085345634915383,0.0864551912800083,0.15253658365685696,0.1525299188497668,0.8412630897015606,train,False,1609
1,100,d,0.018899778308942124,0.01889977660809381,0.013209591125939725,-0.014144093944987191,-0.014145207449643813,-0.001192078558768035,train,False,1609
2,100,e,0.2008857085281497,0.20090031581823906,0.26020860870503454,0.15735538153431983,0.15734587184179916,0.2999356386164546,train,False,1609
3,400,c,0.05115110618648501,0.051151048972175275,0.08409301318422704,0.017100322920941765,0.01709886198148503,0.45618654670250774,train,False,1609
4,400,d,0.007578470440367582,0.008124326282172474,0.008511606419518362,0.016874107955242915,0.01642658743718771,0.1291403916681955,train,False,1609
5,400,e,0.20526944597783864,0.20531573372074338,0.23946460201234032,0.13585140816348848,0.13584443692984613,0.33849118238514664,train,False,1609
0,100,c,0.07553268651111066,0.07530519210358154,0.057089873970450726,0.09360318707083963,0.09359134968289126,0.7579440205707921,train,False,1610
1,100,d,0.004514808961531911,0.00451483004631546,0.005067543536850821,-0.024278808976066345,-0.024279383529926035,-0.02061521406395947,train,False,1610
2,100,e,0.2007077876640992,0.2007428259098788,0.20338872362889251,0.09847147932129723,0.09846475716881599,0.3289122017043975,train,False,1610
3,400,c,0.06046645094269881,0.0757661636341716,0.1124803119787313,0.04396203225155084,0.03778955770193051,0.5443908098725873,train,False,1610
4,400,d,0.00427522645859481,0.00428685599477624,0.004575724232663604,0.0019600509364717487,0.0019518483290112167,0.09667036901512152,train,False,1610
5,400,e,0.18961653167143078,0.18912675356920183,0.2545954402388755,0.15746449734718454,0.15740432650741418,0.3275541268116538,train,False,1610
0,100,c,0.0608010242597254,0.06080331914930606,0.09742687522800096,0.04832461396444586,0.0483213685437655,0.4236500495132967,train,False,1611
1,100,d,0.008952989492949924,0.01112542459681944,0.012054568508589816,-0.016350699949353002,-0.017533322452337963,0.011863008668959268,train,False,1611
2,100,e,0.2402513527151502,0.24026394975210952,0.2588560772775303,0.14252486046275686,0.14251603789686093,0.2665120681539579,train,False,1611
3,400,c,0.058675685899344306,0.05867184042426081,0.08051264066655918,0.026404555257760975,0.02640881607375391,0.7254929052587662,train,False,1611
4,400,d,0.02297988525431462,0.023016472539422725,0.006532593184982973,-0.01376917679514987,-0.013774910578608263,0.0008972105485957549,train,False,1611
5,400,e,0.176581219767096,0.17656040861548508,0.25783417130973996,0.1642870922248988,0.16427560847068143,0.30097575271677224,train,False,1611
0,100,c,0.053831004455831104,0.05381011895542888,0.0801027029839824,0.07054790988968819,0.07056353062096044,0.4700443035105759,train,False,1612
1,100,d,0.017067832629803364,0.017060395361927102,0.009418075691039906,0.02646689500351302,0.02645759279088891,0.13915827209385526,train,False,1612
2,100,e,0.23543018150407838,0.2303114487528717,0.39533853271709224,0.16165286318297334,0.16761994507596625,0.26926360224044993,train,False,1612
3,400,c,0.0800552313411382,0.08033534950433417,0.09032177354791593,0.034762415374149994,0.03466332335044385,0.9312061729453214,train,False,1612
4,400,d,0.01234096315143791,0.012340616171147628,0.009729368409445712,0.007258055024352892,0.007256947848445421,0.042837104876856796,train,False,1612
5,400,e,0.19092612294254166,0.19092665306827125,0.2248728903410985,0.15364233420866577,0.1536332693815465,0.34077472114202534,train,False,1612
0,100,c,0.04584042872312275,0.04584049340748054,0.09579298199239963,0.024158040506590765,0.024152985718146027,0.7716838234792566,train,False,1613
1,100,d,0.006277595912396145,0.006277893981170846,0.005523964783995773,0.00841368242089862,0.008413278046814767,0.1943273361257104,train,False,1613
2,100,e,0.1867142694700081,0.1867098124195057,0.27441767528485905,0.09262885034205702,0.0926209123387266,0.37225494528138325,train,False,1613
3,400,c,0.066716629795091,0.09404215666263833,0.0995724809982912,0.028996203870406773,0.010200745327801925,0.6667046033200625,train,False,1613
4,400,d,0.005975485606237243,0.005975203655279199,0.005787063950122335,0.013198540817110782,0.013198717502762811,0.09094449946706636,train,False,1613
5,400,e,0.1647743242651235,0.1648044552949756,0.26589213340176804,0.17613334251298027,0.176128604754956,0.3233340833740644,train,False,1613
0,100,c,0.08582223794933168,0.0858357402074224,0.09468561747277195,0.005800580088670841,0.005788012041362905,0.6737399331391817,train,False,1614
1,100,d,0.012838441188066388,0.012842761231438486,0.008321232018999763,0.02117110789367416,0.02116932784375722,0.09158723312095951,train,False,1614
2,100,e,0.19427497054717968,0.19428628027303144,0.24238856484023202,0.12255283520200638,0.1225491025345669,0.2518880746505883,train,False,1614
3,400,c,0.054240278463973286,0.054239516629530124,0.07160272787335102,0.009433666756547865,0.009426403924046837,0.3346325343126202,train,False,1614
4,400,d,0.013233931829275155,0.013152403915556452,0.01025849805861836,0.013466972845109098,0.013433588363686546,0.09810347568668319,train,False,1614
5,400,e,0.18804078168515154,0.18802532305411127,0.29780963411364186,0.18036604570075945,0.18035273552703396,0.32715040149142555,train,False,1614
0,100,c,0.1765156892519973,0.17666125545745281,0.1314115421967028,0.06009983880129099,0.060097533400046074,0.3364387222981442,train,False,1615
1,100,d,0.01461475413512315,0.014614520161038473,0.019727276662153615,-0.01310955749311038,-0.013110603922858318,0.048468454409828485,train,False,1615
2,100,e,0.19891442088460348,0.19849836933694973,0.2615625465850638,0.15688822652660256,0.15704025380294986,0.27086738548114025,train,False,1615
3,400,c,0.05598189298020961,0.05608563852373351,0.08442892213167025,0.046234956644217534,0.04619065793093988,0.44265021691482276,train,False,1615
4,400,d,0.005891737430719715,0.025512341996953635,0.009820681792827432,0.007837449185116849,0.00043574684578343795,0.07617807997215746,train,False,1615
5,400,e,0.1869356748989023,0.18693362649989553,0.23105413574394024,0.13361257417671157,0.1336031894791358,0.44544011786519067,train,False,1615
0,100,c,0.09595262808191557,0.09595356389099641,0.12259982039720306,-0.050311934458590314,-0.05031267326943287,0.09080593477480711,train,False,1616
1,100,d,0.005231666031598473,0.019028714219529515,0.006356464836581855,-0.0050167376567493704,-0.012935519927069806,0.11052233751651441,train,False,1616
2,100,e,0.1978026916646788,0.19780594405109464,0.22271408145401828,0.10431357599706587,0.10431054746896969,0.5868155158153247,train,False,1616
3,400,c,0.07960764410915692,0.07972799042123893,0.10738908927013634,0.06842959137942302,0.0684092503834357,0.535443959789282,train,False,1616
4,400,d,0.006109396745600765,0.006109552418282483,0.0071873411407521294,-0.006503031040632159,-0.0065032046160204615,0.012793165730214592,train,False,1616
5,400,e,0.1878076571441436,0.1877861953288374,0.26985840156341917,0.16536966071873951,0.16535404510402427,0.31377769237789765,train,False,1616
0,100,c,0.06910825570761547,0.09937920653930911,0.08304729615769883,-0.045618469839652606,-0.06707430952902349,0.4389481259797472,train,False,1617
1,100,d,0.015812040965993902,0.01581434992467015,0.004169763857046901,0.03479385185854127,0.034793016976828246,0.11615063135099987,train,False,1617
2,100,e,0.19610524963589257,0.19606359022023784,0.3337148125169309,0.1400646807585845,0.14006257310282835,0.3360013705902564,train,False,1617
3,400,c,0.07070202596938407,0.06757375735054759,0.08664811498310575,0.11581397205452718,0.11757677824006024,0.8647685507850568,train,False,1617
4,400,d,0.006934224461663243,0.006934424881799564,0.0055857734915590075,0.01086567331868988,0.010865250942760536,0.03740973581761167,train,False,1617
5,400,e,0.17130635075775896,0.17119063075842159,0.25927171486631884,0.17437677883864564,0.17436910394443525,0.3165220109570003,train,False,1617
0,100,c,0.09636481144131497,0.09636318492390507,0.146636064345045,-0.11536170521048007,-0.11536125983809555,0.3721511849679648,train,False,1618
1,100,d,0.0045988814470555636,0.004598837297275173,0.004725957875993723,0.00041674336818184446,0.0004162650833470849,0.028007160101269194,train,False,1618
2,100,e,0.19272089764848407,0.19272841571965543,0.281895615654267,0.13384592561661648,0.13383462177083488,0.2761776809808332,train,False,1618
3,400,c,0.06556718948748652,0.06312985587577911,0.08782766743498785,0.025744915716878296,0.027557069726076265,0.6103789984870328,train,False,1618
4,400,d,0.0057983461122642676,0.005798417111845084,0.005952731983543661,0.0027127276878390915,0.0027126315043638984,0.02092983613870654,train,False,1618
5,400,e,0.18837004696348936,0.18830961557657802,0.2338393417050605,0.15832083028556868,0.15830715115788443,0.3081004778935195,train,False,1618
0,100,c,0.05283680238325889,0.05284222282100861,0.0644706561648766,0.025180673239433772,0.025176662120731948,0.6814644151287168,train,False,1619
1,100,d,0.005130144882949014,0.005130122445215474,0.006625772136314122,-0.03992820170154331,-0.039928683065548504,-0.01560226362655598,train,False,1619
2,100,e,0.15197965811212988,0.1520326006753824,0.178091464940599,0.10198012002006256,0.10197027053450658,0.3629213696842969,train,False,1619
3,400,c,0.05770730032840667,0.08531732584248364,0.07813262243340685,0.07262214154189593,0.06521614149181942,0.7194182315109339,train,False,1619
4,400,d,0.005254609592551411,0.005193605771220388,0.005308831653387751,0.012178227789048836,0.012205706869372453,0.038619828767562064,train,False,1619
5,400,e,0.1816475406035009,0.18165066505068697,0.2736247583599437,0.17163713752460766,0.1716295065509803,0.3212391957093905,train,False,1619
0,100,c,0.08957163097933048,0.0895731474481517,0.1086351608083168,0.06737319812135865,0.06736455668608507,0.8472382099494888,train,False,1620
1,100,d,0.0036935788631183974,0.003693629032854007,0.0039037563602443235,-0.0029133309700634592,-0.0029133967732767906,0.009895305335328768,train,False,1620
2,100,e,0.2060603286079962,0.20583866280883556,0.2915126986831703,0.11271123034755519,0.11270134687893127,0.2732109754726269,train,False,1620
3,400,c,0.04775108553616895,0.04775231986787889,0.07478102477723315,0.05499981437827835,0.0549933266323059,0.8063637384477295,train,False,1620
4,400,d,0.006045636688929355,0.006045686877933478,0.006761963758408533,-0.015760146028592496,-0.0157604533081604,0.011213346866833103,train,False,1620
5,400,e,0.2006567049529001,0.20008903284786775,0.21737024102679744,0.11804331609412753,0.11801798493645539,0.32722155130319175,train,False,1620
0,100,c,0.06858791216572092,0.06858147489515144,0.1498077592200002,0.018280930560881786,0.018284206408116645,0.7117303029776508,train,False,1621
1,100,d,0.027973294868173956,0.02798567473018251,0.0126027093852697,-0.016846175376893893,-0.016848995528298757,0.011202339521224172,train,False,1621
2,100,e,0.18427003434256575,0.18427276791466954,0.2777432461776867,0.13679813904003094,0.13679618010736885,0.30127667299699384,train,False,1621
3,400,c,0.06674061253740725,0.10493897537537589,0.08804779170008842,0.015081627190162905,-0.0039390446107812945,0.7293875809274541,train,False,1621
4,400,d,0.009421197840113842,0.009425390131379122,0.008495478080264872,-0.002924292001908082,-0.0029261040655090475,0.04641033154175791,train,False,1621
5,400,e,0.19616932685014032,0.1961684710602388,0.25044383948594834,0.1456137499410956,0.14560905467089807,0.31614528561318783,train,False,1621
0,100,c,0.35991529492571717,0.3237826597651431,0.22234353564642592,0.03504345012176152,0.0537147176171785,0.5718739913748451,train,False,1622
1,100,d,0.012529857299703883,0.012516800080394928,0.01668158030387996,0.0010836839335362392,0.0010820208754589622,0.029161935161207762,train,False,1622
2,100,e,0.18389819571065008,0.18389620592711378,0.21751224583142328,0.17723970492419816,0.17723482209519012,0.32106271212762316,train,False,1622
3,400,c,0.0652543228591248,0.06436131857655063,0.08337756835391001,0.002445594274665908,0.0022040180722492407,0.6011572170176804,train,False,1622
4,400,d,0.010316344593373888,0.01032202855534329,0.011615877692648206,0.006904064721626977,0.0069025026102727165,0.045772172047073595,train,False,1622
5,400,e,0.178430760971645,0.17842601431407487,0.2596696876393823,0.16353912162228096,0.16353608574630696,0.3206171886272493,train,False,1622
0,100,c,0.05338323743031335,0.05338066418225931,0.09734592222005968,-0.023869666079768734,-0.023871747173788337,0.2827900924852337,train,False,1623
1,100,d,0.020056944702409023,0.020057331899450977,0.006539204475352132,0.01837266500719153,0.01837164881868544,0.10532757810259913,train,False,1623
2,100,e,0.22822202170011838,0.2282149621650704,0.4812214291564619,0.10789152054048053,0.10788963412122997,0.21305375526995976,train,False,1623
3,400,c,0.05590954259990146,0.055283678595453425,0.0759406364942325,0.014875191609296366,0.014709745579746566,0.5200048518438262,train,False,1623
4,400,d,0.007462807454048826,0.007462612239317473,0.0079012797474007,-0.0032167301053145714,-0.003216396730664677,0.19772699319289724,train,False,1623
5,400,e,0.17656538544883219,0.17656484352864346,0.2131855102534429,0.1344692672606081,0.13445917117721862,0.5018007419551079,train,False,1623
0,100,c,0.05553631122996506,0.055534226124605554,0.09235704468867073,0.10061916386730169,0.10062055152281651,0.7360946135717888,train,False,1624
1,100,d,0.019023231580365455,0.019023152007657324,0.006265742263338303,0.03243864204304556,0.03243897707455764,0.25840007997700953,train,False,1624
2,100,e,0.22619685131515607,0.22620042564039589,0.3063452517886774,0.1566727937148341,0.15666495374863126,0.25186297673846303,train,False,1624
3,400,c,0.053588741035465605,0.053578801139246096,0.0808013810423129,0.04924198691160484,0.049234698734846635,0.37338750305514845,train,False,1624
4,400,d,0.0098352471466293,0.009834466241601633,0.00536678440530313,0.017480099873936884,0.017480520090501113,0.1071582807594226,train,False,1624
5,400,e,0.17823719767081525,0.17822811039275124,0.3480808723678507,0.1706678393733146,0.17066299416488057,0.3242129715279816,train,False,1624
0,100,c,0.19322278101415485,0.19311650715546003,0.15029931977182934,0.0028452636345295446,0.0028129728162478076,0.12410307183632995,train,False,1625
1,100,d,0.004848340082374402,0.004851138341542063,0.004164241257695607,-0.021487759379555573,-0.02148948117139346,0.014768591022458538,train,False,1625
2,100,e,0.175689230429135,0.17572161821873003,0.22285072382785245,0.11569078211401483,0.11568346757004015,0.3093215574171355,train,False,1625
3,400,c,0.059841771842938714,0.05984301483116579,0.07927178967005169,0.013890682050446017,0.013892888649041524,1.13808849448628,train,False,1625
4,400,d,0.0036977615747481145,0.0037014652996117743,0.0045754265596727045,8.196621518013813e-05,7.538868107834774e-05,0.04798926293725444,train,False,1625
5,400,e,0.21753094545581256,0.21756006996494395,0.23690041446828952,0.1343320315592441,0.13432575587258563,0.44476923077465563,train,False,1625
0,100,c,0.07068234620819026,0.07068382926419475,0.10124359354601721,-0.0801808036795319,-0.08018328865109779,0.2723819564877279,train,False,1626
1,100,d,0.0033463886282024307,0.0036172058499257535,0.0034298665188280757,0.0010566012437150541,0.0009284589333441318,0.023375257594309584,train,False,1626
2,100,e,0.16617356188486632,0.16618431090249025,0.23621111860787117,0.07552293059526083,0.0755196949023259,0.35856607035082044,train,False,1626
3,400,c,0.058789567308796975,0.05879037449871334,0.06805332401877467,0.07539204478267379,0.07539224833712269,0.5225460316283729,train,False,1626
4,400,d,0.004278673575782493,0.004278843023203359,0.004447963726941196,-0.0015823376689616886,-0.0015825498821837591,0.026736406405388866,train,False,1626
5,400,e,0.179146034586779,0.1790909453723666,0.2688249732169434,0.17521135218081504,0.17521715568153753,0.34737277170313186,train,False,1626
0,100,c,0.06919124522303594,0.06919624099819606,0.12124772705870603,0.08557966874994236,0.08556122601674958,0.7477504306003607,train,False,1627
1,100,d,0.005293835316488134,0.005293841610538583,0.007918225236148949,-0.03741150451063684,-0.03741202763019677,-0.011199139064123252,train,False,1627
2,100,e,0.1642443136277818,0.16423437070726066,0.17487520166259396,0.1306537308810765,0.13064488614816389,0.2948588066974223,train,False,1627
3,400,c,0.05570475654789209,0.05570571063473406,0.07235610701370278,0.07947186991214444,0.07947288556099225,0.8074185182104375,train,False,1627
4,400,d,0.0049115672248196615,0.0049119414523899705,0.005128731207727254,-0.0028567655217274003,-0.002857033868312211,0.00703081870619723,train,False,1627
5,400,e,0.1811394331835789,0.18134494039738316,0.2513627198701219,0.16221323386921366,0.16222139954917222,0.33397464214107037,train,False,1627
0,100,c,0.12694351033991738,0.12702201643643596,0.15224658815266712,-0.03717883013380309,-0.037229062460582156,0.660371490653949,train,False,1628
1,100,d,0.007504223470550744,0.007504272558925456,0.007941423975835799,-0.01128893787693242,-0.011289042072048047,0.047398010715212886,train,False,1628
2,100,e,0.2832009422526922,0.28327104460272756,0.25698382180793455,0.07132455761847542,0.07132699691196816,0.3558080801473588,train,False,1628
3,400,c,0.05717959640744152,0.05713835488305334,0.08869607956623714,0.00798607746754726,0.007968856096003165,0.4598549923815638,train,False,1628
4,400,d,0.01621720576646603,0.01622153614541016,0.01200538961836237,0.021431641868532216,0.02142566990131993,0.08682172558641417,train,False,1628
5,400,e,0.22509632747718578,0.22508809285210962,0.34629809096328457,0.165257440502302,0.16525291213383397,0.3457523766079149,train,False,1628
0,100,c,0.05293856248391029,0.052915585109939184,0.08368911415882951,-0.005834972157638348,-0.005852100217751897,0.7610666237411873,train,False,1629
1,100,d,0.08111050516578333,0.08115287991950489,0.037317403487759526,0.003986025155281006,0.003979210199938485,0.25102159285609393,train,False,1629
2,100,e,0.19971327138116646,0.19971516344583035,0.3668582528782763,0.11217138397624321,0.1121677247099893,0.33208852020507074,train,False,1629
3,400,c,0.07190862037239369,0.07193741653914669,0.06721969928168872,0.0418980520515241,0.0418415422667357,1.0791306237418028,train,False,1629
4,400,d,0.004272049102826797,0.004286475073100692,0.004430500808239855,0.002126601140319888,0.002116255533006939,0.025557258926967422,train,False,1629
5,400,e,0.15697402949226355,0.1578581088610402,0.2533549530160624,0.16428070206106735,0.16453687001807507,0.3263398264791938,train,False,1629
0,100,c,0.06851656095221154,0.06852357897704822,0.07985847960591128,0.009502528147247348,0.009498588319035904,0.948881588196181,train,False,1630
1,100,d,0.005854164346683427,0.005854230649796955,0.007665424045434997,-0.02574563680411149,-0.025746049866645252,-0.02233234438848905,train,False,1630
2,100,e,0.19907528567445465,0.1990693022068533,0.23691432696167358,0.1410099458514901,0.1410074090781818,0.2976620468432446,train,False,1630
3,400,c,0.0581023747616933,0.05463190942607172,0.07560332046923725,0.06324025427162028,0.06371445279797186,0.32023918371502336,train,False,1630
4,400,d,0.00580080224210736,0.011744804443682833,0.00704862706325812,0.01052514267996484,0.005724293504320191,0.0783559053973862,train,False,1630
5,400,e,0.18065563441212723,0.180656087339649,0.25876529916432955,0.16948569423243498,0.169477508555672,0.3315536100223848,train,False,1630
0,100,c,0.07221826392255767,0.06722334143288666,0.10386270601932694,-0.06027327743674448,-0.060953230247755244,0.6349881554792518,train,False,1631
1,100,d,0.014488073141060837,0.014490066408882219,0.011754826884880729,0.00016393965519295506,0.00016303715374156979,0.11161886008068858,train,False,1631
2,100,e,0.171774198627455,0.1717817971019384,0.3408167683469805,0.12649801870166605,0.12649416920089424,0.39771054968402225,train,False,1631
3,400,c,0.059458292058603764,0.05945772211548906,0.09281221161731809,0.019085280643416455,0.019084893480699847,0.42571148800921693,train,False,1631
4,400,d,0.005823529300821449,0.005829244123727227,0.00427430293926449,0.006325092911259916,0.006323864306410095,0.007315741936990818,train,False,1631
5,400,e,0.17132892451919524,0.1713373198256711,0.2500229670810179,0.1585613473310356,0.15856029207657166,0.3439155214221124,train,False,1631
0,100,c,0.05979944658516965,0.059804056072973885,0.05921631503312761,0.008196918283973247,0.008185908017982727,0.8880482516200422,train,False,1632
1,100,d,0.011790700060944095,0.011794557307156799,0.013135700553152507,-0.018420604424073856,-0.018422229022777507,-0.010522874654070015,train,False,1632
2,100,e,0.1932201882352082,0.19322261557254475,0.358476509356974,0.17286171518117172,0.17285720693332665,0.3173400070037662,train,False,1632
3,400,c,0.062418242018148815,0.06250673344800438,0.11143829248092282,0.04592808131362034,0.04587658474777157,0.533495374423582,train,False,1632
4,400,d,0.012349787581066052,0.012293980552196701,0.011688411547440169,0.023207913334457455,0.023230820679839878,0.10433764284385859,train,False,1632
5,400,e,0.1957282864625241,0.1959753579621138,0.3258604916151463,0.1835246565539579,0.18352059790820768,0.29743557704969836,train,False,1632
0,100,c,0.2053529331947173,0.2052581777219494,0.1407730982012473,-0.0844759377921877,-0.0844746273528277,0.8620864590603091,train,False,1633
1,100,d,0.01054884291839306,0.010549028243014007,0.007868871419962986,-0.010553529787975684,-0.010553741043045975,0.20363260648719683,train,False,1633
2,100,e,0.1547736733287668,0.15477185643366664,0.27431733587586565,0.17418529025479998,0.17417720157258657,0.34202005857766293,train,False,1633
3,400,c,0.06200627481361637,0.06200878028125474,0.07019774649542297,0.07460386961292287,0.07460149738602048,0.578968189777234,train,False,1633
4,400,d,0.004694552404131305,0.004694567840997399,0.0052086946444759785,-0.014171604573714375,-0.014171764025164499,0.015690339885093198,train,False,1633
5,400,e,0.17959645210863762,0.18062385503030623,0.23698047156350788,0.1559906899933098,0.1542847892254138,0.3405093431646482,train,False,1633
0,100,c,0.0595697659421553,0.05959065461214747,0.06736686734541135,0.003869146611276406,0.0038635096038338902,0.5346525960613091,train,False,1634
1,100,d,0.018658328699138214,0.01867362818991706,0.00918312614547346,0.00613548343730777,0.006133454426155148,0.0442542050570033,train,False,1634
2,100,e,0.2874289980739347,0.28756171387418883,0.2925040962213313,0.12936973098974192,0.1293571663224263,0.25723201046801136,train,False,1634
3,400,c,0.059215854773877946,0.05921479706166477,0.07751297452850917,0.012743330009851093,0.012741434207129174,0.5013060509315546,train,False,1634
4,400,d,0.00784397995188508,0.007842412680062427,0.00696209476068258,-0.0018957037226702235,-0.0019258397795893245,0.015691453562187496,train,False,1634
5,400,e,0.1941725998874274,0.1941782202761258,0.2744898354094647,0.1570459941817039,0.15703787780799097,0.28391618979317357,train,False,1634
0,100,c,0.065539125147682,0.06551434114158462,0.13756233774982607,-0.05332508842583735,-0.05334605752127878,0.33529083921579184,train,False,1635
1,100,d,0.005627794297486336,0.005627983355218762,0.003507618855064775,-0.03545851384291382,-0.03545897027420304,0.008096370664962063,train,False,1635
2,100,e,0.20049173267258863,0.20049785719942473,0.31779584042919073,0.11914345621310567,0.11913392628463228,0.3172693367110995,train,False,1635
3,400,c,0.057348712398851046,0.05734863781954705,0.08406948473775736,0.027014043289369027,0.027012246698212578,0.43159860760469854,train,False,1635
4,400,d,0.00485530565630162,0.004855129296083593,0.005048631984595981,0.010374903595045684,0.01037513231241654,0.1212908438230572,train,False,1635
5,400,e,0.18786421124781605,0.1858104809711329,0.24924040733225974,0.1378987700596011,0.13832554255324328,0.3518036757484836,train,False,1635
0,100,c,0.08955515138541212,0.08954252548021692,0.08050366463595017,0.08849463766772182,0.0884831602362597,0.7533327770519708,train,False,1636
1,100,d,0.009510754722984783,0.009511261705861964,0.010398423968247465,-0.00556555280545032,-0.005565942824704493,0.021247323431303738,train,False,1636
2,100,e,0.20992751227675976,0.20738762042792433,0.2641481385373296,0.15000991865831353,0.16499496519775128,0.24469397317493843,train,False,1636
3,400,c,0.06827456375546627,0.0777105783640078,0.08677379729064612,-0.001413546956823737,-0.007093442490949471,0.7499403347770546,train,False,1636
4,400,d,0.004014547238707529,0.0040146142374556685,0.003986025982484993,-0.0039819896066588005,-0.003982175559412386,0.05272829436415414,train,False,1636
5,400,e,0.16841544712930165,0.1683956932279778,0.2340642771271316,0.14665887598774238,0.14664495678501235,0.3079781768453636,train,False,1636
0,100,c,0.0789799168532973,0.07887185179151592,0.07733271836326118,0.07298961007169809,0.07298533510669501,0.8385834256391463,train,False,1637
1,100,d,0.019295552455852003,0.019324461428264755,0.017581377780259654,0.012943330875563994,0.01294038307431725,0.015417408268754419,train,False,1637
2,100,e,0.2576970269614211,0.25769674079080385,0.3694556323468926,0.14931375286532025,0.14930990791585083,0.34237048252130103,train,False,1637
3,400,c,0.05773919355816002,0.057742038855087455,0.071189093297344,0.02611708632194329,0.026112464749757577,0.7699904192941335,train,False,1637
4,400,d,0.00545969148570067,0.00546902958378241,0.005409280247838944,0.01441477752260413,0.014409867956176025,0.07671265472207008,train,False,1637
5,400,e,0.18604516980615748,0.1860313442957305,0.2807016691742431,0.17103348800500964,0.1710259844790007,0.3178312665008858,train,False,1637
0,100,c,0.06065907415528046,0.060655660301243655,0.06997984690685446,0.03673481342460157,0.036725443398058104,0.3677359960328591,train,False,1638
1,100,d,0.02075334447594028,0.028400154154349284,0.021314033733427936,0.01588192276130277,0.013511940731910546,0.07901962233859078,train,False,1638
2,100,e,0.3054689575358245,0.3054773906439714,0.32189498890971846,0.09174738881001591,0.09173128682925186,0.3524610807534334,train,False,1638
3,400,c,0.062395014052231274,0.062424915363768374,0.08156565845601467,0.053069041872027184,0.0530539505823262,0.8904571317036546,train,False,1638
4,400,d,0.004244163999828901,0.0042420592969170424,0.005672979614878259,0.007117394938327966,0.007116032177753535,0.0258672316782703,train,False,1638
5,400,e,0.17108813227138506,0.17108644732194936,0.23688959105510596,0.14425293892290866,0.1442339172691719,0.34447750355960083,train,False,1638
0,100,c,0.15217321437875828,0.14242454035115018,0.10014295037564777,0.02246220049297577,0.017462020405690382,0.9183503185687862,train,False,1639
1,100,d,0.005735560091877087,0.0057356453400460965,0.005433660955805639,-0.030361676572607053,-0.03036239872243872,0.017595361140082522,train,False,1639
2,100,e,0.20428738963618287,0.20425880923707976,0.22345564826753686,0.09686345803707383,0.0968471184497782,0.31069039031529605,train,False,1639
3,400,c,0.06949417458546654,0.06963345205286658,0.11364682653661523,0.024014536865808792,0.023975019254025513,0.47341229886303227,train,False,1639
4,400,d,0.006273141135014953,0.006273184341927237,0.006716543033149772,0.0018559001270170227,0.0018554493847824105,0.033883638503248756,train,False,1639
5,400,e,0.22508925369060587,0.22554076455514196,0.30942586395265453,0.15622699701546613,0.1562076385721839,0.25789465966573405,train,False,1639
0,100,c,0.05800135243469743,0.11708272697448194,0.12169405695813541,-0.011166475751682796,-0.04237128055380133,0.7560655800566152,train,False,1640
1,100,d,0.003705185078282705,0.0037052267893183106,0.004085031779779052,-0.01213819254546511,-0.012138769990080825,0.03474773688588481,train,False,1640
2,100,e,0.1775337885129891,0.17966889758135693,0.35804344962440604,0.1396622591169307,0.1510102907970197,0.2748365316868541,train,False,1640
3,400,c,0.0572644797078415,0.05742159083293366,0.07605356190167946,0.023739834436549218,0.023701366846740655,0.7367410203634784,train,False,1640
4,400,d,0.004434446312855513,0.004434528191365214,0.005874208957135496,-0.0036652592296094965,-0.003665386235097259,0.05735526335047299,train,False,1640
5,400,e,0.19473231269276892,0.19472067345503452,0.2714466309305931,0.1382591016425691,0.13824043174847953,0.32076064235357005,train,False,1640
0,100,c,0.0719485271768701,0.0719445142709669,0.08183383424774245,0.04441036314495484,0.044403773752556934,0.3706060548311514,train,False,1641
1,100,d,0.007480151536703578,0.007479962328943946,0.01073215930880006,-0.018188360789613344,-0.018188436821136574,0.09463793553073442,train,False,1641
2,100,e,0.20749207035738157,0.2074967428262444,0.2542329036672305,0.13195014504158104,0.13194195258973396,0.27347483182035787,train,False,1641
3,400,c,0.059790378731309726,0.05979167733585765,0.09695249783849329,0.01746724149176785,0.017466716457115724,0.36281844862670043,train,False,1641
4,400,d,0.007698650831092074,0.007707528462285413,0.007072110147960525,-0.0002071549314270449,-0.00020992382693838963,0.048345468244326784,train,False,1641
5,400,e,0.1785509662814361,0.17855901937915442,0.27972519329690404,0.15532441202887348,0.1553165053919699,0.3068376777070367,train,False,1641
0,100,c,0.07723358462540295,0.07723034383513111,0.08882978110710947,0.07493771559173566,0.07493409454391653,0.549003963687843,train,False,1642
1,100,d,0.008090707171742276,0.008098670279568383,0.00804393729379687,-0.01576855888409403,-0.015773984233526443,0.0454979691542259,train,False,1642
2,100,e,0.2384728432413483,0.23847760064972578,0.34895229298207375,0.12313558152124862,0.12314466442681472,0.5893681862984365,train,False,1642
3,400,c,0.06726434226081641,0.06726544112471643,0.07399198610757009,0.043383988088682414,0.043374407768734996,0.7892187957594562,train,False,1642
4,400,d,0.005993073801372418,0.00600983217179505,0.006611604039678642,0.01491556208613968,0.014913785639573707,0.038234365444474214,train,False,1642
5,400,e,0.15956967407949496,0.1595436106100034,0.26031495790633175,0.16372676466420472,0.16372011430901395,0.311856096358226,train,False,1642
0,100,c,0.2585074739525767,0.258466978803939,0.191583252920943,0.10490358057309805,0.10487764464895691,1.0859856777529882,train,False,1643
1,100,d,0.014701461392180848,0.014702008629905158,0.011681888949779699,-0.008584319533873171,-0.008584578382480003,0.03773309292930613,train,False,1643
2,100,e,0.28088104965792443,0.280822243852401,0.3286956992123582,0.099043747630929,0.0990315000701693,0.3265839612240925,train,False,1643
3,400,c,0.05586426147039258,0.05585916480803544,0.07951119069481488,0.04152933053933729,0.041525437103477926,0.3388036552015731,train,False,1643
4,400,d,0.005139144871227015,0.005139525016372698,0.006671050438193144,0.0003465937988677936,0.0003461453106551282,0.05733706346770205,train,False,1643
5,400,e,0.19670772325822392,0.19681299027433707,0.2976224448260773,0.15992371813466036,0.1598533657459521,0.34568852518725324,train,False,1643
0,100,c,0.09600473412736099,0.0942835155299779,0.10003891252193549,0.055556650285105105,0.05549626096383392,0.8688651025382947,train,False,1644
1,100,d,0.01438446741873792,0.01439109287557319,0.011147272558284613,0.021801182920528427,0.021800499870714526,0.1376321081800125,train,False,1644
2,100,e,0.2056729491334904,0.20564676644134305,0.2583620392846306,0.1364342558095381,0.136425916474072,0.32885162152149744,train,False,1644
3,400,c,0.06319190399417933,0.06322245587073046,0.07358258126194567,0.06641529018853597,0.06636243568404473,0.3342984733886166,train,False,1644
4,400,d,0.007034054005011437,0.007034135738109636,0.006635471301219784,-0.005167974789943166,-0.005168040543277002,0.07108352718263765,train,False,1644
5,400,e,0.17312252303733186,0.17316399820750428,0.2557366736040105,0.14664945119986209,0.14665038999053528,0.3655409256295363,train,False,1644
0,100,c,0.06287255741709444,0.06287075328854172,0.05567052794689978,0.07680101984383932,0.07679354201333262,0.7373331366549506,train,False,1645
1,100,d,0.00677271323529482,0.006772938130451457,0.007838653589939584,-0.008375718597034591,-0.008376166125771327,0.025222123696380407,train,False,1645
2,100,e,0.2226407645531965,0.2226453432287782,0.3404691246137797,0.1496506313182253,0.14964378281797225,0.31791162023441666,train,False,1645
3,400,c,0.06268437770229304,0.06260078164454813,0.06351090904251203,-0.023949201040389598,-0.02396152449666488,0.6741412204923836,train,False,1645
4,400,d,0.004678705228604967,0.0046791577846252656,0.003658433532343212,-0.006899508533596936,-0.0068996911249955065,0.011957101231228737,train,False,1645
5,400,e,0.16461956154498622,0.1646249852351307,0.2923381367546274,0.16303624991137128,0.1630333538544862,0.34605443742357794,train,False,1645
0,100,c,0.06657733981082975,0.06656626577208305,0.052445954457597345,0.046745120347164576,0.04673640047916464,0.5472636002091558,train,False,1646
1,100,d,0.00631035025565365,0.006310371378071349,0.0062114664284408025,-0.009302606862535843,-0.009302841996329043,0.020569480680192136,train,False,1646
2,100,e,0.19350961308930292,0.20131131215303302,0.22383456357892392,0.05624376261727939,0.05695434819199555,0.47054725030885536,train,False,1646
3,400,c,0.05395264847144651,0.053973083329429024,0.08028489712367826,0.036258608195157506,0.03623727400492996,0.650269975668973,train,False,1646
4,400,d,0.005558547448298071,0.005511876185417024,0.0074403081919722424,0.0021774913545906396,0.002042481795507225,0.010755813475574331,train,False,1646
5,400,e,0.17835724348048276,0.1782173137523127,0.25210679727767976,0.1568276491203136,0.15636916088404967,0.34794602998158536,train,False,1646
0,100,c,0.07937664883883794,0.07940540529027675,0.0785390135893485,0.061797782804627985,0.06176844881177445,0.49037635585493644,train,False,1647
1,100,d,0.006644485752877683,0.0066445216586523284,0.010153629173776829,-0.02960584258734901,-0.029606240363053954,-0.011080690792715888,train,False,1647
2,100,e,0.23189061269201186,0.23174150472139673,0.28876429506239526,0.13972719302145487,0.13972713139645535,0.3484922637803317,train,False,1647
3,400,c,0.06117156503540389,0.061194302835680794,0.0973164954392016,0.08776951167362157,0.08773387061904359,0.7943638971848622,train,False,1647
4,400,d,0.006869156716089611,0.006870993850758123,0.007365339581309688,0.0027929392423287603,0.0027923316991014958,0.01130526443317791,train,False,1647
5,400,e,0.17647130812801556,0.1764762285616924,0.2418496789937017,0.16749246397987463,0.16748885181129203,0.31517163187269764,train,False,1647
0,100,c,0.07270394312965306,0.07270893497846047,0.09820488534481894,0.12811256421833236,0.1280876190602676,0.6442049176601945,train,False,1648
1,100,d,0.007107648778572082,0.00710926164900722,0.0062602911414623395,0.015976779147933513,0.01597637429074604,0.057195389934659106,train,False,1648
2,100,e,0.1887438561093355,0.18902059799368254,0.2785263684795838,0.12686719563635712,0.12685843043263995,0.3121653381635394,train,False,1648
3,400,c,0.053987073158750246,0.053985381237102885,0.08990697283408514,0.011629260161453629,0.011627224360754838,0.5925716760492431,train,False,1648
4,400,d,0.005187653086012409,0.005187740031898079,0.006121536327914908,-0.011059080380440563,-0.011059512491190802,0.02259565439050279,train,False,1648
5,400,e,0.16495270496707956,0.1671232129170974,0.2894296134472759,0.15519017592177325,0.15932406949556022,0.3099632930683611,train,False,1648
0,100,c,0.08079713929863848,0.16004942825010257,0.12437275433072417,0.005058941629060243,-0.03055066005473293,0.7322566357321274,train,False,1649
1,100,d,0.003929973092232614,0.003931684839378951,0.004645014857102148,0.0028320292022615055,0.002831723229704384,0.0031570455845433896,train,False,1649
2,100,e,0.18152156875772543,0.18161436797183597,0.34007493487551493,0.13603694835124303,0.13603441186869888,0.25205583047771735,train,False,1649
3,400,c,0.06837508849021391,0.06852383013370791,0.08312840391155804,0.09353369276920916,0.09348834909633709,0.9011939425100448,train,False,1649
4,400,d,0.006604773992713186,0.006605119482668839,0.0057929013657553406,0.014262100412081011,0.014261840678819056,0.07514425122468665,train,False,1649
5,400,e,0.19559285107580685,0.19561860003992618,0.2917836111281289,0.17489613080037938,0.17489095404999308,0.30233454141210553,train,False,1649
0,100,c,0.062342692738892105,0.06234425576415924,0.0973299898000958,0.05140019102915041,0.051398843280555793,0.38678142380726016,train,False,1650
1,100,d,0.05067992333418554,0.05069302093879843,0.012028481136272725,-0.00589446373444332,-0.005908930243923294,0.09483488533337463,train,False,1650
2,100,e,0.23956456705182583,0.23958611372346084,0.32355747572933014,0.16506611690470258,0.16506591865172937,0.25859216252173683,train,False,1650
3,400,c,0.05784665916568476,0.07859481149298594,0.08486496797156025,0.012537572366218726,-3.3848348872851376e-05,0.6528129365853562,train,False,1650
4,400,d,0.005914669090085712,0.005913927059663236,0.006046543314639747,0.014475378195307016,0.014475028424679586,0.07875590420812266,train,False,1650
5,400,e,0.21328524212919844,0.21326966230282163,0.3216213270633552,0.15511677579402658,0.15511303471189244,0.32890184402899325,train,False,1650
0,100,c,0.07226926029033794,0.07226691283691444,0.06181549059899097,0.03100370732250127,0.030995155923344557,0.5824095831034378,train,False,1651
1,100,d,0.005372387295055581,0.005372369025956889,0.0045445653457187075,0.014929360124345835,0.014928930920414613,0.06522952952576089,train,False,1651
2,100,e,0.25960956747309166,0.2596107194874516,0.39676036241858836,0.14030018957643645,0.14029783294722645,0.3285479070677515,train,False,1651
3,400,c,0.0815802266651772,0.08164703112847276,0.06770869300867405,0.04397640199308143,0.04393137966901037,0.7885182703389576,train,False,1651
4,400,d,0.003952246693958934,0.003966491498030436,0.0038528492824190124,0.005606982802661094,0.0056000253916055525,0.009377806793582816,train,False,1651
5,400,e,0.15280732066500094,0.15280908932266526,0.24301492232988214,0.16183106139774595,0.1618206952209836,0.33442011032071156,train,False,1651
0,100,c,0.05767661647349606,0.05769205340666827,0.08769465076172868,0.03807060258070592,0.03804707663555419,0.5404225801595463,train,False,1652
1,100,d,0.007110595184706711,0.00711649005600976,0.007665695454664672,-0.029420206921721894,-0.0294224121539834,-0.02359644633912211,train,False,1652
2,100,e,0.20715089549261329,0.20718096888764032,0.3082546120367148,0.16312498917142193,0.1631194871975496,0.2998548883473759,train,False,1652
3,400,c,0.058889666885878926,0.05893380543327164,0.09280884700030154,0.053877696098926224,0.05384630965094744,0.48370598493212297,train,False,1652
4,400,d,0.006852236707641043,0.006861957838850543,0.008149482089436498,0.012942371001364101,0.012936228098276707,0.021717192788575996,train,False,1652
5,400,e,0.17209154506251576,0.17221355639513164,0.20796956508035774,0.14650516217743842,0.1464913681307452,0.3348432850385041,train,False,1652
0,100,c,0.05414627069544329,0.05413618176736932,0.09020465916648536,0.0412161701076704,0.0412121724228821,0.4159753177952538,train,False,1653
1,100,d,0.006194426687424797,0.006194358018998783,0.003584750388824127,0.009684065155814282,0.009684021143935554,0.12213973613474913,train,False,1653
2,100,e,0.2197847722407384,0.219786685957403,0.3332408792516936,0.14184416786188883,0.14184148840624267,0.3706556724683426,train,False,1653
3,400,c,0.07476730886081753,0.07399552880830103,0.10556143565423272,0.07973952332059085,0.07968559430225454,0.4694242716177232,train,False,1653
4,400,d,0.01286387288469844,0.012870154539407644,0.007360239483194293,0.014765296919073806,0.014765662410712643,0.14187834755012127,train,False,1653
5,400,e,0.19230617150244797,0.19542811431446083,0.303706450695438,0.15949675283003126,0.16086188998085482,0.3446351129404285,train,False,1653
0,100,c,0.06480064768727394,0.06469102240882642,0.10093704624212174,-0.08459913503243258,-0.0846347932215089,0.17544615287822382,train,False,1654
1,100,d,0.008585446146296902,0.008585497105562757,0.005448921531707468,-0.01564159024306772,-0.015641683049667583,0.1445014876006975,train,False,1654
2,100,e,0.16764083227648188,0.1674825846210424,0.2510570475014411,0.10908760654731467,0.1090923486390831,0.28024602912213564,train,False,1654
3,400,c,0.05819486375489609,0.05821123414680698,0.07716356135325728,0.0847550093311743,0.08474386520574825,0.8049664112821759,train,False,1654
4,400,d,0.011486860514540963,0.011486263047719927,0.007537172562394637,0.004563549013952848,0.004563582024803345,0.10727596428997792,train,False,1654
5,400,e,0.17152294208546498,0.17307606663739405,0.2846958702606155,0.18092238503662825,0.18093854130381512,0.30096757528614326,train,False,1654
0,100,c,0.06343979293871313,0.0638542467370272,0.10254165607489168,0.04217041971983143,0.04272411638515635,0.42765690368891585,train,False,1655
1,100,d,0.005098313117085657,0.005098457394224289,0.0038400501978780297,-0.020751921483311408,-0.020752346812116986,0.015977115505250907,train,False,1655
2,100,e,0.22813343612302706,0.2281147613297692,0.20208208083920953,0.10056132055927072,0.10055325406063638,0.34301478652337664,train,False,1655
3,400,c,0.062192602328490984,0.0621948914205217,0.07652369722736568,0.046424966866496505,0.0464110406306429,0.7806496671506328,train,False,1655
4,400,d,0.006206935238570982,0.006214342390864825,0.006636168955956228,0.005854814774930084,0.005854045860754695,0.03796815186815406,train,False,1655
5,400,e,0.21231618098055433,0.2123146346397709,0.2825302638542484,0.18010069434119813,0.180092597214325,0.31644205260121067,train,False,1655
0,100,c,0.1520124265550017,0.15206153493611685,0.1422430993144511,0.005000064465956839,0.0049707056983142196,0.4637326629455643,train,False,1656
1,100,d,0.005018215220666196,0.007467441131011971,0.0052868703034402945,-0.011685475465908066,-0.012606437798453758,0.03356789897257943,train,False,1656
2,100,e,0.27065657684905053,0.2707881840147785,0.24502084894416418,0.1397179291503518,0.13970317441901742,0.2449258808137179,train,False,1656
3,400,c,0.05314194464662303,0.05314203926787139,0.07224405863772504,0.017271342901358722,0.017268240803384457,0.5540615343763231,train,False,1656
4,400,d,0.00518288206437694,0.005182657351428661,0.0052873089686794284,-0.008401470119428716,-0.008401375395832673,0.09230522668979364,train,False,1656
5,400,e,0.18651263950086147,0.1865134489184395,0.26763002343343884,0.15629090527653525,0.15628746656850928,0.3303407509431441,train,False,1656
0,100,c,0.060950074965612625,0.060944492315904375,0.05441357769028391,-0.013933953004569304,-0.013940580950928877,0.6372798335848749,train,False,1657
1,100,d,0.03729480298276501,0.037274740648635805,0.0044170898489814085,-0.018782214198955868,-0.018789327238538007,-0.006707886240382539,train,False,1657
2,100,e,0.19359807241299506,0.19360688916481705,0.28351995516089873,0.15983349968180321,0.1598313645712527,0.2910404653820253,train,False,1657
3,400,c,0.053903270381552855,0.053912418236752135,0.10383943526614595,0.0739462630483051,0.0739439577799287,0.44533097017558226,train,False,1657
4,400,d,0.005339439940452836,0.005339428469638396,0.005638889851583254,-0.01252937663376903,-0.012529376983002329,0.06100764060896978,train,False,1657
5,400,e,0.15993665245309294,0.1599542375490429,0.26246499545379387,0.16607862468659498,0.166073118472033,0.31498180946812615,train,False,1657
0,100,c,0.05989832066196636,0.059935682023173904,0.0932302610074835,0.09019634799051446,0.09018224119838777,0.47228061653739994,train,False,1658
1,100,d,0.02578658967353951,0.025767548180735032,0.008514670300371159,0.00584014799368692,0.005837272876381547,0.02814549483755723,train,False,1658
2,100,e,0.20275968885447113,0.20497387635159378,0.30511032020133233,0.14795959961296276,0.14793143266435735,0.25757028284416283,train,False,1658
3,400,c,0.053450693391350716,0.05342358314050968,0.07537714050366313,0.037783015405584236,0.03765737275828663,0.7748897004735266,train,False,1658
4,400,d,0.010344742603867798,0.010356575159693227,0.011033825915703448,0.016490350946925664,0.016487016080576213,0.07096109208903088,train,False,1658
5,400,e,0.20223978463370243,0.20221426777048668,0.2716297311179955,0.16503879189988435,0.16503283270223715,0.2902164490016159,train,False,1658
0,100,c,0.13889775535817617,0.1388882406239053,0.07865462871024023,0.10835574686022902,0.10834442138957165,0.6701826547008858,train,False,1659
1,100,d,0.003426661806349039,0.0034268274601918277,0.008066594429430368,0.006021357268162291,0.006021095522665103,0.1215846393776734,train,False,1659
2,100,e,0.21283515223196953,0.21283561925628117,0.27628851953395156,0.14795318944085092,0.14795624472025662,0.3040575407557842,train,False,1659
3,400,c,0.057005747248703116,0.057006082948406284,0.09640842334336525,0.07438964933058032,0.07438985515488795,0.5822519110228339,train,False,1659
4,400,d,0.009657473591035337,0.009577791648146894,0.007756271999497717,0.008307069676571998,0.008293569214006827,0.09555885339685019,train,False,1659
5,400,e,0.18619412638816787,0.18619655311621008,0.2981359720385017,0.14825191562325324,0.14824156025010132,0.34911058100060954,train,False,1659
0,100,c,0.045313174638612376,0.045310176349304135,0.11708985180166731,0.030323338110251258,0.030318079678771568,0.7759946881102558,train,False,1660
1,100,d,0.003082866780995291,0.0030828927850566584,0.0031619435350589324,-0.01807727571510668,-0.018077671766604287,-0.016585143152661602,train,False,1660
2,100,e,0.15666625857680605,0.15644368860668967,0.21756340400798213,0.10018495169978152,0.1001707980112792,0.3272728747574611,train,False,1660
3,400,c,0.056218869637706594,0.05565756531108819,0.07157717174587773,0.0686309976220241,0.0685918171726528,0.6573749887705516,train,False,1660
4,400,d,0.004999389417719895,0.004999345280582878,0.006978216426063732,0.0007494162100172197,0.0007492553970264026,0.03668458666628656,train,False,1660
5,400,e,0.156031916167838,0.15597745204476568,0.2661699123726385,0.176573780787473,0.17656054191795945,0.35845861141869684,train,False,1660
0,100,c,0.06767339132404232,0.06415346911280459,0.07379454506201348,-0.08522344340125657,-0.0853939474047975,0.4330782612804043,train,False,1661
1,100,d,0.028665739239787654,0.01042578144008055,0.008723016956985458,0.022186115471828725,0.02917452731207952,0.24316469446322486,train,False,1661
2,100,e,0.13190736282723406,0.13189612078873414,0.20942069858779505,0.14224479154665268,0.14223917369237485,0.3218141267322681,train,False,1661
3,400,c,0.05572026499765924,0.05574987354300843,0.09544363145780661,0.05922102241632565,0.0592315325056078,0.5983981097640038,train,False,1661
4,400,d,0.005338447952448031,0.0053391250362171015,0.0062977737755128375,0.01267438954603195,0.012670825527051068,0.2023337884356794,train,False,1661
5,400,e,0.1517669290853117,0.15177464854357492,0.2945491408581294,0.16928191936636125,0.16927870987605445,0.294275250143472,train,False,1661
0,100,c,0.09003013310858116,0.09003256642215668,0.06917365272472147,0.05568956013301474,0.05568223390227019,0.4628579884485329,train,False,1662
1,100,d,0.003982193244812132,0.003981380454207201,0.004097188312878527,-0.004568947965499674,-0.004569343351976265,0.05670017701713089,train,False,1662
2,100,e,0.22564001998476457,0.2256351695800432,0.3851423483205528,0.14723324157829307,0.14722798339331927,0.4086522222265039,train,False,1662
3,400,c,0.05126183110557643,0.05126295945930885,0.0656988368179699,0.04679212585845889,0.04678719545187562,0.5915145140758243,train,False,1662
4,400,d,0.004490255392085512,0.004553949219404727,0.004804599725023666,-0.0012423710974682044,-0.0012082529427210708,0.059132647891433375,train,False,1662
5,400,e,0.1680968739370899,0.16809205318336715,0.23174377351471673,0.13587561448749017,0.13587533980136587,0.5435885334896442,train,False,1662
0,100,c,0.08800733744069993,0.08818127650841719,0.08605368511131424,0.0037311322671423853,0.0037097024876015894,0.21088905248838097,train,False,1663
1,100,d,0.006224059852297608,0.006223937903120392,0.00645000540110193,0.014809326090963068,0.01480962599277353,0.09663426835776477,train,False,1663
2,100,e,0.23467360302828058,0.23646077821031747,0.2972768934616951,0.10681644061199454,0.10829690709406986,0.34654212836362674,train,False,1663
3,400,c,0.054040018659626564,0.05404617012055355,0.08682482818537522,0.0804218986394995,0.08041243521418842,0.7292471884971309,train,False,1663
4,400,d,0.013009161209380848,0.01301151145302839,0.014110948392228886,-0.0019409528844559533,-0.0019420714460227373,0.05953253198388515,train,False,1663
5,400,e,0.16014144186202114,0.16023668023932358,0.22738481443804542,0.15343974992793402,0.15324983932962125,0.3421473574429126,train,False,1663
0,100,c,0.08505860095946009,0.08505711737708492,0.11923707496360939,-0.12900632992583894,-0.1290066788335183,0.3617049324658484,train,False,1664
1,100,d,0.020879912952473774,0.02089023720836366,0.019281251245383702,0.03158881053990202,0.03158504867680671,0.07893783410933777,train,False,1664
2,100,e,0.26396842584137264,0.2639601191988577,0.30901945546759807,0.0978791281353223,0.09787362973831762,0.3490442824159568,train,False,1664
3,400,c,0.0620033341398811,0.06200801042629829,0.07900148745574827,0.07759938691216284,0.0775925487234656,0.5352392361993177,train,False,1664
4,400,d,0.02407052007802743,0.023987293155971968,0.008402739603799936,0.0014976640882809812,0.0014953141305641005,0.08757021899474664,train,False,1664
5,400,e,0.19459946500932004,0.19459942610637346,0.2616973119076982,0.15891711352541038,0.15891140150227073,0.30133898385975033,train,False,1664
0,100,c,0.05804052818386709,0.05803640227663045,0.11648087273569369,0.043359714689601675,0.04335720830175077,0.7854384275973149,train,False,1665
1,100,d,0.006757395559280083,0.006757385947865653,0.008003716020139126,-0.01829100178847833,-0.018291559552567557,0.03032939116350315,train,False,1665
2,100,e,0.18542431131163387,0.18598041370620183,0.23732396464627606,0.12393525656329583,0.12958068753325702,0.2817337246428022,train,False,1665
3,400,c,0.054808523265684396,0.05453169717118023,0.08265735776552954,0.03990774973391439,0.03980452626548193,0.684153716962098,train,False,1665
4,400,d,0.004421372651242008,0.00443460925302855,0.004152800731400368,0.0022356643142853907,0.002306584784288628,0.1031807805940917,train,False,1665
5,400,e,0.16000405410838017,0.159997757455864,0.2653753895185511,0.15209681185672813,0.1520970024074063,0.33599200898601594,train,False,1665
0,100,c,0.07669887132295491,0.1252491941073556,0.1113786828404014,0.07405153775066303,0.06506342070691183,0.5027958013921061,train,False,1666
1,100,d,0.02199637348098951,0.02199628565685539,0.007273840472789031,0.011536879273299175,0.011536350206338196,0.06621359236221139,train,False,1666
2,100,e,0.23229199663668357,0.20282451030543108,0.3169594548033469,0.10445011100786697,0.12738473861621633,0.5094203721731199,train,False,1666
3,400,c,0.07356605043149494,0.0734454928509053,0.0640237789934844,0.11524387241382521,0.11522778526414391,0.9215408095464593,train,False,1666
4,400,d,0.0037160579751940905,0.0037160828497844927,0.004112006662614927,-0.01387007255864205,-0.013870302036565328,0.01295325167436145,train,False,1666
5,400,e,0.16471147250158455,0.16477950358646587,0.2596189186744543,0.16093587415376262,0.1609241170872106,0.35274020578261067,train,False,1666
0,100,c,0.07248260896719924,0.0725236679243687,0.07261754353222534,0.08182262357606838,0.08177517934085798,0.7160550187858701,train,False,1667
1,100,d,0.011022913122001099,0.011013221747636841,0.013135486874104268,0.005760424605725447,0.005759171612881069,0.023089759887819968,train,False,1667
2,100,e,0.22233793201632043,0.22733676346078216,0.27477310498730123,0.13415529782238608,0.1384805214665303,0.34118338140911475,train,False,1667
3,400,c,0.05650337669805184,0.06204493089774672,0.08003387399077697,0.00590653959637855,0.004545452856842474,0.5189291761161497,train,False,1667
4,400,d,0.022736938693604672,0.02052741785658217,0.00658198816699414,0.01288212797954337,0.01313590514544126,0.07052692872460216,train,False,1667
5,400,e,0.20311464770558138,0.20310145796559614,0.3093330257477092,0.17048031797354377,0.17045528373139823,0.3175962477105912,train,False,1667
0,100,c,0.0799115145932761,0.07861051485974868,0.10316177356584427,0.09763335242973867,0.09470796033651453,0.21596135273288752,train,False,1668
1,100,d,0.006121308329258982,0.006121876953512089,0.004903355649653782,0.017170110952195897,0.01716970876084121,0.05266983084312759,train,False,1668
2,100,e,0.21560270329043119,0.21557168014566325,0.31631176945416306,0.10977544577057756,0.10976785893936025,0.3722761795517628,train,False,1668
3,400,c,0.05846108725088417,0.058351076561710465,0.0727749256341253,0.11116842178586701,0.11127499017910118,0.7737781769032188,train,False,1668
4,400,d,0.006594733391408452,0.006594832713433312,0.006702494441643967,0.002053580802369801,0.002053283508246864,0.019738019293058483,train,False,1668
5,400,e,0.19564993215454524,0.19566424124896883,0.27092897343567873,0.15648232947975949,0.15647672722083733,0.3021006327344162,train,False,1668
0,100,c,0.053357576384284774,0.053362350089509125,0.06213833057482836,-0.0011983047269429647,-0.0011962724064016328,0.5694555362749957,train,False,1669
1,100,d,0.005045118705724723,0.005041182578501901,0.005073071063082271,-0.014058156537448631,-0.014056205096824464,0.05587623432900894,train,False,1669
2,100,e,0.18671086463779063,0.18680975896633892,0.186091927504509,0.07472511132604331,0.07471207814866261,0.3475687600452057,train,False,1669
3,400,c,0.05624636136855921,0.05619111953785812,0.08410497682181775,0.045518159820379864,0.04551273021467516,0.41786010298323767,train,False,1669
4,400,d,0.004615453647981164,0.012017047492547766,0.005947665272697095,-0.002279115482267322,-0.00936918846020042,0.12269138349721849,train,False,1669
5,400,e,0.1608848402186997,0.16101244717753552,0.22606355248278331,0.16265152039777114,0.16276565661408193,0.2935617689169835,train,False,1669
0,100,c,0.07170994461544844,0.07171226009697375,0.08458079044197025,-0.05514861760608383,-0.0551507367822299,0.5444941426153647,train,False,1670
1,100,d,0.010365875425139635,0.010257869164930265,0.013659564436464124,-0.01200958761814448,-0.012019358190816903,-0.01181733688348757,train,False,1670
2,100,e,0.25406471486516685,0.2539538092403112,0.2508372174576704,0.10054247487394477,0.1195621862029278,0.29721613955172904,train,False,1670
3,400,c,0.07056225076613905,0.07634687129890427,0.10072168306845239,-0.01807789887033259,-0.022349908675999543,0.6196652335996533,train,False,1670
4,400,d,0.005975936934187874,0.012691268893671838,0.011291126200984542,-0.0034071769390153685,-0.008805424180716503,0.05086648302244903,train,False,1670
5,400,e,0.1834744924316887,0.18339111111791961,0.2888700168804323,0.14375884794565852,0.14375315103741523,0.313480286054705,train,False,1670
0,100,c,0.3020087701008532,0.20088035420878791,0.14146447507965612,0.1551185363070286,0.16181461044728893,0.6615691297527322,train,False,1671
1,100,d,0.005189593142730091,0.005188190226569884,0.007198866449273766,-0.015113827192094576,-0.01511359781920307,0.04269222533611838,train,False,1671
2,100,e,0.19553153412552787,0.1955404127618495,0.28752353632670175,0.1453271105482188,0.14532222752693755,0.2960489213909652,train,False,1671
3,400,c,0.069164006186443,0.06254200418290307,0.08049335483130142,0.0333934412638817,0.03434985625855802,0.8165232475402753,train,False,1671
4,400,d,0.007182719921204597,0.007195055857501047,0.006971462586560945,0.007095128959099793,0.007087816676086956,0.08636913836249636,train,False,1671
5,400,e,0.22366310243455312,0.2236778444157414,0.33802383415764437,0.15965975866995594,0.15965017572300894,0.32016615206082544,train,False,1671
0,100,c,0.09590565298176836,0.09589647129879514,0.10790443853154268,0.09601081130073028,0.09599571036098191,0.5223456870176909,train,False,1672
1,100,d,0.008088535056539219,0.008050229284106616,0.009847511473122635,0.0020520966065372547,0.0020514584246183886,0.018137304227089254,train,False,1672
2,100,e,0.24078550418582975,0.23959116094871621,0.25784278605230404,0.15687780583758276,0.16679131716000634,0.32335011419954157,train,False,1672
3,400,c,0.06976089147719587,0.06982048360777234,0.059944747417806594,0.05685587855749574,0.056796650632608775,0.9294432837201997,train,False,1672
4,400,d,0.009466925118778002,0.009466296310292657,0.011170275817505373,0.001191350931812103,0.0011912634538009748,0.06485301045921445,train,False,1672
5,400,e,0.18375997584672532,0.18377202275360024,0.2916945979256607,0.17535363174828553,0.17534780146469608,0.2879877977714006,train,False,1672
0,100,c,0.06794981196662579,0.06777988869084178,0.07319930074531292,0.013060465292609038,0.013046677256533315,0.8095218909287645,train,False,1673
1,100,d,0.014157434665502889,0.014145833816405516,0.011873400686255389,-0.006402906270844575,-0.006404168414758331,-0.004160259097380123,train,False,1673
2,100,e,0.26161484745182667,0.26359933659491497,0.3347768986024509,0.19519802509554354,0.1956776685658238,0.2775489786127923,train,False,1673
3,400,c,0.05828945480755923,0.07318788613924,0.0845379597505817,0.040016720818917335,0.032617241395917415,1.2054266512276886,train,False,1673
4,400,d,0.011756983854113253,0.011772374953759733,0.006094091978523691,-0.006144239358233073,-0.0061499219866088415,0.086995307224377,train,False,1673
5,400,e,0.18872315242673426,0.18871932118140047,0.2779773639683158,0.1544518550998065,0.15444448452754908,0.2932957375240899,train,False,1673
0,100,c,0.04711094923500496,0.047098365909402536,0.05113105356498544,0.017074717434705063,0.017066849680924392,0.5021644380491321,train,False,1674
1,100,d,0.006722398809350236,0.006722759962839748,0.005259699530775468,0.018053816216152027,0.01805353465440966,0.13742287509775353,train,False,1674
2,100,e,0.18165564465423822,0.18165092201077468,0.23561307830018616,0.07495023729061373,0.07494975388816641,0.49428253935065486,train,False,1674
3,400,c,0.06566150178165503,0.06567382435945646,0.07394826040678901,0.025780189742518334,0.025769676767109645,0.37469511765014635,train,False,1674
4,400,d,0.014498903747388787,0.014525679327780738,0.008133042128204102,-0.004683902935174605,-0.004687442636652896,0.010200458407458299,train,False,1674
5,400,e,0.16119702711928321,0.16112081944803902,0.20964891060854196,0.14003764271509775,0.14002255109841882,0.3373932207778103,train,False,1674
0,100,c,0.05210166058141766,0.05210027429099068,0.12099146834754201,0.00025874927681904583,0.0002553499784652047,0.40500509248727995,train,False,1675
1,100,d,0.006002301591568022,0.006003522631575668,0.006486614586804735,-0.0035221031720663733,-0.0035224894196453603,0.05866981274047259,train,False,1675
2,100,e,0.27799261981433593,0.2779976624502853,0.4256087991299119,0.11020015786741105,0.11018710493461335,0.29729885352241653,train,False,1675
3,400,c,0.05423958449591933,0.05423855301073,0.10023203899767034,0.0713859719229074,0.07138324121673818,0.20688105671205834,train,False,1675
4,400,d,0.006477827638111171,0.006481618471333768,0.007745846620752061,0.003112014586431737,0.0031100614781176005,0.03256939995807203,train,False,1675
5,400,e,0.1952621630146448,0.19527692306522035,0.28915432780160655,0.1571033192269614,0.1570927079556313,0.3097518249661379,train,False,1675
0,100,c,0.24737372605188973,0.2476221062312659,0.12704748274121444,0.0005085097625642021,0.0004824099439611729,0.35026798366439565,train,False,1676
1,100,d,0.016075485927788232,0.01608573617122525,0.01816099214397888,0.015871043331672805,0.015864625971829707,0.1868443382041182,train,False,1676
2,100,e,0.17102998541160525,0.1708119909188696,0.23289897623076336,0.11893837735270889,0.11893093309460415,0.2525221281003713,train,False,1676
3,400,c,0.05857098743471163,0.05803642747428122,0.07666578910661741,0.08595348038788878,0.08621119913951368,0.4941754144190574,train,False,1676
4,400,d,0.027990914512346456,0.009028987750956858,0.010526410705061799,0.017729506475060823,0.028546723785421266,0.2521121532507055,train,False,1676
5,400,e,0.21069468638045244,0.2126099657414415,0.2855793705998863,0.17741234942066433,0.1786101216164277,0.32343645469579896,train,False,1676
0,100,c,0.053622997850776156,0.05362333333006683,0.0905286581786531,0.053338830590431104,0.05333774699118642,0.6648580420440265,train,False,1677
1,100,d,0.006270024469885473,0.00627010418011405,0.005637519662543198,-0.007557076807109446,-0.0075574882775813635,0.005978050285980512,train,False,1677
2,100,e,0.280356273669419,0.28068262207970957,0.2848356484348994,0.09046645152783313,0.09045792867682216,0.27480978405234796,train,False,1677
3,400,c,0.08448481824444061,0.07374147732422091,0.10146050520281075,0.06005449296253318,0.06141230849019479,0.6165105209784321,train,False,1677
4,400,d,0.007922692160192256,0.010119428686590026,0.009575102922071359,0.0005609279381174837,-0.0015618554846422762,0.05796278872123675,train,False,1677
5,400,e,0.16374083296365008,0.16344965149061147,0.23575952116452284,0.13894241210480843,0.13890280128261487,0.3077729223591332,train,False,1677
0,100,c,0.07105475114686181,0.07110915381410064,0.1033354951037399,-0.07069917096506913,-0.07071535733965305,0.2885765763802219,train,False,1678
1,100,d,0.009011965756333866,0.009009197220736936,0.01154525753726588,0.001447891882667527,0.0014473679218780866,0.05112104048657382,train,False,1678
2,100,e,0.15620077769540117,0.15621380988353717,0.317009572322494,0.16564317460601558,0.16563451977540147,0.27462377250388653,train,False,1678
3,400,c,0.05266394893855418,0.05265577661292974,0.08293334704655587,0.05627465220026089,0.0562432501763005,0.588970592145146,train,False,1678
4,400,d,0.008147025716912467,0.008156076761580068,0.006310628393303938,-0.004058993436274321,-0.0040609262526268355,0.016321698218287325,train,False,1678
5,400,e,0.17781006180090528,0.1777980097882482,0.3172567901358922,0.1785023881970599,0.17850723089260132,0.29913537734399254,train,False,1678
0,100,c,0.060383132060918124,0.06038513217157692,0.06967141070806751,0.020750847506525644,0.02074342936719475,0.6430002920832649,train,False,1679
1,100,d,0.003010117683387639,0.003010304860037535,0.003543034996668058,0.003524247028609615,0.0035240487897739924,0.05878826564464429,train,False,1679
2,100,e,0.24577675934493395,0.2439156400202039,0.2911720568817689,0.12450455575313943,0.12446683340579259,0.3320520189972268,train,False,1679
3,400,c,0.051618444946736314,0.05162030093503045,0.0785237770614122,0.07529630840557701,0.075291439590925,0.5217825175282369,train,False,1679
4,400,d,0.0058859268311713606,0.005885924078152284,0.005671935843486255,0.0162241024218884,0.016223852618188577,0.12145630806906965,train,False,1679
5,400,e,0.1867781638229475,0.18700262776823076,0.2847153605259936,0.15497480013222611,0.15498237745143914,0.3345081284650856,train,False,1679
0,100,c,0.058110626995370805,0.05809877114678155,0.059830491325871815,0.006431486144650407,0.006430914985706835,0.7129585981226276,train,False,1680
1,100,d,0.004277688295759495,0.004260107350214697,0.005519270511616037,-0.0011288252275121024,-0.0010591147097905563,0.010474906680506404,train,False,1680
2,100,e,0.2087760436647762,0.20884635764977486,0.24717007431754742,0.15911907124023786,0.1591112864265419,0.3158140794170287,train,False,1680
3,400,c,0.058366651283431326,0.05735707010102908,0.08233312237728292,0.010242940704346282,0.010167611339646783,0.6110843486276105,train,False,1680
4,400,d,0.004800840527039764,0.004800851672251068,0.005548744363289737,-0.0057246948401924415,-0.0057248429082666875,0.0840371377533419,train,False,1680
5,400,e,0.1448438364761812,0.14453043459005774,0.25211705473922075,0.13228520878816225,0.1339040945444199,0.3257451947444082,train,False,1680
0,100,c,0.1410077599858773,0.14101202205446944,0.07183645730181096,0.10235481192080798,0.10234197955005854,0.6687498991425883,train,False,1681
1,100,d,0.015348979071335273,0.01535379449065198,0.01461295585826458,-0.0009448696203793005,-0.0009462694948846284,0.012117152514707321,train,False,1681
2,100,e,0.2292115348184296,0.22917192435669878,0.26924368101022705,0.13060132338431515,0.13058674293722775,0.2836244549563785,train,False,1681
3,400,c,0.052191916019932415,0.052190954292616,0.09072858149240164,0.040030467742178645,0.040030095739391175,0.5284229196795117,train,False,1681
4,400,d,0.006018975744167051,0.006098636846039111,0.006726193014943215,0.009889024115270501,0.009779100459952979,0.03329676879239685,train,False,1681
5,400,e,0.18394792901995452,0.18393794410785833,0.2872564607839341,0.1548749573194358,0.15486581379257733,0.3699537353652081,train,False,1681
0,100,c,0.06988928638935207,0.06988257401605315,0.06014620094048219,-0.021121207305450865,-0.021128070708389544,0.8139134072568871,train,False,1682
1,100,d,0.0036898674522039725,0.003689870454585185,0.0037405697707267953,-0.012249066759477732,-0.012249592419720123,0.005103492323673393,train,False,1682
2,100,e,0.18639108661815876,0.18641365882961097,0.2919247152461254,0.15125745171978935,0.1512516371387708,0.37069768812800163,train,False,1682
3,400,c,0.060147232354946414,0.0602397184779614,0.09988658039153794,0.04519693274880687,0.04514722219229036,0.41180996177257734,train,False,1682
4,400,d,0.0048497416329549535,0.004849779260145626,0.006147996918052306,-0.011509703449687976,-0.011509868619745234,0.0500938169688934,train,False,1682
5,400,e,0.18379681318955574,0.18380459690211765,0.24944480793480545,0.15462066010017517,0.15461190061737817,0.308076971415554,train,False,1682
0,100,c,0.06743335200198801,0.06743307550816892,0.08842796301872598,0.06723276381269067,0.06721736520316732,0.42975946633929096,train,False,1683
1,100,d,0.00844201565475793,0.008442226665359596,0.010754431852475783,0.0016334386076090723,0.0016329725326614942,0.006766940410435556,train,False,1683
2,100,e,0.25193596213918346,0.2519409757982048,0.3048709036105308,0.1379677102258762,0.13796325664781528,0.3151354214543213,train,False,1683
3,400,c,0.0572598720512888,0.05725016362698992,0.06903619140791437,0.050817407247152176,0.05081120215815979,0.4765486705132551,train,False,1683
4,400,d,0.004587319098614718,0.004587848875734306,0.0049126421387764175,-0.0035940769719239895,-0.0035941484297677385,0.045594215373964776,train,False,1683
5,400,e,0.1759719852976053,0.17358264719603334,0.2220836699551199,0.1385690403528033,0.13891486493166524,0.32022857763332935,train,False,1683
0,100,c,0.0893803533045001,0.0893781768495669,0.07661711133268959,-0.03897391354669907,-0.03898697475386065,0.8969405892761736,train,False,1684
1,100,d,0.005890238962172981,0.005890339574108001,0.007170288306273099,-0.0050119316804066475,-0.005012181176697652,0.04656893964328262,train,False,1684
2,100,e,0.22808536816855424,0.22807764918552798,0.23928471722618141,0.13094515574105728,0.13093868202154624,0.3315498731826749,train,False,1684
3,400,c,0.060768804032692456,0.06076464021267705,0.06883039149714026,0.06261830642725208,0.06260907019288617,0.3719250445962928,train,False,1684
4,400,d,0.006070308308584887,0.006073865580331135,0.007278959481521613,0.001997242156007388,0.001990079126217239,0.04773370717261093,train,False,1684
5,400,e,0.1826025510630743,0.18257413817319193,0.2874740676529752,0.16709126794812743,0.16708938250388802,0.37509426430201787,train,False,1684
0,100,c,0.061555103237855305,0.06155719816740473,0.08965611751118586,0.07232375732550039,0.07232023804012826,0.7375604804070299,train,False,1685
1,100,d,0.005214575627029839,0.005214607037225687,0.005818309183301521,-0.01843210414980172,-0.01843236516843218,-0.008315700110566163,train,False,1685
2,100,e,0.2036573789690499,0.20365182887617364,0.3408671250432832,0.13651223560003525,0.13650411228548426,0.30427615646429684,train,False,1685
3,400,c,0.06071278812650333,0.06057031583040127,0.07668485962303874,0.030462187468913698,0.03040290052200831,0.7877808367800312,train,False,1685
4,400,d,0.004703025164826381,0.004703324013581277,0.00441932975396762,0.010374752231857798,0.010374263928527227,0.05308323217031688,train,False,1685
5,400,e,0.1850442162783492,0.18494474637802566,0.29068735502629656,0.16051113927394034,0.16049094102390682,0.32187998045361765,train,False,1685
0,100,c,0.07421642457665328,0.17128982515034466,0.11084175779311062,0.09442447603630427,0.04663309606684237,0.9005933670633638,train,False,1686
1,100,d,0.007875728221609623,0.007876115662212559,0.0055109751831898405,0.008002996830123,0.00800273323486742,0.05809789085387086,train,False,1686
2,100,e,0.21695501562916494,0.21692005849535587,0.2586294771644733,0.09522746671450648,0.09522379656885555,0.48293785349315543,train,False,1686
3,400,c,0.07201163796559311,0.0720252645118296,0.08730690630480524,0.06575509488642269,0.06572314486777074,0.5655978698449141,train,False,1686
4,400,d,0.007223431029993992,0.007221909294393719,0.009035793502863715,0.0086063108812926,0.008605939197565249,0.011518641937733385,train,False,1686
5,400,e,0.2091115561909672,0.2090889540442035,0.30646201704892856,0.18607428741286933,0.18606657221586326,0.29670319410316925,train,False,1686
0,100,c,0.05279913095553814,0.05279278708050148,0.056974879753416675,0.0555492415729789,0.05553826988454759,0.4551564032196999,train,False,1687
1,100,d,0.005751656239468062,0.005756226476856918,0.004335106706688852,-0.010931438705591639,-0.010934325599645262,0.013772179086696817,train,False,1687
2,100,e,0.15544699411844737,0.15545172079656217,0.2407030969198334,0.11761095431530422,0.11760598659769728,0.42446378202575,train,False,1687
3,400,c,0.058635668942042064,0.05866687674983852,0.0809434107514757,-0.03348339160257744,-0.03348218678696121,0.4900732154347527,train,False,1687
4,400,d,0.005432906902370119,0.005433015037600047,0.005633717666406135,0.005282373977299351,0.005282185168907922,0.014779911075423513,train,False,1687
5,400,e,0.14587508797082366,0.1458955645232173,0.2073402177025339,0.14711571563021889,0.14710786600939277,0.31946757924646235,train,False,1687
0,100,c,0.06391736778446258,0.06379585374598391,0.09369070552289369,-0.015542198701623775,-0.016349184728169562,0.6832040618689466,train,False,1688
1,100,d,0.01660335741841542,0.016609568932701678,0.010928162417118909,0.022525453799698062,0.022522367763546994,0.04871673671401602,train,False,1688
2,100,e,0.18867282077990244,0.18876536101880104,0.3230103385980941,0.15064264541980593,0.15063789152561127,0.31095930624866464,train,False,1688
3,400,c,0.06473008399595362,0.06471337611289779,0.09772029004275044,-0.020913154634310586,-0.02092341343382671,0.42500495008928163,train,False,1688
4,400,d,0.006483983517125243,0.00718299327712741,0.007572038008370517,-0.007660508441899978,-0.008126276141610874,0.04527184993086056,train,False,1688
5,400,e,0.18736809441836333,0.18737531667024104,0.2564479574598928,0.1477273407914576,0.14771731948058242,0.32307237353228774,train,False,1688
0,100,c,0.06049415095124105,0.060492361224410214,0.08583367604697777,0.028701180362081545,0.028699601074513054,0.35720495090598453,train,False,1689
1,100,d,0.006509664528039547,0.006509750663398658,0.008736326085840776,-0.012396917876502727,-0.0123972922302403,0.07430295103230261,train,False,1689
2,100,e,0.20989672120797975,0.21003761858282866,0.3856848727108104,0.12782161853439242,0.12782394583380602,0.23043450113622538,train,False,1689
3,400,c,0.05620329425580494,0.05620854631699224,0.06856247138922308,0.06086361021775218,0.060841516563311514,0.6255205432285904,train,False,1689
4,400,d,0.004495718731481534,0.0044957343351829625,0.005446986403659051,-0.013521852414239071,-0.013522106355188157,0.04019397362595267,train,False,1689
5,400,e,0.1663086941970987,0.1662958159173992,0.27313695561186835,0.16409522598048035,0.16408749074715304,0.2963430366704095,train,False,1689
0,100,c,0.07799282377247745,0.07798433907519627,0.10746111776741638,0.01767034726146264,0.01766133687529681,0.6337684378675966,train,False,1690
1,100,d,0.00544376729119405,0.005443719432403937,0.007135043999544103,-0.004653490355747128,-0.004653700583199978,0.010955761509851225,train,False,1690
2,100,e,0.1842766114488843,0.18426831212975384,0.19351938303144195,0.14699548004042445,0.1469892722950792,0.35464650289403343,train,False,1690
3,400,c,0.06089223678703054,0.060623985814130255,0.07070706971845257,0.11910798987163283,0.11897510437230885,0.8758738339025669,train,False,1690
4,400,d,0.006201549514411743,0.006206498263970461,0.006800877675696604,0.0007875229051835042,0.0007865034242891689,0.012599832288139101,train,False,1690
5,400,e,0.20948771746470857,0.20692782980012378,0.2807228668718426,0.15194151322964458,0.15043962712869416,0.32242071839800973,train,False,1690
0,100,c,0.08145893204459043,0.08145871575506781,0.10728009089992747,-0.026598488505079274,-0.026599558617198298,0.2195388315916186,train,False,1691
1,100,d,0.0060032545964922805,0.006002835038708338,0.006286679399705266,-0.01926845611011858,-0.019268436906417215,0.020170158306253433,train,False,1691
2,100,e,0.14717493825278904,0.14711796034238345,0.2365235830251821,0.1239520684528647,0.12389574890658804,0.3572500237934534,train,False,1691
3,400,c,0.0650104433431754,0.06421667362465901,0.09530347026157278,0.01242949659338315,0.012260021520461137,0.4995705911259296,train,False,1691
4,400,d,0.006396493758280711,0.0063961128227759375,0.006189102843699718,-0.006929313889606768,-0.006929150785437415,0.01894497022659655,train,False,1691
5,400,e,0.1712154353880951,0.17121724217075648,0.25399245971965295,0.1637764684744616,0.1637702348147515,0.32245690620129286,train,False,1691
0,100,c,0.05377318208518535,0.05377102446535522,0.0776018470383074,0.10116014151545684,0.10115097907957882,0.536364008845123,train,False,1692
1,100,d,0.011619306382289784,0.011591095493079675,0.015005620681626171,0.004080430533143052,0.004079112905930149,0.015857972988658167,train,False,1692
2,100,e,0.1783726127122208,0.1783614794084624,0.2613771666617823,0.16301096145917343,0.16299999548097746,0.26687438227285354,train,False,1692
3,400,c,0.060550384702540844,0.06043700235812819,0.06988183605825043,0.02122337934475027,0.021296742645025405,0.7873494535786838,train,False,1692
4,400,d,0.005130589590622805,0.005133817212741643,0.005769616278803401,0.0015341914740037766,0.0015366591030737987,0.021765003344668087,train,False,1692
5,400,e,0.1973394345796471,0.19726205854534584,0.2928694765681541,0.16060782540624932,0.16060202464786824,0.35124122266479063,train,False,1692
0,100,c,0.12721875825036993,0.09149671178298475,0.06528504214266342,0.12839035363089757,0.1346037033002584,0.4863994579266771,train,False,1693
1,100,d,0.019640649480134987,0.019646848129889923,0.008083310803500091,0.00842337193304214,0.008422939128072286,0.12279559837373359,train,False,1693
2,100,e,0.25461042355164343,0.25484416358393747,0.30648606706749937,0.12110339921206198,0.12159172708070032,0.30445215670073833,train,False,1693
3,400,c,0.050619673755560514,0.050611917780635104,0.06795491365303115,0.01501269028088366,0.015003620182469746,0.6974743934623376,train,False,1693
4,400,d,0.009485803327218061,0.009558564489373204,0.009788604747755005,0.020573830030910453,0.020559778201180913,0.09459456718233168,train,False,1693
5,400,e,0.19363499943786708,0.19363571109231464,0.29128995284884657,0.15503576199202812,0.15502060994166114,0.31733673504366633,train,False,1693
0,100,c,0.09813534920336316,0.09815237561051517,0.06941070698799366,-0.00612535974098094,-0.006132656705597626,0.9743839562953905,train,False,1694
1,100,d,0.0034255343815621157,0.0034256661905888402,0.0039938061084042395,-0.010771957036840831,-0.010772302617761511,-0.0032080707073814095,train,False,1694
2,100,e,0.18906996656292827,0.18906174045279914,0.2138035759312831,0.08040473346752272,0.08039865275966655,0.48160228215942325,train,False,1694
3,400,c,0.06862655327342539,0.06873125299129372,0.083796521426619,0.04361775307716286,0.04359670269076105,0.9501920794281523,train,False,1694
4,400,d,0.006230558732969238,0.0062597639883356935,0.005981540634304855,0.018027496759413335,0.018014001408830735,0.13430665817258974,train,False,1694
5,400,e,0.1878864908421313,0.18790131231817092,0.25705543579518464,0.15858491038044617,0.15857521637511948,0.3143367085093452,train,False,1694
0,100,c,0.06089621339389969,0.06085026658575208,0.08808816692258725,0.03576767281315007,0.035752263016732184,0.5251104430271272,train,False,1695
1,100,d,0.020293137938773697,0.020297694516147755,0.01901981288726215,-0.024969039814963328,-0.02497067812522893,-0.007807391880976091,train,False,1695
2,100,e,0.16225870281577057,0.15550513720463896,0.2966778194049877,0.16419372848119954,0.16670744225365478,0.30403245476565305,train,False,1695
3,400,c,0.10500663648770439,0.10504973818701403,0.09598738652938571,0.04485272224813329,0.04483463752773112,1.0945282714484719,train,False,1695
4,400,d,0.006793772990170365,0.006795013935938941,0.006649535543954115,0.01272292189210539,0.012718706850196533,0.0845815619597536,train,False,1695
5,400,e,0.19136244512596334,0.19045148020070152,0.2684859225251877,0.16209880101048924,0.1607199380550703,0.3381387323567317,train,False,1695
0,100,c,0.05374009189078944,0.05373785791136165,0.06902928199440643,-0.04532269557813209,-0.04533493338402643,0.3782576574351954,train,False,1696
1,100,d,0.005752332367794642,0.005751728393640361,0.006163404454242707,0.007515690463875587,0.007513474914616403,0.018839622118620378,train,False,1696
2,100,e,0.19082153937767854,0.1866750996503319,0.266038846970112,0.140233926039826,0.13997593140640263,0.33269271187034377,train,False,1696
3,400,c,0.09299331552011003,0.09300781810962463,0.09292432583730666,0.08020239171873762,0.080186612719654,0.7828854770084047,train,False,1696
4,400,d,0.009049798623080484,0.009056092633433387,0.007452756081603804,-0.005695627135522194,-0.005697391173677655,0.007281550763773339,train,False,1696
5,400,e,0.1783191681827175,0.17831814575370789,0.25773060675442055,0.13468082116128569,0.13467270075658203,0.6142937652587284,train,False,1696
0,100,c,0.08126517109905537,0.08123447559857633,0.08314667994083152,0.022422158396021744,0.02234949423459568,0.4153393963262013,train,False,1697
1,100,d,0.00884826908577388,0.008850778338862428,0.009616559569621758,0.00040840587698063755,0.0004078595197370838,0.016096619933765835,train,False,1697
2,100,e,0.24103114890331997,0.24111746976652382,0.23703056205633388,0.043750295180382114,0.04375820494792507,0.24521704354363222,train,False,1697
3,400,c,0.05218358662287205,0.052183455152499336,0.07569744113542014,0.05181898036937532,0.05181914432478216,0.7524491683584196,train,False,1697
4,400,d,0.00618143040647392,0.006079404964747182,0.004962821235325811,0.003462147964642561,0.003476261306912818,0.04516979792491188,train,False,1697
5,400,e,0.17545373658297433,0.17548540392043624,0.2941721200191179,0.14294045556620988,0.14293726059387957,0.31864704645927266,train,False,1697
0,100,c,0.05867769678333341,0.05867981938364189,0.09234941295716402,-0.04976711774670392,-0.04977584641996515,1.0499598726225055,train,False,1698
1,100,d,0.00575573391274067,0.0057597871727671215,0.007377354626323135,0.014105782503929128,0.014104998384242862,0.05094688939677569,train,False,1698
2,100,e,0.22211595790105465,0.2220863991278727,0.42402793871234407,0.1620099693904478,0.16200116678324947,0.30354067326025974,train,False,1698
3,400,c,0.05513276015553885,0.05516521570776955,0.08576112447271024,0.03721063080256599,0.03718036428132592,0.6915259025602473,train,False,1698
4,400,d,0.005080383311605367,0.005080447410698638,0.005565199145185765,0.008050593760312346,0.008050422817105059,0.03753916821267495,train,False,1698
5,400,e,0.18692659984431728,0.18649125580117387,0.3012200927303607,0.17530122653950173,0.17524480799351821,0.28296172292238037,train,False,1698
0,100,c,0.06637840126771825,0.06820980162140683,0.0667048844125926,0.010373107102954578,0.01090539568504326,0.5555938695401342,train,False,1699
1,100,d,0.01397445617946508,0.014451662122811088,0.009023381491556197,0.015527578212148434,0.015221044706356218,0.10145800805192191,train,False,1699
2,100,e,0.25808899432662513,0.2579468652993306,0.36360201948106907,0.13871967947048283,0.1387115256874919,0.21409348981876752,train,False,1699
3,400,c,0.0520822728724086,0.051917713882515454,0.06595648765224621,0.02264143138880307,0.0226453328900206,0.3751816401538332,train,False,1699
4,400,d,0.004756693294468744,0.004752565076010104,0.005183117536961545,-0.0026511205080777954,-0.0026638553212043805,-0.0012050725107443938,train,False,1699
5,400,e,0.17159854792274395,0.17138043484904514,0.2727970195650575,0.14079047480574897,0.14078722408888195,0.32982744747831383,train,False,1699
0,100,c,0.07376790553627158,0.07377181147228888,0.0988941400149712,-0.07957560899602839,-0.07957882789408935,0.11274615206493949,train,False,1700
1,100,d,0.012074916108563183,0.012075468163932845,0.014756517667458835,-0.0045390661803506125,-0.004539615762921372,0.023681710488540696,train,False,1700
2,100,e,0.1813580329593426,0.18114343992962254,0.36500034802333226,0.11103088494654603,0.111027925034449,0.34124267033542294,train,False,1700
3,400,c,0.0646472805535888,0.06458160700703458,0.07288841994295718,0.08531187351038647,0.08530530352105316,0.5780929973138772,train,False,1700
4,400,d,0.007188300241614048,0.007188334674916565,0.008894869673576309,-0.0044382892323098135,-0.004438547667802926,0.08360688068672636,train,False,1700
5,400,e,0.1664756758479751,0.1664827709891581,0.20576113114452088,0.15084337802978237,0.15083792763489873,0.31357191083601427,train,False,1700
0,100,c,0.07584436864505104,0.07579200498371313,0.0811866908114048,-0.15723786374230223,-0.15721639587278133,0.45953025834689837,train,False,1701
1,100,d,0.007977639446983528,0.007977863876163574,0.004482417800866066,-0.0031264101039968394,-0.0031267872903561413,0.08269104497300188,train,False,1701
2,100,e,0.14396299757552933,0.1439522324437647,0.29875755128711234,0.11195202192925756,0.11194896238475992,0.4695603882494684,train,False,1701
3,400,c,0.06256044605743731,0.06253514702751066,0.07082715764503625,0.08524947905815147,0.0852178523004772,0.49023155099439875,train,False,1701
4,400,d,0.014640842007500446,0.014662401126469224,0.008491568444656386,-0.007402473567206301,-0.00740268890588034,0.029149312330309183,train,False,1701
5,400,e,0.16572529236520014,0.16572610974079538,0.24770455372168088,0.1590192634077306,0.15901543300698273,0.3456075353874729,train,False,1701
0,100,c,0.0792040669700976,0.0792164006862337,0.09616553986596844,0.03945174930080384,0.03942298575944712,0.787232594702016,train,False,1702
1,100,d,0.006488528622684112,0.017412821424229296,0.0034246692439520053,0.025395490788428444,0.020314657938186632,0.14732242415923102,train,False,1702
2,100,e,0.21992049190820315,0.2199176236218327,0.28868162031537026,0.15376019264924154,0.1537541649600786,0.3586867736995606,train,False,1702
3,400,c,0.08367994673134829,0.08377661142243902,0.11760611250983866,0.07451886655398746,0.07448080213651842,0.5931124244414656,train,False,1702
4,400,d,0.005527995492369844,0.005528176406778228,0.006680862035413098,-0.012211722705181938,-0.012212170536732804,-0.006379774073117517,train,False,1702
5,400,e,0.15244898754227834,0.15244427869635221,0.21479278953813963,0.1572895780343734,0.15728359782556986,0.30349696748434235,train,False,1702
0,100,c,0.06512676256850422,0.15483134442074342,0.07022495330900164,-0.014790500305766372,-0.045874476583806396,0.5848921973743182,train,False,1703
1,100,d,0.019036767942507804,0.019043418492774137,0.012255599932715714,0.021411403514384128,0.02141009034484437,0.09397926882447159,train,False,1703
2,100,e,0.25180722420224844,0.25181006070832024,0.33408210859330234,0.12737390071460142,0.12737017150296268,0.3147641234285303,train,False,1703
3,400,c,0.061755827478292134,0.06180793499473336,0.07089693741252334,0.10126440548548246,0.10119441516077843,0.7658723474564405,train,False,1703
4,400,d,0.02890991819963262,0.02885388429228467,0.008639248431554343,0.00976531414518508,0.009754368658771,0.1795014630694471,train,False,1703
5,400,e,0.19527866542981973,0.19528166809363295,0.32374261545877564,0.16374003595041664,0.16373667592794397,0.3302474680671129,train,False,1703
0,100,c,0.07330881434678133,0.07342444110931771,0.13498881969044885,-0.007942984683327055,-0.007985658228918453,0.434670746868768,train,False,1704
1,100,d,0.006171377727664091,0.006171302304479287,0.012145872050584355,-0.0021614972057180815,-0.0021617829338430104,0.015308170983739107,train,False,1704
2,100,e,0.21242937748882829,0.21241412218399133,0.23916193222505946,0.09956900394382621,0.09957321479719454,0.48628510474619524,train,False,1704
3,400,c,0.09196525480302392,0.09201643937049825,0.08780588713015476,0.011002956803655196,0.010988760730393921,0.35937377360632916,train,False,1704
4,400,d,0.01018388090439074,0.010187731587195008,0.0080363521794044,0.010172407742211967,0.010171238040898896,0.024526775334236497,train,False,1704
5,400,e,0.21006420030843959,0.2100649975789932,0.3305800205488731,0.17373901805675743,0.1737335580191897,0.3057167795041048,train,False,1704
0,100,c,0.0621273734135344,0.06212674035508264,0.11375812579483977,0.021176919210727976,0.021176596384165407,0.8658224329419809,train,False,1705
1,100,d,0.013234181119863558,0.013233321831135614,0.010063341486096727,-0.009029257579505288,-0.009028008854404633,0.05665274827343381,train,False,1705
2,100,e,0.18500101173367905,0.18481360669737185,0.25728413811617235,0.15799941673434767,0.15798120250573752,0.2890088683928894,train,False,1705
3,400,c,0.05463195578013055,0.05463239181632743,0.07318005038124052,0.06449759605411118,0.06449500733185232,0.4657045593933045,train,False,1705
4,400,d,0.004770433433127644,0.00477054519089636,0.004301708028148327,0.007086144232235938,0.007085902302766379,0.14588666099553843,train,False,1705
5,400,e,0.1873210865448232,0.1873473255333735,0.3229121597645443,0.17729776217213938,0.1772858654073074,0.2958157207687764,train,False,1705
0,100,c,0.09603050301168438,0.0960454157393067,0.10433962010785999,0.1289559917736571,0.12894301794306628,0.8057801046607536,train,False,1706
1,100,d,0.024400718855170634,0.024401562886739087,0.006930332657868938,0.025389370306188097,0.02538907165275999,0.1472546462755524,train,False,1706
2,100,e,0.22809798887398433,0.22806727733500107,0.35312491149951397,0.16538353281613213,0.16538999733953738,0.3370556553438402,train,False,1706
3,400,c,0.08097429819032775,0.08074433006817172,0.097862920816024,0.02785026384049175,0.027844341298612536,1.0945286649080923,train,False,1706
4,400,d,0.004939978205066784,0.0049482152267941015,0.005694388147295761,-0.001159105911372702,-0.0011761676538954015,0.04311613570650479,train,False,1706
5,400,e,0.16946331878173077,0.1694744506686087,0.2530827840976949,0.17448329103088525,0.1744685053020212,0.2780000798183814,train,False,1706
0,100,c,0.04812240401923166,0.12296431355369089,0.11074651953255962,-0.006734276320900889,-0.02633400855721071,0.7623023743941539,train,False,1707
1,100,d,0.007913211827008658,0.007913421599762752,0.005892913259534438,-0.023829878586571686,-0.0238301988736103,0.036293142874430445,train,False,1707
2,100,e,0.1749810012292156,0.1749633334624472,0.2744851050752778,0.11797354506058906,0.11796708790371102,0.3958692919518195,train,False,1707
3,400,c,0.05477608383144252,0.05477750475430298,0.07429559105447395,0.015088507790051154,0.01508454625685559,0.8728734616319604,train,False,1707
4,400,d,0.0050919784065734,0.0050923250446755905,0.00647711079865356,-3.07236513709519e-05,-3.097176979407479e-05,0.08446668322087446,train,False,1707
5,400,e,0.18487321621302094,0.18486421670397873,0.24473212865621807,0.11742484162330236,0.11741334821341035,0.45053000675400434,train,False,1707
0,100,c,0.06560423085691704,0.06438961848363138,0.06815962855018781,-0.023155650527850895,-0.023497983446314735,0.34091655535519905,train,False,1708
1,100,d,0.006475247314832923,0.006475280896971407,0.004870617202446685,0.02314386911154317,0.023143755852645765,0.14251965681228865,train,False,1708
2,100,e,0.16802377606971103,0.1683455428941185,0.1921280239018243,0.09914622323634059,0.09890054832854173,0.35317556226153257,train,False,1708
3,400,c,0.0706971948324178,0.07080008249156337,0.09298360158391125,0.0971319157988004,0.09705723858467145,0.5445961304624841,train,False,1708
4,400,d,0.011122164668496646,0.011122264312885575,0.005533748874874967,0.01345959203283325,0.013460840822673212,0.10471313106768175,train,False,1708
5,400,e,0.2040671682486791,0.20407135059877532,0.30040858568093964,0.15570325220988246,0.15569047172862624,0.30456161599055415,train,False,1708
0,100,c,0.20983267960889085,0.20961833248174055,0.15342174208441556,0.03469920183686242,0.034670112695479885,0.9865332737988787,train,False,1709
1,100,d,0.010496798836584964,0.010496841322210402,0.01235466711115663,-0.00118021342822475,-0.0011804225834890047,0.02451367822329715,train,False,1709
2,100,e,0.1776331701167895,0.18286165463540027,0.224478568815076,0.1304316085017949,0.13784484348458392,0.286925089156895,train,False,1709
3,400,c,0.05035178785323527,0.05034975181602707,0.08323174496943363,0.00765181107585299,0.007648284323720844,0.39485561083964016,train,False,1709
4,400,d,0.0070961549847056125,0.007127506201775496,0.008399922999723669,0.0017480725305586376,0.001741137521508236,0.015869066816290082,train,False,1709
5,400,e,0.16255633518436846,0.16249931978396362,0.22794870744503787,0.14053111475009467,0.1405254586713585,0.293241244135269,train,False,1709
0,100,c,0.0889951035674908,0.08900264960717377,0.06374372536064431,0.10175372838780476,0.10173721176891803,0.7231732907129181,train,False,1710
1,100,d,0.020859242374362444,0.02085886422793242,0.005716951849961973,0.029382634049702646,0.02938218454354143,0.07388158023843104,train,False,1710
2,100,e,0.23775503128208236,0.24714885288559826,0.28525804498138785,0.14521590074070248,0.15041363777416897,0.34747133518908896,train,False,1710
3,400,c,0.0533561229540749,0.053349768128578036,0.07068193617367681,0.04078572762500599,0.04079148974871472,0.7497787670685176,train,False,1710
4,400,d,0.005297052060229777,0.005295782886760342,0.005242981199560537,-0.003304072641730258,-0.0033035061842826784,0.08137972509033696,train,False,1710
5,400,e,0.1499972549261796,0.15068240534308874,0.22539139230115318,0.14892690871740427,0.14892095241200026,0.32097985279849967,train,False,1710
0,100,c,0.05190075206304451,0.05199314377986017,0.07085393090508113,-0.04635921717449321,-0.04641594588734606,0.4987224753378332,train,False,1711
1,100,d,0.005638046585432992,0.005638086048447106,0.0065690134006133735,-0.015898360821113896,-0.015898609647314484,-0.015522623687536327,train,False,1711
2,100,e,0.19051273525351006,0.19031515103212915,0.2867026516310169,0.14192262549144738,0.14191791277512586,0.2405392113331394,train,False,1711
3,400,c,0.056547843590291816,0.05663084505005962,0.07930868364085182,0.057559164987062775,0.05753626897814655,0.2263291340123039,train,False,1711
4,400,d,0.005636864774086524,0.005636970231454531,0.005589104701760479,0.005972475865218563,0.005972819556036182,0.16136473805494334,train,False,1711
5,400,e,0.2230066516510768,0.2230092431026326,0.2847504754615724,0.17012741713966337,0.1701175345974758,0.2808264208177239,train,False,1711
0,100,c,0.09609425616080342,0.09612377435709356,0.0638796857630827,-0.08876721309202801,-0.08879883313708369,0.5890281296365855,train,False,1712
1,100,d,0.027909949036126768,0.027911909204887796,0.00426168086130242,0.0011269192443342391,0.0011256336292413671,0.09731659892578963,train,False,1712
2,100,e,0.1756227465586726,0.17560606240891535,0.20792206997259244,0.11528174254607003,0.11526592792771034,0.3250543560065788,train,False,1712
3,400,c,0.05249119765642378,0.052508714683978816,0.07610548980221882,0.043682342022655835,0.043659706800427925,0.5832712105895217,train,False,1712
4,400,d,0.00509341598568918,0.005087031478835837,0.007526546643845997,-0.005879255912277621,-0.005883124923197407,0.03002812252536696,train,False,1712
5,400,e,0.17730466075740842,0.1773208655026618,0.22883398218854992,0.1321212900536778,0.13210683103930457,0.33071751510692005,train,False,1712
0,100,c,0.05451484223803324,0.05433866887790134,0.05961086054339949,-0.03669569636422004,-0.0366775860850565,0.2275772974450338,train,False,1713
1,100,d,0.013040406090727435,0.01304023400444623,0.009491257299166618,0.016271485531950312,0.01627139205482859,0.028778673908548526,train,False,1713
2,100,e,0.2167149228699075,0.21967407290348248,0.2507916489220066,0.12019736098803414,0.12023763354011074,0.4123576131743937,train,False,1713
3,400,c,0.05539022204028518,0.0553917872501215,0.06439135227522569,0.0561437762633598,0.05614329412588163,0.6984699885462679,train,False,1713
4,400,d,0.005172836170466059,0.005173237227655293,0.005499913583039958,-0.002147669830778547,-0.0021480616149717412,0.09951982578221535,train,False,1713
5,400,e,0.1635853103262028,0.16332243215825934,0.24876762095667385,0.18130193321683633,0.18050871638416335,0.319400084160264,train,False,1713
0,100,c,0.0687431600142677,0.06876393843926651,0.12327753006796158,-0.05621725397506367,-0.05625424565879349,0.13375222600408243,train,False,1714
1,100,d,0.005956443926420697,0.005956525627879539,0.005788004737689491,-0.020963372764754844,-0.020963665388746302,0.10226227828105389,train,False,1714
2,100,e,0.13661345269846042,0.13653590615439662,0.29758053318915506,0.1088867077501439,0.10887922851269594,0.3123644629216067,train,False,1714
3,400,c,0.06620583829647306,0.06619827705379498,0.08879229521084164,0.009405246004071728,0.00939566982712421,0.223439635659674,train,False,1714
4,400,d,0.0055055253528471645,0.005503037755761074,0.0058385515320883395,0.011619667834850968,0.011619394920036044,0.02165044896892102,train,False,1714
5,400,e,0.1750852310695211,0.17689505741012684,0.25177512890923237,0.15478467924996928,0.1567768272262048,0.3269200797961919,train,False,1714
0,100,c,0.15630241962246028,0.15624394443589826,0.14596046480215866,0.00024293097497682937,0.00022499879968634673,0.4009854005902891,train,False,1715
1,100,d,0.008294525004582064,0.008296953974396388,0.00467058825380588,0.01518777530025492,0.015187290430320388,0.018459839846586393,train,False,1715
2,100,e,0.18991827775104383,0.1950577547489059,0.27019441707551833,0.14071713382182252,0.15224016586097364,0.27916745603247933,train,False,1715
3,400,c,0.05486946309820309,0.05655443140971558,0.09454217370123236,0.021136889904388667,0.0196498455403254,0.5946692406657538,train,False,1715
4,400,d,0.0043979216045966305,0.004398115029188546,0.005808111508195216,-0.003436082331265631,-0.0034364546385669214,0.00735107232780825,train,False,1715
5,400,e,0.18049109416963457,0.18048434112205336,0.2757646194682309,0.1524572229563675,0.15244763913697928,0.336433686765286,train,False,1715
0,100,c,0.05732887512889445,0.057317863335863625,0.07639136573245107,0.03396366259208357,0.03395840592691158,0.8148653151512788,train,False,1716
1,100,d,0.0040361832349598585,0.0040812387079740865,0.0030025316589841716,-0.0069988947957301305,-0.007007331313365484,-0.005237453994347909,train,False,1716
2,100,e,0.16831807514461355,0.1683150457927055,0.25044892185366713,0.11418166902817095,0.11417482362589308,0.30567895817799384,train,False,1716
3,400,c,0.06396521499896775,0.06403068103150861,0.08453734078332742,0.014957922676634325,0.014925092964813516,0.21367267266951237,train,False,1716
4,400,d,0.005267956935524325,0.0066726944794571925,0.006712341381838023,-0.00027616042159662514,-0.0007557177333488241,0.012666415070202657,train,False,1716
5,400,e,0.1628913286226203,0.16296570126383605,0.2696292148108535,0.15603953106458165,0.15603396080964502,0.3330573578282947,train,False,1716
0,100,c,0.050799533418426676,0.050801011319063824,0.07485452281263187,0.035278604218172305,0.03526919401128758,0.6003476958819729,train,False,1717
1,100,d,0.004342241463129043,0.0043517770598227165,0.0029854495520074665,0.0029324052806742173,0.0029290031994710654,0.047763206396403246,train,False,1717
2,100,e,0.21691891485852177,0.21702563350237675,0.21513954381365097,0.04288796488512283,0.04281920779301039,0.49767620060241363,train,False,1717
3,400,c,0.06415801138561841,0.06418528998142828,0.08038424731755713,-0.029276160140405738,-0.029306864981643272,0.4322862099538414,train,False,1717
4,400,d,0.004016031755043314,0.004015983717953431,0.0045593365689419844,-0.0010832665006971,-0.0010930625500003722,0.016473549683571117,train,False,1717
5,400,e,0.1815992806080964,0.18159645937002755,0.28112091674413053,0.14675736701091166,0.14675149215469557,0.39124433550686705,train,False,1717
0,100,c,0.1136353106343005,0.11361595043038712,0.09257734183781695,0.10194475107803669,0.10193946205773259,0.5302654697921523,train,False,1718
1,100,d,0.0038770798455977475,0.0038764266212309175,0.004844473007072681,-0.026724225943383396,-0.0267239878355106,0.05432283746671054,train,False,1718
2,100,e,0.18748906777124447,0.1874970075707311,0.1829118499888563,0.11715731749454662,0.11715512181960179,0.3167237478134816,train,False,1718
3,400,c,0.07402553795063935,0.07407083078491962,0.07778921056622835,0.037200333924049575,0.03716007443877033,0.6278784292721061,train,False,1718
4,400,d,0.004306726956307192,0.004312546686536838,0.004343838851291162,-0.0036686238623003576,-0.003672660308836697,0.020688649754804837,train,False,1718
5,400,e,0.15645050984180642,0.15634725678284978,0.25818944066737987,0.15585513954049476,0.1558532021763108,0.33773117474659275,train,False,1718
0,100,c,0.07253608913871643,0.07258713537762786,0.09405135823413005,-0.08043342689580676,-0.08047052098538729,0.17702152165647597,train,False,1719
1,100,d,0.010045825712790255,0.010029509334821036,0.01278505989646703,0.01995202487537094,0.019951775194382737,0.17517951358373007,train,False,1719
2,100,e,0.17949450304425227,0.17868299976298563,0.250808343697919,0.1426771959773701,0.14245363442175052,0.33035224300060007,train,False,1719
3,400,c,0.06258853905778188,0.06257849240510352,0.07742164272345337,0.029057078051469534,0.029048950254930334,0.517161860835295,train,False,1719
4,400,d,0.005545264866799238,0.005545486585132794,0.005727180664856262,0.007558539036520937,0.007558258999478333,0.04515428772755996,train,False,1719
5,400,e,0.17118104018768554,0.17120358479228215,0.2731742079524412,0.15973650062045003,0.15973136232609206,0.3254133172859373,train,False,1719
0,100,c,0.061760083585267994,0.06176097339057145,0.06426434760719316,-0.03453578264514022,-0.034537367888246566,0.13148121558855763,train,False,1720
1,100,d,0.02591758117851599,0.025955822309529114,0.008815101569158292,0.010096525544136536,0.01009514113778467,0.019562547373199166,train,False,1720
2,100,e,0.30186811829203475,0.30188597194995287,0.3245741579629851,0.0865929293909349,0.08659636809245179,0.2618314666625487,train,False,1720
3,400,c,0.05993437958693866,0.059934242144899175,0.10527050226992993,0.01423151448491609,0.014231134799987473,0.5186607944834369,train,False,1720
4,400,d,0.005528467542025812,0.005528553899594229,0.005253851383891308,0.015092137642733547,0.015091881860157202,0.03682126956335543,train,False,1720
5,400,e,0.17953079095169802,0.17888897970974768,0.3076388927944204,0.15202542412135361,0.15186032086819307,0.3250748486517697,train,False,1720
0,100,c,0.10044006752109956,0.06160973627081451,0.07350817188352236,0.05039849672839125,0.06081686932520469,0.30808077073910767,train,False,1721
1,100,d,0.006724549410696928,0.006725123778210583,0.008286529205417762,-0.008726757660715805,-0.008726995134411481,0.03854588800004333,train,False,1721
2,100,e,0.2509593750216138,0.25093525654327065,0.2659046414879194,0.09115195722405744,0.09114837735015961,0.3826765585344086,train,False,1721
3,400,c,0.05634303395002083,0.05647745018760864,0.07325572852406603,0.002752347808200852,0.0027484580021223336,0.666829924839277,train,False,1721
4,400,d,0.004939761531248331,0.004939759156242049,0.004779261050163859,4.404964112676879e-05,4.3932063020513116e-05,0.08627238240672964,train,False,1721
5,400,e,0.16685110831503167,0.16591786377286863,0.2932456705320381,0.1764968599044923,0.17662329966061316,0.2977552248059256,train,False,1721
0,100,c,0.09232969447514576,0.09235890116216926,0.09792478338257306,-0.0017174662365358273,-0.0017320318612220832,0.3015802361069093,train,False,1722
1,100,d,0.00928744809121206,0.009297025963763831,0.0050430632346252805,-0.009672463018971912,-0.009674824305627574,0.005282047084631394,train,False,1722
2,100,e,0.20525187254322444,0.20527737435560137,0.30261486374939095,0.09027066034863193,0.09025629941938601,0.29086649713312707,train,False,1722
3,400,c,0.06497151315957808,0.0649774462334281,0.07051914605137348,0.08113284292217167,0.08112651400823388,0.3380114054044022,train,False,1722
4,400,d,0.004760430897758869,0.0047447849009120725,0.005658278630497045,-0.014954207417014623,-0.014964637773215302,0.023558723527601286,train,False,1722
5,400,e,0.19699127874257485,0.1969973653469367,0.24501937682218006,0.15042047899875377,0.1504260238369947,0.32519298968610905,train,False,1722
0,100,c,0.17928514494803982,0.1793969922657991,0.15453759528164945,0.06123658472815116,0.0612286252661584,0.7550999036474723,train,False,1723
1,100,d,0.015562504619099632,0.01556410754194839,0.01623093302021419,0.016525176572046725,0.016521280324445657,0.1529316398834178,train,False,1723
2,100,e,0.1948387854768513,0.1948447523920777,0.26116942409802446,0.11801514762062379,0.11800901840548758,0.2680876213190741,train,False,1723
3,400,c,0.052225147368209095,0.052223279976666814,0.07925082248993101,0.03564106390469945,0.03564069110966706,0.8365032720688204,train,False,1723
4,400,d,0.007951652965153553,0.007949700864751592,0.008670785973245956,-0.0006196725648973355,-0.0006197952451322131,0.04477964604296991,train,False,1723
5,400,e,0.1781209268595906,0.17827464129566406,0.25129694294414295,0.16373148866987294,0.16372869803374931,0.3205767012340868,train,False,1723
0,100,c,0.06358645237527687,0.06356997895993295,0.07682601574741944,-0.09063249374958658,-0.09065665319281778,0.7480467821152493,train,False,1724
1,100,d,0.006040139262254996,0.006040047380783421,0.0075157156985855835,-0.005490158856106433,-0.0054901961823591704,0.020269377301856597,train,False,1724
2,100,e,0.1676149038992329,0.16762323077699923,0.2367882795420575,0.137850646115471,0.13784594045357054,0.34455850746634054,train,False,1724
3,400,c,0.05733857173781058,0.05729839297811273,0.08846907050989311,0.05661177028445863,0.056564234556887104,0.6503830020625431,train,False,1724
4,400,d,0.012329851031208462,0.012353391314772812,0.00833333071559848,0.01618680070141114,0.016181259007255786,0.02251730607855835,train,False,1724
5,400,e,0.19588773566492,0.19587935866182338,0.25816193104515184,0.17334596764684296,0.17333347593860038,0.3085053462210832,train,False,1724
0,100,c,0.06375306110439594,0.06372456758732638,0.07811215572954479,-0.016149324055926045,-0.016167524719767103,0.9112265782077433,train,False,1725
1,100,d,0.014053397838035052,0.014066430153259694,0.0034918022897455566,0.011620416845090702,0.011619277576517711,0.08980390083231629,train,False,1725
2,100,e,0.176818430503471,0.1768194664110158,0.3282352060245575,0.12767384558506642,0.12766932915632714,0.393659978067063,train,False,1725
3,400,c,0.06308408823126793,0.06296251497556438,0.08639287679742974,0.017449684268566586,0.017390852359509167,0.4475277913803879,train,False,1725
4,400,d,0.006932692251200451,0.02876777937025745,0.005668306438206852,0.008585914134374999,-0.0022925689205978727,0.1477576111675567,train,False,1725
5,400,e,0.15781398354655873,0.15781535722236575,0.24036328578913602,0.13295655411874774,0.13295860025996947,0.408441362141305,train,False,1725
0,100,c,0.25858227781406296,0.25861997931495834,0.11610207309889406,0.011810683062784905,0.011797068631493062,0.14086955702801832,train,False,1726
1,100,d,0.012555328782680349,0.012564144941012056,0.0036326996253221886,-0.009228301268117746,-0.009230135935917084,0.03387959622070742,train,False,1726
2,100,e,0.18377378900369423,0.18379825895656013,0.2619519917470939,0.13916383179144454,0.139159706627119,0.5345456991737685,train,False,1726
3,400,c,0.05062246522405417,0.05059884280779557,0.07922199046298928,0.07019221718011238,0.07013175864333604,0.4799949509277734,train,False,1726
4,400,d,0.006200763751644335,0.006198791638772039,0.008023281024661592,0.0009294925460713444,0.0009289873609124655,0.06443130675684491,train,False,1726
5,400,e,0.16058989765829085,0.1605401931002702,0.22466181932809046,0.12162919488547357,0.12162532681635949,0.336960475378785,train,False,1726
0,100,c,0.10862214556437902,0.10872298153102618,0.10401506750195293,0.006133543553480507,0.006106800847804834,0.5383476948835428,train,False,1727
1,100,d,0.005751276336410848,0.005751344030508731,0.005366906663449439,0.00039321395829325926,0.00039279151266942593,0.0544583776780895,train,False,1727
2,100,e,0.18519341388149232,0.18520251025051138,0.25630837960692476,0.11230148051217612,0.11229641179480183,0.2732125253998874,train,False,1727
3,400,c,0.06574171857184338,0.06554610677369758,0.10242187273197517,0.05211009766318924,0.05202247087988688,0.599137271840164,train,False,1727
4,400,d,0.0057846118193623335,0.006515401085011478,0.005118196545950504,-0.003475348485321668,-0.004030627163468736,0.09190957010715393,train,False,1727
5,400,e,0.18851237873900495,0.18855187349880023,0.25460064946936706,0.1622877598547116,0.1622786106452832,0.30450465890761214,train,False,1727
0,100,c,0.23207957025346268,0.23206275744818872,0.12016836127269408,0.01766492596798784,0.01764599696192619,0.8329526900361429,train,False,1728
1,100,d,0.0065961650291451865,0.006602164764729629,0.007629429868787821,-0.0005175384575806597,-0.0005193852943702026,0.025416700773392833,train,False,1728
2,100,e,0.18802634251101952,0.20840485181631332,0.3263714076618466,0.14594715433912575,0.1479891023640657,0.29373427197900986,train,False,1728
3,400,c,0.04979072378621841,0.049778027446882304,0.07724326692020729,0.01305858891299998,0.013071396561636207,0.7832599868859728,train,False,1728
4,400,d,0.0042908655225167595,0.004302282807360976,0.003983965778533325,-0.004669887093475769,-0.004672800905103838,0.02150582324769461,train,False,1728
5,400,e,0.1779237622508152,0.17791990584339246,0.24642770797202995,0.13836287420693502,0.13835756727167287,0.33938585657085674,train,False,1728
0,100,c,0.07574715138004899,0.07575337707672039,0.07492236784404654,0.07100232050899642,0.07099698754435557,0.5238464993051432,train,False,1729
1,100,d,0.010359714945079014,0.010359841616584299,0.017903970110011977,-0.014460848536192224,-0.01446108879314103,0.06021300584250342,train,False,1729
2,100,e,0.19292729127627006,0.220367905999255,0.17291768620693837,0.06932999293691307,0.078927901414438,0.2828187560870284,train,False,1729
3,400,c,0.05965521419825084,0.05964137177294965,0.0843941645786841,0.026587793080424974,0.02658139137143671,0.36093355170135977,train,False,1729
4,400,d,0.007425154865319194,0.008585251234643414,0.008767688818790743,0.015839856504248823,0.014750005527465557,0.07467717090454773,train,False,1729
5,400,e,0.18870770824979718,0.18870577956086496,0.2869137190851067,0.18126738129605882,0.18125874784417065,0.2970335669921905,train,False,1729
0,100,c,0.07301505391351323,0.07311402566740262,0.0900028288644437,-0.039837307757907045,-0.03987446051712865,0.35217905545656814,train,False,1730
1,100,d,0.0047150993133317776,0.012991252291976532,0.0054691659178608765,0.003981615655202617,-0.00044304262159812426,0.05744985540537442,train,False,1730
2,100,e,0.25424735401542337,0.25417386951120663,0.2253120150484991,0.08963945612262876,0.08962411078162838,0.3169114375585358,train,False,1730
3,400,c,0.05968835118497674,0.09226080193542024,0.08926382668447747,0.060597808098815875,0.03381187243075146,0.7200728711229942,train,False,1730
4,400,d,0.005100014955177856,0.0051000102155731135,0.005212022522709537,-0.006456644123059352,-0.006456644108882461,0.06272964084175603,train,False,1730
5,400,e,0.17400240208408085,0.1739591959268637,0.22628968377332942,0.14690785159684058,0.146897825528897,0.33344217374486007,train,False,1730
0,100,c,0.05530527770523913,0.1393335684499295,0.14917854713908085,0.08311291098290553,0.026380689169987193,0.8123788875724253,train,False,1731
1,100,d,0.010691651856579705,0.010691962092998077,0.009014814334674177,-0.025311015929526767,-0.025311645261428508,-0.007687236853675259,train,False,1731
2,100,e,0.1560870831767898,0.15511035888870933,0.21447937969302505,0.08017936933804308,0.0895147995145775,0.3202375135660302,train,False,1731
3,400,c,0.07644068960200333,0.0764501046555224,0.10352524069555026,0.11463216943963829,0.11462116756337565,0.40127255565013614,train,False,1731
4,400,d,0.00687610674618268,0.0068760427529555605,0.0092822817434969,0.008573391683450282,0.008573308889546424,0.024465519566731972,train,False,1731
5,400,e,0.19306131101806742,0.19306808603476516,0.31938192604524507,0.17138720065829005,0.17138250665170773,0.31927395292448707,train,False,1731
0,100,c,0.10711502490035618,0.10711770784268841,0.11143917652851869,0.09170519523083222,0.09167880822085969,0.9798955858383539,train,False,1732
1,100,d,0.005215775873947378,0.005232534194780322,0.002938080985863089,0.001124286718017089,0.0011226435834767125,0.0733183877548023,train,False,1732
2,100,e,0.20586130713407486,0.21090684168658605,0.2969248505325426,0.1336034527890306,0.13520708433778011,0.36322895667488553,train,False,1732
3,400,c,0.05956503264379811,0.06304017416143246,0.06944069533225469,0.06402616598769427,0.0626624055020703,0.6954732544450789,train,False,1732
4,400,d,0.0058053715687909156,0.005836653201241569,0.006754372191196051,0.005121965076277046,0.005142692630162973,0.12571607464258572,train,False,1732
5,400,e,0.1714118076145507,0.1709504074973107,0.28159547627809106,0.1767954329590935,0.17654307179179976,0.3155535213067356,train,False,1732
0,100,c,0.0759683295467774,0.07596788211485689,0.09287687816237872,-0.0851452057080627,-0.08514540424025803,0.39973402695663185,train,False,1733
1,100,d,0.005328371723505342,0.005328410316384069,0.0046679358715800475,-0.001809019398815508,-0.0018092865886154997,0.03767613859651586,train,False,1733
2,100,e,0.1694097336571564,0.16959668778426096,0.2271917451701989,0.10179330327207219,0.10178460411620116,0.2737575113339399,train,False,1733
3,400,c,0.05010758410915365,0.05010655350141821,0.07579010525311014,0.06348940417677681,0.06349015764266405,0.4145694199756715,train,False,1733
4,400,d,0.00548907903369852,0.005493760509044149,0.005607042636688304,-0.0007497319948301318,-0.0007513623854116247,0.03088496095767912,train,False,1733
5,400,e,0.19192791305054005,0.19185325550155347,0.2575152757521749,0.1480330452126697,0.1480150455477794,0.2464631680224945,train,False,1733
0,100,c,0.10973939011520355,0.10998168352275836,0.07430859154789117,0.04836775554859088,0.048356218336683694,0.8314620558247199,train,False,1734
1,100,d,0.01888383434836584,0.01889954247811496,0.004848515833447786,0.039183698775552236,0.039180352345697944,0.09963960165346544,train,False,1734
2,100,e,0.14853113878480756,0.14853379082101228,0.24096506232984827,0.12811524680930547,0.1281118843098136,0.46795489383690664,train,False,1734
3,400,c,0.05769316192500828,0.057729301998746124,0.08746421536541515,0.02473420233626598,0.024707093073400445,1.0267816258503586,train,False,1734
4,400,d,0.006906623328337672,0.021693032197032433,0.011895888613026602,0.026866591117462094,0.009553704757899162,0.2194195144105684,train,False,1734
5,400,e,0.1546179841452666,0.15403957287484313,0.24827966089792902,0.15150948784736243,0.1508834915397339,0.32517423508126947,train,False,1734
0,100,c,0.10740972679725638,0.10743544528040225,0.09817182728252756,0.11848113284645961,0.11847149489127631,0.3585445354648116,train,False,1735
1,100,d,0.004280025446100563,0.004279338495049032,0.0028219608250624932,-0.02480005599044949,-0.024798939322543775,0.053798968804778156,train,False,1735
2,100,e,0.20885823626120603,0.2088611027948187,0.32242828586466765,0.10946733018161225,0.10946042073476825,0.22627528813747183,train,False,1735
3,400,c,0.05973134945050105,0.05971043877738682,0.1025543756001505,0.06028205579277454,0.060280290040866054,0.3232852046429667,train,False,1735
4,400,d,0.004945372654687735,0.004924900972420096,0.006117911357540907,-0.008648982176921827,-0.008650792552767931,0.0903013461813219,train,False,1735
5,400,e,0.1853546213797415,0.1853416048295964,0.2746321618603637,0.1828205694420128,0.18281563206743656,0.2873586092070625,train,False,1735
0,100,c,0.0926709724844832,0.09228742805962614,0.1205432276691556,-0.02205795825854125,-0.022071552847393434,0.4725578629075527,train,False,1736
1,100,d,0.009552048098560922,0.009552173841538631,0.009111848817241587,-0.034902941025433856,-0.034903752907935175,0.0660267043022554,train,False,1736
2,100,e,0.16148865179034547,0.1751813811974582,0.2476288023834724,0.09969916099489226,0.10004929094885669,0.2920534902922363,train,False,1736
3,400,c,0.05813434360135512,0.058133871390710405,0.08923273269022249,0.09910680550058856,0.09910344196315223,0.6442767418244131,train,False,1736
4,400,d,0.0066876529443014344,0.006687753979352245,0.008478217617386293,0.014899470128677556,0.014899248901958088,0.13694630238441638,train,False,1736
5,400,e,0.19116232587922888,0.19055920024920284,0.295093012541269,0.18361329682061286,0.18357762191029506,0.3204311437132523,train,False,1736
0,100,c,0.11269280407196441,0.11250938183306493,0.09006578527914116,0.08015597589611424,0.08014786641005933,0.6700738573338194,train,False,1737
1,100,d,0.010543366540960972,0.011585478691641053,0.010882095593922132,0.017659255781693944,0.01567676892064913,0.05769833138971583,train,False,1737
2,100,e,0.23467533781038397,0.2347459279553873,0.22982557728087782,0.1392583418483261,0.13925061315170076,0.33399425630027596,train,False,1737
3,400,c,0.05587589109918124,0.05588493796670133,0.08136100025091027,0.036909209576999016,0.03690275560568253,0.5141050360431413,train,False,1737
4,400,d,0.005448351726273007,0.027440640320140753,0.010240633232016422,0.007961253856641317,-0.006472845994698044,0.18760010560357127,train,False,1737
5,400,e,0.1667270574573957,0.16668594854150445,0.2856020327475908,0.15042685873339096,0.1504191281914264,0.3163784874925827,train,False,1737
0,100,c,0.05163285532028571,0.05163111718629144,0.12177580625431521,0.027691012734506727,0.027687613786338473,0.4156737413213025,train,False,1738
1,100,d,0.008986912862239902,0.008987870287578444,0.015219441622021532,0.002366032394381605,0.002365466606070292,0.07821797638302605,train,False,1738
2,100,e,0.19599319839834778,0.19599358914304252,0.29684169952042716,0.1021756547784202,0.10217066855921676,0.2693860213147523,train,False,1738
3,400,c,0.0654814171347286,0.06548181490568916,0.11086927084051348,0.04242555184261526,0.042423884615571124,0.7265503690818467,train,False,1738
4,400,d,0.0058664594468575285,0.005866513784452592,0.006017827367860743,-0.014198824983959888,-0.014198911908768945,0.05983049237254768,train,False,1738
5,400,e,0.16593449781367348,0.16439511275393687,0.2657065326873739,0.17442049559650705,0.1784404793430651,0.26919323812036994,train,False,1738
0,100,c,0.06239363685573855,0.0623921955758468,0.04647346546489104,0.05262314794865688,0.0526229417910907,0.5030437636434023,train,False,1739
1,100,d,0.007489040651939452,0.00748915009593959,0.007493547280399714,0.006645892229938451,0.006645748478714175,0.022825624715212864,train,False,1739
2,100,e,0.27791910838539546,0.27793494402058744,0.3297185038539304,0.06375162312075233,0.06376894774726456,0.5080661084248177,train,False,1739
3,400,c,0.047106618628733214,0.047106526163446745,0.07662561233981875,0.052197423032885056,0.05219655958099828,0.5750895438135067,train,False,1739
4,400,d,0.012202127633798254,0.012203665240228105,0.006170896114836632,0.014807613191506856,0.014806217621038904,0.10102959978396701,train,False,1739
5,400,e,0.19122769263434491,0.19122203421215966,0.2916871521022853,0.13746064441438818,0.1374509557082687,0.34976234538146334,train,False,1739
0,100,c,0.06619574003901692,0.06616951850339578,0.0800372665617823,0.023465122711367314,0.02345527358353472,0.6923365325132572,train,False,1740
1,100,d,0.018012574619713034,0.018006504108742286,0.013486747477558285,0.005202077508595267,0.005197659427018202,0.09358523134595641,train,False,1740
2,100,e,0.20214771887573232,0.19957340627125608,0.3119838164573579,0.1197652760956602,0.14347839510996224,0.22316365726812784,train,False,1740
3,400,c,0.05847591740788228,0.0584754968874618,0.09460892924970601,0.04404058418999384,0.04403921357139098,0.6395860648327026,train,False,1740
4,400,d,0.009738759029154824,0.009734549243442825,0.004491638158849896,0.007097411066754944,0.007096718756005344,0.12014782501824378,train,False,1740
5,400,e,0.19525125616967476,0.1953923551613312,0.2713787607768967,0.14858308665938957,0.14857242505657603,0.29188651880193633,train,False,1740
0,100,c,0.05050725266014604,0.10868046011927447,0.074526470440958,0.046496858503691174,0.02272813397831868,0.9676570651013293,train,False,1741
1,100,d,0.015371040955902152,0.015370593821746794,0.011975180279067426,0.012635092160396582,0.012634620536221792,0.014744439825420858,train,False,1741
2,100,e,0.2376667242939272,0.23794562194632266,0.27134667982304567,0.12570833951022045,0.12569771215995046,0.2957576760093833,train,False,1741
3,400,c,0.06913868422503916,0.06914302077405271,0.10825054480906847,0.07388636084074995,0.07388306222639628,0.47651709188139896,train,False,1741
4,400,d,0.005951149066908488,0.005923537297310631,0.006405716252714072,-0.0005565922453918404,-0.0005584466439554881,0.0646842125534974,train,False,1741
5,400,e,0.17814228022671746,0.1781483341333234,0.2717313891014232,0.1519168118856578,0.15190754200131878,0.31875935004878425,train,False,1741
0,100,c,0.1264913674973911,0.1264917987626687,0.15433448329617244,0.08996937600331585,0.08996389769112853,0.6493829127264529,train,False,1742
1,100,d,0.012286024538946444,0.012286780601567975,0.010304501086189815,0.004374271586392347,0.004373681434584072,0.007055085970847301,train,False,1742
2,100,e,0.21045404433265025,0.21046447285131525,0.28357161792333097,0.11320464904093036,0.11321638299167042,0.43845644770309083,train,False,1742
3,400,c,0.0541629619164958,0.05417718407145931,0.06872614704368954,0.049052780247757256,0.04899115809418639,0.7298328415870812,train,False,1742
4,400,d,0.016616183661276606,0.01662927921701527,0.005825678930039637,0.009855942106953038,0.00985374709907278,0.028616298413510766,train,False,1742
5,400,e,0.18598310915617153,0.18593403750990728,0.2535965870262005,0.1705162033434106,0.17048989363174136,0.2932608536945614,train,False,1742
0,100,c,0.07261963914248132,0.07262374561728324,0.11677583490029718,-0.08808165074767843,-0.08808274326609755,0.09064599850387317,train,False,1743
1,100,d,0.004174035078487167,0.004174269730491175,0.006127127932434601,-0.005822970877269516,-0.0058232848341540945,0.0167471584340932,train,False,1743
2,100,e,0.198551447220302,0.19850982062491845,0.2554338424758081,0.11440967224211285,0.11440312363281045,0.2594143796208636,train,False,1743
3,400,c,0.06534645718284537,0.0675502952456275,0.0950769570394512,0.06530672368364641,0.06445799588938626,0.6838594031876837,train,False,1743
4,400,d,0.007479821778899493,0.0074798435249111995,0.008246974721937958,0.00941303629936737,0.009412701246637862,0.14094763408483676,train,False,1743
5,400,e,0.20888152210423475,0.20899284860274858,0.2938562794965672,0.16061579560981776,0.16116629569328353,0.38116263831625097,train,False,1743
0,100,c,0.06118704959299309,0.0610139047831054,0.10258413538212134,-0.027996628999498015,-0.028002384434350987,0.6745789185606397,train,False,1744
1,100,d,0.0111722159819515,0.010483574977073988,0.007194539329616913,0.010115938442399398,0.010279405859071389,0.1519302430968215,train,False,1744
2,100,e,0.20435983692959286,0.2074022601180854,0.20773095355485932,0.06774534812230969,0.06801955371657399,0.3812404148442195,train,False,1744
3,400,c,0.054971324575746675,0.0528196439406565,0.0666862532733689,0.017183395936427034,0.017413634910418096,0.7454388585456262,train,False,1744
4,400,d,0.005147422787505763,0.005147452807001646,0.006233392146993737,0.0030227928847887144,0.0030227977416072706,0.07280750862530962,train,False,1744
5,400,e,0.1826470168361958,0.1850729445366115,0.2768261432390606,0.168576121234739,0.16944242527514042,0.3200255334220192,train,False,1744
0,100,c,0.06852729864541998,0.06855631032424322,0.08169731636404279,-0.03542461749695747,-0.03543631650370777,0.5155174686463859,train,False,1745
1,100,d,0.00899572246856091,0.008996218000258675,0.01236598424977056,-0.010527609435313626,-0.010528216171082417,-0.006999061137996172,train,False,1745
2,100,e,0.2223993152897937,0.2224014073548223,0.3241917070930855,0.14968526016963196,0.149676958899595,0.30801112714805684,train,False,1745
3,400,c,0.06309942145671654,0.06083524939119211,0.06712347202285132,0.03183583991787252,0.031276846529445804,0.6061936987438514,train,False,1745
4,400,d,0.004781957866238274,0.004781946815792075,0.005980515870871479,0.004518528616985904,0.004518486736087723,0.04706755950827926,train,False,1745
5,400,e,0.21674511911756106,0.21674413262294398,0.32911360527404815,0.1533079696797669,0.15330298585683275,0.3390077411765083,train,False,1745
0,100,c,0.13137875143648245,0.13138724171727947,0.09689191039945382,0.08171533162947484,0.08171377574266188,0.7517718754569267,train,False,1746
1,100,d,0.0037501021437566294,0.003750190788192106,0.004454331448480458,-0.019380888467079773,-0.019381204417643013,-0.004894700069212803,train,False,1746
2,100,e,0.2943204289709121,0.2941729526444144,0.410044303864494,0.17495362251620564,0.17494171996523022,0.2558204677683774,train,False,1746
3,400,c,0.07728930425040847,0.07737825151526172,0.08952409687855396,0.08315163003634851,0.08311012799227747,0.5780586335761769,train,False,1746
4,400,d,0.00521847318897275,0.01055564143941739,0.00985500235692172,-0.0026880828776051223,-0.006471435543783724,0.03177762120912213,train,False,1746
5,400,e,0.20107317741531766,0.2010858520126774,0.1973581282067083,0.13896630096227255,0.1389831435694297,0.321852205931908,train,False,1746
0,100,c,0.07145526821610389,0.07142964911817745,0.08054965888005121,0.008736123253456825,0.008729332635189095,0.34424344155834274,train,False,1747
1,100,d,0.014631934445403581,0.011225739419299665,0.01768893093987549,0.012354869332424521,0.015748392202054172,0.12803530187625087,train,False,1747
2,100,e,0.21120213869841298,0.21119763735840136,0.17461407753472233,0.09608923179365342,0.09607977318831779,0.2926447209916899,train,False,1747
3,400,c,0.05394382394492991,0.05395038709076757,0.08686298347925037,0.07843219277608036,0.07838382787209718,0.621751481752339,train,False,1747
4,400,d,0.005138920319798121,0.011446252811318489,0.0076020837943314165,-0.0027842972457207795,-0.006062586682291489,0.07970029005674785,train,False,1747
5,400,e,0.1732712069492044,0.17327800664263054,0.27349909507157144,0.15401906506417454,0.15401719368675942,0.37020623671525626,train,False,1747
0,100,c,0.06534983045594381,0.06555102562194964,0.08567901031499568,-0.058957848771367054,-0.05896930166204406,0.48386345001720005,train,False,1748
1,100,d,0.005096227926846752,0.005096361300320825,0.005675889864341086,-0.0251719817563194,-0.025172445230995173,0.013876063945266939,train,False,1748
2,100,e,0.1966354623463231,0.19325578087533285,0.285601499224215,0.12056634112533253,0.13164325495884768,0.24949005874742114,train,False,1748
3,400,c,0.06578841583206253,0.06678892917484197,0.08967493125722388,0.06339724157539976,0.06345327134979485,0.6459729105099966,train,False,1748
4,400,d,0.008185188276884203,0.008185388426059075,0.00705519756350642,0.01384888970462706,0.01384846465180095,0.024354675298538863,train,False,1748
5,400,e,0.18964644916250403,0.18963521844900588,0.26802715794120097,0.17812433905266215,0.17812332667725334,0.3127503509976388,train,False,1748
0,100,c,0.09591823510802994,0.09581600949162926,0.1109929921843507,0.06555069982390804,0.06554266352834986,0.32438688666724663,train,False,1749
1,100,d,0.004499012399379224,0.00449907000686277,0.004691726483074675,-0.016080209323383398,-0.01608062057840124,0.057487690748737635,train,False,1749
2,100,e,0.13823607384265413,0.13823425515379759,0.20336674372977337,0.14106207448239133,0.14105245318259071,0.31262280440120066,train,False,1749
3,400,c,0.058617164935185956,0.051171742886905125,0.06836296902997219,0.05836708784566824,0.06020718051272901,0.9571098100178679,train,False,1749
4,400,d,0.00920671499509344,0.0092401841053306,0.007181844026952605,0.027541159145399733,0.02754279801882399,0.1354755832382736,train,False,1749
5,400,e,0.2020454065224504,0.20215874816648177,0.28994552617752606,0.16085731197544065,0.16084706948727437,0.3150083605884159,train,False,1749
0,100,c,0.06662948617216943,0.06659724025883101,0.08679908932861173,-0.08265451504562706,-0.08269076007011222,0.24816741498387493,train,False,1750
1,100,d,0.022245051611285205,0.022292326967554385,0.01940316772053841,-0.0023994401188404345,-0.0024012251249016002,0.0432936911692142,train,False,1750
2,100,e,0.16409051303844321,0.16470553760987483,0.28874639784753825,0.17242700193250365,0.17237000949712689,0.2833333378481527,train,False,1750
3,400,c,0.05464120633698931,0.054641239965315364,0.08323632666433582,0.047095933999570225,0.047096050019792134,0.7540097453623545,train,False,1750
4,400,d,0.03204304022760075,0.012303320204449433,0.010389875366010524,0.008768764412261555,0.020257251046181642,0.13224564949288212,train,False,1750
5,400,e,0.19783263615829927,0.19778719525644842,0.2984629571695096,0.14969750559238734,0.14971397200713085,0.6781020457748445,train,False,1750
0,100,c,0.1254316054730904,0.1254214583412202,0.1431350668135108,0.20606816012232776,0.2060554789191452,0.5817507849742379,train,False,1751
1,100,d,0.015950718362173873,0.01585634452307031,0.012267868000955463,0.0237869587412683,0.02425729181079202,0.25084331058992837,train,False,1751
2,100,e,0.1838712873555248,0.18386529439273758,0.41935703051309126,0.13477169957757387,0.13476696455379628,0.2671257194648798,train,False,1751
3,400,c,0.06269455241983742,0.06269946674856552,0.06543141919632268,0.06699707835246514,0.06698848230466752,0.7292232639721581,train,False,1751
4,400,d,0.00996344503566722,0.009969613110909032,0.008283191647760514,0.014956317777605683,0.014953123139373404,0.048982759179428396,train,False,1751
5,400,e,0.16553080098681833,0.16550916686117212,0.24972083425266503,0.15023147962523872,0.15022409691784488,0.34680489394797154,train,False,1751
0,100,c,0.07638056954357317,0.07641610101139062,0.10292160806276607,-0.02726683901893935,-0.0272861216868494,0.5342926367736114,train,False,1752
1,100,d,0.02269063589754391,0.05815793961993809,0.028564471331532552,0.05363048014447571,0.006818130077754426,0.42783506579541325,train,False,1752
2,100,e,0.1923564179585549,0.19232691028004034,0.213764021390587,0.10966860273051875,0.10965504508679995,0.3163520158576779,train,False,1752
3,400,c,0.05943184445866454,0.059428169950467964,0.0692479319843308,0.03432069554138849,0.034312485267040956,0.5452672281028277,train,False,1752
4,400,d,0.011096438447093713,0.011099237313149813,0.008577711503787906,0.0038065215073209125,0.0038042215417031146,0.02745585960310269,train,False,1752
5,400,e,0.1829700789075716,0.18293803658497054,0.27982713805360626,0.15639527139573378,0.15638908764571735,0.36170593149871566,train,False,1752
0,100,c,0.06596743663684483,0.06596794020113234,0.08188953200831449,-0.04107939260315554,-0.041080335657228344,0.5072109569179236,train,False,1753
1,100,d,0.008665143300086739,0.00818749353035329,0.005851241864561879,0.026017577889959755,0.026464321505335776,0.0962893554261496,train,False,1753
2,100,e,0.2505681750757186,0.2505768003821551,0.39189267519528165,0.14817582134701687,0.14817486623441808,0.2970845046850895,train,False,1753
3,400,c,0.05116620915378484,0.05203753083149864,0.06877205886819565,0.04063230221217026,0.04005852561136436,0.642920306095757,train,False,1753
4,400,d,0.005668121662702561,0.005667852124782058,0.0041995337605239165,0.010137126714709375,0.01013741678112771,0.07806932655455474,train,False,1753
5,400,e,0.19900561158387603,0.19908095004146964,0.33239739243570277,0.18217274679854029,0.18210677595122562,0.32813016147693574,train,False,1753
0,100,c,0.05635724805648242,0.05634665727151818,0.09969810762415561,-0.016625962644527377,-0.01663291455739035,0.872633750840364,train,False,1754
1,100,d,0.0035418413032318437,0.0035418953206813545,0.003920855095409443,-0.016901600247925794,-0.016902075910666916,0.020454779487313,train,False,1754
2,100,e,0.1941197101247714,0.19392029915672912,0.1973820518549459,0.07239637081475024,0.07238910062217961,0.25323580500421344,train,False,1754
3,400,c,0.053492567179263956,0.053492146203352464,0.08014964125959397,0.037781958429544175,0.03777062909625237,0.5776848336488988,train,False,1754
4,400,d,0.004770751193473748,0.004770944633496505,0.005781108000402377,0.006489326070023651,0.006489091106306759,0.05694988191459949,train,False,1754
5,400,e,0.21060708665726477,0.21061270562963214,0.32391207332660793,0.18344783210552357,0.18344123846079327,0.28812065587049895,train,False,1754
0,100,c,0.059900536129699214,0.05990464600906297,0.13300635834729974,0.005728727714897488,0.005724844132194705,0.8751438499294827,train,False,1755
1,100,d,0.0038596340893996685,0.003859555604769079,0.0050244682360409045,0.015985586722058773,0.015985219504720653,0.13631135246110065,train,False,1755
2,100,e,0.17328350778658755,0.17329725922324518,0.3014975730428748,0.14575913469067453,0.14575408611406673,0.3501691627803106,train,False,1755
3,400,c,0.056420561313116444,0.05643425825578253,0.07077335132043264,0.025044114881815533,0.02498916610026214,0.5713251021404047,train,False,1755
4,400,d,0.006228452070244652,0.004988513700830658,0.005854181768365825,0.0040994524205481934,0.004366438848444592,0.005035782560363505,train,False,1755
5,400,e,0.20939492077815788,0.20930284654328785,0.2673956450847838,0.14053887476325166,0.14051650074516717,0.31546825865771616,train,False,1755
0,100,c,0.09749019450329278,0.09762595856173979,0.08842572252688558,0.09552039137583712,0.09552682742849462,1.0524841980582686,train,False,1756
1,100,d,0.024966562469748065,0.024977103618700026,0.015490240230847677,-0.0010173184198720264,-0.0010196864089131808,0.022806691123881978,train,False,1756
2,100,e,0.260344218562349,0.2603417759497534,0.4068088566031022,0.13764089993664047,0.1376544177719104,0.5214997482758422,train,False,1756
3,400,c,0.05180111482036591,0.05180185433600625,0.08571399129930647,0.043749694642729084,0.04374723071271433,0.3751588477583246,train,False,1756
4,400,d,0.0148674121993123,0.014698520363622498,0.007264806790648216,-8.524417110432836e-05,-0.00025884382907872096,0.10559354425943472,train,False,1756
5,400,e,0.1883674093079566,0.18836810415720584,0.2640377360393999,0.15719760344266034,0.15719665624974197,0.3830440544231277,train,False,1756
0,100,c,0.09892978180041931,0.09894566547076693,0.1258818561646583,-0.04010137168019938,-0.0401078203712131,0.7751781633678434,train,False,1757
1,100,d,0.002830852811923569,0.0028309339477558333,0.002716950941320493,-0.02379832605073984,-0.02379900077406443,0.020844854719147553,train,False,1757
2,100,e,0.16789806666832738,0.1678908619122816,0.19219691511610112,0.11284634442124962,0.11283808268391625,0.3144212715167902,train,False,1757
3,400,c,0.05846062698666569,0.05846061913946654,0.07992518149796429,0.07095067271589621,0.07095240373424958,0.7029667244351872,train,False,1757
4,400,d,0.003598033464675985,0.003598108679322153,0.00418075813585119,-0.012294002057750664,-0.01229441335267806,0.019854480515968723,train,False,1757
5,400,e,0.20076954833873842,0.18896369717784978,0.2797606870856745,0.15757453519967868,0.15770221958446534,0.338016313485079,train,False,1757
0,100,c,0.054597715320730725,0.054545128379045404,0.14046546925207093,0.10721505801481378,0.10721628800837564,0.8099202623636198,train,False,1758
1,100,d,0.019791566408420367,0.020244250213530105,0.020258152312037366,0.024924611386617813,0.02486229907410884,0.02707693035695577,train,False,1758
2,100,e,0.2596674005398129,0.2596600612794338,0.31654140878069753,0.17132678622746297,0.17132004213170618,0.2940188457259128,train,False,1758
3,400,c,0.05666282575764279,0.05664314657043944,0.07428942614682532,0.011860630834171958,0.011852853493649604,0.5905218803679803,train,False,1758
4,400,d,0.006316784267667694,0.00631677607290456,0.007919465428074014,0.007211867947799409,0.007211762875094507,0.13703027416904942,train,False,1758
5,400,e,0.18546508627439218,0.18544010118977422,0.264465182231947,0.17614843716000214,0.1761365289724566,0.3107020397922637,train,False,1758
0,100,c,0.06863019615474558,0.06869165429172103,0.04751413353961478,-0.08019067338880724,-0.08020732582386643,0.7045339035803394,train,False,1759
1,100,d,0.003934931463723611,0.003935374511131181,0.00529154068110012,-0.004322495334738505,-0.004324305419283068,0.04470232723755867,train,False,1759
2,100,e,0.1603438229161121,0.16033925466942395,0.2830244843528449,0.13586750787463195,0.13587053961084722,0.315258708463762,train,False,1759
3,400,c,0.05641619421547675,0.05645406328920589,0.08046864551418277,0.05041496584845078,0.05035090673481762,0.7221788132853614,train,False,1759
4,400,d,0.005067860196367652,0.0050678627023539756,0.005225283751404335,-0.008504247743439209,-0.008504716362178933,0.03346482344102974,train,False,1759
5,400,e,0.1863705344293859,0.18637074673712167,0.23093499890341004,0.13643614402503404,0.1364282406311493,0.3641786901610961,train,False,1759
0,100,c,0.09689524158247602,0.09691548094201569,0.1185769616919555,-0.0757831483868614,-0.0757882374436106,0.22218884769960667,train,False,1760
1,100,d,0.010853598217546041,0.010853744955211311,0.009634060976223924,-0.009451105967327128,-0.009451342703109607,0.10121635252726736,train,False,1760
2,100,e,0.18832897799059206,0.17586444744729327,0.30629827349518224,0.11682869737066465,0.13503810699317345,0.2535916315436344,train,False,1760
3,400,c,0.0588706242595637,0.05886722258697918,0.09767052867321954,0.0660010460444306,0.06599792092561814,0.6143189204842584,train,False,1760
4,400,d,0.00566058696508278,0.005660554304300465,0.0066990252622145885,0.011346463806217991,0.011346603881024766,0.10660067845174628,train,False,1760
5,400,e,0.16725809495451432,0.16725676784644222,0.2554430876731304,0.17128085429020742,0.17127535530978372,0.3321534647517247,train,False,1760
0,100,c,0.10133033218515143,0.10132037340079561,0.060367903977114876,-0.04753108132689853,-0.04753327935563171,0.5964348903018083,train,False,1761
1,100,d,0.004569155117986303,0.00456923306252283,0.006133794633961047,-0.00669853997102706,-0.006698724501299349,0.06889519067854515,train,False,1761
2,100,e,0.22201282165304875,0.22199327082249895,0.249300496294808,0.07273579878490793,0.07273301137094187,0.3635206368837298,train,False,1761
3,400,c,0.056713217349280844,0.0564612766994811,0.08481437812621868,0.06675969553077664,0.06664432331108969,0.6166217842410685,train,False,1761
4,400,d,0.006290513666745079,0.006290576608095459,0.006964776527292471,-0.0017199550010852781,-0.001720226105888081,0.05901430747644531,train,False,1761
5,400,e,0.1766141938977227,0.17680677167345682,0.25239468027910594,0.15557468730403812,0.1555712384497865,0.30444111666750734,train,False,1761
0,100,c,0.0921701092117187,0.09218144472674825,0.07418840178791862,0.06847100090502707,0.06846565957815294,0.8598532150861865,train,False,1762
1,100,d,0.009028491729941407,0.009033443219577006,0.006635305658538923,0.01814748469912468,0.01814653177435293,0.024128135562716563,train,False,1762
2,100,e,0.1860706955866347,0.1859092240177015,0.2874853739492073,0.17377755916447732,0.17350648362312093,0.27628647985505883,train,False,1762
3,400,c,0.05658411279106676,0.05658382063186025,0.0747667592278532,0.038761766640535385,0.038760971602365614,0.40994486051877227,train,False,1762
4,400,d,0.006650317918794172,0.006606267486308142,0.00757250477310378,-0.0022935900395828846,-0.0022998367659473828,0.13283745805637168,train,False,1762
5,400,e,0.16866310325249226,0.16866040263692617,0.2557638978444344,0.15166294389688026,0.1516506388382203,0.2985251356378502,train,False,1762
0,100,c,0.06887282640087074,0.06887278327922663,0.08562611770393054,0.054797614455669434,0.05478860750535546,0.42274165327520863,train,False,1763
1,100,d,0.019331236374612794,0.019331757501004767,0.01580267524188352,0.024822934294675376,0.024822346816208558,0.033256385170451847,train,False,1763
2,100,e,0.30910022496925643,0.3091092039969798,0.3534449365150548,0.11916873547213577,0.11915675795790151,0.25897641201349536,train,False,1763
3,400,c,0.05384882878192225,0.05210594239971443,0.08742992090147164,0.04777921937331577,0.047232955987891644,0.7069552460284421,train,False,1763
4,400,d,0.00695961581661532,0.00696110156327229,0.008645252172698476,-0.003131472878830035,-0.0031318197078938504,0.023844084363939828,train,False,1763
5,400,e,0.15772570959953647,0.1577288986476024,0.22179397055361252,0.14443288444210148,0.14441248623457548,0.3192778718937637,train,False,1763
0,100,c,0.14177760066371337,0.144088949861347,0.08232422554635217,0.12892960209944276,0.1294798893270567,0.841844691244216,train,False,1764
1,100,d,0.0054679131564203485,0.0054671445103325654,0.009027885114727564,-0.0031412033657059802,-0.0031420864409468586,0.022844754758326254,train,False,1764
2,100,e,0.17134185250566641,0.1709030119617771,0.2645889264120249,0.1689353363584789,0.1688938067420774,0.29145477060243247,train,False,1764
3,400,c,0.0855293033576078,0.0845760553740264,0.10317999392466419,0.04092865260802789,0.040879283160930695,0.9191149936928628,train,False,1764
4,400,d,0.003642325639578276,0.003642578756950553,0.0038856932217238216,0.0015988554407160116,0.0015985468138456937,0.025610965698823308,train,False,1764
5,400,e,0.1724999528769562,0.17249716281547076,0.2656008358597523,0.16379131787434936,0.1637898474913284,0.2995995463699104,train,False,1764
0,100,c,0.13035591069255795,0.13036120657090314,0.12230526391724021,0.12512904089806384,0.12511678681833246,0.8520648748648548,train,False,1765
1,100,d,0.004469030784243338,0.004469060235424785,0.005312300253836597,0.0052767389543289765,0.005276668978322281,0.03687825443722092,train,False,1765
2,100,e,0.14854343007075843,0.14856550802410062,0.1762497032321403,0.11410018825944615,0.11408414501248369,0.2986499957387077,train,False,1765
3,400,c,0.08434921033330138,0.08441450233619915,0.08207073995475947,0.0262525094602416,0.026227764752055835,0.33028777385736463,train,False,1765
4,400,d,0.003983126895156279,0.003983140738059759,0.005107991928316551,-0.02012597624918488,-0.020126135363660466,0.016764338960353575,train,False,1765
5,400,e,0.17466018079184129,0.17479365659685694,0.22045093523685863,0.13558776253769164,0.13558135333996138,0.36070210757981785,train,False,1765
0,100,c,0.0667034421831918,0.06542887581431994,0.09223314749301714,0.06732306011531997,0.06701902803780292,0.6142558450890327,train,False,1766
1,100,d,0.011093199803877294,0.011093796656904546,0.008341741161538364,0.010694838989048173,0.010694224619313318,0.1451227371144502,train,False,1766
2,100,e,0.2370744407399611,0.23706944184004997,0.31908258046394034,0.144156152889056,0.1441550766169818,0.31604266141469944,train,False,1766
3,400,c,0.09105699553482483,0.09031617467499363,0.1177227171141996,0.03136370832886925,0.03130612752460749,0.9942959927614189,train,False,1766
4,400,d,0.006563451529048353,0.006555260484313632,0.010041853281221993,0.01189762563098693,0.01189741126316676,0.2151852948808763,train,False,1766
5,400,e,0.20536949819288966,0.21059027851941614,0.23732182654993228,0.13687758112480772,0.13718821511706075,0.32356183952200424,train,False,1766
0,100,c,0.07511451007578555,0.0751141367639862,0.10280596051474301,-0.13828311552483222,-0.13828387164255,0.2606742222950475,train,False,1767
1,100,d,0.008977713812832766,0.008995642803027431,0.007368163982354936,-0.01843500906696507,-0.01843686851103268,-0.016724285896380378,train,False,1767
2,100,e,0.2114464726657626,0.2114376187737568,0.3328017551980837,0.09946222379573978,0.09946290883812861,0.2902761017915015,train,False,1767
3,400,c,0.06786956620571476,0.05940740497131113,0.0835780084541716,0.06544543669824407,0.06776601635543734,0.5756631589826193,train,False,1767
4,400,d,0.007461942024528687,0.007506181327331885,0.00626210344982318,-0.005900728689281394,-0.005951926619892998,0.0051018732735209045,train,False,1767
5,400,e,0.20118823857781576,0.20119334553381615,0.2747596777166764,0.1349798716907475,0.13496976043267053,0.3159969836207644,train,False,1767
0,100,c,0.08068996441036884,0.08092059186731422,0.11468111273241685,0.07506308801336153,0.07501956168871012,0.7836071575697034,train,False,1768
1,100,d,0.05078943658169808,0.05080427799956098,0.007351325368180828,-0.006439951056839615,-0.006445675542280612,0.010989299718110903,train,False,1768
2,100,e,0.20087236511226084,0.20063854504899845,0.31049512337313784,0.16488577713126862,0.16487889489867352,0.26897953793895113,train,False,1768
3,400,c,0.058643960340111025,0.05862591281009214,0.08439850206166627,-0.01603972941551362,-0.01605290515088967,0.5523222550487634,train,False,1768
4,400,d,0.005483934898014035,0.005484127954898119,0.0054936317540398025,0.0030911370131996565,0.0030908734427834796,0.07209434067228405,train,False,1768
5,400,e,0.16524998531634935,0.16525921153461948,0.24490986361515005,0.15175306502588534,0.15174921202006247,0.3573739008884926,train,False,1768
0,100,c,0.06026910542879656,0.060358989135981866,0.0807501490284654,-0.03302647811124558,-0.03306676844324329,0.5168022939464174,train,False,1769
1,100,d,0.005645896213054585,0.005623148057247242,0.006295108394960149,0.003256634500855391,0.0032547191303697078,0.05233187088955903,train,False,1769
2,100,e,0.16744727229084572,0.1674422045523019,0.24185433959481767,0.12737302263642675,0.12736874420173672,0.316053974192519,train,False,1769
3,400,c,0.053887618637627234,0.053888722641151264,0.0667435310055656,0.04832657742359857,0.04832403760160588,0.4418525644230354,train,False,1769
4,400,d,0.00534063649610703,0.0053407477994452165,0.005584740883296255,-0.013343632794189446,-0.013343879691084073,0.024559031848463864,train,False,1769
5,400,e,0.15798356185255286,0.1579908621746239,0.2503137132532539,0.14300069801978324,0.14300284600953284,0.31266989726402783,train,False,1769
0,100,c,0.05937451582070895,0.05945656302987879,0.08929999569052892,0.006901202381130673,0.00690704330678237,0.6777657283882388,train,False,1770
1,100,d,0.013375686772985904,0.013345135400569683,0.009752489711746186,0.008038711384100878,0.00803636002555864,0.04540960489987917,train,False,1770
2,100,e,0.1959088053395093,0.19588662695448092,0.2703155570080764,0.1133977394279151,0.11339506619098451,0.26619992546974736,train,False,1770
3,400,c,0.0630017284364315,0.059090495727669515,0.06242291286123649,0.04220938669308438,0.04363750463201143,1.1404731795089673,train,False,1770
4,400,d,0.007059193982932237,0.007059019120536611,0.006305255741088506,0.012815730190713043,0.012816555787275252,0.2615759490064846,train,False,1770
5,400,e,0.1531665187877903,0.14689124904786868,0.23072161134823652,0.15468143428741926,0.15461561697131734,0.30070496739269836,train,False,1770
0,100,c,0.17406488215146607,0.17415252553650667,0.0813492487966019,-0.042640574675929487,-0.042676159967639724,1.0082203427350902,train,False,1771
1,100,d,0.0068191236638864,0.006819179042143156,0.00598813189026092,-0.0020124225096104452,-0.0020125443955033616,0.02540442547667432,train,False,1771
2,100,e,0.21083794851110574,0.21086193606864614,0.19215530950279183,0.10273692792704346,0.10272548377353168,0.39813869986971434,train,False,1771
3,400,c,0.11645907389283978,0.11646596267805981,0.0894231265434425,0.07275885818141924,0.07273468848065286,0.6991477755863484,train,False,1771
4,400,d,0.03101275160116718,0.031015053456491783,0.026713291027326714,0.021162722431175587,0.021160631815161857,0.29074852603597245,train,False,1771
5,400,e,0.22000470382685441,0.2198838839377673,0.24693303005575234,0.12947577752140832,0.1294641937744013,0.3443756305684329,train,False,1771
0,100,c,0.06704278017952713,0.06726810583477993,0.08443910032558527,0.08494064935496574,0.08489744190164884,0.3082134637911392,train,False,1772
1,100,d,0.007237523211694261,0.007237731377514211,0.006683836167698933,-0.010948895232103571,-0.010948916132814616,0.036413325362527796,train,False,1772
2,100,e,0.1790333992050357,0.17902835718486476,0.25045110969753326,0.1715275159972237,0.17152564017243413,0.32475603637191425,train,False,1772
3,400,c,0.0956235771987563,0.09577651540706715,0.08972336433730317,0.06875158445768094,0.06874135582501495,0.7614046517728574,train,False,1772
4,400,d,0.026922460891690873,0.02699985680434141,0.0049963187670904385,0.0039039451216979514,0.003891157370561551,0.24000568664998975,train,False,1772
5,400,e,0.1681388984879926,0.16813232856757154,0.2776106392045228,0.14753922243269785,0.14752863719250187,0.5231502490531615,train,False,1772
0,100,c,0.20484077925316452,0.20489382288887245,0.22833055842839378,0.06890104642271921,0.06890038901866945,1.0121838002792,train,False,1773
1,100,d,0.03418705615420093,0.0341972126222141,0.004944677659452746,0.0034957831744139513,0.0034913981881568115,0.08181864519898535,train,False,1773
2,100,e,0.1542588531404523,0.1542341899874371,0.21739794349846916,0.14217415207908177,0.14217206691762663,0.3284702021955349,train,False,1773
3,400,c,0.05796910473033256,0.05796021161276934,0.0900422417174978,0.013771882243726311,0.013764971547059588,0.5132784916048911,train,False,1773
4,400,d,0.008486120028141067,0.010206117617537617,0.011555636522824955,0.01153645316498455,0.01062893708248815,0.012669652568370217,train,False,1773
5,400,e,0.19570346953063136,0.19548793710982382,0.30734524642511596,0.1628485698936413,0.16283416949947765,0.3419159233973025,train,False,1773
0,100,c,0.06532677163354265,0.16269160316741607,0.09781928016751755,-0.10675195040205836,-0.15027049300469641,0.8746925554531133,train,False,1774
1,100,d,0.016800168181905453,0.01680668358123566,0.014675561629952916,-0.013969115370739988,-0.013970980723168722,0.08020616017377191,train,False,1774
2,100,e,0.18567490206562215,0.18599290755498313,0.2637744639851447,0.10383078534996543,0.12152887421473438,0.31682015325277363,train,False,1774
3,400,c,0.05832970245921607,0.058327769609615505,0.0761583297721253,0.0032805489726932535,0.0032790381920345625,0.63357791428734,train,False,1774
4,400,d,0.0038990188142072903,0.003899172633982879,0.0050901362197121455,-0.0005227280668915668,-0.0005229473180082422,0.023149186791168327,train,False,1774
5,400,e,0.16381426610206493,0.1637766911317542,0.22744013818665057,0.1463930221293492,0.14637454485916707,0.3440637157860187,train,False,1774
0,100,c,0.08546864529877826,0.08486167694103539,0.10953818009235249,0.11110837643058034,0.11095272009425962,0.5782325793571567,train,False,1775
1,100,d,0.006899191930669593,0.006899319551354833,0.005423897647825935,-0.019373168331441912,-0.019373416556753113,0.04350740177626001,train,False,1775
2,100,e,0.2052998364164525,0.19975941514653034,0.2961712724623689,0.12703609629258417,0.1403417001062787,0.2653167423361641,train,False,1775
3,400,c,0.06114175251629406,0.0611234231986238,0.08179506613153929,0.0687439030568639,0.06867427980518215,0.8665370814614615,train,False,1775
4,400,d,0.006969594419292795,0.007379861427690105,0.007261307997997766,0.012325507294787794,0.0120473287586508,0.07224652322511105,train,False,1775
5,400,e,0.21783745703837226,0.21786956153714737,0.371432298354017,0.16237513164650466,0.16237404429364233,0.31811756364729826,train,False,1775
0,100,c,0.07531931866245474,0.0753733968576676,0.10328261899788792,0.08387594055975434,0.08383604094310393,0.59467550081676,train,False,1776
1,100,d,0.007266437627122849,0.007267207358627753,0.007831721064927544,0.0002854301653185232,0.00028479209044888874,0.00838215176237025,train,False,1776
2,100,e,0.3143939100045768,0.31431991807063947,0.30836219807333004,0.10069662019433405,0.1006830050341959,0.2798467466764907,train,False,1776
3,400,c,0.08460291417339913,0.08469053752989987,0.09864401493234971,-0.015196081917704874,-0.015215005455470347,0.2557073697424515,train,False,1776
4,400,d,0.005611257702173014,0.005608424487886494,0.007462991683022117,-0.00028656583946776946,-0.00028679110500302586,0.007619952422682772,train,False,1776
5,400,e,0.1920153928081636,0.1920783208297271,0.256470058884702,0.17707779149377273,0.177070084518491,0.3061257175155578,train,False,1776
0,100,c,0.08109975447959598,0.08109934000742224,0.08216685953317938,0.05118455130760822,0.05117602399529609,0.7849756099576767,train,False,1777
1,100,d,0.009500918468050627,0.010192477548713792,0.010408067350420332,0.011743486831402307,0.01139192146670272,0.05887361332201482,train,False,1777
2,100,e,0.2131322180554386,0.20178102897613026,0.2603098595439993,0.1065820044080791,0.11951859674403778,0.3608423895697315,train,False,1777
3,400,c,0.05539609415578083,0.05538802033423671,0.08430458028085754,0.000585516282012648,0.0005760311167234278,0.5232233972900526,train,False,1777
4,400,d,0.009326674209535129,0.009326782237168959,0.008684268963704582,0.02136287530708376,0.02136264279314684,0.0707636595686112,train,False,1777
5,400,e,0.19823383528256014,0.197953680587945,0.2958681230823008,0.15437947132296395,0.15327576346001962,0.34305227533166827,train,False,1777
0,100,c,0.07868792181306078,0.08170414719445943,0.08676186198927686,-0.0171264078279701,-0.034948273477590205,0.5937953749345862,train,False,1778
1,100,d,0.033479755047876994,0.03347624470440024,0.02503144790572932,0.013061390229604425,0.013058986405726234,0.12040213336298843,train,False,1778
2,100,e,0.1427482326953552,0.14274881864951716,0.2799305394177792,0.13485147730226257,0.13483778177115613,0.2501448257884696,train,False,1778
3,400,c,0.05409321551237567,0.05409329772782615,0.09066022795722592,0.02712559602985351,0.02712594798885732,0.8033550206282496,train,False,1778
4,400,d,0.011357964026720528,0.011385982668956185,0.006743465676100153,0.01758353520316245,0.01757677370109722,0.05563295711827823,train,False,1778
5,400,e,0.1923878758733577,0.19114309530998938,0.27158765007142754,0.15275842678548446,0.15294993869707876,0.31891396821476214,train,False,1778
0,100,c,0.0628913857222328,0.06292600038376905,0.09069049231929555,0.043590248500616866,0.04355654905104785,0.3729318673861413,train,False,1779
1,100,d,0.005836925083693851,0.005848695013486085,0.0074321536933327215,0.008520277537097982,0.008510727826597097,0.07447358486806141,train,False,1779
2,100,e,0.22574457974443682,0.22529311749172237,0.3214956023661466,0.12941652171738457,0.12942931341382308,0.3076489625291273,train,False,1779
3,400,c,0.05981135910292818,0.0598116987046041,0.07327087899296217,0.022503105784291506,0.02250093267449614,0.6218074342804418,train,False,1779
4,400,d,0.004792612353785065,0.004792711539583685,0.005338217141315451,-0.002535642912021974,-0.0025357861803309233,0.035393782560792834,train,False,1779
5,400,e,0.18916446023708708,0.1891610874968623,0.24962028928823152,0.17236116560749243,0.17235199126096892,0.35716098529893775,train,False,1779
0,100,c,0.07099152753528426,0.07098662213241619,0.09505057720038634,-0.07302022352614274,-0.07306195895387134,0.47480900786568425,train,False,1780
1,100,d,0.0071042121907200105,0.00710592219368871,0.004817525525053363,-0.0026657294712380875,-0.0026669530064747883,0.0016869091987810948,train,False,1780
2,100,e,0.2172778816063593,0.2172837652619188,0.291188631336545,0.16374684990431831,0.16374291774751668,0.3127514791638232,train,False,1780
3,400,c,0.05951997199194183,0.05961894438559619,0.08892962248162675,0.05746269540046185,0.0574263378459537,0.8276353501812146,train,False,1780
4,400,d,0.008773470903445622,0.008773777085997964,0.008804597504723006,0.020010710472608065,0.020010424403826263,0.05023579312287262,train,False,1780
5,400,e,0.2107003848467772,0.21064586401699267,0.32021881914045003,0.1740613620323655,0.17404703189624982,0.31144883931614975,train,False,1780
0,100,c,0.1053504239323808,0.10533506215987593,0.07374310827407107,0.07788655254718656,0.07786130609968084,1.2193922517607962,train,False,1781
1,100,d,0.003204225930222868,0.0032042852879435326,0.004423615761296096,-0.016498583377677838,-0.016498917846619162,-0.008888616580772215,train,False,1781
2,100,e,0.150636028477122,0.15571688000904468,0.18323884576919322,0.1167602700036575,0.12203523058988935,0.3016147340353153,train,False,1781
3,400,c,0.09273874257400454,0.09291954454065181,0.08912202799699166,0.1120805151661277,0.11203908940750396,0.4883673580294216,train,False,1781
4,400,d,0.006099293519987087,0.0062944179272795995,0.007666185907280822,-0.011617599195102404,-0.011684602674999756,0.04426685137857257,train,False,1781
5,400,e,0.18003880489592533,0.18007365844403986,0.21271261437487485,0.1556244898344205,0.155618394387068,0.3552805872954087,train,False,1781
0,100,c,0.054703210665489055,0.054685397455292044,0.09054270705740988,-0.039600680221080466,-0.039613955070954464,0.33118865550236287,train,False,1782
1,100,d,0.0064306404116279995,0.006430759541809204,0.0060943819673835685,-0.030357715413881794,-0.030358142316178276,0.06764127477210138,train,False,1782
2,100,e,0.2329342376191743,0.23295015817905226,0.30465324484464,0.10005435098405052,0.10004628768588887,0.2670401696487955,train,False,1782
3,400,c,0.057559878864426796,0.0575636470099862,0.062057464047631884,0.056026278355396926,0.05601541886285389,0.9109133323885871,train,False,1782
4,400,d,0.004569646785182506,0.004569735668372248,0.0051792067711621615,-0.01404996677782318,-0.01405035212127844,0.008420110245090803,train,False,1782
5,400,e,0.15050518507004557,0.15050624433404192,0.25182334389390465,0.15766085175466582,0.157653836603268,0.33512330689152764,train,False,1782
0,100,c,0.06628051880806056,0.06628553859822517,0.0893152013317999,0.08610722789247419,0.08610380715481071,0.3947167495476801,train,False,1783
1,100,d,0.027737358404189883,0.015316551001809384,0.017840306204906398,0.0033934209405331473,0.014114000673567304,0.12292692432577684,train,False,1783
2,100,e,0.2017298832951478,0.2017319768418651,0.30856556065931,0.15680542838697942,0.15679848807829852,0.29000407877647744,train,False,1783
3,400,c,0.06066296977876512,0.06066859308965582,0.08673857313968007,-2.880148135020022e-05,-3.291359596445886e-05,0.4823522479010881,train,False,1783
4,400,d,0.004981903626578121,0.004982399666950502,0.00554548057421579,0.006573593154032853,0.006572994580992031,0.046738642175764886,train,False,1783
5,400,e,0.16340943230868712,0.16341801909331508,0.2615388607350356,0.1798735749763262,0.17986486981471583,0.2884300279520128,train,False,1783
0,100,c,0.11794017610020882,0.11796629708614954,0.1306014947215819,0.01818023197346179,0.01817852457299921,0.5005597705536858,train,False,1784
1,100,d,0.006869111092756705,0.0068625871018376606,0.008923267797013633,-0.019467279934670147,-0.019467748824453752,-0.01151989863287815,train,False,1784
2,100,e,0.15000789394351963,0.14979892595685576,0.3160376704953374,0.15042730659344383,0.15058551016775132,0.2974598133718401,train,False,1784
3,400,c,0.06488685067042009,0.06488499653712837,0.08441231246210452,0.07802298135730382,0.07801778208550914,0.2659614791637564,train,False,1784
4,400,d,0.005576789281815142,0.005580612645386661,0.0074704238721447404,0.0006416198694174291,0.0006364058460629707,0.015182187433620377,train,False,1784
5,400,e,0.1595746921787957,0.15956714171438965,0.2366309021608139,0.16579303945020069,0.1657830675076554,0.2935939776243774,train,False,1784
0,100,c,0.061353911356115766,0.06134848562566833,0.0707037350024841,-0.0013591414198473473,-0.0013623856242527665,0.46629931594480667,train,False,1785
1,100,d,0.012010810130437451,0.012008623233253085,0.011552790858077375,0.008486875197297098,0.008486550117435635,0.00861395146723698,train,False,1785
2,100,e,0.24164817221134643,0.24172150412562157,0.30546037814548693,0.09293684589567637,0.09292992853019354,0.30984481060944974,train,False,1785
3,400,c,0.055146476818994844,0.05510951514611487,0.08248097643786301,0.026225497943572904,0.02621197681085249,0.6182217626016482,train,False,1785
4,400,d,0.006904732158274914,0.0069048735225077625,0.008234183662953505,-0.011232304148454145,-0.011232788287670275,0.013668558263077984,train,False,1785
5,400,e,0.18636997868124847,0.20417875163359298,0.24363301361952236,0.11300827608239328,0.1149834712366734,0.36950438488896964,train,False,1785
0,100,c,0.11872853765568409,0.1186501356775888,0.1003119097614786,0.03554243319379388,0.03553561123275998,0.7858426461264202,train,False,1786
1,100,d,0.004741920812367484,0.0047419547654296325,0.0045887720191011006,-0.019954210615640254,-0.019954601757667768,-0.016893432857122796,train,False,1786
2,100,e,0.23187274719045875,0.23189434272549841,0.32668861281814626,0.13409972298490908,0.13409207928583292,0.323290887598003,train,False,1786
3,400,c,0.06618228165685656,0.07286028483808651,0.08933624015059202,0.052736690950020135,0.050638229916236385,0.7800583287266687,train,False,1786
4,400,d,0.0057498650879233585,0.0057503454345931935,0.006248411949529406,-0.0047160879465658395,-0.004716498254566357,0.07573361772106375,train,False,1786
5,400,e,0.18694309975162007,0.18695924598762312,0.27710662430194677,0.1570266378893789,0.1570229902898354,0.36532575912781856,train,False,1786
0,100,c,0.09695826764015049,0.09686402512068522,0.06259963302266236,0.027370894413424482,0.027286038874296707,1.4866542785532117,train,False,1787
1,100,d,0.023833016692401864,0.02383678583640217,0.010355741199832276,0.016455897205497366,0.01645465093056007,0.050132574685492946,train,False,1787
2,100,e,0.24982459755070224,0.24978826881546032,0.3714657421486864,0.1654673839540962,0.16546355635550597,0.36173127252658177,train,False,1787
3,400,c,0.058048432593134136,0.05804981018632546,0.07824481486296689,0.03972789042004934,0.039724310952739754,0.40572134862649434,train,False,1787
4,400,d,0.00390095530861646,0.0039008683031389346,0.0044853649166714665,0.004636230859888393,0.004635987416061074,0.05898909504938169,train,False,1787
5,400,e,0.16454771370539395,0.16451425627262473,0.24983747154582014,0.15633840375789118,0.15633151424679181,0.36076219238806345,train,False,1787
0,100,c,0.05786128783151576,0.057862114949373905,0.06574058831913049,-0.013275360868163943,-0.013282824210861719,0.7484762386678195,train,False,1788
1,100,d,0.015565133560936821,0.015567449519582445,0.013287464949422772,-0.01577915754538962,-0.0157801974390458,-0.004052983810801453,train,False,1788
2,100,e,0.27794521662633825,0.2779886450348408,0.2937314582052846,0.10301028554301578,0.10300982710189818,0.3765472755160492,train,False,1788
3,400,c,0.059087983729497244,0.05909761479893711,0.08715789240255545,-0.0024901637091655714,-0.002519215234648655,0.981190457561548,train,False,1788
4,400,d,0.00653384736851254,0.00654262883636054,0.008628313136971062,0.0015343921804469396,0.0015256854934371411,0.07007236725429714,train,False,1788
5,400,e,0.18228301986394996,0.18208738361860768,0.2826782874346022,0.1596262944711596,0.15944908142481776,0.3032652230068064,train,False,1788
0,100,c,0.07606545049591047,0.07606660159798694,0.06523009786584394,0.09484446458211622,0.09483482814777304,0.8569377637362643,train,False,1789
1,100,d,0.00580645239327709,0.005806407335645544,0.0063952813394518426,-0.03144177654640393,-0.031442453673638016,0.010806505147263773,train,False,1789
2,100,e,0.247949291771937,0.247930701757419,0.28886047202538156,0.05411835840608824,0.05411301598772632,0.3542719744790195,train,False,1789
3,400,c,0.06273203184945542,0.06278466961204553,0.08424531207773732,-0.04788945059379472,-0.047946960620170884,0.3775271513113927,train,False,1789
4,400,d,0.005523957266811671,0.005526861379509786,0.005893092263505575,-0.011686186555070161,-0.011688403018671814,0.021898043205645,train,False,1789
5,400,e,0.1919363335904679,0.19185340103707335,0.30951052423004666,0.16122521572131412,0.1612241562210798,0.33137923943105624,train,False,1789
0,100,c,0.05507718584483232,0.05505287992402327,0.0635958082158261,-0.08224592803582567,-0.08224544092981574,0.49562810191915424,train,False,1790
1,100,d,0.004149561659263987,0.004149722139605319,0.005655394354365916,-0.007971382784397392,-0.007971644252047962,0.03244191592936827,train,False,1790
2,100,e,0.18423741809340025,0.18422745050360356,0.18473004031472307,0.07981229469973507,0.07981654864690235,0.374583553400698,train,False,1790
3,400,c,0.05191637248853665,0.051913231999083986,0.0747384677452169,0.06480756927076918,0.06481284309441612,0.8653022945110933,train,False,1790
4,400,d,0.004454754404290773,0.004455616569607082,0.005479189111978273,-0.0010230386125016366,-0.001023146152766632,0.006797163507575874,train,False,1790
5,400,e,0.17647586788154,0.17723406313135304,0.21034110190236419,0.12118256787239574,0.12402775229720484,0.3482197349105748,train,False,1790
0,100,c,0.08776192538318389,0.08777903334372013,0.08853781739830037,0.07500802650876097,0.07498967886796606,0.7187338601827575,train,False,1791
1,100,d,0.006947732771273169,0.0069489275739920255,0.004784425903379865,0.002750417050101035,0.0027486145901607275,0.028013085492033695,train,False,1791
2,100,e,0.1885619276201097,0.20708885561408322,0.26313258351758895,0.0687205016306871,0.07302161337071329,0.42145001744645144,train,False,1791
3,400,c,0.06271875973131977,0.058666669747500955,0.0934021697792242,0.02828108686472774,0.03004645243755526,0.5900321194744118,train,False,1791
4,400,d,0.005277322570601952,0.005277385189481807,0.005348873195976394,-0.010590680166570313,-0.010591010169322068,-0.0062067816675000385,train,False,1791
5,400,e,0.1688562451246451,0.1688546003156624,0.2220785016838214,0.1328580498511532,0.13285320353707483,0.30786225559156777,train,False,1791
0,100,c,0.2380535656180892,0.09749925451842906,0.06851246609830229,-0.05767128382469927,-0.012549564885828915,0.4535956795047483,train,False,1792
1,100,d,0.010064036936630171,0.010071226232855135,0.011124456964927578,0.008697186848183752,0.008695987371051466,0.01539313385887791,train,False,1792
2,100,e,0.31960218487016684,0.3177537191552711,0.38555957712523115,0.15703849574923645,0.15701667899606675,0.24080577772251338,train,False,1792
3,400,c,0.06437020646219432,0.06437308263593698,0.08125808865157041,0.0642618405041766,0.06425885006205526,0.37851324701691724,train,False,1792
4,400,d,0.006064876376854802,0.006028499077235774,0.007564272076361032,-0.006766573948733612,-0.00678155658321641,0.011618747564096506,train,False,1792
5,400,e,0.18199190604647036,0.18204551692424986,0.23609841662007697,0.16904524740578455,0.1690446766436307,0.3090892734907654,train,False,1792
0,100,c,0.06839619736817809,0.06838673542774437,0.09958877571700495,0.06596423189855592,0.0659673674297914,0.47489038581559617,train,False,1793
1,100,d,0.010947309816938908,0.010950726304835628,0.009113664041561382,-0.02208137061667225,-0.022083114620269004,-0.009432556216359468,train,False,1793
2,100,e,0.20510555943446834,0.2052327963530147,0.2678304277595154,0.10536512645845353,0.10536397529152293,0.30213336918184225,train,False,1793
3,400,c,0.05934858815427463,0.05938256851096118,0.0673929357190795,0.006724401934513153,0.006695311206304453,0.8111052197559607,train,False,1793
4,400,d,0.010001605596769034,0.010003492599662538,0.004993094163417425,0.005340218535234111,0.005341814503557956,0.14846647090610648,train,False,1793
5,400,e,0.17965028170190853,0.17965594331053839,0.25877549593757904,0.143548662403768,0.1435468399954378,0.34125341857800184,train,False,1793
0,100,c,0.06652144933377378,0.06645375590336128,0.06414973104983447,0.05611255313327405,0.05608906955113099,0.5231851801944211,train,False,1794
1,100,d,0.0074820042149148745,0.0074822131892252845,0.0052569899474386814,-0.02446014527720582,-0.024460669433360813,0.060592567052884336,train,False,1794
2,100,e,0.15655231114069199,0.15654945354167724,0.31154394999211943,0.14952510607665964,0.14952280598627682,0.304982016457301,train,False,1794
3,400,c,0.07221526125748373,0.07216834714698712,0.08470307065541212,0.05498152596387854,0.054974133668387215,0.27193780913651705,train,False,1794
4,400,d,0.004334952477290148,0.004329843438925143,0.005298044512886475,-0.0017380610079483284,-0.0017398454809451635,0.00876514245047824,train,False,1794
5,400,e,0.181175289877547,0.18116678151368099,0.2964445518111534,0.14477194318256,0.14476338080668508,0.36825813930119394,train,False,1794
0,100,c,0.19880231505056162,0.19887588698616385,0.11076832340640745,0.05303489865581817,0.05300692004041224,0.5187775854217561,train,False,1795
1,100,d,0.009001720390102245,0.009002181245813094,0.011505187455563684,0.014733365931748264,0.01473306408612066,0.038677454196291414,train,False,1795
2,100,e,0.193287357132584,0.19328502616678514,0.2233856234955547,0.06881275345197498,0.06880799002337472,0.32717087192881356,train,False,1795
3,400,c,0.08726137123628036,0.08735463896317126,0.08904683524679571,0.08240500806519642,0.08238399467906568,0.5187242626694584,train,False,1795
4,400,d,0.008181052995687966,0.008182372594950013,0.009665475619910095,-0.002299380407826153,-0.002299657657183847,0.12166520462769981,train,False,1795
5,400,e,0.1857963840617382,0.18730717338656835,0.2780590819590177,0.171379732705404,0.17575082002389109,0.3193086336902002,train,False,1795
0,100,c,0.0634773184299294,0.0610844375134916,0.07599734293822945,-0.005138790615971516,-0.0027305872595066918,0.17373676597566373,train,False,1796
1,100,d,0.0038745202334400236,0.003874556574369129,0.003810846583582508,-0.006952400007369875,-0.006952591064589804,0.06421827863128997,train,False,1796
2,100,e,0.26675318370054557,0.27658528389406895,0.37605497668009613,0.12549309334690797,0.12581786042067883,0.3209151347411411,train,False,1796
3,400,c,0.10898052294231335,0.10480538481525402,0.11404790936534587,0.012494821535080405,0.009912847255711057,0.8385459454141874,train,False,1796
4,400,d,0.004662141043870582,0.004661879356587711,0.0045505226782623,-0.00600564574009356,-0.006005421314596937,0.04731682420549069,train,False,1796
5,400,e,0.17211265321489072,0.1721128582644638,0.279038064354156,0.15988911942848533,0.15987998863185765,0.32715986093103266,train,False,1796
0,100,c,0.19042824819729112,0.19055075462451826,0.14344492168476727,-0.014175106698241607,-0.014175824000982828,1.0762400868488,train,False,1797
1,100,d,0.011266992515497818,0.011285544248341748,0.0063995852253009525,0.0026935989350359256,0.002687237833702003,0.03737596161673519,train,False,1797
2,100,e,0.22580378283767538,0.2258378840796023,0.3403068403858038,0.1258906736727662,0.1258828729954923,0.31218895433184335,train,False,1797
3,400,c,0.0868987768673607,0.060617704548201416,0.071667077714325,0.10000505733251693,0.10666195520390737,1.0544974866212282,train,False,1797
4,400,d,0.004889087375709079,0.0048891058271281354,0.003981434909585524,-0.0015739122570160014,-0.0015740621263841171,0.08632421694766226,train,False,1797
5,400,e,0.19196105425631887,0.1918866689247065,0.2794752318502638,0.1363266091054319,0.13631567391663166,0.29614416601723953,train,False,1797
0,100,c,0.09594134820389677,0.0959463095070225,0.08819945884165088,0.0882804233035192,0.08827054299137842,0.7897897880742607,train,False,1798
1,100,d,0.009947917803477814,0.009948620422363396,0.007903300755084185,0.013272198350787754,0.013271633256159793,0.021950770829353383,train,False,1798
2,100,e,0.24975170954748774,0.2500763967096469,0.29265436009206736,0.18402950213576308,0.18426938043167743,0.2904256796563648,train,False,1798
3,400,c,0.04991428684588484,0.04990007280659039,0.07939240717048329,0.05771604281496735,0.05770139858145349,0.6077313628647009,train,False,1798
4,400,d,0.004156655162212883,0.004156816005322819,0.005052078840652634,2.7985523955891268e-05,2.7746506503945056e-05,0.02154769106455653,train,False,1798
5,400,e,0.20091683219623346,0.2009385180909903,0.305034817476455,0.17673743352757867,0.1767279627474791,0.2957352225451235,train,False,1798
0,100,c,0.06823434191041762,0.06817939961148078,0.06074581645596686,0.061431187544961435,0.06144469150469121,0.7742392279460464,train,False,1799
1,100,d,0.022149607595150896,0.02215598437752727,0.010251975716343594,-0.000496850243956537,-0.000498117596418517,0.00657289688859219,train,False,1799
2,100,e,0.2771138104420261,0.2766829989265763,0.3076520060627301,0.11752383388852146,0.11751572282105308,0.31975519021532106,train,False,1799
3,400,c,0.05073675416371926,0.050730176962825155,0.08303387914081493,0.04216603929419492,0.04216825431502422,0.6696602215708988,train,False,1799
4,400,d,0.010352524042765755,0.010366514887377068,0.007168377508950458,0.012128496813656043,0.01212756059765205,0.14927232405971785,train,False,1799
5,400,e,0.17315465273066677,0.1712470981321295,0.22835076988593397,0.1368481490768971,0.14042742647492748,0.30668853582354616,train,False,1799
