,n,experiment,MSE_misspec,MSE_NPMLEinit,MSE_NPMLE,SURE_misspec,SURE_NPMLEinit,SURE_NPMLE,data,NPMLE_lower_SURE,seed
0,100,c,0.07231520701878441,0.07219472951381838,0.10154697201789414,-0.08791671360291752,-0.08791251021764389,0.3100796692354255,train,False,600
1,100,d,0.006627482831519239,0.006605679711402669,0.005780177543655571,0.005684157538915269,0.005688263486606094,0.04844396334033707,train,False,600
2,100,e,0.22148113285793197,0.2214898201028009,0.26353330668082153,0.05014222176367575,0.05013343589447061,0.34616406535697924,train,False,600
3,400,c,0.07714586831288263,0.07708928344311798,0.12079740583202453,0.11246388943761318,0.11245756391427435,0.7536638186499856,train,False,600
4,400,d,0.004835909603162275,0.0048447078242050265,0.005990902032832134,0.006376930787386623,0.006372719765417063,0.012336554718659567,train,False,600
5,400,e,0.1784609750042918,0.17856961371702273,0.222849865591817,0.13350585434466056,0.13348755659593806,0.3274584571617855,train,False,600
0,100,c,0.07154048822898286,0.07153456628973914,0.07863484587166483,0.07842272969356075,0.07841556562769839,0.6782632091136575,train,False,601
1,100,d,0.004601026650923944,0.004601122304005884,0.00730134672688927,-0.012328901990341682,-0.012329285773181731,0.025314621434498755,train,False,601
2,100,e,0.22224584238377074,0.22229408713680457,0.27287962213769285,0.12871797394388929,0.12870497034122785,0.26878563629017244,train,False,601
3,400,c,0.056393562756248884,0.05639075666502504,0.08782762887630255,0.05223479553832469,0.05218647839218335,0.6451982549439136,train,False,601
4,400,d,0.005133575582552155,0.005121356227698598,0.005746305233333697,0.0017251371035440144,0.0017241107194157835,0.12178772242360388,train,False,601
5,400,e,0.20002145038517885,0.1995814485905138,0.2922415048912923,0.1542416313398845,0.1541943990604721,0.3497731701771118,train,False,601
0,100,c,0.06543137295939179,0.0654285211982644,0.1229856952927801,0.024004494705884626,0.024002616428562933,0.19806737258972945,train,False,602
1,100,d,0.011130415247577852,0.011129837736065597,0.011397938055117907,0.00824038790497422,0.008240095501408914,0.009426772818562447,train,False,602
2,100,e,0.16654900019369098,0.16636190063310552,0.274715397641089,0.11987018404292688,0.11985237698989583,0.32710105557966856,train,False,602
3,400,c,0.07337045175173502,0.07335675928148272,0.1251165092506682,0.04672049153837534,0.04667225138608359,0.6830235538433724,train,False,602
4,400,d,0.006802821697154964,0.008412868818050766,0.00844102647033767,0.005644887052288965,0.005008697539819309,0.04376335673188844,train,False,602
5,400,e,0.20358048022972966,0.2035712748170749,0.2825899172699939,0.18370676813569212,0.18370166323295947,0.2809567791076567,train,False,602
0,100,c,0.08953432533276122,0.08955823915801582,0.07710200277148987,0.10809026244819975,0.10806268514609499,1.0690310773048954,train,False,603
1,100,d,0.02339904263694587,0.02340945176028629,0.017327518283011257,0.0013401524381526286,0.0013383181009506728,0.006855337144449827,train,False,603
2,100,e,0.2609229364062317,0.26097842370402885,0.3235235095355867,0.1576813700746395,0.15766867034842677,0.3048501733361813,train,False,603
3,400,c,0.08766823110540663,0.08773355023307129,0.09846009110278273,0.07944119458084047,0.07942887928547528,0.6448125477422607,train,False,603
4,400,d,0.00860536043107885,0.008605456855453084,0.009864688989640737,0.010882677417728992,0.010882368800749944,0.03985465059595507,train,False,603
5,400,e,0.1956579767559258,0.19566314557545236,0.2833896605550481,0.14653263516816165,0.1465317210822563,0.3239229809294958,train,False,603
0,100,c,0.18906914425050086,0.18907999997253508,0.13863354118695326,0.10110077270915384,0.10109522832912987,0.4778115479617972,train,False,604
1,100,d,0.008516028751037671,0.008516388051110105,0.010849378421457055,0.006324015374854551,0.0063237049926186195,0.04617647948554337,train,False,604
2,100,e,0.23014016988165412,0.23014535624354968,0.40216379557037174,0.1407263742872661,0.1407223728267929,0.3246259348839229,train,False,604
3,400,c,0.06408439883666874,0.06411473866557642,0.06996025763058768,0.058073781264178025,0.057995352200710504,0.9903567170100882,train,False,604
4,400,d,0.004900853083789128,0.0049009700783489395,0.005356562337414906,-0.0069740078571485856,-0.006974429797157953,-0.003193935809328643,train,False,604
5,400,e,0.18601559668228393,0.1860481668637041,0.21869028591389558,0.1458170574952171,0.1458075939236385,0.331779380387062,train,False,604
0,100,c,0.0648764045780906,0.0648743442978021,0.09606368499712166,-0.08943483824117336,-0.08943508652071394,0.6301897455515646,train,False,605
1,100,d,0.013818218209351583,0.013819675174001235,0.009769091159470427,0.01720762121315543,0.017207162456722908,0.07767336316548011,train,False,605
2,100,e,0.17183814258439198,0.1718899781883122,0.29157563624647975,0.10233992771748249,0.10233291181552502,0.2824863160789297,train,False,605
3,400,c,0.05306692447669272,0.08076895014571697,0.06358888037099074,0.04966487615778867,0.041727742463543153,0.6677201743324759,train,False,605
4,400,d,0.006887689467805276,0.006897516009243694,0.00852366905279845,0.00202700158716274,0.00202263587597173,0.021656667493474783,train,False,605
5,400,e,0.210550972783587,0.21057837627495501,0.31295973118955694,0.16669806605228604,0.1666992522089816,0.3332772268667829,train,False,605
0,100,c,0.19435109454444952,0.09797501450108881,0.0861866296540523,0.09712993678434544,0.11265680531030668,0.3406172921330095,train,False,606
1,100,d,0.007543400773399885,0.008172979221988787,0.00955228853328767,-0.0027037947371951355,-0.002743231758342706,0.0013839677279772645,train,False,606
2,100,e,0.3011476455316579,0.3011648843041935,0.3344266338140436,0.10893284563271077,0.10892488550482295,0.4628141175220744,train,False,606
3,400,c,0.057426703724698804,0.05742808673464257,0.08188951114153403,0.0851535077862303,0.08514681693763677,0.6906166071934551,train,False,606
4,400,d,0.006428092276544758,0.006428154795320205,0.007900862894668825,-0.0012440531141134593,-0.0012441615987012435,0.01753798913176686,train,False,606
5,400,e,0.20001129764222533,0.2003927954775972,0.24652039410560525,0.1527383857709392,0.15279485783097344,0.30278661739184753,train,False,606
0,100,c,0.20450656974663528,0.20448882002454663,0.20830480052729436,0.07929023294985499,0.07929022519256229,0.856570510389187,train,False,607
1,100,d,0.014939210454641106,0.014944269661061875,0.011573590065177443,-0.011909480043393525,-0.0119109673955262,-0.008077694707950799,train,False,607
2,100,e,0.21356771781469913,0.2135661690857855,0.22353594576360597,0.05100614223427268,0.05100259132454721,0.323766938417143,train,False,607
3,400,c,0.05533654505294759,0.05533606980631947,0.0789556598084522,0.009022553968422217,0.00902146643825482,0.4832354931912064,train,False,607
4,400,d,0.006911148444295221,0.00690678696675989,0.007578854304628089,0.012771976079461123,0.012768923749419764,0.2699225875659596,train,False,607
5,400,e,0.18712467768957405,0.18712685532158566,0.29736072325761326,0.17849272174629258,0.17848631115889232,0.29583287044844053,train,False,607
0,100,c,0.059302418617512356,0.059303447843017165,0.0711040095319908,-0.05772250737422034,-0.0577381048684358,0.6367057480952227,train,False,608
1,100,d,0.013703936550473899,0.013704511919972186,0.01842374880596212,-0.01733618999664772,-0.017336508253336085,0.04364029494681409,train,False,608
2,100,e,0.2188422557028007,0.2188515732549271,0.20243927233222717,0.09481351994839755,0.09481062686437397,0.2803137010118655,train,False,608
3,400,c,0.05902206754737395,0.059046057573126615,0.0816148734177686,0.07238656054685016,0.07236905979581856,0.9556530006492409,train,False,608
4,400,d,0.007619883512434786,0.00764122653109522,0.007602310290382373,0.005462251578148632,0.005452125283210947,0.026942911426171126,train,False,608
5,400,e,0.1906323258284273,0.19065419577865494,0.32252992301923383,0.1627255235777597,0.16270226737099933,0.31206467159532814,train,False,608
0,100,c,0.3202025827525939,0.32013322151655565,0.24261307683098582,0.11341711680331251,0.11340116628512767,1.5464479192367764,train,False,609
1,100,d,0.00580041609545372,0.005800449192768351,0.005193106015350695,0.0009619391088952866,0.0009617728584899155,0.011838982267743478,train,False,609
2,100,e,0.2215642931055628,0.238947543164623,0.2752228796631992,0.1264610829412915,0.15352130823372506,0.31224192216743396,train,False,609
3,400,c,0.05629877757931607,0.05635240614929104,0.06817355307904709,0.06915862200707756,0.06909931710101418,0.6998798206816094,train,False,609
4,400,d,0.005031436983788187,0.005031558089785063,0.005486045851435845,-0.01161717941567609,-0.011617629993716835,0.04619216171855474,train,False,609
5,400,e,0.19009958464715265,0.1900840207068009,0.2656400493551374,0.1586563853960356,0.15864706237995457,0.33655033071335455,train,False,609
0,100,c,0.05325174130874437,0.05332356954688298,0.08497574451806564,0.046151455973084766,0.046094198428139777,0.42737537360344036,train,False,610
1,100,d,0.005945696212009488,0.00594560460618614,0.007361386430179671,0.013738528748782066,0.013737945859984571,0.043107695960084146,train,False,610
2,100,e,0.203682720682007,0.2038265993919347,0.1938920841333761,0.04934899637414031,0.04933156853306766,0.43562955897479816,train,False,610
3,400,c,0.053995851800614815,0.0596931304765494,0.07802957398909677,0.09971240080501453,0.09411370848976112,0.708502379813593,train,False,610
4,400,d,0.005194033575646068,0.005194172466109576,0.006203035757537623,-0.005229766971430489,-0.005229916329231692,0.050979615193501894,train,False,610
5,400,e,0.17771341739834856,0.17759887635296068,0.2584468696479748,0.16901709564265338,0.16900912655160716,0.34487349032872766,train,False,610
0,100,c,0.06869961580184929,0.06869821418273486,0.10072072791966485,-0.06913638022570816,-0.06913681978335412,0.7447834748114596,train,False,611
1,100,d,0.005001226207666104,0.0050054547107223615,0.005872197682200287,0.004155277782966085,0.004154443724687873,0.027373593008484534,train,False,611
2,100,e,0.2726610357320677,0.27234286554524045,0.30108172552722867,0.11401590104686615,0.11399478109317347,0.2920072162727325,train,False,611
3,400,c,0.056864085850131196,0.05686434382890904,0.08344341380422106,0.023456751191832482,0.023457715580695506,0.5242953907791558,train,False,611
4,400,d,0.00625050973880452,0.006378439292767547,0.005706234669753753,0.02236148551484833,0.022096927153785976,0.102508196593209,train,False,611
5,400,e,0.2121143113621046,0.21070197904203192,0.2889452378847934,0.17359431248927273,0.17447036645405056,0.3633781592257761,train,False,611
0,100,c,0.07986869455672843,0.0797931080774316,0.06623637516916762,-0.11744323443093421,-0.11743180244106143,0.5131114954245192,train,False,612
1,100,d,0.0051374858422732214,0.005137570347547294,0.0041082879245257125,0.010284093063688006,0.010283930397225678,0.024303044111617746,train,False,612
2,100,e,0.17461573519256632,0.17466658131624105,0.29216283340996874,0.12812591096718895,0.1281189573991613,0.3605633320646068,train,False,612
3,400,c,0.05678340260710623,0.056779152565971415,0.07469823551357431,0.00960953788330798,0.009605831737742819,0.5517708806403716,train,False,612
4,400,d,0.0042531972135267946,0.004561991942836902,0.0053817975325407144,0.0063300745960815875,0.00604068125742721,0.08554364601032001,train,False,612
5,400,e,0.16490344847467764,0.16458592747905754,0.2668233351968444,0.15361015376346593,0.15322277952953492,0.34477555684727146,train,False,612
0,100,c,0.07422461535870432,0.07414920176927403,0.1617472826464162,0.09435796051724538,0.0943486659309977,0.5771262387094639,train,False,613
1,100,d,0.007910978630714095,0.00791098909044055,0.007611370854786987,-0.020759924609985846,-0.020760048353191413,0.08077360371683419,train,False,613
2,100,e,0.1700083854322293,0.1696833973017248,0.19658422887046773,0.08558648184115476,0.0855586408645619,0.31124971446439703,train,False,613
3,400,c,0.05652115648113466,0.056508487163333905,0.0777272548039749,0.060373878663796746,0.06038487171730722,0.7225421093683321,train,False,613
4,400,d,0.005121206418295436,0.0051215063930381876,0.0049250298972076815,0.005886992068499488,0.005886602643851156,0.007394262522468189,train,False,613
5,400,e,0.16555241529625156,0.16629774954304696,0.2497069956620243,0.16547885223755254,0.16673044513650456,0.2947026270276448,train,False,613
0,100,c,0.06554849773599679,0.06542001635556899,0.08805046359903987,-0.09382396570770048,-0.09389991821779446,0.5961285684417059,train,False,614
1,100,d,0.004661572196516378,0.004661567100540038,0.003116799090041426,0.019167503510945903,0.019167179900273563,0.0844703603320237,train,False,614
2,100,e,0.17033239160602281,0.17033455623483895,0.28086820560262454,0.10839475091139526,0.1083898817028095,0.3261662204365217,train,False,614
3,400,c,0.05259086013616364,0.05258964138859566,0.07792347213596545,0.0018603478799442286,0.0018582193793461243,0.6775695109689391,train,False,614
4,400,d,0.004751855248866683,0.004755812458562619,0.0055586679878597434,0.008203214764233184,0.008195181411511144,0.04819716309486246,train,False,614
5,400,e,0.18121973192793764,0.1812448687822166,0.2903735631133277,0.1548083997002023,0.15480349816408154,0.32443940287170286,train,False,614
0,100,c,0.10574594898919842,0.10580476585240108,0.09298046524475617,-0.1376747908815422,-0.13770411809163932,0.17791264887898742,train,False,615
1,100,d,0.020180646067737663,0.02020141827999356,0.01139019642397113,0.03924474987084354,0.03924056287663918,0.04355637929641558,train,False,615
2,100,e,0.29073301049192224,0.29073581356944656,0.3676652727359055,0.12658926342005467,0.12659039860104052,0.33557495548425903,train,False,615
3,400,c,0.090863724118144,0.09092411755324348,0.07014475557439573,0.05658810673804901,0.0565748299705119,0.935816700915297,train,False,615
4,400,d,0.0046552134679477,0.004655431990458658,0.004740637885506782,-0.013026052915732791,-0.013026537105355444,0.020421147031779247,train,False,615
5,400,e,0.1849091040798655,0.1848789668387272,0.28223634746728427,0.16188546750070273,0.16187966139104518,0.3137760792262426,train,False,615
0,100,c,0.20669492778269968,0.20673236176944795,0.20375373024442822,-0.05278288139511034,-0.05279913176872434,1.0326340853318365,train,False,616
1,100,d,0.004839452704047899,0.005101336433435312,0.00405616701899743,-0.026975853359300465,-0.027146298579995138,0.0044381749353865985,train,False,616
2,100,e,0.15066175471092755,0.15393986010108962,0.25042267162737947,0.09665891436315636,0.09785338434754753,0.3485528183711875,train,False,616
3,400,c,0.06177058018870795,0.09300727182828938,0.08934955094573188,0.013442538021430011,0.0003739513966972652,0.6081003193059592,train,False,616
4,400,d,0.005423353006573662,0.005419738733804691,0.0057683007315118525,-0.006694349391344279,-0.006694682209542577,0.022527050133366054,train,False,616
5,400,e,0.19373380551004218,0.19262189257525658,0.26218030716056895,0.16076917237984373,0.16072151418128416,0.34146174833829673,train,False,616
0,100,c,0.08246801779919664,0.08250100711148654,0.12050266974849558,0.08084912209892131,0.08084142166568647,0.8087009551333791,train,False,617
1,100,d,0.016888787849587025,0.01689029357251756,0.017608190145755088,-0.003947229106894774,-0.003947661813784044,0.007355109591579012,train,False,617
2,100,e,0.17567029998787034,0.17598042540527334,0.3059211444070549,0.1694326214625336,0.16942509018067953,0.29331799097118333,train,False,617
3,400,c,0.05225127900936248,0.05168428089464265,0.07431229780597606,0.02607151891543637,0.023609452135745244,0.8093101872349716,train,False,617
4,400,d,0.004818751583720834,0.004833419299893501,0.005191399497974892,-0.0017672527426152308,-0.0017763584650001185,0.012597138501247685,train,False,617
5,400,e,0.18170485975591336,0.18167848849402873,0.26001742948630685,0.1671470614092842,0.1671372785502571,0.33714114829152836,train,False,617
0,100,c,0.06789539674079412,0.06824726477342699,0.09844828262460313,0.058579387623306334,0.06369416285386435,0.8548039811777034,train,False,618
1,100,d,0.014402141180860473,0.004052766826578696,0.0048590432980736,0.006613581958041408,0.01149673619655136,0.14997156296869332,train,False,618
2,100,e,0.1652226892084871,0.1707536108765984,0.19969661626804366,0.1597480847257433,0.16798695698667623,0.2683411391986758,train,False,618
3,400,c,0.05716116594009946,0.06537843230499737,0.08494263760823773,0.032830591447307426,0.029606745374503873,0.6879355448908696,train,False,618
4,400,d,0.011363328448111382,0.01136244061706484,0.0075696824394870296,0.013903377174587988,0.013902469252859718,0.06750529339708679,train,False,618
5,400,e,0.17493459789030127,0.17489173604620623,0.29276761111727834,0.1615342385012534,0.16152949812597744,0.3134098687402413,train,False,618
0,100,c,0.07235531194740347,0.07235148949644589,0.11535822213097699,-0.03481372093251444,-0.0348279827145322,0.7181250185827375,train,False,619
1,100,d,0.004792681879429074,0.004792791775957221,0.004037480902236934,-0.017832054380165142,-0.017832277267689295,0.031417274317803494,train,False,619
2,100,e,0.2214748313526737,0.22637950671668944,0.24778065783617717,0.06519954215475252,0.0653369050669074,0.4005843111384097,train,False,619
3,400,c,0.07435899033310679,0.07441206276338885,0.07733615964090525,0.0730160915431069,0.07298382873441554,0.7198374729031365,train,False,619
4,400,d,0.005133723690207144,0.005133546637829594,0.004732118345791073,0.009125804944922926,0.009125851444997082,0.04650056298422687,train,False,619
5,400,e,0.20602725660238902,0.20731056631438657,0.2678108715855738,0.147365335654485,0.14663377168179817,0.31129613268919987,train,False,619
0,100,c,0.08900262657035382,0.08893275675673197,0.0945827515881853,0.13216064250996126,0.13214955488770116,0.8050936546383367,train,False,620
1,100,d,0.007764797490524349,0.007754055154710289,0.006157267318567825,0.011336251961783717,0.01133792811153807,0.0645433628338407,train,False,620
2,100,e,0.21510962369715336,0.2150965394540179,0.2181267696199251,0.1238094703916736,0.12379716647086006,0.35619055411239786,train,False,620
3,400,c,0.05730764214512133,0.05729356705417454,0.0870291142318113,0.06730454517678382,0.06726802299809158,0.6796029751690977,train,False,620
4,400,d,0.009737665106988907,0.027256657643121417,0.007681893131799393,0.0252050470554323,0.013011874295992971,0.1774869363132809,train,False,620
5,400,e,0.22428255886543094,0.22422763808079388,0.3032353988760216,0.1428274002739767,0.14281115697954488,0.3825621504804231,train,False,620
0,100,c,0.044937988124727594,0.04493820578678386,0.08604664035749124,0.05368656043398289,0.053684028646746214,0.607358448392667,train,False,621
1,100,d,0.009505515235260302,0.009505174066306786,0.014400642369799177,0.01288425291130725,0.012883935058397888,0.09746388254436365,train,False,621
2,100,e,0.255065147267745,0.2552672099195897,0.3157391064362397,0.09243781640981069,0.09280854014563808,0.2851146969641198,train,False,621
3,400,c,0.05203921216412571,0.05204023409001681,0.06680331634211421,0.04418427540476131,0.044181645273442385,0.5340175519515036,train,False,621
4,400,d,0.008717442297950543,0.008721596382903006,0.007524997558147152,0.010987441902101658,0.01097995065072901,0.0931618136426661,train,False,621
5,400,e,0.18051585131753017,0.18049847473090824,0.2414454949769321,0.16481716074464214,0.1648073233945961,0.30178398974890597,train,False,621
0,100,c,0.07264896447822164,0.07266837006278468,0.08855243057462499,-0.0339132769115858,-0.0339203160185194,0.2118104154451089,train,False,622
1,100,d,0.0097257552371667,0.009731259606808667,0.007765738350480587,0.02177963520326747,0.021778824131529612,0.05884921921209573,train,False,622
2,100,e,0.20013222788996907,0.1999913210415323,0.28970472635434863,0.13467386841272416,0.1346558562331817,0.3419485834961263,train,False,622
3,400,c,0.1091673296765145,0.08345719023483962,0.08367819180388579,0.05683989568401785,0.062209722055144995,0.4700621593451274,train,False,622
4,400,d,0.007930352907868381,0.010573014595792437,0.008216161509621298,0.006751639779575669,0.006403404591202282,0.00917702004416281,train,False,622
5,400,e,0.26693750984079934,0.26694293403274466,0.3482501541790888,0.1655788001786797,0.16558328668084318,0.29246138287984963,train,False,622
0,100,c,0.05638446218621934,0.056323422310453154,0.08165656033888899,-0.03679001417837753,-0.03677563458026917,0.4363100714486204,train,False,623
1,100,d,0.002868179912828883,0.0028682319484358816,0.0028594299349140647,-0.02278307201595089,-0.022783581768328637,-0.015484374531599218,train,False,623
2,100,e,0.1631110414465576,0.1631100261607374,0.21213433101449908,0.09957828585084436,0.0995732266254786,0.4010163219159786,train,False,623
3,400,c,0.10354635393391613,0.10334782166952569,0.10462621890423948,-0.016924508943199187,-0.0168769482112711,0.7233439563988151,train,False,623
4,400,d,0.003725802606459794,0.003732129959399955,0.004459135555062375,-0.003592512785548685,-0.003599430529914258,0.04077692221306059,train,False,623
5,400,e,0.16941848782253444,0.16827933762415204,0.2700079904155811,0.1551870222599771,0.15566151695016156,0.30652345688702015,train,False,623
0,100,c,0.09709419316273869,0.09712913997241694,0.11212089439799866,-0.04773552685165157,-0.047744875481405845,0.22736277471673205,train,False,624
1,100,d,0.013520347284523863,0.013641993041592337,0.016057831371565457,0.010583304633549452,0.010566533122949409,0.04787172588416436,train,False,624
2,100,e,0.23305907160160477,0.2330421273232088,0.3605512046209051,0.13834324242572948,0.138336793672554,0.29649723779854154,train,False,624
3,400,c,0.09266366698057903,0.0695282729310966,0.09517792617487021,0.037150595045920484,0.04151332311017761,0.2797885359278006,train,False,624
4,400,d,0.00496087353540574,0.005234146965944621,0.00611701537082997,-0.0016251630619998814,-0.0020999887422808072,0.04304970750611933,train,False,624
5,400,e,0.18016626705868904,0.1811165275299941,0.2910870981022886,0.17176645117324613,0.17193880295115235,0.31984399126640356,train,False,624
0,100,c,0.1082256434607057,0.11254825819580319,0.16362163212122774,-0.035342586904409785,-0.04788732542498913,0.1469595694056855,train,False,625
1,100,d,0.0058746081323849545,0.005878657173071911,0.005248690000121575,0.0022904617042108556,0.002289899399305693,0.01952424215781724,train,False,625
2,100,e,0.1710231805536459,0.17156583929056196,0.24668454091929287,0.12324776172661633,0.1261012568766947,0.3435690235432233,train,False,625
3,400,c,0.07444995647094439,0.07450302097769058,0.09691592033720202,0.062175532133788285,0.06216344879567004,0.873890954324952,train,False,625
4,400,d,0.0047823786783209015,0.004758460587418821,0.0053439439722505,0.013427998272373483,0.013443164312632733,0.14004997655270254,train,False,625
5,400,e,0.18674698231454395,0.18708654920467707,0.2638450665625884,0.18981380786463242,0.18982154214096725,0.2896740639057738,train,False,625
0,100,c,0.06712558069193843,0.06700793222247653,0.07249727177331751,-0.02944089842864905,-0.029468623062555325,0.3240860709298652,train,False,626
1,100,d,0.08379447281598469,0.04222430365766292,0.04387052462175694,-0.019616878314127763,-0.00016028459934208428,0.033396034661607815,train,False,626
2,100,e,0.20862676988480214,0.20861768471194042,0.22714006059047243,0.11518298586758725,0.11517218113833892,0.32590539308150307,train,False,626
3,400,c,0.06090808750247329,0.06090133570422737,0.09697187103935895,-0.00850509235689806,-0.008508852498953914,0.39575712943866537,train,False,626
4,400,d,0.02516864412493253,0.025168680978900015,0.026213017335222556,0.04429310813160949,0.044292998018273445,0.2901739412642909,train,False,626
5,400,e,0.1680328469154213,0.167672400283331,0.22006029723684212,0.1384380072499216,0.13838120936759343,0.3403058944351113,train,False,626
0,100,c,0.07522725946516755,0.07538206928549071,0.0739584535892986,0.08724222321314791,0.08723266183426354,0.7240942747721845,train,False,627
1,100,d,0.013063684254306469,0.013062280103985911,0.014802729739154743,0.013878044297215997,0.013874940969602588,0.03720617442753706,train,False,627
2,100,e,0.24519601653196052,0.24518929791123523,0.3371856524176101,0.14288593556032836,0.14287885043038911,0.31369915740932947,train,False,627
3,400,c,0.06479010713413506,0.0647751507187034,0.08743154918286607,-0.04864829599562292,-0.04864982319018779,0.3320912125842703,train,False,627
4,400,d,0.005731061113195249,0.005733591707227627,0.00708489219573654,0.013222416829147043,0.013221979537151042,0.05837975855986162,train,False,627
5,400,e,0.1866659921209715,0.1866675385223213,0.27709587754258425,0.1500000755796998,0.14999671501282463,0.3690381512545669,train,False,627
0,100,c,0.1668353624246695,0.19877758466229659,0.15046117955404648,0.16235426202182232,0.15064625514952618,0.9495604954569917,train,False,628
1,100,d,0.00811701724567636,0.008117752176803501,0.006690317056169716,0.0047738561892782805,0.004773345856407261,0.21457087523111476,train,False,628
2,100,e,0.2036161070359443,0.2035845010822501,0.30285356987045214,0.1344844562852879,0.13448236312816772,0.34450986614367984,train,False,628
3,400,c,0.09083061190885208,0.09936171185418573,0.08006192289286637,0.0811760612373672,0.07944059394280416,0.8722766717421586,train,False,628
4,400,d,0.006864099925054783,0.0068641920940219325,0.007752583358909172,-0.0021013173122862304,-0.002101457121874759,0.05615208758921726,train,False,628
5,400,e,0.18692797239584144,0.18697395523756385,0.2536665854953083,0.14646140681296857,0.1464508563107726,0.29374305467804235,train,False,628
0,100,c,0.08623771094231528,0.08623123259743756,0.08855893868738883,0.0649017488237866,0.06489493393855768,0.6550501291609956,train,False,629
1,100,d,0.008275630333839016,0.008275878561566698,0.005470665884210235,0.019235291914416985,0.019235398816282476,0.13318559940874095,train,False,629
2,100,e,0.24166521474235295,0.2423844450815155,0.32066100684357424,0.174903289387059,0.18533253480719103,0.28361826654056793,train,False,629
3,400,c,0.05228641590026619,0.05228476946289768,0.07596884782994336,0.0007386383642163707,0.0007364854568109536,0.35996619969558935,train,False,629
4,400,d,0.003972721544463579,0.003959121830942099,0.004141371679652197,9.275781132703998e-05,9.159227321951846e-05,0.0008213545074315398,train,False,629
5,400,e,0.14919369180865594,0.15025089057928465,0.27253551043408997,0.17061485819260136,0.17074119147439612,0.5487287508449885,train,False,629
0,100,c,0.06646457362144535,0.06466110355748336,0.08765740735310537,-0.07824055175067614,-0.0781133141170308,0.3787629908481462,train,False,630
1,100,d,0.021661218051141157,0.021641712704283753,0.01523692861847358,0.01768698644891849,0.017686640293569075,0.07445066444501841,train,False,630
2,100,e,0.2441600172714515,0.24405981904633212,0.3056322147474473,0.12652998568843898,0.12652386930137552,0.2891085330892703,train,False,630
3,400,c,0.0613436474748812,0.06135178183730468,0.09711917328485635,0.06906672438227111,0.06907485082803234,0.4303078767734874,train,False,630
4,400,d,0.0062603645700407265,0.006199035044330322,0.007496463778222146,-0.008229877971789179,-0.008245944534815274,0.018814519885405757,train,False,630
5,400,e,0.17030733511214344,0.17114904194666822,0.24564899406401108,0.18420680695002337,0.18486724934715565,0.28918935806326257,train,False,630
0,100,c,0.0685101167845381,0.06850956232337356,0.07599698177931571,-0.13197557149122702,-0.13197645936462485,0.29718516879226686,train,False,631
1,100,d,0.004514937918539674,0.0045150098846837685,0.004268193262871885,-0.030981857717992778,-0.030982532317334766,-0.011938573287346496,train,False,631
2,100,e,0.16299602844461222,0.16692333610271481,0.27787658995416864,0.06693863842507326,0.06748332933221143,0.25614067249981115,train,False,631
3,400,c,0.07606722905273722,0.07612034193967722,0.08321859784269513,0.11930255078219616,0.11928639042519124,0.6653115385580409,train,False,631
4,400,d,0.007277046373933752,0.007298371903928438,0.00899250703722095,0.011685793152726411,0.011674499347978618,0.02852701067319483,train,False,631
5,400,e,0.20971554819426497,0.2096569447497753,0.2768356664494786,0.15714595933827394,0.1571332929369525,0.2967572047934808,train,False,631
0,100,c,0.05621967472847426,0.05618814615689932,0.07283281260974583,-0.020773473923734614,-0.020800686504234774,0.6827561822877584,train,False,632
1,100,d,0.00330765165254902,0.0033077950007120854,0.0029776196270792678,-0.008481076069673214,-0.00848135423079956,0.004711678703983342,train,False,632
2,100,e,0.17819895317096013,0.18475333146926928,0.2169659112076594,0.0952584481830851,0.09590771159918252,0.35522992958874583,train,False,632
3,400,c,0.053968872279703366,0.06633315004822922,0.08725651283061234,0.06730439325093755,0.05946938855866783,0.963860363036894,train,False,632
4,400,d,0.004657136343778497,0.004657321651190053,0.004552032997248959,0.0047619097719921125,0.004761761394897839,0.04050012331629626,train,False,632
5,400,e,0.1714367937605064,0.1713974911146583,0.2677076443661367,0.15703403555478104,0.15705321891093987,0.3447255326090402,train,False,632
0,100,c,0.09624114585946203,0.09624950894129179,0.08493566001642826,0.13360514734836834,0.13358985337821344,0.366547203051496,train,False,633
1,100,d,0.027241588598603622,0.02724648116647264,0.010763229599147148,0.03929080208422038,0.03929023501291171,0.31119954296692726,train,False,633
2,100,e,0.21639287152668935,0.21047512236458535,0.3287851261331746,0.16285781669604177,0.16189334699882088,0.3140567526574635,train,False,633
3,400,c,0.04987463966131444,0.05031073464816815,0.07882710534794367,0.06516113916647413,0.0651972771043799,0.8582138865423667,train,False,633
4,400,d,0.007405121264675169,0.007403487786437632,0.007054998030392099,0.016061896334002075,0.016060352275578522,0.09650602336186428,train,False,633
5,400,e,0.17492842929344732,0.17436298996238192,0.2639430632386037,0.145604173057593,0.1459735494937662,0.322848297660038,train,False,633
0,100,c,0.1215504613274822,0.12157958369758758,0.18708372370547724,0.007001617083179781,0.007000909226494443,0.46892309338925797,train,False,634
1,100,d,0.005106799565032529,0.005106877665303877,0.0057545044297617285,-0.013938352622549992,-0.013938523024578977,0.05185238683711241,train,False,634
2,100,e,0.17092119411042983,0.17092704565134206,0.22562120922143614,0.08904004955617119,0.08904471897955354,0.3129173915237852,train,False,634
3,400,c,0.05840096791604116,0.058402514710213606,0.08309814096541937,0.033180841473153894,0.03318155976314913,0.6566909793852423,train,False,634
4,400,d,0.005442867090124894,0.005442807246099798,0.005989576257130194,-0.007513130128124672,-0.007513165715231001,0.061734101092322434,train,False,634
5,400,e,0.17830722767809207,0.17830757019110538,0.2571657745737476,0.1408629607945482,0.1408515075998065,0.3677229802659363,train,False,634
0,100,c,0.09294931281006472,0.0915060375477711,0.11830826068147005,0.10683479013475555,0.10654167461672125,0.42170576018245215,train,False,635
1,100,d,0.008064312330823485,0.00806480592478514,0.006997670394758651,-0.0016637615097553039,-0.0016636412803350531,0.11666489138450874,train,False,635
2,100,e,0.2592398679068629,0.25921866192255516,0.3758828565276741,0.16388607773333325,0.1638840975491389,0.27286959312660436,train,False,635
3,400,c,0.055354360233418914,0.055352865299405175,0.07812567188495093,0.023610204203439338,0.023607795191197455,0.39231203295450634,train,False,635
4,400,d,0.011894562619627047,0.01178672092700153,0.007723756075770266,0.017332604376232068,0.017194105210438515,0.11716757832449423,train,False,635
5,400,e,0.17721771875184814,0.17724934589402108,0.281240571055255,0.18135432524106784,0.18134817118674362,0.29104088142675594,train,False,635
0,100,c,0.0848934878176089,0.0848504603164182,0.11978686787619668,-0.009782605341808833,-0.009776512102546278,0.2713367341663123,train,False,636
1,100,d,0.01178570730656759,0.011785795118479658,0.014374879297254967,-0.006093013470241928,-0.006093396740843051,0.11905295621673834,train,False,636
2,100,e,0.22347081623427484,0.2234752517130152,0.2727996653791253,0.09141489087081425,0.09140613056038767,0.43692766626363055,train,False,636
3,400,c,0.07317213644165015,0.07322772036220797,0.10486714271360499,0.036531799059096745,0.03651220008401374,0.3933478445561011,train,False,636
4,400,d,0.006536593783839592,0.006535942665568917,0.006497191055009216,0.003945652181020911,0.0039458548839665574,0.05728437345704343,train,False,636
5,400,e,0.1776776174229074,0.17730482901543138,0.2399329634943763,0.15618828871838641,0.15612452886523107,0.32684436002277095,train,False,636
0,100,c,0.06848059833208327,0.06848563961985926,0.07868269948614849,-0.07590090265681639,-0.07592066194948245,0.2625053065949481,train,False,637
1,100,d,0.0033418299471675832,0.0033418300750772244,0.0038504257582595595,-0.016997931808014004,-0.016998394055199633,-0.0018083171778776651,train,False,637
2,100,e,0.19817790279896688,0.1912397244364427,0.284701127440638,0.1174276249054561,0.1460304286919226,0.3158637993591378,train,False,637
3,400,c,0.055049892135785726,0.05547771236665584,0.07531637635996881,0.015339454834305996,0.01482975511882195,0.5582706247106638,train,False,637
4,400,d,0.0043437481406606955,0.012496528225150103,0.005322371664158254,0.004192009910322448,-0.0020756589987100506,0.14886954996777904,train,False,637
5,400,e,0.17414720421540297,0.17412092598758147,0.3007351850611004,0.17735346825187673,0.1773443600491658,0.3144566238027344,train,False,637
0,100,c,0.06608965692712358,0.06608909133747748,0.081514732877958,-0.04684274036513351,-0.0468423876773781,0.4313223149776466,train,False,638
1,100,d,0.006562350757787537,0.006567252860380323,0.0047247335755017375,-0.008398531044946651,-0.008400259502657584,0.004885790313038357,train,False,638
2,100,e,0.14580582470662595,0.1457833018166719,0.24093232079231647,0.12633065151001321,0.12631879692315326,0.3394540781930823,train,False,638
3,400,c,0.06295394583497683,0.0631928733886409,0.07392983337555382,0.0438017317824719,0.04379043659777992,0.4412511541137584,train,False,638
4,400,d,0.009361999533625152,0.00936244254475422,0.006508234273706615,0.014799525018298496,0.014789209450524332,0.04964988710207107,train,False,638
5,400,e,0.17235696298559003,0.1723239460413032,0.2582855359377134,0.15524918025027895,0.15524190682908923,0.3032235327808934,train,False,638
0,100,c,0.07689737710995226,0.07689197917052241,0.1282393922530496,-0.016443278264862967,-0.016444007096371963,0.6932572443844575,train,False,639
1,100,d,0.003531306230012245,0.025222252296149262,0.004128107830675492,-0.0255042314533754,-0.03575355750572665,-0.025395189805622848,train,False,639
2,100,e,0.09310064127038478,0.09307861976178816,0.23229102088204154,0.08408994585827696,0.08408930522478532,0.4086383184738114,train,False,639
3,400,c,0.06111495077495763,0.06111632103406372,0.09075843109274122,0.05204010935606007,0.05203722759486645,0.4206495920810173,train,False,639
4,400,d,0.0073971206280469635,0.007396240549991117,0.004754986637624421,0.008266103713666215,0.008266684272520504,0.18466050507642962,train,False,639
5,400,e,0.19369973229369358,0.19371263134723524,0.3101811689028038,0.16599931752065591,0.16600102806404177,0.3392099458273499,train,False,639
0,100,c,0.07182032921388366,0.07179795096618641,0.08484638535058871,-0.018747707681489985,-0.01875735733951565,0.33108603026072403,train,False,640
1,100,d,0.010564622053228223,0.01056468494577875,0.011467447546422928,-0.030621387964416373,-0.030621974707865433,0.013194352086308142,train,False,640
2,100,e,0.20697658886054068,0.20703726992054525,0.24712923883497762,0.14764936989159083,0.14764117477149655,0.26347484038792607,train,False,640
3,400,c,0.05999638090200023,0.05998855394314202,0.08363838291250972,0.05181881494807918,0.051824712833640374,0.5068119094353616,train,False,640
4,400,d,0.006317381076800669,0.00631766940480575,0.005022064813274429,0.011954050136474183,0.011953720513741271,0.06209226142804503,train,False,640
5,400,e,0.18843474870323518,0.18843274302046395,0.26769920018043186,0.1645352528552546,0.16453715048641637,0.33576821154657355,train,False,640
0,100,c,0.07880501748930538,0.07841332049197884,0.1007450269719668,0.09184607262548312,0.09182294703615931,0.40075564446435996,train,False,641
1,100,d,0.007488418674098685,0.007488285425772426,0.008712878177789955,-0.01595073956043324,-0.01595079393901415,0.04538722705099879,train,False,641
2,100,e,0.19313123651396144,0.1892985267391853,0.2334127842875561,0.10993915026113066,0.10912235720812653,0.3571872420440383,train,False,641
3,400,c,0.046789130413710106,0.07683701256848732,0.10767673983014328,0.03907953749720193,0.02218851227052987,1.140811568817717,train,False,641
4,400,d,0.00535160442046168,0.005351648537528393,0.005139454384578247,-0.002166886374901349,-0.0021670926888623576,0.12345111617076927,train,False,641
5,400,e,0.17046873788969882,0.17047256159858695,0.2532831821975531,0.1519180878611661,0.15192270082648215,0.31178186078820824,train,False,641
0,100,c,0.0856573333557389,0.08563215394320343,0.09962741381236558,0.03163794041702701,0.03165321883341377,0.8319067778484244,train,False,642
1,100,d,0.005117761685272576,0.005117917562420217,0.0040968732208475755,-0.02880680213370354,-0.028807275236067405,0.046924278487675684,train,False,642
2,100,e,0.14972910444504742,0.14977019096209826,0.2272697755688664,0.14109100806926506,0.1410774833031845,0.33082746148512415,train,False,642
3,400,c,0.06643877625380473,0.0639307372139681,0.06937664336232491,0.05806226974865808,0.05861310850947404,0.7113580239130991,train,False,642
4,400,d,0.026637870713891343,0.026653623199283393,0.0152857614089697,-0.0009172626703410103,-0.0009233698137894919,0.1854427978591112,train,False,642
5,400,e,0.1815723612475442,0.1815834548252957,0.2817151695544252,0.16996148439519482,0.16995414266074618,0.35301054709360963,train,False,642
0,100,c,0.06490362381074012,0.06488877919711515,0.09965328020856905,-0.06555132690143459,-0.06556816135241682,0.7331546531735857,train,False,643
1,100,d,0.009462477144342037,0.00946341663520841,0.010721437741845469,-0.020519597937221263,-0.020520249315519035,0.034571561157720476,train,False,643
2,100,e,0.24528234014134512,0.24523866290343044,0.34765804778913817,0.15661615391555198,0.15660736604746564,0.28897003213726213,train,False,643
3,400,c,0.06178098463419283,0.06195712885184672,0.09213152881268769,0.0591858737382649,0.05923024606159203,0.5224431637254948,train,False,643
4,400,d,0.006470216011433816,0.006470240432361971,0.006460276478652524,0.021611957921565512,0.021611556763732356,0.07694758394431349,train,False,643
5,400,e,0.18849557053521282,0.18849686689470865,0.2980026518651435,0.16300953447141756,0.16300639301354092,0.35511355224034413,train,False,643
0,100,c,0.0660910668494566,0.06506169917128025,0.08565769381718584,-0.037101086787868526,-0.03819252495851579,0.6312508208150959,train,False,644
1,100,d,0.014607936511970884,0.014609229667141826,0.012091889339835673,0.010264684325702867,0.010263325060062804,0.07214554086272262,train,False,644
2,100,e,0.2047460331355556,0.2048163584155323,0.22390579602491945,0.15113471966446093,0.15112521537411858,0.36458880432696206,train,False,644
3,400,c,0.06565171602934183,0.06570606488004235,0.07354212992984818,0.06797929362754758,0.06793492625055493,0.6294295393814404,train,False,644
4,400,d,0.01383536109060973,0.013780121031648614,0.01497339745957379,0.0037885059737082474,0.0037816393362507484,0.04973173834357439,train,False,644
5,400,e,0.21108557772548206,0.21108876524434425,0.2545603953040932,0.1577804797054811,0.1577693779858678,0.3099090330981853,train,False,644
0,100,c,0.08731262582924852,0.08731771824200524,0.11353543895909461,0.003894187390167332,0.0038877752332008696,0.5150383906216198,train,False,645
1,100,d,0.015788332115709278,0.015788944268375925,0.012155005024772047,0.019256545828092494,0.01925584413656397,0.09688572168750938,train,False,645
2,100,e,0.2802443779543462,0.2801845251400403,0.41336242497711945,0.16923744102113664,0.1692368447041223,0.2520122960842117,train,False,645
3,400,c,0.07499771871726518,0.0750040977201455,0.09701116869511953,0.0797204217600816,0.079711523086699,0.8595487741401263,train,False,645
4,400,d,0.005114398992116204,0.005114471862152684,0.005443370367590595,0.013953885178945899,0.013953644995950984,0.025832929890244997,train,False,645
5,400,e,0.17246058102714065,0.17330784525889,0.259545752394062,0.1708414042410665,0.17248367760870367,0.3030351884883277,train,False,645
0,100,c,0.056912226103148035,0.05691064643477786,0.10468700969896921,0.01300744181549419,0.013005423460960657,0.5655944670458521,train,False,646
1,100,d,0.007875963456946918,0.007876014381833994,0.008773473086352665,-0.02092347454180427,-0.0209237616037996,0.008668728991181159,train,False,646
2,100,e,0.15609139348244383,0.1560766275163204,0.27401323406552475,0.11680533597992941,0.11681583579257215,0.29905278836121646,train,False,646
3,400,c,0.0611745782474249,0.10129464481786563,0.09439849273117401,0.04501207432533406,0.01467032489352512,0.9312937843711637,train,False,646
4,400,d,0.003981019254683379,0.0039810988431104805,0.004249924289375031,-0.019759702890206173,-0.01976013140518921,0.013747557555613384,train,False,646
5,400,e,0.1624642574565901,0.16247659052004257,0.25497437154906355,0.1621857059949982,0.1621785209879615,0.34946031474637207,train,False,646
0,100,c,0.0613551495110355,0.0613388445257609,0.10377439826319977,0.012003669223906712,0.01199866347762253,0.2814305346011386,train,False,647
1,100,d,0.0055301030412624914,0.005526166377816761,0.005478480825604135,0.028162998255832558,0.028161873810186845,0.1408082502564203,train,False,647
2,100,e,0.2328622355843527,0.2328565991365614,0.3058212130891876,0.09907845194135789,0.09906742516427258,0.3405371485667334,train,False,647
3,400,c,0.058155940826709135,0.09489823357149454,0.07954654732204364,0.08007047750039938,0.06948056692657595,0.8204251931261624,train,False,647
4,400,d,0.015013127383955249,0.015013652884745534,0.00867961992125877,0.01021133011840444,0.010210817410066362,0.05022782317420137,train,False,647
5,400,e,0.17178524407993784,0.1717830518799685,0.2819002080994066,0.1788812202609557,0.17887397598318022,0.32778876124507256,train,False,647
0,100,c,0.07294418179251032,0.07291595150593638,0.06590294756094034,0.05616066796250564,0.05617405247327298,0.6219498324070195,train,False,648
1,100,d,0.0059243840046606135,0.005924451030023044,0.008269327552823842,-0.005539085169856648,-0.005539436060341387,0.03570844743842276,train,False,648
2,100,e,0.22292411579263033,0.22291462441780896,0.2563706950465705,0.15568137670117643,0.15568103671873837,0.2734517764635226,train,False,648
3,400,c,0.05746071076498011,0.05745941002784491,0.07296032551734255,0.015505004040105774,0.01545760089580689,0.6792577004946633,train,False,648
4,400,d,0.004817977328354634,0.004974991769862124,0.005196146530052702,0.003629719230723918,0.0033932386373215274,0.01933533566171981,train,False,648
5,400,e,0.18488498152430533,0.1848924321279823,0.26578835730667427,0.1667578141858257,0.16674983868601448,0.3105304402303222,train,False,648
0,100,c,0.07517815889227215,0.07732504625818168,0.08746121104769515,-0.07870345096736714,-0.07850589016857264,0.7094446488902443,train,False,649
1,100,d,0.09965505052042578,0.09959719360898854,0.024854258885929337,-0.03300821319166062,-0.033001123296728815,0.34601938077913075,train,False,649
2,100,e,0.21036683119905372,0.21037786448632875,0.3362553629808687,0.1379440739457938,0.13794171318373713,0.31268390195438106,train,False,649
3,400,c,0.061857918333980404,0.061862136487777386,0.0736259057273168,0.037231881798189474,0.037229539198359876,0.7761181119153339,train,False,649
4,400,d,0.009733334254735857,0.00973317792847283,0.010208459251291564,0.014816928451605343,0.014816814593119858,0.12027854037445573,train,False,649
5,400,e,0.15711591863570054,0.1521144798442752,0.24154413238652103,0.1501212292047824,0.15061413538818336,0.3335584059234219,train,False,649
0,100,c,0.10659970079435109,0.10659906406388092,0.07577419633646684,0.08434914456419655,0.08434068982994213,0.5868064972833078,train,False,650
1,100,d,0.00373487094320318,0.0037379657478337374,0.003714966047101182,-0.014922859918556526,-0.014925221993835258,-0.012871287781289507,train,False,650
2,100,e,0.1594107610640965,0.15926991474360933,0.27081340086954997,0.16496505114922586,0.16496002465690296,0.28700368776347346,train,False,650
3,400,c,0.05368624848853493,0.05370675962975615,0.08273489328476517,0.03698084240086565,0.03693038067357527,0.5742718722391322,train,False,650
4,400,d,0.005236538740165735,0.005244282438922276,0.006089360106817535,-0.0009196859801843971,-0.000923180520920397,0.03472955027584547,train,False,650
5,400,e,0.1509276133281473,0.15092234794793724,0.21581831133218837,0.14072706186273196,0.14072000043463015,0.33492180199380023,train,False,650
0,100,c,0.06714691512671106,0.08202545624050116,0.0712715108811296,0.00032569780649623683,-0.013332902939778108,0.508836151200594,train,False,651
1,100,d,0.05968469797908523,0.059683739006949794,0.04478008020737533,-0.011949904622804208,-0.011952846949272171,0.2945220372165589,train,False,651
2,100,e,0.16855357350606148,0.1684617443872514,0.22227576770023447,0.08991508391606981,0.08991469295353913,0.30031668796325195,train,False,651
3,400,c,0.0540084910450537,0.05400888917826735,0.08780193455057483,0.07772983925822359,0.07772921321781069,0.8106448775022819,train,False,651
4,400,d,0.005155793780050858,0.005144645767307594,0.006551890480508697,0.017143395479234762,0.017141768184371103,0.05313997823906568,train,False,651
5,400,e,0.1855274634276899,0.18551190580027935,0.27595721788335564,0.13043574565111624,0.13043559305724603,0.3506658593806469,train,False,651
0,100,c,0.2302831413006484,0.2302849394777179,0.1445832956541546,0.02051952678162124,0.020502600973807576,0.5988881751583925,train,False,652
1,100,d,0.0047453796830657915,0.0047451497035424705,0.005759320010567916,-0.02150736309649101,-0.021507472202125122,0.01421467408286075,train,False,652
2,100,e,0.2519324682656476,0.25193497102931217,0.2829064914802053,0.12393631091804469,0.12392166551891076,0.3029191217997574,train,False,652
3,400,c,0.07801343831141588,0.07802309888678186,0.08324095555286284,0.0842962039956366,0.0842846397942708,0.8995526253311498,train,False,652
4,400,d,0.004934278492202479,0.004934165857489557,0.007129649892651326,0.00944960074270508,0.009449534367880421,0.11225240404025755,train,False,652
5,400,e,0.21035199253958403,0.21037824277116207,0.27043144732471786,0.15719721422753347,0.15718253882195599,0.31465760376765356,train,False,652
0,100,c,0.06784894005468539,0.06784722653442228,0.11499847622707819,0.06080817448715756,0.060804004429249686,0.4457701447590662,train,False,653
1,100,d,0.010857270013428611,0.010868802735751802,0.006766706319730187,0.016083179456516862,0.01608119504178383,0.022323216350702387,train,False,653
2,100,e,0.1952240588075088,0.1952531393423481,0.30282330564187265,0.10544236317524189,0.10544866009462701,0.3111271093658498,train,False,653
3,400,c,0.07200852021025572,0.07199812451055737,0.10247327067749769,-0.02364145557961187,-0.023641057736103904,0.4949336368593383,train,False,653
4,400,d,0.00666645406585586,0.006709019349635125,0.00578653887617711,0.011050214642133191,0.011038749535075639,0.0364635380952223,train,False,653
5,400,e,0.16593889431573827,0.16585713749026834,0.29830716660155726,0.15876833955988992,0.1586808545502967,0.3286152949701129,train,False,653
0,100,c,0.07197604199240316,0.07746697013661569,0.08645460987020229,-0.08619134591620543,-0.09210665310025412,0.42121699016988373,train,False,654
1,100,d,0.006138470030527266,0.0061384731128444605,0.0067805136267266005,-0.02371399871638868,-0.023714369928411187,-0.004545887648009544,train,False,654
2,100,e,0.16179995258449748,0.16180901262997538,0.20164868934641333,0.0672394202513043,0.06723329934825312,0.4303909348368357,train,False,654
3,400,c,0.058632152950643016,0.058624863126647775,0.07098699252409756,-0.00022302325113223278,-0.00023454437956978326,0.5670816029740771,train,False,654
4,400,d,0.004351183266003294,0.004349971196465635,0.005388517267681086,-0.01184958757899885,-0.011849706219580423,0.06492993034644279,train,False,654
5,400,e,0.2059061027416124,0.20591735894661542,0.3411363775842209,0.16526362179659068,0.16525073640203508,0.2876195130571037,train,False,654
0,100,c,0.06188917732503973,0.061887567499825755,0.0980245158428559,-0.014758341840920224,-0.014759559839503496,0.31629539653285976,train,False,655
1,100,d,0.0044981786643745695,0.004498268368788445,0.0051390691463971475,-0.003111218192568739,-0.003111415978948635,0.008261976999989375,train,False,655
2,100,e,0.22294627524705038,0.22301218768340042,0.28634224176574136,0.10678634180784848,0.10677972211048185,0.3313784405554385,train,False,655
3,400,c,0.057007237850983605,0.05699388740473247,0.08447846002376501,0.016113632821838024,0.016105074345491487,0.7351433696148981,train,False,655
4,400,d,0.006190088371311143,0.006190143292664381,0.006253701414116816,0.00012334751051829685,0.00012321002714166696,0.08771321615014427,train,False,655
5,400,e,0.1550273753882745,0.15499176566750208,0.22424211156675022,0.1270016966341372,0.12699163714460762,0.5341829320313178,train,False,655
0,100,c,0.09736943525635859,0.07164290401421713,0.07378711328775629,0.058091387476694865,0.059323290470284604,0.2528182866762036,train,False,656
1,100,d,0.016268379984307576,0.016260363935342036,0.005493000373523209,0.014555312028602092,0.014547756342583807,0.02152264642555803,train,False,656
2,100,e,0.30697044654748806,0.30691435633239406,0.3443685438527654,0.10822487630729714,0.10821920237793553,0.38844460020449184,train,False,656
3,400,c,0.06692067270210442,0.06700323997803148,0.07394868481324139,-0.023141399076281672,-0.023154502834979523,0.866530175682505,train,False,656
4,400,d,0.007020787855185343,0.0070208460978572855,0.0074528071953294415,-0.00717376981863179,-0.007174230273236493,0.0005793392538159203,train,False,656
5,400,e,0.16716904313771208,0.20180423214469564,0.24811461988308697,0.1211966160858222,0.1290697803501083,0.3820350484847339,train,False,656
0,100,c,0.11275325390000537,0.11274696820912024,0.15273195781572432,0.07560418850134887,0.07558565212297914,0.9270515009265154,train,False,657
1,100,d,0.015789421653827584,0.015873037583416696,0.020285424513763563,0.014548022264382983,0.014545866759862953,0.05984996263320836,train,False,657
2,100,e,0.26630435776055505,0.2618273183233294,0.3467411374288693,0.17780997300380472,0.17779821144418542,0.279421034438436,train,False,657
3,400,c,0.05529307325092363,0.055293731947175614,0.07407429528418272,0.05427741350870356,0.05427242377887503,0.7529968681769011,train,False,657
4,400,d,0.006156430305799574,0.006611462076659421,0.008446385068227433,0.0003347980304625331,0.00011676105144633908,0.03918069490370197,train,False,657
5,400,e,0.18690711649350983,0.18691129268294093,0.22999270942441646,0.16984318847261712,0.1698374211824754,0.3007567716186672,train,False,657
0,100,c,0.09576115097326676,0.09576543360627707,0.07677744078800201,0.08120815396817449,0.08119232666190115,0.8481395277405892,train,False,658
1,100,d,0.005016870673690706,0.009808610529623937,0.004562417942876279,0.005815487984729266,0.0011873203406281264,0.12454571403378853,train,False,658
2,100,e,0.21962253606901544,0.2196391685947696,0.184994735563944,0.08675347239534599,0.08673981252040239,0.27895893894890805,train,False,658
3,400,c,0.061951056233849375,0.06396624545741329,0.08251507221024092,0.026030145020237684,0.025477926085701486,0.7577693724313316,train,False,658
4,400,d,0.003911317705521018,0.003957462898930241,0.0044790695351356906,0.0067412845395520195,0.006734832081632955,0.019735745036772948,train,False,658
5,400,e,0.1817959389114608,0.18179107480277257,0.23952598249397358,0.15512605415679503,0.15512270397726652,0.3873411635676942,train,False,658
0,100,c,0.07859720583919176,0.07862521553621987,0.08013989103617422,-0.013402156748865721,-0.01341004034550302,0.4700924668673167,train,False,659
1,100,d,0.0038858418384995837,0.0038858887676302446,0.003133293559244184,-0.017886989328860584,-0.017887163932400973,0.010914784659853058,train,False,659
2,100,e,0.16828455031419004,0.16828500666194857,0.22070422263937645,0.11438060776187663,0.11437555392526065,0.5129489521247081,train,False,659
3,400,c,0.06262591240131049,0.06262190459354505,0.08293196517242692,-0.0026161388966006883,-0.0026188626991535103,0.5005429049719184,train,False,659
4,400,d,0.005891567663298459,0.00589974519155978,0.0058001108185311715,-0.0015568768500579112,-0.0015580141599537357,0.04188339636018938,train,False,659
5,400,e,0.18222090662677878,0.1822130373843447,0.24611947367611367,0.1373885256438148,0.13738917320811642,0.3766701092740902,train,False,659
0,100,c,0.05231063790694662,0.05229510310413477,0.09340541409997388,-0.018198267594964363,-0.01820444735937514,0.6836645367983759,train,False,660
1,100,d,0.009619387019852679,0.009627772723066516,0.006532527219577474,0.018448111597207273,0.018444459119354432,0.044630886532807106,train,False,660
2,100,e,0.15735523014100142,0.1569372579838589,0.25236925630314305,0.11255184632385884,0.11253883414380304,0.3390976935185911,train,False,660
3,400,c,0.0555487889627037,0.055548168351451245,0.09633832371651044,0.04025818702421994,0.04025936499672483,0.6682693754512128,train,False,660
4,400,d,0.0044813263790430624,0.0044813913657291635,0.005005304992156001,-0.005758177720975333,-0.0057583508460518655,0.050109463721038805,train,False,660
5,400,e,0.16133765125239352,0.16132518061138318,0.252616607923053,0.14275534524775882,0.14274631445559682,0.32213444946685543,train,False,660
0,100,c,0.10604400540386276,0.10574317622323263,0.1159549753287335,0.04122510399718408,0.041218172535043326,1.1254507420616924,train,False,661
1,100,d,0.023952341328946684,0.019095804086794902,0.012726626037289775,0.013924286735561094,0.015204319644645744,0.04362576377738943,train,False,661
2,100,e,0.26914402757131506,0.2691412795876938,0.30736268509262443,0.12321731018160431,0.12320711144627726,0.35169221827317043,train,False,661
3,400,c,0.05672347911198674,0.05673905393647653,0.06706489964919492,0.02572924481698955,0.025744907497354745,0.5844243503555316,train,False,661
4,400,d,0.005813986872863427,0.006217002085196341,0.007753187736923397,-0.008608695249492407,-0.008828004209293513,0.031042925238188933,train,False,661
5,400,e,0.19441001529116575,0.19408758022045172,0.25695337051765316,0.14874150833685504,0.14852004011249392,0.36444823376394075,train,False,661
0,100,c,0.08548526418260032,0.08548897988321383,0.11113170699488745,0.10735872580722927,0.10735497802957823,0.5298504622124998,train,False,662
1,100,d,0.00751792071774974,0.007517898927512866,0.008840352466843109,-0.010761677135647858,-0.010761713865016063,0.08009996267965473,train,False,662
2,100,e,0.1990552782942938,0.1989857740379815,0.21121554089199382,0.11860933519570459,0.11860547470537547,0.25403851693189233,train,False,662
3,400,c,0.05528137015045851,0.055283278442236294,0.07582645436942552,0.034269118034531164,0.034277143572514886,0.3958847610966651,train,False,662
4,400,d,0.005182238399951787,0.005182254434092027,0.005218609273283994,-0.0065538741508087564,-0.0065539934845395996,0.10155874790987038,train,False,662
5,400,e,0.18821383050140164,0.18818032184078476,0.24200928627171486,0.1543433885473415,0.1543311256877182,0.3418347216547541,train,False,662
0,100,c,0.038058475420554905,0.038057036222629924,0.07300051361381085,-0.015514963196967244,-0.015528482048997887,0.5087434030339145,train,False,663
1,100,d,0.00898320492452,0.008983087258517179,0.01301314308822222,0.023158854090202005,0.023159042976154218,0.23317670825887388,train,False,663
2,100,e,0.1947432113853048,0.1964063128312206,0.16020380293597974,0.08879253942167498,0.09457195431324497,0.3067387838179515,train,False,663
3,400,c,0.06559823526584053,0.06560029977408378,0.08330424112432543,0.023509049379866698,0.023505375642866113,0.39925009502353065,train,False,663
4,400,d,0.00595646812730718,0.0059565299921031266,0.005820602237515635,0.005022713620952643,0.005022444283231824,0.05346635954910047,train,False,663
5,400,e,0.15550283772167442,0.15553240243703323,0.25107326363104554,0.15922743325025615,0.15921474247290057,0.33138193610448263,train,False,663
0,100,c,0.07971778675814119,0.07846082976119548,0.06487539302830009,-0.05534076780742069,-0.05551210918603545,0.9997664744536735,train,False,664
1,100,d,0.006761722924404401,0.006759145880149944,0.00465092372109932,0.018094811765456437,0.018095911680762262,0.07337260302043211,train,False,664
2,100,e,0.18164252779258136,0.18132567224786839,0.2633704123384791,0.08268405945145844,0.08266107573077648,0.4675169902057816,train,False,664
3,400,c,0.06182512133598144,0.06183890716590772,0.08468274362548447,0.07407811061765124,0.07407208401527542,0.719464488842122,train,False,664
4,400,d,0.025608262505786003,0.025614446688021025,0.011128773178560442,-0.004802968517073012,-0.004806103532448773,0.13268584192241872,train,False,664
5,400,e,0.16487623880876653,0.1648747222661417,0.23731072815636162,0.15642535366021526,0.15641876278190694,0.2990363415111517,train,False,664
0,100,c,0.07106528945694941,0.07120083292123469,0.06482443910250481,0.14182537541968238,0.14179840786843195,0.7439326036873345,train,False,665
1,100,d,0.008398844330263977,0.010323092180933115,0.00754078687320631,0.0010376787128852528,-0.0008703750298008651,0.07345815786108638,train,False,665
2,100,e,0.18305388189199567,0.18305664236990565,0.2590584185674752,0.1596220887676109,0.15961532742938161,0.29069955036669576,train,False,665
3,400,c,0.05958329627764167,0.05958244904465545,0.08596144413534629,0.04831706021267735,0.04830479645980333,0.6862132693236195,train,False,665
4,400,d,0.005144460128978019,0.0051444682474828295,0.006000533177705099,-0.0013707229666156983,-0.0013710694864725603,0.03292460809200928,train,False,665
5,400,e,0.1627736911774231,0.16277601375328574,0.2635210448912178,0.16773350451565996,0.16772931497026852,0.30774740228426906,train,False,665
0,100,c,0.0637965268451011,0.14335738405594983,0.11970137491261554,0.0423501497991542,0.005436217349189789,0.6982218823388223,train,False,666
1,100,d,0.011779237241485408,0.011792587095969566,0.004873446648822845,0.014453948920788289,0.014452748776007648,0.025986777297545078,train,False,666
2,100,e,0.20523850299793825,0.20521721848102398,0.24373054415494733,0.14043778456362085,0.14042947047353507,0.29320906006972636,train,False,666
3,400,c,0.056856883388339156,0.0781178880261707,0.08785035042783468,0.09192931641069663,0.08085109857445744,0.7657756716183816,train,False,666
4,400,d,0.005383524916745021,0.0054021870821105685,0.005407212794805581,0.0011571874626313773,0.00117028881190274,0.09823956916636972,train,False,666
5,400,e,0.1664853875697748,0.16650684000273266,0.2708679148717525,0.16046574998545032,0.16046653389288146,0.3137520313369601,train,False,666
0,100,c,0.04262353891941774,0.04260594908967123,0.06653675273222982,0.06882753467699246,0.06882862612667368,0.9639784315804565,train,False,667
1,100,d,0.023182681697159133,0.02318819382101973,0.0071518513727956,0.009409318966230398,0.009407761315189962,0.08083111818641903,train,False,667
2,100,e,0.1740299180500357,0.17402467146711387,0.20325555016202412,0.10911038259482717,0.10909880268196837,0.31840215915443343,train,False,667
3,400,c,0.09788696700837068,0.09800142761804026,0.10715883986871046,0.10612651513289947,0.10611525243146062,0.4115138143898621,train,False,667
4,400,d,0.009106752895990092,0.00911894862693215,0.007177644196447598,0.009338044297666848,0.009330721082172352,0.1668144657509169,train,False,667
5,400,e,0.2109827328397833,0.21097641062285838,0.312937835834622,0.1685857831297534,0.16857153380518652,0.31265333466058415,train,False,667
0,100,c,0.06163799437574766,0.06143748869315435,0.08280487161309244,0.015474053443804153,0.01544573970622821,0.5840921135597776,train,False,668
1,100,d,0.003921191698277228,0.0035758849302417873,0.0043711537382127375,0.006915704299598958,0.007085007304613349,0.04569624257832437,train,False,668
2,100,e,0.19682965183826473,0.19680499024339684,0.27196455879952636,0.11411952231244471,0.11411410298332292,0.2913725161359635,train,False,668
3,400,c,0.05444366047145946,0.05444325254770315,0.07361346216747675,0.04661464019152213,0.04661255737993443,0.5884578895854904,train,False,668
4,400,d,0.003830767941456348,0.003830878175966432,0.004743781520102925,0.004585709438767473,0.004585746612245068,0.09664667910954135,train,False,668
5,400,e,0.1694303156231905,0.16939915864576885,0.2862427671635199,0.16823814480942953,0.1682305516036995,0.32367806434962426,train,False,668
0,100,c,0.05188926068596978,0.051886372989487735,0.07645451275065701,-0.030204499178954763,-0.030217025791261707,0.37937077512186446,train,False,669
1,100,d,0.003539745582906761,0.013765212970677598,0.010191108460973866,-0.012954324164688042,-0.019076254195559167,0.05610579779253246,train,False,669
2,100,e,0.20423753958572036,0.20424405080827882,0.26684345720836133,0.13093772278345978,0.13092940467128852,0.3293853517293874,train,False,669
3,400,c,0.09836283489450125,0.09839755330337566,0.10777299910772072,0.07842555199405667,0.07840011951140895,0.5295239567444806,train,False,669
4,400,d,0.0040953763702241755,0.0041216298729754705,0.005353829427975973,0.0003097818378881456,0.00030423997470229835,0.060753161217242495,train,False,669
5,400,e,0.18941309210351978,0.18941815129093226,0.23781033595975232,0.15351504350496753,0.1535140796741014,0.29744517333724824,train,False,669
0,100,c,0.19664851427596644,0.1966324092459514,0.08639830408966062,-0.005376082192431895,-0.00538900069129106,1.081568594370665,train,False,670
1,100,d,0.006012335338026274,0.006012328399061515,0.0060297828911520844,-0.013402608932209965,-0.013402841454414621,-0.004339276603093403,train,False,670
2,100,e,0.20474653017405625,0.20475210457414592,0.35752358994745864,0.1424022361345898,0.14239020317867798,0.28076064722982524,train,False,670
3,400,c,0.06672088495190263,0.06683092932634505,0.06390882933451904,0.06791670627017475,0.0678642688598547,1.0064934851538547,train,False,670
4,400,d,0.005045879899905439,0.005045957245112127,0.005644568353188133,0.012253010692366253,0.012252621758915084,0.07398512353590059,train,False,670
5,400,e,0.1723419070360718,0.17234574816683715,0.25279837353487467,0.13951239963757156,0.13950450578383783,0.3582706414952335,train,False,670
0,100,c,0.0692792439707846,0.06923395085634107,0.08202182711857749,0.10133350279098437,0.10132072124264255,0.3859987223867186,train,False,671
1,100,d,0.009018110093206912,0.033177849608820115,0.01577828347408808,0.01617629738830262,-0.0011104509351967807,0.09210266998485749,train,False,671
2,100,e,0.21039181146504007,0.2103961594008646,0.274375774380302,0.1300776966894554,0.13007423761029802,0.33235082848425607,train,False,671
3,400,c,0.07587349360739085,0.07604129624565668,0.10000287793035038,-0.01375222770968783,-0.013796616757043837,0.2091152941082875,train,False,671
4,400,d,0.006258322647988411,0.006258358857340686,0.0063590674022353,-0.012644452484558252,-0.012644744273654957,0.023666344344031583,train,False,671
5,400,e,0.1726347304532585,0.17270976303386448,0.26960814128979793,0.16144992450588785,0.16141145847152127,0.35468206348699,train,False,671
0,100,c,0.07378091365178654,0.07377812057412064,0.09779206002658772,-0.00695136061518852,-0.0069517927852343325,0.552097482744583,train,False,672
1,100,d,0.003121435113572215,0.003121462121235494,0.004057976946183443,0.026405448427882484,0.0264050514174593,0.03863409652853143,train,False,672
2,100,e,0.21613458993389778,0.2161342922331304,0.30455471599916584,0.19299713437433874,0.19299015279893256,0.285467476394748,train,False,672
3,400,c,0.058277133658376536,0.05831829522571975,0.0778307835192062,0.03278315083588097,0.03272441312719934,0.8590700853702299,train,False,672
4,400,d,0.004266713476914985,0.004266758256670322,0.0046159930893936935,-0.016226641332801037,-0.01622695075671583,0.0328801606587442,train,False,672
5,400,e,0.17158583657679227,0.17138005141655951,0.2826059346304974,0.1552347343415773,0.1546965409891613,0.360514001848838,train,False,672
0,100,c,0.060659043525200726,0.06066076994618801,0.07842112888899844,0.03177042931644074,0.031758533113985125,0.3847682340925375,train,False,673
1,100,d,0.010306968714220478,0.010307820888127648,0.011319254350097169,0.022661812477801836,0.02266153997914097,0.10084130549746075,train,False,673
2,100,e,0.1897499726910285,0.189726938664116,0.30280340871379735,0.13579112819110464,0.13503630620089146,0.2747749580950954,train,False,673
3,400,c,0.06568344467839406,0.07515807337840653,0.07618051638835782,0.085007958398037,0.08211041166552996,1.0329104065210382,train,False,673
4,400,d,0.005031444036700496,0.005031554732136152,0.006167029485407167,-0.013170840754880349,-0.013171137269280014,0.016667429594457824,train,False,673
5,400,e,0.18901631065299307,0.18901899220188845,0.2649253721564855,0.15532752795987864,0.15533136657939278,0.3122715428369886,train,False,673
0,100,c,0.15733780890122961,0.15733911021134178,0.09556320090288609,0.1031355983423299,0.10311804717347854,0.9141384787669058,train,False,674
1,100,d,0.006382695174995273,0.006383643483736279,0.006723450933428107,0.01461743219672341,0.014616958927085744,0.027552666485026,train,False,674
2,100,e,0.2067071442101212,0.2066895631043021,0.2856717929037431,0.175849408608088,0.17584031581719423,0.35505105228923584,train,False,674
3,400,c,0.05361712672710874,0.05362404989530515,0.07421952439546835,0.01963927631888616,0.01963322627205912,0.5608423650060707,train,False,674
4,400,d,0.003822324913152367,0.00382253420263023,0.0036820749190545326,0.0008166557832188914,0.0008163635791736113,0.024561591238775157,train,False,674
5,400,e,0.16310287747889565,0.16316153706591505,0.28199253961826876,0.15240540391006122,0.15241011609570002,0.3460070863045436,train,False,674
0,100,c,0.07025615388947702,0.07025140392484067,0.10812713350307503,-0.06853872119492721,-0.06853808650833272,0.30703211549701975,train,False,675
1,100,d,0.006690263974628783,0.006689564052359407,0.009524279908388493,0.0005261529018809874,0.0005265135171386604,0.11485995186467715,train,False,675
2,100,e,0.16402328188245577,0.16409385426528597,0.3105883526264384,0.1635203182928387,0.16351623276956712,0.3247659748756106,train,False,675
3,400,c,0.04615745949228736,0.04615393727977492,0.08095496764864088,0.02068439429203252,0.02067998863060545,0.39038877271518885,train,False,675
4,400,d,0.007705000168756327,0.007707310650105755,0.006043033634430992,-0.0013314532943633317,-0.0013319698011863325,0.08958699079026143,train,False,675
5,400,e,0.17861416617124423,0.1762523699767041,0.24559484319108624,0.13612276482390287,0.13852429634844995,0.3360049502777511,train,False,675
0,100,c,0.061924862058741745,0.06254524981460782,0.08119088418466656,-0.06118552841608143,-0.05976355321724519,0.4383403492391777,train,False,676
1,100,d,0.009694532082518614,0.009694621730599224,0.009861315254128464,0.0027911728263621074,0.0027911065674464555,0.09304882944520396,train,False,676
2,100,e,0.19928363196905374,0.19929212646356922,0.2755043519537935,0.13028335176281736,0.1302710654268673,0.31993127354126083,train,False,676
3,400,c,0.06392166318880654,0.06394553948173563,0.08430368411076912,0.02869135612329714,0.028682910837205783,0.32225669359987513,train,False,676
4,400,d,0.007821358716797313,0.007822467539094493,0.01069050734916123,0.014338244606591123,0.014337855121460415,0.016255068886064487,train,False,676
5,400,e,0.17984388858462477,0.17984330972929402,0.25185600115136486,0.17063277760370318,0.1706294589585667,0.3496711726896094,train,False,676
0,100,c,0.08400052887084225,0.08405317983732936,0.11913994977588492,-0.010520836741884167,-0.01053257937174557,0.12263819334575893,train,False,677
1,100,d,0.006469087244628507,0.0064691676449545425,0.006239628352528424,-0.026713503057296695,-0.026713948298792242,-0.017628025503714256,train,False,677
2,100,e,0.2288070416230391,0.2230991272958116,0.3219318387083223,0.08694132265447721,0.08689053874670201,0.42553621428159544,train,False,677
3,400,c,0.054048072968716,0.05396968009521256,0.09666065759386352,0.025671525231668397,0.025674689544018463,0.9383118286601172,train,False,677
4,400,d,0.006238156899711391,0.006356807236919777,0.008395134651638337,0.010651096526684486,0.010620027885205108,0.07125335871019331,train,False,677
5,400,e,0.20238087259774326,0.20239698008988838,0.2800791987154266,0.15934042346043018,0.15931951449700268,0.27874045243053247,train,False,677
0,100,c,0.09750444156824838,0.09752001094546868,0.07196879184437065,0.08496596153511106,0.08495335938149794,0.6279570393186991,train,False,678
1,100,d,0.010172589181590022,0.046888790533448806,0.009374719038833933,0.05677789764402965,0.026726336968552165,0.275522443455387,train,False,678
2,100,e,0.19796962722582256,0.19795352021189816,0.3037989981556666,0.15557256580430864,0.15557839779247803,0.32460986189251967,train,False,678
3,400,c,0.057417012361397415,0.05728587491310304,0.08326392253852509,0.03327297563417304,0.0332714834625034,0.4325737998253203,train,False,678
4,400,d,0.0057087914532974945,0.005706869264999463,0.005924564902312965,0.00339023649213269,0.0033902443391968617,0.06412299045914689,train,False,678
5,400,e,0.16921578559378087,0.16914786729718098,0.24418904679193193,0.14670874520401825,0.14669693593351185,0.35349796058462923,train,False,678
0,100,c,0.06103544975779956,0.06111541179349851,0.06151127285167179,-0.028544824630536356,-0.028586085276197864,0.8412329331379402,train,False,679
1,100,d,0.0157801384784171,0.01578954635408004,0.007978234825688048,-0.0023248925680518797,-0.002326300468734548,0.042520298764102654,train,False,679
2,100,e,0.1974842264334228,0.19748520694315888,0.21582233778971371,0.10289907162981152,0.10288693864732246,0.2574977221515051,train,False,679
3,400,c,0.055350183483020066,0.07237688614645787,0.07635876938032782,0.09229906250302414,0.07960424110255993,0.8891492764028159,train,False,679
4,400,d,0.008436088581366961,0.008436431744295276,0.006754962771776141,0.011505777545780322,0.011505547469718068,0.03291563951497205,train,False,679
5,400,e,0.18742539880044412,0.187366889521451,0.27710102576712714,0.1528192902981053,0.1528037340331121,0.31541648045597015,train,False,679
0,100,c,0.05865244383020443,0.05861552891544071,0.07668220350356929,0.04843403377472953,0.0484311083343102,0.49995237227979417,train,False,680
1,100,d,0.003468925111718698,0.003468966340446455,0.003934400258838573,-0.00888473608678158,-0.008884880254219638,0.01118281998758075,train,False,680
2,100,e,0.18646480108141186,0.18645927498886156,0.2414942743963518,0.15951625077642434,0.15951356258205415,0.2851631209754585,train,False,680
3,400,c,0.061969996592336055,0.06196501817783859,0.07956173135470138,-0.004822078728069101,-0.004900605662387818,0.5279769110829272,train,False,680
4,400,d,0.0036831521517817216,0.0036846744763294635,0.0034621696820181895,0.01107764009340304,0.011077387261430722,0.03764654457709961,train,False,680
5,400,e,0.18349039463738614,0.1817368025505379,0.2863438268873412,0.17690035534899426,0.17875249534987223,0.2855790998611136,train,False,680
0,100,c,0.051703099149697486,0.0516990185040709,0.09216063702509954,0.022837328317819185,0.022827377428715892,0.4960560862654459,train,False,681
1,100,d,0.004972925166778176,0.004973134122737147,0.004533070605775139,0.0117396761061657,0.011739411813918058,0.055876424960412834,train,False,681
2,100,e,0.21916918004796276,0.21846137054111495,0.29581321553053025,0.12476960100168658,0.12474112933890436,0.37144286693245177,train,False,681
3,400,c,0.05504105393846852,0.05503627939767339,0.07937903548544627,0.03508851131143231,0.03508782311418642,0.6691920674524124,train,False,681
4,400,d,0.006528325469792384,0.006579609730002012,0.0055865051659418005,0.009252655023716834,0.009241400396607258,0.054052164703490856,train,False,681
5,400,e,0.1830355104269317,0.18218287476723533,0.3014671098068102,0.15313764216180314,0.15451329016685467,0.3067290064153111,train,False,681
0,100,c,0.0716525240455426,0.07165231462093016,0.10361253422059263,0.03103798422505122,0.03103874395237263,0.7353525100042745,train,False,682
1,100,d,0.005216586673072382,0.005216610784767504,0.005269439308706766,-0.020304309806393448,-0.020304754342337663,-0.017895650413717414,train,False,682
2,100,e,0.1629237581672772,0.15970826249707396,0.2430280770747177,0.12610043273253566,0.13805982932405747,0.2927939173631396,train,False,682
3,400,c,0.05375614856444943,0.05376613339077654,0.089066445697104,0.034828901649209175,0.03475748952069509,0.6829976940159469,train,False,682
4,400,d,0.004319991596805972,0.004319986262416262,0.004744341297293399,-0.008938243502927197,-0.008938250075746694,0.008153328448267185,train,False,682
5,400,e,0.1818354280993768,0.18183467517568289,0.20957924142572237,0.13034568257718132,0.13033504646582547,0.356085113998362,train,False,682
0,100,c,0.05823067207108269,0.05823331878204077,0.09086894867534237,0.030839230970086222,0.030836150389427674,0.12809647446577302,train,False,683
1,100,d,0.014545295881799597,0.014550817975346374,0.014047114902448112,-4.136259380302931e-05,-4.367301438442439e-05,0.030703524065527395,train,False,683
2,100,e,0.18768345827019517,0.1857815019769977,0.21094192032949657,0.12884543518277622,0.12878109114651007,0.3320760649867806,train,False,683
3,400,c,0.06453381968305281,0.0645236283297568,0.07385789742242804,0.0761900843846626,0.07618705411792419,0.7954929943023802,train,False,683
4,400,d,0.005905601608009785,0.005906269317016721,0.006062899443165959,0.0013757540930408397,0.0013751060000231875,0.049465674958512444,train,False,683
5,400,e,0.1901152172233589,0.19011375774077752,0.2500286972608918,0.13129921356784688,0.13129242323271054,0.36149507745870146,train,False,683
0,100,c,0.08794151218070229,0.08793909687298164,0.1343043022997936,-0.027268163231352675,-0.027268867956108805,0.1519707423941547,train,False,684
1,100,d,0.004122838612872278,0.004122991219378588,0.00405380544831289,-0.0010664882782887375,-0.0010667819169246685,0.02091590918757756,train,False,684
2,100,e,0.16477926297966639,0.1647816591124484,0.29667256877827985,0.16744070571772696,0.16743538336638936,0.28638950510423056,train,False,684
3,400,c,0.10194814724037356,0.10198545510527554,0.09651773801166956,0.024016297876284513,0.023941984776529212,1.2709099203169025,train,False,684
4,400,d,0.005100601788777499,0.005100703647929951,0.005496168085178371,0.00919751937139326,0.009197210019031897,0.05004278028645357,train,False,684
5,400,e,0.1888200759152637,0.18887804293923938,0.3097937332391347,0.17534833552897183,0.17533484492088014,0.3032530570883391,train,False,684
0,100,c,0.0792238987113814,0.07933577374860593,0.08665766439665935,0.011577237706032051,0.011528916337131606,1.347489049076604,train,False,685
1,100,d,0.006319469871896014,0.00631963675540455,0.011320423773557853,-0.001665348464702774,-0.0016655568812861433,0.011567952393226815,train,False,685
2,100,e,0.24968460713146787,0.24966110517958115,0.19063148095556287,0.04774798173651632,0.04775041566346534,0.34828851228134594,train,False,685
3,400,c,0.04820985339437211,0.07456540714813865,0.10015183444236209,0.04303886225765638,0.02645226142904619,0.8684667155418214,train,False,685
4,400,d,0.006412341413036691,0.006412537791584876,0.006539138335285454,0.00922254428768884,0.009222220313332344,0.0683860436402758,train,False,685
5,400,e,0.1852712077459784,0.18526032305296,0.25770891810783036,0.14776593250235892,0.1477472964535393,0.3061420671782016,train,False,685
0,100,c,0.05236471608855692,0.05236458254916251,0.05683176176054631,0.04712506360730252,0.047107593351692144,1.2859792011760356,train,False,686
1,100,d,0.004572145022908234,0.004572276421940971,0.007290440123740301,-0.004180930017036815,-0.004181221075075783,0.027444191756992656,train,False,686
2,100,e,0.22726318467439946,0.22322109764829684,0.32512753067035743,0.12134710090198454,0.1258909736209631,0.2943591153759966,train,False,686
3,400,c,0.08645364453381175,0.0864884556723959,0.06724573734199334,0.0637718628939244,0.06376244921078765,0.618227741826314,train,False,686
4,400,d,0.01388441155366545,0.007257933376956639,0.007479414603103442,0.008583846302189464,0.012863238317739523,0.09011138954177875,train,False,686
5,400,e,0.2183700616653925,0.21979231757882534,0.2734365628892032,0.16725432830301137,0.16493250664336295,0.3137688967408121,train,False,686
0,100,c,0.14403217960029469,0.1436901104082894,0.1477325323317568,0.12196261769424496,0.12195776679489072,0.4348785616688419,train,False,687
1,100,d,0.06326238695813355,0.06326728455929366,0.015438932046156133,0.011535676209439795,0.01153609042527961,0.17774441986389278,train,False,687
2,100,e,0.24281274081671078,0.24277793128435118,0.3307350354508634,0.1374195092512845,0.13741537088002787,0.3838448029532345,train,False,687
3,400,c,0.05931085342864657,0.05931572009958321,0.05527786427677495,0.027193992818155266,0.02718378411976019,0.9550111146234513,train,False,687
4,400,d,0.008657954788597792,0.00866206774375579,0.007097103866825945,0.009309985707400834,0.009308473263002312,0.037602088111526745,train,False,687
5,400,e,0.15566134192974376,0.15558637127875355,0.2553329976447984,0.1798334831945368,0.1798287294592318,0.4610884965123779,train,False,687
0,100,c,0.0665843199391523,0.0665784144276338,0.0671254718331691,0.1265394944341115,0.12656427068504073,0.969558376037242,train,False,688
1,100,d,0.006092057090679796,0.006095311396357874,0.0074484044960765085,-0.021138513544573065,-0.021140396201997938,0.005395232143120197,train,False,688
2,100,e,0.20102641045047542,0.20105433369292489,0.2395872926036067,0.10960503724800766,0.10960660444072894,0.38188979419220337,train,False,688
3,400,c,0.08938341125786602,0.08938671818244735,0.09825113768163511,-0.018602811150718636,-0.01860508823043702,0.4019818802179682,train,False,688
4,400,d,0.0062016226985110254,0.006201633256342824,0.007308418546191644,0.007278864792067186,0.007278798094434081,0.037452757854209935,train,False,688
5,400,e,0.17883244947914734,0.1788232697643974,0.30017658284338194,0.1536388607439199,0.15363166279027937,0.4337724442677331,train,False,688
0,100,c,0.11865628551661939,0.11864876082785543,0.11674846053584381,0.06087838784203463,0.06087264607700405,0.8182409106721842,train,False,689
1,100,d,0.021521145997565015,0.02152470385223214,0.022803493079906048,-0.015771212359593195,-0.015773138238934496,0.1034588704692753,train,False,689
2,100,e,0.2167723780190691,0.21676034033309366,0.29778240153991914,0.12461585542961161,0.1246101264089853,0.3357700366810701,train,False,689
3,400,c,0.06510859198770577,0.06478230506277702,0.08815075334270697,-0.011149603808985376,-0.011140134508909653,0.4669719451872588,train,False,689
4,400,d,0.005704912872946098,0.005881369225725974,0.00594744028883781,0.005731706942327168,0.005800452018773719,0.058971501520089474,train,False,689
5,400,e,0.16286355924761103,0.1628666320085869,0.2185302770884905,0.14710271285185816,0.14709273640214693,0.30193014808780977,train,False,689
0,100,c,0.13781959883520048,0.10341718889873924,0.07668462507378677,0.15015510205424093,0.15527573334276398,0.4967834681505422,train,False,690
1,100,d,0.008096892633172098,0.008097604637386029,0.006274343850387481,-0.005294276741780877,-0.005295470341782238,0.04085838252766349,train,False,690
2,100,e,0.2610380625747162,0.2609560348251345,0.30709423736085617,0.10659446867112671,0.10660012507268732,0.3242760396421119,train,False,690
3,400,c,0.05514916246123167,0.05514994045914229,0.07550103653816778,0.03351493504598551,0.033514679080403696,0.7331886564211993,train,False,690
4,400,d,0.014011943867405244,0.014021374450686495,0.01247212228530404,-0.0059245650345061485,-0.0059267292626861414,0.01317507984367575,train,False,690
5,400,e,0.16855861929923038,0.16864406664166606,0.23482981921366228,0.14840213187232024,0.14839195457057344,0.3445342723273322,train,False,690
0,100,c,0.06835182787241112,0.06828037187387409,0.06974144541812201,0.019562362440417615,0.019567237109589682,0.5193431026045973,train,False,691
1,100,d,0.005629721107841639,0.005629771857065306,0.0077537502183781725,-0.02106536105067171,-0.021065724456110324,0.007594133787358377,train,False,691
2,100,e,0.2443707403153133,0.25072295764801344,0.40937291333335774,0.13264029402949132,0.15140621456722822,0.27105990672339425,train,False,691
3,400,c,0.06130012127359892,0.06140863148005555,0.0923644206675638,0.04043452280469126,0.04037278777355041,0.35146942506886736,train,False,691
4,400,d,0.005670054902414138,0.0056701809563085015,0.006689228512935376,0.007040532497956811,0.007040173782236945,0.07971960565703239,train,False,691
5,400,e,0.18623902886663615,0.1862429501699184,0.27960842954793447,0.15503943378671678,0.15503373858604988,0.2919120429253697,train,False,691
0,100,c,0.05873064397638296,0.05872758918506283,0.0813569321143127,-0.0316951874303264,-0.03169691967982623,0.26270970221984674,train,False,692
1,100,d,0.025155011087414622,0.025155578305454184,0.01071830483020803,0.02849454363678227,0.028494012600316036,0.1245975096133476,train,False,692
2,100,e,0.2772380490126729,0.27683239700501366,0.47158083097844705,0.1648193061492607,0.1672652443230062,0.2578669838829213,train,False,692
3,400,c,0.09540600692344108,0.09544399654813455,0.08801049466594683,0.06530497136735022,0.06525545330949142,1.0579579179152483,train,False,692
4,400,d,0.006829181406255583,0.0068678559393918,0.006439482576925047,0.011803814180183352,0.011792180916134001,0.042107703646955236,train,False,692
5,400,e,0.21698606173336749,0.21699148025082235,0.2882418336997541,0.15815384329056056,0.15814109934668108,0.29871186433524116,train,False,692
0,100,c,0.06634760056125356,0.06677395960253646,0.10002511053080265,-0.08718537309652667,-0.08721418283462505,0.39422616390900833,train,False,693
1,100,d,0.012372892132452382,0.01237384745357729,0.00772716591439332,-0.0006288199101663317,-0.0006295114221650344,0.04450126635884875,train,False,693
2,100,e,0.2640147046046641,0.26402732269360824,0.42917414168986423,0.07859373557806486,0.07858948237717357,0.35047486598827077,train,False,693
3,400,c,0.05522337936197759,0.055241117389458756,0.1013344797551494,0.0281745175725753,0.028182517364334386,0.5059844745297916,train,False,693
4,400,d,0.007061993383010604,0.00708209870447616,0.007536304686762105,0.016171906241497672,0.016164671708444694,0.06438459671172751,train,False,693
5,400,e,0.21813448203300564,0.21813283664911728,0.29415461339672283,0.15391796948714373,0.15391107199911758,0.3018070200386679,train,False,693
0,100,c,0.056293320987303996,0.05632011205915179,0.07240482044291595,0.027642216146269407,0.027615776193828056,0.6802533591025469,train,False,694
1,100,d,0.006876652302933007,0.006876074800843897,0.009728559029217354,0.01715460845696873,0.017154267521916823,0.029413267612758993,train,False,694
2,100,e,0.19529411263373292,0.19530124366763718,0.2696495696991871,0.11911414118073105,0.1191095019862295,0.32613907135379977,train,False,694
3,400,c,0.04976651154795574,0.049760655745564514,0.07707830236716871,0.01832798862554519,0.018325124795554475,0.28422765944619044,train,False,694
4,400,d,0.005629638862665797,0.005629686010782769,0.006627677078389531,-0.007235470100165067,-0.0072356467831347976,0.043706203949363455,train,False,694
5,400,e,0.17051610343176155,0.1705220257275054,0.2701374844965288,0.1583705028872227,0.15836768449912964,0.3219246978354825,train,False,694
0,100,c,0.057952420292960764,0.05794276863577539,0.07574304440821128,-0.011247884667805153,-0.011260374929394317,0.7946828075315264,train,False,695
1,100,d,0.020821380377715623,0.02082614048754634,0.014569832080867302,0.027647654300758155,0.027645353155856096,0.03506733496503575,train,False,695
2,100,e,0.1887366377723875,0.18875006019107432,0.3064156033591483,0.1520840603582414,0.15207809992073507,0.32311277918720804,train,False,695
3,400,c,0.06731722196648954,0.06732239372643427,0.07423847395827592,0.0950542558999942,0.09504904509353274,0.6224744441273726,train,False,695
4,400,d,0.005746567601204194,0.0057430407493112125,0.007126563988698971,0.001644204794089159,0.0016393004220041796,0.06622445446934867,train,False,695
5,400,e,0.15976677578381643,0.15966110803134492,0.23977225914069433,0.1773981055889115,0.17739843438302758,0.3116382112515452,train,False,695
0,100,c,0.07407587422530416,0.07407110184771785,0.07005222889324736,0.04633098197713302,0.046318102692760876,0.4662352229085283,train,False,696
1,100,d,0.03388975807376877,0.03388518419388273,0.021697152600876953,0.025702698658730726,0.025700460379809976,0.03681055786371324,train,False,696
2,100,e,0.24163247740073943,0.2416590869464731,0.2614499220160166,0.09010826688785084,0.09010138393192736,0.36951405655352987,train,False,696
3,400,c,0.054982527073806686,0.05499467469476235,0.0747127382405552,0.06812727305769642,0.06809164086664296,0.7751339843124647,train,False,696
4,400,d,0.0052855319132851485,0.005446011064536214,0.005535566592320447,0.005920087792898272,0.005811024734635293,0.03286573786430983,train,False,696
5,400,e,0.16838590734764605,0.16768160464384238,0.2694990169421944,0.15569195424847848,0.1546903529348699,0.32237176856646527,train,False,696
0,100,c,0.05479790573519463,0.05479871764848251,0.0704105295058729,0.029629323088751106,0.0296282364213117,1.0232368788272799,train,False,697
1,100,d,0.012369815101485668,0.012373858150257837,0.009944639035388768,-0.0038320683709134862,-0.0038340372348814535,0.051962029036028846,train,False,697
2,100,e,0.2448530721577152,0.24506220464827438,0.21415946800900051,0.0290405193654421,0.029029797372955173,0.39320962119868225,train,False,697
3,400,c,0.060056807997613065,0.06005705741888473,0.07219763911051187,0.0350411047459199,0.03503887971940053,0.9638885160293895,train,False,697
4,400,d,0.006142478021767669,0.006150366607883005,0.005614938842643488,-0.0009641954222905725,-0.0009689122887839119,0.006032912212770363,train,False,697
5,400,e,0.16408400714047564,0.16427238806850572,0.26093566310246297,0.157601298727231,0.15761493887254274,0.35480592001739836,train,False,697
0,100,c,0.07895068490725256,0.0789214197818986,0.10161855989997312,0.07949392355005636,0.07948478824581791,0.39316454844443044,train,False,698
1,100,d,0.014282446361978484,0.014280047319041122,0.009037019669491327,0.016044258427240374,0.016044849392584232,0.0959611060911083,train,False,698
2,100,e,0.12343105786447048,0.11919076059970521,0.22027580343823497,0.12684002902597472,0.13564836252979257,0.24151244715778353,train,False,698
3,400,c,0.05726944676578133,0.05735029464766077,0.0824121942151201,0.10842889576522112,0.10838140352364761,0.8799345924468815,train,False,698
4,400,d,0.007453182189093069,0.007460358253227273,0.006946324777670962,0.0022803094849027515,0.0022755364524773827,0.007815855034774302,train,False,698
5,400,e,0.18020174288618737,0.18019197182417301,0.2741579642192739,0.17303223640255208,0.17302513547070345,0.35112388844952425,train,False,698
0,100,c,0.06839508825226165,0.0683983394621617,0.09665837653482721,0.0066526609697150005,0.0066262401630928025,0.4299459707178088,train,False,699
1,100,d,0.010462905743031017,0.010468644154638445,0.00732667768914638,-0.006053603948414228,-0.006055553507219411,0.0093338776447529,train,False,699
2,100,e,0.21966551852312843,0.21951658098656723,0.3511902897965271,0.10954353247527741,0.10953384307952796,0.4272377388403016,train,False,699
3,400,c,0.05606589213460564,0.05604249851169084,0.07115511302753103,0.042097848149022,0.04213111672596995,0.3919885676761124,train,False,699
4,400,d,0.006859769080919508,0.00836657557869223,0.007095886903503031,0.002027355601192298,0.0009917105853481801,0.014613092067096645,train,False,699
5,400,e,0.1693923111738922,0.16794633452219862,0.2080790414835872,0.14589770634590743,0.1462694648228964,0.3796540682140103,train,False,699
0,100,c,0.09286990683694603,0.09300793088308909,0.08789596990421543,-0.0007436789505671016,-0.000765196227740077,0.5461566455212199,train,False,700
1,100,d,0.005295702150475452,0.005295756188603438,0.00670265707328376,-0.010388036586545635,-0.010388493658369882,-0.009770695764185948,train,False,700
2,100,e,0.23253991022741677,0.23264689114778342,0.27226340540643784,0.10881337224614708,0.10880701291373168,0.324598811781271,train,False,700
3,400,c,0.06894219041887983,0.06664340526967216,0.08764270451522237,-0.06100570052645146,-0.0611693249133868,1.0958519362631423,train,False,700
4,400,d,0.0034110055498372993,0.0034111419025667582,0.0030756475609713817,-0.014745495748431576,-0.014745987550020451,0.03958499669544363,train,False,700
5,400,e,0.14544799260335395,0.1568884000626836,0.2195457934564311,0.11235983075487291,0.1138120440879694,0.4874890898815741,train,False,700
0,100,c,0.10678082241790068,0.09987086066824187,0.08592783175067036,0.15844085343695669,0.15968918268490753,0.5780077085650922,train,False,701
1,100,d,0.014136491419631879,0.014122899796491995,0.009147504661610935,0.014299619056133644,0.0142925397344281,0.0397774258319305,train,False,701
2,100,e,0.3142692012294449,0.31448763260823254,0.37677464073503186,0.10936784140070507,0.10934474969964697,0.23040644182942083,train,False,701
3,400,c,0.05628249613470666,0.05627708140945039,0.06309974156799544,0.03921372093899116,0.03920692168097034,0.915669899719002,train,False,701
4,400,d,0.005747722909813331,0.00575187843311753,0.007227147604471145,0.009796985878388398,0.009790326521671045,0.06660179406749261,train,False,701
5,400,e,0.17985204959932244,0.17977019071001255,0.257436054333165,0.1689586138958706,0.1689508967619723,0.3099976077968748,train,False,701
0,100,c,0.09358285003359004,0.0936370802952558,0.07063045315871404,0.07546024199662192,0.07542940903192637,0.7497914584382168,train,False,702
1,100,d,0.027874391928362264,0.027880650192883372,0.01358697985007509,0.012110880477913285,0.012108986267787749,0.027894049500931894,train,False,702
2,100,e,0.23804837018288663,0.23803344326218223,0.3159715140836062,0.13417087322989538,0.13416579000025863,0.32055869424182193,train,False,702
3,400,c,0.06617929158203689,0.0661821933957974,0.10297848135099592,0.05806613557689928,0.05806153434281285,0.4771963177272556,train,False,702
4,400,d,0.007047921857695737,0.007048154211209604,0.007557961209359782,0.013041703594160091,0.013041545240453499,0.04858334076065532,train,False,702
5,400,e,0.18900618220374832,0.1899494575810426,0.24562417554969293,0.14644741299854835,0.14592496053078619,0.2798078199636562,train,False,702
0,100,c,0.07989452960524555,0.07992106213723994,0.12210987438752613,0.0630133907218125,0.06299652817968401,0.9176830290182193,train,False,703
1,100,d,0.004349525881351559,0.014366540716280365,0.004406044541403797,-0.0183564441233888,-0.02112689101456775,0.014154879437353553,train,False,703
2,100,e,0.23428269152166112,0.23427984250142667,0.28884776811983576,0.12653571605340738,0.12653232911092147,0.2869274888827657,train,False,703
3,400,c,0.06762062578411686,0.06763136130435393,0.09202220532592005,0.05861151318829513,0.05863170410473437,0.825788343389163,train,False,703
4,400,d,0.007944554825985432,0.007962407591855005,0.009309046396298273,0.0011236245775893394,0.0011079967935922318,0.021716178223837267,train,False,703
5,400,e,0.15228524052442446,0.15101144948403472,0.23582644516410575,0.16508474204300305,0.16716550204919323,0.305350874043919,train,False,703
0,100,c,0.1600203916486027,0.16005130121482952,0.15277770136534374,0.028598610752557506,0.028571667746873503,1.1461502404584525,train,False,704
1,100,d,0.012768302031761967,0.012766586896901022,0.014764165150543629,0.00449176289465548,0.004490356648877487,0.030009963543510113,train,False,704
2,100,e,0.26545857565809433,0.26540303640083324,0.3268182795388624,0.15277499323020563,0.15277761689778616,0.3650956185037822,train,False,704
3,400,c,0.06333262904706821,0.0633667359992881,0.07571739201224492,0.06383533256830169,0.06379973580973769,0.7037290198799638,train,False,704
4,400,d,0.005852116231114607,0.005853319044144223,0.005219120132939146,0.01190430674471493,0.011903677739883243,0.15269103064081085,train,False,704
5,400,e,0.1748598681458326,0.17486775095840126,0.24250857664940206,0.1452481987855257,0.14525668828723654,0.3028742702656719,train,False,704
0,100,c,0.1178628560236207,0.11787587797815936,0.07263862905597794,0.16054333737693383,0.16052992998410176,0.6757417871352202,train,False,705
1,100,d,0.02036101058234273,0.02036118394459644,0.013741622092072798,0.03529128643242823,0.035290869376510464,0.1336728038835509,train,False,705
2,100,e,0.2211880965116984,0.22114297960964124,0.3234159179474163,0.18451183919340128,0.1845033500636369,0.2916834164604785,train,False,705
3,400,c,0.04893143793781782,0.04892638332750441,0.06947222720686247,0.0697360053659007,0.06973392839897187,0.47486628119460844,train,False,705
4,400,d,0.015193666139507902,0.013831772343734427,0.012515181425253851,0.022621270441498247,0.0235514623691075,0.1521706895071092,train,False,705
5,400,e,0.15974366760206102,0.16213131454877275,0.24513330174725506,0.1670388492611173,0.16724419659272588,0.2995417853431187,train,False,705
0,100,c,0.07047706428016463,0.07048193028491431,0.060721805034532714,0.10264407922113336,0.10263651894246771,0.5012857804783941,train,False,706
1,100,d,0.05057663441946638,0.0505871945865904,0.012533667150169339,0.001484350219615429,0.0014827100402487403,0.20700456415888902,train,False,706
2,100,e,0.24226922711750273,0.24186596104285163,0.22843166649633775,0.09485894800326214,0.09485617488609834,0.44226460733691864,train,False,706
3,400,c,0.06828038274601742,0.057158249140263614,0.0629297319377884,0.08479670499249238,0.08875995726495589,0.6466709556641413,train,False,706
4,400,d,0.00431848034277494,0.004318526338357717,0.004688532515195836,-0.003979899078757452,-0.003980275815325669,0.000502908496049006,train,False,706
5,400,e,0.16379381177376412,0.16380799071017013,0.27344179738743374,0.17071290570255288,0.17070498482540486,0.31891009003236065,train,False,706
0,100,c,0.05775917193741081,0.05775526688333834,0.06897973516464308,0.05662432925801582,0.05661574030404495,0.9170890050163202,train,False,707
1,100,d,0.008882339281097133,0.008882616981182,0.006272308112714188,0.006659413161822254,0.006659148024651689,0.07253090459580988,train,False,707
2,100,e,0.18830819050104475,0.1883141937351084,0.34185657245951623,0.1641326900145112,0.16412764135532917,0.292821889284015,train,False,707
3,400,c,0.05704743374246903,0.0569404187130754,0.07420427420691411,0.053314778335164306,0.05321337209636994,0.6465207921917845,train,False,707
4,400,d,0.007519297629145063,0.007498956348860639,0.007114816844004274,0.020650756366205326,0.020649388335698193,0.04112477854273408,train,False,707
5,400,e,0.2052336420285648,0.20522814803927766,0.2932722451190595,0.1721360709275913,0.1721327124872548,0.31175376070097954,train,False,707
0,100,c,0.05958312518903485,0.05957886602252104,0.08734480155648025,0.01458895133051982,0.014585148503416719,0.44806052185058876,train,False,708
1,100,d,0.0034598634295456105,0.004592957379667306,0.0053722697348240955,-0.02182212468764977,-0.022315695714846928,0.02331243275342846,train,False,708
2,100,e,0.25190907275377966,0.25191560816866226,0.19144467289999953,0.07222379128902368,0.07219628565779239,0.28990988388252276,train,False,708
3,400,c,0.0509419342213859,0.05095009695391481,0.08635972490076961,0.04921828766684797,0.049214519748290046,0.8797060218397406,train,False,708
4,400,d,0.007099777581553933,0.007102852737510633,0.006880414443833704,0.009738163016935869,0.009737167646902627,0.013983754392431625,train,False,708
5,400,e,0.19992425610109213,0.19992345584422458,0.2635954724240712,0.10162765176538038,0.10162033790237401,0.31145937310761096,train,False,708
0,100,c,0.06453902103330585,0.0645370479090412,0.07266422842383617,0.03959008618878926,0.03961297343461517,1.249997444956851,train,False,709
1,100,d,0.00671824325601381,0.0067188786603070575,0.007245273378143441,0.000892641747649865,0.0008922398468912363,0.03166566106033576,train,False,709
2,100,e,0.14779150043472558,0.18510174727432946,0.23150121579564636,0.14699433098177384,0.14986794820387406,0.30515669190513434,train,False,709
3,400,c,0.07501794996470074,0.0747919454112775,0.10106404517649947,0.054417865569859954,0.05434823734887779,1.068114008580875,train,False,709
4,400,d,0.004514730675658085,0.004514320995657339,0.005038135931967201,-0.003418038999891735,-0.0034181859925264922,0.06724308278139646,train,False,709
5,400,e,0.18614000438230857,0.18612813765405442,0.29418608905432886,0.15965945355252636,0.1596466803684877,0.3072811099336767,train,False,709
0,100,c,0.07515974133415991,0.07504594485162215,0.07918349358098356,0.10188616816222194,0.10189225847514095,0.7291045198594988,train,False,710
1,100,d,0.04090473166555034,0.04101525812762496,0.019800899721512152,0.021415473440143842,0.021409035705257935,0.1624295622502405,train,False,710
2,100,e,0.2799556713358745,0.27996970962182993,0.35491476960556434,0.1459301825488483,0.14592727828824079,0.3039024611983956,train,False,710
3,400,c,0.05785278905402642,0.05766457483400449,0.0742882704153802,0.01821613916223541,0.018170200521779947,0.3579667444025773,train,False,710
4,400,d,0.006664881315964037,0.006665206107235326,0.006324098312139968,0.01001984170683219,0.010019648142886979,0.05885119028396599,train,False,710
5,400,e,0.15758884845424398,0.15770759063932546,0.25177921737031733,0.16252253236878417,0.16250838938478027,0.3233354027763026,train,False,710
0,100,c,0.1657712102357221,0.1657478831561415,0.13257332931331117,0.0777472037239501,0.07774585461527331,0.8123551839148232,train,False,711
1,100,d,0.004183677617005757,0.004183703499710031,0.005663481359225457,-0.011822375140968084,-0.011822693301280846,0.05098405483190801,train,False,711
2,100,e,0.2450505642509711,0.24504678414721495,0.31216197037282056,0.11780006477546039,0.11778796074625064,0.3252637332209012,train,False,711
3,400,c,0.06080357191045329,0.06079994002892029,0.06335679783254508,0.006413380362425443,0.006408883513498296,0.6305393780544561,train,False,711
4,400,d,0.0036455148274290704,0.003645957344287514,0.00434579686031287,-0.0009587724109070273,-0.0009590111390506451,0.05347164540980957,train,False,711
5,400,e,0.18462131036495535,0.18443362044390788,0.2803495269947041,0.14457055596543833,0.14454341511597776,0.39248522156953364,train,False,711
0,100,c,0.08982908322221855,0.12499010890630008,0.13385801337692757,0.01961058291271854,-0.015976978864672944,0.36196643433689885,train,False,712
1,100,d,0.054752173689467075,0.054764257994874735,0.024641181238055605,0.009420490214223563,0.009414290047433039,0.19401053987257996,train,False,712
2,100,e,0.19043734983418578,0.19030306957320778,0.2521341881098531,0.13771874324567449,0.1377045562544739,0.3743652651477439,train,False,712
3,400,c,0.05389411841426989,0.05319294663780643,0.07918011218007254,0.07055934266132127,0.07011182279982464,0.43074828903420553,train,False,712
4,400,d,0.005783168445798732,0.005782559084902722,0.0064748970017284345,0.002777179485203973,0.0027766673440403978,0.033591013261916006,train,False,712
5,400,e,0.24452968114298787,0.25089967016880566,0.3347482843158886,0.15993713696234685,0.16081285783126972,0.30053854919272954,train,False,712
0,100,c,0.0632042765435762,0.0631002481228819,0.08403731765004335,0.018493600387193113,0.018506456769336096,0.4089185771538564,train,False,713
1,100,d,0.005359643337846898,0.005359791239507598,0.007265799022083821,-2.4074859785851998e-05,-2.4561909545877116e-05,0.14159253221306872,train,False,713
2,100,e,0.15752973020396394,0.1575274770132528,0.20894190812047483,0.12776239368965087,0.12774509400142073,0.3903223633993006,train,False,713
3,400,c,0.08892988143278817,0.08892974564033146,0.0895401728973006,0.1214285245242408,0.12142477153811797,0.5037914473326888,train,False,713
4,400,d,0.00639825301953323,0.00640034690870618,0.0058271640888243196,-0.0045015138382319365,-0.004502459381875958,0.034283216060497675,train,False,713
5,400,e,0.20461981781194882,0.20462087958863936,0.2385650173377383,0.1334742915546947,0.13347017828768565,0.3403257126268751,train,False,713
0,100,c,0.074901156816268,0.07490491650068172,0.09620310099728865,0.08612799196090108,0.08611471880074625,0.5688448545506279,train,False,714
1,100,d,0.009289942983249665,0.018920474353543104,0.015894620920718503,0.005267938017176608,-0.0037856413132541177,0.17480727484954567,train,False,714
2,100,e,0.2502203542562816,0.24545929357677873,0.2889885529109304,0.14723387878480879,0.14712649762840366,0.6582397505781016,train,False,714
3,400,c,0.056173876847438554,0.05673544882534423,0.06514201788441576,0.07424871474514945,0.07412938909675602,0.8676817421628893,train,False,714
4,400,d,0.013972146229180282,0.005253943165762958,0.005961906820500507,0.0034706877989670207,0.007121875438121954,0.00974939978285782,train,False,714
5,400,e,0.2620049296873848,0.2620573537632674,0.30264169774022187,0.12250139058450955,0.12248756805934037,0.3185506249528148,train,False,714
0,100,c,0.1251643742282787,0.12376259497881255,0.07180263300543328,0.13328344219659896,0.13394013517048164,0.9633732016301702,train,False,715
1,100,d,0.02724573867096653,0.027248616433846098,0.010506050214993496,0.023884594675337746,0.023883995416374867,0.08973254952404446,train,False,715
2,100,e,0.22292671655829743,0.22294202969275148,0.346743894003558,0.156894523224163,0.15688616870365985,0.28997427536794285,train,False,715
3,400,c,0.05837103752053987,0.05837221603377049,0.09936953068136713,0.003634351144409891,0.003635191265350457,0.7091831716131415,train,False,715
4,400,d,0.0069929954152451335,0.006985714133857002,0.009249302163055773,0.00024051780098684363,0.0002325000283365597,0.09350836180839708,train,False,715
5,400,e,0.1929089220522897,0.19290194741280195,0.25547067633020987,0.14636187846397283,0.14635602602521508,0.35596601298685937,train,False,715
0,100,c,0.048305610841336694,0.04830227566229151,0.08421506737645085,-0.05850099380113328,-0.058510440292112734,0.5377469115745357,train,False,716
1,100,d,0.01306893472994651,0.013070079227674891,0.0073258934327864265,0.0073748396127799685,0.007373485189511353,0.0327281537389031,train,False,716
2,100,e,0.17940316028696673,0.17285318071853076,0.24822776793064297,0.14357228505468356,0.15052645701625053,0.352462648183271,train,False,716
3,400,c,0.08833447993683623,0.11780026863546615,0.09459137168848235,0.12305299617648928,0.10679816692000409,1.1341395952577247,train,False,716
4,400,d,0.0045770666533782615,0.004577552677895757,0.004665288805863149,0.008232032338846,0.008231974973310248,0.050518246413286325,train,False,716
5,400,e,0.1997105606518518,0.1997369451973311,0.2705235677118464,0.18052290709374746,0.1805141666086446,0.3629402934454322,train,False,716
0,100,c,0.04474614757832808,0.04474438847911858,0.0795285166291397,0.034461677942689804,0.03444784363177391,0.8329505665369398,train,False,717
1,100,d,0.004503991163003348,0.0045038174933950785,0.004803733759641409,0.01306103573684375,0.01306102628114834,0.05992191498160327,train,False,717
2,100,e,0.274806317499617,0.2749641866415964,0.4534805259058974,0.11985420039844336,0.11983202967829215,0.31087536562227236,train,False,717
3,400,c,0.061167888991123444,0.06744446751483461,0.09453695201051847,0.004003254076160588,0.0011108659601257642,0.7371009754810103,train,False,717
4,400,d,0.004382503628592618,0.004381932042505551,0.005196279563647191,-0.002162232119529257,-0.0021621017315441725,0.08854822692810621,train,False,717
5,400,e,0.1693395121001991,0.16934343881254318,0.2995732418971528,0.1582697005719824,0.15825452125398023,0.4570296665124133,train,False,717
0,100,c,0.15388008654721516,0.15400413315135178,0.09779445671941035,-0.02441368508904887,-0.02444400213337346,1.1745801762295476,train,False,718
1,100,d,0.01362163170677068,0.013621798877570918,0.016144101499481728,0.006166281555603419,0.0061661145904226625,0.04043262700335621,train,False,718
2,100,e,0.14628626727897934,0.1469416243065788,0.33396379657687825,0.16353571187682625,0.1639715894893685,0.3576726855972245,train,False,718
3,400,c,0.058883547570624264,0.058882862092302556,0.08198563884390882,0.025731170147243746,0.025728197253859407,0.45949257102183094,train,False,718
4,400,d,0.0062118103150488055,0.006211430599783185,0.007977261672061229,0.013912248601604685,0.013912510677440615,0.09789405156820827,train,False,718
5,400,e,0.159692612399294,0.15969188065381545,0.2574159777665722,0.15777113852477656,0.15776982744403298,0.31247253649399087,train,False,718
0,100,c,0.06663874415530784,0.06664723819419359,0.10951608657947229,0.030308861014598138,0.030299029764631627,0.621502304601071,train,False,719
1,100,d,0.005246409862372862,0.005247394691276157,0.005504196648491227,-0.004358285881234813,-0.004358748524712048,0.011373413500210603,train,False,719
2,100,e,0.15552555146441802,0.15552578795395053,0.1993717728314851,0.0501144167769872,0.05010385141155666,0.39374436896725157,train,False,719
3,400,c,0.05904008290954597,0.059030820277761416,0.08004977936700279,0.06343435860303231,0.06342673333890189,0.423495857299543,train,False,719
4,400,d,0.005905797204025409,0.005906250371852375,0.00517625597748961,0.0038273769706793814,0.0038267364950917582,0.04102112015620815,train,False,719
5,400,e,0.18590698533853595,0.18587759602398785,0.25105835603877574,0.15151047149248884,0.15150029436584866,0.33547895829330976,train,False,719
0,100,c,0.05054337681905088,0.05054453047789236,0.08485616593426162,0.016001818146218483,0.015995706078192243,0.5954901761357548,train,False,720
1,100,d,0.003837478508769094,0.003837235418043525,0.0045431454518411775,-0.0015221246485300811,-0.0015221961910057047,0.03567267041573221,train,False,720
2,100,e,0.19008949856930002,0.19009961472487347,0.3303782556608052,0.1069670204650323,0.10695875274520165,0.40122358805082187,train,False,720
3,400,c,0.06096210070514982,0.060961477860276524,0.08010732938032017,0.06469451290674372,0.06469617473858129,0.5210517017929095,train,False,720
4,400,d,0.006120877086209247,0.00645234762715807,0.007077544263947169,0.014466414071120166,0.014259292163101858,0.025439844903251334,train,False,720
5,400,e,0.20343665203003372,0.20344916592606413,0.2973199189263839,0.18080517562471835,0.1807930715141574,0.30383650447952426,train,False,720
0,100,c,0.11972534587875243,0.11963494047032308,0.13533336117100847,0.041988587798624764,0.041944750591060544,1.1601015885492967,train,False,721
1,100,d,0.004780625747337477,0.00486553588718924,0.004693382477253957,0.0052113978015241895,0.00521930156316083,0.11152776447250984,train,False,721
2,100,e,0.19497654884174015,0.1947026414139541,0.19581636578633016,0.10903481125326046,0.1090212643536767,0.29865506724609425,train,False,721
3,400,c,0.06609217459798157,0.06612049316401052,0.06809927566139136,0.07189738846273422,0.07188708213306833,0.9157348993616785,train,False,721
4,400,d,0.003547819748129937,0.0035478779029112333,0.004044842670865447,-0.010332241056147868,-0.010332562366299296,0.0055711435386669094,train,False,721
5,400,e,0.174874827695001,0.1748455024324963,0.2708564212060604,0.16936816839687427,0.16936417718520172,0.33054301331584085,train,False,721
0,100,c,0.059548818267255506,0.05955899855563139,0.07880455346165319,-0.002908990461721004,-0.002910510465952214,0.37110784552656434,train,False,722
1,100,d,0.005869914043424079,0.005723095476769211,0.005757835457974389,-0.004978779707557397,-0.004925698726278025,0.03033082478817937,train,False,722
2,100,e,0.14427406208094062,0.14427323720132956,0.17896380480259885,0.0830663875074768,0.08306139557652578,0.4106571758992155,train,False,722
3,400,c,0.05481871637529905,0.054943323515044655,0.07130216308415903,0.09284988655279719,0.09270340569358808,0.49126544463665034,train,False,722
4,400,d,0.010246397126876621,0.010243381825743268,0.00815654922952697,0.009504037702316382,0.009499670803684666,0.0677431416200513,train,False,722
5,400,e,0.16115283356456941,0.16115298136971906,0.2701433971228152,0.14359673214263477,0.1435950188502822,0.36457550777407477,train,False,722
0,100,c,0.06958344138594287,0.06956671865992645,0.06511240826753398,0.10064263268712921,0.10062591446002074,0.3305016633319702,train,False,723
1,100,d,0.009104441907652264,0.00910486046279413,0.011118044381761878,-0.012550608078439893,-0.01255083351074509,0.028637134968188052,train,False,723
2,100,e,0.24888356457806238,0.24891285007307762,0.29963883431399446,0.1407222806635765,0.14071981416189341,0.2637537027950957,train,False,723
3,400,c,0.054244056431422105,0.054272276390963804,0.0747255682232052,0.05952370434606223,0.059511084255055524,0.8068830587177916,train,False,723
4,400,d,0.00603147935581061,0.006019003225689318,0.006818839818516636,-0.010200252159836793,-0.010201021171390679,0.012530763665251942,train,False,723
5,400,e,0.2085708597535615,0.2092989420672828,0.24085689341653388,0.14945482875272373,0.1490786375480349,0.3471259750564928,train,False,723
0,100,c,0.12092917052229993,0.12098602824628793,0.08576888797106777,0.06365148689396712,0.06362270926749382,0.8089884402845255,train,False,724
1,100,d,0.011245992503320305,0.011251073051252367,0.009487735898117628,-0.007076456679198344,-0.007078147088380682,0.022006838370135232,train,False,724
2,100,e,0.18581387668067953,0.19189197385652976,0.22344583485600744,0.15624229428314756,0.15780483719903948,0.262267733777848,train,False,724
3,400,c,0.057855182131572966,0.05782819278212555,0.06847755843758034,0.06998260829245162,0.06997596539560498,0.7924529224965042,train,False,724
4,400,d,0.004888364166510123,0.004888318524937199,0.0059475733418426135,0.009019104047545454,0.009019136486977625,0.07865041750443062,train,False,724
5,400,e,0.1800238423844637,0.17776526694395944,0.24977720494964348,0.16578847109147116,0.16648819620414276,0.3156683673181514,train,False,724
0,100,c,0.07144388369022335,0.07141671023297316,0.08655021470633524,-0.03182965713554573,-0.031832599185812924,0.21949340154587957,train,False,725
1,100,d,0.007153097304786023,0.0071505352925648295,0.0056199144035422675,0.01736701564802047,0.017365675461820784,0.06033086539333281,train,False,725
2,100,e,0.18992583919398523,0.18652871262705695,0.23795335778316196,0.1286087178874496,0.12823762618408005,0.3203069432652519,train,False,725
3,400,c,0.056309237294010155,0.05636945439608861,0.07239260087991642,0.06796759009391565,0.06789865244200598,1.0916509350589103,train,False,725
4,400,d,0.0049784511845020795,0.004978012355236977,0.005131856946595365,0.0018200287104993863,0.0018187000005224086,0.02911322777182228,train,False,725
5,400,e,0.201862757145462,0.20187182584390415,0.2559918006206553,0.11609779504604074,0.11607943590305919,0.3705016369354419,train,False,725
0,100,c,0.07202104800191768,0.07203099690355422,0.10651660169175785,-0.02844515570873355,-0.028448754381424593,0.8596243376862241,train,False,726
1,100,d,0.01377139478848006,0.013794529743864095,0.008389121173329982,0.022013157263281454,0.0220118949008452,0.06808968067903255,train,False,726
2,100,e,0.22550697113695478,0.225590055208675,0.24499306428618634,0.09831169126327652,0.09830143240108889,0.262757319926147,train,False,726
3,400,c,0.07490181562462767,0.07295077855702714,0.093075899769974,-0.004508646514431618,-0.004587509010774653,0.5108749727410276,train,False,726
4,400,d,0.006347417999205471,0.00634734846798523,0.005516926060045018,0.004823363111317321,0.004823198198753787,0.05455104224406046,train,False,726
5,400,e,0.17575629020159345,0.1783243031907678,0.22803667481924994,0.14524797026168781,0.14546308509030415,0.3401269985740194,train,False,726
0,100,c,0.0532264001872712,0.0532323779509587,0.06972706785927535,0.05579746888647705,0.05579338743533896,0.7600965728622846,train,False,727
1,100,d,0.01193520113803783,0.011937708549724868,0.00775540273935985,-0.012685476840800777,-0.01268710590824547,0.018179675602597117,train,False,727
2,100,e,0.14737685524621263,0.14732984508610672,0.2656202586238024,0.16839494632625227,0.16838768988402328,0.28202663691597357,train,False,727
3,400,c,0.055657587075895146,0.05565958146948826,0.07457539795991174,0.0012159114302517794,0.001225909514467105,0.5983615211651716,train,False,727
4,400,d,0.008883863292373806,0.00890609105921379,0.006127985394405772,-0.0056182623689458745,-0.00562011108329628,0.030090677105031053,train,False,727
5,400,e,0.18587249589001115,0.18571473431605146,0.30515105862380254,0.13852721534804396,0.13851758058091052,0.3612145836765103,train,False,727
0,100,c,0.05007668859863204,0.05008391691502348,0.06025639489855785,0.010664307042794264,0.01065540201857374,1.0292866858560574,train,False,728
1,100,d,0.011216370232640169,0.011217991522843185,0.01228997868041403,0.0007370521964087473,0.0007363117025369625,0.02861099801919936,train,False,728
2,100,e,0.24119331083380555,0.2411235441678318,0.33422466187269023,0.15882133596090875,0.15881428437696976,0.3193086958258518,train,False,728
3,400,c,0.1237877003942375,0.12374297987180784,0.13025237675867163,0.03967009233404489,0.039655577619801645,0.967888334113877,train,False,728
4,400,d,0.006564269912702178,0.006564378017240938,0.007182614863375799,0.008195885862979254,0.008195762500984518,0.055562348818052956,train,False,728
5,400,e,0.16654997464889756,0.16655448616172774,0.2372576986108572,0.15927984228635517,0.1592744027342149,0.32598954279845976,train,False,728
0,100,c,0.0584332358112947,0.05843074210174638,0.06358513907444928,0.003760808961975073,0.0037593975098525333,0.5031266248717645,train,False,729
1,100,d,0.01714035368185549,0.017112661614055846,0.012167954075156613,0.01963565193745964,0.019633927661254002,0.0342965226743153,train,False,729
2,100,e,0.23802626536313962,0.23817531832441333,0.33998116379697707,0.12445679722661332,0.12444277207197267,0.25924298350498687,train,False,729
3,400,c,0.05137315561168555,0.05137225704202526,0.07286850420999463,0.04098783539326661,0.040986435455667304,0.4880213170119552,train,False,729
4,400,d,0.004556273430252145,0.004556388758477348,0.004862023296668049,-0.01548599849526191,-0.015486317360772368,0.01357053978944041,train,False,729
5,400,e,0.18372837099374487,0.18373202792411894,0.25126364336676393,0.16457092832689185,0.16455835506170097,0.3539480204285452,train,False,729
0,100,c,0.07273191173129077,0.07273675631262337,0.06634956950893836,0.04075020563409566,0.040739480446506986,0.5988698840734292,train,False,730
1,100,d,0.0050898069458416885,0.0050945937513168105,0.004571734357538006,-0.006664989414737868,-0.006666267928281062,-0.0008962810610660199,train,False,730
2,100,e,0.18918453566365898,0.1891625852247407,0.23281651830115446,0.10626770663025284,0.10626835286178533,0.31560905699367603,train,False,730
3,400,c,0.056227894867440883,0.05622672583056705,0.06508426172833731,0.052047931756755615,0.05204111324645289,0.6057714597853646,train,False,730
4,400,d,0.004571367774719599,0.004571418623635821,0.005306943246021776,-0.015073903809369326,-0.01507430736556362,-0.006833323316539364,train,False,730
5,400,e,0.1709144116810001,0.17089909521883712,0.2507490398684802,0.14238324209298298,0.14237131801655772,0.3398401632015501,train,False,730
0,100,c,0.05215758253859386,0.05216064235069377,0.06306647614902212,-0.06832131052053271,-0.06834931577766355,0.7046384917392307,train,False,731
1,100,d,0.023722202187756173,0.023719787399717824,0.013469360354716433,0.020528508396015912,0.020526311255801614,0.12471183334283711,train,False,731
2,100,e,0.24885019576317904,0.24884320831401457,0.2683622274393056,0.10560791895356932,0.10560250357717568,0.2902364225043011,train,False,731
3,400,c,0.06314082342866995,0.06311514191218244,0.10568210162485776,0.04930560110777435,0.04931271051944847,0.7436334116038614,train,False,731
4,400,d,0.007192355132268893,0.007193743078176883,0.0066438296127503006,0.00767346671533879,0.007673037551436064,0.043284703792104896,train,False,731
5,400,e,0.20824546539189012,0.2066296979161958,0.3373444443627983,0.16841006573082776,0.1748660162684622,0.39826897611746775,train,False,731
0,100,c,0.13732371239646898,0.13730766478776768,0.1162099511008589,-0.03022705447910454,-0.030243371944410315,0.22473182318500767,train,False,732
1,100,d,0.029412969327612722,0.029414845286097092,0.011091525152009882,-0.012855619389826671,-0.01285647098249484,0.009373645715928606,train,False,732
2,100,e,0.17137675546683317,0.17079335465587953,0.29569179495452674,0.12108530121935332,0.12104578268452684,0.418861379468856,train,False,732
3,400,c,0.05224150706536004,0.052242963980023684,0.07318296123268202,0.036022422546008105,0.03602221468311896,0.6482926732221326,train,False,732
4,400,d,0.004053834336977875,0.004054443312386884,0.005792273262565592,-0.004468933582396488,-0.004469542736045309,0.0669878181311537,train,False,732
5,400,e,0.1553361829749312,0.1553474058902854,0.2397496561417622,0.15826240509353143,0.15825930753687786,0.3236605703679906,train,False,732
0,100,c,0.1097256795093264,0.10970658180224271,0.07373638186979468,0.03865060446196928,0.038634696527113946,0.7949524017390175,train,False,733
1,100,d,0.038835298591795055,0.022664922955131273,0.005109927211530918,0.017849174204710234,0.02111496867792974,0.11314718221200519,train,False,733
2,100,e,0.1636538080666661,0.16383195244318585,0.3060787140127504,0.15702407623580392,0.15699960549654798,0.30264095918972667,train,False,733
3,400,c,0.05771758409030596,0.057716620076062715,0.07039423127285921,0.005228402697649699,0.005206800117629484,0.5478114200095725,train,False,733
4,400,d,0.006296791072621592,0.006304430926426823,0.005771975334269863,0.0019034450496810075,0.0018959339748963267,0.10499437567645929,train,False,733
5,400,e,0.18730605350045207,0.18730904523617972,0.2832891520482552,0.15061023204213095,0.15060074205595916,0.31508444592776125,train,False,733
0,100,c,0.17088187076683908,0.1707369266772112,0.18835829135265805,0.12465696150626031,0.12457687380551591,0.5941198696434635,train,False,734
1,100,d,0.009053402188813614,0.009052857188150364,0.0063751755156297805,0.004914770714076688,0.004910981630338967,0.06058591430035566,train,False,734
2,100,e,0.2419601742710896,0.241954554688772,0.33957133044151994,0.16994898050923538,0.16994379799350973,0.34287212452048904,train,False,734
3,400,c,0.0755374161387496,0.06370978127219173,0.06105771736285427,0.10262670182672821,0.10463700415363647,0.5055220169272502,train,False,734
4,400,d,0.0046120434083377106,0.0046119283275846985,0.005401943927993061,-0.0006038129789730106,-0.0006043283413326606,0.010072722943532817,train,False,734
5,400,e,0.15846519195388034,0.15848444126830344,0.2381398299221878,0.16487768704886585,0.16486338289428218,0.33227498073193473,train,False,734
0,100,c,0.06098481815754304,0.060992842356774324,0.07016533122524718,-0.0732101571875191,-0.07321156412443991,0.5058121688612929,train,False,735
1,100,d,0.004508323575887137,0.0045075081156025635,0.0037156927142539763,0.013047944183667398,0.013046562734653905,0.06889138205323027,train,False,735
2,100,e,0.17255068527279768,0.16723145401121076,0.313667230204084,0.13144441601497842,0.13530055842803745,0.32280619642994873,train,False,735
3,400,c,0.06055030785840836,0.06050366575444237,0.0968448677261406,0.05078151693424132,0.05077289905296965,0.546905248677065,train,False,735
4,400,d,0.003924809775041931,0.003925772849861722,0.004245149185484481,0.008859885660829719,0.008859502773070318,0.07226524455338897,train,False,735
5,400,e,0.18185589267810476,0.18185218349914378,0.27570888009273903,0.1314839631474776,0.1314806154863793,0.3550494832242531,train,False,735
0,100,c,0.06509773596396375,0.06509944002358543,0.08707088264173148,-0.04166841813572639,-0.041670677327552356,0.5957512050359555,train,False,736
1,100,d,0.0031476061086207867,0.003147593296620514,0.00328631862457952,-0.01719277547898875,-0.01719333566250807,-0.01676554688354706,train,False,736
2,100,e,0.1641552384819391,0.16422222992168503,0.24169345434500797,0.03432580272714787,0.034316292350283675,0.3969615084570293,train,False,736
3,400,c,0.06649378207081416,0.06648205033133107,0.10658113692264479,0.09086968642216448,0.09084975036215027,0.35626734874608007,train,False,736
4,400,d,0.008470455002670251,0.00847045222611749,0.005150942745236029,0.0011725876492090137,0.0011725446388620143,0.1598370951655651,train,False,736
5,400,e,0.1779725961264727,0.17735425232621915,0.2395519812071649,0.14586057134030575,0.14582790036160817,0.3372681383857229,train,False,736
0,100,c,0.06182471295905583,0.06182025152539148,0.10087261998305158,0.019709081194751833,0.019644734929330953,0.46338168788543854,train,False,737
1,100,d,0.007406978544452062,0.007407053228400367,0.009655592551795364,-0.0020867421726931215,-0.0020869640422319868,0.0029066155329715393,train,False,737
2,100,e,0.19367667163138472,0.1939445825601075,0.3739052373261817,0.1479953242098517,0.1479604893477787,0.32837410675254153,train,False,737
3,400,c,0.0656337239521764,0.06568080147426389,0.08995032125192383,0.10280291506818415,0.10275341616346552,0.8776555981080341,train,False,737
4,400,d,0.005257573699620968,0.005257499428948565,0.005438287932979897,-0.003541948014033505,-0.0035419624056089918,0.08842205057374898,train,False,737
5,400,e,0.1835261201180302,0.18353112900172205,0.24782730339742506,0.16278765114124497,0.1627820115703237,0.36953160540283564,train,False,737
0,100,c,0.07858820690391641,0.07807314104405064,0.06907988646241266,0.0653486666662414,0.06534232149800247,0.7345657832376016,train,False,738
1,100,d,0.006246333107978046,0.0062465236952343505,0.004882779187482266,-0.035411900821019325,-0.03541246592071847,0.08529051939518521,train,False,738
2,100,e,0.22403234440838507,0.22403790887246736,0.26166275347093204,0.0575932761259238,0.05760001573625495,0.4605529532293717,train,False,738
3,400,c,0.056044458690186254,0.056044989550232585,0.07044815633147512,0.06338080163647639,0.06337147068261487,0.9031612692684193,train,False,738
4,400,d,0.0042928028751429755,0.004292964546694432,0.0048366860539934605,-0.010743165725164374,-0.010743563593533149,0.109006741113624,train,False,738
5,400,e,0.1645598802038274,0.16459705216582937,0.27542957399229956,0.1328153702512453,0.13280794874958268,0.3028872618780545,train,False,738
0,100,c,0.09654614494105324,0.09655747180739718,0.05182909168994923,0.09675577115520731,0.09674185674962991,0.43566066697485184,train,False,739
1,100,d,0.013760971571987746,0.01376103039364679,0.013751957512849109,-0.00632202667769084,-0.006322297608978129,0.005950919086114687,train,False,739
2,100,e,0.1940612544287794,0.19405362901877063,0.23653375762564618,0.08294060490122032,0.0829313094606594,0.4800314424949518,train,False,739
3,400,c,0.06478054996233591,0.06357557359370293,0.09002539699270887,-0.01359535342956356,-0.013857125771529297,0.4580558142179094,train,False,739
4,400,d,0.010943546692816967,0.010947053992619147,0.01028224949405293,0.012988380967578568,0.012986851003404212,0.09312399459225575,train,False,739
5,400,e,0.17586125105991104,0.1758638576665703,0.2669695962955838,0.166143375253385,0.16614070448052942,0.30268548917113336,train,False,739
0,100,c,0.05300899427876163,0.053008478254951114,0.06623912569776592,0.03166442468525091,0.03166037133179444,0.42983463917134984,train,False,740
1,100,d,0.0032241633060104352,0.003244751696118199,0.0032943525417401215,0.011627667937111034,0.011620162706820843,0.053476210096834204,train,False,740
2,100,e,0.220065893875717,0.22006955959620203,0.24614988287451978,0.0865846958907283,0.08657463122241175,0.3155638788623972,train,False,740
3,400,c,0.08022855348549207,0.08029097083418713,0.07903692715052753,0.05994586546155354,0.05989565929927366,0.4580731371191631,train,False,740
4,400,d,0.003763088321209289,0.0037631758169947814,0.0054043971584809706,0.0018227090108888077,0.0018224686727257478,0.05531788742601128,train,False,740
5,400,e,0.1860024501517593,0.18599319684109336,0.2715823624141829,0.1606119728918485,0.16059724566613892,0.3456231241293095,train,False,740
0,100,c,0.0855540315058907,0.08122927456262065,0.07683034969986313,0.017190345105900066,0.016668954495959128,0.7913552622997904,train,False,741
1,100,d,0.0035184176247069886,0.0035185125070551024,0.003851580768593635,-0.0004171678648863342,-0.0004173771932157244,0.02114045409156997,train,False,741
2,100,e,0.22446726755189989,0.22458615723347058,0.2696320938774539,0.10746752641034128,0.11178529323864127,0.3292739199961529,train,False,741
3,400,c,0.07133842344826592,0.08801192863805218,0.08209593167811385,0.08236905765547235,0.07411271815094424,0.7387385452028699,train,False,741
4,400,d,0.006637994811544933,0.027253951515576084,0.011920496506158814,0.0271184387089761,0.004524017584302343,0.18661071192214712,train,False,741
5,400,e,0.2110364257521594,0.2103668436107259,0.27147395677780994,0.1392597382636442,0.13921949761572777,0.3340767353649939,train,False,741
0,100,c,0.09678372517904371,0.09699554103254421,0.08762083879513416,-0.007365118199896301,-0.007372245481889764,0.7954777859992374,train,False,742
1,100,d,0.0049407023138289055,0.0049377470611316485,0.00469548890961056,-0.005640617144042537,-0.005635218722056763,0.04380106260588437,train,False,742
2,100,e,0.20931203780853355,0.21650622965086455,0.268665217322985,0.11471251128834407,0.1147772571404293,0.33479241533679205,train,False,742
3,400,c,0.05994887908624807,0.05993172025732245,0.08217438220521203,0.024629419067870587,0.024571735556108722,0.6469901010933816,train,False,742
4,400,d,0.00812553894028344,0.008144206030210611,0.006643626671727531,0.008721575182333812,0.008717596280609375,0.015375445066790849,train,False,742
5,400,e,0.1814490838671022,0.18197742279041268,0.2537094555615303,0.14722569926563842,0.14726180951040838,0.3268242574540242,train,False,742
0,100,c,0.07898412245218989,0.08008023487834716,0.1425909820682592,-0.09014401296276603,-0.09011311592228807,0.30253607728678894,train,False,743
1,100,d,0.023313392733379096,0.023297003156158326,0.015683089150782863,0.00538872410370967,0.005386757691305473,0.024082812516310188,train,False,743
2,100,e,0.18966967103077753,0.18969059624864992,0.25574356317404395,0.10631377936952582,0.10632538024650608,0.3165928656388281,train,False,743
3,400,c,0.053252719047250395,0.053252005839820565,0.07749915616913203,0.02180075085557455,0.0218008306799414,0.739872948155872,train,False,743
4,400,d,0.005338734903121867,0.005340506783921084,0.004650670934317197,0.0010658371658736955,0.0010649405309606764,0.03053267590539331,train,False,743
5,400,e,0.17732184441998425,0.1773312421179189,0.2424951094598512,0.18225280807330826,0.18224621514711536,0.3390133865547893,train,False,743
0,100,c,0.12173736537337704,0.12133898016153219,0.0998714188920157,0.10271565416631916,0.10271120677756017,0.48355074839660306,train,False,744
1,100,d,0.019675255089704996,0.019694575525933528,0.01587364478838979,0.008617894468545337,0.008616110741884384,0.04619630691990746,train,False,744
2,100,e,0.2549664567663053,0.2549665447619296,0.2952652083536392,0.16218297191423087,0.1621742611441275,0.33177208140892545,train,False,744
3,400,c,0.05624756378865106,0.05627832470264302,0.07915187542775538,0.05242167723618238,0.052364253692394204,0.4439900688305139,train,False,744
4,400,d,0.010726484001835866,0.010726537636011158,0.01129164730581541,-0.006058833786953884,-0.0060592921334562885,0.00018741479121619164,train,False,744
5,400,e,0.17156913557648784,0.17149660823071236,0.2438255742259599,0.15571660801525866,0.15570907309396576,0.3027166455468995,train,False,744
0,100,c,0.16629167697320224,0.16629482818275718,0.08627545577869045,0.005176102234369324,0.005167150456270448,0.40844863546380666,train,False,745
1,100,d,0.009476790951282102,0.009475854396048068,0.012893569400069742,-0.0026338900032118317,-0.0026334852293113543,0.020229680008624965,train,False,745
2,100,e,0.24361509909180357,0.2416257500416798,0.3657693973226865,0.18353479825975272,0.18349358178380798,0.3564594311985994,train,False,745
3,400,c,0.06596455787821165,0.0659954209893503,0.07017194281337122,-0.05445035673460914,-0.05445932051807681,0.3989875469795605,train,False,745
4,400,d,0.0047053201902199256,0.004721198750985624,0.005162707174281097,-0.010528834415652603,-0.01053927213081007,0.006725979174013332,train,False,745
5,400,e,0.17223308362492953,0.17224742878226,0.2511414700440089,0.15621029300316253,0.15619988964343948,0.5143376205671577,train,False,745
0,100,c,0.17996711057295503,0.1754296054869844,0.14407141015205582,0.13660125929098826,0.13645370694307715,0.8656008042654704,train,False,746
1,100,d,0.013271441128804972,0.0132721061508917,0.009437605435337447,0.023054206231579857,0.023052816717341145,0.061963354432249707,train,False,746
2,100,e,0.2879780979849732,0.2879887471045702,0.3648861918174438,0.10348856248636662,0.10347538077479423,0.4582487100171675,train,False,746
3,400,c,0.05127946564744265,0.05128958733753441,0.06964872942762583,0.0841079750956397,0.08410372879795482,0.4351315389437856,train,False,746
4,400,d,0.0059528559882002785,0.005958670230276045,0.007380122973525161,0.001391505994743163,0.0013894591853648563,0.06760903794987548,train,False,746
5,400,e,0.17736091868487905,0.17893980572020818,0.28171119065934624,0.15665866183843036,0.162598371863769,0.2997704419250512,train,False,746
0,100,c,0.062353143493200695,0.062377678856937374,0.08103223964281016,0.01902821015356672,0.019009642369381227,0.6602065854375807,train,False,747
1,100,d,0.0068512695954143134,0.006852232680718928,0.0063629362526497505,0.0010307665158463663,0.0010302232151882152,0.009591804004800829,train,False,747
2,100,e,0.21873583196916652,0.22133156495907108,0.37151214573289254,0.12476603541742712,0.1392547135539926,0.3283416609165336,train,False,747
3,400,c,0.05175528619280663,0.05175558472712281,0.07558767881924915,0.018321275973032913,0.018323932828438246,0.9006649077699193,train,False,747
4,400,d,0.019378805047558182,0.0195142747345865,0.014075714230363204,0.004887266033690576,0.004877598665793297,0.1013610422280778,train,False,747
5,400,e,0.1769206313004458,0.17704673282779904,0.24669721427998176,0.15765856761795305,0.157651282883484,0.3199312155825233,train,False,747
0,100,c,0.09290809116704833,0.09290107819181209,0.09368399677345933,0.08178270492147562,0.08176240592999819,0.7652512584180036,train,False,748
1,100,d,0.009699407131854805,0.009700664561653562,0.006648504982427667,-0.0038307162453386214,-0.0038320251242484815,0.0011055641669453565,train,False,748
2,100,e,0.16717273566320368,0.16715237182188647,0.28887957358175415,0.15381858222346226,0.15383405613870452,0.30030263122924206,train,False,748
3,400,c,0.053934621553953205,0.0666969706638185,0.07685304749360396,0.008535074666916742,0.005105622868588569,0.8301355968338546,train,False,748
4,400,d,0.014297685402283484,0.014279911568792911,0.0061788169809665104,0.0006688388988918703,0.0006620109538910768,0.14646939154409672,train,False,748
5,400,e,0.16727189905409134,0.1672482312973434,0.2824595367332232,0.16137460362644138,0.161368096687298,0.3150161467923054,train,False,748
0,100,c,0.05914784799430015,0.059143799211956935,0.0873600344561746,-0.031563346175169614,-0.03156682283606749,0.19242658945104282,train,False,749
1,100,d,0.004571882393762981,0.004463905783112472,0.007062427181263814,-0.03296016191508464,-0.033034656868891135,0.017934490264272077,train,False,749
2,100,e,0.1560978814085237,0.15608933094202698,0.20764617817462963,0.13631063050217393,0.13630246759071987,0.30768287719023674,train,False,749
3,400,c,0.06226353698944331,0.07519965853891653,0.08716431404490771,0.02572984387659389,0.022158328676021667,0.7241736641401536,train,False,749
4,400,d,0.007212011275530164,0.007211306559263779,0.006709796637597859,0.008298720763946896,0.008297972035050697,0.049818342262127474,train,False,749
5,400,e,0.19724287636439952,0.1984630986768525,0.31705370177704384,0.18157275059630923,0.1829260626119569,0.29928611385403925,train,False,749
0,100,c,0.0670850513369837,0.06708829804377411,0.10932738000452895,-0.0332220159879644,-0.03322404162396772,0.676205917673645,train,False,750
1,100,d,0.006979171318744249,0.006978325415609805,0.006954142837445264,0.014195032595851434,0.01419488208147829,0.05793431729533602,train,False,750
2,100,e,0.1785423085480809,0.17852718816439897,0.22486092318860812,0.13567001275361,0.1356643330845458,0.3236795145222132,train,False,750
3,400,c,0.05871834011590882,0.05872329798027161,0.07490233159744795,0.05648124534985612,0.05648704865117466,0.5718336705406487,train,False,750
4,400,d,0.005767436524860865,0.005767570079076343,0.00710405942888921,-0.005920045180331854,-0.005920440412597578,0.07062352868054944,train,False,750
5,400,e,0.16077747381762023,0.16078198278801,0.24015491002150552,0.1744238923611315,0.17441949101917856,0.39873884548080235,train,False,750
0,100,c,0.052466207413536504,0.052466721748280626,0.08331623686959891,0.05380100494158107,0.05380017245194488,0.8397232132832323,train,False,751
1,100,d,0.008617526181654914,0.008627318740621918,0.00493104676267709,-0.014099027045189613,-0.014100763812899543,0.00042120891525797787,train,False,751
2,100,e,0.19588691591351623,0.19589222647121204,0.26235783530276297,0.13567023737883432,0.1356634124783379,0.41994735563963587,train,False,751
3,400,c,0.07949636666801188,0.07943862643120574,0.09954415057673653,0.07835389632905247,0.07835268532887213,0.645652560104491,train,False,751
4,400,d,0.0066318137111334744,0.006629411327965289,0.006316081152927358,0.004936383723617314,0.004935080121967044,0.05362054507899444,train,False,751
5,400,e,0.1670090319808658,0.1654681716990023,0.25154088876969877,0.1269901303684104,0.13294083311775723,0.3095038045184516,train,False,751
0,100,c,0.06551817300386327,0.06551941579815931,0.1153403310061124,-0.031066673880690274,-0.031074345278175743,0.5168533126660749,train,False,752
1,100,d,0.004418759051499761,0.004416644294878761,0.004022330583482694,-0.005014522020744678,-0.0050218066640726105,0.044410006639221816,train,False,752
2,100,e,0.2050556911415783,0.20540212450930756,0.18932569731535867,0.0758814867165603,0.07502328443313261,0.2886087492612896,train,False,752
3,400,c,0.050925720811742424,0.05092145188202687,0.0801788566008599,0.06757178409673366,0.06758295824605597,0.6475886153271836,train,False,752
4,400,d,0.0051012631661921885,0.005101826997446842,0.0046192575557495045,-1.3140243325047151e-05,-1.395259578519159e-05,0.02056098670753821,train,False,752
5,400,e,0.18105239060139183,0.1810896155176084,0.2725205980808861,0.14608887694769285,0.14607931693891713,0.3582356663966465,train,False,752
0,100,c,0.13762911974106076,0.0928767741966432,0.057264899640833374,0.0982732066672726,0.1108683505944974,0.6059066287822265,train,False,753
1,100,d,0.02154768169242256,0.021568043908766966,0.005734785801503324,0.00974734830833567,0.009745970898692153,0.13392568070862743,train,False,753
2,100,e,0.23348135250960286,0.2334914460891796,0.2459075427019315,0.12159949224652138,0.12158353825975027,0.379060585389309,train,False,753
3,400,c,0.06653634141434729,0.06653900967786651,0.09292557202859647,0.11184670686155129,0.11183520529860289,0.7179035647161277,train,False,753
4,400,d,0.0079112987143628,0.007911740636546118,0.006839344145412105,0.012042559962234965,0.012041962293417753,0.05919619278952947,train,False,753
5,400,e,0.17077507740510664,0.1707707809193295,0.24312520695410156,0.15790072686767062,0.15789175691000146,0.33523485838796674,train,False,753
0,100,c,0.058703388255826924,0.059307307248599776,0.07189175219076165,-0.0027240504299245317,-0.0029327993381427575,0.8901587948616361,train,False,754
1,100,d,0.017749763151559034,0.017749676092549946,0.02134825846382121,-0.03661841559741655,-0.0366190073046384,-0.03480954884607522,train,False,754
2,100,e,0.14948599745497135,0.14950639830114715,0.1642418157785319,0.08319989384077868,0.08319088935056304,0.3208128702036966,train,False,754
3,400,c,0.05062275782964748,0.0506229874077033,0.0806021972808486,0.03684162795178608,0.03683656111712132,0.6966686869358805,train,False,754
4,400,d,0.007624107944472171,0.007624164159802383,0.00834299784810692,0.006182375725529976,0.0061821687177518216,0.03468973775939114,train,False,754
5,400,e,0.19290661693583508,0.19304799432672556,0.27438201033179266,0.152573029726148,0.15246483085882223,0.3666450430117814,train,False,754
0,100,c,0.07047602263288752,0.0704466422116273,0.08771202497560936,-0.11302028196321942,-0.11300604084205147,0.6061641901230629,train,False,755
1,100,d,0.0032951973703211164,0.0032951591868193297,0.004561115574370263,-0.002355014006580607,-0.002355190337881101,0.00637347971439377,train,False,755
2,100,e,0.15653238566832892,0.16796472099777407,0.2268605393661732,0.1245654576586215,0.13902297939492148,0.28066425060880706,train,False,755
3,400,c,0.056546090895468,0.056502852451158575,0.0646373139626666,0.03740083728904679,0.03740621061429458,0.462758499639267,train,False,755
4,400,d,0.004880679475213208,0.004880530803175065,0.006106304924525559,0.00956626805196951,0.009566293181997096,0.03911039787197309,train,False,755
5,400,e,0.22221213682853974,0.22220760030481618,0.26291582088660875,0.15880243680280082,0.15879671965859893,0.3645713810564131,train,False,755
0,100,c,0.059741560517921705,0.05973379344517144,0.09560342184554319,-0.005404055312285934,-0.0054133447928014534,0.27125935331100365,train,False,756
1,100,d,0.011054418560389736,0.011054138524771249,0.015461670419278156,0.021821414565555024,0.021821209968071322,0.09527206869993605,train,False,756
2,100,e,0.2989216636203716,0.29877158687716593,0.33314090058976314,0.17673202429207951,0.17675122498426102,0.27685958218501605,train,False,756
3,400,c,0.09496635063243211,0.09485679457713987,0.08548667980839714,0.08063219633878681,0.08062924182333049,0.45438297148303297,train,False,756
4,400,d,0.007403485161089563,0.00740347044068617,0.008069066544820928,0.005676176460872427,0.00567592927345542,0.047639577034366665,train,False,756
5,400,e,0.20486876769642773,0.20493632221972027,0.2975545783195392,0.1605273833446881,0.16052323259142018,0.32963802438267087,train,False,756
0,100,c,0.0458149851953957,0.045813142675229346,0.08715400471916665,0.008730298535374886,0.008724604866810353,0.45031617726728457,train,False,757
1,100,d,0.008626580985932594,0.008636553549144547,0.005095104898770027,-0.025159168927759,-0.02516142980086343,-0.010732278440804457,train,False,757
2,100,e,0.23876094559313787,0.23887852069198318,0.25556655106093773,0.10798290993889559,0.10797049276665846,0.33948704905694416,train,False,757
3,400,c,0.060720042308500546,0.06074340900020191,0.08404541972584824,0.08568295698007461,0.08568847600167331,0.7530676759050072,train,False,757
4,400,d,0.00753753322365716,0.007537499334039049,0.007449053735207957,0.008627436463059865,0.008627321400492516,0.05683420988434031,train,False,757
5,400,e,0.1803455842146332,0.18032039847574705,0.27663334961948527,0.16005536231673723,0.16005212524986306,0.41508249957372434,train,False,757
0,100,c,0.0776818325928056,0.18505160862393058,0.09740015622232566,0.045639107577157535,-0.008510584933899423,0.6442159885266828,train,False,758
1,100,d,0.030095972459771723,0.03010309128130907,0.00970774639676891,0.03214633355796735,0.03214467431390567,0.05064402075325278,train,False,758
2,100,e,0.2652089943554692,0.2720484421688,0.36910543710952304,0.11343119966404991,0.11200558340338447,0.26020347494063756,train,False,758
3,400,c,0.09274206158395108,0.09289755110692269,0.07513311561583717,0.004198816989368837,0.004152827222516677,1.2437886699174105,train,False,758
4,400,d,0.00857442643193115,0.008577170416182684,0.00838324945026406,-0.0032840193478603473,-0.0032891750020155185,0.0017806002771194507,train,False,758
5,400,e,0.2199573522583139,0.2198660427685032,0.29064478742899125,0.16771504275678975,0.16770226651110104,0.31683288347244465,train,False,758
0,100,c,0.09061907957672942,0.09061723410605635,0.09510931927219562,0.09030588265074314,0.09030429258976014,0.39171621740400187,train,False,759
1,100,d,0.010653940112011762,0.010659160232303707,0.009781950515208476,0.007544057214767524,0.007542218834394614,0.00933736129904089,train,False,759
2,100,e,0.1942093126059612,0.1941955265411824,0.26256681903510903,0.1353238626233324,0.1353182891001466,0.2872211810017868,train,False,759
3,400,c,0.053218581745727155,0.053232125596057125,0.07467764601446633,0.05642372052532281,0.05636125734502173,0.5299585221312043,train,False,759
4,400,d,0.0062947921079629125,0.006274923703445311,0.006857805246030271,-0.00027087725940369014,-0.000287445401735269,0.0008983086436222365,train,False,759
5,400,e,0.18169105909890823,0.1815810511574112,0.2749192271216499,0.15706873486892428,0.15707269672479343,0.3401919049944777,train,False,759
0,100,c,0.049005709426578184,0.04901710623581507,0.07653218319917451,0.06991176306976797,0.06986829688865129,0.8745580338227045,train,False,760
1,100,d,0.0052162277379499255,0.005215702512959205,0.006318596552358929,-0.007491876284898549,-0.007492020200342431,0.003081216410761396,train,False,760
2,100,e,0.20045889763690614,0.20045983728750108,0.24209363420674823,0.11057370814389686,0.11056445056978924,0.3494395406108508,train,False,760
3,400,c,0.05191909971221996,0.05190933299280103,0.06927502148762284,0.06736658398220932,0.06731364000061596,0.675866773524036,train,False,760
4,400,d,0.005654134256560096,0.005665162405036561,0.008143167052192637,0.005975552388464394,0.005972092262569593,0.048633270621943045,train,False,760
5,400,e,0.17383775450018019,0.1738275035599672,0.26260228178872635,0.15228526824179425,0.1522790635557155,0.3335142505059862,train,False,760
0,100,c,0.05927747528067872,0.05936692112623488,0.06491849506593814,0.0102723611507178,0.010221120879489832,0.5465533108098265,train,False,761
1,100,d,0.005597091387459457,0.005592813503400538,0.0051271348417784145,-0.01507020244051237,-0.015069645403132164,0.010759816016749574,train,False,761
2,100,e,0.19587936513483536,0.19586828282568436,0.31911856987373804,0.13425045031372307,0.1342435077174045,0.3253712232925789,train,False,761
3,400,c,0.05057217073434751,0.05057273711796022,0.07247026200815296,0.014945404094708223,0.014942326157926261,1.0026260092236636,train,False,761
4,400,d,0.0053184435390641735,0.0053182039079883725,0.007452115631125538,0.005296510759985189,0.005296132324507514,0.07989590996915702,train,False,761
5,400,e,0.18272928163322047,0.18273620724812553,0.23927084663099027,0.14190604757521677,0.14189562794098,0.28168484924682846,train,False,761
0,100,c,0.04322103006950874,0.043168983971358085,0.05585045503986188,-0.008810010888949052,-0.008840785996552114,0.4438888269202087,train,False,762
1,100,d,0.02011203085242757,0.020111546739698994,0.011712714170225935,-0.009495301941552743,-0.00949508170712992,0.13396886431508243,train,False,762
2,100,e,0.21935169820121225,0.21863897833308094,0.31285632803164676,0.12539590974005815,0.1254284416809797,0.39939878615611774,train,False,762
3,400,c,0.05724489810411312,0.05726366375462077,0.12078256457974482,0.047084708108800374,0.047077576956218295,0.7805584507329135,train,False,762
4,400,d,0.006137823793446857,0.006137642812812011,0.007443449811003787,0.0021490883797977743,0.0021487586562609095,0.06237849903801898,train,False,762
5,400,e,0.16494876710319986,0.16495887405522405,0.24659518151681975,0.15128662569824086,0.15128011912612357,0.34212039907035946,train,False,762
0,100,c,0.080012660964171,0.08004167750752558,0.08006746626229401,0.09045423743695671,0.09040156712402812,1.1245346867178694,train,False,763
1,100,d,0.0061382159163767165,0.006138841604338568,0.009608607027205373,-0.029597039742504664,-0.02959743245445379,-0.029276013239908263,train,False,763
2,100,e,0.18819220087502259,0.18712298136016522,0.22707880756471052,0.09961402648781104,0.09951693888301648,0.3338293432117822,train,False,763
3,400,c,0.07386306554931048,0.0738840957679897,0.09133035253914855,0.10032752974284315,0.10030118777228943,0.7874841689428824,train,False,763
4,400,d,0.004119162953795017,0.004119270252928935,0.004411572612189065,-0.0005696900281314399,-0.000569978811230687,0.029829774963017287,train,False,763
5,400,e,0.1582627561890152,0.15901820338694408,0.22651730199432138,0.166946475446034,0.16689988371834028,0.32853726252927573,train,False,763
0,100,c,0.10629970734960624,0.10623427585897666,0.10050475497328164,0.027489282211774865,0.02750313401520323,0.9469773930235196,train,False,764
1,100,d,0.02136440196259557,0.021357456652459382,0.004900237140488122,0.009389285924636948,0.009388262671888654,0.11561389549403785,train,False,764
2,100,e,0.22024168617071208,0.2202573351067759,0.3018416160980933,0.12211450237780075,0.1221091638389765,0.2614594221454867,train,False,764
3,400,c,0.06221227785991288,0.062181914316233836,0.06751087944826524,0.026602326654490655,0.02652384345274321,1.059891705331788,train,False,764
4,400,d,0.0036977235510309726,0.003697988771136842,0.003092116001132076,0.0003654130353935514,0.0003650562970715399,0.049910421308076124,train,False,764
5,400,e,0.16898341571918443,0.16997403784249687,0.2770534158085156,0.16063815043856802,0.16079796437969068,0.32962259991392534,train,False,764
0,100,c,0.058357030791413106,0.058429546935475425,0.07099907403110509,-0.09347425821375346,-0.09351292876918357,0.14503580795699983,train,False,765
1,100,d,0.006749567324287122,0.0065956866156892035,0.004654676883637232,-0.005106330646853934,-0.004941618562229237,0.09653141218124826,train,False,765
2,100,e,0.20428119034274364,0.20390768602824438,0.35779987415091674,0.12124805168434226,0.12122872939067687,0.37962149311675,train,False,765
3,400,c,0.06128946881650538,0.06128653864274229,0.09841326731604366,0.011374734344641908,0.011376244763451879,0.7001721198066276,train,False,765
4,400,d,0.006828704852292249,0.006834635760471288,0.005243536973536748,-0.014014515819535127,-0.014017223633439642,0.027679692003252966,train,False,765
5,400,e,0.15127866646052646,0.1692440861756013,0.26275629695523056,0.13806983097548844,0.1432565834100336,0.33199939814192736,train,False,765
0,100,c,0.07136005616534173,0.07136263712171932,0.11387815402525128,0.004456327757580283,0.004452298142107338,0.18126067939131757,train,False,766
1,100,d,0.026773317689038262,0.02677580090754777,0.013741905900049754,0.009434732096973627,0.009434181670172207,0.031344339459290875,train,False,766
2,100,e,0.20788736891600393,0.2080302519584335,0.1883273908747061,0.11025509035673593,0.11025730512095593,0.33606658788737165,train,False,766
3,400,c,0.05148361385299594,0.051483462842341635,0.07528992522373806,0.02614908773574065,0.026170935942970177,0.7428549190675473,train,False,766
4,400,d,0.005228329183296998,0.005227882122635763,0.005479696146701965,0.0018831127642011936,0.0018829729874192758,0.04087324340248968,train,False,766
5,400,e,0.175564931435296,0.17556987746224903,0.2475077078790061,0.17694935172042878,0.17693905228405046,0.32584811646739836,train,False,766
0,100,c,0.074873162664792,0.07487560525508939,0.09716550448560377,0.015879765978211537,0.01587865841327272,0.23728369070081057,train,False,767
1,100,d,0.01152493821889502,0.011525527774743671,0.005800766228308234,0.01653445145129105,0.016533047169031576,0.06397777228819315,train,False,767
2,100,e,0.2739985775066322,0.2739102579210492,0.3425169178587452,0.1406399159795636,0.14062507899326335,0.3029760836251312,train,False,767
3,400,c,0.05236660073090088,0.06692696373149004,0.07791790525835285,0.023434603156955093,0.01657368276581835,0.7281028817198165,train,False,767
4,400,d,0.0041335404809303535,0.00578373648437749,0.005336875716211564,-0.00489084173288493,-0.006084436218744571,0.05297490527700863,train,False,767
5,400,e,0.17563926230825186,0.17562789633109982,0.27282712665550224,0.16513011967069716,0.16512403681420865,0.32544621206926067,train,False,767
0,100,c,0.0897006171344554,0.08959163295495552,0.08160626122707472,0.040048606841316926,0.0400526223751644,0.984651765385352,train,False,768
1,100,d,0.0074910473296870075,0.007415983527214231,0.009769547397369882,-0.00501286897924512,-0.005014456904755012,-0.004704551844686584,train,False,768
2,100,e,0.24025594473800424,0.2401162268971477,0.4158609665215295,0.17585045584320014,0.17585201755703941,0.3037683944723314,train,False,768
3,400,c,0.06612720285506599,0.06611331986654274,0.09180281705657559,0.029024674300088833,0.02901680939617343,0.36503532626899426,train,False,768
4,400,d,0.004743378504892602,0.004734438800731571,0.005618812635627336,0.005681227611165305,0.00568007153790715,0.03970862034337785,train,False,768
5,400,e,0.1763131618060092,0.17573278103663037,0.22218433465256346,0.16464596851053223,0.16407765308383035,0.31054470829351694,train,False,768
0,100,c,0.062308583880430216,0.06230801277087448,0.06287025507517444,-0.08522112623308736,-0.08522243271573274,0.3151900445508836,train,False,769
1,100,d,0.004964200862813363,0.004964021833411338,0.006328533968322031,-0.0067696615635825805,-0.006769684746378282,0.026304231886670682,train,False,769
2,100,e,0.15596193909923323,0.15614535422541537,0.2631341720797217,0.1606954663116005,0.1608470368328689,0.29273352920295015,train,False,769
3,400,c,0.07051483307220158,0.07044954374609376,0.06576238608653714,0.04335006804622829,0.043335370208530365,0.7241806616441951,train,False,769
4,400,d,0.005638835154526562,0.00563884474918793,0.005499808545817924,-0.00038272641279137433,-0.0003828926738391303,0.071671072828216,train,False,769
5,400,e,0.17587017577320804,0.1758549158712255,0.2707274428468872,0.16041702142409797,0.16040513577632923,0.2913592250025541,train,False,769
0,100,c,0.07080783211812143,0.0708034202274848,0.10490183130747976,-0.019077302760968848,-0.0190762568523661,0.947662998794802,train,False,770
1,100,d,0.0070648357607760144,0.007064877221838422,0.007118204634926362,-0.026268021344687132,-0.026268411448603004,0.016251061366510874,train,False,770
2,100,e,0.2028484585848171,0.20285619160932516,0.2578983764918368,0.07571820380047012,0.07571523201721438,0.41800061888615814,train,False,770
3,400,c,0.06250437575888534,0.062497952341210965,0.07323337633401399,0.0657060429520284,0.06569899490963117,0.45154762283916716,train,False,770
4,400,d,0.006872842192842018,0.007038489796769811,0.0054562143744810755,-0.0022624945255477515,-0.0023107208331535566,0.06005894787910655,train,False,770
5,400,e,0.18393339863124447,0.18393726107490452,0.2629402524879143,0.16118052703235566,0.1611702960342539,0.34684577975219694,train,False,770
0,100,c,0.09211792851629928,0.09209484055401088,0.0816139506245846,0.11949574438326167,0.11948760043106703,0.6770525671688864,train,False,771
1,100,d,0.011563675525356386,0.011565949745839355,0.013230462141172244,0.007791082891204138,0.007790374064847061,0.047871464266559194,train,False,771
2,100,e,0.20952634387532662,0.2137514710637798,0.2623792080600038,0.14381232859679208,0.14475175529260903,0.3273096809023739,train,False,771
3,400,c,0.08852452260382675,0.08853767475404264,0.11872145200164383,-0.0005149436630464521,-0.0005200885576328318,0.8946881165693492,train,False,771
4,400,d,0.005354530052496643,0.006968632534558355,0.005522130982525711,-0.003173469609516051,-0.0036517536766902305,0.06748751257367985,train,False,771
5,400,e,0.15886196321495835,0.15853954228625528,0.2130011434725533,0.11821996230004538,0.11818493252915971,0.3805435672308502,train,False,771
0,100,c,0.07263624864881008,0.07264825872892358,0.06842990886574904,-0.027070615853172768,-0.02711694544675204,0.8381470155872011,train,False,772
1,100,d,0.0023333423572340583,0.0023333690742300354,0.0030897369906993464,-0.01920615515350285,-0.019206447564487802,0.023675903405611987,train,False,772
2,100,e,0.17283947451734932,0.17283053829540762,0.20260625325104845,0.07547151326460622,0.07546718102523783,0.43901374731427184,train,False,772
3,400,c,0.061219962571857044,0.06097562320403446,0.08367750254841112,0.04945717819131723,0.049431777850142425,0.9282583708459086,train,False,772
4,400,d,0.0031028723420163705,0.0031029509359979035,0.0035040463816187277,-0.0008851666692185489,-0.0008855739394921613,0.016447946748421476,train,False,772
5,400,e,0.15247976543865402,0.152218928696451,0.21407246219856624,0.12129728239775588,0.12125562623640924,0.38947436736535734,train,False,772
0,100,c,0.05665924963211695,0.05654912159560011,0.12905578601968848,0.0343972032412222,0.034389248386702674,0.4660079060491969,train,False,773
1,100,d,0.022962341742664913,0.022961049884062064,0.018796221370352865,0.04528006381533373,0.04527862507463727,0.1075242128487221,train,False,773
2,100,e,0.21085400536636262,0.21089764824939536,0.30341844924723477,0.1536271139829929,0.15362183990083908,0.2841177494424791,train,False,773
3,400,c,0.05469749206600269,0.054816397246642286,0.07537227967034187,0.08562285753473887,0.08554832256117834,0.5737321719152556,train,False,773
4,400,d,0.005040186538003076,0.006628676256753983,0.00641866259229792,-0.009817942226758022,-0.010700875366702415,0.03942423647718508,train,False,773
5,400,e,0.1992620604190992,0.19929998803875343,0.2555096781345458,0.1420273109350199,0.14202413714894388,0.3224606475852381,train,False,773
0,100,c,0.13059159861719752,0.13053913696481192,0.10604736660454644,-0.039066302051888185,-0.03906952458658715,1.3867998286916607,train,False,774
1,100,d,0.005788272928209424,0.005788378799308879,0.0040795385808788335,-0.02323279075640576,-0.02323312690798632,0.0015924530427016493,train,False,774
2,100,e,0.17285555936467956,0.17286080075485952,0.2777769037589598,0.12090465442913008,0.12090143089771666,0.6374304580750028,train,False,774
3,400,c,0.05312206652986079,0.0964101671419723,0.09192710509225037,0.033673323147768955,0.009869558520764344,1.131946281706492,train,False,774
4,400,d,0.0034074420908849295,0.0037225579969542687,0.004081052728085254,-0.016061187884353192,-0.01628074193508638,-0.006486784099524794,train,False,774
5,400,e,0.14870220316128263,0.14884606630015246,0.24140678136765217,0.15113347983347994,0.151147643377382,0.3389281685197453,train,False,774
0,100,c,0.054867164211044914,0.05486826891181631,0.06696529504608884,0.09818777202429126,0.09818469370150211,0.5407242196806902,train,False,775
1,100,d,0.008718216508086775,0.008718537871806207,0.006024615077739339,-0.0025680338341864052,-0.0025683184265696468,0.2495096226201104,train,False,775
2,100,e,0.1651377461715201,0.16513202807262836,0.23228712137479846,0.14722995181939807,0.14721817364842862,0.3279126445162005,train,False,775
3,400,c,0.05973565408729367,0.05972311898356569,0.08970822460638173,0.03296571422632624,0.0329566399004159,0.5090303298304483,train,False,775
4,400,d,0.012208092287087089,0.012213770031568634,0.00990448148036057,-0.005055846287044847,-0.0050580367938720455,0.01677071094089779,train,False,775
5,400,e,0.17929973110977332,0.17928326721520388,0.2536832418873287,0.1681423913266023,0.1681343932004739,0.2849981485676092,train,False,775
0,100,c,0.08153657703728338,0.08151978230802082,0.0659544866098432,0.07768301039802467,0.07769641887857852,1.0554112776338433,train,False,776
1,100,d,0.006736815201977636,0.006736891019430584,0.009650858212540504,-0.02927793766261118,-0.029278327127089446,0.006391664117284517,train,False,776
2,100,e,0.18343901988057784,0.18342233210935485,0.206618528852837,0.11347931485748433,0.1134716919553533,0.3704938783512346,train,False,776
3,400,c,0.06790489096149806,0.06792160755109979,0.07723447530583687,0.08077908567478793,0.08076453606769228,1.034672064059847,train,False,776
4,400,d,0.00439002769976986,0.004390152274662806,0.0037605832049104637,0.0008135489187409207,0.0008133004221174467,0.0025213783381466113,train,False,776
5,400,e,0.18057749365607356,0.1805738103518251,0.2422668252364298,0.16022732924745767,0.16021778107369763,0.5226542742237261,train,False,776
0,100,c,0.06368888086167375,0.06368848173313517,0.06443007566291224,-0.03550105014860499,-0.035522166424527914,0.4268074065723006,train,False,777
1,100,d,0.006965134124879114,0.006964841053385795,0.006537280685066631,0.02203682575423665,0.02203672639872979,0.060540345064023615,train,False,777
2,100,e,0.16924154200602737,0.16902504973366933,0.26045306513695804,0.1180097981893627,0.11800600434959492,0.35536899607422273,train,False,777
3,400,c,0.053672270925265296,0.053672487165817254,0.06389956702092237,0.047590512731141746,0.04758944717281615,0.9501678957279286,train,False,777
4,400,d,0.004335290813166876,0.004369851188189435,0.004417918707744984,0.009345454804599581,0.009358519558434643,0.11309712888480263,train,False,777
5,400,e,0.1987368711614961,0.19814182925652982,0.3101891233410917,0.17857618308633316,0.17841836446307294,0.34759628332633197,train,False,777
0,100,c,0.06509671081052203,0.06513792931240697,0.09915551521664932,0.07031353879590682,0.0703188170672054,0.2741494005042903,train,False,778
1,100,d,0.01652328521731544,0.01652322592330074,0.01750375872888635,-0.03143977654903114,-0.03144019695931654,-0.031152401870000138,train,False,778
2,100,e,0.20471290497656539,0.20470197634447637,0.20003762224297927,0.14888027884528826,0.14887429975730265,0.4643456433417712,train,False,778
3,400,c,0.054390546132533336,0.05439013689859169,0.06455578602901203,0.03591427871468298,0.03591124196276518,0.548278573484825,train,False,778
4,400,d,0.005166342164139292,0.0051660988238320625,0.005881491331748859,0.0028617785401521623,0.002861902264605547,0.07939314046006189,train,False,778
5,400,e,0.1950826513182066,0.19507663975155043,0.31895777169265005,0.17824203377492495,0.17823449037893851,0.3089305751349847,train,False,778
0,100,c,0.08447906702448664,0.08450595950787317,0.06599651982666893,0.06351140422100564,0.06351209921579652,0.8643047890782702,train,False,779
1,100,d,0.005417628120603982,0.005417561628141117,0.005129450272264251,-0.00213661233511143,-0.002138541629454096,0.018448691033083796,train,False,779
2,100,e,0.1818289534075714,0.18184254438651382,0.2851967410025936,0.11279004898572595,0.11277837110741225,0.3479605958789155,train,False,779
3,400,c,0.07688098852441948,0.07687164986027074,0.08888415529928455,0.10709493673249383,0.107086756598938,0.9021997317609961,train,False,779
4,400,d,0.004937401967107849,0.004937436283592249,0.005609266948073165,-0.011642954238323676,-0.011643235142938604,0.05485660221454736,train,False,779
5,400,e,0.16408676839299968,0.16405717763942052,0.23790493523509887,0.14914742068805972,0.14912629126753885,0.33571056410763256,train,False,779
0,100,c,0.06265532695813572,0.06265458154435598,0.07791199170871377,-0.06307283514493456,-0.06309049686569004,0.45935135174864605,train,False,780
1,100,d,0.008131229011313057,0.008131347361564602,0.009878707475259582,0.014540892016992598,0.014540640495422839,0.015249843725238445,train,False,780
2,100,e,0.24152690084430262,0.2393267657156206,0.3075483297039002,0.13746078259033076,0.13921879885151348,0.28015683508124306,train,False,780
3,400,c,0.06652486544953727,0.06652666393943221,0.06818512744629274,0.07093616759140389,0.0708996401340464,0.6585377856516945,train,False,780
4,400,d,0.005491561505888574,0.00547556992680523,0.0062181252215794645,0.0010518858952254817,0.0010444122514637044,0.07943184230951038,train,False,780
5,400,e,0.1928866927884243,0.19281075653959567,0.2745520403958017,0.17775935993778993,0.1777110702890947,0.32344120360710854,train,False,780
0,100,c,0.07804426317835579,0.07804779728838082,0.06598288008684089,-0.05899194678328271,-0.05900083165310321,0.594737882226418,train,False,781
1,100,d,0.0029136604413139023,0.002914122800200774,0.002890337018022407,-0.006017640091780283,-0.006017839906400084,0.012463815321410365,train,False,781
2,100,e,0.25171843761539514,0.25171071850272503,0.3152435762790659,0.11000641437717273,0.110001106495606,0.39426357085203095,train,False,781
3,400,c,0.06785898574772026,0.06800638992189552,0.06727453962075704,-0.03507996086017897,-0.03511754680303817,0.4236625405756703,train,False,781
4,400,d,0.009217771076955365,0.009217007859635475,0.0052719157564577864,0.020951157865763025,0.0209509621389115,0.10060466954609534,train,False,781
5,400,e,0.17095653842184602,0.17093803668423602,0.27987892603125364,0.15858144316286843,0.1585754508981864,0.3385510667632573,train,False,781
0,100,c,0.08227344141818467,0.08227762766822577,0.08087938395104652,0.06868004696809805,0.06865821654898951,0.7735702779479056,train,False,782
1,100,d,0.00388201604695196,0.0038818946810323324,0.005840778038763416,0.006987517935976975,0.00698760149921366,0.07583574367960477,train,False,782
2,100,e,0.18638481213494035,0.18641383624509655,0.22116216782068218,0.1492639234997504,0.14925692816208114,0.28389832072222754,train,False,782
3,400,c,0.05652695486040072,0.05652521788214712,0.08277001827717738,0.02031026484800009,0.020306219104888612,0.6597687313797422,train,False,782
4,400,d,0.004172338875289108,0.004172439505989806,0.005038885823665458,-0.017274425326616195,-0.017274707174290357,-0.005949125778197999,train,False,782
5,400,e,0.1639391395438412,0.16392648969776202,0.248504694120333,0.13806497516885474,0.13805164664612674,0.30298915139210086,train,False,782
0,100,c,0.0916485720806879,0.09162704052107802,0.06222357140683224,0.03713830107492754,0.03713297220954402,0.4792995800114961,train,False,783
1,100,d,0.00444258691563305,0.004442571527678232,0.004433571564611038,-0.017136387895953648,-0.017136809100237065,0.02575164536198466,train,False,783
2,100,e,0.1603976928404684,0.16047029584205091,0.2617984381372727,0.09844366856632561,0.09843471846367458,0.42652381847074866,train,False,783
3,400,c,0.06231784939447037,0.062328811564401246,0.08742798263876071,0.056832866062025145,0.05683242926528102,0.2503477773047236,train,False,783
4,400,d,0.008427055224142886,0.00842761401833025,0.006148979040163181,0.017377809041271456,0.01737787638252968,0.17435878255705362,train,False,783
5,400,e,0.2050588908405187,0.20502312645289453,0.29214608173029544,0.1593432219678906,0.15933726609582466,0.3348992602378836,train,False,783
0,100,c,0.0784866743307501,0.0784632147553456,0.10425431157465077,-0.06166467224935801,-0.06168293213315657,0.20153183691683388,train,False,784
1,100,d,0.007468080483390727,0.007468138849823557,0.007331244852250476,-0.003451939449346266,-0.00345184368165258,0.11640037198184448,train,False,784
2,100,e,0.1799830218894142,0.19057279304310892,0.2704443577684461,0.1359658843370881,0.15681279044310678,0.32137128185998926,train,False,784
3,400,c,0.0582231111069836,0.05724897881824937,0.09094346624033096,0.01823714582736862,0.017940736465059004,0.7598159258688991,train,False,784
4,400,d,0.005427175786664631,0.005427308726754416,0.005933757206370324,-0.003966142263521881,-0.003966423447836061,0.02459577268349175,train,False,784
5,400,e,0.17772976406463037,0.19094397134886487,0.27596881432530557,0.14843077820890624,0.1501583457832675,0.35639963557186155,train,False,784
0,100,c,0.06106940522651074,0.06107032205672429,0.09277366221964681,0.06326235345739128,0.06325719607296826,0.21091469657952303,train,False,785
1,100,d,0.00899019359719661,0.008991549344175134,0.007942890634839191,0.0043078489592357095,0.004306968929819988,0.054259616691034844,train,False,785
2,100,e,0.25357549667842777,0.2535870044568924,0.3655950712298665,0.15981648974989107,0.15980955775052777,0.34771264267190605,train,False,785
3,400,c,0.10449237626744216,0.09964791087914185,0.10678202991468408,0.016800892030717024,0.016168635034206746,1.0422188654884206,train,False,785
4,400,d,0.01422376776957623,0.014223436323561383,0.013854710262761099,0.010482634430648119,0.01048286321565854,0.11489224988142219,train,False,785
5,400,e,0.17687111973670538,0.17691546208155856,0.25582370397869286,0.16877483446271402,0.16876504398880474,0.3071199310391029,train,False,785
0,100,c,0.06173301850872634,0.05980714132306714,0.0734566464110016,0.08448872527003864,0.07918236268093672,0.7110399112290184,train,False,786
1,100,d,0.015848142472829826,0.01585017202722752,0.016993156739392116,-0.0012945963051735987,-0.0012954505515572379,0.10629717003501128,train,False,786
2,100,e,0.25224908802745866,0.2570500522239186,0.3256409584549976,0.12884097167215763,0.12926403907581133,0.3485079511337919,train,False,786
3,400,c,0.06604448076026279,0.10235950849676964,0.0852094227843857,0.015271279236001831,-0.00632661833222997,0.981269796851097,train,False,786
4,400,d,0.008940568755106479,0.00894234336894968,0.0086505425462916,0.021359248402248454,0.02135887482651672,0.1442984910670383,train,False,786
5,400,e,0.19443460145297628,0.19444252381656146,0.33646529000709025,0.1831048087762848,0.18309987782397563,0.31887260457461136,train,False,786
0,100,c,0.0778563301496925,0.07798692547556117,0.08285084714667901,-0.040005188315985124,-0.04002749009085548,0.18262515907293136,train,False,787
1,100,d,0.006697604389126996,0.006697785655148717,0.004442698268500505,-0.0180547718017697,-0.01805503436071442,0.00974319104684767,train,False,787
2,100,e,0.17711815248230825,0.1771640201253846,0.2275604208534554,0.14650218808353696,0.1464925782162732,0.32283551712651504,train,False,787
3,400,c,0.05852899285885431,0.05852955457253681,0.07622803140821864,0.037808709101805886,0.03780411480189038,0.6424876710731685,train,False,787
4,400,d,0.004124783123669626,0.004124861878523379,0.004088546676587619,-0.004693694573565761,-0.004693998046475478,0.054150417161804895,train,False,787
5,400,e,0.18932933161864607,0.1958214002984672,0.27017633826220855,0.1311049849989957,0.13172655308174577,0.3254567795425538,train,False,787
0,100,c,0.17464845457770953,0.1747102755675081,0.1328293849518648,0.15299947765473376,0.1529821159869445,0.6928496767739826,train,False,788
1,100,d,0.013993985712191131,0.013996164716262567,0.014683832717030656,0.021606459078996495,0.02160375052273757,0.059395502833113054,train,False,788
2,100,e,0.25455096179866543,0.25448482826228785,0.24716128512660762,0.10960806793649142,0.10961371216075343,0.30327406599986156,train,False,788
3,400,c,0.055256876168570876,0.05525756003799974,0.0744633368399477,0.0034961366996080303,0.003494668059088042,0.5308810503632807,train,False,788
4,400,d,0.006598303705799652,0.007469777288651783,0.0075716456876800875,-0.00631204708972124,-0.006538589548255373,0.04133555396518048,train,False,788
5,400,e,0.1761193738934228,0.17611675460047985,0.2670398474207495,0.1373266701703961,0.13731924752011224,0.39082694310705063,train,False,788
0,100,c,0.05938500876877872,0.059135251352302486,0.11206090576027673,0.08803587275357729,0.08806656984585573,0.6013586455153722,train,False,789
1,100,d,0.011928586867697457,0.0070961585136513515,0.0069331070358473225,-0.006888605528624865,-0.005092236655877116,0.046457295227314926,train,False,789
2,100,e,0.25338673298800973,0.25146880901020713,0.34239635035010013,0.12724038305278168,0.1271856339045667,0.2678673690402347,train,False,789
3,400,c,0.05454643022784352,0.054340252778852266,0.074230703932927,0.0670477496331084,0.06675405106492108,0.5620118529236229,train,False,789
4,400,d,0.019105856572306953,0.01889607187357494,0.005528065791020978,0.011650473892200086,0.011574817776918796,0.16416466272882466,train,False,789
5,400,e,0.1861909856066552,0.18616849397837637,0.24659405269693213,0.16246284353573642,0.16245220311093916,0.3100336902345434,train,False,789
0,100,c,0.06697455779166037,0.0668832083150763,0.05758336184597824,-0.04955306933249887,-0.04960237128729993,0.3358653679962146,train,False,790
1,100,d,0.013611862603592801,0.013615071673834855,0.006331889134433175,0.028655570637408728,0.028654839899824206,0.045442739671586685,train,False,790
2,100,e,0.21091056136684602,0.27903211669801486,0.37849694234254444,0.10843756074667212,0.12034851025726752,0.46363525867626637,train,False,790
3,400,c,0.056624212796800716,0.05660513719265663,0.06967018246047035,0.054149222831155086,0.054153144234955236,0.9197820584283102,train,False,790
4,400,d,0.0044419775553298044,0.004447413155477522,0.004539819436617343,0.005095193983100011,0.005088853512666258,0.04452358202443904,train,False,790
5,400,e,0.1919804148216986,0.192025616606674,0.2620767145583124,0.13716695853560099,0.1371567494590866,0.38269935632853064,train,False,790
0,100,c,0.07166778956888822,0.07168028844717056,0.10860622130930717,0.038909152137366974,0.038889550786654965,0.5462799022479335,train,False,791
1,100,d,0.044947178278467934,0.0449436304339005,0.02354282590339915,0.023485906903694592,0.023478988802537924,0.1086892259493802,train,False,791
2,100,e,0.22898161570101025,0.22039631393986614,0.2844878078487282,0.08108885457624443,0.0829849686154768,0.32462092950087856,train,False,791
3,400,c,0.1094434970351772,0.10942243303951599,0.0987166615868194,0.07497241607873271,0.07497463170438011,0.6250157795171009,train,False,791
4,400,d,0.004665578675557804,0.004665513508226666,0.0064406937006977905,-0.002224887601827348,-0.002225171753419044,0.023983225325409842,train,False,791
5,400,e,0.2065340218096329,0.20653780062866411,0.2744560678792,0.18438232503394958,0.18437199473989138,0.2969447170376195,train,False,791
0,100,c,0.1016103053986542,0.04463143731483665,0.061996162516809505,-0.021147481284624094,-0.0038568222016368025,0.3916167134166553,train,False,792
1,100,d,0.02771543307458104,0.02650819622732226,0.011679406971706939,0.03211687866868747,0.03196273104060051,0.16226178281947357,train,False,792
2,100,e,0.1608181748841853,0.16700266247709053,0.25320919531038266,0.13593070578337305,0.144998899283133,0.343357977178949,train,False,792
3,400,c,0.05384144258770636,0.05383433160915621,0.0695439620968387,0.030988658036482875,0.03097511010304494,0.7982437330108876,train,False,792
4,400,d,0.005348211208564058,0.00534304450424356,0.005259027003142327,-0.007210895354418909,-0.007210577394527284,0.035630200679626384,train,False,792
5,400,e,0.17106961993780068,0.17105174338721582,0.2799680961479779,0.14743494106161095,0.14743662706647556,0.3100752797242018,train,False,792
0,100,c,0.08516532436123025,0.08516622592646311,0.12010726221600974,0.042973794147741204,0.04297099968339424,0.2885670973370352,train,False,793
1,100,d,0.009616834177189426,0.009617521976662064,0.008273216371906507,0.021289965247641315,0.021289517073424344,0.19333385739273773,train,False,793
2,100,e,0.14884987663999358,0.14885634269571482,0.18767619287035267,0.09621481839276069,0.09620938989513658,0.3647653551731425,train,False,793
3,400,c,0.0547626875807925,0.07060188969758735,0.07601245174806104,0.07382887291805808,0.07068933465265183,1.0460440524738865,train,False,793
4,400,d,0.006048953211969743,0.006048854742815521,0.005919406197240878,-0.004352428023281405,-0.004352792372332637,0.044452804484218046,train,False,793
5,400,e,0.16899734062010632,0.17106644304106336,0.24983038891936216,0.14031578893278074,0.14113092195091567,0.35962623466163707,train,False,793
0,100,c,0.06012199292556093,0.060046462561999324,0.0672850218951187,-0.07081030513150878,-0.0707997260019465,0.9466859135798584,train,False,794
1,100,d,0.0033798269168356827,0.003379828400535312,0.0038483227231347434,-0.028448845152792154,-0.028449278945571647,-0.016605371687240335,train,False,794
2,100,e,0.22327438643613196,0.22326953532891167,0.2750037571918038,0.10503053374158004,0.10501283122172562,0.3568497257346206,train,False,794
3,400,c,0.04941173874928041,0.04938907909733195,0.09074590342541168,0.06679819719249742,0.06679187236682779,0.787923394178972,train,False,794
4,400,d,0.009864989276648662,0.013373073884180731,0.007563524296689781,0.021643434192494305,0.019984686102688373,0.08727777034979618,train,False,794
5,400,e,0.18623257795208426,0.18634606174998694,0.2599587274918154,0.16132795696503927,0.16129820800879693,0.3093480588658634,train,False,794
0,100,c,0.07393678934476414,0.07393451430529571,0.07268950205079969,-0.03629456793849343,-0.03629430114448013,0.7468006246211094,train,False,795
1,100,d,0.005314615038584855,0.0053144520834818324,0.0038567508029811555,-0.001130332623318875,-0.0011299796674021146,0.1628608002123883,train,False,795
2,100,e,0.21371095087613795,0.22428218485160503,0.2891462213405955,0.10051111834316152,0.11751050597262513,0.33083419546606874,train,False,795
3,400,c,0.067195766894931,0.06723809836592377,0.07052087512165213,0.04528219697131895,0.0452647349941715,0.41257201500617213,train,False,795
4,400,d,0.005618702007824473,0.005618899795242688,0.006546866344230862,0.008045701554058962,0.008045423619129863,0.03916213957459487,train,False,795
5,400,e,0.16173295187415043,0.16184641591083676,0.2719140378369424,0.15932399339799275,0.15932267661565178,0.3241081530054779,train,False,795
0,100,c,0.1432673190036616,0.143210230959078,0.12590646453091842,0.07850550252701083,0.07848849952226679,0.7135400812755676,train,False,796
1,100,d,0.0063574826125708875,0.006357823926914347,0.006104862076285107,0.014635729266752868,0.01463549570593326,0.16508296485895244,train,False,796
2,100,e,0.2411332670085029,0.24783783635670478,0.26469590314202474,0.12821422558722126,0.12946772370932044,0.3187164874082453,train,False,796
3,400,c,0.07153771879862461,0.07041102834472303,0.062403118973438296,0.05977880542986142,0.05965092821414885,0.7911023095249426,train,False,796
4,400,d,0.004673914522780553,0.005443591380909714,0.00449611620136991,0.0013450321401833776,0.0008100770988319717,0.08377773731598837,train,False,796
5,400,e,0.18384913111456172,0.18385788846692822,0.31012728389193855,0.14885987317109467,0.1488510921778478,0.3611362307270719,train,False,796
0,100,c,0.04458665852469166,0.11976529730385815,0.07372937667207634,0.045060976355737525,0.02804952371720006,0.871838826623501,train,False,797
1,100,d,0.01367384803766488,0.01366982989879507,0.0111182684526837,0.016566959939109154,0.01656654071252353,0.04509529066351689,train,False,797
2,100,e,0.2037000154213742,0.20369983479436476,0.22871824885931916,0.12746002259629538,0.1274532600085016,0.3346644231885156,train,False,797
3,400,c,0.05710193091314565,0.06613021375194716,0.08388982001912534,0.06630593099366287,0.06054818492853706,0.6736120679728625,train,False,797
4,400,d,0.004706423687588703,0.004733749656099715,0.006545840227550261,0.007436371842961638,0.007612429366776343,0.023416009243403747,train,False,797
5,400,e,0.1647752117738263,0.1648623987825433,0.20688695206217156,0.15991484512162696,0.15990209505991101,0.317608365735103,train,False,797
0,100,c,0.058048982481388914,0.058054343423422174,0.06448931104095978,0.048355644267636465,0.04833164456094103,1.0018472111986119,train,False,798
1,100,d,0.004714893108420501,0.004715351432431298,0.004064370307119937,5.2166149602381754e-05,5.1803982259990276e-05,0.07519762536599614,train,False,798
2,100,e,0.12967363970714677,0.12968030956112522,0.18019166500769596,0.11451721176609088,0.11451018236835911,0.39475496509745334,train,False,798
3,400,c,0.05577168438942774,0.05577184768300051,0.08669237224615907,0.02055705062709315,0.02055637621481786,0.7202177061156155,train,False,798
4,400,d,0.004150768350606179,0.004150789755449508,0.005486202981183872,-0.0029807195335407677,-0.002981015239397049,0.02556798619766358,train,False,798
5,400,e,0.21099146894802892,0.21102259762140463,0.292619047973965,0.16210677003987503,0.16209843153215073,0.3037650751932308,train,False,798
0,100,c,0.06856447867799617,0.0656308546658072,0.08086885448854945,-0.043874356665323404,-0.04403089370967891,0.6186309308758109,train,False,799
1,100,d,0.008306735432611203,0.00830783732920922,0.009578601849970992,-0.002045937552742849,-0.002046854527142159,0.03972409068134528,train,False,799
2,100,e,0.2356431201211473,0.23507644287757043,0.2866025694804078,0.01899205596546924,0.018979629507790145,0.3014253953170422,train,False,799
3,400,c,0.05282717518495592,0.05284769646101527,0.07609941010417721,0.05636120491087951,0.05633633218749161,0.6118219053874696,train,False,799
4,400,d,0.004044102513654302,0.010838605642582187,0.008201166649902315,-0.00016317548983510121,-0.004485326075956486,0.018926324800619093,train,False,799
5,400,e,0.18748774934881074,0.18748283104991856,0.25432741834176936,0.1619021475050136,0.1618953196942958,0.3342083501660864,train,False,799
