,n,experiment,MSE_misspec,MSE_NPMLEinit,MSE_NPMLE,SURE_misspec,SURE_NPMLEinit,SURE_NPMLE,data,NPMLE_lower_SURE,seed
0,100,c,0.0813684852901857,0.08137592111386936,0.06605386732082423,0.025424127223692212,0.025417156747666925,0.9578479383749706,train,False,0
1,100,d,0.005582686314348936,0.005604963754216941,0.01132780806767533,0.009030676405193106,0.009029401738138283,0.04637362628924271,train,False,0
2,100,e,0.18282888913495696,0.18281731556828604,0.2045971220007851,0.1609188082899668,0.16091293751579008,0.30729018378547124,train,False,0
3,400,c,0.055933638217493246,0.055942148939985795,0.10514365857474958,0.0805566639247052,0.08052867716497922,0.40653210041405674,train,False,0
4,400,d,0.004814972425948121,0.005597060909384657,0.005182863772579697,-0.007526034783930129,-0.008246193547287,0.03845259023362857,train,False,0
5,400,e,0.19095405021779077,0.19099658379239082,0.24763198388087243,0.1220776064516107,0.12206496980776241,0.3316339495406217,train,False,0
0,100,c,0.07023660732420907,0.07025411328207545,0.0748167972097587,-0.10020118838906314,-0.10022670421716086,0.4842901621817171,train,False,1
1,100,d,0.006583341471108175,0.006583655680508715,0.005231520930697555,0.006425323940875813,0.006425075845650135,0.04574168478957177,train,False,1
2,100,e,0.16762076396611086,0.16762160989750574,0.24513917119782833,0.11980815527904146,0.11980500621249515,0.2799953273505606,train,False,1
3,400,c,0.05735699112463515,0.09797219703324762,0.10530846459182404,0.09471378012026825,0.06238886215164797,1.1778265780497186,train,False,1
4,400,d,0.016327796851420145,0.016329008750187283,0.005510351404155939,0.011593871353342743,0.011593430709953232,0.14503842252178534,train,False,1
5,400,e,0.18986322744091336,0.19005743537126057,0.254237615842029,0.1439830924014389,0.14396648355945665,0.34240315578795844,train,False,1
0,100,c,0.16973143234037355,0.17001080119333495,0.15969698232005486,0.13060697136155283,0.13058358612465198,0.9299273830115218,train,False,2
1,100,d,0.0066105411316863495,0.006610794277273972,0.010678742854085129,-0.005113438781304343,-0.0051137162834129415,0.009932899605092249,train,False,2
2,100,e,0.18852773977746312,0.1885166056375133,0.24057106736008435,0.15266449404662624,0.15267052630131317,0.3439853548965286,train,False,2
3,400,c,0.056464918579851676,0.05646295701884386,0.08250152328107503,0.07541327208862413,0.0753886134142617,0.7036225886358658,train,False,2
4,400,d,0.0050249400252132025,0.005876665447980767,0.006132437796788318,-0.006547189270313183,-0.007212054799850343,0.0515230440927516,train,False,2
5,400,e,0.17001801310024003,0.17002601021061842,0.2565796850898425,0.16197751881488884,0.16196969251135288,0.282506590176532,train,False,2
0,100,c,0.06399812178526769,0.06401586719025461,0.0761421779121319,-0.12642254218796914,-0.12643167870404176,0.25411885058805034,train,False,3
1,100,d,0.038791620331665236,0.03881692489216146,0.0154910554117585,0.015040790150419099,0.015038269876279174,0.1450198219220626,train,False,3
2,100,e,0.16959499605639913,0.1696000770241812,0.3058276007772577,0.1533649671189862,0.1533605311256595,0.345301160833794,train,False,3
3,400,c,0.052712958702507896,0.08287943241903321,0.08674141899820877,0.06154631055821746,0.04483105905384512,0.9084383496395039,train,False,3
4,400,d,0.0056885865018583845,0.005688963680919274,0.005973899296867913,0.0040400433159792646,0.004037556759810741,0.00912553411566229,train,False,3
5,400,e,0.18896732206520592,0.18896347758712506,0.27950199332745046,0.17356105295979504,0.17354780720840446,0.296925384558355,train,False,3
0,100,c,0.06105048459188771,0.060913933826278785,0.06781100909890432,-0.11148219410480778,-0.1114673846544764,0.6623387741258143,train,False,4
1,100,d,0.0025447362955811344,0.0025447843711739098,0.002459858490660787,-0.004224425317216749,-0.004224923962402602,0.062321107005738945,train,False,4
2,100,e,0.19101075503821519,0.1910179584802751,0.2130472061849015,0.05807878612770086,0.058061470287230355,0.448740395476393,train,False,4
3,400,c,0.05255431512875054,0.05255360307619078,0.06477996986150046,0.024538163304384283,0.024534278462818478,0.6843899647017877,train,False,4
4,400,d,0.040348904662180704,0.026998590090431488,0.010897207437732943,-0.007749463090705859,-0.0032427077933352244,0.11792399563586464,train,False,4
5,400,e,0.16910083894207278,0.16908880499314388,0.23950848396357421,0.14084259515485023,0.14083354779331153,0.3379603995683179,train,False,4
0,100,c,0.06811795891903262,0.06813462065679589,0.08227077606951903,0.05383583239421832,0.05380948704326407,0.5341703890322609,train,False,5
1,100,d,0.004015556202678139,0.004015408401037458,0.006156231522069527,0.0026370838585699375,0.0026368559374551027,0.004378441481426325,train,False,5
2,100,e,0.17760859256436465,0.20895031155723676,0.25879209152191596,0.11129680473595627,0.11542298772469735,0.4340263143825817,train,False,5
3,400,c,0.05863433535045794,0.05866982046830595,0.08277149787401795,0.00859475867377455,0.008531544822973842,0.7818034303012067,train,False,5
4,400,d,0.009649633021519579,0.009788984473357543,0.0073117402183740824,-0.001658050756420053,-0.001943272741271791,0.037173246877116616,train,False,5
5,400,e,0.18088529849597237,0.1808001307352,0.24376868882903163,0.1496343843209646,0.14962406886014634,0.3408567159276336,train,False,5
0,100,c,0.20515452212946692,0.2052452751861935,0.11594239642134115,-0.1790346482043313,-0.17905269200849597,-0.04316659359031554,train,False,6
1,100,d,0.003777884965979344,0.0037787841784319627,0.0032528702516266806,0.002415701457322612,0.0024143500732005663,0.0436452616816263,train,False,6
2,100,e,0.18700396957255144,0.18694321527467733,0.2742781299627593,0.10702712561774273,0.10703145253278916,0.3415220815556959,train,False,6
3,400,c,0.05026347076029532,0.050241055610262216,0.08394540832674371,0.056031430309475494,0.05604445140137585,0.7974029735692835,train,False,6
4,400,d,0.004634771178025065,0.004628065286845033,0.005526942030142831,-0.000935071996953667,-0.0009448135295892435,0.04775248312124713,train,False,6
5,400,e,0.16999600388438768,0.17096428909511416,0.2272548112932543,0.11908562648454997,0.11933119546768695,0.32099421701997133,train,False,6
0,100,c,0.04829487551778088,0.048291930609237636,0.0676130745120931,-0.03543435843323444,-0.035437547368687275,0.7615052213417854,train,False,7
1,100,d,0.01050152178900162,0.010501480293415928,0.009906963671059043,-0.030407873590715794,-0.030410094607559283,-0.025100351624875936,train,False,7
2,100,e,0.19861617531697234,0.1985975565856468,0.2522500099700591,0.12899593961833108,0.128987342049041,0.27960038954670036,train,False,7
3,400,c,0.055518574986910346,0.055589205626454766,0.10217636488813218,0.05859657691220477,0.0585052190784458,0.4903209435881341,train,False,7
4,400,d,0.005401506219267397,0.005401548463346436,0.0060136600795686924,0.0010990542854905528,0.00109891305932317,0.042131432950414334,train,False,7
5,400,e,0.16633590329265371,0.16573886816426064,0.2524871896847268,0.1550140871487722,0.1550157214194369,0.33120810313778415,train,False,7
0,100,c,0.06836252258770757,0.20201570077870254,0.0875414330244631,0.09028682695028635,0.066105343573999,0.7628218140031183,train,False,8
1,100,d,0.005801064144895159,0.005801517473477371,0.011048928093982599,-0.018687352037801298,-0.01868795982555392,0.009625708684381422,train,False,8
2,100,e,0.17259853625869329,0.17260054647231304,0.20209572979056947,0.10869929891352627,0.10869070205656285,0.3089826710115116,train,False,8
3,400,c,0.06404737553702013,0.06400144664072717,0.06296587401310294,0.07166750840628432,0.07164972403638345,0.5539917648192191,train,False,8
4,400,d,0.0050204704606732296,0.005020399619552088,0.005981017589610997,-0.0006833246267881066,-0.0006836002804490881,0.03424185475324755,train,False,8
5,400,e,0.1853657987023164,0.18536153356735371,0.2442286650101878,0.14856592570727428,0.14856044359170745,0.3158859515975225,train,False,8
0,100,c,0.0627055809680107,0.06270988769025318,0.05945320299688559,0.009337805670649787,0.009325226215085039,0.7277726315459125,train,False,9
1,100,d,0.015786341019844705,0.015804206180188345,0.00967720532026868,-0.015562156113139611,-0.015563884505323066,-0.011469242980183002,train,False,9
2,100,e,0.18498645600201247,0.18487314201194768,0.2871065224615697,0.1615572224141223,0.16476660699463758,0.3034531819881592,train,False,9
3,400,c,0.05649725431853821,0.060845365532875985,0.07214304998457041,0.05855068965794089,0.05670208786923297,0.6729332639871798,train,False,9
4,400,d,0.006034472026909286,0.006034500194943028,0.006450814672796374,-0.002469221473580987,-0.002469461682574874,0.04936798185847176,train,False,9
5,400,e,0.18252401983103148,0.18042270238843663,0.2700690331680222,0.17086236261725168,0.17011318504615539,0.3108390270773847,train,False,9
0,100,c,0.05909008119245863,0.059070287697898294,0.06164569367045088,-0.02437803944766884,-0.024386371073540403,0.19890075354597833,train,False,10
1,100,d,0.0035720937320206244,0.003572064456468847,0.0035959809300954663,-0.02249782676476558,-0.022498324704246075,-0.003729279734604436,train,False,10
2,100,e,0.14644066370575648,0.14643871757940363,0.2236166561904326,0.16685243200105906,0.16685410363842576,0.4459849783000709,train,False,10
3,400,c,0.05252693781117352,0.05252307795968883,0.08160233742011698,0.01974562446630351,0.019742884339197672,0.48207707393361376,train,False,10
4,400,d,0.004865036724541807,0.004864908445069822,0.005506878295108739,0.0021008346412718384,0.0021011106852698623,0.2112788924381175,train,False,10
5,400,e,0.18151390303405404,0.1814885820313748,0.194481947968497,0.1039517056339842,0.103941935239943,0.31586593284182657,train,False,10
0,100,c,0.05461853193563131,0.054616244199493486,0.06392015961098185,-0.04255864024692315,-0.042577648424286636,0.598410801070493,train,False,11
1,100,d,0.0038233874063699426,0.0038234288326888894,0.004370100628886705,-0.005515318929512568,-0.0055155457946693435,-0.0025771488340232906,train,False,11
2,100,e,0.1939808374459135,0.19397694468246166,0.2634587563207552,0.14027511580390173,0.1402710706896404,0.34333870470056305,train,False,11
3,400,c,0.060327216221169655,0.060392161758870994,0.07941403478311122,0.05115700990420969,0.05110965089111552,0.3846899826926345,train,False,11
4,400,d,0.00433332432790904,0.004333281513992171,0.005476571471858387,0.005897668479937881,0.0058973764691679165,0.015903375112113736,train,False,11
5,400,e,0.21131466255410675,0.21189638254330842,0.3115073235341625,0.16065196461738032,0.15877147526966945,0.3510506504567777,train,False,11
0,100,c,0.08640925191171166,0.08638407588897067,0.15143999706052969,0.10159328499483579,0.10158491045754119,0.7226211474558442,train,False,12
1,100,d,0.028823645374574148,0.0287535210811767,0.007470762810222058,-0.0004942277872350331,-0.0004932010683614152,0.07955418551877554,train,False,12
2,100,e,0.20443645165751778,0.2044314594242463,0.29888068721725025,0.13996143879596268,0.13995865250567555,0.2551334496252979,train,False,12
3,400,c,0.09730814657328814,0.0524039165961305,0.07387772516539946,0.06841030514228756,0.08019349011908453,0.3417595483197161,train,False,12
4,400,d,0.0041107715798423235,0.004110792307282667,0.004611644619669696,0.0016325500874140885,0.0016323837314612887,0.10839103196995914,train,False,12
5,400,e,0.17415580305244963,0.173742732237729,0.2607065203567609,0.15149926221532198,0.15126299681227032,0.340526025042427,train,False,12
0,100,c,0.093549231957484,0.09354939150775687,0.15042572313890076,-0.12990305989319673,-0.12990390160204235,0.09488330740120887,train,False,13
1,100,d,0.005349971638296102,0.013878789005389669,0.013164981975485273,-0.012263508869848927,-0.018852971570590054,-0.002024448203569378,train,False,13
2,100,e,0.19593923552819542,0.1959927962242627,0.21147001574732208,0.09793146440272192,0.09792489555578765,0.29103713585809676,train,False,13
3,400,c,0.05881014323801348,0.05883389642517132,0.08815180411980215,0.04742808619041952,0.047421086347140075,0.30409809836195234,train,False,13
4,400,d,0.005659610099417045,0.005659687927179206,0.00703257693789622,-0.01280781258850876,-0.01280814428508066,0.018629748287968866,train,False,13
5,400,e,0.18918652338023823,0.18918238959745182,0.25676990210469475,0.14618672976446437,0.1461794010206973,0.31415955896620124,train,False,13
0,100,c,0.12156204641772769,0.07232405558238547,0.12713793941480112,0.006541770409554602,0.016235221982323224,0.11629485737342442,train,False,14
1,100,d,0.02175616272944089,0.021761223000389088,0.02501990884212378,0.0003405664080564819,0.00033904109065881373,0.008177613304644069,train,False,14
2,100,e,0.3674527121012596,0.3676337453223947,0.3947658340627256,0.14421750182676185,0.14421309603556481,0.17681341877075965,train,False,14
3,400,c,0.05675053401262402,0.05675014009693946,0.08483069815922267,0.05895929656480689,0.05896452634020051,0.4773213546997211,train,False,14
4,400,d,0.009778931907303483,0.009778729810004657,0.006157543724510943,0.01518865424171903,0.015188803484077732,0.1209172459291231,train,False,14
5,400,e,0.18588595307987457,0.18587497784817406,0.2543272111609714,0.149826736518169,0.14981269792304358,0.3150024670765746,train,False,14
0,100,c,0.12066339285971532,0.12073567026475873,0.10710387398288729,0.0029091828766597415,0.0028970385983099335,0.15010504558283982,train,False,15
1,100,d,0.01485766537803131,0.014857887176250542,0.017731339627266113,-0.014470354616281291,-0.014470795992104204,0.05272561103169925,train,False,15
2,100,e,0.20039831342603834,0.20042776337562657,0.2414250755480564,0.11253036649010945,0.112522532691861,0.2681444896120735,train,False,15
3,400,c,0.06690319290432846,0.06691303162956568,0.09375613746070491,0.09728426976337468,0.09727520263414582,0.6400803184093274,train,False,15
4,400,d,0.008907537275112044,0.008900357613422108,0.010026062928312828,0.01135832101773719,0.011358132876236767,0.1227920947775085,train,False,15
5,400,e,0.16092554917646212,0.16097397040651062,0.2610841743659352,0.14892432206960318,0.1489069383887914,0.3118697783194383,train,False,15
0,100,c,0.07084110640685054,0.07084358226501129,0.06876450823933924,-0.09011797979836175,-0.0901208606520828,0.45581298545497634,train,False,16
1,100,d,0.004573322348449711,0.004573360097555355,0.006328933135062891,-0.027701059844481096,-0.02770135283864242,0.0010091078545372057,train,False,16
2,100,e,0.13722376204954898,0.13722118750866602,0.22104095180514682,0.12592607246534188,0.12592198209410768,0.3030975731360822,train,False,16
3,400,c,0.06276699642915343,0.06290400524533507,0.09170283318871368,0.047937431960981415,0.04814668997569292,0.6484971625502822,train,False,16
4,400,d,0.0057607416412259645,0.005765311565764231,0.007207293626881119,0.009141343722012944,0.009137033572073286,0.0593492246871639,train,False,16
5,400,e,0.23805434205408488,0.2380743156314754,0.28706616809587066,0.13418657125806732,0.13417872105834527,0.32450334782902807,train,False,16
0,100,c,0.12612889705157035,0.1258242545902902,0.12160865847262162,0.07028977298589674,0.07026261618741629,0.8663556273629842,train,False,17
1,100,d,0.008847539317494053,0.008848646465652628,0.004267011021083111,0.018481666187412246,0.01848111521569173,0.031775901033356764,train,False,17
2,100,e,0.21383014706493098,0.21382419892860458,0.35850794020069465,0.13381076099044933,0.13380963494731887,0.4037733183086345,train,False,17
3,400,c,0.07456079847399902,0.07503304364125386,0.06741895526010017,0.1136811400871622,0.11349908729746531,0.5986932286425732,train,False,17
4,400,d,0.005776083624742918,0.005776154173856921,0.006151473243712122,-0.001161529275319211,-0.0011619021020592157,-0.0011565867586053004,train,False,17
5,400,e,0.16985540221420345,0.16984760640490454,0.2804066525396411,0.16187801783095546,0.1618760175968094,0.32683460726124447,train,False,17
0,100,c,0.1148512377510844,0.11486910733156341,0.09399040790035526,0.0873232964391125,0.0872592869500371,1.0164181590376216,train,False,18
1,100,d,0.005569639972493714,0.005569603146428489,0.0044869809844396685,-0.011766791737849367,-0.011766833407670846,0.0792990870554636,train,False,18
2,100,e,0.20068439421998321,0.20068182390946124,0.2243413915440121,0.09757696118442183,0.09756800403925403,0.4006967283894355,train,False,18
3,400,c,0.09807452922213772,0.09829730907734564,0.10585365753484155,0.07494210793174347,0.07483498579662097,0.9032696582084341,train,False,18
4,400,d,0.005794943969785438,0.0058595348812390214,0.0065898914470620094,0.012361440523313618,0.01238947971003311,0.12150166273822269,train,False,18
5,400,e,0.19793838574398281,0.19796627542337028,0.246218851420279,0.15926572043607487,0.15925710497857223,0.3099621524401797,train,False,18
0,100,c,0.19028715930371143,0.19023885759475348,0.16571208587874897,-0.019632373386757607,-0.0196348363224363,0.10340338177003744,train,False,19
1,100,d,0.038250361241413254,0.038241366689425335,0.010784598411762691,-0.014857191157588759,-0.014860715830008768,0.0056742461921286845,train,False,19
2,100,e,0.1942217032500855,0.1942501318420851,0.3011136951895118,0.13721571152346926,0.1372021091196364,0.3233909483182545,train,False,19
3,400,c,0.1259822799365523,0.12583174280341394,0.10737764133798133,0.04087961126430983,0.04086109918256852,0.7825807721270244,train,False,19
4,400,d,0.005681159319778077,0.01211521936961274,0.006058953945589121,0.015772218652954546,0.010319904400191718,0.1313172906347794,train,False,19
5,400,e,0.2128405809074968,0.21276126294081654,0.2511152600675703,0.1245523224902135,0.12453936475108122,0.3745598632087445,train,False,19
0,100,c,0.07895837333167416,0.07899057392084455,0.05400865569565766,0.09396134630151054,0.09394423140919685,0.3984110552183162,train,False,20
1,100,d,0.007896845924830052,0.007896834192643786,0.00989891697564102,0.010639190136503043,0.010639158300222568,0.08172579400570328,train,False,20
2,100,e,0.18851877936249878,0.1885114969296664,0.25773868685768553,0.11338691347488578,0.11338076935360875,0.3003432982620426,train,False,20
3,400,c,0.052651014330659815,0.05265175665474036,0.07351883434639436,0.0017902233409702716,0.0017790615902598718,0.43102277159029795,train,False,20
4,400,d,0.005322005552011238,0.005322921213019951,0.006513784160142639,0.0019403260394320655,0.0019397607044698262,0.052050562848013904,train,False,20
5,400,e,0.1522268945852911,0.15424179343673855,0.22204817370611973,0.14520248179205633,0.14264103338359138,0.2999743131267014,train,False,20
0,100,c,0.10162705752483024,0.1016594030947519,0.11029630808341753,0.010193984449683028,0.010182763951681011,0.8146580436539537,train,False,21
1,100,d,0.005483355748384008,0.005482515821427579,0.007323081615383677,-0.003487775259268968,-0.0034898983711359756,0.020280845628576218,train,False,21
2,100,e,0.20612228189737736,0.20610722022382894,0.2708406431207989,0.06651241514900022,0.06650004223713125,0.3299738108583975,train,False,21
3,400,c,0.07635032860065873,0.07635462878460017,0.10156018758790385,0.07587998616017572,0.07587349605701263,0.5960486273192461,train,False,21
4,400,d,0.006105406191487881,0.006114993522994489,0.006934949152997421,-0.003757320108104274,-0.003759160507831716,0.045139102870552644,train,False,21
5,400,e,0.1701880136900262,0.1739894657461492,0.24264898984878688,0.17077478736346294,0.17175609696920702,0.3376985816544223,train,False,21
0,100,c,0.08541963633241098,0.08569324540611024,0.0749998995043128,-0.10367891199380218,-0.10369123407027353,0.39755529927396194,train,False,22
1,100,d,0.04852702382851797,0.04854001759572222,0.022333052489130104,0.03155734302990467,0.03155275344826149,0.11960617562772477,train,False,22
2,100,e,0.2872323556381033,0.28726696696402837,0.37895186087129673,0.13776448487928242,0.1377597782472951,0.36879078889978034,train,False,22
3,400,c,0.0579437982735582,0.08106595295116253,0.07952301854676412,0.027424008410853063,0.015151806146553924,0.9725914250670159,train,False,22
4,400,d,0.005669119483271895,0.005713440741121083,0.0061971675917212,0.0020905974097246193,0.0020809192603682904,0.04260984538046699,train,False,22
5,400,e,0.1750775680151052,0.17507776279265794,0.30214725332199177,0.17909710706501655,0.17909292729747833,0.3212748924599215,train,False,22
0,100,c,0.0754306592714701,0.07543308375188479,0.0867354279252579,0.07940707299566477,0.07940155971334044,0.642701113702126,train,False,23
1,100,d,0.00980098920580014,0.009802314243855298,0.006017025173680671,0.018991337194684786,0.018990208226961656,0.0562248665192382,train,False,23
2,100,e,0.2129812820161082,0.21296706697422926,0.2712716714007012,0.105326378849523,0.10531969997914828,0.3179857351731701,train,False,23
3,400,c,0.0684457112530714,0.06848583312034284,0.10048619909718454,-0.05207556151668158,-0.05211868546143315,0.45840970657369895,train,False,23
4,400,d,0.005302631442853204,0.005302707452718986,0.0061606622252866295,-0.0006786884566579055,-0.0006791073588859398,0.020444775389451823,train,False,23
5,400,e,0.19573116505169544,0.19574960842299277,0.2903741996576377,0.16189619391715845,0.16189253733813452,0.3077828024912657,train,False,23
0,100,c,0.06624668779663495,0.06627070265448554,0.06922803352255244,0.06165468045169682,0.061634659121142125,0.782509116613895,train,False,24
1,100,d,0.007570176521789814,0.014478645860255355,0.01503888794300918,-0.021822430058958436,-0.026281746958723744,0.038975449885604474,train,False,24
2,100,e,0.16508301767069228,0.16502899134171042,0.21771226046170467,0.04430611931695697,0.04429695410763802,0.4260329863499941,train,False,24
3,400,c,0.06143279170698587,0.0614234205318495,0.08773512720622577,0.05586962877531718,0.055860640806713206,0.7682670193891127,train,False,24
4,400,d,0.006725793839023565,0.011289007424877257,0.010829404932159326,0.014629265221720119,0.01160018653924869,0.10848954570245048,train,False,24
5,400,e,0.20364415963971158,0.20357292034716795,0.3057862114203719,0.16475092443003164,0.16474343129424626,0.33264122634294874,train,False,24
0,100,c,0.051329645204853745,0.055538878934526414,0.08827501199459681,0.06477269109405746,0.06119671908670107,0.2547123270923251,train,False,25
1,100,d,0.015470021642384948,0.01546877809525159,0.009309406402553467,0.06643648421647216,0.06643790534589433,0.3183917184364481,train,False,25
2,100,e,0.2526969690025437,0.25270171626487575,0.3435580090190566,0.1513540522640588,0.15134451264548843,0.28328570495415606,train,False,25
3,400,c,0.13701674554956889,0.1369079599009666,0.10334379529355811,0.015135770218743048,0.015131747739995944,1.028877186138615,train,False,25
4,400,d,0.013337310099353416,0.013343342705373306,0.01192162178987483,0.019640431722915432,0.019636358259657136,0.07486519437575977,train,False,25
5,400,e,0.21697106861309517,0.21618213399913247,0.34033749179670714,0.17793655645560605,0.17820112284708217,0.2983427664309857,train,False,25
0,100,c,0.06387790430385665,0.06388933913742621,0.09101900374441112,0.04607032918873451,0.04606453137355345,0.9506796318446695,train,False,26
1,100,d,0.010120392148107272,0.010122138940154811,0.007700471488727125,-0.01722079922748291,-0.017222095272975812,0.032964289223019916,train,False,26
2,100,e,0.16017262161770218,0.16010805348799015,0.2775100162769755,0.12348378975500197,0.12348793153445897,0.34990973982572393,train,False,26
3,400,c,0.05777798616976641,0.058157073234760485,0.08318152942023538,0.026375178791604198,0.026157305752509147,0.4954804366884887,train,False,26
4,400,d,0.005990532387704485,0.005988103501326919,0.005457412510498895,0.0108918636025383,0.010893163815021333,0.15409385886563426,train,False,26
5,400,e,0.18607104455315696,0.18934839813167695,0.2668383880015691,0.16272138852979903,0.1628975120120859,0.289638685328097,train,False,26
0,100,c,0.11959959228939399,0.11959843836881744,0.08825845120549129,0.08082046627795599,0.08081841335141952,0.27308356015429264,train,False,27
1,100,d,0.006467904417655382,0.006468955781265004,0.007683194991273979,0.0028300759159429847,0.0028300261852170295,0.06698886312329716,train,False,27
2,100,e,0.1941536768917148,0.19409728576530963,0.28463503659510364,0.11223505085154883,0.11223511668921092,0.2818220602166414,train,False,27
3,400,c,0.06509691048715936,0.06510721908704242,0.08882203379673637,0.08337902501780292,0.08335542039464584,0.6307176931849999,train,False,27
4,400,d,0.007209861176981169,0.0072372999499450905,0.007448260718213587,-0.012663640880233569,-0.012675094841034813,0.00011389536508456644,train,False,27
5,400,e,0.17809935430214477,0.1771279254456687,0.31444020807083367,0.17208869989946707,0.1769779779756965,0.33021556267881097,train,False,27
0,100,c,0.08434973865086239,0.0943480147651636,0.15342563576301027,0.08799152780944418,0.08436273839612618,0.5606620316920516,train,False,28
1,100,d,0.01406020931706763,0.014064572232835845,0.014501047987252024,-0.011940715212291,-0.011942382028879095,0.04760215237497512,train,False,28
2,100,e,0.15441678007986956,0.15442589487940972,0.3114198464352643,0.11385077166733755,0.1138452105512906,0.2568352798288422,train,False,28
3,400,c,0.05720006406738527,0.05725117205852901,0.10327368249609745,0.03867643567565949,0.03860960767730703,0.5488502202376977,train,False,28
4,400,d,0.004492037629616253,0.00449212340005227,0.004952302339554201,-0.0059815952936576626,-0.005981786673495524,0.021841541585778935,train,False,28
5,400,e,0.19227979690596583,0.19228375649426316,0.29120946107036566,0.14477213561652538,0.14476454377195178,0.36467013718249747,train,False,28
0,100,c,0.11942429282728213,0.11944785810262205,0.11940755720438466,-0.07429173616029792,-0.07430167138117448,0.0988330379676782,train,False,29
1,100,d,0.007709441601124356,0.007709553729107616,0.00818316576329705,0.003056119386373606,0.0030559703891645286,0.012755158111133298,train,False,29
2,100,e,0.19721649497891597,0.1971535350204247,0.2347790207488751,0.13141041932456343,0.13140265715328478,0.3464487582255267,train,False,29
3,400,c,0.05348820728312589,0.09281756407858545,0.0796202628490742,0.05353944887900333,0.029612182318673207,0.9226733852172356,train,False,29
4,400,d,0.004752087196369698,0.004751461745720508,0.0042120265253940735,0.014102363955525483,0.014090901126392979,0.10666244935899076,train,False,29
5,400,e,0.1917243183116632,0.1917277642235126,0.3011546486606736,0.15369245853847538,0.15368795590740342,0.3826143806293191,train,False,29
0,100,c,0.05840173127824106,0.05839454819294808,0.06628694204149053,-0.0001478443202201163,-0.00015682286590930518,0.658189027404093,train,False,30
1,100,d,0.006355645313021261,0.006355485885921859,0.005788462841101824,0.0037071700580590416,0.003707306957987662,0.14003359770823423,train,False,30
2,100,e,0.22281032192327785,0.22282114197294114,0.21132870574934537,0.044407035853748625,0.04438890123305768,0.3045179406282557,train,False,30
3,400,c,0.0545744992681374,0.0545789531346165,0.08400306818275496,0.046155322549914,0.04615564502710846,0.6830483360013625,train,False,30
4,400,d,0.010352108989321637,0.010361320819976184,0.005012917393547343,0.001135460415984433,0.00112991929585192,0.11972421461969511,train,False,30
5,400,e,0.16611982153750518,0.1661135409624721,0.2569888480848732,0.16163561011117836,0.1616280156890292,0.29898661002106264,train,False,30
0,100,c,0.10459142414034357,0.09847047113592586,0.15903433566176473,0.018422144644299508,0.018096381498941626,0.8237305188045079,train,False,31
1,100,d,0.010907162002452475,0.010908602305285987,0.005320897891797911,-0.012945309803197596,-0.012947275372055067,0.014423138819624289,train,False,31
2,100,e,0.21229048332530284,0.21206878649111383,0.2547768774296131,0.14566454550062183,0.14565418835161267,0.32495255616363905,train,False,31
3,400,c,0.05607106158179745,0.0632640497965078,0.07887973152758447,0.055709825674304554,0.054466208146364464,0.7332895966774201,train,False,31
4,400,d,0.007688292583701643,0.007687681269269473,0.005729821597630319,0.03239049100776189,0.03239027551729692,0.037959339327026935,train,False,31
5,400,e,0.22402558026488292,0.2240269948757602,0.35964151611821615,0.17089995206616249,0.17088794172496183,0.32248132046216244,train,False,31
0,100,c,0.05430896838808412,0.05431860835810987,0.0588635871002283,0.03436892531504015,0.034350021868662,0.4469136267394172,train,False,32
1,100,d,0.006428421840935192,0.006436584553073598,0.006102641680217241,-0.0005617234548236994,-0.0005640503295177445,0.0166596689944463,train,False,32
2,100,e,0.17364945585319982,0.1736468655567566,0.20149825908727265,0.12016107813953308,0.12015176640297735,0.2878367151899263,train,False,32
3,400,c,0.05375305602054693,0.053739941950991514,0.06808993572407812,0.06051118252672772,0.06050655162695705,0.7131358856686131,train,False,32
4,400,d,0.004572228191859481,0.00457225347508005,0.005101104217225083,-0.015987206196936193,-0.015987683826653908,-0.008692661590507135,train,False,32
5,400,e,0.1747313938719888,0.17469289847890931,0.2296728793918869,0.1383535016162363,0.13834463844720346,0.3423629181365601,train,False,32
0,100,c,0.16796208849350716,0.16749847384634947,0.08613506955196511,0.12367238805828124,0.12367681478814248,0.8513525868729219,train,False,33
1,100,d,0.009015127674247366,0.03361430416442962,0.027313261286935227,-0.014795819888854549,-0.03551274926092601,0.14225330263978445,train,False,33
2,100,e,0.22996915454636507,0.2301116884355553,0.30152597048461044,0.1428680844715487,0.14286517982013366,0.27667315730252945,train,False,33
3,400,c,0.05195770224211635,0.05179849290102493,0.07521138259115447,0.026388113144437002,0.026350949545627885,0.6707947192455075,train,False,33
4,400,d,0.004893728830494911,0.0048937572308705175,0.006244883699257231,-0.013337522669073447,-0.013337794959076402,0.08684330818303841,train,False,33
5,400,e,0.1517082999403534,0.15167660010769096,0.20703209902706118,0.14361450205305099,0.14360668452951053,0.3337456026956896,train,False,33
0,100,c,0.10201818405044508,0.10168882296021149,0.08330478338765164,0.034458701415305056,0.03443877886886753,0.6663452774827252,train,False,34
1,100,d,0.016638266654471517,0.016646029072598097,0.009833230416713044,0.02942774598124501,0.029426845588431547,0.09388293970196328,train,False,34
2,100,e,0.21119369289176657,0.21294066735237313,0.3067934385422301,0.1524667041196817,0.15265472033387575,0.2928684941010749,train,False,34
3,400,c,0.082055408141273,0.08217944272964342,0.12512902795892117,-0.022033152322563296,-0.022073472560103512,0.28859308961263436,train,False,34
4,400,d,0.0068088950982527815,0.006808856692025036,0.007331712861853518,0.008047862443914564,0.008047446204134482,0.10615065760280874,train,False,34
5,400,e,0.15998582308270393,0.15997664977607262,0.2757611814002206,0.17665393864177034,0.17663435772330624,0.27823213331762725,train,False,34
0,100,c,0.10166681281515207,0.0711608475488603,0.06210539919240883,0.10082210973991394,0.1046064227005823,0.4834073235401268,train,False,35
1,100,d,0.005502897070102348,0.030635891312140902,0.021658335148950773,-0.008545244957796605,-0.030202117270064905,0.1272809944751261,train,False,35
2,100,e,0.18847891429588884,0.1882948366651125,0.2451664785104177,0.15302897296603576,0.15301747821816392,0.3117058835799115,train,False,35
3,400,c,0.060015263032448,0.060014730782134235,0.09773694482660229,0.059545408015656276,0.059542968588054634,0.5145761323740146,train,False,35
4,400,d,0.005470814780388141,0.005465594782641008,0.006471680627877929,0.0047555765975914885,0.004755185535036528,0.10124994111899471,train,False,35
5,400,e,0.15524753009139244,0.15525921607597035,0.21188314410120274,0.15137057931216277,0.1513641317566553,0.3282604989172975,train,False,35
0,100,c,0.12239710240641083,0.12247190901740587,0.10887705444569537,0.1279695567387971,0.12794608254910103,0.5206304870796868,train,False,36
1,100,d,0.008014301784530864,0.008014648910194,0.01133771126725432,-0.0026446864855086895,-0.00264501691999099,0.04200108801031097,train,False,36
2,100,e,0.2725823517057559,0.2725857968807716,0.29761245547562615,0.15460877773735163,0.15460157947794342,0.2886382803268581,train,False,36
3,400,c,0.06301802360501432,0.07097418883783298,0.08303362789704305,0.06633135786141736,0.06423194499900177,0.6010457442975308,train,False,36
4,400,d,0.02276313553272599,0.02274323602758063,0.007658534732710463,-0.0011583973182615105,-0.000870996724838573,0.21291428553943562,train,False,36
5,400,e,0.22075743017712607,0.22077303175134122,0.27321517810556367,0.1649991074566372,0.16498433982559768,0.29132311838579544,train,False,36
0,100,c,0.06596067610421004,0.06592579021574817,0.07190314773280813,0.08003086285643533,0.08005262186912475,0.8171157339891917,train,False,37
1,100,d,0.005325511809295434,0.005325529481895273,0.006902492656938142,-0.01611591352535161,-0.016116548430788705,0.05193117841745041,train,False,37
2,100,e,0.17632802430569963,0.17614329324651487,0.2005960393003647,0.09856843904870907,0.09856016988405351,0.3202880523830885,train,False,37
3,400,c,0.056830821830394763,0.0568309294337787,0.07151641802668504,0.021077971183165546,0.02107646495808922,0.29430246217070405,train,False,37
4,400,d,0.004750999029433013,0.00475113332543722,0.004762465138069572,-0.0005176661404581395,-0.0005177521351654412,0.13163234493037645,train,False,37
5,400,e,0.15934762980230022,0.1594078651617857,0.26006479101455865,0.1766547219768237,0.1755965503268291,0.3217626839597441,train,False,37
0,100,c,0.23171349042208206,0.2283068323867786,0.14743964650183214,0.0667470202222092,0.06649419570730437,1.025708371028639,train,False,38
1,100,d,0.020534155336440575,0.020535888776285746,0.00495370114273048,0.0066296037537478545,0.006628649861271168,0.12728670658464716,train,False,38
2,100,e,0.19337554738810275,0.19339951293424895,0.27134705936587034,0.11164477496346897,0.11164229637482706,0.2991987402053502,train,False,38
3,400,c,0.058675333604710306,0.05867757741557252,0.07358563855278256,0.028834693430226963,0.02883159568959016,0.9417591756513377,train,False,38
4,400,d,0.004358057515787998,0.004364788759966144,0.0051382178298641345,-0.0031776784930969805,-0.003179971197353311,0.010082050768554467,train,False,38
5,400,e,0.18245373471448562,0.18246274329764453,0.27540775989114136,0.14305088967266075,0.14304417750911533,0.36318289387317493,train,False,38
0,100,c,0.07515466745824237,0.07515772573165531,0.1243735656466332,0.08589095180331555,0.08587534177611858,0.6684987538933471,train,False,39
1,100,d,0.005199485613803821,0.005199638747629519,0.0049860306798496365,-0.0014093394075304566,-0.0014095088579279215,0.11164670768758678,train,False,39
2,100,e,0.1796445549094046,0.1796403994117084,0.2628638358381143,0.09260097871145578,0.09260297202778209,0.30725403238150045,train,False,39
3,400,c,0.056786632182800875,0.05679056353632462,0.07572405789147253,0.09046258295316192,0.09045823865568067,0.9759759283786127,train,False,39
4,400,d,0.005637891943432885,0.005637562245963694,0.0060055816568708965,0.015740941967530234,0.01574081605591225,0.059750470502915626,train,False,39
5,400,e,0.16393461313822996,0.16392284108199923,0.25769888066122404,0.15888874487918053,0.15887678034211752,0.3311678142300449,train,False,39
0,100,c,0.0614962408774843,0.06665895638721601,0.1111210460953183,0.01649806075366655,0.01594495170213513,0.25534623492047615,train,False,40
1,100,d,0.009614946698536166,0.009595575123355843,0.008591740863209718,0.019905158577659173,0.01990468226294869,0.03979670389400258,train,False,40
2,100,e,0.3006426536504589,0.3007597523337417,0.3023256355636169,0.07655162451087776,0.07654642865217419,0.26738161394644133,train,False,40
3,400,c,0.056780862730376934,0.056781864842891945,0.06351332413455534,0.04236977733982883,0.04236590586923427,0.4120454517110783,train,False,40
4,400,d,0.004376115216197186,0.00437629825275112,0.005150128616717371,-0.002710736602281614,-0.002710879176396048,0.08137941038412178,train,False,40
5,400,e,0.1848333925556614,0.18481097259338433,0.2377153822017055,0.15500792807073943,0.15499804263732755,0.31709305286186007,train,False,40
0,100,c,0.05728674485203014,0.05726925562359215,0.06496535532823343,-0.018999226383624546,-0.018998366459646834,1.0108536299548898,train,False,41
1,100,d,0.015737320823769364,0.015761076501361094,0.01797291055696972,0.013740325538854119,0.01373872767048665,0.0437186410158348,train,False,41
2,100,e,0.1896722397112084,0.18972272710294194,0.33160757864069035,0.13785651326542755,0.13787053332962274,0.3169948207134683,train,False,41
3,400,c,0.05669265597112573,0.056749937246832846,0.07804466443780227,0.08791882495546631,0.08789978636274767,0.6438801529585314,train,False,41
4,400,d,0.0064529496759237,0.006452102219383558,0.007342069447577926,0.007990548937449873,0.007990323369342623,0.09337564529583522,train,False,41
5,400,e,0.18165693121077495,0.1823291078238453,0.28190499912291417,0.17239431157778667,0.17284496681119335,0.30827481063503215,train,False,41
0,100,c,0.071954813848541,0.07195467675430706,0.08721727246117432,-0.06998524767760948,-0.06998562100423576,0.5841465566818171,train,False,42
1,100,d,0.03212006468640824,0.03215193235303924,0.011790093827591407,-0.005291820392345077,-0.005295289695817456,0.007911447789907928,train,False,42
2,100,e,0.17879413599149083,0.17474023918211062,0.2875082933281916,0.13287895798281504,0.14701794557690293,0.27161710513687576,train,False,42
3,400,c,0.056437999004948204,0.05644213834819749,0.0844110181033439,0.015616987808945737,0.01554687929369301,0.5738516788103035,train,False,42
4,400,d,0.004686332143033279,0.004686888699503799,0.005403899310106656,0.004572787734357462,0.004571948176992429,0.043241524165632955,train,False,42
5,400,e,0.1827471987182039,0.18275674321651372,0.300678240295529,0.16235423139017952,0.1623420453991285,0.3254223654225828,train,False,42
0,100,c,0.21727310099792574,0.20478674834233165,0.07362446650559275,-0.0017214392467558071,0.004574912203185875,0.6180860890041227,train,False,43
1,100,d,0.007457841134003262,0.007457812588971911,0.007567666439559067,-0.018429400880817362,-0.01842975339522539,0.003621090688166557,train,False,43
2,100,e,0.22504950364988804,0.2232421166250108,0.32809905993624683,0.12699472646493143,0.12636830422545323,0.3441822885166853,train,False,43
3,400,c,0.056718040570126894,0.05660381601755759,0.07599067395478146,0.05794708682259057,0.057918520359254586,0.5349540386938565,train,False,43
4,400,d,0.005676559772051074,0.005676587734844471,0.0061073108999535435,0.0029310749496278634,0.002930794899366127,0.09800401272224299,train,False,43
5,400,e,0.16122435637644855,0.16122344429770563,0.2440407090579512,0.16094091937448568,0.1609337627305846,0.3930197777756366,train,False,43
0,100,c,0.06631360300940466,0.0901290655923415,0.12048675641503717,0.09236645180766004,0.0877689898244499,0.623472910006018,train,False,44
1,100,d,0.014964389777625781,0.01496520864759783,0.013726169385366636,0.023012954504608524,0.023012391751979618,0.07894084177572484,train,False,44
2,100,e,0.2403867921648437,0.24045956040044253,0.2344257695104442,0.13959518305946142,0.13957670178336692,0.2670722705986919,train,False,44
3,400,c,0.09074936180667459,0.09103031829083763,0.07375008200675798,0.06614354318173313,0.06606451995522783,0.881335673382035,train,False,44
4,400,d,0.005937113933464482,0.005937101877266256,0.007795908591389817,2.3493277250210556e-05,2.303138236266378e-05,0.05946748304569258,train,False,44
5,400,e,0.1955002965890455,0.1955096990507332,0.2583782172482713,0.13582064015035383,0.13581144959662939,0.34171307335941364,train,False,44
0,100,c,0.06426245398781788,0.06423989083237586,0.07777957797594512,-0.04825997045764517,-0.04825748724369056,0.48722206230852705,train,False,45
1,100,d,0.005468514273663798,0.005464142368106966,0.006715275238611944,0.0006924405715381532,0.0006912617726219849,0.019089491896605554,train,False,45
2,100,e,0.22770933349886247,0.22781260288190752,0.40982160112527916,0.1891506733777428,0.1891448234896836,0.3802304661085599,train,False,45
3,400,c,0.056964390934228885,0.056875520703072405,0.0999446698881565,0.00311589235150592,0.0030889533806991664,0.24832407252860533,train,False,45
4,400,d,0.00509715739977878,0.005115777945210633,0.00577030604013232,0.009847412031221872,0.009836033077184822,0.20091148244043652,train,False,45
5,400,e,0.17101748712139353,0.16185879234222875,0.24226978555428907,0.15732290017328254,0.1641192079674412,0.4025038293976862,train,False,45
0,100,c,0.059009388227935944,0.05901319596573944,0.07010177090348121,0.06251790264671918,0.06251393735771969,0.7843451700146747,train,False,46
1,100,d,0.004704047255006517,0.004704075020625163,0.005255531955610675,-0.028216527572344354,-0.0282168857467296,-0.0006426995650231682,train,False,46
2,100,e,0.1687702074597811,0.16876493982987417,0.2287771046063175,0.1455787712421254,0.14557188883472116,0.35024585303738465,train,False,46
3,400,c,0.0535702017160564,0.05359623804378262,0.08307511528171112,0.05169170940797699,0.05163692411027064,0.6000262574437878,train,False,46
4,400,d,0.005478330403744093,0.005478443728823639,0.005435020788333727,0.014684683655061512,0.014684366414399968,0.08028435033551737,train,False,46
5,400,e,0.21414813809449604,0.21983779843239243,0.3198030087153919,0.17983230035455625,0.17993958904260735,0.3282923961853388,train,False,46
0,100,c,0.16519624803080304,0.16503986347220692,0.0884017795107742,-0.03662400932983836,-0.03659808478102938,1.0015927032045626,train,False,47
1,100,d,0.009552921472231479,0.009547269679686419,0.01133978265436135,-0.005562429366725983,-0.005583124696465678,-0.001951522859882715,train,False,47
2,100,e,0.23857806476036658,0.24150081468429704,0.24459716300668266,0.0850187178465675,0.0912094854125715,0.33403487750920474,train,False,47
3,400,c,0.05667039309264867,0.0566757923890637,0.0697096761169322,0.05262857381587928,0.05261697415967198,0.5930763856851986,train,False,47
4,400,d,0.006287502168716056,0.006289602911135661,0.005506827360859386,0.001855969445337955,0.0018553431510805042,0.08485518001846579,train,False,47
5,400,e,0.18396799469829916,0.18398094042030844,0.2863786312108402,0.14954697289117888,0.14954203747202371,0.3570484269390468,train,False,47
0,100,c,0.27526312423746213,0.27548559538142353,0.28412650596184935,0.00287930719649836,0.00286245801884057,0.09917237024111798,train,False,48
1,100,d,0.05808593305606645,0.05665041398967552,0.038534181698212856,0.02281093463359804,0.02308140851339651,0.14191807122747094,train,False,48
2,100,e,0.26528844184970635,0.25495437971891044,0.37720453364833345,0.15194501433751298,0.19803969201937804,0.3333270542259802,train,False,48
3,400,c,0.05380764376971152,0.053841592236078026,0.07303136600034667,0.03158580717059749,0.03155555277311933,1.1924901191636754,train,False,48
4,400,d,0.019528931558249526,0.019546918148812903,0.00980293095297267,0.006235577609510141,0.006228241115505977,0.016244434919215484,train,False,48
5,400,e,0.25643396102739,0.2483478468480014,0.36369207093807937,0.1798738563514677,0.1856508520766057,0.6166428259480967,train,False,48
0,100,c,0.08332959083188786,0.19432923615216183,0.13276209850864373,-0.039844376627943635,-0.09603801412002469,0.700235914007491,train,False,49
1,100,d,0.01039152286536784,0.010389927204892546,0.0064762171431881396,0.026986610749237416,0.02698593741358181,0.08787156489745054,train,False,49
2,100,e,0.24433780767832938,0.2443941688735526,0.4504301574558818,0.13858045201337013,0.13857347135480858,0.3506204802366616,train,False,49
3,400,c,0.1002746258260232,0.0894000547638624,0.10965364290905542,0.01379397817184426,0.010892400130510254,0.9111299463097859,train,False,49
4,400,d,0.01355731712491007,0.01356852694662837,0.004332601403898075,0.01946147327645326,0.019462120311110935,0.15608490800947483,train,False,49
5,400,e,0.16958967286578694,0.16954527110322984,0.27120531826700917,0.15534754814742371,0.1553479188026185,0.31737388254894605,train,False,49
0,100,c,0.13278943066996038,0.13284226816840444,0.15077145362557784,-0.002539084561583138,-0.0025463722238532683,0.3829324875225711,train,False,50
1,100,d,0.022252220829988248,0.02225240930089233,0.024743665131644513,-0.007010269906460884,-0.007010506406541648,0.03241136405444358,train,False,50
2,100,e,0.19013948130265734,0.18684493107995576,0.31095254986291704,0.13527758219509495,0.14615945637228892,0.3305736766594572,train,False,50
3,400,c,0.049647839212468056,0.04962564640106091,0.08919481056501605,0.03401415565597176,0.03395645226122177,0.15573705087096612,train,False,50
4,400,d,0.012630142531923768,0.012630351702143884,0.01149841490532632,0.01612004535865857,0.016119912422564848,0.09406624861422454,train,False,50
5,400,e,0.17359394872523842,0.17352273348011607,0.3141194289838147,0.17229055772278665,0.17221026648329166,0.3251940468452928,train,False,50
0,100,c,0.040609866884395135,0.040667913941345404,0.07660059019571558,0.0733191256171645,0.07327267517021113,0.6370028372576853,train,False,51
1,100,d,0.009338315502260122,0.00933840134632059,0.010407601802999149,2.5811033301437194e-05,2.5379999220955796e-05,0.0031688846379829983,train,False,51
2,100,e,0.1840778293198113,0.18400506823619753,0.2658810936597659,0.14466687648928137,0.1446589298439573,0.2805972217160813,train,False,51
3,400,c,0.10353375994582813,0.10347871259934957,0.08741612979157379,0.015030695887728457,0.015015768394867806,0.6962145143986401,train,False,51
4,400,d,0.004949751867197516,0.004951207418072842,0.005488013436293563,-0.002568213133322956,-0.002574907502770003,0.022890037576961647,train,False,51
5,400,e,0.1638485784964923,0.163841957405724,0.2353502087929271,0.15801459036570395,0.15800201751651205,0.33715555844220274,train,False,51
0,100,c,0.0632913135370123,0.06331248858237058,0.0914851796457748,-0.004878937064369069,-0.004897728573171634,0.7993788649848225,train,False,52
1,100,d,0.004231376874889272,0.004187566055266368,0.003536418610595402,-0.016788220816660874,-0.016818691587170153,0.004005152503883167,train,False,52
2,100,e,0.1911173623479904,0.19112641577239725,0.2613116217238512,0.06859237529070047,0.06858503942643797,0.47048468594273885,train,False,52
3,400,c,0.05346675900320281,0.053541202923924745,0.07572887726274707,0.03245701052323646,0.03237205866657767,0.5646535726337956,train,False,52
4,400,d,0.0048306085979162175,0.004817259500406636,0.0055146498858649464,0.0025234058215967714,0.002557982024980028,0.011333599355067338,train,False,52
5,400,e,0.19135433159293563,0.19140384353376583,0.24024717975165838,0.16615910006759588,0.16614910395168006,0.31495945943428283,train,False,52
0,100,c,0.06193587972980673,0.06192654627317421,0.06242865569872573,-0.015599755283854648,-0.01560838864585648,0.13507673614322271,train,False,53
1,100,d,0.021089535196508236,0.010880615396977954,0.008213674969887478,0.032760389058963606,0.03411756982354786,0.10682276964780892,train,False,53
2,100,e,0.18679119216603257,0.18678530106029975,0.22341304993875855,0.15465040849177475,0.15464620806007656,0.2964781563071713,train,False,53
3,400,c,0.06127197902598589,0.06116921898238355,0.09629048782247365,0.11695661121783779,0.11690556636236686,0.6801791835387867,train,False,53
4,400,d,0.0063524337526671285,0.006403840246642899,0.006245921232727463,-0.0011640358539204243,-0.0011779842934134877,0.05947200173461525,train,False,53
5,400,e,0.1734126684579422,0.1732791233456643,0.2990787883856908,0.17236372079997503,0.17236678278887624,0.2888954729701659,train,False,53
0,100,c,0.06483171802462122,0.06484108156033201,0.06039257660283002,0.11318372373199914,0.11321440025696006,0.7854003627098257,train,False,54
1,100,d,0.005161533930131619,0.005134527074733984,0.0059282881055016615,-0.008092799063819172,-0.00809728797841082,0.017638878560258375,train,False,54
2,100,e,0.17723828146682286,0.17725178194354044,0.2673103960542762,0.16705950929821492,0.16705162544106678,0.25953147421344797,train,False,54
3,400,c,0.0616360927502863,0.06140482467996614,0.07520263282182177,0.03178714907866827,0.03178849354621171,0.4839063134126343,train,False,54
4,400,d,0.005144313245426749,0.0051444416599132825,0.005847852390673679,0.004949382228424905,0.00494897981633045,0.04806167285853718,train,False,54
5,400,e,0.19029550020312822,0.19029799860034374,0.28662956259139344,0.1829994830434782,0.18299417356178255,0.3313340911175267,train,False,54
0,100,c,0.13268149058309114,0.1326535806240932,0.1711215610737808,0.10414590835432258,0.10413765514481703,0.2750591856552327,train,False,55
1,100,d,0.007889193402176465,0.021186781021992826,0.017571033408934254,-0.026483878129445363,-0.036850527775499006,0.04394127915055767,train,False,55
2,100,e,0.2155290735990443,0.2158577911781115,0.26907641020433043,0.1176048360790708,0.11767503219846273,0.5855081213798491,train,False,55
3,400,c,0.054568587620072904,0.05457502430904932,0.08017339584716535,0.0764229786558014,0.07641311542072224,0.7293232450902982,train,False,55
4,400,d,0.0068915462659960465,0.006891641018761314,0.00605158848871437,-0.0003846775593284768,-0.0003848094651357137,0.04245820084628965,train,False,55
5,400,e,0.1802839368656506,0.18027405612187145,0.278143412482135,0.14521016760839797,0.14520604820371158,0.38762866801492335,train,False,55
0,100,c,0.08771906845761931,0.08772512170200818,0.06602472820586067,0.0744854897540587,0.07447288020095194,0.6583379212542815,train,False,56
1,100,d,0.005940785821100482,0.005937049400612009,0.005859080167632158,-0.019329353916706874,-0.01932810142203964,0.007947973255587808,train,False,56
2,100,e,0.24226569760999897,0.24317223828599366,0.2581454433448013,0.12706381083169072,0.12706329108822942,0.43789032103416303,train,False,56
3,400,c,0.062214715933429095,0.07666905823268177,0.0929954569973042,0.017443725300015415,0.013294201367913984,0.5956406618145704,train,False,56
4,400,d,0.005725501033838825,0.005725556934893849,0.005255535215194038,-0.008067586939994821,-0.008067896435127526,0.047280648517162974,train,False,56
5,400,e,0.15603161301081175,0.15604821351477846,0.2718182647813284,0.14576305971897432,0.1457610262512494,0.31040411328540213,train,False,56
0,100,c,0.07248674199178158,0.07248958203434318,0.10722678418843382,0.06777870629595782,0.06777676237722317,0.4064212778400886,train,False,57
1,100,d,0.00960953816057648,0.011435123677516005,0.008871071878621002,0.006882119187641891,0.005879511304225283,0.11146851878868431,train,False,57
2,100,e,0.19689896199990625,0.19688163801192946,0.28701998124905415,0.16729994312652402,0.16730683080186076,0.26840147845685164,train,False,57
3,400,c,0.08958874024639195,0.08946702893744037,0.08351889881622786,0.08406142145745492,0.08406764960901505,0.7345179464074657,train,False,57
4,400,d,0.004652357359119273,0.0046523816701264905,0.005345018489291555,-0.012215126542887731,-0.012215246360631156,0.08274635153073515,train,False,57
5,400,e,0.17403898823662714,0.1722589437424678,0.23364003908942102,0.14772317905948826,0.15168321185793937,0.2947773917710882,train,False,57
0,100,c,0.06269243079754426,0.06272958737390032,0.07522884028865275,-0.04240640559022062,-0.042438614508362206,0.5751217864020483,train,False,58
1,100,d,0.01081102760998765,0.010810982298536685,0.012028907989775845,-0.018584015451773583,-0.01858428731002169,0.0018795241465096879,train,False,58
2,100,e,0.16884095373072738,0.16883981708870363,0.225831225819579,0.13623003655239455,0.13621948406866527,0.28491302798163903,train,False,58
3,400,c,0.06627572282529724,0.06627982909178666,0.0923361840553072,0.07213770712171488,0.07212690406674184,0.7450318862577495,train,False,58
4,400,d,0.007145408856159708,0.007257400337993518,0.00971215759073957,0.0035259033378485863,0.0035158579217124774,0.08468450653666001,train,False,58
5,400,e,0.19988711378995117,0.19976805997748354,0.2511595573920962,0.16831534641532905,0.1683054445785617,0.3986042372467391,train,False,58
0,100,c,0.05666991232785398,0.056668956578927315,0.06967220052038826,0.016909368359888648,0.016902779483065657,0.31622953590799435,train,False,59
1,100,d,0.007575897922759188,0.0075794339936881,0.008991218896838604,-0.0259481947057586,-0.025950172407328935,-0.0029284586593698947,train,False,59
2,100,e,0.1862841150014998,0.18632059574810161,0.18466227492252008,0.12236183148711959,0.12236470140523807,0.3783594912427662,train,False,59
3,400,c,0.056144153480593116,0.056145650425192394,0.0651951179870703,0.05865850843293614,0.0586542871141549,0.6756527901390774,train,False,59
4,400,d,0.00487763263259015,0.004877702369120273,0.004873566259193993,-0.005957416027654308,-0.0059577889101828955,0.06804626613575182,train,False,59
5,400,e,0.1859905990734252,0.18598694509071825,0.26748190465126337,0.15281541586718178,0.15281453620529192,0.39138758560391085,train,False,59
0,100,c,0.09486683638548192,0.09487377343406277,0.09929905654170845,0.0786910699978651,0.07866530312903407,0.7647260266353243,train,False,60
1,100,d,0.006179756567329586,0.006179941337730807,0.008114488868286878,-0.00028627738940439684,-0.0002865574251516101,0.00627751465399621,train,False,60
2,100,e,0.13722124527547408,0.13720114038939762,0.20409692921817707,0.14201974868774722,0.14201410330502268,0.22936095317213145,train,False,60
3,400,c,0.06220116974661341,0.062250906650405335,0.07539594517603537,0.07729222438028444,0.07724558375459367,0.8635426966599116,train,False,60
4,400,d,0.006122487562366176,0.006122175592256213,0.0068964879220623325,0.0047648892451785585,0.004764859220782043,0.0955647836676533,train,False,60
5,400,e,0.21127628340777743,0.21128098026136719,0.2675412667191275,0.158144918407324,0.1581353880537283,0.3248684978344364,train,False,60
0,100,c,0.05447585429895362,0.05447383427045278,0.09039896172722713,0.07419636457677278,0.07419435202184474,0.44320141076010855,train,False,61
1,100,d,0.007570988335980208,0.008112349819249237,0.010291034143460023,-0.006078421736569535,-0.006683969812605035,0.07599742576795405,train,False,61
2,100,e,0.18450711163297526,0.18451036625188894,0.2550280102927997,0.1878067724779556,0.18780116379530193,0.2573741132872495,train,False,61
3,400,c,0.05607378114757786,0.08924870571468359,0.08675482934845814,0.06266438206781309,0.05134342402714758,0.6731810769542963,train,False,61
4,400,d,0.014856705900937371,0.01406745721432966,0.013194042418103992,0.029695024732329482,0.029893191775084968,0.07374914298844681,train,False,61
5,400,e,0.1887054741324957,0.18723791236696466,0.24840771955211813,0.16068084066438218,0.16025590508401238,0.3407781023513833,train,False,61
0,100,c,0.09260210127197921,0.09235069128761662,0.09420056176563142,0.027320488175752614,0.02734775002803332,0.9275226794605222,train,False,62
1,100,d,0.0031589718682681006,0.003159093344049592,0.0028275924555262377,0.011250107133630465,0.011249739569827515,0.06725427146506568,train,False,62
2,100,e,0.18437853165090715,0.18438706398909946,0.2565051840599227,0.1536284828004841,0.15362377072966146,0.3755026152533609,train,False,62
3,400,c,0.053665845473541876,0.053665689789028456,0.06653424465641619,0.04720463491174733,0.04719758683263173,0.25040426975149194,train,False,62
4,400,d,0.004937888553068605,0.004939671559282226,0.004773522187786148,0.004015248702497907,0.004014499953057378,0.005369188942098937,train,False,62
5,400,e,0.1799769675331022,0.17996402814062573,0.26137090091822873,0.135030344475799,0.13503185156683237,0.3691475242509412,train,False,62
0,100,c,0.06880628587045978,0.0687939932058656,0.06232612266062507,0.017280799533658922,0.01726792700410307,0.9963243033486643,train,False,63
1,100,d,0.005534478253810217,0.005534612134032442,0.005335187224752593,-0.020308920449521074,-0.020309282341143844,0.05808749380551841,train,False,63
2,100,e,0.17418667243175479,0.16915707622056309,0.21041071284515842,0.08894824222471712,0.09986949170541586,0.3091515243839924,train,False,63
3,400,c,0.052855405215321484,0.0528524497372519,0.06741545035847138,0.04327049628208407,0.04326300904684473,0.45934638854664583,train,False,63
4,400,d,0.005061482557563656,0.005061568678252456,0.004607952942831473,0.01354811446739065,0.013547646257645046,0.0722153160589621,train,False,63
5,400,e,0.16498504306886908,0.16500381919568435,0.24644895168809022,0.13336977021274,0.13335629921844164,0.3064817781965344,train,False,63
0,100,c,0.17930017468499695,0.17928651556494501,0.125206377719204,-0.005472400837343017,-0.0054744689641959355,0.10546147007627305,train,False,64
1,100,d,0.02153411451584849,0.021535017133578086,0.013446439464238564,0.031092518189297848,0.03109138634408481,0.03712782425866266,train,False,64
2,100,e,0.26030895613503885,0.2602931603861105,0.2689396837647962,0.11777184212957856,0.1177605749584545,0.3240149699801729,train,False,64
3,400,c,0.04898196141239055,0.049019413865808846,0.07631176476571296,0.025539471058344036,0.025509424292318103,0.550088965879782,train,False,64
4,400,d,0.007361687258827525,0.007361070052000706,0.00879597311619143,0.0022432608483559237,0.002239921425377176,0.07292218224527598,train,False,64
5,400,e,0.17526811210584206,0.1753023492345311,0.2570660246921374,0.18273684783019714,0.18272876578386676,0.32393115864854144,train,False,64
0,100,c,0.0519032680332489,0.05188221427108895,0.11140329512191169,0.023800376452902512,0.023793336858377857,0.485100822169352,train,False,65
1,100,d,0.012822226552107933,0.01282105289329149,0.006927490406945528,0.0021674983219112675,0.0021666293364580014,0.06044230643677959,train,False,65
2,100,e,0.1985688943999028,0.19856182800010416,0.28479180321419995,0.13078771071253584,0.1307719454935107,0.26360486554607443,train,False,65
3,400,c,0.05122486988113706,0.05124945638485204,0.07603639705061342,0.04864995916244808,0.04858541843730009,0.7422803476801713,train,False,65
4,400,d,0.004346636348016425,0.004346003262554021,0.003948474445288261,0.011779602158890085,0.011779606850664788,0.08761938260727466,train,False,65
5,400,e,0.18973947216779447,0.18975191808165498,0.28721102001126275,0.1684856754771208,0.16847590129789156,0.3617711011293537,train,False,65
0,100,c,0.06064192168981723,0.060646870282073426,0.0730394941164005,0.03972995666577603,0.039717437382279924,0.7695621892733742,train,False,66
1,100,d,0.004297434012040433,0.004297810064932773,0.0038593189512503502,-0.012509891009628422,-0.012510041667151004,0.016541076995491687,train,False,66
2,100,e,0.19232199902243421,0.19235781071694505,0.2140556037536554,0.0779969945309961,0.07799103892931886,0.3216556943114091,train,False,66
3,400,c,0.05546719245328866,0.05539887662989687,0.08028782348391034,0.0610446940933469,0.060621638053983205,0.6592617995974895,train,False,66
4,400,d,0.004154904589142552,0.004188877626741794,0.004111407765171218,0.01078593635521596,0.010855034288011253,0.07438070146153083,train,False,66
5,400,e,0.18143689818246655,0.1812765968449067,0.27045936309700036,0.14808563217147064,0.14807352056896744,0.326411456657701,train,False,66
0,100,c,0.07476587203133826,0.0747014572307944,0.10585052797387318,-0.015744780140953693,-0.015738196206282567,0.3937992505863289,train,False,67
1,100,d,0.003817861823227601,0.003817873317971452,0.004229444665569282,-0.013119238188817786,-0.013119483130181688,0.06000903276619267,train,False,67
2,100,e,0.14485094103052604,0.14485423105007592,0.22519025316784544,0.1248821582980903,0.124877639934383,0.5378698336920025,train,False,67
3,400,c,0.06163490512952132,0.08714675499838695,0.09101845610514017,0.08667996710726016,0.07647035658552107,0.878339023166426,train,False,67
4,400,d,0.008299437993090244,0.00830867395561696,0.009084346948020903,0.007031775245665735,0.007028075797061657,0.03242266730090039,train,False,67
5,400,e,0.1977536694930723,0.19781481339518225,0.2752464365266653,0.15814313840469968,0.15813467869694403,0.29343813302587046,train,False,67
0,100,c,0.11211014900020543,0.11152615660612902,0.10934080651644966,0.014401628121680759,0.01441892404459459,0.9434808554931662,train,False,68
1,100,d,0.013062324797996546,0.013067105358731219,0.005839023094102042,-0.012510883760759199,-0.012512657974243986,0.011186891228643425,train,False,68
2,100,e,0.13978990332746616,0.1398006539756775,0.2496667444215376,0.15011996084287518,0.1501213089505076,0.2748322227873615,train,False,68
3,400,c,0.060706413000224745,0.06065997549883553,0.09436156934684209,0.02509148143507204,0.025088887456545663,0.5771362850957906,train,False,68
4,400,d,0.004714209749026876,0.004714593316367288,0.00520863472745634,0.009227200182516597,0.00922665354034219,0.09447875654781832,train,False,68
5,400,e,0.1639161166508755,0.16390902562398402,0.24653082438739682,0.1350260764007862,0.13501634741137916,0.31522761925988996,train,False,68
0,100,c,0.069451205074852,0.06943477566143665,0.05170231394570127,0.06688557441299622,0.06688105731630885,0.8541080691793204,train,False,69
1,100,d,0.022137822366155167,0.02214064480039963,0.01700682439001768,0.030243315949421614,0.030242676052075465,0.13443386886521294,train,False,69
2,100,e,0.2830825948234647,0.2830703626223108,0.33243801164546416,0.1646978791788873,0.1646913001761733,0.25568681270150373,train,False,69
3,400,c,0.04929746008332064,0.04929757723738357,0.07672796556982849,0.009891596820522609,0.009892082659987055,0.7225626137075277,train,False,69
4,400,d,0.006028765596607928,0.006037618505864963,0.007156310680174685,0.002611456440694635,0.002604079324701587,0.011137845419357487,train,False,69
5,400,e,0.18391633059664186,0.1839133627216605,0.281431424137484,0.16016773506595883,0.1601575483041507,0.3204463261632106,train,False,69
0,100,c,0.1341320893770493,0.13412478330080158,0.09686207199818525,0.08378119511232882,0.08377518409765912,0.4353233125891719,train,False,70
1,100,d,0.017350813092483392,0.01736236603095608,0.012449316290438585,-0.015903879601002834,-0.015905794438348834,-0.0006130470141201982,train,False,70
2,100,e,0.15250156074194765,0.1598137254975346,0.27240906285831756,0.17551323208265884,0.17768329022401524,0.3334871600553354,train,False,70
3,400,c,0.06368848981952342,0.06326793079612253,0.0790299127672038,0.12346874947247856,0.12303356558854972,0.5124811311032899,train,False,70
4,400,d,0.013791900696892637,0.013797538568969665,0.007036517687466913,0.0009338254439721183,0.0009327276535710993,0.05182881056938413,train,False,70
5,400,e,0.24371221004101604,0.2436831775496153,0.3146821512697421,0.14368812215057872,0.14367191020687345,0.3349497594205073,train,False,70
0,100,c,0.05868048346275596,0.05867881675407913,0.08873795222889243,0.03379333668341978,0.033791231719319866,0.529335781296832,train,False,71
1,100,d,0.017584977818935574,0.01759044579340734,0.004932444945048212,0.028004341766262934,0.02800304463692223,0.22965793577318144,train,False,71
2,100,e,0.20377570555512492,0.20376921884500607,0.26750377297534567,0.10272247712194116,0.10271596614318611,0.3758299600982727,train,False,71
3,400,c,0.05871216776227738,0.05871692699210501,0.0791402978121481,0.015854187238505162,0.015852450954887944,0.5654828750998756,train,False,71
4,400,d,0.005402721452830408,0.0054027689042391615,0.007120053124814663,-0.013334261254068487,-0.0133346065993379,0.030104158284210206,train,False,71
5,400,e,0.15934475634219078,0.15932687823041575,0.2629403098744435,0.1538027345431145,0.15379634825543634,0.3904710527172041,train,False,71
0,100,c,0.09122639127382716,0.091225860824694,0.07448473727706839,0.11498856598907821,0.114979866406225,0.5232420817069852,train,False,72
1,100,d,0.016450741013814565,0.016453470205639396,0.0176801922637225,-0.024847963794302486,-0.02484913104193316,0.019011632171112628,train,False,72
2,100,e,0.2445909364479437,0.2445870020059081,0.3114485420317591,0.15439390383978294,0.1543885479766682,0.32996951326248786,train,False,72
3,400,c,0.06612581892213121,0.06613410150831557,0.09318421991622113,0.05502949546539064,0.05502241660404806,0.6219280589672431,train,False,72
4,400,d,0.0079047237193376,0.008014419689098827,0.008508249796189828,0.024773698391975324,0.024755619202325222,0.1004263012376201,train,False,72
5,400,e,0.20851057695593694,0.20920091619772235,0.3273144632126435,0.1609605272605365,0.1610863110914218,0.3138524011851256,train,False,72
0,100,c,0.06559264427352614,0.06552965248876412,0.10564579612914175,-0.02403635353796183,-0.024033484531779763,0.6114803240690976,train,False,73
1,100,d,0.011600074284519955,0.01160064724765695,0.010845037413689433,0.006118285112771105,0.006117897606412725,0.07505859503172603,train,False,73
2,100,e,0.13911626882686526,0.1391049533809674,0.17588864180497976,0.08622515804245111,0.08622891193905254,0.35503921180421444,train,False,73
3,400,c,0.05339509468664293,0.05339558129905229,0.09009475370525945,0.03317689293027861,0.03317929744966925,0.5030168866355793,train,False,73
4,400,d,0.006505724399347664,0.006506413011233746,0.006857475447007412,-0.0025370866560029625,-0.002537612354467136,0.048318616421212254,train,False,73
5,400,e,0.15535187564347994,0.1553484557349439,0.27057770249075874,0.16856750219719543,0.1685498244161213,0.32654551682823246,train,False,73
0,100,c,0.07063840334676738,0.0706365440375822,0.08178107366327664,-0.02016992708989001,-0.02017048563116454,0.8280492331814489,train,False,74
1,100,d,0.03804385381020644,0.03806846086396272,0.008665960252735564,-0.012975407082484108,-0.012978461641359296,0.00793620130010499,train,False,74
2,100,e,0.17882654437167445,0.17989407618214096,0.29832332200985556,0.13035092125735492,0.13034600940523394,0.36643783068592145,train,False,74
3,400,c,0.051710636583554626,0.05171049643548502,0.07724293727904646,0.05474564295953876,0.05474120416593671,0.7336924983386782,train,False,74
4,400,d,0.004154844977634236,0.0041691856884426195,0.004873704852049235,0.0062804587139961045,0.00627206072996021,0.0905947759959361,train,False,74
5,400,e,0.16859334700452241,0.16863110874463058,0.26526844932574895,0.1549500291575624,0.15491116516577982,0.33468152829985526,train,False,74
0,100,c,0.07257566066026933,0.07258919382935523,0.09694038895683668,-0.024988866545883753,-0.024995131047240732,0.5613161568806594,train,False,75
1,100,d,0.0040972075950814904,0.00409739394218027,0.0038066007671454013,-0.02320600580414892,-0.023206421632165953,0.007426433538125696,train,False,75
2,100,e,0.15918553983292213,0.1586861441653926,0.2562585298243931,0.12184796306628955,0.12203116732334678,0.40593168699133986,train,False,75
3,400,c,0.05683751017262056,0.05683807589594401,0.07909742847332962,0.019493352117692455,0.01948895903453007,0.47395384947932157,train,False,75
4,400,d,0.004426154983952232,0.004426184986194025,0.004951892626769281,-0.022837003835241454,-0.022837307728680364,-0.00998909494651194,train,False,75
5,400,e,0.19519092910136643,0.1951959768021551,0.2540994391430094,0.11995918341845296,0.1199492611709433,0.3584526721838007,train,False,75
0,100,c,0.05287673055366488,0.05287625762193451,0.1083066175315694,0.048335622672864745,0.04832665277420766,0.49565514380689907,train,False,76
1,100,d,0.006310872985182283,0.00631105223665769,0.004533453557533426,-0.015739852669750292,-0.015740342939340853,0.08648548307190929,train,False,76
2,100,e,0.2288790469615752,0.2288555355863577,0.2141251228592245,0.06711852624526486,0.0670990956254947,0.4199095236157398,train,False,76
3,400,c,0.06884873234100704,0.11089678473862476,0.13189017585217883,0.05868292167418446,0.043573522193657226,0.75127359850245,train,False,76
4,400,d,0.0046526418523582195,0.01891012982173595,0.006129480879209856,0.010667861372906326,-0.002265910097562678,0.1634928446078366,train,False,76
5,400,e,0.1862632674625903,0.18628266093107484,0.28904008603020986,0.1641143818757668,0.16410371147041106,0.29778114686947355,train,False,76
0,100,c,0.06684598598760562,0.06685282005904038,0.06457201926494649,0.09087034261733208,0.09086115404374795,0.9513703613606058,train,False,77
1,100,d,0.010445203229804089,0.010445256835875862,0.013100481836353104,-0.02131079452393717,-0.021311351858475193,-0.012670273421678502,train,False,77
2,100,e,0.24685697820006053,0.24101496042719212,0.27992636061425624,0.15410862540123063,0.16652676621874918,0.28265915512807255,train,False,77
3,400,c,0.06640618380543029,0.06629276438784597,0.07999522803722936,0.0825051339808055,0.08245565710954175,0.804803497902071,train,False,77
4,400,d,0.005558857619356809,0.00555892067236459,0.005216237561070537,-0.008749491794203977,-0.008749549547102387,0.083553463799588,train,False,77
5,400,e,0.1829213570786117,0.18284448932446434,0.2860356442165318,0.17643903030582728,0.17642614175032806,0.29435980481913065,train,False,77
0,100,c,0.15563414734447353,0.1556665806723311,0.11357580759087905,0.001281730460473085,0.0012718898809686153,0.44057069170737173,train,False,78
1,100,d,0.009815370452817291,0.009816583355251004,0.010364766386796655,-0.009936116290992843,-0.009936807615331666,0.050547478073587476,train,False,78
2,100,e,0.19288841697625167,0.20697640027645486,0.27725231289134267,0.12861129948907468,0.14753544579179675,0.2646255698637309,train,False,78
3,400,c,0.0544198700753204,0.05440972488261357,0.07852430091830058,0.03836926645130191,0.03837533479250674,0.36147424341207324,train,False,78
4,400,d,0.007027272383604625,0.007027354487546115,0.008177652504719557,0.010359512949760816,0.01035945976544804,0.05442423203185962,train,False,78
5,400,e,0.1988198839282527,0.19883074657958769,0.26408686032594875,0.15252958745745146,0.152524677351595,0.33593988368813643,train,False,78
0,100,c,0.07266797957929222,0.0726523913494128,0.12614163986913157,0.009337606244048828,0.009321462339895418,0.7125172834726657,train,False,79
1,100,d,0.009186433802034231,0.009186470361070011,0.00939726308491362,-0.030644700762809087,-0.030645143822623774,-3.230159109307351e-05,train,False,79
2,100,e,0.19100187283310607,0.1911162256591837,0.19173848966928428,0.02124651784087561,0.021220156842283018,0.35796091042051287,train,False,79
3,400,c,0.07094460841440874,0.07091182516190304,0.08861573491812935,0.07011738196043155,0.07006598614088226,0.9573688401088225,train,False,79
4,400,d,0.008048769147557734,0.008049138701781026,0.007734160455877106,0.0035134242715117916,0.0035123249279996925,0.021168008462010945,train,False,79
5,400,e,0.16134426083369888,0.16133480649234014,0.260885181502082,0.1610127580897668,0.16100896473870444,0.3379385076841795,train,False,79
0,100,c,0.08766550133570433,0.08764852348159081,0.12638848357032795,0.06613813317742796,0.06610805721655666,1.1686883685290474,train,False,80
1,100,d,0.01147309876114228,0.011483179485517227,0.004783904697146636,-0.007824904359812184,-0.007830516674736679,0.08819668434899011,train,False,80
2,100,e,0.17276616982242923,0.1727507948585202,0.2551080593598225,0.1392860751831386,0.13927826391373146,0.3845959830151553,train,False,80
3,400,c,0.05858520010332732,0.05822829600138821,0.09419429383371686,0.01847316706976443,0.018469836680708836,0.678588469795612,train,False,80
4,400,d,0.003843274731331322,0.0038436115380645164,0.0033133014895777796,0.008400961276381569,0.00839493201784821,0.05048551517442098,train,False,80
5,400,e,0.16526539390024683,0.16482306101063712,0.24850628434537786,0.14907865586213082,0.15143594524588,0.31529611955340237,train,False,80
0,100,c,0.07885396745576718,0.07282248353348574,0.08326806040344911,0.09495901044682256,0.09749882619793568,0.6875132539370589,train,False,81
1,100,d,0.010517149373952903,0.010408217318298585,0.006805218390057719,-0.017391393042911468,-0.017726103974163507,0.03433055215347444,train,False,81
2,100,e,0.37450049784816564,0.3745383373440279,0.500826090467229,0.16743272069735746,0.16742437801928084,0.21012088589556094,train,False,81
3,400,c,0.058463389523965056,0.05854022877206543,0.07050252025404047,0.08875210674051473,0.0886685612443182,0.765463942874884,train,False,81
4,400,d,0.00839126732555596,0.008391343966834235,0.00942704650877965,-0.006359330896454108,-0.006359676084477606,0.011177961069859474,train,False,81
5,400,e,0.17825619891877853,0.17825341850000392,0.24040288684358946,0.16212280794653247,0.16211077105816052,0.3454670714336025,train,False,81
0,100,c,0.09924507581654607,0.09941424440363394,0.0965443774857225,0.09655159154605876,0.09653807388112746,0.6557416053636582,train,False,82
1,100,d,0.007271009046134408,0.007257241890930966,0.007620461433590421,0.016025739132281648,0.016024159515435538,0.03735135077639926,train,False,82
2,100,e,0.22147181055588924,0.22152925180597044,0.2673456717633719,0.17269661845624215,0.1726844443474093,0.26839922274595424,train,False,82
3,400,c,0.05751485184822132,0.057520820318444243,0.07863890793615688,0.04492743168357137,0.04492106699533608,0.7117438487916924,train,False,82
4,400,d,0.0041581365233104494,0.0041581233630236195,0.004293766258995903,-0.007359548612734344,-0.007359635903714761,0.06762058750730628,train,False,82
5,400,e,0.1981534444900243,0.1979781496617361,0.2401799240709852,0.13448099712052894,0.13448015239534036,0.4028136820380388,train,False,82
0,100,c,0.05197487178006224,0.051951800149072636,0.06878467101436161,0.012178397403228586,0.012099481740103073,0.6085516993892349,train,False,83
1,100,d,0.006652727497902383,0.006653545081762497,0.004795567629817169,0.017685015437221986,0.017684499068493995,0.033135683048863225,train,False,83
2,100,e,0.22532329457725972,0.2253028812324931,0.2687056492844271,0.10151070139972472,0.10149814364858106,0.39088469559532485,train,False,83
3,400,c,0.05419267285919067,0.05425038630876003,0.07288016431703019,0.07018390653096063,0.07012157452884836,0.7490919844592624,train,False,83
4,400,d,0.004441398517476323,0.004435208827657342,0.004693888541315044,-0.0038510312563243333,-0.0038600631514288963,0.0277787131360045,train,False,83
5,400,e,0.18368305212474664,0.18372617710065847,0.2542867966943297,0.16699421083365346,0.16698593513768856,0.30227302777264964,train,False,83
0,100,c,0.15698194878212346,0.15697088859535,0.19137772728476463,0.07151034139936258,0.07149617456560549,0.4463150126112447,train,False,84
1,100,d,0.006915316504947431,0.006805017329996078,0.007121470746360627,-0.014448956246770325,-0.014486142816594808,0.07341849901830946,train,False,84
2,100,e,0.22994960428093528,0.2299491801947867,0.287236517335189,0.16969301758118036,0.16968674201736883,0.36972498788001085,train,False,84
3,400,c,0.06012234790807478,0.060109594584724,0.059871328329546995,0.071468986805899,0.07146239447878863,0.39795817781000287,train,False,84
4,400,d,0.00806547504283336,0.008083017903098032,0.009219837834216637,0.011502619404430502,0.011499586666736459,0.13007951319536343,train,False,84
5,400,e,0.20026859183103773,0.20026896950032325,0.2662816740160844,0.16569695531995926,0.16568796623229468,0.32830490916050314,train,False,84
0,100,c,0.1679232268390666,0.16791552517107391,0.18083819125150277,0.014080720296425042,0.014074186901037464,0.35289163626449593,train,False,85
1,100,d,0.01516981200928117,0.01518647219385321,0.013037095820269297,0.009922509921213596,0.009919909802263654,0.02350244983207956,train,False,85
2,100,e,0.21739899483910474,0.21862190238691206,0.23241463799277398,0.12344352538153039,0.12351501831778791,0.3081025210190225,train,False,85
3,400,c,0.05553010404795025,0.0648968286879243,0.07216915189390115,0.04195483172646526,0.035921036139355704,0.8336334231434492,train,False,85
4,400,d,0.011174260447330197,0.011175328001654095,0.008374521386160487,0.007809651887595752,0.007809005539302092,0.11499684839821217,train,False,85
5,400,e,0.17073456528151912,0.17073319310765786,0.25276621155030604,0.16061882190171425,0.16059876407913926,0.33057319505959426,train,False,85
0,100,c,0.17786853796163504,0.17492650976527707,0.08005598986210659,0.11396392704702649,0.11378958985934091,0.4286198953938029,train,False,86
1,100,d,0.012366419168399008,0.012373377757966016,0.0061227772722607975,-0.015604843507173154,-0.015606534543098861,0.0009165550089771735,train,False,86
2,100,e,0.18714022032761535,0.18713542612097414,0.30501556951620623,0.1734905093647437,0.17348455184571898,0.2788180888493021,train,False,86
3,400,c,0.08319844529123027,0.08323557427672675,0.11597656685642228,0.041540357575613744,0.041509433697996916,0.8207010550429534,train,False,86
4,400,d,0.004053482082351736,0.009367202653248642,0.003925615491230176,0.0030539798686323215,0.0010365514934057708,0.037414288122372026,train,False,86
5,400,e,0.16418414632460798,0.1641826634865606,0.2434038945143193,0.1442235852519473,0.14422014636260572,0.3528665709175106,train,False,86
0,100,c,0.15263231753090284,0.15261658742626735,0.12416164751237392,0.052510751787687014,0.05248207024554674,0.7700286702265368,train,False,87
1,100,d,0.003188559338683151,0.003188543467517778,0.0033005041090978494,-0.0077564560316841025,-0.007756518850745575,0.030909022618019078,train,False,87
2,100,e,0.2180053903977531,0.218009531481718,0.3634113802148471,0.17532774322268962,0.17532502032401298,0.26966394719660164,train,False,87
3,400,c,0.06241576472734835,0.06177701545644905,0.07525808582155868,0.0567833380607955,0.05674180759137812,0.47867808677347007,train,False,87
4,400,d,0.006176375763887475,0.006176473179149123,0.004295080384060896,0.0026577726991338937,0.0026575760595761366,0.08411426739668838,train,False,87
5,400,e,0.18808187954609223,0.18732316862357273,0.30187661407747,0.16123561011781043,0.16122075442984005,0.36654406286020375,train,False,87
0,100,c,0.07222186028080983,0.07223596668942683,0.12134839786385059,0.07052556781554159,0.07050793266974566,0.7829546716127027,train,False,88
1,100,d,0.020589924936079765,0.020600087116426264,0.00844724112383911,-0.018816414950085996,-0.01881868087046124,0.020945513796024072,train,False,88
2,100,e,0.20738170272375972,0.2074556510662455,0.3269317064989138,0.1121761700398515,0.11216522397857279,0.2957323243852648,train,False,88
3,400,c,0.06998298848627837,0.06998421355232197,0.07575371913398582,0.09615370750477296,0.0961533284064852,0.8644496867615783,train,False,88
4,400,d,0.0063175740082265595,0.0063176747792410394,0.005163711642404675,0.0023459424595485066,0.002345753481498516,0.0790314492783426,train,False,88
5,400,e,0.17879464128316658,0.17876778851857747,0.3202776626608302,0.15583617838577005,0.15583046817348353,0.3008664400849833,train,False,88
0,100,c,0.11640410678959567,0.08454071065179107,0.12122042170190943,0.04596773877818272,0.04996232038115487,0.22433940371997166,train,False,89
1,100,d,0.005297431967824006,0.005297597965328562,0.005282225230390816,-0.030610449032318812,-0.030610943964144363,-0.001627267466413489,train,False,89
2,100,e,0.226519347398703,0.22669416433591175,0.24643904270344766,0.1204407952449219,0.1204314613569295,0.3047208564964816,train,False,89
3,400,c,0.06251335572276784,0.06251575798331746,0.0777090121845215,0.053672684376689976,0.05367069079458993,0.6959002132025706,train,False,89
4,400,d,0.01183785917230263,0.011847913325239833,0.008156452312624567,0.003344369302557766,0.003341861670939732,0.02806875396450119,train,False,89
5,400,e,0.185900160849997,0.18716241158264946,0.2791259613668561,0.16690600173014516,0.167594419453741,0.3231354036313116,train,False,89
0,100,c,0.100036037542714,0.20048092269717926,0.11543825088175884,0.10765197730266905,0.05249691100062741,1.1535907794663418,train,False,90
1,100,d,0.008310353661314943,0.008309929267620792,0.011714880336223041,0.02237897584868506,0.022379303754516862,0.13790849540765568,train,False,90
2,100,e,0.17499480705090825,0.17458379691992792,0.22376020713479822,0.0953041777133297,0.09527574192606927,0.4178417177157629,train,False,90
3,400,c,0.08036475466510572,0.08036399868804199,0.08719486893828307,0.094188904217744,0.09417084674242056,0.8043922256897885,train,False,90
4,400,d,0.00854414483761486,0.008544691631848397,0.00747474510626323,0.010584024958129703,0.010583625233871725,0.08004580530468074,train,False,90
5,400,e,0.20103263020958825,0.20107461244723715,0.29775624893252883,0.15511871385103262,0.15511305486352397,0.3312345031295494,train,False,90
0,100,c,0.06890214752735441,0.06897120412723692,0.0720945691521435,-0.03816802746928659,-0.03822777025309605,0.9502517831860618,train,False,91
1,100,d,0.019246589933782872,0.019245245093505718,0.00422212207004285,0.010463757719873854,0.010462927207107295,0.10000543672271033,train,False,91
2,100,e,0.1511920888154984,0.1499882761136269,0.27404210880279334,0.14859053863855554,0.14851979693446052,0.36230180749252183,train,False,91
3,400,c,0.058770191543751925,0.05879901209729566,0.09315035887522026,0.04875236729990384,0.04874187041019425,0.8337418057018247,train,False,91
4,400,d,0.0028726781523494586,0.00287279382809064,0.0029414108722916835,-0.009340037773540075,-0.009340257927281038,0.001939126560720048,train,False,91
5,400,e,0.17348545931457504,0.1714801919742903,0.23611905144190046,0.16003378791822884,0.15892678200163624,0.31287003679262715,train,False,91
0,100,c,0.0699129331624954,0.06792698433544686,0.0866686623402349,-0.022296437127296044,-0.028194468628315476,0.28437602669610884,train,False,92
1,100,d,0.009998136819560528,0.009998511824753184,0.006319843681405705,-0.02526128297044867,-0.025261565185833987,0.038365688085421186,train,False,92
2,100,e,0.220401325550649,0.22029984285498258,0.23739013237682788,0.07214003820855873,0.07214455724895175,0.39447093899414315,train,False,92
3,400,c,0.059254142032783765,0.05915600662143397,0.09664175992163214,0.004605975721244491,0.004552966209761707,0.6077436782628725,train,False,92
4,400,d,0.00548956457735532,0.005489457440042499,0.0056553189372666336,0.0031025605280517433,0.0031024809789050247,0.10577318304561512,train,False,92
5,400,e,0.17657927267533602,0.17679928496342845,0.31142909645399564,0.1779717306340855,0.17796367271829994,0.354856321535665,train,False,92
0,100,c,0.051793679641929186,0.05179104549242066,0.09037255323639869,-0.06276643019935385,-0.06276561549113333,0.9520373335720974,train,False,93
1,100,d,0.0034941996852638152,0.0034946217379579502,0.005242890257736117,0.003245201897274406,0.0032447855725780883,0.02675668596185753,train,False,93
2,100,e,0.17939672630812914,0.1794100357403257,0.27989040266231413,0.12960789825786567,0.1296263719515733,0.318443096344471,train,False,93
3,400,c,0.071654540792965,0.07193236939790439,0.09931318742129536,-0.004506443308580827,-0.00452175856646015,0.5260249704601114,train,False,93
4,400,d,0.00460563520853637,0.004598609328069373,0.0048059139524925226,0.0016185556482831843,0.0015683247262895607,0.048233030797167446,train,False,93
5,400,e,0.19316466307080524,0.19316682736605073,0.28299109924839166,0.14250305311809128,0.14249577431668584,0.29326171350835073,train,False,93
0,100,c,0.0641137988067016,0.06694785507249797,0.10341683384048965,-0.019010987439145168,-0.02495401396849161,0.6046240171450474,train,False,94
1,100,d,0.011939945829592468,0.011935766735462523,0.008856421018487479,0.024137576701020187,0.02413695357093477,0.04027507875795244,train,False,94
2,100,e,0.18880495514580276,0.18870979532828108,0.3156805771652484,0.14134779542406747,0.1413431928640857,0.3529305794365712,train,False,94
3,400,c,0.0514573213261524,0.05144706218548399,0.06624915392756563,0.026688419870397554,0.0266850598988691,0.52811953520805,train,False,94
4,400,d,0.005923785218122725,0.005923940837332998,0.00666430428677486,-0.0027207132666322844,-0.0027211070822869667,0.00736995474217263,train,False,94
5,400,e,0.217465584676829,0.21746912744948266,0.2915324493746359,0.15162563278402402,0.15161775769710104,0.34592900945019595,train,False,94
0,100,c,0.0800760409682826,0.0800806428357647,0.08926919166992031,0.0889684636065229,0.08895724945318392,0.8055123272446929,train,False,95
1,100,d,0.0057322635160898415,0.005732912814486545,0.006254175780255538,-0.0031937546400154916,-0.0031940611302737664,0.007497950175450523,train,False,95
2,100,e,0.23716012131297842,0.2371610235536802,0.2986701273120187,0.14460555610768006,0.14460072291760334,0.31890985436561775,train,False,95
3,400,c,0.05757204090972478,0.05743911722585209,0.084744567997625,0.030238636924806883,0.030160442925264732,1.1671948493281616,train,False,95
4,400,d,0.006408597254323054,0.0042066063769755175,0.004428719492643744,0.013376092097651605,0.013839610787435355,0.02574304827681015,train,False,95
5,400,e,0.1878120391084389,0.1878313101576717,0.2726455652976594,0.13693830686893724,0.1369257250640315,0.30471129734466534,train,False,95
0,100,c,0.05941482595394966,0.059415003002347276,0.07664014914775667,0.03432683679192834,0.03432078986759663,0.35215676212660724,train,False,96
1,100,d,0.005087598086717374,0.045688855936076606,0.0037304751344525346,0.0326908388256121,-0.006951405535233324,0.15265276499118113,train,False,96
2,100,e,0.25697643447508145,0.25702108915539257,0.3169405281086817,0.13809563525137059,0.13808803638276787,0.29133858812136254,train,False,96
3,400,c,0.06837206896680458,0.056758496907323784,0.07928067610292411,0.01588197719357268,0.018440433268638118,0.40849414720781907,train,False,96
4,400,d,0.014844940011381902,0.014864553697786052,0.0064302747714176985,-0.00013543938699658753,-0.00013821611274948966,0.008729628795986776,train,False,96
5,400,e,0.16826368786366164,0.16826909883496177,0.27430783985530505,0.17294492413640172,0.17293985575475668,0.3176923596736565,train,False,96
0,100,c,0.08202714693524245,0.08202097905006055,0.09619538895902367,0.09299872485878119,0.09298895203124005,0.34157832159105583,train,False,97
1,100,d,0.06528233350735425,0.06529287943290102,0.0187727764154286,0.007552549396197214,0.007544364910057233,0.05060042863419806,train,False,97
2,100,e,0.286389187119321,0.2863837203055899,0.3864935740873905,0.1592088645517291,0.15919927561516034,0.29144807614667895,train,False,97
3,400,c,0.09544183005659196,0.09550323518301176,0.06943809725914946,0.004593912297476806,0.0045210118943617775,0.15402765075180652,train,False,97
4,400,d,0.008137735629747284,0.00814658360585259,0.006657021249217583,-0.005138557205991674,-0.00514064616139251,0.047843877579491885,train,False,97
5,400,e,0.19277786322347099,0.19189347426926484,0.22178458736698847,0.14227794603461874,0.1414361321052686,0.3131202908789923,train,False,97
0,100,c,0.05906144599341353,0.05907181561892159,0.07968696335434063,0.039468726965223765,0.03943037147978295,0.5900021138783067,train,False,98
1,100,d,0.003910828947778402,0.0039108103653145085,0.0033323946538312203,-0.000824782750830817,-0.0008247967394018118,0.0853817449802252,train,False,98
2,100,e,0.22552298584214514,0.24345160083861309,0.2953210649443097,0.10525767054371685,0.10711616367532777,0.39932521969609397,train,False,98
3,400,c,0.07868007612810912,0.07866020885822192,0.08213487398779097,0.06285915114693814,0.06285428719230296,0.9700438800001129,train,False,98
4,400,d,0.006920826666235463,0.006916848952356019,0.005858822727455482,0.0085058165429278,0.008509314543482702,0.14049432474196208,train,False,98
5,400,e,0.23676912062979,0.23748744891407886,0.34146529471467246,0.17866197961363747,0.17868687708759004,0.3154057896787597,train,False,98
0,100,c,0.07047131844422733,0.0687504008066584,0.07370068622368729,-0.049800373806244594,-0.05001342106351601,0.052556392897897125,train,False,99
1,100,d,0.007231754247181359,0.006538994144433364,0.005944912262922544,0.012353000814209612,0.012665579691273621,0.028675775044590478,train,False,99
2,100,e,0.18706203758169399,0.18895090344971155,0.21168049591230464,0.11985364227235729,0.11992736030923276,0.3264165180144857,train,False,99
3,400,c,0.05879321036145918,0.05858546107201587,0.072310320063215,0.06742907567800621,0.06737145953638334,0.8310299784310001,train,False,99
4,400,d,0.02554705895974017,0.015302614162674932,0.009872644794648302,0.0003637300598406945,0.0065316052971953024,0.013042478439893266,train,False,99
5,400,e,0.1898284914381344,0.18754377814795645,0.2448425802323627,0.1300912761606172,0.1303683552495619,0.3482255756494419,train,False,99
0,100,c,0.11547043394003464,0.11545740185634942,0.11539724308289687,0.11348635859929473,0.11348169881501591,0.38448645623647737,train,False,100
1,100,d,0.0292332882612539,0.02924082695047135,0.01747095350214015,0.005836173738532366,0.005834380333659919,0.17181857534106007,train,False,100
2,100,e,0.23687568769501158,0.2363659602141523,0.3442400462590555,0.13208712230350408,0.13287536207780604,0.2663695504323415,train,False,100
3,400,c,0.08355708060882354,0.08366567395946291,0.09864791854661746,0.10412367390653848,0.10407112143521452,0.5911461575332493,train,False,100
4,400,d,0.011607776169541267,0.011674059766108776,0.007632585857539365,0.019464339338992324,0.01946062989279808,0.16486127175327162,train,False,100
5,400,e,0.18340439392695818,0.1834013229768562,0.24333476217593572,0.17703309441248924,0.1770195150828788,0.42506284355909435,train,False,100
0,100,c,0.050514128475564524,0.0505198280429049,0.08623465253237393,0.01537293875023984,0.015333376663249822,0.6233207703004472,train,False,101
1,100,d,0.006808282727316733,0.00680826624687582,0.00907835717961207,-0.01577835827193576,-0.015778563762800762,-0.004195526450140914,train,False,101
2,100,e,0.2385845450833492,0.2385087962818415,0.2661989668648205,0.11117170314762138,0.11116577290450291,0.3559686937604829,train,False,101
3,400,c,0.0678566024025375,0.06790470729825535,0.08048530339053045,0.09242753844606376,0.09238619712364063,0.635638019839874,train,False,101
4,400,d,0.006752594489715683,0.006752470373663873,0.007637123453060213,0.0008412682925408532,0.000840065281360225,0.040465148064255274,train,False,101
5,400,e,0.17547598307789333,0.17545840566186158,0.26419652812285316,0.1730597202684426,0.17306511163881305,0.30259895288287303,train,False,101
0,100,c,0.12546647298354258,0.19493344684987168,0.06680206943547559,0.03052445616583519,0.01054057588278127,0.349682129488747,train,False,102
1,100,d,0.012592281168266974,0.012592309987836663,0.011322678935305704,-0.037983241254877294,-0.03798364596015052,-0.03617616388362704,train,False,102
2,100,e,0.19081137044506602,0.19086288151388695,0.19977835694288576,0.15060820293207852,0.1505870485789511,0.28940405847107925,train,False,102
3,400,c,0.08773364690071256,0.08787468875494482,0.09250420441038498,0.02568242778329896,0.02563438680657285,0.6408231651509487,train,False,102
4,400,d,0.004838449658156994,0.004838618010024013,0.005495108608690865,-0.0036437539570731837,-0.0036443061420055756,0.14298794431828923,train,False,102
5,400,e,0.1792682665341106,0.17928220725688265,0.2802965827618374,0.15782379084067422,0.15781625059649584,0.3160005516919399,train,False,102
0,100,c,0.11176795065961746,0.11173725692799671,0.1104827521253516,0.0662388434754773,0.06622043456458172,0.8239825915090363,train,False,103
1,100,d,0.007944346394609147,0.007942888123478684,0.008646810011251478,0.01733313035154419,0.017333398460760333,0.03951398446583339,train,False,103
2,100,e,0.25085117998041395,0.25121457059707736,0.32787318103789403,0.167812296435557,0.17854786926856211,0.2339413275784818,train,False,103
3,400,c,0.059519216268488814,0.05950790321811739,0.06201284149152478,0.024252790460193907,0.02426509557765499,0.7955057619561222,train,False,103
4,400,d,0.0060595291637492,0.01590865521396905,0.007752457152633371,0.0035113685950953944,-0.003741377433437467,0.12023435708820923,train,False,103
5,400,e,0.16180417588218884,0.1618187281748206,0.271308979314948,0.17000811972015192,0.17002075745851195,0.3582006432829452,train,False,103
0,100,c,0.06517377132648156,0.06517021527365079,0.09451431570003699,0.01857799260789605,0.01857517104740566,0.32757563924698047,train,False,104
1,100,d,0.00537984108733635,0.005380384200559231,0.006637793278042468,-0.0017642392006142061,-0.0017644971617512795,0.03127153690261725,train,False,104
2,100,e,0.2307352913699912,0.23072775392072284,0.31550990792017514,0.16151144842587242,0.16150448305784793,0.30038696230616074,train,False,104
3,400,c,0.05526685934429906,0.05526705148847893,0.0751988802418201,0.05398432592674837,0.05398525238531022,0.411402438322526,train,False,104
4,400,d,0.0061933021458593605,0.006193377256417985,0.007674506737864417,-0.0016920348643078853,-0.0016918773415618028,0.018649677925147826,train,False,104
5,400,e,0.16312905170990613,0.163130516166077,0.2525751172941138,0.15692744934104735,0.15693137429615273,0.34431451434974397,train,False,104
0,100,c,0.052683560734567286,0.052684863297142115,0.05383773756434347,-0.03704759031523764,-0.03705562494011502,0.35165904828878425,train,False,105
1,100,d,0.006900858854819591,0.006901057431209468,0.0050578062949096746,0.00823451034125192,0.008234196586456638,0.1743231120429519,train,False,105
2,100,e,0.21208920881384646,0.2120952102178593,0.32041693379827213,0.13847239297121974,0.1384606914442542,0.34717496124670616,train,False,105
3,400,c,0.08441002887745253,0.0843488900513065,0.09250671274446204,0.05546057308485466,0.05544557410055397,0.4322570250947275,train,False,105
4,400,d,0.008972651165644047,0.009006909495406067,0.009045338146058063,0.006532809032530018,0.006526474490928234,0.059488935165550816,train,False,105
5,400,e,0.1631277358372125,0.16319527029270492,0.23600824622521072,0.1493652984102036,0.14936361472931622,0.31645386927159413,train,False,105
0,100,c,0.07214476439251304,0.07216797981614465,0.060637431772170326,0.048420401138683004,0.04838509851156495,0.961366499689428,train,False,106
1,100,d,0.006238362170711293,0.006239494451235593,0.006680673184005083,-0.0008177049990914398,-0.000818372589155132,0.07560040182467112,train,False,106
2,100,e,0.16038377039727486,0.16038293813526125,0.22472309555200717,0.13265162860423138,0.13264867787809784,0.39060621154093916,train,False,106
3,400,c,0.06449070492032387,0.06446714254992034,0.07686518182569482,0.011069835536962388,0.011062488568481186,0.7718299080987809,train,False,106
4,400,d,0.008082274194056159,0.008091966568085019,0.0070723809544704554,0.013968537227492863,0.013962651641665342,0.08984483261366961,train,False,106
5,400,e,0.1751671233629291,0.17514581718793754,0.30671049784455723,0.1524142031782651,0.15241539013174474,0.32398159914262087,train,False,106
0,100,c,0.0715937857912383,0.07157190226817033,0.08147646719760444,0.0037500404464637428,0.003742465461902427,0.27487829330876606,train,False,107
1,100,d,0.013314311999205233,0.013426956954401546,0.011737479007452124,0.010347103833056188,0.010259489336715806,0.05339517753703726,train,False,107
2,100,e,0.19333258923505203,0.19334707236510507,0.23736874308009814,0.13410858423702396,0.1341114489861373,0.3407091353608692,train,False,107
3,400,c,0.057645154394137546,0.05770058026504912,0.09024781340255754,0.10463632730818788,0.10462325094417153,0.4507110013536851,train,False,107
4,400,d,0.006805271746334682,0.006799523246495751,0.0071119671629614545,0.010116424545410698,0.010115289292376612,0.11639502302771372,train,False,107
5,400,e,0.20001018559751452,0.20007411936164224,0.26144281057195917,0.16402451370365462,0.16401766691516834,0.3156079749995038,train,False,107
0,100,c,0.07431670138326399,0.07435620195450855,0.07275968160191273,-0.0564229157718929,-0.05644335381825826,0.5929733311905172,train,False,108
1,100,d,0.010843341112589118,0.023312448341253712,0.0064796838566126445,0.022828770918627866,0.018902075315606233,0.027796423861479694,train,False,108
2,100,e,0.15825546745452979,0.1580983457691198,0.21375986720663992,0.09921353249710212,0.09920030913076457,0.4139207289840565,train,False,108
3,400,c,0.07580928803252647,0.07623201339127442,0.11223446318023836,0.005462477699865503,0.005436192218407854,0.4878339351852752,train,False,108
4,400,d,0.004635641239691064,0.004635335967546889,0.005106926251711945,0.008493530692970168,0.00849354449950857,0.057778483971524054,train,False,108
5,400,e,0.15882177182844676,0.15882672304699147,0.25970503588377275,0.13794392516777662,0.13793593453956157,0.3275927028860162,train,False,108
0,100,c,0.06657894704163306,0.06666077959296672,0.07034167919269613,0.03568500242972192,0.03565057242464121,0.9133399331340033,train,False,109
1,100,d,0.0038527998265337486,0.003852890826121013,0.0032757475937891505,-0.004451356329947433,-0.004451772447917755,0.02716943783264542,train,False,109
2,100,e,0.17988568099929747,0.18157017365771394,0.270577203729741,0.13248406908224872,0.13281323013710875,0.3146309599320187,train,False,109
3,400,c,0.07381646462708669,0.07387756831136418,0.06361203397437082,0.1088291493962018,0.10876527726848295,0.602979444727757,train,False,109
4,400,d,0.009403734456691813,0.009404453121846436,0.00969832449222353,0.02541393854305909,0.02540929564510739,0.15940995581685388,train,False,109
5,400,e,0.21661717744489967,0.2166642190350151,0.30942465184445384,0.16696761041753277,0.1669584491377907,0.30650498311896374,train,False,109
0,100,c,0.08176480530949667,0.08174960428958741,0.08036465300310615,0.051324551514915696,0.051317531289115335,0.39469641188217536,train,False,110
1,100,d,0.008745394636236591,0.008745541906626221,0.007202059678754103,-0.02161615861479321,-0.02161651357934968,0.04918948138052375,train,False,110
2,100,e,0.18600572840924806,0.1858838231110779,0.31281316323083125,0.1223678669389243,0.12236502529155092,0.27844293558944005,train,False,110
3,400,c,0.15343754026929998,0.1287334048225133,0.13436921115773665,0.042045140964056746,0.043723681830552794,0.7979658183432788,train,False,110
4,400,d,0.005180398345314128,0.007479128691220355,0.007520832223719712,-0.008937266241564927,-0.010499781661941637,0.04779839531138908,train,False,110
5,400,e,0.15744326875127446,0.15746205193723375,0.250923209896077,0.1739195311078998,0.17390820141125665,0.2997990197861484,train,False,110
0,100,c,0.0588284744918875,0.058801814537305354,0.09555212719908412,0.014749020755874085,0.01470721992319369,0.7343007494011387,train,False,111
1,100,d,0.004291384948850664,0.004291419403866598,0.004644136569388493,-0.016278820062047786,-0.016279164321803385,-0.010138154883998655,train,False,111
2,100,e,0.24149667243252307,0.23802376965887478,0.277947520124945,0.14575482221750896,0.14490790716376892,0.3162014959004843,train,False,111
3,400,c,0.08012185203905016,0.07903821182634027,0.1040375653044341,0.10707828072798378,0.10716242128704437,0.7374755580556902,train,False,111
4,400,d,0.005264462917121071,0.005264535173868842,0.0050576758054989065,-0.010478860372191203,-0.010479064676561869,0.01117841896300332,train,False,111
5,400,e,0.17902363297373478,0.17895671744840455,0.28277939478217784,0.16172832009740284,0.16171513000932208,0.2872812006800692,train,False,111
0,100,c,0.09652991781013781,0.09652998468298316,0.09976736273635928,0.05091390245808853,0.050905755080043205,0.7893019051627153,train,False,112
1,100,d,0.0038665887155184073,0.0038667690420926327,0.005489496028189314,-0.01701077194219309,-0.01701111062321118,0.0023222083257397586,train,False,112
2,100,e,0.23158361273505104,0.23159163414577627,0.34555462979794377,0.1880260889710273,0.18801899591621207,0.30188898258302943,train,False,112
3,400,c,0.05843466135162985,0.058437569675313335,0.0780566931862037,0.041598516436497375,0.04159417078641965,0.5003283754334088,train,False,112
4,400,d,0.004135526242009515,0.004135706100794028,0.00534175166175414,-0.01115485053630918,-0.011155129304802785,0.027813510080921554,train,False,112
5,400,e,0.17459039748788852,0.17452383333194782,0.2593204733597704,0.16865967436311458,0.16865954217160728,0.30045550132390686,train,False,112
0,100,c,0.14139012114773508,0.1413642137036523,0.06552894689933061,0.13403595963362136,0.13403053376545132,0.8376935018299858,train,False,113
1,100,d,0.007926648901867348,0.00792644300483351,0.006827195941390918,-0.020604891303464896,-0.020603507971315747,0.14450892009251004,train,False,113
2,100,e,0.18399113882406823,0.18388462491784185,0.23281464116378564,0.07524610433246565,0.07522857098333603,0.40105494031030015,train,False,113
3,400,c,0.07760722528325593,0.07767997565646141,0.08384753013932715,0.0888202975190427,0.08875768704622829,0.8400072388186879,train,False,113
4,400,d,0.008203771528653541,0.008195140491946161,0.006872202345803678,0.021676812539614725,0.021676195047363685,0.14651093112251407,train,False,113
5,400,e,0.16539636699257962,0.16539504811509326,0.2641388849517031,0.17516475841716747,0.17516280123716185,0.3483398049871662,train,False,113
0,100,c,0.07716034691594215,0.07721803142303353,0.07227605917271536,0.09166492393141937,0.0916531218600673,0.4909974260435625,train,False,114
1,100,d,0.010520909825836384,0.01051072608411726,0.008650285288674495,0.004281804022901739,0.004278662190369253,0.13734298175649276,train,False,114
2,100,e,0.3164889744921577,0.3165371860192654,0.33089615110794063,0.1284019396500796,0.12840457007860234,0.2637793516587541,train,False,114
3,400,c,0.051108214767085575,0.05101464747592119,0.0759535854428779,0.05138714716726568,0.05135171593050245,0.7471478620614442,train,False,114
4,400,d,0.004431203895101874,0.004431426905380761,0.005120889694522139,0.008077335666618684,0.008077086030442118,0.05086827258173372,train,False,114
5,400,e,0.16412310980503433,0.16417254417065327,0.2580224074874552,0.16459096612884164,0.16458815916707406,0.2782285408262175,train,False,114
0,100,c,0.0660218265217229,0.06603524210584415,0.06330430977906587,0.05915683116108952,0.05914058530066697,0.7283640275642713,train,False,115
1,100,d,0.015559043051988092,0.015563619034163393,0.00705856406953003,0.003592037431330386,0.003590932021286868,0.02610348676930123,train,False,115
2,100,e,0.25569348633537553,0.2556596633201709,0.37042621654904195,0.12634438714629886,0.12633336000708617,0.24464228526413936,train,False,115
3,400,c,0.08434869251484681,0.08436856185571391,0.08754301137132747,0.06270202405420726,0.06268033416380604,0.192272301474639,train,False,115
4,400,d,0.005917470065072197,0.00591751068990768,0.006673914457590682,-0.005927371832495361,-0.005927763786644693,0.06133222041151175,train,False,115
5,400,e,0.16226333856450062,0.16229269878331806,0.2550566957192348,0.1570898622334741,0.15708342616843737,0.33069605493459087,train,False,115
0,100,c,0.06595979439511784,0.06582308948228287,0.07522538651171988,-0.004237694226100857,-0.004271632409878521,0.8442485293932352,train,False,116
1,100,d,0.0070067264743019116,0.007006317665828098,0.01183313904063352,-0.023849488785528266,-0.023849093140139388,0.046000486492580636,train,False,116
2,100,e,0.16996270690072315,0.16997164634499126,0.24982299467797617,0.14750015293022542,0.14749188152370174,0.312032110024731,train,False,116
3,400,c,0.06543427796251804,0.06548237397090344,0.09399811003140496,0.07048494230244103,0.0704465556288342,0.4053037684681204,train,False,116
4,400,d,0.005962574964712707,0.005957839401105439,0.005829539035454876,0.010977438817484765,0.01097594000726522,0.03262837383045101,train,False,116
5,400,e,0.20945715926511924,0.2096912326590239,0.2994702739280256,0.1772171911318927,0.1772471960435377,0.3120952800996282,train,False,116
0,100,c,0.07659085937921879,0.19856176026656924,0.1447151255968883,0.16379861577379146,0.12967442268961832,0.7424534761672917,train,False,117
1,100,d,0.04284490273175697,0.04285174134497766,0.010113149644612473,0.018032541893903586,0.01803050070437205,0.10098562937391545,train,False,117
2,100,e,0.18833543551213222,0.18833495324496727,0.3398358625502577,0.12515383176164843,0.12514531033145015,0.3056198369027153,train,False,117
3,400,c,0.057247608630170144,0.07946739677415093,0.0901536005300262,0.07358558128676436,0.061258707549092295,0.8601979481532345,train,False,117
4,400,d,0.007967416205421888,0.007987328102624711,0.007751847561870181,0.003709197148864778,0.0036976974366212723,0.11508843084614423,train,False,117
5,400,e,0.17918705051791511,0.17895450630125737,0.2793356324488025,0.16208814082922182,0.1622843493267178,0.3488360773683435,train,False,117
0,100,c,0.06374106513875574,0.06373629859616169,0.0798377055045743,0.04291767978081829,0.04289799708720622,0.48367317823741324,train,False,118
1,100,d,0.005623837560567182,0.005624182688043403,0.0081812905341631,0.0022654446899025337,0.0022650407778795944,0.0642721993731246,train,False,118
2,100,e,0.25514772361231636,0.25515238575047616,0.33937666327459065,0.14778795129242803,0.1477792169654457,0.22799439451523554,train,False,118
3,400,c,0.05859134442945898,0.05860923878998611,0.07527142114467426,0.06408412093841293,0.06407028064956904,0.6341531168268953,train,False,118
4,400,d,0.005022642609150113,0.005022573811257677,0.00686446265367921,0.0024726348440038495,0.002472572900047112,0.056803534150606544,train,False,118
5,400,e,0.2152916478627877,0.21529109045183656,0.2760945256975506,0.14374361529487067,0.14373092209160399,0.3130492201158163,train,False,118
0,100,c,0.07478330672374203,0.0747112546814836,0.09898062302170814,0.021080304531291175,0.02109243006458435,0.36854453060777637,train,False,119
1,100,d,0.0201511584317167,0.020158347485345823,0.00889407573506337,-0.0038790536561871037,-0.003880857859491691,0.06882214965350714,train,False,119
2,100,e,0.19333235290768713,0.193295548794229,0.28687680587112085,0.16755902292623648,0.16755584933218384,0.32277272927845574,train,False,119
3,400,c,0.06085073266533409,0.060850970659801024,0.0612397237203612,0.02201828024721067,0.02201155691779775,0.5969020993243163,train,False,119
4,400,d,0.004453886240436423,0.004454059408202973,0.004876343864409714,-0.003130036199349746,-0.0031305876324976014,0.019565526413495907,train,False,119
5,400,e,0.16994439015991628,0.16994219732842783,0.27065454317581156,0.15069392117824218,0.15068881834317222,0.3569405430412263,train,False,119
0,100,c,0.08794604500750833,0.0879409438418353,0.08257412825896299,0.0664895568595471,0.06644295637373211,0.9562407541100524,train,False,120
1,100,d,0.011582719238661913,0.014667834320998916,0.005921836014408195,0.029356169365923623,0.028359563945083457,0.08012015530090956,train,False,120
2,100,e,0.18688501174572889,0.1857412666890329,0.32019780026736716,0.15880298820732536,0.1591833361959511,0.31229267874305483,train,False,120
3,400,c,0.13710799194939816,0.13708909879695108,0.0762798557183361,0.06722616988135335,0.06719464700596398,0.3524236176765871,train,False,120
4,400,d,0.006275154393986919,0.006353879598949208,0.004954792569626035,-0.006629283661511689,-0.006767632736950571,0.0832497616074662,train,False,120
5,400,e,0.18390451508736816,0.18390129571100242,0.27388757929994795,0.11703861557927443,0.11703049305007969,0.3323134496138725,train,False,120
0,100,c,0.07709168871868693,0.0754380306553184,0.08281549725592631,-0.04756231910834096,-0.04819222104565931,0.8539378659109409,train,False,121
1,100,d,0.02045709560751852,0.02043739181929962,0.024004044488348187,0.009210921140123124,0.009208662588232741,0.11691715637069464,train,False,121
2,100,e,0.22411338617321813,0.24770798394554772,0.1729052708368357,0.07876896083209957,0.08020555484827853,0.3409848003421526,train,False,121
3,400,c,0.05619354125006163,0.05619542642075048,0.08134769903639388,0.012134873352735127,0.012146089669386058,0.6221739590888798,train,False,121
4,400,d,0.004849178231321621,0.007025366267574735,0.005312935149275477,0.0006765865722539211,-0.0012913930092929428,0.05155780203786234,train,False,121
5,400,e,0.17323810299526574,0.17320734096225263,0.21339151822731,0.14063348100516984,0.140619226513109,0.419239581456909,train,False,121
0,100,c,0.07365705403125722,0.07368100217435183,0.11772317255910603,0.11669156338286171,0.11668705812392417,0.6713677837151638,train,False,122
1,100,d,0.005708296736229247,0.006356414878111571,0.0065887978204001805,-0.02011518731277267,-0.020537706633926563,0.017935201915189207,train,False,122
2,100,e,0.18099307891371794,0.18099999834630112,0.2793201865153434,0.13553121115492764,0.13552512069627207,0.392119403148954,train,False,122
3,400,c,0.06406601096563165,0.06530111831044395,0.08684798391704954,0.13307844577217623,0.132481011606844,0.7211937763995238,train,False,122
4,400,d,0.006417997455477751,0.00642414955846496,0.007368954149693589,0.002350962138847166,0.0023466300034976763,0.015299122984134534,train,False,122
5,400,e,0.2041016555314138,0.20396309407091992,0.26456936187388896,0.1536972915862555,0.1536662376440643,0.35884557927344496,train,False,122
0,100,c,0.049589770645899395,0.04957405282997367,0.05396993279220849,-0.0414857864407847,-0.041500275023157014,0.6028466427350732,train,False,123
1,100,d,0.009217983229711516,0.009217979552653638,0.010047498277463141,-0.02128535948959929,-0.021285954176870875,-0.003356712929525756,train,False,123
2,100,e,0.15474656940261622,0.1547422494299814,0.245661227029579,0.17112672072245655,0.1711212318154789,0.28322445385148043,train,False,123
3,400,c,0.05045637457599721,0.05045751990418276,0.0670132934021049,0.04052382006441995,0.04052416388971615,0.5159149016008329,train,False,123
4,400,d,0.006287040340933905,0.006411653532017064,0.008324230573811712,-0.00914064948368372,-0.009169783194313403,-0.008419918825917866,train,False,123
5,400,e,0.17742579317311016,0.1773949877682834,0.25403774898537695,0.16214878285763015,0.16214171090366428,0.5160701340968877,train,False,123
0,100,c,0.07691884210986227,0.07691316651108368,0.06527163108651518,-0.06659364129828368,-0.06660892037631555,0.7257040646864996,train,False,124
1,100,d,0.005253321393927987,0.005251707462137709,0.006259667751442838,0.016683877730646942,0.016683488301823902,0.01755259594140915,train,False,124
2,100,e,0.18031647442469262,0.1693120692409224,0.2852695502712267,0.13361216648473082,0.13196321848755907,0.3363100588365951,train,False,124
3,400,c,0.06292345827316498,0.06291983808830788,0.09571609650979541,0.0528088618443018,0.052807079487683456,0.4118748410779363,train,False,124
4,400,d,0.006497699035571695,0.006491843774011461,0.005673570304351183,0.009922812080480483,0.009920467265592148,0.0450622988593631,train,False,124
5,400,e,0.1912483163819567,0.19115564474802776,0.3163072597805736,0.1712014218019944,0.17119732691208217,0.29872629059228417,train,False,124
0,100,c,0.04783907969844644,0.048117662837825474,0.07866425652139639,0.02590224912086285,0.025787809100889732,0.5647497045217055,train,False,125
1,100,d,0.011331478644892376,0.01136862918823064,0.004165889488489793,-0.010885895507938859,-0.010890297218661225,0.0010934640667300854,train,False,125
2,100,e,0.25374254538931906,0.25375742745348834,0.2895348793353327,0.07713679060397396,0.07712795599001396,0.2968516173515561,train,False,125
3,400,c,0.06262968750389614,0.06262756511356564,0.0653607839388205,0.013633933796041902,0.013616494035359281,0.32456451663669694,train,False,125
4,400,d,0.005822227734896497,0.01161546729813701,0.00583581336427488,-0.005350277443129929,-0.006879721595701831,0.08939528030716282,train,False,125
5,400,e,0.16431814268861986,0.1645057934591191,0.29334475063174087,0.14440677713537597,0.14440235643755095,0.34188690383682163,train,False,125
0,100,c,0.07199695404147666,0.05544254875644481,0.0725985836424432,0.07739114033147373,0.07881499083209562,0.2715441821566549,train,False,126
1,100,d,0.040134519960078954,0.03370827338813279,0.018360286246631614,0.040454477535602676,0.0446739594030494,0.09082186520050778,train,False,126
2,100,e,0.21728288531847434,0.22839149362830394,0.2612507755860713,0.12430759254924241,0.12528926281508398,0.3462355237736086,train,False,126
3,400,c,0.06188145994783069,0.06187894459243709,0.08811601623234143,0.014117716770714139,0.014115446695305707,0.5771267141538049,train,False,126
4,400,d,0.009517898328528172,0.009522808820081786,0.007848900704206475,0.009798621288246637,0.009792087814316232,0.07874013144762262,train,False,126
5,400,e,0.18211658974041103,0.18211689511096496,0.31154561044106743,0.15732612338460122,0.15732148940233123,0.2973502198050424,train,False,126
0,100,c,0.06200656612540627,0.06200679791949305,0.06864625171973013,-0.07997988348901863,-0.07998203918315212,0.742062885187349,train,False,127
1,100,d,0.005909310651302141,0.005909488484376532,0.007971464300014126,-0.016924261830548064,-0.01692465951596038,-0.01643294148483042,train,False,127
2,100,e,0.13674993753872972,0.13676849810668273,0.20849461078737172,0.155329767931937,0.1553193120086281,0.2598325763767424,train,False,127
3,400,c,0.06470477429666067,0.06474508597115175,0.08084375483295846,0.055535070366419886,0.055501057526556395,0.5086044700946514,train,False,127
4,400,d,0.007746731848008186,0.007732027766910886,0.007759952380912042,0.018521886766076873,0.018521767579873335,0.1345791808272859,train,False,127
5,400,e,0.21465414148619724,0.21466703250444003,0.3282400250743518,0.17506521987860788,0.17506432304383843,0.315037191987358,train,False,127
0,100,c,0.04971104482605933,0.04969979270927831,0.0743840623383234,0.012460269711932882,0.01244750293363282,1.1473075830224508,train,False,128
1,100,d,0.049788176303157614,0.049799520063572474,0.01896955758915928,-0.013801779839472079,-0.013804774916902698,0.19498107506529455,train,False,128
2,100,e,0.19471636937197964,0.1947160265869831,0.21422662190510525,0.07844636811314701,0.07844002452544978,0.3165564385987003,train,False,128
3,400,c,0.0688460358584604,0.06164060764779799,0.06868155153013066,0.04413852190237485,0.044849384631337655,0.3936125993905469,train,False,128
4,400,d,0.0051840079381165124,0.005161905398384395,0.0036173029688378257,0.010604424209660337,0.01058929632641032,0.06087171974815725,train,False,128
5,400,e,0.1654913123529404,0.16549164492044588,0.25103665781089274,0.17212246822619023,0.17211666763711195,0.3320235791123156,train,False,128
0,100,c,0.0545729210369023,0.054559932918468654,0.10278887481833408,-0.03003080084678487,-0.030038382138410997,0.1484420875875663,train,False,129
1,100,d,0.00738563748095624,0.007385563200394824,0.008668348293115961,-0.01064340290133318,-0.010643448279224331,-0.0013794041165832737,train,False,129
2,100,e,0.22949234355385087,0.2294905333436649,0.29985290904672357,0.19728116824142305,0.19727486875969327,0.27639015256526334,train,False,129
3,400,c,0.06435596567622344,0.06435516087657574,0.10898262784925121,0.0652739357264099,0.06527204240211887,0.3346903575162672,train,False,129
4,400,d,0.005863567681122648,0.005863609888151472,0.0062566011979893,-0.015994902882035457,-0.015995459283356474,0.005657850952604662,train,False,129
5,400,e,0.173726467675928,0.17355929808684953,0.25849498132329546,0.15535414808711223,0.15534253950044224,0.3279371579313735,train,False,129
0,100,c,0.07135530309231199,0.07850987223350481,0.07637292521868387,-0.02607638516731683,-0.03313784955630325,1.2062293241740152,train,False,130
1,100,d,0.003203316885838854,0.0032034271310650234,0.004987600878050038,-0.023276870009061364,-0.02327724176162228,-0.013970795285182884,train,False,130
2,100,e,0.13980446587845588,0.13980137255410252,0.28209919121056387,0.13307249927573403,0.13306798215162083,0.32630266683646025,train,False,130
3,400,c,0.06508027338508354,0.06480038597624595,0.09337730371188777,0.09430828411942428,0.09428518146154645,0.5902718133735788,train,False,130
4,400,d,0.005440459031720353,0.00544068637401656,0.006674346366454333,0.004147642223830417,0.004147333438205063,0.04199463670434726,train,False,130
5,400,e,0.18087238826275975,0.18072995013673668,0.23896479709964108,0.16927438104104808,0.16925156651967732,0.30959305576318813,train,False,130
0,100,c,0.06489849595574324,0.06488329541451202,0.04950441285973321,0.062188466703583745,0.06221149359866502,1.195781665055294,train,False,131
1,100,d,0.04214496637132752,0.042148004405805045,0.009407773096729865,0.008340227720040581,0.008338107040663517,0.031241826295903597,train,False,131
2,100,e,0.25942401682135086,0.25943737470455813,0.2829894348671826,0.16270840780335305,0.16269851956042175,0.2639206127148554,train,False,131
3,400,c,0.052033700057974294,0.05206180581221512,0.08555821031367385,0.061304142516228385,0.06127392558044342,0.5642907278327606,train,False,131
4,400,d,0.008972426350242946,0.008641340615763896,0.009367343889893475,0.01589139082167893,0.015966384878628705,0.046654443509915565,train,False,131
5,400,e,0.1790991463677964,0.1790368813814333,0.27421123137551134,0.1318046375887225,0.1317982530972389,0.4074477366990931,train,False,131
0,100,c,0.1254131782850985,0.08385760756733023,0.07160879706321108,0.006077949952780699,0.018586537969852372,0.6230969660404284,train,False,132
1,100,d,0.05208501041007147,0.052087680439317864,0.038964106295233315,0.02550909218040406,0.02550575664819679,0.12013411855062675,train,False,132
2,100,e,0.3573608207062071,0.36243086298879523,0.4264270357217989,0.13697202428740657,0.13932198229041962,0.2838358111864243,train,False,132
3,400,c,0.05999117366110953,0.05999021245273957,0.062155491607777114,0.034717428668499084,0.03471839874869062,1.0495679793688961,train,False,132
4,400,d,0.018778479371671444,0.018697762937984818,0.011155236973936082,0.007101158838473048,0.006793119842088053,0.2293585008405207,train,False,132
5,400,e,0.163445161084823,0.16339852985018363,0.2573571157292262,0.16610531346644777,0.16610925371212687,0.3096648871060884,train,False,132
0,100,c,0.0682769639156734,0.06717626347401277,0.07150984453528009,-0.09601787644680876,-0.09605276715831672,0.34729623979850627,train,False,133
1,100,d,0.059017556862248514,0.05901201727449874,0.0420544007173966,-0.007963721607919184,-0.007970205394341363,0.04905996018377852,train,False,133
2,100,e,0.20034293431785413,0.2002012759684306,0.24177929109558693,0.10495139968900319,0.1049289475777347,0.3499948924484136,train,False,133
3,400,c,0.055339382531934884,0.05541088189054867,0.0752521842611593,0.0603463670991097,0.060272321300906526,0.7484105785056346,train,False,133
4,400,d,0.004248267328767511,0.0042483773207054615,0.004506329638563342,-0.016524284686026753,-0.016524678219514807,0.059469987548761975,train,False,133
5,400,e,0.1507362102449284,0.1507889628793129,0.24118587757832977,0.1259654408213308,0.12595957396635613,0.3374947211511692,train,False,133
0,100,c,0.1268170316493984,0.12682267990098797,0.14888497742297271,0.12483783842345361,0.12481330167223803,0.7540710025882201,train,False,134
1,100,d,0.004169393247294763,0.004169359907667093,0.00729884790832308,-0.004774019939807203,-0.004774020683325056,0.12764840283377424,train,False,134
2,100,e,0.13667120357413481,0.1366055860368767,0.24309276321651044,0.146294823738214,0.1462875888440602,0.2848673862830725,train,False,134
3,400,c,0.054419060985093026,0.054454252805740386,0.0840427407137373,0.05878560242016761,0.05870798409828993,0.8388841478687661,train,False,134
4,400,d,0.013274198746493325,0.013271822988079194,0.004346444277941278,0.005988981326133569,0.0059890697291835335,0.09071540545733654,train,False,134
5,400,e,0.16227173355977575,0.16226108270140127,0.2512373681192573,0.16817475446280847,0.16817369938650978,0.31152853175947226,train,False,134
0,100,c,0.07067892661621805,0.06966493647108592,0.08818808685329714,-0.12258488351142653,-0.123119833666766,0.5695429410683512,train,False,135
1,100,d,0.013336560875381032,0.013537172366063515,0.009307632435085296,-0.0005475801733143548,-0.0005544045398103137,0.10306668930796625,train,False,135
2,100,e,0.12671837104351766,0.12671846443713794,0.24654163547946337,0.08619094464107584,0.08617991784847917,0.7080373370176956,train,False,135
3,400,c,0.056076251073522786,0.06812784223990352,0.08775085341551568,0.05050323069423719,0.04099744384763284,0.876530803049247,train,False,135
4,400,d,0.005737093750120565,0.007281930142252433,0.006339311380523892,0.006611930391749414,0.0059517003946203675,0.0069773041156947005,train,False,135
5,400,e,0.17239609183764787,0.1723547117881886,0.26706401983495054,0.1444950266979127,0.14449066751504558,0.3726516589564906,train,False,135
0,100,c,0.06582747468828982,0.06582479725013282,0.08640602761451716,0.08265058452000801,0.08264099706524711,0.6781557080650196,train,False,136
1,100,d,0.010342494986474183,0.01034276836459761,0.0038835836957890075,0.0003494479437400422,0.0003491688428325901,0.14461283001023262,train,False,136
2,100,e,0.22658496415109874,0.22643625673395207,0.41110831276546433,0.13175085574206108,0.13174362215391625,0.3474398918778774,train,False,136
3,400,c,0.07809887318731551,0.0770734466853187,0.10042197333589814,-0.06119034152124904,-0.06128301049321024,0.23144246336010796,train,False,136
4,400,d,0.0054670520654318665,0.005467017614833905,0.006855183331305609,0.007296742307637078,0.0072966390174643795,0.036932115720694526,train,False,136
5,400,e,0.2024472177323297,0.20309862386698416,0.2293907090656294,0.12458379573823199,0.1246538114207105,0.3470900203458314,train,False,136
0,100,c,0.06241661183643644,0.0623889673997334,0.0815109045397929,-0.033843997022408485,-0.03385246586907719,0.4610912150852753,train,False,137
1,100,d,0.007379440446305571,0.007377860196499906,0.007738174038409129,0.009586081304653096,0.009586127342476854,0.15127742177737022,train,False,137
2,100,e,0.18124391835305861,0.18125536461049033,0.15323102992883048,0.07624305540415435,0.07622915985646352,0.3313080123786443,train,False,137
3,400,c,0.07117539412718099,0.07118021629174721,0.075943307199901,0.11907335699030981,0.11906859152590143,0.726017616742675,train,False,137
4,400,d,0.0055737720738105265,0.005573851351700518,0.005385127147215288,-0.016788686336469977,-0.016789021668549255,0.025961928277701513,train,False,137
5,400,e,0.20775929338526836,0.20788308983504475,0.3122830552078777,0.16722185124742014,0.16721654822964754,0.33453486741822613,train,False,137
0,100,c,0.0945934331676704,0.09454655477861788,0.08388155878291315,0.00047276196878144106,0.0004603672858981156,0.43033571655220937,train,False,138
1,100,d,0.007123711803060805,0.007140001993471031,0.0065700441750534515,0.019554192925908574,0.019549167614155608,0.04471753952591639,train,False,138
2,100,e,0.21971958383754636,0.21966584142874196,0.23818408523973575,0.08647686200716098,0.08647212611468082,0.238263422220234,train,False,138
3,400,c,0.05792885460546219,0.05793585007894194,0.06773941691680901,0.03370081450425367,0.03370765494995481,0.4605842967592541,train,False,138
4,400,d,0.005516677122906267,0.023434960726668726,0.0048580532547447255,0.013469619173474391,-0.0011747263281763054,0.21947499230530026,train,False,138
5,400,e,0.19394231377640725,0.1939051373072669,0.23353459123338435,0.11622834333526189,0.11621798958736942,0.3435882977199345,train,False,138
0,100,c,0.08896877428882291,0.08900430291751366,0.07352264929607281,-0.0038955522952632293,-0.003997229664908702,1.095845398176981,train,False,139
1,100,d,0.01031988784285865,0.010322889941252468,0.006797888316468183,0.019529420315346168,0.01952924730360989,0.046227811790564816,train,False,139
2,100,e,0.2193581640545926,0.21930392225058476,0.34173077152858056,0.16378795591000697,0.16378176859755036,0.32461689259892523,train,False,139
3,400,c,0.06512790825461684,0.06514554732961138,0.09607571353457545,0.021748323962816302,0.021713925531903586,0.6762818752549842,train,False,139
4,400,d,0.006802659778342253,0.006802484416683812,0.006719145677333358,0.012389374587135543,0.012389260429225004,0.07336612676596134,train,False,139
5,400,e,0.17064161292462615,0.17063189625684697,0.28334465382874346,0.15873182338131103,0.15872154654617057,0.3050932259064166,train,False,139
0,100,c,0.06799366948664252,0.06786058370509543,0.05624761372298403,0.05921715659039954,0.05919577456476695,1.1583667187499864,train,False,140
1,100,d,0.002829415878166587,0.0028294558778761453,0.0029014019592642337,-0.019294669138427895,-0.019295125566614182,0.002508191329148186,train,False,140
2,100,e,0.1331328054286244,0.13313727584282323,0.19467710249959808,0.13700802147191696,0.13700496856962893,0.30483787372010546,train,False,140
3,400,c,0.057249339321312126,0.057246709277164805,0.07138783178229813,0.07129333892863272,0.07129318326437535,0.5322416066679776,train,False,140
4,400,d,0.006423093584040041,0.006441308243060244,0.005359363542057003,0.018740798528133772,0.01873017573385287,0.09587543308473076,train,False,140
5,400,e,0.1673785213861883,0.1651522456988098,0.28372385049266946,0.15381387346734787,0.15598428268598288,0.2785148263333939,train,False,140
0,100,c,0.07453629355256165,0.07452735488193488,0.10467837482365272,0.0453227885038168,0.04530022133582584,0.602297686687227,train,False,141
1,100,d,0.02636431945996999,0.026364975747974247,0.011679749765511163,0.01867205778845932,0.018671967843353662,0.22379942692980076,train,False,141
2,100,e,0.1948381518850911,0.1948759087798015,0.29680417882076915,0.10384325222952714,0.10382756320081288,0.30721196181122984,train,False,141
3,400,c,0.060250326603209926,0.05975549686889044,0.0973980346476545,0.08610515265920818,0.08626399838931299,0.760836991066016,train,False,141
4,400,d,0.005933799637673268,0.005937006650995993,0.006189838420201586,-0.0018622938865821403,-0.001865557385733201,0.1007105989818605,train,False,141
5,400,e,0.19422346101307297,0.19423841027565483,0.2967622611472994,0.14828453218573245,0.14828602091420315,0.3091366368647861,train,False,141
0,100,c,0.08223962086869711,0.10168613133197503,0.09209702505350607,0.1108699427974888,0.10304727552884899,0.8916959922277347,train,False,142
1,100,d,0.0175550243542737,0.017560915391224396,0.015322146202322388,0.007135920339493645,0.007134188828995338,0.014426879398874543,train,False,142
2,100,e,0.24781608338236288,0.24784316743904047,0.3154918709929111,0.13907767313157876,0.1390696622772159,0.31319282357785644,train,False,142
3,400,c,0.05097233905709218,0.05095889172674004,0.06549324951944849,0.05852331270621278,0.05845462333640839,0.6811102088541048,train,False,142
4,400,d,0.006750227470151561,0.006750359338330247,0.0051297868860087515,-0.003349598594158589,-0.003349941211535814,0.03357797593615187,train,False,142
5,400,e,0.16874737530084338,0.16874808453955675,0.2848886849686244,0.14695513973078783,0.14695415165330858,0.33959843023504177,train,False,142
0,100,c,0.11192519196378141,0.11193733148008539,0.10826914209092228,0.026997140137375766,0.026989082065058838,1.1795870476238992,train,False,143
1,100,d,0.01852858925635334,0.01853078750880555,0.01011718752722358,0.01477702723759787,0.014775292088755627,0.01842805497311458,train,False,143
2,100,e,0.19361329119094478,0.19369581910334976,0.3411736179507672,0.13267039621178556,0.13268347844368591,0.3171523164841003,train,False,143
3,400,c,0.06049065467132521,0.060380244627998764,0.0803277954524895,0.0006149245395448589,0.0005691492306891632,0.5745855698041505,train,False,143
4,400,d,0.021889953100552622,0.02187542830926481,0.009276984414822106,0.01233509588908067,0.012329985258244011,0.09029354713798296,train,False,143
5,400,e,0.23552115202369403,0.22399520999005543,0.28557975057704665,0.13875828293148232,0.14063122521983928,0.4202517461764249,train,False,143
0,100,c,0.06590731939976321,0.0658007211797564,0.07565822683481739,0.0047204310671240535,0.004708208809438617,0.7906779233690021,train,False,144
1,100,d,0.0041616950814801984,0.005738747057216372,0.007702674556941544,-0.00427210700031516,-0.006922997307842689,0.07516702827655268,train,False,144
2,100,e,0.21910686516877795,0.22004836476273326,0.2001863229015436,0.09948956401943938,0.10225693544319818,0.30036069951203254,train,False,144
3,400,c,0.05979151344881898,0.05979473345841845,0.08145438067413123,0.07327357102896627,0.07326965231991807,0.5599896882810826,train,False,144
4,400,d,0.005406594134800385,0.005407944409599811,0.0059003943278568925,0.0037537239789161526,0.003753306339902771,0.0962968701955866,train,False,144
5,400,e,0.1711475623606672,0.17043151646688617,0.2964782773986771,0.18289112144457345,0.1827971133745339,0.33851499956052494,train,False,144
0,100,c,0.05561850481399851,0.05556003964311065,0.10215199524102822,0.01818856358942668,0.018196712348376422,0.849722250694874,train,False,145
1,100,d,0.0033844781497754444,0.0033846419873889456,0.0037219157084822626,0.004702733886144746,0.0047024150571794545,0.011060394761413673,train,False,145
2,100,e,0.19682785663164307,0.21545723240136863,0.3281498808644534,0.12690773097986566,0.16212021778831648,0.3231853215431515,train,False,145
3,400,c,0.05044449747347241,0.050520928958019365,0.08508610699980823,0.033546601487189846,0.033566304576141945,0.6516737030540227,train,False,145
4,400,d,0.004476194131896035,0.004476422612932798,0.00540262328166312,0.008795174893299259,0.008794915220135965,0.04351748490339208,train,False,145
5,400,e,0.18414287880063474,0.18412884446483674,0.25018836588367954,0.12921521907704273,0.12920422007068172,0.31409669038263,train,False,145
0,100,c,0.05100486696091485,0.05099393289350401,0.07569226704350164,-0.015240740214361068,-0.015250427698391036,0.7332178580683285,train,False,146
1,100,d,0.005107784527933713,0.005107792998723018,0.005517788619562512,-0.031804844004373896,-0.03180540188448514,-0.011703761189420963,train,False,146
2,100,e,0.1817153499761273,0.1825471531398774,0.17334893164999204,0.08756356490476844,0.08752470256369091,0.3204983810153572,train,False,146
3,400,c,0.06388051972274192,0.06397112013405165,0.07427547941249245,-0.036691573043502575,-0.03675181485824098,0.875272065942479,train,False,146
4,400,d,0.009351648673273637,0.013989127760371938,0.007128797327665412,0.024111059275038864,0.019189674532360784,0.1447372291783447,train,False,146
5,400,e,0.1886283804048442,0.18611072543910218,0.2873343182589964,0.14128832805666278,0.1429292401135811,0.3055912710544827,train,False,146
0,100,c,0.050985395668861705,0.05098333991314791,0.12393493919743578,-0.015275773593277222,-0.015276631723684276,0.7472760379844476,train,False,147
1,100,d,0.00890450610074023,0.00890848230166483,0.00804459049212487,-0.004276987115683468,-0.004278043439098021,0.014853615377384007,train,False,147
2,100,e,0.2821696697142194,0.28212538589512937,0.35700945343169826,0.14216352532681314,0.14215264995895183,0.2411359485035372,train,False,147
3,400,c,0.05167935248498548,0.05167997939323322,0.08583564240796929,0.02557717030809229,0.02557351385820958,0.8650637077919748,train,False,147
4,400,d,0.0054563404582064325,0.020058254910951527,0.010037180923982621,-0.005362577776309472,-0.01417485884687638,-0.005595097838906291,train,True,147
5,400,e,0.1958175481503288,0.20480297002367379,0.26097578337755384,0.1550394396401187,0.15350224251341746,0.3084976656517028,train,False,147
0,100,c,0.1535314701087955,0.18845069561352365,0.07219302315704867,0.06356701199460246,0.06166222909785702,0.1969029946781059,train,False,148
1,100,d,0.02092390547714159,0.020946419798706373,0.018970178960903646,0.007419528203236627,0.007418681430824723,0.07405046849447867,train,False,148
2,100,e,0.2787638161638013,0.27878922871763534,0.4015796839328635,0.1159738127452469,0.11597402151354619,0.28938085523793255,train,False,148
3,400,c,0.06082441743772302,0.06098596722764145,0.07810171699397553,0.0827820453419175,0.0827342584182356,0.4277930102224515,train,False,148
4,400,d,0.013471496607651266,0.013444337934429196,0.013903798503110599,0.02371684229005698,0.02371652384424669,0.06256518745785523,train,False,148
5,400,e,0.19377022276318392,0.19373124299480632,0.25071478850098083,0.13547651597997523,0.13545730299209433,0.32531773752185045,train,False,148
0,100,c,0.20726678832175338,0.20727310636218874,0.20496147701761316,-0.044079428793615566,-0.0440993689467296,0.9557939216890212,train,False,149
1,100,d,0.02070225925628607,0.020225369083382856,0.009604076586415522,0.012458610905592575,0.012477857990159685,0.10671614433335401,train,False,149
2,100,e,0.20517041428165986,0.20511578599490501,0.23783901875746224,0.1060983422277242,0.10609259782723442,0.41481403718497023,train,False,149
3,400,c,0.05254713214422171,0.07142471905722499,0.08752900278192798,0.05957017498427867,0.05355912352048336,0.9341634824052657,train,False,149
4,400,d,0.00419502562049698,0.0041955177175081616,0.004902124187146481,0.003787071035514469,0.0037866532154572498,0.04374430798392183,train,False,149
5,400,e,0.1618070063680135,0.1618221841394354,0.2757718361089545,0.14985610200258012,0.14984579127301526,0.3280976056383251,train,False,149
0,100,c,0.07852737829421749,0.07852999633614359,0.07527648701938115,0.08604632772939652,0.08604352275951137,0.7312639830177116,train,False,150
1,100,d,0.01142216755529924,0.011430687845122054,0.006504823710492158,0.009451679086168632,0.009450123158193265,0.01198926982224112,train,False,150
2,100,e,0.253514533436728,0.2535222117772065,0.3001422609051765,0.16931738974549979,0.16930964132898,0.27629232089505623,train,False,150
3,400,c,0.054439520033135506,0.0544360463332178,0.06940979653907536,0.0682699208215957,0.06826546288217693,0.9826749281373439,train,False,150
4,400,d,0.005272694614233056,0.010341908992174546,0.009768626439486944,-0.005024533927449646,-0.009588698962870517,0.08867253021409845,train,False,150
5,400,e,0.19144540386636458,0.19144491306364078,0.2746478049937291,0.15450302488960962,0.15449648601688298,0.3195698207719379,train,False,150
0,100,c,0.09328056881158098,0.09332418533778306,0.09330939153303713,0.037938336768953106,0.03792663658145877,0.8094306199320309,train,False,151
1,100,d,0.007210664214827631,0.0072152298944849706,0.01081296872240288,-0.0020173793509700565,-0.0020191868874829843,0.030618711154564337,train,False,151
2,100,e,0.1528951025300386,0.15022110845738804,0.19518964496442442,0.12338176211943949,0.12650443189418342,0.31614254103528466,train,False,151
3,400,c,0.06950033007967901,0.06551474815667926,0.0729543883200425,0.0005020819089011752,0.00012938204134201216,0.36554267360615056,train,False,151
4,400,d,0.009203907434893072,0.009209760599714057,0.006156796961488766,0.020440750842570365,0.02043879162338536,0.1588537285451838,train,False,151
5,400,e,0.19825245467745448,0.19825039677747797,0.2634214464444954,0.15438069403502508,0.15436834154416526,0.3656749967242745,train,False,151
0,100,c,0.06625089199882112,0.06624905694035706,0.09803209856889392,-0.013687506175035296,-0.013688262273060588,0.6928521518760978,train,False,152
1,100,d,0.011286749706942507,0.011286736838522889,0.010350913614351143,-0.008934439275370085,-0.008934712670388922,-0.0023056609824174145,train,False,152
2,100,e,0.1608202584353284,0.1608132149021155,0.22118943424919169,0.13032921558993907,0.1303230440828353,0.2307289459675885,train,False,152
3,400,c,0.07108146140473524,0.07105678075245402,0.07995062511438322,0.05836244891898346,0.058347725473413235,0.47938970224353544,train,False,152
4,400,d,0.004935110457341304,0.004935340802403526,0.005085638418471153,0.010338995105958055,0.01033864580744968,0.08789989384468325,train,False,152
5,400,e,0.18000643495550506,0.18001693357245432,0.26060892710440225,0.14981741037131316,0.14980454646503055,0.33481006153633946,train,False,152
0,100,c,0.061327824370037635,0.0612607223083925,0.059321795639996455,0.0026962622962226133,0.002688073451841291,0.8125489991085761,train,False,153
1,100,d,0.013414095432629286,0.013411963097899765,0.017418843667840588,0.02546572798057417,0.025465376181799844,0.028227677303934603,train,False,153
2,100,e,0.2077285876808871,0.2077351426459467,0.26414320280867964,0.11418656088206078,0.11418083812482671,0.3915330929050645,train,False,153
3,400,c,0.05723318027405908,0.05740473995216796,0.08294734389985087,0.019055194727458584,0.01903047430482239,0.6471608786950598,train,False,153
4,400,d,0.004369205754650923,0.004363496424254283,0.004337204510557992,0.01115923171074078,0.011157518777711086,0.04454929330896436,train,False,153
5,400,e,0.1971755341213387,0.1971934190499523,0.2892308039890595,0.1699356463807876,0.16992796098782115,0.4217737362387938,train,False,153
0,100,c,0.06364893380236045,0.05990056876860497,0.07845577080405346,-0.024739733672767487,-0.02521370454251304,0.3665113722852984,train,False,154
1,100,d,0.0114574597529398,0.011458037926401146,0.016849519668080543,-0.016716710004454693,-0.01671702855563469,0.03715737119417607,train,False,154
2,100,e,0.1961110832899644,0.1961243667105865,0.2592739110460542,0.13345953622966358,0.1334572846976432,0.286741057573092,train,False,154
3,400,c,0.06395835304716159,0.06400270378901124,0.06824143988881459,0.07857193446095721,0.078526397956999,0.7180752032877215,train,False,154
4,400,d,0.005188378174770637,0.005188392403275181,0.006268651748776393,-0.013252902133468645,-0.013253009864264734,0.07904651771524093,train,False,154
5,400,e,0.20098534589522984,0.200983128022674,0.32119220249484093,0.1696153660617615,0.16961328864550776,0.33775099614316295,train,False,154
0,100,c,0.06922493488674429,0.06915204041303497,0.09050614349496028,-0.02235024642988307,-0.022362747904173547,0.19629710617220802,train,False,155
1,100,d,0.005893024141997862,0.005896935119677431,0.006412341752214743,-0.009392031138223818,-0.009393729599436452,-0.00890460117385418,train,False,155
2,100,e,0.1975748237737958,0.19744828355166427,0.2689888852878065,0.12125875393201774,0.12124642299998847,0.3013421285350843,train,False,155
3,400,c,0.05493523624622765,0.05507530540274073,0.06937001415287398,0.07902596791737246,0.07896462715092945,0.48846239630938465,train,False,155
4,400,d,0.00943954083461587,0.00944918157595121,0.008586622455507193,-0.0036217926556876634,-0.003630710395746295,0.046787751184829744,train,False,155
5,400,e,0.16753359512171978,0.1675350347287989,0.24764363530197755,0.16600952347701628,0.16598788863324807,0.29238025517239796,train,False,155
0,100,c,0.2185563410445345,0.21858675583313406,0.15475734707029967,0.0005024268531749243,0.0004882558163819084,0.585325596853511,train,False,156
1,100,d,0.0367874817509343,0.01447274081001875,0.01511445207151764,0.009941531323197257,0.014446086665189508,0.05270087444257756,train,False,156
2,100,e,0.17467532264609498,0.17425615655725232,0.28206533866567207,0.18805828232809063,0.18767513155922658,0.2898348370568399,train,False,156
3,400,c,0.13306998433352418,0.13159593537208494,0.10161709476746036,0.08784381444105165,0.0879346937573024,0.4286031454794589,train,False,156
4,400,d,0.005288658675384737,0.00528843719053054,0.005877308866356832,0.01171957518866451,0.011719472792874566,0.054641660720569175,train,False,156
5,400,e,0.1557067556630669,0.16053684953054467,0.27156266152056024,0.1523601958665457,0.15297471837848975,0.2970439643456409,train,False,156
0,100,c,0.1057129566102207,0.10571524565674625,0.06686054920943019,0.021083179372183097,0.021072517842745244,0.855048070064645,train,False,157
1,100,d,0.0143308642614333,0.01433092073389117,0.017966039163070293,-0.004665174727128481,-0.004665333562293466,0.04515593283094784,train,False,157
2,100,e,0.2272882292567413,0.22728076099566244,0.3864094449736299,0.1914902461457666,0.1914853107119783,0.30968851975397554,train,False,157
3,400,c,0.05637343029294603,0.056370110203851784,0.0879743275637189,0.013929117262593849,0.013925247963719656,0.23512537069282088,train,False,157
4,400,d,0.006098842587881748,0.00609899183092083,0.006310346783659821,0.009695671659888366,0.009695380083595833,0.060277241219788176,train,False,157
5,400,e,0.19576391343964195,0.19389638375506962,0.2827267965729429,0.1559673999759838,0.1629151302392609,0.296060903226422,train,False,157
0,100,c,0.06989644688546942,0.06989500491162738,0.08571174979360663,-0.043401225558847754,-0.04340102257562556,0.41673733152103165,train,False,158
1,100,d,0.004162626604397184,0.004162745133180845,0.005611856842320034,-0.0036597356754682763,-0.003660179495669116,0.02083327454320113,train,False,158
2,100,e,0.22496638239939817,0.24409029949160377,0.31043937454073217,0.09715157217020838,0.10042626159120303,0.48100469326816464,train,False,158
3,400,c,0.05856913449820513,0.05885057660823181,0.07642978232465678,0.03816734092519397,0.0377547926833919,0.6457016598796541,train,False,158
4,400,d,0.004334765327780701,0.004334818223073536,0.004102413492625901,-0.006739001532530526,-0.006739230046286266,0.023201364717991595,train,False,158
5,400,e,0.19870789828553392,0.19848369176850833,0.30078845174109814,0.1735688948749251,0.17354845718590767,0.3033313835757327,train,False,158
0,100,c,0.12416793587856109,0.1241720400360517,0.08382169932726243,0.15135642475438055,0.15134436930011483,0.4876563819066196,train,False,159
1,100,d,0.0063441854409708905,0.006344410481071956,0.006860780840539887,0.011016285611323475,0.011015908073280727,0.10517188410686455,train,False,159
2,100,e,0.2162557460989434,0.2162644694446185,0.3623235320573073,0.1591018932802558,0.15910318733023773,0.40756462912173247,train,False,159
3,400,c,0.062102040729992015,0.06209833806320964,0.09840651324578119,-0.010539209193625752,-0.010542219319015871,0.529805372076739,train,False,159
4,400,d,0.005246389548581092,0.005246417562311597,0.005066604883630652,-0.011568588256924315,-0.01156881066651712,0.056352943725300246,train,False,159
5,400,e,0.15383752657685537,0.1538697062263254,0.22309440051074375,0.12264814250745801,0.12264023728376622,0.3633820959301163,train,False,159
0,100,c,0.07086939909024095,0.07086074374531223,0.0648337448568397,0.017890829692893392,0.017883005841091516,0.5124384619434308,train,False,160
1,100,d,0.006306289983805769,0.006306621473800494,0.006238543728135123,0.014714380508300238,0.014714225085795576,0.055545067455081726,train,False,160
2,100,e,0.18528378640114887,0.1852711363414772,0.2066950015029148,0.11767937013421204,0.11766922800983515,0.37540441796411433,train,False,160
3,400,c,0.0670453324529416,0.06705433392450541,0.06322284976514655,0.11772886956770222,0.11772506185501783,0.8122075203823675,train,False,160
4,400,d,0.0052505128070370975,0.005259569098298487,0.007096538424426467,0.001835614404306085,0.001828761182987897,0.028590466282719815,train,False,160
5,400,e,0.19987502572650892,0.19987671301118418,0.2910836222194016,0.17333526367884478,0.17332907695915492,0.29639627412454905,train,False,160
0,100,c,0.05972701871192085,0.059746313028661374,0.07864849734394935,0.03924602901493429,0.0392388143938733,0.7226608233221691,train,False,161
1,100,d,0.0029747629694753933,0.0029748208664936025,0.0026712153443947573,-0.01758711225762454,-0.017587460581572855,0.02296981558681491,train,False,161
2,100,e,0.21354385400526207,0.22008464059801475,0.3229947329883036,0.14599303139624767,0.14686293008425877,0.2592535232268612,train,False,161
3,400,c,0.06706932745236306,0.06979647017659613,0.06507537689562713,0.0925522103634399,0.09166922390155385,0.8684980497129804,train,False,161
4,400,d,0.0051085949728215405,0.005108306096996223,0.00611560357424757,0.001895721966547157,0.001896002856281669,0.07470857493123477,train,False,161
5,400,e,0.19159669618759984,0.1944557771970696,0.23562581402303073,0.17520488305204296,0.17361130105354888,0.3344567912849445,train,False,161
0,100,c,0.04436028842148873,0.04433170338447841,0.07351532856589858,0.02623255606276345,0.02621890349793759,1.013726750838942,train,False,162
1,100,d,0.004030967046951701,0.004060027685119563,0.0033980968155216708,-0.006303985651308431,-0.006304040889628056,-0.00603088458953172,train,False,162
2,100,e,0.2012675195963191,0.20124984745494084,0.2609623360329463,0.08808556344247073,0.0880758964492798,0.34147731053357544,train,False,162
3,400,c,0.05501119959514278,0.055028721845403535,0.0747817231171158,0.022303663332987327,0.02232343248714983,0.5360802446323857,train,False,162
4,400,d,0.0038817732764840195,0.003881589663309198,0.005010183560633048,-0.011685075054151674,-0.01168470172304037,0.015025491085997,train,False,162
5,400,e,0.15830989398570472,0.15807057753970225,0.23342742994827795,0.13144806544287016,0.13163131634848418,0.3672683920496895,train,False,162
0,100,c,0.05234711909747688,0.05235041779930692,0.08488692542484783,0.07641137259225204,0.07640458316891056,0.909497289517565,train,False,163
1,100,d,0.008837706360720359,0.008837584953401067,0.009174299993928025,0.011352299515265259,0.011352322922781361,0.07402148155906899,train,False,163
2,100,e,0.19655381443850242,0.19883258595273243,0.3334637894516097,0.12857758844650938,0.13103459214084062,0.2904666833220736,train,False,163
3,400,c,0.059325447771938676,0.05932648624410699,0.07189432514675612,0.07946050711193017,0.07946066529224247,0.7656727952116104,train,False,163
4,400,d,0.0050092474055289824,0.004944447459135716,0.006496239852113585,-0.0003488134143998778,-0.0003776934953679501,0.08310273101810366,train,False,163
5,400,e,0.22354996307666508,0.22351875770120044,0.3192074323296184,0.14571205530945489,0.14568827910640342,0.33874933297339377,train,False,163
0,100,c,0.09791510006567253,0.09304019975167156,0.05553416218175076,0.032763394392460156,0.03238337527345962,0.8996825365228296,train,False,164
1,100,d,0.02829619922143004,0.02822874815175404,0.006708211787091031,0.002694408032851001,0.002693013908778639,0.009629968521366177,train,False,164
2,100,e,0.2742841520828435,0.27430869091642096,0.3130354328319621,0.09414503970369992,0.09413449975128678,0.2615969692018705,train,False,164
3,400,c,0.05840207513510357,0.059790181476402526,0.0756074591955339,0.004453356593033888,0.004136161327183387,0.2759191275227002,train,False,164
4,400,d,0.005614513333649162,0.005625483601278343,0.007566719746645915,0.0008332254659018724,0.0008267583681454127,0.04599966815945745,train,False,164
5,400,e,0.1579233772380502,0.1579658069102239,0.2860647834092287,0.1474358893283312,0.1500716404769272,0.3352445191708236,train,False,164
0,100,c,0.06690564278332008,0.06691926642697207,0.06169073978588198,0.09802219523856877,0.09800889689371552,0.5596914914655127,train,False,165
1,100,d,0.03085658536082043,0.03086080138674642,0.0065978402232097525,-0.010335155329681154,-0.010337359620003834,0.04680559267467224,train,False,165
2,100,e,0.17644735646794824,0.1761746792963289,0.24529118107297998,0.1031489303930283,0.10312788620517005,0.32343571849285174,train,False,165
3,400,c,0.06435984319891865,0.0644377118476369,0.07853533007577285,0.08524775197164487,0.08522806112895275,0.6526541151558231,train,False,165
4,400,d,0.006425326664404172,0.00642517325782716,0.006681904932073506,0.014330581657200626,0.014330590558560187,0.03492900351084282,train,False,165
5,400,e,0.1855291391793143,0.18552428933043866,0.31970819791996036,0.17129057805790704,0.1712918839200133,0.3275019684404255,train,False,165
0,100,c,0.09939075934288903,0.11037514575752072,0.06312170077621981,0.1353064564552527,0.1266851404673983,1.2239227894359357,train,False,166
1,100,d,0.010872113529881787,0.010872252170800352,0.00763150085144553,-0.0226423738143696,-0.022642485800081626,0.12481287735840145,train,False,166
2,100,e,0.19842806926160855,0.19841578120928058,0.20956391667600394,0.13138475589077647,0.13137867970335199,0.2979648036740829,train,False,166
3,400,c,0.05223870393400305,0.05223575442270879,0.075842872148817,0.047944747823394994,0.047840253188830104,0.7361001942254739,train,False,166
4,400,d,0.005110982079781496,0.005110892514999925,0.006225564127075268,0.009317000555052477,0.009316627701732224,0.05202815362967264,train,False,166
5,400,e,0.14916837365405583,0.15238591014300865,0.262897927670897,0.1324370024773593,0.13505703162922986,0.34400497923049334,train,False,166
0,100,c,0.05148431380411797,0.05150840873872433,0.07556888557143293,0.025765722330556996,0.025742320714353468,0.9272090944315096,train,False,167
1,100,d,0.005015894159138524,0.005015889745811638,0.005123243650150249,-0.02373700423640683,-0.023737394924971972,-0.01876485131452453,train,False,167
2,100,e,0.16956548244415715,0.16955298947767614,0.19635906043890092,0.11760477986469639,0.11759587564211216,0.33696008637883734,train,False,167
3,400,c,0.05630790801593887,0.05642687979938907,0.07374189632092422,0.01996624582032794,0.01989419264419382,0.5861480194592237,train,False,167
4,400,d,0.005229355921188623,0.005228539003927795,0.0058857498190907935,0.02361055499359278,0.02361020077473091,0.09018434349963154,train,False,167
5,400,e,0.1781151161415578,0.1780315355657069,0.267564349162301,0.16013079319521206,0.1601405400676023,0.5411232025858753,train,False,167
0,100,c,0.0626449104224397,0.06283817531277519,0.06537738242331886,-0.05178159439619279,-0.051808081162608204,0.222305203468388,train,False,168
1,100,d,0.006320348643591371,0.00632039043210391,0.005669217307526286,-0.0003618780242215358,-0.0003621791332143509,0.013366527945254258,train,False,168
2,100,e,0.19400452265175544,0.19370484911608007,0.295372072691966,0.14993763986559813,0.14994072348705068,0.26381142198684415,train,False,168
3,400,c,0.05766402293222858,0.057652114287145964,0.08333761237967012,0.042619994605135575,0.0425689540918264,0.3724100497329794,train,False,168
4,400,d,0.006438479969068827,0.0064387488373153,0.00780517800786011,0.005549077615554588,0.0055487750823133555,0.03865545534069119,train,False,168
5,400,e,0.18425776234311075,0.18427405124899107,0.23923966297116553,0.123622649901873,0.12360933191969238,0.3045774145651729,train,False,168
0,100,c,0.06037207128422922,0.060368852382812005,0.09048691766531178,-0.01324120801488519,-0.013247228817575873,0.5029120795025469,train,False,169
1,100,d,0.009069794161169695,0.00907053699565662,0.012530775642188345,-0.008539852740381894,-0.008541032204214805,0.0032416738228116947,train,False,169
2,100,e,0.20519606859884565,0.20520561232703863,0.2802181498566928,0.1641388461736461,0.16413123904699484,0.336595234533147,train,False,169
3,400,c,0.05620029778936345,0.06246554235346833,0.08945083196556518,0.025208370034462177,0.02069112913470164,0.7302078575279325,train,False,169
4,400,d,0.00516051387341122,0.00514780783690526,0.005389837805194427,0.0003904978048334584,0.0003795171135763376,0.023881522025843472,train,False,169
5,400,e,0.16714602285041763,0.1671295336492308,0.27211803672971724,0.15322887127547083,0.15322728885952386,0.3420837262053791,train,False,169
0,100,c,0.06503187019448277,0.0650345418113762,0.08462891868831686,0.06774347710129504,0.06774546995990832,0.5522698756064278,train,False,170
1,100,d,0.0069446394878009176,0.006944934338487096,0.007919394115017978,0.009959039888035441,0.009958771355123127,0.1174785325674846,train,False,170
2,100,e,0.19245973746701445,0.1924582540737822,0.2282418495216931,0.1430714104699665,0.1430644026267711,0.3148965452218199,train,False,170
3,400,c,0.05468293380741193,0.054649433303392024,0.07037804602255929,0.03885730677671994,0.03886607116075823,0.6865516034620964,train,False,170
4,400,d,0.005593192185534033,0.005593230189751335,0.006582529334171052,-0.012320401128543495,-0.01232060503981856,0.06560488600585336,train,False,170
5,400,e,0.16997509170227215,0.16945665427425333,0.2551620751986366,0.16192256216764564,0.16187773061825084,0.33148055683699923,train,False,170
0,100,c,0.07937503261500972,0.0791906819616536,0.12035508839510375,-0.09507804495372185,-0.09515438127891443,0.8095975483317533,train,False,171
1,100,d,0.006967838223957117,0.006971775706386042,0.004390343591864776,-0.016934846817786973,-0.01693573336891529,0.007837956652135762,train,False,171
2,100,e,0.20840240809105975,0.20841878256992188,0.1893485240962079,0.07380737821079414,0.07381657361007442,0.30120824199042423,train,False,171
3,400,c,0.06208367835512405,0.062086038869334066,0.08243192832409457,0.0368122457185077,0.036810150792624084,0.7156799542739266,train,False,171
4,400,d,0.004438708042099802,0.004439141975262259,0.003900663535532399,0.0178961376555716,0.017895697581141335,0.06218085537921901,train,False,171
5,400,e,0.1881251971359373,0.18815184979038604,0.24586468878255321,0.12711498496011175,0.1271055429437702,0.35755938493084327,train,False,171
0,100,c,0.07103360733689584,0.0922083712429804,0.0603817648766139,0.030886198137128815,-0.0007169998908882037,1.1453047731686934,train,False,172
1,100,d,0.007392628920936525,0.007397686041311232,0.004576940879800381,0.015982271468267494,0.015981670698613046,0.10740868306072908,train,False,172
2,100,e,0.19805563346183497,0.19807353769214506,0.2786336205494047,0.11782078846561803,0.11781336426843567,0.36490511871443304,train,False,172
3,400,c,0.0475720148894455,0.047587758563744656,0.08067908625262937,0.07313725776350354,0.073147733120312,0.5449681076366898,train,False,172
4,400,d,0.0053194014746800146,0.005319501929561242,0.0060831485935860085,-0.008477769005863235,-0.008478169592674493,0.08245974476252743,train,False,172
5,400,e,0.1794212490820401,0.17851803065633795,0.2626594476179436,0.14249524697119192,0.14241744212086466,0.37995283544478975,train,False,172
0,100,c,0.19694970291868258,0.19631321592974132,0.1294114810736062,-0.010933667073620796,-0.010944280826466084,0.7242577489242135,train,False,173
1,100,d,0.00599994669270253,0.006000046109462687,0.005084242042940148,-0.02105862262975114,-0.021059067008106922,0.0016799575700746948,train,False,173
2,100,e,0.16573448749873607,0.16572641800211715,0.15948222948955953,0.05742185336949074,0.05741306776907816,0.32535379126977015,train,False,173
3,400,c,0.054685480486989214,0.055298025379720776,0.08165672599562696,0.04078504037320641,0.04064815854615475,0.742916821046516,train,False,173
4,400,d,0.004726326283677019,0.004695484429683272,0.005373706092015635,-0.0006767694913692601,-0.0006908335779949226,0.02978304853795116,train,False,173
5,400,e,0.16153331526873962,0.1613388133299874,0.27641444430703305,0.15982363174469646,0.1598099789411875,0.31917932351409656,train,False,173
0,100,c,0.05356135554670007,0.08455524748332299,0.12351980528048562,0.031377383981279365,0.011312953363640474,0.9391688263049983,train,False,174
1,100,d,0.010030851826724205,0.01003062728726618,0.013500943767842808,-0.01425705084194611,-0.014258193618168172,0.03785849843751027,train,False,174
2,100,e,0.2314123820318258,0.23140914177977887,0.27268721645610416,0.11995069350002474,0.119939776924493,0.3267942899607632,train,False,174
3,400,c,0.06928257503568981,0.08147912583204545,0.09034902891516694,-0.01861758119961479,-0.026427244677689216,0.7424149568485882,train,False,174
4,400,d,0.005863006950463937,0.00586343861478614,0.0046154486380548,0.006403571385361318,0.0064032316060220395,0.029638040764445695,train,False,174
5,400,e,0.20888673017601903,0.20889013869110498,0.2741612429246676,0.13555868915429808,0.13554850741976143,0.29871839736503636,train,False,174
0,100,c,0.10283127519981788,0.1028196735440435,0.08473217280779516,0.13761407213332305,0.13761167750198197,0.8462560296115095,train,False,175
1,100,d,0.009082067031111038,0.009082093147898995,0.011147304489952983,-0.03510204678678484,-0.035102536901150734,0.006187093057697979,train,False,175
2,100,e,0.23192548186105655,0.23190587298330023,0.21257874650930333,0.13163847818532007,0.13162833201472401,0.3420974501279882,train,False,175
3,400,c,0.06753755510168771,0.06773014577017905,0.09742730955472602,-0.032190397819424704,-0.03222492514619418,0.5102711530700538,train,False,175
4,400,d,0.0049491532673519465,0.0049491988293714805,0.005555879528152552,-0.01193547211929026,-0.011935776246978004,0.020072250240968082,train,False,175
5,400,e,0.17477306947002383,0.17441532348570082,0.2606426314904664,0.15038809131677602,0.15029840015628473,0.3188590163824721,train,False,175
0,100,c,0.22602992577981673,0.22596092222531147,0.07115898578353401,0.06222744491268678,0.06217741189283018,0.4757243511266664,train,False,176
1,100,d,0.019890295943796474,0.009396979593554643,0.007506320991378177,0.016399343835985666,0.017075214095888695,0.021537161910938653,train,False,176
2,100,e,0.2167176335778955,0.21674379245298223,0.29674154003930403,0.16095539070776593,0.1609506021440985,0.30878780561321095,train,False,176
3,400,c,0.05620057418726146,0.05627595039084609,0.07335142078265627,0.049603876763220076,0.049561876702492,0.559492978585164,train,False,176
4,400,d,0.006748485412557272,0.006748547659932635,0.007731463422541603,-0.014507302201872924,-0.014507547831986791,0.03417469808455859,train,False,176
5,400,e,0.2151788539362813,0.2152048958336533,0.2795363993342794,0.10906502583829263,0.10905267702133753,0.4112694882782894,train,False,176
0,100,c,0.061310927106519586,0.06131076707393543,0.09575038571065501,0.037225308560061024,0.037221647752344114,0.3454130253726917,train,False,177
1,100,d,0.007400879250116679,0.0074009014615572764,0.0061585561700193804,-0.023859739575677885,-0.0238603253748229,-0.02334621205468757,train,False,177
2,100,e,0.14858163907579164,0.1485772705252089,0.18430813266080648,0.059367292275107814,0.05935385365219041,0.3788686799960476,train,False,177
3,400,c,0.0592004490576594,0.05923011786197706,0.09597052995273984,0.03867451886457381,0.03863635589031532,0.5780342198977935,train,False,177
4,400,d,0.004795963487747498,0.0047961287678998125,0.0059178823505623476,-0.01820070099568632,-0.018201014887707298,0.003157469482202462,train,False,177
5,400,e,0.17175772285896518,0.17174303557523327,0.21115016286519553,0.1672178672902355,0.1672112118184434,0.30750589019023683,train,False,177
0,100,c,0.09741299879333028,0.09736212606766875,0.06011825081802254,0.07503923284760759,0.07506121395385193,0.749936951058955,train,False,178
1,100,d,0.005073324526267758,0.0050786813315878135,0.005289371744693793,0.0066357963181614115,0.006634729587077502,0.035411423266592516,train,False,178
2,100,e,0.21200962475940785,0.21171391862649208,0.2834808441886064,0.1590652825305837,0.15913865288299073,0.31333101963136345,train,False,178
3,400,c,0.05799494319436469,0.05799596762719791,0.07876650869898646,0.04132769086332054,0.04132624366312079,0.8332373783302671,train,False,178
4,400,d,0.005417103667056836,0.005420985218807362,0.004463786021298384,0.005408859675812767,0.0054056918211616,0.02387046172416941,train,False,178
5,400,e,0.1915840272024606,0.19159175242532303,0.2735545612821965,0.1598549494507889,0.1598459542271724,0.3336427794013367,train,False,178
0,100,c,0.06663419246777094,0.062408599182297284,0.09067407032751444,-0.09724339314663169,-0.09756719305440313,0.537672446351711,train,False,179
1,100,d,0.031127153170102406,0.015483279465262479,0.004965752528359134,-0.005360653161937812,0.0018567760323819548,0.004695341439849514,train,False,179
2,100,e,0.2086879196003968,0.20624829566769168,0.25108838484141033,0.10953876414193285,0.10808273788955251,0.40448235044052827,train,False,179
3,400,c,0.0536117373450802,0.05362405352883861,0.08414476540626196,0.08716518275941156,0.08714019571900565,0.7006149790891902,train,False,179
4,400,d,0.00461576487241736,0.004615790654586233,0.004353038032206301,-0.01673922288573156,-0.016739391932714457,0.054173106336320165,train,False,179
5,400,e,0.17199523294248326,0.17167377654889346,0.29063670405345676,0.1652728677688277,0.1653801271885359,0.2987594299733729,train,False,179
0,100,c,0.1542541725571672,0.1543309879047188,0.12138846702365184,-0.003624247363649147,-0.0036495730356423907,1.088898772512804,train,False,180
1,100,d,0.008690222901516394,0.008691022453099379,0.007482515450490014,-0.004671861573671965,-0.004672550682803163,0.0469213245394031,train,False,180
2,100,e,0.19516121925246316,0.19516738324914765,0.31282054930689446,0.16307140099385575,0.16306573567303784,0.3781895131856403,train,False,180
3,400,c,0.08585175849424465,0.08578637871794975,0.08973195328676926,-0.008056477701030573,-0.008045764093440938,1.1479386595300958,train,False,180
4,400,d,0.0031721011879732247,0.0031721344859244366,0.0034592074357268983,-0.003121267679994375,-0.0031212827378463716,0.016488498722058792,train,False,180
5,400,e,0.18078281939099355,0.18286620951952096,0.2849986977664999,0.14649834571930434,0.1472310780252402,0.33006348598637475,train,False,180
0,100,c,0.08598561143928161,0.08598241404923126,0.11101599206772227,0.07184190006579343,0.07184118590878626,0.5251389929869548,train,False,181
1,100,d,0.008209613922827074,0.008217046075361634,0.00986266578859472,0.0061481388406961915,0.006147850977916853,0.009200857080366198,train,False,181
2,100,e,0.19661130980417169,0.19661829608454473,0.3319209798314459,0.15492703469384922,0.15492012217850806,0.24722522466532715,train,False,181
3,400,c,0.06165236305427303,0.061619787495192806,0.0739125628512942,0.004564952960475495,0.004517900341185666,0.7139934449646725,train,False,181
4,400,d,0.004378703957415354,0.004378851811320051,0.0047237205287108406,0.0001880318321945218,0.0001876574479464388,0.08745330406942137,train,False,181
5,400,e,0.15097088992218421,0.15068318930293212,0.24012264530733757,0.14811040616836302,0.1480892954295377,0.30937716281809,train,False,181
0,100,c,0.07942911765845612,0.07939626878739028,0.0818091958171002,-0.048215097746571164,-0.04822753212924098,0.2856702428253513,train,False,182
1,100,d,0.009979920197003873,0.010049165877551171,0.007850797362816787,-0.0009744628807754552,-0.0009637714195952008,0.2043911144476929,train,False,182
2,100,e,0.20915076284559586,0.20929107132525748,0.26612398735522463,0.1524219571396804,0.1524154341667842,0.329000623493844,train,False,182
3,400,c,0.090527919217032,0.09052510541242853,0.08810646375271515,0.051171764212473436,0.0511698345599774,0.8725685925012803,train,False,182
4,400,d,0.006005488640946766,0.006005467988449822,0.005638259792177918,-0.014426939701205815,-0.01442693527573157,0.10272362079098024,train,False,182
5,400,e,0.14869477684090224,0.14868849849855853,0.20521481949957146,0.1188214832777594,0.1188126096541782,0.3335979165492675,train,False,182
0,100,c,0.07098388058176643,0.07099803860836888,0.10236034908244936,0.029049542511450283,0.029033088293349038,0.9741271639580387,train,False,183
1,100,d,0.01724137269033268,0.01724358238319311,0.006595010721094856,-0.0037237255712204488,-0.0037249372289960194,0.07809619822345287,train,False,183
2,100,e,0.1953418794063083,0.19528775420724132,0.20140772795254955,0.0646343221524199,0.06462221902282426,0.35281631831983845,train,False,183
3,400,c,0.06975885713861384,0.06869454873220979,0.08992155687569045,0.06487798315962444,0.06506473762967055,0.6744275109011361,train,False,183
4,400,d,0.03241467880696024,0.03198603895947122,0.015558432212642968,-0.0025287961000110925,-0.0025896156163481266,0.02858391174442305,train,False,183
5,400,e,0.1909526232761961,0.19098076213271806,0.29826353752140705,0.16589387405930797,0.1658878002159848,0.3183352610477521,train,False,183
0,100,c,0.05126709049327128,0.05126710162016615,0.08937859233221072,0.09003038386489273,0.09002737054645955,0.5802848006213406,train,False,184
1,100,d,0.01582266911376814,0.015824546718757077,0.011760774375920982,0.007061713562477437,0.0070608752288939414,0.04169730813887714,train,False,184
2,100,e,0.2520406475771567,0.25198297859463936,0.3541941998367972,0.047432088909280454,0.04745309068641021,0.4307088060695253,train,False,184
3,400,c,0.06574067316815813,0.06613812370269298,0.07508423231908111,0.08981770525752367,0.08976849004127828,0.5982450209778524,train,False,184
4,400,d,0.005309661015576162,0.005311306343818815,0.004859539972286392,0.008938858532998868,0.008938486820334487,0.017515050608894606,train,False,184
5,400,e,0.17381399960598545,0.17381169154655024,0.25645385756305383,0.16702269535504002,0.1670141766739382,0.29585639317201673,train,False,184
0,100,c,0.07820729750153427,0.07821054168960213,0.065990800979017,0.01784531757651223,0.017839502165404468,0.9644912471040182,train,False,185
1,100,d,0.03232361030275517,0.03232860141596567,0.02447861323938446,-0.010561428300874382,-0.01056454563548371,0.06856427701206556,train,False,185
2,100,e,0.24561353615731701,0.24561622395229613,0.3449879876413638,0.1638111742450232,0.1638018823900547,0.25034837886702155,train,False,185
3,400,c,0.05554582814626503,0.055544862953735175,0.08336444179034729,0.08118418570154205,0.08118363757584746,0.6227940215824288,train,False,185
4,400,d,0.006278602157193407,0.0062787590531715835,0.006595283349042766,0.0019244912588694874,0.0019240044684886472,0.00464601049078972,train,False,185
5,400,e,0.13694516767212236,0.13692288904009603,0.21903566654354772,0.17928423654886325,0.17927392153686186,0.29212551136048537,train,False,185
0,100,c,0.06474176263280357,0.06473014168771336,0.09210268461214097,0.10406201270646741,0.1040586721459578,0.23407082369636042,train,False,186
1,100,d,0.016665777910383886,0.01663001502135766,0.011021752148522778,0.005361931004909159,0.005437404393811427,0.10222981837481343,train,False,186
2,100,e,0.12553918960784563,0.12420296517304692,0.2792788649848632,0.1480059612211495,0.14399803992123286,0.28424063077174716,train,False,186
3,400,c,0.06097466437183434,0.06096959645839445,0.09676609442560881,-0.017662598174546247,-0.017664955105882358,0.4447817349528131,train,False,186
4,400,d,0.005304335061145579,0.00530688505183542,0.007309871129683179,0.0011903716752357774,0.0011786977205273709,0.05750587054826557,train,False,186
5,400,e,0.20969916099319336,0.21156322381826612,0.3217904698499393,0.15748776396677122,0.1582186543360293,0.3317741296336089,train,False,186
0,100,c,0.10129248438282298,0.0927961123500155,0.12019290284070298,-0.05955740777647805,-0.06053801579525171,0.11839831438506415,train,False,187
1,100,d,0.018033661587952967,0.01835314198253661,0.021672866135035714,0.028888201811978542,0.028965667904290626,0.34337228435203726,train,False,187
2,100,e,0.1949313673612075,0.19507797284478826,0.2938562473220751,0.13215723609187088,0.13215523424352463,0.290631708244403,train,False,187
3,400,c,0.0680492991804746,0.05428705190804114,0.09573159406993728,0.07291593871359779,0.07555346183951343,0.3732829767594377,train,False,187
4,400,d,0.00899587845745351,0.011196567024169617,0.011559817185520236,-0.008027023784864138,-0.009196021273783774,0.04177864788283321,train,False,187
5,400,e,0.18323650271805586,0.18600629054499188,0.2431854404460811,0.16487539993446176,0.16462480142081162,0.32206787891931077,train,False,187
0,100,c,0.05685247240213797,0.05685191843314647,0.08661169885585426,0.06413117090513694,0.06406826731850891,0.8765816840050698,train,False,188
1,100,d,0.004970863546785252,0.004971051495284636,0.004823029163499509,-0.012304686296973753,-0.01230519977056959,-0.012102006353997741,train,False,188
2,100,e,0.1654416544732306,0.16548778073966702,0.22392230978605432,0.13953129747031695,0.1395300508122274,0.2939427205210095,train,False,188
3,400,c,0.06646659285848494,0.06649737711912806,0.06530495897380197,0.06729794062094549,0.06723534457068794,0.8238487142653983,train,False,188
4,400,d,0.003832461170621371,0.003838104174388596,0.003574503293583097,0.006689502554120494,0.006838164419717749,0.023236148588541658,train,False,188
5,400,e,0.19641126617542232,0.19640779838892194,0.29054886102270533,0.179974912919554,0.17996660944939463,0.5104524620365263,train,False,188
0,100,c,0.049190762408418236,0.049190258078323196,0.07392557254031912,-0.01700718609411176,-0.01701810384061979,0.4234421851481732,train,False,189
1,100,d,0.005192584380814149,0.0051925987527479366,0.004647293369074852,-0.03029759968406019,-0.03029783586206392,0.06681125796491315,train,False,189
2,100,e,0.24288673389465704,0.242577500771091,0.2812756079149248,0.056608449504306504,0.056627084186677695,0.30926171697250815,train,False,189
3,400,c,0.054688622316569076,0.054684436516708824,0.0710460279324826,0.061452581451857786,0.06144913355639624,0.7966153252481414,train,False,189
4,400,d,0.0064393889949659715,0.006446808541599105,0.00610279638865712,-0.0003733374046474225,-0.0003748775120651082,0.037665595178290975,train,False,189
5,400,e,0.18380061309083737,0.18380226052022441,0.2536408817985941,0.1547191549931791,0.1547080660818179,0.3159401280180178,train,False,189
0,100,c,0.07712514595495795,0.07703061646159165,0.06279707784949141,0.013309824569204026,0.013301829121911838,0.6238605121553709,train,False,190
1,100,d,0.0026863074761199228,0.0026863927444652795,0.003061016431683798,-0.010885279594517261,-0.010885683190920013,0.020015538292064827,train,False,190
2,100,e,0.28202746159374836,0.28205290889879026,0.3935506340167016,0.169752655736008,0.16974611416710544,0.25163185873264965,train,False,190
3,400,c,0.08462240120042427,0.08464231378693833,0.09704783495434675,0.049176148512866294,0.04916014739265421,0.6844326864577666,train,False,190
4,400,d,0.008121771411909909,0.008122148701655417,0.0084351631184873,0.0008673375876040268,0.0008672483778418361,0.109230029623184,train,False,190
5,400,e,0.20634847303004655,0.2061864583193039,0.25852136589322616,0.13279832356316557,0.13277383242439458,0.3422576845408887,train,False,190
0,100,c,0.08505256816791824,0.08491204568309568,0.10928867478009037,0.048343993277621705,0.048343746614316174,0.8340022009220007,train,False,191
1,100,d,0.008141713152053585,0.008141674997369822,0.00966730011884215,-0.03792807697392533,-0.0379285865483299,0.019653316949375946,train,False,191
2,100,e,0.23751978285259065,0.23752843684112532,0.22526058081896252,0.08690522722647899,0.08689031241509568,0.297569577809752,train,False,191
3,400,c,0.05555353238246818,0.05555260926286374,0.08599676983789642,0.018006780495922498,0.018005823903947088,0.5120490243171973,train,False,191
4,400,d,0.006334186680608465,0.0063308905668880465,0.007879973496901555,-0.0053059545590648585,-0.005312332030910891,-0.005180881302511206,train,False,191
5,400,e,0.17486950672036466,0.17461633537152677,0.24619091661205392,0.1834514137257784,0.18339986290570162,0.29485469465298236,train,False,191
0,100,c,0.05867364923383343,0.05867170201473886,0.07616602475755753,-0.029291951370937496,-0.029293629738658993,0.19523727796483578,train,False,192
1,100,d,0.004488397972554897,0.004488440285652594,0.005959233935283348,0.021342904365235997,0.021342648223716818,0.2365606817530039,train,False,192
2,100,e,0.19644611079234953,0.19644798622207602,0.28057180081808897,0.11219671055954279,0.11218819278909009,0.35091050869778423,train,False,192
3,400,c,0.05837883871784128,0.05837563562023761,0.06474163902506706,0.007522495794121511,0.007519646400422317,1.0233506006942559,train,False,192
4,400,d,0.0036814895331449605,0.0036815062788625678,0.004056162257738849,-0.01611922387497186,-0.01611938257635325,0.029373977772586154,train,False,192
5,400,e,0.1673327418901459,0.16732545237359667,0.24279566351087822,0.14156003181939475,0.14155076415130197,0.32566439148290144,train,False,192
0,100,c,0.07254439547972047,0.07256453758360255,0.06916271141745241,-0.03285309957997711,-0.03288289727625518,0.6679099404881191,train,False,193
1,100,d,0.004911580545481337,0.004911997579288616,0.004030827250023274,-0.005117704136747037,-0.005117859981253296,0.02151751379084139,train,False,193
2,100,e,0.20008648496963694,0.19969018772778643,0.3991124115142108,0.14228722223357138,0.14227767290520624,0.40118890223523385,train,False,193
3,400,c,0.05599195478090389,0.055858368931922496,0.08960188279564381,0.07115553469406166,0.07110667831007604,0.41326621868453073,train,False,193
4,400,d,0.00666044693624121,0.006659815428385752,0.006555906906440435,0.0010915095926433871,0.0010916297823510312,0.12287475811998799,train,False,193
5,400,e,0.17914115760617086,0.17927549581138472,0.2616096544251634,0.14037032137240665,0.14041711068615334,0.323558876465148,train,False,193
0,100,c,0.060637123043817354,0.06064323289561026,0.05891364610129682,-0.1836083280362542,-0.18361188797535824,0.2839998601064875,train,False,194
1,100,d,0.003043675601170735,0.003043722690041652,0.002596872733533995,-0.019190830818732022,-0.019191057456723292,0.04721703128395321,train,False,194
2,100,e,0.15644765308184228,0.15632907231050505,0.2808219432285754,0.12966425978520008,0.12965744855263914,0.4219811013913117,train,False,194
3,400,c,0.05690330785099465,0.05690035993509144,0.07154404578377928,-0.003064773263662488,-0.0030694897305367876,0.3705769584087219,train,False,194
4,400,d,0.0035970956237365466,0.0035967354948487646,0.0037866261956795745,-0.00853413795183469,-0.008533916708474703,0.058580824146809644,train,False,194
5,400,e,0.18336380738085745,0.18335956906088,0.2623545087135588,0.14469157218114376,0.14468785645186352,0.3330557448767818,train,False,194
0,100,c,0.053978748936560315,0.05397572660745797,0.11671639343332467,0.08717447194121818,0.08717069754408556,0.3512375664139411,train,False,195
1,100,d,0.006935665573087846,0.006933146169906682,0.0065179582486834765,0.014948928418122023,0.014949724516477332,0.2047455234222768,train,False,195
2,100,e,0.19182898167696238,0.19182758502767608,0.2159204807316979,0.08406385539634798,0.08405274446180201,0.3178843901955268,train,False,195
3,400,c,0.05914484394042731,0.05909312522987431,0.09187386746704027,0.052388692786095134,0.05235551419315392,0.7204361889463964,train,False,195
4,400,d,0.007487166847497368,0.004993734307619688,0.0050235661049897766,0.004148428194160285,0.0048953877040312935,0.03364536617987865,train,False,195
5,400,e,0.1827049543247784,0.18289613922263961,0.30383459238109645,0.15153662927961983,0.15152717487507297,0.34331588729556545,train,False,195
0,100,c,0.07579750193479391,0.07580168372354908,0.10063137732360898,-0.041142905721433184,-0.04115812670338528,0.652955382263515,train,False,196
1,100,d,0.005220498261616965,0.005220308470769013,0.004759721093976422,0.016696052149981214,0.016695749359053966,0.029445042014306217,train,False,196
2,100,e,0.17203265163533768,0.1719897040670081,0.18430348494232437,0.0657247971131838,0.0657109314638911,0.38049611657198645,train,False,196
3,400,c,0.10350307848739583,0.10352142356743338,0.09529723171422516,0.1502382814294296,0.15021390499608386,0.6582903794953319,train,False,196
4,400,d,0.007381778392179611,0.017716127262474526,0.010080365665607507,-0.0012071934768760428,-0.007313795729253662,0.020433359832266653,train,False,196
5,400,e,0.18924654334984742,0.18924536333791944,0.26172730316239456,0.16257928865343618,0.1625731040063108,0.3346783170374427,train,False,196
0,100,c,0.05618123294366137,0.05618608579742225,0.08260854191557344,0.022357145690539825,0.022350716298439013,0.4671550788041267,train,False,197
1,100,d,0.005810909943958047,0.005811623262377805,0.007287096266272092,0.00016738301279865198,0.00016676959357424083,0.030830978159548453,train,False,197
2,100,e,0.17452095715285537,0.1745104272029685,0.23531192942628676,0.14039802292138515,0.14038800759028225,0.3017804196964881,train,False,197
3,400,c,0.05684488290248273,0.05684668250065457,0.06710676655059411,0.04327086248933959,0.043266941735436576,0.7331012906105727,train,False,197
4,400,d,0.005965224807081947,0.012127316680289144,0.005660197593170163,-0.009098209847415753,-0.012258409511670915,0.10003660457016517,train,False,197
5,400,e,0.16092923447106114,0.16089496860335942,0.27002426995421996,0.16473797932419193,0.16472439692429394,0.31160088464586283,train,False,197
0,100,c,0.06699263549857301,0.06700242429422826,0.09917771439389238,0.043068326551135315,0.043063840667782925,0.570469218537722,train,False,198
1,100,d,0.04846112393164298,0.020623547217631964,0.009143463416328183,0.019337302407122916,0.02254692800945646,0.09590351268753641,train,False,198
2,100,e,0.21941507277108488,0.21946172801960892,0.30777564273752234,0.13942768694990335,0.13942148936939647,0.2734194737866125,train,False,198
3,400,c,0.057854065297223756,0.05785454350953617,0.08432547892969768,0.07855353981287756,0.07855274630593549,0.5759061041360242,train,False,198
4,400,d,0.00690940695198426,0.0069147419859441105,0.006819777407025792,-0.01037312153374451,-0.010376808884732398,0.04922707605884936,train,False,198
5,400,e,0.17895200911984926,0.17894002073710694,0.27317155464903775,0.18906867668589622,0.1890661018518097,0.3185055472462981,train,False,198
0,100,c,0.07987815223382072,0.07988672841922673,0.054396194401524614,0.08967276352052408,0.08966821956717431,0.40417231423641975,train,False,199
1,100,d,0.0062565242805838195,0.006260241675219617,0.008941675765986264,-0.0027425664674560757,-0.0027434271484212402,0.041159575601608406,train,False,199
2,100,e,0.2660671060679216,0.2686399664022961,0.22509221946110627,0.1195352980127995,0.1198064470386369,0.3526658997540191,train,False,199
3,400,c,0.056007700291459246,0.05600702648253688,0.09671371020842734,0.0408887784272553,0.04088745972411971,0.41687294658268625,train,False,199
4,400,d,0.006261375343659078,0.006261696745744762,0.005717206891750474,0.0025299441901176323,0.002529509037236366,0.024595951713922995,train,False,199
5,400,e,0.15788337898937532,0.15702343204332014,0.27912346970374574,0.1710776349759661,0.17090310033639475,0.3391145110439871,train,False,199
0,100,c,0.07459911843347286,0.07460549991766592,0.09167447672464193,-0.13560299482532245,-0.13560418688363882,1.0111471986504785,train,False,200
1,100,d,0.00906149453530264,0.018392623014030073,0.006155463772445763,0.010916254460861143,0.008432754566674916,0.09034561289547374,train,False,200
2,100,e,0.16234075138845408,0.16233968365852167,0.3309723862897716,0.12122508906508365,0.12122309859130326,0.4567721796043081,train,False,200
3,400,c,0.06363451206336991,0.06391212855203228,0.09866996949503745,0.009243485705784949,0.009209113604646362,0.44575670830126896,train,False,200
4,400,d,0.004436869451450431,0.0044369738188074544,0.004972554521344649,-0.009752606425466296,-0.009752762771487315,0.06906011265310177,train,False,200
5,400,e,0.17562214570672843,0.17465177261165737,0.22717520656456622,0.13531559222010997,0.13563900537335877,0.3327252874690431,train,False,200
