,n,experiment,MSE_misspec,MSE_NPMLEinit,MSE_NPMLE,SURE_misspec,SURE_NPMLEinit,SURE_NPMLE,data,NPMLE_lower_SURE,seed
0,100,c,0.061992100405370454,0.06204716983366651,0.05526840980046673,-0.023031402893786464,-0.023065235737542978,0.8609912947590729,train,False,2000
1,100,d,0.0035855382399210133,0.0035856744877019375,0.004092230179664885,-0.006379416656465242,-0.006379603753727246,-0.005334093816831693,train,False,2000
2,100,e,0.17007529037811714,0.17014454070287166,0.21061609078113258,0.10467727933864868,0.10468000057704227,0.341314034675801,train,False,2000
3,400,c,0.05751063924319487,0.057518365036513586,0.06375568777251822,0.034955721578514204,0.03486293653034068,0.7954508509204165,train,False,2000
4,400,d,0.013260176491432392,0.013259782954066164,0.007241881020187579,0.006585080277013784,0.006583898632918484,0.0659553193741138,train,False,2000
5,400,e,0.1896517557840622,0.18964711861842215,0.2602232436030692,0.1332246256044968,0.13321523215170067,0.46993340754653556,train,False,2000
0,100,c,0.056127224775234484,0.06862718000169321,0.08265995801800752,0.0029017919572083884,-0.005887004633439972,0.8552033996093941,train,False,2001
1,100,d,0.01435148077157186,0.014349387101101061,0.014876121811115164,0.021719653676792277,0.021718964998534335,0.05468138087417609,train,False,2001
2,100,e,0.24527825409514648,0.24521584902204016,0.34044528546753017,0.13802954555158525,0.13802438806928155,0.3086403783839657,train,False,2001
3,400,c,0.061132475366851624,0.06113068387013155,0.06656066029517613,0.09079754372475321,0.09075429279320446,0.6442039459515463,train,False,2001
4,400,d,0.004517679834403198,0.004515843104355788,0.006141560136765211,0.011576417316744223,0.011574404818001476,0.07539458800167803,train,False,2001
5,400,e,0.20092255255575592,0.20090943051864488,0.2912195764702939,0.183036541290397,0.18302782003055512,0.3111877959951217,train,False,2001
0,100,c,0.11746534886745667,0.08996290063579451,0.06279398245053587,0.023405539084129644,0.026801945757069987,0.4718415080555524,train,False,2002
1,100,d,0.005578387251424816,0.00557837136374841,0.006076930860883175,-0.01889680129559876,-0.0188973343197568,-0.010977459994860866,train,False,2002
2,100,e,0.16626929633911647,0.1662733214007113,0.23776945735054997,0.1507605610165382,0.15075250703206053,0.3053494529199701,train,False,2002
3,400,c,0.061771264955574064,0.08984727607543405,0.09042310933418939,0.006763902049464008,-0.01042717192971729,0.8523289461276048,train,False,2002
4,400,d,0.005005697499899482,0.00498220689637365,0.003691065310799818,0.0010859479686175354,0.0010769603338005851,0.050366315439178584,train,False,2002
5,400,e,0.1856654045684311,0.18569785745780287,0.2717427087086321,0.15359675792785063,0.15359137680708757,0.29033833495563355,train,False,2002
0,100,c,0.07027573620524268,0.07027201610314178,0.10102800931756561,-0.06960904257000557,-0.06961019722762828,0.42333969412833694,train,False,2003
1,100,d,0.01148042512306322,0.011492601778021647,0.009338982538800196,-0.025468828342218117,-0.02547103895075537,-0.017293114772303983,train,False,2003
2,100,e,0.1398833411579922,0.13988030022566778,0.2109279200836885,0.10381356430879546,0.10380598598123558,0.3510226740357918,train,False,2003
3,400,c,0.05957415322935284,0.059558365856700816,0.09268659505841463,0.058169272502290495,0.05816987241719396,0.8254103074284589,train,False,2003
4,400,d,0.005383044944391786,0.013947040051988834,0.006444784059356533,0.0003005388758830918,-0.005349216163071358,0.10662495544016799,train,False,2003
5,400,e,0.1830203014055076,0.18233679386181273,0.3131737380208868,0.15896864673241748,0.15951985254042714,0.32144017213016773,train,False,2003
0,100,c,0.056489779391249516,0.056483922688748335,0.08624510141613356,-0.10258189511934852,-0.10259457868948772,0.15055505474405892,train,False,2004
1,100,d,0.047811974562126186,0.04782146596353175,0.0049949649884761405,-0.012139087175569543,-0.012145564169104582,0.16463975426003188,train,False,2004
2,100,e,0.18597391223232884,0.18597659515530915,0.2563583628055166,0.13645792762009876,0.13645239169013706,0.30992612875320064,train,False,2004
3,400,c,0.0697637393805122,0.06978169488978982,0.0712718068843636,0.12106654595771872,0.12106232601009083,1.052726579105352,train,False,2004
4,400,d,0.0057738792247498975,0.005774586526203034,0.006387044756740644,0.0008024026304133969,0.000801903451064554,0.011675773763066494,train,False,2004
5,400,e,0.1705867488196715,0.17059085717257394,0.22725861595024777,0.15372789006386903,0.15371043061725181,0.34314606538045767,train,False,2004
0,100,c,0.07142546313654846,0.07143271336865985,0.0649872751140505,-0.04183160429031375,-0.041848473823732205,0.44795749960666936,train,False,2005
1,100,d,0.004574655483023032,0.004578377709898657,0.003760102016717113,0.0006185871947577936,0.0006151886760737923,0.022056098314126107,train,False,2005
2,100,e,0.1715380258886692,0.17153269112836253,0.2913286541861644,0.13404315434366518,0.13404859168716826,0.3168680644862031,train,False,2005
3,400,c,0.056237561135133854,0.09784064133599303,0.10018143410548834,0.001918932359932768,-0.030684752793402978,1.2931952540338125,train,False,2005
4,400,d,0.003929552604027844,0.003929577875607889,0.0034264853042180565,-0.016691928224494498,-0.016692116736993654,0.03376883889677671,train,False,2005
5,400,e,0.1387109987404345,0.13848234420325986,0.23733665631670814,0.1638407106764805,0.16382799130498604,0.3294400809068889,train,False,2005
0,100,c,0.1877539891812377,0.1877674921528556,0.15323829220275287,0.1878947668184074,0.18789301935837968,0.4119316162683509,train,False,2006
1,100,d,0.009333299448745513,0.009334122593657299,0.0067413057059098344,0.00670529818609154,0.006704858455501679,0.11777077926030213,train,False,2006
2,100,e,0.2083160512434399,0.20829068025723135,0.3360527860559675,0.15973012267787265,0.15973164709172377,0.3973360338181836,train,False,2006
3,400,c,0.0485537456476178,0.048541794857407325,0.06780805725243857,0.07468325872562331,0.07470335231212076,0.6664451165708342,train,False,2006
4,400,d,0.010145503388009,0.010154036213627739,0.00622649401706427,0.009790680950475786,0.009785294296101785,0.06936468080186842,train,False,2006
5,400,e,0.21606061604813034,0.21608923278321382,0.3067048508778472,0.14506137687291631,0.14505562171247183,0.3444776236386113,train,False,2006
0,100,c,0.050975416768745695,0.05097816158893957,0.05627048191860939,0.002819258253921788,0.0027910363511661983,0.5124760036095245,train,False,2007
1,100,d,0.10854283319588594,0.10856424177660952,0.04722956004268886,0.01791001565530847,0.017898745599226214,0.18086208616586102,train,False,2007
2,100,e,0.27468757923846043,0.274643777844706,0.33768861652882953,0.14468869640040016,0.14467630526879827,0.3275729129596923,train,False,2007
3,400,c,0.07065442218165847,0.07065584774913633,0.0767080395203136,0.11875538626612063,0.11875586322900482,0.7156589182826248,train,False,2007
4,400,d,0.006683428098480719,0.006682458564114988,0.006717875079510554,0.007693986450557197,0.007690908314484695,0.030164596506915373,train,False,2007
5,400,e,0.22892828907799895,0.228964495598795,0.30503315126868746,0.15689361019558004,0.15688790124955357,0.4521269762908573,train,False,2007
0,100,c,0.06255851353154421,0.05567365991748405,0.09571137996713044,-0.0316672638596944,-0.03682726748794075,0.7336783125065699,train,False,2008
1,100,d,0.009858293910589679,0.009858415952958112,0.011737890920299428,-0.008210836781479306,-0.008211261837968102,0.0162704771711385,train,False,2008
2,100,e,0.2260404970167723,0.22592638129966144,0.27568179515689284,0.1283828590856583,0.12840579977865205,0.33714195523648643,train,False,2008
3,400,c,0.05829219319835286,0.05734137590511153,0.08237164757876698,0.0431584812690933,0.04302909106147723,0.7245458313763382,train,False,2008
4,400,d,0.005508872850290936,0.005509004407408328,0.005275139365798623,-0.0021828906591947472,-0.002183147141171844,0.02258224372509293,train,False,2008
5,400,e,0.1811913593404175,0.17987152123584205,0.2526758044784645,0.1601158182637543,0.1596733706590464,0.33914484382706533,train,False,2008
0,100,c,0.06934019023656057,0.06933429015289248,0.06774090732054193,0.0025928731725408482,0.002589128507501428,0.7648135345825999,train,False,2009
1,100,d,0.01401125794347717,0.0136113163205688,0.005248100882043074,0.001754447771489538,0.0017098014886064306,0.05729148395534242,train,False,2009
2,100,e,0.22345757737755542,0.22347755710923362,0.35046670201835556,0.14551318900687568,0.14550378506596404,0.22572757321586814,train,False,2009
3,400,c,0.0549403411271615,0.054945429118974334,0.08195400280118782,0.07142704050245911,0.07141981952634012,0.8930725288789233,train,False,2009
4,400,d,0.005505438257334341,0.005525100803700311,0.0057257705967807574,-0.0014323417825866259,-0.0014407686323660406,0.020565374531776825,train,False,2009
5,400,e,0.18492920673833854,0.18491876706555113,0.29893153585261684,0.1635945670060989,0.16359223509680768,0.3351001635805131,train,False,2009
0,100,c,0.06762697375213232,0.06487999525594366,0.07723639819220347,-0.039108598556712976,-0.04703820769666613,0.8876490502395586,train,False,2010
1,100,d,0.004777763520134417,0.004779372126179556,0.004703348259462876,0.005390280318367804,0.005385785313819404,0.030455993259318442,train,False,2010
2,100,e,0.21658265389850534,0.21673932565347062,0.298267514669034,0.050886219413243304,0.05087583298068683,0.38477558741026047,train,False,2010
3,400,c,0.06868095462889086,0.0686678585090974,0.07350941375428496,0.014164587082813682,0.01415850561753544,0.67072596230056,train,False,2010
4,400,d,0.004908396771273116,0.0049084340804353335,0.005810150723457983,-0.007525581126682113,-0.00752581147909325,0.02787047384388364,train,False,2010
5,400,e,0.21086232993996268,0.2108620685172851,0.23421102626609636,0.14504305634412235,0.14504142855228147,0.3556775706401183,train,False,2010
0,100,c,0.06914710642198867,0.06914281314763251,0.0896308835501018,-0.010545386285307927,-0.010550230792543545,0.5098565731125949,train,False,2011
1,100,d,0.01415083975699094,0.014151611065876929,0.011161762085324187,0.026112033150569102,0.026111375157472347,0.037763292764382825,train,False,2011
2,100,e,0.2217621757827268,0.22175251411685132,0.32195695120063833,0.18591964469431113,0.18591165533423024,0.24429062278034874,train,False,2011
3,400,c,0.05772791064318107,0.05776071179461783,0.07375410241891997,0.028381585000587677,0.028381818991843416,0.786017252793597,train,False,2011
4,400,d,0.009718670610378722,0.00972695978173776,0.0056425562127993545,-0.011170525238051284,-0.011172504057382699,0.01594435550499231,train,False,2011
5,400,e,0.18749574030777721,0.18749343374560543,0.3164941475502661,0.14525659804351398,0.14525730847484256,0.3303241584860761,train,False,2011
0,100,c,0.0721805826325021,0.07472763497235979,0.10440289292306583,0.08303604072402877,0.0825416646876117,0.684165165247669,train,False,2012
1,100,d,0.00513346220297884,0.005133656162871808,0.006219342238604731,-0.016417693422190977,-0.0164178828138723,-0.008583272706460185,train,False,2012
2,100,e,0.1641865590160465,0.1642315676870835,0.20534193111682852,0.09432629884880761,0.09431145907407312,0.26609003905230105,train,False,2012
3,400,c,0.07273541417550275,0.0718521945621323,0.08579446800682408,0.08298854021715485,0.08272404304675547,0.5031186338711922,train,False,2012
4,400,d,0.005186082953249865,0.005186206630547956,0.00541067003083895,0.011950310627819007,0.01194992795399502,0.12369411387290612,train,False,2012
5,400,e,0.16808954979696455,0.16807693342367028,0.2660782641456344,0.1689928124041427,0.168981325629257,0.3191057616791084,train,False,2012
0,100,c,0.06741727742154166,0.067415449670346,0.09191570156671797,-0.08380576135476836,-0.08380549189509011,0.5770845914993967,train,False,2013
1,100,d,0.014054315596566282,0.014058060080585421,0.008608080817342191,0.03639530463008146,0.03639256618848478,0.07217400844252271,train,False,2013
2,100,e,0.18883048505820071,0.18885079067012342,0.20269265047108248,0.0933845044466419,0.09338439417390638,0.32654048201558517,train,False,2013
3,400,c,0.05564316709464376,0.05652487570883424,0.08306375969783701,0.05090201727822745,0.05074694372767006,0.739939088852269,train,False,2013
4,400,d,0.016602730144874504,0.016612156984988538,0.005744523797681688,0.024898809113920315,0.024893894736676466,0.11143011078755763,train,False,2013
5,400,e,0.223764720437867,0.22289146322205902,0.2866416575735498,0.12161114253377588,0.12165621441556812,0.4074504632794402,train,False,2013
0,100,c,0.08246813464292485,0.08233250448344918,0.07388972146444918,0.006671670787771973,0.006693412217326867,0.7305873562007881,train,False,2014
1,100,d,0.011637743616523056,0.011645525674025693,0.009067251282102512,0.0054573073190565145,0.005455925476571082,0.015261936932563901,train,False,2014
2,100,e,0.257951775877396,0.25967199620422116,0.32516856994183135,0.14547115236170263,0.14921134422046187,0.2621692741345283,train,False,2014
3,400,c,0.05809006523622504,0.05809524000501948,0.07001249715267284,0.05017680696393271,0.05016357108270761,0.652883522958828,train,False,2014
4,400,d,0.0074146980040245905,0.007472138273192981,0.005985618672692186,0.007191993527974141,0.007182100111604104,0.012716965382954335,train,False,2014
5,400,e,0.1908370672191813,0.19035084004807293,0.296188233794559,0.17800640486004837,0.17763736771630306,0.3929402339813952,train,False,2014
0,100,c,0.10168416827534296,0.10166596553209342,0.05632074556880355,0.053546436858686944,0.0534853187469497,0.8451617713627144,train,False,2015
1,100,d,0.027400311163220167,0.027402414023613084,0.024259189025148918,0.0007328361121334481,0.0007309638291793519,0.0929466158612855,train,False,2015
2,100,e,0.215201600107074,0.21502511639765876,0.250575349129998,0.132752535570082,0.1327373798972642,0.2891104838601073,train,False,2015
3,400,c,0.05765649848919484,0.0744769794792712,0.08412210593736466,0.06242149087476321,0.05614194097004948,0.6854405600814768,train,False,2015
4,400,d,0.005103096359452389,0.005103240431636812,0.004844847578612057,-0.012118997161364274,-0.01211940693855432,0.014682119138225218,train,False,2015
5,400,e,0.18009265308272535,0.18061118803854093,0.23444917573653096,0.1374488138387615,0.1372000607845055,0.30739383394823194,train,False,2015
0,100,c,0.05024162228226291,0.050239521602198266,0.10496833768375963,0.04073497525177075,0.04073178724572728,0.448589225003918,train,False,2016
1,100,d,0.004787890162650915,0.004787643544344869,0.004606441179178701,0.010515797349286196,0.010515493052598277,0.016616626015219307,train,False,2016
2,100,e,0.1899940854042605,0.18999656436043794,0.2954350178395801,0.14421226908210494,0.1442116682478143,0.2856068315912641,train,False,2016
3,400,c,0.05717094557242246,0.05225818876019606,0.08725469393940562,0.08011382634861398,0.08156301136788009,0.5092944577548929,train,False,2016
4,400,d,0.006772093124462095,0.006772189045244249,0.007359493899065285,0.017157383471846224,0.017157242479477867,0.05635209257599005,train,False,2016
5,400,e,0.20305387181958512,0.20311342386031633,0.29545536437087366,0.16175090470007653,0.16173800128501944,0.28940389946250866,train,False,2016
0,100,c,0.09141923741253571,0.09141802092609165,0.12247187018723663,-0.08962675927018979,-0.08962608951076774,0.47515661119624253,train,False,2017
1,100,d,0.0039030179843462017,0.03455929893164509,0.01884556464327237,-0.0003720575450170394,-0.021662533733895623,0.13411981111323093,train,False,2017
2,100,e,0.21954790251018064,0.20946299265511467,0.28023954553085156,0.0643742515293723,0.07458137556095344,0.2649319397386799,train,False,2017
3,400,c,0.06661201041496091,0.06662755769261845,0.0797956630474204,0.052384401136576386,0.0523563433336939,0.822587062725368,train,False,2017
4,400,d,0.004843695781416689,0.004843921284127018,0.0057473966936907395,0.009089189179301568,0.009088744434526267,0.04320774397041889,train,False,2017
5,400,e,0.19854555390997006,0.198547894604994,0.28201621311036223,0.17730169792198366,0.177298248900889,0.31911752902932394,train,False,2017
0,100,c,0.06747520565868252,0.06742354454188702,0.09291152657077806,0.0792848331263989,0.07927782285530917,0.69521338215588,train,False,2018
1,100,d,0.006170726366005709,0.006171502771434656,0.008193072678788809,0.008786547131518425,0.008786130343617896,0.044589466846507865,train,False,2018
2,100,e,0.21446399029360605,0.2120446744548042,0.3352118016125847,0.1704652050816777,0.18160072347832557,0.2713274718995568,train,False,2018
3,400,c,0.05743193420729914,0.05743492437165615,0.07038028289031627,-0.009165949204700184,-0.00918072888416603,0.804602123234836,train,False,2018
4,400,d,0.009974026730707013,0.009978565971594924,0.009659111658225,0.0023403225415927053,0.0023380421094696046,0.005578869852403852,train,False,2018
5,400,e,0.18627520536898465,0.18347537346780374,0.26234119922241855,0.1466702672703326,0.15104790842182175,0.35218520862466174,train,False,2018
0,100,c,0.12812916349771236,0.12812998511051543,0.08362217523547749,0.07040321801328638,0.0703822094562635,0.6925254246416591,train,False,2019
1,100,d,0.004537323964765131,0.004537366183800097,0.0069553499276442535,-0.010176619533406707,-0.010176768743401397,0.058916856821845956,train,False,2019
2,100,e,0.1374045913757085,0.1374108474231247,0.23213933013153812,0.12565876834365505,0.12565334097300201,0.34933150747958874,train,False,2019
3,400,c,0.05710570831752641,0.05710571652588756,0.0802267587602581,0.0835175712661713,0.08351582901498177,0.6521089156062675,train,False,2019
4,400,d,0.005678814359070935,0.00567749456749792,0.005468126077004813,0.008781778344238092,0.008782907385425318,0.08164558439416796,train,False,2019
5,400,e,0.21059155767384183,0.20927719349588686,0.26174346699686085,0.15446953739846503,0.15896205929365184,0.3031190754013475,train,False,2019
0,100,c,0.25248250651496823,0.25244814985160025,0.15104500505163945,-0.004688826060629055,-0.00470240218521198,0.9110414900362707,train,False,2020
1,100,d,0.010360906594733446,0.010388415169506055,0.009173278761044923,-0.0144015951826424,-0.014403626559126899,-0.006929193977580504,train,False,2020
2,100,e,0.19804436703503764,0.19797702455035351,0.21741568642016376,0.06970840431417831,0.06970680994735315,0.2977280511542264,train,False,2020
3,400,c,0.05051145993839198,0.05051242489120445,0.08003815153666302,0.04956650291319058,0.04956657190908985,0.747637111317089,train,False,2020
4,400,d,0.005816665864743626,0.005816707005534025,0.006066160796499931,-0.019402927850318347,-0.019403342481883874,0.007016522627179036,train,False,2020
5,400,e,0.16614756436912664,0.16612630686964144,0.24678943844503384,0.13187188704619338,0.131871729547535,0.6106235247992071,train,False,2020
0,100,c,0.04841724629078367,0.048420889430664256,0.054939261214999896,-0.0007665400573315395,-0.0007785467334419138,0.5200982584085216,train,False,2021
1,100,d,0.005371299552873781,0.005389631799778284,0.0031950969451903562,0.013275073781685567,0.013272334272603707,0.04127526597801987,train,False,2021
2,100,e,0.22382253991803464,0.2238262964497284,0.3483547363063598,0.09474164623584401,0.09473690300639084,0.3064996261941506,train,False,2021
3,400,c,0.07005863990961837,0.07227950992977897,0.08316067399353468,0.013425507177986589,0.01374217608226374,0.9911275872606368,train,False,2021
4,400,d,0.0038204677050797165,0.0038188019137561525,0.004538959287250891,-0.006758369594117113,-0.006757807895800952,0.025671700136746942,train,False,2021
5,400,e,0.16770930125323563,0.16779373411724494,0.27072344592828407,0.16973365229887746,0.16983678409395603,0.2756633712908942,train,False,2021
0,100,c,0.07687738273931888,0.07688261880752717,0.09999044172000024,0.12302596475449591,0.1230127493063192,0.6894171088466837,train,False,2022
1,100,d,0.00896141040609092,0.00896202477829539,0.006895406933091774,0.005908756180405952,0.005908238668119772,0.03964304074358642,train,False,2022
2,100,e,0.23613522836758744,0.23580127210389495,0.35008534823602666,0.1579284692059168,0.1579290086142767,0.3315352909851502,train,False,2022
3,400,c,0.055068618447782255,0.054904718696893104,0.09500990452632624,0.04595924710595377,0.04549708212097464,0.6483967228681646,train,False,2022
4,400,d,0.005730199253415997,0.006405342446677123,0.004989820981825216,0.009279368078640236,0.009018046538095242,0.07459777926913608,train,False,2022
5,400,e,0.18285008706277836,0.1828473112682396,0.31353325362076817,0.17017531418906195,0.17016520010182754,0.32446961776282474,train,False,2022
0,100,c,0.0610516625809385,0.061087584980030155,0.06515455436385488,-0.031323234920955303,-0.03132991250212946,0.4680717166281729,train,False,2023
1,100,d,0.008389768490751633,0.008390476594836714,0.009226480934282017,0.0261735287727276,0.026172889305795446,0.17758696719262113,train,False,2023
2,100,e,0.18826098040000575,0.18868983304296097,0.29314455597012595,0.16807343328075042,0.16806108546025605,0.29446179976890113,train,False,2023
3,400,c,0.05171755233650057,0.051716672528676594,0.06403344172622899,0.018505322542968657,0.018500583398339147,0.8198609121264314,train,False,2023
4,400,d,0.005273498217192721,0.005262366659499485,0.00691872370887966,0.004777465819564526,0.004766652788429795,0.09105897050025731,train,False,2023
5,400,e,0.17740785556660613,0.17756850036628358,0.26512132120969495,0.15354462856492881,0.15353400794163016,0.2819715729841551,train,False,2023
0,100,c,0.06813833405952932,0.06809073551468293,0.06138376970949083,-0.0032254734256937923,-0.0032295629416974948,0.7629953725600668,train,False,2024
1,100,d,0.013095830852329106,0.013099872495374807,0.012107211481693646,-0.01889623597508905,-0.018898223111993497,-0.006395259837456972,train,False,2024
2,100,e,0.19731049492468616,0.19737918491547313,0.20387738152147084,0.0822999368919502,0.08229390158131089,0.21195479917105445,train,False,2024
3,400,c,0.10513298083883116,0.10516593825391414,0.0829329774974596,0.09926400513906287,0.0992647548305095,1.1002777636665582,train,False,2024
4,400,d,0.0071165965463098335,0.013761913023910858,0.007535842042610027,-0.003073943383125517,-0.006315637275748127,8.731376370285204e-05,train,False,2024
5,400,e,0.1779923510208196,0.1786943896717077,0.21623933542211135,0.15223713470748826,0.15298309196847307,0.30951374715675317,train,False,2024
0,100,c,0.07795595604811821,0.07795570983705243,0.12045944300924209,0.083248275283363,0.0832468622895133,0.6026676732631789,train,False,2025
1,100,d,0.004967696050215127,0.004967642102778089,0.004639381891524198,-0.028568046180288426,-0.028568231304425762,-0.005286771974395297,train,False,2025
2,100,e,0.2119227844215538,0.2180928737797544,0.2638233882919283,0.13334902455838168,0.1336221708039345,0.25419290544859735,train,False,2025
3,400,c,0.06284970578969236,0.06295628861804813,0.09664882426947438,0.00851326407776682,0.008461288843018338,0.6782847470734477,train,False,2025
4,400,d,0.006424734842182055,0.006428428060518751,0.006278413235113068,-0.005072587421592072,-0.005081141306102559,0.06634785676259407,train,False,2025
5,400,e,0.1778912605041283,0.1765836077239299,0.2907944784515039,0.14752821873364308,0.1503742348706482,0.3176641692586434,train,False,2025
0,100,c,0.09731522087815932,0.09685635424569719,0.07688134298432352,0.036665132208447415,0.036592237234128716,0.9939809934358885,train,False,2026
1,100,d,0.013221135745501019,0.013220077717945216,0.008488958195975114,0.018069703408796763,0.018069067535213677,0.08349326265175802,train,False,2026
2,100,e,0.19108567464197818,0.19112097787622404,0.34490215147462744,0.1251614510844788,0.12515247245295727,0.3628727184631876,train,False,2026
3,400,c,0.06417367157186653,0.06417420260636883,0.0675473990318451,0.061047517119354924,0.061048300493198655,0.6142358556880544,train,False,2026
4,400,d,0.02186811287322683,0.02142638596809388,0.011291687282145597,0.0269802205394606,0.027034738772742595,0.10447868928767072,train,False,2026
5,400,e,0.20053905229505287,0.2005166663616434,0.28247463588483585,0.1813687034681101,0.1813590045163843,0.30844837298829125,train,False,2026
0,100,c,0.23131186841674378,0.0818646401688129,0.08410819933926868,-0.0768093056840256,-0.018845792033450694,0.10365968876186259,train,False,2027
1,100,d,0.003702946968604093,0.0037029245215887702,0.003990073090733827,-0.016253130430026914,-0.01625344080663776,0.006367851293832594,train,False,2027
2,100,e,0.21912236996611983,0.2191337095603687,0.39495226196718164,0.13691770524642063,0.13692239647831106,0.31335999620796984,train,False,2027
3,400,c,0.06735271010757554,0.06685649984350961,0.08200332248579903,0.02465853342095585,0.024634576517014325,0.4878249554133528,train,False,2027
4,400,d,0.009797874793052806,0.009788367531777753,0.005979143262735416,0.008273756316665022,0.008273582833423276,0.10631253052543947,train,False,2027
5,400,e,0.1768698128425739,0.17682454946394938,0.26130341438327426,0.15448326511188207,0.15447174171382608,0.33777112964416284,train,False,2027
0,100,c,0.09370773872553123,0.14009196337870933,0.0841320133130221,0.12948517400166465,0.10605025264745307,1.0670317063944728,train,False,2028
1,100,d,0.0429659017926554,0.042975318254027124,0.031192071642750795,-0.0033662388782587627,-0.0033697718011637258,0.11176209780359518,train,False,2028
2,100,e,0.3291871967936717,0.3204935336475594,0.3489195564362215,0.10213776658033126,0.12073383931015051,0.4439840812327681,train,False,2028
3,400,c,0.0513716752666446,0.051367777543520905,0.07586961612597358,0.03531346882279877,0.035306388980012995,0.8445882729733017,train,False,2028
4,400,d,0.006236066749151071,0.006231153273819801,0.006961031423746056,-0.004455419024759575,-0.004463227876250553,0.014783061165573734,train,False,2028
5,400,e,0.15700537195608388,0.15704257166801877,0.24691676013132674,0.1677537438864507,0.16774698108000613,0.31466565088411647,train,False,2028
0,100,c,0.08432801808849484,0.1832171889470845,0.08969794944553153,0.0885106190713367,0.0595383822288818,0.23164672352757115,train,False,2029
1,100,d,0.015236933549666567,0.015236601945763668,0.018588229906350503,0.004785653621458792,0.004784974868604479,0.22489491970133685,train,False,2029
2,100,e,0.15657890936266372,0.15653467864797105,0.2462182103339744,0.1574576482667006,0.15745892962056665,0.2772183431421041,train,False,2029
3,400,c,0.05929304295955674,0.06403581230958108,0.07479745072346235,0.05158214942571171,0.04946022624200488,0.7286793458979325,train,False,2029
4,400,d,0.008541730101917566,0.008534648204891639,0.009021646937314106,0.007706323697080304,0.0077047771643659856,0.03934355509263151,train,False,2029
5,400,e,0.18843562530780938,0.18841988736022602,0.2539424174163344,0.17076549200226074,0.17075571536232065,0.29931196716187325,train,False,2029
0,100,c,0.06100652493576146,0.061041792819539635,0.07149469369489474,0.03763020153372033,0.03760763990993475,1.0501253283567045,train,False,2030
1,100,d,0.03666777336719685,0.03666420166521301,0.013961759133841655,0.0022113753250884295,0.0022063336128602985,0.06714931529368819,train,False,2030
2,100,e,0.2190173704458262,0.21902044195153,0.2722811847808136,0.09778203587650865,0.09777378266885287,0.3419963978134799,train,False,2030
3,400,c,0.06062049274295666,0.06063050496142333,0.06408962839683684,0.04901873037421631,0.04900734706596367,0.5450172229029907,train,False,2030
4,400,d,0.008164624766728997,0.008314519240126007,0.004545125097838165,0.01686108101078162,0.016759198969576714,0.05072690310775961,train,False,2030
5,400,e,0.17932618554932994,0.1793161051182362,0.27646804142985676,0.1330169701635033,0.1330144758025559,0.3460063602690451,train,False,2030
0,100,c,0.04772699900285839,0.04772851711868276,0.084150389317737,0.057416581083032485,0.057410205036709176,0.5499577846060114,train,False,2031
1,100,d,0.011139532584414191,0.011139820969794635,0.003816509173922692,0.011691403435878059,0.011691503999979407,0.12904591928464726,train,False,2031
2,100,e,0.17467917293863205,0.17468001814207962,0.28330031440235803,0.13319077285968384,0.13318446300840647,0.33544094224360177,train,False,2031
3,400,c,0.05770503224298417,0.05770355910106892,0.08990815378404399,0.06194731106537276,0.06194670428033746,0.3948210621028606,train,False,2031
4,400,d,0.020812242962825234,0.02080645732925829,0.00489273409410847,0.005837384691105587,0.005838693435960778,0.2017227890125914,train,False,2031
5,400,e,0.20010230022758801,0.19985948330458025,0.22435732053853624,0.12022780291557762,0.12021172608052862,0.33910558111462746,train,False,2031
0,100,c,0.095262596470804,0.0953521544793783,0.07457395505714941,0.05252705483106524,0.05251737669670632,0.5476219347740853,train,False,2032
1,100,d,0.003981207888657088,0.003981108959075016,0.003154263526963467,-0.001989963708567384,-0.0019916880130402604,0.006217635930256193,train,False,2032
2,100,e,0.20747733875091576,0.20747575444425034,0.34219357624247854,0.16920411886602602,0.1691961963286905,0.3606704911782211,train,False,2032
3,400,c,0.0550065268672953,0.05567035717404966,0.08063772978504964,0.09713718898486377,0.09681229621298855,0.7318741780024266,train,False,2032
4,400,d,0.008423418827636404,0.008568774644017629,0.006551825277439668,-0.002113434416915805,-0.0023322155156841264,0.0633530561761466,train,False,2032
5,400,e,0.17586742399384814,0.1758664734520118,0.3003298219758199,0.16573331640103856,0.16572526869447385,0.2855734586612758,train,False,2032
0,100,c,0.06712748741580782,0.06711546752884572,0.08603436425850124,-0.020498465300926867,-0.02049385572730067,0.409245295028818,train,False,2033
1,100,d,0.014885896668357969,0.01488592695242321,0.01538488496159069,-0.012569557600757744,-0.012570024399280193,-0.004543577658987666,train,False,2033
2,100,e,0.25192933071015206,0.2519065127274969,0.18319068031733227,0.11338981420617089,0.11337904981056639,0.2793386467547553,train,False,2033
3,400,c,0.061923867281459995,0.06192995829205793,0.0903887883015984,0.04336502286320418,0.043274078678947635,0.4251016784343886,train,False,2033
4,400,d,0.005278307470063855,0.0054833390228972,0.00677596267235053,0.018370101380625885,0.0185304722773885,0.11296653261018552,train,False,2033
5,400,e,0.21787691253802488,0.21805117801274357,0.2872529144182538,0.18263183226229657,0.18262261424499257,0.29131044341730306,train,False,2033
0,100,c,0.10262443337760388,0.10264100736055948,0.08754461761968574,-0.047314631802741335,-0.04731917039903927,0.7463350225561851,train,False,2034
1,100,d,0.009604331877868586,0.009604887123991325,0.006890297953019443,0.016862031283558707,0.016861735386528735,0.06215159281271472,train,False,2034
2,100,e,0.17018302615133443,0.1701951314943119,0.2142045311583102,0.13064565451409338,0.13063827254740176,0.3437745321583061,train,False,2034
3,400,c,0.061604866968405884,0.08224869200174098,0.06918332872430705,0.10892941045881357,0.10248057175467949,1.0072015206376672,train,False,2034
4,400,d,0.004792659838114311,0.004792825136431503,0.006632595509237399,-0.007198902930420204,-0.007199178220602427,0.03602311510365723,train,False,2034
5,400,e,0.1992680738865941,0.2025837229889132,0.26469839042744564,0.1406556324027063,0.14231217188116396,0.4584116702549224,train,False,2034
0,100,c,0.08609995736998996,0.08611386237147603,0.10841665876150125,0.09811453520018425,0.09810701462114281,0.4870548605601611,train,False,2035
1,100,d,0.006669448830282767,0.012765658677928258,0.010597088123594247,0.0014759848023611077,-0.004056290328714081,0.06381485056604444,train,False,2035
2,100,e,0.22808653035350943,0.22808142281574942,0.3002663349226032,0.13085031970270042,0.13084160496362965,0.3260001585484203,train,False,2035
3,400,c,0.07869317488772609,0.09738389353372452,0.09467873740015452,0.12597833500959552,0.12311205771757401,0.9643981572294129,train,False,2035
4,400,d,0.006052675822973632,0.008984786835801421,0.009225033908278826,0.005270557505648821,0.0028174369026313607,0.07157272483141065,train,False,2035
5,400,e,0.18961349479372427,0.1896971032030859,0.24290663611284266,0.1690894739435975,0.16908347575016222,0.30938048329791507,train,False,2035
0,100,c,0.06279131427633035,0.06279106527147367,0.0601659836860228,0.0744298205940435,0.07442677334337468,0.6917710607424519,train,False,2036
1,100,d,0.01629207049485645,0.01629137239451261,0.00609097663111327,0.03268377358558446,0.03268350381574864,0.08642397926310545,train,False,2036
2,100,e,0.2757047007818765,0.2756949797527366,0.29551312800849755,0.14650551929663586,0.14649810353043918,0.2857051946738002,train,False,2036
3,400,c,0.05618238959878801,0.05618721207204585,0.08631486595096836,0.027542682215618654,0.027545658793317856,0.32321523179922784,train,False,2036
4,400,d,0.004972193200122379,0.004972271681001921,0.005342430815585413,-0.010210920829823564,-0.010211207542713296,0.039901191691448436,train,False,2036
5,400,e,0.15785462042728332,0.15785842046248139,0.2506964803855125,0.13465577220768807,0.13465317242026664,0.32549998994178003,train,False,2036
0,100,c,0.15106402538682784,0.15106924821242473,0.12288854230099489,0.10521577572879977,0.10520718958305267,0.5264114470357191,train,False,2037
1,100,d,0.010047586347979443,0.010047854181879413,0.006675382215310443,-0.021721224881116222,-0.021721741381341583,0.11475827750882427,train,False,2037
2,100,e,0.2143572753062256,0.21437216474837456,0.2419590254301339,0.06933940846748073,0.06933544298370428,0.43570703632365954,train,False,2037
3,400,c,0.05775897580805329,0.07454100703392753,0.0858062945204813,0.028977209535101595,0.016215984799881157,0.6138745092234678,train,False,2037
4,400,d,0.007823267655312357,0.007823473186415457,0.005994683492214028,0.014411902391906378,0.014411981634098582,0.12569693673684015,train,False,2037
5,400,e,0.21146437564872783,0.2109411966736666,0.36279766433623806,0.1665708112488172,0.17100325296736862,0.3308039527441733,train,False,2037
0,100,c,0.17156887052856898,0.17167617487332174,0.16065766013050936,-0.001584040009471437,-0.0016120296060814355,1.069077833822198,train,False,2038
1,100,d,0.006765990215223859,0.006766086599691251,0.006268443518161968,-0.0065241053618581195,-0.006524379341025419,0.06582914947788655,train,False,2038
2,100,e,0.1802580358708278,0.18026176772356486,0.28434201339365534,0.14282793908655336,0.14281726373301964,0.30341772229793457,train,False,2038
3,400,c,0.06439416498070856,0.06439730098368383,0.07403484924379947,0.06246899135128544,0.062467156555950254,0.7916263812491087,train,False,2038
4,400,d,0.005966862113999626,0.005966870930364957,0.007670008896514031,0.003345535873247929,0.003345251833018903,0.07456371575918155,train,False,2038
5,400,e,0.19064118871160954,0.19065926803558425,0.28670265607513723,0.1800200079421344,0.18001119007935854,0.34215106065313194,train,False,2038
0,100,c,0.0631797074604933,0.06317928312814904,0.08763343539664181,0.07795715057914065,0.07795302979147571,0.5535257787391203,train,False,2039
1,100,d,0.027304892864366315,0.027306606479861224,0.026596197819986,0.02414778672385271,0.02414709487277676,0.09552179903247535,train,False,2039
2,100,e,0.27413979249188364,0.27413740451589463,0.3202282733854661,0.15399461837314626,0.15398768620787856,0.2790702695994029,train,False,2039
3,400,c,0.061246365473575176,0.061222906840866564,0.07202390474709941,0.04702753573074538,0.047037539947994915,0.4890429881774828,train,False,2039
4,400,d,0.043696617922186445,0.04369151386972841,0.009924951589864221,0.015416574462980108,0.015412194555718184,0.10237857011039407,train,False,2039
5,400,e,0.2014653815931302,0.20981692510788227,0.3080117935855432,0.17878102270552304,0.17652640628031152,0.28804172476154083,train,False,2039
0,100,c,0.05220425189966904,0.05219905225705443,0.08311181685469676,-0.051633389104060685,-0.05164690770821039,0.630936900187679,train,False,2040
1,100,d,0.011156780777247782,0.011156889465101788,0.008404758648139542,0.052137524564632866,0.05213742675067714,0.12476630312338415,train,False,2040
2,100,e,0.19282073614795966,0.1892578915271357,0.2805903495702952,0.13217005623912192,0.13252339094695523,0.2716103927340288,train,False,2040
3,400,c,0.07005391046665749,0.07003698645478945,0.07401966103580164,-0.0344021341757044,-0.03442354312417258,0.5440194812660087,train,False,2040
4,400,d,0.012565281713792982,0.012474981010993116,0.01024203967836675,0.013380451902561478,0.013334423308486585,0.037804704612563106,train,False,2040
5,400,e,0.17917710138774498,0.1791846197793209,0.2772608143043147,0.14227343475451118,0.14226888897667347,0.3438355287479773,train,False,2040
0,100,c,0.12421756534495103,0.12423923357769986,0.08512347618740806,-0.11140901916796431,-0.11141124387252034,0.2393691582578805,train,False,2041
1,100,d,0.012879993234885846,0.012782996790047492,0.010178455563752358,-0.004971573869426962,-0.004973115387758078,-0.004267443499225969,train,False,2041
2,100,e,0.17751309250998287,0.17734363431027134,0.289322787996878,0.09358499809596155,0.09356432285040263,0.4564597028220887,train,False,2041
3,400,c,0.06628870171966188,0.06694091064141373,0.10695166950621487,-0.005595547523072142,-0.005624704877929645,0.5992034238105939,train,False,2041
4,400,d,0.01867796234019831,0.0186823818126764,0.01011960702110104,0.003849646667613822,0.0038489047077618645,0.10289023085792906,train,False,2041
5,400,e,0.17410236060456163,0.17406830911293766,0.30741129200043404,0.14741368656355683,0.1474067010041555,0.3362358179265499,train,False,2041
0,100,c,0.053424525806729586,0.05341588961241697,0.07953186175684525,-0.032946293807847554,-0.032955868815728664,0.2993367504510438,train,False,2042
1,100,d,0.03138757105158081,0.03139144050520773,0.008331519741090712,0.029677619031316275,0.029673562719308003,0.10744235746070281,train,False,2042
2,100,e,0.2124274345580545,0.2125133849416656,0.32827027480256166,0.15241451950269672,0.15240621470101906,0.28649742364590813,train,False,2042
3,400,c,0.06149361908597349,0.06156823753555656,0.07756258459516957,0.02252752673715321,0.022467686599459073,0.6469609185897996,train,False,2042
4,400,d,0.006372394567205796,0.006357992072375497,0.006139759981094685,0.021914471045987618,0.021913045900185803,0.06827197547671249,train,False,2042
5,400,e,0.16179202604460444,0.16179007486606992,0.2914426105611739,0.15392019588536207,0.15391427403039892,0.33781811338866263,train,False,2042
0,100,c,0.056235972208956084,0.05624263493474595,0.093745427523449,-0.010657949373020302,-0.010687980261715283,0.6012015939928023,train,False,2043
1,100,d,0.007326498542309965,0.007430356757923575,0.005230852050791003,-0.025951135252461625,-0.026011500672921777,0.04887074582869966,train,False,2043
2,100,e,0.19870934880257013,0.1987093677582642,0.29797652481107884,0.1383206884884168,0.13831272867901212,0.2918000806331252,train,False,2043
3,400,c,0.07397369470519478,0.07396417761872918,0.06789313548675258,0.11820912166011319,0.11812438209849155,0.6765669503267153,train,False,2043
4,400,d,0.006657002812857273,0.006680056164448015,0.005687232792195664,0.014973153352027318,0.014964538693303915,0.05634456163397953,train,False,2043
5,400,e,0.21459473941558296,0.21440838356608835,0.3354210983060439,0.19527207341570638,0.19529325934630679,0.29101250273420187,train,False,2043
0,100,c,0.07631413867195554,0.07637299476015574,0.06953511268727305,0.07652628549948474,0.07648782738533931,0.9590330940450285,train,False,2044
1,100,d,0.0030687010848567523,0.00306821360858064,0.0029752088020240097,-0.009078056549782297,-0.009077132209833146,0.021893688800124097,train,False,2044
2,100,e,0.2351163156666827,0.23513389856604008,0.3596979956783213,0.0960532009809884,0.09604941819912614,0.2712513398294597,train,False,2044
3,400,c,0.06217036170758392,0.062342847635687454,0.08753056616741209,0.09597486962085512,0.09594348892952212,0.37414748245107304,train,False,2044
4,400,d,0.004580208579326779,0.00458027800298687,0.005255468913632374,-0.006501298218153622,-0.006501744731483914,0.002399697305723727,train,False,2044
5,400,e,0.1694954234350467,0.17353639975247742,0.2686809196617791,0.157539245757507,0.1564757670164526,0.2990212928586623,train,False,2044
0,100,c,0.07247997750679144,0.07108683488001948,0.10025340608584173,-0.017096538989203866,-0.018730198932761583,0.598654988848747,train,False,2045
1,100,d,0.047602907468803864,0.0476028933846084,0.023889993773373107,0.00037545102417496423,0.0003745582048855134,0.09386523008059645,train,False,2045
2,100,e,0.3635596622443047,0.36357386731625696,0.3417464921767096,0.06612096346313016,0.06611385275347942,0.22217251796948154,train,False,2045
3,400,c,0.05675649091227099,0.05675601266551019,0.07837630636227583,0.023768772871698617,0.023769218743269108,0.4216429190191786,train,False,2045
4,400,d,0.005671674215987907,0.005670500068440485,0.005861367841731362,-0.010990873453161036,-0.010990491164160971,0.0357746989533034,train,False,2045
5,400,e,0.17421694057966625,0.17418851979177594,0.24204782103638453,0.16749060523685877,0.16747837649373368,0.3299497568342797,train,False,2045
0,100,c,0.08994142765577821,0.08996233654894902,0.08125180419168697,0.02373415266286557,0.023728973355368766,0.6670141023023447,train,False,2046
1,100,d,0.007890573573481267,0.007890709964027581,0.006792809946357225,-0.005611511747952829,-0.005611521777176343,0.08115888499688051,train,False,2046
2,100,e,0.20135229872293095,0.20125037164342052,0.2416469830364093,0.09873264759822653,0.09872292920406509,0.3873394902344771,train,False,2046
3,400,c,0.07764936065446577,0.07769566626491495,0.07335737798236011,0.13591149757017945,0.13589736027975818,0.725556760431248,train,False,2046
4,400,d,0.007742354889254083,0.007746143064254755,0.0077196113753893285,0.014520729779507385,0.014516183949050116,0.0361258697776011,train,False,2046
5,400,e,0.22486238293154545,0.2244911959815149,0.30322282682815177,0.18663989206045614,0.1847626065519227,0.3232131171155083,train,False,2046
0,100,c,0.055785264754371136,0.05471661019176649,0.0849762429480558,0.009550427291166912,0.009462187484295156,0.3868897387729727,train,False,2047
1,100,d,0.02871993204002213,0.028715176230524046,0.0139375764845664,0.009129716528377579,0.0091239109483476,0.10418507647741532,train,False,2047
2,100,e,0.17471952616329786,0.17472945065615442,0.26244466327323096,0.10059169858223989,0.10059249188630381,0.336844024188689,train,False,2047
3,400,c,0.06245870419042041,0.061980566608516814,0.07162138426413382,0.08637362548990198,0.08642684092802255,0.7690981020955329,train,False,2047
4,400,d,0.007272405435790032,0.0072725580541705605,0.005334638397442717,0.014594465963943417,0.014584128498035262,0.10849859838129244,train,False,2047
5,400,e,0.2039102708004907,0.20473601554865362,0.32523886842083344,0.17801707559446825,0.18073344984952308,0.3142710862513336,train,False,2047
0,100,c,0.06373547388091332,0.0637024973185105,0.0770650745753477,-0.006490990035481303,-0.00650634129817405,0.24499611204126368,train,False,2048
1,100,d,0.003059959938512101,0.003060034239135695,0.003925303468429223,-0.009424744294854435,-0.009425107068698858,0.03448797556318505,train,False,2048
2,100,e,0.18727363868299599,0.1872773750108073,0.23017217159867503,0.17613871873179604,0.1761325037434878,0.2795814682507672,train,False,2048
3,400,c,0.05537955229905807,0.05540694896890444,0.06309529730516932,0.017211722276843987,0.017151386873116153,0.8395449793938132,train,False,2048
4,400,d,0.003909321277157925,0.003909225153611994,0.00424911284531263,0.008765900398936318,0.008765778665561878,0.038254663833617586,train,False,2048
5,400,e,0.1955682770819788,0.19557514245336524,0.2843250789712799,0.13822095137591284,0.13821820463393436,0.31460584603026154,train,False,2048
0,100,c,0.1297349663624016,0.12971945822660577,0.11617060549489532,0.04871889711724656,0.04869311620234456,0.9207372056714901,train,False,2049
1,100,d,0.0073507613828817375,0.007350935515516783,0.007332195357583967,-0.004353241144294042,-0.004353501935325532,0.019246073936987927,train,False,2049
2,100,e,0.2221409491430648,0.22354030956981988,0.32678269347040984,0.11937132252193643,0.11949054479556544,0.3068588054337786,train,False,2049
3,400,c,0.05970812213422004,0.05972681689333575,0.07581479081964682,0.03639164207125283,0.036354555177669425,0.8270818704549842,train,False,2049
4,400,d,0.005423671953588399,0.0054238817067102305,0.006744465211319651,0.01802977635550903,0.01802935888126763,0.19137839934133752,train,False,2049
5,400,e,0.1665538911821232,0.1665584532559785,0.2487742903811389,0.1947167029715014,0.19471178185618107,0.29242443812166513,train,False,2049
0,100,c,0.11746602119182725,0.11749749490492867,0.10911447221943835,-0.0018009688566091597,-0.0018516644756357437,0.9200211368099411,train,False,2050
1,100,d,0.005405553200069695,0.00540570610785131,0.005126928679263487,0.014011516237701525,0.014011239135070852,0.030661407318411237,train,False,2050
2,100,e,0.235470090590231,0.2354660742106847,0.3703545736756553,0.12028735459917617,0.12027837333319692,0.40488276650068555,train,False,2050
3,400,c,0.14101097478837443,0.1408433656289486,0.11164954045859904,0.013070833200720814,0.01306646189168731,0.7620070102126675,train,False,2050
4,400,d,0.011212003366592253,0.01118727847105478,0.0094450347946402,0.0033600516303647333,0.0033544193787900236,0.04709187737615142,train,False,2050
5,400,e,0.17185700330090442,0.17186373580611553,0.29445118403291803,0.15478462464271667,0.1547807833433626,0.33207046086340336,train,False,2050
0,100,c,0.15153867963773554,0.15157536125355264,0.11729139828845934,0.14877735400254566,0.14877090090943626,0.731138189939483,train,False,2051
1,100,d,0.005339874436287121,0.005339944239487272,0.005096016541967129,-0.01993069708954625,-0.01993124732691044,0.009774297535550485,train,False,2051
2,100,e,0.20040549577882108,0.20032708553022316,0.20291617444328483,0.049967136479512536,0.049957840033724214,0.29277856412683934,train,False,2051
3,400,c,0.05971675397383607,0.05972349566927443,0.07770896814437286,0.058006155549705056,0.05800023406833809,0.7120722358416103,train,False,2051
4,400,d,0.005139375003498814,0.005139416330217677,0.004693017034382457,0.003308255772476745,0.0033080456270011462,0.024925750485023882,train,False,2051
5,400,e,0.17040577571035656,0.17027325793134726,0.24492782020264897,0.12628059525905275,0.12626647040464586,0.37211754506359535,train,False,2051
0,100,c,0.05494876829155888,0.05494866350070924,0.0946068560736835,0.013337748359413126,0.013332754649501411,0.5670983378708747,train,False,2052
1,100,d,0.02562810322169874,0.02655984333778586,0.007275298804442938,0.0076191996926746695,0.007586302336831388,0.0325931502779807,train,False,2052
2,100,e,0.22908250295660207,0.2291185182846376,0.3800153165200006,0.11274046667857465,0.11273046270723246,0.28760104366570793,train,False,2052
3,400,c,0.07265624001997385,0.07271868426318143,0.09686433452927336,0.0856518414290671,0.08564486132763818,0.5138368629228526,train,False,2052
4,400,d,0.00625910625019549,0.006259182991947213,0.0062945927443946205,-0.002400123451074965,-0.0024003674484175796,0.036899283682232865,train,False,2052
5,400,e,0.16087807890223974,0.16089673581844008,0.24835249918374241,0.18039289139596737,0.18038531400364766,0.3006840764046927,train,False,2052
0,100,c,0.08843686172774529,0.08805643710712538,0.07063582929308011,0.027365544033192322,0.027377816116924053,1.1110608666459907,train,False,2053
1,100,d,0.006554781938276818,0.006555094321489489,0.006870562428777906,0.0018770917594375192,0.0018767537440782078,0.020245102501237077,train,False,2053
2,100,e,0.2367290306917888,0.23671980067424803,0.278203241501051,0.13265761399422651,0.13264462504503471,0.40819942664278386,train,False,2053
3,400,c,0.11985427823822896,0.12006634071963102,0.11221072183370846,0.07414054486847682,0.07415509510996465,1.3048859036916287,train,False,2053
4,400,d,0.005061586291666837,0.007521589404277923,0.005914559356530422,0.008407936871697963,0.006131895004211181,0.027683919601150356,train,False,2053
5,400,e,0.178330790490524,0.17831737932600247,0.2544779781858155,0.1353077484504088,0.135302094674789,0.3727233888983247,train,False,2053
0,100,c,0.16535497427217632,0.16517761177611612,0.1560130044410829,-0.06220455694850081,-0.062283605930087374,0.53060331465514,train,False,2054
1,100,d,0.007897834950273014,0.007904488683374856,0.01001137437879733,0.009158886624101808,0.00915709198775172,0.03562513425596117,train,False,2054
2,100,e,0.2072260391645792,0.21677138033658747,0.31004752543280795,0.11707104877478144,0.13914279494415027,0.35776425407322976,train,False,2054
3,400,c,0.07664255932874926,0.07664448668197742,0.10813734082283083,0.06485463207987949,0.06484920576324733,0.6588656746139135,train,False,2054
4,400,d,0.004892103304835966,0.004892305636238816,0.004948576020127392,0.006013466188525705,0.006013231698966344,0.023202051906089826,train,False,2054
5,400,e,0.20224869486166963,0.20224760925937843,0.28324186102272475,0.15731152212226046,0.15731331790675637,0.3336605438640609,train,False,2054
0,100,c,0.06493031236819698,0.06492188866948449,0.11225342081923788,-0.04393529815633734,-0.04394486211541953,0.45544537853888145,train,False,2055
1,100,d,0.011616413326388342,0.011617459526054467,0.014180662499870971,-0.017805373594514756,-0.01780628576993358,0.019922290358562175,train,False,2055
2,100,e,0.2439332331434444,0.24421038530012001,0.36839936408392093,0.08707030525170716,0.08712760259821963,0.43761685976287745,train,False,2055
3,400,c,0.0666391004560591,0.06661888221800631,0.061347439310636936,0.09479343416716987,0.09474133600321409,0.7278507272946296,train,False,2055
4,400,d,0.00831351343372895,0.008304602185956267,0.00805562407116333,0.013443595201924464,0.013442327416422284,0.033126351787564075,train,False,2055
5,400,e,0.1935152458737587,0.19346683620357352,0.2661139418719988,0.16293464494376342,0.16295416229176052,0.3076626719620087,train,False,2055
0,100,c,0.07636343884152791,0.07633521310887144,0.09226752606640302,-0.034821538203131865,-0.03481087657344567,0.36909219265311194,train,False,2056
1,100,d,0.0060461187305361815,0.006050412523834853,0.005544564303559192,-0.02771577396804636,-0.027717719514056133,0.030904595033960158,train,False,2056
2,100,e,0.11791854459705654,0.11768480530828576,0.15967021136877213,0.12449288648351875,0.12448201090154876,0.34161840191091786,train,False,2056
3,400,c,0.05862962528117379,0.05863280345603398,0.08046610097207067,0.007140148952366303,0.007125455354129358,0.6790289404544646,train,False,2056
4,400,d,0.004613991995323347,0.004614246655889281,0.005016706796516346,-0.001665862349113585,-0.0016659335925763407,0.059484685942748215,train,False,2056
5,400,e,0.1650577784456263,0.16505113959252068,0.31995784998365584,0.14075804156040964,0.14075090154740058,0.40473559345234716,train,False,2056
0,100,c,0.0533039221953623,0.05330179663704523,0.07445435540007557,0.01158441471511182,0.011572886039718781,0.7292264854240984,train,False,2057
1,100,d,0.002894631980603996,0.0028945792314224446,0.003957186535380697,-0.001457373133338855,-0.0014576022785358412,0.00377967885931719,train,False,2057
2,100,e,0.2738546030941502,0.27385253321607494,0.27717179039598216,0.05788552478745345,0.05788078419318957,0.37129383195437604,train,False,2057
3,400,c,0.06766263843603565,0.06766318174943213,0.10028424991744325,0.07528797042146067,0.07528653861078503,0.5432046090709255,train,False,2057
4,400,d,0.010794382969063236,0.010791985009996709,0.011019118417258798,0.024836527129313436,0.02483873035795707,0.2251373291684444,train,False,2057
5,400,e,0.16249589348789623,0.1628341369543152,0.23749193078009537,0.14178136169378974,0.1420146577359222,0.3159039881939977,train,False,2057
0,100,c,0.07541677315500506,0.07541665942903127,0.10798811456059171,0.056741958609735195,0.05673943147907387,0.23013026892641286,train,False,2058
1,100,d,0.006114910430288178,0.006254703342202052,0.006868716021749779,-0.007134844262832516,-0.007070329805762406,0.05823881642212408,train,False,2058
2,100,e,0.24077080746459234,0.2407508911688975,0.31885735806893767,0.11415565289556569,0.11415177878672111,0.31452904433268686,train,False,2058
3,400,c,0.08594567843326473,0.06977634220092449,0.07415468958039612,0.09322886411333378,0.09873987889447271,0.6260123756985351,train,False,2058
4,400,d,0.0062769072419591775,0.006279933251361491,0.006106455007978076,0.001046339369906768,0.0010444803908706212,0.07132395152793139,train,False,2058
5,400,e,0.16942196006928764,0.16942727299628518,0.2492149414809791,0.14923470745552966,0.1492256766416602,0.29425930286646534,train,False,2058
0,100,c,0.057315095805065885,0.05731449052052607,0.10849931366185599,-0.0002785236068561403,-0.00028504920146517066,0.7216730721699685,train,False,2059
1,100,d,0.022372713455266476,0.022220818143515952,0.011353928480911246,-0.0002871971989098832,-0.00029690473844532053,0.009304195021231277,train,False,2059
2,100,e,0.2203495067403884,0.21776941726186425,0.3052804399279785,0.10712794291569026,0.10668723416057929,0.37417271630132715,train,False,2059
3,400,c,0.05680213372502939,0.06054563409774901,0.08980181718857726,0.047053485250072316,0.04455964519287889,0.7384942229282143,train,False,2059
4,400,d,0.005219934489228111,0.005129673374014477,0.004199526681491882,0.009528947338274687,0.00959279524228748,0.1335107881785944,train,False,2059
5,400,e,0.18902374467347133,0.18903463276064256,0.26002808819982576,0.15868795446605835,0.1586723991671027,0.3004213689926697,train,False,2059
0,100,c,0.08444914562653516,0.08445809393470856,0.0902736921295974,0.09066631205987861,0.09065864675862371,0.7997469008140713,train,False,2060
1,100,d,0.0037236841081236104,0.00372377951801082,0.005110961224454675,-0.0021781507619658847,-0.0021781362464537856,0.09175498257520384,train,False,2060
2,100,e,0.23025601113923244,0.2302321550932953,0.22351288821469362,0.10825810114924131,0.10825201624438428,0.2060284512749918,train,False,2060
3,400,c,0.06645744169239134,0.06420939703332577,0.0989113866719186,0.00799652729479547,0.007122607168425077,0.490004925519317,train,False,2060
4,400,d,0.005023324676499633,0.005023129106501665,0.0045970004100957225,0.012800344019943389,0.012800044186270744,0.013989744733112132,train,False,2060
5,400,e,0.16908497472050665,0.16909498654531288,0.24348348785170465,0.17505961212061164,0.1750517636261248,0.3239105920110552,train,False,2060
0,100,c,0.09894940270120241,0.09901843272153643,0.11008601296140975,0.0991121405968768,0.09909825728455111,0.6249168929116258,train,False,2061
1,100,d,0.0071822269246173374,0.00718252296755842,0.009790399924769598,-0.01631125049493747,-0.01631139202601025,0.04402705261709278,train,False,2061
2,100,e,0.19094253554744814,0.19098090164883635,0.24658658266189815,0.17410917070476814,0.17409958321542854,0.3102812771468322,train,False,2061
3,400,c,0.10903856035308016,0.07930259954401665,0.06638881117744343,0.057482813002217414,0.064751532438598,0.672171456638958,train,False,2061
4,400,d,0.007988877178939582,0.017386425669168058,0.014352948439538406,0.010100667692560296,0.0020262725291661887,0.12702936277017013,train,False,2061
5,400,e,0.19524550032438787,0.19529059449586267,0.2747868589463243,0.1542847115055617,0.1542756016924134,0.3361875224163498,train,False,2061
0,100,c,0.06638616272852356,0.06638705695287826,0.06972887061934104,-0.14057035068390072,-0.14057283277113172,0.32983407050232694,train,False,2062
1,100,d,0.012197728471244684,0.012202759405681725,0.006140124696376759,-0.004296296309027827,-0.004297637855441607,-0.0012495865632219426,train,False,2062
2,100,e,0.1940276511411572,0.19341339458332957,0.2769717326184825,0.14449644090575006,0.15352578222223812,0.2944181526620854,train,False,2062
3,400,c,0.05128324765667079,0.05128294121469028,0.07539770903162013,0.04304950694550016,0.043052005898108446,0.7438794234661503,train,False,2062
4,400,d,0.004025219758635217,0.004025276777610027,0.004180040474288239,-0.0028267599437320177,-0.0028269321886417666,0.05088258082189162,train,False,2062
5,400,e,0.1750469331204786,0.17505737961677695,0.2693556562054219,0.15713189380588674,0.15712419452601956,0.3379297076944134,train,False,2062
0,100,c,0.1082961094622696,0.10827173489268492,0.14971196336293396,0.11331085814820015,0.11328868802087996,0.8177343622963831,train,False,2063
1,100,d,0.009711176066519375,0.009708585368407732,0.006834951091629393,0.01336710111370385,0.0133655537986402,0.0860048678298104,train,False,2063
2,100,e,0.308521634663004,0.30852318786277366,0.44260071340665524,0.19228691928469047,0.1922843933222592,0.270777899070801,train,False,2063
3,400,c,0.054606866337443716,0.05462710940426405,0.06526473302642398,0.03783447174947448,0.03785586700182513,0.5998833703493857,train,False,2063
4,400,d,0.01369091733640338,0.013691566428197131,0.008904112968041064,0.012083749864693624,0.012083257620557949,0.09245758166838769,train,False,2063
5,400,e,0.21334484682195926,0.187543967753374,0.29827361475216185,0.1626808607678461,0.16674275707215674,0.38232471267837637,train,False,2063
0,100,c,0.07978900315894819,0.07980266520036486,0.08957498963870414,0.05362882825915584,0.05360916559088004,0.6917910114530662,train,False,2064
1,100,d,0.007574624040247771,0.007576444508367991,0.005510717754536403,-0.005528206632505839,-0.005532892117792656,0.020472098155206772,train,False,2064
2,100,e,0.1771868266590565,0.17717129869924594,0.21422052955662926,0.08956311989199221,0.0895463719412247,0.3559752744845961,train,False,2064
3,400,c,0.06690061146542714,0.06692844311065066,0.08422631103646441,0.03615069910235341,0.03612969955038082,0.8326399757862416,train,False,2064
4,400,d,0.005447199872325689,0.0054474065279815865,0.0056739000948532806,-0.004439000680350578,-0.0044394305879380805,0.026306158247062415,train,False,2064
5,400,e,0.1745145148112929,0.1748033846668782,0.2699386736318258,0.16933370622305752,0.16937660135120353,0.3124374138680703,train,False,2064
0,100,c,0.10675045814775949,0.10653575778255858,0.09880129192744123,0.05265449275545848,0.05265262158084937,0.6782760944544919,train,False,2065
1,100,d,0.006690635168926988,0.006698828653931656,0.007335098427415061,0.007416216940593845,0.007410832939179581,0.012682328923655728,train,False,2065
2,100,e,0.18157519513554626,0.18182324751904005,0.28459626451240394,0.12239992998020409,0.12241438128985277,0.3060997301070142,train,False,2065
3,400,c,0.06393579954674439,0.06391306879532217,0.07167361409233738,0.060622277228075845,0.06063171183226999,0.6585636860628604,train,False,2065
4,400,d,0.005156857994650785,0.005161088464320443,0.006796315903337386,0.012941365908865023,0.01293857242427869,0.10298586387757906,train,False,2065
5,400,e,0.213170464357661,0.2131685932667292,0.2459376855321608,0.16004725570793113,0.16003738750107657,0.32266266097649654,train,False,2065
0,100,c,0.10005332757529431,0.1000534881754971,0.06542338416533473,0.07976078961759107,0.07977441395282547,0.8893074983806342,train,False,2066
1,100,d,0.0035212143524850086,0.0034814702769869225,0.003532677661540788,-0.011702997911514076,-0.011707872590889146,0.07015197653443721,train,False,2066
2,100,e,0.21105199526316343,0.2110584748573957,0.2302878820300059,0.08874666207129174,0.08873615166990312,0.33429833208856197,train,False,2066
3,400,c,0.12248567855302635,0.1206859983167405,0.10149000325080353,0.05225722412361819,0.05209257582858683,0.25307513444848273,train,False,2066
4,400,d,0.005145564342679761,0.0051458214076163964,0.006408727196508716,-0.0029161901419098514,-0.002916338527261608,0.018259370190085847,train,False,2066
5,400,e,0.17807241815485908,0.17816373548934938,0.31601535610155845,0.15720961895545515,0.15720537090237188,0.29952487165668595,train,False,2066
0,100,c,0.06296951054317641,0.06291572344450241,0.08548621767865593,-0.02517761412817734,-0.02517628082178483,0.6942420286744919,train,False,2067
1,100,d,0.022584253621740876,0.0225820096887733,0.006448249441236139,0.00953176655055998,0.00953037831427677,0.13638664591496133,train,False,2067
2,100,e,0.17798331795615266,0.17991194706693825,0.2413768317336073,0.1530054510137859,0.154531956201916,0.31491944545616857,train,False,2067
3,400,c,0.05831316138503238,0.058314059484370274,0.07453345739990287,0.06929572291141184,0.0692950481879022,0.5827175923534397,train,False,2067
4,400,d,0.007670032037402481,0.007659721907271605,0.008958108695701173,0.020450939889225063,0.020449546798161453,0.06799334222432346,train,False,2067
5,400,e,0.17928245664345618,0.17928975577007986,0.27208051101962755,0.17561209339105044,0.17561042759799894,0.3280995048612546,train,False,2067
0,100,c,0.1027705675894146,0.10287395534158728,0.10580179612988011,0.12954917515529757,0.12951055342165063,0.8923205316341378,train,False,2068
1,100,d,0.007583951745156196,0.007588712133364043,0.008997237110692526,0.00013596288580716375,0.00013374949173858397,0.040658200125599106,train,False,2068
2,100,e,0.24045328732727453,0.24044717138667696,0.3792081081654606,0.15407223938400214,0.15406681658623042,0.25035582443823373,train,False,2068
3,400,c,0.0539075610355228,0.05390773373289138,0.08050396735813639,0.036234605566834686,0.03623387661158454,0.28687321415262773,train,False,2068
4,400,d,0.007862320547280978,0.007862328362941212,0.008446570903069018,0.011592310605676968,0.011592153984680973,0.05130825309405834,train,False,2068
5,400,e,0.2029252484705325,0.20301314481406973,0.25183703891534526,0.13723590334979988,0.13722903888812296,0.2924362959507781,train,False,2068
0,100,c,0.05372288443938295,0.053720127980720546,0.07460692661285231,-0.008829457414255445,-0.00884041444469645,0.2714479233498828,train,False,2069
1,100,d,0.02811084226847603,0.028114875435839265,0.016871982903039998,-0.014628950349176524,-0.01463293003636755,-0.0006620774263140738,train,False,2069
2,100,e,0.16704840070043697,0.16705720634783205,0.2372987088939064,0.13356386517831176,0.1335639883515677,0.25474958370210343,train,False,2069
3,400,c,0.05479138592594207,0.054729100283756556,0.08912779584102781,0.06296676727531932,0.06295708030318566,0.5356823701901395,train,False,2069
4,400,d,0.0036259046169175653,0.0036259677737224844,0.004072902520568832,-0.010101515177110016,-0.01010172721129896,0.029653871660740273,train,False,2069
5,400,e,0.1586995017271636,0.1586997923816522,0.22181781562356773,0.14604196341380757,0.1460345193733705,0.3015598307352242,train,False,2069
0,100,c,0.06924348478421845,0.06927742222973614,0.10937427321019007,-0.03079808568180326,-0.030840524477380598,0.3387873134212674,train,False,2070
1,100,d,0.005776520335400202,0.005776534666536175,0.0064799186484443575,-0.016869757334958352,-0.016869996899522607,0.021774829522706884,train,False,2070
2,100,e,0.2191998832443398,0.22049010560371826,0.2947221261129645,0.118795199080434,0.11862844548390562,0.38260886680674566,train,False,2070
3,400,c,0.0616700757661365,0.06165804060966077,0.08097922508538385,-0.013662579442843211,-0.01366741928387313,0.5454061681846687,train,False,2070
4,400,d,0.004280930815001611,0.008998421386403027,0.004425923613355638,0.003596399166315578,0.0005821384132384999,0.09804330410463345,train,False,2070
5,400,e,0.1731549577933026,0.1837608478625271,0.2696691733192697,0.139873529843927,0.14928957758347913,0.31490077670435507,train,False,2070
0,100,c,0.06449686966591646,0.06449746937064281,0.0742166325050488,-0.11532093341959453,-0.11532260883116138,0.25842654181856334,train,False,2071
1,100,d,0.00999290269164071,0.01000694378971104,0.013144051470460088,0.0068999324216074956,0.006896916258336141,0.014973214219193221,train,False,2071
2,100,e,0.19267110825640082,0.19337377146375606,0.2387311343594446,0.11847305706888556,0.12284034007051517,0.30473557485579267,train,False,2071
3,400,c,0.052514051753482234,0.052542197203333786,0.0785820178806345,0.042765163924978256,0.04271677204871125,0.6755373268831641,train,False,2071
4,400,d,0.0045713689186314445,0.004579553875217725,0.005413553880341948,0.013104423823993053,0.01309098712694798,0.08314815308524799,train,False,2071
5,400,e,0.20844222363799164,0.208349789713353,0.25509341090232623,0.15672145215854624,0.15671971069956722,0.4740817034847936,train,False,2071
0,100,c,0.07058179379068778,0.07055225459173671,0.12048213292610656,0.04978150346964341,0.0497821164670539,0.7015844556843015,train,False,2072
1,100,d,0.0038098849881322973,0.003809916780814873,0.005259912447948436,0.0038600840408344796,0.003859928466076461,0.04492819358736572,train,False,2072
2,100,e,0.18545512064623396,0.18586736340317117,0.25660178695430214,0.1410289768461969,0.13831044998829145,0.32864647867285685,train,False,2072
3,400,c,0.05880038085914138,0.05882921273874629,0.08388241809321348,0.06830106317204085,0.06830214721838275,0.5738073940438049,train,False,2072
4,400,d,0.007950329773975478,0.007951234865043831,0.0062971982077821885,0.011975640445769003,0.011974896358403627,0.07099820207028074,train,False,2072
5,400,e,0.1916735159362554,0.19167032368709155,0.2910240356183106,0.15597296374780847,0.15597677236494534,0.3489908318056329,train,False,2072
0,100,c,0.06797412750447845,0.06797611312409452,0.09085468653544297,-0.11923116724444079,-0.11923439460173263,0.6405936470013895,train,False,2073
1,100,d,0.00359140202446813,0.0035914067660048205,0.00483553031038353,-0.0191073307724189,-0.019107561672118294,-0.0152442272333737,train,False,2073
2,100,e,0.14900106865027013,0.14901505116753005,0.18027121760180645,0.09266845272107312,0.09266734780545668,0.3316087380160079,train,False,2073
3,400,c,0.0626344340822098,0.06258623430715424,0.08857617666332926,0.023801289880903055,0.023785706611171024,0.9830620782481887,train,False,2073
4,400,d,0.008174740013938466,0.008152045973460262,0.004881758901547937,0.002195170948984675,0.0021929828898258207,0.06073169539436499,train,False,2073
5,400,e,0.18555113861698996,0.18555804381371455,0.2738854979488212,0.16361140058420426,0.16360472925520783,0.2926684068978674,train,False,2073
0,100,c,0.06997453186279695,0.06993939812670698,0.12831569018042321,0.00619507330583204,0.006200954206913565,0.38118503963713707,train,False,2074
1,100,d,0.005465397605120174,0.005461087598162292,0.005478527885060951,-0.009732644256417303,-0.009740281089910407,0.013919767211266159,train,False,2074
2,100,e,0.17821291275050188,0.1782909148470404,0.3492561187373477,0.14274553192101982,0.14273961305457541,0.2711976227051879,train,False,2074
3,400,c,0.06748339738795486,0.06717624404655302,0.08711022244123605,0.05228261229762936,0.052248853053919006,0.6848750639847044,train,False,2074
4,400,d,0.004117334381980278,0.005436571246310342,0.004672697405600773,-0.012378509841186477,-0.01300226467695465,0.007185329071212259,train,False,2074
5,400,e,0.1807193067843428,0.18444797027547158,0.2867222482543661,0.1401716470398906,0.1380852590540507,0.320301410718072,train,False,2074
0,100,c,0.05460745133785936,0.05460923539587796,0.1048655522107774,0.05014262707232788,0.05013678616244903,0.6869884751949877,train,False,2075
1,100,d,0.006194723764157648,0.00619476329075409,0.007164553792340275,0.007606110976973373,0.007605999200391,0.058227004004746924,train,False,2075
2,100,e,0.1896647639223397,0.18968438920450922,0.3295115507864896,0.1685022002649912,0.1684856726643427,0.2607633066026806,train,False,2075
3,400,c,0.06473221382484332,0.0647826529336807,0.07993861310761238,0.07406579676823846,0.07402491162412901,0.6873705662793341,train,False,2075
4,400,d,0.00454919376219078,0.0045464211656738255,0.00546567152550505,0.0019226301156822245,0.0019200271446169737,0.011660180181278772,train,False,2075
5,400,e,0.1909196562943978,0.19222089911674,0.30258145306653916,0.1563655818050117,0.15645847348426073,0.28772801048962854,train,False,2075
0,100,c,0.05798862809770854,0.05798249894302629,0.06545133691718844,-0.008130686112302854,-0.008134144939260181,0.5413561276581558,train,False,2076
1,100,d,0.0179403072060539,0.017940354509402928,0.012327563220921963,0.037021475752967097,0.03702283017133112,0.09980998046286245,train,False,2076
2,100,e,0.21454776558719924,0.21456101217048013,0.3034297072810214,0.08353996760199948,0.08354325876454802,0.346241961963891,train,False,2076
3,400,c,0.05472981230909959,0.05476290139529794,0.08045830745456246,0.005356495434752873,0.0053230777724748895,0.7633709514362684,train,False,2076
4,400,d,0.007993566848440638,0.008006047038151129,0.008609725487005346,0.01538102666362608,0.015375462956844856,0.12054817636707676,train,False,2076
5,400,e,0.17131247041369263,0.17246482554263642,0.2547227926981378,0.15237020855197855,0.15360077587632973,0.3118517911661806,train,False,2076
0,100,c,0.06658056487522904,0.06657724506489054,0.06797586433381193,0.07595219829351792,0.07597212742643088,0.6937194365931465,train,False,2077
1,100,d,0.004742018496056799,0.007117801283660879,0.006058294332001054,-0.023798643768201393,-0.02453291149374616,0.025290698190420288,train,False,2077
2,100,e,0.23454426201043113,0.23286694686391063,0.26472435408316203,0.12019280927409537,0.11893063119410674,0.36704720452491707,train,False,2077
3,400,c,0.05910561535369929,0.05909811519147357,0.06997099520828644,0.004946557666454936,0.00493346554336263,0.6203089200065147,train,False,2077
4,400,d,0.005422032113029831,0.005419635401394403,0.00655904038494788,0.0005317734621961279,0.0005262748238130399,0.05079019596515412,train,False,2077
5,400,e,0.14994992834179763,0.15001424092256152,0.2563405736537502,0.1810541729039083,0.1811008387724041,0.3132446760828163,train,False,2077
0,100,c,0.09850749121805923,0.09853898881492665,0.09494694572016465,0.12900728536257447,0.12898753472168026,0.5217617128883714,train,False,2078
1,100,d,0.009487637741429423,0.009489566617538027,0.008656137085804148,0.02430564374666391,0.024304587108156,0.05770802778867491,train,False,2078
2,100,e,0.27441105515351294,0.27459749233375014,0.3095170108326014,0.12984199259946075,0.12982970818580816,0.2868395679205205,train,False,2078
3,400,c,0.050018779001008984,0.05002108549726234,0.07490969678038317,0.06070488265822263,0.06070179349147765,0.40566218160498196,train,False,2078
4,400,d,0.006493407526886576,0.019295653544891725,0.00793193737350201,0.003874406573006901,-0.00839320395074786,0.16268616800259153,train,False,2078
5,400,e,0.1781331041651377,0.178127434461136,0.25240867885316637,0.1564850788437915,0.15647347936761627,0.3274753916776769,train,False,2078
0,100,c,0.06430794341352612,0.0643105502371042,0.08428116017467381,0.014590258679852043,0.014590238811833346,0.1898338662619495,train,False,2079
1,100,d,0.010709515389496618,0.009816779784987665,0.004717292633675692,0.024179373218586948,0.024589647196952225,0.09362206245151476,train,False,2079
2,100,e,0.21049932469644358,0.21039673764952316,0.30817524286940634,0.11256909676693617,0.11256226555102274,0.377676474664853,train,False,2079
3,400,c,0.052064629421884154,0.06586852341709842,0.09156335163733663,0.04273952618449023,0.03790882776092786,0.6143399394304447,train,False,2079
4,400,d,0.007165616892416501,0.007165953398391851,0.006876794032268354,0.015322389748824642,0.015321951446389584,0.03860109287526456,train,False,2079
5,400,e,0.1940304549502534,0.19552774751012855,0.26407076725787193,0.14777645762258337,0.14843619946101846,0.3406733121715937,train,False,2079
0,100,c,0.19156849130886225,0.19165866020025976,0.09180735921942368,0.06895996989190017,0.0689498564302891,0.6806951143832322,train,False,2080
1,100,d,0.005943298722529863,0.005943865817627408,0.006463897034475998,-0.0033594939473746343,-0.0033601838585730803,0.03214308391901005,train,False,2080
2,100,e,0.19917407006699736,0.19921005896488064,0.2596257225353119,0.12591046052249807,0.12590502200272474,0.323056469364286,train,False,2080
3,400,c,0.05788674075110054,0.057455900923741005,0.07561204426511245,0.08213644585157383,0.0811607938299133,0.5377705870970244,train,False,2080
4,400,d,0.007251711572239457,0.007254753444425036,0.006918941017773851,-0.006916863163593981,-0.006918831317224541,0.041051216981971804,train,False,2080
5,400,e,0.17626919155356963,0.17620734767344998,0.25830737615253807,0.15945163394629247,0.1594278365998092,0.3156768764318332,train,False,2080
0,100,c,0.06660380339038251,0.06534217382624884,0.07870382963888774,-0.05625730824409729,-0.056260492993577174,0.36966699896678273,train,False,2081
1,100,d,0.019422950344320244,0.019404468258554228,0.010724190518976764,0.013668824118187341,0.01328372768674578,0.027637413458177065,train,False,2081
2,100,e,0.2591201250384874,0.25913824013011094,0.26906639640288693,0.12692618430211774,0.1269175775066937,0.29267243178867053,train,False,2081
3,400,c,0.05017595005013886,0.06669183631834297,0.07242629308452271,0.07954516046463724,0.07228773903274067,0.7686340371647111,train,False,2081
4,400,d,0.005778685922253834,0.005778809158470475,0.0044958344222738615,-0.004420315907451986,-0.004420610237875469,0.1002839837625431,train,False,2081
5,400,e,0.16864762847890552,0.16863595699612108,0.24416329586577848,0.1407090140515927,0.14069483565318713,0.3270452322198441,train,False,2081
0,100,c,0.056104883717653306,0.056104311271438785,0.09941426309258473,0.014148213436955714,0.014144689756776359,0.21130139438607373,train,False,2082
1,100,d,0.005533303284454462,0.005533129511679276,0.007203243517083632,0.028289294325434592,0.02828909686047526,0.0898191068719655,train,False,2082
2,100,e,0.3141720363668913,0.31426874880972927,0.39957517320642766,0.13226180238828797,0.13224828403665106,0.29106486953207994,train,False,2082
3,400,c,0.06369859273680606,0.06370431294756027,0.08573233183557497,0.07175291959281169,0.07174032031047758,0.7378975907304616,train,False,2082
4,400,d,0.008272706587671635,0.008273294964868264,0.0068857455367222695,0.02178083294750037,0.021780228848848966,0.08079166892275289,train,False,2082
5,400,e,0.23760763234397497,0.23753561935634823,0.33589768296584505,0.17021509666867032,0.17020893429594125,0.32071769882654577,train,False,2082
0,100,c,0.04910030376049799,0.04918832211761639,0.086350490219048,-0.0012995007871087693,-0.0012673196938152388,0.7705815318592536,train,False,2083
1,100,d,0.028086240597663816,0.028090040388234375,0.005106370667317106,0.007062347471311554,0.007061929025290752,0.16570291247571553,train,False,2083
2,100,e,0.20545169916804387,0.2054513898841898,0.36763403578532405,0.13470820811154005,0.1347000062034603,0.393849233596087,train,False,2083
3,400,c,0.0932122482756819,0.0935127886621975,0.10437297339889248,0.058228649620581975,0.05798531120812598,1.0374659070889007,train,False,2083
4,400,d,0.00520443585046465,0.005204473261106144,0.006336222350242582,-0.004398781903756639,-0.004398913313240644,0.10466967057753049,train,False,2083
5,400,e,0.20382960826728325,0.20378850118598085,0.22374028836195564,0.13540038016716696,0.13538521092175887,0.34652292395934564,train,False,2083
0,100,c,0.11330862377324587,0.11333656587615608,0.10366972698337318,0.0325936146442637,0.03258959465483024,0.23585987216494736,train,False,2084
1,100,d,0.0117020524551307,0.011686227214372983,0.011808527566124287,-0.00838670489501112,-0.008388125066844712,0.05599887509384004,train,False,2084
2,100,e,0.22425655677179432,0.22426552469554997,0.24221249661112612,0.1545695230833703,0.15456870543045476,0.3029382176400801,train,False,2084
3,400,c,0.0544162225943613,0.054416164583797146,0.07206595812431214,0.04523531639705532,0.04523404960521731,0.44067327721910343,train,False,2084
4,400,d,0.011045237308569447,0.011051817404868556,0.011713535462656688,-0.007542442205140407,-0.007548443242504845,0.09141455568610792,train,False,2084
5,400,e,0.19905337124938474,0.19909325325585153,0.257106933635194,0.15505742153489915,0.15504720734818112,0.7817311988257485,train,False,2084
0,100,c,0.08733384289063113,0.08670226442049056,0.1256209085123721,-0.0020722930110174077,-0.02113178320695262,0.9211575595141945,train,False,2085
1,100,d,0.0022705622906044735,0.0022706763741912744,0.0017463244658837615,-0.02488349911886866,-0.024884159730240985,0.0383299782527657,train,False,2085
2,100,e,0.12962018689005528,0.1296196114146225,0.21690563074528157,0.08035778775289444,0.08034989311199262,0.3221541579467265,train,False,2085
3,400,c,0.0666613200726517,0.06686909097999108,0.08433388291125155,0.09925705684237855,0.0994371362789542,0.3826748494783866,train,False,2085
4,400,d,0.005541757429380842,0.0055702714556324605,0.006020095160712624,0.013608253638106369,0.013597662428469945,0.08217784622395943,train,False,2085
5,400,e,0.1877404229845116,0.18778492818934023,0.28070282708563127,0.16461274133651227,0.1646057788129058,0.31954002876901016,train,False,2085
0,100,c,0.05895904743932683,0.058962865543629936,0.08630886956123311,0.06199790436873677,0.06199353775578501,0.45940495995362807,train,False,2086
1,100,d,0.006352137390471996,0.006352090943869641,0.007564315482827121,-0.0017233253948394634,-0.0017232900700902575,0.14035504709440116,train,False,2086
2,100,e,0.20810394915229347,0.2008052590492139,0.3296094938784766,0.08519574049828765,0.09007203824637014,0.2999136671608447,train,False,2086
3,400,c,0.06417390720404838,0.06421790825245627,0.07398388606961045,-0.035784195712744306,-0.035862253490726276,0.45656847950431817,train,False,2086
4,400,d,0.005536591994166353,0.005536777468637688,0.004615307195442764,-0.0006515088624205134,-0.0006517799623537002,0.034766926139531085,train,False,2086
5,400,e,0.1633195856064814,0.16326956872967482,0.2681716568543954,0.16309963316864753,0.16309186196608927,0.32050210079936936,train,False,2086
0,100,c,0.10152940102060777,0.10139698888997734,0.12870320877851854,0.05087770775507366,0.05087985564756806,0.3010445745636683,train,False,2087
1,100,d,0.004813696979868746,0.004813770004118582,0.005043205325430205,-0.020524593195206827,-0.0205248990834747,0.031107409771499554,train,False,2087
2,100,e,0.1980011002902117,0.19798607035308524,0.2243069567485615,0.1458716841857009,0.14586542928255067,0.2694324498875434,train,False,2087
3,400,c,0.10251515551425965,0.10262677824935737,0.102381297733973,0.07001692229256534,0.06994546740412382,0.23872234955808053,train,False,2087
4,400,d,0.005732373208900756,0.005732635754678623,0.004672496138800515,0.0002715407537413839,0.00027119243895391777,0.1568468960532544,train,False,2087
5,400,e,0.16379725821855726,0.16380459362387853,0.2737174885350885,0.15656637872563153,0.15656762548722009,0.34849328003049224,train,False,2087
0,100,c,0.10909351031400895,0.11178432238288938,0.09496647409604947,0.0826716759210558,0.08260862255880141,0.6130571786603672,train,False,2088
1,100,d,0.009571243177868633,0.009576312050397143,0.0101901096587749,0.0013770253333764515,0.0013727766841827816,0.13966688986461304,train,False,2088
2,100,e,0.258844811128116,0.2588423868257726,0.32719965164942055,0.14288410722024053,0.14287883101644838,0.22551270745944368,train,False,2088
3,400,c,0.07116982160007923,0.07117928580986199,0.07141878919875397,0.09064722403195362,0.09060753835963296,0.48312271555405034,train,False,2088
4,400,d,0.007096820806207883,0.007096902813002615,0.00680202115050953,0.007653030462777189,0.007648870219033004,0.12177075389030881,train,False,2088
5,400,e,0.19321552007214207,0.19319060661729903,0.24670068226657463,0.16487123594702502,0.16486048294176897,0.3437993898144115,train,False,2088
0,100,c,0.10667375474860037,0.1639667367424446,0.16392955535652973,-0.09635991423850059,-0.12364610204663336,0.5363710440080467,train,False,2089
1,100,d,0.07889165107343618,0.0789173183288312,0.006175147364355327,0.021145031779689846,0.02113764721297736,0.05723209969307051,train,False,2089
2,100,e,0.22954515398697062,0.22954124729378744,0.27026521748372473,0.11039958971888006,0.11039119093479116,0.3077769907017513,train,False,2089
3,400,c,0.05500015674317359,0.055015608516933295,0.09321867132512587,0.059279955111380574,0.05925786968403891,0.628642981885823,train,False,2089
4,400,d,0.005673160155790973,0.015469038952763572,0.010549407495891495,0.013504934406478224,0.005914695401484469,0.11878496036131538,train,False,2089
5,400,e,0.17429052786139176,0.17430365473987283,0.2726473124248375,0.17412542949393345,0.17359014761059416,0.29841797372373324,train,False,2089
0,100,c,0.2257206575927053,0.22582706901154487,0.06731213374389362,0.05947131617560039,0.059445062757713316,0.497855006793068,train,False,2090
1,100,d,0.05471039922030264,0.054680032048330454,0.01771486558396882,-0.001218588726480654,-0.0012240612754998458,0.3005889671375916,train,False,2090
2,100,e,0.22695832512937453,0.22698380812516392,0.30701097205379,0.16654422264506644,0.1665312430036758,0.27371985945193344,train,False,2090
3,400,c,0.0732291326939528,0.061542003777452114,0.08981041417345996,0.09243356926704266,0.0942324607797913,0.6370370768673722,train,False,2090
4,400,d,0.008601676783688101,0.008620752030941406,0.005131628045894881,0.016277200504697192,0.01627322190650707,0.09438473543215614,train,False,2090
5,400,e,0.18971346469923933,0.18968717795657,0.3112796631002743,0.16589710113053202,0.16588995901134113,0.2979380574258263,train,False,2090
0,100,c,0.08103286512515426,0.08103488331308246,0.08010631796056099,0.07068874224643892,0.07066493737587536,0.31997234346245274,train,False,2091
1,100,d,0.010902833812096389,0.010903415740718765,0.007437749640422004,0.0015180343966520481,0.0015175134623138576,0.1260742364900466,train,False,2091
2,100,e,0.22342384961026404,0.2233847668287771,0.33015994802585846,0.17013242299760792,0.17012944757771586,0.3002420808853639,train,False,2091
3,400,c,0.08269587437315,0.08266149069111779,0.11301623013656986,0.0527906808015706,0.052800712776034264,0.7375274652781542,train,False,2091
4,400,d,0.004709524630298779,0.00472615818761945,0.005407519330240625,0.0005050352464506603,0.0004944012901153983,0.055851010932699445,train,False,2091
5,400,e,0.16725833802690876,0.1694836739411613,0.22463664646193948,0.15303948305283135,0.15739800580253493,0.30525519780988386,train,False,2091
0,100,c,0.06552771836670768,0.06553600375303335,0.07095998523235106,0.05635679669355774,0.056369598191185304,0.6505798426130767,train,False,2092
1,100,d,0.00408195905726931,0.004089217449655714,0.00581439349512334,-0.019461631521416507,-0.019465496329381687,-0.00984655207491265,train,False,2092
2,100,e,0.17100766558886182,0.16518255818515978,0.22754407534401971,0.1341190380792998,0.16780311416648389,0.23922522414998135,train,False,2092
3,400,c,0.06922592891573345,0.06922542901606328,0.09902220092598663,0.06857189185915318,0.06857068072886784,0.4950544861821179,train,False,2092
4,400,d,0.006863681075357198,0.0068637416824882495,0.006600527201204136,-0.016214768599998538,-0.01621504777819229,0.02382612416013984,train,False,2092
5,400,e,0.17078343803182047,0.17075651856689852,0.27909868287541656,0.1715086906157594,0.17149354591422344,0.31697294047077185,train,False,2092
0,100,c,0.08008846729638633,0.0800875564138925,0.11228615214084338,-0.05146653766352635,-0.051466639686669854,0.27416053234796595,train,False,2093
1,100,d,0.007153133425366846,0.007153108151117348,0.009878226624410782,0.008853483401529801,0.00885337724375983,0.03639321431683893,train,False,2093
2,100,e,0.16119335086880018,0.1609509626612623,0.2608410748305749,0.08314079766258385,0.08313221737686273,0.27586720154150546,train,False,2093
3,400,c,0.05569103188951753,0.05568536496245094,0.07991680152979891,0.06997460577786072,0.0699711952743651,0.44153692075235634,train,False,2093
4,400,d,0.00844222636393527,0.008461972688202308,0.011162928631438956,-0.0007077190263692579,-0.0007135319755582259,0.01630304564208478,train,False,2093
5,400,e,0.17709198493344325,0.17708130005334607,0.26650758625967547,0.15739988272716315,0.15739106261853625,0.30455339996401576,train,False,2093
0,100,c,0.06871974250092851,0.06868565958956314,0.08358551335900273,-0.05178731206018689,-0.05179259639044723,0.5708338323553,train,False,2094
1,100,d,0.0037454967136138647,0.0037455326901622917,0.004306777712626389,-0.01945577651494247,-0.019456219878051916,-0.014555370048983569,train,False,2094
2,100,e,0.2031771775538622,0.20318469408545475,0.19419729979779263,0.1445558459403985,0.14454690983170565,0.32035838501014186,train,False,2094
3,400,c,0.06822323531433713,0.06811996190227887,0.06683378221804726,0.06826098019975191,0.06832845168014587,1.0110338055327086,train,False,2094
4,400,d,0.010095409843671334,0.010093491769558404,0.00835001463360798,0.013021641091025273,0.013020005146501444,0.064103980008099,train,False,2094
5,400,e,0.21050826348016927,0.21047703048383376,0.25575015751706465,0.15811707768386637,0.15809607816484236,0.35479991553640633,train,False,2094
0,100,c,0.057595678657748096,0.05752028114426326,0.08633015867623316,0.008508216157257848,0.008496756026430675,0.1902684603450058,train,False,2095
1,100,d,0.08694308254627993,0.08694421634990138,0.016997416815796258,0.004818287353386133,0.00480807462467709,0.22695219354041518,train,False,2095
2,100,e,0.25355861726736084,0.2531645769369103,0.3248183288427044,0.1667944227897474,0.16677814461611107,0.29776651586097436,train,False,2095
3,400,c,0.0638314975725621,0.06383743458371277,0.09012866142488173,0.10637862730126017,0.10636449121596683,0.5307340504949584,train,False,2095
4,400,d,0.00864300898814852,0.008643533804553733,0.009979742988508868,-0.00401210108198967,-0.004012404738032149,0.02423684693888795,train,False,2095
5,400,e,0.18901661147490542,0.18902375551744782,0.2603317423003885,0.16056406301108325,0.16055628891462212,0.38428018466325453,train,False,2095
0,100,c,0.1027853826750456,0.10282136385113036,0.14250469696497092,0.03202337145172251,0.032018475216608874,0.44644269225221367,train,False,2096
1,100,d,0.008152672509041364,0.008152628308456361,0.009800250257404988,-0.0161116695810521,-0.016112222080942047,-0.009274432529805771,train,False,2096
2,100,e,0.13034499677610342,0.13034007369983325,0.17550253810303526,0.05359536559476496,0.0535841192260127,0.4906763987359221,train,False,2096
3,400,c,0.05688508268535556,0.056916003623805514,0.07865451780585286,0.08287972043344567,0.0828253608979034,0.7620030072167077,train,False,2096
4,400,d,0.011279795174590011,0.011278025162053024,0.006737020983988372,0.00793797149891386,0.007937366397176468,0.09498115819572156,train,False,2096
5,400,e,0.19378118588515844,0.19638751586262854,0.2854544541577905,0.16863266147433933,0.16930283442208377,0.38273791536887897,train,False,2096
0,100,c,0.10687761654585551,0.10694689642035492,0.11223109904104378,0.013917585499303086,0.013911182708241583,0.638575986797863,train,False,2097
1,100,d,0.006380866294116907,0.0064055590070056945,0.014372325114022484,-0.006341972134192417,-0.0062973657322554465,0.025213253592203735,train,False,2097
2,100,e,0.21443257269235663,0.21442381001894673,0.23990381432082505,0.1271201744087653,0.12711305689050087,0.3594915940611701,train,False,2097
3,400,c,0.06412444076707077,0.06412995917626754,0.07769303899788435,0.08806898989603112,0.08806195954771781,0.9750309681590501,train,False,2097
4,400,d,0.010326181175057405,0.01032802245086061,0.007519822217896135,0.006304123995746718,0.006303424644491429,0.1042657130087899,train,False,2097
5,400,e,0.18237287606808508,0.18267670526928814,0.2642827164439132,0.17005042770197254,0.17002010535510867,0.29696980317499727,train,False,2097
0,100,c,0.0672314988596606,0.06720433267379436,0.08828615128096028,-0.04376702609546996,-0.043809918026274916,0.4805627012843553,train,False,2098
1,100,d,0.010244836826932856,0.01024414466212269,0.01071217151585196,0.0019575796052940754,0.0019572339676767214,0.032547249289430445,train,False,2098
2,100,e,0.1950431655601503,0.19502333064103755,0.2857099083680721,0.12001517658169704,0.12000836837147859,0.32131468828845267,train,False,2098
3,400,c,0.05785164414453207,0.05704682870781757,0.07855711404510914,0.05867866420492675,0.05857643188775569,1.0445614886325334,train,False,2098
4,400,d,0.004241767343464567,0.0042419248061115146,0.005793229347911271,-0.012851457409180506,-0.012851595940661015,0.048415475227868966,train,False,2098
5,400,e,0.1576916239907462,0.15769781429223376,0.27457098806771546,0.15770166438255345,0.15769308812808852,0.3289910768441341,train,False,2098
0,100,c,0.0715316602941956,0.07154704128820806,0.07783862321127977,0.12309857151972779,0.12307718741414818,0.9218506477025721,train,False,2099
1,100,d,0.011405887170771995,0.01141033394127172,0.01751515759602585,0.007546364041170133,0.007545421224036897,0.022179131939076075,train,False,2099
2,100,e,0.22080594043773233,0.22080558962535762,0.2581658286481098,0.17948605328304987,0.17947512870829904,0.2733612557880569,train,False,2099
3,400,c,0.057826555323343916,0.057827139780605545,0.07249294805722353,0.055708811295951226,0.055710117247055706,0.6948720975017842,train,False,2099
4,400,d,0.007133163568938696,0.0071395192521519915,0.0070527171025871515,0.00183968294038932,0.001836951705706351,0.06991863704618423,train,False,2099
5,400,e,0.16666018951962666,0.16665724187727812,0.22447993335849215,0.16691729898491772,0.16690673586272212,0.2998448210468493,train,False,2099
0,100,c,0.15718038211464383,0.16472499844390578,0.17447092335178319,0.09232890058157174,0.09318082206009898,0.40297906958182944,train,False,2100
1,100,d,0.005364906983870687,0.005364933159373569,0.006290540151236931,-0.01991794574591667,-0.01991846500189105,0.005376792529577852,train,False,2100
2,100,e,0.14371975963248732,0.1435829951590838,0.25671754499721866,0.13194214679347377,0.1319343961290759,0.31401734622124167,train,False,2100
3,400,c,0.05529001479408901,0.0552894691993514,0.08858445764611149,0.01808251264681793,0.018081287993184317,0.5083223589797728,train,False,2100
4,400,d,0.010460772788469616,0.01046081467110773,0.007534129473861078,0.010740287732469067,0.01073497608714149,0.07586000333406083,train,False,2100
5,400,e,0.2066266399565855,0.20667882386207162,0.3332601146578061,0.175717679322196,0.17571291439593759,0.33556300861858707,train,False,2100
0,100,c,0.05593833488206964,0.05592342731194492,0.08141687132821165,-0.030716776040746012,-0.03072824580560216,0.38839633197361706,train,False,2101
1,100,d,0.00957380359799895,0.009573632049433293,0.006843630322473875,-0.005435416456503628,-0.005435260058038978,0.11678788615495563,train,False,2101
2,100,e,0.16281774578808764,0.16283877628091692,0.3104908801078494,0.1426615213374348,0.14265643046344986,0.3075901070246867,train,False,2101
3,400,c,0.06037519153876667,0.060443158572389605,0.06615905592837686,0.04967585107903432,0.049611146632527865,0.6077890006360122,train,False,2101
4,400,d,0.005801202078728473,0.00579518083686161,0.005725761512247862,0.004819878496728531,0.004817597124813222,0.09614701977462818,train,False,2101
5,400,e,0.20477924305184808,0.20479135735625217,0.28295844175910273,0.13482235793604772,0.13481029467484973,0.3103547094031689,train,False,2101
0,100,c,0.08619639932122519,0.08617846674774063,0.15385710185236212,-0.06980411017355408,-0.06980302452276277,0.7023507829768886,train,False,2102
1,100,d,0.023721187968494824,0.003965996588059016,0.0030499551761802306,-0.011083317444027596,-0.005565779742625541,-0.0007726124039326976,train,False,2102
2,100,e,0.1843284463221915,0.18430025392834995,0.2594965577408552,0.10769120119599208,0.1076837678635853,0.3083777358667534,train,False,2102
3,400,c,0.05810907929955787,0.05811171169587023,0.06971290932939903,0.06608530269352662,0.06608262811246228,0.5809894853892726,train,False,2102
4,400,d,0.013320884912340238,0.013325305309745303,0.01210425648796511,0.017356827818977134,0.017352948414408882,0.13175880073226565,train,False,2102
5,400,e,0.1997816960882294,0.19912598890752606,0.2505308553649785,0.15224682095306186,0.16308026341371468,0.3231006907095778,train,False,2102
0,100,c,0.060228934148816006,0.060234257674298436,0.0754843227330428,-0.02808707131993671,-0.02810406923466438,0.4852643492960766,train,False,2103
1,100,d,0.03644456489189135,0.0368079491406504,0.004605097704024657,0.006113182817735314,0.005785857510482444,0.07327283607968713,train,False,2103
2,100,e,0.16849390107921722,0.16849898142665698,0.30439101061121415,0.1486850624682791,0.1486807257677788,0.375412943068399,train,False,2103
3,400,c,0.054073040299259134,0.054071313223330045,0.07663744914442262,0.016805509285903283,0.01680437857581687,0.5326344712227136,train,False,2103
4,400,d,0.004979490777056155,0.004954496486877024,0.005634643712665303,0.002179369784078684,0.0021723080859149847,0.017022877217766866,train,False,2103
5,400,e,0.19096820114761281,0.19096358783246672,0.26606012827401465,0.15169362791871727,0.15168354741950196,0.3544914840909233,train,False,2103
0,100,c,0.05250296210186165,0.05250279801099507,0.08936802069152211,0.01269604362177418,0.012692027469095564,0.27736047182598,train,False,2104
1,100,d,0.0052115996509547935,0.005211688923037332,0.006802484213498756,-0.014787229792124474,-0.014787707065487937,0.02598829729393085,train,False,2104
2,100,e,0.18103522350983764,0.18107424446533268,0.13635805862549974,0.11406452664398305,0.11405715530911177,0.2850589203555547,train,False,2104
3,400,c,0.05829404339996994,0.05833453345569686,0.08827286352133211,0.046808255891312954,0.04681763094191205,0.435648612766536,train,False,2104
4,400,d,0.006155490654882051,0.006155660931449084,0.008046796362224445,-0.007316366105180929,-0.00731672092064402,0.03350577623796527,train,False,2104
5,400,e,0.20646917550888577,0.20646421327032208,0.2811103273929132,0.14721752244495925,0.1472071762586989,0.3325416602668447,train,False,2104
0,100,c,0.10696518133380227,0.10698911434550902,0.0756370847553496,0.15639979779987648,0.15638759372977284,0.8186468892039241,train,False,2105
1,100,d,0.004070080229789579,0.004829925415380781,0.0052808741662119015,-0.0030797874360601798,-0.0035211229142930733,0.08333604073139422,train,False,2105
2,100,e,0.2341780897837106,0.23416708466841046,0.3359556746699667,0.18433019729495592,0.1843247896931365,0.3064827999939761,train,False,2105
3,400,c,0.06282747775920931,0.06274287521851375,0.10264590334980023,0.10304734546100257,0.10303983962157595,0.5380287977404918,train,False,2105
4,400,d,0.004241110000717738,0.004240920344816636,0.004525654831617886,0.011465266009296666,0.011464832990835117,0.056151807558000665,train,False,2105
5,400,e,0.18506155567384638,0.18488906881553105,0.23974392784818796,0.1553395378309427,0.15526866542547063,0.3134789903899709,train,False,2105
0,100,c,0.04920452198523803,0.049204919017712075,0.07976690409956472,0.0008204629266009533,0.0008087002104655028,0.3886614561711687,train,False,2106
1,100,d,0.00687936849144525,0.006879270745395365,0.006373951823028847,-0.0060123654088212325,-0.00601229996192691,0.11038288585728882,train,False,2106
2,100,e,0.2803477969175261,0.28158341494142153,0.2991148385933114,0.10617452789435572,0.10616074025117567,0.29272240062664645,train,False,2106
3,400,c,0.05926816425834962,0.0693715710926867,0.10580695833962876,0.018578487871600942,0.013136254258527841,0.5490970910359491,train,False,2106
4,400,d,0.008446334459145187,0.008446995308105148,0.010408229991345518,0.0008654182679243938,0.0008652297670345277,0.002834750124075072,train,False,2106
5,400,e,0.22063971491755707,0.22063152468141867,0.2715004726695606,0.12602184535879643,0.1260121836141554,0.30707811205238855,train,False,2106
0,100,c,0.06046101935790471,0.0604262284783795,0.06691125197366718,-0.07156495636657453,-0.07161573065748122,0.751907885669552,train,False,2107
1,100,d,0.0038974326561926126,0.003897446024104507,0.0055041068112379465,-0.014932667293807374,-0.014932851286659244,0.06170809886806717,train,False,2107
2,100,e,0.17519467374136294,0.17514585345523148,0.22328333211777798,0.09781399752728177,0.09779723399454839,0.28608340684261335,train,False,2107
3,400,c,0.05684977352354873,0.10139261458365008,0.07753668431526432,0.06516069829504283,0.052247210654800896,1.1114594133206912,train,False,2107
4,400,d,0.004707062941792295,0.004725275019930658,0.0056967348883190895,0.0014419056080634718,0.0014356830874149651,0.013384098552545859,train,False,2107
5,400,e,0.19468283597875222,0.19468301804067273,0.2794160563263925,0.1663881367967733,0.16638170293397603,0.29053326085181297,train,False,2107
0,100,c,0.06215187723712022,0.06214736580098841,0.09180000814896074,0.0404504845944345,0.04044686874200977,0.36918145880794645,train,False,2108
1,100,d,0.008262820767165037,0.00826313689006728,0.008192837557750738,0.008668698702383945,0.00866837790766537,0.019931791819097225,train,False,2108
2,100,e,0.21100341046995147,0.21100076508744603,0.29860731065733376,0.12790343503333332,0.12789745616168474,0.2998513317113064,train,False,2108
3,400,c,0.06228175303114289,0.08441866438099979,0.07592328343001148,0.12330976574066967,0.11453181900930332,0.5257059846946628,train,False,2108
4,400,d,0.004560648551505015,0.004560809077782247,0.005278567241546635,-0.003935056014388571,-0.003935239373979318,0.09175880769506552,train,False,2108
5,400,e,0.18875501445129672,0.1887522702338062,0.27401332845305704,0.16870930096523915,0.1687068718386614,0.33292067573346784,train,False,2108
0,100,c,0.051373830445794175,0.05141664793960315,0.0762532900611282,0.0735673873223955,0.07351577742852293,0.5976576240366557,train,False,2109
1,100,d,0.006677388149903959,0.006677648899604907,0.009153738230781647,-0.015014529572058457,-0.015014890974020716,0.042329846893268554,train,False,2109
2,100,e,0.22651489757173568,0.22647929503382927,0.27168343397844147,0.0664731213548648,0.0664742013208577,0.41074443748476114,train,False,2109
3,400,c,0.07387242441987703,0.07386967687528713,0.07743340933153317,0.03663132563775164,0.03659622997159126,0.676997886045202,train,False,2109
4,400,d,0.004356076070340083,0.004356187099776164,0.005169514196427685,-0.007356052708648946,-0.007356557070222571,0.056941699462748276,train,False,2109
5,400,e,0.16473457673852995,0.16472793609452968,0.23054830461129205,0.14404485074884968,0.14403398286056424,0.3454548642418905,train,False,2109
0,100,c,0.05874660026048204,0.05874444716539907,0.0753837702787641,-0.045505240801066695,-0.04551708654892011,0.45848290959422644,train,False,2110
1,100,d,0.005720621185639817,0.005717046593165951,0.006119221438350117,0.005892434327646683,0.005889958645058151,0.039207765942147754,train,False,2110
2,100,e,0.18674830808547632,0.18716850174615854,0.22716955925923937,0.14893105741843107,0.14892371220046918,0.3102368884931721,train,False,2110
3,400,c,0.06024905770429131,0.06534958344959085,0.09961611844757626,0.05814075933194673,0.05644205980440866,0.7065491279855277,train,False,2110
4,400,d,0.0075735341103939195,0.007574190463941829,0.007634479756740946,0.01371107151199233,0.01371062506431901,0.06797758724514714,train,False,2110
5,400,e,0.15963909329730344,0.15969842285928246,0.24550999249807975,0.17097446828776822,0.1709640825999434,0.3015581019895361,train,False,2110
0,100,c,0.1552170820241062,0.15541389548953594,0.0989143361519352,0.012186072139798654,0.01220678681012842,0.5406267908485357,train,False,2111
1,100,d,0.004658332571559197,0.004658324515923691,0.004624515047975741,-0.021815054741032593,-0.021815561657990194,-0.004988920197795501,train,False,2111
2,100,e,0.200434595073484,0.20043017608516656,0.2809239041617226,0.09900693127633133,0.09899783762739929,0.3758611612200251,train,False,2111
3,400,c,0.053654127283123625,0.07761184272535514,0.09453586165849542,0.05124694617908773,0.037776901459678526,0.7397762828595843,train,False,2111
4,400,d,0.021258008842797965,0.021256765520036157,0.0076298305267547654,0.018593351227628913,0.018585686117903944,0.09337153371046299,train,False,2111
5,400,e,0.19460286864097326,0.19460586728704712,0.27575138097606017,0.17382413154978443,0.17381527539874028,0.3100109210051068,train,False,2111
0,100,c,0.0593716013411072,0.05936236645741982,0.0827114334582061,-0.02090532359866316,-0.020913727997391975,0.40463291956942377,train,False,2112
1,100,d,0.016870176280662584,0.016852250017342404,0.020638879899261827,0.01064831936500033,0.010647814394943271,0.011654624565201494,train,False,2112
2,100,e,0.27516654767407256,0.27515914225941,0.27836444034185287,0.11164410042177945,0.11163846281668778,0.26682561847831016,train,False,2112
3,400,c,0.059143024137061344,0.05912325062282414,0.07838046379572976,0.05761118721324813,0.05760470570107877,0.4035062330827941,train,False,2112
4,400,d,0.006194489256194892,0.006193624102939784,0.0090020546518475,0.0017580002540790397,0.0017574371889325668,0.020436850399638152,train,False,2112
5,400,e,0.18639554206993492,0.1864887228662516,0.2747928138960338,0.15174570570005494,0.15173996531195394,0.31887458451068057,train,False,2112
0,100,c,0.08343032251581135,0.08342340076991295,0.06364617444154896,0.0885981038753912,0.08859277026653047,0.8523680911752461,train,False,2113
1,100,d,0.007216745993608264,0.007216675471314163,0.004879163524155352,-0.009849935283934848,-0.009850260756139413,0.06099494200781816,train,False,2113
2,100,e,0.18209534327539012,0.18207363772451868,0.29744811652463055,0.1337788521541999,0.13377638208492162,0.44470740519795116,train,False,2113
3,400,c,0.05788934075789773,0.0578980803567448,0.06948134103546277,0.07698105570414754,0.07697200384612927,0.6297699390072654,train,False,2113
4,400,d,0.004810045482859272,0.004811122959707162,0.004349377231388726,0.0032871849642178573,0.0032870779826862416,0.06567046000180685,train,False,2113
5,400,e,0.19102734135112115,0.19103295722250582,0.2377853188096316,0.14736563172434344,0.14735663968880716,0.3197434125363225,train,False,2113
0,100,c,0.09743011788049859,0.06505600112949389,0.09452518798618544,0.12121651315360608,0.12901834006103116,0.39110140680151445,train,False,2114
1,100,d,0.016395536470177326,0.016395202495290882,0.01911161942356579,-0.02248278475424751,-0.022482021104352958,0.001622373998000839,train,False,2114
2,100,e,0.24008322890190692,0.24008520464431743,0.2752765741870612,0.11488815469786644,0.11488080657574287,0.2554466520612016,train,False,2114
3,400,c,0.049762112183605316,0.04975992957327617,0.07276839417628794,0.0602532611160202,0.06025265878476276,0.36587007957466855,train,False,2114
4,400,d,0.010933717453255337,0.01093558558087395,0.007354463242751463,0.010248608365179558,0.010247966247652052,0.02102803217376522,train,False,2114
5,400,e,0.16557216986442622,0.1655919383169688,0.2226444633363097,0.1402043563663873,0.14019183745186012,0.34046469062674256,train,False,2114
0,100,c,0.08472465310585355,0.08475312023254636,0.07704486834306158,0.054884880944064136,0.054859436721232696,1.2105591881889168,train,False,2115
1,100,d,0.02171784907975267,0.021718752643168884,0.018886726869678606,-0.00034484043366003194,-0.000347990138286427,0.10591203183847135,train,False,2115
2,100,e,0.2147400556353034,0.2147497225852015,0.23690006109783013,0.05174156109506967,0.05173346403803599,0.4207787844559519,train,False,2115
3,400,c,0.06404000102106207,0.056324297481315816,0.06903955704405541,0.018696913102021286,0.021270529865550145,0.6701068673409821,train,False,2115
4,400,d,0.005129615957087738,0.005129852309697143,0.00520170964543122,-0.005127591160883718,-0.0051278884079022195,-0.002779213550184103,train,False,2115
5,400,e,0.2072574961081297,0.20725702436207694,0.327222926833915,0.15412666149096996,0.15412097896285484,0.3660811368645788,train,False,2115
0,100,c,0.18791997729659496,0.1879565570370603,0.06670962748206259,0.05295637031264903,0.05295478048721933,0.23432461480555944,train,False,2116
1,100,d,0.0042586937883053,0.004258700427257227,0.004990248977749462,-0.029810283960514123,-0.02981074269125662,-0.02092885281627762,train,False,2116
2,100,e,0.14104583463533998,0.14103585714084294,0.21196078293233864,0.139073436108292,0.13906544799842266,0.32545896591323525,train,False,2116
3,400,c,0.09579523228716756,0.09592013548100496,0.11145552401262805,-0.03392510715525567,-0.03393426572381472,1.0290913701806808,train,False,2116
4,400,d,0.004790262633433672,0.0047898525468718055,0.005065674973287703,0.019642624621364943,0.019642499523146083,0.032677477738964546,train,False,2116
5,400,e,0.16040305272695746,0.16038648221105603,0.2564847724502864,0.14385115931326511,0.14384362835707884,0.3168208332952236,train,False,2116
0,100,c,0.0817609258211183,0.0817627170320051,0.12134192410661448,-0.058364146207601095,-0.05836582349893945,0.22847553855757893,train,False,2117
1,100,d,0.009122438732749425,0.009123692195863594,0.006186143367699217,0.01875123680493612,0.018751053761406206,0.12262188990099121,train,False,2117
2,100,e,0.19847962026500063,0.19439137948923535,0.3070600990713334,0.09232321377445861,0.09261755595498325,0.28408567751714364,train,False,2117
3,400,c,0.06808519759084092,0.0671252694953146,0.08458614204225721,-0.03964616150736703,-0.03967054446983297,0.5247420412876513,train,False,2117
4,400,d,0.008389942265863802,0.008400306860575808,0.009424335860986488,0.009543291803434358,0.009539971097469823,0.0807929600779142,train,False,2117
5,400,e,0.14600315205738942,0.14762424606689817,0.2248730702984863,0.1619530425393331,0.16217434837713135,0.324015318316577,train,False,2117
0,100,c,0.04942754155687682,0.04942833922241524,0.060479749440401485,-0.01360698942402685,-0.013619382888920555,0.4850824121383323,train,False,2118
1,100,d,0.003569294796746449,0.0035693245107823375,0.0036155266303090784,0.0012341820907018964,0.0012339350130840111,0.07035314933830226,train,False,2118
2,100,e,0.14449009183340897,0.14448864398789033,0.25525815387673106,0.15051530287494783,0.15051061741003,0.3864260038279792,train,False,2118
3,400,c,0.08293709453366688,0.08290267572325365,0.09262282383551387,0.08249074693205884,0.08245320953501065,0.7571649883414517,train,False,2118
4,400,d,0.009642562476247197,0.010026545900389231,0.005769137235852348,0.014641160177844377,0.01438899480127226,0.06937280718606759,train,False,2118
5,400,e,0.19541747623407102,0.19543022810212005,0.28231177608805036,0.1516405665047185,0.15163584327807073,0.3464220999711559,train,False,2118
0,100,c,0.08768498648674485,0.08769238531766506,0.10584669116205694,0.020237882170101928,0.02020816813212811,0.5967011341897644,train,False,2119
1,100,d,0.008084521806196262,0.00805196992149834,0.007520636765474724,-0.02103860447793327,-0.02105188592397049,0.03549470495376756,train,False,2119
2,100,e,0.24793159702920112,0.24796712065572993,0.31009449025761143,0.11257900081130603,0.11257197930417814,0.2994561321068687,train,False,2119
3,400,c,0.06116479290011106,0.06117719805164343,0.08855503561995015,0.043317720315169124,0.04329365067878122,0.5919748113585444,train,False,2119
4,400,d,0.00978149395278445,0.00978144412318004,0.008556661748887074,0.0040398707618997595,0.004037991409667292,0.050838018082937426,train,False,2119
5,400,e,0.1633431181781748,0.16167861912160653,0.26191616278012925,0.14353277865025413,0.14312172901538098,0.33661876505449273,train,False,2119
0,100,c,0.09595084608040232,0.08962989747259381,0.12487710029794086,0.11902170754462774,0.11945787701559667,0.8445193055651476,train,False,2120
1,100,d,0.015181531883037802,0.015182188248317428,0.010722926190316348,-0.02639976796157338,-0.02640044321927702,0.17680717169329488,train,False,2120
2,100,e,0.2778993218566035,0.2777749747377653,0.29679915545275704,0.1246631018601505,0.12463682135193878,0.3131453246027025,train,False,2120
3,400,c,0.0583987039956662,0.05839702433656461,0.08767286290746591,0.026593722578401043,0.026589993123885308,0.22511293496771045,train,False,2120
4,400,d,0.008804100924373125,0.008806782183417952,0.009072057221380558,-0.007117375195721732,-0.007118560212643299,0.0457790872356701,train,False,2120
5,400,e,0.17419603486332252,0.17419308591936405,0.2972065352538413,0.18206451428054138,0.18206290055905341,0.31454222352735894,train,False,2120
0,100,c,0.06039457753950399,0.06039091045714997,0.06998239337916598,0.011907679584537619,0.011899011113675187,1.0943788893723538,train,False,2121
1,100,d,0.013027217539138936,0.013529342307704329,0.008859678850107296,0.027314701623065114,0.027445263651613913,0.08242885900552314,train,False,2121
2,100,e,0.22376503325715494,0.22375424809455732,0.32482716776382786,0.1478735828378257,0.14786828947019307,0.3047687570152061,train,False,2121
3,400,c,0.07270639685791912,0.0725271386247221,0.09873032241785153,-0.04212182406577533,-0.04216897423005804,0.19971033693801288,train,False,2121
4,400,d,0.008544536843257833,0.008542432063343713,0.010452115414023171,0.01438603764012381,0.014386411692509907,0.23787129449179126,train,False,2121
5,400,e,0.17394225446706418,0.1811111038701976,0.2685358487791596,0.16984080524354694,0.17065970291928367,0.3029588306825731,train,False,2121
0,100,c,0.0561035375175479,0.05610385878261646,0.09089863644556676,-0.007798510390830558,-0.007799731391399405,0.5022722540483817,train,False,2122
1,100,d,0.02300757235246833,0.023008692836123935,0.008390430721567687,0.03495222405468994,0.03495074286085423,0.05867295454127728,train,False,2122
2,100,e,0.3332307820819736,0.33303966645687283,0.5456108092926855,0.13282103594952802,0.13281299434776891,0.18717152930875203,train,False,2122
3,400,c,0.05526558493125612,0.055208047649316354,0.08378439181802749,0.06227120537674466,0.06220911735556442,0.499883138828003,train,False,2122
4,400,d,0.009457369263744304,0.009320280639016026,0.006603186940915177,0.00406631450655425,0.004045471277345723,0.12088376334422256,train,False,2122
5,400,e,0.17818079707189768,0.17820131923454546,0.27472355391175146,0.17830776074795682,0.1783000894873189,0.29972218720496074,train,False,2122
0,100,c,0.05669214768107231,0.05674136314745905,0.10159802421308414,0.05873599861640983,0.058723722753278765,0.7544812562604615,train,False,2123
1,100,d,0.012062534132827969,0.012078883460354139,0.008639592857728888,0.03619569203796555,0.03619479650441502,0.2892360089595365,train,False,2123
2,100,e,0.23368609378965277,0.23366925813921496,0.30526154449164034,0.14418953786884559,0.14418342426775974,0.32805663643194644,train,False,2123
3,400,c,0.04976693812814953,0.08028220068633476,0.09325441275001489,0.05798955957378631,0.04138646574730515,0.8981937015870392,train,False,2123
4,400,d,0.01155224956548473,0.011581173169900448,0.012488204137333293,0.0061032541456657085,0.006096768719853003,0.03874515335401817,train,False,2123
5,400,e,0.19685215474681161,0.1936051310704365,0.24545350592804366,0.14694264467980372,0.14754163798014755,0.2963144235430852,train,False,2123
0,100,c,0.06153285499078115,0.12441652920055184,0.06883125074712111,0.014070648037334195,-0.020546568948013544,0.9258530579129018,train,False,2124
1,100,d,0.004396170058749105,0.004396277971409154,0.005709503660093137,-0.012660056087505166,-0.012660567700970323,-0.0021789103931927835,train,False,2124
2,100,e,0.16972006821986707,0.16973916826714575,0.25247347821997346,0.14081523639533644,0.14081061784228374,0.309857447961872,train,False,2124
3,400,c,0.07217861697060292,0.07223104325101501,0.08408879769179842,0.03999153623904966,0.03997963150892502,0.9303453515376922,train,False,2124
4,400,d,0.004154047718888195,0.004153999583425409,0.0046072125944820325,0.005670252184250515,0.005670190144929706,0.03494492683030462,train,False,2124
5,400,e,0.18390901786913577,0.18390752786089373,0.29481231377107353,0.16906680386729947,0.16906433181232258,0.3209801163732145,train,False,2124
0,100,c,0.12821530500726686,0.1281597922545041,0.0963782502630126,0.0006241476947349156,0.000623388526447286,1.0403898291290452,train,False,2125
1,100,d,0.030986750789521716,0.03098383496459281,0.02021456307902495,0.00874738875489209,0.008746439979194403,0.03679615249044412,train,False,2125
2,100,e,0.26012087828481617,0.2601322424712973,0.3309807771814313,0.1723380854424484,0.1723308159015326,0.29282194686903174,train,False,2125
3,400,c,0.05165042110935982,0.0516503607781927,0.08526239709326883,0.03457718995563298,0.034575455457003204,0.5400545277284777,train,False,2125
4,400,d,0.00517162910212039,0.005171706755896479,0.006142654859642191,0.014326688984444919,0.014326372962645877,0.11156262185485058,train,False,2125
5,400,e,0.2042855495584493,0.2042265269386441,0.28600928875445214,0.17222716480939432,0.1722178235546859,0.26618115207742926,train,False,2125
0,100,c,0.07199731115111892,0.05875434445297281,0.07598627217823548,0.06897141611007207,0.07427026869876606,0.7225222443193731,train,False,2126
1,100,d,0.012516030781507677,0.012516175092128183,0.014795454347342892,-0.0058270645576334705,-0.005827444808236742,-0.0030925101678594123,train,False,2126
2,100,e,0.1467842200834738,0.14679403509187947,0.19060277121804683,0.08582465785961794,0.08583124950213473,0.381253094200562,train,False,2126
3,400,c,0.06027823463780682,0.06027899585256119,0.09873141713991192,0.058498362555663166,0.05849549682019933,0.4315706871406724,train,False,2126
4,400,d,0.006918285280616857,0.006940269380916361,0.007492398470015121,0.008076876898785184,0.008071960944304308,0.07309924517541411,train,False,2126
5,400,e,0.1710744959622302,0.17107106616660384,0.2850268664833052,0.1729453108594478,0.17293906577944623,0.3000158621965152,train,False,2126
0,100,c,0.06799093428833126,0.06798395018791509,0.0769484144498125,-0.06048614597611625,-0.060477537253895264,0.3152176447423415,train,False,2127
1,100,d,0.003937160161384695,0.0039371965566371205,0.0044004503474640135,-0.019501988890354625,-0.019502331416686065,0.014199802205627278,train,False,2127
2,100,e,0.2016499935563621,0.20157406710282488,0.25273958946364766,0.10499885065934951,0.10499558910243952,0.3184074395678262,train,False,2127
3,400,c,0.06194661034591644,0.061949089057764715,0.06917021880535501,0.08700427641732077,0.08700226045757901,0.787795428525824,train,False,2127
4,400,d,0.004681465320481357,0.004681809903743376,0.005002356131141582,-0.0020234330259540556,-0.0020269287140664716,0.000430586633025829,train,False,2127
5,400,e,0.19574680452191454,0.19573796378164587,0.31574346829332944,0.17861655938219356,0.17861114312821272,0.28933383153083025,train,False,2127
0,100,c,0.07027049717647119,0.062333301041019175,0.0713343461166691,0.029175173179341627,0.029948692367275386,0.6757530340826793,train,False,2128
1,100,d,0.010226600949016704,0.01022715829223685,0.00829479509278051,0.010473798744980166,0.010471730709171024,0.10778602731429572,train,False,2128
2,100,e,0.243292367813157,0.24766909866872527,0.252814008888059,0.06788300159321409,0.0680653797185373,0.28026544077173804,train,False,2128
3,400,c,0.10935352063527728,0.10993023795242672,0.11752355885014484,0.03191932128830317,0.031927136612983915,1.0307416518942145,train,False,2128
4,400,d,0.007167962134516187,0.007167230176029296,0.005601121382027234,0.017986219149408227,0.01798655764803497,0.1480141267290068,train,False,2128
5,400,e,0.18679589564657012,0.18670822872232218,0.2659540220368166,0.15232183609325312,0.15231516933185532,0.35353441484331083,train,False,2128
0,100,c,0.10012828875261741,0.10010103765323962,0.05630101373273507,-0.037902109057010025,-0.03791160487635324,0.7366538466539078,train,False,2129
1,100,d,0.005632944097512266,0.005633027315956543,0.0060840604738837,0.010669174755653685,0.010668992120858985,0.044679229267575005,train,False,2129
2,100,e,0.13459402254242528,0.1345998796167544,0.23582880503917106,0.1567134115116131,0.1567088812944957,0.33639115858453633,train,False,2129
3,400,c,0.05857021918549335,0.05835113291021379,0.08401006253374488,0.02839905268855219,0.028419898398524667,0.6929210736793239,train,False,2129
4,400,d,0.004021445417668213,0.004018360259795242,0.004063945788153303,-0.005649000457207993,-0.005649123955823932,0.0018433217983988115,train,False,2129
5,400,e,0.16883501560856426,0.1688197905297958,0.25803932111873157,0.16876470469484667,0.168758921716301,0.31419593952037034,train,False,2129
0,100,c,0.08948797842980297,0.09138871109478025,0.09054013736772967,0.10234379934197989,0.10259383580652397,0.7346444690508602,train,False,2130
1,100,d,0.007073138628237222,0.007185462851330276,0.005274646728232916,0.005593735851294213,0.005660205010788442,0.09630410703122223,train,False,2130
2,100,e,0.1936635708286247,0.19329364198332435,0.23895933369871888,0.11982231960857735,0.11977782073266358,0.3011926257975781,train,False,2130
3,400,c,0.06183725768878289,0.061797730558370796,0.09082479298853187,0.09981664021487376,0.09977063913901077,0.517885448908673,train,False,2130
4,400,d,0.0063155914404237215,0.008221122212712784,0.006651789510777942,0.017334293503057943,0.016076452019931794,0.0697577587699739,train,False,2130
5,400,e,0.2066791725616908,0.206755793985101,0.2902352554328707,0.16212591824754,0.1621184695206096,0.306619569747104,train,False,2130
0,100,c,0.07419278592894564,0.07424163569953679,0.09290819586602651,-0.008705102659663169,-0.008730071211349895,0.6652185879163945,train,False,2131
1,100,d,0.011521776385514455,0.011525309816065555,0.006285275070933988,0.011809399618793322,0.011808430381821325,0.035265838316230674,train,False,2131
2,100,e,0.19250925165794705,0.19251698263385658,0.256308698148079,0.14318999165770996,0.1431820114189408,0.3250199791877937,train,False,2131
3,400,c,0.07474048142252437,0.07475959528657176,0.0831484551418055,0.048779591087932776,0.04877248711930193,0.35253297161164987,train,False,2131
4,400,d,0.006712869911578372,0.006710988401727553,0.005763206386940868,0.008620461655422833,0.008621920430397553,0.09445951960004464,train,False,2131
5,400,e,0.18853643733141037,0.18806293281216124,0.2625205174058586,0.14835764748836566,0.14832433050092633,0.3111075821373978,train,False,2131
0,100,c,0.06500554817966256,0.06496574496325189,0.07591511087794255,-0.12471109358739739,-0.1247025153094225,0.187595388860463,train,False,2132
1,100,d,0.014942270471188705,0.01494093908674099,0.012319624471225265,0.019120542382676627,0.019119863830197658,0.027870351459959065,train,False,2132
2,100,e,0.2028037884624847,0.2028007079780021,0.29687679500444225,0.12896784156823596,0.12896349897722967,0.29041692899529586,train,False,2132
3,400,c,0.04862556408905652,0.048624909009148926,0.08459679796208898,0.05383899753239426,0.053835199049067695,0.5693988760472258,train,False,2132
4,400,d,0.008977126391172062,0.008977178093563166,0.0080151642383406,0.019363108640306343,0.01936254055161875,0.05248826039367629,train,False,2132
5,400,e,0.19461379071998355,0.19461931143566724,0.31372285293920554,0.18032964969522375,0.18031876904832245,0.30082304788146297,train,False,2132
0,100,c,0.09846727627349758,0.09839299837107635,0.12489434330193673,0.04471927209112046,0.04469607268108319,0.7827845316403651,train,False,2133
1,100,d,0.008891100287375147,0.008891371610998256,0.006595313336313155,-0.007094849576452056,-0.007094926514429627,0.016339660082301144,train,False,2133
2,100,e,0.17454958063017692,0.17425810099297667,0.2579331456141028,0.12668138525323766,0.1266849240534196,0.329914868837855,train,False,2133
3,400,c,0.0642591437951087,0.06426883380583308,0.07875603434486635,0.09048118495908945,0.0904184323754145,0.9485328021597573,train,False,2133
4,400,d,0.041847847458949324,0.04180463688404995,0.011274194724590443,0.004234524754877605,0.004219291527096676,0.11237583445916059,train,False,2133
5,400,e,0.20597728695412246,0.20598870012059384,0.2692895998053139,0.156739291823019,0.15673069455729638,0.29445598315563,train,False,2133
0,100,c,0.06848647729662662,0.06846315199626889,0.11135827994213462,0.03987493983455536,0.03986929763383799,0.3415045770936962,train,False,2134
1,100,d,0.007010754365985066,0.007013831648540748,0.005391448789403488,0.023311600681536895,0.023311282527698474,0.08647075218219914,train,False,2134
2,100,e,0.20911203524403596,0.20882349120873575,0.27969697539014315,0.13797216892386324,0.137965839282313,0.3239963278127613,train,False,2134
3,400,c,0.05294135432103547,0.05293828871722605,0.07125145147433253,0.01767523807203169,0.017599365831809096,0.5747877749612632,train,False,2134
4,400,d,0.030374329858526332,0.03036192313116976,0.01188177032375587,0.016094347677323685,0.01608843534880986,0.15149524117977597,train,False,2134
5,400,e,0.21411903451948328,0.21409779840054116,0.3036849098179454,0.16692983219601862,0.16692188782106787,0.3147477753686778,train,False,2134
0,100,c,0.1634152024271209,0.1537673243340592,0.11333070264745279,0.010231120947716547,0.005082952333632917,0.8247766532625842,train,False,2135
1,100,d,0.014684365720441017,0.014689260803286133,0.006968838068118589,-0.01627174162528032,-0.01627353228580313,0.018985395127756224,train,False,2135
2,100,e,0.2161520271791953,0.21616979796530175,0.2743455471526839,0.17167181331400883,0.17165988441727295,0.2762319216239066,train,False,2135
3,400,c,0.057394317646986125,0.05742450038577874,0.0848277932475537,0.07999353522136617,0.07998189153435739,0.7376957690962638,train,False,2135
4,400,d,0.01866817097011153,0.018669654543723962,0.006330673569511015,0.009275416438503239,0.00927485187869225,0.23612824918453296,train,False,2135
5,400,e,0.2063595133976143,0.20634330020826067,0.3033430618996379,0.14170767100114276,0.14170202509760052,0.31847713426985386,train,False,2135
0,100,c,0.07294065831329623,0.06622494195513572,0.11058322110161192,-0.08582506166032694,-0.08612691776869227,0.6531079832381647,train,False,2136
1,100,d,0.004828032627668866,0.0048280334408599595,0.004376580438403786,-0.014563792870457384,-0.014564199979618771,-0.013730576608232887,train,False,2136
2,100,e,0.23699210808519766,0.23708547878957473,0.23397714727015895,0.08518715051614745,0.08517592678479798,0.32567670414498723,train,False,2136
3,400,c,0.09886580912106335,0.09898660657396735,0.11690898454074566,0.06141633508907219,0.06138988055937517,0.8333626440489843,train,False,2136
4,400,d,0.005536235855408464,0.005546411104186359,0.005406523749187775,0.0112808187859582,0.011281819811332028,0.15664974159191444,train,False,2136
5,400,e,0.1919818963248483,0.1919223762610376,0.26737956594189427,0.15719782750011688,0.1571785225206132,0.3355749797397574,train,False,2136
0,100,c,0.05760595223577123,0.05760243285520611,0.07056268334857223,0.01180029527812529,0.011789791016177702,0.3499719228814746,train,False,2137
1,100,d,0.02431816846796437,0.02436401888685692,0.026005901556538532,0.018168426582116697,0.01816558250764066,0.03150205834518438,train,False,2137
2,100,e,0.176833501959443,0.17175421387136672,0.23887798546817016,0.150552132627969,0.15953593425456064,0.2723571669190321,train,False,2137
3,400,c,0.1235790840119503,0.12356718442408308,0.08175108414942926,0.0035501721928148555,0.0035081489210440965,0.19913097443625538,train,False,2137
4,400,d,0.00961084908666062,0.009615592047846,0.009994029922185333,0.010114947414144275,0.010121683035167042,0.17710540047039344,train,False,2137
5,400,e,0.16017839155669747,0.16088987538971644,0.26253008101188974,0.15488267225270327,0.15483208128367287,0.34342731283274885,train,False,2137
0,100,c,0.0549087973308684,0.05491241100829959,0.07614400632112943,0.08528736857548033,0.08528484266102247,0.5456550028844722,train,False,2138
1,100,d,0.005854249700663415,0.005849417505830943,0.00587149498253283,0.01624961938452504,0.016248261505710727,0.037953971951023,train,False,2138
2,100,e,0.20827679304359797,0.20533255684913407,0.2581553927933851,0.13803773101067418,0.1376902698338213,0.3725790745958686,train,False,2138
3,400,c,0.0560815606795519,0.05611111222365287,0.07759469018093665,0.073140392579581,0.07309953054917898,0.8190489303744539,train,False,2138
4,400,d,0.005078293445827751,0.005084484407371752,0.005187990222366699,0.0037331495915035083,0.0037308849048428173,0.018929479400487493,train,False,2138
5,400,e,0.180259051141465,0.18072966142194677,0.30524216553677735,0.18553272555387246,0.1854822069979079,0.42325528746099506,train,False,2138
0,100,c,0.058494012402338695,0.058486407152531256,0.09302614102561085,-0.031002199577386164,-0.031014571554422332,0.8165970889672619,train,False,2139
1,100,d,0.004883387371532552,0.023173959581292012,0.00626736874294791,0.0017710234513820921,-0.0027953946695259725,0.07517381787716243,train,False,2139
2,100,e,0.21958684367172956,0.21976232212866983,0.280949147608648,0.12733510546150315,0.12732960208489302,0.1880986034815658,train,False,2139
3,400,c,0.0755788350164516,0.07558693034572218,0.07961154859628028,0.07308998108489063,0.07308696934948529,0.7081595031237085,train,False,2139
4,400,d,0.00521843605899508,0.0058976161078815445,0.00713591683671313,-0.006189828978125185,-0.006930667439754146,0.028536435098836518,train,False,2139
5,400,e,0.1666707084280747,0.1662153767139664,0.23203321838181878,0.14713154957082014,0.14659305141754447,0.3206479548060791,train,False,2139
0,100,c,0.06925230011359428,0.06551421882031244,0.06447627907086713,-0.05323807186918465,-0.05346287861310359,0.48524994568986607,train,False,2140
1,100,d,0.004113465698132625,0.004113653354428317,0.005037546550377339,-0.012778606233829847,-0.012779007075897315,0.05255686581289771,train,False,2140
2,100,e,0.11971589497884735,0.11975749519665001,0.26597266894915383,0.13857556708090343,0.1378791665386713,0.36774754124549675,train,False,2140
3,400,c,0.05450874348385927,0.06853746861816204,0.0869178596316134,0.06347821679393092,0.05732943318120647,0.9306111389484566,train,False,2140
4,400,d,0.010227110171297838,0.010236783670243485,0.006546367758988025,0.015306280040769345,0.015302413593331786,0.09077208118523067,train,False,2140
5,400,e,0.18371787104936937,0.1837205182385092,0.27032680726664204,0.15332051500937113,0.15331487386611678,0.31008943794803245,train,False,2140
0,100,c,0.07754399397388438,0.07754495266106975,0.0936829475478233,0.0827797001563961,0.08276556705032555,0.5065838290930798,train,False,2141
1,100,d,0.012827275867005139,0.012842830253287293,0.00830219348302935,-0.0005165925048878605,-0.0005254498650990591,0.1277723166808731,train,False,2141
2,100,e,0.20875589514139414,0.20875128591636025,0.281512646449152,0.1363216636005704,0.13632090951425432,0.3646546475158201,train,False,2141
3,400,c,0.05987544056099277,0.059858179905172004,0.07570619900794491,0.05144736462889185,0.051453641804439204,0.5360939147667146,train,False,2141
4,400,d,0.006110849490571387,0.006109347152727709,0.0077464304925501356,0.010416986391287698,0.010417161460409545,0.128274959636583,train,False,2141
5,400,e,0.19572997158634223,0.19578239278579454,0.2601583364510087,0.13525123931233618,0.13524127220554374,0.30298676955755105,train,False,2141
0,100,c,0.05391028757259925,0.05530472405960455,0.08423299209114983,0.01292421035458574,0.012558203996519168,0.946659313298926,train,False,2142
1,100,d,0.004843468876292816,0.004843708794507889,0.004115701584090264,0.015682791417044015,0.015682457019330905,0.053460582931187745,train,False,2142
2,100,e,0.17986659363196497,0.1798099418607573,0.35454773724754374,0.1507137790812771,0.1507027692452308,0.3294850124842094,train,False,2142
3,400,c,0.05567025473319959,0.09689501527101575,0.08562687678893868,0.046774865563386926,0.025918949803574735,1.001799200179692,train,False,2142
4,400,d,0.006224868420613788,0.006225726366700634,0.005978441635047419,0.01663692150620726,0.016636869807532744,0.23228031267641497,train,False,2142
5,400,e,0.14497117880273705,0.14496993431314095,0.23396561434827323,0.15879138810022503,0.15878579211538424,0.35574528041084463,train,False,2142
0,100,c,0.06734962874952655,0.0673597653400622,0.13212434897153708,-0.00991177059831216,-0.009920236495146213,0.7649423710429414,train,False,2143
1,100,d,0.002700470837529175,0.0027005285879604314,0.004323745943715174,-0.02986710105603134,-0.029867436024104244,-0.006562555784049895,train,False,2143
2,100,e,0.1422957740132841,0.1423434954423446,0.17691676477447735,0.1046833848264285,0.10467630909630465,0.3491034949974857,train,False,2143
3,400,c,0.07384097833046786,0.07356875455461248,0.11616422173760654,-0.013711040925415717,-0.0137732633797161,0.27459942708774177,train,False,2143
4,400,d,0.0038182541585865854,0.0038143822182197984,0.004596555238242703,0.0031282940969235896,0.003129033810947988,0.17392935093589756,train,False,2143
5,400,e,0.1744376444323242,0.1747055924460517,0.1956828335102454,0.13700388336339117,0.13708483145161196,0.2924721169889277,train,False,2143
0,100,c,0.09647508948638452,0.09647713716481489,0.10435596323724053,0.06600406813202284,0.0659924553326153,0.6601053869328476,train,False,2144
1,100,d,0.002797251318802664,0.0027975199235996022,0.0031410132010836036,-0.008082796101473768,-0.008084366687924031,0.009753376738594532,train,False,2144
2,100,e,0.19700321728788173,0.19685480436111402,0.23803427512071992,0.16872887818236038,0.1687054072510793,0.29523021024879603,train,False,2144
3,400,c,0.05280479444882153,0.05279917436968746,0.07737406244280746,0.09239239206500059,0.09238262329133874,0.27142002019845074,train,False,2144
4,400,d,0.011741528814085318,0.011751704519498815,0.012266167651141708,0.005702319502293171,0.005697808269148297,0.043652796364998976,train,False,2144
5,400,e,0.18572510259593425,0.18576121357823175,0.2726894817140617,0.16765864729868526,0.16764969921405615,0.3316098044912553,train,False,2144
0,100,c,0.05682052163880452,0.05682921384516184,0.06280643564181145,0.06941359257253182,0.06939743621944977,0.7925414955284836,train,False,2145
1,100,d,0.016165422725279908,0.016159317303834818,0.014446050941852504,0.004229437360997626,0.004228025306535752,0.023878129640957937,train,False,2145
2,100,e,0.14675890846776185,0.14675968085756189,0.20392597266865092,0.12195029140399768,0.12195260236478603,0.3303589346010024,train,False,2145
3,400,c,0.059245435599693294,0.05925355331952061,0.10440038365440789,0.008419861848997314,0.008345804155940613,0.44187861237125675,train,False,2145
4,400,d,0.011513185832839503,0.011524555934433935,0.009304587561198301,-0.009517068566083734,-0.009519143006688395,0.027620485053540325,train,False,2145
5,400,e,0.1716467912936344,0.17132892527211882,0.25301770739927076,0.15812401700184053,0.1580552049442123,0.3384589041238659,train,False,2145
0,100,c,0.06514473981836388,0.06514562941948751,0.06658057676793949,-0.1379863755694288,-0.13798832955700008,0.3551158260597705,train,False,2146
1,100,d,0.03505873162379132,0.03506313226483084,0.010264773454303362,-0.011908024526714769,-0.011909491548585187,0.12109351024645278,train,False,2146
2,100,e,0.15720881726859773,0.159939157607436,0.3176491795407047,0.1599579486080967,0.1600222690509102,0.27129372146337327,train,False,2146
3,400,c,0.06326071732979298,0.06329786095444945,0.06271560979001416,0.06011362000744967,0.06008676165792352,0.42131744533389964,train,False,2146
4,400,d,0.010373368328231256,0.010374857799802724,0.00564594096986359,0.009209872049056359,0.009209103890758996,0.10090826628086479,train,False,2146
5,400,e,0.18645696097910902,0.18646629548910734,0.2922886986417701,0.16138052653112053,0.16137135067630748,0.33030316025692646,train,False,2146
0,100,c,0.05025680108194634,0.05025664014537224,0.0723222058176197,0.10511403764608389,0.10511142182332663,0.6728644312510706,train,False,2147
1,100,d,0.007423278461229456,0.007419708502016791,0.0057739701720898986,-0.01753687648340982,-0.017536428587913894,0.08790698274070627,train,False,2147
2,100,e,0.13485268835417402,0.1348390849803445,0.16616517008302512,0.0477461052271385,0.047736209909522036,0.3772236702451257,train,False,2147
3,400,c,0.05872289108805249,0.06074434817881955,0.06948976708652056,0.08102102166490908,0.08022122812509096,0.5507158751676616,train,False,2147
4,400,d,0.004926664086510132,0.0049267532318797965,0.005931978588938812,-0.006239981484989343,-0.006240352106472074,0.027725105490141965,train,False,2147
5,400,e,0.19751955834713186,0.19746921967697414,0.28337860875729903,0.1389274451943239,0.13892331039836983,0.3117770154188183,train,False,2147
0,100,c,0.07862536793291147,0.0787404156114942,0.058455524735421364,0.05456355269230322,0.05454603119654301,0.5999564558387763,train,False,2148
1,100,d,0.027734975563288074,0.027702068459542675,0.01153406116580836,-0.0025521833017732123,-0.002552347339929728,0.10059996255533467,train,False,2148
2,100,e,0.2168054741935274,0.21680367008062784,0.2917785111575936,0.13056087924715074,0.13055116951907536,0.3749231154541842,train,False,2148
3,400,c,0.06620631747451028,0.09019705964482552,0.10698764287499618,0.06291633177122904,0.05390822009858525,0.8911863732652375,train,False,2148
4,400,d,0.02378277272673492,0.02377362333350501,0.01576734555513349,0.0226361214465177,0.022635121320332276,0.15585282769094128,train,False,2148
5,400,e,0.18945526136861532,0.18946397176030375,0.2692265200074427,0.16570881927252135,0.16569871869839506,0.3366544928439166,train,False,2148
0,100,c,0.058428143127338766,0.05844764583971302,0.07721985591711797,0.006256032325244121,0.006205101669189972,0.7060101179336141,train,False,2149
1,100,d,0.006890749740817751,0.006890863041996948,0.006461578450562091,-0.01898305402373106,-0.018983262386262415,0.0425456551957196,train,False,2149
2,100,e,0.22140728383876554,0.22147897970586164,0.16882720485526967,0.107745259830484,0.10773515992594775,0.3514490656107659,train,False,2149
3,400,c,0.10661689148402427,0.10243234462064656,0.09875312845949095,-0.0159377763302345,-0.016432954965848907,0.8720296854968607,train,False,2149
4,400,d,0.004884886357813932,0.00488506433846031,0.005636512836000736,0.00011340180403546896,0.0001130296634637773,0.022362830395895907,train,False,2149
5,400,e,0.18102724270057471,0.1810346451035036,0.27984620263750404,0.1659765311144124,0.16596933206666187,0.3168371189934253,train,False,2149
0,100,c,0.05002364259010895,0.05002344370688872,0.06515759971270958,0.024936264115050337,0.024931320523310277,0.6697230402375774,train,False,2150
1,100,d,0.00692179958437206,0.006921975732039891,0.00487826368761604,-0.005803195920240576,-0.005803574290571767,0.00945913826701652,train,False,2150
2,100,e,0.22392303704754712,0.2234761446035039,0.19707567799678585,0.061341581557012005,0.06132262841175347,0.7758042348190292,train,False,2150
3,400,c,0.06177477858141165,0.06176999309949072,0.08357540348277896,0.08421170977111431,0.08420104515684187,0.7077240182112395,train,False,2150
4,400,d,0.005246924852419618,0.00524731306065855,0.005039620349910464,0.0020061233457458983,0.002004336495204022,0.10325631660019209,train,False,2150
5,400,e,0.18342934688664964,0.1834438139709853,0.3122181432541115,0.16594110391145592,0.1659332878123746,0.3278980075711121,train,False,2150
0,100,c,0.1153336780002555,0.11531639014379223,0.14600816074181708,0.1475538673761399,0.14754488306724398,0.3180086627781591,train,False,2151
1,100,d,0.009457026478992929,0.009459265097169855,0.006301434770188966,0.01552022031902002,0.0155196100969245,0.12328730978185076,train,False,2151
2,100,e,0.18559153545316243,0.18560576535829423,0.26466080911290335,0.13334490442033983,0.13333791806124154,0.3205379128119938,train,False,2151
3,400,c,0.056345027196265864,0.056328564535436304,0.08313286710847546,0.005492697691917669,0.005494134932740877,0.47946622062125727,train,False,2151
4,400,d,0.006063601692965767,0.006063705754250126,0.006089264796183882,0.010415380849610453,0.010415126630138367,0.09111372999194974,train,False,2151
5,400,e,0.18947060577500757,0.18949949233090696,0.278005361554405,0.1458116926205652,0.14682743410282106,0.309738197658659,train,False,2151
0,100,c,0.097322255421475,0.0973274093255716,0.08439863739555939,0.049121900695786994,0.04910537066913726,0.7173588360900315,train,False,2152
1,100,d,0.05208519551874088,0.052092847844814216,0.007488344949441648,0.02401879858832521,0.024013682768447533,0.10455655535688421,train,False,2152
2,100,e,0.25382147922689346,0.2538124646189607,0.3054733927821765,0.11531398925476133,0.11530653170308312,0.2710535070631969,train,False,2152
3,400,c,0.06831948197230933,0.0683476955405357,0.07967791503547395,0.07411791615197004,0.07407975255964985,0.46677011487278963,train,False,2152
4,400,d,0.007383389974005688,0.007387352256047134,0.006668432128736051,0.004556515186336973,0.004554010875095145,0.047240308190943596,train,False,2152
5,400,e,0.20724374308429838,0.2072452150987701,0.28092690939331655,0.15284028427188326,0.15283248775219002,0.31510288119277285,train,False,2152
0,100,c,0.06493558793866817,0.06493966103549619,0.09917271554556088,0.0662290954874809,0.06622363456882965,0.7337048170296376,train,False,2153
1,100,d,0.006417989207081457,0.006418040428297737,0.014199933475833046,-0.003406423250059074,-0.003406669537300804,0.07069345995667266,train,False,2153
2,100,e,0.18244751159418388,0.18244428211536803,0.1825206815788203,0.10903377929806024,0.10902470315550272,0.2762851380439373,train,False,2153
3,400,c,0.06389139507455327,0.06392639136547772,0.07510774494244048,0.04558707251512566,0.04557518966005795,0.7318135977555282,train,False,2153
4,400,d,0.00520386181406764,0.0052098230400124635,0.005463308312167197,-0.00013501272938261976,-0.00013734954376552367,0.08289734756185138,train,False,2153
5,400,e,0.17705313605783135,0.1770451481594035,0.27572686961018283,0.17264311881636624,0.1726344712352916,0.29516354324781596,train,False,2153
0,100,c,0.09955478377923103,0.0994020543913174,0.12676213291486413,0.02644190448851539,0.02644277304890501,0.5481991321721806,train,False,2154
1,100,d,0.020247695707541938,0.02025406509825392,0.017391948053377716,0.008496815298136156,0.008495389392011568,0.05401034204733893,train,False,2154
2,100,e,0.22678097435326744,0.22677587232583712,0.346460682412078,0.17530913206586482,0.17530615170091104,0.24508285178380926,train,False,2154
3,400,c,0.0667497367492614,0.06675159699166326,0.09632489636376733,0.048815502428575644,0.048813902389528326,0.6121298966503785,train,False,2154
4,400,d,0.004938136447927773,0.004938188795400633,0.005270720038779427,0.0006042649761073981,0.000603994922626061,0.022516205630555605,train,False,2154
5,400,e,0.16750819679708165,0.16726188329047997,0.25651945771438184,0.1687036671053314,0.16783731589465845,0.3570845620061361,train,False,2154
0,100,c,0.07715684186862042,0.07738774009305902,0.09965599237248655,0.03368265646440108,0.03367879657698893,0.15835967724554365,train,False,2155
1,100,d,0.0062929531089690885,0.011530161854077774,0.006948208501842937,-0.014524284101111498,-0.015957890535785956,0.028056854724016738,train,False,2155
2,100,e,0.20637005304091577,0.20863525673470812,0.2706228815967656,0.08837154331882839,0.10884697010510959,0.27429153849478816,train,False,2155
3,400,c,0.060841968084700465,0.06084057058736107,0.07520413545645246,-0.00884177297716434,-0.008845961398494922,0.7139908049957845,train,False,2155
4,400,d,0.004567478455192599,0.0045675645948248115,0.004927234250554281,0.0006652796629583158,0.0006651393677787709,0.05614290294999281,train,False,2155
5,400,e,0.17461251348918683,0.17459407003398458,0.26022668672362764,0.16849525703107646,0.16849162033874193,0.2711105695741185,train,False,2155
0,100,c,0.13374649500200422,0.13391768980343519,0.11931824004427444,-0.01969961691788825,-0.019751422074724162,0.8447574914382849,train,False,2156
1,100,d,0.01975717238585228,0.019760004407322493,0.013855564297158647,0.018357741201972394,0.01835346879446272,0.10956836650885801,train,False,2156
2,100,e,0.16761388529502064,0.1675705746776781,0.23407221985422766,0.15051112311733655,0.1504973572730352,0.26773780065855596,train,False,2156
3,400,c,0.05780446114121417,0.057800977565919814,0.08522701927022254,-0.002127672485828924,-0.0021317063360058344,0.7006455933443775,train,False,2156
4,400,d,0.00426706530206577,0.0042671697960944225,0.004690196170331387,0.005869712020310871,0.0058694883274140255,0.07996211785285197,train,False,2156
5,400,e,0.18410467916480772,0.1835419860606289,0.3044376051355268,0.17415314018812425,0.17362015834201772,0.3296987615039544,train,False,2156
0,100,c,0.06650846807355705,0.06650939926866628,0.07480485594369778,-0.13176365937408072,-0.13176562469741762,0.2938154384405345,train,False,2157
1,100,d,0.011517068484126656,0.011518496791824415,0.00825619423512715,0.014262649711333389,0.01425751055249931,0.034134917543371515,train,False,2157
2,100,e,0.24358892639360635,0.24325564364366795,0.28375056973821483,0.12831523609635362,0.1282736659909341,0.35841847716207736,train,False,2157
3,400,c,0.05545487049504159,0.05545653625165152,0.07278289640790779,0.06847652836441277,0.06847173731344022,0.7929377751935496,train,False,2157
4,400,d,0.0048658317394958215,0.004871171085819921,0.004617682988180066,-0.0010046342946517584,-0.0010131748252646844,0.05651541404210063,train,False,2157
5,400,e,0.1844933048441544,0.18447592786386668,0.29977066314981926,0.1759399041145199,0.1759296621724497,0.3091151383287062,train,False,2157
0,100,c,0.06261378608791818,0.06261293882332138,0.0677288863303413,0.07501353755692974,0.0750139360296307,0.621183519688938,train,False,2158
1,100,d,0.007726329426341939,0.007740564537931594,0.006352305755945627,-0.028151947854627383,-0.02815368372118627,-0.006345459959930615,train,False,2158
2,100,e,0.18889186891152857,0.18888992660135703,0.2776827519129267,0.16288756127940537,0.1628881020396662,0.28031375747331067,train,False,2158
3,400,c,0.05883605328848685,0.059599549744504675,0.07054536608420349,0.07784483228981244,0.07750112241961667,0.6683572618269449,train,False,2158
4,400,d,0.020630752089637525,0.02066032523572492,0.00905583621160689,-0.0010347804862244913,-0.001047180867516051,0.010101113994450834,train,False,2158
5,400,e,0.18881798534643612,0.18775835389455497,0.2909090860438357,0.1646088023415794,0.16582342074175274,0.32017309001660155,train,False,2158
0,100,c,0.05151312661166556,0.05152103869225273,0.09161480754734946,0.05556288107170076,0.05554811605707357,0.6849957995847821,train,False,2159
1,100,d,0.007291906324394458,0.007291952886284548,0.00966979851125583,-0.006729703072902708,-0.006730094182818132,-0.002736138310019438,train,False,2159
2,100,e,0.16271665558429446,0.16271507267425048,0.21885013771280068,0.11864822658669531,0.11864386003363016,0.3358704176163144,train,False,2159
3,400,c,0.06028411254045736,0.060283900265478065,0.08172567597997311,0.06317831910830812,0.06317858207757056,0.5167675722287648,train,False,2159
4,400,d,0.005340047409892241,0.005344814520504591,0.005750180506073716,-0.011010681412732773,-0.011013364512317719,0.0139345888165996,train,False,2159
5,400,e,0.17082926818584443,0.1718390649758608,0.24125989374177398,0.16297408680435801,0.16300933248604246,0.3627571586054863,train,False,2159
0,100,c,0.06248852990032041,0.06251088354836801,0.08523191705620603,0.08913485188956777,0.08913946755459257,0.38179997395988335,train,False,2160
1,100,d,0.010185124161262205,0.010181244030195633,0.007605688545996592,0.018302777106779668,0.01830238572860985,0.021025097189303725,train,False,2160
2,100,e,0.2577324724895815,0.25762422292570053,0.3287258885689379,0.1556287845552377,0.15562124993459467,0.3518583236965258,train,False,2160
3,400,c,0.0627389392850342,0.06276131686919918,0.07662296078259968,0.08644386302002367,0.08642591389070262,0.8268310149975266,train,False,2160
4,400,d,0.008108205334449487,0.008108031046155791,0.009449313382873773,0.013592237457284587,0.013592026901920438,0.08539758350147972,train,False,2160
5,400,e,0.20557138296634345,0.20551270861191967,0.26002831806249843,0.16776796725158885,0.16776153846022804,0.3230477055048283,train,False,2160
0,100,c,0.1355581423233382,0.13558671614708973,0.11394275705340526,0.12009071489728924,0.12008528821238812,1.045552201871117,train,False,2161
1,100,d,0.008130184300949257,0.008134032140980322,0.00780717455694262,-0.015227132148558696,-0.015228939490738789,-0.012946229067769578,train,False,2161
2,100,e,0.3188202678007448,0.31884898566768055,0.27910879133521915,0.05841193471721539,0.05840201801679655,0.3068086477802381,train,False,2161
3,400,c,0.058486780607037075,0.058596246686940565,0.06762088647769501,0.07076470233528248,0.07071986877938002,0.821029550133475,train,False,2161
4,400,d,0.004971833700228205,0.004972064809489085,0.004778110069891046,0.009114501608981982,0.00911403240689065,0.019515263036376993,train,False,2161
5,400,e,0.20165235081020771,0.20167423050081157,0.3037247706846979,0.1799836915047715,0.1799769501856731,0.31143582533608055,train,False,2161
0,100,c,0.08542310068194692,0.08539195103940156,0.14498907597959737,0.08006458612159037,0.08005674370765746,0.5665968882228438,train,False,2162
1,100,d,0.012235690774750656,0.033767714699918634,0.00985149224854905,0.03538645101734471,0.019182102733419804,0.13074364458706084,train,False,2162
2,100,e,0.19048729849230686,0.19047645252716197,0.27173375313493175,0.1346737040264454,0.13467724434600464,0.29546381989446346,train,False,2162
3,400,c,0.05356676341490272,0.053541167915160115,0.08153462712835159,0.01706861740536425,0.017063955760457362,0.42566454364317496,train,False,2162
4,400,d,0.008327966893373303,0.008328794132658062,0.008282468303325666,0.004627025727416551,0.004621959713723935,0.03783229932227222,train,False,2162
5,400,e,0.20236033526641395,0.2023762798419727,0.26013067084496855,0.1594117412031824,0.15940559889411202,0.29156194919877704,train,False,2162
0,100,c,0.057158392478993465,0.05715801773247402,0.05646614029788895,0.0933185863557106,0.09331407856590154,0.5912055835358816,train,False,2163
1,100,d,0.007796360480969496,0.0077962900672640155,0.010543648069062779,0.006934940440697321,0.006935201776575451,0.07831114265792705,train,False,2163
2,100,e,0.1339310376622174,0.1339282814820896,0.19281356477746314,0.13383997124889938,0.1338316864463618,0.371084315210601,train,False,2163
3,400,c,0.052294241173909996,0.05601071793575696,0.08439204960567755,0.04729351114050204,0.045643356237243256,0.6257200516726243,train,False,2163
4,400,d,0.0055386703179015374,0.005532729960148175,0.005253938197396667,-0.0014522202059376354,-0.0014583915398862146,0.017522950351671458,train,False,2163
5,400,e,0.1803136346586019,0.18037007792010573,0.25498561542082887,0.1460691243307631,0.14605104282263043,0.30893335427030894,train,False,2163
0,100,c,0.058368755228182,0.058363858171240096,0.06905112354048057,-0.03658652503326351,-0.03659572864411501,0.41644368697890316,train,False,2164
1,100,d,0.004996526778683354,0.004996322039570061,0.004305435859976348,-0.006423262850763845,-0.0064231958339945015,0.05924008256497652,train,False,2164
2,100,e,0.1797468712687605,0.17974689468601593,0.2998432215188809,0.15005775446654568,0.15005173106799022,0.34338416727516075,train,False,2164
3,400,c,0.07971605020220757,0.0797031140447675,0.09839412490633943,0.06837397474761843,0.06837591256865416,0.8024371678077605,train,False,2164
4,400,d,0.006841939625276889,0.006833354070907124,0.006394144941499473,0.01840478071540449,0.018401240418664495,0.05918835128697287,train,False,2164
5,400,e,0.17032009293329015,0.17031392744527937,0.2538141776914398,0.1635211593675203,0.16351663573355332,0.30849451454696797,train,False,2164
0,100,c,0.06348148848237926,0.0634801101852501,0.0992709790677549,-0.012665874570024301,-0.012669020431560228,0.5449079410204855,train,False,2165
1,100,d,0.04738152224847638,0.04746839101822771,0.008500840589394735,-0.0016613665866825934,-0.0016640487914980006,0.02482439806009239,train,False,2165
2,100,e,0.16629240846469537,0.16617131215257316,0.24406584248185903,0.13022290432537506,0.13022003816614666,0.34344480241293984,train,False,2165
3,400,c,0.06692008755235374,0.06700840031395994,0.08119624964498307,0.1076647644235814,0.10761909652848417,0.9338946530688119,train,False,2165
4,400,d,0.007497190746175263,0.007328284179439965,0.007487516091979535,0.00039530736468870845,0.00024928580484999684,0.010792752540810078,train,False,2165
5,400,e,0.19034368526812673,0.19045182825530385,0.2928242421484413,0.1725320459597237,0.17251217946565647,0.3094437352749353,train,False,2165
0,100,c,0.043318957801122125,0.04331708577011122,0.0948276378792606,0.018688461287408985,0.01868282141330582,0.4122957871196036,train,False,2166
1,100,d,0.0045311206250760565,0.004532708029904558,0.006302262605141888,-0.01453512622336337,-0.014538548622224425,0.07126943710759645,train,False,2166
2,100,e,0.15995550941978717,0.16111594913318883,0.2265829616262212,0.1444189972496153,0.15953904815006212,0.3049747865453224,train,False,2166
3,400,c,0.05488898400089916,0.05490079368289048,0.07951660406409582,0.03516680232703592,0.03512111070222396,0.6676874431970978,train,False,2166
4,400,d,0.010175961172687573,0.010182028007019268,0.010248215170048291,-0.007653183527080998,-0.007655860557198118,0.030546586493447964,train,False,2166
5,400,e,0.17389945999331716,0.17390291815170625,0.27892925508878547,0.15879746599272834,0.1587941927791505,0.2810642254573338,train,False,2166
0,100,c,0.05685141620137636,0.056845431097982374,0.063379587275645,0.08010629817249992,0.08009235723357869,0.2962733384185616,train,False,2167
1,100,d,0.00837128530123342,0.008371634331730504,0.009204458379855384,0.004427167276394286,0.004426582007897473,0.027614186184807002,train,False,2167
2,100,e,0.23058397527408098,0.23059586442804694,0.27654997498044775,0.12458945946737199,0.12458199139475089,0.31448008869744604,train,False,2167
3,400,c,0.056104147407146684,0.056101000118286615,0.07554717849949118,0.022298074537628523,0.022296748817745567,0.2203783019453003,train,False,2167
4,400,d,0.008145008300127083,0.008133363652512923,0.009116938598380106,-0.005589617337133994,-0.005590093093995865,0.09047315376513243,train,False,2167
5,400,e,0.202823280974677,0.18169994586353946,0.2966283728005382,0.17405538507819582,0.19015006154515565,0.3398930917038111,train,False,2167
0,100,c,0.06966552706072607,0.069655856851363,0.09318867351085687,-0.023152559702276605,-0.023168836292862593,0.49607928143767893,train,False,2168
1,100,d,0.010830587048371802,0.010830781664018749,0.004615982260548834,0.007152355098924126,0.00715114040634699,0.021823393166961774,train,False,2168
2,100,e,0.21883568936072798,0.21883644565582888,0.30807192876166484,0.16496434271199192,0.1649624096220407,0.28741736897395787,train,False,2168
3,400,c,0.06369632104717633,0.06369746453321459,0.09849209892696546,0.055494225568222366,0.05549579076027371,0.36767949164904307,train,False,2168
4,400,d,0.0059558698995496595,0.005964318750120059,0.007508874984759352,0.004086751329117728,0.004080893162075423,0.03539755021111816,train,False,2168
5,400,e,0.22085670659767007,0.22084197950672685,0.3175601857405109,0.1713614059896987,0.17135414921314218,0.33507593579323924,train,False,2168
0,100,c,0.24085866523980282,0.2409253468030189,0.09981073161938223,0.053758262760139675,0.05373664512233276,0.9758819749958255,train,False,2169
1,100,d,0.02620469208716786,0.026209644221403764,0.017821944781543097,0.015131359796373953,0.015130245697647472,0.033948949924878596,train,False,2169
2,100,e,0.3131834519156543,0.313096975721342,0.30870519382155054,0.16310189421372465,0.16308601464108108,0.3034524947528718,train,False,2169
3,400,c,0.07537747636920358,0.07542796459663018,0.08144325584159966,0.07520501968097477,0.07515355372088763,0.6066698483515858,train,False,2169
4,400,d,0.005678543341981096,0.005678714865832653,0.006124609995840049,0.001282141265454282,0.001281911661426438,0.028265674810466733,train,False,2169
5,400,e,0.19048817629336834,0.1905057236752242,0.23428161251538843,0.15131875093904434,0.1513112560626452,0.3410370047647055,train,False,2169
0,100,c,0.08453272750945331,0.08389889881016618,0.10637062577051867,-0.0826161201626357,-0.08262358092232078,0.6050625175587488,train,False,2170
1,100,d,0.026598557177661842,0.02656822393153599,0.012634885281059185,0.006058015623808597,0.006037299214722385,0.03996670879094925,train,False,2170
2,100,e,0.23452112563053412,0.23451484548129528,0.3264774294436593,0.16833891221764025,0.1683344095623519,0.3314113780165489,train,False,2170
3,400,c,0.07176144967462243,0.07031200372378765,0.08277403359104214,0.02903273941902903,0.028970546396480473,1.1774704352894432,train,False,2170
4,400,d,0.0076535317063579945,0.007656965411058627,0.00656168471607732,0.014166860908716536,0.014160338348940656,0.06685237614437689,train,False,2170
5,400,e,0.15440661222114785,0.1544350486504115,0.28377309123260164,0.15840054128450168,0.15838861044936745,0.3342530752532764,train,False,2170
0,100,c,0.0661771407721255,0.06618094458713265,0.09869034531737322,-0.00508844219607461,-0.005093390435852711,0.7297029132441292,train,False,2171
1,100,d,0.0049537567276182895,0.004953811593416363,0.004788303306404981,-0.013119485863489296,-0.013119829438312785,0.00018348047758660614,train,False,2171
2,100,e,0.2014116556106229,0.20142274048404218,0.3254296187837922,0.15608114047020827,0.15607305563613252,0.29290892577216915,train,False,2171
3,400,c,0.05960802984272744,0.05960952783717415,0.07666006516907836,0.01853324398922581,0.0185253759415081,0.5449247257854576,train,False,2171
4,400,d,0.006558262838566098,0.006565995019246961,0.006671068203699809,0.010387482847790466,0.010373501787629405,0.04366822520658602,train,False,2171
5,400,e,0.1747698224470643,0.1747637041370569,0.26079676159204623,0.17776912808569761,0.17776405867548653,0.31810552093273414,train,False,2171
0,100,c,0.07570471847739091,0.07573026989479906,0.10038969952500629,0.16314192386433604,0.1631252534072408,0.48922644838558105,train,False,2172
1,100,d,0.013088307110209547,0.01308919242916149,0.008688162200787884,0.005881828046568227,0.00588137824854746,0.15783842015852295,train,False,2172
2,100,e,0.23248189004025,0.23248264168740046,0.34912199811280786,0.13222870647729956,0.1322309177859548,0.2982226863950823,train,False,2172
3,400,c,0.07163587887530684,0.07135709927796957,0.09820611046539518,-0.03977039906440595,-0.039770665513141096,0.6683612336533901,train,False,2172
4,400,d,0.006338896676051551,0.006339395774914162,0.006435247613766047,0.017146737180262158,0.017146291326326165,0.01877074832860117,train,False,2172
5,400,e,0.1753456484560987,0.17533572960185972,0.2522406093537466,0.12866143649059397,0.12867847616115113,0.33185402991681784,train,False,2172
0,100,c,0.23045910388645793,0.23043563917677415,0.161534640673735,0.14359292957332628,0.14358993264911377,1.0887897554104282,train,False,2173
1,100,d,0.006608284798984803,0.0066083892645498465,0.005889536248583674,-0.024072103378905682,-0.024072706953254707,-0.012471097510210978,train,False,2173
2,100,e,0.2220040123693096,0.22199260615705246,0.3145363650507888,0.1474583403893543,0.14745962563534393,0.29425172334884275,train,False,2173
3,400,c,0.08249870724318088,0.08504309639961455,0.10020852766888172,0.08057806972330696,0.0800146733358038,0.7653048892743215,train,False,2173
4,400,d,0.006377992397808158,0.006381082353721848,0.005152896586505041,0.011795067465683023,0.011794675637024347,0.020597987797963634,train,False,2173
5,400,e,0.19037300211677935,0.19034555020215013,0.28772716522298825,0.18108040228279088,0.1810660910305142,0.6124215360591877,train,False,2173
0,100,c,0.07134661083623557,0.07136300868347592,0.10710551341225041,0.03758955756354197,0.03754457058867864,0.5982612414850097,train,False,2174
1,100,d,0.05142102692315082,0.0514275221864382,0.018349786770337537,0.05178774415593697,0.05178561466383354,0.1784726039599036,train,False,2174
2,100,e,0.3661666144965834,0.3661346801156769,0.5010746109946524,0.181432552450852,0.18143106954962931,0.2885941407459529,train,False,2174
3,400,c,0.056497910448685476,0.05649772796756534,0.0709048742406926,0.06538060551727852,0.06537701920939824,0.6124645056498349,train,False,2174
4,400,d,0.00504916801393065,0.012263665280128438,0.0067113965750040675,-0.011537754400071218,-0.015493871823897757,0.09216065097072333,train,False,2174
5,400,e,0.15222542356902286,0.15222188473788403,0.19515709102878795,0.15665431369146834,0.15664844575052075,0.3124574043581977,train,False,2174
0,100,c,0.09263789976184608,0.09263834153540118,0.1180287046751838,-0.11491032913496632,-0.11491222519786767,0.3462306528620411,train,False,2175
1,100,d,0.004997729948875039,0.004997589194810088,0.0043538690409312165,0.00119238197103126,0.001192392726463556,0.03497097464281886,train,False,2175
2,100,e,0.21233673052139757,0.212360908105981,0.24291993871148976,0.11583030331855383,0.11582466254878909,0.3199187018397882,train,False,2175
3,400,c,0.060508519420774357,0.06319574473045854,0.08373992387211553,0.036497299600412064,0.036168263424511196,0.6161785709589308,train,False,2175
4,400,d,0.0065001897073565205,0.006505714852778328,0.006440354133047823,0.0016859922450060516,0.0016838488666150652,0.03782145573787535,train,False,2175
5,400,e,0.20780554550545985,0.21049436522415343,0.2655455112535815,0.15173662830809048,0.15186976950313943,0.2701529495478254,train,False,2175
0,100,c,0.06487516192911341,0.06487597256430606,0.06634618923273707,-0.015379120700088579,-0.015386939783021915,0.7474270309085057,train,False,2176
1,100,d,0.006471659700791891,0.006471753739911042,0.005651285077249894,0.004726983926713082,0.004726846186116092,0.05417613189360056,train,False,2176
2,100,e,0.1700620280430659,0.17008529839243192,0.236749199584989,0.09625779621441279,0.09625021701479067,0.3744976739670964,train,False,2176
3,400,c,0.06622966540539871,0.06622808748721645,0.0758842007439855,0.08966472133996817,0.0896656131349188,0.7532939844030418,train,False,2176
4,400,d,0.004255690277183334,0.0043799380030059235,0.005486660159268249,-0.006771758294104391,-0.006917276110039872,0.05937884227897877,train,False,2176
5,400,e,0.1710533211235975,0.17110733695303149,0.2671350864446266,0.1819970534877159,0.18198486220173635,0.2897745102291623,train,False,2176
0,100,c,0.08258345146715441,0.08258031617707129,0.12583328349289002,-0.08179902359077204,-0.08179872673194595,0.54270745809535,train,False,2177
1,100,d,0.006312324385871324,0.00631243823825545,0.006564022179289444,-0.007757342966870784,-0.007757769233814251,0.06300808815060355,train,False,2177
2,100,e,0.14006082390430205,0.14001770015012566,0.2040272550301496,0.12980330505351495,0.12978924588472296,0.3441306884814008,train,False,2177
3,400,c,0.07966273801878382,0.05651829557281944,0.07585603641191957,0.03942650697674076,0.04650743301649157,0.47419471378724354,train,False,2177
4,400,d,0.004428258911550829,0.004425253436141748,0.004696145770794642,0.003973007972019715,0.003970982054437222,0.01729789345253483,train,False,2177
5,400,e,0.22639999242665504,0.22635034795079279,0.33336260077722035,0.16769439752426343,0.1676816512900536,0.3249561024841914,train,False,2177
0,100,c,0.05971915464924936,0.059681944032865315,0.08117963425735716,-0.03917646178365487,-0.03919863702058919,0.8355871194039293,train,False,2178
1,100,d,0.05369086233505596,0.053749390992070926,0.04053909738742359,-0.021825889049808166,-0.021829882833721524,0.08825771095613445,train,False,2178
2,100,e,0.23886564813635353,0.23877718968663725,0.2651684450189951,0.11612790198513664,0.11610797159210962,0.27057989510113956,train,False,2178
3,400,c,0.08632584520092555,0.08638076912041663,0.10093865114079734,0.0734118004421972,0.07338773194579268,0.5835420363715018,train,False,2178
4,400,d,0.007193376606359571,0.010174668324384652,0.0075581784905079,0.006248141921409029,0.00518963578141106,0.007102477958885238,train,False,2178
5,400,e,0.18254153320630098,0.1825219640924901,0.26634310832251196,0.17828621713641116,0.17828006719090983,0.2785221458889082,train,False,2178
0,100,c,0.07871830984222228,0.07862249190291655,0.07032866105584781,-0.0312445798924626,-0.031230408828701997,1.2924995504011019,train,False,2179
1,100,d,0.005450917229251859,0.005201575611385503,0.0034036207836729724,0.0038801270845414317,0.004070914366065672,0.021115606179198707,train,False,2179
2,100,e,0.24923561599230637,0.2717797390954686,0.3299135331274617,0.0655623027493861,0.07648112892307882,0.43467191010128403,train,False,2179
3,400,c,0.06695205612089969,0.10215923488225913,0.09781325890373095,0.13585482963494927,0.11499729344506392,1.2049946068192292,train,False,2179
4,400,d,0.00545469922887589,0.005482186291494598,0.005423188262999019,0.0031204482770780828,0.003117196165866325,0.07705358492730183,train,False,2179
5,400,e,0.1747779314381684,0.1750261352136814,0.27690524552898266,0.17659016560339957,0.17666181679115028,0.30886201633406174,train,False,2179
0,100,c,0.07450099897848013,0.07451027145002413,0.10681506899649851,-0.17409307683027664,-0.17409671698011417,0.41261037948631524,train,False,2180
1,100,d,0.0033660942704895535,0.0033661333102879844,0.004411742376798349,-0.022818858630684585,-0.02281924426491944,0.024302239064671233,train,False,2180
2,100,e,0.11670864322446325,0.11672288062644214,0.1797032356974329,0.04886837019649228,0.04886194436276313,0.3005867850256417,train,False,2180
3,400,c,0.06387790148717631,0.06387370081149707,0.09063704580195985,0.09551053349458627,0.09546244949863791,0.40904642167991334,train,False,2180
4,400,d,0.00565588487717179,0.006135361126573132,0.008371710088790073,-0.008520687336778892,-0.008980018120147122,0.00865281805672966,train,False,2180
5,400,e,0.17222969362721843,0.17222510393223928,0.24219693966282174,0.1576137267542276,0.15760989915753615,0.33257859379747445,train,False,2180
0,100,c,0.07101476378676064,0.0710238472611951,0.05805923189598587,0.08994654779917526,0.08993600864412798,0.6319496170262597,train,False,2181
1,100,d,0.08598491826831768,0.08600562735997011,0.029921420295150034,0.021633891706938576,0.021628036096854545,0.11395385812086081,train,False,2181
2,100,e,0.2666978636171891,0.266880924005599,0.2361925649413594,0.14611334939369577,0.14610366143241124,0.2838958582939128,train,False,2181
3,400,c,0.055376369648329045,0.055375434706637756,0.07500178413468701,0.04465323455544855,0.04465608243402194,0.627899746373592,train,False,2181
4,400,d,0.005681746701283239,0.005681814630880888,0.006248144410033418,-0.010406011017852724,-0.010406385607225435,-0.00014221927644980425,train,False,2181
5,400,e,0.17190095272952188,0.1717470801208801,0.25486414546221825,0.15453035520370087,0.15454328849649876,0.32627752751485967,train,False,2181
0,100,c,0.0774086299653007,0.07739902070083074,0.07393384156449971,0.08111932802869916,0.08112998258652368,0.46620484396654194,train,False,2182
1,100,d,0.005873052852680385,0.005873102798226975,0.0068322881524761235,-0.023013785238808638,-0.02301435350885383,0.009011122875134933,train,False,2182
2,100,e,0.1417908319375934,0.13606893368976106,0.23992438443678715,0.1265099396589318,0.1344044896507695,0.30806591692745683,train,False,2182
3,400,c,0.06457091977846946,0.06464254107900533,0.0885670241751234,0.08330369134262021,0.08327843963641157,0.5971148047573674,train,False,2182
4,400,d,0.00882530473700075,0.008832315852289808,0.006644030502355824,0.013401482611790706,0.013399440372512377,0.02059586063783307,train,False,2182
5,400,e,0.17175648798329465,0.1741946134057967,0.26229774298070413,0.168793329504244,0.16915256540115756,0.3062752851387249,train,False,2182
0,100,c,0.11471413485313374,0.11460851736856123,0.11754992965365618,0.02111362181490179,0.02109971864082766,0.8190412180223359,train,False,2183
1,100,d,0.003846369376829383,0.003846386951380035,0.003965799299837355,-0.016850803164820044,-0.016851318601504205,0.0042803993992978915,train,False,2183
2,100,e,0.18417804956725786,0.1841807383070228,0.30989101641310984,0.13303551597000335,0.1330322368484928,0.3441267486060066,train,False,2183
3,400,c,0.0690474202903235,0.06905070995994961,0.09265796418410942,0.09872798144483874,0.09871698414761255,0.3969616492268759,train,False,2183
4,400,d,0.00625871259870031,0.0062750938917793065,0.006920700585266059,0.006598340532180629,0.006595638460260531,0.02309548251630895,train,False,2183
5,400,e,0.19161304015372166,0.19509375352507397,0.2677234202196034,0.1838150728768774,0.18869481223023954,0.4259061263324159,train,False,2183
0,100,c,0.09739810797323276,0.09739753602362042,0.12404277928419455,0.001856950772409789,0.0018392035652551896,0.6140500059429909,train,False,2184
1,100,d,0.0063126305222633875,0.006313119119993537,0.005063979230086937,0.015247667666139471,0.015247122141740732,0.018888152164702455,train,False,2184
2,100,e,0.18476370624213906,0.18476723146174195,0.22267930936593378,0.13406030427224422,0.13405333290323967,0.4044406051678117,train,False,2184
3,400,c,0.09270099727905474,0.09273900546959117,0.10494119394591327,0.08845865652792632,0.08841613518020829,0.8732575880720305,train,False,2184
4,400,d,0.005352115690337104,0.005352135093712019,0.005942485650671026,-0.0027808002128780806,-0.0027810279427572305,0.02839441893351685,train,False,2184
5,400,e,0.19091921125817327,0.1909161500683498,0.2516700197218116,0.13782537609352136,0.13782158959937393,0.3334383934842898,train,False,2184
0,100,c,0.06175727310399374,0.06172892157364859,0.1073732985782504,-0.01517687344873039,-0.015190251276502096,0.1780107837955857,train,False,2185
1,100,d,0.00797499152851393,0.007974847460711922,0.009543950405387224,0.0018867779756053693,0.0018868537596650192,0.13698034115879035,train,False,2185
2,100,e,0.14758715839805675,0.1475861182050228,0.18506830588725848,0.11567122630972168,0.11566709098377441,0.34014242267101724,train,False,2185
3,400,c,0.06751485803790383,0.06766188502623968,0.06561041937339734,0.044932290120383696,0.04488610916678134,0.7912977317849688,train,False,2185
4,400,d,0.0058235480968078825,0.005823335942328878,0.0059458142738007735,0.013625635333386335,0.013625908134984464,0.13694304950617434,train,False,2185
5,400,e,0.16567212211829763,0.16566276675518413,0.26294956576684353,0.16760825847637278,0.16760145031957457,0.30190669932190645,train,False,2185
0,100,c,0.2005582221356722,0.20060056332366422,0.10334450450476101,0.011840514781159115,0.011827157035731234,1.0870888048040768,train,False,2186
1,100,d,0.006541061316915005,0.006539846820206788,0.006164358203733075,0.00988490553508127,0.009885568324632832,0.0886507722381749,train,False,2186
2,100,e,0.20707260564748384,0.20707232796507483,0.2656161147880994,0.118781183028917,0.118767063492431,0.30577251823242063,train,False,2186
3,400,c,0.06376220712841571,0.06374721767291569,0.06212133296722118,0.04877147679308564,0.04876999725850354,0.7605182013334156,train,False,2186
4,400,d,0.00938994143877932,0.00939474150177696,0.004992966122232327,0.011862970650545748,0.011861307582441185,0.03406946089073186,train,False,2186
5,400,e,0.15771392100076378,0.15771112058874354,0.21402090962092,0.1461199954010617,0.14611113425523756,0.33213717909980445,train,False,2186
0,100,c,0.07034858681314114,0.07011005929475835,0.12360879663680224,-0.09806039429159726,-0.0980452435950901,0.6128987603915502,train,False,2187
1,100,d,0.004863625345212456,0.004863914265123464,0.0071638726627400425,-0.0013354221168817837,-0.0013356596628833906,0.03741595699007274,train,False,2187
2,100,e,0.27498250455612233,0.273945042066435,0.29104299758956836,0.09732411154949971,0.09726633808029654,0.22283441321204733,train,False,2187
3,400,c,0.05650723607597431,0.0565078513166323,0.08636368934519703,0.05379281323597198,0.05378995070784114,0.5463017732187739,train,False,2187
4,400,d,0.012664160757331485,0.01267325784678623,0.007499951617153732,-0.006271745672993898,-0.006273474731244146,0.0021004695110167404,train,False,2187
5,400,e,0.20459076042432844,0.20465070979408828,0.3014940340081034,0.14698618249301007,0.14696995981346192,0.28425193455202963,train,False,2187
0,100,c,0.06496370001663132,0.06497008840244814,0.08925743710726955,0.04413774870007757,0.04413199478137336,0.75149518425575,train,False,2188
1,100,d,0.003117937244162778,0.0031180498115826764,0.003021326034990582,-0.0019419263459409919,-0.0019419279931643274,0.032578837092981934,train,False,2188
2,100,e,0.1390596566641885,0.13855227611939452,0.20664293896353794,0.13139491739224163,0.13137060454187827,0.29708355225492256,train,False,2188
3,400,c,0.07333241122437421,0.07343738273556012,0.0929036105345499,0.09327840476676201,0.0932358955200904,1.14767581525388,train,False,2188
4,400,d,0.00486843406920773,0.004889417372924693,0.005404150833736599,0.0045777595267102456,0.004571179773548551,0.011513567693417546,train,False,2188
5,400,e,0.20459493223099695,0.20458896472341084,0.2991602649000235,0.15417989095845666,0.15418327099503312,0.34987516871865,train,False,2188
0,100,c,0.058866595163018544,0.058856786876959076,0.06924565744509721,0.013825795882502519,0.01381425249533237,1.0139444545369707,train,False,2189
1,100,d,0.04969369639908588,0.04959873516708889,0.034110119753087594,-0.007528538875707582,-0.007531534957604382,0.08001708457801043,train,False,2189
2,100,e,0.2806059828826182,0.28057466664484965,0.2237114770030502,0.024206651016242413,0.024201939989389167,0.38710184135736,train,False,2189
3,400,c,0.063369721146464,0.07814088259326457,0.07825084696567804,0.07379387215468533,0.07150714229956769,0.9607536408294612,train,False,2189
4,400,d,0.009987286254447834,0.009990729973326375,0.008047721929639186,0.0062833798116949426,0.006282550466690556,0.08090597102810808,train,False,2189
5,400,e,0.1912860898537013,0.19149668304439577,0.2173467487046576,0.1674062738766836,0.16740893838851215,0.3338841313854381,train,False,2189
0,100,c,0.07533218736499359,0.07530500944759672,0.08098123975288321,-0.000677133716073115,-0.0006996700631868436,0.7727091986038177,train,False,2190
1,100,d,0.010352943121986096,0.010353030521674108,0.010860544317985603,-0.022518396902350163,-0.022519003035942228,0.044829748163518236,train,False,2190
2,100,e,0.19498957194380684,0.19891253371806783,0.3560756564997029,0.1707930863033136,0.17157813467388372,0.3174709680661085,train,False,2190
3,400,c,0.054420306315917336,0.05441967339752023,0.08415340297620512,0.04411683820696858,0.04411151299528363,0.3574915510617647,train,False,2190
4,400,d,0.006147324210182308,0.006147454111554413,0.006346848453496404,0.014295161652010897,0.014294823236906229,0.016932018450911385,train,False,2190
5,400,e,0.19818930620126185,0.1983495672832155,0.33785158603541615,0.15725604336499438,0.15724984365798286,0.3286974895343239,train,False,2190
0,100,c,0.09104283443853607,0.09104095650610486,0.09986123708901407,0.07012580157422087,0.07011903392951667,0.7153253657848431,train,False,2191
1,100,d,0.008337723174411707,0.008338353364415184,0.00842720153410375,0.012070765452829556,0.012070045812073556,0.14925054477625163,train,False,2191
2,100,e,0.22840359110689884,0.22840823515214642,0.28949219272861076,0.16461556763689753,0.16460533862542545,0.3581145623225011,train,False,2191
3,400,c,0.08240074413527845,0.07803519072870718,0.1030859153699672,0.04315320773204377,0.04245082017784427,0.652415170137165,train,False,2191
4,400,d,0.00514863450938406,0.005159818706534924,0.005317163454290929,0.011114194176724138,0.011109400006549102,0.03701890866077195,train,False,2191
5,400,e,0.1892815915122521,0.18951361575116984,0.2927214353470992,0.17379374837275227,0.1738097326294844,0.34121877669528183,train,False,2191
0,100,c,0.055904216223403955,0.055894674471109775,0.09585734847160828,-0.011901023712909407,-0.011905609946828264,0.30092469567136776,train,False,2192
1,100,d,0.01740272508673636,0.017445329338246388,0.009690909025212564,0.012372435413579198,0.012369378173859715,0.0576908395847224,train,False,2192
2,100,e,0.19557054200720966,0.19556222194111744,0.3252173329459127,0.1736127291802545,0.1736108610305081,0.275378225784211,train,False,2192
3,400,c,0.06090278688017423,0.06090832724029372,0.0760638041441539,0.06284733845644247,0.06284465129299796,0.6197721601120052,train,False,2192
4,400,d,0.006726571506333479,0.006726641795775463,0.006793362398266267,0.0007059085536270259,0.000705758505435945,0.10271871242527698,train,False,2192
5,400,e,0.1934808011682004,0.19352783481082209,0.28978683063342836,0.16547743961543762,0.16546298629108985,0.321930117782437,train,False,2192
0,100,c,0.05077777673639027,0.050789260316868166,0.06860686833802898,0.026406634957968578,0.02639483633770986,0.2675077195033613,train,False,2193
1,100,d,0.012117556698869625,0.012123891912592681,0.004446162570069229,0.022056571884001244,0.022056215110676406,0.11280283243031582,train,False,2193
2,100,e,0.21157515692104947,0.2115578494481461,0.33011159936952905,0.12003015059312766,0.12003256821026398,0.32921206140188675,train,False,2193
3,400,c,0.05455682928969094,0.054518484905033485,0.06916099194215806,-0.01942575111865999,-0.01949332575327375,0.44219353664589384,train,False,2193
4,400,d,0.00795647195207505,0.007960071370049043,0.006165406089874069,0.002247163562590213,0.002246010074249316,0.054730334400103935,train,False,2193
5,400,e,0.17941886658194633,0.18239253801365973,0.2393268322183215,0.14643022650395185,0.1437742564955892,0.3526104595729464,train,False,2193
0,100,c,0.12106239076044434,0.12107228727437352,0.0940671214953231,-0.0016064598949495947,-0.0016122884000776595,0.7746132146575738,train,False,2194
1,100,d,0.004320380323636108,0.005865147984052852,0.00976930101461577,-0.0036247397319811017,-0.0041090551842721725,0.019706446193216626,train,False,2194
2,100,e,0.16389050641522215,0.1696739432892103,0.2939376219294204,0.14177243469413298,0.14503373247500329,0.36965663186670966,train,False,2194
3,400,c,0.06145613245390298,0.06146698560242455,0.0721498677073002,0.04081432204983017,0.04079835605008959,0.8440720348939845,train,False,2194
4,400,d,0.00440467200324042,0.004520581942158439,0.005130764951439424,-0.013256128829164134,-0.013438825798845127,0.019724601487863005,train,False,2194
5,400,e,0.19419340170879948,0.1967060906352674,0.2904917889622015,0.15852432795478735,0.15871175339889426,0.32530482934183147,train,False,2194
0,100,c,0.1033852210431083,0.10333106179473876,0.09055074991789856,0.07761203570710463,0.07760672747979591,0.6463544332526083,train,False,2195
1,100,d,0.009479614534702703,0.00947987219273562,0.013747873901242236,-0.003034881752596199,-0.003035078726859002,0.09499597774012859,train,False,2195
2,100,e,0.18318628696857492,0.1855292058249326,0.2255827228402564,0.1570859874845065,0.15812683169978062,0.27971294211850145,train,False,2195
3,400,c,0.07560238652978,0.07562256308741544,0.0998942545916588,0.023650508306567418,0.023642852112415937,0.5937082765090702,train,False,2195
4,400,d,0.0048991381262486824,0.0048993913330059495,0.006459121525559223,0.006782634730877373,0.006782415215649582,0.07443352526988542,train,False,2195
5,400,e,0.17118447026772857,0.16984780602644128,0.25181629494553304,0.13684826968996577,0.13661770007776444,0.34119828527013835,train,False,2195
0,100,c,0.08879133617842698,0.08754161653024639,0.06876659588254727,0.05400799665657829,0.05398503897386306,0.29992931316608035,train,False,2196
1,100,d,0.005722666169635725,0.005722598692137439,0.004406315554615682,-0.003128369479427473,-0.0031284170346280327,0.07649942238381215,train,False,2196
2,100,e,0.2903582675605748,0.2903715868875931,0.3090848625866435,0.006590777704482349,0.006580322414523679,0.25884975592435056,train,False,2196
3,400,c,0.057025021315255886,0.05701823866021387,0.08868300805453919,-0.0018503299133652718,-0.0018535447659597537,0.6362911246795077,train,False,2196
4,400,d,0.004049707071002206,0.004049732399007601,0.0036941925436256855,-0.01576044033119441,-0.015760698539488603,0.04304746631327497,train,False,2196
5,400,e,0.17681620672912374,0.17680829038181994,0.2853308949086723,0.16833866212480836,0.16833760654161545,0.34512838005179863,train,False,2196
0,100,c,0.07349961065332203,0.07349262842005777,0.06183309316808166,0.00837997214844215,0.008370382622180586,0.565641782357632,train,False,2197
1,100,d,0.05875232859197212,0.058786772099592384,0.030444510583239288,-0.0019822764663877733,-0.0019857901200364837,0.12211037480438634,train,False,2197
2,100,e,0.187708530469311,0.18768662123436328,0.23149708556110135,0.13994721447848035,0.13994561166180347,0.36249189417668504,train,False,2197
3,400,c,0.0618263058025908,0.06000994324089961,0.0685582000895203,0.056576025221140615,0.057466112468003774,0.6489634653999498,train,False,2197
4,400,d,0.013944195434696488,0.013957051991066885,0.011386676463930061,0.024331064194814456,0.02432904612154939,0.09549481459049812,train,False,2197
5,400,e,0.20692750764527662,0.20701579491526179,0.2811452957233694,0.15728429151991336,0.15727358931077973,0.31728271834685906,train,False,2197
0,100,c,0.07836094895379059,0.07836130199817243,0.09919184098085082,0.10340220943030566,0.10338405322531592,0.6134525093816889,train,False,2198
1,100,d,0.011980083741079672,0.011980452021680608,0.007811927991889007,-0.002064733887550929,-0.002065134704652287,0.13925419624828606,train,False,2198
2,100,e,0.18081482128846604,0.18092150299087673,0.23070204767898086,0.13018508518587596,0.13017669891913605,0.42981052478825255,train,False,2198
3,400,c,0.054834544261743855,0.05483341964747777,0.08027098623111051,0.017344341848918463,0.017341699178470834,0.5044606417458651,train,False,2198
4,400,d,0.005392938935912957,0.005392967540357917,0.00540186916114327,-0.01810422285850114,-0.018104436390323057,0.022636240704094295,train,False,2198
5,400,e,0.159433698537676,0.15944062292429628,0.2621623018376603,0.16963251206778482,0.16962811696104296,0.32254914648379257,train,False,2198
0,100,c,0.05398588455920155,0.053990362412463126,0.08349240509433747,0.060086003821443155,0.060080805728320856,0.7836113239208631,train,False,2199
1,100,d,0.00765431565045362,0.007660375120263897,0.0077421892276653735,-0.0013439647723457605,-0.0013450727994960587,0.008768235916090798,train,False,2199
2,100,e,0.24989380197476543,0.24941716661153648,0.3347679600624838,0.10643637562748293,0.1064298965844579,0.41995335451981575,train,False,2199
3,400,c,0.062212589239013606,0.06220537038572911,0.08795662678679854,-0.028103652927337068,-0.028106400084404015,0.23201408076552568,train,False,2199
4,400,d,0.006742944657529345,0.006743167992845118,0.006710209580059278,0.009452225798753702,0.009452002574784757,0.13889780465172305,train,False,2199
5,400,e,0.19837957876348677,0.19945658190488974,0.23538152176859253,0.1336986176962562,0.1324253339224518,0.34475596985618645,train,False,2199
