,n,experiment,MSE_misspec,MSE_NPMLEinit,MSE_NPMLE,SURE_misspec,SURE_NPMLEinit,SURE_NPMLE,data,NPMLE_lower_SURE,seed
0,100,c,0.06560918824491391,0.08866294877378333,0.09317682476546212,-0.02080779581528347,-0.04212121463289833,0.5341925107769347,train,False,1200
1,100,d,0.018291791369560922,0.018276789352462346,0.010696184576195816,-0.008396771420994433,-0.008398504360602832,-0.0022885071125831225,train,False,1200
2,100,e,0.20006855391922757,0.20005667682230524,0.4266180158676042,0.15882566778872928,0.15882731962374108,0.2890955580179423,train,False,1200
3,400,c,0.0528185636698876,0.052813783700233874,0.08825525513103298,0.00932424359928767,0.009315796920089454,0.4725207373336319,train,False,1200
4,400,d,0.0038828670603853433,0.0038830080718068906,0.003820105688221591,-0.014295265910598563,-0.014295542304869359,-0.008594116246464391,train,False,1200
5,400,e,0.18707569199511925,0.18644129140375923,0.27404644649084653,0.15085458687080255,0.1508133637834257,0.3494603454230349,train,False,1200
0,100,c,0.07391078520093532,0.07378423982941046,0.055299202575292486,0.07266367277598576,0.07265431607362445,0.550488969340528,train,False,1201
1,100,d,0.0065637058060312205,0.007896081670772673,0.006406467344263069,-0.008316283703547533,-0.009181438280708321,0.0202751328842672,train,False,1201
2,100,e,0.15874465581280198,0.15874423604093443,0.29028198527515764,0.13085017121326775,0.13084551679276354,0.9360297713750606,train,False,1201
3,400,c,0.05317272347980428,0.05317776576437872,0.09741422491339008,-0.013801787545216727,-0.013805834135696316,0.567751860107803,train,False,1201
4,400,d,0.018076947740485502,0.008868402361622394,0.010252250741151284,0.0014888657079591815,0.0033854553990261137,0.035408983546535586,train,False,1201
5,400,e,0.16518989515602972,0.19494154915951128,0.26292904293763386,0.157058158334878,0.1509588540416302,0.5765272250378753,train,False,1201
0,100,c,0.058903136984550165,0.05889001633524846,0.09373869666019292,0.09501420552870186,0.09500812364888163,0.30663846277148393,train,False,1202
1,100,d,0.008700082872912745,0.008701249940024773,0.00738325641837712,-0.014814560444389837,-0.014816298483050083,0.06155938464755014,train,False,1202
2,100,e,0.177870641915106,0.17787745975036653,0.21238023720269922,0.13067571411817497,0.13067132186772726,0.33070095474554195,train,False,1202
3,400,c,0.05473795512170485,0.05477613253564562,0.07543671866944002,0.00682650431982438,0.006770693184798802,0.5364029633956904,train,False,1202
4,400,d,0.006870404386207379,0.01296403633154053,0.007092800312280209,0.023511573859754675,0.020999043518518726,0.1881179809306551,train,False,1202
5,400,e,0.16613799940683946,0.16614301506161813,0.27004757690223646,0.16988259433454242,0.16987498679036034,0.31950980298765197,train,False,1202
0,100,c,0.2049015292518811,0.20501259060203111,0.13436339204624037,0.05636387264027775,0.05632594890865598,1.228313600921969,train,False,1203
1,100,d,0.003940504814809852,0.003934372215439879,0.006045690502063497,-0.004096620484183191,-0.004103105722100189,0.07344077174759583,train,False,1203
2,100,e,0.16992383283145368,0.17642422365785812,0.2883758703276004,0.1453376596327593,0.1462271125662306,0.312555371624735,train,False,1203
3,400,c,0.05327087476703886,0.05327268112979319,0.0850942605199025,0.010153377386948676,0.010157749441738702,0.6214204275471432,train,False,1203
4,400,d,0.003769232544587062,0.0037693810575523973,0.0041836181784375955,-0.004093509633348269,-0.004093671067438187,0.008327647435896247,train,False,1203
5,400,e,0.16275672423542958,0.16274066543860854,0.24737581900563962,0.16997345544719314,0.16996840997080465,0.29641489485011957,train,False,1203
0,100,c,0.11233384787039385,0.11231727876773855,0.10543847080926241,0.08353797813024165,0.08353459786447295,0.3784850684467267,train,False,1204
1,100,d,0.006328509855989988,0.006328890257772068,0.006818956512110319,-0.005066304582344703,-0.005066509458432265,0.01292652260200633,train,False,1204
2,100,e,0.28797030710751864,0.28798938773401417,0.3899221517879266,0.1554424175943442,0.155444385845692,0.27604799805394575,train,False,1204
3,400,c,0.055646228446378856,0.05573081124750325,0.07253064217314764,0.011895536080787963,0.011791916294440697,0.9491818896960612,train,False,1204
4,400,d,0.004914154352433099,0.004914293852073525,0.005442768539614089,0.014269303866462338,0.014269030494329408,0.02086231726674587,train,False,1204
5,400,e,0.18869312929873827,0.1886131460294425,0.2752266891903314,0.14677295457675604,0.14676198971425108,0.3493521649382935,train,False,1204
0,100,c,0.06985283433648413,0.0698626367728187,0.08542722687995044,-0.10999096958104446,-0.11001400254321332,0.5736676511030435,train,False,1205
1,100,d,0.009949036982652095,0.00995052633783728,0.004976174781502719,0.014094425402908542,0.014093760944544514,0.041294507883595115,train,False,1205
2,100,e,0.2028492304756662,0.20286702377785787,0.27267136980069334,0.05969633102666421,0.05968691221990394,0.42929379822865565,train,False,1205
3,400,c,0.13636340169753225,0.13605348571829487,0.08478918026466686,0.09640638164897787,0.09633967591517369,0.5929523132566463,train,False,1205
4,400,d,0.005712221408848971,0.005724508283215052,0.00643643725126743,0.0002015072843019361,0.00018740063569619992,0.021277255989722726,train,False,1205
5,400,e,0.21132526282823988,0.21133190808176977,0.2782919711920006,0.13310629861845974,0.13310028289440048,0.3214469331258002,train,False,1205
0,100,c,0.06832618756920943,0.0683220051786814,0.07830840082573068,0.09610416634858168,0.09609600906080018,0.6809809123885124,train,False,1206
1,100,d,0.008583823873082897,0.008839572839758593,0.01128283804674326,-0.009077183994323477,-0.00960497851037502,0.043271717137950215,train,False,1206
2,100,e,0.15616991747212344,0.156166278149006,0.23886605881138273,0.1565781219425673,0.15657430965750627,0.2644288187170972,train,False,1206
3,400,c,0.07239558908625261,0.07236250269387019,0.08498228371141925,0.03632265617874658,0.03633618435284227,0.5000690453824014,train,False,1206
4,400,d,0.006767039337492153,0.006767051825066643,0.008657391370644077,-0.0022988813634055917,-0.0022988537138163424,0.05335085902618573,train,False,1206
5,400,e,0.19699119748039284,0.19701725616965354,0.2589313013591927,0.1498070744686885,0.1497933156709103,0.30033058618489344,train,False,1206
0,100,c,0.06799197584177999,0.0679970819609308,0.06663323510606319,-0.04942208859278871,-0.049429765441064435,0.4704698070326783,train,False,1207
1,100,d,0.005994534142382391,0.00599452453138814,0.0060372044577454795,6.834269193660703e-05,6.827393919904167e-05,0.09997918696423012,train,False,1207
2,100,e,0.2452205494231337,0.24518636088117976,0.3327215183054011,0.14270713842005925,0.14269863993384432,0.33409169859834265,train,False,1207
3,400,c,0.05741163794477164,0.0574095007849767,0.06855488831764305,0.024580127137739185,0.024540558992652138,0.7485444072707113,train,False,1207
4,400,d,0.008458631842582758,0.008445644502493337,0.007323375867988554,-0.0001621797512794565,-0.00016354651035133116,0.0617246497135503,train,False,1207
5,400,e,0.20029456219971048,0.20030397267030378,0.2896110404169971,0.16440842716671342,0.16439845008508044,0.3155230610074019,train,False,1207
0,100,c,0.25246291486772177,0.2526848471090958,0.25245800022453074,0.08707390430221246,0.0870458656288114,0.9909014966035319,train,False,1208
1,100,d,0.011695877799706272,0.011695839176722162,0.00874727989771611,-0.008478545536835594,-0.00847835529405609,0.20463617717754254,train,False,1208
2,100,e,0.1812770939586534,0.18438224487033064,0.3126237215281663,0.12440063539668397,0.12446752080701924,0.30564211735764985,train,False,1208
3,400,c,0.0789740576999793,0.0789843301252131,0.10592202350033535,0.06192086442254791,0.061916126078542674,0.6368770117731379,train,False,1208
4,400,d,0.0075112670078286755,0.0075107354192575585,0.009561736774255437,0.005143482970273148,0.005143487481874374,0.07182992842108103,train,False,1208
5,400,e,0.18716548071534625,0.18697543337596859,0.32291770652086255,0.1651830000685637,0.16518126895465507,0.3009558459979806,train,False,1208
0,100,c,0.059046189203654745,0.10151271991974781,0.08472936982966878,0.12646824367512935,0.11490642773265833,0.5987390683685767,train,False,1209
1,100,d,0.02029345454952697,0.0202974804957089,0.004472599753904435,0.00938629534512991,0.009384513311474905,0.11638371719490583,train,False,1209
2,100,e,0.22826055375507864,0.22810848254658914,0.20228718093060238,0.0938621502493503,0.0938276853963264,0.305941645818925,train,False,1209
3,400,c,0.06325673688825907,0.06278745563437624,0.08461751995153839,0.012354087655619992,0.01234098539068249,0.4145914800473641,train,False,1209
4,400,d,0.004323045774636047,0.004323296365536171,0.006232390424544816,0.004050712379630053,0.004050208331728324,0.0673330871686555,train,False,1209
5,400,e,0.18923987830055145,0.189240273580184,0.29587353729147026,0.15763617673334984,0.15762657020881363,0.30472881054070905,train,False,1209
0,100,c,0.06525289159276972,0.06523762038293932,0.08315879222609078,0.03890112042170998,0.03889168436824868,0.7568261887207988,train,False,1210
1,100,d,0.004273527216572663,0.004273566327367285,0.0043304537923220116,-0.0069306021461374104,-0.0069310664709645664,-0.006050768168939307,train,False,1210
2,100,e,0.20469383745663966,0.2030621770024082,0.26504176463067197,0.11173133667790602,0.11083552706335688,0.33305582155218305,train,False,1210
3,400,c,0.06816396385312552,0.06815658781470492,0.0877187552064716,0.0887696736998008,0.08876439308759175,0.6709941433105704,train,False,1210
4,400,d,0.007837090423572637,0.00785401965991159,0.006785975398855453,0.010750020485203021,0.010749629750735235,0.034586537481115884,train,False,1210
5,400,e,0.1789464393792767,0.17905182627990623,0.278918447004841,0.18365542943977636,0.18385961274321866,0.3246250111905942,train,False,1210
0,100,c,0.08450817127852371,0.08457264708889761,0.10338894624267471,0.1415132876214304,0.14147249723246788,0.507572571086011,train,False,1211
1,100,d,0.03057486240437462,0.030529740583579473,0.019229660478587162,0.008882769333312624,0.008886144568879643,0.08772578410089274,train,False,1211
2,100,e,0.22790034405809614,0.22790271927362732,0.3281593709682889,0.13138929170833236,0.13138352926230673,0.2856877884309805,train,False,1211
3,400,c,0.06071366446521903,0.05949463730042668,0.07933163673514072,0.08300980933127519,0.08314538515017489,0.5121217949920205,train,False,1211
4,400,d,0.006600063241049325,0.006587696815162274,0.006686442203864974,-0.022784556435852768,-0.022825022276981032,0.009341563824225805,train,False,1211
5,400,e,0.1644142824766734,0.1643770499196547,0.2892313479638333,0.17586002683873225,0.17664459634811933,0.3060041342147944,train,False,1211
0,100,c,0.04927856259982093,0.04927748760748532,0.10211322876078359,0.030472687402960334,0.03047030464077416,0.9515428660036487,train,False,1212
1,100,d,0.004172493358383386,0.004172519925737998,0.0041678614961111835,-0.03426660147176236,-0.0342669021205516,0.021923768031560247,train,False,1212
2,100,e,0.19296595951186277,0.192959090001183,0.21547289271584746,0.11007463672847767,0.11006415633894126,0.3319092081496234,train,False,1212
3,400,c,0.0670453733546623,0.06703492788158519,0.09965120533040407,-0.0195196418753428,-0.01953082280505825,0.32551622974277933,train,False,1212
4,400,d,0.0052079071986799695,0.0052079447207717625,0.005602218291809925,-0.006320386710855726,-0.006320551763096827,0.055990755439672635,train,False,1212
5,400,e,0.1868059420478964,0.18676569329683673,0.26330377018343337,0.14991895559477136,0.14989898164675666,0.2873429811980077,train,False,1212
0,100,c,0.07501265423206377,0.07497760896609561,0.0629966116506081,0.007170049287326563,0.007099448318696631,0.5465100383509296,train,False,1213
1,100,d,0.007009425396169548,0.007009741140374168,0.0025496700460047534,0.010812818423248754,0.010812708171852954,0.08961295802565539,train,False,1213
2,100,e,0.2799497143598847,0.2799407114482232,0.31311623456670246,0.12909215370907012,0.12908246225256562,0.34464691342711945,train,False,1213
3,400,c,0.06755270921984638,0.06754784575941887,0.08585445083446103,0.08539744744898826,0.08539469969314034,0.7773816819095717,train,False,1213
4,400,d,0.00615031169353448,0.0061515335089484665,0.005895862136037551,0.010303342829232722,0.010303241737477773,0.07118259848558826,train,False,1213
5,400,e,0.21246154820817048,0.21606173705212925,0.26654750165913066,0.12240407924028926,0.12327119469521808,0.30765127148196564,train,False,1213
0,100,c,0.05469583504277283,0.05469634564506189,0.06007092952816598,0.04080640345252988,0.04080655131597631,0.6076338587958352,train,False,1214
1,100,d,0.007848917749805869,0.00785407039704923,0.004584470021303765,-0.010935891807458376,-0.010937510718123562,0.0018531442805714172,train,False,1214
2,100,e,0.24791640133516027,0.24728449285819065,0.2583782476898694,0.08018564831691358,0.08018582285845277,0.2739430291774182,train,False,1214
3,400,c,0.05238958480220424,0.052391160914175144,0.08506420842526331,0.03729336070155966,0.03730946229780308,0.6959414298759553,train,False,1214
4,400,d,0.006146488299079882,0.008514881107332594,0.00879292480345968,0.008709143201792564,0.007296541666422414,0.0495851621615352,train,False,1214
5,400,e,0.17357601492378127,0.17358530749944312,0.24983960938982538,0.1739582273567748,0.1739455431778178,0.30573783601245696,train,False,1214
0,100,c,0.15013520062403024,0.14971380001085666,0.06907469828962828,0.12774526804243222,0.12771111058616072,0.9673299166451628,train,False,1215
1,100,d,0.006665871484620734,0.006665997999033112,0.0045215496954771235,-0.010175484068202732,-0.010175694737661231,0.11223514865913838,train,False,1215
2,100,e,0.21382831893283466,0.2075889990042211,0.2617164142069862,0.17914721611548465,0.17794036117108866,0.3191570841830845,train,False,1215
3,400,c,0.09873646087421775,0.09876256456083748,0.11854807022052433,-0.022000252412523763,-0.021999382915463103,0.6841920888222138,train,False,1215
4,400,d,0.007396765316888,0.007402778839397839,0.006455816398036499,0.00432298536286428,0.004320908594259585,0.0193625024257188,train,False,1215
5,400,e,0.18959013195962338,0.18767522030100398,0.2883664969992999,0.16452397292569856,0.1652208788981943,0.31286759682030657,train,False,1215
0,100,c,0.35343129288261904,0.35330756246865547,0.21864917242901105,-0.0901745399221862,-0.09022431618325306,0.5823236840395406,train,False,1216
1,100,d,0.07742897955096455,0.012827034712235284,0.009848685054122754,-0.028832549256664067,0.06016867651988584,0.3667005855788942,train,False,1216
2,100,e,0.1772219464811284,0.17758640277414695,0.2667804795236383,0.12428524923565214,0.12458907813944947,0.3129387472092413,train,False,1216
3,400,c,0.09916933531485934,0.09902745761479771,0.07532442720498067,0.083248116932714,0.08324894264889472,0.6228976633968127,train,False,1216
4,400,d,0.007594113075654814,0.007594336409759051,0.005577311378563883,0.02035325986275929,0.020352788223700458,0.06395135379250025,train,False,1216
5,400,e,0.21806955361121935,0.21806117611868625,0.3310122996855906,0.17872471536690646,0.1787149660680801,0.37843421141324823,train,False,1216
0,100,c,0.052419041684805066,0.05241907678149718,0.05714416942308914,0.097661812771494,0.09765911325900739,0.7592499919596272,train,False,1217
1,100,d,0.014920791775933664,0.014903309157667733,0.007368063637593519,0.004178557279904869,0.004248236285510317,0.1392815129195062,train,False,1217
2,100,e,0.22031128118715226,0.2203009581192413,0.34395993386506585,0.15381586023400382,0.15381324707167934,0.3421016229951324,train,False,1217
3,400,c,0.06281392896802514,0.06597046393098954,0.08891798286828925,0.05576113663703161,0.05451096478664901,0.9904065323289453,train,False,1217
4,400,d,0.005505904970603545,0.005502728717319352,0.004056514160042854,0.011419292090738083,0.011417398544632392,0.013609076588252904,train,False,1217
5,400,e,0.17712258340364287,0.1768597394700757,0.2479910252208899,0.17750331123496862,0.17749121302665827,0.2973313323472204,train,False,1217
0,100,c,0.06745957838544825,0.06743956963799738,0.08470655792598165,-0.04630660311637733,-0.0463472805473716,0.7417966014310281,train,False,1218
1,100,d,0.005791100888763503,0.005791135310761856,0.005594821899972985,-0.006425058458618373,-0.006425193389118995,0.012749873792235623,train,False,1218
2,100,e,0.18392540840271354,0.1841054653995556,0.23366003546504427,0.10941178772053746,0.1094086116552765,0.44259388038054126,train,False,1218
3,400,c,0.06618365150477844,0.06617769737143939,0.08027626206703044,0.10648051051762196,0.10647087052704195,0.9396224776195663,train,False,1218
4,400,d,0.005259542612691952,0.005260089516565085,0.005448928016677174,0.0019931927842966424,0.001987646757776762,0.027772346835129653,train,False,1218
5,400,e,0.18254024298657107,0.18253141989576835,0.2721068507692727,0.15648893129893374,0.15648238567220538,0.31701096793242234,train,False,1218
0,100,c,0.06523592594914263,0.15008195223599471,0.07422688437067097,-0.05209633088557965,-0.09841141763720324,0.6617797806482082,train,False,1219
1,100,d,0.0025708128559542736,0.0025709054069207767,0.00298223570982667,0.0033427563042760155,0.0033425538229828787,0.05295722909241663,train,False,1219
2,100,e,0.1467407322197393,0.14574336555910372,0.19503247370223092,0.0786246576231213,0.07866206505509038,0.5638043852989539,train,False,1219
3,400,c,0.06691476660341916,0.06691694233315884,0.09097410000371156,0.03487100208307212,0.034867659215713546,0.45312608905358703,train,False,1219
4,400,d,0.004549573590496878,0.004486807261640161,0.0035753101955553214,-0.005562689146221587,-0.005598491794312395,0.03951730999071096,train,False,1219
5,400,e,0.17142205763834661,0.1714245165581886,0.24254193473508795,0.13809856462286924,0.13809294066701136,0.37920834896834454,train,False,1219
0,100,c,0.060510224987311345,0.06051643032054464,0.06958632249705503,0.060134201061917594,0.06012424976309497,0.41691325426513565,train,False,1220
1,100,d,0.0035580745689103516,0.0035581433337115525,0.003423693167956146,-0.014778010720434765,-0.014778346873349335,0.07293939661147274,train,False,1220
2,100,e,0.1877069200525975,0.1877023442915563,0.205921264729662,0.13912581752629366,0.13913599481910338,0.326197110816675,train,False,1220
3,400,c,0.06390060789146136,0.06397641324521056,0.10079038376030824,0.04461365015200137,0.04456530407644003,0.4165006885308955,train,False,1220
4,400,d,0.010426183682246137,0.010432161681844543,0.010384216863943342,0.005813781028517475,0.005808575297820582,0.04507993184225043,train,False,1220
5,400,e,0.18270165507846584,0.18259970039560847,0.25153667192057744,0.17132783795460085,0.17130258816093183,0.47226240679148745,train,False,1220
0,100,c,0.10260159363941065,0.10258337873398186,0.17341365087949345,0.054712913125167975,0.05469699118354043,0.9623628412359276,train,False,1221
1,100,d,0.0028257051788694192,0.002825721869815838,0.0029015770068052554,-0.023968350196741605,-0.023968615904613327,1.8290099300415363e-05,train,False,1221
2,100,e,0.23047628206144474,0.23124773915283,0.2553904084274816,0.07005593866908619,0.07006087221720605,0.30407884226465565,train,False,1221
3,400,c,0.05536236982172686,0.05536077574842934,0.07593745482340758,0.024897473357945614,0.02489584458470617,0.5805471234406189,train,False,1221
4,400,d,0.0033834835497773964,0.004402594913870186,0.003416537114595822,0.0019143079858989153,0.0013735714740343496,0.02745231061236721,train,False,1221
5,400,e,0.17796911179895172,0.17796104556616005,0.28946680692856963,0.1573850498181505,0.1573753857893639,0.31001980836994003,train,False,1221
0,100,c,0.07707477739743698,0.07703009550070307,0.07070209047248961,-0.004500449134871829,-0.004510324681136098,0.6657120383615112,train,False,1222
1,100,d,0.008105087549908234,0.008105716882213744,0.007073777102769265,0.021422917815810932,0.02142284834846535,0.06559030989424215,train,False,1222
2,100,e,0.22542755751212273,0.24075086498357376,0.3133590956695751,0.16918389628280786,0.1709693035391905,0.39637323161822324,train,False,1222
3,400,c,0.05960007816807834,0.059622483005820855,0.08241518788872172,0.09424517895354882,0.09421970646894152,0.5350245394275719,train,False,1222
4,400,d,0.006731684670537404,0.0067401170429552855,0.007824921137167018,0.002591548765499763,0.0025843589636863483,0.004453326981106045,train,False,1222
5,400,e,0.1997129840556678,0.1997418198456828,0.3186968959909379,0.1872204506676686,0.1872183524304829,0.3168643100618999,train,False,1222
0,100,c,0.19276040112719148,0.18946398033453146,0.19634102045284288,-0.074518923888714,-0.0753120390230859,1.234108726520011,train,False,1223
1,100,d,0.01515000030005973,0.015151514666825776,0.00673985105390037,0.02828781963490238,0.028287081679527405,0.03805441690139601,train,False,1223
2,100,e,0.22628876648571208,0.22626780923022782,0.32679932536884576,0.0909579447581793,0.09096318047708149,0.29434398375073956,train,False,1223
3,400,c,0.047312392079510296,0.04730030772904187,0.07442733799344266,0.053794156427894035,0.05375073375019369,0.6330437218438388,train,False,1223
4,400,d,0.006760613801287213,0.006755446305166023,0.0055527527823569615,0.012605406367384867,0.012599319297245764,0.0863915739022493,train,False,1223
5,400,e,0.1826299530542114,0.1826643987839837,0.29329014631562983,0.15169522366760635,0.15168950251464158,0.37574658176153863,train,False,1223
0,100,c,0.1398193307826034,0.13982059428784516,0.12138168631408063,0.05964201078985546,0.05962599259216276,0.3572027019793707,train,False,1224
1,100,d,0.006806168913608789,0.006806886387419054,0.004767462216862656,0.0036712246683513073,0.0036712258216541117,0.14323841819012134,train,False,1224
2,100,e,0.21704616055286596,0.21708380402348687,0.29658514860203583,0.18186468780870851,0.181858899128239,0.30840507117348104,train,False,1224
3,400,c,0.09705620518298051,0.08239415541942026,0.08724617808943062,0.08686128916972508,0.08889348658260843,0.8246417304970473,train,False,1224
4,400,d,0.004398664551852877,0.004398801996900874,0.0048680809215753875,-0.008441620456188695,-0.008442103354564186,-0.008396249036108347,train,False,1224
5,400,e,0.18836656171766264,0.18836422947663822,0.31112488237642155,0.16842833255611686,0.16842241498949087,0.29624110586825275,train,False,1224
0,100,c,0.12753614904610217,0.12753737711174634,0.11694083657782911,0.12275046913777445,0.12273477267635884,0.4793696359457115,train,False,1225
1,100,d,0.010949861971633612,0.010950013630796047,0.012773846575620203,-0.025870274247856546,-0.025870618518444993,-0.0008035120592209388,train,False,1225
2,100,e,0.2774407585522749,0.2774014913938129,0.301000817314573,0.1321799526641113,0.13217183974743926,0.2712401185419392,train,False,1225
3,400,c,0.0639208418528655,0.06393899018747978,0.08173492418451511,0.012518364596151629,0.012488963160727593,0.6994458877689144,train,False,1225
4,400,d,0.010015043170123292,0.01315005405940579,0.008835125060333479,0.012885242388713412,0.011175250090395359,0.14555136124632878,train,False,1225
5,400,e,0.18549093427398186,0.18546950936560602,0.2638885184147391,0.148161506491423,0.14814346185938645,0.34615568054962664,train,False,1225
0,100,c,0.28302171148682814,0.2829548988936445,0.2891083721455128,0.07324165179725484,0.07321318806707694,0.9810259259588889,train,False,1226
1,100,d,0.009115012035216126,0.009118017469057514,0.008710312398431024,-0.013157985383390206,-0.01315954528232389,0.018074584097143145,train,False,1226
2,100,e,0.19520325610350509,0.19526302071840143,0.2547657181778124,0.15078766729514498,0.15077727835774482,0.29218348361637864,train,False,1226
3,400,c,0.055438850494735084,0.054584333868739975,0.07864980866656465,0.06132403839379094,0.06120953736109023,0.6511211201536337,train,False,1226
4,400,d,0.006482158513316705,0.009630531762005177,0.008101302200770518,0.018340905224793928,0.01671010559547378,0.035522692687477396,train,False,1226
5,400,e,0.17062906837408,0.17132351010064487,0.2764977142194025,0.17421992666383346,0.17418977975404018,0.3254824568490915,train,False,1226
0,100,c,0.07617385566794722,0.07629195465258935,0.11402707483956392,0.022054601062223185,0.0220197370471859,0.5286930814798637,train,False,1227
1,100,d,0.02152590779671244,0.021548604511718236,0.008410566360394145,0.012428999671379391,0.012425168200258145,0.1083556456663512,train,False,1227
2,100,e,0.17580905244759862,0.1758068800894212,0.24407479250801867,0.1392073459688606,0.13920316430635926,0.2959266728184269,train,False,1227
3,400,c,0.09089411194695368,0.09078272567940072,0.08047109762912211,0.13325800622095402,0.13324148420344797,0.5463635216865383,train,False,1227
4,400,d,0.005749825225459145,0.005749906991508764,0.006900294932925394,-0.021449815349377187,-0.02145023128481185,-0.005741795575018891,train,False,1227
5,400,e,0.17967345845976662,0.1796861981610796,0.21155617063658094,0.1563556587291178,0.15634811815811017,0.31924654405246977,train,False,1227
0,100,c,0.06648692402856181,0.06643855411538009,0.10400705459282883,-0.014142936499572158,-0.014210275676372603,0.2694632468420938,train,False,1228
1,100,d,0.12930015084172564,0.1293237074197581,0.026882355313675287,0.020774994947065153,0.020766572709651463,0.34051455675958386,train,False,1228
2,100,e,0.26418916252713115,0.2641347777508077,0.3122539670919033,0.08880063988409724,0.08879199456616071,0.43999652671313455,train,False,1228
3,400,c,0.05473924964241005,0.054740394107413444,0.08335406895175794,0.05250058581200655,0.0524963860261812,0.7276644178056189,train,False,1228
4,400,d,0.00503267730478974,0.009946824487414017,0.0068883054780044875,-0.0009113926639970416,-0.004622662526707711,0.0760568149616755,train,False,1228
5,400,e,0.17489761352319505,0.1749317935423154,0.22427872043580843,0.16835670751100815,0.168344473063123,0.2977518817691302,train,False,1228
0,100,c,0.05041045514631594,0.05045129210846813,0.0850599751502681,0.00021358387542491641,0.00022200565544778784,0.4951450780008792,train,False,1229
1,100,d,0.007612699370747085,0.007610633097376863,0.005998718588529017,0.00876866407855184,0.008767257221824832,0.02273820763423405,train,False,1229
2,100,e,0.20389382972920583,0.20391446811726938,0.3155489391599643,0.17877168245786237,0.17876427421704655,0.3127482775851499,train,False,1229
3,400,c,0.050450438408343554,0.051792568548567786,0.07734490247611958,0.025667035149070615,0.02510787391581161,0.6433650419665125,train,False,1229
4,400,d,0.006825619858443138,0.006825546706943767,0.00772343361586909,-0.0013494857311764897,-0.0013496124900250273,0.024408736068578882,train,False,1229
5,400,e,0.18791520087390043,0.18791432582040868,0.2878685414647164,0.16827224489545123,0.16826062817003454,0.5031795531070974,train,False,1229
0,100,c,0.0704624353301697,0.06901487915361657,0.09259543566668922,0.0306378561937742,0.030387792326950134,0.41864261480532755,train,False,1230
1,100,d,0.007186418770471997,0.007186072074570547,0.009828997008617434,-0.004108280189070897,-0.00410901406514359,0.041184441640367754,train,False,1230
2,100,e,0.24477588969773087,0.2447737202702385,0.34925540083247947,0.12825574053763614,0.12824942889941598,0.3271145336309621,train,False,1230
3,400,c,0.07406685791536542,0.07409210045686043,0.09569236774348538,0.10994679133771441,0.10992503132266081,0.7415456269557384,train,False,1230
4,400,d,0.008186033048432817,0.008187878902504902,0.007730783345951829,0.0075875747498131045,0.007587609657042371,0.08526630433641719,train,False,1230
5,400,e,0.2060952184606903,0.20579043024820873,0.28238975690023316,0.14098344006613622,0.14096216449254625,0.34368166303731,train,False,1230
0,100,c,0.05849936357357397,0.0585007569137003,0.08529852210481836,0.08494303678231653,0.08494482112954913,0.7155111559391715,train,False,1231
1,100,d,0.008779374225924315,0.008779354242938166,0.009255154642178479,-0.02798810593417384,-0.027988448781485077,0.0029982782368750804,train,False,1231
2,100,e,0.1783861461815887,0.1783506063376526,0.20254449295180998,0.08618764453891764,0.08617382845241381,0.33228420162666544,train,False,1231
3,400,c,0.0683305823039422,0.07500150656558181,0.10622079569105403,0.07246303849280068,0.07148052455181785,0.7077513879881387,train,False,1231
4,400,d,0.006215702535693102,0.006215607962735543,0.007234133015285606,0.008187715846539465,0.008187507991943016,0.04838652804756204,train,False,1231
5,400,e,0.20405406191607084,0.20406053509562663,0.2969622101344762,0.1556090738645211,0.15560214886591195,0.324064073577985,train,False,1231
0,100,c,0.0565433856151186,0.05653248464583664,0.09218235361162691,-3.957737032592945e-05,-5.8916741273193906e-05,0.3451557785050505,train,False,1232
1,100,d,0.015456363437382097,0.015456481153594024,0.0058838603246542534,0.0142169528422321,0.014216751788260087,0.1540573109925577,train,False,1232
2,100,e,0.2272159187332244,0.2272333625885032,0.3140414880537507,0.10951281047190235,0.10951075718976888,0.4102969706497506,train,False,1232
3,400,c,0.055719219086805924,0.05575343076378147,0.07356305452371414,0.006333308886210745,0.0063427030804152195,0.6518268202921825,train,False,1232
4,400,d,0.011247010693747204,0.011264764806962684,0.00968140079233229,0.02602622475298533,0.02601838592162359,0.059011719134960235,train,False,1232
5,400,e,0.21999784668598832,0.22001130817439832,0.31550410105731425,0.15702479739044253,0.1570116355074362,0.4179047423057993,train,False,1232
0,100,c,0.11341888392625041,0.11333477301622272,0.07896845363799675,-0.04420636590034974,-0.04419596962203528,0.6530394511750728,train,False,1233
1,100,d,0.006503549285457624,0.006503989448282347,0.005844648886336476,-0.0006273233207915574,-0.0006277923980938028,0.005196168737017111,train,False,1233
2,100,e,0.15252943612130135,0.15253010668150516,0.20245040584490892,0.11874479129058063,0.11873522874692466,0.3552728940143692,train,False,1233
3,400,c,0.07452304406465603,0.07454623321462227,0.0793905782421849,0.09867767532168131,0.09865392384981818,1.1155445843360627,train,False,1233
4,400,d,0.004260104046826843,0.004260262515428018,0.005261272396829145,-0.0012355148173589115,-0.001235677509636819,0.017061210446824758,train,False,1233
5,400,e,0.18815407702544806,0.18814311874341455,0.24475819607988672,0.15108748351505083,0.1510795947918153,0.34723818504027315,train,False,1233
0,100,c,0.056542475082716905,0.056579915206733625,0.07523833662281904,0.00442092945175105,0.00438858187067666,0.5185046122959092,train,False,1234
1,100,d,0.004469545475737604,0.004469569004543177,0.0044426885570594,-0.025560115602581136,-0.0255605682359467,0.025426171244685013,train,False,1234
2,100,e,0.21848018712338757,0.21270270575036052,0.3131031145871507,0.11129328544228904,0.1282948786602976,0.30934692572708,train,False,1234
3,400,c,0.059311017873933135,0.05931698033052183,0.07813650764950254,0.01103010814034242,0.011039555161778125,0.5351466632187106,train,False,1234
4,400,d,0.004353941157346086,0.00435416038068223,0.005589244476114507,-0.008574920921413246,-0.008575124838273922,0.03205309354168586,train,False,1234
5,400,e,0.16061185061677535,0.16060972127576378,0.25006367905321564,0.15875343547193688,0.15874912881564618,0.32028804872298855,train,False,1234
0,100,c,0.04451403912478132,0.04451175153412157,0.08241724300443141,0.027330369045809207,0.027318278134861273,0.311697900784262,train,False,1235
1,100,d,0.00971259646194435,0.009712889176652322,0.012336862588513155,0.003905626426286002,0.003904755660492416,0.05420752228574683,train,False,1235
2,100,e,0.22090736311618792,0.24651934502110218,0.33940148440315054,0.14779984698046802,0.15229718151093294,0.24974923549445488,train,False,1235
3,400,c,0.05613825675785958,0.0901746600945917,0.09109769024268291,0.0389030421037058,0.015279894545326585,0.8718410232024704,train,False,1235
4,400,d,0.022443424230210163,0.022459275007717716,0.009898600662678364,0.013632039426544633,0.013629884622568866,0.1543710036084615,train,False,1235
5,400,e,0.18919510809688947,0.18908233107508562,0.2505621639073514,0.1797086667053476,0.17969104710723025,0.3145843113222716,train,False,1235
0,100,c,0.10216841514734709,0.10214763758325306,0.061026863540677934,0.10994328561126736,0.10993282526650233,0.806601016152079,train,False,1236
1,100,d,0.005089450585723833,0.005089526268959921,0.005352470878153821,-0.023241047188849288,-0.023241613499267632,0.02823079318506945,train,False,1236
2,100,e,0.2154574977071794,0.21544964437228098,0.24828105898084563,0.1305041449007819,0.13049247036715378,0.38540817491110324,train,False,1236
3,400,c,0.061725227451891754,0.061633823916831275,0.09332410344107635,-0.014556332241699721,-0.014612457144603469,0.6974683709602657,train,False,1236
4,400,d,0.00415930617485972,0.004161851338576887,0.0034360062848550125,-0.0008201949849498292,-0.0008222113863904213,0.03389127340565613,train,False,1236
5,400,e,0.1750198068627819,0.1750217434542229,0.26519234257469954,0.13712143897639523,0.13711231221195433,0.3185056090982623,train,False,1236
0,100,c,0.07904142345917835,0.07903566527257212,0.09004258401880444,-0.06116913911472807,-0.061168521766194674,0.6929181034066569,train,False,1237
1,100,d,0.003010218178132746,0.003010260202349022,0.003114408561423498,-0.01464123840959374,-0.01464176313293411,-0.013703520886681489,train,False,1237
2,100,e,0.19578013322162363,0.195791953974904,0.30547892987637915,0.12144624870875916,0.12143276232520499,0.31781146789274695,train,False,1237
3,400,c,0.06393413687562412,0.06391604745581643,0.08437627438059092,0.0038120891511121613,0.003795196110011574,0.7375443990966398,train,False,1237
4,400,d,0.010300812916042854,0.010333452762016616,0.0078037546609609765,0.009426867433847156,0.009423305464907834,0.017180163805280167,train,False,1237
5,400,e,0.20322993197576486,0.21020305329847078,0.3231737831176859,0.18691972377253493,0.18804965557112674,0.30509171182412137,train,False,1237
0,100,c,0.050801901301207784,0.05079017562874326,0.06813464140791171,-0.04377183953287265,-0.043788838480395,0.26357632458869723,train,False,1238
1,100,d,0.009968285038969526,0.009969483798609338,0.007528667827379997,0.014243334379744167,0.014242847078258337,0.06796867254602987,train,False,1238
2,100,e,0.1816072059599062,0.18164461151148475,0.2725244624198933,0.122589974180507,0.12258777207119206,0.3611698371621143,train,False,1238
3,400,c,0.05796678609790041,0.0579729776934556,0.06427302227565358,0.03992025296203174,0.03991132653401017,0.7097615589306487,train,False,1238
4,400,d,0.003965159407065364,0.003969993927563207,0.004681712339789025,0.007869988829843884,0.007867576008806783,0.01338737397446648,train,False,1238
5,400,e,0.19190837858870569,0.1919006852549824,0.2997096841297421,0.16228925633377025,0.1622810997102477,0.3195116502376293,train,False,1238
0,100,c,0.07024503788446904,0.06797976576193074,0.07828914770925283,-0.11463207419490282,-0.11479026262720239,0.8515897463128891,train,False,1239
1,100,d,0.03296758921731832,0.03297631839338384,0.028982834709879775,0.01221849366811716,0.012216353081969373,0.021795406267267642,train,False,1239
2,100,e,0.32435889691805286,0.32399072791126843,0.5067552741217486,0.1180060048376928,0.11800593559253081,0.29853781371418725,train,False,1239
3,400,c,0.06019383339354728,0.0602244192927331,0.09385700096645765,0.008835718998107396,0.008778937041864054,0.6117239409369034,train,False,1239
4,400,d,0.012905039919355644,0.012929964094005562,0.009118382512955102,0.010820978724170623,0.010804998372692545,0.08538801824921047,train,False,1239
5,400,e,0.21487529446423537,0.21481578662122114,0.25040156675072633,0.1187404284363592,0.11872384813641632,0.3009854613085868,train,False,1239
0,100,c,0.08284549822162565,0.08272298982531803,0.07844086866619988,0.13611659139490626,0.1361123590277508,0.5539406875973575,train,False,1240
1,100,d,0.025775985960874905,0.025718955697667818,0.019255418620633756,-0.009356442576487076,-0.009359951009226802,0.06197914952218273,train,False,1240
2,100,e,0.2103939446434028,0.2103074331582406,0.2299816378702722,0.08111885024243094,0.08110890612308545,0.3213866069562022,train,False,1240
3,400,c,0.06079895415586468,0.060737685294371256,0.08800925645171999,-0.0332970235271376,-0.03330977000619427,0.3546999336091307,train,False,1240
4,400,d,0.008048747409313295,0.010129935303112838,0.008700001385169121,0.012259914535053422,0.010978081025905464,0.057842220353346206,train,False,1240
5,400,e,0.20315281784474046,0.20301221578939263,0.32378855773791493,0.16504539890867725,0.16503773202169023,0.3205180673902091,train,False,1240
0,100,c,0.07663325531013827,0.07663946201712425,0.09233397041613839,-0.014124955080285134,-0.014128993014041101,0.8698522604944824,train,False,1241
1,100,d,0.0035223247888282534,0.003612609653133118,0.0033119781283206928,0.01457232013065724,0.014612432357441989,0.09855630015880855,train,False,1241
2,100,e,0.2135804905248805,0.2135757015539078,0.25630742822563857,0.06064688593060961,0.060658034312475344,0.38875023343270526,train,False,1241
3,400,c,0.053547333630225714,0.05354815286691199,0.07450278293181929,0.061876080071803376,0.06187629210975395,0.5675268232497767,train,False,1241
4,400,d,0.004299808520627293,0.004850142825186141,0.005119776259709153,-0.0007622932743620936,-0.0012894096210448326,0.105309019854149,train,False,1241
5,400,e,0.16628153662020062,0.16629013292195183,0.28813669082091886,0.1615737071995394,0.16156492390897811,0.33325662720704735,train,False,1241
0,100,c,0.07317143127621625,0.0731731539949575,0.07651564053559294,-0.16667359257391595,-0.16667515434406796,0.005262959717239255,train,False,1242
1,100,d,0.008016423681682032,0.00802409684832266,0.0075875867058250125,-0.00030418740676626757,-0.00030434267858357343,0.018496384993687318,train,False,1242
2,100,e,0.20805130972230743,0.2226844169378529,0.3091366834007952,0.15563011261981344,0.15797314793182843,0.32125032888104443,train,False,1242
3,400,c,0.05941091164604807,0.059413868102726225,0.07676772964713587,0.06766361687829495,0.06766069561412046,0.7970456475266403,train,False,1242
4,400,d,0.004962858325200045,0.004965588242453169,0.004938961147836933,0.005697850097781068,0.0056968364757059575,0.11356387686298072,train,False,1242
5,400,e,0.19099197973074936,0.1909956558297934,0.29844287706712624,0.16083187627417872,0.16083000828601413,0.31608765463547434,train,False,1242
0,100,c,0.05635963517911304,0.05635993374266019,0.11730313733367426,0.055889310304768215,0.05588882435734689,0.62029907662342,train,False,1243
1,100,d,0.005030948474341013,0.005031274449446184,0.004481592740973512,-0.0008740662193455861,-0.0008744879123425697,0.014794516286228259,train,False,1243
2,100,e,0.22385745499001947,0.22386994521948844,0.2635364265825325,0.0809495661609715,0.08094123661094386,0.42420838814253076,train,False,1243
3,400,c,0.054716859536159505,0.05471431796565644,0.07647408390765426,-0.02799363911259782,-0.027995897705523944,0.46431941756759004,train,False,1243
4,400,d,0.0056955620612378684,0.012692158623484249,0.005997345955936178,0.020833557292172636,0.0159306827905052,0.12497051593311824,train,False,1243
5,400,e,0.19818855382912934,0.1982415253976084,0.31190876933354217,0.17697591524644404,0.1769694701092772,0.3235694970013612,train,False,1243
0,100,c,0.05955975646299158,0.05954865978529861,0.07407909532487973,-0.010536278584666903,-0.01054458172538908,0.49173228344098424,train,False,1244
1,100,d,0.00433975402963185,0.0043397544038970845,0.004600402852760579,-0.030638203920411923,-0.03063874385551502,-0.02337974810703093,train,False,1244
2,100,e,0.17857866475680723,0.17848402247978673,0.27219728070203164,0.14721851564663838,0.14722092449596666,0.2917973151757347,train,False,1244
3,400,c,0.07898225587712435,0.07897808421459807,0.0768928823908892,0.06345395258858219,0.06341397433112092,1.0007410018968512,train,False,1244
4,400,d,0.003454571429137295,0.0034546210947767803,0.004003947864744586,-0.013580622641304085,-0.013580766711629675,0.002101179638225208,train,False,1244
5,400,e,0.17149212421288,0.1714868573020912,0.2766048008785301,0.15008999736180798,0.1500794620229513,0.3305540761583201,train,False,1244
0,100,c,0.24511576655166015,0.24505573887435797,0.22912657669193437,-0.017121602093535842,-0.01711260849701958,1.1424905373776395,train,False,1245
1,100,d,0.006486378571199294,0.0064904632351902615,0.005178517780634166,0.004203293640043757,0.004202236977093801,0.03539549147990646,train,False,1245
2,100,e,0.2448820018484158,0.2604322267002569,0.31127208971745046,0.1443605349476031,0.16379598981773164,0.3195369455571753,train,False,1245
3,400,c,0.055707925115086016,0.0557433111196957,0.08660705403464589,0.08070997610216402,0.08070197821293433,0.5211748401301893,train,False,1245
4,400,d,0.0050860264920631025,0.005086029400455776,0.006151368344170675,-0.001979763418648375,-0.0019798858463470027,0.025573279693266907,train,False,1245
5,400,e,0.19723535199406506,0.1972192767339468,0.3323327099661968,0.13452858527011152,0.13452140963392026,0.37093266871446817,train,False,1245
0,100,c,0.1513468726353487,0.1517188324072528,0.11820583909568284,0.08570123842878452,0.08563706058198683,0.32306551075865964,train,False,1246
1,100,d,0.009730903691212966,0.009739860085033063,0.012010403836454148,0.0013993000700138225,0.001396345631860818,0.016051435152547793,train,False,1246
2,100,e,0.1162515096390685,0.11827143191124875,0.17839564511891406,0.11677746906647844,0.11725728280567094,0.4324697440416363,train,False,1246
3,400,c,0.06429896124015907,0.05782960098606908,0.08174302206428948,0.08509389168178771,0.08726294994426567,0.6848227844062192,train,False,1246
4,400,d,0.019916156272706362,0.02016704542293489,0.004884698069575524,0.01395322278559382,0.013783200899371888,0.04852299167299556,train,False,1246
5,400,e,0.17378003210450577,0.17732590520394279,0.2519028229266671,0.16547103611368846,0.1662996961182112,0.30343449180831883,train,False,1246
0,100,c,0.06177252702865857,0.06176978198101933,0.08060387248880868,-0.09553049372109214,-0.09553253835419973,0.9279973044790358,train,False,1247
1,100,d,0.03129861216344966,0.03130245568031914,0.01705304584261664,0.003041028202758227,0.0030379291322495663,0.015815029256353964,train,False,1247
2,100,e,0.17980983916805074,0.19603892917772142,0.3435378063740503,0.09184935623457129,0.1090764512844138,0.31018356591955876,train,False,1247
3,400,c,0.062420238551729665,0.062461488298055146,0.08614933395220976,-0.021880722479702824,-0.021872892031340355,0.8517312252129698,train,False,1247
4,400,d,0.003540491250772108,0.003531567409567658,0.0034964590077582094,-0.008483376347779679,-0.008484916405894456,0.02989989499490136,train,False,1247
5,400,e,0.1770449475185263,0.17702958555239712,0.26993938431583037,0.1343649488803738,0.1343694229783101,0.3286779741478749,train,False,1247
0,100,c,0.1275563261417604,0.1275125863261672,0.14560853964058315,0.11451214896962852,0.11443092331031948,0.8682405637706324,train,False,1248
1,100,d,0.0074247731324229484,0.007428521053644502,0.008703996463333056,-0.01942408485235143,-0.019426234081328406,0.008186646672271713,train,False,1248
2,100,e,0.17744860688570735,0.17291221985797978,0.20802302310651263,0.10033972960872464,0.09984726469273003,0.452775227694123,train,False,1248
3,400,c,0.06203169708118113,0.06203116604794392,0.0790425077745594,0.007853258239316431,0.007850564055307955,0.6237758289116111,train,False,1248
4,400,d,0.00454611785084292,0.00454605883324102,0.005239793815613791,0.007486665981470928,0.007486555907669353,0.04736952699253557,train,False,1248
5,400,e,0.15237628904224143,0.15239590769731742,0.21852627246983822,0.13412491117241687,0.13411158949533813,0.36895877955011486,train,False,1248
0,100,c,0.06809425386111423,0.06808369815140408,0.06580890666650836,0.027988972875091066,0.027961321386126132,0.6305996925108266,train,False,1249
1,100,d,0.004693419951960157,0.0046937066699965805,0.005947097195265796,0.014741939931558399,0.014741391938290143,0.11432816711808073,train,False,1249
2,100,e,0.18100403097819434,0.18098800592294903,0.2485214935627387,0.1489978164171388,0.148990038306301,0.3383746299800069,train,False,1249
3,400,c,0.05112074824163744,0.05105973420466537,0.07192297830392119,0.0438805433149696,0.04381153629853557,0.4817328459740717,train,False,1249
4,400,d,0.005532530996512167,0.005525962012286184,0.007289694272167782,-7.429611403107828e-05,-8.288187706241957e-05,0.008593529733195701,train,False,1249
5,400,e,0.18447995031516662,0.18447783387046607,0.23509201756954856,0.1392110479402668,0.13920371015351676,0.29424113831289295,train,False,1249
0,100,c,0.058750516106787304,0.05875011128298947,0.07824956583567194,0.042570546281291755,0.042560240360806745,0.41371285850359046,train,False,1250
1,100,d,0.005438304379767705,0.005438365526157848,0.0056955921842838176,-0.019651473274607395,-0.019651954473156916,0.04496051063513676,train,False,1250
2,100,e,0.20657735002239896,0.20663952736569827,0.21994356887283012,0.1167594995261166,0.11675185536923856,0.32049731556419275,train,False,1250
3,400,c,0.059888384092161816,0.05967385236519343,0.0993632380589689,-0.004743451109798613,-0.004427907179787525,0.4575154155033239,train,False,1250
4,400,d,0.005064226226500304,0.005064425096109278,0.005594757583602296,-0.0016739145874457506,-0.0016741828120545499,0.03971991840723041,train,False,1250
5,400,e,0.17558184966658139,0.17555248696831133,0.27736689949344107,0.1388005546566341,0.1387804542314639,0.30996351965253655,train,False,1250
0,100,c,0.06532557153840773,0.06530565523852076,0.07667693502976404,-0.08641252178554687,-0.0864082189744095,1.0239006939621358,train,False,1251
1,100,d,0.0816535528001774,0.08166422580011579,0.03416592298423271,0.029474312141673755,0.029472896423135903,0.06295695158132979,train,False,1251
2,100,e,0.17985510086142564,0.17984385083886723,0.28389229888531153,0.13085609510157656,0.13085459473692349,0.33081450638251836,train,False,1251
3,400,c,0.059948356807874505,0.059977370529165165,0.0841032174088172,0.03773846855730135,0.0377217155285495,1.0641332098528358,train,False,1251
4,400,d,0.009632081912755755,0.0096346456466884,0.009182335633731265,-0.005087761466688168,-0.005088263124559784,0.09282913486725171,train,False,1251
5,400,e,0.16332793687623132,0.16329038015321637,0.28818470925768197,0.13536521182365932,0.13535637806662834,0.3595713593877812,train,False,1251
0,100,c,0.051465225117164844,0.10203016246772047,0.07324972217581792,0.10445604674976963,0.08384862173695425,0.9187346631899765,train,False,1252
1,100,d,0.007836310357733982,0.00784462697092222,0.009735142258676811,-0.0012656980222209135,-0.001268582622775405,0.006479653517967989,train,False,1252
2,100,e,0.1947728733454596,0.19480486985722453,0.28803135501661997,0.17111575347686675,0.17110495562561498,0.2857325167568778,train,False,1252
3,400,c,0.05424157412097402,0.0542632314558657,0.09132601843720244,0.012262191470771526,0.012269917626988303,0.38321449139983704,train,False,1252
4,400,d,0.006094814054508814,0.006809965495692545,0.0064920909340007125,0.016490666179311386,0.01606156607009961,0.022321354557145023,train,False,1252
5,400,e,0.16808833724565,0.1681114146579189,0.25268688784593274,0.1523175736093135,0.1523115931139449,0.33264899393743586,train,False,1252
0,100,c,0.1315902217931047,0.13161548955161412,0.07297357810834555,0.10075201652939875,0.10075361164914988,0.45550094133251157,train,False,1253
1,100,d,0.004187765628209291,0.004185621776303562,0.0037329404453393324,-0.0027211823100424227,-0.0027224777383769274,-0.002338442820875546,train,False,1253
2,100,e,0.21694563781154536,0.21694764773071135,0.2998399378748843,0.1407786327963129,0.14077190198855127,0.3131792823836227,train,False,1253
3,400,c,0.060538390402335024,0.06058820488963204,0.07517802836180723,0.04553053046675501,0.0454870257382116,0.4751961871287089,train,False,1253
4,400,d,0.0053731718352549905,0.014148777285685204,0.008171511986013817,0.0014469956769000447,-0.004964272006152442,0.11665198771445613,train,False,1253
5,400,e,0.17100868749522863,0.1710071439931913,0.23603871567462037,0.17033421474793708,0.17032883297667692,0.3244497930175237,train,False,1253
0,100,c,0.1260936524591125,0.12613799364803976,0.13871236317519386,0.022940835292700898,0.022911694991303976,0.37289751772429436,train,False,1254
1,100,d,0.006418866257821262,0.0064189897500679695,0.00571186672790125,5.526307987553381e-05,5.3488391070963814e-05,0.0766366948221757,train,False,1254
2,100,e,0.22972391113905022,0.22974716161765904,0.30327222175990015,0.13017388338168273,0.13017036419675243,0.3505483168403169,train,False,1254
3,400,c,0.06348696517369792,0.06348909187158161,0.08970422073943903,0.060993675990607274,0.060928059209950335,0.4331790171431871,train,False,1254
4,400,d,0.004939461030598413,0.004946372676092722,0.004989806374152942,0.009519605589901517,0.009514822594107599,0.062146202496631345,train,False,1254
5,400,e,0.1855682603970145,0.18547824658892145,0.2714022500887908,0.13926389582111587,0.13924949349066393,0.3246027757068408,train,False,1254
0,100,c,0.05649774895139595,0.056466313285303445,0.11293096516768943,-0.023285809501068757,-0.02327011946351895,0.4921685549391388,train,False,1255
1,100,d,0.005451984016481554,0.012409447391465109,0.009678184777149058,-0.00862113969812592,-0.011752992736898272,-0.005910138891176828,train,False,1255
2,100,e,0.1832979946896064,0.18341169879912678,0.2812355720427399,0.1359130763092997,0.13590357478227616,0.3176303277972018,train,False,1255
3,400,c,0.09475503931104458,0.09494459819150082,0.1010503616190038,0.04839706483034277,0.048349036414855676,0.7730930078110115,train,False,1255
4,400,d,0.006812649223400442,0.006812866624556686,0.006306059634720296,-0.0018794129414513882,-0.0018795769178859346,0.07022644804291535,train,False,1255
5,400,e,0.16543343897969454,0.16691978737882734,0.25149055774984186,0.17949838300904275,0.1796474724785292,0.3312056920335328,train,False,1255
0,100,c,0.07353274373087695,0.07352882011723169,0.11196407032366651,-0.03015175030962624,-0.030150167887345206,0.868566103049437,train,False,1256
1,100,d,0.007762944975254019,0.007763474500388611,0.004243748687579038,0.01411223606400645,0.014111950918126599,0.14242605268683112,train,False,1256
2,100,e,0.22176484758892262,0.2217678484787366,0.3378581947218537,0.15381772103649946,0.1538208914642355,0.28481304428311993,train,False,1256
3,400,c,0.0639886536523019,0.06398232265426972,0.06454884043575095,0.0786954202899321,0.07869594825800952,0.8982058297426048,train,False,1256
4,400,d,0.004399627598940923,0.004394422024958101,0.005321968071917443,0.011860517815732533,0.011860659191985104,0.12259298778208691,train,False,1256
5,400,e,0.17381579359348337,0.17381684626179233,0.2564188921135728,0.17339878107328952,0.17339843644117153,0.32237200984491793,train,False,1256
0,100,c,0.12981473015449066,0.12983417023023222,0.1095719491001193,-0.02145087763365254,-0.021461058166118718,0.7023005534489574,train,False,1257
1,100,d,0.007344948889598697,0.007345953649599364,0.005869025305191562,0.01617582953474491,0.01617524932869074,0.03111973034268905,train,False,1257
2,100,e,0.21617929142998538,0.21618505054143766,0.38331781637297146,0.15766753660922356,0.1576617926815623,0.32778532821931256,train,False,1257
3,400,c,0.05308819165811795,0.05308729989219747,0.08502313795549916,0.03939067227266776,0.03938639656412875,0.768561910971084,train,False,1257
4,400,d,0.008924482563464434,0.008926489370307903,0.007203803187930253,0.013559072624289624,0.013558235778351779,0.04799341116744195,train,False,1257
5,400,e,0.20009052470466532,0.20076176462444031,0.2846725843149627,0.14346007310390577,0.14372726095155322,0.27718533201395495,train,False,1257
0,100,c,0.07802233320914367,0.06436588757407825,0.057508474839811904,0.0798401836366643,0.0813601034594683,0.3889020721684567,train,False,1258
1,100,d,0.016533004852827538,0.016533831665514608,0.01200592521816855,0.010269231727130332,0.01026733907148703,0.014187533147249827,train,False,1258
2,100,e,0.21758459476102335,0.21759426648243355,0.24195591165299413,0.16205026445455026,0.16204432372470648,0.3197540811899323,train,False,1258
3,400,c,0.06404689470229298,0.06406484586037381,0.09601560309312218,0.01509698781423026,0.015085348155442376,0.35162293715988,train,False,1258
4,400,d,0.015474713516708488,0.015462962377075791,0.012611472609322678,0.009663858585012406,0.009662688942320337,0.08262978150655866,train,False,1258
5,400,e,0.20462662068807946,0.2068961941285319,0.32566486506383385,0.18589235833271395,0.18506964883103266,0.3020923710215908,train,False,1258
0,100,c,0.12958901672464718,0.1161434799531351,0.0980517541691585,0.08933197198131794,0.08651345117876573,0.6415884502753404,train,False,1259
1,100,d,0.017384485771795098,0.01738553048793727,0.01263763311150065,0.019693735020543706,0.019692887232299547,0.06669580529296339,train,False,1259
2,100,e,0.21863243192807968,0.21863202043746152,0.30415524026935037,0.12293032433321952,0.12293709050019405,0.35469047094679995,train,False,1259
3,400,c,0.06345306809129045,0.06345548651180198,0.07095631890815472,0.04521892562417925,0.04521655798358367,0.5127920438588214,train,False,1259
4,400,d,0.0068228328507023185,0.007541952131301828,0.007059295141788768,0.006889349750641198,0.006715587423943053,0.01645702134647818,train,False,1259
5,400,e,0.19767638889174305,0.1976952220631052,0.27035129481745734,0.17091174430814526,0.17089818318739744,0.3188708187300965,train,False,1259
0,100,c,0.07351780867104515,0.07351873201814495,0.10481871926602379,0.03274544945257866,0.032741667736759295,0.7298090922342417,train,False,1260
1,100,d,0.005516697342564663,0.005516763490109834,0.006938367321066808,0.003962736033801004,0.003962267818566207,0.006732962032685066,train,False,1260
2,100,e,0.18547058532688815,0.1854478635940528,0.19894552232507326,0.12374173756576248,0.12373430014480186,0.28553986346847693,train,False,1260
3,400,c,0.07322220680040187,0.07260308576614322,0.08512794881205103,0.015502893473004563,0.015485391838213331,0.6075163551583347,train,False,1260
4,400,d,0.005765217897888399,0.005765335652242509,0.005281682581748226,-0.01308127889975358,-0.013081650278634616,0.09165851567836039,train,False,1260
5,400,e,0.1509020556500153,0.15122468616062665,0.23520891648797204,0.14355558249362887,0.1435403285546611,0.3016111645380549,train,False,1260
0,100,c,0.08329132998850039,0.08331393004973417,0.09530799134891059,0.009485747851948502,0.009469793101546102,0.4462124875391356,train,False,1261
1,100,d,0.009555196907493423,0.009718098525561018,0.009612599925616593,-0.025852679580142705,-0.025879568657066764,0.02742807687101104,train,False,1261
2,100,e,0.19066045668088769,0.1906662572787441,0.25832690408581815,0.16288918109835215,0.16287819107424212,0.2907742834081379,train,False,1261
3,400,c,0.06564695207228433,0.06296952363920473,0.08518872395437337,0.08784600503312888,0.08802714591101406,0.6263046838388511,train,False,1261
4,400,d,0.004906452400084851,0.004906619795930669,0.0054915102428765294,0.0026117769675805215,0.002611206717457737,0.035669991633017976,train,False,1261
5,400,e,0.2060821912191455,0.20491497408182643,0.27270492009239916,0.16844075095173516,0.17556364168714872,0.2966223984725868,train,False,1261
0,100,c,0.2088692232260744,0.21270909915301037,0.16884318781586333,0.060686335651368994,0.06087006541004513,0.6466593960348015,train,False,1262
1,100,d,0.0044282580034805405,0.004428296740038371,0.005339418805115007,-0.004209632941382697,-0.004209841573049715,0.007893596017770097,train,False,1262
2,100,e,0.15597383413701102,0.15597387240603747,0.24040063543674325,0.10061500873629144,0.10060396196257905,0.3024787176675764,train,False,1262
3,400,c,0.10750760316167987,0.05717959262788929,0.06564745882786581,0.01933847902276561,0.029964718382801864,0.36235433915917137,train,False,1262
4,400,d,0.008672345807160855,0.008676913499341968,0.008154646717888191,0.0035489322984252605,0.0035468229820401122,0.040574717160060024,train,False,1262
5,400,e,0.17910273666468032,0.17910894962428053,0.2567784068877847,0.16420349384680508,0.16419245355472542,0.2989675507480343,train,False,1262
0,100,c,0.06555350516669481,0.21447445207216764,0.10238557303413355,0.016083049539388695,-0.07947116748381092,1.1288520060240217,train,False,1263
1,100,d,0.009015934372855078,0.00901317672199165,0.004386815513721533,0.02322775585667099,0.023226937247104545,0.07565747463162184,train,False,1263
2,100,e,0.20812964731348,0.2082333580276751,0.28316339211659064,0.06513003859133576,0.06511885218453571,0.3396610105028476,train,False,1263
3,400,c,0.05787431365231988,0.057878427396288054,0.06469981524369815,0.06480796932548089,0.06480344855872368,0.6165179153541948,train,False,1263
4,400,d,0.006915602905805903,0.0069161483349162636,0.005632481992423542,0.0100689124093201,0.010068627622252605,0.024051071220170587,train,False,1263
5,400,e,0.18112493915494882,0.18112445307274197,0.2722755414807542,0.17229407645798048,0.17228642083617146,0.3219128182979136,train,False,1263
0,100,c,0.05483584052028557,0.0548883002312994,0.0640634321887995,0.05824338500759609,0.05819884298385375,0.5767761388587764,train,False,1264
1,100,d,0.0034847319753044444,0.0034847965337712916,0.00369906856213517,-0.006747951207486551,-0.006748125330340535,0.07572011818510196,train,False,1264
2,100,e,0.13815411888122836,0.13815847555432834,0.25510920636840045,0.13019831342770444,0.13019167219643293,0.3005331103685561,train,False,1264
3,400,c,0.056315817170372935,0.056330603981035614,0.062363256295130565,0.05034925501462205,0.0503599523203949,0.6776896208507697,train,False,1264
4,400,d,0.004165114194445447,0.004164555723614921,0.004911404795492453,0.007502344634266294,0.007501818165725176,0.011300466728094528,train,False,1264
5,400,e,0.18773586212170418,0.18766921060672348,0.2576145259057233,0.1385347607920852,0.13851849980982336,0.3277960346076762,train,False,1264
0,100,c,0.08144472098197207,0.08146504186868533,0.10354624049350385,0.035030129525464276,0.034963932226010005,0.4573821953165859,train,False,1265
1,100,d,0.012772071955799663,0.012772084914300928,0.014007666725254947,-0.028030763109501925,-0.028031164638274594,-0.025120170359086966,train,False,1265
2,100,e,0.13537225555026342,0.13533464278512242,0.16550949531990145,0.11933672099445072,0.11933149251171113,0.33883696818849685,train,False,1265
3,400,c,0.05057537281708826,0.050572434671373935,0.09876157745586217,0.025838627160671594,0.025836543373362775,0.6962123407412183,train,False,1265
4,400,d,0.005656999291545458,0.005657022329470457,0.0056334251146953115,-0.011721618445279205,-0.011721931906123046,0.039864891161846945,train,False,1265
5,400,e,0.1711131388157105,0.17133553649389227,0.24803729199876134,0.1459361332841791,0.1459276285225996,0.35167824709319445,train,False,1265
0,100,c,0.05371117692482107,0.05370806437530705,0.05954287849796763,0.01646064096754941,0.016456308840186864,0.27162611937512177,train,False,1266
1,100,d,0.008472761218411212,0.008467131541322809,0.006749520939183543,-0.016124941524990888,-0.016123375231727178,0.019341843088575547,train,False,1266
2,100,e,0.1794368422175938,0.17943450005820283,0.2980479349537701,0.14832044296998156,0.14831638279705922,0.39377466456270915,train,False,1266
3,400,c,0.05306844337453301,0.056403834415178385,0.06972862014859887,0.038872430118163735,0.03773173139223331,0.5207860324765747,train,False,1266
4,400,d,0.004314299409050082,0.004314437924320139,0.005159133947637986,-0.00247358814191573,-0.002473737524871158,0.009031678941007187,train,False,1266
5,400,e,0.147435846033437,0.14742566377260138,0.25842115141652583,0.1528044546522356,0.15279840398199293,0.35337581747026214,train,False,1266
0,100,c,0.07914432451036425,0.07900070607929581,0.07800717906005736,-0.10058962143150879,-0.10058678095106281,0.5093639973371378,train,False,1267
1,100,d,0.003146245836153936,0.0031462709846305976,0.0030619266899396557,-0.012779470407028856,-0.01277995799903545,0.019544303610653502,train,False,1267
2,100,e,0.19225065304967429,0.19229293146807025,0.26583642588109374,0.13847676225905217,0.13847186949397924,0.305688347305487,train,False,1267
3,400,c,0.06237958932310216,0.062059085438569826,0.06427176724187544,0.05187001319845429,0.05184949311703733,0.736240589688071,train,False,1267
4,400,d,0.005236287842711887,0.005233075987743348,0.006277764974645696,0.007249054121776126,0.007244939862032389,0.09675012281907909,train,False,1267
5,400,e,0.20156311856405146,0.20154969878947848,0.26492297848591084,0.12775730042802358,0.1277494785862536,0.33046836490765313,train,False,1267
0,100,c,0.11254756124487714,0.11251517116632488,0.0862924015231775,0.09610611468579244,0.09609401418856195,0.6925422775219673,train,False,1268
1,100,d,0.007186009671039491,0.007185995406925637,0.009800965244035951,-0.039276721467709205,-0.03927726876853633,0.023124768449134515,train,False,1268
2,100,e,0.1865066723096353,0.18651853146124966,0.1847873661603546,0.08750327203953007,0.08748333689404916,0.2944711535332397,train,False,1268
3,400,c,0.06822410758616207,0.06822662713033374,0.08973880671638584,0.053740559684682054,0.05371492391233744,0.8406491404150139,train,False,1268
4,400,d,0.010504322474970053,0.010483884075416222,0.009945423502856078,0.005400727329241644,0.005399304117625423,0.016914026361168125,train,False,1268
5,400,e,0.19800811963398957,0.1943957352061806,0.20878092366285794,0.13407262540704465,0.14107327288430674,0.29770156691529104,train,False,1268
0,100,c,0.10460519455134612,0.10446304122974245,0.14473184956493185,0.10970604204773125,0.10967729229735752,0.8591301724704219,train,False,1269
1,100,d,0.00582903841294501,0.005829845511627969,0.007899471473291819,-0.008013731529845884,-0.00801427017452326,0.021148779708520617,train,False,1269
2,100,e,0.20873729945973,0.21558829800717358,0.2773168092554902,0.13316192865009868,0.14642214657882321,0.330417524659791,train,False,1269
3,400,c,0.11744445633570588,0.11746818496112081,0.1135774720129257,-0.008669172470113366,-0.008675982563252874,1.0135640541798037,train,False,1269
4,400,d,0.0048084148171850674,0.004813837594521123,0.0052975317757342376,0.004662853990539464,0.004636533450944036,0.07287435188851393,train,False,1269
5,400,e,0.19496108715780622,0.1949560626314965,0.3204224687972959,0.1430725298806151,0.14307201837620928,0.3147003528465087,train,False,1269
0,100,c,0.07700822674816257,0.07703751548317063,0.06967735699381387,-0.01972838943940012,-0.019736139094462504,0.6355334582757787,train,False,1270
1,100,d,0.010111312366223556,0.010105205797176352,0.010544549147284614,0.00666599392470772,0.006664600990354046,0.008228416786388096,train,False,1270
2,100,e,0.19776070297568563,0.19726830722126784,0.31187531114902134,0.15614389746143414,0.15610478145901663,0.3210196400122686,train,False,1270
3,400,c,0.052224473966425704,0.05222863408303868,0.0762404839290567,0.03995695121435567,0.03995116793194924,0.6405499945529561,train,False,1270
4,400,d,0.005691053097583031,0.005692522743058557,0.0074374437381102085,0.00825254419142393,0.008251262808951196,0.03311480866714353,train,False,1270
5,400,e,0.18258406544324018,0.1827285774811631,0.28648609293209326,0.14212926298702663,0.14212321747741682,0.3527315549379826,train,False,1270
0,100,c,0.0819085020258838,0.08197063349606803,0.08495742404659538,0.039115611354732426,0.03910734694483487,0.7254859323947922,train,False,1271
1,100,d,0.07145429906191912,0.07146378560439721,0.03398171992810026,-0.022733703892429027,-0.022738550720649026,0.040122826323279986,train,False,1271
2,100,e,0.26819354892330116,0.2681782151099306,0.2872702202632416,0.10291073170416504,0.10290696357634822,0.32514204638746075,train,False,1271
3,400,c,0.0710155515001493,0.07109731095086676,0.09657452460613426,0.06056938604651151,0.06053184211501865,0.9855379001227296,train,False,1271
4,400,d,0.013746207619166406,0.013746294922783443,0.013621117850883553,-0.011044270639723025,-0.011044292087765993,0.11297380859059673,train,False,1271
5,400,e,0.19981034134738482,0.19981030806184255,0.2942578022390931,0.14785230398707833,0.14784348987996856,0.3005465548487901,train,False,1271
0,100,c,0.11819952132073461,0.11815215816600956,0.07824891946292854,-0.0035779630567860468,-0.0035738829806706463,0.2451288130202529,train,False,1272
1,100,d,0.005611847834692114,0.005611850028081213,0.004824102252191488,-0.002553659082202131,-0.0025537023582213082,0.009401428749796744,train,False,1272
2,100,e,0.20284000489052811,0.2028268195384258,0.1575304874562051,0.12296807204436963,0.12295558571617936,0.28059092977019634,train,False,1272
3,400,c,0.06718966940711475,0.06694160824150434,0.0743526677354145,0.07165222538567491,0.07204637168376514,0.9511153271111036,train,False,1272
4,400,d,0.006620978457781188,0.0066249324225187345,0.005495045706560075,0.0071890080634888776,0.007186965985327092,0.05040814076699587,train,False,1272
5,400,e,0.23040033056922724,0.2304383190687025,0.2893187839844116,0.16098719071064024,0.1609772339320425,0.3135488180919004,train,False,1272
0,100,c,0.12817010702027956,0.12814279950802843,0.14790129620315906,0.010013772356167436,0.010008623949571742,0.6728593531590884,train,False,1273
1,100,d,0.013847750709567445,0.013851861268979011,0.01557237951985435,0.0194487655344088,0.01944679742107768,0.0248396906315819,train,False,1273
2,100,e,0.2856397743888154,0.28565861481394506,0.3182565232670162,0.13375396587241345,0.13374312763670046,0.30439078014424625,train,False,1273
3,400,c,0.057593694538065676,0.057593907171617824,0.0764739612501513,0.0775110605925837,0.07750988325276978,0.5434383211788922,train,False,1273
4,400,d,0.005302599743826052,0.005313464503332175,0.005626826463203575,-0.0072281950322891225,-0.007238782274405668,0.09623041594622095,train,False,1273
5,400,e,0.18226778828571813,0.16829383847176427,0.29294647496816456,0.17679167448036445,0.18354355819131868,0.34944858979279075,train,False,1273
0,100,c,0.14482121478532936,0.14481914963006168,0.17876772357959422,0.09082911444715577,0.09081659892355774,0.6640695424069634,train,False,1274
1,100,d,0.01103283984533,0.011058835417436201,0.016984540340269753,-0.022483721338475055,-0.02248479032172982,0.021938722919219843,train,False,1274
2,100,e,0.22507419552427632,0.22492940264735517,0.27704731318572884,0.11162947484647266,0.1116433349419754,0.31006731139883753,train,False,1274
3,400,c,0.05522315451057831,0.055251685732943756,0.0770701937870282,0.05127342911630833,0.05121985219070517,0.9855172632499317,train,False,1274
4,400,d,0.007281918514848887,0.007281144971833124,0.010471771774320182,-0.006016835151615112,-0.0060167755005044125,0.015687487474883532,train,False,1274
5,400,e,0.16718055673024085,0.16716050144537412,0.23814670153927053,0.1758428275860524,0.1758347929908824,0.4110956703693708,train,False,1274
0,100,c,0.11410196565109329,0.10353566824580146,0.06233177859601294,0.04185240625340086,0.04027393986871061,0.9490314142792259,train,False,1275
1,100,d,0.008818730969358814,0.008820624160772497,0.005183096012302325,0.011969477376974638,0.011968552454647181,0.038379780053237944,train,False,1275
2,100,e,0.18911638833219688,0.18912084951183028,0.25919207107809195,0.11910282879009326,0.11909148614415824,0.28423549500414613,train,False,1275
3,400,c,0.06958231412141996,0.06947221038299926,0.06770456263299014,0.027865249332833457,0.027814602599271793,0.46883234807922475,train,False,1275
4,400,d,0.005285238370045306,0.005282990386800544,0.005494669647893642,0.005854642031639923,0.005846314843334355,0.046634900459661566,train,False,1275
5,400,e,0.19393426029572386,0.19394383927161532,0.26895017325748083,0.13659858788721274,0.1365933038428485,0.37109750622393456,train,False,1275
0,100,c,0.07165364963753496,0.07163484141513299,0.06964847411602806,-0.11373626692963186,-0.11374944428389128,0.131780366014958,train,False,1276
1,100,d,0.012108305010239222,0.012108279816590978,0.014947389105793938,-0.008074765280075677,-0.008075009120093882,0.138319300149085,train,False,1276
2,100,e,0.1549841148014996,0.15497401186227105,0.28126722354924555,0.11482258370675752,0.11482035046800455,0.33751255145476977,train,False,1276
3,400,c,0.06182512412134576,0.06185847823786226,0.0845978825560047,0.03443693675916798,0.034411073956607655,0.5002085639865121,train,False,1276
4,400,d,0.009915995909491713,0.00996286733132226,0.011240793798660132,0.005431606140784915,0.005428416255835717,0.014052950370863683,train,False,1276
5,400,e,0.20298214446804302,0.2030097928550335,0.28700185040610793,0.15818471934733935,0.15817975700308382,0.30750950601818333,train,False,1276
0,100,c,0.0465143735533571,0.046517985354437304,0.07887206992471302,-0.014479620850314845,-0.014490128965850389,0.7753397922569397,train,False,1277
1,100,d,0.003927921997863127,0.003927949734847513,0.004221295648975599,-0.02296705889090273,-0.022967466158711557,0.06105200932779189,train,False,1277
2,100,e,0.15335652096532212,0.1533977308474556,0.22133135727152367,0.09056413454270512,0.0905608099800618,0.395648414896777,train,False,1277
3,400,c,0.05513947063244738,0.05514107443314792,0.08754411972577138,0.047745977635559246,0.04774300761302008,0.7477308431575008,train,False,1277
4,400,d,0.003985238474823896,0.004576425959550578,0.004648072164272297,-0.004298352124859086,-0.004708192271922869,0.025136756032039857,train,False,1277
5,400,e,0.17624791846413312,0.17628195772054403,0.26502648904489134,0.1349621185117494,0.13495417764674414,0.3226388019175428,train,False,1277
0,100,c,0.0616063066978799,0.06160481665261812,0.07710137803751166,0.10395091246714991,0.10394745333695675,0.3670293287218969,train,False,1278
1,100,d,0.019952284154054842,0.019954440831161588,0.01163942924773339,0.009890971255360892,0.009889906382401534,0.13376337511198147,train,False,1278
2,100,e,0.22467827044683666,0.22469217025011884,0.334640286763158,0.1260557369282959,0.1260532018033807,0.3743326431013145,train,False,1278
3,400,c,0.06149655169306912,0.06150695299568139,0.08103188544686482,0.055788012541487075,0.055717844468611166,0.6073387324989339,train,False,1278
4,400,d,0.00808308319990762,0.009759485249962698,0.009140865558545687,0.021380840914460356,0.020598537269893545,0.0750195570117112,train,False,1278
5,400,e,0.22332019952574803,0.2233161259173496,0.3104255853163032,0.17572065777072118,0.1757182020414357,0.28508616743645265,train,False,1278
0,100,c,0.06228385978247604,0.062287939198292355,0.09243678798353142,0.028865604225466655,0.028862867758930193,0.7502917800743085,train,False,1279
1,100,d,0.004314822203214155,0.004314820624785896,0.00447315607689772,0.0014604958837689886,0.0014603624290512407,0.04860997852125603,train,False,1279
2,100,e,0.2298567055668251,0.23772632362169277,0.2298021032995121,0.1439129801576457,0.14821138116943125,0.34241988392664624,train,False,1279
3,400,c,0.054315496608900976,0.054316340239232944,0.07688664264248046,0.02593913289211443,0.025912686158671365,0.7068331983022434,train,False,1279
4,400,d,0.006182605834821374,0.006183366515182854,0.0058441521391537545,0.00507368380229801,0.005073286635045075,0.04372969945724142,train,False,1279
5,400,e,0.2045281511271704,0.2045253790902117,0.29400914032800907,0.16804309051972097,0.1680361161141591,0.3709769438351853,train,False,1279
0,100,c,0.23261569725351436,0.2324604404551321,0.21457484643629424,0.05109872708078797,0.05107480192661783,1.151883527841023,train,False,1280
1,100,d,0.03335353653427882,0.020712776361249255,0.012154324748436134,0.02044287352987297,0.023433711765658564,0.050667487061705214,train,False,1280
2,100,e,0.21336658930140698,0.21336774914484935,0.21916073643590106,0.13554122846479147,0.13553107087405317,0.328193745294114,train,False,1280
3,400,c,0.06306654029968639,0.06307990515691138,0.08450708641359825,0.04400582028893098,0.04400160549483658,0.8873597523125406,train,False,1280
4,400,d,0.007386143386803523,0.008660207429157709,0.009183518087339707,-0.015369302451565918,-0.016057889169799004,-0.001901355950546293,train,False,1280
5,400,e,0.17472231144446637,0.176512875904446,0.23557116187069435,0.14212504519556318,0.14186061252181126,0.312499054628254,train,False,1280
0,100,c,0.2622913765231808,0.11526870584548857,0.11171627401507254,0.05326762491331437,0.09584663650137465,0.30163048508868945,train,False,1281
1,100,d,0.005037807425667591,0.0050376800446627,0.004940811525738515,-0.017663959526497717,-0.017664520444475845,-0.015471156489937528,train,False,1281
2,100,e,0.214672945175252,0.21469723617998648,0.21667912376463264,0.14687451366478294,0.14686786714742475,0.2922594359630805,train,False,1281
3,400,c,0.06664962650722206,0.06665257803659094,0.08358476450620758,0.09296744431863843,0.09296270258938932,0.4018452473825789,train,False,1281
4,400,d,0.00531537217856479,0.00527965529571129,0.005260886062995862,0.008890184158577358,0.008882301847164698,0.05365779017802692,train,False,1281
5,400,e,0.18025304703434206,0.1802446130030933,0.2659502437268167,0.17411075600322412,0.17410731058079015,0.32520761465265396,train,False,1281
0,100,c,0.06646390555152268,0.06647610234994837,0.06142394158308337,0.003505206320972718,0.003496443055048104,0.6765496980554951,train,False,1282
1,100,d,0.004293942600749588,0.004294021253432092,0.003138693659831983,-0.008778578560505342,-0.008778712379441576,0.07600281986294112,train,False,1282
2,100,e,0.16789278295546686,0.17109022710594124,0.23101841138855575,0.14744514372028072,0.14752518344337395,0.34839063937633113,train,False,1282
3,400,c,0.06483499880864421,0.06482502688623953,0.07885073352830511,0.05633936639114154,0.05633385783991834,0.5265517737371018,train,False,1282
4,400,d,0.006620696565583855,0.0066208515133415625,0.008951381583810094,-0.0009516482908206214,-0.0009519628403639402,0.02022682686383886,train,False,1282
5,400,e,0.17544991265289897,0.1736345359236137,0.24845379083291774,0.1728786036827774,0.17259238778532493,0.30083910606569275,train,False,1282
0,100,c,0.06897279773576104,0.06896627215023421,0.10705932936497727,-0.030887923702064272,-0.030891351675903567,0.32105610768232884,train,False,1283
1,100,d,0.016034637762661244,0.016036852235442576,0.00617849457788889,0.033069978642224246,0.033068940301518225,0.15305477910072576,train,False,1283
2,100,e,0.19623833558478332,0.1961016646091543,0.2633204899535191,0.13501931688737653,0.13501717002452257,0.31654354628440784,train,False,1283
3,400,c,0.09208856183550093,0.09215154336727352,0.0900486459611394,0.0639910089420362,0.06395320071269936,0.3736536360916415,train,False,1283
4,400,d,0.004374946628184337,0.006180258607055014,0.005735060020854832,-0.010537943217581187,-0.01145793849607614,-0.006851546138215152,train,False,1283
5,400,e,0.14677385221939673,0.14677197767898853,0.24105719860156707,0.15923621074576033,0.15923548074425106,0.3288689594266449,train,False,1283
0,100,c,0.05551744077329064,0.055463013502766965,0.09584868895561337,0.0769862708420412,0.0769913063817971,0.49965368411339844,train,False,1284
1,100,d,0.006412906676627283,0.006415766426365231,0.007906775356194827,-0.015523772476030722,-0.01552482972020309,0.00957714618573009,train,False,1284
2,100,e,0.25702209316934277,0.25696925235696744,0.22907279403954006,0.07236945374561508,0.07238334091232027,0.32252042910297457,train,False,1284
3,400,c,0.0559838838871303,0.05598446831626484,0.08654905950448383,0.06969191561901468,0.06969103333501522,0.7269326666487673,train,False,1284
4,400,d,0.007699762816016571,0.007699381436988576,0.009879964391733364,0.0006047964031045439,0.0006049733763715004,0.03644968885997177,train,False,1284
5,400,e,0.1811764965786084,0.18116831197601393,0.2647350645376916,0.14962219037937727,0.1496137045042781,0.3375417613397779,train,False,1284
0,100,c,0.1383316343730412,0.13831050646546234,0.16292047948241123,0.12900474250651,0.12898106640707951,0.8801899037659625,train,False,1285
1,100,d,0.016161941341226272,0.016164351924593204,0.01636078479605242,-0.0052201699295245695,-0.005221300124962021,0.09847754765163287,train,False,1285
2,100,e,0.20609518556705503,0.2060746067433703,0.25148451786472065,0.14052166230259863,0.14051579381719406,0.24798215215720107,train,False,1285
3,400,c,0.0648973943174305,0.05129158887217062,0.07082679725918982,0.07922092895589274,0.08026942495946174,0.6880718851065772,train,False,1285
4,400,d,0.009493956367116498,0.00949397446712645,0.01033091476895115,0.022891623535786998,0.022891660546274492,0.3249891587375271,train,False,1285
5,400,e,0.17532399499482326,0.17600900185823457,0.23081250150146007,0.15821396138474822,0.15967534862051916,0.30747157372520556,train,False,1285
0,100,c,0.09417270044823783,0.09417842448689631,0.11043046407535584,0.017037119742399513,0.017033536107168387,0.18734281451547857,train,False,1286
1,100,d,0.01222958228346886,0.012213959744880647,0.014251849825190755,0.0074730107440128535,0.007470807938266724,0.01571882984580464,train,False,1286
2,100,e,0.2848605312352385,0.2850215765263455,0.310831161942466,0.0646840027183633,0.06468374810595805,0.31995032427229786,train,False,1286
3,400,c,0.07450368488594865,0.07274260852072041,0.08193668285635304,0.061602756531110005,0.060874869660160015,0.5509560073593786,train,False,1286
4,400,d,0.006358902372574135,0.0063476527919273966,0.006265026301289507,0.0023833972721603305,0.0023799778814350783,0.10130491050646018,train,False,1286
5,400,e,0.19502681191488833,0.1946620300804561,0.27604963810180244,0.15712569790741768,0.15705509504303267,0.3734943381068358,train,False,1286
0,100,c,0.06810373827100485,0.06812236561130666,0.11208464405636161,0.0944024928030504,0.09437084448921511,0.6403704598370454,train,False,1287
1,100,d,0.005322343112301929,0.005322149543651417,0.006243955860330549,-0.030551647128656007,-0.030551149304677967,-0.02143076017323114,train,False,1287
2,100,e,0.2119350114456763,0.21257899276888031,0.43138999086854235,0.16074362595731978,0.16077944926049165,0.28389818959854285,train,False,1287
3,400,c,0.0598710578661009,0.05987058319011267,0.07993471570478507,0.06526487434980233,0.06526580331703649,0.42598496215811776,train,False,1287
4,400,d,0.007622049720488699,0.007628104483031869,0.006649466922564187,0.006981911836577641,0.0069765605124227645,0.07664027882512661,train,False,1287
5,400,e,0.20747591651589098,0.20747438927956616,0.2745990447320281,0.15887966286603555,0.15887070262969322,0.31182790043623554,train,False,1287
0,100,c,0.07334765520386313,0.07326632706742282,0.06178482108926264,0.07717832157823701,0.07720126822879714,0.9159756579489988,train,False,1288
1,100,d,0.008579487727030379,0.0085801112802778,0.004765060090529421,0.016371758319392367,0.0163711629738631,0.03635622861966045,train,False,1288
2,100,e,0.1648052965728843,0.16481163801822887,0.22892986568442386,0.10504448336121086,0.10502927755634126,0.381809782342244,train,False,1288
3,400,c,0.05477543213958644,0.0547744615558525,0.07150169561231473,0.028349344426919033,0.02834577415864672,0.5996787344369633,train,False,1288
4,400,d,0.010475691454362793,0.010475322630067072,0.00495266013695474,0.013455843082442326,0.013456051580573813,0.1448008381026461,train,False,1288
5,400,e,0.18551689570920518,0.18553275317025567,0.315179794597328,0.1548297642556369,0.15482142701486076,0.3429389098613166,train,False,1288
0,100,c,0.15449157789454523,0.1545866491512797,0.09459153020057252,-0.04293411931408514,-0.042946924559898465,0.41056748997780346,train,False,1289
1,100,d,0.0028284527377285913,0.002828299212122838,0.003913318865277396,0.004314934228175034,0.0043148804111668325,0.07163792324260931,train,False,1289
2,100,e,0.16284340905224373,0.16283815593639406,0.23759463494835728,0.0936940650816214,0.09369658130094305,0.3296079116365735,train,False,1289
3,400,c,0.0591637248816504,0.059200670878698854,0.08650024898206789,0.08147070523085233,0.08142159561895781,0.3677872932443627,train,False,1289
4,400,d,0.00908523689322631,0.009085430383750015,0.0072171822870946934,0.02299227981237536,0.022991775384226722,0.02962169647716692,train,False,1289
5,400,e,0.1974942075481508,0.19749351806869128,0.27197896195074617,0.15458998509472174,0.15458318943045116,0.3214771569545377,train,False,1289
0,100,c,0.10736607964379247,0.11475440775654945,0.10463948906067701,0.04846336970919154,0.05293604246386138,0.4149881936894175,train,False,1290
1,100,d,0.01693099830932675,0.01693655512476297,0.019106170957728683,0.01494305321951929,0.014939173635473377,0.08291894723765214,train,False,1290
2,100,e,0.25612326470517827,0.2561262793627545,0.28901199041222647,0.10660617634749756,0.10660048795600759,0.30881175320399334,train,False,1290
3,400,c,0.055234502603791764,0.05523354361227258,0.09154631833325907,0.024439684447873092,0.024437227944444473,0.33676861857072005,train,False,1290
4,400,d,0.007379413611890944,0.007379247503753673,0.010215720356795499,0.018099947086584366,0.01809961202810886,0.12772715417573574,train,False,1290
5,400,e,0.20574815103698882,0.20569485041551805,0.3102323721413321,0.1654571246888451,0.16544730468805952,0.32074540899039505,train,False,1290
0,100,c,0.06953050614215621,0.06976125752106703,0.08308805117714338,0.11154677193893818,0.11132076775335194,0.3382421744765216,train,False,1291
1,100,d,0.007665550621027697,0.00766951645511748,0.009516054039663055,0.0021252789209041723,0.0021241668168161887,0.015373070950793277,train,False,1291
2,100,e,0.2483007069904845,0.24803627105583437,0.33579982727665963,0.14846048094370973,0.14846195159708095,0.3433719419322186,train,False,1291
3,400,c,0.060396552249832966,0.060456391468188576,0.0694454568810029,0.04266477946963455,0.04261865321387916,0.5601945882227328,train,False,1291
4,400,d,0.0073496700872869095,0.007353228580850612,0.008519831827113711,-0.0006468214652964832,-0.0006552737442869905,0.06354337828226374,train,False,1291
5,400,e,0.19578000049921926,0.19577904380405148,0.3003783715317575,0.17121643414993748,0.17121340318485273,0.2978727329422143,train,False,1291
0,100,c,0.06507052289252253,0.06495039100649073,0.09233913981783416,-0.02970822990146928,-0.0297055586475922,0.542447003251837,train,False,1292
1,100,d,0.00543326358892572,0.005447403404654913,0.005294666553518119,-0.009361998086387739,-0.009362082886849468,-0.009185229615102113,train,False,1292
2,100,e,0.15460138636399148,0.1545349726659936,0.22492805564973634,0.12301935819838064,0.12301952431411159,0.3220955983917941,train,False,1292
3,400,c,0.056747679333731434,0.056730066116719054,0.07415585951709168,0.013669713021425594,0.013665767317388743,0.6189581000958678,train,False,1292
4,400,d,0.007404782088412542,0.007418102368322633,0.004951452284733265,0.020558549192518944,0.020546569853934677,0.06975837258479654,train,False,1292
5,400,e,0.16623235705518166,0.1662250878374304,0.2715106719665972,0.15449533566883453,0.15449197175498447,0.2939456366966282,train,False,1292
0,100,c,0.07984229605517527,0.07984813685359726,0.09844143391431633,0.12698004980076924,0.12697186184127282,0.4722103573428405,train,False,1293
1,100,d,0.025398864333716586,0.02539888385969592,0.026406520468112843,-0.01075980201821892,-0.010760108011708347,0.004705653164497167,train,False,1293
2,100,e,0.1943491444622683,0.19441281621445877,0.30490942497780277,0.16065672896881544,0.1606523240823681,0.3056611563282858,train,False,1293
3,400,c,0.05583134970492168,0.055829102271894915,0.07540478474806514,0.055939598487255895,0.05595499508983849,0.6996382211185278,train,False,1293
4,400,d,0.009941080369693324,0.009941390048174948,0.010607444894513773,-0.007864947422344422,-0.0078653290904262,0.025581712998474143,train,False,1293
5,400,e,0.19848022335898416,0.19848691815579467,0.298668245608545,0.15950571349544945,0.1594993598452892,0.34341815101370793,train,False,1293
0,100,c,0.059595399776088735,0.05959460216756688,0.07332996464490052,0.04636686373298964,0.04636058374048112,0.3913497747829714,train,False,1294
1,100,d,0.0638396382350912,0.06387783459644997,0.014716584069599501,0.021306364226745114,0.02129982546737834,0.1493584822826557,train,False,1294
2,100,e,0.22886344471343908,0.22883699559124138,0.3229402741753436,0.14126468210564425,0.14125195876758376,0.3143047360292393,train,False,1294
3,400,c,0.09245939238443789,0.09257353273362838,0.09988621468912787,0.020820111307753776,0.020761304829217623,1.0442432898350764,train,False,1294
4,400,d,0.008698228470747913,0.008703256229897432,0.006057650138405431,0.017983227611204546,0.017982148240830238,0.021355758857222254,train,False,1294
5,400,e,0.1966954981877965,0.19666240205832544,0.27846496442116697,0.14767426922703986,0.14767207414832823,0.33078766439132395,train,False,1294
0,100,c,0.056939889598284055,0.05693520606500079,0.10330143597683296,-0.00022510196168354924,-0.00021652888751297895,0.5140524568483624,train,False,1295
1,100,d,0.009304706131393992,0.00885995735017903,0.010320023030106453,0.0068502606222770445,0.007260380044182,0.1028799966491737,train,False,1295
2,100,e,0.20759181998074003,0.23189313053340158,0.29247300670197196,0.15442867704464974,0.16764520184659382,0.22760636175640606,train,False,1295
3,400,c,0.05228369631728594,0.05228339811292616,0.0903977288589396,0.07050136986490017,0.07049997971134218,0.3398494791267087,train,False,1295
4,400,d,0.010477898068550252,0.01045324011776383,0.011071445631654941,0.002998524542205772,0.0029323147655802373,0.03690137398049359,train,False,1295
5,400,e,0.18413830141886897,0.18408924647933295,0.27660855597978634,0.18738464175858277,0.18737911122550813,0.29576170877365315,train,False,1295
0,100,c,0.0764003323090442,0.0742062861453156,0.11589167884579821,0.03446801837061365,0.0344129708631791,0.1953811090715731,train,False,1296
1,100,d,0.01654855158547893,0.016546995455028794,0.010962681930880316,0.011234861546164794,0.011233459747333967,0.10132041664636868,train,False,1296
2,100,e,0.19726947929214356,0.19742943419341594,0.31404980462469906,0.13474390197339367,0.1347365913858772,0.34137597100466766,train,False,1296
3,400,c,0.05250647579924928,0.052731339221233825,0.09488056846185236,0.02156606296619266,0.021597459935748377,0.5020401755060175,train,False,1296
4,400,d,0.004640281720642339,0.004640329026646621,0.004892012111945595,-0.010986498925217046,-0.010986958988342703,0.030959778978404646,train,False,1296
5,400,e,0.14337170549832443,0.14339286050111696,0.2526073547083633,0.15611888606230218,0.15611194818373478,0.31785564468541255,train,False,1296
0,100,c,0.0893157098559678,0.08928123307112112,0.07289500994464007,0.12582478440075234,0.12583888683880376,0.9472236845832852,train,False,1297
1,100,d,0.007259475275196081,0.007259608711085308,0.006885602759972096,-0.02890666255815786,-0.028907142398309223,0.04121628408948668,train,False,1297
2,100,e,0.2594716866544184,0.2601565078728867,0.24557331844020944,0.06474308532034641,0.06471729454830907,0.3030882719778812,train,False,1297
3,400,c,0.06647265802028862,0.06625366716305986,0.08286530526755148,0.01994275805595848,0.019912991478921924,0.42730812685290914,train,False,1297
4,400,d,0.005252318451424749,0.005252547126525688,0.005963909550598382,-0.004174153162695493,-0.0041746693989719395,0.024122999398248676,train,False,1297
5,400,e,0.139510983998634,0.13949082812279964,0.19586166481970368,0.1321609082309329,0.13216021490882468,0.3629278386563,train,False,1297
0,100,c,0.0706797910290392,0.07067541888261054,0.07577694962810139,-0.020069840964606272,-0.020085305178951813,0.7833963576819407,train,False,1298
1,100,d,0.005533942025419709,0.005533968665490299,0.005293902227403893,-0.017416686172040025,-0.01741694451865255,0.03301361670433417,train,False,1298
2,100,e,0.31657851031008244,0.3166104888023474,0.34395322603064954,0.08961131756704688,0.08960871156679971,0.47128799982977937,train,False,1298
3,400,c,0.062199979543970475,0.062233159812982636,0.06243343757183648,0.046448924840997774,0.04643897675595433,0.816737091418338,train,False,1298
4,400,d,0.006172310284087954,0.006172460824313659,0.004551596544595946,0.007520154430621346,0.007520137382486283,0.16510130850494917,train,False,1298
5,400,e,0.1724737031133798,0.17247976274777987,0.29918067322083064,0.16131442231858692,0.16131146459095164,0.32849510418067895,train,False,1298
0,100,c,0.07635916364048233,0.18485263564122392,0.12783473408150778,-0.07322342208538003,-0.14526382230452606,1.0348294930179336,train,False,1299
1,100,d,0.007872337224170241,0.007872809263467213,0.006100693606631895,0.019180472093093395,0.019180048159056506,0.026896183956214924,train,False,1299
2,100,e,0.20145889149693313,0.19628971046312776,0.316531709032241,0.13976577841423646,0.13927241149415803,0.34711035933022066,train,False,1299
3,400,c,0.05635949782306882,0.05636056510963796,0.07438324769502622,0.050576571791612464,0.05057265270732863,0.40225981943439604,train,False,1299
4,400,d,0.005506881543014915,0.005507005513646635,0.004284143108527127,0.010772862207167364,0.010772730430686987,0.09729642295424984,train,False,1299
5,400,e,0.20578873466685427,0.20574243990399613,0.34540936626817703,0.16864530272856143,0.16864296335189025,0.2885478829524903,train,False,1299
0,100,c,0.08031023541890246,0.1753667455462247,0.07841967890989969,0.08315741753924882,0.04982211683720166,1.0203868602610948,train,False,1300
1,100,d,0.01122584441720773,0.011233396992218729,0.01085723255805806,0.010419093606315748,0.010411578504611115,0.0830819262934997,train,False,1300
2,100,e,0.24955790202323655,0.249545549609111,0.27471098324292487,0.1142932355190068,0.11428527706339096,0.3816298269670389,train,False,1300
3,400,c,0.05847483288871589,0.05845355884897992,0.07846865361022505,-0.005252454435775675,-0.005276071742922142,0.3434767452132233,train,False,1300
4,400,d,0.005834899020867961,0.005835072839601888,0.005137054260123762,0.0074566860346346785,0.007456523490289975,0.05441382839651302,train,False,1300
5,400,e,0.18795007643241796,0.19458345375232886,0.30672180853896414,0.15306404640930651,0.15374284593461482,0.3357732576027591,train,False,1300
0,100,c,0.08257624221501014,0.08256469156901339,0.0848283387541287,0.13113664777888828,0.1311293503056646,0.8134181846615067,train,False,1301
1,100,d,0.00922587619464792,0.009226070489128114,0.012039453273321763,-0.01079103386149841,-0.010791322637872849,0.08054554643228584,train,False,1301
2,100,e,0.18847295090967617,0.1739336294910467,0.2329130857069877,0.13355558100132867,0.14485511822853867,0.32233297117371107,train,False,1301
3,400,c,0.05494433985301525,0.05494295872918497,0.08890006789838209,0.04524347438389484,0.04524085448888293,0.4504315715979876,train,False,1301
4,400,d,0.005347111918831356,0.005663805524224885,0.00655665915987525,-0.0018165541063232206,-0.0022346248878034203,0.041283009150961864,train,False,1301
5,400,e,0.15435851524015728,0.15441105560413448,0.2369077550123109,0.1546676282144844,0.15465470123172048,0.31992448859356665,train,False,1301
0,100,c,0.0589333428063978,0.05893951370363789,0.055463372480797905,0.06423978602299499,0.06423316186203365,0.7971903831094894,train,False,1302
1,100,d,0.007537034635348589,0.0074583746117945875,0.00873196412374395,-0.019506462684555893,-0.019517567976834817,-0.01928186744264231,train,False,1302
2,100,e,0.20015648721662718,0.20016674246433688,0.2323171966621485,0.05783217853843858,0.05782788665869774,0.3243999501589135,train,False,1302
3,400,c,0.053235883970079306,0.05289521997839257,0.0735958954664628,0.04288223170214188,0.04285313995883044,0.40913365851292,train,False,1302
4,400,d,0.012140936841772849,0.01280948238708205,0.0074917922008073765,0.00728548938684467,0.00719105093774628,0.03704901667193813,train,False,1302
5,400,e,0.1670613584422336,0.16730785069713838,0.2600676103887899,0.15733868720271393,0.15854906887304393,0.3052905021145396,train,False,1302
0,100,c,0.07411778375538293,0.0741050064865902,0.09005999193139096,-0.04191431167129075,-0.04195119126323313,0.7269976646112122,train,False,1303
1,100,d,0.012740749243867583,0.012741264452620074,0.008624387176714736,0.024561096688166924,0.02455973931630661,0.08066134758447911,train,False,1303
2,100,e,0.19865611381987752,0.20587246142017612,0.36438643176281266,0.14703486538195493,0.15295837858242123,0.27126205463183856,train,False,1303
3,400,c,0.05720791063132644,0.05720786851192297,0.09302156377847799,0.03361070162712984,0.03360720868694031,0.6429048169159046,train,False,1303
4,400,d,0.0050460558657965315,0.005046185985545215,0.00601558970218425,0.00016606732074087916,0.00016575497439127673,0.016368501381740685,train,False,1303
5,400,e,0.16192388210292472,0.1619050464794097,0.23083423298831654,0.14999790346393418,0.14998340681293415,0.3494110296971731,train,False,1303
0,100,c,0.055747362309625806,0.0551709958560738,0.06452070726102647,0.026859424192613588,0.026709389702622204,0.8408122925136883,train,False,1304
1,100,d,0.006139769684219736,0.006140157427059252,0.005793856879387389,0.0028227701478965627,0.0028223601458431348,0.005415996877237923,train,False,1304
2,100,e,0.20823394825351602,0.20822971298338164,0.34224985836404764,0.1536177830817705,0.1536205146074428,0.30846436252529624,train,False,1304
3,400,c,0.061694089654558165,0.06167521488070174,0.10422615515894418,0.0398009228956758,0.0397501440841149,0.514017402216379,train,False,1304
4,400,d,0.004517057441431752,0.006974514262609785,0.006938983056780244,-0.006343747829578774,-0.007875779991359444,0.06685470056948342,train,False,1304
5,400,e,0.19152855912599054,0.19151840522904476,0.2674790654504225,0.14370087904568316,0.14368091205163203,0.2941543023400679,train,False,1304
0,100,c,0.06348212918479569,0.06350635195776144,0.0552328849400785,0.056755685178682784,0.05673748844689115,1.028680743748574,train,False,1305
1,100,d,0.007466352292278508,0.007481652878147584,0.008111978537970141,0.008357917893565912,0.00835125308836707,0.034573259995727364,train,False,1305
2,100,e,0.21506673749522226,0.21504765025145353,0.21873596092858633,0.16350961647175838,0.16349311064462677,0.29507682330903007,train,False,1305
3,400,c,0.058900314541092236,0.058898593590513616,0.08553808627603132,0.0018406163095315976,0.0018396463886116265,0.2623203890400447,train,False,1305
4,400,d,0.0063685189141648975,0.006369036353179561,0.005721266765556256,-0.006242803593341311,-0.006242962878704326,0.02473498997769992,train,False,1305
5,400,e,0.17693941809253047,0.17698787844433322,0.2631487587928707,0.15710888694178748,0.15709882742083545,0.3338710878108806,train,False,1305
0,100,c,0.10373334703913384,0.10387058001914015,0.0785001884625454,-0.005523542426976676,-0.005541440545045191,0.4187378670606382,train,False,1306
1,100,d,0.011333829683694596,0.011335303125719835,0.007189993130833888,0.0021666045150883838,0.0021658608633917174,0.022789990203474275,train,False,1306
2,100,e,0.16153537656940592,0.16157000566935215,0.23747175232658066,0.14238121551009283,0.14237048398121135,0.3263400820597883,train,False,1306
3,400,c,0.06329545934406806,0.06319403603578036,0.0989610397677755,0.07009631878669062,0.0700519475323987,0.5141899090717789,train,False,1306
4,400,d,0.007012365421123577,0.007012450325055105,0.007953492707985071,-0.007917506961604844,-0.00791775602149908,0.029507510178504434,train,False,1306
5,400,e,0.1743296523098005,0.17431974413544535,0.3054339772464536,0.18422575040652917,0.18422165654244402,0.3009034522849185,train,False,1306
0,100,c,0.07816139390506327,0.07813402618521124,0.10478098352326701,0.07931522907823706,0.07931418509555634,0.5657449655171933,train,False,1307
1,100,d,0.010362373963788743,0.010362605466185615,0.012100509919820764,-0.008034324021836473,-0.008034935623771009,0.03128110963565515,train,False,1307
2,100,e,0.26052663304082435,0.26049042562387426,0.24329972818285409,0.04637251960581477,0.04636842055291982,0.3557802259145707,train,False,1307
3,400,c,0.059988386393766496,0.06001190382822107,0.07965738698401163,0.06503829548017158,0.06500726462846401,0.7462218991173856,train,False,1307
4,400,d,0.0051946510422550525,0.0051581233290497455,0.006024601669152021,0.006760518941745027,0.006757819034559933,0.015318440743247183,train,False,1307
5,400,e,0.2102111826535179,0.21287916575538762,0.317872597662608,0.17179767559786258,0.17536574860316273,0.40322920030038145,train,False,1307
0,100,c,0.17389019840648104,0.1738777935911887,0.1389229806232458,-0.07274783420973321,-0.07519229885699324,0.7923519996648176,train,False,1308
1,100,d,0.006474963830814723,0.006475129352290432,0.010219671371950985,-0.01852138953299985,-0.018521812349980547,0.0020584473173194872,train,False,1308
2,100,e,0.1790223651644293,0.18118381629269367,0.2671850958130823,0.13768494103267004,0.13882550556594056,0.30671832493530166,train,False,1308
3,400,c,0.08791792943137754,0.08472561026001095,0.08967412168282897,-0.025914544442218173,-0.026541399993172874,0.6149888304391963,train,False,1308
4,400,d,0.0059000636138689085,0.005900190981180179,0.006068994198342523,0.010788079596393593,0.010787849365018972,0.1484535418130985,train,False,1308
5,400,e,0.1939243388740101,0.19393395797882054,0.25912305797661156,0.14622560592941966,0.146219125722415,0.44458323996442545,train,False,1308
0,100,c,0.07838216322135207,0.07839908507981501,0.12040848074774804,0.0335037953771883,0.03349679049492394,0.3883093725459071,train,False,1309
1,100,d,0.009685377402263556,0.009686246602437408,0.005773691161461021,0.018131593367287344,0.01813119171394005,0.08171538629134467,train,False,1309
2,100,e,0.25221181129301556,0.252187432253978,0.31235749259840684,0.11529294413946777,0.115282089465201,0.312293784794479,train,False,1309
3,400,c,0.07522150455857593,0.07336524702686682,0.1003230505067924,-0.028837966322621755,-0.029027165939714765,0.37058683620410554,train,False,1309
4,400,d,0.011036688917326074,0.011036683420165878,0.013080529669079397,0.009128578936048832,0.009128387499639725,0.06992443565082126,train,False,1309
5,400,e,0.17558180781998123,0.17550024665017502,0.31919555241567127,0.16790438057946666,0.16790070877445204,0.29262371441918367,train,False,1309
0,100,c,0.13238901362972313,0.1315122975743102,0.1276162537174777,-0.01886498493410869,-0.018856942749571174,0.8264580824824725,train,False,1310
1,100,d,0.01003858719622347,0.010046174481403033,0.009421207916721129,0.002399305102842426,0.002397827639056711,0.004598618120789854,train,False,1310
2,100,e,0.1656287851918978,0.1658387786097498,0.22199734074064498,0.14019660874137496,0.14017392701576195,0.30882261534385114,train,False,1310
3,400,c,0.07636965060065712,0.06830517901985936,0.08296692064499518,0.0579277201166105,0.0598266390004553,0.5705408910094766,train,False,1310
4,400,d,0.006606530709160354,0.006606759024076334,0.008321000231356459,-0.013147775781506041,-0.013148270390805603,0.03935736918808823,train,False,1310
5,400,e,0.19684768265662891,0.1968477429148689,0.223810424800275,0.13796243188165289,0.13795933932928844,0.3518723287040498,train,False,1310
0,100,c,0.11094160821541982,0.11083062244408802,0.06945662916312276,0.08553927986420164,0.08549264298893305,1.0035139607447974,train,False,1311
1,100,d,0.010175108013112135,0.010035709280502287,0.005486587274250962,0.009152270410793672,0.009075223107563701,0.05458266639785567,train,False,1311
2,100,e,0.21797935326607035,0.2192526782495566,0.2994515724664979,0.16865047068443445,0.16868388041660468,0.32798026468525315,train,False,1311
3,400,c,0.07708331740934772,0.07342445002371488,0.0926854037968718,0.0882903697954545,0.09019473023390055,0.6750617886587146,train,False,1311
4,400,d,0.005899899407922687,0.005900382949458668,0.006554669117165381,0.001998133063597436,0.0019977011999991845,0.046156911659963565,train,False,1311
5,400,e,0.17725698441387558,0.177257656602124,0.24211973228692898,0.1565335051618083,0.15652230286846724,0.3113859141127822,train,False,1311
0,100,c,0.14219564301369705,0.14218082897294942,0.13818119445662366,-0.045207458843172364,-0.04524563884614288,1.1648087330708075,train,False,1312
1,100,d,0.015988068738975635,0.015991793796658046,0.013346890694562909,0.009557704632956998,0.009556458842167609,0.01383395988283688,train,False,1312
2,100,e,0.18572730729040682,0.18578116451968862,0.24070262583982036,0.15047648526648075,0.15047038770541052,0.30115877245419614,train,False,1312
3,400,c,0.06245648030378837,0.06246853483777765,0.0728362062916081,0.01777923337220308,0.017739042657505807,0.7659005977598337,train,False,1312
4,400,d,0.00464577530429905,0.004645789555220743,0.005290489811971219,-0.004349946355101881,-0.004350125379712715,0.06098308819612605,train,False,1312
5,400,e,0.17909804364758447,0.17968787563033825,0.2503291369623306,0.1346839973343294,0.13472941348473114,0.34575431867995704,train,False,1312
0,100,c,0.06865322746593071,0.06864532740710262,0.1165815836799828,0.0023958024593337514,0.0023914818109545878,0.8333692536240761,train,False,1313
1,100,d,0.004278686358766193,0.004278807177274244,0.004761750381668031,-0.013826712871184981,-0.013826922822194998,0.0034593439908177006,train,False,1313
2,100,e,0.170227675158839,0.17019179345196364,0.2006255507858002,0.08908941402798881,0.08907883844543392,0.41307032438984076,train,False,1313
3,400,c,0.06110451657603651,0.061069740314546796,0.10237855200593421,0.006364708651851601,0.0063517139883876444,0.39389188012897686,train,False,1313
4,400,d,0.006223578339443424,0.006223165576608625,0.006658400536750077,0.015492653802279328,0.015492939503374964,0.09273135689328814,train,False,1313
5,400,e,0.17433321958734024,0.1743732277768521,0.2831679279646952,0.16780675842798481,0.1678037925243663,0.29115750129307005,train,False,1313
0,100,c,0.09121040716938099,0.09172901299174697,0.13971974463968365,0.07117612565958041,0.07116670629105208,0.4689830609216955,train,False,1314
1,100,d,0.024131450916709592,0.024134785425016726,0.012267784129825933,-0.0047908836614927175,-0.004794265284641615,0.08153143415007273,train,False,1314
2,100,e,0.2261583549725339,0.22620334687594876,0.2777620567452885,0.08937305966100141,0.08936301059998933,0.30086531761874286,train,False,1314
3,400,c,0.06444151145190684,0.06444949402749074,0.10882995665537613,0.06607888587478648,0.066091667051586,0.3924367661176298,train,False,1314
4,400,d,0.004729199342832054,0.004718667949591842,0.005221303280646079,-0.008242433059651885,-0.008242814092355798,0.017576095071778593,train,False,1314
5,400,e,0.19271546993286556,0.1927137273254843,0.25048319854853107,0.15990049229989814,0.159897899063593,0.32912249179170033,train,False,1314
0,100,c,0.16298722647909283,0.1630029524049708,0.10021667185486806,0.1748555326532373,0.1748429502161072,0.7945341607242855,train,False,1315
1,100,d,0.007841736501893348,0.007841655144205595,0.010862516050781059,0.0040133305896596205,0.004012917508108327,0.040846074926232025,train,False,1315
2,100,e,0.2209287157788252,0.221039052410733,0.2948903991524858,0.13308449573711553,0.1330743456936524,0.3454654080720273,train,False,1315
3,400,c,0.08619465288001878,0.08609441266008472,0.08345135402886368,0.08689215860324338,0.08688606878586434,0.9471590672301226,train,False,1315
4,400,d,0.006980283964045713,0.006980494306292234,0.008491551497643898,0.005811891261703224,0.0058116654431226425,0.07242160911924922,train,False,1315
5,400,e,0.19763493563485884,0.1976430881666415,0.27846135576614495,0.1955239885326504,0.19551793339589046,0.5201142509742144,train,False,1315
0,100,c,0.07194942814630637,0.07188992961339102,0.0850706196245611,0.050991295910450915,0.05098843213140107,0.22550969847983446,train,False,1316
1,100,d,0.02420610845088882,0.024215098395391935,0.025298320047870672,0.015199512612810686,0.01519688233273751,0.052469715939259275,train,False,1316
2,100,e,0.2573044531378035,0.2573447346258344,0.31443627942197094,0.1307181369811901,0.13071684569062605,0.2671898131884189,train,False,1316
3,400,c,0.06008358348512808,0.07443140338873466,0.09464619847595568,0.08862551898304602,0.0849045668405104,0.7053294275396634,train,False,1316
4,400,d,0.0071574425457607,0.0071778794351297715,0.00760094350021478,0.00218456404867478,0.0021800756132714484,0.08924342309859302,train,False,1316
5,400,e,0.18805980776400605,0.18806893143193343,0.27868434088327726,0.15931055153039744,0.1593029117298353,0.35638737116556457,train,False,1316
0,100,c,0.0778668514812542,0.07781086192459451,0.11035807599401692,-0.0015596884603633755,-0.0015752778678292856,0.13424125719502641,train,False,1317
1,100,d,0.03645177938228951,0.020334583799852406,0.009726012990852895,0.027841558116839114,0.03473418584255887,0.45610748715667127,train,False,1317
2,100,e,0.17954856624404422,0.17954812021494468,0.3066417086279431,0.14440614835698604,0.14440336828145547,0.27448383827920037,train,False,1317
3,400,c,0.06436863292405898,0.06436034137378237,0.07305233845999201,0.06263691577439288,0.06263283305180309,0.46754504458354246,train,False,1317
4,400,d,0.007572828584407724,0.007572861860558294,0.008280259354415103,0.0029009675056908967,0.0029009140878730123,0.07949026959064055,train,False,1317
5,400,e,0.1687777544676856,0.16879747020379973,0.23712920062994708,0.1540244027935354,0.1540186005480352,0.3641773364460929,train,False,1317
0,100,c,0.09569920199897343,0.09572749030677538,0.06166487429389403,0.07455641892062666,0.07454471960055692,0.6256757684426469,train,False,1318
1,100,d,0.006922789413897963,0.006922306886098501,0.008476814836497782,-0.006017062713665204,-0.006017415092294556,0.07379999297530924,train,False,1318
2,100,e,0.20486179875920082,0.20485193167747373,0.34776851845652884,0.15217851466468954,0.15217681495391713,0.29554976105839076,train,False,1318
3,400,c,0.05450219055626654,0.05448615911108091,0.07640492771066335,0.0763234195450881,0.07633086313669281,0.8170071921344728,train,False,1318
4,400,d,0.0048783625229162735,0.004879566788115642,0.005894959640522431,0.0012770674283296302,0.001276764023354886,0.06865400876844248,train,False,1318
5,400,e,0.1664192644475491,0.16589858119434303,0.24416762631912475,0.1603664039768563,0.16001414079843002,0.33205612713662674,train,False,1318
0,100,c,0.10314577340471384,0.1031241762258471,0.10668667067473211,0.11528559378936044,0.11526943486382074,0.7028402614156144,train,False,1319
1,100,d,0.01302429040995698,0.013029866554938357,0.016403107856543586,0.003271193355852944,0.0032674339896454187,0.04411231747006724,train,False,1319
2,100,e,0.23424015595828038,0.2342358121544666,0.29503130616787643,0.1480705921905024,0.14805945149958136,0.4004151305954901,train,False,1319
3,400,c,0.060790686042169376,0.059426452949742394,0.06321069222578529,0.027024939795536013,0.024960303292090914,0.8568243795051171,train,False,1319
4,400,d,0.004899577681741783,0.00490258222432909,0.005156777332046119,-0.0027984242944997816,-0.0028003159429244385,0.022722034623391476,train,False,1319
5,400,e,0.19076103285490995,0.19080277140020294,0.2686963403230408,0.16225083457470837,0.16224051541426307,0.30154851401533245,train,False,1319
0,100,c,0.05929902292284124,0.05929879635350696,0.08577253731335262,0.04462156056984568,0.04461948653399219,0.40559142309694207,train,False,1320
1,100,d,0.017713293223621186,0.01771880436697728,0.0070350048859747945,-0.020255796600408795,-0.020257414195768212,-0.013784654160215286,train,False,1320
2,100,e,0.20407470246846668,0.2041175469497671,0.33148423345791067,0.14767978052205843,0.1476718111039045,0.29343340553402864,train,False,1320
3,400,c,0.061122119212100305,0.06112581774259401,0.08906137026338923,0.026185419665821073,0.026176879046176396,0.507674833215004,train,False,1320
4,400,d,0.006798387645791305,0.006798496471632941,0.00670782013791005,-0.002957342533227454,-0.002957701887192421,0.021256965620863273,train,False,1320
5,400,e,0.15979947088943505,0.15980432787337434,0.24071545963832225,0.1618332510237905,0.16183717742821152,0.3106226830469718,train,False,1320
0,100,c,0.11566001136143997,0.09337380173616458,0.09619170186382203,-0.0254680092036282,-0.01910176239761327,0.3517130946249716,train,False,1321
1,100,d,0.012920701466755818,0.012924650736221819,0.012635976602673783,-0.008239910858789336,-0.008245935614817181,0.020289024190665028,train,False,1321
2,100,e,0.15197457623956098,0.15197137994534288,0.2398588764296617,0.14251029358762385,0.1425151325778867,0.39984541153214487,train,False,1321
3,400,c,0.05458930487880195,0.05458926568979724,0.07343346097587192,0.04084546237928969,0.04084420630833698,0.4317888478063251,train,False,1321
4,400,d,0.006841939293190854,0.006841929602921946,0.006991710525176669,-0.00017711712142119752,-0.00017714217317726266,0.10347265337989806,train,False,1321
5,400,e,0.18019096303361473,0.18023369092246455,0.2749019876592734,0.15439484121851224,0.1543854416340843,0.4152971144575128,train,False,1321
0,100,c,0.0626639479298833,0.06264452684177346,0.07856377478603133,-0.014422216515460136,-0.014451513002048912,0.5837830352020825,train,False,1322
1,100,d,0.05009412205632955,0.050113994616476615,0.013599648023792241,-0.002540142050922434,-0.0025442194959745023,0.028090299836304667,train,False,1322
2,100,e,0.2551633348210476,0.27189863900315936,0.26205329226828195,0.034310474568615565,0.03504070534680736,0.5199665362118561,train,False,1322
3,400,c,0.05895291820345373,0.058984720382415166,0.0765631239539759,0.06587996428659401,0.0658609625653893,0.8577268941432424,train,False,1322
4,400,d,0.006178512474092397,0.0061789543929305045,0.005889178819378527,0.012457709284949398,0.01245724182801208,0.05914148703321489,train,False,1322
5,400,e,0.18384527242702733,0.18467331396063216,0.2473253816693218,0.13828232749940259,0.13853848323483642,0.3400327181662355,train,False,1322
0,100,c,0.06395227680247563,0.06395811899504941,0.08199508505351892,0.008890078040262707,0.008877909212691507,0.3886219145985151,train,False,1323
1,100,d,0.04270538305117889,0.04274410379879679,0.031499001094341124,0.011352125827493094,0.011346313805630413,0.03757947687185249,train,False,1323
2,100,e,0.3089320421135601,0.30897836506548726,0.3167609995897216,0.08867317325311476,0.08866363714248778,0.23266893968066946,train,False,1323
3,400,c,0.05565678802109218,0.05565989278173644,0.07460475625629165,0.03793077470638693,0.03791829213103,0.7277708516771118,train,False,1323
4,400,d,0.0042501917833076405,0.0065994905618748535,0.0053424917560548416,0.000530214494515846,-0.0015734683308092025,0.05195721092900262,train,False,1323
5,400,e,0.17890106503794848,0.17914573310433127,0.23758215991950554,0.14946876271966017,0.14948189035667317,0.37934054588929006,train,False,1323
0,100,c,0.06352397157401574,0.06351780987532084,0.11107356369345682,0.022357732828920975,0.022360818236450725,0.6380041403656488,train,False,1324
1,100,d,0.06678084821205216,0.06680388247317542,0.00680006768640506,0.008889603981911165,0.008885926577928185,0.13824024991681888,train,False,1324
2,100,e,0.24667981419590926,0.255317026920338,0.3560827290216795,0.12046027881713325,0.12058642861210463,0.3697431546115327,train,False,1324
3,400,c,0.061650025788341195,0.061745475035325834,0.07940371205733154,0.059541806315446026,0.05947658393357756,0.6293619200770176,train,False,1324
4,400,d,0.010585720888044638,0.010581685253958981,0.010565424627529161,0.01710602321917877,0.017105802923752123,0.04329588875684875,train,False,1324
5,400,e,0.19736605685287895,0.19743516686837226,0.2914362095314149,0.20014899250007154,0.20013965286776825,0.2979078939949373,train,False,1324
0,100,c,0.054609097650256434,0.05412695554865324,0.08525124821822519,0.01484933863129399,0.014846858248183707,0.9959643243823291,train,False,1325
1,100,d,0.011607166455377555,0.011919243867229116,0.006552861098305689,0.02690931709172661,0.026868745007954616,0.12116157881345518,train,False,1325
2,100,e,0.20488776871955358,0.20489387183017274,0.3893346281133312,0.15100464271486463,0.15099598505671277,0.2762344096202285,train,False,1325
3,400,c,0.13948493470117596,0.13143084058355753,0.1389743753045031,-0.0012889626982417468,-0.004092338989568702,1.0273725196310048,train,False,1325
4,400,d,0.0049565760010543,0.0047846828327180995,0.005340477426776712,0.02034845533297478,0.02084504788777881,0.19157714381977023,train,False,1325
5,400,e,0.18699730025388234,0.18702143308750785,0.2434527114840154,0.11699772073586832,0.11698911966435492,0.3287189887424259,train,False,1325
0,100,c,0.06999196157649054,0.06999521747514853,0.08656515121938561,0.10995155560124531,0.10994635567558561,0.8387762136612111,train,False,1326
1,100,d,0.014395491219599306,0.014402396144148222,0.014566856337556118,-0.00661441139016997,-0.006616254886840949,0.005265294232524731,train,False,1326
2,100,e,0.1896117216088572,0.18970286043133433,0.14180658295558918,0.06342872362465567,0.06343803279420779,0.4604707780152528,train,False,1326
3,400,c,0.058993488207089356,0.05899515677464751,0.06338233152281533,0.03401726033975791,0.034012766162170326,0.9031426566185042,train,False,1326
4,400,d,0.005966432160505702,0.005943147298966329,0.004381416296155868,0.007297875465754054,0.0072835904603954305,0.05053716030966164,train,False,1326
5,400,e,0.1816192269250836,0.1816164494310885,0.28336851881677,0.1465775195178783,0.14715984346605437,0.38650422191383865,train,False,1326
0,100,c,0.06609620436477408,0.06609058802446183,0.1050706656809732,0.06501210743369888,0.0650062294920658,0.3115706538431213,train,False,1327
1,100,d,0.025448443274040757,0.025453763226654554,0.021248194073945043,-0.02100408948310056,-0.021006238497693754,-0.011921073480663812,train,False,1327
2,100,e,0.28693200404148705,0.28697015690559985,0.2763342057903916,0.09665354366844849,0.09664794149992399,0.25542747101055274,train,False,1327
3,400,c,0.05690472697067928,0.05583764165440407,0.07092592428903532,0.05421211670479942,0.054267043536827944,0.7933157389376438,train,False,1327
4,400,d,0.011915160111227794,0.011916394550384053,0.01122916917673328,0.008154815401090173,0.008154661144934235,0.1453270321762135,train,False,1327
5,400,e,0.2006472088441736,0.2006436611057844,0.2780497413136774,0.13861202779108045,0.13860205759632752,0.3389556785481362,train,False,1327
0,100,c,0.09059617159032736,0.090587032937524,0.14133270924838678,-0.025373005744048528,-0.02537293966221938,0.5606151518779982,train,False,1328
1,100,d,0.030001120077079765,0.02999909997733961,0.027472751903031757,0.015045518175624278,0.015034606657145738,0.08512330054185412,train,False,1328
2,100,e,0.15548233521988936,0.15548037206603285,0.18874541323754948,0.06734449297863421,0.06733175979552926,0.3267753010178094,train,False,1328
3,400,c,0.06279364023663211,0.06278427389946926,0.07571908312802919,0.02639103520112556,0.02639236665733911,0.7921548299801919,train,False,1328
4,400,d,0.017527712016599493,0.017533855169126474,0.010673053439039275,0.019834246709216057,0.0198306201643506,0.06810597126597394,train,False,1328
5,400,e,0.1868046873851011,0.18678735599331273,0.26285452037703727,0.17287832246820226,0.17287312547109548,0.3106198067368217,train,False,1328
0,100,c,0.11266230703619215,0.10392422121140471,0.06545169100174908,0.14502273234654894,0.1462368390494038,0.39625913113242406,train,False,1329
1,100,d,0.010331240959550786,0.010331319720334886,0.010001815011960503,-0.05065288253168539,-0.05065325325760393,-0.015559640243743367,train,False,1329
2,100,e,0.1912390246910687,0.19124414077351173,0.22557447518781742,0.06814047788673683,0.06813415348591186,0.38404816211841514,train,False,1329
3,400,c,0.07134058826270825,0.10583184587803236,0.08983448869382142,0.10198593476980619,0.0804935252956706,0.9411194881462999,train,False,1329
4,400,d,0.009120368748246215,0.009120897368847261,0.008347426614311426,0.0071870246288093225,0.007186743309548831,0.0729672967750502,train,False,1329
5,400,e,0.1859354724833852,0.18593619580596388,0.2901080093839773,0.1656202275426768,0.16561916592684853,0.3174041681060316,train,False,1329
0,100,c,0.09675778412806929,0.09677111072114235,0.11514794352771808,0.06471548957047205,0.06471451728474406,0.613840357099816,train,False,1330
1,100,d,0.007069394590281879,0.007069383842616764,0.00802134209817125,-0.02660704916686207,-0.02660739094505331,0.023671171024281817,train,False,1330
2,100,e,0.22180952986450503,0.2217571930884573,0.25893403772194745,0.1086504607918301,0.10864333443758362,0.3219799201393825,train,False,1330
3,400,c,0.07246044717934094,0.07251449627947668,0.07407524678234151,0.1058008909310081,0.10576333277229395,0.558947971486039,train,False,1330
4,400,d,0.006633354796471274,0.02122557477417664,0.017469809220076602,0.02374369911232458,0.006741548846380976,0.1553012707408655,train,False,1330
5,400,e,0.21265680300108147,0.2139400920953801,0.2884787090276599,0.17238040434887872,0.17160786010608456,0.32944169933641304,train,False,1330
0,100,c,0.10502729222394387,0.10505934312875267,0.09616161056629247,0.013102108300353237,0.013061781464467046,1.0411909972563145,train,False,1331
1,100,d,0.003110860288167319,0.0031109957196171593,0.004346909922540605,-0.023120808082343326,-0.023121340628731044,0.0352174062080274,train,False,1331
2,100,e,0.15399713036915724,0.15399467032934155,0.2066360921232599,0.11288455007997239,0.1128726021597959,0.3597351564101483,train,False,1331
3,400,c,0.052257463312583526,0.0522654847463685,0.080211844453517,0.07286520542407494,0.07284824929533762,0.7023137261725171,train,False,1331
4,400,d,0.004968970914181441,0.004964456633553844,0.005006667646033567,0.008149497953613132,0.0081468461551375,0.05200199871278238,train,False,1331
5,400,e,0.16801793116972416,0.1673656524300565,0.26801146990556834,0.1540970510980785,0.1540714039223322,0.3358983563669507,train,False,1331
0,100,c,0.046277405649222135,0.04627660561080611,0.08108753138911526,0.0048586438875366155,0.004847648582193287,0.4026106734435429,train,False,1332
1,100,d,0.03965856971875866,0.03965161491614583,0.03505528767508088,0.002293132376779976,0.002288321944640597,0.12115235452473935,train,False,1332
2,100,e,0.18882156046987122,0.1888043850339809,0.24883598622129263,0.12760372367697229,0.1275958276466181,0.3385694087799124,train,False,1332
3,400,c,0.06434769891950665,0.07595093152899836,0.07398713885163363,0.08275852604831918,0.07904511898817326,0.9557567959190066,train,False,1332
4,400,d,0.003746679997828721,0.003721887386986258,0.004409315506465516,-0.007779552619384216,-0.007783295117418625,0.03001768666659723,train,False,1332
5,400,e,0.1803078001214468,0.18032083426653073,0.27469125047884796,0.16624388152648806,0.1662387794004062,0.32066870947389914,train,False,1332
0,100,c,0.06197683733770169,0.0619652162309031,0.0911974557018028,0.0712090015744085,0.0712187675215953,0.9516462077505022,train,False,1333
1,100,d,0.008203191137632175,0.008203875832671521,0.006014615485968508,0.006509034212778673,0.006508742539765002,0.14385429735966795,train,False,1333
2,100,e,0.19314004353279568,0.19313202440248986,0.3189619161035004,0.14790515270068333,0.14790086988621917,0.24764817421050173,train,False,1333
3,400,c,0.05201413968732913,0.056721778328665796,0.07124526006704537,0.046688334563460575,0.04570224284639842,0.6521597034333996,train,False,1333
4,400,d,0.006003361062029586,0.00598966518618462,0.007160432512824622,0.004588226092039953,0.00458666503748912,0.05461435855819643,train,False,1333
5,400,e,0.20352891619859342,0.19262986580967678,0.24805150610885693,0.15165931093729712,0.16211625356339596,0.39883819314247043,train,False,1333
0,100,c,0.055600725821494355,0.12034893014014574,0.09828314760671215,0.05118316174763678,0.01868188291091464,0.6670071217297249,train,False,1334
1,100,d,0.005455001324587516,0.005455156611959955,0.00871127495297772,-0.011143678483307067,-0.011144032306698168,0.05254110082949101,train,False,1334
2,100,e,0.17468055586324652,0.1861742395184475,0.21285471983642054,0.10183580127091951,0.11129699121029198,0.33007896593874386,train,False,1334
3,400,c,0.07880450596460226,0.06078107268083137,0.07795369508035928,0.05591011358496339,0.05851205978689265,0.493700518120387,train,False,1334
4,400,d,0.006447429692760017,0.006446286379012214,0.007115681747985602,0.004294402371747239,0.0042944616798523865,0.06567523593282397,train,False,1334
5,400,e,0.1771008802105226,0.17711685891189347,0.2657203659885399,0.1685758328959996,0.1685726417694877,0.30335413084952345,train,False,1334
0,100,c,0.06699415472909304,0.0669950132683329,0.10409573937805394,-0.008675232222920784,-0.008675632483065457,0.4364371395319236,train,False,1335
1,100,d,0.027452156186474688,0.027460849598255555,0.01452609749265505,0.018105784784090275,0.018104279468778853,0.06748745854726625,train,False,1335
2,100,e,0.18393549797263295,0.18309001979425316,0.2904335031082245,0.14050420562326285,0.1404888199186947,0.27382778328581003,train,False,1335
3,400,c,0.06487002612843117,0.06489915016309816,0.11774325075609988,0.07298405683583681,0.07293830969517046,0.5632607714546641,train,False,1335
4,400,d,0.012905383167644256,0.013311743103834445,0.010537126776816843,0.007457246431250369,0.0071771257396311405,0.16478374805206975,train,False,1335
5,400,e,0.15896524712483695,0.1589455765092687,0.2285699047844231,0.14607697716737908,0.14605783475294903,0.32945680655136383,train,False,1335
0,100,c,0.16901369345432482,0.16904907182071507,0.12425758499390736,-0.0357659217636867,-0.035776693368815775,0.4985400208598192,train,False,1336
1,100,d,0.060893096537146925,0.06087288586563733,0.012160912960854125,0.02004701592297268,0.020046068874059363,0.20116349246816306,train,False,1336
2,100,e,0.21346084161484133,0.21519244677437174,0.30011556428421604,0.09936541277240042,0.10498087937804589,0.2142609614378049,train,False,1336
3,400,c,0.05931600547235771,0.05935188935995375,0.08488606312817508,0.0007277634131750688,0.0007190787873854276,0.49267435408094096,train,False,1336
4,400,d,0.006687900824547063,0.00668803841737324,0.007993732431709304,0.01566336219953021,0.015662995844239875,0.09579705219437198,train,False,1336
5,400,e,0.17986918099880914,0.17987524816644246,0.24318381662567945,0.13309115298419152,0.13307884917514065,0.3392200801995415,train,False,1336
0,100,c,0.06343255541932478,0.06184561454214028,0.06617000124889821,-0.06809621839784712,-0.06818072673080139,0.38936102765428887,train,False,1337
1,100,d,0.009799602870595236,0.009803940205943837,0.006336750047258612,-0.008492918138259108,-0.008494845712908159,0.03704029830691804,train,False,1337
2,100,e,0.16754685777545292,0.18702266314219076,0.27354805159850815,0.14192029391233202,0.14867825868494078,0.40131094064115524,train,False,1337
3,400,c,0.053225095047145524,0.051066317636068594,0.08613261128147187,0.029363184913163993,0.028238731898852905,0.5365553763175143,train,False,1337
4,400,d,0.006175463516459581,0.0061755546830893114,0.005596297088219598,0.007956065284156554,0.007955304363533209,0.02354145499885707,train,False,1337
5,400,e,0.16418628639815455,0.164163764350122,0.251253090450104,0.1410684837134098,0.14106703492376582,0.30948503684254,train,False,1337
0,100,c,0.07015853959730035,0.07020682374168816,0.060800333890329086,0.09584663684522468,0.09579950407402678,0.7915503400584316,train,False,1338
1,100,d,0.0071354159455526015,0.007135495150310506,0.004527400352063327,-0.02667939001961397,-0.026679451764970424,0.06482969429061619,train,False,1338
2,100,e,0.19826337457260793,0.19825242468212856,0.2373766177206504,0.12609115874235854,0.12608021182620363,0.3385018407014044,train,False,1338
3,400,c,0.09171543994140235,0.09173493588425989,0.0935340261816856,0.04402240077711717,0.04395969535001733,0.8455293495206019,train,False,1338
4,400,d,0.004843186551826242,0.004843446553881096,0.006060559877922516,0.004768692087727296,0.004768373560650759,0.013394963290835395,train,False,1338
5,400,e,0.17077131520161504,0.17076823148732131,0.2741861613350037,0.17367805447340218,0.1736735112548935,0.29214904654053375,train,False,1338
0,100,c,0.04244443523776876,0.0425079020546278,0.06513619795324707,0.052430563878913365,0.05250632037565744,1.0371057015150122,train,False,1339
1,100,d,0.011003173075656214,0.011007312815583023,0.009701222191500998,-0.008176762845542154,-0.008178216919618978,-0.004456888806290706,train,False,1339
2,100,e,0.1910443641565755,0.1910358788652345,0.23012179913946368,0.09388888857251339,0.0938774170346369,0.36575249683333616,train,False,1339
3,400,c,0.0565516338593036,0.06137150744557566,0.084267025009615,0.08831341909783269,0.08616061652372643,0.5968553250305366,train,False,1339
4,400,d,0.02316168360494291,0.012046525313590059,0.007633761596975651,0.013072990140915071,0.01575911847449369,0.044530526705192024,train,False,1339
5,400,e,0.21373507905412012,0.2153128366841799,0.32443724530960094,0.17753749984887152,0.17950911909837372,0.2819526218180302,train,False,1339
0,100,c,0.07596377390302975,0.07597039382145161,0.09712210545177151,-0.08193632544596043,-0.08193800340337276,0.25864550998068453,train,False,1340
1,100,d,0.013650510445429554,0.013651034781648119,0.008070478992938298,0.01795484129287585,0.01795466051254099,0.07226121019966528,train,False,1340
2,100,e,0.12897364458821695,0.128968018287187,0.20282575134587247,0.1223889232468649,0.12237966807413159,0.3122581675325097,train,False,1340
3,400,c,0.05441359815717843,0.05441187838597667,0.08121210975619407,0.016484409227333997,0.016481799587198368,0.3528175239955138,train,False,1340
4,400,d,0.006342712375164587,0.006342891795411303,0.0058348778174711876,0.024517160023592287,0.02451689379138612,0.094316080730049,train,False,1340
5,400,e,0.20592939805456464,0.2059198059047818,0.2972135967443291,0.17293579277496482,0.17293505159221337,0.314380828921759,train,False,1340
0,100,c,0.06140679673809572,0.061446000913333645,0.06792711962288613,-0.02322483564601896,-0.0232745530127324,0.1784961287205151,train,False,1341
1,100,d,0.0402997973976246,0.007777645449717783,0.004368102510162034,0.023198811131633582,0.026786229777613694,0.02943662380523337,train,False,1341
2,100,e,0.23536342712056763,0.23540777027278711,0.2535241707676924,0.11282989327919551,0.11282683077595124,0.31180673806885506,train,False,1341
3,400,c,0.05699389198270022,0.05699072971137653,0.06795973324213814,0.05260143486772073,0.05258119504442334,0.8332386828414079,train,False,1341
4,400,d,0.004402321977767119,0.004424925928646211,0.005208596032726201,0.0077264697369761135,0.007715356297162348,0.013799157413839431,train,False,1341
5,400,e,0.1913823711200874,0.1914038490465988,0.24609993784782716,0.14602423235234396,0.146020623949155,0.3142165481712324,train,False,1341
0,100,c,0.08504779327265326,0.0850391355977819,0.06292257098962616,0.04612520870365046,0.04611950073400948,0.5213739398890622,train,False,1342
1,100,d,0.012208520083345609,0.012208543279672907,0.01485362827727591,-0.014346419827556751,-0.014346789029133635,0.01395621144361721,train,False,1342
2,100,e,0.21099442638721747,0.20564488368686604,0.25407841142122206,0.13742782073347914,0.1481956519416587,0.28203770607428214,train,False,1342
3,400,c,0.0575244231252128,0.057520455027321685,0.07225337718360729,0.003737900037959818,0.0037323249174663433,1.0834225782038873,train,False,1342
4,400,d,0.005131731057360554,0.0051348201271442994,0.0068868855956674855,-0.010375098524266805,-0.010378639153962404,0.05454543375817703,train,False,1342
5,400,e,0.1532542785566239,0.14975408520009265,0.25889242618900155,0.16085632499677074,0.16412491791484138,0.32143137429824536,train,False,1342
0,100,c,0.09195913962356031,0.09194015655135307,0.15400141086729496,-0.0770378074637658,-0.07703743157263773,0.36808029644623347,train,False,1343
1,100,d,0.012088869255853806,0.012089290080829079,0.006362850579215055,-0.006515262945128235,-0.006515839532804169,0.09874145320382421,train,False,1343
2,100,e,0.18849256405579337,0.18849256838952674,0.29306347990290127,0.09570094711160025,0.09569185613002673,0.31906067020472084,train,False,1343
3,400,c,0.06124427052400555,0.06028667840845837,0.10230789151748781,0.057656728525296116,0.05632327099906277,0.8416674137386757,train,False,1343
4,400,d,0.004560350319099285,0.00456036110886686,0.00502570423482202,0.0013275168687570016,0.0013271378426122382,0.01727388892411309,train,False,1343
5,400,e,0.2009526678633393,0.20095116919779016,0.30227941994006874,0.1530372174087275,0.15303270360357732,0.3721532437016032,train,False,1343
0,100,c,0.07273505323177307,0.07273635180080443,0.09874177183307398,0.11098397586582096,0.11098012745967864,0.3773775734875673,train,False,1344
1,100,d,0.009336692928599816,0.009336486099426158,0.01240621676413099,0.023617776968886818,0.02361747821735813,0.0934256421463151,train,False,1344
2,100,e,0.16013290271692385,0.16010759861058918,0.2804960034332189,0.15869591452218706,0.15869082777356958,0.2954470992369283,train,False,1344
3,400,c,0.06268561404896138,0.06255334997873846,0.08565139088682487,0.05745318719087543,0.057405473970642974,0.488899395919632,train,False,1344
4,400,d,0.011339539069292944,0.011339930642824441,0.01058045652979573,0.0047417727850959145,0.004741295661397817,0.047225592235173704,train,False,1344
5,400,e,0.19666055572373953,0.1966793423125151,0.27329514637922464,0.15895493134616728,0.15894134624121073,0.33148519950837607,train,False,1344
0,100,c,0.05163260406160131,0.05162884626382144,0.0830474629279869,0.03451619458314504,0.034511114583377564,0.7329907433844512,train,False,1345
1,100,d,0.0037618295323511896,0.008806653523508443,0.004813840647910281,-0.003500579737692817,-0.0053657975676758346,0.14530425628457075,train,False,1345
2,100,e,0.15831387978462477,0.15831171549507392,0.24125157323524904,0.144624531971793,0.1446159537820134,0.3050244612626562,train,False,1345
3,400,c,0.12534500405385413,0.12544628395283058,0.08781472915667614,0.06794691636739586,0.06787784284350686,0.1502263897377746,train,False,1345
4,400,d,0.008081231272036115,0.008092588483431173,0.006361836696928089,-0.0036734871028500215,-0.0036755906645599625,0.036756237417627007,train,False,1345
5,400,e,0.22563893024878467,0.2240078985158016,0.33396607766220626,0.15791673839068257,0.15754657103468805,0.3018563618682127,train,False,1345
0,100,c,0.056339755234662225,0.05639656240944373,0.07753719482417983,0.03145672774841927,0.031419655166179936,0.5601732197975199,train,False,1346
1,100,d,0.004835989727468465,0.017291594269234843,0.00427671990703593,-0.008324260699516443,-0.013034085640677944,0.073167253434149,train,False,1346
2,100,e,0.2734912073844974,0.2737093762297224,0.22468420635499464,0.1318187467939486,0.13180774067323442,0.32072338973659487,train,False,1346
3,400,c,0.06467857834134369,0.06468109557399357,0.10117782684532145,0.08732676879688327,0.08732247730953603,0.48630267367246427,train,False,1346
4,400,d,0.005857943752314981,0.005857880110122673,0.007654833766930042,0.00937188236449403,0.00937179526510489,0.06157230901836705,train,False,1346
5,400,e,0.18555334396875178,0.18563360013344346,0.2833441643334893,0.15739022656976243,0.15737811433981502,0.30131389255214885,train,False,1346
0,100,c,0.15445030154378275,0.1545355493980952,0.1512412879515336,0.1682825329374069,0.16826109982513643,0.8708690847005834,train,False,1347
1,100,d,0.007475368839614194,0.0074822115923701416,0.005946351928477972,0.006005388338738485,0.006003061721851104,0.16574098629446327,train,False,1347
2,100,e,0.16486022487157534,0.16488199782056331,0.19781553589004044,0.11408029467880894,0.11407289663026568,0.3856810607663341,train,False,1347
3,400,c,0.06094459312251476,0.05986578430259571,0.07636772132090043,0.07552829235420944,0.07545999155920967,0.8099098547796585,train,False,1347
4,400,d,0.006574294907353003,0.006577085343722902,0.006641655689167036,0.004572911276194329,0.00457100123918897,0.02044874529468954,train,False,1347
5,400,e,0.22811219839767427,0.23446421786371133,0.27956770130393765,0.14315310301961057,0.1432392085652049,0.31182107718162827,train,False,1347
0,100,c,0.06388818379820616,0.0638913852168074,0.07968518504245198,-0.12108718717102036,-0.12111440615424286,0.45477330268246463,train,False,1348
1,100,d,0.014863615829912403,0.01486435812898867,0.012336094751917747,-0.011901747107541532,-0.011901695931057148,0.025188014888946116,train,False,1348
2,100,e,0.21823982855650073,0.2182294687501626,0.3402028564644064,0.13127999217754677,0.13127970496504182,0.32048305103013436,train,False,1348
3,400,c,0.06286844797239817,0.0628523476692563,0.08453415113275954,0.00905159593173913,0.009051267262304421,0.6075151831558708,train,False,1348
4,400,d,0.004882063637646767,0.004882224688292309,0.005362005980358134,0.0006382167414784234,0.0006380396817134937,0.04239532545344755,train,False,1348
5,400,e,0.1847106530182163,0.1847159862463226,0.264961060539968,0.16870271488882357,0.1686940158144392,0.3286515417300967,train,False,1348
0,100,c,0.09072110778859278,0.09100763159855248,0.09791275741100906,-0.027815428696183774,-0.02789125155008918,0.9022354463319772,train,False,1349
1,100,d,0.008925139661427018,0.008925805787304517,0.008266771433865904,0.008054890365427366,0.008054377544745943,0.02694942122790689,train,False,1349
2,100,e,0.16722232152615796,0.1672302230378462,0.22510859398024002,0.11038284204737174,0.11037806533137748,0.3462623608108092,train,False,1349
3,400,c,0.0551536571789274,0.05520322894328994,0.07583367966141073,0.05376923520644852,0.05369950102686019,0.7954631141372234,train,False,1349
4,400,d,0.00428938501894992,0.004292898304675646,0.004004501586007293,-0.0024313509760031772,-0.0024335574959028785,0.10751119902364065,train,False,1349
5,400,e,0.15233844493129425,0.15321684922442846,0.2436290034731391,0.16158464656709356,0.16000736019979883,0.3310505709013546,train,False,1349
0,100,c,0.051158157638185646,0.051162420856758734,0.07776290497907441,0.03321228414202878,0.033209503696354406,0.6551223844112086,train,False,1350
1,100,d,0.012004976106063027,0.012005049285854542,0.01123555139615149,0.005416277136331082,0.00541601853326231,0.045111350866509844,train,False,1350
2,100,e,0.2486053421735511,0.24860224310307497,0.3683167669081672,0.13036902953323926,0.130363260759966,0.39989319656686667,train,False,1350
3,400,c,0.05385561690825561,0.05383919867350853,0.06835012771790575,0.043608097685414154,0.043598385660504564,0.4619451882754607,train,False,1350
4,400,d,0.0072907598507090075,0.0073772425607457085,0.007447066736788689,-0.016220346005762352,-0.01625418775373543,0.006985587253925907,train,False,1350
5,400,e,0.19398618363143766,0.19393787760942258,0.20965646747240452,0.12210438694651583,0.12208742168465417,0.41996518218750095,train,False,1350
0,100,c,0.10665292480685805,0.10666105282717504,0.08783269659419153,-0.009492014236010392,-0.00949555621406958,0.7764954364362231,train,False,1351
1,100,d,0.007735472126291209,0.007297327566192086,0.0112215539657049,-0.0006233014378104863,-0.000583677252678374,0.04060709548060279,train,False,1351
2,100,e,0.188105009572052,0.18807436752322804,0.2715242490552672,0.16241453014140037,0.1624033858897633,0.2783242639197388,train,False,1351
3,400,c,0.06153740179137327,0.0616217259908468,0.07946820103320158,0.03142734008059549,0.031407198741453896,0.5330452609251773,train,False,1351
4,400,d,0.007404673363400821,0.0074049148528971985,0.00916753927448091,-0.0033625542147261633,-0.003362995517096188,1.4959151183742136e-05,train,False,1351
5,400,e,0.20491556518427367,0.20492003596275474,0.3107657303707475,0.16695552700472122,0.1669422107090655,0.32069593807951485,train,False,1351
0,100,c,0.05917589336651849,0.05917444720742424,0.07267698485474319,-0.02889034859477597,-0.028891240067497676,0.5209661210657912,train,False,1352
1,100,d,0.0034571494397872414,0.003457262783937119,0.003690793453904788,-0.02976137162241443,-0.02976186131481928,-0.019202700120722317,train,False,1352
2,100,e,0.1467160152835584,0.17302007857017598,0.22087013810289263,0.09626415080478871,0.1013666998149786,0.32156869627610946,train,False,1352
3,400,c,0.054259129406813385,0.05426378202153814,0.06457282159067675,0.02409382074328981,0.024082937455477165,0.9374878867116638,train,False,1352
4,400,d,0.003787718692991544,0.003845227409770417,0.003578708585787493,-0.0028567789150956103,-0.0029943750558787843,0.08157331696095149,train,False,1352
5,400,e,0.16694666061331387,0.16704718762302292,0.21085527284947872,0.15662968206953384,0.15662628517214547,0.31501333632873035,train,False,1352
0,100,c,0.07286064724139425,0.07286002942460466,0.08828689680669168,-0.032591190710872554,-0.03259123138047478,0.4959433816972394,train,False,1353
1,100,d,0.011658969136967892,0.011645769664425678,0.008265372511688407,0.026627629402963676,0.026624222472853346,0.07832804700704195,train,False,1353
2,100,e,0.2269874692694054,0.2269867630851785,0.25194866658271303,0.12150094164923622,0.12149134029694977,0.30720606051968596,train,False,1353
3,400,c,0.059049909362993806,0.05825319115174222,0.08166571358804978,0.06149604898329372,0.061390553700857636,0.47406584590197426,train,False,1353
4,400,d,0.007853880546474937,0.007859016604245544,0.006819771518727277,0.0022085639962667616,0.0022055408965051095,0.02044008370409312,train,False,1353
5,400,e,0.18006340470598148,0.18005239154470573,0.2858988231878302,0.17286064112462293,0.17284751149033808,0.31441368715477475,train,False,1353
0,100,c,0.05535614923097837,0.055323316522082715,0.06595225990378792,-0.033318144018788944,-0.033340183324787914,0.7851958176730772,train,False,1354
1,100,d,0.010570574398901654,0.009556308527137536,0.004509251540557047,0.01994085402125588,0.020177048378251607,0.15614226979383095,train,False,1354
2,100,e,0.2552466924833161,0.2549840673553925,0.3021475509511199,0.1453226270332619,0.14532465048719417,0.319850607981908,train,False,1354
3,400,c,0.05881507437910865,0.05884668170273191,0.08893586225630201,0.06133101589424968,0.06125708605289027,0.8204542884361882,train,False,1354
4,400,d,0.006711147002817886,0.006720168849783815,0.006810935330265075,0.016768362215464752,0.016765813291816905,0.06123379967312289,train,False,1354
5,400,e,0.18744488713085475,0.1879873118954511,0.3103900985421758,0.1659975867028715,0.1663162217391283,0.3154703619337238,train,False,1354
0,100,c,0.0776769299809884,0.07765357457264015,0.13652568327412434,-0.05784210563216334,-0.05785830101531147,0.8085530807937502,train,False,1355
1,100,d,0.007367374992061459,0.007768003602851421,0.0046061618736608495,0.011426390277403407,0.011039049923979718,0.030784186258537342,train,False,1355
2,100,e,0.2362090246015285,0.23611879517503032,0.34900768214161176,0.15836831505727297,0.15835973874588405,0.2638567596057898,train,False,1355
3,400,c,0.06899527574386725,0.06900273148478363,0.09567951108594858,0.07076769484703817,0.07076209674381716,0.708757681780271,train,False,1355
4,400,d,0.00537026933330034,0.005381246981083262,0.005646632392516242,0.007361935519589906,0.007361713556473166,0.008220320258541225,train,False,1355
5,400,e,0.19947107588991453,0.19952839038879952,0.276789051779472,0.1522309852414378,0.15222331002623285,0.303681298597095,train,False,1355
0,100,c,0.07136949050350394,0.07137281798455378,0.09911448042972403,-0.03081535721305244,-0.03083212362157674,0.7219874067753044,train,False,1356
1,100,d,0.004703326449165462,0.004702982746109108,0.004347390300793914,-0.017434699244798377,-0.017433365003593354,0.05640462907699428,train,False,1356
2,100,e,0.21858163819477675,0.21852257768868802,0.2701312332228351,0.10270475506205813,0.10269943372702336,0.38127505265169775,train,False,1356
3,400,c,0.06957347918395335,0.06958938000003653,0.12063044550475331,0.04548523880634413,0.045459188875439836,0.7876432336298254,train,False,1356
4,400,d,0.007709007954981528,0.007713184112683133,0.005693839340813323,0.023675453847691656,0.023671584433891012,0.06596711186695796,train,False,1356
5,400,e,0.18113661048146426,0.18097200611911743,0.2896381964096133,0.1651434139424218,0.1651383155313848,0.3135632469700719,train,False,1356
0,100,c,0.06903424145401864,0.06906415895764977,0.06566267974210674,0.06262890931295942,0.06260040513626677,0.6132255358232709,train,False,1357
1,100,d,0.009653349330305013,0.00965300782047661,0.005305640969731693,-0.0034110320030755225,-0.003410653348655064,0.07954463924357284,train,False,1357
2,100,e,0.17688887966141834,0.17688689036612001,0.25528354884081894,0.10042145347867024,0.10040972918610894,0.3581911119029519,train,False,1357
3,400,c,0.0610888778037451,0.061078896090668175,0.08630926612008627,0.07627336230313163,0.07627481979228122,0.5154362875623716,train,False,1357
4,400,d,0.004958452007370035,0.004958389215291591,0.004756697551060043,-0.0011797340474567796,-0.0011795180766439374,0.10439129767565891,train,False,1357
5,400,e,0.19451631010636602,0.19696956927212114,0.32384696836529697,0.14019940563030467,0.14097857375933673,0.3370967917682482,train,False,1357
0,100,c,0.18556924937557753,0.18559483807864097,0.14433059156163563,-0.03364326164869652,-0.03368380063557879,1.1440187089788645,train,False,1358
1,100,d,0.00446531368804217,0.004465413467303244,0.003935598408311303,-0.01038877837485373,-0.010389193746639887,0.0621376681861032,train,False,1358
2,100,e,0.1679355517401159,0.18010732668981647,0.3420827425346091,0.1429442814570783,0.15298387976431857,0.2641804784271236,train,False,1358
3,400,c,0.07407367777468347,0.07405279183079326,0.09272464320367987,-0.013974920481835015,-0.01400535733998062,0.33552519288592436,train,False,1358
4,400,d,0.004368130269036932,0.004368080916895589,0.0042314995543994175,0.0041487698503402904,0.004148945934930826,0.10107911986564984,train,False,1358
5,400,e,0.20962988732881147,0.20959088362608502,0.2600354598875059,0.11449532072218255,0.11448530599233771,0.473342099057675,train,False,1358
0,100,c,0.05577439904018691,0.05566623368553101,0.0761326036894208,-0.015669583387523504,-0.015722516008458955,0.6386011545003089,train,False,1359
1,100,d,0.05258045833211316,0.05258370181414888,0.052373574372747846,-0.048514394423533516,-0.048516440126944504,-0.011646486873349886,train,False,1359
2,100,e,0.16530499202301063,0.1653098370617035,0.2911487695498214,0.09700134342830825,0.09699696927247299,0.38810373547509747,train,False,1359
3,400,c,0.05868358688354994,0.05882008993730098,0.07250753772338549,0.09599690648851252,0.09597024118334943,0.6962808384606354,train,False,1359
4,400,d,0.016946014837363174,0.016943961870568597,0.016954150510163458,0.00452536220261905,0.0045247118395524135,0.028166289379199957,train,False,1359
5,400,e,0.18213707817152702,0.18084824729532845,0.25152520775880427,0.14076536352661,0.1407088565390437,0.3367370039228832,train,False,1359
0,100,c,0.0640181086867657,0.06400678978776111,0.09653771400966078,0.004785621834825733,0.004777255526026849,0.36686416288936585,train,False,1360
1,100,d,0.005843044978763535,0.0058422064385251615,0.004872764671271396,0.020062047312519215,0.020061979151490574,0.13699973413690725,train,False,1360
2,100,e,0.2147373290685346,0.19977388705187035,0.25446296306890326,0.12235631816438435,0.12259546355589201,0.29948481793238146,train,False,1360
3,400,c,0.05626223563801455,0.05626715294629483,0.07054945022365451,0.04672179934340264,0.0467085940263862,0.9414488131430119,train,False,1360
4,400,d,0.0045428399659006614,0.00454275583521355,0.005862646511499929,-0.0036750764159361182,-0.0036751288295277717,0.08292373616001104,train,False,1360
5,400,e,0.23439520104793818,0.24155723581868763,0.2633875505332444,0.12073514727423663,0.12254756290178641,0.4910764577175663,train,False,1360
0,100,c,0.06851069363934632,0.07662771837932744,0.09738191601395059,0.01509212312539681,0.0005990805228404384,0.397968735406291,train,False,1361
1,100,d,0.03150313153933806,0.031503107725981694,0.015620222809374328,0.04423277255742056,0.044232108752105696,0.056637136623377556,train,False,1361
2,100,e,0.3218195600006943,0.32187835590299285,0.46544163918251136,0.17903901977945494,0.17903531317706722,0.2232329030525179,train,False,1361
3,400,c,0.08231522105422683,0.08233326871019955,0.07119670694565479,0.017689590421091594,0.01763263786679211,0.678645457473534,train,False,1361
4,400,d,0.005350384045559928,0.005349344208745489,0.0067069117850972046,0.007779120588673738,0.007778562216509571,0.04885707965450244,train,False,1361
5,400,e,0.17964825942782167,0.17961622922809198,0.247385546202087,0.15193669217904515,0.1519232943115585,0.30167208521356564,train,False,1361
0,100,c,0.07724988820432895,0.07725797944120368,0.07590817435323806,0.11330237721809588,0.11329808581566134,0.39747830188651895,train,False,1362
1,100,d,0.00864623683066981,0.008646619900115289,0.00614405801049713,0.018915931675128023,0.018915664660761708,0.051397640288339305,train,False,1362
2,100,e,0.21588315259527785,0.21562499227130785,0.2852882152950812,0.1112867721591244,0.11128560613520158,0.3300115737215752,train,False,1362
3,400,c,0.07290025723701217,0.07290347959044266,0.06690657043172685,0.10968430703731301,0.10967718651375308,0.46887999996290086,train,False,1362
4,400,d,0.006227651982035845,0.008437333358027129,0.0067255758011092945,-0.0029396943157982847,-0.004610002519132603,0.12360455043527718,train,False,1362
5,400,e,0.1882462408725788,0.1882424437516656,0.27422162928893323,0.16352300757189014,0.1635121253252936,0.3513127417150358,train,False,1362
0,100,c,0.060905136170452234,0.06089469913656523,0.11247625907514008,-0.032142158925295164,-0.03214521602709077,0.4857602464517581,train,False,1363
1,100,d,0.006925177040868681,0.0069221302987294555,0.0052399320143874765,0.01699446681414212,0.01699458628885852,0.0756982043898237,train,False,1363
2,100,e,0.2319459831783864,0.23197476297333824,0.3597656288886356,0.13688230899685747,0.1368732795561346,0.28979360576076724,train,False,1363
3,400,c,0.056966126232500844,0.0570911889132735,0.07815976841174313,0.0326678099465164,0.03263517755419869,0.5065102686137669,train,False,1363
4,400,d,0.00537481892437265,0.009095326718334565,0.006949838080495894,-0.007582979498767202,-0.00993138981797845,0.0630995089857851,train,False,1363
5,400,e,0.16803678946726794,0.16809000014937628,0.29171567117981545,0.16580843135282095,0.16580325298641754,0.3422968659809469,train,False,1363
0,100,c,0.09541556863442884,0.10020825019591201,0.12891698661490666,0.1248433992927469,0.12271503754822369,0.4989805669659378,train,False,1364
1,100,d,0.005006304638614222,0.0050063206222624255,0.006170867847319922,-0.0198325479453751,-0.019833085129584534,-0.014110514846620318,train,False,1364
2,100,e,0.2231405694822781,0.22337077462654512,0.29623731190220226,0.15386661043756758,0.1698455651923285,0.24464697020475726,train,False,1364
3,400,c,0.0616487913265294,0.061616645743965144,0.09438865209970398,0.08722588759813661,0.08721963268539469,0.39548961711498726,train,False,1364
4,400,d,0.012673826664787231,0.012673821196939212,0.014540946609599079,0.008390413252786413,0.008390052188761122,0.05205096768504564,train,False,1364
5,400,e,0.19495115401334195,0.19737925961770597,0.27067674077274106,0.16528884859142992,0.1654433192374564,0.2735502615876177,train,False,1364
0,100,c,0.2794965593418597,0.27928951445424555,0.2277039387688414,-0.010372929791468408,-0.010409980914792314,0.7587618881083493,train,False,1365
1,100,d,0.007111864556229508,0.007111321549398928,0.005765149316823193,0.0022915542952407363,0.002291939684666495,0.06393030416813408,train,False,1365
2,100,e,0.22132865993225848,0.22133442293801367,0.3329100236111403,0.14797901481701495,0.14796904896483937,0.31033048919159545,train,False,1365
3,400,c,0.06705566046365082,0.06693380739149042,0.07742542459084578,0.074511612679525,0.07434955422242055,0.5085800957870116,train,False,1365
4,400,d,0.007479548109849087,0.007498229620909084,0.006407690323446338,0.013992660003137375,0.01398433442199977,0.030645519000763847,train,False,1365
5,400,e,0.18940536212312625,0.1894508863031133,0.28752873485410346,0.17007907475106485,0.17007610350103755,0.29647061529397223,train,False,1365
0,100,c,0.0980572982867608,0.09805628836924392,0.12431099318856909,0.03475816035993496,0.034756113520672684,0.2719946032891663,train,False,1366
1,100,d,0.011978654076168969,0.01197870064774279,0.014311650526032614,-0.02122743722071977,-0.021227749143485238,0.003699345840391146,train,False,1366
2,100,e,0.18017820298490161,0.1801734185863024,0.20935269414332439,0.1670657168394386,0.1670672193657327,0.26785909756008375,train,False,1366
3,400,c,0.12392310470257986,0.12412237671237873,0.11096897060161495,0.03177695736612719,0.031724596236972144,1.0969406912124076,train,False,1366
4,400,d,0.009063462316944828,0.009065323542955698,0.007533219362433436,0.017820855803288467,0.017820093420362823,0.027166871372916256,train,False,1366
5,400,e,0.19212306032932983,0.19214724457173188,0.2747601285318137,0.16285581423270007,0.16285995751052657,0.3975832000760555,train,False,1366
0,100,c,0.10173253972728746,0.10136795525341044,0.13201786640061866,0.05779231275193112,0.05778745198316734,0.3283104907364367,train,False,1367
1,100,d,0.013219000140467086,0.013220555618358366,0.012347514449096755,-0.005602015155156188,-0.005604413138216913,0.08030879874695987,train,False,1367
2,100,e,0.21041349055254735,0.21040353169122855,0.3254882306662269,0.16434807680639615,0.16434494868581737,0.34715478265942906,train,False,1367
3,400,c,0.05433383318112537,0.05433198592325942,0.08188726368150659,0.01260868040536714,0.012605387304656332,0.7527735858295447,train,False,1367
4,400,d,0.016853192362574914,0.01343169616585085,0.01163710106960157,0.012039836100842045,0.012980215527474233,0.08768601158229679,train,False,1367
5,400,e,0.1705916864621149,0.1708610814360736,0.25228100504871404,0.1468894607073733,0.14688321855468744,0.30933493104150267,train,False,1367
0,100,c,0.11705027709048339,0.11709780947599235,0.12817372258052148,0.09050620035968422,0.09048629098795388,0.39070757917343785,train,False,1368
1,100,d,0.006636937168682983,0.006624787027486683,0.007934101958122629,-0.010217794848678121,-0.010233635312557166,-0.0037454559311943213,train,False,1368
2,100,e,0.209725384513233,0.21133803118668634,0.22081170775280706,0.11277946125000188,0.11498662859793594,0.27890385713304494,train,False,1368
3,400,c,0.08100017172541105,0.08096309399150778,0.09183105287193366,0.05431601483022881,0.05432656250877216,1.0653218204383181,train,False,1368
4,400,d,0.0069008421876704355,0.00687666019375596,0.0072866950977080016,0.010202478273672445,0.010126474401327563,0.012354399973241196,train,False,1368
5,400,e,0.15870307528019098,0.15884042772701334,0.23760218050008827,0.1640873154220145,0.16704296250622921,0.28064694366365267,train,False,1368
0,100,c,0.06622896302046247,0.06623120765247824,0.09621568794056248,0.0122760877080092,0.012261439860967088,0.21349467236985448,train,False,1369
1,100,d,0.006390708781698408,0.006390838614669913,0.004297551496327426,-0.019265711519557166,-0.019266017361671734,-0.004823825226864322,train,False,1369
2,100,e,0.24333611224138937,0.24334473042060753,0.27314212914551544,0.12880217965352395,0.1287914007922003,0.27147447320892526,train,False,1369
3,400,c,0.05922261469606252,0.05922182411234186,0.09407650573769616,0.003225627193099143,0.003221119890454247,0.47917687623476085,train,False,1369
4,400,d,0.004281952277371653,0.0042851205435950075,0.003913753875034233,-0.00286819848577597,-0.002867830204509385,0.036205503778439015,train,False,1369
5,400,e,0.18148329937207044,0.18150714383046943,0.2886202962785021,0.16175111777908371,0.16174813099338237,0.30196795118458636,train,False,1369
0,100,c,0.058543146804671674,0.05854336726213573,0.06967036497729003,-0.11988179252312257,-0.1198829419801912,0.4469375861928863,train,False,1370
1,100,d,0.011613818630482213,0.01161540058656936,0.005444092090472303,0.01953861397426536,0.019537663961183505,0.06432224184072495,train,False,1370
2,100,e,0.231775860766965,0.2317745689255709,0.35122108930363233,0.15549388850567986,0.15548716067925888,0.35927476508173994,train,False,1370
3,400,c,0.05519973060858378,0.05517993932936932,0.08359444393865158,0.026195185497583467,0.026167947323281666,0.2741869158238628,train,False,1370
4,400,d,0.00469654801308084,0.004696554522580749,0.005675976081860538,0.0066408043136761035,0.00664058329991553,0.03651504531141228,train,False,1370
5,400,e,0.16917743956581022,0.1694730977069234,0.24908298181132726,0.17123516610430423,0.17100435452229953,0.33175982233036677,train,False,1370
0,100,c,0.04738135063552743,0.04737919725084365,0.0864527552626423,0.016494762561552533,0.01649320367202833,0.9601409808973238,train,False,1371
1,100,d,0.07605353974609837,0.06089088811257384,0.03126226404492809,0.020269997582356824,0.021581106640106908,0.12475931236162487,train,False,1371
2,100,e,0.23870616787175578,0.2387098522231609,0.29424058938477615,0.1372176680153735,0.13720821268480157,0.3217283126781038,train,False,1371
3,400,c,0.05818085066102391,0.05818398137042236,0.09251022897384718,0.05672254667169838,0.056719908060940655,0.4256147560011184,train,False,1371
4,400,d,0.006866521119711866,0.006875097742261244,0.00839769860284191,0.0004571855769177802,0.0004552996965537304,0.08594118831577743,train,False,1371
5,400,e,0.17092111138433058,0.1709262758606241,0.2608838753069663,0.1525132354782554,0.1525053381658609,0.36277401454974567,train,False,1371
0,100,c,0.06104927627727852,0.13443980262984184,0.09453462991642735,0.03771799437555529,-0.012685735843247344,1.0129871064541662,train,False,1372
1,100,d,0.003313998565130651,0.0033140040279272,0.003303731529944223,-0.01914856783175086,-0.019148639744002906,0.04261556478181866,train,False,1372
2,100,e,0.18232448906286516,0.17590450023276247,0.2366400921890102,0.03852319861289793,0.05651248539143261,0.30856288551821826,train,False,1372
3,400,c,0.14061611018771875,0.14067131113682085,0.13339707946646123,0.011043439387223302,0.011031969702752846,0.641676220858121,train,False,1372
4,400,d,0.0036297620835883545,0.003629743305018148,0.004550133559591616,0.008093760962054403,0.008093202137695332,0.046281659343773054,train,False,1372
5,400,e,0.1674653857395706,0.16747882081002696,0.28441785854356216,0.151760396854006,0.15175680325306407,0.32081492181391846,train,False,1372
0,100,c,0.052030309914493665,0.052027307515675546,0.10913256554736771,0.027356816933738273,0.027353463697283757,0.5195001424883094,train,False,1373
1,100,d,0.021473720097037328,0.021475355604232443,0.006635709643518559,0.018966956275146104,0.018963463512835385,0.12064093707797455,train,False,1373
2,100,e,0.21574374239280636,0.1709572983719743,0.29617778032834474,0.12850443762883793,0.14094526823770778,0.3986545578104524,train,False,1373
3,400,c,0.06499071493838872,0.0649924539752791,0.067472960614423,0.02300426668653813,0.02299645295600179,0.787726446035409,train,False,1373
4,400,d,0.004690111429713576,0.004686187825377627,0.005143200694044633,0.004935659340355087,0.004935200612745021,0.035938645498049926,train,False,1373
5,400,e,0.17698969296441927,0.1771093251690956,0.2537707791125559,0.1501569454018817,0.15147267813911974,0.3418266364735764,train,False,1373
0,100,c,0.09868196739422645,0.0987516447437493,0.14112031443370598,-0.03350198138644821,-0.03353168542269444,0.24152912998735693,train,False,1374
1,100,d,0.005378307742029315,0.005378296479376595,0.007957712792851067,-0.018692883510863716,-0.01869308743838264,-0.0009524322191453294,train,False,1374
2,100,e,0.20454194631252404,0.20456894364159808,0.2362571728523676,0.10195713146391161,0.1019520908353282,0.30492163809756095,train,False,1374
3,400,c,0.07052894084723545,0.07092757193838209,0.08552894780531908,0.043024101937648426,0.042990229314154076,0.4042584388550665,train,False,1374
4,400,d,0.009673568371981212,0.009672991715655686,0.011147675964763617,0.007058733447145649,0.007051238800343391,0.04154505446514342,train,False,1374
5,400,e,0.21186054384114414,0.21190123503394218,0.21216412115381467,0.13328353799723722,0.1332692254063779,0.4599524637893393,train,False,1374
0,100,c,0.07554444096640231,0.07556591217317608,0.07793794866295779,0.05182478163339042,0.05181381512326389,0.7455414148327185,train,False,1375
1,100,d,0.00930544270791627,0.009305442956408826,0.01150207692218343,-0.04306801595641646,-0.04306862097690505,-0.02963201991003965,train,False,1375
2,100,e,0.18032472469538421,0.1803309602138513,0.16732447631841585,0.13675021812694468,0.13674465566080904,0.2391740623220906,train,False,1375
3,400,c,0.05962075829377182,0.05962372445346574,0.06937785254842645,0.008213513328092005,0.008206888452840247,0.5223944337646728,train,False,1375
4,400,d,0.0041550851358785525,0.004155092868778842,0.004243606731231954,0.011031728867039039,0.011031315172591186,0.08309631143425808,train,False,1375
5,400,e,0.18017388049349695,0.17999104933611354,0.31901992029886783,0.18349803656836997,0.1839107118664152,0.31228973217643036,train,False,1375
0,100,c,0.0697270870034871,0.06973241484946525,0.09355551841612679,0.10645393106531927,0.10644560252110254,0.7837938031534221,train,False,1376
1,100,d,0.010985779627295104,0.010992522689295216,0.012466183391046583,-0.0005448379129893865,-0.000544641639754353,0.02659695588039373,train,False,1376
2,100,e,0.18207331811397776,0.18307822345866934,0.2758588978278587,0.13629736441633522,0.13626878272773885,0.2485134570460165,train,False,1376
3,400,c,0.053610094137898245,0.05361033933582285,0.07797924870536334,0.045574796204432604,0.045570497849167425,1.0014266405345174,train,False,1376
4,400,d,0.005159011565811451,0.0052518263402293215,0.006040218547188563,-0.004284118350990696,-0.004246277118599462,0.05344887850476903,train,False,1376
5,400,e,0.14273519366120901,0.14273258177086753,0.21944708447580732,0.14506096860271434,0.14505222196077946,0.34840214076534687,train,False,1376
0,100,c,0.06652857687285682,0.06649532256687797,0.10966151230031398,-0.09848195604878818,-0.09850208660126476,0.2885978497880727,train,False,1377
1,100,d,0.008479893202117356,0.00848402347748732,0.007486249911791249,-0.01882355091066561,-0.018825470647441306,-0.0007489383856418286,train,False,1377
2,100,e,0.1670422097083238,0.1608567237570516,0.2413977532577341,0.10935206953742416,0.11776161601313696,0.2895986539601919,train,False,1377
3,400,c,0.058063065333021455,0.05806286901143493,0.09279378411244427,0.040831328819871116,0.040828745288978466,0.40388133620619926,train,False,1377
4,400,d,0.011729162372064427,0.011729539283949281,0.007252730954303826,0.0131447553345272,0.01314447286281972,0.08579038764417515,train,False,1377
5,400,e,0.16567333045220142,0.1651806507197907,0.2584679825178994,0.16680152420145228,0.16655214210569122,0.44763966582977366,train,False,1377
0,100,c,0.08767454662966107,0.0892219162414594,0.08293196703982869,-0.13975611730550058,-0.13979436912742935,0.3574258930069669,train,False,1378
1,100,d,0.0029840470516228706,0.002984026406896459,0.0029723575164825665,-0.01366119592244365,-0.013661649018336863,0.02509668918232567,train,False,1378
2,100,e,0.13696785524894875,0.13695924205041432,0.23048884224599395,0.10099249442282555,0.10098675145724947,0.3008879894545716,train,False,1378
3,400,c,0.06026321373644339,0.0602609794688709,0.08627793789351332,0.0014482804245735538,0.0014467821438670825,0.6847865207515109,train,False,1378
4,400,d,0.0035750550319787263,0.0035746023583026264,0.003480534423103358,-0.007938877260379158,-0.007938440545043016,0.04237642840718934,train,False,1378
5,400,e,0.1666767576565649,0.16667363606655983,0.2620204759705087,0.16199110913371337,0.16199287936026807,0.37698399833402646,train,False,1378
0,100,c,0.09449152630318154,0.09476878777634473,0.08997839850140377,-0.02476203269493155,-0.02476020639837387,0.6478594551606655,train,False,1379
1,100,d,0.05458006669224917,0.05458559111893058,0.03228524940062719,-0.01968417533023244,-0.01968644893641992,0.020845502571066578,train,False,1379
2,100,e,0.23574673115004566,0.23574904946029485,0.32063019607463844,0.1380684735492089,0.13805481209062884,0.321564016536607,train,False,1379
3,400,c,0.06517469789976822,0.06523601055223065,0.08330251132926988,0.041790289739241475,0.04174204605499412,0.4582175023691217,train,False,1379
4,400,d,0.0066439467196217185,0.006643771921185675,0.007251730818279662,-0.0016695241975761732,-0.001671604037704153,0.056652559162731146,train,False,1379
5,400,e,0.17242818466963614,0.17242996174709277,0.2587214592085545,0.15042585079987,0.15041910608983997,0.2974310533022954,train,False,1379
0,100,c,0.049637358230214826,0.04963688683283373,0.07631362020737481,0.02426246149724385,0.024258842306991612,0.4711681468378538,train,False,1380
1,100,d,0.008655797256260908,0.008655852428896244,0.00449111941633428,0.005547713154938041,0.005547788508777245,0.09838263921613918,train,False,1380
2,100,e,0.18928372542019237,0.18928034470108532,0.3153464410990323,0.12615978347231108,0.12614982788590637,0.3069246977313935,train,False,1380
3,400,c,0.09745768577102512,0.09691949312011572,0.07625897996269736,0.01264408372808994,0.012730961408285352,0.2816834511906949,train,False,1380
4,400,d,0.0082839122453071,0.008281258765046661,0.008182241499179213,0.01395973731208736,0.013959815740666173,0.05508230755691738,train,False,1380
5,400,e,0.1916201231224561,0.19191365248343437,0.28916914848884034,0.1571045090094923,0.15714552838180848,0.3198379967154684,train,False,1380
0,100,c,0.06139852907691573,0.06135895926697646,0.07959070579535579,0.05206907700480414,0.05207131073939266,0.5882959574283424,train,False,1381
1,100,d,0.005210753240841844,0.005214756303067261,0.006786004476917729,-0.015211581029767931,-0.015214551784094326,0.007292399461768699,train,False,1381
2,100,e,0.17467274301140776,0.17467481365652676,0.25334297532373706,0.15563082092373925,0.15562561565561658,0.3001226902755348,train,False,1381
3,400,c,0.06340346868145144,0.06341009626884535,0.07059860059372852,0.06492684001698074,0.06488031656360128,0.8985761975283023,train,False,1381
4,400,d,0.02080279982884417,0.006888392734054674,0.007672517790720348,0.010273461061385021,0.01563533250303381,0.06291815654160934,train,False,1381
5,400,e,0.1722431755211799,0.1723239796614881,0.23316789156025672,0.12362159386665837,0.12359840168682971,0.3138367795358997,train,False,1381
0,100,c,0.05207348802547638,0.052057788892557647,0.13402687939502841,0.10360149443627151,0.1035954571295074,0.5484145607028911,train,False,1382
1,100,d,0.02310334646988702,0.023259601985588588,0.026374868060475048,0.005226111155002507,0.005223236460889673,0.11495455075269909,train,False,1382
2,100,e,0.20054197858003384,0.2007079573027311,0.2575031734205871,0.15241900449530485,0.15241082915537427,0.2989783252473162,train,False,1382
3,400,c,0.09054526077833547,0.09065169390911536,0.09981106437807957,0.05410468597863357,0.05409269941414557,0.7223174146019601,train,False,1382
4,400,d,0.005367439144329769,0.005536810339901811,0.005948212757341145,0.011008508402288708,0.0109438865677539,0.10489759395370175,train,False,1382
5,400,e,0.1673680287866571,0.16735876137597094,0.23621828918521787,0.15484732617135477,0.1548401096571736,0.32585241980079954,train,False,1382
0,100,c,0.13132836301234496,0.13133141230627363,0.11120302072874633,0.12708684502773232,0.12707297844121976,0.551136324668327,train,False,1383
1,100,d,0.016136459901518317,0.01614074488490719,0.017254775226356912,0.010630529651192315,0.010628961770702485,0.024376309981975677,train,False,1383
2,100,e,0.2554027641523452,0.25541132805989514,0.31807205131458666,0.1752083299948172,0.17520451866259315,0.279505365668292,train,False,1383
3,400,c,0.06068258630311497,0.060530286488969895,0.077446722576074,-0.04033686310989339,-0.04038237791743583,0.7516772377668821,train,False,1383
4,400,d,0.006779030000897884,0.006805215421753533,0.008927245425917708,-0.0024365696362902514,-0.00247189062974984,0.0386115966780539,train,False,1383
5,400,e,0.19250397882429054,0.19251230814239226,0.24860343914724428,0.1438796735189434,0.1438653089749414,0.3478928558720325,train,False,1383
0,100,c,0.08777136803818808,0.08767154000376114,0.09604006914076163,-0.002005559745281573,-0.0020069608478443966,0.8496154443651149,train,False,1384
1,100,d,0.00582821835604522,0.005828286579103297,0.006283427994349999,0.0008454788709302897,0.0008452920903458506,0.03484352827471716,train,False,1384
2,100,e,0.20489434115446886,0.20490304494918526,0.32658719551750104,0.16286296087500587,0.16286007835501592,0.27415176319503376,train,False,1384
3,400,c,0.06843449399595378,0.06846819183940203,0.08113058125587978,0.0823642790829804,0.08224054781805741,0.916112249383744,train,False,1384
4,400,d,0.004592989316729443,0.004600691870689002,0.004833671507281829,-0.01105733566917726,-0.011062447770573521,0.0014574058879221674,train,False,1384
5,400,e,0.17447945111022636,0.1744774308289064,0.2322718583056786,0.14860983556986823,0.1485945467603014,0.3218414778550746,train,False,1384
0,100,c,0.07658970099958301,0.07658014289270203,0.14042057155797535,0.13513651986640313,0.13512526392020832,0.5283927824287441,train,False,1385
1,100,d,0.0355307306645572,0.03538806186257056,0.0049337659704013544,0.02637775274456212,0.026357229885012767,0.1456242790858157,train,False,1385
2,100,e,0.1854917689436606,0.1854703397799828,0.22746337051251966,0.07984293262032288,0.07982980065580975,0.36186613682806495,train,False,1385
3,400,c,0.060897922978221095,0.06089942735400729,0.075496553388133,0.06568839501589245,0.06568530189195364,0.5431756425137684,train,False,1385
4,400,d,0.0051895215940250174,0.005189679147222355,0.005209003064460581,-0.0008861545276715611,-0.0008863798861342964,0.11430661041225092,train,False,1385
5,400,e,0.17981774827447944,0.18056539938363836,0.27821373386000053,0.1764168761594924,0.17869387632845318,0.32666287809144345,train,False,1385
0,100,c,0.0787662243401122,0.07875722272089997,0.09256656642431674,-0.02675461537577604,-0.02676886384482941,0.40518994170489103,train,False,1386
1,100,d,0.0021413637355785988,0.0021414108830051645,0.002341755035717865,-0.021810490098655037,-0.02181101975624923,-0.015052187155782342,train,False,1386
2,100,e,0.14211791127433912,0.13521045847352287,0.1799531634418089,0.09755161122321049,0.096962663310957,0.36326066687674996,train,False,1386
3,400,c,0.05975237226586047,0.059753647726587505,0.07730104329817361,0.01994544008927271,0.01993682189642655,0.581153880496861,train,False,1386
4,400,d,0.004859320427089212,0.004859386883655828,0.005765091006209918,-0.010218707576937387,-0.010219140404812902,0.06433590406182288,train,False,1386
5,400,e,0.18236213457918862,0.1806377499019317,0.27247441505602266,0.12075414206450774,0.12062633416328389,0.46449279937485466,train,False,1386
0,100,c,0.08177696201486195,0.08178229999660942,0.06352032907750295,0.07180051205910842,0.0717950936055287,1.1211902889908283,train,False,1387
1,100,d,0.004887666830760677,0.004887631009962935,0.005153188579719175,-0.01783077669643598,-0.017831189744511543,-0.014803211068032666,train,False,1387
2,100,e,0.2450656276571431,0.24507220230939558,0.26192738664250276,0.14272238108084176,0.14271154649228757,0.285818835358042,train,False,1387
3,400,c,0.05159585493559822,0.05159579482211273,0.06953257563694186,0.06664973455541919,0.06664883578300383,0.6713027437895173,train,False,1387
4,400,d,0.006358467129575478,0.006358506818187173,0.0047809806623865395,0.01582445832477065,0.01582477182342709,0.10979129871295623,train,False,1387
5,400,e,0.19310752110185053,0.19310742168890613,0.2867297009650165,0.15425441687385977,0.15424894154675647,0.331714545963263,train,False,1387
0,100,c,0.06601937764389089,0.08253783464526872,0.11033363453473692,0.005925035710413411,-0.00015229797664503052,0.7002694157965618,train,False,1388
1,100,d,0.03335836206809741,0.033363539831057214,0.021295155235287876,-0.004132116946778517,-0.004134267889416883,0.029689917036925594,train,False,1388
2,100,e,0.26683586227151784,0.2670746569086074,0.3333236295526087,0.10220367820376641,0.10218859134947511,0.33230077040046396,train,False,1388
3,400,c,0.058264330593993455,0.058244072643780447,0.0964795217794069,0.023286876593395647,0.02328003261168057,0.42980689301833996,train,False,1388
4,400,d,0.007941329850479096,0.010635037363427198,0.008348140749405781,0.003328267109249534,0.0014417507824026465,0.027629605729262163,train,False,1388
5,400,e,0.2068987407485558,0.20678107852624472,0.2475179386409116,0.13427267790596986,0.13425973262270433,0.2848910793839822,train,False,1388
0,100,c,0.11721138003837994,0.11713609413785592,0.06799708624880156,0.07036553681624795,0.07033122604748797,1.2521820255071427,train,False,1389
1,100,d,0.006177351888890077,0.006183654215371288,0.0044959820540798525,-0.0010933263878921374,-0.0010993049296807377,0.03863158230342194,train,False,1389
2,100,e,0.2599610579782873,0.2599142570300775,0.23669506433003218,0.07242559669414178,0.07243177877077528,0.3270187265513019,train,False,1389
3,400,c,0.08708111926837539,0.08710419015402233,0.08369134185287327,0.03232523795654089,0.032299945273093725,0.22729828337990818,train,False,1389
4,400,d,0.01218240378869331,0.01383910954283183,0.013044923763570984,0.0008295761209852871,-0.0004675477505312387,0.07420787754432777,train,False,1389
5,400,e,0.17941601406835453,0.1782867268830564,0.2571230828203162,0.15141898815753385,0.1510656144840739,0.3646307747593054,train,False,1389
0,100,c,0.0756618458767213,0.07565959301522274,0.07333772908903068,0.08577013109717442,0.08574850575275121,1.231038287435132,train,False,1390
1,100,d,0.003945153399489289,0.003945209065859025,0.005283365324433289,0.0034278967917778405,0.0034277223247853607,0.06784405099104332,train,False,1390
2,100,e,0.1832391202481822,0.18325899088092876,0.25425182955248926,0.11854907030530122,0.1185418212551528,0.31479156483952303,train,False,1390
3,400,c,0.05982022213236824,0.059821122159580256,0.07290122507021429,0.02529721825355267,0.025292372018536468,0.670703710513805,train,False,1390
4,400,d,0.007582019517856626,0.0075800987466064056,0.0062986764406169305,0.019292050435826092,0.019291048307651142,0.06959525000878145,train,False,1390
5,400,e,0.2058360381134892,0.20583715935601724,0.2865282175735348,0.1531341980787835,0.1531419035795155,0.33068375266671507,train,False,1390
0,100,c,0.06894722939738375,0.06897621687851271,0.07062921531409205,0.09415519336190813,0.09412652667168786,0.26764232183758296,train,False,1391
1,100,d,0.00457468475434166,0.00457472326480445,0.004726750199098276,-0.02211236245933245,-0.022112577993375064,-0.010118040663443448,train,False,1391
2,100,e,0.13852750530072602,0.13852001713736356,0.25631338804203563,0.14258489807812594,0.14258046771194274,0.3309738720122214,train,False,1391
3,400,c,0.06352808696093909,0.06351589136952153,0.10336248418148991,-0.03426509061225616,-0.03426864125289697,0.6426431427980741,train,False,1391
4,400,d,0.004703753368895517,0.004703751049323065,0.006564310919773771,-0.01121670744693139,-0.01121680203077995,0.07483060941310597,train,False,1391
5,400,e,0.16177784847760188,0.1618397519734056,0.2235218927819513,0.14827515230564559,0.1482687144217755,0.3308730006908575,train,False,1391
0,100,c,0.08407892179317378,0.08406403869928553,0.11824247600853013,-0.03808634784656391,-0.03808330752441577,0.14860080101734788,train,False,1392
1,100,d,0.00564738015899934,0.005647460620347076,0.006604483321881223,-0.008258242856063927,-0.00825853602824676,0.02315079033216442,train,False,1392
2,100,e,0.18283299301610167,0.1828316945398881,0.2185642530789067,0.10170107061546751,0.10169358092089831,0.2812954199146796,train,False,1392
3,400,c,0.06353604264854751,0.06356544837047946,0.07198590964558767,0.03026634187496697,0.03024531289385756,0.8699019738060007,train,False,1392
4,400,d,0.006575711823646017,0.00657697466146388,0.0056944453350764,0.004940264651438291,0.004939776054873768,0.040927055517175216,train,False,1392
5,400,e,0.19322669077106955,0.19498602957991348,0.289860436260567,0.18567178320925454,0.18357576350695692,0.32545444115845723,train,False,1392
0,100,c,0.06778484095752468,0.0677903141991332,0.08538625013000051,-0.11907727447449759,-0.11907794116163416,0.49917567847373845,train,False,1393
1,100,d,0.004548209160305288,0.004548270743862922,0.004680034266088799,0.004241106470622356,0.004240791343409623,0.04299768731412023,train,False,1393
2,100,e,0.1782851491439839,0.17828441168809803,0.22894909951405848,0.07699254766850168,0.07699498335769356,0.32851964871399625,train,False,1393
3,400,c,0.0596705616131166,0.05966498209379308,0.09695731903640077,-0.008232902928863908,-0.008236486724327818,0.6319431509082953,train,False,1393
4,400,d,0.0043742585559695115,0.004374335383249369,0.004937973759542606,0.00028324309091020794,0.00028298658875232976,0.011945921780342754,train,False,1393
5,400,e,0.18567913542428716,0.1857624418565938,0.27173781569321304,0.1452682777020079,0.14526636047430763,0.35085430313934846,train,False,1393
0,100,c,0.12477980177566472,0.12478845284896678,0.13443504870897827,0.05474505823181964,0.05473166681102768,0.7650706886515971,train,False,1394
1,100,d,0.007660635204336111,0.02258909505398868,0.017467702601070268,-0.0020690186257228405,-0.018160747789307,0.1265249758051261,train,False,1394
2,100,e,0.18239953790570357,0.18427348019598708,0.2438538258033903,0.12970988502972952,0.12998655907749204,0.34492323865942676,train,False,1394
3,400,c,0.060350654394592064,0.06021823518112804,0.06713681432039645,0.06868964314135276,0.06828220063961694,0.7157298770334194,train,False,1394
4,400,d,0.004764615494376775,0.004764700077173748,0.004969500886654641,-0.00827615708047107,-0.00827653704958932,0.031213289290546963,train,False,1394
5,400,e,0.1951482075891079,0.19513781948914916,0.24628352945601356,0.15322388215026275,0.1532103330649377,0.31888022065975774,train,False,1394
0,100,c,0.08444628902455512,0.08444842171219656,0.0852436311259603,0.13419062711219226,0.1341785495086309,0.7818780305092514,train,False,1395
1,100,d,0.03289373636423981,0.032168900704432284,0.0188389569504216,0.01020933621661662,0.009968777254225607,0.07367775574006093,train,False,1395
2,100,e,0.22937589603475078,0.22937853878251369,0.27786529856539954,0.1460788012221198,0.1460698954241081,0.25181550114536244,train,False,1395
3,400,c,0.050436795900729824,0.050939516484662155,0.07410801138755577,0.06803123901281743,0.06760439359209712,1.0299009447460947,train,False,1395
4,400,d,0.004451413764130583,0.0043788140494892885,0.005593489790843398,-0.002057758636154805,-0.002077493228464071,0.024746630551925344,train,False,1395
5,400,e,0.19122001861342405,0.1912293730540041,0.2397748593104521,0.1313453582584441,0.13133234701006202,0.3253845926267885,train,False,1395
0,100,c,0.07830659016125517,0.07834100783619653,0.08698501296387395,-0.0694198286475757,-0.0694274836490154,0.529862500785342,train,False,1396
1,100,d,0.0064537910234227815,0.006775805599887802,0.007329484431406954,-0.0143775783319251,-0.014559120937073473,0.003813839289451586,train,False,1396
2,100,e,0.18050816862773156,0.1805653382426257,0.3521303601352369,0.13011167621425304,0.13010156645477078,0.31491563284579077,train,False,1396
3,400,c,0.07188961237405986,0.07190103776703574,0.09129001958073392,0.11810998435602145,0.11808586036895165,0.6452669177723834,train,False,1396
4,400,d,0.006436277906630153,0.006434604132087626,0.005304996554215727,0.017434142051072587,0.01743315775799088,0.06470652260854427,train,False,1396
5,400,e,0.1823314506862322,0.1823291345287709,0.2577816931652328,0.17678811081163745,0.17680003141372652,0.34274483449409765,train,False,1396
0,100,c,0.03966683805648242,0.039654461043136455,0.08663788817464012,0.007793689955892731,0.007783319929940333,0.3420868809024493,train,False,1397
1,100,d,0.0035905490159685864,0.0035905780753450046,0.004206976817575683,-0.00799626756301306,-0.007996572799615133,0.007797671847702414,train,False,1397
2,100,e,0.14680513850605018,0.14680245085214916,0.12963160048192526,0.029489973322698936,0.029478879661002468,0.27387679723144037,train,False,1397
3,400,c,0.05829590987107213,0.057565760251185386,0.07707245129482061,0.0867380172001721,0.08769135641003359,0.5595987798232646,train,False,1397
4,400,d,0.006177153455006485,0.006181472433711639,0.0047505302970361155,0.00946058629877724,0.009460332440833845,0.05286156364892667,train,False,1397
5,400,e,0.2110972475748466,0.21109399448754979,0.28668811874790145,0.1741600978430334,0.17414950581578859,0.32338588241723554,train,False,1397
0,100,c,0.0837204922248814,0.08336969535228941,0.10267224979019192,0.15153182926181244,0.1515888912308944,0.951521707996746,train,False,1398
1,100,d,0.01230605765256281,0.012306011883102572,0.010385460829636544,-0.0001123301140615851,-0.00011210647666191065,0.22629414497627695,train,False,1398
2,100,e,0.17581564104378264,0.1779074607573153,0.28001273587597525,0.1430737716377353,0.14323470347794184,0.24452064575778135,train,False,1398
3,400,c,0.05309618378046801,0.09500107707320633,0.09877978063331971,0.04296140427328652,0.006861884963569054,0.9334557495099584,train,False,1398
4,400,d,0.006101151125478956,0.006094298988067435,0.008345813384673242,0.013345469812278169,0.013344165055700116,0.10897831133784068,train,False,1398
5,400,e,0.21038381324504918,0.21043467094122448,0.30481481787587134,0.16401005155595896,0.16400861391235247,0.29499390027055583,train,False,1398
0,100,c,0.0896906407863947,0.08968759998914817,0.06888869415330783,0.11548582824564939,0.11548023424701505,0.8117457166204071,train,False,1399
1,100,d,0.00506485346250668,0.005065460908548382,0.00694829536911801,-0.007354593801925908,-0.0073551622813752,0.013317741185521044,train,False,1399
2,100,e,0.19364734709222634,0.19364795731920087,0.2944727005251924,0.13203988886357665,0.13202813423022,0.3593668772791816,train,False,1399
3,400,c,0.09416900177515922,0.09429076582332352,0.10443996594023675,0.018052060540247935,0.017997540535114282,1.2330113521759565,train,False,1399
4,400,d,0.00438111849960687,0.004349309057935801,0.005159760224584309,-0.003488748005034097,-0.0034809670745439727,0.062235036323791314,train,False,1399
5,400,e,0.2060518494157974,0.20604103911081229,0.2995030590818726,0.15443623259987949,0.15443316573355825,0.33800840608109284,train,False,1399
