,n,experiment,MSE_misspec,MSE_NPMLEinit,MSE_NPMLE,SURE_misspec,SURE_NPMLEinit,SURE_NPMLE,data,NPMLE_lower_SURE,seed
0,100,c,0.07112269948966685,0.06980405118114906,0.1033867830406257,0.10109328194316028,0.10096256499949284,0.6940837025320805,train,False,400
1,100,d,0.016204431498390688,0.016203530594479036,0.008351343199450474,0.03520329591503936,0.035204446538597674,0.2720444616305753,train,False,400
2,100,e,0.2527243379097035,0.2527563359194241,0.30745745708643135,0.1401776466359895,0.14017024907147768,0.2653354333590934,train,False,400
3,400,c,0.04793831121603726,0.04793748834645079,0.07374046042724361,0.05007992421159884,0.05007781044259467,0.49910191862088,train,False,400
4,400,d,0.00638919675739934,0.006389239659640199,0.008231456746380556,0.0007194468550013333,0.0007190918464697127,0.06835256177353687,train,False,400
5,400,e,0.16181111849897672,0.16181649686381938,0.2811570824959699,0.15120598523981954,0.15120180516563253,0.5388063920205691,train,False,400
0,100,c,0.06866755736459185,0.06867158406426506,0.10104254027605833,-0.03487030192097485,-0.034874599417867316,0.5403088013608646,train,False,401
1,100,d,0.017840543264115473,0.01784360492131552,0.0024908792718507005,0.00688335091025742,0.0068823190764888765,0.08410866420680647,train,False,401
2,100,e,0.25930740002274694,0.2593078323957027,0.34894926059227027,0.12875556429716475,0.12874622849175318,0.29288779353281946,train,False,401
3,400,c,0.06005805355246449,0.060030758363797905,0.08053104524878235,0.07973485707433803,0.0797295514065717,0.6308521709156832,train,False,401
4,400,d,0.0054695680060689415,0.005566365244406009,0.007366020009968458,0.005554731010902092,0.005616034047752816,0.07500981347085943,train,False,401
5,400,e,0.1969243293347252,0.19745504972727226,0.2439479668387325,0.15031021259139624,0.15248770663384828,0.32740272398905673,train,False,401
0,100,c,0.10929674318471218,0.1092871841019742,0.10540929837274779,0.05041112903338302,0.05040334265016874,0.6766138534102754,train,False,402
1,100,d,0.014876258030056273,0.020237850161103004,0.010597814035807718,0.01270519203390645,0.01002792939374432,0.1448823702960585,train,False,402
2,100,e,0.21597165235628998,0.21579108454063248,0.3155845277771611,0.16136952095867338,0.16136675657778646,0.3659648792593749,train,False,402
3,400,c,0.049111096988510926,0.049109480407921416,0.07156295147420541,0.05413466565196551,0.05413173235855766,0.37684955530361863,train,False,402
4,400,d,0.010062375536123871,0.010058893938950248,0.0056877125903102566,0.017034181066971642,0.017034955622796437,0.07418914183914542,train,False,402
5,400,e,0.19675249284844912,0.1967526632298258,0.3293944270551365,0.15770159932553418,0.1577026711146778,0.3506769692675749,train,False,402
0,100,c,0.11980485601750271,0.11988588768113743,0.126482512440173,0.0514143023069704,0.05138816092564234,0.6863520188980504,train,False,403
1,100,d,0.021161965824284285,0.021166476193459804,0.013890034032736785,0.05663729898165439,0.0566366082158385,0.0637819654754546,train,False,403
2,100,e,0.2755936581395246,0.2756355435274093,0.28067183434327,0.14687771821357629,0.14686685367612115,0.3182591294938419,train,False,403
3,400,c,0.06458326276759453,0.06398440827901983,0.08570199099524092,0.05924931279369645,0.05910900138270229,0.7796512603530094,train,False,403
4,400,d,0.005594976017118861,0.005594552465815674,0.006284372208212996,-0.01469387289401313,-0.014693908473009235,0.03978140645703451,train,False,403
5,400,e,0.17725220638311046,0.17725410920943704,0.26404562150330274,0.14273796961351248,0.14273334544496455,0.2971508166052214,train,False,403
0,100,c,0.08477795903558397,0.08632567518665799,0.07455921368796443,0.09806068581268938,0.09892103967459129,0.4681258613990596,train,False,404
1,100,d,0.005183866435306311,0.00518393253028522,0.004857804845128182,-0.019914793616657534,-0.01991523405134897,0.00976790338037219,train,False,404
2,100,e,0.2037566884028752,0.2037868635098768,0.27616789976461514,0.15604616577478644,0.1560414381548206,0.30817981190987825,train,False,404
3,400,c,0.08448808571631443,0.0845278548915951,0.104928968782733,0.02517631616096793,0.025168795487021427,0.9085904325399143,train,False,404
4,400,d,0.004549015711860177,0.004547137472946973,0.004932747274833805,0.0021479180639253316,0.002149994451422259,0.0352123236562128,train,False,404
5,400,e,0.17938107509563703,0.17981284177225487,0.2902001114941088,0.16588096767583843,0.16585254550002687,0.303511972259195,train,False,404
0,100,c,0.15850397124367777,0.15857009701869418,0.1088333614583699,-0.09922549807571648,-0.09923879009820247,0.12867275174793322,train,False,405
1,100,d,0.006235010015184199,0.006251434003873847,0.004091722005484135,-0.004309423645496971,-0.0043123430026086144,0.008495264466865625,train,False,405
2,100,e,0.2572948371423721,0.25728604804896926,0.2936722317994712,0.10448277914394058,0.10448119496343214,0.386783414646458,train,False,405
3,400,c,0.058624850680515095,0.06296336067394429,0.08122746128516117,0.062139942722351196,0.061176242327287585,0.6018805193697976,train,False,405
4,400,d,0.008014024622859689,0.008013848893236858,0.006034144464725357,0.008836747674671077,0.008836790417176773,0.18241071306771375,train,False,405
5,400,e,0.19367963487573267,0.19376906904315935,0.3208994330115222,0.159863772241089,0.15985684806757625,0.31700528093031205,train,False,405
0,100,c,0.13292556401269198,0.13292405440882854,0.11725768449230163,-0.04184616105005446,-0.04185168715652651,0.777600581054037,train,False,406
1,100,d,0.001957047104931838,0.0019569342442351543,0.002679809467348715,-0.013746085005618714,-0.01374582665432687,0.10447282857845738,train,False,406
2,100,e,0.1342078103188859,0.1351924828528957,0.20500142718681502,0.09240932578514027,0.09303379153201512,0.31418616521689313,train,False,406
3,400,c,0.05563837838982484,0.0556519647813611,0.08294721069640106,0.06705017162799734,0.06704100288680458,0.7123640325144504,train,False,406
4,400,d,0.012219197855033193,0.012227451060471217,0.007246968971188158,0.02701659002257399,0.027014310618637367,0.12709167880078032,train,False,406
5,400,e,0.2120700142072601,0.2120906728168802,0.31218828004793736,0.1607349834416992,0.1607260932023084,0.32262862379026375,train,False,406
0,100,c,0.05351591598468544,0.05351380630145366,0.0847005737881463,-0.04716707024892699,-0.047186723891705924,0.5646291410113423,train,False,407
1,100,d,0.006447308407746263,0.0064478701739432084,0.007839032697450706,-0.0083709578334466,-0.008371316729280735,0.021358405939373278,train,False,407
2,100,e,0.23192712088891562,0.24238170159705047,0.37550676215037404,0.1291152292199473,0.1294114667534678,0.46828838516115723,train,False,407
3,400,c,0.05217735105802353,0.05217768060450064,0.0777205537204278,0.049072385090693164,0.04906820906810055,0.5708382291999392,train,False,407
4,400,d,0.005710200620739835,0.014592048123231288,0.013175557108670428,0.01608317468256299,0.0052969611142754044,0.21542379177986487,train,False,407
5,400,e,0.1703355000276044,0.17022969760193593,0.2666713571686082,0.14312438607618028,0.14311117388657793,0.34124236287785065,train,False,407
0,100,c,0.051191222214196724,0.0511863494493564,0.09309374649889283,-0.005545452950764869,-0.005556140735031363,0.6109165947043111,train,False,408
1,100,d,0.033324833914508634,0.0333379659948895,0.013547157905395766,0.001129223125892551,0.0011270093730563425,0.04062966773402188,train,False,408
2,100,e,0.16990935145377634,0.1698958420072514,0.2908275524120183,0.14532038245509338,0.1453172488195484,0.2974258540854812,train,False,408
3,400,c,0.06259365392346623,0.06251362755709182,0.0744404615787396,0.03379942280330695,0.033720672686446705,0.3887192052741251,train,False,408
4,400,d,0.006300610709387536,0.006300616820578686,0.00667323622816553,0.0068810277581791545,0.006880800379492839,0.0644784604773645,train,False,408
5,400,e,0.19200304796527867,0.19421830453782912,0.23999328400989695,0.14996977929047015,0.15005637666911376,0.31832291356885417,train,False,408
0,100,c,0.15609853355779887,0.12974965554684234,0.07838850366896534,0.0656984969827127,0.07154304826224589,0.8125470229771148,train,False,409
1,100,d,0.01212374033948923,0.012122179134962378,0.00619350747250043,0.03283799464698426,0.03283753781773093,0.23127006110815893,train,False,409
2,100,e,0.22322354485102303,0.2231316375416351,0.3245921783158076,0.1389407414598743,0.13892332603550422,0.3418243819880475,train,False,409
3,400,c,0.058165237730300336,0.05840831346391639,0.07550854062081302,0.04851179809908345,0.04828123284317158,0.3649276296197941,train,False,409
4,400,d,0.006454498924622262,0.006455232478827649,0.005923018244765945,0.018195598150905143,0.018195356931486693,0.1204683130058471,train,False,409
5,400,e,0.1890238333621195,0.18901454182577293,0.2854512136971355,0.16284379808334287,0.1628362261806592,0.3561522612885075,train,False,409
0,100,c,0.07339635926665478,0.0734034053245231,0.11258012132706013,0.01395795659046314,0.013951155734612542,0.7119082516187273,train,False,410
1,100,d,0.0029473378950614837,0.002947197316552156,0.00406361489251354,0.019871964444545042,0.019871869139023026,0.08266606528392409,train,False,410
2,100,e,0.2317656972509628,0.22851707875084984,0.21474158861444057,0.04499136407814621,0.0654553993264334,0.28533647078070534,train,False,410
3,400,c,0.0640527369787609,0.06404450677765718,0.07873764107969396,-0.03534278273716112,-0.035353325932380816,0.5310731735234505,train,False,410
4,400,d,0.0038355197862846345,0.0038180730852563176,0.004370920312402656,-0.0029746395105761537,-0.002978306034550933,0.01888883404595923,train,False,410
5,400,e,0.17945973875571075,0.18123697147392057,0.2595985598352719,0.16228044182313725,0.16247854904269163,0.3237385577733174,train,False,410
0,100,c,0.06946446762010963,0.06941153481977227,0.08117281614326073,-0.022651334232391348,-0.022655103176191176,0.5845058507963401,train,False,411
1,100,d,0.006573745386386003,0.006578555825423229,0.006573821401230588,0.006515281423118822,0.006513872540893342,0.00858400889505182,train,False,411
2,100,e,0.23764787733207754,0.2376331626582734,0.30662027072671827,0.08221173542410576,0.08219885843826027,0.35728472177756077,train,False,411
3,400,c,0.06976469964999912,0.06977067104974796,0.09991770263959875,0.019324800262553267,0.019320859733929864,0.9681388503219377,train,False,411
4,400,d,0.004760549974035553,0.004760636470215241,0.0049857999400119615,0.008933092139335148,0.00893257353114258,0.15484306491631755,train,False,411
5,400,e,0.1544619589860114,0.15117965293784175,0.23551288631825032,0.14779123350299656,0.14532493049342102,0.3219789924496921,train,False,411
0,100,c,0.0734284919380046,0.07342375186167546,0.12887709434737646,-0.06189703983994896,-0.06189624288226682,0.8208759666800438,train,False,412
1,100,d,0.00543315079566572,0.0054209709204282586,0.006384426967423779,-0.005041232498797612,-0.005043660712855828,0.017675492219857567,train,False,412
2,100,e,0.170127314846487,0.170127279467098,0.26169891395198247,0.07905783747351755,0.07905421227922439,0.2887870938516954,train,False,412
3,400,c,0.06869854725738998,0.06854046845437244,0.09927224964576854,-0.0059675793125801135,-0.005994118647417111,0.6108446696088498,train,False,412
4,400,d,0.004276687712718167,0.0042767454781004145,0.0045491332346920335,-0.015428814131950404,-0.015429176620726591,0.01832573471566258,train,False,412
5,400,e,0.15896225694720248,0.1586699159676571,0.25772890782591473,0.16908983565030558,0.1690966715420713,0.29803808063850384,train,False,412
0,100,c,0.15272507163694418,0.15275724398264376,0.17619747974880762,0.05556635713276854,0.05553450131939151,0.7779979823584113,train,False,413
1,100,d,0.00634779013423408,0.006347599314495308,0.0064694231178878915,-0.006916109976536031,-0.00691583305562693,0.07345240506238547,train,False,413
2,100,e,0.1575136532558547,0.16152521246763596,0.28187201332258943,0.1276777052092322,0.12687987990987826,0.31635404827655045,train,False,413
3,400,c,0.0610319235166258,0.06103498057400288,0.07254734458740064,0.07451912628091165,0.07451417560206061,0.8060216255720902,train,False,413
4,400,d,0.01540900569434527,0.015414016867745581,0.006044355367636523,0.009821687909996673,0.009820074522275703,0.12468231102410693,train,False,413
5,400,e,0.1908913195673933,0.19089411081304472,0.2687696772844967,0.1600537979437882,0.1600519774240753,0.3319610978914687,train,False,413
0,100,c,0.08441694961273008,0.0842974037005149,0.07712489255475384,0.06964262460406793,0.06963267920861896,0.4716030021314145,train,False,414
1,100,d,0.008065273527174899,0.008065485606041428,0.007767829334256887,0.009070125601398029,0.009069875921913636,0.010500968773854086,train,False,414
2,100,e,0.2263673196721261,0.2263090471886947,0.28881598489753957,0.16397219516988082,0.16396518049277795,0.2954242667656785,train,False,414
3,400,c,0.0657952506402228,0.060567432365071186,0.07702158865743246,0.02849127973674854,0.029149502190901445,0.6410001603420764,train,False,414
4,400,d,0.007229737908060658,0.007236640589791624,0.007333983032381363,0.003916440582937071,0.003910608297106446,0.09593658953537493,train,False,414
5,400,e,0.17393855579793666,0.1739417229414069,0.254111456171238,0.15129569708871907,0.1512793915260385,0.3289435588288218,train,False,414
0,100,c,0.09912010263504394,0.09901872960570862,0.13998310721427562,0.0252100901036124,0.025214440437726467,0.3783129445970528,train,False,415
1,100,d,0.0071000564589434705,0.0070996489231170265,0.005244097014872384,0.010095809227313577,0.010096021038181248,0.06850656733960175,train,False,415
2,100,e,0.20789261203789228,0.20795539383917838,0.40524811247071485,0.1705287923917715,0.1705238176071853,0.30402438594782055,train,False,415
3,400,c,0.06336949093200726,0.06336881356309275,0.09150118140668084,0.04403796760265131,0.0440375979420692,0.3865504943601,train,False,415
4,400,d,0.006343031430164269,0.007933820653747608,0.007245952023008497,0.010263755975045329,0.009638179629280827,0.026824416451488257,train,False,415
5,400,e,0.21058338883099625,0.21058221219749884,0.24664775253033958,0.1601884348324621,0.16018430502056974,0.33670636637972734,train,False,415
0,100,c,0.08451908920754202,0.08452415190323638,0.0793360717568574,0.01223703192639583,0.012227788706461169,0.5901421674089484,train,False,416
1,100,d,0.002398019411199391,0.0023980343269894427,0.0032655075337828993,-0.02075658835757665,-0.020756908841587107,0.06742434020463811,train,False,416
2,100,e,0.21052384960490955,0.2105212620220505,0.29625095463026113,0.10755497336231752,0.10755168156950586,0.22131067293267453,train,False,416
3,400,c,0.05631960389536953,0.0558543707518584,0.07529853638052561,0.06876010479199017,0.06858777760054935,0.9034303535113017,train,False,416
4,400,d,0.009695720905620377,0.009799751718469555,0.0045637137909197,-0.016439777788552573,-0.016466021582130105,-0.009249877824904704,train,False,416
5,400,e,0.17355430681364584,0.1728669171797062,0.22621239839059332,0.13544803088663734,0.13673546030696662,0.3598262804731911,train,False,416
0,100,c,0.06135003710446019,0.06134959607824135,0.05820912325090531,-0.01171037498810442,-0.011710714444661506,0.32635136509997636,train,False,417
1,100,d,0.0064448775116884285,0.006445345165039534,0.006440255132177549,0.0009358658547347787,0.0009354868599083588,0.061213846718746245,train,False,417
2,100,e,0.15414199057681388,0.15679069274822674,0.20727793024669322,0.1276657261437925,0.12797071347575917,0.3100543161577339,train,False,417
3,400,c,0.0523202163780562,0.05232328633304968,0.06331295927206322,0.01793628821401377,0.017936231321503654,0.7457249798974993,train,False,417
4,400,d,0.013957574692395452,0.013965921564887542,0.006178320715988823,-0.009736552510547938,-0.009738536348722206,-0.0053986231920313795,train,False,417
5,400,e,0.15545410510777966,0.15544921960051467,0.2265191312941722,0.13866104823858819,0.13865021855329637,0.34932245511688664,train,False,417
0,100,c,0.06268709415336017,0.06267247847707512,0.08778458617197614,-0.05155865290963263,-0.05157665203834739,0.34679931389332935,train,False,418
1,100,d,0.006600249293635982,0.006601511394018289,0.007837281133372492,-0.02309972087657755,-0.023100111099624173,-0.023042259779852435,train,False,418
2,100,e,0.2261147909323173,0.24188682709642176,0.25703588197990845,0.10016482614088673,0.10178360590782212,0.3628351075354152,train,False,418
3,400,c,0.05781384418067227,0.05787253153521529,0.07792204790340991,0.058307908230209336,0.058257905081448624,0.7048053002918024,train,False,418
4,400,d,0.02596245760397147,0.0259313744522278,0.0046438102475334754,0.0064369007500999055,0.006272113261541339,0.13478625321576376,train,False,418
5,400,e,0.16151774873333288,0.16152170059479407,0.2643843554942596,0.16828181747943075,0.16827017642967834,0.32363142998187827,train,False,418
0,100,c,0.0642617923863537,0.06426101989847269,0.06298223148091493,0.050182383908684826,0.050177322761695606,1.139189019942708,train,False,419
1,100,d,0.0037655485906269628,0.003765613822977265,0.0058252703824528,-0.013426294351057315,-0.013426431360269966,0.015301187430769119,train,False,419
2,100,e,0.23562754703239977,0.23272507143795743,0.29910202933199437,0.1564001874204162,0.15569824230497445,0.3228119636841715,train,False,419
3,400,c,0.057150078359984494,0.057149563738184674,0.08053705788162592,0.0015826450036720275,0.0015817717657652963,0.4071164494451787,train,False,419
4,400,d,0.006865577546852023,0.00688051524965527,0.007098628871293981,0.022652412495951478,0.022638518378607433,0.07028912905135956,train,False,419
5,400,e,0.1635471961036567,0.16354974730227628,0.26157065270220475,0.1758304012574365,0.1758269388811904,0.5189245390737713,train,False,419
0,100,c,0.048891138928587256,0.0488850837215207,0.07475742616932536,-0.029011640281175703,-0.029035363188405584,0.8790646391027928,train,False,420
1,100,d,0.005822377634381628,0.005822432346245354,0.003974018261801822,-0.00565534374478645,-0.005655435632126568,0.14735246988821815,train,False,420
2,100,e,0.1389838902280176,0.1390500955648273,0.1962700614811543,0.06389974434910776,0.06389662913591657,0.5229606333149697,train,False,420
3,400,c,0.09537194250771698,0.09506744481760897,0.08609092975890346,0.09556801741362485,0.09568901268837784,0.9404466431815564,train,False,420
4,400,d,0.004713124325325834,0.004713277047942161,0.004934089163324137,0.0068164277951194485,0.006816200490698385,0.06715787070033208,train,False,420
5,400,e,0.18467750426842577,0.1846820749860516,0.24863052684855214,0.11516065915044252,0.11514482346570802,0.3786624659496406,train,False,420
0,100,c,0.06248415732557409,0.06248974385558366,0.06141185746890003,0.012807129853598767,0.012795824337358966,0.8405443155113355,train,False,421
1,100,d,0.002227658202532379,0.0022277059321191865,0.002793457443602097,-0.015621984814122651,-0.015622297244760332,0.07314920000275267,train,False,421
2,100,e,0.20250065561944766,0.20147550509844467,0.19403733719998997,0.09040536962415843,0.09447918550625622,0.3355497592393483,train,False,421
3,400,c,0.07356053757690388,0.07356642511592355,0.08296639883920993,0.08520396297000168,0.08519997918818767,0.42157810176708355,train,False,421
4,400,d,0.004615499848357445,0.004611575257622043,0.00489894460054103,0.01607173233619985,0.016070051099610988,0.06935892153234599,train,False,421
5,400,e,0.16271905698429584,0.16287947927496751,0.22516112154786125,0.14097646469210418,0.14099007249684944,0.38292245591643165,train,False,421
0,100,c,0.04747259457780913,0.047806118159648435,0.07715334447068506,0.05951807602788662,0.05946203603825687,0.43216128643947227,train,False,422
1,100,d,0.011892946550064221,0.011894184500148031,0.00813472061107042,0.019637973697354844,0.019636997319200374,0.08401885892011891,train,False,422
2,100,e,0.15800103849273434,0.15799707940868513,0.2453143913733713,0.13545437221920595,0.13544750337922723,0.3486690124027911,train,False,422
3,400,c,0.05046871654914678,0.050467150683449785,0.08153861263741277,0.032115238825171345,0.03211339006002632,0.46540662332741184,train,False,422
4,400,d,0.0067397890033990895,0.006739881471802056,0.007661277124723379,-0.007790296316889816,-0.007790448610861809,0.022558118463127688,train,False,422
5,400,e,0.16178588046076925,0.16176302938411077,0.2595331475554508,0.15626688294522137,0.15626330616361825,0.3626738084844648,train,False,422
0,100,c,0.2611792552264297,0.2611582792201597,0.131781471815823,0.11268101513180043,0.11267419971398568,0.25538436639477446,train,False,423
1,100,d,0.015705373898022665,0.01570560439982176,0.01684774129896614,-0.025974264672642706,-0.02597465203505429,-0.016122408522928674,train,False,423
2,100,e,0.2334807212536238,0.23345214089653582,0.20522215743956168,0.15410668182774792,0.15409857308273453,0.323542110434808,train,False,423
3,400,c,0.05242284399075674,0.07161964145709351,0.07775925166742377,0.04942970798184753,0.03878289634562627,0.6675329683248356,train,False,423
4,400,d,0.007591798715113639,0.007591978044388127,0.008040088073954838,8.304142583593687e-05,8.264964884629577e-05,0.010654452705140862,train,False,423
5,400,e,0.1900180344977773,0.1899456921183113,0.26658726870495014,0.1080730851391277,0.10805829879588895,0.32767158146322134,train,False,423
0,100,c,0.07068448903111318,0.07069363712219849,0.05296680235504768,0.005006422226997387,0.004970992334331896,1.3545063642662003,train,False,424
1,100,d,0.008576304310778226,0.008576353203722787,0.005153858749811045,0.0012137925193344756,0.0012137048212908042,0.051230193609603736,train,False,424
2,100,e,0.21998689693718712,0.21998301875185683,0.382180284155768,0.16699878550193303,0.1669949580774643,0.4205100787437162,train,False,424
3,400,c,0.06469061055454664,0.06470372226773036,0.07521263047213168,0.09097338677162924,0.09095502278858383,0.7348140748957198,train,False,424
4,400,d,0.015632720812605635,0.015794886195902646,0.010404137857665658,0.01245516028660683,0.012454394698741905,0.020659134858876396,train,False,424
5,400,e,0.2265073672075579,0.22653932911555208,0.33988850958027433,0.17959428940241653,0.17958491535290694,0.307887219665044,train,False,424
0,100,c,0.05929450646793193,0.059282369893894925,0.0810160932127316,-0.05869316897367242,-0.05873424913694187,0.27337037672901165,train,False,425
1,100,d,0.00760831560212026,0.007606374192109197,0.0059517170328880955,0.03486283690978281,0.0348638628616045,0.17162277564128378,train,False,425
2,100,e,0.17499831198759877,0.17645318004871352,0.2900891698178163,0.14003527343062566,0.13811105048237424,0.24289345391170108,train,False,425
3,400,c,0.06643448806062839,0.06641497708905293,0.07803936074246873,0.03611386562197758,0.03608190086472995,0.7809093028596805,train,False,425
4,400,d,0.005206335795642904,0.005206111672428595,0.004606712311118398,0.0028289525216185396,0.0028288554641395258,0.06562229908303081,train,False,425
5,400,e,0.18446635995019395,0.1845656057144406,0.28228758775466717,0.15222618984792793,0.15220495188167493,0.3444565126034306,train,False,425
0,100,c,0.0849469708950494,0.07102945303317873,0.062369510621711664,-0.0036307296159751703,-0.0018414235035405114,0.5053625255075848,train,False,426
1,100,d,0.008942385461564652,0.008942617126887481,0.013131394556851908,0.01069458946881026,0.010694343325739286,0.05336895204835951,train,False,426
2,100,e,0.18060383205184855,0.18055607350681574,0.23075945662348635,0.12637862238384442,0.12636455991449452,0.31875283668286664,train,False,426
3,400,c,0.1075218538368495,0.10721130008812008,0.09422723509914442,0.06870096135403707,0.06869120324855026,0.7727462301325602,train,False,426
4,400,d,0.003956523456626612,0.003956592455358031,0.003934583839659445,-0.006927866488870951,-0.006928103240714485,0.02307871703872731,train,False,426
5,400,e,0.17108936200509298,0.17124194987182634,0.2739547313397393,0.16099820310313148,0.1610712451546413,0.29633263869589604,train,False,426
0,100,c,0.07303841632636432,0.07304082783367134,0.07575721634978178,0.07481605954489005,0.07480763101971227,0.5064486426838115,train,False,427
1,100,d,0.05715139460138774,0.05720110578127738,0.015366492058392816,0.024785750194871507,0.024785427658918592,0.041016726006888875,train,False,427
2,100,e,0.26693861881946274,0.26689812824857656,0.31610955771222443,0.12969889397427828,0.129694416417208,0.32137796535879076,train,False,427
3,400,c,0.053697225931215245,0.05369545519394943,0.08815078454653928,0.04960447342512879,0.04960207470840729,0.4834487630049308,train,False,427
4,400,d,0.003938873960419484,0.003940056322766016,0.0038427388946823742,0.005473850093236479,0.00547329911164919,0.018247097907281285,train,False,427
5,400,e,0.17508084915123998,0.17668071706745597,0.26345449004887306,0.1728973500128733,0.1741934732387632,0.30374468861848775,train,False,427
0,100,c,0.05971815544083757,0.05971379283626604,0.09032191258724748,0.14876770186538948,0.14876554566422087,0.5133051573082933,train,False,428
1,100,d,0.008514866602964376,0.02347236287093693,0.009282832623607271,-0.010182791482920006,-0.021721030531664846,0.04566456659465395,train,False,428
2,100,e,0.18866568958453192,0.20047786769260306,0.2358520871768608,0.0554712028542426,0.05650415646202912,0.37190677142981454,train,False,428
3,400,c,0.05944496489818914,0.059445462418019436,0.06982123153005784,0.04718221376186819,0.047179689501387186,0.24063804598553473,train,False,428
4,400,d,0.006851172909483817,0.0068605714940152464,0.0075422501789912276,0.001019898680120832,0.0010173013764016936,0.028182025518138278,train,False,428
5,400,e,0.19578564283089267,0.19564089940545581,0.2924252307185073,0.15739033598997423,0.156576840227642,0.32483751479400824,train,False,428
0,100,c,0.19617281227111463,0.19111825244869116,0.14316839448059968,-0.08269333531631297,-0.08444138708859356,1.3716096435324716,train,False,429
1,100,d,0.008558505505712249,0.008558600973585077,0.005106748422829572,0.015473608630636928,0.015473625015704097,0.1358850027007918,train,False,429
2,100,e,0.1806941264123509,0.17842057525029972,0.23615310542743628,0.11333036806993114,0.1135556613529279,0.3611028865164201,train,False,429
3,400,c,0.07225422221916611,0.0640853773254957,0.06374898825704851,0.08560106825908555,0.08679898541409407,0.894155490500765,train,False,429
4,400,d,0.0043939639009350625,0.008884472409181585,0.008649023096236434,-0.004493934674015634,-0.008973660996383774,0.05856046389071825,train,False,429
5,400,e,0.16465156767233569,0.1625769757757476,0.24889517945984238,0.14927592338352824,0.15118018045557627,0.32007644380288747,train,False,429
0,100,c,0.04773031165726205,0.04772959057445826,0.08276211288076722,0.05196706744298098,0.051966082972937575,0.8111681232133668,train,False,430
1,100,d,0.007753577050684518,0.007762567635164581,0.005540362586059075,-0.018388084182975658,-0.018390303717831066,-0.009251478540649139,train,False,430
2,100,e,0.2052317675072121,0.20524178156326106,0.32851707773146366,0.1451346320776645,0.14512347052345426,0.2581984842141206,train,False,430
3,400,c,0.058021079942267795,0.058206880929289655,0.0838342731482099,0.07680299959482127,0.07668084410975012,0.6689303585378233,train,False,430
4,400,d,0.006302180323119071,0.006300575389229045,0.005404423010842823,0.025823306095522868,0.025821885806421037,0.0810979414706572,train,False,430
5,400,e,0.20307618438003797,0.20309068736795807,0.2962811358191722,0.1640394175870166,0.16403135710933964,0.30157741092257273,train,False,430
0,100,c,0.0755227174225618,0.07553355753852449,0.06828727735205113,0.07232491160977056,0.07228536998488685,0.559360827814306,train,False,431
1,100,d,0.00669597984081716,0.006696486708960058,0.005070183748266349,0.014468085533177515,0.01446754862958116,0.052143663195707395,train,False,431
2,100,e,0.22750695357625003,0.22752854782065857,0.37584480370967166,0.08485237598988828,0.08485971893151817,0.4412397311996335,train,False,431
3,400,c,0.05459440917159704,0.05466307899260963,0.09810914718110349,0.07202489942832983,0.07195399280006484,0.38151951203646023,train,False,431
4,400,d,0.006284171978647939,0.00628374169054144,0.0066287122079166675,0.004840196095341867,0.004840490573979661,0.1295524152172268,train,False,431
5,400,e,0.18451516849950816,0.18407838872841725,0.2311208669788989,0.11269348417976481,0.11259164421196921,0.33624767684520473,train,False,431
0,100,c,0.07602569309529011,0.08822478476134878,0.08930214871813995,-0.05647722012814434,-0.06723728604950878,0.5222204589841482,train,False,432
1,100,d,0.07073430032917773,0.07075342106006607,0.008861236952525527,0.0011065399665908338,0.001098326741042861,0.17879429694785437,train,False,432
2,100,e,0.13904077624746353,0.13903336212816528,0.24698834206312942,0.13552507222569765,0.1355102281262996,0.3511825741475374,train,False,432
3,400,c,0.057387198414026896,0.05739565164337455,0.07204675433882454,-0.0034338342351543363,-0.0034741000123204913,1.1274768902740393,train,False,432
4,400,d,0.010097395756509751,0.009907794097487835,0.006177326867767106,0.019349955457669488,0.019588545195288864,0.05997797332871773,train,False,432
5,400,e,0.19409674623501746,0.19407849694676796,0.268690387354421,0.16406083918977604,0.16405279968445738,0.34167575710440073,train,False,432
0,100,c,0.06227861110577417,0.062306546542717445,0.10367592574011607,0.013498181341234101,0.013504634434803294,0.1811748205309145,train,False,433
1,100,d,0.009116880836041983,0.009116793079343516,0.006812582337211539,0.026138949272795208,0.026138544638017756,0.09255972244955188,train,False,433
2,100,e,0.19414537368370982,0.19412891735619378,0.27447332475666475,0.1483764475559062,0.1483701812944864,0.2954421135415709,train,False,433
3,400,c,0.055408925913748686,0.05540780311757689,0.08401755385490722,0.05976502298955921,0.059765339446546766,0.5679250998946247,train,False,433
4,400,d,0.010140647737975112,0.0101444674029322,0.006234505397764129,0.0014408075859283897,0.001439106528042302,0.0750072078925566,train,False,433
5,400,e,0.1603578770489888,0.16035405068837516,0.25592596211426627,0.17080137903513223,0.17079608942500218,0.3091706366603322,train,False,433
0,100,c,0.09544574576602238,0.09541902076462257,0.08551359903630283,-0.13385751095740075,-0.13385223078713296,0.25363536162331435,train,False,434
1,100,d,0.027222457252766973,0.027228858995505062,0.012056588078932477,0.002041433250319855,0.0020376423558013633,0.025775448357644847,train,False,434
2,100,e,0.224052039080438,0.2239983960662996,0.2446025336932507,0.10806288935531988,0.10806666903325188,0.6021757834874601,train,False,434
3,400,c,0.056840556873929804,0.056840545259364446,0.07760375582601171,0.03779207293964305,0.037788577969371746,0.8131044108905846,train,False,434
4,400,d,0.004330906570763857,0.004331050551123684,0.006143466425721844,-0.011986265026395024,-0.011986403001843017,0.03216787640507054,train,False,434
5,400,e,0.1602447903655008,0.16026578423944046,0.23934818190354398,0.1522811162529907,0.15227134750146995,0.28898830957737925,train,False,434
0,100,c,0.06896355328944781,0.06835313060611836,0.10581587544776408,-0.05399684460668027,-0.054064208005635946,0.3368070355309502,train,False,435
1,100,d,0.0050126746774516884,0.005012891327082179,0.0054721886057509765,0.006211775634099457,0.006211219525928549,0.1165581495691586,train,False,435
2,100,e,0.14183846850442627,0.14183959411164765,0.21955302081704292,0.10973323621470428,0.10972063326384807,0.32121369670795696,train,False,435
3,400,c,0.06358960728318026,0.06357397818151178,0.06944725437966494,0.08797714047972634,0.08792267756643711,0.4216029264686435,train,False,435
4,400,d,0.00488857624577318,0.004888698325270891,0.005013507892271682,-0.005811657531958385,-0.005812052007868474,0.010552973767082908,train,False,435
5,400,e,0.17148930328306644,0.1714853401762708,0.26447432832741724,0.15579602811607424,0.15578688162847137,0.3242082007275997,train,False,435
0,100,c,0.06913381584100445,0.06916258199640753,0.05969252550138712,-0.04435978951452249,-0.04439065026761312,0.7281299535427399,train,False,436
1,100,d,0.008925600945616874,0.008925529360142367,0.0063364896928065455,0.02766244841885424,0.027662493212956534,0.10612491110285001,train,False,436
2,100,e,0.2382163216256278,0.23816791819978686,0.31377183051323376,0.11735414831826539,0.11734248382466035,0.3315751042970142,train,False,436
3,400,c,0.06709666076449819,0.06555089670848278,0.07847696055601645,0.03809146523413823,0.037540183498711244,0.625512957027912,train,False,436
4,400,d,0.007648097489002071,0.007638672883183251,0.009161250128908336,0.019953106336659057,0.019951734776571986,0.10366647006765925,train,False,436
5,400,e,0.2085887869496342,0.2079697505533475,0.24079853018597358,0.13731085942596621,0.14340687232520857,0.3515276492459577,train,False,436
0,100,c,0.05394812538212746,0.05393035499910856,0.0876808840423252,-0.04244793666860303,-0.04246034244867701,0.330433006736706,train,False,437
1,100,d,0.007955557333425782,0.01069397219963778,0.010552414340558673,-0.027686040266115344,-0.028646910350924416,0.0018800959576710597,train,False,437
2,100,e,0.2587798202989047,0.25896529401636387,0.26698314481097507,0.10638004624919849,0.10637222272034276,0.2830877152829491,train,False,437
3,400,c,0.09130327985875109,0.08560127624084952,0.10434742064606323,0.015799102251462003,0.014877941593462084,0.6454203919734073,train,False,437
4,400,d,0.0052760111051531056,0.005275742506413847,0.007167823219489554,-0.00037675521639338075,-0.00038643588772119486,0.022385096066523433,train,False,437
5,400,e,0.19494223773094568,0.19494373912489926,0.265818152165657,0.14121832216165012,0.14120947776876974,0.3331802468111354,train,False,437
0,100,c,0.11508820778257978,0.12419873206739813,0.10743896856273279,0.14265184716114385,0.13959292486630454,0.6452737331633008,train,False,438
1,100,d,0.01499572999335227,0.015013837078979402,0.013339023783584862,-0.006832207630319082,-0.006833870915138682,0.001112724760212913,train,False,438
2,100,e,0.2483328047279407,0.24833429609647265,0.3266741030843886,0.1741389991988018,0.1741345824708116,0.2756450871140413,train,False,438
3,400,c,0.07369547387639937,0.07377024656322018,0.097106869894812,0.05333339776440432,0.05330579055444147,0.9899622270958217,train,False,438
4,400,d,0.005520968203713849,0.0055210347524469825,0.005561021209368126,-0.010526359212306016,-0.010526654291580452,0.0109405974571707,train,False,438
5,400,e,0.21033548279009207,0.21040357909691515,0.281562247855594,0.119086450377728,0.1190747111095181,0.35616566589666937,train,False,438
0,100,c,0.08976467564783064,0.08974878723599249,0.08698885903034867,-0.038925482963984875,-0.03893405521782214,0.43138704782192383,train,False,439
1,100,d,0.00592083898382874,0.005920862030071245,0.006047274463031019,-0.01043666890224781,-0.010437034194028066,0.044399727969047544,train,False,439
2,100,e,0.1930934884885289,0.1931172634548877,0.2814808754384506,0.134732870556525,0.1347319371994793,0.29113431980911403,train,False,439
3,400,c,0.05528882782463876,0.055292980238584394,0.06590505469392338,-0.016915831453685897,-0.016924234412348013,0.9114861966063007,train,False,439
4,400,d,0.005641257684633554,0.005641426207140215,0.0050670035881426575,0.0011829896101328786,0.0011827445208368026,0.027464845817529487,train,False,439
5,400,e,0.16860188577128635,0.16968417287350163,0.2553239342114893,0.15387312977676834,0.1546432873977119,0.30758359807055125,train,False,439
0,100,c,0.06418797439328147,0.06419091160403367,0.06064831471640631,0.020166259076071,0.020154214103708698,0.8326332852193548,train,False,440
1,100,d,0.0041037351932894026,0.004112035504484342,0.004187126732947935,-0.010722650992499876,-0.010729298090279898,0.024638251984106692,train,False,440
2,100,e,0.1991695359427921,0.19916728095977745,0.2981389273049189,0.17975642819614748,0.1797501501988729,0.3244127101177351,train,False,440
3,400,c,0.0707397477824996,0.07074899638538427,0.07056273712852308,0.1172186278177317,0.11722128571464978,0.8306501671062198,train,False,440
4,400,d,0.00607019061181743,0.0060546868129877866,0.006212280648749583,-0.012523185589425943,-0.012525209463220648,0.014292786468203733,train,False,440
5,400,e,0.18229790580697083,0.18230500182768086,0.22667480298122836,0.16775785740180882,0.16775626550976047,0.34255174031522195,train,False,440
0,100,c,0.05792762556605397,0.057879032942131516,0.08256287518373724,-0.03891758494383311,-0.038913679439668274,0.6047658047502911,train,False,441
1,100,d,0.003388341708811992,0.003957931236706703,0.003839947849515593,-0.0069592805189214605,-0.007298827282110132,0.057976407707686625,train,False,441
2,100,e,0.22499093675815288,0.22501450541694318,0.28172579128860653,0.06047574304635326,0.06046095393018163,0.40573738210494265,train,False,441
3,400,c,0.06937970864319604,0.06891877067558129,0.10581262165356448,0.06090268413313304,0.06083714497936349,0.7573546151487284,train,False,441
4,400,d,0.019091371871883304,0.01909037725708182,0.013495820501351442,0.004841110380075265,0.004840113355892406,0.19760590298151434,train,False,441
5,400,e,0.20329449913100187,0.20330936716758077,0.2791414671295285,0.1535715340836486,0.15356092687120196,0.29542345161121103,train,False,441
0,100,c,0.1769218842361272,0.17705236073858516,0.11304104058578371,0.05677606891083677,0.05675810521529201,0.25927350647367964,train,False,442
1,100,d,0.00429657386908852,0.0042966347703439385,0.00458877066944712,-0.01806235541373244,-0.018062386228857665,-0.010701316311172437,train,False,442
2,100,e,0.21946951803199602,0.2179110659099158,0.2498757487582127,0.10463964553135703,0.10501975864722767,0.30646647642091496,train,False,442
3,400,c,0.05552390373532373,0.05552913078816046,0.07604643959457433,0.004561212362326472,0.004565388352777617,0.44991603735821173,train,False,442
4,400,d,0.0048465523363660536,0.0048452859306554906,0.004420524934385252,-0.007572747159910982,-0.007571924014814684,0.04121335697240013,train,False,442
5,400,e,0.19789409226168503,0.19783675341472456,0.3069173022224321,0.15359073512158003,0.1535798980817162,0.4643054751268153,train,False,442
0,100,c,0.1358386121839957,0.13578663909378882,0.1621669499439942,0.10047617804517742,0.10046744755046781,0.5464811616630509,train,False,443
1,100,d,0.006538250665036302,0.00654428358756594,0.006231112262828346,-0.0037380867915060637,-0.003740649526785074,0.029527844652238143,train,False,443
2,100,e,0.2467048523472962,0.24478986955543872,0.27202237156814985,0.14942011991207615,0.1493556060794353,0.30333277221568306,train,False,443
3,400,c,0.09505300406147722,0.09487763032009001,0.12347105167120918,0.08718958439297168,0.08714539759183502,0.8147030208122508,train,False,443
4,400,d,0.005506834735504212,0.005505890643819665,0.0061631496019886045,0.0035044623434601976,0.003501212030566805,0.007655788975369901,train,False,443
5,400,e,0.17718065876913103,0.1771856733928054,0.27355189470011987,0.16805728341859824,0.16804645790732298,0.31177674557393453,train,False,443
0,100,c,0.051456880289674795,0.05146180556393493,0.0616179894821022,0.06609831637180491,0.06608834500125134,0.7791400437841552,train,False,444
1,100,d,0.021364510887187632,0.021363996587787572,0.01562836387509726,0.04510548758213405,0.04510524338717557,0.1625363622862288,train,False,444
2,100,e,0.28740650042529514,0.2874123461085939,0.3395568155426478,0.10839713282620189,0.1083879884097918,0.32399003985686425,train,False,444
3,400,c,0.0882177942214817,0.08823151298262691,0.08372321245194722,0.0977733441550555,0.0977692680298489,0.8790788698287295,train,False,444
4,400,d,0.007362535693633407,0.007323970111720506,0.008452609430310095,-0.014057569068749026,-0.014064486145785243,0.012190838105931422,train,False,444
5,400,e,0.1606509848678894,0.16237740273396056,0.24453875736568625,0.1758155055450284,0.1761286718525483,0.30698988347058503,train,False,444
0,100,c,0.05244215362853165,0.05242062687205004,0.13011171314919615,0.04556642463390596,0.04554806871973185,0.9521289939226715,train,False,445
1,100,d,0.0035879929158449866,0.0035880394815039724,0.004296290889689937,-0.02463540804121447,-0.024635841651872516,-0.024146683431910905,train,False,445
2,100,e,0.1809342993465598,0.18094801867715637,0.24435839572978313,0.08435127636293857,0.08435445945878804,0.3879361273548775,train,False,445
3,400,c,0.05451501947027678,0.05450068736130719,0.07723840178980079,0.08112910358437468,0.08112621364566415,0.2988588532465312,train,False,445
4,400,d,0.005260384399129317,0.0052337297839830255,0.004640694289582573,0.007042000378895708,0.006982558160530719,0.15177537064185512,train,False,445
5,400,e,0.19178970900941875,0.191791655542267,0.31457948200615243,0.14782384290189537,0.14782638972541942,0.34396580385977626,train,False,445
0,100,c,0.055114002330327046,0.055112980239190285,0.10333996050246386,0.05863575465325525,0.05863450667498995,0.4013855844965233,train,False,446
1,100,d,0.015184919780122557,0.015190603435232623,0.012724251823177362,0.007072372049635262,0.007070704467129865,0.03141523565209475,train,False,446
2,100,e,0.20360614712260264,0.20533996973699334,0.2893992333772532,0.10540638954013581,0.1059008738007141,0.31020666038187883,train,False,446
3,400,c,0.06314520875411639,0.06315432902505219,0.08204112096803164,0.06407847271623851,0.06407448767457055,0.5938681146145087,train,False,446
4,400,d,0.006794964630810769,0.006794065927228168,0.009566356223199323,0.0058365330672145175,0.005836430929982495,0.018405362044377947,train,False,446
5,400,e,0.2031817303399203,0.20335141919654828,0.2500736623326609,0.14453099088514285,0.14278478902341718,0.2943692118193169,train,False,446
0,100,c,0.05127148570647095,0.051269269429898075,0.08720010991959416,0.02998734984491101,0.030000894873310886,0.5696507579894332,train,False,447
1,100,d,0.020559854649636326,0.020569813143673725,0.010798101743812762,0.015335904364477085,0.015333838879789142,0.04621744198652282,train,False,447
2,100,e,0.2628732548339244,0.26731969532279365,0.3427651125826802,0.1068584115713884,0.10689385835374239,0.2983925986441402,train,False,447
3,400,c,0.06195411634265412,0.061951430519209136,0.07214349797401014,-0.04267269791591503,-0.042684854869066056,0.3429948874983072,train,False,447
4,400,d,0.004796220952397139,0.0047961940417027464,0.0051346613695517915,0.0008758588631140896,0.0008756906196413183,0.04979514866917535,train,False,447
5,400,e,0.1906387863779885,0.19064828463010403,0.25122860984856704,0.15101950381664245,0.15101518674889242,0.41268103921043797,train,False,447
0,100,c,0.06689322417603843,0.06689159074148929,0.09165441505725608,-0.028386433495086152,-0.028386654906788565,0.4280516161984871,train,False,448
1,100,d,0.004129804760491834,0.0041291754271399845,0.00542124363972989,0.007986380607933885,0.007986182186962126,0.021202162311434326,train,False,448
2,100,e,0.16549127417478093,0.16783330312641606,0.24942598791574394,0.10529836607403702,0.10550024579872236,0.3463635404841191,train,False,448
3,400,c,0.05982076123485471,0.05988041166107846,0.07593704142656682,0.12309403076995985,0.1230538463971785,0.5690061064714139,train,False,448
4,400,d,0.006631884676762529,0.006631961949344486,0.006476788525560599,0.00797212727930491,0.007971942806192551,0.021081816798809855,train,False,448
5,400,e,0.16506444509206264,0.16502797845827694,0.2480088961835657,0.15418824261986294,0.15418516465276724,0.3516565726183161,train,False,448
0,100,c,0.07266891382356587,0.07267287515182973,0.10607993683852802,0.03848793075524298,0.03848266405966171,0.6128954436883823,train,False,449
1,100,d,0.006589000620249634,0.006588978232436264,0.008139025580315162,0.004651269228930772,0.004651076946188511,0.02288738851185766,train,False,449
2,100,e,0.253273130604121,0.25333667346519756,0.34239074382150675,0.164912488605509,0.16490423305801788,0.2785873219714363,train,False,449
3,400,c,0.05697021563642715,0.057007873128245505,0.10282594283087468,0.051241991176107504,0.05119002184220335,0.5022995366944433,train,False,449
4,400,d,0.011416903768838225,0.011418559228897123,0.010151603341245841,0.029636016527137043,0.029630508617107677,0.16087890573647334,train,False,449
5,400,e,0.1879523078999901,0.1879549687846686,0.253044860096994,0.18076069488891086,0.18075641315888008,0.32837709595187226,train,False,449
0,100,c,0.05893093100585609,0.05897480769643711,0.046598393007367046,0.024982483928066585,0.024920169973066352,0.4537649930478166,train,False,450
1,100,d,0.006218269744457095,0.0062185667982324775,0.00478804491481723,-0.028723027410072568,-0.02872344840745324,0.0863499433175264,train,False,450
2,100,e,0.13194440376511596,0.14155766545930065,0.23442088815780515,0.11327866034292662,0.13673963263595532,0.3538189729522172,train,False,450
3,400,c,0.055069788455843344,0.05526803435948655,0.08463767312210806,0.08184553693116278,0.08179904119010381,0.3697310615085887,train,False,450
4,400,d,0.009195952038165417,0.009176388410727031,0.007068529580243316,0.002309587260928545,0.0022794136612646555,0.015862009255751472,train,False,450
5,400,e,0.17642431118267132,0.17641503229312822,0.23772453411512592,0.14982848890455652,0.14982603077824697,0.3090626358583554,train,False,450
0,100,c,0.054457965521470995,0.05441684159879423,0.09080599727099439,-0.03784762834151174,-0.03785868235174704,0.29813705115550304,train,False,451
1,100,d,0.009580378815950384,0.009580524356263678,0.009076007147964632,-0.0211327704285085,-0.021133339919142492,-0.008535494353448882,train,False,451
2,100,e,0.1875827882054863,0.1875880682167201,0.3050346386684262,0.15459356774921962,0.15458839982564623,0.3397887599502789,train,False,451
3,400,c,0.05721336672227859,0.05669524694858523,0.08251851189776176,0.061842184884232765,0.06146765935306298,0.6766590946028325,train,False,451
4,400,d,0.007941269725737051,0.00793613188694127,0.007421626436583015,0.0031323251582908896,0.003115914404982618,0.046822648790781775,train,False,451
5,400,e,0.18992941297350643,0.19009554059373646,0.2698135009323748,0.17843760789208443,0.17846414165520533,0.3198499409924265,train,False,451
0,100,c,0.06212583824888271,0.062094144212572686,0.1172091963914757,0.09005485482093441,0.09004470989056572,0.9403905270738749,train,False,452
1,100,d,0.01525632898138922,0.015257933406853488,0.013430028611623313,0.022250447383298476,0.022248117072802512,0.11219721057220575,train,False,452
2,100,e,0.28818669165378824,0.2882203182603481,0.33609875315046606,0.1175705488295374,0.11756041170017582,0.2773209149062838,train,False,452
3,400,c,0.076998899645595,0.07705926078391005,0.075889479734994,0.10715249403552371,0.10711663950920766,0.554088163627531,train,False,452
4,400,d,0.006854054810365646,0.006852576848686291,0.007881906778719477,0.0027945254182645484,0.0027925391659553256,0.052982531284657686,train,False,452
5,400,e,0.22425059187913227,0.22428388017797904,0.28501060189541877,0.16393839909997363,0.1639303963635716,0.2778480508264862,train,False,452
0,100,c,0.07279656481079097,0.07278284158550613,0.12623971403205972,-0.017355546483927852,-0.017359797890570194,0.5517180228313482,train,False,453
1,100,d,0.03029459124846436,0.03029487705552078,0.012337338775106479,0.035506155478647834,0.03550391279797276,0.10613821233750553,train,False,453
2,100,e,0.1320980694016831,0.13210505004664722,0.318793285009316,0.1587764442214363,0.1587665935617625,0.27401093469469395,train,False,453
3,400,c,0.06636990125454072,0.06648953195821268,0.10494677640272747,0.024652329830299066,0.024583447438371805,0.7521344150532017,train,False,453
4,400,d,0.004044303077010305,0.004066373625213827,0.004308251133105997,0.003140258952865267,0.0030542805382668447,0.05326451659213419,train,False,453
5,400,e,0.20438826199474142,0.204393799314785,0.2814527127842304,0.14613159265480785,0.1461251733235512,0.35081616656129333,train,False,453
0,100,c,0.059406847857000206,0.0593993535752941,0.0900603648476393,0.03960873288598201,0.03960560682823768,0.5372057410459974,train,False,454
1,100,d,0.01600160240902876,0.05188974958096146,0.02013383057962462,0.036293438865029566,0.016001337339942693,0.17091095288053576,train,False,454
2,100,e,0.26194730604788546,0.26194824422092855,0.38033151780049357,0.15952038176557218,0.1595142340151081,0.30931046177258537,train,False,454
3,400,c,0.05559115533241409,0.05558777133635576,0.07078172365541277,0.04791663237340067,0.04790879220228227,0.5175962346781907,train,False,454
4,400,d,0.0054676238482913335,0.005469257897726029,0.006005742960894511,0.005224540881115267,0.0052229697642422225,0.029030630819356487,train,False,454
5,400,e,0.2001469402069706,0.20013800394771086,0.3102996533608388,0.16263467682925112,0.16262822174730865,0.36020723250186526,train,False,454
0,100,c,0.09497706643924893,0.09412787569051431,0.07617776911766097,0.0642662538824802,0.06424694471435202,0.7633434864501979,train,False,455
1,100,d,0.003910497386456486,0.003910609867805897,0.004744392934995374,0.0030672665929967202,0.0030670279368463227,0.017368128708535054,train,False,455
2,100,e,0.24126261243044556,0.24118648892413364,0.3446781766386578,0.12522605052628655,0.12523540283203816,0.37542990397869713,train,False,455
3,400,c,0.061812917436967166,0.06181772979196094,0.09195326717419712,-0.01627791608761079,-0.016280067948271155,0.46210297377791265,train,False,455
4,400,d,0.004395785656097934,0.00941712354070514,0.004983315145145446,-0.012790344987568307,-0.015013260738465456,-0.012822949180595148,train,True,455
5,400,e,0.17528177037650994,0.17528228565775592,0.24920610974577212,0.1287313612016927,0.12872640390773554,0.2769788209432786,train,False,455
0,100,c,0.06915532481396107,0.06931497219202844,0.08858913192028725,0.0469004931693992,0.04685113761401894,0.19370233365362083,train,False,456
1,100,d,0.0063443777697810315,0.0063422252604731725,0.005620973021732672,0.011523747380064222,0.011522271791265979,0.08711052038942489,train,False,456
2,100,e,0.21832295410737854,0.2183118758396245,0.33073789353639305,0.18456113006555946,0.1845548179798999,0.2901683122317715,train,False,456
3,400,c,0.06108432044677445,0.060652296761009215,0.09466609000381208,0.03645977530062005,0.03627384918793368,0.4416653562802506,train,False,456
4,400,d,0.0037163635650978273,0.003716418222023476,0.00397678229711681,-0.01064677333985255,-0.010646962998980953,0.04013556175919913,train,False,456
5,400,e,0.1691088579804662,0.16907247396969757,0.2225725682328635,0.10626980717809048,0.10625531849464168,0.32575347495047746,train,False,456
0,100,c,0.15097442133175937,0.15109980917776408,0.12530353674550093,0.01153444322925374,0.011479386338371072,0.8746187698047752,train,False,457
1,100,d,0.00540969927958881,0.0054131038795552765,0.0055564777517913035,-0.032207621817743615,-0.03220968271875073,0.011764093318287934,train,False,457
2,100,e,0.19940890120249077,0.21512295993292607,0.2336177486327024,0.07975206564613327,0.08121525730964177,0.36384236422212274,train,False,457
3,400,c,0.06793721624050558,0.06793701134868285,0.07739512382508339,0.04283047115471959,0.04280498766935502,0.4539131244159496,train,False,457
4,400,d,0.006212315641771705,0.006213175386635125,0.006266626309903941,0.00045876145502621313,0.0004581867602567158,0.033940570955810184,train,False,457
5,400,e,0.1753581950170193,0.17535416324146094,0.2284015839208106,0.13128927597918766,0.1312834591449558,0.35268146706488573,train,False,457
0,100,c,0.10048528722337897,0.10052272423524601,0.10700764071422146,0.10547296962460642,0.10546474029992929,0.4953761956308302,train,False,458
1,100,d,0.004873117945375452,0.004873124283679641,0.005081388138932315,-0.044097098021232635,-0.04409786634823377,-0.004669580656015455,train,False,458
2,100,e,0.19198898264857395,0.20568371654225273,0.2344488735216686,0.1355259514572758,0.13625214963779456,0.29868406942934866,train,False,458
3,400,c,0.06226004941034443,0.053010675764623504,0.07400295634729806,0.024887638124978295,0.027718058845147695,0.4763955249351763,train,False,458
4,400,d,0.005602696531419264,0.005602553067528644,0.006172278591159975,0.011322725801973573,0.01132264017173963,0.0366280011316762,train,False,458
5,400,e,0.19316398236621532,0.19328638720804925,0.28735847288923333,0.16402028067494187,0.16402626388281086,0.3239764076805238,train,False,458
0,100,c,0.055648030101576935,0.05564917431527159,0.08762263030422408,0.0048118999723205744,0.004806443767501776,0.48795412556490625,train,False,459
1,100,d,0.0035515813765561,0.003540450380977891,0.005792064593647665,-0.007605993218055005,-0.007607426812529159,0.0071377257834692644,train,False,459
2,100,e,0.16514744837765322,0.16514533522577565,0.3435859683848779,0.1420320902673646,0.14202958650221625,0.28749231587086704,train,False,459
3,400,c,0.07454849965178387,0.07450307982544375,0.08696740780709064,0.11815069609191625,0.11814246643194878,0.996217852078805,train,False,459
4,400,d,0.004860969927119064,0.0048611554066762515,0.004966436092680821,0.004459043395647733,0.0044585483467482765,0.05552756662658126,train,False,459
5,400,e,0.18233717155971832,0.18269866301955878,0.24713413950967886,0.16510905434335826,0.16513390847635862,0.28850694329776827,train,False,459
0,100,c,0.055648088450500933,0.05564188184919054,0.1027830854292613,-0.003554130341306632,-0.0035562811138773755,0.6446636194056983,train,False,460
1,100,d,0.006345503274054741,0.006345487974817943,0.0072969775908118175,-0.026445817339807522,-0.026446274990729518,-0.02412847150419385,train,False,460
2,100,e,0.23848699651524569,0.24453750513638173,0.2976519950747974,0.1373436417951564,0.13750960395870895,0.2702684589204962,train,False,460
3,400,c,0.05669744722973046,0.05669881915826275,0.08435195200457254,0.022878720204085212,0.022877603831280454,0.4378477454786209,train,False,460
4,400,d,0.011017269932601785,0.011025356350822739,0.009914703470821821,0.0022319598928750217,0.0022295351317927546,0.031318089859322565,train,False,460
5,400,e,0.19673898737829418,0.1985024187480599,0.2211133781468052,0.13738269679863357,0.13615684961588556,0.3487064300256027,train,False,460
0,100,c,0.08691717892268279,0.08430150264915047,0.08093403111625871,0.082572582586511,0.08057705016541739,0.8199392844227844,train,False,461
1,100,d,0.016556252832368487,0.01655681184040806,0.013399794057359004,-0.0005134628424247545,-0.0005139926063128719,0.10504628458105984,train,False,461
2,100,e,0.20327253823111732,0.2034703410300739,0.25494041248735305,0.14669236307900194,0.14668286652243787,0.34087422343856333,train,False,461
3,400,c,0.061091497030494386,0.06109498319589551,0.05972601960308114,0.07478415824031863,0.07477940589660718,0.7454100936120075,train,False,461
4,400,d,0.02069843392096262,0.02046080545768445,0.010418586753255094,0.015608141483451875,0.015544626716313844,0.2838752976019074,train,False,461
5,400,e,0.19489143574701256,0.19841224471063237,0.26289140268822775,0.15171840625619773,0.15207976587564553,0.3208290327492898,train,False,461
0,100,c,0.06609374060304524,0.06609159334598926,0.06063106312777171,-0.06390687799476424,-0.06390745440670927,0.7504225929999319,train,False,462
1,100,d,0.05632112260107043,0.041237960694714866,0.012844814614583849,0.03482102110760522,0.03780265170178307,0.16793036186731974,train,False,462
2,100,e,0.1798007347403385,0.17980784946298578,0.2711462088112757,0.14523438302069575,0.14522547415765938,0.28794030206851084,train,False,462
3,400,c,0.05748470453704569,0.057484405887383655,0.08860611417521697,0.023929333136490316,0.023925528774676224,0.45466189553195396,train,False,462
4,400,d,0.006723601166934467,0.00908097073589854,0.008148041671038143,0.028144638766488567,0.02722581508431313,0.1721225988025414,train,False,462
5,400,e,0.16317095707456786,0.16317385605049,0.2721477442855467,0.1454650936873192,0.1454583602849331,0.3268105918013131,train,False,462
0,100,c,0.11029321479559634,0.11029073841757243,0.06357329932179474,0.11299789126108983,0.11298830497615078,0.7211548484923642,train,False,463
1,100,d,0.002486874385881625,0.002486960720260851,0.0028547820319027085,-0.017272930899380354,-0.01727322687154059,0.01974590128151787,train,False,463
2,100,e,0.20394902020571007,0.20394742001204683,0.22933428550062754,0.10007303421649194,0.10006318272254344,0.4163493163310572,train,False,463
3,400,c,0.07053069147800956,0.07080643471516543,0.07526868412003443,0.11326619852647582,0.11318054842327697,0.8915744948973037,train,False,463
4,400,d,0.004258695669894588,0.004262553625890039,0.004611616596743156,0.0018172703584498251,0.0018110744151625547,0.0034817901131267703,train,False,463
5,400,e,0.1798666741512843,0.17986420132142197,0.2541612116162642,0.1539455672781724,0.1539382432581707,0.31343626178969297,train,False,463
0,100,c,0.23603140072523104,0.23546249876688116,0.11150427810340746,-0.008313268722114487,-0.008341906049053804,0.12603294671595477,train,False,464
1,100,d,0.009274884859680829,0.0092749997163096,0.007237624667423416,-0.018036186965035058,-0.018036262189349124,0.12469858656008348,train,False,464
2,100,e,0.1481848932588436,0.14825055680136784,0.26697415876389907,0.15758845677234998,0.15758274793899257,0.312036389936435,train,False,464
3,400,c,0.07514253895890756,0.07512579439220343,0.09100867920192485,0.08826534660402899,0.08820653125049446,0.8120847592166913,train,False,464
4,400,d,0.004838515421010033,0.005153255409306692,0.00590068268094962,-0.006345847294799256,-0.006765782269496192,0.05487998941849458,train,False,464
5,400,e,0.19024315468221212,0.19027316643538245,0.278670549306084,0.1718816005333967,0.17187113137828638,0.318797179986776,train,False,464
0,100,c,0.23564004701924837,0.2356830076300303,0.13661947428794322,-0.002322316563592608,-0.0023352663572909194,0.7439060456410944,train,False,465
1,100,d,0.010289927503980147,0.010293205906323287,0.012758119289572524,0.033252793145040815,0.03325224073259402,0.16604843460349802,train,False,465
2,100,e,0.20553778090277988,0.20542617774175598,0.21198337911936666,0.09789738179781715,0.09789076083399585,0.3671598907317204,train,False,465
3,400,c,0.06082359741747185,0.060806144536315034,0.07341215665753952,0.08495430044692817,0.08486754053686184,0.5989262778689993,train,False,465
4,400,d,0.005132065943972677,0.005125199965177561,0.005677764509419947,0.0069569912385055235,0.006955840003359963,0.04166428242647676,train,False,465
5,400,e,0.18394323141664487,0.18393651898780153,0.26446996396868655,0.17204326734041736,0.17204279413718618,0.45093246569751266,train,False,465
0,100,c,0.04709447612143184,0.047096340219502,0.08076929472497607,0.03783180208286865,0.03782651299584401,0.6015193368416125,train,False,466
1,100,d,0.0027818631176699422,0.0027820358904212124,0.003591943915110245,-0.01459801122988532,-0.014598347678584318,0.0015912311446337312,train,False,466
2,100,e,0.19649554098546385,0.1794386027129973,0.1907571700650648,0.03572761962725004,0.03689192557740419,0.4282194373984033,train,False,466
3,400,c,0.056711792016565246,0.05671345546446291,0.07708961619429243,0.08429939230559086,0.08429674107370247,0.6472697666591952,train,False,466
4,400,d,0.00373995031227699,0.00379505363483259,0.004394428837392143,-0.0008534256925069706,-0.0008364573417295063,0.04914433491367891,train,False,466
5,400,e,0.17001777393530884,0.16735994570232843,0.29126270068290333,0.18610845053217098,0.18626767758207685,0.43369298549300545,train,False,466
0,100,c,0.07523594112073546,0.07523307964252429,0.10259375401954993,0.10691496965678915,0.10691047569419616,0.3996777916510718,train,False,467
1,100,d,0.02919251450082794,0.02921143086543695,0.013445530950262779,0.04026759032089075,0.040265291435559264,0.20036188522961776,train,False,467
2,100,e,0.2285529199757278,0.22857562182279378,0.31138111751818065,0.13785440745739216,0.13784744332545765,0.34302855404071697,train,False,467
3,400,c,0.0537144968367088,0.053715638645195594,0.06720104254766646,0.037560963080705036,0.037555553350419685,0.7101729030152433,train,False,467
4,400,d,0.0057443536458011745,0.005773930847151266,0.006355017232668969,0.00824223672876908,0.008228796041267828,0.08444299949951355,train,False,467
5,400,e,0.18779113759750587,0.18663312259510953,0.26234836938673345,0.11577114561346691,0.11553435914812525,0.3588407171930524,train,False,467
0,100,c,0.0705147294357024,0.07051430619634172,0.0894440728625408,-0.06421637833897385,-0.06421710985112554,0.26247390476910076,train,False,468
1,100,d,0.006860831351585107,0.006860506374044118,0.0067307278788114235,-0.0008843898287440944,-0.0008844554090874012,0.0032952465154914633,train,False,468
2,100,e,0.20195526880214928,0.20194042616060634,0.28319789399591255,0.14043237740600384,0.14043048816188056,0.2792601926537968,train,False,468
3,400,c,0.056066568118031866,0.056071371081739645,0.08502602686258344,0.07595681681000749,0.07595004594457563,0.7998139396976605,train,False,468
4,400,d,0.00639749061654632,0.006409754736928691,0.006550692488048467,0.016806338547506208,0.01679673918462507,0.07825466089639123,train,False,468
5,400,e,0.2063448333307738,0.20636952621555543,0.26861115485705384,0.15720912808446172,0.15719985520826463,0.4368490769704576,train,False,468
0,100,c,0.06917546843719985,0.10858090076164854,0.10004639624222186,-0.025025398081338964,-0.0628695074604579,0.6453598222474946,train,False,469
1,100,d,0.0067702479962450665,0.006770977056120493,0.0075554145315617285,0.0007071004386808433,0.0007055563872436289,0.013835326407097046,train,False,469
2,100,e,0.17995963483726105,0.17982559080105812,0.25183551160188,0.09445185630349932,0.09444213841174971,0.3787705706747229,train,False,469
3,400,c,0.056750458890725615,0.05688223012914321,0.0811788612441012,0.039728066422913315,0.039671986729538346,0.2951074234771639,train,False,469
4,400,d,0.005888353431162588,0.005887847189832308,0.005731621989548186,0.015064379294431909,0.015064613902997603,0.06178811217889375,train,False,469
5,400,e,0.20811349942453775,0.20751570303491623,0.311220587773388,0.1668993276802304,0.1668697154651836,0.33606187252348685,train,False,469
0,100,c,0.06335538018062907,0.06333871740969862,0.08223546755615989,0.07378307061366762,0.07377583112958874,0.3789578315126823,train,False,470
1,100,d,0.004720027719773531,0.004720030453953556,0.00713500517742517,-0.027493267182091347,-0.027493713835337292,-0.01977501365034156,train,False,470
2,100,e,0.1670720453981113,0.16707371100255583,0.23211831001120317,0.15990652783569062,0.1599029650851392,0.3050983334126822,train,False,470
3,400,c,0.0557535584607809,0.055748673400879856,0.08376029782563778,0.019795250487497213,0.019718439849266717,0.4916672144902335,train,False,470
4,400,d,0.004768733193228062,0.004768906241577929,0.006395615742399759,-0.002243663518091328,-0.002243953736103954,0.0038171199187395644,train,False,470
5,400,e,0.17026061737653353,0.1699729062241312,0.2802928310318511,0.18607017992086447,0.18602788345005628,0.337432030078474,train,False,470
0,100,c,0.05282855465882598,0.05282507637336452,0.09252681174435702,-0.059094934644054076,-0.0591036330748107,0.3860235776661362,train,False,471
1,100,d,0.011636156389710146,0.011702025151970417,0.009455385098969208,0.0010807619791577672,0.0010637772148476366,0.053886727455157504,train,False,471
2,100,e,0.2049506877801896,0.20494350758320543,0.3573108612792235,0.15694855180112868,0.15694350066132565,0.2671504512158769,train,False,471
3,400,c,0.06019304245081529,0.06019494749818391,0.08898733924733387,0.0874301122253658,0.08742667817539854,0.44307765246061864,train,False,471
4,400,d,0.01670884032840385,0.01673550918316998,0.006970985148974655,0.0062401634582622025,0.006231751912611312,0.1698543853790249,train,False,471
5,400,e,0.19295991759459022,0.19293903244785204,0.2905393605896298,0.15907664772130706,0.15906966739002787,0.2881402760784604,train,False,471
0,100,c,0.07226104815985818,0.07228725774698135,0.09305757523541264,0.045256645716213344,0.04523873360820836,0.36669717701484006,train,False,472
1,100,d,0.017119750095555844,0.017120532596158082,0.007040690584330405,0.0348456865038686,0.03484580351687713,0.11445534617985376,train,False,472
2,100,e,0.20108375361227815,0.20107751956569583,0.25772311652158053,0.1530947874135178,0.15308271836813092,0.31278448288441385,train,False,472
3,400,c,0.129433411575787,0.12943624822996938,0.10706225296660211,0.061347738461796836,0.06133470601458342,0.6995254015815826,train,False,472
4,400,d,0.007651649195611395,0.007654274658865078,0.00869999011524593,0.0026666495101632217,0.002665304742711978,0.004622205382934208,train,False,472
5,400,e,0.1945540584317894,0.19455389018285354,0.278745621804532,0.1827878293871606,0.1827794580331332,0.3130436213718001,train,False,472
0,100,c,0.07907712709500689,0.07907327591519596,0.06677410204843377,-0.00847584178034289,-0.00848420249097451,0.71281984668016,train,False,473
1,100,d,0.006569111346480405,0.006569464217358919,0.007073730266204019,-0.013476315342425452,-0.013476600481621316,0.04872644845240025,train,False,473
2,100,e,0.20618128727509052,0.20623882843343133,0.34217464190406466,0.14044756217130303,0.14044591335624124,0.4913778443264753,train,False,473
3,400,c,0.058841744385915655,0.06760141374192224,0.06347207713645803,0.07346456839398342,0.07041229035930237,1.076739839321167,train,False,473
4,400,d,0.0055568479949201464,0.005556810564469899,0.005903893659509873,0.0013432020630999375,0.0013432729244903818,0.08671467152995913,train,False,473
5,400,e,0.16946082590184827,0.16944652768619317,0.24586346818171606,0.16626363855044324,0.166250686970156,0.3244350924157294,train,False,473
0,100,c,0.07403420304568317,0.07406470279326946,0.06846911950914185,0.09027715172316576,0.09026651985549634,0.8939417722120067,train,False,474
1,100,d,0.0073030558670670745,0.008518359570766455,0.007365354136358741,0.018969110382728794,0.018522441302116964,0.04884533102866037,train,False,474
2,100,e,0.21014572970391288,0.21015894891126613,0.27922571342874114,0.10822341955695507,0.10820835818111427,0.3211664067012854,train,False,474
3,400,c,0.050188309904113625,0.08399442085484346,0.09532654219680632,0.06571548123691663,0.05120287034697249,0.5756460816484787,train,False,474
4,400,d,0.004720001762743443,0.004720023549048272,0.0053434227512307265,0.0003184776572527781,0.0003182803157083924,0.01905945233542912,train,False,474
5,400,e,0.1861778599492064,0.18622557005091944,0.2645708915105216,0.13539684161049223,0.1353774437192586,0.3139542399015772,train,False,474
0,100,c,0.06096523203151111,0.06095045216303809,0.10389708566182597,-0.012957522383525842,-0.012967760493190853,0.45957910935950097,train,False,475
1,100,d,0.019599816758203412,0.01961977295868812,0.018157837096098993,0.021818896208270627,0.021812447850245446,0.07344146626862741,train,False,475
2,100,e,0.2360278850174634,0.23616008611634243,0.2713793807290438,0.12382928687932136,0.12381391639836885,0.2656329718029079,train,False,475
3,400,c,0.10872197034411217,0.1090972710729945,0.08050883475702164,0.018062146084713505,0.01801409834031915,0.16725442930720574,train,False,475
4,400,d,0.006550840570507532,0.006550941600971051,0.005407652965091254,-0.013247238117380019,-0.013247413315999452,0.04202232951265806,train,False,475
5,400,e,0.187555614914408,0.1875535584010981,0.2802259715610735,0.15595989765915022,0.15595284774371357,0.347656030209446,train,False,475
0,100,c,0.06495354926704217,0.06494666825910472,0.08600904452983382,-0.05605729306670483,-0.056079714105276256,0.7144223404827786,train,False,476
1,100,d,0.00524510270779536,0.005245163088697077,0.004972082710839032,-0.03358749659055619,-0.03358803392093524,-0.008665637055449888,train,False,476
2,100,e,0.1364506858513859,0.1364508225242762,0.2214459309255246,0.09815296649030565,0.09814728442908745,0.343041952109767,train,False,476
3,400,c,0.07848571468096396,0.07792864708002965,0.07982829986029437,0.045315756377214175,0.04534441123624973,0.6503808070196926,train,False,476
4,400,d,0.004613079119675404,0.00463598378787064,0.005188189254981838,0.002034513529345183,0.002026087075836891,0.0031025883958536405,train,False,476
5,400,e,0.17349223266816863,0.17571496887568355,0.25192390110267393,0.13273482610967755,0.13371249440204608,0.29216451128671056,train,False,476
0,100,c,0.0577927444439143,0.05779624254281919,0.08087803584905086,-0.0263635590746771,-0.02636562993870612,0.3162221383337284,train,False,477
1,100,d,0.005405608837415783,0.0054058897580244805,0.004782432662068089,0.0039056394763969673,0.0039053032350466668,0.03572866625025652,train,False,477
2,100,e,0.18545147806308532,0.1854297527887154,0.2423893666749339,0.1098492208232442,0.10984084792391759,0.32980478888935066,train,False,477
3,400,c,0.05920105312012642,0.059200374729207014,0.07596264401210662,0.07717874384843278,0.07717457547709941,0.4599706121174691,train,False,477
4,400,d,0.00823950422593713,0.008251019071769679,0.00432152025850381,-0.004105505612337037,-0.004107645702629075,0.0026342462494197074,train,False,477
5,400,e,0.17397582368777947,0.17399508232014593,0.25847132763382236,0.1709013091901509,0.17089587461166716,0.29886001613082747,train,False,477
0,100,c,0.07879429757102,0.07899117835521767,0.06914693471094166,0.08184583381691461,0.08203076470650324,0.4162933703142409,train,False,478
1,100,d,0.021290042298964917,0.021290132284504444,0.013673378846122958,0.03721532043634438,0.03721385214006629,0.21016864703547328,train,False,478
2,100,e,0.3434762691034102,0.34345556988088527,0.3447348982142926,0.10845952229062043,0.10845056795839732,0.432955542169321,train,False,478
3,400,c,0.07147850343534713,0.07116190938243175,0.09961001052399801,0.07838695574182104,0.07837343125976026,0.6095479257950283,train,False,478
4,400,d,0.006449424306113255,0.011671958524032158,0.009821379322407075,-0.007360682042943765,-0.012355298691692695,0.08663008762501048,train,False,478
5,400,e,0.16622084366632894,0.1662228989960884,0.2342160297836255,0.14222579653200643,0.14221924056037405,0.32525840282241064,train,False,478
0,100,c,0.1395561308210695,0.1395655383409255,0.09539496303511476,0.015839239809351254,0.015832970123083143,0.4600421976516418,train,False,479
1,100,d,0.0033933004378543683,0.0033937012209448434,0.003172711718378887,0.017708525973667105,0.017708103062362427,0.07531593652530993,train,False,479
2,100,e,0.19984942375931053,0.19984675052022738,0.39206045827279973,0.16004869870796626,0.16004529920932634,0.3225636450750702,train,False,479
3,400,c,0.0607197061008927,0.060933703442586334,0.07626265132568379,0.03213920875491496,0.03204016168491336,0.7412721815015096,train,False,479
4,400,d,0.003394221744266199,0.0033942609149895196,0.003951760281154297,-0.005092425172778334,-0.005092615862160681,0.05440275556310741,train,False,479
5,400,e,0.18706987747669024,0.18705599462705366,0.26106815119593907,0.13936503424409566,0.13934958032453432,0.3332817371085298,train,False,479
0,100,c,0.07389362589819848,0.1362659091514226,0.1265343200541712,-0.02548863056069436,-0.07499204903728873,0.45138162449310415,train,False,480
1,100,d,0.004954919351694756,0.004955029554203763,0.004237244230533888,-0.0014036329348609124,-0.0014039309072459006,0.013860112122385342,train,False,480
2,100,e,0.24380398888614432,0.24379493018478338,0.2576637044396883,0.11408234406533282,0.11407947619557092,0.3221220502631199,train,False,480
3,400,c,0.05866789224837949,0.05865914859729116,0.06904377168148347,0.051947151246158896,0.051955076206499626,0.6485772798957402,train,False,480
4,400,d,0.0048491512530397535,0.0048492830038402365,0.0060974413562579245,-0.017051264594571566,-0.017051542156741456,-0.014979239312033741,train,False,480
5,400,e,0.17529872887391368,0.17552367242046155,0.2773461599909314,0.12878637939094606,0.12884044919725288,0.31533212291351503,train,False,480
0,100,c,0.06615274831737158,0.06615514036730656,0.06530523648252912,0.03457032496334435,0.0345695135168809,1.0580430587421605,train,False,481
1,100,d,0.002783450472512714,0.018478242484104797,0.0027541160105682212,-0.003132302295572362,-0.007817889069929614,0.01818866642797893,train,False,481
2,100,e,0.19267388767242036,0.19270924265934308,0.3081760257167301,0.11524507708986992,0.11523865677956029,0.36856126806141154,train,False,481
3,400,c,0.06072823248265404,0.060724996038273166,0.08977532569269389,0.03627580810531214,0.03625004291838287,0.7714006642773498,train,False,481
4,400,d,0.004839145197543082,0.004838991947119367,0.005753145810702038,0.013337509845347473,0.013337822131575265,0.1356643619795839,train,False,481
5,400,e,0.19363853978953266,0.1935071257998818,0.26351255116355693,0.16674564323681437,0.1667390716071143,0.30287695105269696,train,False,481
0,100,c,0.08474826891025859,0.0846828432712333,0.10059225812420053,0.000761017945691691,0.0007517332276252375,0.5693423461085015,train,False,482
1,100,d,0.011820482028849421,0.011869944442495495,0.00967362272531782,0.008892008029603868,0.00888854705199881,0.03868513931630663,train,False,482
2,100,e,0.162349109537972,0.16234613379591448,0.2531361676945515,0.07935123651325036,0.07933515434146379,0.2912020540422868,train,False,482
3,400,c,0.06060654938547291,0.060609381516186195,0.09922407535713265,-0.02884589308826165,-0.028845060628336583,0.4458086582970339,train,False,482
4,400,d,0.0057043864023028044,0.005704337320979207,0.005816469430361372,-0.00603691635157654,-0.006036995285726032,0.07483446800406374,train,False,482
5,400,e,0.15222519157615655,0.15222070989825232,0.2683383911124084,0.15472285061166993,0.15471560721419358,0.3386297729810025,train,False,482
0,100,c,0.08043956584089137,0.0804523995417312,0.08492776868883815,0.04250313472534785,0.042477178658088095,0.8660222399344092,train,False,483
1,100,d,0.002821060613105788,0.0028210843645359923,0.0027308267419460484,-0.012135182514079617,-0.012135650213635482,-0.0010718894508875642,train,False,483
2,100,e,0.14020680668467259,0.14020901369575234,0.2973329137417052,0.14649503781806827,0.14648962592730463,0.3536570872209899,train,False,483
3,400,c,0.057472579809912945,0.05585870425048875,0.08361679018098052,0.0060579783690689485,0.006282275107386824,0.21872451897915632,train,False,483
4,400,d,0.010493686787537983,0.010651731321100985,0.009378768135780494,0.01821558070561551,0.01818632957489065,0.04670633902220171,train,False,483
5,400,e,0.21466616487714174,0.214659309398901,0.2958952106296149,0.1685357934827122,0.16852927822983232,0.3190885420032121,train,False,483
0,100,c,0.05708592954059138,0.0570754021894975,0.06749304177316906,-0.016227901265272352,-0.016233327646603613,0.6342843853490545,train,False,484
1,100,d,0.0073969809322509995,0.007402201955962173,0.004556616470983737,0.006014801569406832,0.006013487284787367,0.03391324766553731,train,False,484
2,100,e,0.21127126373494612,0.2132676732646091,0.27112987132762706,0.08252710875801704,0.08276102683190707,0.3238856977604063,train,False,484
3,400,c,0.08002669311406868,0.07627632416428315,0.09813433465017392,0.01815601229700313,0.015988445725106503,0.6488023928073335,train,False,484
4,400,d,0.007309515133678746,0.007323726904757098,0.005448566457184596,0.011421774792354924,0.011415649136989305,0.08093157241182641,train,False,484
5,400,e,0.18291861049150726,0.18292335714339786,0.29434410954687723,0.14753389441922127,0.147534537126291,0.5891132527790373,train,False,484
0,100,c,0.07262335521826568,0.072628914663863,0.10678982740855407,-0.09815332477032457,-0.09815609284075194,0.07794371289382213,train,False,485
1,100,d,0.002319800947395789,0.002319836636748859,0.0022655588956190355,-0.008786938926788892,-0.008787274884605161,0.036383490023053716,train,False,485
2,100,e,0.12906201511391854,0.1290638930886899,0.26884368133146774,0.1155461428884309,0.11554023179692074,0.33200589712663114,train,False,485
3,400,c,0.05989818171999217,0.05990027633366821,0.08546539392155485,0.02309473905848499,0.023094910892726687,0.6954279366804192,train,False,485
4,400,d,0.0068271081487554395,0.006831585985718642,0.005071180413736749,-0.0045763921313262835,-0.004577846188371009,0.051686990317318014,train,False,485
5,400,e,0.20219896664238124,0.2022342248137737,0.30932231601435267,0.156188288571579,0.15618396229758166,0.30691428472248594,train,False,485
0,100,c,0.08705911936336451,0.08705873419824588,0.06612681045838623,0.10544506560958389,0.10544323877749065,0.9408489525633297,train,False,486
1,100,d,0.013197846579025396,0.013205089382804737,0.01367078659915416,0.016802162900155723,0.016798221481167205,0.08242330723407658,train,False,486
2,100,e,0.21879938479128744,0.2187999592410575,0.35513611301276443,0.15193782000385128,0.15193364108199703,0.3245116456926515,train,False,486
3,400,c,0.07036269378736858,0.07552964854971983,0.1156201680199636,0.03468257886630845,0.032282305789934615,0.2698427005304342,train,False,486
4,400,d,0.008505288284299856,0.008530694791183159,0.007692809000504248,0.011731929126573065,0.011716346415523483,0.032602045630800804,train,False,486
5,400,e,0.18706796290327593,0.18707136246236303,0.32390670560392104,0.1593374439372278,0.1593328638667588,0.30084360273241934,train,False,486
0,100,c,0.07824390187449598,0.07821978044851527,0.09344339667737354,0.11416124254142254,0.11415632703332584,0.9285635606636146,train,False,487
1,100,d,0.04101154110683757,0.04100123903061216,0.013381937742899037,0.03798670821473497,0.03798611382558098,0.09790546044983474,train,False,487
2,100,e,0.29044983838123634,0.30651942919152764,0.4141891235087038,0.11989203511933426,0.12230683557704546,0.2934092070012757,train,False,487
3,400,c,0.052148065794857486,0.05273316902335812,0.07557452063671037,0.06837256733656447,0.0681697328091603,1.05988379023433,train,False,487
4,400,d,0.006499328789664554,0.006519652238595594,0.007904951004407508,-0.0011746910000395518,-0.0011840213832536505,0.013874486750532745,train,False,487
5,400,e,0.1901672357888544,0.19017322153772934,0.24921028885979904,0.14702701371379504,0.14701658729687553,0.31103142048740023,train,False,487
0,100,c,0.25887772524465036,0.258858287591835,0.14657354799380382,0.18015055956912818,0.1801234289253702,0.5046895106384508,train,False,488
1,100,d,0.010658366025906092,0.010664237657576837,0.012020148441552341,0.026627953022584576,0.026627617443037828,0.05026043635469701,train,False,488
2,100,e,0.28835982902419394,0.2886434944700222,0.2727681472238957,0.11005740978131304,0.11006312327076888,0.279904954697626,train,False,488
3,400,c,0.07027546050535595,0.07030057909489873,0.08553062399125237,0.08241314081779251,0.0823935835310114,0.41397263236624676,train,False,488
4,400,d,0.00645721388555414,0.0064573071894495305,0.008019723068084515,0.008094434602836067,0.008094296848651546,0.07986853333973641,train,False,488
5,400,e,0.17891259949532995,0.17890981453688806,0.25066895365189756,0.15865161380878853,0.1586502888158195,0.3444140238222464,train,False,488
0,100,c,0.07911269355613082,0.07907812261795055,0.11416269391273534,0.048773379767137186,0.04876838492304188,0.2378406372881255,train,False,489
1,100,d,0.009617220354670221,0.009617165937631747,0.010574812593283751,-0.012459821633788924,-0.012459646414860241,0.05940760420868875,train,False,489
2,100,e,0.18626333519352958,0.1862464917648145,0.23899889048783451,0.13543376433866708,0.13542716888311998,0.265973411279392,train,False,489
3,400,c,0.055411426025544504,0.05535712166827608,0.07056617660126552,0.030343625373875725,0.03027256524495023,0.7459771710773869,train,False,489
4,400,d,0.01134401952557052,0.011349763766409946,0.01205464749900819,-0.010065054203049791,-0.010067133261510755,0.021470155869639528,train,False,489
5,400,e,0.18802838768601735,0.18799057513266693,0.26121919317518155,0.15673405516249334,0.15671753993897114,0.3405318650819938,train,False,489
0,100,c,0.05940183994140479,0.05938696670092805,0.06932688868454043,-0.022101986462324134,-0.02211554576728382,0.31266062825474417,train,False,490
1,100,d,0.007396787820698669,0.0073968325900942355,0.007847008500944727,-0.0018320992281504545,-0.0018325311362812258,0.008581937698088548,train,False,490
2,100,e,0.24462476802622582,0.24470430579642208,0.30647680131862953,0.11446633095752354,0.11447519403308136,0.27052572200912733,train,False,490
3,400,c,0.07642755972232751,0.0704933468888308,0.09846620650687726,-0.006078088805045425,-0.008085462195051036,0.8164459256798468,train,False,490
4,400,d,0.00909954236815032,0.009100381346974683,0.004661168683112798,0.0038440140907115604,0.0038433514704884963,0.08702399191037567,train,False,490
5,400,e,0.17377375873320353,0.1744419801795199,0.2525945107696225,0.1505388532996655,0.15034477052917625,0.34956955542833656,train,False,490
0,100,c,0.08354076359618778,0.08337573817236299,0.063379127203906,0.009847421588029093,0.009834350322577876,0.9123384862539211,train,False,491
1,100,d,0.0033663982898712213,0.0033663548902074162,0.0034567974849818695,-0.006254115734084973,-0.006254412038198094,-0.0005135330709231667,train,False,491
2,100,e,0.22493457697453503,0.2249798093017608,0.32631821794162946,0.14217188818088494,0.14216400103983112,0.31467571077087464,train,False,491
3,400,c,0.05139523181460874,0.08744997412078631,0.08620427140423939,0.06750581796454781,0.05720915074682033,0.7977173156921177,train,False,491
4,400,d,0.00425844357733373,0.004258549341800779,0.005790532582677424,-0.00363939614490425,-0.0036396116345404294,0.056936090917768335,train,False,491
5,400,e,0.16312224329000272,0.16312156688922447,0.2328022001772263,0.14863374341105115,0.14862206694591265,0.30829420443441935,train,False,491
0,100,c,0.05996888631142757,0.06000959998909048,0.06814821129108142,0.05879784574413357,0.058758497631990564,0.8976265270868521,train,False,492
1,100,d,0.01814612423209036,0.003405305827357255,0.004075544319645855,-0.0013918488569794718,0.0021064699064801576,0.03151308652741218,train,False,492
2,100,e,0.1771766681048084,0.17718563013277605,0.2215224529913785,0.10935971846360854,0.10934715480589528,0.27264360900266715,train,False,492
3,400,c,0.05356302495871534,0.053532379057447024,0.08436666846533136,0.040826928918937994,0.040813896830234314,0.3587635232030992,train,False,492
4,400,d,0.00564987106119769,0.0056580557541445475,0.006600726297245613,0.002420203621686188,0.0024146641204857567,0.03221580437173724,train,False,492
5,400,e,0.1743775978443102,0.17362745707436741,0.22113829133457696,0.13153386492009664,0.1314752657035066,0.3475988086243622,train,False,492
0,100,c,0.08897787836877485,0.08893852531119936,0.11358415841827622,0.12078347521395856,0.12077988957195772,0.40020199781487503,train,False,493
1,100,d,0.05594329118551036,0.05590615699274738,0.021227660769046187,0.00828312217315446,0.00828184964447953,0.205351202955098,train,False,493
2,100,e,0.19246587443818733,0.19247855382242776,0.22852780947658696,0.1848197380138014,0.18481402117534904,0.2822066944174858,train,False,493
3,400,c,0.07322765398576052,0.0693786378513144,0.08021302310033222,-0.030363396498082056,-0.0309568130860994,0.6097093645986645,train,False,493
4,400,d,0.0065396660037470656,0.006539744725888466,0.007316088126418912,-0.0024359419425085704,-0.002436307656872145,0.03650668202711902,train,False,493
5,400,e,0.15844382105568047,0.1582054530365963,0.2562765338996878,0.140582287827599,0.1405679936680565,0.33187151488890815,train,False,493
0,100,c,0.09568409852958203,0.09568040336566326,0.13528172155039178,-0.10867978780425276,-0.10867889756813838,0.046172080300215725,train,False,494
1,100,d,0.003616111402211277,0.003616136646643891,0.0031810313911939873,-0.007514095004050674,-0.007514193359004757,0.08480263660689488,train,False,494
2,100,e,0.20577637772392343,0.20581285966600266,0.2773981930749554,0.10294827639552416,0.10294549312268629,0.3450538060328091,train,False,494
3,400,c,0.06213052574899278,0.062084755413382126,0.07295194871892402,0.019871202641557843,0.019885471204123633,0.6386361509522849,train,False,494
4,400,d,0.006030135962189562,0.006035091517392281,0.007142044309961568,0.013158274821669168,0.013151772407489624,0.030567167718035044,train,False,494
5,400,e,0.2072987213123697,0.20731302861232817,0.29543111063477634,0.15389415096194844,0.15388650828053393,0.30165459751206314,train,False,494
0,100,c,0.09859662387790619,0.09868981119846215,0.09590892372063711,0.12859322399697903,0.1285529666581138,0.6624159047383672,train,False,495
1,100,d,0.006612165457730763,0.0066122368064032745,0.01041376945669818,-0.0174141530956733,-0.017414447319120435,0.036818675435246445,train,False,495
2,100,e,0.2035593416512439,0.20355329450360873,0.33575875503276564,0.14174524094708243,0.14173637256808772,0.28036746133282103,train,False,495
3,400,c,0.062030975171965624,0.07645286930036836,0.0786065541585342,0.09481346433042695,0.08505932172693648,0.9756669301630485,train,False,495
4,400,d,0.0135331459244039,0.004642078785863901,0.005125664206323955,-0.003995627399247184,-0.0022091818868575784,0.002932433423530707,train,False,495
5,400,e,0.2065444095554501,0.20654310545693236,0.3312349817571168,0.15679031637981694,0.15679930482363033,0.35599571150793496,train,False,495
0,100,c,0.13116879431453754,0.13034815772753638,0.1119537129314025,-0.01265426598978138,-0.012680990615671775,0.8135704080852116,train,False,496
1,100,d,0.005852935193342564,0.005853020509330115,0.006475397262559941,0.007600765188667111,0.00760056373585595,0.06783640524767581,train,False,496
2,100,e,0.18810356636447306,0.18813066865229736,0.19412636115965592,0.10638267204731375,0.10638183024540769,0.3319563089200069,train,False,496
3,400,c,0.09219172792921765,0.09211705369545403,0.09538096324526336,0.018293643436978754,0.01829560591194948,0.6377590147735576,train,False,496
4,400,d,0.005181991836012677,0.005217303000150709,0.0064782368475393756,-0.006009350774353237,-0.0059709347221440015,0.02124755946327612,train,False,496
5,400,e,0.17550925858583302,0.17552110284575315,0.23356709997920017,0.13571403506959712,0.13570835755355368,0.3228782230475264,train,False,496
0,100,c,0.06108970662010625,0.056177363713820566,0.07939834425648572,0.007038975870118236,0.004289597613493399,0.28570429521664337,train,False,497
1,100,d,0.05865184833498522,0.05865870335065337,0.04047148048500517,0.01874153248077139,0.01874049003111505,0.0837698135031702,train,False,497
2,100,e,0.34397345858373896,0.3439623632012008,0.3036843528964343,0.10698017670393001,0.1069697823345257,0.30006135384987376,train,False,497
3,400,c,0.0696478219115357,0.06995284112048948,0.07477089033146758,0.09836929077552128,0.09838763754580597,0.557247068110472,train,False,497
4,400,d,0.007496682613866604,0.007497314236739181,0.007970838669771298,-0.005865581471467394,-0.005866250060088359,0.017593967872462705,train,False,497
5,400,e,0.20652916331252336,0.20658352243529393,0.2721907863839348,0.1819051504427476,0.1818945040523441,0.3075904222197937,train,False,497
0,100,c,0.1608579133773122,0.16065101077501354,0.07348113833533217,0.010129192932243285,0.01017306106404817,1.002530254203731,train,False,498
1,100,d,0.006087459681661162,0.00608750791084945,0.006460524635056748,0.0026405022757662166,0.002640310731677591,0.011186576794521522,train,False,498
2,100,e,0.226325668264825,0.22682796162376828,0.305801477056531,0.14224115235540757,0.1436624690091008,0.3141444249217597,train,False,498
3,400,c,0.055888019374595005,0.05588552483090501,0.07814455540850623,0.024637436311037958,0.024631301439050474,0.6488127810400438,train,False,498
4,400,d,0.003917345667574188,0.003917760596766061,0.005085408205393905,-0.0052943100896489705,-0.0052942696028805795,0.035726070376966935,train,False,498
5,400,e,0.1730490089082575,0.17298457174176843,0.32446781617685105,0.17492626747124768,0.1749199703668645,0.33817930273007746,train,False,498
0,100,c,0.06948849851776713,0.0694878640101566,0.07016125130115354,0.008434816507049163,0.008433738128311816,0.45937571602884136,train,False,499
1,100,d,0.0057722659712601395,0.0057282015697975855,0.006413767772893935,-0.00012023175536596042,-0.00014174972254139107,0.05511529530309296,train,False,499
2,100,e,0.16716541467690785,0.16716273502062884,0.31525680346704094,0.1379976617468779,0.13799646148565678,0.3081820061412203,train,False,499
3,400,c,0.07366766435434502,0.07380121077265243,0.11492287997065548,-0.024770841741905657,-0.024799722967922763,0.3314557214306554,train,False,499
4,400,d,0.006075938901192128,0.0060808657493359565,0.006716035617887608,-0.0037009608373185544,-0.003709074768624028,0.012956038990590635,train,False,499
5,400,e,0.16451214934480388,0.16451276334139395,0.2566600441422287,0.17063616320168287,0.17062647690753763,0.3324033699281388,train,False,499
0,100,c,0.11396304756960392,0.11396051377891128,0.13202583717794575,0.15718302680849733,0.15717178633492765,0.5712887565463451,train,False,500
1,100,d,0.006352364144341879,0.0063523834197582755,0.00875461976433792,-0.0458528895791302,-0.04585352795473464,-0.014339542613564333,train,False,500
2,100,e,0.16002162475095918,0.15999117547282926,0.20901790448617139,0.1110999093689778,0.11109374387150169,0.37632037042691396,train,False,500
3,400,c,0.0592139365788247,0.059202453597207085,0.08347709897755436,0.07848978066227744,0.0784885397495222,0.1780594654649836,train,False,500
4,400,d,0.009981569477180957,0.009980590695133917,0.005253392897019888,0.021331240975411205,0.021331369160393496,0.10679431242405527,train,False,500
5,400,e,0.18473159169052272,0.18611927219913071,0.31566385799586405,0.15804749819789782,0.15945498734262256,0.32096853059534824,train,False,500
0,100,c,0.06350387929221375,0.0636041053843161,0.0644621404188769,0.00629627908080721,0.006208086281346184,0.8834246436499993,train,False,501
1,100,d,0.0072939264488210585,0.0072943346810065215,0.006851199642434643,0.01307165335771792,0.013071303048469858,0.06238524319126384,train,False,501
2,100,e,0.1978277408477786,0.19781348106730867,0.31603898133523545,0.11995354351924505,0.11994469997012473,0.36067184466078994,train,False,501
3,400,c,0.05938614771780917,0.06245671312370609,0.09682645043462333,0.0023117387905200104,0.0008367376171383256,0.5049744147405794,train,False,501
4,400,d,0.015170706463681613,0.01516120726249486,0.008358180395856113,0.0035599367844067233,0.0035587567599842454,0.15653689884619126,train,False,501
5,400,e,0.16575541066377808,0.16572238396447464,0.264600014679621,0.14919008326652558,0.14917798054537032,0.3552935541503548,train,False,501
0,100,c,0.060849971868829435,0.06084561994617739,0.1065932804160166,-0.01442960029753138,-0.014433458288443007,0.4194085077328113,train,False,502
1,100,d,0.004232054340346378,0.004232084767327364,0.005455386192690127,-0.022918971952082076,-0.022919097285948917,-0.020415400416299256,train,False,502
2,100,e,0.16238885309369916,0.16233467125402065,0.22642326936319349,0.11088659750519114,0.11087484342167223,0.29434952120065544,train,False,502
3,400,c,0.06830062931590271,0.06808957036860072,0.09319844377638856,-0.007415640237705006,-0.007457845998100155,0.20849488494671298,train,False,502
4,400,d,0.006895166888780846,0.00689444856570159,0.009416693045786174,0.01831566120532413,0.0183157763401222,0.30848668432859666,train,False,502
5,400,e,0.1698964434582158,0.1694237826983872,0.25945530492587204,0.18190781130657732,0.18157894335540042,0.33627907397057816,train,False,502
0,100,c,0.0842652445590143,0.08413657426926745,0.07932461905447007,-0.031856036688096195,-0.03187226384777119,0.4753298054366912,train,False,503
1,100,d,0.004057446768135661,0.004058159511349146,0.006284572923526704,-0.007200858442866683,-0.007202013725773746,-0.007078410919515221,train,False,503
2,100,e,0.1589414094648676,0.16043936267883652,0.184659247140494,0.13605527131447404,0.13782049418241107,0.2889689560269734,train,False,503
3,400,c,0.0663085207917758,0.06663855603107348,0.07391863758161638,0.09912177623287605,0.09907728835581438,0.5493578472770797,train,False,503
4,400,d,0.007192631789758014,0.007303857265062968,0.010552713698339317,0.0031235701254930426,0.0031357574474428595,0.055810271081508066,train,False,503
5,400,e,0.19748037630755438,0.1972809752309732,0.24817028505137562,0.16010451537093162,0.16008193149686292,0.33933219075499266,train,False,503
0,100,c,0.16481684522828968,0.17848110364753658,0.05977196951279255,0.04510854113401713,0.04573113353794412,1.092869222414726,train,False,504
1,100,d,0.008810347434370197,0.008920818026899391,0.008688854639629125,0.007328771529359415,0.007289969582388949,0.034478609149606605,train,False,504
2,100,e,0.2346108850576166,0.23459399868572894,0.28186851333262825,0.1329010331622283,0.13288933240425327,0.31127933139571917,train,False,504
3,400,c,0.08312270408347787,0.08339341630160663,0.07483458901085695,0.11589914056425088,0.11585917645938253,0.8520988118215743,train,False,504
4,400,d,0.005339656341270276,0.005339927515374848,0.0060776579395930485,0.012884788124331959,0.012884259746877885,0.043258740820647644,train,False,504
5,400,e,0.17193052803155126,0.17193597272578678,0.28517612363205297,0.16542324041044257,0.16541813228754795,0.30674260764325373,train,False,504
0,100,c,0.10141499940258177,0.10144780955870875,0.0606916374310261,0.00847179299785715,0.008457007087489287,1.5041484442542574,train,False,505
1,100,d,0.028480472100988304,0.02856905555900499,0.013700065090151415,0.00088565907125016,0.0008848624979596842,0.037395493999774626,train,False,505
2,100,e,0.31520636588654,0.31519345300937945,0.38097894432853635,0.10410076777093298,0.10409222636272819,0.4157379441051806,train,False,505
3,400,c,0.05144267351366147,0.05144008947941052,0.07926075090161092,0.04466405946179634,0.04466781651940508,0.34615087609875306,train,False,505
4,400,d,0.0055790574911206625,0.0055804826898416945,0.005817414510246104,-0.010945359128924519,-0.010946326131267945,0.02337927663955188,train,False,505
5,400,e,0.19808206032086426,0.19673386973003473,0.2750654470871153,0.1476896940465577,0.14745266146139513,0.39370002288183287,train,False,505
0,100,c,0.0720012112880094,0.07193657546963467,0.06541068360158613,-0.1154688431560131,-0.11550475339296505,0.4360757352659832,train,False,506
1,100,d,0.012373926742457042,0.023929524907173684,0.019179066944658416,-0.012513797909894856,-0.02115115270152179,0.08628343992682087,train,False,506
2,100,e,0.1301713370044364,0.13009996611167238,0.3128394105878655,0.10379692323063942,0.10379044214290112,0.3999382356778057,train,False,506
3,400,c,0.06643167906747101,0.06647587143951544,0.08274999433944485,0.06780278669729996,0.06778115209318898,0.9893128895250933,train,False,506
4,400,d,0.01539700853308739,0.015320988273028881,0.007634717932524567,0.014308717028751392,0.014306328278085268,0.01688437703082176,train,False,506
5,400,e,0.17521041113904393,0.17518980142655635,0.26869506949334687,0.1440500622933087,0.14403980196434607,0.3394804518541366,train,False,506
0,100,c,0.15286740980101904,0.15288959870313318,0.10100013863462941,0.08389313705476838,0.08388007592566041,0.8644259988474857,train,False,507
1,100,d,0.002579759787593567,0.002579876199677951,0.0053287520715562964,-0.015322482089553944,-0.015322703571256114,0.03684275134475985,train,False,507
2,100,e,0.24478501914880868,0.2466740896495467,0.250533971653123,0.0784787822472948,0.09802041358769213,0.29625876203458185,train,False,507
3,400,c,0.07277931527718494,0.07281547308868017,0.09258749092358244,0.04580911619963828,0.04579697675988321,0.2814791352855902,train,False,507
4,400,d,0.006432869212326537,0.006433706979162826,0.003830314186121449,0.007314947160816221,0.007314509231436954,0.06293366090131322,train,False,507
5,400,e,0.19006511720406746,0.1899768975985287,0.2624598876961719,0.1389115381235438,0.13889231121054135,0.3481831523996842,train,False,507
0,100,c,0.05143692830901851,0.05144014983227678,0.07569807276568359,0.01792723539003518,0.01791761467645081,0.9284848940023036,train,False,508
1,100,d,0.013997158315847524,0.014027700880495762,0.008939321495502531,0.017562183367845298,0.01756425701510272,0.14586954593216117,train,False,508
2,100,e,0.19665687983785507,0.18943314328758112,0.21000202019702072,0.1039735486624604,0.1139486265074877,0.2753146356510176,train,False,508
3,400,c,0.060831539165771345,0.06083781803710123,0.07165579298968716,0.05798538340992103,0.0579850157457404,0.8347038140857022,train,False,508
4,400,d,0.010104078900093747,0.01028981696631861,0.007815268051577912,0.007780134711042237,0.007836776682276447,0.11176034342777777,train,False,508
5,400,e,0.17228121256113638,0.17227758920380976,0.25599965793312135,0.16182727703724356,0.16182694983477772,0.3274067780932042,train,False,508
0,100,c,0.0681660355265903,0.09445640891041682,0.09803937104646017,-0.00874356759354157,-0.02515682152953623,0.5007013671254665,train,False,509
1,100,d,0.011814003113583861,0.011817521229972414,0.009595617260467301,0.007994145626717799,0.007993241436623446,0.013738431404016573,train,False,509
2,100,e,0.161261858292087,0.16124112464957982,0.23216304864201764,0.13026952565025313,0.130268092199559,0.35189716364119933,train,False,509
3,400,c,0.05304198324177154,0.05304123954868723,0.0908105028261209,0.045017363085739746,0.04501480806645525,0.44941502687565305,train,False,509
4,400,d,0.013155712484873896,0.01310479685215467,0.015531894264975454,0.009761302128897765,0.009755859782551841,0.037118472953950314,train,False,509
5,400,e,0.18630407814461672,0.22138050251354055,0.25332205129805757,0.14716039891006372,0.14336651898650207,0.45556890495133184,train,False,509
0,100,c,0.07969109826388912,0.07969450113327113,0.12041723028493809,0.06402158291151835,0.06401126922239002,0.5612634355831687,train,False,510
1,100,d,0.011425419795927372,0.011425636248165316,0.008273992626481349,-0.02066071960449605,-0.02066092254879523,0.0768988473880552,train,False,510
2,100,e,0.1683826016863816,0.1693128840996182,0.289194090273131,0.12424202793395007,0.1243233388837518,0.2780587359484982,train,False,510
3,400,c,0.05553128768772049,0.05552750422140436,0.08120008639984294,-0.028700827510553497,-0.028696637011434944,0.7155659565826957,train,False,510
4,400,d,0.0041449160951705635,0.004145193069783938,0.004463799346799114,0.005450672968558017,0.005450387255561466,0.05334733004128377,train,False,510
5,400,e,0.18578755583501078,0.17538043722848054,0.26968898763622046,0.15929133927201172,0.1609680035650773,0.6454853184912629,train,False,510
0,100,c,0.06790406867777142,0.06792802003211801,0.10731639810456622,0.095634203142858,0.09560355258168457,0.7357034929079412,train,False,511
1,100,d,0.007909198730055573,0.007909508721531506,0.0073821475668061284,-0.007334262057083212,-0.007334783234082281,0.21971857970450262,train,False,511
2,100,e,0.2180079984915,0.2179820251100335,0.26931454592210213,0.11233881710737378,0.11232680971373299,0.3398572908361507,train,False,511
3,400,c,0.05903619802058336,0.05962981034277895,0.08044398791819417,0.018237764934739005,0.017413166522080345,0.6965547301759417,train,False,511
4,400,d,0.005437575832198244,0.005430987056898289,0.0060225472412666105,-0.017798924019192076,-0.017809281858224946,0.035801900620521875,train,False,511
5,400,e,0.17345479862824514,0.17342015868319374,0.24013727152699546,0.14894423818660407,0.14892163660214963,0.31343610195001204,train,False,511
0,100,c,0.07231622389099056,0.07231157825226768,0.07563775106386657,-0.02418984514535289,-0.024199607752601937,0.4227296303464979,train,False,512
1,100,d,0.0361924718666639,0.036203330777475645,0.02120171580755841,-0.014442951145188374,-0.01444686990684522,0.005118546699053361,train,False,512
2,100,e,0.2323658045385026,0.23234559151756082,0.3633590401788599,0.1510932491457227,0.15109064123992128,0.2298029645409953,train,False,512
3,400,c,0.056155629555872014,0.056155446837431656,0.07053136737246893,0.03299399318927989,0.03298991945463918,1.0541582367795108,train,False,512
4,400,d,0.003979846855107434,0.004064445464624211,0.0055955018017793635,-0.003803535611306561,-0.0038436460283931416,0.023366957297083834,train,False,512
5,400,e,0.1803422650159866,0.180338010118815,0.23831990746373602,0.12899728710301947,0.12899288813275672,0.3999338059802902,train,False,512
0,100,c,0.06318426138151324,0.06653710024024857,0.08383035462422049,-0.014112001679745632,-0.020550327906292198,0.9197848898840167,train,False,513
1,100,d,0.0069018994772774775,0.0069090406827399375,0.0077820185160644975,0.01598226617360151,0.01598069020626472,0.13750037759817046,train,False,513
2,100,e,0.18732739483173297,0.1873246130964198,0.24578514344678531,0.05966819355267799,0.05965918464361888,0.29017885435010515,train,False,513
3,400,c,0.06172791882448983,0.0617455539976842,0.0701442807529862,0.05544517584920087,0.05542300363628428,0.613955353269681,train,False,513
4,400,d,0.00474388452780009,0.0047440253694079745,0.005752195309900926,-0.010100047584362013,-0.010100457712133916,0.01161605748192569,train,False,513
5,400,e,0.17362860839001176,0.17359609192770784,0.25569948890629796,0.1672200422082713,0.1671976931828472,0.304847237206181,train,False,513
0,100,c,0.09109829525065967,0.09109790660108684,0.10073657184598227,0.13598422788094724,0.135979497613812,0.328851370481761,train,False,514
1,100,d,0.016537736125317976,0.016544640909602847,0.014936717915505963,0.02364573230511377,0.023645484768458118,0.03999148664159192,train,False,514
2,100,e,0.3111108860069238,0.31081277416688446,0.4409948556007187,0.1796521066569302,0.17964178698938973,0.28592601329090006,train,False,514
3,400,c,0.05887477827556635,0.05885842032258742,0.09211229119600908,0.03339404285649806,0.03338603926583111,0.3602330037351548,train,False,514
4,400,d,0.01049419122828794,0.010493917316751193,0.009341436588629798,-0.004387557741272978,-0.004387742794792171,0.10028293100280887,train,False,514
5,400,e,0.18180780653825374,0.18178537326264757,0.274778718996382,0.1699883822910657,0.16997196107721854,0.3041126762772578,train,False,514
0,100,c,0.0655169231532859,0.06552041479857955,0.0795386214314152,-0.01663295879952621,-0.016647821575461207,0.8305988350843705,train,False,515
1,100,d,0.0034729606824719255,0.0034729698624439086,0.00345133515706682,-0.016305723809078094,-0.016306126749955397,-0.011235217444256146,train,False,515
2,100,e,0.1803007583200925,0.18004327689987862,0.17777518687399063,0.06351964996605151,0.06351933494603987,0.5748987357421929,train,False,515
3,400,c,0.056119658157977474,0.0561232149303495,0.08613958732241934,-0.017654043831314043,-0.01765362522192845,0.47509102842093526,train,False,515
4,400,d,0.006208703230525122,0.006268566706965492,0.006257854651970315,-0.008099846687144955,-0.00812098400806537,0.0029100983567989223,train,False,515
5,400,e,0.16066434666164317,0.16066628826940219,0.23274410877750867,0.14659796457284194,0.14659312827097537,0.3514511655811613,train,False,515
0,100,c,0.06606864756311602,0.06608444474585508,0.0907818001020563,0.07405288224036269,0.07403500380145679,0.7106389034392626,train,False,516
1,100,d,0.005540283670690727,0.005540385476697448,0.006669923912919786,-0.01368010409640748,-0.013680367681788432,0.011394677341128591,train,False,516
2,100,e,0.2477582260732384,0.24764559308730696,0.33990061061223514,0.10286831785345214,0.10285329940274274,0.30813943296286483,train,False,516
3,400,c,0.06131933074558232,0.061270158872742,0.06405371681698031,0.03420860110639552,0.034344497920171475,0.9683909477682459,train,False,516
4,400,d,0.004301202379293449,0.00430121109196062,0.00577001999235455,-5.769252552079607e-05,-5.794181202785964e-05,0.08928628473351566,train,False,516
5,400,e,0.16743901519538018,0.1673157238473172,0.2190142090978034,0.13075822126878606,0.13054337459611112,0.347649443772055,train,False,516
0,100,c,0.062178525373625886,0.06218100647298352,0.08895487526374392,-0.02957418250180716,-0.029573701058195782,0.36748799478807936,train,False,517
1,100,d,0.008872276911419246,0.008846378007623019,0.0064783346936204845,-0.0028546908227618673,-0.002858066004256319,0.009285704677725697,train,False,517
2,100,e,0.18277721034634123,0.18277306197905394,0.22006389915705288,0.09858355521723777,0.0985733091120603,0.3032373838112051,train,False,517
3,400,c,0.08700888136008665,0.08683165129025447,0.09507703667873832,0.050860620400419096,0.05079755227106638,0.42970979573444235,train,False,517
4,400,d,0.007543904369813328,0.00754293061632128,0.004601160472627241,0.004728234655531161,0.004728467483380321,0.09413448100043795,train,False,517
5,400,e,0.19782509646664057,0.19777852349933733,0.28338631064938524,0.16001830295154185,0.16001082752962595,0.2997275137799925,train,False,517
0,100,c,0.0751093030596412,0.07509815110699322,0.10583646271022991,-0.011743274125977338,-0.011771730037569128,0.47551948689610524,train,False,518
1,100,d,0.0027742384921857137,0.0027742371066101367,0.0028147771892130923,-0.018543932786747205,-0.018544122203562736,0.025251969744649952,train,False,518
2,100,e,0.14296300398758466,0.1429640498571994,0.26655634192639543,0.1573765581455713,0.15736735176980268,0.26429880854865273,train,False,518
3,400,c,0.10039242733101003,0.10035520335309193,0.10479618300923206,0.07331659528472542,0.07330308354676376,0.7523236915502293,train,False,518
4,400,d,0.005727402972330939,0.03377193214111737,0.006376312771337353,0.02874502545740711,0.006934258833011633,0.08179005787985075,train,False,518
5,400,e,0.18592416315322954,0.18651001850198345,0.26298842605212536,0.16600251447617978,0.1644348272475051,0.29242168136350166,train,False,518
0,100,c,0.06779964090929097,0.06778875806718769,0.0660755162744586,-0.007675151312455029,-0.007690390988683191,0.438350691831088,train,False,519
1,100,d,0.008433978383755038,0.00838125978693751,0.0057373828796665385,0.002218409517714921,0.0022162881261942858,0.010439343088298792,train,False,519
2,100,e,0.2129502831019534,0.21295619146787492,0.34017978231744783,0.11077971085264875,0.11077924667478353,0.31437909085264815,train,False,519
3,400,c,0.05863231457053027,0.05866005461109836,0.06597501091555076,0.020254382308230418,0.02021587154042649,0.8269005733127522,train,False,519
4,400,d,0.004139288468437537,0.004139330259599197,0.00434873959114765,0.00530159781891955,0.005301405818659503,0.012846543981393949,train,False,519
5,400,e,0.1623448899246611,0.16235079908388567,0.27002538785551816,0.13550981633386308,0.13551148793684498,0.32926521015393845,train,False,519
0,100,c,0.146789317273967,0.08444677596416217,0.05763651178125925,0.157115143980079,0.16889853444437614,0.7054427603398113,train,False,520
1,100,d,0.004881671454355372,0.011140771305965708,0.004063444183213141,-0.01786442572272689,-0.019460603590892217,0.08072451123600934,train,False,520
2,100,e,0.2879029676383716,0.2879996741548985,0.26537484902770253,0.0919154248730682,0.09190211260766994,0.2715908511521056,train,False,520
3,400,c,0.0604520059868285,0.06044261276719471,0.09022513687147293,-0.017560720210346544,-0.017564969469198884,0.6353527589857144,train,False,520
4,400,d,0.005894818507933175,0.005895094980653564,0.006672394274971738,0.00026085312412927665,0.00026064747377539275,0.013078133776279852,train,False,520
5,400,e,0.15651108263364386,0.15919345527003195,0.2347087974844155,0.1334172740523166,0.13674211441172696,0.3057553329756083,train,False,520
0,100,c,0.06421392250212599,0.06420867901447858,0.09103994406483125,-0.050299131270476354,-0.050310019678685765,0.41170998489525784,train,False,521
1,100,d,0.013369509213394033,0.013371439074039029,0.013306119723734442,0.017796657762336673,0.01779595499426964,0.025603465897851514,train,False,521
2,100,e,0.20810625846044892,0.20812096630798504,0.32312810305236433,0.14597239059951556,0.14596117895582275,0.28912127121978587,train,False,521
3,400,c,0.059833715350896356,0.059788840457947835,0.08424230475570361,-0.0026852362279979757,-0.0027009595258924435,0.6295102033804274,train,False,521
4,400,d,0.01037047589262579,0.010376615736634313,0.006012974009052248,0.016754079466532373,0.01675217383415891,0.10745057297272688,train,False,521
5,400,e,0.2026330365843018,0.2026401518192153,0.2934374565207806,0.17408002653671742,0.17407498900238796,0.3075196751191273,train,False,521
0,100,c,0.12391874150269007,0.12389881980582568,0.13177110523526897,-0.02275041231888487,-0.022752255663115336,0.9355178969246686,train,False,522
1,100,d,0.014974395279729193,0.014975525262995594,0.006877970167244876,-0.0012961513001486047,-0.0012968867302867438,0.10865701994995795,train,False,522
2,100,e,0.21198304342086335,0.21188098608286787,0.19891940944981484,0.011094403269023303,0.01108341026402755,0.4009454882050236,train,False,522
3,400,c,0.05908658878196234,0.059084259871467884,0.09370530481517086,0.06628702612520165,0.06628442557146379,0.31715007607520085,train,False,522
4,400,d,0.006066182799376523,0.006066337780456927,0.007263775113321216,-0.0018800786367798139,-0.001880433990474817,0.005828108720410725,train,False,522
5,400,e,0.194015602825238,0.19493818269623792,0.2594633736314621,0.16916941579756667,0.16903798884237384,0.32193165776376276,train,False,522
0,100,c,0.06668694965926865,0.06675221844949332,0.08318172021642152,-0.06931846433930716,-0.06933747714274624,0.4011936396008129,train,False,523
1,100,d,0.006720972899781547,0.006720966209549346,0.007990552008735868,-0.010036219203536749,-0.010036445705746928,0.06793802535289942,train,False,523
2,100,e,0.23055247846922317,0.2182497546788072,0.2614160892807389,0.131770425561867,0.13328437945450403,0.2530146196362643,train,False,523
3,400,c,0.06352313987241566,0.06352858363821201,0.09043481912582112,0.05233845130354027,0.052331297910330365,0.7452962533386951,train,False,523
4,400,d,0.005766127805958765,0.005773334897983857,0.006607050401241905,2.5254701081269816e-05,2.4923964616636596e-05,0.0007855383419031625,train,False,523
5,400,e,0.15559501779029752,0.1555703692848115,0.23611702042909485,0.14194487769503958,0.1419474250213525,0.3564851004898176,train,False,523
0,100,c,0.0881327486140999,0.08780051720142872,0.07910174876022891,0.07291675681005359,0.07291570655328129,0.5461605909717426,train,False,524
1,100,d,0.0053335181006302045,0.005334683825940225,0.008011376510065346,-0.013055926454560858,-0.013056039869759709,0.05439803719994479,train,False,524
2,100,e,0.18107656841847952,0.1810490937223671,0.24055589567920715,0.1436725499678438,0.14366446396247715,0.2554336110363646,train,False,524
3,400,c,0.055191327763498756,0.06099151786936957,0.07846478749726615,0.05438189299150174,0.05127039029551526,0.777745373688976,train,False,524
4,400,d,0.005557438690056071,0.005557636145580556,0.005048464296008953,0.005252734664454124,0.005252511431420608,0.08146925170839739,train,False,524
5,400,e,0.19720906217633988,0.19720245603583147,0.27172810707965067,0.14292093353650312,0.14291480507536908,0.3772320630337782,train,False,524
0,100,c,0.08149000274515662,0.08148974252218999,0.10041281271347606,-0.13091440275037983,-0.13091549251620316,0.03436600732445953,train,False,525
1,100,d,0.009231291077595962,0.009231165500476894,0.008108728449135813,-0.005698609441961171,-0.005699115232351239,0.0200912961848781,train,False,525
2,100,e,0.19138781756411855,0.1914136255621746,0.25353255392643986,0.08570705361494042,0.08571077484751051,0.3367372214339593,train,False,525
3,400,c,0.05836421355176072,0.07284130144948969,0.08044974931451448,0.02127889573966705,0.008414542957970568,1.036617566741814,train,False,525
4,400,d,0.013162138770051308,0.013170861925621677,0.0063301511697674015,-0.0008231609628369086,-0.0008325908622821033,0.08983318658136653,train,False,525
5,400,e,0.16237991697050075,0.16239163497199427,0.28902449758121385,0.15116965994817186,0.15115923532982364,0.33456518974344157,train,False,525
0,100,c,0.09068829100220625,0.09069683606151688,0.08545258392091805,0.14288671787461957,0.142869208142212,0.8589326402428997,train,False,526
1,100,d,0.006506444254586967,0.006511454687253975,0.00707422144644254,0.00479714882148194,0.004794014676281631,0.017602555842143167,train,False,526
2,100,e,0.2843228423099989,0.2842892842367597,0.36011764633306975,0.159841960143785,0.15984161270241828,0.28711588101772834,train,False,526
3,400,c,0.06447496781871304,0.06450968349117898,0.0654080535139467,0.12301236574693433,0.12295091018491874,0.7316096976861698,train,False,526
4,400,d,0.00542161960771557,0.005598155889824915,0.006426264634035055,-0.00019699968240349363,-0.00021581815648822556,0.06627926250251306,train,False,526
5,400,e,0.20694172915951164,0.20696305396937464,0.2776350390597411,0.15311469706414318,0.15310409699503336,0.3225377289479114,train,False,526
0,100,c,0.05341010141904215,0.05341206536672602,0.09037117550635518,0.07072325963295463,0.07071176142468126,0.7167518457073183,train,False,527
1,100,d,0.005503921434993563,0.005503960644930596,0.006793871238051847,-0.008363735543894161,-0.008364051495419496,0.007325427620245968,train,False,527
2,100,e,0.1830227607164941,0.18301688372387698,0.21366145159071048,0.11266033864644709,0.1126491690355385,0.3742254887596301,train,False,527
3,400,c,0.06348918033074828,0.06352379403654486,0.08458839031262326,0.03486309682358922,0.034847141310291437,0.5152337656899014,train,False,527
4,400,d,0.008149182934396444,0.015964402711169987,0.005236598574803821,0.0039160391796750635,0.0025482368636329865,0.03381640615832209,train,False,527
5,400,e,0.19988611917037236,0.19975066408501438,0.26667233236002164,0.15399743231791557,0.15405570393032786,0.4394737395063917,train,False,527
0,100,c,0.0736155280316906,0.07364653612143114,0.08501219061061009,-0.06256954360742675,-0.06260337471796511,0.6099564598519767,train,False,528
1,100,d,0.002204122655927593,0.0022041799771933897,0.002552459417854678,-0.0014238720484237887,-0.001424062691407233,-0.0008780081861650224,train,False,528
2,100,e,0.19896752517429356,0.19896227217606882,0.24455002602183853,0.07945122828626346,0.07943898416752547,0.46810230476470693,train,False,528
3,400,c,0.08221449016802543,0.08249794443618325,0.07977444626576638,0.02847167143438483,0.028449964027902796,0.9598562656967431,train,False,528
4,400,d,0.0033801752048103835,0.007802235701881052,0.0072319660535338694,0.008347946234796027,0.005112831015753141,0.059096465456994846,train,False,528
5,400,e,0.17629961108579045,0.1762922723844558,0.26592758946261386,0.15964309926186282,0.15961712774398684,0.3476976254450685,train,False,528
0,100,c,0.12380000115200128,0.12377233442543316,0.09113127256704434,-0.004072457540165359,-0.004122810097367875,1.0515651328080773,train,False,529
1,100,d,0.0045190298572070995,0.004519145620405904,0.004023123597230907,-0.026137793687948357,-0.0261382408449553,-0.005373891144352054,train,False,529
2,100,e,0.15475566293560317,0.1547617007261926,0.22108041073059595,0.13282952891429692,0.13282023041212437,0.33533497078935526,train,False,529
3,400,c,0.07099056431788686,0.07093467345290136,0.08957064997611094,0.11398212756380388,0.11391020845504812,0.6717056055308962,train,False,529
4,400,d,0.00636835532834658,0.006368363636685257,0.007743476787131858,0.002122035095048176,0.0021220720173179865,0.12695744758845115,train,False,529
5,400,e,0.1799569482184415,0.18051111613758206,0.24090898848473852,0.1493056951529908,0.14863647865629492,0.32601674086616356,train,False,529
0,100,c,0.06831863616123153,0.06832493524540156,0.07153178346228382,0.11374878613215827,0.11372973454440768,0.7219637789455295,train,False,530
1,100,d,0.007975541931323035,0.008234024506748783,0.0074039907291674235,-0.010371293509933786,-0.010819242135407858,0.02226448942571924,train,False,530
2,100,e,0.22267248036444903,0.22283930218121348,0.23908655920526214,0.10085875857819915,0.10083539649798041,0.2911761554425734,train,False,530
3,400,c,0.07521433248405918,0.07510925930111653,0.09079757635106421,0.044365376821733096,0.04437779534495064,0.9284483671227397,train,False,530
4,400,d,0.008039979542467802,0.008040454324008814,0.008391430721319253,0.011633431830875871,0.011633017300698203,0.04629728099704217,train,False,530
5,400,e,0.2239947747076769,0.2238833659617127,0.39704642637564164,0.16999630209764838,0.16999223319893453,0.27686909169407076,train,False,530
0,100,c,0.05118922557679542,0.05006867100337055,0.07811550646067622,0.07342620824908615,0.0730748743970424,0.7764846267785559,train,False,531
1,100,d,0.007675971854492067,0.01180692899466959,0.012197344620156864,0.005114815554947682,0.003117986516425919,0.053146315784593626,train,False,531
2,100,e,0.2013030235516985,0.20134444888531164,0.29188949098136324,0.11360692769749285,0.1135956131582848,0.33369927415555833,train,False,531
3,400,c,0.056753513623119235,0.056753727116804945,0.07250911326494702,0.03517412552553133,0.03517092668808296,0.34235899198665437,train,False,531
4,400,d,0.005719760195190022,0.0057232736479918426,0.005812562445548981,-0.010295992236863399,-0.01029820656527436,0.024680097417468492,train,False,531
5,400,e,0.17834677036802563,0.1779565150856671,0.22864958911687588,0.15948825034069608,0.1594696297439335,0.3558774094752344,train,False,531
0,100,c,0.23550578468841923,0.2355228010770098,0.114646003651791,0.054979058132407985,0.05494101197776075,0.7223541441921003,train,False,532
1,100,d,0.010188005068025674,0.010187483726017039,0.009553191125198842,0.013068710809538508,0.013069192062106971,0.20548735765984272,train,False,532
2,100,e,0.13943124760600134,0.13939728768033274,0.28891425858388015,0.13853133380247773,0.13852585234314962,0.3540887125453401,train,False,532
3,400,c,0.08723599535061849,0.08136825387632016,0.08035761288248137,0.03910393264466315,0.039663375778428364,0.7835664562726151,train,False,532
4,400,d,0.008423579197447701,0.008423675373579744,0.009291306688949057,-0.019054571926986518,-0.01905498311837869,0.024504723994503923,train,False,532
5,400,e,0.20884886773958322,0.20874925022641264,0.2842606435838747,0.16341074333651612,0.1633991367078027,0.30294435524826446,train,False,532
0,100,c,0.06921107739455906,0.06923041511395116,0.06686401424007764,-0.07884460910656266,-0.07887465160557987,0.36569648721097037,train,False,533
1,100,d,0.004959653682409601,0.004968686084441109,0.004836690538947332,0.011408356730356086,0.011408427794330312,0.06754966115273951,train,False,533
2,100,e,0.20667717226328453,0.20669276220666336,0.2916427466051168,0.1179903015378423,0.1179859329622402,0.3571399572695647,train,False,533
3,400,c,0.059020811173583064,0.08032192577007369,0.09384611327122158,0.0075635764230236905,-0.007791802618356982,0.8585773068298059,train,False,533
4,400,d,0.0054598431197921396,0.005460187698549832,0.0051783119877756665,-0.0033426423111176007,-0.003344645604304706,0.05130957058832287,train,False,533
5,400,e,0.2111117269413803,0.20939709109436358,0.2566874267368075,0.12407061671643774,0.12244993321781841,0.32660632719823773,train,False,533
0,100,c,0.10170142277500674,0.10131536145473909,0.08045734734648083,0.045969582100086157,0.045947931330670926,0.2443970639072309,train,False,534
1,100,d,0.004168806900052418,0.004168869914449565,0.004762497734197024,-0.023446016028547626,-0.023446370908651808,0.015202691666633914,train,False,534
2,100,e,0.17386994954118376,0.18791759587359003,0.26177946851033806,0.10624850173365012,0.10782756858537497,0.3476634301128189,train,False,534
3,400,c,0.05376768755462685,0.05376748854922418,0.08132492013838187,0.06658949480642236,0.06658838663986259,0.4309628847933453,train,False,534
4,400,d,0.006643644632609383,0.006650206742229131,0.007259847876013651,0.008787370062398825,0.00878039155546862,0.08029170517809345,train,False,534
5,400,e,0.16230766799348229,0.1627138725941362,0.2605502323600749,0.15032202555230575,0.1526993546443395,0.3036269063290956,train,False,534
0,100,c,0.0638685516836544,0.06387430622777973,0.0687325652037758,0.007752100281217906,0.007738112897350646,0.6707083140648193,train,False,535
1,100,d,0.004852981352253624,0.01063579155955566,0.006309334276671716,0.01227964981419552,0.00937900601179992,0.029329858580270686,train,False,535
2,100,e,0.14679420536381918,0.14126855228043098,0.2748404659335102,0.13909600766115435,0.14724138750242777,0.31946739432098287,train,False,535
3,400,c,0.07461771944104856,0.0745999959904879,0.11651876337793661,-0.015517345407138663,-0.015521229289837565,0.4003575649349282,train,False,535
4,400,d,0.005261655836226553,0.007065851058066301,0.006731437712479455,0.013859456239348785,0.013244290075417471,0.0653804793542589,train,False,535
5,400,e,0.17265023320452372,0.17265049591853054,0.2691984164239634,0.165575459138864,0.16556823389850073,0.30561686332412896,train,False,535
0,100,c,0.07011183618294799,0.07011923715148885,0.09694463363470485,0.07081119694112814,0.07080216558107033,0.7676866871902095,train,False,536
1,100,d,0.01702571548755891,0.017026966934847666,0.012710533401025686,0.01101281851578735,0.011011555253972247,0.10947471492129315,train,False,536
2,100,e,0.18888753835385091,0.18890308530597455,0.3561678697247549,0.15788258272190844,0.15787126658823056,0.2971382067839729,train,False,536
3,400,c,0.06166910966556378,0.06167147653128193,0.08302763470382318,0.0059986392324018565,0.005994530161997105,0.7729697714120951,train,False,536
4,400,d,0.0046961185189396985,0.004696131145663952,0.0060731271694982845,0.004496065854213783,0.004495780391288253,0.004942216686972713,train,False,536
5,400,e,0.20109359475894129,0.1996064226011934,0.27120812887673823,0.15261186392478518,0.1639285327335551,0.301992427941488,train,False,536
0,100,c,0.3424077661432524,0.34216348359428234,0.33256459240078506,0.16124655800765367,0.16125948370820864,1.1851763740955765,train,False,537
1,100,d,0.013707763884433635,0.013720065064656435,0.0074658904968360786,0.02855053573503943,0.028545786217355786,0.1425833444689329,train,False,537
2,100,e,0.23216876500661954,0.23216959702640094,0.3822424864069554,0.1684162742348646,0.16840971249738498,0.26104185428125687,train,False,537
3,400,c,0.0590862163291851,0.05908549673196661,0.05628402664069958,-0.0015745255288105399,-0.0015785550095093726,0.46508064996244414,train,False,537
4,400,d,0.02025193765832649,0.020252766368815615,0.016400842632478353,0.011445988020410454,0.011442660081061078,0.13722178410937008,train,False,537
5,400,e,0.15207109965880677,0.15189630338662907,0.24380911492515825,0.14861755753691672,0.14728570683791273,0.3126457144888687,train,False,537
0,100,c,0.06834159285028475,0.0808616191033461,0.11081480541904952,0.1025812079226322,0.09745930570576711,0.5880281158961636,train,False,538
1,100,d,0.018239245562270405,0.018257159782724408,0.016147299534778666,0.005268642851496264,0.00526535481129903,0.00709011624348797,train,False,538
2,100,e,0.22321657892109287,0.21708525497414904,0.2553169389363468,0.14614919352835504,0.1563650438006651,0.28959893141540943,train,False,538
3,400,c,0.05228588976708089,0.058227605280907806,0.07979022464572069,0.04784319583305624,0.045057831594588225,0.696378390073767,train,False,538
4,400,d,0.029272752142891864,0.029268904296090362,0.010899520687342045,0.016775523454116304,0.016756999295250808,0.1425295908013317,train,False,538
5,400,e,0.18205800553342416,0.1820658164110592,0.27641112470112,0.16047330055559866,0.1604651363972762,0.2954213195191739,train,False,538
0,100,c,0.06419106723296088,0.0641881796387256,0.07045731953673866,0.05204699501540816,0.05204145641388465,0.7777943017623565,train,False,539
1,100,d,0.007180655139598947,0.007181841094231693,0.005552197816556887,0.011152890363784813,0.011153080675150466,0.08979339941350582,train,False,539
2,100,e,0.23592498470313253,0.233472207917928,0.3098718203333466,0.1274352930479396,0.13853438355660216,0.2902671650134662,train,False,539
3,400,c,0.06848397760773309,0.06850003595894344,0.08151499821018382,0.09810565014185371,0.09805776024809645,0.7570920860352811,train,False,539
4,400,d,0.005448117867386808,0.0054547801736071445,0.005795464711727974,0.005079514357315808,0.005073490988732487,0.040583122586796846,train,False,539
5,400,e,0.20498377583546684,0.20491735818262502,0.270494619712338,0.16698633904699908,0.16697818245449814,0.3133355237682151,train,False,539
0,100,c,0.16488025576222,0.16252783581168986,0.10598499914923541,-0.05367221787324723,-0.05380719270955815,0.3350612337142984,train,False,540
1,100,d,0.0019323260350187664,0.0019324033133918883,0.002667367599954611,0.0011190185969597267,0.0011187773158221326,0.013998788033413928,train,False,540
2,100,e,0.20563247559837664,0.20570328821626918,0.21405132257919765,0.09146006789533008,0.09146083416171738,0.27348577240025024,train,False,540
3,400,c,0.060506066555346905,0.058708375302660445,0.0748795690142123,0.02719877477071016,0.027931181086022362,0.6833810789570264,train,False,540
4,400,d,0.006980978219815574,0.006981716241194694,0.004181118294449679,0.012202681256725008,0.012201914664900162,0.026641655413235307,train,False,540
5,400,e,0.18313874102826258,0.18314097026540388,0.25504346838735686,0.1158026225225133,0.11578618531000238,0.3457200918601861,train,False,540
0,100,c,0.14861598540683307,0.14856098183419053,0.11374435910459675,0.20410893640915972,0.20412692916626823,1.0529774253723978,train,False,541
1,100,d,0.053171641477110294,0.053192071369755345,0.011406735993065473,0.025337457106924397,0.025332490520209864,0.14672181515658944,train,False,541
2,100,e,0.25293159534076076,0.2501347707164409,0.2586256168767459,0.07978301676536788,0.0795561480617245,0.3586911989520958,train,False,541
3,400,c,0.05678488366635068,0.05678062905292936,0.0724558168467285,0.020469927410706534,0.020458947762587557,0.5293788854393899,train,False,541
4,400,d,0.005240775362343056,0.005240775936750605,0.006190549087019315,0.0004123825252466773,0.00041204078369538877,0.042617176507401384,train,False,541
5,400,e,0.18789439900745414,0.18788643300629235,0.24158119809604223,0.1481010288050043,0.1480881339795271,0.3165577380573017,train,False,541
0,100,c,0.05067770665523971,0.051524433608640126,0.08241885189691013,0.036778370807750635,0.03666988781457171,0.40109908055959115,train,False,542
1,100,d,0.005066008027671819,0.0050660551467912,0.005457390947036841,-0.022736439163395107,-0.022736963994801195,-0.003198545123765317,train,False,542
2,100,e,0.22715434818022306,0.2271123442107151,0.27336013935234055,0.11401583469672065,0.11399534276826163,0.29293818561076024,train,False,542
3,400,c,0.06855218302610587,0.06855252709788931,0.0972701460670436,-0.015989399954240896,-0.015990091395409536,0.18937445770840328,train,False,542
4,400,d,0.010061791431974068,0.010017165581872958,0.00577322932527197,0.002818927374289544,0.0027957973177963956,0.027860086367647002,train,False,542
5,400,e,0.1635945864865398,0.16382669696489977,0.2751078240657208,0.1610848106291606,0.1611091460869296,0.301994038539881,train,False,542
0,100,c,0.05398179516872921,0.053950234307440816,0.06841865760399955,0.04927545838559446,0.04929113000338454,0.6851154424778068,train,False,543
1,100,d,0.00455930226099274,0.00455924000760073,0.005322542861749462,-0.03825678465925208,-0.03825740380160493,-0.027851632698273666,train,False,543
2,100,e,0.19286545823787776,0.19283189925892,0.2598411866439827,0.11182611937427414,0.11181542299479741,0.3997687255457455,train,False,543
3,400,c,0.05980872757501566,0.12251817268274631,0.08705958611512904,0.02944110095904847,0.0032841110652969976,1.1034094993353916,train,False,543
4,400,d,0.004354342888908155,0.004367742675933011,0.0047687002655392,0.0012478861241395655,0.0012416331050556196,0.013350066421549052,train,False,543
5,400,e,0.17604014203759288,0.17604508875005373,0.2705788232810955,0.17364989863081198,0.17364266093236808,0.33108199497699287,train,False,543
0,100,c,0.078715542727662,0.07872191870253467,0.06444002500765786,0.06423584129890827,0.06422989822518055,0.4398949096976977,train,False,544
1,100,d,0.006786264449001489,0.006785914693241449,0.007452673419206247,0.028649201423816956,0.028649197823516416,0.1493225824091082,train,False,544
2,100,e,0.20595171332920537,0.20716817306090743,0.3003508108214682,0.07848882896006977,0.07887241070056376,0.34101164091963815,train,False,544
3,400,c,0.05953044298465838,0.08075585260871286,0.08498047882562043,-0.005957789826851041,-0.012728585539371623,0.6674027788484128,train,False,544
4,400,d,0.005519864827448534,0.005520362095573823,0.005772453852773264,-0.016166956623196036,-0.016167388305871278,-0.015815271708265508,train,False,544
5,400,e,0.17074539822846407,0.17075994517361573,0.22190061251572046,0.12593852720089657,0.12593015602205776,0.3095765761767862,train,False,544
0,100,c,0.06451682048486232,0.06457779214157525,0.07929078327551088,-0.019985791324163102,-0.02055169569152504,0.9728786789035876,train,False,545
1,100,d,0.00365124639208935,0.003653382646086354,0.005397983819408385,-0.002372989708495865,-0.002373981262863474,0.006675839475879908,train,False,545
2,100,e,0.18845606700718917,0.18864686990884114,0.2860872043853233,0.12761486809905542,0.12760711527078442,0.3479566874415764,train,False,545
3,400,c,0.056150090176638294,0.0561477557010011,0.071057427527318,0.06155958228616768,0.061571380426436666,0.7468208381111375,train,False,545
4,400,d,0.005869143593690856,0.005869201416720506,0.0059879820375158144,-0.012702128851244563,-0.01270225462793503,0.07068271281385721,train,False,545
5,400,e,0.15288674346232037,0.15288528400861878,0.2334346353248127,0.16707619583033345,0.16707048667603427,0.33002043186112806,train,False,545
0,100,c,0.1417352647553457,0.14166266912921924,0.11536825406984252,-0.004610060721037002,-0.004606428689070583,0.6996229092713838,train,False,546
1,100,d,0.011284817474731383,0.011290188871926671,0.006625999661166168,0.004319306478714431,0.0043160827327970355,0.056756831605951436,train,False,546
2,100,e,0.17768668252955244,0.1831307707122347,0.19784028273429058,0.14149337478497695,0.142110253623455,0.4445280287787047,train,False,546
3,400,c,0.0603357750637894,0.060468005841643226,0.10631928930468268,0.0663003788798165,0.06621036672144406,0.3873764070336401,train,False,546
4,400,d,0.005768695259042061,0.005739178412456589,0.0062835373236838354,0.0010153205305528169,0.0009592982065551503,0.001111410369374095,train,False,546
5,400,e,0.16650132963895004,0.16650707483344104,0.2577027293984209,0.15797989823018768,0.15797230643197238,0.3257339526314456,train,False,546
0,100,c,0.062027289059602496,0.06202044068226957,0.07588087332570893,0.045451412923219435,0.04544166628863032,0.7262965893757622,train,False,547
1,100,d,0.004621212993469457,0.004621271706430493,0.004004857306736991,-0.025060600529693406,-0.02506080449240347,0.003229105016650298,train,False,547
2,100,e,0.19043888950037402,0.19045667295103105,0.3120543369318899,0.16928942990714213,0.16928898152946772,0.350241743514068,train,False,547
3,400,c,0.05292669263244283,0.053040412710072274,0.08375144530923233,0.044222301402732075,0.044216306339170335,0.9489717365655207,train,False,547
4,400,d,0.00813395082092504,0.0081429553909582,0.006160459919335472,0.011645042189401149,0.011639271521342476,0.05006637368351992,train,False,547
5,400,e,0.1973337626646303,0.1973306791199011,0.29717097007843735,0.18050854816936063,0.1805028006003919,0.3396527880685327,train,False,547
0,100,c,0.0677380491206056,0.06770799557396208,0.052908780887653835,-0.0743677386951923,-0.0743903977441385,0.48980506943622587,train,False,548
1,100,d,0.025652894581652607,0.02567090072985761,0.00632642773314429,0.023520911127276597,0.023516032511666653,0.052164225100580136,train,False,548
2,100,e,0.2701357548751234,0.29412530384690877,0.3024918208033216,0.09808259890616562,0.100554156725386,0.3889765809731094,train,False,548
3,400,c,0.05112403368011207,0.051017453969501955,0.07934662379819395,0.03266213360949763,0.03263837585799422,0.6544850380624534,train,False,548
4,400,d,0.005175660918262465,0.005175949749687004,0.005967096154603413,0.0018049964767514126,0.0018046661328302172,0.019923524608671153,train,False,548
5,400,e,0.18458100564756844,0.1845977497855072,0.28997725765212445,0.1611076533914155,0.16110035949876944,0.2941358520026231,train,False,548
0,100,c,0.08380191299386748,0.07899230121082285,0.11075271289377447,-0.0069044923497953905,-0.007683792218067467,0.8249938278757349,train,False,549
1,100,d,0.0057166039285076655,0.015909019043081424,0.004677431199465693,-0.01117640570770737,-0.01575786575773119,0.09377121959067881,train,False,549
2,100,e,0.27075090820533754,0.27076128359836743,0.25454066723562363,0.08882028457512445,0.08881331047893927,0.25125889369805543,train,False,549
3,400,c,0.07830914670343135,0.07833856229789941,0.0738696003372897,0.04035538387749796,0.040299777240576304,0.7994039952743919,train,False,549
4,400,d,0.005661691482699852,0.005661730646183056,0.007277334943485153,-0.011035055763510134,-0.011035237451021107,0.0464285139547535,train,False,549
5,400,e,0.1871759690097358,0.18718377526927077,0.29594069781524035,0.17808132146054098,0.17807208422279494,0.28625683336549806,train,False,549
0,100,c,0.06515014553389029,0.06512384566254503,0.11232793917330905,0.04607846571403542,0.046058147292203984,0.19930781863336933,train,False,550
1,100,d,0.003030419663956374,0.0030306066027206225,0.004000924722715082,-0.01099532287923342,-0.010995751452124693,0.030572065081962592,train,False,550
2,100,e,0.14196668775842033,0.11693676854872237,0.13287278822068535,0.10802761337029271,0.12015901862032753,0.28578695939024223,train,False,550
3,400,c,0.05555673949813835,0.05558032260295278,0.08543286899143779,0.04441104321672001,0.04434332308686699,0.6491527340718384,train,False,550
4,400,d,0.007872259189120873,0.007930446527573383,0.008679627524142901,0.016751253782156292,0.016740524169359682,0.022051306451912396,train,False,550
5,400,e,0.19429999356624303,0.19428939722152738,0.32479001636610394,0.16631626794685572,0.16631294186706364,0.3172572254663123,train,False,550
0,100,c,0.12311900939499294,0.12312593461072759,0.08074456824163692,0.15106381288024082,0.1510516760664274,0.8373836197142733,train,False,551
1,100,d,0.033379825080188545,0.03339169971954743,0.02732388478700392,0.022850113154189486,0.02284692581918513,0.07021088303608679,train,False,551
2,100,e,0.23121900069606174,0.23122016191918807,0.3215078037361769,0.1372583856594936,0.13725546225418137,0.3552031227217855,train,False,551
3,400,c,0.05472615650563016,0.05425291904496263,0.0690018637421432,0.005974286405409614,0.005812587350584338,0.4461534925492971,train,False,551
4,400,d,0.0047027420573194775,0.004702823386934069,0.004369150908024203,0.0054990841162381445,0.005498955247354935,0.03898759912462582,train,False,551
5,400,e,0.1870563162201095,0.1870419905709409,0.27503249160989374,0.1509231215586223,0.1509114426537439,0.32593259638709315,train,False,551
0,100,c,0.12042969392881009,0.1204364734212954,0.1420526764587675,0.1053819675574659,0.10537298221996558,0.4375305460644281,train,False,552
1,100,d,0.04705454063527673,0.047059365870057525,0.029311564679953814,-0.011631290423249877,-0.011635588508089541,0.18332209186431,train,False,552
2,100,e,0.19576108876351492,0.1957534958935121,0.19502876667041136,0.04166087648970251,0.041656974231404256,0.5820267109398882,train,False,552
3,400,c,0.053231584544227585,0.05323254697230476,0.07373587228680033,0.0464173930199015,0.04641285903138986,0.9217025818640957,train,False,552
4,400,d,0.006548065142139781,0.006548837747771179,0.007862275760737763,-0.005079492815717508,-0.0050800399125401265,0.015888774181198925,train,False,552
5,400,e,0.1949335172901275,0.19492514141826323,0.242131057431055,0.13994915735094335,0.1399378486040504,0.321989568932255,train,False,552
0,100,c,0.14150257140061018,0.14151437015390353,0.1395341914793101,-0.1100534659583218,-0.11007534909797116,0.9775078994174242,train,False,553
1,100,d,0.002995810413157234,0.0029959806417264494,0.00404185079412866,-0.006226072105890275,-0.006226374946376651,0.03860872840185028,train,False,553
2,100,e,0.1431776943255438,0.14301972337124413,0.2126169525455796,0.11698078680462022,0.11696753922377465,0.31289741650073843,train,False,553
3,400,c,0.06039241989365195,0.06044632613165458,0.09447048764638262,0.07896825867159776,0.07892459994550045,0.3968568766522991,train,False,553
4,400,d,0.0072212551877121785,0.007223936603608919,0.005950006045856806,0.012638356662442191,0.012637719240694362,0.15913940519825634,train,False,553
5,400,e,0.20121720949322072,0.2012211142960453,0.27130504559962043,0.16197001761874238,0.16195373165405666,0.3229224351711703,train,False,553
0,100,c,0.06909388902133404,0.1360101848203315,0.11599173424957175,0.07459827329535479,0.02323513104256314,0.8981770575850632,train,False,554
1,100,d,0.002903290513867799,0.002903338239610975,0.004187798861355369,-0.012201411997564833,-0.012201813487937195,0.052343874538411904,train,False,554
2,100,e,0.1639323294941142,0.1613330919896044,0.23306449015677214,0.12588790879147754,0.12582937166632502,0.25339988840307437,train,False,554
3,400,c,0.06284544069971713,0.06422154087291279,0.07457035255699904,0.10392906823005199,0.10336620635421447,0.5086012748853581,train,False,554
4,400,d,0.005074536137071924,0.0050637344382875845,0.005867423455858056,-0.0064005239944055605,-0.006409778418871426,0.08821780233955703,train,False,554
5,400,e,0.21463541173797876,0.21334528242311518,0.2990683024722588,0.1577208194232523,0.16431744284303762,0.31077348972211255,train,False,554
0,100,c,0.060279067548422514,0.06037919835088737,0.10525265592591568,0.08944398977431199,0.0894040396214318,0.7442382862175774,train,False,555
1,100,d,0.004450919401767539,0.004450907660129056,0.008582705915164242,-0.0023498782017316346,-0.0023499394667469177,0.04548057065006802,train,False,555
2,100,e,0.24165525036637273,0.2473446205970177,0.2549443426812497,0.148003776026489,0.1482261099646798,0.30945802030924385,train,False,555
3,400,c,0.05729631163292287,0.057354833354347816,0.08483426406398724,0.08825831864330361,0.08821086008070765,0.48456062813152345,train,False,555
4,400,d,0.015970362509224213,0.014180543849466078,0.006568812509168826,0.006567331381559818,0.006647089164144973,0.08443760918573677,train,False,555
5,400,e,0.1685240817102181,0.16904726697565212,0.2423535155896257,0.18237263048370508,0.18246861758249622,0.3606280644182175,train,False,555
0,100,c,0.06741677922008993,0.0674335024834135,0.09165609936846739,0.03944399588577184,0.03942002363406829,1.0668394106434034,train,False,556
1,100,d,0.0020657130252097343,0.0020657163418904374,0.0020998413699818887,-0.015462478208713045,-0.015462992281421109,-0.004465307947542581,train,False,556
2,100,e,0.1504514927076347,0.1504411049854466,0.17882654673388312,0.09300712588623672,0.0929948028436571,0.4105164319473117,train,False,556
3,400,c,0.07941308423135686,0.07825513337760538,0.11211984094505095,-0.03398419801585113,-0.0340332002292228,0.4436490585581893,train,False,556
4,400,d,0.009734772773181292,0.009736347387820102,0.012364826682886958,0.008186500962628606,0.00818603226942189,0.04186328658349499,train,False,556
5,400,e,0.18420148211598067,0.18420840153778525,0.27747058856081996,0.16705078589580283,0.16704376934931225,0.3153213432633488,train,False,556
0,100,c,0.0688761112261065,0.06887883070699177,0.09589683734663393,-0.06274287523174607,-0.06274499935783048,0.28822333603544825,train,False,557
1,100,d,0.005501748196421068,0.005501886451922746,0.004343516826302099,-0.011921007354563393,-0.011921346800965758,0.05029406330205207,train,False,557
2,100,e,0.154835287221368,0.15483849945934378,0.28466151890224883,0.12335316452871375,0.12334740723201826,0.33050934708619634,train,False,557
3,400,c,0.059248491531333734,0.051521560616989544,0.06308997919881765,0.04058495126054296,0.04277460083976436,0.6322542614829691,train,False,557
4,400,d,0.004229883113449101,0.004257558863674456,0.005272400206616801,-0.0019046491991466753,-0.0019176452328854765,0.06836468626455627,train,False,557
5,400,e,0.17864222701276652,0.17863982895425004,0.2663375415714484,0.12495714571049867,0.12493956722147238,0.34489069840226316,train,False,557
0,100,c,0.09638121023220034,0.09638179767825082,0.13527006681547338,-0.08052261473106334,-0.08052357254621427,0.056595238773374065,train,False,558
1,100,d,0.040807203925591534,0.04080730467355341,0.03377304088674795,-0.011850303322829792,-0.011852200496555056,0.08674004205639207,train,False,558
2,100,e,0.19172087450149478,0.19171493596145928,0.29846382464703675,0.1552214503511602,0.15521836619838347,0.2903387289591337,train,False,558
3,400,c,0.1059228767218289,0.056794487775673454,0.07484689667279901,0.0001468557471691412,0.015660750141017702,0.1762711300173764,train,False,558
4,400,d,0.007366141630549111,0.007375542959907871,0.006358620795156334,0.008066507220443917,0.008064334054796785,0.028484274822873096,train,False,558
5,400,e,0.19014353145979224,0.19001963914566716,0.26111039704935524,0.14777584325777268,0.14774732368992788,0.3282304500577348,train,False,558
0,100,c,0.05316025446547126,0.0531585167206453,0.09749558181472472,0.056446095692895715,0.05643981321034318,0.9509808441467186,train,False,559
1,100,d,0.003434795404635112,0.0034348420063920575,0.004098925515414079,-0.01785917956752126,-0.01785965548733646,-0.010705940310793664,train,False,559
2,100,e,0.16459168718304923,0.16459553544522387,0.2729542055709356,0.07948355668112488,0.07947970077213494,0.4177533467152859,train,False,559
3,400,c,0.05731527555228657,0.057286006926543245,0.09621313778539348,0.036187306954173125,0.036166794472019814,0.47875045125414045,train,False,559
4,400,d,0.015350651635316652,0.01536078240145337,0.012575505070922931,0.0006449021517097364,0.0006434476665263844,0.05369363055013984,train,False,559
5,400,e,0.150699171278024,0.15069826940352485,0.21595416071234305,0.14928551706039955,0.14927839736899168,0.29422318491812266,train,False,559
0,100,c,0.06264966807888146,0.0626560815567504,0.051058878409890394,0.022613578396965865,0.02260173097406799,0.8864289528914499,train,False,560
1,100,d,0.005982752897773318,0.005981575977670203,0.005411878857230996,0.005164936580666932,0.005165052014431115,0.1074156091177915,train,False,560
2,100,e,0.16072998350018874,0.15618096754183805,0.1740256415316559,0.06279878489081185,0.06497866019707253,0.49459769956865457,train,False,560
3,400,c,0.1105330411433944,0.1038938843955598,0.12086434052395861,0.025695105787474193,0.01864313965130087,1.1357897174034586,train,False,560
4,400,d,0.007058151613305315,0.007060691435711062,0.006243737290102108,0.015507489694541441,0.015507392213429939,0.02510169908671399,train,False,560
5,400,e,0.17646202751421053,0.1764728495334538,0.24133857089141653,0.1652886036223719,0.16527004986364857,0.31326959932103027,train,False,560
0,100,c,0.06951098436679375,0.06926128782117658,0.09722895291437145,-0.07560210661568299,-0.07568190578648967,0.05398560201672318,train,False,561
1,100,d,0.00771857771991277,0.007718652874384755,0.009765478812973618,-0.011055336742125839,-0.011055508061657395,0.0010255600291364253,train,False,561
2,100,e,0.12566711845468764,0.12566433614532072,0.21260665690348957,0.12285217236553962,0.12284584132741187,0.3415052693018652,train,False,561
3,400,c,0.05985228196859027,0.05990367609682532,0.09697412632805374,0.03351101884726596,0.03345435371772794,0.4923328117247685,train,False,561
4,400,d,0.006259346985221081,0.00627873467375315,0.007017797766632913,0.010616520101562728,0.010602189374767956,0.15057668231556876,train,False,561
5,400,e,0.18521778144468093,0.1851974398822486,0.2761126982793948,0.16860441640101953,0.16860440142426236,0.31493932611691017,train,False,561
0,100,c,0.06011352518054035,0.0601158543191681,0.08208686646651107,-0.09765753198333663,-0.09766010115898709,0.5325619677397228,train,False,562
1,100,d,0.009817864409212259,0.009816161295851465,0.009442617897490867,0.011925172692524058,0.01191932421744374,0.027933810027944705,train,False,562
2,100,e,0.2468791934172858,0.2434646790791506,0.34118873073353945,0.13175978415198258,0.13489542870580884,0.26271228019808085,train,False,562
3,400,c,0.055931365751137836,0.055404473467642,0.07770020484211225,0.018086788946681195,0.01763260312472518,0.7537897391845766,train,False,562
4,400,d,0.004269054956459558,0.004274276853884893,0.004821006295755159,0.0016638128832377674,0.0016571011662751545,0.015624573713015124,train,False,562
5,400,e,0.18350677122799358,0.18353774762125252,0.2775744656901059,0.15806550289939522,0.1580580456283677,0.3060772683519605,train,False,562
0,100,c,0.0613647888381219,0.05964766300108308,0.07415222983720837,-0.05194390529837769,-0.0536227221259221,0.8412753105148506,train,False,563
1,100,d,0.02026357683446762,0.02026484139650959,0.008035381817201556,0.037906373891646174,0.037906009420076416,0.15292150177419855,train,False,563
2,100,e,0.14214068900029575,0.1421498856194101,0.2316094328385496,0.15291003397723274,0.15290317678083384,0.33722682402671444,train,False,563
3,400,c,0.08737104205370295,0.08741520543281509,0.0887641404233451,0.0264907667109388,0.026482492649141137,1.4610487813805286,train,False,563
4,400,d,0.005173250756649614,0.0048791764039584394,0.005906444674244541,0.0021072303158692664,0.00228282851969178,0.02432284520223165,train,False,563
5,400,e,0.17022530855087348,0.17295153602759533,0.25742699023656296,0.16377179946168297,0.162870731519946,0.326236803757114,train,False,563
0,100,c,0.13727616642871815,0.2921067966065619,0.12028694472673326,0.23923892856448326,0.1795375184847652,0.9663512655606529,train,False,564
1,100,d,0.007013731924151646,0.0070138188382355415,0.0068454085239911915,-0.011088905935668495,-0.011089090162388793,0.040467584482369465,train,False,564
2,100,e,0.18429233992899102,0.18761564227860447,0.26075854639190965,0.15036100030802665,0.15680523341241867,0.252402827196995,train,False,564
3,400,c,0.06377985284906869,0.06313616790662446,0.08763148519919481,0.0917522624357818,0.09164184465261428,0.4498148295876968,train,False,564
4,400,d,0.006772292589285619,0.006757052984581867,0.006596241534486394,0.009871927711353336,0.009870757445053294,0.17644688730218278,train,False,564
5,400,e,0.16704632168195055,0.1670603850887014,0.2904876422615435,0.16826541951956764,0.16826203731307132,0.324671840459633,train,False,564
0,100,c,0.04512738413351491,0.045296757564601116,0.07567507121684686,-0.017569230765827584,-0.017605239850622567,0.6071782915643361,train,False,565
1,100,d,0.05755042289167078,0.05755926354967166,0.01404225697695534,0.0029650201485389794,0.0029626034051185714,0.04308374061813133,train,False,565
2,100,e,0.31325194356116265,0.31326132633440357,0.2974046671235946,0.06947805528521041,0.06947037799425498,0.2937263872900481,train,False,565
3,400,c,0.06721363912566043,0.0672316373836429,0.09366176996773859,0.027092403120324064,0.027086420647991362,0.5108502401735829,train,False,565
4,400,d,0.004838666031682568,0.005581600599160194,0.005347750172717211,-0.01311105576374329,-0.013391833404160405,0.05210872165356415,train,False,565
5,400,e,0.13608702330392755,0.13490269460070548,0.20263632821492597,0.12604804336821548,0.12639455552705758,0.3204692892844193,train,False,565
0,100,c,0.06716450554592499,0.17351513328482746,0.1305507042087124,0.11309018036542084,0.03495504394489061,0.7052073760113476,train,False,566
1,100,d,0.009668796057523708,0.009668972825584408,0.012065997780496574,0.015107727715030422,0.015107468299190768,0.11065756007275333,train,False,566
2,100,e,0.17564691979193658,0.17561683581794174,0.24642053228149396,0.15864284957586022,0.15864856489153503,0.505325262129661,train,False,566
3,400,c,0.0686874057204844,0.0687197195415576,0.07898756686314055,0.06955216264389158,0.06952764184502705,0.5959095021120677,train,False,566
4,400,d,0.015347215765306335,0.015342627502521194,0.016265496617650164,0.007176578184752174,0.007170462005635869,0.1693749745721549,train,False,566
5,400,e,0.20153987685121347,0.20153248939129473,0.3057771910711033,0.14804067076873564,0.1480394708662069,0.3510194647828067,train,False,566
0,100,c,0.06280678751832226,0.06284752548583532,0.102779134168692,0.060084165916523775,0.06006424023605078,0.8441968409417303,train,False,567
1,100,d,0.007842140135753491,0.007843294334183137,0.004174364564658497,0.029045861047095604,0.0290446882604083,0.14734354330703717,train,False,567
2,100,e,0.19267118507023473,0.1926644034344557,0.33179262984604235,0.13397741164918017,0.13397601012613364,0.3281509732343978,train,False,567
3,400,c,0.07098754594197332,0.07093079960707913,0.09652202393248872,0.05983143300393131,0.059831530975848535,0.6010843092940078,train,False,567
4,400,d,0.007991081949729827,0.008000467389954368,0.008521535415553255,0.030562393780694884,0.030554995737818464,0.255023374776937,train,False,567
5,400,e,0.24100058721039144,0.24099321582414146,0.323639196711254,0.15610021101607027,0.1560950924067512,0.27313542457552287,train,False,567
0,100,c,0.06430919220512768,0.06423807033412454,0.08115584983381846,-0.062008067170047955,-0.06199638628458047,0.4604073078626037,train,False,568
1,100,d,0.006252796020686521,0.0062535210756906,0.004541378580315714,0.005398871912270149,0.00539844775125367,0.04324305611120167,train,False,568
2,100,e,0.1995786921114585,0.19974453784143573,0.2301856163329391,0.09803131627223138,0.09800768334430351,0.2862595295103641,train,False,568
3,400,c,0.07678933666384936,0.07667702053086228,0.09999790523923709,0.05499997183387066,0.05499085793323346,1.116562585647368,train,False,568
4,400,d,0.005233619690722711,0.005245554380332201,0.004639803189650399,-0.0022369564311356706,-0.002245232157204402,0.05568599685203516,train,False,568
5,400,e,0.18563790500750407,0.18561626999473954,0.2685693444513657,0.1529564913412924,0.1529447959451835,0.3288432824712114,train,False,568
0,100,c,0.054179144412820957,0.05418032984552532,0.12078334119203317,0.020939440355831066,0.020935382097786927,0.7447516012378378,train,False,569
1,100,d,0.003908949439991974,0.003906331270734575,0.0029455278262300764,0.01003045353860882,0.010028465562835915,0.03186094180912614,train,False,569
2,100,e,0.20636760531841325,0.20693230661357137,0.3954106868427858,0.13769705893706508,0.1457784316080628,0.2998268061199054,train,False,569
3,400,c,0.06255142015982322,0.06982008528271842,0.10554668080683932,-0.016797024628143833,-0.016199137438050216,0.6387616643147029,train,False,569
4,400,d,0.004350088515201957,0.004443307141663682,0.004098549351210658,0.0004762234612889316,0.0004594456451536289,0.030031309106501675,train,False,569
5,400,e,0.17193122570543318,0.1718872785944136,0.26956447128879485,0.15151785069471452,0.15150194981280862,0.32390054313333666,train,False,569
0,100,c,0.15225684277965168,0.1522203386373228,0.08620506974769078,0.05220323825993006,0.052180358662754146,0.8996889625979706,train,False,570
1,100,d,0.004024115260250599,0.004023794422814925,0.0037376227255170188,0.00539476627614917,0.005395111075690799,0.14700859136659042,train,False,570
2,100,e,0.19710508251016734,0.19747576057817828,0.29850644936255977,0.16562695073380412,0.1660741883973869,0.5340555569954207,train,False,570
3,400,c,0.06714097390082495,0.06677376416025592,0.08010857541954054,-0.028970818160194582,-0.029006201002329136,0.5221877680731789,train,False,570
4,400,d,0.0061118965771911815,0.006111936437331292,0.007373877129351919,-0.012238026827233402,-0.012238406644197326,-0.008371214126479832,train,False,570
5,400,e,0.17248766427591256,0.1724897332586528,0.19331596661838538,0.11542849132100681,0.11541820922537116,0.32469427769371023,train,False,570
0,100,c,0.07467657141407359,0.07467391390609086,0.09290299104235152,-0.056618749639848004,-0.05661903535810978,0.6390223912319141,train,False,571
1,100,d,0.007203185106588337,0.007203341693026108,0.0073485947992382485,0.0002056615312276655,0.00020541486582429158,0.07257522436374535,train,False,571
2,100,e,0.21986236752602875,0.21986944530945568,0.2686867417450986,0.14090375775723538,0.14089554036288227,0.310416554306258,train,False,571
3,400,c,0.08539658824951742,0.07293251721385247,0.09559495599768798,0.07011288743655762,0.07160569210755903,0.3564791697613368,train,False,571
4,400,d,0.007661361737447803,0.007661358172636581,0.007019301301132385,-0.008642386265697617,-0.008642403248729646,0.0645538337191638,train,False,571
5,400,e,0.2044454873529131,0.20494462994903934,0.3134862467462072,0.15473031109814436,0.1547763987663707,0.30707065565615727,train,False,571
0,100,c,0.12099623853505813,0.12099884038393782,0.10586813859578097,0.15440908171435289,0.15439450623362894,0.80116384584039,train,False,572
1,100,d,0.009091387417095993,0.009091575579733944,0.008829946941327523,-0.005949503819339039,-0.005949785455822596,0.12824161838222595,train,False,572
2,100,e,0.1992683030864991,0.2175745297530077,0.24122906884170853,0.14223791244506986,0.14342481766538823,0.30878797796833085,train,False,572
3,400,c,0.0536941674333442,0.05369315111645907,0.08775671265149373,0.02289510753154154,0.022894804100942637,0.4720761149342074,train,False,572
4,400,d,0.006185889918547526,0.0061859620774882265,0.00764320848885985,0.00595028862773992,0.005949898416263153,0.05190477994324965,train,False,572
5,400,e,0.1853381333772712,0.18533219012984073,0.2174677373148479,0.13798370873214605,0.13797610967323126,0.3157023131300381,train,False,572
0,100,c,0.13658601551889527,0.13662048891780454,0.11667426591055088,0.1328038467390585,0.1327431035938222,0.9650350986063821,train,False,573
1,100,d,0.00793422161624437,0.007934371601010466,0.005822900268601222,-0.020136281511464186,-0.020136491947375587,0.004959599889557111,train,False,573
2,100,e,0.2057262432333026,0.20663863868042792,0.2833665644775973,0.17338055381148557,0.17339460151175579,0.322366634085157,train,False,573
3,400,c,0.06306069435566312,0.06308279368784973,0.08085604340622861,0.05761275977666259,0.057571548338038736,0.5745514833138483,train,False,573
4,400,d,0.018017810087221958,0.018027571966951178,0.0068866068874755375,0.008695510229617422,0.008694068771280481,0.02585455166023696,train,False,573
5,400,e,0.20907007772364355,0.2090718858113204,0.24721565344008745,0.1436520608509844,0.14364304110354875,0.2890664090286377,train,False,573
0,100,c,0.06679974347039169,0.06605677613203081,0.07472445640739689,-0.05111400223334783,-0.05114630396287112,0.3080528377128032,train,False,574
1,100,d,0.007844944891589,0.007845291658653867,0.010063536260718684,0.013255911750227334,0.013255643676164653,0.054416176209114014,train,False,574
2,100,e,0.18330920274027027,0.18331405814901114,0.17571820111646566,0.11694990414045585,0.1169369687293591,0.3115624422049864,train,False,574
3,400,c,0.058444351715216565,0.058441844165783706,0.06107503059536389,0.016754632728295676,0.016749789695998912,0.7286568417068188,train,False,574
4,400,d,0.006308514378828699,0.006318069719627176,0.004918372452831097,-0.004741784741407021,-0.004744422327277622,0.05300524856463671,train,False,574
5,400,e,0.20661981651603922,0.20666715721012502,0.26401516218361815,0.13151759158439416,0.1315018952658853,0.2833536600297137,train,False,574
0,100,c,0.07932924281631609,0.07930984261407677,0.059113078115954905,0.11166673278753038,0.11170287246420728,0.9237620504737465,train,False,575
1,100,d,0.028563087512145553,0.028556909297928548,0.01366563624953119,-0.003781783420690328,-0.003780999047407825,0.06975863813567455,train,False,575
2,100,e,0.2134157880754633,0.22931201704378748,0.3728722402534631,0.1674043953182883,0.19175951929695242,0.2799787612715345,train,False,575
3,400,c,0.06137040175392446,0.06140354595891589,0.08769028976414224,0.05387256502591257,0.05383767853258199,0.7985338320783006,train,False,575
4,400,d,0.0073043760756531404,0.02958611170394151,0.0091013118315254,0.024209945022928725,0.0189567434118681,0.11549014177045754,train,False,575
5,400,e,0.20406627828861956,0.20407524063829446,0.2883365384502773,0.15774736700528352,0.15774002701032244,0.3371743673806818,train,False,575
0,100,c,0.05650287615968839,0.056502692089007586,0.081357379348785,0.00950100449962342,0.00949744590080421,0.5560588740800511,train,False,576
1,100,d,0.008781792586046108,0.008782142907079833,0.008959169119872734,-0.00028194878473760456,-0.00028215538106399766,0.036632276921144145,train,False,576
2,100,e,0.1582007901562748,0.15819941389434505,0.21135835613649415,0.12447567269899583,0.12446932860541562,0.32976012987731484,train,False,576
3,400,c,0.060274138819310104,0.060264505417070256,0.07389192232821343,-0.010688750119894338,-0.010700993000372208,0.38372618205129855,train,False,576
4,400,d,0.004354806673445143,0.00435478114902416,0.00437229613731028,-0.005062203718220033,-0.00506226932889696,0.08996878557599737,train,False,576
5,400,e,0.19420084147426672,0.19442365003173612,0.2966980221009681,0.15530555949459385,0.15468399915788106,0.35458647286265566,train,False,576
0,100,c,0.05729843625594227,0.05728489482000393,0.0912765222356442,-0.02844714944732317,-0.028456150599837925,0.6628901965694289,train,False,577
1,100,d,0.011034720765464284,0.0110349166583297,0.006660638366130805,-0.027783291460774608,-0.027783372781858908,0.08757225010325302,train,False,577
2,100,e,0.21972795908392587,0.2219583653547538,0.3436253781012643,0.16121441494135744,0.16130249494470802,0.3187049817205449,train,False,577
3,400,c,0.05124170611552817,0.051241825121035915,0.0746509298130464,0.04024444443984592,0.040241945034030384,0.7368895081651317,train,False,577
4,400,d,0.003911504554945544,0.003911343566570231,0.004055775095068408,-0.01013995866926292,-0.010140058110173858,0.006389866802112003,train,False,577
5,400,e,0.15725283232235948,0.156745974019349,0.22519791010917242,0.14278712853916,0.14267312045952163,0.3497716110632051,train,False,577
0,100,c,0.06172620856368707,0.06172656934023268,0.04282338485426837,0.11744641516976202,0.11744706157036205,0.7524673510545951,train,False,578
1,100,d,0.003546217315986211,0.0035460316638716606,0.00312195159509969,-0.011707981754631813,-0.011708563242404768,-0.0057100629148025385,train,False,578
2,100,e,0.19287870075966368,0.1933766772394253,0.18765293907269734,0.08376563354114183,0.10242055120370885,0.32324101617466355,train,False,578
3,400,c,0.05300428458580666,0.05280490695930985,0.07186469254240734,0.03471339341050204,0.0345095678553799,0.6366996322487128,train,False,578
4,400,d,0.0058740955519706265,0.005874160085970748,0.005086220539757575,0.013907647366841261,0.013907581357131136,0.0359192287463975,train,False,578
5,400,e,0.19300488182901002,0.193020107321948,0.3069490485271574,0.15089377090887213,0.15089092439105756,0.4157844820656682,train,False,578
0,100,c,0.06917478396910162,0.06891371907373743,0.08718616747197995,-0.0405372546466409,-0.04055399111610257,0.1443076776062692,train,False,579
1,100,d,0.0061039419162432565,0.0061037288707978775,0.007057808795168586,0.004134496049476742,0.004133970643881355,0.059708394544507576,train,False,579
2,100,e,0.2644644660782657,0.2644592306937487,0.32534456446739923,0.12542180039085557,0.12541560893381196,0.3114250168057596,train,False,579
3,400,c,0.054993180511299776,0.05499564145818994,0.0769694992768316,0.016176387224234787,0.016175821768666197,0.4433196858426986,train,False,579
4,400,d,0.005644083296973643,0.013939407450441678,0.008007721235089204,-0.006710649009925955,-0.012012537001818426,-0.004875133727694134,train,False,579
5,400,e,0.18328905890723743,0.1856577992572079,0.2643826146177047,0.15872431955914387,0.15853588465653815,0.31813803353444037,train,False,579
0,100,c,0.05549695555414714,0.05540374329608043,0.06743231500539439,-0.017568594848212698,-0.017571145077543874,0.21468198158986937,train,False,580
1,100,d,0.009258027492828756,0.009258209143166775,0.013910076746802938,-0.017490283223343825,-0.017490938532796995,0.06634891380363792,train,False,580
2,100,e,0.2625727165686536,0.262470111214136,0.2988093557185974,0.11816659939436963,0.11816580425181218,0.2971998144179413,train,False,580
3,400,c,0.06311991837516213,0.0632523396383482,0.09161543419583527,0.07247855324038675,0.0724189473028401,0.24339570115141668,train,False,580
4,400,d,0.012787905383648004,0.012789413435075397,0.014627022546813355,-0.0021406659035012156,-0.002140848864013094,0.0009932551162618885,train,False,580
5,400,e,0.2195593402957316,0.219574857534045,0.2724820414704931,0.1790481808221595,0.1790431538285881,0.32889560314931265,train,False,580
0,100,c,0.07139051226262011,0.07138576606960306,0.07501186409708609,0.014238648565877697,0.014230494442778721,0.18228158972056968,train,False,581
1,100,d,0.008277593051620617,0.008279308741380172,0.004856028528430384,0.012913004094648085,0.012912434008717338,0.03354051177822612,train,False,581
2,100,e,0.17819845309993695,0.1782095665922716,0.22905174546425677,0.1465763124869342,0.14656856879692995,0.30840585768365436,train,False,581
3,400,c,0.0581141789682897,0.05846958716815405,0.0800357306015604,0.07317222364909803,0.07313811735921263,0.42495808509705996,train,False,581
4,400,d,0.008321743830966124,0.008342335592780543,0.008643718321206285,0.0015187814017781776,0.0015088912921789267,0.07718681295858679,train,False,581
5,400,e,0.1872873712862235,0.18728682195832266,0.23637085716536388,0.1589981337114144,0.15899151039960666,0.3190490243740189,train,False,581
0,100,c,0.08645018093296071,0.08646384204063808,0.1201545642202359,0.07271393358595432,0.07269845020329363,0.4723836870094857,train,False,582
1,100,d,0.0036052736079166614,0.003611818201529124,0.005513638421081835,-0.021006721557051727,-0.021009802224965936,0.015015260352913522,train,False,582
2,100,e,0.15660523513016492,0.1568863028035854,0.22246826445944484,0.15094889373567832,0.15093991640214965,0.3492131668767015,train,False,582
3,400,c,0.05945165946543252,0.059443698856020834,0.0997594455771903,-0.03636927236548587,-0.03637279634604461,0.34625902047692536,train,False,582
4,400,d,0.011397810266816992,0.011391501902213816,0.009153591824235398,-0.0060765887200540545,-0.006074775139211255,0.0964048379877579,train,False,582
5,400,e,0.20730253329713427,0.20729719294217497,0.2515888633884323,0.11310876696985755,0.11309871691707744,0.3244713282475564,train,False,582
0,100,c,0.06028234326896502,0.060305931485499814,0.0656085172603315,0.041087216520838014,0.04106893499702899,0.786981614628818,train,False,583
1,100,d,0.007668046365614096,0.007667552884557371,0.0075211980217695885,0.00291132082954686,0.0029100224631971906,0.02252905878919158,train,False,583
2,100,e,0.22021926049332902,0.22022349717181677,0.287502144278015,0.12640824940854592,0.12640369325556614,0.450473285701323,train,False,583
3,400,c,0.06394970586875824,0.06448466315438686,0.09865196993483448,0.044656559937407185,0.04386015503586556,0.7585956300345574,train,False,583
4,400,d,0.005444411371633547,0.005415508498463561,0.006398871827110893,0.004582972154453202,0.004574994481174741,0.05659998682901765,train,False,583
5,400,e,0.17412505125062508,0.17413023538723316,0.24169875553048975,0.15545625815212938,0.1554471517932471,0.3037550447081669,train,False,583
0,100,c,0.11953094836516671,0.11952216916534336,0.08058071548625044,0.1355274676096569,0.13551442440478753,0.765922694447584,train,False,584
1,100,d,0.014319213222118671,0.01437057700998484,0.008635278631454486,0.01402228909647235,0.014008940852686518,0.05999897987997496,train,False,584
2,100,e,0.22760162499186573,0.22757780132543895,0.3663498868375501,0.18048191066906583,0.18047118334251436,0.30520991608527254,train,False,584
3,400,c,0.054687309989015914,0.05466510784020255,0.07432713224641257,0.034550984491033464,0.034549997840029364,0.4059111360588982,train,False,584
4,400,d,0.014406982306093757,0.014543380491077878,0.016810429276653056,-0.012751004250837354,-0.012796103631231457,0.038794679664209186,train,False,584
5,400,e,0.18119251363791392,0.18119552625837063,0.3001701726805028,0.14202242961211417,0.1420199002498511,0.35400221083434485,train,False,584
0,100,c,0.09801830092672058,0.09801774613497632,0.11236659084206752,0.08588423556686081,0.08587561535485363,0.5338657129008811,train,False,585
1,100,d,0.0126280467246109,0.012646432385141506,0.011793607011289522,0.015918779354574558,0.01591729990274027,0.05035769132108378,train,False,585
2,100,e,0.18831436974141802,0.1883086282176729,0.24607505165387103,0.12795633655362224,0.1279499573615344,0.245677694616953,train,False,585
3,400,c,0.05965741824607724,0.059533216273605666,0.08370988836166045,0.06454146423343161,0.06455794231615598,0.5783768701719919,train,False,585
4,400,d,0.0052845267861634584,0.0052847041058746,0.006250917518905009,0.011192834572304342,0.011192621564989161,0.1207865502100984,train,False,585
5,400,e,0.16377466278778452,0.16904054335361557,0.2617314183779853,0.17391191215557328,0.17719101672296775,0.30504838140020896,train,False,585
0,100,c,0.06534186182804964,0.0653491869149844,0.07198509201487169,0.028566477825849076,0.028561937314807013,0.6295780402523319,train,False,586
1,100,d,0.007602283547156336,0.007605569856490264,0.010228933616677451,0.016877329441502484,0.016875191051116793,0.0334177594516629,train,False,586
2,100,e,0.25080613646419814,0.25080520456014177,0.3340881861560126,0.13626968556750982,0.1362633981739858,0.279275038159311,train,False,586
3,400,c,0.05333176033589757,0.05342183817720752,0.09024801415443214,0.053187247059954645,0.05312332445584168,0.3209279304677646,train,False,586
4,400,d,0.006001988651925348,0.012787590369056205,0.006659015055776679,0.0006160909133831539,-0.004784747941031267,0.07684196366145825,train,False,586
5,400,e,0.19594515047823952,0.19600705273209706,0.23413763399668336,0.14108006676868265,0.14106215434738978,0.3188708733728274,train,False,586
0,100,c,0.06814382312020789,0.06814338240101067,0.1051913065924672,0.0691977595841098,0.06919527980036357,0.3609497346745201,train,False,587
1,100,d,0.007569038140087625,0.007570941890139606,0.009166890838832799,-0.010342276274817123,-0.010343110501990882,0.022036057387636223,train,False,587
2,100,e,0.20552516654089112,0.2244707459646586,0.23002991710647402,0.0779750166471003,0.08018062314925142,0.45686091521626837,train,False,587
3,400,c,0.05912803338902519,0.06513743069384434,0.08271497275245684,0.051916443964626996,0.04986676173953519,0.47571675016000303,train,False,587
4,400,d,0.00980589878784592,0.009814845920523984,0.00763121206061978,-0.007332975183267116,-0.007335193449499755,0.006758870840314763,train,False,587
5,400,e,0.18263086494918315,0.18000667434930168,0.2453812624716714,0.16370134293552427,0.16337839901008167,0.3212503904884342,train,False,587
0,100,c,0.06458463810354882,0.06458118462787726,0.06480705162701249,0.048306304770451974,0.04829815224328272,0.29713474206585266,train,False,588
1,100,d,0.011871168564966884,0.01187454256592404,0.008622255039839136,0.01286903770160656,0.01286827430558823,0.08403133599556765,train,False,588
2,100,e,0.2979588774259312,0.2983018553744823,0.32323820531158903,0.15821869635496605,0.1582048326785362,0.3246865978601623,train,False,588
3,400,c,0.05160620553088763,0.05165495611049455,0.08255966657107777,0.043549241800011775,0.04350731340781465,0.6497476321277418,train,False,588
4,400,d,0.005763370098968826,0.010895314795271935,0.009115431537623571,-0.00032234038725714953,-0.0030764344419888447,0.023293005488274243,train,False,588
5,400,e,0.208166677685654,0.20817517317479056,0.342385971312045,0.1866168342038184,0.18660838607641336,0.2962038636042881,train,False,588
0,100,c,0.056128187520162263,0.05611711247564923,0.07296416523211924,0.05189402753965872,0.05188547828285344,0.7640868703648619,train,False,589
1,100,d,0.0058136380955568214,0.005814468034237766,0.008180782916758498,-0.01423788852140433,-0.014238480632158356,0.019681306784454157,train,False,589
2,100,e,0.13272057714389557,0.13271949345530212,0.2535532238837947,0.12802924658128956,0.12803052366945,0.36718716874365526,train,False,589
3,400,c,0.055170703517567546,0.05514492901913364,0.06863319864464962,0.03335066981651764,0.03327506412740071,0.40426180421589464,train,False,589
4,400,d,0.006353081322432031,0.00635435281597495,0.004511098770120936,0.019150692917468,0.019150044999516763,0.05120813041845945,train,False,589
5,400,e,0.18341622730822518,0.1828588861787,0.24817780009500848,0.1596861412596548,0.1593757098926369,0.3349786945013929,train,False,589
0,100,c,0.06733909745923225,0.06733887276384923,0.07709748348554159,-0.1094022356169151,-0.10940524040573386,0.251572544649728,train,False,590
1,100,d,0.010303029734508022,0.010301010695504906,0.00727071736768395,0.0005829018898605654,0.000581009929403038,0.06621779712889252,train,False,590
2,100,e,0.15465918110814506,0.1546511140461905,0.2399682672472488,0.11567786187270873,0.11566883338499703,0.3473188171540741,train,False,590
3,400,c,0.07373015100339264,0.1157536604751889,0.10198188093599776,0.05759168649287702,0.029921753091025707,0.7998153948858538,train,False,590
4,400,d,0.006266568047530685,0.006266655790890088,0.007008324561782306,0.009122905851737145,0.009122950339110042,0.11335317770215013,train,False,590
5,400,e,0.20528679596392788,0.20526400652260726,0.34699141696202157,0.1699878674804635,0.1699678572224196,0.3177710205467609,train,False,590
0,100,c,0.15444614844868595,0.14210284150662444,0.1497768838900863,0.1037997919454071,0.10681706451409781,0.9718372582602025,train,False,591
1,100,d,0.010945568514933644,0.010947327054090602,0.010424707022313608,0.01625465046500647,0.01625434848362298,0.01762411822712714,train,False,591
2,100,e,0.2085584566589003,0.21917505782601843,0.291242816659533,0.08249080647900237,0.08455451178171003,0.3408987575230018,train,False,591
3,400,c,0.06138196468084799,0.06138078416118969,0.07083397190791596,0.10102489073580145,0.10102732291211339,0.4101367689238139,train,False,591
4,400,d,0.010585410255436918,0.010588871717444938,0.0108299531207592,-0.0039101427383415556,-0.003911285889068879,0.0701722855769288,train,False,591
5,400,e,0.16705848219985817,0.17904041454440403,0.25429592612398133,0.17757956439690817,0.17610579268745752,0.5152321732632441,train,False,591
0,100,c,0.07210935290022713,0.08885212946292365,0.1037645817211202,-0.0005906166927072576,-0.0069608345151629435,0.6019558756624878,train,False,592
1,100,d,0.004390594111427588,0.004390619362046785,0.0043621110613340916,-0.023433456155595885,-0.023433933966218953,-0.022899393409899105,train,False,592
2,100,e,0.21666530516524216,0.22209428225204939,0.38335383248784743,0.13123289205371708,0.1343595761345698,0.2501972638733037,train,False,592
3,400,c,0.1063909450032573,0.10646059716997916,0.09125960369188169,0.07794727768063119,0.0779136797080428,0.249574781652353,train,False,592
4,400,d,0.0048562088538530645,0.004856292181731094,0.006289060502917781,-0.006361378912983646,-0.006361602809686122,0.03806503982225054,train,False,592
5,400,e,0.20424051461455128,0.20418603943967317,0.24545447287046207,0.13229331267567035,0.13226558953260364,0.3226932159629149,train,False,592
0,100,c,0.0813575326949619,0.05764520894075208,0.1091437210077054,0.08978769262344073,0.09139860528639744,0.5405074149075741,train,False,593
1,100,d,0.028834959667892294,0.0288544349669536,0.00423600579461708,0.009312401134099098,0.009310373175378554,0.18329684109561398,train,False,593
2,100,e,0.23680538627721043,0.2371902486925171,0.23718509985731603,0.09917799669298127,0.09917095261262475,0.2997732620546647,train,False,593
3,400,c,0.05833329306824015,0.058334622652772616,0.060504007287279206,0.055648958334540095,0.055648840897480484,0.5749039244824695,train,False,593
4,400,d,0.003973244608158818,0.006712670753915522,0.004201353648511419,-0.011799459139611628,-0.01298649650355273,-0.010147346380581936,train,False,593
5,400,e,0.17280983279753762,0.17280723723416488,0.23842482280886526,0.14405951160142494,0.1440560913825894,0.33101758383710744,train,False,593
0,100,c,0.06655091905608498,0.06654995156388503,0.09265182157042276,-0.021606822150342708,-0.021607024212415525,0.2092691588073285,train,False,594
1,100,d,0.007610652674981652,0.007618922373847517,0.00859518703622117,-0.0013946582881395032,-0.0013989545661322468,0.017025102728930167,train,False,594
2,100,e,0.1956473702747947,0.19568207728340273,0.23438542385602482,0.1515043537039314,0.15150400207825526,0.5461152105365424,train,False,594
3,400,c,0.07376073373390354,0.08740361628007129,0.11368048877872379,-0.02481297989947862,-0.035768002423421805,0.6491699308884096,train,False,594
4,400,d,0.014359800895446717,0.014369433742805061,0.013646610694288321,0.018898549898120506,0.018892219040105067,0.10963330113801163,train,False,594
5,400,e,0.21093740854911924,0.21434145377451397,0.3112102250033691,0.14158885627971413,0.1432469629457255,0.3294940758733203,train,False,594
0,100,c,0.08299344486860485,0.08300175048462682,0.061335165938992915,0.006859813797526613,0.006844031074837389,0.6998765221229281,train,False,595
1,100,d,0.006575307197744313,0.006575300964401989,0.007021989210231463,-0.016580806811221115,-0.016580802766403658,0.01957259951070272,train,False,595
2,100,e,0.24850728683411397,0.2484709150090433,0.3280653986274209,0.13143358364151767,0.13143393569628514,0.3143822324517845,train,False,595
3,400,c,0.06299329631468017,0.06300069759205454,0.07463066023356445,0.10351508247897513,0.10346656826478963,0.6431235176597542,train,False,595
4,400,d,0.007717883981577623,0.007717900150222183,0.009520650749131169,-0.015966898136665967,-0.01596693513678764,0.017482022446696454,train,False,595
5,400,e,0.15155249035615997,0.151519944207509,0.2581849111959364,0.16164611676367166,0.16164012477716896,0.3382889124444135,train,False,595
0,100,c,0.06451150244170241,0.06458363218677962,0.09419459010999817,0.0855497236121235,0.08552827592263512,0.5762513291251223,train,False,596
1,100,d,0.006374089814870731,0.006374759875994693,0.006905831104111582,-0.0004055725053203574,-0.0004069553400474035,0.061597667750580135,train,False,596
2,100,e,0.17456840108832516,0.19795107025909517,0.25829317186857087,0.10883499623186631,0.11374413360539577,0.4159248891243965,train,False,596
3,400,c,0.062055139297296454,0.062063304118546644,0.07210009470695605,0.08158743084198065,0.0815770271830327,0.7474833015833968,train,False,596
4,400,d,0.004608370979701323,0.004606888281175383,0.005170294409837336,0.004556075948541274,0.004556810188277982,0.0380205859549854,train,False,596
5,400,e,0.16730777683586667,0.170827650975845,0.24125255492073078,0.13629015390526406,0.1424431298690908,0.31681174727685557,train,False,596
0,100,c,0.10496710731875934,0.10192861140550619,0.11215106927381313,-0.04295706573767625,-0.04316388853391032,0.8089131528071826,train,False,597
1,100,d,0.003438368994045737,0.0034378005026559316,0.004800410813168525,-0.0071809591358648105,-0.007181183288375231,-0.002827761814572973,train,False,597
2,100,e,0.1952465829671062,0.19529991706243063,0.32782384228986944,0.1470300267390209,0.14702189343708497,0.29632930982478684,train,False,597
3,400,c,0.07260179474690384,0.07261053561050358,0.07581624745896709,0.09774962633766052,0.09773960221938283,0.9674044209459177,train,False,597
4,400,d,0.0045996954238290005,0.004599827423489632,0.004409238440292068,-0.0002690530320203699,-0.0002692455806381844,0.0579726390534481,train,False,597
5,400,e,0.17542547669080558,0.17542692236899718,0.25735488855632666,0.15720077702422156,0.1571961974854761,0.31527118823731476,train,False,597
0,100,c,0.07663246405176868,0.07621363564442514,0.09787929452974613,0.04205831625120659,0.041864052674217195,0.5127876762492174,train,False,598
1,100,d,0.023904103343204867,0.023907750814499966,0.008241061142537314,0.0023745180473319395,0.0023733919901459365,0.1924541017225088,train,False,598
2,100,e,0.20033943529884732,0.19518961854804406,0.3104803481350816,0.13854108143421554,0.1363301794391378,0.29043228615272043,train,False,598
3,400,c,0.06513033738205493,0.06511516917084871,0.07129642509218818,0.01028855067655229,0.010277706776260232,0.47857276594957726,train,False,598
4,400,d,0.007191701450823981,0.007192180839562407,0.007803652540299063,0.0047480669695086596,0.004747672215520993,0.06859326613570918,train,False,598
5,400,e,0.18473680048452706,0.1864252626983981,0.2708365359691854,0.13960112842644776,0.14039529617832777,0.3670736702041912,train,False,598
0,100,c,0.06463009248418292,0.06463043949325586,0.08204931618895203,-0.12993098929301639,-0.12993313500698966,-0.028628098905541605,train,False,599
1,100,d,0.012588150859725443,0.012588560301854013,0.019394351905314782,-0.0024334545736742898,-0.002433693875019394,0.021380627782875052,train,False,599
2,100,e,0.21945524165330219,0.21944929982916708,0.21667484661774117,0.07220819134593001,0.07220319764203012,0.3740986592826485,train,False,599
3,400,c,0.06481984030898134,0.06481440757102769,0.10824608111633466,-0.010667730117723692,-0.010696543181634724,0.4205949317646138,train,False,599
4,400,d,0.008682576636885646,0.008678151069189894,0.008834022447884712,-0.0025062042836269784,-0.002508037925668578,0.00509980195422969,train,False,599
5,400,e,0.1890280375269033,0.18903024254190826,0.2778297333662953,0.14288468001263177,0.14286943545455238,0.302290945007137,train,False,599
