,n,experiment,MSE_misspec,MSE_NPMLEinit,MSE_NPMLE,SURE_misspec,SURE_NPMLEinit,SURE_NPMLE,data,NPMLE_lower_SURE,seed
0,100,c,0.05642864153904854,0.05643192349251405,0.06528386108393763,0.08317993821453527,0.08317689881753956,0.6346178712672483,train,False,1400
1,100,d,0.06526065130701053,0.06528324463164252,0.020155057797796264,0.004914850020933947,0.0049106454991532725,0.23696337440892745,train,False,1400
2,100,e,0.22146314507525872,0.2214628949404837,0.2951699295838763,0.16111217186225937,0.16110811559903282,0.3118472264927144,train,False,1400
3,400,c,0.06571113765096868,0.06599880980206517,0.08319000615483517,-0.017695772035829123,-0.01771347396543767,0.6089134764306972,train,False,1400
4,400,d,0.00684527818715101,0.006845399621317844,0.006356566360984531,0.004011617615301511,0.004011485903021512,0.04983511211616131,train,False,1400
5,400,e,0.21172990742889863,0.2117614814982664,0.31614860908204057,0.16708068987200467,0.16707202366488477,0.31531175516493254,train,False,1400
0,100,c,0.12754260606210302,0.1274259560457397,0.06161132027936749,0.0895965526889757,0.08961624245026897,1.1946333971698746,train,False,1401
1,100,d,0.0029724379212102497,0.0029725338811968432,0.002741569953794772,-0.022337881175850696,-0.022338422140270247,0.008531238042946629,train,False,1401
2,100,e,0.1874003066863619,0.18753617392360478,0.35824719230873114,0.1408385789608416,0.14083431382540876,0.2845113035751393,train,False,1401
3,400,c,0.057200278972553226,0.05719878125861013,0.09002838387672625,0.033743578972495386,0.03373797231508384,0.5372072369898662,train,False,1401
4,400,d,0.019114962012872362,0.019059481991673156,0.006086527979310785,0.008390938500934001,0.008387802037481667,0.02375753129113459,train,False,1401
5,400,e,0.19882601046003365,0.2016185142385104,0.28036361564111373,0.14747183984434784,0.1499721534322787,0.34708480157122806,train,False,1401
0,100,c,0.09814799601253611,0.09814449454300526,0.06421175087669458,0.0691688963533123,0.06916209822542257,0.5894810246579624,train,False,1402
1,100,d,0.007843682787118613,0.007844998982838492,0.00884243025369031,-0.01994796748476416,-0.019949884733963703,-0.011031189719165368,train,False,1402
2,100,e,0.19483923458151295,0.19485988665775872,0.23733711942744493,0.138809939479703,0.13880162792832015,0.31078355546282066,train,False,1402
3,400,c,0.11891448230140457,0.11882243711623486,0.09994881264487454,0.06526945272840023,0.06527991493237095,1.035230813855471,train,False,1402
4,400,d,0.005471008238762033,0.005475299226039928,0.005639440842533174,0.00591915486799266,0.005917491769916818,0.07803441487452009,train,False,1402
5,400,e,0.1789514420138525,0.1789720525192191,0.31232101510192917,0.1664862597370805,0.16647567763379237,0.31673014037611424,train,False,1402
0,100,c,0.06196542383523676,0.061927092568868025,0.07453388449293287,0.06740334773461293,0.06741171319506797,0.6267649925748916,train,False,1403
1,100,d,0.006456267249318894,0.00645641894247861,0.004897945830313085,-0.02707786538590037,-0.027078151388630387,0.028200827886354977,train,False,1403
2,100,e,0.15986946448276734,0.16163618627022294,0.245186899352448,0.15429304208438777,0.15494185199953978,0.2812274921636105,train,False,1403
3,400,c,0.04853637784270641,0.04853573242183731,0.07931266007807576,0.036666510400720116,0.036662223890445274,0.6350604847619953,train,False,1403
4,400,d,0.004081454410542563,0.004081441258013383,0.004133442924414502,-0.012334596860201011,-0.012335095523220527,0.009680323401325026,train,False,1403
5,400,e,0.17780084959414919,0.17785681390566802,0.22129668639333022,0.0881172647921461,0.08810554905343007,0.3835107936411719,train,False,1403
0,100,c,0.08861850639457386,0.0886812704354845,0.11066985907749433,0.06337352619187549,0.0633522044688717,0.8591358889970948,train,False,1404
1,100,d,0.022109724833631172,0.022105540529979182,0.005088845400352592,0.010810014200617725,0.01080836161653684,0.01908829557721944,train,False,1404
2,100,e,0.18744632358863522,0.18737569261598744,0.24395018808488067,0.14006987795375048,0.14004853061987924,0.2886500928465668,train,False,1404
3,400,c,0.05955379569202883,0.05956645928931315,0.0819142983686279,0.030226597107321496,0.030221027683702318,0.8002227721293336,train,False,1404
4,400,d,0.0046680970120801185,0.010600700464511375,0.007780982354285742,0.016083219041389523,0.01124767086870209,0.10635697922902146,train,False,1404
5,400,e,0.1669366682839836,0.1669442832766575,0.2390068866176464,0.1483226585106181,0.1483156551637202,0.295547939949299,train,False,1404
0,100,c,0.07979394824625655,0.07967016631299442,0.07890971446407885,0.0016379010467382927,0.001618030166326534,0.753349960468003,train,False,1405
1,100,d,0.01412613159732761,0.014136870262004468,0.005379531974077385,0.0033810010896601385,0.0033792111374684455,0.01914182922976071,train,False,1405
2,100,e,0.2165534319407729,0.21745246118488995,0.25861919471790257,0.1435367767880804,0.1435886749741276,0.2902116362020305,train,False,1405
3,400,c,0.05535377155299222,0.05535117532865732,0.07760547235169506,0.08282053220095115,0.08282641455495714,0.7834552938178041,train,False,1405
4,400,d,0.0057346684939114925,0.005734818786320694,0.0076030592483605245,-0.010910911599943382,-0.010911257424397204,0.02589344663835018,train,False,1405
5,400,e,0.17207459563932706,0.17205814031641237,0.23682119139357044,0.12736342188815175,0.12735573675584713,0.32144614683437145,train,False,1405
0,100,c,0.12797900924496453,0.12799638364554494,0.12350892066807498,0.16067615295657647,0.16066106883389963,0.7098442742322679,train,False,1406
1,100,d,0.013268057400960893,0.013268046342337352,0.01401328778449367,0.012258312421289582,0.012258139053370929,0.09404354452221378,train,False,1406
2,100,e,0.23026926046323254,0.23250850426323158,0.25719031387298535,0.12645915069936328,0.12641209315091417,0.2952235137240924,train,False,1406
3,400,c,0.05452554824062445,0.05453350851398868,0.05894205560393504,0.04671004299663871,0.04670494913429529,0.5327235430589059,train,False,1406
4,400,d,0.006916572701473105,0.012550496362649544,0.01058505672240589,0.013634804415639721,0.007669535833936756,0.04416042207121807,train,False,1406
5,400,e,0.18585209536754474,0.18585213779864282,0.3463863472667255,0.16432337415701548,0.1643204516030751,0.3095313768386827,train,False,1406
0,100,c,0.06143818996733761,0.061438778591592476,0.07061402211420362,-0.07198450057502569,-0.07198612329038503,0.5569637900233859,train,False,1407
1,100,d,0.010267633712024625,0.010257578750723766,0.006069431850712455,0.017287768165973532,0.01728834513220187,0.11078408937728802,train,False,1407
2,100,e,0.22105265482785036,0.22111131936358244,0.43490404287179724,0.16944181163637143,0.16943475748692277,0.2551940938589816,train,False,1407
3,400,c,0.05493096599412944,0.05492998594280344,0.08524549855979138,0.0097278907500462,0.009726528984167331,0.4299331790050539,train,False,1407
4,400,d,0.0058930102870719805,0.005892974570536775,0.006063264076879761,0.010618979985456694,0.010618871073045141,0.04964793988037066,train,False,1407
5,400,e,0.15950410174489227,0.15950657106642024,0.29190065034640267,0.16436145059522542,0.16435774147544638,0.33474943700143966,train,False,1407
0,100,c,0.056345253182177354,0.10352958756185984,0.08800667753643257,0.07044744923124853,0.05908463058490767,0.7351577947078392,train,False,1408
1,100,d,0.006929359861693674,0.006930215104500883,0.007562110619613987,0.00922765243746408,0.00922669724485841,0.06563070782256132,train,False,1408
2,100,e,0.18838767287886668,0.193354702187382,0.276215808943494,0.11284810825258199,0.11588119677477493,0.3482633589705834,train,False,1408
3,400,c,0.0509906603526878,0.05950333743834352,0.07922531077858799,0.056468562483179455,0.05035968561340425,0.8997423923318081,train,False,1408
4,400,d,0.009054543072105972,0.018184444274201225,0.0064235634484533285,0.014207591312237469,0.009099516440531481,0.13734680775277197,train,False,1408
5,400,e,0.21922163142241477,0.21922319411661595,0.3098278509410776,0.1676201853057735,0.16761147857080297,0.33369830203876566,train,False,1408
0,100,c,0.2318516894849543,0.08625648680901327,0.06633536199252035,0.08131691053167764,0.10403416018456696,0.3005324584461731,train,False,1409
1,100,d,0.010856097043623279,0.010863682577800998,0.00792150775546338,0.01551344305564701,0.015512550729793535,0.04721162810349572,train,False,1409
2,100,e,0.21539610836501555,0.2158921290238907,0.2609738627671047,0.13125467877702054,0.13141289124934122,0.4264378258868227,train,False,1409
3,400,c,0.10763526971896571,0.09878027683756044,0.08519383901351313,0.03989728512690121,0.037402484654865516,1.3299549914005715,train,False,1409
4,400,d,0.005575153308618736,0.005581163537673399,0.00563063893661675,-0.007343999610820049,-0.007347264294833895,-0.000742713366439407,train,False,1409
5,400,e,0.22130724733942728,0.22141806785715162,0.31349399357787855,0.15134003660908646,0.15132794961645019,0.3201967058260075,train,False,1409
0,100,c,0.06388900897696317,0.06388751489650507,0.06908465098618347,0.09881970882783556,0.09881875822183936,0.5018662057138841,train,False,1410
1,100,d,0.007742277312665656,0.007743005823117873,0.006931839440477542,0.010663860983695646,0.010663537914966935,0.013312283403147038,train,False,1410
2,100,e,0.23767632133930822,0.23763882207667078,0.33398679894094635,0.1393037364549417,0.13929443839114186,0.24917656721797407,train,False,1410
3,400,c,0.0824805499765589,0.06756920024134998,0.10138288579299808,0.027425823653428126,0.032490231198709904,0.22958804131777952,train,False,1410
4,400,d,0.008970413791863726,0.008975266116662719,0.00873931215152151,-0.005727343809522516,-0.005729907714492839,0.07285573554373097,train,False,1410
5,400,e,0.16379678980672113,0.16374169202089506,0.2781762904476677,0.1630514814128984,0.16304251875360912,0.3044622234857247,train,False,1410
0,100,c,0.06707381318631317,0.06705647035259504,0.08607459288255917,-0.016488678477037624,-0.0165002138273573,0.5392904993776705,train,False,1411
1,100,d,0.006279931518727189,0.006280253361302473,0.008472143294210114,-0.0040101295796727675,-0.004010424138557429,0.018483017158905782,train,False,1411
2,100,e,0.25492754946334817,0.25493963217739907,0.39198072576600324,0.16402657698479864,0.16402170228124738,0.3044297567588783,train,False,1411
3,400,c,0.056508480719668366,0.05650780063248656,0.07599390880153517,0.049093058735443194,0.049089206857715555,0.7743548426021534,train,False,1411
4,400,d,0.004566641288413441,0.004566433805427998,0.0046701501311446824,-0.005375112037663694,-0.005375112528574117,0.08658455395786752,train,False,1411
5,400,e,0.1719561118778751,0.17249770839938688,0.2709642813273569,0.16391610943647345,0.16333225096282142,0.33959881334622777,train,False,1411
0,100,c,0.062452213197543925,0.11875410694542797,0.11531687706628896,0.05790669780623382,0.023097900584852768,0.610341500728807,train,False,1412
1,100,d,0.008608176041078388,0.008611837019460462,0.007478589668155432,0.0013605769545997682,0.001359547356075357,0.05096173116512018,train,False,1412
2,100,e,0.1674855477848534,0.1707866693106722,0.23404382423040954,0.14400807201120536,0.15081206546366602,0.29150240142857564,train,False,1412
3,400,c,0.06516007700422041,0.06521232071427688,0.074075228625734,0.05178827832783945,0.051753814538545204,0.6681768537998068,train,False,1412
4,400,d,0.03987275556521138,0.03233379790687852,0.009208248905047926,0.009058689763423864,0.010440061648622923,0.09832890597383134,train,False,1412
5,400,e,0.25028812579072696,0.2502664338438174,0.3220946944771782,0.1369729873288332,0.13696005875715508,0.2972265600278052,train,False,1412
0,100,c,0.08781807342891317,0.08780911208168574,0.07788924767213148,0.03991048642307796,0.03990467654321229,0.6414871631919675,train,False,1413
1,100,d,0.0049737028232191985,0.004973974824333837,0.0047396059798226345,0.003765193467999222,0.003764881823835928,0.0067071861956086035,train,False,1413
2,100,e,0.22411981783882748,0.22412250640227685,0.3776715311867076,0.17803025433390054,0.17802244018425648,0.28031088789951214,train,False,1413
3,400,c,0.05890805168225322,0.05889570017778441,0.07050761883658425,-0.0319786333223827,-0.03198307178145385,0.4013853867157696,train,False,1413
4,400,d,0.0044356847676719,0.004442993497155846,0.004525063402938383,-0.00027203883874170386,-0.0002805456752734514,0.06919808660409042,train,False,1413
5,400,e,0.15409469907466974,0.15403461323352896,0.27445792097461336,0.15628841154410458,0.15628926376766095,0.34534781381050295,train,False,1413
0,100,c,0.06335445208961693,0.06376243684472033,0.09294932267096105,-0.12680736837350742,-0.12684932405847518,0.4756568896288567,train,False,1414
1,100,d,0.003997807008552833,0.003997842230510469,0.0040900222489107345,-0.03171379748978188,-0.031714225263666,-0.007272899395828425,train,False,1414
2,100,e,0.1747708445712054,0.17477058292826997,0.20495655818380704,0.06105242207188063,0.06104331446038273,0.36882292319222965,train,False,1414
3,400,c,0.07136230606380847,0.06918678622974805,0.0936046263628675,0.05964730159351461,0.05838770299313595,0.44515691728649187,train,False,1414
4,400,d,0.007748434335838165,0.007748713235513748,0.005702483809778396,0.013394775653857511,0.0133947159724708,0.11869969428602367,train,False,1414
5,400,e,0.20778311929929816,0.20779639596487778,0.29019399452598454,0.15565481326634587,0.15564040252944428,0.2884275986422363,train,False,1414
0,100,c,0.07995386402809257,0.07996034369496384,0.08950431586171798,-0.0796220935621281,-0.07962466859808132,1.2077435328692447,train,False,1415
1,100,d,0.0046048340700976,0.004605107207372867,0.0033962667943138276,0.01086906773120118,0.010868730322689188,0.05691450533033926,train,False,1415
2,100,e,0.18575417662328836,0.1904573946046985,0.29338071071062477,0.1279452070994652,0.128346595835918,0.3690715849693135,train,False,1415
3,400,c,0.0702994993179049,0.07158721803569511,0.08567622517409536,-0.015252862573830442,-0.015249135519252164,0.3560421931451551,train,False,1415
4,400,d,0.009906089836992387,0.009908197907208014,0.007345797702911441,0.014743218280429727,0.014741160953717145,0.025502696831756388,train,False,1415
5,400,e,0.1882152535273809,0.187785312195294,0.2748641638313417,0.13905991939266876,0.13899639175998701,0.3215670972517949,train,False,1415
0,100,c,0.0899330472729951,0.08993593816028966,0.10293120218707019,0.04675671911996744,0.046726735618598386,0.6403787734968199,train,False,1416
1,100,d,0.0022498754302338504,0.002249999624687485,0.0023013938323540586,-0.001288728433655173,-0.0012890528679409031,-0.0012754770724507836,train,False,1416
2,100,e,0.15758179123870375,0.1575737379662253,0.30196075300270026,0.11869217782823391,0.11867852757882971,0.3168762786640746,train,False,1416
3,400,c,0.062465220732764504,0.06306015344995762,0.08016120374473745,0.014913225518369303,0.014832453017106317,0.7130267664183992,train,False,1416
4,400,d,0.010317641874897268,0.010418195036291149,0.009796706344688778,0.012937229826494772,0.012928545056107375,0.043632331692722896,train,False,1416
5,400,e,0.1947822055681595,0.194718401285702,0.2804310745331558,0.16583704633342744,0.1658235755627153,0.34141147842028735,train,False,1416
0,100,c,0.07146325016086866,0.05978167584774618,0.07757865154137826,0.10426415418513195,0.10496677617463185,0.5400794924750074,train,False,1417
1,100,d,0.006179225103361533,0.00617881521108962,0.004640159073462623,-0.012175756430621708,-0.012175170070350365,0.13836900397218876,train,False,1417
2,100,e,0.17561987776537943,0.1755363999578243,0.200750772410209,0.06858312692676073,0.06859437046845158,0.338018138870078,train,False,1417
3,400,c,0.06300733379938199,0.06414010709372334,0.06505860659156194,0.05916571582876074,0.059085408751914203,0.3843200325443672,train,False,1417
4,400,d,0.018506589280462487,0.01850583078702727,0.0109406020364498,-0.003200884418255523,-0.0032031122009374613,0.02240035744885567,train,False,1417
5,400,e,0.18063174971499765,0.18065033945678177,0.28551327688801165,0.159149265026384,0.15915323274965912,0.5090161282190091,train,False,1417
0,100,c,0.07317341558739605,0.0731222354428117,0.1048081598970926,-0.05176185690929174,-0.05176194230599272,0.5365872406614541,train,False,1418
1,100,d,0.006711051332805262,0.006711147187349295,0.0038179191463012917,-0.029295489372230907,-0.029295699179236454,0.03179448497562385,train,False,1418
2,100,e,0.17517808891069162,0.1751747826709564,0.30266849959139763,0.0964025644436937,0.09639422735569696,0.30458338689827097,train,False,1418
3,400,c,0.055356708894280765,0.11005906324718497,0.09268464619275382,0.024710118830697285,-0.007086267754353202,0.8295956076972706,train,False,1418
4,400,d,0.003298714000433179,0.010554026575993209,0.0069528988886884335,-0.015367745100125205,-0.020219445552729365,0.0725133926945302,train,False,1418
5,400,e,0.17329581458557736,0.17273910767415948,0.25323695609046326,0.1632255577540737,0.16315970939052069,0.3450055740586241,train,False,1418
0,100,c,0.061261228208968614,0.061260477168968465,0.07809916316952034,0.01415760949519786,0.014157486565629611,0.3854603116018049,train,False,1419
1,100,d,0.004913855078232846,0.004913858864046036,0.005269921935230381,-0.03814059691133842,-0.038141145333534736,-0.02368764402900414,train,False,1419
2,100,e,0.15797246985732652,0.1579556808134453,0.23548791197493654,0.11524467636212542,0.11525144066879946,0.33581962259367876,train,False,1419
3,400,c,0.06754722554692162,0.06794835778593362,0.08955825376501549,-0.02447632699791278,-0.024499638161591477,0.49257277401192867,train,False,1419
4,400,d,0.009191422637315313,0.009190469273105496,0.010037605981368929,0.013719557519830854,0.013719320318093456,0.017866282665662894,train,False,1419
5,400,e,0.19688293951564226,0.19711212830125807,0.25613151658428224,0.13749970153726268,0.13763282690495465,0.3494525507704606,train,False,1419
0,100,c,0.1816014804992606,0.18166591089053455,0.11536190045114385,0.05329427032456948,0.05325828310745862,0.8867573557178381,train,False,1420
1,100,d,0.008845352779413668,0.0088458829936448,0.004191962401250154,-0.02157388046990004,-0.0215742836185537,0.060751835855661046,train,False,1420
2,100,e,0.18814734273283792,0.18811484528439743,0.3621494834553643,0.14671488150606393,0.14671208687708862,0.42695078848650503,train,False,1420
3,400,c,0.05384517413997744,0.0540046359724889,0.09776299317649516,0.029316827182237406,0.029256258013251397,0.6946728715239433,train,False,1420
4,400,d,0.005110686907248121,0.005110672622253871,0.0053996306968564604,0.0074224621366127865,0.007422310780916242,0.017789183793215813,train,False,1420
5,400,e,0.1694191823630181,0.1694905597841191,0.25705748224844127,0.16287187382501372,0.16286370384190654,0.3154507023544022,train,False,1420
0,100,c,0.05791800869917731,0.05787877967492916,0.0655735725815521,-0.06460595391871607,-0.06466367197906302,0.5625128278960563,train,False,1421
1,100,d,0.012544024693291451,0.012544374139888738,0.008773131522570799,0.003943583744558658,0.003943605506056595,0.21054288744688357,train,False,1421
2,100,e,0.15742044343483397,0.15751096030769873,0.26630425695235305,0.10695324272711937,0.10704407528216443,0.3822413324656865,train,False,1421
3,400,c,0.05427148430103837,0.054277289800593494,0.06823259378586508,0.025520722864829537,0.02545667066902425,0.8266898183925497,train,False,1421
4,400,d,0.004786737382326084,0.004782519828369567,0.00567182209980108,0.01272679961451475,0.012726618552308971,0.14671461835473057,train,False,1421
5,400,e,0.16141524575397048,0.1614337740110797,0.255028524783997,0.16137203573381906,0.1613672252907544,0.33067629171366164,train,False,1421
0,100,c,0.14607352312539645,0.15274913743729052,0.1198047010533359,0.1265996668856596,0.1267297045783036,0.38562910393825917,train,False,1422
1,100,d,0.00797649714476003,0.007976434208223004,0.008903521250452608,-0.0036868586151736337,-0.0036872331483278308,0.038671596174189166,train,False,1422
2,100,e,0.24314510646071263,0.24317639657851917,0.30487540790208184,0.13843057514079526,0.13841012603567193,0.26015062072772466,train,False,1422
3,400,c,0.06135278714090054,0.061529607175582965,0.08217573970644658,0.0900392103068694,0.08996850148649699,0.6236585959569128,train,False,1422
4,400,d,0.005701310522697445,0.00570145071084819,0.00636565983938068,0.0062007075763723845,0.00620032876468235,0.032533634322725026,train,False,1422
5,400,e,0.20335512643773732,0.20335719668082355,0.2773606954673371,0.18441094992896978,0.18440314864074409,0.3013502831903503,train,False,1422
0,100,c,0.27218312558426805,0.272166064480289,0.07769438706572425,0.09097301823246483,0.09095326826985882,0.4089101569130182,train,False,1423
1,100,d,0.04048550249342564,0.040430654303485275,0.01788253925679848,0.021922325038125193,0.021913573154064354,0.07665720487220082,train,False,1423
2,100,e,0.1692495259991566,0.16991334682743175,0.24471644654204563,0.1511211288928793,0.15062551991004583,0.3244453211768194,train,False,1423
3,400,c,0.04816888017352498,0.04817366448283558,0.07661583185875222,0.012835002073208842,0.012840499813905098,0.596917789710628,train,False,1423
4,400,d,0.00545736672591524,0.005457482816848015,0.007040496287269918,0.0019193573001869346,0.001918850025725103,0.04993900682922229,train,False,1423
5,400,e,0.17143046856403923,0.17138590538214882,0.2504608237977357,0.1303495544618817,0.13034187694164764,0.3856426683978041,train,False,1423
0,100,c,0.06859907565992711,0.06858782453884334,0.0867266435713149,-0.01478785727971463,-0.014788298826065685,0.3623787931690003,train,False,1424
1,100,d,0.005478569774664421,0.0054785390311589775,0.005399927792254475,-0.01810190604441024,-0.01810231901550278,-0.011579404261898886,train,False,1424
2,100,e,0.18063536315123335,0.18062552917317118,0.2522347904719034,0.1431847997745605,0.1431765049028077,0.3008686630774142,train,False,1424
3,400,c,0.05915265823048764,0.06866308201686538,0.08467766191726678,-0.009590373367280804,-0.014119943180567418,1.034401877112194,train,False,1424
4,400,d,0.005429688062067216,0.005432663690672016,0.005242367331849061,-0.014236080209049824,-0.014238343267023303,-0.010052351188877769,train,False,1424
5,400,e,0.16148157816023292,0.16205301034444478,0.2160142443363609,0.15939237272285464,0.1594422563295561,0.35436816270325094,train,False,1424
0,100,c,0.10080085695045357,0.10079557019252512,0.08616345353656961,0.13487433705011084,0.1348610507067484,0.5005098584285765,train,False,1425
1,100,d,0.005186110105433766,0.005186944212907513,0.0047026008244611065,0.007627184783712551,0.0076266345793183634,0.03772866867720518,train,False,1425
2,100,e,0.2349572034570654,0.2106673916379409,0.2134745762344512,0.11678307857972531,0.12112321915776544,0.5070066285048951,train,False,1425
3,400,c,0.05283577781684401,0.05283388000500193,0.09119022438229446,0.04271500733150432,0.04271321361739609,0.47540977990087563,train,False,1425
4,400,d,0.00722556932306969,0.007229323963757667,0.010127162902635291,-0.00826666327038117,-0.008268537160432583,0.002895983845002359,train,False,1425
5,400,e,0.19814319080087167,0.1981291569406887,0.27432186033439515,0.17397823925858513,0.17396756840634692,0.31968252773217015,train,False,1425
0,100,c,0.06729460738926106,0.06725573837186291,0.0748005309480038,-0.05005122839432431,-0.05010286082703416,0.6689054196375664,train,False,1426
1,100,d,0.00788230765657069,0.007882336666837826,0.011370378730490563,-0.039695044608473826,-0.03969544133638386,-0.032216885519774044,train,False,1426
2,100,e,0.18520902255992439,0.1853492968853775,0.1811116493545106,0.08635630134865636,0.08634529554758345,0.30997713957626266,train,False,1426
3,400,c,0.06865492942003668,0.06881489744401621,0.09052504570807762,0.09509341165441519,0.09504671486125772,0.706300813997725,train,False,1426
4,400,d,0.004927897717444101,0.004927841536321502,0.0046981386475719745,0.005734806830563084,0.005734864308860583,0.07386292779696674,train,False,1426
5,400,e,0.19769672714300018,0.201627391107362,0.31268813749050284,0.17930706023077342,0.18167384137639025,0.5191464453235776,train,False,1426
0,100,c,0.053572493237719954,0.05355592820802244,0.08411092635096618,-0.0883262306287591,-0.08835047508573197,0.931928742115079,train,False,1427
1,100,d,0.003804195197891958,0.003804247722139637,0.004264105794668748,0.01115016357710923,0.011149759885224207,0.06903624502305082,train,False,1427
2,100,e,0.14252829319688193,0.1425189400459188,0.2531664285645012,0.13430052902389444,0.13428934420923955,0.32054857615474147,train,False,1427
3,400,c,0.05798254218861356,0.05798380870286582,0.07068825928112177,0.08426904834220537,0.08426764021245305,0.8240274014509003,train,False,1427
4,400,d,0.004937201723906959,0.0049372143187512325,0.004934870710233097,-0.017468782699708713,-0.017469315513345407,-0.017370460240835755,train,False,1427
5,400,e,0.1700171688907328,0.1700192220632138,0.2233726231607762,0.1317599525349189,0.1317486319009654,0.305962938462635,train,False,1427
0,100,c,0.08635745157238503,0.08634972935557511,0.10281836063915013,-0.12433688245356493,-0.12432780578952311,0.12973321296138146,train,False,1428
1,100,d,0.003955542006048098,0.003955554004093796,0.0059178046976419004,-0.02120841734627474,-0.02120875689530326,0.0006873873348797233,train,False,1428
2,100,e,0.25388565798069496,0.2538862684838888,0.2839992273784744,0.15503294281391555,0.15501549529337774,0.29464884418229764,train,False,1428
3,400,c,0.06338602371916649,0.06388036339122921,0.10705176761715235,0.0115465486896872,0.011365536435677085,0.4447709932442583,train,False,1428
4,400,d,0.008514688033953478,0.008515839450220521,0.010329889680800257,-0.0029387059201880384,-0.002941418022041802,0.0013723642186031348,train,False,1428
5,400,e,0.1810806113075993,0.181079510816056,0.2806903186728486,0.16946253141768275,0.16944431501041635,0.28448569409949725,train,False,1428
0,100,c,0.05693084318192235,0.05698848469609074,0.0683770538137056,0.07270607995722721,0.07264505846707031,1.1711302317422632,train,False,1429
1,100,d,0.014624089628870634,0.01462965420522984,0.014983157382998897,-0.025300906322953925,-0.025303043126621266,0.0022830607745178712,train,False,1429
2,100,e,0.19909111322360037,0.19908414914909867,0.23658827178433822,0.10984313228217879,0.10983470134585467,0.30640687577444853,train,False,1429
3,400,c,0.063445024873257,0.06350723321188313,0.09544569062994017,0.03142316980204392,0.03138896059944869,0.44104836315566415,train,False,1429
4,400,d,0.006000453059462131,0.006000650107017931,0.00612287172584817,0.0011857735864850838,0.0011853280161064816,0.08949489068046816,train,False,1429
5,400,e,0.14335557436526922,0.14417682799065903,0.2467597208968795,0.15235977596854786,0.15272918412611486,0.33860607758439426,train,False,1429
0,100,c,0.07950160134619785,0.07944108739596359,0.099063843281648,-0.004456534542755008,-0.004476337346954153,0.08458979682983525,train,False,1430
1,100,d,0.016311609050926,0.016350902400909095,0.013178875016820397,0.05267531422514525,0.05267479635086543,0.20633535779577813,train,False,1430
2,100,e,0.2578145067734989,0.25781588780620013,0.2933792735398572,0.1410871646433543,0.14107703391587223,0.22041562819091964,train,False,1430
3,400,c,0.0637782073753672,0.06368310277151414,0.09151590806066098,-0.02053118481820654,-0.020548501749027254,0.2081354794275331,train,False,1430
4,400,d,0.006092042818930872,0.006092181285877208,0.007501115451789366,-0.010131832839075958,-0.010132008042117668,0.008336096065649841,train,False,1430
5,400,e,0.17240468003806012,0.17243221501832956,0.24728181827366597,0.15305774606889994,0.15305181950081287,0.30095590233301645,train,False,1430
0,100,c,0.06804902332071258,0.06807948730584601,0.07457692570072023,-0.20274967166821817,-0.20276423191538967,0.3869247348430113,train,False,1431
1,100,d,0.003163464792009756,0.0031635664742146476,0.0027711960769235527,-0.01906207563041061,-0.0190625398920705,0.005910150824975861,train,False,1431
2,100,e,0.15488256280497192,0.15488085462965415,0.2989321233220807,0.14471936706349384,0.14470927259497948,0.27283501727553366,train,False,1431
3,400,c,0.04989098246303126,0.0498898357463448,0.07757889486630769,0.060966064233198766,0.06096757708295506,0.43851540008283807,train,False,1431
4,400,d,0.008735920861746911,0.008736255205868258,0.007057719955746489,0.006421171125639802,0.006420509598205851,0.02171468047806364,train,False,1431
5,400,e,0.17964822038840594,0.17969049546874036,0.2920759357888493,0.15609015921203878,0.1560854457719771,0.3165293133828994,train,False,1431
0,100,c,0.12095214589338435,0.12095935081869635,0.10016455781727228,0.15606758453104,0.15605490533008812,0.7356579886731603,train,False,1432
1,100,d,0.011610805529836786,0.01161061999782271,0.0067588064910400055,0.01735333610492173,0.017353015582341983,0.1006419007012106,train,False,1432
2,100,e,0.20883738036409638,0.20883128650616192,0.3273422627880602,0.14206777512132798,0.14206352217062448,0.32547203203725666,train,False,1432
3,400,c,0.05658814356672558,0.05658857114295356,0.06523692891770788,0.044037427603169664,0.044034224949914956,0.6820044255279822,train,False,1432
4,400,d,0.004250572040663768,0.004250336658705713,0.004535529461353583,-0.00103337285626786,-0.001033419696806277,0.06337644696207144,train,False,1432
5,400,e,0.17833572311461798,0.1783323501798179,0.2708378134470671,0.15335530593159616,0.15335487954299754,0.33299705900657117,train,False,1432
0,100,c,0.05870680264522767,0.058689397840033096,0.08615764791628026,-0.02780741955464457,-0.0278124749056866,0.4363752177037876,train,False,1433
1,100,d,0.007849250915234246,0.007916997215640207,0.005978138788213084,0.014353583067063429,0.014353979031477077,0.015623735416110271,train,False,1433
2,100,e,0.19519754747134083,0.19519603269896027,0.3474957074287323,0.16911809816485016,0.1691113645518858,0.3080997683324416,train,False,1433
3,400,c,0.06177882147222114,0.06177267505689388,0.10781839000566001,0.0014017350153456931,0.0013996465616353505,0.2768402448624853,train,False,1433
4,400,d,0.005290559327537261,0.005292794372763971,0.007450792960826767,-0.005790021530426994,-0.005791269899096587,0.041658920880494034,train,False,1433
5,400,e,0.19422914580884337,0.1941740246911473,0.2694310406314462,0.14938374613513933,0.14937418531431707,0.3048097706015808,train,False,1433
0,100,c,0.05990700668965683,0.05811178956737284,0.0840858232379996,-0.02143666572041141,-0.0216089451388504,0.4831727145445731,train,False,1434
1,100,d,0.009393360111276122,0.009394463352350065,0.0061055189219391915,-0.0006231031753263672,-0.0006233432000188621,0.19235331883605666,train,False,1434
2,100,e,0.16503334823604182,0.16501349549253544,0.2968708336240379,0.12069012558717511,0.1206809645584002,0.2596623576349886,train,False,1434
3,400,c,0.06169571677914536,0.06169881436288997,0.07734608916140387,0.03917363375017388,0.03917474705377025,0.41504903589052333,train,False,1434
4,400,d,0.024194193346967444,0.024161653367320332,0.0060602032743035964,0.02342423705944636,0.02340937124902082,0.39138577194169033,train,False,1434
5,400,e,0.21052063827070064,0.2109846215946382,0.2807421507246055,0.17262774387141455,0.17280284354594558,0.3387063027162891,train,False,1434
0,100,c,0.09451290610164537,0.0945646894214258,0.11550658648998566,0.07114344347657521,0.07113815555720052,0.5242925758072381,train,False,1435
1,100,d,0.003566607832943,0.00356662763612151,0.0035258636369803896,-0.018053182536120378,-0.01805371608947004,-0.008950996040191353,train,False,1435
2,100,e,0.2619684185984671,0.2623632983876718,0.34877751293678516,0.11072620519413462,0.1107222563754123,0.3110675345948723,train,False,1435
3,400,c,0.05792082332084254,0.057916512699350095,0.0653314235101787,0.03443545155736381,0.034298139496232026,0.7809427410325506,train,False,1435
4,400,d,0.003447982987504135,0.0034503068742751998,0.0042100764723960495,0.003911696583354534,0.003911156533638795,0.03399591599267962,train,False,1435
5,400,e,0.17274251118128897,0.17254000308962514,0.26916775682716715,0.14954809126740834,0.14952173121555304,0.36324084122386624,train,False,1435
0,100,c,0.06543924708529471,0.06544939126345915,0.09511341654726241,0.040146227683984674,0.040138815603509244,0.8041329191063639,train,False,1436
1,100,d,0.006369728074200784,0.00636969771893693,0.0062636325611194225,-0.017190147050502792,-0.017190586246410806,0.01365508407415696,train,False,1436
2,100,e,0.14472509224357683,0.14473743898728014,0.31842333856200794,0.1551067011816479,0.15510009193175556,0.34883378884994376,train,False,1436
3,400,c,0.05237469741907266,0.06366232697368937,0.08226551885990084,0.07168309470536542,0.06367432715217518,0.9909696991741717,train,False,1436
4,400,d,0.0038226393394542734,0.003822783713672003,0.003949604048763048,-0.009489111025465284,-0.009489247739114361,0.06585291867864981,train,False,1436
5,400,e,0.18678911113114563,0.1867947335160723,0.26221010523615707,0.15264858455495756,0.15263766526493222,0.31488260373594995,train,False,1436
0,100,c,0.06234062159821143,0.06234981703512107,0.062622911735761,0.07305002428034428,0.0730393521249826,0.7318032248860766,train,False,1437
1,100,d,0.04885767329594931,0.04898586729060836,0.04806974710031428,5.234080589428203e-05,4.863516500545728e-05,0.15750157148562471,train,False,1437
2,100,e,0.26286225798831514,0.2627377098671533,0.2696651693110903,0.16593382407639345,0.1659254231192528,0.308751181731576,train,False,1437
3,400,c,0.05280291442730553,0.05284364927645292,0.06577731649377891,0.04195029146234504,0.0418667201663525,0.2917493491354412,train,False,1437
4,400,d,0.0064885188300918785,0.006488688607197377,0.00604382996058871,-0.008705625881881148,-0.008705996689989722,0.005992229240337253,train,False,1437
5,400,e,0.1794346047391699,0.1794403146062637,0.27857579779385216,0.16164797074791318,0.1616470016058708,0.32156762260181937,train,False,1437
0,100,c,0.09354606717709785,0.16283313566284538,0.19359326640762806,-0.11047488296784735,-0.17051984784103943,0.5498651232293839,train,False,1438
1,100,d,0.003570718515836318,0.003570443702412779,0.003179060836097648,-0.004358970353835439,-0.004358441240047188,0.020112356807304117,train,False,1438
2,100,e,0.20162665279552006,0.20169135558359091,0.30387764539532097,0.12018211053139098,0.12016913446031907,0.27426423924513926,train,False,1438
3,400,c,0.06626470504307826,0.06633048287848059,0.08745465483469142,0.09603380925225138,0.09598665720146109,0.64240997953765,train,False,1438
4,400,d,0.005937419282412458,0.005937457057554335,0.006308835628577054,-0.0003762982799394976,-0.0003765671317894892,0.032047722286204255,train,False,1438
5,400,e,0.18738975349853967,0.1874068883951298,0.29935155252561063,0.1883043480056925,0.18829807351541228,0.28931686187429867,train,False,1438
0,100,c,0.06511329953669918,0.06200155458904653,0.10986661592190608,0.07937216614041731,0.0775941022155321,0.41038422602714403,train,False,1439
1,100,d,0.011857728550203292,0.01185687733564875,0.009781324916780213,0.011858969862799267,0.011858412046620437,0.06265655900996892,train,False,1439
2,100,e,0.1785757576289992,0.1785838823246031,0.26233814849409304,0.14793229423769255,0.14792703864193343,0.3066264813741251,train,False,1439
3,400,c,0.061950958998686474,0.06770904149975468,0.08285377849115912,-0.00391678221284451,-0.008539999600416053,0.6306301398980254,train,False,1439
4,400,d,0.006485202749423583,0.006495385163772358,0.005197247743460034,0.0015656998761669882,0.0015632833595957863,0.034885620709998906,train,False,1439
5,400,e,0.18487728375501386,0.18488722630307902,0.2824023272481253,0.13813680195994862,0.13812522178284042,0.3047216799884618,train,False,1439
0,100,c,0.08373382417975313,0.18010550805532752,0.17320245686890556,0.10610002422324258,0.07655776092849934,0.8333980685110745,train,False,1440
1,100,d,0.0052382838169407805,0.00523823681352374,0.0047342713635764415,0.004486341008168058,0.0044861855379175,0.007471437191927919,train,False,1440
2,100,e,0.21790410219101325,0.21789891027187264,0.22392439545224263,0.1393738171716781,0.13936495819047678,0.31242124443607544,train,False,1440
3,400,c,0.06981684138686195,0.06993124513657545,0.08358504628758613,-0.010301825799235189,-0.01032282183767002,0.4926083409212221,train,False,1440
4,400,d,0.0056036961045716725,0.00560386457125311,0.005325454860607739,0.0013915427751835098,0.0013913123732521271,0.004449866869807355,train,False,1440
5,400,e,0.17430103278094528,0.17428928820482706,0.2616998848184439,0.15106366743883304,0.15105024890771215,0.3581798946880444,train,False,1440
0,100,c,0.11896943124204673,0.11898641653341119,0.13263627303910233,0.10983460985441112,0.10983093553901853,0.42888948051751186,train,False,1441
1,100,d,0.023833725198566663,0.023833513036603447,0.009857012108831166,-0.02054042465556993,-0.020540502772429078,0.01643293644613424,train,False,1441
2,100,e,0.1980858050773476,0.19638864324703836,0.3215413271895858,0.12548021399072648,0.13137519769502587,0.30749132405405416,train,False,1441
3,400,c,0.0635740749168853,0.06357601328783614,0.10303468429993488,0.05049905833698674,0.050504283213147545,0.3537938242844953,train,False,1441
4,400,d,0.003946021961422284,0.013033516029191656,0.004705750189345,-0.005679009445730206,-0.008536951986605264,0.021442442285756657,train,False,1441
5,400,e,0.18384170027768157,0.18503952903388143,0.2666830055676552,0.16580659261256944,0.16437767207303605,0.3250149522534769,train,False,1441
0,100,c,0.07809765565708857,0.07810089054147,0.084502123498638,0.04006789323586084,0.040065324468739616,0.6596236436561475,train,False,1442
1,100,d,0.011637828649873068,0.01164222736932632,0.009704728038752485,-0.022069489868197695,-0.022072271122249545,0.0502380729712808,train,False,1442
2,100,e,0.21783844507478153,0.21784093910126257,0.2758975618369983,0.0989392905032019,0.09893001912297024,0.2489204810455261,train,False,1442
3,400,c,0.06639589751135237,0.06645672262744137,0.08312885601882616,0.08085907045469369,0.08081355918112096,0.7629172530596038,train,False,1442
4,400,d,0.00478937767233841,0.004789483604573739,0.004400794615828555,0.005703514258423521,0.005703181401192676,0.061823884683980736,train,False,1442
5,400,e,0.1745404731345348,0.17453381896477224,0.2843862147144931,0.16314815276599107,0.1631376447970859,0.317043010948037,train,False,1442
0,100,c,0.15565947448108527,0.15530194323057306,0.13210505237417797,0.07916701898338943,0.07915624418112181,0.2809201913527828,train,False,1443
1,100,d,0.007376986233161295,0.024371149014608476,0.009399927130611675,0.0099644505561632,-0.007019838179070171,0.15112738961909897,train,False,1443
2,100,e,0.27503147220974944,0.27501924481793283,0.3450633571563153,0.16748199579571477,0.16747800565869825,0.504238285628731,train,False,1443
3,400,c,0.06057472961068198,0.060631090005692084,0.07363327860679825,0.024645974859327142,0.024596572193295144,0.8583195625267434,train,False,1443
4,400,d,0.006544692426493772,0.007037480240031801,0.008695709816248136,-0.004076666471728103,-0.004467353008385473,0.051971319212921724,train,False,1443
5,400,e,0.20401531662831027,0.204012241637162,0.3116601599334439,0.1711107680718045,0.17110429379475472,0.31287844138317683,train,False,1443
0,100,c,0.06096142044494469,0.06567652728379243,0.09275124296160266,0.10008798917857831,0.08366353588429797,0.8751029247777535,train,False,1444
1,100,d,0.007704780424204226,0.012765433399484266,0.004775146369299414,0.008533913169316492,0.006356890056194438,0.14738372090075227,train,False,1444
2,100,e,0.22010322667752938,0.22008021318413032,0.33708832386165194,0.1279704444067827,0.1279636770086244,0.32256187016899873,train,False,1444
3,400,c,0.06677814466661555,0.05656176726640414,0.07480979311418316,0.0127966197639401,0.015791529468161515,0.26392822664414095,train,False,1444
4,400,d,0.009248111895828439,0.009248806431408085,0.008360826507686256,0.019904983029730962,0.01990436224617689,0.21758159083528875,train,False,1444
5,400,e,0.21730028295993617,0.21724183807869593,0.28689691740699225,0.15950712146497878,0.1594935589808972,0.36478670398128726,train,False,1444
0,100,c,0.1380102540986018,0.13805233760238558,0.1375603310025757,0.09882422295131775,0.09881455179903938,0.2593461578678046,train,False,1445
1,100,d,0.00392067614950258,0.003886588132688555,0.003649130113840357,-0.003588121415838934,-0.003587941645926982,-0.0030370216951417462,train,False,1445
2,100,e,0.20063315815519306,0.20067122089449888,0.30758406724233855,0.08044858627946326,0.08044526518377787,0.3148174012039764,train,False,1445
3,400,c,0.054354114389856406,0.05434982525996831,0.08133285726123841,0.10386392355658941,0.10385269084755891,0.6582002877219963,train,False,1445
4,400,d,0.005036468562791153,0.005036544944247549,0.0060155025069483,-0.006063159383429788,-0.00606337920364771,0.010332931134636639,train,False,1445
5,400,e,0.17473249817373965,0.1746424242046512,0.2585498571536357,0.1583334357477029,0.15832119784489307,0.34040232118199354,train,False,1445
0,100,c,0.14507460536651876,0.14509958390268549,0.09056554316895017,-0.04498788186323232,-0.045001921799295845,1.009840040756918,train,False,1446
1,100,d,0.005672683564428657,0.009011513415395923,0.004862457185361345,-0.013797983493104536,-0.015931032262106636,0.0504885390237849,train,False,1446
2,100,e,0.1049781358492988,0.10496746218442095,0.23026043720962072,0.1377578016334095,0.13775231315846664,0.4172167331466817,train,False,1446
3,400,c,0.05299038540124345,0.05273433563330857,0.08470765587076297,0.09397638527642783,0.09403904654972892,0.8899760230046403,train,False,1446
4,400,d,0.004966658018838554,0.004966724628172599,0.005012199667044606,-0.012873360694600057,-0.012873940687949155,0.05257849037771733,train,False,1446
5,400,e,0.18430075924690048,0.18431023466614033,0.26617156052111585,0.156636404905626,0.1566266239055871,0.30976182456450163,train,False,1446
0,100,c,0.11759128093506016,0.11758027886923691,0.1061404649985657,0.09218705310632273,0.09217850686013805,0.8988793338311308,train,False,1447
1,100,d,0.011723195984678088,0.011735157555470619,0.0058048322269659315,0.007985234049893304,0.007984267479042906,0.0718854484337173,train,False,1447
2,100,e,0.24080781180515876,0.2407987844256387,0.267638509599774,0.08193500196292462,0.08192776156364481,0.4354051193599065,train,False,1447
3,400,c,0.04909119808220177,0.048879385383125876,0.08601639819694046,0.07739207693046439,0.07725041904917845,0.38907761116988654,train,False,1447
4,400,d,0.006120664873125395,0.006120804792022878,0.007103051781413346,-0.018816954804763225,-0.018817489003827407,0.09211386688224335,train,False,1447
5,400,e,0.14493118994924373,0.14519342487934148,0.29427715837371654,0.15681220179931182,0.15737466637851277,0.28467074505831347,train,False,1447
0,100,c,0.055007442320806364,0.0550061997534215,0.06428242855489713,-0.04744313236127425,-0.047450173167715944,0.626348997890362,train,False,1448
1,100,d,0.022789714193506824,0.022784019799850036,0.019895682613818622,0.0316097046287331,0.03160836820790545,0.11251343641496718,train,False,1448
2,100,e,0.25839685278306873,0.2584559017733436,0.3378431231999813,0.1805734380460904,0.18057092710027625,0.24552794544268644,train,False,1448
3,400,c,0.05736741405491613,0.05737862677199015,0.061899928243715555,0.06334821296255833,0.06329251630557778,0.9424548840836764,train,False,1448
4,400,d,0.007757369407107148,0.007754417291495012,0.010450840740130071,-0.004317617271496523,-0.004320618044477538,0.07753528872636206,train,False,1448
5,400,e,0.2231456852267155,0.22320706200414756,0.29395162491679094,0.15670190903494657,0.15669150325735723,0.30345332097085026,train,False,1448
0,100,c,0.06169654845395644,0.061690810504093176,0.09145589563342936,-0.010875199514530252,-0.010872452689328967,0.189511259617543,train,False,1449
1,100,d,0.007626363536901034,0.010186127824516597,0.006431578903543801,-0.0007648200409999717,-0.0019988276437496034,0.11969100089171363,train,False,1449
2,100,e,0.1696317478471427,0.16962671483637062,0.34521834936505746,0.1343138565158806,0.1343085491668969,0.30654677492387167,train,False,1449
3,400,c,0.0620235141982692,0.06204761689433828,0.06587073084257791,0.05315668384644589,0.05311916360542718,0.7373701804393497,train,False,1449
4,400,d,0.005131300847681593,0.005119773731767256,0.005991929301562662,-0.003927174099957131,-0.003927742203508427,0.006837435870482444,train,False,1449
5,400,e,0.18100290616754985,0.18100625493214997,0.2452472851771083,0.15929475912591215,0.15928614834337182,0.35443660815811884,train,False,1449
0,100,c,0.07765429804067396,0.07766233185251264,0.07650042382007882,0.12310645203454783,0.12307587083960642,0.6952519603172413,train,False,1450
1,100,d,0.007719717763826368,0.02718642255901219,0.006929109142061993,0.009133233387989624,-0.006991831685283092,0.16006077307589942,train,False,1450
2,100,e,0.25310046367883265,0.25070541850073025,0.28899583540636387,0.1368439123904254,0.13617234537046813,0.4301846661100588,train,False,1450
3,400,c,0.0426781233349125,0.04267753498592863,0.08164405250482698,0.0062998798395580025,0.006298332102129223,0.6686644019350143,train,False,1450
4,400,d,0.003933776035256163,0.003915302319419292,0.005171468141871817,-0.0014940138388010382,-0.0014956755061667337,0.012280222087801534,train,False,1450
5,400,e,0.1678609371089648,0.16783672119332024,0.2848694167396922,0.15083795913903877,0.15083249041678876,0.4016588046191342,train,False,1450
0,100,c,0.05020804006464154,0.050195054720777295,0.08150107201167794,0.07433571842688394,0.0743449959829485,0.7931699638151808,train,False,1451
1,100,d,0.007898445118259882,0.007878211267156264,0.008420356108233225,0.00030170503979201515,0.0003003120494401479,0.0009908573959496536,train,False,1451
2,100,e,0.23483684564218119,0.2348370791236922,0.32311689960012474,0.15935713095374887,0.1593517005028302,0.2817971166407467,train,False,1451
3,400,c,0.06940322400833325,0.06939523258995858,0.08836467952401726,-0.014426176266922469,-0.014425831974929935,0.6272117457169353,train,False,1451
4,400,d,0.007602322496248471,0.018921566273462496,0.008000031166507411,0.01054095555254161,0.00348255445809599,0.012157977021909828,train,False,1451
5,400,e,0.186138987586666,0.1872782054914383,0.2662510675493508,0.14435255259096955,0.1441281593393181,0.31880169060399277,train,False,1451
0,100,c,0.07027473908704795,0.07027617060923227,0.09291583443362414,-0.033120246981181226,-0.03312083426262653,0.250491382051152,train,False,1452
1,100,d,0.007398343225107376,0.007398461128261437,0.007661057236479316,-0.0016112700612644915,-0.0016112233721502457,0.054227577725018426,train,False,1452
2,100,e,0.24072311095402113,0.2407390488278633,0.2673229749880594,0.03849850851656442,0.038495267020656386,0.3033243474166798,train,False,1452
3,400,c,0.06703989859208194,0.06705517667793592,0.07494409304481688,0.11213793778888743,0.1121069637565968,0.669607528165472,train,False,1452
4,400,d,0.007165321688253287,0.007164529397594353,0.009226433346997224,0.020218784428087718,0.020218820143644047,0.11274927860992882,train,False,1452
5,400,e,0.17524229383566653,0.17718426054292724,0.2522653766919552,0.17349998269773065,0.17357283158419232,0.34641801133207184,train,False,1452
0,100,c,0.06698206697653072,0.06697983170501813,0.0806062836255621,0.09259524280648926,0.09259367484418413,0.25083502304705396,train,False,1453
1,100,d,0.009522223096908151,0.009674723204626957,0.011830863946899434,-0.009586050773554611,-0.009567633371937277,0.06002189453992347,train,False,1453
2,100,e,0.20649844504072093,0.20653743565072769,0.23099219978394905,0.15414818478859205,0.15414134554711267,0.2828845755067878,train,False,1453
3,400,c,0.08353351036164142,0.08337022857039537,0.09136046659347116,0.015550229944669454,0.015547170449046134,0.8331036941252882,train,False,1453
4,400,d,0.02595748206503969,0.025874517615685644,0.01589352341337482,0.00499501427084418,0.004985485312363221,0.07448786655885418,train,False,1453
5,400,e,0.1861461575813351,0.18615260019361604,0.3082260479735389,0.16518722206101594,0.16517763620854276,0.30050692064639484,train,False,1453
0,100,c,0.06996820065174848,0.06989207129267845,0.06782054177072983,0.05932372973949299,0.05931192686859078,0.7200678476031876,train,False,1454
1,100,d,0.01319745332269203,0.013197754572793829,0.008723141849156362,-0.0002934859018628089,-0.00029367318020709024,0.06274571774857735,train,False,1454
2,100,e,0.15514609340634683,0.15514474921693855,0.2177091615151576,0.06823265458719639,0.06822467396196252,0.3224164813553822,train,False,1454
3,400,c,0.0587868077855812,0.05880220432238532,0.08314918072456395,-0.0116565175268002,-0.01164717633570696,0.5285839218166912,train,False,1454
4,400,d,0.007987280756170766,0.007998366823361237,0.005871414644054076,-0.0035857059618339448,-0.0035887693016141676,0.0033358864332804572,train,False,1454
5,400,e,0.14527395494603218,0.14413196382524607,0.24743693710226597,0.157975479555457,0.15984798369975411,0.30887861254832255,train,False,1454
0,100,c,0.17601354691457755,0.17547002110184554,0.07177350510503913,0.0234666120137004,0.023392681878374334,0.7726437065216528,train,False,1455
1,100,d,0.011636706490581048,0.011640802300430938,0.011453831419062865,-0.01495337823750777,-0.014954959900786734,-0.011338376455712887,train,False,1455
2,100,e,0.3416059423753136,0.3420307019911107,0.3867659374072774,0.08638131398518283,0.0863737571825783,0.4403472795672219,train,False,1455
3,400,c,0.06362401134263028,0.06359618905936591,0.07170238851332612,0.09716238171560491,0.09710343919678749,0.4418920811398989,train,False,1455
4,400,d,0.004642414006414935,0.004825750589844926,0.004302649122168251,-0.0003547334408155045,-0.0006436170611506675,0.06451267139798356,train,False,1455
5,400,e,0.21005366726669694,0.21003422836256838,0.2987519219170144,0.17330176670725106,0.17328699792615812,0.30948027238133524,train,False,1455
0,100,c,0.05367091224181817,0.053673775672645085,0.06752596389474042,0.018301231237151543,0.018297655952258792,0.9367576980420832,train,False,1456
1,100,d,0.008565183810746202,0.008568259511687864,0.008371341938218927,-0.0031123002129372955,-0.003115772219445354,0.005979320641733121,train,False,1456
2,100,e,0.2013031467498303,0.20129381068874103,0.31711241450958627,0.1502013641389938,0.15019288011175355,0.3132992902194988,train,False,1456
3,400,c,0.05721156051872155,0.05729363597436726,0.09129902509137221,0.05767889977120021,0.05757966204113124,0.9977527586068398,train,False,1456
4,400,d,0.004842162558056232,0.004842337418911177,0.004816459175633956,0.004845403161631587,0.004845118673616042,0.036522447193399754,train,False,1456
5,400,e,0.20303211498067283,0.20302019633032536,0.27964949974226494,0.1483738355421584,0.14836016592228368,0.35485893422517295,train,False,1456
0,100,c,0.1998895481972967,0.19993040765889872,0.11719917412148777,0.06654934824327115,0.06651690572265068,0.6565582999804829,train,False,1457
1,100,d,0.053974728074734524,0.05399105605243798,0.031928421245595466,-0.005562211864089832,-0.005566720649618322,0.19720656666220077,train,False,1457
2,100,e,0.21471925106869022,0.21471815113527076,0.3076858320139058,0.1558140601667325,0.15581236533782972,0.29550437227322895,train,False,1457
3,400,c,0.05754081258543505,0.0575393204243232,0.0696961625133898,0.030974148921621775,0.03097080710984528,0.3342686952236734,train,False,1457
4,400,d,0.005102952108393004,0.005102895535416387,0.0046409363888610935,0.007797610298207083,0.007797751926171088,0.09871020218373712,train,False,1457
5,400,e,0.1627911120628211,0.1627866400690875,0.22962386772928856,0.14947731943222892,0.1494719899327415,0.33370734568201227,train,False,1457
0,100,c,0.13858189647721628,0.1382578189732677,0.0821134641974919,0.03151675304825283,0.03152848017338464,0.8944102587370627,train,False,1458
1,100,d,0.03413201125012939,0.01223947393614595,0.012990507772192107,0.012782297428947872,0.02082137537785636,0.0639497853002063,train,False,1458
2,100,e,0.22182192679375498,0.22181338854866278,0.24907321313298067,0.1278734938854186,0.12786823184149929,0.3472400975035736,train,False,1458
3,400,c,0.05362612332190496,0.05347122501497924,0.07970844696682415,0.008302851832081118,0.008280969790911356,0.5853614847771317,train,False,1458
4,400,d,0.00393895177437196,0.003939252927416257,0.004072463293224002,0.0019743913243469536,0.001970366149980265,0.015468117195532401,train,False,1458
5,400,e,0.1734829286452405,0.17348112683596686,0.23212556396412784,0.1194527680662846,0.11945640685837657,0.3698185978386037,train,False,1458
0,100,c,0.1638288101916056,0.16387897018912714,0.11824959146259513,0.0836735755939285,0.08367172561387357,0.21711824099637936,train,False,1459
1,100,d,0.028461631398247353,0.02847382247384673,0.018172012980499697,0.03101660390779099,0.03101496218184863,0.04027541971255584,train,False,1459
2,100,e,0.24232018482967405,0.24231086882557734,0.3115663531946948,0.13907173649520793,0.13908119795581847,0.2872146401336874,train,False,1459
3,400,c,0.056236401451094924,0.056313403362960875,0.07559675223390219,0.09432746128911504,0.09423162187109782,0.6676360978894341,train,False,1459
4,400,d,0.014359097765321566,0.014357755772809096,0.008379440923437795,0.012446499594428317,0.012446682924089068,0.1751304347972769,train,False,1459
5,400,e,0.20451465960509643,0.20186949272735116,0.28313479571135325,0.1572537212270126,0.15673267617292275,0.3070294545871514,train,False,1459
0,100,c,0.14114039993104158,0.1411609393875436,0.11911441225872163,0.05710504066425294,0.057095185297966394,0.5770437479515487,train,False,1460
1,100,d,0.015332866304824949,0.015329796347810438,0.019755222283645353,-0.007305917102208959,-0.007306851285153151,0.010057491703314003,train,False,1460
2,100,e,0.1762488715983457,0.1698768223971821,0.26944556822576127,0.1379635907026301,0.1585030905164461,0.2794502469409788,train,False,1460
3,400,c,0.10599949627639256,0.10491063480146985,0.108862384415959,-0.009475179278116173,-0.009575325104933797,0.09127996324704292,train,False,1460
4,400,d,0.006920593742998262,0.006857223696639065,0.00848776822161786,0.0003753842682959352,0.00036042036966577485,0.030878348827576597,train,False,1460
5,400,e,0.19513723567215105,0.19508999071955066,0.25892646346121784,0.15519755785337006,0.15518068799978685,0.3224926208366078,train,False,1460
0,100,c,0.05959193605545257,0.0595850704683804,0.09502521510498038,0.035638570445338476,0.03562876408595763,0.3541090296925804,train,False,1461
1,100,d,0.004240878655341177,0.004262313182806838,0.004126129257349554,0.011785646215278832,0.011754922943460961,0.05605612854582603,train,False,1461
2,100,e,0.1566786247973256,0.15666646077153906,0.26167140329876193,0.14541185896876435,0.1454175770321021,0.300404909249912,train,False,1461
3,400,c,0.05447380237828564,0.054457798826523934,0.07462422823743356,0.00032897183052831735,0.00031610725378200755,0.34427048254890386,train,False,1461
4,400,d,0.008338066277974262,0.012242719904669887,0.00922720287125063,0.023380298812801927,0.020748191242360756,0.09566087304047603,train,False,1461
5,400,e,0.17382864885978105,0.17383258121479797,0.2809845317265774,0.1581448724569726,0.1581397969982848,0.3023220370451947,train,False,1461
0,100,c,0.054344738619224266,0.0543105938055148,0.0881226690915478,0.05203704400030659,0.05202706487677532,0.565954511971783,train,False,1462
1,100,d,0.006240630025766545,0.006240046859200726,0.005949151244770353,-0.011183998192853508,-0.011183742089967587,0.06117034131297995,train,False,1462
2,100,e,0.2142115922468119,0.2142413117625538,0.25034787702465217,0.1676295690385613,0.16762537865114305,0.28263866547578104,train,False,1462
3,400,c,0.0720523043256253,0.07202008398347547,0.0793980691101374,0.07541277658875443,0.07535980000743962,0.4448049089249031,train,False,1462
4,400,d,0.0069645229512379616,0.006964284991839343,0.007710413716838151,0.010016061403920275,0.010016226272072935,0.1350674351290369,train,False,1462
5,400,e,0.185162523965984,0.18515015088081563,0.23225536245852865,0.16773622963350662,0.16772812433776785,0.3365107591751009,train,False,1462
0,100,c,0.08226040784153087,0.0822601046274725,0.10059373633547826,0.04719703777659447,0.04718501053026941,0.5835064147712267,train,False,1463
1,100,d,0.021687345686177632,0.03190414668219157,0.008637993337844915,0.008274744045981386,0.007775823338569979,0.1145609629481638,train,False,1463
2,100,e,0.19782439314120331,0.19678689409808914,0.28419425845793295,0.1424910001167008,0.14249288181927347,0.3045043990317804,train,False,1463
3,400,c,0.05823090696282745,0.05834076316609159,0.07822982748139934,0.04061953941296693,0.04057645549454506,0.6198065096204308,train,False,1463
4,400,d,0.004338844517716126,0.004339000100770387,0.005681202123555221,-0.0076865827625718095,-0.007686927629176328,-0.006964210827821678,train,False,1463
5,400,e,0.18107532520424982,0.18105856383526642,0.23872314302972925,0.14873486985128304,0.1487273623739194,0.3693001485064788,train,False,1463
0,100,c,0.09172980944162626,0.09172495243058827,0.08212042942606193,0.020844567710434348,0.020833482021678763,0.7453181678679868,train,False,1464
1,100,d,0.003594285720063175,0.00359423078751379,0.003941928789476299,-0.00838661304922427,-0.008387015420961355,-0.001414838940019898,train,False,1464
2,100,e,0.24017324106203944,0.24016550518904928,0.34138648048135245,0.13704315042543527,0.13703922927628703,0.3991578371544285,train,False,1464
3,400,c,0.059130293042787156,0.05913244341935963,0.07893840986338098,0.0556784429611276,0.05568289914621829,0.7261294342498474,train,False,1464
4,400,d,0.0036923141614070114,0.0037298475111425,0.004572091069437265,-0.005381155151576547,-0.00541153043908805,0.0011170048753876571,train,False,1464
5,400,e,0.1747830889579479,0.17346407533897462,0.2319059117348181,0.1542484930033376,0.15307208431843944,0.33450094775225053,train,False,1464
0,100,c,0.08331602536862355,0.08331388004585484,0.06397920295814011,-0.06184050230468671,-0.06183987130515419,1.5312772638388221,train,False,1465
1,100,d,0.0033809125129834077,0.003380976166683712,0.0029571205262762714,0.0023856509103347356,0.0023855150055417875,0.04742599985470788,train,False,1465
2,100,e,0.1372612704041255,0.13726202790442146,0.23755667767923996,0.11472727426640184,0.11471915374440052,0.41911271643748793,train,False,1465
3,400,c,0.06499753023288615,0.06473318660415572,0.10355830812885335,-0.013218546488104436,-0.013241644183481043,0.31478945133394803,train,False,1465
4,400,d,0.006751156539674925,0.0067510417690636315,0.006381106630755896,-0.00446845964129114,-0.004468977905647478,0.04007848369752976,train,False,1465
5,400,e,0.17468095627506228,0.17921598125613258,0.295053533861793,0.1460053340625863,0.14729904742847805,0.3597724020953316,train,False,1465
0,100,c,0.10648629119656676,0.10645732568413453,0.07709326656698332,-0.012544164421181848,-0.012554609702902937,0.37168919461059274,train,False,1466
1,100,d,0.005181418867817884,0.0051817938659177954,0.007150555248409676,-0.0026723177436011624,-0.0026724569999339743,0.0943472708415711,train,False,1466
2,100,e,0.16019726349167768,0.16019997582296952,0.20798532912056816,0.09649954908501052,0.09649322076229759,0.3333510871892366,train,False,1466
3,400,c,0.0669037907497129,0.06692411764352778,0.10385452373619089,0.050492011978218586,0.050480615393837386,0.6693592009075943,train,False,1466
4,400,d,0.00575546811522568,0.00575557362747905,0.0056055685942083214,-0.007748035676356224,-0.007748104620902599,0.037426673510141305,train,False,1466
5,400,e,0.17093204116644284,0.17092032865865847,0.3217355843789405,0.14532269066303546,0.14532450189543436,0.3596405295219103,train,False,1466
0,100,c,0.10128264562680935,0.10115361878773639,0.0683204277069556,0.14015509015044336,0.14014564841514038,0.7071231955122371,train,False,1467
1,100,d,0.013446458340083152,0.013446951192482267,0.01066351422368794,0.02592353146794064,0.02592311433477885,0.09346830556708481,train,False,1467
2,100,e,0.16680070871473074,0.16681358720654696,0.20383193991864282,0.1599938659633454,0.15998986851530156,0.2808136488136154,train,False,1467
3,400,c,0.051095819045376925,0.05109007629718979,0.0801956797467696,0.0107116605355003,0.010707868445820452,0.5727465533067314,train,False,1467
4,400,d,0.005351669305702363,0.0053493582349262115,0.0057575947196740595,0.010125093427649627,0.010124240894271974,0.05588831168135652,train,False,1467
5,400,e,0.1797730025920932,0.1797777582562834,0.2858222960757494,0.1425771960571657,0.1425735774066605,0.32792664074729977,train,False,1467
0,100,c,0.05939733647311945,0.05884253942417314,0.07430687935941725,-0.06355059097545664,-0.0636351995153818,0.3603035551887065,train,False,1468
1,100,d,0.002721439156756304,0.002721476011012058,0.0024830956500048666,-0.0014915655431435404,-0.0014917592859073458,0.019955711244732565,train,False,1468
2,100,e,0.18410445771363435,0.18410667041708698,0.25831850236355947,0.10109775453274963,0.10108656060032793,0.383493269444118,train,False,1468
3,400,c,0.06005563211217539,0.05996799826976146,0.07523642646386498,0.07627098990198093,0.07627106576021746,0.5940944021730874,train,False,1468
4,400,d,0.003222855025041198,0.0032228976012333987,0.004340960673168948,0.007548891086966947,0.007548421412272486,0.07728095221015316,train,False,1468
5,400,e,0.17527641182971965,0.17527380196758155,0.26962081207237903,0.16096633483616557,0.16095293055986104,0.31979940216156516,train,False,1468
0,100,c,0.05628486579717089,0.0562839641405776,0.08489083251053181,0.03505833199475454,0.035053393699686027,0.5464693292940219,train,False,1469
1,100,d,0.0077371974945307466,0.007737357007993566,0.0063323372801008014,-0.016227554035775037,-0.01622783465011933,0.015485178274286717,train,False,1469
2,100,e,0.17378248180590147,0.17381394453802032,0.29956223234552243,0.13791060607432948,0.13790288154357222,0.36005836523942597,train,False,1469
3,400,c,0.05944538264318377,0.05943534243775575,0.07418335146687884,0.0499463117745762,0.049941970659015025,0.8938524844170196,train,False,1469
4,400,d,0.0049206759327978375,0.0049200817258988755,0.003828206195836285,-0.005262333141341617,-0.005262738788618258,0.04198492101588116,train,False,1469
5,400,e,0.18501076992920537,0.18501389826430212,0.32387890099476313,0.1324570136584913,0.13245378299978355,0.3187735982990105,train,False,1469
0,100,c,0.12429635041330074,0.1242851752855281,0.09450837171037013,0.14858157718313267,0.14857476191362637,1.0429943511680437,train,False,1470
1,100,d,0.003670299902685193,0.003670313081147454,0.0036234203343158563,-0.011367262403970796,-0.011367650453099145,0.027263753958876116,train,False,1470
2,100,e,0.23274826425240797,0.23271847204185722,0.28440765896621373,0.13647302209352322,0.13645797617914096,0.3855278125123905,train,False,1470
3,400,c,0.053752080958553404,0.05372588689565714,0.07962546481172547,0.01563904787656803,0.01556630338026011,0.9577023791355554,train,False,1470
4,400,d,0.006273260623889448,0.0062735479551735175,0.007221720959551802,-0.002736847572462473,-0.002737032448444339,0.023860477890382245,train,False,1470
5,400,e,0.1897227969059294,0.18970228662518232,0.2463758396025877,0.13244892002713493,0.1324334625503019,0.3488655093951503,train,False,1470
0,100,c,0.053656072618375975,0.04901387461524382,0.06490213927943721,-0.021564845413315725,-0.023567077286981614,0.6093628734693173,train,False,1471
1,100,d,0.0254339652914203,0.02543424912774782,0.01546494984238467,0.030409531564230916,0.030409236999647486,0.07826125797717039,train,False,1471
2,100,e,0.18578629168104407,0.1857909629472123,0.3377977775796232,0.15481482912421599,0.1548066780886103,0.2539646607522081,train,False,1471
3,400,c,0.0876500587169274,0.08366713623882754,0.09214958024291836,0.036367548432281044,0.03586275884712009,0.8456248196711575,train,False,1471
4,400,d,0.011233199389490045,0.011226267161771079,0.005979431305238995,0.02731702128365024,0.027318883938425565,0.12369060604680701,train,False,1471
5,400,e,0.18096670801637646,0.18096921509283997,0.34022566525305853,0.1710148282008273,0.17101586907648653,0.3174775662484344,train,False,1471
0,100,c,0.10303957050506785,0.10305148269215339,0.09662299362171142,-0.06601081745936185,-0.06601545764600913,0.30770492544746814,train,False,1472
1,100,d,0.0371605786726634,0.03721902057443277,0.020634209723144954,-0.005133451784469933,-0.005134589172213175,0.0025206391612672798,train,False,1472
2,100,e,0.23853138541577326,0.23852882195456274,0.3343621012455104,0.11970402694324371,0.11969003125187896,0.383682520187584,train,False,1472
3,400,c,0.05988042872670337,0.05994351402760346,0.07732291924375052,0.08067795539694679,0.0806790945715867,0.7851731760171351,train,False,1472
4,400,d,0.004916896357201708,0.005031533565435279,0.00592719420847492,0.006020359081225877,0.006096493850295453,0.09166860556108533,train,False,1472
5,400,e,0.19170797024830816,0.19173256102338965,0.2640977104731909,0.15980161264690168,0.15992803525971128,0.33953972912727026,train,False,1472
0,100,c,0.10781656648508299,0.10780780584571004,0.0559485199082657,0.08565609543025851,0.08565047162865973,0.7462497147721462,train,False,1473
1,100,d,0.022837514262724703,0.022838896968334826,0.0050625517974215595,0.02471031211493159,0.024709685065706123,0.2275221251785642,train,False,1473
2,100,e,0.22409659810014346,0.22410973570933074,0.23255770203208312,0.10221605386031087,0.10220805834388003,0.34211614473760477,train,False,1473
3,400,c,0.06866607427254552,0.06819987339923517,0.07794808267850911,-0.01999523059947734,-0.020007925595533535,0.4270892495374163,train,False,1473
4,400,d,0.0041491208938418365,0.004747427769724106,0.004777508358569411,-0.007341648749880357,-0.007742795833890081,0.004986509028054709,train,False,1473
5,400,e,0.1764090891926374,0.17641296483325208,0.21837000629562997,0.134473475600969,0.1344600266802724,0.3189510112529435,train,False,1473
0,100,c,0.24713124575018536,0.2471077308171834,0.1603299023158725,0.005258766951461027,0.005213533834279787,0.41734256540020886,train,False,1474
1,100,d,0.01311576185030578,0.013119301719276007,0.01781138126165601,0.007697417458258684,0.007694730748847185,0.10964589682159766,train,False,1474
2,100,e,0.24428302927121742,0.24428729712025515,0.28651928628225815,0.11407916417264481,0.11407236842994813,0.2914629276603195,train,False,1474
3,400,c,0.05711331288333985,0.05712073897398352,0.06896782823677293,0.08158581819697616,0.08152795643787002,0.8259793520193154,train,False,1474
4,400,d,0.007064375975551624,0.007066986552603471,0.006261511960590122,0.01447922087588399,0.01447909259201996,0.04977438722919306,train,False,1474
5,400,e,0.21741157841012718,0.21739562310651667,0.3103614842332164,0.16549558085870936,0.16548443794136503,0.34308781385954445,train,False,1474
0,100,c,0.07279818730887042,0.07279095276522896,0.06536286782667872,-0.03424613609099502,-0.034263595273234845,0.6854087938342048,train,False,1475
1,100,d,0.04567573479807277,0.04568124068090154,0.013165566752277622,-0.01599295316918143,-0.015995909539619203,0.15094959169022595,train,False,1475
2,100,e,0.18194619635399664,0.18194509464767236,0.2807967587052485,0.14484298631076178,0.1448365832399273,0.3081520607685382,train,False,1475
3,400,c,0.05999988586703265,0.05546759105294804,0.08389128082972301,0.06892342289016157,0.07112398904996155,0.9196676327069203,train,False,1475
4,400,d,0.018122953215235767,0.018047665238026103,0.012235118114671999,-0.010891984465834722,-0.01090194032422632,0.021608640757792674,train,False,1475
5,400,e,0.18729278419854672,0.18729208629522037,0.3178213342262627,0.13418929612472125,0.13418400956521578,0.3567741893678438,train,False,1475
0,100,c,0.07008707770396692,0.07000358870706648,0.08472459975732495,0.03750986102952069,0.03751159458168246,0.4386985453130508,train,False,1476
1,100,d,0.012778427813830302,0.01279080604362689,0.010261523026762443,-0.003438494228159801,-0.0034362772672830743,0.010985564629950347,train,False,1476
2,100,e,0.20233963928426735,0.21440150349577503,0.39752046189986695,0.13772155852487444,0.15494013651923502,0.25325864406197474,train,False,1476
3,400,c,0.08577514389504817,0.07956972413857229,0.10105239823038925,0.005404972788773037,0.00449698556391013,0.7204275742930969,train,False,1476
4,400,d,0.004803739739235481,0.0048038807871195735,0.004596235843651495,-0.0007037046701727689,-0.0007040056288002817,0.031137688204383115,train,False,1476
5,400,e,0.13548820648096194,0.1354899335335394,0.25425821629443096,0.15573596282975463,0.1557299185900599,0.335173163869393,train,False,1476
0,100,c,0.1242897211800051,0.1242352954272866,0.08716933784519146,0.13882378246600133,0.13883431691061282,0.6002718323107454,train,False,1477
1,100,d,0.005720256940248014,0.009160251671551049,0.007223578274304143,-0.019745089953272947,-0.02171892770923373,0.002947794511149908,train,False,1477
2,100,e,0.24524303141095236,0.24523641730820184,0.40920803307924336,0.1292605837827276,0.1292599217614119,0.3292874880536226,train,False,1477
3,400,c,0.055317130454728504,0.05532902767459837,0.07095969600710778,0.0827457243570757,0.08272971027259544,0.8120387095160656,train,False,1477
4,400,d,0.004240894162703979,0.0042409691158713896,0.005216219629804873,0.014464697364023298,0.014464344427041453,0.037120999529537124,train,False,1477
5,400,e,0.18886962408491242,0.18886086307406058,0.2769864549366858,0.16224212344423922,0.1622268932117068,0.30477178734783733,train,False,1477
0,100,c,0.19340301758565792,0.1933710564255944,0.11720362393980933,0.04305017192020429,0.043033592420350784,0.27468882198980415,train,False,1478
1,100,d,0.07668987673725591,0.07669826726691645,0.015801830877599784,0.015803192171400617,0.015801665791352466,0.13020810959780826,train,False,1478
2,100,e,0.24294978676366186,0.24296669706206256,0.25872301712982043,0.11552698048397478,0.11552814388029507,0.36402454219285557,train,False,1478
3,400,c,0.0554268949444516,0.05549804201692429,0.078201148575192,0.07407799724971689,0.07402862305829032,0.35159851363484534,train,False,1478
4,400,d,0.006082208364939838,0.011357075717916014,0.006813723874850257,0.007628808425651386,0.0059963318972814155,0.011620585034795496,train,False,1478
5,400,e,0.16543844235417698,0.1655700938272985,0.22360445257635195,0.16382696604976452,0.1638367536766875,0.31933818164440186,train,False,1478
0,100,c,0.09246043615748971,0.0922212885908855,0.10188936664705041,0.04522871364329802,0.04525415990389519,0.6159484424455266,train,False,1479
1,100,d,0.012124278386963514,0.02873821810715654,0.017567897603397418,0.02527725810835218,0.017183488407709148,0.05219151160929925,train,False,1479
2,100,e,0.26281908691248573,0.2628325089474382,0.30785030615692244,0.14011528753954391,0.14010424412908531,0.31546522834295954,train,False,1479
3,400,c,0.05946970247719391,0.059461640683511306,0.09001234999560984,-0.018838052762072125,-0.018840526181134364,0.32048619675933815,train,False,1479
4,400,d,0.005687876129548677,0.005688505853301685,0.006235056928089867,0.0012095439868128467,0.0012088815026876176,0.02808999561403752,train,False,1479
5,400,e,0.17389144749801994,0.17388998417837645,0.25248025337268554,0.1382169169547471,0.13821578574982255,0.35350929663510017,train,False,1479
0,100,c,0.05709114750178428,0.057083554583779506,0.09207789820155758,-0.013562107073684474,-0.013564065129925069,0.39157025186850547,train,False,1480
1,100,d,0.03349101615775564,0.03315698514929707,0.00700012775604933,0.00010370945284085664,-0.0005480112357706624,0.03222040446684696,train,False,1480
2,100,e,0.17834761861730133,0.17832016278393198,0.24355115338220534,0.15536401028735505,0.15536021289328333,0.3826390104697359,train,False,1480
3,400,c,0.05098870877974701,0.08506231937755093,0.07285955735216698,0.05862402936537784,0.04138982788984137,0.8399741537335536,train,False,1480
4,400,d,0.009907202030280669,0.009902986507173563,0.01093651855198025,0.021332778971421985,0.021332436198515978,0.10134445750434612,train,False,1480
5,400,e,0.2397271526099041,0.24465303027778051,0.32405755123594737,0.1850836405817833,0.18568163152477843,0.29203593510392045,train,False,1480
0,100,c,0.13864707814976837,0.1386348573494428,0.1305334937669311,0.025933946041274327,0.025931876516688775,0.810533934549172,train,False,1481
1,100,d,0.012258513311368326,0.012258720256234984,0.006434351793057742,0.016472421058148896,0.01647253292645482,0.1479862659505317,train,False,1481
2,100,e,0.2074231679857538,0.20746145977582298,0.24460186882992832,0.07526257375176101,0.07525849801127485,0.429601583784438,train,False,1481
3,400,c,0.07521810718262119,0.0718378215223572,0.09601117653302278,-0.01181141791201661,-0.012057210809889796,0.5735151662482423,train,False,1481
4,400,d,0.004745771187732393,0.004745848228884211,0.005191203683914585,0.004263960321059717,0.004263445762606981,0.10544299915039726,train,False,1481
5,400,e,0.18851666969244676,0.18855623250133782,0.2874962389006174,0.15363838860292336,0.15363324266752126,0.34079159194599157,train,False,1481
0,100,c,0.06581898309535289,0.06584669914105215,0.10090213482592275,0.025275503157511352,0.025231587960128365,0.6684502851301275,train,False,1482
1,100,d,0.011746771497191581,0.011707646641694734,0.010502285095108855,-0.002477337646908229,-0.002479011625092049,0.005309236105614552,train,False,1482
2,100,e,0.17444364836527654,0.17457211226235386,0.29563439119490736,0.13810310372679163,0.14256425502328973,0.26494670151796484,train,False,1482
3,400,c,0.06167195623951515,0.08843856590480406,0.0752801840082471,0.026524955696991485,0.010300872511429944,1.1069785528307292,train,False,1482
4,400,d,0.0039153487537052,0.003914629272474294,0.004890479438714854,-0.0005117364673407466,-0.0005139825770324613,0.015368324941716728,train,False,1482
5,400,e,0.17777803386635907,0.18045545189855527,0.28991069730575825,0.13698658059891444,0.14145949162603955,0.30592708632607274,train,False,1482
0,100,c,0.08395859532566123,0.08404527520741407,0.10948557530632577,0.004863063630983007,0.004851901274184485,0.6203194948412281,train,False,1483
1,100,d,0.013450644671192353,0.013450569583158479,0.008177203162458662,-0.01347398112182395,-0.013473559065059888,0.1888278338054998,train,False,1483
2,100,e,0.20639311102982244,0.20633313736022543,0.35018100757048737,0.13787485259913962,0.13785800189210787,0.3294818304138636,train,False,1483
3,400,c,0.05245967246993561,0.05245971676724463,0.07802435581678861,0.03443845256042117,0.03443725458926849,0.7517636824441191,train,False,1483
4,400,d,0.006887613848614586,0.006888117991020044,0.005318582623674006,0.013360861385823881,0.013360342769074692,0.04801332213632282,train,False,1483
5,400,e,0.1755618194807052,0.17509456315490918,0.24808762865677167,0.15932592448640384,0.15948733017818298,0.32769200776100715,train,False,1483
0,100,c,0.07495793316682266,0.07480111433768653,0.09413818692200826,-0.04921149044038671,-0.04920471614181366,0.2573336666556617,train,False,1484
1,100,d,0.004253442829033346,0.00425360627127474,0.006467809102316391,-0.013390586814838592,-0.013390983149617544,0.014150884198730972,train,False,1484
2,100,e,0.183405948584072,0.183405204123017,0.2767076762921864,0.1506311151319276,0.15062915646248443,0.23689662917908913,train,False,1484
3,400,c,0.0840748045751205,0.08382402204865072,0.08927878306565827,0.044093288193604606,0.044068045719997,0.9859129314491262,train,False,1484
4,400,d,0.005535583217581336,0.005539704197279603,0.00535057854286805,0.012407514295908672,0.012410870010885039,0.02448974307519439,train,False,1484
5,400,e,0.19360064196449367,0.19361834840027745,0.2647814597985703,0.1434104619857157,0.14340233790924195,0.3361419483004759,train,False,1484
0,100,c,0.13003460423367968,0.13005377218807002,0.16861972897735406,0.06371584351233238,0.06370378140486785,0.7081146415299159,train,False,1485
1,100,d,0.002770218261010019,0.002770313741965613,0.0029376069775920327,-0.007428917808188107,-0.007429239688583352,0.001808419263952814,train,False,1485
2,100,e,0.20592916480610962,0.20148953691478474,0.2715281048976222,0.1765535887417284,0.17649245421349832,0.35237659143670697,train,False,1485
3,400,c,0.11217412446587838,0.1121373385365876,0.08721720387143728,0.02374666575807879,0.023748796652789964,0.8101264572113293,train,False,1485
4,400,d,0.003636064492324535,0.003636072401837454,0.003831407682941554,-0.01637189221306384,-0.016372132417959886,-0.01619592974306995,train,False,1485
5,400,e,0.16422863521718406,0.16422824227914265,0.22280100476171744,0.15931987369335893,0.15931777057554355,0.536899134031639,train,False,1485
0,100,c,0.06226641914950275,0.062273202284416025,0.09964239885055916,0.013225616685784588,0.013216003385542905,0.255371559265777,train,False,1486
1,100,d,0.02702377174404055,0.027039896686759254,0.008819916437429767,0.006212737378898403,0.006203588909604108,0.04046292456572985,train,False,1486
2,100,e,0.23568714138841218,0.23949389781133099,0.37805238567047406,0.1399066222910829,0.14130632495941656,0.30755520659914576,train,False,1486
3,400,c,0.058927478123768966,0.059454093510207834,0.07322249696772481,0.09721480168122433,0.09704292588112814,0.7936896940162714,train,False,1486
4,400,d,0.006220743359141432,0.0062073328629219824,0.005507754504339758,0.010488363988996578,0.01048725179579657,0.024764837952239632,train,False,1486
5,400,e,0.19227649068359384,0.19227362245282723,0.2737600135096685,0.14352917460002104,0.14352341314872333,0.5290321877983473,train,False,1486
0,100,c,0.15009403473839003,0.15011555643375815,0.1359593120877711,0.11823000644527952,0.11821644876145243,0.5157294180177004,train,False,1487
1,100,d,0.033825122001881494,0.03382905504989128,0.03586664933265893,0.013979163773099046,0.013976402072593253,0.11946645696779191,train,False,1487
2,100,e,0.3539609346303513,0.35382244084970355,0.3784247172881863,0.1311312081694002,0.1311072904843558,0.3413859826614288,train,False,1487
3,400,c,0.0544204941527769,0.05441939166312482,0.07142511418439612,0.021502590660260026,0.021503780631751894,0.31543049864828115,train,False,1487
4,400,d,0.004601780580307047,0.004601840520479631,0.0053347475957050946,-0.015477755686491382,-0.015478228346468762,0.020030758784669284,train,False,1487
5,400,e,0.17145332305786817,0.1714569624020012,0.24139912782270465,0.14737149912440725,0.14738442441183505,0.6787361125954509,train,False,1487
0,100,c,0.08053198966245294,0.08037383621643736,0.15160486401694165,-0.024280360420878822,-0.024323881802916815,0.42392575664940696,train,False,1488
1,100,d,0.007170324328641415,0.0071766878365743915,0.005812872314086246,-0.008159216250003638,-0.008163949263324994,0.008593584768727016,train,False,1488
2,100,e,0.20609754085137294,0.20605129981374648,0.22118064743485938,0.05207106581731001,0.05205412917540432,0.29199613896082666,train,False,1488
3,400,c,0.06132389340714762,0.06128208779489097,0.07607235696842803,0.009273702777802413,0.008616715306209173,0.4530065683043091,train,False,1488
4,400,d,0.004804871413547479,0.0048048029356629295,0.006237334398230163,0.007190429283592046,0.00719042117972517,0.0709518555793543,train,False,1488
5,400,e,0.19040048464657272,0.1903638884217751,0.2795647277657982,0.15944746430469509,0.15943382641641812,0.4444678089398117,train,False,1488
0,100,c,0.045968199474662824,0.04596254892078745,0.08827722880034373,0.02927156918694884,0.029262479792428308,0.37794930416712347,train,False,1489
1,100,d,0.008740850635845832,0.008741160590440828,0.006710534413490134,-0.008611044488727905,-0.008611266243460937,0.010271596366824341,train,False,1489
2,100,e,0.22504767018072486,0.22508398114955938,0.3101102317847463,0.18652868555650742,0.1865231257458467,0.2996608990805174,train,False,1489
3,400,c,0.0839899438989296,0.08399070352900559,0.10006860123719762,0.053594429197208485,0.05358830518307691,0.6960228899448714,train,False,1489
4,400,d,0.007956219968575274,0.007956701459006314,0.006721473797590647,0.0024611730866861948,0.0024608336908655206,0.11095723611180246,train,False,1489
5,400,e,0.173255616887316,0.17319259359311615,0.2953595135198155,0.18088802386438643,0.18087934384604062,0.31344105075119233,train,False,1489
0,100,c,0.06804870775485843,0.06799254182115728,0.07592887468531898,-0.0954288360449759,-0.09542317699338128,0.15326301624557864,train,False,1490
1,100,d,0.003900443198403606,0.003900473828289203,0.004525874769157173,-0.029187836437316844,-0.029188337413314436,0.018698564598666874,train,False,1490
2,100,e,0.21606258732554495,0.21598254356127738,0.23914725590566185,0.1276110084719835,0.1275989741189445,0.2923843228002248,train,False,1490
3,400,c,0.0595339327716372,0.059528659088317844,0.08175435971401916,0.03963076867895886,0.03963017107314478,0.48988093842228564,train,False,1490
4,400,d,0.010220929117897402,0.010218249215286463,0.007667075342871341,0.03454449373337319,0.034548028000010084,0.2886688083472782,train,False,1490
5,400,e,0.18150338726522242,0.1815044747815116,0.2802563648140654,0.1818915278375767,0.18188933677108196,0.31179751377330783,train,False,1490
0,100,c,0.07399553990693039,0.07399588479563429,0.06160170449408059,0.12164037523974301,0.12163600828096251,0.7722156710797299,train,False,1491
1,100,d,0.010069167520359997,0.010072641503405708,0.008534416097885673,-0.002835058867678768,-0.0028365490912004533,0.009138589727462136,train,False,1491
2,100,e,0.32463520805235846,0.3246769624843584,0.36797027167544444,0.08611060259501307,0.08610393136537817,0.25766050699553966,train,False,1491
3,400,c,0.05347534035909823,0.053455544935744885,0.08295334096087185,-0.023324389202643018,-0.023326858856085052,0.6598630855861615,train,False,1491
4,400,d,0.007058733911550133,0.007059863487082525,0.005732034938620903,-5.002555741260295e-05,-5.070645393224993e-05,0.07429903952590539,train,False,1491
5,400,e,0.17162692245355135,0.1929541866196262,0.2683160364749948,0.1424509841723331,0.14654231510430443,0.33590479922323024,train,False,1491
0,100,c,0.16433510422350753,0.16432298608027682,0.13027424662227585,0.11960885900802368,0.11958761792463662,0.6480243642734739,train,False,1492
1,100,d,0.006361919622603753,0.0086727084498201,0.007547503522212624,-0.007095382023547163,-0.008928289793242996,0.02752734404404281,train,False,1492
2,100,e,0.1761782543970316,0.17618002386742418,0.23822678072308912,0.07189439464605073,0.0718902680541069,0.3378201278649503,train,False,1492
3,400,c,0.05648793024711388,0.0598802374441666,0.08154571964596342,0.04091647625764736,0.03808909463134391,0.975001232188622,train,False,1492
4,400,d,0.004041233846250244,0.004041400224197748,0.004545806974920869,-0.002529253497127897,-0.002529776454936066,0.03132889304781886,train,False,1492
5,400,e,0.18240311140782675,0.18242829476418,0.301852591634597,0.16539226032377166,0.16539049115842921,0.36624583686872997,train,False,1492
0,100,c,0.06472177797872808,0.0647662876956232,0.09348215274180516,0.016981354186554113,0.01697859683521308,0.7226921636381155,train,False,1493
1,100,d,0.006224046416200394,0.006224624687919392,0.004438733908589266,0.01759013709062234,0.017589803908827265,0.06629026075580136,train,False,1493
2,100,e,0.17450009552569934,0.17452089866665435,0.29094973523804785,0.1292836968526931,0.129278940756744,0.35711513811286894,train,False,1493
3,400,c,0.05700683008926755,0.05700132488215645,0.0869991491214528,0.017827509615943954,0.01782483039453517,0.9116229055652866,train,False,1493
4,400,d,0.006991849371909253,0.007033004548982459,0.006916981822466909,0.016489264757084728,0.016483085068870713,0.030610545729905406,train,False,1493
5,400,e,0.21285122727699268,0.21278853186699156,0.301955859690467,0.15555351826655714,0.15554071446519846,0.3064181997474685,train,False,1493
0,100,c,0.05456152656593992,0.0544210608607364,0.051551081066580455,-0.07281655209957705,-0.0727929038838532,1.0041819652895851,train,False,1494
1,100,d,0.005416517486501583,0.005416571227741165,0.005351160435921689,-0.021505304075112548,-0.021505736279427853,-0.0002991232668434485,train,False,1494
2,100,e,0.15805522776807512,0.1580889872337477,0.21137351924228676,0.04926157834151184,0.04926889744599379,0.34950597232803715,train,False,1494
3,400,c,0.0644850854259762,0.06440655018099566,0.07156536360908994,0.06151186566387189,0.06143852284660063,0.8746591529145488,train,False,1494
4,400,d,0.009442279926367803,0.009427993426778483,0.007141497810507867,-0.009868000581397585,-0.009874760683017935,0.08038787960714723,train,False,1494
5,400,e,0.17179764902455325,0.16783372179408412,0.2889074089004475,0.16179204971463704,0.16236657302843382,0.3408236538466932,train,False,1494
0,100,c,0.05810318428467846,0.05809394242073525,0.07552396823875826,0.022440262448387573,0.022438148075218507,0.2753737628408406,train,False,1495
1,100,d,0.015022799236431541,0.015050302908846909,0.013027921900771611,0.016042813081340732,0.01603972472193956,0.027278900369414317,train,False,1495
2,100,e,0.25277267851278806,0.25277811887265095,0.2871582763205806,0.1365118115890582,0.13650778472836286,0.26773640820444533,train,False,1495
3,400,c,0.06986674166419377,0.06920228666627419,0.08559841383782736,0.05052129309168791,0.050486684927687764,0.8922616063935345,train,False,1495
4,400,d,0.016483209518199416,0.01644292025985898,0.012143324182366341,0.005480241538864181,0.00546697769065311,0.07946430589860039,train,False,1495
5,400,e,0.2010100072385543,0.20097505962954376,0.2492773572619537,0.15350902295018876,0.1535016625635445,0.3280194640476789,train,False,1495
0,100,c,0.04619345808881545,0.04619320016407557,0.13969195556770558,0.011231497961948023,0.011232098783043156,0.980128819647617,train,False,1496
1,100,d,0.005035278653909902,0.0050351680146907725,0.004220785152196908,-0.01962904229721458,-0.019629503818983825,-0.015713499324657505,train,False,1496
2,100,e,0.21625617391349258,0.21613032829763512,0.26065003205761245,0.051471476510350986,0.05145583738334146,0.3379242731876577,train,False,1496
3,400,c,0.06265635770238291,0.1172847291394313,0.08976980188588993,0.09798367176006892,0.06993228721890703,0.8767222850929067,train,False,1496
4,400,d,0.005216019131196726,0.0054004346680601376,0.0062590049245127176,0.018233433172038876,0.018352847091301853,0.1770693043437135,train,False,1496
5,400,e,0.20034591084232095,0.20142987046387337,0.27235671718596766,0.1436920341882937,0.14658162445046238,0.33600607580214614,train,False,1496
0,100,c,0.10329820915409382,0.10332878387051016,0.14845965025377592,-0.0010235009163859132,-0.001028636877039233,0.2637107208141555,train,False,1497
1,100,d,0.01784301760006101,0.017846695357310646,0.017376664290398608,-0.008239169173462173,-0.008241445100765504,0.04982886326737058,train,False,1497
2,100,e,0.19596173246746132,0.19592456848865414,0.2091484703364757,0.13891584314329852,0.13891146914793925,0.31114704877696675,train,False,1497
3,400,c,0.07464782434006109,0.074591886810219,0.07873958583637541,0.09768815123146532,0.09767944176353822,0.3936093969023369,train,False,1497
4,400,d,0.034261438148035776,0.03427992400986822,0.008884133691513777,0.033138268061034676,0.03313027271535745,0.22657133688773276,train,False,1497
5,400,e,0.2391468351570898,0.23916327929014514,0.3015141641842183,0.1469961568592156,0.1469839397097645,0.3235142537127879,train,False,1497
0,100,c,0.05535410199460945,0.05535445555750685,0.12303140196637484,-0.0450926604878125,-0.045091020270073015,0.6593264382807422,train,False,1498
1,100,d,0.004311477902912909,0.004327630568272176,0.004224759523488214,0.005743564252871973,0.0057354881934507775,0.055953945449019785,train,False,1498
2,100,e,0.2083217446915931,0.20834204254164185,0.1958341137482716,0.029186795553330213,0.029178072373979482,0.3708365419504032,train,False,1498
3,400,c,0.06291124412739585,0.06291279679597958,0.08684863593742202,0.06464682873697385,0.06464442134235326,0.4905609650904934,train,False,1498
4,400,d,0.005215696055130732,0.005266808897285053,0.006211644342204618,0.01808641085221888,0.018317031280314887,0.1126085819420231,train,False,1498
5,400,e,0.17851576200500863,0.17854176633036137,0.24709799472894822,0.15727176522222666,0.15725830383200037,0.2828074136897789,train,False,1498
0,100,c,0.08234283766979505,0.08243885202271446,0.08426381099238968,0.0993063215496926,0.09927969401032456,0.5129606313816353,train,False,1499
1,100,d,0.00622555308206405,0.00622567059785165,0.005503970998873159,0.010528539216518258,0.010528196982721295,0.018062056896621197,train,False,1499
2,100,e,0.20901597818750975,0.20906062276452414,0.2773365549822706,0.17789756853561442,0.17789323056562822,0.27745536060798787,train,False,1499
3,400,c,0.0526182168138493,0.052618894359851016,0.06995012276254499,0.057402680425068055,0.057410685924800406,0.49723437231837997,train,False,1499
4,400,d,0.007373770962387605,0.007374053641326417,0.006653467979512983,0.008453389848092777,0.008452968038495498,0.034913003113709776,train,False,1499
5,400,e,0.16567727805653448,0.16564961596194616,0.25014509796945883,0.1516189832363235,0.15160735611099788,0.3132443010524243,train,False,1499
0,100,c,0.06611964224699804,0.06611910783520668,0.1114255990482452,0.04536285482269015,0.0453594673549685,0.3420525007907211,train,False,1500
1,100,d,0.007834409417469247,0.007841223264602931,0.010873286732456253,0.00721403350181971,0.007213358810345056,0.05266444010228422,train,False,1500
2,100,e,0.20442962600363562,0.20875119951100912,0.2953028925809544,0.16863263606029288,0.16901128114943992,0.3056589846773926,train,False,1500
3,400,c,0.06745717303923772,0.06745679820506874,0.10173595001928469,0.06791116148989772,0.06791028301191254,0.469977347487127,train,False,1500
4,400,d,0.0074281178267610925,0.007397889849007784,0.007237227369544507,-0.0003891085102733882,-0.0004014649864521758,0.024974646493299987,train,False,1500
5,400,e,0.176484456811346,0.1764834138327439,0.22517883204101327,0.13982305624713867,0.1398151794406629,0.522811542616727,train,False,1500
0,100,c,0.06948142023467702,0.06945126772083272,0.06216133293120842,0.004618836936393365,0.0046072859263434655,0.3154438237252251,train,False,1501
1,100,d,0.004361045470704494,0.004361142809410353,0.004906026845727134,0.0034066869918284583,0.003406536043018775,0.03707989114731527,train,False,1501
2,100,e,0.20979040972754473,0.2098073251388536,0.3396900338098887,0.14956203000222637,0.14955901170795521,0.3814759607234561,train,False,1501
3,400,c,0.04966177985695414,0.04970602574894184,0.08285454173302842,0.025749594495889597,0.02568891100693179,0.6665955066789224,train,False,1501
4,400,d,0.022495849067720872,0.022486195529626104,0.006285901158408375,0.0070113007019058675,0.006998031534059415,0.14896802977258655,train,False,1501
5,400,e,0.19967976684734332,0.19962170701676893,0.28547371242231445,0.1465684463197224,0.14656012764266885,0.33135486504264056,train,False,1501
0,100,c,0.05487020005301348,0.054885484516207644,0.06257652268952273,-0.03747979312841196,-0.03750662289110224,0.7997720614972053,train,False,1502
1,100,d,0.009413422821653882,0.009414241766788177,0.006772944298091519,0.014942475020564921,0.014942341660133458,0.14926354354275534,train,False,1502
2,100,e,0.2122869695598775,0.21228694501693446,0.3121624277308341,0.14611522728719398,0.14609881769864547,0.2778999511536995,train,False,1502
3,400,c,0.0638355640552113,0.06385043499723436,0.097935912332462,-0.0002134091702082941,-0.0002350262660824143,0.3523742997615989,train,False,1502
4,400,d,0.009249332045856403,0.00919734838287711,0.007819586042711232,0.017118913565021234,0.017055893980452215,0.08373852373401172,train,False,1502
5,400,e,0.1974396055118946,0.19744577406402664,0.2772373880223058,0.15806250479246114,0.15805037181548154,0.3193673771718237,train,False,1502
0,100,c,0.11211047853515238,0.112089377430816,0.053567732203077645,-0.0043266107751474435,-0.004285521778318539,1.4905390445731155,train,False,1503
1,100,d,0.008977104189866797,0.008981464647000786,0.01179066528613753,0.0017887733100877413,0.0017876932046625704,0.011193805922005761,train,False,1503
2,100,e,0.22565604887515622,0.22565589249621676,0.28772822426299227,0.11632210794900409,0.11630958120413588,0.4245818665398118,train,False,1503
3,400,c,0.057873833646237494,0.07346678171356387,0.09195400758014481,0.09377756107794966,0.08767991142294648,1.0222158841320748,train,False,1503
4,400,d,0.005499404670711075,0.005499811105277133,0.005228625771467754,0.006718067221497322,0.006717843408434803,0.0857653131949239,train,False,1503
5,400,e,0.20644377665437422,0.2048189530262523,0.2888081706034672,0.15170919117145856,0.15164162548722077,0.32253514052002885,train,False,1503
0,100,c,0.05974153591902003,0.05974027228438364,0.0939201296298916,0.04197877870905977,0.04196369619721857,0.6392468672720425,train,False,1504
1,100,d,0.006887815865861865,0.006887049535669154,0.0069215585498604345,-0.013368671344622865,-0.013368195655558726,0.05921807897174183,train,False,1504
2,100,e,0.15501954430905532,0.15495168767598247,0.1792792310880964,0.12265092268543747,0.12265661196502813,0.3571842942607607,train,False,1504
3,400,c,0.05446372635077422,0.054532901486966524,0.0754694581969731,0.037476664382711036,0.03742488219783312,0.7229258258201793,train,False,1504
4,400,d,0.005350496908736712,0.005377322916898867,0.005951495280159162,0.0069159798092291785,0.006908106712991291,0.01803176219738532,train,False,1504
5,400,e,0.16505657961817022,0.16505348884687016,0.2768139854899275,0.1876108850613258,0.18760437963859183,0.2778469805621191,train,False,1504
0,100,c,0.0708150178017446,0.0708566121640049,0.05071685762968505,0.02133019282333734,0.021252804691635204,1.1379800544285872,train,False,1505
1,100,d,0.008239058988470169,0.008239280045141024,0.004903019901623987,0.009232277763645129,0.009232047759845336,0.13261734035539224,train,False,1505
2,100,e,0.1924384001470776,0.19241108406825316,0.3191542348216007,0.13998951155017586,0.13998914979036364,0.3689199379835795,train,False,1505
3,400,c,0.11590873916887302,0.056911876679695904,0.08116070755025508,0.02235421290446709,0.03543535323583484,0.22999226649974233,train,False,1505
4,400,d,0.0033106589997079555,0.0033108448654097177,0.004325530406737438,-0.0020107442226539617,-0.002011120741755157,0.04824775726717336,train,False,1505
5,400,e,0.18467277117748945,0.1846771264763889,0.27441603178954976,0.13919416261873457,0.13918335698977657,0.2988773464113148,train,False,1505
0,100,c,0.08826137146802468,0.08829500843642457,0.06530430034632491,0.07377703405389965,0.07376574839459195,0.604520267733815,train,False,1506
1,100,d,0.005449807017988757,0.005446497503473008,0.0066518221957945324,-0.01592368240442376,-0.01592361321846024,-0.011240348917568657,train,False,1506
2,100,e,0.2355188954730685,0.23553205218224454,0.29810843637305756,0.09607188794222445,0.09607626292390542,0.36643239827853746,train,False,1506
3,400,c,0.052943229082018706,0.0529409204578556,0.08624619482725321,-0.0018210215894252002,-0.0018228722801057274,0.26138238531193053,train,False,1506
4,400,d,0.006360278539822433,0.006360401114579692,0.0070091849906105345,0.00625741714635101,0.006257115312449049,0.028560125970271386,train,False,1506
5,400,e,0.16355234930978085,0.163546431340431,0.28687157405233316,0.15277501670994167,0.15277918201031962,0.3240769392612883,train,False,1506
0,100,c,0.06329501931302554,0.06329553940378516,0.0798716333846495,-0.13307427079650616,-0.1330765183187849,0.13507150374906643,train,False,1507
1,100,d,0.00366535197262278,0.0036654440307325015,0.0033492292951763127,-0.012949146168762837,-0.012949236122499421,0.016541125868896618,train,False,1507
2,100,e,0.09354189323260123,0.09355774572010123,0.16494914232253083,0.12574550380077532,0.12573326579053848,0.2985641129972337,train,False,1507
3,400,c,0.059361933301084704,0.07905457708953142,0.08796619123818203,0.050127001890317116,0.0447835996961188,0.5131872354983734,train,False,1507
4,400,d,0.0053518688624106005,0.005502710892025701,0.006118472447461375,-0.00393381874014997,-0.004146836724386223,0.04216102718359474,train,False,1507
5,400,e,0.19089298274846167,0.19088987906172458,0.29038158725938074,0.18778829323181095,0.18778171557510948,0.4060491995646596,train,False,1507
0,100,c,0.06362432319079668,0.06362022145667945,0.10524245871268846,0.06650765656695612,0.06650388190760637,0.5162729627028096,train,False,1508
1,100,d,0.009652693969694159,0.009664440513751428,0.008703430338307552,0.005693299206871476,0.0056889378390860305,0.12867581810014042,train,False,1508
2,100,e,0.19265140856759777,0.1926442328222172,0.2301371742823303,0.12327237827477142,0.1232639356739245,0.3248620801004649,train,False,1508
3,400,c,0.04855579420011252,0.04855456070883875,0.0686878604738213,0.005131400089647897,0.005124864697118383,0.6288342753212193,train,False,1508
4,400,d,0.006625183189412283,0.023801869423467056,0.00730357135296473,0.01194861911224926,0.005522070207842447,0.13881162437282746,train,False,1508
5,400,e,0.18592412010247053,0.18533899768175238,0.31417762762357226,0.17314229263823094,0.17316210403561122,0.35917037550792513,train,False,1508
0,100,c,0.13121736464068431,0.13132755034347882,0.09575918314130735,0.034692622819266036,0.03463368684187245,0.37162928218043534,train,False,1509
1,100,d,0.04408259545617449,0.04408238313755091,0.018777726139401797,0.014085195294763988,0.014079901970171846,0.18606876836923383,train,False,1509
2,100,e,0.269701129733925,0.27330953512897815,0.3586602990178239,0.14168558333090958,0.14168902105970957,0.3084503425143517,train,False,1509
3,400,c,0.058998139439199536,0.059028764710013434,0.09425836205901081,0.06028285564494602,0.06024868296103456,0.4287301079668785,train,False,1509
4,400,d,0.010273360666341134,0.010276339104135437,0.009663783689827616,0.010600264688697082,0.010598543186102293,0.013245730291873859,train,False,1509
5,400,e,0.20491335195548593,0.20493699187939649,0.28233303352204564,0.16081237813130872,0.1608031583119649,0.27748185026520894,train,False,1509
0,100,c,0.06759832627858957,0.06759947572536029,0.10924672367159177,0.04785470159526824,0.04785437717508373,0.6128477315650378,train,False,1510
1,100,d,0.010834849397665476,0.010836614446688162,0.008711170587038188,0.016515684228884987,0.016515683418754375,0.09370724640562657,train,False,1510
2,100,e,0.2736345582984263,0.2735675662194388,0.3996156272234327,0.14811768088827865,0.14810724473532763,0.34358145666514156,train,False,1510
3,400,c,0.059082495889516216,0.059088798858022915,0.08529394798170895,-0.012888126648750386,-0.012905488150418806,0.42124926464030193,train,False,1510
4,400,d,0.005336931509090464,0.005321122257878622,0.005321252669779398,-0.005072998607651389,-0.005072207130101543,0.10625663311085116,train,False,1510
5,400,e,0.1935985568655581,0.19359405651751702,0.26364314206825673,0.14980401444694447,0.14979622418321167,0.3764111990931713,train,False,1510
0,100,c,0.05231631318082699,0.052314561260341126,0.0864564675524771,0.03359608111398501,0.0335930119564199,0.25151696262669476,train,False,1511
1,100,d,0.023478268751680444,0.023481491731141134,0.013328346488122216,0.017842562799556382,0.017840744008410958,0.08479727401551759,train,False,1511
2,100,e,0.3249627993562749,0.32496839304952063,0.4238720285581323,0.13061041382690378,0.1306083022507236,0.38120902650638444,train,False,1511
3,400,c,0.07050633105199695,0.07059332756218333,0.07287366978742085,-0.014857790743946424,-0.014868559676228656,0.44793795942308245,train,False,1511
4,400,d,0.0036488245377608764,0.003658069872040162,0.0041785330982476235,0.004909084062394182,0.004905792930391435,0.02777703920969472,train,False,1511
5,400,e,0.17120418549013505,0.17120134405942555,0.27062032147378146,0.16393734342933364,0.16392919278841525,0.35167564684387287,train,False,1511
0,100,c,0.057947155680724734,0.05791374633438063,0.0882788660919023,0.02383449412514523,0.02381076554738151,1.1368889499723516,train,False,1512
1,100,d,0.020672908742664555,0.02068235380147495,0.017221511717793774,0.009525705451023506,0.009525500762545,0.010302076524991098,train,False,1512
2,100,e,0.2785759085350682,0.2785170390728195,0.245084898574251,0.10494573993285759,0.10494752842076598,0.2539676154510224,train,False,1512
3,400,c,0.062325778149957385,0.062327081687835274,0.09749921104033504,0.07377886087066365,0.07377916691493554,0.6302474093831537,train,False,1512
4,400,d,0.006340641038050979,0.006340856853594768,0.008935086923329123,-0.009837221048936478,-0.009837751105208313,0.05340637385986579,train,False,1512
5,400,e,0.19030667419077382,0.19030383261925932,0.2559260939613414,0.14028558285064208,0.1402804353807413,0.28194189984484225,train,False,1512
0,100,c,0.06546863557122201,0.06547329179291125,0.07477398639532815,0.056603186642424745,0.05659624915801359,0.7425552362961659,train,False,1513
1,100,d,0.018660542534889673,0.018670059957379716,0.011204187294439047,-0.00750221957661779,-0.007503734914949068,0.020270506745778186,train,False,1513
2,100,e,0.16481709903843875,0.164817832181193,0.27928122219558804,0.16677830492337145,0.16677529233773272,0.29792833488486237,train,False,1513
3,400,c,0.05557720875723494,0.05562878771878183,0.10077591662015678,0.07390844809301533,0.07386380582864,0.4799742037055975,train,False,1513
4,400,d,0.011973749459483311,0.011968351887101216,0.010722105771513302,0.004474548430516485,0.004474039704948219,0.025319492510080845,train,False,1513
5,400,e,0.19772158302117288,0.1968968963571122,0.2571583638035079,0.15652289561636346,0.15650474984202908,0.29343389874934,train,False,1513
0,100,c,0.06000551203281575,0.06000575148841758,0.070994134849769,0.0427438843413826,0.042732823530104866,0.41629073527901306,train,False,1514
1,100,d,0.009088220088804593,0.00908798739972119,0.009377147798041633,-0.013091109833951117,-0.013091358289177358,-0.012800584878875351,train,False,1514
2,100,e,0.15815720226425103,0.15815461488550236,0.2612056500685439,0.1325860127007936,0.13258228385865636,0.3083796580941025,train,False,1514
3,400,c,0.0574357249076605,0.05828735705487689,0.0980491917879596,0.07017416499752833,0.06877943490832714,0.5852745762195878,train,False,1514
4,400,d,0.007177692896112686,0.007166061319221676,0.006419477623587787,0.00952791928522645,0.00952110810029252,0.0361129676143317,train,False,1514
5,400,e,0.2112250674415267,0.21120006356247145,0.3257721437632935,0.15660446610701542,0.15660125689757343,0.30182569465457104,train,False,1514
0,100,c,0.057717481469733746,0.05772721776202583,0.07527300035482297,-0.0027614697218388785,-0.002770014773939167,0.9171600020132411,train,False,1515
1,100,d,0.024825263926066512,0.02473154720525607,0.010111789594568292,-0.0077244615875809155,-0.007727755752611127,0.09846846783162702,train,False,1515
2,100,e,0.15853380428463626,0.16213114346937776,0.2839302640566417,0.12313907877472041,0.13622040703701033,0.2983734469000698,train,False,1515
3,400,c,0.08486803258153508,0.08309988713446578,0.0788612380277484,0.09415604503631926,0.09431464620005428,0.6263302788330454,train,False,1515
4,400,d,0.009019719955685176,0.009062899465939155,0.005762004292914101,-0.002534994773292567,-0.0025365746807668368,0.023063792377857287,train,False,1515
5,400,e,0.19990908285301628,0.1999235246300967,0.30620427255093285,0.16234356107590078,0.16232961308225735,0.31405625779881574,train,False,1515
0,100,c,0.11146904517113879,0.1115154653149497,0.0908675222940371,0.06550365992630092,0.0654820727047688,0.7986694388394158,train,False,1516
1,100,d,0.004372934081720211,0.004372934608229219,0.004512676912004714,-0.04098729385220878,-0.04098767010181088,-0.013645940944412783,train,False,1516
2,100,e,0.12569281577676475,0.12568922655302253,0.19891526014632624,0.10958928653879917,0.10959040356806085,0.2638350766515744,train,False,1516
3,400,c,0.04979313744184235,0.04979052625210965,0.08263017819607743,0.017172655417480698,0.017168200396986678,0.5973692006661124,train,False,1516
4,400,d,0.004603970728215502,0.004603993929082604,0.0057440830960977605,-0.004875900918890039,-0.004876002986025636,0.08891355834768612,train,False,1516
5,400,e,0.15713029753356822,0.15712713208063073,0.23455374526627082,0.15854181531628933,0.1585345996155318,0.35058477788677855,train,False,1516
0,100,c,0.06387297638237624,0.06387862893341942,0.06450204257063624,-0.009407514253481112,-0.009416939836210787,1.0601938696708728,train,False,1517
1,100,d,0.0021481310668177477,0.00214824416995129,0.0018456390512996213,-0.013240293149118542,-0.013240576222964578,0.0026949300290375787,train,False,1517
2,100,e,0.15825982996303742,0.15824585599127355,0.2449790092346143,0.13016881248522486,0.13015436896870436,0.3460977511634536,train,False,1517
3,400,c,0.08778368470237023,0.08779225989915383,0.09616517936569866,0.08235099315754539,0.08234303519232228,0.5479361526239964,train,False,1517
4,400,d,0.00491911894097464,0.0049201049386859135,0.004395331476781333,-0.0015087015718573938,-0.0015093754884753351,0.024042801269907786,train,False,1517
5,400,e,0.1641807865976955,0.1641827009200996,0.2787274908066852,0.13957227702891462,0.13956583418373972,0.3521352847777126,train,False,1517
0,100,c,0.05739328585295213,0.056585169886686895,0.10285312101720448,0.09765697506761142,0.09724171432189892,0.5437343460403001,train,False,1518
1,100,d,0.005564985537032081,0.005564987780686577,0.006157424378618369,-0.019729251256046822,-0.019729502085632795,0.035434604161414696,train,False,1518
2,100,e,0.16482971753441267,0.1628651021778472,0.2225500790709973,0.12585699158183147,0.14135422244226284,0.2736348801122497,train,False,1518
3,400,c,0.08000464485029085,0.08032373759363613,0.07849456947419196,0.08650120463105906,0.08651062408249004,0.874005801828763,train,False,1518
4,400,d,0.003946864586213916,0.0039470541938816635,0.004912988659384471,0.0039514936814642,0.003951334775985309,0.09706831435741264,train,False,1518
5,400,e,0.1583710477819839,0.1583652637333776,0.24563337610790398,0.1702518787890866,0.1702452576888689,0.336203621120173,train,False,1518
0,100,c,0.18838901564372146,0.18843132369069124,0.10855863349538694,0.009990771823731705,0.009977007022940684,0.960174572487809,train,False,1519
1,100,d,0.014515225602921568,0.014503217362047871,0.011068899904226387,0.011657839399267154,0.011659503550985164,0.03647155831908279,train,False,1519
2,100,e,0.22529846633072473,0.22533532132798093,0.28553731151950595,0.18301104256734455,0.1830041674279695,0.29703751989718385,train,False,1519
3,400,c,0.06648302796286404,0.06538215039921692,0.0820807379296415,0.005099154469633405,0.005099622802006252,0.6366392535492825,train,False,1519
4,400,d,0.00714346848083188,0.007148878378396162,0.006498619560180575,0.010158213660787023,0.010153138729432422,0.041041819029562415,train,False,1519
5,400,e,0.18094169849297437,0.180824994072872,0.2717879358142105,0.15223801214841332,0.15221427565708281,0.31321971645092395,train,False,1519
0,100,c,0.07108978126998301,0.07110199264578781,0.131078867338947,0.009632228765278583,0.009632261819859097,0.23660686391383406,train,False,1520
1,100,d,0.005679588660699713,0.018304228977808396,0.005353270035262819,0.012853947156141441,0.001952057991063274,0.12679009674764177,train,False,1520
2,100,e,0.177175717795,0.18023264453684107,0.2707092785427248,0.13237163659322446,0.1324932499281952,0.275244142113446,train,False,1520
3,400,c,0.07525010001120096,0.07242317344419724,0.07327384524264981,0.08259894750746753,0.08266214076942774,0.45120514965332875,train,False,1520
4,400,d,0.009006326509971579,0.00901104527012422,0.010488479736338631,-0.0006986882954207907,-0.0007004604202094633,0.035006575352996006,train,False,1520
5,400,e,0.19879025007947498,0.1987853270192528,0.2916509179929296,0.1685037130547031,0.16849471939573185,0.290722798963263,train,False,1520
0,100,c,0.0683341144136766,0.06832933998391191,0.12141542801500395,-0.04888084965358907,-0.04888318908462168,0.2891435648904876,train,False,1521
1,100,d,0.0040536720212479916,0.004055077416469415,0.0056671933543787035,-2.0361585291261976e-06,-1.210066610862981e-05,0.02736578964374061,train,False,1521
2,100,e,0.22151252919409242,0.22155319522293201,0.3406611895535543,0.12614031554951333,0.12612998926316252,0.2867580984578079,train,False,1521
3,400,c,0.05742012972397712,0.05741688676623011,0.06782747206863107,0.045171851918999265,0.045179537447645406,0.8211301018925198,train,False,1521
4,400,d,0.004511940130371487,0.004512190652958931,0.005234520797401194,-0.0032212577728896186,-0.00322153567137633,0.038899330294180245,train,False,1521
5,400,e,0.1654803904148329,0.1654747981764615,0.25078574037268053,0.1872582958085767,0.18725490020220292,0.3158448861589467,train,False,1521
0,100,c,0.08067652142295005,0.08075322660979509,0.06929200221855193,0.11160206415871762,0.11155875663686579,0.61266123020273,train,False,1522
1,100,d,0.00812188999458257,0.00812186972001374,0.009116326851707346,-0.024197987057443235,-0.024198473253925778,-0.019617801761691228,train,False,1522
2,100,e,0.18924340736023348,0.1972486245877449,0.22208888155602297,0.07517682962939738,0.088305304814876,0.33304800403280227,train,False,1522
3,400,c,0.09306307988617706,0.09315899190316809,0.0665807696510279,0.07146507038268808,0.07142792541753294,0.5457455974460195,train,False,1522
4,400,d,0.00949330913078993,0.009495447010536813,0.00624121096804833,0.015509937653985376,0.015508939612832258,0.15844696652427157,train,False,1522
5,400,e,0.18045245185918046,0.18034844655992027,0.26245454766982457,0.16759792355558367,0.16758797624613236,0.32577910844924596,train,False,1522
0,100,c,0.05143629545123265,0.051442433391699,0.07605290795115954,0.07972771516161174,0.07971100920107801,0.8561099715774314,train,False,1523
1,100,d,0.011702544176847341,0.011700098525694808,0.004832282305775865,0.005602988203334558,0.005603497636288033,0.1403499510198264,train,False,1523
2,100,e,0.20404898231442684,0.2039265274969277,0.3002808037595272,0.11688113336070345,0.11687243457887654,0.3712535762147357,train,False,1523
3,400,c,0.06465132322719246,0.06465501267352634,0.08771605063446458,0.08984800264669239,0.08984341049856048,0.6306588939247953,train,False,1523
4,400,d,0.012196548114004,0.012204981204109153,0.008294724327176727,0.007778496896157208,0.007776884685516024,0.0150313133189964,train,False,1523
5,400,e,0.18230732502501723,0.1828011361872493,0.24411904939195356,0.17233855046990187,0.17346475549015303,0.33083606901351476,train,False,1523
0,100,c,0.07210284851430251,0.1369165952411705,0.0955737857168668,0.04269436616946472,-0.005662981236452254,0.7920596591169594,train,False,1524
1,100,d,0.008483283671906771,0.008482819532835969,0.008540075933164068,-0.0004661987290449865,-0.00046665790292161447,8.276930295631147e-05,train,False,1524
2,100,e,0.21318560358818456,0.21318292069505532,0.3108886070451989,0.16972252249920416,0.16971898820085338,0.25758481063636934,train,False,1524
3,400,c,0.05543798745051081,0.0554521429658384,0.08723794520654214,0.010836622727141362,0.010845645125329498,0.6727783453788737,train,False,1524
4,400,d,0.005574094234445882,0.005574984480437235,0.005261068049151421,-0.004342425483552859,-0.004343129976586475,0.08396061478793787,train,False,1524
5,400,e,0.17206351630285535,0.17206739238969262,0.23849973490150778,0.15930369134576353,0.1592851296920091,0.3188267544534278,train,False,1524
0,100,c,0.06931164251710893,0.0693197499214964,0.09166257768810734,0.004756621650563133,0.0047520777359591196,0.5539822092368796,train,False,1525
1,100,d,0.007019584622068697,0.008797549637058562,0.008613775609054521,0.0014034504257094938,0.0006062909997279675,0.0654261934678978,train,False,1525
2,100,e,0.1525178930792064,0.15224580539447977,0.23446112925269386,0.12445866757183932,0.12391747645453126,0.3509738709621746,train,False,1525
3,400,c,0.0602787238444609,0.06027734150610543,0.09925430149397857,-0.021371528526574084,-0.021374441947917048,0.5026117429688928,train,False,1525
4,400,d,0.01043093171204727,0.01055797386190651,0.008982153923842197,0.0044022566538913215,0.004378407374087932,0.02811136431528233,train,False,1525
5,400,e,0.1830439897223362,0.18291938526869317,0.28658803288780227,0.16326075211127786,0.163250395405231,0.28214967019685117,train,False,1525
0,100,c,0.04417257213508989,0.04417018417747801,0.07449966038676054,-0.024454367742006867,-0.024466105420337315,0.3643772434314385,train,False,1526
1,100,d,0.0024643394079989674,0.0024644917215563174,0.0035009047544625406,-0.014803129295060327,-0.014803372839822533,0.01297184359829009,train,False,1526
2,100,e,0.1467941693571712,0.14684100402909503,0.29250053926258623,0.11136971113689448,0.1113680721914237,0.28973552555679744,train,False,1526
3,400,c,0.056605383564395415,0.05677704478114518,0.07603946415633384,0.06694538241606615,0.06676187932268512,0.577252633804707,train,False,1526
4,400,d,0.00671865303651056,0.006719038760694884,0.007255463857108743,-0.0021375591679385943,-0.002138085034787984,0.011624346016492844,train,False,1526
5,400,e,0.15208068812327913,0.15205964921708046,0.24361523403287427,0.14925279184453932,0.14924506120418915,0.3283218553783551,train,False,1526
0,100,c,0.13336028424008334,0.13337969440861794,0.12422523736590588,0.06309902684202925,0.063083962374238,0.5198831003874669,train,False,1527
1,100,d,0.028209405757542633,0.02824659628608972,0.020784334336631224,0.0058590403440168795,0.005851201277949212,0.18720127920029095,train,False,1527
2,100,e,0.20347599660959315,0.20552054772819336,0.22774108199946422,0.12032704064315766,0.12028885032940799,0.32491644054065916,train,False,1527
3,400,c,0.05702965131785148,0.05698934281086657,0.06250902917489926,0.036922656348329,0.036901146944273225,0.7466581724561877,train,False,1527
4,400,d,0.0054953118938405494,0.005516320308785984,0.006593047275097448,0.0040820965731621865,0.004073960710512807,0.06322565646650735,train,False,1527
5,400,e,0.2050068763129478,0.20505952566245128,0.28224509893474287,0.14134696655639914,0.14134006502232155,0.35089110522259515,train,False,1527
0,100,c,0.060282927982366986,0.060291921034292484,0.09116747905219671,0.06515361307538164,0.06515512367474358,0.641975975126661,train,False,1528
1,100,d,0.011608288236636352,0.011612200286205982,0.013343968416928588,0.001304222370568553,0.0013039613973587195,0.001549709170292477,train,False,1528
2,100,e,0.18423522208076615,0.1841720018573017,0.18201553633681886,0.12923737791095807,0.12922747499371137,0.2707731655386201,train,False,1528
3,400,c,0.054144561987838645,0.08957648394779616,0.10857188012969406,0.041378419620814524,0.01858841637849423,0.7622441578074409,train,False,1528
4,400,d,0.004538202431092865,0.004538420456425827,0.004444559068008122,-0.0047913439579024344,-0.004791456790243238,0.020777297858092503,train,False,1528
5,400,e,0.16773110618765114,0.16775980198330454,0.2570286044327547,0.15567590343968157,0.15567081441617675,0.3027670859519166,train,False,1528
0,100,c,0.067592780991117,0.06752982967555644,0.08031400626813401,-0.09024644532468756,-0.09024197545239304,0.35885303862723383,train,False,1529
1,100,d,0.019711757290424264,0.01971899838942214,0.014903181196230367,0.016336661622152526,0.016335177850576487,0.018321923990957847,train,False,1529
2,100,e,0.2288751574949923,0.22884949064200236,0.2894234950222728,0.13935540603364416,0.13935554568385464,0.3093609355529835,train,False,1529
3,400,c,0.06483817465775982,0.06487119020456947,0.09110842590066241,0.05472145996978121,0.05471189393693976,0.4194447476526912,train,False,1529
4,400,d,0.005380952095805215,0.0053797817895693545,0.006140504581432874,-0.004329370348525465,-0.004329395629654957,0.08426127882289876,train,False,1529
5,400,e,0.20246631644749935,0.20227709397751514,0.2403409022459304,0.15191323097428686,0.15223729311465506,0.3391431712398682,train,False,1529
0,100,c,0.18316466208405802,0.18365943210512836,0.13317378521870682,0.07409826414711873,0.07401972813580607,0.5408682974071004,train,False,1530
1,100,d,0.02503812915896259,0.025038273182254628,0.02595507506359754,-0.03247519846959069,-0.03247555413231641,-0.0239286064961205,train,False,1530
2,100,e,0.22553244245574627,0.22597794711613609,0.2757967599617297,0.17932434558084195,0.17678911639031278,0.30547994628058317,train,False,1530
3,400,c,0.06064148710013141,0.060637516176579934,0.09873515290428284,-0.0009508928288297369,-0.0009539706651533208,0.8689839447188398,train,False,1530
4,400,d,0.00969621765087033,0.009724958459108214,0.009372216616485369,-0.006003783689653873,-0.005993727660320829,0.02606102408522748,train,False,1530
5,400,e,0.17467985068818834,0.17550502524485684,0.2728223389444967,0.15570596187600927,0.15664229902000273,0.3099576826560592,train,False,1530
0,100,c,0.0713981584234313,0.07138302065183236,0.08310116421665206,0.07220436589424445,0.0722199634317159,0.7206648645912945,train,False,1531
1,100,d,0.023171215218602145,0.023035898484138815,0.010817650307588234,0.02363052124260461,0.02362674199373302,0.03457594657390551,train,False,1531
2,100,e,0.21201171130623192,0.21205298939673228,0.41962585465259145,0.18165794826833118,0.18216662949563311,0.3207358199391155,train,False,1531
3,400,c,0.06900793780005636,0.06909599822773761,0.08395825272951395,0.04363462807261932,0.04361459123585114,0.9599038852274591,train,False,1531
4,400,d,0.020279148923266824,0.011928916889390882,0.010513996339412272,0.01981784424842335,0.02237584670742784,0.045743451456618726,train,False,1531
5,400,e,0.1954088528211044,0.19541479086037672,0.28004735469143394,0.15952504177727253,0.1595072327343971,0.3275168542383288,train,False,1531
0,100,c,0.06596847575323056,0.06596748844568873,0.08222918679179594,0.05612843852082761,0.05612361794916488,0.8095705475052144,train,False,1532
1,100,d,0.005420212648225627,0.005420531817185445,0.00674101781308354,0.0067793679889167355,0.006779178563817468,0.013269158874975168,train,False,1532
2,100,e,0.1991075041985837,0.19477394396720496,0.26538256647807545,0.14833651676901521,0.14768147245577157,0.28557344237303384,train,False,1532
3,400,c,0.06092167420561838,0.06091610324302794,0.0978076586792393,0.013924985662244609,0.013922283015580775,0.4153162731029014,train,False,1532
4,400,d,0.005456843431106123,0.005466708705659652,0.004835693227450785,0.0009981860825905998,0.0009954320101849313,0.025599552029844704,train,False,1532
5,400,e,0.12782748269728939,0.1278309791244641,0.239148105493297,0.14827450871186565,0.148275468995544,0.3489539063602916,train,False,1532
0,100,c,0.1025804296746712,0.09684381825540594,0.10354205207384101,0.08215627138685357,0.07446926567552822,0.5139212779329216,train,False,1533
1,100,d,0.009465071032879737,0.009465017903673689,0.009870717204467472,-0.02987006406917896,-0.02987072179051477,-0.01702005879427608,train,False,1533
2,100,e,0.16092298332456326,0.16085702224744572,0.2014868837517331,0.0972103999869826,0.09720008626806703,0.32540400684469245,train,False,1533
3,400,c,0.05226536583951323,0.052265873308249035,0.07043007973723597,0.026912328145192746,0.02691141923086967,0.756614727732507,train,False,1533
4,400,d,0.005700981951762024,0.005700808452927958,0.005405739730353806,0.00146854037218052,0.0014686589712198028,0.12514285541495795,train,False,1533
5,400,e,0.19357796939932034,0.1935156023670906,0.3444471900152047,0.14550246229410235,0.14551159082293424,0.38671122118381446,train,False,1533
0,100,c,0.06955033277368831,0.069522842099018,0.0806380628164784,-0.04356471351518636,-0.043575220518047575,0.6124767601820676,train,False,1534
1,100,d,0.0032895682043609185,0.003288433261337895,0.00467647500963673,-0.006509641950883775,-0.006509717887781488,0.013232896383929695,train,False,1534
2,100,e,0.25679465845367166,0.26363765009185763,0.28292452382508326,0.14378387217712826,0.14427029310184955,0.3034047018146311,train,False,1534
3,400,c,0.05561019076345268,0.055611359089728064,0.0777742986822076,0.0268060052819925,0.026806408805690653,0.6149523593633306,train,False,1534
4,400,d,0.006114372668075867,0.006119301350974966,0.004992780653753306,-0.008138923796508326,-0.008145646479646178,0.09030280294589314,train,False,1534
5,400,e,0.1749691528978461,0.17494992752150262,0.2630909942455287,0.16851628674666053,0.16851242290781385,0.35752606387936664,train,False,1534
0,100,c,0.06460646130716825,0.06460327644012658,0.07949573267465122,0.07312667145235359,0.07312345395801409,0.674025535318757,train,False,1535
1,100,d,0.017836750605474086,0.017835319490670392,0.006921909403239512,0.011574234992013394,0.01157264407890441,0.18088810399580368,train,False,1535
2,100,e,0.1934284404695923,0.1934185071625089,0.2411658401742377,0.11500170224898199,0.1150043669995656,0.30879733252560204,train,False,1535
3,400,c,0.07488710480008551,0.07492251588283985,0.07310188684649072,0.11826370645969476,0.11822134632336856,0.5994616302503666,train,False,1535
4,400,d,0.008617065289578672,0.008617228332145769,0.011469571224015429,-0.004481230534292529,-0.004481404517030328,0.02800740546189344,train,False,1535
5,400,e,0.20327556206806105,0.2032737391149583,0.2586792126099244,0.1642078890302956,0.16420134812223494,0.2812060763166764,train,False,1535
0,100,c,0.07057133686360118,0.07057256337531978,0.08557546192981637,-0.026548812603153067,-0.026558328985427693,0.3110698099534733,train,False,1536
1,100,d,0.0029752798408461635,0.002975384524784547,0.00469460208348479,-0.012222631018546348,-0.012223062789276913,0.0315992293118992,train,False,1536
2,100,e,0.17488872757074017,0.17490096338237648,0.19787871831201237,0.07430078333585026,0.07430151657854044,0.31403421785619573,train,False,1536
3,400,c,0.1183293183732827,0.11138363789466955,0.11514063482272494,0.059830446678049896,0.05929384007692917,0.4945248847202678,train,False,1536
4,400,d,0.0055302674105317485,0.005530340139494689,0.005851333107571318,-0.006217049270938926,-0.006217489311244098,0.07476096917172131,train,False,1536
5,400,e,0.1634395210437793,0.16339340027040133,0.28075391393868615,0.16756357829388563,0.16753963938350608,0.3237682523510461,train,False,1536
0,100,c,0.06615864561104381,0.06615839189043328,0.10533727566061847,0.09708224371294065,0.09709187751777193,0.4063296449344538,train,False,1537
1,100,d,0.014690129161452186,0.014691446114495748,0.018605427682659426,-0.004549874795128037,-0.00455093227915901,0.028061136945915433,train,False,1537
2,100,e,0.19512734092049677,0.19512511477109043,0.34453429293932314,0.13601473458166627,0.13601485743352026,0.2682148426214503,train,False,1537
3,400,c,0.07762732395605801,0.0776810381233351,0.08722002193378332,0.0829407750993316,0.08292258865746015,0.5238098575047122,train,False,1537
4,400,d,0.011230008773691466,0.011238975864463412,0.009203012826083731,0.0004937928852788787,0.0004928675947494732,0.04066462291687284,train,False,1537
5,400,e,0.19499032000783653,0.19989559743680133,0.2894690116479919,0.15498198437558,0.1556043421913228,0.32021723119624546,train,False,1537
0,100,c,0.05589585400019915,0.05588443253227462,0.08880088886330967,0.09042991873538987,0.09041935410037802,0.7698331012148785,train,False,1538
1,100,d,0.017575947890625325,0.017506003086119666,0.020847802048290114,0.006504689883550974,0.006503983521803178,0.09314922066089373,train,False,1538
2,100,e,0.20198385367600655,0.2020485753126705,0.2743059808935201,0.11774078640909483,0.11773403028872056,0.2110581322670357,train,False,1538
3,400,c,0.05213100920620218,0.05212835394981107,0.07264150795081116,0.029626086703126477,0.029621516292490924,0.3741031118817858,train,False,1538
4,400,d,0.006004314226681625,0.005967672729706934,0.007883168641129817,-0.003935395573092411,-0.003983960383062577,0.028595674712853097,train,False,1538
5,400,e,0.16607140528698522,0.16606387853181598,0.2430972953789357,0.15609424655319082,0.1560882037816255,0.32434556538482107,train,False,1538
0,100,c,0.07509645618829311,0.07508621033751889,0.09124328294464425,-0.029227154750452868,-0.029239364729069166,0.8086390560813196,train,False,1539
1,100,d,0.04292772160077101,0.04292966511561343,0.024317996152198876,-0.011782559425628242,-0.011783815302880054,0.18626439170366452,train,False,1539
2,100,e,0.16045185031935144,0.16029514168222786,0.2374970623187338,0.16067815442303757,0.16067136721216027,0.3070065120064856,train,False,1539
3,400,c,0.05887071258829808,0.058981505126376316,0.07871283450531578,0.062148917995979644,0.06208117857907439,0.7529517851853879,train,False,1539
4,400,d,0.004261060819317999,0.01008871936921573,0.0061188156279244925,-0.008110519975697663,-0.011521284178372148,-0.008364093510897046,train,True,1539
5,400,e,0.18000384443150064,0.18011206680169636,0.24284024387741357,0.12843196690402542,0.12841569410205927,0.3595495457316491,train,False,1539
0,100,c,0.0792089305800218,0.09461465472280056,0.06175290097389549,0.03587942959500225,0.027914262171796267,0.8084728270557475,train,False,1540
1,100,d,0.011325393674842936,0.011326215630229676,0.0060776492893462476,0.02864092955880448,0.028640715680180867,0.15996925783497126,train,False,1540
2,100,e,0.286648423281466,0.28673534917365723,0.41437393314350773,0.14376896524495572,0.14375584435578495,0.31356089711746654,train,False,1540
3,400,c,0.06135666589587027,0.06140714963258956,0.08913815744303175,0.07356265750543721,0.07353452927173898,0.5766774485052312,train,False,1540
4,400,d,0.006209170263701836,0.006209293160209053,0.005567715848544005,-0.011713513444808222,-0.011713975911627834,0.006654716958132596,train,False,1540
5,400,e,0.16498725259535013,0.16502232181850635,0.24957972707597118,0.15447339885870853,0.15445977331376484,0.3650270901082709,train,False,1540
0,100,c,0.058531958040112325,0.061216504954269085,0.07617899157857846,0.008439212154493845,0.009602497573734325,0.3214937783387795,train,False,1541
1,100,d,0.009123121453798642,0.009123908027272074,0.008261266582925975,0.03662589513968232,0.03662541281587774,0.20530395700289233,train,False,1541
2,100,e,0.20586795059758245,0.20586558699126564,0.3384702590175766,0.1364494432966101,0.13645032891561867,0.33692505068845796,train,False,1541
3,400,c,0.059734595031472916,0.05973422152047047,0.07438215643838494,0.07732847677667692,0.07732825130373826,0.5793807999301134,train,False,1541
4,400,d,0.0064483858304698,0.00645025461274664,0.009921783419219331,0.005401053336164168,0.0054009601567188885,0.05208897534043199,train,False,1541
5,400,e,0.18874332770620758,0.18876113576821818,0.24659951411971193,0.13050955641581755,0.13049890494499733,0.35271097828686426,train,False,1541
0,100,c,0.04468997466014552,0.04468864246149655,0.05969122962437077,0.09938582802719764,0.09938359894674775,0.6278690824591788,train,False,1542
1,100,d,0.020981088426993946,0.02098569715219312,0.015081146318123797,0.00746991396227509,0.007468656828252289,0.013749100340295186,train,False,1542
2,100,e,0.29277761164002336,0.29275985115744524,0.4109466551498293,0.07851193976112412,0.07849737430291284,0.2799641027355295,train,False,1542
3,400,c,0.051102388066477725,0.051100640621423506,0.08522247111582945,0.06473679701161358,0.06473205234970372,0.37730129001365076,train,False,1542
4,400,d,0.00614526321636891,0.0061431275199061355,0.0069980629272066094,0.006105334748592935,0.006102300584493943,0.06966868468933424,train,False,1542
5,400,e,0.1665666101976419,0.16660173724982272,0.2337890565476988,0.14632746214342604,0.14632591738165857,0.3088083175763483,train,False,1542
0,100,c,0.06581689045023219,0.06588131600374289,0.06923068516616367,0.04603205267522313,0.045976773625218216,0.668763772846049,train,False,1543
1,100,d,0.00578664866820952,0.0057858487282537955,0.004128187384743009,-0.017047742236782588,-0.017047140912610566,0.04347668913996636,train,False,1543
2,100,e,0.20054510096325237,0.20058157910060637,0.26279824732889123,0.09606117016248682,0.09606724064684848,0.4794690234095583,train,False,1543
3,400,c,0.055885412287264645,0.055886508973881324,0.06062961999027495,0.04150074976388823,0.041497142974859146,0.6852817534679222,train,False,1543
4,400,d,0.007528926872020061,0.007536153572962579,0.005402639962314341,-0.00516518867465301,-0.005166834417827477,0.0030211341749199682,train,False,1543
5,400,e,0.17232087720518796,0.1723336895653429,0.23437773496192002,0.15132247097358714,0.1513151206274909,0.3189373554130297,train,False,1543
0,100,c,0.11159058641973496,0.11117340038568409,0.08468138058338484,0.09015463478466941,0.09012454677551332,0.5359444544377654,train,False,1544
1,100,d,0.003515041203617625,0.0035150843602372145,0.0036479916320936927,-0.023905585980903688,-0.02390595622567753,0.013846799339304798,train,False,1544
2,100,e,0.2500006187065248,0.24940067189654055,0.3074249829358709,0.11853910120469614,0.11853583294888352,0.22816800577173424,train,False,1544
3,400,c,0.07608383083770817,0.060216700436047814,0.07015015088331443,0.041071139330150434,0.045863327276395936,0.3217332727763582,train,False,1544
4,400,d,0.00749586297836533,0.0074956431297191015,0.008144177284444684,0.005889845422639599,0.0058899058056402255,0.09346595826543176,train,False,1544
5,400,e,0.16152673297051287,0.16153254804389772,0.22362698256172223,0.14657617407059106,0.14657187894611312,0.3523565873860616,train,False,1544
0,100,c,0.08528736825620316,0.08528488868358941,0.13871281054670015,0.03075144658333933,0.03074991293453053,0.6214501604930617,train,False,1545
1,100,d,0.004907897843283149,0.00490788852697418,0.005310192079247027,-0.0012673193137189998,-0.001267492441417275,0.028249219048638086,train,False,1545
2,100,e,0.17518686088014568,0.1752079000208936,0.3572346249383624,0.15315011404659043,0.15314703967330712,0.2876093885044609,train,False,1545
3,400,c,0.09107980828234821,0.0911517613140379,0.0904724485309299,0.0679878978691022,0.0679679686875582,0.7956701333549596,train,False,1545
4,400,d,0.00444698203449534,0.004447025236433627,0.005022354867232717,-0.007851673457684765,-0.007851838813542145,0.05833086448773891,train,False,1545
5,400,e,0.16090331176709594,0.16090462611911222,0.2627912896938927,0.17883953646881204,0.17882906260317044,0.29373451198620315,train,False,1545
0,100,c,0.05438075673981012,0.05437952160753548,0.09983825966343168,0.0337792226147198,0.0337768401531374,0.43309551103266924,train,False,1546
1,100,d,0.0191456296737768,0.019201308260134116,0.01452470562556493,0.015757880477246716,0.015753665719485478,0.03550604794263272,train,False,1546
2,100,e,0.23491384197323278,0.23491337294675038,0.43960314056437416,0.1467384436429324,0.14673964603073686,0.2723240189460078,train,False,1546
3,400,c,0.05887830702606624,0.05891674991865311,0.08058002152583281,0.04610407703043606,0.04605210979643211,0.37512179296224296,train,False,1546
4,400,d,0.005969524174404817,0.005970201356506936,0.0061715123705079,-0.0014142429967795068,-0.0014143029699146936,0.03431057794445746,train,False,1546
5,400,e,0.18879233923169728,0.19059544032718836,0.2719968268548731,0.19609544695769043,0.19326417173702193,0.2814752511246298,train,False,1546
0,100,c,0.0825742569638112,0.0825894022233987,0.07945833710746586,0.03579448698101544,0.03576242302864884,0.7906395354923899,train,False,1547
1,100,d,0.023714223346677582,0.02371989790493827,0.020453871237622566,0.007851079847254106,0.00784954975368379,0.011678722967369737,train,False,1547
2,100,e,0.2621954778321898,0.26219451763206686,0.2993728201645604,0.12729792014556018,0.12728894696608228,0.6811768399473129,train,False,1547
3,400,c,0.06011608842684027,0.06011440011669014,0.07618324307976351,0.006515183290478604,0.00650546291307677,0.23742709618709568,train,False,1547
4,400,d,0.02571888823178555,0.025722943546560316,0.01871979212703332,0.001610125948951513,0.001608538616802111,0.10372096947360525,train,False,1547
5,400,e,0.17794444315139912,0.17761758386569818,0.29573197498426823,0.16219930253117198,0.16215980557042528,0.3429276164746236,train,False,1547
0,100,c,0.1267231146282809,0.12664302794775506,0.14883445315248958,0.11168049124034646,0.11167035582702887,1.156934809773209,train,False,1548
1,100,d,0.006458250437828483,0.00645829626460762,0.007639314723241664,-0.010994854890929613,-0.010995493926810465,0.002339727032230208,train,False,1548
2,100,e,0.22260577824035163,0.22281412420661384,0.21567496222775787,0.04961211801902166,0.04960851526991796,0.4076729948134752,train,False,1548
3,400,c,0.06193822773117883,0.06172783879658725,0.09226749319638256,-0.008150888092092856,-0.008190203743341585,0.44513183732475037,train,False,1548
4,400,d,0.004632327518219943,0.004611845642404395,0.005853903282492788,-0.004304019801673409,-0.004313779171535437,0.09664647167019197,train,False,1548
5,400,e,0.16312209336121086,0.16311877728032292,0.2879948272488461,0.167905342102347,0.16790353131331098,0.3179741344997376,train,False,1548
0,100,c,0.07087789300132767,0.07087899070186614,0.1038440109938945,-0.12424423515146445,-0.12426800208751161,0.750212736386815,train,False,1549
1,100,d,0.012249226915025493,0.012248462854070157,0.01876192859754232,0.012974771346504212,0.01297460803115751,0.07163331597845037,train,False,1549
2,100,e,0.2824988645975003,0.281787821425031,0.30228735842776483,0.10136995559247947,0.10135121091038446,0.5368598310682235,train,False,1549
3,400,c,0.06839919640610823,0.06841666433089261,0.08346839051463997,0.07954591472128897,0.07953749864820296,0.6291337559740988,train,False,1549
4,400,d,0.004343572059785676,0.004343668447146293,0.004590939974338004,-0.0035581618101820744,-0.0035584986039634892,0.018447849110292066,train,False,1549
5,400,e,0.18930142079739276,0.19411721320463138,0.2455483041929566,0.1610399768877999,0.16121297142947721,0.3936443296662225,train,False,1549
0,100,c,0.05843978865933393,0.05843095430967906,0.0906973839825218,-0.02350123515875957,-0.02351144291270124,0.4465388967933342,train,False,1550
1,100,d,0.007235209953668198,0.007235182150160097,0.00793814829014015,8.906889077191949e-05,8.870553784319668e-05,0.01438007745053575,train,False,1550
2,100,e,0.23668421668918058,0.23669706097763044,0.22703985308571237,0.1284518441179062,0.12842295886804897,0.37932862980939347,train,False,1550
3,400,c,0.0511004828657018,0.05110235892474388,0.07582288544594602,0.06390525965791177,0.06390312319388819,0.6009260960784522,train,False,1550
4,400,d,0.005466651956563644,0.005466160316268242,0.007286047208700099,-0.00784862257587971,-0.007850495116157586,0.005278066342025447,train,False,1550
5,400,e,0.1835403517083086,0.1835606095412809,0.2880922067931234,0.15831438309122878,0.15830642626486896,0.3356872238573449,train,False,1550
0,100,c,0.0587321600600142,0.05873061882594928,0.08599100357274221,6.984739629707804e-05,6.771425120277285e-05,0.4784695182817276,train,False,1551
1,100,d,0.005970077949500049,0.005970134083386733,0.005522461797697588,-0.009207087235409474,-0.009207491250256848,0.021431406150837197,train,False,1551
2,100,e,0.19682371070133023,0.1968461585975153,0.3484786532233517,0.14669108710114553,0.1466884265141469,0.30121456104445893,train,False,1551
3,400,c,0.06204280777325453,0.06204242599946797,0.09923204326473967,0.0409783554533621,0.040978107961894425,0.4516057726110507,train,False,1551
4,400,d,0.004564575471587382,0.0045773005192059875,0.005563145263281277,0.0012576923453596046,0.0012483811026854673,0.0408241332528007,train,False,1551
5,400,e,0.19683869106753624,0.19682139551119238,0.2581380698215172,0.1472763278979743,0.147262321466858,0.29967052814840484,train,False,1551
0,100,c,0.07022024023211541,0.06815951121321405,0.0861774866777273,0.06841738773423088,0.0679152512632389,0.8239028530754078,train,False,1552
1,100,d,0.08948880463093305,0.04671804086080142,0.024263506726811136,0.0023270070133499135,0.017674180223318726,0.055973625539179304,train,False,1552
2,100,e,0.21331417631800126,0.21340462319290712,0.2799247163160693,0.1533517939883083,0.15331851547564426,0.2887101829274134,train,False,1552
3,400,c,0.07382515974813339,0.07384800857552093,0.10806076601613208,0.02392649387633618,0.023876117024861684,0.30793963669916635,train,False,1552
4,400,d,0.014082791594470121,0.014767782063025793,0.013221579111207481,0.01723527563981854,0.017006534303778197,0.2003999431429914,train,False,1552
5,400,e,0.19645550696389485,0.1929726965553725,0.23110111453724808,0.15158769179588732,0.15436335868544518,0.3852501491064156,train,False,1552
0,100,c,0.20334330620970056,0.20322350934012576,0.10516593167691686,0.07846990168000638,0.07844686305746422,0.8626081717947477,train,False,1553
1,100,d,0.028009660985833774,0.02799480502967973,0.01261508793314994,0.012368711660051003,0.012366318430836288,0.1482932843761124,train,False,1553
2,100,e,0.22852672228362383,0.22851414397543315,0.21645553555980307,0.03919038666838084,0.039176655280753536,0.3434347724268109,train,False,1553
3,400,c,0.08746661162744397,0.08742944836113549,0.08145429727676433,0.022188331632763153,0.022186952105017425,0.9801845867908809,train,False,1553
4,400,d,0.0059957352837986784,0.005995801985078812,0.003788736373866069,0.017292276205525675,0.017292318072701606,0.04843241192414574,train,False,1553
5,400,e,0.21163895001666613,0.21163538937785087,0.32860211948435875,0.16614809144288004,0.16614855090415595,0.3345673850404667,train,False,1553
0,100,c,0.060188587998914835,0.06006255176231028,0.07300011294557812,0.08873368186772254,0.08872651157114418,0.62354446388767,train,False,1554
1,100,d,0.015883087108402996,0.015891892103775597,0.012958644559247832,0.0034454846640868376,0.003443608007848571,0.011749666220572656,train,False,1554
2,100,e,0.23394039053019988,0.23391408876870728,0.2783118393977791,0.12535707902086124,0.1253507623068912,0.26938963330553406,train,False,1554
3,400,c,0.052815534102847374,0.05280862096313213,0.07827970243345425,0.033446057761350116,0.03343996693912842,0.441864598642935,train,False,1554
4,400,d,0.006510232648792878,0.006510297853272685,0.006967060130452086,0.002380873566857886,0.002380375536916404,0.1264744515443829,train,False,1554
5,400,e,0.17418770456647625,0.17379402373426975,0.26023378804052366,0.16334956390361266,0.16331929075996282,0.32204558197881994,train,False,1554
0,100,c,0.07055824725327865,0.07031005644046455,0.06845144033420922,0.08114672597815932,0.08112757193776232,1.1578302787649954,train,False,1555
1,100,d,0.003617370197033494,0.0036173160267246518,0.00371327899397199,-0.02056591277391611,-0.020566406154037205,-0.019970115922501572,train,False,1555
2,100,e,0.2052320147894883,0.20520827414848278,0.2990981240475072,0.09428401881735703,0.0942819490046957,0.3098918261502769,train,False,1555
3,400,c,0.08698977303505144,0.06858812284696372,0.07376360932592177,0.06792929129704973,0.0731157998636715,0.3581133264155775,train,False,1555
4,400,d,0.011204553499339208,0.011204770055607138,0.013309122516968594,0.009070998216836693,0.00907061916886926,0.13097076631375085,train,False,1555
5,400,e,0.1674622811930952,0.1674388069280254,0.24726944542901436,0.1529888784852072,0.15298120168179685,0.3318085907237217,train,False,1555
0,100,c,0.05202358384311258,0.0799169977428497,0.060244631648562405,0.013162087407284986,-0.007397353093110866,0.8295937962695311,train,False,1556
1,100,d,0.005492632328740794,0.005495947748439057,0.006934680655329947,-0.008697715558536637,-0.008699805545618045,0.04582848814080109,train,False,1556
2,100,e,0.2308079513114297,0.2307971649408204,0.3033061814261601,0.12474395396668073,0.12473383091261127,0.3083062510553891,train,False,1556
3,400,c,0.11183218023741297,0.11189154415310548,0.09161029999629784,0.061337461786736186,0.06132680350116225,0.3435429521155535,train,False,1556
4,400,d,0.0046690221896996675,0.004669185781204214,0.0059067148134450105,-0.010404289376626715,-0.01040463598531499,-0.002014442765247484,train,False,1556
5,400,e,0.19954890490838317,0.19950041023750217,0.27674319400233277,0.1609430951339793,0.16091310856972135,0.2955863591058073,train,False,1556
0,100,c,0.20300743107571198,0.20302224283364756,0.10502800048244675,-0.03167299050933494,-0.031696707009372535,0.11549353828885742,train,False,1557
1,100,d,0.007931572329150406,0.007932998883141135,0.00445977760091748,0.00577897410399114,0.005777288021652183,0.04680078387584576,train,False,1557
2,100,e,0.2823721631279358,0.28956919375402035,0.340728756014998,0.13926934866581625,0.14232439920220644,0.4550546274015247,train,False,1557
3,400,c,0.060282737833137326,0.06035512755240352,0.08160204246570035,0.07051096691113436,0.07051953184063066,0.7336087754319088,train,False,1557
4,400,d,0.0042534521251510835,0.004253413015584595,0.005599302354816435,0.003208249818738871,0.003208022714504644,0.043347722530474225,train,False,1557
5,400,e,0.1931541191338626,0.19315431495933602,0.26261333738083875,0.13650285181522115,0.13649282980617394,0.330339050268028,train,False,1557
0,100,c,0.08785974725956665,0.08786569569714818,0.1072034365640271,0.09545951864422264,0.09544741299819834,0.7026515293166264,train,False,1558
1,100,d,0.005181579370029047,0.005181754825882539,0.006663473549750087,-0.023663051841618578,-0.023663368097580087,0.04456761547777845,train,False,1558
2,100,e,0.24527734284103128,0.2452165197280312,0.3210648442524263,0.1436932594562467,0.14368758968303463,0.28017517352967536,train,False,1558
3,400,c,0.05416849994441205,0.053725276419853696,0.07395452302387709,0.055513179697256304,0.055479094049405334,0.5133321580173715,train,False,1558
4,400,d,0.01167147819928101,0.011678214320469948,0.00943170038880345,-0.0013027038855017458,-0.0013045479749402844,0.029155537829384598,train,False,1558
5,400,e,0.17942044819696348,0.17943265743462558,0.28374806275432096,0.14417593744178,0.14417514682642654,0.2885941663626735,train,False,1558
0,100,c,0.07046596067991535,0.07039537211980167,0.08153358515445004,-0.0369992938782039,-0.03699587957729562,0.4605645490899964,train,False,1559
1,100,d,0.012407667348484539,0.01240452831494231,0.005698814002428819,0.026196805525895463,0.025986248168179495,0.053682660794813104,train,False,1559
2,100,e,0.2904194317612417,0.28286056360850453,0.3181068611585308,0.05465806834473717,0.07057120232619887,0.2532182165949381,train,False,1559
3,400,c,0.04876780072141689,0.0487664201398588,0.06946812684953288,0.09032011455924015,0.09032459717774749,0.5860589852856224,train,False,1559
4,400,d,0.0051511805847936154,0.005151407007989268,0.005983757317179251,0.004688443354364882,0.004687901430755908,0.020808708815847014,train,False,1559
5,400,e,0.17907693703713254,0.18109601944112783,0.27490559828878874,0.1485034977836166,0.15117807524720342,0.30297723920503394,train,False,1559
0,100,c,0.08723054237547866,0.08727885770992383,0.10604841662955854,0.06343370622087761,0.06342215162462132,0.8398170102381936,train,False,1560
1,100,d,0.010310340008425147,0.0103109539611626,0.00465253744715941,0.019621949225105892,0.01962133071070271,0.08080390192687988,train,False,1560
2,100,e,0.17921241581868305,0.1792155560269999,0.27092955779780314,0.12379790310050609,0.12378304750681018,0.2852224185056751,train,False,1560
3,400,c,0.06667159571149339,0.06666216265527473,0.07058707800998439,0.08054453396676849,0.08054085561034284,0.6623202047387119,train,False,1560
4,400,d,0.0045853976932103135,0.004585517344018534,0.004025634673821673,-0.010657369017507143,-0.010657912696707381,0.09832945867201648,train,False,1560
5,400,e,0.18380265393474154,0.1837738742134298,0.30978548236979603,0.1749761620811401,0.17496886390722088,0.29683293215933787,train,False,1560
0,100,c,0.09937439838159629,0.09938656090920657,0.07375911113014147,0.07938442427874008,0.0793591103965666,1.1208391101896,train,False,1561
1,100,d,0.03474962666322974,0.015410217897734215,0.0038777194264177574,-0.009900507127234804,-0.0025133862598634947,0.1309670064781369,train,False,1561
2,100,e,0.17266321264057682,0.17256422626766837,0.2198562863160362,0.10386915447926648,0.10386717623387817,0.398747614478576,train,False,1561
3,400,c,0.06066344512448141,0.08823298912816742,0.1079347634686974,0.13157541345644524,0.10865236973911728,1.0775352713789306,train,False,1561
4,400,d,0.00666569195325672,0.006665719656590847,0.0050963144269946,0.013843993836586589,0.013844426657321255,0.04476196709855891,train,False,1561
5,400,e,0.18760403028038763,0.18761160289251552,0.2820662074276312,0.16168787529820625,0.16166958415717386,0.3360170462838425,train,False,1561
0,100,c,0.09907512965463715,0.09908760363588598,0.07686030870221586,0.03889122361025372,0.03886336726562156,0.9759361687291633,train,False,1562
1,100,d,0.0019740339835730607,0.0019740975587147964,0.0025072368947931588,-0.003949012554492537,-0.003949189427194106,0.03361541755155537,train,False,1562
2,100,e,0.1792627022120136,0.19178435095225935,0.23777198228605875,0.09678825924599477,0.12552997394312077,0.36660183679340635,train,False,1562
3,400,c,0.06158210639953378,0.06152376254819034,0.07850462213124115,0.028979102745430155,0.028969177847046838,0.23437905102370712,train,False,1562
4,400,d,0.005524843082513502,0.0064222201489096955,0.0069836427938558664,0.00027013021187682895,-0.00023500976478873172,0.013852765310293159,train,False,1562
5,400,e,0.21949739801164828,0.21934499746427985,0.29895369549131584,0.17395559669935431,0.17395043000132326,0.3170469333539042,train,False,1562
0,100,c,0.06908332882576491,0.06908467158908117,0.07293966592010388,-0.21286012904671167,-0.2128628214619753,0.39981109265879,train,False,1563
1,100,d,0.011243669529548245,0.011247657706643465,0.009945089866325247,0.02450970410827541,0.024508753454529266,0.08925638812686895,train,False,1563
2,100,e,0.1568787680663947,0.1568975343246165,0.2002930870033175,0.09756310753910669,0.09756978889531766,0.3988393740238476,train,False,1563
3,400,c,0.07225995034072186,0.07234346203429835,0.08646003420738911,0.09778446062268202,0.09775419965178983,0.5624580081618719,train,False,1563
4,400,d,0.011742406372178686,0.011761557666304623,0.008641327070631071,0.002300635190007565,0.002299250405979336,0.008149887863684882,train,False,1563
5,400,e,0.18598737471931354,0.1861253137688016,0.3103346120875105,0.16562272548436746,0.16563454352598997,0.3800487444302875,train,False,1563
0,100,c,0.11053178854973272,0.1316324062968546,0.06432327705080877,0.11936377070330587,0.10503184574140172,0.8679029502433404,train,False,1564
1,100,d,0.008673978167514947,0.008673994689072153,0.012864168658127258,0.011765322504601326,0.011764863975613533,0.03578748371710363,train,False,1564
2,100,e,0.30283124399839745,0.2862017811926189,0.328431944242415,0.08507313977083086,0.10104671133149964,0.24375500824195556,train,False,1564
3,400,c,0.05489438454871965,0.054872802711580154,0.07246604204582317,0.018582779188401306,0.01846755827832567,0.7953029797440863,train,False,1564
4,400,d,0.006703779257026896,0.0067037725069333835,0.007563138876469321,-0.0018020891317032195,-0.0018023662799034135,0.01751760866461959,train,False,1564
5,400,e,0.18127064214083835,0.18126519540785957,0.2602500163190348,0.1388155999131812,0.1388143167609831,0.30787418143746303,train,False,1564
0,100,c,0.059870388472144355,0.15476871705957304,0.11770211994274403,0.040847851775839106,-0.0012718987362343626,0.8270731501734622,train,False,1565
1,100,d,0.008265568245560318,0.00826582648573239,0.009415846575889862,-0.012325426802672262,-0.012325766151319187,0.010612338040626454,train,False,1565
2,100,e,0.2592436312693735,0.2591893002638848,0.3147749116671857,0.11561383823944184,0.11561672912905956,0.3502468037345831,train,False,1565
3,400,c,0.07879317715838276,0.07881199892000564,0.07866194493574642,0.08810695315212393,0.08809539622516888,0.7039917177273733,train,False,1565
4,400,d,0.009641145117358498,0.009646881496530325,0.008150834735362154,0.01606962770862282,0.016064645037651547,0.06457032516965835,train,False,1565
5,400,e,0.19575569323958064,0.19562139375013518,0.3283231413186465,0.16724173470202933,0.16723697129337925,0.3058320831249906,train,False,1565
0,100,c,0.09803631792307063,0.09804056922340113,0.09939556153219781,-0.023767454673942014,-0.02377022380681737,0.9071645422842168,train,False,1566
1,100,d,0.006716311023389143,0.006713798630846206,0.007967759132777532,-0.0039604598283851725,-0.003995486867655309,-0.002044087346178465,train,False,1566
2,100,e,0.12694041080410431,0.1269287895422871,0.27224304095944396,0.14138120467233212,0.141372388354749,0.2974534838442293,train,False,1566
3,400,c,0.05215847164624174,0.05215038003115949,0.08097422223067528,0.04847580567979065,0.048431592143288425,0.8779022926797734,train,False,1566
4,400,d,0.004225860703919881,0.007477110290702994,0.005695081879688844,-0.001499273774540022,-0.004214779848413653,0.06715413953795807,train,False,1566
5,400,e,0.19766722523178004,0.20465865391267626,0.23751262882031415,0.13441428686347645,0.13255965693574592,0.31648579317882297,train,False,1566
0,100,c,0.05686180509589581,0.05685754186142319,0.08557728067097058,-0.005823708325253918,-0.005835074091189298,0.9562137196065291,train,False,1567
1,100,d,0.011227120142018066,0.011226987465762332,0.010431207421537752,-0.055054261165345335,-0.05505499232628001,-0.04612001199662325,train,False,1567
2,100,e,0.1978872822870612,0.19472477815886374,0.2437720980526002,0.1325574818760215,0.13243647941817577,0.3322183816360187,train,False,1567
3,400,c,0.05899282925426416,0.059035849077685866,0.06763844808337055,0.015265374291890055,0.015202746999572626,0.6228829377055591,train,False,1567
4,400,d,0.006051051715409423,0.0060501688251765095,0.008979584249433329,0.005771020248699976,0.005772412209620104,0.23210396655495763,train,False,1567
5,400,e,0.16156611228061152,0.1615444108204806,0.22794270362203795,0.15435822345582936,0.1543412293407385,0.28705202206052943,train,False,1567
0,100,c,0.059569473400446445,0.05881344364139765,0.11173025431861074,-0.03539057847709444,-0.03559680890850025,0.5615849473225688,train,False,1568
1,100,d,0.008059953613721105,0.008060072954259307,0.007473550821569768,-0.021021752383458114,-0.02102211652456223,0.03528401310683474,train,False,1568
2,100,e,0.1832358153619276,0.1833401902866911,0.20566010356505163,0.11587350435041255,0.11585990431835878,0.38943467071620935,train,False,1568
3,400,c,0.05678023210833993,0.05670543489894363,0.08456283273336843,0.06937207724243855,0.06934500110930827,0.8425587540276198,train,False,1568
4,400,d,0.009644945944099119,0.009652762889012343,0.00914139977091712,0.002076535020158108,0.0020742615044587963,0.012639381501587473,train,False,1568
5,400,e,0.21640676302045636,0.21640460750952759,0.28844725736817844,0.17806096588246828,0.17805469848323793,0.2580114591985714,train,False,1568
0,100,c,0.06337477275849406,0.06288250332634131,0.07439827227902471,0.017685870201421067,0.017676161956206967,0.3731551785647285,train,False,1569
1,100,d,0.016406385064645968,0.016384626395386338,0.009614360782228281,0.004414957688011221,0.0044140180255941,0.014541866653382663,train,False,1569
2,100,e,0.19779868752871343,0.1978063618531974,0.29464913323646214,0.1482062121729372,0.14820563610474202,0.3166737006407243,train,False,1569
3,400,c,0.05596784210794275,0.05596478144997739,0.08952942263635803,0.01944208460815716,0.019437330771515066,0.6386945115428957,train,False,1569
4,400,d,0.0147120096028597,0.0248526936649937,0.008054638156681676,0.023700906045592465,0.01967369543629417,0.02916697060419265,train,False,1569
5,400,e,0.21409391706310796,0.21410056541276973,0.26209566401441975,0.10023405581523978,0.1002211591351551,0.5250678344893036,train,False,1569
0,100,c,0.1052299567178448,0.10522967440888281,0.09789148565349545,0.1145070386912412,0.11449949379310546,0.6103400272729489,train,False,1570
1,100,d,0.011746153505782246,0.011750353454152835,0.007937366370978659,0.01965836549333263,0.019656788054088034,0.09638188800749681,train,False,1570
2,100,e,0.22312706526266537,0.22312457000094013,0.2965374799393,0.11382037167985264,0.1138148371040705,0.3343517974380934,train,False,1570
3,400,c,0.0594791675729714,0.05950295126690727,0.0808010170659156,0.08509064968024334,0.08505968017823427,0.5468314204557149,train,False,1570
4,400,d,0.006405069069235528,0.006413919774646928,0.005736938020511455,-3.186976499986116e-05,-3.518170915427277e-05,0.026357198686255714,train,False,1570
5,400,e,0.1769418107022722,0.17694117582391314,0.2717942283483812,0.17885056139891162,0.17884112495388962,0.31889644973922543,train,False,1570
0,100,c,0.06387839011639591,0.06386850886612618,0.08663870220989439,0.02645941791869184,0.026450069984844546,0.6091932380322439,train,False,1571
1,100,d,0.05096068316973833,0.06832855617918816,0.02435247463259596,0.0027631423577637727,-0.0017947436452487864,0.028554422463222585,train,False,1571
2,100,e,0.23693817374642287,0.23693412574935116,0.31614103020671125,0.17472361900312092,0.17472291462376102,0.2994640087395274,train,False,1571
3,400,c,0.10745591810224463,0.10772668513702763,0.11597979101330053,0.05128518395930755,0.05125154296481526,0.7738283354704771,train,False,1571
4,400,d,0.01782926463663939,0.017831982940429373,0.00879796821272988,0.02433810292073755,0.024336895352895595,0.21316527992402695,train,False,1571
5,400,e,0.1920307761237361,0.19254978235856948,0.2838608499077283,0.16644511340300397,0.166433402666919,0.3183305704265251,train,False,1571
0,100,c,0.24134646352343345,0.2413739932313277,0.12086035914281307,0.06769370125835181,0.0676777612259243,0.3637558098407372,train,False,1572
1,100,d,0.006915654958986432,0.006915785265403285,0.010008348058996563,0.0036452920559696443,0.0036450004636991553,0.004238746062900596,train,False,1572
2,100,e,0.18808663265944336,0.18621608658836322,0.23143972284007358,0.13384898451843705,0.13382262536443704,0.2645812925629397,train,False,1572
3,400,c,0.07788179183602247,0.0779111735701052,0.08543588786842525,0.05939104238790861,0.05937121748287709,0.32400633896944797,train,False,1572
4,400,d,0.006997489684031988,0.007217043202067296,0.008004569010227686,-0.010132962496944486,-0.010435301193504607,0.05831155392119849,train,False,1572
5,400,e,0.16909021234605354,0.16909104822777243,0.251303146973511,0.15906222385246335,0.1590535390587608,0.30202442725263934,train,False,1572
0,100,c,0.08091869071282944,0.1659628840726778,0.1050661264602139,0.08696199228844328,0.02700969829825361,0.7070540090666675,train,False,1573
1,100,d,0.005570635500437633,0.005575657166838244,0.006689050339433645,0.00473039515961899,0.004728332838351275,0.07292045905380709,train,False,1573
2,100,e,0.23167331265637192,0.23169055591371468,0.27795551431193305,0.1390270120805422,0.1390098309574853,0.2996406218028575,train,False,1573
3,400,c,0.06166787128424032,0.06166716767408351,0.06486138081541828,0.018830851424154034,0.01882277808268043,0.6521404858384869,train,False,1573
4,400,d,0.005444133054091383,0.005444286768677123,0.004367463642103794,0.0004389647632865668,0.00043879556956333943,0.046022026363181076,train,False,1573
5,400,e,0.17391481894054883,0.17665563626053696,0.2797765846465106,0.17625361374625853,0.17744096743107668,0.34425545192693335,train,False,1573
0,100,c,0.06621952358379345,0.06519507225150362,0.09288340178460851,0.031549803897471376,0.031477624262574014,0.9316578850841996,train,False,1574
1,100,d,0.008433239928846216,0.0044464134574263995,0.006161128932970689,0.015616625920082061,0.018101576696154923,0.06187573029777646,train,False,1574
2,100,e,0.21013247100330865,0.21013958627462043,0.2788973621290152,0.09006331123048046,0.09005790299303261,0.4383559366868198,train,False,1574
3,400,c,0.059454357018562574,0.05945319889485653,0.08252758313377401,0.01024996410123812,0.010243897802452794,0.6715745670859087,train,False,1574
4,400,d,0.005336395330803081,0.005324201598094502,0.006070041942060316,0.002393532576209978,0.002391463544576773,0.01576774727092392,train,False,1574
5,400,e,0.16255647492520034,0.16255892163181926,0.221314455709143,0.12480563666039625,0.1247975613242215,0.31938696990474397,train,False,1574
0,100,c,0.06210202364915156,0.06208933808118123,0.08431197274849879,-0.04180761311802684,-0.041814723716745876,0.3443799339528142,train,False,1575
1,100,d,0.05874448533789276,0.05874287980160931,0.02315479267891167,0.00783253678632395,0.0078282932197612,0.22372538840300799,train,False,1575
2,100,e,0.2723047184528518,0.2722912889780128,0.40523103950488376,0.1365422886403964,0.13653190821980893,0.3173201896003082,train,False,1575
3,400,c,0.05469964972995596,0.05519722024163051,0.08184627138683079,0.030861885661983664,0.03080261563717258,0.3598962704005841,train,False,1575
4,400,d,0.008938097036516173,0.00893845002524374,0.006808334386979744,-0.004316612341945074,-0.0043184698207800664,-0.0016172733192096444,train,False,1575
5,400,e,0.1418270291245227,0.14181916198009764,0.2576257698438244,0.14368330577601696,0.14368166514587635,0.3776678643750772,train,False,1575
0,100,c,0.07845480735346284,0.18043253352175537,0.1662474865271269,0.08733164518686508,0.012769909584166897,0.6044440885417107,train,False,1576
1,100,d,0.01648863429507145,0.016489305966755127,0.019046774802225795,0.012777358681137906,0.012776830768953982,0.02974163232899949,train,False,1576
2,100,e,0.19363572244980953,0.1936056943676117,0.3145969466502847,0.16459074134279297,0.1645786381577976,0.30978253843589376,train,False,1576
3,400,c,0.061230094467501106,0.06183297757367695,0.08048349632775967,0.07035524672002211,0.07027979857281537,0.26537905243651827,train,False,1576
4,400,d,0.007471752760824536,0.007472101230455948,0.008039138378768785,0.006405262412338182,0.006404943827305196,0.0463143368776773,train,False,1576
5,400,e,0.21421710006052808,0.21421455174434495,0.34405878699212683,0.17945966899058255,0.17945393509695615,0.26547069610745994,train,False,1576
0,100,c,0.07076318701391794,0.0697036048260676,0.09903058733555337,0.08242553795388602,0.08187768628284317,0.8161756579396457,train,False,1577
1,100,d,0.0050541360646580834,0.00505420673951956,0.00573269515259607,0.007152944111301149,0.007152909760839688,0.0821119307237903,train,False,1577
2,100,e,0.17640365653071008,0.16597335283242168,0.2971771609456055,0.20311356448963908,0.21496074985493827,0.2755137152853785,train,False,1577
3,400,c,0.055234963337362386,0.05526194503354654,0.07636063343432765,0.04474966895331967,0.04472388312399026,0.7515567156313401,train,False,1577
4,400,d,0.006165270804237553,0.0061674791635784295,0.00452603332100689,0.0065666892214873585,0.0065661103688054116,0.13057972504819573,train,False,1577
5,400,e,0.1955002078264925,0.19513594536569293,0.3080417838600839,0.15261843265925273,0.15273710764675508,0.36940167554017656,train,False,1577
0,100,c,0.10571998660817011,0.0670111440866392,0.08382055279777433,0.06182668693400863,0.06643121261950341,0.48280207140780107,train,False,1578
1,100,d,0.015195998774532144,0.015200116676619272,0.00798667463301937,-0.0026205032657048476,-0.0026213644980918895,0.060162899280893904,train,False,1578
2,100,e,0.19263801045474085,0.1926460258072219,0.28758968136369595,0.1037847988995138,0.10377163909624436,0.3133265350978405,train,False,1578
3,400,c,0.05890540049800989,0.058858611450841584,0.09950505997905226,0.03405048784283998,0.03401420877970082,0.5503183161542899,train,False,1578
4,400,d,0.00496702439721405,0.00496713998592197,0.00610659817343097,-0.017023769979746,-0.017024291857744362,0.018769856746077878,train,False,1578
5,400,e,0.17287919738533344,0.17286249953772653,0.2874827944521002,0.1651853167228242,0.1651834439881976,0.38644106091828334,train,False,1578
0,100,c,0.04221126777151736,0.042212972130079233,0.06694098032319258,0.03077424492348186,0.030763614809499344,0.48396520716441443,train,False,1579
1,100,d,0.019086004060469987,0.019111106964072394,0.01139172180731969,0.018208855403556753,0.018207213439241095,0.035516308365569155,train,False,1579
2,100,e,0.16910515172623383,0.16907213581563024,0.26143808369462307,0.12425709537839823,0.12425472547557838,0.3120608227065181,train,False,1579
3,400,c,0.06372992745930223,0.06372756785742964,0.1029915038332118,0.08109419865440629,0.0810940336140051,0.3111884373398846,train,False,1579
4,400,d,0.006901520344980526,0.006906441918931961,0.006170407835952546,0.007808006137281946,0.007805865259028249,0.1400683394172224,train,False,1579
5,400,e,0.17988437481680017,0.1799214530794751,0.28706072602531346,0.17036136431971613,0.170361079519489,0.30905785614608233,train,False,1579
0,100,c,0.09065592604518112,0.09205869790389416,0.058782141966968765,0.04781807408633597,0.04284516199203751,1.2550124694251148,train,False,1580
1,100,d,0.10026176959355917,0.05881949127807598,0.027749614565234858,0.008740406088667073,0.013354187631628083,0.08023471932538609,train,False,1580
2,100,e,0.29932732484693786,0.29933775716413724,0.36269814276264734,0.11436375189999329,0.1143592269795931,0.33581258317163254,train,False,1580
3,400,c,0.05518556812775852,0.06238610503173082,0.08164773216677394,0.01757121008710641,0.01436065686407524,0.9536729196248109,train,False,1580
4,400,d,0.004623561856285056,0.004623596177129881,0.0051511476628200385,0.0006781252886884559,0.0006779502162678597,0.030168200843635907,train,False,1580
5,400,e,0.21558744705791855,0.21562724363856087,0.31302378878450754,0.15005619749547947,0.15005105045577133,0.3065337271603761,train,False,1580
0,100,c,0.05840838321222466,0.058408552753658916,0.06600344959220811,-0.008847797577708505,-0.008849343574586754,0.17622990827670656,train,False,1581
1,100,d,0.01907578616728139,0.019079026637188638,0.008515927635816602,0.0101161976001592,0.010114350073164165,0.14764581194263782,train,False,1581
2,100,e,0.19382357237984912,0.19382490845145334,0.32377304113909405,0.1275046387956661,0.1275024313423077,0.29591572679260514,train,False,1581
3,400,c,0.060133060039758525,0.06859853623914654,0.0776582949596613,0.07285496349825202,0.06931460716655856,0.6813974802639442,train,False,1581
4,400,d,0.006674299851843008,0.006674405630155915,0.008689595795049004,-0.00776329357273518,-0.007763541439598392,0.06390454989475625,train,False,1581
5,400,e,0.1724715232846912,0.1724637868485587,0.25286557281585414,0.14953324301749668,0.1495341118488028,0.3291320970777976,train,False,1581
0,100,c,0.06360147205194056,0.06364709022422833,0.0798564802182855,0.10056128209476604,0.10052649107099178,0.432282561261353,train,False,1582
1,100,d,0.007862840707083789,0.007863223553287068,0.00944994856596253,0.012232191857920488,0.012231855125095005,0.025890322023431393,train,False,1582
2,100,e,0.24087359458139662,0.24072839441857902,0.3252639206178766,0.12309824751542962,0.12309140968585908,0.37520707852904395,train,False,1582
3,400,c,0.06268801106863235,0.06278162764001094,0.09285065999848192,0.004995344226526584,0.004962974507076865,0.6320211849248588,train,False,1582
4,400,d,0.005538063149048236,0.005185753088520096,0.005109276615837131,0.005352258861508705,0.005921553130163169,0.08630728113040588,train,False,1582
5,400,e,0.16923076617575258,0.16922412977860446,0.2776540504628151,0.15187575572922613,0.15186271494279652,0.32791769427670053,train,False,1582
0,100,c,0.059024358901149744,0.05902022646769257,0.09501768502529248,0.08328137668463406,0.08327783194057169,0.7951961611806962,train,False,1583
1,100,d,0.004601252013610426,0.004601386448111987,0.004578183146789366,-0.03233644181575533,-0.03233686605223395,0.021749466469073938,train,False,1583
2,100,e,0.17113736566676452,0.17112512256228718,0.2223121700534451,0.11497948534853063,0.11497205723120982,0.38682947822788555,train,False,1583
3,400,c,0.055839358999509675,0.05584040371241227,0.07872697653625718,0.04899080860855911,0.048996319041547595,0.4404650289909835,train,False,1583
4,400,d,0.007519052761734938,0.00750776465196918,0.0066934990088063275,0.012628834183440586,0.012627804568886134,0.07317089429938661,train,False,1583
5,400,e,0.1952242428720557,0.19521935465498544,0.2646591801672059,0.16996422264808195,0.16996015518840588,0.33835700815220887,train,False,1583
0,100,c,0.08074950258030508,0.07791464739334525,0.07243237594161633,0.030365171344312644,0.03057231888760427,0.4407330572706921,train,False,1584
1,100,d,0.003918888951178941,0.003918936879034623,0.00516299447754918,0.0135984113613093,0.013598240587662147,0.042714441250532274,train,False,1584
2,100,e,0.2140925736072328,0.21409873306636493,0.2526039055406287,0.1328090451956824,0.13280361269051297,0.32969336484950934,train,False,1584
3,400,c,0.06990370072159566,0.06986041711017207,0.07222136349563618,0.031830913573560625,0.03174844913182255,0.9143002516918664,train,False,1584
4,400,d,0.0036641485778528267,0.003663905964479652,0.004586643400604045,0.0054904934522117975,0.00548991485290701,0.08252985191982155,train,False,1584
5,400,e,0.1651433558137846,0.16736129056816168,0.2505163578231957,0.1549671353213904,0.15507208410195325,0.3124771625729068,train,False,1584
0,100,c,0.06631909663654285,0.07886937475575426,0.15816960670105198,0.030258634385882603,0.02758829286232391,0.6342888462320169,train,False,1585
1,100,d,0.003295098475061481,0.003295197753966385,0.004377487198328327,-0.00887787498351564,-0.008878368334198968,0.00699289357000211,train,False,1585
2,100,e,0.1436076607580648,0.14361126546022185,0.1929546973720125,0.06998859559946859,0.07000509848564362,0.366564768572257,train,False,1585
3,400,c,0.04847155628580713,0.048470377066473086,0.08021093608823521,0.07812787336898509,0.07812492754824434,0.5375583856054893,train,False,1585
4,400,d,0.005728979967087888,0.005729259991505261,0.006171082744980818,0.0004441608451226031,0.0004438129529210855,0.06850797177376113,train,False,1585
5,400,e,0.18183402750745262,0.18185094606867463,0.23142663528888666,0.1195016328181848,0.11949219537310005,0.309428014406807,train,False,1585
0,100,c,0.05241187542708623,0.05241226327130428,0.10014735059642592,0.055551542430862924,0.05554740682798375,0.3631096221715934,train,False,1586
1,100,d,0.013276235317035921,0.013276071863885826,0.007813335156021336,0.015108368402370332,0.015107915510933588,0.03704501080771934,train,False,1586
2,100,e,0.24074609999180663,0.24075338488916112,0.2810620580691423,0.10095737347151577,0.10094393481650002,0.3346281158086743,train,False,1586
3,400,c,0.06299856848076804,0.06302446597976818,0.07679490807819096,-0.07194960382189791,-0.07199748587918421,0.6349112519826368,train,False,1586
4,400,d,0.004415343380127102,0.004415480646714165,0.004974687142541137,-0.011506559651778474,-0.011506845040977183,-0.002813787692471017,train,False,1586
5,400,e,0.1726679843436063,0.17238490848326118,0.2739214534095604,0.1548430381013329,0.15482785677477254,0.3647601505108537,train,False,1586
0,100,c,0.16165347175348027,0.16174134895581363,0.13285929591790144,0.08259023706779402,0.08256620557166869,1.099567689235091,train,False,1587
1,100,d,0.008302639667308475,0.008559537743067926,0.008993134750283458,-0.01622479768169221,-0.016252790906937948,-0.002933822675794655,train,False,1587
2,100,e,0.2590061301553709,0.25897063041848734,0.2883105018392567,0.10040844388160892,0.10039676379204863,0.28794888658926754,train,False,1587
3,400,c,0.06682281682857909,0.06679813484023749,0.08947323287361794,0.1311689478669014,0.13114021145913968,0.8528317742555768,train,False,1587
4,400,d,0.005903331710076216,0.005863529095431181,0.005999172898688818,0.005155427035395217,0.00514281480223886,0.08990492724151795,train,False,1587
5,400,e,0.19231976996889913,0.19233050896845907,0.2679598786032018,0.14877407057383174,0.14876281213022374,0.4077913551307109,train,False,1587
0,100,c,0.09972103225357312,0.10032205358712426,0.06924969425194297,0.020211623826737152,0.020087900056914805,0.3688548768541509,train,False,1588
1,100,d,0.08464008256242352,0.03286920321215415,0.012056006072439255,0.037712559862105,0.05239742580202309,0.07425560437605022,train,False,1588
2,100,e,0.33958926120127864,0.33847006882793806,0.4676184118088234,0.17196753675727777,0.16865343862208362,0.34291268999061486,train,False,1588
3,400,c,0.05756950448636824,0.05760124293569999,0.07678934835605956,0.06476755265300368,0.06472385887212298,0.43852184905574026,train,False,1588
4,400,d,0.00648005654743388,0.006480483076796585,0.006979670317996275,-0.005066899466042578,-0.005075481673758375,-0.003111702420880462,train,False,1588
5,400,e,0.19222171450926545,0.19219548054875205,0.268755620507677,0.16105255986547173,0.16104575821609668,0.31685507503859756,train,False,1588
0,100,c,0.06743976106486052,0.06743739560907996,0.07824260403713817,-0.06089421199329856,-0.060905450236704226,0.7340646899495067,train,False,1589
1,100,d,0.0043548046997505755,0.007046167747312831,0.0052695096692231755,-0.032287417508258275,-0.03337000319479227,0.009753734351968966,train,False,1589
2,100,e,0.19106113504947653,0.20280493105272573,0.22248246893244136,0.12370404835734046,0.12461730301606007,0.4015067539311671,train,False,1589
3,400,c,0.07647629424994024,0.07645230748197901,0.07629149225117522,0.09322154650569672,0.09321630124793089,0.6270794852156003,train,False,1589
4,400,d,0.005498307473451184,0.005498255190626008,0.00547446580181955,-0.013045020203056784,-0.013045027387196236,0.04685531214355526,train,False,1589
5,400,e,0.19662704974275155,0.19675284735494178,0.28673115430142604,0.18390455512516135,0.18391461965281272,0.3273973300399486,train,False,1589
0,100,c,0.15510801231594895,0.1525267596366614,0.1083421767793803,0.05130695294329939,0.0509285631196795,0.7062611247974041,train,False,1590
1,100,d,0.005380915269935196,0.0053810075923149455,0.00561348959850663,-0.007436275276264155,-0.007436618306946894,0.03510268909384884,train,False,1590
2,100,e,0.1636177512123007,0.16357219070467313,0.2753415742816556,0.18246205124456033,0.1824650529945177,0.29283091945519596,train,False,1590
3,400,c,0.056175509230731,0.0561747760620487,0.07844436905480182,0.010789588367142855,0.010785323420090335,0.45894183173276093,train,False,1590
4,400,d,0.00936399904484096,0.008374097053408342,0.006123293531349575,0.00409941048109447,0.004426528660727893,0.0224369951874397,train,False,1590
5,400,e,0.18474534451527844,0.1846856291189164,0.2681751525984937,0.15915664199020632,0.15914936276526598,0.3428005385926884,train,False,1590
0,100,c,0.05212751265804991,0.051851527572661815,0.10164680667923974,0.06441920689818943,0.06432993146532866,0.9682341563953805,train,False,1591
1,100,d,0.027578334390174996,0.02759459659569453,0.02105911545633765,-0.02128492485224747,-0.02128746090644054,-0.007423021344930163,train,False,1591
2,100,e,0.22571399342905757,0.2256307881203958,0.2264338841734373,0.0883267753148985,0.08831752730354729,0.3119388362264201,train,False,1591
3,400,c,0.06785656546400527,0.0678832104832245,0.0869733466255082,0.006154915660979157,0.006134344493398061,0.3691036339225275,train,False,1591
4,400,d,0.004615514293317658,0.004615565087107339,0.004221634367232341,0.005677326369580662,0.00567715716048383,0.02559322025839835,train,False,1591
5,400,e,0.17591575699882336,0.17590341715464508,0.27339299789287885,0.15535783499855454,0.15535153002631247,0.36632093171977287,train,False,1591
0,100,c,0.06581181938631685,0.06579973882939831,0.11689339524771357,-0.042552756066443605,-0.04255910420890146,0.763641681888026,train,False,1592
1,100,d,0.025911615424963053,0.025965131618905443,0.01869703880887054,-0.02152647189990601,-0.021528729775598342,-0.008153663815537601,train,False,1592
2,100,e,0.2506490224774355,0.2506447013422664,0.36313235693006496,0.1540045154327683,0.1540053280179469,0.30733994593359276,train,False,1592
3,400,c,0.05753584188680493,0.057536744385744895,0.08149154889402464,0.05767113889525241,0.05766787781562677,0.3043973737201305,train,False,1592
4,400,d,0.015590302542436924,0.01560306817944713,0.006841036425261246,0.023466991580950208,0.0234610856374249,0.10451521715242076,train,False,1592
5,400,e,0.18258615099571973,0.1824936640184428,0.2579263645043336,0.18443099568917526,0.1844182845728686,0.2964871334212514,train,False,1592
0,100,c,0.05884557925560009,0.05883079147205056,0.10133146122460988,0.017268232065514297,0.017269016287659013,0.49231870151816026,train,False,1593
1,100,d,0.005371183675540941,0.01400068154362332,0.005092829753674845,-0.020819366548413144,-0.022711306765134012,0.035569708678425564,train,False,1593
2,100,e,0.15756457693940945,0.15752582908287877,0.23678216585898976,0.11286244751273664,0.11285486003910662,0.27811787788347436,train,False,1593
3,400,c,0.05939025712238039,0.05938658483611367,0.07501481533894343,-0.014880103344915768,-0.01488543014568954,0.6499783646388295,train,False,1593
4,400,d,0.003344783166694799,0.003345266491614059,0.004044433066417214,-0.005394881177371556,-0.0053950973406294445,0.013050928389996006,train,False,1593
5,400,e,0.17713434109469528,0.17713495249254746,0.30365492821122114,0.14418210156081565,0.14417421175090694,0.32211260538146747,train,False,1593
0,100,c,0.10225264774336101,0.10225704483107599,0.11313680326283654,-0.017623217215566315,-0.01763026352862248,0.7614805090805744,train,False,1594
1,100,d,0.005971218473017391,0.005971260849939161,0.006524477077367434,-0.009310942605973586,-0.009311214320474352,0.019208835962973368,train,False,1594
2,100,e,0.19886957778591463,0.19886912329125095,0.2700660248239253,0.13248847440547956,0.13247927993982622,0.2675325991276602,train,False,1594
3,400,c,0.055511285820984774,0.05566861592852408,0.08842498048805846,0.00804985291200012,0.008049019365800235,0.7229639207790141,train,False,1594
4,400,d,0.01728190012027903,0.01732098739856567,0.009560525408834855,0.005615436934635411,0.005612300381882473,0.035334850035840935,train,False,1594
5,400,e,0.17717144022603648,0.17716861899460562,0.2677522114147693,0.17190019092513859,0.1718886977280431,0.30705560216847494,train,False,1594
0,100,c,0.14312017065871716,0.14308906270351104,0.1210677409336993,-0.004405931240726773,-0.0044108216563599,1.0806740375030404,train,False,1595
1,100,d,0.00653748211883997,0.0065380380721223345,0.0036967698234753685,0.015253769039172057,0.015253539214822247,0.10222103566943909,train,False,1595
2,100,e,0.23520572294385442,0.23519849585162741,0.38629550638821386,0.18249278855450782,0.1824820981615912,0.23273947374470672,train,False,1595
3,400,c,0.05682793238700477,0.056829009688422055,0.07087292244644935,0.07724256551405802,0.07724302640074371,0.6842847517028413,train,False,1595
4,400,d,0.005915081748631733,0.005913764414708516,0.008472007337417632,-0.006401094588962994,-0.00640119098901776,0.04482094486892997,train,False,1595
5,400,e,0.20289584432333324,0.20344123006468093,0.26825511751535125,0.1563473772490123,0.15638400509030276,0.32114216280186997,train,False,1595
0,100,c,0.054370877183154705,0.05419761439961007,0.07650845756498614,0.040107432429608285,0.040087135196470884,0.511675215683754,train,False,1596
1,100,d,0.006458382477425873,0.006456185675580623,0.005575703938377205,-0.012674624146608143,-0.012671949478695517,0.06571117962171533,train,False,1596
2,100,e,0.20181966863914336,0.20182404136703094,0.274149370915863,0.09846340280375056,0.09847686468311043,0.5012824238634714,train,False,1596
3,400,c,0.053046188219293446,0.053046996826130316,0.07378627590674099,0.05135014550779097,0.051348489240489174,0.6447508833747772,train,False,1596
4,400,d,0.005424637573508569,0.005424678034784667,0.006207563662072921,-0.014376098548017762,-0.014376715640756928,0.010770595580436311,train,False,1596
5,400,e,0.16901636569591158,0.16916851013098938,0.2928221891505367,0.16013619126623027,0.16114069918633803,0.335084313181872,train,False,1596
0,100,c,0.09718494074718537,0.09715606860793682,0.10789875800872896,0.08124287623630508,0.0812365865406916,0.24573987463789948,train,False,1597
1,100,d,0.01545835872734433,0.015461434314258393,0.01796745045480959,0.003397571666971544,0.0033960066486072725,0.07460626795047123,train,False,1597
2,100,e,0.23402955158404282,0.23396360240052608,0.2631935030477888,0.09732583789017327,0.09731289708711614,0.30640551726065324,train,False,1597
3,400,c,0.07050662975315238,0.07030659539017486,0.08791586512199072,0.04095035615208175,0.040917676846820114,0.9294662968932224,train,False,1597
4,400,d,0.007860504013099713,0.007860426503248624,0.008687611412385617,-0.009870234540081561,-0.009870011609600039,0.14555720542007433,train,False,1597
5,400,e,0.18699451315758292,0.18707930060002173,0.2733334180772558,0.1708717172848843,0.17085038556846016,0.3315536738386373,train,False,1597
0,100,c,0.08389746952330661,0.08387714702701052,0.05213467776441222,-0.06661514872253449,-0.06663774127318149,0.24126039251451536,train,False,1598
1,100,d,0.05764197423323899,0.05765600119596722,0.010820457239668853,0.018016006145709137,0.018016625000854613,0.17931359140138084,train,False,1598
2,100,e,0.17421261281367018,0.17421851529439716,0.3736027076455531,0.14067499494145538,0.14067409725193492,0.3453737866387858,train,False,1598
3,400,c,0.054985117224437025,0.05503791766555862,0.07323238307114172,0.09763059727218278,0.09757839331159601,0.5628088661346637,train,False,1598
4,400,d,0.007297155243483352,0.007301478219896244,0.008956980848473739,0.003380311092376527,0.003380427109498161,0.09972893742865242,train,False,1598
5,400,e,0.17971360109065518,0.17970515137861423,0.2750289006299486,0.18095625713271335,0.18094739766159104,0.3141099699034328,train,False,1598
0,100,c,0.07099097491621806,0.07182681516397951,0.10204324731651963,-0.049496794148260366,-0.05186079305686917,0.599617959660967,train,False,1599
1,100,d,0.005489563627114939,0.005489562202033815,0.005803384706721504,-0.022200103613048566,-0.022200388311980516,-0.009052979872678009,train,False,1599
2,100,e,0.18638194585999632,0.18638538777911118,0.2249358048500328,0.12830262412130508,0.12829195327175555,0.26456046383254034,train,False,1599
3,400,c,0.050455052167823776,0.050455832383688184,0.07934966566638493,0.04396686509536288,0.043961246114266786,0.4446652844947326,train,False,1599
4,400,d,0.00507501709224538,0.015987085473355853,0.006856356491921761,-0.001307720830567476,-0.007437021959014132,0.004451544492195367,train,False,1599
5,400,e,0.18135841695795157,0.18111255762838285,0.24388284950729705,0.14108907577449847,0.1407791858274919,0.36873082839345467,train,False,1599
