submitit INFO (2026-08-25 16:45:30,157) - Starting with JobEnvironment(job_id=1487560, hostname=l001, local_rank=0(1), node=0(1), global_rank=0(1))
submitit INFO (2026-08-25 16:45:30,157) - Loading pickle: /home/amberlee0516/score-matching-empirical-bayes/submitit_log/1487560/1487560_submitted.pkl
simulate_data.py: device = cuda:0

n: 100
m: 50
Finished solving NPMLE, with SURE 0.0568329370500863
Finished solving NPMLE, with in-sample MSE 0.008753842014188941
Finished solving parametric estimator, with SURE -0.01181389864474229
Finished solving parametric estimator, with in-sample MSE 0.01302290298481977
Finished solving EBCF, with in-sample MSE 0.010399341253379494
Finished training EB SURE-LS, with SURE: -0.018813507941019977
Finished training EB SURE-LS, with in-sample MSE: 0.009595459057632864
use_scale: True
use_location: False
Finished training EB misspecified with NPMLE init, with SURE: -0.014192173193991131
Finished training EB misspecified with NPMLE init, with in-sample MSE: 0.013023188898553606
Finished training EB misspecified, with SURE: -0.014192135434905193
Finished training EB misspecified, with in-sample MSE: 0.013023042484564661
Finished training EB wellspecified, with SURE: -0.014191252456884004
Finished training EB wellspecified, with in-sample MSE: 0.013022627381535026
m: 51
Finished solving NPMLE, with SURE 0.0003547220090260694
Finished solving NPMLE, with in-sample MSE 0.008936175552858654
Finished solving parametric estimator, with SURE -0.0022677726813531557
Finished solving parametric estimator, with in-sample MSE 0.002598873368407531
Finished solving EBCF, with in-sample MSE 0.009257369164196703
Finished training EB SURE-LS, with SURE: -0.015429372097072727
Finished training EB SURE-LS, with in-sample MSE: 0.009512765642802328
use_scale: True
use_location: False
Finished training EB misspecified with NPMLE init, with SURE: -0.010671123898874839
Finished training EB misspecified with NPMLE init, with in-sample MSE: 0.009486763285541395
Finished training EB misspecified, with SURE: -0.010669704234724051
Finished training EB misspecified, with in-sample MSE: 0.009483698608450717
Finished training EB wellspecified, with SURE: -0.024553270342107105
Finished training EB wellspecified, with in-sample MSE: 0.02590985126857082
m: 52
Finished solving NPMLE, with SURE 0.052036836617761324
Finished solving NPMLE, with in-sample MSE 0.010668710351760717
Finished solving parametric estimator, with SURE -0.0028947504479224784
Finished solving parametric estimator, with in-sample MSE 0.004556369139060668
Finished solving EBCF, with in-sample MSE 0.007455163584038092
Finished training EB SURE-LS, with SURE: -0.015076094883062928
Finished training EB SURE-LS, with in-sample MSE: 0.007055286170104706
use_scale: True
use_location: False
Finished training EB misspecified with NPMLE init, with SURE: -0.008241140233322355
Finished training EB misspecified with NPMLE init, with in-sample MSE: 0.00938482987905201
Finished training EB misspecified, with SURE: -0.008242885861769
Finished training EB misspecified, with in-sample MSE: 0.009375482099301221
Finished training EB wellspecified, with SURE: -0.03217579843319513
Finished training EB wellspecified, with in-sample MSE: 0.03219095605412423
m: 53
Finished solving NPMLE, with SURE 0.05119992024290642
Finished solving NPMLE, with in-sample MSE 0.011642167181504862
Finished solving parametric estimator, with SURE 0.003588796583973458
Finished solving parametric estimator, with in-sample MSE 0.008261284442544366
Finished solving EBCF, with in-sample MSE 0.011931612305695434
Finished training EB SURE-LS, with SURE: -0.00017657554968635304
Finished training EB SURE-LS, with in-sample MSE: 0.010863692121410265
use_scale: True
use_location: False
Finished training EB misspecified with NPMLE init, with SURE: -0.0002037438530664204
Finished training EB misspecified with NPMLE init, with in-sample MSE: 0.010779989633360618
Finished training EB misspecified, with SURE: -0.00020336200272492278
Finished training EB misspecified, with in-sample MSE: 0.010779278117383797
Finished training EB wellspecified, with SURE: -0.014531343628524422
Finished training EB wellspecified, with in-sample MSE: 0.027880082414121644
m: 54
Finished solving NPMLE, with SURE 0.049576829506022976
Finished solving NPMLE, with in-sample MSE 0.005207718356527741
Finished solving parametric estimator, with SURE -0.032117486067023845
Finished solving parametric estimator, with in-sample MSE 0.0055203324681504995
Finished solving EBCF, with in-sample MSE 0.005200974822236188
Finished training EB SURE-LS, with SURE: -0.042487419062290394
Finished training EB SURE-LS, with in-sample MSE: 0.001014349625704568
use_scale: True
use_location: False
Finished training EB misspecified with NPMLE init, with SURE: -0.034716355636065614
Finished training EB misspecified with NPMLE init, with in-sample MSE: 0.0055207401148177045
Finished training EB misspecified, with SURE: -0.03471578038206161
Finished training EB misspecified, with in-sample MSE: 0.005520576603104708
Finished training EB wellspecified, with SURE: -0.043575455454274555
Finished training EB wellspecified, with in-sample MSE: 0.0037312318024322823
m: 55
Finished solving NPMLE, with SURE 0.05317874589517658
Finished solving NPMLE, with in-sample MSE 0.004101129221913053
Finished solving parametric estimator, with SURE -0.011008291337223794
Finished solving parametric estimator, with in-sample MSE 0.003755994125839595
Finished solving EBCF, with in-sample MSE 0.0035587853653241395
Finished training EB SURE-LS, with SURE: -0.01722382327688754
Finished training EB SURE-LS, with in-sample MSE: 6.645049635369622e-05
use_scale: True
use_location: False
Finished training EB misspecified with NPMLE init, with SURE: -0.013517338589149192
Finished training EB misspecified with NPMLE init, with in-sample MSE: 0.0037561426960736038
Finished training EB misspecified, with SURE: -0.013516878537824156
Finished training EB misspecified, with in-sample MSE: 0.0037560997855418856
Finished training EB wellspecified, with SURE: -0.0193543032897038
Finished training EB wellspecified, with in-sample MSE: 0.001626736186344427
m: 56
Finished solving NPMLE, with SURE 0.18442700498070685
Finished solving NPMLE, with in-sample MSE 0.00945400199615509
Finished solving parametric estimator, with SURE 0.03485896439252595
Finished solving parametric estimator, with in-sample MSE 0.013315875207378407
Finished solving EBCF, with in-sample MSE 0.044320583991276585
Finished training EB SURE-LS, with SURE: -0.002892078263470651
Finished training EB SURE-LS, with in-sample MSE: 0.0378442057853922
use_scale: True
use_location: False
Finished training EB misspecified with NPMLE init, with SURE: 0.01746418279834323
Finished training EB misspecified with NPMLE init, with in-sample MSE: 0.06130428850462507
Finished training EB misspecified, with SURE: 0.017474086260306443
Finished training EB misspecified, with in-sample MSE: 0.061293746499582226
Finished training EB wellspecified, with SURE: -0.03232046525562994
Finished training EB wellspecified, with in-sample MSE: 0.07302153778201671
m: 57
Finished solving NPMLE, with SURE 0.01666310037682802
Finished solving NPMLE, with in-sample MSE 0.005054234581738513
Finished solving parametric estimator, with SURE 0.007420627309125738
Finished solving parametric estimator, with in-sample MSE 0.0048107692162009455
Finished solving EBCF, with in-sample MSE 0.01640941349907982
Finished training EB SURE-LS, with SURE: 0.0025232048625238247
Finished training EB SURE-LS, with in-sample MSE: 0.004848779535985859
use_scale: True
use_location: False
Finished training EB misspecified with NPMLE init, with SURE: 0.004893411430868131
Finished training EB misspecified with NPMLE init, with in-sample MSE: 0.004857174688527952
Finished training EB misspecified, with SURE: 0.004901523133753525
Finished training EB misspecified, with in-sample MSE: 0.004856673355044143
Finished training EB wellspecified, with SURE: -0.005082865245915011
Finished training EB wellspecified, with in-sample MSE: 0.012940548222931314
m: 58
Finished solving NPMLE, with SURE 0.004698511955410982
Finished solving NPMLE, with in-sample MSE 0.004119218361944516
Finished solving parametric estimator, with SURE -0.025752210344030163
Finished solving parametric estimator, with in-sample MSE 0.003803721738217202
Finished solving EBCF, with in-sample MSE 0.004516549309174426
Finished training EB SURE-LS, with SURE: -0.0290288563341279
Finished training EB SURE-LS, with in-sample MSE: 0.0010552561154519363
use_scale: True
use_location: False
Finished training EB misspecified with NPMLE init, with SURE: -0.028108971906762578
Finished training EB misspecified with NPMLE init, with in-sample MSE: 0.0038896281036095255
Finished training EB misspecified, with SURE: -0.02805634269197494
Finished training EB misspecified, with in-sample MSE: 0.0038036852356731245
Finished training EB wellspecified, with SURE: -0.049515891643768004
Finished training EB wellspecified, with in-sample MSE: 0.019331301270001773
m: 59
Finished solving NPMLE, with SURE 0.05192117707581305
Finished solving NPMLE, with in-sample MSE 0.006103067777256392
Finished solving parametric estimator, with SURE -0.022235399582984344
Finished solving parametric estimator, with in-sample MSE 0.007003410839657744
Finished solving EBCF, with in-sample MSE 0.010239643884575636
Finished training EB SURE-LS, with SURE: -0.03086206638870626
Finished training EB SURE-LS, with in-sample MSE: 0.0019751265177764474
use_scale: True
use_location: False
Finished training EB misspecified with NPMLE init, with SURE: -0.025247583059155955
Finished training EB misspecified with NPMLE init, with in-sample MSE: 0.008477385238486523
Finished training EB misspecified, with SURE: -0.02464264168740744
Finished training EB misspecified, with in-sample MSE: 0.007003650660048469
Finished training EB wellspecified, with SURE: -0.035983841028309746
Finished training EB wellspecified, with in-sample MSE: 0.00706850548113852
m: 60
Finished solving NPMLE, with SURE 0.040246486932283006
Finished solving NPMLE, with in-sample MSE 0.008458662532208231
Finished solving parametric estimator, with SURE 0.010409087640728995
Finished solving parametric estimator, with in-sample MSE 0.006168090709549006
Finished solving EBCF, with in-sample MSE 0.044278074809684174
Finished training EB SURE-LS, with SURE: 0.0010493115812677501
Finished training EB SURE-LS, with in-sample MSE: 0.002692564173057603
use_scale: True
use_location: False
Finished training EB misspecified with NPMLE init, with SURE: 0.006863148612165073
Finished training EB misspecified with NPMLE init, with in-sample MSE: 0.007070166982290416
Finished training EB misspecified, with SURE: 0.006863678442255807
Finished training EB misspecified, with in-sample MSE: 0.00706989189700434
Finished training EB wellspecified, with SURE: -0.012030156312534453
Finished training EB wellspecified, with in-sample MSE: 0.017100402031609487
m: 61
Finished solving NPMLE, with SURE 0.025262888884621405
Finished solving NPMLE, with in-sample MSE 0.00782007045272419
Finished solving parametric estimator, with SURE 0.004229217334943677
Finished solving parametric estimator, with in-sample MSE 0.00844236715434803
Finished solving EBCF, with in-sample MSE 0.008910591648040945
Finished training EB SURE-LS, with SURE: -0.0019013440035614737
Finished training EB SURE-LS, with in-sample MSE: 0.002698784996123697
use_scale: True
use_location: False
Finished training EB misspecified with NPMLE init, with SURE: 0.001070608085789715
Finished training EB misspecified with NPMLE init, with in-sample MSE: 0.00932061438888865
Finished training EB misspecified, with SURE: 0.001071096990157212
Finished training EB misspecified, with in-sample MSE: 0.00932000983826473
Finished training EB wellspecified, with SURE: -0.026128742116928016
Finished training EB wellspecified, with in-sample MSE: 0.027018913911402494
m: 62
Finished solving NPMLE, with SURE 0.06935085083926414
Finished solving NPMLE, with in-sample MSE 0.005319711406298618
Finished solving parametric estimator, with SURE 0.013106429654287904
Finished solving parametric estimator, with in-sample MSE 0.004943655990223273
Finished solving EBCF, with in-sample MSE 0.017237007749286094
Finished training EB SURE-LS, with SURE: -0.008892906124920767
Finished training EB SURE-LS, with in-sample MSE: 0.007398446672311226
use_scale: True
use_location: False
Finished training EB misspecified with NPMLE init, with SURE: 0.010023131350402288
Finished training EB misspecified with NPMLE init, with in-sample MSE: 0.005743768158995062
Finished training EB misspecified, with SURE: 0.010023254980182479
Finished training EB misspecified, with in-sample MSE: 0.005743657842638243
Finished training EB wellspecified, with SURE: -0.027463193709282185
Finished training EB wellspecified, with in-sample MSE: 0.03331759991221613
m: 63
Finished solving NPMLE, with SURE 0.0029566093230724276
Finished solving NPMLE, with in-sample MSE 0.004388674137187843
Finished solving parametric estimator, with SURE -0.017610942325756634
Finished solving parametric estimator, with in-sample MSE 0.003354978933814538
Finished solving EBCF, with in-sample MSE 0.0027402780919095543
Finished training EB SURE-LS, with SURE: -0.02350585922709361
Finished training EB SURE-LS, with in-sample MSE: 0.00014215079077187622
use_scale: True
use_location: False
Finished training EB misspecified with NPMLE init, with SURE: -0.020050883590753178
Finished training EB misspecified with NPMLE init, with in-sample MSE: 0.003355151634182225
Finished training EB misspecified, with SURE: -0.02005062395709766
Finished training EB misspecified, with in-sample MSE: 0.003355081597206663
Finished training EB wellspecified, with SURE: -0.03266306902846301
Finished training EB wellspecified, with in-sample MSE: 0.008833110831731616
m: 64
Finished solving NPMLE, with SURE 0.002965582066400003
Finished solving NPMLE, with in-sample MSE 0.005503825349113428
Finished solving parametric estimator, with SURE -0.01001417448176968
Finished solving parametric estimator, with in-sample MSE 0.0051926620812159366
Finished solving EBCF, with in-sample MSE 0.007377163907578983
Finished training EB SURE-LS, with SURE: -0.016417210040410177
Finished training EB SURE-LS, with in-sample MSE: 0.010011916964779719
use_scale: True
use_location: False
Finished training EB misspecified with NPMLE init, with SURE: -0.01266828695610382
Finished training EB misspecified with NPMLE init, with in-sample MSE: 0.005498699172530399
Finished training EB misspecified, with SURE: -0.012516537917486375
Finished training EB misspecified, with in-sample MSE: 0.005192421732106078
Finished training EB wellspecified, with SURE: -0.014150007338314223
Finished training EB wellspecified, with in-sample MSE: 0.004484884854735975
m: 65
Finished solving NPMLE, with SURE 0.029653072051810146
Finished solving NPMLE, with in-sample MSE 0.004960979284803294
Finished solving parametric estimator, with SURE 0.0048262753738334
Finished solving parametric estimator, with in-sample MSE 0.0036061938106333206
Finished solving EBCF, with in-sample MSE 0.0073921495253092915
Finished training EB SURE-LS, with SURE: -0.005775446287408079
Finished training EB SURE-LS, with in-sample MSE: 0.0011061250609138268
use_scale: True
use_location: False
Finished training EB misspecified with NPMLE init, with SURE: 0.0023240941668004923
Finished training EB misspecified with NPMLE init, with in-sample MSE: 0.003608697947046872
Finished training EB misspecified, with SURE: 0.0023243591193254786
Finished training EB misspecified, with in-sample MSE: 0.0036086855742220314
Finished training EB wellspecified, with SURE: -0.006816294360641065
Finished training EB wellspecified, with in-sample MSE: 0.0012838966542513305
m: 66
Finished solving NPMLE, with SURE 0.0028919578217689156
Finished solving NPMLE, with in-sample MSE 0.00870721226060728
Finished solving parametric estimator, with SURE -0.006579283626960877
Finished solving parametric estimator, with in-sample MSE 0.006292666621727684
Finished solving EBCF, with in-sample MSE 0.006979325219228666
Finished training EB SURE-LS, with SURE: -0.008841683094365053
Finished training EB SURE-LS, with in-sample MSE: 0.006139411678009544
use_scale: True
use_location: False
Finished training EB misspecified with NPMLE init, with SURE: -0.009175670762797062
Finished training EB misspecified with NPMLE init, with in-sample MSE: 0.0062586826995920716
Finished training EB misspecified, with SURE: -0.00915998079858161
Finished training EB misspecified, with in-sample MSE: 0.006289708535326215
Finished training EB wellspecified, with SURE: -0.027080067612606812
Finished training EB wellspecified, with in-sample MSE: 0.018473802405487395
m: 67
Finished solving NPMLE, with SURE 0.012151898077964044
Finished solving NPMLE, with in-sample MSE 0.006555111244448115
Finished solving parametric estimator, with SURE 0.01449836739638391
Finished solving parametric estimator, with in-sample MSE 0.006621293549863864
Finished solving EBCF, with in-sample MSE 0.01673883728551627
Finished training EB SURE-LS, with SURE: 0.003103676280130403
Finished training EB SURE-LS, with in-sample MSE: 0.01927080023890555
use_scale: True
use_location: False
Finished training EB misspecified with NPMLE init, with SURE: 0.011784544365910855
Finished training EB misspecified with NPMLE init, with in-sample MSE: 0.007019501810309659
Finished training EB misspecified, with SURE: 0.011784978951952105
Finished training EB misspecified, with in-sample MSE: 0.00700939210313329
Finished training EB wellspecified, with SURE: -0.026818185760508585
Finished training EB wellspecified, with in-sample MSE: 0.060118378426206084
m: 68
Finished solving NPMLE, with SURE -0.005677347386423576
Finished solving NPMLE, with in-sample MSE 0.013040364558738304
Finished solving parametric estimator, with SURE 0.002916990804643513
Finished solving parametric estimator, with in-sample MSE 0.0046599199929633
Finished solving EBCF, with in-sample MSE 0.006896954196150125
Finished training EB SURE-LS, with SURE: -0.010621478323591838
Finished training EB SURE-LS, with in-sample MSE: 0.007611297827352387
use_scale: True
use_location: False
Finished training EB misspecified with NPMLE init, with SURE: -0.00724301022351046
Finished training EB misspecified with NPMLE init, with in-sample MSE: 0.012871100287821563
Finished training EB misspecified, with SURE: -0.007241112775457701
Finished training EB misspecified, with in-sample MSE: 0.012866470478288417
Finished training EB wellspecified, with SURE: -0.02911248483212857
Finished training EB wellspecified, with in-sample MSE: 0.030075534928040163
m: 69
Finished solving NPMLE, with SURE 0.0790289063269812
Finished solving NPMLE, with in-sample MSE 0.01594950423937922
Finished solving parametric estimator, with SURE 0.04309691019535179
Finished solving parametric estimator, with in-sample MSE 0.012673455643928456
Finished solving EBCF, with in-sample MSE 0.03895790268373295
Finished training EB SURE-LS, with SURE: 0.003071985347466115
Finished training EB SURE-LS, with in-sample MSE: 0.036365695821306
use_scale: True
use_location: False
Finished training EB misspecified with NPMLE init, with SURE: 0.02410246677462329
Finished training EB misspecified with NPMLE init, with in-sample MSE: 0.06447910505814634
Finished training EB misspecified, with SURE: 0.02417507538805019
Finished training EB misspecified, with in-sample MSE: 0.06597070875330893
Finished training EB wellspecified, with SURE: -0.018925278007016634
Finished training EB wellspecified, with in-sample MSE: 0.07648962108346698
m: 70
Finished solving NPMLE, with SURE 0.0005001086006387823
Finished solving NPMLE, with in-sample MSE 0.005702235093269722
Finished solving parametric estimator, with SURE -0.003956057994355611
Finished solving parametric estimator, with in-sample MSE 0.003868376027257923
Finished solving EBCF, with in-sample MSE 0.008503291262456423
Finished training EB SURE-LS, with SURE: -0.01141084466290715
Finished training EB SURE-LS, with in-sample MSE: 0.0004922497044319993
use_scale: True
use_location: False
Finished training EB misspecified with NPMLE init, with SURE: -0.006376328033063157
Finished training EB misspecified with NPMLE init, with in-sample MSE: 0.003868553721059475
Finished training EB misspecified, with SURE: -0.006618414714213668
Finished training EB misspecified, with in-sample MSE: 0.004760740901094285
Finished training EB wellspecified, with SURE: -0.02909766698872459
Finished training EB wellspecified, with in-sample MSE: 0.029403181639310855
m: 71
Finished solving NPMLE, with SURE 0.10374388856079443
Finished solving NPMLE, with in-sample MSE 0.004823891279863985
Finished solving parametric estimator, with SURE -0.013733886400750711
Finished solving parametric estimator, with in-sample MSE 0.005342187450844222
Finished solving EBCF, with in-sample MSE 0.01086150737764827
Finished training EB SURE-LS, with SURE: -0.03223417585558142
Finished training EB SURE-LS, with in-sample MSE: 0.004600408094400834
use_scale: True
use_location: False
Finished training EB misspecified with NPMLE init, with SURE: -0.016376973304377616
Finished training EB misspecified with NPMLE init, with in-sample MSE: 0.005342762779925453
Finished training EB misspecified, with SURE: -0.016376650153959817
Finished training EB misspecified, with in-sample MSE: 0.0053426102411612995
Finished training EB wellspecified, with SURE: -0.041729931808531094
Finished training EB wellspecified, with in-sample MSE: 0.013473404140925122
m: 72
Finished solving NPMLE, with SURE 0.38216581660564697
Finished solving NPMLE, with in-sample MSE 0.005805956674977729
Finished solving parametric estimator, with SURE 0.03339539545884636
Finished solving parametric estimator, with in-sample MSE 0.0070874919884914185
Finished solving EBCF, with in-sample MSE 0.016644300224575546
Finished training EB SURE-LS, with SURE: -0.010106923903280133
Finished training EB SURE-LS, with in-sample MSE: 0.019064587851626066
use_scale: True
use_location: False
Finished training EB misspecified with NPMLE init, with SURE: 0.0008204883081913472
Finished training EB misspecified with NPMLE init, with in-sample MSE: 0.051145472373468996
Finished training EB misspecified, with SURE: 0.0008152006884382246
Finished training EB misspecified, with in-sample MSE: 0.051146429539642047
Finished training EB wellspecified, with SURE: -0.03640359039212502
Finished training EB wellspecified, with in-sample MSE: 0.04166772170921284
m: 73
Finished solving NPMLE, with SURE 0.0035396451926998653
Finished solving NPMLE, with in-sample MSE 0.007891911313599178
Finished solving parametric estimator, with SURE 0.005693591188872679
Finished solving parametric estimator, with in-sample MSE 0.0053004091924106255
Finished solving EBCF, with in-sample MSE 0.036218011095702676
Finished training EB SURE-LS, with SURE: 0.0006421114684109552
Finished training EB SURE-LS, with in-sample MSE: 0.0013482956571438476
use_scale: True
use_location: False
Finished training EB misspecified with NPMLE init, with SURE: 0.0031799455887525953
Finished training EB misspecified with NPMLE init, with in-sample MSE: 0.00530059967802934
Finished training EB misspecified, with SURE: 0.0031803698240468314
Finished training EB misspecified, with in-sample MSE: 0.005300373609724194
Finished training EB wellspecified, with SURE: -0.013257368066538128
Finished training EB wellspecified, with in-sample MSE: 0.008244136224221247
m: 74
Finished solving NPMLE, with SURE 0.07850181113069954
Finished solving NPMLE, with in-sample MSE 0.008247797301222772
Finished solving parametric estimator, with SURE 0.02515638077786543
Finished solving parametric estimator, with in-sample MSE 0.007681030037286026
Finished solving EBCF, with in-sample MSE 0.020882484318683666
Finished training EB SURE-LS, with SURE: 0.014201760174330669
Finished training EB SURE-LS, with in-sample MSE: 0.005082958554370283
use_scale: True
use_location: False
Finished training EB misspecified with NPMLE init, with SURE: 0.02259577264015425
Finished training EB misspecified with NPMLE init, with in-sample MSE: 0.007956807056627137
Finished training EB misspecified, with SURE: 0.022594444888780336
Finished training EB misspecified, with in-sample MSE: 0.007972737724685791
Finished training EB wellspecified, with SURE: -0.023329201465469202
Finished training EB wellspecified, with in-sample MSE: 0.058991700916809414
m: 75
Finished solving NPMLE, with SURE 0.006463264578936662
Finished solving NPMLE, with in-sample MSE 0.0033189466695896317
Finished solving parametric estimator, with SURE -0.0049961382900777646
Finished solving parametric estimator, with in-sample MSE 0.002914242939858343
Finished solving EBCF, with in-sample MSE 0.003736886831501622
Finished training EB SURE-LS, with SURE: -0.00988626050921985
Finished training EB SURE-LS, with in-sample MSE: 0.00014795096761089816
use_scale: True
use_location: False
Finished training EB misspecified with NPMLE init, with SURE: -0.007354504331311596
Finished training EB misspecified with NPMLE init, with in-sample MSE: 0.0029487570120824104
Finished training EB misspecified, with SURE: -0.0073529809266641875
Finished training EB misspecified, with in-sample MSE: 0.002948704107273548
Finished training EB wellspecified, with SURE: -0.02740783503809402
Finished training EB wellspecified, with in-sample MSE: 0.02028892588137965
m: 76
Finished solving NPMLE, with SURE 0.03912683962209647
Finished solving NPMLE, with in-sample MSE 0.004793329107764395
Finished solving parametric estimator, with SURE -0.016469064824592372
Finished solving parametric estimator, with in-sample MSE 0.00581838530260681
Finished solving EBCF, with in-sample MSE 0.00500655417835779
Finished training EB SURE-LS, with SURE: -0.026064626661490432
Finished training EB SURE-LS, with in-sample MSE: 0.0014702592402104358
use_scale: True
use_location: False
Finished training EB misspecified with NPMLE init, with SURE: -0.01904202440425898
Finished training EB misspecified with NPMLE init, with in-sample MSE: 0.005818668753275136
Finished training EB misspecified, with SURE: -0.019041911090638203
Finished training EB misspecified, with in-sample MSE: 0.0058186403060181335
Finished training EB wellspecified, with SURE: -0.05180157650945714
Finished training EB wellspecified, with in-sample MSE: 0.02627679633030043
m: 77
Finished solving NPMLE, with SURE 0.014566307049712197
Finished solving NPMLE, with in-sample MSE 0.007886718551448806
Finished solving parametric estimator, with SURE -0.017407187448768555
Finished solving parametric estimator, with in-sample MSE 0.005316247379688005
Finished solving EBCF, with in-sample MSE 0.004991311571248413
Finished training EB SURE-LS, with SURE: -0.019211995148866432
Finished training EB SURE-LS, with in-sample MSE: 0.005082011596394902
use_scale: True
use_location: False
Finished training EB misspecified with NPMLE init, with SURE: -0.01987759986508447
Finished training EB misspecified with NPMLE init, with in-sample MSE: 0.005316675863118118
Finished training EB misspecified, with SURE: -0.019877180294786446
Finished training EB misspecified, with in-sample MSE: 0.005316529359241198
Finished training EB wellspecified, with SURE: -0.03898552837184695
Finished training EB wellspecified, with in-sample MSE: 0.005763721289609602
m: 78
Finished solving NPMLE, with SURE 0.038642153768837645
Finished solving NPMLE, with in-sample MSE 0.0026000077510201208
Finished solving parametric estimator, with SURE -0.010872497321109897
Finished solving parametric estimator, with in-sample MSE 0.002969928897008537
Finished solving EBCF, with in-sample MSE 0.008199371457176256
Finished training EB SURE-LS, with SURE: -0.019030287484964867
Finished training EB SURE-LS, with in-sample MSE: 0.0012013126244190579
use_scale: True
use_location: False
Finished training EB misspecified with NPMLE init, with SURE: -0.01312481336168025
Finished training EB misspecified with NPMLE init, with in-sample MSE: 0.0029702270656689063
Finished training EB misspecified, with SURE: -0.013124423666861009
Finished training EB misspecified, with in-sample MSE: 0.002970007718374085
Finished training EB wellspecified, with SURE: -0.02518277995740903
Finished training EB wellspecified, with in-sample MSE: 0.007556924159122411
m: 79
Finished solving NPMLE, with SURE 0.06011216389197571
Finished solving NPMLE, with in-sample MSE 0.004391270507738343
Finished solving parametric estimator, with SURE -0.02391879018754961
Finished solving parametric estimator, with in-sample MSE 0.006046172120364115
Finished solving EBCF, with in-sample MSE 0.00542557174442111
Finished training EB SURE-LS, with SURE: -0.03304653270532506
Finished training EB SURE-LS, with in-sample MSE: 0.002263689935952015
use_scale: True
use_location: False
Finished training EB misspecified with NPMLE init, with SURE: -0.026582652916139794
Finished training EB misspecified with NPMLE init, with in-sample MSE: 0.005973390482847102
Finished training EB misspecified, with SURE: -0.026563271336410316
Finished training EB misspecified, with in-sample MSE: 0.0060006634968009535
Finished training EB wellspecified, with SURE: -0.03689813590767843
Finished training EB wellspecified, with in-sample MSE: 0.006323669942013892
m: 80
Finished solving NPMLE, with SURE 0.07045351300541093
Finished solving NPMLE, with in-sample MSE 0.004342560607832445
Finished solving parametric estimator, with SURE 0.0070346402533030955
Finished solving parametric estimator, with in-sample MSE 0.004173281929336881
Finished solving EBCF, with in-sample MSE 0.0017932417958851723
Finished training EB SURE-LS, with SURE: -0.0018125721820080227
Finished training EB SURE-LS, with in-sample MSE: 0.00044274382257708197
use_scale: True
use_location: False
Finished training EB misspecified with NPMLE init, with SURE: 0.004618815437885235
Finished training EB misspecified with NPMLE init, with in-sample MSE: 0.004173431842902373
Finished training EB misspecified, with SURE: 0.0046190122493879925
Finished training EB misspecified, with in-sample MSE: 0.004173412957134701
Finished training EB wellspecified, with SURE: -0.025525338384854008
Finished training EB wellspecified, with in-sample MSE: 0.030012951944689358
m: 81
Finished solving NPMLE, with SURE -0.008949036952233378
Finished solving NPMLE, with in-sample MSE 0.012322519378713646
Finished solving parametric estimator, with SURE -0.003603962866410168
Finished solving parametric estimator, with in-sample MSE 0.0037889534161025134
Finished solving EBCF, with in-sample MSE 0.011049082689520668
Finished training EB SURE-LS, with SURE: -0.006236386040031058
Finished training EB SURE-LS, with in-sample MSE: 0.002311708556098603
use_scale: True
use_location: False
Finished training EB misspecified with NPMLE init, with SURE: -0.014938459181628599
Finished training EB misspecified with NPMLE init, with in-sample MSE: 0.012783726173691558
Finished training EB misspecified, with SURE: -0.014936913834006393
Finished training EB misspecified, with in-sample MSE: 0.012783564365353326
Finished training EB wellspecified, with SURE: -0.03152415088163025
Finished training EB wellspecified, with in-sample MSE: 0.027863873446523964
m: 82
Finished solving NPMLE, with SURE 0.01761674512131302
Finished solving NPMLE, with in-sample MSE 0.006316269323079
Finished solving parametric estimator, with SURE -0.002686407024059506
Finished solving parametric estimator, with in-sample MSE 0.005257245140573357
Finished solving EBCF, with in-sample MSE 0.006302195108876328
Finished training EB SURE-LS, with SURE: -0.00576533301526095
Finished training EB SURE-LS, with in-sample MSE: 0.0028574637123802054
use_scale: True
use_location: False
Finished training EB misspecified with NPMLE init, with SURE: -0.005837170375158607
Finished training EB misspecified with NPMLE init, with in-sample MSE: 0.005671549850421945
Finished training EB misspecified, with SURE: -0.0058347515958830165
Finished training EB misspecified, with in-sample MSE: 0.005669562674344062
Finished training EB wellspecified, with SURE: -0.019465015616559084
Finished training EB wellspecified, with in-sample MSE: 0.017543182038753092
m: 83
Finished solving NPMLE, with SURE 0.1805586211948363
Finished solving NPMLE, with in-sample MSE 0.016146958589308726
Finished solving parametric estimator, with SURE 0.04950819477786487
Finished solving parametric estimator, with in-sample MSE 0.015500015978709576
Finished solving EBCF, with in-sample MSE 0.04214919761134309
Finished training EB SURE-LS, with SURE: 0.02694413374332801
Finished training EB SURE-LS, with in-sample MSE: 0.01817641420412109
use_scale: True
use_location: False
Finished training EB misspecified with NPMLE init, with SURE: 0.028257157526408214
Finished training EB misspecified with NPMLE init, with in-sample MSE: 0.041681326166921176
Finished training EB misspecified, with SURE: 0.028257072424108395
Finished training EB misspecified, with in-sample MSE: 0.04169500330745677
Finished training EB wellspecified, with SURE: -0.018846695008089692
Finished training EB wellspecified, with in-sample MSE: 0.08097879442971578
m: 84
Finished solving NPMLE, with SURE -0.02825097135918018
Finished solving NPMLE, with in-sample MSE 0.006056687365872154
Finished solving parametric estimator, with SURE -0.030566577249398347
Finished solving parametric estimator, with in-sample MSE 0.005489350870292703
Finished solving EBCF, with in-sample MSE 0.0035591916283185263
Finished training EB SURE-LS, with SURE: -0.03422850838129384
Finished training EB SURE-LS, with in-sample MSE: 0.0019432727983501748
use_scale: True
use_location: False
Finished training EB misspecified with NPMLE init, with SURE: -0.03310233362966578
Finished training EB misspecified with NPMLE init, with in-sample MSE: 0.00548940068901621
Finished training EB misspecified, with SURE: -0.03310181231291853
Finished training EB misspecified, with in-sample MSE: 0.0054894117220372005
Finished training EB wellspecified, with SURE: -0.03951812404349729
Finished training EB wellspecified, with in-sample MSE: 0.006583336023216071
m: 85
Finished solving NPMLE, with SURE 0.14569128799100062
Finished solving NPMLE, with in-sample MSE 0.012188910695113185
Finished solving parametric estimator, with SURE 0.039151476627183136
Finished solving parametric estimator, with in-sample MSE 0.018814933666668622
Finished solving EBCF, with in-sample MSE 0.028540533743281204
Finished training EB SURE-LS, with SURE: 0.018454830061915905
Finished training EB SURE-LS, with in-sample MSE: 0.02221198179079371
use_scale: True
use_location: False
Finished training EB misspecified with NPMLE init, with SURE: 0.031487616441308555
Finished training EB misspecified with NPMLE init, with in-sample MSE: 0.03483401613413069
Finished training EB misspecified, with SURE: 0.031490645255355346
Finished training EB misspecified, with in-sample MSE: 0.03482596922526254
Finished training EB wellspecified, with SURE: -0.007194305387519436
Finished training EB wellspecified, with in-sample MSE: 0.07078243760761738
m: 86
Finished solving NPMLE, with SURE 0.008270522141109477
Finished solving NPMLE, with in-sample MSE 0.007050456353715564
Finished solving parametric estimator, with SURE 0.0022891041270948487
Finished solving parametric estimator, with in-sample MSE 0.005437813139538612
Finished solving EBCF, with in-sample MSE 0.020428880647415906
Finished training EB SURE-LS, with SURE: -0.001852759082247244
Finished training EB SURE-LS, with in-sample MSE: 0.012595545654498923
use_scale: True
use_location: False
Finished training EB misspecified with NPMLE init, with SURE: -0.0021680656073109717
Finished training EB misspecified with NPMLE init, with in-sample MSE: 0.010369011125207758
Finished training EB misspecified, with SURE: -0.0021661757320723574
Finished training EB misspecified, with in-sample MSE: 0.010358415819857768
Finished training EB wellspecified, with SURE: -0.01420877169570462
Finished training EB wellspecified, with in-sample MSE: 0.034125158459743336
m: 87
Finished solving NPMLE, with SURE -0.011747279177396238
Finished solving NPMLE, with in-sample MSE 0.004945552574270568
Finished solving parametric estimator, with SURE -0.0118925007300337
Finished solving parametric estimator, with in-sample MSE 0.004914959771871338
Finished solving EBCF, with in-sample MSE 0.011932469553392566
Finished training EB SURE-LS, with SURE: -0.014535459204158135
Finished training EB SURE-LS, with in-sample MSE: 0.0034254042516721657
use_scale: True
use_location: False
Finished training EB misspecified with NPMLE init, with SURE: -0.014442484868096201
Finished training EB misspecified with NPMLE init, with in-sample MSE: 0.005257343419366821
Finished training EB misspecified, with SURE: -0.01444111678549259
Finished training EB misspecified, with in-sample MSE: 0.005251259321936002
Finished training EB wellspecified, with SURE: -0.039129059972244244
Finished training EB wellspecified, with in-sample MSE: 0.034474626792531514
m: 88
Finished solving NPMLE, with SURE 0.01152866876840033
Finished solving NPMLE, with in-sample MSE 0.011765090532950497
Finished solving parametric estimator, with SURE 0.01440220010361376
Finished solving parametric estimator, with in-sample MSE 0.008901876358307404
Finished solving EBCF, with in-sample MSE 0.02028560572422076
Finished training EB SURE-LS, with SURE: -0.004337889964629137
Finished training EB SURE-LS, with in-sample MSE: 0.016442778190275113
use_scale: True
use_location: False
Finished training EB misspecified with NPMLE init, with SURE: 0.006180901723710228
Finished training EB misspecified with NPMLE init, with in-sample MSE: 0.02319418231488014
Finished training EB misspecified, with SURE: 0.006184410043617384
Finished training EB misspecified, with in-sample MSE: 0.023190042912180905
Finished training EB wellspecified, with SURE: -0.04226219040893264
Finished training EB wellspecified, with in-sample MSE: 0.07202214100074868
m: 89
Finished solving NPMLE, with SURE 0.05207544545880452
Finished solving NPMLE, with in-sample MSE 0.009237265857140985
Finished solving parametric estimator, with SURE 0.010943379852634785
Finished solving parametric estimator, with in-sample MSE 0.00862753036235394
Finished solving EBCF, with in-sample MSE 0.01645158033587658
Finished training EB SURE-LS, with SURE: 0.005239093466291562
Finished training EB SURE-LS, with in-sample MSE: 0.0024993436006623586
use_scale: True
use_location: False
Finished training EB misspecified with NPMLE init, with SURE: 0.007243204547671951
Finished training EB misspecified with NPMLE init, with in-sample MSE: 0.010716334326085842
Finished training EB misspecified, with SURE: 0.007243702123872389
Finished training EB misspecified, with in-sample MSE: 0.010715727002553752
Finished training EB wellspecified, with SURE: -0.006065769522494981
Finished training EB wellspecified, with in-sample MSE: 0.01698781185895891
m: 90
Finished solving NPMLE, with SURE 0.011907243421256606
Finished solving NPMLE, with in-sample MSE 0.003937752558011352
Finished solving parametric estimator, with SURE 0.006044616864053345
Finished solving parametric estimator, with in-sample MSE 0.0041290819198911335
Finished solving EBCF, with in-sample MSE 0.010634177029415503
Finished training EB SURE-LS, with SURE: -0.0007410037186040036
Finished training EB SURE-LS, with in-sample MSE: 0.0009275465503690448
use_scale: True
use_location: False
Finished training EB misspecified with NPMLE init, with SURE: 0.0037407941082049233
Finished training EB misspecified with NPMLE init, with in-sample MSE: 0.004254967743640005
Finished training EB misspecified, with SURE: 0.003741117782166068
Finished training EB misspecified, with in-sample MSE: 0.004254483993876194
Finished training EB wellspecified, with SURE: -0.030628639487735133
Finished training EB wellspecified, with in-sample MSE: 0.03674132770698537
m: 91
Finished solving NPMLE, with SURE 0.0836801504763509
Finished solving NPMLE, with in-sample MSE 0.011062826118175904
Finished solving parametric estimator, with SURE 0.03903771272389153
Finished solving parametric estimator, with in-sample MSE 0.012117468127890708
Finished solving EBCF, with in-sample MSE 0.029216176646051972
Finished training EB SURE-LS, with SURE: 0.036924059195815706
Finished training EB SURE-LS, with in-sample MSE: 0.011253242709508176
use_scale: True
use_location: False
Finished training EB misspecified with NPMLE init, with SURE: 0.031033149411758956
Finished training EB misspecified with NPMLE init, with in-sample MSE: 0.025724295482089387
Finished training EB misspecified, with SURE: 0.03103343512871529
Finished training EB misspecified, with in-sample MSE: 0.02572624619396493
Finished training EB wellspecified, with SURE: -0.0148869367155466
Finished training EB wellspecified, with in-sample MSE: 0.06640287658344639
m: 92
Finished solving NPMLE, with SURE 0.032266222773696215
Finished solving NPMLE, with in-sample MSE 0.005070063304406621
Finished solving parametric estimator, with SURE 0.003561862588317616
Finished solving parametric estimator, with in-sample MSE 0.005228675067192651
Finished solving EBCF, with in-sample MSE 0.010763768958279216
Finished training EB SURE-LS, with SURE: -5.475954958913176e-05
Finished training EB SURE-LS, with in-sample MSE: 0.0018138592424743363
use_scale: True
use_location: False
Finished training EB misspecified with NPMLE init, with SURE: 0.0009531160679460449
Finished training EB misspecified with NPMLE init, with in-sample MSE: 0.005228894138230198
Finished training EB misspecified, with SURE: 0.0009537692896530458
Finished training EB misspecified, with in-sample MSE: 0.005228679921709955
Finished training EB wellspecified, with SURE: -0.05138773087756364
Finished training EB wellspecified, with in-sample MSE: 0.05898183055657388
m: 93
Finished solving NPMLE, with SURE 0.11606850256289337
Finished solving NPMLE, with in-sample MSE 0.019256632149298573
Finished solving parametric estimator, with SURE 0.02016547882072116
Finished solving parametric estimator, with in-sample MSE 0.010575170054622449
Finished solving EBCF, with in-sample MSE 0.012814146720164598
Finished training EB SURE-LS, with SURE: -0.0055834139391048865
Finished training EB SURE-LS, with in-sample MSE: 0.006646643291619592
use_scale: True
use_location: False
Finished training EB misspecified with NPMLE init, with SURE: 0.016157172905158355
Finished training EB misspecified with NPMLE init, with in-sample MSE: 0.01004498640330443
Finished training EB misspecified, with SURE: 0.016157493695532654
Finished training EB misspecified, with in-sample MSE: 0.01004545327973364
Finished training EB wellspecified, with SURE: -0.010166947264836601
Finished training EB wellspecified, with in-sample MSE: 0.011294238800702475
m: 94
Finished solving NPMLE, with SURE 0.05178790082541552
Finished solving NPMLE, with in-sample MSE 0.012240225022987147
Finished solving parametric estimator, with SURE 0.014141917730884107
Finished solving parametric estimator, with in-sample MSE 0.007285888252938275
Finished solving EBCF, with in-sample MSE 0.015213775107793143
Finished training EB SURE-LS, with SURE: -0.006082619680077177
Finished training EB SURE-LS, with in-sample MSE: 0.004396285546916471
use_scale: True
use_location: False
Finished training EB misspecified with NPMLE init, with SURE: 0.009007562879773109
Finished training EB misspecified with NPMLE init, with in-sample MSE: 0.011425035659701368
Finished training EB misspecified, with SURE: 0.009011114258139764
Finished training EB misspecified, with in-sample MSE: 0.01141539245653417
Finished training EB wellspecified, with SURE: -0.03472185278569582
Finished training EB wellspecified, with in-sample MSE: 0.049329262139431514
m: 95
Finished solving NPMLE, with SURE 0.10019800063852916
Finished solving NPMLE, with in-sample MSE 0.0117049737331666
Finished solving parametric estimator, with SURE 0.031964813535006215
Finished solving parametric estimator, with in-sample MSE 0.010131846464386736
Finished solving EBCF, with in-sample MSE 0.02667847285316665
Finished training EB SURE-LS, with SURE: 0.015565875360240051
Finished training EB SURE-LS, with in-sample MSE: 0.00999488363100915
use_scale: True
use_location: False
Finished training EB misspecified with NPMLE init, with SURE: 0.029389220110085327
Finished training EB misspecified with NPMLE init, with in-sample MSE: 0.009861826081237672
Finished training EB misspecified, with SURE: 0.02310920029305299
Finished training EB misspecified, with in-sample MSE: 0.02742328427026286
Finished training EB wellspecified, with SURE: -0.03086692256913912
Finished training EB wellspecified, with in-sample MSE: 0.061865638305960334
m: 96
Finished solving NPMLE, with SURE 0.013016147871833752
Finished solving NPMLE, with in-sample MSE 0.009071390833267275
Finished solving parametric estimator, with SURE 0.014795077113612443
Finished solving parametric estimator, with in-sample MSE 0.008113064555745638
Finished solving EBCF, with in-sample MSE 0.019792857711314376
Finished training EB SURE-LS, with SURE: -0.000770622907303804
Finished training EB SURE-LS, with in-sample MSE: 0.01645010295249537
use_scale: True
use_location: False
Finished training EB misspecified with NPMLE init, with SURE: 0.012289066758214845
Finished training EB misspecified with NPMLE init, with in-sample MSE: 0.007926362142821691
Finished training EB misspecified, with SURE: 0.012289302400099818
Finished training EB misspecified, with in-sample MSE: 0.007926623788262695
Finished training EB wellspecified, with SURE: -0.025168294827887853
Finished training EB wellspecified, with in-sample MSE: 0.044511760427595554
m: 97
Finished solving NPMLE, with SURE 0.08553663319852088
Finished solving NPMLE, with in-sample MSE 0.004612109193305563
Finished solving parametric estimator, with SURE 0.01895416495713728
Finished solving parametric estimator, with in-sample MSE 0.00471336105931602
Finished solving EBCF, with in-sample MSE 0.015596657450719063
Finished training EB SURE-LS, with SURE: -0.0003680942107218133
Finished training EB SURE-LS, with in-sample MSE: 0.012527809953895854
use_scale: True
use_location: False
Finished training EB misspecified with NPMLE init, with SURE: 0.01390072308369522
Finished training EB misspecified with NPMLE init, with in-sample MSE: 0.010343803229874174
Finished training EB misspecified, with SURE: 0.016480143053731043
Finished training EB misspecified, with in-sample MSE: 0.005341532890621476
Finished training EB wellspecified, with SURE: -0.030820762724356767
Finished training EB wellspecified, with in-sample MSE: 0.046370942142178906
m: 98
Finished solving NPMLE, with SURE 0.013082672962042583
Finished solving NPMLE, with in-sample MSE 0.015131580715725772
Finished solving parametric estimator, with SURE 0.01965177371996593
Finished solving parametric estimator, with in-sample MSE 0.006790486905254141
Finished solving EBCF, with in-sample MSE 0.016418172491950295
Finished training EB SURE-LS, with SURE: 0.0168404795367674
Finished training EB SURE-LS, with in-sample MSE: 0.003634434827433211
use_scale: True
use_location: False
Finished training EB misspecified with NPMLE init, with SURE: 0.011608438790764276
Finished training EB misspecified with NPMLE init, with in-sample MSE: 0.012967486014305774
Finished training EB misspecified, with SURE: 0.011611242554576098
Finished training EB misspecified, with in-sample MSE: 0.012960131014390334
Finished training EB wellspecified, with SURE: -0.023803929035922083
Finished training EB wellspecified, with in-sample MSE: 0.05532732390074855
m: 99
Finished solving NPMLE, with SURE 0.0923677457896061
Finished solving NPMLE, with in-sample MSE 0.012927774057874044
Finished solving parametric estimator, with SURE 0.011724041205200778
Finished solving parametric estimator, with in-sample MSE 0.008278104105870116
Finished solving EBCF, with in-sample MSE 0.023742866806357937
Finished training EB SURE-LS, with SURE: 0.0011218882202957106
Finished training EB SURE-LS, with in-sample MSE: 0.0047006649314875115
use_scale: True
use_location: False
Finished training EB misspecified with NPMLE init, with SURE: 0.006652340338660228
Finished training EB misspecified with NPMLE init, with in-sample MSE: 0.010563721386969115
Finished training EB misspecified, with SURE: 0.0066525203590892265
Finished training EB misspecified, with in-sample MSE: 0.010562193208295309
Finished training EB wellspecified, with SURE: -0.00926432720293865
Finished training EB wellspecified, with in-sample MSE: 0.020153028835892907

n: 200
m: 50
Finished solving NPMLE, with SURE 0.024988389936557612
Finished solving NPMLE, with in-sample MSE 0.005101245315391209
Finished solving parametric estimator, with SURE 0.001220900101791031
Finished solving parametric estimator, with in-sample MSE 0.004473038784445499
Finished solving EBCF, with in-sample MSE 0.0034454748660950087
Finished training EB SURE-LS, with SURE: -0.004236748611487582
Finished training EB SURE-LS, with in-sample MSE: 0.00012082390978707084
use_scale: True
use_location: False
Finished training EB misspecified with NPMLE init, with SURE: -0.00013833878754285323
Finished training EB misspecified with NPMLE init, with in-sample MSE: 0.004519712111838176
Finished training EB misspecified, with SURE: -0.00013815776223013998
Finished training EB misspecified, with in-sample MSE: 0.00451963748594323
Finished training EB wellspecified, with SURE: -0.01626736253366321
Finished training EB wellspecified, with in-sample MSE: 0.011609958654814664
m: 51
Finished solving NPMLE, with SURE 0.025030007250112885
Finished solving NPMLE, with in-sample MSE 0.012323799067544184
Finished solving parametric estimator, with SURE -0.006483068973087633
Finished solving parametric estimator, with in-sample MSE 0.009435453004663282
Finished solving EBCF, with in-sample MSE 0.014006796476708442
Finished training EB SURE-LS, with SURE: -0.00972984557136966
Finished training EB SURE-LS, with in-sample MSE: 0.003719550034721579
use_scale: True
use_location: False
Finished training EB misspecified with NPMLE init, with SURE: -0.008876250351818786
Finished training EB misspecified with NPMLE init, with in-sample MSE: 0.010853093830914186
Finished training EB misspecified, with SURE: -0.00887551128933536
Finished training EB misspecified, with in-sample MSE: 0.010852445981057689
Finished training EB wellspecified, with SURE: -0.02777578659965348
Finished training EB wellspecified, with in-sample MSE: 0.02920940445446364
m: 52
Finished solving NPMLE, with SURE 0.03024382159724899
Finished solving NPMLE, with in-sample MSE 0.004072480066234752
Finished solving parametric estimator, with SURE -0.009568391248769376
Finished solving parametric estimator, with in-sample MSE 0.0036385420365344697
Finished solving EBCF, with in-sample MSE 0.001357070797997133
Finished training EB SURE-LS, with SURE: -0.01683560442833988
Finished training EB SURE-LS, with in-sample MSE: 0.00047799594788067087
use_scale: True
use_location: False
Finished training EB misspecified with NPMLE init, with SURE: -0.010770412195417514
Finished training EB misspecified with NPMLE init, with in-sample MSE: 0.0036386178602035558
Finished training EB misspecified, with SURE: -0.010770193055210911
Finished training EB misspecified, with in-sample MSE: 0.003638555159601068
Finished training EB wellspecified, with SURE: -0.019455932889666346
Finished training EB wellspecified, with in-sample MSE: 0.0021641257105398867
m: 53
Finished solving NPMLE, with SURE 0.07770373290082905
Finished solving NPMLE, with in-sample MSE 0.003912398200062174
Finished solving parametric estimator, with SURE 0.0015701303701859126
Finished solving parametric estimator, with in-sample MSE 0.004468983191689687
Finished solving EBCF, with in-sample MSE 0.003962544372381156
Finished training EB SURE-LS, with SURE: -0.0021424638899027928
Finished training EB SURE-LS, with in-sample MSE: 0.0008376461368191843
use_scale: True
use_location: False
Finished training EB misspecified with NPMLE init, with SURE: 0.00032026329486690487
Finished training EB misspecified with NPMLE init, with in-sample MSE: 0.004506660920394174
Finished training EB misspecified, with SURE: 0.0003205607825570667
Finished training EB misspecified, with in-sample MSE: 0.0045064146586363115
Finished training EB wellspecified, with SURE: -0.01768089778369659
Finished training EB wellspecified, with in-sample MSE: 0.02102007399633413
m: 54
Finished solving NPMLE, with SURE 0.0033336920419522542
Finished solving NPMLE, with in-sample MSE 0.004999642968934541
Finished solving parametric estimator, with SURE -0.00675457969824117
Finished solving parametric estimator, with in-sample MSE 0.004965285884434406
Finished solving EBCF, with in-sample MSE 0.00424836040808021
Finished training EB SURE-LS, with SURE: -0.008987383186854618
Finished training EB SURE-LS, with in-sample MSE: 0.0018110692108519633
use_scale: True
use_location: False
Finished training EB misspecified with NPMLE init, with SURE: -0.008254207985492404
Finished training EB misspecified with NPMLE init, with in-sample MSE: 0.005310341398947617
Finished training EB misspecified, with SURE: -0.008025238853359422
Finished training EB misspecified, with in-sample MSE: 0.004965324257499637
Finished training EB wellspecified, with SURE: -0.015851672560348685
Finished training EB wellspecified, with in-sample MSE: 0.009220986138219131
m: 55
Finished solving NPMLE, with SURE 0.006247125423996209
Finished solving NPMLE, with in-sample MSE 0.006453490255876637
Finished solving parametric estimator, with SURE 0.00656379943400022
Finished solving parametric estimator, with in-sample MSE 0.004293283674105645
Finished solving EBCF, with in-sample MSE 0.007485233944773113
Finished training EB SURE-LS, with SURE: 0.004731563740215623
Finished training EB SURE-LS, with in-sample MSE: 0.003523995509808312
use_scale: True
use_location: False
Finished training EB misspecified with NPMLE init, with SURE: 0.004539752975324039
Finished training EB misspecified with NPMLE init, with in-sample MSE: 0.005622743982796191
Finished training EB misspecified, with SURE: 0.004540191892072052
Finished training EB misspecified, with in-sample MSE: 0.005622718769543853
Finished training EB wellspecified, with SURE: -0.005414133081576093
Finished training EB wellspecified, with in-sample MSE: 0.0165136318238214
m: 56
Finished solving NPMLE, with SURE 0.06177241693399692
Finished solving NPMLE, with in-sample MSE 0.008615953555924906
Finished solving parametric estimator, with SURE 0.021464390734225514
Finished solving parametric estimator, with in-sample MSE 0.00898221326883954
Finished solving EBCF, with in-sample MSE 0.014667013234195544
Finished training EB SURE-LS, with SURE: 0.017841450147191767
Finished training EB SURE-LS, with in-sample MSE: 0.0038415046351044243
use_scale: True
use_location: False
Finished training EB misspecified with NPMLE init, with SURE: 0.01898431206386288
Finished training EB misspecified with NPMLE init, with in-sample MSE: 0.011196001370644849
Finished training EB misspecified, with SURE: 0.018984658544704002
Finished training EB misspecified, with in-sample MSE: 0.011195605808499574
Finished training EB wellspecified, with SURE: 0.0004479566724737838
Finished training EB wellspecified, with in-sample MSE: 0.029251614843143026
m: 57
Finished solving NPMLE, with SURE 0.08785895710326884
Finished solving NPMLE, with in-sample MSE 0.007103964822903316
Finished solving parametric estimator, with SURE 0.0282151698246427
Finished solving parametric estimator, with in-sample MSE 0.006830791994610219
Finished solving EBCF, with in-sample MSE 0.014434973547813723
Finished training EB SURE-LS, with SURE: 0.017554244101540686
Finished training EB SURE-LS, with in-sample MSE: 0.006916857892327183
use_scale: True
use_location: False
Finished training EB misspecified with NPMLE init, with SURE: 0.025730039123602798
Finished training EB misspecified with NPMLE init, with in-sample MSE: 0.009556238845253803
Finished training EB misspecified, with SURE: 0.02573010770361158
Finished training EB misspecified, with in-sample MSE: 0.009554805071601492
Finished training EB wellspecified, with SURE: -0.00964875871088791
Finished training EB wellspecified, with in-sample MSE: 0.03780789711871155
m: 58
Finished solving NPMLE, with SURE 0.04886414393265829
Finished solving NPMLE, with in-sample MSE 0.005262248017896523
Finished solving parametric estimator, with SURE 0.023425415573316233
Finished solving parametric estimator, with in-sample MSE 0.004747607417464267
Finished solving EBCF, with in-sample MSE 0.04132035749280834
Finished training EB SURE-LS, with SURE: -0.0092896843205953
Finished training EB SURE-LS, with in-sample MSE: 0.0281530633608695
use_scale: True
use_location: False
Finished training EB misspecified with NPMLE init, with SURE: 0.021626769350764283
Finished training EB misspecified with NPMLE init, with in-sample MSE: 0.006151828911450089
Finished training EB misspecified, with SURE: 0.020308222985827875
Finished training EB misspecified, with in-sample MSE: 0.00804193081988682
Finished training EB wellspecified, with SURE: -0.029949151935701683
Finished training EB wellspecified, with in-sample MSE: 0.06710526930868994
m: 59
Finished solving NPMLE, with SURE 0.03432487624059449
Finished solving NPMLE, with in-sample MSE 0.00527978182533378
Finished solving parametric estimator, with SURE 0.0012036096150926379
Finished solving parametric estimator, with in-sample MSE 0.004606323534534725
Finished solving EBCF, with in-sample MSE 0.006978207995938209
Finished training EB SURE-LS, with SURE: -0.0006025645627831433
Finished training EB SURE-LS, with in-sample MSE: 0.002066378983606399
use_scale: True
use_location: False
Finished training EB misspecified with NPMLE init, with SURE: -3.963797535979197e-05
Finished training EB misspecified with NPMLE init, with in-sample MSE: 0.004606307415177368
Finished training EB misspecified, with SURE: -3.9558310708720515e-05
Finished training EB misspecified, with in-sample MSE: 0.00460621452420986
Finished training EB wellspecified, with SURE: -0.00835838036059086
Finished training EB wellspecified, with in-sample MSE: 0.016227174659733282
m: 60
Finished solving NPMLE, with SURE 0.03591596520130801
Finished solving NPMLE, with in-sample MSE 0.0063166599920948295
Finished solving parametric estimator, with SURE 0.006591342094229707
Finished solving parametric estimator, with in-sample MSE 0.004998450443983616
Finished solving EBCF, with in-sample MSE 0.004931479594979789
Finished training EB SURE-LS, with SURE: -0.001442986074125474
Finished training EB SURE-LS, with in-sample MSE: 0.0006945297950019273
use_scale: True
use_location: False
Finished training EB misspecified with NPMLE init, with SURE: 0.004931755118317583
Finished training EB misspecified with NPMLE init, with in-sample MSE: 0.005560154557584517
Finished training EB misspecified, with SURE: 0.00493329573577169
Finished training EB misspecified, with in-sample MSE: 0.005571452023999019
Finished training EB wellspecified, with SURE: -0.014286982705334253
Finished training EB wellspecified, with in-sample MSE: 0.01668693760651079
m: 61
Finished solving NPMLE, with SURE 0.022375493511678002
Finished solving NPMLE, with in-sample MSE 0.004464029906483713
Finished solving parametric estimator, with SURE -0.021123434123268503
Finished solving parametric estimator, with in-sample MSE 0.004021800033272828
Finished solving EBCF, with in-sample MSE 0.00229962824127772
Finished training EB SURE-LS, with SURE: -0.021666496265479788
Finished training EB SURE-LS, with in-sample MSE: 0.003938725885958609
use_scale: True
use_location: False
Finished training EB misspecified with NPMLE init, with SURE: -0.022344769033720412
Finished training EB misspecified with NPMLE init, with in-sample MSE: 0.004022038109465261
Finished training EB misspecified, with SURE: -0.022344127590153633
Finished training EB misspecified, with in-sample MSE: 0.004021930714535603
Finished training EB wellspecified, with SURE: -0.026395957374356342
Finished training EB wellspecified, with in-sample MSE: 0.003687303094871673
m: 62
Finished solving NPMLE, with SURE 0.08656972864897744
Finished solving NPMLE, with in-sample MSE 0.004291131171572923
Finished solving parametric estimator, with SURE 0.01528318552955521
Finished solving parametric estimator, with in-sample MSE 0.004078545604880106
Finished solving EBCF, with in-sample MSE 0.006287400731488127
Finished training EB SURE-LS, with SURE: 0.005162164964838328
Finished training EB SURE-LS, with in-sample MSE: 0.0015685014025300578
use_scale: True
use_location: False
Finished training EB misspecified with NPMLE init, with SURE: 0.014033885641845156
Finished training EB misspecified with NPMLE init, with in-sample MSE: 0.004395695484983624
Finished training EB misspecified, with SURE: 0.01391168908717816
Finished training EB misspecified, with in-sample MSE: 0.004370413024600765
Finished training EB wellspecified, with SURE: -0.013923626826155179
Finished training EB wellspecified, with in-sample MSE: 0.02011116187865877
m: 63
Finished solving NPMLE, with SURE 0.13686553248133795
Finished solving NPMLE, with in-sample MSE 0.004352752825658617
Finished solving parametric estimator, with SURE -0.011707695393994869
Finished solving parametric estimator, with in-sample MSE 0.0035361901665631763
Finished solving EBCF, with in-sample MSE 0.0011086882778066141
Finished training EB SURE-LS, with SURE: -0.01997208604539835
Finished training EB SURE-LS, with in-sample MSE: 0.0007304058818916151
use_scale: True
use_location: False
Finished training EB misspecified with NPMLE init, with SURE: -0.012878626266764694
Finished training EB misspecified with NPMLE init, with in-sample MSE: 0.0035364316939688794
Finished training EB misspecified, with SURE: -0.012878000848381763
Finished training EB misspecified, with in-sample MSE: 0.003536340053904451
Finished training EB wellspecified, with SURE: -0.012875861722268567
Finished training EB wellspecified, with in-sample MSE: 0.0035358720521040323
m: 64
Finished solving NPMLE, with SURE 0.09828146898947365
Finished solving NPMLE, with in-sample MSE 0.007780530797365285
Finished solving parametric estimator, with SURE 0.005592111673925398
Finished solving parametric estimator, with in-sample MSE 0.004843339097474159
Finished solving EBCF, with in-sample MSE 0.009770207495545264
Finished training EB SURE-LS, with SURE: -0.007653691728834103
Finished training EB SURE-LS, with in-sample MSE: 0.0040266385234170934
use_scale: True
use_location: False
Finished training EB misspecified with NPMLE init, with SURE: 0.003300255405030459
Finished training EB misspecified with NPMLE init, with in-sample MSE: 0.0056556578242446245
Finished training EB misspecified, with SURE: 0.0033007094502653976
Finished training EB misspecified, with in-sample MSE: 0.005652663864628593
Finished training EB wellspecified, with SURE: -0.014378164562656032
Finished training EB wellspecified, with in-sample MSE: 0.010942599794421127
m: 65
Finished solving NPMLE, with SURE 0.014836310118235456
Finished solving NPMLE, with in-sample MSE 0.007162251089226556
Finished solving parametric estimator, with SURE -0.006089507393768401
Finished solving parametric estimator, with in-sample MSE 0.006453566148478445
Finished solving EBCF, with in-sample MSE 0.00689730417971437
Finished training EB SURE-LS, with SURE: -0.013932007218545657
Finished training EB SURE-LS, with in-sample MSE: 0.007012914732430871
use_scale: True
use_location: False
Finished training EB misspecified with NPMLE init, with SURE: -0.007373581370236231
Finished training EB misspecified with NPMLE init, with in-sample MSE: 0.006453640311449995
Finished training EB misspecified, with SURE: -0.007373136225465977
Finished training EB misspecified, with in-sample MSE: 0.006453597724858559
Finished training EB wellspecified, with SURE: -0.018022145117273153
Finished training EB wellspecified, with in-sample MSE: 0.012454457993940248
m: 66
Finished solving NPMLE, with SURE 0.0471520480468563
Finished solving NPMLE, with in-sample MSE 0.006316783407426847
Finished solving parametric estimator, with SURE 0.014191731745268568
Finished solving parametric estimator, with in-sample MSE 0.006120748431757656
Finished solving EBCF, with in-sample MSE 0.011049449453526447
Finished training EB SURE-LS, with SURE: 0.0001823721740992901
Finished training EB SURE-LS, with in-sample MSE: 0.0021638189181769196
use_scale: True
use_location: False
Finished training EB misspecified with NPMLE init, with SURE: 0.01276523576143676
Finished training EB misspecified with NPMLE init, with in-sample MSE: 0.0064013604132039485
Finished training EB misspecified, with SURE: 0.012765631327418028
Finished training EB misspecified, with in-sample MSE: 0.006400920469813375
Finished training EB wellspecified, with SURE: -0.014301721343124827
Finished training EB wellspecified, with in-sample MSE: 0.015490043087520451
m: 67
Finished solving NPMLE, with SURE 0.13923361292497935
Finished solving NPMLE, with in-sample MSE 0.00826905963580437
Finished solving parametric estimator, with SURE 0.04115856000438478
Finished solving parametric estimator, with in-sample MSE 0.008951231221261598
Finished solving EBCF, with in-sample MSE 0.019185549940312508
Finished training EB SURE-LS, with SURE: 0.002644116280980955
Finished training EB SURE-LS, with in-sample MSE: 0.028422370973876693
use_scale: True
use_location: False
Finished training EB misspecified with NPMLE init, with SURE: 0.040059755389494835
Finished training EB misspecified with NPMLE init, with in-sample MSE: 0.009114000251629817
Finished training EB misspecified, with SURE: 0.023529457210884175
Finished training EB misspecified, with in-sample MSE: 0.047852521304493224
Finished training EB wellspecified, with SURE: -0.014960973845067511
Finished training EB wellspecified, with in-sample MSE: 0.06335111508962744
m: 68
Finished solving NPMLE, with SURE 0.08002048791315815
Finished solving NPMLE, with in-sample MSE 0.01238248954732786
Finished solving parametric estimator, with SURE 0.028583746837231416
Finished solving parametric estimator, with in-sample MSE 0.011171818478164548
Finished solving EBCF, with in-sample MSE 0.010731824175921412
Finished training EB SURE-LS, with SURE: 0.01665201118282123
Finished training EB SURE-LS, with in-sample MSE: 0.0083732961664839
use_scale: True
use_location: False
Finished training EB misspecified with NPMLE init, with SURE: 0.024917654209333444
Finished training EB misspecified with NPMLE init, with in-sample MSE: 0.015148889364679395
Finished training EB misspecified, with SURE: 0.024921676749260373
Finished training EB misspecified, with in-sample MSE: 0.015137127299248028
Finished training EB wellspecified, with SURE: -0.009158101184817722
Finished training EB wellspecified, with in-sample MSE: 0.0483040788336479
m: 69
Finished solving NPMLE, with SURE 0.09793972880787594
Finished solving NPMLE, with in-sample MSE 0.007357108575673863
Finished solving parametric estimator, with SURE 0.017868908391859742
Finished solving parametric estimator, with in-sample MSE 0.006908115449615195
Finished solving EBCF, with in-sample MSE 0.005532824167099286
Finished training EB SURE-LS, with SURE: 0.009630631542168066
Finished training EB SURE-LS, with in-sample MSE: 0.0015635666282898591
use_scale: True
use_location: False
Finished training EB misspecified with NPMLE init, with SURE: 0.015895582459080498
Finished training EB misspecified with NPMLE init, with in-sample MSE: 0.008273948016339037
Finished training EB misspecified, with SURE: 0.0158953057090117
Finished training EB misspecified, with in-sample MSE: 0.008274777571455389
Finished training EB wellspecified, with SURE: -0.024055564124496786
Finished training EB wellspecified, with in-sample MSE: 0.04022257640238964
m: 70
Finished solving NPMLE, with SURE 0.07175797287819849
Finished solving NPMLE, with in-sample MSE 0.006325399730463341
Finished solving parametric estimator, with SURE 0.01512129509613501
Finished solving parametric estimator, with in-sample MSE 0.004960999395654066
Finished solving EBCF, with in-sample MSE 0.009732913126909938
Finished training EB SURE-LS, with SURE: 0.0100919562947364
Finished training EB SURE-LS, with in-sample MSE: 0.002077926077415365
use_scale: True
use_location: False
Finished training EB misspecified with NPMLE init, with SURE: 0.012511362447319669
Finished training EB misspecified with NPMLE init, with in-sample MSE: 0.006522744710524445
Finished training EB misspecified, with SURE: 0.01251157875950165
Finished training EB misspecified, with in-sample MSE: 0.006522590056380412
Finished training EB wellspecified, with SURE: -0.0026281190640443496
Finished training EB wellspecified, with in-sample MSE: 0.018488483903389703
m: 71
Finished solving NPMLE, with SURE 0.05705838589159249
Finished solving NPMLE, with in-sample MSE 0.01060390471203533
Finished solving parametric estimator, with SURE 0.02723029660265397
Finished solving parametric estimator, with in-sample MSE 0.010089125847416914
Finished solving EBCF, with in-sample MSE 0.02191684023451119
Finished training EB SURE-LS, with SURE: 0.01978029743444637
Finished training EB SURE-LS, with in-sample MSE: 0.012151950924529831
use_scale: True
use_location: False
Finished training EB misspecified with NPMLE init, with SURE: 0.02558190378143376
Finished training EB misspecified with NPMLE init, with in-sample MSE: 0.010959305456989608
Finished training EB misspecified, with SURE: 0.02558132055162421
Finished training EB misspecified, with in-sample MSE: 0.010959077306873528
Finished training EB wellspecified, with SURE: -0.012956711218061736
Finished training EB wellspecified, with in-sample MSE: 0.049659639039972614
m: 72
Finished solving NPMLE, with SURE 0.040217221147220136
Finished solving NPMLE, with in-sample MSE 0.009180156791869627
Finished solving parametric estimator, with SURE -0.013618261982799112
Finished solving parametric estimator, with in-sample MSE 0.004576273296669304
Finished solving EBCF, with in-sample MSE 0.0065008556050497185
Finished training EB SURE-LS, with SURE: -0.018219405496344054
Finished training EB SURE-LS, with in-sample MSE: 0.00041678127017049456
use_scale: True
use_location: False
Finished training EB misspecified with NPMLE init, with SURE: -0.01841175626323869
Finished training EB misspecified with NPMLE init, with in-sample MSE: 0.008966746127209786
Finished training EB misspecified, with SURE: -0.014797536018903924
Finished training EB misspecified, with in-sample MSE: 0.0045762016894545865
Finished training EB wellspecified, with SURE: -0.025834763055756486
Finished training EB wellspecified, with in-sample MSE: 0.009408945847544202
m: 73
Finished solving NPMLE, with SURE 0.1104317821145856
Finished solving NPMLE, with in-sample MSE 0.008455756857993872
Finished solving parametric estimator, with SURE 0.01532760280470695
Finished solving parametric estimator, with in-sample MSE 0.004977209974925259
Finished solving EBCF, with in-sample MSE 0.008516579743032241
Finished training EB SURE-LS, with SURE: 0.008559049244740135
Finished training EB SURE-LS, with in-sample MSE: 0.0007161504912007458
use_scale: True
use_location: False
Finished training EB misspecified with NPMLE init, with SURE: 0.007511170050977523
Finished training EB misspecified with NPMLE init, with in-sample MSE: 0.013803827778532516
Finished training EB misspecified, with SURE: 0.008032301981704038
Finished training EB misspecified, with in-sample MSE: 0.012663317223328481
Finished training EB wellspecified, with SURE: -0.012639157863141142
Finished training EB wellspecified, with in-sample MSE: 0.03048995875505899
m: 74
Finished solving NPMLE, with SURE 0.11774849849191887
Finished solving NPMLE, with in-sample MSE 0.006666661989849317
Finished solving parametric estimator, with SURE 0.025398775289549647
Finished solving parametric estimator, with in-sample MSE 0.005753200268350292
Finished solving EBCF, with in-sample MSE 0.011464896345531567
Finished training EB SURE-LS, with SURE: -0.004137960142074985
Finished training EB SURE-LS, with in-sample MSE: 0.0127794419736914
use_scale: True
use_location: False
Finished training EB misspecified with NPMLE init, with SURE: 0.02135338894404871
Finished training EB misspecified with NPMLE init, with in-sample MSE: 0.010059069911059187
Finished training EB misspecified, with SURE: 0.02135786085081074
Finished training EB misspecified, with in-sample MSE: 0.010055390347832706
Finished training EB wellspecified, with SURE: -0.00906194575310491
Finished training EB wellspecified, with in-sample MSE: 0.0227106978588484
m: 75
Finished solving NPMLE, with SURE 0.021646323735169056
Finished solving NPMLE, with in-sample MSE 0.00677760102400068
Finished solving parametric estimator, with SURE -0.0008744858024203189
Finished solving parametric estimator, with in-sample MSE 0.005045310720583234
Finished solving EBCF, with in-sample MSE 0.007071879618509526
Finished training EB SURE-LS, with SURE: -0.0046143654101552765
Finished training EB SURE-LS, with in-sample MSE: 0.0025595570792702393
use_scale: True
use_location: False
Finished training EB misspecified with NPMLE init, with SURE: -0.002211553868939937
Finished training EB misspecified with NPMLE init, with in-sample MSE: 0.005001779150833675
Finished training EB misspecified, with SURE: -0.00220948949357064
Finished training EB misspecified, with in-sample MSE: 0.005002065684419815
Finished training EB wellspecified, with SURE: -0.008497879227247594
Finished training EB wellspecified, with in-sample MSE: 0.0075710830136233
m: 76
Finished solving NPMLE, with SURE 0.05354674891542286
Finished solving NPMLE, with in-sample MSE 0.014210164956319668
Finished solving parametric estimator, with SURE 0.020523113457858635
Finished solving parametric estimator, with in-sample MSE 0.009085516757309446
Finished solving EBCF, with in-sample MSE 0.007395986942148496
Finished training EB SURE-LS, with SURE: 0.019217999792275446
Finished training EB SURE-LS, with in-sample MSE: 0.010233341581891004
use_scale: True
use_location: False
Finished training EB misspecified with NPMLE init, with SURE: 0.01184160896162913
Finished training EB misspecified with NPMLE init, with in-sample MSE: 0.021029941739220702
Finished training EB misspecified, with SURE: 0.011199394364120874
Finished training EB misspecified, with in-sample MSE: 0.026305787908360658
Finished training EB wellspecified, with SURE: -0.017538211394112074
Finished training EB wellspecified, with in-sample MSE: 0.040797932746732185
m: 77
Finished solving NPMLE, with SURE 0.0845720077925774
Finished solving NPMLE, with in-sample MSE 0.004350926331839215
Finished solving parametric estimator, with SURE 0.0018010716714501052
Finished solving parametric estimator, with in-sample MSE 0.006359929428725633
Finished solving EBCF, with in-sample MSE 0.007213996007715447
Finished training EB SURE-LS, with SURE: -0.004824775341835472
Finished training EB SURE-LS, with in-sample MSE: 0.0026294513512236046
use_scale: True
use_location: False
Finished training EB misspecified with NPMLE init, with SURE: 0.0005775481403853533
Finished training EB misspecified with NPMLE init, with in-sample MSE: 0.006359884879256158
Finished training EB misspecified, with SURE: 0.0005776914353936036
Finished training EB misspecified, with in-sample MSE: 0.006359813045122759
Finished training EB wellspecified, with SURE: -0.006731646269304008
Finished training EB wellspecified, with in-sample MSE: 0.003806502237522368
m: 78
Finished solving NPMLE, with SURE 0.09366686577121396
Finished solving NPMLE, with in-sample MSE 0.005600917419695444
Finished solving parametric estimator, with SURE 0.018563504322382685
Finished solving parametric estimator, with in-sample MSE 0.005157976145345958
Finished solving EBCF, with in-sample MSE 0.0041316690324067
Finished training EB SURE-LS, with SURE: 0.017356697880118028
Finished training EB SURE-LS, with in-sample MSE: 0.00524539074355078
use_scale: True
use_location: False
Finished training EB misspecified with NPMLE init, with SURE: 0.017003052309623252
Finished training EB misspecified with NPMLE init, with in-sample MSE: 0.005340070631702037
Finished training EB misspecified, with SURE: 0.017003049684485846
Finished training EB misspecified, with in-sample MSE: 0.0053399096545798915
Finished training EB wellspecified, with SURE: -0.01332164882529876
Finished training EB wellspecified, with in-sample MSE: 0.029122130659940987
m: 79
Finished solving NPMLE, with SURE 0.03302984483915422
Finished solving NPMLE, with in-sample MSE 0.005578531531392264
Finished solving parametric estimator, with SURE -0.008463875824271064
Finished solving parametric estimator, with in-sample MSE 0.0038083182263664193
Finished solving EBCF, with in-sample MSE 0.002478233344495804
Finished training EB SURE-LS, with SURE: -0.01640115272751846
Finished training EB SURE-LS, with in-sample MSE: 0.001152219811634026
use_scale: True
use_location: False
Finished training EB misspecified with NPMLE init, with SURE: -0.00967438601713889
Finished training EB misspecified with NPMLE init, with in-sample MSE: 0.0038084375896482404
Finished training EB misspecified, with SURE: -0.009674332903503693
Finished training EB misspecified, with in-sample MSE: 0.003808392890306012
Finished training EB wellspecified, with SURE: -0.020900647501238375
Finished training EB wellspecified, with in-sample MSE: 0.005190564080657536
m: 80
Finished solving NPMLE, with SURE 0.0677490118182892
Finished solving NPMLE, with in-sample MSE 0.008799125664787272
Finished solving parametric estimator, with SURE 0.013469904728923093
Finished solving parametric estimator, with in-sample MSE 0.007292370733080281
Finished solving EBCF, with in-sample MSE 0.012014121002016386
Finished training EB SURE-LS, with SURE: 0.002331736379807474
Finished training EB SURE-LS, with in-sample MSE: 0.004747891573057108
use_scale: True
use_location: False
Finished training EB misspecified with NPMLE init, with SURE: 0.011724664346244165
Finished training EB misspecified with NPMLE init, with in-sample MSE: 0.0082712059901677
Finished training EB misspecified, with SURE: 0.011724884941583618
Finished training EB misspecified, with in-sample MSE: 0.008271534027471467
Finished training EB wellspecified, with SURE: -0.0030375225641645254
Finished training EB wellspecified, with in-sample MSE: 0.012929513665232383
m: 81
Finished solving NPMLE, with SURE 0.10135951532201286
Finished solving NPMLE, with in-sample MSE 0.00913582485814892
Finished solving parametric estimator, with SURE 0.012237309689787382
Finished solving parametric estimator, with in-sample MSE 0.006730766374489006
Finished solving EBCF, with in-sample MSE 0.009551544586641827
Finished training EB SURE-LS, with SURE: 0.001200429126692133
Finished training EB SURE-LS, with in-sample MSE: 0.0034654129897548807
use_scale: True
use_location: False
Finished training EB misspecified with NPMLE init, with SURE: 0.00375337947876389
Finished training EB misspecified with NPMLE init, with in-sample MSE: 0.018346931241112478
Finished training EB misspecified, with SURE: 0.0005395243697661201
Finished training EB misspecified, with in-sample MSE: 0.030454343709116993
Finished training EB wellspecified, with SURE: -0.030921346066648408
Finished training EB wellspecified, with in-sample MSE: 0.04839847126448348
m: 82
Finished solving NPMLE, with SURE 0.022102836529898334
Finished solving NPMLE, with in-sample MSE 0.009111072657396559
Finished solving parametric estimator, with SURE 0.0033489117473511354
Finished solving parametric estimator, with in-sample MSE 0.007178738251610434
Finished solving EBCF, with in-sample MSE 0.015567823854151789
Finished training EB SURE-LS, with SURE: 0.0008808940015170741
Finished training EB SURE-LS, with in-sample MSE: 0.0029587460778534996
use_scale: True
use_location: False
Finished training EB misspecified with NPMLE init, with SURE: 0.001634082390988354
Finished training EB misspecified with NPMLE init, with in-sample MSE: 0.007719925652601403
Finished training EB misspecified, with SURE: 0.001635100333196462
Finished training EB misspecified, with in-sample MSE: 0.0077175997658675425
Finished training EB wellspecified, with SURE: -0.018302769954287087
Finished training EB wellspecified, with in-sample MSE: 0.015199198890396197
m: 83
Finished solving NPMLE, with SURE 0.02290811419437844
Finished solving NPMLE, with in-sample MSE 0.005959746019474742
Finished solving parametric estimator, with SURE 0.010212874423549706
Finished solving parametric estimator, with in-sample MSE 0.004869522830554137
Finished solving EBCF, with in-sample MSE 0.005313994530195406
Finished training EB SURE-LS, with SURE: 0.007216142434169452
Finished training EB SURE-LS, with in-sample MSE: 0.002243542927664885
use_scale: True
use_location: False
Finished training EB misspecified with NPMLE init, with SURE: 0.00886241648612943
Finished training EB misspecified with NPMLE init, with in-sample MSE: 0.005028437341599601
Finished training EB misspecified, with SURE: 0.00887374082309714
Finished training EB misspecified, with in-sample MSE: 0.005010609110654489
Finished training EB wellspecified, with SURE: -0.006891803828111418
Finished training EB wellspecified, with in-sample MSE: 0.019460293469677686
m: 84
Finished solving NPMLE, with SURE 0.25577374275640546
Finished solving NPMLE, with in-sample MSE 0.006261956718339701
Finished solving parametric estimator, with SURE 0.014444058177663782
Finished solving parametric estimator, with in-sample MSE 0.008121079554986478
Finished solving EBCF, with in-sample MSE 0.0392305536347413
Finished training EB SURE-LS, with SURE: -0.010260142386531126
Finished training EB SURE-LS, with in-sample MSE: 0.008759863823106817
use_scale: True
use_location: False
Finished training EB misspecified with NPMLE init, with SURE: 0.01323586834794165
Finished training EB misspecified with NPMLE init, with in-sample MSE: 0.008284685810209698
Finished training EB misspecified, with SURE: 0.013229032757328412
Finished training EB misspecified, with in-sample MSE: 0.008274618285906156
Finished training EB wellspecified, with SURE: -0.027381500135995825
Finished training EB wellspecified, with in-sample MSE: 0.027529305283859287
m: 85
Finished solving NPMLE, with SURE 0.026984944932034106
Finished solving NPMLE, with in-sample MSE 0.007685419856800689
Finished solving parametric estimator, with SURE 0.006089922354269195
Finished solving parametric estimator, with in-sample MSE 0.0065805151931495835
Finished solving EBCF, with in-sample MSE 0.013182103233855954
Finished training EB SURE-LS, with SURE: -0.0003697439187041207
Finished training EB SURE-LS, with in-sample MSE: 0.0007608705908901837
use_scale: True
use_location: False
Finished training EB misspecified with NPMLE init, with SURE: 0.0038050840763038706
Finished training EB misspecified with NPMLE init, with in-sample MSE: 0.0077324147850983274
Finished training EB misspecified, with SURE: 0.003805673594929289
Finished training EB misspecified, with in-sample MSE: 0.00773193951165671
Finished training EB wellspecified, with SURE: -0.014238056656156602
Finished training EB wellspecified, with in-sample MSE: 0.013933683370418132
m: 86
Finished solving NPMLE, with SURE -0.0039210691056696416
Finished solving NPMLE, with in-sample MSE 0.004000296499658963
Finished solving parametric estimator, with SURE -0.020489663698209745
Finished solving parametric estimator, with in-sample MSE 0.0029592468278812132
Finished solving EBCF, with in-sample MSE 0.0007527042372929176
Finished training EB SURE-LS, with SURE: -0.023922019853956915
Finished training EB SURE-LS, with in-sample MSE: 0.0004450467550781852
use_scale: True
use_location: False
Finished training EB misspecified with NPMLE init, with SURE: -0.022591317595001072
Finished training EB misspecified with NPMLE init, with in-sample MSE: 0.004094135121296065
Finished training EB misspecified, with SURE: -0.02258909324162209
Finished training EB misspecified, with in-sample MSE: 0.004090207991128254
Finished training EB wellspecified, with SURE: -0.02437904876141764
Finished training EB wellspecified, with in-sample MSE: 0.0005586634577252011
m: 87
Finished solving NPMLE, with SURE 0.0738268652894706
Finished solving NPMLE, with in-sample MSE 0.00803500521241921
Finished solving parametric estimator, with SURE 0.008498422120907248
Finished solving parametric estimator, with in-sample MSE 0.00657593631638628
Finished solving EBCF, with in-sample MSE 0.0012414059997604807
Finished training EB SURE-LS, with SURE: 0.007311746864642553
Finished training EB SURE-LS, with in-sample MSE: 0.006425249523838961
use_scale: True
use_location: False
Finished training EB misspecified with NPMLE init, with SURE: 0.007015810133913814
Finished training EB misspecified with NPMLE init, with in-sample MSE: 0.00663692923430146
Finished training EB misspecified, with SURE: 0.007015694144611171
Finished training EB misspecified, with in-sample MSE: 0.006636942814219619
Finished training EB wellspecified, with SURE: -0.019749227292367378
Finished training EB wellspecified, with in-sample MSE: 0.028844350676854577
m: 88
Finished solving NPMLE, with SURE 0.039867895598705176
Finished solving NPMLE, with in-sample MSE 0.014018601232322585
Finished solving parametric estimator, with SURE -0.002224500864848891
Finished solving parametric estimator, with in-sample MSE 0.008282285758325824
Finished solving EBCF, with in-sample MSE 0.0022604837762472247
Finished training EB SURE-LS, with SURE: -0.017009784594814274
Finished training EB SURE-LS, with in-sample MSE: 0.0013420480120035693
use_scale: True
use_location: False
Finished training EB misspecified with NPMLE init, with SURE: -0.0076995170495297496
Finished training EB misspecified with NPMLE init, with in-sample MSE: 0.012498419867001134
Finished training EB misspecified, with SURE: -0.003492264998398156
Finished training EB misspecified, with in-sample MSE: 0.008282047157920351
Finished training EB wellspecified, with SURE: -0.029819015760630865
Finished training EB wellspecified, with in-sample MSE: 0.015328097485610872
m: 89
Finished solving NPMLE, with SURE 0.04266669645619141
Finished solving NPMLE, with in-sample MSE 0.006605789032328073
Finished solving parametric estimator, with SURE 0.015205247109350714
Finished solving parametric estimator, with in-sample MSE 0.003722397326814471
Finished solving EBCF, with in-sample MSE 0.003930069059537868
Finished training EB SURE-LS, with SURE: 0.014078707991152262
Finished training EB SURE-LS, with in-sample MSE: 0.0038124462069864373
use_scale: True
use_location: False
Finished training EB misspecified with NPMLE init, with SURE: 0.011204178910756486
Finished training EB misspecified with NPMLE init, with in-sample MSE: 0.007283953247728345
Finished training EB misspecified, with SURE: 0.011205311210483302
Finished training EB misspecified, with in-sample MSE: 0.0072820518653644315
Finished training EB wellspecified, with SURE: 0.002552614094802603
Finished training EB wellspecified, with in-sample MSE: 0.008647985811609728
m: 90
Finished solving NPMLE, with SURE 0.008267039486792225
Finished solving NPMLE, with in-sample MSE 0.005241036889301695
Finished solving parametric estimator, with SURE -0.0031288418772771193
Finished solving parametric estimator, with in-sample MSE 0.005035867699392786
Finished solving EBCF, with in-sample MSE 0.016587350640739663
Finished training EB SURE-LS, with SURE: -0.005685370703078106
Finished training EB SURE-LS, with in-sample MSE: 0.0013334406817533825
use_scale: True
use_location: False
Finished training EB misspecified with NPMLE init, with SURE: -0.004490598694671508
Finished training EB misspecified with NPMLE init, with in-sample MSE: 0.005159335029379635
Finished training EB misspecified, with SURE: -0.004412120217829436
Finished training EB misspecified, with in-sample MSE: 0.005035797030499959
Finished training EB wellspecified, with SURE: -0.017390923241529698
Finished training EB wellspecified, with in-sample MSE: 0.011352522955163232
m: 91
Finished solving NPMLE, with SURE 0.018662717223841715
Finished solving NPMLE, with in-sample MSE 0.009449529344551672
Finished solving parametric estimator, with SURE 0.014947219395815656
Finished solving parametric estimator, with in-sample MSE 0.008506666912272174
Finished solving EBCF, with in-sample MSE 0.02927009241571473
Finished training EB SURE-LS, with SURE: 0.01344889088691251
Finished training EB SURE-LS, with in-sample MSE: 0.00895057259592898
use_scale: True
use_location: False
Finished training EB misspecified with NPMLE init, with SURE: 0.013347497554557464
Finished training EB misspecified with NPMLE init, with in-sample MSE: 0.00933664443744351
Finished training EB misspecified, with SURE: 0.013347384178789935
Finished training EB misspecified, with in-sample MSE: 0.009336785116596094
Finished training EB wellspecified, with SURE: 0.0032787978848713116
Finished training EB wellspecified, with in-sample MSE: 0.019982399117491424
m: 92
Finished solving NPMLE, with SURE 0.03360313455452246
Finished solving NPMLE, with in-sample MSE 0.004271614618692532
Finished solving parametric estimator, with SURE 0.007581951932635153
Finished solving parametric estimator, with in-sample MSE 0.003983898333485432
Finished solving EBCF, with in-sample MSE 0.008503753135651906
Finished training EB SURE-LS, with SURE: 0.00600239300889452
Finished training EB SURE-LS, with in-sample MSE: 0.0020096413224643503
use_scale: True
use_location: False
Finished training EB misspecified with NPMLE init, with SURE: 0.006251410592833029
Finished training EB misspecified with NPMLE init, with in-sample MSE: 0.0042414643211469896
Finished training EB misspecified, with SURE: 0.00625176452115996
Finished training EB misspecified, with in-sample MSE: 0.004241207963231286
Finished training EB wellspecified, with SURE: -0.00579052382603305
Finished training EB wellspecified, with in-sample MSE: 0.017557835746778536
m: 93
Finished solving NPMLE, with SURE 0.05320375139575928
Finished solving NPMLE, with in-sample MSE 0.005957625690059285
Finished solving parametric estimator, with SURE -0.0023985553986750063
Finished solving parametric estimator, with in-sample MSE 0.005485798897154362
Finished solving EBCF, with in-sample MSE 0.0024230614332651874
Finished training EB SURE-LS, with SURE: -0.016175119562809287
Finished training EB SURE-LS, with in-sample MSE: 0.00800203935966174
use_scale: True
use_location: False
Finished training EB misspecified with NPMLE init, with SURE: -0.004105715801661063
Finished training EB misspecified with NPMLE init, with in-sample MSE: 0.0059978085375435655
Finished training EB misspecified, with SURE: -0.004103840557565199
Finished training EB misspecified, with in-sample MSE: 0.005996995091598728
Finished training EB wellspecified, with SURE: -0.029154557884651666
Finished training EB wellspecified, with in-sample MSE: 0.020536189345252826
m: 94
Finished solving NPMLE, with SURE 0.11703823492038032
Finished solving NPMLE, with in-sample MSE 0.021556319823298326
Finished solving parametric estimator, with SURE 0.034121085194667944
Finished solving parametric estimator, with in-sample MSE 0.015124082023201613
Finished solving EBCF, with in-sample MSE 0.018750447832443035
Finished training EB SURE-LS, with SURE: 0.012405720579513
Finished training EB SURE-LS, with in-sample MSE: 0.026218747012878064
use_scale: True
use_location: False
Finished training EB misspecified with NPMLE init, with SURE: 0.027007813986089743
Finished training EB misspecified with NPMLE init, with in-sample MSE: 0.022019615013114512
Finished training EB misspecified, with SURE: 0.02701061920634082
Finished training EB misspecified, with in-sample MSE: 0.02201337446643077
Finished training EB wellspecified, with SURE: -0.0032677254069452565
Finished training EB wellspecified, with in-sample MSE: 0.045196958662197445
m: 95
Finished solving NPMLE, with SURE 0.032015894966025374
Finished solving NPMLE, with in-sample MSE 0.010775622363520976
Finished solving parametric estimator, with SURE 0.009393547606993374
Finished solving parametric estimator, with in-sample MSE 0.01080209575765384
Finished solving EBCF, with in-sample MSE 0.03632578453279478
Finished training EB SURE-LS, with SURE: 0.006969929344824491
Finished training EB SURE-LS, with in-sample MSE: 0.007607224072412572
use_scale: True
use_location: False
Finished training EB misspecified with NPMLE init, with SURE: 0.008083271973827114
Finished training EB misspecified with NPMLE init, with in-sample MSE: 0.010851181835178239
Finished training EB misspecified, with SURE: 0.008083444808986703
Finished training EB misspecified, with in-sample MSE: 0.010853894155996816
Finished training EB wellspecified, with SURE: -0.01570720200059815
Finished training EB wellspecified, with in-sample MSE: 0.028936254699383226
m: 96
Finished solving NPMLE, with SURE 0.1228930835639909
Finished solving NPMLE, with in-sample MSE 0.004574436793549512
Finished solving parametric estimator, with SURE 0.007650230298997307
Finished solving parametric estimator, with in-sample MSE 0.0034074877327341458
Finished solving EBCF, with in-sample MSE 0.010086755494272504
Finished training EB SURE-LS, with SURE: 0.000808192625970946
Finished training EB SURE-LS, with in-sample MSE: 0.00038805948714712543
use_scale: True
use_location: False
Finished training EB misspecified with NPMLE init, with SURE: -0.010250446673219359
Finished training EB misspecified with NPMLE init, with in-sample MSE: 0.028921664600508774
Finished training EB misspecified, with SURE: 0.006470915686907279
Finished training EB misspecified, with in-sample MSE: 0.003406901524060806
Finished training EB wellspecified, with SURE: -0.017695656738434335
Finished training EB wellspecified, with in-sample MSE: 0.019546003063627894
m: 97
Finished solving NPMLE, with SURE 0.031559716229823245
Finished solving NPMLE, with in-sample MSE 0.008656262942021037
Finished solving parametric estimator, with SURE -0.010803539585818575
Finished solving parametric estimator, with in-sample MSE 0.007373861490886021
Finished solving EBCF, with in-sample MSE 0.002616666907134607
Finished training EB SURE-LS, with SURE: -0.015994440655963414
Finished training EB SURE-LS, with in-sample MSE: 0.0009823652325333782
use_scale: True
use_location: False
Finished training EB misspecified with NPMLE init, with SURE: -0.012170932804946766
Finished training EB misspecified with NPMLE init, with in-sample MSE: 0.007374051366460062
Finished training EB misspecified, with SURE: -0.012170566909934007
Finished training EB misspecified, with in-sample MSE: 0.007373986367904007
Finished training EB wellspecified, with SURE: -0.022792079926254632
Finished training EB wellspecified, with in-sample MSE: 0.007089370909394717
m: 98
Finished solving NPMLE, with SURE 0.031897255884998116
Finished solving NPMLE, with in-sample MSE 0.005734735622513844
Finished solving parametric estimator, with SURE 0.00995832782896923
Finished solving parametric estimator, with in-sample MSE 0.004461996399675357
Finished solving EBCF, with in-sample MSE 0.007402438465326257
Finished training EB SURE-LS, with SURE: 0.001136933184086687
Finished training EB SURE-LS, with in-sample MSE: 0.0006704613942226062
use_scale: True
use_location: False
Finished training EB misspecified with NPMLE init, with SURE: 0.006894471840725824
Finished training EB misspecified with NPMLE init, with in-sample MSE: 0.00885595956418427
Finished training EB misspecified, with SURE: 0.006895369666476121
Finished training EB misspecified, with in-sample MSE: 0.008852382748872647
Finished training EB wellspecified, with SURE: -0.01522878370807657
Finished training EB wellspecified, with in-sample MSE: 0.017224503656685236
m: 99
Finished solving NPMLE, with SURE 0.22840682066194545
Finished solving NPMLE, with in-sample MSE 0.010388568459306382
Finished solving parametric estimator, with SURE 0.01802935357931859
Finished solving parametric estimator, with in-sample MSE 0.009717249635359864
Finished solving EBCF, with in-sample MSE 0.028519812328145593
Finished training EB SURE-LS, with SURE: 0.006648298746011634
Finished training EB SURE-LS, with in-sample MSE: 0.0005707910105626503
use_scale: True
use_location: False
Finished training EB misspecified with NPMLE init, with SURE: 0.016642600047162635
Finished training EB misspecified with NPMLE init, with in-sample MSE: 0.009717459078459697
Finished training EB misspecified, with SURE: 0.016642907607963907
Finished training EB misspecified, with in-sample MSE: 0.009717310032348596
Finished training EB wellspecified, with SURE: -0.021612927022048103
Finished training EB wellspecified, with in-sample MSE: 0.02555799766979143

n: 400
m: 50
Finished solving NPMLE, with SURE 0.05182858805256373
Finished solving NPMLE, with in-sample MSE 0.006077922069035766
Finished solving parametric estimator, with SURE 0.0016405714431801943
Finished solving parametric estimator, with in-sample MSE 0.005255431667584583
Finished solving EBCF, with in-sample MSE 0.0012341686734662859
Finished training EB SURE-LS, with SURE: -0.00283258392754844
Finished training EB SURE-LS, with in-sample MSE: 0.0002592328590007318
use_scale: True
use_location: False
Finished training EB misspecified with NPMLE init, with SURE: 0.000978447762078023
Finished training EB misspecified with NPMLE init, with in-sample MSE: 0.00527156489899308
Finished training EB misspecified, with SURE: 0.0009785230977968952
Finished training EB misspecified, with in-sample MSE: 0.005271667721239821
Finished training EB wellspecified, with SURE: -0.0031007036849788473
Finished training EB wellspecified, with in-sample MSE: 0.0009143636257822528
m: 51
Finished solving NPMLE, with SURE 0.060751554098889715
Finished solving NPMLE, with in-sample MSE 0.010038772894353096
Finished solving parametric estimator, with SURE 0.007489558816494574
Finished solving parametric estimator, with in-sample MSE 0.004958490387854045
Finished solving EBCF, with in-sample MSE 0.002797812095215403
Finished training EB SURE-LS, with SURE: 0.004255657366155991
Finished training EB SURE-LS, with in-sample MSE: 0.0010669958482492977
use_scale: True
use_location: False
Finished training EB misspecified with NPMLE init, with SURE: 0.0015805540803012087
Finished training EB misspecified with NPMLE init, with in-sample MSE: 0.0115120207355466
Finished training EB misspecified, with SURE: 0.001581301795156449
Finished training EB misspecified, with in-sample MSE: 0.011508317849341549
Finished training EB wellspecified, with SURE: -0.0031710309179508434
Finished training EB wellspecified, with in-sample MSE: 0.010325405854303521
m: 52
Finished solving NPMLE, with SURE 0.061877703202992185
Finished solving NPMLE, with in-sample MSE 0.004646363983298042
Finished solving parametric estimator, with SURE 0.008257446410578545
Finished solving parametric estimator, with in-sample MSE 0.0038773377704766072
Finished solving EBCF, with in-sample MSE 0.0011182225267642033
Finished training EB SURE-LS, with SURE: 0.0031922347409533004
Finished training EB SURE-LS, with in-sample MSE: 0.00013984173212840275
use_scale: True
use_location: False
Finished training EB misspecified with NPMLE init, with SURE: 0.007632682381798119
Finished training EB misspecified with NPMLE init, with in-sample MSE: 0.003881667156769252
Finished training EB misspecified, with SURE: 0.007632844982783436
Finished training EB misspecified, with in-sample MSE: 0.0038818037957552808
Finished training EB wellspecified, with SURE: 1.3249989731813905e-05
Finished training EB wellspecified, with in-sample MSE: 0.003068515761939547
m: 53
Finished solving NPMLE, with SURE 0.0304543032041391
Finished solving NPMLE, with in-sample MSE 0.010512844475940288
Finished solving parametric estimator, with SURE -0.0031460641987055976
Finished solving parametric estimator, with in-sample MSE 0.008279830970101416
Finished solving EBCF, with in-sample MSE 0.003324807102415949
Finished training EB SURE-LS, with SURE: -0.010298751051191471
Finished training EB SURE-LS, with in-sample MSE: 0.0008913301431775554
use_scale: True
use_location: False
Finished training EB misspecified with NPMLE init, with SURE: -0.004645147891495362
Finished training EB misspecified with NPMLE init, with in-sample MSE: 0.009212821305046585
Finished training EB misspecified, with SURE: -0.004617588153580563
Finished training EB misspecified, with in-sample MSE: 0.009319733454551154
Finished training EB wellspecified, with SURE: -0.013156508147088457
Finished training EB wellspecified, with in-sample MSE: 0.004836185869563091
m: 54
Finished solving NPMLE, with SURE 0.02245158116112993
Finished solving NPMLE, with in-sample MSE 0.0045901556970489345
Finished solving parametric estimator, with SURE 0.02092942532178542
Finished solving parametric estimator, with in-sample MSE 0.004894642725719556
Finished solving EBCF, with in-sample MSE 0.004336687652702656
Finished training EB SURE-LS, with SURE: 0.005499026216854393
Finished training EB SURE-LS, with in-sample MSE: 0.009500530359626376
use_scale: True
use_location: False
Finished training EB misspecified with NPMLE init, with SURE: 0.01996235799998349
Finished training EB misspecified with NPMLE init, with in-sample MSE: 0.005457962824669447
Finished training EB misspecified, with SURE: 0.019962796599492592
Finished training EB misspecified, with in-sample MSE: 0.005457761486637312
Finished training EB wellspecified, with SURE: -0.004281770991973778
Finished training EB wellspecified, with in-sample MSE: 0.02592273877013397
m: 55
Finished solving NPMLE, with SURE 0.07593266421818604
Finished solving NPMLE, with in-sample MSE 0.004878003916065836
Finished solving parametric estimator, with SURE 0.004156869428199303
Finished solving parametric estimator, with in-sample MSE 0.004117442049859594
Finished solving EBCF, with in-sample MSE 0.0038817341893664834
Finished training EB SURE-LS, with SURE: -0.007074266320291792
Finished training EB SURE-LS, with in-sample MSE: 0.00189946531117876
use_scale: True
use_location: False
Finished training EB misspecified with NPMLE init, with SURE: 0.003549788105758687
Finished training EB misspecified with NPMLE init, with in-sample MSE: 0.004177100078382363
Finished training EB misspecified, with SURE: 0.0035496719510848783
Finished training EB misspecified, with in-sample MSE: 0.004177315655694933
Finished training EB wellspecified, with SURE: -0.013704333986791845
Finished training EB wellspecified, with in-sample MSE: 0.0074663291073860175
m: 56
Finished solving NPMLE, with SURE 0.016698044406209877
Finished solving NPMLE, with in-sample MSE 0.006634052479615079
Finished solving parametric estimator, with SURE 0.0039040393917620653
Finished solving parametric estimator, with in-sample MSE 0.004965395680133712
Finished solving EBCF, with in-sample MSE 0.0019892255202870685
Finished training EB SURE-LS, with SURE: -0.0009278819021216029
Finished training EB SURE-LS, with in-sample MSE: 0.0006719951359207848
use_scale: True
use_location: False
Finished training EB misspecified with NPMLE init, with SURE: 0.003237407117100268
Finished training EB misspecified with NPMLE init, with in-sample MSE: 0.00491783348747274
Finished training EB misspecified, with SURE: 0.0032377719602978416
Finished training EB misspecified, with in-sample MSE: 0.0049178112792837595
Finished training EB wellspecified, with SURE: -0.009507950200441304
Finished training EB wellspecified, with in-sample MSE: 0.011312574640610697
m: 57
Finished solving NPMLE, with SURE 0.03113587707517944
Finished solving NPMLE, with in-sample MSE 0.00655241453269744
Finished solving parametric estimator, with SURE 0.0008082990537423562
Finished solving parametric estimator, with in-sample MSE 0.004802807585183833
Finished solving EBCF, with in-sample MSE 0.002890070125424784
Finished training EB SURE-LS, with SURE: -0.002612098035032178
Finished training EB SURE-LS, with in-sample MSE: 0.0005789289210644566
use_scale: True
use_location: False
Finished training EB misspecified with NPMLE init, with SURE: -0.0015217176535916189
Finished training EB misspecified with NPMLE init, with in-sample MSE: 0.0077577625779693925
Finished training EB misspecified, with SURE: -0.0015200424672150703
Finished training EB misspecified, with in-sample MSE: 0.007754244152825634
Finished training EB wellspecified, with SURE: -0.009556862693450057
Finished training EB wellspecified, with in-sample MSE: 0.009845263925105346
m: 58
Finished solving NPMLE, with SURE 0.057812471916856456
Finished solving NPMLE, with in-sample MSE 0.006882512047549844
Finished solving parametric estimator, with SURE 0.009414524187575754
Finished solving parametric estimator, with in-sample MSE 0.005873254341267547
Finished solving EBCF, with in-sample MSE 0.004573449272729804
Finished training EB SURE-LS, with SURE: 0.005698906561184702
Finished training EB SURE-LS, with in-sample MSE: 0.00108040223470443
use_scale: True
use_location: False
Finished training EB misspecified with NPMLE init, with SURE: 0.00856666887979836
Finished training EB misspecified with NPMLE init, with in-sample MSE: 0.006022499742016957
Finished training EB misspecified, with SURE: 0.008566996007854169
Finished training EB misspecified, with in-sample MSE: 0.006023847257230169
Finished training EB wellspecified, with SURE: -0.0069331725596917205
Finished training EB wellspecified, with in-sample MSE: 0.0162419314429066
m: 59
Finished solving NPMLE, with SURE 0.0987763005306806
Finished solving NPMLE, with in-sample MSE 0.005140533178349293
Finished solving parametric estimator, with SURE 0.012023759297990405
Finished solving parametric estimator, with in-sample MSE 0.00444724501281905
Finished solving EBCF, with in-sample MSE 0.005217979983102932
Finished training EB SURE-LS, with SURE: 0.009415905056933922
Finished training EB SURE-LS, with in-sample MSE: 0.001096651316456127
use_scale: True
use_location: False
Finished training EB misspecified with NPMLE init, with SURE: 0.011151518039878407
Finished training EB misspecified with NPMLE init, with in-sample MSE: 0.004657662290578057
Finished training EB misspecified, with SURE: 0.011154163669272847
Finished training EB misspecified, with in-sample MSE: 0.004656188066433147
Finished training EB wellspecified, with SURE: 0.011159436652470668
Finished training EB wellspecified, with in-sample MSE: 0.004646632749514688
m: 60
Finished solving NPMLE, with SURE 0.03063160752112413
Finished solving NPMLE, with in-sample MSE 0.003917960172630523
Finished solving parametric estimator, with SURE 0.005001110147545285
Finished solving parametric estimator, with in-sample MSE 0.004335433780362989
Finished solving EBCF, with in-sample MSE 0.0025340722368028036
Finished training EB SURE-LS, with SURE: -0.0031023192100001497
Finished training EB SURE-LS, with in-sample MSE: 0.0013987695239720279
use_scale: True
use_location: False
Finished training EB misspecified with NPMLE init, with SURE: 0.004130508304576175
Finished training EB misspecified with NPMLE init, with in-sample MSE: 0.004885558154416966
Finished training EB misspecified, with SURE: 0.004140692651612063
Finished training EB misspecified, with in-sample MSE: 0.004858177243154487
Finished training EB wellspecified, with SURE: -0.011619586921546242
Finished training EB wellspecified, with in-sample MSE: 0.009821539708573579
m: 61
Finished solving NPMLE, with SURE 0.054992757486671165
Finished solving NPMLE, with in-sample MSE 0.005330701611022206
Finished solving parametric estimator, with SURE 0.00614290217378019
Finished solving parametric estimator, with in-sample MSE 0.005443179281803792
Finished solving EBCF, with in-sample MSE 0.0014849759264105537
Finished training EB SURE-LS, with SURE: 0.0007090633913325029
Finished training EB SURE-LS, with in-sample MSE: 0.0005603226548068674
use_scale: True
use_location: False
Finished training EB misspecified with NPMLE init, with SURE: 0.005289260570422734
Finished training EB misspecified with NPMLE init, with in-sample MSE: 0.005756272364794198
Finished training EB misspecified, with SURE: 0.005289748307038504
Finished training EB misspecified, with in-sample MSE: 0.005755896329776228
Finished training EB wellspecified, with SURE: -0.003990081651614391
Finished training EB wellspecified, with in-sample MSE: 0.0052259714384433106
m: 62
Finished solving NPMLE, with SURE 0.033615185713610905
Finished solving NPMLE, with in-sample MSE 0.007661567055304055
Finished solving parametric estimator, with SURE 0.004213903173697339
Finished solving parametric estimator, with in-sample MSE 0.005662830333085857
Finished solving EBCF, with in-sample MSE 0.0028359421640989065
Finished training EB SURE-LS, with SURE: 0.0010153665564466797
Finished training EB SURE-LS, with in-sample MSE: 0.0019252982054278895
use_scale: True
use_location: False
Finished training EB misspecified with NPMLE init, with SURE: 0.0031868367044567414
Finished training EB misspecified with NPMLE init, with in-sample MSE: 0.0058002241165161185
Finished training EB misspecified, with SURE: 0.003187236319934872
Finished training EB misspecified, with in-sample MSE: 0.005800145226061628
Finished training EB wellspecified, with SURE: -0.003193497271655761
Finished training EB wellspecified, with in-sample MSE: 0.00821368211666841
m: 63
Finished solving NPMLE, with SURE 0.08373712548042947
Finished solving NPMLE, with in-sample MSE 0.004832221514912298
Finished solving parametric estimator, with SURE 0.009787847688658854
Finished solving parametric estimator, with in-sample MSE 0.004645088796540112
Finished solving EBCF, with in-sample MSE 0.0020911395548309447
Finished training EB SURE-LS, with SURE: 0.0047829755950785716
Finished training EB SURE-LS, with in-sample MSE: 0.0002775623225746716
use_scale: True
use_location: False
Finished training EB misspecified with NPMLE init, with SURE: 0.009033969543453112
Finished training EB misspecified with NPMLE init, with in-sample MSE: 0.004849327037160533
Finished training EB misspecified, with SURE: 0.009033913723058814
Finished training EB misspecified, with in-sample MSE: 0.004849383552276187
Finished training EB wellspecified, with SURE: -0.0036620222253689848
Finished training EB wellspecified, with in-sample MSE: 0.011742970025888375
m: 64
Finished solving NPMLE, with SURE 0.009440716230916807
Finished solving NPMLE, with in-sample MSE 0.007811990493240345
Finished solving parametric estimator, with SURE -0.018685103466437356
Finished solving parametric estimator, with in-sample MSE 0.00649806343017303
Finished solving EBCF, with in-sample MSE 0.001797822400099521
Finished training EB SURE-LS, with SURE: -0.022675251226673056
Finished training EB SURE-LS, with in-sample MSE: 0.001187146064056733
use_scale: True
use_location: False
Finished training EB misspecified with NPMLE init, with SURE: -0.01931915039339671
Finished training EB misspecified with NPMLE init, with in-sample MSE: 0.006498199937882797
Finished training EB misspecified, with SURE: -0.019318653997909135
Finished training EB misspecified, with in-sample MSE: 0.006498142659150318
Finished training EB wellspecified, with SURE: -0.02647977416961747
Finished training EB wellspecified, with in-sample MSE: 0.005127171499820084
m: 65
Finished solving NPMLE, with SURE 0.14286387808082485
Finished solving NPMLE, with in-sample MSE 0.00765245789131569
Finished solving parametric estimator, with SURE 0.010250797423445632
Finished solving parametric estimator, with in-sample MSE 0.005133220473899381
Finished solving EBCF, with in-sample MSE 0.00582444645673213
Finished training EB SURE-LS, with SURE: -0.0035963060314080754
Finished training EB SURE-LS, with in-sample MSE: 0.003113369273313912
use_scale: True
use_location: False
Finished training EB misspecified with NPMLE init, with SURE: 0.007521050708482058
Finished training EB misspecified with NPMLE init, with in-sample MSE: 0.007508054280010443
Finished training EB misspecified, with SURE: 0.00752419495402215
Finished training EB misspecified, with in-sample MSE: 0.007503183072356827
Finished training EB wellspecified, with SURE: -0.012841687707669603
Finished training EB wellspecified, with in-sample MSE: 0.012910536316888963
m: 66
Finished solving NPMLE, with SURE 0.015928248198276585
Finished solving NPMLE, with in-sample MSE 0.0063182863953549105
Finished solving parametric estimator, with SURE 0.008779426945416516
Finished solving parametric estimator, with in-sample MSE 0.005503375165882055
Finished solving EBCF, with in-sample MSE 0.009192090864537015
Finished training EB SURE-LS, with SURE: 0.008033368715104272
Finished training EB SURE-LS, with in-sample MSE: 0.003940929861635035
use_scale: True
use_location: False
Finished training EB misspecified with NPMLE init, with SURE: 0.007360225411137691
Finished training EB misspecified with NPMLE init, with in-sample MSE: 0.0064170815717259876
Finished training EB misspecified, with SURE: 0.007360741131804538
Finished training EB misspecified, with in-sample MSE: 0.0064167554316448714
Finished training EB wellspecified, with SURE: -0.003113285477097715
Finished training EB wellspecified, with in-sample MSE: 0.015756308747934215
m: 67
Finished solving NPMLE, with SURE 0.10323181423064089
Finished solving NPMLE, with in-sample MSE 0.005617440840311341
Finished solving parametric estimator, with SURE 0.009588852955263669
Finished solving parametric estimator, with in-sample MSE 0.006012738610536202
Finished solving EBCF, with in-sample MSE 0.003175342127049901
Finished training EB SURE-LS, with SURE: -0.0021816299002174844
Finished training EB SURE-LS, with in-sample MSE: 0.0020140900775744287
use_scale: True
use_location: False
Finished training EB misspecified with NPMLE init, with SURE: 0.008824395600823624
Finished training EB misspecified with NPMLE init, with in-sample MSE: 0.006272128619628313
Finished training EB misspecified, with SURE: 0.008824609362123663
Finished training EB misspecified, with in-sample MSE: 0.006271989512226437
Finished training EB wellspecified, with SURE: -0.006666306410935257
Finished training EB wellspecified, with in-sample MSE: 0.005090187489191553
m: 68
Finished solving NPMLE, with SURE 0.01610982821951504
Finished solving NPMLE, with in-sample MSE 0.004892707700803861
Finished solving parametric estimator, with SURE 0.00013969265986635282
Finished solving parametric estimator, with in-sample MSE 0.00557441443152057
Finished solving EBCF, with in-sample MSE 0.0029473270519978756
Finished training EB SURE-LS, with SURE: -0.005368175131332569
Finished training EB SURE-LS, with in-sample MSE: 0.0021724089105502873
use_scale: True
use_location: False
Finished training EB misspecified with NPMLE init, with SURE: -0.0007987568240523224
Finished training EB misspecified with NPMLE init, with in-sample MSE: 0.006244379516906971
Finished training EB misspecified, with SURE: -0.0007960150479471473
Finished training EB misspecified, with in-sample MSE: 0.006235561650842412
Finished training EB wellspecified, with SURE: -0.010779718556500563
Finished training EB wellspecified, with in-sample MSE: 0.005808285901298612
m: 69
Finished solving NPMLE, with SURE 0.1053014356052075
Finished solving NPMLE, with in-sample MSE 0.005700570263034734
Finished solving parametric estimator, with SURE 0.01006750802894682
Finished solving parametric estimator, with in-sample MSE 0.004497729965091581
Finished solving EBCF, with in-sample MSE 0.0034995234162449665
Finished training EB SURE-LS, with SURE: 0.0034582771561542836
Finished training EB SURE-LS, with in-sample MSE: 0.0009108752273759762
use_scale: True
use_location: False
Finished training EB misspecified with NPMLE init, with SURE: 0.006542597269336384
Finished training EB misspecified with NPMLE init, with in-sample MSE: 0.008129192299872414
Finished training EB misspecified, with SURE: 0.006543308684154869
Finished training EB misspecified, with in-sample MSE: 0.008128512708327896
Finished training EB wellspecified, with SURE: -0.008434880180853728
Finished training EB wellspecified, with in-sample MSE: 0.015087161179310518
m: 70
Finished solving NPMLE, with SURE 0.0671455260292619
Finished solving NPMLE, with in-sample MSE 0.005025301874183478
Finished solving parametric estimator, with SURE 0.002819264703827526
Finished solving parametric estimator, with in-sample MSE 0.004569286240184118
Finished solving EBCF, with in-sample MSE 0.0013815596155829415
Finished training EB SURE-LS, with SURE: -0.001849192429434996
Finished training EB SURE-LS, with in-sample MSE: 0.001156044005603285
use_scale: True
use_location: False
Finished training EB misspecified with NPMLE init, with SURE: 0.0021897783767731837
Finished training EB misspecified with NPMLE init, with in-sample MSE: 0.00456211772675155
Finished training EB misspecified, with SURE: 0.0021907936512209503
Finished training EB misspecified, with in-sample MSE: 0.004562020396088476
Finished training EB wellspecified, with SURE: -0.0034589443524517195
Finished training EB wellspecified, with in-sample MSE: 0.0022391049805013043
m: 71
Finished solving NPMLE, with SURE 0.06018555104620521
Finished solving NPMLE, with in-sample MSE 0.005773550367649043
Finished solving parametric estimator, with SURE -0.004659722869740715
Finished solving parametric estimator, with in-sample MSE 0.004365355636754352
Finished solving EBCF, with in-sample MSE 0.0018595296071134647
Finished training EB SURE-LS, with SURE: -0.015333562060604766
Finished training EB SURE-LS, with in-sample MSE: 0.0014235467151175404
use_scale: True
use_location: False
Finished training EB misspecified with NPMLE init, with SURE: -0.005263883435482519
Finished training EB misspecified with NPMLE init, with in-sample MSE: 0.0043656410462793276
Finished training EB misspecified, with SURE: -0.005263542921548598
Finished training EB misspecified, with in-sample MSE: 0.004365442203407993
Finished training EB wellspecified, with SURE: -0.016858874270914228
Finished training EB wellspecified, with in-sample MSE: 0.0024883979586418845
m: 72
Finished solving NPMLE, with SURE 0.05533309586739099
Finished solving NPMLE, with in-sample MSE 0.003388099135485355
Finished solving parametric estimator, with SURE 0.00166244326289898
Finished solving parametric estimator, with in-sample MSE 0.0029233657796233644
Finished solving EBCF, with in-sample MSE 0.0018337231710673168
Finished training EB SURE-LS, with SURE: -0.0034726109761817527
Finished training EB SURE-LS, with in-sample MSE: 0.00024769181049411374
use_scale: True
use_location: False
Finished training EB misspecified with NPMLE init, with SURE: 0.0010567297631873095
Finished training EB misspecified with NPMLE init, with in-sample MSE: 0.0029221065465958977
Finished training EB misspecified, with SURE: 0.0010597903110445906
Finished training EB misspecified, with in-sample MSE: 0.0029264824504556903
Finished training EB wellspecified, with SURE: -0.00640285230643475
Finished training EB wellspecified, with in-sample MSE: 0.003621028126059504
m: 73
Finished solving NPMLE, with SURE 0.13309633042584534
Finished solving NPMLE, with in-sample MSE 0.010245760458492228
Finished solving parametric estimator, with SURE 0.010180890050592306
Finished solving parametric estimator, with in-sample MSE 0.004836442571573742
Finished solving EBCF, with in-sample MSE 0.00420322893403585
Finished training EB SURE-LS, with SURE: 0.0006012306828408321
Finished training EB SURE-LS, with in-sample MSE: 0.004950811076151704
use_scale: True
use_location: False
Finished training EB misspecified with NPMLE init, with SURE: 0.003892498540227276
Finished training EB misspecified with NPMLE init, with in-sample MSE: 0.01285507932391581
Finished training EB misspecified, with SURE: 0.003967762629733116
Finished training EB misspecified, with in-sample MSE: 0.013236165434241063
Finished training EB wellspecified, with SURE: -0.0038677923865120148
Finished training EB wellspecified, with in-sample MSE: 0.013724231392678135
m: 74
Finished solving NPMLE, with SURE 0.04085163078184957
Finished solving NPMLE, with in-sample MSE 0.005524086122931545
Finished solving parametric estimator, with SURE -0.007873884452477761
Finished solving parametric estimator, with in-sample MSE 0.004527984572762243
Finished solving EBCF, with in-sample MSE 0.0006767869588666385
Finished training EB SURE-LS, with SURE: -0.013449235464897444
Finished training EB SURE-LS, with in-sample MSE: 0.00026405070271001875
use_scale: True
use_location: False
Finished training EB misspecified with NPMLE init, with SURE: -0.00951210388150777
Finished training EB misspecified with NPMLE init, with in-sample MSE: 0.006529363520455763
Finished training EB misspecified, with SURE: -0.008482558334093646
Finished training EB misspecified, with in-sample MSE: 0.004528073624602024
Finished training EB wellspecified, with SURE: -0.021098635722125527
Finished training EB wellspecified, with in-sample MSE: 0.006882108717294596
m: 75
Finished solving NPMLE, with SURE 0.12022227301311764
Finished solving NPMLE, with in-sample MSE 0.005595898754718491
Finished solving parametric estimator, with SURE 0.0005971963771709554
Finished solving parametric estimator, with in-sample MSE 0.004355753519326995
Finished solving EBCF, with in-sample MSE 0.0011148177564799682
Finished training EB SURE-LS, with SURE: -0.0047089257909994735
Finished training EB SURE-LS, with in-sample MSE: 0.0005044577188638984
use_scale: True
use_location: False
Finished training EB misspecified with NPMLE init, with SURE: -1.8169927510403027e-05
Finished training EB misspecified with NPMLE init, with in-sample MSE: 0.004355748060444212
Finished training EB misspecified, with SURE: -1.8083217672906216e-05
Finished training EB misspecified, with in-sample MSE: 0.004355726469834176
Finished training EB wellspecified, with SURE: -0.006257939547515106
Finished training EB wellspecified, with in-sample MSE: 0.0010284713047396176
m: 76
Finished solving NPMLE, with SURE 0.039850492364455405
Finished solving NPMLE, with in-sample MSE 0.006943404205069079
Finished solving parametric estimator, with SURE -0.0036875274320387064
Finished solving parametric estimator, with in-sample MSE 0.005799863300773185
Finished solving EBCF, with in-sample MSE 0.005439018220418693
Finished training EB SURE-LS, with SURE: -0.006909092248295896
Finished training EB SURE-LS, with in-sample MSE: 0.0007886483790293465
use_scale: True
use_location: False
Finished training EB misspecified with NPMLE init, with SURE: -0.005627916169949679
Finished training EB misspecified with NPMLE init, with in-sample MSE: 0.007665102691945967
Finished training EB misspecified, with SURE: -0.005626107047274349
Finished training EB misspecified, with in-sample MSE: 0.007661473608884003
Finished training EB wellspecified, with SURE: -0.01804888978420594
Finished training EB wellspecified, with in-sample MSE: 0.014175419759186783
m: 77
Finished solving NPMLE, with SURE 0.1347545404459115
Finished solving NPMLE, with in-sample MSE 0.018144603373157646
Finished solving parametric estimator, with SURE 0.011318399531481838
Finished solving parametric estimator, with in-sample MSE 0.006381908040983225
Finished solving EBCF, with in-sample MSE 0.0025442096661896455
Finished training EB SURE-LS, with SURE: 0.005839125507377707
Finished training EB SURE-LS, with in-sample MSE: 0.0009298125934100766
use_scale: True
use_location: False
Finished training EB misspecified with NPMLE init, with SURE: -0.009281505067871051
Finished training EB misspecified with NPMLE init, with in-sample MSE: 0.023172823669087
Finished training EB misspecified, with SURE: 0.010667568817516244
Finished training EB misspecified, with in-sample MSE: 0.006381733802748429
Finished training EB wellspecified, with SURE: -0.005427821353347839
Finished training EB wellspecified, with in-sample MSE: 0.009633973791836323
m: 78
Finished solving NPMLE, with SURE 0.06231563424541408
Finished solving NPMLE, with in-sample MSE 0.00792358528828843
Finished solving parametric estimator, with SURE 0.013677049037625205
Finished solving parametric estimator, with in-sample MSE 0.0063041051566963225
Finished solving EBCF, with in-sample MSE 0.006419453416969574
Finished training EB SURE-LS, with SURE: 0.009864667104708985
Finished training EB SURE-LS, with in-sample MSE: 0.006305429865118536
use_scale: True
use_location: False
Finished training EB misspecified with NPMLE init, with SURE: 0.012811574095148633
Finished training EB misspecified with NPMLE init, with in-sample MSE: 0.006578081375522654
Finished training EB misspecified, with SURE: 0.012811933950573735
Finished training EB misspecified, with in-sample MSE: 0.0065781411275440535
Finished training EB wellspecified, with SURE: -0.008040726542943155
Finished training EB wellspecified, with in-sample MSE: 0.024825277956434463
m: 79
Finished solving NPMLE, with SURE 0.010314366864687922
Finished solving NPMLE, with in-sample MSE 0.006538530031042442
Finished solving parametric estimator, with SURE 0.010967793951106614
Finished solving parametric estimator, with in-sample MSE 0.0060119971921980195
Finished solving EBCF, with in-sample MSE 0.0088541202675238
Finished training EB SURE-LS, with SURE: 0.0014402397425361934
Finished training EB SURE-LS, with in-sample MSE: 0.012030839017433133
use_scale: True
use_location: False
Finished training EB misspecified with NPMLE init, with SURE: 0.008879454968252319
Finished training EB misspecified with NPMLE init, with in-sample MSE: 0.008226162089823262
Finished training EB misspecified, with SURE: 0.008879997560470372
Finished training EB misspecified, with in-sample MSE: 0.008226788042521123
Finished training EB wellspecified, with SURE: -0.011460170785079408
Finished training EB wellspecified, with in-sample MSE: 0.028474473129242707
m: 80
Finished solving NPMLE, with SURE 0.052304972894438216
Finished solving NPMLE, with in-sample MSE 0.007481071725183296
Finished solving parametric estimator, with SURE 0.0011221946509986092
Finished solving parametric estimator, with in-sample MSE 0.005728800674971671
Finished solving EBCF, with in-sample MSE 0.0019291479803775825
Finished training EB SURE-LS, with SURE: -0.009851288047031182
Finished training EB SURE-LS, with in-sample MSE: 0.0009318664165395365
use_scale: True
use_location: False
Finished training EB misspecified with NPMLE init, with SURE: -0.0001615772069760979
Finished training EB misspecified with NPMLE init, with in-sample MSE: 0.006930758414593385
Finished training EB misspecified, with SURE: -0.0001592095813964889
Finished training EB misspecified, with in-sample MSE: 0.006916434314019081
Finished training EB wellspecified, with SURE: -0.011183102821709262
Finished training EB wellspecified, with in-sample MSE: 0.0012242832551324725
m: 81
Finished solving NPMLE, with SURE 0.055358057931503134
Finished solving NPMLE, with in-sample MSE 0.00504909424991124
Finished solving parametric estimator, with SURE 0.008709298072387794
Finished solving parametric estimator, with in-sample MSE 0.004859226673119962
Finished solving EBCF, with in-sample MSE 0.004521073462515611
Finished training EB SURE-LS, with SURE: -0.00048272562419196644
Finished training EB SURE-LS, with in-sample MSE: 0.0012412364051558903
use_scale: True
use_location: False
Finished training EB misspecified with NPMLE init, with SURE: 0.006775797352797763
Finished training EB misspecified with NPMLE init, with in-sample MSE: 0.00650039278264119
Finished training EB misspecified, with SURE: 0.007995086814034647
Finished training EB misspecified, with in-sample MSE: 0.0050375628537776655
Finished training EB wellspecified, with SURE: -0.005420196887130675
Finished training EB wellspecified, with in-sample MSE: 0.005884025466479867
m: 82
Finished solving NPMLE, with SURE 0.040804081284944296
Finished solving NPMLE, with in-sample MSE 0.004205316616327562
Finished solving parametric estimator, with SURE -0.002952925029512457
Finished solving parametric estimator, with in-sample MSE 0.004782699734620276
Finished solving EBCF, with in-sample MSE 0.0017776419045719496
Finished training EB SURE-LS, with SURE: -0.008703824782237362
Finished training EB SURE-LS, with in-sample MSE: 0.0007263367417995288
use_scale: True
use_location: False
Finished training EB misspecified with NPMLE init, with SURE: -0.003537441698984303
Finished training EB misspecified with NPMLE init, with in-sample MSE: 0.004780166667246304
Finished training EB misspecified, with SURE: -0.003537445986908878
Finished training EB misspecified, with in-sample MSE: 0.004782556534251297
Finished training EB wellspecified, with SURE: -0.0035373234733693387
Finished training EB wellspecified, with in-sample MSE: 0.004781953511243039
m: 83
Finished solving NPMLE, with SURE 0.16958770098765175
Finished solving NPMLE, with in-sample MSE 0.005283105869745659
Finished solving parametric estimator, with SURE 0.015667180798004526
Finished solving parametric estimator, with in-sample MSE 0.004679502202171955
Finished solving EBCF, with in-sample MSE 0.0029434230403554778
Finished training EB SURE-LS, with SURE: 0.005233378638045912
Finished training EB SURE-LS, with in-sample MSE: 0.0037324934669601085
use_scale: True
use_location: False
Finished training EB misspecified with NPMLE init, with SURE: 0.014875948982052823
Finished training EB misspecified with NPMLE init, with in-sample MSE: 0.0048811659681076
Finished training EB misspecified, with SURE: 0.014876037111391334
Finished training EB misspecified, with in-sample MSE: 0.004881204397425922
Finished training EB wellspecified, with SURE: -0.002677385297336395
Finished training EB wellspecified, with in-sample MSE: 0.01469077818997276
m: 84
Finished solving NPMLE, with SURE 0.18442743245037962
Finished solving NPMLE, with in-sample MSE 0.009128156849755544
Finished solving parametric estimator, with SURE 0.028727862584913486
Finished solving parametric estimator, with in-sample MSE 0.007349738890241769
Finished solving EBCF, with in-sample MSE 0.003372590581483756
Finished training EB SURE-LS, with SURE: 0.004992214536514944
Finished training EB SURE-LS, with in-sample MSE: 0.008892970481787844
use_scale: True
use_location: False
Finished training EB misspecified with NPMLE init, with SURE: 0.008130643735010726
Finished training EB misspecified with NPMLE init, with in-sample MSE: 0.030825500253092594
Finished training EB misspecified, with SURE: 0.008140154272584094
Finished training EB misspecified, with in-sample MSE: 0.03080980695145847
Finished training EB wellspecified, with SURE: -0.004061914586900878
Finished training EB wellspecified, with in-sample MSE: 0.023455800177781327
m: 85
Finished solving NPMLE, with SURE 0.010330904894068755
Finished solving NPMLE, with in-sample MSE 0.006728985654773878
Finished solving parametric estimator, with SURE -0.003138390162058774
Finished solving parametric estimator, with in-sample MSE 0.006497295759555981
Finished solving EBCF, with in-sample MSE 0.0020900609871904543
Finished training EB SURE-LS, with SURE: -0.006884928598142033
Finished training EB SURE-LS, with in-sample MSE: 0.0016335731467302357
use_scale: True
use_location: False
Finished training EB misspecified with NPMLE init, with SURE: -0.00600197299121092
Finished training EB misspecified with NPMLE init, with in-sample MSE: 0.01098521419576815
Finished training EB misspecified, with SURE: -0.005999967292369526
Finished training EB misspecified, with in-sample MSE: 0.010987298540106544
Finished training EB wellspecified, with SURE: -0.01112935124116463
Finished training EB wellspecified, with in-sample MSE: 0.008592049486239366
m: 86
Finished solving NPMLE, with SURE 0.010351850764939705
Finished solving NPMLE, with in-sample MSE 0.005524422169773806
Finished solving parametric estimator, with SURE -0.0053247038591287404
Finished solving parametric estimator, with in-sample MSE 0.005485696165170521
Finished solving EBCF, with in-sample MSE 0.003891016733588356
Finished training EB SURE-LS, with SURE: -0.006617863392838684
Finished training EB SURE-LS, with in-sample MSE: 0.002356936656579402
use_scale: True
use_location: False
Finished training EB misspecified with NPMLE init, with SURE: -0.005957898725998572
Finished training EB misspecified with NPMLE init, with in-sample MSE: 0.0054857054356378275
Finished training EB misspecified, with SURE: -0.005957641353876131
Finished training EB misspecified, with in-sample MSE: 0.0054856845045043266
Finished training EB wellspecified, with SURE: -0.011854014533417626
Finished training EB wellspecified, with in-sample MSE: 0.006334918215956139
m: 87
Finished solving NPMLE, with SURE 0.03545458705960414
Finished solving NPMLE, with in-sample MSE 0.005286990435552483
Finished solving parametric estimator, with SURE 0.00040079046916760563
Finished solving parametric estimator, with in-sample MSE 0.00413511882529133
Finished solving EBCF, with in-sample MSE 0.004272561801705279
Finished training EB SURE-LS, with SURE: -0.004122093831976323
Finished training EB SURE-LS, with in-sample MSE: 0.0045784898965438095
use_scale: True
use_location: False
Finished training EB misspecified with NPMLE init, with SURE: -0.0019518728353530258
Finished training EB misspecified with NPMLE init, with in-sample MSE: 0.007949843133958578
Finished training EB misspecified, with SURE: -0.0019506430315092693
Finished training EB misspecified, with in-sample MSE: 0.007947728800101122
Finished training EB wellspecified, with SURE: -0.005762057318303501
Finished training EB wellspecified, with in-sample MSE: 0.00596991283601021
m: 88
Finished solving NPMLE, with SURE 0.0768754736111466
Finished solving NPMLE, with in-sample MSE 0.006203647478883554
Finished solving parametric estimator, with SURE 0.0143705868547635
Finished solving parametric estimator, with in-sample MSE 0.0048021213845844445
Finished solving EBCF, with in-sample MSE 0.003083113956488028
Finished training EB SURE-LS, with SURE: 0.007603200014950631
Finished training EB SURE-LS, with in-sample MSE: 0.00032932909766816365
use_scale: True
use_location: False
Finished training EB misspecified with NPMLE init, with SURE: 0.013297246748328533
Finished training EB misspecified with NPMLE init, with in-sample MSE: 0.0053098972117269485
Finished training EB misspecified, with SURE: 0.013298404594039397
Finished training EB misspecified, with in-sample MSE: 0.005312219447659331
Finished training EB wellspecified, with SURE: 0.0001525934394186401
Finished training EB wellspecified, with in-sample MSE: 0.012200947559270566
m: 89
Finished solving NPMLE, with SURE 0.10205509906690827
Finished solving NPMLE, with in-sample MSE 0.006965505957847484
Finished solving parametric estimator, with SURE 0.027599608329762826
Finished solving parametric estimator, with in-sample MSE 0.008672637734554178
Finished solving EBCF, with in-sample MSE 0.01972148205928354
Finished training EB SURE-LS, with SURE: 0.02227726858334004
Finished training EB SURE-LS, with in-sample MSE: 0.008572077815426772
use_scale: True
use_location: False
Finished training EB misspecified with NPMLE init, with SURE: 0.023445969507649878
Finished training EB misspecified with NPMLE init, with in-sample MSE: 0.017112097450139148
Finished training EB misspecified, with SURE: 0.02344858330814038
Finished training EB misspecified, with in-sample MSE: 0.017106078251048852
Finished training EB wellspecified, with SURE: 0.009576479797368555
Finished training EB wellspecified, with in-sample MSE: 0.024980467713767072
m: 90
Finished solving NPMLE, with SURE 0.03632543307264338
Finished solving NPMLE, with in-sample MSE 0.004870754539298979
Finished solving parametric estimator, with SURE 0.0016851234980627544
Finished solving parametric estimator, with in-sample MSE 0.003415616994981758
Finished solving EBCF, with in-sample MSE 0.0014401509300175335
Finished training EB SURE-LS, with SURE: -0.005316704775345216
Finished training EB SURE-LS, with in-sample MSE: 0.0007277966456225169
use_scale: True
use_location: False
Finished training EB misspecified with NPMLE init, with SURE: 0.0005113342005914135
Finished training EB misspecified with NPMLE init, with in-sample MSE: 0.005538766119155617
Finished training EB misspecified, with SURE: 0.0010785309153437163
Finished training EB misspecified, with in-sample MSE: 0.003373871542871353
Finished training EB wellspecified, with SURE: -0.007453571640144811
Finished training EB wellspecified, with in-sample MSE: 0.0031655778608412548
m: 91
Finished solving NPMLE, with SURE 0.014346263847333897
Finished solving NPMLE, with in-sample MSE 0.006751813004758313
Finished solving parametric estimator, with SURE -0.004012474141051964
Finished solving parametric estimator, with in-sample MSE 0.005499811429781828
Finished solving EBCF, with in-sample MSE 0.00482057369553631
Finished training EB SURE-LS, with SURE: -0.007449646313441061
Finished training EB SURE-LS, with in-sample MSE: 0.000612293929507432
use_scale: True
use_location: False
Finished training EB misspecified with NPMLE init, with SURE: -0.0056906158286064825
Finished training EB misspecified with NPMLE init, with in-sample MSE: 0.007363296091704921
Finished training EB misspecified, with SURE: -0.004706596804005176
Finished training EB misspecified, with in-sample MSE: 0.005479832445309394
Finished training EB wellspecified, with SURE: -0.012716701856435995
Finished training EB wellspecified, with in-sample MSE: 0.006489914548381767
m: 92
Finished solving NPMLE, with SURE 0.09637867944570587
Finished solving NPMLE, with in-sample MSE 0.00427279619454828
Finished solving parametric estimator, with SURE 0.01471365104833769
Finished solving parametric estimator, with in-sample MSE 0.004312620631528708
Finished solving EBCF, with in-sample MSE 0.004099740856949711
Finished training EB SURE-LS, with SURE: 0.007380424388668025
Finished training EB SURE-LS, with in-sample MSE: 0.0033617416557712772
use_scale: True
use_location: False
Finished training EB misspecified with NPMLE init, with SURE: 0.013873966904887798
Finished training EB misspecified with NPMLE init, with in-sample MSE: 0.004726716251396182
Finished training EB misspecified, with SURE: 0.013874031117806461
Finished training EB misspecified, with in-sample MSE: 0.004726621232788638
Finished training EB wellspecified, with SURE: -0.005573284494432111
Finished training EB wellspecified, with in-sample MSE: 0.022215724869945008
m: 93
Finished solving NPMLE, with SURE 0.1805390293270049
Finished solving NPMLE, with in-sample MSE 0.008690677249536484
Finished solving parametric estimator, with SURE 0.018944191620875767
Finished solving parametric estimator, with in-sample MSE 0.006919962586821586
Finished solving EBCF, with in-sample MSE 0.0093465780139412
Finished training EB SURE-LS, with SURE: 0.0037535104523273755
Finished training EB SURE-LS, with in-sample MSE: 0.0024418218636990813
use_scale: True
use_location: False
Finished training EB misspecified with NPMLE init, with SURE: 0.013363865728157887
Finished training EB misspecified with NPMLE init, with in-sample MSE: 0.01385005776410283
Finished training EB misspecified, with SURE: 0.013363983772549144
Finished training EB misspecified, with in-sample MSE: 0.013849345963682995
Finished training EB wellspecified, with SURE: -0.015056083884996761
Finished training EB wellspecified, with in-sample MSE: 0.025715537849422168
m: 94
Finished solving NPMLE, with SURE 0.04300045306572793
Finished solving NPMLE, with in-sample MSE 0.004208497531462601
Finished solving parametric estimator, with SURE -0.007128546532737853
Finished solving parametric estimator, with in-sample MSE 0.0052100601909951735
Finished solving EBCF, with in-sample MSE 0.0017645907196429203
Finished training EB SURE-LS, with SURE: -0.012114169427135947
Finished training EB SURE-LS, with in-sample MSE: 0.0011395980192032903
use_scale: True
use_location: False
Finished training EB misspecified with NPMLE init, with SURE: -0.007757139657638668
Finished training EB misspecified with NPMLE init, with in-sample MSE: 0.005210024737361917
Finished training EB misspecified, with SURE: -0.0077571561161489735
Finished training EB misspecified, with in-sample MSE: 0.005210127224426339
Finished training EB wellspecified, with SURE: -0.014798975684014504
Finished training EB wellspecified, with in-sample MSE: 0.002668911303888686
m: 95
Finished solving NPMLE, with SURE 0.034908679532311006
Finished solving NPMLE, with in-sample MSE 0.007803606697945867
Finished solving parametric estimator, with SURE 0.006647799611007921
Finished solving parametric estimator, with in-sample MSE 0.007544231908789547
Finished solving EBCF, with in-sample MSE 0.0063177016585434734
Finished training EB SURE-LS, with SURE: -0.00794071205173039
Finished training EB SURE-LS, with in-sample MSE: 0.0021028083140494274
use_scale: True
use_location: False
Finished training EB misspecified with NPMLE init, with SURE: 0.005074044136346175
Finished training EB misspecified with NPMLE init, with in-sample MSE: 0.008712101343256529
Finished training EB misspecified, with SURE: 0.005074589828053391
Finished training EB misspecified, with in-sample MSE: 0.008724848522193298
Finished training EB wellspecified, with SURE: -0.023621317332502098
Finished training EB wellspecified, with in-sample MSE: 0.01908900195306734
m: 96
Finished solving NPMLE, with SURE 0.04039499190619395
Finished solving NPMLE, with in-sample MSE 0.012535040465744645
Finished solving parametric estimator, with SURE -0.0025630090672826567
Finished solving parametric estimator, with in-sample MSE 0.009458450783819098
Finished solving EBCF, with in-sample MSE 0.00922696804501596
Finished training EB SURE-LS, with SURE: -0.007927380412725069
Finished training EB SURE-LS, with in-sample MSE: 0.0016615628139436055
use_scale: True
use_location: False
Finished training EB misspecified with NPMLE init, with SURE: -0.005188117661443829
Finished training EB misspecified with NPMLE init, with in-sample MSE: 0.012124681991552463
Finished training EB misspecified, with SURE: -0.0034845462980865882
Finished training EB misspecified, with in-sample MSE: 0.009792418282102531
Finished training EB wellspecified, with SURE: -0.01790249651363682
Finished training EB wellspecified, with in-sample MSE: 0.02230830393380583
m: 97
Finished solving NPMLE, with SURE 0.12645938668602522
Finished solving NPMLE, with in-sample MSE 0.010670544101391065
Finished solving parametric estimator, with SURE 0.024763879412336487
Finished solving parametric estimator, with in-sample MSE 0.010254835709776812
Finished solving EBCF, with in-sample MSE 0.004823077231631077
Finished training EB SURE-LS, with SURE: 0.009226428255824818
Finished training EB SURE-LS, with in-sample MSE: 0.0030897070605997393
use_scale: True
use_location: False
Finished training EB misspecified with NPMLE init, with SURE: 0.020492818317075622
Finished training EB misspecified with NPMLE init, with in-sample MSE: 0.016832881498007997
Finished training EB misspecified, with SURE: 0.020497769449845153
Finished training EB misspecified, with in-sample MSE: 0.01682300106358555
Finished training EB wellspecified, with SURE: -0.015513633672353254
Finished training EB wellspecified, with in-sample MSE: 0.03549013028476829
m: 98
Finished solving NPMLE, with SURE 0.02765838408069623
Finished solving NPMLE, with in-sample MSE 0.010444906876459197
Finished solving parametric estimator, with SURE 0.026165519736291026
Finished solving parametric estimator, with in-sample MSE 0.00545384535764592
Finished solving EBCF, with in-sample MSE 0.015115396471800675
Finished training EB SURE-LS, with SURE: 0.013144563369406894
Finished training EB SURE-LS, with in-sample MSE: 0.012992116205293698
use_scale: True
use_location: False
Finished training EB misspecified with NPMLE init, with SURE: 0.01855450882933713
Finished training EB misspecified with NPMLE init, with in-sample MSE: 0.015490584516324632
Finished training EB misspecified, with SURE: 0.010135104192631576
Finished training EB misspecified, with in-sample MSE: 0.03764542272150347
Finished training EB wellspecified, with SURE: -0.006099157776996115
Finished training EB wellspecified, with in-sample MSE: 0.04180572671627592
m: 99
Finished solving NPMLE, with SURE 0.05935375540536903
Finished solving NPMLE, with in-sample MSE 0.007254502049858013
Finished solving parametric estimator, with SURE 0.021039374392333623
Finished solving parametric estimator, with in-sample MSE 0.004934177272640164
Finished solving EBCF, with in-sample MSE 0.005136061379858564
Finished training EB SURE-LS, with SURE: 0.013448155306559935
Finished training EB SURE-LS, with in-sample MSE: 0.0014493996424492896
use_scale: True
use_location: False
Finished training EB misspecified with NPMLE init, with SURE: 0.014229699945208393
Finished training EB misspecified with NPMLE init, with in-sample MSE: 0.014290372229178127
Finished training EB misspecified, with SURE: 0.014249659959097851
Finished training EB misspecified, with in-sample MSE: 0.014233296329565605
Finished training EB wellspecified, with SURE: -0.013899895059353545
Finished training EB wellspecified, with in-sample MSE: 0.03478050377158086

n: 800
m: 50
Finished solving NPMLE, with SURE 0.1120782422642233
Finished solving NPMLE, with in-sample MSE 0.00534875587826291
Finished solving parametric estimator, with SURE 0.005973453351487634
Finished solving parametric estimator, with in-sample MSE 0.004521208818640214
Finished solving EBCF, with in-sample MSE 0.0025422624092016335
Finished training EB SURE-LS, with SURE: -0.00649940635891364
Finished training EB SURE-LS, with in-sample MSE: 0.002155146879132699
use_scale: True
use_location: False
Finished training EB misspecified with NPMLE init, with SURE: 0.005610270978603129
Finished training EB misspecified with NPMLE init, with in-sample MSE: 0.004565118960915531
Finished training EB misspecified, with SURE: 0.005609383406008188
Finished training EB misspecified, with in-sample MSE: 0.00456638890395685
Finished training EB wellspecified, with SURE: -0.008033875565906514
Finished training EB wellspecified, with in-sample MSE: 0.003507962350920155
m: 51
Finished solving NPMLE, with SURE 0.07034841748921636
Finished solving NPMLE, with in-sample MSE 0.0064663461452021355
Finished solving parametric estimator, with SURE -0.0012966092058776246
Finished solving parametric estimator, with in-sample MSE 0.005893515641896908
Finished solving EBCF, with in-sample MSE 0.0025630001234610927
Finished training EB SURE-LS, with SURE: -0.0038366189299371936
Finished training EB SURE-LS, with in-sample MSE: 0.0009760095692409182
use_scale: True
use_location: False
Finished training EB misspecified with NPMLE init, with SURE: -0.0016150451450616644
Finished training EB misspecified with NPMLE init, with in-sample MSE: 0.005893279479672282
Finished training EB misspecified, with SURE: -0.0016150758468093153
Finished training EB misspecified, with in-sample MSE: 0.005893122776211754
Finished training EB wellspecified, with SURE: -0.010604204428667179
Finished training EB wellspecified, with in-sample MSE: 0.008114047819273494
m: 52
Finished solving NPMLE, with SURE 0.05587154160177185
Finished solving NPMLE, with in-sample MSE 0.0046190851529176145
Finished solving parametric estimator, with SURE -0.0015562152875089746
Finished solving parametric estimator, with in-sample MSE 0.0041807790381030415
Finished solving EBCF, with in-sample MSE 0.0007821506175537249
Finished training EB SURE-LS, with SURE: -0.007422776117144095
Finished training EB SURE-LS, with in-sample MSE: 0.00058277313151049
use_scale: True
use_location: False
Finished training EB misspecified with NPMLE init, with SURE: -0.002221756705547584
Finished training EB misspecified with NPMLE init, with in-sample MSE: 0.0044408718985564834
Finished training EB misspecified, with SURE: -0.0022141234482784536
Finished training EB misspecified, with in-sample MSE: 0.004432326354345497
Finished training EB wellspecified, with SURE: -0.008315050875726508
Finished training EB wellspecified, with in-sample MSE: 0.0011446427756047215
m: 53
Finished solving NPMLE, with SURE 0.019526372400562444
Finished solving NPMLE, with in-sample MSE 0.004083008368388268
Finished solving parametric estimator, with SURE 0.002886493825261474
Finished solving parametric estimator, with in-sample MSE 0.0037938617960496133
Finished solving EBCF, with in-sample MSE 0.0011555837731325317
Finished training EB SURE-LS, with SURE: -0.003543329065136299
Finished training EB SURE-LS, with in-sample MSE: 0.0005451498005025593
use_scale: True
use_location: False
Finished training EB misspecified with NPMLE init, with SURE: 0.00248922768965139
Finished training EB misspecified with NPMLE init, with in-sample MSE: 0.003846206287382013
Finished training EB misspecified, with SURE: 0.002489734384942022
Finished training EB misspecified, with in-sample MSE: 0.003845568020990266
Finished training EB wellspecified, with SURE: -0.009467072014456934
Finished training EB wellspecified, with in-sample MSE: 0.007699519188082022
m: 54
Finished solving NPMLE, with SURE 0.053618028916256895
Finished solving NPMLE, with in-sample MSE 0.007729869440621154
Finished solving parametric estimator, with SURE 0.007034990311116693
Finished solving parametric estimator, with in-sample MSE 0.005625219170962113
Finished solving EBCF, with in-sample MSE 0.00285852812801862
Finished training EB SURE-LS, with SURE: -0.007059087274279654
Finished training EB SURE-LS, with in-sample MSE: 0.0022549424627165567
use_scale: True
use_location: False
Finished training EB misspecified with NPMLE init, with SURE: 0.006727921868903231
Finished training EB misspecified with NPMLE init, with in-sample MSE: 0.005625158783643117
Finished training EB misspecified, with SURE: 0.006284373381624349
Finished training EB misspecified, with in-sample MSE: 0.006635880515867181
Finished training EB wellspecified, with SURE: -0.008036120734517009
Finished training EB wellspecified, with in-sample MSE: 0.004489263091096746
m: 55
Finished solving NPMLE, with SURE 0.09812367469970212
Finished solving NPMLE, with in-sample MSE 0.005169619896989596
Finished solving parametric estimator, with SURE -0.0015546732122499185
Finished solving parametric estimator, with in-sample MSE 0.005419437000045721
Finished solving EBCF, with in-sample MSE 0.001048569223957896
Finished training EB SURE-LS, with SURE: -0.005034417110275261
Finished training EB SURE-LS, with in-sample MSE: 0.0006854686857215931
use_scale: True
use_location: False
Finished training EB misspecified with NPMLE init, with SURE: -0.0018621621389238818
Finished training EB misspecified with NPMLE init, with in-sample MSE: 0.005419335698350166
Finished training EB misspecified, with SURE: -0.0018623377305937794
Finished training EB misspecified, with in-sample MSE: 0.005419437050221723
Finished training EB wellspecified, with SURE: -0.005518431717408425
Finished training EB wellspecified, with in-sample MSE: 0.0005220296007889594
m: 56
Finished solving NPMLE, with SURE 0.029995745479656825
Finished solving NPMLE, with in-sample MSE 0.0056229730926008956
Finished solving parametric estimator, with SURE -0.008070423298398882
Finished solving parametric estimator, with in-sample MSE 0.004827368777127347
Finished solving EBCF, with in-sample MSE 0.0016503350356981178
Finished training EB SURE-LS, with SURE: -0.011784397834018908
Finished training EB SURE-LS, with in-sample MSE: 0.0002825451049545639
use_scale: True
use_location: False
Finished training EB misspecified with NPMLE init, with SURE: -0.008390049300983674
Finished training EB misspecified with NPMLE init, with in-sample MSE: 0.0048275707676631125
Finished training EB misspecified, with SURE: -0.00838971275209767
Finished training EB misspecified, with in-sample MSE: 0.00482741415497911
Finished training EB wellspecified, with SURE: -0.011950997766746272
Finished training EB wellspecified, with in-sample MSE: 0.0007806676147117573
m: 57
Finished solving NPMLE, with SURE 0.04713155376736634
Finished solving NPMLE, with in-sample MSE 0.0056259583086811305
Finished solving parametric estimator, with SURE 0.010109044311409743
Finished solving parametric estimator, with in-sample MSE 0.0051535419519688356
Finished solving EBCF, with in-sample MSE 0.002848733582718129
Finished training EB SURE-LS, with SURE: 0.006349119334740758
Finished training EB SURE-LS, with in-sample MSE: 0.0006203415576623507
use_scale: True
use_location: False
Finished training EB misspecified with NPMLE init, with SURE: 0.009763344496499205
Finished training EB misspecified with NPMLE init, with in-sample MSE: 0.005137715711615195
Finished training EB misspecified, with SURE: 0.009763683313185502
Finished training EB misspecified, with in-sample MSE: 0.0051350143553178995
Finished training EB wellspecified, with SURE: -8.901665363513188e-05
Finished training EB wellspecified, with in-sample MSE: 0.008067996652522618
m: 58
Finished solving NPMLE, with SURE 0.2430882184656228
Finished solving NPMLE, with in-sample MSE 0.010079130625258413
Finished solving parametric estimator, with SURE 0.006614884818667427
Finished solving parametric estimator, with in-sample MSE 0.005125625437220147
Finished solving EBCF, with in-sample MSE 0.0029092594497522745
Finished training EB SURE-LS, with SURE: -0.005448337694529493
Finished training EB SURE-LS, with in-sample MSE: 0.001715722066493358
use_scale: True
use_location: False
Finished training EB misspecified with NPMLE init, with SURE: -0.004323318335171909
Finished training EB misspecified with NPMLE init, with in-sample MSE: 0.014208974481530476
Finished training EB misspecified, with SURE: 0.006296725781111778
Finished training EB misspecified, with in-sample MSE: 0.0051250433924093595
Finished training EB wellspecified, with SURE: -0.016138817821448187
Finished training EB wellspecified, with in-sample MSE: 0.012643367107438928
m: 59
Finished solving NPMLE, with SURE 0.1313277824307102
Finished solving NPMLE, with in-sample MSE 0.006289461983702656
Finished solving parametric estimator, with SURE 0.003997199723310432
Finished solving parametric estimator, with in-sample MSE 0.005571445168485099
Finished solving EBCF, with in-sample MSE 0.001764921568896813
Finished training EB SURE-LS, with SURE: -0.0013317164020337172
Finished training EB SURE-LS, with in-sample MSE: 0.0002691888583190675
use_scale: True
use_location: False
Finished training EB misspecified with NPMLE init, with SURE: 0.00369913404851026
Finished training EB misspecified with NPMLE init, with in-sample MSE: 0.005625359382616256
Finished training EB misspecified, with SURE: 0.003647850574863014
Finished training EB misspecified, with in-sample MSE: 0.005515960270477251
Finished training EB wellspecified, with SURE: -0.008655540717424028
Finished training EB wellspecified, with in-sample MSE: 0.00655805171964026
m: 60
Finished solving NPMLE, with SURE 0.019266629948613296
Finished solving NPMLE, with in-sample MSE 0.006094025716019493
Finished solving parametric estimator, with SURE 0.003801563048383999
Finished solving parametric estimator, with in-sample MSE 0.004518672542218356
Finished solving EBCF, with in-sample MSE 0.002770143249155153
Finished training EB SURE-LS, with SURE: -0.0021297917257597733
Finished training EB SURE-LS, with in-sample MSE: 0.0017994431435023606
use_scale: True
use_location: False
Finished training EB misspecified with NPMLE init, with SURE: 0.0027956879330634267
Finished training EB misspecified with NPMLE init, with in-sample MSE: 0.005113609098975181
Finished training EB misspecified, with SURE: 0.002796168171135456
Finished training EB misspecified, with in-sample MSE: 0.005110959777277431
Finished training EB wellspecified, with SURE: -0.0058732522941569235
Finished training EB wellspecified, with in-sample MSE: 0.005795626348519782
m: 61
Finished solving NPMLE, with SURE 0.1480991823717524
Finished solving NPMLE, with in-sample MSE 0.00434409707282592
Finished solving parametric estimator, with SURE 0.010925904236826961
Finished solving parametric estimator, with in-sample MSE 0.004005217414822024
Finished solving EBCF, with in-sample MSE 0.002880094348339033
Finished training EB SURE-LS, with SURE: -0.003431948448781714
Finished training EB SURE-LS, with in-sample MSE: 0.004699506966589914
use_scale: True
use_location: False
Finished training EB misspecified with NPMLE init, with SURE: 0.010546176878109818
Finished training EB misspecified with NPMLE init, with in-sample MSE: 0.004071149197375632
Finished training EB misspecified, with SURE: 0.010555794172043047
Finished training EB misspecified, with in-sample MSE: 0.004061929480377977
Finished training EB wellspecified, with SURE: -0.005584309381733028
Finished training EB wellspecified, with in-sample MSE: 0.006604362258385073
m: 62
Finished solving NPMLE, with SURE 0.026108523282305746
Finished solving NPMLE, with in-sample MSE 0.006410220689951464
Finished solving parametric estimator, with SURE 0.0033859303327728463
Finished solving parametric estimator, with in-sample MSE 0.004701410000210847
Finished solving EBCF, with in-sample MSE 0.0018845632941269883
Finished training EB SURE-LS, with SURE: -0.0017874245382017901
Finished training EB SURE-LS, with in-sample MSE: 0.0007444766745905242
use_scale: True
use_location: False
Finished training EB misspecified with NPMLE init, with SURE: 0.003072951625629159
Finished training EB misspecified with NPMLE init, with in-sample MSE: 0.004613089441040817
Finished training EB misspecified, with SURE: 0.003073229783964795
Finished training EB misspecified, with in-sample MSE: 0.0046131057446131205
Finished training EB wellspecified, with SURE: -0.006297326864312314
Finished training EB wellspecified, with in-sample MSE: 0.0063123479723495605
m: 63
Finished solving NPMLE, with SURE 0.05091461583374221
Finished solving NPMLE, with in-sample MSE 0.006230425344337264
Finished solving parametric estimator, with SURE 0.011956548132819808
Finished solving parametric estimator, with in-sample MSE 0.005526023015483633
Finished solving EBCF, with in-sample MSE 0.0034256377102260343
Finished training EB SURE-LS, with SURE: 0.0061461657225605395
Finished training EB SURE-LS, with in-sample MSE: 0.0005611309226602191
use_scale: True
use_location: False
Finished training EB misspecified with NPMLE init, with SURE: 0.011332198445715279
Finished training EB misspecified with NPMLE init, with in-sample MSE: 0.005880523894072474
Finished training EB misspecified, with SURE: 0.011332573620576873
Finished training EB misspecified, with in-sample MSE: 0.0058803839599486495
Finished training EB wellspecified, with SURE: -0.003902208612061183
Finished training EB wellspecified, with in-sample MSE: 0.015714645879557156
m: 64
Finished solving NPMLE, with SURE 0.024023426530191044
Finished solving NPMLE, with in-sample MSE 0.007908478687754484
Finished solving parametric estimator, with SURE -0.008963937832328003
Finished solving parametric estimator, with in-sample MSE 0.006858665940666304
Finished solving EBCF, with in-sample MSE 0.003527057489204221
Finished training EB SURE-LS, with SURE: -0.013348177682619086
Finished training EB SURE-LS, with in-sample MSE: 0.0009887237277604957
use_scale: True
use_location: False
Finished training EB misspecified with NPMLE init, with SURE: -0.009272678693883644
Finished training EB misspecified with NPMLE init, with in-sample MSE: 0.006858813978731808
Finished training EB misspecified, with SURE: -0.0092723282402752
Finished training EB misspecified, with in-sample MSE: 0.006858610460691282
Finished training EB wellspecified, with SURE: -0.015712958473635744
Finished training EB wellspecified, with in-sample MSE: 0.0027414103950562036
m: 65
Finished solving NPMLE, with SURE 0.019520538656458725
Finished solving NPMLE, with in-sample MSE 0.0064698879705405166
Finished solving parametric estimator, with SURE 0.005081856433505297
Finished solving parametric estimator, with in-sample MSE 0.004946990546416296
Finished solving EBCF, with in-sample MSE 0.002687979081510704
Finished training EB SURE-LS, with SURE: 0.0009737903047588547
Finished training EB SURE-LS, with in-sample MSE: 0.0004852579388986754
use_scale: True
use_location: False
Finished training EB misspecified with NPMLE init, with SURE: 0.003935511703022509
Finished training EB misspecified with NPMLE init, with in-sample MSE: 0.0062973019724455815
Finished training EB misspecified, with SURE: 0.003939058898646977
Finished training EB misspecified, with in-sample MSE: 0.006289339584570596
Finished training EB wellspecified, with SURE: -0.005946607121066374
Finished training EB wellspecified, with in-sample MSE: 0.008735168400082557
m: 66
Finished solving NPMLE, with SURE 0.07695213197239623
Finished solving NPMLE, with in-sample MSE 0.004727283488629215
Finished solving parametric estimator, with SURE 0.004260033884242176
Finished solving parametric estimator, with in-sample MSE 0.004739576989581438
Finished solving EBCF, with in-sample MSE 0.0006965590882009681
Finished training EB SURE-LS, with SURE: -0.001710761718288502
Finished training EB SURE-LS, with in-sample MSE: 0.0020033758569841364
use_scale: True
use_location: False
Finished training EB misspecified with NPMLE init, with SURE: 0.003947524457922906
Finished training EB misspecified with NPMLE init, with in-sample MSE: 0.004739263117364384
Finished training EB misspecified, with SURE: 0.0039477065860229745
Finished training EB misspecified, with in-sample MSE: 0.004739112996673708
Finished training EB wellspecified, with SURE: -0.0029521424985687245
Finished training EB wellspecified, with in-sample MSE: 0.003615670779072169
m: 67
Finished solving NPMLE, with SURE 0.07905111242268902
Finished solving NPMLE, with in-sample MSE 0.005955471240586739
Finished solving parametric estimator, with SURE 0.009104940971955355
Finished solving parametric estimator, with in-sample MSE 0.004817357540564022
Finished solving EBCF, with in-sample MSE 0.0027933218637538663
Finished training EB SURE-LS, with SURE: 0.0032975971988767044
Finished training EB SURE-LS, with in-sample MSE: 0.00035810772556554534
use_scale: True
use_location: False
Finished training EB misspecified with NPMLE init, with SURE: 0.006608345325128014
Finished training EB misspecified with NPMLE init, with in-sample MSE: 0.007376822346967802
Finished training EB misspecified, with SURE: 0.006608490878764979
Finished training EB misspecified, with in-sample MSE: 0.007376818095205779
Finished training EB wellspecified, with SURE: -0.0035352499291664715
Finished training EB wellspecified, with in-sample MSE: 0.008966970655122516
m: 68
Finished solving NPMLE, with SURE 0.08868233100636966
Finished solving NPMLE, with in-sample MSE 0.005751512281602689
Finished solving parametric estimator, with SURE 0.0038965412513737724
Finished solving parametric estimator, with in-sample MSE 0.0051394918242774566
Finished solving EBCF, with in-sample MSE 0.0006845473183025282
Finished training EB SURE-LS, with SURE: -0.0012345862499042932
Finished training EB SURE-LS, with in-sample MSE: 0.0001948879981635161
use_scale: True
use_location: False
Finished training EB misspecified with NPMLE init, with SURE: 0.0035840882065867243
Finished training EB misspecified with NPMLE init, with in-sample MSE: 0.00513715925599751
Finished training EB misspecified, with SURE: 0.0035851339767240553
Finished training EB misspecified, with in-sample MSE: 0.005144515683666496
Finished training EB wellspecified, with SURE: -0.005202110870700427
Finished training EB wellspecified, with in-sample MSE: 0.004360232656571127
m: 69
Finished solving NPMLE, with SURE 0.038004496139508
Finished solving NPMLE, with in-sample MSE 0.005328364477964951
Finished solving parametric estimator, with SURE -0.0037641970957230514
Finished solving parametric estimator, with in-sample MSE 0.0048058175083945855
Finished solving EBCF, with in-sample MSE 0.0008451087701933776
Finished training EB SURE-LS, with SURE: -0.007711278719868813
Finished training EB SURE-LS, with in-sample MSE: 0.00022075282738371092
use_scale: True
use_location: False
Finished training EB misspecified with NPMLE init, with SURE: -0.004076125141019578
Finished training EB misspecified with NPMLE init, with in-sample MSE: 0.004805977675718485
Finished training EB misspecified, with SURE: -0.004075723587800493
Finished training EB misspecified, with in-sample MSE: 0.0048058693998133265
Finished training EB wellspecified, with SURE: -0.00951937929128578
Finished training EB wellspecified, with in-sample MSE: 0.0012358964563051805
m: 70
Finished solving NPMLE, with SURE 0.07890477100747917
Finished solving NPMLE, with in-sample MSE 0.006761718741174867
Finished solving parametric estimator, with SURE 0.004901205206205961
Finished solving parametric estimator, with in-sample MSE 0.005138395294228173
Finished solving EBCF, with in-sample MSE 0.0019448329950450393
Finished training EB SURE-LS, with SURE: 0.0010469192991437331
Finished training EB SURE-LS, with in-sample MSE: 0.0003585793092759446
use_scale: True
use_location: False
Finished training EB misspecified with NPMLE init, with SURE: 0.002299929248410919
Finished training EB misspecified with NPMLE init, with in-sample MSE: 0.007945131445509943
Finished training EB misspecified, with SURE: 0.0023011405092065295
Finished training EB misspecified, with in-sample MSE: 0.007938718621353017
Finished training EB wellspecified, with SURE: -0.004777042042241296
Finished training EB wellspecified, with in-sample MSE: 0.007239163060176226
m: 71
Finished solving NPMLE, with SURE 0.09960156426467502
Finished solving NPMLE, with in-sample MSE 0.00422463901937103
Finished solving parametric estimator, with SURE 0.0032832560562987417
Finished solving parametric estimator, with in-sample MSE 0.0037689016825269493
Finished solving EBCF, with in-sample MSE 0.0007883425491168064
Finished training EB SURE-LS, with SURE: -0.0020907516023059825
Finished training EB SURE-LS, with in-sample MSE: 0.000262207710161815
use_scale: True
use_location: False
Finished training EB misspecified with NPMLE init, with SURE: 0.0029541693440333283
Finished training EB misspecified with NPMLE init, with in-sample MSE: 0.003794150452090863
Finished training EB misspecified, with SURE: 0.002965430590694229
Finished training EB misspecified, with in-sample MSE: 0.0037912977036397267
Finished training EB wellspecified, with SURE: -0.0030017389116202844
Finished training EB wellspecified, with in-sample MSE: 0.0008555027421281011
m: 72
Finished solving NPMLE, with SURE 0.08958846212159614
Finished solving NPMLE, with in-sample MSE 0.0073860233747880975
Finished solving parametric estimator, with SURE -0.003525820416734826
Finished solving parametric estimator, with in-sample MSE 0.006342253205339439
Finished solving EBCF, with in-sample MSE 0.009602365914469984
Finished training EB SURE-LS, with SURE: -0.015651132564104765
Finished training EB SURE-LS, with in-sample MSE: 0.004712091889374186
use_scale: True
use_location: False
Finished training EB misspecified with NPMLE init, with SURE: -0.003856137665643793
Finished training EB misspecified with NPMLE init, with in-sample MSE: 0.0063423631152624525
Finished training EB misspecified, with SURE: -0.0038547915307493596
Finished training EB misspecified, with in-sample MSE: 0.006345024562125544
Finished training EB wellspecified, with SURE: -0.017167530268220016
Finished training EB wellspecified, with in-sample MSE: 0.005016150186148894
m: 73
Finished solving NPMLE, with SURE 0.09947912644997721
Finished solving NPMLE, with in-sample MSE 0.007093904202970619
Finished solving parametric estimator, with SURE 0.010171893025194223
Finished solving parametric estimator, with in-sample MSE 0.00656236526922695
Finished solving EBCF, with in-sample MSE 0.0017380183725131276
Finished training EB SURE-LS, with SURE: -0.0008462884503117088
Finished training EB SURE-LS, with in-sample MSE: 0.0011153638460267713
use_scale: True
use_location: False
Finished training EB misspecified with NPMLE init, with SURE: 0.009155357645285243
Finished training EB misspecified with NPMLE init, with in-sample MSE: 0.007404454128379473
Finished training EB misspecified, with SURE: 0.009166737402155291
Finished training EB misspecified, with in-sample MSE: 0.007389011030783928
Finished training EB wellspecified, with SURE: -0.008529425792402423
Finished training EB wellspecified, with in-sample MSE: 0.008516451614547775
m: 74
Finished solving NPMLE, with SURE 0.020880667150877715
Finished solving NPMLE, with in-sample MSE 0.005099964594508805
Finished solving parametric estimator, with SURE 0.0015181097943054306
Finished solving parametric estimator, with in-sample MSE 0.004189498724726407
Finished solving EBCF, with in-sample MSE 0.0009380458271177058
Finished training EB SURE-LS, with SURE: -0.0014841917534915083
Finished training EB SURE-LS, with in-sample MSE: 0.0005658026784307484
use_scale: True
use_location: False
Finished training EB misspecified with NPMLE init, with SURE: 0.0009163764588347689
Finished training EB misspecified with NPMLE init, with in-sample MSE: 0.0043601335876982845
Finished training EB misspecified, with SURE: 0.0009187671371334894
Finished training EB misspecified, with in-sample MSE: 0.004362438911590713
Finished training EB wellspecified, with SURE: -0.003015387164310092
Finished training EB wellspecified, with in-sample MSE: 0.0018177008397071922
m: 75
Finished solving NPMLE, with SURE 0.040655173694845545
Finished solving NPMLE, with in-sample MSE 0.0056173937402327935
Finished solving parametric estimator, with SURE 0.004787906284731705
Finished solving parametric estimator, with in-sample MSE 0.005309836606005428
Finished solving EBCF, with in-sample MSE 0.009290116050735193
Finished training EB SURE-LS, with SURE: 0.001155867190680484
Finished training EB SURE-LS, with in-sample MSE: 0.0005697236885148448
use_scale: True
use_location: False
Finished training EB misspecified with NPMLE init, with SURE: 0.004398828369569597
Finished training EB misspecified with NPMLE init, with in-sample MSE: 0.0053830710975595695
Finished training EB misspecified, with SURE: 0.00439879369978371
Finished training EB misspecified, with in-sample MSE: 0.0053833026051348576
Finished training EB wellspecified, with SURE: -0.002257020083735178
Finished training EB wellspecified, with in-sample MSE: 0.003471588554060054
m: 76
Finished solving NPMLE, with SURE 0.020229073267435123
Finished solving NPMLE, with in-sample MSE 0.009232396954420909
Finished solving parametric estimator, with SURE 0.00862513601404083
Finished solving parametric estimator, with in-sample MSE 0.005137396995588438
Finished solving EBCF, with in-sample MSE 0.002251113231746108
Finished training EB SURE-LS, with SURE: 0.0017154146565879136
Finished training EB SURE-LS, with in-sample MSE: 0.0002968962780597863
use_scale: True
use_location: False
Finished training EB misspecified with NPMLE init, with SURE: 0.005185734061840961
Finished training EB misspecified with NPMLE init, with in-sample MSE: 0.008680335910330812
Finished training EB misspecified, with SURE: 0.005187992595967828
Finished training EB misspecified, with in-sample MSE: 0.008690426172094628
Finished training EB wellspecified, with SURE: -0.0021964174789997327
Finished training EB wellspecified, with in-sample MSE: 0.004224597225511813
m: 77
Finished solving NPMLE, with SURE 0.09506779993034216
Finished solving NPMLE, with in-sample MSE 0.008917724721033988
Finished solving parametric estimator, with SURE 0.014535548969527176
Finished solving parametric estimator, with in-sample MSE 0.007861400603338009
Finished solving EBCF, with in-sample MSE 0.0022959192676167764
Finished training EB SURE-LS, with SURE: 0.006048530352959303
Finished training EB SURE-LS, with in-sample MSE: 0.001584998442665424
use_scale: True
use_location: False
Finished training EB misspecified with NPMLE init, with SURE: 0.011629179271036225
Finished training EB misspecified with NPMLE init, with in-sample MSE: 0.011071810258274443
Finished training EB misspecified, with SURE: 0.011637454263113547
Finished training EB misspecified, with in-sample MSE: 0.011054455095152859
Finished training EB wellspecified, with SURE: -0.0050347338834598
Finished training EB wellspecified, with in-sample MSE: 0.01685940902498783
m: 78
Finished solving NPMLE, with SURE 0.1544327725882271
Finished solving NPMLE, with in-sample MSE 0.009251308942463154
Finished solving parametric estimator, with SURE 0.013169882312082049
Finished solving parametric estimator, with in-sample MSE 0.008098970699286456
Finished solving EBCF, with in-sample MSE 0.0022370006490310393
Finished training EB SURE-LS, with SURE: 0.008396978819031222
Finished training EB SURE-LS, with in-sample MSE: 0.0009713373133815987
use_scale: True
use_location: False
Finished training EB misspecified with NPMLE init, with SURE: 0.010605004365966461
Finished training EB misspecified with NPMLE init, with in-sample MSE: 0.01180533244024072
Finished training EB misspecified, with SURE: 0.010617850146876098
Finished training EB misspecified, with in-sample MSE: 0.011673711103971364
Finished training EB wellspecified, with SURE: -0.006665212717116778
Finished training EB wellspecified, with in-sample MSE: 0.01890415135367457
m: 79
Finished solving NPMLE, with SURE 0.03770759813609434
Finished solving NPMLE, with in-sample MSE 0.0064927315971967095
Finished solving parametric estimator, with SURE -0.006798790318458731
Finished solving parametric estimator, with in-sample MSE 0.0057451751334955115
Finished solving EBCF, with in-sample MSE 0.0010619963875513924
Finished training EB SURE-LS, with SURE: -0.00988585116593273
Finished training EB SURE-LS, with in-sample MSE: 0.0008419328303091291
use_scale: True
use_location: False
Finished training EB misspecified with NPMLE init, with SURE: -0.007153709561414523
Finished training EB misspecified with NPMLE init, with in-sample MSE: 0.0058125545985145575
Finished training EB misspecified, with SURE: -0.007106875081554946
Finished training EB misspecified, with in-sample MSE: 0.005744827535057534
Finished training EB wellspecified, with SURE: -0.012346253493509426
Finished training EB wellspecified, with in-sample MSE: 0.0034586523079891286
m: 80
Finished solving NPMLE, with SURE 0.001982354395164627
Finished solving NPMLE, with in-sample MSE 0.007222054732322374
Finished solving parametric estimator, with SURE 0.002068796775968648
Finished solving parametric estimator, with in-sample MSE 0.005377734765218578
Finished solving EBCF, with in-sample MSE 0.006735639866141308
Finished training EB SURE-LS, with SURE: -6.178744848634898e-05
Finished training EB SURE-LS, with in-sample MSE: 0.0012810801798704737
use_scale: True
use_location: False
Finished training EB misspecified with NPMLE init, with SURE: 0.0008291680104755805
Finished training EB misspecified with NPMLE init, with in-sample MSE: 0.0065841135044180455
Finished training EB misspecified, with SURE: 0.0015789291105873814
Finished training EB misspecified, with in-sample MSE: 0.005415478111591639
Finished training EB wellspecified, with SURE: -0.010605111539115893
Finished training EB wellspecified, with in-sample MSE: 0.013038605888362937
m: 81
Finished solving NPMLE, with SURE 0.10211509127397451
Finished solving NPMLE, with in-sample MSE 0.00701583536234995
Finished solving parametric estimator, with SURE 0.015641909248736666
Finished solving parametric estimator, with in-sample MSE 0.006244417886415927
Finished solving EBCF, with in-sample MSE 0.004907274737846673
Finished training EB SURE-LS, with SURE: 0.011457652060671442
Finished training EB SURE-LS, with in-sample MSE: 0.001884080511150311
use_scale: True
use_location: False
Finished training EB misspecified with NPMLE init, with SURE: 0.014906820019539585
Finished training EB misspecified with NPMLE init, with in-sample MSE: 0.006588943632542257
Finished training EB misspecified, with SURE: 0.014906615280728328
Finished training EB misspecified, with in-sample MSE: 0.006589131343190963
Finished training EB wellspecified, with SURE: 0.008613616773923707
Finished training EB wellspecified, with in-sample MSE: 0.003938060977313647
m: 82
Finished solving NPMLE, with SURE 0.061978862871151286
Finished solving NPMLE, with in-sample MSE 0.006462398143930591
Finished solving parametric estimator, with SURE 0.018677442412911027
Finished solving parametric estimator, with in-sample MSE 0.0061664686133310045
Finished solving EBCF, with in-sample MSE 0.003505444100518843
Finished training EB SURE-LS, with SURE: 0.010319591618342705
Finished training EB SURE-LS, with in-sample MSE: 0.0015092825292028636
use_scale: True
use_location: False
Finished training EB misspecified with NPMLE init, with SURE: 0.01826610348127815
Finished training EB misspecified with NPMLE init, with in-sample MSE: 0.006328401358822117
Finished training EB misspecified, with SURE: 0.01826516629298945
Finished training EB misspecified, with in-sample MSE: 0.006328303929965895
Finished training EB wellspecified, with SURE: 0.005978996580689602
Finished training EB wellspecified, with in-sample MSE: 0.00578807573002052
m: 83
Finished solving NPMLE, with SURE 0.060368694051173614
Finished solving NPMLE, with in-sample MSE 0.005102188653993057
Finished solving parametric estimator, with SURE -0.0026608085768007744
Finished solving parametric estimator, with in-sample MSE 0.004569957529418716
Finished solving EBCF, with in-sample MSE 0.0011237864990035114
Finished training EB SURE-LS, with SURE: -0.009644676408079934
Finished training EB SURE-LS, with in-sample MSE: 0.0005507545811924033
use_scale: True
use_location: False
Finished training EB misspecified with NPMLE init, with SURE: -0.003955622108388575
Finished training EB misspecified with NPMLE init, with in-sample MSE: 0.0056796047056899305
Finished training EB misspecified, with SURE: -0.0029698367970252804
Finished training EB misspecified, with in-sample MSE: 0.0045698492773327895
Finished training EB wellspecified, with SURE: -0.011914144056290836
Finished training EB wellspecified, with in-sample MSE: 0.0019696500575457953
m: 84
Finished solving NPMLE, with SURE 0.059365409660050744
Finished solving NPMLE, with in-sample MSE 0.00613561724650908
Finished solving parametric estimator, with SURE 0.003999801750209808
Finished solving parametric estimator, with in-sample MSE 0.005490834040960228
Finished solving EBCF, with in-sample MSE 0.0011833660756715373
Finished training EB SURE-LS, with SURE: -0.003923872626495266
Finished training EB SURE-LS, with in-sample MSE: 0.0008508479541743186
use_scale: True
use_location: False
Finished training EB misspecified with NPMLE init, with SURE: 0.0036855431555964558
Finished training EB misspecified with NPMLE init, with in-sample MSE: 0.005490967423492322
Finished training EB misspecified, with SURE: 0.003685855154363065
Finished training EB misspecified, with in-sample MSE: 0.005490123127014642
Finished training EB wellspecified, with SURE: -0.00429120901653851
Finished training EB wellspecified, with in-sample MSE: 0.0010167902780121101
m: 85
Finished solving NPMLE, with SURE -0.0029115230376424426
Finished solving NPMLE, with in-sample MSE 0.006963516713397007
Finished solving parametric estimator, with SURE -0.002607642610124611
Finished solving parametric estimator, with in-sample MSE 0.005609345742612067
Finished solving EBCF, with in-sample MSE 0.001976905684515184
Finished training EB SURE-LS, with SURE: -0.00595858653712085
Finished training EB SURE-LS, with in-sample MSE: 0.001494837307609363
use_scale: True
use_location: False
Finished training EB misspecified with NPMLE init, with SURE: -0.002914480486237299
Finished training EB misspecified with NPMLE init, with in-sample MSE: 0.005601056080007134
Finished training EB misspecified, with SURE: -0.0029132900570225397
Finished training EB misspecified, with in-sample MSE: 0.0056143146204834645
Finished training EB wellspecified, with SURE: -0.00979797755509045
Finished training EB wellspecified, with in-sample MSE: 0.007150968089305655
m: 86
Finished solving NPMLE, with SURE 0.08787808798314725
Finished solving NPMLE, with in-sample MSE 0.0063801363541257025
Finished solving parametric estimator, with SURE 0.0056352393307255305
Finished solving parametric estimator, with in-sample MSE 0.005612918242041525
Finished solving EBCF, with in-sample MSE 0.002772631194079631
Finished training EB SURE-LS, with SURE: 0.0024552451757196424
Finished training EB SURE-LS, with in-sample MSE: 0.0006668760515721601
use_scale: True
use_location: False
Finished training EB misspecified with NPMLE init, with SURE: 0.005279903746389465
Finished training EB misspecified with NPMLE init, with in-sample MSE: 0.005619517221418889
Finished training EB misspecified, with SURE: 0.005279824962626698
Finished training EB misspecified, with in-sample MSE: 0.005619593132704743
Finished training EB wellspecified, with SURE: -0.004998165811002645
Finished training EB wellspecified, with in-sample MSE: 0.008009802935416416
m: 87
Finished solving NPMLE, with SURE 0.05589494687594334
Finished solving NPMLE, with in-sample MSE 0.004702667211422507
Finished solving parametric estimator, with SURE 0.00873522417042985
Finished solving parametric estimator, with in-sample MSE 0.004246608965383968
Finished solving EBCF, with in-sample MSE 0.0023968493180129185
Finished training EB SURE-LS, with SURE: 0.004945797444863119
Finished training EB SURE-LS, with in-sample MSE: 0.00016273320035424714
use_scale: True
use_location: False
Finished training EB misspecified with NPMLE init, with SURE: 0.008423027905953777
Finished training EB misspecified with NPMLE init, with in-sample MSE: 0.004252731751429913
Finished training EB misspecified, with SURE: 0.008423577656939277
Finished training EB misspecified, with in-sample MSE: 0.004252800839627619
Finished training EB wellspecified, with SURE: -0.006686070022057217
Finished training EB wellspecified, with in-sample MSE: 0.013447448126794208
m: 88
Finished solving NPMLE, with SURE 0.026042506662520212
Finished solving NPMLE, with in-sample MSE 0.006663790521038556
Finished solving parametric estimator, with SURE 0.012010858911911726
Finished solving parametric estimator, with in-sample MSE 0.005711875813094945
Finished solving EBCF, with in-sample MSE 0.0049439774372930624
Finished training EB SURE-LS, with SURE: 0.008837072336382992
Finished training EB SURE-LS, with in-sample MSE: 0.0013897689260069723
use_scale: True
use_location: False
Finished training EB misspecified with NPMLE init, with SURE: 0.010731702086858218
Finished training EB misspecified with NPMLE init, with in-sample MSE: 0.006916026171345122
Finished training EB misspecified, with SURE: 0.010737647861367048
Finished training EB misspecified, with in-sample MSE: 0.006902569261823775
Finished training EB wellspecified, with SURE: -0.004515182004942311
Finished training EB wellspecified, with in-sample MSE: 0.02140585438042821
m: 89
Finished solving NPMLE, with SURE 0.023553818953614608
Finished solving NPMLE, with in-sample MSE 0.005563090380054569
Finished solving parametric estimator, with SURE -0.002842633334615402
Finished solving parametric estimator, with in-sample MSE 0.004537178259341855
Finished solving EBCF, with in-sample MSE 0.0018978374351793811
Finished training EB SURE-LS, with SURE: -0.0059483357334389
Finished training EB SURE-LS, with in-sample MSE: 0.0005587682437285205
use_scale: True
use_location: False
Finished training EB misspecified with NPMLE init, with SURE: -0.003148855681343008
Finished training EB misspecified with NPMLE init, with in-sample MSE: 0.004537086523534903
Finished training EB misspecified, with SURE: -0.003148629747535168
Finished training EB misspecified, with in-sample MSE: 0.0045370472519378445
Finished training EB wellspecified, with SURE: -0.008881919796677597
Finished training EB wellspecified, with in-sample MSE: 0.00327399465075229
m: 90
Finished solving NPMLE, with SURE 0.04743950534693665
Finished solving NPMLE, with in-sample MSE 0.00586452629509583
Finished solving parametric estimator, with SURE 0.008681828876215145
Finished solving parametric estimator, with in-sample MSE 0.005683271504345689
Finished solving EBCF, with in-sample MSE 0.0025407850625225924
Finished training EB SURE-LS, with SURE: 0.0051234705130764726
Finished training EB SURE-LS, with in-sample MSE: 0.000551039336689833
use_scale: True
use_location: False
Finished training EB misspecified with NPMLE init, with SURE: 0.007481563034329515
Finished training EB misspecified with NPMLE init, with in-sample MSE: 0.007054754871466291
Finished training EB misspecified, with SURE: 0.007482144455765418
Finished training EB misspecified, with in-sample MSE: 0.007053972450266458
Finished training EB wellspecified, with SURE: -0.0031135828971810033
Finished training EB wellspecified, with in-sample MSE: 0.01141084339258978
m: 91
Finished solving NPMLE, with SURE 0.04676101492756835
Finished solving NPMLE, with in-sample MSE 0.00562108001590656
Finished solving parametric estimator, with SURE 0.00029907490695571526
Finished solving parametric estimator, with in-sample MSE 0.005364062493388087
Finished solving EBCF, with in-sample MSE 0.009754040200023923
Finished training EB SURE-LS, with SURE: -0.005535986351746769
Finished training EB SURE-LS, with in-sample MSE: 0.0002695471393335571
use_scale: True
use_location: False
Finished training EB misspecified with NPMLE init, with SURE: -1.785621391576342e-05
Finished training EB misspecified with NPMLE init, with in-sample MSE: 0.005364169822969036
Finished training EB misspecified, with SURE: -1.772362385025872e-05
Finished training EB misspecified, with in-sample MSE: 0.005364139630612884
Finished training EB wellspecified, with SURE: -0.01433384190964457
Finished training EB wellspecified, with in-sample MSE: 0.008017834575126892
m: 92
Finished solving NPMLE, with SURE 0.08743552726288177
Finished solving NPMLE, with in-sample MSE 0.00941546310292135
Finished solving parametric estimator, with SURE 0.01612151285111149
Finished solving parametric estimator, with in-sample MSE 0.006174272998279419
Finished solving EBCF, with in-sample MSE 0.0035714161387051615
Finished training EB SURE-LS, with SURE: 0.009793575197731408
Finished training EB SURE-LS, with in-sample MSE: 0.00029462412574341894
use_scale: True
use_location: False
Finished training EB misspecified with NPMLE init, with SURE: 0.012815194831708912
Finished training EB misspecified with NPMLE init, with in-sample MSE: 0.01079915397045002
Finished training EB misspecified, with SURE: 0.012816509435150607
Finished training EB misspecified, with in-sample MSE: 0.010791233015648372
Finished training EB wellspecified, with SURE: -0.007739864315257821
Finished training EB wellspecified, with in-sample MSE: 0.01911444314050461
m: 93
Finished solving NPMLE, with SURE 0.028718999620320904
Finished solving NPMLE, with in-sample MSE 0.004215974810840241
Finished solving parametric estimator, with SURE 0.010120844741942928
Finished solving parametric estimator, with in-sample MSE 0.004213910651799673
Finished solving EBCF, with in-sample MSE 0.001473318038027887
Finished training EB SURE-LS, with SURE: 0.00324228437661836
Finished training EB SURE-LS, with in-sample MSE: 0.0008447585561577785
use_scale: True
use_location: False
Finished training EB misspecified with NPMLE init, with SURE: 0.009400746175526695
Finished training EB misspecified with NPMLE init, with in-sample MSE: 0.004858601072482951
Finished training EB misspecified, with SURE: 0.009430962984946981
Finished training EB misspecified, with in-sample MSE: 0.0048385736718874256
Finished training EB wellspecified, with SURE: -0.00228620023633167
Finished training EB wellspecified, with in-sample MSE: 0.007606281833100778
m: 94
Finished solving NPMLE, with SURE 0.05849443241711857
Finished solving NPMLE, with in-sample MSE 0.006279338170011314
Finished solving parametric estimator, with SURE 0.013430636145866287
Finished solving parametric estimator, with in-sample MSE 0.006353006698598769
Finished solving EBCF, with in-sample MSE 0.002031206673552732
Finished training EB SURE-LS, with SURE: 0.007540251900176502
Finished training EB SURE-LS, with in-sample MSE: 0.0012455946062461276
use_scale: True
use_location: False
Finished training EB misspecified with NPMLE init, with SURE: 0.012327770678494332
Finished training EB misspecified with NPMLE init, with in-sample MSE: 0.007417540670115971
Finished training EB misspecified, with SURE: 0.012329341002326135
Finished training EB misspecified, with in-sample MSE: 0.007432108012859711
Finished training EB wellspecified, with SURE: 0.0034675244826619825
Finished training EB wellspecified, with in-sample MSE: 0.004625951906616849
m: 95
Finished solving NPMLE, with SURE 0.08813300926011465
Finished solving NPMLE, with in-sample MSE 0.007197288604805781
Finished solving parametric estimator, with SURE 0.01842436019449785
Finished solving parametric estimator, with in-sample MSE 0.005115755640877734
Finished solving EBCF, with in-sample MSE 0.005142830998365787
Finished training EB SURE-LS, with SURE: 0.008931516336173832
Finished training EB SURE-LS, with in-sample MSE: 0.0014257246532803527
use_scale: True
use_location: False
Finished training EB misspecified with NPMLE init, with SURE: 0.013400999482156237
Finished training EB misspecified with NPMLE init, with in-sample MSE: 0.011716391507986392
Finished training EB misspecified, with SURE: 0.013401684136652658
Finished training EB misspecified, with in-sample MSE: 0.01171601270084447
Finished training EB wellspecified, with SURE: -0.004318670305467524
Finished training EB wellspecified, with in-sample MSE: 0.01686743532528398
m: 96
Finished solving NPMLE, with SURE 0.07843556645671863
Finished solving NPMLE, with in-sample MSE 0.0051674643224241465
Finished solving parametric estimator, with SURE 0.009514781451553475
Finished solving parametric estimator, with in-sample MSE 0.004764450168170698
Finished solving EBCF, with in-sample MSE 0.0010321249616779197
Finished training EB SURE-LS, with SURE: 0.0010523844290025758
Finished training EB SURE-LS, with in-sample MSE: 0.0008070700148632095
use_scale: True
use_location: False
Finished training EB misspecified with NPMLE init, with SURE: 0.00903607364295315
Finished training EB misspecified with NPMLE init, with in-sample MSE: 0.004952583587102289
Finished training EB misspecified, with SURE: 0.009041641009953664
Finished training EB misspecified, with in-sample MSE: 0.004954500466195877
Finished training EB wellspecified, with SURE: -0.006688548292390868
Finished training EB wellspecified, with in-sample MSE: 0.010126035330125993
m: 97
Finished solving NPMLE, with SURE 0.18011568930873154
Finished solving NPMLE, with in-sample MSE 0.005766828547511406
Finished solving parametric estimator, with SURE 0.008937765492222735
Finished solving parametric estimator, with in-sample MSE 0.004485585127915645
Finished solving EBCF, with in-sample MSE 0.0015653754504414822
Finished training EB SURE-LS, with SURE: 0.004735470357545077
Finished training EB SURE-LS, with in-sample MSE: 0.0014280810868186897
use_scale: True
use_location: False
Finished training EB misspecified with NPMLE init, with SURE: 0.008184901824804598
Finished training EB misspecified with NPMLE init, with in-sample MSE: 0.004870881311082342
Finished training EB misspecified, with SURE: 0.008184613907188965
Finished training EB misspecified, with in-sample MSE: 0.004870177347563126
Finished training EB wellspecified, with SURE: 0.0022758730538590135
Finished training EB wellspecified, with in-sample MSE: 0.001982141762939911
m: 98
Finished solving NPMLE, with SURE 0.02459860698664043
Finished solving NPMLE, with in-sample MSE 0.006192178339966401
Finished solving parametric estimator, with SURE -0.00715553645760722
Finished solving parametric estimator, with in-sample MSE 0.0051215521316034275
Finished solving EBCF, with in-sample MSE 0.001534402392955009
Finished training EB SURE-LS, with SURE: -0.011661151461657528
Finished training EB SURE-LS, with in-sample MSE: 0.00036937710162263186
use_scale: True
use_location: False
Finished training EB misspecified with NPMLE init, with SURE: -0.007470525468551568
Finished training EB misspecified with NPMLE init, with in-sample MSE: 0.0051216215745871485
Finished training EB misspecified, with SURE: -0.007470283721598498
Finished training EB misspecified, with in-sample MSE: 0.00512147110407844
Finished training EB wellspecified, with SURE: -0.014448388383452766
Finished training EB wellspecified, with in-sample MSE: 0.002832683816130094
m: 99
Finished solving NPMLE, with SURE 0.07003603624939224
Finished solving NPMLE, with in-sample MSE 0.004635118821855855
Finished solving parametric estimator, with SURE 0.004803555201058837
Finished solving parametric estimator, with in-sample MSE 0.004060186557530298
Finished solving EBCF, with in-sample MSE 0.002488473621179277
Finished training EB SURE-LS, with SURE: 0.0029262624817420137
Finished training EB SURE-LS, with in-sample MSE: 0.000844555476605381
use_scale: True
use_location: False
Finished training EB misspecified with NPMLE init, with SURE: 0.004204548183683965
Finished training EB misspecified with NPMLE init, with in-sample MSE: 0.004392592083499889
Finished training EB misspecified, with SURE: 0.004219134739047022
Finished training EB misspecified, with in-sample MSE: 0.004375995248768503
Finished training EB wellspecified, with SURE: 0.001206558584582229
Finished training EB wellspecified, with in-sample MSE: 0.0031490089563601183

n: 1600
m: 50
Finished solving NPMLE, with SURE 0.08271767843656871
Finished solving NPMLE, with in-sample MSE 0.006776977073245849
Finished solving parametric estimator, with SURE 0.0069742534434257125
Finished solving parametric estimator, with in-sample MSE 0.0056735593580428505
Finished solving EBCF, with in-sample MSE 0.001752198275065061
Finished training EB SURE-LS, with SURE: -0.0021404725671776803
Finished training EB SURE-LS, with in-sample MSE: 0.0008041284327520393
use_scale: True
use_location: False
Finished training EB misspecified with NPMLE init, with SURE: 0.006796643341308446
Finished training EB misspecified with NPMLE init, with in-sample MSE: 0.005677747818933634
Finished training EB misspecified, with SURE: 0.006802593850522314
Finished training EB misspecified, with in-sample MSE: 0.005673146305876313
Finished training EB wellspecified, with SURE: -0.004637983646613044
Finished training EB wellspecified, with in-sample MSE: 0.0018118290540374321
m: 51
Finished solving NPMLE, with SURE 0.027101601113742733
Finished solving NPMLE, with in-sample MSE 0.005267185704546909
Finished solving parametric estimator, with SURE -0.0004095332379660671
Finished solving parametric estimator, with in-sample MSE 0.004760808673384081
Finished solving EBCF, with in-sample MSE 0.0007513410269790521
Finished training EB SURE-LS, with SURE: -0.004475602783694216
Finished training EB SURE-LS, with in-sample MSE: 0.00024421648684277145
use_scale: True
use_location: False
Finished training EB misspecified with NPMLE init, with SURE: -0.0007489794535777073
Finished training EB misspecified with NPMLE init, with in-sample MSE: 0.0052346333425317415
Finished training EB misspecified, with SURE: -0.0007456730027354119
Finished training EB misspecified, with in-sample MSE: 0.00521616505757852
Finished training EB wellspecified, with SURE: -0.006589607202965002
Finished training EB wellspecified, with in-sample MSE: 0.003187247924724319
m: 52
Finished solving NPMLE, with SURE 0.11086316680079315
Finished solving NPMLE, with in-sample MSE 0.00562809451437672
Finished solving parametric estimator, with SURE 0.004762229347466618
Finished solving parametric estimator, with in-sample MSE 0.005169718999161568
Finished solving EBCF, with in-sample MSE 0.0007376489195925059
Finished training EB SURE-LS, with SURE: -0.001666854303200143
Finished training EB SURE-LS, with in-sample MSE: 0.00033791051445275776
use_scale: True
use_location: False
Finished training EB misspecified with NPMLE init, with SURE: 0.0046045753026953485
Finished training EB misspecified with NPMLE init, with in-sample MSE: 0.005183733492889058
Finished training EB misspecified, with SURE: 0.004604825355444593
Finished training EB misspecified, with in-sample MSE: 0.005183603068273565
Finished training EB wellspecified, with SURE: -0.005532060348947106
Finished training EB wellspecified, with in-sample MSE: 0.0026325310198804346
m: 53
Finished solving NPMLE, with SURE 0.03452952124911196
Finished solving NPMLE, with in-sample MSE 0.006425379194108499
Finished solving parametric estimator, with SURE 0.00342696609518707
Finished solving parametric estimator, with in-sample MSE 0.005684271868565347
Finished solving EBCF, with in-sample MSE 0.0008812462504547575
Finished training EB SURE-LS, with SURE: 0.0033858401119938753
Finished training EB SURE-LS, with in-sample MSE: 0.005684935268200998
use_scale: True
use_location: False
Finished training EB misspecified with NPMLE init, with SURE: 0.003259911206711621
Finished training EB misspecified with NPMLE init, with in-sample MSE: 0.005674998578470679
Finished training EB misspecified, with SURE: 0.0032607018800671563
Finished training EB misspecified, with in-sample MSE: 0.005675548774611309
Finished training EB wellspecified, with SURE: -0.0031632740029693047
Finished training EB wellspecified, with in-sample MSE: 0.0022545209021847196
m: 54
Finished solving NPMLE, with SURE 0.11103395853985813
Finished solving NPMLE, with in-sample MSE 0.006271649031146017
Finished solving parametric estimator, with SURE 0.006797556519294173
Finished solving parametric estimator, with in-sample MSE 0.005596903909075159
Finished solving EBCF, with in-sample MSE 0.0006350613223731131
Finished training EB SURE-LS, with SURE: 0.002615011170938436
Finished training EB SURE-LS, with in-sample MSE: 0.00040589495175303095
use_scale: True
use_location: False
Finished training EB misspecified with NPMLE init, with SURE: 0.006610025483441895
Finished training EB misspecified with NPMLE init, with in-sample MSE: 0.005601356564632558
Finished training EB misspecified, with SURE: 0.006610316054132355
Finished training EB misspecified, with in-sample MSE: 0.005601399143010761
Finished training EB wellspecified, with SURE: 0.0012868873477113372
Finished training EB wellspecified, with in-sample MSE: 0.001277411373412413
m: 55
Finished solving NPMLE, with SURE 0.07104703437652463
Finished solving NPMLE, with in-sample MSE 0.005522132581347369
Finished solving parametric estimator, with SURE 0.0051111913102969975
Finished solving parametric estimator, with in-sample MSE 0.0046099880047816314
Finished solving EBCF, with in-sample MSE 0.0011063009610668916
Finished training EB SURE-LS, with SURE: 0.005083573632885356
Finished training EB SURE-LS, with in-sample MSE: 0.004646183018211739
use_scale: True
use_location: False
Finished training EB misspecified with NPMLE init, with SURE: 0.004955807600459306
Finished training EB misspecified with NPMLE init, with in-sample MSE: 0.004590613550637583
Finished training EB misspecified, with SURE: 0.004954313880326051
Finished training EB misspecified, with in-sample MSE: 0.0045847769780779195
Finished training EB wellspecified, with SURE: 0.002693225710993759
Finished training EB wellspecified, with in-sample MSE: 0.0007820247772307642
m: 56
Finished solving NPMLE, with SURE 0.04964289619334439
Finished solving NPMLE, with in-sample MSE 0.005571733624633679
Finished solving parametric estimator, with SURE 0.010094150737171126
Finished solving parametric estimator, with in-sample MSE 0.005390281713848987
Finished solving EBCF, with in-sample MSE 0.0014593794479117374
Finished training EB SURE-LS, with SURE: 0.0027396669743626513
Finished training EB SURE-LS, with in-sample MSE: 0.0006908142523193498
use_scale: True
use_location: False
Finished training EB misspecified with NPMLE init, with SURE: 0.009852940986592814
Finished training EB misspecified with NPMLE init, with in-sample MSE: 0.005472347723100981
Finished training EB misspecified, with SURE: 0.009853156878427392
Finished training EB misspecified, with in-sample MSE: 0.005472169566015167
Finished training EB wellspecified, with SURE: 0.00016882748125185282
Finished training EB wellspecified, with in-sample MSE: 0.002835683665245792
m: 57
Finished solving NPMLE, with SURE 0.0269195970181862
Finished solving NPMLE, with in-sample MSE 0.005809919056692885
Finished solving parametric estimator, with SURE 0.00828593652054585
Finished solving parametric estimator, with in-sample MSE 0.005043815204100317
Finished solving EBCF, with in-sample MSE 0.0012834459674005271
Finished training EB SURE-LS, with SURE: 0.0035873468362219224
Finished training EB SURE-LS, with in-sample MSE: 0.00032252080365877887
use_scale: True
use_location: False
Finished training EB misspecified with NPMLE init, with SURE: 0.007720266973214809
Finished training EB misspecified with NPMLE init, with in-sample MSE: 0.005560774778180914
Finished training EB misspecified, with SURE: 0.007738530486065969
Finished training EB misspecified, with in-sample MSE: 0.005546030678692416
Finished training EB wellspecified, with SURE: -0.002902385759817795
Finished training EB wellspecified, with in-sample MSE: 0.007949014887596601
m: 58
Finished solving NPMLE, with SURE 0.05061822641656926
Finished solving NPMLE, with in-sample MSE 0.005877824847057408
Finished solving parametric estimator, with SURE 0.015425606212239401
Finished solving parametric estimator, with in-sample MSE 0.0056244775452178545
Finished solving EBCF, with in-sample MSE 0.0016048909479026215
Finished training EB SURE-LS, with SURE: 0.01072173160356873
Finished training EB SURE-LS, with in-sample MSE: 0.001325040976288122
use_scale: True
use_location: False
Finished training EB misspecified with NPMLE init, with SURE: 0.01508336486610144
Finished training EB misspecified with NPMLE init, with in-sample MSE: 0.005831055887715752
Finished training EB misspecified, with SURE: 0.015095584483057518
Finished training EB misspecified, with in-sample MSE: 0.005783052682742928
Finished training EB wellspecified, with SURE: 0.001674174042594704
Finished training EB wellspecified, with in-sample MSE: 0.013828981153988694
m: 59
Finished solving NPMLE, with SURE 0.09620159886884765
Finished solving NPMLE, with in-sample MSE 0.007263254539775252
Finished solving parametric estimator, with SURE 0.0002719841830486902
Finished solving parametric estimator, with in-sample MSE 0.006020181296820434
Finished solving EBCF, with in-sample MSE 0.0010780677511235137
Finished training EB SURE-LS, with SURE: -0.003644495258497562
Finished training EB SURE-LS, with in-sample MSE: 0.0008632784311483131
use_scale: True
use_location: False
Finished training EB misspecified with NPMLE init, with SURE: 0.00011452078678061639
Finished training EB misspecified with NPMLE init, with in-sample MSE: 0.006020097241194261
Finished training EB misspecified, with SURE: 0.00011465361531705298
Finished training EB misspecified, with in-sample MSE: 0.0060199909658556865
Finished training EB wellspecified, with SURE: -0.005376075390959198
Finished training EB wellspecified, with in-sample MSE: 0.0014938448038076518
m: 60
Finished solving NPMLE, with SURE 0.020956360894996653
Finished solving NPMLE, with in-sample MSE 0.004310348804375406
Finished solving parametric estimator, with SURE -0.0014297736081672202
Finished solving parametric estimator, with in-sample MSE 0.004344258730820157
Finished solving EBCF, with in-sample MSE 0.0008777849312243651
Finished training EB SURE-LS, with SURE: -0.0072086901802181184
Finished training EB SURE-LS, with in-sample MSE: 0.0006021200945077322
use_scale: True
use_location: False
Finished training EB misspecified with NPMLE init, with SURE: -0.001597900322574013
Finished training EB misspecified with NPMLE init, with in-sample MSE: 0.004361911804545296
Finished training EB misspecified, with SURE: -0.0015882113771605155
Finished training EB misspecified, with in-sample MSE: 0.004370768651030549
Finished training EB wellspecified, with SURE: -0.0077485609775415085
Finished training EB wellspecified, with in-sample MSE: 0.0010457170784009353
m: 61
Finished solving NPMLE, with SURE 0.004064698946896712
Finished solving NPMLE, with in-sample MSE 0.005589337625982026
Finished solving parametric estimator, with SURE -0.004915783610589669
Finished solving parametric estimator, with in-sample MSE 0.004886126586099008
Finished solving EBCF, with in-sample MSE 0.0004768500862658502
Finished training EB SURE-LS, with SURE: -0.009068141765879577
Finished training EB SURE-LS, with in-sample MSE: 0.00023656875872382678
use_scale: True
use_location: False
Finished training EB misspecified with NPMLE init, with SURE: -0.005743729507252109
Finished training EB misspecified with NPMLE init, with in-sample MSE: 0.006250718711652706
Finished training EB misspecified, with SURE: -0.005073112933665325
Finished training EB misspecified, with in-sample MSE: 0.004886153632921283
Finished training EB wellspecified, with SURE: -0.009976974885472866
Finished training EB wellspecified, with in-sample MSE: 0.0007208163577457799
m: 62
Finished solving NPMLE, with SURE 0.0809513612385423
Finished solving NPMLE, with in-sample MSE 0.005392435872290427
Finished solving parametric estimator, with SURE 0.006976987195142781
Finished solving parametric estimator, with in-sample MSE 0.005664197280257219
Finished solving EBCF, with in-sample MSE 0.0019481102737620097
Finished training EB SURE-LS, with SURE: 0.002828168269642243
Finished training EB SURE-LS, with in-sample MSE: 0.0007639708542149154
use_scale: True
use_location: False
Finished training EB misspecified with NPMLE init, with SURE: 0.0067819760029760095
Finished training EB misspecified with NPMLE init, with in-sample MSE: 0.00584006877017446
Finished training EB misspecified, with SURE: 0.0067822716159355425
Finished training EB misspecified, with in-sample MSE: 0.005839926763905827
Finished training EB wellspecified, with SURE: 0.0013168380897011142
Finished training EB wellspecified, with in-sample MSE: 0.002538208185886069
m: 63
Finished solving NPMLE, with SURE 0.02898108385370339
Finished solving NPMLE, with in-sample MSE 0.006158254572592205
Finished solving parametric estimator, with SURE -0.0012386388227350748
Finished solving parametric estimator, with in-sample MSE 0.0052186400187660634
Finished solving EBCF, with in-sample MSE 0.0017956863817330231
Finished training EB SURE-LS, with SURE: -0.0047315505981855
Finished training EB SURE-LS, with in-sample MSE: 0.0014942101259263264
use_scale: True
use_location: False
Finished training EB misspecified with NPMLE init, with SURE: -0.0015768968779764948
Finished training EB misspecified with NPMLE init, with in-sample MSE: 0.005320263663603787
Finished training EB misspecified, with SURE: -0.001568867534861038
Finished training EB misspecified, with in-sample MSE: 0.00531188870771918
Finished training EB wellspecified, with SURE: -0.006468781312720653
Finished training EB wellspecified, with in-sample MSE: 0.0037014461313717635
m: 64
Finished solving NPMLE, with SURE 0.07231190017874857
Finished solving NPMLE, with in-sample MSE 0.004887647392032356
Finished solving parametric estimator, with SURE -9.545157626959788e-05
Finished solving parametric estimator, with in-sample MSE 0.004539831546753611
Finished solving EBCF, with in-sample MSE 0.0004899325344086842
Finished training EB SURE-LS, with SURE: -9.726765423399563e-05
Finished training EB SURE-LS, with in-sample MSE: 0.004510830219304866
use_scale: True
use_location: False
Finished training EB misspecified with NPMLE init, with SURE: -0.00029263199893968304
Finished training EB misspecified with NPMLE init, with in-sample MSE: 0.004546502992971462
Finished training EB misspecified, with SURE: -0.00025601748850009545
Finished training EB misspecified, with in-sample MSE: 0.004543557889492298
Finished training EB wellspecified, with SURE: -0.007169313380816943
Finished training EB wellspecified, with in-sample MSE: 0.001524177482467748
m: 65
Finished solving NPMLE, with SURE 0.07737982972103669
Finished solving NPMLE, with in-sample MSE 0.006937266896891044
Finished solving parametric estimator, with SURE 0.008113625903775401
Finished solving parametric estimator, with in-sample MSE 0.005866171324831131
Finished solving EBCF, with in-sample MSE 0.0017071817362210918
Finished training EB SURE-LS, with SURE: 0.0038670962308456685
Finished training EB SURE-LS, with in-sample MSE: 0.00047963274124129644
use_scale: True
use_location: False
Finished training EB misspecified with NPMLE init, with SURE: 0.007740847005322884
Finished training EB misspecified with NPMLE init, with in-sample MSE: 0.005939171738867428
Finished training EB misspecified, with SURE: 0.007741494549796695
Finished training EB misspecified, with in-sample MSE: 0.005938083961043834
Finished training EB wellspecified, with SURE: -0.0009082942613232298
Finished training EB wellspecified, with in-sample MSE: 0.004985100277553237
m: 66
Finished solving NPMLE, with SURE 0.019647870284295585
Finished solving NPMLE, with in-sample MSE 0.005922623763774746
Finished solving parametric estimator, with SURE -0.0078444211272172
Finished solving parametric estimator, with in-sample MSE 0.005041905995249712
Finished solving EBCF, with in-sample MSE 0.0015405226520988162
Finished training EB SURE-LS, with SURE: -0.011807489580908938
Finished training EB SURE-LS, with in-sample MSE: 0.00036092266570222903
use_scale: True
use_location: False
Finished training EB misspecified with NPMLE init, with SURE: -0.008001114512979798
Finished training EB misspecified with NPMLE init, with in-sample MSE: 0.0050420269703319864
Finished training EB misspecified, with SURE: -0.008000836948819697
Finished training EB misspecified, with in-sample MSE: 0.005041897239695722
Finished training EB wellspecified, with SURE: -0.01310860730118438
Finished training EB wellspecified, with in-sample MSE: 0.0011970999430511366
m: 67
Finished solving NPMLE, with SURE 0.06485246043484161
Finished solving NPMLE, with in-sample MSE 0.005327110039561942
Finished solving parametric estimator, with SURE 0.011246319410869066
Finished solving parametric estimator, with in-sample MSE 0.005056868933416681
Finished solving EBCF, with in-sample MSE 0.002475346316841207
Finished training EB SURE-LS, with SURE: 0.007944156449642375
Finished training EB SURE-LS, with in-sample MSE: 0.0005671315173680245
use_scale: True
use_location: False
Finished training EB misspecified with NPMLE init, with SURE: 0.010825212031934263
Finished training EB misspecified with NPMLE init, with in-sample MSE: 0.005330730136001693
Finished training EB misspecified, with SURE: 0.010825481704820384
Finished training EB misspecified, with in-sample MSE: 0.005330702342368712
Finished training EB wellspecified, with SURE: 0.005650630578741818
Finished training EB wellspecified, with in-sample MSE: 0.003643548977077621
m: 68
Finished solving NPMLE, with SURE 0.019432169322065995
Finished solving NPMLE, with in-sample MSE 0.004357396722637853
Finished solving parametric estimator, with SURE 0.004910911607459309
Finished solving parametric estimator, with in-sample MSE 0.004295770368508195
Finished solving EBCF, with in-sample MSE 0.0009224086471726616
Finished training EB SURE-LS, with SURE: 0.0004094186810343503
Finished training EB SURE-LS, with in-sample MSE: 0.00032408870186261153
use_scale: True
use_location: False
Finished training EB misspecified with NPMLE init, with SURE: 0.004742555911462638
Finished training EB misspecified with NPMLE init, with in-sample MSE: 0.004358198487829736
Finished training EB misspecified, with SURE: 0.004750730439387141
Finished training EB misspecified, with in-sample MSE: 0.004351734638911598
Finished training EB wellspecified, with SURE: -0.0018989555400779374
Finished training EB wellspecified, with in-sample MSE: 0.002714659537331216
m: 69
Finished solving NPMLE, with SURE 0.06426716102490988
Finished solving NPMLE, with in-sample MSE 0.006228577996855826
Finished solving parametric estimator, with SURE 0.00934051399506726
Finished solving parametric estimator, with in-sample MSE 0.005263594104775192
Finished solving EBCF, with in-sample MSE 0.0009457656461589832
Finished training EB SURE-LS, with SURE: 0.005509477008298084
Finished training EB SURE-LS, with in-sample MSE: 0.00044358561576275863
use_scale: True
use_location: False
Finished training EB misspecified with NPMLE init, with SURE: 0.008922548884315375
Finished training EB misspecified with NPMLE init, with in-sample MSE: 0.005618483632299107
Finished training EB misspecified, with SURE: 0.009061181893352331
Finished training EB misspecified, with in-sample MSE: 0.005300484143447585
Finished training EB wellspecified, with SURE: 0.0032102514097457602
Finished training EB wellspecified, with in-sample MSE: 0.002524766317108766
m: 70
Finished solving NPMLE, with SURE 0.013689769564885096
Finished solving NPMLE, with in-sample MSE 0.005513544675055753
Finished solving parametric estimator, with SURE 0.0021039216835646857
Finished solving parametric estimator, with in-sample MSE 0.005031793229325493
Finished solving EBCF, with in-sample MSE 0.00038837667882469525
Finished training EB SURE-LS, with SURE: -0.0020288363770963776
Finished training EB SURE-LS, with in-sample MSE: 0.0002956365658637867
use_scale: True
use_location: False
Finished training EB misspecified with NPMLE init, with SURE: 0.0012429383678697194
Finished training EB misspecified with NPMLE init, with in-sample MSE: 0.006027672019702941
Finished training EB misspecified, with SURE: 0.0012506191397629429
Finished training EB misspecified, with in-sample MSE: 0.006018423004537987
Finished training EB wellspecified, with SURE: -0.004916924354962765
Finished training EB wellspecified, with in-sample MSE: 0.003824826786501821
m: 71
Finished solving NPMLE, with SURE 0.07401564862971162
Finished solving NPMLE, with in-sample MSE 0.006941509974057269
Finished solving parametric estimator, with SURE 0.006387809561731586
Finished solving parametric estimator, with in-sample MSE 0.006034647667072386
Finished solving EBCF, with in-sample MSE 0.009015531579170472
Finished training EB SURE-LS, with SURE: -0.00035312427023893476
Finished training EB SURE-LS, with in-sample MSE: 0.00019557515156622083
use_scale: True
use_location: False
Finished training EB misspecified with NPMLE init, with SURE: 0.006226348322637741
Finished training EB misspecified with NPMLE init, with in-sample MSE: 0.006029455356770002
Finished training EB misspecified, with SURE: 0.006226753223348301
Finished training EB misspecified, with in-sample MSE: 0.006029595735487019
Finished training EB wellspecified, with SURE: -0.008296517347450526
Finished training EB wellspecified, with in-sample MSE: 0.008809951393839954
m: 72
Finished solving NPMLE, with SURE 0.052619795702485865
Finished solving NPMLE, with in-sample MSE 0.006562992467993383
Finished solving parametric estimator, with SURE 0.008230966065195078
Finished solving parametric estimator, with in-sample MSE 0.004913091064912321
Finished solving EBCF, with in-sample MSE 0.0011198875826936832
Finished training EB SURE-LS, with SURE: 0.0035124621044225323
Finished training EB SURE-LS, with in-sample MSE: 0.0004164995269408665
use_scale: True
use_location: False
Finished training EB misspecified with NPMLE init, with SURE: 0.006646785239250246
Finished training EB misspecified with NPMLE init, with in-sample MSE: 0.006682405420008788
Finished training EB misspecified, with SURE: 0.006651127918410893
Finished training EB misspecified, with in-sample MSE: 0.006672304493964106
Finished training EB wellspecified, with SURE: 0.001983701144163422
Finished training EB wellspecified, with in-sample MSE: 0.0027608400653106324
m: 73
Finished solving NPMLE, with SURE 0.04833451814876668
Finished solving NPMLE, with in-sample MSE 0.005388947962015299
Finished solving parametric estimator, with SURE 0.005184534597239623
Finished solving parametric estimator, with in-sample MSE 0.004727941201926817
Finished solving EBCF, with in-sample MSE 0.0008261969097007342
Finished training EB SURE-LS, with SURE: -0.0003988041370927881
Finished training EB SURE-LS, with in-sample MSE: 0.00026398012812493365
use_scale: True
use_location: False
Finished training EB misspecified with NPMLE init, with SURE: 0.0049920936956852555
Finished training EB misspecified with NPMLE init, with in-sample MSE: 0.004748568810827835
Finished training EB misspecified, with SURE: 0.004992440342544935
Finished training EB misspecified, with in-sample MSE: 0.004748536864614866
Finished training EB wellspecified, with SURE: -0.0018608919583114375
Finished training EB wellspecified, with in-sample MSE: 0.0014345667156361167
m: 74
Finished solving NPMLE, with SURE 0.07576688203248853
Finished solving NPMLE, with in-sample MSE 0.004511270401052247
Finished solving parametric estimator, with SURE -0.0011998661931165028
Finished solving parametric estimator, with in-sample MSE 0.004270952120638902
Finished solving EBCF, with in-sample MSE 0.0010980879981326128
Finished training EB SURE-LS, with SURE: -0.002753542121019148
Finished training EB SURE-LS, with in-sample MSE: 0.0008595262266780154
use_scale: True
use_location: False
Finished training EB misspecified with NPMLE init, with SURE: -0.0013539193485949852
Finished training EB misspecified with NPMLE init, with in-sample MSE: 0.004270931368221976
Finished training EB misspecified, with SURE: -0.0013538631043544314
Finished training EB misspecified, with in-sample MSE: 0.004270896003136515
Finished training EB wellspecified, with SURE: -0.004365515426670817
Finished training EB wellspecified, with in-sample MSE: 0.002158429634767484
m: 75
Finished solving NPMLE, with SURE 0.06757585370819288
Finished solving NPMLE, with in-sample MSE 0.005216419214530996
Finished solving parametric estimator, with SURE 0.0022779781220263196
Finished solving parametric estimator, with in-sample MSE 0.004456012966130678
Finished solving EBCF, with in-sample MSE 0.00047298326561306703
Finished training EB SURE-LS, with SURE: -0.0018636708333012628
Finished training EB SURE-LS, with in-sample MSE: 0.00016781577339572843
use_scale: True
use_location: False
Finished training EB misspecified with NPMLE init, with SURE: 0.0020463581057135016
Finished training EB misspecified with NPMLE init, with in-sample MSE: 0.004455436457704582
Finished training EB misspecified, with SURE: 0.002046533636810288
Finished training EB misspecified, with in-sample MSE: 0.004455206360885623
Finished training EB wellspecified, with SURE: -0.0033100954781674773
Finished training EB wellspecified, with in-sample MSE: 0.0017491943675542753
m: 76
Finished solving NPMLE, with SURE 0.04303720287456095
Finished solving NPMLE, with in-sample MSE 0.005953624713234651
Finished solving parametric estimator, with SURE 0.005454358040510809
Finished solving parametric estimator, with in-sample MSE 0.005348693214516279
Finished solving EBCF, with in-sample MSE 0.0009684608931325042
Finished training EB SURE-LS, with SURE: 0.0005697809759357555
Finished training EB SURE-LS, with in-sample MSE: 0.0002552719245350404
use_scale: True
use_location: False
Finished training EB misspecified with NPMLE init, with SURE: 0.005048172309294472
Finished training EB misspecified with NPMLE init, with in-sample MSE: 0.005466039594587769
Finished training EB misspecified, with SURE: 0.005048637689293401
Finished training EB misspecified, with in-sample MSE: 0.0054654944030260175
Finished training EB wellspecified, with SURE: 0.005145428738790873
Finished training EB wellspecified, with in-sample MSE: 0.005326802794914859
m: 77
Finished solving NPMLE, with SURE 0.010798964723358999
Finished solving NPMLE, with in-sample MSE 0.005145707774053966
Finished solving parametric estimator, with SURE 0.006784040988729562
Finished solving parametric estimator, with in-sample MSE 0.004363928441409649
Finished solving EBCF, with in-sample MSE 0.0008651937675313125
Finished training EB SURE-LS, with SURE: 0.0024985867225618534
Finished training EB SURE-LS, with in-sample MSE: 0.000552461596105127
use_scale: True
use_location: False
Finished training EB misspecified with NPMLE init, with SURE: 0.006613442152581915
Finished training EB misspecified with NPMLE init, with in-sample MSE: 0.004346918182498611
Finished training EB misspecified, with SURE: 0.006613791141290886
Finished training EB misspecified, with in-sample MSE: 0.004347005188891318
Finished training EB wellspecified, with SURE: -0.004516476137978522
Finished training EB wellspecified, with in-sample MSE: 0.009805672062504527
m: 78
Finished solving NPMLE, with SURE 0.06766900025879927
Finished solving NPMLE, with in-sample MSE 0.005644877677874045
Finished solving parametric estimator, with SURE 0.005627538952304806
Finished solving parametric estimator, with in-sample MSE 0.005021605496960518
Finished solving EBCF, with in-sample MSE 0.0010323174962115708
Finished training EB SURE-LS, with SURE: 0.001426550643986677
Finished training EB SURE-LS, with in-sample MSE: 0.0002515870470045332
use_scale: True
use_location: False
Finished training EB misspecified with NPMLE init, with SURE: 0.005411956641501199
Finished training EB misspecified with NPMLE init, with in-sample MSE: 0.005057184746694654
Finished training EB misspecified, with SURE: 0.005411255527834609
Finished training EB misspecified, with in-sample MSE: 0.005058284145691942
Finished training EB wellspecified, with SURE: -0.0010642256462044513
Finished training EB wellspecified, with in-sample MSE: 0.002960858540289599
m: 79
Finished solving NPMLE, with SURE 0.09706169172596305
Finished solving NPMLE, with in-sample MSE 0.007453001924848061
Finished solving parametric estimator, with SURE 0.006432028599896
Finished solving parametric estimator, with in-sample MSE 0.005170670026201905
Finished solving EBCF, with in-sample MSE 0.001147386035702387
Finished training EB SURE-LS, with SURE: 0.001843784183830472
Finished training EB SURE-LS, with in-sample MSE: 0.00047411103757918563
use_scale: True
use_location: False
Finished training EB misspecified with NPMLE init, with SURE: 0.0044605339561070425
Finished training EB misspecified with NPMLE init, with in-sample MSE: 0.006786633058923999
Finished training EB misspecified, with SURE: 0.004481251492551799
Finished training EB misspecified, with in-sample MSE: 0.006762263820065986
Finished training EB wellspecified, with SURE: -0.0010988781243121287
Finished training EB wellspecified, with in-sample MSE: 0.004318039488700218
m: 80
Finished solving NPMLE, with SURE 0.11659316795797242
Finished solving NPMLE, with in-sample MSE 0.007386061865391892
Finished solving parametric estimator, with SURE 0.0018496373283085898
Finished solving parametric estimator, with in-sample MSE 0.006451156100807736
Finished solving EBCF, with in-sample MSE 0.0015931894488807846
Finished training EB SURE-LS, with SURE: -0.0029385754768788647
Finished training EB SURE-LS, with in-sample MSE: 0.000596654597935059
use_scale: True
use_location: False
Finished training EB misspecified with NPMLE init, with SURE: 0.0016888536648110098
Finished training EB misspecified with NPMLE init, with in-sample MSE: 0.00646322044404792
Finished training EB misspecified, with SURE: 0.0016891597259542125
Finished training EB misspecified, with in-sample MSE: 0.0064633400316331914
Finished training EB wellspecified, with SURE: -0.0053046478716102805
Finished training EB wellspecified, with in-sample MSE: 0.0017637873608907792
m: 81
Finished solving NPMLE, with SURE 0.0450739053883944
Finished solving NPMLE, with in-sample MSE 0.005752829639393764
Finished solving parametric estimator, with SURE 0.008167409568112002
Finished solving parametric estimator, with in-sample MSE 0.004843500029837111
Finished solving EBCF, with in-sample MSE 0.0009432175945703385
Finished training EB SURE-LS, with SURE: 0.008047243838624811
Finished training EB SURE-LS, with in-sample MSE: 0.0049210168612766345
use_scale: True
use_location: False
Finished training EB misspecified with NPMLE init, with SURE: 0.007608171764039451
Finished training EB misspecified with NPMLE init, with in-sample MSE: 0.0053685036141832695
Finished training EB misspecified, with SURE: 0.008006667906234792
Finished training EB misspecified, with in-sample MSE: 0.004841077985714782
Finished training EB wellspecified, with SURE: 0.0008529748894307242
Finished training EB wellspecified, with in-sample MSE: 0.00411366044290143
m: 82
Finished solving NPMLE, with SURE 0.04339445030290524
Finished solving NPMLE, with in-sample MSE 0.006205459356888479
Finished solving parametric estimator, with SURE 0.010801982222107723
Finished solving parametric estimator, with in-sample MSE 0.005434623378352294
Finished solving EBCF, with in-sample MSE 0.0010350266762227736
Finished training EB SURE-LS, with SURE: 0.01063777999107036
Finished training EB SURE-LS, with in-sample MSE: 0.005501253138250672
use_scale: True
use_location: False
Finished training EB misspecified with NPMLE init, with SURE: 0.010383375078528729
Finished training EB misspecified with NPMLE init, with in-sample MSE: 0.005700267130235289
Finished training EB misspecified, with SURE: 0.010383682133500792
Finished training EB misspecified, with in-sample MSE: 0.0057001198611253264
Finished training EB wellspecified, with SURE: 0.0010957855594053206
Finished training EB wellspecified, with in-sample MSE: 0.0035219764676187575
m: 83
Finished solving NPMLE, with SURE 0.047170699465742205
Finished solving NPMLE, with in-sample MSE 0.006007289291924599
Finished solving parametric estimator, with SURE 0.01441606170564537
Finished solving parametric estimator, with in-sample MSE 0.005442694822251643
Finished solving EBCF, with in-sample MSE 0.0020328158935541693
Finished training EB SURE-LS, with SURE: 0.00916342137670975
Finished training EB SURE-LS, with in-sample MSE: 0.002601000719807779
use_scale: True
use_location: False
Finished training EB misspecified with NPMLE init, with SURE: 0.013367560907901394
Finished training EB misspecified with NPMLE init, with in-sample MSE: 0.006414645621905009
Finished training EB misspecified, with SURE: 0.013804008278594466
Finished training EB misspecified, with in-sample MSE: 0.005863981701163966
Finished training EB wellspecified, with SURE: 0.004728109142288529
Finished training EB wellspecified, with in-sample MSE: 0.007458901255167142
m: 84
Finished solving NPMLE, with SURE 0.10483308039845425
Finished solving NPMLE, with in-sample MSE 0.0045025284475016135
Finished solving parametric estimator, with SURE 0.005202659290118997
Finished solving parametric estimator, with in-sample MSE 0.004430740439312526
Finished solving EBCF, with in-sample MSE 0.0019642041643705157
Finished training EB SURE-LS, with SURE: -0.0002947872162556525
Finished training EB SURE-LS, with in-sample MSE: 0.0003439088684275974
use_scale: True
use_location: False
Finished training EB misspecified with NPMLE init, with SURE: 0.005008024711593464
Finished training EB misspecified with NPMLE init, with in-sample MSE: 0.004440456509157312
Finished training EB misspecified, with SURE: 0.005014615101135469
Finished training EB misspecified, with in-sample MSE: 0.0044375808951316285
Finished training EB wellspecified, with SURE: -0.0031705009849678535
Finished training EB wellspecified, with in-sample MSE: 0.0038457474211571314
m: 85
Finished solving NPMLE, with SURE 0.1662938562680904
Finished solving NPMLE, with in-sample MSE 0.006262580112938242
Finished solving parametric estimator, with SURE 0.01596331487450088
Finished solving parametric estimator, with in-sample MSE 0.005585534398227145
Finished solving EBCF, with in-sample MSE 0.003106248797535321
Finished training EB SURE-LS, with SURE: -0.0007804568995652983
Finished training EB SURE-LS, with in-sample MSE: 0.0036973184657813542
use_scale: True
use_location: False
Finished training EB misspecified with NPMLE init, with SURE: 0.012008284402978386
Finished training EB misspecified with NPMLE init, with in-sample MSE: 0.010059857972198816
Finished training EB misspecified, with SURE: 0.0120091829703399
Finished training EB misspecified, with in-sample MSE: 0.010054964434060754
Finished training EB wellspecified, with SURE: -0.006899015770759398
Finished training EB wellspecified, with in-sample MSE: 0.011876636769852561
m: 86
Finished solving NPMLE, with SURE 0.09673460809024387
Finished solving NPMLE, with in-sample MSE 0.005193917020410606
Finished solving parametric estimator, with SURE 0.006818225397019886
Finished solving parametric estimator, with in-sample MSE 0.004495598834159573
Finished solving EBCF, with in-sample MSE 0.0003316005127405378
Finished training EB SURE-LS, with SURE: 0.0018054329186592464
Finished training EB SURE-LS, with in-sample MSE: 0.00018531632393235136
use_scale: True
use_location: False
Finished training EB misspecified with NPMLE init, with SURE: 0.006644927863780978
Finished training EB misspecified with NPMLE init, with in-sample MSE: 0.004500166365827244
Finished training EB misspecified, with SURE: 0.006645206123429031
Finished training EB misspecified, with in-sample MSE: 0.004500281911014103
Finished training EB wellspecified, with SURE: -0.0005425564010867993
Finished training EB wellspecified, with in-sample MSE: 0.0020513050629442
m: 87
Finished solving NPMLE, with SURE 0.032844176685642455
Finished solving NPMLE, with in-sample MSE 0.006167225480303588
Finished solving parametric estimator, with SURE 0.009865849890425535
Finished solving parametric estimator, with in-sample MSE 0.005066746924642946
Finished solving EBCF, with in-sample MSE 0.00099553224190677
Finished training EB SURE-LS, with SURE: 0.003773533415785185
Finished training EB SURE-LS, with in-sample MSE: 0.00033731161118732354
use_scale: True
use_location: False
Finished training EB misspecified with NPMLE init, with SURE: 0.009226563762093748
Finished training EB misspecified with NPMLE init, with in-sample MSE: 0.0058255538936666474
Finished training EB misspecified, with SURE: 0.009185497305036901
Finished training EB misspecified, with in-sample MSE: 0.005834241966929951
Finished training EB wellspecified, with SURE: 0.0012135831209598945
Finished training EB wellspecified, with in-sample MSE: 0.0021216838877797573
m: 88
Finished solving NPMLE, with SURE 0.06712689221821347
Finished solving NPMLE, with in-sample MSE 0.00500730453233787
Finished solving parametric estimator, with SURE 0.006676357689282639
Finished solving parametric estimator, with in-sample MSE 0.004738250154712747
Finished solving EBCF, with in-sample MSE 0.0008917166881778285
Finished training EB SURE-LS, with SURE: 0.0022856435347159403
Finished training EB SURE-LS, with in-sample MSE: 0.0003571527561066384
use_scale: True
use_location: False
Finished training EB misspecified with NPMLE init, with SURE: 0.00628075717747425
Finished training EB misspecified with NPMLE init, with in-sample MSE: 0.005076255121532537
Finished training EB misspecified, with SURE: 0.00628898465915233
Finished training EB misspecified, with in-sample MSE: 0.005062862170169527
Finished training EB wellspecified, with SURE: 8.327646656219309e-05
Finished training EB wellspecified, with in-sample MSE: 0.002999992523647576
m: 89
Finished solving NPMLE, with SURE 0.07343548141112109
Finished solving NPMLE, with in-sample MSE 0.005778279197412631
Finished solving parametric estimator, with SURE 0.005212689797796946
Finished solving parametric estimator, with in-sample MSE 0.0044481982344388845
Finished solving EBCF, with in-sample MSE 0.0015617440071443763
Finished training EB SURE-LS, with SURE: 0.00013381956646217358
Finished training EB SURE-LS, with in-sample MSE: 0.00034135099791258284
use_scale: True
use_location: False
Finished training EB misspecified with NPMLE init, with SURE: 0.0046170365680141675
Finished training EB misspecified with NPMLE init, with in-sample MSE: 0.005020137755184657
Finished training EB misspecified, with SURE: 0.004865626757824319
Finished training EB misspecified, with in-sample MSE: 0.004561916913628165
Finished training EB wellspecified, with SURE: 0.0029901697964262943
Finished training EB wellspecified, with in-sample MSE: 0.001965275250134386
m: 90
Finished solving NPMLE, with SURE 0.03886548293199685
Finished solving NPMLE, with in-sample MSE 0.006174098786570428
Finished solving parametric estimator, with SURE -0.001016124614428085
Finished solving parametric estimator, with in-sample MSE 0.004737792442054125
Finished solving EBCF, with in-sample MSE 0.0018826955230027466
Finished training EB SURE-LS, with SURE: -0.005815986814143511
Finished training EB SURE-LS, with in-sample MSE: 0.00020363803289091053
use_scale: True
use_location: False
Finished training EB misspecified with NPMLE init, with SURE: -0.0025398913522202272
Finished training EB misspecified with NPMLE init, with in-sample MSE: 0.0061748232560931175
Finished training EB misspecified, with SURE: -0.0015122496788240092
Finished training EB misspecified, with in-sample MSE: 0.004836417517180686
Finished training EB wellspecified, with SURE: -0.007157609612937472
Finished training EB wellspecified, with in-sample MSE: 0.0018023989516512764
m: 91
Finished solving NPMLE, with SURE 0.10163133993365023
Finished solving NPMLE, with in-sample MSE 0.006811168834248455
Finished solving parametric estimator, with SURE 0.004065008236246531
Finished solving parametric estimator, with in-sample MSE 0.006459756610640172
Finished solving EBCF, with in-sample MSE 0.0037220018969610852
Finished training EB SURE-LS, with SURE: -0.004959788684552414
Finished training EB SURE-LS, with in-sample MSE: 0.001021696173081563
use_scale: True
use_location: False
Finished training EB misspecified with NPMLE init, with SURE: 0.002729950379372692
Finished training EB misspecified with NPMLE init, with in-sample MSE: 0.008553882338156502
Finished training EB misspecified, with SURE: 0.003805559239869112
Finished training EB misspecified, with in-sample MSE: 0.0066509055907261975
Finished training EB wellspecified, with SURE: -0.007885560213259216
Finished training EB wellspecified, with in-sample MSE: 0.002471996385841214
m: 92
Finished solving NPMLE, with SURE 0.08450960657364508
Finished solving NPMLE, with in-sample MSE 0.00860374656692332
Finished solving parametric estimator, with SURE 0.017239914548105473
Finished solving parametric estimator, with in-sample MSE 0.005613107746378059
Finished solving EBCF, with in-sample MSE 0.002341935065486231
Finished training EB SURE-LS, with SURE: 0.013157444673660739
Finished training EB SURE-LS, with in-sample MSE: 0.0003164793534027529
use_scale: True
use_location: False
Finished training EB misspecified with NPMLE init, with SURE: 0.01332783879167483
Finished training EB misspecified with NPMLE init, with in-sample MSE: 0.009533204938804614
Finished training EB misspecified, with SURE: 0.012081975304021704
Finished training EB misspecified, with in-sample MSE: 0.012677111801453906
Finished training EB wellspecified, with SURE: -0.004615738823996536
Finished training EB wellspecified, with in-sample MSE: 0.02357317431721492
m: 93
Finished solving NPMLE, with SURE 0.07392191280145614
Finished solving NPMLE, with in-sample MSE 0.006867315250869963
Finished solving parametric estimator, with SURE 0.005772233132619098
Finished solving parametric estimator, with in-sample MSE 0.005394581498403773
Finished solving EBCF, with in-sample MSE 0.00098759966165682
Finished training EB SURE-LS, with SURE: 0.0002694951034917398
Finished training EB SURE-LS, with in-sample MSE: 0.0005022756719569106
use_scale: True
use_location: False
Finished training EB misspecified with NPMLE init, with SURE: 0.005608872608305013
Finished training EB misspecified with NPMLE init, with in-sample MSE: 0.005352893778687865
Finished training EB misspecified, with SURE: 0.005609692288680268
Finished training EB misspecified, with in-sample MSE: 0.0053532124431052855
Finished training EB wellspecified, with SURE: -0.0012980725032572388
Finished training EB wellspecified, with in-sample MSE: 0.0015076842293638571
m: 94
Finished solving NPMLE, with SURE 0.11128709761963203
Finished solving NPMLE, with in-sample MSE 0.004813726443932095
Finished solving parametric estimator, with SURE -0.0027863910821047527
Finished solving parametric estimator, with in-sample MSE 0.004636604812137371
Finished solving EBCF, with in-sample MSE 0.0006202832547322532
Finished training EB SURE-LS, with SURE: -0.008066470077689824
Finished training EB SURE-LS, with in-sample MSE: 0.00023988873853989876
use_scale: True
use_location: False
Finished training EB misspecified with NPMLE init, with SURE: -0.0029424305943312845
Finished training EB misspecified with NPMLE init, with in-sample MSE: 0.004636357981296118
Finished training EB misspecified, with SURE: -0.002942318886000539
Finished training EB misspecified, with in-sample MSE: 0.0046363745411428904
Finished training EB wellspecified, with SURE: -0.009061862504888192
Finished training EB wellspecified, with in-sample MSE: 0.0004961313503461848
m: 95
Finished solving NPMLE, with SURE 0.05164318977931691
Finished solving NPMLE, with in-sample MSE 0.005238232798094944
Finished solving parametric estimator, with SURE 0.005208076147736468
Finished solving parametric estimator, with in-sample MSE 0.0043592918188289555
Finished solving EBCF, with in-sample MSE 0.0006876309892096448
Finished training EB SURE-LS, with SURE: -0.002059438427828553
Finished training EB SURE-LS, with in-sample MSE: 0.0004956932339117307
use_scale: True
use_location: False
Finished training EB misspecified with NPMLE init, with SURE: 0.004972659184851942
Finished training EB misspecified with NPMLE init, with in-sample MSE: 0.004494313861003975
Finished training EB misspecified, with SURE: 0.005030302370701385
Finished training EB misspecified, with in-sample MSE: 0.004352878624487029
Finished training EB wellspecified, with SURE: -0.0028707261423067533
Finished training EB wellspecified, with in-sample MSE: 0.000803661988209722
m: 96
Finished solving NPMLE, with SURE 0.12870391521801025
Finished solving NPMLE, with in-sample MSE 0.006007368447947863
Finished solving parametric estimator, with SURE 0.0014710790578582322
Finished solving parametric estimator, with in-sample MSE 0.005336747005722056
Finished solving EBCF, with in-sample MSE 0.02458006235127428
Finished training EB SURE-LS, with SURE: -0.001825416740207143
Finished training EB SURE-LS, with in-sample MSE: 0.0006785896674126879
use_scale: True
use_location: False
Finished training EB misspecified with NPMLE init, with SURE: 0.0012716953489973549
Finished training EB misspecified with NPMLE init, with in-sample MSE: 0.005348667801858021
Finished training EB misspecified, with SURE: 0.0012787433465657116
Finished training EB misspecified, with in-sample MSE: 0.005347965371636347
Finished training EB wellspecified, with SURE: -0.00635153177945725
Finished training EB wellspecified, with in-sample MSE: 0.005432869717351851
m: 97
Finished solving NPMLE, with SURE 0.07538817241019227
Finished solving NPMLE, with in-sample MSE 0.006340990598386742
Finished solving parametric estimator, with SURE 0.0026750859530074583
Finished solving parametric estimator, with in-sample MSE 0.004784637166236912
Finished solving EBCF, with in-sample MSE 0.0009744171238072197
Finished training EB SURE-LS, with SURE: -0.003960684775633386
Finished training EB SURE-LS, with in-sample MSE: 0.0014984951191996782
use_scale: True
use_location: False
Finished training EB misspecified with NPMLE init, with SURE: 0.0019546478627843734
Finished training EB misspecified with NPMLE init, with in-sample MSE: 0.005315370455767506
Finished training EB misspecified, with SURE: 0.0019838476714197383
Finished training EB misspecified, with in-sample MSE: 0.00537328659173772
Finished training EB wellspecified, with SURE: -0.0044156051904150105
Finished training EB wellspecified, with in-sample MSE: 0.0013362671428176877
m: 98
Finished solving NPMLE, with SURE 0.026393511999275993
Finished solving NPMLE, with in-sample MSE 0.005370774211231244
Finished solving parametric estimator, with SURE 0.005834711202101578
Finished solving parametric estimator, with in-sample MSE 0.005071321099732136
Finished solving EBCF, with in-sample MSE 0.0009663349878224247
Finished training EB SURE-LS, with SURE: 0.000723119975387565
Finished training EB SURE-LS, with in-sample MSE: 0.00032258861747770873
use_scale: True
use_location: False
Finished training EB misspecified with NPMLE init, with SURE: 0.005408656503245517
Finished training EB misspecified with NPMLE init, with in-sample MSE: 0.005786319458461606
Finished training EB misspecified, with SURE: 0.005413282620604036
Finished training EB misspecified, with in-sample MSE: 0.005766713940752694
Finished training EB wellspecified, with SURE: -0.005268322528946969
Finished training EB wellspecified, with in-sample MSE: 0.00945131457706699
m: 99
Finished solving NPMLE, with SURE 0.06075478154913929
Finished solving NPMLE, with in-sample MSE 0.005610440009188161
Finished solving parametric estimator, with SURE 0.003319951416239822
Finished solving parametric estimator, with in-sample MSE 0.004874211102693097
Finished solving EBCF, with in-sample MSE 0.0013631907503817
Finished training EB SURE-LS, with SURE: -0.0035752139193468424
Finished training EB SURE-LS, with in-sample MSE: 0.00035824654788163573
use_scale: True
use_location: False
Finished training EB misspecified with NPMLE init, with SURE: 0.0031298480152520194
Finished training EB misspecified with NPMLE init, with in-sample MSE: 0.004844056811376599
Finished training EB misspecified, with SURE: 0.00315313859873827
Finished training EB misspecified, with in-sample MSE: 0.004858825525384557
Finished training EB wellspecified, with SURE: 0.003160422188981457
Finished training EB wellspecified, with in-sample MSE: 0.004874308112101707

n: 3200
m: 50
Finished solving NPMLE, with SURE 0.06279502041395063
Finished solving NPMLE, with in-sample MSE 0.006340860539242535
Finished solving parametric estimator, with SURE 0.0008755855277073205
Finished solving parametric estimator, with in-sample MSE 0.0059076687939019846
Finished solving EBCF, with in-sample MSE 0.002059975219557128
Finished training EB SURE-LS, with SURE: -0.002866837189690593
Finished training EB SURE-LS, with in-sample MSE: 0.0006100621512072909
use_scale: True
use_location: False
Finished training EB misspecified with NPMLE init, with SURE: 0.0007813428658736755
Finished training EB misspecified with NPMLE init, with in-sample MSE: 0.005909010635558563
Finished training EB misspecified, with SURE: 0.0007816955066798492
Finished training EB misspecified, with in-sample MSE: 0.0059090384656454616
Finished training EB wellspecified, with SURE: -0.0041034144855426795
Finished training EB wellspecified, with in-sample MSE: 0.0018100001364188747
m: 51
Finished solving NPMLE, with SURE 0.08445257538991326
Finished solving NPMLE, with in-sample MSE 0.006339187147984011
Finished solving parametric estimator, with SURE 0.013599853011567908
Finished solving parametric estimator, with in-sample MSE 0.006159412044849697
Finished solving EBCF, with in-sample MSE 0.001001183073386792
Finished training EB SURE-LS, with SURE: 0.006051289990521128
Finished training EB SURE-LS, with in-sample MSE: 0.0008689707920950382
use_scale: True
use_location: False
Finished training EB misspecified with NPMLE init, with SURE: 0.013497454901408136
Finished training EB misspecified with NPMLE init, with in-sample MSE: 0.0062358495896516816
Finished training EB misspecified, with SURE: 0.013495650701537798
Finished training EB misspecified, with in-sample MSE: 0.006244759991158068
Finished training EB wellspecified, with SURE: 0.005240631174591825
Finished training EB wellspecified, with in-sample MSE: 0.0017991745252299745
m: 52
Finished solving NPMLE, with SURE 0.08350012490201973
Finished solving NPMLE, with in-sample MSE 0.005034931781875712
Finished solving parametric estimator, with SURE -0.0011191156256266654
Finished solving parametric estimator, with in-sample MSE 0.004591366716248365
Finished solving EBCF, with in-sample MSE 0.0005730104288858704
Finished training EB SURE-LS, with SURE: -0.0037114459985894384
Finished training EB SURE-LS, with in-sample MSE: 0.0004450035696063867
use_scale: True
use_location: False
Finished training EB misspecified with NPMLE init, with SURE: -0.0012043415841013073
Finished training EB misspecified with NPMLE init, with in-sample MSE: 0.004575509012259835
Finished training EB misspecified, with SURE: -0.0012167687828885576
Finished training EB misspecified, with in-sample MSE: 0.0045665492771345285
Finished training EB wellspecified, with SURE: -0.003899168531913967
Finished training EB wellspecified, with in-sample MSE: 0.00031747509762509166
m: 53
Finished solving NPMLE, with SURE 0.05608649137616446
Finished solving NPMLE, with in-sample MSE 0.005151533245014396
Finished solving parametric estimator, with SURE 0.004731785159492838
Finished solving parametric estimator, with in-sample MSE 0.004636102573231675
Finished solving EBCF, with in-sample MSE 0.0004060435279884594
Finished training EB SURE-LS, with SURE: 0.0015208593474776214
Finished training EB SURE-LS, with in-sample MSE: 0.00029032844192617167
use_scale: True
use_location: False
Finished training EB misspecified with NPMLE init, with SURE: 0.004619824415843236
Finished training EB misspecified with NPMLE init, with in-sample MSE: 0.004650850309280776
Finished training EB misspecified, with SURE: 0.004621115026688827
Finished training EB misspecified, with in-sample MSE: 0.00464620434815163
Finished training EB wellspecified, with SURE: 0.0010589639913864233
Finished training EB wellspecified, with in-sample MSE: 0.0004883418498837715
m: 54
Finished solving NPMLE, with SURE 0.11673024078557971
Finished solving NPMLE, with in-sample MSE 0.006607542496166183
Finished solving parametric estimator, with SURE 0.002305220468581559
Finished solving parametric estimator, with in-sample MSE 0.005745921311258054
Finished solving EBCF, with in-sample MSE 0.0016865495018329416
Finished training EB SURE-LS, with SURE: -0.0023220051781386404
Finished training EB SURE-LS, with in-sample MSE: 0.0002862807179185839
use_scale: True
use_location: False
Finished training EB misspecified with NPMLE init, with SURE: 0.001995472249032115
Finished training EB misspecified with NPMLE init, with in-sample MSE: 0.005938330992891755
Finished training EB misspecified, with SURE: 0.0019976238296000835
Finished training EB misspecified, with in-sample MSE: 0.005933613010490848
Finished training EB wellspecified, with SURE: -0.0045203007790934994
Finished training EB wellspecified, with in-sample MSE: 0.0016362803970243838
m: 55
Mosek failed on this run
Finished solving parametric estimator, with SURE 0.002143561708060779
Finished solving parametric estimator, with in-sample MSE 0.004271940764839294
Finished solving EBCF, with in-sample MSE 0.0014705893671655048
Finished training EB SURE-LS, with SURE: -0.002711886325720252
Finished training EB SURE-LS, with in-sample MSE: 0.0002145128047406712
use_scale: True
use_location: False
Finished training EB misspecified, with SURE: 0.0020274819490182948
Finished training EB misspecified, with in-sample MSE: 0.004319097468952669
Finished training EB wellspecified, with SURE: -0.0028142475459955736
Finished training EB wellspecified, with in-sample MSE: 0.0015203191769102406
m: 56
Finished solving NPMLE, with SURE 0.04994184952487682
Finished solving NPMLE, with in-sample MSE 0.005438729162002243
Finished solving parametric estimator, with SURE 0.004328376838780762
Finished solving parametric estimator, with in-sample MSE 0.004808591167380556
Finished solving EBCF, with in-sample MSE 0.0002827848501311104
Finished training EB SURE-LS, with SURE: -0.001511550354959187
Finished training EB SURE-LS, with in-sample MSE: 0.0002599633378547484
use_scale: True
use_location: False
Finished training EB misspecified with NPMLE init, with SURE: 0.0041423891691170665
Finished training EB misspecified with NPMLE init, with in-sample MSE: 0.004858269799686387
Finished training EB misspecified, with SURE: 0.004142715101897387
Finished training EB misspecified, with in-sample MSE: 0.004858011084940801
Finished training EB wellspecified, with SURE: -0.0030101652396613355
Finished training EB wellspecified, with in-sample MSE: 0.0009733569255887777
m: 57
Finished solving NPMLE, with SURE 0.0994245791511727
Finished solving NPMLE, with in-sample MSE 0.0062796386554195005
Finished solving parametric estimator, with SURE 0.009125916670360126
Finished solving parametric estimator, with in-sample MSE 0.00619078982155984
Finished solving EBCF, with in-sample MSE 0.0008195815978024844
Finished training EB SURE-LS, with SURE: 0.004516634932429005
Finished training EB SURE-LS, with in-sample MSE: 0.0006434371332553817
use_scale: True
use_location: False
Finished training EB misspecified with NPMLE init, with SURE: 0.008582438701904085
Finished training EB misspecified with NPMLE init, with in-sample MSE: 0.00692879402868997
Finished training EB misspecified, with SURE: 0.008585974525161593
Finished training EB misspecified, with in-sample MSE: 0.006938292698127157
Finished training EB wellspecified, with SURE: 0.002967831563524188
Finished training EB wellspecified, with in-sample MSE: 0.0017082889938522237
m: 58
Finished solving NPMLE, with SURE 0.08651226226745859
Finished solving NPMLE, with in-sample MSE 0.005956473513614348
Finished solving parametric estimator, with SURE 0.0038085229750763755
Finished solving parametric estimator, with in-sample MSE 0.005479989094919289
Finished solving EBCF, with in-sample MSE 0.00023144285642435819
Finished training EB SURE-LS, with SURE: -0.0021755818487644535
Finished training EB SURE-LS, with in-sample MSE: 0.00024761365029856797
use_scale: True
use_location: False
Finished training EB misspecified with NPMLE init, with SURE: 0.003718563936316279
Finished training EB misspecified with NPMLE init, with in-sample MSE: 0.005478469710378447
Finished training EB misspecified, with SURE: 0.003713187467465051
Finished training EB misspecified, with in-sample MSE: 0.005477781326948498
Finished training EB wellspecified, with SURE: -0.003344717608133832
Finished training EB wellspecified, with in-sample MSE: 0.0009843159677463838
m: 59
Finished solving NPMLE, with SURE 0.028942972095555693
Finished solving NPMLE, with in-sample MSE 0.005616270672635914
Finished solving parametric estimator, with SURE 0.004855278781755706
Finished solving parametric estimator, with in-sample MSE 0.005160465224570346
Finished solving EBCF, with in-sample MSE 0.00044660473656215694
Finished training EB SURE-LS, with SURE: 0.0001915130562650358
Finished training EB SURE-LS, with in-sample MSE: 0.0002471933587363194
use_scale: True
use_location: False
Finished training EB misspecified with NPMLE init, with SURE: 0.004514973739390751
Finished training EB misspecified with NPMLE init, with in-sample MSE: 0.005635582668326352
Finished training EB misspecified, with SURE: 0.004539323112438521
Finished training EB misspecified, with in-sample MSE: 0.005332798599408034
Finished training EB wellspecified, with SURE: -0.0027383089389620106
Finished training EB wellspecified, with in-sample MSE: 0.004098344842978937
m: 60
Finished solving NPMLE, with SURE 0.11841995107827838
Finished solving NPMLE, with in-sample MSE 0.006646020471133115
Finished solving parametric estimator, with SURE 0.009991831403019305
Finished solving parametric estimator, with in-sample MSE 0.006104910413329921
Finished solving EBCF, with in-sample MSE 0.0015915222171604953
Finished training EB SURE-LS, with SURE: 0.004358961195692072
Finished training EB SURE-LS, with in-sample MSE: 0.00042182437942585896
use_scale: True
use_location: False
Finished training EB misspecified with NPMLE init, with SURE: 0.009828003200250972
Finished training EB misspecified with NPMLE init, with in-sample MSE: 0.006166879261930349
Finished training EB misspecified, with SURE: 0.009827635565613769
Finished training EB misspecified, with in-sample MSE: 0.006167323680184705
Finished training EB wellspecified, with SURE: 0.0024511746388436507
Finished training EB wellspecified, with in-sample MSE: 0.001751626269073231
m: 61
Finished solving NPMLE, with SURE 0.09729182433406373
Finished solving NPMLE, with in-sample MSE 0.005405504982754439
Finished solving parametric estimator, with SURE 0.006191784770571002
Finished solving parametric estimator, with in-sample MSE 0.005141742371725746
Finished solving EBCF, with in-sample MSE 0.0006620525890133322
Finished training EB SURE-LS, with SURE: 0.001961218579693072
Finished training EB SURE-LS, with in-sample MSE: 0.000303025699188554
use_scale: True
use_location: False
Finished training EB misspecified with NPMLE init, with SURE: 0.006107850018323955
Finished training EB misspecified with NPMLE init, with in-sample MSE: 0.005165397037003778
Finished training EB misspecified, with SURE: 0.0061152614720183605
Finished training EB misspecified, with in-sample MSE: 0.00516444598105847
Finished training EB wellspecified, with SURE: 0.0016125227311461765
Finished training EB wellspecified, with in-sample MSE: 0.0001772679669985481
m: 62
Finished solving NPMLE, with SURE 0.10330658912982323
Finished solving NPMLE, with in-sample MSE 0.006240478000610266
Finished solving parametric estimator, with SURE 0.0053020789897988835
Finished solving parametric estimator, with in-sample MSE 0.005286801938550932
Finished solving EBCF, with in-sample MSE 0.0006272832039214528
Finished training EB SURE-LS, with SURE: 0.0012920335241587682
Finished training EB SURE-LS, with in-sample MSE: 0.00035124431554898957
use_scale: True
use_location: False
Finished training EB misspecified with NPMLE init, with SURE: 0.0052055448628809484
Finished training EB misspecified with NPMLE init, with in-sample MSE: 0.005260575220711423
Finished training EB misspecified, with SURE: 0.005206376494256233
Finished training EB misspecified, with in-sample MSE: 0.005259110022071611
Finished training EB wellspecified, with SURE: 0.0002268704509236562
Finished training EB wellspecified, with in-sample MSE: 0.0014217890041427741
m: 63
Finished solving NPMLE, with SURE 0.1457318463512748
Finished solving NPMLE, with in-sample MSE 0.005912153251759486
Finished solving parametric estimator, with SURE 0.009350705833069448
Finished solving parametric estimator, with in-sample MSE 0.005453810188443898
Finished solving EBCF, with in-sample MSE 0.0023667930185988584
Finished training EB SURE-LS, with SURE: 0.0019686726970698605
Finished training EB SURE-LS, with in-sample MSE: 0.0023782549588036747
use_scale: True
use_location: False
Finished training EB misspecified with NPMLE init, with SURE: 0.009211693087245952
Finished training EB misspecified with NPMLE init, with in-sample MSE: 0.005502235025085019
Finished training EB misspecified, with SURE: 0.00921128174521554
Finished training EB misspecified, with in-sample MSE: 0.0055023742068053185
Finished training EB wellspecified, with SURE: -0.0012822712818999593
Finished training EB wellspecified, with in-sample MSE: 0.005475423328440274
m: 64
Finished solving NPMLE, with SURE 0.08169915169474094
Finished solving NPMLE, with in-sample MSE 0.00550539309151863
Finished solving parametric estimator, with SURE 0.006823747246779435
Finished solving parametric estimator, with in-sample MSE 0.004739839608778051
Finished solving EBCF, with in-sample MSE 0.0005493726810864915
Finished training EB SURE-LS, with SURE: 0.0030643166910597954
Finished training EB SURE-LS, with in-sample MSE: 0.0003963328759080646
use_scale: True
use_location: False
Finished training EB misspecified with NPMLE init, with SURE: 0.006663757335113765
Finished training EB misspecified with NPMLE init, with in-sample MSE: 0.004877862940039575
Finished training EB misspecified, with SURE: 0.00667161270963005
Finished training EB misspecified, with in-sample MSE: 0.004853030458256973
Finished training EB wellspecified, with SURE: 0.0012753962218173811
Finished training EB wellspecified, with in-sample MSE: 0.002084763034591523
m: 65
Mosek failed on this run
Finished solving parametric estimator, with SURE 0.0075502247598737415
Finished solving parametric estimator, with in-sample MSE 0.00485334355608415
Finished solving EBCF, with in-sample MSE 0.0007395070521296804
Finished training EB SURE-LS, with SURE: 0.002935961011775977
Finished training EB SURE-LS, with in-sample MSE: 0.00040745368314189007
use_scale: True
use_location: False
Finished training EB misspecified, with SURE: 0.007456800202137597
Finished training EB misspecified, with in-sample MSE: 0.0048389677827459015
Finished training EB wellspecified, with SURE: 0.0016147710634827623
Finished training EB wellspecified, with in-sample MSE: 0.0013620041685228287
m: 66
Finished solving NPMLE, with SURE 0.03622171102627856
Finished solving NPMLE, with in-sample MSE 0.005706606980389026
Finished solving parametric estimator, with SURE 0.008536394757064691
Finished solving parametric estimator, with in-sample MSE 0.005158144939681969
Finished solving EBCF, with in-sample MSE 0.0007997662853556255
Finished training EB SURE-LS, with SURE: 0.0012711288107834235
Finished training EB SURE-LS, with in-sample MSE: 0.0005361137149522806
use_scale: True
use_location: False
Finished training EB misspecified with NPMLE init, with SURE: 0.008384037623588511
Finished training EB misspecified with NPMLE init, with in-sample MSE: 0.005247678244813031
Finished training EB misspecified, with SURE: 0.008384001354431679
Finished training EB misspecified, with in-sample MSE: 0.0052478458530861825
Finished training EB wellspecified, with SURE: 0.0007188905931144457
Finished training EB wellspecified, with in-sample MSE: 0.0007890049388811097
m: 67
Finished solving NPMLE, with SURE 0.06993900787212151
Finished solving NPMLE, with in-sample MSE 0.005487533818715972
Finished solving parametric estimator, with SURE 0.0013251560866904544
Finished solving parametric estimator, with in-sample MSE 0.004801529364993774
Finished solving EBCF, with in-sample MSE 0.0004860635037033957
Finished training EB SURE-LS, with SURE: -0.0024168429099358664
Finished training EB SURE-LS, with in-sample MSE: 0.0002446018771087621
use_scale: True
use_location: False
Finished training EB misspecified with NPMLE init, with SURE: 0.001246828880077242
Finished training EB misspecified with NPMLE init, with in-sample MSE: 0.004800558350772502
Finished training EB misspecified, with SURE: 0.0012323778038949307
Finished training EB misspecified, with in-sample MSE: 0.0047665715037847585
Finished training EB wellspecified, with SURE: -0.002795176632093736
Finished training EB wellspecified, with in-sample MSE: 0.0002867817416238969
m: 68
Finished solving NPMLE, with SURE 0.1372446627969154
Finished solving NPMLE, with in-sample MSE 0.006168913386854052
Finished solving parametric estimator, with SURE 0.008266725276268594
Finished solving parametric estimator, with in-sample MSE 0.005285803633235293
Finished solving EBCF, with in-sample MSE 0.004713013947392796
Finished training EB SURE-LS, with SURE: 0.002798984085044954
Finished training EB SURE-LS, with in-sample MSE: 0.00034346074281761495
use_scale: True
use_location: False
Finished training EB misspecified with NPMLE init, with SURE: 0.0073745816971087135
Finished training EB misspecified with NPMLE init, with in-sample MSE: 0.006823215724508935
Finished training EB misspecified, with SURE: 0.008175676236831127
Finished training EB misspecified, with in-sample MSE: 0.005286793262479269
Finished training EB wellspecified, with SURE: -0.0012923070627027463
Finished training EB wellspecified, with in-sample MSE: 0.003855659702893905
m: 69
Finished solving NPMLE, with SURE 0.0384926014394683
Finished solving NPMLE, with in-sample MSE 0.005705302707864588
Finished solving parametric estimator, with SURE 0.00498954495402687
Finished solving parametric estimator, with in-sample MSE 0.005053978746078794
Finished solving EBCF, with in-sample MSE 0.0004929399494254655
Finished training EB SURE-LS, with SURE: 0.0010978594834082942
Finished training EB SURE-LS, with in-sample MSE: 0.00030156682732500654
use_scale: True
use_location: False
Finished training EB misspecified with NPMLE init, with SURE: 0.004818748767623262
Finished training EB misspecified with NPMLE init, with in-sample MSE: 0.0053800326754658455
Finished training EB misspecified, with SURE: 0.004870870772418918
Finished training EB misspecified, with in-sample MSE: 0.005061563380731432
Finished training EB wellspecified, with SURE: -0.002124661080347721
Finished training EB wellspecified, with in-sample MSE: 0.0044649466923664186
m: 70
Finished solving NPMLE, with SURE 0.06509269178910009
Finished solving NPMLE, with in-sample MSE 0.006288946053920246
Finished solving parametric estimator, with SURE 0.004650676747948709
Finished solving parametric estimator, with in-sample MSE 0.005131960852423147
Finished solving EBCF, with in-sample MSE 0.0005868271730031699
Finished training EB SURE-LS, with SURE: -0.0019596536994599214
Finished training EB SURE-LS, with in-sample MSE: 0.0003172130441052828
use_scale: True
use_location: False
Finished training EB misspecified with NPMLE init, with SURE: 0.004552396290570595
Finished training EB misspecified with NPMLE init, with in-sample MSE: 0.005123340688072523
Finished training EB misspecified, with SURE: 0.004564843120688078
Finished training EB misspecified, with in-sample MSE: 0.005129857544156307
Finished training EB wellspecified, with SURE: -0.002280596786419219
Finished training EB wellspecified, with in-sample MSE: 0.00033980340030107393
m: 71
Finished solving NPMLE, with SURE 0.06492276461039094
Finished solving NPMLE, with in-sample MSE 0.005620749499737141
Finished solving parametric estimator, with SURE 0.008371516971551404
Finished solving parametric estimator, with in-sample MSE 0.005506517221988342
Finished solving EBCF, with in-sample MSE 0.0008194879937645904
Finished training EB SURE-LS, with SURE: 0.0017322320793449809
Finished training EB SURE-LS, with in-sample MSE: 0.0006615637084064135
use_scale: True
use_location: False
Finished training EB misspecified with NPMLE init, with SURE: 0.0082314484668572
Finished training EB misspecified with NPMLE init, with in-sample MSE: 0.005683753389283927
Finished training EB misspecified, with SURE: 0.008268844317398258
Finished training EB misspecified, with in-sample MSE: 0.005635173983335463
Finished training EB wellspecified, with SURE: 0.0013525723131601792
Finished training EB wellspecified, with in-sample MSE: 0.0013612423133431142
m: 72
Finished solving NPMLE, with SURE 0.042755126393480086
Finished solving NPMLE, with in-sample MSE 0.005009567777449564
Finished solving parametric estimator, with SURE 0.004103428340828774
Finished solving parametric estimator, with in-sample MSE 0.004433381287797144
Finished solving EBCF, with in-sample MSE 0.0004447956985497629
Finished training EB SURE-LS, with SURE: -0.001435705060062754
Finished training EB SURE-LS, with in-sample MSE: 0.00022815932352405016
use_scale: True
use_location: False
Finished training EB misspecified with NPMLE init, with SURE: 0.003950943858299496
Finished training EB misspecified with NPMLE init, with in-sample MSE: 0.0045456714072420025
Finished training EB misspecified, with SURE: 0.0039582277467615865
Finished training EB misspecified, with in-sample MSE: 0.004510959947114101
Finished training EB wellspecified, with SURE: -0.004068962090281338
Finished training EB wellspecified, with in-sample MSE: 0.003236639920905668
m: 73
Finished solving NPMLE, with SURE 0.12029059130029349
Finished solving NPMLE, with in-sample MSE 0.005543996902351387
Finished solving parametric estimator, with SURE 0.006945629354194183
Finished solving parametric estimator, with in-sample MSE 0.004885265414901138
Finished solving EBCF, with in-sample MSE 0.00051843286913606
Finished training EB SURE-LS, with SURE: 0.006951091940537298
Finished training EB SURE-LS, with in-sample MSE: 0.0049359414105426686
use_scale: True
use_location: False
Finished training EB misspecified with NPMLE init, with SURE: 0.006725166375442307
Finished training EB misspecified with NPMLE init, with in-sample MSE: 0.004991011593437175
Finished training EB misspecified, with SURE: 0.006731271163676347
Finished training EB misspecified, with in-sample MSE: 0.004988555068234481
Finished training EB wellspecified, with SURE: -0.00192152996381244
Finished training EB wellspecified, with in-sample MSE: 0.003812519567586753
m: 74
Finished solving NPMLE, with SURE 0.09171022734450691
Finished solving NPMLE, with in-sample MSE 0.006000656314520552
Finished solving parametric estimator, with SURE 0.007942158418443243
Finished solving parametric estimator, with in-sample MSE 0.005465365880060763
Finished solving EBCF, with in-sample MSE 0.002575561876129396
Finished training EB SURE-LS, with SURE: 0.0025408772897215913
Finished training EB SURE-LS, with in-sample MSE: 0.0006437633123823068
use_scale: True
use_location: False
Finished training EB misspecified with NPMLE init, with SURE: 0.00772406533036893
Finished training EB misspecified with NPMLE init, with in-sample MSE: 0.00558093475775157
Finished training EB misspecified, with SURE: 0.007729886751692199
Finished training EB misspecified, with in-sample MSE: 0.0055767086485692145
Finished training EB wellspecified, with SURE: 0.001453902660974875
Finished training EB wellspecified, with in-sample MSE: 0.0016902619015826239
m: 75
Finished solving NPMLE, with SURE 0.07830175625520765
Finished solving NPMLE, with in-sample MSE 0.005096396160512429
Finished solving parametric estimator, with SURE -0.00032917070044870267
Finished solving parametric estimator, with in-sample MSE 0.004570836707336577
Finished solving EBCF, with in-sample MSE 0.0011083466447739253
Finished training EB SURE-LS, with SURE: -0.0029024906784057124
Finished training EB SURE-LS, with in-sample MSE: 0.00046072264679842704
use_scale: True
use_location: False
Finished training EB misspecified with NPMLE init, with SURE: -0.00041593312351336566
Finished training EB misspecified with NPMLE init, with in-sample MSE: 0.004571362636857438
Finished training EB misspecified, with SURE: -0.0004157275030401664
Finished training EB misspecified, with in-sample MSE: 0.00457172174225878
Finished training EB wellspecified, with SURE: -0.0038123978422767656
Finished training EB wellspecified, with in-sample MSE: 0.001651878881871258
m: 76
Finished solving NPMLE, with SURE 0.05771965148452308
Finished solving NPMLE, with in-sample MSE 0.005253769727058949
Finished solving parametric estimator, with SURE 0.008452010588930137
Finished solving parametric estimator, with in-sample MSE 0.0045658648185172524
Finished solving EBCF, with in-sample MSE 0.0004827594395933081
Finished training EB SURE-LS, with SURE: 0.0035359655888868103
Finished training EB SURE-LS, with in-sample MSE: 0.0001845435964159165
use_scale: True
use_location: False
Finished training EB misspecified with NPMLE init, with SURE: 0.008334471541076471
Finished training EB misspecified with NPMLE init, with in-sample MSE: 0.004558317737239189
Finished training EB misspecified, with SURE: 0.00833830733725959
Finished training EB misspecified, with in-sample MSE: 0.004555712168587811
Finished training EB wellspecified, with SURE: 0.0019599870798870985
Finished training EB wellspecified, with in-sample MSE: 0.0016054307412644456
m: 77
Finished solving NPMLE, with SURE 0.03704685925995289
Finished solving NPMLE, with in-sample MSE 0.006100334616466257
Finished solving parametric estimator, with SURE 0.0026003898821162635
Finished solving parametric estimator, with in-sample MSE 0.005292802237003081
Finished solving EBCF, with in-sample MSE 0.0009235616049737362
Finished training EB SURE-LS, with SURE: -0.00018246546513022308
Finished training EB SURE-LS, with in-sample MSE: 0.0006346597540203125
use_scale: True
use_location: False
Finished training EB misspecified with NPMLE init, with SURE: 0.0021082135817664495
Finished training EB misspecified with NPMLE init, with in-sample MSE: 0.005842252576878151
Finished training EB misspecified, with SURE: 0.0023813611376244203
Finished training EB misspecified, with in-sample MSE: 0.005334817360866922
Finished training EB wellspecified, with SURE: -0.002894425933553677
Finished training EB wellspecified, with in-sample MSE: 0.0036987417983890625
m: 78
Finished solving NPMLE, with SURE 0.12435954038051797
Finished solving NPMLE, with in-sample MSE 0.005939423679260876
Finished solving parametric estimator, with SURE 0.00976555060681572
Finished solving parametric estimator, with in-sample MSE 0.005251795029555113
Finished solving EBCF, with in-sample MSE 0.022730995935277377
Finished training EB SURE-LS, with SURE: 0.003113232426448479
Finished training EB SURE-LS, with in-sample MSE: 0.00048094344224765094
use_scale: True
use_location: False
Finished training EB misspecified with NPMLE init, with SURE: 0.008011477661190298
Finished training EB misspecified with NPMLE init, with in-sample MSE: 0.008478919790622114
Finished training EB misspecified, with SURE: 0.007635252027044715
Finished training EB misspecified, with in-sample MSE: 0.009255558161570459
Finished training EB wellspecified, with SURE: -0.0015248672073698384
Finished training EB wellspecified, with in-sample MSE: 0.004771029455949652
m: 79
Finished solving NPMLE, with SURE 0.07439711255248388
Finished solving NPMLE, with in-sample MSE 0.005309412564068829
Finished solving parametric estimator, with SURE 0.008404349301943587
Finished solving parametric estimator, with in-sample MSE 0.004600436384095475
Finished solving EBCF, with in-sample MSE 0.0006665163762410595
Finished training EB SURE-LS, with SURE: 0.0026987176561170233
Finished training EB SURE-LS, with in-sample MSE: 0.0003027008393785162
use_scale: True
use_location: False
Finished training EB misspecified with NPMLE init, with SURE: 0.008285013625517248
Finished training EB misspecified with NPMLE init, with in-sample MSE: 0.004614616718295442
Finished training EB misspecified, with SURE: 0.00830311793966871
Finished training EB misspecified, with in-sample MSE: 0.0045973065303213205
Finished training EB wellspecified, with SURE: 0.0016147355220052023
Finished training EB wellspecified, with in-sample MSE: 0.0009407277132766046
m: 80
Finished solving NPMLE, with SURE 0.03379992206364754
Finished solving NPMLE, with in-sample MSE 0.006521285201859028
Finished solving parametric estimator, with SURE 0.006666707340616931
Finished solving parametric estimator, with in-sample MSE 0.005674164797763054
Finished solving EBCF, with in-sample MSE 0.0013895055958473648
Finished training EB SURE-LS, with SURE: 0.0009627885548209224
Finished training EB SURE-LS, with in-sample MSE: 0.0003341455331989577
use_scale: True
use_location: False
Finished training EB misspecified with NPMLE init, with SURE: 0.006543480965173352
Finished training EB misspecified with NPMLE init, with in-sample MSE: 0.00569483716194752
Finished training EB misspecified, with SURE: 0.006565883953342499
Finished training EB misspecified, with in-sample MSE: 0.005666259174237125
Finished training EB wellspecified, with SURE: -0.0005710204316072324
Finished training EB wellspecified, with in-sample MSE: 0.0015724708535365447
m: 81
Finished solving NPMLE, with SURE 0.03134860222948579
Finished solving NPMLE, with in-sample MSE 0.0072426637307036615
Finished solving parametric estimator, with SURE -0.0018862960875575818
Finished solving parametric estimator, with in-sample MSE 0.006044890337498253
Finished solving EBCF, with in-sample MSE 0.0006437162888709551
Finished training EB SURE-LS, with SURE: -0.005844624235612799
Finished training EB SURE-LS, with in-sample MSE: 0.0005410469857260298
use_scale: True
use_location: False
Finished training EB misspecified with NPMLE init, with SURE: -0.001970602104778809
Finished training EB misspecified with NPMLE init, with in-sample MSE: 0.006012480895486244
Finished training EB misspecified, with SURE: -0.001969954527040283
Finished training EB misspecified, with in-sample MSE: 0.006015527311405315
Finished training EB wellspecified, with SURE: -0.006435445894183791
Finished training EB wellspecified, with in-sample MSE: 0.0007435685354650197
m: 82
Finished solving NPMLE, with SURE 0.03870833088675449
Finished solving NPMLE, with in-sample MSE 0.0058893288366785035
Finished solving parametric estimator, with SURE 0.004015080689729583
Finished solving parametric estimator, with in-sample MSE 0.005122819783302885
Finished solving EBCF, with in-sample MSE 0.00130948531650231
Finished training EB SURE-LS, with SURE: 0.0003321370409921337
Finished training EB SURE-LS, with in-sample MSE: 0.00034879193555133485
use_scale: True
use_location: False
Finished training EB misspecified with NPMLE init, with SURE: 0.003806076844160895
Finished training EB misspecified with NPMLE init, with in-sample MSE: 0.005180181053730447
Finished training EB misspecified, with SURE: 0.0038770392193518788
Finished training EB misspecified, with in-sample MSE: 0.005146523249348829
Finished training EB wellspecified, with SURE: -0.0025167213677426987
Finished training EB wellspecified, with in-sample MSE: 0.0035706666924645797
m: 83
Finished solving NPMLE, with SURE 0.04520030148863846
Finished solving NPMLE, with in-sample MSE 0.005226431604496098
Finished solving parametric estimator, with SURE 0.004534244719237995
Finished solving parametric estimator, with in-sample MSE 0.004416763428925375
Finished solving EBCF, with in-sample MSE 0.0008033227974882491
Finished training EB SURE-LS, with SURE: -0.001719639430113428
Finished training EB SURE-LS, with in-sample MSE: 0.0003481722754110108
use_scale: True
use_location: False
Finished training EB misspecified with NPMLE init, with SURE: 0.004367374311215695
Finished training EB misspecified with NPMLE init, with in-sample MSE: 0.004432862169782594
Finished training EB misspecified, with SURE: 0.004374479542915619
Finished training EB misspecified, with in-sample MSE: 0.004404446403078358
Finished training EB wellspecified, with SURE: -0.004606781283173028
Finished training EB wellspecified, with in-sample MSE: 0.0025065521395976516
m: 84
Finished solving NPMLE, with SURE 0.09501226466420375
Finished solving NPMLE, with in-sample MSE 0.005447194466317486
Finished solving parametric estimator, with SURE 0.002766014508560205
Finished solving parametric estimator, with in-sample MSE 0.004814178515079336
Finished solving EBCF, with in-sample MSE 0.0019836932875173163
Finished training EB SURE-LS, with SURE: -0.0033928574786921085
Finished training EB SURE-LS, with in-sample MSE: 0.0003125024582345702
use_scale: True
use_location: False
Finished training EB misspecified with NPMLE init, with SURE: 0.0026808597632165744
Finished training EB misspecified with NPMLE init, with in-sample MSE: 0.004813819527615616
Finished training EB misspecified, with SURE: 0.0026840540190448438
Finished training EB misspecified, with in-sample MSE: 0.00481731871331314
Finished training EB wellspecified, with SURE: -0.00398919938877624
Finished training EB wellspecified, with in-sample MSE: 0.00042560469087788496
m: 85
Finished solving NPMLE, with SURE 0.05333720572488563
Finished solving NPMLE, with in-sample MSE 0.006899078753002277
Finished solving parametric estimator, with SURE 0.008376427033166628
Finished solving parametric estimator, with in-sample MSE 0.005667718890386607
Finished solving EBCF, with in-sample MSE 0.001615080156233793
Finished training EB SURE-LS, with SURE: 0.0036673821048421222
Finished training EB SURE-LS, with in-sample MSE: 0.0007296192628142677
use_scale: True
use_location: False
Finished training EB misspecified with NPMLE init, with SURE: 0.008285325840511764
Finished training EB misspecified with NPMLE init, with in-sample MSE: 0.005614815149731889
Finished training EB misspecified, with SURE: 0.00828684190444152
Finished training EB misspecified, with in-sample MSE: 0.0056164240027193535
Finished training EB wellspecified, with SURE: -0.0017119966963064482
Finished training EB wellspecified, with in-sample MSE: 0.007197730728378632
m: 86
Finished solving NPMLE, with SURE 0.028968413416221885
Finished solving NPMLE, with in-sample MSE 0.005899343557667527
Finished solving parametric estimator, with SURE 0.007237316624625359
Finished solving parametric estimator, with in-sample MSE 0.005465738063019085
Finished solving EBCF, with in-sample MSE 0.0008086924849073122
Finished training EB SURE-LS, with SURE: 0.0038346313797927114
Finished training EB SURE-LS, with in-sample MSE: 0.0005152846378398288
use_scale: True
use_location: False
Finished training EB misspecified with NPMLE init, with SURE: 0.007116773656125996
Finished training EB misspecified with NPMLE init, with in-sample MSE: 0.005514415823709658
Finished training EB misspecified, with SURE: 0.0071507533348928835
Finished training EB misspecified, with in-sample MSE: 0.0054807871670589205
Finished training EB wellspecified, with SURE: 0.0006009673205532296
Finished training EB wellspecified, with in-sample MSE: 0.004746283479443499
m: 87
Finished solving NPMLE, with SURE 0.052142807799368675
Finished solving NPMLE, with in-sample MSE 0.006432253880054749
Finished solving parametric estimator, with SURE 0.0038737843142938877
Finished solving parametric estimator, with in-sample MSE 0.005413947959624661
Finished solving EBCF, with in-sample MSE 0.000513496400986846
Finished training EB SURE-LS, with SURE: -0.001721003840637778
Finished training EB SURE-LS, with in-sample MSE: 0.0003323502088243877
use_scale: True
use_location: False
Finished training EB misspecified with NPMLE init, with SURE: 0.00369592279588419
Finished training EB misspecified with NPMLE init, with in-sample MSE: 0.005457171359387833
Finished training EB misspecified, with SURE: 0.003695529279175318
Finished training EB misspecified, with in-sample MSE: 0.005457637741025101
Finished training EB wellspecified, with SURE: -0.0021978710998399598
Finished training EB wellspecified, with in-sample MSE: 0.0003406389280418706
m: 88
Finished solving NPMLE, with SURE 0.10173761085516862
Finished solving NPMLE, with in-sample MSE 0.006518493454717018
Finished solving parametric estimator, with SURE 0.00023670509543652352
Finished solving parametric estimator, with in-sample MSE 0.005693235198521118
Finished solving EBCF, with in-sample MSE 0.0005112496003597952
Finished training EB SURE-LS, with SURE: -0.00466189942895137
Finished training EB SURE-LS, with in-sample MSE: 0.0003211607302668271
use_scale: True
use_location: False
Finished training EB misspecified with NPMLE init, with SURE: 0.0001572474362066423
Finished training EB misspecified with NPMLE init, with in-sample MSE: 0.0056930415171866046
Finished training EB misspecified, with SURE: 0.0001572312343600224
Finished training EB misspecified, with in-sample MSE: 0.005693101366798703
Finished training EB wellspecified, with SURE: -0.005163933349280155
Finished training EB wellspecified, with in-sample MSE: 0.0002549726871185146
m: 89
Finished solving NPMLE, with SURE 0.0974695104578735
Finished solving NPMLE, with in-sample MSE 0.005593045785507831
Finished solving parametric estimator, with SURE 0.006137345214616327
Finished solving parametric estimator, with in-sample MSE 0.004787610703600744
Finished solving EBCF, with in-sample MSE 0.0005631089317130924
Finished training EB SURE-LS, with SURE: 0.0018639605647055456
Finished training EB SURE-LS, with in-sample MSE: 0.0003188448032659484
use_scale: True
use_location: False
Finished training EB misspecified with NPMLE init, with SURE: 0.006022145922197986
Finished training EB misspecified with NPMLE init, with in-sample MSE: 0.004804049144849217
Finished training EB misspecified, with SURE: 0.006031732518161093
Finished training EB misspecified, with in-sample MSE: 0.004798315925422633
Finished training EB wellspecified, with SURE: -0.0003895687088982746
Finished training EB wellspecified, with in-sample MSE: 0.0021850187985080895
m: 90
Finished solving NPMLE, with SURE 0.06703041100491362
Finished solving NPMLE, with in-sample MSE 0.005327434113885893
Finished solving parametric estimator, with SURE 0.0038238065286805706
Finished solving parametric estimator, with in-sample MSE 0.004628021371059669
Finished solving EBCF, with in-sample MSE 0.0003062645427321622
Finished training EB SURE-LS, with SURE: -0.0009982868145619996
Finished training EB SURE-LS, with in-sample MSE: 0.000189684795257024
use_scale: True
use_location: False
Finished training EB misspecified with NPMLE init, with SURE: 0.003462104255381675
Finished training EB misspecified with NPMLE init, with in-sample MSE: 0.004910869818355353
Finished training EB misspecified, with SURE: 0.0034907671798355723
Finished training EB misspecified, with in-sample MSE: 0.004933904205356154
Finished training EB wellspecified, with SURE: -0.001368376589908571
Finished training EB wellspecified, with in-sample MSE: 0.0008565097924649362
m: 91
Finished solving NPMLE, with SURE 0.03293752348188102
Finished solving NPMLE, with in-sample MSE 0.0049272160517051765
Finished solving parametric estimator, with SURE 0.005949180973232673
Finished solving parametric estimator, with in-sample MSE 0.004900916094073781
Finished solving EBCF, with in-sample MSE 0.001542027240129157
Finished training EB SURE-LS, with SURE: -0.002431723308828207
Finished training EB SURE-LS, with in-sample MSE: 0.0011330206504477503
use_scale: True
use_location: False
Finished training EB misspecified with NPMLE init, with SURE: 0.005624711922988155
Finished training EB misspecified with NPMLE init, with in-sample MSE: 0.005229868394701083
Finished training EB misspecified, with SURE: 0.005716843794533126
Finished training EB misspecified, with in-sample MSE: 0.00512478426322763
Finished training EB wellspecified, with SURE: -0.007083593047588235
Finished training EB wellspecified, with in-sample MSE: 0.006658473793113947
m: 92
Mosek failed on this run
Finished solving parametric estimator, with SURE 0.007767411989692427
Finished solving parametric estimator, with in-sample MSE 0.005092288597508974
Finished solving EBCF, with in-sample MSE 0.0007118453821057278
Finished training EB SURE-LS, with SURE: 0.0026661741032345736
Finished training EB SURE-LS, with in-sample MSE: 0.00023347170053030178
use_scale: True
use_location: False
Finished training EB misspecified, with SURE: 0.007616478317895528
Finished training EB misspecified, with in-sample MSE: 0.005195708251983302
Finished training EB wellspecified, with SURE: -0.0010389357115975733
Finished training EB wellspecified, with in-sample MSE: 0.0047903323670963165
m: 93
Finished solving NPMLE, with SURE 0.10181362972896314
Finished solving NPMLE, with in-sample MSE 0.005338780709304227
Finished solving parametric estimator, with SURE 0.013168521244956807
Finished solving parametric estimator, with in-sample MSE 0.005071717592925884
Finished solving EBCF, with in-sample MSE 0.0006930472731458478
Finished training EB SURE-LS, with SURE: 0.006822942487756115
Finished training EB SURE-LS, with in-sample MSE: 0.00043032011108691396
use_scale: True
use_location: False
Finished training EB misspecified with NPMLE init, with SURE: 0.01261422222753165
Finished training EB misspecified with NPMLE init, with in-sample MSE: 0.005557928292292529
Finished training EB misspecified, with SURE: 0.01261382247993371
Finished training EB misspecified, with in-sample MSE: 0.005558475280891853
Finished training EB wellspecified, with SURE: 0.0015064116086501763
Finished training EB wellspecified, with in-sample MSE: 0.005752020006208103
m: 94
Finished solving NPMLE, with SURE 0.04059228366996065
Finished solving NPMLE, with in-sample MSE 0.005705230972465486
Finished solving parametric estimator, with SURE 0.0009884543643124966
Finished solving parametric estimator, with in-sample MSE 0.004969883729803515
Finished solving EBCF, with in-sample MSE 0.0011884936472187527
Finished training EB SURE-LS, with SURE: -0.0024463126279424987
Finished training EB SURE-LS, with in-sample MSE: 0.00030827786693525197
use_scale: True
use_location: False
Finished training EB misspecified with NPMLE init, with SURE: 0.00033891874003669995
Finished training EB misspecified with NPMLE init, with in-sample MSE: 0.005807715449666881
Finished training EB misspecified, with SURE: 0.00034126116816292297
Finished training EB misspecified, with in-sample MSE: 0.005800493936461763
Finished training EB wellspecified, with SURE: -0.005420442765399779
Finished training EB wellspecified, with in-sample MSE: 0.0030657079392397437
m: 95
Finished solving NPMLE, with SURE 0.05055602651821232
Finished solving NPMLE, with in-sample MSE 0.004633601430004581
Finished solving parametric estimator, with SURE 0.003966462620755784
Finished solving parametric estimator, with in-sample MSE 0.004532140619671452
Finished solving EBCF, with in-sample MSE 0.0006792924528676713
Finished training EB SURE-LS, with SURE: -0.0018368221801820172
Finished training EB SURE-LS, with in-sample MSE: 0.00043327170310464535
use_scale: True
use_location: False
Finished training EB misspecified with NPMLE init, with SURE: 0.0038583368144115226
Finished training EB misspecified with NPMLE init, with in-sample MSE: 0.004615697962485862
Finished training EB misspecified, with SURE: 0.003858812228855317
Finished training EB misspecified, with in-sample MSE: 0.004615432964402692
Finished training EB wellspecified, with SURE: -0.0021908124689935275
Finished training EB wellspecified, with in-sample MSE: 0.0005235489818043434
m: 96
Finished solving NPMLE, with SURE 0.17557891779567608
Finished solving NPMLE, with in-sample MSE 0.0056435392854889185
Finished solving parametric estimator, with SURE 0.00582573438060624
Finished solving parametric estimator, with in-sample MSE 0.005223516666803785
Finished solving EBCF, with in-sample MSE 0.0005587567826203367
Finished training EB SURE-LS, with SURE: 0.00018927922788489622
Finished training EB SURE-LS, with in-sample MSE: 0.00042723202439046306
use_scale: True
use_location: False
Finished training EB misspecified with NPMLE init, with SURE: 0.00538142314265162
Finished training EB misspecified with NPMLE init, with in-sample MSE: 0.00565587479314831
Finished training EB misspecified, with SURE: 0.00538307897324124
Finished training EB misspecified, with in-sample MSE: 0.005649340775438665
Finished training EB wellspecified, with SURE: -0.001173703230717788
Finished training EB wellspecified, with in-sample MSE: 0.0007624071415647938
m: 97
Finished solving NPMLE, with SURE 0.12393691100555394
Finished solving NPMLE, with in-sample MSE 0.006064109680421498
Finished solving parametric estimator, with SURE 0.010268062909776499
Finished solving parametric estimator, with in-sample MSE 0.005281447875697671
Finished solving EBCF, with in-sample MSE 0.0005472923971047354
Finished training EB SURE-LS, with SURE: 0.010208094157347936
Finished training EB SURE-LS, with in-sample MSE: 0.00536432084061391
use_scale: True
use_location: False
Finished training EB misspecified with NPMLE init, with SURE: 0.01009801356614469
Finished training EB misspecified with NPMLE init, with in-sample MSE: 0.005372043716290547
Finished training EB misspecified, with SURE: 0.010102666855586123
Finished training EB misspecified, with in-sample MSE: 0.0053728333423640005
Finished training EB wellspecified, with SURE: 0.0007895861563424428
Finished training EB wellspecified, with in-sample MSE: 0.003685195676029629
m: 98
Finished solving NPMLE, with SURE 0.09157741663759073
Finished solving NPMLE, with in-sample MSE 0.005673274229114558
Finished solving parametric estimator, with SURE 0.002652374338774882
Finished solving parametric estimator, with in-sample MSE 0.005090285765903838
Finished solving EBCF, with in-sample MSE 0.00036863722075387975
Finished training EB SURE-LS, with SURE: -0.002104735170805737
Finished training EB SURE-LS, with in-sample MSE: 0.00026051562579491156
use_scale: True
use_location: False
Finished training EB misspecified with NPMLE init, with SURE: 0.002570846352955609
Finished training EB misspecified with NPMLE init, with in-sample MSE: 0.0050819776501315065
Finished training EB misspecified, with SURE: 0.0025799819927828337
Finished training EB misspecified, with in-sample MSE: 0.005096211621737769
Finished training EB wellspecified, with SURE: -0.0045501574443004055
Finished training EB wellspecified, with in-sample MSE: 0.0018098913208567753
m: 99
Finished solving NPMLE, with SURE 0.05466697308554764
Finished solving NPMLE, with in-sample MSE 0.0067768683547337425
Finished solving parametric estimator, with SURE 0.0073168844776164005
Finished solving parametric estimator, with in-sample MSE 0.006101282359969456
Finished solving EBCF, with in-sample MSE 0.002198244090774542
Finished training EB SURE-LS, with SURE: 0.0010174804582945187
Finished training EB SURE-LS, with in-sample MSE: 0.0003981978701641409
use_scale: True
use_location: False
Finished training EB misspecified with NPMLE init, with SURE: 0.007001294244693241
Finished training EB misspecified with NPMLE init, with in-sample MSE: 0.006359105383468986
Finished training EB misspecified, with SURE: 0.007063101565834309
Finished training EB misspecified, with in-sample MSE: 0.006357484682299349
Finished training EB wellspecified, with SURE: -0.003574390581629433
Finished training EB wellspecified, with in-sample MSE: 0.0039038038145232357

n: 6400
m: 50
Finished solving NPMLE, with SURE 0.06235856224978299
Finished solving NPMLE, with in-sample MSE 0.005444264458583805
Finished solving parametric estimator, with SURE 0.0018116715481952539
Finished solving parametric estimator, with in-sample MSE 0.004747118693665006
Finished solving EBCF, with in-sample MSE 0.00040495219589070533
Finished training EB SURE-LS, with SURE: -0.0019295644574431532
Finished training EB SURE-LS, with in-sample MSE: 0.0002709990760986187
use_scale: True
use_location: False
Finished training EB misspecified with NPMLE init, with SURE: 0.0017386805350241019
Finished training EB misspecified with NPMLE init, with in-sample MSE: 0.0047428434455035065
Finished training EB misspecified, with SURE: 0.0017440313591079893
Finished training EB misspecified, with in-sample MSE: 0.004737560848179233
Finished training EB wellspecified, with SURE: -0.0021257143281637166
Finished training EB wellspecified, with in-sample MSE: 0.0003744396257061275
m: 51
Finished solving NPMLE, with SURE 0.06461368213856067
Finished solving NPMLE, with in-sample MSE 0.005651545111728452
Finished solving parametric estimator, with SURE 0.007029748966593974
Finished solving parametric estimator, with in-sample MSE 0.004909730095039956
Finished solving EBCF, with in-sample MSE 0.000299949522102558
Finished training EB SURE-LS, with SURE: 0.00266900861664366
Finished training EB SURE-LS, with in-sample MSE: 0.00023494674571226742
use_scale: True
use_location: False
Finished training EB misspecified with NPMLE init, with SURE: 0.006986357772088994
Finished training EB misspecified with NPMLE init, with in-sample MSE: 0.004896364334440238
Finished training EB misspecified, with SURE: 0.006986950622448838
Finished training EB misspecified, with in-sample MSE: 0.0048962630201904375
Finished training EB wellspecified, with SURE: 0.0013530808611019345
Finished training EB wellspecified, with in-sample MSE: 0.0010378880044095522
m: 52
Finished solving NPMLE, with SURE 0.054339232336365874
Finished solving NPMLE, with in-sample MSE 0.00555507326356641
Finished solving parametric estimator, with SURE 0.00023777789879048106
Finished solving parametric estimator, with in-sample MSE 0.004955957562457558
Finished solving EBCF, with in-sample MSE 0.00031020460880659727
Finished training EB SURE-LS, with SURE: -0.0030741525247971234
Finished training EB SURE-LS, with in-sample MSE: 0.00033935877431237745
use_scale: True
use_location: False
Finished training EB misspecified with NPMLE init, with SURE: 0.00019856565519521752
Finished training EB misspecified with NPMLE init, with in-sample MSE: 0.004955515421030671
Finished training EB misspecified, with SURE: 0.00019866677939170074
Finished training EB misspecified, with in-sample MSE: 0.0049556401509227984
Finished training EB wellspecified, with SURE: -0.0033775667622007993
Finished training EB wellspecified, with in-sample MSE: 0.00032793026523269473
m: 53
Finished solving NPMLE, with SURE 0.06649599772835918
Finished solving NPMLE, with in-sample MSE 0.005744124554078283
Finished solving parametric estimator, with SURE 0.009162849962232517
Finished solving parametric estimator, with in-sample MSE 0.005122387089651574
Finished solving EBCF, with in-sample MSE 0.00030861534921772064
Finished training EB SURE-LS, with SURE: 0.0036509145377457597
Finished training EB SURE-LS, with in-sample MSE: 0.00026035391966961797
use_scale: True
use_location: False
Finished training EB misspecified with NPMLE init, with SURE: 0.008444143797180548
Finished training EB misspecified with NPMLE init, with in-sample MSE: 0.006161802866956997
Finished training EB misspecified, with SURE: 0.008904687973943429
Finished training EB misspecified, with in-sample MSE: 0.005337975784383462
Finished training EB wellspecified, with SURE: 0.001993648967648402
Finished training EB wellspecified, with in-sample MSE: 0.0015101732698660953
m: 54
Finished solving NPMLE, with SURE 0.04095746960019156
Finished solving NPMLE, with in-sample MSE 0.006071075389449339
Finished solving parametric estimator, with SURE 0.0023012797645785427
Finished solving parametric estimator, with in-sample MSE 0.005270588519952769
Finished solving EBCF, with in-sample MSE 0.00023809336750449896
Finished training EB SURE-LS, with SURE: -0.0021123975371088377
Finished training EB SURE-LS, with in-sample MSE: 0.00027145041343462823
use_scale: True
use_location: False
Finished training EB misspecified with NPMLE init, with SURE: 0.002250141805805086
Finished training EB misspecified with NPMLE init, with in-sample MSE: 0.005247301068824904
Finished training EB misspecified, with SURE: 0.0022511242376833
Finished training EB misspecified, with in-sample MSE: 0.005248338586596298
Finished training EB wellspecified, with SURE: -0.002530135503042446
Finished training EB wellspecified, with in-sample MSE: 8.724462965773828e-05
m: 55
Finished solving NPMLE, with SURE 0.21898966630355765
Finished solving NPMLE, with in-sample MSE 0.005734938474272635
Finished solving parametric estimator, with SURE 0.0004068882458631573
Finished solving parametric estimator, with in-sample MSE 0.005218046288517808
Finished solving EBCF, with in-sample MSE 0.000344949197404509
Finished training EB SURE-LS, with SURE: -0.004510107907414207
Finished training EB SURE-LS, with in-sample MSE: 0.0002695031931961059
use_scale: True
use_location: False
Finished training EB misspecified with NPMLE init, with SURE: 0.0003613766130184004
Finished training EB misspecified with NPMLE init, with in-sample MSE: 0.005196982650315124
Finished training EB misspecified, with SURE: 0.0003665196222257805
Finished training EB misspecified, with in-sample MSE: 0.005210795023431226
Finished training EB wellspecified, with SURE: -0.005980304941542433
Finished training EB wellspecified, with in-sample MSE: 0.000816321059774699
m: 56
Finished solving NPMLE, with SURE 0.05326988956822056
Finished solving NPMLE, with in-sample MSE 0.005573750780093468
Finished solving parametric estimator, with SURE 0.007773779352058446
Finished solving parametric estimator, with in-sample MSE 0.004642960232160606
Finished solving EBCF, with in-sample MSE 0.00045874797403579355
Finished training EB SURE-LS, with SURE: 0.0024284585955536425
Finished training EB SURE-LS, with in-sample MSE: 0.000250507566060911
use_scale: True
use_location: False
Finished training EB misspecified with NPMLE init, with SURE: 0.007696380405691361
Finished training EB misspecified with NPMLE init, with in-sample MSE: 0.0046301512983536845
Finished training EB misspecified, with SURE: 0.00769645952424634
Finished training EB misspecified, with in-sample MSE: 0.004630298527803785
Finished training EB wellspecified, with SURE: 0.0013479984003868096
Finished training EB wellspecified, with in-sample MSE: 0.0013246538685747053
m: 57
Finished solving NPMLE, with SURE 0.010833463726174185
Finished solving NPMLE, with in-sample MSE 0.005366375148926534
Finished solving parametric estimator, with SURE 0.003984314764623173
Finished solving parametric estimator, with in-sample MSE 0.004990883785839136
Finished solving EBCF, with in-sample MSE 0.00032255626074329365
Finished training EB SURE-LS, with SURE: -0.0010427499910713443
Finished training EB SURE-LS, with in-sample MSE: 0.0005143451619563842
use_scale: True
use_location: False
Finished training EB misspecified with NPMLE init, with SURE: 0.0036212706509782854
Finished training EB misspecified with NPMLE init, with in-sample MSE: 0.005495777019348153
Finished training EB misspecified, with SURE: 0.003946022146102468
Finished training EB misspecified, with in-sample MSE: 0.005003038291473495
Finished training EB wellspecified, with SURE: -0.0025702916095932033
Finished training EB wellspecified, with in-sample MSE: 0.0011836762127458798
m: 58
Finished solving NPMLE, with SURE 0.04741840030672208
Finished solving NPMLE, with in-sample MSE 0.005660916047816551
Finished solving parametric estimator, with SURE 0.006630604533232942
Finished solving parametric estimator, with in-sample MSE 0.004783106264279822
Finished solving EBCF, with in-sample MSE 0.0030708296682783213
Finished training EB SURE-LS, with SURE: 0.002621158332548905
Finished training EB SURE-LS, with in-sample MSE: 0.0007637045656772646
use_scale: True
use_location: False
Finished training EB misspecified with NPMLE init, with SURE: 0.005589377650506311
Finished training EB misspecified with NPMLE init, with in-sample MSE: 0.006099727427638721
Finished training EB misspecified, with SURE: 0.006582161406495004
Finished training EB misspecified, with in-sample MSE: 0.004838510088934231
Finished training EB wellspecified, with SURE: 0.00044712764688335696
Finished training EB wellspecified, with in-sample MSE: 0.004117355570209914
m: 59
Finished solving NPMLE, with SURE 0.029609405099531506
Finished solving NPMLE, with in-sample MSE 0.005524772308801013
Finished solving parametric estimator, with SURE 0.003976537775801495
Finished solving parametric estimator, with in-sample MSE 0.004856631661636974
Finished solving EBCF, with in-sample MSE 0.00026907516715004497
Finished training EB SURE-LS, with SURE: -0.00029787155768896376
Finished training EB SURE-LS, with in-sample MSE: 0.00020577735280474351
use_scale: True
use_location: False
Finished training EB misspecified with NPMLE init, with SURE: 0.003934872395087065
Finished training EB misspecified with NPMLE init, with in-sample MSE: 0.004859237794336871
Finished training EB misspecified, with SURE: 0.003930697814518514
Finished training EB misspecified, with in-sample MSE: 0.0048730516584083615
Finished training EB wellspecified, with SURE: -0.0017021757537796756
Finished training EB wellspecified, with in-sample MSE: 0.0016622801433829623
m: 60
Mosek failed on this run
Finished solving parametric estimator, with SURE 0.003250141686255023
Finished solving parametric estimator, with in-sample MSE 0.005066402214102318
Finished solving EBCF, with in-sample MSE 0.0012468828786803545
Finished training EB SURE-LS, with SURE: -0.0023067878678300403
Finished training EB SURE-LS, with in-sample MSE: 8.344286876243275e-05
use_scale: True
use_location: False
Finished training EB misspecified, with SURE: 0.003207316393533759
Finished training EB misspecified, with in-sample MSE: 0.005068445399660292
Finished training EB wellspecified, with SURE: -0.0024694591839074832
Finished training EB wellspecified, with in-sample MSE: 5.9664846802562414e-05
m: 61
Finished solving NPMLE, with SURE 0.06427760527525557
Finished solving NPMLE, with in-sample MSE 0.005749411328375443
Finished solving parametric estimator, with SURE 0.004966103594822635
Finished solving parametric estimator, with in-sample MSE 0.00520494833183298
Finished solving EBCF, with in-sample MSE 0.00033364704293444177
Finished training EB SURE-LS, with SURE: 0.0008685397134043716
Finished training EB SURE-LS, with in-sample MSE: 0.0003041885822228697
use_scale: True
use_location: False
Finished training EB misspecified with NPMLE init, with SURE: 0.004923788920804864
Finished training EB misspecified with NPMLE init, with in-sample MSE: 0.005201286631744708
Finished training EB misspecified, with SURE: 0.004922166813893636
Finished training EB misspecified, with in-sample MSE: 0.005202533077319385
Finished training EB wellspecified, with SURE: 3.020616539169435e-05
Finished training EB wellspecified, with in-sample MSE: 0.0006812557918848392
m: 62
Finished solving NPMLE, with SURE 0.06703102902200879
Finished solving NPMLE, with in-sample MSE 0.006071080635799917
Finished solving parametric estimator, with SURE 0.008150410174330297
Finished solving parametric estimator, with in-sample MSE 0.005127518131463318
Finished solving EBCF, with in-sample MSE 0.0006853435845069348
Finished training EB SURE-LS, with SURE: 0.000688930817336324
Finished training EB SURE-LS, with in-sample MSE: 0.0003361174666070757
use_scale: True
use_location: False
Finished training EB misspecified with NPMLE init, with SURE: 0.006912026619055407
Finished training EB misspecified with NPMLE init, with in-sample MSE: 0.006487505327706713
Finished training EB misspecified, with SURE: 0.007992126284905475
Finished training EB misspecified, with in-sample MSE: 0.005164812612358176
Finished training EB wellspecified, with SURE: -0.002062400816427425
Finished training EB wellspecified, with in-sample MSE: 0.003853917895155635
m: 63
Finished solving NPMLE, with SURE 0.12633638715009443
Finished solving NPMLE, with in-sample MSE 0.006092707468211389
Finished solving parametric estimator, with SURE 0.004170175752548022
Finished solving parametric estimator, with in-sample MSE 0.0055943158949121104
Finished solving EBCF, with in-sample MSE 0.0018497134188191332
Finished training EB SURE-LS, with SURE: -0.0005538022621705069
Finished training EB SURE-LS, with in-sample MSE: 0.00035399027290471086
use_scale: True
use_location: False
Finished training EB misspecified with NPMLE init, with SURE: 0.004087503248154256
Finished training EB misspecified with NPMLE init, with in-sample MSE: 0.005607594265179379
Finished training EB misspecified, with SURE: 0.004087276658228358
Finished training EB misspecified, with in-sample MSE: 0.005607951663763323
Finished training EB wellspecified, with SURE: -0.0025329359528519914
Finished training EB wellspecified, with in-sample MSE: 0.0008135283231989413
m: 64
Finished solving NPMLE, with SURE 0.05781898477371865
Finished solving NPMLE, with in-sample MSE 0.006025617845935645
Finished solving parametric estimator, with SURE 0.007269730002743363
Finished solving parametric estimator, with in-sample MSE 0.005554636674513949
Finished solving EBCF, with in-sample MSE 0.00039075713382915906
Finished training EB SURE-LS, with SURE: 0.0024231849570597592
Finished training EB SURE-LS, with in-sample MSE: 0.0002237099767562296
use_scale: True
use_location: False
Finished training EB misspecified with NPMLE init, with SURE: 0.007214393925312805
Finished training EB misspecified with NPMLE init, with in-sample MSE: 0.005570525815703079
Finished training EB misspecified, with SURE: 0.0072136068922185005
Finished training EB misspecified, with in-sample MSE: 0.005571160875464809
Finished training EB wellspecified, with SURE: 0.007222272081638082
Finished training EB wellspecified, with in-sample MSE: 0.00557060768664189
m: 65
Finished solving NPMLE, with SURE 0.028195000043834923
Finished solving NPMLE, with in-sample MSE 0.006275495065947548
Finished solving parametric estimator, with SURE 0.008684750533868704
Finished solving parametric estimator, with in-sample MSE 0.005342068997795808
Finished solving EBCF, with in-sample MSE 0.00047798950844498615
Finished training EB SURE-LS, with SURE: 0.0033724275882943727
Finished training EB SURE-LS, with in-sample MSE: 0.0002468018009094463
use_scale: True
use_location: False
Finished training EB misspecified with NPMLE init, with SURE: 0.00863440802317358
Finished training EB misspecified with NPMLE init, with in-sample MSE: 0.005319855577309995
Finished training EB misspecified, with SURE: 0.008637549653409238
Finished training EB misspecified, with in-sample MSE: 0.005321342623186989
Finished training EB wellspecified, with SURE: 0.0014154237078032035
Finished training EB wellspecified, with in-sample MSE: 0.002138790943280838
m: 66
Finished solving NPMLE, with SURE 0.0966318535817099
Finished solving NPMLE, with in-sample MSE 0.005456917242953708
Finished solving parametric estimator, with SURE 0.004951828076050768
Finished solving parametric estimator, with in-sample MSE 0.00484272713973997
Finished solving EBCF, with in-sample MSE 0.00022631333019749626
Finished training EB SURE-LS, with SURE: -0.0003163909422546332
Finished training EB SURE-LS, with in-sample MSE: 0.00031682798139931104
use_scale: True
use_location: False
Finished training EB misspecified with NPMLE init, with SURE: 0.00486752757212443
Finished training EB misspecified with NPMLE init, with in-sample MSE: 0.004907147252130742
Finished training EB misspecified, with SURE: 0.004872332204978029
Finished training EB misspecified, with in-sample MSE: 0.00490814059503725
Finished training EB wellspecified, with SURE: -0.001477678647950712
Finished training EB wellspecified, with in-sample MSE: 0.0011893771447217857
m: 67
Finished solving NPMLE, with SURE 0.16819565479609394
Finished solving NPMLE, with in-sample MSE 0.0052804577111088295
Finished solving parametric estimator, with SURE 0.006242913412529805
Finished solving parametric estimator, with in-sample MSE 0.004808071194500737
Finished solving EBCF, with in-sample MSE 0.000328039861358874
Finished training EB SURE-LS, with SURE: 0.0005869386215994165
Finished training EB SURE-LS, with in-sample MSE: 0.0002489669228496808
use_scale: True
use_location: False
Finished training EB misspecified with NPMLE init, with SURE: 0.006198692879332768
Finished training EB misspecified with NPMLE init, with in-sample MSE: 0.004814865138825071
Finished training EB misspecified, with SURE: 0.006188521895132091
Finished training EB misspecified, with in-sample MSE: 0.004816716585294247
Finished training EB wellspecified, with SURE: -0.0003385916025324036
Finished training EB wellspecified, with in-sample MSE: 0.00038611946620739456
m: 68
Finished solving NPMLE, with SURE 0.04908453462278651
Finished solving NPMLE, with in-sample MSE 0.0065355619563305925
Finished solving parametric estimator, with SURE 0.00782050277507497
Finished solving parametric estimator, with in-sample MSE 0.005297583776715706
Finished solving EBCF, with in-sample MSE 0.00048626717160188507
Finished training EB SURE-LS, with SURE: 0.003747342953683127
Finished training EB SURE-LS, with in-sample MSE: 0.000323035150560687
use_scale: True
use_location: False
Finished training EB misspecified with NPMLE init, with SURE: 0.006673241656374245
Finished training EB misspecified with NPMLE init, with in-sample MSE: 0.006748677915824589
Finished training EB misspecified, with SURE: 0.007677305490209729
Finished training EB misspecified, with in-sample MSE: 0.005356556377644415
Finished training EB wellspecified, with SURE: 0.003409106399627574
Finished training EB wellspecified, with in-sample MSE: 0.0005186912331182497
m: 69
Finished solving NPMLE, with SURE 0.12363598911093444
Finished solving NPMLE, with in-sample MSE 0.006135690832698286
Finished solving parametric estimator, with SURE 0.0036490864560960456
Finished solving parametric estimator, with in-sample MSE 0.00531361381396445
Finished solving EBCF, with in-sample MSE 0.00046668720986179436
Finished training EB SURE-LS, with SURE: -0.0010034758517037685
Finished training EB SURE-LS, with in-sample MSE: 0.0003316188663114474
use_scale: True
use_location: False
Finished training EB misspecified with NPMLE init, with SURE: 0.0035902328222876356
Finished training EB misspecified with NPMLE init, with in-sample MSE: 0.005292142861025072
Finished training EB misspecified, with SURE: 0.0035775626085942135
Finished training EB misspecified, with in-sample MSE: 0.0052950590579596436
Finished training EB wellspecified, with SURE: -0.0024174756948678057
Finished training EB wellspecified, with in-sample MSE: 0.0009249608267562617
m: 70
Mosek failed on this run
Finished solving parametric estimator, with SURE 0.003337828259695183
Finished solving parametric estimator, with in-sample MSE 0.004761159189991421
Finished solving EBCF, with in-sample MSE 0.0004604804530296892
Finished training EB SURE-LS, with SURE: 0.0006684686984918517
Finished training EB SURE-LS, with in-sample MSE: 0.0006882785319600163
use_scale: True
use_location: False
Finished training EB misspecified, with SURE: 0.0032900158574989645
Finished training EB misspecified, with in-sample MSE: 0.004740635706095411
Finished training EB wellspecified, with SURE: -0.0008498290112182864
Finished training EB wellspecified, with in-sample MSE: 0.0021624930152844453
m: 71
Finished solving NPMLE, with SURE 0.032910373990026456
Finished solving NPMLE, with in-sample MSE 0.005853443330337045
Finished solving parametric estimator, with SURE 0.0046988279579076725
Finished solving parametric estimator, with in-sample MSE 0.004982102813354095
Finished solving EBCF, with in-sample MSE 0.0013891750671478748
Finished training EB SURE-LS, with SURE: -0.00024752304826193853
Finished training EB SURE-LS, with in-sample MSE: 0.00022606894138678865
use_scale: True
use_location: False
Finished training EB misspecified with NPMLE init, with SURE: 0.004616546580559131
Finished training EB misspecified with NPMLE init, with in-sample MSE: 0.0049866840478474195
Finished training EB misspecified, with SURE: 0.004617371498293448
Finished training EB misspecified, with in-sample MSE: 0.00498086375914367
Finished training EB wellspecified, with SURE: -0.0010016388402591177
Finished training EB wellspecified, with in-sample MSE: 0.0006233444956378002
m: 72
Finished solving NPMLE, with SURE 0.050217360296684284
Finished solving NPMLE, with in-sample MSE 0.005404277088240244
Finished solving parametric estimator, with SURE -0.0018267248560802085
Finished solving parametric estimator, with in-sample MSE 0.004871641369832502
Finished solving EBCF, with in-sample MSE 0.00019945475762521946
Finished training EB SURE-LS, with SURE: -0.006896814554471216
Finished training EB SURE-LS, with in-sample MSE: 0.0001939931817535649
use_scale: True
use_location: False
Finished training EB misspecified with NPMLE init, with SURE: -0.0018655306788484794
Finished training EB misspecified with NPMLE init, with in-sample MSE: 0.004868874337770903
Finished training EB misspecified, with SURE: -0.0018653196745496814
Finished training EB misspecified, with in-sample MSE: 0.004870568672169561
Finished training EB wellspecified, with SURE: -0.006946466113232462
Finished training EB wellspecified, with in-sample MSE: 0.00014204705913672494
m: 73
Mosek failed on this run
Finished solving parametric estimator, with SURE 0.006448101473896739
Finished solving parametric estimator, with in-sample MSE 0.005123650877359945
Finished solving EBCF, with in-sample MSE 0.0004297963060740805
Finished training EB SURE-LS, with SURE: 0.0005998528184672386
Finished training EB SURE-LS, with in-sample MSE: 0.000309898549125411
use_scale: True
use_location: False
Finished training EB misspecified, with SURE: 0.006369815434594344
Finished training EB misspecified, with in-sample MSE: 0.005187049085668861
Finished training EB wellspecified, with SURE: -0.001088420418554741
Finished training EB wellspecified, with in-sample MSE: 0.0013421470622810613
m: 74
Mosek failed on this run
Finished solving parametric estimator, with SURE 0.009029110920234687
Finished solving parametric estimator, with in-sample MSE 0.005618942967284121
Finished solving EBCF, with in-sample MSE 0.0005484991407248672
Finished training EB SURE-LS, with SURE: 0.002760544671837509
Finished training EB SURE-LS, with in-sample MSE: 0.00046809170340271917
use_scale: True
use_location: False
Finished training EB misspecified, with SURE: 0.00885986133001639
Finished training EB misspecified, with in-sample MSE: 0.005852913534437012
Finished training EB wellspecified, with SURE: 0.001051373266180668
Finished training EB wellspecified, with in-sample MSE: 0.0016716425918662536
m: 75
Mosek failed on this run
Finished solving parametric estimator, with SURE 0.005449115951660324
Finished solving parametric estimator, with in-sample MSE 0.004789177333154879
Finished solving EBCF, with in-sample MSE 0.0005059938681718036
Finished training EB SURE-LS, with SURE: 0.00036798342669539614
Finished training EB SURE-LS, with in-sample MSE: 0.0002010834010968205
use_scale: True
use_location: False
Finished training EB misspecified, with SURE: 0.005400512799101307
Finished training EB misspecified, with in-sample MSE: 0.004805418669985358
Finished training EB wellspecified, with SURE: -0.0009959838883419623
Finished training EB wellspecified, with in-sample MSE: 0.001653897948030511
m: 76
Finished solving NPMLE, with SURE 0.02427637821374395
Finished solving NPMLE, with in-sample MSE 0.005765057366466918
Finished solving parametric estimator, with SURE 0.0025037842032171465
Finished solving parametric estimator, with in-sample MSE 0.005020740755102007
Finished solving EBCF, with in-sample MSE 0.0005273134901404645
Finished training EB SURE-LS, with SURE: -0.0007836984490701726
Finished training EB SURE-LS, with in-sample MSE: 0.00042481278437336227
use_scale: True
use_location: False
Finished training EB misspecified with NPMLE init, with SURE: 0.0017050019743707167
Finished training EB misspecified with NPMLE init, with in-sample MSE: 0.006839855359176767
Finished training EB misspecified, with SURE: 0.0024652968823791178
Finished training EB misspecified, with in-sample MSE: 0.0050187505674770426
Finished training EB wellspecified, with SURE: -0.003129046768026521
Finished training EB wellspecified, with in-sample MSE: 0.00382681498284332
m: 77
Finished solving NPMLE, with SURE 0.06260470372047072
Finished solving NPMLE, with in-sample MSE 0.005904939426960036
Finished solving parametric estimator, with SURE -0.001195279348114836
Finished solving parametric estimator, with in-sample MSE 0.005123625142709436
Finished solving EBCF, with in-sample MSE 0.00022532993106783662
Finished training EB SURE-LS, with SURE: -0.007303068830691193
Finished training EB SURE-LS, with in-sample MSE: 0.00027936507007648303
use_scale: True
use_location: False
Finished training EB misspecified with NPMLE init, with SURE: -0.0012344362920408613
Finished training EB misspecified with NPMLE init, with in-sample MSE: 0.005120363751606915
Finished training EB misspecified, with SURE: -0.001234349493830038
Finished training EB misspecified, with in-sample MSE: 0.00512293068322112
Finished training EB wellspecified, with SURE: -0.00830515145680037
Finished training EB wellspecified, with in-sample MSE: 0.0006361385070329628
m: 78
Mosek failed on this run
Finished solving parametric estimator, with SURE 0.005556785349109902
Finished solving parametric estimator, with in-sample MSE 0.0049977158257426026
Finished solving EBCF, with in-sample MSE 0.001236010656058135
Finished training EB SURE-LS, with SURE: 0.0019040988654348285
Finished training EB SURE-LS, with in-sample MSE: 0.00033178468970236527
use_scale: True
use_location: False
Finished training EB misspecified, with SURE: 0.005440935049171447
Finished training EB misspecified, with in-sample MSE: 0.005053589146008205
Finished training EB wellspecified, with SURE: 0.0017859964603342082
Finished training EB wellspecified, with in-sample MSE: 0.0002486965793690721
m: 79
Finished solving NPMLE, with SURE 0.09976601845933178
Finished solving NPMLE, with in-sample MSE 0.00500907649258149
Finished solving parametric estimator, with SURE 0.005730452147143725
Finished solving parametric estimator, with in-sample MSE 0.0048524650105996135
Finished solving EBCF, with in-sample MSE 0.000600615509457534
Finished training EB SURE-LS, with SURE: 0.0004844272459403165
Finished training EB SURE-LS, with in-sample MSE: 0.0003130827839745403
use_scale: True
use_location: False
Finished training EB misspecified with NPMLE init, with SURE: 0.005673896730218182
Finished training EB misspecified with NPMLE init, with in-sample MSE: 0.00488818523606189
Finished training EB misspecified, with SURE: 0.005674105442549085
Finished training EB misspecified, with in-sample MSE: 0.004888154662488669
Finished training EB wellspecified, with SURE: -0.000642370234987755
Finished training EB wellspecified, with in-sample MSE: 0.0007741931171259616
m: 80
Finished solving NPMLE, with SURE 0.015421270206430701
Finished solving NPMLE, with in-sample MSE 0.006085844575791061
Finished solving parametric estimator, with SURE 0.002058965984922903
Finished solving parametric estimator, with in-sample MSE 0.005378576675652636
Finished solving EBCF, with in-sample MSE 0.00040525040089530503
Finished training EB SURE-LS, with SURE: -0.002228999536394704
Finished training EB SURE-LS, with in-sample MSE: 0.00030067067308225
use_scale: True
use_location: False
Finished training EB misspecified with NPMLE init, with SURE: 0.0020167788149166024
Finished training EB misspecified with NPMLE init, with in-sample MSE: 0.005379206588665331
Finished training EB misspecified, with SURE: 0.002018565671521362
Finished training EB misspecified, with in-sample MSE: 0.005383874575755203
Finished training EB wellspecified, with SURE: -0.002877538229893676
Finished training EB wellspecified, with in-sample MSE: 0.0009032493793499058
m: 81
Finished solving NPMLE, with SURE 0.04587515497782098
Finished solving NPMLE, with in-sample MSE 0.005885039187035629
Finished solving parametric estimator, with SURE 0.007474759626161356
Finished solving parametric estimator, with in-sample MSE 0.005033039304144509
Finished solving EBCF, with in-sample MSE 0.00047588230204469205
Finished training EB SURE-LS, with SURE: 0.0009557388477974399
Finished training EB SURE-LS, with in-sample MSE: 0.000237376633207101
use_scale: True
use_location: False
Finished training EB misspecified with NPMLE init, with SURE: 0.0074149948001497636
Finished training EB misspecified with NPMLE init, with in-sample MSE: 0.005026659138150829
Finished training EB misspecified, with SURE: 0.007415322227089796
Finished training EB misspecified, with in-sample MSE: 0.005026669055047235
Finished training EB wellspecified, with SURE: 0.00014713689802666572
Finished training EB wellspecified, with in-sample MSE: 0.0010718050945809053
m: 82
Finished solving NPMLE, with SURE 0.04091718837494289
Finished solving NPMLE, with in-sample MSE 0.005426096577279228
Finished solving parametric estimator, with SURE 0.0034198531905578478
Finished solving parametric estimator, with in-sample MSE 0.004654412169799616
Finished solving EBCF, with in-sample MSE 0.00022270258654173285
Finished training EB SURE-LS, with SURE: -0.0005626179597577169
Finished training EB SURE-LS, with in-sample MSE: 0.00023048896661938698
use_scale: True
use_location: False
Finished training EB misspecified with NPMLE init, with SURE: 0.0033598322193454776
Finished training EB misspecified with NPMLE init, with in-sample MSE: 0.004663328662933774
Finished training EB misspecified, with SURE: 0.0033763863552426976
Finished training EB misspecified, with in-sample MSE: 0.004638360992543513
Finished training EB wellspecified, with SURE: -0.0009379845168356756
Finished training EB wellspecified, with in-sample MSE: 0.00016077155649530539
m: 83
Finished solving NPMLE, with SURE 0.0644957090291473
Finished solving NPMLE, with in-sample MSE 0.006180458856027055
Finished solving parametric estimator, with SURE 0.006796976857984888
Finished solving parametric estimator, with in-sample MSE 0.005245013765967782
Finished solving EBCF, with in-sample MSE 0.0003811577946624783
Finished training EB SURE-LS, with SURE: 0.001652411376512292
Finished training EB SURE-LS, with in-sample MSE: 0.0002292160746063032
use_scale: True
use_location: False
Finished training EB misspecified with NPMLE init, with SURE: 0.0065768816954534515
Finished training EB misspecified with NPMLE init, with in-sample MSE: 0.005399622404450093
Finished training EB misspecified, with SURE: 0.006731027759883101
Finished training EB misspecified, with in-sample MSE: 0.005224256247665182
Finished training EB wellspecified, with SURE: -0.00039701255564510103
Finished training EB wellspecified, with in-sample MSE: 0.0019678800075920806
m: 84
Finished solving NPMLE, with SURE 0.041963105153275906
Finished solving NPMLE, with in-sample MSE 0.005737504665437974
Finished solving parametric estimator, with SURE 0.0031710737353741053
Finished solving parametric estimator, with in-sample MSE 0.0049354735331578045
Finished solving EBCF, with in-sample MSE 0.0011392353605898726
Finished training EB SURE-LS, with SURE: -0.0009085504649447548
Finished training EB SURE-LS, with in-sample MSE: 0.0002618085553557929
use_scale: True
use_location: False
Finished training EB misspecified with NPMLE init, with SURE: 0.002727396620869218
Finished training EB misspecified with NPMLE init, with in-sample MSE: 0.005593577782844737
Finished training EB misspecified, with SURE: 0.002733128244252132
Finished training EB misspecified, with in-sample MSE: 0.0055819095643217095
Finished training EB wellspecified, with SURE: -0.002046389575471849
Finished training EB wellspecified, with in-sample MSE: 0.0012940070501737339
m: 85
Finished solving NPMLE, with SURE 0.07624942510530015
Finished solving NPMLE, with in-sample MSE 0.006693831152350908
Finished solving parametric estimator, with SURE 0.0037023336956516634
Finished solving parametric estimator, with in-sample MSE 0.00597176828119807
Finished solving EBCF, with in-sample MSE 0.0006506655880594133
Finished training EB SURE-LS, with SURE: -0.0013064457866368612
Finished training EB SURE-LS, with in-sample MSE: 0.0004419073409150246
use_scale: True
use_location: False
Finished training EB misspecified with NPMLE init, with SURE: 0.003650526633217339
Finished training EB misspecified with NPMLE init, with in-sample MSE: 0.0059531798634720745
Finished training EB misspecified, with SURE: 0.0036463998295248245
Finished training EB misspecified, with in-sample MSE: 0.005949569810609987
Finished training EB wellspecified, with SURE: -0.0032470149576933898
Finished training EB wellspecified, with in-sample MSE: 0.0015106892708668116
m: 86
Mosek failed on this run
Finished solving parametric estimator, with SURE 0.004306224914645357
Finished solving parametric estimator, with in-sample MSE 0.004746757065400178
Finished solving EBCF, with in-sample MSE 0.00015444429319129747
Finished training EB SURE-LS, with SURE: -0.00044908453611241904
Finished training EB SURE-LS, with in-sample MSE: 0.0001759741847819641
use_scale: True
use_location: False
Finished training EB misspecified, with SURE: 0.004265095893206805
Finished training EB misspecified, with in-sample MSE: 0.004743029989690484
Finished training EB wellspecified, with SURE: -0.0016899235911282207
Finished training EB wellspecified, with in-sample MSE: 0.0014699523838324021
m: 87
Mosek failed on this run
Finished solving parametric estimator, with SURE 0.007682456925110728
Finished solving parametric estimator, with in-sample MSE 0.005443111333522317
Finished solving EBCF, with in-sample MSE 0.0003920347916002177
Finished training EB SURE-LS, with SURE: 0.001409855413717107
Finished training EB SURE-LS, with in-sample MSE: 0.0003469545413270316
use_scale: True
use_location: False
Finished training EB misspecified, with SURE: 0.007627933372140401
Finished training EB misspecified, with in-sample MSE: 0.005433668288100486
Finished training EB wellspecified, with SURE: 0.0001373197876623964
Finished training EB wellspecified, with in-sample MSE: 0.0015101881396968016
m: 88
Finished solving NPMLE, with SURE 0.095286368072614
Finished solving NPMLE, with in-sample MSE 0.005608629628533076
Finished solving parametric estimator, with SURE 0.0048719446146676115
Finished solving parametric estimator, with in-sample MSE 0.0050202392266304975
Finished solving EBCF, with in-sample MSE 0.00022404985625960818
Finished training EB SURE-LS, with SURE: -0.0003144396467810978
Finished training EB SURE-LS, with in-sample MSE: 7.030375189671182e-05
use_scale: True
use_location: False
Finished training EB misspecified with NPMLE init, with SURE: 0.004794257421656258
Finished training EB misspecified with NPMLE init, with in-sample MSE: 0.005037209658350239
Finished training EB misspecified, with SURE: 0.004794245369094909
Finished training EB misspecified, with in-sample MSE: 0.005037314060380232
Finished training EB wellspecified, with SURE: -0.00036116628333713235
Finished training EB wellspecified, with in-sample MSE: 7.940254176158169e-06
m: 89
Finished solving NPMLE, with SURE 0.12112471528476522
Finished solving NPMLE, with in-sample MSE 0.005622560245550526
Finished solving parametric estimator, with SURE 0.009881085846897925
Finished solving parametric estimator, with in-sample MSE 0.004952370455367232
Finished solving EBCF, with in-sample MSE 0.00039130344451796613
Finished training EB SURE-LS, with SURE: 0.004346590227049193
Finished training EB SURE-LS, with in-sample MSE: 0.0003292464134140017
use_scale: True
use_location: False
Finished training EB misspecified with NPMLE init, with SURE: 0.009645169252854338
Finished training EB misspecified with NPMLE init, with in-sample MSE: 0.005210353625877439
Finished training EB misspecified, with SURE: 0.009643457541883204
Finished training EB misspecified, with in-sample MSE: 0.005211623761976392
Finished training EB wellspecified, with SURE: 0.003791246498819904
Finished training EB wellspecified, with in-sample MSE: 0.0006962563916316001
m: 90
Mosek failed on this run
Finished solving parametric estimator, with SURE 0.005548556617517311
Finished solving parametric estimator, with in-sample MSE 0.005292355587032244
Finished solving EBCF, with in-sample MSE 0.001485073539294899
Finished training EB SURE-LS, with SURE: 0.00040280313958985777
Finished training EB SURE-LS, with in-sample MSE: 0.00034507884105844323
use_scale: True
use_location: False
Finished training EB misspecified, with SURE: 0.005429447711173569
Finished training EB misspecified, with in-sample MSE: 0.005408921098709432
Finished training EB wellspecified, with SURE: -0.0007232217519293568
Finished training EB wellspecified, with in-sample MSE: 0.001155649414524435
m: 91
Mosek failed on this run
Finished solving parametric estimator, with SURE 0.004332685860776564
Finished solving parametric estimator, with in-sample MSE 0.004902565812118375
Finished solving EBCF, with in-sample MSE 0.000847801066988474
Finished training EB SURE-LS, with SURE: 0.00016729892956587986
Finished training EB SURE-LS, with in-sample MSE: 0.0002552870334312505
use_scale: True
use_location: False
Finished training EB misspecified, with SURE: 0.00395346248919175
Finished training EB misspecified, with in-sample MSE: 0.005219785217925804
Finished training EB wellspecified, with SURE: -0.0008472902218333475
Finished training EB wellspecified, with in-sample MSE: 0.001274624413285846
m: 92
Finished solving NPMLE, with SURE 0.10977578876419802
Finished solving NPMLE, with in-sample MSE 0.005611537813616427
Finished solving parametric estimator, with SURE 0.00849843578706476
Finished solving parametric estimator, with in-sample MSE 0.005036535228148704
Finished solving EBCF, with in-sample MSE 0.0006001110699246471
Finished training EB SURE-LS, with SURE: 0.0021857917489550185
Finished training EB SURE-LS, with in-sample MSE: 0.0005504065975174697
use_scale: True
use_location: False
Finished training EB misspecified with NPMLE init, with SURE: 0.008337295089583209
Finished training EB misspecified with NPMLE init, with in-sample MSE: 0.0053288585836430554
Finished training EB misspecified, with SURE: 0.008387698514417893
Finished training EB misspecified, with in-sample MSE: 0.005160565159701578
Finished training EB wellspecified, with SURE: 0.00023288795227389275
Finished training EB wellspecified, with in-sample MSE: 0.002212074048580379
m: 93
Finished solving NPMLE, with SURE 0.04324679914630753
Finished solving NPMLE, with in-sample MSE 0.005355592858572216
Finished solving parametric estimator, with SURE 2.0884609184271263e-05
Finished solving parametric estimator, with in-sample MSE 0.004867798862754003
Finished solving EBCF, with in-sample MSE 0.0002632823595924038
Finished training EB SURE-LS, with SURE: -0.0034860218161359216
Finished training EB SURE-LS, with in-sample MSE: 0.0003083841084126794
use_scale: True
use_location: False
Finished training EB misspecified with NPMLE init, with SURE: -1.762609969620854e-05
Finished training EB misspecified with NPMLE init, with in-sample MSE: 0.004866068680370006
Finished training EB misspecified, with SURE: -1.738104569469101e-05
Finished training EB misspecified, with in-sample MSE: 0.004867104535456173
Finished training EB wellspecified, with SURE: -0.0035493706418268122
Finished training EB wellspecified, with in-sample MSE: 0.00022849204263193437
m: 94
Finished solving NPMLE, with SURE 0.07080414923385522
Finished solving NPMLE, with in-sample MSE 0.006091573164570763
Finished solving parametric estimator, with SURE -0.00015929893542251938
Finished solving parametric estimator, with in-sample MSE 0.0052876184663543805
Finished solving EBCF, with in-sample MSE 0.0002519825832292411
Finished training EB SURE-LS, with SURE: -0.006325278099031228
Finished training EB SURE-LS, with in-sample MSE: 0.00011802732823031679
use_scale: True
use_location: False
Finished training EB misspecified with NPMLE init, with SURE: -0.00021907746015880746
Finished training EB misspecified with NPMLE init, with in-sample MSE: 0.0052782059738112385
Finished training EB misspecified, with SURE: -0.00019955685776793075
Finished training EB misspecified, with in-sample MSE: 0.005273163128657738
Finished training EB wellspecified, with SURE: -0.006793736904885226
Finished training EB wellspecified, with in-sample MSE: 0.0003618774152739225
m: 95
Finished solving NPMLE, with SURE 0.07434425124621054
Finished solving NPMLE, with in-sample MSE 0.006425848596586275
Finished solving parametric estimator, with SURE 0.004753399102925104
Finished solving parametric estimator, with in-sample MSE 0.005419553794758139
Finished solving EBCF, with in-sample MSE 0.0005806399627632854
Finished training EB SURE-LS, with SURE: 0.0003393028605691298
Finished training EB SURE-LS, with in-sample MSE: 0.0004203448436236789
use_scale: True
use_location: False
Finished training EB misspecified with NPMLE init, with SURE: 0.004633247849957467
Finished training EB misspecified with NPMLE init, with in-sample MSE: 0.005430999627796366
Finished training EB misspecified, with SURE: 0.00463356228981997
Finished training EB misspecified, with in-sample MSE: 0.005430527359792021
Finished training EB wellspecified, with SURE: 0.0001860725328383464
Finished training EB wellspecified, with in-sample MSE: 0.0005347404026701457
m: 96
Finished solving NPMLE, with SURE 0.0816802103377064
Finished solving NPMLE, with in-sample MSE 0.005866802674547392
Finished solving parametric estimator, with SURE 0.00502742913272182
Finished solving parametric estimator, with in-sample MSE 0.005103840933260772
Finished solving EBCF, with in-sample MSE 0.00036880941464607713
Finished training EB SURE-LS, with SURE: -0.00025452039142252443
Finished training EB SURE-LS, with in-sample MSE: 0.0002359999647043572
use_scale: True
use_location: False
Finished training EB misspecified with NPMLE init, with SURE: 0.004693283527439025
Finished training EB misspecified with NPMLE init, with in-sample MSE: 0.005479360676044824
Finished training EB misspecified, with SURE: 0.0047389417814936155
Finished training EB misspecified, with in-sample MSE: 0.005505742644478888
Finished training EB wellspecified, with SURE: -0.0013562993643780694
Finished training EB wellspecified, with in-sample MSE: 0.0007459739240025568
m: 97
Finished solving NPMLE, with SURE 0.07119819507919824
Finished solving NPMLE, with in-sample MSE 0.00590302072026203
Finished solving parametric estimator, with SURE 0.006099461113432472
Finished solving parametric estimator, with in-sample MSE 0.005320437431493748
Finished solving EBCF, with in-sample MSE 0.0005160161671595916
Finished training EB SURE-LS, with SURE: 0.0014892834982048093
Finished training EB SURE-LS, with in-sample MSE: 0.00021334035803826618
use_scale: True
use_location: False
Finished training EB misspecified with NPMLE init, with SURE: 0.005985514234543299
Finished training EB misspecified with NPMLE init, with in-sample MSE: 0.005378771207096642
Finished training EB misspecified, with SURE: 0.005984454341748666
Finished training EB misspecified, with in-sample MSE: 0.005375091221036362
Finished training EB wellspecified, with SURE: 0.00013565031702462732
Finished training EB wellspecified, with in-sample MSE: 0.0014924787092536283
m: 98
Finished solving NPMLE, with SURE 0.21880174138354455
Finished solving NPMLE, with in-sample MSE 0.004891430711895327
Finished solving parametric estimator, with SURE 0.006056532875081941
Finished solving parametric estimator, with in-sample MSE 0.004446055737642189
Finished solving EBCF, with in-sample MSE 0.0004394188874128874
Finished training EB SURE-LS, with SURE: 0.0016777394849380386
Finished training EB SURE-LS, with in-sample MSE: 0.00018878627491777066
use_scale: True
use_location: False
Finished training EB misspecified with NPMLE init, with SURE: 0.005971210923804922
Finished training EB misspecified with NPMLE init, with in-sample MSE: 0.004461416709237976
Finished training EB misspecified, with SURE: 0.005966534335420289
Finished training EB misspecified, with in-sample MSE: 0.004469695334082062
Finished training EB wellspecified, with SURE: -4.9300300663901456e-05
Finished training EB wellspecified, with in-sample MSE: 0.0013262292937124497
m: 99
Finished solving NPMLE, with SURE 0.0284373663419988
Finished solving NPMLE, with in-sample MSE 0.005118765349663301
Finished solving parametric estimator, with SURE 0.0013877971610908174
Finished solving parametric estimator, with in-sample MSE 0.004747492111776694
Finished solving EBCF, with in-sample MSE 0.00016686522558080288
Finished training EB SURE-LS, with SURE: -0.003142424361763157
Finished training EB SURE-LS, with in-sample MSE: 0.0005049522620255928
use_scale: True
use_location: False
Finished training EB misspecified with NPMLE init, with SURE: 0.0013413534901421543
Finished training EB misspecified with NPMLE init, with in-sample MSE: 0.004749599261972707
Finished training EB misspecified, with SURE: 0.0013453054087393212
Finished training EB misspecified, with in-sample MSE: 0.004750290902370288
Finished training EB wellspecified, with SURE: -0.0034382602173187136
Finished training EB wellspecified, with in-sample MSE: 4.344559104290891e-05
submitit INFO (2026-08-26 02:51:45,619) - Job completed successfully
submitit INFO (2026-08-26 02:51:45,621) - Exiting after successful completion
