submitit INFO (2026-08-26 01:11:48,090) - Starting with JobEnvironment(job_id=1487592, hostname=g004, local_rank=0(1), node=0(1), global_rank=0(1))
submitit INFO (2026-08-26 01:11:48,090) - Loading pickle: /home/amberlee0516/score-matching-empirical-bayes/submitit_log/1487592/1487592_submitted.pkl
simulate_data.py: device = cuda:0

n: 100
m: 100
Finished solving NPMLE, with SURE 1.240648826738622
Finished solving NPMLE, with in-sample MSE 0.4033856675223817
Finished solving parametric estimator, with SURE 0.33537393760493384
Finished solving parametric estimator, with in-sample MSE 0.3784201508719274
Finished solving EBCF, with in-sample MSE 0.36211258683329955
Finished training EB SURE-LS, with SURE: 0.24387564833014744
Finished training EB SURE-LS, with in-sample MSE: 0.40661636605369184
use_scale: True
use_location: False
Finished training EB misspecified with NPMLE init, with SURE: 0.19125870890225202
Finished training EB misspecified with NPMLE init, with in-sample MSE: 0.4541133567951671
Finished training EB misspecified, with SURE: 0.19128241852190114
Finished training EB misspecified, with in-sample MSE: 0.4540134936745457
Finished training EB wellspecified, with SURE: 0.10361841962559544
Finished training EB wellspecified, with in-sample MSE: 0.37977839949655773
m: 101
Finished solving NPMLE, with SURE 0.9717048305648445
Finished solving NPMLE, with in-sample MSE 0.4051371327194747
Finished solving parametric estimator, with SURE 0.41352416276181553
Finished solving parametric estimator, with in-sample MSE 0.3989150988202008
Finished solving EBCF, with in-sample MSE 0.3982156290106454
Finished training EB SURE-LS, with SURE: 0.3612501252394754
Finished training EB SURE-LS, with in-sample MSE: 0.3899857832701419
use_scale: True
use_location: False
Finished training EB misspecified with NPMLE init, with SURE: 0.31360688720778684
Finished training EB misspecified with NPMLE init, with in-sample MSE: 0.4209440804499026
Finished training EB misspecified, with SURE: 0.3136476538874581
Finished training EB misspecified, with in-sample MSE: 0.42108017806745623
Finished training EB wellspecified, with SURE: 0.11726884449572442
Finished training EB wellspecified, with in-sample MSE: 0.5493697274002955
m: 102
Finished solving NPMLE, with SURE 0.8516689208482046
Finished solving NPMLE, with in-sample MSE 0.3235001930191783
Finished solving parametric estimator, with SURE 0.36794607717760297
Finished solving parametric estimator, with in-sample MSE 0.3421736589797639
Finished solving EBCF, with in-sample MSE 0.3643469486644097
Finished training EB SURE-LS, with SURE: 0.31386749995418556
Finished training EB SURE-LS, with in-sample MSE: 0.363666369133409
use_scale: True
use_location: False
Finished training EB misspecified with NPMLE init, with SURE: 0.2496361612322572
Finished training EB misspecified with NPMLE init, with in-sample MSE: 0.31139608678432734
Finished training EB misspecified, with SURE: 0.2496812125268778
Finished training EB misspecified, with in-sample MSE: 0.3114352192447375
Finished training EB wellspecified, with SURE: -0.007203549641959839
Finished training EB wellspecified, with in-sample MSE: 0.39790827714102533
m: 103
Finished solving NPMLE, with SURE 1.1992196704645475
Finished solving NPMLE, with in-sample MSE 0.6079034809573066
Finished solving parametric estimator, with SURE 0.47769781021238017
Finished solving parametric estimator, with in-sample MSE 0.5933566278030203
Finished solving EBCF, with in-sample MSE 0.5678140554052906
Finished training EB SURE-LS, with SURE: 0.43969177878553695
Finished training EB SURE-LS, with in-sample MSE: 0.5399918541214982
use_scale: True
use_location: False
Finished training EB misspecified with NPMLE init, with SURE: 0.34230161576095386
Finished training EB misspecified with NPMLE init, with in-sample MSE: 0.582529286911174
Finished training EB misspecified, with SURE: 0.3423106641794533
Finished training EB misspecified, with in-sample MSE: 0.5825858984686294
Finished training EB wellspecified, with SURE: 0.09378550536640325
Finished training EB wellspecified, with in-sample MSE: 0.8404740943547566
m: 104
Finished solving NPMLE, with SURE 1.046032353830582
Finished solving NPMLE, with in-sample MSE 0.3318408236026971
Finished solving parametric estimator, with SURE 0.34805526618281935
Finished solving parametric estimator, with in-sample MSE 0.293337226535906
Finished solving EBCF, with in-sample MSE 0.292639258568624
Finished training EB SURE-LS, with SURE: 0.2195296160557579
Finished training EB SURE-LS, with in-sample MSE: 0.27367497738744967
use_scale: True
use_location: False
Finished training EB misspecified with NPMLE init, with SURE: 0.2620105669024734
Finished training EB misspecified with NPMLE init, with in-sample MSE: 0.28372311515562376
Finished training EB misspecified, with SURE: 0.2585336565185072
Finished training EB misspecified, with in-sample MSE: 0.31487603050470203
Finished training EB wellspecified, with SURE: 0.0825662397127946
Finished training EB wellspecified, with in-sample MSE: 0.3168827846776577
m: 105
Finished solving NPMLE, with SURE 1.1245714099273305
Finished solving NPMLE, with in-sample MSE 0.35400324311521714
Finished solving parametric estimator, with SURE 0.41219725746717506
Finished solving parametric estimator, with in-sample MSE 0.3801765764555202
Finished solving EBCF, with in-sample MSE 0.42040237550420834
Finished training EB SURE-LS, with SURE: 0.34283160508441396
Finished training EB SURE-LS, with in-sample MSE: 0.3749520133293553
use_scale: True
use_location: False
Finished training EB misspecified with NPMLE init, with SURE: 0.2865059895299577
Finished training EB misspecified with NPMLE init, with in-sample MSE: 0.47143115264457386
Finished training EB misspecified, with SURE: 0.2865307420221284
Finished training EB misspecified, with in-sample MSE: 0.47132154145101113
Finished training EB wellspecified, with SURE: 0.13861756441777168
Finished training EB wellspecified, with in-sample MSE: 0.46429063668098003
m: 106
Finished solving NPMLE, with SURE 0.8343652231082729
Finished solving NPMLE, with in-sample MSE 0.42645916212094
Finished solving parametric estimator, with SURE 0.4047888767917206
Finished solving parametric estimator, with in-sample MSE 0.4273379440229773
Finished solving EBCF, with in-sample MSE 0.41085107919598807
Finished training EB SURE-LS, with SURE: 0.3350559608350422
Finished training EB SURE-LS, with in-sample MSE: 0.4487885286686188
use_scale: True
use_location: False
Finished training EB misspecified with NPMLE init, with SURE: 0.3152705805387413
Finished training EB misspecified with NPMLE init, with in-sample MSE: 0.41224941203620374
Finished training EB misspecified, with SURE: 0.3152710143684888
Finished training EB misspecified, with in-sample MSE: 0.41244314427385953
Finished training EB wellspecified, with SURE: 0.12401431462622832
Finished training EB wellspecified, with in-sample MSE: 0.5913648566895104
m: 107
Finished solving NPMLE, with SURE 0.8059636008287501
Finished solving NPMLE, with in-sample MSE 0.3566893142528057
Finished solving parametric estimator, with SURE 0.3986517840677243
Finished solving parametric estimator, with in-sample MSE 0.39829642608337096
Finished solving EBCF, with in-sample MSE 0.44556294000891006
Finished training EB SURE-LS, with SURE: 0.36378705438162146
Finished training EB SURE-LS, with in-sample MSE: 0.369963271560009
use_scale: True
use_location: False
Finished training EB misspecified with NPMLE init, with SURE: 0.28754873144393617
Finished training EB misspecified with NPMLE init, with in-sample MSE: 0.353816680722656
Finished training EB misspecified, with SURE: 0.2875767738891014
Finished training EB misspecified, with in-sample MSE: 0.3538348388473531
Finished training EB wellspecified, with SURE: 0.09008302518804519
Finished training EB wellspecified, with in-sample MSE: 0.5676006637479842
m: 108
Finished solving NPMLE, with SURE 1.317154741724591
Finished solving NPMLE, with in-sample MSE 0.4829792046395954
Finished solving parametric estimator, with SURE 0.4445223345011291
Finished solving parametric estimator, with in-sample MSE 0.4804014291430873
Finished solving EBCF, with in-sample MSE 0.4709752444383099
Finished training EB SURE-LS, with SURE: 0.3869248290082429
Finished training EB SURE-LS, with in-sample MSE: 0.4581559483110841
use_scale: True
use_location: False
Finished training EB misspecified with NPMLE init, with SURE: 0.3199347926773405
Finished training EB misspecified with NPMLE init, with in-sample MSE: 0.47243910968421576
Finished training EB misspecified, with SURE: 0.31996570828163756
Finished training EB misspecified, with in-sample MSE: 0.473995587465817
Finished training EB wellspecified, with SURE: 0.11298820329083009
Finished training EB wellspecified, with in-sample MSE: 0.5780952995475105
m: 109
Finished solving NPMLE, with SURE 0.980417811511186
Finished solving NPMLE, with in-sample MSE 0.5337336079971164
Finished solving parametric estimator, with SURE 0.3895939506485289
Finished solving parametric estimator, with in-sample MSE 0.5331218604147806
Finished solving EBCF, with in-sample MSE 0.4783999741399733
Finished training EB SURE-LS, with SURE: 0.3524484989417574
Finished training EB SURE-LS, with in-sample MSE: 0.5052229849414261
use_scale: True
use_location: False
Finished training EB misspecified with NPMLE init, with SURE: 0.30827777461289957
Finished training EB misspecified with NPMLE init, with in-sample MSE: 0.49743405378611555
Finished training EB misspecified, with SURE: 0.30829273978719085
Finished training EB misspecified, with in-sample MSE: 0.4973618236696313
Finished training EB wellspecified, with SURE: 0.10854143207518668
Finished training EB wellspecified, with in-sample MSE: 0.6523257642415945
m: 110
Finished solving NPMLE, with SURE 1.1493629077843712
Finished solving NPMLE, with in-sample MSE 0.4149623300999994
Finished solving parametric estimator, with SURE 0.4287160019416665
Finished solving parametric estimator, with in-sample MSE 0.427997311983003
Finished solving EBCF, with in-sample MSE 0.44603408817787116
Finished training EB SURE-LS, with SURE: 0.3508909743893562
Finished training EB SURE-LS, with in-sample MSE: 0.4272585193047467
use_scale: True
use_location: False
Finished training EB misspecified with NPMLE init, with SURE: 0.31323349469048095
Finished training EB misspecified with NPMLE init, with in-sample MSE: 0.5208495377552594
Finished training EB misspecified, with SURE: 0.313214886030981
Finished training EB misspecified, with in-sample MSE: 0.5210154558877491
Finished training EB wellspecified, with SURE: 0.22253050161972524
Finished training EB wellspecified, with in-sample MSE: 0.6257280328010676
m: 111
Finished solving NPMLE, with SURE 0.9103733524365066
Finished solving NPMLE, with in-sample MSE 0.37609379151112776
Finished solving parametric estimator, with SURE 0.41563109330344594
Finished solving parametric estimator, with in-sample MSE 0.40761660039284225
Finished solving EBCF, with in-sample MSE 0.4033543829159757
Finished training EB SURE-LS, with SURE: 0.3838493748353092
Finished training EB SURE-LS, with in-sample MSE: 0.42648871207149724
use_scale: True
use_location: False
Finished training EB misspecified with NPMLE init, with SURE: 0.3705474568739217
Finished training EB misspecified with NPMLE init, with in-sample MSE: 0.39204025875886034
Finished training EB misspecified, with SURE: 0.317300829039596
Finished training EB misspecified, with in-sample MSE: 0.40563188245345505
Finished training EB wellspecified, with SURE: 0.2089575260248997
Finished training EB wellspecified, with in-sample MSE: 0.4285799059625765
m: 112
Finished solving NPMLE, with SURE 1.201624145075619
Finished solving NPMLE, with in-sample MSE 0.5236855320303666
Finished solving parametric estimator, with SURE 0.40819829529739726
Finished solving parametric estimator, with in-sample MSE 0.54709732214016
Finished solving EBCF, with in-sample MSE 0.534010781895712
Finished training EB SURE-LS, with SURE: 0.25578898705739167
Finished training EB SURE-LS, with in-sample MSE: 0.5326892470643616
use_scale: True
use_location: False
Finished training EB misspecified with NPMLE init, with SURE: 0.32538526321350103
Finished training EB misspecified with NPMLE init, with in-sample MSE: 0.4819777128252541
Finished training EB misspecified, with SURE: 0.3253978338298556
Finished training EB misspecified, with in-sample MSE: 0.48192364432605805
Finished training EB wellspecified, with SURE: 0.1214225996300064
Finished training EB wellspecified, with in-sample MSE: 0.5932451773352372
m: 113
Finished solving NPMLE, with SURE 1.1315119095813424
Finished solving NPMLE, with in-sample MSE 0.41119746329151474
Finished solving parametric estimator, with SURE 0.38196879305382403
Finished solving parametric estimator, with in-sample MSE 0.4351336264722466
Finished solving EBCF, with in-sample MSE 0.3897148234006943
Finished training EB SURE-LS, with SURE: 0.35306903534626716
Finished training EB SURE-LS, with in-sample MSE: 0.4024224978139496
use_scale: True
use_location: False
Finished training EB misspecified with NPMLE init, with SURE: 0.3259633587236702
Finished training EB misspecified with NPMLE init, with in-sample MSE: 0.41391571521362
Finished training EB misspecified, with SURE: 0.32301795544531375
Finished training EB misspecified, with in-sample MSE: 0.41888676771068256
Finished training EB wellspecified, with SURE: 0.08403566474841354
Finished training EB wellspecified, with in-sample MSE: 0.548275471475971
m: 114
Finished solving NPMLE, with SURE 1.1116565665927716
Finished solving NPMLE, with in-sample MSE 0.415972654850253
Finished solving parametric estimator, with SURE 0.3598499988169332
Finished solving parametric estimator, with in-sample MSE 0.3725487528369294
Finished solving EBCF, with in-sample MSE 0.426606040676058
Finished training EB SURE-LS, with SURE: 0.22756945282870256
Finished training EB SURE-LS, with in-sample MSE: 0.37231542867575634
use_scale: True
use_location: False
Finished training EB misspecified with NPMLE init, with SURE: 0.22555656021564147
Finished training EB misspecified with NPMLE init, with in-sample MSE: 0.40707238688419317
Finished training EB misspecified, with SURE: 0.22558036097484122
Finished training EB misspecified, with in-sample MSE: 0.40700863588181824
Finished training EB wellspecified, with SURE: 0.08574900298484593
Finished training EB wellspecified, with in-sample MSE: 0.5290498917386333
m: 115
Finished solving NPMLE, with SURE 1.0956879380754543
Finished solving NPMLE, with in-sample MSE 0.44200155358657967
Finished solving parametric estimator, with SURE 0.39479234877800196
Finished solving parametric estimator, with in-sample MSE 0.44922630888653897
Finished solving EBCF, with in-sample MSE 0.40902672909091853
Finished training EB SURE-LS, with SURE: 0.3479305612149861
Finished training EB SURE-LS, with in-sample MSE: 0.425646296380638
use_scale: True
use_location: False
Finished training EB misspecified with NPMLE init, with SURE: 0.3287679158147445
Finished training EB misspecified with NPMLE init, with in-sample MSE: 0.46065119670947247
Finished training EB misspecified, with SURE: 0.32876345936210344
Finished training EB misspecified, with in-sample MSE: 0.46068920761780496
Finished training EB wellspecified, with SURE: 0.056848778720853144
Finished training EB wellspecified, with in-sample MSE: 0.5660181818356014
m: 116
Finished solving NPMLE, with SURE 0.8899073459526398
Finished solving NPMLE, with in-sample MSE 0.28727511925998594
Finished solving parametric estimator, with SURE 0.4088157837693217
Finished solving parametric estimator, with in-sample MSE 0.3088052046850901
Finished solving EBCF, with in-sample MSE 0.35737444183479017
Finished training EB SURE-LS, with SURE: 0.32215713677693986
Finished training EB SURE-LS, with in-sample MSE: 0.3617830688792348
use_scale: True
use_location: False
Finished training EB misspecified with NPMLE init, with SURE: 0.3153451970657289
Finished training EB misspecified with NPMLE init, with in-sample MSE: 0.32920965038390704
Finished training EB misspecified, with SURE: 0.315377872495555
Finished training EB misspecified, with in-sample MSE: 0.3287607088976398
Finished training EB wellspecified, with SURE: 0.10604074972376829
Finished training EB wellspecified, with in-sample MSE: 0.5892357474415586
m: 117
Finished solving NPMLE, with SURE 1.0826010725689588
Finished solving NPMLE, with in-sample MSE 0.4439453798895345
Finished solving parametric estimator, with SURE 0.40193404526413706
Finished solving parametric estimator, with in-sample MSE 0.4440659111772607
Finished solving EBCF, with in-sample MSE 0.5764733741668235
Finished training EB SURE-LS, with SURE: 0.28935334158455633
Finished training EB SURE-LS, with in-sample MSE: 0.49836889233798687
use_scale: True
use_location: False
Finished training EB misspecified with NPMLE init, with SURE: 0.2818329778911569
Finished training EB misspecified with NPMLE init, with in-sample MSE: 0.44909380119750175
Finished training EB misspecified, with SURE: 0.28164672549042347
Finished training EB misspecified, with in-sample MSE: 0.4492917360919206
Finished training EB wellspecified, with SURE: 0.05798404027849323
Finished training EB wellspecified, with in-sample MSE: 0.6345426305088139
m: 118
Finished solving NPMLE, with SURE 1.102511113945301
Finished solving NPMLE, with in-sample MSE 0.33001652845624785
Finished solving parametric estimator, with SURE 0.37227760610550165
Finished solving parametric estimator, with in-sample MSE 0.3110286211784023
Finished solving EBCF, with in-sample MSE 0.3276122613024512
Finished training EB SURE-LS, with SURE: 0.36111847375170525
Finished training EB SURE-LS, with in-sample MSE: 0.30270635766291576
use_scale: True
use_location: False
Finished training EB misspecified with NPMLE init, with SURE: 0.28196975459197193
Finished training EB misspecified with NPMLE init, with in-sample MSE: 0.30839105676738165
Finished training EB misspecified, with SURE: 0.28197179849794085
Finished training EB misspecified, with in-sample MSE: 0.3083818390110664
Finished training EB wellspecified, with SURE: 0.1197581326816135
Finished training EB wellspecified, with in-sample MSE: 0.3842352721634193
m: 119
Finished solving NPMLE, with SURE 1.2479148035700658
Finished solving NPMLE, with in-sample MSE 0.41967278598274244
Finished solving parametric estimator, with SURE 0.41706139610098164
Finished solving parametric estimator, with in-sample MSE 0.3922309036631619
Finished solving EBCF, with in-sample MSE 0.4044698591249788
Finished training EB SURE-LS, with SURE: 0.5462336768509803
Finished training EB SURE-LS, with in-sample MSE: 0.49768578425949556
use_scale: True
use_location: False
Finished training EB misspecified with NPMLE init, with SURE: 0.19721723634570332
Finished training EB misspecified with NPMLE init, with in-sample MSE: 0.46879586160060327
Finished training EB misspecified, with SURE: 0.19726290570729055
Finished training EB misspecified, with in-sample MSE: 0.46852833999735877
Finished training EB wellspecified, with SURE: 0.05870756165562103
Finished training EB wellspecified, with in-sample MSE: 0.46244574899777097
m: 120
Finished solving NPMLE, with SURE 1.1270533817870727
Finished solving NPMLE, with in-sample MSE 0.2959710452827722
Finished solving parametric estimator, with SURE 0.36182545740620553
Finished solving parametric estimator, with in-sample MSE 0.2761238804499525
Finished solving EBCF, with in-sample MSE 0.2955599818921541
Finished training EB SURE-LS, with SURE: 0.31219175508275476
Finished training EB SURE-LS, with in-sample MSE: 0.27413428960752273
use_scale: True
use_location: False
Finished training EB misspecified with NPMLE init, with SURE: 0.22942558631689708
Finished training EB misspecified with NPMLE init, with in-sample MSE: 0.28574859789299956
Finished training EB misspecified, with SURE: 0.22945039092522138
Finished training EB misspecified, with in-sample MSE: 0.28580487585188324
Finished training EB wellspecified, with SURE: 0.041105579452809224
Finished training EB wellspecified, with in-sample MSE: 0.3398201512980779
m: 121
Finished solving NPMLE, with SURE 1.0158475839444696
Finished solving NPMLE, with in-sample MSE 0.3716933564793942
Finished solving parametric estimator, with SURE 0.41900218229348996
Finished solving parametric estimator, with in-sample MSE 0.36302382402180283
Finished solving EBCF, with in-sample MSE 0.3685776642422523
Finished training EB SURE-LS, with SURE: 0.32285647398208694
Finished training EB SURE-LS, with in-sample MSE: 0.4310832591052106
use_scale: True
use_location: False
Finished training EB misspecified with NPMLE init, with SURE: 0.30778425700548306
Finished training EB misspecified with NPMLE init, with in-sample MSE: 0.37780088981550486
Finished training EB misspecified, with SURE: 0.3077989195458084
Finished training EB misspecified, with in-sample MSE: 0.3777659327541526
Finished training EB wellspecified, with SURE: 0.22389890143631835
Finished training EB wellspecified, with in-sample MSE: 0.3833327548688952
m: 122
Finished solving NPMLE, with SURE 1.3422100526094214
Finished solving NPMLE, with in-sample MSE 0.3755288106109612
Finished solving parametric estimator, with SURE 0.4150146805512857
Finished solving parametric estimator, with in-sample MSE 0.3750985292779272
Finished solving EBCF, with in-sample MSE 0.3536393984191922
Finished training EB SURE-LS, with SURE: 0.32443608850075495
Finished training EB SURE-LS, with in-sample MSE: 0.33579980624594824
use_scale: True
use_location: False
Finished training EB misspecified with NPMLE init, with SURE: 0.30154708423948634
Finished training EB misspecified with NPMLE init, with in-sample MSE: 0.3364263613734037
Finished training EB misspecified, with SURE: 0.3015510801867519
Finished training EB misspecified, with in-sample MSE: 0.33642658660974023
Finished training EB wellspecified, with SURE: -0.004780420581376675
Finished training EB wellspecified, with in-sample MSE: 0.5530861811556688
m: 123
Finished solving NPMLE, with SURE 1.2727975029012113
Finished solving NPMLE, with in-sample MSE 0.4232831703391538
Finished solving parametric estimator, with SURE 0.31543841877527645
Finished solving parametric estimator, with in-sample MSE 0.4020056374650218
Finished solving EBCF, with in-sample MSE 0.39227982403544287
Finished training EB SURE-LS, with SURE: 0.25669255199149565
Finished training EB SURE-LS, with in-sample MSE: 0.41258576732835694
use_scale: True
use_location: False
Finished training EB misspecified with NPMLE init, with SURE: 0.17507319939659197
Finished training EB misspecified with NPMLE init, with in-sample MSE: 0.4726081346479278
Finished training EB misspecified, with SURE: 0.17508723312744265
Finished training EB misspecified, with in-sample MSE: 0.47263390906791763
Finished training EB wellspecified, with SURE: 0.018496563123155407
Finished training EB wellspecified, with in-sample MSE: 0.49007625179825565
m: 124
Finished solving NPMLE, with SURE 1.619179738205449
Finished solving NPMLE, with in-sample MSE 0.4987566386865136
Finished solving parametric estimator, with SURE 0.4127607950040439
Finished solving parametric estimator, with in-sample MSE 0.48598380466817837
Finished solving EBCF, with in-sample MSE 0.5108349959504689
Finished training EB SURE-LS, with SURE: 0.34384378389178055
Finished training EB SURE-LS, with in-sample MSE: 0.5245458774164365
use_scale: True
use_location: False
Finished training EB misspecified with NPMLE init, with SURE: 0.31551154348124955
Finished training EB misspecified with NPMLE init, with in-sample MSE: 0.5598087839048733
Finished training EB misspecified, with SURE: 0.31552969873032366
Finished training EB misspecified, with in-sample MSE: 0.5592191507626262
Finished training EB wellspecified, with SURE: 0.12189287399418781
Finished training EB wellspecified, with in-sample MSE: 0.6232354233652194
m: 125
Finished solving NPMLE, with SURE 1.0704337797529686
Finished solving NPMLE, with in-sample MSE 0.3538307665454917
Finished solving parametric estimator, with SURE 0.3959456821657786
Finished solving parametric estimator, with in-sample MSE 0.3153055045467617
Finished solving EBCF, with in-sample MSE 0.31740927187457324
Finished training EB SURE-LS, with SURE: 0.3661849194335293
Finished training EB SURE-LS, with in-sample MSE: 0.2908907915291304
use_scale: True
use_location: False
Finished training EB misspecified with NPMLE init, with SURE: 0.22664575090831085
Finished training EB misspecified with NPMLE init, with in-sample MSE: 0.3865852203347906
Finished training EB misspecified, with SURE: 0.22668298683667837
Finished training EB misspecified, with in-sample MSE: 0.3864453364033414
Finished training EB wellspecified, with SURE: 0.031552071322364726
Finished training EB wellspecified, with in-sample MSE: 0.47310476762852327
m: 126
Finished solving NPMLE, with SURE 1.3507103373473586
Finished solving NPMLE, with in-sample MSE 0.5016045622144206
Finished solving parametric estimator, with SURE 0.37229131257233555
Finished solving parametric estimator, with in-sample MSE 0.47711404473223956
Finished solving EBCF, with in-sample MSE 0.4689393999212573
Finished training EB SURE-LS, with SURE: 0.34541322068096136
Finished training EB SURE-LS, with in-sample MSE: 0.43412071104401456
use_scale: True
use_location: False
Finished training EB misspecified with NPMLE init, with SURE: 0.18057663870951893
Finished training EB misspecified with NPMLE init, with in-sample MSE: 0.5371197666734809
Finished training EB misspecified, with SURE: 0.1806126668223319
Finished training EB misspecified, with in-sample MSE: 0.5371714796527253
Finished training EB wellspecified, with SURE: -0.0027952052080822123
Finished training EB wellspecified, with in-sample MSE: 0.574815166398259
m: 127
Finished solving NPMLE, with SURE 0.9617031974492829
Finished solving NPMLE, with in-sample MSE 0.3790743362086062
Finished solving parametric estimator, with SURE 0.431454581907303
Finished solving parametric estimator, with in-sample MSE 0.33439769693571575
Finished solving EBCF, with in-sample MSE 0.327171618860657
Finished training EB SURE-LS, with SURE: 0.3825377902785988
Finished training EB SURE-LS, with in-sample MSE: 0.3295086350479919
use_scale: True
use_location: False
Finished training EB misspecified with NPMLE init, with SURE: 0.30957988353853566
Finished training EB misspecified with NPMLE init, with in-sample MSE: 0.38249991114983106
Finished training EB misspecified, with SURE: 0.3095754525361247
Finished training EB misspecified, with in-sample MSE: 0.38234576124181524
Finished training EB wellspecified, with SURE: 0.08271857035512335
Finished training EB wellspecified, with in-sample MSE: 0.4532849766794632
m: 128
Finished solving NPMLE, with SURE 1.0835691057537913
Finished solving NPMLE, with in-sample MSE 0.37628398562215415
Finished solving parametric estimator, with SURE 0.3993607147280279
Finished solving parametric estimator, with in-sample MSE 0.35731917484490155
Finished solving EBCF, with in-sample MSE 0.37088870343842417
Finished training EB SURE-LS, with SURE: 0.36655850675197243
Finished training EB SURE-LS, with in-sample MSE: 0.3692969974335786
use_scale: True
use_location: False
Finished training EB misspecified with NPMLE init, with SURE: 0.31701512940224874
Finished training EB misspecified with NPMLE init, with in-sample MSE: 0.38776766855983635
Finished training EB misspecified, with SURE: 0.31701743349115247
Finished training EB misspecified, with in-sample MSE: 0.3878632582874749
Finished training EB wellspecified, with SURE: 0.02177387726754463
Finished training EB wellspecified, with in-sample MSE: 0.5478915580157555
m: 129
Finished solving NPMLE, with SURE 0.966474645488993
Finished solving NPMLE, with in-sample MSE 0.3720181605407904
Finished solving parametric estimator, with SURE 0.41468420720131394
Finished solving parametric estimator, with in-sample MSE 0.3771200330248742
Finished solving EBCF, with in-sample MSE 0.3666230387861233
Finished training EB SURE-LS, with SURE: 0.3196580307086024
Finished training EB SURE-LS, with in-sample MSE: 0.3974304901952636
use_scale: True
use_location: False
Finished training EB misspecified with NPMLE init, with SURE: 0.35465403082450236
Finished training EB misspecified with NPMLE init, with in-sample MSE: 0.3293279889804223
Finished training EB misspecified, with SURE: 0.3546719567003602
Finished training EB misspecified, with in-sample MSE: 0.3291583303694493
Finished training EB wellspecified, with SURE: 0.19863822978322387
Finished training EB wellspecified, with in-sample MSE: 0.4177475497486213
m: 130
Finished solving NPMLE, with SURE 1.198579615424205
Finished solving NPMLE, with in-sample MSE 0.3351689495763931
Finished solving parametric estimator, with SURE 0.46562063592693403
Finished solving parametric estimator, with in-sample MSE 0.3781481628937732
Finished solving EBCF, with in-sample MSE 0.35246251198035844
Finished training EB SURE-LS, with SURE: 0.39781845617289224
Finished training EB SURE-LS, with in-sample MSE: 0.3534252727123527
use_scale: True
use_location: False
Finished training EB misspecified with NPMLE init, with SURE: 0.3095422614788975
Finished training EB misspecified with NPMLE init, with in-sample MSE: 0.33292547603212375
Finished training EB misspecified, with SURE: 0.30955903233380944
Finished training EB misspecified, with in-sample MSE: 0.3329054144693399
Finished training EB wellspecified, with SURE: 0.1167276192286112
Finished training EB wellspecified, with in-sample MSE: 0.4253751797267332
m: 131
Finished solving NPMLE, with SURE 1.0664347323721006
Finished solving NPMLE, with in-sample MSE 0.43066308888639154
Finished solving parametric estimator, with SURE 0.40837670788446434
Finished solving parametric estimator, with in-sample MSE 0.4148423561117511
Finished solving EBCF, with in-sample MSE 0.39846662099330554
Finished training EB SURE-LS, with SURE: 0.3939805112681767
Finished training EB SURE-LS, with in-sample MSE: 0.4045329782516709
use_scale: True
use_location: False
Finished training EB misspecified with NPMLE init, with SURE: 0.20734916049422644
Finished training EB misspecified with NPMLE init, with in-sample MSE: 0.4479716849166134
Finished training EB misspecified, with SURE: 0.20737321491898392
Finished training EB misspecified, with in-sample MSE: 0.44791107917378836
Finished training EB wellspecified, with SURE: -0.05922561966958385
Finished training EB wellspecified, with in-sample MSE: 0.4336654990651722
m: 132
Finished solving NPMLE, with SURE 1.188683900590915
Finished solving NPMLE, with in-sample MSE 0.2707941882937519
Finished solving parametric estimator, with SURE 0.4549969834644752
Finished solving parametric estimator, with in-sample MSE 0.30534313990265194
Finished solving EBCF, with in-sample MSE 0.28440119610258785
Finished training EB SURE-LS, with SURE: 0.37390003035609154
Finished training EB SURE-LS, with in-sample MSE: 0.2846730107210769
use_scale: True
use_location: False
Finished training EB misspecified with NPMLE init, with SURE: 0.3014491043756628
Finished training EB misspecified with NPMLE init, with in-sample MSE: 0.3149047816274842
Finished training EB misspecified, with SURE: 0.29945474317748494
Finished training EB misspecified, with in-sample MSE: 0.26781051394642796
Finished training EB wellspecified, with SURE: 0.00430216954571109
Finished training EB wellspecified, with in-sample MSE: 0.4659695844105722
m: 133
Finished solving NPMLE, with SURE 0.857065297498977
Finished solving NPMLE, with in-sample MSE 0.39697974283924464
Finished solving parametric estimator, with SURE 0.3922034856451908
Finished solving parametric estimator, with in-sample MSE 0.42644121011413927
Finished solving EBCF, with in-sample MSE 0.4054694637674273
Finished training EB SURE-LS, with SURE: 0.32927787067070624
Finished training EB SURE-LS, with in-sample MSE: 0.3936185902813595
use_scale: True
use_location: False
Finished training EB misspecified with NPMLE init, with SURE: 0.28009867269682787
Finished training EB misspecified with NPMLE init, with in-sample MSE: 0.35994299201051944
Finished training EB misspecified, with SURE: 0.2801397885698158
Finished training EB misspecified, with in-sample MSE: 0.35989272323855526
Finished training EB wellspecified, with SURE: 0.1073863647333281
Finished training EB wellspecified, with in-sample MSE: 0.4325450154243577
m: 134
Finished solving NPMLE, with SURE 1.0117242405967248
Finished solving NPMLE, with in-sample MSE 0.3506126084508628
Finished solving parametric estimator, with SURE 0.38999548004962625
Finished solving parametric estimator, with in-sample MSE 0.3418643374849776
Finished solving EBCF, with in-sample MSE 0.3177173782857006
Finished training EB SURE-LS, with SURE: 0.3438485589658907
Finished training EB SURE-LS, with in-sample MSE: 0.30367371744279825
use_scale: True
use_location: False
Finished training EB misspecified with NPMLE init, with SURE: 0.2854294485806442
Finished training EB misspecified with NPMLE init, with in-sample MSE: 0.4068614820322782
Finished training EB misspecified, with SURE: 0.2854076281242075
Finished training EB misspecified, with in-sample MSE: 0.40691856956548095
Finished training EB wellspecified, with SURE: 0.01477955320458085
Finished training EB wellspecified, with in-sample MSE: 0.497037464176099
m: 135
Finished solving NPMLE, with SURE 0.8697256944267433
Finished solving NPMLE, with in-sample MSE 0.44997327788089586
Finished solving parametric estimator, with SURE 0.41586966848702533
Finished solving parametric estimator, with in-sample MSE 0.5027976914257724
Finished solving EBCF, with in-sample MSE 0.5142749820655437
Finished training EB SURE-LS, with SURE: 0.3184252021552003
Finished training EB SURE-LS, with in-sample MSE: 0.5098054460877582
use_scale: True
use_location: False
Finished training EB misspecified with NPMLE init, with SURE: 0.314312593268415
Finished training EB misspecified with NPMLE init, with in-sample MSE: 0.4199593588229167
Finished training EB misspecified, with SURE: 0.314336835036403
Finished training EB misspecified, with in-sample MSE: 0.41996139602976407
Finished training EB wellspecified, with SURE: 0.09388981182540374
Finished training EB wellspecified, with in-sample MSE: 0.739995101917077
m: 136
Finished solving NPMLE, with SURE 1.0292007122890379
Finished solving NPMLE, with in-sample MSE 0.6622279195194625
Finished solving parametric estimator, with SURE 0.3975638655810093
Finished solving parametric estimator, with in-sample MSE 0.58898484833434
Finished solving EBCF, with in-sample MSE 0.6030850392664593
Finished training EB SURE-LS, with SURE: 0.3748310106554849
Finished training EB SURE-LS, with in-sample MSE: 0.5608613107294703
use_scale: True
use_location: False
Finished training EB misspecified with NPMLE init, with SURE: 0.27689084706001715
Finished training EB misspecified with NPMLE init, with in-sample MSE: 0.6260792695316016
Finished training EB misspecified, with SURE: 0.27692341732224246
Finished training EB misspecified, with in-sample MSE: 0.6261058241849985
Finished training EB wellspecified, with SURE: -0.02019369847903229
Finished training EB wellspecified, with in-sample MSE: 0.7252659059977493
m: 137
Finished solving NPMLE, with SURE 0.9667560938762645
Finished solving NPMLE, with in-sample MSE 0.3071054791075836
Finished solving parametric estimator, with SURE 0.4221727075522891
Finished solving parametric estimator, with in-sample MSE 0.37922970226656844
Finished solving EBCF, with in-sample MSE 0.3637269494549626
Finished training EB SURE-LS, with SURE: 0.3550700186028743
Finished training EB SURE-LS, with in-sample MSE: 0.3448896166032403
use_scale: True
use_location: False
Finished training EB misspecified with NPMLE init, with SURE: 0.2702666815309963
Finished training EB misspecified with NPMLE init, with in-sample MSE: 0.340752363511968
Finished training EB misspecified, with SURE: 0.2702825098662742
Finished training EB misspecified, with in-sample MSE: 0.3407589599945072
Finished training EB wellspecified, with SURE: 0.23974164932336547
Finished training EB wellspecified, with in-sample MSE: 0.4826959358174052
m: 138
Finished solving NPMLE, with SURE 1.0981787785299943
Finished solving NPMLE, with in-sample MSE 0.33424289854853795
Finished solving parametric estimator, with SURE 0.38433802251683125
Finished solving parametric estimator, with in-sample MSE 0.327486888863905
Finished solving EBCF, with in-sample MSE 0.3494543353303734
Finished training EB SURE-LS, with SURE: 0.30528862546629304
Finished training EB SURE-LS, with in-sample MSE: 0.32616245354120194
use_scale: True
use_location: False
Finished training EB misspecified with NPMLE init, with SURE: 0.2604533123802401
Finished training EB misspecified with NPMLE init, with in-sample MSE: 0.3132048323635338
Finished training EB misspecified, with SURE: 0.26683876180886834
Finished training EB misspecified, with in-sample MSE: 0.34167854293578725
Finished training EB wellspecified, with SURE: -0.048410163938168466
Finished training EB wellspecified, with in-sample MSE: 0.4300282279811165
m: 139
Finished solving NPMLE, with SURE 1.1994113572045102
Finished solving NPMLE, with in-sample MSE 0.3562177367643758
Finished solving parametric estimator, with SURE 0.3160894443480735
Finished solving parametric estimator, with in-sample MSE 0.35190764108006134
Finished solving EBCF, with in-sample MSE 0.3745370272354781
Finished training EB SURE-LS, with SURE: 0.2838019939488984
Finished training EB SURE-LS, with in-sample MSE: 0.3429127657549824
use_scale: True
use_location: False
Finished training EB misspecified with NPMLE init, with SURE: 0.21978932396056522
Finished training EB misspecified with NPMLE init, with in-sample MSE: 0.36218503407001507
Finished training EB misspecified, with SURE: 0.21982141822708387
Finished training EB misspecified, with in-sample MSE: 0.36238094111723174
Finished training EB wellspecified, with SURE: -0.0448671650488499
Finished training EB wellspecified, with in-sample MSE: 0.5877484125223016
m: 140
Finished solving NPMLE, with SURE 1.3133750677198872
Finished solving NPMLE, with in-sample MSE 0.33989061903471024
Finished solving parametric estimator, with SURE 0.35068564872083674
Finished solving parametric estimator, with in-sample MSE 0.34910795132404276
Finished solving EBCF, with in-sample MSE 0.3815151125349351
Finished training EB SURE-LS, with SURE: 0.3205226726942128
Finished training EB SURE-LS, with in-sample MSE: 0.36902216501751867
use_scale: True
use_location: False
Finished training EB misspecified with NPMLE init, with SURE: 0.24995286905719924
Finished training EB misspecified with NPMLE init, with in-sample MSE: 0.33070937869832806
Finished training EB misspecified, with SURE: 0.24998067401962004
Finished training EB misspecified, with in-sample MSE: 0.33064246481018617
Finished training EB wellspecified, with SURE: -0.02875675834339238
Finished training EB wellspecified, with in-sample MSE: 0.4557653341246851
m: 141
Finished solving NPMLE, with SURE 1.395977864511711
Finished solving NPMLE, with in-sample MSE 0.3736446607675387
Finished solving parametric estimator, with SURE 0.4375845445141741
Finished solving parametric estimator, with in-sample MSE 0.3603220805712045
Finished solving EBCF, with in-sample MSE 0.39238166257246915
Finished training EB SURE-LS, with SURE: 0.3908854697547274
Finished training EB SURE-LS, with in-sample MSE: 0.37535571392936246
use_scale: True
use_location: False
Finished training EB misspecified with NPMLE init, with SURE: 0.2957838406934414
Finished training EB misspecified with NPMLE init, with in-sample MSE: 0.39661035357061836
Finished training EB misspecified, with SURE: 0.2958070002063459
Finished training EB misspecified, with in-sample MSE: 0.3965531310206722
Finished training EB wellspecified, with SURE: 0.17604004644867582
Finished training EB wellspecified, with in-sample MSE: 0.5473490266292921
m: 142
Finished solving NPMLE, with SURE 1.0355166195503143
Finished solving NPMLE, with in-sample MSE 0.42072785203389607
Finished solving parametric estimator, with SURE 0.3917792806847402
Finished solving parametric estimator, with in-sample MSE 0.4043088426749625
Finished solving EBCF, with in-sample MSE 0.4136493209699377
Finished training EB SURE-LS, with SURE: 0.3471788253799169
Finished training EB SURE-LS, with in-sample MSE: 0.38384280605120835
use_scale: True
use_location: False
Finished training EB misspecified with NPMLE init, with SURE: 0.282220704843279
Finished training EB misspecified with NPMLE init, with in-sample MSE: 0.40647432682177753
Finished training EB misspecified, with SURE: 0.2822574681863169
Finished training EB misspecified, with in-sample MSE: 0.4064414046291504
Finished training EB wellspecified, with SURE: 0.09328339514164355
Finished training EB wellspecified, with in-sample MSE: 0.6091185196188575
m: 143
Finished solving NPMLE, with SURE 1.0287826142714156
Finished solving NPMLE, with in-sample MSE 0.32640435550142977
Finished solving parametric estimator, with SURE 0.3923241739181167
Finished solving parametric estimator, with in-sample MSE 0.31859667076338793
Finished solving EBCF, with in-sample MSE 0.4205995534376606
Finished training EB SURE-LS, with SURE: 0.37003678885515456
Finished training EB SURE-LS, with in-sample MSE: 0.33479597676782447
use_scale: True
use_location: False
Finished training EB misspecified with NPMLE init, with SURE: 0.3354420295463193
Finished training EB misspecified with NPMLE init, with in-sample MSE: 0.40065710425985535
Finished training EB misspecified, with SURE: 0.33511569468502117
Finished training EB misspecified, with in-sample MSE: 0.3951262978820398
Finished training EB wellspecified, with SURE: 0.07898536717293142
Finished training EB wellspecified, with in-sample MSE: 0.6802114202568751
m: 144
Finished solving NPMLE, with SURE 1.4419208383480273
Finished solving NPMLE, with in-sample MSE 0.36537968902393353
Finished solving parametric estimator, with SURE 0.45377270937052727
Finished solving parametric estimator, with in-sample MSE 0.3863749404347198
Finished solving EBCF, with in-sample MSE 0.40625290730427804
Finished training EB SURE-LS, with SURE: 0.37228539976127406
Finished training EB SURE-LS, with in-sample MSE: 0.3506902205094818
use_scale: True
use_location: False
Finished training EB misspecified with NPMLE init, with SURE: 0.30764914808525506
Finished training EB misspecified with NPMLE init, with in-sample MSE: 0.43930404980860865
Finished training EB misspecified, with SURE: 0.30767111823928406
Finished training EB misspecified, with in-sample MSE: 0.43928584203189674
Finished training EB wellspecified, with SURE: 0.07223435731456093
Finished training EB wellspecified, with in-sample MSE: 0.6600907003110917
m: 145
Finished solving NPMLE, with SURE 1.0393751492734926
Finished solving NPMLE, with in-sample MSE 0.34276953715728176
Finished solving parametric estimator, with SURE 0.3695919457290361
Finished solving parametric estimator, with in-sample MSE 0.3548597429772783
Finished solving EBCF, with in-sample MSE 0.36644383121090424
Finished training EB SURE-LS, with SURE: 0.33979806060191947
Finished training EB SURE-LS, with in-sample MSE: 0.3438674064696693
use_scale: True
use_location: False
Finished training EB misspecified with NPMLE init, with SURE: 0.28911013312405515
Finished training EB misspecified with NPMLE init, with in-sample MSE: 0.4160654752030911
Finished training EB misspecified, with SURE: 0.31561959270993584
Finished training EB misspecified, with in-sample MSE: 0.4380113922284862
Finished training EB wellspecified, with SURE: 0.1823494102285393
Finished training EB wellspecified, with in-sample MSE: 0.4712229653731177
m: 146
Finished solving NPMLE, with SURE 1.153195200729928
Finished solving NPMLE, with in-sample MSE 0.45923329883412106
Finished solving parametric estimator, with SURE 0.39271989415733866
Finished solving parametric estimator, with in-sample MSE 0.4447063543806683
Finished solving EBCF, with in-sample MSE 0.47369778803773566
Finished training EB SURE-LS, with SURE: 0.3288210277895156
Finished training EB SURE-LS, with in-sample MSE: 0.5100827526250351
use_scale: True
use_location: False
Finished training EB misspecified with NPMLE init, with SURE: 0.30962027293461075
Finished training EB misspecified with NPMLE init, with in-sample MSE: 0.41229906751511186
Finished training EB misspecified, with SURE: 0.3096158091033043
Finished training EB misspecified, with in-sample MSE: 0.41197391728933735
Finished training EB wellspecified, with SURE: 0.05430281153636608
Finished training EB wellspecified, with in-sample MSE: 0.5161319439598958
m: 147
Finished solving NPMLE, with SURE 0.8060607973236881
Finished solving NPMLE, with in-sample MSE 0.3749087415256824
Finished solving parametric estimator, with SURE 0.4018662965322874
Finished solving parametric estimator, with in-sample MSE 0.3828426876271841
Finished solving EBCF, with in-sample MSE 0.34176210174831906
Finished training EB SURE-LS, with SURE: 0.3529062035536653
Finished training EB SURE-LS, with in-sample MSE: 0.3461154246610809
use_scale: True
use_location: False
Finished training EB misspecified with NPMLE init, with SURE: 0.21910664933342516
Finished training EB misspecified with NPMLE init, with in-sample MSE: 0.3933034722112358
Finished training EB misspecified, with SURE: 0.21908589088348293
Finished training EB misspecified, with in-sample MSE: 0.3934126071025014
Finished training EB wellspecified, with SURE: 0.01369654592479893
Finished training EB wellspecified, with in-sample MSE: 0.3840004477169987
m: 148
Finished solving NPMLE, with SURE 1.1110362464504775
Finished solving NPMLE, with in-sample MSE 0.31759671749958884
Finished solving parametric estimator, with SURE 0.44706884620922005
Finished solving parametric estimator, with in-sample MSE 0.3251357317580444
Finished solving EBCF, with in-sample MSE 0.37014824999935064
Finished training EB SURE-LS, with SURE: 0.3697605827818147
Finished training EB SURE-LS, with in-sample MSE: 0.3832378223280277
use_scale: True
use_location: False
Finished training EB misspecified with NPMLE init, with SURE: 0.26409039805152007
Finished training EB misspecified with NPMLE init, with in-sample MSE: 0.4222147590703635
Finished training EB misspecified, with SURE: 0.2641154315695532
Finished training EB misspecified, with in-sample MSE: 0.42197359456186573
Finished training EB wellspecified, with SURE: 0.18546681559724146
Finished training EB wellspecified, with in-sample MSE: 0.4435301519724063
m: 149
Finished solving NPMLE, with SURE 0.9610886735323887
Finished solving NPMLE, with in-sample MSE 0.24157644485852742
Finished solving parametric estimator, with SURE 0.2585672375262098
Finished solving parametric estimator, with in-sample MSE 0.27740968988102993
Finished solving EBCF, with in-sample MSE 0.3498028469651305
Finished training EB SURE-LS, with SURE: 0.19241704030695814
Finished training EB SURE-LS, with in-sample MSE: 0.3286723059549906
use_scale: True
use_location: False
Finished training EB misspecified with NPMLE init, with SURE: 0.1499032724932561
Finished training EB misspecified with NPMLE init, with in-sample MSE: 0.2762179698565326
Finished training EB misspecified, with SURE: 0.14993861267939998
Finished training EB misspecified, with in-sample MSE: 0.276204681625048
Finished training EB wellspecified, with SURE: -0.037544108389308696
Finished training EB wellspecified, with in-sample MSE: 0.39296346654143943

n: 200
m: 100
Finished solving NPMLE, with SURE 1.039304012003828
Finished solving NPMLE, with in-sample MSE 0.34930651028547954
Finished solving parametric estimator, with SURE 0.3941251631786609
Finished solving parametric estimator, with in-sample MSE 0.393627588837838
Finished solving EBCF, with in-sample MSE 0.3938761517797727
Finished training EB SURE-LS, with SURE: 0.3299800469231046
Finished training EB SURE-LS, with in-sample MSE: 0.36188710897421933
use_scale: True
use_location: False
Finished training EB misspecified with NPMLE init, with SURE: 0.294344241069588
Finished training EB misspecified with NPMLE init, with in-sample MSE: 0.3468466636583165
Finished training EB misspecified, with SURE: 0.29437369006082437
Finished training EB misspecified, with in-sample MSE: 0.34683551756724235
Finished training EB wellspecified, with SURE: 0.23314418054590214
Finished training EB wellspecified, with in-sample MSE: 0.49241839590304265
m: 101
Finished solving NPMLE, with SURE 1.3696178132574834
Finished solving NPMLE, with in-sample MSE 0.36207436933523984
Finished solving parametric estimator, with SURE 0.38938450604685615
Finished solving parametric estimator, with in-sample MSE 0.3777355337169037
Finished solving EBCF, with in-sample MSE 0.34053611160613506
Finished training EB SURE-LS, with SURE: 0.3128791101585283
Finished training EB SURE-LS, with in-sample MSE: 0.3863288873664989
use_scale: True
use_location: False
Finished training EB misspecified with NPMLE init, with SURE: 0.28140484117355824
Finished training EB misspecified with NPMLE init, with in-sample MSE: 0.35237471179535085
Finished training EB misspecified, with SURE: 0.28150670388239435
Finished training EB misspecified, with in-sample MSE: 0.34720181034975206
Finished training EB wellspecified, with SURE: 0.23689898803908732
Finished training EB wellspecified, with in-sample MSE: 0.335431119242033
m: 102
Finished solving NPMLE, with SURE 1.0139979518356794
Finished solving NPMLE, with in-sample MSE 0.38886822656131065
Finished solving parametric estimator, with SURE 0.38757749263438956
Finished solving parametric estimator, with in-sample MSE 0.4045861568050673
Finished solving EBCF, with in-sample MSE 0.3864181405674053
Finished training EB SURE-LS, with SURE: 0.33449056712598035
Finished training EB SURE-LS, with in-sample MSE: 0.37581275260978425
use_scale: True
use_location: False
Finished training EB misspecified with NPMLE init, with SURE: 0.3186228177297963
Finished training EB misspecified with NPMLE init, with in-sample MSE: 0.3621354041510165
Finished training EB misspecified, with SURE: 0.31864010843392565
Finished training EB misspecified, with in-sample MSE: 0.3621385118040029
Finished training EB wellspecified, with SURE: 0.09590310511792766
Finished training EB wellspecified, with in-sample MSE: 0.4958844195860519
m: 103
Finished solving NPMLE, with SURE 1.2860934222657727
Finished solving NPMLE, with in-sample MSE 0.3431339639865215
Finished solving parametric estimator, with SURE 0.428793875527254
Finished solving parametric estimator, with in-sample MSE 0.3748092596361802
Finished solving EBCF, with in-sample MSE 0.37162293379273287
Finished training EB SURE-LS, with SURE: 0.3874653514459307
Finished training EB SURE-LS, with in-sample MSE: 0.3522746103161438
use_scale: True
use_location: False
Finished training EB misspecified with NPMLE init, with SURE: 0.3525555607854567
Finished training EB misspecified with NPMLE init, with in-sample MSE: 0.3512096934179101
Finished training EB misspecified, with SURE: 0.3524776522854839
Finished training EB misspecified, with in-sample MSE: 0.35130082153695447
Finished training EB wellspecified, with SURE: 0.2699612440401723
Finished training EB wellspecified, with in-sample MSE: 0.3840365914911502
m: 104
Finished solving NPMLE, with SURE 1.0059241850721528
Finished solving NPMLE, with in-sample MSE 0.3577280169212657
Finished solving parametric estimator, with SURE 0.39345649193102744
Finished solving parametric estimator, with in-sample MSE 0.35530091471502245
Finished solving EBCF, with in-sample MSE 0.3518630400961883
Finished training EB SURE-LS, with SURE: 0.3751301319795558
Finished training EB SURE-LS, with in-sample MSE: 0.33602106321026304
use_scale: True
use_location: False
Finished training EB misspecified with NPMLE init, with SURE: 0.33666435316632704
Finished training EB misspecified with NPMLE init, with in-sample MSE: 0.3480635934963016
Finished training EB misspecified, with SURE: 0.33563731365935995
Finished training EB misspecified, with in-sample MSE: 0.3512898747824487
Finished training EB wellspecified, with SURE: 0.211789204328515
Finished training EB wellspecified, with in-sample MSE: 0.4602607916813733
m: 105
Finished solving NPMLE, with SURE 1.2340378905613374
Finished solving NPMLE, with in-sample MSE 0.4064812915790639
Finished solving parametric estimator, with SURE 0.4041911497790961
Finished solving parametric estimator, with in-sample MSE 0.39915299102475177
Finished solving EBCF, with in-sample MSE 0.37501929172454723
Finished training EB SURE-LS, with SURE: 0.3692470605945137
Finished training EB SURE-LS, with in-sample MSE: 0.34830686564234786
use_scale: True
use_location: False
Finished training EB misspecified with NPMLE init, with SURE: 0.33348289688874955
Finished training EB misspecified with NPMLE init, with in-sample MSE: 0.37570646113549416
Finished training EB misspecified, with SURE: 0.3334701221335659
Finished training EB misspecified, with in-sample MSE: 0.37571143032753135
Finished training EB wellspecified, with SURE: 0.20706543758103216
Finished training EB wellspecified, with in-sample MSE: 0.4100588347679824
m: 106
Finished solving NPMLE, with SURE 1.114749332889715
Finished solving NPMLE, with in-sample MSE 0.36165946519027253
Finished solving parametric estimator, with SURE 0.422408758031416
Finished solving parametric estimator, with in-sample MSE 0.3878686639561312
Finished solving EBCF, with in-sample MSE 0.3860441529256313
Finished training EB SURE-LS, with SURE: 0.3814100059189318
Finished training EB SURE-LS, with in-sample MSE: 0.35866352283224096
use_scale: True
use_location: False
Finished training EB misspecified with NPMLE init, with SURE: 0.30776599420116535
Finished training EB misspecified with NPMLE init, with in-sample MSE: 0.36386191843389765
Finished training EB misspecified, with SURE: 0.30779325364672694
Finished training EB misspecified, with in-sample MSE: 0.36394233008333593
Finished training EB wellspecified, with SURE: 0.2155720453645984
Finished training EB wellspecified, with in-sample MSE: 0.40569190733603633
m: 107
Finished solving NPMLE, with SURE 1.206308169312246
Finished solving NPMLE, with in-sample MSE 0.3910257878269605
Finished solving parametric estimator, with SURE 0.3667389638851303
Finished solving parametric estimator, with in-sample MSE 0.39587647142173255
Finished solving EBCF, with in-sample MSE 0.36379198790189
Finished training EB SURE-LS, with SURE: 0.3145543691439759
Finished training EB SURE-LS, with in-sample MSE: 0.37624661627522804
use_scale: True
use_location: False
Finished training EB misspecified with NPMLE init, with SURE: 0.29039137458650016
Finished training EB misspecified with NPMLE init, with in-sample MSE: 0.3634233255342592
Finished training EB misspecified, with SURE: 0.2904357908778046
Finished training EB misspecified, with in-sample MSE: 0.3632811847601209
Finished training EB wellspecified, with SURE: 0.19382317469600238
Finished training EB wellspecified, with in-sample MSE: 0.4831230710217262
m: 108
Finished solving NPMLE, with SURE 1.2482257471664246
Finished solving NPMLE, with in-sample MSE 0.4291751285726816
Finished solving parametric estimator, with SURE 0.4012281485495633
Finished solving parametric estimator, with in-sample MSE 0.37703466647383194
Finished solving EBCF, with in-sample MSE 0.3921096306034729
Finished training EB SURE-LS, with SURE: 0.30324148173196264
Finished training EB SURE-LS, with in-sample MSE: 0.3975897191144179
use_scale: True
use_location: False
Finished training EB misspecified with NPMLE init, with SURE: 0.2585357973307496
Finished training EB misspecified with NPMLE init, with in-sample MSE: 0.45647185291358255
Finished training EB misspecified, with SURE: 0.25856367102423283
Finished training EB misspecified, with in-sample MSE: 0.45638915024639815
Finished training EB wellspecified, with SURE: 0.1402095239754159
Finished training EB wellspecified, with in-sample MSE: 0.4851893248701316
m: 109
Finished solving NPMLE, with SURE 1.2754631504940468
Finished solving NPMLE, with in-sample MSE 0.3716119180630907
Finished solving parametric estimator, with SURE 0.41498837672566924
Finished solving parametric estimator, with in-sample MSE 0.38885768778894475
Finished solving EBCF, with in-sample MSE 0.4096452463272845
Finished training EB SURE-LS, with SURE: 0.3700965295417778
Finished training EB SURE-LS, with in-sample MSE: 0.3946463566422973
use_scale: True
use_location: False
Finished training EB misspecified with NPMLE init, with SURE: 0.3063450202354791
Finished training EB misspecified with NPMLE init, with in-sample MSE: 0.3728383144577749
Finished training EB misspecified, with SURE: 0.30626069521334004
Finished training EB misspecified, with in-sample MSE: 0.37271385686150277
Finished training EB wellspecified, with SURE: 0.22966333530114852
Finished training EB wellspecified, with in-sample MSE: 0.4399431157652382
m: 110
Finished solving NPMLE, with SURE 1.0546285063422587
Finished solving NPMLE, with in-sample MSE 0.3683205915638725
Finished solving parametric estimator, with SURE 0.42991824632667563
Finished solving parametric estimator, with in-sample MSE 0.40602351183778757
Finished solving EBCF, with in-sample MSE 0.3770874788618014
Finished training EB SURE-LS, with SURE: 0.38876593304977336
Finished training EB SURE-LS, with in-sample MSE: 0.36014132995619413
use_scale: True
use_location: False
Finished training EB misspecified with NPMLE init, with SURE: 0.3295840525622964
Finished training EB misspecified with NPMLE init, with in-sample MSE: 0.3753835336236414
Finished training EB misspecified, with SURE: 0.3296037936081146
Finished training EB misspecified, with in-sample MSE: 0.3753808938057872
Finished training EB wellspecified, with SURE: 0.207451221369397
Finished training EB wellspecified, with in-sample MSE: 0.44988256273855337
m: 111
Finished solving NPMLE, with SURE 1.3737296627188118
Finished solving NPMLE, with in-sample MSE 0.4475199465165921
Finished solving parametric estimator, with SURE 0.41889277994563207
Finished solving parametric estimator, with in-sample MSE 0.49169054159143694
Finished solving EBCF, with in-sample MSE 0.5224352779144317
Finished training EB SURE-LS, with SURE: 0.36428673023792124
Finished training EB SURE-LS, with in-sample MSE: 0.5075984122916491
use_scale: True
use_location: False
Finished training EB misspecified with NPMLE init, with SURE: 0.36018912545235887
Finished training EB misspecified with NPMLE init, with in-sample MSE: 0.46035665245564694
Finished training EB misspecified, with SURE: 0.36011289170480804
Finished training EB misspecified, with in-sample MSE: 0.45612771349561887
Finished training EB wellspecified, with SURE: 0.20302293507224684
Finished training EB wellspecified, with in-sample MSE: 0.5139858836047427
m: 112
Finished solving NPMLE, with SURE 1.2830733345712784
Finished solving NPMLE, with in-sample MSE 0.3657840606759424
Finished solving parametric estimator, with SURE 0.3919618447879078
Finished solving parametric estimator, with in-sample MSE 0.3348032643378758
Finished solving EBCF, with in-sample MSE 0.34830310320814706
Finished training EB SURE-LS, with SURE: 0.3416621370632188
Finished training EB SURE-LS, with in-sample MSE: 0.3378491007354993
use_scale: True
use_location: False
Finished training EB misspecified with NPMLE init, with SURE: 0.2626726776307777
Finished training EB misspecified with NPMLE init, with in-sample MSE: 0.3724222494420686
Finished training EB misspecified, with SURE: 0.2626944061106377
Finished training EB misspecified, with in-sample MSE: 0.37240005208930954
Finished training EB wellspecified, with SURE: 0.17513777861177426
Finished training EB wellspecified, with in-sample MSE: 0.4313955003860909
m: 113
Finished solving NPMLE, with SURE 1.1326708179952754
Finished solving NPMLE, with in-sample MSE 0.4522205779059736
Finished solving parametric estimator, with SURE 0.4112098990129863
Finished solving parametric estimator, with in-sample MSE 0.46752658663377467
Finished solving EBCF, with in-sample MSE 0.43494514593166345
Finished training EB SURE-LS, with SURE: 0.3787859337146773
Finished training EB SURE-LS, with in-sample MSE: 0.41814176831769134
use_scale: True
use_location: False
Finished training EB misspecified with NPMLE init, with SURE: 0.3572099291833273
Finished training EB misspecified with NPMLE init, with in-sample MSE: 0.44979335097486617
Finished training EB misspecified, with SURE: 0.35645736067225814
Finished training EB misspecified, with in-sample MSE: 0.455219230126935
Finished training EB wellspecified, with SURE: 0.2500353974491783
Finished training EB wellspecified, with in-sample MSE: 0.5887466577325777
m: 114
Finished solving NPMLE, with SURE 1.1610038083084822
Finished solving NPMLE, with in-sample MSE 0.4130158799825486
Finished solving parametric estimator, with SURE 0.38034968639469097
Finished solving parametric estimator, with in-sample MSE 0.3849464480190641
Finished solving EBCF, with in-sample MSE 0.36500391322897113
Finished training EB SURE-LS, with SURE: 0.3394342556741387
Finished training EB SURE-LS, with in-sample MSE: 0.3852780818814959
use_scale: True
use_location: False
Finished training EB misspecified with NPMLE init, with SURE: 0.2645480538209822
Finished training EB misspecified with NPMLE init, with in-sample MSE: 0.4349228780890504
Finished training EB misspecified, with SURE: 0.26456283220656474
Finished training EB misspecified, with in-sample MSE: 0.43515972709914835
Finished training EB wellspecified, with SURE: 0.15218447123831083
Finished training EB wellspecified, with in-sample MSE: 0.4570044916544317
m: 115
Finished solving NPMLE, with SURE 1.1654171913481068
Finished solving NPMLE, with in-sample MSE 0.43505692132597495
Finished solving parametric estimator, with SURE 0.38616255627514706
Finished solving parametric estimator, with in-sample MSE 0.4443287362929578
Finished solving EBCF, with in-sample MSE 0.45412020407766346
Finished training EB SURE-LS, with SURE: 0.35985207684684706
Finished training EB SURE-LS, with in-sample MSE: 0.4314299193418487
use_scale: True
use_location: False
Finished training EB misspecified with NPMLE init, with SURE: 0.3139893129969156
Finished training EB misspecified with NPMLE init, with in-sample MSE: 0.46834227188204386
Finished training EB misspecified, with SURE: 0.31399793855051594
Finished training EB misspecified, with in-sample MSE: 0.4684754125124659
Finished training EB wellspecified, with SURE: 0.2082861837771264
Finished training EB wellspecified, with in-sample MSE: 0.5109269176960565
m: 116
Finished solving NPMLE, with SURE 1.0750923243585682
Finished solving NPMLE, with in-sample MSE 0.3684475010773708
Finished solving parametric estimator, with SURE 0.4334881223589623
Finished solving parametric estimator, with in-sample MSE 0.41328141728077866
Finished solving EBCF, with in-sample MSE 0.40171521186196885
Finished training EB SURE-LS, with SURE: 0.395127017776713
Finished training EB SURE-LS, with in-sample MSE: 0.3618930811287733
use_scale: True
use_location: False
Finished training EB misspecified with NPMLE init, with SURE: 0.390482013033901
Finished training EB misspecified with NPMLE init, with in-sample MSE: 0.3760100693431538
Finished training EB misspecified, with SURE: 0.3905002752732621
Finished training EB misspecified, with in-sample MSE: 0.3761614057977137
Finished training EB wellspecified, with SURE: 0.33139048109837516
Finished training EB wellspecified, with in-sample MSE: 0.3766024404845529
m: 117
Finished solving NPMLE, with SURE 1.5775582475123378
Finished solving NPMLE, with in-sample MSE 0.407377774297377
Finished solving parametric estimator, with SURE 0.4280991297787954
Finished solving parametric estimator, with in-sample MSE 0.38103482709558634
Finished solving EBCF, with in-sample MSE 0.36493434079598747
Finished training EB SURE-LS, with SURE: 0.3848968453724777
Finished training EB SURE-LS, with in-sample MSE: 0.3270932968585341
use_scale: True
use_location: False
Finished training EB misspecified with NPMLE init, with SURE: 0.28077610807339926
Finished training EB misspecified with NPMLE init, with in-sample MSE: 0.36496287152520795
Finished training EB misspecified, with SURE: 0.28080391473797406
Finished training EB misspecified, with in-sample MSE: 0.36476727986999724
Finished training EB wellspecified, with SURE: 0.2033849371117951
Finished training EB wellspecified, with in-sample MSE: 0.39829713201403877
m: 118
Finished solving NPMLE, with SURE 0.9122958355724051
Finished solving NPMLE, with in-sample MSE 0.4100236905546851
Finished solving parametric estimator, with SURE 0.3616021199517605
Finished solving parametric estimator, with in-sample MSE 0.40338181297322884
Finished solving EBCF, with in-sample MSE 0.3742503363830404
Finished training EB SURE-LS, with SURE: 0.3161327518412449
Finished training EB SURE-LS, with in-sample MSE: 0.3618622386312778
use_scale: True
use_location: False
Finished training EB misspecified with NPMLE init, with SURE: 0.2696573803531939
Finished training EB misspecified with NPMLE init, with in-sample MSE: 0.3599915515946982
Finished training EB misspecified, with SURE: 0.26967077832820535
Finished training EB misspecified, with in-sample MSE: 0.3599098301141172
Finished training EB wellspecified, with SURE: 0.10759089998646046
Finished training EB wellspecified, with in-sample MSE: 0.455796022425985
m: 119
Finished solving NPMLE, with SURE 0.940556166590633
Finished solving NPMLE, with in-sample MSE 0.34265174217497785
Finished solving parametric estimator, with SURE 0.3794735257806894
Finished solving parametric estimator, with in-sample MSE 0.37048207256829435
Finished solving EBCF, with in-sample MSE 0.341104478849216
Finished training EB SURE-LS, with SURE: 0.36387597420598694
Finished training EB SURE-LS, with in-sample MSE: 0.34632908359236403
use_scale: True
use_location: False
Finished training EB misspecified with NPMLE init, with SURE: 0.33781116194519256
Finished training EB misspecified with NPMLE init, with in-sample MSE: 0.3343860068834538
Finished training EB misspecified, with SURE: 0.3380153118961013
Finished training EB misspecified, with in-sample MSE: 0.3736436233821284
Finished training EB wellspecified, with SURE: 0.20648553411418305
Finished training EB wellspecified, with in-sample MSE: 0.39607489861192313
m: 120
Finished solving NPMLE, with SURE 0.791343971673678
Finished solving NPMLE, with in-sample MSE 0.340670265662225
Finished solving parametric estimator, with SURE 0.35585174260816
Finished solving parametric estimator, with in-sample MSE 0.3354173090859752
Finished solving EBCF, with in-sample MSE 0.3338455801180364
Finished training EB SURE-LS, with SURE: 0.32244264446010734
Finished training EB SURE-LS, with in-sample MSE: 0.32049027019326815
use_scale: True
use_location: False
Finished training EB misspecified with NPMLE init, with SURE: 0.2931481779844527
Finished training EB misspecified with NPMLE init, with in-sample MSE: 0.3056585012827611
Finished training EB misspecified, with SURE: 0.27170959484182894
Finished training EB misspecified, with in-sample MSE: 0.3702005116055199
Finished training EB wellspecified, with SURE: 0.08636366711921448
Finished training EB wellspecified, with in-sample MSE: 0.4014138261248468
m: 121
Finished solving NPMLE, with SURE 0.9464486195416733
Finished solving NPMLE, with in-sample MSE 0.3948712089042134
Finished solving parametric estimator, with SURE 0.4054984799833926
Finished solving parametric estimator, with in-sample MSE 0.39739644692893045
Finished solving EBCF, with in-sample MSE 0.3857657112152079
Finished training EB SURE-LS, with SURE: 0.37685348879033426
Finished training EB SURE-LS, with in-sample MSE: 0.39555092593396934
use_scale: True
use_location: False
Finished training EB misspecified with NPMLE init, with SURE: 0.31821606020576554
Finished training EB misspecified with NPMLE init, with in-sample MSE: 0.3964169155898454
Finished training EB misspecified, with SURE: 0.31820097859915875
Finished training EB misspecified, with in-sample MSE: 0.40347893646511884
Finished training EB wellspecified, with SURE: 0.20351706239991893
Finished training EB wellspecified, with in-sample MSE: 0.49051506360244496
m: 122
Finished solving NPMLE, with SURE 1.0113868772339154
Finished solving NPMLE, with in-sample MSE 0.39368828989233384
Finished solving parametric estimator, with SURE 0.3842315414062797
Finished solving parametric estimator, with in-sample MSE 0.4187843377607844
Finished solving EBCF, with in-sample MSE 0.3742503289171943
Finished training EB SURE-LS, with SURE: 0.3521871006125217
Finished training EB SURE-LS, with in-sample MSE: 0.36332924933864874
use_scale: True
use_location: False
Finished training EB misspecified with NPMLE init, with SURE: 0.2989992198166071
Finished training EB misspecified with NPMLE init, with in-sample MSE: 0.3877696698191588
Finished training EB misspecified, with SURE: 0.2989797313395175
Finished training EB misspecified, with in-sample MSE: 0.3881895516080056
Finished training EB wellspecified, with SURE: 0.22686382158166332
Finished training EB wellspecified, with in-sample MSE: 0.39388502782933527
m: 123
Finished solving NPMLE, with SURE 1.1837498051270194
Finished solving NPMLE, with in-sample MSE 0.36806556041642563
Finished solving parametric estimator, with SURE 0.35230760133949557
Finished solving parametric estimator, with in-sample MSE 0.3829916457288437
Finished solving EBCF, with in-sample MSE 0.409756203974858
Finished training EB SURE-LS, with SURE: 0.30074346501913046
Finished training EB SURE-LS, with in-sample MSE: 0.3949970207695291
use_scale: True
use_location: False
Finished training EB misspecified with NPMLE init, with SURE: 0.2849525495132773
Finished training EB misspecified with NPMLE init, with in-sample MSE: 0.3738756961853611
Finished training EB misspecified, with SURE: 0.2849999381346033
Finished training EB misspecified, with in-sample MSE: 0.37397306707439365
Finished training EB wellspecified, with SURE: 0.13763735572569238
Finished training EB wellspecified, with in-sample MSE: 0.43493956788552274
m: 124
Finished solving NPMLE, with SURE 1.2461725518007312
Finished solving NPMLE, with in-sample MSE 0.3824930665135037
Finished solving parametric estimator, with SURE 0.39642453095512664
Finished solving parametric estimator, with in-sample MSE 0.4542459286224399
Finished solving EBCF, with in-sample MSE 0.40948485644709526
Finished training EB SURE-LS, with SURE: 0.33724635549378545
Finished training EB SURE-LS, with in-sample MSE: 0.3749144735280979
use_scale: True
use_location: False
Finished training EB misspecified with NPMLE init, with SURE: 0.2716613007893689
Finished training EB misspecified with NPMLE init, with in-sample MSE: 0.3594460988480186
Finished training EB misspecified, with SURE: 0.2716940488075862
Finished training EB misspecified, with in-sample MSE: 0.35945522823703313
Finished training EB wellspecified, with SURE: 0.22567367223403728
Finished training EB wellspecified, with in-sample MSE: 0.36745383432550577
m: 125
Finished solving NPMLE, with SURE 1.025963244825229
Finished solving NPMLE, with in-sample MSE 0.49300366695770653
Finished solving parametric estimator, with SURE 0.4185990117066006
Finished solving parametric estimator, with in-sample MSE 0.45765964148777677
Finished solving EBCF, with in-sample MSE 0.4230989220313653
Finished training EB SURE-LS, with SURE: 0.4056936715664773
Finished training EB SURE-LS, with in-sample MSE: 0.4316702772823928
use_scale: True
use_location: False
Finished training EB misspecified with NPMLE init, with SURE: 0.29380409300675525
Finished training EB misspecified with NPMLE init, with in-sample MSE: 0.46105681926605485
Finished training EB misspecified, with SURE: 0.29381183010673056
Finished training EB misspecified, with in-sample MSE: 0.4610656054130432
Finished training EB wellspecified, with SURE: 0.21635620436024347
Finished training EB wellspecified, with in-sample MSE: 0.49413868433792496
m: 126
Finished solving NPMLE, with SURE 1.200969449666171
Finished solving NPMLE, with in-sample MSE 0.3668701224417006
Finished solving parametric estimator, with SURE 0.39062055228068293
Finished solving parametric estimator, with in-sample MSE 0.3719589738410349
Finished solving EBCF, with in-sample MSE 0.3506750413511487
Finished training EB SURE-LS, with SURE: 0.3689308421811957
Finished training EB SURE-LS, with in-sample MSE: 0.3325504332650443
use_scale: True
use_location: False
Finished training EB misspecified with NPMLE init, with SURE: 0.28137478258525256
Finished training EB misspecified with NPMLE init, with in-sample MSE: 0.35289333452181587
Finished training EB misspecified, with SURE: 0.2811201918089417
Finished training EB misspecified, with in-sample MSE: 0.35321944049018716
Finished training EB wellspecified, with SURE: 0.2008622926901456
Finished training EB wellspecified, with in-sample MSE: 0.3898134345901025
m: 127
Finished solving NPMLE, with SURE 1.3111035795878332
Finished solving NPMLE, with in-sample MSE 0.527354765949929
Finished solving parametric estimator, with SURE 0.3948753562171889
Finished solving parametric estimator, with in-sample MSE 0.4576440705015548
Finished solving EBCF, with in-sample MSE 0.45603450642186455
Finished training EB SURE-LS, with SURE: 0.36863392823729657
Finished training EB SURE-LS, with in-sample MSE: 0.4177131947252149
use_scale: True
use_location: False
Finished training EB misspecified with NPMLE init, with SURE: 0.257050146377799
Finished training EB misspecified with NPMLE init, with in-sample MSE: 0.5466065134987087
Finished training EB misspecified, with SURE: 0.25706463090368786
Finished training EB misspecified, with in-sample MSE: 0.5467223430435663
Finished training EB wellspecified, with SURE: 0.11551945382893697
Finished training EB wellspecified, with in-sample MSE: 0.6550182511811147
m: 128
Finished solving NPMLE, with SURE 0.9454566067509166
Finished solving NPMLE, with in-sample MSE 0.39203975020518195
Finished solving parametric estimator, with SURE 0.3400400997247114
Finished solving parametric estimator, with in-sample MSE 0.39204767357344905
Finished solving EBCF, with in-sample MSE 0.363933777150264
Finished training EB SURE-LS, with SURE: 0.29027293796008324
Finished training EB SURE-LS, with in-sample MSE: 0.3527037779817943
use_scale: True
use_location: False
Finished training EB misspecified with NPMLE init, with SURE: 0.2560712896063831
Finished training EB misspecified with NPMLE init, with in-sample MSE: 0.3837990069111985
Finished training EB misspecified, with SURE: 0.25124013894177694
Finished training EB misspecified, with in-sample MSE: 0.3942060507511079
Finished training EB wellspecified, with SURE: 0.16769981686499816
Finished training EB wellspecified, with in-sample MSE: 0.3798480227556179
m: 129
Finished solving NPMLE, with SURE 1.1661626485513346
Finished solving NPMLE, with in-sample MSE 0.3796726483049861
Finished solving parametric estimator, with SURE 0.4262628650804567
Finished solving parametric estimator, with in-sample MSE 0.42146129094458684
Finished solving EBCF, with in-sample MSE 0.4438169352223952
Finished training EB SURE-LS, with SURE: 0.39244704673159236
Finished training EB SURE-LS, with in-sample MSE: 0.41030612262599037
use_scale: True
use_location: False
Finished training EB misspecified with NPMLE init, with SURE: 0.3848969658765371
Finished training EB misspecified with NPMLE init, with in-sample MSE: 0.40032865220256986
Finished training EB misspecified, with SURE: 0.3849039873441423
Finished training EB misspecified, with in-sample MSE: 0.4009221429752208
Finished training EB wellspecified, with SURE: 0.23155304972870827
Finished training EB wellspecified, with in-sample MSE: 0.5386636783469745
m: 130
Finished solving NPMLE, with SURE 0.8309038390351107
Finished solving NPMLE, with in-sample MSE 0.34732747080092785
Finished solving parametric estimator, with SURE 0.370704445368777
Finished solving parametric estimator, with in-sample MSE 0.3661512265928332
Finished solving EBCF, with in-sample MSE 0.3574367134464741
Finished training EB SURE-LS, with SURE: 0.352931492136414
Finished training EB SURE-LS, with in-sample MSE: 0.34175962239470264
use_scale: True
use_location: False
Finished training EB misspecified with NPMLE init, with SURE: 0.29899007772530456
Finished training EB misspecified with NPMLE init, with in-sample MSE: 0.34679082231587144
Finished training EB misspecified, with SURE: 0.2990101007667015
Finished training EB misspecified, with in-sample MSE: 0.3467975746045495
Finished training EB wellspecified, with SURE: 0.2223866161096198
Finished training EB wellspecified, with in-sample MSE: 0.3946296057494688
m: 131
Finished solving NPMLE, with SURE 1.4110112985513468
Finished solving NPMLE, with in-sample MSE 0.4346452160284781
Finished solving parametric estimator, with SURE 0.4289587027674806
Finished solving parametric estimator, with in-sample MSE 0.5029218380504219
Finished solving EBCF, with in-sample MSE 0.4928875848097453
Finished training EB SURE-LS, with SURE: 0.3888916318270571
Finished training EB SURE-LS, with in-sample MSE: 0.470896623605507
use_scale: True
use_location: False
Finished training EB misspecified with NPMLE init, with SURE: 0.3413629986759073
Finished training EB misspecified with NPMLE init, with in-sample MSE: 0.4159147814162232
Finished training EB misspecified, with SURE: 0.34099078457561455
Finished training EB misspecified, with in-sample MSE: 0.4145452970054593
Finished training EB wellspecified, with SURE: 0.21506117901343202
Finished training EB wellspecified, with in-sample MSE: 0.5622587588459007
m: 132
Finished solving NPMLE, with SURE 1.1271494199718572
Finished solving NPMLE, with in-sample MSE 0.33201906181194246
Finished solving parametric estimator, with SURE 0.3903076080730545
Finished solving parametric estimator, with in-sample MSE 0.34205247118007565
Finished solving EBCF, with in-sample MSE 0.3362876076099061
Finished training EB SURE-LS, with SURE: 0.3459595218965058
Finished training EB SURE-LS, with in-sample MSE: 0.3080873581786041
use_scale: True
use_location: False
Finished training EB misspecified with NPMLE init, with SURE: 0.3005836248224628
Finished training EB misspecified with NPMLE init, with in-sample MSE: 0.32225422945315996
Finished training EB misspecified, with SURE: 0.30061006764997317
Finished training EB misspecified, with in-sample MSE: 0.3222937652575164
Finished training EB wellspecified, with SURE: 0.135406177568894
Finished training EB wellspecified, with in-sample MSE: 0.36191495720737443
m: 133
Finished solving NPMLE, with SURE 1.0529899745228526
Finished solving NPMLE, with in-sample MSE 0.36666313546082513
Finished solving parametric estimator, with SURE 0.3912985106901915
Finished solving parametric estimator, with in-sample MSE 0.3821942675689157
Finished solving EBCF, with in-sample MSE 0.3350117907855865
Finished training EB SURE-LS, with SURE: 0.35950826821937737
Finished training EB SURE-LS, with in-sample MSE: 0.3259300315380862
use_scale: True
use_location: False
Finished training EB misspecified with NPMLE init, with SURE: 0.3102528828928561
Finished training EB misspecified with NPMLE init, with in-sample MSE: 0.3885839078884411
Finished training EB misspecified, with SURE: 0.3102746758684958
Finished training EB misspecified, with in-sample MSE: 0.3888994918897395
Finished training EB wellspecified, with SURE: 0.20263733729942568
Finished training EB wellspecified, with in-sample MSE: 0.4649863108643473
m: 134
Finished solving NPMLE, with SURE 1.0940554256771462
Finished solving NPMLE, with in-sample MSE 0.4303128731913893
Finished solving parametric estimator, with SURE 0.40210855876576646
Finished solving parametric estimator, with in-sample MSE 0.45440890905976516
Finished solving EBCF, with in-sample MSE 0.43264289838936526
Finished training EB SURE-LS, with SURE: 0.3734957795676898
Finished training EB SURE-LS, with in-sample MSE: 0.42292015712279457
use_scale: True
use_location: False
Finished training EB misspecified with NPMLE init, with SURE: 0.32953344250808536
Finished training EB misspecified with NPMLE init, with in-sample MSE: 0.44121748379784687
Finished training EB misspecified, with SURE: 0.3301760944479901
Finished training EB misspecified, with in-sample MSE: 0.45187070269512764
Finished training EB wellspecified, with SURE: 0.2114161531855602
Finished training EB wellspecified, with in-sample MSE: 0.5314968578605151
m: 135
Finished solving NPMLE, with SURE 1.473232834454383
Finished solving NPMLE, with in-sample MSE 0.3810448144909399
Finished solving parametric estimator, with SURE 0.40856272049249365
Finished solving parametric estimator, with in-sample MSE 0.41134163445167554
Finished solving EBCF, with in-sample MSE 0.3767018821065875
Finished training EB SURE-LS, with SURE: 0.3611754566885852
Finished training EB SURE-LS, with in-sample MSE: 0.3455917797940197
use_scale: True
use_location: False
Finished training EB misspecified with NPMLE init, with SURE: 0.3303410658402835
Finished training EB misspecified with NPMLE init, with in-sample MSE: 0.44441773367866255
Finished training EB misspecified, with SURE: 0.29680330830684953
Finished training EB misspecified, with in-sample MSE: 0.408577802521598
Finished training EB wellspecified, with SURE: 0.16580267097234497
Finished training EB wellspecified, with in-sample MSE: 0.49639109778151863
m: 136
Finished solving NPMLE, with SURE 0.9966001557742223
Finished solving NPMLE, with in-sample MSE 0.32838948129295753
Finished solving parametric estimator, with SURE 0.40572249640042024
Finished solving parametric estimator, with in-sample MSE 0.3976714317338814
Finished solving EBCF, with in-sample MSE 0.3414382881664561
Finished training EB SURE-LS, with SURE: 0.3712068073675276
Finished training EB SURE-LS, with in-sample MSE: 0.33126475777341374
use_scale: True
use_location: False
Finished training EB misspecified with NPMLE init, with SURE: 0.34968283809143885
Finished training EB misspecified with NPMLE init, with in-sample MSE: 0.3371749582491851
Finished training EB misspecified, with SURE: 0.34970498614182416
Finished training EB misspecified, with in-sample MSE: 0.3375161344133808
Finished training EB wellspecified, with SURE: 0.3496869630781875
Finished training EB wellspecified, with in-sample MSE: 0.3372292406881002
m: 137
Finished solving NPMLE, with SURE 1.0037149408077786
Finished solving NPMLE, with in-sample MSE 0.3146703316140127
Finished solving parametric estimator, with SURE 0.41574540088445633
Finished solving parametric estimator, with in-sample MSE 0.35515988340831184
Finished solving EBCF, with in-sample MSE 0.3766775890463311
Finished training EB SURE-LS, with SURE: 0.36006125297888103
Finished training EB SURE-LS, with in-sample MSE: 0.328983167442398
use_scale: True
use_location: False
Finished training EB misspecified with NPMLE init, with SURE: 0.3308609308215252
Finished training EB misspecified with NPMLE init, with in-sample MSE: 0.32411666293515184
Finished training EB misspecified, with SURE: 0.33088330960396023
Finished training EB misspecified, with in-sample MSE: 0.3240445013288003
Finished training EB wellspecified, with SURE: 0.26878101081174427
Finished training EB wellspecified, with in-sample MSE: 0.3805400609985882
m: 138
Finished solving NPMLE, with SURE 0.9132737138219456
Finished solving NPMLE, with in-sample MSE 0.32617262790379364
Finished solving parametric estimator, with SURE 0.40799700359886626
Finished solving parametric estimator, with in-sample MSE 0.36896086796608346
Finished solving EBCF, with in-sample MSE 0.3416972876332883
Finished training EB SURE-LS, with SURE: 0.3697898931169216
Finished training EB SURE-LS, with in-sample MSE: 0.3070299413730531
use_scale: True
use_location: False
Finished training EB misspecified with NPMLE init, with SURE: 0.34413147392787247
Finished training EB misspecified with NPMLE init, with in-sample MSE: 0.30997260874916327
Finished training EB misspecified, with SURE: 0.34393381847965876
Finished training EB misspecified, with in-sample MSE: 0.30933565604998875
Finished training EB wellspecified, with SURE: 0.1855631483867552
Finished training EB wellspecified, with in-sample MSE: 0.4440554812259913
m: 139
Finished solving NPMLE, with SURE 1.1613520900516905
Finished solving NPMLE, with in-sample MSE 0.3285045628475999
Finished solving parametric estimator, with SURE 0.4019111922266037
Finished solving parametric estimator, with in-sample MSE 0.35761698852502277
Finished solving EBCF, with in-sample MSE 0.36383674987682735
Finished training EB SURE-LS, with SURE: 0.395090338629438
Finished training EB SURE-LS, with in-sample MSE: 0.3565580779904494
use_scale: True
use_location: False
Finished training EB misspecified with NPMLE init, with SURE: 0.343538565436587
Finished training EB misspecified with NPMLE init, with in-sample MSE: 0.33154721889427513
Finished training EB misspecified, with SURE: 0.34355346356251026
Finished training EB misspecified, with in-sample MSE: 0.33154299305944557
Finished training EB wellspecified, with SURE: 0.19481202889102933
Finished training EB wellspecified, with in-sample MSE: 0.36417867443169
m: 140
Finished solving NPMLE, with SURE 1.3757535063226036
Finished solving NPMLE, with in-sample MSE 0.32740616041776915
Finished solving parametric estimator, with SURE 0.4093192957415964
Finished solving parametric estimator, with in-sample MSE 0.36826837255648814
Finished solving EBCF, with in-sample MSE 0.3827271812515757
Finished training EB SURE-LS, with SURE: 0.32430129832508336
Finished training EB SURE-LS, with in-sample MSE: 0.39650375884414146
use_scale: True
use_location: False
Finished training EB misspecified with NPMLE init, with SURE: 0.34526252628219195
Finished training EB misspecified with NPMLE init, with in-sample MSE: 0.3345091027133915
Finished training EB misspecified, with SURE: 0.34526076887021345
Finished training EB misspecified, with in-sample MSE: 0.33450588477635407
Finished training EB wellspecified, with SURE: 0.16702203147047712
Finished training EB wellspecified, with in-sample MSE: 0.48531422112121625
m: 141
Finished solving NPMLE, with SURE 0.8990148909759599
Finished solving NPMLE, with in-sample MSE 0.36907247055449255
Finished solving parametric estimator, with SURE 0.35465929534322005
Finished solving parametric estimator, with in-sample MSE 0.3320652785419874
Finished solving EBCF, with in-sample MSE 0.32112799940237374
Finished training EB SURE-LS, with SURE: 0.31835298314023214
Finished training EB SURE-LS, with in-sample MSE: 0.3111350502393836
use_scale: True
use_location: False
Finished training EB misspecified with NPMLE init, with SURE: 0.2549250003510614
Finished training EB misspecified with NPMLE init, with in-sample MSE: 0.3741326132884018
Finished training EB misspecified, with SURE: 0.25343038331298623
Finished training EB misspecified, with in-sample MSE: 0.3662057239527457
Finished training EB wellspecified, with SURE: 0.17079380263462948
Finished training EB wellspecified, with in-sample MSE: 0.34827981173411865
m: 142
Finished solving NPMLE, with SURE 1.0222332984604603
Finished solving NPMLE, with in-sample MSE 0.429232898383637
Finished solving parametric estimator, with SURE 0.3369722154224154
Finished solving parametric estimator, with in-sample MSE 0.41984298291379596
Finished solving EBCF, with in-sample MSE 0.42204873778391816
Finished training EB SURE-LS, with SURE: 0.31334000836507664
Finished training EB SURE-LS, with in-sample MSE: 0.3906278630088271
use_scale: True
use_location: False
Finished training EB misspecified with NPMLE init, with SURE: 0.27933065261364465
Finished training EB misspecified with NPMLE init, with in-sample MSE: 0.42389409388416555
Finished training EB misspecified, with SURE: 0.2793311569219873
Finished training EB misspecified, with in-sample MSE: 0.4238403028397806
Finished training EB wellspecified, with SURE: 0.13893858890850008
Finished training EB wellspecified, with in-sample MSE: 0.45126864434943526
m: 143
Finished solving NPMLE, with SURE 1.050709251554779
Finished solving NPMLE, with in-sample MSE 0.470141477640755
Finished solving parametric estimator, with SURE 0.4276412485226925
Finished solving parametric estimator, with in-sample MSE 0.47487219195384567
Finished solving EBCF, with in-sample MSE 0.45996748199677995
Finished training EB SURE-LS, with SURE: 0.39573800077291876
Finished training EB SURE-LS, with in-sample MSE: 0.4527169898534145
use_scale: True
use_location: False
Finished training EB misspecified with NPMLE init, with SURE: 0.37864608818377393
Finished training EB misspecified with NPMLE init, with in-sample MSE: 0.4566550880871711
Finished training EB misspecified, with SURE: 0.3784203132837668
Finished training EB misspecified, with in-sample MSE: 0.4579560432723614
Finished training EB wellspecified, with SURE: 0.17267895195123587
Finished training EB wellspecified, with in-sample MSE: 0.6368363083728081
m: 144
Finished solving NPMLE, with SURE 1.0686080239280482
Finished solving NPMLE, with in-sample MSE 0.44379125203579384
Finished solving parametric estimator, with SURE 0.42021019633985646
Finished solving parametric estimator, with in-sample MSE 0.4547942148584626
Finished solving EBCF, with in-sample MSE 0.4479314886439797
Finished training EB SURE-LS, with SURE: 0.3880820911271116
Finished training EB SURE-LS, with in-sample MSE: 0.43458449981712
use_scale: True
use_location: False
Finished training EB misspecified with NPMLE init, with SURE: 0.33429486916044815
Finished training EB misspecified with NPMLE init, with in-sample MSE: 0.485560746982416
Finished training EB misspecified, with SURE: 0.3342997748187606
Finished training EB misspecified, with in-sample MSE: 0.48577083833867074
Finished training EB wellspecified, with SURE: 0.24987749138362922
Finished training EB wellspecified, with in-sample MSE: 0.5090871292379935
m: 145
Finished solving NPMLE, with SURE 1.021418202193577
Finished solving NPMLE, with in-sample MSE 0.38844144059458346
Finished solving parametric estimator, with SURE 0.3855201318311454
Finished solving parametric estimator, with in-sample MSE 0.4203734824509594
Finished solving EBCF, with in-sample MSE 0.4037714326918289
Finished training EB SURE-LS, with SURE: 0.32573551870937856
Finished training EB SURE-LS, with in-sample MSE: 0.42151212918477876
use_scale: True
use_location: False
Finished training EB misspecified with NPMLE init, with SURE: 0.29190340162110207
Finished training EB misspecified with NPMLE init, with in-sample MSE: 0.4070698317978956
Finished training EB misspecified, with SURE: 0.2919374220137037
Finished training EB misspecified, with in-sample MSE: 0.4070418793138769
Finished training EB wellspecified, with SURE: 0.18066948961364973
Finished training EB wellspecified, with in-sample MSE: 0.4096905005862632
m: 146
Finished solving NPMLE, with SURE 0.8295245405765211
Finished solving NPMLE, with in-sample MSE 0.3655136525577298
Finished solving parametric estimator, with SURE 0.31108127290920395
Finished solving parametric estimator, with in-sample MSE 0.38088625393571296
Finished solving EBCF, with in-sample MSE 0.33865314621940057
Finished training EB SURE-LS, with SURE: 0.22961365051590116
Finished training EB SURE-LS, with in-sample MSE: 0.3782209632077358
use_scale: True
use_location: False
Finished training EB misspecified with NPMLE init, with SURE: 0.2481128027214286
Finished training EB misspecified with NPMLE init, with in-sample MSE: 0.3427979269163326
Finished training EB misspecified, with SURE: 0.2481363021913635
Finished training EB misspecified, with in-sample MSE: 0.3427761057669534
Finished training EB wellspecified, with SURE: 0.09716320464177265
Finished training EB wellspecified, with in-sample MSE: 0.40053160716453573
m: 147
Finished solving NPMLE, with SURE 1.0534347033150255
Finished solving NPMLE, with in-sample MSE 0.345271547897765
Finished solving parametric estimator, with SURE 0.445690472774283
Finished solving parametric estimator, with in-sample MSE 0.4061461364461383
Finished solving EBCF, with in-sample MSE 0.39095283999497327
Finished training EB SURE-LS, with SURE: 0.42214383843704967
Finished training EB SURE-LS, with in-sample MSE: 0.36272154286623176
use_scale: True
use_location: False
Finished training EB misspecified with NPMLE init, with SURE: 0.3510610667010032
Finished training EB misspecified with NPMLE init, with in-sample MSE: 0.3715304878534254
Finished training EB misspecified, with SURE: 0.3510953978800023
Finished training EB misspecified, with in-sample MSE: 0.3714809214548347
Finished training EB wellspecified, with SURE: 0.24607679017922532
Finished training EB wellspecified, with in-sample MSE: 0.44065869889631515
m: 148
Finished solving NPMLE, with SURE 0.7879768058216513
Finished solving NPMLE, with in-sample MSE 0.349343461380617
Finished solving parametric estimator, with SURE 0.37404322546021307
Finished solving parametric estimator, with in-sample MSE 0.33916268589826154
Finished solving EBCF, with in-sample MSE 0.33696760111619145
Finished training EB SURE-LS, with SURE: 0.3524313457848582
Finished training EB SURE-LS, with in-sample MSE: 0.3187386450886775
use_scale: True
use_location: False
Finished training EB misspecified with NPMLE init, with SURE: 0.24141143502541354
Finished training EB misspecified with NPMLE init, with in-sample MSE: 0.3921336388511401
Finished training EB misspecified, with SURE: 0.24405086950552743
Finished training EB misspecified, with in-sample MSE: 0.4014187206879463
Finished training EB wellspecified, with SURE: 0.03232992765676479
Finished training EB wellspecified, with in-sample MSE: 0.4791873179990774
m: 149
Finished solving NPMLE, with SURE 0.9841772182514211
Finished solving NPMLE, with in-sample MSE 0.3427648140385401
Finished solving parametric estimator, with SURE 0.43064474159881205
Finished solving parametric estimator, with in-sample MSE 0.3988097294704207
Finished solving EBCF, with in-sample MSE 0.33717622004000825
Finished training EB SURE-LS, with SURE: 0.33730275904727214
Finished training EB SURE-LS, with in-sample MSE: 0.31296479737418037
use_scale: True
use_location: False
Finished training EB misspecified with NPMLE init, with SURE: 0.31699768069094825
Finished training EB misspecified with NPMLE init, with in-sample MSE: 0.3217151773081095
Finished training EB misspecified, with SURE: 0.31702572789103817
Finished training EB misspecified, with in-sample MSE: 0.32173700974750197
Finished training EB wellspecified, with SURE: 0.24755004626309635
Finished training EB wellspecified, with in-sample MSE: 0.3727040114056433

n: 400
m: 100
Finished solving NPMLE, with SURE 1.0737126506126262
Finished solving NPMLE, with in-sample MSE 0.4271148510772313
Finished solving parametric estimator, with SURE 0.41077072412595206
Finished solving parametric estimator, with in-sample MSE 0.41300999591905785
Finished solving EBCF, with in-sample MSE 0.3917097183053706
Finished training EB SURE-LS, with SURE: 0.3744276388036353
Finished training EB SURE-LS, with in-sample MSE: 0.37929977843200996
use_scale: True
use_location: False
Finished training EB misspecified with NPMLE init, with SURE: 0.31343173789040296
Finished training EB misspecified with NPMLE init, with in-sample MSE: 0.39711666672195733
Finished training EB misspecified, with SURE: 0.3133969933993744
Finished training EB misspecified, with in-sample MSE: 0.4055278591038382
Finished training EB wellspecified, with SURE: 0.26472725506248546
Finished training EB wellspecified, with in-sample MSE: 0.4244061603200088
m: 101
Finished solving NPMLE, with SURE 0.9682759910361178
Finished solving NPMLE, with in-sample MSE 0.35718422890317697
Finished solving parametric estimator, with SURE 0.36876060628715257
Finished solving parametric estimator, with in-sample MSE 0.3824902826242944
Finished solving EBCF, with in-sample MSE 0.38543620215933916
Finished training EB SURE-LS, with SURE: 0.3562987449916657
Finished training EB SURE-LS, with in-sample MSE: 0.35988032958187977
use_scale: True
use_location: False
Finished training EB misspecified with NPMLE init, with SURE: 0.3006147921308967
Finished training EB misspecified with NPMLE init, with in-sample MSE: 0.3388056645722226
Finished training EB misspecified, with SURE: 0.29889093362249997
Finished training EB misspecified, with in-sample MSE: 0.34467162943425655
Finished training EB wellspecified, with SURE: 0.17518026770307124
Finished training EB wellspecified, with in-sample MSE: 0.41760717740170183
m: 102
Finished solving NPMLE, with SURE 1.187317239650285
Finished solving NPMLE, with in-sample MSE 0.3663349993263543
Finished solving parametric estimator, with SURE 0.40948843465510976
Finished solving parametric estimator, with in-sample MSE 0.39201434406813107
Finished solving EBCF, with in-sample MSE 0.4046990199222235
Finished training EB SURE-LS, with SURE: 0.3635315374792357
Finished training EB SURE-LS, with in-sample MSE: 0.37145092004667135
use_scale: True
use_location: False
Finished training EB misspecified with NPMLE init, with SURE: 0.3442218239766379
Finished training EB misspecified with NPMLE init, with in-sample MSE: 0.35501129196326914
Finished training EB misspecified, with SURE: 0.344234174108536
Finished training EB misspecified, with in-sample MSE: 0.3550135906431216
Finished training EB wellspecified, with SURE: 0.2782091185633578
Finished training EB wellspecified, with in-sample MSE: 0.4503913068254633
m: 103
Finished solving NPMLE, with SURE 1.111518629044786
Finished solving NPMLE, with in-sample MSE 0.3577221840337444
Finished solving parametric estimator, with SURE 0.3901973113690438
Finished solving parametric estimator, with in-sample MSE 0.3560067603752843
Finished solving EBCF, with in-sample MSE 0.32459161677309406
Finished training EB SURE-LS, with SURE: 0.35956270381480915
Finished training EB SURE-LS, with in-sample MSE: 0.32535002257972195
use_scale: True
use_location: False
Finished training EB misspecified with NPMLE init, with SURE: 0.3127649044465158
Finished training EB misspecified with NPMLE init, with in-sample MSE: 0.3265399074175239
Finished training EB misspecified, with SURE: 0.31279632375773025
Finished training EB misspecified, with in-sample MSE: 0.3264594958624872
Finished training EB wellspecified, with SURE: 0.21873079957500097
Finished training EB wellspecified, with in-sample MSE: 0.37554247385264716
m: 104
Finished solving NPMLE, with SURE 0.963629054175005
Finished solving NPMLE, with in-sample MSE 0.3795648471920673
Finished solving parametric estimator, with SURE 0.38451746946507837
Finished solving parametric estimator, with in-sample MSE 0.40754004665724336
Finished solving EBCF, with in-sample MSE 0.39410759905159676
Finished training EB SURE-LS, with SURE: 0.36185613052741994
Finished training EB SURE-LS, with in-sample MSE: 0.37941519991410677
use_scale: True
use_location: False
Finished training EB misspecified with NPMLE init, with SURE: 0.31165455161587874
Finished training EB misspecified with NPMLE init, with in-sample MSE: 0.36938949975696167
Finished training EB misspecified, with SURE: 0.31164052701149714
Finished training EB misspecified, with in-sample MSE: 0.3693529049220973
Finished training EB wellspecified, with SURE: 0.22653288966800517
Finished training EB wellspecified, with in-sample MSE: 0.41574210452230226
m: 105
Finished solving NPMLE, with SURE 1.1467798653182377
Finished solving NPMLE, with in-sample MSE 0.38170172705011396
Finished solving parametric estimator, with SURE 0.3516964557329494
Finished solving parametric estimator, with in-sample MSE 0.40010435310547604
Finished solving EBCF, with in-sample MSE 0.3639994356742201
Finished training EB SURE-LS, with SURE: 0.32041222795404084
Finished training EB SURE-LS, with in-sample MSE: 0.35515670963391727
use_scale: True
use_location: False
Finished training EB misspecified with NPMLE init, with SURE: 0.3048260553650816
Finished training EB misspecified with NPMLE init, with in-sample MSE: 0.36758853133913766
Finished training EB misspecified, with SURE: 0.3020680226969208
Finished training EB misspecified, with in-sample MSE: 0.3647915426016447
Finished training EB wellspecified, with SURE: 0.19925100567585052
Finished training EB wellspecified, with in-sample MSE: 0.40713095517603476
m: 106
Finished solving NPMLE, with SURE 1.1737455014607883
Finished solving NPMLE, with in-sample MSE 0.37796190821710884
Finished solving parametric estimator, with SURE 0.3857941356774899
Finished solving parametric estimator, with in-sample MSE 0.4029054519178858
Finished solving EBCF, with in-sample MSE 0.38910822643672305
Finished training EB SURE-LS, with SURE: 0.3424752452914758
Finished training EB SURE-LS, with in-sample MSE: 0.39134535880348453
use_scale: True
use_location: False
Finished training EB misspecified with NPMLE init, with SURE: 0.34056162940069
Finished training EB misspecified with NPMLE init, with in-sample MSE: 0.3749920068403352
Finished training EB misspecified, with SURE: 0.34057712801407947
Finished training EB misspecified, with in-sample MSE: 0.3750406363637213
Finished training EB wellspecified, with SURE: 0.25409243474551746
Finished training EB wellspecified, with in-sample MSE: 0.4494058357002416
m: 107
Finished solving NPMLE, with SURE 1.2446500403007545
Finished solving NPMLE, with in-sample MSE 0.41777278273049306
Finished solving parametric estimator, with SURE 0.3769896468682478
Finished solving parametric estimator, with in-sample MSE 0.4288808757043141
Finished solving EBCF, with in-sample MSE 0.39781814150074446
Finished training EB SURE-LS, with SURE: 0.34717190167079054
Finished training EB SURE-LS, with in-sample MSE: 0.39436147589162673
use_scale: True
use_location: False
Finished training EB misspecified with NPMLE init, with SURE: 0.3124481600962573
Finished training EB misspecified with NPMLE init, with in-sample MSE: 0.4117234876916109
Finished training EB misspecified, with SURE: 0.3120331667158893
Finished training EB misspecified, with in-sample MSE: 0.41139270595729927
Finished training EB wellspecified, with SURE: 0.22594748005000986
Finished training EB wellspecified, with in-sample MSE: 0.4487433357522621
m: 108
Finished solving NPMLE, with SURE 1.4065693599814653
Finished solving NPMLE, with in-sample MSE 0.34835530026498973
Finished solving parametric estimator, with SURE 0.41931091714322144
Finished solving parametric estimator, with in-sample MSE 0.36554855140333
Finished solving EBCF, with in-sample MSE 0.3568174707577537
Finished training EB SURE-LS, with SURE: 0.39154417109771755
Finished training EB SURE-LS, with in-sample MSE: 0.3451307012714572
use_scale: True
use_location: False
Finished training EB misspecified with NPMLE init, with SURE: 0.3131323676381463
Finished training EB misspecified with NPMLE init, with in-sample MSE: 0.36115249510347325
Finished training EB misspecified, with SURE: 0.31314407474594047
Finished training EB misspecified, with in-sample MSE: 0.36109165975841095
Finished training EB wellspecified, with SURE: 0.2961214284313592
Finished training EB wellspecified, with in-sample MSE: 0.35154709270634527
m: 109
Finished solving NPMLE, with SURE 1.2147232028538457
Finished solving NPMLE, with in-sample MSE 0.36232788514051506
Finished solving parametric estimator, with SURE 0.41120003344808637
Finished solving parametric estimator, with in-sample MSE 0.37777005761234306
Finished solving EBCF, with in-sample MSE 0.35220570668869233
Finished training EB SURE-LS, with SURE: 0.3736142701770329
Finished training EB SURE-LS, with in-sample MSE: 0.3560695404258524
use_scale: True
use_location: False
Finished training EB misspecified with NPMLE init, with SURE: 0.3213827135651279
Finished training EB misspecified with NPMLE init, with in-sample MSE: 0.3600641005749379
Finished training EB misspecified, with SURE: 0.32140565690596434
Finished training EB misspecified, with in-sample MSE: 0.35998141730380406
Finished training EB wellspecified, with SURE: 0.22513659208590267
Finished training EB wellspecified, with in-sample MSE: 0.38280952936563933
m: 110
Finished solving NPMLE, with SURE 1.2038791484894937
Finished solving NPMLE, with in-sample MSE 0.3494044371033058
Finished solving parametric estimator, with SURE 0.39594135652292595
Finished solving parametric estimator, with in-sample MSE 0.34524942043660195
Finished solving EBCF, with in-sample MSE 0.3378122104289415
Finished training EB SURE-LS, with SURE: 0.3667251549422224
Finished training EB SURE-LS, with in-sample MSE: 0.32331803728974556
use_scale: True
use_location: False
Finished training EB misspecified with NPMLE init, with SURE: 0.30858933323805265
Finished training EB misspecified with NPMLE init, with in-sample MSE: 0.3310116684304471
Finished training EB misspecified, with SURE: 0.30860315696803203
Finished training EB misspecified, with in-sample MSE: 0.33099593756329404
Finished training EB wellspecified, with SURE: 0.3000485480989313
Finished training EB wellspecified, with in-sample MSE: 0.33578358747375125
m: 111
Finished solving NPMLE, with SURE 1.4075975155110576
Finished solving NPMLE, with in-sample MSE 0.3886784649926657
Finished solving parametric estimator, with SURE 0.37041346227403227
Finished solving parametric estimator, with in-sample MSE 0.3709840565865058
Finished solving EBCF, with in-sample MSE 0.36366397127326905
Finished training EB SURE-LS, with SURE: 0.3356540535243582
Finished training EB SURE-LS, with in-sample MSE: 0.35064172815406663
use_scale: True
use_location: False
Finished training EB misspecified with NPMLE init, with SURE: 0.2903028589314724
Finished training EB misspecified with NPMLE init, with in-sample MSE: 0.37266404169164313
Finished training EB misspecified, with SURE: 0.29032362499765313
Finished training EB misspecified, with in-sample MSE: 0.37263640277513516
Finished training EB wellspecified, with SURE: 0.22971626646879525
Finished training EB wellspecified, with in-sample MSE: 0.41107752333783215
m: 112
Finished solving NPMLE, with SURE 1.2117817477003274
Finished solving NPMLE, with in-sample MSE 0.33477126035587224
Finished solving parametric estimator, with SURE 0.3985603183299768
Finished solving parametric estimator, with in-sample MSE 0.353510023619876
Finished solving EBCF, with in-sample MSE 0.3523834404186076
Finished training EB SURE-LS, with SURE: 0.36291464965804987
Finished training EB SURE-LS, with in-sample MSE: 0.3520181828419889
use_scale: True
use_location: False
Finished training EB misspecified with NPMLE init, with SURE: 0.3176832603173163
Finished training EB misspecified with NPMLE init, with in-sample MSE: 0.3173360644816056
Finished training EB misspecified, with SURE: 0.3154900771754049
Finished training EB misspecified, with in-sample MSE: 0.330287309542833
Finished training EB wellspecified, with SURE: 0.23158564502972048
Finished training EB wellspecified, with in-sample MSE: 0.377064042518074
m: 113
Finished solving NPMLE, with SURE 1.2857170041689605
Finished solving NPMLE, with in-sample MSE 0.4187648067721
Finished solving parametric estimator, with SURE 0.4107891511133032
Finished solving parametric estimator, with in-sample MSE 0.41865601193475116
Finished solving EBCF, with in-sample MSE 0.38614579626346685
Finished training EB SURE-LS, with SURE: 0.37119561370192555
Finished training EB SURE-LS, with in-sample MSE: 0.3791746193299922
use_scale: True
use_location: False
Finished training EB misspecified with NPMLE init, with SURE: 0.3239719874960894
Finished training EB misspecified with NPMLE init, with in-sample MSE: 0.4128982615841176
Finished training EB misspecified, with SURE: 0.3200059118059774
Finished training EB misspecified, with in-sample MSE: 0.43035217983349566
Finished training EB wellspecified, with SURE: 0.25746723445301173
Finished training EB wellspecified, with in-sample MSE: 0.4624682715023095
m: 114
Finished solving NPMLE, with SURE 1.2820152246661234
Finished solving NPMLE, with in-sample MSE 0.3778850662921524
Finished solving parametric estimator, with SURE 0.41986704030934974
Finished solving parametric estimator, with in-sample MSE 0.4021997875005926
Finished solving EBCF, with in-sample MSE 0.40104756352309734
Finished training EB SURE-LS, with SURE: 0.39858844807329696
Finished training EB SURE-LS, with in-sample MSE: 0.38661061799312996
use_scale: True
use_location: False
Finished training EB misspecified with NPMLE init, with SURE: 0.3538623940706607
Finished training EB misspecified with NPMLE init, with in-sample MSE: 0.366904735236476
Finished training EB misspecified, with SURE: 0.35389222718145447
Finished training EB misspecified, with in-sample MSE: 0.3669031407646359
Finished training EB wellspecified, with SURE: 0.26901041157015576
Finished training EB wellspecified, with in-sample MSE: 0.41062495240692587
m: 115
Finished solving NPMLE, with SURE 0.9869535415611175
Finished solving NPMLE, with in-sample MSE 0.3791899674967572
Finished solving parametric estimator, with SURE 0.387098224862627
Finished solving parametric estimator, with in-sample MSE 0.39922673468512954
Finished solving EBCF, with in-sample MSE 0.3768188420896707
Finished training EB SURE-LS, with SURE: 0.3510735086491746
Finished training EB SURE-LS, with in-sample MSE: 0.36802643107036603
use_scale: True
use_location: False
Finished training EB misspecified with NPMLE init, with SURE: 0.33216368364307003
Finished training EB misspecified with NPMLE init, with in-sample MSE: 0.36952235266521605
Finished training EB misspecified, with SURE: 0.33218491861365124
Finished training EB misspecified, with in-sample MSE: 0.36967349429289487
Finished training EB wellspecified, with SURE: 0.2564466910913838
Finished training EB wellspecified, with in-sample MSE: 0.3814968850278612
m: 116
Finished solving NPMLE, with SURE 1.4123452702830193
Finished solving NPMLE, with in-sample MSE 0.36899262502833013
Finished solving parametric estimator, with SURE 0.393288707626766
Finished solving parametric estimator, with in-sample MSE 0.3901903897556217
Finished solving EBCF, with in-sample MSE 0.35026932319749093
Finished training EB SURE-LS, with SURE: 0.3376002162959374
Finished training EB SURE-LS, with in-sample MSE: 0.33900764363806696
use_scale: True
use_location: False
Finished training EB misspecified with NPMLE init, with SURE: 0.3114401100712575
Finished training EB misspecified with NPMLE init, with in-sample MSE: 0.35162603111080953
Finished training EB misspecified, with SURE: 0.3092270087206426
Finished training EB misspecified, with in-sample MSE: 0.35129124390308514
Finished training EB wellspecified, with SURE: 0.23691850532396952
Finished training EB wellspecified, with in-sample MSE: 0.38258408237759167
m: 117
Finished solving NPMLE, with SURE 0.7963073887713138
Finished solving NPMLE, with in-sample MSE 0.38260901508386364
Finished solving parametric estimator, with SURE 0.4004793312806699
Finished solving parametric estimator, with in-sample MSE 0.40544822016416704
Finished solving EBCF, with in-sample MSE 0.4028526972824122
Finished training EB SURE-LS, with SURE: 0.36363988088689825
Finished training EB SURE-LS, with in-sample MSE: 0.4006014113747159
use_scale: True
use_location: False
Finished training EB misspecified with NPMLE init, with SURE: 0.32378157608773195
Finished training EB misspecified with NPMLE init, with in-sample MSE: 0.4154690306549411
Finished training EB misspecified, with SURE: 0.3238011308526727
Finished training EB misspecified, with in-sample MSE: 0.4154691983318284
Finished training EB wellspecified, with SURE: 0.2106500171523115
Finished training EB wellspecified, with in-sample MSE: 0.4736594144158317
m: 118
Finished solving NPMLE, with SURE 1.1930910464511042
Finished solving NPMLE, with in-sample MSE 0.34598118279623846
Finished solving parametric estimator, with SURE 0.3875935913685563
Finished solving parametric estimator, with in-sample MSE 0.36672031938410304
Finished solving EBCF, with in-sample MSE 0.35152534059080603
Finished training EB SURE-LS, with SURE: 0.35866199016606914
Finished training EB SURE-LS, with in-sample MSE: 0.3376195342120021
use_scale: True
use_location: False
Finished training EB misspecified with NPMLE init, with SURE: 0.2889235788790255
Finished training EB misspecified with NPMLE init, with in-sample MSE: 0.3513413071678174
Finished training EB misspecified, with SURE: 0.2879551493302367
Finished training EB misspecified, with in-sample MSE: 0.35433101907598696
Finished training EB wellspecified, with SURE: 0.1939192662333756
Finished training EB wellspecified, with in-sample MSE: 0.4016910003700414
m: 119
Finished solving NPMLE, with SURE 1.1935080322285339
Finished solving NPMLE, with in-sample MSE 0.3748723666186824
Finished solving parametric estimator, with SURE 0.413315175365393
Finished solving parametric estimator, with in-sample MSE 0.3723751381633309
Finished solving EBCF, with in-sample MSE 0.3638042545919935
Finished training EB SURE-LS, with SURE: 0.38363858032086384
Finished training EB SURE-LS, with in-sample MSE: 0.35667265754635274
use_scale: True
use_location: False
Finished training EB misspecified with NPMLE init, with SURE: 0.3431812303649494
Finished training EB misspecified with NPMLE init, with in-sample MSE: 0.3442391132535117
Finished training EB misspecified, with SURE: 0.3419380887971207
Finished training EB misspecified, with in-sample MSE: 0.3603021090851584
Finished training EB wellspecified, with SURE: 0.275204793875254
Finished training EB wellspecified, with in-sample MSE: 0.3761391430093387
m: 120
Finished solving NPMLE, with SURE 1.1527081281880427
Finished solving NPMLE, with in-sample MSE 0.3670528831849493
Finished solving parametric estimator, with SURE 0.4257232046431243
Finished solving parametric estimator, with in-sample MSE 0.4021872992245543
Finished solving EBCF, with in-sample MSE 0.40715588922776363
Finished training EB SURE-LS, with SURE: 0.39137214554947436
Finished training EB SURE-LS, with in-sample MSE: 0.38860379047869636
use_scale: True
use_location: False
Finished training EB misspecified with NPMLE init, with SURE: 0.3790684109786508
Finished training EB misspecified with NPMLE init, with in-sample MSE: 0.36939940399491195
Finished training EB misspecified, with SURE: 0.37908495736149556
Finished training EB misspecified, with in-sample MSE: 0.36937716428987144
Finished training EB wellspecified, with SURE: 0.3349431690896186
Finished training EB wellspecified, with in-sample MSE: 0.39762091571502245
m: 121
Finished solving NPMLE, with SURE 1.183482601673275
Finished solving NPMLE, with in-sample MSE 0.49434216623661276
Finished solving parametric estimator, with SURE 0.4381910593631654
Finished solving parametric estimator, with in-sample MSE 0.48507198155637693
Finished solving EBCF, with in-sample MSE 0.46503841807433527
Finished training EB SURE-LS, with SURE: 0.3953181387657015
Finished training EB SURE-LS, with in-sample MSE: 0.4523667413467337
use_scale: True
use_location: False
Finished training EB misspecified with NPMLE init, with SURE: 0.34495821285850753
Finished training EB misspecified with NPMLE init, with in-sample MSE: 0.5348742432479664
Finished training EB misspecified, with SURE: 0.33007984138661073
Finished training EB misspecified, with in-sample MSE: 0.4866150324154252
Finished training EB wellspecified, with SURE: 0.2794427081506031
Finished training EB wellspecified, with in-sample MSE: 0.5057298553320357
m: 122
Finished solving NPMLE, with SURE 1.0255664333807897
Finished solving NPMLE, with in-sample MSE 0.3613398362060978
Finished solving parametric estimator, with SURE 0.39282958026891146
Finished solving parametric estimator, with in-sample MSE 0.384287460166463
Finished solving EBCF, with in-sample MSE 0.3639776570853739
Finished training EB SURE-LS, with SURE: 0.3575380317818032
Finished training EB SURE-LS, with in-sample MSE: 0.3564748558839754
use_scale: True
use_location: False
Finished training EB misspecified with NPMLE init, with SURE: 0.31469376412599104
Finished training EB misspecified with NPMLE init, with in-sample MSE: 0.3730900546872617
Finished training EB misspecified, with SURE: 0.3147423250697699
Finished training EB misspecified, with in-sample MSE: 0.37394453930146687
Finished training EB wellspecified, with SURE: 0.2395341828356302
Finished training EB wellspecified, with in-sample MSE: 0.4132796881208939
m: 123
Finished solving NPMLE, with SURE 1.4321635984571461
Finished solving NPMLE, with in-sample MSE 0.39922633277596015
Finished solving parametric estimator, with SURE 0.3657704704087081
Finished solving parametric estimator, with in-sample MSE 0.40939214752469816
Finished solving EBCF, with in-sample MSE 0.39987953316706343
Finished training EB SURE-LS, with SURE: 0.32744949948968227
Finished training EB SURE-LS, with in-sample MSE: 0.4069637187592086
use_scale: True
use_location: False
Finished training EB misspecified with NPMLE init, with SURE: 0.3040438931335299
Finished training EB misspecified with NPMLE init, with in-sample MSE: 0.40871635727555683
Finished training EB misspecified, with SURE: 0.30388757182327153
Finished training EB misspecified, with in-sample MSE: 0.40362711493436726
Finished training EB wellspecified, with SURE: 0.22359763834828714
Finished training EB wellspecified, with in-sample MSE: 0.3992532771492555
m: 124
Finished solving NPMLE, with SURE 1.3330805935141572
Finished solving NPMLE, with in-sample MSE 0.38257657115601695
Finished solving parametric estimator, with SURE 0.36161973045535906
Finished solving parametric estimator, with in-sample MSE 0.40635775159802406
Finished solving EBCF, with in-sample MSE 0.3870294573420291
Finished training EB SURE-LS, with SURE: 0.3323676383130588
Finished training EB SURE-LS, with in-sample MSE: 0.38241504568974294
use_scale: True
use_location: False
Finished training EB misspecified with NPMLE init, with SURE: 0.29611324914712855
Finished training EB misspecified with NPMLE init, with in-sample MSE: 0.372302933387831
Finished training EB misspecified, with SURE: 0.29608004397422377
Finished training EB misspecified, with in-sample MSE: 0.3722887478797163
Finished training EB wellspecified, with SURE: 0.247304632889308
Finished training EB wellspecified, with in-sample MSE: 0.38809798262746087
m: 125
Finished solving NPMLE, with SURE 1.1834581588006263
Finished solving NPMLE, with in-sample MSE 0.4075863918969882
Finished solving parametric estimator, with SURE 0.39790254093222127
Finished solving parametric estimator, with in-sample MSE 0.42253813144445046
Finished solving EBCF, with in-sample MSE 0.40667462639503943
Finished training EB SURE-LS, with SURE: 0.3490835636247328
Finished training EB SURE-LS, with in-sample MSE: 0.37204226217648334
use_scale: True
use_location: False
Finished training EB misspecified with NPMLE init, with SURE: 0.3390285718966029
Finished training EB misspecified with NPMLE init, with in-sample MSE: 0.3900190417514062
Finished training EB misspecified, with SURE: 0.3390565356965157
Finished training EB misspecified, with in-sample MSE: 0.3900218113212475
Finished training EB wellspecified, with SURE: 0.2578456018023936
Finished training EB wellspecified, with in-sample MSE: 0.40313523285732017
m: 126
Finished solving NPMLE, with SURE 1.1302088238830068
Finished solving NPMLE, with in-sample MSE 0.3691948706219271
Finished solving parametric estimator, with SURE 0.40533325579727897
Finished solving parametric estimator, with in-sample MSE 0.378030395515956
Finished solving EBCF, with in-sample MSE 0.3630445303758238
Finished training EB SURE-LS, with SURE: 0.35159297887029817
Finished training EB SURE-LS, with in-sample MSE: 0.3795049405220071
use_scale: True
use_location: False
Finished training EB misspecified with NPMLE init, with SURE: 0.3197630672553946
Finished training EB misspecified with NPMLE init, with in-sample MSE: 0.3884004373741995
Finished training EB misspecified, with SURE: 0.31846502618672545
Finished training EB misspecified, with in-sample MSE: 0.391190827846914
Finished training EB wellspecified, with SURE: 0.28545619991669385
Finished training EB wellspecified, with in-sample MSE: 0.4300940703192338
m: 127
Finished solving NPMLE, with SURE 1.24544157366418
Finished solving NPMLE, with in-sample MSE 0.34683119603669865
Finished solving parametric estimator, with SURE 0.37893835027385714
Finished solving parametric estimator, with in-sample MSE 0.3787581624973879
Finished solving EBCF, with in-sample MSE 0.37975929215752463
Finished training EB SURE-LS, with SURE: 0.3486298505903965
Finished training EB SURE-LS, with in-sample MSE: 0.35557542076594023
use_scale: True
use_location: False
Finished training EB misspecified with NPMLE init, with SURE: 0.33196817422057484
Finished training EB misspecified with NPMLE init, with in-sample MSE: 0.34065630233080874
Finished training EB misspecified, with SURE: 0.33199686076687324
Finished training EB misspecified, with in-sample MSE: 0.3406498350760965
Finished training EB wellspecified, with SURE: 0.25006784544755223
Finished training EB wellspecified, with in-sample MSE: 0.41195998116474514
m: 128
Finished solving NPMLE, with SURE 1.1807851885781677
Finished solving NPMLE, with in-sample MSE 0.38442649586965066
Finished solving parametric estimator, with SURE 0.3909477521505632
Finished solving parametric estimator, with in-sample MSE 0.4033217766583121
Finished solving EBCF, with in-sample MSE 0.369585992231077
Finished training EB SURE-LS, with SURE: 0.35548912559962814
Finished training EB SURE-LS, with in-sample MSE: 0.362911663106158
use_scale: True
use_location: False
Finished training EB misspecified with NPMLE init, with SURE: 0.30982854367096574
Finished training EB misspecified with NPMLE init, with in-sample MSE: 0.37256803396627214
Finished training EB misspecified, with SURE: 0.30983810262590206
Finished training EB misspecified, with in-sample MSE: 0.372543705948197
Finished training EB wellspecified, with SURE: 0.31003624353263043
Finished training EB wellspecified, with in-sample MSE: 0.371852693419483
m: 129
Finished solving NPMLE, with SURE 1.074277435386935
Finished solving NPMLE, with in-sample MSE 0.4409166826442516
Finished solving parametric estimator, with SURE 0.35374663509560983
Finished solving parametric estimator, with in-sample MSE 0.4559379322450517
Finished solving EBCF, with in-sample MSE 0.4397232600847982
Finished training EB SURE-LS, with SURE: 0.31846457493843583
Finished training EB SURE-LS, with in-sample MSE: 0.417149665093365
use_scale: True
use_location: False
Finished training EB misspecified with NPMLE init, with SURE: 0.30614608755517597
Finished training EB misspecified with NPMLE init, with in-sample MSE: 0.44327369831283475
Finished training EB misspecified, with SURE: 0.30617423695530704
Finished training EB misspecified, with in-sample MSE: 0.44330771264918667
Finished training EB wellspecified, with SURE: 0.17382991687310914
Finished training EB wellspecified, with in-sample MSE: 0.5337238003063632
m: 130
Finished solving NPMLE, with SURE 1.342654498502949
Finished solving NPMLE, with in-sample MSE 0.39474417911050863
Finished solving parametric estimator, with SURE 0.41189300934475753
Finished solving parametric estimator, with in-sample MSE 0.43525642911630746
Finished solving EBCF, with in-sample MSE 0.4089571365151955
Finished training EB SURE-LS, with SURE: 0.377729184660678
Finished training EB SURE-LS, with in-sample MSE: 0.3925383649840784
use_scale: True
use_location: False
Finished training EB misspecified with NPMLE init, with SURE: 0.33764617037183897
Finished training EB misspecified with NPMLE init, with in-sample MSE: 0.40272122464148624
Finished training EB misspecified, with SURE: 0.3376571679023898
Finished training EB misspecified, with in-sample MSE: 0.40270237816272036
Finished training EB wellspecified, with SURE: 0.2081685094733156
Finished training EB wellspecified, with in-sample MSE: 0.5375539781519806
m: 131
Finished solving NPMLE, with SURE 1.2632688088167132
Finished solving NPMLE, with in-sample MSE 0.36680804140206663
Finished solving parametric estimator, with SURE 0.3898458984972236
Finished solving parametric estimator, with in-sample MSE 0.3743225291670511
Finished solving EBCF, with in-sample MSE 0.36423012934783355
Finished training EB SURE-LS, with SURE: 0.34927119882656626
Finished training EB SURE-LS, with in-sample MSE: 0.35806835167131223
use_scale: True
use_location: False
Finished training EB misspecified with NPMLE init, with SURE: 0.3171313574940264
Finished training EB misspecified with NPMLE init, with in-sample MSE: 0.3573492642002732
Finished training EB misspecified, with SURE: 0.3171546322449019
Finished training EB misspecified, with in-sample MSE: 0.35732861361690205
Finished training EB wellspecified, with SURE: 0.25990919725452744
Finished training EB wellspecified, with in-sample MSE: 0.39768127091598665
m: 132
Finished solving NPMLE, with SURE 1.142054442408326
Finished solving NPMLE, with in-sample MSE 0.4337681015243776
Finished solving parametric estimator, with SURE 0.39785748006440047
Finished solving parametric estimator, with in-sample MSE 0.4543480726051702
Finished solving EBCF, with in-sample MSE 0.432661549346142
Finished training EB SURE-LS, with SURE: 0.37263635998786493
Finished training EB SURE-LS, with in-sample MSE: 0.42093996607743855
use_scale: True
use_location: False
Finished training EB misspecified with NPMLE init, with SURE: 0.32684800494291255
Finished training EB misspecified with NPMLE init, with in-sample MSE: 0.4316162460092151
Finished training EB misspecified, with SURE: 0.3269709102953799
Finished training EB misspecified, with in-sample MSE: 0.4326384633917819
Finished training EB wellspecified, with SURE: 0.27365550986627246
Finished training EB wellspecified, with in-sample MSE: 0.4808982321001535
m: 133
Finished solving NPMLE, with SURE 1.1935906475132356
Finished solving NPMLE, with in-sample MSE 0.4225074121901088
Finished solving parametric estimator, with SURE 0.38924041503389645
Finished solving parametric estimator, with in-sample MSE 0.4605963469405721
Finished solving EBCF, with in-sample MSE 0.42886687936545265
Finished training EB SURE-LS, with SURE: 0.37025950771805366
Finished training EB SURE-LS, with in-sample MSE: 0.41976090580502673
use_scale: True
use_location: False
Finished training EB misspecified with NPMLE init, with SURE: 0.35586651129609487
Finished training EB misspecified with NPMLE init, with in-sample MSE: 0.417538840668958
Finished training EB misspecified, with SURE: 0.35979421892802654
Finished training EB misspecified, with in-sample MSE: 0.4267716134948203
Finished training EB wellspecified, with SURE: 0.29088267940319656
Finished training EB wellspecified, with in-sample MSE: 0.46439000085451226
m: 134
Finished solving NPMLE, with SURE 1.1564130742564906
Finished solving NPMLE, with in-sample MSE 0.43252053298597093
Finished solving parametric estimator, with SURE 0.4052172390927861
Finished solving parametric estimator, with in-sample MSE 0.4530582423798241
Finished solving EBCF, with in-sample MSE 0.4247963687059073
Finished training EB SURE-LS, with SURE: 0.3624461869847771
Finished training EB SURE-LS, with in-sample MSE: 0.40314333905986105
use_scale: True
use_location: False
Finished training EB misspecified with NPMLE init, with SURE: 0.3468487545421162
Finished training EB misspecified with NPMLE init, with in-sample MSE: 0.4369323945794798
Finished training EB misspecified, with SURE: 0.3445627153547484
Finished training EB misspecified, with in-sample MSE: 0.42338997554957325
Finished training EB wellspecified, with SURE: 0.2630892152024025
Finished training EB wellspecified, with in-sample MSE: 0.42618060053791107
m: 135
Finished solving NPMLE, with SURE 1.3094163561840297
Finished solving NPMLE, with in-sample MSE 0.3654732885608621
Finished solving parametric estimator, with SURE 0.3838390582152298
Finished solving parametric estimator, with in-sample MSE 0.3699961236960445
Finished solving EBCF, with in-sample MSE 0.3611530500896455
Finished training EB SURE-LS, with SURE: 0.31477745977920196
Finished training EB SURE-LS, with in-sample MSE: 0.36454416043219257
use_scale: True
use_location: False
Finished training EB misspecified with NPMLE init, with SURE: 0.308219148821671
Finished training EB misspecified with NPMLE init, with in-sample MSE: 0.3610024563752166
Finished training EB misspecified, with SURE: 0.30823388458949985
Finished training EB misspecified, with in-sample MSE: 0.3609907715347985
Finished training EB wellspecified, with SURE: 0.1988060246423105
Finished training EB wellspecified, with in-sample MSE: 0.39752203954188103
m: 136
Finished solving NPMLE, with SURE 1.2325980506397765
Finished solving NPMLE, with in-sample MSE 0.43660258174942784
Finished solving parametric estimator, with SURE 0.4110455744433897
Finished solving parametric estimator, with in-sample MSE 0.40345403192723905
Finished solving EBCF, with in-sample MSE 0.3785601870243318
Finished training EB SURE-LS, with SURE: 0.3760276774416385
Finished training EB SURE-LS, with in-sample MSE: 0.3689996913814397
use_scale: True
use_location: False
Finished training EB misspecified with NPMLE init, with SURE: 0.3152181046104386
Finished training EB misspecified with NPMLE init, with in-sample MSE: 0.4091627650904077
Finished training EB misspecified, with SURE: 0.3151965198382628
Finished training EB misspecified, with in-sample MSE: 0.40928279752208097
Finished training EB wellspecified, with SURE: 0.2518630185031867
Finished training EB wellspecified, with in-sample MSE: 0.4464559742759447
m: 137
Finished solving NPMLE, with SURE 0.9932028950981695
Finished solving NPMLE, with in-sample MSE 0.36242040673242215
Finished solving parametric estimator, with SURE 0.40499159404605317
Finished solving parametric estimator, with in-sample MSE 0.39649925676517334
Finished solving EBCF, with in-sample MSE 0.3672009874573471
Finished training EB SURE-LS, with SURE: 0.38092352281799935
Finished training EB SURE-LS, with in-sample MSE: 0.3527226717264448
use_scale: True
use_location: False
Finished training EB misspecified with NPMLE init, with SURE: 0.35575640660045
Finished training EB misspecified with NPMLE init, with in-sample MSE: 0.35505177676754895
Finished training EB misspecified, with SURE: 0.3557746964253812
Finished training EB misspecified, with in-sample MSE: 0.35511158720556696
Finished training EB wellspecified, with SURE: 0.25808968950481503
Finished training EB wellspecified, with in-sample MSE: 0.41923459055816636
m: 138
Finished solving NPMLE, with SURE 1.2971354878522963
Finished solving NPMLE, with in-sample MSE 0.36159954670102024
Finished solving parametric estimator, with SURE 0.3986520909461002
Finished solving parametric estimator, with in-sample MSE 0.39189825975278564
Finished solving EBCF, with in-sample MSE 0.3624518940487075
Finished training EB SURE-LS, with SURE: 0.36471570137839915
Finished training EB SURE-LS, with in-sample MSE: 0.3474945654090235
use_scale: True
use_location: False
Finished training EB misspecified with NPMLE init, with SURE: 0.33829102986522763
Finished training EB misspecified with NPMLE init, with in-sample MSE: 0.3519550870095851
Finished training EB misspecified, with SURE: 0.3383125071787763
Finished training EB misspecified, with in-sample MSE: 0.3519247754345015
Finished training EB wellspecified, with SURE: 0.27341930576057566
Finished training EB wellspecified, with in-sample MSE: 0.3963138804059202
m: 139
Finished solving NPMLE, with SURE 1.2693687356012253
Finished solving NPMLE, with in-sample MSE 0.3889677242053788
Finished solving parametric estimator, with SURE 0.37847093589972497
Finished solving parametric estimator, with in-sample MSE 0.4030460399896985
Finished solving EBCF, with in-sample MSE 0.3895081253019737
Finished training EB SURE-LS, with SURE: 0.33702834482810873
Finished training EB SURE-LS, with in-sample MSE: 0.3796353155408515
use_scale: True
use_location: False
Finished training EB misspecified with NPMLE init, with SURE: 0.2802435624093299
Finished training EB misspecified with NPMLE init, with in-sample MSE: 0.3789177917759165
Finished training EB misspecified, with SURE: 0.2802559546259278
Finished training EB misspecified, with in-sample MSE: 0.37897631600404624
Finished training EB wellspecified, with SURE: 0.20363112798888608
Finished training EB wellspecified, with in-sample MSE: 0.4381803331131104
m: 140
Finished solving NPMLE, with SURE 0.9863401643950547
Finished solving NPMLE, with in-sample MSE 0.38905317018482966
Finished solving parametric estimator, with SURE 0.38814547707757385
Finished solving parametric estimator, with in-sample MSE 0.4091578650687406
Finished solving EBCF, with in-sample MSE 0.3897229807987511
Finished training EB SURE-LS, with SURE: 0.35754874634629064
Finished training EB SURE-LS, with in-sample MSE: 0.3744782998286959
use_scale: True
use_location: False
Finished training EB misspecified with NPMLE init, with SURE: 0.33137472674364815
Finished training EB misspecified with NPMLE init, with in-sample MSE: 0.36606843324299254
Finished training EB misspecified, with SURE: 0.3230483555939151
Finished training EB misspecified, with in-sample MSE: 0.3765242072275998
Finished training EB wellspecified, with SURE: 0.2531821573077476
Finished training EB wellspecified, with in-sample MSE: 0.3875423827691187
m: 141
Finished solving NPMLE, with SURE 1.171116990806023
Finished solving NPMLE, with in-sample MSE 0.4242715361187885
Finished solving parametric estimator, with SURE 0.40468930535790026
Finished solving parametric estimator, with in-sample MSE 0.4112476708067945
Finished solving EBCF, with in-sample MSE 0.37446064466121365
Finished training EB SURE-LS, with SURE: 0.3765245871145321
Finished training EB SURE-LS, with in-sample MSE: 0.35213914175972655
use_scale: True
use_location: False
Finished training EB misspecified with NPMLE init, with SURE: 0.34707133373942706
Finished training EB misspecified with NPMLE init, with in-sample MSE: 0.3783500051451786
Finished training EB misspecified, with SURE: 0.3459706084042858
Finished training EB misspecified, with in-sample MSE: 0.3751885148497426
Finished training EB wellspecified, with SURE: 0.22727127556200444
Finished training EB wellspecified, with in-sample MSE: 0.4400311668249837
m: 142
Finished solving NPMLE, with SURE 1.2369938519751804
Finished solving NPMLE, with in-sample MSE 0.37366877622869027
Finished solving parametric estimator, with SURE 0.4069631783607335
Finished solving parametric estimator, with in-sample MSE 0.38083529654321324
Finished solving EBCF, with in-sample MSE 0.38636842921609865
Finished training EB SURE-LS, with SURE: 0.36798092340533045
Finished training EB SURE-LS, with in-sample MSE: 0.36940464410806106
use_scale: True
use_location: False
Finished training EB misspecified with NPMLE init, with SURE: 0.32718358827630584
Finished training EB misspecified with NPMLE init, with in-sample MSE: 0.3838603430730505
Finished training EB misspecified, with SURE: 0.32591695484357786
Finished training EB misspecified, with in-sample MSE: 0.37565389435563373
Finished training EB wellspecified, with SURE: 0.24732026009067304
Finished training EB wellspecified, with in-sample MSE: 0.4440400107763026
m: 143
Finished solving NPMLE, with SURE 1.1580979824899222
Finished solving NPMLE, with in-sample MSE 0.4239635414224536
Finished solving parametric estimator, with SURE 0.41885538036935
Finished solving parametric estimator, with in-sample MSE 0.42665809425609
Finished solving EBCF, with in-sample MSE 0.39884921732830625
Finished training EB SURE-LS, with SURE: 0.37977338347007006
Finished training EB SURE-LS, with in-sample MSE: 0.3869086229778057
use_scale: True
use_location: False
Finished training EB misspecified with NPMLE init, with SURE: 0.3547128076719953
Finished training EB misspecified with NPMLE init, with in-sample MSE: 0.4050753925112353
Finished training EB misspecified, with SURE: 0.3547372733769224
Finished training EB misspecified, with in-sample MSE: 0.40498490356511047
Finished training EB wellspecified, with SURE: 0.2801982150758695
Finished training EB wellspecified, with in-sample MSE: 0.46501773406670394
m: 144
Finished solving NPMLE, with SURE 1.1017881582879079
Finished solving NPMLE, with in-sample MSE 0.445852969891189
Finished solving parametric estimator, with SURE 0.3911773534935651
Finished solving parametric estimator, with in-sample MSE 0.43572550369999385
Finished solving EBCF, with in-sample MSE 0.41367092769134717
Finished training EB SURE-LS, with SURE: 0.3657966380146566
Finished training EB SURE-LS, with in-sample MSE: 0.4010768753328432
use_scale: True
use_location: False
Finished training EB misspecified with NPMLE init, with SURE: 0.2864867916068288
Finished training EB misspecified with NPMLE init, with in-sample MSE: 0.46900799519449066
Finished training EB misspecified, with SURE: 0.2865087783183168
Finished training EB misspecified, with in-sample MSE: 0.4690654409506555
Finished training EB wellspecified, with SURE: 0.25322988169481486
Finished training EB wellspecified, with in-sample MSE: 0.45905885106853567
m: 145
Finished solving NPMLE, with SURE 1.013694526840039
Finished solving NPMLE, with in-sample MSE 0.3612882368419041
Finished solving parametric estimator, with SURE 0.39571708000576067
Finished solving parametric estimator, with in-sample MSE 0.41624362301410733
Finished solving EBCF, with in-sample MSE 0.39621530481797895
Finished training EB SURE-LS, with SURE: 0.3364525460358891
Finished training EB SURE-LS, with in-sample MSE: 0.38054332149980086
use_scale: True
use_location: False
Finished training EB misspecified with NPMLE init, with SURE: 0.3113804291031989
Finished training EB misspecified with NPMLE init, with in-sample MSE: 0.349560978307679
Finished training EB misspecified, with SURE: 0.3111763362251498
Finished training EB misspecified, with in-sample MSE: 0.3483814661185995
Finished training EB wellspecified, with SURE: 0.21905911603548994
Finished training EB wellspecified, with in-sample MSE: 0.366885589538603
m: 146
Finished solving NPMLE, with SURE 1.1805610964674638
Finished solving NPMLE, with in-sample MSE 0.34965010934312846
Finished solving parametric estimator, with SURE 0.38682705768603726
Finished solving parametric estimator, with in-sample MSE 0.3837155059402165
Finished solving EBCF, with in-sample MSE 0.3822782318212963
Finished training EB SURE-LS, with SURE: 0.3426203873399137
Finished training EB SURE-LS, with in-sample MSE: 0.3750212801631616
use_scale: True
use_location: False
Finished training EB misspecified with NPMLE init, with SURE: 0.3252254819836341
Finished training EB misspecified with NPMLE init, with in-sample MSE: 0.3614579797514574
Finished training EB misspecified, with SURE: 0.3252075899480433
Finished training EB misspecified, with in-sample MSE: 0.3614780401033246
Finished training EB wellspecified, with SURE: 0.25355244286604894
Finished training EB wellspecified, with in-sample MSE: 0.37591815923750516
m: 147
Finished solving NPMLE, with SURE 1.1023292379781315
Finished solving NPMLE, with in-sample MSE 0.4048354876840323
Finished solving parametric estimator, with SURE 0.37619678821380986
Finished solving parametric estimator, with in-sample MSE 0.4184495660823319
Finished solving EBCF, with in-sample MSE 0.3955260932926329
Finished training EB SURE-LS, with SURE: 0.35173804923414975
Finished training EB SURE-LS, with in-sample MSE: 0.3821377838684685
use_scale: True
use_location: False
Finished training EB misspecified with NPMLE init, with SURE: 0.28829855492484746
Finished training EB misspecified with NPMLE init, with in-sample MSE: 0.37482436493863597
Finished training EB misspecified, with SURE: 0.2883173875412818
Finished training EB misspecified, with in-sample MSE: 0.37484023808680034
Finished training EB wellspecified, with SURE: 0.2552154485842293
Finished training EB wellspecified, with in-sample MSE: 0.39038633168824843
m: 148
Finished solving NPMLE, with SURE 1.2422634104284633
Finished solving NPMLE, with in-sample MSE 0.34781296670073886
Finished solving parametric estimator, with SURE 0.36574322371915485
Finished solving parametric estimator, with in-sample MSE 0.3495518423819208
Finished solving EBCF, with in-sample MSE 0.3221297547727122
Finished training EB SURE-LS, with SURE: 0.34413109176605033
Finished training EB SURE-LS, with in-sample MSE: 0.3123476739921992
use_scale: True
use_location: False
Finished training EB misspecified with NPMLE init, with SURE: 0.2979927616953917
Finished training EB misspecified with NPMLE init, with in-sample MSE: 0.3284218048643082
Finished training EB misspecified, with SURE: 0.29799182910354577
Finished training EB misspecified, with in-sample MSE: 0.32841028270566797
Finished training EB wellspecified, with SURE: 0.2046706243822416
Finished training EB wellspecified, with in-sample MSE: 0.34125824631661944
m: 149
Finished solving NPMLE, with SURE 1.2082917244547589
Finished solving NPMLE, with in-sample MSE 0.4103149686421048
Finished solving parametric estimator, with SURE 0.3844701094548955
Finished solving parametric estimator, with in-sample MSE 0.42445562232784495
Finished solving EBCF, with in-sample MSE 0.4068965164642079
Finished training EB SURE-LS, with SURE: 0.3576304847051759
Finished training EB SURE-LS, with in-sample MSE: 0.39624039114140963
use_scale: True
use_location: False
Finished training EB misspecified with NPMLE init, with SURE: 0.2926295000549314
Finished training EB misspecified with NPMLE init, with in-sample MSE: 0.3972658473294034
Finished training EB misspecified, with SURE: 0.2926344410559443
Finished training EB misspecified, with in-sample MSE: 0.39719597422303765
Finished training EB wellspecified, with SURE: 0.27831537485545427
Finished training EB wellspecified, with in-sample MSE: 0.3775976546877617

n: 800
m: 100
Finished solving NPMLE, with SURE 1.0845895341985818
Finished solving NPMLE, with in-sample MSE 0.37833116746175344
Finished solving parametric estimator, with SURE 0.3816949467034209
Finished solving parametric estimator, with in-sample MSE 0.3994582738260089
Finished solving EBCF, with in-sample MSE 0.3767013079214222
Finished training EB SURE-LS, with SURE: 0.34567112370687114
Finished training EB SURE-LS, with in-sample MSE: 0.3695002500872441
use_scale: True
use_location: False
Finished training EB misspecified with NPMLE init, with SURE: 0.3092525624484883
Finished training EB misspecified with NPMLE init, with in-sample MSE: 0.36052277132397603
Finished training EB misspecified, with SURE: 0.30929510123471354
Finished training EB misspecified, with in-sample MSE: 0.3605235284052992
Finished training EB wellspecified, with SURE: 0.2881031761463779
Finished training EB wellspecified, with in-sample MSE: 0.3489600563338013
m: 101
Finished solving NPMLE, with SURE 1.2966796919279568
Finished solving NPMLE, with in-sample MSE 0.34484053069823584
Finished solving parametric estimator, with SURE 0.40949187759117966
Finished solving parametric estimator, with in-sample MSE 0.3945436373255534
Finished solving EBCF, with in-sample MSE 0.3807941455359445
Finished training EB SURE-LS, with SURE: 0.38170618340734463
Finished training EB SURE-LS, with in-sample MSE: 0.3650080039445846
use_scale: True
use_location: False
Finished training EB misspecified with NPMLE init, with SURE: 0.3393062526328436
Finished training EB misspecified with NPMLE init, with in-sample MSE: 0.34086493237756327
Finished training EB misspecified, with SURE: 0.34258027285658615
Finished training EB misspecified, with in-sample MSE: 0.3370576431731073
Finished training EB wellspecified, with SURE: 0.30202995889835893
Finished training EB wellspecified, with in-sample MSE: 0.35494370200799025
m: 102
Finished solving NPMLE, with SURE 1.1684316071589222
Finished solving NPMLE, with in-sample MSE 0.3838119455482123
Finished solving parametric estimator, with SURE 0.3864427723835149
Finished solving parametric estimator, with in-sample MSE 0.4076627023025635
Finished solving EBCF, with in-sample MSE 0.3789742857908131
Finished training EB SURE-LS, with SURE: 0.35015664072837227
Finished training EB SURE-LS, with in-sample MSE: 0.36260173499763776
use_scale: True
use_location: False
Finished training EB misspecified with NPMLE init, with SURE: 0.3289150882395388
Finished training EB misspecified with NPMLE init, with in-sample MSE: 0.3659665659803862
Finished training EB misspecified, with SURE: 0.3289351452016803
Finished training EB misspecified, with in-sample MSE: 0.36595874844903376
Finished training EB wellspecified, with SURE: 0.28049242470596275
Finished training EB wellspecified, with in-sample MSE: 0.37528957259039575
m: 103
Finished solving NPMLE, with SURE 1.467467676007508
Finished solving NPMLE, with in-sample MSE 0.39806065544965397
Finished solving parametric estimator, with SURE 0.4220908313082288
Finished solving parametric estimator, with in-sample MSE 0.41593871039312014
Finished solving EBCF, with in-sample MSE 0.4037253517391699
Finished training EB SURE-LS, with SURE: 0.38884849572817204
Finished training EB SURE-LS, with in-sample MSE: 0.3771726930435319
use_scale: True
use_location: False
Finished training EB misspecified with NPMLE init, with SURE: 0.3419036708318194
Finished training EB misspecified with NPMLE init, with in-sample MSE: 0.39316768440943534
Finished training EB misspecified, with SURE: 0.3419222189113164
Finished training EB misspecified, with in-sample MSE: 0.39314871639018245
Finished training EB wellspecified, with SURE: 0.30078855514506225
Finished training EB wellspecified, with in-sample MSE: 0.39376746730356155
m: 104
Finished solving NPMLE, with SURE 1.4708436178067599
Finished solving NPMLE, with in-sample MSE 0.38290117820099673
Finished solving parametric estimator, with SURE 0.39438298539319294
Finished solving parametric estimator, with in-sample MSE 0.418226620204116
Finished solving EBCF, with in-sample MSE 0.41166806553596114
Finished training EB SURE-LS, with SURE: 0.35408244187136845
Finished training EB SURE-LS, with in-sample MSE: 0.3897534640592877
use_scale: True
use_location: False
Finished training EB misspecified with NPMLE init, with SURE: 0.3401288356317525
Finished training EB misspecified with NPMLE init, with in-sample MSE: 0.3859859819548996
Finished training EB misspecified, with SURE: 0.34012336091482215
Finished training EB misspecified, with in-sample MSE: 0.38602843546042953
Finished training EB wellspecified, with SURE: 0.29297891372960017
Finished training EB wellspecified, with in-sample MSE: 0.3971546612953503
m: 105
Finished solving NPMLE, with SURE 1.281225892114939
Finished solving NPMLE, with in-sample MSE 0.34204595915141484
Finished solving parametric estimator, with SURE 0.39490606931241556
Finished solving parametric estimator, with in-sample MSE 0.36340017387887175
Finished solving EBCF, with in-sample MSE 0.35474133373203465
Finished training EB SURE-LS, with SURE: 0.3589395489572479
Finished training EB SURE-LS, with in-sample MSE: 0.3377083536880615
use_scale: True
use_location: False
Finished training EB misspecified with NPMLE init, with SURE: 0.3104707295449519
Finished training EB misspecified with NPMLE init, with in-sample MSE: 0.3317375826157696
Finished training EB misspecified, with SURE: 0.31045642247420374
Finished training EB misspecified, with in-sample MSE: 0.33166431115971634
Finished training EB wellspecified, with SURE: 0.28143090097294704
Finished training EB wellspecified, with in-sample MSE: 0.33915715335324415
m: 106
Finished solving NPMLE, with SURE 1.3507735718574727
Finished solving NPMLE, with in-sample MSE 0.3910972681835247
Finished solving parametric estimator, with SURE 0.3865692818723579
Finished solving parametric estimator, with in-sample MSE 0.41546963169472606
Finished solving EBCF, with in-sample MSE 0.3889799082116557
Finished training EB SURE-LS, with SURE: 0.34454011778731625
Finished training EB SURE-LS, with in-sample MSE: 0.37581940530673863
use_scale: True
use_location: False
Finished training EB misspecified with NPMLE init, with SURE: 0.33926232818743557
Finished training EB misspecified with NPMLE init, with in-sample MSE: 0.36974324327008495
Finished training EB misspecified, with SURE: 0.334181065866849
Finished training EB misspecified, with in-sample MSE: 0.38852959132972337
Finished training EB wellspecified, with SURE: 0.27949016040231356
Finished training EB wellspecified, with in-sample MSE: 0.3832305347863951
m: 107
Finished solving NPMLE, with SURE 1.229935951157146
Finished solving NPMLE, with in-sample MSE 0.3689695431404146
Finished solving parametric estimator, with SURE 0.3845516860051841
Finished solving parametric estimator, with in-sample MSE 0.39471060978401273
Finished solving EBCF, with in-sample MSE 0.39048347295499963
Finished training EB SURE-LS, with SURE: 0.3475385540868628
Finished training EB SURE-LS, with in-sample MSE: 0.37813262231714867
use_scale: True
use_location: False
Finished training EB misspecified with NPMLE init, with SURE: 0.32677326327936373
Finished training EB misspecified with NPMLE init, with in-sample MSE: 0.362062217350788
Finished training EB misspecified, with SURE: 0.3252188357467934
Finished training EB misspecified, with in-sample MSE: 0.3663550766771245
Finished training EB wellspecified, with SURE: 0.26634109528401856
Finished training EB wellspecified, with in-sample MSE: 0.397922296595522
m: 108
Finished solving NPMLE, with SURE 1.2315982254336497
Finished solving NPMLE, with in-sample MSE 0.38315317982878744
Finished solving parametric estimator, with SURE 0.38538963266041115
Finished solving parametric estimator, with in-sample MSE 0.40657635666523284
Finished solving EBCF, with in-sample MSE 0.3874876640520915
Finished training EB SURE-LS, with SURE: 0.3601154095802122
Finished training EB SURE-LS, with in-sample MSE: 0.3756748278479488
use_scale: True
use_location: False
Finished training EB misspecified with NPMLE init, with SURE: 0.3348886298902983
Finished training EB misspecified with NPMLE init, with in-sample MSE: 0.3742803652820505
Finished training EB misspecified, with SURE: 0.328830033634919
Finished training EB misspecified, with in-sample MSE: 0.3873702089933706
Finished training EB wellspecified, with SURE: 0.29737898795666906
Finished training EB wellspecified, with in-sample MSE: 0.3901243628800573
m: 109
Finished solving NPMLE, with SURE 1.2745562463265783
Finished solving NPMLE, with in-sample MSE 0.3801383642217218
Finished solving parametric estimator, with SURE 0.39796457956746145
Finished solving parametric estimator, with in-sample MSE 0.3959484776657437
Finished solving EBCF, with in-sample MSE 0.388722760657227
Finished training EB SURE-LS, with SURE: 0.36516700004218583
Finished training EB SURE-LS, with in-sample MSE: 0.37042064333817415
use_scale: True
use_location: False
Finished training EB misspecified with NPMLE init, with SURE: 0.33540931913696836
Finished training EB misspecified with NPMLE init, with in-sample MSE: 0.3562921588754823
Finished training EB misspecified, with SURE: 0.33726141562116424
Finished training EB misspecified, with in-sample MSE: 0.3547785068888675
Finished training EB wellspecified, with SURE: 0.3155655507123197
Finished training EB wellspecified, with in-sample MSE: 0.36674750844722626
m: 110
Finished solving NPMLE, with SURE 1.3804579094090936
Finished solving NPMLE, with in-sample MSE 0.38612413631815456
Finished solving parametric estimator, with SURE 0.3785373127636755
Finished solving parametric estimator, with in-sample MSE 0.4035368193108009
Finished solving EBCF, with in-sample MSE 0.3755259527348508
Finished training EB SURE-LS, with SURE: 0.3441536010005145
Finished training EB SURE-LS, with in-sample MSE: 0.37246769767710897
use_scale: True
use_location: False
Finished training EB misspecified with NPMLE init, with SURE: 0.33711007604831367
Finished training EB misspecified with NPMLE init, with in-sample MSE: 0.3683207645205973
Finished training EB misspecified, with SURE: 0.3371185930084843
Finished training EB misspecified, with in-sample MSE: 0.36834773945801014
Finished training EB wellspecified, with SURE: 0.27260366693070914
Finished training EB wellspecified, with in-sample MSE: 0.40287112884481735
m: 111
Finished solving NPMLE, with SURE 1.3926176394524503
Finished solving NPMLE, with in-sample MSE 0.36008910687680384
Finished solving parametric estimator, with SURE 0.4069820951144226
Finished solving parametric estimator, with in-sample MSE 0.3820586361852797
Finished solving EBCF, with in-sample MSE 0.3669347419765043
Finished training EB SURE-LS, with SURE: 0.36595976684070286
Finished training EB SURE-LS, with in-sample MSE: 0.3442040542222085
use_scale: True
use_location: False
Finished training EB misspecified with NPMLE init, with SURE: 0.3304794377066101
Finished training EB misspecified with NPMLE init, with in-sample MSE: 0.382429717058881
Finished training EB misspecified, with SURE: 0.3276518019254345
Finished training EB misspecified, with in-sample MSE: 0.3793133965613669
Finished training EB wellspecified, with SURE: 0.2528351088020549
Finished training EB wellspecified, with in-sample MSE: 0.4095273092898612
m: 112
Finished solving NPMLE, with SURE 1.1577636906933386
Finished solving NPMLE, with in-sample MSE 0.3571996628963444
Finished solving parametric estimator, with SURE 0.3922546709397461
Finished solving parametric estimator, with in-sample MSE 0.37152927609916975
Finished solving EBCF, with in-sample MSE 0.35018443554647777
Finished training EB SURE-LS, with SURE: 0.36284861677841146
Finished training EB SURE-LS, with in-sample MSE: 0.34033621840189276
use_scale: True
use_location: False
Finished training EB misspecified with NPMLE init, with SURE: 0.32497286292295585
Finished training EB misspecified with NPMLE init, with in-sample MSE: 0.3487196742699392
Finished training EB misspecified, with SURE: 0.3247023884875128
Finished training EB misspecified, with in-sample MSE: 0.3487062381771334
Finished training EB wellspecified, with SURE: 0.26682585403656006
Finished training EB wellspecified, with in-sample MSE: 0.3697595540141377
m: 113
Finished solving NPMLE, with SURE 1.114391600307028
Finished solving NPMLE, with in-sample MSE 0.33692859456210683
Finished solving parametric estimator, with SURE 0.3823451758051104
Finished solving parametric estimator, with in-sample MSE 0.34858376397684787
Finished solving EBCF, with in-sample MSE 0.3238619801185079
Finished training EB SURE-LS, with SURE: 0.3436996955965994
Finished training EB SURE-LS, with in-sample MSE: 0.31682823588958803
use_scale: True
use_location: False
Finished training EB misspecified with NPMLE init, with SURE: 0.3253970433965132
Finished training EB misspecified with NPMLE init, with in-sample MSE: 0.3204634431879142
Finished training EB misspecified, with SURE: 0.3254216109547444
Finished training EB misspecified, with in-sample MSE: 0.3204843741288088
Finished training EB wellspecified, with SURE: 0.2676742860825689
Finished training EB wellspecified, with in-sample MSE: 0.3383873724554372
m: 114
Finished solving NPMLE, with SURE 1.3622801739175878
Finished solving NPMLE, with in-sample MSE 0.36478032521266135
Finished solving parametric estimator, with SURE 0.4217073026313786
Finished solving parametric estimator, with in-sample MSE 0.40620179786822463
Finished solving EBCF, with in-sample MSE 0.39564473942939127
Finished training EB SURE-LS, with SURE: 0.39186543245979477
Finished training EB SURE-LS, with in-sample MSE: 0.3881615196758208
use_scale: True
use_location: False
Finished training EB misspecified with NPMLE init, with SURE: 0.36413993403544326
Finished training EB misspecified with NPMLE init, with in-sample MSE: 0.3606552731405967
Finished training EB misspecified, with SURE: 0.36415238723440935
Finished training EB misspecified, with in-sample MSE: 0.3606714980301012
Finished training EB wellspecified, with SURE: 0.32108249424489255
Finished training EB wellspecified, with in-sample MSE: 0.3934855118597699
m: 115
Finished solving NPMLE, with SURE 1.0645826817738757
Finished solving NPMLE, with in-sample MSE 0.42053518710388504
Finished solving parametric estimator, with SURE 0.3985794591363509
Finished solving parametric estimator, with in-sample MSE 0.4448578145466869
Finished solving EBCF, with in-sample MSE 0.41612236364178096
Finished training EB SURE-LS, with SURE: 0.3608903078372883
Finished training EB SURE-LS, with in-sample MSE: 0.4128713605018224
use_scale: True
use_location: False
Finished training EB misspecified with NPMLE init, with SURE: 0.31764093018278894
Finished training EB misspecified with NPMLE init, with in-sample MSE: 0.39474123210370393
Finished training EB misspecified, with SURE: 0.3175301190899537
Finished training EB misspecified, with in-sample MSE: 0.3948229690843524
Finished training EB wellspecified, with SURE: 0.30172510439424943
Finished training EB wellspecified, with in-sample MSE: 0.3881455292299955
m: 116
Finished solving NPMLE, with SURE 1.3356026622199415
Finished solving NPMLE, with in-sample MSE 0.3395081496419165
Finished solving parametric estimator, with SURE 0.39941997053798933
Finished solving parametric estimator, with in-sample MSE 0.372388027669435
Finished solving EBCF, with in-sample MSE 0.34711788241916947
Finished training EB SURE-LS, with SURE: 0.3617563814184213
Finished training EB SURE-LS, with in-sample MSE: 0.33521397482831505
use_scale: True
use_location: False
Finished training EB misspecified with NPMLE init, with SURE: 0.3429252265297211
Finished training EB misspecified with NPMLE init, with in-sample MSE: 0.32826407306627053
Finished training EB misspecified, with SURE: 0.3428911978220495
Finished training EB misspecified, with in-sample MSE: 0.32829840210630623
Finished training EB wellspecified, with SURE: 0.3072989318778867
Finished training EB wellspecified, with in-sample MSE: 0.31347063556521915
m: 117
Finished solving NPMLE, with SURE 1.0575868799292365
Finished solving NPMLE, with in-sample MSE 0.36223692676595526
Finished solving parametric estimator, with SURE 0.40242660380012035
Finished solving parametric estimator, with in-sample MSE 0.3774827408262657
Finished solving EBCF, with in-sample MSE 0.35934885658855886
Finished training EB SURE-LS, with SURE: 0.36335580507094195
Finished training EB SURE-LS, with in-sample MSE: 0.3501907071991574
use_scale: True
use_location: False
Finished training EB misspecified with NPMLE init, with SURE: 0.34341614426466704
Finished training EB misspecified with NPMLE init, with in-sample MSE: 0.3614282945895491
Finished training EB misspecified, with SURE: 0.3434472605925758
Finished training EB misspecified, with in-sample MSE: 0.36148549377971056
Finished training EB wellspecified, with SURE: 0.2929720570830007
Finished training EB wellspecified, with in-sample MSE: 0.36166725277105727
m: 118
Finished solving NPMLE, with SURE 1.1471915922195632
Finished solving NPMLE, with in-sample MSE 0.35986006718554925
Finished solving parametric estimator, with SURE 0.40121264796348904
Finished solving parametric estimator, with in-sample MSE 0.38744283184959977
Finished solving EBCF, with in-sample MSE 0.3702017683618994
Finished training EB SURE-LS, with SURE: 0.37332040914139003
Finished training EB SURE-LS, with in-sample MSE: 0.3583918581296475
use_scale: True
use_location: False
Finished training EB misspecified with NPMLE init, with SURE: 0.34709010961234127
Finished training EB misspecified with NPMLE init, with in-sample MSE: 0.3486689294269404
Finished training EB misspecified, with SURE: 0.3398174947532685
Finished training EB misspecified, with in-sample MSE: 0.3631457742906681
Finished training EB wellspecified, with SURE: 0.308093469501691
Finished training EB wellspecified, with in-sample MSE: 0.36119397953594967
m: 119
Finished solving NPMLE, with SURE 1.3036459873446014
Finished solving NPMLE, with in-sample MSE 0.3610221862098224
Finished solving parametric estimator, with SURE 0.3901419617417271
Finished solving parametric estimator, with in-sample MSE 0.3752648386246922
Finished solving EBCF, with in-sample MSE 0.36598825192967727
Finished training EB SURE-LS, with SURE: 0.34970990040187205
Finished training EB SURE-LS, with in-sample MSE: 0.3540702630543083
use_scale: True
use_location: False
Finished training EB misspecified with NPMLE init, with SURE: 0.33714574588728513
Finished training EB misspecified with NPMLE init, with in-sample MSE: 0.34145898933417435
Finished training EB misspecified, with SURE: 0.33716006871137183
Finished training EB misspecified, with in-sample MSE: 0.3414103573567388
Finished training EB wellspecified, with SURE: 0.25749795442559104
Finished training EB wellspecified, with in-sample MSE: 0.397526636707865
m: 120
Finished solving NPMLE, with SURE 1.2181877018161043
Finished solving NPMLE, with in-sample MSE 0.38798461360497866
Finished solving parametric estimator, with SURE 0.39266933084338296
Finished solving parametric estimator, with in-sample MSE 0.4233596038367343
Finished solving EBCF, with in-sample MSE 0.39731207771520094
Finished training EB SURE-LS, with SURE: 0.360959511532684
Finished training EB SURE-LS, with in-sample MSE: 0.3771634504187828
use_scale: True
use_location: False
Finished training EB misspecified with NPMLE init, with SURE: 0.35619870854132557
Finished training EB misspecified with NPMLE init, with in-sample MSE: 0.36746897691531666
Finished training EB misspecified, with SURE: 0.35622903698369685
Finished training EB misspecified, with in-sample MSE: 0.3675667453598572
Finished training EB wellspecified, with SURE: 0.3160069825334227
Finished training EB wellspecified, with in-sample MSE: 0.38382943125787494
m: 121
Finished solving NPMLE, with SURE 1.1771293641621938
Finished solving NPMLE, with in-sample MSE 0.3878181277812069
Finished solving parametric estimator, with SURE 0.42802189456698236
Finished solving parametric estimator, with in-sample MSE 0.40826000023343134
Finished solving EBCF, with in-sample MSE 0.3911323172680087
Finished training EB SURE-LS, with SURE: 0.384786334742675
Finished training EB SURE-LS, with in-sample MSE: 0.37705459733621827
use_scale: True
use_location: False
Finished training EB misspecified with NPMLE init, with SURE: 0.34561092652101927
Finished training EB misspecified with NPMLE init, with in-sample MSE: 0.40399779232743877
Finished training EB misspecified, with SURE: 0.33884275735249153
Finished training EB misspecified, with in-sample MSE: 0.3766607194810943
Finished training EB wellspecified, with SURE: 0.29403126241729
Finished training EB wellspecified, with in-sample MSE: 0.3889867464486575
m: 122
Finished solving NPMLE, with SURE 1.3113095464551774
Finished solving NPMLE, with in-sample MSE 0.4174743086170419
Finished solving parametric estimator, with SURE 0.41538221304425327
Finished solving parametric estimator, with in-sample MSE 0.44806199168845706
Finished solving EBCF, with in-sample MSE 0.41578673499836327
Finished training EB SURE-LS, with SURE: 0.37900268893067185
Finished training EB SURE-LS, with in-sample MSE: 0.40218046716296485
use_scale: True
use_location: False
Finished training EB misspecified with NPMLE init, with SURE: 0.3506654238286616
Finished training EB misspecified with NPMLE init, with in-sample MSE: 0.40547144165808613
Finished training EB misspecified, with SURE: 0.35073300335638563
Finished training EB misspecified, with in-sample MSE: 0.40597458930293634
Finished training EB wellspecified, with SURE: 0.306188614390026
Finished training EB wellspecified, with in-sample MSE: 0.395378434029971
m: 123
Finished solving NPMLE, with SURE 1.3012252943700475
Finished solving NPMLE, with in-sample MSE 0.3661561181227985
Finished solving parametric estimator, with SURE 0.3966313466264907
Finished solving parametric estimator, with in-sample MSE 0.3767785817943452
Finished solving EBCF, with in-sample MSE 0.35841796767891604
Finished training EB SURE-LS, with SURE: 0.35472301203176565
Finished training EB SURE-LS, with in-sample MSE: 0.35322199382660363
use_scale: True
use_location: False
Finished training EB misspecified with NPMLE init, with SURE: 0.31047309368766995
Finished training EB misspecified with NPMLE init, with in-sample MSE: 0.34637485960690134
Finished training EB misspecified, with SURE: 0.3105039586719284
Finished training EB misspecified, with in-sample MSE: 0.34619328976450225
Finished training EB wellspecified, with SURE: 0.26821006643077816
Finished training EB wellspecified, with in-sample MSE: 0.3610895720434849
m: 124
Finished solving NPMLE, with SURE 1.283734303928075
Finished solving NPMLE, with in-sample MSE 0.36016029201216854
Finished solving parametric estimator, with SURE 0.39465502876771713
Finished solving parametric estimator, with in-sample MSE 0.37705995292612066
Finished solving EBCF, with in-sample MSE 0.37396690895422047
Finished training EB SURE-LS, with SURE: 0.3543697949963368
Finished training EB SURE-LS, with in-sample MSE: 0.35492155356798377
use_scale: True
use_location: False
Finished training EB misspecified with NPMLE init, with SURE: 0.33786837805393843
Finished training EB misspecified with NPMLE init, with in-sample MSE: 0.3490316012266181
Finished training EB misspecified, with SURE: 0.3378614115991989
Finished training EB misspecified, with in-sample MSE: 0.3488663574429299
Finished training EB wellspecified, with SURE: 0.29409002363607883
Finished training EB wellspecified, with in-sample MSE: 0.3595861219514582
m: 125
Finished solving NPMLE, with SURE 1.2004783824395022
Finished solving NPMLE, with in-sample MSE 0.3622186609370892
Finished solving parametric estimator, with SURE 0.40285203257091995
Finished solving parametric estimator, with in-sample MSE 0.4008625660955283
Finished solving EBCF, with in-sample MSE 0.3750868175796047
Finished training EB SURE-LS, with SURE: 0.3706371772781118
Finished training EB SURE-LS, with in-sample MSE: 0.364795272624135
use_scale: True
use_location: False
Finished training EB misspecified with NPMLE init, with SURE: 0.3407674697398111
Finished training EB misspecified with NPMLE init, with in-sample MSE: 0.35371346928147845
Finished training EB misspecified, with SURE: 0.340771397534506
Finished training EB misspecified, with in-sample MSE: 0.3537030796488147
Finished training EB wellspecified, with SURE: 0.2896424793120423
Finished training EB wellspecified, with in-sample MSE: 0.36042060003391924
m: 126
Finished solving NPMLE, with SURE 1.168974380190965
Finished solving NPMLE, with in-sample MSE 0.4121765433670136
Finished solving parametric estimator, with SURE 0.40816174588132215
Finished solving parametric estimator, with in-sample MSE 0.4226131812138575
Finished solving EBCF, with in-sample MSE 0.39019563363042015
Finished training EB SURE-LS, with SURE: 0.3732813667559376
Finished training EB SURE-LS, with in-sample MSE: 0.38826387443169663
use_scale: True
use_location: False
Finished training EB misspecified with NPMLE init, with SURE: 0.3444810340963068
Finished training EB misspecified with NPMLE init, with in-sample MSE: 0.386470829613328
Finished training EB misspecified, with SURE: 0.3445023616017739
Finished training EB misspecified, with in-sample MSE: 0.3868930277147454
Finished training EB wellspecified, with SURE: 0.27090888862670137
Finished training EB wellspecified, with in-sample MSE: 0.4267201546186839
m: 127
Finished solving NPMLE, with SURE 1.3562166184016364
Finished solving NPMLE, with in-sample MSE 0.4406394004627141
Finished solving parametric estimator, with SURE 0.388930478980564
Finished solving parametric estimator, with in-sample MSE 0.45770222215235834
Finished solving EBCF, with in-sample MSE 0.4223013404573061
Finished training EB SURE-LS, with SURE: 0.3499307616280666
Finished training EB SURE-LS, with in-sample MSE: 0.413063933539689
use_scale: True
use_location: False
Finished training EB misspecified with NPMLE init, with SURE: 0.3417029342800761
Finished training EB misspecified with NPMLE init, with in-sample MSE: 0.4145315052929133
Finished training EB misspecified, with SURE: 0.341715965808345
Finished training EB misspecified, with in-sample MSE: 0.41454137667612445
Finished training EB wellspecified, with SURE: 0.27982710736077104
Finished training EB wellspecified, with in-sample MSE: 0.4249118498826337
m: 128
Finished solving NPMLE, with SURE 1.3307988693530133
Finished solving NPMLE, with in-sample MSE 0.37831240728315074
Finished solving parametric estimator, with SURE 0.3993817821278123
Finished solving parametric estimator, with in-sample MSE 0.4024251093139028
Finished solving EBCF, with in-sample MSE 0.39425183144580617
Finished training EB SURE-LS, with SURE: 0.3652151250364827
Finished training EB SURE-LS, with in-sample MSE: 0.3901110333733526
use_scale: True
use_location: False
Finished training EB misspecified with NPMLE init, with SURE: 0.3238878183461774
Finished training EB misspecified with NPMLE init, with in-sample MSE: 0.3786846820541678
Finished training EB misspecified, with SURE: 0.32390049472182136
Finished training EB misspecified, with in-sample MSE: 0.3786419743802126
Finished training EB wellspecified, with SURE: 0.30054326156409394
Finished training EB wellspecified, with in-sample MSE: 0.3750875443089771
m: 129
Finished solving NPMLE, with SURE 1.2978333439864702
Finished solving NPMLE, with in-sample MSE 0.3791550037324153
Finished solving parametric estimator, with SURE 0.4085904688038845
Finished solving parametric estimator, with in-sample MSE 0.3998010471524073
Finished solving EBCF, with in-sample MSE 0.37386119809532625
Finished training EB SURE-LS, with SURE: 0.40236671692076315
Finished training EB SURE-LS, with in-sample MSE: 0.39255748078792807
use_scale: True
use_location: False
Finished training EB misspecified with NPMLE init, with SURE: 0.3380257009707971
Finished training EB misspecified with NPMLE init, with in-sample MSE: 0.3623741827532708
Finished training EB misspecified, with SURE: 0.33805004076884343
Finished training EB misspecified, with in-sample MSE: 0.36236438529176307
Finished training EB wellspecified, with SURE: 0.3180687786270346
Finished training EB wellspecified, with in-sample MSE: 0.3505889959500796
m: 130
Finished solving NPMLE, with SURE 1.3477521325520554
Finished solving NPMLE, with in-sample MSE 0.3606885005289987
Finished solving parametric estimator, with SURE 0.40355264223152987
Finished solving parametric estimator, with in-sample MSE 0.3880291306858066
Finished solving EBCF, with in-sample MSE 0.3622790144720426
Finished training EB SURE-LS, with SURE: 0.3653586720047731
Finished training EB SURE-LS, with in-sample MSE: 0.349484043443223
use_scale: True
use_location: False
Finished training EB misspecified with NPMLE init, with SURE: 0.35724095328327415
Finished training EB misspecified with NPMLE init, with in-sample MSE: 0.3517714468799031
Finished training EB misspecified, with SURE: 0.35673560425206896
Finished training EB misspecified, with in-sample MSE: 0.35131219682489845
Finished training EB wellspecified, with SURE: 0.2759291706681476
Finished training EB wellspecified, with in-sample MSE: 0.4113070949102585
m: 131
Finished solving NPMLE, with SURE 1.2335234151523997
Finished solving NPMLE, with in-sample MSE 0.36282700979465105
Finished solving parametric estimator, with SURE 0.3846421894815564
Finished solving parametric estimator, with in-sample MSE 0.4033022822387819
Finished solving EBCF, with in-sample MSE 0.4041843118804979
Finished training EB SURE-LS, with SURE: 0.35262732990861906
Finished training EB SURE-LS, with in-sample MSE: 0.3868916814315787
use_scale: True
use_location: False
Finished training EB misspecified with NPMLE init, with SURE: 0.34806166221339147
Finished training EB misspecified with NPMLE init, with in-sample MSE: 0.36216854516356933
Finished training EB misspecified, with SURE: 0.3480849347214863
Finished training EB misspecified, with in-sample MSE: 0.3622129448405022
Finished training EB wellspecified, with SURE: 0.30346060488171767
Finished training EB wellspecified, with in-sample MSE: 0.3750563357433014
m: 132
Finished solving NPMLE, with SURE 1.3920573595727925
Finished solving NPMLE, with in-sample MSE 0.4003461625959114
Finished solving parametric estimator, with SURE 0.4083240202709799
Finished solving parametric estimator, with in-sample MSE 0.4255367101600417
Finished solving EBCF, with in-sample MSE 0.3969305957170279
Finished training EB SURE-LS, with SURE: 0.36692031772113043
Finished training EB SURE-LS, with in-sample MSE: 0.3836171396781298
use_scale: True
use_location: False
Finished training EB misspecified with NPMLE init, with SURE: 0.3224176031502664
Finished training EB misspecified with NPMLE init, with in-sample MSE: 0.39067159034916754
Finished training EB misspecified, with SURE: 0.3224377312297439
Finished training EB misspecified, with in-sample MSE: 0.3906532076804348
Finished training EB wellspecified, with SURE: 0.27051194691289254
Finished training EB wellspecified, with in-sample MSE: 0.41756992091660167
m: 133
Finished solving NPMLE, with SURE 1.5017570919485896
Finished solving NPMLE, with in-sample MSE 0.39747332550792436
Finished solving parametric estimator, with SURE 0.40389319183908645
Finished solving parametric estimator, with in-sample MSE 0.4219636081181724
Finished solving EBCF, with in-sample MSE 0.39099117712964176
Finished training EB SURE-LS, with SURE: 0.3705414266989925
Finished training EB SURE-LS, with in-sample MSE: 0.3795636874527704
use_scale: True
use_location: False
Finished training EB misspecified with NPMLE init, with SURE: 0.3573529867087355
Finished training EB misspecified with NPMLE init, with in-sample MSE: 0.3885265333073907
Finished training EB misspecified, with SURE: 0.3572253567966585
Finished training EB misspecified, with in-sample MSE: 0.38670679936762986
Finished training EB wellspecified, with SURE: 0.3206228297314938
Finished training EB wellspecified, with in-sample MSE: 0.38848015163005656
m: 134
Finished solving NPMLE, with SURE 1.3581637189886617
Finished solving NPMLE, with in-sample MSE 0.39632559793191496
Finished solving parametric estimator, with SURE 0.4261281749387198
Finished solving parametric estimator, with in-sample MSE 0.41697386089972616
Finished solving EBCF, with in-sample MSE 0.4059130093626598
Finished training EB SURE-LS, with SURE: 0.3851981426719345
Finished training EB SURE-LS, with in-sample MSE: 0.3736716553201249
use_scale: True
use_location: False
Finished training EB misspecified with NPMLE init, with SURE: 0.3350661090391294
Finished training EB misspecified with NPMLE init, with in-sample MSE: 0.3871606489172499
Finished training EB misspecified, with SURE: 0.3303818633090549
Finished training EB misspecified, with in-sample MSE: 0.3989716706331863
Finished training EB wellspecified, with SURE: 0.2979211282065435
Finished training EB wellspecified, with in-sample MSE: 0.3905566293874725
m: 135
Finished solving NPMLE, with SURE 1.036731293870064
Finished solving NPMLE, with in-sample MSE 0.32384269514108704
Finished solving parametric estimator, with SURE 0.3921928445059
Finished solving parametric estimator, with in-sample MSE 0.35904952248053
Finished solving EBCF, with in-sample MSE 0.3624483089104163
Finished training EB SURE-LS, with SURE: 0.3828047983120301
Finished training EB SURE-LS, with in-sample MSE: 0.3567092480380647
use_scale: True
use_location: False
Finished training EB misspecified with NPMLE init, with SURE: 0.3187469652470572
Finished training EB misspecified with NPMLE init, with in-sample MSE: 0.3376042745984488
Finished training EB misspecified, with SURE: 0.31952083936891007
Finished training EB misspecified, with in-sample MSE: 0.3461213242014388
Finished training EB wellspecified, with SURE: 0.2538649511782704
Finished training EB wellspecified, with in-sample MSE: 0.36278813649353964
m: 136
Finished solving NPMLE, with SURE 1.1969783675672274
Finished solving NPMLE, with in-sample MSE 0.3468366150307854
Finished solving parametric estimator, with SURE 0.39847683574598297
Finished solving parametric estimator, with in-sample MSE 0.38383682141560727
Finished solving EBCF, with in-sample MSE 0.36977251088644203
Finished training EB SURE-LS, with SURE: 0.364484111344388
Finished training EB SURE-LS, with in-sample MSE: 0.3564690979320453
use_scale: True
use_location: False
Finished training EB misspecified with NPMLE init, with SURE: 0.3495494008442948
Finished training EB misspecified with NPMLE init, with in-sample MSE: 0.33831744682388654
Finished training EB misspecified, with SURE: 0.3496034358616008
Finished training EB misspecified, with in-sample MSE: 0.33832595551559974
Finished training EB wellspecified, with SURE: 0.31332870689842646
Finished training EB wellspecified, with in-sample MSE: 0.3414589437666353
m: 137
Finished solving NPMLE, with SURE 1.3359532553453044
Finished solving NPMLE, with in-sample MSE 0.4299695762383149
Finished solving parametric estimator, with SURE 0.38010536793703953
Finished solving parametric estimator, with in-sample MSE 0.45325715563172
Finished solving EBCF, with in-sample MSE 0.4299871147222233
Finished training EB SURE-LS, with SURE: 0.3506132116663643
Finished training EB SURE-LS, with in-sample MSE: 0.4146861943032261
use_scale: True
use_location: False
Finished training EB misspecified with NPMLE init, with SURE: 0.340382692158976
Finished training EB misspecified with NPMLE init, with in-sample MSE: 0.4170643508137401
Finished training EB misspecified, with SURE: 0.34039548671752
Finished training EB misspecified, with in-sample MSE: 0.41716496201978487
Finished training EB wellspecified, with SURE: 0.28533559829905936
Finished training EB wellspecified, with in-sample MSE: 0.4260893478308664
m: 138
Finished solving NPMLE, with SURE 1.255096361097844
Finished solving NPMLE, with in-sample MSE 0.3668678612571645
Finished solving parametric estimator, with SURE 0.3919402658790144
Finished solving parametric estimator, with in-sample MSE 0.4020910884997113
Finished solving EBCF, with in-sample MSE 0.3739022513848939
Finished training EB SURE-LS, with SURE: 0.3549738800740589
Finished training EB SURE-LS, with in-sample MSE: 0.35807267867459275
use_scale: True
use_location: False
Finished training EB misspecified with NPMLE init, with SURE: 0.33429455950227416
Finished training EB misspecified with NPMLE init, with in-sample MSE: 0.3513649913370459
Finished training EB misspecified, with SURE: 0.33319551454576407
Finished training EB misspecified, with in-sample MSE: 0.35611116874030285
Finished training EB wellspecified, with SURE: 0.2423469164668974
Finished training EB wellspecified, with in-sample MSE: 0.409586355786723
m: 139
Finished solving NPMLE, with SURE 1.290764914098092
Finished solving NPMLE, with in-sample MSE 0.3288308186421878
Finished solving parametric estimator, with SURE 0.40379718603269255
Finished solving parametric estimator, with in-sample MSE 0.3521957231660962
Finished solving EBCF, with in-sample MSE 0.3516416931691804
Finished training EB SURE-LS, with SURE: 0.3587489140670643
Finished training EB SURE-LS, with in-sample MSE: 0.33143927740770024
use_scale: True
use_location: False
Finished training EB misspecified with NPMLE init, with SURE: 0.3564122271987917
Finished training EB misspecified with NPMLE init, with in-sample MSE: 0.31778678896626494
Finished training EB misspecified, with SURE: 0.3564366341375113
Finished training EB misspecified, with in-sample MSE: 0.31783765279449117
Finished training EB wellspecified, with SURE: 0.3152107845502099
Finished training EB wellspecified, with in-sample MSE: 0.33084480300170427
m: 140
Finished solving NPMLE, with SURE 1.2628841860359052
Finished solving NPMLE, with in-sample MSE 0.37933196316324463
Finished solving parametric estimator, with SURE 0.4064652853206525
Finished solving parametric estimator, with in-sample MSE 0.39192934563971016
Finished solving EBCF, with in-sample MSE 0.3727174712339566
Finished training EB SURE-LS, with SURE: 0.3722334675716893
Finished training EB SURE-LS, with in-sample MSE: 0.3607960676159962
use_scale: True
use_location: False
Finished training EB misspecified with NPMLE init, with SURE: 0.3493049392124084
Finished training EB misspecified with NPMLE init, with in-sample MSE: 0.36424572566297153
Finished training EB misspecified, with SURE: 0.3492662392670924
Finished training EB misspecified, with in-sample MSE: 0.3643118814560948
Finished training EB wellspecified, with SURE: 0.2758469821624756
Finished training EB wellspecified, with in-sample MSE: 0.4153910628778275
m: 141
Finished solving NPMLE, with SURE 1.0318868782268722
Finished solving NPMLE, with in-sample MSE 0.38410782651036923
Finished solving parametric estimator, with SURE 0.4097346303702184
Finished solving parametric estimator, with in-sample MSE 0.4143998780880133
Finished solving EBCF, with in-sample MSE 0.3914244972806845
Finished training EB SURE-LS, with SURE: 0.37654990616779155
Finished training EB SURE-LS, with in-sample MSE: 0.37602052221389576
use_scale: True
use_location: False
Finished training EB misspecified with NPMLE init, with SURE: 0.33530304653770043
Finished training EB misspecified with NPMLE init, with in-sample MSE: 0.37579606126853904
Finished training EB misspecified, with SURE: 0.33518658229207077
Finished training EB misspecified, with in-sample MSE: 0.3821514586895892
Finished training EB wellspecified, with SURE: 0.2700190466274991
Finished training EB wellspecified, with in-sample MSE: 0.4387673557271253
m: 142
Finished solving NPMLE, with SURE 1.408091500937266
Finished solving NPMLE, with in-sample MSE 0.38507771783726313
Finished solving parametric estimator, with SURE 0.4053999916728549
Finished solving parametric estimator, with in-sample MSE 0.4072405629707499
Finished solving EBCF, with in-sample MSE 0.39656014561243824
Finished training EB SURE-LS, with SURE: 0.37501937144317044
Finished training EB SURE-LS, with in-sample MSE: 0.3710572238460393
use_scale: True
use_location: False
Finished training EB misspecified with NPMLE init, with SURE: 0.3570735457262682
Finished training EB misspecified with NPMLE init, with in-sample MSE: 0.38537300318318957
Finished training EB misspecified, with SURE: 0.35710470678511125
Finished training EB misspecified, with in-sample MSE: 0.3853603769972139
Finished training EB wellspecified, with SURE: 0.3572112306615967
Finished training EB wellspecified, with in-sample MSE: 0.3855811476013209
m: 143
Finished solving NPMLE, with SURE 1.365290839080988
Finished solving NPMLE, with in-sample MSE 0.41554228871857274
Finished solving parametric estimator, with SURE 0.43729558538396285
Finished solving parametric estimator, with in-sample MSE 0.4253406344699628
Finished solving EBCF, with in-sample MSE 0.4008962918472158
Finished training EB SURE-LS, with SURE: 0.3916814089665088
Finished training EB SURE-LS, with in-sample MSE: 0.39731610575346243
use_scale: True
use_location: False
Finished training EB misspecified with NPMLE init, with SURE: 0.36470764189201815
Finished training EB misspecified with NPMLE init, with in-sample MSE: 0.40178600600517245
Finished training EB misspecified, with SURE: 0.3645773536717157
Finished training EB misspecified, with in-sample MSE: 0.40115923701340167
Finished training EB wellspecified, with SURE: 0.2871101254503024
Finished training EB wellspecified, with in-sample MSE: 0.45575713032773313
m: 144
Finished solving NPMLE, with SURE 1.0252807362991863
Finished solving NPMLE, with in-sample MSE 0.39283182147588497
Finished solving parametric estimator, with SURE 0.3907475476800486
Finished solving parametric estimator, with in-sample MSE 0.4101130101520268
Finished solving EBCF, with in-sample MSE 0.37798078810081615
Finished training EB SURE-LS, with SURE: 0.36381664565951355
Finished training EB SURE-LS, with in-sample MSE: 0.3695992776680817
use_scale: True
use_location: False
Finished training EB misspecified with NPMLE init, with SURE: 0.3545790765653067
Finished training EB misspecified with NPMLE init, with in-sample MSE: 0.3668556082175416
Finished training EB misspecified, with SURE: 0.3546056567603469
Finished training EB misspecified, with in-sample MSE: 0.3668471708632562
Finished training EB wellspecified, with SURE: 0.30763533689557016
Finished training EB wellspecified, with in-sample MSE: 0.3766183117611506
m: 145
Finished solving NPMLE, with SURE 1.3810774910066388
Finished solving NPMLE, with in-sample MSE 0.42298825051680866
Finished solving parametric estimator, with SURE 0.38984345575439866
Finished solving parametric estimator, with in-sample MSE 0.43101464544034696
Finished solving EBCF, with in-sample MSE 0.39907045207212244
Finished training EB SURE-LS, with SURE: 0.34653558519361966
Finished training EB SURE-LS, with in-sample MSE: 0.38489741308745884
use_scale: True
use_location: False
Finished training EB misspecified with NPMLE init, with SURE: 0.3320976955265792
Finished training EB misspecified with NPMLE init, with in-sample MSE: 0.40496532454082335
Finished training EB misspecified, with SURE: 0.33212495220879346
Finished training EB misspecified, with in-sample MSE: 0.4042215820275397
Finished training EB wellspecified, with SURE: 0.24797678631660577
Finished training EB wellspecified, with in-sample MSE: 0.43553255467118257
m: 146
Finished solving NPMLE, with SURE 1.2918509125281543
Finished solving NPMLE, with in-sample MSE 0.3707588834434056
Finished solving parametric estimator, with SURE 0.3987123677368612
Finished solving parametric estimator, with in-sample MSE 0.39525784898669336
Finished solving EBCF, with in-sample MSE 0.3873239196984398
Finished training EB SURE-LS, with SURE: 0.368682943172495
Finished training EB SURE-LS, with in-sample MSE: 0.3791033668316354
use_scale: True
use_location: False
Finished training EB misspecified with NPMLE init, with SURE: 0.3412913519280128
Finished training EB misspecified with NPMLE init, with in-sample MSE: 0.35242074126934264
Finished training EB misspecified, with SURE: 0.3413273896029103
Finished training EB misspecified, with in-sample MSE: 0.3524105795436157
Finished training EB wellspecified, with SURE: 0.3506875464256167
Finished training EB wellspecified, with in-sample MSE: 0.36774911428465534
m: 147
Finished solving NPMLE, with SURE 1.2288393902819428
Finished solving NPMLE, with in-sample MSE 0.3765592566778386
Finished solving parametric estimator, with SURE 0.4033166928028079
Finished solving parametric estimator, with in-sample MSE 0.40932053815939284
Finished solving EBCF, with in-sample MSE 0.39005981981935434
Finished training EB SURE-LS, with SURE: 0.3748095515513253
Finished training EB SURE-LS, with in-sample MSE: 0.3797318617042136
use_scale: True
use_location: False
Finished training EB misspecified with NPMLE init, with SURE: 0.36350978318827387
Finished training EB misspecified with NPMLE init, with in-sample MSE: 0.3652181359254921
Finished training EB misspecified, with SURE: 0.36343688791197293
Finished training EB misspecified, with in-sample MSE: 0.3659882306696797
Finished training EB wellspecified, with SURE: 0.32026404324662927
Finished training EB wellspecified, with in-sample MSE: 0.38240561552223595
m: 148
Finished solving NPMLE, with SURE 1.2733430163035444
Finished solving NPMLE, with in-sample MSE 0.3807965913861244
Finished solving parametric estimator, with SURE 0.3792075788803474
Finished solving parametric estimator, with in-sample MSE 0.3773252060427633
Finished solving EBCF, with in-sample MSE 0.3504511315440501
Finished training EB SURE-LS, with SURE: 0.34722383321050826
Finished training EB SURE-LS, with in-sample MSE: 0.34218310105772515
use_scale: True
use_location: False
Finished training EB misspecified with NPMLE init, with SURE: 0.3151595279948282
Finished training EB misspecified with NPMLE init, with in-sample MSE: 0.35447193301709534
Finished training EB misspecified, with SURE: 0.3151854488178749
Finished training EB misspecified, with in-sample MSE: 0.3544972565277284
Finished training EB wellspecified, with SURE: 0.29575922484534606
Finished training EB wellspecified, with in-sample MSE: 0.34429960468809406
m: 149
Finished solving NPMLE, with SURE 1.2423246226230618
Finished solving NPMLE, with in-sample MSE 0.34897880621522304
Finished solving parametric estimator, with SURE 0.38924435786883405
Finished solving parametric estimator, with in-sample MSE 0.3778091642741755
Finished solving EBCF, with in-sample MSE 0.36889966546374386
Finished training EB SURE-LS, with SURE: 0.34703430897878285
Finished training EB SURE-LS, with in-sample MSE: 0.3596455504114747
use_scale: True
use_location: False
Finished training EB misspecified with NPMLE init, with SURE: 0.346391772461959
Finished training EB misspecified with NPMLE init, with in-sample MSE: 0.34687649288657957
Finished training EB misspecified, with SURE: 0.3463625141817958
Finished training EB misspecified, with in-sample MSE: 0.3467435304932623
Finished training EB wellspecified, with SURE: 0.2946927228953737
Finished training EB wellspecified, with in-sample MSE: 0.36392515843623796

n: 1600
m: 100
Finished solving NPMLE, with SURE 1.4003827554682464
Finished solving NPMLE, with in-sample MSE 0.3730966717934493
Finished solving parametric estimator, with SURE 0.4042823141420339
Finished solving parametric estimator, with in-sample MSE 0.40422555527660003
Finished solving EBCF, with in-sample MSE 0.39110693243250455
Finished training EB SURE-LS, with SURE: 0.36693390989640834
Finished training EB SURE-LS, with in-sample MSE: 0.3665723268212512
use_scale: True
use_location: False
Finished training EB misspecified with NPMLE init, with SURE: 0.33741914879368723
Finished training EB misspecified with NPMLE init, with in-sample MSE: 0.35690682453297673
Finished training EB misspecified, with SURE: 0.33743700560010126
Finished training EB misspecified, with in-sample MSE: 0.3569202083343519
Finished training EB wellspecified, with SURE: 0.3123011660807646
Finished training EB wellspecified, with in-sample MSE: 0.35144265758551874
m: 101
Finished solving NPMLE, with SURE 1.468770064574382
Finished solving NPMLE, with in-sample MSE 0.35872833160889445
Finished solving parametric estimator, with SURE 0.3963745830470886
Finished solving parametric estimator, with in-sample MSE 0.39482173765008804
Finished solving EBCF, with in-sample MSE 0.37993297094073974
Finished training EB SURE-LS, with SURE: 0.35809930438959386
Finished training EB SURE-LS, with in-sample MSE: 0.35958315033275723
use_scale: True
use_location: False
Finished training EB misspecified with NPMLE init, with SURE: 0.3301923404157766
Finished training EB misspecified with NPMLE init, with in-sample MSE: 0.3564939290503042
Finished training EB misspecified, with SURE: 0.325076965464573
Finished training EB misspecified, with in-sample MSE: 0.3515291897461516
Finished training EB wellspecified, with SURE: 0.2975362566174289
Finished training EB wellspecified, with in-sample MSE: 0.36433905992660953
m: 102
Finished solving NPMLE, with SURE 1.3410183693524578
Finished solving NPMLE, with in-sample MSE 0.370252041962113
Finished solving parametric estimator, with SURE 0.3978118377849209
Finished solving parametric estimator, with in-sample MSE 0.41326669476312367
Finished solving EBCF, with in-sample MSE 0.39800890891582863
Finished training EB SURE-LS, with SURE: 0.3749421757958028
Finished training EB SURE-LS, with in-sample MSE: 0.386368490754562
use_scale: True
use_location: False
Finished training EB misspecified with NPMLE init, with SURE: 0.35823603750266375
Finished training EB misspecified with NPMLE init, with in-sample MSE: 0.3684094314998485
Finished training EB misspecified, with SURE: 0.35824891777502743
Finished training EB misspecified, with in-sample MSE: 0.36838560242709045
Finished training EB wellspecified, with SURE: 0.3324032803028473
Finished training EB wellspecified, with in-sample MSE: 0.36340908820406403
m: 103
Finished solving NPMLE, with SURE 1.1892681043797886
Finished solving NPMLE, with in-sample MSE 0.393875254543436
Finished solving parametric estimator, with SURE 0.3993813549205919
Finished solving parametric estimator, with in-sample MSE 0.4142428946756185
Finished solving EBCF, with in-sample MSE 0.3900737643935416
Finished training EB SURE-LS, with SURE: 0.3697395408957776
Finished training EB SURE-LS, with in-sample MSE: 0.380377799146688
use_scale: True
use_location: False
Finished training EB misspecified with NPMLE init, with SURE: 0.33525691266506685
Finished training EB misspecified with NPMLE init, with in-sample MSE: 0.3692449061459196
Finished training EB misspecified, with SURE: 0.33528755563138674
Finished training EB misspecified, with in-sample MSE: 0.36926294016285865
Finished training EB wellspecified, with SURE: 0.3225477994139763
Finished training EB wellspecified, with in-sample MSE: 0.3595526068093763
m: 104
Finished solving NPMLE, with SURE 1.3375636764814243
Finished solving NPMLE, with in-sample MSE 0.395169299024843
Finished solving parametric estimator, with SURE 0.40278070164020563
Finished solving parametric estimator, with in-sample MSE 0.4193586484348759
Finished solving EBCF, with in-sample MSE 0.394835177872774
Finished training EB SURE-LS, with SURE: 0.36568407291157395
Finished training EB SURE-LS, with in-sample MSE: 0.38826189537581113
use_scale: True
use_location: False
Finished training EB misspecified with NPMLE init, with SURE: 0.3418568822986077
Finished training EB misspecified with NPMLE init, with in-sample MSE: 0.3767053142294758
Finished training EB misspecified, with SURE: 0.3418959099766408
Finished training EB misspecified, with in-sample MSE: 0.3766023293209363
Finished training EB wellspecified, with SURE: 0.3192786256533423
Finished training EB wellspecified, with in-sample MSE: 0.3600361265346593
m: 105
Finished solving NPMLE, with SURE 1.4617814960789617
Finished solving NPMLE, with in-sample MSE 0.36808201101712384
Finished solving parametric estimator, with SURE 0.4194826798078249
Finished solving parametric estimator, with in-sample MSE 0.3982377608160703
Finished solving EBCF, with in-sample MSE 0.3861004850501793
Finished training EB SURE-LS, with SURE: 0.37902590138130116
Finished training EB SURE-LS, with in-sample MSE: 0.3717642847851392
use_scale: True
use_location: False
Finished training EB misspecified with NPMLE init, with SURE: 0.3513557503915408
Finished training EB misspecified with NPMLE init, with in-sample MSE: 0.36198873898200906
Finished training EB misspecified, with SURE: 0.35136617738869225
Finished training EB misspecified, with in-sample MSE: 0.36196490191455766
Finished training EB wellspecified, with SURE: 0.3242148422708283
Finished training EB wellspecified, with in-sample MSE: 0.35567665975139284
m: 106
Finished solving NPMLE, with SURE 1.3332660192721228
Finished solving NPMLE, with in-sample MSE 0.3770936991512868
Finished solving parametric estimator, with SURE 0.3897632761641674
Finished solving parametric estimator, with in-sample MSE 0.41130893071696323
Finished solving EBCF, with in-sample MSE 0.3933751385748431
Finished training EB SURE-LS, with SURE: 0.3613491268057159
Finished training EB SURE-LS, with in-sample MSE: 0.37721014569810757
use_scale: True
use_location: False
Finished training EB misspecified with NPMLE init, with SURE: 0.33403255255030334
Finished training EB misspecified with NPMLE init, with in-sample MSE: 0.36731541774148796
Finished training EB misspecified, with SURE: 0.3340730322081687
Finished training EB misspecified, with in-sample MSE: 0.3673330701507922
Finished training EB wellspecified, with SURE: 0.31333403427299034
Finished training EB wellspecified, with in-sample MSE: 0.3585643912289126
m: 107
Finished solving NPMLE, with SURE 1.3443440740785406
Finished solving NPMLE, with in-sample MSE 0.3664821899499808
Finished solving parametric estimator, with SURE 0.406042594330416
Finished solving parametric estimator, with in-sample MSE 0.3997492388466245
Finished solving EBCF, with in-sample MSE 0.3874419261341161
Finished training EB SURE-LS, with SURE: 0.3732192960944841
Finished training EB SURE-LS, with in-sample MSE: 0.37399076541191617
use_scale: True
use_location: False
Finished training EB misspecified with NPMLE init, with SURE: 0.3499929393203392
Finished training EB misspecified with NPMLE init, with in-sample MSE: 0.3603289057360504
Finished training EB misspecified, with SURE: 0.3499984094636328
Finished training EB misspecified, with in-sample MSE: 0.3603140846567499
Finished training EB wellspecified, with SURE: 0.32287660562865
Finished training EB wellspecified, with in-sample MSE: 0.36090241279020274
m: 108
Finished solving NPMLE, with SURE 1.456287820413134
Finished solving NPMLE, with in-sample MSE 0.35308408297024413
Finished solving parametric estimator, with SURE 0.40250172991864425
Finished solving parametric estimator, with in-sample MSE 0.3843833629963762
Finished solving EBCF, with in-sample MSE 0.36983652663534505
Finished training EB SURE-LS, with SURE: 0.36906777146706254
Finished training EB SURE-LS, with in-sample MSE: 0.3495194525000106
use_scale: True
use_location: False
Finished training EB misspecified with NPMLE init, with SURE: 0.3476656554547505
Finished training EB misspecified with NPMLE init, with in-sample MSE: 0.33922795590508203
Finished training EB misspecified, with SURE: 0.3476746466222802
Finished training EB misspecified, with in-sample MSE: 0.33929362826431303
Finished training EB wellspecified, with SURE: 0.31683255758094514
Finished training EB wellspecified, with in-sample MSE: 0.337465169510309
m: 109
Finished solving NPMLE, with SURE 1.3711439468823405
Finished solving NPMLE, with in-sample MSE 0.37587497491068544
Finished solving parametric estimator, with SURE 0.3865773103359008
Finished solving parametric estimator, with in-sample MSE 0.39058945017602276
Finished solving EBCF, with in-sample MSE 0.3717375300535132
Finished training EB SURE-LS, with SURE: 0.3513489211637846
Finished training EB SURE-LS, with in-sample MSE: 0.3639509149955488
use_scale: True
use_location: False
Finished training EB misspecified with NPMLE init, with SURE: 0.3361943143166634
Finished training EB misspecified with NPMLE init, with in-sample MSE: 0.3607867255633495
Finished training EB misspecified, with SURE: 0.33623197311279496
Finished training EB misspecified, with in-sample MSE: 0.3607174915890596
Finished training EB wellspecified, with SURE: 0.30738500122714124
Finished training EB wellspecified, with in-sample MSE: 0.35667442922130216
m: 110
Finished solving NPMLE, with SURE 1.4693400149407778
Finished solving NPMLE, with in-sample MSE 0.3618940710577884
Finished solving parametric estimator, with SURE 0.39678755732688376
Finished solving parametric estimator, with in-sample MSE 0.37768477746120555
Finished solving EBCF, with in-sample MSE 0.3677745771241148
Finished training EB SURE-LS, with SURE: 0.38995011327860907
Finished training EB SURE-LS, with in-sample MSE: 0.3735998602342721
use_scale: True
use_location: False
Finished training EB misspecified with NPMLE init, with SURE: 0.32492483351164597
Finished training EB misspecified with NPMLE init, with in-sample MSE: 0.34856759617999217
Finished training EB misspecified, with SURE: 0.32493855171017727
Finished training EB misspecified, with in-sample MSE: 0.3485807641235948
Finished training EB wellspecified, with SURE: 0.30275862155205635
Finished training EB wellspecified, with in-sample MSE: 0.3408149242723818
m: 111
Finished solving NPMLE, with SURE 1.5473638501132558
Finished solving NPMLE, with in-sample MSE 0.3805240792961072
Finished solving parametric estimator, with SURE 0.41097786061763186
Finished solving parametric estimator, with in-sample MSE 0.41860221591622454
Finished solving EBCF, with in-sample MSE 0.4015887050806601
Finished training EB SURE-LS, with SURE: 0.3778543502887978
Finished training EB SURE-LS, with in-sample MSE: 0.3881189792226056
use_scale: True
use_location: False
Finished training EB misspecified with NPMLE init, with SURE: 0.3518231546497129
Finished training EB misspecified with NPMLE init, with in-sample MSE: 0.37629382649458476
Finished training EB misspecified, with SURE: 0.3511090213950384
Finished training EB misspecified, with in-sample MSE: 0.37552408507055707
Finished training EB wellspecified, with SURE: 0.332067757248796
Finished training EB wellspecified, with in-sample MSE: 0.35895039751168467
m: 112
Finished solving NPMLE, with SURE 1.5151925955540122
Finished solving NPMLE, with in-sample MSE 0.36664306963914983
Finished solving parametric estimator, with SURE 0.3980640739384156
Finished solving parametric estimator, with in-sample MSE 0.38225710336333946
Finished solving EBCF, with in-sample MSE 0.3733716008280072
Finished training EB SURE-LS, with SURE: 0.3673335709380352
Finished training EB SURE-LS, with in-sample MSE: 0.3520470741683377
use_scale: True
use_location: False
Finished training EB misspecified with NPMLE init, with SURE: 0.33893701268832505
Finished training EB misspecified with NPMLE init, with in-sample MSE: 0.35731688262075734
Finished training EB misspecified, with SURE: 0.3389370347973407
Finished training EB misspecified, with in-sample MSE: 0.3579164919545788
Finished training EB wellspecified, with SURE: 0.3110485179489134
Finished training EB wellspecified, with in-sample MSE: 0.353323673445179
m: 113
Finished solving NPMLE, with SURE 1.306730817511686
Finished solving NPMLE, with in-sample MSE 0.3754099849898506
Finished solving parametric estimator, with SURE 0.39753218506803933
Finished solving parametric estimator, with in-sample MSE 0.40321521242049074
Finished solving EBCF, with in-sample MSE 0.39330277189708507
Finished training EB SURE-LS, with SURE: 0.37285765971837703
Finished training EB SURE-LS, with in-sample MSE: 0.3795604434971777
use_scale: True
use_location: False
Finished training EB misspecified with NPMLE init, with SURE: 0.35875335274813885
Finished training EB misspecified with NPMLE init, with in-sample MSE: 0.3827949233812519
Finished training EB misspecified, with SURE: 0.358686536492826
Finished training EB misspecified, with in-sample MSE: 0.3828858632422388
Finished training EB wellspecified, with SURE: 0.3360559929260113
Finished training EB wellspecified, with in-sample MSE: 0.37212568533575646
m: 114
Finished solving NPMLE, with SURE 1.2582018215242765
Finished solving NPMLE, with in-sample MSE 0.38322398346988856
Finished solving parametric estimator, with SURE 0.40711653041796037
Finished solving parametric estimator, with in-sample MSE 0.40830725362451126
Finished solving EBCF, with in-sample MSE 0.3859168837868975
Finished training EB SURE-LS, with SURE: 0.372441624779467
Finished training EB SURE-LS, with in-sample MSE: 0.38058074822261717
use_scale: True
use_location: False
Finished training EB misspecified with NPMLE init, with SURE: 0.34983351005046415
Finished training EB misspecified with NPMLE init, with in-sample MSE: 0.3739066001599538
Finished training EB misspecified, with SURE: 0.34985282688664626
Finished training EB misspecified, with in-sample MSE: 0.37395926127886175
Finished training EB wellspecified, with SURE: 0.3500439719587998
Finished training EB wellspecified, with in-sample MSE: 0.37377129243135243
m: 115
Finished solving NPMLE, with SURE 1.1949099828578615
Finished solving NPMLE, with in-sample MSE 0.41211467651437966
Finished solving parametric estimator, with SURE 0.4027398082934569
Finished solving parametric estimator, with in-sample MSE 0.4206614309240594
Finished solving EBCF, with in-sample MSE 0.39424782404563974
Finished training EB SURE-LS, with SURE: 0.36712289962704364
Finished training EB SURE-LS, with in-sample MSE: 0.377590401415161
use_scale: True
use_location: False
Finished training EB misspecified with NPMLE init, with SURE: 0.3365075574077692
Finished training EB misspecified with NPMLE init, with in-sample MSE: 0.385258956882691
Finished training EB misspecified, with SURE: 0.33650021124104407
Finished training EB misspecified, with in-sample MSE: 0.3853309414261623
Finished training EB wellspecified, with SURE: 0.3226116535275985
Finished training EB wellspecified, with in-sample MSE: 0.36313793034316055
m: 116
Finished solving NPMLE, with SURE 1.1323642617445757
Finished solving NPMLE, with in-sample MSE 0.35724234862924165
Finished solving parametric estimator, with SURE 0.3983067883857183
Finished solving parametric estimator, with in-sample MSE 0.39777885402733587
Finished solving EBCF, with in-sample MSE 0.371335557003008
Finished training EB SURE-LS, with SURE: 0.3685904148494278
Finished training EB SURE-LS, with in-sample MSE: 0.36219163382837344
use_scale: True
use_location: False
Finished training EB misspecified with NPMLE init, with SURE: 0.35782884833490336
Finished training EB misspecified with NPMLE init, with in-sample MSE: 0.34301739793953395
Finished training EB misspecified, with SURE: 0.3576853758461133
Finished training EB misspecified, with in-sample MSE: 0.3443349222799367
Finished training EB wellspecified, with SURE: 0.3270793915793022
Finished training EB wellspecified, with in-sample MSE: 0.3325965155021726
m: 117
Finished solving NPMLE, with SURE 1.3421842529499983
Finished solving NPMLE, with in-sample MSE 0.39119090197703327
Finished solving parametric estimator, with SURE 0.41491062535932133
Finished solving parametric estimator, with in-sample MSE 0.42836306554664816
Finished solving EBCF, with in-sample MSE 0.4106584338874031
Finished training EB SURE-LS, with SURE: 0.3826766435342057
Finished training EB SURE-LS, with in-sample MSE: 0.3997253574203368
use_scale: True
use_location: False
Finished training EB misspecified with NPMLE init, with SURE: 0.3728286044191798
Finished training EB misspecified with NPMLE init, with in-sample MSE: 0.3818139018153397
Finished training EB misspecified, with SURE: 0.372850658074777
Finished training EB misspecified, with in-sample MSE: 0.3817533591199995
Finished training EB wellspecified, with SURE: 0.3426091625238971
Finished training EB wellspecified, with in-sample MSE: 0.39061228103640677
m: 118
Finished solving NPMLE, with SURE 1.5114780381781114
Finished solving NPMLE, with in-sample MSE 0.3872039495917577
Finished solving parametric estimator, with SURE 0.4012104913004823
Finished solving parametric estimator, with in-sample MSE 0.4175883070209644
Finished solving EBCF, with in-sample MSE 0.3928297646620268
Finished training EB SURE-LS, with SURE: 0.36193016081403984
Finished training EB SURE-LS, with in-sample MSE: 0.3766569126733465
use_scale: True
use_location: False
Finished training EB misspecified with NPMLE init, with SURE: 0.3386394898116452
Finished training EB misspecified with NPMLE init, with in-sample MSE: 0.3758493451588461
Finished training EB misspecified, with SURE: 0.3381821389867701
Finished training EB misspecified, with in-sample MSE: 0.3722901724339551
Finished training EB wellspecified, with SURE: 0.2918494315516425
Finished training EB wellspecified, with in-sample MSE: 0.3788432846909063
m: 119
Finished solving NPMLE, with SURE 1.5107798425259542
Finished solving NPMLE, with in-sample MSE 0.37509664255472513
Finished solving parametric estimator, with SURE 0.40775902461083996
Finished solving parametric estimator, with in-sample MSE 0.3996228161167248
Finished solving EBCF, with in-sample MSE 0.37978388681913866
Finished training EB SURE-LS, with SURE: 0.37048548139589793
Finished training EB SURE-LS, with in-sample MSE: 0.36912082370505805
use_scale: True
use_location: False
Finished training EB misspecified with NPMLE init, with SURE: 0.35424215652914326
Finished training EB misspecified with NPMLE init, with in-sample MSE: 0.3636273908235738
Finished training EB misspecified, with SURE: 0.35424092902021487
Finished training EB misspecified, with in-sample MSE: 0.36368060734277674
Finished training EB wellspecified, with SURE: 0.3249960784584562
Finished training EB wellspecified, with in-sample MSE: 0.35830626309960095
m: 120
Finished solving NPMLE, with SURE 1.296693237542292
Finished solving NPMLE, with in-sample MSE 0.410265708488988
Finished solving parametric estimator, with SURE 0.4013849475047081
Finished solving parametric estimator, with in-sample MSE 0.43560983133394693
Finished solving EBCF, with in-sample MSE 0.4178516444134607
Finished training EB SURE-LS, with SURE: 0.37565386415813773
Finished training EB SURE-LS, with in-sample MSE: 0.4009125556528918
use_scale: True
use_location: False
Finished training EB misspecified with NPMLE init, with SURE: 0.35529064112137043
Finished training EB misspecified with NPMLE init, with in-sample MSE: 0.4004090380166641
Finished training EB misspecified, with SURE: 0.35531910613841683
Finished training EB misspecified, with in-sample MSE: 0.4004593918898621
Finished training EB wellspecified, with SURE: 0.33238038803228054
Finished training EB wellspecified, with in-sample MSE: 0.3867836408446903
m: 121
Finished solving NPMLE, with SURE 1.468233340111091
Finished solving NPMLE, with in-sample MSE 0.4080411401607429
Finished solving parametric estimator, with SURE 0.41926249603480403
Finished solving parametric estimator, with in-sample MSE 0.42536151395147526
Finished solving EBCF, with in-sample MSE 0.41115258142606936
Finished training EB SURE-LS, with SURE: 0.378496438111832
Finished training EB SURE-LS, with in-sample MSE: 0.3908110000777543
use_scale: True
use_location: False
Finished training EB misspecified with NPMLE init, with SURE: 0.3471947295909108
Finished training EB misspecified with NPMLE init, with in-sample MSE: 0.38550186549880594
Finished training EB misspecified, with SURE: 0.34686355570406263
Finished training EB misspecified, with in-sample MSE: 0.38494633805386513
Finished training EB wellspecified, with SURE: 0.32324497701769106
Finished training EB wellspecified, with in-sample MSE: 0.3789457284452186
m: 122
Finished solving NPMLE, with SURE 1.5113786651719414
Finished solving NPMLE, with in-sample MSE 0.37081712060896793
Finished solving parametric estimator, with SURE 0.3952110859408718
Finished solving parametric estimator, with in-sample MSE 0.39598319012862815
Finished solving EBCF, with in-sample MSE 0.3822290210778415
Finished training EB SURE-LS, with SURE: 0.3605160419573499
Finished training EB SURE-LS, with in-sample MSE: 0.37010161210522113
use_scale: True
use_location: False
Finished training EB misspecified with NPMLE init, with SURE: 0.33722614270181
Finished training EB misspecified with NPMLE init, with in-sample MSE: 0.3597309763636012
Finished training EB misspecified, with SURE: 0.33723465444980705
Finished training EB misspecified, with in-sample MSE: 0.35975661129021275
Finished training EB wellspecified, with SURE: 0.3096492113664585
Finished training EB wellspecified, with in-sample MSE: 0.35731665314837197
m: 123
Finished solving NPMLE, with SURE 1.4834550811205813
Finished solving NPMLE, with in-sample MSE 0.387325144514689
Finished solving parametric estimator, with SURE 0.4249599544234548
Finished solving parametric estimator, with in-sample MSE 0.42367804932428227
Finished solving EBCF, with in-sample MSE 0.4111099831386108
Finished training EB SURE-LS, with SURE: 0.38774315078743593
Finished training EB SURE-LS, with in-sample MSE: 0.3944622072327268
use_scale: True
use_location: False
Finished training EB misspecified with NPMLE init, with SURE: 0.3629360600736156
Finished training EB misspecified with NPMLE init, with in-sample MSE: 0.38913503256211074
Finished training EB misspecified, with SURE: 0.3628901531498578
Finished training EB misspecified, with in-sample MSE: 0.3889162145614118
Finished training EB wellspecified, with SURE: 0.3318927008841525
Finished training EB wellspecified, with in-sample MSE: 0.3811140369655317
m: 124
Finished solving NPMLE, with SURE 1.4166529058916801
Finished solving NPMLE, with in-sample MSE 0.4044251863246652
Finished solving parametric estimator, with SURE 0.39861145426429234
Finished solving parametric estimator, with in-sample MSE 0.4235419086510999
Finished solving EBCF, with in-sample MSE 0.4021972991308961
Finished training EB SURE-LS, with SURE: 0.3693204297713318
Finished training EB SURE-LS, with in-sample MSE: 0.378031414448439
use_scale: True
use_location: False
Finished training EB misspecified with NPMLE init, with SURE: 0.32837449092946586
Finished training EB misspecified with NPMLE init, with in-sample MSE: 0.38829915243731294
Finished training EB misspecified, with SURE: 0.3283904195888282
Finished training EB misspecified, with in-sample MSE: 0.38826770522366083
Finished training EB wellspecified, with SURE: 0.2891974442439072
Finished training EB wellspecified, with in-sample MSE: 0.3808238542830452
m: 125
Finished solving NPMLE, with SURE 1.4593232357382055
Finished solving NPMLE, with in-sample MSE 0.345605497966643
Finished solving parametric estimator, with SURE 0.40038031323835654
Finished solving parametric estimator, with in-sample MSE 0.38206608887844895
Finished solving EBCF, with in-sample MSE 0.3687682727384808
Finished training EB SURE-LS, with SURE: 0.3710931467841856
Finished training EB SURE-LS, with in-sample MSE: 0.35473549335250015
use_scale: True
use_location: False
Finished training EB misspecified with NPMLE init, with SURE: 0.35059986792501924
Finished training EB misspecified with NPMLE init, with in-sample MSE: 0.33410324777913347
Finished training EB misspecified, with SURE: 0.3509705846488763
Finished training EB misspecified, with in-sample MSE: 0.3352451080711581
Finished training EB wellspecified, with SURE: 0.31068377791178076
Finished training EB wellspecified, with in-sample MSE: 0.35469316230424414
m: 126
Finished solving NPMLE, with SURE 1.2661866146397047
Finished solving NPMLE, with in-sample MSE 0.3824589192992005
Finished solving parametric estimator, with SURE 0.38688018489917253
Finished solving parametric estimator, with in-sample MSE 0.4028820530334021
Finished solving EBCF, with in-sample MSE 0.3792791916807093
Finished training EB SURE-LS, with SURE: 0.3580146745453247
Finished training EB SURE-LS, with in-sample MSE: 0.37334293744092095
use_scale: True
use_location: False
Finished training EB misspecified with NPMLE init, with SURE: 0.34286861351222414
Finished training EB misspecified with NPMLE init, with in-sample MSE: 0.3763420913719764
Finished training EB misspecified, with SURE: 0.3428872933438008
Finished training EB misspecified, with in-sample MSE: 0.3763458196059136
Finished training EB wellspecified, with SURE: 0.31584843901238546
Finished training EB wellspecified, with in-sample MSE: 0.3803482553082103
m: 127
Finished solving NPMLE, with SURE 1.6097552335437786
Finished solving NPMLE, with in-sample MSE 0.36248994759908265
Finished solving parametric estimator, with SURE 0.40560377472373044
Finished solving parametric estimator, with in-sample MSE 0.39988860993108233
Finished solving EBCF, with in-sample MSE 0.3726393824809538
Finished training EB SURE-LS, with SURE: 0.37158050805084175
Finished training EB SURE-LS, with in-sample MSE: 0.3653958938956762
use_scale: True
use_location: False
Finished training EB misspecified with NPMLE init, with SURE: 0.34573099618520514
Finished training EB misspecified with NPMLE init, with in-sample MSE: 0.3533325443846527
Finished training EB misspecified, with SURE: 0.3454542924656602
Finished training EB misspecified, with in-sample MSE: 0.35462798316976185
Finished training EB wellspecified, with SURE: 0.31680892012074485
Finished training EB wellspecified, with in-sample MSE: 0.34898343773666396
m: 128
Finished solving NPMLE, with SURE 1.3367654779079874
Finished solving NPMLE, with in-sample MSE 0.3603981518274733
Finished solving parametric estimator, with SURE 0.39662032650362716
Finished solving parametric estimator, with in-sample MSE 0.37937424063525427
Finished solving EBCF, with in-sample MSE 0.35546827432838823
Finished training EB SURE-LS, with SURE: 0.3618810662789224
Finished training EB SURE-LS, with in-sample MSE: 0.3433298999335955
use_scale: True
use_location: False
Finished training EB misspecified with NPMLE init, with SURE: 0.34059970164883396
Finished training EB misspecified with NPMLE init, with in-sample MSE: 0.3438659896826464
Finished training EB misspecified, with SURE: 0.3406430213273978
Finished training EB misspecified, with in-sample MSE: 0.3438784132770237
Finished training EB wellspecified, with SURE: 0.32064200904519896
Finished training EB wellspecified, with in-sample MSE: 0.33509590550834983
m: 129
Finished solving NPMLE, with SURE 1.2630580548436479
Finished solving NPMLE, with in-sample MSE 0.3516874382480523
Finished solving parametric estimator, with SURE 0.38889059816882965
Finished solving parametric estimator, with in-sample MSE 0.37230639307269264
Finished solving EBCF, with in-sample MSE 0.360476057013687
Finished training EB SURE-LS, with SURE: 0.3555882454345794
Finished training EB SURE-LS, with in-sample MSE: 0.34248094791946543
use_scale: True
use_location: False
Finished training EB misspecified with NPMLE init, with SURE: 0.33793446810497
Finished training EB misspecified with NPMLE init, with in-sample MSE: 0.335142162036815
Finished training EB misspecified, with SURE: 0.337958515342438
Finished training EB misspecified, with in-sample MSE: 0.33508317455014125
Finished training EB wellspecified, with SURE: 0.3084246365299099
Finished training EB wellspecified, with in-sample MSE: 0.34228461047040576
m: 130
Finished solving NPMLE, with SURE 1.4232783754151699
Finished solving NPMLE, with in-sample MSE 0.37073714028201754
Finished solving parametric estimator, with SURE 0.42265370670709257
Finished solving parametric estimator, with in-sample MSE 0.42260138675855463
Finished solving EBCF, with in-sample MSE 0.40356850529322275
Finished training EB SURE-LS, with SURE: 0.3860141518655611
Finished training EB SURE-LS, with in-sample MSE: 0.3842552299831531
use_scale: True
use_location: False
Finished training EB misspecified with NPMLE init, with SURE: 0.37821213145421356
Finished training EB misspecified with NPMLE init, with in-sample MSE: 0.3727308304735278
Finished training EB misspecified, with SURE: 0.37784233957763036
Finished training EB misspecified, with in-sample MSE: 0.37202549858634426
Finished training EB wellspecified, with SURE: 0.34850129829497134
Finished training EB wellspecified, with in-sample MSE: 0.3760472689930936
m: 131
Finished solving NPMLE, with SURE 1.2519555561556872
Finished solving NPMLE, with in-sample MSE 0.353033238320714
Finished solving parametric estimator, with SURE 0.40875437299470674
Finished solving parametric estimator, with in-sample MSE 0.3843242333516349
Finished solving EBCF, with in-sample MSE 0.36599129107737827
Finished training EB SURE-LS, with SURE: 0.36342421365206873
Finished training EB SURE-LS, with in-sample MSE: 0.35463108351997474
use_scale: True
use_location: False
Finished training EB misspecified with NPMLE init, with SURE: 0.3433969515847213
Finished training EB misspecified with NPMLE init, with in-sample MSE: 0.34227257557295787
Finished training EB misspecified, with SURE: 0.3434126721508035
Finished training EB misspecified, with in-sample MSE: 0.3422560665758968
Finished training EB wellspecified, with SURE: 0.3121088057548219
Finished training EB wellspecified, with in-sample MSE: 0.34964808787045526
m: 132
Finished solving NPMLE, with SURE 1.4187571817353577
Finished solving NPMLE, with in-sample MSE 0.38278496291868863
Finished solving parametric estimator, with SURE 0.40866394249736326
Finished solving parametric estimator, with in-sample MSE 0.40446129344287945
Finished solving EBCF, with in-sample MSE 0.3844207472955895
Finished training EB SURE-LS, with SURE: 0.3772789197448796
Finished training EB SURE-LS, with in-sample MSE: 0.3731054118426371
use_scale: True
use_location: False
Finished training EB misspecified with NPMLE init, with SURE: 0.34028853598082165
Finished training EB misspecified with NPMLE init, with in-sample MSE: 0.3683475479007881
Finished training EB misspecified, with SURE: 0.3402871469966455
Finished training EB misspecified, with in-sample MSE: 0.3682910425023112
Finished training EB wellspecified, with SURE: 0.316478923436311
Finished training EB wellspecified, with in-sample MSE: 0.3600772925388682
m: 133
Finished solving NPMLE, with SURE 1.3121541012185411
Finished solving NPMLE, with in-sample MSE 0.373754666277959
Finished solving parametric estimator, with SURE 0.40467151564855536
Finished solving parametric estimator, with in-sample MSE 0.4156813173608679
Finished solving EBCF, with in-sample MSE 0.3967218146118316
Finished training EB SURE-LS, with SURE: 0.36647111359220513
Finished training EB SURE-LS, with in-sample MSE: 0.37773062031737636
use_scale: True
use_location: False
Finished training EB misspecified with NPMLE init, with SURE: 0.35110872841021573
Finished training EB misspecified with NPMLE init, with in-sample MSE: 0.36692795885802004
Finished training EB misspecified, with SURE: 0.3511430606678877
Finished training EB misspecified, with in-sample MSE: 0.36696108164561175
Finished training EB wellspecified, with SURE: 0.30696583964080437
Finished training EB wellspecified, with in-sample MSE: 0.37328685568140574
m: 134
Finished solving NPMLE, with SURE 1.144083899339364
Finished solving NPMLE, with in-sample MSE 0.34338726399649316
Finished solving parametric estimator, with SURE 0.3926408208302694
Finished solving parametric estimator, with in-sample MSE 0.37304633470290277
Finished solving EBCF, with in-sample MSE 0.35791889553701234
Finished training EB SURE-LS, with SURE: 0.3665734689682435
Finished training EB SURE-LS, with in-sample MSE: 0.3467790629468936
use_scale: True
use_location: False
Finished training EB misspecified with NPMLE init, with SURE: 0.3412319467074799
Finished training EB misspecified with NPMLE init, with in-sample MSE: 0.33386029720083243
Finished training EB misspecified, with SURE: 0.341230410924161
Finished training EB misspecified, with in-sample MSE: 0.33363276948511894
Finished training EB wellspecified, with SURE: 0.31686405798728523
Finished training EB wellspecified, with in-sample MSE: 0.3369924761586515
m: 135
Finished solving NPMLE, with SURE 1.5542291243713797
Finished solving NPMLE, with in-sample MSE 0.3812438597106602
Finished solving parametric estimator, with SURE 0.4075235777498623
Finished solving parametric estimator, with in-sample MSE 0.4181433627110296
Finished solving EBCF, with in-sample MSE 0.4091000346287199
Finished training EB SURE-LS, with SURE: 0.3755738476717002
Finished training EB SURE-LS, with in-sample MSE: 0.3962316384881919
use_scale: True
use_location: False
Finished training EB misspecified with NPMLE init, with SURE: 0.36310882974483444
Finished training EB misspecified with NPMLE init, with in-sample MSE: 0.3809449477235053
Finished training EB misspecified, with SURE: 0.36311388695000524
Finished training EB misspecified, with in-sample MSE: 0.38097146686955163
Finished training EB wellspecified, with SURE: 0.32905313685231435
Finished training EB wellspecified, with in-sample MSE: 0.3991466376617781
m: 136
Finished solving NPMLE, with SURE 1.1532775420167882
Finished solving NPMLE, with in-sample MSE 0.38195148873353785
Finished solving parametric estimator, with SURE 0.39196239528725957
Finished solving parametric estimator, with in-sample MSE 0.4052515705454
Finished solving EBCF, with in-sample MSE 0.3894856424700581
Finished training EB SURE-LS, with SURE: 0.35627712866651823
Finished training EB SURE-LS, with in-sample MSE: 0.37342693841507846
use_scale: True
use_location: False
Finished training EB misspecified with NPMLE init, with SURE: 0.3421483212032156
Finished training EB misspecified with NPMLE init, with in-sample MSE: 0.37192627925356203
Finished training EB misspecified, with SURE: 0.33907255590969115
Finished training EB misspecified, with in-sample MSE: 0.3776811532604533
Finished training EB wellspecified, with SURE: 0.32033557549704256
Finished training EB wellspecified, with in-sample MSE: 0.3666270856315687
m: 137
Finished solving NPMLE, with SURE 1.5355190462859185
Finished solving NPMLE, with in-sample MSE 0.3721491196186139
Finished solving parametric estimator, with SURE 0.3924966493282446
Finished solving parametric estimator, with in-sample MSE 0.39715187468128754
Finished solving EBCF, with in-sample MSE 0.3874000110395414
Finished training EB SURE-LS, with SURE: 0.36512227070047104
Finished training EB SURE-LS, with in-sample MSE: 0.37915827646407535
use_scale: True
use_location: False
Finished training EB misspecified with NPMLE init, with SURE: 0.3357268406249543
Finished training EB misspecified with NPMLE init, with in-sample MSE: 0.3655937985723748
Finished training EB misspecified, with SURE: 0.3357516688957792
Finished training EB misspecified, with in-sample MSE: 0.3655671703320165
Finished training EB wellspecified, with SURE: 0.30778437847093193
Finished training EB wellspecified, with in-sample MSE: 0.36707234758641843
m: 138
Finished solving NPMLE, with SURE 1.4134682176091249
Finished solving NPMLE, with in-sample MSE 0.3909621160616753
Finished solving parametric estimator, with SURE 0.3947918692367019
Finished solving parametric estimator, with in-sample MSE 0.42035348556111557
Finished solving EBCF, with in-sample MSE 0.40156144250185805
Finished training EB SURE-LS, with SURE: 0.3624493815128733
Finished training EB SURE-LS, with in-sample MSE: 0.38641437166716586
use_scale: True
use_location: False
Finished training EB misspecified with NPMLE init, with SURE: 0.34635797661445417
Finished training EB misspecified with NPMLE init, with in-sample MSE: 0.37863212861922035
Finished training EB misspecified, with SURE: 0.34635965810445096
Finished training EB misspecified, with in-sample MSE: 0.3788724908195333
Finished training EB wellspecified, with SURE: 0.30408086424515995
Finished training EB wellspecified, with in-sample MSE: 0.3943652339801631
m: 139
Finished solving NPMLE, with SURE 1.4454415547098087
Finished solving NPMLE, with in-sample MSE 0.38556872108073265
Finished solving parametric estimator, with SURE 0.3937832843071311
Finished solving parametric estimator, with in-sample MSE 0.414223317236634
Finished solving EBCF, with in-sample MSE 0.3921047430949409
Finished training EB SURE-LS, with SURE: 0.3576241207238174
Finished training EB SURE-LS, with in-sample MSE: 0.37890908529156647
use_scale: True
use_location: False
Finished training EB misspecified with NPMLE init, with SURE: 0.3424790699169628
Finished training EB misspecified with NPMLE init, with in-sample MSE: 0.37842323516084764
Finished training EB misspecified, with SURE: 0.33972285952634024
Finished training EB misspecified, with in-sample MSE: 0.3687185230921051
Finished training EB wellspecified, with SURE: 0.31788889249255353
Finished training EB wellspecified, with in-sample MSE: 0.3622172010832416
m: 140
Finished solving NPMLE, with SURE 1.3263305823798128
Finished solving NPMLE, with in-sample MSE 0.3868541707349986
Finished solving parametric estimator, with SURE 0.3914561650196905
Finished solving parametric estimator, with in-sample MSE 0.421041403498089
Finished solving EBCF, with in-sample MSE 0.3928616860003489
Finished training EB SURE-LS, with SURE: 0.36307701499523987
Finished training EB SURE-LS, with in-sample MSE: 0.3807564081603529
use_scale: True
use_location: False
Finished training EB misspecified with NPMLE init, with SURE: 0.348522998349385
Finished training EB misspecified with NPMLE init, with in-sample MSE: 0.36908638741843874
Finished training EB misspecified, with SURE: 0.3474246068997028
Finished training EB misspecified, with in-sample MSE: 0.37424138407569735
Finished training EB wellspecified, with SURE: 0.31255671173343813
Finished training EB wellspecified, with in-sample MSE: 0.36970153417221335
m: 141
Finished solving NPMLE, with SURE 1.5169531703099108
Finished solving NPMLE, with in-sample MSE 0.3701322950745589
Finished solving parametric estimator, with SURE 0.399571797622989
Finished solving parametric estimator, with in-sample MSE 0.40731082373168753
Finished solving EBCF, with in-sample MSE 0.38960591442570036
Finished training EB SURE-LS, with SURE: 0.3707875146141696
Finished training EB SURE-LS, with in-sample MSE: 0.38235379370581435
use_scale: True
use_location: False
Finished training EB misspecified with NPMLE init, with SURE: 0.36112827945394754
Finished training EB misspecified with NPMLE init, with in-sample MSE: 0.36526806327361255
Finished training EB misspecified, with SURE: 0.3611580620382574
Finished training EB misspecified, with in-sample MSE: 0.36514775923143206
Finished training EB wellspecified, with SURE: 0.32767644381796346
Finished training EB wellspecified, with in-sample MSE: 0.3730513905843616
m: 142
Finished solving NPMLE, with SURE 1.2216316264220413
Finished solving NPMLE, with in-sample MSE 0.3767662602438397
Finished solving parametric estimator, with SURE 0.37901103402754444
Finished solving parametric estimator, with in-sample MSE 0.3981947812130167
Finished solving EBCF, with in-sample MSE 0.3816685344998223
Finished training EB SURE-LS, with SURE: 0.34705556147351574
Finished training EB SURE-LS, with in-sample MSE: 0.37008269050889636
use_scale: True
use_location: False
Finished training EB misspecified with NPMLE init, with SURE: 0.3414295217917237
Finished training EB misspecified with NPMLE init, with in-sample MSE: 0.3625929420680534
Finished training EB misspecified, with SURE: 0.34146830010629176
Finished training EB misspecified, with in-sample MSE: 0.36256385406678726
Finished training EB wellspecified, with SURE: 0.3142687186787675
Finished training EB wellspecified, with in-sample MSE: 0.35969596621342054
m: 143
Finished solving NPMLE, with SURE 1.4293929549965825
Finished solving NPMLE, with in-sample MSE 0.3685436735414092
Finished solving parametric estimator, with SURE 0.4209454228941465
Finished solving parametric estimator, with in-sample MSE 0.41403384280274197
Finished solving EBCF, with in-sample MSE 0.3969194682389715
Finished training EB SURE-LS, with SURE: 0.3799872251053455
Finished training EB SURE-LS, with in-sample MSE: 0.37831528930654573
use_scale: True
use_location: False
Finished training EB misspecified with NPMLE init, with SURE: 0.36813827714680647
Finished training EB misspecified with NPMLE init, with in-sample MSE: 0.36308571951385304
Finished training EB misspecified, with SURE: 0.36816600339049266
Finished training EB misspecified, with in-sample MSE: 0.3631251581752468
Finished training EB wellspecified, with SURE: 0.34093322766956113
Finished training EB wellspecified, with in-sample MSE: 0.3555062052093788
m: 144
Finished solving NPMLE, with SURE 1.4961847750058967
Finished solving NPMLE, with in-sample MSE 0.3795771959187917
Finished solving parametric estimator, with SURE 0.40176020541509955
Finished solving parametric estimator, with in-sample MSE 0.4059167611509653
Finished solving EBCF, with in-sample MSE 0.39155796357015954
Finished training EB SURE-LS, with SURE: 0.37329540227383107
Finished training EB SURE-LS, with in-sample MSE: 0.37943672147046326
use_scale: True
use_location: False
Finished training EB misspecified with NPMLE init, with SURE: 0.34485913754843106
Finished training EB misspecified with NPMLE init, with in-sample MSE: 0.36728159106452646
Finished training EB misspecified, with SURE: 0.34485285851995534
Finished training EB misspecified, with in-sample MSE: 0.36733886616254596
Finished training EB wellspecified, with SURE: 0.3449520811722819
Finished training EB wellspecified, with in-sample MSE: 0.36729284900904974
m: 145
Finished solving NPMLE, with SURE 1.3010990676450758
Finished solving NPMLE, with in-sample MSE 0.3602659233068532
Finished solving parametric estimator, with SURE 0.39323726701382783
Finished solving parametric estimator, with in-sample MSE 0.3820049073669186
Finished solving EBCF, with in-sample MSE 0.36170649020349244
Finished training EB SURE-LS, with SURE: 0.36188121138051144
Finished training EB SURE-LS, with in-sample MSE: 0.35247243163511366
use_scale: True
use_location: False
Finished training EB misspecified with NPMLE init, with SURE: 0.33486866642157537
Finished training EB misspecified with NPMLE init, with in-sample MSE: 0.3487547861932342
Finished training EB misspecified, with SURE: 0.33490110876031126
Finished training EB misspecified, with in-sample MSE: 0.3487565247561315
Finished training EB wellspecified, with SURE: 0.3138615928007483
Finished training EB wellspecified, with in-sample MSE: 0.36302716063916873
m: 146
Finished solving NPMLE, with SURE 1.584549527243485
Finished solving NPMLE, with in-sample MSE 0.3619155274193676
Finished solving parametric estimator, with SURE 0.3964539075917298
Finished solving parametric estimator, with in-sample MSE 0.37861064585394716
Finished solving EBCF, with in-sample MSE 0.3647648299305861
Finished training EB SURE-LS, with SURE: 0.3707496811785944
Finished training EB SURE-LS, with in-sample MSE: 0.3502172856231712
use_scale: True
use_location: False
Finished training EB misspecified with NPMLE init, with SURE: 0.3380659601161562
Finished training EB misspecified with NPMLE init, with in-sample MSE: 0.3458368456555068
Finished training EB misspecified, with SURE: 0.33729047521448313
Finished training EB misspecified, with in-sample MSE: 0.34787937438861144
Finished training EB wellspecified, with SURE: 0.31909078318320033
Finished training EB wellspecified, with in-sample MSE: 0.3382227492845399
m: 147
Finished solving NPMLE, with SURE 1.2606274969780227
Finished solving NPMLE, with in-sample MSE 0.3521657373810046
Finished solving parametric estimator, with SURE 0.40069636170319256
Finished solving parametric estimator, with in-sample MSE 0.38270360956575333
Finished solving EBCF, with in-sample MSE 0.36280017133704134
Finished training EB SURE-LS, with SURE: 0.369741542191165
Finished training EB SURE-LS, with in-sample MSE: 0.349265493487748
use_scale: True
use_location: False
Finished training EB misspecified with NPMLE init, with SURE: 0.34746266147437527
Finished training EB misspecified with NPMLE init, with in-sample MSE: 0.3346412106420536
Finished training EB misspecified, with SURE: 0.3474546528473508
Finished training EB misspecified, with in-sample MSE: 0.3345986074575555
Finished training EB wellspecified, with SURE: 0.310900229805284
Finished training EB wellspecified, with in-sample MSE: 0.34273162374407234
m: 148
Finished solving NPMLE, with SURE 1.2849974142949718
Finished solving NPMLE, with in-sample MSE 0.3600984472224384
Finished solving parametric estimator, with SURE 0.39993984328699184
Finished solving parametric estimator, with in-sample MSE 0.39289044322787037
Finished solving EBCF, with in-sample MSE 0.37344720679210774
Finished training EB SURE-LS, with SURE: 0.361312481400572
Finished training EB SURE-LS, with in-sample MSE: 0.3573415506993416
use_scale: True
use_location: False
Finished training EB misspecified with NPMLE init, with SURE: 0.35981568273138065
Finished training EB misspecified with NPMLE init, with in-sample MSE: 0.36764421415963666
Finished training EB misspecified, with SURE: 0.3598437641604562
Finished training EB misspecified, with in-sample MSE: 0.3676968382542145
Finished training EB wellspecified, with SURE: 0.3071753774751938
Finished training EB wellspecified, with in-sample MSE: 0.36654302816302686
m: 149
Finished solving NPMLE, with SURE 1.3875410270523334
Finished solving NPMLE, with in-sample MSE 0.3627322931147479
Finished solving parametric estimator, with SURE 0.40933154894325746
Finished solving parametric estimator, with in-sample MSE 0.3958626845665332
Finished solving EBCF, with in-sample MSE 0.37240351312635134
Finished training EB SURE-LS, with SURE: 0.3708143951852121
Finished training EB SURE-LS, with in-sample MSE: 0.35738646875188324
use_scale: True
use_location: False
Finished training EB misspecified with NPMLE init, with SURE: 0.3507593112668744
Finished training EB misspecified with NPMLE init, with in-sample MSE: 0.3502511108474596
Finished training EB misspecified, with SURE: 0.35074006046051226
Finished training EB misspecified, with in-sample MSE: 0.35031148766857767
Finished training EB wellspecified, with SURE: 0.3350756963772754
Finished training EB wellspecified, with in-sample MSE: 0.33283453025793663

n: 3200
m: 100
Finished solving NPMLE, with SURE 1.4301102615698955
Finished solving NPMLE, with in-sample MSE 0.3628895636379204
Finished solving parametric estimator, with SURE 0.3884541117748633
Finished solving parametric estimator, with in-sample MSE 0.39637790288014535
Finished solving EBCF, with in-sample MSE 0.37633371153332107
Finished training EB SURE-LS, with SURE: 0.35735797484896276
Finished training EB SURE-LS, with in-sample MSE: 0.3657632101339313
use_scale: True
use_location: False
Finished training EB misspecified with NPMLE init, with SURE: 0.34543991986689593
Finished training EB misspecified with NPMLE init, with in-sample MSE: 0.3483130715307889
Finished training EB misspecified, with SURE: 0.3425524710937779
Finished training EB misspecified, with in-sample MSE: 0.3530518107873886
Finished training EB wellspecified, with SURE: 0.3200353280350581
Finished training EB wellspecified, with in-sample MSE: 0.34784052742577026
m: 101
Finished solving NPMLE, with SURE 1.46017852283729
Finished solving NPMLE, with in-sample MSE 0.38677147041122006
Finished solving parametric estimator, with SURE 0.39660829328714353
Finished solving parametric estimator, with in-sample MSE 0.41594358676806176
Finished solving EBCF, with in-sample MSE 0.39070243179696595
Finished training EB SURE-LS, with SURE: 0.36602083731889345
Finished training EB SURE-LS, with in-sample MSE: 0.38234773635825975
use_scale: True
use_location: False
Finished training EB misspecified with NPMLE init, with SURE: 0.35859183323930155
Finished training EB misspecified with NPMLE init, with in-sample MSE: 0.3695720168321027
Finished training EB misspecified, with SURE: 0.3586201742557917
Finished training EB misspecified, with in-sample MSE: 0.3695365758253248
Finished training EB wellspecified, with SURE: 0.3377151432018608
Finished training EB wellspecified, with in-sample MSE: 0.3586407047449825
m: 102
Finished solving NPMLE, with SURE 1.4861131519741608
Finished solving NPMLE, with in-sample MSE 0.3595495497589796
Finished solving parametric estimator, with SURE 0.40215365335354625
Finished solving parametric estimator, with in-sample MSE 0.39743377013746384
Finished solving EBCF, with in-sample MSE 0.3826800487913509
Finished training EB SURE-LS, with SURE: 0.3677409904557227
Finished training EB SURE-LS, with in-sample MSE: 0.36416163749760033
use_scale: True
use_location: False
Finished training EB misspecified with NPMLE init, with SURE: 0.35358712040493184
Finished training EB misspecified with NPMLE init, with in-sample MSE: 0.346313182889872
Finished training EB misspecified, with SURE: 0.353575651973617
Finished training EB misspecified, with in-sample MSE: 0.3462084850675848
Finished training EB wellspecified, with SURE: 0.3358224073694528
Finished training EB wellspecified, with in-sample MSE: 0.3354478499400234
m: 103
Finished solving NPMLE, with SURE 1.4603013768228092
Finished solving NPMLE, with in-sample MSE 0.34632367999059804
Finished solving parametric estimator, with SURE 0.39835731474905306
Finished solving parametric estimator, with in-sample MSE 0.37644013908650636
Finished solving EBCF, with in-sample MSE 0.35751333352589165
Finished training EB SURE-LS, with SURE: 0.36811431670503725
Finished training EB SURE-LS, with in-sample MSE: 0.346198705667268
use_scale: True
use_location: False
Finished training EB misspecified with NPMLE init, with SURE: 0.3509567833271669
Finished training EB misspecified with NPMLE init, with in-sample MSE: 0.335442102555063
Finished training EB misspecified, with SURE: 0.34859727409775404
Finished training EB misspecified, with in-sample MSE: 0.34072713156580414
Finished training EB wellspecified, with SURE: 0.33812003634251897
Finished training EB wellspecified, with in-sample MSE: 0.3264489492160749
m: 104
Finished solving NPMLE, with SURE 1.5555201602400326
Finished solving NPMLE, with in-sample MSE 0.3902481838930718
Finished solving parametric estimator, with SURE 0.40428519687014236
Finished solving parametric estimator, with in-sample MSE 0.4134219251754752
Finished solving EBCF, with in-sample MSE 0.394639511010243
Finished training EB SURE-LS, with SURE: 0.371338912884136
Finished training EB SURE-LS, with in-sample MSE: 0.3813451326245337
use_scale: True
use_location: False
Finished training EB misspecified with NPMLE init, with SURE: 0.34882230374459894
Finished training EB misspecified with NPMLE init, with in-sample MSE: 0.37934566810792375
Finished training EB misspecified, with SURE: 0.348857832177886
Finished training EB misspecified, with in-sample MSE: 0.37919534412667566
Finished training EB wellspecified, with SURE: 0.32971696185626487
Finished training EB wellspecified, with in-sample MSE: 0.3732823625040487
m: 105
Finished solving NPMLE, with SURE 1.4286331382277078
Finished solving NPMLE, with in-sample MSE 0.3810715334322258
Finished solving parametric estimator, with SURE 0.3948618721701065
Finished solving parametric estimator, with in-sample MSE 0.409723899439465
Finished solving EBCF, with in-sample MSE 0.3897530769473574
Finished training EB SURE-LS, with SURE: 0.36230716714954075
Finished training EB SURE-LS, with in-sample MSE: 0.37647426939747886
use_scale: True
use_location: False
Finished training EB misspecified with NPMLE init, with SURE: 0.3410008467940777
Finished training EB misspecified with NPMLE init, with in-sample MSE: 0.36883577194506045
Finished training EB misspecified, with SURE: 0.3406982845803486
Finished training EB misspecified, with in-sample MSE: 0.3708199740091294
Finished training EB wellspecified, with SURE: 0.31644446632113854
Finished training EB wellspecified, with in-sample MSE: 0.3611393705796671
m: 106
Finished solving NPMLE, with SURE 1.5557522686309864
Finished solving NPMLE, with in-sample MSE 0.3708220045819747
Finished solving parametric estimator, with SURE 0.3982998529410856
Finished solving parametric estimator, with in-sample MSE 0.4044486303943255
Finished solving EBCF, with in-sample MSE 0.38272165585869866
Finished training EB SURE-LS, with SURE: 0.36716235906147743
Finished training EB SURE-LS, with in-sample MSE: 0.3718514585212306
use_scale: True
use_location: False
Finished training EB misspecified with NPMLE init, with SURE: 0.3590311569416842
Finished training EB misspecified with NPMLE init, with in-sample MSE: 0.35534989498703806
Finished training EB misspecified, with SURE: 0.3584926573190536
Finished training EB misspecified, with in-sample MSE: 0.3563068872485891
Finished training EB wellspecified, with SURE: 0.33884592726257934
Finished training EB wellspecified, with in-sample MSE: 0.3463789335662358
m: 107
Finished solving NPMLE, with SURE 1.3696140373804742
Finished solving NPMLE, with in-sample MSE 0.36124217069471415
Finished solving parametric estimator, with SURE 0.40346832119550785
Finished solving parametric estimator, with in-sample MSE 0.3916871174902137
Finished solving EBCF, with in-sample MSE 0.37301065117605225
Finished training EB SURE-LS, with SURE: 0.36604383854994654
Finished training EB SURE-LS, with in-sample MSE: 0.35920805259477073
use_scale: True
use_location: False
Finished training EB misspecified with NPMLE init, with SURE: 0.34831523652550805
Finished training EB misspecified with NPMLE init, with in-sample MSE: 0.35294970451905017
Finished training EB misspecified, with SURE: 0.34830001179636094
Finished training EB misspecified, with in-sample MSE: 0.35299497074657926
Finished training EB wellspecified, with SURE: 0.3298043009903004
Finished training EB wellspecified, with in-sample MSE: 0.3347211820308755
m: 108
Finished solving NPMLE, with SURE 1.3751495574483477
Finished solving NPMLE, with in-sample MSE 0.3568756484947253
Finished solving parametric estimator, with SURE 0.3976375138254642
Finished solving parametric estimator, with in-sample MSE 0.3916680106347155
Finished solving EBCF, with in-sample MSE 0.3778172857940884
Finished training EB SURE-LS, with SURE: 0.3629806980695399
Finished training EB SURE-LS, with in-sample MSE: 0.36441631481236525
use_scale: True
use_location: False
Finished training EB misspecified with NPMLE init, with SURE: 0.34753016314279017
Finished training EB misspecified with NPMLE init, with in-sample MSE: 0.349779657065919
Finished training EB misspecified, with SURE: 0.34755656065306645
Finished training EB misspecified, with in-sample MSE: 0.349750614862269
Finished training EB wellspecified, with SURE: 0.32671287366662216
Finished training EB wellspecified, with in-sample MSE: 0.3411822307694641
m: 109
Finished solving NPMLE, with SURE 1.4882479495136005
Finished solving NPMLE, with in-sample MSE 0.36876481210407713
Finished solving parametric estimator, with SURE 0.40471523869068615
Finished solving parametric estimator, with in-sample MSE 0.398703417001426
Finished solving EBCF, with in-sample MSE 0.37583557073046947
Finished training EB SURE-LS, with SURE: 0.3752329346498511
Finished training EB SURE-LS, with in-sample MSE: 0.3605071513854054
use_scale: True
use_location: False
Finished training EB misspecified with NPMLE init, with SURE: 0.3555806865642008
Finished training EB misspecified with NPMLE init, with in-sample MSE: 0.3530004202800929
Finished training EB misspecified, with SURE: 0.3555916706599226
Finished training EB misspecified, with in-sample MSE: 0.3530860613797038
Finished training EB wellspecified, with SURE: 0.33174397994605465
Finished training EB wellspecified, with in-sample MSE: 0.3462622530961131
m: 110
Finished solving NPMLE, with SURE 1.554910996183562
Finished solving NPMLE, with in-sample MSE 0.37233601872128447
Finished solving parametric estimator, with SURE 0.4028151143923824
Finished solving parametric estimator, with in-sample MSE 0.3978640166934144
Finished solving EBCF, with in-sample MSE 0.37653016920563187
Finished training EB SURE-LS, with SURE: 0.36640700710573
Finished training EB SURE-LS, with in-sample MSE: 0.36213454317928373
use_scale: True
use_location: False
Finished training EB misspecified with NPMLE init, with SURE: 0.3543999424309321
Finished training EB misspecified with NPMLE init, with in-sample MSE: 0.35608020022915204
Finished training EB misspecified, with SURE: 0.3544274729801511
Finished training EB misspecified, with in-sample MSE: 0.3560833733095686
Finished training EB wellspecified, with SURE: 0.33355851329941844
Finished training EB wellspecified, with in-sample MSE: 0.3477620871895931
m: 111
Finished solving NPMLE, with SURE 1.6493206350752112
Finished solving NPMLE, with in-sample MSE 0.4083637817421807
Finished solving parametric estimator, with SURE 0.40145206280403295
Finished solving parametric estimator, with in-sample MSE 0.4375830799823752
Finished solving EBCF, with in-sample MSE 0.41189786405198553
Finished training EB SURE-LS, with SURE: 0.37089073262139466
Finished training EB SURE-LS, with in-sample MSE: 0.4016804571280329
use_scale: True
use_location: False
Finished training EB misspecified with NPMLE init, with SURE: 0.348645460115737
Finished training EB misspecified with NPMLE init, with in-sample MSE: 0.3910881655944508
Finished training EB misspecified, with SURE: 0.3486633581784805
Finished training EB misspecified, with in-sample MSE: 0.39111884243296446
Finished training EB wellspecified, with SURE: 0.33254546801535895
Finished training EB wellspecified, with in-sample MSE: 0.3721769147641398
m: 112
Finished solving NPMLE, with SURE 1.5025999951214524
Finished solving NPMLE, with in-sample MSE 0.37882002697771744
Finished solving parametric estimator, with SURE 0.3972172058123167
Finished solving parametric estimator, with in-sample MSE 0.40917560960838906
Finished solving EBCF, with in-sample MSE 0.3882904266670826
Finished training EB SURE-LS, with SURE: 0.3607018926979623
Finished training EB SURE-LS, with in-sample MSE: 0.3706699069283057
use_scale: True
use_location: False
Finished training EB misspecified with NPMLE init, with SURE: 0.3467350824219291
Finished training EB misspecified with NPMLE init, with in-sample MSE: 0.36530316107409755
Finished training EB misspecified, with SURE: 0.34679837465851393
Finished training EB misspecified, with in-sample MSE: 0.3654278066926901
Finished training EB wellspecified, with SURE: 0.33054644246512355
Finished training EB wellspecified, with in-sample MSE: 0.3511788489812517
m: 113
Finished solving NPMLE, with SURE 1.658236525341921
Finished solving NPMLE, with in-sample MSE 0.38899092410936026
Finished solving parametric estimator, with SURE 0.4050483041465661
Finished solving parametric estimator, with in-sample MSE 0.41980959201400003
Finished solving EBCF, with in-sample MSE 0.39975847953901233
Finished training EB SURE-LS, with SURE: 0.3681486377933675
Finished training EB SURE-LS, with in-sample MSE: 0.38525461689022455
use_scale: True
use_location: False
Finished training EB misspecified with NPMLE init, with SURE: 0.33387983312294867
Finished training EB misspecified with NPMLE init, with in-sample MSE: 0.38608031408509275
Finished training EB misspecified, with SURE: 0.3338119103775708
Finished training EB misspecified, with in-sample MSE: 0.3861810541491135
Finished training EB wellspecified, with SURE: 0.3161625411923247
Finished training EB wellspecified, with in-sample MSE: 0.37392139579835715
m: 114
Finished solving NPMLE, with SURE 1.731529820944706
Finished solving NPMLE, with in-sample MSE 0.3713205641862906
Finished solving parametric estimator, with SURE 0.402328168596197
Finished solving parametric estimator, with in-sample MSE 0.3957581451320409
Finished solving EBCF, with in-sample MSE 0.37825711055952616
Finished training EB SURE-LS, with SURE: 0.36985994818064216
Finished training EB SURE-LS, with in-sample MSE: 0.37036116323925666
use_scale: True
use_location: False
Finished training EB misspecified with NPMLE init, with SURE: 0.35232342915278464
Finished training EB misspecified with NPMLE init, with in-sample MSE: 0.36293077794506845
Finished training EB misspecified, with SURE: 0.3523313768081313
Finished training EB misspecified, with in-sample MSE: 0.3626806883924029
Finished training EB wellspecified, with SURE: 0.33347452623164187
Finished training EB wellspecified, with in-sample MSE: 0.3509628915450558
m: 115
Finished solving NPMLE, with SURE 1.2830798751499506
Finished solving NPMLE, with in-sample MSE 0.3912756169292864
Finished solving parametric estimator, with SURE 0.4100713047128051
Finished solving parametric estimator, with in-sample MSE 0.4196307188129032
Finished solving EBCF, with in-sample MSE 0.4036298855628825
Finished training EB SURE-LS, with SURE: 0.3699502747393333
Finished training EB SURE-LS, with in-sample MSE: 0.38709750194386067
use_scale: True
use_location: False
Finished training EB misspecified with NPMLE init, with SURE: 0.36430823045278343
Finished training EB misspecified with NPMLE init, with in-sample MSE: 0.37959450503663
Finished training EB misspecified, with SURE: 0.36435825017657847
Finished training EB misspecified, with in-sample MSE: 0.37957449633921914
Finished training EB wellspecified, with SURE: 0.320700132311726
Finished training EB wellspecified, with in-sample MSE: 0.3820649827517403
m: 116
Finished solving NPMLE, with SURE 1.5567767335448568
Finished solving NPMLE, with in-sample MSE 0.3840177796638459
Finished solving parametric estimator, with SURE 0.39289789050993995
Finished solving parametric estimator, with in-sample MSE 0.4045227530849654
Finished solving EBCF, with in-sample MSE 0.3845987659499223
Finished training EB SURE-LS, with SURE: 0.36578419498442755
Finished training EB SURE-LS, with in-sample MSE: 0.3739270587900275
use_scale: True
use_location: False
Finished training EB misspecified with NPMLE init, with SURE: 0.33764035644612334
Finished training EB misspecified with NPMLE init, with in-sample MSE: 0.3693884753988443
Finished training EB misspecified, with SURE: 0.3374308771280285
Finished training EB misspecified, with in-sample MSE: 0.368779432230683
Finished training EB wellspecified, with SURE: 0.3231049141027984
Finished training EB wellspecified, with in-sample MSE: 0.3568974521517518
m: 117
Finished solving NPMLE, with SURE 1.280896498112184
Finished solving NPMLE, with in-sample MSE 0.3825533007670824
Finished solving parametric estimator, with SURE 0.4002646392583231
Finished solving parametric estimator, with in-sample MSE 0.4083718823400156
Finished solving EBCF, with in-sample MSE 0.3879364892658125
Finished training EB SURE-LS, with SURE: 0.37367105658387245
Finished training EB SURE-LS, with in-sample MSE: 0.3780976088377953
use_scale: True
use_location: False
Finished training EB misspecified with NPMLE init, with SURE: 0.3461593584144332
Finished training EB misspecified with NPMLE init, with in-sample MSE: 0.3679893485846181
Finished training EB misspecified, with SURE: 0.3461884149799029
Finished training EB misspecified, with in-sample MSE: 0.36801733861347324
Finished training EB wellspecified, with SURE: 0.3463524798706028
Finished training EB wellspecified, with in-sample MSE: 0.3680636868417848
m: 118
Finished solving NPMLE, with SURE 1.5397630393731288
Finished solving NPMLE, with in-sample MSE 0.3722255773633772
Finished solving parametric estimator, with SURE 0.3983556228228665
Finished solving parametric estimator, with in-sample MSE 0.4158734396360929
Finished solving EBCF, with in-sample MSE 0.3909503346584012
Finished training EB SURE-LS, with SURE: 0.363546460858604
Finished training EB SURE-LS, with in-sample MSE: 0.37762600764338605
use_scale: True
use_location: False
Finished training EB misspecified with NPMLE init, with SURE: 0.35402307296224933
Finished training EB misspecified with NPMLE init, with in-sample MSE: 0.36490781526080973
Finished training EB misspecified, with SURE: 0.35404809426485756
Finished training EB misspecified, with in-sample MSE: 0.3649003901555236
Finished training EB wellspecified, with SURE: 0.3230373350032706
Finished training EB wellspecified, with in-sample MSE: 0.363839582286253
m: 119
Finished solving NPMLE, with SURE 1.494885715810023
Finished solving NPMLE, with in-sample MSE 0.3623881232357703
Finished solving parametric estimator, with SURE 0.3880651683578068
Finished solving parametric estimator, with in-sample MSE 0.39247170158659167
Finished solving EBCF, with in-sample MSE 0.37383118545589955
Finished training EB SURE-LS, with SURE: 0.3585405031645887
Finished training EB SURE-LS, with in-sample MSE: 0.3608471906208505
use_scale: True
use_location: False
Finished training EB misspecified with NPMLE init, with SURE: 0.3494876413359512
Finished training EB misspecified with NPMLE init, with in-sample MSE: 0.3537033057081208
Finished training EB misspecified, with SURE: 0.34943019121685426
Finished training EB misspecified, with in-sample MSE: 0.35391424346669603
Finished training EB wellspecified, with SURE: 0.3326576773566818
Finished training EB wellspecified, with in-sample MSE: 0.33798389433000403
m: 120
Finished solving NPMLE, with SURE 1.3902808813273473
Finished solving NPMLE, with in-sample MSE 0.37345117393196864
Finished solving parametric estimator, with SURE 0.3862163820396719
Finished solving parametric estimator, with in-sample MSE 0.39750596028209506
Finished solving EBCF, with in-sample MSE 0.3725901940323989
Finished training EB SURE-LS, with SURE: 0.35565889268181666
Finished training EB SURE-LS, with in-sample MSE: 0.3630693569075756
use_scale: True
use_location: False
Finished training EB misspecified with NPMLE init, with SURE: 0.3343793027858527
Finished training EB misspecified with NPMLE init, with in-sample MSE: 0.3572527219007335
Finished training EB misspecified, with SURE: 0.3332207655654551
Finished training EB misspecified, with in-sample MSE: 0.3591014404341088
Finished training EB wellspecified, with SURE: 0.300228223556959
Finished training EB wellspecified, with in-sample MSE: 0.35310334770248064
m: 121
Finished solving NPMLE, with SURE 1.4338360065867481
Finished solving NPMLE, with in-sample MSE 0.3782261657724221
Finished solving parametric estimator, with SURE 0.40570109851051495
Finished solving parametric estimator, with in-sample MSE 0.40499940552012453
Finished solving EBCF, with in-sample MSE 0.37983344214854603
Finished training EB SURE-LS, with SURE: 0.3654157018382875
Finished training EB SURE-LS, with in-sample MSE: 0.3698633033745603
use_scale: True
use_location: False
Finished training EB misspecified with NPMLE init, with SURE: 0.3621801711974616
Finished training EB misspecified with NPMLE init, with in-sample MSE: 0.3580415869189561
Finished training EB misspecified, with SURE: 0.3621498601583034
Finished training EB misspecified, with in-sample MSE: 0.3580322420858355
Finished training EB wellspecified, with SURE: 0.327494827102759
Finished training EB wellspecified, with in-sample MSE: 0.3624520801937263
m: 122
Finished solving NPMLE, with SURE 1.4248513292147829
Finished solving NPMLE, with in-sample MSE 0.3622461198305754
Finished solving parametric estimator, with SURE 0.39076540494760337
Finished solving parametric estimator, with in-sample MSE 0.3906094598663501
Finished solving EBCF, with in-sample MSE 0.37269603113624594
Finished training EB SURE-LS, with SURE: 0.3633868611225071
Finished training EB SURE-LS, with in-sample MSE: 0.3629206071744614
use_scale: True
use_location: False
Finished training EB misspecified with NPMLE init, with SURE: 0.34601080240831944
Finished training EB misspecified with NPMLE init, with in-sample MSE: 0.34714611635080134
Finished training EB misspecified, with SURE: 0.34603164191197644
Finished training EB misspecified, with in-sample MSE: 0.3471604919621263
Finished training EB wellspecified, with SURE: 0.3269891245917721
Finished training EB wellspecified, with in-sample MSE: 0.3377309161356863
m: 123
Finished solving NPMLE, with SURE 1.3897462849289637
Finished solving NPMLE, with in-sample MSE 0.3696287799653384
Finished solving parametric estimator, with SURE 0.3971480131783958
Finished solving parametric estimator, with in-sample MSE 0.39294894759603494
Finished solving EBCF, with in-sample MSE 0.36968963433389274
Finished training EB SURE-LS, with SURE: 0.3648894079755688
Finished training EB SURE-LS, with in-sample MSE: 0.35987190123834645
use_scale: True
use_location: False
Finished training EB misspecified with NPMLE init, with SURE: 0.3489745422356635
Finished training EB misspecified with NPMLE init, with in-sample MSE: 0.3546878412108219
Finished training EB misspecified, with SURE: 0.34899563373608977
Finished training EB misspecified, with in-sample MSE: 0.35467220196317123
Finished training EB wellspecified, with SURE: 0.3303992044594516
Finished training EB wellspecified, with in-sample MSE: 0.33999502844487856
m: 124
Finished solving NPMLE, with SURE 1.375714489735658
Finished solving NPMLE, with in-sample MSE 0.38129878302624476
Finished solving parametric estimator, with SURE 0.4027089901676176
Finished solving parametric estimator, with in-sample MSE 0.40483227040761816
Finished solving EBCF, with in-sample MSE 0.38389114120660367
Finished training EB SURE-LS, with SURE: 0.3683229943146954
Finished training EB SURE-LS, with in-sample MSE: 0.3761673561702756
use_scale: True
use_location: False
Finished training EB misspecified with NPMLE init, with SURE: 0.35219614058618404
Finished training EB misspecified with NPMLE init, with in-sample MSE: 0.36964187930997516
Finished training EB misspecified, with SURE: 0.3522007707802361
Finished training EB misspecified, with in-sample MSE: 0.36962268356712746
Finished training EB wellspecified, with SURE: 0.3310658695278579
Finished training EB wellspecified, with in-sample MSE: 0.3551747459812206
m: 125
Finished solving NPMLE, with SURE 1.6324190409968293
Finished solving NPMLE, with in-sample MSE 0.37507410724287005
Finished solving parametric estimator, with SURE 0.39591218819266893
Finished solving parametric estimator, with in-sample MSE 0.40290686378601526
Finished solving EBCF, with in-sample MSE 0.37715024447705464
Finished training EB SURE-LS, with SURE: 0.3629403418974678
Finished training EB SURE-LS, with in-sample MSE: 0.3677493776136164
use_scale: True
use_location: False
Finished training EB misspecified with NPMLE init, with SURE: 0.34169737263053
Finished training EB misspecified with NPMLE init, with in-sample MSE: 0.36125248557889117
Finished training EB misspecified, with SURE: 0.34171848528994553
Finished training EB misspecified, with in-sample MSE: 0.36127158171564716
Finished training EB wellspecified, with SURE: 0.31288494008358114
Finished training EB wellspecified, with in-sample MSE: 0.3536463780479193
m: 126
Finished solving NPMLE, with SURE 1.441589288425839
Finished solving NPMLE, with in-sample MSE 0.3602160023512234
Finished solving parametric estimator, with SURE 0.41166763943796053
Finished solving parametric estimator, with in-sample MSE 0.39704227296070654
Finished solving EBCF, with in-sample MSE 0.3779628854021849
Finished training EB SURE-LS, with SURE: 0.37728023942952627
Finished training EB SURE-LS, with in-sample MSE: 0.3641620953518913
use_scale: True
use_location: False
Finished training EB misspecified with NPMLE init, with SURE: 0.3518757175849431
Finished training EB misspecified with NPMLE init, with in-sample MSE: 0.34702248624667886
Finished training EB misspecified, with SURE: 0.3518580079310078
Finished training EB misspecified, with in-sample MSE: 0.3471261616416744
Finished training EB wellspecified, with SURE: 0.3302148096273604
Finished training EB wellspecified, with in-sample MSE: 0.33761896143443626
m: 127
Finished solving NPMLE, with SURE 1.4734768195769576
Finished solving NPMLE, with in-sample MSE 0.35701402059733434
Finished solving parametric estimator, with SURE 0.41031461016372145
Finished solving parametric estimator, with in-sample MSE 0.39387245178952346
Finished solving EBCF, with in-sample MSE 0.37626239310316917
Finished training EB SURE-LS, with SURE: 0.36946178732043594
Finished training EB SURE-LS, with in-sample MSE: 0.35988990937299725
use_scale: True
use_location: False
Finished training EB misspecified with NPMLE init, with SURE: 0.35526784682945434
Finished training EB misspecified with NPMLE init, with in-sample MSE: 0.34477261439855567
Finished training EB misspecified, with SURE: 0.3550800646730089
Finished training EB misspecified, with in-sample MSE: 0.3444846149138446
Finished training EB wellspecified, with SURE: 0.3333799973920056
Finished training EB wellspecified, with in-sample MSE: 0.3366017546394356
m: 128
Finished solving NPMLE, with SURE 1.4543590146598775
Finished solving NPMLE, with in-sample MSE 0.3967719971268932
Finished solving parametric estimator, with SURE 0.4019853951740755
Finished solving parametric estimator, with in-sample MSE 0.42401323754680553
Finished solving EBCF, with in-sample MSE 0.3992327391576159
Finished training EB SURE-LS, with SURE: 0.3713409283014255
Finished training EB SURE-LS, with in-sample MSE: 0.38674713275081857
use_scale: True
use_location: False
Finished training EB misspecified with NPMLE init, with SURE: 0.35142515467368995
Finished training EB misspecified with NPMLE init, with in-sample MSE: 0.37893180199816934
Finished training EB misspecified, with SURE: 0.3514400588115848
Finished training EB misspecified, with in-sample MSE: 0.37893702743305546
Finished training EB wellspecified, with SURE: 0.33492399648795135
Finished training EB wellspecified, with in-sample MSE: 0.3632394774179326
m: 129
Finished solving NPMLE, with SURE 1.442888354289966
Finished solving NPMLE, with in-sample MSE 0.3712270003032993
Finished solving parametric estimator, with SURE 0.39737329759838447
Finished solving parametric estimator, with in-sample MSE 0.3979365144981523
Finished solving EBCF, with in-sample MSE 0.37763439863627574
Finished training EB SURE-LS, with SURE: 0.3621393584226749
Finished training EB SURE-LS, with in-sample MSE: 0.36500253392992216
use_scale: True
use_location: False
Finished training EB misspecified with NPMLE init, with SURE: 0.35171445663249257
Finished training EB misspecified with NPMLE init, with in-sample MSE: 0.3548136302868021
Finished training EB misspecified, with SURE: 0.3516904288296341
Finished training EB misspecified, with in-sample MSE: 0.35454865989743484
Finished training EB wellspecified, with SURE: 0.3279503226108748
Finished training EB wellspecified, with in-sample MSE: 0.34466978612765375
m: 130
Finished solving NPMLE, with SURE 1.3343965418333588
Finished solving NPMLE, with in-sample MSE 0.3719931847088428
Finished solving parametric estimator, with SURE 0.3942251079061793
Finished solving parametric estimator, with in-sample MSE 0.3967409317695878
Finished solving EBCF, with in-sample MSE 0.3803287220591129
Finished training EB SURE-LS, with SURE: 0.3609344414023699
Finished training EB SURE-LS, with in-sample MSE: 0.35915143410755646
use_scale: True
use_location: False
Finished training EB misspecified with NPMLE init, with SURE: 0.33852045992255114
Finished training EB misspecified with NPMLE init, with in-sample MSE: 0.3588060217911409
Finished training EB misspecified, with SURE: 0.3385486302277924
Finished training EB misspecified, with in-sample MSE: 0.35879907506183706
Finished training EB wellspecified, with SURE: 0.30958433255524404
Finished training EB wellspecified, with in-sample MSE: 0.3499768104233275
m: 131
Finished solving NPMLE, with SURE 1.4148818780278964
Finished solving NPMLE, with in-sample MSE 0.3749372549758534
Finished solving parametric estimator, with SURE 0.3894158302661134
Finished solving parametric estimator, with in-sample MSE 0.39658516461949384
Finished solving EBCF, with in-sample MSE 0.3810648297088626
Finished training EB SURE-LS, with SURE: 0.36373021904036634
Finished training EB SURE-LS, with in-sample MSE: 0.36660746578671227
use_scale: True
use_location: False
Finished training EB misspecified with NPMLE init, with SURE: 0.3435297677135325
Finished training EB misspecified with NPMLE init, with in-sample MSE: 0.36128230771838743
Finished training EB misspecified, with SURE: 0.3435203044337796
Finished training EB misspecified, with in-sample MSE: 0.3610595083196042
Finished training EB wellspecified, with SURE: 0.3100426223471511
Finished training EB wellspecified, with in-sample MSE: 0.3607943534664075
m: 132
Finished solving NPMLE, with SURE 1.6033368316068435
Finished solving NPMLE, with in-sample MSE 0.3834691192751611
Finished solving parametric estimator, with SURE 0.3957549580639764
Finished solving parametric estimator, with in-sample MSE 0.40407160054876606
Finished solving EBCF, with in-sample MSE 0.3910696224205491
Finished training EB SURE-LS, with SURE: 0.3573633069138492
Finished training EB SURE-LS, with in-sample MSE: 0.38219395238074894
use_scale: True
use_location: False
Finished training EB misspecified with NPMLE init, with SURE: 0.3366973517953115
Finished training EB misspecified with NPMLE init, with in-sample MSE: 0.37068254313072885
Finished training EB misspecified, with SURE: 0.33671838710170443
Finished training EB misspecified, with in-sample MSE: 0.37073597101651773
Finished training EB wellspecified, with SURE: 0.31366547788726495
Finished training EB wellspecified, with in-sample MSE: 0.3643506684815048
m: 133
Finished solving NPMLE, with SURE 1.5583101679731066
Finished solving NPMLE, with in-sample MSE 0.3714720622666171
Finished solving parametric estimator, with SURE 0.39303033843889157
Finished solving parametric estimator, with in-sample MSE 0.39159162478345627
Finished solving EBCF, with in-sample MSE 0.37698064063484293
Finished training EB SURE-LS, with SURE: 0.3628560196119012
Finished training EB SURE-LS, with in-sample MSE: 0.3610362314217797
use_scale: True
use_location: False
Finished training EB misspecified with NPMLE init, with SURE: 0.3498384169732817
Finished training EB misspecified with NPMLE init, with in-sample MSE: 0.3584577477628453
Finished training EB misspecified, with SURE: 0.34982789138559495
Finished training EB misspecified, with in-sample MSE: 0.35857610018879277
Finished training EB wellspecified, with SURE: 0.3283176785792602
Finished training EB wellspecified, with in-sample MSE: 0.34446131960400633
m: 134
Finished solving NPMLE, with SURE 1.329740403782362
Finished solving NPMLE, with in-sample MSE 0.3701596264308173
Finished solving parametric estimator, with SURE 0.40216689153104457
Finished solving parametric estimator, with in-sample MSE 0.4078458709991742
Finished solving EBCF, with in-sample MSE 0.38534394219693624
Finished training EB SURE-LS, with SURE: 0.36783579482508516
Finished training EB SURE-LS, with in-sample MSE: 0.37135047574088986
use_scale: True
use_location: False
Finished training EB misspecified with NPMLE init, with SURE: 0.3611255794277997
Finished training EB misspecified with NPMLE init, with in-sample MSE: 0.3620319053385424
Finished training EB misspecified, with SURE: 0.3611488721627421
Finished training EB misspecified, with in-sample MSE: 0.36202317769807124
Finished training EB wellspecified, with SURE: 0.3244915594248197
Finished training EB wellspecified, with in-sample MSE: 0.35340412863018505
m: 135
Finished solving NPMLE, with SURE 1.4419703052718098
Finished solving NPMLE, with in-sample MSE 0.3972006574617929
Finished solving parametric estimator, with SURE 0.39241212331896946
Finished solving parametric estimator, with in-sample MSE 0.41992545489549465
Finished solving EBCF, with in-sample MSE 0.3951709064409479
Finished training EB SURE-LS, with SURE: 0.3667405098495789
Finished training EB SURE-LS, with in-sample MSE: 0.3857988536925386
use_scale: True
use_location: False
Finished training EB misspecified with NPMLE init, with SURE: 0.3477636522816489
Finished training EB misspecified with NPMLE init, with in-sample MSE: 0.38073256610634976
Finished training EB misspecified, with SURE: 0.34547989234743953
Finished training EB misspecified, with in-sample MSE: 0.38867577439810674
Finished training EB wellspecified, with SURE: 0.3217635195112656
Finished training EB wellspecified, with in-sample MSE: 0.3802103798345695
m: 136
Finished solving NPMLE, with SURE 1.562043129968436
Finished solving NPMLE, with in-sample MSE 0.3668472115174313
Finished solving parametric estimator, with SURE 0.4121899181176174
Finished solving parametric estimator, with in-sample MSE 0.39118854315500057
Finished solving EBCF, with in-sample MSE 0.37725627659714583
Finished training EB SURE-LS, with SURE: 0.38182052056952737
Finished training EB SURE-LS, with in-sample MSE: 0.36724720196424115
use_scale: True
use_location: False
Finished training EB misspecified with NPMLE init, with SURE: 0.3479609631377937
Finished training EB misspecified with NPMLE init, with in-sample MSE: 0.35641672466175023
Finished training EB misspecified, with SURE: 0.3479486194837249
Finished training EB misspecified, with in-sample MSE: 0.3564703095213352
Finished training EB wellspecified, with SURE: 0.32863592001423786
Finished training EB wellspecified, with in-sample MSE: 0.34916245172265425
m: 137
Finished solving NPMLE, with SURE 1.3653452984180057
Finished solving NPMLE, with in-sample MSE 0.3615535646058868
Finished solving parametric estimator, with SURE 0.4015951028474404
Finished solving parametric estimator, with in-sample MSE 0.3889263710682192
Finished solving EBCF, with in-sample MSE 0.36609268088834435
Finished training EB SURE-LS, with SURE: 0.36865907629399836
Finished training EB SURE-LS, with in-sample MSE: 0.3519873476465742
use_scale: True
use_location: False
Finished training EB misspecified with NPMLE init, with SURE: 0.3531130956979729
Finished training EB misspecified with NPMLE init, with in-sample MSE: 0.34350236193106004
Finished training EB misspecified, with SURE: 0.3531649330765127
Finished training EB misspecified, with in-sample MSE: 0.3434385644182054
Finished training EB wellspecified, with SURE: 0.32636656002928904
Finished training EB wellspecified, with in-sample MSE: 0.33262201997870877
m: 138
Finished solving NPMLE, with SURE 1.2525660467158433
Finished solving NPMLE, with in-sample MSE 0.3904264426265048
Finished solving parametric estimator, with SURE 0.4071807902497713
Finished solving parametric estimator, with in-sample MSE 0.4148382464096219
Finished solving EBCF, with in-sample MSE 0.3962056553930834
Finished training EB SURE-LS, with SURE: 0.3704220031276038
Finished training EB SURE-LS, with in-sample MSE: 0.38592149381341945
use_scale: True
use_location: False
Finished training EB misspecified with NPMLE init, with SURE: 0.34532989436239425
Finished training EB misspecified with NPMLE init, with in-sample MSE: 0.3874221694771387
Finished training EB misspecified, with SURE: 0.34454322460575404
Finished training EB misspecified, with in-sample MSE: 0.3829970480425503
Finished training EB wellspecified, with SURE: 0.32323312347101196
Finished training EB wellspecified, with in-sample MSE: 0.3707079929877724
m: 139
Finished solving NPMLE, with SURE 1.206608965880056
Finished solving NPMLE, with in-sample MSE 0.3853628516125437
Finished solving parametric estimator, with SURE 0.39804199090451997
Finished solving parametric estimator, with in-sample MSE 0.4160742455420852
Finished solving EBCF, with in-sample MSE 0.38925954955870024
Finished training EB SURE-LS, with SURE: 0.3710878596169208
Finished training EB SURE-LS, with in-sample MSE: 0.3767301717517052
use_scale: True
use_location: False
Finished training EB misspecified with NPMLE init, with SURE: 0.35236215862775927
Finished training EB misspecified with NPMLE init, with in-sample MSE: 0.3669852137615504
Finished training EB misspecified, with SURE: 0.35239726086772455
Finished training EB misspecified, with in-sample MSE: 0.36698940815160214
Finished training EB wellspecified, with SURE: 0.33202628302953413
Finished training EB wellspecified, with in-sample MSE: 0.3595676383033453
m: 140
Finished solving NPMLE, with SURE 1.5788817968030155
Finished solving NPMLE, with in-sample MSE 0.35935159495047064
Finished solving parametric estimator, with SURE 0.3985753879144645
Finished solving parametric estimator, with in-sample MSE 0.3873324494486837
Finished solving EBCF, with in-sample MSE 0.37672149404067073
Finished training EB SURE-LS, with SURE: 0.36543025692850434
Finished training EB SURE-LS, with in-sample MSE: 0.3627093178102958
use_scale: True
use_location: False
Finished training EB misspecified with NPMLE init, with SURE: 0.34315166912267403
Finished training EB misspecified with NPMLE init, with in-sample MSE: 0.35227832576705376
Finished training EB misspecified, with SURE: 0.3447124294433
Finished training EB misspecified, with in-sample MSE: 0.35278732343263924
Finished training EB wellspecified, with SURE: 0.3242774314752077
Finished training EB wellspecified, with in-sample MSE: 0.3355057152680605
m: 141
Finished solving NPMLE, with SURE 1.6206474009484801
Finished solving NPMLE, with in-sample MSE 0.3609141566315463
Finished solving parametric estimator, with SURE 0.393750322680877
Finished solving parametric estimator, with in-sample MSE 0.3862064815792154
Finished solving EBCF, with in-sample MSE 0.3686223988274441
Finished training EB SURE-LS, with SURE: 0.36177114608101507
Finished training EB SURE-LS, with in-sample MSE: 0.35466165043745357
use_scale: True
use_location: False
Finished training EB misspecified with NPMLE init, with SURE: 0.3409417578993382
Finished training EB misspecified with NPMLE init, with in-sample MSE: 0.3481417310386386
Finished training EB misspecified, with SURE: 0.3415722517204909
Finished training EB misspecified, with in-sample MSE: 0.34837632582188405
Finished training EB wellspecified, with SURE: 0.32203578999376464
Finished training EB wellspecified, with in-sample MSE: 0.33934428404046374
m: 142
Finished solving NPMLE, with SURE 1.5470129254932288
Finished solving NPMLE, with in-sample MSE 0.3712108535541268
Finished solving parametric estimator, with SURE 0.4023277515006517
Finished solving parametric estimator, with in-sample MSE 0.3989825500726212
Finished solving EBCF, with in-sample MSE 0.37470923066914585
Finished training EB SURE-LS, with SURE: 0.3685665240185571
Finished training EB SURE-LS, with in-sample MSE: 0.3684559465953592
use_scale: True
use_location: False
Finished training EB misspecified with NPMLE init, with SURE: 0.34951865606186283
Finished training EB misspecified with NPMLE init, with in-sample MSE: 0.3533485910629973
Finished training EB misspecified, with SURE: 0.3495833640142714
Finished training EB misspecified, with in-sample MSE: 0.3533818360937331
Finished training EB wellspecified, with SURE: 0.325706319329782
Finished training EB wellspecified, with in-sample MSE: 0.34834753263016394
m: 143
Finished solving NPMLE, with SURE 1.4343021283128456
Finished solving NPMLE, with in-sample MSE 0.3617438213760497
Finished solving parametric estimator, with SURE 0.4129608827665715
Finished solving parametric estimator, with in-sample MSE 0.4056510107445318
Finished solving EBCF, with in-sample MSE 0.38647207222854635
Finished training EB SURE-LS, with SURE: 0.37678441786193534
Finished training EB SURE-LS, with in-sample MSE: 0.3656241704694786
use_scale: True
use_location: False
Finished training EB misspecified with NPMLE init, with SURE: 0.3472920722235918
Finished training EB misspecified with NPMLE init, with in-sample MSE: 0.35003622645833915
Finished training EB misspecified, with SURE: 0.34729143265315743
Finished training EB misspecified, with in-sample MSE: 0.35019382634647994
Finished training EB wellspecified, with SURE: 0.3265841117886267
Finished training EB wellspecified, with in-sample MSE: 0.33487643943567014
m: 144
Finished solving NPMLE, with SURE 1.5725655435889028
Finished solving NPMLE, with in-sample MSE 0.38256000742326207
Finished solving parametric estimator, with SURE 0.41284807324620076
Finished solving parametric estimator, with in-sample MSE 0.4064340031841015
Finished solving EBCF, with in-sample MSE 0.38652959171146356
Finished training EB SURE-LS, with SURE: 0.3788745421206161
Finished training EB SURE-LS, with in-sample MSE: 0.3758201992487888
use_scale: True
use_location: False
Finished training EB misspecified with NPMLE init, with SURE: 0.35493728770647454
Finished training EB misspecified with NPMLE init, with in-sample MSE: 0.37012879111663316
Finished training EB misspecified, with SURE: 0.3548608454482357
Finished training EB misspecified, with in-sample MSE: 0.37040072835497306
Finished training EB wellspecified, with SURE: 0.33352872298453007
Finished training EB wellspecified, with in-sample MSE: 0.3577877675650816
m: 145
Finished solving NPMLE, with SURE 1.661789187385342
Finished solving NPMLE, with in-sample MSE 0.370606759657653
Finished solving parametric estimator, with SURE 0.3951544432553472
Finished solving parametric estimator, with in-sample MSE 0.39376239759524473
Finished solving EBCF, with in-sample MSE 0.3836642631709119
Finished training EB SURE-LS, with SURE: 0.36187367675748205
Finished training EB SURE-LS, with in-sample MSE: 0.3759936941452113
use_scale: True
use_location: False
Finished training EB misspecified with NPMLE init, with SURE: 0.3407584619170781
Finished training EB misspecified with NPMLE init, with in-sample MSE: 0.36231605185347826
Finished training EB misspecified, with SURE: 0.3408319725566949
Finished training EB misspecified, with in-sample MSE: 0.36331741659727534
Finished training EB wellspecified, with SURE: 0.3275920127656757
Finished training EB wellspecified, with in-sample MSE: 0.3616189411727262
m: 146
Finished solving NPMLE, with SURE 1.4957066654253692
Finished solving NPMLE, with in-sample MSE 0.35222164862016947
Finished solving parametric estimator, with SURE 0.39257139562771504
Finished solving parametric estimator, with in-sample MSE 0.3757013073035251
Finished solving EBCF, with in-sample MSE 0.35779250700341414
Finished training EB SURE-LS, with SURE: 0.36069785501049595
Finished training EB SURE-LS, with in-sample MSE: 0.34774306635822755
use_scale: True
use_location: False
Finished training EB misspecified with NPMLE init, with SURE: 0.33456004797487326
Finished training EB misspecified with NPMLE init, with in-sample MSE: 0.3376735240644897
Finished training EB misspecified, with SURE: 0.3345403427163949
Finished training EB misspecified, with in-sample MSE: 0.33765734802126907
Finished training EB wellspecified, with SURE: 0.31670427576155147
Finished training EB wellspecified, with in-sample MSE: 0.33101284752505805
m: 147
Finished solving NPMLE, with SURE 1.6415982414103787
Finished solving NPMLE, with in-sample MSE 0.3572579515601795
Finished solving parametric estimator, with SURE 0.39979353035327714
Finished solving parametric estimator, with in-sample MSE 0.39339045344291107
Finished solving EBCF, with in-sample MSE 0.38246528755275805
Finished training EB SURE-LS, with SURE: 0.39298323973972316
Finished training EB SURE-LS, with in-sample MSE: 0.3859107917125856
use_scale: True
use_location: False
Finished training EB misspecified with NPMLE init, with SURE: 0.3548950342648675
Finished training EB misspecified with NPMLE init, with in-sample MSE: 0.3460696484791871
Finished training EB misspecified, with SURE: 0.35495216052995887
Finished training EB misspecified, with in-sample MSE: 0.3464940134284856
Finished training EB wellspecified, with SURE: 0.33060876736564565
Finished training EB wellspecified, with in-sample MSE: 0.3428734046055197
m: 148
Finished solving NPMLE, with SURE 1.5467065348346813
Finished solving NPMLE, with in-sample MSE 0.3711879173557253
Finished solving parametric estimator, with SURE 0.39790208420250467
Finished solving parametric estimator, with in-sample MSE 0.40717614308672745
Finished solving EBCF, with in-sample MSE 0.39549169868361284
Finished training EB SURE-LS, with SURE: 0.36615584684482705
Finished training EB SURE-LS, with in-sample MSE: 0.3758936851129448
use_scale: True
use_location: False
Finished training EB misspecified with NPMLE init, with SURE: 0.3506318809219131
Finished training EB misspecified with NPMLE init, with in-sample MSE: 0.36404502221136964
Finished training EB misspecified, with SURE: 0.35061018615225265
Finished training EB misspecified, with in-sample MSE: 0.3639758696296003
Finished training EB wellspecified, with SURE: 0.33246392283208964
Finished training EB wellspecified, with in-sample MSE: 0.35405682736643224
m: 149
Finished solving NPMLE, with SURE 1.7699759564607782
Finished solving NPMLE, with in-sample MSE 0.3703255673333649
Finished solving parametric estimator, with SURE 0.3991019612183398
Finished solving parametric estimator, with in-sample MSE 0.4049887124101377
Finished solving EBCF, with in-sample MSE 0.3842072924662829
Finished training EB SURE-LS, with SURE: 0.3661648321180487
Finished training EB SURE-LS, with in-sample MSE: 0.37345896056659944
use_scale: True
use_location: False
Finished training EB misspecified with NPMLE init, with SURE: 0.3495146055247194
Finished training EB misspecified with NPMLE init, with in-sample MSE: 0.363004244151149
Finished training EB misspecified, with SURE: 0.34957179808062594
Finished training EB misspecified, with in-sample MSE: 0.36330931464990057
Finished training EB wellspecified, with SURE: 0.3206286430679047
Finished training EB wellspecified, with in-sample MSE: 0.34770220876325986

n: 6400
m: 100
Finished solving NPMLE, with SURE 1.7096256391197155
Finished solving NPMLE, with in-sample MSE 0.37345224192704585
Finished solving parametric estimator, with SURE 0.40143735636641104
Finished solving parametric estimator, with in-sample MSE 0.39861185206207955
Finished solving EBCF, with in-sample MSE 0.38388413474233407
Finished training EB SURE-LS, with SURE: 0.36449514049883336
Finished training EB SURE-LS, with in-sample MSE: 0.3695575375486899
use_scale: True
use_location: False
Finished training EB misspecified with NPMLE init, with SURE: 0.34892457873626287
Finished training EB misspecified with NPMLE init, with in-sample MSE: 0.3628795377653148
Finished training EB misspecified, with SURE: 0.3489736169715451
Finished training EB misspecified, with in-sample MSE: 0.36281076694496656
Finished training EB wellspecified, with SURE: 0.32657232257051066
Finished training EB wellspecified, with in-sample MSE: 0.35131567397320823
m: 101
Finished solving NPMLE, with SURE 1.6990476623425297
Finished solving NPMLE, with in-sample MSE 0.3690097856879096
Finished solving parametric estimator, with SURE 0.3970265459018605
Finished solving parametric estimator, with in-sample MSE 0.40091795437627037
Finished solving EBCF, with in-sample MSE 0.3823443333218098
Finished training EB SURE-LS, with SURE: 0.36501444914981107
Finished training EB SURE-LS, with in-sample MSE: 0.3712036379942946
use_scale: True
use_location: False
Finished training EB misspecified with NPMLE init, with SURE: 0.352525316515726
Finished training EB misspecified with NPMLE init, with in-sample MSE: 0.3583695782198257
Finished training EB misspecified, with SURE: 0.35254219974152223
Finished training EB misspecified, with in-sample MSE: 0.35841099158104756
Finished training EB wellspecified, with SURE: 0.3344199760738348
Finished training EB wellspecified, with in-sample MSE: 0.345058308130116
m: 102
Finished solving NPMLE, with SURE 1.634311752324665
Finished solving NPMLE, with in-sample MSE 0.36460606820945024
Finished solving parametric estimator, with SURE 0.4039673830594291
Finished solving parametric estimator, with in-sample MSE 0.3983982693653882
Finished solving EBCF, with in-sample MSE 0.38079755017658995
Finished training EB SURE-LS, with SURE: 0.3699486484470248
Finished training EB SURE-LS, with in-sample MSE: 0.3650899297472371
use_scale: True
use_location: False
Finished training EB misspecified with NPMLE init, with SURE: 0.3609670631202604
Finished training EB misspecified with NPMLE init, with in-sample MSE: 0.3537174231135367
Finished training EB misspecified, with SURE: 0.36091890319779674
Finished training EB misspecified, with in-sample MSE: 0.3532384904898057
Finished training EB wellspecified, with SURE: 0.3424704002186719
Finished training EB wellspecified, with in-sample MSE: 0.33811405762916275
m: 103
Finished solving NPMLE, with SURE 1.3082855322201248
Finished solving NPMLE, with in-sample MSE 0.3689310535848725
Finished solving parametric estimator, with SURE 0.397672015711071
Finished solving parametric estimator, with in-sample MSE 0.39781324057968154
Finished solving EBCF, with in-sample MSE 0.3777957293323898
Finished training EB SURE-LS, with SURE: 0.36597605309851644
Finished training EB SURE-LS, with in-sample MSE: 0.3685376805516206
use_scale: True
use_location: False
Finished training EB misspecified with NPMLE init, with SURE: 0.35994110754434144
Finished training EB misspecified with NPMLE init, with in-sample MSE: 0.3590752860387168
Finished training EB misspecified, with SURE: 0.3600114236968584
Finished training EB misspecified, with in-sample MSE: 0.35941923411669113
Finished training EB wellspecified, with SURE: 0.34015500873363247
Finished training EB wellspecified, with in-sample MSE: 0.34707212523588526
m: 104
Finished solving NPMLE, with SURE 1.606139221224156
Finished solving NPMLE, with in-sample MSE 0.370931736943893
Finished solving parametric estimator, with SURE 0.3999410604153254
Finished solving parametric estimator, with in-sample MSE 0.399971002790985
Finished solving EBCF, with in-sample MSE 0.38022799925236667
Finished training EB SURE-LS, with SURE: 0.365554835543499
Finished training EB SURE-LS, with in-sample MSE: 0.37053486882936826
use_scale: True
use_location: False
Finished training EB misspecified with NPMLE init, with SURE: 0.34618860695316117
Finished training EB misspecified with NPMLE init, with in-sample MSE: 0.3606124679896218
Finished training EB misspecified, with SURE: 0.34605062376384027
Finished training EB misspecified, with in-sample MSE: 0.36097738046246897
Finished training EB wellspecified, with SURE: 0.3300298385569383
Finished training EB wellspecified, with in-sample MSE: 0.3470906532950993
m: 105
Finished solving NPMLE, with SURE 1.4371684506472493
Finished solving NPMLE, with in-sample MSE 0.3549953563951873
Finished solving parametric estimator, with SURE 0.4015444148816354
Finished solving parametric estimator, with in-sample MSE 0.3868590321337114
Finished solving EBCF, with in-sample MSE 0.3704493881067048
Finished training EB SURE-LS, with SURE: 0.36869916963088456
Finished training EB SURE-LS, with in-sample MSE: 0.3574075580403025
use_scale: True
use_location: False
Finished training EB misspecified with NPMLE init, with SURE: 0.3509476747979627
Finished training EB misspecified with NPMLE init, with in-sample MSE: 0.34191423126401044
Finished training EB misspecified, with SURE: 0.34966313925474135
Finished training EB misspecified, with in-sample MSE: 0.34470079624562566
Finished training EB wellspecified, with SURE: 0.33249080767801426
Finished training EB wellspecified, with in-sample MSE: 0.33226380481672557
m: 106
Finished solving NPMLE, with SURE 1.6666865727900568
Finished solving NPMLE, with in-sample MSE 0.3792417751527249
Finished solving parametric estimator, with SURE 0.4060591288851834
Finished solving parametric estimator, with in-sample MSE 0.413432386324472
Finished solving EBCF, with in-sample MSE 0.3914983547750334
Finished training EB SURE-LS, with SURE: 0.37121708173948037
Finished training EB SURE-LS, with in-sample MSE: 0.37684564511076063
use_scale: True
use_location: False
Finished training EB misspecified with NPMLE init, with SURE: 0.35177625015295394
Finished training EB misspecified with NPMLE init, with in-sample MSE: 0.3647706680835572
Finished training EB misspecified, with SURE: 0.3517885356355673
Finished training EB misspecified, with in-sample MSE: 0.3648315264034596
Finished training EB wellspecified, with SURE: 0.33366112406518456
Finished training EB wellspecified, with in-sample MSE: 0.351022477583901
m: 107
Finished solving NPMLE, with SURE 1.3978772736499405
Finished solving NPMLE, with in-sample MSE 0.36729140891960427
Finished solving parametric estimator, with SURE 0.39347545396493727
Finished solving parametric estimator, with in-sample MSE 0.39005548930618766
Finished solving EBCF, with in-sample MSE 0.3686064610836872
Finished training EB SURE-LS, with SURE: 0.36059705827981364
Finished training EB SURE-LS, with in-sample MSE: 0.3576057340870156
use_scale: True
use_location: False
Finished training EB misspecified with NPMLE init, with SURE: 0.3448464678256476
Finished training EB misspecified with NPMLE init, with in-sample MSE: 0.3523296280766526
Finished training EB misspecified, with SURE: 0.34486667963686624
Finished training EB misspecified, with in-sample MSE: 0.352335325893011
Finished training EB wellspecified, with SURE: 0.3269827526677326
Finished training EB wellspecified, with in-sample MSE: 0.3395074024564198
m: 108
Finished solving NPMLE, with SURE 1.483543135649449
Finished solving NPMLE, with in-sample MSE 0.3701775381115809
Finished solving parametric estimator, with SURE 0.4091507809639061
Finished solving parametric estimator, with in-sample MSE 0.39861776509353175
Finished solving EBCF, with in-sample MSE 0.382150275675977
Finished training EB SURE-LS, with SURE: 0.37679667819330076
Finished training EB SURE-LS, with in-sample MSE: 0.3703728980288898
use_scale: True
use_location: False
Finished training EB misspecified with NPMLE init, with SURE: 0.3554801967615983
Finished training EB misspecified with NPMLE init, with in-sample MSE: 0.35719745454268376
Finished training EB misspecified, with SURE: 0.355434316323093
Finished training EB misspecified, with in-sample MSE: 0.35736893889836274
Finished training EB wellspecified, with SURE: 0.33801611124931297
Finished training EB wellspecified, with in-sample MSE: 0.34585923905319066
m: 109
Finished solving NPMLE, with SURE 1.4027687198928687
Finished solving NPMLE, with in-sample MSE 0.3812317011575257
Finished solving parametric estimator, with SURE 0.39495510353892743
Finished solving parametric estimator, with in-sample MSE 0.4084901056158603
Finished solving EBCF, with in-sample MSE 0.38562759801877905
Finished training EB SURE-LS, with SURE: 0.36336383509161124
Finished training EB SURE-LS, with in-sample MSE: 0.3727346778763894
use_scale: True
use_location: False
Finished training EB misspecified with NPMLE init, with SURE: 0.34716366407341254
Finished training EB misspecified with NPMLE init, with in-sample MSE: 0.3641266109560587
Finished training EB misspecified, with SURE: 0.34719800203562257
Finished training EB misspecified, with in-sample MSE: 0.36410500399080914
Finished training EB wellspecified, with SURE: 0.32969430490099316
Finished training EB wellspecified, with in-sample MSE: 0.3484922834733641
m: 110
Finished solving NPMLE, with SURE 1.4661358253958456
Finished solving NPMLE, with in-sample MSE 0.3569798631264034
Finished solving parametric estimator, with SURE 0.4041235577785276
Finished solving parametric estimator, with in-sample MSE 0.3924530242995113
Finished solving EBCF, with in-sample MSE 0.376833517776511
Finished training EB SURE-LS, with SURE: 0.3683597569455991
Finished training EB SURE-LS, with in-sample MSE: 0.36168170135906486
use_scale: True
use_location: False
Finished training EB misspecified with NPMLE init, with SURE: 0.3567924618980668
Finished training EB misspecified with NPMLE init, with in-sample MSE: 0.34396231456255255
Finished training EB misspecified, with SURE: 0.35677556250092735
Finished training EB misspecified, with in-sample MSE: 0.3440412511515767
Finished training EB wellspecified, with SURE: 0.33443466768213187
Finished training EB wellspecified, with in-sample MSE: 0.33478132658393484
m: 111
Finished solving NPMLE, with SURE 1.4433982729858164
Finished solving NPMLE, with in-sample MSE 0.3536912614340696
Finished solving parametric estimator, with SURE 0.39507001289698584
Finished solving parametric estimator, with in-sample MSE 0.38580383084213
Finished solving EBCF, with in-sample MSE 0.3654464460924819
Finished training EB SURE-LS, with SURE: 0.3640178073326075
Finished training EB SURE-LS, with in-sample MSE: 0.35480898775409175
use_scale: True
use_location: False
Finished training EB misspecified with NPMLE init, with SURE: 0.3493378184937507
Finished training EB misspecified with NPMLE init, with in-sample MSE: 0.34024351134436914
Finished training EB misspecified, with SURE: 0.3493748352645892
Finished training EB misspecified, with in-sample MSE: 0.34025424211719335
Finished training EB wellspecified, with SURE: 0.3355837725824054
Finished training EB wellspecified, with in-sample MSE: 0.3233896932178876
m: 112
Finished solving NPMLE, with SURE 1.549160284651466
Finished solving NPMLE, with in-sample MSE 0.36094111108109656
Finished solving parametric estimator, with SURE 0.3978069594485977
Finished solving parametric estimator, with in-sample MSE 0.391244628525844
Finished solving EBCF, with in-sample MSE 0.3687170573001392
Finished training EB SURE-LS, with SURE: 0.36777519686362764
Finished training EB SURE-LS, with in-sample MSE: 0.3557664256724009
use_scale: True
use_location: False
Finished training EB misspecified with NPMLE init, with SURE: 0.3467258198784063
Finished training EB misspecified with NPMLE init, with in-sample MSE: 0.3494496743617481
Finished training EB misspecified, with SURE: 0.34675330176260644
Finished training EB misspecified, with in-sample MSE: 0.34945810359357565
Finished training EB wellspecified, with SURE: 0.3467443512977159
Finished training EB wellspecified, with in-sample MSE: 0.34938220708693357
m: 113
Finished solving NPMLE, with SURE 1.289481277631703
Finished solving NPMLE, with in-sample MSE 0.3606950176944781
Finished solving parametric estimator, with SURE 0.39418394072481155
Finished solving parametric estimator, with in-sample MSE 0.3867394283868606
Finished solving EBCF, with in-sample MSE 0.3688667488232042
Finished training EB SURE-LS, with SURE: 0.38661606244882935
Finished training EB SURE-LS, with in-sample MSE: 0.38010255425735645
use_scale: True
use_location: False
Finished training EB misspecified with NPMLE init, with SURE: 0.3436750545719977
Finished training EB misspecified with NPMLE init, with in-sample MSE: 0.3466339428570045
Finished training EB misspecified, with SURE: 0.34253799052463907
Finished training EB misspecified, with in-sample MSE: 0.3506896531566472
Finished training EB wellspecified, with SURE: 0.32438149249335324
Finished training EB wellspecified, with in-sample MSE: 0.3373584242587298
m: 114
Finished solving NPMLE, with SURE 1.5849300510962103
Finished solving NPMLE, with in-sample MSE 0.35872629458260863
Finished solving parametric estimator, with SURE 0.3971284497362878
Finished solving parametric estimator, with in-sample MSE 0.3856171037028605
Finished solving EBCF, with in-sample MSE 0.36855153114911493
Finished training EB SURE-LS, with SURE: 0.36767443084996726
Finished training EB SURE-LS, with in-sample MSE: 0.35871582920171646
use_scale: True
use_location: False
Finished training EB misspecified with NPMLE init, with SURE: 0.35192712254287606
Finished training EB misspecified with NPMLE init, with in-sample MSE: 0.3496227837574956
Finished training EB misspecified, with SURE: 0.35180052526604577
Finished training EB misspecified, with in-sample MSE: 0.3492287956293606
Finished training EB wellspecified, with SURE: 0.3378678964470771
Finished training EB wellspecified, with in-sample MSE: 0.3358702121844491
m: 115
Finished solving NPMLE, with SURE 1.511763516389559
Finished solving NPMLE, with in-sample MSE 0.3767334552079835
Finished solving parametric estimator, with SURE 0.401578767489031
Finished solving parametric estimator, with in-sample MSE 0.4010627392631125
Finished solving EBCF, with in-sample MSE 0.3825023226864534
Finished training EB SURE-LS, with SURE: 0.3710523551521096
Finished training EB SURE-LS, with in-sample MSE: 0.3689520850700761
use_scale: True
use_location: False
Finished training EB misspecified with NPMLE init, with SURE: 0.34821213340185964
Finished training EB misspecified with NPMLE init, with in-sample MSE: 0.3602502134305934
Finished training EB misspecified, with SURE: 0.34811436686226715
Finished training EB misspecified, with in-sample MSE: 0.36066725867903315
Finished training EB wellspecified, with SURE: 0.33071120309620816
Finished training EB wellspecified, with in-sample MSE: 0.34643905512536605
m: 116
Finished solving NPMLE, with SURE 1.4416144642920574
Finished solving NPMLE, with in-sample MSE 0.36597820183703644
Finished solving parametric estimator, with SURE 0.4005215516234447
Finished solving parametric estimator, with in-sample MSE 0.39736986066386903
Finished solving EBCF, with in-sample MSE 0.37835046770897607
Finished training EB SURE-LS, with SURE: 0.3927263485160326
Finished training EB SURE-LS, with in-sample MSE: 0.3903715772228595
use_scale: True
use_location: False
Finished training EB misspecified with NPMLE init, with SURE: 0.3482618230622127
Finished training EB misspecified with NPMLE init, with in-sample MSE: 0.35441375519563467
Finished training EB misspecified, with SURE: 0.34825663748741337
Finished training EB misspecified, with in-sample MSE: 0.3542851933772724
Finished training EB wellspecified, with SURE: 0.32891185308351467
Finished training EB wellspecified, with in-sample MSE: 0.34124704978155007
m: 117
Finished solving NPMLE, with SURE 1.5841795343587166
Finished solving NPMLE, with in-sample MSE 0.370251539353488
Finished solving parametric estimator, with SURE 0.40152636123151825
Finished solving parametric estimator, with in-sample MSE 0.40070286524856086
Finished solving EBCF, with in-sample MSE 0.37984109714207
Finished training EB SURE-LS, with SURE: 0.36790551642500857
Finished training EB SURE-LS, with in-sample MSE: 0.3671539565543298
use_scale: True
use_location: False
Finished training EB misspecified with NPMLE init, with SURE: 0.35655192890945514
Finished training EB misspecified with NPMLE init, with in-sample MSE: 0.359298576145968
Finished training EB misspecified, with SURE: 0.3561820905761951
Finished training EB misspecified, with in-sample MSE: 0.36010078289412084
Finished training EB wellspecified, with SURE: 0.34222095199436936
Finished training EB wellspecified, with in-sample MSE: 0.34156603404872293
m: 118
Finished solving NPMLE, with SURE 1.5565323516045053
Finished solving NPMLE, with in-sample MSE 0.3748656027501036
Finished solving parametric estimator, with SURE 0.40243044170638054
Finished solving parametric estimator, with in-sample MSE 0.4116971145615784
Finished solving EBCF, with in-sample MSE 0.3891967454758872
Finished training EB SURE-LS, with SURE: 0.37046158293368
Finished training EB SURE-LS, with in-sample MSE: 0.37481074574477136
use_scale: True
use_location: False
Finished training EB misspecified with NPMLE init, with SURE: 0.3580512877360912
Finished training EB misspecified with NPMLE init, with in-sample MSE: 0.3634468730730081
Finished training EB misspecified, with SURE: 0.35808589962843324
Finished training EB misspecified, with in-sample MSE: 0.36351440074968017
Finished training EB wellspecified, with SURE: 0.34349339318113414
Finished training EB wellspecified, with in-sample MSE: 0.3487998110849165
m: 119
Finished solving NPMLE, with SURE 1.7420014896397822
Finished solving NPMLE, with in-sample MSE 0.36012871901764576
Finished solving parametric estimator, with SURE 0.3952858087148563
Finished solving parametric estimator, with in-sample MSE 0.39085664899630523
Finished solving EBCF, with in-sample MSE 0.3715880379506487
Finished training EB SURE-LS, with SURE: 0.3599119078309235
Finished training EB SURE-LS, with in-sample MSE: 0.3593245569267968
use_scale: True
use_location: False
Finished training EB misspecified with NPMLE init, with SURE: 0.34819006369865585
Finished training EB misspecified with NPMLE init, with in-sample MSE: 0.34904855155740916
Finished training EB misspecified, with SURE: 0.34902991389166976
Finished training EB misspecified, with in-sample MSE: 0.3483152263435832
Finished training EB wellspecified, with SURE: 0.32825776728848105
Finished training EB wellspecified, with in-sample MSE: 0.3359808822594516
m: 120
Finished solving NPMLE, with SURE 1.5950772795855437
Finished solving NPMLE, with in-sample MSE 0.37434472366336946
Finished solving parametric estimator, with SURE 0.40454071481726706
Finished solving parametric estimator, with in-sample MSE 0.40666967899409623
Finished solving EBCF, with in-sample MSE 0.3781319077260749
Finished training EB SURE-LS, with SURE: 0.36956249676286723
Finished training EB SURE-LS, with in-sample MSE: 0.3671068721981976
use_scale: True
use_location: False
Finished training EB misspecified with NPMLE init, with SURE: 0.35201538679090455
Finished training EB misspecified with NPMLE init, with in-sample MSE: 0.3564743539104056
Finished training EB misspecified, with SURE: 0.3520623543178058
Finished training EB misspecified, with in-sample MSE: 0.3606014423507398
Finished training EB wellspecified, with SURE: 0.3397375255494181
Finished training EB wellspecified, with in-sample MSE: 0.34110286103850973
m: 121
Finished solving NPMLE, with SURE 1.3940683363972126
Finished solving NPMLE, with in-sample MSE 0.37174744320939546
Finished solving parametric estimator, with SURE 0.39038787269117003
Finished solving parametric estimator, with in-sample MSE 0.40417912232577735
Finished solving EBCF, with in-sample MSE 0.3866961061795825
Finished training EB SURE-LS, with SURE: 0.3585714905843866
Finished training EB SURE-LS, with in-sample MSE: 0.373731831541536
use_scale: True
use_location: False
Finished training EB misspecified with NPMLE init, with SURE: 0.34559880989014247
Finished training EB misspecified with NPMLE init, with in-sample MSE: 0.3609099092344681
Finished training EB misspecified, with SURE: 0.345369188042761
Finished training EB misspecified, with in-sample MSE: 0.36175201393404544
Finished training EB wellspecified, with SURE: 0.3268649151917362
Finished training EB wellspecified, with in-sample MSE: 0.3489544400070191
m: 122
Finished solving NPMLE, with SURE 1.4361658227816898
Finished solving NPMLE, with in-sample MSE 0.36349505217080486
Finished solving parametric estimator, with SURE 0.4040329735522425
Finished solving parametric estimator, with in-sample MSE 0.39760565378767226
Finished solving EBCF, with in-sample MSE 0.3807268428800664
Finished training EB SURE-LS, with SURE: 0.369954001486188
Finished training EB SURE-LS, with in-sample MSE: 0.36671714045980586
use_scale: True
use_location: False
Finished training EB misspecified with NPMLE init, with SURE: 0.3467512623779325
Finished training EB misspecified with NPMLE init, with in-sample MSE: 0.35889450494129504
Finished training EB misspecified, with SURE: 0.34678161404080554
Finished training EB misspecified, with in-sample MSE: 0.35895449933848483
Finished training EB wellspecified, with SURE: 0.3276076675445565
Finished training EB wellspecified, with in-sample MSE: 0.347493018735257
m: 123
Finished solving NPMLE, with SURE 1.7186415601439091
Finished solving NPMLE, with in-sample MSE 0.3664095749851091
Finished solving parametric estimator, with SURE 0.3898879972686018
Finished solving parametric estimator, with in-sample MSE 0.390913852124214
Finished solving EBCF, with in-sample MSE 0.37143505160004964
Finished training EB SURE-LS, with SURE: 0.3597071667298202
Finished training EB SURE-LS, with in-sample MSE: 0.36258049405903797
use_scale: True
use_location: False
Finished training EB misspecified with NPMLE init, with SURE: 0.33322227250211145
Finished training EB misspecified with NPMLE init, with in-sample MSE: 0.35150529124812385
Finished training EB misspecified, with SURE: 0.33308005167099625
Finished training EB misspecified, with in-sample MSE: 0.3513254430329814
Finished training EB wellspecified, with SURE: 0.31246140458220595
Finished training EB wellspecified, with in-sample MSE: 0.34729123135724604
m: 124
Finished solving NPMLE, with SURE 1.822426560309316
Finished solving NPMLE, with in-sample MSE 0.38120899642428135
Finished solving parametric estimator, with SURE 0.39281985537866887
Finished solving parametric estimator, with in-sample MSE 0.40948828596627906
Finished solving EBCF, with in-sample MSE 0.3915462294916089
Finished training EB SURE-LS, with SURE: 0.3640773007730786
Finished training EB SURE-LS, with in-sample MSE: 0.38006939610566315
use_scale: True
use_location: False
Finished training EB misspecified with NPMLE init, with SURE: 0.3491560508535686
Finished training EB misspecified with NPMLE init, with in-sample MSE: 0.3687767842621369
Finished training EB misspecified, with SURE: 0.349162077218142
Finished training EB misspecified, with in-sample MSE: 0.36873131589962843
Finished training EB wellspecified, with SURE: 0.33257609289411105
Finished training EB wellspecified, with in-sample MSE: 0.35458818728194885
m: 125
Finished solving NPMLE, with SURE 1.5281483997173673
Finished solving NPMLE, with in-sample MSE 0.3622370662847972
Finished solving parametric estimator, with SURE 0.40349193109654824
Finished solving parametric estimator, with in-sample MSE 0.3938229869915624
Finished solving EBCF, with in-sample MSE 0.37155360040467433
Finished training EB SURE-LS, with SURE: 0.36696555315915036
Finished training EB SURE-LS, with in-sample MSE: 0.36112754424850296
use_scale: True
use_location: False
Finished training EB misspecified with NPMLE init, with SURE: 0.35511694763690344
Finished training EB misspecified with NPMLE init, with in-sample MSE: 0.3540001121025742
Finished training EB misspecified, with SURE: 0.3534656590722167
Finished training EB misspecified, with in-sample MSE: 0.34927902560889335
Finished training EB wellspecified, with SURE: 0.3348270602778957
Finished training EB wellspecified, with in-sample MSE: 0.3361645614590543
m: 126
Finished solving NPMLE, with SURE 1.7744054319136127
Finished solving NPMLE, with in-sample MSE 0.397014803408853
Finished solving parametric estimator, with SURE 0.4099268145517325
Finished solving parametric estimator, with in-sample MSE 0.4192771561991352
Finished solving EBCF, with in-sample MSE 0.3995260922293994
Finished training EB SURE-LS, with SURE: 0.3794209994239165
Finished training EB SURE-LS, with in-sample MSE: 0.3903887213077572
use_scale: True
use_location: False
Finished training EB misspecified with NPMLE init, with SURE: 0.352438560257453
Finished training EB misspecified with NPMLE init, with in-sample MSE: 0.38133776638344147
Finished training EB misspecified, with SURE: 0.3525112536437105
Finished training EB misspecified, with in-sample MSE: 0.3814285638022313
Finished training EB wellspecified, with SURE: 0.33988410027492555
Finished training EB wellspecified, with in-sample MSE: 0.3667297557979935
m: 127
Finished solving NPMLE, with SURE 1.4385351269377826
Finished solving NPMLE, with in-sample MSE 0.37349021037778973
Finished solving parametric estimator, with SURE 0.3959047730447175
Finished solving parametric estimator, with in-sample MSE 0.4042966006643915
Finished solving EBCF, with in-sample MSE 0.3805206173464222
Finished training EB SURE-LS, with SURE: 0.3629796992414255
Finished training EB SURE-LS, with in-sample MSE: 0.36839152271499126
use_scale: True
use_location: False
Finished training EB misspecified with NPMLE init, with SURE: 0.3531957538667599
Finished training EB misspecified with NPMLE init, with in-sample MSE: 0.35713110241279056
Finished training EB misspecified, with SURE: 0.35321287581686284
Finished training EB misspecified, with in-sample MSE: 0.3571475631044644
Finished training EB wellspecified, with SURE: 0.33064013353259397
Finished training EB wellspecified, with in-sample MSE: 0.3415029225765924
m: 128
Finished solving NPMLE, with SURE 1.5278553578558
Finished solving NPMLE, with in-sample MSE 0.36137758016499055
Finished solving parametric estimator, with SURE 0.4050438453064327
Finished solving parametric estimator, with in-sample MSE 0.3947244206448318
Finished solving EBCF, with in-sample MSE 0.37795516883796887
Finished training EB SURE-LS, with SURE: 0.36978812753213985
Finished training EB SURE-LS, with in-sample MSE: 0.36484355972882154
use_scale: True
use_location: False
Finished training EB misspecified with NPMLE init, with SURE: 0.35636269131908804
Finished training EB misspecified with NPMLE init, with in-sample MSE: 0.34920220064761504
Finished training EB misspecified, with SURE: 0.35633957730927734
Finished training EB misspecified, with in-sample MSE: 0.34921566586719727
Finished training EB wellspecified, with SURE: 0.335520399172205
Finished training EB wellspecified, with in-sample MSE: 0.33849441872810315
m: 129
Finished solving NPMLE, with SURE 1.4006513228072976
Finished solving NPMLE, with in-sample MSE 0.35443852976897416
Finished solving parametric estimator, with SURE 0.39878433661810664
Finished solving parametric estimator, with in-sample MSE 0.3845677734459623
Finished solving EBCF, with in-sample MSE 0.3691823553305357
Finished training EB SURE-LS, with SURE: 0.3681374106597545
Finished training EB SURE-LS, with in-sample MSE: 0.35710142355365926
use_scale: True
use_location: False
Finished training EB misspecified with NPMLE init, with SURE: 0.349640733475195
Finished training EB misspecified with NPMLE init, with in-sample MSE: 0.3429296544869523
Finished training EB misspecified, with SURE: 0.3496592280222867
Finished training EB misspecified, with in-sample MSE: 0.34294156825104294
Finished training EB wellspecified, with SURE: 0.33328437588970633
Finished training EB wellspecified, with in-sample MSE: 0.332337038747532
m: 130
Finished solving NPMLE, with SURE 1.4822228479798178
Finished solving NPMLE, with in-sample MSE 0.3731973698327511
Finished solving parametric estimator, with SURE 0.3904302878676409
Finished solving parametric estimator, with in-sample MSE 0.4018082789716395
Finished solving EBCF, with in-sample MSE 0.3756980393511995
Finished training EB SURE-LS, with SURE: 0.3592835269869119
Finished training EB SURE-LS, with in-sample MSE: 0.3653590018355053
use_scale: True
use_location: False
Finished training EB misspecified with NPMLE init, with SURE: 0.3424591251985162
Finished training EB misspecified with NPMLE init, with in-sample MSE: 0.35667405452923523
Finished training EB misspecified, with SURE: 0.3424687214419629
Finished training EB misspecified, with in-sample MSE: 0.3566689538824275
Finished training EB wellspecified, with SURE: 0.3425259373267946
Finished training EB wellspecified, with in-sample MSE: 0.3564813199643984
m: 131
Finished solving NPMLE, with SURE 1.5859360997852532
Finished solving NPMLE, with in-sample MSE 0.37460104640572633
Finished solving parametric estimator, with SURE 0.3988814812259832
Finished solving parametric estimator, with in-sample MSE 0.40619395642227907
Finished solving EBCF, with in-sample MSE 0.3815749846829185
Finished training EB SURE-LS, with SURE: 0.3664363130886119
Finished training EB SURE-LS, with in-sample MSE: 0.3693395448446384
use_scale: True
use_location: False
Finished training EB misspecified with NPMLE init, with SURE: 0.35448805704897446
Finished training EB misspecified with NPMLE init, with in-sample MSE: 0.3604687611847618
Finished training EB misspecified, with SURE: 0.3545234844293858
Finished training EB misspecified, with in-sample MSE: 0.3604284523461785
Finished training EB wellspecified, with SURE: 0.33804092210586206
Finished training EB wellspecified, with in-sample MSE: 0.3454234635915306
m: 132
Finished solving NPMLE, with SURE 1.5741904156776443
Finished solving NPMLE, with in-sample MSE 0.3656710482754355
Finished solving parametric estimator, with SURE 0.39864067535584335
Finished solving parametric estimator, with in-sample MSE 0.39503796843174
Finished solving EBCF, with in-sample MSE 0.37518662325219043
Finished training EB SURE-LS, with SURE: 0.366077566813654
Finished training EB SURE-LS, with in-sample MSE: 0.3649410380224937
use_scale: True
use_location: False
Finished training EB misspecified with NPMLE init, with SURE: 0.35303196202226544
Finished training EB misspecified with NPMLE init, with in-sample MSE: 0.3523078018090569
Finished training EB misspecified, with SURE: 0.3530416573555739
Finished training EB misspecified, with in-sample MSE: 0.35226584382048437
Finished training EB wellspecified, with SURE: 0.33526556610292063
Finished training EB wellspecified, with in-sample MSE: 0.341553051643215
m: 133
Finished solving NPMLE, with SURE 1.528109503562425
Finished solving NPMLE, with in-sample MSE 0.36738982173345197
Finished solving parametric estimator, with SURE 0.4028452649860693
Finished solving parametric estimator, with in-sample MSE 0.3999811017679758
Finished solving EBCF, with in-sample MSE 0.3820963960845569
Finished training EB SURE-LS, with SURE: 0.3703925055835577
Finished training EB SURE-LS, with in-sample MSE: 0.3721563434688754
use_scale: True
use_location: False
Finished training EB misspecified with NPMLE init, with SURE: 0.3567997578043676
Finished training EB misspecified with NPMLE init, with in-sample MSE: 0.35808100034357837
Finished training EB misspecified, with SURE: 0.3568292372503656
Finished training EB misspecified, with in-sample MSE: 0.3580276857195739
Finished training EB wellspecified, with SURE: 0.3349083813655871
Finished training EB wellspecified, with in-sample MSE: 0.34720819521576785
m: 134
Finished solving NPMLE, with SURE 1.7975333705301966
Finished solving NPMLE, with in-sample MSE 0.3700017310081149
Finished solving parametric estimator, with SURE 0.39828380991633516
Finished solving parametric estimator, with in-sample MSE 0.4025455268383382
Finished solving EBCF, with in-sample MSE 0.38425422212254595
Finished training EB SURE-LS, with SURE: 0.3680262533602708
Finished training EB SURE-LS, with in-sample MSE: 0.3695445730729091
use_scale: True
use_location: False
Finished training EB misspecified with NPMLE init, with SURE: 0.34727535276606136
Finished training EB misspecified with NPMLE init, with in-sample MSE: 0.3599140398678429
Finished training EB misspecified, with SURE: 0.3479341793389966
Finished training EB misspecified, with in-sample MSE: 0.36113399307861577
Finished training EB wellspecified, with SURE: 0.3318125657966903
Finished training EB wellspecified, with in-sample MSE: 0.345903156049731
m: 135
Finished solving NPMLE, with SURE 1.5614277568351371
Finished solving NPMLE, with in-sample MSE 0.3751637977492854
Finished solving parametric estimator, with SURE 0.3927943801288407
Finished solving parametric estimator, with in-sample MSE 0.4088877702008388
Finished solving EBCF, with in-sample MSE 0.3895481614506612
Finished training EB SURE-LS, with SURE: 0.36087571459579226
Finished training EB SURE-LS, with in-sample MSE: 0.3789766452472419
use_scale: True
use_location: False
Finished training EB misspecified with NPMLE init, with SURE: 0.3470412161477795
Finished training EB misspecified with NPMLE init, with in-sample MSE: 0.3638533450471498
Finished training EB misspecified, with SURE: 0.3470531196483323
Finished training EB misspecified, with in-sample MSE: 0.3638222405660667
Finished training EB wellspecified, with SURE: 0.33155712532441356
Finished training EB wellspecified, with in-sample MSE: 0.3530336433362624
m: 136
Finished solving NPMLE, with SURE 1.6580593175898173
Finished solving NPMLE, with in-sample MSE 0.37840419468299025
Finished solving parametric estimator, with SURE 0.4016604886928876
Finished solving parametric estimator, with in-sample MSE 0.40687867255780363
Finished solving EBCF, with in-sample MSE 0.38792247585577766
Finished training EB SURE-LS, with SURE: 0.3692863690317272
Finished training EB SURE-LS, with in-sample MSE: 0.3712233845557051
use_scale: True
use_location: False
Finished training EB misspecified with NPMLE init, with SURE: 0.35332661864755266
Finished training EB misspecified with NPMLE init, with in-sample MSE: 0.36238711724105316
Finished training EB misspecified, with SURE: 0.35324186607683544
Finished training EB misspecified, with in-sample MSE: 0.3624435210453767
Finished training EB wellspecified, with SURE: 0.33849414505200215
Finished training EB wellspecified, with in-sample MSE: 0.34544945137684296
m: 137
Finished solving NPMLE, with SURE 1.5797833424358254
Finished solving NPMLE, with in-sample MSE 0.3574164262363966
Finished solving parametric estimator, with SURE 0.40041817074852554
Finished solving parametric estimator, with in-sample MSE 0.39038255516317116
Finished solving EBCF, with in-sample MSE 0.37474928646070893
Finished training EB SURE-LS, with SURE: 0.37061952604114873
Finished training EB SURE-LS, with in-sample MSE: 0.35723292125491474
use_scale: True
use_location: False
Finished training EB misspecified with NPMLE init, with SURE: 0.35193271630451095
Finished training EB misspecified with NPMLE init, with in-sample MSE: 0.34729579886826545
Finished training EB misspecified, with SURE: 0.35189917700743506
Finished training EB misspecified, with in-sample MSE: 0.34742103608481983
Finished training EB wellspecified, with SURE: 0.33531509067462084
Finished training EB wellspecified, with in-sample MSE: 0.3324908359150945
m: 138
Finished solving NPMLE, with SURE 1.5884366421608649
Finished solving NPMLE, with in-sample MSE 0.3738363662099008
Finished solving parametric estimator, with SURE 0.40499040343321585
Finished solving parametric estimator, with in-sample MSE 0.40157467475668546
Finished solving EBCF, with in-sample MSE 0.38110453591598825
Finished training EB SURE-LS, with SURE: 0.3721398272824826
Finished training EB SURE-LS, with in-sample MSE: 0.368991825916785
use_scale: True
use_location: False
Finished training EB misspecified with NPMLE init, with SURE: 0.35787920406832086
Finished training EB misspecified with NPMLE init, with in-sample MSE: 0.36415996110120824
Finished training EB misspecified, with SURE: 0.358347689948375
Finished training EB misspecified, with in-sample MSE: 0.3628787593779468
Finished training EB wellspecified, with SURE: 0.3355523294313177
Finished training EB wellspecified, with in-sample MSE: 0.3490525758828477
m: 139
Finished solving NPMLE, with SURE 1.4194431477296803
Finished solving NPMLE, with in-sample MSE 0.3832046178830009
Finished solving parametric estimator, with SURE 0.39172306451627514
Finished solving parametric estimator, with in-sample MSE 0.4105692313771996
Finished solving EBCF, with in-sample MSE 0.3853118118333027
Finished training EB SURE-LS, with SURE: 0.3635048889778041
Finished training EB SURE-LS, with in-sample MSE: 0.3716956272927534
use_scale: True
use_location: False
Finished training EB misspecified with NPMLE init, with SURE: 0.3435103466414424
Finished training EB misspecified with NPMLE init, with in-sample MSE: 0.3661457604817408
Finished training EB misspecified, with SURE: 0.34355528911687905
Finished training EB misspecified, with in-sample MSE: 0.3662152130135075
Finished training EB wellspecified, with SURE: 0.3259991561020178
Finished training EB wellspecified, with in-sample MSE: 0.34821533668155635
m: 140
Finished solving NPMLE, with SURE 1.6291371827865868
Finished solving NPMLE, with in-sample MSE 0.3772865199021742
Finished solving parametric estimator, with SURE 0.40040567575664643
Finished solving parametric estimator, with in-sample MSE 0.4003866834141677
Finished solving EBCF, with in-sample MSE 0.3777594100863286
Finished training EB SURE-LS, with SURE: 0.3653366597939196
Finished training EB SURE-LS, with in-sample MSE: 0.36702636040631603
use_scale: True
use_location: False
Finished training EB misspecified with NPMLE init, with SURE: 0.3541574738407202
Finished training EB misspecified with NPMLE init, with in-sample MSE: 0.36190414922815395
Finished training EB misspecified, with SURE: 0.3541591961312905
Finished training EB misspecified, with in-sample MSE: 0.3618826144816626
Finished training EB wellspecified, with SURE: 0.3332214494974771
Finished training EB wellspecified, with in-sample MSE: 0.3482120086026395
m: 141
Finished solving NPMLE, with SURE 1.404606163680532
Finished solving NPMLE, with in-sample MSE 0.37213098712187204
Finished solving parametric estimator, with SURE 0.39889594782945204
Finished solving parametric estimator, with in-sample MSE 0.40127541877561046
Finished solving EBCF, with in-sample MSE 0.38175618114365567
Finished training EB SURE-LS, with SURE: 0.3655978020033274
Finished training EB SURE-LS, with in-sample MSE: 0.3707867290444878
use_scale: True
use_location: False
Finished training EB misspecified with NPMLE init, with SURE: 0.3469512149107062
Finished training EB misspecified with NPMLE init, with in-sample MSE: 0.35942191942701385
Finished training EB misspecified, with SURE: 0.34694944129676425
Finished training EB misspecified, with in-sample MSE: 0.3594674782490095
Finished training EB wellspecified, with SURE: 0.328111579799132
Finished training EB wellspecified, with in-sample MSE: 0.34672071368013235
m: 142
Finished solving NPMLE, with SURE 1.6715835466926838
Finished solving NPMLE, with in-sample MSE 0.36094856420166577
Finished solving parametric estimator, with SURE 0.39082672702652244
Finished solving parametric estimator, with in-sample MSE 0.3948283963744108
Finished solving EBCF, with in-sample MSE 0.3767117265343046
Finished training EB SURE-LS, with SURE: 0.35913132859846836
Finished training EB SURE-LS, with in-sample MSE: 0.3688421337743396
use_scale: True
use_location: False
Finished training EB misspecified with NPMLE init, with SURE: 0.35539536275578343
Finished training EB misspecified with NPMLE init, with in-sample MSE: 0.3546632454468552
Finished training EB misspecified, with SURE: 0.355412766946379
Finished training EB misspecified, with in-sample MSE: 0.35459325858283547
Finished training EB wellspecified, with SURE: 0.3295208491311216
Finished training EB wellspecified, with in-sample MSE: 0.3499690406689268
m: 143
Finished solving NPMLE, with SURE 1.7717357250583725
Finished solving NPMLE, with in-sample MSE 0.36542841979736634
Finished solving parametric estimator, with SURE 0.39308271911652504
Finished solving parametric estimator, with in-sample MSE 0.39550121209024813
Finished solving EBCF, with in-sample MSE 0.37407825513642684
Finished training EB SURE-LS, with SURE: 0.3596929471759285
Finished training EB SURE-LS, with in-sample MSE: 0.3597110061559235
use_scale: True
use_location: False
Finished training EB misspecified with NPMLE init, with SURE: 0.3454475992039208
Finished training EB misspecified with NPMLE init, with in-sample MSE: 0.3502343987461184
Finished training EB misspecified, with SURE: 0.3447376383442709
Finished training EB misspecified, with in-sample MSE: 0.35225461376341266
Finished training EB wellspecified, with SURE: 0.3228484644273379
Finished training EB wellspecified, with in-sample MSE: 0.337667887698829
m: 144
Finished solving NPMLE, with SURE 1.5319948850045875
Finished solving NPMLE, with in-sample MSE 0.37037228695713
Finished solving parametric estimator, with SURE 0.39765532081279126
Finished solving parametric estimator, with in-sample MSE 0.3996952102503435
Finished solving EBCF, with in-sample MSE 0.37587018140956713
Finished training EB SURE-LS, with SURE: 0.3636503298399863
Finished training EB SURE-LS, with in-sample MSE: 0.36342583360280145
use_scale: True
use_location: False
Finished training EB misspecified with NPMLE init, with SURE: 0.350341312914032
Finished training EB misspecified with NPMLE init, with in-sample MSE: 0.35188450081767064
Finished training EB misspecified, with SURE: 0.34970147480107133
Finished training EB misspecified, with in-sample MSE: 0.3540322311086475
Finished training EB wellspecified, with SURE: 0.33020020270094996
Finished training EB wellspecified, with in-sample MSE: 0.33810265575850296
m: 145
Finished solving NPMLE, with SURE 1.8591026259358563
Finished solving NPMLE, with in-sample MSE 0.38139257453277126
Finished solving parametric estimator, with SURE 0.40379376524205357
Finished solving parametric estimator, with in-sample MSE 0.4103961183520324
Finished solving EBCF, with in-sample MSE 0.38516174347782817
Finished training EB SURE-LS, with SURE: 0.3685386256230558
Finished training EB SURE-LS, with in-sample MSE: 0.37464186414774514
use_scale: True
use_location: False
Finished training EB misspecified with NPMLE init, with SURE: 0.3556023422409455
Finished training EB misspecified with NPMLE init, with in-sample MSE: 0.3657830353725903
Finished training EB misspecified, with SURE: 0.3555624513692846
Finished training EB misspecified, with in-sample MSE: 0.3660471562623238
Finished training EB wellspecified, with SURE: 0.33737429214417247
Finished training EB wellspecified, with in-sample MSE: 0.35130917412917556
m: 146
Finished solving NPMLE, with SURE 1.6484539158011438
Finished solving NPMLE, with in-sample MSE 0.37325880282892804
Finished solving parametric estimator, with SURE 0.3988539200409523
Finished solving parametric estimator, with in-sample MSE 0.3997706728628673
Finished solving EBCF, with in-sample MSE 0.3776853484919639
Finished training EB SURE-LS, with SURE: 0.3673505241344377
Finished training EB SURE-LS, with in-sample MSE: 0.36728675311524284
use_scale: True
use_location: False
Finished training EB misspecified with NPMLE init, with SURE: 0.3451617385388213
Finished training EB misspecified with NPMLE init, with in-sample MSE: 0.358801090514166
Finished training EB misspecified, with SURE: 0.3451397250657562
Finished training EB misspecified, with in-sample MSE: 0.3587482626571345
Finished training EB wellspecified, with SURE: 0.3282124224432862
Finished training EB wellspecified, with in-sample MSE: 0.34528167942148486
m: 147
Mosek failed on this run
Finished solving parametric estimator, with SURE 0.3998903467739414
Finished solving parametric estimator, with in-sample MSE 0.3978786733209666
Finished solving EBCF, with in-sample MSE 0.37589861494490623
Finished training EB SURE-LS, with SURE: 0.3653654688626962
Finished training EB SURE-LS, with in-sample MSE: 0.3630947210913957
use_scale: True
use_location: False
Finished training EB misspecified, with SURE: 0.3536625604901075
Finished training EB misspecified, with in-sample MSE: 0.3495949278305753
Finished training EB wellspecified, with SURE: 0.33446244410518616
Finished training EB wellspecified, with in-sample MSE: 0.3361092282988272
m: 148
Finished solving NPMLE, with SURE 1.4344561529790656
Finished solving NPMLE, with in-sample MSE 0.37160416891566
Finished solving parametric estimator, with SURE 0.393355678348704
Finished solving parametric estimator, with in-sample MSE 0.4001689983770563
Finished solving EBCF, with in-sample MSE 0.3812770538097948
Finished training EB SURE-LS, with SURE: 0.3631992953211451
Finished training EB SURE-LS, with in-sample MSE: 0.37057628566505485
use_scale: True
use_location: False
Finished training EB misspecified with NPMLE init, with SURE: 0.35008100934037184
Finished training EB misspecified with NPMLE init, with in-sample MSE: 0.357717447557944
Finished training EB misspecified, with SURE: 0.35009406829830747
Finished training EB misspecified, with in-sample MSE: 0.35770955153342276
Finished training EB wellspecified, with SURE: 0.3336094912529684
Finished training EB wellspecified, with in-sample MSE: 0.3476158782677782
m: 149
Finished solving NPMLE, with SURE 1.659859070421608
Finished solving NPMLE, with in-sample MSE 0.35942718995309664
Finished solving parametric estimator, with SURE 0.3996830299274464
Finished solving parametric estimator, with in-sample MSE 0.3847776763456477
Finished solving EBCF, with in-sample MSE 0.3661405962109042
Finished training EB SURE-LS, with SURE: 0.36425810395750036
Finished training EB SURE-LS, with in-sample MSE: 0.35666789805851784
use_scale: True
use_location: False
Finished training EB misspecified with NPMLE init, with SURE: 0.3508406847391285
Finished training EB misspecified with NPMLE init, with in-sample MSE: 0.3469087922236437
Finished training EB misspecified, with SURE: 0.3508642577386957
Finished training EB misspecified, with in-sample MSE: 0.34691550303543167
Finished training EB wellspecified, with SURE: 0.3318225913598929
Finished training EB wellspecified, with in-sample MSE: 0.3340097271620184
submitit INFO (2026-08-26 06:32:50,602) - Job completed successfully
submitit INFO (2026-08-26 06:32:50,604) - Exiting after successful completion
