submitit INFO (2026-06-03 12:13:57,467) - Starting with JobEnvironment(job_id=922297, hostname=j005-ds, local_rank=0(1), node=0(1), global_rank=0(1))
submitit INFO (2026-06-03 12:13:57,467) - Loading pickle: /home/amberlee0516/score-matching-empirical-bayes/submitit_log/922297/922297_submitted.pkl
simulate_data.py: device = cuda:0
Start location_scale_comparison
m: 2000
n: 100
experiment: c
Finished training EB misspecified with NPMLE init, with SURE: -0.023065235737542978
Finished training EB misspecified with NPMLE init, with in-sample MSE: 0.06204716983366651
Finished training EB misspecified, with SURE: -0.023031402893786464
Finished training EB misspecified, with in-sample MSE: 0.061992100405370454

 Training SURE of the models:
SURE-PM: -0.023031402893786464
NPMLE: 0.8609912947590729
SURE-PM, NPMLE init: -0.023065235737542978
experiment: d
Finished training EB misspecified with NPMLE init, with SURE: -0.006379603753727246
Finished training EB misspecified with NPMLE init, with in-sample MSE: 0.0035856744877019375
Finished training EB misspecified, with SURE: -0.006379416656465242
Finished training EB misspecified, with in-sample MSE: 0.0035855382399210133

 Training SURE of the models:
SURE-PM: -0.006379416656465242
NPMLE: -0.005334093816831693
SURE-PM, NPMLE init: -0.006379603753727246
experiment: e
Finished training EB misspecified with NPMLE init, with SURE: 0.10468000057704227
Finished training EB misspecified with NPMLE init, with in-sample MSE: 0.17014454070287166
Finished training EB misspecified, with SURE: 0.10467727933864868
Finished training EB misspecified, with in-sample MSE: 0.17007529037811714

 Training SURE of the models:
SURE-PM: 0.10467727933864868
NPMLE: 0.341314034675801
SURE-PM, NPMLE init: 0.10468000057704227
n: 400
experiment: c
Finished training EB misspecified with NPMLE init, with SURE: 0.03486293653034068
Finished training EB misspecified with NPMLE init, with in-sample MSE: 0.057518365036513586
Finished training EB misspecified, with SURE: 0.034955721578514204
Finished training EB misspecified, with in-sample MSE: 0.05751063924319487

 Training SURE of the models:
SURE-PM: 0.034955721578514204
NPMLE: 0.7954508509204165
SURE-PM, NPMLE init: 0.03486293653034068
experiment: d
Finished training EB misspecified with NPMLE init, with SURE: 0.006583898632918484
Finished training EB misspecified with NPMLE init, with in-sample MSE: 0.013259782954066164
Finished training EB misspecified, with SURE: 0.006585080277013784
Finished training EB misspecified, with in-sample MSE: 0.013260176491432392

 Training SURE of the models:
SURE-PM: 0.006585080277013784
NPMLE: 0.0659553193741138
SURE-PM, NPMLE init: 0.006583898632918484
experiment: e
Finished training EB misspecified with NPMLE init, with SURE: 0.13321523215170067
Finished training EB misspecified with NPMLE init, with in-sample MSE: 0.18964711861842215
Finished training EB misspecified, with SURE: 0.1332246256044968
Finished training EB misspecified, with in-sample MSE: 0.1896517557840622

 Training SURE of the models:
SURE-PM: 0.1332246256044968
NPMLE: 0.46993340754653556
SURE-PM, NPMLE init: 0.13321523215170067
m: 2001
n: 100
experiment: c
Finished training EB misspecified with NPMLE init, with SURE: -0.005887004633439972
Finished training EB misspecified with NPMLE init, with in-sample MSE: 0.06862718000169321
Finished training EB misspecified, with SURE: 0.0029017919572083884
Finished training EB misspecified, with in-sample MSE: 0.056127224775234484

 Training SURE of the models:
SURE-PM: 0.0029017919572083884
NPMLE: 0.8552033996093941
SURE-PM, NPMLE init: -0.005887004633439972
experiment: d
Finished training EB misspecified with NPMLE init, with SURE: 0.021718964998534335
Finished training EB misspecified with NPMLE init, with in-sample MSE: 0.014349387101101061
Finished training EB misspecified, with SURE: 0.021719653676792277
Finished training EB misspecified, with in-sample MSE: 0.01435148077157186

 Training SURE of the models:
SURE-PM: 0.021719653676792277
NPMLE: 0.05468138087417609
SURE-PM, NPMLE init: 0.021718964998534335
experiment: e
Finished training EB misspecified with NPMLE init, with SURE: 0.13802438806928155
Finished training EB misspecified with NPMLE init, with in-sample MSE: 0.24521584902204016
Finished training EB misspecified, with SURE: 0.13802954555158525
Finished training EB misspecified, with in-sample MSE: 0.24527825409514648

 Training SURE of the models:
SURE-PM: 0.13802954555158525
NPMLE: 0.3086403783839657
SURE-PM, NPMLE init: 0.13802438806928155
n: 400
experiment: c
Finished training EB misspecified with NPMLE init, with SURE: 0.09075429279320446
Finished training EB misspecified with NPMLE init, with in-sample MSE: 0.06113068387013155
Finished training EB misspecified, with SURE: 0.09079754372475321
Finished training EB misspecified, with in-sample MSE: 0.061132475366851624

 Training SURE of the models:
SURE-PM: 0.09079754372475321
NPMLE: 0.6442039459515463
SURE-PM, NPMLE init: 0.09075429279320446
experiment: d
Finished training EB misspecified with NPMLE init, with SURE: 0.011574404818001476
Finished training EB misspecified with NPMLE init, with in-sample MSE: 0.004515843104355788
Finished training EB misspecified, with SURE: 0.011576417316744223
Finished training EB misspecified, with in-sample MSE: 0.004517679834403198

 Training SURE of the models:
SURE-PM: 0.011576417316744223
NPMLE: 0.07539458800167803
SURE-PM, NPMLE init: 0.011574404818001476
experiment: e
Finished training EB misspecified with NPMLE init, with SURE: 0.18302782003055512
Finished training EB misspecified with NPMLE init, with in-sample MSE: 0.20090943051864488
Finished training EB misspecified, with SURE: 0.183036541290397
Finished training EB misspecified, with in-sample MSE: 0.20092255255575592

 Training SURE of the models:
SURE-PM: 0.183036541290397
NPMLE: 0.3111877959951217
SURE-PM, NPMLE init: 0.18302782003055512
m: 2002
n: 100
experiment: c
Finished training EB misspecified with NPMLE init, with SURE: 0.026801945757069987
Finished training EB misspecified with NPMLE init, with in-sample MSE: 0.08996290063579451
Finished training EB misspecified, with SURE: 0.023405539084129644
Finished training EB misspecified, with in-sample MSE: 0.11746534886745667

 Training SURE of the models:
SURE-PM: 0.023405539084129644
NPMLE: 0.4718415080555524
SURE-PM, NPMLE init: 0.026801945757069987
experiment: d
Finished training EB misspecified with NPMLE init, with SURE: -0.0188973343197568
Finished training EB misspecified with NPMLE init, with in-sample MSE: 0.00557837136374841
Finished training EB misspecified, with SURE: -0.01889680129559876
Finished training EB misspecified, with in-sample MSE: 0.005578387251424816

 Training SURE of the models:
SURE-PM: -0.01889680129559876
NPMLE: -0.010977459994860866
SURE-PM, NPMLE init: -0.0188973343197568
experiment: e
Finished training EB misspecified with NPMLE init, with SURE: 0.15075250703206053
Finished training EB misspecified with NPMLE init, with in-sample MSE: 0.1662733214007113
Finished training EB misspecified, with SURE: 0.1507605610165382
Finished training EB misspecified, with in-sample MSE: 0.16626929633911647

 Training SURE of the models:
SURE-PM: 0.1507605610165382
NPMLE: 0.3053494529199701
SURE-PM, NPMLE init: 0.15075250703206053
n: 400
experiment: c
Finished training EB misspecified with NPMLE init, with SURE: -0.01042717192971729
Finished training EB misspecified with NPMLE init, with in-sample MSE: 0.08984727607543405
Finished training EB misspecified, with SURE: 0.006763902049464008
Finished training EB misspecified, with in-sample MSE: 0.061771264955574064

 Training SURE of the models:
SURE-PM: 0.006763902049464008
NPMLE: 0.8523289461276048
SURE-PM, NPMLE init: -0.01042717192971729
experiment: d
Finished training EB misspecified with NPMLE init, with SURE: 0.0010769603338005851
Finished training EB misspecified with NPMLE init, with in-sample MSE: 0.00498220689637365
Finished training EB misspecified, with SURE: 0.0010859479686175354
Finished training EB misspecified, with in-sample MSE: 0.005005697499899482

 Training SURE of the models:
SURE-PM: 0.0010859479686175354
NPMLE: 0.050366315439178584
SURE-PM, NPMLE init: 0.0010769603338005851
experiment: e
Finished training EB misspecified with NPMLE init, with SURE: 0.15359137680708757
Finished training EB misspecified with NPMLE init, with in-sample MSE: 0.18569785745780287
Finished training EB misspecified, with SURE: 0.15359675792785063
Finished training EB misspecified, with in-sample MSE: 0.1856654045684311

 Training SURE of the models:
SURE-PM: 0.15359675792785063
NPMLE: 0.29033833495563355
SURE-PM, NPMLE init: 0.15359137680708757
m: 2003
n: 100
experiment: c
Finished training EB misspecified with NPMLE init, with SURE: -0.06961019722762828
Finished training EB misspecified with NPMLE init, with in-sample MSE: 0.07027201610314178
Finished training EB misspecified, with SURE: -0.06960904257000557
Finished training EB misspecified, with in-sample MSE: 0.07027573620524268

 Training SURE of the models:
SURE-PM: -0.06960904257000557
NPMLE: 0.42333969412833694
SURE-PM, NPMLE init: -0.06961019722762828
experiment: d
Finished training EB misspecified with NPMLE init, with SURE: -0.02547103895075537
Finished training EB misspecified with NPMLE init, with in-sample MSE: 0.011492601778021647
Finished training EB misspecified, with SURE: -0.025468828342218117
Finished training EB misspecified, with in-sample MSE: 0.01148042512306322

 Training SURE of the models:
SURE-PM: -0.025468828342218117
NPMLE: -0.017293114772303983
SURE-PM, NPMLE init: -0.02547103895075537
experiment: e
Finished training EB misspecified with NPMLE init, with SURE: 0.10380598598123558
Finished training EB misspecified with NPMLE init, with in-sample MSE: 0.13988030022566778
Finished training EB misspecified, with SURE: 0.10381356430879546
Finished training EB misspecified, with in-sample MSE: 0.1398833411579922

 Training SURE of the models:
SURE-PM: 0.10381356430879546
NPMLE: 0.3510226740357918
SURE-PM, NPMLE init: 0.10380598598123558
n: 400
experiment: c
Finished training EB misspecified with NPMLE init, with SURE: 0.05816987241719396
Finished training EB misspecified with NPMLE init, with in-sample MSE: 0.059558365856700816
Finished training EB misspecified, with SURE: 0.058169272502290495
Finished training EB misspecified, with in-sample MSE: 0.05957415322935284

 Training SURE of the models:
SURE-PM: 0.058169272502290495
NPMLE: 0.8254103074284589
SURE-PM, NPMLE init: 0.05816987241719396
experiment: d
Finished training EB misspecified with NPMLE init, with SURE: -0.005349216163071358
Finished training EB misspecified with NPMLE init, with in-sample MSE: 0.013947040051988834
Finished training EB misspecified, with SURE: 0.0003005388758830918
Finished training EB misspecified, with in-sample MSE: 0.005383044944391786

 Training SURE of the models:
SURE-PM: 0.0003005388758830918
NPMLE: 0.10662495544016799
SURE-PM, NPMLE init: -0.005349216163071358
experiment: e
Finished training EB misspecified with NPMLE init, with SURE: 0.15951985254042714
Finished training EB misspecified with NPMLE init, with in-sample MSE: 0.18233679386181273
Finished training EB misspecified, with SURE: 0.15896864673241748
Finished training EB misspecified, with in-sample MSE: 0.1830203014055076

 Training SURE of the models:
SURE-PM: 0.15896864673241748
NPMLE: 0.32144017213016773
SURE-PM, NPMLE init: 0.15951985254042714
m: 2004
n: 100
experiment: c
Finished training EB misspecified with NPMLE init, with SURE: -0.10259457868948772
Finished training EB misspecified with NPMLE init, with in-sample MSE: 0.056483922688748335
Finished training EB misspecified, with SURE: -0.10258189511934852
Finished training EB misspecified, with in-sample MSE: 0.056489779391249516

 Training SURE of the models:
SURE-PM: -0.10258189511934852
NPMLE: 0.15055505474405892
SURE-PM, NPMLE init: -0.10259457868948772
experiment: d
Finished training EB misspecified with NPMLE init, with SURE: -0.012145564169104582
Finished training EB misspecified with NPMLE init, with in-sample MSE: 0.04782146596353175
Finished training EB misspecified, with SURE: -0.012139087175569543
Finished training EB misspecified, with in-sample MSE: 0.047811974562126186

 Training SURE of the models:
SURE-PM: -0.012139087175569543
NPMLE: 0.16463975426003188
SURE-PM, NPMLE init: -0.012145564169104582
experiment: e
Finished training EB misspecified with NPMLE init, with SURE: 0.13645239169013706
Finished training EB misspecified with NPMLE init, with in-sample MSE: 0.18597659515530915
Finished training EB misspecified, with SURE: 0.13645792762009876
Finished training EB misspecified, with in-sample MSE: 0.18597391223232884

 Training SURE of the models:
SURE-PM: 0.13645792762009876
NPMLE: 0.30992612875320064
SURE-PM, NPMLE init: 0.13645239169013706
n: 400
experiment: c
Finished training EB misspecified with NPMLE init, with SURE: 0.12106232601009083
Finished training EB misspecified with NPMLE init, with in-sample MSE: 0.06978169488978982
Finished training EB misspecified, with SURE: 0.12106654595771872
Finished training EB misspecified, with in-sample MSE: 0.0697637393805122

 Training SURE of the models:
SURE-PM: 0.12106654595771872
NPMLE: 1.052726579105352
SURE-PM, NPMLE init: 0.12106232601009083
experiment: d
Finished training EB misspecified with NPMLE init, with SURE: 0.000801903451064554
Finished training EB misspecified with NPMLE init, with in-sample MSE: 0.005774586526203034
Finished training EB misspecified, with SURE: 0.0008024026304133969
Finished training EB misspecified, with in-sample MSE: 0.0057738792247498975

 Training SURE of the models:
SURE-PM: 0.0008024026304133969
NPMLE: 0.011675773763066494
SURE-PM, NPMLE init: 0.000801903451064554
experiment: e
Finished training EB misspecified with NPMLE init, with SURE: 0.15371043061725181
Finished training EB misspecified with NPMLE init, with in-sample MSE: 0.17059085717257394
Finished training EB misspecified, with SURE: 0.15372789006386903
Finished training EB misspecified, with in-sample MSE: 0.1705867488196715

 Training SURE of the models:
SURE-PM: 0.15372789006386903
NPMLE: 0.34314606538045767
SURE-PM, NPMLE init: 0.15371043061725181
m: 2005
n: 100
experiment: c
Finished training EB misspecified with NPMLE init, with SURE: -0.041848473823732205
Finished training EB misspecified with NPMLE init, with in-sample MSE: 0.07143271336865985
Finished training EB misspecified, with SURE: -0.04183160429031375
Finished training EB misspecified, with in-sample MSE: 0.07142546313654846

 Training SURE of the models:
SURE-PM: -0.04183160429031375
NPMLE: 0.44795749960666936
SURE-PM, NPMLE init: -0.041848473823732205
experiment: d
Finished training EB misspecified with NPMLE init, with SURE: 0.0006151886760737923
Finished training EB misspecified with NPMLE init, with in-sample MSE: 0.004578377709898657
Finished training EB misspecified, with SURE: 0.0006185871947577936
Finished training EB misspecified, with in-sample MSE: 0.004574655483023032

 Training SURE of the models:
SURE-PM: 0.0006185871947577936
NPMLE: 0.022056098314126107
SURE-PM, NPMLE init: 0.0006151886760737923
experiment: e
Finished training EB misspecified with NPMLE init, with SURE: 0.13404859168716826
Finished training EB misspecified with NPMLE init, with in-sample MSE: 0.17153269112836253
Finished training EB misspecified, with SURE: 0.13404315434366518
Finished training EB misspecified, with in-sample MSE: 0.1715380258886692

 Training SURE of the models:
SURE-PM: 0.13404315434366518
NPMLE: 0.3168680644862031
SURE-PM, NPMLE init: 0.13404859168716826
n: 400
experiment: c
Finished training EB misspecified with NPMLE init, with SURE: -0.030684752793402978
Finished training EB misspecified with NPMLE init, with in-sample MSE: 0.09784064133599303
Finished training EB misspecified, with SURE: 0.001918932359932768
Finished training EB misspecified, with in-sample MSE: 0.056237561135133854

 Training SURE of the models:
SURE-PM: 0.001918932359932768
NPMLE: 1.2931952540338125
SURE-PM, NPMLE init: -0.030684752793402978
experiment: d
Finished training EB misspecified with NPMLE init, with SURE: -0.016692116736993654
Finished training EB misspecified with NPMLE init, with in-sample MSE: 0.003929577875607889
Finished training EB misspecified, with SURE: -0.016691928224494498
Finished training EB misspecified, with in-sample MSE: 0.003929552604027844

 Training SURE of the models:
SURE-PM: -0.016691928224494498
NPMLE: 0.03376883889677671
SURE-PM, NPMLE init: -0.016692116736993654
experiment: e
Finished training EB misspecified with NPMLE init, with SURE: 0.16382799130498604
Finished training EB misspecified with NPMLE init, with in-sample MSE: 0.13848234420325986
Finished training EB misspecified, with SURE: 0.1638407106764805
Finished training EB misspecified, with in-sample MSE: 0.1387109987404345

 Training SURE of the models:
SURE-PM: 0.1638407106764805
NPMLE: 0.3294400809068889
SURE-PM, NPMLE init: 0.16382799130498604
m: 2006
n: 100
experiment: c
Finished training EB misspecified with NPMLE init, with SURE: 0.18789301935837968
Finished training EB misspecified with NPMLE init, with in-sample MSE: 0.1877674921528556
Finished training EB misspecified, with SURE: 0.1878947668184074
Finished training EB misspecified, with in-sample MSE: 0.1877539891812377

 Training SURE of the models:
SURE-PM: 0.1878947668184074
NPMLE: 0.4119316162683509
SURE-PM, NPMLE init: 0.18789301935837968
experiment: d
Finished training EB misspecified with NPMLE init, with SURE: 0.006704858455501679
Finished training EB misspecified with NPMLE init, with in-sample MSE: 0.009334122593657299
Finished training EB misspecified, with SURE: 0.00670529818609154
Finished training EB misspecified, with in-sample MSE: 0.009333299448745513

 Training SURE of the models:
SURE-PM: 0.00670529818609154
NPMLE: 0.11777077926030213
SURE-PM, NPMLE init: 0.006704858455501679
experiment: e
Finished training EB misspecified with NPMLE init, with SURE: 0.15973164709172377
Finished training EB misspecified with NPMLE init, with in-sample MSE: 0.20829068025723135
Finished training EB misspecified, with SURE: 0.15973012267787265
Finished training EB misspecified, with in-sample MSE: 0.2083160512434399

 Training SURE of the models:
SURE-PM: 0.15973012267787265
NPMLE: 0.3973360338181836
SURE-PM, NPMLE init: 0.15973164709172377
n: 400
experiment: c
Finished training EB misspecified with NPMLE init, with SURE: 0.07470335231212076
Finished training EB misspecified with NPMLE init, with in-sample MSE: 0.048541794857407325
Finished training EB misspecified, with SURE: 0.07468325872562331
Finished training EB misspecified, with in-sample MSE: 0.0485537456476178

 Training SURE of the models:
SURE-PM: 0.07468325872562331
NPMLE: 0.6664451165708342
SURE-PM, NPMLE init: 0.07470335231212076
experiment: d
Finished training EB misspecified with NPMLE init, with SURE: 0.009785294296101785
Finished training EB misspecified with NPMLE init, with in-sample MSE: 0.010154036213627739
Finished training EB misspecified, with SURE: 0.009790680950475786
Finished training EB misspecified, with in-sample MSE: 0.010145503388009

 Training SURE of the models:
SURE-PM: 0.009790680950475786
NPMLE: 0.06936468080186842
SURE-PM, NPMLE init: 0.009785294296101785
experiment: e
Finished training EB misspecified with NPMLE init, with SURE: 0.14505562171247183
Finished training EB misspecified with NPMLE init, with in-sample MSE: 0.21608923278321382
Finished training EB misspecified, with SURE: 0.14506137687291631
Finished training EB misspecified, with in-sample MSE: 0.21606061604813034

 Training SURE of the models:
SURE-PM: 0.14506137687291631
NPMLE: 0.3444776236386113
SURE-PM, NPMLE init: 0.14505562171247183
m: 2007
n: 100
experiment: c
Finished training EB misspecified with NPMLE init, with SURE: 0.0027910363511661983
Finished training EB misspecified with NPMLE init, with in-sample MSE: 0.05097816158893957
Finished training EB misspecified, with SURE: 0.002819258253921788
Finished training EB misspecified, with in-sample MSE: 0.050975416768745695

 Training SURE of the models:
SURE-PM: 0.002819258253921788
NPMLE: 0.5124760036095245
SURE-PM, NPMLE init: 0.0027910363511661983
experiment: d
Finished training EB misspecified with NPMLE init, with SURE: 0.017898745599226214
Finished training EB misspecified with NPMLE init, with in-sample MSE: 0.10856424177660952
Finished training EB misspecified, with SURE: 0.01791001565530847
Finished training EB misspecified, with in-sample MSE: 0.10854283319588594

 Training SURE of the models:
SURE-PM: 0.01791001565530847
NPMLE: 0.18086208616586102
SURE-PM, NPMLE init: 0.017898745599226214
experiment: e
Finished training EB misspecified with NPMLE init, with SURE: 0.14467630526879827
Finished training EB misspecified with NPMLE init, with in-sample MSE: 0.274643777844706
Finished training EB misspecified, with SURE: 0.14468869640040016
Finished training EB misspecified, with in-sample MSE: 0.27468757923846043

 Training SURE of the models:
SURE-PM: 0.14468869640040016
NPMLE: 0.3275729129596923
SURE-PM, NPMLE init: 0.14467630526879827
n: 400
experiment: c
Finished training EB misspecified with NPMLE init, with SURE: 0.11875586322900482
Finished training EB misspecified with NPMLE init, with in-sample MSE: 0.07065584774913633
Finished training EB misspecified, with SURE: 0.11875538626612063
Finished training EB misspecified, with in-sample MSE: 0.07065442218165847

 Training SURE of the models:
SURE-PM: 0.11875538626612063
NPMLE: 0.7156589182826248
SURE-PM, NPMLE init: 0.11875586322900482
experiment: d
Finished training EB misspecified with NPMLE init, with SURE: 0.007690908314484695
Finished training EB misspecified with NPMLE init, with in-sample MSE: 0.006682458564114988
Finished training EB misspecified, with SURE: 0.007693986450557197
Finished training EB misspecified, with in-sample MSE: 0.006683428098480719

 Training SURE of the models:
SURE-PM: 0.007693986450557197
NPMLE: 0.030164596506915373
SURE-PM, NPMLE init: 0.007690908314484695
experiment: e
Finished training EB misspecified with NPMLE init, with SURE: 0.15688790124955357
Finished training EB misspecified with NPMLE init, with in-sample MSE: 0.228964495598795
Finished training EB misspecified, with SURE: 0.15689361019558004
Finished training EB misspecified, with in-sample MSE: 0.22892828907799895

 Training SURE of the models:
SURE-PM: 0.15689361019558004
NPMLE: 0.4521269762908573
SURE-PM, NPMLE init: 0.15688790124955357
m: 2008
n: 100
experiment: c
Finished training EB misspecified with NPMLE init, with SURE: -0.03682726748794075
Finished training EB misspecified with NPMLE init, with in-sample MSE: 0.05567365991748405
Finished training EB misspecified, with SURE: -0.0316672638596944
Finished training EB misspecified, with in-sample MSE: 0.06255851353154421

 Training SURE of the models:
SURE-PM: -0.0316672638596944
NPMLE: 0.7336783125065699
SURE-PM, NPMLE init: -0.03682726748794075
experiment: d
Finished training EB misspecified with NPMLE init, with SURE: -0.008211261837968102
Finished training EB misspecified with NPMLE init, with in-sample MSE: 0.009858415952958112
Finished training EB misspecified, with SURE: -0.008210836781479306
Finished training EB misspecified, with in-sample MSE: 0.009858293910589679

 Training SURE of the models:
SURE-PM: -0.008210836781479306
NPMLE: 0.0162704771711385
SURE-PM, NPMLE init: -0.008211261837968102
experiment: e
Finished training EB misspecified with NPMLE init, with SURE: 0.12840579977865205
Finished training EB misspecified with NPMLE init, with in-sample MSE: 0.22592638129966144
Finished training EB misspecified, with SURE: 0.1283828590856583
Finished training EB misspecified, with in-sample MSE: 0.2260404970167723

 Training SURE of the models:
SURE-PM: 0.1283828590856583
NPMLE: 0.33714195523648643
SURE-PM, NPMLE init: 0.12840579977865205
n: 400
experiment: c
Finished training EB misspecified with NPMLE init, with SURE: 0.04302909106147723
Finished training EB misspecified with NPMLE init, with in-sample MSE: 0.05734137590511153
Finished training EB misspecified, with SURE: 0.0431584812690933
Finished training EB misspecified, with in-sample MSE: 0.05829219319835286

 Training SURE of the models:
SURE-PM: 0.0431584812690933
NPMLE: 0.7245458313763382
SURE-PM, NPMLE init: 0.04302909106147723
experiment: d
Finished training EB misspecified with NPMLE init, with SURE: -0.002183147141171844
Finished training EB misspecified with NPMLE init, with in-sample MSE: 0.005509004407408328
Finished training EB misspecified, with SURE: -0.0021828906591947472
Finished training EB misspecified, with in-sample MSE: 0.005508872850290936

 Training SURE of the models:
SURE-PM: -0.0021828906591947472
NPMLE: 0.02258224372509293
SURE-PM, NPMLE init: -0.002183147141171844
experiment: e
Finished training EB misspecified with NPMLE init, with SURE: 0.1596733706590464
Finished training EB misspecified with NPMLE init, with in-sample MSE: 0.17987152123584205
Finished training EB misspecified, with SURE: 0.1601158182637543
Finished training EB misspecified, with in-sample MSE: 0.1811913593404175

 Training SURE of the models:
SURE-PM: 0.1601158182637543
NPMLE: 0.33914484382706533
SURE-PM, NPMLE init: 0.1596733706590464
m: 2009
n: 100
experiment: c
Finished training EB misspecified with NPMLE init, with SURE: 0.002589128507501428
Finished training EB misspecified with NPMLE init, with in-sample MSE: 0.06933429015289248
Finished training EB misspecified, with SURE: 0.0025928731725408482
Finished training EB misspecified, with in-sample MSE: 0.06934019023656057

 Training SURE of the models:
SURE-PM: 0.0025928731725408482
NPMLE: 0.7648135345825999
SURE-PM, NPMLE init: 0.002589128507501428
experiment: d
Finished training EB misspecified with NPMLE init, with SURE: 0.0017098014886064306
Finished training EB misspecified with NPMLE init, with in-sample MSE: 0.0136113163205688
Finished training EB misspecified, with SURE: 0.001754447771489538
Finished training EB misspecified, with in-sample MSE: 0.01401125794347717

 Training SURE of the models:
SURE-PM: 0.001754447771489538
NPMLE: 0.05729148395534242
SURE-PM, NPMLE init: 0.0017098014886064306
experiment: e
Finished training EB misspecified with NPMLE init, with SURE: 0.14550378506596404
Finished training EB misspecified with NPMLE init, with in-sample MSE: 0.22347755710923362
Finished training EB misspecified, with SURE: 0.14551318900687568
Finished training EB misspecified, with in-sample MSE: 0.22345757737755542

 Training SURE of the models:
SURE-PM: 0.14551318900687568
NPMLE: 0.22572757321586814
SURE-PM, NPMLE init: 0.14550378506596404
n: 400
experiment: c
Finished training EB misspecified with NPMLE init, with SURE: 0.07141981952634012
Finished training EB misspecified with NPMLE init, with in-sample MSE: 0.054945429118974334
Finished training EB misspecified, with SURE: 0.07142704050245911
Finished training EB misspecified, with in-sample MSE: 0.0549403411271615

 Training SURE of the models:
SURE-PM: 0.07142704050245911
NPMLE: 0.8930725288789233
SURE-PM, NPMLE init: 0.07141981952634012
experiment: d
Finished training EB misspecified with NPMLE init, with SURE: -0.0014407686323660406
Finished training EB misspecified with NPMLE init, with in-sample MSE: 0.005525100803700311
Finished training EB misspecified, with SURE: -0.0014323417825866259
Finished training EB misspecified, with in-sample MSE: 0.005505438257334341

 Training SURE of the models:
SURE-PM: -0.0014323417825866259
NPMLE: 0.020565374531776825
SURE-PM, NPMLE init: -0.0014407686323660406
experiment: e
Finished training EB misspecified with NPMLE init, with SURE: 0.16359223509680768
Finished training EB misspecified with NPMLE init, with in-sample MSE: 0.18491876706555113
Finished training EB misspecified, with SURE: 0.1635945670060989
Finished training EB misspecified, with in-sample MSE: 0.18492920673833854

 Training SURE of the models:
SURE-PM: 0.1635945670060989
NPMLE: 0.3351001635805131
SURE-PM, NPMLE init: 0.16359223509680768
m: 2010
n: 100
experiment: c
Finished training EB misspecified with NPMLE init, with SURE: -0.04703820769666613
Finished training EB misspecified with NPMLE init, with in-sample MSE: 0.06487999525594366
Finished training EB misspecified, with SURE: -0.039108598556712976
Finished training EB misspecified, with in-sample MSE: 0.06762697375213232

 Training SURE of the models:
SURE-PM: -0.039108598556712976
NPMLE: 0.8876490502395586
SURE-PM, NPMLE init: -0.04703820769666613
experiment: d
Finished training EB misspecified with NPMLE init, with SURE: 0.005385785313819404
Finished training EB misspecified with NPMLE init, with in-sample MSE: 0.004779372126179556
Finished training EB misspecified, with SURE: 0.005390280318367804
Finished training EB misspecified, with in-sample MSE: 0.004777763520134417

 Training SURE of the models:
SURE-PM: 0.005390280318367804
NPMLE: 0.030455993259318442
SURE-PM, NPMLE init: 0.005385785313819404
experiment: e
Finished training EB misspecified with NPMLE init, with SURE: 0.05087583298068683
Finished training EB misspecified with NPMLE init, with in-sample MSE: 0.21673932565347062
Finished training EB misspecified, with SURE: 0.050886219413243304
Finished training EB misspecified, with in-sample MSE: 0.21658265389850534

 Training SURE of the models:
SURE-PM: 0.050886219413243304
NPMLE: 0.38477558741026047
SURE-PM, NPMLE init: 0.05087583298068683
n: 400
experiment: c
Finished training EB misspecified with NPMLE init, with SURE: 0.01415850561753544
Finished training EB misspecified with NPMLE init, with in-sample MSE: 0.0686678585090974
Finished training EB misspecified, with SURE: 0.014164587082813682
Finished training EB misspecified, with in-sample MSE: 0.06868095462889086

 Training SURE of the models:
SURE-PM: 0.014164587082813682
NPMLE: 0.67072596230056
SURE-PM, NPMLE init: 0.01415850561753544
experiment: d
Finished training EB misspecified with NPMLE init, with SURE: -0.00752581147909325
Finished training EB misspecified with NPMLE init, with in-sample MSE: 0.0049084340804353335
Finished training EB misspecified, with SURE: -0.007525581126682113
Finished training EB misspecified, with in-sample MSE: 0.004908396771273116

 Training SURE of the models:
SURE-PM: -0.007525581126682113
NPMLE: 0.02787047384388364
SURE-PM, NPMLE init: -0.00752581147909325
experiment: e
Finished training EB misspecified with NPMLE init, with SURE: 0.14504142855228147
Finished training EB misspecified with NPMLE init, with in-sample MSE: 0.2108620685172851
Finished training EB misspecified, with SURE: 0.14504305634412235
Finished training EB misspecified, with in-sample MSE: 0.21086232993996268

 Training SURE of the models:
SURE-PM: 0.14504305634412235
NPMLE: 0.3556775706401183
SURE-PM, NPMLE init: 0.14504142855228147
m: 2011
n: 100
experiment: c
Finished training EB misspecified with NPMLE init, with SURE: -0.010550230792543545
Finished training EB misspecified with NPMLE init, with in-sample MSE: 0.06914281314763251
Finished training EB misspecified, with SURE: -0.010545386285307927
Finished training EB misspecified, with in-sample MSE: 0.06914710642198867

 Training SURE of the models:
SURE-PM: -0.010545386285307927
NPMLE: 0.5098565731125949
SURE-PM, NPMLE init: -0.010550230792543545
experiment: d
Finished training EB misspecified with NPMLE init, with SURE: 0.026111375157472347
Finished training EB misspecified with NPMLE init, with in-sample MSE: 0.014151611065876929
Finished training EB misspecified, with SURE: 0.026112033150569102
Finished training EB misspecified, with in-sample MSE: 0.01415083975699094

 Training SURE of the models:
SURE-PM: 0.026112033150569102
NPMLE: 0.037763292764382825
SURE-PM, NPMLE init: 0.026111375157472347
experiment: e
Finished training EB misspecified with NPMLE init, with SURE: 0.18591165533423024
Finished training EB misspecified with NPMLE init, with in-sample MSE: 0.22175251411685132
Finished training EB misspecified, with SURE: 0.18591964469431113
Finished training EB misspecified, with in-sample MSE: 0.2217621757827268

 Training SURE of the models:
SURE-PM: 0.18591964469431113
NPMLE: 0.24429062278034874
SURE-PM, NPMLE init: 0.18591165533423024
n: 400
experiment: c
Finished training EB misspecified with NPMLE init, with SURE: 0.028381818991843416
Finished training EB misspecified with NPMLE init, with in-sample MSE: 0.05776071179461783
Finished training EB misspecified, with SURE: 0.028381585000587677
Finished training EB misspecified, with in-sample MSE: 0.05772791064318107

 Training SURE of the models:
SURE-PM: 0.028381585000587677
NPMLE: 0.786017252793597
SURE-PM, NPMLE init: 0.028381818991843416
experiment: d
Finished training EB misspecified with NPMLE init, with SURE: -0.011172504057382699
Finished training EB misspecified with NPMLE init, with in-sample MSE: 0.00972695978173776
Finished training EB misspecified, with SURE: -0.011170525238051284
Finished training EB misspecified, with in-sample MSE: 0.009718670610378722

 Training SURE of the models:
SURE-PM: -0.011170525238051284
NPMLE: 0.01594435550499231
SURE-PM, NPMLE init: -0.011172504057382699
experiment: e
Finished training EB misspecified with NPMLE init, with SURE: 0.14525730847484256
Finished training EB misspecified with NPMLE init, with in-sample MSE: 0.18749343374560543
Finished training EB misspecified, with SURE: 0.14525659804351398
Finished training EB misspecified, with in-sample MSE: 0.18749574030777721

 Training SURE of the models:
SURE-PM: 0.14525659804351398
NPMLE: 0.3303241584860761
SURE-PM, NPMLE init: 0.14525730847484256
m: 2012
n: 100
experiment: c
Finished training EB misspecified with NPMLE init, with SURE: 0.0825416646876117
Finished training EB misspecified with NPMLE init, with in-sample MSE: 0.07472763497235979
Finished training EB misspecified, with SURE: 0.08303604072402877
Finished training EB misspecified, with in-sample MSE: 0.0721805826325021

 Training SURE of the models:
SURE-PM: 0.08303604072402877
NPMLE: 0.684165165247669
SURE-PM, NPMLE init: 0.0825416646876117
experiment: d
Finished training EB misspecified with NPMLE init, with SURE: -0.0164178828138723
Finished training EB misspecified with NPMLE init, with in-sample MSE: 0.005133656162871808
Finished training EB misspecified, with SURE: -0.016417693422190977
Finished training EB misspecified, with in-sample MSE: 0.00513346220297884

 Training SURE of the models:
SURE-PM: -0.016417693422190977
NPMLE: -0.008583272706460185
SURE-PM, NPMLE init: -0.0164178828138723
experiment: e
Finished training EB misspecified with NPMLE init, with SURE: 0.09431145907407312
Finished training EB misspecified with NPMLE init, with in-sample MSE: 0.1642315676870835
Finished training EB misspecified, with SURE: 0.09432629884880761
Finished training EB misspecified, with in-sample MSE: 0.1641865590160465

 Training SURE of the models:
SURE-PM: 0.09432629884880761
NPMLE: 0.26609003905230105
SURE-PM, NPMLE init: 0.09431145907407312
n: 400
experiment: c
Finished training EB misspecified with NPMLE init, with SURE: 0.08272404304675547
Finished training EB misspecified with NPMLE init, with in-sample MSE: 0.0718521945621323
Finished training EB misspecified, with SURE: 0.08298854021715485
Finished training EB misspecified, with in-sample MSE: 0.07273541417550275

 Training SURE of the models:
SURE-PM: 0.08298854021715485
NPMLE: 0.5031186338711922
SURE-PM, NPMLE init: 0.08272404304675547
experiment: d
Finished training EB misspecified with NPMLE init, with SURE: 0.01194992795399502
Finished training EB misspecified with NPMLE init, with in-sample MSE: 0.005186206630547956
Finished training EB misspecified, with SURE: 0.011950310627819007
Finished training EB misspecified, with in-sample MSE: 0.005186082953249865

 Training SURE of the models:
SURE-PM: 0.011950310627819007
NPMLE: 0.12369411387290612
SURE-PM, NPMLE init: 0.01194992795399502
experiment: e
Finished training EB misspecified with NPMLE init, with SURE: 0.168981325629257
Finished training EB misspecified with NPMLE init, with in-sample MSE: 0.16807693342367028
Finished training EB misspecified, with SURE: 0.1689928124041427
Finished training EB misspecified, with in-sample MSE: 0.16808954979696455

 Training SURE of the models:
SURE-PM: 0.1689928124041427
NPMLE: 0.3191057616791084
SURE-PM, NPMLE init: 0.168981325629257
m: 2013
n: 100
experiment: c
Finished training EB misspecified with NPMLE init, with SURE: -0.08380549189509011
Finished training EB misspecified with NPMLE init, with in-sample MSE: 0.067415449670346
Finished training EB misspecified, with SURE: -0.08380576135476836
Finished training EB misspecified, with in-sample MSE: 0.06741727742154166

 Training SURE of the models:
SURE-PM: -0.08380576135476836
NPMLE: 0.5770845914993967
SURE-PM, NPMLE init: -0.08380549189509011
experiment: d
Finished training EB misspecified with NPMLE init, with SURE: 0.03639256618848478
Finished training EB misspecified with NPMLE init, with in-sample MSE: 0.014058060080585421
Finished training EB misspecified, with SURE: 0.03639530463008146
Finished training EB misspecified, with in-sample MSE: 0.014054315596566282

 Training SURE of the models:
SURE-PM: 0.03639530463008146
NPMLE: 0.07217400844252271
SURE-PM, NPMLE init: 0.03639256618848478
experiment: e
Finished training EB misspecified with NPMLE init, with SURE: 0.09338439417390638
Finished training EB misspecified with NPMLE init, with in-sample MSE: 0.18885079067012342
Finished training EB misspecified, with SURE: 0.0933845044466419
Finished training EB misspecified, with in-sample MSE: 0.18883048505820071

 Training SURE of the models:
SURE-PM: 0.0933845044466419
NPMLE: 0.32654048201558517
SURE-PM, NPMLE init: 0.09338439417390638
n: 400
experiment: c
Finished training EB misspecified with NPMLE init, with SURE: 0.05074694372767006
Finished training EB misspecified with NPMLE init, with in-sample MSE: 0.05652487570883424
Finished training EB misspecified, with SURE: 0.05090201727822745
Finished training EB misspecified, with in-sample MSE: 0.05564316709464376

 Training SURE of the models:
SURE-PM: 0.05090201727822745
NPMLE: 0.739939088852269
SURE-PM, NPMLE init: 0.05074694372767006
experiment: d
Finished training EB misspecified with NPMLE init, with SURE: 0.024893894736676466
Finished training EB misspecified with NPMLE init, with in-sample MSE: 0.016612156984988538
Finished training EB misspecified, with SURE: 0.024898809113920315
Finished training EB misspecified, with in-sample MSE: 0.016602730144874504

 Training SURE of the models:
SURE-PM: 0.024898809113920315
NPMLE: 0.11143011078755763
SURE-PM, NPMLE init: 0.024893894736676466
experiment: e
Finished training EB misspecified with NPMLE init, with SURE: 0.12165621441556812
Finished training EB misspecified with NPMLE init, with in-sample MSE: 0.22289146322205902
Finished training EB misspecified, with SURE: 0.12161114253377588
Finished training EB misspecified, with in-sample MSE: 0.223764720437867

 Training SURE of the models:
SURE-PM: 0.12161114253377588
NPMLE: 0.4074504632794402
SURE-PM, NPMLE init: 0.12165621441556812
m: 2014
n: 100
experiment: c
Finished training EB misspecified with NPMLE init, with SURE: 0.006693412217326867
Finished training EB misspecified with NPMLE init, with in-sample MSE: 0.08233250448344918
Finished training EB misspecified, with SURE: 0.006671670787771973
Finished training EB misspecified, with in-sample MSE: 0.08246813464292485

 Training SURE of the models:
SURE-PM: 0.006671670787771973
NPMLE: 0.7305873562007881
SURE-PM, NPMLE init: 0.006693412217326867
experiment: d
Finished training EB misspecified with NPMLE init, with SURE: 0.005455925476571082
Finished training EB misspecified with NPMLE init, with in-sample MSE: 0.011645525674025693
Finished training EB misspecified, with SURE: 0.0054573073190565145
Finished training EB misspecified, with in-sample MSE: 0.011637743616523056

 Training SURE of the models:
SURE-PM: 0.0054573073190565145
NPMLE: 0.015261936932563901
SURE-PM, NPMLE init: 0.005455925476571082
experiment: e
Finished training EB misspecified with NPMLE init, with SURE: 0.14921134422046187
Finished training EB misspecified with NPMLE init, with in-sample MSE: 0.25967199620422116
Finished training EB misspecified, with SURE: 0.14547115236170263
Finished training EB misspecified, with in-sample MSE: 0.257951775877396

 Training SURE of the models:
SURE-PM: 0.14547115236170263
NPMLE: 0.2621692741345283
SURE-PM, NPMLE init: 0.14921134422046187
n: 400
experiment: c
Finished training EB misspecified with NPMLE init, with SURE: 0.05016357108270761
Finished training EB misspecified with NPMLE init, with in-sample MSE: 0.05809524000501948
Finished training EB misspecified, with SURE: 0.05017680696393271
Finished training EB misspecified, with in-sample MSE: 0.05809006523622504

 Training SURE of the models:
SURE-PM: 0.05017680696393271
NPMLE: 0.652883522958828
SURE-PM, NPMLE init: 0.05016357108270761
experiment: d
Finished training EB misspecified with NPMLE init, with SURE: 0.007182100111604104
Finished training EB misspecified with NPMLE init, with in-sample MSE: 0.007472138273192981
Finished training EB misspecified, with SURE: 0.007191993527974141
Finished training EB misspecified, with in-sample MSE: 0.0074146980040245905

 Training SURE of the models:
SURE-PM: 0.007191993527974141
NPMLE: 0.012716965382954335
SURE-PM, NPMLE init: 0.007182100111604104
experiment: e
Finished training EB misspecified with NPMLE init, with SURE: 0.17763736771630306
Finished training EB misspecified with NPMLE init, with in-sample MSE: 0.19035084004807293
Finished training EB misspecified, with SURE: 0.17800640486004837
Finished training EB misspecified, with in-sample MSE: 0.1908370672191813

 Training SURE of the models:
SURE-PM: 0.17800640486004837
NPMLE: 0.3929402339813952
SURE-PM, NPMLE init: 0.17763736771630306
m: 2015
n: 100
experiment: c
Finished training EB misspecified with NPMLE init, with SURE: 0.0534853187469497
Finished training EB misspecified with NPMLE init, with in-sample MSE: 0.10166596553209342
Finished training EB misspecified, with SURE: 0.053546436858686944
Finished training EB misspecified, with in-sample MSE: 0.10168416827534296

 Training SURE of the models:
SURE-PM: 0.053546436858686944
NPMLE: 0.8451617713627144
SURE-PM, NPMLE init: 0.0534853187469497
experiment: d
Finished training EB misspecified with NPMLE init, with SURE: 0.0007309638291793519
Finished training EB misspecified with NPMLE init, with in-sample MSE: 0.027402414023613084
Finished training EB misspecified, with SURE: 0.0007328361121334481
Finished training EB misspecified, with in-sample MSE: 0.027400311163220167

 Training SURE of the models:
SURE-PM: 0.0007328361121334481
NPMLE: 0.0929466158612855
SURE-PM, NPMLE init: 0.0007309638291793519
experiment: e
Finished training EB misspecified with NPMLE init, with SURE: 0.1327373798972642
Finished training EB misspecified with NPMLE init, with in-sample MSE: 0.21502511639765876
Finished training EB misspecified, with SURE: 0.132752535570082
Finished training EB misspecified, with in-sample MSE: 0.215201600107074

 Training SURE of the models:
SURE-PM: 0.132752535570082
NPMLE: 0.2891104838601073
SURE-PM, NPMLE init: 0.1327373798972642
n: 400
experiment: c
Finished training EB misspecified with NPMLE init, with SURE: 0.05614194097004948
Finished training EB misspecified with NPMLE init, with in-sample MSE: 0.0744769794792712
Finished training EB misspecified, with SURE: 0.06242149087476321
Finished training EB misspecified, with in-sample MSE: 0.05765649848919484

 Training SURE of the models:
SURE-PM: 0.06242149087476321
NPMLE: 0.6854405600814768
SURE-PM, NPMLE init: 0.05614194097004948
experiment: d
Finished training EB misspecified with NPMLE init, with SURE: -0.01211940693855432
Finished training EB misspecified with NPMLE init, with in-sample MSE: 0.005103240431636812
Finished training EB misspecified, with SURE: -0.012118997161364274
Finished training EB misspecified, with in-sample MSE: 0.005103096359452389

 Training SURE of the models:
SURE-PM: -0.012118997161364274
NPMLE: 0.014682119138225218
SURE-PM, NPMLE init: -0.01211940693855432
experiment: e
Finished training EB misspecified with NPMLE init, with SURE: 0.1372000607845055
Finished training EB misspecified with NPMLE init, with in-sample MSE: 0.18061118803854093
Finished training EB misspecified, with SURE: 0.1374488138387615
Finished training EB misspecified, with in-sample MSE: 0.18009265308272535

 Training SURE of the models:
SURE-PM: 0.1374488138387615
NPMLE: 0.30739383394823194
SURE-PM, NPMLE init: 0.1372000607845055
m: 2016
n: 100
experiment: c
Finished training EB misspecified with NPMLE init, with SURE: 0.04073178724572728
Finished training EB misspecified with NPMLE init, with in-sample MSE: 0.050239521602198266
Finished training EB misspecified, with SURE: 0.04073497525177075
Finished training EB misspecified, with in-sample MSE: 0.05024162228226291

 Training SURE of the models:
SURE-PM: 0.04073497525177075
NPMLE: 0.448589225003918
SURE-PM, NPMLE init: 0.04073178724572728
experiment: d
Finished training EB misspecified with NPMLE init, with SURE: 0.010515493052598277
Finished training EB misspecified with NPMLE init, with in-sample MSE: 0.004787643544344869
Finished training EB misspecified, with SURE: 0.010515797349286196
Finished training EB misspecified, with in-sample MSE: 0.004787890162650915

 Training SURE of the models:
SURE-PM: 0.010515797349286196
NPMLE: 0.016616626015219307
SURE-PM, NPMLE init: 0.010515493052598277
experiment: e
Finished training EB misspecified with NPMLE init, with SURE: 0.1442116682478143
Finished training EB misspecified with NPMLE init, with in-sample MSE: 0.18999656436043794
Finished training EB misspecified, with SURE: 0.14421226908210494
Finished training EB misspecified, with in-sample MSE: 0.1899940854042605

 Training SURE of the models:
SURE-PM: 0.14421226908210494
NPMLE: 0.2856068315912641
SURE-PM, NPMLE init: 0.1442116682478143
n: 400
experiment: c
Finished training EB misspecified with NPMLE init, with SURE: 0.08156301136788009
Finished training EB misspecified with NPMLE init, with in-sample MSE: 0.05225818876019606
Finished training EB misspecified, with SURE: 0.08011382634861398
Finished training EB misspecified, with in-sample MSE: 0.05717094557242246

 Training SURE of the models:
SURE-PM: 0.08011382634861398
NPMLE: 0.5092944577548929
SURE-PM, NPMLE init: 0.08156301136788009
experiment: d
Finished training EB misspecified with NPMLE init, with SURE: 0.017157242479477867
Finished training EB misspecified with NPMLE init, with in-sample MSE: 0.006772189045244249
Finished training EB misspecified, with SURE: 0.017157383471846224
Finished training EB misspecified, with in-sample MSE: 0.006772093124462095

 Training SURE of the models:
SURE-PM: 0.017157383471846224
NPMLE: 0.05635209257599005
SURE-PM, NPMLE init: 0.017157242479477867
experiment: e
Finished training EB misspecified with NPMLE init, with SURE: 0.16173800128501944
Finished training EB misspecified with NPMLE init, with in-sample MSE: 0.20311342386031633
Finished training EB misspecified, with SURE: 0.16175090470007653
Finished training EB misspecified, with in-sample MSE: 0.20305387181958512

 Training SURE of the models:
SURE-PM: 0.16175090470007653
NPMLE: 0.28940389946250866
SURE-PM, NPMLE init: 0.16173800128501944
m: 2017
n: 100
experiment: c
Finished training EB misspecified with NPMLE init, with SURE: -0.08962608951076774
Finished training EB misspecified with NPMLE init, with in-sample MSE: 0.09141802092609165
Finished training EB misspecified, with SURE: -0.08962675927018979
Finished training EB misspecified, with in-sample MSE: 0.09141923741253571

 Training SURE of the models:
SURE-PM: -0.08962675927018979
NPMLE: 0.47515661119624253
SURE-PM, NPMLE init: -0.08962608951076774
experiment: d
Finished training EB misspecified with NPMLE init, with SURE: -0.021662533733895623
Finished training EB misspecified with NPMLE init, with in-sample MSE: 0.03455929893164509
Finished training EB misspecified, with SURE: -0.0003720575450170394
Finished training EB misspecified, with in-sample MSE: 0.0039030179843462017

 Training SURE of the models:
SURE-PM: -0.0003720575450170394
NPMLE: 0.13411981111323093
SURE-PM, NPMLE init: -0.021662533733895623
experiment: e
Finished training EB misspecified with NPMLE init, with SURE: 0.07458137556095344
Finished training EB misspecified with NPMLE init, with in-sample MSE: 0.20946299265511467
Finished training EB misspecified, with SURE: 0.0643742515293723
Finished training EB misspecified, with in-sample MSE: 0.21954790251018064

 Training SURE of the models:
SURE-PM: 0.0643742515293723
NPMLE: 0.2649319397386799
SURE-PM, NPMLE init: 0.07458137556095344
n: 400
experiment: c
Finished training EB misspecified with NPMLE init, with SURE: 0.0523563433336939
Finished training EB misspecified with NPMLE init, with in-sample MSE: 0.06662755769261845
Finished training EB misspecified, with SURE: 0.052384401136576386
Finished training EB misspecified, with in-sample MSE: 0.06661201041496091

 Training SURE of the models:
SURE-PM: 0.052384401136576386
NPMLE: 0.822587062725368
SURE-PM, NPMLE init: 0.0523563433336939
experiment: d
Finished training EB misspecified with NPMLE init, with SURE: 0.009088744434526267
Finished training EB misspecified with NPMLE init, with in-sample MSE: 0.004843921284127018
Finished training EB misspecified, with SURE: 0.009089189179301568
Finished training EB misspecified, with in-sample MSE: 0.004843695781416689

 Training SURE of the models:
SURE-PM: 0.009089189179301568
NPMLE: 0.04320774397041889
SURE-PM, NPMLE init: 0.009088744434526267
experiment: e
Finished training EB misspecified with NPMLE init, with SURE: 0.177298248900889
Finished training EB misspecified with NPMLE init, with in-sample MSE: 0.198547894604994
Finished training EB misspecified, with SURE: 0.17730169792198366
Finished training EB misspecified, with in-sample MSE: 0.19854555390997006

 Training SURE of the models:
SURE-PM: 0.17730169792198366
NPMLE: 0.31911752902932394
SURE-PM, NPMLE init: 0.177298248900889
m: 2018
n: 100
experiment: c
Finished training EB misspecified with NPMLE init, with SURE: 0.07927782285530917
Finished training EB misspecified with NPMLE init, with in-sample MSE: 0.06742354454188702
Finished training EB misspecified, with SURE: 0.0792848331263989
Finished training EB misspecified, with in-sample MSE: 0.06747520565868252

 Training SURE of the models:
SURE-PM: 0.0792848331263989
NPMLE: 0.69521338215588
SURE-PM, NPMLE init: 0.07927782285530917
experiment: d
Finished training EB misspecified with NPMLE init, with SURE: 0.008786130343617896
Finished training EB misspecified with NPMLE init, with in-sample MSE: 0.006171502771434656
Finished training EB misspecified, with SURE: 0.008786547131518425
Finished training EB misspecified, with in-sample MSE: 0.006170726366005709

 Training SURE of the models:
SURE-PM: 0.008786547131518425
NPMLE: 0.044589466846507865
SURE-PM, NPMLE init: 0.008786130343617896
experiment: e
Finished training EB misspecified with NPMLE init, with SURE: 0.18160072347832557
Finished training EB misspecified with NPMLE init, with in-sample MSE: 0.2120446744548042
Finished training EB misspecified, with SURE: 0.1704652050816777
Finished training EB misspecified, with in-sample MSE: 0.21446399029360605

 Training SURE of the models:
SURE-PM: 0.1704652050816777
NPMLE: 0.2713274718995568
SURE-PM, NPMLE init: 0.18160072347832557
n: 400
experiment: c
Finished training EB misspecified with NPMLE init, with SURE: -0.00918072888416603
Finished training EB misspecified with NPMLE init, with in-sample MSE: 0.05743492437165615
Finished training EB misspecified, with SURE: -0.009165949204700184
Finished training EB misspecified, with in-sample MSE: 0.05743193420729914

 Training SURE of the models:
SURE-PM: -0.009165949204700184
NPMLE: 0.804602123234836
SURE-PM, NPMLE init: -0.00918072888416603
experiment: d
Finished training EB misspecified with NPMLE init, with SURE: 0.0023380421094696046
Finished training EB misspecified with NPMLE init, with in-sample MSE: 0.009978565971594924
Finished training EB misspecified, with SURE: 0.0023403225415927053
Finished training EB misspecified, with in-sample MSE: 0.009974026730707013

 Training SURE of the models:
SURE-PM: 0.0023403225415927053
NPMLE: 0.005578869852403852
SURE-PM, NPMLE init: 0.0023380421094696046
experiment: e
Finished training EB misspecified with NPMLE init, with SURE: 0.15104790842182175
Finished training EB misspecified with NPMLE init, with in-sample MSE: 0.18347537346780374
Finished training EB misspecified, with SURE: 0.1466702672703326
Finished training EB misspecified, with in-sample MSE: 0.18627520536898465

 Training SURE of the models:
SURE-PM: 0.1466702672703326
NPMLE: 0.35218520862466174
SURE-PM, NPMLE init: 0.15104790842182175
m: 2019
n: 100
experiment: c
Finished training EB misspecified with NPMLE init, with SURE: 0.0703822094562635
Finished training EB misspecified with NPMLE init, with in-sample MSE: 0.12812998511051543
Finished training EB misspecified, with SURE: 0.07040321801328638
Finished training EB misspecified, with in-sample MSE: 0.12812916349771236

 Training SURE of the models:
SURE-PM: 0.07040321801328638
NPMLE: 0.6925254246416591
SURE-PM, NPMLE init: 0.0703822094562635
experiment: d
Finished training EB misspecified with NPMLE init, with SURE: -0.010176768743401397
Finished training EB misspecified with NPMLE init, with in-sample MSE: 0.004537366183800097
Finished training EB misspecified, with SURE: -0.010176619533406707
Finished training EB misspecified, with in-sample MSE: 0.004537323964765131

 Training SURE of the models:
SURE-PM: -0.010176619533406707
NPMLE: 0.058916856821845956
SURE-PM, NPMLE init: -0.010176768743401397
experiment: e
Finished training EB misspecified with NPMLE init, with SURE: 0.12565334097300201
Finished training EB misspecified with NPMLE init, with in-sample MSE: 0.1374108474231247
Finished training EB misspecified, with SURE: 0.12565876834365505
Finished training EB misspecified, with in-sample MSE: 0.1374045913757085

 Training SURE of the models:
SURE-PM: 0.12565876834365505
NPMLE: 0.34933150747958874
SURE-PM, NPMLE init: 0.12565334097300201
n: 400
experiment: c
Finished training EB misspecified with NPMLE init, with SURE: 0.08351582901498177
Finished training EB misspecified with NPMLE init, with in-sample MSE: 0.05710571652588756
Finished training EB misspecified, with SURE: 0.0835175712661713
Finished training EB misspecified, with in-sample MSE: 0.05710570831752641

 Training SURE of the models:
SURE-PM: 0.0835175712661713
NPMLE: 0.6521089156062675
SURE-PM, NPMLE init: 0.08351582901498177
experiment: d
Finished training EB misspecified with NPMLE init, with SURE: 0.008782907385425318
Finished training EB misspecified with NPMLE init, with in-sample MSE: 0.00567749456749792
Finished training EB misspecified, with SURE: 0.008781778344238092
Finished training EB misspecified, with in-sample MSE: 0.005678814359070935

 Training SURE of the models:
SURE-PM: 0.008781778344238092
NPMLE: 0.08164558439416796
SURE-PM, NPMLE init: 0.008782907385425318
experiment: e
Finished training EB misspecified with NPMLE init, with SURE: 0.15896205929365184
Finished training EB misspecified with NPMLE init, with in-sample MSE: 0.20927719349588686
Finished training EB misspecified, with SURE: 0.15446953739846503
Finished training EB misspecified, with in-sample MSE: 0.21059155767384183

 Training SURE of the models:
SURE-PM: 0.15446953739846503
NPMLE: 0.3031190754013475
SURE-PM, NPMLE init: 0.15896205929365184
m: 2020
n: 100
experiment: c
Finished training EB misspecified with NPMLE init, with SURE: -0.00470240218521198
Finished training EB misspecified with NPMLE init, with in-sample MSE: 0.25244814985160025
Finished training EB misspecified, with SURE: -0.004688826060629055
Finished training EB misspecified, with in-sample MSE: 0.25248250651496823

 Training SURE of the models:
SURE-PM: -0.004688826060629055
NPMLE: 0.9110414900362707
SURE-PM, NPMLE init: -0.00470240218521198
experiment: d
Finished training EB misspecified with NPMLE init, with SURE: -0.014403626559126899
Finished training EB misspecified with NPMLE init, with in-sample MSE: 0.010388415169506055
Finished training EB misspecified, with SURE: -0.0144015951826424
Finished training EB misspecified, with in-sample MSE: 0.010360906594733446

 Training SURE of the models:
SURE-PM: -0.0144015951826424
NPMLE: -0.006929193977580504
SURE-PM, NPMLE init: -0.014403626559126899
experiment: e
Finished training EB misspecified with NPMLE init, with SURE: 0.06970680994735315
Finished training EB misspecified with NPMLE init, with in-sample MSE: 0.19797702455035351
Finished training EB misspecified, with SURE: 0.06970840431417831
Finished training EB misspecified, with in-sample MSE: 0.19804436703503764

 Training SURE of the models:
SURE-PM: 0.06970840431417831
NPMLE: 0.2977280511542264
SURE-PM, NPMLE init: 0.06970680994735315
n: 400
experiment: c
Finished training EB misspecified with NPMLE init, with SURE: 0.04956657190908985
Finished training EB misspecified with NPMLE init, with in-sample MSE: 0.05051242489120445
Finished training EB misspecified, with SURE: 0.04956650291319058
Finished training EB misspecified, with in-sample MSE: 0.05051145993839198

 Training SURE of the models:
SURE-PM: 0.04956650291319058
NPMLE: 0.747637111317089
SURE-PM, NPMLE init: 0.04956657190908985
experiment: d
Finished training EB misspecified with NPMLE init, with SURE: -0.019403342481883874
Finished training EB misspecified with NPMLE init, with in-sample MSE: 0.005816707005534025
Finished training EB misspecified, with SURE: -0.019402927850318347
Finished training EB misspecified, with in-sample MSE: 0.005816665864743626

 Training SURE of the models:
SURE-PM: -0.019402927850318347
NPMLE: 0.007016522627179036
SURE-PM, NPMLE init: -0.019403342481883874
experiment: e
Finished training EB misspecified with NPMLE init, with SURE: 0.131871729547535
Finished training EB misspecified with NPMLE init, with in-sample MSE: 0.16612630686964144
Finished training EB misspecified, with SURE: 0.13187188704619338
Finished training EB misspecified, with in-sample MSE: 0.16614756436912664

 Training SURE of the models:
SURE-PM: 0.13187188704619338
NPMLE: 0.6106235247992071
SURE-PM, NPMLE init: 0.131871729547535
m: 2021
n: 100
experiment: c
Finished training EB misspecified with NPMLE init, with SURE: -0.0007785467334419138
Finished training EB misspecified with NPMLE init, with in-sample MSE: 0.048420889430664256
Finished training EB misspecified, with SURE: -0.0007665400573315395
Finished training EB misspecified, with in-sample MSE: 0.04841724629078367

 Training SURE of the models:
SURE-PM: -0.0007665400573315395
NPMLE: 0.5200982584085216
SURE-PM, NPMLE init: -0.0007785467334419138
experiment: d
Finished training EB misspecified with NPMLE init, with SURE: 0.013272334272603707
Finished training EB misspecified with NPMLE init, with in-sample MSE: 0.005389631799778284
Finished training EB misspecified, with SURE: 0.013275073781685567
Finished training EB misspecified, with in-sample MSE: 0.005371299552873781

 Training SURE of the models:
SURE-PM: 0.013275073781685567
NPMLE: 0.04127526597801987
SURE-PM, NPMLE init: 0.013272334272603707
experiment: e
Finished training EB misspecified with NPMLE init, with SURE: 0.09473690300639084
Finished training EB misspecified with NPMLE init, with in-sample MSE: 0.2238262964497284
Finished training EB misspecified, with SURE: 0.09474164623584401
Finished training EB misspecified, with in-sample MSE: 0.22382253991803464

 Training SURE of the models:
SURE-PM: 0.09474164623584401
NPMLE: 0.3064996261941506
SURE-PM, NPMLE init: 0.09473690300639084
n: 400
experiment: c
Finished training EB misspecified with NPMLE init, with SURE: 0.01374217608226374
Finished training EB misspecified with NPMLE init, with in-sample MSE: 0.07227950992977897
Finished training EB misspecified, with SURE: 0.013425507177986589
Finished training EB misspecified, with in-sample MSE: 0.07005863990961837

 Training SURE of the models:
SURE-PM: 0.013425507177986589
NPMLE: 0.9911275872606368
SURE-PM, NPMLE init: 0.01374217608226374
experiment: d
Finished training EB misspecified with NPMLE init, with SURE: -0.006757807895800952
Finished training EB misspecified with NPMLE init, with in-sample MSE: 0.0038188019137561525
Finished training EB misspecified, with SURE: -0.006758369594117113
Finished training EB misspecified, with in-sample MSE: 0.0038204677050797165

 Training SURE of the models:
SURE-PM: -0.006758369594117113
NPMLE: 0.025671700136746942
SURE-PM, NPMLE init: -0.006757807895800952
experiment: e
Finished training EB misspecified with NPMLE init, with SURE: 0.16983678409395603
Finished training EB misspecified with NPMLE init, with in-sample MSE: 0.16779373411724494
Finished training EB misspecified, with SURE: 0.16973365229887746
Finished training EB misspecified, with in-sample MSE: 0.16770930125323563

 Training SURE of the models:
SURE-PM: 0.16973365229887746
NPMLE: 0.2756633712908942
SURE-PM, NPMLE init: 0.16983678409395603
m: 2022
n: 100
experiment: c
Finished training EB misspecified with NPMLE init, with SURE: 0.1230127493063192
Finished training EB misspecified with NPMLE init, with in-sample MSE: 0.07688261880752717
Finished training EB misspecified, with SURE: 0.12302596475449591
Finished training EB misspecified, with in-sample MSE: 0.07687738273931888

 Training SURE of the models:
SURE-PM: 0.12302596475449591
NPMLE: 0.6894171088466837
SURE-PM, NPMLE init: 0.1230127493063192
experiment: d
Finished training EB misspecified with NPMLE init, with SURE: 0.005908238668119772
Finished training EB misspecified with NPMLE init, with in-sample MSE: 0.00896202477829539
Finished training EB misspecified, with SURE: 0.005908756180405952
Finished training EB misspecified, with in-sample MSE: 0.00896141040609092

 Training SURE of the models:
SURE-PM: 0.005908756180405952
NPMLE: 0.03964304074358642
SURE-PM, NPMLE init: 0.005908238668119772
experiment: e
Finished training EB misspecified with NPMLE init, with SURE: 0.1579290086142767
Finished training EB misspecified with NPMLE init, with in-sample MSE: 0.23580127210389495
Finished training EB misspecified, with SURE: 0.1579284692059168
Finished training EB misspecified, with in-sample MSE: 0.23613522836758744

 Training SURE of the models:
SURE-PM: 0.1579284692059168
NPMLE: 0.3315352909851502
SURE-PM, NPMLE init: 0.1579290086142767
n: 400
experiment: c
Finished training EB misspecified with NPMLE init, with SURE: 0.04549708212097464
Finished training EB misspecified with NPMLE init, with in-sample MSE: 0.054904718696893104
Finished training EB misspecified, with SURE: 0.04595924710595377
Finished training EB misspecified, with in-sample MSE: 0.055068618447782255

 Training SURE of the models:
SURE-PM: 0.04595924710595377
NPMLE: 0.6483967228681646
SURE-PM, NPMLE init: 0.04549708212097464
experiment: d
Finished training EB misspecified with NPMLE init, with SURE: 0.009018046538095242
Finished training EB misspecified with NPMLE init, with in-sample MSE: 0.006405342446677123
Finished training EB misspecified, with SURE: 0.009279368078640236
Finished training EB misspecified, with in-sample MSE: 0.005730199253415997

 Training SURE of the models:
SURE-PM: 0.009279368078640236
NPMLE: 0.07459777926913608
SURE-PM, NPMLE init: 0.009018046538095242
experiment: e
Finished training EB misspecified with NPMLE init, with SURE: 0.17016520010182754
Finished training EB misspecified with NPMLE init, with in-sample MSE: 0.1828473112682396
Finished training EB misspecified, with SURE: 0.17017531418906195
Finished training EB misspecified, with in-sample MSE: 0.18285008706277836

 Training SURE of the models:
SURE-PM: 0.17017531418906195
NPMLE: 0.32446961776282474
SURE-PM, NPMLE init: 0.17016520010182754
m: 2023
n: 100
experiment: c
Finished training EB misspecified with NPMLE init, with SURE: -0.03132991250212946
Finished training EB misspecified with NPMLE init, with in-sample MSE: 0.061087584980030155
Finished training EB misspecified, with SURE: -0.031323234920955303
Finished training EB misspecified, with in-sample MSE: 0.0610516625809385

 Training SURE of the models:
SURE-PM: -0.031323234920955303
NPMLE: 0.4680717166281729
SURE-PM, NPMLE init: -0.03132991250212946
experiment: d
Finished training EB misspecified with NPMLE init, with SURE: 0.026172889305795446
Finished training EB misspecified with NPMLE init, with in-sample MSE: 0.008390476594836714
Finished training EB misspecified, with SURE: 0.0261735287727276
Finished training EB misspecified, with in-sample MSE: 0.008389768490751633

 Training SURE of the models:
SURE-PM: 0.0261735287727276
NPMLE: 0.17758696719262113
SURE-PM, NPMLE init: 0.026172889305795446
experiment: e
Finished training EB misspecified with NPMLE init, with SURE: 0.16806108546025605
Finished training EB misspecified with NPMLE init, with in-sample MSE: 0.18868983304296097
Finished training EB misspecified, with SURE: 0.16807343328075042
Finished training EB misspecified, with in-sample MSE: 0.18826098040000575

 Training SURE of the models:
SURE-PM: 0.16807343328075042
NPMLE: 0.29446179976890113
SURE-PM, NPMLE init: 0.16806108546025605
n: 400
experiment: c
Finished training EB misspecified with NPMLE init, with SURE: 0.018500583398339147
Finished training EB misspecified with NPMLE init, with in-sample MSE: 0.051716672528676594
Finished training EB misspecified, with SURE: 0.018505322542968657
Finished training EB misspecified, with in-sample MSE: 0.05171755233650057

 Training SURE of the models:
SURE-PM: 0.018505322542968657
NPMLE: 0.8198609121264314
SURE-PM, NPMLE init: 0.018500583398339147
experiment: d
Finished training EB misspecified with NPMLE init, with SURE: 0.004766652788429795
Finished training EB misspecified with NPMLE init, with in-sample MSE: 0.005262366659499485
Finished training EB misspecified, with SURE: 0.004777465819564526
Finished training EB misspecified, with in-sample MSE: 0.005273498217192721

 Training SURE of the models:
SURE-PM: 0.004777465819564526
NPMLE: 0.09105897050025731
SURE-PM, NPMLE init: 0.004766652788429795
experiment: e
Finished training EB misspecified with NPMLE init, with SURE: 0.15353400794163016
Finished training EB misspecified with NPMLE init, with in-sample MSE: 0.17756850036628358
Finished training EB misspecified, with SURE: 0.15354462856492881
Finished training EB misspecified, with in-sample MSE: 0.17740785556660613

 Training SURE of the models:
SURE-PM: 0.15354462856492881
NPMLE: 0.2819715729841551
SURE-PM, NPMLE init: 0.15353400794163016
m: 2024
n: 100
experiment: c
Finished training EB misspecified with NPMLE init, with SURE: -0.0032295629416974948
Finished training EB misspecified with NPMLE init, with in-sample MSE: 0.06809073551468293
Finished training EB misspecified, with SURE: -0.0032254734256937923
Finished training EB misspecified, with in-sample MSE: 0.06813833405952932

 Training SURE of the models:
SURE-PM: -0.0032254734256937923
NPMLE: 0.7629953725600668
SURE-PM, NPMLE init: -0.0032295629416974948
experiment: d
Finished training EB misspecified with NPMLE init, with SURE: -0.018898223111993497
Finished training EB misspecified with NPMLE init, with in-sample MSE: 0.013099872495374807
Finished training EB misspecified, with SURE: -0.01889623597508905
Finished training EB misspecified, with in-sample MSE: 0.013095830852329106

 Training SURE of the models:
SURE-PM: -0.01889623597508905
NPMLE: -0.006395259837456972
SURE-PM, NPMLE init: -0.018898223111993497
experiment: e
Finished training EB misspecified with NPMLE init, with SURE: 0.08229390158131089
Finished training EB misspecified with NPMLE init, with in-sample MSE: 0.19737918491547313
Finished training EB misspecified, with SURE: 0.0822999368919502
Finished training EB misspecified, with in-sample MSE: 0.19731049492468616

 Training SURE of the models:
SURE-PM: 0.0822999368919502
NPMLE: 0.21195479917105445
SURE-PM, NPMLE init: 0.08229390158131089
n: 400
experiment: c
Finished training EB misspecified with NPMLE init, with SURE: 0.0992647548305095
Finished training EB misspecified with NPMLE init, with in-sample MSE: 0.10516593825391414
Finished training EB misspecified, with SURE: 0.09926400513906287
Finished training EB misspecified, with in-sample MSE: 0.10513298083883116

 Training SURE of the models:
SURE-PM: 0.09926400513906287
NPMLE: 1.1002777636665582
SURE-PM, NPMLE init: 0.0992647548305095
experiment: d
Finished training EB misspecified with NPMLE init, with SURE: -0.006315637275748127
Finished training EB misspecified with NPMLE init, with in-sample MSE: 0.013761913023910858
Finished training EB misspecified, with SURE: -0.003073943383125517
Finished training EB misspecified, with in-sample MSE: 0.0071165965463098335

 Training SURE of the models:
SURE-PM: -0.003073943383125517
NPMLE: 8.731376370285204e-05
SURE-PM, NPMLE init: -0.006315637275748127
experiment: e
Finished training EB misspecified with NPMLE init, with SURE: 0.15298309196847307
Finished training EB misspecified with NPMLE init, with in-sample MSE: 0.1786943896717077
Finished training EB misspecified, with SURE: 0.15223713470748826
Finished training EB misspecified, with in-sample MSE: 0.1779923510208196

 Training SURE of the models:
SURE-PM: 0.15223713470748826
NPMLE: 0.30951374715675317
SURE-PM, NPMLE init: 0.15298309196847307
m: 2025
n: 100
experiment: c
Finished training EB misspecified with NPMLE init, with SURE: 0.0832468622895133
Finished training EB misspecified with NPMLE init, with in-sample MSE: 0.07795570983705243
Finished training EB misspecified, with SURE: 0.083248275283363
Finished training EB misspecified, with in-sample MSE: 0.07795595604811821

 Training SURE of the models:
SURE-PM: 0.083248275283363
NPMLE: 0.6026676732631789
SURE-PM, NPMLE init: 0.0832468622895133
experiment: d
Finished training EB misspecified with NPMLE init, with SURE: -0.028568231304425762
Finished training EB misspecified with NPMLE init, with in-sample MSE: 0.004967642102778089
Finished training EB misspecified, with SURE: -0.028568046180288426
Finished training EB misspecified, with in-sample MSE: 0.004967696050215127

 Training SURE of the models:
SURE-PM: -0.028568046180288426
NPMLE: -0.005286771974395297
SURE-PM, NPMLE init: -0.028568231304425762
experiment: e
Finished training EB misspecified with NPMLE init, with SURE: 0.1336221708039345
Finished training EB misspecified with NPMLE init, with in-sample MSE: 0.2180928737797544
Finished training EB misspecified, with SURE: 0.13334902455838168
Finished training EB misspecified, with in-sample MSE: 0.2119227844215538

 Training SURE of the models:
SURE-PM: 0.13334902455838168
NPMLE: 0.25419290544859735
SURE-PM, NPMLE init: 0.1336221708039345
n: 400
experiment: c
Finished training EB misspecified with NPMLE init, with SURE: 0.008461288843018338
Finished training EB misspecified with NPMLE init, with in-sample MSE: 0.06295628861804813
Finished training EB misspecified, with SURE: 0.00851326407776682
Finished training EB misspecified, with in-sample MSE: 0.06284970578969236

 Training SURE of the models:
SURE-PM: 0.00851326407776682
NPMLE: 0.6782847470734477
SURE-PM, NPMLE init: 0.008461288843018338
experiment: d
Finished training EB misspecified with NPMLE init, with SURE: -0.005081141306102559
Finished training EB misspecified with NPMLE init, with in-sample MSE: 0.006428428060518751
Finished training EB misspecified, with SURE: -0.005072587421592072
Finished training EB misspecified, with in-sample MSE: 0.006424734842182055

 Training SURE of the models:
SURE-PM: -0.005072587421592072
NPMLE: 0.06634785676259407
SURE-PM, NPMLE init: -0.005081141306102559
experiment: e
Finished training EB misspecified with NPMLE init, with SURE: 0.1503742348706482
Finished training EB misspecified with NPMLE init, with in-sample MSE: 0.1765836077239299
Finished training EB misspecified, with SURE: 0.14752821873364308
Finished training EB misspecified, with in-sample MSE: 0.1778912605041283

 Training SURE of the models:
SURE-PM: 0.14752821873364308
NPMLE: 0.3176641692586434
SURE-PM, NPMLE init: 0.1503742348706482
m: 2026
n: 100
experiment: c
Finished training EB misspecified with NPMLE init, with SURE: 0.036592237234128716
Finished training EB misspecified with NPMLE init, with in-sample MSE: 0.09685635424569719
Finished training EB misspecified, with SURE: 0.036665132208447415
Finished training EB misspecified, with in-sample MSE: 0.09731522087815932

 Training SURE of the models:
SURE-PM: 0.036665132208447415
NPMLE: 0.9939809934358885
SURE-PM, NPMLE init: 0.036592237234128716
experiment: d
Finished training EB misspecified with NPMLE init, with SURE: 0.018069067535213677
Finished training EB misspecified with NPMLE init, with in-sample MSE: 0.013220077717945216
Finished training EB misspecified, with SURE: 0.018069703408796763
Finished training EB misspecified, with in-sample MSE: 0.013221135745501019

 Training SURE of the models:
SURE-PM: 0.018069703408796763
NPMLE: 0.08349326265175802
SURE-PM, NPMLE init: 0.018069067535213677
experiment: e
Finished training EB misspecified with NPMLE init, with SURE: 0.12515247245295727
Finished training EB misspecified with NPMLE init, with in-sample MSE: 0.19112097787622404
Finished training EB misspecified, with SURE: 0.1251614510844788
Finished training EB misspecified, with in-sample MSE: 0.19108567464197818

 Training SURE of the models:
SURE-PM: 0.1251614510844788
NPMLE: 0.3628727184631876
SURE-PM, NPMLE init: 0.12515247245295727
n: 400
experiment: c
Finished training EB misspecified with NPMLE init, with SURE: 0.061048300493198655
Finished training EB misspecified with NPMLE init, with in-sample MSE: 0.06417420260636883
Finished training EB misspecified, with SURE: 0.061047517119354924
Finished training EB misspecified, with in-sample MSE: 0.06417367157186653

 Training SURE of the models:
SURE-PM: 0.061047517119354924
NPMLE: 0.6142358556880544
SURE-PM, NPMLE init: 0.061048300493198655
experiment: d
Finished training EB misspecified with NPMLE init, with SURE: 0.027034738772742595
Finished training EB misspecified with NPMLE init, with in-sample MSE: 0.02142638596809388
Finished training EB misspecified, with SURE: 0.0269802205394606
Finished training EB misspecified, with in-sample MSE: 0.02186811287322683

 Training SURE of the models:
SURE-PM: 0.0269802205394606
NPMLE: 0.10447868928767072
SURE-PM, NPMLE init: 0.027034738772742595
experiment: e
Finished training EB misspecified with NPMLE init, with SURE: 0.1813590045163843
Finished training EB misspecified with NPMLE init, with in-sample MSE: 0.2005166663616434
Finished training EB misspecified, with SURE: 0.1813687034681101
Finished training EB misspecified, with in-sample MSE: 0.20053905229505287

 Training SURE of the models:
SURE-PM: 0.1813687034681101
NPMLE: 0.30844837298829125
SURE-PM, NPMLE init: 0.1813590045163843
m: 2027
n: 100
experiment: c
Finished training EB misspecified with NPMLE init, with SURE: -0.018845792033450694
Finished training EB misspecified with NPMLE init, with in-sample MSE: 0.0818646401688129
Finished training EB misspecified, with SURE: -0.0768093056840256
Finished training EB misspecified, with in-sample MSE: 0.23131186841674378

 Training SURE of the models:
SURE-PM: -0.0768093056840256
NPMLE: 0.10365968876186259
SURE-PM, NPMLE init: -0.018845792033450694
experiment: d
Finished training EB misspecified with NPMLE init, with SURE: -0.01625344080663776
Finished training EB misspecified with NPMLE init, with in-sample MSE: 0.0037029245215887702
Finished training EB misspecified, with SURE: -0.016253130430026914
Finished training EB misspecified, with in-sample MSE: 0.003702946968604093

 Training SURE of the models:
SURE-PM: -0.016253130430026914
NPMLE: 0.006367851293832594
SURE-PM, NPMLE init: -0.01625344080663776
experiment: e
Finished training EB misspecified with NPMLE init, with SURE: 0.13692239647831106
Finished training EB misspecified with NPMLE init, with in-sample MSE: 0.2191337095603687
Finished training EB misspecified, with SURE: 0.13691770524642063
Finished training EB misspecified, with in-sample MSE: 0.21912236996611983

 Training SURE of the models:
SURE-PM: 0.13691770524642063
NPMLE: 0.31335999620796984
SURE-PM, NPMLE init: 0.13692239647831106
n: 400
experiment: c
Finished training EB misspecified with NPMLE init, with SURE: 0.024634576517014325
Finished training EB misspecified with NPMLE init, with in-sample MSE: 0.06685649984350961
Finished training EB misspecified, with SURE: 0.02465853342095585
Finished training EB misspecified, with in-sample MSE: 0.06735271010757554

 Training SURE of the models:
SURE-PM: 0.02465853342095585
NPMLE: 0.4878249554133528
SURE-PM, NPMLE init: 0.024634576517014325
experiment: d
Finished training EB misspecified with NPMLE init, with SURE: 0.008273582833423276
Finished training EB misspecified with NPMLE init, with in-sample MSE: 0.009788367531777753
Finished training EB misspecified, with SURE: 0.008273756316665022
Finished training EB misspecified, with in-sample MSE: 0.009797874793052806

 Training SURE of the models:
SURE-PM: 0.008273756316665022
NPMLE: 0.10631253052543947
SURE-PM, NPMLE init: 0.008273582833423276
experiment: e
Finished training EB misspecified with NPMLE init, with SURE: 0.15447174171382608
Finished training EB misspecified with NPMLE init, with in-sample MSE: 0.17682454946394938
Finished training EB misspecified, with SURE: 0.15448326511188207
Finished training EB misspecified, with in-sample MSE: 0.1768698128425739

 Training SURE of the models:
SURE-PM: 0.15448326511188207
NPMLE: 0.33777112964416284
SURE-PM, NPMLE init: 0.15447174171382608
m: 2028
n: 100
experiment: c
Finished training EB misspecified with NPMLE init, with SURE: 0.10605025264745307
Finished training EB misspecified with NPMLE init, with in-sample MSE: 0.14009196337870933
Finished training EB misspecified, with SURE: 0.12948517400166465
Finished training EB misspecified, with in-sample MSE: 0.09370773872553123

 Training SURE of the models:
SURE-PM: 0.12948517400166465
NPMLE: 1.0670317063944728
SURE-PM, NPMLE init: 0.10605025264745307
experiment: d
Finished training EB misspecified with NPMLE init, with SURE: -0.0033697718011637258
Finished training EB misspecified with NPMLE init, with in-sample MSE: 0.042975318254027124
Finished training EB misspecified, with SURE: -0.0033662388782587627
Finished training EB misspecified, with in-sample MSE: 0.0429659017926554

 Training SURE of the models:
SURE-PM: -0.0033662388782587627
NPMLE: 0.11176209780359518
SURE-PM, NPMLE init: -0.0033697718011637258
experiment: e
Finished training EB misspecified with NPMLE init, with SURE: 0.12073383931015051
Finished training EB misspecified with NPMLE init, with in-sample MSE: 0.3204935336475594
Finished training EB misspecified, with SURE: 0.10213776658033126
Finished training EB misspecified, with in-sample MSE: 0.3291871967936717

 Training SURE of the models:
SURE-PM: 0.10213776658033126
NPMLE: 0.4439840812327681
SURE-PM, NPMLE init: 0.12073383931015051
n: 400
experiment: c
Finished training EB misspecified with NPMLE init, with SURE: 0.035306388980012995
Finished training EB misspecified with NPMLE init, with in-sample MSE: 0.051367777543520905
Finished training EB misspecified, with SURE: 0.03531346882279877
Finished training EB misspecified, with in-sample MSE: 0.0513716752666446

 Training SURE of the models:
SURE-PM: 0.03531346882279877
NPMLE: 0.8445882729733017
SURE-PM, NPMLE init: 0.035306388980012995
experiment: d
Finished training EB misspecified with NPMLE init, with SURE: -0.004463227876250553
Finished training EB misspecified with NPMLE init, with in-sample MSE: 0.006231153273819801
Finished training EB misspecified, with SURE: -0.004455419024759575
Finished training EB misspecified, with in-sample MSE: 0.006236066749151071

 Training SURE of the models:
SURE-PM: -0.004455419024759575
NPMLE: 0.014783061165573734
SURE-PM, NPMLE init: -0.004463227876250553
experiment: e
Finished training EB misspecified with NPMLE init, with SURE: 0.16774698108000613
Finished training EB misspecified with NPMLE init, with in-sample MSE: 0.15704257166801877
Finished training EB misspecified, with SURE: 0.1677537438864507
Finished training EB misspecified, with in-sample MSE: 0.15700537195608388

 Training SURE of the models:
SURE-PM: 0.1677537438864507
NPMLE: 0.31466565088411647
SURE-PM, NPMLE init: 0.16774698108000613
m: 2029
n: 100
experiment: c
Finished training EB misspecified with NPMLE init, with SURE: 0.0595383822288818
Finished training EB misspecified with NPMLE init, with in-sample MSE: 0.1832171889470845
Finished training EB misspecified, with SURE: 0.0885106190713367
Finished training EB misspecified, with in-sample MSE: 0.08432801808849484

 Training SURE of the models:
SURE-PM: 0.0885106190713367
NPMLE: 0.23164672352757115
SURE-PM, NPMLE init: 0.0595383822288818
experiment: d
Finished training EB misspecified with NPMLE init, with SURE: 0.004784974868604479
Finished training EB misspecified with NPMLE init, with in-sample MSE: 0.015236601945763668
Finished training EB misspecified, with SURE: 0.004785653621458792
Finished training EB misspecified, with in-sample MSE: 0.015236933549666567

 Training SURE of the models:
SURE-PM: 0.004785653621458792
NPMLE: 0.22489491970133685
SURE-PM, NPMLE init: 0.004784974868604479
experiment: e
Finished training EB misspecified with NPMLE init, with SURE: 0.15745892962056665
Finished training EB misspecified with NPMLE init, with in-sample MSE: 0.15653467864797105
Finished training EB misspecified, with SURE: 0.1574576482667006
Finished training EB misspecified, with in-sample MSE: 0.15657890936266372

 Training SURE of the models:
SURE-PM: 0.1574576482667006
NPMLE: 0.2772183431421041
SURE-PM, NPMLE init: 0.15745892962056665
n: 400
experiment: c
Finished training EB misspecified with NPMLE init, with SURE: 0.04946022624200488
Finished training EB misspecified with NPMLE init, with in-sample MSE: 0.06403581230958108
Finished training EB misspecified, with SURE: 0.05158214942571171
Finished training EB misspecified, with in-sample MSE: 0.05929304295955674

 Training SURE of the models:
SURE-PM: 0.05158214942571171
NPMLE: 0.7286793458979325
SURE-PM, NPMLE init: 0.04946022624200488
experiment: d
Finished training EB misspecified with NPMLE init, with SURE: 0.0077047771643659856
Finished training EB misspecified with NPMLE init, with in-sample MSE: 0.008534648204891639
Finished training EB misspecified, with SURE: 0.007706323697080304
Finished training EB misspecified, with in-sample MSE: 0.008541730101917566

 Training SURE of the models:
SURE-PM: 0.007706323697080304
NPMLE: 0.03934355509263151
SURE-PM, NPMLE init: 0.0077047771643659856
experiment: e
Finished training EB misspecified with NPMLE init, with SURE: 0.17075571536232065
Finished training EB misspecified with NPMLE init, with in-sample MSE: 0.18841988736022602
Finished training EB misspecified, with SURE: 0.17076549200226074
Finished training EB misspecified, with in-sample MSE: 0.18843562530780938

 Training SURE of the models:
SURE-PM: 0.17076549200226074
NPMLE: 0.29931196716187325
SURE-PM, NPMLE init: 0.17075571536232065
m: 2030
n: 100
experiment: c
Finished training EB misspecified with NPMLE init, with SURE: 0.03760763990993475
Finished training EB misspecified with NPMLE init, with in-sample MSE: 0.061041792819539635
Finished training EB misspecified, with SURE: 0.03763020153372033
Finished training EB misspecified, with in-sample MSE: 0.06100652493576146

 Training SURE of the models:
SURE-PM: 0.03763020153372033
NPMLE: 1.0501253283567045
SURE-PM, NPMLE init: 0.03760763990993475
experiment: d
Finished training EB misspecified with NPMLE init, with SURE: 0.0022063336128602985
Finished training EB misspecified with NPMLE init, with in-sample MSE: 0.03666420166521301
Finished training EB misspecified, with SURE: 0.0022113753250884295
Finished training EB misspecified, with in-sample MSE: 0.03666777336719685

 Training SURE of the models:
SURE-PM: 0.0022113753250884295
NPMLE: 0.06714931529368819
SURE-PM, NPMLE init: 0.0022063336128602985
experiment: e
Finished training EB misspecified with NPMLE init, with SURE: 0.09777378266885287
Finished training EB misspecified with NPMLE init, with in-sample MSE: 0.21902044195153
Finished training EB misspecified, with SURE: 0.09778203587650865
Finished training EB misspecified, with in-sample MSE: 0.2190173704458262

 Training SURE of the models:
SURE-PM: 0.09778203587650865
NPMLE: 0.3419963978134799
SURE-PM, NPMLE init: 0.09777378266885287
n: 400
experiment: c
Finished training EB misspecified with NPMLE init, with SURE: 0.04900734706596367
Finished training EB misspecified with NPMLE init, with in-sample MSE: 0.06063050496142333
Finished training EB misspecified, with SURE: 0.04901873037421631
Finished training EB misspecified, with in-sample MSE: 0.06062049274295666

 Training SURE of the models:
SURE-PM: 0.04901873037421631
NPMLE: 0.5450172229029907
SURE-PM, NPMLE init: 0.04900734706596367
experiment: d
Finished training EB misspecified with NPMLE init, with SURE: 0.016759198969576714
Finished training EB misspecified with NPMLE init, with in-sample MSE: 0.008314519240126007
Finished training EB misspecified, with SURE: 0.01686108101078162
Finished training EB misspecified, with in-sample MSE: 0.008164624766728997

 Training SURE of the models:
SURE-PM: 0.01686108101078162
NPMLE: 0.05072690310775961
SURE-PM, NPMLE init: 0.016759198969576714
experiment: e
Finished training EB misspecified with NPMLE init, with SURE: 0.1330144758025559
Finished training EB misspecified with NPMLE init, with in-sample MSE: 0.1793161051182362
Finished training EB misspecified, with SURE: 0.1330169701635033
Finished training EB misspecified, with in-sample MSE: 0.17932618554932994

 Training SURE of the models:
SURE-PM: 0.1330169701635033
NPMLE: 0.3460063602690451
SURE-PM, NPMLE init: 0.1330144758025559
m: 2031
n: 100
experiment: c
Finished training EB misspecified with NPMLE init, with SURE: 0.057410205036709176
Finished training EB misspecified with NPMLE init, with in-sample MSE: 0.04772851711868276
Finished training EB misspecified, with SURE: 0.057416581083032485
Finished training EB misspecified, with in-sample MSE: 0.04772699900285839

 Training SURE of the models:
SURE-PM: 0.057416581083032485
NPMLE: 0.5499577846060114
SURE-PM, NPMLE init: 0.057410205036709176
experiment: d
Finished training EB misspecified with NPMLE init, with SURE: 0.011691503999979407
Finished training EB misspecified with NPMLE init, with in-sample MSE: 0.011139820969794635
Finished training EB misspecified, with SURE: 0.011691403435878059
Finished training EB misspecified, with in-sample MSE: 0.011139532584414191

 Training SURE of the models:
SURE-PM: 0.011691403435878059
NPMLE: 0.12904591928464726
SURE-PM, NPMLE init: 0.011691503999979407
experiment: e
Finished training EB misspecified with NPMLE init, with SURE: 0.13318446300840647
Finished training EB misspecified with NPMLE init, with in-sample MSE: 0.17468001814207962
Finished training EB misspecified, with SURE: 0.13319077285968384
Finished training EB misspecified, with in-sample MSE: 0.17467917293863205

 Training SURE of the models:
SURE-PM: 0.13319077285968384
NPMLE: 0.33544094224360177
SURE-PM, NPMLE init: 0.13318446300840647
n: 400
experiment: c
Finished training EB misspecified with NPMLE init, with SURE: 0.06194670428033746
Finished training EB misspecified with NPMLE init, with in-sample MSE: 0.05770355910106892
Finished training EB misspecified, with SURE: 0.06194731106537276
Finished training EB misspecified, with in-sample MSE: 0.05770503224298417

 Training SURE of the models:
SURE-PM: 0.06194731106537276
NPMLE: 0.3948210621028606
SURE-PM, NPMLE init: 0.06194670428033746
experiment: d
Finished training EB misspecified with NPMLE init, with SURE: 0.005838693435960778
Finished training EB misspecified with NPMLE init, with in-sample MSE: 0.02080645732925829
Finished training EB misspecified, with SURE: 0.005837384691105587
Finished training EB misspecified, with in-sample MSE: 0.020812242962825234

 Training SURE of the models:
SURE-PM: 0.005837384691105587
NPMLE: 0.2017227890125914
SURE-PM, NPMLE init: 0.005838693435960778
experiment: e
Finished training EB misspecified with NPMLE init, with SURE: 0.12021172608052862
Finished training EB misspecified with NPMLE init, with in-sample MSE: 0.19985948330458025
Finished training EB misspecified, with SURE: 0.12022780291557762
Finished training EB misspecified, with in-sample MSE: 0.20010230022758801

 Training SURE of the models:
SURE-PM: 0.12022780291557762
NPMLE: 0.33910558111462746
SURE-PM, NPMLE init: 0.12021172608052862
m: 2032
n: 100
experiment: c
Finished training EB misspecified with NPMLE init, with SURE: 0.05251737669670632
Finished training EB misspecified with NPMLE init, with in-sample MSE: 0.0953521544793783
Finished training EB misspecified, with SURE: 0.05252705483106524
Finished training EB misspecified, with in-sample MSE: 0.095262596470804

 Training SURE of the models:
SURE-PM: 0.05252705483106524
NPMLE: 0.5476219347740853
SURE-PM, NPMLE init: 0.05251737669670632
experiment: d
Finished training EB misspecified with NPMLE init, with SURE: -0.0019916880130402604
Finished training EB misspecified with NPMLE init, with in-sample MSE: 0.003981108959075016
Finished training EB misspecified, with SURE: -0.001989963708567384
Finished training EB misspecified, with in-sample MSE: 0.003981207888657088

 Training SURE of the models:
SURE-PM: -0.001989963708567384
NPMLE: 0.006217635930256193
SURE-PM, NPMLE init: -0.0019916880130402604
experiment: e
Finished training EB misspecified with NPMLE init, with SURE: 0.1691961963286905
Finished training EB misspecified with NPMLE init, with in-sample MSE: 0.20747575444425034
Finished training EB misspecified, with SURE: 0.16920411886602602
Finished training EB misspecified, with in-sample MSE: 0.20747733875091576

 Training SURE of the models:
SURE-PM: 0.16920411886602602
NPMLE: 0.3606704911782211
SURE-PM, NPMLE init: 0.1691961963286905
n: 400
experiment: c
Finished training EB misspecified with NPMLE init, with SURE: 0.09681229621298855
Finished training EB misspecified with NPMLE init, with in-sample MSE: 0.05567035717404966
Finished training EB misspecified, with SURE: 0.09713718898486377
Finished training EB misspecified, with in-sample MSE: 0.0550065268672953

 Training SURE of the models:
SURE-PM: 0.09713718898486377
NPMLE: 0.7318741780024266
SURE-PM, NPMLE init: 0.09681229621298855
experiment: d
Finished training EB misspecified with NPMLE init, with SURE: -0.0023322155156841264
Finished training EB misspecified with NPMLE init, with in-sample MSE: 0.008568774644017629
Finished training EB misspecified, with SURE: -0.002113434416915805
Finished training EB misspecified, with in-sample MSE: 0.008423418827636404

 Training SURE of the models:
SURE-PM: -0.002113434416915805
NPMLE: 0.0633530561761466
SURE-PM, NPMLE init: -0.0023322155156841264
experiment: e
Finished training EB misspecified with NPMLE init, with SURE: 0.16572526869447385
Finished training EB misspecified with NPMLE init, with in-sample MSE: 0.1758664734520118
Finished training EB misspecified, with SURE: 0.16573331640103856
Finished training EB misspecified, with in-sample MSE: 0.17586742399384814

 Training SURE of the models:
SURE-PM: 0.16573331640103856
NPMLE: 0.2855734586612758
SURE-PM, NPMLE init: 0.16572526869447385
m: 2033
n: 100
experiment: c
Finished training EB misspecified with NPMLE init, with SURE: -0.02049385572730067
Finished training EB misspecified with NPMLE init, with in-sample MSE: 0.06711546752884572
Finished training EB misspecified, with SURE: -0.020498465300926867
Finished training EB misspecified, with in-sample MSE: 0.06712748741580782

 Training SURE of the models:
SURE-PM: -0.020498465300926867
NPMLE: 0.409245295028818
SURE-PM, NPMLE init: -0.02049385572730067
experiment: d
Finished training EB misspecified with NPMLE init, with SURE: -0.012570024399280193
Finished training EB misspecified with NPMLE init, with in-sample MSE: 0.01488592695242321
Finished training EB misspecified, with SURE: -0.012569557600757744
Finished training EB misspecified, with in-sample MSE: 0.014885896668357969

 Training SURE of the models:
SURE-PM: -0.012569557600757744
NPMLE: -0.004543577658987666
SURE-PM, NPMLE init: -0.012570024399280193
experiment: e
Finished training EB misspecified with NPMLE init, with SURE: 0.11337904981056639
Finished training EB misspecified with NPMLE init, with in-sample MSE: 0.2519065127274969
Finished training EB misspecified, with SURE: 0.11338981420617089
Finished training EB misspecified, with in-sample MSE: 0.25192933071015206

 Training SURE of the models:
SURE-PM: 0.11338981420617089
NPMLE: 0.2793386467547553
SURE-PM, NPMLE init: 0.11337904981056639
n: 400
experiment: c
Finished training EB misspecified with NPMLE init, with SURE: 0.043274078678947635
Finished training EB misspecified with NPMLE init, with in-sample MSE: 0.06192995829205793
Finished training EB misspecified, with SURE: 0.04336502286320418
Finished training EB misspecified, with in-sample MSE: 0.061923867281459995

 Training SURE of the models:
SURE-PM: 0.04336502286320418
NPMLE: 0.4251016784343886
SURE-PM, NPMLE init: 0.043274078678947635
experiment: d
Finished training EB misspecified with NPMLE init, with SURE: 0.0185304722773885
Finished training EB misspecified with NPMLE init, with in-sample MSE: 0.0054833390228972
Finished training EB misspecified, with SURE: 0.018370101380625885
Finished training EB misspecified, with in-sample MSE: 0.005278307470063855

 Training SURE of the models:
SURE-PM: 0.018370101380625885
NPMLE: 0.11296653261018552
SURE-PM, NPMLE init: 0.0185304722773885
experiment: e
Finished training EB misspecified with NPMLE init, with SURE: 0.18262261424499257
Finished training EB misspecified with NPMLE init, with in-sample MSE: 0.21805117801274357
Finished training EB misspecified, with SURE: 0.18263183226229657
Finished training EB misspecified, with in-sample MSE: 0.21787691253802488

 Training SURE of the models:
SURE-PM: 0.18263183226229657
NPMLE: 0.29131044341730306
SURE-PM, NPMLE init: 0.18262261424499257
m: 2034
n: 100
experiment: c
Finished training EB misspecified with NPMLE init, with SURE: -0.04731917039903927
Finished training EB misspecified with NPMLE init, with in-sample MSE: 0.10264100736055948
Finished training EB misspecified, with SURE: -0.047314631802741335
Finished training EB misspecified, with in-sample MSE: 0.10262443337760388

 Training SURE of the models:
SURE-PM: -0.047314631802741335
NPMLE: 0.7463350225561851
SURE-PM, NPMLE init: -0.04731917039903927
experiment: d
Finished training EB misspecified with NPMLE init, with SURE: 0.016861735386528735
Finished training EB misspecified with NPMLE init, with in-sample MSE: 0.009604887123991325
Finished training EB misspecified, with SURE: 0.016862031283558707
Finished training EB misspecified, with in-sample MSE: 0.009604331877868586

 Training SURE of the models:
SURE-PM: 0.016862031283558707
NPMLE: 0.06215159281271472
SURE-PM, NPMLE init: 0.016861735386528735
experiment: e
Finished training EB misspecified with NPMLE init, with SURE: 0.13063827254740176
Finished training EB misspecified with NPMLE init, with in-sample MSE: 0.1701951314943119
Finished training EB misspecified, with SURE: 0.13064565451409338
Finished training EB misspecified, with in-sample MSE: 0.17018302615133443

 Training SURE of the models:
SURE-PM: 0.13064565451409338
NPMLE: 0.3437745321583061
SURE-PM, NPMLE init: 0.13063827254740176
n: 400
experiment: c
Finished training EB misspecified with NPMLE init, with SURE: 0.10248057175467949
Finished training EB misspecified with NPMLE init, with in-sample MSE: 0.08224869200174098
Finished training EB misspecified, with SURE: 0.10892941045881357
Finished training EB misspecified, with in-sample MSE: 0.061604866968405884

 Training SURE of the models:
SURE-PM: 0.10892941045881357
NPMLE: 1.0072015206376672
SURE-PM, NPMLE init: 0.10248057175467949
experiment: d
Finished training EB misspecified with NPMLE init, with SURE: -0.007199178220602427
Finished training EB misspecified with NPMLE init, with in-sample MSE: 0.004792825136431503
Finished training EB misspecified, with SURE: -0.007198902930420204
Finished training EB misspecified, with in-sample MSE: 0.004792659838114311

 Training SURE of the models:
SURE-PM: -0.007198902930420204
NPMLE: 0.03602311510365723
SURE-PM, NPMLE init: -0.007199178220602427
experiment: e
Finished training EB misspecified with NPMLE init, with SURE: 0.14231217188116396
Finished training EB misspecified with NPMLE init, with in-sample MSE: 0.2025837229889132
Finished training EB misspecified, with SURE: 0.1406556324027063
Finished training EB misspecified, with in-sample MSE: 0.1992680738865941

 Training SURE of the models:
SURE-PM: 0.1406556324027063
NPMLE: 0.4584116702549224
SURE-PM, NPMLE init: 0.14231217188116396
m: 2035
n: 100
experiment: c
Finished training EB misspecified with NPMLE init, with SURE: 0.09810701462114281
Finished training EB misspecified with NPMLE init, with in-sample MSE: 0.08611386237147603
Finished training EB misspecified, with SURE: 0.09811453520018425
Finished training EB misspecified, with in-sample MSE: 0.08609995736998996

 Training SURE of the models:
SURE-PM: 0.09811453520018425
NPMLE: 0.4870548605601611
SURE-PM, NPMLE init: 0.09810701462114281
experiment: d
Finished training EB misspecified with NPMLE init, with SURE: -0.004056290328714081
Finished training EB misspecified with NPMLE init, with in-sample MSE: 0.012765658677928258
Finished training EB misspecified, with SURE: 0.0014759848023611077
Finished training EB misspecified, with in-sample MSE: 0.006669448830282767

 Training SURE of the models:
SURE-PM: 0.0014759848023611077
NPMLE: 0.06381485056604444
SURE-PM, NPMLE init: -0.004056290328714081
experiment: e
Finished training EB misspecified with NPMLE init, with SURE: 0.13084160496362965
Finished training EB misspecified with NPMLE init, with in-sample MSE: 0.22808142281574942
Finished training EB misspecified, with SURE: 0.13085031970270042
Finished training EB misspecified, with in-sample MSE: 0.22808653035350943

 Training SURE of the models:
SURE-PM: 0.13085031970270042
NPMLE: 0.3260001585484203
SURE-PM, NPMLE init: 0.13084160496362965
n: 400
experiment: c
Finished training EB misspecified with NPMLE init, with SURE: 0.12311205771757401
Finished training EB misspecified with NPMLE init, with in-sample MSE: 0.09738389353372452
Finished training EB misspecified, with SURE: 0.12597833500959552
Finished training EB misspecified, with in-sample MSE: 0.07869317488772609

 Training SURE of the models:
SURE-PM: 0.12597833500959552
NPMLE: 0.9643981572294129
SURE-PM, NPMLE init: 0.12311205771757401
experiment: d
Finished training EB misspecified with NPMLE init, with SURE: 0.0028174369026313607
Finished training EB misspecified with NPMLE init, with in-sample MSE: 0.008984786835801421
Finished training EB misspecified, with SURE: 0.005270557505648821
Finished training EB misspecified, with in-sample MSE: 0.006052675822973632

 Training SURE of the models:
SURE-PM: 0.005270557505648821
NPMLE: 0.07157272483141065
SURE-PM, NPMLE init: 0.0028174369026313607
experiment: e
Finished training EB misspecified with NPMLE init, with SURE: 0.16908347575016222
Finished training EB misspecified with NPMLE init, with in-sample MSE: 0.1896971032030859
Finished training EB misspecified, with SURE: 0.1690894739435975
Finished training EB misspecified, with in-sample MSE: 0.18961349479372427

 Training SURE of the models:
SURE-PM: 0.1690894739435975
NPMLE: 0.30938048329791507
SURE-PM, NPMLE init: 0.16908347575016222
m: 2036
n: 100
experiment: c
Finished training EB misspecified with NPMLE init, with SURE: 0.07442677334337468
Finished training EB misspecified with NPMLE init, with in-sample MSE: 0.06279106527147367
Finished training EB misspecified, with SURE: 0.0744298205940435
Finished training EB misspecified, with in-sample MSE: 0.06279131427633035

 Training SURE of the models:
SURE-PM: 0.0744298205940435
NPMLE: 0.6917710607424519
SURE-PM, NPMLE init: 0.07442677334337468
experiment: d
Finished training EB misspecified with NPMLE init, with SURE: 0.03268350381574864
Finished training EB misspecified with NPMLE init, with in-sample MSE: 0.01629137239451261
Finished training EB misspecified, with SURE: 0.03268377358558446
Finished training EB misspecified, with in-sample MSE: 0.01629207049485645

 Training SURE of the models:
SURE-PM: 0.03268377358558446
NPMLE: 0.08642397926310545
SURE-PM, NPMLE init: 0.03268350381574864
experiment: e
Finished training EB misspecified with NPMLE init, with SURE: 0.14649810353043918
Finished training EB misspecified with NPMLE init, with in-sample MSE: 0.2756949797527366
Finished training EB misspecified, with SURE: 0.14650551929663586
Finished training EB misspecified, with in-sample MSE: 0.2757047007818765

 Training SURE of the models:
SURE-PM: 0.14650551929663586
NPMLE: 0.2857051946738002
SURE-PM, NPMLE init: 0.14649810353043918
n: 400
experiment: c
Finished training EB misspecified with NPMLE init, with SURE: 0.027545658793317856
Finished training EB misspecified with NPMLE init, with in-sample MSE: 0.05618721207204585
Finished training EB misspecified, with SURE: 0.027542682215618654
Finished training EB misspecified, with in-sample MSE: 0.05618238959878801

 Training SURE of the models:
SURE-PM: 0.027542682215618654
NPMLE: 0.32321523179922784
SURE-PM, NPMLE init: 0.027545658793317856
experiment: d
Finished training EB misspecified with NPMLE init, with SURE: -0.010211207542713296
Finished training EB misspecified with NPMLE init, with in-sample MSE: 0.004972271681001921
Finished training EB misspecified, with SURE: -0.010210920829823564
Finished training EB misspecified, with in-sample MSE: 0.004972193200122379

 Training SURE of the models:
SURE-PM: -0.010210920829823564
NPMLE: 0.039901191691448436
SURE-PM, NPMLE init: -0.010211207542713296
experiment: e
Finished training EB misspecified with NPMLE init, with SURE: 0.13465317242026664
Finished training EB misspecified with NPMLE init, with in-sample MSE: 0.15785842046248139
Finished training EB misspecified, with SURE: 0.13465577220768807
Finished training EB misspecified, with in-sample MSE: 0.15785462042728332

 Training SURE of the models:
SURE-PM: 0.13465577220768807
NPMLE: 0.32549998994178003
SURE-PM, NPMLE init: 0.13465317242026664
m: 2037
n: 100
experiment: c
Finished training EB misspecified with NPMLE init, with SURE: 0.10520718958305267
Finished training EB misspecified with NPMLE init, with in-sample MSE: 0.15106924821242473
Finished training EB misspecified, with SURE: 0.10521577572879977
Finished training EB misspecified, with in-sample MSE: 0.15106402538682784

 Training SURE of the models:
SURE-PM: 0.10521577572879977
NPMLE: 0.5264114470357191
SURE-PM, NPMLE init: 0.10520718958305267
experiment: d
Finished training EB misspecified with NPMLE init, with SURE: -0.021721741381341583
Finished training EB misspecified with NPMLE init, with in-sample MSE: 0.010047854181879413
Finished training EB misspecified, with SURE: -0.021721224881116222
Finished training EB misspecified, with in-sample MSE: 0.010047586347979443

 Training SURE of the models:
SURE-PM: -0.021721224881116222
NPMLE: 0.11475827750882427
SURE-PM, NPMLE init: -0.021721741381341583
experiment: e
Finished training EB misspecified with NPMLE init, with SURE: 0.06933544298370428
Finished training EB misspecified with NPMLE init, with in-sample MSE: 0.21437216474837456
Finished training EB misspecified, with SURE: 0.06933940846748073
Finished training EB misspecified, with in-sample MSE: 0.2143572753062256

 Training SURE of the models:
SURE-PM: 0.06933940846748073
NPMLE: 0.43570703632365954
SURE-PM, NPMLE init: 0.06933544298370428
n: 400
experiment: c
Finished training EB misspecified with NPMLE init, with SURE: 0.016215984799881157
Finished training EB misspecified with NPMLE init, with in-sample MSE: 0.07454100703392753
Finished training EB misspecified, with SURE: 0.028977209535101595
Finished training EB misspecified, with in-sample MSE: 0.05775897580805329

 Training SURE of the models:
SURE-PM: 0.028977209535101595
NPMLE: 0.6138745092234678
SURE-PM, NPMLE init: 0.016215984799881157
experiment: d
Finished training EB misspecified with NPMLE init, with SURE: 0.014411981634098582
Finished training EB misspecified with NPMLE init, with in-sample MSE: 0.007823473186415457
Finished training EB misspecified, with SURE: 0.014411902391906378
Finished training EB misspecified, with in-sample MSE: 0.007823267655312357

 Training SURE of the models:
SURE-PM: 0.014411902391906378
NPMLE: 0.12569693673684015
SURE-PM, NPMLE init: 0.014411981634098582
experiment: e
Finished training EB misspecified with NPMLE init, with SURE: 0.17100325296736862
Finished training EB misspecified with NPMLE init, with in-sample MSE: 0.2109411966736666
Finished training EB misspecified, with SURE: 0.1665708112488172
Finished training EB misspecified, with in-sample MSE: 0.21146437564872783

 Training SURE of the models:
SURE-PM: 0.1665708112488172
NPMLE: 0.3308039527441733
SURE-PM, NPMLE init: 0.17100325296736862
m: 2038
n: 100
experiment: c
Finished training EB misspecified with NPMLE init, with SURE: -0.0016120296060814355
Finished training EB misspecified with NPMLE init, with in-sample MSE: 0.17167617487332174
Finished training EB misspecified, with SURE: -0.001584040009471437
Finished training EB misspecified, with in-sample MSE: 0.17156887052856898

 Training SURE of the models:
SURE-PM: -0.001584040009471437
NPMLE: 1.069077833822198
SURE-PM, NPMLE init: -0.0016120296060814355
experiment: d
Finished training EB misspecified with NPMLE init, with SURE: -0.006524379341025419
Finished training EB misspecified with NPMLE init, with in-sample MSE: 0.006766086599691251
Finished training EB misspecified, with SURE: -0.0065241053618581195
Finished training EB misspecified, with in-sample MSE: 0.006765990215223859

 Training SURE of the models:
SURE-PM: -0.0065241053618581195
NPMLE: 0.06582914947788655
SURE-PM, NPMLE init: -0.006524379341025419
experiment: e
Finished training EB misspecified with NPMLE init, with SURE: 0.14281726373301964
Finished training EB misspecified with NPMLE init, with in-sample MSE: 0.18026176772356486
Finished training EB misspecified, with SURE: 0.14282793908655336
Finished training EB misspecified, with in-sample MSE: 0.1802580358708278

 Training SURE of the models:
SURE-PM: 0.14282793908655336
NPMLE: 0.30341772229793457
SURE-PM, NPMLE init: 0.14281726373301964
n: 400
experiment: c
Finished training EB misspecified with NPMLE init, with SURE: 0.062467156555950254
Finished training EB misspecified with NPMLE init, with in-sample MSE: 0.06439730098368383
Finished training EB misspecified, with SURE: 0.06246899135128544
Finished training EB misspecified, with in-sample MSE: 0.06439416498070856

 Training SURE of the models:
SURE-PM: 0.06246899135128544
NPMLE: 0.7916263812491087
SURE-PM, NPMLE init: 0.062467156555950254
experiment: d
Finished training EB misspecified with NPMLE init, with SURE: 0.003345251833018903
Finished training EB misspecified with NPMLE init, with in-sample MSE: 0.005966870930364957
Finished training EB misspecified, with SURE: 0.003345535873247929
Finished training EB misspecified, with in-sample MSE: 0.005966862113999626

 Training SURE of the models:
SURE-PM: 0.003345535873247929
NPMLE: 0.07456371575918155
SURE-PM, NPMLE init: 0.003345251833018903
experiment: e
Finished training EB misspecified with NPMLE init, with SURE: 0.18001119007935854
Finished training EB misspecified with NPMLE init, with in-sample MSE: 0.19065926803558425
Finished training EB misspecified, with SURE: 0.1800200079421344
Finished training EB misspecified, with in-sample MSE: 0.19064118871160954

 Training SURE of the models:
SURE-PM: 0.1800200079421344
NPMLE: 0.34215106065313194
SURE-PM, NPMLE init: 0.18001119007935854
m: 2039
n: 100
experiment: c
Finished training EB misspecified with NPMLE init, with SURE: 0.07795302979147571
Finished training EB misspecified with NPMLE init, with in-sample MSE: 0.06317928312814904
Finished training EB misspecified, with SURE: 0.07795715057914065
Finished training EB misspecified, with in-sample MSE: 0.0631797074604933

 Training SURE of the models:
SURE-PM: 0.07795715057914065
NPMLE: 0.5535257787391203
SURE-PM, NPMLE init: 0.07795302979147571
experiment: d
Finished training EB misspecified with NPMLE init, with SURE: 0.02414709487277676
Finished training EB misspecified with NPMLE init, with in-sample MSE: 0.027306606479861224
Finished training EB misspecified, with SURE: 0.02414778672385271
Finished training EB misspecified, with in-sample MSE: 0.027304892864366315

 Training SURE of the models:
SURE-PM: 0.02414778672385271
NPMLE: 0.09552179903247535
SURE-PM, NPMLE init: 0.02414709487277676
experiment: e
Finished training EB misspecified with NPMLE init, with SURE: 0.15398768620787856
Finished training EB misspecified with NPMLE init, with in-sample MSE: 0.27413740451589463
Finished training EB misspecified, with SURE: 0.15399461837314626
Finished training EB misspecified, with in-sample MSE: 0.27413979249188364

 Training SURE of the models:
SURE-PM: 0.15399461837314626
NPMLE: 0.2790702695994029
SURE-PM, NPMLE init: 0.15398768620787856
n: 400
experiment: c
Finished training EB misspecified with NPMLE init, with SURE: 0.047037539947994915
Finished training EB misspecified with NPMLE init, with in-sample MSE: 0.061222906840866564
Finished training EB misspecified, with SURE: 0.04702753573074538
Finished training EB misspecified, with in-sample MSE: 0.061246365473575176

 Training SURE of the models:
SURE-PM: 0.04702753573074538
NPMLE: 0.4890429881774828
SURE-PM, NPMLE init: 0.047037539947994915
experiment: d
Finished training EB misspecified with NPMLE init, with SURE: 0.015412194555718184
Finished training EB misspecified with NPMLE init, with in-sample MSE: 0.04369151386972841
Finished training EB misspecified, with SURE: 0.015416574462980108
Finished training EB misspecified, with in-sample MSE: 0.043696617922186445

 Training SURE of the models:
SURE-PM: 0.015416574462980108
NPMLE: 0.10237857011039407
SURE-PM, NPMLE init: 0.015412194555718184
experiment: e
Finished training EB misspecified with NPMLE init, with SURE: 0.17652640628031152
Finished training EB misspecified with NPMLE init, with in-sample MSE: 0.20981692510788227
Finished training EB misspecified, with SURE: 0.17878102270552304
Finished training EB misspecified, with in-sample MSE: 0.2014653815931302

 Training SURE of the models:
SURE-PM: 0.17878102270552304
NPMLE: 0.28804172476154083
SURE-PM, NPMLE init: 0.17652640628031152
m: 2040
n: 100
experiment: c
Finished training EB misspecified with NPMLE init, with SURE: -0.05164690770821039
Finished training EB misspecified with NPMLE init, with in-sample MSE: 0.05219905225705443
Finished training EB misspecified, with SURE: -0.051633389104060685
Finished training EB misspecified, with in-sample MSE: 0.05220425189966904

 Training SURE of the models:
SURE-PM: -0.051633389104060685
NPMLE: 0.630936900187679
SURE-PM, NPMLE init: -0.05164690770821039
experiment: d
Finished training EB misspecified with NPMLE init, with SURE: 0.05213742675067714
Finished training EB misspecified with NPMLE init, with in-sample MSE: 0.011156889465101788
Finished training EB misspecified, with SURE: 0.052137524564632866
Finished training EB misspecified, with in-sample MSE: 0.011156780777247782

 Training SURE of the models:
SURE-PM: 0.052137524564632866
NPMLE: 0.12476630312338415
SURE-PM, NPMLE init: 0.05213742675067714
experiment: e
Finished training EB misspecified with NPMLE init, with SURE: 0.13252339094695523
Finished training EB misspecified with NPMLE init, with in-sample MSE: 0.1892578915271357
Finished training EB misspecified, with SURE: 0.13217005623912192
Finished training EB misspecified, with in-sample MSE: 0.19282073614795966

 Training SURE of the models:
SURE-PM: 0.13217005623912192
NPMLE: 0.2716103927340288
SURE-PM, NPMLE init: 0.13252339094695523
n: 400
experiment: c
Finished training EB misspecified with NPMLE init, with SURE: -0.03442354312417258
Finished training EB misspecified with NPMLE init, with in-sample MSE: 0.07003698645478945
Finished training EB misspecified, with SURE: -0.0344021341757044
Finished training EB misspecified, with in-sample MSE: 0.07005391046665749

 Training SURE of the models:
SURE-PM: -0.0344021341757044
NPMLE: 0.5440194812660087
SURE-PM, NPMLE init: -0.03442354312417258
experiment: d
Finished training EB misspecified with NPMLE init, with SURE: 0.013334423308486585
Finished training EB misspecified with NPMLE init, with in-sample MSE: 0.012474981010993116
Finished training EB misspecified, with SURE: 0.013380451902561478
Finished training EB misspecified, with in-sample MSE: 0.012565281713792982

 Training SURE of the models:
SURE-PM: 0.013380451902561478
NPMLE: 0.037804704612563106
SURE-PM, NPMLE init: 0.013334423308486585
experiment: e
Finished training EB misspecified with NPMLE init, with SURE: 0.14226888897667347
Finished training EB misspecified with NPMLE init, with in-sample MSE: 0.1791846197793209
Finished training EB misspecified, with SURE: 0.14227343475451118
Finished training EB misspecified, with in-sample MSE: 0.17917710138774498

 Training SURE of the models:
SURE-PM: 0.14227343475451118
NPMLE: 0.3438355287479773
SURE-PM, NPMLE init: 0.14226888897667347
m: 2041
n: 100
experiment: c
Finished training EB misspecified with NPMLE init, with SURE: -0.11141124387252034
Finished training EB misspecified with NPMLE init, with in-sample MSE: 0.12423923357769986
Finished training EB misspecified, with SURE: -0.11140901916796431
Finished training EB misspecified, with in-sample MSE: 0.12421756534495103

 Training SURE of the models:
SURE-PM: -0.11140901916796431
NPMLE: 0.2393691582578805
SURE-PM, NPMLE init: -0.11141124387252034
experiment: d
Finished training EB misspecified with NPMLE init, with SURE: -0.004973115387758078
Finished training EB misspecified with NPMLE init, with in-sample MSE: 0.012782996790047492
Finished training EB misspecified, with SURE: -0.004971573869426962
Finished training EB misspecified, with in-sample MSE: 0.012879993234885846

 Training SURE of the models:
SURE-PM: -0.004971573869426962
NPMLE: -0.004267443499225969
SURE-PM, NPMLE init: -0.004973115387758078
experiment: e
Finished training EB misspecified with NPMLE init, with SURE: 0.09356432285040263
Finished training EB misspecified with NPMLE init, with in-sample MSE: 0.17734363431027134
Finished training EB misspecified, with SURE: 0.09358499809596155
Finished training EB misspecified, with in-sample MSE: 0.17751309250998287

 Training SURE of the models:
SURE-PM: 0.09358499809596155
NPMLE: 0.4564597028220887
SURE-PM, NPMLE init: 0.09356432285040263
n: 400
experiment: c
Finished training EB misspecified with NPMLE init, with SURE: -0.005624704877929645
Finished training EB misspecified with NPMLE init, with in-sample MSE: 0.06694091064141373
Finished training EB misspecified, with SURE: -0.005595547523072142
Finished training EB misspecified, with in-sample MSE: 0.06628870171966188

 Training SURE of the models:
SURE-PM: -0.005595547523072142
NPMLE: 0.5992034238105939
SURE-PM, NPMLE init: -0.005624704877929645
experiment: d
Finished training EB misspecified with NPMLE init, with SURE: 0.0038489047077618645
Finished training EB misspecified with NPMLE init, with in-sample MSE: 0.0186823818126764
Finished training EB misspecified, with SURE: 0.003849646667613822
Finished training EB misspecified, with in-sample MSE: 0.01867796234019831

 Training SURE of the models:
SURE-PM: 0.003849646667613822
NPMLE: 0.10289023085792906
SURE-PM, NPMLE init: 0.0038489047077618645
experiment: e
Finished training EB misspecified with NPMLE init, with SURE: 0.1474067010041555
Finished training EB misspecified with NPMLE init, with in-sample MSE: 0.17406830911293766
Finished training EB misspecified, with SURE: 0.14741368656355683
Finished training EB misspecified, with in-sample MSE: 0.17410236060456163

 Training SURE of the models:
SURE-PM: 0.14741368656355683
NPMLE: 0.3362358179265499
SURE-PM, NPMLE init: 0.1474067010041555
m: 2042
n: 100
experiment: c
Finished training EB misspecified with NPMLE init, with SURE: -0.032955868815728664
Finished training EB misspecified with NPMLE init, with in-sample MSE: 0.05341588961241697
Finished training EB misspecified, with SURE: -0.032946293807847554
Finished training EB misspecified, with in-sample MSE: 0.053424525806729586

 Training SURE of the models:
SURE-PM: -0.032946293807847554
NPMLE: 0.2993367504510438
SURE-PM, NPMLE init: -0.032955868815728664
experiment: d
Finished training EB misspecified with NPMLE init, with SURE: 0.029673562719308003
Finished training EB misspecified with NPMLE init, with in-sample MSE: 0.03139144050520773
Finished training EB misspecified, with SURE: 0.029677619031316275
Finished training EB misspecified, with in-sample MSE: 0.03138757105158081

 Training SURE of the models:
SURE-PM: 0.029677619031316275
NPMLE: 0.10744235746070281
SURE-PM, NPMLE init: 0.029673562719308003
experiment: e
Finished training EB misspecified with NPMLE init, with SURE: 0.15240621470101906
Finished training EB misspecified with NPMLE init, with in-sample MSE: 0.2125133849416656
Finished training EB misspecified, with SURE: 0.15241451950269672
Finished training EB misspecified, with in-sample MSE: 0.2124274345580545

 Training SURE of the models:
SURE-PM: 0.15241451950269672
NPMLE: 0.28649742364590813
SURE-PM, NPMLE init: 0.15240621470101906
n: 400
experiment: c
Finished training EB misspecified with NPMLE init, with SURE: 0.022467686599459073
Finished training EB misspecified with NPMLE init, with in-sample MSE: 0.06156823753555656
Finished training EB misspecified, with SURE: 0.02252752673715321
Finished training EB misspecified, with in-sample MSE: 0.06149361908597349

 Training SURE of the models:
SURE-PM: 0.02252752673715321
NPMLE: 0.6469609185897996
SURE-PM, NPMLE init: 0.022467686599459073
experiment: d
Finished training EB misspecified with NPMLE init, with SURE: 0.021913045900185803
Finished training EB misspecified with NPMLE init, with in-sample MSE: 0.006357992072375497
Finished training EB misspecified, with SURE: 0.021914471045987618
Finished training EB misspecified, with in-sample MSE: 0.006372394567205796

 Training SURE of the models:
SURE-PM: 0.021914471045987618
NPMLE: 0.06827197547671249
SURE-PM, NPMLE init: 0.021913045900185803
experiment: e
Finished training EB misspecified with NPMLE init, with SURE: 0.15391427403039892
Finished training EB misspecified with NPMLE init, with in-sample MSE: 0.16179007486606992
Finished training EB misspecified, with SURE: 0.15392019588536207
Finished training EB misspecified, with in-sample MSE: 0.16179202604460444

 Training SURE of the models:
SURE-PM: 0.15392019588536207
NPMLE: 0.33781811338866263
SURE-PM, NPMLE init: 0.15391427403039892
m: 2043
n: 100
experiment: c
Finished training EB misspecified with NPMLE init, with SURE: -0.010687980261715283
Finished training EB misspecified with NPMLE init, with in-sample MSE: 0.05624263493474595
Finished training EB misspecified, with SURE: -0.010657949373020302
Finished training EB misspecified, with in-sample MSE: 0.056235972208956084

 Training SURE of the models:
SURE-PM: -0.010657949373020302
NPMLE: 0.6012015939928023
SURE-PM, NPMLE init: -0.010687980261715283
experiment: d
Finished training EB misspecified with NPMLE init, with SURE: -0.026011500672921777
Finished training EB misspecified with NPMLE init, with in-sample MSE: 0.007430356757923575
Finished training EB misspecified, with SURE: -0.025951135252461625
Finished training EB misspecified, with in-sample MSE: 0.007326498542309965

 Training SURE of the models:
SURE-PM: -0.025951135252461625
NPMLE: 0.04887074582869966
SURE-PM, NPMLE init: -0.026011500672921777
experiment: e
Finished training EB misspecified with NPMLE init, with SURE: 0.13831272867901212
Finished training EB misspecified with NPMLE init, with in-sample MSE: 0.1987093677582642
Finished training EB misspecified, with SURE: 0.1383206884884168
Finished training EB misspecified, with in-sample MSE: 0.19870934880257013

 Training SURE of the models:
SURE-PM: 0.1383206884884168
NPMLE: 0.2918000806331252
SURE-PM, NPMLE init: 0.13831272867901212
n: 400
experiment: c
Finished training EB misspecified with NPMLE init, with SURE: 0.11812438209849155
Finished training EB misspecified with NPMLE init, with in-sample MSE: 0.07396417761872918
Finished training EB misspecified, with SURE: 0.11820912166011319
Finished training EB misspecified, with in-sample MSE: 0.07397369470519478

 Training SURE of the models:
SURE-PM: 0.11820912166011319
NPMLE: 0.6765669503267153
SURE-PM, NPMLE init: 0.11812438209849155
experiment: d
Finished training EB misspecified with NPMLE init, with SURE: 0.014964538693303915
Finished training EB misspecified with NPMLE init, with in-sample MSE: 0.006680056164448015
Finished training EB misspecified, with SURE: 0.014973153352027318
Finished training EB misspecified, with in-sample MSE: 0.006657002812857273

 Training SURE of the models:
SURE-PM: 0.014973153352027318
NPMLE: 0.05634456163397953
SURE-PM, NPMLE init: 0.014964538693303915
experiment: e
Finished training EB misspecified with NPMLE init, with SURE: 0.19529325934630679
Finished training EB misspecified with NPMLE init, with in-sample MSE: 0.21440838356608835
Finished training EB misspecified, with SURE: 0.19527207341570638
Finished training EB misspecified, with in-sample MSE: 0.21459473941558296

 Training SURE of the models:
SURE-PM: 0.19527207341570638
NPMLE: 0.29101250273420187
SURE-PM, NPMLE init: 0.19529325934630679
m: 2044
n: 100
experiment: c
Finished training EB misspecified with NPMLE init, with SURE: 0.07648782738533931
Finished training EB misspecified with NPMLE init, with in-sample MSE: 0.07637299476015574
Finished training EB misspecified, with SURE: 0.07652628549948474
Finished training EB misspecified, with in-sample MSE: 0.07631413867195554

 Training SURE of the models:
SURE-PM: 0.07652628549948474
NPMLE: 0.9590330940450285
SURE-PM, NPMLE init: 0.07648782738533931
experiment: d
Finished training EB misspecified with NPMLE init, with SURE: -0.009077132209833146
Finished training EB misspecified with NPMLE init, with in-sample MSE: 0.00306821360858064
Finished training EB misspecified, with SURE: -0.009078056549782297
Finished training EB misspecified, with in-sample MSE: 0.0030687010848567523

 Training SURE of the models:
SURE-PM: -0.009078056549782297
NPMLE: 0.021893688800124097
SURE-PM, NPMLE init: -0.009077132209833146
experiment: e
Finished training EB misspecified with NPMLE init, with SURE: 0.09604941819912614
Finished training EB misspecified with NPMLE init, with in-sample MSE: 0.23513389856604008
Finished training EB misspecified, with SURE: 0.0960532009809884
Finished training EB misspecified, with in-sample MSE: 0.2351163156666827

 Training SURE of the models:
SURE-PM: 0.0960532009809884
NPMLE: 0.2712513398294597
SURE-PM, NPMLE init: 0.09604941819912614
n: 400
experiment: c
Finished training EB misspecified with NPMLE init, with SURE: 0.09594348892952212
Finished training EB misspecified with NPMLE init, with in-sample MSE: 0.062342847635687454
Finished training EB misspecified, with SURE: 0.09597486962085512
Finished training EB misspecified, with in-sample MSE: 0.06217036170758392

 Training SURE of the models:
SURE-PM: 0.09597486962085512
NPMLE: 0.37414748245107304
SURE-PM, NPMLE init: 0.09594348892952212
experiment: d
Finished training EB misspecified with NPMLE init, with SURE: -0.006501744731483914
Finished training EB misspecified with NPMLE init, with in-sample MSE: 0.00458027800298687
Finished training EB misspecified, with SURE: -0.006501298218153622
Finished training EB misspecified, with in-sample MSE: 0.004580208579326779

 Training SURE of the models:
SURE-PM: -0.006501298218153622
NPMLE: 0.002399697305723727
SURE-PM, NPMLE init: -0.006501744731483914
experiment: e
Finished training EB misspecified with NPMLE init, with SURE: 0.1564757670164526
Finished training EB misspecified with NPMLE init, with in-sample MSE: 0.17353639975247742
Finished training EB misspecified, with SURE: 0.157539245757507
Finished training EB misspecified, with in-sample MSE: 0.1694954234350467

 Training SURE of the models:
SURE-PM: 0.157539245757507
NPMLE: 0.2990212928586623
SURE-PM, NPMLE init: 0.1564757670164526
m: 2045
n: 100
experiment: c
Finished training EB misspecified with NPMLE init, with SURE: -0.018730198932761583
Finished training EB misspecified with NPMLE init, with in-sample MSE: 0.07108683488001948
Finished training EB misspecified, with SURE: -0.017096538989203866
Finished training EB misspecified, with in-sample MSE: 0.07247997750679144

 Training SURE of the models:
SURE-PM: -0.017096538989203866
NPMLE: 0.598654988848747
SURE-PM, NPMLE init: -0.018730198932761583
experiment: d
Finished training EB misspecified with NPMLE init, with SURE: 0.0003745582048855134
Finished training EB misspecified with NPMLE init, with in-sample MSE: 0.0476028933846084
Finished training EB misspecified, with SURE: 0.00037545102417496423
Finished training EB misspecified, with in-sample MSE: 0.047602907468803864

 Training SURE of the models:
SURE-PM: 0.00037545102417496423
NPMLE: 0.09386523008059645
SURE-PM, NPMLE init: 0.0003745582048855134
experiment: e
Finished training EB misspecified with NPMLE init, with SURE: 0.06611385275347942
Finished training EB misspecified with NPMLE init, with in-sample MSE: 0.36357386731625696
Finished training EB misspecified, with SURE: 0.06612096346313016
Finished training EB misspecified, with in-sample MSE: 0.3635596622443047

 Training SURE of the models:
SURE-PM: 0.06612096346313016
NPMLE: 0.22217251796948154
SURE-PM, NPMLE init: 0.06611385275347942
n: 400
experiment: c
Finished training EB misspecified with NPMLE init, with SURE: 0.023769218743269108
Finished training EB misspecified with NPMLE init, with in-sample MSE: 0.05675601266551019
Finished training EB misspecified, with SURE: 0.023768772871698617
Finished training EB misspecified, with in-sample MSE: 0.05675649091227099

 Training SURE of the models:
SURE-PM: 0.023768772871698617
NPMLE: 0.4216429190191786
SURE-PM, NPMLE init: 0.023769218743269108
experiment: d
Finished training EB misspecified with NPMLE init, with SURE: -0.010990491164160971
Finished training EB misspecified with NPMLE init, with in-sample MSE: 0.005670500068440485
Finished training EB misspecified, with SURE: -0.010990873453161036
Finished training EB misspecified, with in-sample MSE: 0.005671674215987907

 Training SURE of the models:
SURE-PM: -0.010990873453161036
NPMLE: 0.0357746989533034
SURE-PM, NPMLE init: -0.010990491164160971
experiment: e
Finished training EB misspecified with NPMLE init, with SURE: 0.16747837649373368
Finished training EB misspecified with NPMLE init, with in-sample MSE: 0.17418851979177594
Finished training EB misspecified, with SURE: 0.16749060523685877
Finished training EB misspecified, with in-sample MSE: 0.17421694057966625

 Training SURE of the models:
SURE-PM: 0.16749060523685877
NPMLE: 0.3299497568342797
SURE-PM, NPMLE init: 0.16747837649373368
m: 2046
n: 100
experiment: c
Finished training EB misspecified with NPMLE init, with SURE: 0.023728973355368766
Finished training EB misspecified with NPMLE init, with in-sample MSE: 0.08996233654894902
Finished training EB misspecified, with SURE: 0.02373415266286557
Finished training EB misspecified, with in-sample MSE: 0.08994142765577821

 Training SURE of the models:
SURE-PM: 0.02373415266286557
NPMLE: 0.6670141023023447
SURE-PM, NPMLE init: 0.023728973355368766
experiment: d
Finished training EB misspecified with NPMLE init, with SURE: -0.005611521777176343
Finished training EB misspecified with NPMLE init, with in-sample MSE: 0.007890709964027581
Finished training EB misspecified, with SURE: -0.005611511747952829
Finished training EB misspecified, with in-sample MSE: 0.007890573573481267

 Training SURE of the models:
SURE-PM: -0.005611511747952829
NPMLE: 0.08115888499688051
SURE-PM, NPMLE init: -0.005611521777176343
experiment: e
Finished training EB misspecified with NPMLE init, with SURE: 0.09872292920406509
Finished training EB misspecified with NPMLE init, with in-sample MSE: 0.20125037164342052
Finished training EB misspecified, with SURE: 0.09873264759822653
Finished training EB misspecified, with in-sample MSE: 0.20135229872293095

 Training SURE of the models:
SURE-PM: 0.09873264759822653
NPMLE: 0.3873394902344771
SURE-PM, NPMLE init: 0.09872292920406509
n: 400
experiment: c
Finished training EB misspecified with NPMLE init, with SURE: 0.13589736027975818
Finished training EB misspecified with NPMLE init, with in-sample MSE: 0.07769566626491495
Finished training EB misspecified, with SURE: 0.13591149757017945
Finished training EB misspecified, with in-sample MSE: 0.07764936065446577

 Training SURE of the models:
SURE-PM: 0.13591149757017945
NPMLE: 0.725556760431248
SURE-PM, NPMLE init: 0.13589736027975818
experiment: d
Finished training EB misspecified with NPMLE init, with SURE: 0.014516183949050116
Finished training EB misspecified with NPMLE init, with in-sample MSE: 0.007746143064254755
Finished training EB misspecified, with SURE: 0.014520729779507385
Finished training EB misspecified, with in-sample MSE: 0.007742354889254083

 Training SURE of the models:
SURE-PM: 0.014520729779507385
NPMLE: 0.0361258697776011
SURE-PM, NPMLE init: 0.014516183949050116
experiment: e
Finished training EB misspecified with NPMLE init, with SURE: 0.1847626065519227
Finished training EB misspecified with NPMLE init, with in-sample MSE: 0.2244911959815149
Finished training EB misspecified, with SURE: 0.18663989206045614
Finished training EB misspecified, with in-sample MSE: 0.22486238293154545

 Training SURE of the models:
SURE-PM: 0.18663989206045614
NPMLE: 0.3232131171155083
SURE-PM, NPMLE init: 0.1847626065519227
m: 2047
n: 100
experiment: c
Finished training EB misspecified with NPMLE init, with SURE: 0.009462187484295156
Finished training EB misspecified with NPMLE init, with in-sample MSE: 0.05471661019176649
Finished training EB misspecified, with SURE: 0.009550427291166912
Finished training EB misspecified, with in-sample MSE: 0.055785264754371136

 Training SURE of the models:
SURE-PM: 0.009550427291166912
NPMLE: 0.3868897387729727
SURE-PM, NPMLE init: 0.009462187484295156
experiment: d
Finished training EB misspecified with NPMLE init, with SURE: 0.0091239109483476
Finished training EB misspecified with NPMLE init, with in-sample MSE: 0.028715176230524046
Finished training EB misspecified, with SURE: 0.009129716528377579
Finished training EB misspecified, with in-sample MSE: 0.02871993204002213

 Training SURE of the models:
SURE-PM: 0.009129716528377579
NPMLE: 0.10418507647741532
SURE-PM, NPMLE init: 0.0091239109483476
experiment: e
Finished training EB misspecified with NPMLE init, with SURE: 0.10059249188630381
Finished training EB misspecified with NPMLE init, with in-sample MSE: 0.17472945065615442
Finished training EB misspecified, with SURE: 0.10059169858223989
Finished training EB misspecified, with in-sample MSE: 0.17471952616329786

 Training SURE of the models:
SURE-PM: 0.10059169858223989
NPMLE: 0.336844024188689
SURE-PM, NPMLE init: 0.10059249188630381
n: 400
experiment: c
Finished training EB misspecified with NPMLE init, with SURE: 0.08642684092802255
Finished training EB misspecified with NPMLE init, with in-sample MSE: 0.061980566608516814
Finished training EB misspecified, with SURE: 0.08637362548990198
Finished training EB misspecified, with in-sample MSE: 0.06245870419042041

 Training SURE of the models:
SURE-PM: 0.08637362548990198
NPMLE: 0.7690981020955329
SURE-PM, NPMLE init: 0.08642684092802255
experiment: d
Finished training EB misspecified with NPMLE init, with SURE: 0.014584128498035262
Finished training EB misspecified with NPMLE init, with in-sample MSE: 0.0072725580541705605
Finished training EB misspecified, with SURE: 0.014594465963943417
Finished training EB misspecified, with in-sample MSE: 0.007272405435790032

 Training SURE of the models:
SURE-PM: 0.014594465963943417
NPMLE: 0.10849859838129244
SURE-PM, NPMLE init: 0.014584128498035262
experiment: e
Finished training EB misspecified with NPMLE init, with SURE: 0.18073344984952308
Finished training EB misspecified with NPMLE init, with in-sample MSE: 0.20473601554865362
Finished training EB misspecified, with SURE: 0.17801707559446825
Finished training EB misspecified, with in-sample MSE: 0.2039102708004907

 Training SURE of the models:
SURE-PM: 0.17801707559446825
NPMLE: 0.3142710862513336
SURE-PM, NPMLE init: 0.18073344984952308
m: 2048
n: 100
experiment: c
Finished training EB misspecified with NPMLE init, with SURE: -0.00650634129817405
Finished training EB misspecified with NPMLE init, with in-sample MSE: 0.0637024973185105
Finished training EB misspecified, with SURE: -0.006490990035481303
Finished training EB misspecified, with in-sample MSE: 0.06373547388091332

 Training SURE of the models:
SURE-PM: -0.006490990035481303
NPMLE: 0.24499611204126368
SURE-PM, NPMLE init: -0.00650634129817405
experiment: d
Finished training EB misspecified with NPMLE init, with SURE: -0.009425107068698858
Finished training EB misspecified with NPMLE init, with in-sample MSE: 0.003060034239135695
Finished training EB misspecified, with SURE: -0.009424744294854435
Finished training EB misspecified, with in-sample MSE: 0.003059959938512101

 Training SURE of the models:
SURE-PM: -0.009424744294854435
NPMLE: 0.03448797556318505
SURE-PM, NPMLE init: -0.009425107068698858
experiment: e
Finished training EB misspecified with NPMLE init, with SURE: 0.1761325037434878
Finished training EB misspecified with NPMLE init, with in-sample MSE: 0.1872773750108073
Finished training EB misspecified, with SURE: 0.17613871873179604
Finished training EB misspecified, with in-sample MSE: 0.18727363868299599

 Training SURE of the models:
SURE-PM: 0.17613871873179604
NPMLE: 0.2795814682507672
SURE-PM, NPMLE init: 0.1761325037434878
n: 400
experiment: c
Finished training EB misspecified with NPMLE init, with SURE: 0.017151386873116153
Finished training EB misspecified with NPMLE init, with in-sample MSE: 0.05540694896890444
Finished training EB misspecified, with SURE: 0.017211722276843987
Finished training EB misspecified, with in-sample MSE: 0.05537955229905807

 Training SURE of the models:
SURE-PM: 0.017211722276843987
NPMLE: 0.8395449793938132
SURE-PM, NPMLE init: 0.017151386873116153
experiment: d
Finished training EB misspecified with NPMLE init, with SURE: 0.008765778665561878
Finished training EB misspecified with NPMLE init, with in-sample MSE: 0.003909225153611994
Finished training EB misspecified, with SURE: 0.008765900398936318
Finished training EB misspecified, with in-sample MSE: 0.003909321277157925

 Training SURE of the models:
SURE-PM: 0.008765900398936318
NPMLE: 0.038254663833617586
SURE-PM, NPMLE init: 0.008765778665561878
experiment: e
Finished training EB misspecified with NPMLE init, with SURE: 0.13821820463393436
Finished training EB misspecified with NPMLE init, with in-sample MSE: 0.19557514245336524
Finished training EB misspecified, with SURE: 0.13822095137591284
Finished training EB misspecified, with in-sample MSE: 0.1955682770819788

 Training SURE of the models:
SURE-PM: 0.13822095137591284
NPMLE: 0.31460584603026154
SURE-PM, NPMLE init: 0.13821820463393436
m: 2049
n: 100
experiment: c
Finished training EB misspecified with NPMLE init, with SURE: 0.04869311620234456
Finished training EB misspecified with NPMLE init, with in-sample MSE: 0.12971945822660577
Finished training EB misspecified, with SURE: 0.04871889711724656
Finished training EB misspecified, with in-sample MSE: 0.1297349663624016

 Training SURE of the models:
SURE-PM: 0.04871889711724656
NPMLE: 0.9207372056714901
SURE-PM, NPMLE init: 0.04869311620234456
experiment: d
Finished training EB misspecified with NPMLE init, with SURE: -0.004353501935325532
Finished training EB misspecified with NPMLE init, with in-sample MSE: 0.007350935515516783
Finished training EB misspecified, with SURE: -0.004353241144294042
Finished training EB misspecified, with in-sample MSE: 0.0073507613828817375

 Training SURE of the models:
SURE-PM: -0.004353241144294042
NPMLE: 0.019246073936987927
SURE-PM, NPMLE init: -0.004353501935325532
experiment: e
Finished training EB misspecified with NPMLE init, with SURE: 0.11949054479556544
Finished training EB misspecified with NPMLE init, with in-sample MSE: 0.22354030956981988
Finished training EB misspecified, with SURE: 0.11937132252193643
Finished training EB misspecified, with in-sample MSE: 0.2221409491430648

 Training SURE of the models:
SURE-PM: 0.11937132252193643
NPMLE: 0.3068588054337786
SURE-PM, NPMLE init: 0.11949054479556544
n: 400
experiment: c
Finished training EB misspecified with NPMLE init, with SURE: 0.036354555177669425
Finished training EB misspecified with NPMLE init, with in-sample MSE: 0.05972681689333575
Finished training EB misspecified, with SURE: 0.03639164207125283
Finished training EB misspecified, with in-sample MSE: 0.05970812213422004

 Training SURE of the models:
SURE-PM: 0.03639164207125283
NPMLE: 0.8270818704549842
SURE-PM, NPMLE init: 0.036354555177669425
experiment: d
Finished training EB misspecified with NPMLE init, with SURE: 0.01802935888126763
Finished training EB misspecified with NPMLE init, with in-sample MSE: 0.0054238817067102305
Finished training EB misspecified, with SURE: 0.01802977635550903
Finished training EB misspecified, with in-sample MSE: 0.005423671953588399

 Training SURE of the models:
SURE-PM: 0.01802977635550903
NPMLE: 0.19137839934133752
SURE-PM, NPMLE init: 0.01802935888126763
experiment: e
Finished training EB misspecified with NPMLE init, with SURE: 0.19471178185618107
Finished training EB misspecified with NPMLE init, with in-sample MSE: 0.1665584532559785
Finished training EB misspecified, with SURE: 0.1947167029715014
Finished training EB misspecified, with in-sample MSE: 0.1665538911821232

 Training SURE of the models:
SURE-PM: 0.1947167029715014
NPMLE: 0.29242443812166513
SURE-PM, NPMLE init: 0.19471178185618107
m: 2050
n: 100
experiment: c
Finished training EB misspecified with NPMLE init, with SURE: -0.0018516644756357437
Finished training EB misspecified with NPMLE init, with in-sample MSE: 0.11749749490492867
Finished training EB misspecified, with SURE: -0.0018009688566091597
Finished training EB misspecified, with in-sample MSE: 0.11746602119182725

 Training SURE of the models:
SURE-PM: -0.0018009688566091597
NPMLE: 0.9200211368099411
SURE-PM, NPMLE init: -0.0018516644756357437
experiment: d
Finished training EB misspecified with NPMLE init, with SURE: 0.014011239135070852
Finished training EB misspecified with NPMLE init, with in-sample MSE: 0.00540570610785131
Finished training EB misspecified, with SURE: 0.014011516237701525
Finished training EB misspecified, with in-sample MSE: 0.005405553200069695

 Training SURE of the models:
SURE-PM: 0.014011516237701525
NPMLE: 0.030661407318411237
SURE-PM, NPMLE init: 0.014011239135070852
experiment: e
Finished training EB misspecified with NPMLE init, with SURE: 0.12027837333319692
Finished training EB misspecified with NPMLE init, with in-sample MSE: 0.2354660742106847
Finished training EB misspecified, with SURE: 0.12028735459917617
Finished training EB misspecified, with in-sample MSE: 0.235470090590231

 Training SURE of the models:
SURE-PM: 0.12028735459917617
NPMLE: 0.40488276650068555
SURE-PM, NPMLE init: 0.12027837333319692
n: 400
experiment: c
Finished training EB misspecified with NPMLE init, with SURE: 0.01306646189168731
Finished training EB misspecified with NPMLE init, with in-sample MSE: 0.1408433656289486
Finished training EB misspecified, with SURE: 0.013070833200720814
Finished training EB misspecified, with in-sample MSE: 0.14101097478837443

 Training SURE of the models:
SURE-PM: 0.013070833200720814
NPMLE: 0.7620070102126675
SURE-PM, NPMLE init: 0.01306646189168731
experiment: d
Finished training EB misspecified with NPMLE init, with SURE: 0.0033544193787900236
Finished training EB misspecified with NPMLE init, with in-sample MSE: 0.01118727847105478
Finished training EB misspecified, with SURE: 0.0033600516303647333
Finished training EB misspecified, with in-sample MSE: 0.011212003366592253

 Training SURE of the models:
SURE-PM: 0.0033600516303647333
NPMLE: 0.04709187737615142
SURE-PM, NPMLE init: 0.0033544193787900236
experiment: e
Finished training EB misspecified with NPMLE init, with SURE: 0.1547807833433626
Finished training EB misspecified with NPMLE init, with in-sample MSE: 0.17186373580611553
Finished training EB misspecified, with SURE: 0.15478462464271667
Finished training EB misspecified, with in-sample MSE: 0.17185700330090442

 Training SURE of the models:
SURE-PM: 0.15478462464271667
NPMLE: 0.33207046086340336
SURE-PM, NPMLE init: 0.1547807833433626
m: 2051
n: 100
experiment: c
Finished training EB misspecified with NPMLE init, with SURE: 0.14877090090943626
Finished training EB misspecified with NPMLE init, with in-sample MSE: 0.15157536125355264
Finished training EB misspecified, with SURE: 0.14877735400254566
Finished training EB misspecified, with in-sample MSE: 0.15153867963773554

 Training SURE of the models:
SURE-PM: 0.14877735400254566
NPMLE: 0.731138189939483
SURE-PM, NPMLE init: 0.14877090090943626
experiment: d
Finished training EB misspecified with NPMLE init, with SURE: -0.01993124732691044
Finished training EB misspecified with NPMLE init, with in-sample MSE: 0.005339944239487272
Finished training EB misspecified, with SURE: -0.01993069708954625
Finished training EB misspecified, with in-sample MSE: 0.005339874436287121

 Training SURE of the models:
SURE-PM: -0.01993069708954625
NPMLE: 0.009774297535550485
SURE-PM, NPMLE init: -0.01993124732691044
experiment: e
Finished training EB misspecified with NPMLE init, with SURE: 0.049957840033724214
Finished training EB misspecified with NPMLE init, with in-sample MSE: 0.20032708553022316
Finished training EB misspecified, with SURE: 0.049967136479512536
Finished training EB misspecified, with in-sample MSE: 0.20040549577882108

 Training SURE of the models:
SURE-PM: 0.049967136479512536
NPMLE: 0.29277856412683934
SURE-PM, NPMLE init: 0.049957840033724214
n: 400
experiment: c
Finished training EB misspecified with NPMLE init, with SURE: 0.05800023406833809
Finished training EB misspecified with NPMLE init, with in-sample MSE: 0.05972349566927443
Finished training EB misspecified, with SURE: 0.058006155549705056
Finished training EB misspecified, with in-sample MSE: 0.05971675397383607

 Training SURE of the models:
SURE-PM: 0.058006155549705056
NPMLE: 0.7120722358416103
SURE-PM, NPMLE init: 0.05800023406833809
experiment: d
Finished training EB misspecified with NPMLE init, with SURE: 0.0033080456270011462
Finished training EB misspecified with NPMLE init, with in-sample MSE: 0.005139416330217677
Finished training EB misspecified, with SURE: 0.003308255772476745
Finished training EB misspecified, with in-sample MSE: 0.005139375003498814

 Training SURE of the models:
SURE-PM: 0.003308255772476745
NPMLE: 0.024925750485023882
SURE-PM, NPMLE init: 0.0033080456270011462
experiment: e
Finished training EB misspecified with NPMLE init, with SURE: 0.12626647040464586
Finished training EB misspecified with NPMLE init, with in-sample MSE: 0.17027325793134726
Finished training EB misspecified, with SURE: 0.12628059525905275
Finished training EB misspecified, with in-sample MSE: 0.17040577571035656

 Training SURE of the models:
SURE-PM: 0.12628059525905275
NPMLE: 0.37211754506359535
SURE-PM, NPMLE init: 0.12626647040464586
m: 2052
n: 100
experiment: c
Finished training EB misspecified with NPMLE init, with SURE: 0.013332754649501411
Finished training EB misspecified with NPMLE init, with in-sample MSE: 0.05494866350070924
Finished training EB misspecified, with SURE: 0.013337748359413126
Finished training EB misspecified, with in-sample MSE: 0.05494876829155888

 Training SURE of the models:
SURE-PM: 0.013337748359413126
NPMLE: 0.5670983378708747
SURE-PM, NPMLE init: 0.013332754649501411
experiment: d
Finished training EB misspecified with NPMLE init, with SURE: 0.007586302336831388
Finished training EB misspecified with NPMLE init, with in-sample MSE: 0.02655984333778586
Finished training EB misspecified, with SURE: 0.0076191996926746695
Finished training EB misspecified, with in-sample MSE: 0.02562810322169874

 Training SURE of the models:
SURE-PM: 0.0076191996926746695
NPMLE: 0.0325931502779807
SURE-PM, NPMLE init: 0.007586302336831388
experiment: e
Finished training EB misspecified with NPMLE init, with SURE: 0.11273046270723246
Finished training EB misspecified with NPMLE init, with in-sample MSE: 0.2291185182846376
Finished training EB misspecified, with SURE: 0.11274046667857465
Finished training EB misspecified, with in-sample MSE: 0.22908250295660207

 Training SURE of the models:
SURE-PM: 0.11274046667857465
NPMLE: 0.28760104366570793
SURE-PM, NPMLE init: 0.11273046270723246
n: 400
experiment: c
Finished training EB misspecified with NPMLE init, with SURE: 0.08564486132763818
Finished training EB misspecified with NPMLE init, with in-sample MSE: 0.07271868426318143
Finished training EB misspecified, with SURE: 0.0856518414290671
Finished training EB misspecified, with in-sample MSE: 0.07265624001997385

 Training SURE of the models:
SURE-PM: 0.0856518414290671
NPMLE: 0.5138368629228526
SURE-PM, NPMLE init: 0.08564486132763818
experiment: d
Finished training EB misspecified with NPMLE init, with SURE: -0.0024003674484175796
Finished training EB misspecified with NPMLE init, with in-sample MSE: 0.006259182991947213
Finished training EB misspecified, with SURE: -0.002400123451074965
Finished training EB misspecified, with in-sample MSE: 0.00625910625019549

 Training SURE of the models:
SURE-PM: -0.002400123451074965
NPMLE: 0.036899283682232865
SURE-PM, NPMLE init: -0.0024003674484175796
experiment: e
Finished training EB misspecified with NPMLE init, with SURE: 0.18038531400364766
Finished training EB misspecified with NPMLE init, with in-sample MSE: 0.16089673581844008
Finished training EB misspecified, with SURE: 0.18039289139596737
Finished training EB misspecified, with in-sample MSE: 0.16087807890223974

 Training SURE of the models:
SURE-PM: 0.18039289139596737
NPMLE: 0.3006840764046927
SURE-PM, NPMLE init: 0.18038531400364766
m: 2053
n: 100
experiment: c
Finished training EB misspecified with NPMLE init, with SURE: 0.027377816116924053
Finished training EB misspecified with NPMLE init, with in-sample MSE: 0.08805643710712538
Finished training EB misspecified, with SURE: 0.027365544033192322
Finished training EB misspecified, with in-sample MSE: 0.08843686172774529

 Training SURE of the models:
SURE-PM: 0.027365544033192322
NPMLE: 1.1110608666459907
SURE-PM, NPMLE init: 0.027377816116924053
experiment: d
Finished training EB misspecified with NPMLE init, with SURE: 0.0018767537440782078
Finished training EB misspecified with NPMLE init, with in-sample MSE: 0.006555094321489489
Finished training EB misspecified, with SURE: 0.0018770917594375192
Finished training EB misspecified, with in-sample MSE: 0.006554781938276818

 Training SURE of the models:
SURE-PM: 0.0018770917594375192
NPMLE: 0.020245102501237077
SURE-PM, NPMLE init: 0.0018767537440782078
experiment: e
Finished training EB misspecified with NPMLE init, with SURE: 0.13264462504503471
Finished training EB misspecified with NPMLE init, with in-sample MSE: 0.23671980067424803
Finished training EB misspecified, with SURE: 0.13265761399422651
Finished training EB misspecified, with in-sample MSE: 0.2367290306917888

 Training SURE of the models:
SURE-PM: 0.13265761399422651
NPMLE: 0.40819942664278386
SURE-PM, NPMLE init: 0.13264462504503471
n: 400
experiment: c
Finished training EB misspecified with NPMLE init, with SURE: 0.07415509510996465
Finished training EB misspecified with NPMLE init, with in-sample MSE: 0.12006634071963102
Finished training EB misspecified, with SURE: 0.07414054486847682
Finished training EB misspecified, with in-sample MSE: 0.11985427823822896

 Training SURE of the models:
SURE-PM: 0.07414054486847682
NPMLE: 1.3048859036916287
SURE-PM, NPMLE init: 0.07415509510996465
experiment: d
Finished training EB misspecified with NPMLE init, with SURE: 0.006131895004211181
Finished training EB misspecified with NPMLE init, with in-sample MSE: 0.007521589404277923
Finished training EB misspecified, with SURE: 0.008407936871697963
Finished training EB misspecified, with in-sample MSE: 0.005061586291666837

 Training SURE of the models:
SURE-PM: 0.008407936871697963
NPMLE: 0.027683919601150356
SURE-PM, NPMLE init: 0.006131895004211181
experiment: e
Finished training EB misspecified with NPMLE init, with SURE: 0.135302094674789
Finished training EB misspecified with NPMLE init, with in-sample MSE: 0.17831737932600247
Finished training EB misspecified, with SURE: 0.1353077484504088
Finished training EB misspecified, with in-sample MSE: 0.178330790490524

 Training SURE of the models:
SURE-PM: 0.1353077484504088
NPMLE: 0.3727233888983247
SURE-PM, NPMLE init: 0.135302094674789
m: 2054
n: 100
experiment: c
Finished training EB misspecified with NPMLE init, with SURE: -0.062283605930087374
Finished training EB misspecified with NPMLE init, with in-sample MSE: 0.16517761177611612
Finished training EB misspecified, with SURE: -0.06220455694850081
Finished training EB misspecified, with in-sample MSE: 0.16535497427217632

 Training SURE of the models:
SURE-PM: -0.06220455694850081
NPMLE: 0.53060331465514
SURE-PM, NPMLE init: -0.062283605930087374
experiment: d
Finished training EB misspecified with NPMLE init, with SURE: 0.00915709198775172
Finished training EB misspecified with NPMLE init, with in-sample MSE: 0.007904488683374856
Finished training EB misspecified, with SURE: 0.009158886624101808
Finished training EB misspecified, with in-sample MSE: 0.007897834950273014

 Training SURE of the models:
SURE-PM: 0.009158886624101808
NPMLE: 0.03562513425596117
SURE-PM, NPMLE init: 0.00915709198775172
experiment: e
Finished training EB misspecified with NPMLE init, with SURE: 0.13914279494415027
Finished training EB misspecified with NPMLE init, with in-sample MSE: 0.21677138033658747
Finished training EB misspecified, with SURE: 0.11707104877478144
Finished training EB misspecified, with in-sample MSE: 0.2072260391645792

 Training SURE of the models:
SURE-PM: 0.11707104877478144
NPMLE: 0.35776425407322976
SURE-PM, NPMLE init: 0.13914279494415027
n: 400
experiment: c
Finished training EB misspecified with NPMLE init, with SURE: 0.06484920576324733
Finished training EB misspecified with NPMLE init, with in-sample MSE: 0.07664448668197742
Finished training EB misspecified, with SURE: 0.06485463207987949
Finished training EB misspecified, with in-sample MSE: 0.07664255932874926

 Training SURE of the models:
SURE-PM: 0.06485463207987949
NPMLE: 0.6588656746139135
SURE-PM, NPMLE init: 0.06484920576324733
experiment: d
Finished training EB misspecified with NPMLE init, with SURE: 0.006013231698966344
Finished training EB misspecified with NPMLE init, with in-sample MSE: 0.004892305636238816
Finished training EB misspecified, with SURE: 0.006013466188525705
Finished training EB misspecified, with in-sample MSE: 0.004892103304835966

 Training SURE of the models:
SURE-PM: 0.006013466188525705
NPMLE: 0.023202051906089826
SURE-PM, NPMLE init: 0.006013231698966344
experiment: e
Finished training EB misspecified with NPMLE init, with SURE: 0.15731331790675637
Finished training EB misspecified with NPMLE init, with in-sample MSE: 0.20224760925937843
Finished training EB misspecified, with SURE: 0.15731152212226046
Finished training EB misspecified, with in-sample MSE: 0.20224869486166963

 Training SURE of the models:
SURE-PM: 0.15731152212226046
NPMLE: 0.3336605438640609
SURE-PM, NPMLE init: 0.15731331790675637
m: 2055
n: 100
experiment: c
Finished training EB misspecified with NPMLE init, with SURE: -0.04394486211541953
Finished training EB misspecified with NPMLE init, with in-sample MSE: 0.06492188866948449
Finished training EB misspecified, with SURE: -0.04393529815633734
Finished training EB misspecified, with in-sample MSE: 0.06493031236819698

 Training SURE of the models:
SURE-PM: -0.04393529815633734
NPMLE: 0.45544537853888145
SURE-PM, NPMLE init: -0.04394486211541953
experiment: d
Finished training EB misspecified with NPMLE init, with SURE: -0.01780628576993358
Finished training EB misspecified with NPMLE init, with in-sample MSE: 0.011617459526054467
Finished training EB misspecified, with SURE: -0.017805373594514756
Finished training EB misspecified, with in-sample MSE: 0.011616413326388342

 Training SURE of the models:
SURE-PM: -0.017805373594514756
NPMLE: 0.019922290358562175
SURE-PM, NPMLE init: -0.01780628576993358
experiment: e
Finished training EB misspecified with NPMLE init, with SURE: 0.08712760259821963
Finished training EB misspecified with NPMLE init, with in-sample MSE: 0.24421038530012001
Finished training EB misspecified, with SURE: 0.08707030525170716
Finished training EB misspecified, with in-sample MSE: 0.2439332331434444

 Training SURE of the models:
SURE-PM: 0.08707030525170716
NPMLE: 0.43761685976287745
SURE-PM, NPMLE init: 0.08712760259821963
n: 400
experiment: c
Finished training EB misspecified with NPMLE init, with SURE: 0.09474133600321409
Finished training EB misspecified with NPMLE init, with in-sample MSE: 0.06661888221800631
Finished training EB misspecified, with SURE: 0.09479343416716987
Finished training EB misspecified, with in-sample MSE: 0.0666391004560591

 Training SURE of the models:
SURE-PM: 0.09479343416716987
NPMLE: 0.7278507272946296
SURE-PM, NPMLE init: 0.09474133600321409
experiment: d
Finished training EB misspecified with NPMLE init, with SURE: 0.013442327416422284
Finished training EB misspecified with NPMLE init, with in-sample MSE: 0.008304602185956267
Finished training EB misspecified, with SURE: 0.013443595201924464
Finished training EB misspecified, with in-sample MSE: 0.00831351343372895

 Training SURE of the models:
SURE-PM: 0.013443595201924464
NPMLE: 0.033126351787564075
SURE-PM, NPMLE init: 0.013442327416422284
experiment: e
Finished training EB misspecified with NPMLE init, with SURE: 0.16295416229176052
Finished training EB misspecified with NPMLE init, with in-sample MSE: 0.19346683620357352
Finished training EB misspecified, with SURE: 0.16293464494376342
Finished training EB misspecified, with in-sample MSE: 0.1935152458737587

 Training SURE of the models:
SURE-PM: 0.16293464494376342
NPMLE: 0.3076626719620087
SURE-PM, NPMLE init: 0.16295416229176052
m: 2056
n: 100
experiment: c
Finished training EB misspecified with NPMLE init, with SURE: -0.03481087657344567
Finished training EB misspecified with NPMLE init, with in-sample MSE: 0.07633521310887144
Finished training EB misspecified, with SURE: -0.034821538203131865
Finished training EB misspecified, with in-sample MSE: 0.07636343884152791

 Training SURE of the models:
SURE-PM: -0.034821538203131865
NPMLE: 0.36909219265311194
SURE-PM, NPMLE init: -0.03481087657344567
experiment: d
Finished training EB misspecified with NPMLE init, with SURE: -0.027717719514056133
Finished training EB misspecified with NPMLE init, with in-sample MSE: 0.006050412523834853
Finished training EB misspecified, with SURE: -0.02771577396804636
Finished training EB misspecified, with in-sample MSE: 0.0060461187305361815

 Training SURE of the models:
SURE-PM: -0.02771577396804636
NPMLE: 0.030904595033960158
SURE-PM, NPMLE init: -0.027717719514056133
experiment: e
Finished training EB misspecified with NPMLE init, with SURE: 0.12448201090154876
Finished training EB misspecified with NPMLE init, with in-sample MSE: 0.11768480530828576
Finished training EB misspecified, with SURE: 0.12449288648351875
Finished training EB misspecified, with in-sample MSE: 0.11791854459705654

 Training SURE of the models:
SURE-PM: 0.12449288648351875
NPMLE: 0.34161840191091786
SURE-PM, NPMLE init: 0.12448201090154876
n: 400
experiment: c
Finished training EB misspecified with NPMLE init, with SURE: 0.007125455354129358
Finished training EB misspecified with NPMLE init, with in-sample MSE: 0.05863280345603398
Finished training EB misspecified, with SURE: 0.007140148952366303
Finished training EB misspecified, with in-sample MSE: 0.05862962528117379

 Training SURE of the models:
SURE-PM: 0.007140148952366303
NPMLE: 0.6790289404544646
SURE-PM, NPMLE init: 0.007125455354129358
experiment: d
Finished training EB misspecified with NPMLE init, with SURE: -0.0016659335925763407
Finished training EB misspecified with NPMLE init, with in-sample MSE: 0.004614246655889281
Finished training EB misspecified, with SURE: -0.001665862349113585
Finished training EB misspecified, with in-sample MSE: 0.004613991995323347

 Training SURE of the models:
SURE-PM: -0.001665862349113585
NPMLE: 0.059484685942748215
SURE-PM, NPMLE init: -0.0016659335925763407
experiment: e
Finished training EB misspecified with NPMLE init, with SURE: 0.14075090154740058
Finished training EB misspecified with NPMLE init, with in-sample MSE: 0.16505113959252068
Finished training EB misspecified, with SURE: 0.14075804156040964
Finished training EB misspecified, with in-sample MSE: 0.1650577784456263

 Training SURE of the models:
SURE-PM: 0.14075804156040964
NPMLE: 0.40473559345234716
SURE-PM, NPMLE init: 0.14075090154740058
m: 2057
n: 100
experiment: c
Finished training EB misspecified with NPMLE init, with SURE: 0.011572886039718781
Finished training EB misspecified with NPMLE init, with in-sample MSE: 0.05330179663704523
Finished training EB misspecified, with SURE: 0.01158441471511182
Finished training EB misspecified, with in-sample MSE: 0.0533039221953623

 Training SURE of the models:
SURE-PM: 0.01158441471511182
NPMLE: 0.7292264854240984
SURE-PM, NPMLE init: 0.011572886039718781
experiment: d
Finished training EB misspecified with NPMLE init, with SURE: -0.0014576022785358412
Finished training EB misspecified with NPMLE init, with in-sample MSE: 0.0028945792314224446
Finished training EB misspecified, with SURE: -0.001457373133338855
Finished training EB misspecified, with in-sample MSE: 0.002894631980603996

 Training SURE of the models:
SURE-PM: -0.001457373133338855
NPMLE: 0.00377967885931719
SURE-PM, NPMLE init: -0.0014576022785358412
experiment: e
Finished training EB misspecified with NPMLE init, with SURE: 0.05788078419318957
Finished training EB misspecified with NPMLE init, with in-sample MSE: 0.27385253321607494
Finished training EB misspecified, with SURE: 0.05788552478745345
Finished training EB misspecified, with in-sample MSE: 0.2738546030941502

 Training SURE of the models:
SURE-PM: 0.05788552478745345
NPMLE: 0.37129383195437604
SURE-PM, NPMLE init: 0.05788078419318957
n: 400
experiment: c
Finished training EB misspecified with NPMLE init, with SURE: 0.07528653861078503
Finished training EB misspecified with NPMLE init, with in-sample MSE: 0.06766318174943213
Finished training EB misspecified, with SURE: 0.07528797042146067
Finished training EB misspecified, with in-sample MSE: 0.06766263843603565

 Training SURE of the models:
SURE-PM: 0.07528797042146067
NPMLE: 0.5432046090709255
SURE-PM, NPMLE init: 0.07528653861078503
experiment: d
Finished training EB misspecified with NPMLE init, with SURE: 0.02483873035795707
Finished training EB misspecified with NPMLE init, with in-sample MSE: 0.010791985009996709
Finished training EB misspecified, with SURE: 0.024836527129313436
Finished training EB misspecified, with in-sample MSE: 0.010794382969063236

 Training SURE of the models:
SURE-PM: 0.024836527129313436
NPMLE: 0.2251373291684444
SURE-PM, NPMLE init: 0.02483873035795707
experiment: e
Finished training EB misspecified with NPMLE init, with SURE: 0.1420146577359222
Finished training EB misspecified with NPMLE init, with in-sample MSE: 0.1628341369543152
Finished training EB misspecified, with SURE: 0.14178136169378974
Finished training EB misspecified, with in-sample MSE: 0.16249589348789623

 Training SURE of the models:
SURE-PM: 0.14178136169378974
NPMLE: 0.3159039881939977
SURE-PM, NPMLE init: 0.1420146577359222
m: 2058
n: 100
experiment: c
Finished training EB misspecified with NPMLE init, with SURE: 0.05673943147907387
Finished training EB misspecified with NPMLE init, with in-sample MSE: 0.07541665942903127
Finished training EB misspecified, with SURE: 0.056741958609735195
Finished training EB misspecified, with in-sample MSE: 0.07541677315500506

 Training SURE of the models:
SURE-PM: 0.056741958609735195
NPMLE: 0.23013026892641286
SURE-PM, NPMLE init: 0.05673943147907387
experiment: d
Finished training EB misspecified with NPMLE init, with SURE: -0.007070329805762406
Finished training EB misspecified with NPMLE init, with in-sample MSE: 0.006254703342202052
Finished training EB misspecified, with SURE: -0.007134844262832516
Finished training EB misspecified, with in-sample MSE: 0.006114910430288178

 Training SURE of the models:
SURE-PM: -0.007134844262832516
NPMLE: 0.05823881642212408
SURE-PM, NPMLE init: -0.007070329805762406
experiment: e
Finished training EB misspecified with NPMLE init, with SURE: 0.11415177878672111
Finished training EB misspecified with NPMLE init, with in-sample MSE: 0.2407508911688975
Finished training EB misspecified, with SURE: 0.11415565289556569
Finished training EB misspecified, with in-sample MSE: 0.24077080746459234

 Training SURE of the models:
SURE-PM: 0.11415565289556569
NPMLE: 0.31452904433268686
SURE-PM, NPMLE init: 0.11415177878672111
n: 400
experiment: c
Finished training EB misspecified with NPMLE init, with SURE: 0.09873987889447271
Finished training EB misspecified with NPMLE init, with in-sample MSE: 0.06977634220092449
Finished training EB misspecified, with SURE: 0.09322886411333378
Finished training EB misspecified, with in-sample MSE: 0.08594567843326473

 Training SURE of the models:
SURE-PM: 0.09322886411333378
NPMLE: 0.6260123756985351
SURE-PM, NPMLE init: 0.09873987889447271
experiment: d
Finished training EB misspecified with NPMLE init, with SURE: 0.0010444803908706212
Finished training EB misspecified with NPMLE init, with in-sample MSE: 0.006279933251361491
Finished training EB misspecified, with SURE: 0.001046339369906768
Finished training EB misspecified, with in-sample MSE: 0.0062769072419591775

 Training SURE of the models:
SURE-PM: 0.001046339369906768
NPMLE: 0.07132395152793139
SURE-PM, NPMLE init: 0.0010444803908706212
experiment: e
Finished training EB misspecified with NPMLE init, with SURE: 0.1492256766416602
Finished training EB misspecified with NPMLE init, with in-sample MSE: 0.16942727299628518
Finished training EB misspecified, with SURE: 0.14923470745552966
Finished training EB misspecified, with in-sample MSE: 0.16942196006928764

 Training SURE of the models:
SURE-PM: 0.14923470745552966
NPMLE: 0.29425930286646534
SURE-PM, NPMLE init: 0.1492256766416602
m: 2059
n: 100
experiment: c
Finished training EB misspecified with NPMLE init, with SURE: -0.00028504920146517066
Finished training EB misspecified with NPMLE init, with in-sample MSE: 0.05731449052052607
Finished training EB misspecified, with SURE: -0.0002785236068561403
Finished training EB misspecified, with in-sample MSE: 0.057315095805065885

 Training SURE of the models:
SURE-PM: -0.0002785236068561403
NPMLE: 0.7216730721699685
SURE-PM, NPMLE init: -0.00028504920146517066
experiment: d
Finished training EB misspecified with NPMLE init, with SURE: -0.00029690473844532053
Finished training EB misspecified with NPMLE init, with in-sample MSE: 0.022220818143515952
Finished training EB misspecified, with SURE: -0.0002871971989098832
Finished training EB misspecified, with in-sample MSE: 0.022372713455266476

 Training SURE of the models:
SURE-PM: -0.0002871971989098832
NPMLE: 0.009304195021231277
SURE-PM, NPMLE init: -0.00029690473844532053
experiment: e
Finished training EB misspecified with NPMLE init, with SURE: 0.10668723416057929
Finished training EB misspecified with NPMLE init, with in-sample MSE: 0.21776941726186425
Finished training EB misspecified, with SURE: 0.10712794291569026
Finished training EB misspecified, with in-sample MSE: 0.2203495067403884

 Training SURE of the models:
SURE-PM: 0.10712794291569026
NPMLE: 0.37417271630132715
SURE-PM, NPMLE init: 0.10668723416057929
n: 400
experiment: c
Finished training EB misspecified with NPMLE init, with SURE: 0.04455964519287889
Finished training EB misspecified with NPMLE init, with in-sample MSE: 0.06054563409774901
Finished training EB misspecified, with SURE: 0.047053485250072316
Finished training EB misspecified, with in-sample MSE: 0.05680213372502939

 Training SURE of the models:
SURE-PM: 0.047053485250072316
NPMLE: 0.7384942229282143
SURE-PM, NPMLE init: 0.04455964519287889
experiment: d
Finished training EB misspecified with NPMLE init, with SURE: 0.00959279524228748
Finished training EB misspecified with NPMLE init, with in-sample MSE: 0.005129673374014477
Finished training EB misspecified, with SURE: 0.009528947338274687
Finished training EB misspecified, with in-sample MSE: 0.005219934489228111

 Training SURE of the models:
SURE-PM: 0.009528947338274687
NPMLE: 0.1335107881785944
SURE-PM, NPMLE init: 0.00959279524228748
experiment: e
Finished training EB misspecified with NPMLE init, with SURE: 0.1586723991671027
Finished training EB misspecified with NPMLE init, with in-sample MSE: 0.18903463276064256
Finished training EB misspecified, with SURE: 0.15868795446605835
Finished training EB misspecified, with in-sample MSE: 0.18902374467347133

 Training SURE of the models:
SURE-PM: 0.15868795446605835
NPMLE: 0.3004213689926697
SURE-PM, NPMLE init: 0.1586723991671027
m: 2060
n: 100
experiment: c
Finished training EB misspecified with NPMLE init, with SURE: 0.09065864675862371
Finished training EB misspecified with NPMLE init, with in-sample MSE: 0.08445809393470856
Finished training EB misspecified, with SURE: 0.09066631205987861
Finished training EB misspecified, with in-sample MSE: 0.08444914562653516

 Training SURE of the models:
SURE-PM: 0.09066631205987861
NPMLE: 0.7997469008140713
SURE-PM, NPMLE init: 0.09065864675862371
experiment: d
Finished training EB misspecified with NPMLE init, with SURE: -0.0021781362464537856
Finished training EB misspecified with NPMLE init, with in-sample MSE: 0.00372377951801082
Finished training EB misspecified, with SURE: -0.0021781507619658847
Finished training EB misspecified, with in-sample MSE: 0.0037236841081236104

 Training SURE of the models:
SURE-PM: -0.0021781507619658847
NPMLE: 0.09175498257520384
SURE-PM, NPMLE init: -0.0021781362464537856
experiment: e
Finished training EB misspecified with NPMLE init, with SURE: 0.10825201624438428
Finished training EB misspecified with NPMLE init, with in-sample MSE: 0.2302321550932953
Finished training EB misspecified, with SURE: 0.10825810114924131
Finished training EB misspecified, with in-sample MSE: 0.23025601113923244

 Training SURE of the models:
SURE-PM: 0.10825810114924131
NPMLE: 0.2060284512749918
SURE-PM, NPMLE init: 0.10825201624438428
n: 400
experiment: c
Finished training EB misspecified with NPMLE init, with SURE: 0.007122607168425077
Finished training EB misspecified with NPMLE init, with in-sample MSE: 0.06420939703332577
Finished training EB misspecified, with SURE: 0.00799652729479547
Finished training EB misspecified, with in-sample MSE: 0.06645744169239134

 Training SURE of the models:
SURE-PM: 0.00799652729479547
NPMLE: 0.490004925519317
SURE-PM, NPMLE init: 0.007122607168425077
experiment: d
Finished training EB misspecified with NPMLE init, with SURE: 0.012800044186270744
Finished training EB misspecified with NPMLE init, with in-sample MSE: 0.005023129106501665
Finished training EB misspecified, with SURE: 0.012800344019943389
Finished training EB misspecified, with in-sample MSE: 0.005023324676499633

 Training SURE of the models:
SURE-PM: 0.012800344019943389
NPMLE: 0.013989744733112132
SURE-PM, NPMLE init: 0.012800044186270744
experiment: e
Finished training EB misspecified with NPMLE init, with SURE: 0.1750517636261248
Finished training EB misspecified with NPMLE init, with in-sample MSE: 0.16909498654531288
Finished training EB misspecified, with SURE: 0.17505961212061164
Finished training EB misspecified, with in-sample MSE: 0.16908497472050665

 Training SURE of the models:
SURE-PM: 0.17505961212061164
NPMLE: 0.3239105920110552
SURE-PM, NPMLE init: 0.1750517636261248
m: 2061
n: 100
experiment: c
Finished training EB misspecified with NPMLE init, with SURE: 0.09909825728455111
Finished training EB misspecified with NPMLE init, with in-sample MSE: 0.09901843272153643
Finished training EB misspecified, with SURE: 0.0991121405968768
Finished training EB misspecified, with in-sample MSE: 0.09894940270120241

 Training SURE of the models:
SURE-PM: 0.0991121405968768
NPMLE: 0.6249168929116258
SURE-PM, NPMLE init: 0.09909825728455111
experiment: d
Finished training EB misspecified with NPMLE init, with SURE: -0.01631139202601025
Finished training EB misspecified with NPMLE init, with in-sample MSE: 0.00718252296755842
Finished training EB misspecified, with SURE: -0.01631125049493747
Finished training EB misspecified, with in-sample MSE: 0.0071822269246173374

 Training SURE of the models:
SURE-PM: -0.01631125049493747
NPMLE: 0.04402705261709278
SURE-PM, NPMLE init: -0.01631139202601025
experiment: e
Finished training EB misspecified with NPMLE init, with SURE: 0.17409958321542854
Finished training EB misspecified with NPMLE init, with in-sample MSE: 0.19098090164883635
Finished training EB misspecified, with SURE: 0.17410917070476814
Finished training EB misspecified, with in-sample MSE: 0.19094253554744814

 Training SURE of the models:
SURE-PM: 0.17410917070476814
NPMLE: 0.3102812771468322
SURE-PM, NPMLE init: 0.17409958321542854
n: 400
experiment: c
Finished training EB misspecified with NPMLE init, with SURE: 0.064751532438598
Finished training EB misspecified with NPMLE init, with in-sample MSE: 0.07930259954401665
Finished training EB misspecified, with SURE: 0.057482813002217414
Finished training EB misspecified, with in-sample MSE: 0.10903856035308016

 Training SURE of the models:
SURE-PM: 0.057482813002217414
NPMLE: 0.672171456638958
SURE-PM, NPMLE init: 0.064751532438598
experiment: d
Finished training EB misspecified with NPMLE init, with SURE: 0.0020262725291661887
Finished training EB misspecified with NPMLE init, with in-sample MSE: 0.017386425669168058
Finished training EB misspecified, with SURE: 0.010100667692560296
Finished training EB misspecified, with in-sample MSE: 0.007988877178939582

 Training SURE of the models:
SURE-PM: 0.010100667692560296
NPMLE: 0.12702936277017013
SURE-PM, NPMLE init: 0.0020262725291661887
experiment: e
Finished training EB misspecified with NPMLE init, with SURE: 0.1542756016924134
Finished training EB misspecified with NPMLE init, with in-sample MSE: 0.19529059449586267
Finished training EB misspecified, with SURE: 0.1542847115055617
Finished training EB misspecified, with in-sample MSE: 0.19524550032438787

 Training SURE of the models:
SURE-PM: 0.1542847115055617
NPMLE: 0.3361875224163498
SURE-PM, NPMLE init: 0.1542756016924134
m: 2062
n: 100
experiment: c
Finished training EB misspecified with NPMLE init, with SURE: -0.14057283277113172
Finished training EB misspecified with NPMLE init, with in-sample MSE: 0.06638705695287826
Finished training EB misspecified, with SURE: -0.14057035068390072
Finished training EB misspecified, with in-sample MSE: 0.06638616272852356

 Training SURE of the models:
SURE-PM: -0.14057035068390072
NPMLE: 0.32983407050232694
SURE-PM, NPMLE init: -0.14057283277113172
experiment: d
Finished training EB misspecified with NPMLE init, with SURE: -0.004297637855441607
Finished training EB misspecified with NPMLE init, with in-sample MSE: 0.012202759405681725
Finished training EB misspecified, with SURE: -0.004296296309027827
Finished training EB misspecified, with in-sample MSE: 0.012197728471244684

 Training SURE of the models:
SURE-PM: -0.004296296309027827
NPMLE: -0.0012495865632219426
SURE-PM, NPMLE init: -0.004297637855441607
experiment: e
Finished training EB misspecified with NPMLE init, with SURE: 0.15352578222223812
Finished training EB misspecified with NPMLE init, with in-sample MSE: 0.19341339458332957
Finished training EB misspecified, with SURE: 0.14449644090575006
Finished training EB misspecified, with in-sample MSE: 0.1940276511411572

 Training SURE of the models:
SURE-PM: 0.14449644090575006
NPMLE: 0.2944181526620854
SURE-PM, NPMLE init: 0.15352578222223812
n: 400
experiment: c
Finished training EB misspecified with NPMLE init, with SURE: 0.043052005898108446
Finished training EB misspecified with NPMLE init, with in-sample MSE: 0.05128294121469028
Finished training EB misspecified, with SURE: 0.04304950694550016
Finished training EB misspecified, with in-sample MSE: 0.05128324765667079

 Training SURE of the models:
SURE-PM: 0.04304950694550016
NPMLE: 0.7438794234661503
SURE-PM, NPMLE init: 0.043052005898108446
experiment: d
Finished training EB misspecified with NPMLE init, with SURE: -0.0028269321886417666
Finished training EB misspecified with NPMLE init, with in-sample MSE: 0.004025276777610027
Finished training EB misspecified, with SURE: -0.0028267599437320177
Finished training EB misspecified, with in-sample MSE: 0.004025219758635217

 Training SURE of the models:
SURE-PM: -0.0028267599437320177
NPMLE: 0.05088258082189162
SURE-PM, NPMLE init: -0.0028269321886417666
experiment: e
Finished training EB misspecified with NPMLE init, with SURE: 0.15712419452601956
Finished training EB misspecified with NPMLE init, with in-sample MSE: 0.17505737961677695
Finished training EB misspecified, with SURE: 0.15713189380588674
Finished training EB misspecified, with in-sample MSE: 0.1750469331204786

 Training SURE of the models:
SURE-PM: 0.15713189380588674
NPMLE: 0.3379297076944134
SURE-PM, NPMLE init: 0.15712419452601956
m: 2063
n: 100
experiment: c
Finished training EB misspecified with NPMLE init, with SURE: 0.11328868802087996
Finished training EB misspecified with NPMLE init, with in-sample MSE: 0.10827173489268492
Finished training EB misspecified, with SURE: 0.11331085814820015
Finished training EB misspecified, with in-sample MSE: 0.1082961094622696

 Training SURE of the models:
SURE-PM: 0.11331085814820015
NPMLE: 0.8177343622963831
SURE-PM, NPMLE init: 0.11328868802087996
experiment: d
Finished training EB misspecified with NPMLE init, with SURE: 0.0133655537986402
Finished training EB misspecified with NPMLE init, with in-sample MSE: 0.009708585368407732
Finished training EB misspecified, with SURE: 0.01336710111370385
Finished training EB misspecified, with in-sample MSE: 0.009711176066519375

 Training SURE of the models:
SURE-PM: 0.01336710111370385
NPMLE: 0.0860048678298104
SURE-PM, NPMLE init: 0.0133655537986402
experiment: e
Finished training EB misspecified with NPMLE init, with SURE: 0.1922843933222592
Finished training EB misspecified with NPMLE init, with in-sample MSE: 0.30852318786277366
Finished training EB misspecified, with SURE: 0.19228691928469047
Finished training EB misspecified, with in-sample MSE: 0.308521634663004

 Training SURE of the models:
SURE-PM: 0.19228691928469047
NPMLE: 0.270777899070801
SURE-PM, NPMLE init: 0.1922843933222592
n: 400
experiment: c
Finished training EB misspecified with NPMLE init, with SURE: 0.03785586700182513
Finished training EB misspecified with NPMLE init, with in-sample MSE: 0.05462710940426405
Finished training EB misspecified, with SURE: 0.03783447174947448
Finished training EB misspecified, with in-sample MSE: 0.054606866337443716

 Training SURE of the models:
SURE-PM: 0.03783447174947448
NPMLE: 0.5998833703493857
SURE-PM, NPMLE init: 0.03785586700182513
experiment: d
Finished training EB misspecified with NPMLE init, with SURE: 0.012083257620557949
Finished training EB misspecified with NPMLE init, with in-sample MSE: 0.013691566428197131
Finished training EB misspecified, with SURE: 0.012083749864693624
Finished training EB misspecified, with in-sample MSE: 0.01369091733640338

 Training SURE of the models:
SURE-PM: 0.012083749864693624
NPMLE: 0.09245758166838769
SURE-PM, NPMLE init: 0.012083257620557949
experiment: e
Finished training EB misspecified with NPMLE init, with SURE: 0.16674275707215674
Finished training EB misspecified with NPMLE init, with in-sample MSE: 0.187543967753374
Finished training EB misspecified, with SURE: 0.1626808607678461
Finished training EB misspecified, with in-sample MSE: 0.21334484682195926

 Training SURE of the models:
SURE-PM: 0.1626808607678461
NPMLE: 0.38232471267837637
SURE-PM, NPMLE init: 0.16674275707215674
m: 2064
n: 100
experiment: c
Finished training EB misspecified with NPMLE init, with SURE: 0.05360916559088004
Finished training EB misspecified with NPMLE init, with in-sample MSE: 0.07980266520036486
Finished training EB misspecified, with SURE: 0.05362882825915584
Finished training EB misspecified, with in-sample MSE: 0.07978900315894819

 Training SURE of the models:
SURE-PM: 0.05362882825915584
NPMLE: 0.6917910114530662
SURE-PM, NPMLE init: 0.05360916559088004
experiment: d
Finished training EB misspecified with NPMLE init, with SURE: -0.005532892117792656
Finished training EB misspecified with NPMLE init, with in-sample MSE: 0.007576444508367991
Finished training EB misspecified, with SURE: -0.005528206632505839
Finished training EB misspecified, with in-sample MSE: 0.007574624040247771

 Training SURE of the models:
SURE-PM: -0.005528206632505839
NPMLE: 0.020472098155206772
SURE-PM, NPMLE init: -0.005532892117792656
experiment: e
Finished training EB misspecified with NPMLE init, with SURE: 0.0895463719412247
Finished training EB misspecified with NPMLE init, with in-sample MSE: 0.17717129869924594
Finished training EB misspecified, with SURE: 0.08956311989199221
Finished training EB misspecified, with in-sample MSE: 0.1771868266590565

 Training SURE of the models:
SURE-PM: 0.08956311989199221
NPMLE: 0.3559752744845961
SURE-PM, NPMLE init: 0.0895463719412247
n: 400
experiment: c
Finished training EB misspecified with NPMLE init, with SURE: 0.03612969955038082
Finished training EB misspecified with NPMLE init, with in-sample MSE: 0.06692844311065066
Finished training EB misspecified, with SURE: 0.03615069910235341
Finished training EB misspecified, with in-sample MSE: 0.06690061146542714

 Training SURE of the models:
SURE-PM: 0.03615069910235341
NPMLE: 0.8326399757862416
SURE-PM, NPMLE init: 0.03612969955038082
experiment: d
Finished training EB misspecified with NPMLE init, with SURE: -0.0044394305879380805
Finished training EB misspecified with NPMLE init, with in-sample MSE: 0.0054474065279815865
Finished training EB misspecified, with SURE: -0.004439000680350578
Finished training EB misspecified, with in-sample MSE: 0.005447199872325689

 Training SURE of the models:
SURE-PM: -0.004439000680350578
NPMLE: 0.026306158247062415
SURE-PM, NPMLE init: -0.0044394305879380805
experiment: e
Finished training EB misspecified with NPMLE init, with SURE: 0.16937660135120353
Finished training EB misspecified with NPMLE init, with in-sample MSE: 0.1748033846668782
Finished training EB misspecified, with SURE: 0.16933370622305752
Finished training EB misspecified, with in-sample MSE: 0.1745145148112929

 Training SURE of the models:
SURE-PM: 0.16933370622305752
NPMLE: 0.3124374138680703
SURE-PM, NPMLE init: 0.16937660135120353
m: 2065
n: 100
experiment: c
Finished training EB misspecified with NPMLE init, with SURE: 0.05265262158084937
Finished training EB misspecified with NPMLE init, with in-sample MSE: 0.10653575778255858
Finished training EB misspecified, with SURE: 0.05265449275545848
Finished training EB misspecified, with in-sample MSE: 0.10675045814775949

 Training SURE of the models:
SURE-PM: 0.05265449275545848
NPMLE: 0.6782760944544919
SURE-PM, NPMLE init: 0.05265262158084937
experiment: d
Finished training EB misspecified with NPMLE init, with SURE: 0.007410832939179581
Finished training EB misspecified with NPMLE init, with in-sample MSE: 0.006698828653931656
Finished training EB misspecified, with SURE: 0.007416216940593845
Finished training EB misspecified, with in-sample MSE: 0.006690635168926988

 Training SURE of the models:
SURE-PM: 0.007416216940593845
NPMLE: 0.012682328923655728
SURE-PM, NPMLE init: 0.007410832939179581
experiment: e
Finished training EB misspecified with NPMLE init, with SURE: 0.12241438128985277
Finished training EB misspecified with NPMLE init, with in-sample MSE: 0.18182324751904005
Finished training EB misspecified, with SURE: 0.12239992998020409
Finished training EB misspecified, with in-sample MSE: 0.18157519513554626

 Training SURE of the models:
SURE-PM: 0.12239992998020409
NPMLE: 0.3060997301070142
SURE-PM, NPMLE init: 0.12241438128985277
n: 400
experiment: c
Finished training EB misspecified with NPMLE init, with SURE: 0.06063171183226999
Finished training EB misspecified with NPMLE init, with in-sample MSE: 0.06391306879532217
Finished training EB misspecified, with SURE: 0.060622277228075845
Finished training EB misspecified, with in-sample MSE: 0.06393579954674439

 Training SURE of the models:
SURE-PM: 0.060622277228075845
NPMLE: 0.6585636860628604
SURE-PM, NPMLE init: 0.06063171183226999
experiment: d
Finished training EB misspecified with NPMLE init, with SURE: 0.01293857242427869
Finished training EB misspecified with NPMLE init, with in-sample MSE: 0.005161088464320443
Finished training EB misspecified, with SURE: 0.012941365908865023
Finished training EB misspecified, with in-sample MSE: 0.005156857994650785

 Training SURE of the models:
SURE-PM: 0.012941365908865023
NPMLE: 0.10298586387757906
SURE-PM, NPMLE init: 0.01293857242427869
experiment: e
Finished training EB misspecified with NPMLE init, with SURE: 0.16003738750107657
Finished training EB misspecified with NPMLE init, with in-sample MSE: 0.2131685932667292
Finished training EB misspecified, with SURE: 0.16004725570793113
Finished training EB misspecified, with in-sample MSE: 0.213170464357661

 Training SURE of the models:
SURE-PM: 0.16004725570793113
NPMLE: 0.32266266097649654
SURE-PM, NPMLE init: 0.16003738750107657
m: 2066
n: 100
experiment: c
Finished training EB misspecified with NPMLE init, with SURE: 0.07977441395282547
Finished training EB misspecified with NPMLE init, with in-sample MSE: 0.1000534881754971
Finished training EB misspecified, with SURE: 0.07976078961759107
Finished training EB misspecified, with in-sample MSE: 0.10005332757529431

 Training SURE of the models:
SURE-PM: 0.07976078961759107
NPMLE: 0.8893074983806342
SURE-PM, NPMLE init: 0.07977441395282547
experiment: d
Finished training EB misspecified with NPMLE init, with SURE: -0.011707872590889146
Finished training EB misspecified with NPMLE init, with in-sample MSE: 0.0034814702769869225
Finished training EB misspecified, with SURE: -0.011702997911514076
Finished training EB misspecified, with in-sample MSE: 0.0035212143524850086

 Training SURE of the models:
SURE-PM: -0.011702997911514076
NPMLE: 0.07015197653443721
SURE-PM, NPMLE init: -0.011707872590889146
experiment: e
Finished training EB misspecified with NPMLE init, with SURE: 0.08873615166990312
Finished training EB misspecified with NPMLE init, with in-sample MSE: 0.2110584748573957
Finished training EB misspecified, with SURE: 0.08874666207129174
Finished training EB misspecified, with in-sample MSE: 0.21105199526316343

 Training SURE of the models:
SURE-PM: 0.08874666207129174
NPMLE: 0.33429833208856197
SURE-PM, NPMLE init: 0.08873615166990312
n: 400
experiment: c
Finished training EB misspecified with NPMLE init, with SURE: 0.05209257582858683
Finished training EB misspecified with NPMLE init, with in-sample MSE: 0.1206859983167405
Finished training EB misspecified, with SURE: 0.05225722412361819
Finished training EB misspecified, with in-sample MSE: 0.12248567855302635

 Training SURE of the models:
SURE-PM: 0.05225722412361819
NPMLE: 0.25307513444848273
SURE-PM, NPMLE init: 0.05209257582858683
experiment: d
Finished training EB misspecified with NPMLE init, with SURE: -0.002916338527261608
Finished training EB misspecified with NPMLE init, with in-sample MSE: 0.0051458214076163964
Finished training EB misspecified, with SURE: -0.0029161901419098514
Finished training EB misspecified, with in-sample MSE: 0.005145564342679761

 Training SURE of the models:
SURE-PM: -0.0029161901419098514
NPMLE: 0.018259370190085847
SURE-PM, NPMLE init: -0.002916338527261608
experiment: e
Finished training EB misspecified with NPMLE init, with SURE: 0.15720537090237188
Finished training EB misspecified with NPMLE init, with in-sample MSE: 0.17816373548934938
Finished training EB misspecified, with SURE: 0.15720961895545515
Finished training EB misspecified, with in-sample MSE: 0.17807241815485908

 Training SURE of the models:
SURE-PM: 0.15720961895545515
NPMLE: 0.29952487165668595
SURE-PM, NPMLE init: 0.15720537090237188
m: 2067
n: 100
experiment: c
Finished training EB misspecified with NPMLE init, with SURE: -0.02517628082178483
Finished training EB misspecified with NPMLE init, with in-sample MSE: 0.06291572344450241
Finished training EB misspecified, with SURE: -0.02517761412817734
Finished training EB misspecified, with in-sample MSE: 0.06296951054317641

 Training SURE of the models:
SURE-PM: -0.02517761412817734
NPMLE: 0.6942420286744919
SURE-PM, NPMLE init: -0.02517628082178483
experiment: d
Finished training EB misspecified with NPMLE init, with SURE: 0.00953037831427677
Finished training EB misspecified with NPMLE init, with in-sample MSE: 0.0225820096887733
Finished training EB misspecified, with SURE: 0.00953176655055998
Finished training EB misspecified, with in-sample MSE: 0.022584253621740876

 Training SURE of the models:
SURE-PM: 0.00953176655055998
NPMLE: 0.13638664591496133
SURE-PM, NPMLE init: 0.00953037831427677
experiment: e
Finished training EB misspecified with NPMLE init, with SURE: 0.154531956201916
Finished training EB misspecified with NPMLE init, with in-sample MSE: 0.17991194706693825
Finished training EB misspecified, with SURE: 0.1530054510137859
Finished training EB misspecified, with in-sample MSE: 0.17798331795615266

 Training SURE of the models:
SURE-PM: 0.1530054510137859
NPMLE: 0.31491944545616857
SURE-PM, NPMLE init: 0.154531956201916
n: 400
experiment: c
Finished training EB misspecified with NPMLE init, with SURE: 0.0692950481879022
Finished training EB misspecified with NPMLE init, with in-sample MSE: 0.058314059484370274
Finished training EB misspecified, with SURE: 0.06929572291141184
Finished training EB misspecified, with in-sample MSE: 0.05831316138503238

 Training SURE of the models:
SURE-PM: 0.06929572291141184
NPMLE: 0.5827175923534397
SURE-PM, NPMLE init: 0.0692950481879022
experiment: d
Finished training EB misspecified with NPMLE init, with SURE: 0.020449546798161453
Finished training EB misspecified with NPMLE init, with in-sample MSE: 0.007659721907271605
Finished training EB misspecified, with SURE: 0.020450939889225063
Finished training EB misspecified, with in-sample MSE: 0.007670032037402481

 Training SURE of the models:
SURE-PM: 0.020450939889225063
NPMLE: 0.06799334222432346
SURE-PM, NPMLE init: 0.020449546798161453
experiment: e
Finished training EB misspecified with NPMLE init, with SURE: 0.17561042759799894
Finished training EB misspecified with NPMLE init, with in-sample MSE: 0.17928975577007986
Finished training EB misspecified, with SURE: 0.17561209339105044
Finished training EB misspecified, with in-sample MSE: 0.17928245664345618

 Training SURE of the models:
SURE-PM: 0.17561209339105044
NPMLE: 0.3280995048612546
SURE-PM, NPMLE init: 0.17561042759799894
m: 2068
n: 100
experiment: c
Finished training EB misspecified with NPMLE init, with SURE: 0.12951055342165063
Finished training EB misspecified with NPMLE init, with in-sample MSE: 0.10287395534158728
Finished training EB misspecified, with SURE: 0.12954917515529757
Finished training EB misspecified, with in-sample MSE: 0.1027705675894146

 Training SURE of the models:
SURE-PM: 0.12954917515529757
NPMLE: 0.8923205316341378
SURE-PM, NPMLE init: 0.12951055342165063
experiment: d
Finished training EB misspecified with NPMLE init, with SURE: 0.00013374949173858397
Finished training EB misspecified with NPMLE init, with in-sample MSE: 0.007588712133364043
Finished training EB misspecified, with SURE: 0.00013596288580716375
Finished training EB misspecified, with in-sample MSE: 0.007583951745156196

 Training SURE of the models:
SURE-PM: 0.00013596288580716375
NPMLE: 0.040658200125599106
SURE-PM, NPMLE init: 0.00013374949173858397
experiment: e
Finished training EB misspecified with NPMLE init, with SURE: 0.15406681658623042
Finished training EB misspecified with NPMLE init, with in-sample MSE: 0.24044717138667696
Finished training EB misspecified, with SURE: 0.15407223938400214
Finished training EB misspecified, with in-sample MSE: 0.24045328732727453

 Training SURE of the models:
SURE-PM: 0.15407223938400214
NPMLE: 0.25035582443823373
SURE-PM, NPMLE init: 0.15406681658623042
n: 400
experiment: c
Finished training EB misspecified with NPMLE init, with SURE: 0.03623387661158454
Finished training EB misspecified with NPMLE init, with in-sample MSE: 0.05390773373289138
Finished training EB misspecified, with SURE: 0.036234605566834686
Finished training EB misspecified, with in-sample MSE: 0.0539075610355228

 Training SURE of the models:
SURE-PM: 0.036234605566834686
NPMLE: 0.28687321415262773
SURE-PM, NPMLE init: 0.03623387661158454
experiment: d
Finished training EB misspecified with NPMLE init, with SURE: 0.011592153984680973
Finished training EB misspecified with NPMLE init, with in-sample MSE: 0.007862328362941212
Finished training EB misspecified, with SURE: 0.011592310605676968
Finished training EB misspecified, with in-sample MSE: 0.007862320547280978

 Training SURE of the models:
SURE-PM: 0.011592310605676968
NPMLE: 0.05130825309405834
SURE-PM, NPMLE init: 0.011592153984680973
experiment: e
Finished training EB misspecified with NPMLE init, with SURE: 0.13722903888812296
Finished training EB misspecified with NPMLE init, with in-sample MSE: 0.20301314481406973
Finished training EB misspecified, with SURE: 0.13723590334979988
Finished training EB misspecified, with in-sample MSE: 0.2029252484705325

 Training SURE of the models:
SURE-PM: 0.13723590334979988
NPMLE: 0.2924362959507781
SURE-PM, NPMLE init: 0.13722903888812296
m: 2069
n: 100
experiment: c
Finished training EB misspecified with NPMLE init, with SURE: -0.00884041444469645
Finished training EB misspecified with NPMLE init, with in-sample MSE: 0.053720127980720546
Finished training EB misspecified, with SURE: -0.008829457414255445
Finished training EB misspecified, with in-sample MSE: 0.05372288443938295

 Training SURE of the models:
SURE-PM: -0.008829457414255445
NPMLE: 0.2714479233498828
SURE-PM, NPMLE init: -0.00884041444469645
experiment: d
Finished training EB misspecified with NPMLE init, with SURE: -0.01463293003636755
Finished training EB misspecified with NPMLE init, with in-sample MSE: 0.028114875435839265
Finished training EB misspecified, with SURE: -0.014628950349176524
Finished training EB misspecified, with in-sample MSE: 0.02811084226847603

 Training SURE of the models:
SURE-PM: -0.014628950349176524
NPMLE: -0.0006620774263140738
SURE-PM, NPMLE init: -0.01463293003636755
experiment: e
Finished training EB misspecified with NPMLE init, with SURE: 0.1335639883515677
Finished training EB misspecified with NPMLE init, with in-sample MSE: 0.16705720634783205
Finished training EB misspecified, with SURE: 0.13356386517831176
Finished training EB misspecified, with in-sample MSE: 0.16704840070043697

 Training SURE of the models:
SURE-PM: 0.13356386517831176
NPMLE: 0.25474958370210343
SURE-PM, NPMLE init: 0.1335639883515677
n: 400
experiment: c
Finished training EB misspecified with NPMLE init, with SURE: 0.06295708030318566
Finished training EB misspecified with NPMLE init, with in-sample MSE: 0.054729100283756556
Finished training EB misspecified, with SURE: 0.06296676727531932
Finished training EB misspecified, with in-sample MSE: 0.05479138592594207

 Training SURE of the models:
SURE-PM: 0.06296676727531932
NPMLE: 0.5356823701901395
SURE-PM, NPMLE init: 0.06295708030318566
experiment: d
Finished training EB misspecified with NPMLE init, with SURE: -0.01010172721129896
Finished training EB misspecified with NPMLE init, with in-sample MSE: 0.0036259677737224844
Finished training EB misspecified, with SURE: -0.010101515177110016
Finished training EB misspecified, with in-sample MSE: 0.0036259046169175653

 Training SURE of the models:
SURE-PM: -0.010101515177110016
NPMLE: 0.029653871660740273
SURE-PM, NPMLE init: -0.01010172721129896
experiment: e
Finished training EB misspecified with NPMLE init, with SURE: 0.1460345193733705
Finished training EB misspecified with NPMLE init, with in-sample MSE: 0.1586997923816522
Finished training EB misspecified, with SURE: 0.14604196341380757
Finished training EB misspecified, with in-sample MSE: 0.1586995017271636

 Training SURE of the models:
SURE-PM: 0.14604196341380757
NPMLE: 0.3015598307352242
SURE-PM, NPMLE init: 0.1460345193733705
m: 2070
n: 100
experiment: c
Finished training EB misspecified with NPMLE init, with SURE: -0.030840524477380598
Finished training EB misspecified with NPMLE init, with in-sample MSE: 0.06927742222973614
Finished training EB misspecified, with SURE: -0.03079808568180326
Finished training EB misspecified, with in-sample MSE: 0.06924348478421845

 Training SURE of the models:
SURE-PM: -0.03079808568180326
NPMLE: 0.3387873134212674
SURE-PM, NPMLE init: -0.030840524477380598
experiment: d
Finished training EB misspecified with NPMLE init, with SURE: -0.016869996899522607
Finished training EB misspecified with NPMLE init, with in-sample MSE: 0.005776534666536175
Finished training EB misspecified, with SURE: -0.016869757334958352
Finished training EB misspecified, with in-sample MSE: 0.005776520335400202

 Training SURE of the models:
SURE-PM: -0.016869757334958352
NPMLE: 0.021774829522706884
SURE-PM, NPMLE init: -0.016869996899522607
experiment: e
Finished training EB misspecified with NPMLE init, with SURE: 0.11862844548390562
Finished training EB misspecified with NPMLE init, with in-sample MSE: 0.22049010560371826
Finished training EB misspecified, with SURE: 0.118795199080434
Finished training EB misspecified, with in-sample MSE: 0.2191998832443398

 Training SURE of the models:
SURE-PM: 0.118795199080434
NPMLE: 0.38260886680674566
SURE-PM, NPMLE init: 0.11862844548390562
n: 400
experiment: c
Finished training EB misspecified with NPMLE init, with SURE: -0.01366741928387313
Finished training EB misspecified with NPMLE init, with in-sample MSE: 0.06165804060966077
Finished training EB misspecified, with SURE: -0.013662579442843211
Finished training EB misspecified, with in-sample MSE: 0.0616700757661365

 Training SURE of the models:
SURE-PM: -0.013662579442843211
NPMLE: 0.5454061681846687
SURE-PM, NPMLE init: -0.01366741928387313
experiment: d
Finished training EB misspecified with NPMLE init, with SURE: 0.0005821384132384999
Finished training EB misspecified with NPMLE init, with in-sample MSE: 0.008998421386403027
Finished training EB misspecified, with SURE: 0.003596399166315578
Finished training EB misspecified, with in-sample MSE: 0.004280930815001611

 Training SURE of the models:
SURE-PM: 0.003596399166315578
NPMLE: 0.09804330410463345
SURE-PM, NPMLE init: 0.0005821384132384999
experiment: e
Finished training EB misspecified with NPMLE init, with SURE: 0.14928957758347913
Finished training EB misspecified with NPMLE init, with in-sample MSE: 0.1837608478625271
Finished training EB misspecified, with SURE: 0.139873529843927
Finished training EB misspecified, with in-sample MSE: 0.1731549577933026

 Training SURE of the models:
SURE-PM: 0.139873529843927
NPMLE: 0.31490077670435507
SURE-PM, NPMLE init: 0.14928957758347913
m: 2071
n: 100
experiment: c
Finished training EB misspecified with NPMLE init, with SURE: -0.11532260883116138
Finished training EB misspecified with NPMLE init, with in-sample MSE: 0.06449746937064281
Finished training EB misspecified, with SURE: -0.11532093341959453
Finished training EB misspecified, with in-sample MSE: 0.06449686966591646

 Training SURE of the models:
SURE-PM: -0.11532093341959453
NPMLE: 0.25842654181856334
SURE-PM, NPMLE init: -0.11532260883116138
experiment: d
Finished training EB misspecified with NPMLE init, with SURE: 0.006896916258336141
Finished training EB misspecified with NPMLE init, with in-sample MSE: 0.01000694378971104
Finished training EB misspecified, with SURE: 0.0068999324216074956
Finished training EB misspecified, with in-sample MSE: 0.00999290269164071

 Training SURE of the models:
SURE-PM: 0.0068999324216074956
NPMLE: 0.014973214219193221
SURE-PM, NPMLE init: 0.006896916258336141
experiment: e
Finished training EB misspecified with NPMLE init, with SURE: 0.12284034007051517
Finished training EB misspecified with NPMLE init, with in-sample MSE: 0.19337377146375606
Finished training EB misspecified, with SURE: 0.11847305706888556
Finished training EB misspecified, with in-sample MSE: 0.19267110825640082

 Training SURE of the models:
SURE-PM: 0.11847305706888556
NPMLE: 0.30473557485579267
SURE-PM, NPMLE init: 0.12284034007051517
n: 400
experiment: c
Finished training EB misspecified with NPMLE init, with SURE: 0.04271677204871125
Finished training EB misspecified with NPMLE init, with in-sample MSE: 0.052542197203333786
Finished training EB misspecified, with SURE: 0.042765163924978256
Finished training EB misspecified, with in-sample MSE: 0.052514051753482234

 Training SURE of the models:
SURE-PM: 0.042765163924978256
NPMLE: 0.6755373268831641
SURE-PM, NPMLE init: 0.04271677204871125
experiment: d
Finished training EB misspecified with NPMLE init, with SURE: 0.01309098712694798
Finished training EB misspecified with NPMLE init, with in-sample MSE: 0.004579553875217725
Finished training EB misspecified, with SURE: 0.013104423823993053
Finished training EB misspecified, with in-sample MSE: 0.0045713689186314445

 Training SURE of the models:
SURE-PM: 0.013104423823993053
NPMLE: 0.08314815308524799
SURE-PM, NPMLE init: 0.01309098712694798
experiment: e
Finished training EB misspecified with NPMLE init, with SURE: 0.15671971069956722
Finished training EB misspecified with NPMLE init, with in-sample MSE: 0.208349789713353
Finished training EB misspecified, with SURE: 0.15672145215854624
Finished training EB misspecified, with in-sample MSE: 0.20844222363799164

 Training SURE of the models:
SURE-PM: 0.15672145215854624
NPMLE: 0.4740817034847936
SURE-PM, NPMLE init: 0.15671971069956722
m: 2072
n: 100
experiment: c
Finished training EB misspecified with NPMLE init, with SURE: 0.0497821164670539
Finished training EB misspecified with NPMLE init, with in-sample MSE: 0.07055225459173671
Finished training EB misspecified, with SURE: 0.04978150346964341
Finished training EB misspecified, with in-sample MSE: 0.07058179379068778

 Training SURE of the models:
SURE-PM: 0.04978150346964341
NPMLE: 0.7015844556843015
SURE-PM, NPMLE init: 0.0497821164670539
experiment: d
Finished training EB misspecified with NPMLE init, with SURE: 0.003859928466076461
Finished training EB misspecified with NPMLE init, with in-sample MSE: 0.003809916780814873
Finished training EB misspecified, with SURE: 0.0038600840408344796
Finished training EB misspecified, with in-sample MSE: 0.0038098849881322973

 Training SURE of the models:
SURE-PM: 0.0038600840408344796
NPMLE: 0.04492819358736572
SURE-PM, NPMLE init: 0.003859928466076461
experiment: e
Finished training EB misspecified with NPMLE init, with SURE: 0.13831044998829145
Finished training EB misspecified with NPMLE init, with in-sample MSE: 0.18586736340317117
Finished training EB misspecified, with SURE: 0.1410289768461969
Finished training EB misspecified, with in-sample MSE: 0.18545512064623396

 Training SURE of the models:
SURE-PM: 0.1410289768461969
NPMLE: 0.32864647867285685
SURE-PM, NPMLE init: 0.13831044998829145
n: 400
experiment: c
Finished training EB misspecified with NPMLE init, with SURE: 0.06830214721838275
Finished training EB misspecified with NPMLE init, with in-sample MSE: 0.05882921273874629
Finished training EB misspecified, with SURE: 0.06830106317204085
Finished training EB misspecified, with in-sample MSE: 0.05880038085914138

 Training SURE of the models:
SURE-PM: 0.06830106317204085
NPMLE: 0.5738073940438049
SURE-PM, NPMLE init: 0.06830214721838275
experiment: d
Finished training EB misspecified with NPMLE init, with SURE: 0.011974896358403627
Finished training EB misspecified with NPMLE init, with in-sample MSE: 0.007951234865043831
Finished training EB misspecified, with SURE: 0.011975640445769003
Finished training EB misspecified, with in-sample MSE: 0.007950329773975478

 Training SURE of the models:
SURE-PM: 0.011975640445769003
NPMLE: 0.07099820207028074
SURE-PM, NPMLE init: 0.011974896358403627
experiment: e
Finished training EB misspecified with NPMLE init, with SURE: 0.15597677236494534
Finished training EB misspecified with NPMLE init, with in-sample MSE: 0.19167032368709155
Finished training EB misspecified, with SURE: 0.15597296374780847
Finished training EB misspecified, with in-sample MSE: 0.1916735159362554

 Training SURE of the models:
SURE-PM: 0.15597296374780847
NPMLE: 0.3489908318056329
SURE-PM, NPMLE init: 0.15597677236494534
m: 2073
n: 100
experiment: c
Finished training EB misspecified with NPMLE init, with SURE: -0.11923439460173263
Finished training EB misspecified with NPMLE init, with in-sample MSE: 0.06797611312409452
Finished training EB misspecified, with SURE: -0.11923116724444079
Finished training EB misspecified, with in-sample MSE: 0.06797412750447845

 Training SURE of the models:
SURE-PM: -0.11923116724444079
NPMLE: 0.6405936470013895
SURE-PM, NPMLE init: -0.11923439460173263
experiment: d
Finished training EB misspecified with NPMLE init, with SURE: -0.019107561672118294
Finished training EB misspecified with NPMLE init, with in-sample MSE: 0.0035914067660048205
Finished training EB misspecified, with SURE: -0.0191073307724189
Finished training EB misspecified, with in-sample MSE: 0.00359140202446813

 Training SURE of the models:
SURE-PM: -0.0191073307724189
NPMLE: -0.0152442272333737
SURE-PM, NPMLE init: -0.019107561672118294
experiment: e
Finished training EB misspecified with NPMLE init, with SURE: 0.09266734780545668
Finished training EB misspecified with NPMLE init, with in-sample MSE: 0.14901505116753005
Finished training EB misspecified, with SURE: 0.09266845272107312
Finished training EB misspecified, with in-sample MSE: 0.14900106865027013

 Training SURE of the models:
SURE-PM: 0.09266845272107312
NPMLE: 0.3316087380160079
SURE-PM, NPMLE init: 0.09266734780545668
n: 400
experiment: c
Finished training EB misspecified with NPMLE init, with SURE: 0.023785706611171024
Finished training EB misspecified with NPMLE init, with in-sample MSE: 0.06258623430715424
Finished training EB misspecified, with SURE: 0.023801289880903055
Finished training EB misspecified, with in-sample MSE: 0.0626344340822098

 Training SURE of the models:
SURE-PM: 0.023801289880903055
NPMLE: 0.9830620782481887
SURE-PM, NPMLE init: 0.023785706611171024
experiment: d
Finished training EB misspecified with NPMLE init, with SURE: 0.0021929828898258207
Finished training EB misspecified with NPMLE init, with in-sample MSE: 0.008152045973460262
Finished training EB misspecified, with SURE: 0.002195170948984675
Finished training EB misspecified, with in-sample MSE: 0.008174740013938466

 Training SURE of the models:
SURE-PM: 0.002195170948984675
NPMLE: 0.06073169539436499
SURE-PM, NPMLE init: 0.0021929828898258207
experiment: e
Finished training EB misspecified with NPMLE init, with SURE: 0.16360472925520783
Finished training EB misspecified with NPMLE init, with in-sample MSE: 0.18555804381371455
Finished training EB misspecified, with SURE: 0.16361140058420426
Finished training EB misspecified, with in-sample MSE: 0.18555113861698996

 Training SURE of the models:
SURE-PM: 0.16361140058420426
NPMLE: 0.2926684068978674
SURE-PM, NPMLE init: 0.16360472925520783
m: 2074
n: 100
experiment: c
Finished training EB misspecified with NPMLE init, with SURE: 0.006200954206913565
Finished training EB misspecified with NPMLE init, with in-sample MSE: 0.06993939812670698
Finished training EB misspecified, with SURE: 0.00619507330583204
Finished training EB misspecified, with in-sample MSE: 0.06997453186279695

 Training SURE of the models:
SURE-PM: 0.00619507330583204
NPMLE: 0.38118503963713707
SURE-PM, NPMLE init: 0.006200954206913565
experiment: d
Finished training EB misspecified with NPMLE init, with SURE: -0.009740281089910407
Finished training EB misspecified with NPMLE init, with in-sample MSE: 0.005461087598162292
Finished training EB misspecified, with SURE: -0.009732644256417303
Finished training EB misspecified, with in-sample MSE: 0.005465397605120174

 Training SURE of the models:
SURE-PM: -0.009732644256417303
NPMLE: 0.013919767211266159
SURE-PM, NPMLE init: -0.009740281089910407
experiment: e
Finished training EB misspecified with NPMLE init, with SURE: 0.14273961305457541
Finished training EB misspecified with NPMLE init, with in-sample MSE: 0.1782909148470404
Finished training EB misspecified, with SURE: 0.14274553192101982
Finished training EB misspecified, with in-sample MSE: 0.17821291275050188

 Training SURE of the models:
SURE-PM: 0.14274553192101982
NPMLE: 0.2711976227051879
SURE-PM, NPMLE init: 0.14273961305457541
n: 400
experiment: c
Finished training EB misspecified with NPMLE init, with SURE: 0.052248853053919006
Finished training EB misspecified with NPMLE init, with in-sample MSE: 0.06717624404655302
Finished training EB misspecified, with SURE: 0.05228261229762936
Finished training EB misspecified, with in-sample MSE: 0.06748339738795486

 Training SURE of the models:
SURE-PM: 0.05228261229762936
NPMLE: 0.6848750639847044
SURE-PM, NPMLE init: 0.052248853053919006
experiment: d
Finished training EB misspecified with NPMLE init, with SURE: -0.01300226467695465
Finished training EB misspecified with NPMLE init, with in-sample MSE: 0.005436571246310342
Finished training EB misspecified, with SURE: -0.012378509841186477
Finished training EB misspecified, with in-sample MSE: 0.004117334381980278

 Training SURE of the models:
SURE-PM: -0.012378509841186477
NPMLE: 0.007185329071212259
SURE-PM, NPMLE init: -0.01300226467695465
experiment: e
Finished training EB misspecified with NPMLE init, with SURE: 0.1380852590540507
Finished training EB misspecified with NPMLE init, with in-sample MSE: 0.18444797027547158
Finished training EB misspecified, with SURE: 0.1401716470398906
Finished training EB misspecified, with in-sample MSE: 0.1807193067843428

 Training SURE of the models:
SURE-PM: 0.1401716470398906
NPMLE: 0.320301410718072
SURE-PM, NPMLE init: 0.1380852590540507
m: 2075
n: 100
experiment: c
Finished training EB misspecified with NPMLE init, with SURE: 0.05013678616244903
Finished training EB misspecified with NPMLE init, with in-sample MSE: 0.05460923539587796
Finished training EB misspecified, with SURE: 0.05014262707232788
Finished training EB misspecified, with in-sample MSE: 0.05460745133785936

 Training SURE of the models:
SURE-PM: 0.05014262707232788
NPMLE: 0.6869884751949877
SURE-PM, NPMLE init: 0.05013678616244903
experiment: d
Finished training EB misspecified with NPMLE init, with SURE: 0.007605999200391
Finished training EB misspecified with NPMLE init, with in-sample MSE: 0.00619476329075409
Finished training EB misspecified, with SURE: 0.007606110976973373
Finished training EB misspecified, with in-sample MSE: 0.006194723764157648

 Training SURE of the models:
SURE-PM: 0.007606110976973373
NPMLE: 0.058227004004746924
SURE-PM, NPMLE init: 0.007605999200391
experiment: e
Finished training EB misspecified with NPMLE init, with SURE: 0.1684856726643427
Finished training EB misspecified with NPMLE init, with in-sample MSE: 0.18968438920450922
Finished training EB misspecified, with SURE: 0.1685022002649912
Finished training EB misspecified, with in-sample MSE: 0.1896647639223397

 Training SURE of the models:
SURE-PM: 0.1685022002649912
NPMLE: 0.2607633066026806
SURE-PM, NPMLE init: 0.1684856726643427
n: 400
experiment: c
Finished training EB misspecified with NPMLE init, with SURE: 0.07402491162412901
Finished training EB misspecified with NPMLE init, with in-sample MSE: 0.0647826529336807
Finished training EB misspecified, with SURE: 0.07406579676823846
Finished training EB misspecified, with in-sample MSE: 0.06473221382484332

 Training SURE of the models:
SURE-PM: 0.07406579676823846
NPMLE: 0.6873705662793341
SURE-PM, NPMLE init: 0.07402491162412901
experiment: d
Finished training EB misspecified with NPMLE init, with SURE: 0.0019200271446169737
Finished training EB misspecified with NPMLE init, with in-sample MSE: 0.0045464211656738255
Finished training EB misspecified, with SURE: 0.0019226301156822245
Finished training EB misspecified, with in-sample MSE: 0.00454919376219078

 Training SURE of the models:
SURE-PM: 0.0019226301156822245
NPMLE: 0.011660180181278772
SURE-PM, NPMLE init: 0.0019200271446169737
experiment: e
Finished training EB misspecified with NPMLE init, with SURE: 0.15645847348426073
Finished training EB misspecified with NPMLE init, with in-sample MSE: 0.19222089911674
Finished training EB misspecified, with SURE: 0.1563655818050117
Finished training EB misspecified, with in-sample MSE: 0.1909196562943978

 Training SURE of the models:
SURE-PM: 0.1563655818050117
NPMLE: 0.28772801048962854
SURE-PM, NPMLE init: 0.15645847348426073
m: 2076
n: 100
experiment: c
Finished training EB misspecified with NPMLE init, with SURE: -0.008134144939260181
Finished training EB misspecified with NPMLE init, with in-sample MSE: 0.05798249894302629
Finished training EB misspecified, with SURE: -0.008130686112302854
Finished training EB misspecified, with in-sample MSE: 0.05798862809770854

 Training SURE of the models:
SURE-PM: -0.008130686112302854
NPMLE: 0.5413561276581558
SURE-PM, NPMLE init: -0.008134144939260181
experiment: d
Finished training EB misspecified with NPMLE init, with SURE: 0.03702283017133112
Finished training EB misspecified with NPMLE init, with in-sample MSE: 0.017940354509402928
Finished training EB misspecified, with SURE: 0.037021475752967097
Finished training EB misspecified, with in-sample MSE: 0.0179403072060539

 Training SURE of the models:
SURE-PM: 0.037021475752967097
NPMLE: 0.09980998046286245
SURE-PM, NPMLE init: 0.03702283017133112
experiment: e
Finished training EB misspecified with NPMLE init, with SURE: 0.08354325876454802
Finished training EB misspecified with NPMLE init, with in-sample MSE: 0.21456101217048013
Finished training EB misspecified, with SURE: 0.08353996760199948
Finished training EB misspecified, with in-sample MSE: 0.21454776558719924

 Training SURE of the models:
SURE-PM: 0.08353996760199948
NPMLE: 0.346241961963891
SURE-PM, NPMLE init: 0.08354325876454802
n: 400
experiment: c
Finished training EB misspecified with NPMLE init, with SURE: 0.0053230777724748895
Finished training EB misspecified with NPMLE init, with in-sample MSE: 0.05476290139529794
Finished training EB misspecified, with SURE: 0.005356495434752873
Finished training EB misspecified, with in-sample MSE: 0.05472981230909959

 Training SURE of the models:
SURE-PM: 0.005356495434752873
NPMLE: 0.7633709514362684
SURE-PM, NPMLE init: 0.0053230777724748895
experiment: d
Finished training EB misspecified with NPMLE init, with SURE: 0.015375462956844856
Finished training EB misspecified with NPMLE init, with in-sample MSE: 0.008006047038151129
Finished training EB misspecified, with SURE: 0.01538102666362608
Finished training EB misspecified, with in-sample MSE: 0.007993566848440638

 Training SURE of the models:
SURE-PM: 0.01538102666362608
NPMLE: 0.12054817636707676
SURE-PM, NPMLE init: 0.015375462956844856
experiment: e
Finished training EB misspecified with NPMLE init, with SURE: 0.15360077587632973
Finished training EB misspecified with NPMLE init, with in-sample MSE: 0.17246482554263642
Finished training EB misspecified, with SURE: 0.15237020855197855
Finished training EB misspecified, with in-sample MSE: 0.17131247041369263

 Training SURE of the models:
SURE-PM: 0.15237020855197855
NPMLE: 0.3118517911661806
SURE-PM, NPMLE init: 0.15360077587632973
m: 2077
n: 100
experiment: c
Finished training EB misspecified with NPMLE init, with SURE: 0.07597212742643088
Finished training EB misspecified with NPMLE init, with in-sample MSE: 0.06657724506489054
Finished training EB misspecified, with SURE: 0.07595219829351792
Finished training EB misspecified, with in-sample MSE: 0.06658056487522904

 Training SURE of the models:
SURE-PM: 0.07595219829351792
NPMLE: 0.6937194365931465
SURE-PM, NPMLE init: 0.07597212742643088
experiment: d
Finished training EB misspecified with NPMLE init, with SURE: -0.02453291149374616
Finished training EB misspecified with NPMLE init, with in-sample MSE: 0.007117801283660879
Finished training EB misspecified, with SURE: -0.023798643768201393
Finished training EB misspecified, with in-sample MSE: 0.004742018496056799

 Training SURE of the models:
SURE-PM: -0.023798643768201393
NPMLE: 0.025290698190420288
SURE-PM, NPMLE init: -0.02453291149374616
experiment: e
Finished training EB misspecified with NPMLE init, with SURE: 0.11893063119410674
Finished training EB misspecified with NPMLE init, with in-sample MSE: 0.23286694686391063
Finished training EB misspecified, with SURE: 0.12019280927409537
Finished training EB misspecified, with in-sample MSE: 0.23454426201043113

 Training SURE of the models:
SURE-PM: 0.12019280927409537
NPMLE: 0.36704720452491707
SURE-PM, NPMLE init: 0.11893063119410674
n: 400
experiment: c
Finished training EB misspecified with NPMLE init, with SURE: 0.00493346554336263
Finished training EB misspecified with NPMLE init, with in-sample MSE: 0.05909811519147357
Finished training EB misspecified, with SURE: 0.004946557666454936
Finished training EB misspecified, with in-sample MSE: 0.05910561535369929

 Training SURE of the models:
SURE-PM: 0.004946557666454936
NPMLE: 0.6203089200065147
SURE-PM, NPMLE init: 0.00493346554336263
experiment: d
Finished training EB misspecified with NPMLE init, with SURE: 0.0005262748238130399
Finished training EB misspecified with NPMLE init, with in-sample MSE: 0.005419635401394403
Finished training EB misspecified, with SURE: 0.0005317734621961279
Finished training EB misspecified, with in-sample MSE: 0.005422032113029831

 Training SURE of the models:
SURE-PM: 0.0005317734621961279
NPMLE: 0.05079019596515412
SURE-PM, NPMLE init: 0.0005262748238130399
experiment: e
Finished training EB misspecified with NPMLE init, with SURE: 0.1811008387724041
Finished training EB misspecified with NPMLE init, with in-sample MSE: 0.15001424092256152
Finished training EB misspecified, with SURE: 0.1810541729039083
Finished training EB misspecified, with in-sample MSE: 0.14994992834179763

 Training SURE of the models:
SURE-PM: 0.1810541729039083
NPMLE: 0.3132446760828163
SURE-PM, NPMLE init: 0.1811008387724041
m: 2078
n: 100
experiment: c
Finished training EB misspecified with NPMLE init, with SURE: 0.12898753472168026
Finished training EB misspecified with NPMLE init, with in-sample MSE: 0.09853898881492665
Finished training EB misspecified, with SURE: 0.12900728536257447
Finished training EB misspecified, with in-sample MSE: 0.09850749121805923

 Training SURE of the models:
SURE-PM: 0.12900728536257447
NPMLE: 0.5217617128883714
SURE-PM, NPMLE init: 0.12898753472168026
experiment: d
Finished training EB misspecified with NPMLE init, with SURE: 0.024304587108156
Finished training EB misspecified with NPMLE init, with in-sample MSE: 0.009489566617538027
Finished training EB misspecified, with SURE: 0.02430564374666391
Finished training EB misspecified, with in-sample MSE: 0.009487637741429423

 Training SURE of the models:
SURE-PM: 0.02430564374666391
NPMLE: 0.05770802778867491
SURE-PM, NPMLE init: 0.024304587108156
experiment: e
Finished training EB misspecified with NPMLE init, with SURE: 0.12982970818580816
Finished training EB misspecified with NPMLE init, with in-sample MSE: 0.27459749233375014
Finished training EB misspecified, with SURE: 0.12984199259946075
Finished training EB misspecified, with in-sample MSE: 0.27441105515351294

 Training SURE of the models:
SURE-PM: 0.12984199259946075
NPMLE: 0.2868395679205205
SURE-PM, NPMLE init: 0.12982970818580816
n: 400
experiment: c
Finished training EB misspecified with NPMLE init, with SURE: 0.06070179349147765
Finished training EB misspecified with NPMLE init, with in-sample MSE: 0.05002108549726234
Finished training EB misspecified, with SURE: 0.06070488265822263
Finished training EB misspecified, with in-sample MSE: 0.050018779001008984

 Training SURE of the models:
SURE-PM: 0.06070488265822263
NPMLE: 0.40566218160498196
SURE-PM, NPMLE init: 0.06070179349147765
experiment: d
Finished training EB misspecified with NPMLE init, with SURE: -0.00839320395074786
Finished training EB misspecified with NPMLE init, with in-sample MSE: 0.019295653544891725
Finished training EB misspecified, with SURE: 0.003874406573006901
Finished training EB misspecified, with in-sample MSE: 0.006493407526886576

 Training SURE of the models:
SURE-PM: 0.003874406573006901
NPMLE: 0.16268616800259153
SURE-PM, NPMLE init: -0.00839320395074786
experiment: e
Finished training EB misspecified with NPMLE init, with SURE: 0.15647347936761627
Finished training EB misspecified with NPMLE init, with in-sample MSE: 0.178127434461136
Finished training EB misspecified, with SURE: 0.1564850788437915
Finished training EB misspecified, with in-sample MSE: 0.1781331041651377

 Training SURE of the models:
SURE-PM: 0.1564850788437915
NPMLE: 0.3274753916776769
SURE-PM, NPMLE init: 0.15647347936761627
m: 2079
n: 100
experiment: c
Finished training EB misspecified with NPMLE init, with SURE: 0.014590238811833346
Finished training EB misspecified with NPMLE init, with in-sample MSE: 0.0643105502371042
Finished training EB misspecified, with SURE: 0.014590258679852043
Finished training EB misspecified, with in-sample MSE: 0.06430794341352612

 Training SURE of the models:
SURE-PM: 0.014590258679852043
NPMLE: 0.1898338662619495
SURE-PM, NPMLE init: 0.014590238811833346
experiment: d
Finished training EB misspecified with NPMLE init, with SURE: 0.024589647196952225
Finished training EB misspecified with NPMLE init, with in-sample MSE: 0.009816779784987665
Finished training EB misspecified, with SURE: 0.024179373218586948
Finished training EB misspecified, with in-sample MSE: 0.010709515389496618

 Training SURE of the models:
SURE-PM: 0.024179373218586948
NPMLE: 0.09362206245151476
SURE-PM, NPMLE init: 0.024589647196952225
experiment: e
Finished training EB misspecified with NPMLE init, with SURE: 0.11256226555102274
Finished training EB misspecified with NPMLE init, with in-sample MSE: 0.21039673764952316
Finished training EB misspecified, with SURE: 0.11256909676693617
Finished training EB misspecified, with in-sample MSE: 0.21049932469644358

 Training SURE of the models:
SURE-PM: 0.11256909676693617
NPMLE: 0.377676474664853
SURE-PM, NPMLE init: 0.11256226555102274
n: 400
experiment: c
Finished training EB misspecified with NPMLE init, with SURE: 0.03790882776092786
Finished training EB misspecified with NPMLE init, with in-sample MSE: 0.06586852341709842
Finished training EB misspecified, with SURE: 0.04273952618449023
Finished training EB misspecified, with in-sample MSE: 0.052064629421884154

 Training SURE of the models:
SURE-PM: 0.04273952618449023
NPMLE: 0.6143399394304447
SURE-PM, NPMLE init: 0.03790882776092786
experiment: d
Finished training EB misspecified with NPMLE init, with SURE: 0.015321951446389584
Finished training EB misspecified with NPMLE init, with in-sample MSE: 0.007165953398391851
Finished training EB misspecified, with SURE: 0.015322389748824642
Finished training EB misspecified, with in-sample MSE: 0.007165616892416501

 Training SURE of the models:
SURE-PM: 0.015322389748824642
NPMLE: 0.03860109287526456
SURE-PM, NPMLE init: 0.015321951446389584
experiment: e
Finished training EB misspecified with NPMLE init, with SURE: 0.14843619946101846
Finished training EB misspecified with NPMLE init, with in-sample MSE: 0.19552774751012855
Finished training EB misspecified, with SURE: 0.14777645762258337
Finished training EB misspecified, with in-sample MSE: 0.1940304549502534

 Training SURE of the models:
SURE-PM: 0.14777645762258337
NPMLE: 0.3406733121715937
SURE-PM, NPMLE init: 0.14843619946101846
m: 2080
n: 100
experiment: c
Finished training EB misspecified with NPMLE init, with SURE: 0.0689498564302891
Finished training EB misspecified with NPMLE init, with in-sample MSE: 0.19165866020025976
Finished training EB misspecified, with SURE: 0.06895996989190017
Finished training EB misspecified, with in-sample MSE: 0.19156849130886225

 Training SURE of the models:
SURE-PM: 0.06895996989190017
NPMLE: 0.6806951143832322
SURE-PM, NPMLE init: 0.0689498564302891
experiment: d
Finished training EB misspecified with NPMLE init, with SURE: -0.0033601838585730803
Finished training EB misspecified with NPMLE init, with in-sample MSE: 0.005943865817627408
Finished training EB misspecified, with SURE: -0.0033594939473746343
Finished training EB misspecified, with in-sample MSE: 0.005943298722529863

 Training SURE of the models:
SURE-PM: -0.0033594939473746343
NPMLE: 0.03214308391901005
SURE-PM, NPMLE init: -0.0033601838585730803
experiment: e
Finished training EB misspecified with NPMLE init, with SURE: 0.12590502200272474
Finished training EB misspecified with NPMLE init, with in-sample MSE: 0.19921005896488064
Finished training EB misspecified, with SURE: 0.12591046052249807
Finished training EB misspecified, with in-sample MSE: 0.19917407006699736

 Training SURE of the models:
SURE-PM: 0.12591046052249807
NPMLE: 0.323056469364286
SURE-PM, NPMLE init: 0.12590502200272474
n: 400
experiment: c
Finished training EB misspecified with NPMLE init, with SURE: 0.0811607938299133
Finished training EB misspecified with NPMLE init, with in-sample MSE: 0.057455900923741005
Finished training EB misspecified, with SURE: 0.08213644585157383
Finished training EB misspecified, with in-sample MSE: 0.05788674075110054

 Training SURE of the models:
SURE-PM: 0.08213644585157383
NPMLE: 0.5377705870970244
SURE-PM, NPMLE init: 0.0811607938299133
experiment: d
Finished training EB misspecified with NPMLE init, with SURE: -0.006918831317224541
Finished training EB misspecified with NPMLE init, with in-sample MSE: 0.007254753444425036
Finished training EB misspecified, with SURE: -0.006916863163593981
Finished training EB misspecified, with in-sample MSE: 0.007251711572239457

 Training SURE of the models:
SURE-PM: -0.006916863163593981
NPMLE: 0.041051216981971804
SURE-PM, NPMLE init: -0.006918831317224541
experiment: e
Finished training EB misspecified with NPMLE init, with SURE: 0.1594278365998092
Finished training EB misspecified with NPMLE init, with in-sample MSE: 0.17620734767344998
Finished training EB misspecified, with SURE: 0.15945163394629247
Finished training EB misspecified, with in-sample MSE: 0.17626919155356963

 Training SURE of the models:
SURE-PM: 0.15945163394629247
NPMLE: 0.3156768764318332
SURE-PM, NPMLE init: 0.1594278365998092
m: 2081
n: 100
experiment: c
Finished training EB misspecified with NPMLE init, with SURE: -0.056260492993577174
Finished training EB misspecified with NPMLE init, with in-sample MSE: 0.06534217382624884
Finished training EB misspecified, with SURE: -0.05625730824409729
Finished training EB misspecified, with in-sample MSE: 0.06660380339038251

 Training SURE of the models:
SURE-PM: -0.05625730824409729
NPMLE: 0.36966699896678273
SURE-PM, NPMLE init: -0.056260492993577174
experiment: d
Finished training EB misspecified with NPMLE init, with SURE: 0.01328372768674578
Finished training EB misspecified with NPMLE init, with in-sample MSE: 0.019404468258554228
Finished training EB misspecified, with SURE: 0.013668824118187341
Finished training EB misspecified, with in-sample MSE: 0.019422950344320244

 Training SURE of the models:
SURE-PM: 0.013668824118187341
NPMLE: 0.027637413458177065
SURE-PM, NPMLE init: 0.01328372768674578
experiment: e
Finished training EB misspecified with NPMLE init, with SURE: 0.1269175775066937
Finished training EB misspecified with NPMLE init, with in-sample MSE: 0.25913824013011094
Finished training EB misspecified, with SURE: 0.12692618430211774
Finished training EB misspecified, with in-sample MSE: 0.2591201250384874

 Training SURE of the models:
SURE-PM: 0.12692618430211774
NPMLE: 0.29267243178867053
SURE-PM, NPMLE init: 0.1269175775066937
n: 400
experiment: c
Finished training EB misspecified with NPMLE init, with SURE: 0.07228773903274067
Finished training EB misspecified with NPMLE init, with in-sample MSE: 0.06669183631834297
Finished training EB misspecified, with SURE: 0.07954516046463724
Finished training EB misspecified, with in-sample MSE: 0.05017595005013886

 Training SURE of the models:
SURE-PM: 0.07954516046463724
NPMLE: 0.7686340371647111
SURE-PM, NPMLE init: 0.07228773903274067
experiment: d
Finished training EB misspecified with NPMLE init, with SURE: -0.004420610237875469
Finished training EB misspecified with NPMLE init, with in-sample MSE: 0.005778809158470475
Finished training EB misspecified, with SURE: -0.004420315907451986
Finished training EB misspecified, with in-sample MSE: 0.005778685922253834

 Training SURE of the models:
SURE-PM: -0.004420315907451986
NPMLE: 0.1002839837625431
SURE-PM, NPMLE init: -0.004420610237875469
experiment: e
Finished training EB misspecified with NPMLE init, with SURE: 0.14069483565318713
Finished training EB misspecified with NPMLE init, with in-sample MSE: 0.16863595699612108
Finished training EB misspecified, with SURE: 0.1407090140515927
Finished training EB misspecified, with in-sample MSE: 0.16864762847890552

 Training SURE of the models:
SURE-PM: 0.1407090140515927
NPMLE: 0.3270452322198441
SURE-PM, NPMLE init: 0.14069483565318713
m: 2082
n: 100
experiment: c
Finished training EB misspecified with NPMLE init, with SURE: 0.014144689756776359
Finished training EB misspecified with NPMLE init, with in-sample MSE: 0.056104311271438785
Finished training EB misspecified, with SURE: 0.014148213436955714
Finished training EB misspecified, with in-sample MSE: 0.056104883717653306

 Training SURE of the models:
SURE-PM: 0.014148213436955714
NPMLE: 0.21130139438607373
SURE-PM, NPMLE init: 0.014144689756776359
experiment: d
Finished training EB misspecified with NPMLE init, with SURE: 0.02828909686047526
Finished training EB misspecified with NPMLE init, with in-sample MSE: 0.005533129511679276
Finished training EB misspecified, with SURE: 0.028289294325434592
Finished training EB misspecified, with in-sample MSE: 0.005533303284454462

 Training SURE of the models:
SURE-PM: 0.028289294325434592
NPMLE: 0.0898191068719655
SURE-PM, NPMLE init: 0.02828909686047526
experiment: e
Finished training EB misspecified with NPMLE init, with SURE: 0.13224828403665106
Finished training EB misspecified with NPMLE init, with in-sample MSE: 0.31426874880972927
Finished training EB misspecified, with SURE: 0.13226180238828797
Finished training EB misspecified, with in-sample MSE: 0.3141720363668913

 Training SURE of the models:
SURE-PM: 0.13226180238828797
NPMLE: 0.29106486953207994
SURE-PM, NPMLE init: 0.13224828403665106
n: 400
experiment: c
Finished training EB misspecified with NPMLE init, with SURE: 0.07174032031047758
Finished training EB misspecified with NPMLE init, with in-sample MSE: 0.06370431294756027
Finished training EB misspecified, with SURE: 0.07175291959281169
Finished training EB misspecified, with in-sample MSE: 0.06369859273680606

 Training SURE of the models:
SURE-PM: 0.07175291959281169
NPMLE: 0.7378975907304616
SURE-PM, NPMLE init: 0.07174032031047758
experiment: d
Finished training EB misspecified with NPMLE init, with SURE: 0.021780228848848966
Finished training EB misspecified with NPMLE init, with in-sample MSE: 0.008273294964868264
Finished training EB misspecified, with SURE: 0.02178083294750037
Finished training EB misspecified, with in-sample MSE: 0.008272706587671635

 Training SURE of the models:
SURE-PM: 0.02178083294750037
NPMLE: 0.08079166892275289
SURE-PM, NPMLE init: 0.021780228848848966
experiment: e
Finished training EB misspecified with NPMLE init, with SURE: 0.17020893429594125
Finished training EB misspecified with NPMLE init, with in-sample MSE: 0.23753561935634823
Finished training EB misspecified, with SURE: 0.17021509666867032
Finished training EB misspecified, with in-sample MSE: 0.23760763234397497

 Training SURE of the models:
SURE-PM: 0.17021509666867032
NPMLE: 0.32071769882654577
SURE-PM, NPMLE init: 0.17020893429594125
m: 2083
n: 100
experiment: c
Finished training EB misspecified with NPMLE init, with SURE: -0.0012673196938152388
Finished training EB misspecified with NPMLE init, with in-sample MSE: 0.04918832211761639
Finished training EB misspecified, with SURE: -0.0012995007871087693
Finished training EB misspecified, with in-sample MSE: 0.04910030376049799

 Training SURE of the models:
SURE-PM: -0.0012995007871087693
NPMLE: 0.7705815318592536
SURE-PM, NPMLE init: -0.0012673196938152388
experiment: d
Finished training EB misspecified with NPMLE init, with SURE: 0.007061929025290752
Finished training EB misspecified with NPMLE init, with in-sample MSE: 0.028090040388234375
Finished training EB misspecified, with SURE: 0.007062347471311554
Finished training EB misspecified, with in-sample MSE: 0.028086240597663816

 Training SURE of the models:
SURE-PM: 0.007062347471311554
NPMLE: 0.16570291247571553
SURE-PM, NPMLE init: 0.007061929025290752
experiment: e
Finished training EB misspecified with NPMLE init, with SURE: 0.1347000062034603
Finished training EB misspecified with NPMLE init, with in-sample MSE: 0.2054513898841898
Finished training EB misspecified, with SURE: 0.13470820811154005
Finished training EB misspecified, with in-sample MSE: 0.20545169916804387

 Training SURE of the models:
SURE-PM: 0.13470820811154005
NPMLE: 0.393849233596087
SURE-PM, NPMLE init: 0.1347000062034603
n: 400
experiment: c
Finished training EB misspecified with NPMLE init, with SURE: 0.05798531120812598
Finished training EB misspecified with NPMLE init, with in-sample MSE: 0.0935127886621975
Finished training EB misspecified, with SURE: 0.058228649620581975
Finished training EB misspecified, with in-sample MSE: 0.0932122482756819

 Training SURE of the models:
SURE-PM: 0.058228649620581975
NPMLE: 1.0374659070889007
SURE-PM, NPMLE init: 0.05798531120812598
experiment: d
Finished training EB misspecified with NPMLE init, with SURE: -0.004398913313240644
Finished training EB misspecified with NPMLE init, with in-sample MSE: 0.005204473261106144
Finished training EB misspecified, with SURE: -0.004398781903756639
Finished training EB misspecified, with in-sample MSE: 0.00520443585046465

 Training SURE of the models:
SURE-PM: -0.004398781903756639
NPMLE: 0.10466967057753049
SURE-PM, NPMLE init: -0.004398913313240644
experiment: e
Finished training EB misspecified with NPMLE init, with SURE: 0.13538521092175887
Finished training EB misspecified with NPMLE init, with in-sample MSE: 0.20378850118598085
Finished training EB misspecified, with SURE: 0.13540038016716696
Finished training EB misspecified, with in-sample MSE: 0.20382960826728325

 Training SURE of the models:
SURE-PM: 0.13540038016716696
NPMLE: 0.34652292395934564
SURE-PM, NPMLE init: 0.13538521092175887
m: 2084
n: 100
experiment: c
Finished training EB misspecified with NPMLE init, with SURE: 0.03258959465483024
Finished training EB misspecified with NPMLE init, with in-sample MSE: 0.11333656587615608
Finished training EB misspecified, with SURE: 0.0325936146442637
Finished training EB misspecified, with in-sample MSE: 0.11330862377324587

 Training SURE of the models:
SURE-PM: 0.0325936146442637
NPMLE: 0.23585987216494736
SURE-PM, NPMLE init: 0.03258959465483024
experiment: d
Finished training EB misspecified with NPMLE init, with SURE: -0.008388125066844712
Finished training EB misspecified with NPMLE init, with in-sample MSE: 0.011686227214372983
Finished training EB misspecified, with SURE: -0.00838670489501112
Finished training EB misspecified, with in-sample MSE: 0.0117020524551307

 Training SURE of the models:
SURE-PM: -0.00838670489501112
NPMLE: 0.05599887509384004
SURE-PM, NPMLE init: -0.008388125066844712
experiment: e
Finished training EB misspecified with NPMLE init, with SURE: 0.15456870543045476
Finished training EB misspecified with NPMLE init, with in-sample MSE: 0.22426552469554997
Finished training EB misspecified, with SURE: 0.1545695230833703
Finished training EB misspecified, with in-sample MSE: 0.22425655677179432

 Training SURE of the models:
SURE-PM: 0.1545695230833703
NPMLE: 0.3029382176400801
SURE-PM, NPMLE init: 0.15456870543045476
n: 400
experiment: c
Finished training EB misspecified with NPMLE init, with SURE: 0.04523404960521731
Finished training EB misspecified with NPMLE init, with in-sample MSE: 0.054416164583797146
Finished training EB misspecified, with SURE: 0.04523531639705532
Finished training EB misspecified, with in-sample MSE: 0.0544162225943613

 Training SURE of the models:
SURE-PM: 0.04523531639705532
NPMLE: 0.44067327721910343
SURE-PM, NPMLE init: 0.04523404960521731
experiment: d
Finished training EB misspecified with NPMLE init, with SURE: -0.007548443242504845
Finished training EB misspecified with NPMLE init, with in-sample MSE: 0.011051817404868556
Finished training EB misspecified, with SURE: -0.007542442205140407
Finished training EB misspecified, with in-sample MSE: 0.011045237308569447

 Training SURE of the models:
SURE-PM: -0.007542442205140407
NPMLE: 0.09141455568610792
SURE-PM, NPMLE init: -0.007548443242504845
experiment: e
Finished training EB misspecified with NPMLE init, with SURE: 0.15504720734818112
Finished training EB misspecified with NPMLE init, with in-sample MSE: 0.19909325325585153
Finished training EB misspecified, with SURE: 0.15505742153489915
Finished training EB misspecified, with in-sample MSE: 0.19905337124938474

 Training SURE of the models:
SURE-PM: 0.15505742153489915
NPMLE: 0.7817311988257485
SURE-PM, NPMLE init: 0.15504720734818112
m: 2085
n: 100
experiment: c
Finished training EB misspecified with NPMLE init, with SURE: -0.02113178320695262
Finished training EB misspecified with NPMLE init, with in-sample MSE: 0.08670226442049056
Finished training EB misspecified, with SURE: -0.0020722930110174077
Finished training EB misspecified, with in-sample MSE: 0.08733384289063113

 Training SURE of the models:
SURE-PM: -0.0020722930110174077
NPMLE: 0.9211575595141945
SURE-PM, NPMLE init: -0.02113178320695262
experiment: d
Finished training EB misspecified with NPMLE init, with SURE: -0.024884159730240985
Finished training EB misspecified with NPMLE init, with in-sample MSE: 0.0022706763741912744
Finished training EB misspecified, with SURE: -0.02488349911886866
Finished training EB misspecified, with in-sample MSE: 0.0022705622906044735

 Training SURE of the models:
SURE-PM: -0.02488349911886866
NPMLE: 0.0383299782527657
SURE-PM, NPMLE init: -0.024884159730240985
experiment: e
Finished training EB misspecified with NPMLE init, with SURE: 0.08034989311199262
Finished training EB misspecified with NPMLE init, with in-sample MSE: 0.1296196114146225
Finished training EB misspecified, with SURE: 0.08035778775289444
Finished training EB misspecified, with in-sample MSE: 0.12962018689005528

 Training SURE of the models:
SURE-PM: 0.08035778775289444
NPMLE: 0.3221541579467265
SURE-PM, NPMLE init: 0.08034989311199262
n: 400
experiment: c
Finished training EB misspecified with NPMLE init, with SURE: 0.0994371362789542
Finished training EB misspecified with NPMLE init, with in-sample MSE: 0.06686909097999108
Finished training EB misspecified, with SURE: 0.09925705684237855
Finished training EB misspecified, with in-sample MSE: 0.0666613200726517

 Training SURE of the models:
SURE-PM: 0.09925705684237855
NPMLE: 0.3826748494783866
SURE-PM, NPMLE init: 0.0994371362789542
experiment: d
Finished training EB misspecified with NPMLE init, with SURE: 0.013597662428469945
Finished training EB misspecified with NPMLE init, with in-sample MSE: 0.0055702714556324605
Finished training EB misspecified, with SURE: 0.013608253638106369
Finished training EB misspecified, with in-sample MSE: 0.005541757429380842

 Training SURE of the models:
SURE-PM: 0.013608253638106369
NPMLE: 0.08217784622395943
SURE-PM, NPMLE init: 0.013597662428469945
experiment: e
Finished training EB misspecified with NPMLE init, with SURE: 0.1646057788129058
Finished training EB misspecified with NPMLE init, with in-sample MSE: 0.18778492818934023
Finished training EB misspecified, with SURE: 0.16461274133651227
Finished training EB misspecified, with in-sample MSE: 0.1877404229845116

 Training SURE of the models:
SURE-PM: 0.16461274133651227
NPMLE: 0.31954002876901016
SURE-PM, NPMLE init: 0.1646057788129058
m: 2086
n: 100
experiment: c
Finished training EB misspecified with NPMLE init, with SURE: 0.06199353775578501
Finished training EB misspecified with NPMLE init, with in-sample MSE: 0.058962865543629936
Finished training EB misspecified, with SURE: 0.06199790436873677
Finished training EB misspecified, with in-sample MSE: 0.05895904743932683

 Training SURE of the models:
SURE-PM: 0.06199790436873677
NPMLE: 0.45940495995362807
SURE-PM, NPMLE init: 0.06199353775578501
experiment: d
Finished training EB misspecified with NPMLE init, with SURE: -0.0017232900700902575
Finished training EB misspecified with NPMLE init, with in-sample MSE: 0.006352090943869641
Finished training EB misspecified, with SURE: -0.0017233253948394634
Finished training EB misspecified, with in-sample MSE: 0.006352137390471996

 Training SURE of the models:
SURE-PM: -0.0017233253948394634
NPMLE: 0.14035504709440116
SURE-PM, NPMLE init: -0.0017232900700902575
experiment: e
Finished training EB misspecified with NPMLE init, with SURE: 0.09007203824637014
Finished training EB misspecified with NPMLE init, with in-sample MSE: 0.2008052590492139
Finished training EB misspecified, with SURE: 0.08519574049828765
Finished training EB misspecified, with in-sample MSE: 0.20810394915229347

 Training SURE of the models:
SURE-PM: 0.08519574049828765
NPMLE: 0.2999136671608447
SURE-PM, NPMLE init: 0.09007203824637014
n: 400
experiment: c
Finished training EB misspecified with NPMLE init, with SURE: -0.035862253490726276
Finished training EB misspecified with NPMLE init, with in-sample MSE: 0.06421790825245627
Finished training EB misspecified, with SURE: -0.035784195712744306
Finished training EB misspecified, with in-sample MSE: 0.06417390720404838

 Training SURE of the models:
SURE-PM: -0.035784195712744306
NPMLE: 0.45656847950431817
SURE-PM, NPMLE init: -0.035862253490726276
experiment: d
Finished training EB misspecified with NPMLE init, with SURE: -0.0006517799623537002
Finished training EB misspecified with NPMLE init, with in-sample MSE: 0.005536777468637688
Finished training EB misspecified, with SURE: -0.0006515088624205134
Finished training EB misspecified, with in-sample MSE: 0.005536591994166353

 Training SURE of the models:
SURE-PM: -0.0006515088624205134
NPMLE: 0.034766926139531085
SURE-PM, NPMLE init: -0.0006517799623537002
experiment: e
Finished training EB misspecified with NPMLE init, with SURE: 0.16309186196608927
Finished training EB misspecified with NPMLE init, with in-sample MSE: 0.16326956872967482
Finished training EB misspecified, with SURE: 0.16309963316864753
Finished training EB misspecified, with in-sample MSE: 0.1633195856064814

 Training SURE of the models:
SURE-PM: 0.16309963316864753
NPMLE: 0.32050210079936936
SURE-PM, NPMLE init: 0.16309186196608927
m: 2087
n: 100
experiment: c
Finished training EB misspecified with NPMLE init, with SURE: 0.05087985564756806
Finished training EB misspecified with NPMLE init, with in-sample MSE: 0.10139698888997734
Finished training EB misspecified, with SURE: 0.05087770775507366
Finished training EB misspecified, with in-sample MSE: 0.10152940102060777

 Training SURE of the models:
SURE-PM: 0.05087770775507366
NPMLE: 0.3010445745636683
SURE-PM, NPMLE init: 0.05087985564756806
experiment: d
Finished training EB misspecified with NPMLE init, with SURE: -0.0205248990834747
Finished training EB misspecified with NPMLE init, with in-sample MSE: 0.004813770004118582
Finished training EB misspecified, with SURE: -0.020524593195206827
Finished training EB misspecified, with in-sample MSE: 0.004813696979868746

 Training SURE of the models:
SURE-PM: -0.020524593195206827
NPMLE: 0.031107409771499554
SURE-PM, NPMLE init: -0.0205248990834747
experiment: e
Finished training EB misspecified with NPMLE init, with SURE: 0.14586542928255067
Finished training EB misspecified with NPMLE init, with in-sample MSE: 0.19798607035308524
Finished training EB misspecified, with SURE: 0.1458716841857009
Finished training EB misspecified, with in-sample MSE: 0.1980011002902117

 Training SURE of the models:
SURE-PM: 0.1458716841857009
NPMLE: 0.2694324498875434
SURE-PM, NPMLE init: 0.14586542928255067
n: 400
experiment: c
Finished training EB misspecified with NPMLE init, with SURE: 0.06994546740412382
Finished training EB misspecified with NPMLE init, with in-sample MSE: 0.10262677824935737
Finished training EB misspecified, with SURE: 0.07001692229256534
Finished training EB misspecified, with in-sample MSE: 0.10251515551425965

 Training SURE of the models:
SURE-PM: 0.07001692229256534
NPMLE: 0.23872234955808053
SURE-PM, NPMLE init: 0.06994546740412382
experiment: d
Finished training EB misspecified with NPMLE init, with SURE: 0.00027119243895391777
Finished training EB misspecified with NPMLE init, with in-sample MSE: 0.005732635754678623
Finished training EB misspecified, with SURE: 0.0002715407537413839
Finished training EB misspecified, with in-sample MSE: 0.005732373208900756

 Training SURE of the models:
SURE-PM: 0.0002715407537413839
NPMLE: 0.1568468960532544
SURE-PM, NPMLE init: 0.00027119243895391777
experiment: e
Finished training EB misspecified with NPMLE init, with SURE: 0.15656762548722009
Finished training EB misspecified with NPMLE init, with in-sample MSE: 0.16380459362387853
Finished training EB misspecified, with SURE: 0.15656637872563153
Finished training EB misspecified, with in-sample MSE: 0.16379725821855726

 Training SURE of the models:
SURE-PM: 0.15656637872563153
NPMLE: 0.34849328003049224
SURE-PM, NPMLE init: 0.15656762548722009
m: 2088
n: 100
experiment: c
Finished training EB misspecified with NPMLE init, with SURE: 0.08260862255880141
Finished training EB misspecified with NPMLE init, with in-sample MSE: 0.11178432238288938
Finished training EB misspecified, with SURE: 0.0826716759210558
Finished training EB misspecified, with in-sample MSE: 0.10909351031400895

 Training SURE of the models:
SURE-PM: 0.0826716759210558
NPMLE: 0.6130571786603672
SURE-PM, NPMLE init: 0.08260862255880141
experiment: d
Finished training EB misspecified with NPMLE init, with SURE: 0.0013727766841827816
Finished training EB misspecified with NPMLE init, with in-sample MSE: 0.009576312050397143
Finished training EB misspecified, with SURE: 0.0013770253333764515
Finished training EB misspecified, with in-sample MSE: 0.009571243177868633

 Training SURE of the models:
SURE-PM: 0.0013770253333764515
NPMLE: 0.13966688986461304
SURE-PM, NPMLE init: 0.0013727766841827816
experiment: e
Finished training EB misspecified with NPMLE init, with SURE: 0.14287883101644838
Finished training EB misspecified with NPMLE init, with in-sample MSE: 0.2588423868257726
Finished training EB misspecified, with SURE: 0.14288410722024053
Finished training EB misspecified, with in-sample MSE: 0.258844811128116

 Training SURE of the models:
SURE-PM: 0.14288410722024053
NPMLE: 0.22551270745944368
SURE-PM, NPMLE init: 0.14287883101644838
n: 400
experiment: c
Finished training EB misspecified with NPMLE init, with SURE: 0.09060753835963296
Finished training EB misspecified with NPMLE init, with in-sample MSE: 0.07117928580986199
Finished training EB misspecified, with SURE: 0.09064722403195362
Finished training EB misspecified, with in-sample MSE: 0.07116982160007923

 Training SURE of the models:
SURE-PM: 0.09064722403195362
NPMLE: 0.48312271555405034
SURE-PM, NPMLE init: 0.09060753835963296
experiment: d
Finished training EB misspecified with NPMLE init, with SURE: 0.007648870219033004
Finished training EB misspecified with NPMLE init, with in-sample MSE: 0.007096902813002615
Finished training EB misspecified, with SURE: 0.007653030462777189
Finished training EB misspecified, with in-sample MSE: 0.007096820806207883

 Training SURE of the models:
SURE-PM: 0.007653030462777189
NPMLE: 0.12177075389030881
SURE-PM, NPMLE init: 0.007648870219033004
experiment: e
Finished training EB misspecified with NPMLE init, with SURE: 0.16486048294176897
Finished training EB misspecified with NPMLE init, with in-sample MSE: 0.19319060661729903
Finished training EB misspecified, with SURE: 0.16487123594702502
Finished training EB misspecified, with in-sample MSE: 0.19321552007214207

 Training SURE of the models:
SURE-PM: 0.16487123594702502
NPMLE: 0.3437993898144115
SURE-PM, NPMLE init: 0.16486048294176897
m: 2089
n: 100
experiment: c
Finished training EB misspecified with NPMLE init, with SURE: -0.12364610204663336
Finished training EB misspecified with NPMLE init, with in-sample MSE: 0.1639667367424446
Finished training EB misspecified, with SURE: -0.09635991423850059
Finished training EB misspecified, with in-sample MSE: 0.10667375474860037

 Training SURE of the models:
SURE-PM: -0.09635991423850059
NPMLE: 0.5363710440080467
SURE-PM, NPMLE init: -0.12364610204663336
experiment: d
Finished training EB misspecified with NPMLE init, with SURE: 0.02113764721297736
Finished training EB misspecified with NPMLE init, with in-sample MSE: 0.0789173183288312
Finished training EB misspecified, with SURE: 0.021145031779689846
Finished training EB misspecified, with in-sample MSE: 0.07889165107343618

 Training SURE of the models:
SURE-PM: 0.021145031779689846
NPMLE: 0.05723209969307051
SURE-PM, NPMLE init: 0.02113764721297736
experiment: e
Finished training EB misspecified with NPMLE init, with SURE: 0.11039119093479116
Finished training EB misspecified with NPMLE init, with in-sample MSE: 0.22954124729378744
Finished training EB misspecified, with SURE: 0.11039958971888006
Finished training EB misspecified, with in-sample MSE: 0.22954515398697062

 Training SURE of the models:
SURE-PM: 0.11039958971888006
NPMLE: 0.3077769907017513
SURE-PM, NPMLE init: 0.11039119093479116
n: 400
experiment: c
Finished training EB misspecified with NPMLE init, with SURE: 0.05925786968403891
Finished training EB misspecified with NPMLE init, with in-sample MSE: 0.055015608516933295
Finished training EB misspecified, with SURE: 0.059279955111380574
Finished training EB misspecified, with in-sample MSE: 0.05500015674317359

 Training SURE of the models:
SURE-PM: 0.059279955111380574
NPMLE: 0.628642981885823
SURE-PM, NPMLE init: 0.05925786968403891
experiment: d
Finished training EB misspecified with NPMLE init, with SURE: 0.005914695401484469
Finished training EB misspecified with NPMLE init, with in-sample MSE: 0.015469038952763572
Finished training EB misspecified, with SURE: 0.013504934406478224
Finished training EB misspecified, with in-sample MSE: 0.005673160155790973

 Training SURE of the models:
SURE-PM: 0.013504934406478224
NPMLE: 0.11878496036131538
SURE-PM, NPMLE init: 0.005914695401484469
experiment: e
Finished training EB misspecified with NPMLE init, with SURE: 0.17359014761059416
Finished training EB misspecified with NPMLE init, with in-sample MSE: 0.17430365473987283
Finished training EB misspecified, with SURE: 0.17412542949393345
Finished training EB misspecified, with in-sample MSE: 0.17429052786139176

 Training SURE of the models:
SURE-PM: 0.17412542949393345
NPMLE: 0.29841797372373324
SURE-PM, NPMLE init: 0.17359014761059416
m: 2090
n: 100
experiment: c
Finished training EB misspecified with NPMLE init, with SURE: 0.059445062757713316
Finished training EB misspecified with NPMLE init, with in-sample MSE: 0.22582706901154487
Finished training EB misspecified, with SURE: 0.05947131617560039
Finished training EB misspecified, with in-sample MSE: 0.2257206575927053

 Training SURE of the models:
SURE-PM: 0.05947131617560039
NPMLE: 0.497855006793068
SURE-PM, NPMLE init: 0.059445062757713316
experiment: d
Finished training EB misspecified with NPMLE init, with SURE: -0.0012240612754998458
Finished training EB misspecified with NPMLE init, with in-sample MSE: 0.054680032048330454
Finished training EB misspecified, with SURE: -0.001218588726480654
Finished training EB misspecified, with in-sample MSE: 0.05471039922030264

 Training SURE of the models:
SURE-PM: -0.001218588726480654
NPMLE: 0.3005889671375916
SURE-PM, NPMLE init: -0.0012240612754998458
experiment: e
Finished training EB misspecified with NPMLE init, with SURE: 0.1665312430036758
Finished training EB misspecified with NPMLE init, with in-sample MSE: 0.22698380812516392
Finished training EB misspecified, with SURE: 0.16654422264506644
Finished training EB misspecified, with in-sample MSE: 0.22695832512937453

 Training SURE of the models:
SURE-PM: 0.16654422264506644
NPMLE: 0.27371985945193344
SURE-PM, NPMLE init: 0.1665312430036758
n: 400
experiment: c
Finished training EB misspecified with NPMLE init, with SURE: 0.0942324607797913
Finished training EB misspecified with NPMLE init, with in-sample MSE: 0.061542003777452114
Finished training EB misspecified, with SURE: 0.09243356926704266
Finished training EB misspecified, with in-sample MSE: 0.0732291326939528

 Training SURE of the models:
SURE-PM: 0.09243356926704266
NPMLE: 0.6370370768673722
SURE-PM, NPMLE init: 0.0942324607797913
experiment: d
Finished training EB misspecified with NPMLE init, with SURE: 0.01627322190650707
Finished training EB misspecified with NPMLE init, with in-sample MSE: 0.008620752030941406
Finished training EB misspecified, with SURE: 0.016277200504697192
Finished training EB misspecified, with in-sample MSE: 0.008601676783688101

 Training SURE of the models:
SURE-PM: 0.016277200504697192
NPMLE: 0.09438473543215614
SURE-PM, NPMLE init: 0.01627322190650707
experiment: e
Finished training EB misspecified with NPMLE init, with SURE: 0.16588995901134113
Finished training EB misspecified with NPMLE init, with in-sample MSE: 0.18968717795657
Finished training EB misspecified, with SURE: 0.16589710113053202
Finished training EB misspecified, with in-sample MSE: 0.18971346469923933

 Training SURE of the models:
SURE-PM: 0.16589710113053202
NPMLE: 0.2979380574258263
SURE-PM, NPMLE init: 0.16588995901134113
m: 2091
n: 100
experiment: c
Finished training EB misspecified with NPMLE init, with SURE: 0.07066493737587536
Finished training EB misspecified with NPMLE init, with in-sample MSE: 0.08103488331308246
Finished training EB misspecified, with SURE: 0.07068874224643892
Finished training EB misspecified, with in-sample MSE: 0.08103286512515426

 Training SURE of the models:
SURE-PM: 0.07068874224643892
NPMLE: 0.31997234346245274
SURE-PM, NPMLE init: 0.07066493737587536
experiment: d
Finished training EB misspecified with NPMLE init, with SURE: 0.0015175134623138576
Finished training EB misspecified with NPMLE init, with in-sample MSE: 0.010903415740718765
Finished training EB misspecified, with SURE: 0.0015180343966520481
Finished training EB misspecified, with in-sample MSE: 0.010902833812096389

 Training SURE of the models:
SURE-PM: 0.0015180343966520481
NPMLE: 0.1260742364900466
SURE-PM, NPMLE init: 0.0015175134623138576
experiment: e
Finished training EB misspecified with NPMLE init, with SURE: 0.17012944757771586
Finished training EB misspecified with NPMLE init, with in-sample MSE: 0.2233847668287771
Finished training EB misspecified, with SURE: 0.17013242299760792
Finished training EB misspecified, with in-sample MSE: 0.22342384961026404

 Training SURE of the models:
SURE-PM: 0.17013242299760792
NPMLE: 0.3002420808853639
SURE-PM, NPMLE init: 0.17012944757771586
n: 400
experiment: c
Finished training EB misspecified with NPMLE init, with SURE: 0.052800712776034264
Finished training EB misspecified with NPMLE init, with in-sample MSE: 0.08266149069111779
Finished training EB misspecified, with SURE: 0.0527906808015706
Finished training EB misspecified, with in-sample MSE: 0.08269587437315

 Training SURE of the models:
SURE-PM: 0.0527906808015706
NPMLE: 0.7375274652781542
SURE-PM, NPMLE init: 0.052800712776034264
experiment: d
Finished training EB misspecified with NPMLE init, with SURE: 0.0004944012901153983
Finished training EB misspecified with NPMLE init, with in-sample MSE: 0.00472615818761945
Finished training EB misspecified, with SURE: 0.0005050352464506603
Finished training EB misspecified, with in-sample MSE: 0.004709524630298779

 Training SURE of the models:
SURE-PM: 0.0005050352464506603
NPMLE: 0.055851010932699445
SURE-PM, NPMLE init: 0.0004944012901153983
experiment: e
Finished training EB misspecified with NPMLE init, with SURE: 0.15739800580253493
Finished training EB misspecified with NPMLE init, with in-sample MSE: 0.1694836739411613
Finished training EB misspecified, with SURE: 0.15303948305283135
Finished training EB misspecified, with in-sample MSE: 0.16725833802690876

 Training SURE of the models:
SURE-PM: 0.15303948305283135
NPMLE: 0.30525519780988386
SURE-PM, NPMLE init: 0.15739800580253493
m: 2092
n: 100
experiment: c
Finished training EB misspecified with NPMLE init, with SURE: 0.056369598191185304
Finished training EB misspecified with NPMLE init, with in-sample MSE: 0.06553600375303335
Finished training EB misspecified, with SURE: 0.05635679669355774
Finished training EB misspecified, with in-sample MSE: 0.06552771836670768

 Training SURE of the models:
SURE-PM: 0.05635679669355774
NPMLE: 0.6505798426130767
SURE-PM, NPMLE init: 0.056369598191185304
experiment: d
Finished training EB misspecified with NPMLE init, with SURE: -0.019465496329381687
Finished training EB misspecified with NPMLE init, with in-sample MSE: 0.004089217449655714
Finished training EB misspecified, with SURE: -0.019461631521416507
Finished training EB misspecified, with in-sample MSE: 0.00408195905726931

 Training SURE of the models:
SURE-PM: -0.019461631521416507
NPMLE: -0.00984655207491265
SURE-PM, NPMLE init: -0.019465496329381687
experiment: e
Finished training EB misspecified with NPMLE init, with SURE: 0.16780311416648389
Finished training EB misspecified with NPMLE init, with in-sample MSE: 0.16518255818515978
Finished training EB misspecified, with SURE: 0.1341190380792998
Finished training EB misspecified, with in-sample MSE: 0.17100766558886182

 Training SURE of the models:
SURE-PM: 0.1341190380792998
NPMLE: 0.23922522414998135
SURE-PM, NPMLE init: 0.16780311416648389
n: 400
experiment: c
Finished training EB misspecified with NPMLE init, with SURE: 0.06857068072886784
Finished training EB misspecified with NPMLE init, with in-sample MSE: 0.06922542901606328
Finished training EB misspecified, with SURE: 0.06857189185915318
Finished training EB misspecified, with in-sample MSE: 0.06922592891573345

 Training SURE of the models:
SURE-PM: 0.06857189185915318
NPMLE: 0.4950544861821179
SURE-PM, NPMLE init: 0.06857068072886784
experiment: d
Finished training EB misspecified with NPMLE init, with SURE: -0.01621504777819229
Finished training EB misspecified with NPMLE init, with in-sample MSE: 0.0068637416824882495
Finished training EB misspecified, with SURE: -0.016214768599998538
Finished training EB misspecified, with in-sample MSE: 0.006863681075357198

 Training SURE of the models:
SURE-PM: -0.016214768599998538
NPMLE: 0.02382612416013984
SURE-PM, NPMLE init: -0.01621504777819229
experiment: e
Finished training EB misspecified with NPMLE init, with SURE: 0.17149354591422344
Finished training EB misspecified with NPMLE init, with in-sample MSE: 0.17075651856689852
Finished training EB misspecified, with SURE: 0.1715086906157594
Finished training EB misspecified, with in-sample MSE: 0.17078343803182047

 Training SURE of the models:
SURE-PM: 0.1715086906157594
NPMLE: 0.31697294047077185
SURE-PM, NPMLE init: 0.17149354591422344
m: 2093
n: 100
experiment: c
Finished training EB misspecified with NPMLE init, with SURE: -0.051466639686669854
Finished training EB misspecified with NPMLE init, with in-sample MSE: 0.0800875564138925
Finished training EB misspecified, with SURE: -0.05146653766352635
Finished training EB misspecified, with in-sample MSE: 0.08008846729638633

 Training SURE of the models:
SURE-PM: -0.05146653766352635
NPMLE: 0.27416053234796595
SURE-PM, NPMLE init: -0.051466639686669854
experiment: d
Finished training EB misspecified with NPMLE init, with SURE: 0.00885337724375983
Finished training EB misspecified with NPMLE init, with in-sample MSE: 0.007153108151117348
Finished training EB misspecified, with SURE: 0.008853483401529801
Finished training EB misspecified, with in-sample MSE: 0.007153133425366846

 Training SURE of the models:
SURE-PM: 0.008853483401529801
NPMLE: 0.03639321431683893
SURE-PM, NPMLE init: 0.00885337724375983
experiment: e
Finished training EB misspecified with NPMLE init, with SURE: 0.08313221737686273
Finished training EB misspecified with NPMLE init, with in-sample MSE: 0.1609509626612623
Finished training EB misspecified, with SURE: 0.08314079766258385
Finished training EB misspecified, with in-sample MSE: 0.16119335086880018

 Training SURE of the models:
SURE-PM: 0.08314079766258385
NPMLE: 0.27586720154150546
SURE-PM, NPMLE init: 0.08313221737686273
n: 400
experiment: c
Finished training EB misspecified with NPMLE init, with SURE: 0.0699711952743651
Finished training EB misspecified with NPMLE init, with in-sample MSE: 0.05568536496245094
Finished training EB misspecified, with SURE: 0.06997460577786072
Finished training EB misspecified, with in-sample MSE: 0.05569103188951753

 Training SURE of the models:
SURE-PM: 0.06997460577786072
NPMLE: 0.44153692075235634
SURE-PM, NPMLE init: 0.0699711952743651
experiment: d
Finished training EB misspecified with NPMLE init, with SURE: -0.0007135319755582259
Finished training EB misspecified with NPMLE init, with in-sample MSE: 0.008461972688202308
Finished training EB misspecified, with SURE: -0.0007077190263692579
Finished training EB misspecified, with in-sample MSE: 0.00844222636393527

 Training SURE of the models:
SURE-PM: -0.0007077190263692579
NPMLE: 0.01630304564208478
SURE-PM, NPMLE init: -0.0007135319755582259
experiment: e
Finished training EB misspecified with NPMLE init, with SURE: 0.15739106261853625
Finished training EB misspecified with NPMLE init, with in-sample MSE: 0.17708130005334607
Finished training EB misspecified, with SURE: 0.15739988272716315
Finished training EB misspecified, with in-sample MSE: 0.17709198493344325

 Training SURE of the models:
SURE-PM: 0.15739988272716315
NPMLE: 0.30455339996401576
SURE-PM, NPMLE init: 0.15739106261853625
m: 2094
n: 100
experiment: c
Finished training EB misspecified with NPMLE init, with SURE: -0.05179259639044723
Finished training EB misspecified with NPMLE init, with in-sample MSE: 0.06868565958956314
Finished training EB misspecified, with SURE: -0.05178731206018689
Finished training EB misspecified, with in-sample MSE: 0.06871974250092851

 Training SURE of the models:
SURE-PM: -0.05178731206018689
NPMLE: 0.5708338323553
SURE-PM, NPMLE init: -0.05179259639044723
experiment: d
Finished training EB misspecified with NPMLE init, with SURE: -0.019456219878051916
Finished training EB misspecified with NPMLE init, with in-sample MSE: 0.0037455326901622917
Finished training EB misspecified, with SURE: -0.01945577651494247
Finished training EB misspecified, with in-sample MSE: 0.0037454967136138647

 Training SURE of the models:
SURE-PM: -0.01945577651494247
NPMLE: -0.014555370048983569
SURE-PM, NPMLE init: -0.019456219878051916
experiment: e
Finished training EB misspecified with NPMLE init, with SURE: 0.14454690983170565
Finished training EB misspecified with NPMLE init, with in-sample MSE: 0.20318469408545475
Finished training EB misspecified, with SURE: 0.1445558459403985
Finished training EB misspecified, with in-sample MSE: 0.2031771775538622

 Training SURE of the models:
SURE-PM: 0.1445558459403985
NPMLE: 0.32035838501014186
SURE-PM, NPMLE init: 0.14454690983170565
n: 400
experiment: c
Finished training EB misspecified with NPMLE init, with SURE: 0.06832845168014587
Finished training EB misspecified with NPMLE init, with in-sample MSE: 0.06811996190227887
Finished training EB misspecified, with SURE: 0.06826098019975191
Finished training EB misspecified, with in-sample MSE: 0.06822323531433713

 Training SURE of the models:
SURE-PM: 0.06826098019975191
NPMLE: 1.0110338055327086
SURE-PM, NPMLE init: 0.06832845168014587
experiment: d
Finished training EB misspecified with NPMLE init, with SURE: 0.013020005146501444
Finished training EB misspecified with NPMLE init, with in-sample MSE: 0.010093491769558404
Finished training EB misspecified, with SURE: 0.013021641091025273
Finished training EB misspecified, with in-sample MSE: 0.010095409843671334

 Training SURE of the models:
SURE-PM: 0.013021641091025273
NPMLE: 0.064103980008099
SURE-PM, NPMLE init: 0.013020005146501444
experiment: e
Finished training EB misspecified with NPMLE init, with SURE: 0.15809607816484236
Finished training EB misspecified with NPMLE init, with in-sample MSE: 0.21047703048383376
Finished training EB misspecified, with SURE: 0.15811707768386637
Finished training EB misspecified, with in-sample MSE: 0.21050826348016927

 Training SURE of the models:
SURE-PM: 0.15811707768386637
NPMLE: 0.35479991553640633
SURE-PM, NPMLE init: 0.15809607816484236
m: 2095
n: 100
experiment: c
Finished training EB misspecified with NPMLE init, with SURE: 0.008496756026430675
Finished training EB misspecified with NPMLE init, with in-sample MSE: 0.05752028114426326
Finished training EB misspecified, with SURE: 0.008508216157257848
Finished training EB misspecified, with in-sample MSE: 0.057595678657748096

 Training SURE of the models:
SURE-PM: 0.008508216157257848
NPMLE: 0.1902684603450058
SURE-PM, NPMLE init: 0.008496756026430675
experiment: d
Finished training EB misspecified with NPMLE init, with SURE: 0.00480807462467709
Finished training EB misspecified with NPMLE init, with in-sample MSE: 0.08694421634990138
Finished training EB misspecified, with SURE: 0.004818287353386133
Finished training EB misspecified, with in-sample MSE: 0.08694308254627993

 Training SURE of the models:
SURE-PM: 0.004818287353386133
NPMLE: 0.22695219354041518
SURE-PM, NPMLE init: 0.00480807462467709
experiment: e
Finished training EB misspecified with NPMLE init, with SURE: 0.16677814461611107
Finished training EB misspecified with NPMLE init, with in-sample MSE: 0.2531645769369103
Finished training EB misspecified, with SURE: 0.1667944227897474
Finished training EB misspecified, with in-sample MSE: 0.25355861726736084

 Training SURE of the models:
SURE-PM: 0.1667944227897474
NPMLE: 0.29776651586097436
SURE-PM, NPMLE init: 0.16677814461611107
n: 400
experiment: c
Finished training EB misspecified with NPMLE init, with SURE: 0.10636449121596683
Finished training EB misspecified with NPMLE init, with in-sample MSE: 0.06383743458371277
Finished training EB misspecified, with SURE: 0.10637862730126017
Finished training EB misspecified, with in-sample MSE: 0.0638314975725621

 Training SURE of the models:
SURE-PM: 0.10637862730126017
NPMLE: 0.5307340504949584
SURE-PM, NPMLE init: 0.10636449121596683
experiment: d
Finished training EB misspecified with NPMLE init, with SURE: -0.004012404738032149
Finished training EB misspecified with NPMLE init, with in-sample MSE: 0.008643533804553733
Finished training EB misspecified, with SURE: -0.00401210108198967
Finished training EB misspecified, with in-sample MSE: 0.00864300898814852

 Training SURE of the models:
SURE-PM: -0.00401210108198967
NPMLE: 0.02423684693888795
SURE-PM, NPMLE init: -0.004012404738032149
experiment: e
Finished training EB misspecified with NPMLE init, with SURE: 0.16055628891462212
Finished training EB misspecified with NPMLE init, with in-sample MSE: 0.18902375551744782
Finished training EB misspecified, with SURE: 0.16056406301108325
Finished training EB misspecified, with in-sample MSE: 0.18901661147490542

 Training SURE of the models:
SURE-PM: 0.16056406301108325
NPMLE: 0.38428018466325453
SURE-PM, NPMLE init: 0.16055628891462212
m: 2096
n: 100
experiment: c
Finished training EB misspecified with NPMLE init, with SURE: 0.032018475216608874
Finished training EB misspecified with NPMLE init, with in-sample MSE: 0.10282136385113036
Finished training EB misspecified, with SURE: 0.03202337145172251
Finished training EB misspecified, with in-sample MSE: 0.1027853826750456

 Training SURE of the models:
SURE-PM: 0.03202337145172251
NPMLE: 0.44644269225221367
SURE-PM, NPMLE init: 0.032018475216608874
experiment: d
Finished training EB misspecified with NPMLE init, with SURE: -0.016112222080942047
Finished training EB misspecified with NPMLE init, with in-sample MSE: 0.008152628308456361
Finished training EB misspecified, with SURE: -0.0161116695810521
Finished training EB misspecified, with in-sample MSE: 0.008152672509041364

 Training SURE of the models:
SURE-PM: -0.0161116695810521
NPMLE: -0.009274432529805771
SURE-PM, NPMLE init: -0.016112222080942047
experiment: e
Finished training EB misspecified with NPMLE init, with SURE: 0.0535841192260127
Finished training EB misspecified with NPMLE init, with in-sample MSE: 0.13034007369983325
Finished training EB misspecified, with SURE: 0.05359536559476496
Finished training EB misspecified, with in-sample MSE: 0.13034499677610342

 Training SURE of the models:
SURE-PM: 0.05359536559476496
NPMLE: 0.4906763987359221
SURE-PM, NPMLE init: 0.0535841192260127
n: 400
experiment: c
Finished training EB misspecified with NPMLE init, with SURE: 0.0828253608979034
Finished training EB misspecified with NPMLE init, with in-sample MSE: 0.056916003623805514
Finished training EB misspecified, with SURE: 0.08287972043344567
Finished training EB misspecified, with in-sample MSE: 0.05688508268535556

 Training SURE of the models:
SURE-PM: 0.08287972043344567
NPMLE: 0.7620030072167077
SURE-PM, NPMLE init: 0.0828253608979034
experiment: d
Finished training EB misspecified with NPMLE init, with SURE: 0.007937366397176468
Finished training EB misspecified with NPMLE init, with in-sample MSE: 0.011278025162053024
Finished training EB misspecified, with SURE: 0.00793797149891386
Finished training EB misspecified, with in-sample MSE: 0.011279795174590011

 Training SURE of the models:
SURE-PM: 0.00793797149891386
NPMLE: 0.09498115819572156
SURE-PM, NPMLE init: 0.007937366397176468
experiment: e
Finished training EB misspecified with NPMLE init, with SURE: 0.16930283442208377
Finished training EB misspecified with NPMLE init, with in-sample MSE: 0.19638751586262854
Finished training EB misspecified, with SURE: 0.16863266147433933
Finished training EB misspecified, with in-sample MSE: 0.19378118588515844

 Training SURE of the models:
SURE-PM: 0.16863266147433933
NPMLE: 0.38273791536887897
SURE-PM, NPMLE init: 0.16930283442208377
m: 2097
n: 100
experiment: c
Finished training EB misspecified with NPMLE init, with SURE: 0.013911182708241583
Finished training EB misspecified with NPMLE init, with in-sample MSE: 0.10694689642035492
Finished training EB misspecified, with SURE: 0.013917585499303086
Finished training EB misspecified, with in-sample MSE: 0.10687761654585551

 Training SURE of the models:
SURE-PM: 0.013917585499303086
NPMLE: 0.638575986797863
SURE-PM, NPMLE init: 0.013911182708241583
experiment: d
Finished training EB misspecified with NPMLE init, with SURE: -0.0062973657322554465
Finished training EB misspecified with NPMLE init, with in-sample MSE: 0.0064055590070056945
Finished training EB misspecified, with SURE: -0.006341972134192417
Finished training EB misspecified, with in-sample MSE: 0.006380866294116907

 Training SURE of the models:
SURE-PM: -0.006341972134192417
NPMLE: 0.025213253592203735
SURE-PM, NPMLE init: -0.0062973657322554465
experiment: e
Finished training EB misspecified with NPMLE init, with SURE: 0.12711305689050087
Finished training EB misspecified with NPMLE init, with in-sample MSE: 0.21442381001894673
Finished training EB misspecified, with SURE: 0.1271201744087653
Finished training EB misspecified, with in-sample MSE: 0.21443257269235663

 Training SURE of the models:
SURE-PM: 0.1271201744087653
NPMLE: 0.3594915940611701
SURE-PM, NPMLE init: 0.12711305689050087
n: 400
experiment: c
Finished training EB misspecified with NPMLE init, with SURE: 0.08806195954771781
Finished training EB misspecified with NPMLE init, with in-sample MSE: 0.06412995917626754
Finished training EB misspecified, with SURE: 0.08806898989603112
Finished training EB misspecified, with in-sample MSE: 0.06412444076707077

 Training SURE of the models:
SURE-PM: 0.08806898989603112
NPMLE: 0.9750309681590501
SURE-PM, NPMLE init: 0.08806195954771781
experiment: d
Finished training EB misspecified with NPMLE init, with SURE: 0.006303424644491429
Finished training EB misspecified with NPMLE init, with in-sample MSE: 0.01032802245086061
Finished training EB misspecified, with SURE: 0.006304123995746718
Finished training EB misspecified, with in-sample MSE: 0.010326181175057405

 Training SURE of the models:
SURE-PM: 0.006304123995746718
NPMLE: 0.1042657130087899
SURE-PM, NPMLE init: 0.006303424644491429
experiment: e
Finished training EB misspecified with NPMLE init, with SURE: 0.17002010535510867
Finished training EB misspecified with NPMLE init, with in-sample MSE: 0.18267670526928814
Finished training EB misspecified, with SURE: 0.17005042770197254
Finished training EB misspecified, with in-sample MSE: 0.18237287606808508

 Training SURE of the models:
SURE-PM: 0.17005042770197254
NPMLE: 0.29696980317499727
SURE-PM, NPMLE init: 0.17002010535510867
m: 2098
n: 100
experiment: c
Finished training EB misspecified with NPMLE init, with SURE: -0.043809918026274916
Finished training EB misspecified with NPMLE init, with in-sample MSE: 0.06720433267379436
Finished training EB misspecified, with SURE: -0.04376702609546996
Finished training EB misspecified, with in-sample MSE: 0.0672314988596606

 Training SURE of the models:
SURE-PM: -0.04376702609546996
NPMLE: 0.4805627012843553
SURE-PM, NPMLE init: -0.043809918026274916
experiment: d
Finished training EB misspecified with NPMLE init, with SURE: 0.0019572339676767214
Finished training EB misspecified with NPMLE init, with in-sample MSE: 0.01024414466212269
Finished training EB misspecified, with SURE: 0.0019575796052940754
Finished training EB misspecified, with in-sample MSE: 0.010244836826932856

 Training SURE of the models:
SURE-PM: 0.0019575796052940754
NPMLE: 0.032547249289430445
SURE-PM, NPMLE init: 0.0019572339676767214
experiment: e
Finished training EB misspecified with NPMLE init, with SURE: 0.12000836837147859
Finished training EB misspecified with NPMLE init, with in-sample MSE: 0.19502333064103755
Finished training EB misspecified, with SURE: 0.12001517658169704
Finished training EB misspecified, with in-sample MSE: 0.1950431655601503

 Training SURE of the models:
SURE-PM: 0.12001517658169704
NPMLE: 0.32131468828845267
SURE-PM, NPMLE init: 0.12000836837147859
n: 400
experiment: c
Finished training EB misspecified with NPMLE init, with SURE: 0.05857643188775569
Finished training EB misspecified with NPMLE init, with in-sample MSE: 0.05704682870781757
Finished training EB misspecified, with SURE: 0.05867866420492675
Finished training EB misspecified, with in-sample MSE: 0.05785164414453207

 Training SURE of the models:
SURE-PM: 0.05867866420492675
NPMLE: 1.0445614886325334
SURE-PM, NPMLE init: 0.05857643188775569
experiment: d
Finished training EB misspecified with NPMLE init, with SURE: -0.012851595940661015
Finished training EB misspecified with NPMLE init, with in-sample MSE: 0.0042419248061115146
Finished training EB misspecified, with SURE: -0.012851457409180506
Finished training EB misspecified, with in-sample MSE: 0.004241767343464567

 Training SURE of the models:
SURE-PM: -0.012851457409180506
NPMLE: 0.048415475227868966
SURE-PM, NPMLE init: -0.012851595940661015
experiment: e
Finished training EB misspecified with NPMLE init, with SURE: 0.15769308812808852
Finished training EB misspecified with NPMLE init, with in-sample MSE: 0.15769781429223376
Finished training EB misspecified, with SURE: 0.15770166438255345
Finished training EB misspecified, with in-sample MSE: 0.1576916239907462

 Training SURE of the models:
SURE-PM: 0.15770166438255345
NPMLE: 0.3289910768441341
SURE-PM, NPMLE init: 0.15769308812808852
m: 2099
n: 100
experiment: c
Finished training EB misspecified with NPMLE init, with SURE: 0.12307718741414818
Finished training EB misspecified with NPMLE init, with in-sample MSE: 0.07154704128820806
Finished training EB misspecified, with SURE: 0.12309857151972779
Finished training EB misspecified, with in-sample MSE: 0.0715316602941956

 Training SURE of the models:
SURE-PM: 0.12309857151972779
NPMLE: 0.9218506477025721
SURE-PM, NPMLE init: 0.12307718741414818
experiment: d
Finished training EB misspecified with NPMLE init, with SURE: 0.007545421224036897
Finished training EB misspecified with NPMLE init, with in-sample MSE: 0.01141033394127172
Finished training EB misspecified, with SURE: 0.007546364041170133
Finished training EB misspecified, with in-sample MSE: 0.011405887170771995

 Training SURE of the models:
SURE-PM: 0.007546364041170133
NPMLE: 0.022179131939076075
SURE-PM, NPMLE init: 0.007545421224036897
experiment: e
Finished training EB misspecified with NPMLE init, with SURE: 0.17947512870829904
Finished training EB misspecified with NPMLE init, with in-sample MSE: 0.22080558962535762
Finished training EB misspecified, with SURE: 0.17948605328304987
Finished training EB misspecified, with in-sample MSE: 0.22080594043773233

 Training SURE of the models:
SURE-PM: 0.17948605328304987
NPMLE: 0.2733612557880569
SURE-PM, NPMLE init: 0.17947512870829904
n: 400
experiment: c
Finished training EB misspecified with NPMLE init, with SURE: 0.055710117247055706
Finished training EB misspecified with NPMLE init, with in-sample MSE: 0.057827139780605545
Finished training EB misspecified, with SURE: 0.055708811295951226
Finished training EB misspecified, with in-sample MSE: 0.057826555323343916

 Training SURE of the models:
SURE-PM: 0.055708811295951226
NPMLE: 0.6948720975017842
SURE-PM, NPMLE init: 0.055710117247055706
experiment: d
Finished training EB misspecified with NPMLE init, with SURE: 0.001836951705706351
Finished training EB misspecified with NPMLE init, with in-sample MSE: 0.0071395192521519915
Finished training EB misspecified, with SURE: 0.00183968294038932
Finished training EB misspecified, with in-sample MSE: 0.007133163568938696

 Training SURE of the models:
SURE-PM: 0.00183968294038932
NPMLE: 0.06991863704618423
SURE-PM, NPMLE init: 0.001836951705706351
experiment: e
Finished training EB misspecified with NPMLE init, with SURE: 0.16690673586272212
Finished training EB misspecified with NPMLE init, with in-sample MSE: 0.16665724187727812
Finished training EB misspecified, with SURE: 0.16691729898491772
Finished training EB misspecified, with in-sample MSE: 0.16666018951962666

 Training SURE of the models:
SURE-PM: 0.16691729898491772
NPMLE: 0.2998448210468493
SURE-PM, NPMLE init: 0.16690673586272212
m: 2100
n: 100
experiment: c
Finished training EB misspecified with NPMLE init, with SURE: 0.09318082206009898
Finished training EB misspecified with NPMLE init, with in-sample MSE: 0.16472499844390578
Finished training EB misspecified, with SURE: 0.09232890058157174
Finished training EB misspecified, with in-sample MSE: 0.15718038211464383

 Training SURE of the models:
SURE-PM: 0.09232890058157174
NPMLE: 0.40297906958182944
SURE-PM, NPMLE init: 0.09318082206009898
experiment: d
Finished training EB misspecified with NPMLE init, with SURE: -0.01991846500189105
Finished training EB misspecified with NPMLE init, with in-sample MSE: 0.005364933159373569
Finished training EB misspecified, with SURE: -0.01991794574591667
Finished training EB misspecified, with in-sample MSE: 0.005364906983870687

 Training SURE of the models:
SURE-PM: -0.01991794574591667
NPMLE: 0.005376792529577852
SURE-PM, NPMLE init: -0.01991846500189105
experiment: e
Finished training EB misspecified with NPMLE init, with SURE: 0.1319343961290759
Finished training EB misspecified with NPMLE init, with in-sample MSE: 0.1435829951590838
Finished training EB misspecified, with SURE: 0.13194214679347377
Finished training EB misspecified, with in-sample MSE: 0.14371975963248732

 Training SURE of the models:
SURE-PM: 0.13194214679347377
NPMLE: 0.31401734622124167
SURE-PM, NPMLE init: 0.1319343961290759
n: 400
experiment: c
Finished training EB misspecified with NPMLE init, with SURE: 0.018081287993184317
Finished training EB misspecified with NPMLE init, with in-sample MSE: 0.0552894691993514
Finished training EB misspecified, with SURE: 0.01808251264681793
Finished training EB misspecified, with in-sample MSE: 0.05529001479408901

 Training SURE of the models:
SURE-PM: 0.01808251264681793
NPMLE: 0.5083223589797728
SURE-PM, NPMLE init: 0.018081287993184317
experiment: d
Finished training EB misspecified with NPMLE init, with SURE: 0.01073497608714149
Finished training EB misspecified with NPMLE init, with in-sample MSE: 0.01046081467110773
Finished training EB misspecified, with SURE: 0.010740287732469067
Finished training EB misspecified, with in-sample MSE: 0.010460772788469616

 Training SURE of the models:
SURE-PM: 0.010740287732469067
NPMLE: 0.07586000333406083
SURE-PM, NPMLE init: 0.01073497608714149
experiment: e
Finished training EB misspecified with NPMLE init, with SURE: 0.17571291439593759
Finished training EB misspecified with NPMLE init, with in-sample MSE: 0.20667882386207162
Finished training EB misspecified, with SURE: 0.175717679322196
Finished training EB misspecified, with in-sample MSE: 0.2066266399565855

 Training SURE of the models:
SURE-PM: 0.175717679322196
NPMLE: 0.33556300861858707
SURE-PM, NPMLE init: 0.17571291439593759
m: 2101
n: 100
experiment: c
Finished training EB misspecified with NPMLE init, with SURE: -0.03072824580560216
Finished training EB misspecified with NPMLE init, with in-sample MSE: 0.05592342731194492
Finished training EB misspecified, with SURE: -0.030716776040746012
Finished training EB misspecified, with in-sample MSE: 0.05593833488206964

 Training SURE of the models:
SURE-PM: -0.030716776040746012
NPMLE: 0.38839633197361706
SURE-PM, NPMLE init: -0.03072824580560216
experiment: d
Finished training EB misspecified with NPMLE init, with SURE: -0.005435260058038978
Finished training EB misspecified with NPMLE init, with in-sample MSE: 0.009573632049433293
Finished training EB misspecified, with SURE: -0.005435416456503628
Finished training EB misspecified, with in-sample MSE: 0.00957380359799895

 Training SURE of the models:
SURE-PM: -0.005435416456503628
NPMLE: 0.11678788615495563
SURE-PM, NPMLE init: -0.005435260058038978
experiment: e
Finished training EB misspecified with NPMLE init, with SURE: 0.14265643046344986
Finished training EB misspecified with NPMLE init, with in-sample MSE: 0.16283877628091692
Finished training EB misspecified, with SURE: 0.1426615213374348
Finished training EB misspecified, with in-sample MSE: 0.16281774578808764

 Training SURE of the models:
SURE-PM: 0.1426615213374348
NPMLE: 0.3075901070246867
SURE-PM, NPMLE init: 0.14265643046344986
n: 400
experiment: c
Finished training EB misspecified with NPMLE init, with SURE: 0.049611146632527865
Finished training EB misspecified with NPMLE init, with in-sample MSE: 0.060443158572389605
Finished training EB misspecified, with SURE: 0.04967585107903432
Finished training EB misspecified, with in-sample MSE: 0.06037519153876667

 Training SURE of the models:
SURE-PM: 0.04967585107903432
NPMLE: 0.6077890006360122
SURE-PM, NPMLE init: 0.049611146632527865
experiment: d
Finished training EB misspecified with NPMLE init, with SURE: 0.004817597124813222
Finished training EB misspecified with NPMLE init, with in-sample MSE: 0.00579518083686161
Finished training EB misspecified, with SURE: 0.004819878496728531
Finished training EB misspecified, with in-sample MSE: 0.005801202078728473

 Training SURE of the models:
SURE-PM: 0.004819878496728531
NPMLE: 0.09614701977462818
SURE-PM, NPMLE init: 0.004817597124813222
experiment: e
Finished training EB misspecified with NPMLE init, with SURE: 0.13481029467484973
Finished training EB misspecified with NPMLE init, with in-sample MSE: 0.20479135735625217
Finished training EB misspecified, with SURE: 0.13482235793604772
Finished training EB misspecified, with in-sample MSE: 0.20477924305184808

 Training SURE of the models:
SURE-PM: 0.13482235793604772
NPMLE: 0.3103547094031689
SURE-PM, NPMLE init: 0.13481029467484973
m: 2102
n: 100
experiment: c
Finished training EB misspecified with NPMLE init, with SURE: -0.06980302452276277
Finished training EB misspecified with NPMLE init, with in-sample MSE: 0.08617846674774063
Finished training EB misspecified, with SURE: -0.06980411017355408
Finished training EB misspecified, with in-sample MSE: 0.08619639932122519

 Training SURE of the models:
SURE-PM: -0.06980411017355408
NPMLE: 0.7023507829768886
SURE-PM, NPMLE init: -0.06980302452276277
experiment: d
Finished training EB misspecified with NPMLE init, with SURE: -0.005565779742625541
Finished training EB misspecified with NPMLE init, with in-sample MSE: 0.003965996588059016
Finished training EB misspecified, with SURE: -0.011083317444027596
Finished training EB misspecified, with in-sample MSE: 0.023721187968494824

 Training SURE of the models:
SURE-PM: -0.011083317444027596
NPMLE: -0.0007726124039326976
SURE-PM, NPMLE init: -0.005565779742625541
experiment: e
Finished training EB misspecified with NPMLE init, with SURE: 0.1076837678635853
Finished training EB misspecified with NPMLE init, with in-sample MSE: 0.18430025392834995
Finished training EB misspecified, with SURE: 0.10769120119599208
Finished training EB misspecified, with in-sample MSE: 0.1843284463221915

 Training SURE of the models:
SURE-PM: 0.10769120119599208
NPMLE: 0.3083777358667534
SURE-PM, NPMLE init: 0.1076837678635853
n: 400
experiment: c
Finished training EB misspecified with NPMLE init, with SURE: 0.06608262811246228
Finished training EB misspecified with NPMLE init, with in-sample MSE: 0.05811171169587023
Finished training EB misspecified, with SURE: 0.06608530269352662
Finished training EB misspecified, with in-sample MSE: 0.05810907929955787

 Training SURE of the models:
SURE-PM: 0.06608530269352662
NPMLE: 0.5809894853892726
SURE-PM, NPMLE init: 0.06608262811246228
experiment: d
Finished training EB misspecified with NPMLE init, with SURE: 0.017352948414408882
Finished training EB misspecified with NPMLE init, with in-sample MSE: 0.013325305309745303
Finished training EB misspecified, with SURE: 0.017356827818977134
Finished training EB misspecified, with in-sample MSE: 0.013320884912340238

 Training SURE of the models:
SURE-PM: 0.017356827818977134
NPMLE: 0.13175880073226565
SURE-PM, NPMLE init: 0.017352948414408882
experiment: e
Finished training EB misspecified with NPMLE init, with SURE: 0.16308026341371468
Finished training EB misspecified with NPMLE init, with in-sample MSE: 0.19912598890752606
Finished training EB misspecified, with SURE: 0.15224682095306186
Finished training EB misspecified, with in-sample MSE: 0.1997816960882294

 Training SURE of the models:
SURE-PM: 0.15224682095306186
NPMLE: 0.3231006907095778
SURE-PM, NPMLE init: 0.16308026341371468
m: 2103
n: 100
experiment: c
Finished training EB misspecified with NPMLE init, with SURE: -0.02810406923466438
Finished training EB misspecified with NPMLE init, with in-sample MSE: 0.060234257674298436
Finished training EB misspecified, with SURE: -0.02808707131993671
Finished training EB misspecified, with in-sample MSE: 0.060228934148816006

 Training SURE of the models:
SURE-PM: -0.02808707131993671
NPMLE: 0.4852643492960766
SURE-PM, NPMLE init: -0.02810406923466438
experiment: d
Finished training EB misspecified with NPMLE init, with SURE: 0.005785857510482444
Finished training EB misspecified with NPMLE init, with in-sample MSE: 0.0368079491406504
Finished training EB misspecified, with SURE: 0.006113182817735314
Finished training EB misspecified, with in-sample MSE: 0.03644456489189135

 Training SURE of the models:
SURE-PM: 0.006113182817735314
NPMLE: 0.07327283607968713
SURE-PM, NPMLE init: 0.005785857510482444
experiment: e
Finished training EB misspecified with NPMLE init, with SURE: 0.1486807257677788
Finished training EB misspecified with NPMLE init, with in-sample MSE: 0.16849898142665698
Finished training EB misspecified, with SURE: 0.1486850624682791
Finished training EB misspecified, with in-sample MSE: 0.16849390107921722

 Training SURE of the models:
SURE-PM: 0.1486850624682791
NPMLE: 0.375412943068399
SURE-PM, NPMLE init: 0.1486807257677788
n: 400
experiment: c
Finished training EB misspecified with NPMLE init, with SURE: 0.01680437857581687
Finished training EB misspecified with NPMLE init, with in-sample MSE: 0.054071313223330045
Finished training EB misspecified, with SURE: 0.016805509285903283
Finished training EB misspecified, with in-sample MSE: 0.054073040299259134

 Training SURE of the models:
SURE-PM: 0.016805509285903283
NPMLE: 0.5326344712227136
SURE-PM, NPMLE init: 0.01680437857581687
experiment: d
Finished training EB misspecified with NPMLE init, with SURE: 0.0021723080859149847
Finished training EB misspecified with NPMLE init, with in-sample MSE: 0.004954496486877024
Finished training EB misspecified, with SURE: 0.002179369784078684
Finished training EB misspecified, with in-sample MSE: 0.004979490777056155

 Training SURE of the models:
SURE-PM: 0.002179369784078684
NPMLE: 0.017022877217766866
SURE-PM, NPMLE init: 0.0021723080859149847
experiment: e
Finished training EB misspecified with NPMLE init, with SURE: 0.15168354741950196
Finished training EB misspecified with NPMLE init, with in-sample MSE: 0.19096358783246672
Finished training EB misspecified, with SURE: 0.15169362791871727
Finished training EB misspecified, with in-sample MSE: 0.19096820114761281

 Training SURE of the models:
SURE-PM: 0.15169362791871727
NPMLE: 0.3544914840909233
SURE-PM, NPMLE init: 0.15168354741950196
m: 2104
n: 100
experiment: c
Finished training EB misspecified with NPMLE init, with SURE: 0.012692027469095564
Finished training EB misspecified with NPMLE init, with in-sample MSE: 0.05250279801099507
Finished training EB misspecified, with SURE: 0.01269604362177418
Finished training EB misspecified, with in-sample MSE: 0.05250296210186165

 Training SURE of the models:
SURE-PM: 0.01269604362177418
NPMLE: 0.27736047182598
SURE-PM, NPMLE init: 0.012692027469095564
experiment: d
Finished training EB misspecified with NPMLE init, with SURE: -0.014787707065487937
Finished training EB misspecified with NPMLE init, with in-sample MSE: 0.005211688923037332
Finished training EB misspecified, with SURE: -0.014787229792124474
Finished training EB misspecified, with in-sample MSE: 0.0052115996509547935

 Training SURE of the models:
SURE-PM: -0.014787229792124474
NPMLE: 0.02598829729393085
SURE-PM, NPMLE init: -0.014787707065487937
experiment: e
Finished training EB misspecified with NPMLE init, with SURE: 0.11405715530911177
Finished training EB misspecified with NPMLE init, with in-sample MSE: 0.18107424446533268
Finished training EB misspecified, with SURE: 0.11406452664398305
Finished training EB misspecified, with in-sample MSE: 0.18103522350983764

 Training SURE of the models:
SURE-PM: 0.11406452664398305
NPMLE: 0.2850589203555547
SURE-PM, NPMLE init: 0.11405715530911177
n: 400
experiment: c
Finished training EB misspecified with NPMLE init, with SURE: 0.04681763094191205
Finished training EB misspecified with NPMLE init, with in-sample MSE: 0.05833453345569686
Finished training EB misspecified, with SURE: 0.046808255891312954
Finished training EB misspecified, with in-sample MSE: 0.05829404339996994

 Training SURE of the models:
SURE-PM: 0.046808255891312954
NPMLE: 0.435648612766536
SURE-PM, NPMLE init: 0.04681763094191205
experiment: d
Finished training EB misspecified with NPMLE init, with SURE: -0.00731672092064402
Finished training EB misspecified with NPMLE init, with in-sample MSE: 0.006155660931449084
Finished training EB misspecified, with SURE: -0.007316366105180929
Finished training EB misspecified, with in-sample MSE: 0.006155490654882051

 Training SURE of the models:
SURE-PM: -0.007316366105180929
NPMLE: 0.03350577623796527
SURE-PM, NPMLE init: -0.00731672092064402
experiment: e
Finished training EB misspecified with NPMLE init, with SURE: 0.1472071762586989
Finished training EB misspecified with NPMLE init, with in-sample MSE: 0.20646421327032208
Finished training EB misspecified, with SURE: 0.14721752244495925
Finished training EB misspecified, with in-sample MSE: 0.20646917550888577

 Training SURE of the models:
SURE-PM: 0.14721752244495925
NPMLE: 0.3325416602668447
SURE-PM, NPMLE init: 0.1472071762586989
m: 2105
n: 100
experiment: c
Finished training EB misspecified with NPMLE init, with SURE: 0.15638759372977284
Finished training EB misspecified with NPMLE init, with in-sample MSE: 0.10698911434550902
Finished training EB misspecified, with SURE: 0.15639979779987648
Finished training EB misspecified, with in-sample MSE: 0.10696518133380227

 Training SURE of the models:
SURE-PM: 0.15639979779987648
NPMLE: 0.8186468892039241
SURE-PM, NPMLE init: 0.15638759372977284
experiment: d
Finished training EB misspecified with NPMLE init, with SURE: -0.0035211229142930733
Finished training EB misspecified with NPMLE init, with in-sample MSE: 0.004829925415380781
Finished training EB misspecified, with SURE: -0.0030797874360601798
Finished training EB misspecified, with in-sample MSE: 0.004070080229789579

 Training SURE of the models:
SURE-PM: -0.0030797874360601798
NPMLE: 0.08333604073139422
SURE-PM, NPMLE init: -0.0035211229142930733
experiment: e
Finished training EB misspecified with NPMLE init, with SURE: 0.1843247896931365
Finished training EB misspecified with NPMLE init, with in-sample MSE: 0.23416708466841046
Finished training EB misspecified, with SURE: 0.18433019729495592
Finished training EB misspecified, with in-sample MSE: 0.2341780897837106

 Training SURE of the models:
SURE-PM: 0.18433019729495592
NPMLE: 0.3064827999939761
SURE-PM, NPMLE init: 0.1843247896931365
n: 400
experiment: c
Finished training EB misspecified with NPMLE init, with SURE: 0.10303983962157595
Finished training EB misspecified with NPMLE init, with in-sample MSE: 0.06274287521851375
Finished training EB misspecified, with SURE: 0.10304734546100257
Finished training EB misspecified, with in-sample MSE: 0.06282747775920931

 Training SURE of the models:
SURE-PM: 0.10304734546100257
NPMLE: 0.5380287977404918
SURE-PM, NPMLE init: 0.10303983962157595
experiment: d
Finished training EB misspecified with NPMLE init, with SURE: 0.011464832990835117
Finished training EB misspecified with NPMLE init, with in-sample MSE: 0.004240920344816636
Finished training EB misspecified, with SURE: 0.011465266009296666
Finished training EB misspecified, with in-sample MSE: 0.004241110000717738

 Training SURE of the models:
SURE-PM: 0.011465266009296666
NPMLE: 0.056151807558000665
SURE-PM, NPMLE init: 0.011464832990835117
experiment: e
Finished training EB misspecified with NPMLE init, with SURE: 0.15526866542547063
Finished training EB misspecified with NPMLE init, with in-sample MSE: 0.18488906881553105
Finished training EB misspecified, with SURE: 0.1553395378309427
Finished training EB misspecified, with in-sample MSE: 0.18506155567384638

 Training SURE of the models:
SURE-PM: 0.1553395378309427
NPMLE: 0.3134789903899709
SURE-PM, NPMLE init: 0.15526866542547063
m: 2106
n: 100
experiment: c
Finished training EB misspecified with NPMLE init, with SURE: 0.0008087002104655028
Finished training EB misspecified with NPMLE init, with in-sample MSE: 0.049204919017712075
Finished training EB misspecified, with SURE: 0.0008204629266009533
Finished training EB misspecified, with in-sample MSE: 0.04920452198523803

 Training SURE of the models:
SURE-PM: 0.0008204629266009533
NPMLE: 0.3886614561711687
SURE-PM, NPMLE init: 0.0008087002104655028
experiment: d
Finished training EB misspecified with NPMLE init, with SURE: -0.00601229996192691
Finished training EB misspecified with NPMLE init, with in-sample MSE: 0.006879270745395365
Finished training EB misspecified, with SURE: -0.0060123654088212325
Finished training EB misspecified, with in-sample MSE: 0.00687936849144525

 Training SURE of the models:
SURE-PM: -0.0060123654088212325
NPMLE: 0.11038288585728882
SURE-PM, NPMLE init: -0.00601229996192691
experiment: e
Finished training EB misspecified with NPMLE init, with SURE: 0.10616074025117567
Finished training EB misspecified with NPMLE init, with in-sample MSE: 0.28158341494142153
Finished training EB misspecified, with SURE: 0.10617452789435572
Finished training EB misspecified, with in-sample MSE: 0.2803477969175261

 Training SURE of the models:
SURE-PM: 0.10617452789435572
NPMLE: 0.29272240062664645
SURE-PM, NPMLE init: 0.10616074025117567
n: 400
experiment: c
Finished training EB misspecified with NPMLE init, with SURE: 0.013136254258527841
Finished training EB misspecified with NPMLE init, with in-sample MSE: 0.0693715710926867
Finished training EB misspecified, with SURE: 0.018578487871600942
Finished training EB misspecified, with in-sample MSE: 0.05926816425834962

 Training SURE of the models:
SURE-PM: 0.018578487871600942
NPMLE: 0.5490970910359491
SURE-PM, NPMLE init: 0.013136254258527841
experiment: d
Finished training EB misspecified with NPMLE init, with SURE: 0.0008652297670345277
Finished training EB misspecified with NPMLE init, with in-sample MSE: 0.008446995308105148
Finished training EB misspecified, with SURE: 0.0008654182679243938
Finished training EB misspecified, with in-sample MSE: 0.008446334459145187

 Training SURE of the models:
SURE-PM: 0.0008654182679243938
NPMLE: 0.002834750124075072
SURE-PM, NPMLE init: 0.0008652297670345277
experiment: e
Finished training EB misspecified with NPMLE init, with SURE: 0.1260121836141554
Finished training EB misspecified with NPMLE init, with in-sample MSE: 0.22063152468141867
Finished training EB misspecified, with SURE: 0.12602184535879643
Finished training EB misspecified, with in-sample MSE: 0.22063971491755707

 Training SURE of the models:
SURE-PM: 0.12602184535879643
NPMLE: 0.30707811205238855
SURE-PM, NPMLE init: 0.1260121836141554
m: 2107
n: 100
experiment: c
Finished training EB misspecified with NPMLE init, with SURE: -0.07161573065748122
Finished training EB misspecified with NPMLE init, with in-sample MSE: 0.0604262284783795
Finished training EB misspecified, with SURE: -0.07156495636657453
Finished training EB misspecified, with in-sample MSE: 0.06046101935790471

 Training SURE of the models:
SURE-PM: -0.07156495636657453
NPMLE: 0.751907885669552
SURE-PM, NPMLE init: -0.07161573065748122
experiment: d
Finished training EB misspecified with NPMLE init, with SURE: -0.014932851286659244
Finished training EB misspecified with NPMLE init, with in-sample MSE: 0.003897446024104507
Finished training EB misspecified, with SURE: -0.014932667293807374
Finished training EB misspecified, with in-sample MSE: 0.0038974326561926126

 Training SURE of the models:
SURE-PM: -0.014932667293807374
NPMLE: 0.06170809886806717
SURE-PM, NPMLE init: -0.014932851286659244
experiment: e
Finished training EB misspecified with NPMLE init, with SURE: 0.09779723399454839
Finished training EB misspecified with NPMLE init, with in-sample MSE: 0.17514585345523148
Finished training EB misspecified, with SURE: 0.09781399752728177
Finished training EB misspecified, with in-sample MSE: 0.17519467374136294

 Training SURE of the models:
SURE-PM: 0.09781399752728177
NPMLE: 0.28608340684261335
SURE-PM, NPMLE init: 0.09779723399454839
n: 400
experiment: c
Finished training EB misspecified with NPMLE init, with SURE: 0.052247210654800896
Finished training EB misspecified with NPMLE init, with in-sample MSE: 0.10139261458365008
Finished training EB misspecified, with SURE: 0.06516069829504283
Finished training EB misspecified, with in-sample MSE: 0.05684977352354873

 Training SURE of the models:
SURE-PM: 0.06516069829504283
NPMLE: 1.1114594133206912
SURE-PM, NPMLE init: 0.052247210654800896
experiment: d
Finished training EB misspecified with NPMLE init, with SURE: 0.0014356830874149651
Finished training EB misspecified with NPMLE init, with in-sample MSE: 0.004725275019930658
Finished training EB misspecified, with SURE: 0.0014419056080634718
Finished training EB misspecified, with in-sample MSE: 0.004707062941792295

 Training SURE of the models:
SURE-PM: 0.0014419056080634718
NPMLE: 0.013384098552545859
SURE-PM, NPMLE init: 0.0014356830874149651
experiment: e
Finished training EB misspecified with NPMLE init, with SURE: 0.16638170293397603
Finished training EB misspecified with NPMLE init, with in-sample MSE: 0.19468301804067273
Finished training EB misspecified, with SURE: 0.1663881367967733
Finished training EB misspecified, with in-sample MSE: 0.19468283597875222

 Training SURE of the models:
SURE-PM: 0.1663881367967733
NPMLE: 0.29053326085181297
SURE-PM, NPMLE init: 0.16638170293397603
m: 2108
n: 100
experiment: c
Finished training EB misspecified with NPMLE init, with SURE: 0.04044686874200977
Finished training EB misspecified with NPMLE init, with in-sample MSE: 0.06214736580098841
Finished training EB misspecified, with SURE: 0.0404504845944345
Finished training EB misspecified, with in-sample MSE: 0.06215187723712022

 Training SURE of the models:
SURE-PM: 0.0404504845944345
NPMLE: 0.36918145880794645
SURE-PM, NPMLE init: 0.04044686874200977
experiment: d
Finished training EB misspecified with NPMLE init, with SURE: 0.00866837790766537
Finished training EB misspecified with NPMLE init, with in-sample MSE: 0.00826313689006728
Finished training EB misspecified, with SURE: 0.008668698702383945
Finished training EB misspecified, with in-sample MSE: 0.008262820767165037

 Training SURE of the models:
SURE-PM: 0.008668698702383945
NPMLE: 0.019931791819097225
SURE-PM, NPMLE init: 0.00866837790766537
experiment: e
Finished training EB misspecified with NPMLE init, with SURE: 0.12789745616168474
Finished training EB misspecified with NPMLE init, with in-sample MSE: 0.21100076508744603
Finished training EB misspecified, with SURE: 0.12790343503333332
Finished training EB misspecified, with in-sample MSE: 0.21100341046995147

 Training SURE of the models:
SURE-PM: 0.12790343503333332
NPMLE: 0.2998513317113064
SURE-PM, NPMLE init: 0.12789745616168474
n: 400
experiment: c
Finished training EB misspecified with NPMLE init, with SURE: 0.11453181900930332
Finished training EB misspecified with NPMLE init, with in-sample MSE: 0.08441866438099979
Finished training EB misspecified, with SURE: 0.12330976574066967
Finished training EB misspecified, with in-sample MSE: 0.06228175303114289

 Training SURE of the models:
SURE-PM: 0.12330976574066967
NPMLE: 0.5257059846946628
SURE-PM, NPMLE init: 0.11453181900930332
experiment: d
Finished training EB misspecified with NPMLE init, with SURE: -0.003935239373979318
Finished training EB misspecified with NPMLE init, with in-sample MSE: 0.004560809077782247
Finished training EB misspecified, with SURE: -0.003935056014388571
Finished training EB misspecified, with in-sample MSE: 0.004560648551505015

 Training SURE of the models:
SURE-PM: -0.003935056014388571
NPMLE: 0.09175880769506552
SURE-PM, NPMLE init: -0.003935239373979318
experiment: e
Finished training EB misspecified with NPMLE init, with SURE: 0.1687068718386614
Finished training EB misspecified with NPMLE init, with in-sample MSE: 0.1887522702338062
Finished training EB misspecified, with SURE: 0.16870930096523915
Finished training EB misspecified, with in-sample MSE: 0.18875501445129672

 Training SURE of the models:
SURE-PM: 0.16870930096523915
NPMLE: 0.33292067573346784
SURE-PM, NPMLE init: 0.1687068718386614
m: 2109
n: 100
experiment: c
Finished training EB misspecified with NPMLE init, with SURE: 0.07351577742852293
Finished training EB misspecified with NPMLE init, with in-sample MSE: 0.05141664793960315
Finished training EB misspecified, with SURE: 0.0735673873223955
Finished training EB misspecified, with in-sample MSE: 0.051373830445794175

 Training SURE of the models:
SURE-PM: 0.0735673873223955
NPMLE: 0.5976576240366557
SURE-PM, NPMLE init: 0.07351577742852293
experiment: d
Finished training EB misspecified with NPMLE init, with SURE: -0.015014890974020716
Finished training EB misspecified with NPMLE init, with in-sample MSE: 0.006677648899604907
Finished training EB misspecified, with SURE: -0.015014529572058457
Finished training EB misspecified, with in-sample MSE: 0.006677388149903959

 Training SURE of the models:
SURE-PM: -0.015014529572058457
NPMLE: 0.042329846893268554
SURE-PM, NPMLE init: -0.015014890974020716
experiment: e
Finished training EB misspecified with NPMLE init, with SURE: 0.0664742013208577
Finished training EB misspecified with NPMLE init, with in-sample MSE: 0.22647929503382927
Finished training EB misspecified, with SURE: 0.0664731213548648
Finished training EB misspecified, with in-sample MSE: 0.22651489757173568

 Training SURE of the models:
SURE-PM: 0.0664731213548648
NPMLE: 0.41074443748476114
SURE-PM, NPMLE init: 0.0664742013208577
n: 400
experiment: c
Finished training EB misspecified with NPMLE init, with SURE: 0.03659622997159126
Finished training EB misspecified with NPMLE init, with in-sample MSE: 0.07386967687528713
Finished training EB misspecified, with SURE: 0.03663132563775164
Finished training EB misspecified, with in-sample MSE: 0.07387242441987703

 Training SURE of the models:
SURE-PM: 0.03663132563775164
NPMLE: 0.676997886045202
SURE-PM, NPMLE init: 0.03659622997159126
experiment: d
Finished training EB misspecified with NPMLE init, with SURE: -0.007356557070222571
Finished training EB misspecified with NPMLE init, with in-sample MSE: 0.004356187099776164
Finished training EB misspecified, with SURE: -0.007356052708648946
Finished training EB misspecified, with in-sample MSE: 0.004356076070340083

 Training SURE of the models:
SURE-PM: -0.007356052708648946
NPMLE: 0.056941699462748276
SURE-PM, NPMLE init: -0.007356557070222571
experiment: e
Finished training EB misspecified with NPMLE init, with SURE: 0.14403398286056424
Finished training EB misspecified with NPMLE init, with in-sample MSE: 0.16472793609452968
Finished training EB misspecified, with SURE: 0.14404485074884968
Finished training EB misspecified, with in-sample MSE: 0.16473457673852995

 Training SURE of the models:
SURE-PM: 0.14404485074884968
NPMLE: 0.3454548642418905
SURE-PM, NPMLE init: 0.14403398286056424
m: 2110
n: 100
experiment: c
Finished training EB misspecified with NPMLE init, with SURE: -0.04551708654892011
Finished training EB misspecified with NPMLE init, with in-sample MSE: 0.05874444716539907
Finished training EB misspecified, with SURE: -0.045505240801066695
Finished training EB misspecified, with in-sample MSE: 0.05874660026048204

 Training SURE of the models:
SURE-PM: -0.045505240801066695
NPMLE: 0.45848290959422644
SURE-PM, NPMLE init: -0.04551708654892011
experiment: d
Finished training EB misspecified with NPMLE init, with SURE: 0.005889958645058151
Finished training EB misspecified with NPMLE init, with in-sample MSE: 0.005717046593165951
Finished training EB misspecified, with SURE: 0.005892434327646683
Finished training EB misspecified, with in-sample MSE: 0.005720621185639817

 Training SURE of the models:
SURE-PM: 0.005892434327646683
NPMLE: 0.039207765942147754
SURE-PM, NPMLE init: 0.005889958645058151
experiment: e
Finished training EB misspecified with NPMLE init, with SURE: 0.14892371220046918
Finished training EB misspecified with NPMLE init, with in-sample MSE: 0.18716850174615854
Finished training EB misspecified, with SURE: 0.14893105741843107
Finished training EB misspecified, with in-sample MSE: 0.18674830808547632

 Training SURE of the models:
SURE-PM: 0.14893105741843107
NPMLE: 0.3102368884931721
SURE-PM, NPMLE init: 0.14892371220046918
n: 400
experiment: c
Finished training EB misspecified with NPMLE init, with SURE: 0.05644205980440866
Finished training EB misspecified with NPMLE init, with in-sample MSE: 0.06534958344959085
Finished training EB misspecified, with SURE: 0.05814075933194673
Finished training EB misspecified, with in-sample MSE: 0.06024905770429131

 Training SURE of the models:
SURE-PM: 0.05814075933194673
NPMLE: 0.7065491279855277
SURE-PM, NPMLE init: 0.05644205980440866
experiment: d
Finished training EB misspecified with NPMLE init, with SURE: 0.01371062506431901
Finished training EB misspecified with NPMLE init, with in-sample MSE: 0.007574190463941829
Finished training EB misspecified, with SURE: 0.01371107151199233
Finished training EB misspecified, with in-sample MSE: 0.0075735341103939195

 Training SURE of the models:
SURE-PM: 0.01371107151199233
NPMLE: 0.06797758724514714
SURE-PM, NPMLE init: 0.01371062506431901
experiment: e
Finished training EB misspecified with NPMLE init, with SURE: 0.1709640825999434
Finished training EB misspecified with NPMLE init, with in-sample MSE: 0.15969842285928246
Finished training EB misspecified, with SURE: 0.17097446828776822
Finished training EB misspecified, with in-sample MSE: 0.15963909329730344

 Training SURE of the models:
SURE-PM: 0.17097446828776822
NPMLE: 0.3015581019895361
SURE-PM, NPMLE init: 0.1709640825999434
m: 2111
n: 100
experiment: c
Finished training EB misspecified with NPMLE init, with SURE: 0.01220678681012842
Finished training EB misspecified with NPMLE init, with in-sample MSE: 0.15541389548953594
Finished training EB misspecified, with SURE: 0.012186072139798654
Finished training EB misspecified, with in-sample MSE: 0.1552170820241062

 Training SURE of the models:
SURE-PM: 0.012186072139798654
NPMLE: 0.5406267908485357
SURE-PM, NPMLE init: 0.01220678681012842
experiment: d
Finished training EB misspecified with NPMLE init, with SURE: -0.021815561657990194
Finished training EB misspecified with NPMLE init, with in-sample MSE: 0.004658324515923691
Finished training EB misspecified, with SURE: -0.021815054741032593
Finished training EB misspecified, with in-sample MSE: 0.004658332571559197

 Training SURE of the models:
SURE-PM: -0.021815054741032593
NPMLE: -0.004988920197795501
SURE-PM, NPMLE init: -0.021815561657990194
experiment: e
Finished training EB misspecified with NPMLE init, with SURE: 0.09899783762739929
Finished training EB misspecified with NPMLE init, with in-sample MSE: 0.20043017608516656
Finished training EB misspecified, with SURE: 0.09900693127633133
Finished training EB misspecified, with in-sample MSE: 0.200434595073484

 Training SURE of the models:
SURE-PM: 0.09900693127633133
NPMLE: 0.3758611612200251
SURE-PM, NPMLE init: 0.09899783762739929
n: 400
experiment: c
Finished training EB misspecified with NPMLE init, with SURE: 0.037776901459678526
Finished training EB misspecified with NPMLE init, with in-sample MSE: 0.07761184272535514
Finished training EB misspecified, with SURE: 0.05124694617908773
Finished training EB misspecified, with in-sample MSE: 0.053654127283123625

 Training SURE of the models:
SURE-PM: 0.05124694617908773
NPMLE: 0.7397762828595843
SURE-PM, NPMLE init: 0.037776901459678526
experiment: d
Finished training EB misspecified with NPMLE init, with SURE: 0.018585686117903944
Finished training EB misspecified with NPMLE init, with in-sample MSE: 0.021256765520036157
Finished training EB misspecified, with SURE: 0.018593351227628913
Finished training EB misspecified, with in-sample MSE: 0.021258008842797965

 Training SURE of the models:
SURE-PM: 0.018593351227628913
NPMLE: 0.09337153371046299
SURE-PM, NPMLE init: 0.018585686117903944
experiment: e
Finished training EB misspecified with NPMLE init, with SURE: 0.17381527539874028
Finished training EB misspecified with NPMLE init, with in-sample MSE: 0.19460586728704712
Finished training EB misspecified, with SURE: 0.17382413154978443
Finished training EB misspecified, with in-sample MSE: 0.19460286864097326

 Training SURE of the models:
SURE-PM: 0.17382413154978443
NPMLE: 0.3100109210051068
SURE-PM, NPMLE init: 0.17381527539874028
m: 2112
n: 100
experiment: c
Finished training EB misspecified with NPMLE init, with SURE: -0.020913727997391975
Finished training EB misspecified with NPMLE init, with in-sample MSE: 0.05936236645741982
Finished training EB misspecified, with SURE: -0.02090532359866316
Finished training EB misspecified, with in-sample MSE: 0.0593716013411072

 Training SURE of the models:
SURE-PM: -0.02090532359866316
NPMLE: 0.40463291956942377
SURE-PM, NPMLE init: -0.020913727997391975
experiment: d
Finished training EB misspecified with NPMLE init, with SURE: 0.010647814394943271
Finished training EB misspecified with NPMLE init, with in-sample MSE: 0.016852250017342404
Finished training EB misspecified, with SURE: 0.01064831936500033
Finished training EB misspecified, with in-sample MSE: 0.016870176280662584

 Training SURE of the models:
SURE-PM: 0.01064831936500033
NPMLE: 0.011654624565201494
SURE-PM, NPMLE init: 0.010647814394943271
experiment: e
Finished training EB misspecified with NPMLE init, with SURE: 0.11163846281668778
Finished training EB misspecified with NPMLE init, with in-sample MSE: 0.27515914225941
Finished training EB misspecified, with SURE: 0.11164410042177945
Finished training EB misspecified, with in-sample MSE: 0.27516654767407256

 Training SURE of the models:
SURE-PM: 0.11164410042177945
NPMLE: 0.26682561847831016
SURE-PM, NPMLE init: 0.11163846281668778
n: 400
experiment: c
Finished training EB misspecified with NPMLE init, with SURE: 0.05760470570107877
Finished training EB misspecified with NPMLE init, with in-sample MSE: 0.05912325062282414
Finished training EB misspecified, with SURE: 0.05761118721324813
Finished training EB misspecified, with in-sample MSE: 0.059143024137061344

 Training SURE of the models:
SURE-PM: 0.05761118721324813
NPMLE: 0.4035062330827941
SURE-PM, NPMLE init: 0.05760470570107877
experiment: d
Finished training EB misspecified with NPMLE init, with SURE: 0.0017574371889325668
Finished training EB misspecified with NPMLE init, with in-sample MSE: 0.006193624102939784
Finished training EB misspecified, with SURE: 0.0017580002540790397
Finished training EB misspecified, with in-sample MSE: 0.006194489256194892

 Training SURE of the models:
SURE-PM: 0.0017580002540790397
NPMLE: 0.020436850399638152
SURE-PM, NPMLE init: 0.0017574371889325668
experiment: e
Finished training EB misspecified with NPMLE init, with SURE: 0.15173996531195394
Finished training EB misspecified with NPMLE init, with in-sample MSE: 0.1864887228662516
Finished training EB misspecified, with SURE: 0.15174570570005494
Finished training EB misspecified, with in-sample MSE: 0.18639554206993492

 Training SURE of the models:
SURE-PM: 0.15174570570005494
NPMLE: 0.31887458451068057
SURE-PM, NPMLE init: 0.15173996531195394
m: 2113
n: 100
experiment: c
Finished training EB misspecified with NPMLE init, with SURE: 0.08859277026653047
Finished training EB misspecified with NPMLE init, with in-sample MSE: 0.08342340076991295
Finished training EB misspecified, with SURE: 0.0885981038753912
Finished training EB misspecified, with in-sample MSE: 0.08343032251581135

 Training SURE of the models:
SURE-PM: 0.0885981038753912
NPMLE: 0.8523680911752461
SURE-PM, NPMLE init: 0.08859277026653047
experiment: d
Finished training EB misspecified with NPMLE init, with SURE: -0.009850260756139413
Finished training EB misspecified with NPMLE init, with in-sample MSE: 0.007216675471314163
Finished training EB misspecified, with SURE: -0.009849935283934848
Finished training EB misspecified, with in-sample MSE: 0.007216745993608264

 Training SURE of the models:
SURE-PM: -0.009849935283934848
NPMLE: 0.06099494200781816
SURE-PM, NPMLE init: -0.009850260756139413
experiment: e
Finished training EB misspecified with NPMLE init, with SURE: 0.13377638208492162
Finished training EB misspecified with NPMLE init, with in-sample MSE: 0.18207363772451868
Finished training EB misspecified, with SURE: 0.1337788521541999
Finished training EB misspecified, with in-sample MSE: 0.18209534327539012

 Training SURE of the models:
SURE-PM: 0.1337788521541999
NPMLE: 0.44470740519795116
SURE-PM, NPMLE init: 0.13377638208492162
n: 400
experiment: c
Finished training EB misspecified with NPMLE init, with SURE: 0.07697200384612927
Finished training EB misspecified with NPMLE init, with in-sample MSE: 0.0578980803567448
Finished training EB misspecified, with SURE: 0.07698105570414754
Finished training EB misspecified, with in-sample MSE: 0.05788934075789773

 Training SURE of the models:
SURE-PM: 0.07698105570414754
NPMLE: 0.6297699390072654
SURE-PM, NPMLE init: 0.07697200384612927
experiment: d
Finished training EB misspecified with NPMLE init, with SURE: 0.0032870779826862416
Finished training EB misspecified with NPMLE init, with in-sample MSE: 0.004811122959707162
Finished training EB misspecified, with SURE: 0.0032871849642178573
Finished training EB misspecified, with in-sample MSE: 0.004810045482859272

 Training SURE of the models:
SURE-PM: 0.0032871849642178573
NPMLE: 0.06567046000180685
SURE-PM, NPMLE init: 0.0032870779826862416
experiment: e
Finished training EB misspecified with NPMLE init, with SURE: 0.14735663968880716
Finished training EB misspecified with NPMLE init, with in-sample MSE: 0.19103295722250582
Finished training EB misspecified, with SURE: 0.14736563172434344
Finished training EB misspecified, with in-sample MSE: 0.19102734135112115

 Training SURE of the models:
SURE-PM: 0.14736563172434344
NPMLE: 0.3197434125363225
SURE-PM, NPMLE init: 0.14735663968880716
m: 2114
n: 100
experiment: c
Finished training EB misspecified with NPMLE init, with SURE: 0.12901834006103116
Finished training EB misspecified with NPMLE init, with in-sample MSE: 0.06505600112949389
Finished training EB misspecified, with SURE: 0.12121651315360608
Finished training EB misspecified, with in-sample MSE: 0.09743011788049859

 Training SURE of the models:
SURE-PM: 0.12121651315360608
NPMLE: 0.39110140680151445
SURE-PM, NPMLE init: 0.12901834006103116
experiment: d
Finished training EB misspecified with NPMLE init, with SURE: -0.022482021104352958
Finished training EB misspecified with NPMLE init, with in-sample MSE: 0.016395202495290882
Finished training EB misspecified, with SURE: -0.02248278475424751
Finished training EB misspecified, with in-sample MSE: 0.016395536470177326

 Training SURE of the models:
SURE-PM: -0.02248278475424751
NPMLE: 0.001622373998000839
SURE-PM, NPMLE init: -0.022482021104352958
experiment: e
Finished training EB misspecified with NPMLE init, with SURE: 0.11488080657574287
Finished training EB misspecified with NPMLE init, with in-sample MSE: 0.24008520464431743
Finished training EB misspecified, with SURE: 0.11488815469786644
Finished training EB misspecified, with in-sample MSE: 0.24008322890190692

 Training SURE of the models:
SURE-PM: 0.11488815469786644
NPMLE: 0.2554466520612016
SURE-PM, NPMLE init: 0.11488080657574287
n: 400
experiment: c
Finished training EB misspecified with NPMLE init, with SURE: 0.06025265878476276
Finished training EB misspecified with NPMLE init, with in-sample MSE: 0.04975992957327617
Finished training EB misspecified, with SURE: 0.0602532611160202
Finished training EB misspecified, with in-sample MSE: 0.049762112183605316

 Training SURE of the models:
SURE-PM: 0.0602532611160202
NPMLE: 0.36587007957466855
SURE-PM, NPMLE init: 0.06025265878476276
experiment: d
Finished training EB misspecified with NPMLE init, with SURE: 0.010247966247652052
Finished training EB misspecified with NPMLE init, with in-sample MSE: 0.01093558558087395
Finished training EB misspecified, with SURE: 0.010248608365179558
Finished training EB misspecified, with in-sample MSE: 0.010933717453255337

 Training SURE of the models:
SURE-PM: 0.010248608365179558
NPMLE: 0.02102803217376522
SURE-PM, NPMLE init: 0.010247966247652052
experiment: e
Finished training EB misspecified with NPMLE init, with SURE: 0.14019183745186012
Finished training EB misspecified with NPMLE init, with in-sample MSE: 0.1655919383169688
Finished training EB misspecified, with SURE: 0.1402043563663873
Finished training EB misspecified, with in-sample MSE: 0.16557216986442622

 Training SURE of the models:
SURE-PM: 0.1402043563663873
NPMLE: 0.34046469062674256
SURE-PM, NPMLE init: 0.14019183745186012
m: 2115
n: 100
experiment: c
Finished training EB misspecified with NPMLE init, with SURE: 0.054859436721232696
Finished training EB misspecified with NPMLE init, with in-sample MSE: 0.08475312023254636
Finished training EB misspecified, with SURE: 0.054884880944064136
Finished training EB misspecified, with in-sample MSE: 0.08472465310585355

 Training SURE of the models:
SURE-PM: 0.054884880944064136
NPMLE: 1.2105591881889168
SURE-PM, NPMLE init: 0.054859436721232696
experiment: d
Finished training EB misspecified with NPMLE init, with SURE: -0.000347990138286427
Finished training EB misspecified with NPMLE init, with in-sample MSE: 0.021718752643168884
Finished training EB misspecified, with SURE: -0.00034484043366003194
Finished training EB misspecified, with in-sample MSE: 0.02171784907975267

 Training SURE of the models:
SURE-PM: -0.00034484043366003194
NPMLE: 0.10591203183847135
SURE-PM, NPMLE init: -0.000347990138286427
experiment: e
Finished training EB misspecified with NPMLE init, with SURE: 0.05173346403803599
Finished training EB misspecified with NPMLE init, with in-sample MSE: 0.2147497225852015
Finished training EB misspecified, with SURE: 0.05174156109506967
Finished training EB misspecified, with in-sample MSE: 0.2147400556353034

 Training SURE of the models:
SURE-PM: 0.05174156109506967
NPMLE: 0.4207787844559519
SURE-PM, NPMLE init: 0.05173346403803599
n: 400
experiment: c
Finished training EB misspecified with NPMLE init, with SURE: 0.021270529865550145
Finished training EB misspecified with NPMLE init, with in-sample MSE: 0.056324297481315816
Finished training EB misspecified, with SURE: 0.018696913102021286
Finished training EB misspecified, with in-sample MSE: 0.06404000102106207

 Training SURE of the models:
SURE-PM: 0.018696913102021286
NPMLE: 0.6701068673409821
SURE-PM, NPMLE init: 0.021270529865550145
experiment: d
Finished training EB misspecified with NPMLE init, with SURE: -0.0051278884079022195
Finished training EB misspecified with NPMLE init, with in-sample MSE: 0.005129852309697143
Finished training EB misspecified, with SURE: -0.005127591160883718
Finished training EB misspecified, with in-sample MSE: 0.005129615957087738

 Training SURE of the models:
SURE-PM: -0.005127591160883718
NPMLE: -0.002779213550184103
SURE-PM, NPMLE init: -0.0051278884079022195
experiment: e
Finished training EB misspecified with NPMLE init, with SURE: 0.15412097896285484
Finished training EB misspecified with NPMLE init, with in-sample MSE: 0.20725702436207694
Finished training EB misspecified, with SURE: 0.15412666149096996
Finished training EB misspecified, with in-sample MSE: 0.2072574961081297

 Training SURE of the models:
SURE-PM: 0.15412666149096996
NPMLE: 0.3660811368645788
SURE-PM, NPMLE init: 0.15412097896285484
m: 2116
n: 100
experiment: c
Finished training EB misspecified with NPMLE init, with SURE: 0.05295478048721933
Finished training EB misspecified with NPMLE init, with in-sample MSE: 0.1879565570370603
Finished training EB misspecified, with SURE: 0.05295637031264903
Finished training EB misspecified, with in-sample MSE: 0.18791997729659496

 Training SURE of the models:
SURE-PM: 0.05295637031264903
NPMLE: 0.23432461480555944
SURE-PM, NPMLE init: 0.05295478048721933
experiment: d
Finished training EB misspecified with NPMLE init, with SURE: -0.02981074269125662
Finished training EB misspecified with NPMLE init, with in-sample MSE: 0.004258700427257227
Finished training EB misspecified, with SURE: -0.029810283960514123
Finished training EB misspecified, with in-sample MSE: 0.0042586937883053

 Training SURE of the models:
SURE-PM: -0.029810283960514123
NPMLE: -0.02092885281627762
SURE-PM, NPMLE init: -0.02981074269125662
experiment: e
Finished training EB misspecified with NPMLE init, with SURE: 0.13906544799842266
Finished training EB misspecified with NPMLE init, with in-sample MSE: 0.14103585714084294
Finished training EB misspecified, with SURE: 0.139073436108292
Finished training EB misspecified, with in-sample MSE: 0.14104583463533998

 Training SURE of the models:
SURE-PM: 0.139073436108292
NPMLE: 0.32545896591323525
SURE-PM, NPMLE init: 0.13906544799842266
n: 400
experiment: c
Finished training EB misspecified with NPMLE init, with SURE: -0.03393426572381472
Finished training EB misspecified with NPMLE init, with in-sample MSE: 0.09592013548100496
Finished training EB misspecified, with SURE: -0.03392510715525567
Finished training EB misspecified, with in-sample MSE: 0.09579523228716756

 Training SURE of the models:
SURE-PM: -0.03392510715525567
NPMLE: 1.0290913701806808
SURE-PM, NPMLE init: -0.03393426572381472
experiment: d
Finished training EB misspecified with NPMLE init, with SURE: 0.019642499523146083
Finished training EB misspecified with NPMLE init, with in-sample MSE: 0.0047898525468718055
Finished training EB misspecified, with SURE: 0.019642624621364943
Finished training EB misspecified, with in-sample MSE: 0.004790262633433672

 Training SURE of the models:
SURE-PM: 0.019642624621364943
NPMLE: 0.032677477738964546
SURE-PM, NPMLE init: 0.019642499523146083
experiment: e
Finished training EB misspecified with NPMLE init, with SURE: 0.14384362835707884
Finished training EB misspecified with NPMLE init, with in-sample MSE: 0.16038648221105603
Finished training EB misspecified, with SURE: 0.14385115931326511
Finished training EB misspecified, with in-sample MSE: 0.16040305272695746

 Training SURE of the models:
SURE-PM: 0.14385115931326511
NPMLE: 0.3168208332952236
SURE-PM, NPMLE init: 0.14384362835707884
m: 2117
n: 100
experiment: c
Finished training EB misspecified with NPMLE init, with SURE: -0.05836582349893945
Finished training EB misspecified with NPMLE init, with in-sample MSE: 0.0817627170320051
Finished training EB misspecified, with SURE: -0.058364146207601095
Finished training EB misspecified, with in-sample MSE: 0.0817609258211183

 Training SURE of the models:
SURE-PM: -0.058364146207601095
NPMLE: 0.22847553855757893
SURE-PM, NPMLE init: -0.05836582349893945
experiment: d
Finished training EB misspecified with NPMLE init, with SURE: 0.018751053761406206
Finished training EB misspecified with NPMLE init, with in-sample MSE: 0.009123692195863594
Finished training EB misspecified, with SURE: 0.01875123680493612
Finished training EB misspecified, with in-sample MSE: 0.009122438732749425

 Training SURE of the models:
SURE-PM: 0.01875123680493612
NPMLE: 0.12262188990099121
SURE-PM, NPMLE init: 0.018751053761406206
experiment: e
Finished training EB misspecified with NPMLE init, with SURE: 0.09261755595498325
Finished training EB misspecified with NPMLE init, with in-sample MSE: 0.19439137948923535
Finished training EB misspecified, with SURE: 0.09232321377445861
Finished training EB misspecified, with in-sample MSE: 0.19847962026500063

 Training SURE of the models:
SURE-PM: 0.09232321377445861
NPMLE: 0.28408567751714364
SURE-PM, NPMLE init: 0.09261755595498325
n: 400
experiment: c
Finished training EB misspecified with NPMLE init, with SURE: -0.03967054446983297
Finished training EB misspecified with NPMLE init, with in-sample MSE: 0.0671252694953146
Finished training EB misspecified, with SURE: -0.03964616150736703
Finished training EB misspecified, with in-sample MSE: 0.06808519759084092

 Training SURE of the models:
SURE-PM: -0.03964616150736703
NPMLE: 0.5247420412876513
SURE-PM, NPMLE init: -0.03967054446983297
experiment: d
Finished training EB misspecified with NPMLE init, with SURE: 0.009539971097469823
Finished training EB misspecified with NPMLE init, with in-sample MSE: 0.008400306860575808
Finished training EB misspecified, with SURE: 0.009543291803434358
Finished training EB misspecified, with in-sample MSE: 0.008389942265863802

 Training SURE of the models:
SURE-PM: 0.009543291803434358
NPMLE: 0.0807929600779142
SURE-PM, NPMLE init: 0.009539971097469823
experiment: e
Finished training EB misspecified with NPMLE init, with SURE: 0.16217434837713135
Finished training EB misspecified with NPMLE init, with in-sample MSE: 0.14762424606689817
Finished training EB misspecified, with SURE: 0.1619530425393331
Finished training EB misspecified, with in-sample MSE: 0.14600315205738942

 Training SURE of the models:
SURE-PM: 0.1619530425393331
NPMLE: 0.324015318316577
SURE-PM, NPMLE init: 0.16217434837713135
m: 2118
n: 100
experiment: c
Finished training EB misspecified with NPMLE init, with SURE: -0.013619382888920555
Finished training EB misspecified with NPMLE init, with in-sample MSE: 0.04942833922241524
Finished training EB misspecified, with SURE: -0.01360698942402685
Finished training EB misspecified, with in-sample MSE: 0.04942754155687682

 Training SURE of the models:
SURE-PM: -0.01360698942402685
NPMLE: 0.4850824121383323
SURE-PM, NPMLE init: -0.013619382888920555
experiment: d
Finished training EB misspecified with NPMLE init, with SURE: 0.0012339350130840111
Finished training EB misspecified with NPMLE init, with in-sample MSE: 0.0035693245107823375
Finished training EB misspecified, with SURE: 0.0012341820907018964
Finished training EB misspecified, with in-sample MSE: 0.003569294796746449

 Training SURE of the models:
SURE-PM: 0.0012341820907018964
NPMLE: 0.07035314933830226
SURE-PM, NPMLE init: 0.0012339350130840111
experiment: e
Finished training EB misspecified with NPMLE init, with SURE: 0.15051061741003
Finished training EB misspecified with NPMLE init, with in-sample MSE: 0.14448864398789033
Finished training EB misspecified, with SURE: 0.15051530287494783
Finished training EB misspecified, with in-sample MSE: 0.14449009183340897

 Training SURE of the models:
SURE-PM: 0.15051530287494783
NPMLE: 0.3864260038279792
SURE-PM, NPMLE init: 0.15051061741003
n: 400
experiment: c
Finished training EB misspecified with NPMLE init, with SURE: 0.08245320953501065
Finished training EB misspecified with NPMLE init, with in-sample MSE: 0.08290267572325365
Finished training EB misspecified, with SURE: 0.08249074693205884
Finished training EB misspecified, with in-sample MSE: 0.08293709453366688

 Training SURE of the models:
SURE-PM: 0.08249074693205884
NPMLE: 0.7571649883414517
SURE-PM, NPMLE init: 0.08245320953501065
experiment: d
Finished training EB misspecified with NPMLE init, with SURE: 0.01438899480127226
Finished training EB misspecified with NPMLE init, with in-sample MSE: 0.010026545900389231
Finished training EB misspecified, with SURE: 0.014641160177844377
Finished training EB misspecified, with in-sample MSE: 0.009642562476247197

 Training SURE of the models:
SURE-PM: 0.014641160177844377
NPMLE: 0.06937280718606759
SURE-PM, NPMLE init: 0.01438899480127226
experiment: e
Finished training EB misspecified with NPMLE init, with SURE: 0.15163584327807073
Finished training EB misspecified with NPMLE init, with in-sample MSE: 0.19543022810212005
Finished training EB misspecified, with SURE: 0.1516405665047185
Finished training EB misspecified, with in-sample MSE: 0.19541747623407102

 Training SURE of the models:
SURE-PM: 0.1516405665047185
NPMLE: 0.3464220999711559
SURE-PM, NPMLE init: 0.15163584327807073
m: 2119
n: 100
experiment: c
Finished training EB misspecified with NPMLE init, with SURE: 0.02020816813212811
Finished training EB misspecified with NPMLE init, with in-sample MSE: 0.08769238531766506
Finished training EB misspecified, with SURE: 0.020237882170101928
Finished training EB misspecified, with in-sample MSE: 0.08768498648674485

 Training SURE of the models:
SURE-PM: 0.020237882170101928
NPMLE: 0.5967011341897644
SURE-PM, NPMLE init: 0.02020816813212811
experiment: d
Finished training EB misspecified with NPMLE init, with SURE: -0.02105188592397049
Finished training EB misspecified with NPMLE init, with in-sample MSE: 0.00805196992149834
Finished training EB misspecified, with SURE: -0.02103860447793327
Finished training EB misspecified, with in-sample MSE: 0.008084521806196262

 Training SURE of the models:
SURE-PM: -0.02103860447793327
NPMLE: 0.03549470495376756
SURE-PM, NPMLE init: -0.02105188592397049
experiment: e
Finished training EB misspecified with NPMLE init, with SURE: 0.11257197930417814
Finished training EB misspecified with NPMLE init, with in-sample MSE: 0.24796712065572993
Finished training EB misspecified, with SURE: 0.11257900081130603
Finished training EB misspecified, with in-sample MSE: 0.24793159702920112

 Training SURE of the models:
SURE-PM: 0.11257900081130603
NPMLE: 0.2994561321068687
SURE-PM, NPMLE init: 0.11257197930417814
n: 400
experiment: c
Finished training EB misspecified with NPMLE init, with SURE: 0.04329365067878122
Finished training EB misspecified with NPMLE init, with in-sample MSE: 0.06117719805164343
Finished training EB misspecified, with SURE: 0.043317720315169124
Finished training EB misspecified, with in-sample MSE: 0.06116479290011106

 Training SURE of the models:
SURE-PM: 0.043317720315169124
NPMLE: 0.5919748113585444
SURE-PM, NPMLE init: 0.04329365067878122
experiment: d
Finished training EB misspecified with NPMLE init, with SURE: 0.004037991409667292
Finished training EB misspecified with NPMLE init, with in-sample MSE: 0.00978144412318004
Finished training EB misspecified, with SURE: 0.0040398707618997595
Finished training EB misspecified, with in-sample MSE: 0.00978149395278445

 Training SURE of the models:
SURE-PM: 0.0040398707618997595
NPMLE: 0.050838018082937426
SURE-PM, NPMLE init: 0.004037991409667292
experiment: e
Finished training EB misspecified with NPMLE init, with SURE: 0.14312172901538098
Finished training EB misspecified with NPMLE init, with in-sample MSE: 0.16167861912160653
Finished training EB misspecified, with SURE: 0.14353277865025413
Finished training EB misspecified, with in-sample MSE: 0.1633431181781748

 Training SURE of the models:
SURE-PM: 0.14353277865025413
NPMLE: 0.33661876505449273
SURE-PM, NPMLE init: 0.14312172901538098
m: 2120
n: 100
experiment: c
Finished training EB misspecified with NPMLE init, with SURE: 0.11945787701559667
Finished training EB misspecified with NPMLE init, with in-sample MSE: 0.08962989747259381
Finished training EB misspecified, with SURE: 0.11902170754462774
Finished training EB misspecified, with in-sample MSE: 0.09595084608040232

 Training SURE of the models:
SURE-PM: 0.11902170754462774
NPMLE: 0.8445193055651476
SURE-PM, NPMLE init: 0.11945787701559667
experiment: d
Finished training EB misspecified with NPMLE init, with SURE: -0.02640044321927702
Finished training EB misspecified with NPMLE init, with in-sample MSE: 0.015182188248317428
Finished training EB misspecified, with SURE: -0.02639976796157338
Finished training EB misspecified, with in-sample MSE: 0.015181531883037802

 Training SURE of the models:
SURE-PM: -0.02639976796157338
NPMLE: 0.17680717169329488
SURE-PM, NPMLE init: -0.02640044321927702
experiment: e
Finished training EB misspecified with NPMLE init, with SURE: 0.12463682135193878
Finished training EB misspecified with NPMLE init, with in-sample MSE: 0.2777749747377653
Finished training EB misspecified, with SURE: 0.1246631018601505
Finished training EB misspecified, with in-sample MSE: 0.2778993218566035

 Training SURE of the models:
SURE-PM: 0.1246631018601505
NPMLE: 0.3131453246027025
SURE-PM, NPMLE init: 0.12463682135193878
n: 400
experiment: c
Finished training EB misspecified with NPMLE init, with SURE: 0.026589993123885308
Finished training EB misspecified with NPMLE init, with in-sample MSE: 0.05839702433656461
Finished training EB misspecified, with SURE: 0.026593722578401043
Finished training EB misspecified, with in-sample MSE: 0.0583987039956662

 Training SURE of the models:
SURE-PM: 0.026593722578401043
NPMLE: 0.22511293496771045
SURE-PM, NPMLE init: 0.026589993123885308
experiment: d
Finished training EB misspecified with NPMLE init, with SURE: -0.007118560212643299
Finished training EB misspecified with NPMLE init, with in-sample MSE: 0.008806782183417952
Finished training EB misspecified, with SURE: -0.007117375195721732
Finished training EB misspecified, with in-sample MSE: 0.008804100924373125

 Training SURE of the models:
SURE-PM: -0.007117375195721732
NPMLE: 0.0457790872356701
SURE-PM, NPMLE init: -0.007118560212643299
experiment: e
Finished training EB misspecified with NPMLE init, with SURE: 0.18206290055905341
Finished training EB misspecified with NPMLE init, with in-sample MSE: 0.17419308591936405
Finished training EB misspecified, with SURE: 0.18206451428054138
Finished training EB misspecified, with in-sample MSE: 0.17419603486332252

 Training SURE of the models:
SURE-PM: 0.18206451428054138
NPMLE: 0.31454222352735894
SURE-PM, NPMLE init: 0.18206290055905341
m: 2121
n: 100
experiment: c
Finished training EB misspecified with NPMLE init, with SURE: 0.011899011113675187
Finished training EB misspecified with NPMLE init, with in-sample MSE: 0.06039091045714997
Finished training EB misspecified, with SURE: 0.011907679584537619
Finished training EB misspecified, with in-sample MSE: 0.06039457753950399

 Training SURE of the models:
SURE-PM: 0.011907679584537619
NPMLE: 1.0943788893723538
SURE-PM, NPMLE init: 0.011899011113675187
experiment: d
Finished training EB misspecified with NPMLE init, with SURE: 0.027445263651613913
Finished training EB misspecified with NPMLE init, with in-sample MSE: 0.013529342307704329
Finished training EB misspecified, with SURE: 0.027314701623065114
Finished training EB misspecified, with in-sample MSE: 0.013027217539138936

 Training SURE of the models:
SURE-PM: 0.027314701623065114
NPMLE: 0.08242885900552314
SURE-PM, NPMLE init: 0.027445263651613913
experiment: e
Finished training EB misspecified with NPMLE init, with SURE: 0.14786828947019307
Finished training EB misspecified with NPMLE init, with in-sample MSE: 0.22375424809455732
Finished training EB misspecified, with SURE: 0.1478735828378257
Finished training EB misspecified, with in-sample MSE: 0.22376503325715494

 Training SURE of the models:
SURE-PM: 0.1478735828378257
NPMLE: 0.3047687570152061
SURE-PM, NPMLE init: 0.14786828947019307
n: 400
experiment: c
Finished training EB misspecified with NPMLE init, with SURE: -0.04216897423005804
Finished training EB misspecified with NPMLE init, with in-sample MSE: 0.0725271386247221
Finished training EB misspecified, with SURE: -0.04212182406577533
Finished training EB misspecified, with in-sample MSE: 0.07270639685791912

 Training SURE of the models:
SURE-PM: -0.04212182406577533
NPMLE: 0.19971033693801288
SURE-PM, NPMLE init: -0.04216897423005804
experiment: d
Finished training EB misspecified with NPMLE init, with SURE: 0.014386411692509907
Finished training EB misspecified with NPMLE init, with in-sample MSE: 0.008542432063343713
Finished training EB misspecified, with SURE: 0.01438603764012381
Finished training EB misspecified, with in-sample MSE: 0.008544536843257833

 Training SURE of the models:
SURE-PM: 0.01438603764012381
NPMLE: 0.23787129449179126
SURE-PM, NPMLE init: 0.014386411692509907
experiment: e
Finished training EB misspecified with NPMLE init, with SURE: 0.17065970291928367
Finished training EB misspecified with NPMLE init, with in-sample MSE: 0.1811111038701976
Finished training EB misspecified, with SURE: 0.16984080524354694
Finished training EB misspecified, with in-sample MSE: 0.17394225446706418

 Training SURE of the models:
SURE-PM: 0.16984080524354694
NPMLE: 0.3029588306825731
SURE-PM, NPMLE init: 0.17065970291928367
m: 2122
n: 100
experiment: c
Finished training EB misspecified with NPMLE init, with SURE: -0.007799731391399405
Finished training EB misspecified with NPMLE init, with in-sample MSE: 0.05610385878261646
Finished training EB misspecified, with SURE: -0.007798510390830558
Finished training EB misspecified, with in-sample MSE: 0.0561035375175479

 Training SURE of the models:
SURE-PM: -0.007798510390830558
NPMLE: 0.5022722540483817
SURE-PM, NPMLE init: -0.007799731391399405
experiment: d
Finished training EB misspecified with NPMLE init, with SURE: 0.03495074286085423
Finished training EB misspecified with NPMLE init, with in-sample MSE: 0.023008692836123935
Finished training EB misspecified, with SURE: 0.03495222405468994
Finished training EB misspecified, with in-sample MSE: 0.02300757235246833

 Training SURE of the models:
SURE-PM: 0.03495222405468994
NPMLE: 0.05867295454127728
SURE-PM, NPMLE init: 0.03495074286085423
experiment: e
Finished training EB misspecified with NPMLE init, with SURE: 0.13281299434776891
Finished training EB misspecified with NPMLE init, with in-sample MSE: 0.33303966645687283
Finished training EB misspecified, with SURE: 0.13282103594952802
Finished training EB misspecified, with in-sample MSE: 0.3332307820819736

 Training SURE of the models:
SURE-PM: 0.13282103594952802
NPMLE: 0.18717152930875203
SURE-PM, NPMLE init: 0.13281299434776891
n: 400
experiment: c
Finished training EB misspecified with NPMLE init, with SURE: 0.06220911735556442
Finished training EB misspecified with NPMLE init, with in-sample MSE: 0.055208047649316354
Finished training EB misspecified, with SURE: 0.06227120537674466
Finished training EB misspecified, with in-sample MSE: 0.05526558493125612

 Training SURE of the models:
SURE-PM: 0.06227120537674466
NPMLE: 0.499883138828003
SURE-PM, NPMLE init: 0.06220911735556442
experiment: d
Finished training EB misspecified with NPMLE init, with SURE: 0.004045471277345723
Finished training EB misspecified with NPMLE init, with in-sample MSE: 0.009320280639016026
Finished training EB misspecified, with SURE: 0.00406631450655425
Finished training EB misspecified, with in-sample MSE: 0.009457369263744304

 Training SURE of the models:
SURE-PM: 0.00406631450655425
NPMLE: 0.12088376334422256
SURE-PM, NPMLE init: 0.004045471277345723
experiment: e
Finished training EB misspecified with NPMLE init, with SURE: 0.1783000894873189
Finished training EB misspecified with NPMLE init, with in-sample MSE: 0.17820131923454546
Finished training EB misspecified, with SURE: 0.17830776074795682
Finished training EB misspecified, with in-sample MSE: 0.17818079707189768

 Training SURE of the models:
SURE-PM: 0.17830776074795682
NPMLE: 0.29972218720496074
SURE-PM, NPMLE init: 0.1783000894873189
m: 2123
n: 100
experiment: c
Finished training EB misspecified with NPMLE init, with SURE: 0.058723722753278765
Finished training EB misspecified with NPMLE init, with in-sample MSE: 0.05674136314745905
Finished training EB misspecified, with SURE: 0.05873599861640983
Finished training EB misspecified, with in-sample MSE: 0.05669214768107231

 Training SURE of the models:
SURE-PM: 0.05873599861640983
NPMLE: 0.7544812562604615
SURE-PM, NPMLE init: 0.058723722753278765
experiment: d
Finished training EB misspecified with NPMLE init, with SURE: 0.03619479650441502
Finished training EB misspecified with NPMLE init, with in-sample MSE: 0.012078883460354139
Finished training EB misspecified, with SURE: 0.03619569203796555
Finished training EB misspecified, with in-sample MSE: 0.012062534132827969

 Training SURE of the models:
SURE-PM: 0.03619569203796555
NPMLE: 0.2892360089595365
SURE-PM, NPMLE init: 0.03619479650441502
experiment: e
Finished training EB misspecified with NPMLE init, with SURE: 0.14418342426775974
Finished training EB misspecified with NPMLE init, with in-sample MSE: 0.23366925813921496
Finished training EB misspecified, with SURE: 0.14418953786884559
Finished training EB misspecified, with in-sample MSE: 0.23368609378965277

 Training SURE of the models:
SURE-PM: 0.14418953786884559
NPMLE: 0.32805663643194644
SURE-PM, NPMLE init: 0.14418342426775974
n: 400
experiment: c
Finished training EB misspecified with NPMLE init, with SURE: 0.04138646574730515
Finished training EB misspecified with NPMLE init, with in-sample MSE: 0.08028220068633476
Finished training EB misspecified, with SURE: 0.05798955957378631
Finished training EB misspecified, with in-sample MSE: 0.04976693812814953

 Training SURE of the models:
SURE-PM: 0.05798955957378631
NPMLE: 0.8981937015870392
SURE-PM, NPMLE init: 0.04138646574730515
experiment: d
Finished training EB misspecified with NPMLE init, with SURE: 0.006096768719853003
Finished training EB misspecified with NPMLE init, with in-sample MSE: 0.011581173169900448
Finished training EB misspecified, with SURE: 0.0061032541456657085
Finished training EB misspecified, with in-sample MSE: 0.01155224956548473

 Training SURE of the models:
SURE-PM: 0.0061032541456657085
NPMLE: 0.03874515335401817
SURE-PM, NPMLE init: 0.006096768719853003
experiment: e
Finished training EB misspecified with NPMLE init, with SURE: 0.14754163798014755
Finished training EB misspecified with NPMLE init, with in-sample MSE: 0.1936051310704365
Finished training EB misspecified, with SURE: 0.14694264467980372
Finished training EB misspecified, with in-sample MSE: 0.19685215474681161

 Training SURE of the models:
SURE-PM: 0.14694264467980372
NPMLE: 0.2963144235430852
SURE-PM, NPMLE init: 0.14754163798014755
m: 2124
n: 100
experiment: c
Finished training EB misspecified with NPMLE init, with SURE: -0.020546568948013544
Finished training EB misspecified with NPMLE init, with in-sample MSE: 0.12441652920055184
Finished training EB misspecified, with SURE: 0.014070648037334195
Finished training EB misspecified, with in-sample MSE: 0.06153285499078115

 Training SURE of the models:
SURE-PM: 0.014070648037334195
NPMLE: 0.9258530579129018
SURE-PM, NPMLE init: -0.020546568948013544
experiment: d
Finished training EB misspecified with NPMLE init, with SURE: -0.012660567700970323
Finished training EB misspecified with NPMLE init, with in-sample MSE: 0.004396277971409154
Finished training EB misspecified, with SURE: -0.012660056087505166
Finished training EB misspecified, with in-sample MSE: 0.004396170058749105

 Training SURE of the models:
SURE-PM: -0.012660056087505166
NPMLE: -0.0021789103931927835
SURE-PM, NPMLE init: -0.012660567700970323
experiment: e
Finished training EB misspecified with NPMLE init, with SURE: 0.14081061784228374
Finished training EB misspecified with NPMLE init, with in-sample MSE: 0.16973916826714575
Finished training EB misspecified, with SURE: 0.14081523639533644
Finished training EB misspecified, with in-sample MSE: 0.16972006821986707

 Training SURE of the models:
SURE-PM: 0.14081523639533644
NPMLE: 0.309857447961872
SURE-PM, NPMLE init: 0.14081061784228374
n: 400
experiment: c
Finished training EB misspecified with NPMLE init, with SURE: 0.03997963150892502
Finished training EB misspecified with NPMLE init, with in-sample MSE: 0.07223104325101501
Finished training EB misspecified, with SURE: 0.03999153623904966
Finished training EB misspecified, with in-sample MSE: 0.07217861697060292

 Training SURE of the models:
SURE-PM: 0.03999153623904966
NPMLE: 0.9303453515376922
SURE-PM, NPMLE init: 0.03997963150892502
experiment: d
Finished training EB misspecified with NPMLE init, with SURE: 0.005670190144929706
Finished training EB misspecified with NPMLE init, with in-sample MSE: 0.004153999583425409
Finished training EB misspecified, with SURE: 0.005670252184250515
Finished training EB misspecified, with in-sample MSE: 0.004154047718888195

 Training SURE of the models:
SURE-PM: 0.005670252184250515
NPMLE: 0.03494492683030462
SURE-PM, NPMLE init: 0.005670190144929706
experiment: e
Finished training EB misspecified with NPMLE init, with SURE: 0.16906433181232258
Finished training EB misspecified with NPMLE init, with in-sample MSE: 0.18390752786089373
Finished training EB misspecified, with SURE: 0.16906680386729947
Finished training EB misspecified, with in-sample MSE: 0.18390901786913577

 Training SURE of the models:
SURE-PM: 0.16906680386729947
NPMLE: 0.3209801163732145
SURE-PM, NPMLE init: 0.16906433181232258
m: 2125
n: 100
experiment: c
Finished training EB misspecified with NPMLE init, with SURE: 0.000623388526447286
Finished training EB misspecified with NPMLE init, with in-sample MSE: 0.1281597922545041
Finished training EB misspecified, with SURE: 0.0006241476947349156
Finished training EB misspecified, with in-sample MSE: 0.12821530500726686

 Training SURE of the models:
SURE-PM: 0.0006241476947349156
NPMLE: 1.0403898291290452
SURE-PM, NPMLE init: 0.000623388526447286
experiment: d
Finished training EB misspecified with NPMLE init, with SURE: 0.008746439979194403
Finished training EB misspecified with NPMLE init, with in-sample MSE: 0.03098383496459281
Finished training EB misspecified, with SURE: 0.00874738875489209
Finished training EB misspecified, with in-sample MSE: 0.030986750789521716

 Training SURE of the models:
SURE-PM: 0.00874738875489209
NPMLE: 0.03679615249044412
SURE-PM, NPMLE init: 0.008746439979194403
experiment: e
Finished training EB misspecified with NPMLE init, with SURE: 0.1723308159015326
Finished training EB misspecified with NPMLE init, with in-sample MSE: 0.2601322424712973
Finished training EB misspecified, with SURE: 0.1723380854424484
Finished training EB misspecified, with in-sample MSE: 0.26012087828481617

 Training SURE of the models:
SURE-PM: 0.1723380854424484
NPMLE: 0.29282194686903174
SURE-PM, NPMLE init: 0.1723308159015326
n: 400
experiment: c
Finished training EB misspecified with NPMLE init, with SURE: 0.034575455457003204
Finished training EB misspecified with NPMLE init, with in-sample MSE: 0.0516503607781927
Finished training EB misspecified, with SURE: 0.03457718995563298
Finished training EB misspecified, with in-sample MSE: 0.05165042110935982

 Training SURE of the models:
SURE-PM: 0.03457718995563298
NPMLE: 0.5400545277284777
SURE-PM, NPMLE init: 0.034575455457003204
experiment: d
Finished training EB misspecified with NPMLE init, with SURE: 0.014326372962645877
Finished training EB misspecified with NPMLE init, with in-sample MSE: 0.005171706755896479
Finished training EB misspecified, with SURE: 0.014326688984444919
Finished training EB misspecified, with in-sample MSE: 0.00517162910212039

 Training SURE of the models:
SURE-PM: 0.014326688984444919
NPMLE: 0.11156262185485058
SURE-PM, NPMLE init: 0.014326372962645877
experiment: e
Finished training EB misspecified with NPMLE init, with SURE: 0.1722178235546859
Finished training EB misspecified with NPMLE init, with in-sample MSE: 0.2042265269386441
Finished training EB misspecified, with SURE: 0.17222716480939432
Finished training EB misspecified, with in-sample MSE: 0.2042855495584493

 Training SURE of the models:
SURE-PM: 0.17222716480939432
NPMLE: 0.26618115207742926
SURE-PM, NPMLE init: 0.1722178235546859
m: 2126
n: 100
experiment: c
Finished training EB misspecified with NPMLE init, with SURE: 0.07427026869876606
Finished training EB misspecified with NPMLE init, with in-sample MSE: 0.05875434445297281
Finished training EB misspecified, with SURE: 0.06897141611007207
Finished training EB misspecified, with in-sample MSE: 0.07199731115111892

 Training SURE of the models:
SURE-PM: 0.06897141611007207
NPMLE: 0.7225222443193731
SURE-PM, NPMLE init: 0.07427026869876606
experiment: d
Finished training EB misspecified with NPMLE init, with SURE: -0.005827444808236742
Finished training EB misspecified with NPMLE init, with in-sample MSE: 0.012516175092128183
Finished training EB misspecified, with SURE: -0.0058270645576334705
Finished training EB misspecified, with in-sample MSE: 0.012516030781507677

 Training SURE of the models:
SURE-PM: -0.0058270645576334705
NPMLE: -0.0030925101678594123
SURE-PM, NPMLE init: -0.005827444808236742
experiment: e
Finished training EB misspecified with NPMLE init, with SURE: 0.08583124950213473
Finished training EB misspecified with NPMLE init, with in-sample MSE: 0.14679403509187947
Finished training EB misspecified, with SURE: 0.08582465785961794
Finished training EB misspecified, with in-sample MSE: 0.1467842200834738

 Training SURE of the models:
SURE-PM: 0.08582465785961794
NPMLE: 0.381253094200562
SURE-PM, NPMLE init: 0.08583124950213473
n: 400
experiment: c
Finished training EB misspecified with NPMLE init, with SURE: 0.05849549682019933
Finished training EB misspecified with NPMLE init, with in-sample MSE: 0.06027899585256119
Finished training EB misspecified, with SURE: 0.058498362555663166
Finished training EB misspecified, with in-sample MSE: 0.06027823463780682

 Training SURE of the models:
SURE-PM: 0.058498362555663166
NPMLE: 0.4315706871406724
SURE-PM, NPMLE init: 0.05849549682019933
experiment: d
Finished training EB misspecified with NPMLE init, with SURE: 0.008071960944304308
Finished training EB misspecified with NPMLE init, with in-sample MSE: 0.006940269380916361
Finished training EB misspecified, with SURE: 0.008076876898785184
Finished training EB misspecified, with in-sample MSE: 0.006918285280616857

 Training SURE of the models:
SURE-PM: 0.008076876898785184
NPMLE: 0.07309924517541411
SURE-PM, NPMLE init: 0.008071960944304308
experiment: e
Finished training EB misspecified with NPMLE init, with SURE: 0.17293906577944623
Finished training EB misspecified with NPMLE init, with in-sample MSE: 0.17107106616660384
Finished training EB misspecified, with SURE: 0.1729453108594478
Finished training EB misspecified, with in-sample MSE: 0.1710744959622302

 Training SURE of the models:
SURE-PM: 0.1729453108594478
NPMLE: 0.3000158621965152
SURE-PM, NPMLE init: 0.17293906577944623
m: 2127
n: 100
experiment: c
Finished training EB misspecified with NPMLE init, with SURE: -0.060477537253895264
Finished training EB misspecified with NPMLE init, with in-sample MSE: 0.06798395018791509
Finished training EB misspecified, with SURE: -0.06048614597611625
Finished training EB misspecified, with in-sample MSE: 0.06799093428833126

 Training SURE of the models:
SURE-PM: -0.06048614597611625
NPMLE: 0.3152176447423415
SURE-PM, NPMLE init: -0.060477537253895264
experiment: d
Finished training EB misspecified with NPMLE init, with SURE: -0.019502331416686065
Finished training EB misspecified with NPMLE init, with in-sample MSE: 0.0039371965566371205
Finished training EB misspecified, with SURE: -0.019501988890354625
Finished training EB misspecified, with in-sample MSE: 0.003937160161384695

 Training SURE of the models:
SURE-PM: -0.019501988890354625
NPMLE: 0.014199802205627278
SURE-PM, NPMLE init: -0.019502331416686065
experiment: e
Finished training EB misspecified with NPMLE init, with SURE: 0.10499558910243952
Finished training EB misspecified with NPMLE init, with in-sample MSE: 0.20157406710282488
Finished training EB misspecified, with SURE: 0.10499885065934951
Finished training EB misspecified, with in-sample MSE: 0.2016499935563621

 Training SURE of the models:
SURE-PM: 0.10499885065934951
NPMLE: 0.3184074395678262
SURE-PM, NPMLE init: 0.10499558910243952
n: 400
experiment: c
Finished training EB misspecified with NPMLE init, with SURE: 0.08700226045757901
Finished training EB misspecified with NPMLE init, with in-sample MSE: 0.061949089057764715
Finished training EB misspecified, with SURE: 0.08700427641732077
Finished training EB misspecified, with in-sample MSE: 0.06194661034591644

 Training SURE of the models:
SURE-PM: 0.08700427641732077
NPMLE: 0.787795428525824
SURE-PM, NPMLE init: 0.08700226045757901
experiment: d
Finished training EB misspecified with NPMLE init, with SURE: -0.0020269287140664716
Finished training EB misspecified with NPMLE init, with in-sample MSE: 0.004681809903743376
Finished training EB misspecified, with SURE: -0.0020234330259540556
Finished training EB misspecified, with in-sample MSE: 0.004681465320481357

 Training SURE of the models:
SURE-PM: -0.0020234330259540556
NPMLE: 0.000430586633025829
SURE-PM, NPMLE init: -0.0020269287140664716
experiment: e
Finished training EB misspecified with NPMLE init, with SURE: 0.17861114312821272
Finished training EB misspecified with NPMLE init, with in-sample MSE: 0.19573796378164587
Finished training EB misspecified, with SURE: 0.17861655938219356
Finished training EB misspecified, with in-sample MSE: 0.19574680452191454

 Training SURE of the models:
SURE-PM: 0.17861655938219356
NPMLE: 0.28933383153083025
SURE-PM, NPMLE init: 0.17861114312821272
m: 2128
n: 100
experiment: c
Finished training EB misspecified with NPMLE init, with SURE: 0.029948692367275386
Finished training EB misspecified with NPMLE init, with in-sample MSE: 0.062333301041019175
Finished training EB misspecified, with SURE: 0.029175173179341627
Finished training EB misspecified, with in-sample MSE: 0.07027049717647119

 Training SURE of the models:
SURE-PM: 0.029175173179341627
NPMLE: 0.6757530340826793
SURE-PM, NPMLE init: 0.029948692367275386
experiment: d
Finished training EB misspecified with NPMLE init, with SURE: 0.010471730709171024
Finished training EB misspecified with NPMLE init, with in-sample MSE: 0.01022715829223685
Finished training EB misspecified, with SURE: 0.010473798744980166
Finished training EB misspecified, with in-sample MSE: 0.010226600949016704

 Training SURE of the models:
SURE-PM: 0.010473798744980166
NPMLE: 0.10778602731429572
SURE-PM, NPMLE init: 0.010471730709171024
experiment: e
Finished training EB misspecified with NPMLE init, with SURE: 0.0680653797185373
Finished training EB misspecified with NPMLE init, with in-sample MSE: 0.24766909866872527
Finished training EB misspecified, with SURE: 0.06788300159321409
Finished training EB misspecified, with in-sample MSE: 0.243292367813157

 Training SURE of the models:
SURE-PM: 0.06788300159321409
NPMLE: 0.28026544077173804
SURE-PM, NPMLE init: 0.0680653797185373
n: 400
experiment: c
Finished training EB misspecified with NPMLE init, with SURE: 0.031927136612983915
Finished training EB misspecified with NPMLE init, with in-sample MSE: 0.10993023795242672
Finished training EB misspecified, with SURE: 0.03191932128830317
Finished training EB misspecified, with in-sample MSE: 0.10935352063527728

 Training SURE of the models:
SURE-PM: 0.03191932128830317
NPMLE: 1.0307416518942145
SURE-PM, NPMLE init: 0.031927136612983915
experiment: d
Finished training EB misspecified with NPMLE init, with SURE: 0.01798655764803497
Finished training EB misspecified with NPMLE init, with in-sample MSE: 0.007167230176029296
Finished training EB misspecified, with SURE: 0.017986219149408227
Finished training EB misspecified, with in-sample MSE: 0.007167962134516187

 Training SURE of the models:
SURE-PM: 0.017986219149408227
NPMLE: 0.1480141267290068
SURE-PM, NPMLE init: 0.01798655764803497
experiment: e
Finished training EB misspecified with NPMLE init, with SURE: 0.15231516933185532
Finished training EB misspecified with NPMLE init, with in-sample MSE: 0.18670822872232218
Finished training EB misspecified, with SURE: 0.15232183609325312
Finished training EB misspecified, with in-sample MSE: 0.18679589564657012

 Training SURE of the models:
SURE-PM: 0.15232183609325312
NPMLE: 0.35353441484331083
SURE-PM, NPMLE init: 0.15231516933185532
m: 2129
n: 100
experiment: c
Finished training EB misspecified with NPMLE init, with SURE: -0.03791160487635324
Finished training EB misspecified with NPMLE init, with in-sample MSE: 0.10010103765323962
Finished training EB misspecified, with SURE: -0.037902109057010025
Finished training EB misspecified, with in-sample MSE: 0.10012828875261741

 Training SURE of the models:
SURE-PM: -0.037902109057010025
NPMLE: 0.7366538466539078
SURE-PM, NPMLE init: -0.03791160487635324
experiment: d
Finished training EB misspecified with NPMLE init, with SURE: 0.010668992120858985
Finished training EB misspecified with NPMLE init, with in-sample MSE: 0.005633027315956543
Finished training EB misspecified, with SURE: 0.010669174755653685
Finished training EB misspecified, with in-sample MSE: 0.005632944097512266

 Training SURE of the models:
SURE-PM: 0.010669174755653685
NPMLE: 0.044679229267575005
SURE-PM, NPMLE init: 0.010668992120858985
experiment: e
Finished training EB misspecified with NPMLE init, with SURE: 0.1567088812944957
Finished training EB misspecified with NPMLE init, with in-sample MSE: 0.1345998796167544
Finished training EB misspecified, with SURE: 0.1567134115116131
Finished training EB misspecified, with in-sample MSE: 0.13459402254242528

 Training SURE of the models:
SURE-PM: 0.1567134115116131
NPMLE: 0.33639115858453633
SURE-PM, NPMLE init: 0.1567088812944957
n: 400
experiment: c
Finished training EB misspecified with NPMLE init, with SURE: 0.028419898398524667
Finished training EB misspecified with NPMLE init, with in-sample MSE: 0.05835113291021379
Finished training EB misspecified, with SURE: 0.02839905268855219
Finished training EB misspecified, with in-sample MSE: 0.05857021918549335

 Training SURE of the models:
SURE-PM: 0.02839905268855219
NPMLE: 0.6929210736793239
SURE-PM, NPMLE init: 0.028419898398524667
experiment: d
Finished training EB misspecified with NPMLE init, with SURE: -0.005649123955823932
Finished training EB misspecified with NPMLE init, with in-sample MSE: 0.004018360259795242
Finished training EB misspecified, with SURE: -0.005649000457207993
Finished training EB misspecified, with in-sample MSE: 0.004021445417668213

 Training SURE of the models:
SURE-PM: -0.005649000457207993
NPMLE: 0.0018433217983988115
SURE-PM, NPMLE init: -0.005649123955823932
experiment: e
Finished training EB misspecified with NPMLE init, with SURE: 0.168758921716301
Finished training EB misspecified with NPMLE init, with in-sample MSE: 0.1688197905297958
Finished training EB misspecified, with SURE: 0.16876470469484667
Finished training EB misspecified, with in-sample MSE: 0.16883501560856426

 Training SURE of the models:
SURE-PM: 0.16876470469484667
NPMLE: 0.31419593952037034
SURE-PM, NPMLE init: 0.168758921716301
m: 2130
n: 100
experiment: c
Finished training EB misspecified with NPMLE init, with SURE: 0.10259383580652397
Finished training EB misspecified with NPMLE init, with in-sample MSE: 0.09138871109478025
Finished training EB misspecified, with SURE: 0.10234379934197989
Finished training EB misspecified, with in-sample MSE: 0.08948797842980297

 Training SURE of the models:
SURE-PM: 0.10234379934197989
NPMLE: 0.7346444690508602
SURE-PM, NPMLE init: 0.10259383580652397
experiment: d
Finished training EB misspecified with NPMLE init, with SURE: 0.005660205010788442
Finished training EB misspecified with NPMLE init, with in-sample MSE: 0.007185462851330276
Finished training EB misspecified, with SURE: 0.005593735851294213
Finished training EB misspecified, with in-sample MSE: 0.007073138628237222

 Training SURE of the models:
SURE-PM: 0.005593735851294213
NPMLE: 0.09630410703122223
SURE-PM, NPMLE init: 0.005660205010788442
experiment: e
Finished training EB misspecified with NPMLE init, with SURE: 0.11977782073266358
Finished training EB misspecified with NPMLE init, with in-sample MSE: 0.19329364198332435
Finished training EB misspecified, with SURE: 0.11982231960857735
Finished training EB misspecified, with in-sample MSE: 0.1936635708286247

 Training SURE of the models:
SURE-PM: 0.11982231960857735
NPMLE: 0.3011926257975781
SURE-PM, NPMLE init: 0.11977782073266358
n: 400
experiment: c
Finished training EB misspecified with NPMLE init, with SURE: 0.09977063913901077
Finished training EB misspecified with NPMLE init, with in-sample MSE: 0.061797730558370796
Finished training EB misspecified, with SURE: 0.09981664021487376
Finished training EB misspecified, with in-sample MSE: 0.06183725768878289

 Training SURE of the models:
SURE-PM: 0.09981664021487376
NPMLE: 0.517885448908673
SURE-PM, NPMLE init: 0.09977063913901077
experiment: d
Finished training EB misspecified with NPMLE init, with SURE: 0.016076452019931794
Finished training EB misspecified with NPMLE init, with in-sample MSE: 0.008221122212712784
Finished training EB misspecified, with SURE: 0.017334293503057943
Finished training EB misspecified, with in-sample MSE: 0.0063155914404237215

 Training SURE of the models:
SURE-PM: 0.017334293503057943
NPMLE: 0.0697577587699739
SURE-PM, NPMLE init: 0.016076452019931794
experiment: e
Finished training EB misspecified with NPMLE init, with SURE: 0.1621184695206096
Finished training EB misspecified with NPMLE init, with in-sample MSE: 0.206755793985101
Finished training EB misspecified, with SURE: 0.16212591824754
Finished training EB misspecified, with in-sample MSE: 0.2066791725616908

 Training SURE of the models:
SURE-PM: 0.16212591824754
NPMLE: 0.306619569747104
SURE-PM, NPMLE init: 0.1621184695206096
m: 2131
n: 100
experiment: c
Finished training EB misspecified with NPMLE init, with SURE: -0.008730071211349895
Finished training EB misspecified with NPMLE init, with in-sample MSE: 0.07424163569953679
Finished training EB misspecified, with SURE: -0.008705102659663169
Finished training EB misspecified, with in-sample MSE: 0.07419278592894564

 Training SURE of the models:
SURE-PM: -0.008705102659663169
NPMLE: 0.6652185879163945
SURE-PM, NPMLE init: -0.008730071211349895
experiment: d
Finished training EB misspecified with NPMLE init, with SURE: 0.011808430381821325
Finished training EB misspecified with NPMLE init, with in-sample MSE: 0.011525309816065555
Finished training EB misspecified, with SURE: 0.011809399618793322
Finished training EB misspecified, with in-sample MSE: 0.011521776385514455

 Training SURE of the models:
SURE-PM: 0.011809399618793322
NPMLE: 0.035265838316230674
SURE-PM, NPMLE init: 0.011808430381821325
experiment: e
Finished training EB misspecified with NPMLE init, with SURE: 0.1431820114189408
Finished training EB misspecified with NPMLE init, with in-sample MSE: 0.19251698263385658
Finished training EB misspecified, with SURE: 0.14318999165770996
Finished training EB misspecified, with in-sample MSE: 0.19250925165794705

 Training SURE of the models:
SURE-PM: 0.14318999165770996
NPMLE: 0.3250199791877937
SURE-PM, NPMLE init: 0.1431820114189408
n: 400
experiment: c
Finished training EB misspecified with NPMLE init, with SURE: 0.04877248711930193
Finished training EB misspecified with NPMLE init, with in-sample MSE: 0.07475959528657176
Finished training EB misspecified, with SURE: 0.048779591087932776
Finished training EB misspecified, with in-sample MSE: 0.07474048142252437

 Training SURE of the models:
SURE-PM: 0.048779591087932776
NPMLE: 0.35253297161164987
SURE-PM, NPMLE init: 0.04877248711930193
experiment: d
Finished training EB misspecified with NPMLE init, with SURE: 0.008621920430397553
Finished training EB misspecified with NPMLE init, with in-sample MSE: 0.006710988401727553
Finished training EB misspecified, with SURE: 0.008620461655422833
Finished training EB misspecified, with in-sample MSE: 0.006712869911578372

 Training SURE of the models:
SURE-PM: 0.008620461655422833
NPMLE: 0.09445951960004464
SURE-PM, NPMLE init: 0.008621920430397553
experiment: e
Finished training EB misspecified with NPMLE init, with SURE: 0.14832433050092633
Finished training EB misspecified with NPMLE init, with in-sample MSE: 0.18806293281216124
Finished training EB misspecified, with SURE: 0.14835764748836566
Finished training EB misspecified, with in-sample MSE: 0.18853643733141037

 Training SURE of the models:
SURE-PM: 0.14835764748836566
NPMLE: 0.3111075821373978
SURE-PM, NPMLE init: 0.14832433050092633
m: 2132
n: 100
experiment: c
Finished training EB misspecified with NPMLE init, with SURE: -0.1247025153094225
Finished training EB misspecified with NPMLE init, with in-sample MSE: 0.06496574496325189
Finished training EB misspecified, with SURE: -0.12471109358739739
Finished training EB misspecified, with in-sample MSE: 0.06500554817966256

 Training SURE of the models:
SURE-PM: -0.12471109358739739
NPMLE: 0.187595388860463
SURE-PM, NPMLE init: -0.1247025153094225
experiment: d
Finished training EB misspecified with NPMLE init, with SURE: 0.019119863830197658
Finished training EB misspecified with NPMLE init, with in-sample MSE: 0.01494093908674099
Finished training EB misspecified, with SURE: 0.019120542382676627
Finished training EB misspecified, with in-sample MSE: 0.014942270471188705

 Training SURE of the models:
SURE-PM: 0.019120542382676627
NPMLE: 0.027870351459959065
SURE-PM, NPMLE init: 0.019119863830197658
experiment: e
Finished training EB misspecified with NPMLE init, with SURE: 0.12896349897722967
Finished training EB misspecified with NPMLE init, with in-sample MSE: 0.2028007079780021
Finished training EB misspecified, with SURE: 0.12896784156823596
Finished training EB misspecified, with in-sample MSE: 0.2028037884624847

 Training SURE of the models:
SURE-PM: 0.12896784156823596
NPMLE: 0.29041692899529586
SURE-PM, NPMLE init: 0.12896349897722967
n: 400
experiment: c
Finished training EB misspecified with NPMLE init, with SURE: 0.053835199049067695
Finished training EB misspecified with NPMLE init, with in-sample MSE: 0.048624909009148926
Finished training EB misspecified, with SURE: 0.05383899753239426
Finished training EB misspecified, with in-sample MSE: 0.04862556408905652

 Training SURE of the models:
SURE-PM: 0.05383899753239426
NPMLE: 0.5693988760472258
SURE-PM, NPMLE init: 0.053835199049067695
experiment: d
Finished training EB misspecified with NPMLE init, with SURE: 0.01936254055161875
Finished training EB misspecified with NPMLE init, with in-sample MSE: 0.008977178093563166
Finished training EB misspecified, with SURE: 0.019363108640306343
Finished training EB misspecified, with in-sample MSE: 0.008977126391172062

 Training SURE of the models:
SURE-PM: 0.019363108640306343
NPMLE: 0.05248826039367629
SURE-PM, NPMLE init: 0.01936254055161875
experiment: e
Finished training EB misspecified with NPMLE init, with SURE: 0.18031876904832245
Finished training EB misspecified with NPMLE init, with in-sample MSE: 0.19461931143566724
Finished training EB misspecified, with SURE: 0.18032964969522375
Finished training EB misspecified, with in-sample MSE: 0.19461379071998355

 Training SURE of the models:
SURE-PM: 0.18032964969522375
NPMLE: 0.30082304788146297
SURE-PM, NPMLE init: 0.18031876904832245
m: 2133
n: 100
experiment: c
Finished training EB misspecified with NPMLE init, with SURE: 0.04469607268108319
Finished training EB misspecified with NPMLE init, with in-sample MSE: 0.09839299837107635
Finished training EB misspecified, with SURE: 0.04471927209112046
Finished training EB misspecified, with in-sample MSE: 0.09846727627349758

 Training SURE of the models:
SURE-PM: 0.04471927209112046
NPMLE: 0.7827845316403651
SURE-PM, NPMLE init: 0.04469607268108319
experiment: d
Finished training EB misspecified with NPMLE init, with SURE: -0.007094926514429627
Finished training EB misspecified with NPMLE init, with in-sample MSE: 0.008891371610998256
Finished training EB misspecified, with SURE: -0.007094849576452056
Finished training EB misspecified, with in-sample MSE: 0.008891100287375147

 Training SURE of the models:
SURE-PM: -0.007094849576452056
NPMLE: 0.016339660082301144
SURE-PM, NPMLE init: -0.007094926514429627
experiment: e
Finished training EB misspecified with NPMLE init, with SURE: 0.1266849240534196
Finished training EB misspecified with NPMLE init, with in-sample MSE: 0.17425810099297667
Finished training EB misspecified, with SURE: 0.12668138525323766
Finished training EB misspecified, with in-sample MSE: 0.17454958063017692

 Training SURE of the models:
SURE-PM: 0.12668138525323766
NPMLE: 0.329914868837855
SURE-PM, NPMLE init: 0.1266849240534196
n: 400
experiment: c
Finished training EB misspecified with NPMLE init, with SURE: 0.0904184323754145
Finished training EB misspecified with NPMLE init, with in-sample MSE: 0.06426883380583308
Finished training EB misspecified, with SURE: 0.09048118495908945
Finished training EB misspecified, with in-sample MSE: 0.0642591437951087

 Training SURE of the models:
SURE-PM: 0.09048118495908945
NPMLE: 0.9485328021597573
SURE-PM, NPMLE init: 0.0904184323754145
experiment: d
Finished training EB misspecified with NPMLE init, with SURE: 0.004219291527096676
Finished training EB misspecified with NPMLE init, with in-sample MSE: 0.04180463688404995
Finished training EB misspecified, with SURE: 0.004234524754877605
Finished training EB misspecified, with in-sample MSE: 0.041847847458949324

 Training SURE of the models:
SURE-PM: 0.004234524754877605
NPMLE: 0.11237583445916059
SURE-PM, NPMLE init: 0.004219291527096676
experiment: e
Finished training EB misspecified with NPMLE init, with SURE: 0.15673069455729638
Finished training EB misspecified with NPMLE init, with in-sample MSE: 0.20598870012059384
Finished training EB misspecified, with SURE: 0.156739291823019
Finished training EB misspecified, with in-sample MSE: 0.20597728695412246

 Training SURE of the models:
SURE-PM: 0.156739291823019
NPMLE: 0.29445598315563
SURE-PM, NPMLE init: 0.15673069455729638
m: 2134
n: 100
experiment: c
Finished training EB misspecified with NPMLE init, with SURE: 0.03986929763383799
Finished training EB misspecified with NPMLE init, with in-sample MSE: 0.06846315199626889
Finished training EB misspecified, with SURE: 0.03987493983455536
Finished training EB misspecified, with in-sample MSE: 0.06848647729662662

 Training SURE of the models:
SURE-PM: 0.03987493983455536
NPMLE: 0.3415045770936962
SURE-PM, NPMLE init: 0.03986929763383799
experiment: d
Finished training EB misspecified with NPMLE init, with SURE: 0.023311282527698474
Finished training EB misspecified with NPMLE init, with in-sample MSE: 0.007013831648540748
Finished training EB misspecified, with SURE: 0.023311600681536895
Finished training EB misspecified, with in-sample MSE: 0.007010754365985066

 Training SURE of the models:
SURE-PM: 0.023311600681536895
NPMLE: 0.08647075218219914
SURE-PM, NPMLE init: 0.023311282527698474
experiment: e
Finished training EB misspecified with NPMLE init, with SURE: 0.137965839282313
Finished training EB misspecified with NPMLE init, with in-sample MSE: 0.20882349120873575
Finished training EB misspecified, with SURE: 0.13797216892386324
Finished training EB misspecified, with in-sample MSE: 0.20911203524403596

 Training SURE of the models:
SURE-PM: 0.13797216892386324
NPMLE: 0.3239963278127613
SURE-PM, NPMLE init: 0.137965839282313
n: 400
experiment: c
Finished training EB misspecified with NPMLE init, with SURE: 0.017599365831809096
Finished training EB misspecified with NPMLE init, with in-sample MSE: 0.05293828871722605
Finished training EB misspecified, with SURE: 0.01767523807203169
Finished training EB misspecified, with in-sample MSE: 0.05294135432103547

 Training SURE of the models:
SURE-PM: 0.01767523807203169
NPMLE: 0.5747877749612632
SURE-PM, NPMLE init: 0.017599365831809096
experiment: d
Finished training EB misspecified with NPMLE init, with SURE: 0.01608843534880986
Finished training EB misspecified with NPMLE init, with in-sample MSE: 0.03036192313116976
Finished training EB misspecified, with SURE: 0.016094347677323685
Finished training EB misspecified, with in-sample MSE: 0.030374329858526332

 Training SURE of the models:
SURE-PM: 0.016094347677323685
NPMLE: 0.15149524117977597
SURE-PM, NPMLE init: 0.01608843534880986
experiment: e
Finished training EB misspecified with NPMLE init, with SURE: 0.16692188782106787
Finished training EB misspecified with NPMLE init, with in-sample MSE: 0.21409779840054116
Finished training EB misspecified, with SURE: 0.16692983219601862
Finished training EB misspecified, with in-sample MSE: 0.21411903451948328

 Training SURE of the models:
SURE-PM: 0.16692983219601862
NPMLE: 0.3147477753686778
SURE-PM, NPMLE init: 0.16692188782106787
m: 2135
n: 100
experiment: c
Finished training EB misspecified with NPMLE init, with SURE: 0.005082952333632917
Finished training EB misspecified with NPMLE init, with in-sample MSE: 0.1537673243340592
Finished training EB misspecified, with SURE: 0.010231120947716547
Finished training EB misspecified, with in-sample MSE: 0.1634152024271209

 Training SURE of the models:
SURE-PM: 0.010231120947716547
NPMLE: 0.8247766532625842
SURE-PM, NPMLE init: 0.005082952333632917
experiment: d
Finished training EB misspecified with NPMLE init, with SURE: -0.01627353228580313
Finished training EB misspecified with NPMLE init, with in-sample MSE: 0.014689260803286133
Finished training EB misspecified, with SURE: -0.01627174162528032
Finished training EB misspecified, with in-sample MSE: 0.014684365720441017

 Training SURE of the models:
SURE-PM: -0.01627174162528032
NPMLE: 0.018985395127756224
SURE-PM, NPMLE init: -0.01627353228580313
experiment: e
Finished training EB misspecified with NPMLE init, with SURE: 0.17165988441727295
Finished training EB misspecified with NPMLE init, with in-sample MSE: 0.21616979796530175
Finished training EB misspecified, with SURE: 0.17167181331400883
Finished training EB misspecified, with in-sample MSE: 0.2161520271791953

 Training SURE of the models:
SURE-PM: 0.17167181331400883
NPMLE: 0.2762319216239066
SURE-PM, NPMLE init: 0.17165988441727295
n: 400
experiment: c
Finished training EB misspecified with NPMLE init, with SURE: 0.07998189153435739
Finished training EB misspecified with NPMLE init, with in-sample MSE: 0.05742450038577874
Finished training EB misspecified, with SURE: 0.07999353522136617
Finished training EB misspecified, with in-sample MSE: 0.057394317646986125

 Training SURE of the models:
SURE-PM: 0.07999353522136617
NPMLE: 0.7376957690962638
SURE-PM, NPMLE init: 0.07998189153435739
experiment: d
Finished training EB misspecified with NPMLE init, with SURE: 0.00927485187869225
Finished training EB misspecified with NPMLE init, with in-sample MSE: 0.018669654543723962
Finished training EB misspecified, with SURE: 0.009275416438503239
Finished training EB misspecified, with in-sample MSE: 0.01866817097011153

 Training SURE of the models:
SURE-PM: 0.009275416438503239
NPMLE: 0.23612824918453296
SURE-PM, NPMLE init: 0.00927485187869225
experiment: e
Finished training EB misspecified with NPMLE init, with SURE: 0.14170202509760052
Finished training EB misspecified with NPMLE init, with in-sample MSE: 0.20634330020826067
Finished training EB misspecified, with SURE: 0.14170767100114276
Finished training EB misspecified, with in-sample MSE: 0.2063595133976143

 Training SURE of the models:
SURE-PM: 0.14170767100114276
NPMLE: 0.31847713426985386
SURE-PM, NPMLE init: 0.14170202509760052
m: 2136
n: 100
experiment: c
Finished training EB misspecified with NPMLE init, with SURE: -0.08612691776869227
Finished training EB misspecified with NPMLE init, with in-sample MSE: 0.06622494195513572
Finished training EB misspecified, with SURE: -0.08582506166032694
Finished training EB misspecified, with in-sample MSE: 0.07294065831329623

 Training SURE of the models:
SURE-PM: -0.08582506166032694
NPMLE: 0.6531079832381647
SURE-PM, NPMLE init: -0.08612691776869227
experiment: d
Finished training EB misspecified with NPMLE init, with SURE: -0.014564199979618771
Finished training EB misspecified with NPMLE init, with in-sample MSE: 0.0048280334408599595
Finished training EB misspecified, with SURE: -0.014563792870457384
Finished training EB misspecified, with in-sample MSE: 0.004828032627668866

 Training SURE of the models:
SURE-PM: -0.014563792870457384
NPMLE: -0.013730576608232887
SURE-PM, NPMLE init: -0.014564199979618771
experiment: e
Finished training EB misspecified with NPMLE init, with SURE: 0.08517592678479798
Finished training EB misspecified with NPMLE init, with in-sample MSE: 0.23708547878957473
Finished training EB misspecified, with SURE: 0.08518715051614745
Finished training EB misspecified, with in-sample MSE: 0.23699210808519766

 Training SURE of the models:
SURE-PM: 0.08518715051614745
NPMLE: 0.32567670414498723
SURE-PM, NPMLE init: 0.08517592678479798
n: 400
experiment: c
Finished training EB misspecified with NPMLE init, with SURE: 0.06138988055937517
Finished training EB misspecified with NPMLE init, with in-sample MSE: 0.09898660657396735
Finished training EB misspecified, with SURE: 0.06141633508907219
Finished training EB misspecified, with in-sample MSE: 0.09886580912106335

 Training SURE of the models:
SURE-PM: 0.06141633508907219
NPMLE: 0.8333626440489843
SURE-PM, NPMLE init: 0.06138988055937517
experiment: d
Finished training EB misspecified with NPMLE init, with SURE: 0.011281819811332028
Finished training EB misspecified with NPMLE init, with in-sample MSE: 0.005546411104186359
Finished training EB misspecified, with SURE: 0.0112808187859582
Finished training EB misspecified, with in-sample MSE: 0.005536235855408464

 Training SURE of the models:
SURE-PM: 0.0112808187859582
NPMLE: 0.15664974159191444
SURE-PM, NPMLE init: 0.011281819811332028
experiment: e
Finished training EB misspecified with NPMLE init, with SURE: 0.1571785225206132
Finished training EB misspecified with NPMLE init, with in-sample MSE: 0.1919223762610376
Finished training EB misspecified, with SURE: 0.15719782750011688
Finished training EB misspecified, with in-sample MSE: 0.1919818963248483

 Training SURE of the models:
SURE-PM: 0.15719782750011688
NPMLE: 0.3355749797397574
SURE-PM, NPMLE init: 0.1571785225206132
m: 2137
n: 100
experiment: c
Finished training EB misspecified with NPMLE init, with SURE: 0.011789791016177702
Finished training EB misspecified with NPMLE init, with in-sample MSE: 0.05760243285520611
Finished training EB misspecified, with SURE: 0.01180029527812529
Finished training EB misspecified, with in-sample MSE: 0.05760595223577123

 Training SURE of the models:
SURE-PM: 0.01180029527812529
NPMLE: 0.3499719228814746
SURE-PM, NPMLE init: 0.011789791016177702
experiment: d
Finished training EB misspecified with NPMLE init, with SURE: 0.01816558250764066
Finished training EB misspecified with NPMLE init, with in-sample MSE: 0.02436401888685692
Finished training EB misspecified, with SURE: 0.018168426582116697
Finished training EB misspecified, with in-sample MSE: 0.02431816846796437

 Training SURE of the models:
SURE-PM: 0.018168426582116697
NPMLE: 0.03150205834518438
SURE-PM, NPMLE init: 0.01816558250764066
experiment: e
Finished training EB misspecified with NPMLE init, with SURE: 0.15953593425456064
Finished training EB misspecified with NPMLE init, with in-sample MSE: 0.17175421387136672
Finished training EB misspecified, with SURE: 0.150552132627969
Finished training EB misspecified, with in-sample MSE: 0.176833501959443

 Training SURE of the models:
SURE-PM: 0.150552132627969
NPMLE: 0.2723571669190321
SURE-PM, NPMLE init: 0.15953593425456064
n: 400
experiment: c
Finished training EB misspecified with NPMLE init, with SURE: 0.0035081489210440965
Finished training EB misspecified with NPMLE init, with in-sample MSE: 0.12356718442408308
Finished training EB misspecified, with SURE: 0.0035501721928148555
Finished training EB misspecified, with in-sample MSE: 0.1235790840119503

 Training SURE of the models:
SURE-PM: 0.0035501721928148555
NPMLE: 0.19913097443625538
SURE-PM, NPMLE init: 0.0035081489210440965
experiment: d
Finished training EB misspecified with NPMLE init, with SURE: 0.010121683035167042
Finished training EB misspecified with NPMLE init, with in-sample MSE: 0.009615592047846
Finished training EB misspecified, with SURE: 0.010114947414144275
Finished training EB misspecified, with in-sample MSE: 0.00961084908666062

 Training SURE of the models:
SURE-PM: 0.010114947414144275
NPMLE: 0.17710540047039344
SURE-PM, NPMLE init: 0.010121683035167042
experiment: e
Finished training EB misspecified with NPMLE init, with SURE: 0.15483208128367287
Finished training EB misspecified with NPMLE init, with in-sample MSE: 0.16088987538971644
Finished training EB misspecified, with SURE: 0.15488267225270327
Finished training EB misspecified, with in-sample MSE: 0.16017839155669747

 Training SURE of the models:
SURE-PM: 0.15488267225270327
NPMLE: 0.34342731283274885
SURE-PM, NPMLE init: 0.15483208128367287
m: 2138
n: 100
experiment: c
Finished training EB misspecified with NPMLE init, with SURE: 0.08528484266102247
Finished training EB misspecified with NPMLE init, with in-sample MSE: 0.05491241100829959
Finished training EB misspecified, with SURE: 0.08528736857548033
Finished training EB misspecified, with in-sample MSE: 0.0549087973308684

 Training SURE of the models:
SURE-PM: 0.08528736857548033
NPMLE: 0.5456550028844722
SURE-PM, NPMLE init: 0.08528484266102247
experiment: d
Finished training EB misspecified with NPMLE init, with SURE: 0.016248261505710727
Finished training EB misspecified with NPMLE init, with in-sample MSE: 0.005849417505830943
Finished training EB misspecified, with SURE: 0.01624961938452504
Finished training EB misspecified, with in-sample MSE: 0.005854249700663415

 Training SURE of the models:
SURE-PM: 0.01624961938452504
NPMLE: 0.037953971951023
SURE-PM, NPMLE init: 0.016248261505710727
experiment: e
Finished training EB misspecified with NPMLE init, with SURE: 0.1376902698338213
Finished training EB misspecified with NPMLE init, with in-sample MSE: 0.20533255684913407
Finished training EB misspecified, with SURE: 0.13803773101067418
Finished training EB misspecified, with in-sample MSE: 0.20827679304359797

 Training SURE of the models:
SURE-PM: 0.13803773101067418
NPMLE: 0.3725790745958686
SURE-PM, NPMLE init: 0.1376902698338213
n: 400
experiment: c
Finished training EB misspecified with NPMLE init, with SURE: 0.07309953054917898
Finished training EB misspecified with NPMLE init, with in-sample MSE: 0.05611111222365287
Finished training EB misspecified, with SURE: 0.073140392579581
Finished training EB misspecified, with in-sample MSE: 0.0560815606795519

 Training SURE of the models:
SURE-PM: 0.073140392579581
NPMLE: 0.8190489303744539
SURE-PM, NPMLE init: 0.07309953054917898
experiment: d
Finished training EB misspecified with NPMLE init, with SURE: 0.0037308849048428173
Finished training EB misspecified with NPMLE init, with in-sample MSE: 0.005084484407371752
Finished training EB misspecified, with SURE: 0.0037331495915035083
Finished training EB misspecified, with in-sample MSE: 0.005078293445827751

 Training SURE of the models:
SURE-PM: 0.0037331495915035083
NPMLE: 0.018929479400487493
SURE-PM, NPMLE init: 0.0037308849048428173
experiment: e
Finished training EB misspecified with NPMLE init, with SURE: 0.1854822069979079
Finished training EB misspecified with NPMLE init, with in-sample MSE: 0.18072966142194677
Finished training EB misspecified, with SURE: 0.18553272555387246
Finished training EB misspecified, with in-sample MSE: 0.180259051141465

 Training SURE of the models:
SURE-PM: 0.18553272555387246
NPMLE: 0.42325528746099506
SURE-PM, NPMLE init: 0.1854822069979079
m: 2139
n: 100
experiment: c
Finished training EB misspecified with NPMLE init, with SURE: -0.031014571554422332
Finished training EB misspecified with NPMLE init, with in-sample MSE: 0.058486407152531256
Finished training EB misspecified, with SURE: -0.031002199577386164
Finished training EB misspecified, with in-sample MSE: 0.058494012402338695

 Training SURE of the models:
SURE-PM: -0.031002199577386164
NPMLE: 0.8165970889672619
SURE-PM, NPMLE init: -0.031014571554422332
experiment: d
Finished training EB misspecified with NPMLE init, with SURE: -0.0027953946695259725
Finished training EB misspecified with NPMLE init, with in-sample MSE: 0.023173959581292012
Finished training EB misspecified, with SURE: 0.0017710234513820921
Finished training EB misspecified, with in-sample MSE: 0.004883387371532552

 Training SURE of the models:
SURE-PM: 0.0017710234513820921
NPMLE: 0.07517381787716243
SURE-PM, NPMLE init: -0.0027953946695259725
experiment: e
Finished training EB misspecified with NPMLE init, with SURE: 0.12732960208489302
Finished training EB misspecified with NPMLE init, with in-sample MSE: 0.21976232212866983
Finished training EB misspecified, with SURE: 0.12733510546150315
Finished training EB misspecified, with in-sample MSE: 0.21958684367172956

 Training SURE of the models:
SURE-PM: 0.12733510546150315
NPMLE: 0.1880986034815658
SURE-PM, NPMLE init: 0.12732960208489302
n: 400
experiment: c
Finished training EB misspecified with NPMLE init, with SURE: 0.07308696934948529
Finished training EB misspecified with NPMLE init, with in-sample MSE: 0.07558693034572218
Finished training EB misspecified, with SURE: 0.07308998108489063
Finished training EB misspecified, with in-sample MSE: 0.0755788350164516

 Training SURE of the models:
SURE-PM: 0.07308998108489063
NPMLE: 0.7081595031237085
SURE-PM, NPMLE init: 0.07308696934948529
experiment: d
Finished training EB misspecified with NPMLE init, with SURE: -0.006930667439754146
Finished training EB misspecified with NPMLE init, with in-sample MSE: 0.0058976161078815445
Finished training EB misspecified, with SURE: -0.006189828978125185
Finished training EB misspecified, with in-sample MSE: 0.00521843605899508

 Training SURE of the models:
SURE-PM: -0.006189828978125185
NPMLE: 0.028536435098836518
SURE-PM, NPMLE init: -0.006930667439754146
experiment: e
Finished training EB misspecified with NPMLE init, with SURE: 0.14659305141754447
Finished training EB misspecified with NPMLE init, with in-sample MSE: 0.1662153767139664
Finished training EB misspecified, with SURE: 0.14713154957082014
Finished training EB misspecified, with in-sample MSE: 0.1666707084280747

 Training SURE of the models:
SURE-PM: 0.14713154957082014
NPMLE: 0.3206479548060791
SURE-PM, NPMLE init: 0.14659305141754447
m: 2140
n: 100
experiment: c
Finished training EB misspecified with NPMLE init, with SURE: -0.05346287861310359
Finished training EB misspecified with NPMLE init, with in-sample MSE: 0.06551421882031244
Finished training EB misspecified, with SURE: -0.05323807186918465
Finished training EB misspecified, with in-sample MSE: 0.06925230011359428

 Training SURE of the models:
SURE-PM: -0.05323807186918465
NPMLE: 0.48524994568986607
SURE-PM, NPMLE init: -0.05346287861310359
experiment: d
Finished training EB misspecified with NPMLE init, with SURE: -0.012779007075897315
Finished training EB misspecified with NPMLE init, with in-sample MSE: 0.004113653354428317
Finished training EB misspecified, with SURE: -0.012778606233829847
Finished training EB misspecified, with in-sample MSE: 0.004113465698132625

 Training SURE of the models:
SURE-PM: -0.012778606233829847
NPMLE: 0.05255686581289771
SURE-PM, NPMLE init: -0.012779007075897315
experiment: e
Finished training EB misspecified with NPMLE init, with SURE: 0.1378791665386713
Finished training EB misspecified with NPMLE init, with in-sample MSE: 0.11975749519665001
Finished training EB misspecified, with SURE: 0.13857556708090343
Finished training EB misspecified, with in-sample MSE: 0.11971589497884735

 Training SURE of the models:
SURE-PM: 0.13857556708090343
NPMLE: 0.36774754124549675
SURE-PM, NPMLE init: 0.1378791665386713
n: 400
experiment: c
Finished training EB misspecified with NPMLE init, with SURE: 0.05732943318120647
Finished training EB misspecified with NPMLE init, with in-sample MSE: 0.06853746861816204
Finished training EB misspecified, with SURE: 0.06347821679393092
Finished training EB misspecified, with in-sample MSE: 0.05450874348385927

 Training SURE of the models:
SURE-PM: 0.06347821679393092
NPMLE: 0.9306111389484566
SURE-PM, NPMLE init: 0.05732943318120647
experiment: d
Finished training EB misspecified with NPMLE init, with SURE: 0.015302413593331786
Finished training EB misspecified with NPMLE init, with in-sample MSE: 0.010236783670243485
Finished training EB misspecified, with SURE: 0.015306280040769345
Finished training EB misspecified, with in-sample MSE: 0.010227110171297838

 Training SURE of the models:
SURE-PM: 0.015306280040769345
NPMLE: 0.09077208118523067
SURE-PM, NPMLE init: 0.015302413593331786
experiment: e
Finished training EB misspecified with NPMLE init, with SURE: 0.15331487386611678
Finished training EB misspecified with NPMLE init, with in-sample MSE: 0.1837205182385092
Finished training EB misspecified, with SURE: 0.15332051500937113
Finished training EB misspecified, with in-sample MSE: 0.18371787104936937

 Training SURE of the models:
SURE-PM: 0.15332051500937113
NPMLE: 0.31008943794803245
SURE-PM, NPMLE init: 0.15331487386611678
m: 2141
n: 100
experiment: c
Finished training EB misspecified with NPMLE init, with SURE: 0.08276556705032555
Finished training EB misspecified with NPMLE init, with in-sample MSE: 0.07754495266106975
Finished training EB misspecified, with SURE: 0.0827797001563961
Finished training EB misspecified, with in-sample MSE: 0.07754399397388438

 Training SURE of the models:
SURE-PM: 0.0827797001563961
NPMLE: 0.5065838290930798
SURE-PM, NPMLE init: 0.08276556705032555
experiment: d
Finished training EB misspecified with NPMLE init, with SURE: -0.0005254498650990591
Finished training EB misspecified with NPMLE init, with in-sample MSE: 0.012842830253287293
Finished training EB misspecified, with SURE: -0.0005165925048878605
Finished training EB misspecified, with in-sample MSE: 0.012827275867005139

 Training SURE of the models:
SURE-PM: -0.0005165925048878605
NPMLE: 0.1277723166808731
SURE-PM, NPMLE init: -0.0005254498650990591
experiment: e
Finished training EB misspecified with NPMLE init, with SURE: 0.13632090951425432
Finished training EB misspecified with NPMLE init, with in-sample MSE: 0.20875128591636025
Finished training EB misspecified, with SURE: 0.1363216636005704
Finished training EB misspecified, with in-sample MSE: 0.20875589514139414

 Training SURE of the models:
SURE-PM: 0.1363216636005704
NPMLE: 0.3646546475158201
SURE-PM, NPMLE init: 0.13632090951425432
n: 400
experiment: c
Finished training EB misspecified with NPMLE init, with SURE: 0.051453641804439204
Finished training EB misspecified with NPMLE init, with in-sample MSE: 0.059858179905172004
Finished training EB misspecified, with SURE: 0.05144736462889185
Finished training EB misspecified, with in-sample MSE: 0.05987544056099277

 Training SURE of the models:
SURE-PM: 0.05144736462889185
NPMLE: 0.5360939147667146
SURE-PM, NPMLE init: 0.051453641804439204
experiment: d
Finished training EB misspecified with NPMLE init, with SURE: 0.010417161460409545
Finished training EB misspecified with NPMLE init, with in-sample MSE: 0.006109347152727709
Finished training EB misspecified, with SURE: 0.010416986391287698
Finished training EB misspecified, with in-sample MSE: 0.006110849490571387

 Training SURE of the models:
SURE-PM: 0.010416986391287698
NPMLE: 0.128274959636583
SURE-PM, NPMLE init: 0.010417161460409545
experiment: e
Finished training EB misspecified with NPMLE init, with SURE: 0.13524127220554374
Finished training EB misspecified with NPMLE init, with in-sample MSE: 0.19578239278579454
Finished training EB misspecified, with SURE: 0.13525123931233618
Finished training EB misspecified, with in-sample MSE: 0.19572997158634223

 Training SURE of the models:
SURE-PM: 0.13525123931233618
NPMLE: 0.30298676955755105
SURE-PM, NPMLE init: 0.13524127220554374
m: 2142
n: 100
experiment: c
Finished training EB misspecified with NPMLE init, with SURE: 0.012558203996519168
Finished training EB misspecified with NPMLE init, with in-sample MSE: 0.05530472405960455
Finished training EB misspecified, with SURE: 0.01292421035458574
Finished training EB misspecified, with in-sample MSE: 0.05391028757259925

 Training SURE of the models:
SURE-PM: 0.01292421035458574
NPMLE: 0.946659313298926
SURE-PM, NPMLE init: 0.012558203996519168
experiment: d
Finished training EB misspecified with NPMLE init, with SURE: 0.015682457019330905
Finished training EB misspecified with NPMLE init, with in-sample MSE: 0.004843708794507889
Finished training EB misspecified, with SURE: 0.015682791417044015
Finished training EB misspecified, with in-sample MSE: 0.004843468876292816

 Training SURE of the models:
SURE-PM: 0.015682791417044015
NPMLE: 0.053460582931187745
SURE-PM, NPMLE init: 0.015682457019330905
experiment: e
Finished training EB misspecified with NPMLE init, with SURE: 0.1507027692452308
Finished training EB misspecified with NPMLE init, with in-sample MSE: 0.1798099418607573
Finished training EB misspecified, with SURE: 0.1507137790812771
Finished training EB misspecified, with in-sample MSE: 0.17986659363196497

 Training SURE of the models:
SURE-PM: 0.1507137790812771
NPMLE: 0.3294850124842094
SURE-PM, NPMLE init: 0.1507027692452308
n: 400
experiment: c
Finished training EB misspecified with NPMLE init, with SURE: 0.025918949803574735
Finished training EB misspecified with NPMLE init, with in-sample MSE: 0.09689501527101575
Finished training EB misspecified, with SURE: 0.046774865563386926
Finished training EB misspecified, with in-sample MSE: 0.05567025473319959

 Training SURE of the models:
SURE-PM: 0.046774865563386926
NPMLE: 1.001799200179692
SURE-PM, NPMLE init: 0.025918949803574735
experiment: d
Finished training EB misspecified with NPMLE init, with SURE: 0.016636869807532744
Finished training EB misspecified with NPMLE init, with in-sample MSE: 0.006225726366700634
Finished training EB misspecified, with SURE: 0.01663692150620726
Finished training EB misspecified, with in-sample MSE: 0.006224868420613788

 Training SURE of the models:
SURE-PM: 0.01663692150620726
NPMLE: 0.23228031267641497
SURE-PM, NPMLE init: 0.016636869807532744
experiment: e
Finished training EB misspecified with NPMLE init, with SURE: 0.15878579211538424
Finished training EB misspecified with NPMLE init, with in-sample MSE: 0.14496993431314095
Finished training EB misspecified, with SURE: 0.15879138810022503
Finished training EB misspecified, with in-sample MSE: 0.14497117880273705

 Training SURE of the models:
SURE-PM: 0.15879138810022503
NPMLE: 0.35574528041084463
SURE-PM, NPMLE init: 0.15878579211538424
m: 2143
n: 100
experiment: c
Finished training EB misspecified with NPMLE init, with SURE: -0.009920236495146213
Finished training EB misspecified with NPMLE init, with in-sample MSE: 0.0673597653400622
Finished training EB misspecified, with SURE: -0.00991177059831216
Finished training EB misspecified, with in-sample MSE: 0.06734962874952655

 Training SURE of the models:
SURE-PM: -0.00991177059831216
NPMLE: 0.7649423710429414
SURE-PM, NPMLE init: -0.009920236495146213
experiment: d
Finished training EB misspecified with NPMLE init, with SURE: -0.029867436024104244
Finished training EB misspecified with NPMLE init, with in-sample MSE: 0.0027005285879604314
Finished training EB misspecified, with SURE: -0.02986710105603134
Finished training EB misspecified, with in-sample MSE: 0.002700470837529175

 Training SURE of the models:
SURE-PM: -0.02986710105603134
NPMLE: -0.006562555784049895
SURE-PM, NPMLE init: -0.029867436024104244
experiment: e
Finished training EB misspecified with NPMLE init, with SURE: 0.10467630909630465
Finished training EB misspecified with NPMLE init, with in-sample MSE: 0.1423434954423446
Finished training EB misspecified, with SURE: 0.1046833848264285
Finished training EB misspecified, with in-sample MSE: 0.1422957740132841

 Training SURE of the models:
SURE-PM: 0.1046833848264285
NPMLE: 0.3491034949974857
SURE-PM, NPMLE init: 0.10467630909630465
n: 400
experiment: c
Finished training EB misspecified with NPMLE init, with SURE: -0.0137732633797161
Finished training EB misspecified with NPMLE init, with in-sample MSE: 0.07356875455461248
Finished training EB misspecified, with SURE: -0.013711040925415717
Finished training EB misspecified, with in-sample MSE: 0.07384097833046786

 Training SURE of the models:
SURE-PM: -0.013711040925415717
NPMLE: 0.27459942708774177
SURE-PM, NPMLE init: -0.0137732633797161
experiment: d
Finished training EB misspecified with NPMLE init, with SURE: 0.003129033810947988
Finished training EB misspecified with NPMLE init, with in-sample MSE: 0.0038143822182197984
Finished training EB misspecified, with SURE: 0.0031282940969235896
Finished training EB misspecified, with in-sample MSE: 0.0038182541585865854

 Training SURE of the models:
SURE-PM: 0.0031282940969235896
NPMLE: 0.17392935093589756
SURE-PM, NPMLE init: 0.003129033810947988
experiment: e
Finished training EB misspecified with NPMLE init, with SURE: 0.13708483145161196
Finished training EB misspecified with NPMLE init, with in-sample MSE: 0.1747055924460517
Finished training EB misspecified, with SURE: 0.13700388336339117
Finished training EB misspecified, with in-sample MSE: 0.1744376444323242

 Training SURE of the models:
SURE-PM: 0.13700388336339117
NPMLE: 0.2924721169889277
SURE-PM, NPMLE init: 0.13708483145161196
m: 2144
n: 100
experiment: c
Finished training EB misspecified with NPMLE init, with SURE: 0.0659924553326153
Finished training EB misspecified with NPMLE init, with in-sample MSE: 0.09647713716481489
Finished training EB misspecified, with SURE: 0.06600406813202284
Finished training EB misspecified, with in-sample MSE: 0.09647508948638452

 Training SURE of the models:
SURE-PM: 0.06600406813202284
NPMLE: 0.6601053869328476
SURE-PM, NPMLE init: 0.0659924553326153
experiment: d
Finished training EB misspecified with NPMLE init, with SURE: -0.008084366687924031
Finished training EB misspecified with NPMLE init, with in-sample MSE: 0.0027975199235996022
Finished training EB misspecified, with SURE: -0.008082796101473768
Finished training EB misspecified, with in-sample MSE: 0.002797251318802664

 Training SURE of the models:
SURE-PM: -0.008082796101473768
NPMLE: 0.009753376738594532
SURE-PM, NPMLE init: -0.008084366687924031
experiment: e
Finished training EB misspecified with NPMLE init, with SURE: 0.1687054072510793
Finished training EB misspecified with NPMLE init, with in-sample MSE: 0.19685480436111402
Finished training EB misspecified, with SURE: 0.16872887818236038
Finished training EB misspecified, with in-sample MSE: 0.19700321728788173

 Training SURE of the models:
SURE-PM: 0.16872887818236038
NPMLE: 0.29523021024879603
SURE-PM, NPMLE init: 0.1687054072510793
n: 400
experiment: c
Finished training EB misspecified with NPMLE init, with SURE: 0.09238262329133874
Finished training EB misspecified with NPMLE init, with in-sample MSE: 0.05279917436968746
Finished training EB misspecified, with SURE: 0.09239239206500059
Finished training EB misspecified, with in-sample MSE: 0.05280479444882153

 Training SURE of the models:
SURE-PM: 0.09239239206500059
NPMLE: 0.27142002019845074
SURE-PM, NPMLE init: 0.09238262329133874
experiment: d
Finished training EB misspecified with NPMLE init, with SURE: 0.005697808269148297
Finished training EB misspecified with NPMLE init, with in-sample MSE: 0.011751704519498815
Finished training EB misspecified, with SURE: 0.005702319502293171
Finished training EB misspecified, with in-sample MSE: 0.011741528814085318

 Training SURE of the models:
SURE-PM: 0.005702319502293171
NPMLE: 0.043652796364998976
SURE-PM, NPMLE init: 0.005697808269148297
experiment: e
Finished training EB misspecified with NPMLE init, with SURE: 0.16764969921405615
Finished training EB misspecified with NPMLE init, with in-sample MSE: 0.18576121357823175
Finished training EB misspecified, with SURE: 0.16765864729868526
Finished training EB misspecified, with in-sample MSE: 0.18572510259593425

 Training SURE of the models:
SURE-PM: 0.16765864729868526
NPMLE: 0.3316098044912553
SURE-PM, NPMLE init: 0.16764969921405615
m: 2145
n: 100
experiment: c
Finished training EB misspecified with NPMLE init, with SURE: 0.06939743621944977
Finished training EB misspecified with NPMLE init, with in-sample MSE: 0.05682921384516184
Finished training EB misspecified, with SURE: 0.06941359257253182
Finished training EB misspecified, with in-sample MSE: 0.05682052163880452

 Training SURE of the models:
SURE-PM: 0.06941359257253182
NPMLE: 0.7925414955284836
SURE-PM, NPMLE init: 0.06939743621944977
experiment: d
Finished training EB misspecified with NPMLE init, with SURE: 0.004228025306535752
Finished training EB misspecified with NPMLE init, with in-sample MSE: 0.016159317303834818
Finished training EB misspecified, with SURE: 0.004229437360997626
Finished training EB misspecified, with in-sample MSE: 0.016165422725279908

 Training SURE of the models:
SURE-PM: 0.004229437360997626
NPMLE: 0.023878129640957937
SURE-PM, NPMLE init: 0.004228025306535752
experiment: e
Finished training EB misspecified with NPMLE init, with SURE: 0.12195260236478603
Finished training EB misspecified with NPMLE init, with in-sample MSE: 0.14675968085756189
Finished training EB misspecified, with SURE: 0.12195029140399768
Finished training EB misspecified, with in-sample MSE: 0.14675890846776185

 Training SURE of the models:
SURE-PM: 0.12195029140399768
NPMLE: 0.3303589346010024
SURE-PM, NPMLE init: 0.12195260236478603
n: 400
experiment: c
Finished training EB misspecified with NPMLE init, with SURE: 0.008345804155940613
Finished training EB misspecified with NPMLE init, with in-sample MSE: 0.05925355331952061
Finished training EB misspecified, with SURE: 0.008419861848997314
Finished training EB misspecified, with in-sample MSE: 0.059245435599693294

 Training SURE of the models:
SURE-PM: 0.008419861848997314
NPMLE: 0.44187861237125675
SURE-PM, NPMLE init: 0.008345804155940613
experiment: d
Finished training EB misspecified with NPMLE init, with SURE: -0.009519143006688395
Finished training EB misspecified with NPMLE init, with in-sample MSE: 0.011524555934433935
Finished training EB misspecified, with SURE: -0.009517068566083734
Finished training EB misspecified, with in-sample MSE: 0.011513185832839503

 Training SURE of the models:
SURE-PM: -0.009517068566083734
NPMLE: 0.027620485053540325
SURE-PM, NPMLE init: -0.009519143006688395
experiment: e
Finished training EB misspecified with NPMLE init, with SURE: 0.1580552049442123
Finished training EB misspecified with NPMLE init, with in-sample MSE: 0.17132892527211882
Finished training EB misspecified, with SURE: 0.15812401700184053
Finished training EB misspecified, with in-sample MSE: 0.1716467912936344

 Training SURE of the models:
SURE-PM: 0.15812401700184053
NPMLE: 0.3384589041238659
SURE-PM, NPMLE init: 0.1580552049442123
m: 2146
n: 100
experiment: c
Finished training EB misspecified with NPMLE init, with SURE: -0.13798832955700008
Finished training EB misspecified with NPMLE init, with in-sample MSE: 0.06514562941948751
Finished training EB misspecified, with SURE: -0.1379863755694288
Finished training EB misspecified, with in-sample MSE: 0.06514473981836388

 Training SURE of the models:
SURE-PM: -0.1379863755694288
NPMLE: 0.3551158260597705
SURE-PM, NPMLE init: -0.13798832955700008
experiment: d
Finished training EB misspecified with NPMLE init, with SURE: -0.011909491548585187
Finished training EB misspecified with NPMLE init, with in-sample MSE: 0.03506313226483084
Finished training EB misspecified, with SURE: -0.011908024526714769
Finished training EB misspecified, with in-sample MSE: 0.03505873162379132

 Training SURE of the models:
SURE-PM: -0.011908024526714769
NPMLE: 0.12109351024645278
SURE-PM, NPMLE init: -0.011909491548585187
experiment: e
Finished training EB misspecified with NPMLE init, with SURE: 0.1600222690509102
Finished training EB misspecified with NPMLE init, with in-sample MSE: 0.159939157607436
Finished training EB misspecified, with SURE: 0.1599579486080967
Finished training EB misspecified, with in-sample MSE: 0.15720881726859773

 Training SURE of the models:
SURE-PM: 0.1599579486080967
NPMLE: 0.27129372146337327
SURE-PM, NPMLE init: 0.1600222690509102
n: 400
experiment: c
Finished training EB misspecified with NPMLE init, with SURE: 0.06008676165792352
Finished training EB misspecified with NPMLE init, with in-sample MSE: 0.06329786095444945
Finished training EB misspecified, with SURE: 0.06011362000744967
Finished training EB misspecified, with in-sample MSE: 0.06326071732979298

 Training SURE of the models:
SURE-PM: 0.06011362000744967
NPMLE: 0.42131744533389964
SURE-PM, NPMLE init: 0.06008676165792352
experiment: d
Finished training EB misspecified with NPMLE init, with SURE: 0.009209103890758996
Finished training EB misspecified with NPMLE init, with in-sample MSE: 0.010374857799802724
Finished training EB misspecified, with SURE: 0.009209872049056359
Finished training EB misspecified, with in-sample MSE: 0.010373368328231256

 Training SURE of the models:
SURE-PM: 0.009209872049056359
NPMLE: 0.10090826628086479
SURE-PM, NPMLE init: 0.009209103890758996
experiment: e
Finished training EB misspecified with NPMLE init, with SURE: 0.16137135067630748
Finished training EB misspecified with NPMLE init, with in-sample MSE: 0.18646629548910734
Finished training EB misspecified, with SURE: 0.16138052653112053
Finished training EB misspecified, with in-sample MSE: 0.18645696097910902

 Training SURE of the models:
SURE-PM: 0.16138052653112053
NPMLE: 0.33030316025692646
SURE-PM, NPMLE init: 0.16137135067630748
m: 2147
n: 100
experiment: c
Finished training EB misspecified with NPMLE init, with SURE: 0.10511142182332663
Finished training EB misspecified with NPMLE init, with in-sample MSE: 0.05025664014537224
Finished training EB misspecified, with SURE: 0.10511403764608389
Finished training EB misspecified, with in-sample MSE: 0.05025680108194634

 Training SURE of the models:
SURE-PM: 0.10511403764608389
NPMLE: 0.6728644312510706
SURE-PM, NPMLE init: 0.10511142182332663
experiment: d
Finished training EB misspecified with NPMLE init, with SURE: -0.017536428587913894
Finished training EB misspecified with NPMLE init, with in-sample MSE: 0.007419708502016791
Finished training EB misspecified, with SURE: -0.01753687648340982
Finished training EB misspecified, with in-sample MSE: 0.007423278461229456

 Training SURE of the models:
SURE-PM: -0.01753687648340982
NPMLE: 0.08790698274070627
SURE-PM, NPMLE init: -0.017536428587913894
experiment: e
Finished training EB misspecified with NPMLE init, with SURE: 0.047736209909522036
Finished training EB misspecified with NPMLE init, with in-sample MSE: 0.1348390849803445
Finished training EB misspecified, with SURE: 0.0477461052271385
Finished training EB misspecified, with in-sample MSE: 0.13485268835417402

 Training SURE of the models:
SURE-PM: 0.0477461052271385
NPMLE: 0.3772236702451257
SURE-PM, NPMLE init: 0.047736209909522036
n: 400
experiment: c
Finished training EB misspecified with NPMLE init, with SURE: 0.08022122812509096
Finished training EB misspecified with NPMLE init, with in-sample MSE: 0.06074434817881955
Finished training EB misspecified, with SURE: 0.08102102166490908
Finished training EB misspecified, with in-sample MSE: 0.05872289108805249

 Training SURE of the models:
SURE-PM: 0.08102102166490908
NPMLE: 0.5507158751676616
SURE-PM, NPMLE init: 0.08022122812509096
experiment: d
Finished training EB misspecified with NPMLE init, with SURE: -0.006240352106472074
Finished training EB misspecified with NPMLE init, with in-sample MSE: 0.0049267532318797965
Finished training EB misspecified, with SURE: -0.006239981484989343
Finished training EB misspecified, with in-sample MSE: 0.004926664086510132

 Training SURE of the models:
SURE-PM: -0.006239981484989343
NPMLE: 0.027725105490141965
SURE-PM, NPMLE init: -0.006240352106472074
experiment: e
Finished training EB misspecified with NPMLE init, with SURE: 0.13892331039836983
Finished training EB misspecified with NPMLE init, with in-sample MSE: 0.19746921967697414
Finished training EB misspecified, with SURE: 0.1389274451943239
Finished training EB misspecified, with in-sample MSE: 0.19751955834713186

 Training SURE of the models:
SURE-PM: 0.1389274451943239
NPMLE: 0.3117770154188183
SURE-PM, NPMLE init: 0.13892331039836983
m: 2148
n: 100
experiment: c
Finished training EB misspecified with NPMLE init, with SURE: 0.05454603119654301
Finished training EB misspecified with NPMLE init, with in-sample MSE: 0.0787404156114942
Finished training EB misspecified, with SURE: 0.05456355269230322
Finished training EB misspecified, with in-sample MSE: 0.07862536793291147

 Training SURE of the models:
SURE-PM: 0.05456355269230322
NPMLE: 0.5999564558387763
SURE-PM, NPMLE init: 0.05454603119654301
experiment: d
Finished training EB misspecified with NPMLE init, with SURE: -0.002552347339929728
Finished training EB misspecified with NPMLE init, with in-sample MSE: 0.027702068459542675
Finished training EB misspecified, with SURE: -0.0025521833017732123
Finished training EB misspecified, with in-sample MSE: 0.027734975563288074

 Training SURE of the models:
SURE-PM: -0.0025521833017732123
NPMLE: 0.10059996255533467
SURE-PM, NPMLE init: -0.002552347339929728
experiment: e
Finished training EB misspecified with NPMLE init, with SURE: 0.13055116951907536
Finished training EB misspecified with NPMLE init, with in-sample MSE: 0.21680367008062784
Finished training EB misspecified, with SURE: 0.13056087924715074
Finished training EB misspecified, with in-sample MSE: 0.2168054741935274

 Training SURE of the models:
SURE-PM: 0.13056087924715074
NPMLE: 0.3749231154541842
SURE-PM, NPMLE init: 0.13055116951907536
n: 400
experiment: c
Finished training EB misspecified with NPMLE init, with SURE: 0.05390822009858525
Finished training EB misspecified with NPMLE init, with in-sample MSE: 0.09019705964482552
Finished training EB misspecified, with SURE: 0.06291633177122904
Finished training EB misspecified, with in-sample MSE: 0.06620631747451028

 Training SURE of the models:
SURE-PM: 0.06291633177122904
NPMLE: 0.8911863732652375
SURE-PM, NPMLE init: 0.05390822009858525
experiment: d
Finished training EB misspecified with NPMLE init, with SURE: 0.022635121320332276
Finished training EB misspecified with NPMLE init, with in-sample MSE: 0.02377362333350501
Finished training EB misspecified, with SURE: 0.0226361214465177
Finished training EB misspecified, with in-sample MSE: 0.02378277272673492

 Training SURE of the models:
SURE-PM: 0.0226361214465177
NPMLE: 0.15585282769094128
SURE-PM, NPMLE init: 0.022635121320332276
experiment: e
Finished training EB misspecified with NPMLE init, with SURE: 0.16569871869839506
Finished training EB misspecified with NPMLE init, with in-sample MSE: 0.18946397176030375
Finished training EB misspecified, with SURE: 0.16570881927252135
Finished training EB misspecified, with in-sample MSE: 0.18945526136861532

 Training SURE of the models:
SURE-PM: 0.16570881927252135
NPMLE: 0.3366544928439166
SURE-PM, NPMLE init: 0.16569871869839506
m: 2149
n: 100
experiment: c
Finished training EB misspecified with NPMLE init, with SURE: 0.006205101669189972
Finished training EB misspecified with NPMLE init, with in-sample MSE: 0.05844764583971302
Finished training EB misspecified, with SURE: 0.006256032325244121
Finished training EB misspecified, with in-sample MSE: 0.058428143127338766

 Training SURE of the models:
SURE-PM: 0.006256032325244121
NPMLE: 0.7060101179336141
SURE-PM, NPMLE init: 0.006205101669189972
experiment: d
Finished training EB misspecified with NPMLE init, with SURE: -0.018983262386262415
Finished training EB misspecified with NPMLE init, with in-sample MSE: 0.006890863041996948
Finished training EB misspecified, with SURE: -0.01898305402373106
Finished training EB misspecified, with in-sample MSE: 0.006890749740817751

 Training SURE of the models:
SURE-PM: -0.01898305402373106
NPMLE: 0.0425456551957196
SURE-PM, NPMLE init: -0.018983262386262415
experiment: e
Finished training EB misspecified with NPMLE init, with SURE: 0.10773515992594775
Finished training EB misspecified with NPMLE init, with in-sample MSE: 0.22147897970586164
Finished training EB misspecified, with SURE: 0.107745259830484
Finished training EB misspecified, with in-sample MSE: 0.22140728383876554

 Training SURE of the models:
SURE-PM: 0.107745259830484
NPMLE: 0.3514490656107659
SURE-PM, NPMLE init: 0.10773515992594775
n: 400
experiment: c
Finished training EB misspecified with NPMLE init, with SURE: -0.016432954965848907
Finished training EB misspecified with NPMLE init, with in-sample MSE: 0.10243234462064656
Finished training EB misspecified, with SURE: -0.0159377763302345
Finished training EB misspecified, with in-sample MSE: 0.10661689148402427

 Training SURE of the models:
SURE-PM: -0.0159377763302345
NPMLE: 0.8720296854968607
SURE-PM, NPMLE init: -0.016432954965848907
experiment: d
Finished training EB misspecified with NPMLE init, with SURE: 0.0001130296634637773
Finished training EB misspecified with NPMLE init, with in-sample MSE: 0.00488506433846031
Finished training EB misspecified, with SURE: 0.00011340180403546896
Finished training EB misspecified, with in-sample MSE: 0.004884886357813932

 Training SURE of the models:
SURE-PM: 0.00011340180403546896
NPMLE: 0.022362830395895907
SURE-PM, NPMLE init: 0.0001130296634637773
experiment: e
Finished training EB misspecified with NPMLE init, with SURE: 0.16596933206666187
Finished training EB misspecified with NPMLE init, with in-sample MSE: 0.1810346451035036
Finished training EB misspecified, with SURE: 0.1659765311144124
Finished training EB misspecified, with in-sample MSE: 0.18102724270057471

 Training SURE of the models:
SURE-PM: 0.1659765311144124
NPMLE: 0.3168371189934253
SURE-PM, NPMLE init: 0.16596933206666187
m: 2150
n: 100
experiment: c
Finished training EB misspecified with NPMLE init, with SURE: 0.024931320523310277
Finished training EB misspecified with NPMLE init, with in-sample MSE: 0.05002344370688872
Finished training EB misspecified, with SURE: 0.024936264115050337
Finished training EB misspecified, with in-sample MSE: 0.05002364259010895

 Training SURE of the models:
SURE-PM: 0.024936264115050337
NPMLE: 0.6697230402375774
SURE-PM, NPMLE init: 0.024931320523310277
experiment: d
Finished training EB misspecified with NPMLE init, with SURE: -0.005803574290571767
Finished training EB misspecified with NPMLE init, with in-sample MSE: 0.006921975732039891
Finished training EB misspecified, with SURE: -0.005803195920240576
Finished training EB misspecified, with in-sample MSE: 0.00692179958437206

 Training SURE of the models:
SURE-PM: -0.005803195920240576
NPMLE: 0.00945913826701652
SURE-PM, NPMLE init: -0.005803574290571767
experiment: e
Finished training EB misspecified with NPMLE init, with SURE: 0.06132262841175347
Finished training EB misspecified with NPMLE init, with in-sample MSE: 0.2234761446035039
Finished training EB misspecified, with SURE: 0.061341581557012005
Finished training EB misspecified, with in-sample MSE: 0.22392303704754712

 Training SURE of the models:
SURE-PM: 0.061341581557012005
NPMLE: 0.7758042348190292
SURE-PM, NPMLE init: 0.06132262841175347
n: 400
experiment: c
Finished training EB misspecified with NPMLE init, with SURE: 0.08420104515684187
Finished training EB misspecified with NPMLE init, with in-sample MSE: 0.06176999309949072
Finished training EB misspecified, with SURE: 0.08421170977111431
Finished training EB misspecified, with in-sample MSE: 0.06177477858141165

 Training SURE of the models:
SURE-PM: 0.08421170977111431
NPMLE: 0.7077240182112395
SURE-PM, NPMLE init: 0.08420104515684187
experiment: d
Finished training EB misspecified with NPMLE init, with SURE: 0.002004336495204022
Finished training EB misspecified with NPMLE init, with in-sample MSE: 0.00524731306065855
Finished training EB misspecified, with SURE: 0.0020061233457458983
Finished training EB misspecified, with in-sample MSE: 0.005246924852419618

 Training SURE of the models:
SURE-PM: 0.0020061233457458983
NPMLE: 0.10325631660019209
SURE-PM, NPMLE init: 0.002004336495204022
experiment: e
Finished training EB misspecified with NPMLE init, with SURE: 0.1659332878123746
Finished training EB misspecified with NPMLE init, with in-sample MSE: 0.1834438139709853
Finished training EB misspecified, with SURE: 0.16594110391145592
Finished training EB misspecified, with in-sample MSE: 0.18342934688664964

 Training SURE of the models:
SURE-PM: 0.16594110391145592
NPMLE: 0.3278980075711121
SURE-PM, NPMLE init: 0.1659332878123746
m: 2151
n: 100
experiment: c
Finished training EB misspecified with NPMLE init, with SURE: 0.14754488306724398
Finished training EB misspecified with NPMLE init, with in-sample MSE: 0.11531639014379223
Finished training EB misspecified, with SURE: 0.1475538673761399
Finished training EB misspecified, with in-sample MSE: 0.1153336780002555

 Training SURE of the models:
SURE-PM: 0.1475538673761399
NPMLE: 0.3180086627781591
SURE-PM, NPMLE init: 0.14754488306724398
experiment: d
Finished training EB misspecified with NPMLE init, with SURE: 0.0155196100969245
Finished training EB misspecified with NPMLE init, with in-sample MSE: 0.009459265097169855
Finished training EB misspecified, with SURE: 0.01552022031902002
Finished training EB misspecified, with in-sample MSE: 0.009457026478992929

 Training SURE of the models:
SURE-PM: 0.01552022031902002
NPMLE: 0.12328730978185076
SURE-PM, NPMLE init: 0.0155196100969245
experiment: e
Finished training EB misspecified with NPMLE init, with SURE: 0.13333791806124154
Finished training EB misspecified with NPMLE init, with in-sample MSE: 0.18560576535829423
Finished training EB misspecified, with SURE: 0.13334490442033983
Finished training EB misspecified, with in-sample MSE: 0.18559153545316243

 Training SURE of the models:
SURE-PM: 0.13334490442033983
NPMLE: 0.3205379128119938
SURE-PM, NPMLE init: 0.13333791806124154
n: 400
experiment: c
Finished training EB misspecified with NPMLE init, with SURE: 0.005494134932740877
Finished training EB misspecified with NPMLE init, with in-sample MSE: 0.056328564535436304
Finished training EB misspecified, with SURE: 0.005492697691917669
Finished training EB misspecified, with in-sample MSE: 0.056345027196265864

 Training SURE of the models:
SURE-PM: 0.005492697691917669
NPMLE: 0.47946622062125727
SURE-PM, NPMLE init: 0.005494134932740877
experiment: d
Finished training EB misspecified with NPMLE init, with SURE: 0.010415126630138367
Finished training EB misspecified with NPMLE init, with in-sample MSE: 0.006063705754250126
Finished training EB misspecified, with SURE: 0.010415380849610453
Finished training EB misspecified, with in-sample MSE: 0.006063601692965767

 Training SURE of the models:
SURE-PM: 0.010415380849610453
NPMLE: 0.09111372999194974
SURE-PM, NPMLE init: 0.010415126630138367
experiment: e
Finished training EB misspecified with NPMLE init, with SURE: 0.14682743410282106
Finished training EB misspecified with NPMLE init, with in-sample MSE: 0.18949949233090696
Finished training EB misspecified, with SURE: 0.1458116926205652
Finished training EB misspecified, with in-sample MSE: 0.18947060577500757

 Training SURE of the models:
SURE-PM: 0.1458116926205652
NPMLE: 0.309738197658659
SURE-PM, NPMLE init: 0.14682743410282106
m: 2152
n: 100
experiment: c
Finished training EB misspecified with NPMLE init, with SURE: 0.04910537066913726
Finished training EB misspecified with NPMLE init, with in-sample MSE: 0.0973274093255716
Finished training EB misspecified, with SURE: 0.049121900695786994
Finished training EB misspecified, with in-sample MSE: 0.097322255421475

 Training SURE of the models:
SURE-PM: 0.049121900695786994
NPMLE: 0.7173588360900315
SURE-PM, NPMLE init: 0.04910537066913726
experiment: d
Finished training EB misspecified with NPMLE init, with SURE: 0.024013682768447533
Finished training EB misspecified with NPMLE init, with in-sample MSE: 0.052092847844814216
Finished training EB misspecified, with SURE: 0.02401879858832521
Finished training EB misspecified, with in-sample MSE: 0.05208519551874088

 Training SURE of the models:
SURE-PM: 0.02401879858832521
NPMLE: 0.10455655535688421
SURE-PM, NPMLE init: 0.024013682768447533
experiment: e
Finished training EB misspecified with NPMLE init, with SURE: 0.11530653170308312
Finished training EB misspecified with NPMLE init, with in-sample MSE: 0.2538124646189607
Finished training EB misspecified, with SURE: 0.11531398925476133
Finished training EB misspecified, with in-sample MSE: 0.25382147922689346

 Training SURE of the models:
SURE-PM: 0.11531398925476133
NPMLE: 0.2710535070631969
SURE-PM, NPMLE init: 0.11530653170308312
n: 400
experiment: c
Finished training EB misspecified with NPMLE init, with SURE: 0.07407975255964985
Finished training EB misspecified with NPMLE init, with in-sample MSE: 0.0683476955405357
Finished training EB misspecified, with SURE: 0.07411791615197004
Finished training EB misspecified, with in-sample MSE: 0.06831948197230933

 Training SURE of the models:
SURE-PM: 0.07411791615197004
NPMLE: 0.46677011487278963
SURE-PM, NPMLE init: 0.07407975255964985
experiment: d
Finished training EB misspecified with NPMLE init, with SURE: 0.004554010875095145
Finished training EB misspecified with NPMLE init, with in-sample MSE: 0.007387352256047134
Finished training EB misspecified, with SURE: 0.004556515186336973
Finished training EB misspecified, with in-sample MSE: 0.007383389974005688

 Training SURE of the models:
SURE-PM: 0.004556515186336973
NPMLE: 0.047240308190943596
SURE-PM, NPMLE init: 0.004554010875095145
experiment: e
Finished training EB misspecified with NPMLE init, with SURE: 0.15283248775219002
Finished training EB misspecified with NPMLE init, with in-sample MSE: 0.2072452150987701
Finished training EB misspecified, with SURE: 0.15284028427188326
Finished training EB misspecified, with in-sample MSE: 0.20724374308429838

 Training SURE of the models:
SURE-PM: 0.15284028427188326
NPMLE: 0.31510288119277285
SURE-PM, NPMLE init: 0.15283248775219002
m: 2153
n: 100
experiment: c
Finished training EB misspecified with NPMLE init, with SURE: 0.06622363456882965
Finished training EB misspecified with NPMLE init, with in-sample MSE: 0.06493966103549619
Finished training EB misspecified, with SURE: 0.0662290954874809
Finished training EB misspecified, with in-sample MSE: 0.06493558793866817

 Training SURE of the models:
SURE-PM: 0.0662290954874809
NPMLE: 0.7337048170296376
SURE-PM, NPMLE init: 0.06622363456882965
experiment: d
Finished training EB misspecified with NPMLE init, with SURE: -0.003406669537300804
Finished training EB misspecified with NPMLE init, with in-sample MSE: 0.006418040428297737
Finished training EB misspecified, with SURE: -0.003406423250059074
Finished training EB misspecified, with in-sample MSE: 0.006417989207081457

 Training SURE of the models:
SURE-PM: -0.003406423250059074
NPMLE: 0.07069345995667266
SURE-PM, NPMLE init: -0.003406669537300804
experiment: e
Finished training EB misspecified with NPMLE init, with SURE: 0.10902470315550272
Finished training EB misspecified with NPMLE init, with in-sample MSE: 0.18244428211536803
Finished training EB misspecified, with SURE: 0.10903377929806024
Finished training EB misspecified, with in-sample MSE: 0.18244751159418388

 Training SURE of the models:
SURE-PM: 0.10903377929806024
NPMLE: 0.2762851380439373
SURE-PM, NPMLE init: 0.10902470315550272
n: 400
experiment: c
Finished training EB misspecified with NPMLE init, with SURE: 0.04557518966005795
Finished training EB misspecified with NPMLE init, with in-sample MSE: 0.06392639136547772
Finished training EB misspecified, with SURE: 0.04558707251512566
Finished training EB misspecified, with in-sample MSE: 0.06389139507455327

 Training SURE of the models:
SURE-PM: 0.04558707251512566
NPMLE: 0.7318135977555282
SURE-PM, NPMLE init: 0.04557518966005795
experiment: d
Finished training EB misspecified with NPMLE init, with SURE: -0.00013734954376552367
Finished training EB misspecified with NPMLE init, with in-sample MSE: 0.0052098230400124635
Finished training EB misspecified, with SURE: -0.00013501272938261976
Finished training EB misspecified, with in-sample MSE: 0.00520386181406764

 Training SURE of the models:
SURE-PM: -0.00013501272938261976
NPMLE: 0.08289734756185138
SURE-PM, NPMLE init: -0.00013734954376552367
experiment: e
Finished training EB misspecified with NPMLE init, with SURE: 0.1726344712352916
Finished training EB misspecified with NPMLE init, with in-sample MSE: 0.1770451481594035
Finished training EB misspecified, with SURE: 0.17264311881636624
Finished training EB misspecified, with in-sample MSE: 0.17705313605783135

 Training SURE of the models:
SURE-PM: 0.17264311881636624
NPMLE: 0.29516354324781596
SURE-PM, NPMLE init: 0.1726344712352916
m: 2154
n: 100
experiment: c
Finished training EB misspecified with NPMLE init, with SURE: 0.02644277304890501
Finished training EB misspecified with NPMLE init, with in-sample MSE: 0.0994020543913174
Finished training EB misspecified, with SURE: 0.02644190448851539
Finished training EB misspecified, with in-sample MSE: 0.09955478377923103

 Training SURE of the models:
SURE-PM: 0.02644190448851539
NPMLE: 0.5481991321721806
SURE-PM, NPMLE init: 0.02644277304890501
experiment: d
Finished training EB misspecified with NPMLE init, with SURE: 0.008495389392011568
Finished training EB misspecified with NPMLE init, with in-sample MSE: 0.02025406509825392
Finished training EB misspecified, with SURE: 0.008496815298136156
Finished training EB misspecified, with in-sample MSE: 0.020247695707541938

 Training SURE of the models:
SURE-PM: 0.008496815298136156
NPMLE: 0.05401034204733893
SURE-PM, NPMLE init: 0.008495389392011568
experiment: e
Finished training EB misspecified with NPMLE init, with SURE: 0.17530615170091104
Finished training EB misspecified with NPMLE init, with in-sample MSE: 0.22677587232583712
Finished training EB misspecified, with SURE: 0.17530913206586482
Finished training EB misspecified, with in-sample MSE: 0.22678097435326744

 Training SURE of the models:
SURE-PM: 0.17530913206586482
NPMLE: 0.24508285178380926
SURE-PM, NPMLE init: 0.17530615170091104
n: 400
experiment: c
Finished training EB misspecified with NPMLE init, with SURE: 0.048813902389528326
Finished training EB misspecified with NPMLE init, with in-sample MSE: 0.06675159699166326
Finished training EB misspecified, with SURE: 0.048815502428575644
Finished training EB misspecified, with in-sample MSE: 0.0667497367492614

 Training SURE of the models:
SURE-PM: 0.048815502428575644
NPMLE: 0.6121298966503785
SURE-PM, NPMLE init: 0.048813902389528326
experiment: d
Finished training EB misspecified with NPMLE init, with SURE: 0.000603994922626061
Finished training EB misspecified with NPMLE init, with in-sample MSE: 0.004938188795400633
Finished training EB misspecified, with SURE: 0.0006042649761073981
Finished training EB misspecified, with in-sample MSE: 0.004938136447927773

 Training SURE of the models:
SURE-PM: 0.0006042649761073981
NPMLE: 0.022516205630555605
SURE-PM, NPMLE init: 0.000603994922626061
experiment: e
Finished training EB misspecified with NPMLE init, with SURE: 0.16783731589465845
Finished training EB misspecified with NPMLE init, with in-sample MSE: 0.16726188329047997
Finished training EB misspecified, with SURE: 0.1687036671053314
Finished training EB misspecified, with in-sample MSE: 0.16750819679708165

 Training SURE of the models:
SURE-PM: 0.1687036671053314
NPMLE: 0.3570845620061361
SURE-PM, NPMLE init: 0.16783731589465845
m: 2155
n: 100
experiment: c
Finished training EB misspecified with NPMLE init, with SURE: 0.03367879657698893
Finished training EB misspecified with NPMLE init, with in-sample MSE: 0.07738774009305902
Finished training EB misspecified, with SURE: 0.03368265646440108
Finished training EB misspecified, with in-sample MSE: 0.07715684186862042

 Training SURE of the models:
SURE-PM: 0.03368265646440108
NPMLE: 0.15835967724554365
SURE-PM, NPMLE init: 0.03367879657698893
experiment: d
Finished training EB misspecified with NPMLE init, with SURE: -0.015957890535785956
Finished training EB misspecified with NPMLE init, with in-sample MSE: 0.011530161854077774
Finished training EB misspecified, with SURE: -0.014524284101111498
Finished training EB misspecified, with in-sample MSE: 0.0062929531089690885

 Training SURE of the models:
SURE-PM: -0.014524284101111498
NPMLE: 0.028056854724016738
SURE-PM, NPMLE init: -0.015957890535785956
experiment: e
Finished training EB misspecified with NPMLE init, with SURE: 0.10884697010510959
Finished training EB misspecified with NPMLE init, with in-sample MSE: 0.20863525673470812
Finished training EB misspecified, with SURE: 0.08837154331882839
Finished training EB misspecified, with in-sample MSE: 0.20637005304091577

 Training SURE of the models:
SURE-PM: 0.08837154331882839
NPMLE: 0.27429153849478816
SURE-PM, NPMLE init: 0.10884697010510959
n: 400
experiment: c
Finished training EB misspecified with NPMLE init, with SURE: -0.008845961398494922
Finished training EB misspecified with NPMLE init, with in-sample MSE: 0.06084057058736107
Finished training EB misspecified, with SURE: -0.00884177297716434
Finished training EB misspecified, with in-sample MSE: 0.060841968084700465

 Training SURE of the models:
SURE-PM: -0.00884177297716434
NPMLE: 0.7139908049957845
SURE-PM, NPMLE init: -0.008845961398494922
experiment: d
Finished training EB misspecified with NPMLE init, with SURE: 0.0006651393677787709
Finished training EB misspecified with NPMLE init, with in-sample MSE: 0.0045675645948248115
Finished training EB misspecified, with SURE: 0.0006652796629583158
Finished training EB misspecified, with in-sample MSE: 0.004567478455192599

 Training SURE of the models:
SURE-PM: 0.0006652796629583158
NPMLE: 0.05614290294999281
SURE-PM, NPMLE init: 0.0006651393677787709
experiment: e
Finished training EB misspecified with NPMLE init, with SURE: 0.16849162033874193
Finished training EB misspecified with NPMLE init, with in-sample MSE: 0.17459407003398458
Finished training EB misspecified, with SURE: 0.16849525703107646
Finished training EB misspecified, with in-sample MSE: 0.17461251348918683

 Training SURE of the models:
SURE-PM: 0.16849525703107646
NPMLE: 0.2711105695741185
SURE-PM, NPMLE init: 0.16849162033874193
m: 2156
n: 100
experiment: c
Finished training EB misspecified with NPMLE init, with SURE: -0.019751422074724162
Finished training EB misspecified with NPMLE init, with in-sample MSE: 0.13391768980343519
Finished training EB misspecified, with SURE: -0.01969961691788825
Finished training EB misspecified, with in-sample MSE: 0.13374649500200422

 Training SURE of the models:
SURE-PM: -0.01969961691788825
NPMLE: 0.8447574914382849
SURE-PM, NPMLE init: -0.019751422074724162
experiment: d
Finished training EB misspecified with NPMLE init, with SURE: 0.01835346879446272
Finished training EB misspecified with NPMLE init, with in-sample MSE: 0.019760004407322493
Finished training EB misspecified, with SURE: 0.018357741201972394
Finished training EB misspecified, with in-sample MSE: 0.01975717238585228

 Training SURE of the models:
SURE-PM: 0.018357741201972394
NPMLE: 0.10956836650885801
SURE-PM, NPMLE init: 0.01835346879446272
experiment: e
Finished training EB misspecified with NPMLE init, with SURE: 0.1504973572730352
Finished training EB misspecified with NPMLE init, with in-sample MSE: 0.1675705746776781
Finished training EB misspecified, with SURE: 0.15051112311733655
Finished training EB misspecified, with in-sample MSE: 0.16761388529502064

 Training SURE of the models:
SURE-PM: 0.15051112311733655
NPMLE: 0.26773780065855596
SURE-PM, NPMLE init: 0.1504973572730352
n: 400
experiment: c
Finished training EB misspecified with NPMLE init, with SURE: -0.0021317063360058344
Finished training EB misspecified with NPMLE init, with in-sample MSE: 0.057800977565919814
Finished training EB misspecified, with SURE: -0.002127672485828924
Finished training EB misspecified, with in-sample MSE: 0.05780446114121417

 Training SURE of the models:
SURE-PM: -0.002127672485828924
NPMLE: 0.7006455933443775
SURE-PM, NPMLE init: -0.0021317063360058344
experiment: d
Finished training EB misspecified with NPMLE init, with SURE: 0.0058694883274140255
Finished training EB misspecified with NPMLE init, with in-sample MSE: 0.0042671697960944225
Finished training EB misspecified, with SURE: 0.005869712020310871
Finished training EB misspecified, with in-sample MSE: 0.00426706530206577

 Training SURE of the models:
SURE-PM: 0.005869712020310871
NPMLE: 0.07996211785285197
SURE-PM, NPMLE init: 0.0058694883274140255
experiment: e
Finished training EB misspecified with NPMLE init, with SURE: 0.17362015834201772
Finished training EB misspecified with NPMLE init, with in-sample MSE: 0.1835419860606289
Finished training EB misspecified, with SURE: 0.17415314018812425
Finished training EB misspecified, with in-sample MSE: 0.18410467916480772

 Training SURE of the models:
SURE-PM: 0.17415314018812425
NPMLE: 0.3296987615039544
SURE-PM, NPMLE init: 0.17362015834201772
m: 2157
n: 100
experiment: c
Finished training EB misspecified with NPMLE init, with SURE: -0.13176562469741762
Finished training EB misspecified with NPMLE init, with in-sample MSE: 0.06650939926866628
Finished training EB misspecified, with SURE: -0.13176365937408072
Finished training EB misspecified, with in-sample MSE: 0.06650846807355705

 Training SURE of the models:
SURE-PM: -0.13176365937408072
NPMLE: 0.2938154384405345
SURE-PM, NPMLE init: -0.13176562469741762
experiment: d
Finished training EB misspecified with NPMLE init, with SURE: 0.01425751055249931
Finished training EB misspecified with NPMLE init, with in-sample MSE: 0.011518496791824415
Finished training EB misspecified, with SURE: 0.014262649711333389
Finished training EB misspecified, with in-sample MSE: 0.011517068484126656

 Training SURE of the models:
SURE-PM: 0.014262649711333389
NPMLE: 0.034134917543371515
SURE-PM, NPMLE init: 0.01425751055249931
experiment: e
Finished training EB misspecified with NPMLE init, with SURE: 0.1282736659909341
Finished training EB misspecified with NPMLE init, with in-sample MSE: 0.24325564364366795
Finished training EB misspecified, with SURE: 0.12831523609635362
Finished training EB misspecified, with in-sample MSE: 0.24358892639360635

 Training SURE of the models:
SURE-PM: 0.12831523609635362
NPMLE: 0.35841847716207736
SURE-PM, NPMLE init: 0.1282736659909341
n: 400
experiment: c
Finished training EB misspecified with NPMLE init, with SURE: 0.06847173731344022
Finished training EB misspecified with NPMLE init, with in-sample MSE: 0.05545653625165152
Finished training EB misspecified, with SURE: 0.06847652836441277
Finished training EB misspecified, with in-sample MSE: 0.05545487049504159

 Training SURE of the models:
SURE-PM: 0.06847652836441277
NPMLE: 0.7929377751935496
SURE-PM, NPMLE init: 0.06847173731344022
experiment: d
Finished training EB misspecified with NPMLE init, with SURE: -0.0010131748252646844
Finished training EB misspecified with NPMLE init, with in-sample MSE: 0.004871171085819921
Finished training EB misspecified, with SURE: -0.0010046342946517584
Finished training EB misspecified, with in-sample MSE: 0.0048658317394958215

 Training SURE of the models:
SURE-PM: -0.0010046342946517584
NPMLE: 0.05651541404210063
SURE-PM, NPMLE init: -0.0010131748252646844
experiment: e
Finished training EB misspecified with NPMLE init, with SURE: 0.1759296621724497
Finished training EB misspecified with NPMLE init, with in-sample MSE: 0.18447592786386668
Finished training EB misspecified, with SURE: 0.1759399041145199
Finished training EB misspecified, with in-sample MSE: 0.1844933048441544

 Training SURE of the models:
SURE-PM: 0.1759399041145199
NPMLE: 0.3091151383287062
SURE-PM, NPMLE init: 0.1759296621724497
m: 2158
n: 100
experiment: c
Finished training EB misspecified with NPMLE init, with SURE: 0.0750139360296307
Finished training EB misspecified with NPMLE init, with in-sample MSE: 0.06261293882332138
Finished training EB misspecified, with SURE: 0.07501353755692974
Finished training EB misspecified, with in-sample MSE: 0.06261378608791818

 Training SURE of the models:
SURE-PM: 0.07501353755692974
NPMLE: 0.621183519688938
SURE-PM, NPMLE init: 0.0750139360296307
experiment: d
Finished training EB misspecified with NPMLE init, with SURE: -0.02815368372118627
Finished training EB misspecified with NPMLE init, with in-sample MSE: 0.007740564537931594
Finished training EB misspecified, with SURE: -0.028151947854627383
Finished training EB misspecified, with in-sample MSE: 0.007726329426341939

 Training SURE of the models:
SURE-PM: -0.028151947854627383
NPMLE: -0.006345459959930615
SURE-PM, NPMLE init: -0.02815368372118627
experiment: e
Finished training EB misspecified with NPMLE init, with SURE: 0.1628881020396662
Finished training EB misspecified with NPMLE init, with in-sample MSE: 0.18888992660135703
Finished training EB misspecified, with SURE: 0.16288756127940537
Finished training EB misspecified, with in-sample MSE: 0.18889186891152857

 Training SURE of the models:
SURE-PM: 0.16288756127940537
NPMLE: 0.28031375747331067
SURE-PM, NPMLE init: 0.1628881020396662
n: 400
experiment: c
Finished training EB misspecified with NPMLE init, with SURE: 0.07750112241961667
Finished training EB misspecified with NPMLE init, with in-sample MSE: 0.059599549744504675
Finished training EB misspecified, with SURE: 0.07784483228981244
Finished training EB misspecified, with in-sample MSE: 0.05883605328848685

 Training SURE of the models:
SURE-PM: 0.07784483228981244
NPMLE: 0.6683572618269449
SURE-PM, NPMLE init: 0.07750112241961667
experiment: d
Finished training EB misspecified with NPMLE init, with SURE: -0.001047180867516051
Finished training EB misspecified with NPMLE init, with in-sample MSE: 0.02066032523572492
Finished training EB misspecified, with SURE: -0.0010347804862244913
Finished training EB misspecified, with in-sample MSE: 0.020630752089637525

 Training SURE of the models:
SURE-PM: -0.0010347804862244913
NPMLE: 0.010101113994450834
SURE-PM, NPMLE init: -0.001047180867516051
experiment: e
Finished training EB misspecified with NPMLE init, with SURE: 0.16582342074175274
Finished training EB misspecified with NPMLE init, with in-sample MSE: 0.18775835389455497
Finished training EB misspecified, with SURE: 0.1646088023415794
Finished training EB misspecified, with in-sample MSE: 0.18881798534643612

 Training SURE of the models:
SURE-PM: 0.1646088023415794
NPMLE: 0.32017309001660155
SURE-PM, NPMLE init: 0.16582342074175274
m: 2159
n: 100
experiment: c
Finished training EB misspecified with NPMLE init, with SURE: 0.05554811605707357
Finished training EB misspecified with NPMLE init, with in-sample MSE: 0.05152103869225273
Finished training EB misspecified, with SURE: 0.05556288107170076
Finished training EB misspecified, with in-sample MSE: 0.05151312661166556

 Training SURE of the models:
SURE-PM: 0.05556288107170076
NPMLE: 0.6849957995847821
SURE-PM, NPMLE init: 0.05554811605707357
experiment: d
Finished training EB misspecified with NPMLE init, with SURE: -0.006730094182818132
Finished training EB misspecified with NPMLE init, with in-sample MSE: 0.007291952886284548
Finished training EB misspecified, with SURE: -0.006729703072902708
Finished training EB misspecified, with in-sample MSE: 0.007291906324394458

 Training SURE of the models:
SURE-PM: -0.006729703072902708
NPMLE: -0.002736138310019438
SURE-PM, NPMLE init: -0.006730094182818132
experiment: e
Finished training EB misspecified with NPMLE init, with SURE: 0.11864386003363016
Finished training EB misspecified with NPMLE init, with in-sample MSE: 0.16271507267425048
Finished training EB misspecified, with SURE: 0.11864822658669531
Finished training EB misspecified, with in-sample MSE: 0.16271665558429446

 Training SURE of the models:
SURE-PM: 0.11864822658669531
NPMLE: 0.3358704176163144
SURE-PM, NPMLE init: 0.11864386003363016
n: 400
experiment: c
Finished training EB misspecified with NPMLE init, with SURE: 0.06317858207757056
Finished training EB misspecified with NPMLE init, with in-sample MSE: 0.060283900265478065
Finished training EB misspecified, with SURE: 0.06317831910830812
Finished training EB misspecified, with in-sample MSE: 0.06028411254045736

 Training SURE of the models:
SURE-PM: 0.06317831910830812
NPMLE: 0.5167675722287648
SURE-PM, NPMLE init: 0.06317858207757056
experiment: d
Finished training EB misspecified with NPMLE init, with SURE: -0.011013364512317719
Finished training EB misspecified with NPMLE init, with in-sample MSE: 0.005344814520504591
Finished training EB misspecified, with SURE: -0.011010681412732773
Finished training EB misspecified, with in-sample MSE: 0.005340047409892241

 Training SURE of the models:
SURE-PM: -0.011010681412732773
NPMLE: 0.0139345888165996
SURE-PM, NPMLE init: -0.011013364512317719
experiment: e
Finished training EB misspecified with NPMLE init, with SURE: 0.16300933248604246
Finished training EB misspecified with NPMLE init, with in-sample MSE: 0.1718390649758608
Finished training EB misspecified, with SURE: 0.16297408680435801
Finished training EB misspecified, with in-sample MSE: 0.17082926818584443

 Training SURE of the models:
SURE-PM: 0.16297408680435801
NPMLE: 0.3627571586054863
SURE-PM, NPMLE init: 0.16300933248604246
m: 2160
n: 100
experiment: c
Finished training EB misspecified with NPMLE init, with SURE: 0.08913946755459257
Finished training EB misspecified with NPMLE init, with in-sample MSE: 0.06251088354836801
Finished training EB misspecified, with SURE: 0.08913485188956777
Finished training EB misspecified, with in-sample MSE: 0.06248852990032041

 Training SURE of the models:
SURE-PM: 0.08913485188956777
NPMLE: 0.38179997395988335
SURE-PM, NPMLE init: 0.08913946755459257
experiment: d
Finished training EB misspecified with NPMLE init, with SURE: 0.01830238572860985
Finished training EB misspecified with NPMLE init, with in-sample MSE: 0.010181244030195633
Finished training EB misspecified, with SURE: 0.018302777106779668
Finished training EB misspecified, with in-sample MSE: 0.010185124161262205

 Training SURE of the models:
SURE-PM: 0.018302777106779668
NPMLE: 0.021025097189303725
SURE-PM, NPMLE init: 0.01830238572860985
experiment: e
Finished training EB misspecified with NPMLE init, with SURE: 0.15562124993459467
Finished training EB misspecified with NPMLE init, with in-sample MSE: 0.25762422292570053
Finished training EB misspecified, with SURE: 0.1556287845552377
Finished training EB misspecified, with in-sample MSE: 0.2577324724895815

 Training SURE of the models:
SURE-PM: 0.1556287845552377
NPMLE: 0.3518583236965258
SURE-PM, NPMLE init: 0.15562124993459467
n: 400
experiment: c
Finished training EB misspecified with NPMLE init, with SURE: 0.08642591389070262
Finished training EB misspecified with NPMLE init, with in-sample MSE: 0.06276131686919918
Finished training EB misspecified, with SURE: 0.08644386302002367
Finished training EB misspecified, with in-sample MSE: 0.0627389392850342

 Training SURE of the models:
SURE-PM: 0.08644386302002367
NPMLE: 0.8268310149975266
SURE-PM, NPMLE init: 0.08642591389070262
experiment: d
Finished training EB misspecified with NPMLE init, with SURE: 0.013592026901920438
Finished training EB misspecified with NPMLE init, with in-sample MSE: 0.008108031046155791
Finished training EB misspecified, with SURE: 0.013592237457284587
Finished training EB misspecified, with in-sample MSE: 0.008108205334449487

 Training SURE of the models:
SURE-PM: 0.013592237457284587
NPMLE: 0.08539758350147972
SURE-PM, NPMLE init: 0.013592026901920438
experiment: e
Finished training EB misspecified with NPMLE init, with SURE: 0.16776153846022804
Finished training EB misspecified with NPMLE init, with in-sample MSE: 0.20551270861191967
Finished training EB misspecified, with SURE: 0.16776796725158885
Finished training EB misspecified, with in-sample MSE: 0.20557138296634345

 Training SURE of the models:
SURE-PM: 0.16776796725158885
NPMLE: 0.3230477055048283
SURE-PM, NPMLE init: 0.16776153846022804
m: 2161
n: 100
experiment: c
Finished training EB misspecified with NPMLE init, with SURE: 0.12008528821238812
Finished training EB misspecified with NPMLE init, with in-sample MSE: 0.13558671614708973
Finished training EB misspecified, with SURE: 0.12009071489728924
Finished training EB misspecified, with in-sample MSE: 0.1355581423233382

 Training SURE of the models:
SURE-PM: 0.12009071489728924
NPMLE: 1.045552201871117
SURE-PM, NPMLE init: 0.12008528821238812
experiment: d
Finished training EB misspecified with NPMLE init, with SURE: -0.015228939490738789
Finished training EB misspecified with NPMLE init, with in-sample MSE: 0.008134032140980322
Finished training EB misspecified, with SURE: -0.015227132148558696
Finished training EB misspecified, with in-sample MSE: 0.008130184300949257

 Training SURE of the models:
SURE-PM: -0.015227132148558696
NPMLE: -0.012946229067769578
SURE-PM, NPMLE init: -0.015228939490738789
experiment: e
Finished training EB misspecified with NPMLE init, with SURE: 0.05840201801679655
Finished training EB misspecified with NPMLE init, with in-sample MSE: 0.31884898566768055
Finished training EB misspecified, with SURE: 0.05841193471721539
Finished training EB misspecified, with in-sample MSE: 0.3188202678007448

 Training SURE of the models:
SURE-PM: 0.05841193471721539
NPMLE: 0.3068086477802381
SURE-PM, NPMLE init: 0.05840201801679655
n: 400
experiment: c
Finished training EB misspecified with NPMLE init, with SURE: 0.07071986877938002
Finished training EB misspecified with NPMLE init, with in-sample MSE: 0.058596246686940565
Finished training EB misspecified, with SURE: 0.07076470233528248
Finished training EB misspecified, with in-sample MSE: 0.058486780607037075

 Training SURE of the models:
SURE-PM: 0.07076470233528248
NPMLE: 0.821029550133475
SURE-PM, NPMLE init: 0.07071986877938002
experiment: d
Finished training EB misspecified with NPMLE init, with SURE: 0.00911403240689065
Finished training EB misspecified with NPMLE init, with in-sample MSE: 0.004972064809489085
Finished training EB misspecified, with SURE: 0.009114501608981982
Finished training EB misspecified, with in-sample MSE: 0.004971833700228205

 Training SURE of the models:
SURE-PM: 0.009114501608981982
NPMLE: 0.019515263036376993
SURE-PM, NPMLE init: 0.00911403240689065
experiment: e
Finished training EB misspecified with NPMLE init, with SURE: 0.1799769501856731
Finished training EB misspecified with NPMLE init, with in-sample MSE: 0.20167423050081157
Finished training EB misspecified, with SURE: 0.1799836915047715
Finished training EB misspecified, with in-sample MSE: 0.20165235081020771

 Training SURE of the models:
SURE-PM: 0.1799836915047715
NPMLE: 0.31143582533608055
SURE-PM, NPMLE init: 0.1799769501856731
m: 2162
n: 100
experiment: c
Finished training EB misspecified with NPMLE init, with SURE: 0.08005674370765746
Finished training EB misspecified with NPMLE init, with in-sample MSE: 0.08539195103940156
Finished training EB misspecified, with SURE: 0.08006458612159037
Finished training EB misspecified, with in-sample MSE: 0.08542310068194692

 Training SURE of the models:
SURE-PM: 0.08006458612159037
NPMLE: 0.5665968882228438
SURE-PM, NPMLE init: 0.08005674370765746
experiment: d
Finished training EB misspecified with NPMLE init, with SURE: 0.019182102733419804
Finished training EB misspecified with NPMLE init, with in-sample MSE: 0.033767714699918634
Finished training EB misspecified, with SURE: 0.03538645101734471
Finished training EB misspecified, with in-sample MSE: 0.012235690774750656

 Training SURE of the models:
SURE-PM: 0.03538645101734471
NPMLE: 0.13074364458706084
SURE-PM, NPMLE init: 0.019182102733419804
experiment: e
Finished training EB misspecified with NPMLE init, with SURE: 0.13467724434600464
Finished training EB misspecified with NPMLE init, with in-sample MSE: 0.19047645252716197
Finished training EB misspecified, with SURE: 0.1346737040264454
Finished training EB misspecified, with in-sample MSE: 0.19048729849230686

 Training SURE of the models:
SURE-PM: 0.1346737040264454
NPMLE: 0.29546381989446346
SURE-PM, NPMLE init: 0.13467724434600464
n: 400
experiment: c
Finished training EB misspecified with NPMLE init, with SURE: 0.017063955760457362
Finished training EB misspecified with NPMLE init, with in-sample MSE: 0.053541167915160115
Finished training EB misspecified, with SURE: 0.01706861740536425
Finished training EB misspecified, with in-sample MSE: 0.05356676341490272

 Training SURE of the models:
SURE-PM: 0.01706861740536425
NPMLE: 0.42566454364317496
SURE-PM, NPMLE init: 0.017063955760457362
experiment: d
Finished training EB misspecified with NPMLE init, with SURE: 0.004621959713723935
Finished training EB misspecified with NPMLE init, with in-sample MSE: 0.008328794132658062
Finished training EB misspecified, with SURE: 0.004627025727416551
Finished training EB misspecified, with in-sample MSE: 0.008327966893373303

 Training SURE of the models:
SURE-PM: 0.004627025727416551
NPMLE: 0.03783229932227222
SURE-PM, NPMLE init: 0.004621959713723935
experiment: e
Finished training EB misspecified with NPMLE init, with SURE: 0.15940559889411202
Finished training EB misspecified with NPMLE init, with in-sample MSE: 0.2023762798419727
Finished training EB misspecified, with SURE: 0.1594117412031824
Finished training EB misspecified, with in-sample MSE: 0.20236033526641395

 Training SURE of the models:
SURE-PM: 0.1594117412031824
NPMLE: 0.29156194919877704
SURE-PM, NPMLE init: 0.15940559889411202
m: 2163
n: 100
experiment: c
Finished training EB misspecified with NPMLE init, with SURE: 0.09331407856590154
Finished training EB misspecified with NPMLE init, with in-sample MSE: 0.05715801773247402
Finished training EB misspecified, with SURE: 0.0933185863557106
Finished training EB misspecified, with in-sample MSE: 0.057158392478993465

 Training SURE of the models:
SURE-PM: 0.0933185863557106
NPMLE: 0.5912055835358816
SURE-PM, NPMLE init: 0.09331407856590154
experiment: d
Finished training EB misspecified with NPMLE init, with SURE: 0.006935201776575451
Finished training EB misspecified with NPMLE init, with in-sample MSE: 0.0077962900672640155
Finished training EB misspecified, with SURE: 0.006934940440697321
Finished training EB misspecified, with in-sample MSE: 0.007796360480969496

 Training SURE of the models:
SURE-PM: 0.006934940440697321
NPMLE: 0.07831114265792705
SURE-PM, NPMLE init: 0.006935201776575451
experiment: e
Finished training EB misspecified with NPMLE init, with SURE: 0.1338316864463618
Finished training EB misspecified with NPMLE init, with in-sample MSE: 0.1339282814820896
Finished training EB misspecified, with SURE: 0.13383997124889938
Finished training EB misspecified, with in-sample MSE: 0.1339310376622174

 Training SURE of the models:
SURE-PM: 0.13383997124889938
NPMLE: 0.371084315210601
SURE-PM, NPMLE init: 0.1338316864463618
n: 400
experiment: c
Finished training EB misspecified with NPMLE init, with SURE: 0.045643356237243256
Finished training EB misspecified with NPMLE init, with in-sample MSE: 0.05601071793575696
Finished training EB misspecified, with SURE: 0.04729351114050204
Finished training EB misspecified, with in-sample MSE: 0.052294241173909996

 Training SURE of the models:
SURE-PM: 0.04729351114050204
NPMLE: 0.6257200516726243
SURE-PM, NPMLE init: 0.045643356237243256
experiment: d
Finished training EB misspecified with NPMLE init, with SURE: -0.0014583915398862146
Finished training EB misspecified with NPMLE init, with in-sample MSE: 0.005532729960148175
Finished training EB misspecified, with SURE: -0.0014522202059376354
Finished training EB misspecified, with in-sample MSE: 0.0055386703179015374

 Training SURE of the models:
SURE-PM: -0.0014522202059376354
NPMLE: 0.017522950351671458
SURE-PM, NPMLE init: -0.0014583915398862146
experiment: e
Finished training EB misspecified with NPMLE init, with SURE: 0.14605104282263043
Finished training EB misspecified with NPMLE init, with in-sample MSE: 0.18037007792010573
Finished training EB misspecified, with SURE: 0.1460691243307631
Finished training EB misspecified, with in-sample MSE: 0.1803136346586019

 Training SURE of the models:
SURE-PM: 0.1460691243307631
NPMLE: 0.30893335427030894
SURE-PM, NPMLE init: 0.14605104282263043
m: 2164
n: 100
experiment: c
Finished training EB misspecified with NPMLE init, with SURE: -0.03659572864411501
Finished training EB misspecified with NPMLE init, with in-sample MSE: 0.058363858171240096
Finished training EB misspecified, with SURE: -0.03658652503326351
Finished training EB misspecified, with in-sample MSE: 0.058368755228182

 Training SURE of the models:
SURE-PM: -0.03658652503326351
NPMLE: 0.41644368697890316
SURE-PM, NPMLE init: -0.03659572864411501
experiment: d
Finished training EB misspecified with NPMLE init, with SURE: -0.0064231958339945015
Finished training EB misspecified with NPMLE init, with in-sample MSE: 0.004996322039570061
Finished training EB misspecified, with SURE: -0.006423262850763845
Finished training EB misspecified, with in-sample MSE: 0.004996526778683354

 Training SURE of the models:
SURE-PM: -0.006423262850763845
NPMLE: 0.05924008256497652
SURE-PM, NPMLE init: -0.0064231958339945015
experiment: e
Finished training EB misspecified with NPMLE init, with SURE: 0.15005173106799022
Finished training EB misspecified with NPMLE init, with in-sample MSE: 0.17974689468601593
Finished training EB misspecified, with SURE: 0.15005775446654568
Finished training EB misspecified, with in-sample MSE: 0.1797468712687605

 Training SURE of the models:
SURE-PM: 0.15005775446654568
NPMLE: 0.34338416727516075
SURE-PM, NPMLE init: 0.15005173106799022
n: 400
experiment: c
Finished training EB misspecified with NPMLE init, with SURE: 0.06837591256865416
Finished training EB misspecified with NPMLE init, with in-sample MSE: 0.0797031140447675
Finished training EB misspecified, with SURE: 0.06837397474761843
Finished training EB misspecified, with in-sample MSE: 0.07971605020220757

 Training SURE of the models:
SURE-PM: 0.06837397474761843
NPMLE: 0.8024371678077605
SURE-PM, NPMLE init: 0.06837591256865416
experiment: d
Finished training EB misspecified with NPMLE init, with SURE: 0.018401240418664495
Finished training EB misspecified with NPMLE init, with in-sample MSE: 0.006833354070907124
Finished training EB misspecified, with SURE: 0.01840478071540449
Finished training EB misspecified, with in-sample MSE: 0.006841939625276889

 Training SURE of the models:
SURE-PM: 0.01840478071540449
NPMLE: 0.05918835128697287
SURE-PM, NPMLE init: 0.018401240418664495
experiment: e
Finished training EB misspecified with NPMLE init, with SURE: 0.16351663573355332
Finished training EB misspecified with NPMLE init, with in-sample MSE: 0.17031392744527937
Finished training EB misspecified, with SURE: 0.1635211593675203
Finished training EB misspecified, with in-sample MSE: 0.17032009293329015

 Training SURE of the models:
SURE-PM: 0.1635211593675203
NPMLE: 0.30849451454696797
SURE-PM, NPMLE init: 0.16351663573355332
m: 2165
n: 100
experiment: c
Finished training EB misspecified with NPMLE init, with SURE: -0.012669020431560228
Finished training EB misspecified with NPMLE init, with in-sample MSE: 0.0634801101852501
Finished training EB misspecified, with SURE: -0.012665874570024301
Finished training EB misspecified, with in-sample MSE: 0.06348148848237926

 Training SURE of the models:
SURE-PM: -0.012665874570024301
NPMLE: 0.5449079410204855
SURE-PM, NPMLE init: -0.012669020431560228
experiment: d
Finished training EB misspecified with NPMLE init, with SURE: -0.0016640487914980006
Finished training EB misspecified with NPMLE init, with in-sample MSE: 0.04746839101822771
Finished training EB misspecified, with SURE: -0.0016613665866825934
Finished training EB misspecified, with in-sample MSE: 0.04738152224847638

 Training SURE of the models:
SURE-PM: -0.0016613665866825934
NPMLE: 0.02482439806009239
SURE-PM, NPMLE init: -0.0016640487914980006
experiment: e
Finished training EB misspecified with NPMLE init, with SURE: 0.13022003816614666
Finished training EB misspecified with NPMLE init, with in-sample MSE: 0.16617131215257316
Finished training EB misspecified, with SURE: 0.13022290432537506
Finished training EB misspecified, with in-sample MSE: 0.16629240846469537

 Training SURE of the models:
SURE-PM: 0.13022290432537506
NPMLE: 0.34344480241293984
SURE-PM, NPMLE init: 0.13022003816614666
n: 400
experiment: c
Finished training EB misspecified with NPMLE init, with SURE: 0.10761909652848417
Finished training EB misspecified with NPMLE init, with in-sample MSE: 0.06700840031395994
Finished training EB misspecified, with SURE: 0.1076647644235814
Finished training EB misspecified, with in-sample MSE: 0.06692008755235374

 Training SURE of the models:
SURE-PM: 0.1076647644235814
NPMLE: 0.9338946530688119
SURE-PM, NPMLE init: 0.10761909652848417
experiment: d
Finished training EB misspecified with NPMLE init, with SURE: 0.00024928580484999684
Finished training EB misspecified with NPMLE init, with in-sample MSE: 0.007328284179439965
Finished training EB misspecified, with SURE: 0.00039530736468870845
Finished training EB misspecified, with in-sample MSE: 0.007497190746175263

 Training SURE of the models:
SURE-PM: 0.00039530736468870845
NPMLE: 0.010792752540810078
SURE-PM, NPMLE init: 0.00024928580484999684
experiment: e
Finished training EB misspecified with NPMLE init, with SURE: 0.17251217946565647
Finished training EB misspecified with NPMLE init, with in-sample MSE: 0.19045182825530385
Finished training EB misspecified, with SURE: 0.1725320459597237
Finished training EB misspecified, with in-sample MSE: 0.19034368526812673

 Training SURE of the models:
SURE-PM: 0.1725320459597237
NPMLE: 0.3094437352749353
SURE-PM, NPMLE init: 0.17251217946565647
m: 2166
n: 100
experiment: c
Finished training EB misspecified with NPMLE init, with SURE: 0.01868282141330582
Finished training EB misspecified with NPMLE init, with in-sample MSE: 0.04331708577011122
Finished training EB misspecified, with SURE: 0.018688461287408985
Finished training EB misspecified, with in-sample MSE: 0.043318957801122125

 Training SURE of the models:
SURE-PM: 0.018688461287408985
NPMLE: 0.4122957871196036
SURE-PM, NPMLE init: 0.01868282141330582
experiment: d
Finished training EB misspecified with NPMLE init, with SURE: -0.014538548622224425
Finished training EB misspecified with NPMLE init, with in-sample MSE: 0.004532708029904558
Finished training EB misspecified, with SURE: -0.01453512622336337
Finished training EB misspecified, with in-sample MSE: 0.0045311206250760565

 Training SURE of the models:
SURE-PM: -0.01453512622336337
NPMLE: 0.07126943710759645
SURE-PM, NPMLE init: -0.014538548622224425
experiment: e
Finished training EB misspecified with NPMLE init, with SURE: 0.15953904815006212
Finished training EB misspecified with NPMLE init, with in-sample MSE: 0.16111594913318883
Finished training EB misspecified, with SURE: 0.1444189972496153
Finished training EB misspecified, with in-sample MSE: 0.15995550941978717

 Training SURE of the models:
SURE-PM: 0.1444189972496153
NPMLE: 0.3049747865453224
SURE-PM, NPMLE init: 0.15953904815006212
n: 400
experiment: c
Finished training EB misspecified with NPMLE init, with SURE: 0.03512111070222396
Finished training EB misspecified with NPMLE init, with in-sample MSE: 0.05490079368289048
Finished training EB misspecified, with SURE: 0.03516680232703592
Finished training EB misspecified, with in-sample MSE: 0.05488898400089916

 Training SURE of the models:
SURE-PM: 0.03516680232703592
NPMLE: 0.6676874431970978
SURE-PM, NPMLE init: 0.03512111070222396
experiment: d
Finished training EB misspecified with NPMLE init, with SURE: -0.007655860557198118
Finished training EB misspecified with NPMLE init, with in-sample MSE: 0.010182028007019268
Finished training EB misspecified, with SURE: -0.007653183527080998
Finished training EB misspecified, with in-sample MSE: 0.010175961172687573

 Training SURE of the models:
SURE-PM: -0.007653183527080998
NPMLE: 0.030546586493447964
SURE-PM, NPMLE init: -0.007655860557198118
experiment: e
Finished training EB misspecified with NPMLE init, with SURE: 0.1587941927791505
Finished training EB misspecified with NPMLE init, with in-sample MSE: 0.17390291815170625
Finished training EB misspecified, with SURE: 0.15879746599272834
Finished training EB misspecified, with in-sample MSE: 0.17389945999331716

 Training SURE of the models:
SURE-PM: 0.15879746599272834
NPMLE: 0.2810642254573338
SURE-PM, NPMLE init: 0.1587941927791505
m: 2167
n: 100
experiment: c
Finished training EB misspecified with NPMLE init, with SURE: 0.08009235723357869
Finished training EB misspecified with NPMLE init, with in-sample MSE: 0.056845431097982374
Finished training EB misspecified, with SURE: 0.08010629817249992
Finished training EB misspecified, with in-sample MSE: 0.05685141620137636

 Training SURE of the models:
SURE-PM: 0.08010629817249992
NPMLE: 0.2962733384185616
SURE-PM, NPMLE init: 0.08009235723357869
experiment: d
Finished training EB misspecified with NPMLE init, with SURE: 0.004426582007897473
Finished training EB misspecified with NPMLE init, with in-sample MSE: 0.008371634331730504
Finished training EB misspecified, with SURE: 0.004427167276394286
Finished training EB misspecified, with in-sample MSE: 0.00837128530123342

 Training SURE of the models:
SURE-PM: 0.004427167276394286
NPMLE: 0.027614186184807002
SURE-PM, NPMLE init: 0.004426582007897473
experiment: e
Finished training EB misspecified with NPMLE init, with SURE: 0.12458199139475089
Finished training EB misspecified with NPMLE init, with in-sample MSE: 0.23059586442804694
Finished training EB misspecified, with SURE: 0.12458945946737199
Finished training EB misspecified, with in-sample MSE: 0.23058397527408098

 Training SURE of the models:
SURE-PM: 0.12458945946737199
NPMLE: 0.31448008869744604
SURE-PM, NPMLE init: 0.12458199139475089
n: 400
experiment: c
Finished training EB misspecified with NPMLE init, with SURE: 0.022296748817745567
Finished training EB misspecified with NPMLE init, with in-sample MSE: 0.056101000118286615
Finished training EB misspecified, with SURE: 0.022298074537628523
Finished training EB misspecified, with in-sample MSE: 0.056104147407146684

 Training SURE of the models:
SURE-PM: 0.022298074537628523
NPMLE: 0.2203783019453003
SURE-PM, NPMLE init: 0.022296748817745567
experiment: d
Finished training EB misspecified with NPMLE init, with SURE: -0.005590093093995865
Finished training EB misspecified with NPMLE init, with in-sample MSE: 0.008133363652512923
Finished training EB misspecified, with SURE: -0.005589617337133994
Finished training EB misspecified, with in-sample MSE: 0.008145008300127083

 Training SURE of the models:
SURE-PM: -0.005589617337133994
NPMLE: 0.09047315376513243
SURE-PM, NPMLE init: -0.005590093093995865
experiment: e
Finished training EB misspecified with NPMLE init, with SURE: 0.19015006154515565
Finished training EB misspecified with NPMLE init, with in-sample MSE: 0.18169994586353946
Finished training EB misspecified, with SURE: 0.17405538507819582
Finished training EB misspecified, with in-sample MSE: 0.202823280974677

 Training SURE of the models:
SURE-PM: 0.17405538507819582
NPMLE: 0.3398930917038111
SURE-PM, NPMLE init: 0.19015006154515565
m: 2168
n: 100
experiment: c
Finished training EB misspecified with NPMLE init, with SURE: -0.023168836292862593
Finished training EB misspecified with NPMLE init, with in-sample MSE: 0.069655856851363
Finished training EB misspecified, with SURE: -0.023152559702276605
Finished training EB misspecified, with in-sample MSE: 0.06966552706072607

 Training SURE of the models:
SURE-PM: -0.023152559702276605
NPMLE: 0.49607928143767893
SURE-PM, NPMLE init: -0.023168836292862593
experiment: d
Finished training EB misspecified with NPMLE init, with SURE: 0.00715114040634699
Finished training EB misspecified with NPMLE init, with in-sample MSE: 0.010830781664018749
Finished training EB misspecified, with SURE: 0.007152355098924126
Finished training EB misspecified, with in-sample MSE: 0.010830587048371802

 Training SURE of the models:
SURE-PM: 0.007152355098924126
NPMLE: 0.021823393166961774
SURE-PM, NPMLE init: 0.00715114040634699
experiment: e
Finished training EB misspecified with NPMLE init, with SURE: 0.1649624096220407
Finished training EB misspecified with NPMLE init, with in-sample MSE: 0.21883644565582888
Finished training EB misspecified, with SURE: 0.16496434271199192
Finished training EB misspecified, with in-sample MSE: 0.21883568936072798

 Training SURE of the models:
SURE-PM: 0.16496434271199192
NPMLE: 0.28741736897395787
SURE-PM, NPMLE init: 0.1649624096220407
n: 400
experiment: c
Finished training EB misspecified with NPMLE init, with SURE: 0.05549579076027371
Finished training EB misspecified with NPMLE init, with in-sample MSE: 0.06369746453321459
Finished training EB misspecified, with SURE: 0.055494225568222366
Finished training EB misspecified, with in-sample MSE: 0.06369632104717633

 Training SURE of the models:
SURE-PM: 0.055494225568222366
NPMLE: 0.36767949164904307
SURE-PM, NPMLE init: 0.05549579076027371
experiment: d
Finished training EB misspecified with NPMLE init, with SURE: 0.004080893162075423
Finished training EB misspecified with NPMLE init, with in-sample MSE: 0.005964318750120059
Finished training EB misspecified, with SURE: 0.004086751329117728
Finished training EB misspecified, with in-sample MSE: 0.0059558698995496595

 Training SURE of the models:
SURE-PM: 0.004086751329117728
NPMLE: 0.03539755021111816
SURE-PM, NPMLE init: 0.004080893162075423
experiment: e
Finished training EB misspecified with NPMLE init, with SURE: 0.17135414921314218
Finished training EB misspecified with NPMLE init, with in-sample MSE: 0.22084197950672685
Finished training EB misspecified, with SURE: 0.1713614059896987
Finished training EB misspecified, with in-sample MSE: 0.22085670659767007

 Training SURE of the models:
SURE-PM: 0.1713614059896987
NPMLE: 0.33507593579323924
SURE-PM, NPMLE init: 0.17135414921314218
m: 2169
n: 100
experiment: c
Finished training EB misspecified with NPMLE init, with SURE: 0.05373664512233276
Finished training EB misspecified with NPMLE init, with in-sample MSE: 0.2409253468030189
Finished training EB misspecified, with SURE: 0.053758262760139675
Finished training EB misspecified, with in-sample MSE: 0.24085866523980282

 Training SURE of the models:
SURE-PM: 0.053758262760139675
NPMLE: 0.9758819749958255
SURE-PM, NPMLE init: 0.05373664512233276
experiment: d
Finished training EB misspecified with NPMLE init, with SURE: 0.015130245697647472
Finished training EB misspecified with NPMLE init, with in-sample MSE: 0.026209644221403764
Finished training EB misspecified, with SURE: 0.015131359796373953
Finished training EB misspecified, with in-sample MSE: 0.02620469208716786

 Training SURE of the models:
SURE-PM: 0.015131359796373953
NPMLE: 0.033948949924878596
SURE-PM, NPMLE init: 0.015130245697647472
experiment: e
Finished training EB misspecified with NPMLE init, with SURE: 0.16308601464108108
Finished training EB misspecified with NPMLE init, with in-sample MSE: 0.313096975721342
Finished training EB misspecified, with SURE: 0.16310189421372465
Finished training EB misspecified, with in-sample MSE: 0.3131834519156543

 Training SURE of the models:
SURE-PM: 0.16310189421372465
NPMLE: 0.3034524947528718
SURE-PM, NPMLE init: 0.16308601464108108
n: 400
experiment: c
Finished training EB misspecified with NPMLE init, with SURE: 0.07515355372088763
Finished training EB misspecified with NPMLE init, with in-sample MSE: 0.07542796459663018
Finished training EB misspecified, with SURE: 0.07520501968097477
Finished training EB misspecified, with in-sample MSE: 0.07537747636920358

 Training SURE of the models:
SURE-PM: 0.07520501968097477
NPMLE: 0.6066698483515858
SURE-PM, NPMLE init: 0.07515355372088763
experiment: d
Finished training EB misspecified with NPMLE init, with SURE: 0.001281911661426438
Finished training EB misspecified with NPMLE init, with in-sample MSE: 0.005678714865832653
Finished training EB misspecified, with SURE: 0.001282141265454282
Finished training EB misspecified, with in-sample MSE: 0.005678543341981096

 Training SURE of the models:
SURE-PM: 0.001282141265454282
NPMLE: 0.028265674810466733
SURE-PM, NPMLE init: 0.001281911661426438
experiment: e
Finished training EB misspecified with NPMLE init, with SURE: 0.1513112560626452
Finished training EB misspecified with NPMLE init, with in-sample MSE: 0.1905057236752242
Finished training EB misspecified, with SURE: 0.15131875093904434
Finished training EB misspecified, with in-sample MSE: 0.19048817629336834

 Training SURE of the models:
SURE-PM: 0.15131875093904434
NPMLE: 0.3410370047647055
SURE-PM, NPMLE init: 0.1513112560626452
m: 2170
n: 100
experiment: c
Finished training EB misspecified with NPMLE init, with SURE: -0.08262358092232078
Finished training EB misspecified with NPMLE init, with in-sample MSE: 0.08389889881016618
Finished training EB misspecified, with SURE: -0.0826161201626357
Finished training EB misspecified, with in-sample MSE: 0.08453272750945331

 Training SURE of the models:
SURE-PM: -0.0826161201626357
NPMLE: 0.6050625175587488
SURE-PM, NPMLE init: -0.08262358092232078
experiment: d
Finished training EB misspecified with NPMLE init, with SURE: 0.006037299214722385
Finished training EB misspecified with NPMLE init, with in-sample MSE: 0.02656822393153599
Finished training EB misspecified, with SURE: 0.006058015623808597
Finished training EB misspecified, with in-sample MSE: 0.026598557177661842

 Training SURE of the models:
SURE-PM: 0.006058015623808597
NPMLE: 0.03996670879094925
SURE-PM, NPMLE init: 0.006037299214722385
experiment: e
Finished training EB misspecified with NPMLE init, with SURE: 0.1683344095623519
Finished training EB misspecified with NPMLE init, with in-sample MSE: 0.23451484548129528
Finished training EB misspecified, with SURE: 0.16833891221764025
Finished training EB misspecified, with in-sample MSE: 0.23452112563053412

 Training SURE of the models:
SURE-PM: 0.16833891221764025
NPMLE: 0.3314113780165489
SURE-PM, NPMLE init: 0.1683344095623519
n: 400
experiment: c
Finished training EB misspecified with NPMLE init, with SURE: 0.028970546396480473
Finished training EB misspecified with NPMLE init, with in-sample MSE: 0.07031200372378765
Finished training EB misspecified, with SURE: 0.02903273941902903
Finished training EB misspecified, with in-sample MSE: 0.07176144967462243

 Training SURE of the models:
SURE-PM: 0.02903273941902903
NPMLE: 1.1774704352894432
SURE-PM, NPMLE init: 0.028970546396480473
experiment: d
Finished training EB misspecified with NPMLE init, with SURE: 0.014160338348940656
Finished training EB misspecified with NPMLE init, with in-sample MSE: 0.007656965411058627
Finished training EB misspecified, with SURE: 0.014166860908716536
Finished training EB misspecified, with in-sample MSE: 0.0076535317063579945

 Training SURE of the models:
SURE-PM: 0.014166860908716536
NPMLE: 0.06685237614437689
SURE-PM, NPMLE init: 0.014160338348940656
experiment: e
Finished training EB misspecified with NPMLE init, with SURE: 0.15838861044936745
Finished training EB misspecified with NPMLE init, with in-sample MSE: 0.1544350486504115
Finished training EB misspecified, with SURE: 0.15840054128450168
Finished training EB misspecified, with in-sample MSE: 0.15440661222114785

 Training SURE of the models:
SURE-PM: 0.15840054128450168
NPMLE: 0.3342530752532764
SURE-PM, NPMLE init: 0.15838861044936745
m: 2171
n: 100
experiment: c
Finished training EB misspecified with NPMLE init, with SURE: -0.005093390435852711
Finished training EB misspecified with NPMLE init, with in-sample MSE: 0.06618094458713265
Finished training EB misspecified, with SURE: -0.00508844219607461
Finished training EB misspecified, with in-sample MSE: 0.0661771407721255

 Training SURE of the models:
SURE-PM: -0.00508844219607461
NPMLE: 0.7297029132441292
SURE-PM, NPMLE init: -0.005093390435852711
experiment: d
Finished training EB misspecified with NPMLE init, with SURE: -0.013119829438312785
Finished training EB misspecified with NPMLE init, with in-sample MSE: 0.004953811593416363
Finished training EB misspecified, with SURE: -0.013119485863489296
Finished training EB misspecified, with in-sample MSE: 0.0049537567276182895

 Training SURE of the models:
SURE-PM: -0.013119485863489296
NPMLE: 0.00018348047758660614
SURE-PM, NPMLE init: -0.013119829438312785
experiment: e
Finished training EB misspecified with NPMLE init, with SURE: 0.15607305563613252
Finished training EB misspecified with NPMLE init, with in-sample MSE: 0.20142274048404218
Finished training EB misspecified, with SURE: 0.15608114047020827
Finished training EB misspecified, with in-sample MSE: 0.2014116556106229

 Training SURE of the models:
SURE-PM: 0.15608114047020827
NPMLE: 0.29290892577216915
SURE-PM, NPMLE init: 0.15607305563613252
n: 400
experiment: c
Finished training EB misspecified with NPMLE init, with SURE: 0.0185253759415081
Finished training EB misspecified with NPMLE init, with in-sample MSE: 0.05960952783717415
Finished training EB misspecified, with SURE: 0.01853324398922581
Finished training EB misspecified, with in-sample MSE: 0.05960802984272744

 Training SURE of the models:
SURE-PM: 0.01853324398922581
NPMLE: 0.5449247257854576
SURE-PM, NPMLE init: 0.0185253759415081
experiment: d
Finished training EB misspecified with NPMLE init, with SURE: 0.010373501787629405
Finished training EB misspecified with NPMLE init, with in-sample MSE: 0.006565995019246961
Finished training EB misspecified, with SURE: 0.010387482847790466
Finished training EB misspecified, with in-sample MSE: 0.006558262838566098

 Training SURE of the models:
SURE-PM: 0.010387482847790466
NPMLE: 0.04366822520658602
SURE-PM, NPMLE init: 0.010373501787629405
experiment: e
Finished training EB misspecified with NPMLE init, with SURE: 0.17776405867548653
Finished training EB misspecified with NPMLE init, with in-sample MSE: 0.1747637041370569
Finished training EB misspecified, with SURE: 0.17776912808569761
Finished training EB misspecified, with in-sample MSE: 0.1747698224470643

 Training SURE of the models:
SURE-PM: 0.17776912808569761
NPMLE: 0.31810552093273414
SURE-PM, NPMLE init: 0.17776405867548653
m: 2172
n: 100
experiment: c
Finished training EB misspecified with NPMLE init, with SURE: 0.1631252534072408
Finished training EB misspecified with NPMLE init, with in-sample MSE: 0.07573026989479906
Finished training EB misspecified, with SURE: 0.16314192386433604
Finished training EB misspecified, with in-sample MSE: 0.07570471847739091

 Training SURE of the models:
SURE-PM: 0.16314192386433604
NPMLE: 0.48922644838558105
SURE-PM, NPMLE init: 0.1631252534072408
experiment: d
Finished training EB misspecified with NPMLE init, with SURE: 0.00588137824854746
Finished training EB misspecified with NPMLE init, with in-sample MSE: 0.01308919242916149
Finished training EB misspecified, with SURE: 0.005881828046568227
Finished training EB misspecified, with in-sample MSE: 0.013088307110209547

 Training SURE of the models:
SURE-PM: 0.005881828046568227
NPMLE: 0.15783842015852295
SURE-PM, NPMLE init: 0.00588137824854746
experiment: e
Finished training EB misspecified with NPMLE init, with SURE: 0.1322309177859548
Finished training EB misspecified with NPMLE init, with in-sample MSE: 0.23248264168740046
Finished training EB misspecified, with SURE: 0.13222870647729956
Finished training EB misspecified, with in-sample MSE: 0.23248189004025

 Training SURE of the models:
SURE-PM: 0.13222870647729956
NPMLE: 0.2982226863950823
SURE-PM, NPMLE init: 0.1322309177859548
n: 400
experiment: c
Finished training EB misspecified with NPMLE init, with SURE: -0.039770665513141096
Finished training EB misspecified with NPMLE init, with in-sample MSE: 0.07135709927796957
Finished training EB misspecified, with SURE: -0.03977039906440595
Finished training EB misspecified, with in-sample MSE: 0.07163587887530684

 Training SURE of the models:
SURE-PM: -0.03977039906440595
NPMLE: 0.6683612336533901
SURE-PM, NPMLE init: -0.039770665513141096
experiment: d
Finished training EB misspecified with NPMLE init, with SURE: 0.017146291326326165
Finished training EB misspecified with NPMLE init, with in-sample MSE: 0.006339395774914162
Finished training EB misspecified, with SURE: 0.017146737180262158
Finished training EB misspecified, with in-sample MSE: 0.006338896676051551

 Training SURE of the models:
SURE-PM: 0.017146737180262158
NPMLE: 0.01877074832860117
SURE-PM, NPMLE init: 0.017146291326326165
experiment: e
Finished training EB misspecified with NPMLE init, with SURE: 0.12867847616115113
Finished training EB misspecified with NPMLE init, with in-sample MSE: 0.17533572960185972
Finished training EB misspecified, with SURE: 0.12866143649059397
Finished training EB misspecified, with in-sample MSE: 0.1753456484560987

 Training SURE of the models:
SURE-PM: 0.12866143649059397
NPMLE: 0.33185402991681784
SURE-PM, NPMLE init: 0.12867847616115113
m: 2173
n: 100
experiment: c
Finished training EB misspecified with NPMLE init, with SURE: 0.14358993264911377
Finished training EB misspecified with NPMLE init, with in-sample MSE: 0.23043563917677415
Finished training EB misspecified, with SURE: 0.14359292957332628
Finished training EB misspecified, with in-sample MSE: 0.23045910388645793

 Training SURE of the models:
SURE-PM: 0.14359292957332628
NPMLE: 1.0887897554104282
SURE-PM, NPMLE init: 0.14358993264911377
experiment: d
Finished training EB misspecified with NPMLE init, with SURE: -0.024072706953254707
Finished training EB misspecified with NPMLE init, with in-sample MSE: 0.0066083892645498465
Finished training EB misspecified, with SURE: -0.024072103378905682
Finished training EB misspecified, with in-sample MSE: 0.006608284798984803

 Training SURE of the models:
SURE-PM: -0.024072103378905682
NPMLE: -0.012471097510210978
SURE-PM, NPMLE init: -0.024072706953254707
experiment: e
Finished training EB misspecified with NPMLE init, with SURE: 0.14745962563534393
Finished training EB misspecified with NPMLE init, with in-sample MSE: 0.22199260615705246
Finished training EB misspecified, with SURE: 0.1474583403893543
Finished training EB misspecified, with in-sample MSE: 0.2220040123693096

 Training SURE of the models:
SURE-PM: 0.1474583403893543
NPMLE: 0.29425172334884275
SURE-PM, NPMLE init: 0.14745962563534393
n: 400
experiment: c
Finished training EB misspecified with NPMLE init, with SURE: 0.0800146733358038
Finished training EB misspecified with NPMLE init, with in-sample MSE: 0.08504309639961455
Finished training EB misspecified, with SURE: 0.08057806972330696
Finished training EB misspecified, with in-sample MSE: 0.08249870724318088

 Training SURE of the models:
SURE-PM: 0.08057806972330696
NPMLE: 0.7653048892743215
SURE-PM, NPMLE init: 0.0800146733358038
experiment: d
Finished training EB misspecified with NPMLE init, with SURE: 0.011794675637024347
Finished training EB misspecified with NPMLE init, with in-sample MSE: 0.006381082353721848
Finished training EB misspecified, with SURE: 0.011795067465683023
Finished training EB misspecified, with in-sample MSE: 0.006377992397808158

 Training SURE of the models:
SURE-PM: 0.011795067465683023
NPMLE: 0.020597987797963634
SURE-PM, NPMLE init: 0.011794675637024347
experiment: e
Finished training EB misspecified with NPMLE init, with SURE: 0.1810660910305142
Finished training EB misspecified with NPMLE init, with in-sample MSE: 0.19034555020215013
Finished training EB misspecified, with SURE: 0.18108040228279088
Finished training EB misspecified, with in-sample MSE: 0.19037300211677935

 Training SURE of the models:
SURE-PM: 0.18108040228279088
NPMLE: 0.6124215360591877
SURE-PM, NPMLE init: 0.1810660910305142
m: 2174
n: 100
experiment: c
Finished training EB misspecified with NPMLE init, with SURE: 0.03754457058867864
Finished training EB misspecified with NPMLE init, with in-sample MSE: 0.07136300868347592
Finished training EB misspecified, with SURE: 0.03758955756354197
Finished training EB misspecified, with in-sample MSE: 0.07134661083623557

 Training SURE of the models:
SURE-PM: 0.03758955756354197
NPMLE: 0.5982612414850097
SURE-PM, NPMLE init: 0.03754457058867864
experiment: d
Finished training EB misspecified with NPMLE init, with SURE: 0.05178561466383354
Finished training EB misspecified with NPMLE init, with in-sample MSE: 0.0514275221864382
Finished training EB misspecified, with SURE: 0.05178774415593697
Finished training EB misspecified, with in-sample MSE: 0.05142102692315082

 Training SURE of the models:
SURE-PM: 0.05178774415593697
NPMLE: 0.1784726039599036
SURE-PM, NPMLE init: 0.05178561466383354
experiment: e
Finished training EB misspecified with NPMLE init, with SURE: 0.18143106954962931
Finished training EB misspecified with NPMLE init, with in-sample MSE: 0.3661346801156769
Finished training EB misspecified, with SURE: 0.181432552450852
Finished training EB misspecified, with in-sample MSE: 0.3661666144965834

 Training SURE of the models:
SURE-PM: 0.181432552450852
NPMLE: 0.2885941407459529
SURE-PM, NPMLE init: 0.18143106954962931
n: 400
experiment: c
Finished training EB misspecified with NPMLE init, with SURE: 0.06537701920939824
Finished training EB misspecified with NPMLE init, with in-sample MSE: 0.05649772796756534
Finished training EB misspecified, with SURE: 0.06538060551727852
Finished training EB misspecified, with in-sample MSE: 0.056497910448685476

 Training SURE of the models:
SURE-PM: 0.06538060551727852
NPMLE: 0.6124645056498349
SURE-PM, NPMLE init: 0.06537701920939824
experiment: d
Finished training EB misspecified with NPMLE init, with SURE: -0.015493871823897757
Finished training EB misspecified with NPMLE init, with in-sample MSE: 0.012263665280128438
Finished training EB misspecified, with SURE: -0.011537754400071218
Finished training EB misspecified, with in-sample MSE: 0.00504916801393065

 Training SURE of the models:
SURE-PM: -0.011537754400071218
NPMLE: 0.09216065097072333
SURE-PM, NPMLE init: -0.015493871823897757
experiment: e
Finished training EB misspecified with NPMLE init, with SURE: 0.15664844575052075
Finished training EB misspecified with NPMLE init, with in-sample MSE: 0.15222188473788403
Finished training EB misspecified, with SURE: 0.15665431369146834
Finished training EB misspecified, with in-sample MSE: 0.15222542356902286

 Training SURE of the models:
SURE-PM: 0.15665431369146834
NPMLE: 0.3124574043581977
SURE-PM, NPMLE init: 0.15664844575052075
m: 2175
n: 100
experiment: c
Finished training EB misspecified with NPMLE init, with SURE: -0.11491222519786767
Finished training EB misspecified with NPMLE init, with in-sample MSE: 0.09263834153540118
Finished training EB misspecified, with SURE: -0.11491032913496632
Finished training EB misspecified, with in-sample MSE: 0.09263789976184608

 Training SURE of the models:
SURE-PM: -0.11491032913496632
NPMLE: 0.3462306528620411
SURE-PM, NPMLE init: -0.11491222519786767
experiment: d
Finished training EB misspecified with NPMLE init, with SURE: 0.001192392726463556
Finished training EB misspecified with NPMLE init, with in-sample MSE: 0.004997589194810088
Finished training EB misspecified, with SURE: 0.00119238197103126
Finished training EB misspecified, with in-sample MSE: 0.004997729948875039

 Training SURE of the models:
SURE-PM: 0.00119238197103126
NPMLE: 0.03497097464281886
SURE-PM, NPMLE init: 0.001192392726463556
experiment: e
Finished training EB misspecified with NPMLE init, with SURE: 0.11582466254878909
Finished training EB misspecified with NPMLE init, with in-sample MSE: 0.212360908105981
Finished training EB misspecified, with SURE: 0.11583030331855383
Finished training EB misspecified, with in-sample MSE: 0.21233673052139757

 Training SURE of the models:
SURE-PM: 0.11583030331855383
NPMLE: 0.3199187018397882
SURE-PM, NPMLE init: 0.11582466254878909
n: 400
experiment: c
Finished training EB misspecified with NPMLE init, with SURE: 0.036168263424511196
Finished training EB misspecified with NPMLE init, with in-sample MSE: 0.06319574473045854
Finished training EB misspecified, with SURE: 0.036497299600412064
Finished training EB misspecified, with in-sample MSE: 0.060508519420774357

 Training SURE of the models:
SURE-PM: 0.036497299600412064
NPMLE: 0.6161785709589308
SURE-PM, NPMLE init: 0.036168263424511196
experiment: d
Finished training EB misspecified with NPMLE init, with SURE: 0.0016838488666150652
Finished training EB misspecified with NPMLE init, with in-sample MSE: 0.006505714852778328
Finished training EB misspecified, with SURE: 0.0016859922450060516
Finished training EB misspecified, with in-sample MSE: 0.0065001897073565205

 Training SURE of the models:
SURE-PM: 0.0016859922450060516
NPMLE: 0.03782145573787535
SURE-PM, NPMLE init: 0.0016838488666150652
experiment: e
Finished training EB misspecified with NPMLE init, with SURE: 0.15186976950313943
Finished training EB misspecified with NPMLE init, with in-sample MSE: 0.21049436522415343
Finished training EB misspecified, with SURE: 0.15173662830809048
Finished training EB misspecified, with in-sample MSE: 0.20780554550545985

 Training SURE of the models:
SURE-PM: 0.15173662830809048
NPMLE: 0.2701529495478254
SURE-PM, NPMLE init: 0.15186976950313943
m: 2176
n: 100
experiment: c
Finished training EB misspecified with NPMLE init, with SURE: -0.015386939783021915
Finished training EB misspecified with NPMLE init, with in-sample MSE: 0.06487597256430606
Finished training EB misspecified, with SURE: -0.015379120700088579
Finished training EB misspecified, with in-sample MSE: 0.06487516192911341

 Training SURE of the models:
SURE-PM: -0.015379120700088579
NPMLE: 0.7474270309085057
SURE-PM, NPMLE init: -0.015386939783021915
experiment: d
Finished training EB misspecified with NPMLE init, with SURE: 0.004726846186116092
Finished training EB misspecified with NPMLE init, with in-sample MSE: 0.006471753739911042
Finished training EB misspecified, with SURE: 0.004726983926713082
Finished training EB misspecified, with in-sample MSE: 0.006471659700791891

 Training SURE of the models:
SURE-PM: 0.004726983926713082
NPMLE: 0.05417613189360056
SURE-PM, NPMLE init: 0.004726846186116092
experiment: e
Finished training EB misspecified with NPMLE init, with SURE: 0.09625021701479067
Finished training EB misspecified with NPMLE init, with in-sample MSE: 0.17008529839243192
Finished training EB misspecified, with SURE: 0.09625779621441279
Finished training EB misspecified, with in-sample MSE: 0.1700620280430659

 Training SURE of the models:
SURE-PM: 0.09625779621441279
NPMLE: 0.3744976739670964
SURE-PM, NPMLE init: 0.09625021701479067
n: 400
experiment: c
Finished training EB misspecified with NPMLE init, with SURE: 0.0896656131349188
Finished training EB misspecified with NPMLE init, with in-sample MSE: 0.06622808748721645
Finished training EB misspecified, with SURE: 0.08966472133996817
Finished training EB misspecified, with in-sample MSE: 0.06622966540539871

 Training SURE of the models:
SURE-PM: 0.08966472133996817
NPMLE: 0.7532939844030418
SURE-PM, NPMLE init: 0.0896656131349188
experiment: d
Finished training EB misspecified with NPMLE init, with SURE: -0.006917276110039872
Finished training EB misspecified with NPMLE init, with in-sample MSE: 0.0043799380030059235
Finished training EB misspecified, with SURE: -0.006771758294104391
Finished training EB misspecified, with in-sample MSE: 0.004255690277183334

 Training SURE of the models:
SURE-PM: -0.006771758294104391
NPMLE: 0.05937884227897877
SURE-PM, NPMLE init: -0.006917276110039872
experiment: e
Finished training EB misspecified with NPMLE init, with SURE: 0.18198486220173635
Finished training EB misspecified with NPMLE init, with in-sample MSE: 0.17110733695303149
Finished training EB misspecified, with SURE: 0.1819970534877159
Finished training EB misspecified, with in-sample MSE: 0.1710533211235975

 Training SURE of the models:
SURE-PM: 0.1819970534877159
NPMLE: 0.2897745102291623
SURE-PM, NPMLE init: 0.18198486220173635
m: 2177
n: 100
experiment: c
Finished training EB misspecified with NPMLE init, with SURE: -0.08179872673194595
Finished training EB misspecified with NPMLE init, with in-sample MSE: 0.08258031617707129
Finished training EB misspecified, with SURE: -0.08179902359077204
Finished training EB misspecified, with in-sample MSE: 0.08258345146715441

 Training SURE of the models:
SURE-PM: -0.08179902359077204
NPMLE: 0.54270745809535
SURE-PM, NPMLE init: -0.08179872673194595
experiment: d
Finished training EB misspecified with NPMLE init, with SURE: -0.007757769233814251
Finished training EB misspecified with NPMLE init, with in-sample MSE: 0.00631243823825545
Finished training EB misspecified, with SURE: -0.007757342966870784
Finished training EB misspecified, with in-sample MSE: 0.006312324385871324

 Training SURE of the models:
SURE-PM: -0.007757342966870784
NPMLE: 0.06300808815060355
SURE-PM, NPMLE init: -0.007757769233814251
experiment: e
Finished training EB misspecified with NPMLE init, with SURE: 0.12978924588472296
Finished training EB misspecified with NPMLE init, with in-sample MSE: 0.14001770015012566
Finished training EB misspecified, with SURE: 0.12980330505351495
Finished training EB misspecified, with in-sample MSE: 0.14006082390430205

 Training SURE of the models:
SURE-PM: 0.12980330505351495
NPMLE: 0.3441306884814008
SURE-PM, NPMLE init: 0.12978924588472296
n: 400
experiment: c
Finished training EB misspecified with NPMLE init, with SURE: 0.04650743301649157
Finished training EB misspecified with NPMLE init, with in-sample MSE: 0.05651829557281944
Finished training EB misspecified, with SURE: 0.03942650697674076
Finished training EB misspecified, with in-sample MSE: 0.07966273801878382

 Training SURE of the models:
SURE-PM: 0.03942650697674076
NPMLE: 0.47419471378724354
SURE-PM, NPMLE init: 0.04650743301649157
experiment: d
Finished training EB misspecified with NPMLE init, with SURE: 0.003970982054437222
Finished training EB misspecified with NPMLE init, with in-sample MSE: 0.004425253436141748
Finished training EB misspecified, with SURE: 0.003973007972019715
Finished training EB misspecified, with in-sample MSE: 0.004428258911550829

 Training SURE of the models:
SURE-PM: 0.003973007972019715
NPMLE: 0.01729789345253483
SURE-PM, NPMLE init: 0.003970982054437222
experiment: e
Finished training EB misspecified with NPMLE init, with SURE: 0.1676816512900536
Finished training EB misspecified with NPMLE init, with in-sample MSE: 0.22635034795079279
Finished training EB misspecified, with SURE: 0.16769439752426343
Finished training EB misspecified, with in-sample MSE: 0.22639999242665504

 Training SURE of the models:
SURE-PM: 0.16769439752426343
NPMLE: 0.3249561024841914
SURE-PM, NPMLE init: 0.1676816512900536
m: 2178
n: 100
experiment: c
Finished training EB misspecified with NPMLE init, with SURE: -0.03919863702058919
Finished training EB misspecified with NPMLE init, with in-sample MSE: 0.059681944032865315
Finished training EB misspecified, with SURE: -0.03917646178365487
Finished training EB misspecified, with in-sample MSE: 0.05971915464924936

 Training SURE of the models:
SURE-PM: -0.03917646178365487
NPMLE: 0.8355871194039293
SURE-PM, NPMLE init: -0.03919863702058919
experiment: d
Finished training EB misspecified with NPMLE init, with SURE: -0.021829882833721524
Finished training EB misspecified with NPMLE init, with in-sample MSE: 0.053749390992070926
Finished training EB misspecified, with SURE: -0.021825889049808166
Finished training EB misspecified, with in-sample MSE: 0.05369086233505596

 Training SURE of the models:
SURE-PM: -0.021825889049808166
NPMLE: 0.08825771095613445
SURE-PM, NPMLE init: -0.021829882833721524
experiment: e
Finished training EB misspecified with NPMLE init, with SURE: 0.11610797159210962
Finished training EB misspecified with NPMLE init, with in-sample MSE: 0.23877718968663725
Finished training EB misspecified, with SURE: 0.11612790198513664
Finished training EB misspecified, with in-sample MSE: 0.23886564813635353

 Training SURE of the models:
SURE-PM: 0.11612790198513664
NPMLE: 0.27057989510113956
SURE-PM, NPMLE init: 0.11610797159210962
n: 400
experiment: c
Finished training EB misspecified with NPMLE init, with SURE: 0.07338773194579268
Finished training EB misspecified with NPMLE init, with in-sample MSE: 0.08638076912041663
Finished training EB misspecified, with SURE: 0.0734118004421972
Finished training EB misspecified, with in-sample MSE: 0.08632584520092555

 Training SURE of the models:
SURE-PM: 0.0734118004421972
NPMLE: 0.5835420363715018
SURE-PM, NPMLE init: 0.07338773194579268
experiment: d
Finished training EB misspecified with NPMLE init, with SURE: 0.00518963578141106
Finished training EB misspecified with NPMLE init, with in-sample MSE: 0.010174668324384652
Finished training EB misspecified, with SURE: 0.006248141921409029
Finished training EB misspecified, with in-sample MSE: 0.007193376606359571

 Training SURE of the models:
SURE-PM: 0.006248141921409029
NPMLE: 0.007102477958885238
SURE-PM, NPMLE init: 0.00518963578141106
experiment: e
Finished training EB misspecified with NPMLE init, with SURE: 0.17828006719090983
Finished training EB misspecified with NPMLE init, with in-sample MSE: 0.1825219640924901
Finished training EB misspecified, with SURE: 0.17828621713641116
Finished training EB misspecified, with in-sample MSE: 0.18254153320630098

 Training SURE of the models:
SURE-PM: 0.17828621713641116
NPMLE: 0.2785221458889082
SURE-PM, NPMLE init: 0.17828006719090983
m: 2179
n: 100
experiment: c
Finished training EB misspecified with NPMLE init, with SURE: -0.031230408828701997
Finished training EB misspecified with NPMLE init, with in-sample MSE: 0.07862249190291655
Finished training EB misspecified, with SURE: -0.0312445798924626
Finished training EB misspecified, with in-sample MSE: 0.07871830984222228

 Training SURE of the models:
SURE-PM: -0.0312445798924626
NPMLE: 1.2924995504011019
SURE-PM, NPMLE init: -0.031230408828701997
experiment: d
Finished training EB misspecified with NPMLE init, with SURE: 0.004070914366065672
Finished training EB misspecified with NPMLE init, with in-sample MSE: 0.005201575611385503
Finished training EB misspecified, with SURE: 0.0038801270845414317
Finished training EB misspecified, with in-sample MSE: 0.005450917229251859

 Training SURE of the models:
SURE-PM: 0.0038801270845414317
NPMLE: 0.021115606179198707
SURE-PM, NPMLE init: 0.004070914366065672
experiment: e
Finished training EB misspecified with NPMLE init, with SURE: 0.07648112892307882
Finished training EB misspecified with NPMLE init, with in-sample MSE: 0.2717797390954686
Finished training EB misspecified, with SURE: 0.0655623027493861
Finished training EB misspecified, with in-sample MSE: 0.24923561599230637

 Training SURE of the models:
SURE-PM: 0.0655623027493861
NPMLE: 0.43467191010128403
SURE-PM, NPMLE init: 0.07648112892307882
n: 400
experiment: c
Finished training EB misspecified with NPMLE init, with SURE: 0.11499729344506392
Finished training EB misspecified with NPMLE init, with in-sample MSE: 0.10215923488225913
Finished training EB misspecified, with SURE: 0.13585482963494927
Finished training EB misspecified, with in-sample MSE: 0.06695205612089969

 Training SURE of the models:
SURE-PM: 0.13585482963494927
NPMLE: 1.2049946068192292
SURE-PM, NPMLE init: 0.11499729344506392
experiment: d
Finished training EB misspecified with NPMLE init, with SURE: 0.003117196165866325
Finished training EB misspecified with NPMLE init, with in-sample MSE: 0.005482186291494598
Finished training EB misspecified, with SURE: 0.0031204482770780828
Finished training EB misspecified, with in-sample MSE: 0.00545469922887589

 Training SURE of the models:
SURE-PM: 0.0031204482770780828
NPMLE: 0.07705358492730183
SURE-PM, NPMLE init: 0.003117196165866325
experiment: e
Finished training EB misspecified with NPMLE init, with SURE: 0.17666181679115028
Finished training EB misspecified with NPMLE init, with in-sample MSE: 0.1750261352136814
Finished training EB misspecified, with SURE: 0.17659016560339957
Finished training EB misspecified, with in-sample MSE: 0.1747779314381684

 Training SURE of the models:
SURE-PM: 0.17659016560339957
NPMLE: 0.30886201633406174
SURE-PM, NPMLE init: 0.17666181679115028
m: 2180
n: 100
experiment: c
Finished training EB misspecified with NPMLE init, with SURE: -0.17409671698011417
Finished training EB misspecified with NPMLE init, with in-sample MSE: 0.07451027145002413
Finished training EB misspecified, with SURE: -0.17409307683027664
Finished training EB misspecified, with in-sample MSE: 0.07450099897848013

 Training SURE of the models:
SURE-PM: -0.17409307683027664
NPMLE: 0.41261037948631524
SURE-PM, NPMLE init: -0.17409671698011417
experiment: d
Finished training EB misspecified with NPMLE init, with SURE: -0.02281924426491944
Finished training EB misspecified with NPMLE init, with in-sample MSE: 0.0033661333102879844
Finished training EB misspecified, with SURE: -0.022818858630684585
Finished training EB misspecified, with in-sample MSE: 0.0033660942704895535

 Training SURE of the models:
SURE-PM: -0.022818858630684585
NPMLE: 0.024302239064671233
SURE-PM, NPMLE init: -0.02281924426491944
experiment: e
Finished training EB misspecified with NPMLE init, with SURE: 0.04886194436276313
Finished training EB misspecified with NPMLE init, with in-sample MSE: 0.11672288062644214
Finished training EB misspecified, with SURE: 0.04886837019649228
Finished training EB misspecified, with in-sample MSE: 0.11670864322446325

 Training SURE of the models:
SURE-PM: 0.04886837019649228
NPMLE: 0.3005867850256417
SURE-PM, NPMLE init: 0.04886194436276313
n: 400
experiment: c
Finished training EB misspecified with NPMLE init, with SURE: 0.09546244949863791
Finished training EB misspecified with NPMLE init, with in-sample MSE: 0.06387370081149707
Finished training EB misspecified, with SURE: 0.09551053349458627
Finished training EB misspecified, with in-sample MSE: 0.06387790148717631

 Training SURE of the models:
SURE-PM: 0.09551053349458627
NPMLE: 0.40904642167991334
SURE-PM, NPMLE init: 0.09546244949863791
experiment: d
Finished training EB misspecified with NPMLE init, with SURE: -0.008980018120147122
Finished training EB misspecified with NPMLE init, with in-sample MSE: 0.006135361126573132
Finished training EB misspecified, with SURE: -0.008520687336778892
Finished training EB misspecified, with in-sample MSE: 0.00565588487717179

 Training SURE of the models:
SURE-PM: -0.008520687336778892
NPMLE: 0.00865281805672966
SURE-PM, NPMLE init: -0.008980018120147122
experiment: e
Finished training EB misspecified with NPMLE init, with SURE: 0.15760989915753615
Finished training EB misspecified with NPMLE init, with in-sample MSE: 0.17222510393223928
Finished training EB misspecified, with SURE: 0.1576137267542276
Finished training EB misspecified, with in-sample MSE: 0.17222969362721843

 Training SURE of the models:
SURE-PM: 0.1576137267542276
NPMLE: 0.33257859379747445
SURE-PM, NPMLE init: 0.15760989915753615
m: 2181
n: 100
experiment: c
Finished training EB misspecified with NPMLE init, with SURE: 0.08993600864412798
Finished training EB misspecified with NPMLE init, with in-sample MSE: 0.0710238472611951
Finished training EB misspecified, with SURE: 0.08994654779917526
Finished training EB misspecified, with in-sample MSE: 0.07101476378676064

 Training SURE of the models:
SURE-PM: 0.08994654779917526
NPMLE: 0.6319496170262597
SURE-PM, NPMLE init: 0.08993600864412798
experiment: d
Finished training EB misspecified with NPMLE init, with SURE: 0.021628036096854545
Finished training EB misspecified with NPMLE init, with in-sample MSE: 0.08600562735997011
Finished training EB misspecified, with SURE: 0.021633891706938576
Finished training EB misspecified, with in-sample MSE: 0.08598491826831768

 Training SURE of the models:
SURE-PM: 0.021633891706938576
NPMLE: 0.11395385812086081
SURE-PM, NPMLE init: 0.021628036096854545
experiment: e
Finished training EB misspecified with NPMLE init, with SURE: 0.14610366143241124
Finished training EB misspecified with NPMLE init, with in-sample MSE: 0.266880924005599
Finished training EB misspecified, with SURE: 0.14611334939369577
Finished training EB misspecified, with in-sample MSE: 0.2666978636171891

 Training SURE of the models:
SURE-PM: 0.14611334939369577
NPMLE: 0.2838958582939128
SURE-PM, NPMLE init: 0.14610366143241124
n: 400
experiment: c
Finished training EB misspecified with NPMLE init, with SURE: 0.04465608243402194
Finished training EB misspecified with NPMLE init, with in-sample MSE: 0.055375434706637756
Finished training EB misspecified, with SURE: 0.04465323455544855
Finished training EB misspecified, with in-sample MSE: 0.055376369648329045

 Training SURE of the models:
SURE-PM: 0.04465323455544855
NPMLE: 0.627899746373592
SURE-PM, NPMLE init: 0.04465608243402194
experiment: d
Finished training EB misspecified with NPMLE init, with SURE: -0.010406385607225435
Finished training EB misspecified with NPMLE init, with in-sample MSE: 0.005681814630880888
Finished training EB misspecified, with SURE: -0.010406011017852724
Finished training EB misspecified, with in-sample MSE: 0.005681746701283239

 Training SURE of the models:
SURE-PM: -0.010406011017852724
NPMLE: -0.00014221927644980425
SURE-PM, NPMLE init: -0.010406385607225435
experiment: e
Finished training EB misspecified with NPMLE init, with SURE: 0.15454328849649876
Finished training EB misspecified with NPMLE init, with in-sample MSE: 0.1717470801208801
Finished training EB misspecified, with SURE: 0.15453035520370087
Finished training EB misspecified, with in-sample MSE: 0.17190095272952188

 Training SURE of the models:
SURE-PM: 0.15453035520370087
NPMLE: 0.32627752751485967
SURE-PM, NPMLE init: 0.15454328849649876
m: 2182
n: 100
experiment: c
Finished training EB misspecified with NPMLE init, with SURE: 0.08112998258652368
Finished training EB misspecified with NPMLE init, with in-sample MSE: 0.07739902070083074
Finished training EB misspecified, with SURE: 0.08111932802869916
Finished training EB misspecified, with in-sample MSE: 0.0774086299653007

 Training SURE of the models:
SURE-PM: 0.08111932802869916
NPMLE: 0.46620484396654194
SURE-PM, NPMLE init: 0.08112998258652368
experiment: d
Finished training EB misspecified with NPMLE init, with SURE: -0.02301435350885383
Finished training EB misspecified with NPMLE init, with in-sample MSE: 0.005873102798226975
Finished training EB misspecified, with SURE: -0.023013785238808638
Finished training EB misspecified, with in-sample MSE: 0.005873052852680385

 Training SURE of the models:
SURE-PM: -0.023013785238808638
NPMLE: 0.009011122875134933
SURE-PM, NPMLE init: -0.02301435350885383
experiment: e
Finished training EB misspecified with NPMLE init, with SURE: 0.1344044896507695
Finished training EB misspecified with NPMLE init, with in-sample MSE: 0.13606893368976106
Finished training EB misspecified, with SURE: 0.1265099396589318
Finished training EB misspecified, with in-sample MSE: 0.1417908319375934

 Training SURE of the models:
SURE-PM: 0.1265099396589318
NPMLE: 0.30806591692745683
SURE-PM, NPMLE init: 0.1344044896507695
n: 400
experiment: c
Finished training EB misspecified with NPMLE init, with SURE: 0.08327843963641157
Finished training EB misspecified with NPMLE init, with in-sample MSE: 0.06464254107900533
Finished training EB misspecified, with SURE: 0.08330369134262021
Finished training EB misspecified, with in-sample MSE: 0.06457091977846946

 Training SURE of the models:
SURE-PM: 0.08330369134262021
NPMLE: 0.5971148047573674
SURE-PM, NPMLE init: 0.08327843963641157
experiment: d
Finished training EB misspecified with NPMLE init, with SURE: 0.013399440372512377
Finished training EB misspecified with NPMLE init, with in-sample MSE: 0.008832315852289808
Finished training EB misspecified, with SURE: 0.013401482611790706
Finished training EB misspecified, with in-sample MSE: 0.00882530473700075

 Training SURE of the models:
SURE-PM: 0.013401482611790706
NPMLE: 0.02059586063783307
SURE-PM, NPMLE init: 0.013399440372512377
experiment: e
Finished training EB misspecified with NPMLE init, with SURE: 0.16915256540115756
Finished training EB misspecified with NPMLE init, with in-sample MSE: 0.1741946134057967
Finished training EB misspecified, with SURE: 0.168793329504244
Finished training EB misspecified, with in-sample MSE: 0.17175648798329465

 Training SURE of the models:
SURE-PM: 0.168793329504244
NPMLE: 0.3062752851387249
SURE-PM, NPMLE init: 0.16915256540115756
m: 2183
n: 100
experiment: c
Finished training EB misspecified with NPMLE init, with SURE: 0.02109971864082766
Finished training EB misspecified with NPMLE init, with in-sample MSE: 0.11460851736856123
Finished training EB misspecified, with SURE: 0.02111362181490179
Finished training EB misspecified, with in-sample MSE: 0.11471413485313374

 Training SURE of the models:
SURE-PM: 0.02111362181490179
NPMLE: 0.8190412180223359
SURE-PM, NPMLE init: 0.02109971864082766
experiment: d
Finished training EB misspecified with NPMLE init, with SURE: -0.016851318601504205
Finished training EB misspecified with NPMLE init, with in-sample MSE: 0.003846386951380035
Finished training EB misspecified, with SURE: -0.016850803164820044
Finished training EB misspecified, with in-sample MSE: 0.003846369376829383

 Training SURE of the models:
SURE-PM: -0.016850803164820044
NPMLE: 0.0042803993992978915
SURE-PM, NPMLE init: -0.016851318601504205
experiment: e
Finished training EB misspecified with NPMLE init, with SURE: 0.1330322368484928
Finished training EB misspecified with NPMLE init, with in-sample MSE: 0.1841807383070228
Finished training EB misspecified, with SURE: 0.13303551597000335
Finished training EB misspecified, with in-sample MSE: 0.18417804956725786

 Training SURE of the models:
SURE-PM: 0.13303551597000335
NPMLE: 0.3441267486060066
SURE-PM, NPMLE init: 0.1330322368484928
n: 400
experiment: c
Finished training EB misspecified with NPMLE init, with SURE: 0.09871698414761255
Finished training EB misspecified with NPMLE init, with in-sample MSE: 0.06905070995994961
Finished training EB misspecified, with SURE: 0.09872798144483874
Finished training EB misspecified, with in-sample MSE: 0.0690474202903235

 Training SURE of the models:
SURE-PM: 0.09872798144483874
NPMLE: 0.3969616492268759
SURE-PM, NPMLE init: 0.09871698414761255
experiment: d
Finished training EB misspecified with NPMLE init, with SURE: 0.006595638460260531
Finished training EB misspecified with NPMLE init, with in-sample MSE: 0.0062750938917793065
Finished training EB misspecified, with SURE: 0.006598340532180629
Finished training EB misspecified, with in-sample MSE: 0.00625871259870031

 Training SURE of the models:
SURE-PM: 0.006598340532180629
NPMLE: 0.02309548251630895
SURE-PM, NPMLE init: 0.006595638460260531
experiment: e
Finished training EB misspecified with NPMLE init, with SURE: 0.18869481223023954
Finished training EB misspecified with NPMLE init, with in-sample MSE: 0.19509375352507397
Finished training EB misspecified, with SURE: 0.1838150728768774
Finished training EB misspecified, with in-sample MSE: 0.19161304015372166

 Training SURE of the models:
SURE-PM: 0.1838150728768774
NPMLE: 0.4259061263324159
SURE-PM, NPMLE init: 0.18869481223023954
m: 2184
n: 100
experiment: c
Finished training EB misspecified with NPMLE init, with SURE: 0.0018392035652551896
Finished training EB misspecified with NPMLE init, with in-sample MSE: 0.09739753602362042
Finished training EB misspecified, with SURE: 0.001856950772409789
Finished training EB misspecified, with in-sample MSE: 0.09739810797323276

 Training SURE of the models:
SURE-PM: 0.001856950772409789
NPMLE: 0.6140500059429909
SURE-PM, NPMLE init: 0.0018392035652551896
experiment: d
Finished training EB misspecified with NPMLE init, with SURE: 0.015247122141740732
Finished training EB misspecified with NPMLE init, with in-sample MSE: 0.006313119119993537
Finished training EB misspecified, with SURE: 0.015247667666139471
Finished training EB misspecified, with in-sample MSE: 0.0063126305222633875

 Training SURE of the models:
SURE-PM: 0.015247667666139471
NPMLE: 0.018888152164702455
SURE-PM, NPMLE init: 0.015247122141740732
experiment: e
Finished training EB misspecified with NPMLE init, with SURE: 0.13405333290323967
Finished training EB misspecified with NPMLE init, with in-sample MSE: 0.18476723146174195
Finished training EB misspecified, with SURE: 0.13406030427224422
Finished training EB misspecified, with in-sample MSE: 0.18476370624213906

 Training SURE of the models:
SURE-PM: 0.13406030427224422
NPMLE: 0.4044406051678117
SURE-PM, NPMLE init: 0.13405333290323967
n: 400
experiment: c
Finished training EB misspecified with NPMLE init, with SURE: 0.08841613518020829
Finished training EB misspecified with NPMLE init, with in-sample MSE: 0.09273900546959117
Finished training EB misspecified, with SURE: 0.08845865652792632
Finished training EB misspecified, with in-sample MSE: 0.09270099727905474

 Training SURE of the models:
SURE-PM: 0.08845865652792632
NPMLE: 0.8732575880720305
SURE-PM, NPMLE init: 0.08841613518020829
experiment: d
Finished training EB misspecified with NPMLE init, with SURE: -0.0027810279427572305
Finished training EB misspecified with NPMLE init, with in-sample MSE: 0.005352135093712019
Finished training EB misspecified, with SURE: -0.0027808002128780806
Finished training EB misspecified, with in-sample MSE: 0.005352115690337104

 Training SURE of the models:
SURE-PM: -0.0027808002128780806
NPMLE: 0.02839441893351685
SURE-PM, NPMLE init: -0.0027810279427572305
experiment: e
Finished training EB misspecified with NPMLE init, with SURE: 0.13782158959937393
Finished training EB misspecified with NPMLE init, with in-sample MSE: 0.1909161500683498
Finished training EB misspecified, with SURE: 0.13782537609352136
Finished training EB misspecified, with in-sample MSE: 0.19091921125817327

 Training SURE of the models:
SURE-PM: 0.13782537609352136
NPMLE: 0.3334383934842898
SURE-PM, NPMLE init: 0.13782158959937393
m: 2185
n: 100
experiment: c
Finished training EB misspecified with NPMLE init, with SURE: -0.015190251276502096
Finished training EB misspecified with NPMLE init, with in-sample MSE: 0.06172892157364859
Finished training EB misspecified, with SURE: -0.01517687344873039
Finished training EB misspecified, with in-sample MSE: 0.06175727310399374

 Training SURE of the models:
SURE-PM: -0.01517687344873039
NPMLE: 0.1780107837955857
SURE-PM, NPMLE init: -0.015190251276502096
experiment: d
Finished training EB misspecified with NPMLE init, with SURE: 0.0018868537596650192
Finished training EB misspecified with NPMLE init, with in-sample MSE: 0.007974847460711922
Finished training EB misspecified, with SURE: 0.0018867779756053693
Finished training EB misspecified, with in-sample MSE: 0.00797499152851393

 Training SURE of the models:
SURE-PM: 0.0018867779756053693
NPMLE: 0.13698034115879035
SURE-PM, NPMLE init: 0.0018868537596650192
experiment: e
Finished training EB misspecified with NPMLE init, with SURE: 0.11566709098377441
Finished training EB misspecified with NPMLE init, with in-sample MSE: 0.1475861182050228
Finished training EB misspecified, with SURE: 0.11567122630972168
Finished training EB misspecified, with in-sample MSE: 0.14758715839805675

 Training SURE of the models:
SURE-PM: 0.11567122630972168
NPMLE: 0.34014242267101724
SURE-PM, NPMLE init: 0.11566709098377441
n: 400
experiment: c
Finished training EB misspecified with NPMLE init, with SURE: 0.04488610916678134
Finished training EB misspecified with NPMLE init, with in-sample MSE: 0.06766188502623968
Finished training EB misspecified, with SURE: 0.044932290120383696
Finished training EB misspecified, with in-sample MSE: 0.06751485803790383

 Training SURE of the models:
SURE-PM: 0.044932290120383696
NPMLE: 0.7912977317849688
SURE-PM, NPMLE init: 0.04488610916678134
experiment: d
Finished training EB misspecified with NPMLE init, with SURE: 0.013625908134984464
Finished training EB misspecified with NPMLE init, with in-sample MSE: 0.005823335942328878
Finished training EB misspecified, with SURE: 0.013625635333386335
Finished training EB misspecified, with in-sample MSE: 0.0058235480968078825

 Training SURE of the models:
SURE-PM: 0.013625635333386335
NPMLE: 0.13694304950617434
SURE-PM, NPMLE init: 0.013625908134984464
experiment: e
Finished training EB misspecified with NPMLE init, with SURE: 0.16760145031957457
Finished training EB misspecified with NPMLE init, with in-sample MSE: 0.16566276675518413
Finished training EB misspecified, with SURE: 0.16760825847637278
Finished training EB misspecified, with in-sample MSE: 0.16567212211829763

 Training SURE of the models:
SURE-PM: 0.16760825847637278
NPMLE: 0.30190669932190645
SURE-PM, NPMLE init: 0.16760145031957457
m: 2186
n: 100
experiment: c
Finished training EB misspecified with NPMLE init, with SURE: 0.011827157035731234
Finished training EB misspecified with NPMLE init, with in-sample MSE: 0.20060056332366422
Finished training EB misspecified, with SURE: 0.011840514781159115
Finished training EB misspecified, with in-sample MSE: 0.2005582221356722

 Training SURE of the models:
SURE-PM: 0.011840514781159115
NPMLE: 1.0870888048040768
SURE-PM, NPMLE init: 0.011827157035731234
experiment: d
Finished training EB misspecified with NPMLE init, with SURE: 0.009885568324632832
Finished training EB misspecified with NPMLE init, with in-sample MSE: 0.006539846820206788
Finished training EB misspecified, with SURE: 0.00988490553508127
Finished training EB misspecified, with in-sample MSE: 0.006541061316915005

 Training SURE of the models:
SURE-PM: 0.00988490553508127
NPMLE: 0.0886507722381749
SURE-PM, NPMLE init: 0.009885568324632832
experiment: e
Finished training EB misspecified with NPMLE init, with SURE: 0.118767063492431
Finished training EB misspecified with NPMLE init, with in-sample MSE: 0.20707232796507483
Finished training EB misspecified, with SURE: 0.118781183028917
Finished training EB misspecified, with in-sample MSE: 0.20707260564748384

 Training SURE of the models:
SURE-PM: 0.118781183028917
NPMLE: 0.30577251823242063
SURE-PM, NPMLE init: 0.118767063492431
n: 400
experiment: c
Finished training EB misspecified with NPMLE init, with SURE: 0.04876999725850354
Finished training EB misspecified with NPMLE init, with in-sample MSE: 0.06374721767291569
Finished training EB misspecified, with SURE: 0.04877147679308564
Finished training EB misspecified, with in-sample MSE: 0.06376220712841571

 Training SURE of the models:
SURE-PM: 0.04877147679308564
NPMLE: 0.7605182013334156
SURE-PM, NPMLE init: 0.04876999725850354
experiment: d
Finished training EB misspecified with NPMLE init, with SURE: 0.011861307582441185
Finished training EB misspecified with NPMLE init, with in-sample MSE: 0.00939474150177696
Finished training EB misspecified, with SURE: 0.011862970650545748
Finished training EB misspecified, with in-sample MSE: 0.00938994143877932

 Training SURE of the models:
SURE-PM: 0.011862970650545748
NPMLE: 0.03406946089073186
SURE-PM, NPMLE init: 0.011861307582441185
experiment: e
Finished training EB misspecified with NPMLE init, with SURE: 0.14611113425523756
Finished training EB misspecified with NPMLE init, with in-sample MSE: 0.15771112058874354
Finished training EB misspecified, with SURE: 0.1461199954010617
Finished training EB misspecified, with in-sample MSE: 0.15771392100076378

 Training SURE of the models:
SURE-PM: 0.1461199954010617
NPMLE: 0.33213717909980445
SURE-PM, NPMLE init: 0.14611113425523756
m: 2187
n: 100
experiment: c
Finished training EB misspecified with NPMLE init, with SURE: -0.0980452435950901
Finished training EB misspecified with NPMLE init, with in-sample MSE: 0.07011005929475835
Finished training EB misspecified, with SURE: -0.09806039429159726
Finished training EB misspecified, with in-sample MSE: 0.07034858681314114

 Training SURE of the models:
SURE-PM: -0.09806039429159726
NPMLE: 0.6128987603915502
SURE-PM, NPMLE init: -0.0980452435950901
experiment: d
Finished training EB misspecified with NPMLE init, with SURE: -0.0013356596628833906
Finished training EB misspecified with NPMLE init, with in-sample MSE: 0.004863914265123464
Finished training EB misspecified, with SURE: -0.0013354221168817837
Finished training EB misspecified, with in-sample MSE: 0.004863625345212456

 Training SURE of the models:
SURE-PM: -0.0013354221168817837
NPMLE: 0.03741595699007274
SURE-PM, NPMLE init: -0.0013356596628833906
experiment: e
Finished training EB misspecified with NPMLE init, with SURE: 0.09726633808029654
Finished training EB misspecified with NPMLE init, with in-sample MSE: 0.273945042066435
Finished training EB misspecified, with SURE: 0.09732411154949971
Finished training EB misspecified, with in-sample MSE: 0.27498250455612233

 Training SURE of the models:
SURE-PM: 0.09732411154949971
NPMLE: 0.22283441321204733
SURE-PM, NPMLE init: 0.09726633808029654
n: 400
experiment: c
Finished training EB misspecified with NPMLE init, with SURE: 0.05378995070784114
Finished training EB misspecified with NPMLE init, with in-sample MSE: 0.0565078513166323
Finished training EB misspecified, with SURE: 0.05379281323597198
Finished training EB misspecified, with in-sample MSE: 0.05650723607597431

 Training SURE of the models:
SURE-PM: 0.05379281323597198
NPMLE: 0.5463017732187739
SURE-PM, NPMLE init: 0.05378995070784114
experiment: d
Finished training EB misspecified with NPMLE init, with SURE: -0.006273474731244146
Finished training EB misspecified with NPMLE init, with in-sample MSE: 0.01267325784678623
Finished training EB misspecified, with SURE: -0.006271745672993898
Finished training EB misspecified, with in-sample MSE: 0.012664160757331485

 Training SURE of the models:
SURE-PM: -0.006271745672993898
NPMLE: 0.0021004695110167404
SURE-PM, NPMLE init: -0.006273474731244146
experiment: e
Finished training EB misspecified with NPMLE init, with SURE: 0.14696995981346192
Finished training EB misspecified with NPMLE init, with in-sample MSE: 0.20465070979408828
Finished training EB misspecified, with SURE: 0.14698618249301007
Finished training EB misspecified, with in-sample MSE: 0.20459076042432844

 Training SURE of the models:
SURE-PM: 0.14698618249301007
NPMLE: 0.28425193455202963
SURE-PM, NPMLE init: 0.14696995981346192
m: 2188
n: 100
experiment: c
Finished training EB misspecified with NPMLE init, with SURE: 0.04413199478137336
Finished training EB misspecified with NPMLE init, with in-sample MSE: 0.06497008840244814
Finished training EB misspecified, with SURE: 0.04413774870007757
Finished training EB misspecified, with in-sample MSE: 0.06496370001663132

 Training SURE of the models:
SURE-PM: 0.04413774870007757
NPMLE: 0.75149518425575
SURE-PM, NPMLE init: 0.04413199478137336
experiment: d
Finished training EB misspecified with NPMLE init, with SURE: -0.0019419279931643274
Finished training EB misspecified with NPMLE init, with in-sample MSE: 0.0031180498115826764
Finished training EB misspecified, with SURE: -0.0019419263459409919
Finished training EB misspecified, with in-sample MSE: 0.003117937244162778

 Training SURE of the models:
SURE-PM: -0.0019419263459409919
NPMLE: 0.032578837092981934
SURE-PM, NPMLE init: -0.0019419279931643274
experiment: e
Finished training EB misspecified with NPMLE init, with SURE: 0.13137060454187827
Finished training EB misspecified with NPMLE init, with in-sample MSE: 0.13855227611939452
Finished training EB misspecified, with SURE: 0.13139491739224163
Finished training EB misspecified, with in-sample MSE: 0.1390596566641885

 Training SURE of the models:
SURE-PM: 0.13139491739224163
NPMLE: 0.29708355225492256
SURE-PM, NPMLE init: 0.13137060454187827
n: 400
experiment: c
Finished training EB misspecified with NPMLE init, with SURE: 0.0932358955200904
Finished training EB misspecified with NPMLE init, with in-sample MSE: 0.07343738273556012
Finished training EB misspecified, with SURE: 0.09327840476676201
Finished training EB misspecified, with in-sample MSE: 0.07333241122437421

 Training SURE of the models:
SURE-PM: 0.09327840476676201
NPMLE: 1.14767581525388
SURE-PM, NPMLE init: 0.0932358955200904
experiment: d
Finished training EB misspecified with NPMLE init, with SURE: 0.004571179773548551
Finished training EB misspecified with NPMLE init, with in-sample MSE: 0.004889417372924693
Finished training EB misspecified, with SURE: 0.0045777595267102456
Finished training EB misspecified, with in-sample MSE: 0.00486843406920773

 Training SURE of the models:
SURE-PM: 0.0045777595267102456
NPMLE: 0.011513567693417546
SURE-PM, NPMLE init: 0.004571179773548551
experiment: e
Finished training EB misspecified with NPMLE init, with SURE: 0.15418327099503312
Finished training EB misspecified with NPMLE init, with in-sample MSE: 0.20458896472341084
Finished training EB misspecified, with SURE: 0.15417989095845666
Finished training EB misspecified, with in-sample MSE: 0.20459493223099695

 Training SURE of the models:
SURE-PM: 0.15417989095845666
NPMLE: 0.34987516871865
SURE-PM, NPMLE init: 0.15418327099503312
m: 2189
n: 100
experiment: c
Finished training EB misspecified with NPMLE init, with SURE: 0.01381425249533237
Finished training EB misspecified with NPMLE init, with in-sample MSE: 0.058856786876959076
Finished training EB misspecified, with SURE: 0.013825795882502519
Finished training EB misspecified, with in-sample MSE: 0.058866595163018544

 Training SURE of the models:
SURE-PM: 0.013825795882502519
NPMLE: 1.0139444545369707
SURE-PM, NPMLE init: 0.01381425249533237
experiment: d
Finished training EB misspecified with NPMLE init, with SURE: -0.007531534957604382
Finished training EB misspecified with NPMLE init, with in-sample MSE: 0.04959873516708889
Finished training EB misspecified, with SURE: -0.007528538875707582
Finished training EB misspecified, with in-sample MSE: 0.04969369639908588

 Training SURE of the models:
SURE-PM: -0.007528538875707582
NPMLE: 0.08001708457801043
SURE-PM, NPMLE init: -0.007531534957604382
experiment: e
Finished training EB misspecified with NPMLE init, with SURE: 0.024201939989389167
Finished training EB misspecified with NPMLE init, with in-sample MSE: 0.28057466664484965
Finished training EB misspecified, with SURE: 0.024206651016242413
Finished training EB misspecified, with in-sample MSE: 0.2806059828826182

 Training SURE of the models:
SURE-PM: 0.024206651016242413
NPMLE: 0.38710184135736
SURE-PM, NPMLE init: 0.024201939989389167
n: 400
experiment: c
Finished training EB misspecified with NPMLE init, with SURE: 0.07150714229956769
Finished training EB misspecified with NPMLE init, with in-sample MSE: 0.07814088259326457
Finished training EB misspecified, with SURE: 0.07379387215468533
Finished training EB misspecified, with in-sample MSE: 0.063369721146464

 Training SURE of the models:
SURE-PM: 0.07379387215468533
NPMLE: 0.9607536408294612
SURE-PM, NPMLE init: 0.07150714229956769
experiment: d
Finished training EB misspecified with NPMLE init, with SURE: 0.006282550466690556
Finished training EB misspecified with NPMLE init, with in-sample MSE: 0.009990729973326375
Finished training EB misspecified, with SURE: 0.0062833798116949426
Finished training EB misspecified, with in-sample MSE: 0.009987286254447834

 Training SURE of the models:
SURE-PM: 0.0062833798116949426
NPMLE: 0.08090597102810808
SURE-PM, NPMLE init: 0.006282550466690556
experiment: e
Finished training EB misspecified with NPMLE init, with SURE: 0.16740893838851215
Finished training EB misspecified with NPMLE init, with in-sample MSE: 0.19149668304439577
Finished training EB misspecified, with SURE: 0.1674062738766836
Finished training EB misspecified, with in-sample MSE: 0.1912860898537013

 Training SURE of the models:
SURE-PM: 0.1674062738766836
NPMLE: 0.3338841313854381
SURE-PM, NPMLE init: 0.16740893838851215
m: 2190
n: 100
experiment: c
Finished training EB misspecified with NPMLE init, with SURE: -0.0006996700631868436
Finished training EB misspecified with NPMLE init, with in-sample MSE: 0.07530500944759672
Finished training EB misspecified, with SURE: -0.000677133716073115
Finished training EB misspecified, with in-sample MSE: 0.07533218736499359

 Training SURE of the models:
SURE-PM: -0.000677133716073115
NPMLE: 0.7727091986038177
SURE-PM, NPMLE init: -0.0006996700631868436
experiment: d
Finished training EB misspecified with NPMLE init, with SURE: -0.022519003035942228
Finished training EB misspecified with NPMLE init, with in-sample MSE: 0.010353030521674108
Finished training EB misspecified, with SURE: -0.022518396902350163
Finished training EB misspecified, with in-sample MSE: 0.010352943121986096

 Training SURE of the models:
SURE-PM: -0.022518396902350163
NPMLE: 0.044829748163518236
SURE-PM, NPMLE init: -0.022519003035942228
experiment: e
Finished training EB misspecified with NPMLE init, with SURE: 0.17157813467388372
Finished training EB misspecified with NPMLE init, with in-sample MSE: 0.19891253371806783
Finished training EB misspecified, with SURE: 0.1707930863033136
Finished training EB misspecified, with in-sample MSE: 0.19498957194380684

 Training SURE of the models:
SURE-PM: 0.1707930863033136
NPMLE: 0.3174709680661085
SURE-PM, NPMLE init: 0.17157813467388372
n: 400
experiment: c
Finished training EB misspecified with NPMLE init, with SURE: 0.04411151299528363
Finished training EB misspecified with NPMLE init, with in-sample MSE: 0.05441967339752023
Finished training EB misspecified, with SURE: 0.04411683820696858
Finished training EB misspecified, with in-sample MSE: 0.054420306315917336

 Training SURE of the models:
SURE-PM: 0.04411683820696858
NPMLE: 0.3574915510617647
SURE-PM, NPMLE init: 0.04411151299528363
experiment: d
Finished training EB misspecified with NPMLE init, with SURE: 0.014294823236906229
Finished training EB misspecified with NPMLE init, with in-sample MSE: 0.006147454111554413
Finished training EB misspecified, with SURE: 0.014295161652010897
Finished training EB misspecified, with in-sample MSE: 0.006147324210182308

 Training SURE of the models:
SURE-PM: 0.014295161652010897
NPMLE: 0.016932018450911385
SURE-PM, NPMLE init: 0.014294823236906229
experiment: e
Finished training EB misspecified with NPMLE init, with SURE: 0.15724984365798286
Finished training EB misspecified with NPMLE init, with in-sample MSE: 0.1983495672832155
Finished training EB misspecified, with SURE: 0.15725604336499438
Finished training EB misspecified, with in-sample MSE: 0.19818930620126185

 Training SURE of the models:
SURE-PM: 0.15725604336499438
NPMLE: 0.3286974895343239
SURE-PM, NPMLE init: 0.15724984365798286
m: 2191
n: 100
experiment: c
Finished training EB misspecified with NPMLE init, with SURE: 0.07011903392951667
Finished training EB misspecified with NPMLE init, with in-sample MSE: 0.09104095650610486
Finished training EB misspecified, with SURE: 0.07012580157422087
Finished training EB misspecified, with in-sample MSE: 0.09104283443853607

 Training SURE of the models:
SURE-PM: 0.07012580157422087
NPMLE: 0.7153253657848431
SURE-PM, NPMLE init: 0.07011903392951667
experiment: d
Finished training EB misspecified with NPMLE init, with SURE: 0.012070045812073556
Finished training EB misspecified with NPMLE init, with in-sample MSE: 0.008338353364415184
Finished training EB misspecified, with SURE: 0.012070765452829556
Finished training EB misspecified, with in-sample MSE: 0.008337723174411707

 Training SURE of the models:
SURE-PM: 0.012070765452829556
NPMLE: 0.14925054477625163
SURE-PM, NPMLE init: 0.012070045812073556
experiment: e
Finished training EB misspecified with NPMLE init, with SURE: 0.16460533862542545
Finished training EB misspecified with NPMLE init, with in-sample MSE: 0.22840823515214642
Finished training EB misspecified, with SURE: 0.16461556763689753
Finished training EB misspecified, with in-sample MSE: 0.22840359110689884

 Training SURE of the models:
SURE-PM: 0.16461556763689753
NPMLE: 0.3581145623225011
SURE-PM, NPMLE init: 0.16460533862542545
n: 400
experiment: c
Finished training EB misspecified with NPMLE init, with SURE: 0.04245082017784427
Finished training EB misspecified with NPMLE init, with in-sample MSE: 0.07803519072870718
Finished training EB misspecified, with SURE: 0.04315320773204377
Finished training EB misspecified, with in-sample MSE: 0.08240074413527845

 Training SURE of the models:
SURE-PM: 0.04315320773204377
NPMLE: 0.652415170137165
SURE-PM, NPMLE init: 0.04245082017784427
experiment: d
Finished training EB misspecified with NPMLE init, with SURE: 0.011109400006549102
Finished training EB misspecified with NPMLE init, with in-sample MSE: 0.005159818706534924
Finished training EB misspecified, with SURE: 0.011114194176724138
Finished training EB misspecified, with in-sample MSE: 0.00514863450938406

 Training SURE of the models:
SURE-PM: 0.011114194176724138
NPMLE: 0.03701890866077195
SURE-PM, NPMLE init: 0.011109400006549102
experiment: e
Finished training EB misspecified with NPMLE init, with SURE: 0.1738097326294844
Finished training EB misspecified with NPMLE init, with in-sample MSE: 0.18951361575116984
Finished training EB misspecified, with SURE: 0.17379374837275227
Finished training EB misspecified, with in-sample MSE: 0.1892815915122521

 Training SURE of the models:
SURE-PM: 0.17379374837275227
NPMLE: 0.34121877669528183
SURE-PM, NPMLE init: 0.1738097326294844
m: 2192
n: 100
experiment: c
Finished training EB misspecified with NPMLE init, with SURE: -0.011905609946828264
Finished training EB misspecified with NPMLE init, with in-sample MSE: 0.055894674471109775
Finished training EB misspecified, with SURE: -0.011901023712909407
Finished training EB misspecified, with in-sample MSE: 0.055904216223403955

 Training SURE of the models:
SURE-PM: -0.011901023712909407
NPMLE: 0.30092469567136776
SURE-PM, NPMLE init: -0.011905609946828264
experiment: d
Finished training EB misspecified with NPMLE init, with SURE: 0.012369378173859715
Finished training EB misspecified with NPMLE init, with in-sample MSE: 0.017445329338246388
Finished training EB misspecified, with SURE: 0.012372435413579198
Finished training EB misspecified, with in-sample MSE: 0.01740272508673636

 Training SURE of the models:
SURE-PM: 0.012372435413579198
NPMLE: 0.0576908395847224
SURE-PM, NPMLE init: 0.012369378173859715
experiment: e
Finished training EB misspecified with NPMLE init, with SURE: 0.1736108610305081
Finished training EB misspecified with NPMLE init, with in-sample MSE: 0.19556222194111744
Finished training EB misspecified, with SURE: 0.1736127291802545
Finished training EB misspecified, with in-sample MSE: 0.19557054200720966

 Training SURE of the models:
SURE-PM: 0.1736127291802545
NPMLE: 0.275378225784211
SURE-PM, NPMLE init: 0.1736108610305081
n: 400
experiment: c
Finished training EB misspecified with NPMLE init, with SURE: 0.06284465129299796
Finished training EB misspecified with NPMLE init, with in-sample MSE: 0.06090832724029372
Finished training EB misspecified, with SURE: 0.06284733845644247
Finished training EB misspecified, with in-sample MSE: 0.06090278688017423

 Training SURE of the models:
SURE-PM: 0.06284733845644247
NPMLE: 0.6197721601120052
SURE-PM, NPMLE init: 0.06284465129299796
experiment: d
Finished training EB misspecified with NPMLE init, with SURE: 0.000705758505435945
Finished training EB misspecified with NPMLE init, with in-sample MSE: 0.006726641795775463
Finished training EB misspecified, with SURE: 0.0007059085536270259
Finished training EB misspecified, with in-sample MSE: 0.006726571506333479

 Training SURE of the models:
SURE-PM: 0.0007059085536270259
NPMLE: 0.10271871242527698
SURE-PM, NPMLE init: 0.000705758505435945
experiment: e
Finished training EB misspecified with NPMLE init, with SURE: 0.16546298629108985
Finished training EB misspecified with NPMLE init, with in-sample MSE: 0.19352783481082209
Finished training EB misspecified, with SURE: 0.16547743961543762
Finished training EB misspecified, with in-sample MSE: 0.1934808011682004

 Training SURE of the models:
SURE-PM: 0.16547743961543762
NPMLE: 0.321930117782437
SURE-PM, NPMLE init: 0.16546298629108985
m: 2193
n: 100
experiment: c
Finished training EB misspecified with NPMLE init, with SURE: 0.02639483633770986
Finished training EB misspecified with NPMLE init, with in-sample MSE: 0.050789260316868166
Finished training EB misspecified, with SURE: 0.026406634957968578
Finished training EB misspecified, with in-sample MSE: 0.05077777673639027

 Training SURE of the models:
SURE-PM: 0.026406634957968578
NPMLE: 0.2675077195033613
SURE-PM, NPMLE init: 0.02639483633770986
experiment: d
Finished training EB misspecified with NPMLE init, with SURE: 0.022056215110676406
Finished training EB misspecified with NPMLE init, with in-sample MSE: 0.012123891912592681
Finished training EB misspecified, with SURE: 0.022056571884001244
Finished training EB misspecified, with in-sample MSE: 0.012117556698869625

 Training SURE of the models:
SURE-PM: 0.022056571884001244
NPMLE: 0.11280283243031582
SURE-PM, NPMLE init: 0.022056215110676406
experiment: e
Finished training EB misspecified with NPMLE init, with SURE: 0.12003256821026398
Finished training EB misspecified with NPMLE init, with in-sample MSE: 0.2115578494481461
Finished training EB misspecified, with SURE: 0.12003015059312766
Finished training EB misspecified, with in-sample MSE: 0.21157515692104947

 Training SURE of the models:
SURE-PM: 0.12003015059312766
NPMLE: 0.32921206140188675
SURE-PM, NPMLE init: 0.12003256821026398
n: 400
experiment: c
Finished training EB misspecified with NPMLE init, with SURE: -0.01949332575327375
Finished training EB misspecified with NPMLE init, with in-sample MSE: 0.054518484905033485
Finished training EB misspecified, with SURE: -0.01942575111865999
Finished training EB misspecified, with in-sample MSE: 0.05455682928969094

 Training SURE of the models:
SURE-PM: -0.01942575111865999
NPMLE: 0.44219353664589384
SURE-PM, NPMLE init: -0.01949332575327375
experiment: d
Finished training EB misspecified with NPMLE init, with SURE: 0.002246010074249316
Finished training EB misspecified with NPMLE init, with in-sample MSE: 0.007960071370049043
Finished training EB misspecified, with SURE: 0.002247163562590213
Finished training EB misspecified, with in-sample MSE: 0.00795647195207505

 Training SURE of the models:
SURE-PM: 0.002247163562590213
NPMLE: 0.054730334400103935
SURE-PM, NPMLE init: 0.002246010074249316
experiment: e
Finished training EB misspecified with NPMLE init, with SURE: 0.1437742564955892
Finished training EB misspecified with NPMLE init, with in-sample MSE: 0.18239253801365973
Finished training EB misspecified, with SURE: 0.14643022650395185
Finished training EB misspecified, with in-sample MSE: 0.17941886658194633

 Training SURE of the models:
SURE-PM: 0.14643022650395185
NPMLE: 0.3526104595729464
SURE-PM, NPMLE init: 0.1437742564955892
m: 2194
n: 100
experiment: c
Finished training EB misspecified with NPMLE init, with SURE: -0.0016122884000776595
Finished training EB misspecified with NPMLE init, with in-sample MSE: 0.12107228727437352
Finished training EB misspecified, with SURE: -0.0016064598949495947
Finished training EB misspecified, with in-sample MSE: 0.12106239076044434

 Training SURE of the models:
SURE-PM: -0.0016064598949495947
NPMLE: 0.7746132146575738
SURE-PM, NPMLE init: -0.0016122884000776595
experiment: d
Finished training EB misspecified with NPMLE init, with SURE: -0.0041090551842721725
Finished training EB misspecified with NPMLE init, with in-sample MSE: 0.005865147984052852
Finished training EB misspecified, with SURE: -0.0036247397319811017
Finished training EB misspecified, with in-sample MSE: 0.004320380323636108

 Training SURE of the models:
SURE-PM: -0.0036247397319811017
NPMLE: 0.019706446193216626
SURE-PM, NPMLE init: -0.0041090551842721725
experiment: e
Finished training EB misspecified with NPMLE init, with SURE: 0.14503373247500329
Finished training EB misspecified with NPMLE init, with in-sample MSE: 0.1696739432892103
Finished training EB misspecified, with SURE: 0.14177243469413298
Finished training EB misspecified, with in-sample MSE: 0.16389050641522215

 Training SURE of the models:
SURE-PM: 0.14177243469413298
NPMLE: 0.36965663186670966
SURE-PM, NPMLE init: 0.14503373247500329
n: 400
experiment: c
Finished training EB misspecified with NPMLE init, with SURE: 0.04079835605008959
Finished training EB misspecified with NPMLE init, with in-sample MSE: 0.06146698560242455
Finished training EB misspecified, with SURE: 0.04081432204983017
Finished training EB misspecified, with in-sample MSE: 0.06145613245390298

 Training SURE of the models:
SURE-PM: 0.04081432204983017
NPMLE: 0.8440720348939845
SURE-PM, NPMLE init: 0.04079835605008959
experiment: d
Finished training EB misspecified with NPMLE init, with SURE: -0.013438825798845127
Finished training EB misspecified with NPMLE init, with in-sample MSE: 0.004520581942158439
Finished training EB misspecified, with SURE: -0.013256128829164134
Finished training EB misspecified, with in-sample MSE: 0.00440467200324042

 Training SURE of the models:
SURE-PM: -0.013256128829164134
NPMLE: 0.019724601487863005
SURE-PM, NPMLE init: -0.013438825798845127
experiment: e
Finished training EB misspecified with NPMLE init, with SURE: 0.15871175339889426
Finished training EB misspecified with NPMLE init, with in-sample MSE: 0.1967060906352674
Finished training EB misspecified, with SURE: 0.15852432795478735
Finished training EB misspecified, with in-sample MSE: 0.19419340170879948

 Training SURE of the models:
SURE-PM: 0.15852432795478735
NPMLE: 0.32530482934183147
SURE-PM, NPMLE init: 0.15871175339889426
m: 2195
n: 100
experiment: c
Finished training EB misspecified with NPMLE init, with SURE: 0.07760672747979591
Finished training EB misspecified with NPMLE init, with in-sample MSE: 0.10333106179473876
Finished training EB misspecified, with SURE: 0.07761203570710463
Finished training EB misspecified, with in-sample MSE: 0.1033852210431083

 Training SURE of the models:
SURE-PM: 0.07761203570710463
NPMLE: 0.6463544332526083
SURE-PM, NPMLE init: 0.07760672747979591
experiment: d
Finished training EB misspecified with NPMLE init, with SURE: -0.003035078726859002
Finished training EB misspecified with NPMLE init, with in-sample MSE: 0.00947987219273562
Finished training EB misspecified, with SURE: -0.003034881752596199
Finished training EB misspecified, with in-sample MSE: 0.009479614534702703

 Training SURE of the models:
SURE-PM: -0.003034881752596199
NPMLE: 0.09499597774012859
SURE-PM, NPMLE init: -0.003035078726859002
experiment: e
Finished training EB misspecified with NPMLE init, with SURE: 0.15812683169978062
Finished training EB misspecified with NPMLE init, with in-sample MSE: 0.1855292058249326
Finished training EB misspecified, with SURE: 0.1570859874845065
Finished training EB misspecified, with in-sample MSE: 0.18318628696857492

 Training SURE of the models:
SURE-PM: 0.1570859874845065
NPMLE: 0.27971294211850145
SURE-PM, NPMLE init: 0.15812683169978062
n: 400
experiment: c
Finished training EB misspecified with NPMLE init, with SURE: 0.023642852112415937
Finished training EB misspecified with NPMLE init, with in-sample MSE: 0.07562256308741544
Finished training EB misspecified, with SURE: 0.023650508306567418
Finished training EB misspecified, with in-sample MSE: 0.07560238652978

 Training SURE of the models:
SURE-PM: 0.023650508306567418
NPMLE: 0.5937082765090702
SURE-PM, NPMLE init: 0.023642852112415937
experiment: d
Finished training EB misspecified with NPMLE init, with SURE: 0.006782415215649582
Finished training EB misspecified with NPMLE init, with in-sample MSE: 0.0048993913330059495
Finished training EB misspecified, with SURE: 0.006782634730877373
Finished training EB misspecified, with in-sample MSE: 0.0048991381262486824

 Training SURE of the models:
SURE-PM: 0.006782634730877373
NPMLE: 0.07443352526988542
SURE-PM, NPMLE init: 0.006782415215649582
experiment: e
Finished training EB misspecified with NPMLE init, with SURE: 0.13661770007776444
Finished training EB misspecified with NPMLE init, with in-sample MSE: 0.16984780602644128
Finished training EB misspecified, with SURE: 0.13684826968996577
Finished training EB misspecified, with in-sample MSE: 0.17118447026772857

 Training SURE of the models:
SURE-PM: 0.13684826968996577
NPMLE: 0.34119828527013835
SURE-PM, NPMLE init: 0.13661770007776444
m: 2196
n: 100
experiment: c
Finished training EB misspecified with NPMLE init, with SURE: 0.05398503897386306
Finished training EB misspecified with NPMLE init, with in-sample MSE: 0.08754161653024639
Finished training EB misspecified, with SURE: 0.05400799665657829
Finished training EB misspecified, with in-sample MSE: 0.08879133617842698

 Training SURE of the models:
SURE-PM: 0.05400799665657829
NPMLE: 0.29992931316608035
SURE-PM, NPMLE init: 0.05398503897386306
experiment: d
Finished training EB misspecified with NPMLE init, with SURE: -0.0031284170346280327
Finished training EB misspecified with NPMLE init, with in-sample MSE: 0.005722598692137439
Finished training EB misspecified, with SURE: -0.003128369479427473
Finished training EB misspecified, with in-sample MSE: 0.005722666169635725

 Training SURE of the models:
SURE-PM: -0.003128369479427473
NPMLE: 0.07649942238381215
SURE-PM, NPMLE init: -0.0031284170346280327
experiment: e
Finished training EB misspecified with NPMLE init, with SURE: 0.006580322414523679
Finished training EB misspecified with NPMLE init, with in-sample MSE: 0.2903715868875931
Finished training EB misspecified, with SURE: 0.006590777704482349
Finished training EB misspecified, with in-sample MSE: 0.2903582675605748

 Training SURE of the models:
SURE-PM: 0.006590777704482349
NPMLE: 0.25884975592435056
SURE-PM, NPMLE init: 0.006580322414523679
n: 400
experiment: c
Finished training EB misspecified with NPMLE init, with SURE: -0.0018535447659597537
Finished training EB misspecified with NPMLE init, with in-sample MSE: 0.05701823866021387
Finished training EB misspecified, with SURE: -0.0018503299133652718
Finished training EB misspecified, with in-sample MSE: 0.057025021315255886

 Training SURE of the models:
SURE-PM: -0.0018503299133652718
NPMLE: 0.6362911246795077
SURE-PM, NPMLE init: -0.0018535447659597537
experiment: d
Finished training EB misspecified with NPMLE init, with SURE: -0.015760698539488603
Finished training EB misspecified with NPMLE init, with in-sample MSE: 0.004049732399007601
Finished training EB misspecified, with SURE: -0.01576044033119441
Finished training EB misspecified, with in-sample MSE: 0.004049707071002206

 Training SURE of the models:
SURE-PM: -0.01576044033119441
NPMLE: 0.04304746631327497
SURE-PM, NPMLE init: -0.015760698539488603
experiment: e
Finished training EB misspecified with NPMLE init, with SURE: 0.16833760654161545
Finished training EB misspecified with NPMLE init, with in-sample MSE: 0.17680829038181994
Finished training EB misspecified, with SURE: 0.16833866212480836
Finished training EB misspecified, with in-sample MSE: 0.17681620672912374

 Training SURE of the models:
SURE-PM: 0.16833866212480836
NPMLE: 0.34512838005179863
SURE-PM, NPMLE init: 0.16833760654161545
m: 2197
n: 100
experiment: c
Finished training EB misspecified with NPMLE init, with SURE: 0.008370382622180586
Finished training EB misspecified with NPMLE init, with in-sample MSE: 0.07349262842005777
Finished training EB misspecified, with SURE: 0.00837997214844215
Finished training EB misspecified, with in-sample MSE: 0.07349961065332203

 Training SURE of the models:
SURE-PM: 0.00837997214844215
NPMLE: 0.565641782357632
SURE-PM, NPMLE init: 0.008370382622180586
experiment: d
Finished training EB misspecified with NPMLE init, with SURE: -0.0019857901200364837
Finished training EB misspecified with NPMLE init, with in-sample MSE: 0.058786772099592384
Finished training EB misspecified, with SURE: -0.0019822764663877733
Finished training EB misspecified, with in-sample MSE: 0.05875232859197212

 Training SURE of the models:
SURE-PM: -0.0019822764663877733
NPMLE: 0.12211037480438634
SURE-PM, NPMLE init: -0.0019857901200364837
experiment: e
Finished training EB misspecified with NPMLE init, with SURE: 0.13994561166180347
Finished training EB misspecified with NPMLE init, with in-sample MSE: 0.18768662123436328
Finished training EB misspecified, with SURE: 0.13994721447848035
Finished training EB misspecified, with in-sample MSE: 0.187708530469311

 Training SURE of the models:
SURE-PM: 0.13994721447848035
NPMLE: 0.36249189417668504
SURE-PM, NPMLE init: 0.13994561166180347
n: 400
experiment: c
Finished training EB misspecified with NPMLE init, with SURE: 0.057466112468003774
Finished training EB misspecified with NPMLE init, with in-sample MSE: 0.06000994324089961
Finished training EB misspecified, with SURE: 0.056576025221140615
Finished training EB misspecified, with in-sample MSE: 0.0618263058025908

 Training SURE of the models:
SURE-PM: 0.056576025221140615
NPMLE: 0.6489634653999498
SURE-PM, NPMLE init: 0.057466112468003774
experiment: d
Finished training EB misspecified with NPMLE init, with SURE: 0.02432904612154939
Finished training EB misspecified with NPMLE init, with in-sample MSE: 0.013957051991066885
Finished training EB misspecified, with SURE: 0.024331064194814456
Finished training EB misspecified, with in-sample MSE: 0.013944195434696488

 Training SURE of the models:
SURE-PM: 0.024331064194814456
NPMLE: 0.09549481459049812
SURE-PM, NPMLE init: 0.02432904612154939
experiment: e
Finished training EB misspecified with NPMLE init, with SURE: 0.15727358931077973
Finished training EB misspecified with NPMLE init, with in-sample MSE: 0.20701579491526179
Finished training EB misspecified, with SURE: 0.15728429151991336
Finished training EB misspecified, with in-sample MSE: 0.20692750764527662

 Training SURE of the models:
SURE-PM: 0.15728429151991336
NPMLE: 0.31728271834685906
SURE-PM, NPMLE init: 0.15727358931077973
m: 2198
n: 100
experiment: c
Finished training EB misspecified with NPMLE init, with SURE: 0.10338405322531592
Finished training EB misspecified with NPMLE init, with in-sample MSE: 0.07836130199817243
Finished training EB misspecified, with SURE: 0.10340220943030566
Finished training EB misspecified, with in-sample MSE: 0.07836094895379059

 Training SURE of the models:
SURE-PM: 0.10340220943030566
NPMLE: 0.6134525093816889
SURE-PM, NPMLE init: 0.10338405322531592
experiment: d
Finished training EB misspecified with NPMLE init, with SURE: -0.002065134704652287
Finished training EB misspecified with NPMLE init, with in-sample MSE: 0.011980452021680608
Finished training EB misspecified, with SURE: -0.002064733887550929
Finished training EB misspecified, with in-sample MSE: 0.011980083741079672

 Training SURE of the models:
SURE-PM: -0.002064733887550929
NPMLE: 0.13925419624828606
SURE-PM, NPMLE init: -0.002065134704652287
experiment: e
Finished training EB misspecified with NPMLE init, with SURE: 0.13017669891913605
Finished training EB misspecified with NPMLE init, with in-sample MSE: 0.18092150299087673
Finished training EB misspecified, with SURE: 0.13018508518587596
Finished training EB misspecified, with in-sample MSE: 0.18081482128846604

 Training SURE of the models:
SURE-PM: 0.13018508518587596
NPMLE: 0.42981052478825255
SURE-PM, NPMLE init: 0.13017669891913605
n: 400
experiment: c
Finished training EB misspecified with NPMLE init, with SURE: 0.017341699178470834
Finished training EB misspecified with NPMLE init, with in-sample MSE: 0.05483341964747777
Finished training EB misspecified, with SURE: 0.017344341848918463
Finished training EB misspecified, with in-sample MSE: 0.054834544261743855

 Training SURE of the models:
SURE-PM: 0.017344341848918463
NPMLE: 0.5044606417458651
SURE-PM, NPMLE init: 0.017341699178470834
experiment: d
Finished training EB misspecified with NPMLE init, with SURE: -0.018104436390323057
Finished training EB misspecified with NPMLE init, with in-sample MSE: 0.005392967540357917
Finished training EB misspecified, with SURE: -0.01810422285850114
Finished training EB misspecified, with in-sample MSE: 0.005392938935912957

 Training SURE of the models:
SURE-PM: -0.01810422285850114
NPMLE: 0.022636240704094295
SURE-PM, NPMLE init: -0.018104436390323057
experiment: e
Finished training EB misspecified with NPMLE init, with SURE: 0.16962811696104296
Finished training EB misspecified with NPMLE init, with in-sample MSE: 0.15944062292429628
Finished training EB misspecified, with SURE: 0.16963251206778482
Finished training EB misspecified, with in-sample MSE: 0.159433698537676

 Training SURE of the models:
SURE-PM: 0.16963251206778482
NPMLE: 0.32254914648379257
SURE-PM, NPMLE init: 0.16962811696104296
m: 2199
n: 100
experiment: c
Finished training EB misspecified with NPMLE init, with SURE: 0.060080805728320856
Finished training EB misspecified with NPMLE init, with in-sample MSE: 0.053990362412463126
Finished training EB misspecified, with SURE: 0.060086003821443155
Finished training EB misspecified, with in-sample MSE: 0.05398588455920155

 Training SURE of the models:
SURE-PM: 0.060086003821443155
NPMLE: 0.7836113239208631
SURE-PM, NPMLE init: 0.060080805728320856
experiment: d
Finished training EB misspecified with NPMLE init, with SURE: -0.0013450727994960587
Finished training EB misspecified with NPMLE init, with in-sample MSE: 0.007660375120263897
Finished training EB misspecified, with SURE: -0.0013439647723457605
Finished training EB misspecified, with in-sample MSE: 0.00765431565045362

 Training SURE of the models:
SURE-PM: -0.0013439647723457605
NPMLE: 0.008768235916090798
SURE-PM, NPMLE init: -0.0013450727994960587
experiment: e
Finished training EB misspecified with NPMLE init, with SURE: 0.1064298965844579
Finished training EB misspecified with NPMLE init, with in-sample MSE: 0.24941716661153648
Finished training EB misspecified, with SURE: 0.10643637562748293
Finished training EB misspecified, with in-sample MSE: 0.24989380197476543

 Training SURE of the models:
SURE-PM: 0.10643637562748293
NPMLE: 0.41995335451981575
SURE-PM, NPMLE init: 0.1064298965844579
n: 400
experiment: c
Finished training EB misspecified with NPMLE init, with SURE: -0.028106400084404015
Finished training EB misspecified with NPMLE init, with in-sample MSE: 0.06220537038572911
Finished training EB misspecified, with SURE: -0.028103652927337068
Finished training EB misspecified, with in-sample MSE: 0.062212589239013606

 Training SURE of the models:
SURE-PM: -0.028103652927337068
NPMLE: 0.23201408076552568
SURE-PM, NPMLE init: -0.028106400084404015
experiment: d
Finished training EB misspecified with NPMLE init, with SURE: 0.009452002574784757
Finished training EB misspecified with NPMLE init, with in-sample MSE: 0.006743167992845118
Finished training EB misspecified, with SURE: 0.009452225798753702
Finished training EB misspecified, with in-sample MSE: 0.006742944657529345

 Training SURE of the models:
SURE-PM: 0.009452225798753702
NPMLE: 0.13889780465172305
SURE-PM, NPMLE init: 0.009452002574784757
experiment: e
Finished training EB misspecified with NPMLE init, with SURE: 0.1324253339224518
Finished training EB misspecified with NPMLE init, with in-sample MSE: 0.19945658190488974
Finished training EB misspecified, with SURE: 0.1336986176962562
Finished training EB misspecified, with in-sample MSE: 0.19837957876348677

 Training SURE of the models:
SURE-PM: 0.1336986176962562
NPMLE: 0.34475596985618645
SURE-PM, NPMLE init: 0.1324253339224518
submitit INFO (2026-06-03 20:27:02,681) - Job completed successfully
submitit INFO (2026-06-03 20:27:02,683) - Exiting after successful completion
