submitit INFO (2026-08-20 06:56:01,340) - Starting with JobEnvironment(job_id=1429914, hostname=h001, local_rank=0(1), node=0(1), global_rank=0(1))
submitit INFO (2026-08-20 06:56:01,340) - Loading pickle: /home/amberlee0516/score-matching-empirical-bayes/submitit_log/1429914/1429914_submitted.pkl
simulate_data.py: device = cuda:0

n: 100
m: 0
Finished solving NPMLE, with SURE 0.3501988001480156
Finished solving NPMLE, with in-sample MSE 0.07243012383495008
Finished solving parametric estimator, with SURE 0.01958791383123193
Finished solving parametric estimator, with in-sample MSE 0.05258897596965082
Finished solving EBCF, with in-sample MSE 0.05240195614714854
Finished training EB SURE-LS, with SURE: -0.04276799938545322
Finished training EB SURE-LS, with in-sample MSE: 0.022521709338402886
use_scale: True
use_location: False
Finished training EB misspecified with NPMLE init, with SURE: 0.004827071264149012
Finished training EB misspecified with NPMLE init, with in-sample MSE: 0.05029462150030451
Finished training EB misspecified, with SURE: 0.0048338608492193205
Finished training EB misspecified, with in-sample MSE: 0.050299384303201695
Finished training EB wellspecified, with SURE: -0.06969751896185761
Finished training EB wellspecified, with in-sample MSE: 0.04257264447845599
m: 1
Finished solving NPMLE, with SURE 0.7549479959055031
Finished solving NPMLE, with in-sample MSE 0.09230595282757165
Finished solving parametric estimator, with SURE 0.18216847786697818
Finished solving parametric estimator, with in-sample MSE 0.08886109681090405
Finished solving EBCF, with in-sample MSE 0.07560440470685545
Finished training EB SURE-LS, with SURE: 0.08071972803555674
Finished training EB SURE-LS, with in-sample MSE: 0.07394346456569621
use_scale: True
use_location: False
Finished training EB misspecified with NPMLE init, with SURE: 0.15450847250024424
Finished training EB misspecified with NPMLE init, with in-sample MSE: 0.13341004453889613
Finished training EB misspecified, with SURE: 0.15990233302666965
Finished training EB misspecified, with in-sample MSE: 0.10774022518193731
Finished training EB wellspecified, with SURE: -0.02494533633413316
Finished training EB wellspecified, with in-sample MSE: 0.25133613634111646
m: 2
Finished solving NPMLE, with SURE 0.9572079989433319
Finished solving NPMLE, with in-sample MSE 0.0676010612044185
Finished solving parametric estimator, with SURE -0.015664940523127724
Finished solving parametric estimator, with in-sample MSE 0.053058992110993915
Finished solving EBCF, with in-sample MSE 0.06817249591263887
Finished training EB SURE-LS, with SURE: -0.12409919800515347
Finished training EB SURE-LS, with in-sample MSE: 0.050120297473432364
use_scale: True
use_location: False
Finished training EB misspecified with NPMLE init, with SURE: -0.03294383403652134
Finished training EB misspecified with NPMLE init, with in-sample MSE: 0.055463028060929585
Finished training EB misspecified, with SURE: -0.03293688773239282
Finished training EB misspecified, with in-sample MSE: 0.055464361318344056
Finished training EB wellspecified, with SURE: -0.16514398547810147
Finished training EB wellspecified, with in-sample MSE: 0.08742037812852342
m: 3
Finished solving NPMLE, with SURE 0.8584128976101796
Finished solving NPMLE, with in-sample MSE 0.061120341923897634
Finished solving parametric estimator, with SURE 0.14453247498999228
Finished solving parametric estimator, with in-sample MSE 0.07455866241264161
Finished solving EBCF, with in-sample MSE 0.10608403569403368
Finished training EB SURE-LS, with SURE: -0.0074002932463288
Finished training EB SURE-LS, with in-sample MSE: 0.08713626820067415
use_scale: True
use_location: False
Finished training EB misspecified with NPMLE init, with SURE: 0.12264125302400203
Finished training EB misspecified with NPMLE init, with in-sample MSE: 0.09973391764607296
Finished training EB misspecified, with SURE: 0.12263668279439713
Finished training EB misspecified, with in-sample MSE: 0.09971740260082243
Finished training EB wellspecified, with SURE: -0.12070340326398306
Finished training EB wellspecified, with in-sample MSE: 0.22353834612852108
m: 4
Finished solving NPMLE, with SURE 1.045527929934791
Finished solving NPMLE, with in-sample MSE 0.07938816405569094
Finished solving parametric estimator, with SURE 0.14368402527042096
Finished solving parametric estimator, with in-sample MSE 0.062172203835782085
Finished solving EBCF, with in-sample MSE 0.06596155766983446
Finished training EB SURE-LS, with SURE: 0.014951731283433287
Finished training EB SURE-LS, with in-sample MSE: 0.036078362875019004
use_scale: True
use_location: False
Finished training EB misspecified with NPMLE init, with SURE: 0.10188616591133247
Finished training EB misspecified with NPMLE init, with in-sample MSE: 0.09947144725118073
Finished training EB misspecified, with SURE: 0.10193048918930614
Finished training EB misspecified, with in-sample MSE: 0.09945689509647657
Finished training EB wellspecified, with SURE: -0.09667047315375613
Finished training EB wellspecified, with in-sample MSE: 0.2075637582447913
m: 5
Finished solving NPMLE, with SURE 0.5286712263215988
Finished solving NPMLE, with in-sample MSE 0.1108911982149349
Finished solving parametric estimator, with SURE 0.1199983252391541
Finished solving parametric estimator, with in-sample MSE 0.051899818716299624
Finished solving EBCF, with in-sample MSE 0.045448701194529234
Finished training EB SURE-LS, with SURE: 0.005539267598707598
Finished training EB SURE-LS, with in-sample MSE: 0.026938714347681744
use_scale: True
use_location: False
Finished training EB misspecified with NPMLE init, with SURE: 0.08743348052894888
Finished training EB misspecified with NPMLE init, with in-sample MSE: 0.0866408676435309
Finished training EB misspecified, with SURE: 0.08745879160114611
Finished training EB misspecified, with in-sample MSE: 0.08664910972466927
Finished training EB wellspecified, with SURE: -0.13967859985533618
Finished training EB wellspecified, with in-sample MSE: 0.2011917335463456
m: 6
Finished solving NPMLE, with SURE 1.1460607273248495
Finished solving NPMLE, with in-sample MSE 0.14532359000880532
Finished solving parametric estimator, with SURE 0.13199320628769096
Finished solving parametric estimator, with in-sample MSE 0.05308536237848672
Finished solving EBCF, with in-sample MSE 0.04448720122278796
Finished training EB SURE-LS, with SURE: 0.01261647977460207
Finished training EB SURE-LS, with in-sample MSE: 0.018381407667180927
use_scale: True
use_location: False
Finished training EB misspecified with NPMLE init, with SURE: 0.03389811302931591
Finished training EB misspecified with NPMLE init, with in-sample MSE: 0.17248235257828845
Finished training EB misspecified, with SURE: 0.03392676513483366
Finished training EB misspecified, with in-sample MSE: 0.17243952133808624
Finished training EB wellspecified, with SURE: -0.0299815066099125
Finished training EB wellspecified, with in-sample MSE: 0.05899139719960908
m: 7
Finished solving NPMLE, with SURE 0.6007222651232768
Finished solving NPMLE, with in-sample MSE 0.07695690334838204
Finished solving parametric estimator, with SURE -0.02121384930769049
Finished solving parametric estimator, with in-sample MSE 0.06084454692450231
Finished solving EBCF, with in-sample MSE 0.03234205854648882
Finished training EB SURE-LS, with SURE: -0.09022112236631044
Finished training EB SURE-LS, with in-sample MSE: 0.004603064033730795
use_scale: True
use_location: False
Finished training EB misspecified with NPMLE init, with SURE: -0.038271501896016316
Finished training EB misspecified with NPMLE init, with in-sample MSE: 0.061397542483122056
Finished training EB misspecified, with SURE: -0.03826270636541736
Finished training EB misspecified, with in-sample MSE: 0.061394728874678645
Finished training EB wellspecified, with SURE: -0.15380171437440168
Finished training EB wellspecified, with in-sample MSE: 0.07404376580735486
m: 8
Finished solving NPMLE, with SURE 0.4361047488322663
Finished solving NPMLE, with in-sample MSE 0.08136920357091937
Finished solving parametric estimator, with SURE 0.016835958145550833
Finished solving parametric estimator, with in-sample MSE 0.059766614478885406
Finished solving EBCF, with in-sample MSE 0.028514376160856652
Finished training EB SURE-LS, with SURE: -0.024435637658576786
Finished training EB SURE-LS, with in-sample MSE: 0.006484674798831988
use_scale: True
use_location: False
Finished training EB misspecified with NPMLE init, with SURE: 0.003342207630225147
Finished training EB misspecified with NPMLE init, with in-sample MSE: 0.05709722234261366
Finished training EB misspecified, with SURE: 0.003345882528244886
Finished training EB misspecified, with in-sample MSE: 0.05709630757634108
Finished training EB wellspecified, with SURE: -0.0566297949218316
Finished training EB wellspecified, with in-sample MSE: 0.039073591129526165
m: 9
Finished solving NPMLE, with SURE 0.6274297903195872
Finished solving NPMLE, with in-sample MSE 0.08351350500723573
Finished solving parametric estimator, with SURE 0.03689391214895926
Finished solving parametric estimator, with in-sample MSE 0.05617657250453938
Finished solving EBCF, with in-sample MSE 0.023833947549700987
Finished training EB SURE-LS, with SURE: -0.028229514045690837
Finished training EB SURE-LS, with in-sample MSE: 0.003065557966510939
use_scale: True
use_location: False
Finished training EB misspecified with NPMLE init, with SURE: -0.0064040245190199845
Finished training EB misspecified with NPMLE init, with in-sample MSE: 0.12224018406733324
Finished training EB misspecified, with SURE: -0.006350368551573666
Finished training EB misspecified, with in-sample MSE: 0.1221652163714913
Finished training EB wellspecified, with SURE: -0.06357927774049733
Finished training EB wellspecified, with in-sample MSE: 0.04562809193459077
m: 10
Finished solving NPMLE, with SURE 0.688028494090777
Finished solving NPMLE, with in-sample MSE 0.1604857041472161
Finished solving parametric estimator, with SURE 0.05712479665154846
Finished solving parametric estimator, with in-sample MSE 0.05950584009669871
Finished solving EBCF, with in-sample MSE 0.05676130742744728
Finished training EB SURE-LS, with SURE: -0.07363306764587012
Finished training EB SURE-LS, with in-sample MSE: 0.04697378401808969
use_scale: True
use_location: False
Finished training EB misspecified with NPMLE init, with SURE: -0.026875838639428908
Finished training EB misspecified with NPMLE init, with in-sample MSE: 0.16048219988663026
Finished training EB misspecified, with SURE: -0.026851786524280784
Finished training EB misspecified, with in-sample MSE: 0.16044287814831715
Finished training EB wellspecified, with SURE: -0.19309484968213808
Finished training EB wellspecified, with in-sample MSE: 0.2517897519589932
m: 11
Finished solving NPMLE, with SURE 0.38012024925695603
Finished solving NPMLE, with in-sample MSE 0.08248372237409723
Finished solving parametric estimator, with SURE -0.18547918624384052
Finished solving parametric estimator, with in-sample MSE 0.06970639029981561
Finished solving EBCF, with in-sample MSE 0.02534846360126695
Finished training EB SURE-LS, with SURE: -0.2763361110452152
Finished training EB SURE-LS, with in-sample MSE: 0.014019415292789024
use_scale: True
use_location: False
Finished training EB misspecified with NPMLE init, with SURE: -0.2012144937735765
Finished training EB misspecified with NPMLE init, with in-sample MSE: 0.05716741151495703
Finished training EB misspecified, with SURE: -0.2011934574603289
Finished training EB misspecified, with in-sample MSE: 0.057175942737634815
Finished training EB wellspecified, with SURE: -0.2849822756497393
Finished training EB wellspecified, with in-sample MSE: 0.02505681052829987
m: 12
Finished solving NPMLE, with SURE 0.35660288324906153
Finished solving NPMLE, with in-sample MSE 0.09665021427879271
Finished solving parametric estimator, with SURE 0.10926033731157736
Finished solving parametric estimator, with in-sample MSE 0.08019738459979697
Finished solving EBCF, with in-sample MSE 0.11239017013401184
Finished training EB SURE-LS, with SURE: 0.04709498922429269
Finished training EB SURE-LS, with in-sample MSE: 0.05571327648383173
use_scale: True
use_location: False
Finished training EB misspecified with NPMLE init, with SURE: 0.09659867541623911
Finished training EB misspecified with NPMLE init, with in-sample MSE: 0.07215126225402496
Finished training EB misspecified, with SURE: 0.09664912828144892
Finished training EB misspecified, with in-sample MSE: 0.07193506559928127
Finished training EB wellspecified, with SURE: -0.145767279564407
Finished training EB wellspecified, with in-sample MSE: 0.293165812439401
m: 13
Finished solving NPMLE, with SURE 0.8186075368384393
Finished solving NPMLE, with in-sample MSE 0.09579404617324543
Finished solving parametric estimator, with SURE 0.13214675866529635
Finished solving parametric estimator, with in-sample MSE 0.061808955292171334
Finished solving EBCF, with in-sample MSE 0.03736285164389398
Finished training EB SURE-LS, with SURE: 0.03241424310317639
Finished training EB SURE-LS, with in-sample MSE: 0.021300248339386218
use_scale: True
use_location: False
Finished training EB misspecified with NPMLE init, with SURE: 0.10783567219772167
Finished training EB misspecified with NPMLE init, with in-sample MSE: 0.06810737488074592
Finished training EB misspecified, with SURE: 0.11319857936755795
Finished training EB misspecified, with in-sample MSE: 0.05575677634899111
Finished training EB wellspecified, with SURE: -0.06751370209870317
Finished training EB wellspecified, with in-sample MSE: 0.16822490531735426
m: 14
Finished solving NPMLE, with SURE 0.5850300445170871
Finished solving NPMLE, with in-sample MSE 0.08117540483302467
Finished solving parametric estimator, with SURE 0.011331150172263715
Finished solving parametric estimator, with in-sample MSE 0.06144192657107124
Finished solving EBCF, with in-sample MSE 0.0056654894055395266
Finished training EB SURE-LS, with SURE: -0.04945541278635017
Finished training EB SURE-LS, with in-sample MSE: 0.0015752844226308957
use_scale: True
use_location: False
Finished training EB misspecified with NPMLE init, with SURE: -0.009227927071869004
Finished training EB misspecified with NPMLE init, with in-sample MSE: 0.05888589667460636
Finished training EB misspecified, with SURE: -0.009210363446391413
Finished training EB misspecified, with in-sample MSE: 0.05886880161404782
Finished training EB wellspecified, with SURE: -0.06590367392718478
Finished training EB wellspecified, with in-sample MSE: 0.01192883863351468
m: 15
Finished solving NPMLE, with SURE 0.5084100072584583
Finished solving NPMLE, with in-sample MSE 0.1284862292626781
Finished solving parametric estimator, with SURE 0.10110514627566436
Finished solving parametric estimator, with in-sample MSE 0.06639880949119951
Finished solving EBCF, with in-sample MSE 0.03139328899115006
Finished training EB SURE-LS, with SURE: 0.012685775423690402
Finished training EB SURE-LS, with in-sample MSE: 0.057275930727265216
use_scale: True
use_location: False
Finished training EB misspecified with NPMLE init, with SURE: 0.05621076341098913
Finished training EB misspecified with NPMLE init, with in-sample MSE: 0.10167331346659328
Finished training EB misspecified, with SURE: 0.056214004654953416
Finished training EB misspecified, with in-sample MSE: 0.10172902374626198
Finished training EB wellspecified, with SURE: -0.05101080275644886
Finished training EB wellspecified, with in-sample MSE: 0.14581392948741353
m: 16
Finished solving NPMLE, with SURE 0.29942542350961787
Finished solving NPMLE, with in-sample MSE 0.0977001549055161
Finished solving parametric estimator, with SURE 0.08084746547303934
Finished solving parametric estimator, with in-sample MSE 0.0608425871135815
Finished solving EBCF, with in-sample MSE 0.028798870105183217
Finished training EB SURE-LS, with SURE: -0.004790408236134001
Finished training EB SURE-LS, with in-sample MSE: 0.027840329813875783
use_scale: True
use_location: False
Finished training EB misspecified with NPMLE init, with SURE: 0.05867477510570666
Finished training EB misspecified with NPMLE init, with in-sample MSE: 0.06554746311154527
Finished training EB misspecified, with SURE: 0.05869171020001019
Finished training EB misspecified, with in-sample MSE: 0.06545242892489618
Finished training EB wellspecified, with SURE: -0.07703688545783603
Finished training EB wellspecified, with in-sample MSE: 0.11633553191486183
m: 17
Finished solving NPMLE, with SURE 0.48386607524944564
Finished solving NPMLE, with in-sample MSE 0.09468035666129822
Finished solving parametric estimator, with SURE 0.06832086968603712
Finished solving parametric estimator, with in-sample MSE 0.07393067809861006
Finished solving EBCF, with in-sample MSE 0.06070142281376756
Finished training EB SURE-LS, with SURE: 0.05075612779758463
Finished training EB SURE-LS, with in-sample MSE: 0.037822547092544866
use_scale: True
use_location: False
Finished training EB misspecified with NPMLE init, with SURE: 0.05375281177899936
Finished training EB misspecified with NPMLE init, with in-sample MSE: 0.07477299302980656
Finished training EB misspecified, with SURE: 0.053742526496938656
Finished training EB misspecified, with in-sample MSE: 0.07496451596395347
Finished training EB wellspecified, with SURE: -0.12931862908822894
Finished training EB wellspecified, with in-sample MSE: 0.26530863794709864
m: 18
Finished solving NPMLE, with SURE 0.6405278619107249
Finished solving NPMLE, with in-sample MSE 0.07411239745839421
Finished solving parametric estimator, with SURE 0.11452769791216455
Finished solving parametric estimator, with in-sample MSE 0.050582365836173794
Finished solving EBCF, with in-sample MSE 0.03989668587875754
Finished training EB SURE-LS, with SURE: 0.04160245140850423
Finished training EB SURE-LS, with in-sample MSE: 0.006681727929166979
use_scale: True
use_location: False
Finished training EB misspecified with NPMLE init, with SURE: 0.09932818157824244
Finished training EB misspecified with NPMLE init, with in-sample MSE: 0.052717682837287366
Finished training EB misspecified, with SURE: 0.09937343878420009
Finished training EB misspecified, with in-sample MSE: 0.05264343430607631
Finished training EB wellspecified, with SURE: -0.07455051152243578
Finished training EB wellspecified, with in-sample MSE: 0.14376730503024646
m: 19
Finished solving NPMLE, with SURE 0.8270024372432151
Finished solving NPMLE, with in-sample MSE 0.10873466692841248
Finished solving parametric estimator, with SURE 0.019852837782129373
Finished solving parametric estimator, with in-sample MSE 0.053084825966248236
Finished solving EBCF, with in-sample MSE 0.03846791489425658
Finished training EB SURE-LS, with SURE: -0.13284422476637192
Finished training EB SURE-LS, with in-sample MSE: 0.03167721013649227
use_scale: True
use_location: False
Finished training EB misspecified with NPMLE init, with SURE: 0.0009909772654393123
Finished training EB misspecified with NPMLE init, with in-sample MSE: 0.06188858848914929
Finished training EB misspecified, with SURE: 0.007225070364927859
Finished training EB misspecified, with in-sample MSE: 0.052619845972013336
Finished training EB wellspecified, with SURE: -0.23511709577796866
Finished training EB wellspecified, with in-sample MSE: 0.14274311825535407
m: 20
Finished solving NPMLE, with SURE 0.49291754683538086
Finished solving NPMLE, with in-sample MSE 0.06795891983875803
Finished solving parametric estimator, with SURE 0.02053907368002711
Finished solving parametric estimator, with in-sample MSE 0.062250578593156865
Finished solving EBCF, with in-sample MSE 0.0207141786693096
Finished training EB SURE-LS, with SURE: -0.11738410110441799
Finished training EB SURE-LS, with in-sample MSE: 0.01957031922278358
use_scale: True
use_location: False
Finished training EB misspecified with NPMLE init, with SURE: 0.0027662020690450363
Finished training EB misspecified with NPMLE init, with in-sample MSE: 0.06768380407477666
Finished training EB misspecified, with SURE: 0.0027749341825349916
Finished training EB misspecified, with in-sample MSE: 0.06770599561412119
Finished training EB wellspecified, with SURE: -0.13129717442821062
Finished training EB wellspecified, with in-sample MSE: 0.029338487630075297
m: 21
Finished solving NPMLE, with SURE 0.5901267822531073
Finished solving NPMLE, with in-sample MSE 0.0670831061786169
Finished solving parametric estimator, with SURE 0.010275802736415318
Finished solving parametric estimator, with in-sample MSE 0.05100221874717389
Finished solving EBCF, with in-sample MSE 0.036820113196702926
Finished training EB SURE-LS, with SURE: -0.03273390473125392
Finished training EB SURE-LS, with in-sample MSE: 0.007274533396645713
use_scale: True
use_location: False
Finished training EB misspecified with NPMLE init, with SURE: -0.0025929332071992664
Finished training EB misspecified with NPMLE init, with in-sample MSE: 0.05110983331127032
Finished training EB misspecified, with SURE: -0.0025891616916507588
Finished training EB misspecified, with in-sample MSE: 0.05115904522715001
Finished training EB wellspecified, with SURE: -0.07567176839004454
Finished training EB wellspecified, with in-sample MSE: 0.053307053254530654
m: 22
Finished solving NPMLE, with SURE 0.5788647247338077
Finished solving NPMLE, with in-sample MSE 0.08634547918051025
Finished solving parametric estimator, with SURE 0.0977890520642185
Finished solving parametric estimator, with in-sample MSE 0.05665089520821713
Finished solving EBCF, with in-sample MSE 0.0716945171290033
Finished training EB SURE-LS, with SURE: 0.021994371976064683
Finished training EB SURE-LS, with in-sample MSE: 0.06143818136006421
use_scale: True
use_location: False
Finished training EB misspecified with NPMLE init, with SURE: 0.08000019688395689
Finished training EB misspecified with NPMLE init, with in-sample MSE: 0.05948212104724068
Finished training EB misspecified, with SURE: 0.08004955649904978
Finished training EB misspecified, with in-sample MSE: 0.0594807018545714
Finished training EB wellspecified, with SURE: -0.03716076638668824
Finished training EB wellspecified, with in-sample MSE: 0.13764491890777553
m: 23
Finished solving NPMLE, with SURE 0.6510888805938165
Finished solving NPMLE, with in-sample MSE 0.09247941744575008
Finished solving parametric estimator, with SURE 0.047502093143910185
Finished solving parametric estimator, with in-sample MSE 0.07542319097224427
Finished solving EBCF, with in-sample MSE 0.023121731894143564
Finished training EB SURE-LS, with SURE: -0.013658753474945717
Finished training EB SURE-LS, with in-sample MSE: 0.006072911034299094
use_scale: True
use_location: False
Finished training EB misspecified with NPMLE init, with SURE: 0.03431397900405962
Finished training EB misspecified with NPMLE init, with in-sample MSE: 0.07806150604126415
Finished training EB misspecified, with SURE: 0.032985830526334324
Finished training EB misspecified, with in-sample MSE: 0.08854452723992948
Finished training EB wellspecified, with SURE: -0.1460056788190458
Finished training EB wellspecified, with in-sample MSE: 0.18388571467707437
m: 24
Finished solving NPMLE, with SURE 0.6997223714529082
Finished solving NPMLE, with in-sample MSE 0.07454606138958224
Finished solving parametric estimator, with SURE 0.0523436887127362
Finished solving parametric estimator, with in-sample MSE 0.05534872099154771
Finished solving EBCF, with in-sample MSE 0.022893630097582385
Finished training EB SURE-LS, with SURE: -0.09009540325486728
Finished training EB SURE-LS, with in-sample MSE: 0.02845610071990824
use_scale: True
use_location: False
Finished training EB misspecified with NPMLE init, with SURE: 0.02523042588146936
Finished training EB misspecified with NPMLE init, with in-sample MSE: 0.06505165782433432
Finished training EB misspecified, with SURE: 0.02525266255361075
Finished training EB misspecified, with in-sample MSE: 0.06504574494751623
Finished training EB wellspecified, with SURE: -0.22164859783757906
Finished training EB wellspecified, with in-sample MSE: 0.18983523904976465
m: 25
Finished solving NPMLE, with SURE 0.5311306082943164
Finished solving NPMLE, with in-sample MSE 0.06622228101991175
Finished solving parametric estimator, with SURE 0.14137309452955138
Finished solving parametric estimator, with in-sample MSE 0.06943971575692863
Finished solving EBCF, with in-sample MSE 0.08963501477451045
Finished training EB SURE-LS, with SURE: -0.014420426572530181
Finished training EB SURE-LS, with in-sample MSE: 0.11264725436913911
use_scale: True
use_location: False
Finished training EB misspecified with NPMLE init, with SURE: 0.12407564294780073
Finished training EB misspecified with NPMLE init, with in-sample MSE: 0.08244963860253789
Finished training EB misspecified, with SURE: 0.07873370044281977
Finished training EB misspecified, with in-sample MSE: 0.24425386412385489
Finished training EB wellspecified, with SURE: -0.09381757581275711
Finished training EB wellspecified, with in-sample MSE: 0.3155008462490479
m: 26
Finished solving NPMLE, with SURE 0.33658081738278256
Finished solving NPMLE, with in-sample MSE 0.1051700129631056
Finished solving parametric estimator, with SURE -0.023026614745255913
Finished solving parametric estimator, with in-sample MSE 0.07816698070585917
Finished solving EBCF, with in-sample MSE 0.05916045327933191
Finished training EB SURE-LS, with SURE: -0.0845329741357246
Finished training EB SURE-LS, with in-sample MSE: 0.013050330121494369
use_scale: True
use_location: False
Finished training EB misspecified with NPMLE init, with SURE: -0.033715208063427586
Finished training EB misspecified with NPMLE init, with in-sample MSE: 0.07816294621104271
Finished training EB misspecified, with SURE: -0.03371501703798877
Finished training EB misspecified, with in-sample MSE: 0.0781625268810994
Finished training EB wellspecified, with SURE: -0.1897510444751991
Finished training EB wellspecified, with in-sample MSE: 0.10815169240761432
m: 27
Finished solving NPMLE, with SURE 0.7650933987857781
Finished solving NPMLE, with in-sample MSE 0.07011128717855825
Finished solving parametric estimator, with SURE 0.03478333552958124
Finished solving parametric estimator, with in-sample MSE 0.04854313414031834
Finished solving EBCF, with in-sample MSE 0.00909440164723852
Finished training EB SURE-LS, with SURE: -0.0750010524228221
Finished training EB SURE-LS, with in-sample MSE: 0.007962050731380791
use_scale: True
use_location: False
Finished training EB misspecified with NPMLE init, with SURE: 0.020979056650597058
Finished training EB misspecified with NPMLE init, with in-sample MSE: 0.051950633547670974
Finished training EB misspecified, with SURE: 0.021053183697271365
Finished training EB misspecified, with in-sample MSE: 0.05210926214909437
Finished training EB wellspecified, with SURE: -0.11135809722653306
Finished training EB wellspecified, with in-sample MSE: 0.07343152502672265
m: 28
Finished solving NPMLE, with SURE 0.6424456799416087
Finished solving NPMLE, with in-sample MSE 0.11419604276626683
Finished solving parametric estimator, with SURE 0.08344316442965599
Finished solving parametric estimator, with in-sample MSE 0.058006458087459405
Finished solving EBCF, with in-sample MSE 0.05012590703402133
Finished training EB SURE-LS, with SURE: 0.023768140230407152
Finished training EB SURE-LS, with in-sample MSE: 0.0020906973952233886
use_scale: True
use_location: False
Finished training EB misspecified with NPMLE init, with SURE: 0.043506558537396815
Finished training EB misspecified with NPMLE init, with in-sample MSE: 0.08717966907135537
Finished training EB misspecified, with SURE: 0.04352993735761416
Finished training EB misspecified, with in-sample MSE: 0.08708834134971742
Finished training EB wellspecified, with SURE: -0.09392887594332543
Finished training EB wellspecified, with in-sample MSE: 0.15195299142178645
m: 29
Finished solving NPMLE, with SURE 0.20442763747479867
Finished solving NPMLE, with in-sample MSE 0.15679934993486203
Finished solving parametric estimator, with SURE 0.0034794064150708293
Finished solving parametric estimator, with in-sample MSE 0.09479697014975734
Finished solving EBCF, with in-sample MSE 0.05821609282449577
Finished training EB SURE-LS, with SURE: -0.048984160245679614
Finished training EB SURE-LS, with in-sample MSE: 0.030528517235203396
use_scale: True
use_location: False
Finished training EB misspecified with NPMLE init, with SURE: -0.009163983185433083
Finished training EB misspecified with NPMLE init, with in-sample MSE: 0.08280517838577614
Finished training EB misspecified, with SURE: -0.00916379774367293
Finished training EB misspecified, with in-sample MSE: 0.08280575992159563
Finished training EB wellspecified, with SURE: -0.12269013460051331
Finished training EB wellspecified, with in-sample MSE: 0.11184986762820681
m: 30
Finished solving NPMLE, with SURE 0.8915618690468097
Finished solving NPMLE, with in-sample MSE 0.05298442596120825
Finished solving parametric estimator, with SURE -0.03596457502068551
Finished solving parametric estimator, with in-sample MSE 0.07207352130831202
Finished solving EBCF, with in-sample MSE 0.04123127670780891
Finished training EB SURE-LS, with SURE: -0.047380009585784394
Finished training EB SURE-LS, with in-sample MSE: 0.08019499393504781
use_scale: True
use_location: False
Finished training EB misspecified with NPMLE init, with SURE: -0.049061731003988245
Finished training EB misspecified with NPMLE init, with in-sample MSE: 0.0803884611986267
Finished training EB misspecified, with SURE: -0.049054371870127865
Finished training EB misspecified, with in-sample MSE: 0.08037763972585239
Finished training EB wellspecified, with SURE: -0.16757738138047232
Finished training EB wellspecified, with in-sample MSE: 0.03467653819888876
m: 31
Finished solving NPMLE, with SURE 0.6258106075981096
Finished solving NPMLE, with in-sample MSE 0.1358498099891835
Finished solving parametric estimator, with SURE 0.08131710389708335
Finished solving parametric estimator, with in-sample MSE 0.06880001565773837
Finished solving EBCF, with in-sample MSE 0.04280294377247199
Finished training EB SURE-LS, with SURE: -0.023722439482777337
Finished training EB SURE-LS, with in-sample MSE: 0.014364841050556864
use_scale: True
use_location: False
Finished training EB misspecified with NPMLE init, with SURE: 0.05680811340284109
Finished training EB misspecified with NPMLE init, with in-sample MSE: 0.06241847025677715
Finished training EB misspecified, with SURE: 0.056809974704724125
Finished training EB misspecified, with in-sample MSE: 0.06241801695174178
Finished training EB wellspecified, with SURE: -0.04094038738270372
Finished training EB wellspecified, with in-sample MSE: 0.03194038745694089
m: 32
Finished solving NPMLE, with SURE 0.7288423931820377
Finished solving NPMLE, with in-sample MSE 0.08220906922871016
Finished solving parametric estimator, with SURE 0.02540966238599013
Finished solving parametric estimator, with in-sample MSE 0.05780595950663781
Finished solving EBCF, with in-sample MSE 0.03678637005447978
Finished training EB SURE-LS, with SURE: -0.022442544552145754
Finished training EB SURE-LS, with in-sample MSE: 0.0035162468907051513
use_scale: True
use_location: False
Finished training EB misspecified with NPMLE init, with SURE: 0.008709093861381235
Finished training EB misspecified with NPMLE init, with in-sample MSE: 0.05974173350187734
Finished training EB misspecified, with SURE: 0.008712938829673505
Finished training EB misspecified, with in-sample MSE: 0.05973794850372572
Finished training EB wellspecified, with SURE: -0.0950765971107655
Finished training EB wellspecified, with in-sample MSE: 0.0939890207014097
m: 33
Finished solving NPMLE, with SURE 0.26841379793272074
Finished solving NPMLE, with in-sample MSE 0.08749776625307946
Finished solving parametric estimator, with SURE 0.036369924390998454
Finished solving parametric estimator, with in-sample MSE 0.06370172096693585
Finished solving EBCF, with in-sample MSE 0.06838438266153131
Finished training EB SURE-LS, with SURE: 0.008341464299728396
Finished training EB SURE-LS, with in-sample MSE: 0.041019634235800996
use_scale: True
use_location: False
Finished training EB misspecified with NPMLE init, with SURE: 0.014948164338563502
Finished training EB misspecified with NPMLE init, with in-sample MSE: 0.08098848870121814
Finished training EB misspecified, with SURE: 0.014944947928350133
Finished training EB misspecified, with in-sample MSE: 0.08109280236712622
Finished training EB wellspecified, with SURE: -0.07771456626204497
Finished training EB wellspecified, with in-sample MSE: 0.1713477569284699
m: 34
Finished solving NPMLE, with SURE 1.2192883746797114
Finished solving NPMLE, with in-sample MSE 0.11890788580987115
Finished solving parametric estimator, with SURE 0.12402335015296395
Finished solving parametric estimator, with in-sample MSE 0.04908464746242974
Finished solving EBCF, with in-sample MSE 0.053658351928513606
Finished training EB SURE-LS, with SURE: -0.033479935068198956
Finished training EB SURE-LS, with in-sample MSE: 0.043386427735249776
use_scale: True
use_location: False
Finished training EB misspecified with NPMLE init, with SURE: 0.033231154329983144
Finished training EB misspecified with NPMLE init, with in-sample MSE: 0.16584360288032454
Finished training EB misspecified, with SURE: 0.03324913170121256
Finished training EB misspecified, with in-sample MSE: 0.16580380110647203
Finished training EB wellspecified, with SURE: -0.0613311579326852
Finished training EB wellspecified, with in-sample MSE: 0.0736331279593769
m: 35
Finished solving NPMLE, with SURE 0.24662393609377964
Finished solving NPMLE, with in-sample MSE 0.12407656849182981
Finished solving parametric estimator, with SURE -0.06510203454080188
Finished solving parametric estimator, with in-sample MSE 0.08094512103715411
Finished solving EBCF, with in-sample MSE 0.060574323760734315
Finished training EB SURE-LS, with SURE: -0.12191448797069016
Finished training EB SURE-LS, with in-sample MSE: 0.0158472147728037
use_scale: True
use_location: False
Finished training EB misspecified with NPMLE init, with SURE: -0.0809137978083676
Finished training EB misspecified with NPMLE init, with in-sample MSE: 0.07952618724570698
Finished training EB misspecified, with SURE: -0.08090259913728666
Finished training EB misspecified, with in-sample MSE: 0.07950464647911204
Finished training EB wellspecified, with SURE: -0.14147492871510067
Finished training EB wellspecified, with in-sample MSE: 0.026888414951412365
m: 36
Finished solving NPMLE, with SURE 0.48736271277145876
Finished solving NPMLE, with in-sample MSE 0.07874371987459948
Finished solving parametric estimator, with SURE -0.03400026846308968
Finished solving parametric estimator, with in-sample MSE 0.058780766208076304
Finished solving EBCF, with in-sample MSE 0.03221194661385564
Finished training EB SURE-LS, with SURE: -0.1263416239569115
Finished training EB SURE-LS, with in-sample MSE: 0.009083130414450358
use_scale: True
use_location: False
Finished training EB misspecified with NPMLE init, with SURE: -0.04578099792201762
Finished training EB misspecified with NPMLE init, with in-sample MSE: 0.0563488752589695
Finished training EB misspecified, with SURE: -0.04577290285815437
Finished training EB misspecified, with in-sample MSE: 0.05634248901172726
Finished training EB wellspecified, with SURE: -0.17686116472185148
Finished training EB wellspecified, with in-sample MSE: 0.09247564750774849
m: 37
Finished solving NPMLE, with SURE 0.27373035316708566
Finished solving NPMLE, with in-sample MSE 0.08470660644667567
Finished solving parametric estimator, with SURE -0.06835598756387751
Finished solving parametric estimator, with in-sample MSE 0.0696673909240149
Finished solving EBCF, with in-sample MSE 0.019524855215681064
Finished training EB SURE-LS, with SURE: -0.1112641007443918
Finished training EB SURE-LS, with in-sample MSE: 0.008174305734027859
use_scale: True
use_location: False
Finished training EB misspecified with NPMLE init, with SURE: -0.0797583256256003
Finished training EB misspecified with NPMLE init, with in-sample MSE: 0.06966710385406195
Finished training EB misspecified, with SURE: -0.07975670347617182
Finished training EB misspecified, with in-sample MSE: 0.06966702779533246
Finished training EB wellspecified, with SURE: -0.14151940620468584
Finished training EB wellspecified, with in-sample MSE: 0.0404447490207574
m: 38
Finished solving NPMLE, with SURE 0.5303944006986218
Finished solving NPMLE, with in-sample MSE 0.08915868716908167
Finished solving parametric estimator, with SURE 0.10742411327139034
Finished solving parametric estimator, with in-sample MSE 0.061915849833981046
Finished solving EBCF, with in-sample MSE 0.051914185650811004
Finished training EB SURE-LS, with SURE: -0.03388238416128214
Finished training EB SURE-LS, with in-sample MSE: 0.07914848303218462
use_scale: True
use_location: False
Finished training EB misspecified with NPMLE init, with SURE: 0.05900703692684062
Finished training EB misspecified with NPMLE init, with in-sample MSE: 0.09944673024771511
Finished training EB misspecified, with SURE: 0.05676821708082663
Finished training EB misspecified, with in-sample MSE: 0.11440444648470642
Finished training EB wellspecified, with SURE: -0.09006626853666565
Finished training EB wellspecified, with in-sample MSE: 0.16135686530816115
m: 39
Finished solving NPMLE, with SURE 0.16019501134160494
Finished solving NPMLE, with in-sample MSE 0.084254825554991
Finished solving parametric estimator, with SURE 0.030930216631559315
Finished solving parametric estimator, with in-sample MSE 0.062195334606979936
Finished solving EBCF, with in-sample MSE 0.030223382416693402
Finished training EB SURE-LS, with SURE: -0.00718531736916356
Finished training EB SURE-LS, with in-sample MSE: 0.008695644651241735
use_scale: True
use_location: False
Finished training EB misspecified with NPMLE init, with SURE: 0.01727345091230781
Finished training EB misspecified with NPMLE init, with in-sample MSE: 0.05766509512125165
Finished training EB misspecified, with SURE: 0.017274560113470942
Finished training EB misspecified, with in-sample MSE: 0.057667550345264426
Finished training EB wellspecified, with SURE: -0.16986679001851418
Finished training EB wellspecified, with in-sample MSE: 0.2330119836976916
m: 40
Finished solving NPMLE, with SURE 0.6087609947755125
Finished solving NPMLE, with in-sample MSE 0.10603848844928399
Finished solving parametric estimator, with SURE 0.15836701497592615
Finished solving parametric estimator, with in-sample MSE 0.0678980251561546
Finished solving EBCF, with in-sample MSE 0.07824938383958338
Finished training EB SURE-LS, with SURE: 0.07091740997392841
Finished training EB SURE-LS, with in-sample MSE: 0.008767601117902686
use_scale: True
use_location: False
Finished training EB misspecified with NPMLE init, with SURE: 0.10064699533208675
Finished training EB misspecified with NPMLE init, with in-sample MSE: 0.11015282855354445
Finished training EB misspecified, with SURE: 0.10065822992726801
Finished training EB misspecified, with in-sample MSE: 0.11015837521415282
Finished training EB wellspecified, with SURE: -0.04787539411373559
Finished training EB wellspecified, with in-sample MSE: 0.16001937070386243
m: 41
Finished solving NPMLE, with SURE 0.8096680038077416
Finished solving NPMLE, with in-sample MSE 0.11161130177999778
Finished solving parametric estimator, with SURE 0.07796856424436022
Finished solving parametric estimator, with in-sample MSE 0.05475365068488942
Finished solving EBCF, with in-sample MSE 0.04500113150901151
Finished training EB SURE-LS, with SURE: -0.031002037124864754
Finished training EB SURE-LS, with in-sample MSE: 0.015842594536108475
use_scale: True
use_location: False
Finished training EB misspecified with NPMLE init, with SURE: 0.028545349032846303
Finished training EB misspecified with NPMLE init, with in-sample MSE: 0.12244266950104896
Finished training EB misspecified, with SURE: 0.028643718247964786
Finished training EB misspecified, with in-sample MSE: 0.12493462964546369
Finished training EB wellspecified, with SURE: -0.10611988547420044
Finished training EB wellspecified, with in-sample MSE: 0.15254934374537527
m: 42
Finished solving NPMLE, with SURE 0.4666601904415334
Finished solving NPMLE, with in-sample MSE 0.13750323942747442
Finished solving parametric estimator, with SURE -0.10476171442404825
Finished solving parametric estimator, with in-sample MSE 0.08223949143960302
Finished solving EBCF, with in-sample MSE 0.033657755828231696
Finished training EB SURE-LS, with SURE: -0.1692773419186838
Finished training EB SURE-LS, with in-sample MSE: 0.023677497345736716
use_scale: True
use_location: False
Finished training EB misspecified with NPMLE init, with SURE: -0.11698823906461683
Finished training EB misspecified with NPMLE init, with in-sample MSE: 0.07646006018187376
Finished training EB misspecified, with SURE: -0.11694739305167609
Finished training EB misspecified, with in-sample MSE: 0.07654967227188827
Finished training EB wellspecified, with SURE: -0.23429667943469296
Finished training EB wellspecified, with in-sample MSE: 0.07609666971331211
m: 43
Finished solving NPMLE, with SURE 0.3340805567863356
Finished solving NPMLE, with in-sample MSE 0.09955238159091617
Finished solving parametric estimator, with SURE -0.010861455068995163
Finished solving parametric estimator, with in-sample MSE 0.0571216506982795
Finished solving EBCF, with in-sample MSE 0.008462622555569572
Finished training EB SURE-LS, with SURE: -0.10042035727282436
Finished training EB SURE-LS, with in-sample MSE: 0.00303962165212923
use_scale: True
use_location: False
Finished training EB misspecified with NPMLE init, with SURE: -0.023659049918719647
Finished training EB misspecified with NPMLE init, with in-sample MSE: 0.05212689610661906
Finished training EB misspecified, with SURE: -0.0236503633942354
Finished training EB misspecified, with in-sample MSE: 0.05212742023361032
Finished training EB wellspecified, with SURE: -0.16742533561248027
Finished training EB wellspecified, with in-sample MSE: 0.08069750892498212
m: 44
Finished solving NPMLE, with SURE 0.16438299065760786
Finished solving NPMLE, with in-sample MSE 0.10805959560225227
Finished solving parametric estimator, with SURE 0.01972754875078242
Finished solving parametric estimator, with in-sample MSE 0.06799661049329801
Finished solving EBCF, with in-sample MSE 0.03577144668625591
Finished training EB SURE-LS, with SURE: -0.0312087250562331
Finished training EB SURE-LS, with in-sample MSE: 0.0292613001876387
use_scale: True
use_location: False
Finished training EB misspecified with NPMLE init, with SURE: -0.007988061696111685
Finished training EB misspecified with NPMLE init, with in-sample MSE: 0.1016095574103248
Finished training EB misspecified, with SURE: -0.007977760284074691
Finished training EB misspecified, with in-sample MSE: 0.10157876752126359
Finished training EB wellspecified, with SURE: -0.07124253517286964
Finished training EB wellspecified, with in-sample MSE: 0.06767896624070971
m: 45
Finished solving NPMLE, with SURE 0.7484392195023204
Finished solving NPMLE, with in-sample MSE 0.0827651792895478
Finished solving parametric estimator, with SURE 0.10643954300038527
Finished solving parametric estimator, with in-sample MSE 0.06281661772630848
Finished solving EBCF, with in-sample MSE 0.03643211508192314
Finished training EB SURE-LS, with SURE: 0.024914763637655865
Finished training EB SURE-LS, with in-sample MSE: 0.024546452793912252
use_scale: True
use_location: False
Finished training EB misspecified with NPMLE init, with SURE: 0.08914877805416367
Finished training EB misspecified with NPMLE init, with in-sample MSE: 0.06176040853076458
Finished training EB misspecified, with SURE: 0.0891317884507562
Finished training EB misspecified, with in-sample MSE: 0.06179167437950954
Finished training EB wellspecified, with SURE: -0.08652741983260871
Finished training EB wellspecified, with in-sample MSE: 0.2103569233381795
m: 46
Finished solving NPMLE, with SURE 0.5898073086024632
Finished solving NPMLE, with in-sample MSE 0.10828238980827741
Finished solving parametric estimator, with SURE -0.034440444810292625
Finished solving parametric estimator, with in-sample MSE 0.06732108895679043
Finished solving EBCF, with in-sample MSE 0.027612382997111606
Finished training EB SURE-LS, with SURE: -0.09456855631090161
Finished training EB SURE-LS, with in-sample MSE: 0.005850817573182648
use_scale: True
use_location: False
Finished training EB misspecified with NPMLE init, with SURE: -0.047735684423282694
Finished training EB misspecified with NPMLE init, with in-sample MSE: 0.06450648788827201
Finished training EB misspecified, with SURE: -0.047734520073075826
Finished training EB misspecified, with in-sample MSE: 0.06451063985520653
Finished training EB wellspecified, with SURE: -0.12241565573603301
Finished training EB wellspecified, with in-sample MSE: 0.03179189621682538
m: 47
Finished solving NPMLE, with SURE 0.6554069697187299
Finished solving NPMLE, with in-sample MSE 0.06355199554397079
Finished solving parametric estimator, with SURE -0.0654937848833167
Finished solving parametric estimator, with in-sample MSE 0.06285207713000686
Finished solving EBCF, with in-sample MSE 0.014939392714238678
Finished training EB SURE-LS, with SURE: -0.12905357206063808
Finished training EB SURE-LS, with in-sample MSE: 0.0035207453805334663
use_scale: True
use_location: False
Finished training EB misspecified with NPMLE init, with SURE: -0.07741472898334514
Finished training EB misspecified with NPMLE init, with in-sample MSE: 0.06284777372491085
Finished training EB misspecified, with SURE: -0.07741394300741618
Finished training EB misspecified, with in-sample MSE: 0.06284937601880092
Finished training EB wellspecified, with SURE: -0.13554302775925145
Finished training EB wellspecified, with in-sample MSE: 0.009283513519244077
m: 48
Finished solving NPMLE, with SURE 0.5857668267366214
Finished solving NPMLE, with in-sample MSE 0.07012163558165829
Finished solving parametric estimator, with SURE 0.08557318053312946
Finished solving parametric estimator, with in-sample MSE 0.053658605585278504
Finished solving EBCF, with in-sample MSE 0.02838229239620646
Finished training EB SURE-LS, with SURE: -0.0035752113618229674
Finished training EB SURE-LS, with in-sample MSE: 0.0036735467311226544
use_scale: True
use_location: False
Finished training EB misspecified with NPMLE init, with SURE: 0.05852118000375292
Finished training EB misspecified with NPMLE init, with in-sample MSE: 0.06630289601619295
Finished training EB misspecified, with SURE: 0.058531589785845814
Finished training EB misspecified, with in-sample MSE: 0.06630444028361532
Finished training EB wellspecified, with SURE: -0.10869713773326208
Finished training EB wellspecified, with in-sample MSE: 0.10624383992010497
m: 49
Finished solving NPMLE, with SURE 0.10026135286274218
Finished solving NPMLE, with in-sample MSE 0.08526961686983453
Finished solving parametric estimator, with SURE 0.005706560463019872
Finished solving parametric estimator, with in-sample MSE 0.06616026946948955
Finished solving EBCF, with in-sample MSE 0.09384343237960474
Finished training EB SURE-LS, with SURE: -0.01302713067603567
Finished training EB SURE-LS, with in-sample MSE: 0.029729377186436444
use_scale: True
use_location: False
Finished training EB misspecified with NPMLE init, with SURE: -0.08434588774245264
Finished training EB misspecified with NPMLE init, with in-sample MSE: 0.23056187434500364
Finished training EB misspecified, with SURE: -0.08433425640733788
Finished training EB misspecified, with in-sample MSE: 0.2304680724981315
Finished training EB wellspecified, with SURE: -0.09941963303101156
Finished training EB wellspecified, with in-sample MSE: 0.1628799706439742

n: 200
m: 0
Finished solving NPMLE, with SURE 0.23077036247889324
Finished solving NPMLE, with in-sample MSE 0.08549599651687462
Finished solving parametric estimator, with SURE -0.03001530196580693
Finished solving parametric estimator, with in-sample MSE 0.06110827907876173
Finished solving EBCF, with in-sample MSE 0.027605596741903028
Finished training EB SURE-LS, with SURE: -0.10732783877895752
Finished training EB SURE-LS, with in-sample MSE: 0.0011951078817403766
use_scale: True
use_location: False
Finished training EB misspecified with NPMLE init, with SURE: -0.038408540063118224
Finished training EB misspecified with NPMLE init, with in-sample MSE: 0.057589459450368884
Finished training EB misspecified, with SURE: -0.03839614497816648
Finished training EB misspecified, with in-sample MSE: 0.05759589656042723
Finished training EB wellspecified, with SURE: -0.1412718012158407
Finished training EB wellspecified, with in-sample MSE: 0.02113794491367842
m: 1
Finished solving NPMLE, with SURE 0.4690181197365959
Finished solving NPMLE, with in-sample MSE 0.10366330673834251
Finished solving parametric estimator, with SURE 0.08353113395811168
Finished solving parametric estimator, with in-sample MSE 0.07030816447478784
Finished solving EBCF, with in-sample MSE 0.029888730847031402
Finished training EB SURE-LS, with SURE: 0.030854933211478443
Finished training EB SURE-LS, with in-sample MSE: 0.010989580186445802
use_scale: True
use_location: False
Finished training EB misspecified with NPMLE init, with SURE: 0.07047646546599921
Finished training EB misspecified with NPMLE init, with in-sample MSE: 0.06582971301006955
Finished training EB misspecified, with SURE: 0.07046708089123271
Finished training EB misspecified, with in-sample MSE: 0.06583585502895548
Finished training EB wellspecified, with SURE: -0.02746654946872736
Finished training EB wellspecified, with in-sample MSE: 0.08707602891485892
m: 2
Finished solving NPMLE, with SURE 0.7644712827346367
Finished solving NPMLE, with in-sample MSE 0.0794552002217823
Finished solving parametric estimator, with SURE 0.05856959631445763
Finished solving parametric estimator, with in-sample MSE 0.05725090323203226
Finished solving EBCF, with in-sample MSE 0.005707160289318574
Finished training EB SURE-LS, with SURE: 0.052686700619208285
Finished training EB SURE-LS, with in-sample MSE: 0.056000202881619214
use_scale: True
use_location: False
Finished training EB misspecified with NPMLE init, with SURE: 0.05211757140711775
Finished training EB misspecified with NPMLE init, with in-sample MSE: 0.058254975922641304
Finished training EB misspecified, with SURE: 0.05212381010681305
Finished training EB misspecified, with in-sample MSE: 0.058238882256822076
Finished training EB wellspecified, with SURE: -0.02134158366225079
Finished training EB wellspecified, with in-sample MSE: 0.015956177416204535
m: 3
Finished solving NPMLE, with SURE 0.3124767775385493
Finished solving NPMLE, with in-sample MSE 0.0933320673794098
Finished solving parametric estimator, with SURE -0.017640918673055173
Finished solving parametric estimator, with in-sample MSE 0.066394500281625
Finished solving EBCF, with in-sample MSE 0.027515122671713698
Finished training EB SURE-LS, with SURE: -0.06586126461061
Finished training EB SURE-LS, with in-sample MSE: 0.008189198661990957
use_scale: True
use_location: False
Finished training EB misspecified with NPMLE init, with SURE: -0.02329400180032948
Finished training EB misspecified with NPMLE init, with in-sample MSE: 0.066839102304178
Finished training EB misspecified, with SURE: -0.023294549886820733
Finished training EB misspecified, with in-sample MSE: 0.06686410331915738
Finished training EB wellspecified, with SURE: -0.17155655989570615
Finished training EB wellspecified, with in-sample MSE: 0.17316590120672357
m: 4
Finished solving NPMLE, with SURE 0.4340927470616582
Finished solving NPMLE, with in-sample MSE 0.07201080754809497
Finished solving parametric estimator, with SURE 0.0804815103893835
Finished solving parametric estimator, with in-sample MSE 0.06639976438741163
Finished solving EBCF, with in-sample MSE 0.053127658333768465
Finished training EB SURE-LS, with SURE: 0.07295059373555308
Finished training EB SURE-LS, with in-sample MSE: 0.07658306368332121
use_scale: True
use_location: False
Finished training EB misspecified with NPMLE init, with SURE: 0.049457052684081834
Finished training EB misspecified with NPMLE init, with in-sample MSE: 0.14900926129230915
Finished training EB misspecified, with SURE: 0.04953605013432281
Finished training EB misspecified, with in-sample MSE: 0.14885162002353688
Finished training EB wellspecified, with SURE: -0.04386757979385342
Finished training EB wellspecified, with in-sample MSE: 0.12623540589856247
m: 5
Finished solving NPMLE, with SURE 0.7698591346876179
Finished solving NPMLE, with in-sample MSE 0.09249156605528391
Finished solving parametric estimator, with SURE 0.04144624670301372
Finished solving parametric estimator, with in-sample MSE 0.05580456041110378
Finished solving EBCF, with in-sample MSE 0.0198761999258549
Finished training EB SURE-LS, with SURE: -0.04687422892794764
Finished training EB SURE-LS, with in-sample MSE: 0.00278601803321676
use_scale: True
use_location: False
Finished training EB misspecified with NPMLE init, with SURE: 0.027877222974526605
Finished training EB misspecified with NPMLE init, with in-sample MSE: 0.05991796877585864
Finished training EB misspecified, with SURE: 0.028441129598294666
Finished training EB misspecified, with in-sample MSE: 0.06489911402494804
Finished training EB wellspecified, with SURE: -0.07081863093600779
Finished training EB wellspecified, with in-sample MSE: 0.02294973128094742
m: 6
Finished solving NPMLE, with SURE 0.24344901007736014
Finished solving NPMLE, with in-sample MSE 0.06921440113088828
Finished solving parametric estimator, with SURE 0.09546307580929114
Finished solving parametric estimator, with in-sample MSE 0.055416820491469815
Finished solving EBCF, with in-sample MSE 0.014803528253964532
Finished training EB SURE-LS, with SURE: 0.0541903281750799
Finished training EB SURE-LS, with in-sample MSE: 0.0016195174656736604
use_scale: True
use_location: False
Finished training EB misspecified with NPMLE init, with SURE: 0.07177595480404605
Finished training EB misspecified with NPMLE init, with in-sample MSE: 0.09115606383123163
Finished training EB misspecified, with SURE: 0.0717978142777811
Finished training EB misspecified, with in-sample MSE: 0.09112735040800483
Finished training EB wellspecified, with SURE: -0.017602415568602127
Finished training EB wellspecified, with in-sample MSE: 0.08949573090285687
m: 7
Finished solving NPMLE, with SURE 0.4371089705321937
Finished solving NPMLE, with in-sample MSE 0.06865683477510025
Finished solving parametric estimator, with SURE 0.068848642491591
Finished solving parametric estimator, with in-sample MSE 0.04712595360565056
Finished solving EBCF, with in-sample MSE 0.015199237340417665
Finished training EB SURE-LS, with SURE: -0.009783209318458459
Finished training EB SURE-LS, with in-sample MSE: 0.003886400194855163
use_scale: True
use_location: False
Finished training EB misspecified with NPMLE init, with SURE: 0.05394671783263888
Finished training EB misspecified with NPMLE init, with in-sample MSE: 0.053064264599826376
Finished training EB misspecified, with SURE: 0.053956087582283846
Finished training EB misspecified, with in-sample MSE: 0.05307679573211068
Finished training EB wellspecified, with SURE: -0.07693022613152756
Finished training EB wellspecified, with in-sample MSE: 0.09297995360221976
m: 8
Finished solving NPMLE, with SURE 0.7195898416839315
Finished solving NPMLE, with in-sample MSE 0.09025041500637068
Finished solving parametric estimator, with SURE 0.11320569985793882
Finished solving parametric estimator, with in-sample MSE 0.06991515149213859
Finished solving EBCF, with in-sample MSE 0.03183947161176845
Finished training EB SURE-LS, with SURE: 0.06737129371918525
Finished training EB SURE-LS, with in-sample MSE: 0.013115873948461055
use_scale: True
use_location: False
Finished training EB misspecified with NPMLE init, with SURE: 0.09318017286335646
Finished training EB misspecified with NPMLE init, with in-sample MSE: 0.07739101961911246
Finished training EB misspecified, with SURE: 0.0931837233019121
Finished training EB misspecified, with in-sample MSE: 0.07739123414225445
Finished training EB wellspecified, with SURE: -0.01729405405611664
Finished training EB wellspecified, with in-sample MSE: 0.13967235138024747
m: 9
Finished solving NPMLE, with SURE 0.4852690991093496
Finished solving NPMLE, with in-sample MSE 0.10436425406199401
Finished solving parametric estimator, with SURE -0.007835819053120696
Finished solving parametric estimator, with in-sample MSE 0.06894377841433424
Finished solving EBCF, with in-sample MSE 0.01756041697818849
Finished training EB SURE-LS, with SURE: -0.06504077493600757
Finished training EB SURE-LS, with in-sample MSE: 0.00437841862441374
use_scale: True
use_location: False
Finished training EB misspecified with NPMLE init, with SURE: -0.013220102758769059
Finished training EB misspecified with NPMLE init, with in-sample MSE: 0.0675640420534984
Finished training EB misspecified, with SURE: -0.013188191563555876
Finished training EB misspecified, with in-sample MSE: 0.06772522190432417
Finished training EB wellspecified, with SURE: -0.08497099209971908
Finished training EB wellspecified, with in-sample MSE: 0.017937268237811343
m: 10
Finished solving NPMLE, with SURE 0.8946714891899302
Finished solving NPMLE, with in-sample MSE 0.06036028371401936
Finished solving parametric estimator, with SURE 0.048238615783541106
Finished solving parametric estimator, with in-sample MSE 0.05408322714300407
Finished solving EBCF, with in-sample MSE 0.018611356274197605
Finished training EB SURE-LS, with SURE: -0.048440086316651615
Finished training EB SURE-LS, with in-sample MSE: 0.014396770569540791
use_scale: True
use_location: False
Finished training EB misspecified with NPMLE init, with SURE: 0.0383562412431882
Finished training EB misspecified with NPMLE init, with in-sample MSE: 0.06173638210879258
Finished training EB misspecified, with SURE: 0.03836626067199887
Finished training EB misspecified, with in-sample MSE: 0.06173397757866113
Finished training EB wellspecified, with SURE: -0.08533539637126512
Finished training EB wellspecified, with in-sample MSE: 0.06909861167740844
m: 11
Finished solving NPMLE, with SURE 0.3220020724061354
Finished solving NPMLE, with in-sample MSE 0.10604713188861636
Finished solving parametric estimator, with SURE 0.005305166170746667
Finished solving parametric estimator, with in-sample MSE 0.06848461227136246
Finished solving EBCF, with in-sample MSE 0.021009579655127637
Finished training EB SURE-LS, with SURE: -0.04245463172119326
Finished training EB SURE-LS, with in-sample MSE: 0.020691151961638697
use_scale: True
use_location: False
Finished training EB misspecified with NPMLE init, with SURE: -0.003151816151075764
Finished training EB misspecified with NPMLE init, with in-sample MSE: 0.06223660756369316
Finished training EB misspecified, with SURE: -0.003150186617086064
Finished training EB misspecified, with in-sample MSE: 0.06223653933022554
Finished training EB wellspecified, with SURE: -0.06583389575065456
Finished training EB wellspecified, with in-sample MSE: 0.046957832546462096
m: 12
Finished solving NPMLE, with SURE 0.8819416224514696
Finished solving NPMLE, with in-sample MSE 0.10086126396044681
Finished solving parametric estimator, with SURE 0.15849707640915744
Finished solving parametric estimator, with in-sample MSE 0.081097940138077
Finished solving EBCF, with in-sample MSE 0.08446942770210045
Finished training EB SURE-LS, with SURE: 0.10140584825360352
Finished training EB SURE-LS, with in-sample MSE: 0.05325486861301369
use_scale: True
use_location: False
Finished training EB misspecified with NPMLE init, with SURE: 0.13163688371792012
Finished training EB misspecified with NPMLE init, with in-sample MSE: 0.10161032035056591
Finished training EB misspecified, with SURE: 0.1429267502202314
Finished training EB misspecified, with in-sample MSE: 0.08678708549974826
Finished training EB wellspecified, with SURE: 0.02859935688485347
Finished training EB wellspecified, with in-sample MSE: 0.17875674264522481
m: 13
Finished solving NPMLE, with SURE 0.6713326409401803
Finished solving NPMLE, with in-sample MSE 0.05842171026664391
Finished solving parametric estimator, with SURE 0.1425615299121285
Finished solving parametric estimator, with in-sample MSE 0.06593143647218595
Finished solving EBCF, with in-sample MSE 0.04674295024883989
Finished training EB SURE-LS, with SURE: 0.05709582511066089
Finished training EB SURE-LS, with in-sample MSE: 0.055439160931105055
use_scale: True
use_location: False
Finished training EB misspecified with NPMLE init, with SURE: 0.12829629810521126
Finished training EB misspecified with NPMLE init, with in-sample MSE: 0.08135318687176442
Finished training EB misspecified, with SURE: 0.12829899242574855
Finished training EB misspecified, with in-sample MSE: 0.0813582578719591
Finished training EB wellspecified, with SURE: -0.018518422225194505
Finished training EB wellspecified, with in-sample MSE: 0.15355380344727387
m: 14
Finished solving NPMLE, with SURE 1.0217057071066113
Finished solving NPMLE, with in-sample MSE 0.07701084199880198
Finished solving parametric estimator, with SURE 0.07864197328947187
Finished solving parametric estimator, with in-sample MSE 0.05044792519575141
Finished solving EBCF, with in-sample MSE 0.01240038835371352
Finished training EB SURE-LS, with SURE: 0.008439770881785586
Finished training EB SURE-LS, with in-sample MSE: 0.0020635929011675056
use_scale: True
use_location: False
Finished training EB misspecified with NPMLE init, with SURE: 0.05996650861607151
Finished training EB misspecified with NPMLE init, with in-sample MSE: 0.0625973111050925
Finished training EB misspecified, with SURE: 0.06115796405860337
Finished training EB misspecified, with in-sample MSE: 0.05594485029656605
Finished training EB wellspecified, with SURE: -0.02829378550918087
Finished training EB wellspecified, with in-sample MSE: 0.035236546836867
m: 15
Finished solving NPMLE, with SURE 0.30309211635383393
Finished solving NPMLE, with in-sample MSE 0.06696644175162894
Finished solving parametric estimator, with SURE 0.058629466342080605
Finished solving parametric estimator, with in-sample MSE 0.05215590428892904
Finished solving EBCF, with in-sample MSE 0.016853183768041496
Finished training EB SURE-LS, with SURE: -0.01507890666988017
Finished training EB SURE-LS, with in-sample MSE: 0.0052724191865758255
use_scale: True
use_location: False
Finished training EB misspecified with NPMLE init, with SURE: 0.04512983153914362
Finished training EB misspecified with NPMLE init, with in-sample MSE: 0.055930534099809866
Finished training EB misspecified, with SURE: 0.045149881544991215
Finished training EB misspecified, with in-sample MSE: 0.05602204509093672
Finished training EB wellspecified, with SURE: -0.0638080255684257
Finished training EB wellspecified, with in-sample MSE: 0.06405687584034854
m: 16
Finished solving NPMLE, with SURE 0.750944542677664
Finished solving NPMLE, with in-sample MSE 0.05628483485240751
Finished solving parametric estimator, with SURE -0.019459628111733684
Finished solving parametric estimator, with in-sample MSE 0.0610303738565294
Finished solving EBCF, with in-sample MSE 0.026641400247289292
Finished training EB SURE-LS, with SURE: -0.10247535840914966
Finished training EB SURE-LS, with in-sample MSE: 0.020861118116956248
use_scale: True
use_location: False
Finished training EB misspecified with NPMLE init, with SURE: -0.03436232380418296
Finished training EB misspecified with NPMLE init, with in-sample MSE: 0.07129437060799867
Finished training EB misspecified, with SURE: -0.03435584301050966
Finished training EB misspecified, with in-sample MSE: 0.07129370070009343
Finished training EB wellspecified, with SURE: -0.1723503108686569
Finished training EB wellspecified, with in-sample MSE: 0.09606812646885998
m: 17
Finished solving NPMLE, with SURE 0.9413444227890088
Finished solving NPMLE, with in-sample MSE 0.08564547800682142
Finished solving parametric estimator, with SURE 0.1277161465040233
Finished solving parametric estimator, with in-sample MSE 0.06852804277338545
Finished solving EBCF, with in-sample MSE 0.04163613578325563
Finished training EB SURE-LS, with SURE: 0.08583908187867205
Finished training EB SURE-LS, with in-sample MSE: 0.0187044699694227
use_scale: True
use_location: False
Finished training EB misspecified with NPMLE init, with SURE: 0.11255086836811089
Finished training EB misspecified with NPMLE init, with in-sample MSE: 0.08373631839836941
Finished training EB misspecified, with SURE: 0.11246086992051262
Finished training EB misspecified, with in-sample MSE: 0.08341702946943669
Finished training EB wellspecified, with SURE: -0.008560199241369497
Finished training EB wellspecified, with in-sample MSE: 0.16409847997929577
m: 18
Finished solving NPMLE, with SURE 1.1194213703128144
Finished solving NPMLE, with in-sample MSE 0.07537971473867461
Finished solving parametric estimator, with SURE 0.04281066883524992
Finished solving parametric estimator, with in-sample MSE 0.059448808430059376
Finished solving EBCF, with in-sample MSE 0.0063667413426180194
Finished training EB SURE-LS, with SURE: -0.015366112609539915
Finished training EB SURE-LS, with in-sample MSE: 0.003662661330084358
use_scale: True
use_location: False
Finished training EB misspecified with NPMLE init, with SURE: 0.03587395274438862
Finished training EB misspecified with NPMLE init, with in-sample MSE: 0.06364920184653532
Finished training EB misspecified, with SURE: 0.035974302332252746
Finished training EB misspecified, with in-sample MSE: 0.06439179046376976
Finished training EB wellspecified, with SURE: -0.02171073718166455
Finished training EB wellspecified, with in-sample MSE: 0.00912378418545311
m: 19
Finished solving NPMLE, with SURE 0.6902537240420648
Finished solving NPMLE, with in-sample MSE 0.095464726020104
Finished solving parametric estimator, with SURE 0.0720694522710123
Finished solving parametric estimator, with in-sample MSE 0.05885224472545273
Finished solving EBCF, with in-sample MSE 0.014388122518025506
Finished training EB SURE-LS, with SURE: -0.013196976798180717
Finished training EB SURE-LS, with in-sample MSE: 0.00687987451851955
use_scale: True
use_location: False
Finished training EB misspecified with NPMLE init, with SURE: 0.05806017344624742
Finished training EB misspecified with NPMLE init, with in-sample MSE: 0.053095620147653566
Finished training EB misspecified, with SURE: 0.05806283560982522
Finished training EB misspecified, with in-sample MSE: 0.0530947600420083
Finished training EB wellspecified, with SURE: -0.0725697343991139
Finished training EB wellspecified, with in-sample MSE: 0.07201897939655767
m: 20
Finished solving NPMLE, with SURE 0.6739262683663153
Finished solving NPMLE, with in-sample MSE 0.08976262534391279
Finished solving parametric estimator, with SURE 0.11007656085528739
Finished solving parametric estimator, with in-sample MSE 0.0660773506893727
Finished solving EBCF, with in-sample MSE 0.025518814767483237
Finished training EB SURE-LS, with SURE: 0.03929021336625388
Finished training EB SURE-LS, with in-sample MSE: 0.013933817347456669
use_scale: True
use_location: False
Finished training EB misspecified with NPMLE init, with SURE: 0.089279529678479
Finished training EB misspecified with NPMLE init, with in-sample MSE: 0.0714330431995647
Finished training EB misspecified, with SURE: 0.08936737454460073
Finished training EB misspecified, with in-sample MSE: 0.07176320505383642
Finished training EB wellspecified, with SURE: -0.02714235032633054
Finished training EB wellspecified, with in-sample MSE: 0.133340482641631
m: 21
Finished solving NPMLE, with SURE 0.3415808316865712
Finished solving NPMLE, with in-sample MSE 0.08510445260438593
Finished solving parametric estimator, with SURE -0.030692685907594885
Finished solving parametric estimator, with in-sample MSE 0.06568089209947126
Finished solving EBCF, with in-sample MSE 0.010417982126160612
Finished training EB SURE-LS, with SURE: -0.10473755447922013
Finished training EB SURE-LS, with in-sample MSE: 0.0019376281307568522
use_scale: True
use_location: False
Finished training EB misspecified with NPMLE init, with SURE: -0.03721497521325105
Finished training EB misspecified with NPMLE init, with in-sample MSE: 0.06473003321903531
Finished training EB misspecified, with SURE: -0.03715178241703804
Finished training EB misspecified, with in-sample MSE: 0.06477148530338572
Finished training EB wellspecified, with SURE: -0.12823780402950535
Finished training EB wellspecified, with in-sample MSE: 0.019581918262673983
m: 22
Finished solving NPMLE, with SURE 0.4579046976502146
Finished solving NPMLE, with in-sample MSE 0.08594414858629368
Finished solving parametric estimator, with SURE 0.03667338293661315
Finished solving parametric estimator, with in-sample MSE 0.05906390139252179
Finished solving EBCF, with in-sample MSE 0.028651557127432614
Finished training EB SURE-LS, with SURE: 0.031055208926676823
Finished training EB SURE-LS, with in-sample MSE: 0.060176360985995166
use_scale: True
use_location: False
Finished training EB misspecified with NPMLE init, with SURE: 0.028587751116179165
Finished training EB misspecified with NPMLE init, with in-sample MSE: 0.06183936370581753
Finished training EB misspecified, with SURE: 0.02865940333825783
Finished training EB misspecified, with in-sample MSE: 0.061583352939909644
Finished training EB wellspecified, with SURE: -0.10501586256341211
Finished training EB wellspecified, with in-sample MSE: 0.0995175040300879
m: 23
Finished solving NPMLE, with SURE 0.6944248030496971
Finished solving NPMLE, with in-sample MSE 0.09167127564538431
Finished solving parametric estimator, with SURE 0.0654860526719121
Finished solving parametric estimator, with in-sample MSE 0.06285700477565671
Finished solving EBCF, with in-sample MSE 0.02961506603963966
Finished training EB SURE-LS, with SURE: 0.007569178515713355
Finished training EB SURE-LS, with in-sample MSE: 0.008290430952046561
use_scale: True
use_location: False
Finished training EB misspecified with NPMLE init, with SURE: 0.05647104409671123
Finished training EB misspecified with NPMLE init, with in-sample MSE: 0.05879476882085295
Finished training EB misspecified, with SURE: 0.056467552366987306
Finished training EB misspecified, with in-sample MSE: 0.05879644875018801
Finished training EB wellspecified, with SURE: -0.00233193931376372
Finished training EB wellspecified, with in-sample MSE: 0.032746825512299564
m: 24
Finished solving NPMLE, with SURE 0.85231612553708
Finished solving NPMLE, with in-sample MSE 0.06015398936677588
Finished solving parametric estimator, with SURE 0.04842207202002985
Finished solving parametric estimator, with in-sample MSE 0.054341610716716504
Finished solving EBCF, with in-sample MSE 0.0386151755172896
Finished training EB SURE-LS, with SURE: -0.047846462330797424
Finished training EB SURE-LS, with in-sample MSE: 0.01603469554679634
use_scale: True
use_location: False
Finished training EB misspecified with NPMLE init, with SURE: 0.03526105593646463
Finished training EB misspecified with NPMLE init, with in-sample MSE: 0.06352448615434741
Finished training EB misspecified, with SURE: 0.035272755059847685
Finished training EB misspecified, with in-sample MSE: 0.06351754902158877
Finished training EB wellspecified, with SURE: -0.04930650083022064
Finished training EB wellspecified, with in-sample MSE: 0.052433014701836624
m: 25
Finished solving NPMLE, with SURE 0.8776065907751023
Finished solving NPMLE, with in-sample MSE 0.07841432323825709
Finished solving parametric estimator, with SURE 0.01451581532916113
Finished solving parametric estimator, with in-sample MSE 0.054823534614312254
Finished solving EBCF, with in-sample MSE 0.004454951810439288
Finished training EB SURE-LS, with SURE: -0.0669960009119623
Finished training EB SURE-LS, with in-sample MSE: 0.0021753402108265355
use_scale: True
use_location: False
Finished training EB misspecified with NPMLE init, with SURE: 0.006425531223095007
Finished training EB misspecified with NPMLE init, with in-sample MSE: 0.05211141732476447
Finished training EB misspecified, with SURE: 0.006429375103062256
Finished training EB misspecified, with in-sample MSE: 0.05211374764156991
Finished training EB wellspecified, with SURE: -0.0752945537308921
Finished training EB wellspecified, with in-sample MSE: 0.008463970450342284
m: 26
Finished solving NPMLE, with SURE 0.42801479115406926
Finished solving NPMLE, with in-sample MSE 0.0754876046793012
Finished solving parametric estimator, with SURE -0.01880666925414559
Finished solving parametric estimator, with in-sample MSE 0.0582598016019257
Finished solving EBCF, with in-sample MSE 0.016714792987399526
Finished training EB SURE-LS, with SURE: -0.10696207030948678
Finished training EB SURE-LS, with in-sample MSE: 0.007648910597965639
use_scale: True
use_location: False
Finished training EB misspecified with NPMLE init, with SURE: -0.027122758996251124
Finished training EB misspecified with NPMLE init, with in-sample MSE: 0.06316979514157291
Finished training EB misspecified, with SURE: -0.02677417197685941
Finished training EB misspecified, with in-sample MSE: 0.06314538002927277
Finished training EB wellspecified, with SURE: -0.14355165621937946
Finished training EB wellspecified, with in-sample MSE: 0.047826416302915134
m: 27
Finished solving NPMLE, with SURE 1.111119208017053
Finished solving NPMLE, with in-sample MSE 0.07351490956797532
Finished solving parametric estimator, with SURE 0.06303859006344842
Finished solving parametric estimator, with in-sample MSE 0.05026850869191838
Finished solving EBCF, with in-sample MSE 0.012661424135531039
Finished training EB SURE-LS, with SURE: -0.039018569932208064
Finished training EB SURE-LS, with in-sample MSE: 0.008490041067651485
use_scale: True
use_location: False
Finished training EB misspecified with NPMLE init, with SURE: 0.04461917186690556
Finished training EB misspecified with NPMLE init, with in-sample MSE: 0.06674637440247375
Finished training EB misspecified, with SURE: 0.0446603996099325
Finished training EB misspecified, with in-sample MSE: 0.06680178414417018
Finished training EB wellspecified, with SURE: -0.088220263039355
Finished training EB wellspecified, with in-sample MSE: 0.05937895077049306
m: 28
Finished solving NPMLE, with SURE 0.4318692462270883
Finished solving NPMLE, with in-sample MSE 0.06689117033012448
Finished solving parametric estimator, with SURE 0.06650593388029774
Finished solving parametric estimator, with in-sample MSE 0.04679704445246629
Finished solving EBCF, with in-sample MSE 0.021312408271517515
Finished training EB SURE-LS, with SURE: -0.008598472799191468
Finished training EB SURE-LS, with in-sample MSE: 0.004034165985218452
use_scale: True
use_location: False
Finished training EB misspecified with NPMLE init, with SURE: 0.05293406666238745
Finished training EB misspecified with NPMLE init, with in-sample MSE: 0.04979625597862661
Finished training EB misspecified, with SURE: 0.05295901701856735
Finished training EB misspecified, with in-sample MSE: 0.049777041700519276
Finished training EB wellspecified, with SURE: -0.07654260516911567
Finished training EB wellspecified, with in-sample MSE: 0.08944903949521149
m: 29
Finished solving NPMLE, with SURE 0.3811574921504004
Finished solving NPMLE, with in-sample MSE 0.06299231341395634
Finished solving parametric estimator, with SURE 0.09092081431337162
Finished solving parametric estimator, with in-sample MSE 0.054479127393929926
Finished solving EBCF, with in-sample MSE 0.03220724305428732
Finished training EB SURE-LS, with SURE: -0.0037373914249916452
Finished training EB SURE-LS, with in-sample MSE: 0.023220171672868592
use_scale: True
use_location: False
Finished training EB misspecified with NPMLE init, with SURE: 0.07329973428466247
Finished training EB misspecified with NPMLE init, with in-sample MSE: 0.07378446252003361
Finished training EB misspecified, with SURE: 0.07329985810171664
Finished training EB misspecified, with in-sample MSE: 0.07381920512134421
Finished training EB wellspecified, with SURE: -0.0761796285078685
Finished training EB wellspecified, with in-sample MSE: 0.10877015974870893
m: 30
Finished solving NPMLE, with SURE 0.6415687021616159
Finished solving NPMLE, with in-sample MSE 0.09300027165572083
Finished solving parametric estimator, with SURE 0.04407828008183018
Finished solving parametric estimator, with in-sample MSE 0.060307601626049916
Finished solving EBCF, with in-sample MSE 0.02923741204180073
Finished training EB SURE-LS, with SURE: 0.021126999698226855
Finished training EB SURE-LS, with in-sample MSE: 0.02010681979124128
use_scale: True
use_location: False
Finished training EB misspecified with NPMLE init, with SURE: -0.011881536115383753
Finished training EB misspecified with NPMLE init, with in-sample MSE: 0.13209826143357312
Finished training EB misspecified, with SURE: -0.01185821461821547
Finished training EB misspecified, with in-sample MSE: 0.13190428183683767
Finished training EB wellspecified, with SURE: -0.05724906486786041
Finished training EB wellspecified, with in-sample MSE: 0.13146350605587262
m: 31
Finished solving NPMLE, with SURE 0.6280072676186819
Finished solving NPMLE, with in-sample MSE 0.10569246764130252
Finished solving parametric estimator, with SURE 0.06716705942755108
Finished solving parametric estimator, with in-sample MSE 0.05879122599220051
Finished solving EBCF, with in-sample MSE 0.018703131020957026
Finished training EB SURE-LS, with SURE: -0.004811675840841043
Finished training EB SURE-LS, with in-sample MSE: 0.0027702443606462046
use_scale: True
use_location: False
Finished training EB misspecified with NPMLE init, with SURE: 0.04720338068548394
Finished training EB misspecified with NPMLE init, with in-sample MSE: 0.06740198521694103
Finished training EB misspecified, with SURE: 0.047232402268630055
Finished training EB misspecified, with in-sample MSE: 0.0673619798192263
Finished training EB wellspecified, with SURE: -0.01836662534305912
Finished training EB wellspecified, with in-sample MSE: 0.022744097994605098
m: 32
Finished solving NPMLE, with SURE 0.6299376869378572
Finished solving NPMLE, with in-sample MSE 0.08060520664788463
Finished solving parametric estimator, with SURE 0.0632463347911556
Finished solving parametric estimator, with in-sample MSE 0.056924479726314876
Finished solving EBCF, with in-sample MSE 0.007595181609646363
Finished training EB SURE-LS, with SURE: -0.03307129419463602
Finished training EB SURE-LS, with in-sample MSE: 0.0056867700688684256
use_scale: True
use_location: False
Finished training EB misspecified with NPMLE init, with SURE: 0.047477661204790564
Finished training EB misspecified with NPMLE init, with in-sample MSE: 0.05833963852938651
Finished training EB misspecified, with SURE: 0.047487760359516996
Finished training EB misspecified, with in-sample MSE: 0.058337407038365964
Finished training EB wellspecified, with SURE: -0.05033989612157442
Finished training EB wellspecified, with in-sample MSE: 0.0245902443541319
m: 33
Finished solving NPMLE, with SURE 0.5681471803166521
Finished solving NPMLE, with in-sample MSE 0.07616444103853591
Finished solving parametric estimator, with SURE 0.07724485677059756
Finished solving parametric estimator, with in-sample MSE 0.0600892546811921
Finished solving EBCF, with in-sample MSE 0.019137066057304176
Finished training EB SURE-LS, with SURE: 0.0464514936821856
Finished training EB SURE-LS, with in-sample MSE: 0.010197416974321043
use_scale: True
use_location: False
Finished training EB misspecified with NPMLE init, with SURE: 0.07134383237707403
Finished training EB misspecified with NPMLE init, with in-sample MSE: 0.05971254327272172
Finished training EB misspecified, with SURE: 0.07134585858871419
Finished training EB misspecified, with in-sample MSE: 0.0597140628157002
Finished training EB wellspecified, with SURE: -0.08789201844707797
Finished training EB wellspecified, with in-sample MSE: 0.20369409247567766
m: 34
Finished solving NPMLE, with SURE 0.21756732848440768
Finished solving NPMLE, with in-sample MSE 0.09487669324059507
Finished solving parametric estimator, with SURE 0.08271835848373871
Finished solving parametric estimator, with in-sample MSE 0.05296149067187196
Finished solving EBCF, with in-sample MSE 0.014961611348909174
Finished training EB SURE-LS, with SURE: 0.01864468639346882
Finished training EB SURE-LS, with in-sample MSE: 0.0025940829027060013
use_scale: True
use_location: False
Finished training EB misspecified with NPMLE init, with SURE: 0.032932225660452376
Finished training EB misspecified with NPMLE init, with in-sample MSE: 0.13318426095003966
Finished training EB misspecified, with SURE: 0.03296494071774376
Finished training EB misspecified, with in-sample MSE: 0.13324565467253713
Finished training EB wellspecified, with SURE: -0.08604974358021451
Finished training EB wellspecified, with in-sample MSE: 0.12247182285172739
m: 35
Finished solving NPMLE, with SURE 0.6130790818303494
Finished solving NPMLE, with in-sample MSE 0.07634495469230525
Finished solving parametric estimator, with SURE 0.1225713438034764
Finished solving parametric estimator, with in-sample MSE 0.06834115608732716
Finished solving EBCF, with in-sample MSE 0.056171207368858035
Finished training EB SURE-LS, with SURE: 0.07947017146301417
Finished training EB SURE-LS, with in-sample MSE: 0.048047528617958246
use_scale: True
use_location: False
Finished training EB misspecified with NPMLE init, with SURE: 0.11020922897673749
Finished training EB misspecified with NPMLE init, with in-sample MSE: 0.07947005287633016
Finished training EB misspecified, with SURE: 0.11023962721306979
Finished training EB misspecified, with in-sample MSE: 0.07944618596035452
Finished training EB wellspecified, with SURE: 0.043371871036231135
Finished training EB wellspecified, with in-sample MSE: 0.10898393245112004
m: 36
Finished solving NPMLE, with SURE 0.3602033770463289
Finished solving NPMLE, with in-sample MSE 0.0850626539621823
Finished solving parametric estimator, with SURE 0.05322481032746079
Finished solving parametric estimator, with in-sample MSE 0.06697703016473383
Finished solving EBCF, with in-sample MSE 0.0515077072030235
Finished training EB SURE-LS, with SURE: 0.0028195318655013456
Finished training EB SURE-LS, with in-sample MSE: 0.0679303069996406
use_scale: True
use_location: False
Finished training EB misspecified with NPMLE init, with SURE: 0.046195250199300444
Finished training EB misspecified with NPMLE init, with in-sample MSE: 0.06432522887843664
Finished training EB misspecified, with SURE: 0.046197993300487926
Finished training EB misspecified, with in-sample MSE: 0.06432639450368166
Finished training EB wellspecified, with SURE: -0.06056656344296469
Finished training EB wellspecified, with in-sample MSE: 0.15981673040859973
m: 37
Finished solving NPMLE, with SURE 0.5808164787223723
Finished solving NPMLE, with in-sample MSE 0.09145995645000347
Finished solving parametric estimator, with SURE 0.14742398072647192
Finished solving parametric estimator, with in-sample MSE 0.08169605999089258
Finished solving EBCF, with in-sample MSE 0.05913631738837684
Finished training EB SURE-LS, with SURE: 0.11108723528669978
Finished training EB SURE-LS, with in-sample MSE: 0.03347626718295024
use_scale: True
use_location: False
Finished training EB misspecified with NPMLE init, with SURE: 0.12473515670913812
Finished training EB misspecified with NPMLE init, with in-sample MSE: 0.11512618834072626
Finished training EB misspecified, with SURE: 0.12475322012376922
Finished training EB misspecified, with in-sample MSE: 0.11566440318012344
Finished training EB wellspecified, with SURE: 0.0074954154209672065
Finished training EB wellspecified, with in-sample MSE: 0.22873899624260072
m: 38
Finished solving NPMLE, with SURE 0.9450297519895653
Finished solving NPMLE, with in-sample MSE 0.07820859314558277
Finished solving parametric estimator, with SURE 0.1415443437734858
Finished solving parametric estimator, with in-sample MSE 0.0665655530090259
Finished solving EBCF, with in-sample MSE 0.02759049775641262
Finished training EB SURE-LS, with SURE: 0.08513089624121371
Finished training EB SURE-LS, with in-sample MSE: 0.018602182645637944
use_scale: True
use_location: False
Finished training EB misspecified with NPMLE init, with SURE: 0.10303802406427665
Finished training EB misspecified with NPMLE init, with in-sample MSE: 0.12226623957954957
Finished training EB misspecified, with SURE: 0.12418387989005225
Finished training EB misspecified, with in-sample MSE: 0.06949858843588758
Finished training EB wellspecified, with SURE: -0.010052385163212073
Finished training EB wellspecified, with in-sample MSE: 0.1135170306060384
m: 39
Finished solving NPMLE, with SURE 0.6778869452097298
Finished solving NPMLE, with in-sample MSE 0.0821415665503403
Finished solving parametric estimator, with SURE -0.020830620682220746
Finished solving parametric estimator, with in-sample MSE 0.05802707761565792
Finished solving EBCF, with in-sample MSE 0.011086557248274684
Finished training EB SURE-LS, with SURE: -0.09623390391959914
Finished training EB SURE-LS, with in-sample MSE: 0.0019389585944906374
use_scale: True
use_location: False
Finished training EB misspecified with NPMLE init, with SURE: -0.026674391896073856
Finished training EB misspecified with NPMLE init, with in-sample MSE: 0.056360033118977665
Finished training EB misspecified, with SURE: -0.026666498255696638
Finished training EB misspecified, with in-sample MSE: 0.05638350202564341
Finished training EB wellspecified, with SURE: -0.12208777185110187
Finished training EB wellspecified, with in-sample MSE: 0.02083482698665684
m: 40
Finished solving NPMLE, with SURE 0.5763710064426698
Finished solving NPMLE, with in-sample MSE 0.07982755530804195
Finished solving parametric estimator, with SURE 0.06427346393199757
Finished solving parametric estimator, with in-sample MSE 0.059733971319474534
Finished solving EBCF, with in-sample MSE 0.007769280913874179
Finished training EB SURE-LS, with SURE: 0.02443086212700452
Finished training EB SURE-LS, with in-sample MSE: 0.0051035112127710445
use_scale: True
use_location: False
Finished training EB misspecified with NPMLE init, with SURE: 0.04374974136500555
Finished training EB misspecified with NPMLE init, with in-sample MSE: 0.07419056844873642
Finished training EB misspecified, with SURE: 0.04375387735782553
Finished training EB misspecified, with in-sample MSE: 0.07418874199627286
Finished training EB wellspecified, with SURE: -0.022630091842395218
Finished training EB wellspecified, with in-sample MSE: 0.06582187644486762
m: 41
Finished solving NPMLE, with SURE 0.8848474319794383
Finished solving NPMLE, with in-sample MSE 0.0876832971127495
Finished solving parametric estimator, with SURE 0.12019976695643331
Finished solving parametric estimator, with in-sample MSE 0.05255179415091777
Finished solving EBCF, with in-sample MSE 0.04882834098736396
Finished training EB SURE-LS, with SURE: 0.03584777472175467
Finished training EB SURE-LS, with in-sample MSE: 0.014763562945985378
use_scale: True
use_location: False
Finished training EB misspecified with NPMLE init, with SURE: 0.09009483455354314
Finished training EB misspecified with NPMLE init, with in-sample MSE: 0.07855504009698502
Finished training EB misspecified, with SURE: 0.09014086017266663
Finished training EB misspecified, with in-sample MSE: 0.0785275281558702
Finished training EB wellspecified, with SURE: -0.014764537830916238
Finished training EB wellspecified, with in-sample MSE: 0.09110501038743365
m: 42
Finished solving NPMLE, with SURE 1.0140488410575348
Finished solving NPMLE, with in-sample MSE 0.07395522857773673
Finished solving parametric estimator, with SURE 0.11758334496117012
Finished solving parametric estimator, with in-sample MSE 0.04965773587888644
Finished solving EBCF, with in-sample MSE 0.03312678760697792
Finished training EB SURE-LS, with SURE: -0.0200812878250466
Finished training EB SURE-LS, with in-sample MSE: 0.026523903117673796
use_scale: True
use_location: False
Finished training EB misspecified with NPMLE init, with SURE: 0.09547761624826989
Finished training EB misspecified with NPMLE init, with in-sample MSE: 0.05997865938674785
Finished training EB misspecified, with SURE: 0.09548437359816589
Finished training EB misspecified, with in-sample MSE: 0.05997976543341685
Finished training EB wellspecified, with SURE: -0.039723610822785256
Finished training EB wellspecified, with in-sample MSE: 0.047116094724995214
m: 43
Finished solving NPMLE, with SURE 0.4438663418443737
Finished solving NPMLE, with in-sample MSE 0.06632151427175426
Finished solving parametric estimator, with SURE -0.0282836239945482
Finished solving parametric estimator, with in-sample MSE 0.06005934453805474
Finished solving EBCF, with in-sample MSE 0.021286368726673593
Finished training EB SURE-LS, with SURE: -0.06795488501269159
Finished training EB SURE-LS, with in-sample MSE: 0.00474574730520697
use_scale: True
use_location: False
Finished training EB misspecified with NPMLE init, with SURE: -0.03575850893675273
Finished training EB misspecified with NPMLE init, with in-sample MSE: 0.05723077553044182
Finished training EB misspecified, with SURE: -0.03570333537794333
Finished training EB misspecified, with in-sample MSE: 0.05721889753971723
Finished training EB wellspecified, with SURE: -0.08003571143224601
Finished training EB wellspecified, with in-sample MSE: 0.01536974558617302
m: 44
Finished solving NPMLE, with SURE 0.49511165867277646
Finished solving NPMLE, with in-sample MSE 0.10607748789087638
Finished solving parametric estimator, with SURE 0.10381873515213086
Finished solving parametric estimator, with in-sample MSE 0.07211363696134288
Finished solving EBCF, with in-sample MSE 0.05580374298984016
Finished training EB SURE-LS, with SURE: 0.033244275898428405
Finished training EB SURE-LS, with in-sample MSE: 0.04130412193408624
use_scale: True
use_location: False
Finished training EB misspecified with NPMLE init, with SURE: 0.09416751591428678
Finished training EB misspecified with NPMLE init, with in-sample MSE: 0.06961817086267744
Finished training EB misspecified, with SURE: 0.09420137907205799
Finished training EB misspecified, with in-sample MSE: 0.06958009436341471
Finished training EB wellspecified, with SURE: -0.02852430949372394
Finished training EB wellspecified, with in-sample MSE: 0.12358460116392173
m: 45
Finished solving NPMLE, with SURE 0.76557422970591
Finished solving NPMLE, with in-sample MSE 0.09574299026637799
Finished solving parametric estimator, with SURE 0.09948173752130085
Finished solving parametric estimator, with in-sample MSE 0.05707631038266836
Finished solving EBCF, with in-sample MSE 0.02765756135842698
Finished training EB SURE-LS, with SURE: 0.03478399431694979
Finished training EB SURE-LS, with in-sample MSE: 0.016514648326295414
use_scale: True
use_location: False
Finished training EB misspecified with NPMLE init, with SURE: 0.06806697038498306
Finished training EB misspecified with NPMLE init, with in-sample MSE: 0.09073998036251021
Finished training EB misspecified, with SURE: 0.06807178280199289
Finished training EB misspecified, with in-sample MSE: 0.09074824933796895
Finished training EB wellspecified, with SURE: -0.012186210951964642
Finished training EB wellspecified, with in-sample MSE: 0.07351030217262398
m: 46
Finished solving NPMLE, with SURE 0.5675625669691635
Finished solving NPMLE, with in-sample MSE 0.06386027785846321
Finished solving parametric estimator, with SURE 0.08146079630625791
Finished solving parametric estimator, with in-sample MSE 0.055435829111409006
Finished solving EBCF, with in-sample MSE 0.04583959907197308
Finished training EB SURE-LS, with SURE: -0.0062270093535526354
Finished training EB SURE-LS, with in-sample MSE: 0.011431741552394901
use_scale: True
use_location: False
Finished training EB misspecified with NPMLE init, with SURE: 0.06674390040515427
Finished training EB misspecified with NPMLE init, with in-sample MSE: 0.07114358670949679
Finished training EB misspecified, with SURE: 0.06679192308967423
Finished training EB misspecified, with in-sample MSE: 0.07109383452285986
Finished training EB wellspecified, with SURE: -0.03584952767700291
Finished training EB wellspecified, with in-sample MSE: 0.0457231247039634
m: 47
Finished solving NPMLE, with SURE 0.7397502667015395
Finished solving NPMLE, with in-sample MSE 0.0730791669583388
Finished solving parametric estimator, with SURE 0.07090082158619776
Finished solving parametric estimator, with in-sample MSE 0.05859816519463514
Finished solving EBCF, with in-sample MSE 0.012056026567048402
Finished training EB SURE-LS, with SURE: 0.0013477482700534548
Finished training EB SURE-LS, with in-sample MSE: 0.01876589191971276
use_scale: True
use_location: False
Finished training EB misspecified with NPMLE init, with SURE: 0.05351566574285705
Finished training EB misspecified with NPMLE init, with in-sample MSE: 0.06933750644060363
Finished training EB misspecified, with SURE: 0.053519458952579556
Finished training EB misspecified, with in-sample MSE: 0.06934732389075839
Finished training EB wellspecified, with SURE: -0.023482381526984085
Finished training EB wellspecified, with in-sample MSE: 0.052975141813780026
m: 48
Finished solving NPMLE, with SURE 0.6461087529309174
Finished solving NPMLE, with in-sample MSE 0.08776327212574682
Finished solving parametric estimator, with SURE -0.00027754721914735603
Finished solving parametric estimator, with in-sample MSE 0.049790187859584674
Finished solving EBCF, with in-sample MSE 0.03165710074765733
Finished training EB SURE-LS, with SURE: -0.11165135047912514
Finished training EB SURE-LS, with in-sample MSE: 0.011209779894374019
use_scale: True
use_location: False
Finished training EB misspecified with NPMLE init, with SURE: -0.01256319772656518
Finished training EB misspecified with NPMLE init, with in-sample MSE: 0.043286422531741975
Finished training EB misspecified, with SURE: -0.01255195055441277
Finished training EB misspecified, with in-sample MSE: 0.04329005812284384
Finished training EB wellspecified, with SURE: -0.15481996161054126
Finished training EB wellspecified, with in-sample MSE: 0.0528121998411997
m: 49
Finished solving NPMLE, with SURE 0.3880277894293517
Finished solving NPMLE, with in-sample MSE 0.09157060097063599
Finished solving parametric estimator, with SURE 0.07089141359544504
Finished solving parametric estimator, with in-sample MSE 0.054936608756094324
Finished solving EBCF, with in-sample MSE 0.02252987560478077
Finished training EB SURE-LS, with SURE: 0.004972089357112068
Finished training EB SURE-LS, with in-sample MSE: 0.004003666235465313
use_scale: True
use_location: False
Finished training EB misspecified with NPMLE init, with SURE: 0.06193814514647592
Finished training EB misspecified with NPMLE init, with in-sample MSE: 0.051958375346167374
Finished training EB misspecified, with SURE: 0.061992354061337664
Finished training EB misspecified, with in-sample MSE: 0.051889134020701694
Finished training EB wellspecified, with SURE: -0.03933913899390519
Finished training EB wellspecified, with in-sample MSE: 0.06918601408044749

n: 400
m: 0
Finished solving NPMLE, with SURE 0.384690458146018
Finished solving NPMLE, with in-sample MSE 0.07371461577788714
Finished solving parametric estimator, with SURE 0.04897579604555519
Finished solving parametric estimator, with in-sample MSE 0.056412621211160995
Finished solving EBCF, with in-sample MSE 0.009583141479889059
Finished training EB SURE-LS, with SURE: -0.023987923453502945
Finished training EB SURE-LS, with in-sample MSE: 0.003923678204384359
use_scale: True
use_location: False
Finished training EB misspecified with NPMLE init, with SURE: 0.04062897210971947
Finished training EB misspecified with NPMLE init, with in-sample MSE: 0.059534881132347735
Finished training EB misspecified, with SURE: 0.04065346202119173
Finished training EB misspecified, with in-sample MSE: 0.059533104762255845
Finished training EB wellspecified, with SURE: -0.05265434936334973
Finished training EB wellspecified, with in-sample MSE: 0.030203132845063322
m: 1
Finished solving NPMLE, with SURE 0.4813174616970946
Finished solving NPMLE, with in-sample MSE 0.06210880242904759
Finished solving parametric estimator, with SURE 0.09078268959332852
Finished solving parametric estimator, with in-sample MSE 0.05349328967152131
Finished solving EBCF, with in-sample MSE 0.011970453065349327
Finished training EB SURE-LS, with SURE: 0.043047943441674404
Finished training EB SURE-LS, with in-sample MSE: 0.008621857201198076
use_scale: True
use_location: False
Finished training EB misspecified with NPMLE init, with SURE: 0.08495622104631281
Finished training EB misspecified with NPMLE init, with in-sample MSE: 0.05893573131061349
Finished training EB misspecified, with SURE: 0.08495844905921417
Finished training EB misspecified, with in-sample MSE: 0.05893282790602219
Finished training EB wellspecified, with SURE: -0.011385137677182095
Finished training EB wellspecified, with in-sample MSE: 0.07516764551937448
m: 2
Finished solving NPMLE, with SURE 0.8304061826336243
Finished solving NPMLE, with in-sample MSE 0.09606665356314516
Finished solving parametric estimator, with SURE 0.11549865123271863
Finished solving parametric estimator, with in-sample MSE 0.060212044537999915
Finished solving EBCF, with in-sample MSE 0.029500910007379356
Finished training EB SURE-LS, with SURE: 0.03688468530374644
Finished training EB SURE-LS, with in-sample MSE: 0.011030140196034773
use_scale: True
use_location: False
Finished training EB misspecified with NPMLE init, with SURE: 0.09801326547717722
Finished training EB misspecified with NPMLE init, with in-sample MSE: 0.06821400402183644
Finished training EB misspecified, with SURE: 0.10153008302483443
Finished training EB misspecified, with in-sample MSE: 0.06163997618378592
Finished training EB wellspecified, with SURE: 0.003932404169437607
Finished training EB wellspecified, with in-sample MSE: 0.04896106661383879
m: 3
Finished solving NPMLE, with SURE 0.36124105319762195
Finished solving NPMLE, with in-sample MSE 0.07374074310529957
Finished solving parametric estimator, with SURE 0.010664912576536678
Finished solving parametric estimator, with in-sample MSE 0.058147479627554816
Finished solving EBCF, with in-sample MSE 0.00541592746943135
Finished training EB SURE-LS, with SURE: -0.03312891835417863
Finished training EB SURE-LS, with in-sample MSE: 0.0029455300500576998
use_scale: True
use_location: False
Finished training EB misspecified with NPMLE init, with SURE: 0.0022746530562363886
Finished training EB misspecified with NPMLE init, with in-sample MSE: 0.059305216917760195
Finished training EB misspecified, with SURE: 0.002281802545968361
Finished training EB misspecified, with in-sample MSE: 0.0593120382881468
Finished training EB wellspecified, with SURE: -0.07070724150144088
Finished training EB wellspecified, with in-sample MSE: 0.05325727823725031
m: 4
Finished solving NPMLE, with SURE 0.4694846369221202
Finished solving NPMLE, with in-sample MSE 0.10986446730994164
Finished solving parametric estimator, with SURE 0.015566143430830404
Finished solving parametric estimator, with in-sample MSE 0.07773204693862625
Finished solving EBCF, with in-sample MSE 0.024503196564280256
Finished training EB SURE-LS, with SURE: -0.014467329773648998
Finished training EB SURE-LS, with in-sample MSE: 0.0205070426607839
use_scale: True
use_location: False
Finished training EB misspecified with NPMLE init, with SURE: 0.012397403897636963
Finished training EB misspecified with NPMLE init, with in-sample MSE: 0.0747556897346589
Finished training EB misspecified, with SURE: 0.012398317469990091
Finished training EB misspecified, with in-sample MSE: 0.07475448763151808
Finished training EB wellspecified, with SURE: -0.052480425106937276
Finished training EB wellspecified, with in-sample MSE: 0.06439677949865943
m: 5
Finished solving NPMLE, with SURE 0.5777215575954312
Finished solving NPMLE, with in-sample MSE 0.07421153105122977
Finished solving parametric estimator, with SURE 0.057607621570078926
Finished solving parametric estimator, with in-sample MSE 0.05499617074722704
Finished solving EBCF, with in-sample MSE 0.0069384853354515445
Finished training EB SURE-LS, with SURE: -0.0017535560006135143
Finished training EB SURE-LS, with in-sample MSE: 0.0014416216711696272
use_scale: True
use_location: False
Finished training EB misspecified with NPMLE init, with SURE: 0.048574047922083426
Finished training EB misspecified with NPMLE init, with in-sample MSE: 0.05687456120880043
Finished training EB misspecified, with SURE: 0.04857393622854026
Finished training EB misspecified, with in-sample MSE: 0.056873719728964475
Finished training EB wellspecified, with SURE: -0.037461112925873605
Finished training EB wellspecified, with in-sample MSE: 0.051385489326161944
m: 6
Finished solving NPMLE, with SURE 0.6972929029348103
Finished solving NPMLE, with in-sample MSE 0.07444127550135962
Finished solving parametric estimator, with SURE -0.02258363748432063
Finished solving parametric estimator, with in-sample MSE 0.06363172352987495
Finished solving EBCF, with in-sample MSE 0.029357125948699093
Finished training EB SURE-LS, with SURE: -0.09341505839837037
Finished training EB SURE-LS, with in-sample MSE: 0.00466030320134803
use_scale: True
use_location: False
Finished training EB misspecified with NPMLE init, with SURE: -0.026026147849054767
Finished training EB misspecified with NPMLE init, with in-sample MSE: 0.06335595099785134
Finished training EB misspecified, with SURE: -0.026015278412534783
Finished training EB misspecified, with in-sample MSE: 0.06337506272918413
Finished training EB wellspecified, with SURE: -0.11025683229151198
Finished training EB wellspecified, with in-sample MSE: 0.021014040554086975
m: 7
Finished solving NPMLE, with SURE 1.0802547581742477
Finished solving NPMLE, with in-sample MSE 0.0969619089197848
Finished solving parametric estimator, with SURE 0.13443125075736595
Finished solving parametric estimator, with in-sample MSE 0.06124990041925324
Finished solving EBCF, with in-sample MSE 0.032976926087285585
Finished training EB SURE-LS, with SURE: 0.06948297633834695
Finished training EB SURE-LS, with in-sample MSE: 0.02084974915432189
use_scale: True
use_location: False
Finished training EB misspecified with NPMLE init, with SURE: 0.0855361176284692
Finished training EB misspecified with NPMLE init, with in-sample MSE: 0.11311035492843553
Finished training EB misspecified, with SURE: 0.08555696088655282
Finished training EB misspecified, with in-sample MSE: 0.11301612179167347
Finished training EB wellspecified, with SURE: 0.009767379966079718
Finished training EB wellspecified, with in-sample MSE: 0.11682159203795123
m: 8
Finished solving NPMLE, with SURE 0.6116247765449114
Finished solving NPMLE, with in-sample MSE 0.07429145298553048
Finished solving parametric estimator, with SURE 0.06652683359100992
Finished solving parametric estimator, with in-sample MSE 0.059179110086616867
Finished solving EBCF, with in-sample MSE 0.014024418956914761
Finished training EB SURE-LS, with SURE: 0.008061336926036526
Finished training EB SURE-LS, with in-sample MSE: 0.01384703661804405
use_scale: True
use_location: False
Finished training EB misspecified with NPMLE init, with SURE: 0.05952826339075038
Finished training EB misspecified with NPMLE init, with in-sample MSE: 0.06564206895449601
Finished training EB misspecified, with SURE: 0.05969159921181912
Finished training EB misspecified, with in-sample MSE: 0.06548289862350318
Finished training EB wellspecified, with SURE: 0.05955738577079078
Finished training EB wellspecified, with in-sample MSE: 0.06561142332302128
m: 9
Finished solving NPMLE, with SURE 0.607820789658267
Finished solving NPMLE, with in-sample MSE 0.076646659853095
Finished solving parametric estimator, with SURE 0.09355937906337303
Finished solving parametric estimator, with in-sample MSE 0.05563587961098914
Finished solving EBCF, with in-sample MSE 0.012945715387557403
Finished training EB SURE-LS, with SURE: 0.02335549926019716
Finished training EB SURE-LS, with in-sample MSE: 0.007962036109069998
use_scale: True
use_location: False
Finished training EB misspecified with NPMLE init, with SURE: 0.08409508344021838
Finished training EB misspecified with NPMLE init, with in-sample MSE: 0.05914251413172724
Finished training EB misspecified, with SURE: 0.0841617244486298
Finished training EB misspecified, with in-sample MSE: 0.05922909261240342
Finished training EB wellspecified, with SURE: -0.008016085111917906
Finished training EB wellspecified, with in-sample MSE: 0.037689181208285315
m: 10
Finished solving NPMLE, with SURE 0.27108772602543696
Finished solving NPMLE, with in-sample MSE 0.0853288426065732
Finished solving parametric estimator, with SURE 0.010009505530148899
Finished solving parametric estimator, with in-sample MSE 0.061234364347484346
Finished solving EBCF, with in-sample MSE 0.023969002623687875
Finished training EB SURE-LS, with SURE: -0.021820101779829217
Finished training EB SURE-LS, with in-sample MSE: 0.007933214500826064
use_scale: True
use_location: False
Finished training EB misspecified with NPMLE init, with SURE: 9.495160539131575e-05
Finished training EB misspecified with NPMLE init, with in-sample MSE: 0.08303268062183712
Finished training EB misspecified, with SURE: 9.991547909116605e-05
Finished training EB misspecified, with in-sample MSE: 0.0829852074791144
Finished training EB wellspecified, with SURE: -0.06485488381049016
Finished training EB wellspecified, with in-sample MSE: 0.06520145939370631
m: 11
Finished solving NPMLE, with SURE 0.6285646366093431
Finished solving NPMLE, with in-sample MSE 0.06873270487974194
Finished solving parametric estimator, with SURE 0.05586302421295586
Finished solving parametric estimator, with in-sample MSE 0.0495154406496563
Finished solving EBCF, with in-sample MSE 0.010436437693003446
Finished training EB SURE-LS, with SURE: -0.027570276910871473
Finished training EB SURE-LS, with in-sample MSE: 0.008731608769230459
use_scale: True
use_location: False
Finished training EB misspecified with NPMLE init, with SURE: 0.047470050771849376
Finished training EB misspecified with NPMLE init, with in-sample MSE: 0.05493656007025092
Finished training EB misspecified, with SURE: 0.04748203475489035
Finished training EB misspecified, with in-sample MSE: 0.05491720834357472
Finished training EB wellspecified, with SURE: -0.046703180551064725
Finished training EB wellspecified, with in-sample MSE: 0.059285878832789934
m: 12
Finished solving NPMLE, with SURE 0.6105068942439883
Finished solving NPMLE, with in-sample MSE 0.07339174363940354
Finished solving parametric estimator, with SURE 0.11748845265893054
Finished solving parametric estimator, with in-sample MSE 0.05910180987087413
Finished solving EBCF, with in-sample MSE 0.027353797494581326
Finished training EB SURE-LS, with SURE: 0.062092637022860865
Finished training EB SURE-LS, with in-sample MSE: 0.013080373691682771
use_scale: True
use_location: False
Finished training EB misspecified with NPMLE init, with SURE: 0.10766941306000143
Finished training EB misspecified with NPMLE init, with in-sample MSE: 0.06724923861910662
Finished training EB misspecified, with SURE: 0.10770433102908847
Finished training EB misspecified, with in-sample MSE: 0.06723724304030224
Finished training EB wellspecified, with SURE: 0.04221060784242737
Finished training EB wellspecified, with in-sample MSE: 0.038831587886847485
m: 13
Finished solving NPMLE, with SURE 0.71448173027802
Finished solving NPMLE, with in-sample MSE 0.06303890816715273
Finished solving parametric estimator, with SURE 0.12238500258244983
Finished solving parametric estimator, with in-sample MSE 0.05139055283020061
Finished solving EBCF, with in-sample MSE 0.024909304536489874
Finished training EB SURE-LS, with SURE: 0.032190083535266686
Finished training EB SURE-LS, with in-sample MSE: 0.01388893635197916
use_scale: True
use_location: False
Finished training EB misspecified with NPMLE init, with SURE: 0.10950818491178083
Finished training EB misspecified with NPMLE init, with in-sample MSE: 0.06005853548407067
Finished training EB misspecified, with SURE: 0.10955342808327444
Finished training EB misspecified, with in-sample MSE: 0.06008952891371805
Finished training EB wellspecified, with SURE: -0.018289119261319372
Finished training EB wellspecified, with in-sample MSE: 0.06606893040449993
m: 14
Finished solving NPMLE, with SURE 0.6713690667569661
Finished solving NPMLE, with in-sample MSE 0.08361768173963903
Finished solving parametric estimator, with SURE 0.061514342527443644
Finished solving parametric estimator, with in-sample MSE 0.051474196693493485
Finished solving EBCF, with in-sample MSE 0.006890651272977265
Finished training EB SURE-LS, with SURE: -0.007929000382284376
Finished training EB SURE-LS, with in-sample MSE: 0.003421808668414971
use_scale: True
use_location: False
Finished training EB misspecified with NPMLE init, with SURE: 0.04992524113948932
Finished training EB misspecified with NPMLE init, with in-sample MSE: 0.06234406267671086
Finished training EB misspecified, with SURE: 0.04995611012422103
Finished training EB misspecified, with in-sample MSE: 0.06226702564266996
Finished training EB wellspecified, with SURE: -0.02485855302324312
Finished training EB wellspecified, with in-sample MSE: 0.018151289261388162
m: 15
Finished solving NPMLE, with SURE 0.5707180964204699
Finished solving NPMLE, with in-sample MSE 0.07356926908132565
Finished solving parametric estimator, with SURE 0.016533291534311656
Finished solving parametric estimator, with in-sample MSE 0.05624814494254611
Finished solving EBCF, with in-sample MSE 0.007574386503559555
Finished training EB SURE-LS, with SURE: -0.024019461121218343
Finished training EB SURE-LS, with in-sample MSE: 0.0038365064505116123
use_scale: True
use_location: False
Finished training EB misspecified with NPMLE init, with SURE: 0.012880042015974952
Finished training EB misspecified with NPMLE init, with in-sample MSE: 0.05564131252218435
Finished training EB misspecified, with SURE: 0.012899946573776688
Finished training EB misspecified, with in-sample MSE: 0.055623105045023685
Finished training EB wellspecified, with SURE: -0.0455260610066762
Finished training EB wellspecified, with in-sample MSE: 0.025517186889510147
m: 16
Finished solving NPMLE, with SURE 0.6823377320204246
Finished solving NPMLE, with in-sample MSE 0.08224318149315742
Finished solving parametric estimator, with SURE 0.07258262431033058
Finished solving parametric estimator, with in-sample MSE 0.05485223479113965
Finished solving EBCF, with in-sample MSE 0.017609834103372374
Finished training EB SURE-LS, with SURE: -0.015122609278688665
Finished training EB SURE-LS, with in-sample MSE: 0.010246297881260082
use_scale: True
use_location: False
Finished training EB misspecified with NPMLE init, with SURE: 0.06392333309065748
Finished training EB misspecified with NPMLE init, with in-sample MSE: 0.05355509656057333
Finished training EB misspecified, with SURE: 0.06393133744531725
Finished training EB misspecified, with in-sample MSE: 0.053553756882738154
Finished training EB wellspecified, with SURE: -0.05214846663396586
Finished training EB wellspecified, with in-sample MSE: 0.06117972274506478
m: 17
Finished solving NPMLE, with SURE 0.48271518933218005
Finished solving NPMLE, with in-sample MSE 0.07809842975528548
Finished solving parametric estimator, with SURE -0.015347622239408998
Finished solving parametric estimator, with in-sample MSE 0.06166545751093918
Finished solving EBCF, with in-sample MSE 0.026973344972935354
Finished training EB SURE-LS, with SURE: -0.041386815490854205
Finished training EB SURE-LS, with in-sample MSE: 0.010793977887568007
use_scale: True
use_location: False
Finished training EB misspecified with NPMLE init, with SURE: -0.01862331929568093
Finished training EB misspecified with NPMLE init, with in-sample MSE: 0.06032306084786751
Finished training EB misspecified, with SURE: -0.018617997504603922
Finished training EB misspecified, with in-sample MSE: 0.06032580482569982
Finished training EB wellspecified, with SURE: -0.05830974290779309
Finished training EB wellspecified, with in-sample MSE: 0.02219607883151983
m: 18
Finished solving NPMLE, with SURE 0.4842277756138335
Finished solving NPMLE, with in-sample MSE 0.07147234902794393
Finished solving parametric estimator, with SURE 0.04344112819453905
Finished solving parametric estimator, with in-sample MSE 0.05210357052903012
Finished solving EBCF, with in-sample MSE 0.003656131128969208
Finished training EB SURE-LS, with SURE: -0.026258130431753655
Finished training EB SURE-LS, with in-sample MSE: 0.00569920741719931
use_scale: True
use_location: False
Finished training EB misspecified with NPMLE init, with SURE: 0.037213904788248583
Finished training EB misspecified with NPMLE init, with in-sample MSE: 0.053744847594771494
Finished training EB misspecified, with SURE: 0.03726248945616277
Finished training EB misspecified, with in-sample MSE: 0.05363597583228402
Finished training EB wellspecified, with SURE: -0.044831349960930446
Finished training EB wellspecified, with in-sample MSE: 0.03224305723538721
m: 19
Finished solving NPMLE, with SURE 0.4863594033497175
Finished solving NPMLE, with in-sample MSE 0.09063018804103751
Finished solving parametric estimator, with SURE 0.07619717686862976
Finished solving parametric estimator, with in-sample MSE 0.05495207178291919
Finished solving EBCF, with in-sample MSE 0.012710121412801687
Finished training EB SURE-LS, with SURE: -0.02196416801783353
Finished training EB SURE-LS, with in-sample MSE: 0.006332693670613585
use_scale: True
use_location: False
Finished training EB misspecified with NPMLE init, with SURE: 0.06722208087870868
Finished training EB misspecified with NPMLE init, with in-sample MSE: 0.049292441376419756
Finished training EB misspecified, with SURE: 0.06722657619570456
Finished training EB misspecified, with in-sample MSE: 0.04929305429905519
Finished training EB wellspecified, with SURE: -0.05926995656315387
Finished training EB wellspecified, with in-sample MSE: 0.04316218235686261
m: 20
Finished solving NPMLE, with SURE 0.8097588115238094
Finished solving NPMLE, with in-sample MSE 0.0737759381996733
Finished solving parametric estimator, with SURE 0.060962939296059615
Finished solving parametric estimator, with in-sample MSE 0.05283615643615673
Finished solving EBCF, with in-sample MSE 0.002354383053043952
Finished training EB SURE-LS, with SURE: -0.00477136309912428
Finished training EB SURE-LS, with in-sample MSE: 0.002005015357446148
use_scale: True
use_location: False
Finished training EB misspecified with NPMLE init, with SURE: 0.04672342784292056
Finished training EB misspecified with NPMLE init, with in-sample MSE: 0.055634344940686795
Finished training EB misspecified, with SURE: 0.04672348315248748
Finished training EB misspecified, with in-sample MSE: 0.055633835005632945
Finished training EB wellspecified, with SURE: -0.024318991878406963
Finished training EB wellspecified, with in-sample MSE: 0.023358483970732435
m: 21
Finished solving NPMLE, with SURE 0.5649345852078849
Finished solving NPMLE, with in-sample MSE 0.054236717189635096
Finished solving parametric estimator, with SURE 0.11178444636857715
Finished solving parametric estimator, with in-sample MSE 0.054740323222013235
Finished solving EBCF, with in-sample MSE 0.021793699785079675
Finished training EB SURE-LS, with SURE: 0.04865136195577737
Finished training EB SURE-LS, with in-sample MSE: 0.024418101292989554
use_scale: True
use_location: False
Finished training EB misspecified with NPMLE init, with SURE: 0.10421844419105909
Finished training EB misspecified with NPMLE init, with in-sample MSE: 0.05864624829555726
Finished training EB misspecified, with SURE: 0.1042690238487522
Finished training EB misspecified, with in-sample MSE: 0.058518612521525126
Finished training EB wellspecified, with SURE: 0.008281764299750614
Finished training EB wellspecified, with in-sample MSE: 0.06995459586739879
m: 22
Finished solving NPMLE, with SURE 0.8499283440578124
Finished solving NPMLE, with in-sample MSE 0.10797902955145472
Finished solving parametric estimator, with SURE 0.06902049418779926
Finished solving parametric estimator, with in-sample MSE 0.06474059775661195
Finished solving EBCF, with in-sample MSE 0.01764788440038336
Finished training EB SURE-LS, with SURE: -0.02356006208568906
Finished training EB SURE-LS, with in-sample MSE: 0.016364485356061304
use_scale: True
use_location: False
Finished training EB misspecified with NPMLE init, with SURE: 0.05934443619914468
Finished training EB misspecified with NPMLE init, with in-sample MSE: 0.06450060381822671
Finished training EB misspecified, with SURE: 0.05936225665131645
Finished training EB misspecified, with in-sample MSE: 0.06444719764020683
Finished training EB wellspecified, with SURE: -0.03701326947597395
Finished training EB wellspecified, with in-sample MSE: 0.03754590328746184
m: 23
Finished solving NPMLE, with SURE 0.5636497729602838
Finished solving NPMLE, with in-sample MSE 0.08854835352256592
Finished solving parametric estimator, with SURE 0.020875343044806538
Finished solving parametric estimator, with in-sample MSE 0.05864692754829128
Finished solving EBCF, with in-sample MSE 0.002508043576979515
Finished training EB SURE-LS, with SURE: -0.05413820995098169
Finished training EB SURE-LS, with in-sample MSE: 0.0015511786380702117
use_scale: True
use_location: False
Finished training EB misspecified with NPMLE init, with SURE: 0.0159295346207481
Finished training EB misspecified with NPMLE init, with in-sample MSE: 0.054336634023915725
Finished training EB misspecified, with SURE: 0.015933776088030954
Finished training EB misspecified, with in-sample MSE: 0.05433968018421125
Finished training EB wellspecified, with SURE: -0.05717796750858454
Finished training EB wellspecified, with in-sample MSE: 0.0013204500409299915
m: 24
Finished solving NPMLE, with SURE 0.26801576107622777
Finished solving NPMLE, with in-sample MSE 0.08501094595189787
Finished solving parametric estimator, with SURE 0.004690098058051428
Finished solving parametric estimator, with in-sample MSE 0.062297148864818803
Finished solving EBCF, with in-sample MSE 0.010007965833512064
Finished training EB SURE-LS, with SURE: -0.030746900113430488
Finished training EB SURE-LS, with in-sample MSE: 0.007855314697759706
use_scale: True
use_location: False
Finished training EB misspecified with NPMLE init, with SURE: 0.0008828748169975143
Finished training EB misspecified with NPMLE init, with in-sample MSE: 0.05905974750577991
Finished training EB misspecified, with SURE: 0.000885544145174535
Finished training EB misspecified, with in-sample MSE: 0.05906260798976936
Finished training EB wellspecified, with SURE: -0.04429464183101473
Finished training EB wellspecified, with in-sample MSE: 0.018678729320192048
m: 25
Finished solving NPMLE, with SURE 1.1719996646555928
Finished solving NPMLE, with in-sample MSE 0.0605755151118634
Finished solving parametric estimator, with SURE 0.0587809644869563
Finished solving parametric estimator, with in-sample MSE 0.05445252753180283
Finished solving EBCF, with in-sample MSE 0.01525507940662063
Finished training EB SURE-LS, with SURE: -0.03082986903330073
Finished training EB SURE-LS, with in-sample MSE: 0.009328131643513416
use_scale: True
use_location: False
Finished training EB misspecified with NPMLE init, with SURE: 0.05178032571652857
Finished training EB misspecified with NPMLE init, with in-sample MSE: 0.06223008995665775
Finished training EB misspecified, with SURE: 0.051792795079128595
Finished training EB misspecified, with in-sample MSE: 0.062215932340302746
Finished training EB wellspecified, with SURE: -0.041618780999828575
Finished training EB wellspecified, with in-sample MSE: 0.023616325569532717
m: 26
Finished solving NPMLE, with SURE 0.5807259313980944
Finished solving NPMLE, with in-sample MSE 0.09751204401619987
Finished solving parametric estimator, with SURE 0.027993658741229444
Finished solving parametric estimator, with in-sample MSE 0.06201550770749841
Finished solving EBCF, with in-sample MSE 0.023941146095891975
Finished training EB SURE-LS, with SURE: -0.01794997060090622
Finished training EB SURE-LS, with in-sample MSE: 0.005550681711751979
use_scale: True
use_location: False
Finished training EB misspecified with NPMLE init, with SURE: 0.018983153930192172
Finished training EB misspecified with NPMLE init, with in-sample MSE: 0.06325511280079846
Finished training EB misspecified, with SURE: 0.019950429714395455
Finished training EB misspecified, with in-sample MSE: 0.06642247811285974
Finished training EB wellspecified, with SURE: -0.05004939638330094
Finished training EB wellspecified, with in-sample MSE: 0.044161628104657125
m: 27
Finished solving NPMLE, with SURE 0.5283686510318166
Finished solving NPMLE, with in-sample MSE 0.09447067891073498
Finished solving parametric estimator, with SURE 0.12483272934296696
Finished solving parametric estimator, with in-sample MSE 0.06654177097803977
Finished solving EBCF, with in-sample MSE 0.020514671462519618
Finished training EB SURE-LS, with SURE: 0.07730864086294878
Finished training EB SURE-LS, with in-sample MSE: 0.012822229812235684
use_scale: True
use_location: False
Finished training EB misspecified with NPMLE init, with SURE: 0.11374903345216339
Finished training EB misspecified with NPMLE init, with in-sample MSE: 0.07005588630274898
Finished training EB misspecified, with SURE: 0.11372400502443569
Finished training EB misspecified, with in-sample MSE: 0.069896914529369
Finished training EB wellspecified, with SURE: 0.019351241664356596
Finished training EB wellspecified, with in-sample MSE: 0.09331057743042664
m: 28
Finished solving NPMLE, with SURE 0.6842593482107455
Finished solving NPMLE, with in-sample MSE 0.08148565166416574
Finished solving parametric estimator, with SURE 0.0836761342624095
Finished solving parametric estimator, with in-sample MSE 0.06243684562265181
Finished solving EBCF, with in-sample MSE 0.018370178509495107
Finished training EB SURE-LS, with SURE: 0.040104027072326076
Finished training EB SURE-LS, with in-sample MSE: 0.005477663068323021
use_scale: True
use_location: False
Finished training EB misspecified with NPMLE init, with SURE: 0.07186500651698723
Finished training EB misspecified with NPMLE init, with in-sample MSE: 0.06765947804409209
Finished training EB misspecified, with SURE: 0.07184919123172179
Finished training EB misspecified, with in-sample MSE: 0.06784831814951194
Finished training EB wellspecified, with SURE: -0.026355752163094933
Finished training EB wellspecified, with in-sample MSE: 0.09806869341120455
m: 29
Finished solving NPMLE, with SURE 0.44542061585729487
Finished solving NPMLE, with in-sample MSE 0.09826359818784766
Finished solving parametric estimator, with SURE 0.12878693718781697
Finished solving parametric estimator, with in-sample MSE 0.0669072218646552
Finished solving EBCF, with in-sample MSE 0.021728751877302256
Finished training EB SURE-LS, with SURE: 0.06518549632748377
Finished training EB SURE-LS, with in-sample MSE: 0.036567416882581666
use_scale: True
use_location: False
Finished training EB misspecified with NPMLE init, with SURE: 0.10396354045257901
Finished training EB misspecified with NPMLE init, with in-sample MSE: 0.08753874591963727
Finished training EB misspecified, with SURE: 0.10398501768300257
Finished training EB misspecified, with in-sample MSE: 0.08753956448605678
Finished training EB wellspecified, with SURE: 0.04517906564274577
Finished training EB wellspecified, with in-sample MSE: 0.07552126035839613
m: 30
Finished solving NPMLE, with SURE 0.45069325880640293
Finished solving NPMLE, with in-sample MSE 0.06122646614731548
Finished solving parametric estimator, with SURE 0.07675623681992771
Finished solving parametric estimator, with in-sample MSE 0.05571047635859249
Finished solving EBCF, with in-sample MSE 0.013053386174015474
Finished training EB SURE-LS, with SURE: 0.03991183572037336
Finished training EB SURE-LS, with in-sample MSE: 0.008708770110272853
use_scale: True
use_location: False
Finished training EB misspecified with NPMLE init, with SURE: 0.06631155724789792
Finished training EB misspecified with NPMLE init, with in-sample MSE: 0.06525899032994749
Finished training EB misspecified, with SURE: 0.06631699515329956
Finished training EB misspecified, with in-sample MSE: 0.06526100304555721
Finished training EB wellspecified, with SURE: 0.0011497740606647366
Finished training EB wellspecified, with in-sample MSE: 0.051871902815065776
m: 31
Finished solving NPMLE, with SURE 0.8560111031243749
Finished solving NPMLE, with in-sample MSE 0.0810504312240095
Finished solving parametric estimator, with SURE 0.04891521698201201
Finished solving parametric estimator, with in-sample MSE 0.05092507111295268
Finished solving EBCF, with in-sample MSE 0.01789662785208645
Finished training EB SURE-LS, with SURE: -0.05393825787732647
Finished training EB SURE-LS, with in-sample MSE: 0.0057881911323610525
use_scale: True
use_location: False
Finished training EB misspecified with NPMLE init, with SURE: 0.037757181887516325
Finished training EB misspecified with NPMLE init, with in-sample MSE: 0.0466162241428845
Finished training EB misspecified, with SURE: 0.03775920847048155
Finished training EB misspecified, with in-sample MSE: 0.04661617126410376
Finished training EB wellspecified, with SURE: -0.08332350322551807
Finished training EB wellspecified, with in-sample MSE: 0.05382075799073535
m: 32
Finished solving NPMLE, with SURE 0.673753455772179
Finished solving NPMLE, with in-sample MSE 0.08531157054791434
Finished solving parametric estimator, with SURE 0.09063789784498627
Finished solving parametric estimator, with in-sample MSE 0.06263072198384392
Finished solving EBCF, with in-sample MSE 0.02294734492004475
Finished training EB SURE-LS, with SURE: 0.05150033635798611
Finished training EB SURE-LS, with in-sample MSE: 0.00798309641864675
use_scale: True
use_location: False
Finished training EB misspecified with NPMLE init, with SURE: 0.08529443928387175
Finished training EB misspecified with NPMLE init, with in-sample MSE: 0.05748066096640261
Finished training EB misspecified, with SURE: 0.08537798603625639
Finished training EB misspecified, with in-sample MSE: 0.05740223898920635
Finished training EB wellspecified, with SURE: -0.012457237716040511
Finished training EB wellspecified, with in-sample MSE: 0.11407383490771938
m: 33
Finished solving NPMLE, with SURE 0.6466849651830833
Finished solving NPMLE, with in-sample MSE 0.08601380861768686
Finished solving parametric estimator, with SURE -0.0007540177955469574
Finished solving parametric estimator, with in-sample MSE 0.0649047766657136
Finished solving EBCF, with in-sample MSE 0.003736786031309272
Finished training EB SURE-LS, with SURE: -0.056966097101456496
Finished training EB SURE-LS, with in-sample MSE: 0.0014034957686286963
use_scale: True
use_location: False
Finished training EB misspecified with NPMLE init, with SURE: -0.004813604222501056
Finished training EB misspecified with NPMLE init, with in-sample MSE: 0.064254089817377
Finished training EB misspecified, with SURE: -0.005826083364458014
Finished training EB misspecified, with in-sample MSE: 0.06961771572565847
Finished training EB wellspecified, with SURE: -0.07302431853689749
Finished training EB wellspecified, with in-sample MSE: 0.01548223974296868
m: 34
Finished solving NPMLE, with SURE 0.32902826686230013
Finished solving NPMLE, with in-sample MSE 0.07717634598866514
Finished solving parametric estimator, with SURE 0.05530309989377119
Finished solving parametric estimator, with in-sample MSE 0.05661025956545609
Finished solving EBCF, with in-sample MSE 0.011219972358637918
Finished training EB SURE-LS, with SURE: 0.008279811222023498
Finished training EB SURE-LS, with in-sample MSE: 0.0030782913367367656
use_scale: True
use_location: False
Finished training EB misspecified with NPMLE init, with SURE: 0.048592739578207256
Finished training EB misspecified with NPMLE init, with in-sample MSE: 0.05779153680360775
Finished training EB misspecified, with SURE: 0.04871604082389347
Finished training EB misspecified, with in-sample MSE: 0.056938077894787
Finished training EB wellspecified, with SURE: -0.002492088648538866
Finished training EB wellspecified, with in-sample MSE: 0.013291121204663638
m: 35
Finished solving NPMLE, with SURE 0.669474575092153
Finished solving NPMLE, with in-sample MSE 0.08308262248068608
Finished solving parametric estimator, with SURE 0.03709387659617569
Finished solving parametric estimator, with in-sample MSE 0.06068235874584764
Finished solving EBCF, with in-sample MSE 0.006275066731937372
Finished training EB SURE-LS, with SURE: -0.0029250009590844916
Finished training EB SURE-LS, with in-sample MSE: 0.005555146776205286
use_scale: True
use_location: False
Finished training EB misspecified with NPMLE init, with SURE: 0.02783368117186967
Finished training EB misspecified with NPMLE init, with in-sample MSE: 0.0730030754777526
Finished training EB misspecified, with SURE: 0.027843027278690827
Finished training EB misspecified, with in-sample MSE: 0.07314591086663884
Finished training EB wellspecified, with SURE: -0.015231301540709799
Finished training EB wellspecified, with in-sample MSE: 0.018507524153525415
m: 36
Finished solving NPMLE, with SURE 0.4643520951907243
Finished solving NPMLE, with in-sample MSE 0.08201717593791895
Finished solving parametric estimator, with SURE 0.06838678949952004
Finished solving parametric estimator, with in-sample MSE 0.06191726794597347
Finished solving EBCF, with in-sample MSE 0.026808432575131196
Finished training EB SURE-LS, with SURE: 0.026084610606116394
Finished training EB SURE-LS, with in-sample MSE: 0.011534943552401011
use_scale: True
use_location: False
Finished training EB misspecified with NPMLE init, with SURE: 0.0611311125843406
Finished training EB misspecified with NPMLE init, with in-sample MSE: 0.06699859775740952
Finished training EB misspecified, with SURE: 0.06115214740626151
Finished training EB misspecified, with in-sample MSE: 0.06696521143047506
Finished training EB wellspecified, with SURE: -0.0001916042061821477
Finished training EB wellspecified, with in-sample MSE: 0.039173489487366
m: 37
Finished solving NPMLE, with SURE 0.5345005176904257
Finished solving NPMLE, with in-sample MSE 0.07899820262764995
Finished solving parametric estimator, with SURE 0.08359428478342862
Finished solving parametric estimator, with in-sample MSE 0.05478901832562024
Finished solving EBCF, with in-sample MSE 0.006941618470230007
Finished training EB SURE-LS, with SURE: 0.037850317271407675
Finished training EB SURE-LS, with in-sample MSE: 0.0015539277160591795
use_scale: True
use_location: False
Finished training EB misspecified with NPMLE init, with SURE: 0.0749690947055811
Finished training EB misspecified with NPMLE init, with in-sample MSE: 0.05276258612806012
Finished training EB misspecified, with SURE: 0.07497031938434617
Finished training EB misspecified, with in-sample MSE: 0.052762593103946404
Finished training EB wellspecified, with SURE: 0.018906582852765943
Finished training EB wellspecified, with in-sample MSE: 0.03256793186208945
m: 38
Finished solving NPMLE, with SURE 0.8803902597089018
Finished solving NPMLE, with in-sample MSE 0.06792904565447049
Finished solving parametric estimator, with SURE 0.11592438420906387
Finished solving parametric estimator, with in-sample MSE 0.05689759210568142
Finished solving EBCF, with in-sample MSE 0.026930819281965373
Finished training EB SURE-LS, with SURE: 0.041706885455842536
Finished training EB SURE-LS, with in-sample MSE: 0.025170088527221565
use_scale: True
use_location: False
Finished training EB misspecified with NPMLE init, with SURE: 0.10210953258419224
Finished training EB misspecified with NPMLE init, with in-sample MSE: 0.0668613681409591
Finished training EB misspecified, with SURE: 0.10211311171419311
Finished training EB misspecified, with in-sample MSE: 0.06685799029725302
Finished training EB wellspecified, with SURE: -0.01998537988887415
Finished training EB wellspecified, with in-sample MSE: 0.08586649165087167
m: 39
Finished solving NPMLE, with SURE 0.8928567678273791
Finished solving NPMLE, with in-sample MSE 0.07608292537146923
Finished solving parametric estimator, with SURE 0.12411610872585505
Finished solving parametric estimator, with in-sample MSE 0.0615311163382701
Finished solving EBCF, with in-sample MSE 0.01693068175087669
Finished training EB SURE-LS, with SURE: 0.0689130867430848
Finished training EB SURE-LS, with in-sample MSE: 0.01328920887963736
use_scale: True
use_location: False
Finished training EB misspecified with NPMLE init, with SURE: 0.10362535263327181
Finished training EB misspecified with NPMLE init, with in-sample MSE: 0.09379143734376749
Finished training EB misspecified, with SURE: 0.11393989365218993
Finished training EB misspecified, with in-sample MSE: 0.06497838206174122
Finished training EB wellspecified, with SURE: 0.026195677697076074
Finished training EB wellspecified, with in-sample MSE: 0.06616293915298466
m: 40
Finished solving NPMLE, with SURE 0.7286106196303256
Finished solving NPMLE, with in-sample MSE 0.11270240061525896
Finished solving parametric estimator, with SURE 0.025953376331337707
Finished solving parametric estimator, with in-sample MSE 0.06642863294352729
Finished solving EBCF, with in-sample MSE 0.006607356442938026
Finished training EB SURE-LS, with SURE: -0.0421180632228436
Finished training EB SURE-LS, with in-sample MSE: 0.006018579256358959
use_scale: True
use_location: False
Finished training EB misspecified with NPMLE init, with SURE: 0.022424806093001237
Finished training EB misspecified with NPMLE init, with in-sample MSE: 0.059696194851216695
Finished training EB misspecified, with SURE: 0.022439974665472845
Finished training EB misspecified, with in-sample MSE: 0.059703957309915706
Finished training EB wellspecified, with SURE: -0.049167508538548246
Finished training EB wellspecified, with in-sample MSE: 0.009499572501145418
m: 41
Finished solving NPMLE, with SURE 0.4737897309115822
Finished solving NPMLE, with in-sample MSE 0.08345387993500615
Finished solving parametric estimator, with SURE -0.00021518397457664928
Finished solving parametric estimator, with in-sample MSE 0.06069024402731405
Finished solving EBCF, with in-sample MSE 0.004675822797145189
Finished training EB SURE-LS, with SURE: -0.041544549383061485
Finished training EB SURE-LS, with in-sample MSE: 0.0045048183539547985
use_scale: True
use_location: False
Finished training EB misspecified with NPMLE init, with SURE: -0.003791337637638108
Finished training EB misspecified with NPMLE init, with in-sample MSE: 0.05903519272306494
Finished training EB misspecified, with SURE: -0.0038042676127363253
Finished training EB misspecified, with in-sample MSE: 0.05907425045980666
Finished training EB wellspecified, with SURE: -0.05533986330420972
Finished training EB wellspecified, with in-sample MSE: 0.02709405330373449
m: 42
Finished solving NPMLE, with SURE 0.43174135499011784
Finished solving NPMLE, with in-sample MSE 0.07107916358422264
Finished solving parametric estimator, with SURE 0.008417268080390006
Finished solving parametric estimator, with in-sample MSE 0.05535295020465557
Finished solving EBCF, with in-sample MSE 0.014180022607247152
Finished training EB SURE-LS, with SURE: -0.06841225343376675
Finished training EB SURE-LS, with in-sample MSE: 0.004007502668431242
use_scale: True
use_location: False
Finished training EB misspecified with NPMLE init, with SURE: 0.0001417374317695419
Finished training EB misspecified with NPMLE init, with in-sample MSE: 0.0569985678264656
Finished training EB misspecified, with SURE: 0.00014720752771843593
Finished training EB misspecified, with in-sample MSE: 0.05700018809321606
Finished training EB wellspecified, with SURE: -0.08843136972698826
Finished training EB wellspecified, with in-sample MSE: 0.028173886931287338
m: 43
Finished solving NPMLE, with SURE 0.6356237530695137
Finished solving NPMLE, with in-sample MSE 0.07507686124697684
Finished solving parametric estimator, with SURE 0.105939900969577
Finished solving parametric estimator, with in-sample MSE 0.053584086486879005
Finished solving EBCF, with in-sample MSE 0.01708950539246504
Finished training EB SURE-LS, with SURE: 0.02348095449170955
Finished training EB SURE-LS, with in-sample MSE: 0.009283815640502246
use_scale: True
use_location: False
Finished training EB misspecified with NPMLE init, with SURE: 0.09835975468785563
Finished training EB misspecified with NPMLE init, with in-sample MSE: 0.05268629566810699
Finished training EB misspecified, with SURE: 0.09845479849336869
Finished training EB misspecified, with in-sample MSE: 0.052956791965593594
Finished training EB wellspecified, with SURE: 0.016231878045890245
Finished training EB wellspecified, with in-sample MSE: 0.023127711813427453
m: 44
Finished solving NPMLE, with SURE 0.8403528339973149
Finished solving NPMLE, with in-sample MSE 0.0774570555816386
Finished solving parametric estimator, with SURE 0.09888776574155178
Finished solving parametric estimator, with in-sample MSE 0.05920536683420697
Finished solving EBCF, with in-sample MSE 0.01988017675183794
Finished training EB SURE-LS, with SURE: 0.03772743900640059
Finished training EB SURE-LS, with in-sample MSE: 0.00437844029827508
use_scale: True
use_location: False
Finished training EB misspecified with NPMLE init, with SURE: 0.08673795416782695
Finished training EB misspecified with NPMLE init, with in-sample MSE: 0.0699396109068392
Finished training EB misspecified, with SURE: 0.08677310200761895
Finished training EB misspecified, with in-sample MSE: 0.06993311299612066
Finished training EB wellspecified, with SURE: 0.00019175456526189684
Finished training EB wellspecified, with in-sample MSE: 0.04642378518247539
m: 45
Finished solving NPMLE, with SURE 1.0914132425519782
Finished solving NPMLE, with in-sample MSE 0.08581450769833016
Finished solving parametric estimator, with SURE 0.04463391310105713
Finished solving parametric estimator, with in-sample MSE 0.05299203708364436
Finished solving EBCF, with in-sample MSE 0.015153612952292917
Finished training EB SURE-LS, with SURE: -0.03229704172000176
Finished training EB SURE-LS, with in-sample MSE: 0.0022443883252573865
use_scale: True
use_location: False
Finished training EB misspecified with NPMLE init, with SURE: 0.017349912097674718
Finished training EB misspecified with NPMLE init, with in-sample MSE: 0.09197374174704566
Finished training EB misspecified, with SURE: 0.03789799372081774
Finished training EB misspecified, with in-sample MSE: 0.05105792988778497
Finished training EB wellspecified, with SURE: -0.036193428096606764
Finished training EB wellspecified, with in-sample MSE: 0.002048930883989425
m: 46
Finished solving NPMLE, with SURE 0.9023490384412693
Finished solving NPMLE, with in-sample MSE 0.08939350294832518
Finished solving parametric estimator, with SURE 0.11524826336261568
Finished solving parametric estimator, with in-sample MSE 0.05846473066732903
Finished solving EBCF, with in-sample MSE 0.015287962143622014
Finished training EB SURE-LS, with SURE: 0.035888714125120035
Finished training EB SURE-LS, with in-sample MSE: 0.016993131004718273
use_scale: True
use_location: False
Finished training EB misspecified with NPMLE init, with SURE: 0.10146213251451962
Finished training EB misspecified with NPMLE init, with in-sample MSE: 0.05989040955004509
Finished training EB misspecified, with SURE: 0.10154707047095904
Finished training EB misspecified, with in-sample MSE: 0.05977468540981017
Finished training EB wellspecified, with SURE: 0.0285674021504593
Finished training EB wellspecified, with in-sample MSE: 0.041861869712602445
m: 47
Finished solving NPMLE, with SURE 1.189311399146591
Finished solving NPMLE, with in-sample MSE 0.11601416055914815
Finished solving parametric estimator, with SURE 0.1289793760553355
Finished solving parametric estimator, with in-sample MSE 0.05315239670261498
Finished solving EBCF, with in-sample MSE 0.030958406774740578
Finished training EB SURE-LS, with SURE: 0.04116439225664307
Finished training EB SURE-LS, with in-sample MSE: 0.023681343169364953
use_scale: True
use_location: False
Finished training EB misspecified with NPMLE init, with SURE: 0.07433650545929595
Finished training EB misspecified with NPMLE init, with in-sample MSE: 0.11040236453104466
Finished training EB misspecified, with SURE: 0.07433585358495073
Finished training EB misspecified, with in-sample MSE: 0.11049819189502239
Finished training EB wellspecified, with SURE: -0.014565050240499394
Finished training EB wellspecified, with in-sample MSE: 0.10922230383573307
m: 48
Finished solving NPMLE, with SURE 0.570444052253453
Finished solving NPMLE, with in-sample MSE 0.07789510466751963
Finished solving parametric estimator, with SURE 0.007598387380847227
Finished solving parametric estimator, with in-sample MSE 0.05896481107921549
Finished solving EBCF, with in-sample MSE 0.005650585009756291
Finished training EB SURE-LS, with SURE: -0.03462362046392105
Finished training EB SURE-LS, with in-sample MSE: 0.003964057348461306
use_scale: True
use_location: False
Finished training EB misspecified with NPMLE init, with SURE: 0.003495714010930726
Finished training EB misspecified with NPMLE init, with in-sample MSE: 0.05867192632778897
Finished training EB misspecified, with SURE: 0.0035053794455296838
Finished training EB misspecified, with in-sample MSE: 0.05873898447084513
Finished training EB wellspecified, with SURE: -0.04203568780455324
Finished training EB wellspecified, with in-sample MSE: 0.012310467019406164
m: 49
Finished solving NPMLE, with SURE 0.35861123180622867
Finished solving NPMLE, with in-sample MSE 0.07623936427091708
Finished solving parametric estimator, with SURE 0.04030967274978042
Finished solving parametric estimator, with in-sample MSE 0.05675935731931614
Finished solving EBCF, with in-sample MSE 0.015197062605009484
Finished training EB SURE-LS, with SURE: -0.02664233769671542
Finished training EB SURE-LS, with in-sample MSE: 0.0014520351594715388
use_scale: True
use_location: False
Finished training EB misspecified with NPMLE init, with SURE: 0.03566275826138735
Finished training EB misspecified with NPMLE init, with in-sample MSE: 0.05696180417042276
Finished training EB misspecified, with SURE: 0.0356639441932866
Finished training EB misspecified, with in-sample MSE: 0.05696105992809919
Finished training EB wellspecified, with SURE: -0.05313214400771604
Finished training EB wellspecified, with in-sample MSE: 0.02648015254985211

n: 800
m: 0
Finished solving NPMLE, with SURE 0.8036361896772317
Finished solving NPMLE, with in-sample MSE 0.07123613068097817
Finished solving parametric estimator, with SURE 0.058703738104489256
Finished solving parametric estimator, with in-sample MSE 0.055965800586605934
Finished solving EBCF, with in-sample MSE 0.009076613783383836
Finished training EB SURE-LS, with SURE: 0.01630828984363914
Finished training EB SURE-LS, with in-sample MSE: 0.002552064766344816
use_scale: True
use_location: False
Finished training EB misspecified with NPMLE init, with SURE: 0.05475936367859589
Finished training EB misspecified with NPMLE init, with in-sample MSE: 0.05677687816111818
Finished training EB misspecified, with SURE: 0.05479679973823025
Finished training EB misspecified, with in-sample MSE: 0.05678227044144529
Finished training EB wellspecified, with SURE: -0.0007079099453756554
Finished training EB wellspecified, with in-sample MSE: 0.02180612990196897
m: 1
Finished solving NPMLE, with SURE 0.8482061728300038
Finished solving NPMLE, with in-sample MSE 0.08787422609045338
Finished solving parametric estimator, with SURE 0.08755102735451692
Finished solving parametric estimator, with in-sample MSE 0.057505741891773085
Finished solving EBCF, with in-sample MSE 0.014440388109069396
Finished training EB SURE-LS, with SURE: 0.036874880651526463
Finished training EB SURE-LS, with in-sample MSE: 0.007855476170747796
use_scale: True
use_location: False
Finished training EB misspecified with NPMLE init, with SURE: 0.06440925718915494
Finished training EB misspecified with NPMLE init, with in-sample MSE: 0.07723302720168697
Finished training EB misspecified, with SURE: 0.06581856194148465
Finished training EB misspecified, with in-sample MSE: 0.0741135708493551
Finished training EB wellspecified, with SURE: 0.014296218881496603
Finished training EB wellspecified, with in-sample MSE: 0.048417916778189254
m: 2
Finished solving NPMLE, with SURE 0.7086734505313373
Finished solving NPMLE, with in-sample MSE 0.0770162364042454
Finished solving parametric estimator, with SURE 0.06893421439738612
Finished solving parametric estimator, with in-sample MSE 0.05217665443850135
Finished solving EBCF, with in-sample MSE 0.004440195954412585
Finished training EB SURE-LS, with SURE: -0.013924343744913805
Finished training EB SURE-LS, with in-sample MSE: 0.0035247455745006776
use_scale: True
use_location: False
Finished training EB misspecified with NPMLE init, with SURE: 0.06034660719978966
Finished training EB misspecified with NPMLE init, with in-sample MSE: 0.05218346725035119
Finished training EB misspecified, with SURE: 0.06039965100009312
Finished training EB misspecified, with in-sample MSE: 0.05215620201185816
Finished training EB wellspecified, with SURE: -0.020325944128390297
Finished training EB wellspecified, with in-sample MSE: 0.013125849242944687
m: 3
Finished solving NPMLE, with SURE 0.6242105786062305
Finished solving NPMLE, with in-sample MSE 0.07049248237152653
Finished solving parametric estimator, with SURE 0.08837673091473053
Finished solving parametric estimator, with in-sample MSE 0.05260040149467628
Finished solving EBCF, with in-sample MSE 0.009560153360296622
Finished training EB SURE-LS, with SURE: 0.033619102919668235
Finished training EB SURE-LS, with in-sample MSE: 0.0034090114719060646
use_scale: True
use_location: False
Finished training EB misspecified with NPMLE init, with SURE: 0.07987979086678167
Finished training EB misspecified with NPMLE init, with in-sample MSE: 0.057980723572447934
Finished training EB misspecified, with SURE: 0.08001523376786344
Finished training EB misspecified, with in-sample MSE: 0.05790480234807093
Finished training EB wellspecified, with SURE: 0.004173427793754055
Finished training EB wellspecified, with in-sample MSE: 0.05716690548169354
m: 4
Finished solving NPMLE, with SURE 0.5782901758222408
Finished solving NPMLE, with in-sample MSE 0.07353391747771446
Finished solving parametric estimator, with SURE 0.04358912717477281
Finished solving parametric estimator, with in-sample MSE 0.057753397203467484
Finished solving EBCF, with in-sample MSE 0.007716271788607601
Finished training EB SURE-LS, with SURE: 0.007531203902788233
Finished training EB SURE-LS, with in-sample MSE: 0.003995886227385992
use_scale: True
use_location: False
Finished training EB misspecified with NPMLE init, with SURE: 0.038387540244556886
Finished training EB misspecified with NPMLE init, with in-sample MSE: 0.056956598344779855
Finished training EB misspecified, with SURE: 0.038391647259744914
Finished training EB misspecified, with in-sample MSE: 0.056955911001958605
Finished training EB wellspecified, with SURE: 0.007235665229607236
Finished training EB wellspecified, with in-sample MSE: 0.005244964091805182
m: 5
Finished solving NPMLE, with SURE 1.0118930124132408
Finished solving NPMLE, with in-sample MSE 0.09219039600454443
Finished solving parametric estimator, with SURE 0.05124620387056755
Finished solving parametric estimator, with in-sample MSE 0.05842270366404348
Finished solving EBCF, with in-sample MSE 0.004372144524271894
Finished training EB SURE-LS, with SURE: -0.011648723561556827
Finished training EB SURE-LS, with in-sample MSE: 0.002126562297226908
use_scale: True
use_location: False
Finished training EB misspecified with NPMLE init, with SURE: 0.04142673528979664
Finished training EB misspecified with NPMLE init, with in-sample MSE: 0.0737188780296559
Finished training EB misspecified, with SURE: 0.04591484616468087
Finished training EB misspecified, with in-sample MSE: 0.055776441110105726
Finished training EB wellspecified, with SURE: -0.016116915095099774
Finished training EB wellspecified, with in-sample MSE: 0.008043263369421816
m: 6
Finished solving NPMLE, with SURE 0.5625153181621235
Finished solving NPMLE, with in-sample MSE 0.07546206393321472
Finished solving parametric estimator, with SURE 0.04756441243673426
Finished solving parametric estimator, with in-sample MSE 0.05365110937267144
Finished solving EBCF, with in-sample MSE 0.001931489535234079
Finished training EB SURE-LS, with SURE: -0.01197502935785917
Finished training EB SURE-LS, with in-sample MSE: 0.0010896401657530586
use_scale: True
use_location: False
Finished training EB misspecified with NPMLE init, with SURE: 0.04320942414113404
Finished training EB misspecified with NPMLE init, with in-sample MSE: 0.051763146821154876
Finished training EB misspecified, with SURE: 0.0432066180101814
Finished training EB misspecified, with in-sample MSE: 0.051779836658829466
Finished training EB wellspecified, with SURE: -0.017564858747220774
Finished training EB wellspecified, with in-sample MSE: 0.007264030930104866
m: 7
Finished solving NPMLE, with SURE 0.20039010785546282
Finished solving NPMLE, with in-sample MSE 0.09558701947499855
Finished solving parametric estimator, with SURE 0.05186367441551554
Finished solving parametric estimator, with in-sample MSE 0.0606396283518537
Finished solving EBCF, with in-sample MSE 0.009078732679652198
Finished training EB SURE-LS, with SURE: 0.010209957794760501
Finished training EB SURE-LS, with in-sample MSE: 0.007094071184048523
use_scale: True
use_location: False
Finished training EB misspecified with NPMLE init, with SURE: 0.04418624778417346
Finished training EB misspecified with NPMLE init, with in-sample MSE: 0.07402161368999209
Finished training EB misspecified, with SURE: 0.04419872960275754
Finished training EB misspecified, with in-sample MSE: 0.0739123233124254
Finished training EB wellspecified, with SURE: -0.031717480184363746
Finished training EB wellspecified, with in-sample MSE: 0.05224004926153333
m: 8
Finished solving NPMLE, with SURE 0.5702467559147228
Finished solving NPMLE, with in-sample MSE 0.07161441543298079
Finished solving parametric estimator, with SURE 0.037960968700240294
Finished solving parametric estimator, with in-sample MSE 0.05113835296927739
Finished solving EBCF, with in-sample MSE 0.0037342700868756274
Finished training EB SURE-LS, with SURE: -0.02065947524725404
Finished training EB SURE-LS, with in-sample MSE: 0.0013418154982362497
use_scale: True
use_location: False
Finished training EB misspecified with NPMLE init, with SURE: 0.03436616049161174
Finished training EB misspecified with NPMLE init, with in-sample MSE: 0.05006462114289265
Finished training EB misspecified, with SURE: 0.03436744346361159
Finished training EB misspecified, with in-sample MSE: 0.05006496824870124
Finished training EB wellspecified, with SURE: -0.02910971626090267
Finished training EB wellspecified, with in-sample MSE: 0.006481948606787039
m: 9
Finished solving NPMLE, with SURE 0.5791297246725471
Finished solving NPMLE, with in-sample MSE 0.07416452084195718
Finished solving parametric estimator, with SURE 0.039929063253316965
Finished solving parametric estimator, with in-sample MSE 0.054937717218538594
Finished solving EBCF, with in-sample MSE 0.0035781570619751136
Finished training EB SURE-LS, with SURE: -0.020230639505954297
Finished training EB SURE-LS, with in-sample MSE: 0.002494964675786028
use_scale: True
use_location: False
Finished training EB misspecified with NPMLE init, with SURE: 0.03571976985172462
Finished training EB misspecified with NPMLE init, with in-sample MSE: 0.05661368918831153
Finished training EB misspecified, with SURE: 0.035773931530818856
Finished training EB misspecified, with in-sample MSE: 0.05655232515784056
Finished training EB wellspecified, with SURE: -0.03118937935126982
Finished training EB wellspecified, with in-sample MSE: 0.01687579725210557
m: 10
Finished solving NPMLE, with SURE 0.6601392919750191
Finished solving NPMLE, with in-sample MSE 0.07098069520901565
Finished solving parametric estimator, with SURE 0.04674872773026145
Finished solving parametric estimator, with in-sample MSE 0.0545302624377725
Finished solving EBCF, with in-sample MSE 0.005670151055767232
Finished training EB SURE-LS, with SURE: -0.01276050449417983
Finished training EB SURE-LS, with in-sample MSE: 0.0020509756033878796
use_scale: True
use_location: False
Finished training EB misspecified with NPMLE init, with SURE: 0.03939358194452609
Finished training EB misspecified with NPMLE init, with in-sample MSE: 0.05630173139159726
Finished training EB misspecified, with SURE: 0.039397544497979664
Finished training EB misspecified, with in-sample MSE: 0.0563002815066054
Finished training EB wellspecified, with SURE: -0.030495572353920166
Finished training EB wellspecified, with in-sample MSE: 0.017058354231235803
m: 11
Finished solving NPMLE, with SURE 0.7659834302284372
Finished solving NPMLE, with in-sample MSE 0.07564369028494855
Finished solving parametric estimator, with SURE 0.08255938390043582
Finished solving parametric estimator, with in-sample MSE 0.055660405771282374
Finished solving EBCF, with in-sample MSE 0.007861328737208757
Finished training EB SURE-LS, with SURE: 0.03617382829964092
Finished training EB SURE-LS, with in-sample MSE: 0.003175561323831303
use_scale: True
use_location: False
Finished training EB misspecified with NPMLE init, with SURE: 0.07453705056085688
Finished training EB misspecified with NPMLE init, with in-sample MSE: 0.060686653025577526
Finished training EB misspecified, with SURE: 0.07455991343382103
Finished training EB misspecified, with in-sample MSE: 0.06065374790062771
Finished training EB wellspecified, with SURE: 0.02858192567754534
Finished training EB wellspecified, with in-sample MSE: 0.013306301195527672
m: 12
Finished solving NPMLE, with SURE 0.7162837818082366
Finished solving NPMLE, with in-sample MSE 0.07803230037466652
Finished solving parametric estimator, with SURE 0.0491895838162148
Finished solving parametric estimator, with in-sample MSE 0.05611933675467109
Finished solving EBCF, with in-sample MSE 0.0017240403120954042
Finished training EB SURE-LS, with SURE: -0.008834062993433464
Finished training EB SURE-LS, with in-sample MSE: 0.0001353779560398933
use_scale: True
use_location: False
Finished training EB misspecified with NPMLE init, with SURE: 0.04648686144512723
Finished training EB misspecified with NPMLE init, with in-sample MSE: 0.05388314751348075
Finished training EB misspecified, with SURE: 0.04647732456728761
Finished training EB misspecified, with in-sample MSE: 0.05386344383396535
Finished training EB wellspecified, with SURE: -0.009519776539938036
Finished training EB wellspecified, with in-sample MSE: 0.0005015319328642753
m: 13
Finished solving NPMLE, with SURE 0.5582533657210388
Finished solving NPMLE, with in-sample MSE 0.07763314717249967
Finished solving parametric estimator, with SURE 0.052704180489056174
Finished solving parametric estimator, with in-sample MSE 0.053285269266612235
Finished solving EBCF, with in-sample MSE 0.004286815364163758
Finished training EB SURE-LS, with SURE: -0.013146212510065479
Finished training EB SURE-LS, with in-sample MSE: 0.002197278130333148
use_scale: True
use_location: False
Finished training EB misspecified with NPMLE init, with SURE: 0.048178394301950506
Finished training EB misspecified with NPMLE init, with in-sample MSE: 0.05021593432561424
Finished training EB misspecified, with SURE: 0.04818027997276133
Finished training EB misspecified, with in-sample MSE: 0.05021618348807023
Finished training EB wellspecified, with SURE: -0.016055814016638355
Finished training EB wellspecified, with in-sample MSE: 0.004837036789710553
m: 14
Finished solving NPMLE, with SURE 0.8762012956158547
Finished solving NPMLE, with in-sample MSE 0.07018161148242093
Finished solving parametric estimator, with SURE 0.0470357959827607
Finished solving parametric estimator, with in-sample MSE 0.05316502805057663
Finished solving EBCF, with in-sample MSE 0.006894657220366302
Finished training EB SURE-LS, with SURE: -0.02606063482627298
Finished training EB SURE-LS, with in-sample MSE: 0.0039304853746797595
use_scale: True
use_location: False
Finished training EB misspecified with NPMLE init, with SURE: 0.04264186655064215
Finished training EB misspecified with NPMLE init, with in-sample MSE: 0.05408109796908457
Finished training EB misspecified, with SURE: 0.04267338888368933
Finished training EB misspecified, with in-sample MSE: 0.05407144964732002
Finished training EB wellspecified, with SURE: -0.03392007023534025
Finished training EB wellspecified, with in-sample MSE: 0.007851592682436296
m: 15
Finished solving NPMLE, with SURE 0.8909216459882552
Finished solving NPMLE, with in-sample MSE 0.07759489244054713
Finished solving parametric estimator, with SURE 0.08938273699861327
Finished solving parametric estimator, with in-sample MSE 0.0597512394539145
Finished solving EBCF, with in-sample MSE 0.004063317047548374
Finished training EB SURE-LS, with SURE: 0.038890600146117955
Finished training EB SURE-LS, with in-sample MSE: 0.0013135801661925508
use_scale: True
use_location: False
Finished training EB misspecified with NPMLE init, with SURE: 0.07882558689294875
Finished training EB misspecified with NPMLE init, with in-sample MSE: 0.06172148489423935
Finished training EB misspecified, with SURE: 0.07885692378871653
Finished training EB misspecified, with in-sample MSE: 0.0616979504556129
Finished training EB wellspecified, with SURE: 0.019927676530660788
Finished training EB wellspecified, with in-sample MSE: 0.017985463033922938
m: 16
Finished solving NPMLE, with SURE 1.1353055711112237
Finished solving NPMLE, with in-sample MSE 0.09307869848612288
Finished solving parametric estimator, with SURE 0.051972026126688164
Finished solving parametric estimator, with in-sample MSE 0.0613435536369289
Finished solving EBCF, with in-sample MSE 0.0033723075828110266
Finished training EB SURE-LS, with SURE: -0.002710512918127508
Finished training EB SURE-LS, with in-sample MSE: 0.0019831371314772235
use_scale: True
use_location: False
Finished training EB misspecified with NPMLE init, with SURE: 0.04749165880335184
Finished training EB misspecified with NPMLE init, with in-sample MSE: 0.05670026248307682
Finished training EB misspecified, with SURE: 0.047479681392859734
Finished training EB misspecified, with in-sample MSE: 0.05670442251602711
Finished training EB wellspecified, with SURE: -0.00024227782490943373
Finished training EB wellspecified, with in-sample MSE: 0.0012343764855550314
m: 17
Finished solving NPMLE, with SURE 0.5473857021460123
Finished solving NPMLE, with in-sample MSE 0.07232884978474613
Finished solving parametric estimator, with SURE 0.05960626947043074
Finished solving parametric estimator, with in-sample MSE 0.05542759592140855
Finished solving EBCF, with in-sample MSE 0.0035997132837965852
Finished training EB SURE-LS, with SURE: 0.016774141531017632
Finished training EB SURE-LS, with in-sample MSE: 0.0016262457757936053
use_scale: True
use_location: False
Finished training EB misspecified with NPMLE init, with SURE: 0.05538058469787416
Finished training EB misspecified with NPMLE init, with in-sample MSE: 0.053925565775557766
Finished training EB misspecified, with SURE: 0.05538056989921401
Finished training EB misspecified, with in-sample MSE: 0.05393008031442885
Finished training EB wellspecified, with SURE: 0.0011330226122956166
Finished training EB wellspecified, with in-sample MSE: 0.033699357729360085
m: 18
Finished solving NPMLE, with SURE 0.6272202619729963
Finished solving NPMLE, with in-sample MSE 0.06463957400251517
Finished solving parametric estimator, with SURE 0.07964012141573062
Finished solving parametric estimator, with in-sample MSE 0.05229254906410327
Finished solving EBCF, with in-sample MSE 0.00783529911895406
Finished training EB SURE-LS, with SURE: 0.007856078986096878
Finished training EB SURE-LS, with in-sample MSE: 0.0039277431319354
use_scale: True
use_location: False
Finished training EB misspecified with NPMLE init, with SURE: 0.07351197266208942
Finished training EB misspecified with NPMLE init, with in-sample MSE: 0.05357434446751223
Finished training EB misspecified, with SURE: 0.0735150161491292
Finished training EB misspecified, with in-sample MSE: 0.053573357408840235
Finished training EB wellspecified, with SURE: 0.0015376559677777268
Finished training EB wellspecified, with in-sample MSE: 0.009942354191414392
m: 19
Finished solving NPMLE, with SURE 0.4198002534215707
Finished solving NPMLE, with in-sample MSE 0.08409122657867024
Finished solving parametric estimator, with SURE 0.0069839186676062814
Finished solving parametric estimator, with in-sample MSE 0.05948260623435393
Finished solving EBCF, with in-sample MSE 0.009365871560198375
Finished training EB SURE-LS, with SURE: -0.04737778581979269
Finished training EB SURE-LS, with in-sample MSE: 0.0016674443693768324
use_scale: True
use_location: False
Finished training EB misspecified with NPMLE init, with SURE: 0.0025611468936133264
Finished training EB misspecified with NPMLE init, with in-sample MSE: 0.0591817230628036
Finished training EB misspecified, with SURE: 0.002662503810350145
Finished training EB misspecified, with in-sample MSE: 0.05825289469324761
Finished training EB wellspecified, with SURE: -0.06738662325795487
Finished training EB wellspecified, with in-sample MSE: 0.02597202831162358
m: 20
Finished solving NPMLE, with SURE 0.5190024506227019
Finished solving NPMLE, with in-sample MSE 0.0767636675848476
Finished solving parametric estimator, with SURE 0.05519096167782933
Finished solving parametric estimator, with in-sample MSE 0.05564622691686388
Finished solving EBCF, with in-sample MSE 0.003322048932858146
Finished training EB SURE-LS, with SURE: 0.0015496026834836375
Finished training EB SURE-LS, with in-sample MSE: 0.0007992429023919049
use_scale: True
use_location: False
Finished training EB misspecified with NPMLE init, with SURE: 0.046028354901900596
Finished training EB misspecified with NPMLE init, with in-sample MSE: 0.0615919486516194
Finished training EB misspecified, with SURE: 0.0460727968062713
Finished training EB misspecified, with in-sample MSE: 0.061493943607145496
Finished training EB wellspecified, with SURE: -0.022681266116446563
Finished training EB wellspecified, with in-sample MSE: 0.0316773216862203
m: 21
Finished solving NPMLE, with SURE 0.7065553746424772
Finished solving NPMLE, with in-sample MSE 0.07314362294286803
Finished solving parametric estimator, with SURE 0.07545748616673187
Finished solving parametric estimator, with in-sample MSE 0.056431284591976924
Finished solving EBCF, with in-sample MSE 0.0037338555690712267
Finished training EB SURE-LS, with SURE: 0.016892363130361722
Finished training EB SURE-LS, with in-sample MSE: 0.0017158001620220052
use_scale: True
use_location: False
Finished training EB misspecified with NPMLE init, with SURE: 0.07054032401081571
Finished training EB misspecified with NPMLE init, with in-sample MSE: 0.056316572932714866
Finished training EB misspecified, with SURE: 0.07089110306377017
Finished training EB misspecified, with in-sample MSE: 0.05595216136528725
Finished training EB wellspecified, with SURE: -0.0034148967323643542
Finished training EB wellspecified, with in-sample MSE: 0.03453878266578514
m: 22
Finished solving NPMLE, with SURE 1.0302361476140525
Finished solving NPMLE, with in-sample MSE 0.07509101251630805
Finished solving parametric estimator, with SURE 0.09819874379389731
Finished solving parametric estimator, with in-sample MSE 0.05318968361632054
Finished solving EBCF, with in-sample MSE 0.013141796504167589
Finished training EB SURE-LS, with SURE: 0.03635112433217606
Finished training EB SURE-LS, with in-sample MSE: 0.009206229274622505
use_scale: True
use_location: False
Finished training EB misspecified with NPMLE init, with SURE: 0.08532846254304871
Finished training EB misspecified with NPMLE init, with in-sample MSE: 0.06461172840598453
Finished training EB misspecified, with SURE: 0.08999125435192226
Finished training EB misspecified, with in-sample MSE: 0.0556694969030103
Finished training EB wellspecified, with SURE: 0.013824368295461312
Finished training EB wellspecified, with in-sample MSE: 0.03639853200130476
m: 23
Finished solving NPMLE, with SURE 0.4036775067398261
Finished solving NPMLE, with in-sample MSE 0.06423516730048898
Finished solving parametric estimator, with SURE 0.08127517422652608
Finished solving parametric estimator, with in-sample MSE 0.052582784515907484
Finished solving EBCF, with in-sample MSE 0.006557145789825772
Finished training EB SURE-LS, with SURE: 0.016160396116576683
Finished training EB SURE-LS, with in-sample MSE: 0.004155446262103254
use_scale: True
use_location: False
Finished training EB misspecified with NPMLE init, with SURE: 0.07583519685813883
Finished training EB misspecified with NPMLE init, with in-sample MSE: 0.05682356763219332
Finished training EB misspecified, with SURE: 0.07588417214054247
Finished training EB misspecified, with in-sample MSE: 0.05667805528826766
Finished training EB wellspecified, with SURE: -0.007754527335974579
Finished training EB wellspecified, with in-sample MSE: 0.03395620992262627
m: 24
Finished solving NPMLE, with SURE 1.1014544112889952
Finished solving NPMLE, with in-sample MSE 0.07818903677828297
Finished solving parametric estimator, with SURE 0.0651900875863351
Finished solving parametric estimator, with in-sample MSE 0.05145983512528395
Finished solving EBCF, with in-sample MSE 0.005957299426765756
Finished training EB SURE-LS, with SURE: -0.02221072667819484
Finished training EB SURE-LS, with in-sample MSE: 0.006249716521760696
use_scale: True
use_location: False
Finished training EB misspecified with NPMLE init, with SURE: 0.05783174168598997
Finished training EB misspecified with NPMLE init, with in-sample MSE: 0.05831218899766315
Finished training EB misspecified, with SURE: 0.06059640315089539
Finished training EB misspecified, with in-sample MSE: 0.05141488792615906
Finished training EB wellspecified, with SURE: -0.0240504077174321
Finished training EB wellspecified, with in-sample MSE: 0.011515895081460894
m: 25
Finished solving NPMLE, with SURE 0.564517541004192
Finished solving NPMLE, with in-sample MSE 0.08038730998537848
Finished solving parametric estimator, with SURE 0.05576738536734693
Finished solving parametric estimator, with in-sample MSE 0.055707815960259977
Finished solving EBCF, with in-sample MSE 0.010251221001005329
Finished training EB SURE-LS, with SURE: -0.009468510454221247
Finished training EB SURE-LS, with in-sample MSE: 0.0015374084291451537
use_scale: True
use_location: False
Finished training EB misspecified with NPMLE init, with SURE: 0.05202494621530292
Finished training EB misspecified with NPMLE init, with in-sample MSE: 0.05281045049308668
Finished training EB misspecified, with SURE: 0.052090293873865434
Finished training EB misspecified, with in-sample MSE: 0.05280644709688809
Finished training EB wellspecified, with SURE: -0.024844737673168783
Finished training EB wellspecified, with in-sample MSE: 0.017659687374891125
m: 26
Finished solving NPMLE, with SURE 0.597724631159491
Finished solving NPMLE, with in-sample MSE 0.0847224260216179
Finished solving parametric estimator, with SURE 0.1295296323703375
Finished solving parametric estimator, with in-sample MSE 0.06732517545443888
Finished solving EBCF, with in-sample MSE 0.02047521089304844
Finished training EB SURE-LS, with SURE: 0.07002218266283883
Finished training EB SURE-LS, with in-sample MSE: 0.018005517427051733
use_scale: True
use_location: False
Finished training EB misspecified with NPMLE init, with SURE: 0.1211064049665196
Finished training EB misspecified with NPMLE init, with in-sample MSE: 0.06952097330159863
Finished training EB misspecified, with SURE: 0.12114921328034037
Finished training EB misspecified, with in-sample MSE: 0.06944545255047235
Finished training EB wellspecified, with SURE: 0.0665688716745775
Finished training EB wellspecified, with in-sample MSE: 0.024303588532792544
m: 27
Finished solving NPMLE, with SURE 0.5318884559086114
Finished solving NPMLE, with in-sample MSE 0.0760811033215474
Finished solving parametric estimator, with SURE 0.08561296035003552
Finished solving parametric estimator, with in-sample MSE 0.06066389458220798
Finished solving EBCF, with in-sample MSE 0.015770360500859244
Finished training EB SURE-LS, with SURE: 0.03580402516227136
Finished training EB SURE-LS, with in-sample MSE: 0.012332857482912945
use_scale: True
use_location: False
Finished training EB misspecified with NPMLE init, with SURE: 0.08204144094283279
Finished training EB misspecified with NPMLE init, with in-sample MSE: 0.059522799807856776
Finished training EB misspecified, with SURE: 0.08204085994523438
Finished training EB misspecified, with in-sample MSE: 0.059524321579777134
Finished training EB wellspecified, with SURE: 0.035029363348124204
Finished training EB wellspecified, with in-sample MSE: 0.016901076667582088
m: 28
Finished solving NPMLE, with SURE 0.5437524322279432
Finished solving NPMLE, with in-sample MSE 0.09834398200716443
Finished solving parametric estimator, with SURE 0.05731324036909452
Finished solving parametric estimator, with in-sample MSE 0.0626673407618934
Finished solving EBCF, with in-sample MSE 0.008796387957772062
Finished training EB SURE-LS, with SURE: 0.007825606026927164
Finished training EB SURE-LS, with in-sample MSE: 0.006643027978467348
use_scale: True
use_location: False
Finished training EB misspecified with NPMLE init, with SURE: 0.051849759715684486
Finished training EB misspecified with NPMLE init, with in-sample MSE: 0.05894948792204326
Finished training EB misspecified, with SURE: 0.051881392252179664
Finished training EB misspecified, with in-sample MSE: 0.05891340454519435
Finished training EB wellspecified, with SURE: -0.005043754473161322
Finished training EB wellspecified, with in-sample MSE: 0.021015075224811604
m: 29
Finished solving NPMLE, with SURE 0.609228774282671
Finished solving NPMLE, with in-sample MSE 0.09346922681669806
Finished solving parametric estimator, with SURE 0.03612589266721222
Finished solving parametric estimator, with in-sample MSE 0.05668305701482927
Finished solving EBCF, with in-sample MSE 0.006318722785974231
Finished training EB SURE-LS, with SURE: -0.03047480079410844
Finished training EB SURE-LS, with in-sample MSE: 0.0032340526567955856
use_scale: True
use_location: False
Finished training EB misspecified with NPMLE init, with SURE: 0.03252301950036213
Finished training EB misspecified with NPMLE init, with in-sample MSE: 0.05530033591632944
Finished training EB misspecified, with SURE: 0.03370752944702254
Finished training EB misspecified, with in-sample MSE: 0.05217748244339933
Finished training EB wellspecified, with SURE: -0.059780490719658776
Finished training EB wellspecified, with in-sample MSE: 0.03901807634725932
m: 30
Finished solving NPMLE, with SURE 0.9193395136770787
Finished solving NPMLE, with in-sample MSE 0.07774892474076353
Finished solving parametric estimator, with SURE 0.07962580208126158
Finished solving parametric estimator, with in-sample MSE 0.0558708506220551
Finished solving EBCF, with in-sample MSE 0.006398297202487337
Finished training EB SURE-LS, with SURE: 0.018060697178930784
Finished training EB SURE-LS, with in-sample MSE: 0.004861950645800711
use_scale: True
use_location: False
Finished training EB misspecified with NPMLE init, with SURE: 0.06988436535909273
Finished training EB misspecified with NPMLE init, with in-sample MSE: 0.06626115346543092
Finished training EB misspecified, with SURE: 0.07002490992706797
Finished training EB misspecified, with in-sample MSE: 0.06604619688244719
Finished training EB wellspecified, with SURE: 0.0022612765160615845
Finished training EB wellspecified, with in-sample MSE: 0.0274563831279371
m: 31
Finished solving NPMLE, with SURE 0.6638967363978494
Finished solving NPMLE, with in-sample MSE 0.07171038408593625
Finished solving parametric estimator, with SURE 0.033689207768720586
Finished solving parametric estimator, with in-sample MSE 0.053178407548034025
Finished solving EBCF, with in-sample MSE 0.0031274870515093705
Finished training EB SURE-LS, with SURE: -0.02532812975007159
Finished training EB SURE-LS, with in-sample MSE: 0.001272209516140327
use_scale: True
use_location: False
Finished training EB misspecified with NPMLE init, with SURE: 0.03101131014085439
Finished training EB misspecified with NPMLE init, with in-sample MSE: 0.05339614526296291
Finished training EB misspecified, with SURE: 0.031061778986753268
Finished training EB misspecified, with in-sample MSE: 0.05337563296962525
Finished training EB wellspecified, with SURE: -0.0372694457102709
Finished training EB wellspecified, with in-sample MSE: 0.012339597818610859
m: 32
Finished solving NPMLE, with SURE 0.49690236339376914
Finished solving NPMLE, with in-sample MSE 0.07812827472191153
Finished solving parametric estimator, with SURE 0.06348621314127567
Finished solving parametric estimator, with in-sample MSE 0.0577199435888117
Finished solving EBCF, with in-sample MSE 0.020310490614894185
Finished training EB SURE-LS, with SURE: 0.016614733152336903
Finished training EB SURE-LS, with in-sample MSE: 0.005027528291594407
use_scale: True
use_location: False
Finished training EB misspecified with NPMLE init, with SURE: 0.05977700359471293
Finished training EB misspecified with NPMLE init, with in-sample MSE: 0.057364166902770394
Finished training EB misspecified, with SURE: 0.05956382545473019
Finished training EB misspecified, with in-sample MSE: 0.05846634077118761
Finished training EB wellspecified, with SURE: -0.009886159084231435
Finished training EB wellspecified, with in-sample MSE: 0.04007808567286356
m: 33
Finished solving NPMLE, with SURE 0.6390067678902243
Finished solving NPMLE, with in-sample MSE 0.0819893639260619
Finished solving parametric estimator, with SURE -0.016608100776005774
Finished solving parametric estimator, with in-sample MSE 0.059625250023900095
Finished solving EBCF, with in-sample MSE 0.0017076809435881354
Finished training EB SURE-LS, with SURE: -0.067967001905335
Finished training EB SURE-LS, with in-sample MSE: 0.001419363617893315
use_scale: True
use_location: False
Finished training EB misspecified with NPMLE init, with SURE: -0.02012162864106941
Finished training EB misspecified with NPMLE init, with in-sample MSE: 0.06128056217483092
Finished training EB misspecified, with SURE: -0.020155010523278206
Finished training EB misspecified, with in-sample MSE: 0.06099207707002487
Finished training EB wellspecified, with SURE: -0.06937686773653655
Finished training EB wellspecified, with in-sample MSE: 0.002792715683127019
m: 34
Finished solving NPMLE, with SURE 0.4419077275433837
Finished solving NPMLE, with in-sample MSE 0.07517136663520492
Finished solving parametric estimator, with SURE 0.015203903119483109
Finished solving parametric estimator, with in-sample MSE 0.054247787695244486
Finished solving EBCF, with in-sample MSE 0.0015763172192579098
Finished training EB SURE-LS, with SURE: -0.0523966201100485
Finished training EB SURE-LS, with in-sample MSE: 0.0003947741999469003
use_scale: True
use_location: False
Finished training EB misspecified with NPMLE init, with SURE: 0.012203781299814125
Finished training EB misspecified with NPMLE init, with in-sample MSE: 0.05277597786686971
Finished training EB misspecified, with SURE: 0.012206382529784178
Finished training EB misspecified, with in-sample MSE: 0.052775911088592704
Finished training EB wellspecified, with SURE: -0.05628491296265065
Finished training EB wellspecified, with in-sample MSE: 0.006936426448882816
m: 35
Finished solving NPMLE, with SURE 0.5396273924914324
Finished solving NPMLE, with in-sample MSE 0.08553000073843005
Finished solving parametric estimator, with SURE 0.012317306148283858
Finished solving parametric estimator, with in-sample MSE 0.0588935167934825
Finished solving EBCF, with in-sample MSE 0.016044479942321766
Finished training EB SURE-LS, with SURE: -0.04257312535707607
Finished training EB SURE-LS, with in-sample MSE: 0.0015524615792061114
use_scale: True
use_location: False
Finished training EB misspecified with NPMLE init, with SURE: 0.0077167271745343415
Finished training EB misspecified with NPMLE init, with in-sample MSE: 0.05696090157427422
Finished training EB misspecified, with SURE: 0.00769897560397844
Finished training EB misspecified, with in-sample MSE: 0.05690664934507329
Finished training EB wellspecified, with SURE: -0.057855594906297374
Finished training EB wellspecified, with in-sample MSE: 0.017956601755970178
m: 36
Finished solving NPMLE, with SURE 0.5781710429370659
Finished solving NPMLE, with in-sample MSE 0.08134511307120264
Finished solving parametric estimator, with SURE 0.08940312577098225
Finished solving parametric estimator, with in-sample MSE 0.057526943787763865
Finished solving EBCF, with in-sample MSE 0.006517414354312795
Finished training EB SURE-LS, with SURE: 0.02818601063613071
Finished training EB SURE-LS, with in-sample MSE: 0.002558838394648239
use_scale: True
use_location: False
Finished training EB misspecified with NPMLE init, with SURE: 0.08462129534564233
Finished training EB misspecified with NPMLE init, with in-sample MSE: 0.056021133887321176
Finished training EB misspecified, with SURE: 0.08462253626985622
Finished training EB misspecified, with in-sample MSE: 0.05602195124233483
Finished training EB wellspecified, with SURE: 0.014462879545518552
Finished training EB wellspecified, with in-sample MSE: 0.018728041561278882
m: 37
Finished solving NPMLE, with SURE 0.5130527588946344
Finished solving NPMLE, with in-sample MSE 0.07301127758289566
Finished solving parametric estimator, with SURE 0.0164065588178256
Finished solving parametric estimator, with in-sample MSE 0.05687867428268348
Finished solving EBCF, with in-sample MSE 0.0059857717255202515
Finished training EB SURE-LS, with SURE: -0.04141257537540682
Finished training EB SURE-LS, with in-sample MSE: 0.001806505347813471
use_scale: True
use_location: False
Finished training EB misspecified with NPMLE init, with SURE: 0.014181186695937384
Finished training EB misspecified with NPMLE init, with in-sample MSE: 0.057041083289608246
Finished training EB misspecified, with SURE: 0.014300891843791278
Finished training EB misspecified, with in-sample MSE: 0.05698142381853923
Finished training EB wellspecified, with SURE: -0.05041010402347484
Finished training EB wellspecified, with in-sample MSE: 0.012105730541751864
m: 38
Finished solving NPMLE, with SURE 0.5114460900323913
Finished solving NPMLE, with in-sample MSE 0.07414401055511087
Finished solving parametric estimator, with SURE 0.08315690576898599
Finished solving parametric estimator, with in-sample MSE 0.05377749693955331
Finished solving EBCF, with in-sample MSE 0.008039123698091318
Finished training EB SURE-LS, with SURE: 0.023259092085014352
Finished training EB SURE-LS, with in-sample MSE: 0.004324334824775425
use_scale: True
use_location: False
Finished training EB misspecified with NPMLE init, with SURE: 0.07536182662116957
Finished training EB misspecified with NPMLE init, with in-sample MSE: 0.056821702310608006
Finished training EB misspecified, with SURE: 0.07535773909158301
Finished training EB misspecified, with in-sample MSE: 0.056825090123531694
Finished training EB wellspecified, with SURE: -0.008745197776092515
Finished training EB wellspecified, with in-sample MSE: 0.04113068335138653
m: 39
Finished solving NPMLE, with SURE 0.6326666194607317
Finished solving NPMLE, with in-sample MSE 0.07005466593631528
Finished solving parametric estimator, with SURE 0.10161536692655743
Finished solving parametric estimator, with in-sample MSE 0.05595807103794996
Finished solving EBCF, with in-sample MSE 0.008234548683396395
Finished training EB SURE-LS, with SURE: 0.045479891083900555
Finished training EB SURE-LS, with in-sample MSE: 0.0026797218406661104
use_scale: True
use_location: False
Finished training EB misspecified with NPMLE init, with SURE: 0.09179172871340527
Finished training EB misspecified with NPMLE init, with in-sample MSE: 0.06073704282311886
Finished training EB misspecified, with SURE: 0.09178254208135499
Finished training EB misspecified, with in-sample MSE: 0.06076544249896435
Finished training EB wellspecified, with SURE: 0.016926888930647796
Finished training EB wellspecified, with in-sample MSE: 0.030076214172871953
m: 40
Finished solving NPMLE, with SURE 0.8054546915355977
Finished solving NPMLE, with in-sample MSE 0.08354572620329616
Finished solving parametric estimator, with SURE 0.055321894174851505
Finished solving parametric estimator, with in-sample MSE 0.05767611748879112
Finished solving EBCF, with in-sample MSE 0.0040406222057810005
Finished training EB SURE-LS, with SURE: 0.004741935852881589
Finished training EB SURE-LS, with in-sample MSE: 0.000745389376375263
use_scale: True
use_location: False
Finished training EB misspecified with NPMLE init, with SURE: 0.045620139563993974
Finished training EB misspecified with NPMLE init, with in-sample MSE: 0.06502633193466713
Finished training EB misspecified, with SURE: 0.045689437058819636
Finished training EB misspecified, with in-sample MSE: 0.06497207420589268
Finished training EB wellspecified, with SURE: -0.011358122904042017
Finished training EB wellspecified, with in-sample MSE: 0.03377761264279029
m: 41
Finished solving NPMLE, with SURE 0.5602333572772018
Finished solving NPMLE, with in-sample MSE 0.07974479348857057
Finished solving parametric estimator, with SURE 0.07853731917286477
Finished solving parametric estimator, with in-sample MSE 0.05466698505712718
Finished solving EBCF, with in-sample MSE 0.005422290683359669
Finished training EB SURE-LS, with SURE: 0.014424189864163463
Finished training EB SURE-LS, with in-sample MSE: 0.0013523969064276025
use_scale: True
use_location: False
Finished training EB misspecified with NPMLE init, with SURE: 0.06629444810065664
Finished training EB misspecified with NPMLE init, with in-sample MSE: 0.06527856719834871
Finished training EB misspecified, with SURE: 0.07282389604711022
Finished training EB misspecified, with in-sample MSE: 0.05556781595555984
Finished training EB wellspecified, with SURE: -0.00026562114189713435
Finished training EB wellspecified, with in-sample MSE: 0.021886224725584956
m: 42
Finished solving NPMLE, with SURE 0.516283903938428
Finished solving NPMLE, with in-sample MSE 0.07923464494895807
Finished solving parametric estimator, with SURE 0.049309887069216685
Finished solving parametric estimator, with in-sample MSE 0.053502099247456796
Finished solving EBCF, with in-sample MSE 0.004104659642281986
Finished training EB SURE-LS, with SURE: -0.036944034265806946
Finished training EB SURE-LS, with in-sample MSE: 0.0034831961696822717
use_scale: True
use_location: False
Finished training EB misspecified with NPMLE init, with SURE: 0.04409366018401599
Finished training EB misspecified with NPMLE init, with in-sample MSE: 0.051666312151056513
Finished training EB misspecified, with SURE: 0.044088166312615584
Finished training EB misspecified, with in-sample MSE: 0.05166752737531755
Finished training EB wellspecified, with SURE: -0.03849177852057175
Finished training EB wellspecified, with in-sample MSE: 0.004796069438816982
m: 43
Finished solving NPMLE, with SURE 1.002233936747081
Finished solving NPMLE, with in-sample MSE 0.10691948382971325
Finished solving parametric estimator, with SURE 0.06061500296389838
Finished solving parametric estimator, with in-sample MSE 0.056702371865500825
Finished solving EBCF, with in-sample MSE 0.005858922409699466
Finished training EB SURE-LS, with SURE: 0.0030285658612625934
Finished training EB SURE-LS, with in-sample MSE: 0.0010732989654426192
use_scale: True
use_location: False
Finished training EB misspecified with NPMLE init, with SURE: 0.03251124758169695
Finished training EB misspecified with NPMLE init, with in-sample MSE: 0.07798018651489116
Finished training EB misspecified, with SURE: 0.052664834741757004
Finished training EB misspecified, with in-sample MSE: 0.054652063450780795
Finished training EB wellspecified, with SURE: 0.0019490938156530558
Finished training EB wellspecified, with in-sample MSE: 0.00067891576423313
m: 44
Finished solving NPMLE, with SURE 0.538805069646836
Finished solving NPMLE, with in-sample MSE 0.07896808777152926
Finished solving parametric estimator, with SURE 0.09562021405826926
Finished solving parametric estimator, with in-sample MSE 0.057739948337497286
Finished solving EBCF, with in-sample MSE 0.009786519985845113
Finished training EB SURE-LS, with SURE: 0.04867733639058347
Finished training EB SURE-LS, with in-sample MSE: 0.005653824032918956
use_scale: True
use_location: False
Finished training EB misspecified with NPMLE init, with SURE: 0.08867477817343414
Finished training EB misspecified with NPMLE init, with in-sample MSE: 0.05655941472475381
Finished training EB misspecified, with SURE: 0.08873783699787907
Finished training EB misspecified, with in-sample MSE: 0.05668364582197536
Finished training EB wellspecified, with SURE: 0.03451782953102459
Finished training EB wellspecified, with in-sample MSE: 0.02613131905545648
m: 45
Finished solving NPMLE, with SURE 0.7182834524738297
Finished solving NPMLE, with in-sample MSE 0.07337408310508364
Finished solving parametric estimator, with SURE 0.06727210751855622
Finished solving parametric estimator, with in-sample MSE 0.0565406591340641
Finished solving EBCF, with in-sample MSE 0.014291435957022517
Finished training EB SURE-LS, with SURE: -0.0030862030609511448
Finished training EB SURE-LS, with in-sample MSE: 0.0034732244138172916
use_scale: True
use_location: False
Finished training EB misspecified with NPMLE init, with SURE: 0.059063145957690535
Finished training EB misspecified with NPMLE init, with in-sample MSE: 0.06143904438297409
Finished training EB misspecified, with SURE: 0.059128334563296296
Finished training EB misspecified, with in-sample MSE: 0.061401161186842614
Finished training EB wellspecified, with SURE: -0.006090824516561828
Finished training EB wellspecified, with in-sample MSE: 0.004873593121391775
m: 46
Finished solving NPMLE, with SURE 0.6112026906779985
Finished solving NPMLE, with in-sample MSE 0.0897140870871374
Finished solving parametric estimator, with SURE 0.003334364129149947
Finished solving parametric estimator, with in-sample MSE 0.05750107184474014
Finished solving EBCF, with in-sample MSE 0.0016445358776947902
Finished training EB SURE-LS, with SURE: -0.07801473314336212
Finished training EB SURE-LS, with in-sample MSE: 0.002022012749987449
use_scale: True
use_location: False
Finished training EB misspecified with NPMLE init, with SURE: -0.0017975427854128156
Finished training EB misspecified with NPMLE init, with in-sample MSE: 0.06230792643064076
Finished training EB misspecified, with SURE: 0.0008554636375214386
Finished training EB misspecified, with in-sample MSE: 0.05769442073902213
Finished training EB wellspecified, with SURE: -0.08303615858666984
Finished training EB wellspecified, with in-sample MSE: 0.004448129400491301
m: 47
Finished solving NPMLE, with SURE 0.7821927346494689
Finished solving NPMLE, with in-sample MSE 0.0822631478841656
Finished solving parametric estimator, with SURE 0.09005431834089478
Finished solving parametric estimator, with in-sample MSE 0.05685754637763247
Finished solving EBCF, with in-sample MSE 0.008191350309240095
Finished training EB SURE-LS, with SURE: 0.019007408499370604
Finished training EB SURE-LS, with in-sample MSE: 0.014755072738880031
use_scale: True
use_location: False
Finished training EB misspecified with NPMLE init, with SURE: 0.07912096175693499
Finished training EB misspecified with NPMLE init, with in-sample MSE: 0.06656797174807147
Finished training EB misspecified, with SURE: 0.07909464580082486
Finished training EB misspecified, with in-sample MSE: 0.06663845376773089
Finished training EB wellspecified, with SURE: 0.016108452119281955
Finished training EB wellspecified, with in-sample MSE: 0.025390149890677765
m: 48
Finished solving NPMLE, with SURE 0.4719115508748085
Finished solving NPMLE, with in-sample MSE 0.07587606474162516
Finished solving parametric estimator, with SURE 0.08617088681605484
Finished solving parametric estimator, with in-sample MSE 0.060077858222172986
Finished solving EBCF, with in-sample MSE 0.012550480251221002
Finished training EB SURE-LS, with SURE: 0.0447986256044155
Finished training EB SURE-LS, with in-sample MSE: 0.006373511045072775
use_scale: True
use_location: False
Finished training EB misspecified with NPMLE init, with SURE: 0.08138960493175809
Finished training EB misspecified with NPMLE init, with in-sample MSE: 0.06344455882986814
Finished training EB misspecified, with SURE: 0.0814517280021385
Finished training EB misspecified, with in-sample MSE: 0.06337692165152087
Finished training EB wellspecified, with SURE: 0.018100092580389086
Finished training EB wellspecified, with in-sample MSE: 0.03662759555061324
m: 49
Finished solving NPMLE, with SURE 0.8034864033206905
Finished solving NPMLE, with in-sample MSE 0.07439459034226589
Finished solving parametric estimator, with SURE 0.06368442858224266
Finished solving parametric estimator, with in-sample MSE 0.055432683359071325
Finished solving EBCF, with in-sample MSE 0.014499438392324187
Finished training EB SURE-LS, with SURE: 0.008321056324866618
Finished training EB SURE-LS, with in-sample MSE: 0.0038665012466645946
use_scale: True
use_location: False
Finished training EB misspecified with NPMLE init, with SURE: 0.05863391469378378
Finished training EB misspecified with NPMLE init, with in-sample MSE: 0.05729931670682476
Finished training EB misspecified, with SURE: 0.05863269544246009
Finished training EB misspecified, with in-sample MSE: 0.05730296663896001
Finished training EB wellspecified, with SURE: -0.011477645886024498
Finished training EB wellspecified, with in-sample MSE: 0.027602893348128456

n: 1600
m: 0
Finished solving NPMLE, with SURE 0.8431407931689336
Finished solving NPMLE, with in-sample MSE 0.0768588422529666
Finished solving parametric estimator, with SURE 0.05970723568513753
Finished solving parametric estimator, with in-sample MSE 0.05374943432165283
Finished solving EBCF, with in-sample MSE 0.0021210037324270207
Finished training EB SURE-LS, with SURE: 0.05746010280751129
Finished training EB SURE-LS, with in-sample MSE: 0.053430393767190984
use_scale: True
use_location: False
Finished training EB misspecified with NPMLE init, with SURE: 0.054782218419330134
Finished training EB misspecified with NPMLE init, with in-sample MSE: 0.056466692394239446
Finished training EB misspecified, with SURE: 0.05478888541186464
Finished training EB misspecified, with in-sample MSE: 0.05646327410719905
Finished training EB wellspecified, with SURE: -0.010825097232848094
Finished training EB wellspecified, with in-sample MSE: 0.014572205122739884
m: 1
Finished solving NPMLE, with SURE 0.6964181081875219
Finished solving NPMLE, with in-sample MSE 0.07658673717649961
Finished solving parametric estimator, with SURE 0.054333348411957416
Finished solving parametric estimator, with in-sample MSE 0.0555667876509471
Finished solving EBCF, with in-sample MSE 0.000982608042339323
Finished training EB SURE-LS, with SURE: 0.0034014687670409077
Finished training EB SURE-LS, with in-sample MSE: 0.0014931683518853408
use_scale: True
use_location: False
Finished training EB misspecified with NPMLE init, with SURE: 0.05105143774705368
Finished training EB misspecified with NPMLE init, with in-sample MSE: 0.053284447951351864
Finished training EB misspecified, with SURE: 0.051034476466422375
Finished training EB misspecified, with in-sample MSE: 0.05328128238791712
Finished training EB wellspecified, with SURE: -0.004305323609938021
Finished training EB wellspecified, with in-sample MSE: 0.010227198579752413
m: 2
Finished solving NPMLE, with SURE 0.4696741954846553
Finished solving NPMLE, with in-sample MSE 0.09833920825535925
Finished solving parametric estimator, with SURE 0.0355197964515111
Finished solving parametric estimator, with in-sample MSE 0.06249951919151516
Finished solving EBCF, with in-sample MSE 0.013747902583258313
Finished training EB SURE-LS, with SURE: -0.023588153015571867
Finished training EB SURE-LS, with in-sample MSE: 0.003810293438146114
use_scale: True
use_location: False
Finished training EB misspecified with NPMLE init, with SURE: 0.032966097994225695
Finished training EB misspecified with NPMLE init, with in-sample MSE: 0.057689122686029284
Finished training EB misspecified, with SURE: 0.0330206750095141
Finished training EB misspecified, with in-sample MSE: 0.057648742907342045
Finished training EB wellspecified, with SURE: -0.02726564224408694
Finished training EB wellspecified, with in-sample MSE: 0.005125715213212799
m: 3
Finished solving NPMLE, with SURE 0.6685033965188897
Finished solving NPMLE, with in-sample MSE 0.07515405963831084
Finished solving parametric estimator, with SURE 0.0561845149078688
Finished solving parametric estimator, with in-sample MSE 0.05531654327530056
Finished solving EBCF, with in-sample MSE 0.0033746593517988074
Finished training EB SURE-LS, with SURE: 0.00339478069211403
Finished training EB SURE-LS, with in-sample MSE: 0.0012022160867748044
use_scale: True
use_location: False
Finished training EB misspecified with NPMLE init, with SURE: 0.05346537584199247
Finished training EB misspecified with NPMLE init, with in-sample MSE: 0.05402296274838287
Finished training EB misspecified, with SURE: 0.05351922216216025
Finished training EB misspecified, with in-sample MSE: 0.05396557791524463
Finished training EB wellspecified, with SURE: -0.001264993261475823
Finished training EB wellspecified, with in-sample MSE: 0.00519282161613249
m: 4
Finished solving NPMLE, with SURE 0.7007958996259801
Finished solving NPMLE, with in-sample MSE 0.08132011792641045
Finished solving parametric estimator, with SURE 0.040521132881657984
Finished solving parametric estimator, with in-sample MSE 0.0573279215543488
Finished solving EBCF, with in-sample MSE 0.0011399268463122866
Finished training EB SURE-LS, with SURE: -0.017613616144329002
Finished training EB SURE-LS, with in-sample MSE: 0.0006180939507044759
use_scale: True
use_location: False
Finished training EB misspecified with NPMLE init, with SURE: 0.03674620115787647
Finished training EB misspecified with NPMLE init, with in-sample MSE: 0.05976212412603934
Finished training EB misspecified, with SURE: 0.03841227860540442
Finished training EB misspecified, with in-sample MSE: 0.054634820755568046
Finished training EB wellspecified, with SURE: -0.01864774365157671
Finished training EB wellspecified, with in-sample MSE: 0.0015231578440968662
m: 5
Finished solving NPMLE, with SURE 0.7097335270207268
Finished solving NPMLE, with in-sample MSE 0.07820905658544963
Finished solving parametric estimator, with SURE 0.06282212454480984
Finished solving parametric estimator, with in-sample MSE 0.054671189800132754
Finished solving EBCF, with in-sample MSE 0.004268939856273197
Finished training EB SURE-LS, with SURE: 0.016126683168288462
Finished training EB SURE-LS, with in-sample MSE: 0.002477365370060838
use_scale: True
use_location: False
Finished training EB misspecified with NPMLE init, with SURE: 0.05692963633192072
Finished training EB misspecified with NPMLE init, with in-sample MSE: 0.05738637899960279
Finished training EB misspecified, with SURE: 0.05700662820164901
Finished training EB misspecified, with in-sample MSE: 0.057371721427351606
Finished training EB wellspecified, with SURE: 0.010536773967892014
Finished training EB wellspecified, with in-sample MSE: 0.008914648084320591
m: 6
Finished solving NPMLE, with SURE 0.7528959732112771
Finished solving NPMLE, with in-sample MSE 0.07944009241291783
Finished solving parametric estimator, with SURE 0.05482814476891207
Finished solving parametric estimator, with in-sample MSE 0.05568483029314088
Finished solving EBCF, with in-sample MSE 0.0009806712302950888
Finished training EB SURE-LS, with SURE: -0.0013950059709460284
Finished training EB SURE-LS, with in-sample MSE: 0.0018790079666080406
use_scale: True
use_location: False
Finished training EB misspecified with NPMLE init, with SURE: 0.04927554184899464
Finished training EB misspecified with NPMLE init, with in-sample MSE: 0.054301375146489354
Finished training EB misspecified, with SURE: 0.049274584479052454
Finished training EB misspecified, with in-sample MSE: 0.05430136269898249
Finished training EB wellspecified, with SURE: -0.004105769816684303
Finished training EB wellspecified, with in-sample MSE: 0.003314720017484539
m: 7
Finished solving NPMLE, with SURE 0.9322392634029221
Finished solving NPMLE, with in-sample MSE 0.06867418005547095
Finished solving parametric estimator, with SURE 0.04941830486066906
Finished solving parametric estimator, with in-sample MSE 0.052327386082201575
Finished solving EBCF, with in-sample MSE 0.0051337896026874925
Finished training EB SURE-LS, with SURE: -0.0175796553339804
Finished training EB SURE-LS, with in-sample MSE: 0.003355174747026091
use_scale: True
use_location: False
Finished training EB misspecified with NPMLE init, with SURE: 0.04674535117747951
Finished training EB misspecified with NPMLE init, with in-sample MSE: 0.053580604276119666
Finished training EB misspecified, with SURE: 0.046907667329936446
Finished training EB misspecified, with in-sample MSE: 0.05344491600053049
Finished training EB wellspecified, with SURE: -0.02913831563697046
Finished training EB wellspecified, with in-sample MSE: 0.011988623045295632
m: 8
Finished solving NPMLE, with SURE 0.8692896453737846
Finished solving NPMLE, with in-sample MSE 0.07722964645490404
Finished solving parametric estimator, with SURE 0.06161800261133604
Finished solving parametric estimator, with in-sample MSE 0.056510238530799624
Finished solving EBCF, with in-sample MSE 0.0021762554448418346
Finished training EB SURE-LS, with SURE: 0.00770820123980337
Finished training EB SURE-LS, with in-sample MSE: 0.0014671219536291913
use_scale: True
use_location: False
Finished training EB misspecified with NPMLE init, with SURE: 0.05701993283693845
Finished training EB misspecified with NPMLE init, with in-sample MSE: 0.055547706197127004
Finished training EB misspecified, with SURE: 0.057099074845985455
Finished training EB misspecified, with in-sample MSE: 0.05549954251563228
Finished training EB wellspecified, with SURE: 5.8760380200595375e-06
Finished training EB wellspecified, with in-sample MSE: 0.011827596848132954
m: 9
Finished solving NPMLE, with SURE 0.6158078036368636
Finished solving NPMLE, with in-sample MSE 0.07059903167493559
Finished solving parametric estimator, with SURE 0.05224401702544451
Finished solving parametric estimator, with in-sample MSE 0.05135355548677961
Finished solving EBCF, with in-sample MSE 0.0010702505564983296
Finished training EB SURE-LS, with SURE: -0.008542339266221758
Finished training EB SURE-LS, with in-sample MSE: 0.0015691457227051625
use_scale: True
use_location: False
Finished training EB misspecified with NPMLE init, with SURE: 0.04783701433251572
Finished training EB misspecified with NPMLE init, with in-sample MSE: 0.050857119122104735
Finished training EB misspecified, with SURE: 0.047839512658694336
Finished training EB misspecified, with in-sample MSE: 0.050856386060211436
Finished training EB wellspecified, with SURE: -0.012334287125984554
Finished training EB wellspecified, with in-sample MSE: 0.003268896852069115
m: 10
Finished solving NPMLE, with SURE 0.6095053962877397
Finished solving NPMLE, with in-sample MSE 0.07712594274037622
Finished solving parametric estimator, with SURE 0.0680981463901783
Finished solving parametric estimator, with in-sample MSE 0.05353333793559943
Finished solving EBCF, with in-sample MSE 0.004772660304885144
Finished training EB SURE-LS, with SURE: 0.0008669217118079454
Finished training EB SURE-LS, with in-sample MSE: 0.0035274499162358075
use_scale: True
use_location: False
Finished training EB misspecified with NPMLE init, with SURE: 0.06280318648931484
Finished training EB misspecified with NPMLE init, with in-sample MSE: 0.05169930367018112
Finished training EB misspecified, with SURE: 0.06280560727327363
Finished training EB misspecified, with in-sample MSE: 0.05169843708694587
Finished training EB wellspecified, with SURE: -0.007041263676611371
Finished training EB wellspecified, with in-sample MSE: 0.00801069105875819
m: 11
Finished solving NPMLE, with SURE 0.6985678173460507
Finished solving NPMLE, with in-sample MSE 0.07721762637082416
Finished solving parametric estimator, with SURE 0.033556197619045214
Finished solving parametric estimator, with in-sample MSE 0.05604850710301716
Finished solving EBCF, with in-sample MSE 0.0012985011016660604
Finished training EB SURE-LS, with SURE: -0.022380280152373314
Finished training EB SURE-LS, with in-sample MSE: 0.0012379124571745466
use_scale: True
use_location: False
Finished training EB misspecified with NPMLE init, with SURE: 0.031286329593777536
Finished training EB misspecified with NPMLE init, with in-sample MSE: 0.05525306942013945
Finished training EB misspecified, with SURE: 0.031311309141474834
Finished training EB misspecified, with in-sample MSE: 0.05527183974461458
Finished training EB wellspecified, with SURE: -0.024140869310210835
Finished training EB wellspecified, with in-sample MSE: 0.003463530984877335
m: 12
Finished solving NPMLE, with SURE 0.7910214018064161
Finished solving NPMLE, with in-sample MSE 0.07851577739926247
Finished solving parametric estimator, with SURE 0.04814052512912298
Finished solving parametric estimator, with in-sample MSE 0.05586973964149226
Finished solving EBCF, with in-sample MSE 0.00896451830088792
Finished training EB SURE-LS, with SURE: 0.0017810126332998765
Finished training EB SURE-LS, with in-sample MSE: 0.0016109443974031059
use_scale: True
use_location: False
Finished training EB misspecified with NPMLE init, with SURE: 0.045799205395735426
Finished training EB misspecified with NPMLE init, with in-sample MSE: 0.05432221631101601
Finished training EB misspecified, with SURE: 0.0458296077075358
Finished training EB misspecified, with in-sample MSE: 0.05432797798112282
Finished training EB wellspecified, with SURE: -0.008903945916397801
Finished training EB wellspecified, with in-sample MSE: 0.016646903083280123
m: 13
Finished solving NPMLE, with SURE 0.24818568496302348
Finished solving NPMLE, with in-sample MSE 0.07700205429506661
Finished solving parametric estimator, with SURE 0.031224132038398744
Finished solving parametric estimator, with in-sample MSE 0.055272596916653434
Finished solving EBCF, with in-sample MSE 0.0014416474728166783
Finished training EB SURE-LS, with SURE: -0.022505681172400312
Finished training EB SURE-LS, with in-sample MSE: 0.0012437681122379688
use_scale: True
use_location: False
Finished training EB misspecified with NPMLE init, with SURE: 0.02879712324198998
Finished training EB misspecified with NPMLE init, with in-sample MSE: 0.0550997339609976
Finished training EB misspecified, with SURE: 0.028792163652277197
Finished training EB misspecified, with in-sample MSE: 0.05507267519916049
Finished training EB wellspecified, with SURE: -0.025878391688525574
Finished training EB wellspecified, with in-sample MSE: 0.0037442337176908425
m: 14
Finished solving NPMLE, with SURE 0.7976420947447628
Finished solving NPMLE, with in-sample MSE 0.07767335149467174
Finished solving parametric estimator, with SURE 0.050578378630359355
Finished solving parametric estimator, with in-sample MSE 0.05276027210864857
Finished solving EBCF, with in-sample MSE 0.0029027382589697642
Finished training EB SURE-LS, with SURE: -0.012766942198215381
Finished training EB SURE-LS, with in-sample MSE: 0.0018665342786227416
use_scale: True
use_location: False
Finished training EB misspecified with NPMLE init, with SURE: 0.04260919008208397
Finished training EB misspecified with NPMLE init, with in-sample MSE: 0.05988164346242037
Finished training EB misspecified, with SURE: 0.04720770087052102
Finished training EB misspecified, with in-sample MSE: 0.053378633302620514
Finished training EB wellspecified, with SURE: -0.02333402886096887
Finished training EB wellspecified, with in-sample MSE: 0.01690699429912136
m: 15
Finished solving NPMLE, with SURE 0.5537227419173403
Finished solving NPMLE, with in-sample MSE 0.07223229829961335
Finished solving parametric estimator, with SURE 0.018015504830154905
Finished solving parametric estimator, with in-sample MSE 0.05649471514670721
Finished solving EBCF, with in-sample MSE 0.014199588897686261
Finished training EB SURE-LS, with SURE: -0.0331317515397886
Finished training EB SURE-LS, with in-sample MSE: 0.003066202902021479
use_scale: True
use_location: False
Finished training EB misspecified with NPMLE init, with SURE: 0.01583177225842107
Finished training EB misspecified with NPMLE init, with in-sample MSE: 0.056737819867815065
Finished training EB misspecified, with SURE: 0.015977787228902685
Finished training EB misspecified, with in-sample MSE: 0.056638268213963325
Finished training EB wellspecified, with SURE: -0.03892388048998757
Finished training EB wellspecified, with in-sample MSE: 0.00896643661973025
m: 16
Finished solving NPMLE, with SURE 0.8671804988816996
Finished solving NPMLE, with in-sample MSE 0.07547719333667234
Finished solving parametric estimator, with SURE 0.07117979692384052
Finished solving parametric estimator, with in-sample MSE 0.057265754516592014
Finished solving EBCF, with in-sample MSE 0.01485070311088257
Finished training EB SURE-LS, with SURE: 0.01704813024349772
Finished training EB SURE-LS, with in-sample MSE: 0.0038610950096079617
use_scale: True
use_location: False
Finished training EB misspecified with NPMLE init, with SURE: 0.06769817466809684
Finished training EB misspecified with NPMLE init, with in-sample MSE: 0.056157491327483294
Finished training EB misspecified, with SURE: 0.06769551892345092
Finished training EB misspecified, with in-sample MSE: 0.056164042445752384
Finished training EB wellspecified, with SURE: 0.012990490020797092
Finished training EB wellspecified, with in-sample MSE: 0.007071250853690702
m: 17
Finished solving NPMLE, with SURE 0.7455644804026633
Finished solving NPMLE, with in-sample MSE 0.0736713661020364
Finished solving parametric estimator, with SURE 0.0576530756593609
Finished solving parametric estimator, with in-sample MSE 0.053543948098315364
Finished solving EBCF, with in-sample MSE 0.0022342101665504535
Finished training EB SURE-LS, with SURE: -0.007187444439042623
Finished training EB SURE-LS, with in-sample MSE: 0.0027819642872203365
use_scale: True
use_location: False
Finished training EB misspecified with NPMLE init, with SURE: 0.053088485040427645
Finished training EB misspecified with NPMLE init, with in-sample MSE: 0.05676473323742227
Finished training EB misspecified, with SURE: 0.05309415115303082
Finished training EB misspecified, with in-sample MSE: 0.05677199623991656
Finished training EB wellspecified, with SURE: -0.009402294526062227
Finished training EB wellspecified, with in-sample MSE: 0.0014492883328398626
m: 18
Finished solving NPMLE, with SURE 0.666826517832879
Finished solving NPMLE, with in-sample MSE 0.07806591688590085
Finished solving parametric estimator, with SURE 0.05279777858244317
Finished solving parametric estimator, with in-sample MSE 0.05652427314603675
Finished solving EBCF, with in-sample MSE 0.0015177166926007694
Finished training EB SURE-LS, with SURE: 0.0015231399728264888
Finished training EB SURE-LS, with in-sample MSE: 0.00038471189177715975
use_scale: True
use_location: False
Finished training EB misspecified with NPMLE init, with SURE: 0.049710259355563696
Finished training EB misspecified with NPMLE init, with in-sample MSE: 0.05427945549994873
Finished training EB misspecified, with SURE: 0.04975210370127286
Finished training EB misspecified, with in-sample MSE: 0.05426988156043102
Finished training EB wellspecified, with SURE: -0.0007019787774737385
Finished training EB wellspecified, with in-sample MSE: 0.0020157758529512934
m: 19
Finished solving NPMLE, with SURE 0.6850798977675592
Finished solving NPMLE, with in-sample MSE 0.0734905520315204
Finished solving parametric estimator, with SURE 0.06366597058470114
Finished solving parametric estimator, with in-sample MSE 0.053816176853229515
Finished solving EBCF, with in-sample MSE 0.0018336013214825455
Finished training EB SURE-LS, with SURE: -0.0013900167844695395
Finished training EB SURE-LS, with in-sample MSE: 0.0005617890728110763
use_scale: True
use_location: False
Finished training EB misspecified with NPMLE init, with SURE: 0.06065654711440757
Finished training EB misspecified with NPMLE init, with in-sample MSE: 0.05263960098204835
Finished training EB misspecified, with SURE: 0.06066068468533437
Finished training EB misspecified, with in-sample MSE: 0.05263653965418546
Finished training EB wellspecified, with SURE: -0.011169784386701279
Finished training EB wellspecified, with in-sample MSE: 0.01654072711981544
m: 20
Finished solving NPMLE, with SURE 0.5936656989034131
Finished solving NPMLE, with in-sample MSE 0.07996492899605358
Finished solving parametric estimator, with SURE 0.07319058832738634
Finished solving parametric estimator, with in-sample MSE 0.0571685041507715
Finished solving EBCF, with in-sample MSE 0.009888976825980516
Finished training EB SURE-LS, with SURE: 0.023502004636964943
Finished training EB SURE-LS, with in-sample MSE: 0.009700885848674623
use_scale: True
use_location: False
Finished training EB misspecified with NPMLE init, with SURE: 0.06776800833337966
Finished training EB misspecified with NPMLE init, with in-sample MSE: 0.05558136491903168
Finished training EB misspecified, with SURE: 0.06775311768829148
Finished training EB misspecified, with in-sample MSE: 0.05556680730568757
Finished training EB wellspecified, with SURE: 0.014027046672349332
Finished training EB wellspecified, with in-sample MSE: 0.026037121774821138
m: 21
Finished solving NPMLE, with SURE 0.910341531787386
Finished solving NPMLE, with in-sample MSE 0.07141058427543022
Finished solving parametric estimator, with SURE 0.0784617862332243
Finished solving parametric estimator, with in-sample MSE 0.054576068969807386
Finished solving EBCF, with in-sample MSE 0.0035261632833231762
Finished training EB SURE-LS, with SURE: 0.021499608770918072
Finished training EB SURE-LS, with in-sample MSE: 0.0024631167047808435
use_scale: True
use_location: False
Finished training EB misspecified with NPMLE init, with SURE: 0.07416934449005794
Finished training EB misspecified with NPMLE init, with in-sample MSE: 0.05496836135845805
Finished training EB misspecified, with SURE: 0.0741843501807523
Finished training EB misspecified, with in-sample MSE: 0.054952801590805685
Finished training EB wellspecified, with SURE: 0.017882662167984783
Finished training EB wellspecified, with in-sample MSE: 0.006696927016568319
m: 22
Finished solving NPMLE, with SURE 0.5487161362329863
Finished solving NPMLE, with in-sample MSE 0.09294214497260862
Finished solving parametric estimator, with SURE 0.06438914247294003
Finished solving parametric estimator, with in-sample MSE 0.06256369559390988
Finished solving EBCF, with in-sample MSE 0.005363103566816019
Finished training EB SURE-LS, with SURE: 0.016420026645645864
Finished training EB SURE-LS, with in-sample MSE: 0.004369658287060851
use_scale: True
use_location: False
Finished training EB misspecified with NPMLE init, with SURE: 0.06137481596115215
Finished training EB misspecified with NPMLE init, with in-sample MSE: 0.05710032029335495
Finished training EB misspecified, with SURE: 0.06136751490669901
Finished training EB misspecified, with in-sample MSE: 0.057111050819350265
Finished training EB wellspecified, with SURE: 0.011958478208999968
Finished training EB wellspecified, with in-sample MSE: 0.006535602551318223
m: 23
Finished solving NPMLE, with SURE 1.0097783029854264
Finished solving NPMLE, with in-sample MSE 0.08191269667192172
Finished solving parametric estimator, with SURE 0.10728488274417386
Finished solving parametric estimator, with in-sample MSE 0.05902532360489929
Finished solving EBCF, with in-sample MSE 0.0061664654445692125
Finished training EB SURE-LS, with SURE: 0.05374174284956725
Finished training EB SURE-LS, with in-sample MSE: 0.009221384112751283
use_scale: True
use_location: False
Finished training EB misspecified with NPMLE init, with SURE: 0.09670241906344657
Finished training EB misspecified with NPMLE init, with in-sample MSE: 0.06455733548755323
Finished training EB misspecified, with SURE: 0.0965807994004345
Finished training EB misspecified, with in-sample MSE: 0.06515613069278534
Finished training EB wellspecified, with SURE: 0.036902001009646565
Finished training EB wellspecified, with in-sample MSE: 0.02902915500454772
m: 24
Finished solving NPMLE, with SURE 0.47939618772925896
Finished solving NPMLE, with in-sample MSE 0.07873441605521346
Finished solving parametric estimator, with SURE 0.06805763224870709
Finished solving parametric estimator, with in-sample MSE 0.05683465433247999
Finished solving EBCF, with in-sample MSE 0.005406422492880247
Finished training EB SURE-LS, with SURE: 0.022810703749445875
Finished training EB SURE-LS, with in-sample MSE: 0.0026845391889086627
use_scale: True
use_location: False
Finished training EB misspecified with NPMLE init, with SURE: 0.06228928583680663
Finished training EB misspecified with NPMLE init, with in-sample MSE: 0.06275026337360899
Finished training EB misspecified, with SURE: 0.0621368822804709
Finished training EB misspecified, with in-sample MSE: 0.06314480371019972
Finished training EB wellspecified, with SURE: 0.0008469853702806363
Finished training EB wellspecified, with in-sample MSE: 0.030035523531222477
m: 25
Finished solving NPMLE, with SURE 0.5636655774012884
Finished solving NPMLE, with in-sample MSE 0.0758007917358895
Finished solving parametric estimator, with SURE 0.05963393438400422
Finished solving parametric estimator, with in-sample MSE 0.0550679439727215
Finished solving EBCF, with in-sample MSE 0.004487915409955315
Finished training EB SURE-LS, with SURE: 0.01231846929628287
Finished training EB SURE-LS, with in-sample MSE: 0.001433532082821998
use_scale: True
use_location: False
Finished training EB misspecified with NPMLE init, with SURE: 0.05558582504570936
Finished training EB misspecified with NPMLE init, with in-sample MSE: 0.053609774664298095
Finished training EB misspecified, with SURE: 0.055586865777111
Finished training EB misspecified, with in-sample MSE: 0.053609317280660485
Finished training EB wellspecified, with SURE: 0.00522081729404442
Finished training EB wellspecified, with in-sample MSE: 0.009041387389554954
m: 26
Finished solving NPMLE, with SURE 0.8675788875797152
Finished solving NPMLE, with in-sample MSE 0.07669853522304265
Finished solving parametric estimator, with SURE 0.05057899831600038
Finished solving parametric estimator, with in-sample MSE 0.057841720046779
Finished solving EBCF, with in-sample MSE 0.004515715521765178
Finished training EB SURE-LS, with SURE: 0.0001905274721278494
Finished training EB SURE-LS, with in-sample MSE: 0.002812824974986631
use_scale: True
use_location: False
Finished training EB misspecified with NPMLE init, with SURE: 0.04695891489324268
Finished training EB misspecified with NPMLE init, with in-sample MSE: 0.05736124414420523
Finished training EB misspecified, with SURE: 0.04695575434622519
Finished training EB misspecified, with in-sample MSE: 0.05736656592151313
Finished training EB wellspecified, with SURE: -0.0052147760952748305
Finished training EB wellspecified, with in-sample MSE: 0.01097712605435202
m: 27
Finished solving NPMLE, with SURE 0.4545221370353768
Finished solving NPMLE, with in-sample MSE 0.07792573823666901
Finished solving parametric estimator, with SURE 0.0474033025462518
Finished solving parametric estimator, with in-sample MSE 0.05511159875533143
Finished solving EBCF, with in-sample MSE 0.0030995812459424983
Finished training EB SURE-LS, with SURE: -0.007445670085853444
Finished training EB SURE-LS, with in-sample MSE: 0.0001438628021261334
use_scale: True
use_location: False
Finished training EB misspecified with NPMLE init, with SURE: 0.04490653700038138
Finished training EB misspecified with NPMLE init, with in-sample MSE: 0.052613966077308956
Finished training EB misspecified, with SURE: 0.044905378153908375
Finished training EB misspecified, with in-sample MSE: 0.05261026482150104
Finished training EB wellspecified, with SURE: -0.009187118843971305
Finished training EB wellspecified, with in-sample MSE: 0.0024627129345489622
m: 28
Mosek failed on this run
Finished solving parametric estimator, with SURE 0.025388218966329645
Finished solving parametric estimator, with in-sample MSE 0.05613609513016859
Finished solving EBCF, with in-sample MSE 0.0013305482966080324
Finished training EB SURE-LS, with SURE: -0.03302561449467041
Finished training EB SURE-LS, with in-sample MSE: 0.0005812414851752612
use_scale: True
use_location: False
Finished training EB misspecified, with SURE: 0.02341404301262557
Finished training EB misspecified, with in-sample MSE: 0.054908019683682675
Finished training EB wellspecified, with SURE: -0.03738856611162681
Finished training EB wellspecified, with in-sample MSE: 0.005346763210431038
m: 29
Finished solving NPMLE, with SURE 0.42012573076659054
Finished solving NPMLE, with in-sample MSE 0.07884654359864648
Finished solving parametric estimator, with SURE 0.02469558083907375
Finished solving parametric estimator, with in-sample MSE 0.05574004819741565
Finished solving EBCF, with in-sample MSE 0.014350998455269794
Finished training EB SURE-LS, with SURE: -0.043992469825782025
Finished training EB SURE-LS, with in-sample MSE: 0.0010558121453591333
use_scale: True
use_location: False
Finished training EB misspecified with NPMLE init, with SURE: 0.02281679336561268
Finished training EB misspecified with NPMLE init, with in-sample MSE: 0.05484684039516919
Finished training EB misspecified, with SURE: 0.022865357690129002
Finished training EB misspecified, with in-sample MSE: 0.05478060894976892
Finished training EB wellspecified, with SURE: -0.04658625630478953
Finished training EB wellspecified, with in-sample MSE: 0.00646048339533595
m: 30
Finished solving NPMLE, with SURE 0.4191445001605867
Finished solving NPMLE, with in-sample MSE 0.06784407484539781
Finished solving parametric estimator, with SURE 0.05860276309972967
Finished solving parametric estimator, with in-sample MSE 0.053744300871110415
Finished solving EBCF, with in-sample MSE 0.003522210592043196
Finished training EB SURE-LS, with SURE: -0.010172815462106863
Finished training EB SURE-LS, with in-sample MSE: 0.002787422271212945
use_scale: True
use_location: False
Finished training EB misspecified with NPMLE init, with SURE: 0.051680808477312754
Finished training EB misspecified with NPMLE init, with in-sample MSE: 0.05608669911775586
Finished training EB misspecified, with SURE: 0.05168665602116427
Finished training EB misspecified, with in-sample MSE: 0.05608455997449801
Finished training EB wellspecified, with SURE: -0.017362741409113504
Finished training EB wellspecified, with in-sample MSE: 0.012631324482260144
m: 31
Finished solving NPMLE, with SURE 0.7655704871176638
Finished solving NPMLE, with in-sample MSE 0.07545203004418424
Finished solving parametric estimator, with SURE 0.050983736939870794
Finished solving parametric estimator, with in-sample MSE 0.05589291923799914
Finished solving EBCF, with in-sample MSE 0.0018689306765229292
Finished training EB SURE-LS, with SURE: -0.009173848809057434
Finished training EB SURE-LS, with in-sample MSE: 0.000543865177792702
use_scale: True
use_location: False
Finished training EB misspecified with NPMLE init, with SURE: 0.04676288776899412
Finished training EB misspecified with NPMLE init, with in-sample MSE: 0.054159787563192646
Finished training EB misspecified, with SURE: 0.04675669343578534
Finished training EB misspecified, with in-sample MSE: 0.05416174026307012
Finished training EB wellspecified, with SURE: -0.009166404654580273
Finished training EB wellspecified, with in-sample MSE: 0.0006459667916544674
m: 32
Finished solving NPMLE, with SURE 0.5568216354407759
Finished solving NPMLE, with in-sample MSE 0.0825405513004159
Finished solving parametric estimator, with SURE 0.05878179286976282
Finished solving parametric estimator, with in-sample MSE 0.055107205572114674
Finished solving EBCF, with in-sample MSE 0.0016501413929802208
Finished training EB SURE-LS, with SURE: -0.0031722232625806526
Finished training EB SURE-LS, with in-sample MSE: 0.0018147106050325045
use_scale: True
use_location: False
Finished training EB misspecified with NPMLE init, with SURE: 0.05485972469019451
Finished training EB misspecified with NPMLE init, with in-sample MSE: 0.054197731136517914
Finished training EB misspecified, with SURE: 0.0554154700347199
Finished training EB misspecified, with in-sample MSE: 0.05380638447016036
Finished training EB wellspecified, with SURE: -0.011477203112963939
Finished training EB wellspecified, with in-sample MSE: 0.010036454896421075
m: 33
Finished solving NPMLE, with SURE 0.6821600112589071
Finished solving NPMLE, with in-sample MSE 0.0793950572235394
Finished solving parametric estimator, with SURE 0.025673872330846337
Finished solving parametric estimator, with in-sample MSE 0.05668882907504081
Finished solving EBCF, with in-sample MSE 0.0018715445513192628
Finished training EB SURE-LS, with SURE: -0.029870657727875585
Finished training EB SURE-LS, with in-sample MSE: 0.0018978759989236476
use_scale: True
use_location: False
Finished training EB misspecified with NPMLE init, with SURE: 0.023725610091731467
Finished training EB misspecified with NPMLE init, with in-sample MSE: 0.053924684742635
Finished training EB misspecified, with SURE: 0.02372503512628583
Finished training EB misspecified, with in-sample MSE: 0.05392363941703298
Finished training EB wellspecified, with SURE: -0.03534893116854719
Finished training EB wellspecified, with in-sample MSE: 0.005984287803224262
m: 34
Finished solving NPMLE, with SURE 0.5243148700912416
Finished solving NPMLE, with in-sample MSE 0.08054021276997561
Finished solving parametric estimator, with SURE 0.048131703984156116
Finished solving parametric estimator, with in-sample MSE 0.05515570264956911
Finished solving EBCF, with in-sample MSE 0.0011189898045423782
Finished training EB SURE-LS, with SURE: -0.008495501100435208
Finished training EB SURE-LS, with in-sample MSE: 0.0005675021336677766
use_scale: True
use_location: False
Finished training EB misspecified with NPMLE init, with SURE: 0.04611102112562456
Finished training EB misspecified with NPMLE init, with in-sample MSE: 0.05265758334150947
Finished training EB misspecified, with SURE: 0.04612618697326802
Finished training EB misspecified, with in-sample MSE: 0.0525234519352155
Finished training EB wellspecified, with SURE: -0.010656916058743096
Finished training EB wellspecified, with in-sample MSE: 0.003042550241472203
m: 35
Finished solving NPMLE, with SURE 0.690367890418159
Finished solving NPMLE, with in-sample MSE 0.08074916677237896
Finished solving parametric estimator, with SURE 0.017121780102900774
Finished solving parametric estimator, with in-sample MSE 0.05713183004334233
Finished solving EBCF, with in-sample MSE 0.0006966435082970736
Finished training EB SURE-LS, with SURE: -0.05014359396898686
Finished training EB SURE-LS, with in-sample MSE: 0.0012056161245238848
use_scale: True
use_location: False
Finished training EB misspecified with NPMLE init, with SURE: 0.015531920268003247
Finished training EB misspecified with NPMLE init, with in-sample MSE: 0.05555700329559157
Finished training EB misspecified, with SURE: 0.015520457754374278
Finished training EB misspecified, with in-sample MSE: 0.055566603041761226
Finished training EB wellspecified, with SURE: -0.052100697003081134
Finished training EB wellspecified, with in-sample MSE: 0.0009568982117033524
m: 36
Finished solving NPMLE, with SURE 0.6606193297003565
Finished solving NPMLE, with in-sample MSE 0.07655509055918061
Finished solving parametric estimator, with SURE 0.04781800409546649
Finished solving parametric estimator, with in-sample MSE 0.0570688014389034
Finished solving EBCF, with in-sample MSE 0.01488286364397246
Finished training EB SURE-LS, with SURE: -0.0027832103733137505
Finished training EB SURE-LS, with in-sample MSE: 0.0018934201142394044
use_scale: True
use_location: False
Finished training EB misspecified with NPMLE init, with SURE: 0.0450542773127836
Finished training EB misspecified with NPMLE init, with in-sample MSE: 0.05814848083337984
Finished training EB misspecified, with SURE: 0.04597010792862576
Finished training EB misspecified, with in-sample MSE: 0.05610910573099477
Finished training EB wellspecified, with SURE: -0.0051822748216838015
Finished training EB wellspecified, with in-sample MSE: 0.0033312693695233555
m: 37
Finished solving NPMLE, with SURE 0.4031619615752562
Finished solving NPMLE, with in-sample MSE 0.08679769247928901
Finished solving parametric estimator, with SURE 0.03014398876606711
Finished solving parametric estimator, with in-sample MSE 0.05932552599507389
Finished solving EBCF, with in-sample MSE 0.0025386790628380467
Finished training EB SURE-LS, with SURE: -0.022274280544082467
Finished training EB SURE-LS, with in-sample MSE: 0.0016656559967866747
use_scale: True
use_location: False
Finished training EB misspecified with NPMLE init, with SURE: 0.027313850601271384
Finished training EB misspecified with NPMLE init, with in-sample MSE: 0.055335007776103035
Finished training EB misspecified, with SURE: 0.027314176984966992
Finished training EB misspecified, with in-sample MSE: 0.05533601409249125
Finished training EB wellspecified, with SURE: -0.0227902547564049
Finished training EB wellspecified, with in-sample MSE: 0.002945873667163416
m: 38
Finished solving NPMLE, with SURE 0.4047785978071971
Finished solving NPMLE, with in-sample MSE 0.08193775045509484
Finished solving parametric estimator, with SURE 0.06942330758609105
Finished solving parametric estimator, with in-sample MSE 0.057832038464442743
Finished solving EBCF, with in-sample MSE 0.004738346207054093
Finished training EB SURE-LS, with SURE: 0.02153314437448269
Finished training EB SURE-LS, with in-sample MSE: 0.007099240437973423
use_scale: True
use_location: False
Finished training EB misspecified with NPMLE init, with SURE: 0.06324647619404097
Finished training EB misspecified with NPMLE init, with in-sample MSE: 0.060271505404548946
Finished training EB misspecified, with SURE: 0.06329796223634766
Finished training EB misspecified, with in-sample MSE: 0.060209726083877785
Finished training EB wellspecified, with SURE: 0.015893654206596223
Finished training EB wellspecified, with in-sample MSE: 0.020574847548203073
m: 39
Finished solving NPMLE, with SURE 0.5584474032565885
Finished solving NPMLE, with in-sample MSE 0.08074910487112451
Finished solving parametric estimator, with SURE 0.06422190742733236
Finished solving parametric estimator, with in-sample MSE 0.05962031867593079
Finished solving EBCF, with in-sample MSE 0.01000934685886116
Finished training EB SURE-LS, with SURE: 0.025490994699934023
Finished training EB SURE-LS, with in-sample MSE: 0.003647721362312588
use_scale: True
use_location: False
Finished training EB misspecified with NPMLE init, with SURE: 0.06170492479852143
Finished training EB misspecified with NPMLE init, with in-sample MSE: 0.0571230047936917
Finished training EB misspecified, with SURE: 0.06192942601331069
Finished training EB misspecified, with in-sample MSE: 0.056889003421223425
Finished training EB wellspecified, with SURE: 0.0016483725319747294
Finished training EB wellspecified, with in-sample MSE: 0.03295829442382832
m: 40
Finished solving NPMLE, with SURE 0.7900303790580918
Finished solving NPMLE, with in-sample MSE 0.08035961279110798
Finished solving parametric estimator, with SURE 0.006165470148728869
Finished solving parametric estimator, with in-sample MSE 0.05807596152543359
Finished solving EBCF, with in-sample MSE 0.011889957998414026
Finished training EB SURE-LS, with SURE: -0.04769041391405061
Finished training EB SURE-LS, with in-sample MSE: 0.001591472401910521
use_scale: True
use_location: False
Finished training EB misspecified with NPMLE init, with SURE: 0.003827557690933503
Finished training EB misspecified with NPMLE init, with in-sample MSE: 0.05693964798393287
Finished training EB misspecified, with SURE: 0.0038226285236121526
Finished training EB misspecified, with in-sample MSE: 0.05694406045120573
Finished training EB wellspecified, with SURE: -0.05280868056176371
Finished training EB wellspecified, with in-sample MSE: 0.006559032031267429
m: 41
Finished solving NPMLE, with SURE 0.3401487696331557
Finished solving NPMLE, with in-sample MSE 0.08017822148988393
Finished solving parametric estimator, with SURE 0.025086773999059675
Finished solving parametric estimator, with in-sample MSE 0.05670008828529521
Finished solving EBCF, with in-sample MSE 0.0014324430655518624
Finished training EB SURE-LS, with SURE: -0.032398058711544754
Finished training EB SURE-LS, with in-sample MSE: 0.00045654712752729235
use_scale: True
use_location: False
Finished training EB misspecified with NPMLE init, with SURE: 0.02168990281278255
Finished training EB misspecified with NPMLE init, with in-sample MSE: 0.05427424664926605
Finished training EB misspecified, with SURE: 0.021692163860223913
Finished training EB misspecified, with in-sample MSE: 0.05427338853485742
Finished training EB wellspecified, with SURE: -0.03418050037351286
Finished training EB wellspecified, with in-sample MSE: 0.003438864512597383
m: 42
Finished solving NPMLE, with SURE 0.65522033979119
Finished solving NPMLE, with in-sample MSE 0.0773700985406302
Finished solving parametric estimator, with SURE 0.04402990554506664
Finished solving parametric estimator, with in-sample MSE 0.056183231469404495
Finished solving EBCF, with in-sample MSE 0.0025606552700733467
Finished training EB SURE-LS, with SURE: -0.015152989758166896
Finished training EB SURE-LS, with in-sample MSE: 0.0011416550197395577
use_scale: True
use_location: False
Finished training EB misspecified with NPMLE init, with SURE: 0.0419231461870173
Finished training EB misspecified with NPMLE init, with in-sample MSE: 0.05437290877809345
Finished training EB misspecified, with SURE: 0.04207464425939222
Finished training EB misspecified, with in-sample MSE: 0.05435294351328566
Finished training EB wellspecified, with SURE: -0.02153461698308054
Finished training EB wellspecified, with in-sample MSE: 0.004343946688171778
m: 43
Finished solving NPMLE, with SURE 0.703532887744629
Finished solving NPMLE, with in-sample MSE 0.07328212370301193
Finished solving parametric estimator, with SURE 0.038678468211606865
Finished solving parametric estimator, with in-sample MSE 0.055709366362944726
Finished solving EBCF, with in-sample MSE 0.0025304290554665383
Finished training EB SURE-LS, with SURE: -0.015663575858139715
Finished training EB SURE-LS, with in-sample MSE: 0.0013121249795461155
use_scale: True
use_location: False
Finished training EB misspecified with NPMLE init, with SURE: 0.03538056571711515
Finished training EB misspecified with NPMLE init, with in-sample MSE: 0.05510740823285114
Finished training EB misspecified, with SURE: 0.03537997097333893
Finished training EB misspecified, with in-sample MSE: 0.05510700511133142
Finished training EB wellspecified, with SURE: -0.028670044402075937
Finished training EB wellspecified, with in-sample MSE: 0.013215233675621343
m: 44
Finished solving NPMLE, with SURE 0.44909010954795625
Finished solving NPMLE, with in-sample MSE 0.08108080479266831
Finished solving parametric estimator, with SURE 0.0576218600181258
Finished solving parametric estimator, with in-sample MSE 0.05700161283529198
Finished solving EBCF, with in-sample MSE 0.013823061883914392
Finished training EB SURE-LS, with SURE: 0.005789480304397251
Finished training EB SURE-LS, with in-sample MSE: 0.0006789977926940395
use_scale: True
use_location: False
Finished training EB misspecified with NPMLE init, with SURE: 0.05027458686455589
Finished training EB misspecified with NPMLE init, with in-sample MSE: 0.05992220173004288
Finished training EB misspecified, with SURE: 0.05033407117998479
Finished training EB misspecified, with in-sample MSE: 0.05988175618115427
Finished training EB wellspecified, with SURE: -0.004632828158338326
Finished training EB wellspecified, with in-sample MSE: 0.011560192953112548
m: 45
Finished solving NPMLE, with SURE 0.6644394028605477
Finished solving NPMLE, with in-sample MSE 0.07972273189159099
Finished solving parametric estimator, with SURE 0.036831346536864484
Finished solving parametric estimator, with in-sample MSE 0.055596110168040294
Finished solving EBCF, with in-sample MSE 0.0019104015007312305
Finished training EB SURE-LS, with SURE: -0.019183710901156593
Finished training EB SURE-LS, with in-sample MSE: 0.001087538093284781
use_scale: True
use_location: False
Finished training EB misspecified with NPMLE init, with SURE: 0.029745976623133146
Finished training EB misspecified with NPMLE init, with in-sample MSE: 0.06273751388994302
Finished training EB misspecified, with SURE: 0.034101043020039516
Finished training EB misspecified, with in-sample MSE: 0.05390827698961182
Finished training EB wellspecified, with SURE: -0.020177083423713195
Finished training EB wellspecified, with in-sample MSE: 0.0005526464126081693
m: 46
Finished solving NPMLE, with SURE 0.6649698590881905
Finished solving NPMLE, with in-sample MSE 0.07300351375327221
Finished solving parametric estimator, with SURE 0.03416055405498031
Finished solving parametric estimator, with in-sample MSE 0.05569850216986308
Finished solving EBCF, with in-sample MSE 0.0020865567258552095
Finished training EB SURE-LS, with SURE: -0.016676772037958826
Finished training EB SURE-LS, with in-sample MSE: 0.0013549329640838359
use_scale: True
use_location: False
Finished training EB misspecified with NPMLE init, with SURE: 0.03233502136480951
Finished training EB misspecified with NPMLE init, with in-sample MSE: 0.054582400290514095
Finished training EB misspecified, with SURE: 0.03233174205520818
Finished training EB misspecified, with in-sample MSE: 0.05458442877271041
Finished training EB wellspecified, with SURE: -0.019481325135388798
Finished training EB wellspecified, with in-sample MSE: 0.0022218643496547254
m: 47
Finished solving NPMLE, with SURE 0.4914446710203773
Finished solving NPMLE, with in-sample MSE 0.07086541003277115
Finished solving parametric estimator, with SURE 0.08430652196762461
Finished solving parametric estimator, with in-sample MSE 0.0553204871166841
Finished solving EBCF, with in-sample MSE 0.005649482926961236
Finished training EB SURE-LS, with SURE: 0.03454084656272044
Finished training EB SURE-LS, with in-sample MSE: 0.004457290114459638
use_scale: True
use_location: False
Finished training EB misspecified with NPMLE init, with SURE: 0.07946521591907271
Finished training EB misspecified with NPMLE init, with in-sample MSE: 0.05696878829510006
Finished training EB misspecified, with SURE: 0.08028124573283421
Finished training EB misspecified, with in-sample MSE: 0.05495081515222219
Finished training EB wellspecified, with SURE: 0.027815706607357774
Finished training EB wellspecified, with in-sample MSE: 0.013973840818201657
m: 48
Finished solving NPMLE, with SURE 0.801485688986564
Finished solving NPMLE, with in-sample MSE 0.08367438412010815
Finished solving parametric estimator, with SURE 0.06109497797910185
Finished solving parametric estimator, with in-sample MSE 0.05831564791950369
Finished solving EBCF, with in-sample MSE 0.0035039012447979183
Finished training EB SURE-LS, with SURE: 0.01746878398355235
Finished training EB SURE-LS, with in-sample MSE: 0.0022995590750626888
use_scale: True
use_location: False
Finished training EB misspecified with NPMLE init, with SURE: 0.05259117982183924
Finished training EB misspecified with NPMLE init, with in-sample MSE: 0.06266154648893424
Finished training EB misspecified, with SURE: 0.05265994054005596
Finished training EB misspecified, with in-sample MSE: 0.06256073915362549
Finished training EB wellspecified, with SURE: 0.007496158943082964
Finished training EB wellspecified, with in-sample MSE: 0.014987646515440862
m: 49
Finished solving NPMLE, with SURE 0.42063102021213183
Finished solving NPMLE, with in-sample MSE 0.07968120418344544
Finished solving parametric estimator, with SURE 0.06919465566444866
Finished solving parametric estimator, with in-sample MSE 0.055443514741368806
Finished solving EBCF, with in-sample MSE 0.0024089985174647094
Finished training EB SURE-LS, with SURE: 0.008469462751158488
Finished training EB SURE-LS, with in-sample MSE: 0.0008899605647758402
use_scale: True
use_location: False
Finished training EB misspecified with NPMLE init, with SURE: 0.06496048336278464
Finished training EB misspecified with NPMLE init, with in-sample MSE: 0.05258546253971738
Finished training EB misspecified, with SURE: 0.06496330737118824
Finished training EB misspecified, with in-sample MSE: 0.05258552849465912
Finished training EB wellspecified, with SURE: -0.010973203746415165
Finished training EB wellspecified, with in-sample MSE: 0.02794991590827783

n: 3200
m: 0
Finished solving NPMLE, with SURE 0.5337079431415317
Finished solving NPMLE, with in-sample MSE 0.07667483405545145
Finished solving parametric estimator, with SURE 0.04816282711733755
Finished solving parametric estimator, with in-sample MSE 0.05585603845583347
Finished solving EBCF, with in-sample MSE 0.0014807420741017531
Finished training EB SURE-LS, with SURE: -0.002897385327680133
Finished training EB SURE-LS, with in-sample MSE: 0.0013760826721537457
use_scale: True
use_location: False
Finished training EB misspecified with NPMLE init, with SURE: 0.045212207164350676
Finished training EB misspecified with NPMLE init, with in-sample MSE: 0.05370279959200087
Finished training EB misspecified, with SURE: 0.045196155618269104
Finished training EB misspecified, with in-sample MSE: 0.053697961867856546
Finished training EB wellspecified, with SURE: -0.010471792748630047
Finished training EB wellspecified, with in-sample MSE: 0.007726258829548947
m: 1
Finished solving NPMLE, with SURE 0.6688910247170206
Finished solving NPMLE, with in-sample MSE 0.07302195238451378
Finished solving parametric estimator, with SURE 0.028310730315747934
Finished solving parametric estimator, with in-sample MSE 0.05614109774337618
Finished solving EBCF, with in-sample MSE 0.0023508431789227738
Finished training EB SURE-LS, with SURE: -0.026637879341662896
Finished training EB SURE-LS, with in-sample MSE: 0.0016473146339190286
use_scale: True
use_location: False
Finished training EB misspecified with NPMLE init, with SURE: 0.026192882829335674
Finished training EB misspecified with NPMLE init, with in-sample MSE: 0.05549830802103364
Finished training EB misspecified, with SURE: 0.02619533577002997
Finished training EB misspecified, with in-sample MSE: 0.055497864997726805
Finished training EB wellspecified, with SURE: -0.027997343640447425
Finished training EB wellspecified, with in-sample MSE: 0.0024982598613465397
m: 2
Finished solving NPMLE, with SURE 0.48538391757845417
Finished solving NPMLE, with in-sample MSE 0.07960361844801847
Finished solving parametric estimator, with SURE 0.060439600174850894
Finished solving parametric estimator, with in-sample MSE 0.056302747609460094
Finished solving EBCF, with in-sample MSE 0.0016279843409122128
Finished training EB SURE-LS, with SURE: 0.004619538390312014
Finished training EB SURE-LS, with in-sample MSE: 0.0013365519539039342
use_scale: True
use_location: False
Finished training EB misspecified with NPMLE init, with SURE: 0.0580267330790803
Finished training EB misspecified with NPMLE init, with in-sample MSE: 0.05418984730753713
Finished training EB misspecified, with SURE: 0.0580546593565834
Finished training EB misspecified, with in-sample MSE: 0.05420761123504786
Finished training EB wellspecified, with SURE: -0.00225708775402199
Finished training EB wellspecified, with in-sample MSE: 0.012759416278624787
m: 3
Finished solving NPMLE, with SURE 0.5570723185512441
Finished solving NPMLE, with in-sample MSE 0.07988699729119508
Finished solving parametric estimator, with SURE 0.05919460578306107
Finished solving parametric estimator, with in-sample MSE 0.0574386896414705
Finished solving EBCF, with in-sample MSE 0.0033115622628156994
Finished training EB SURE-LS, with SURE: 0.017764189427489682
Finished training EB SURE-LS, with in-sample MSE: 0.0022376436220737455
use_scale: True
use_location: False
Finished training EB misspecified with NPMLE init, with SURE: 0.056470499757791615
Finished training EB misspecified with NPMLE init, with in-sample MSE: 0.05767838907572395
Finished training EB misspecified, with SURE: 0.05649561349933329
Finished training EB misspecified, with in-sample MSE: 0.05757966919219536
Finished training EB wellspecified, with SURE: 0.016098081581835483
Finished training EB wellspecified, with in-sample MSE: 0.005077173421711905
m: 4
Finished solving NPMLE, with SURE 0.38082309321900437
Finished solving NPMLE, with in-sample MSE 0.07441479269338261
Finished solving parametric estimator, with SURE 0.028611285130561492
Finished solving parametric estimator, with in-sample MSE 0.0536970493288612
Finished solving EBCF, with in-sample MSE 0.0012351906614428575
Finished training EB SURE-LS, with SURE: -0.03473998428162349
Finished training EB SURE-LS, with in-sample MSE: 0.0012825430706446934
use_scale: True
use_location: False
Finished training EB misspecified with NPMLE init, with SURE: 0.02615412110632967
Finished training EB misspecified with NPMLE init, with in-sample MSE: 0.051674113400738006
Finished training EB misspecified, with SURE: 0.026155520284167722
Finished training EB misspecified, with in-sample MSE: 0.05167489545545714
Finished training EB wellspecified, with SURE: -0.03686985247319417
Finished training EB wellspecified, with in-sample MSE: 0.0022710104105417655
m: 5
Finished solving NPMLE, with SURE 0.6758733560506918
Finished solving NPMLE, with in-sample MSE 0.07283311515312677
Finished solving parametric estimator, with SURE 0.04756695939396066
Finished solving parametric estimator, with in-sample MSE 0.054131773746102355
Finished solving EBCF, with in-sample MSE 0.0006912732793938307
Finished training EB SURE-LS, with SURE: -0.012241092929777405
Finished training EB SURE-LS, with in-sample MSE: 0.0007224695530947466
use_scale: True
use_location: False
Finished training EB misspecified with NPMLE init, with SURE: 0.044784629026569434
Finished training EB misspecified with NPMLE init, with in-sample MSE: 0.053152641020526324
Finished training EB misspecified, with SURE: 0.04478667426818781
Finished training EB misspecified, with in-sample MSE: 0.053155568140807886
Finished training EB wellspecified, with SURE: -0.013011347446481653
Finished training EB wellspecified, with in-sample MSE: 0.001062537011484211
m: 6
Finished solving NPMLE, with SURE 1.1144421432822174
Finished solving NPMLE, with in-sample MSE 0.08026660213785783
Finished solving parametric estimator, with SURE 0.06666687004930738
Finished solving parametric estimator, with in-sample MSE 0.05584984630980466
Finished solving EBCF, with in-sample MSE 0.0023236339956123576
Finished training EB SURE-LS, with SURE: 0.008352007436970295
Finished training EB SURE-LS, with in-sample MSE: 0.0012463063010994364
use_scale: True
use_location: False
Finished training EB misspecified with NPMLE init, with SURE: 0.05972979242570631
Finished training EB misspecified with NPMLE init, with in-sample MSE: 0.060844541775428036
Finished training EB misspecified, with SURE: 0.06426760484660647
Finished training EB misspecified, with in-sample MSE: 0.054364777393425004
Finished training EB wellspecified, with SURE: 0.00527278138705833
Finished training EB wellspecified, with in-sample MSE: 0.001743562496937144
m: 7
Finished solving NPMLE, with SURE 0.5604639443992057
Finished solving NPMLE, with in-sample MSE 0.07477385814048655
Finished solving parametric estimator, with SURE 0.06263028689407135
Finished solving parametric estimator, with in-sample MSE 0.05390103423752095
Finished solving EBCF, with in-sample MSE 0.0005676593923900514
Finished training EB SURE-LS, with SURE: 0.004620373285665013
Finished training EB SURE-LS, with in-sample MSE: 0.0001926725754565162
use_scale: True
use_location: False
Finished training EB misspecified with NPMLE init, with SURE: 0.05898573704686456
Finished training EB misspecified with NPMLE init, with in-sample MSE: 0.05293790579299531
Finished training EB misspecified, with SURE: 0.059038117755455206
Finished training EB misspecified, with in-sample MSE: 0.052894261545245416
Finished training EB wellspecified, with SURE: 0.004233581871591956
Finished training EB wellspecified, with in-sample MSE: 0.0004944785753742474
m: 8
Finished solving NPMLE, with SURE 0.57672061433646
Finished solving NPMLE, with in-sample MSE 0.0781556034229391
Finished solving parametric estimator, with SURE 0.051165020120703786
Finished solving parametric estimator, with in-sample MSE 0.05799140667566577
Finished solving EBCF, with in-sample MSE 0.006398804510180328
Finished training EB SURE-LS, with SURE: 0.011260237450695128
Finished training EB SURE-LS, with in-sample MSE: 0.002886206918771213
use_scale: True
use_location: False
Finished training EB misspecified with NPMLE init, with SURE: 0.048951218798895156
Finished training EB misspecified with NPMLE init, with in-sample MSE: 0.05564027259122572
Finished training EB misspecified, with SURE: 0.048951102021381344
Finished training EB misspecified, with in-sample MSE: 0.05564138591432198
Finished training EB wellspecified, with SURE: 0.009130896516778212
Finished training EB wellspecified, with in-sample MSE: 0.003783167051591177
m: 9
Finished solving NPMLE, with SURE 0.5776571845747221
Finished solving NPMLE, with in-sample MSE 0.07509400608315193
Finished solving parametric estimator, with SURE 0.07061272888402786
Finished solving parametric estimator, with in-sample MSE 0.05454087854786966
Finished solving EBCF, with in-sample MSE 0.0018173846821417164
Finished training EB SURE-LS, with SURE: 0.010496183665649719
Finished training EB SURE-LS, with in-sample MSE: 0.001846607641806046
use_scale: True
use_location: False
Finished training EB misspecified with NPMLE init, with SURE: 0.06716026624438555
Finished training EB misspecified with NPMLE init, with in-sample MSE: 0.05441733097983015
Finished training EB misspecified, with SURE: 0.06724728841148561
Finished training EB misspecified, with in-sample MSE: 0.05446828586631783
Finished training EB wellspecified, with SURE: 0.0021556665952803637
Finished training EB wellspecified, with in-sample MSE: 0.011186048968449522
m: 10
Finished solving NPMLE, with SURE 0.3989439987552619
Finished solving NPMLE, with in-sample MSE 0.07230824999280445
Finished solving parametric estimator, with SURE 0.05149693153527396
Finished solving parametric estimator, with in-sample MSE 0.05447859753940696
Finished solving EBCF, with in-sample MSE 0.001000467006906446
Finished training EB SURE-LS, with SURE: -0.002383032015954035
Finished training EB SURE-LS, with in-sample MSE: 0.0011755468204867046
use_scale: True
use_location: False
Finished training EB misspecified with NPMLE init, with SURE: 0.04885091355519336
Finished training EB misspecified with NPMLE init, with in-sample MSE: 0.05359273135388098
Finished training EB misspecified, with SURE: 0.04890246869082304
Finished training EB misspecified, with in-sample MSE: 0.05357602850741938
Finished training EB wellspecified, with SURE: -0.004073726735469222
Finished training EB wellspecified, with in-sample MSE: 0.000981432242542754
m: 11
Mosek failed on this run
Finished solving parametric estimator, with SURE 0.043915286936486386
Finished solving parametric estimator, with in-sample MSE 0.055899645196051714
Finished solving EBCF, with in-sample MSE 0.01202127940524286
Finished training EB SURE-LS, with SURE: -0.011027943893581185
Finished training EB SURE-LS, with in-sample MSE: 0.0006518207147675655
use_scale: True
use_location: False
Finished training EB misspecified, with SURE: 0.04134540641616113
Finished training EB misspecified, with in-sample MSE: 0.05335146385065066
Finished training EB wellspecified, with SURE: -0.012676672498660162
Finished training EB wellspecified, with in-sample MSE: 0.0026785680015528664
m: 12
Mosek failed on this run
Finished solving parametric estimator, with SURE 0.03666993308356675
Finished solving parametric estimator, with in-sample MSE 0.05648053973947099
Finished solving EBCF, with in-sample MSE 0.0008495121065820203
Finished training EB SURE-LS, with SURE: -0.024527051653217804
Finished training EB SURE-LS, with in-sample MSE: 0.0014550540983622594
use_scale: True
use_location: False
Finished training EB misspecified, with SURE: 0.03517399220229663
Finished training EB misspecified, with in-sample MSE: 0.0553970330310634
Finished training EB wellspecified, with SURE: -0.027051181466264826
Finished training EB wellspecified, with in-sample MSE: 0.0017155721751679737
m: 13
Finished solving NPMLE, with SURE 0.6659962418573923
Finished solving NPMLE, with in-sample MSE 0.07381024825625387
Finished solving parametric estimator, with SURE 0.06414262495198941
Finished solving parametric estimator, with in-sample MSE 0.05387255931885397
Finished solving EBCF, with in-sample MSE 0.0013482277373249164
Finished training EB SURE-LS, with SURE: 0.011481867886147119
Finished training EB SURE-LS, with in-sample MSE: 0.0025616568935444813
use_scale: True
use_location: False
Finished training EB misspecified with NPMLE init, with SURE: 0.06141166076839838
Finished training EB misspecified with NPMLE init, with in-sample MSE: 0.05319465354914982
Finished training EB misspecified, with SURE: 0.06146991642109122
Finished training EB misspecified, with in-sample MSE: 0.053163223198180905
Finished training EB wellspecified, with SURE: 0.005147314216722869
Finished training EB wellspecified, with in-sample MSE: 0.0070269434029119745
m: 14
Finished solving NPMLE, with SURE 0.4213431745661028
Finished solving NPMLE, with in-sample MSE 0.07988569753015509
Finished solving parametric estimator, with SURE 0.04766230436189228
Finished solving parametric estimator, with in-sample MSE 0.058022897749297656
Finished solving EBCF, with in-sample MSE 0.0014645150137010047
Finished training EB SURE-LS, with SURE: -0.004813576194055194
Finished training EB SURE-LS, with in-sample MSE: 0.0005563889601802867
use_scale: True
use_location: False
Finished training EB misspecified with NPMLE init, with SURE: 0.04593332795359757
Finished training EB misspecified with NPMLE init, with in-sample MSE: 0.05634130154442125
Finished training EB misspecified, with SURE: 0.045956560294999206
Finished training EB misspecified, with in-sample MSE: 0.056387792232936634
Finished training EB wellspecified, with SURE: -0.013599762903137571
Finished training EB wellspecified, with in-sample MSE: 0.011833281325958993
m: 15
Finished solving NPMLE, with SURE 0.7763283671389055
Finished solving NPMLE, with in-sample MSE 0.07477860872533476
Finished solving parametric estimator, with SURE 0.08700830654313974
Finished solving parametric estimator, with in-sample MSE 0.05429560468369055
Finished solving EBCF, with in-sample MSE 0.004194031171739108
Finished training EB SURE-LS, with SURE: 0.025356970460665804
Finished training EB SURE-LS, with in-sample MSE: 0.0035153382289736827
use_scale: True
use_location: False
Finished training EB misspecified with NPMLE init, with SURE: 0.08295956983615611
Finished training EB misspecified with NPMLE init, with in-sample MSE: 0.05399821467773298
Finished training EB misspecified, with SURE: 0.08300199548473763
Finished training EB misspecified, with in-sample MSE: 0.05399821057093068
Finished training EB wellspecified, with SURE: 0.02066896565919987
Finished training EB wellspecified, with in-sample MSE: 0.00559653094826632
m: 16
Finished solving NPMLE, with SURE 0.4945051174633045
Finished solving NPMLE, with in-sample MSE 0.0773717905938926
Finished solving parametric estimator, with SURE 0.037723782206808054
Finished solving parametric estimator, with in-sample MSE 0.05618368892543512
Finished solving EBCF, with in-sample MSE 0.0013311050424799394
Finished training EB SURE-LS, with SURE: -0.020146508810900108
Finished training EB SURE-LS, with in-sample MSE: 0.0012126718621763488
use_scale: True
use_location: False
Finished training EB misspecified with NPMLE init, with SURE: 0.03570116055693305
Finished training EB misspecified with NPMLE init, with in-sample MSE: 0.05395213887902149
Finished training EB misspecified, with SURE: 0.035701486246142625
Finished training EB misspecified, with in-sample MSE: 0.05395265081741811
Finished training EB wellspecified, with SURE: -0.023707240591431804
Finished training EB wellspecified, with in-sample MSE: 0.0013670995876580558
m: 17
Finished solving NPMLE, with SURE 0.7376653660596366
Finished solving NPMLE, with in-sample MSE 0.07647187957474175
Finished solving parametric estimator, with SURE 0.05786622316178269
Finished solving parametric estimator, with in-sample MSE 0.05484281691274959
Finished solving EBCF, with in-sample MSE 0.002041441981526649
Finished training EB SURE-LS, with SURE: 0.006780460842415597
Finished training EB SURE-LS, with in-sample MSE: 0.0003379183759828921
use_scale: True
use_location: False
Finished training EB misspecified with NPMLE init, with SURE: 0.052570671402223185
Finished training EB misspecified with NPMLE init, with in-sample MSE: 0.057362888791593944
Finished training EB misspecified, with SURE: 0.05540744400744139
Finished training EB misspecified, with in-sample MSE: 0.053434478084683316
Finished training EB wellspecified, with SURE: 0.004056226271322223
Finished training EB wellspecified, with in-sample MSE: 0.002873095115082709
m: 18
Finished solving NPMLE, with SURE 0.7827834670271184
Finished solving NPMLE, with in-sample MSE 0.077673129480494
Finished solving parametric estimator, with SURE 0.045865138737759825
Finished solving parametric estimator, with in-sample MSE 0.05529510614670219
Finished solving EBCF, with in-sample MSE 0.0004708301391172801
Finished training EB SURE-LS, with SURE: -0.00775448201832984
Finished training EB SURE-LS, with in-sample MSE: 0.0011781682621843912
use_scale: True
use_location: False
Finished training EB misspecified with NPMLE init, with SURE: 0.04142357699767921
Finished training EB misspecified with NPMLE init, with in-sample MSE: 0.05859598884258957
Finished training EB misspecified, with SURE: 0.04268702505773369
Finished training EB misspecified, with in-sample MSE: 0.05460333913369153
Finished training EB wellspecified, with SURE: -0.00995667738983546
Finished training EB wellspecified, with in-sample MSE: 0.0008924690721881403
m: 19
Finished solving NPMLE, with SURE 0.7608319350459755
Finished solving NPMLE, with in-sample MSE 0.07463574744892126
Finished solving parametric estimator, with SURE 0.0764616721056568
Finished solving parametric estimator, with in-sample MSE 0.054033391217367555
Finished solving EBCF, with in-sample MSE 0.002274165693714383
Finished training EB SURE-LS, with SURE: 0.019689402123607064
Finished training EB SURE-LS, with in-sample MSE: 0.0024015561569620527
use_scale: True
use_location: False
Finished training EB misspecified with NPMLE init, with SURE: 0.07275569662099664
Finished training EB misspecified with NPMLE init, with in-sample MSE: 0.05425514825561398
Finished training EB misspecified, with SURE: 0.07365480436221752
Finished training EB misspecified, with in-sample MSE: 0.05368522353320973
Finished training EB wellspecified, with SURE: 0.018198500223980795
Finished training EB wellspecified, with in-sample MSE: 0.0029977763263070722
m: 20
Finished solving NPMLE, with SURE 0.674120569427945
Finished solving NPMLE, with in-sample MSE 0.08500420347952009
Finished solving parametric estimator, with SURE 0.06350109124547249
Finished solving parametric estimator, with in-sample MSE 0.05833909191898459
Finished solving EBCF, with in-sample MSE 0.0027412982521263967
Finished training EB SURE-LS, with SURE: 0.013237636275216867
Finished training EB SURE-LS, with in-sample MSE: 0.0016859637298316293
use_scale: True
use_location: False
Finished training EB misspecified with NPMLE init, with SURE: 0.060018768882835756
Finished training EB misspecified with NPMLE init, with in-sample MSE: 0.05524603195104806
Finished training EB misspecified, with SURE: 0.06005502040935284
Finished training EB misspecified, with in-sample MSE: 0.0552209685658935
Finished training EB wellspecified, with SURE: 0.008658820277466783
Finished training EB wellspecified, with in-sample MSE: 0.005642348901430279
m: 21
Finished solving NPMLE, with SURE 0.38973884549290344
Finished solving NPMLE, with in-sample MSE 0.08133820124294502
Finished solving parametric estimator, with SURE 0.08645470444225234
Finished solving parametric estimator, with in-sample MSE 0.057088299093530054
Finished solving EBCF, with in-sample MSE 0.002644590013574264
Finished training EB SURE-LS, with SURE: 0.03119222595671388
Finished training EB SURE-LS, with in-sample MSE: 0.0024898313818286465
use_scale: True
use_location: False
Finished training EB misspecified with NPMLE init, with SURE: 0.08037997083852623
Finished training EB misspecified with NPMLE init, with in-sample MSE: 0.05610896778358347
Finished training EB misspecified, with SURE: 0.08042300930004032
Finished training EB misspecified, with in-sample MSE: 0.05606510263853706
Finished training EB wellspecified, with SURE: 0.02489164075916467
Finished training EB wellspecified, with in-sample MSE: 0.009450308394965076
m: 22
Finished solving NPMLE, with SURE 0.5918524448973254
Finished solving NPMLE, with in-sample MSE 0.07123132048736416
Finished solving parametric estimator, with SURE 0.06863878430816911
Finished solving parametric estimator, with in-sample MSE 0.05320215558523014
Finished solving EBCF, with in-sample MSE 0.0017508334886299913
Finished training EB SURE-LS, with SURE: 0.011227083167607881
Finished training EB SURE-LS, with in-sample MSE: 0.0022634389418054635
use_scale: True
use_location: False
Finished training EB misspecified with NPMLE init, with SURE: 0.06535254535379707
Finished training EB misspecified with NPMLE init, with in-sample MSE: 0.05372617713822054
Finished training EB misspecified, with SURE: 0.0653431303259778
Finished training EB misspecified, with in-sample MSE: 0.05371139005350882
Finished training EB wellspecified, with SURE: 0.003989699277769201
Finished training EB wellspecified, with in-sample MSE: 0.01060102356996405
m: 23
Finished solving NPMLE, with SURE 0.571436493933857
Finished solving NPMLE, with in-sample MSE 0.07675751535014158
Finished solving parametric estimator, with SURE 0.0468676363520123
Finished solving parametric estimator, with in-sample MSE 0.05547876449625267
Finished solving EBCF, with in-sample MSE 0.000892467679616527
Finished training EB SURE-LS, with SURE: -0.012794837451848657
Finished training EB SURE-LS, with in-sample MSE: 0.00027666303870419655
use_scale: True
use_location: False
Finished training EB misspecified with NPMLE init, with SURE: 0.043850578475881294
Finished training EB misspecified with NPMLE init, with in-sample MSE: 0.0547075440628829
Finished training EB misspecified, with SURE: 0.04385134834211627
Finished training EB misspecified, with in-sample MSE: 0.05470583898620637
Finished training EB wellspecified, with SURE: -0.014692655570783284
Finished training EB wellspecified, with in-sample MSE: 0.003496368454593919
m: 24
Finished solving NPMLE, with SURE 0.4194543990574543
Finished solving NPMLE, with in-sample MSE 0.08241262210824216
Finished solving parametric estimator, with SURE 0.08053459771326243
Finished solving parametric estimator, with in-sample MSE 0.05885524578850139
Finished solving EBCF, with in-sample MSE 0.007826815313710982
Finished training EB SURE-LS, with SURE: 0.030255703788524997
Finished training EB SURE-LS, with in-sample MSE: 0.003103173869748932
use_scale: True
use_location: False
Finished training EB misspecified with NPMLE init, with SURE: 0.0755311588188421
Finished training EB misspecified with NPMLE init, with in-sample MSE: 0.05655411089505061
Finished training EB misspecified, with SURE: 0.07553412420036232
Finished training EB misspecified, with in-sample MSE: 0.056558321502727556
Finished training EB wellspecified, with SURE: 0.023172844029002736
Finished training EB wellspecified, with in-sample MSE: 0.01120032788198964
m: 25
Finished solving NPMLE, with SURE 0.7097617104796189
Finished solving NPMLE, with in-sample MSE 0.07146731581942543
Finished solving parametric estimator, with SURE 0.05317096266302568
Finished solving parametric estimator, with in-sample MSE 0.054601114562407974
Finished solving EBCF, with in-sample MSE 0.0018976185023979533
Finished training EB SURE-LS, with SURE: -0.007465405475288876
Finished training EB SURE-LS, with in-sample MSE: 0.0018538299260921934
use_scale: True
use_location: False
Finished training EB misspecified with NPMLE init, with SURE: 0.05030943955270772
Finished training EB misspecified with NPMLE init, with in-sample MSE: 0.05444245572272327
Finished training EB misspecified, with SURE: 0.050303089995861756
Finished training EB misspecified, with in-sample MSE: 0.0544405533851138
Finished training EB wellspecified, with SURE: -0.01099391372628983
Finished training EB wellspecified, with in-sample MSE: 0.0030983091468864766
m: 26
Finished solving NPMLE, with SURE 0.7192967264587149
Finished solving NPMLE, with in-sample MSE 0.07755196418166063
Finished solving parametric estimator, with SURE 0.07680424892317833
Finished solving parametric estimator, with in-sample MSE 0.05660559044084695
Finished solving EBCF, with in-sample MSE 0.00418300008078396
Finished training EB SURE-LS, with SURE: 0.027864650204846575
Finished training EB SURE-LS, with in-sample MSE: 0.002279676868476966
use_scale: True
use_location: False
Finished training EB misspecified with NPMLE init, with SURE: 0.07058224234759224
Finished training EB misspecified with NPMLE init, with in-sample MSE: 0.05633321848431746
Finished training EB misspecified, with SURE: 0.07058040469878157
Finished training EB misspecified, with in-sample MSE: 0.056335098750464094
Finished training EB wellspecified, with SURE: 0.023376636853829444
Finished training EB wellspecified, with in-sample MSE: 0.0058490079135918435
m: 27
Finished solving NPMLE, with SURE 0.746251517735934
Finished solving NPMLE, with in-sample MSE 0.07890311828469189
Finished solving parametric estimator, with SURE 0.05693948379866215
Finished solving parametric estimator, with in-sample MSE 0.05627804631005011
Finished solving EBCF, with in-sample MSE 0.0008793049439429713
Finished training EB SURE-LS, with SURE: -0.0004098963361054531
Finished training EB SURE-LS, with in-sample MSE: 0.00024366405463008593
use_scale: True
use_location: False
Finished training EB misspecified with NPMLE init, with SURE: 0.05156044263951387
Finished training EB misspecified with NPMLE init, with in-sample MSE: 0.05712779461016106
Finished training EB misspecified, with SURE: 0.053758287465974774
Finished training EB misspecified, with in-sample MSE: 0.054803437523719085
Finished training EB wellspecified, with SURE: -0.006472704617366059
Finished training EB wellspecified, with in-sample MSE: 0.00759860138487159
m: 28
Finished solving NPMLE, with SURE 0.6244130642836341
Finished solving NPMLE, with in-sample MSE 0.08061565491705461
Finished solving parametric estimator, with SURE 0.03517344447303228
Finished solving parametric estimator, with in-sample MSE 0.05733129775010677
Finished solving EBCF, with in-sample MSE 0.0010361180563707329
Finished training EB SURE-LS, with SURE: -0.018754097296962896
Finished training EB SURE-LS, with in-sample MSE: 0.001325902680529137
use_scale: True
use_location: False
Finished training EB misspecified with NPMLE init, with SURE: 0.03303004793805421
Finished training EB misspecified with NPMLE init, with in-sample MSE: 0.05451072992259096
Finished training EB misspecified, with SURE: 0.03302984505531285
Finished training EB misspecified, with in-sample MSE: 0.05451109891826304
Finished training EB wellspecified, with SURE: -0.020263373147794334
Finished training EB wellspecified, with in-sample MSE: 0.0008798588439343656
m: 29
Finished solving NPMLE, with SURE 0.8442013847952324
Finished solving NPMLE, with in-sample MSE 0.0765084670284578
Finished solving parametric estimator, with SURE 0.0830082458192204
Finished solving parametric estimator, with in-sample MSE 0.05715724552212121
Finished solving EBCF, with in-sample MSE 0.0021680878828634134
Finished training EB SURE-LS, with SURE: 0.03021070873872498
Finished training EB SURE-LS, with in-sample MSE: 0.002741732726693832
use_scale: True
use_location: False
Finished training EB misspecified with NPMLE init, with SURE: 0.08012263119543327
Finished training EB misspecified with NPMLE init, with in-sample MSE: 0.05527126566265509
Finished training EB misspecified, with SURE: 0.08026048854841414
Finished training EB misspecified, with in-sample MSE: 0.05522545756218933
Finished training EB wellspecified, with SURE: 0.020873663828445643
Finished training EB wellspecified, with in-sample MSE: 0.010624291534362684
m: 30
Finished solving NPMLE, with SURE 0.45045155358415057
Finished solving NPMLE, with in-sample MSE 0.07257360923742284
Finished solving parametric estimator, with SURE 0.06095160669838001
Finished solving parametric estimator, with in-sample MSE 0.05449695040034167
Finished solving EBCF, with in-sample MSE 0.0011411377447328418
Finished training EB SURE-LS, with SURE: 0.008061780512389559
Finished training EB SURE-LS, with in-sample MSE: 0.0013572381701180095
use_scale: True
use_location: False
Finished training EB misspecified with NPMLE init, with SURE: 0.05830705083867471
Finished training EB misspecified with NPMLE init, with in-sample MSE: 0.05320282876024081
Finished training EB misspecified, with SURE: 0.058378286591820795
Finished training EB misspecified, with in-sample MSE: 0.0531380521519637
Finished training EB wellspecified, with SURE: 0.0016335320627661421
Finished training EB wellspecified, with in-sample MSE: 0.005852761778277017
m: 31
Finished solving NPMLE, with SURE 0.40606664647717394
Finished solving NPMLE, with in-sample MSE 0.08064549686047284
Finished solving parametric estimator, with SURE 0.033000490865740695
Finished solving parametric estimator, with in-sample MSE 0.058312543815766366
Finished solving EBCF, with in-sample MSE 0.0009846707207355355
Finished training EB SURE-LS, with SURE: -0.022996255800592672
Finished training EB SURE-LS, with in-sample MSE: 0.0006459083289656461
use_scale: True
use_location: False
Finished training EB misspecified with NPMLE init, with SURE: 0.03183252397291426
Finished training EB misspecified with NPMLE init, with in-sample MSE: 0.05676101306958485
Finished training EB misspecified, with SURE: 0.03197446137003297
Finished training EB misspecified, with in-sample MSE: 0.056800633691341036
Finished training EB wellspecified, with SURE: -0.024187101685270617
Finished training EB wellspecified, with in-sample MSE: 0.0014613951983999524
m: 32
Finished solving NPMLE, with SURE 0.4258074991967697
Finished solving NPMLE, with in-sample MSE 0.07113870051581546
Finished solving parametric estimator, with SURE 0.05649856002303211
Finished solving parametric estimator, with in-sample MSE 0.05391506617915406
Finished solving EBCF, with in-sample MSE 0.001328799971093465
Finished training EB SURE-LS, with SURE: -0.0010608653115046118
Finished training EB SURE-LS, with in-sample MSE: 0.0004470782078270729
use_scale: True
use_location: False
Finished training EB misspecified with NPMLE init, with SURE: 0.0546633532701636
Finished training EB misspecified with NPMLE init, with in-sample MSE: 0.05351824257605964
Finished training EB misspecified, with SURE: 0.05466556777275571
Finished training EB misspecified, with in-sample MSE: 0.05354428733665247
Finished training EB wellspecified, with SURE: -0.003675746391869885
Finished training EB wellspecified, with in-sample MSE: 0.0054206045953630174
m: 33
Finished solving NPMLE, with SURE 0.6353688421415095
Finished solving NPMLE, with in-sample MSE 0.07416618374313612
Finished solving parametric estimator, with SURE 0.0651951694566465
Finished solving parametric estimator, with in-sample MSE 0.054485348031903316
Finished solving EBCF, with in-sample MSE 0.0015274562436463472
Finished training EB SURE-LS, with SURE: 0.012753548090461472
Finished training EB SURE-LS, with in-sample MSE: 0.0006000522301194972
use_scale: True
use_location: False
Finished training EB misspecified with NPMLE init, with SURE: 0.059180386240904354
Finished training EB misspecified with NPMLE init, with in-sample MSE: 0.05840088319593532
Finished training EB misspecified, with SURE: 0.059246002029728545
Finished training EB misspecified, with in-sample MSE: 0.05826373410201886
Finished training EB wellspecified, with SURE: 0.01280997749103194
Finished training EB wellspecified, with in-sample MSE: 0.0005493210567410502
m: 34
Mosek failed on this run
Finished solving parametric estimator, with SURE 0.06389408529812363
Finished solving parametric estimator, with in-sample MSE 0.05607644897136252
Finished solving EBCF, with in-sample MSE 0.0014980848840085723
Finished training EB SURE-LS, with SURE: 0.009173997802455461
Finished training EB SURE-LS, with in-sample MSE: 0.001090650579933431
use_scale: True
use_location: False
Finished training EB misspecified, with SURE: 0.05925046870783682
Finished training EB misspecified, with in-sample MSE: 0.05624424309346181
Finished training EB wellspecified, with SURE: 0.009885592771885065
Finished training EB wellspecified, with in-sample MSE: 8.700289086810934e-05
m: 35
Finished solving NPMLE, with SURE 0.6991869806089477
Finished solving NPMLE, with in-sample MSE 0.08485093827739595
Finished solving parametric estimator, with SURE 0.05030986105504609
Finished solving parametric estimator, with in-sample MSE 0.0575568578053793
Finished solving EBCF, with in-sample MSE 0.0013209400973455752
Finished training EB SURE-LS, with SURE: -0.0053718185227076875
Finished training EB SURE-LS, with in-sample MSE: 0.0016383324088921473
use_scale: True
use_location: False
Finished training EB misspecified with NPMLE init, with SURE: 0.04593861827720531
Finished training EB misspecified with NPMLE init, with in-sample MSE: 0.056854576519310286
Finished training EB misspecified, with SURE: 0.04768557171737349
Finished training EB misspecified, with in-sample MSE: 0.05507112273538471
Finished training EB wellspecified, with SURE: -0.008919212893381519
Finished training EB wellspecified, with in-sample MSE: 0.002341171122041709
m: 36
Mosek failed on this run
Finished solving parametric estimator, with SURE 0.04234954540402691
Finished solving parametric estimator, with in-sample MSE 0.05952709428488684
Finished solving EBCF, with in-sample MSE 0.0032225218986495956
Finished training EB SURE-LS, with SURE: -0.00265707429589637
Finished training EB SURE-LS, with in-sample MSE: 0.002478933580158198
use_scale: True
use_location: False
Finished training EB misspecified, with SURE: 0.04109340304860517
Finished training EB misspecified, with in-sample MSE: 0.05744711732283542
Finished training EB wellspecified, with SURE: -0.0031304035272014296
Finished training EB wellspecified, with in-sample MSE: 0.0019850472769430846
m: 37
Finished solving NPMLE, with SURE 0.8810393654070596
Finished solving NPMLE, with in-sample MSE 0.07939793226491897
Finished solving parametric estimator, with SURE 0.07049087540438986
Finished solving parametric estimator, with in-sample MSE 0.05463055632507635
Finished solving EBCF, with in-sample MSE 0.0007001153039828103
Finished training EB SURE-LS, with SURE: 0.01662253149642415
Finished training EB SURE-LS, with in-sample MSE: 0.00114229045943919
use_scale: True
use_location: False
Finished training EB misspecified with NPMLE init, with SURE: 0.06603588876132889
Finished training EB misspecified with NPMLE init, with in-sample MSE: 0.05574368871473056
Finished training EB misspecified, with SURE: 0.06599377355372511
Finished training EB misspecified, with in-sample MSE: 0.05590697940535771
Finished training EB wellspecified, with SURE: 0.009899774838965085
Finished training EB wellspecified, with in-sample MSE: 0.00798947795771446
m: 38
Finished solving NPMLE, with SURE 0.802639497084369
Finished solving NPMLE, with in-sample MSE 0.08168706533035511
Finished solving parametric estimator, with SURE 0.05414356712583235
Finished solving parametric estimator, with in-sample MSE 0.057909045819667354
Finished solving EBCF, with in-sample MSE 0.0021991888768130114
Finished training EB SURE-LS, with SURE: 0.009150228858731626
Finished training EB SURE-LS, with in-sample MSE: 0.0021846891911322295
use_scale: True
use_location: False
Finished training EB misspecified with NPMLE init, with SURE: 0.05137092559607247
Finished training EB misspecified with NPMLE init, with in-sample MSE: 0.05501070561099912
Finished training EB misspecified, with SURE: 0.05147481775502669
Finished training EB misspecified, with in-sample MSE: 0.054958844011352675
Finished training EB wellspecified, with SURE: 0.0011222139377872287
Finished training EB wellspecified, with in-sample MSE: 0.009295196248520066
m: 39
Finished solving NPMLE, with SURE 0.7599139869161716
Finished solving NPMLE, with in-sample MSE 0.0787321917601339
Finished solving parametric estimator, with SURE 0.06870735190026012
Finished solving parametric estimator, with in-sample MSE 0.05578585508802494
Finished solving EBCF, with in-sample MSE 0.0017453411213848742
Finished training EB SURE-LS, with SURE: 0.010504483534214694
Finished training EB SURE-LS, with in-sample MSE: 0.0005507692093234536
use_scale: True
use_location: False
Finished training EB misspecified with NPMLE init, with SURE: 0.06533760842823852
Finished training EB misspecified with NPMLE init, with in-sample MSE: 0.05456037227596498
Finished training EB misspecified, with SURE: 0.06598871151487685
Finished training EB misspecified, with in-sample MSE: 0.053670267062958105
Finished training EB wellspecified, with SURE: 0.006716495578731436
Finished training EB wellspecified, with in-sample MSE: 0.00581346163833634
m: 40
Finished solving NPMLE, with SURE 0.5045007900196904
Finished solving NPMLE, with in-sample MSE 0.08150494498613475
Finished solving parametric estimator, with SURE 0.05976208169806613
Finished solving parametric estimator, with in-sample MSE 0.056122682812485
Finished solving EBCF, with in-sample MSE 0.0012337362642788642
Finished training EB SURE-LS, with SURE: -0.0031089329477711125
Finished training EB SURE-LS, with in-sample MSE: 0.0006422989284149569
use_scale: True
use_location: False
Finished training EB misspecified with NPMLE init, with SURE: 0.05565187438563172
Finished training EB misspecified with NPMLE init, with in-sample MSE: 0.05448860437489074
Finished training EB misspecified, with SURE: 0.055742480838851166
Finished training EB misspecified, with in-sample MSE: 0.054443571194893056
Finished training EB wellspecified, with SURE: 0.0007684668879150167
Finished training EB wellspecified, with in-sample MSE: 0.0013142879264996562
m: 41
Finished solving NPMLE, with SURE 0.637422852454158
Finished solving NPMLE, with in-sample MSE 0.08210178738498759
Finished solving parametric estimator, with SURE 0.06533382729243908
Finished solving parametric estimator, with in-sample MSE 0.056436903564812804
Finished solving EBCF, with in-sample MSE 0.0021914812206195416
Finished training EB SURE-LS, with SURE: 0.015724385350785172
Finished training EB SURE-LS, with in-sample MSE: 0.0007322155111331713
use_scale: True
use_location: False
Finished training EB misspecified with NPMLE init, with SURE: 0.060346344996546224
Finished training EB misspecified with NPMLE init, with in-sample MSE: 0.05799304204670114
Finished training EB misspecified, with SURE: 0.06036724470729809
Finished training EB misspecified, with in-sample MSE: 0.05795204975855608
Finished training EB wellspecified, with SURE: 0.0077454183960624
Finished training EB wellspecified, with in-sample MSE: 0.013253160164031995
m: 42
Finished solving NPMLE, with SURE 0.48953344055960757
Finished solving NPMLE, with in-sample MSE 0.08004427072058201
Finished solving parametric estimator, with SURE 0.05828381057722637
Finished solving parametric estimator, with in-sample MSE 0.0561525894351362
Finished solving EBCF, with in-sample MSE 0.024273901889988632
Finished training EB SURE-LS, with SURE: 0.0059035982027786605
Finished training EB SURE-LS, with in-sample MSE: 0.0013247428804513911
use_scale: True
use_location: False
Finished training EB misspecified with NPMLE init, with SURE: 0.05400087913716618
Finished training EB misspecified with NPMLE init, with in-sample MSE: 0.05669323137173166
Finished training EB misspecified, with SURE: 0.054084839950688635
Finished training EB misspecified, with in-sample MSE: 0.05668099669223503
Finished training EB wellspecified, with SURE: 0.0020367444050474514
Finished training EB wellspecified, with in-sample MSE: 0.004444159328301501
m: 43
Finished solving NPMLE, with SURE 0.4514345774452477
Finished solving NPMLE, with in-sample MSE 0.08343089935008638
Finished solving parametric estimator, with SURE 0.033940944171203136
Finished solving parametric estimator, with in-sample MSE 0.059129714606910105
Finished solving EBCF, with in-sample MSE 0.0023755894985266627
Finished training EB SURE-LS, with SURE: -0.014236668096957934
Finished training EB SURE-LS, with in-sample MSE: 0.0018349086137787098
use_scale: True
use_location: False
Finished training EB misspecified with NPMLE init, with SURE: 0.0322451101179864
Finished training EB misspecified with NPMLE init, with in-sample MSE: 0.057261305795006656
Finished training EB misspecified, with SURE: 0.032241456097516163
Finished training EB misspecified, with in-sample MSE: 0.05727794362759574
Finished training EB wellspecified, with SURE: -0.015602620112375573
Finished training EB wellspecified, with in-sample MSE: 0.0035076318501285255
m: 44
Finished solving NPMLE, with SURE 0.7088928430924423
Finished solving NPMLE, with in-sample MSE 0.08103602772048209
Finished solving parametric estimator, with SURE 0.05909962503217975
Finished solving parametric estimator, with in-sample MSE 0.05675957799705223
Finished solving EBCF, with in-sample MSE 0.0027749997406785842
Finished training EB SURE-LS, with SURE: 0.011769281900149333
Finished training EB SURE-LS, with in-sample MSE: 0.0014433270780284874
use_scale: True
use_location: False
Finished training EB misspecified with NPMLE init, with SURE: 0.05398550340585843
Finished training EB misspecified with NPMLE init, with in-sample MSE: 0.05857158868162343
Finished training EB misspecified, with SURE: 0.05609846703268886
Finished training EB misspecified, with in-sample MSE: 0.05448561582678005
Finished training EB wellspecified, with SURE: 0.007964171864733171
Finished training EB wellspecified, with in-sample MSE: 0.00538273115894206
m: 45
Finished solving NPMLE, with SURE 0.6646828555140651
Finished solving NPMLE, with in-sample MSE 0.07715924311456701
Finished solving parametric estimator, with SURE 0.07789482118799634
Finished solving parametric estimator, with in-sample MSE 0.05719952253959382
Finished solving EBCF, with in-sample MSE 0.0013793672261645075
Finished training EB SURE-LS, with SURE: 0.02264737950492524
Finished training EB SURE-LS, with in-sample MSE: 0.0019090612074241767
use_scale: True
use_location: False
Finished training EB misspecified with NPMLE init, with SURE: 0.07289285160881441
Finished training EB misspecified with NPMLE init, with in-sample MSE: 0.05613813126939984
Finished training EB misspecified, with SURE: 0.0730014565989459
Finished training EB misspecified, with in-sample MSE: 0.05579687384946555
Finished training EB wellspecified, with SURE: 0.017124173660742086
Finished training EB wellspecified, with in-sample MSE: 0.008586248822984007
m: 46
Finished solving NPMLE, with SURE 0.6380837243916146
Finished solving NPMLE, with in-sample MSE 0.07302119416610062
Finished solving parametric estimator, with SURE 0.050723588382432905
Finished solving parametric estimator, with in-sample MSE 0.054387869978083224
Finished solving EBCF, with in-sample MSE 0.0011681221241613075
Finished training EB SURE-LS, with SURE: -0.003325368517014753
Finished training EB SURE-LS, with in-sample MSE: 0.0013496661002392527
use_scale: True
use_location: False
Finished training EB misspecified with NPMLE init, with SURE: 0.04766931706442335
Finished training EB misspecified with NPMLE init, with in-sample MSE: 0.055205622110910575
Finished training EB misspecified, with SURE: 0.04769166987415332
Finished training EB misspecified, with in-sample MSE: 0.05516831375412139
Finished training EB wellspecified, with SURE: -0.004286049106267307
Finished training EB wellspecified, with in-sample MSE: 0.0015459733244221655
m: 47
Finished solving NPMLE, with SURE 0.32592038433961734
Finished solving NPMLE, with in-sample MSE 0.07530152691689902
Finished solving parametric estimator, with SURE 0.07956948680475456
Finished solving parametric estimator, with in-sample MSE 0.05567777394752922
Finished solving EBCF, with in-sample MSE 0.0030437802049218506
Finished training EB SURE-LS, with SURE: 0.021039472633072095
Finished training EB SURE-LS, with in-sample MSE: 0.0021589488705301262
use_scale: True
use_location: False
Finished training EB misspecified with NPMLE init, with SURE: 0.07574922543450675
Finished training EB misspecified with NPMLE init, with in-sample MSE: 0.05574930206746993
Finished training EB misspecified, with SURE: 0.07578846878300319
Finished training EB misspecified, with in-sample MSE: 0.055713901334610766
Finished training EB wellspecified, with SURE: 0.014284498490377596
Finished training EB wellspecified, with in-sample MSE: 0.01317346312471003
m: 48
Finished solving NPMLE, with SURE 0.6524421431935843
Finished solving NPMLE, with in-sample MSE 0.08206725819135693
Finished solving parametric estimator, with SURE 0.060146322460158885
Finished solving parametric estimator, with in-sample MSE 0.05811700990724488
Finished solving EBCF, with in-sample MSE 0.0031153151319600067
Finished training EB SURE-LS, with SURE: 0.01244000942446733
Finished training EB SURE-LS, with in-sample MSE: 0.0016798291271383102
use_scale: True
use_location: False
Finished training EB misspecified with NPMLE init, with SURE: 0.056382677680504686
Finished training EB misspecified with NPMLE init, with in-sample MSE: 0.057187506331255
Finished training EB misspecified, with SURE: 0.05687164796696394
Finished training EB misspecified, with in-sample MSE: 0.0563982668326204
Finished training EB wellspecified, with SURE: 0.003112807630746754
Finished training EB wellspecified, with in-sample MSE: 0.013856594132676042
m: 49
Finished solving NPMLE, with SURE 0.5003324940259781
Finished solving NPMLE, with in-sample MSE 0.07268239585854919
Finished solving parametric estimator, with SURE 0.06336045477990193
Finished solving parametric estimator, with in-sample MSE 0.05488322054158573
Finished solving EBCF, with in-sample MSE 0.0012470993993453886
Finished training EB SURE-LS, with SURE: 0.005357268653412307
Finished training EB SURE-LS, with in-sample MSE: 0.0003981948678381987
use_scale: True
use_location: False
Finished training EB misspecified with NPMLE init, with SURE: 0.05927520254167121
Finished training EB misspecified with NPMLE init, with in-sample MSE: 0.05452376461389002
Finished training EB misspecified, with SURE: 0.059278816341107474
Finished training EB misspecified, with in-sample MSE: 0.05452258766272275
Finished training EB wellspecified, with SURE: 0.002765247125751043
Finished training EB wellspecified, with in-sample MSE: 0.002423729857434424

n: 6400
m: 0
Mosek failed on this run
Finished solving parametric estimator, with SURE 0.07469865051936503
Finished solving parametric estimator, with in-sample MSE 0.056295273597701874
Finished solving EBCF, with in-sample MSE 0.012553196549459297
Finished training EB SURE-LS, with SURE: 0.0187555791357644
Finished training EB SURE-LS, with in-sample MSE: 0.001962387541751329
use_scale: True
use_location: False
Finished training EB misspecified, with SURE: 0.07160194307900973
Finished training EB misspecified, with in-sample MSE: 0.05382505768063759
Finished training EB wellspecified, with SURE: 0.016305229469285802
Finished training EB wellspecified, with in-sample MSE: 0.002032520450290024
m: 1
Mosek failed on this run
Finished solving parametric estimator, with SURE 0.05296377383663281
Finished solving parametric estimator, with in-sample MSE 0.05532735073452093
Finished solving EBCF, with in-sample MSE 0.0006598378136627554
Finished training EB SURE-LS, with SURE: 0.0009212165700805589
Finished training EB SURE-LS, with in-sample MSE: 0.001184742403747589
use_scale: True
use_location: False
Finished training EB misspecified, with SURE: 0.051338010185737776
Finished training EB misspecified, with in-sample MSE: 0.053627338915655874
Finished training EB wellspecified, with SURE: 0.00023580039354504368
Finished training EB wellspecified, with in-sample MSE: 9.939450555084356e-05
m: 2
Finished solving NPMLE, with SURE 0.5096325458674603
Finished solving NPMLE, with in-sample MSE 0.0780121901991574
Finished solving parametric estimator, with SURE 0.0530004014146202
Finished solving parametric estimator, with in-sample MSE 0.05582427465484843
Finished solving EBCF, with in-sample MSE 0.0013083876616584906
Finished training EB SURE-LS, with SURE: -0.0011947508556789147
Finished training EB SURE-LS, with in-sample MSE: 0.0011621400466246825
use_scale: True
use_location: False
Finished training EB misspecified with NPMLE init, with SURE: 0.05092140574979368
Finished training EB misspecified with NPMLE init, with in-sample MSE: 0.05359567521603271
Finished training EB misspecified, with SURE: 0.05098617799117605
Finished training EB misspecified, with in-sample MSE: 0.05356004849362186
Finished training EB wellspecified, with SURE: -0.004120246536752833
Finished training EB wellspecified, with in-sample MSE: 0.00205781579050721
m: 3
Finished solving NPMLE, with SURE 0.5588579056457761
Finished solving NPMLE, with in-sample MSE 0.0768459468772581
Finished solving parametric estimator, with SURE 0.05565594272978214
Finished solving parametric estimator, with in-sample MSE 0.055577473354009144
Finished solving EBCF, with in-sample MSE 0.0009880617551240155
Finished training EB SURE-LS, with SURE: -0.0023311322011295393
Finished training EB SURE-LS, with in-sample MSE: 0.0005737003591055656
use_scale: True
use_location: False
Finished training EB misspecified with NPMLE init, with SURE: 0.05317703846501594
Finished training EB misspecified with NPMLE init, with in-sample MSE: 0.053482643937287216
Finished training EB misspecified, with SURE: 0.053183669212892894
Finished training EB misspecified, with in-sample MSE: 0.053494983473821665
Finished training EB wellspecified, with SURE: -0.003024308389992363
Finished training EB wellspecified, with in-sample MSE: 0.0013107218347176428
m: 4
Finished solving NPMLE, with SURE 0.5522846221603214
Finished solving NPMLE, with in-sample MSE 0.0737342328293995
Finished solving parametric estimator, with SURE 0.046328903244641284
Finished solving parametric estimator, with in-sample MSE 0.05537324357774228
Finished solving EBCF, with in-sample MSE 0.0007847811334231065
Finished training EB SURE-LS, with SURE: -0.01282029142655837
Finished training EB SURE-LS, with in-sample MSE: 0.0002761707028828053
use_scale: True
use_location: False
Finished training EB misspecified with NPMLE init, with SURE: 0.04373407560664283
Finished training EB misspecified with NPMLE init, with in-sample MSE: 0.054789687222529915
Finished training EB misspecified, with SURE: 0.0440571207802428
Finished training EB misspecified, with in-sample MSE: 0.054186915270757544
Finished training EB wellspecified, with SURE: -0.012850096190385721
Finished training EB wellspecified, with in-sample MSE: 0.0003457986171909066
m: 5
Finished solving NPMLE, with SURE 0.5617934003253773
Finished solving NPMLE, with in-sample MSE 0.07945036842542652
Finished solving parametric estimator, with SURE 0.05876970733954867
Finished solving parametric estimator, with in-sample MSE 0.0557192469986019
Finished solving EBCF, with in-sample MSE 0.000354986545058287
Finished training EB SURE-LS, with SURE: 0.0015226425824513468
Finished training EB SURE-LS, with in-sample MSE: 0.001195345504019553
use_scale: True
use_location: False
Finished training EB misspecified with NPMLE init, with SURE: 0.05621308011129059
Finished training EB misspecified with NPMLE init, with in-sample MSE: 0.05317165937147724
Finished training EB misspecified, with SURE: 0.056230951871424684
Finished training EB misspecified, with in-sample MSE: 0.053151881100642305
Finished training EB wellspecified, with SURE: -0.000578890159846642
Finished training EB wellspecified, with in-sample MSE: 0.0006126839329324079
m: 6
Finished solving NPMLE, with SURE 0.5816675069219177
Finished solving NPMLE, with in-sample MSE 0.07357236605422605
Finished solving parametric estimator, with SURE 0.07065396530410295
Finished solving parametric estimator, with in-sample MSE 0.053812167126632025
Finished solving EBCF, with in-sample MSE 0.001626150545995494
Finished training EB SURE-LS, with SURE: 0.009880262719933945
Finished training EB SURE-LS, with in-sample MSE: 0.0018593993608450989
use_scale: True
use_location: False
Finished training EB misspecified with NPMLE init, with SURE: 0.06717939872146879
Finished training EB misspecified with NPMLE init, with in-sample MSE: 0.05287340820234129
Finished training EB misspecified, with SURE: 0.0671963921773488
Finished training EB misspecified, with in-sample MSE: 0.05288103502594316
Finished training EB wellspecified, with SURE: 0.007850798308902392
Finished training EB wellspecified, with in-sample MSE: 0.0017552836513974768
m: 7
Finished solving NPMLE, with SURE 0.6510888430232785
Finished solving NPMLE, with in-sample MSE 0.0795829194017329
Finished solving parametric estimator, with SURE 0.06705228818784009
Finished solving parametric estimator, with in-sample MSE 0.05559087053630297
Finished solving EBCF, with in-sample MSE 0.001700227955181894
Finished training EB SURE-LS, with SURE: 0.013145270360263944
Finished training EB SURE-LS, with in-sample MSE: 0.0006965640003193448
use_scale: True
use_location: False
Finished training EB misspecified with NPMLE init, with SURE: 0.06466782306381326
Finished training EB misspecified with NPMLE init, with in-sample MSE: 0.053089270173641505
Finished training EB misspecified, with SURE: 0.06489470120873107
Finished training EB misspecified, with in-sample MSE: 0.052542065514277286
Finished training EB wellspecified, with SURE: 0.013036093853475088
Finished training EB wellspecified, with in-sample MSE: 0.0009939279385036985
m: 8
Mosek failed on this run
Finished solving parametric estimator, with SURE 0.0578100272830136
Finished solving parametric estimator, with in-sample MSE 0.05531346530287375
Finished solving EBCF, with in-sample MSE 0.000792456170110477
Finished training EB SURE-LS, with SURE: 0.004475204977780703
Finished training EB SURE-LS, with in-sample MSE: 0.0004719822422848328
use_scale: True
use_location: False
Finished training EB misspecified, with SURE: 0.05605752207449946
Finished training EB misspecified, with in-sample MSE: 0.05453976485137491
Finished training EB wellspecified, with SURE: 0.003208282317654439
Finished training EB wellspecified, with in-sample MSE: 0.001480334311650286
m: 9
Finished solving NPMLE, with SURE 0.44078754252834906
Finished solving NPMLE, with in-sample MSE 0.07744366667811174
Finished solving parametric estimator, with SURE 0.045393276062656085
Finished solving parametric estimator, with in-sample MSE 0.05648313567964104
Finished solving EBCF, with in-sample MSE 0.0007021901121848488
Finished training EB SURE-LS, with SURE: -0.0054331569696624135
Finished training EB SURE-LS, with in-sample MSE: 0.00037085722944442916
use_scale: True
use_location: False
Finished training EB misspecified with NPMLE init, with SURE: 0.044109428228452714
Finished training EB misspecified with NPMLE init, with in-sample MSE: 0.05503559173308578
Finished training EB misspecified, with SURE: 0.04412556496527259
Finished training EB misspecified, with in-sample MSE: 0.05506859795736495
Finished training EB wellspecified, with SURE: -0.005561573979794232
Finished training EB wellspecified, with in-sample MSE: 0.00041832857047434516
m: 10
Finished solving NPMLE, with SURE 0.49665415739479635
Finished solving NPMLE, with in-sample MSE 0.07634249352009362
Finished solving parametric estimator, with SURE 0.05728451131101092
Finished solving parametric estimator, with in-sample MSE 0.05530297496145262
Finished solving EBCF, with in-sample MSE 0.0007821478892231272
Finished training EB SURE-LS, with SURE: -0.0001342712132216578
Finished training EB SURE-LS, with in-sample MSE: 0.0011599661123645653
use_scale: True
use_location: False
Finished training EB misspecified with NPMLE init, with SURE: 0.054342488033127766
Finished training EB misspecified with NPMLE init, with in-sample MSE: 0.05335323434213493
Finished training EB misspecified, with SURE: 0.054344737589074515
Finished training EB misspecified, with in-sample MSE: 0.053352982728035944
Finished training EB wellspecified, with SURE: -0.0030237674971855155
Finished training EB wellspecified, with in-sample MSE: 0.0021229576909673896
m: 11
Finished solving NPMLE, with SURE 0.5389453300504514
Finished solving NPMLE, with in-sample MSE 0.07511789164867855
Finished solving parametric estimator, with SURE 0.059484624788591844
Finished solving parametric estimator, with in-sample MSE 0.05506851338735699
Finished solving EBCF, with in-sample MSE 0.0006562998577877865
Finished training EB SURE-LS, with SURE: 0.006873236227896013
Finished training EB SURE-LS, with in-sample MSE: 0.001308480658299712
use_scale: True
use_location: False
Finished training EB misspecified with NPMLE init, with SURE: 0.05731761597702395
Finished training EB misspecified with NPMLE init, with in-sample MSE: 0.05350851946569273
Finished training EB misspecified, with SURE: 0.05737038451708905
Finished training EB misspecified, with in-sample MSE: 0.05348495599489767
Finished training EB wellspecified, with SURE: 0.005366065444337101
Finished training EB wellspecified, with in-sample MSE: 0.0006482298422392905
m: 12
Finished solving NPMLE, with SURE 0.5854764050482707
Finished solving NPMLE, with in-sample MSE 0.07047077794090542
Finished solving parametric estimator, with SURE 0.06658014890630326
Finished solving parametric estimator, with in-sample MSE 0.053313019044148924
Finished solving EBCF, with in-sample MSE 0.0013634583865677302
Finished training EB SURE-LS, with SURE: 0.06456584929877081
Finished training EB SURE-LS, with in-sample MSE: 0.053864811867120777
use_scale: True
use_location: False
Finished training EB misspecified with NPMLE init, with SURE: 0.06310979146931998
Finished training EB misspecified with NPMLE init, with in-sample MSE: 0.05359857391118368
Finished training EB misspecified, with SURE: 0.06312921510765036
Finished training EB misspecified, with in-sample MSE: 0.05358468796923857
Finished training EB wellspecified, with SURE: 0.006357036704104413
Finished training EB wellspecified, with in-sample MSE: 0.0014113105691015572
m: 13
Finished solving NPMLE, with SURE 0.4382846128618782
Finished solving NPMLE, with in-sample MSE 0.07554456350942726
Finished solving parametric estimator, with SURE 0.047870965369147866
Finished solving parametric estimator, with in-sample MSE 0.05595646788479085
Finished solving EBCF, with in-sample MSE 0.0008137061714898906
Finished training EB SURE-LS, with SURE: -0.003988204033211568
Finished training EB SURE-LS, with in-sample MSE: 0.0014079184342599238
use_scale: True
use_location: False
Finished training EB misspecified with NPMLE init, with SURE: 0.045862329539464994
Finished training EB misspecified with NPMLE init, with in-sample MSE: 0.05462900013978946
Finished training EB misspecified, with SURE: 0.04585320333050163
Finished training EB misspecified, with in-sample MSE: 0.05464723716143916
Finished training EB wellspecified, with SURE: -0.005420264438980119
Finished training EB wellspecified, with in-sample MSE: 0.001448286575419036
m: 14
Finished solving NPMLE, with SURE 0.685614565136506
Finished solving NPMLE, with in-sample MSE 0.08121176331147638
Finished solving parametric estimator, with SURE 0.060726663646418266
Finished solving parametric estimator, with in-sample MSE 0.05767417593939955
Finished solving EBCF, with in-sample MSE 0.0011681992590199413
Finished training EB SURE-LS, with SURE: 0.011209548088396972
Finished training EB SURE-LS, with in-sample MSE: 0.0015180399097354724
use_scale: True
use_location: False
Finished training EB misspecified with NPMLE init, with SURE: 0.058301337064983444
Finished training EB misspecified with NPMLE init, with in-sample MSE: 0.05492647543790949
Finished training EB misspecified, with SURE: 0.0583231822336127
Finished training EB misspecified, with in-sample MSE: 0.054952677489260665
Finished training EB wellspecified, with SURE: 0.058323290815767835
Finished training EB wellspecified, with in-sample MSE: 0.05495561535476205
m: 15
Finished solving NPMLE, with SURE 0.4493136137827844
Finished solving NPMLE, with in-sample MSE 0.07805511855942951
Finished solving parametric estimator, with SURE 0.056295136561137826
Finished solving parametric estimator, with in-sample MSE 0.05676636108630518
Finished solving EBCF, with in-sample MSE 0.0011672702460476202
Finished training EB SURE-LS, with SURE: 0.008456817209765462
Finished training EB SURE-LS, with in-sample MSE: 0.0006637062080458111
use_scale: True
use_location: False
Finished training EB misspecified with NPMLE init, with SURE: 0.053101698075236785
Finished training EB misspecified with NPMLE init, with in-sample MSE: 0.055610676609349353
Finished training EB misspecified, with SURE: 0.05356915225840858
Finished training EB misspecified, with in-sample MSE: 0.05491390248273196
Finished training EB wellspecified, with SURE: 0.0070379967646015205
Finished training EB wellspecified, with in-sample MSE: 0.002045800421195681
m: 16
Finished solving NPMLE, with SURE 0.8988262464594672
Finished solving NPMLE, with in-sample MSE 0.07516668528935243
Finished solving parametric estimator, with SURE 0.047375737019065556
Finished solving parametric estimator, with in-sample MSE 0.05479085439378654
Finished solving EBCF, with in-sample MSE 0.0012549597670013395
Finished training EB SURE-LS, with SURE: -0.005088691423963561
Finished training EB SURE-LS, with in-sample MSE: 0.0011253060115355346
use_scale: True
use_location: False
Finished training EB misspecified with NPMLE init, with SURE: 0.04525721588669271
Finished training EB misspecified with NPMLE init, with in-sample MSE: 0.05481052694512818
Finished training EB misspecified, with SURE: 0.04631893867139674
Finished training EB misspecified, with in-sample MSE: 0.054000317139539705
Finished training EB wellspecified, with SURE: -0.012618954270699527
Finished training EB wellspecified, with in-sample MSE: 0.006537155280138286
m: 17
Finished solving NPMLE, with SURE 0.5430644959205463
Finished solving NPMLE, with in-sample MSE 0.07474728212703882
Finished solving parametric estimator, with SURE 0.05586266939398171
Finished solving parametric estimator, with in-sample MSE 0.05336096877317365
Finished solving EBCF, with in-sample MSE 0.0015879816888529456
Finished training EB SURE-LS, with SURE: -0.0028441350494239404
Finished training EB SURE-LS, with in-sample MSE: 0.000569808217509517
use_scale: True
use_location: False
Finished training EB misspecified with NPMLE init, with SURE: 0.05343002433170426
Finished training EB misspecified with NPMLE init, with in-sample MSE: 0.052989195648659074
Finished training EB misspecified, with SURE: 0.053530229672523647
Finished training EB misspecified, with in-sample MSE: 0.052796326443998204
Finished training EB wellspecified, with SURE: -0.002968559986588369
Finished training EB wellspecified, with in-sample MSE: 0.0006034999027314563
m: 18
Finished solving NPMLE, with SURE 0.6011009507642424
Finished solving NPMLE, with in-sample MSE 0.07346590372359245
Finished solving parametric estimator, with SURE 0.0574644417932243
Finished solving parametric estimator, with in-sample MSE 0.0542053279564813
Finished solving EBCF, with in-sample MSE 0.0007176971512991347
Finished training EB SURE-LS, with SURE: 0.0014934295850948431
Finished training EB SURE-LS, with in-sample MSE: 0.00012509179119693308
use_scale: True
use_location: False
Finished training EB misspecified with NPMLE init, with SURE: 0.05530354383254526
Finished training EB misspecified with NPMLE init, with in-sample MSE: 0.052748692716020916
Finished training EB misspecified, with SURE: 0.05530355457597629
Finished training EB misspecified, with in-sample MSE: 0.05275856772942028
Finished training EB wellspecified, with SURE: 0.0006824941897007136
Finished training EB wellspecified, with in-sample MSE: 0.0006711140511902489
m: 19
Finished solving NPMLE, with SURE 0.6802502399573627
Finished solving NPMLE, with in-sample MSE 0.0733155600172666
Finished solving parametric estimator, with SURE 0.06915994793861596
Finished solving parametric estimator, with in-sample MSE 0.05454641296641619
Finished solving EBCF, with in-sample MSE 0.0013026651171581332
Finished training EB SURE-LS, with SURE: 0.014492318595013834
Finished training EB SURE-LS, with in-sample MSE: 0.000847068068913149
use_scale: True
use_location: False
Finished training EB misspecified with NPMLE init, with SURE: 0.06610068812944511
Finished training EB misspecified with NPMLE init, with in-sample MSE: 0.053669010939914094
Finished training EB misspecified, with SURE: 0.06611429855862654
Finished training EB misspecified, with in-sample MSE: 0.053656965555782164
Finished training EB wellspecified, with SURE: 0.013123417016667988
Finished training EB wellspecified, with in-sample MSE: 0.0018453805111334134
m: 20
Finished solving NPMLE, with SURE 0.76250845554584
Finished solving NPMLE, with in-sample MSE 0.07512585122696017
Finished solving parametric estimator, with SURE 0.06025082492862466
Finished solving parametric estimator, with in-sample MSE 0.05514628255140667
Finished solving EBCF, with in-sample MSE 0.012385490680163855
Finished training EB SURE-LS, with SURE: 0.004327806417968428
Finished training EB SURE-LS, with in-sample MSE: 0.0005076477175482041
use_scale: True
use_location: False
Finished training EB misspecified with NPMLE init, with SURE: 0.05803577256318036
Finished training EB misspecified with NPMLE init, with in-sample MSE: 0.05411456569236061
Finished training EB misspecified, with SURE: 0.05813130963150826
Finished training EB misspecified, with in-sample MSE: 0.0539226865824903
Finished training EB wellspecified, with SURE: 0.0012299923504144616
Finished training EB wellspecified, with in-sample MSE: 0.004510750452559373
m: 21
Finished solving NPMLE, with SURE 0.6889696924773189
Finished solving NPMLE, with in-sample MSE 0.07470686282865546
Finished solving parametric estimator, with SURE 0.0527154036357656
Finished solving parametric estimator, with in-sample MSE 0.055094962764056954
Finished solving EBCF, with in-sample MSE 0.0007003898892244413
Finished training EB SURE-LS, with SURE: -0.000797311166806789
Finished training EB SURE-LS, with in-sample MSE: 0.00014417124609798947
use_scale: True
use_location: False
Finished training EB misspecified with NPMLE init, with SURE: 0.05063062627918022
Finished training EB misspecified with NPMLE init, with in-sample MSE: 0.053637483955906534
Finished training EB misspecified, with SURE: 0.0506443598677199
Finished training EB misspecified, with in-sample MSE: 0.053607602508129945
Finished training EB wellspecified, with SURE: -0.0022057741256704673
Finished training EB wellspecified, with in-sample MSE: 0.0014939489689218635
m: 22
Finished solving NPMLE, with SURE 0.530832867411027
Finished solving NPMLE, with in-sample MSE 0.07796156008166094
Finished solving parametric estimator, with SURE 0.035453284606052626
Finished solving parametric estimator, with in-sample MSE 0.05638275445727116
Finished solving EBCF, with in-sample MSE 0.001949933718910813
Finished training EB SURE-LS, with SURE: -0.010101553869565972
Finished training EB SURE-LS, with in-sample MSE: 0.0013143130867366614
use_scale: True
use_location: False
Finished training EB misspecified with NPMLE init, with SURE: 0.03428838692395587
Finished training EB misspecified with NPMLE init, with in-sample MSE: 0.05496668939593258
Finished training EB misspecified, with SURE: 0.034346360806623726
Finished training EB misspecified, with in-sample MSE: 0.0548133427690645
Finished training EB wellspecified, with SURE: -0.010845297533342188
Finished training EB wellspecified, with in-sample MSE: 0.002368799616505945
m: 23
Finished solving NPMLE, with SURE 0.5452504206229357
Finished solving NPMLE, with in-sample MSE 0.07784083630552274
Finished solving parametric estimator, with SURE 0.05713874608338221
Finished solving parametric estimator, with in-sample MSE 0.055207002468274445
Finished solving EBCF, with in-sample MSE 0.0018821730000827587
Finished training EB SURE-LS, with SURE: 0.007857342984318026
Finished training EB SURE-LS, with in-sample MSE: 0.0012850041491995002
use_scale: True
use_location: False
Finished training EB misspecified with NPMLE init, with SURE: 0.05301623850898046
Finished training EB misspecified with NPMLE init, with in-sample MSE: 0.056497093724151654
Finished training EB misspecified, with SURE: 0.05483111180882588
Finished training EB misspecified, with in-sample MSE: 0.05339789828760114
Finished training EB wellspecified, with SURE: 0.0033243546877912956
Finished training EB wellspecified, with in-sample MSE: 0.0053895686654347255
m: 24
Finished solving NPMLE, with SURE 0.5531380207716359
Finished solving NPMLE, with in-sample MSE 0.07766998673150899
Finished solving parametric estimator, with SURE 0.0479612404384307
Finished solving parametric estimator, with in-sample MSE 0.05510299076661664
Finished solving EBCF, with in-sample MSE 0.000489930685614185
Finished training EB SURE-LS, with SURE: -0.008983290355777362
Finished training EB SURE-LS, with in-sample MSE: 0.0011121674197844362
use_scale: True
use_location: False
Finished training EB misspecified with NPMLE init, with SURE: 0.045035390285214943
Finished training EB misspecified with NPMLE init, with in-sample MSE: 0.053116181365901405
Finished training EB misspecified, with SURE: 0.04502764413387261
Finished training EB misspecified, with in-sample MSE: 0.05310367610973604
Finished training EB wellspecified, with SURE: -0.010687943803168256
Finished training EB wellspecified, with in-sample MSE: 0.0005778889509842224
m: 25
Finished solving NPMLE, with SURE 0.4517627426257667
Finished solving NPMLE, with in-sample MSE 0.07976406205218312
Finished solving parametric estimator, with SURE 0.04830098655325671
Finished solving parametric estimator, with in-sample MSE 0.05734740689837418
Finished solving EBCF, with in-sample MSE 0.0011936654655254244
Finished training EB SURE-LS, with SURE: -0.0019876278926150826
Finished training EB SURE-LS, with in-sample MSE: 0.00048619107929334036
use_scale: True
use_location: False
Finished training EB misspecified with NPMLE init, with SURE: 0.04658706744984428
Finished training EB misspecified with NPMLE init, with in-sample MSE: 0.0549776993202208
Finished training EB misspecified, with SURE: 0.046579178288719235
Finished training EB misspecified, with in-sample MSE: 0.05500059117211251
Finished training EB wellspecified, with SURE: -0.002736996789058274
Finished training EB wellspecified, with in-sample MSE: 0.0020632784638157553
m: 26
Mosek failed on this run
Finished solving parametric estimator, with SURE 0.03718086442416463
Finished solving parametric estimator, with in-sample MSE 0.055845681979023586
Finished solving EBCF, with in-sample MSE 0.0007925140019930839
Finished training EB SURE-LS, with SURE: -0.016178179556423103
Finished training EB SURE-LS, with in-sample MSE: 0.0018411467419983366
use_scale: True
use_location: False
Finished training EB misspecified, with SURE: 0.03597894939824371
Finished training EB misspecified, with in-sample MSE: 0.05421614749784617
Finished training EB wellspecified, with SURE: -0.017190526808059943
Finished training EB wellspecified, with in-sample MSE: 0.0003499905886882119
m: 27
Mosek failed on this run
Finished solving parametric estimator, with SURE 0.05172805859750901
Finished solving parametric estimator, with in-sample MSE 0.054587059766368684
Finished solving EBCF, with in-sample MSE 0.0006744884327551921
Finished training EB SURE-LS, with SURE: -0.005587758894558721
Finished training EB SURE-LS, with in-sample MSE: 0.0003271959744793957
use_scale: True
use_location: False
Finished training EB misspecified, with SURE: 0.049896794222049935
Finished training EB misspecified, with in-sample MSE: 0.053380147429827635
Finished training EB wellspecified, with SURE: -0.005676865772830326
Finished training EB wellspecified, with in-sample MSE: 0.00018507419631671277
m: 28
Finished solving NPMLE, with SURE 0.8166302118242984
Finished solving NPMLE, with in-sample MSE 0.07269252333279251
Finished solving parametric estimator, with SURE 0.056857110666044985
Finished solving parametric estimator, with in-sample MSE 0.05468208790228664
Finished solving EBCF, with in-sample MSE 0.0010764500716443862
Finished training EB SURE-LS, with SURE: -0.0011804749277949881
Finished training EB SURE-LS, with in-sample MSE: 0.0016760035014270875
use_scale: True
use_location: False
Finished training EB misspecified with NPMLE init, with SURE: 0.054520692933692064
Finished training EB misspecified with NPMLE init, with in-sample MSE: 0.05447315922621283
Finished training EB misspecified, with SURE: 0.05456866928909314
Finished training EB misspecified, with in-sample MSE: 0.054453238791130246
Finished training EB wellspecified, with SURE: -0.002413568594731086
Finished training EB wellspecified, with in-sample MSE: 0.0006461360842503275
m: 29
Finished solving NPMLE, with SURE 0.5711435764063233
Finished solving NPMLE, with in-sample MSE 0.07282798911240397
Finished solving parametric estimator, with SURE 0.058393935535013486
Finished solving parametric estimator, with in-sample MSE 0.0537940749895453
Finished solving EBCF, with in-sample MSE 0.0011987581447558903
Finished training EB SURE-LS, with SURE: -0.0018085023402902977
Finished training EB SURE-LS, with in-sample MSE: 0.0013954391127722842
use_scale: True
use_location: False
Finished training EB misspecified with NPMLE init, with SURE: 0.055517576370421366
Finished training EB misspecified with NPMLE init, with in-sample MSE: 0.052536619504492
Finished training EB misspecified, with SURE: 0.05551591426943332
Finished training EB misspecified, with in-sample MSE: 0.052539312571484774
Finished training EB wellspecified, with SURE: -0.0038208357651153325
Finished training EB wellspecified, with in-sample MSE: 0.0004472711723710064
m: 30
Finished solving NPMLE, with SURE 0.5814421787252768
Finished solving NPMLE, with in-sample MSE 0.07790910504997477
Finished solving parametric estimator, with SURE 0.05077767456780269
Finished solving parametric estimator, with in-sample MSE 0.05652666537592946
Finished solving EBCF, with in-sample MSE 0.0009699067092117407
Finished training EB SURE-LS, with SURE: 0.0017383604442327161
Finished training EB SURE-LS, with in-sample MSE: 0.001461197534688729
use_scale: True
use_location: False
Finished training EB misspecified with NPMLE init, with SURE: 0.04827224563857541
Finished training EB misspecified with NPMLE init, with in-sample MSE: 0.054480542224827254
Finished training EB misspecified, with SURE: 0.04828281030529503
Finished training EB misspecified, with in-sample MSE: 0.05446612819913649
Finished training EB wellspecified, with SURE: -0.0015142815961351318
Finished training EB wellspecified, with in-sample MSE: 0.0018559378536076743
m: 31
Finished solving NPMLE, with SURE 0.4449088717942382
Finished solving NPMLE, with in-sample MSE 0.07411166655492699
Finished solving parametric estimator, with SURE 0.06921898547755978
Finished solving parametric estimator, with in-sample MSE 0.05484919318592392
Finished solving EBCF, with in-sample MSE 0.0011884326072328934
Finished training EB SURE-LS, with SURE: 0.014614286956577873
Finished training EB SURE-LS, with in-sample MSE: 0.0004255885876079493
use_scale: True
use_location: False
Finished training EB misspecified with NPMLE init, with SURE: 0.06667330922547059
Finished training EB misspecified with NPMLE init, with in-sample MSE: 0.053712452596563355
Finished training EB misspecified, with SURE: 0.06670648488039603
Finished training EB misspecified, with in-sample MSE: 0.053548852332607755
Finished training EB wellspecified, with SURE: 0.012866949984265953
Finished training EB wellspecified, with in-sample MSE: 0.0020636975003748294
m: 32
Finished solving NPMLE, with SURE 0.5865958321046871
Finished solving NPMLE, with in-sample MSE 0.07323602091459704
Finished solving parametric estimator, with SURE 0.05507924309445711
Finished solving parametric estimator, with in-sample MSE 0.053336455996638256
Finished solving EBCF, with in-sample MSE 0.0011563755189318292
Finished training EB SURE-LS, with SURE: -0.002811649558321368
Finished training EB SURE-LS, with in-sample MSE: 0.0014501722906335938
use_scale: True
use_location: False
Finished training EB misspecified with NPMLE init, with SURE: 0.05255307766152988
Finished training EB misspecified with NPMLE init, with in-sample MSE: 0.05248100060104195
Finished training EB misspecified, with SURE: 0.052594368221074675
Finished training EB misspecified, with in-sample MSE: 0.05244081186899484
Finished training EB wellspecified, with SURE: -0.004092727148456695
Finished training EB wellspecified, with in-sample MSE: 0.0009084759090154448
m: 33
Finished solving NPMLE, with SURE 0.49482809838451147
Finished solving NPMLE, with in-sample MSE 0.07512053986508758
Finished solving parametric estimator, with SURE 0.057926016457058305
Finished solving parametric estimator, with in-sample MSE 0.05545290486832703
Finished solving EBCF, with in-sample MSE 0.011902631489490221
Finished training EB SURE-LS, with SURE: -0.0024157069358305494
Finished training EB SURE-LS, with in-sample MSE: 0.0005747847795403647
use_scale: True
use_location: False
Finished training EB misspecified with NPMLE init, with SURE: 0.05490459777503652
Finished training EB misspecified with NPMLE init, with in-sample MSE: 0.05412026857042036
Finished training EB misspecified, with SURE: 0.05489540926539803
Finished training EB misspecified, with in-sample MSE: 0.054138474121396676
Finished training EB wellspecified, with SURE: -0.0024671163157872146
Finished training EB wellspecified, with in-sample MSE: 0.00020205667458481866
m: 34
Finished solving NPMLE, with SURE 0.783677419289882
Finished solving NPMLE, with in-sample MSE 0.07735317057419173
Finished solving parametric estimator, with SURE 0.06307446072962819
Finished solving parametric estimator, with in-sample MSE 0.054449275747322064
Finished solving EBCF, with in-sample MSE 0.0009488806093094109
Finished training EB SURE-LS, with SURE: 0.0006782503831538223
Finished training EB SURE-LS, with in-sample MSE: 0.0005786311117173809
use_scale: True
use_location: False
Finished training EB misspecified with NPMLE init, with SURE: 0.05941815874389633
Finished training EB misspecified with NPMLE init, with in-sample MSE: 0.05533211764787287
Finished training EB misspecified, with SURE: 0.060762645937555176
Finished training EB misspecified, with in-sample MSE: 0.05286692191314743
Finished training EB wellspecified, with SURE: 2.357167405941052e-05
Finished training EB wellspecified, with in-sample MSE: 0.0014265658359428372
m: 35
Finished solving NPMLE, with SURE 0.6830695004271996
Finished solving NPMLE, with in-sample MSE 0.07387118137873866
Finished solving parametric estimator, with SURE 0.05678761632127255
Finished solving parametric estimator, with in-sample MSE 0.05406981340442663
Finished solving EBCF, with in-sample MSE 0.0008565176736330608
Finished training EB SURE-LS, with SURE: 0.0024085212777613624
Finished training EB SURE-LS, with in-sample MSE: 0.0010765103671136506
use_scale: True
use_location: False
Finished training EB misspecified with NPMLE init, with SURE: 0.054900807817693076
Finished training EB misspecified with NPMLE init, with in-sample MSE: 0.05232762386346509
Finished training EB misspecified, with SURE: 0.05489973025865979
Finished training EB misspecified, with in-sample MSE: 0.05232899906367502
Finished training EB wellspecified, with SURE: -0.002535376300613906
Finished training EB wellspecified, with in-sample MSE: 0.0033960556103362514
m: 36
Finished solving NPMLE, with SURE 0.614598906478331
Finished solving NPMLE, with in-sample MSE 0.07353469788010894
Finished solving parametric estimator, with SURE 0.054525241546395764
Finished solving parametric estimator, with in-sample MSE 0.05371350091136974
Finished solving EBCF, with in-sample MSE 0.0008791154255562734
Finished training EB SURE-LS, with SURE: -0.009609166859480114
Finished training EB SURE-LS, with in-sample MSE: 0.0007503318669390537
use_scale: True
use_location: False
Finished training EB misspecified with NPMLE init, with SURE: 0.051330337827265926
Finished training EB misspecified with NPMLE init, with in-sample MSE: 0.052706724329133744
Finished training EB misspecified, with SURE: 0.05136368180094742
Finished training EB misspecified, with in-sample MSE: 0.052700966404206046
Finished training EB wellspecified, with SURE: -0.009658291676280732
Finished training EB wellspecified, with in-sample MSE: 0.000624902164817987
m: 37
Mosek failed on this run
Finished solving parametric estimator, with SURE 0.04583177974932656
Finished solving parametric estimator, with in-sample MSE 0.053851333240885604
Finished solving EBCF, with in-sample MSE 0.0007340298181271359
Finished training EB SURE-LS, with SURE: -0.009999490094073107
Finished training EB SURE-LS, with in-sample MSE: 0.001173686799120418
use_scale: True
use_location: False
Finished training EB misspecified, with SURE: 0.043602733564177924
Finished training EB misspecified, with in-sample MSE: 0.052341721281431434
Finished training EB wellspecified, with SURE: -0.01233717412306239
Finished training EB wellspecified, with in-sample MSE: 0.0010893954311177697
m: 38
Finished solving NPMLE, with SURE 0.7716475241637833
Finished solving NPMLE, with in-sample MSE 0.07775039342172595
Finished solving parametric estimator, with SURE 0.05040080608691222
Finished solving parametric estimator, with in-sample MSE 0.05629942411670833
Finished solving EBCF, with in-sample MSE 0.011242402921388013
Finished training EB SURE-LS, with SURE: -0.0072731308278818
Finished training EB SURE-LS, with in-sample MSE: 0.00021357344002888464
use_scale: True
use_location: False
Finished training EB misspecified with NPMLE init, with SURE: 0.04720842875227589
Finished training EB misspecified with NPMLE init, with in-sample MSE: 0.05423765758865171
Finished training EB misspecified, with SURE: 0.04718979034510106
Finished training EB misspecified, with in-sample MSE: 0.05426426200018172
Finished training EB wellspecified, with SURE: -0.007465972569013819
Finished training EB wellspecified, with in-sample MSE: 0.0003263693851683588
m: 39
Finished solving NPMLE, with SURE 0.593456891164531
Finished solving NPMLE, with in-sample MSE 0.07730700241881078
Finished solving parametric estimator, with SURE 0.041742575441488794
Finished solving parametric estimator, with in-sample MSE 0.05427831586756811
Finished solving EBCF, with in-sample MSE 0.00046359490077139064
Finished training EB SURE-LS, with SURE: -0.01651120462158823
Finished training EB SURE-LS, with in-sample MSE: 0.00029159701349608933
use_scale: True
use_location: False
Finished training EB misspecified with NPMLE init, with SURE: 0.03760329774636368
Finished training EB misspecified with NPMLE init, with in-sample MSE: 0.05636383811860485
Finished training EB misspecified, with SURE: 0.03987377129665411
Finished training EB misspecified, with in-sample MSE: 0.05240482886428789
Finished training EB wellspecified, with SURE: -0.016449920475778926
Finished training EB wellspecified, with in-sample MSE: 0.00031300869165984776
m: 40
Finished solving NPMLE, with SURE 0.6529724513760723
Finished solving NPMLE, with in-sample MSE 0.07337945089683003
Finished solving parametric estimator, with SURE 0.0666550947430879
Finished solving parametric estimator, with in-sample MSE 0.05471464212988599
Finished solving EBCF, with in-sample MSE 0.0019163683477247898
Finished training EB SURE-LS, with SURE: 0.008151647429315189
Finished training EB SURE-LS, with in-sample MSE: 0.0009716379597777315
use_scale: True
use_location: False
Finished training EB misspecified with NPMLE init, with SURE: 0.06315338996983755
Finished training EB misspecified with NPMLE init, with in-sample MSE: 0.05508212691620769
Finished training EB misspecified, with SURE: 0.063238908528025
Finished training EB misspecified, with in-sample MSE: 0.05477849189664674
Finished training EB wellspecified, with SURE: 0.0037220818266675303
Finished training EB wellspecified, with in-sample MSE: 0.006724329488647072
m: 41
Finished solving NPMLE, with SURE 0.7104009689154311
Finished solving NPMLE, with in-sample MSE 0.08170681007459332
Finished solving parametric estimator, with SURE 0.04723589038088666
Finished solving parametric estimator, with in-sample MSE 0.05706498842373555
Finished solving EBCF, with in-sample MSE 0.012555619412258648
Finished training EB SURE-LS, with SURE: -0.006122978474108456
Finished training EB SURE-LS, with in-sample MSE: 0.0003952611755257792
use_scale: True
use_location: False
Finished training EB misspecified with NPMLE init, with SURE: 0.04547792939633325
Finished training EB misspecified with NPMLE init, with in-sample MSE: 0.05472355077700815
Finished training EB misspecified, with SURE: 0.045693053214142694
Finished training EB misspecified, with in-sample MSE: 0.0542915040222298
Finished training EB wellspecified, with SURE: -0.006097891138269054
Finished training EB wellspecified, with in-sample MSE: 0.00037059886956446414
m: 42
Finished solving NPMLE, with SURE 0.7012330842477076
Finished solving NPMLE, with in-sample MSE 0.07414112110802783
Finished solving parametric estimator, with SURE 0.05187729849695971
Finished solving parametric estimator, with in-sample MSE 0.054880111114426935
Finished solving EBCF, with in-sample MSE 0.0008606136084649276
Finished training EB SURE-LS, with SURE: 0.0018524019788107094
Finished training EB SURE-LS, with in-sample MSE: 0.00026904289287110224
use_scale: True
use_location: False
Finished training EB misspecified with NPMLE init, with SURE: 0.050001988746491866
Finished training EB misspecified with NPMLE init, with in-sample MSE: 0.05341356961971882
Finished training EB misspecified, with SURE: 0.050072246315602344
Finished training EB misspecified, with in-sample MSE: 0.05333428453703659
Finished training EB wellspecified, with SURE: 0.0005250527286769779
Finished training EB wellspecified, with in-sample MSE: 0.001694810942854467
m: 43
Mosek failed on this run
Finished solving parametric estimator, with SURE 0.049556655320839804
Finished solving parametric estimator, with in-sample MSE 0.05507556949029646
Finished solving EBCF, with in-sample MSE 0.000799687027248186
Finished training EB SURE-LS, with SURE: -0.01048360144791407
Finished training EB SURE-LS, with in-sample MSE: 0.0004935464642357349
use_scale: True
use_location: False
Finished training EB misspecified, with SURE: 0.04709573327816706
Finished training EB misspecified, with in-sample MSE: 0.052554000306498885
Finished training EB wellspecified, with SURE: -0.010622656144260856
Finished training EB wellspecified, with in-sample MSE: 0.0005158375989995447
m: 44
Finished solving NPMLE, with SURE 0.5941349948582784
Finished solving NPMLE, with in-sample MSE 0.07347964956082763
Finished solving parametric estimator, with SURE 0.047611051926368886
Finished solving parametric estimator, with in-sample MSE 0.05382293502362342
Finished solving EBCF, with in-sample MSE 0.00037634412165466456
Finished training EB SURE-LS, with SURE: -0.012255772713490322
Finished training EB SURE-LS, with in-sample MSE: 0.0012558782851160688
use_scale: True
use_location: False
Finished training EB misspecified with NPMLE init, with SURE: 0.04545322809183602
Finished training EB misspecified with NPMLE init, with in-sample MSE: 0.05279549479561024
Finished training EB misspecified, with SURE: 0.04547823021017912
Finished training EB misspecified, with in-sample MSE: 0.05280316731468146
Finished training EB wellspecified, with SURE: -0.013264370938708392
Finished training EB wellspecified, with in-sample MSE: 0.0003875955111229035
m: 45
Finished solving NPMLE, with SURE 0.45114493610611706
Finished solving NPMLE, with in-sample MSE 0.0730286238084842
Finished solving parametric estimator, with SURE 0.06188114773796999
Finished solving parametric estimator, with in-sample MSE 0.053797253910246125
Finished solving EBCF, with in-sample MSE 0.0012194373491627342
Finished training EB SURE-LS, with SURE: 0.001432433990005605
Finished training EB SURE-LS, with in-sample MSE: 0.0016593702441403636
use_scale: True
use_location: False
Finished training EB misspecified with NPMLE init, with SURE: 0.05824278780503697
Finished training EB misspecified with NPMLE init, with in-sample MSE: 0.05331726827682828
Finished training EB misspecified, with SURE: 0.05824203108895119
Finished training EB misspecified, with in-sample MSE: 0.05331816729187826
Finished training EB wellspecified, with SURE: -0.0023902899917515818
Finished training EB wellspecified, with in-sample MSE: 0.004195088792587947
m: 46
Finished solving NPMLE, with SURE 0.4775373668852534
Finished solving NPMLE, with in-sample MSE 0.07687931653351412
Finished solving parametric estimator, with SURE 0.03992043435746351
Finished solving parametric estimator, with in-sample MSE 0.05623892384412885
Finished solving EBCF, with in-sample MSE 0.0009464466322316953
Finished training EB SURE-LS, with SURE: -0.009356157642938536
Finished training EB SURE-LS, with in-sample MSE: 0.0014737113893230642
use_scale: True
use_location: False
Finished training EB misspecified with NPMLE init, with SURE: 0.03842204243874989
Finished training EB misspecified with NPMLE init, with in-sample MSE: 0.0541581145878855
Finished training EB misspecified, with SURE: 0.038423104747256076
Finished training EB misspecified, with in-sample MSE: 0.05416925265936528
Finished training EB wellspecified, with SURE: -0.01025886748796713
Finished training EB wellspecified, with in-sample MSE: 0.001013895411980995
m: 47
Finished solving NPMLE, with SURE 0.5622631120419131
Finished solving NPMLE, with in-sample MSE 0.07554324963451287
Finished solving parametric estimator, with SURE 0.052119063541750166
Finished solving parametric estimator, with in-sample MSE 0.05444985630512217
Finished solving EBCF, with in-sample MSE 0.00036623636018050026
Finished training EB SURE-LS, with SURE: -0.002681315048256385
Finished training EB SURE-LS, with in-sample MSE: 0.0007558411689548363
use_scale: True
use_location: False
Finished training EB misspecified with NPMLE init, with SURE: 0.049736572161110576
Finished training EB misspecified with NPMLE init, with in-sample MSE: 0.05283458701526647
Finished training EB misspecified, with SURE: 0.049757654986061085
Finished training EB misspecified, with in-sample MSE: 0.05284279096838836
Finished training EB wellspecified, with SURE: -0.003454192991826825
Finished training EB wellspecified, with in-sample MSE: 9.104412244410059e-05
m: 48
Mosek failed on this run
Finished solving parametric estimator, with SURE 0.05579110352445832
Finished solving parametric estimator, with in-sample MSE 0.053668263926098636
Finished solving EBCF, with in-sample MSE 0.0010006183789609366
Finished training EB SURE-LS, with SURE: -0.0038182926016274528
Finished training EB SURE-LS, with in-sample MSE: 0.00043431899735591937
use_scale: True
use_location: False
Finished training EB misspecified, with SURE: 0.053527355764561975
Finished training EB misspecified, with in-sample MSE: 0.05210005109018647
Finished training EB wellspecified, with SURE: -0.004415893410759996
Finished training EB wellspecified, with in-sample MSE: 0.0010998385273396894
m: 49
Mosek failed on this run
Finished solving parametric estimator, with SURE 0.060260433740379316
Finished solving parametric estimator, with in-sample MSE 0.05671503526172602
Finished solving EBCF, with in-sample MSE 0.0014224122169076438
Finished training EB SURE-LS, with SURE: 0.008543020621166112
Finished training EB SURE-LS, with in-sample MSE: 0.0004883463066957157
use_scale: True
use_location: False
Finished training EB misspecified, with SURE: 0.05767884913469473
Finished training EB misspecified, with in-sample MSE: 0.053762463366617136
Finished training EB wellspecified, with SURE: 0.0074474529744435495
Finished training EB wellspecified, with in-sample MSE: 0.0012689409423914486
submitit ERROR (2026-08-20 13:49:59,907) - Submitted job triggered an exception
