,n,m,use_location,use_scale,MSE_wellspec,MSE_misspec,MSE_surels,MSE_NPMLEinit,MSE_NPMLE,MSE_thetaG,MSE_EBCF,SURE_wellspec,SURE_misspec,SURE_surels,SURE_NPMLEinit,SURE_NPMLE,SURE_thetaG
0,100,250,False,True,0.020111876865043756,0.010096090097364618,0.010078313795697099,0.010096273409190133,0.0059441161418572275,0.010095811358371976,0.008833796857981505,-0.049012811200057634,-0.01771239476825361,-0.03685046547975703,-0.017712550480071716,0.1500375478156654,-0.015140328634428282
1,100,251,False,True,0.007467879287381604,0.005372056334894193,0.0033781547067664912,0.00537216701023072,0.006874039639074655,0.005371636773336882,0.00531838882455218,-0.0430185786750341,-0.023805390387848905,-0.039922891728616426,-0.023805799268975126,0.03583368516638659,-0.02113630085442464
2,100,252,False,True,0.011553743356478303,0.006454777542316555,0.0032954309990066055,0.006454861495914116,0.008809493060531881,0.006454772385892901,0.021629046904235307,-0.020153969951726722,-0.021389536107061426,-0.023422490247874333,-0.021390076734872067,-0.01656378985185565,-0.018995215651607222
3,100,253,False,True,0.009286937128977334,0.011945969492517035,0.009557613498802865,0.011946333171071393,0.00958574858295099,0.011946169804359204,0.010927874251664893,-0.028647287821023684,-0.027277565271310974,-0.02849816485684295,-0.0272780045683416,0.026009940490350374,-0.024804185566649387
4,100,254,False,True,0.01227563573361072,0.015163595043786027,0.003134468321489238,0.015163613034457277,0.015416929146900085,0.015163501831211821,0.017324996503466826,-0.04595074301871801,-0.02633673622879222,-0.03227358810433818,-0.026337248308368866,-0.020841065140130403,-0.02378839503408761
5,100,255,False,True,0.05776262183154267,0.022329508495500097,0.02851406657103287,0.022328055794470992,0.010913061086770011,0.01632816635479198,0.039972605278072296,-0.007506066804570593,0.03576261920413409,0.014662471719587044,0.03576139426571073,0.09708670258714416,0.042918381728229066
6,100,256,False,True,0.008375913078592898,0.033206734382496716,0.001202036295138489,0.03321001762907829,0.031141938618629655,0.007478374719018147,0.025784961449546624,0.009302327103124767,-0.01548202006340766,0.00580724657411443,-0.0154850036092399,0.07444126698340334,0.011605359152302042
7,100,257,False,True,0.07201055848078566,0.025593983840765406,0.040346976975701575,0.02559105973173795,0.01640704789876045,0.010517427445983843,0.05966471575048339,-0.024806413928122627,0.011242943024727605,0.007505418043399936,0.011241560284100772,0.04008761208094125,0.022250884509789876
8,100,258,False,True,0.012123230536816276,0.004455270141642414,0.0030033083070438653,0.004455655116645694,0.004831966745924829,0.0034983030752596452,0.005283797343311458,-0.0026270310400969056,0.017503807450090995,0.00748529099092364,0.017503415393279837,0.06786669894402689,0.020793577785113454
9,100,259,False,True,0.054726309531890414,0.009126888226469463,0.007253868735968086,0.009127387268161737,0.008892777561261592,0.007210655101343943,0.016262240265377034,-0.020869001799401373,0.006096474883713725,0.007959161611502426,0.006095730935531343,0.0793764126541176,0.010258824867132796
10,100,260,False,True,0.025376628062798976,0.047810319855886345,0.0023008570712717215,0.04783407780936389,0.025689416236553388,0.003885378613393959,0.012869182570901009,-0.0270166359049251,-0.031529973430580435,-0.003744170104586164,-0.03153879014886783,0.09558595586732105,0.006977119198767173
11,100,261,False,True,0.06645888159119276,0.009992435682746145,0.0045503442583482625,0.009994158090382435,0.007519248895296308,0.006927883056924582,0.00878045326942565,-0.04358279972981949,0.005806970269221257,0.007594019296713614,0.005805889331707483,0.02462085923702359,0.010371110064377437
12,100,262,False,True,0.08021838404775808,0.027260952611387754,0.03432438771470166,0.027263530542051235,0.018715621165952493,0.023737848743311828,0.040082228882864585,-0.010351546191069705,0.03886833737350845,0.01919634863478184,0.03886652632885108,0.06594033544900949,0.04400137532913717
13,100,263,False,True,0.002977138178589828,0.004029995686481812,0.0016898213031586579,0.004029988346286728,0.004743115450100051,0.0040298878338595875,0.006836813534117759,-0.00811728964149533,-0.006059630099095301,-0.0066603244578415715,-0.006059620923554547,0.11334868356096141,-0.003613887736984775
14,100,264,False,True,0.04919463022753288,0.01539016473728348,0.006606235135859615,0.015397346947256045,0.009924410405515366,0.008164745749301164,0.019294631871993713,-0.01142251643591417,0.017009075529646794,0.020254498518415574,0.017007520949435515,0.027237881295802548,0.023235673934405177
15,100,265,False,True,0.054200990676121726,0.015329283248764859,0.015783667577981265,0.015329350887312942,0.007499105660254892,0.01333583923114202,0.0189141394237916,-0.02662485270290498,0.029047317458395946,0.010191384732048836,0.029046904335875645,0.23049300385051752,0.03150646397624163
16,100,266,False,True,0.008321047735415775,0.004667612811148014,0.004836365038700498,0.0046675742740069906,0.004543727723325737,0.004667593861706866,0.006970026833476936,-0.032150078541452215,-0.02792661985455629,-0.027926392515393045,-0.027927079910050702,-0.003706042319145606,-0.02564273313887322
17,100,267,False,True,0.006933036278347326,0.00630500102133152,0.0026792693570329923,0.006304065089527073,0.011571142240245483,0.006304709826432848,0.016643935883873372,-0.0395426421392016,-0.01738427261687585,-0.03332902583832092,-0.017381334369868284,0.15452054028078835,-0.014755010042272185
18,100,268,False,True,0.04882906276320072,0.021348838042812453,0.002603325675743191,0.021351926794938723,0.018318315791127165,0.005010624364099338,0.024613821185501907,-0.026777744898127263,-0.0045586212503292605,0.0066415495883007415,-0.004560770038950821,0.07101665628558942,0.009927415593993766
19,100,269,False,True,0.09378377303625011,0.031036816150832584,0.026753397320740717,0.031042759911678517,0.022057715134145034,0.025684817707982917,0.038314089923336556,-0.02816756152485939,0.04345146791480287,0.012883088207133339,0.04345104402998166,0.0982379346453616,0.04909685776330164
20,100,270,False,True,0.02066592509038406,0.008826946242416053,0.004689457294928297,0.008917726028306865,0.011313221923684951,0.008827139570755378,0.0074964927761720455,-0.028996852342624335,-0.015062388082577005,-0.019404257134158987,-0.015254757846279521,-0.004179948022882662,-0.01274122358257894
21,100,271,False,True,0.02752474431696444,0.01034202952486998,0.0041247071627048245,0.01034306727132314,0.0068097358483873915,0.007103064370154508,0.021495486148784545,-0.0017665083522294912,0.01867626161671197,0.018980069463888083,0.018675955756334624,0.024524233174093853,0.022849700040501963
22,100,272,False,True,0.04573036891653581,0.01896970870399559,0.00851986511302428,0.018908234660377287,0.01156389325586209,0.007599144256108881,0.02175141539486582,-0.00946647479638362,0.014995978751451844,0.020370515616516597,0.014966796017922519,0.023947919166095167,0.023395141291902066
23,100,273,False,True,0.054531604369487396,0.009012322026406767,0.007011179177755296,0.009013495676960925,0.007164800744826708,0.006849096599974922,0.01282131603233715,-0.019166463159248047,0.021687898004272448,0.01470013585132616,0.02168717819490631,0.12568123736224915,0.02519609599871865
24,100,274,False,True,0.03372957284137307,0.008579067669645618,0.014284218176249513,0.008579009836933877,0.008498647818415968,0.008579090143742274,0.019759080412195075,-0.04048479177718283,-0.029123367534627142,-0.03111010600616605,-0.029123814526347616,-0.025027091876332345,-0.02672084700302771
25,100,275,False,True,0.012767290980324269,0.006124315936263903,0.0121694469689684,0.006124341174714537,0.006965359914609559,0.00612426927414424,0.006635843712566843,-0.02083386529767962,-0.010642867683884028,-0.016191419859186863,-0.010643129486422343,0.003917927572794522,-0.008034122252783799
26,100,276,False,True,0.09749537296583517,0.018807601639856012,0.048816352220245246,0.0188097913569401,0.017947621031969355,0.010516915210144218,0.011804344986325304,-0.05751085345566598,0.009840330619415756,-0.017902569552654318,0.009839979114602855,0.08520502519733177,0.019306007690929244
27,100,277,False,True,0.018577473427247103,0.004834173364030148,0.013516973958581818,0.0048346422631033595,0.0067043629687623665,0.004956376047463939,0.007876977224851417,-0.03023338530803827,-0.018761057426326975,-0.026506539149768034,-0.01876356016619967,0.006416597095875662,-0.016349965919299783
28,100,278,False,True,0.02504180727273832,0.007296189457285721,0.0054219312478736926,0.007296419323979289,0.005727197697335646,0.0072962595902190345,0.006818698120146152,-0.0542713901880345,-0.0398537419068448,-0.04014003913031362,-0.03985440516516789,0.03351236647310074,-0.03737009804782861
29,100,279,False,True,0.03861796194413917,0.0061736509669486,0.0032041815065379483,0.006173847467188416,0.005478687989755462,0.006173521877136427,0.03557233299263847,-0.03830355859947111,0.015146460591675587,0.0009343300841657603,0.015146115873827916,0.22938755751350656,0.017695922468280473
30,100,280,False,True,0.016630902995703415,0.004825239537492705,0.01114434161438541,0.004825352396828958,0.005317488053306638,0.0048251155527367865,0.011132343459946317,-0.026290775207167966,-0.00593078843261793,-0.020296721422651258,-0.005931034906885167,0.1217130422699351,-0.003488650973189969
31,100,281,False,True,0.017852992059536443,0.008660483816383931,0.004904882230576587,0.008660674651464856,0.006015747535774778,0.008660315653116132,0.016732453212595637,-0.022677897626625594,-0.010406153593571742,-0.012107819062750151,-0.010406487849048922,-0.005545741812563545,-0.008093374883189827
32,100,282,False,True,0.007466115445043935,0.004804019021230096,0.0005327067905279494,0.004803888901778643,0.0043363940965000704,0.004804037410453909,0.002549306763410992,-0.033186465924623744,-0.021236569063345475,-0.025533990001997936,-0.021236715712473302,-0.0028868598686476866,-0.018595484202387866
33,100,283,False,True,0.03534022280277335,0.019241310883667016,0.0024902328027718306,0.01924260544006315,0.016775237356455475,0.005704235399606969,0.008520897167508434,-0.04641478321003959,-0.030949801448047758,-0.02268671449820692,-0.030951187902089713,0.015097437162580664,-0.019500581352697346
34,100,284,False,True,0.03717522749470903,0.0030281272497923533,0.001081198267605304,0.0030274425535689892,0.0055408766698848465,0.0030929827225579824,0.018228334668960944,-0.034439903369765705,0.0019005517864652789,-0.005693240687403356,0.0019001728937324814,0.038551077469879826,0.004425368207306005
35,100,285,False,True,0.056690893671012994,0.012636236200398285,0.01640327805346897,0.012637615444743447,0.00888107931106162,0.0034728801789842495,0.010544240450433225,-0.025640050941816765,0.014512522418944105,0.0016107375988545908,0.014512046402478624,0.031968692787301835,0.024541118033361786
36,100,286,False,True,0.005867407277101694,0.014641929728194747,0.006670176363309739,0.01465376413827168,0.011001273133847324,0.01284925411693658,0.018504986660581126,-0.018114511902712335,0.004671612478888321,-0.01684491588338705,0.0046660641858936105,0.1336939467197536,0.00801745421670523
37,100,287,False,True,0.04637673959799407,0.006032730565071802,0.0015230626897674573,0.006032955104547115,0.004816563347445625,0.0051289134685903156,0.009930578472487957,-0.026533875230651198,0.005895198929504595,0.004791693777393449,0.005894938983335507,0.022826046241556756,0.008660632457434564
38,100,288,False,True,0.05586476743200495,0.02666133569396586,0.011159148713679581,0.026710099800983444,0.008394800645316256,0.010495116105280039,0.022186527450221892,-0.01778616719334921,0.03324572280471127,0.019372030903041487,0.03323976140265394,0.06927929501987308,0.03964599350560086
39,100,289,False,True,0.0021606192535797595,0.005340329514618887,0.00121315293981274,0.0053434201349899365,0.004168209335326289,0.005235290298978416,0.02631157721569099,-0.012662424696880389,-0.007177815593058501,-0.0122207288827695,-0.007180014551020815,0.025045101174265484,-0.004483247966809378
40,100,290,False,True,0.018759757735474454,0.00790193857843028,0.002247062046907638,0.00790493120175217,0.005384599452432417,0.006937411665967719,0.0085055715460949,-0.0422745409651575,-0.017379758580254076,-0.02555998774834908,-0.01738227820379951,0.030944093828576786,-0.01408875332425942
41,100,291,False,True,0.011901650856636534,0.009220816347491688,0.007087714087657452,0.00922112118531696,0.007502887194325963,0.00922092042831889,0.011638023525495754,-0.03024242138413552,-0.025050239640259236,-0.0254343603152806,-0.025050781293300732,-0.019668150092316684,-0.022499324813341576
42,100,292,False,True,0.040198272197506185,0.011310303674529803,0.010242011554064496,0.011315515070108311,0.008248047686277177,0.004100614954391259,0.021236477109832688,-0.03233343350644934,-0.006418279541323191,-0.006783233736729826,-0.006419463457079218,-0.004410055764123264,0.0006757049811925847
43,100,293,False,True,0.018317659664052167,0.007918719098414316,0.00581816236417413,0.007918892097678707,0.00515669317703733,0.007918297154057428,0.0075679598723726845,-0.046155947812201885,-0.0184548642336482,-0.03384038597502921,-0.01845518254500302,0.15598419375023923,-0.015930756969312843
44,100,294,False,True,0.03746286799512902,0.014382318496641702,0.004954180515773913,0.014382079929956828,0.015025267982847885,0.01206752936003821,0.006894614648631571,-0.03438807778312698,0.011709338334975623,-0.00639014606851804,0.01170905251551348,0.06557419666053266,0.0159093520611778
45,100,295,False,True,0.04435926547178162,0.009167127582162126,0.007608709088942982,0.009167242059183305,0.012384264777363313,0.008923454035735573,0.01018461908437468,-0.022890235929226416,0.009499088724025526,0.007227918115774078,0.009498513788467236,0.011576438992560938,0.012366415116950524
46,100,296,False,True,0.04760875356667541,0.004457627919682969,0.0007807760886472796,0.014283139399775671,0.004343802115034754,0.0026594535395478274,0.012825194563624031,-0.038097298682312514,0.0005939614835601859,-0.0028663599513611172,-0.0022112923109818185,0.041394124059325195,0.004231305244492986
47,100,297,False,True,0.02646944973700887,0.011718835459998255,0.03995565221821447,0.011719438323219214,0.009607198187647934,0.00963258295974115,0.021596422413936438,-0.016582086263850177,0.020196317693987994,-0.018267117278579187,0.02019605696011979,0.13899624245358236,0.024590867271863034
48,100,298,False,True,0.029333962155336398,0.0056978065800674296,0.002862586909769772,0.005697791138959083,0.0037963434537864665,0.00569759343387621,0.01878883944268193,-0.026561268999657016,0.0063267342822951635,0.0008224055851786716,0.0063266537111634595,0.08704744811754969,0.008694923273551078
49,100,299,False,True,0.042484836128303706,0.007987515063613424,0.024619865293072495,0.007945267649961235,0.00816821090106656,0.0077787095298481644,0.025319603490874094,-0.023811201902478187,0.016116115940738477,-0.008969571436951504,0.016123210295546413,0.08069853892276985,0.01877153067963251
50,200,250,False,True,0.022804634041299204,0.02455712557184708,0.006006013706513397,0.02455006031506907,0.02682283241039675,0.008866692249702171,0.012642014467883442,-0.021329983897633593,-0.01769484524190567,-0.006357937930217173,-0.017697260370322123,0.004152764190783138,-0.002708814826551831
51,200,251,False,True,0.013921670299447715,0.0077372257970266785,0.009626481203953114,0.007737203966691571,0.004070589034168467,0.007736864023819576,0.00840095559031783,-0.02445098086507971,-0.009006023361587996,-0.02190127733875724,-0.009006011119301665,0.06598167925981087,-0.007839156605980432
52,200,252,False,True,0.004214665832165051,0.005263635262852604,0.002555507920973608,0.00526364721262011,0.005052811180457397,0.005263604539409031,0.003441275351366367,-0.019734619211189776,-0.017514784260835425,-0.018050572551842194,-0.017514993135088128,0.06687680189995206,-0.016249417757920395
53,200,253,False,True,0.014500031363724946,0.007176695060231272,0.007491270226510377,0.0071767317035409065,0.007239439528923789,0.007176659623382408,0.007991497835822942,-0.03489389141774228,-0.0311361461775185,-0.031139217667988568,-0.031136539870258897,-0.03005141263584692,-0.029820550793394587
54,200,254,False,True,0.005848953577717112,0.005451443161733505,0.004335370690820144,0.005451435748562803,0.00566018000649433,0.005451391581119629,0.004165592754360697,-0.03380377026878325,-0.031977534608090184,-0.032057045128450784,-0.03197800186496396,-0.02071093782199025,-0.03069099648034601
55,200,255,False,True,0.0032464280298639945,0.003247028945785858,0.012340744427345052,0.007937551657889423,0.006506930694355767,0.0032471765988352163,0.003972489725211984,-0.003696272821230735,-0.0036967322468051123,-0.013232390671690986,-0.00694278707691776,0.00601158156088788,-0.0025325726019504308
56,200,256,False,True,0.01819068168840856,0.005001986706123034,0.0006441609650660302,0.005000658330076379,0.006476670425184401,0.005061769413779848,0.007009796268332283,-0.017475808764284458,0.008825256161075058,0.004032318600061889,0.008825207755911944,0.044404602775179464,0.010174698102714014
57,200,257,False,True,0.02968189040979277,0.005173039573775941,0.0015431045404320624,0.005172621109666225,0.007487424096337364,0.004708548522393582,0.005213224838385919,-0.016709839169241722,0.009893678448702552,0.004470186090713986,0.009892627181723252,0.037110940163584356,0.012061539204294147
58,200,258,False,True,0.05044095526578385,0.02382101609944682,0.008367577106098999,0.02381949337714002,0.0043189028844422715,0.007535532363552475,0.015821771459806493,-0.011387376270962873,0.02528763436485388,0.018532198717013892,0.025289060755270043,0.18501132897795577,0.035742727105596506
59,200,259,False,True,0.021470350421306978,0.011681926966872133,0.00017094356790498644,0.011667793624018246,0.005390997613193981,0.003261635511864974,0.0049089007125781275,-0.014033670059022856,-3.108367224012199e-05,0.000653071977586277,-2.628089038354986e-05,0.06542707746082399,0.004991874427979784
60,200,260,False,True,0.028671361971742533,0.00616929529762088,0.0011362920124747045,0.006169295296059006,0.006233179059653247,0.006169257990282271,0.00429238231518152,-0.031479326398844,-0.005833318849856468,-0.008103371932329916,-0.005833828095573815,0.08164467930947009,-0.004584521093243199
61,200,261,False,True,0.005794497136820397,0.00470064666187107,0.0003464991670362522,0.004701093668943333,0.0042442864234574235,0.004406858150323631,0.004038952672389838,-0.0035252331509924824,0.005468728576218496,0.0021307070705020932,0.0054682852574223515,0.08455911135569813,0.006849490604055486
62,200,262,False,True,0.001704071119962266,0.003231336609730748,0.0008921080715743354,0.003231395293338365,0.0041806889968852064,0.003231317248884051,0.016189058931831604,-0.00848424330024632,-0.006230219863527396,-0.007406601180373787,-0.006230436235856693,0.031605028587717215,-0.005037052672785397
63,200,263,False,True,0.025203396217505704,0.0058444381360537355,0.0022008929839523847,0.005844568125044675,0.004184590545270452,0.005327668230223509,0.014341194435580911,-0.0057847044661945455,0.01276218477605573,0.011749465794115272,0.012761860252570525,0.017374702153494983,0.014198590199750352
64,200,264,False,True,0.02474159618539702,0.01960309555105351,0.005565632779044724,0.019602656352073543,0.009623821296959087,0.00694376437342224,0.018660793644111707,-0.007228427134292939,0.007215755353255293,0.00981172553281516,0.007214976239781876,0.1133614482606646,0.017819888840371584
65,200,265,False,True,0.025955022134955926,0.006543158813293514,0.004990942447145978,0.0065433547979146635,0.006916091231729779,0.005959776670358951,0.004556275980757354,-0.013391218734207707,0.017851637424746495,0.007033236305648282,0.01785166121783391,0.12259301994863442,0.019353533727206107
66,200,266,False,True,0.004669422594717368,0.004518263836904569,0.0019162514974259163,0.004518336582417885,0.004091235933584736,0.004518206167577707,0.003307799282505742,-0.02758665434505588,-0.022989292266030574,-0.02372667447054634,-0.022989692446125004,-0.017166028880466387,-0.02183447154790237
67,200,267,False,True,0.004777992499401542,0.005564112671534338,0.00030608708050969296,0.0055641594016445275,0.005636642039838361,0.005564009845385949,0.006739553538030724,-0.03748135684249654,-0.023760806673161668,-0.028408951772436897,-0.02376132315265604,-0.0003477728296181404,-0.022537244852661287
68,200,268,False,True,0.023801936492271993,0.008879621017529496,0.007778031126383257,0.00887125878350964,0.006101384209830433,0.0086926686565758,0.0124686928292886,-0.027957013829225642,0.011664130103395572,-0.007128174923824219,0.011666583351644704,0.17124155911281133,0.012935954083068718
69,200,269,False,True,0.012022528462728228,0.006554057191175394,0.00401476103136498,0.006554198396193864,0.008102354436368102,0.006059770198746419,0.003173385886408968,-0.012137715311776893,0.006693464459381851,-0.003096398030299631,0.006693193708672301,0.04713389874494636,0.00843069232739456
70,200,270,False,True,0.02194635277553764,0.006789863515592964,0.0018583082022083338,0.006794047606506078,0.007564114691956609,0.005795911771607423,0.009862698508219508,-0.019310659421848245,-0.006320261411137818,-0.00727566259629763,-0.006321023257038192,0.011159250264400207,-0.003963513604723398
71,200,271,False,True,0.031052157181029928,0.020314728882591386,0.0005064042797601588,0.020314443754965036,0.004709151990678702,0.0038510081707415567,0.005314376842302205,-0.028731124152981548,0.0013221013297261307,0.002018691653313114,0.001317247020882597,0.008529313050620697,0.00950010375000214
72,200,272,False,True,0.0034103939762998694,0.005978111884082045,0.0004759555229056783,0.005978180268948074,0.006848078163966697,0.0059780599733873195,0.001915054092454543,-0.008556844502661767,0.00041047731406607113,-0.0041160261395624086,0.0004101534046013633,0.03241740384684329,0.0016646440661480383
73,200,273,False,True,0.0170933393043327,0.009128741045792662,0.009829321927386371,0.009131168398983865,0.01205323653989277,0.00929634511738363,0.020387864253307124,-0.02102512723217817,-0.006744140392989806,-0.010775769941756566,-0.006750689503766978,0.006578558124675595,-0.005188557967844912
74,200,274,False,True,0.019892882706882505,0.005802433745902784,0.0006589247258423042,0.005802482351892381,0.006258573408619367,0.005802409291280816,0.00958821971233328,-0.02459683920380658,-0.009109400498169898,-0.011987552264508905,-0.009109978038605427,0.015956274511697222,-0.007802626054285652
75,200,275,False,True,0.02975365838818676,0.008734667682151314,0.002302943882657251,0.008734843229892477,0.01071497711219699,0.008763370874991598,0.016950055377050632,-0.019979019510888315,0.006918657181841006,0.0050216474194722015,0.0069180845397879415,0.062201307000911095,0.008803450120250439
76,200,276,False,True,0.0214403728144493,0.006537586009536432,0.019274977647162087,0.006539895270622324,0.005996697789898821,0.004942950014159167,0.015155156190228261,-0.02160683917560949,0.009031500067586863,-0.01905976949845016,0.009030537115935875,0.18470192723257334,0.011434515595798486
77,200,277,False,True,0.00019147144357748052,0.005434028972350714,0.0003417295326201704,0.005434040847060443,0.005736469466702219,0.005433963510348428,0.002791612610648847,-0.016626622244194058,-0.012902239479729776,-0.016566663430566918,-0.012902371822704222,0.044129031583990216,-0.011652775902924767
78,200,278,False,True,0.03342590420465927,0.01705562085836302,0.015289002939085245,0.017063945774189168,0.012205486906673352,0.013730049641008569,0.026162256513854353,0.011624025145582336,0.030540398283463013,0.025281455100746083,0.03053283729292877,0.08368707425669099,0.03381579982915511
79,200,279,False,True,0.05031583809944474,0.007857443111441707,0.004540011983708161,0.007857387695579008,0.003155925788464298,0.006497621911525943,0.013283675383318618,-0.013999990552307048,0.02636788342238143,0.021652531314425297,0.02636761370353989,0.11544785968029815,0.027995097971386412
80,200,280,False,True,0.007124062402466102,0.004074855342281702,0.003970296729711059,0.004074984239272331,0.0044677004568640585,0.004074676517015561,0.005992130702553457,-0.03566470999692776,-0.0190875516606914,-0.018445671958823337,-0.01908801967060647,0.031188940779718184,-0.017896209437488125
81,200,281,False,True,0.042142108042692625,0.01768913906088088,0.004824369993086623,0.01771819353066251,0.01790450643867107,0.0069094762333120315,0.0068234379186597775,-0.015036614667101971,0.006506621646161737,0.015582172715168754,0.006505041088042188,0.02325643524107033,0.016953492687408547
82,200,282,False,True,0.01546894226875877,0.006566876823831069,0.0025492896560680733,0.0065669092615202014,0.00791523286153707,0.006566965588763495,0.004708805260826099,-0.0143812925575476,0.001432112479379768,-0.0011494178388076423,0.0014321303420324228,0.05431818485757244,0.002670161326522147
83,200,283,False,True,0.0033151679888041123,0.004541042917917954,0.002399076746468028,0.004540972850309078,0.004683739450076998,0.004541059922904944,0.002812764556330667,-0.018922105023581354,-0.015006012132978964,-0.015367801404184709,-0.015005847025740647,0.003757646762188589,-0.013795413975427107
84,200,284,False,True,0.007697334550912618,0.007354716615873742,0.0035418785267278714,0.007354802808288082,0.009858593114156449,0.007354788703676805,0.012079549681582622,-0.01521250939316603,-0.010176760931778706,-0.01216374009615664,-0.010177080477253124,-0.009258672963092724,-0.008969575725677359
85,200,285,False,True,0.0032224996236309912,0.0035511542233463917,0.0019310917873786274,0.003550841699664225,0.003658503894567532,0.003551125365473134,0.0065023425718879506,-0.007517215317834445,-0.006315366516947502,-0.006581495417102186,-0.0063151879631575805,0.0014329459441189307,-0.005120776954148559
86,200,286,False,True,0.02456009108187428,0.006891363807171598,0.00033041995090801345,0.006894345647336105,0.00600742888749501,0.005142848119998791,0.006937499701913425,-0.021149808188088252,0.004421879505586546,0.00229987588113889,0.004420454516477097,0.025611682614962435,0.007089384738700716
87,200,287,False,True,0.018319955363124564,0.007156454425139921,0.0053730127934701844,0.007160558939148831,0.00900991756055273,0.005487676574953241,0.0031492724350626914,-0.01276325745124479,9.388853660166063e-06,0.0019530740790974094,8.39086369392561e-06,0.011467354378099443,0.003095366720060694
88,200,288,False,True,0.027345608779184963,0.011235760793952537,0.005916785783550749,0.011237338127132946,0.008705137254520734,0.0060070524337817776,0.006949203687526248,-0.014277797629965474,0.008055847119165752,-0.0016071712710585052,0.008054868077473411,0.11197220951056387,0.012471454426079831
89,200,289,False,True,0.01478879010455679,0.007693274118099323,0.0024209636634794696,0.007693319211225364,0.009004291943975866,0.007693204593062786,0.0032868190826536537,-0.03092357967345035,-0.014928413456317565,-0.01700474149632872,-0.014929031767309003,0.07962590257202372,-0.013683419266638713
90,200,290,False,True,0.003522895615333508,0.0034936930831433637,0.0004576541511051587,0.0034937485965734756,0.004361235279365106,0.0034936777601705118,0.00573947796962629,-0.01168054826724619,-0.0024553704451209415,-0.008338211292568388,-0.0024555562523207544,0.030842420741217555,-0.0012448189663878811
91,200,291,False,True,0.002668426653440159,0.004379972821954646,0.00019971542260789976,0.007322182506100974,0.0050451867030853245,0.004379964615558195,0.0037127792818246372,-0.0189238752210585,-0.012539323447025588,-0.01599737255466422,-0.014516000093101536,0.06794745950269021,-0.011253320113153498
92,200,292,False,True,0.019943964489835143,0.00926302184190609,0.00850453894521485,0.009263060464709254,0.008900895694601446,0.009263023508893714,0.009162111660369216,-0.042833557771945564,-0.031332576126464,-0.031365079191205764,-0.03133314667475865,-0.029176882328943315,-0.03014616503053047
93,200,293,False,True,0.010060891620120993,0.017358104429063343,0.004127210358488727,0.01736143514507655,0.015202425229217052,0.006714018800049189,0.004116523900954872,-0.024407067067542167,-0.022186080884450482,-0.01943638404931052,-0.022186767694845174,0.03486769684087198,-0.014201899455949768
94,200,294,False,True,0.012234939565029255,0.005263853769386958,0.003481325867713069,0.005270593704246268,0.006273949603651511,0.005271687089335121,0.0015375322781790266,-0.029512746330568815,-0.016238040621459487,-0.022422012640827268,-0.016245179654674546,-0.013242281549750353,-0.01468198867481739
95,200,295,False,True,0.008224764418842455,0.006368235909619834,0.002691755784852201,0.010875269053117378,0.007851709886478025,0.00636832926689243,0.0007706645309330234,-0.025794622659722048,-0.018790541651490838,-0.023032742297391433,-0.020008756505451135,-0.0074942696949598896,-0.017480278964697976
96,200,296,False,True,0.020077229334223356,0.00531374014476729,0.004942069906094313,0.005313748085923288,0.006249846453720792,0.0053288552530017744,0.01040524084426173,-0.017163374988867962,-0.004826954294857089,-0.0053910556012510625,-0.004827250122422964,0.02481523683558759,-0.0036085367734295243
97,200,297,False,True,0.010901184151697387,0.007897312609324553,0.005486082878768764,0.007902275866135209,0.004696956372091692,0.0076502348731880875,0.006499477643105944,-0.02785435588340768,-0.011653344206913782,-0.022660000947595557,-0.011656379137745816,0.07169170247647529,-0.010293087973140921
98,200,298,False,True,0.04562348109848061,0.014552025453528288,0.016683345202850156,0.014553948180958138,0.004622621057386997,0.004676490804832725,0.02220241481607035,-0.030248939292742583,0.024064911692036724,-0.0032832165139784174,0.02406371579272534,0.21835012872089674,0.03237755530566848
99,200,299,False,True,0.017130332479669493,0.006535518222832826,0.0026244148852922512,0.006535695311523073,0.006504944709338675,0.006535453564152076,0.008774867806863405,-0.02277143309265907,-0.00916712494794405,-0.010136097371515218,-0.009167516698316227,-0.008927728504233236,-0.00793072686553667
100,400,250,False,True,0.010182954269831455,0.006143668626404628,0.00026962358990458295,0.006152957017490935,0.005824276978780097,0.005553538822629282,0.002348092865871408,-0.013444047779812758,0.001440578235541672,-0.0037041552674923067,0.0014363404479179566,0.0319740416241871,0.0023487397743541666
101,400,251,False,True,0.003615923556076498,0.004398648126545928,0.001103083023803919,0.00439968125825767,0.003990337837005223,0.004288227171666509,0.002026736514528592,-0.01522932967239616,-0.005582810098717435,-0.012668829724442814,-0.005585304967525993,0.013977282595174022,-0.004795661641789545
102,400,252,False,True,0.012546281235911201,0.005219758636496969,0.0007762885379291264,0.008842336364328983,0.005787545818450782,0.005221047687960495,0.0038670955711407975,-0.019849295335440782,-0.0014386647467765456,-0.01029354115859205,-0.004070890524382928,0.10378807456636585,-0.0008211775678315936
103,400,253,False,True,0.005968756870660346,0.007149204355016108,0.0018522196922245943,0.0071493046423486036,0.008885642880728769,0.00714910724175834,0.0025141097952536846,-0.031500819011668194,-0.013273934823064977,-0.027300615331692896,-0.01327429286622186,0.07495452466865755,-0.012625091735679994
104,400,254,False,True,0.019305783909299906,0.004446516716785414,0.002991821053080474,0.004446941742372056,0.004407459502290124,0.0042437263088243495,0.003339163556081113,-0.013219796099417942,0.004337530944114736,-8.953462229899678e-05,0.00433707738267481,0.041833540898425066,0.005125961582628305
105,400,255,False,True,0.005498893817989275,0.010097131159844815,0.000762224943605846,0.010092475779805288,0.004143730410441155,0.0039937542016972435,0.0032011472227649654,-0.0013920877280607974,0.009816003001207517,0.0045788466109853,0.009814489549744999,0.11958101952268894,0.011709578177414567
106,400,256,False,True,0.009357540817710586,0.007518166533136516,0.0005414492374044323,0.007504772827373094,0.008245159784599606,0.0075434755971438075,0.003927948866999511,-0.02084862558961509,-0.00421776573053302,-0.010256470903783564,-0.004224636279411946,0.07031611484603208,-0.0035712189845404363
107,400,257,False,True,0.029162281443580195,0.007586163910726595,0.0014103584302152233,0.007594025633396285,0.006208276757760465,0.007202801883353285,0.006090148510684199,-0.021424221253723768,0.015177360254798416,0.006649459275232221,0.015168174024723306,0.24711137699840321,0.016059908998830613
108,400,258,False,True,0.00821603072933947,0.004682855678372357,0.0018185716517937368,0.004683063877144542,0.00562022270518124,0.004873978898727773,0.0029220935106741646,-0.015154495212689556,0.003908050992729617,-0.00773151804689896,0.0039071626969551685,0.09340273110522901,0.004623481433852938
109,400,259,False,True,0.005542528538384569,0.006847861191273325,0.0004859986407517237,0.006847290053075017,0.008070806864262977,0.00516073510697208,0.011301120592496928,-0.006565211184697661,0.000771628552255379,-0.0003064969141860885,0.000771868591929259,0.0989342447894116,0.0033494070407108223
110,400,260,False,True,0.011120017014270844,0.007664921479722316,0.0015147991768306686,0.006536213357952776,0.006597440832759355,0.005838895819484506,0.007149277402815614,-0.0013419924317882301,0.006824629259882471,0.005924161776920628,0.007039916082766044,0.028410930461393348,0.008298794525924011
111,400,261,False,True,0.01262296862995047,0.009088973157877624,0.004663131401537458,0.00909034011905489,0.009230401612892493,0.008154352815475262,0.006807004444195347,0.006285970932823308,0.014333443634444479,0.012751120708299375,0.014332986653270154,0.020489153320453556,0.01559770050035425
112,400,262,False,True,0.022514708160493134,0.008920121166671426,0.006604481924842029,0.00892888805370352,0.005634248950682468,0.004449600460293737,0.008251512437378669,-0.0015349153484669632,0.012090757261104096,0.007480167638573989,0.012084456087311271,0.07639393588861237,0.01549841204218498
113,400,263,False,True,0.01294197402688644,0.006483258734239553,0.0009256341400944441,0.006483295108703109,0.0066145870106813056,0.006325163459710562,0.013107171458013428,-0.0013784287484280712,0.014038064560680096,0.007857900296250716,0.014038097367214668,0.09714972232905662,0.014830662465887295
114,400,264,False,True,0.005871428189162786,0.004478215565033864,0.00016623095272458449,0.004481797897554516,0.004974093298536965,0.003931384527497089,0.003032660102403429,0.0007312093117261032,0.007114387556234423,0.004701208234033414,0.0071092950243670395,0.018912102907020962,0.008236242426524043
115,400,265,False,True,0.01040048131891809,0.005327036405635151,0.0016096654741812133,0.005342776280161876,0.0053259493513359134,0.004379960916972493,0.0045947683683248185,-0.004052891297268556,0.007266195178256876,0.002933954161782198,0.007260248899256272,0.011408614986722458,0.008202112438533471
116,400,266,False,True,0.003608129311910091,0.004036655331134252,0.0011344554847155467,0.0040367384714347105,0.0036745726468118507,0.004036606219711306,0.00786358149866676,-0.022737875623402785,-0.018648526111777423,-0.019842371861768678,-0.018648994464228713,0.025048298009750045,-0.018043685061742462
117,400,267,False,True,0.02891921051787728,0.010141177989808457,0.00552739831756019,0.01323620795427228,0.009274230946187248,0.005028690822728829,0.0033878773206509095,-0.006802724889465661,0.01147538083192872,0.007709056273544874,0.008908513505748701,0.018953291347988586,0.01545596108209954
118,400,268,False,True,0.011917056893609234,0.004340489849692491,0.0015739393661652965,0.004420430068834983,0.006181478107719987,0.0043408039457035925,0.002510387886818262,-0.0196586937092201,0.0010030708476192452,-0.008179529412527245,0.0007423231619958948,0.03629134723639993,0.0016189453969073647
119,400,269,False,True,0.0004506872227891065,0.003982013375320144,0.00010412767625282623,0.003982147848378094,0.004469935792606819,0.0039819927820742,0.0014752443645847948,-0.01089250930333287,-0.006294892821505727,-0.010287474748728844,-0.006295250338268375,0.04362478110417408,-0.005675541548729943
120,400,270,False,True,0.007801199531535254,0.005347977474415323,0.0008858179434505685,0.0057205697482612125,0.008152502651303597,0.005348412831228667,0.0023985166532069745,-0.01559416603661465,-0.005529515995621033,-0.0103066553240282,-0.0059036339250429035,0.006952596573438559,-0.004894676308249593
121,400,271,False,True,0.010824105654874737,0.005720373354788486,0.0005364247463135969,0.005710299802474133,0.005973509350028993,0.005256799253211795,0.0026095214065808684,0.0007632918687919977,0.01141642411351036,0.007252647749630898,0.011414081508975684,0.03982772891254308,0.012292987187123822
122,400,272,False,True,0.007958589857923318,0.005320489942894322,0.0005221112942802493,0.005320433455186432,0.004725105852155879,0.005271349090824205,0.003815453320980434,-0.009942566933903925,0.003090934922259798,-0.002572350715612779,0.003090434079961035,0.06393902972490938,0.00372973507358057
123,400,273,False,True,0.02555926719722169,0.008053319861400707,0.007705743238577454,0.00805355131426263,0.005379962323070575,0.00662818040231313,0.009310061509159846,-0.014646706336248174,0.017796135221006395,5.038643947557153e-05,0.017796674456254016,0.16930182944445213,0.018811392341158015
124,400,274,False,True,0.020993710332969664,0.009112481271394926,0.00472596217028093,0.009134679560673237,0.007839657055359883,0.00795925396737252,0.009685677217998217,0.001676546770310798,0.02397925791511005,0.011526261988055722,0.023968362840133556,0.1138318149007956,0.02542997114774509
125,400,275,False,True,0.006264418530243474,0.0056697282292845486,0.00044921741634019953,0.005841032277798498,0.0058424368386145375,0.0056871721315032145,0.0016766778120711197,-0.013330392754503909,-0.004081439587213059,-0.007845120341512319,-0.004162961238959877,0.09342434676796806,-0.0034484244796061797
126,400,276,False,True,0.01950727243393562,0.0063552212037053255,0.003323790546067993,0.0073904945578381846,0.007710713931590388,0.004168683188912667,0.003106190358635364,-0.008081022734314618,0.008028644128374474,0.0029303430351232903,0.007669489400763521,0.06107469804385705,0.011155192956111143
127,400,277,False,True,0.005875776988583814,0.00667054703700227,0.0030475776989937033,0.006670739199281133,0.0054144990568965965,0.006670359897362465,0.005579095439763085,-0.018142522065709057,-0.0012988357740896638,-0.013468394377651398,-0.0012993306764971103,0.06620083016906847,-0.0006675216504678921
128,400,278,False,True,0.0033621696690970633,0.005075487156436216,0.0009790735565583049,0.005075211078265748,0.007042339272068758,0.005099419816285506,0.004455962521842346,-0.008872877051864169,0.0027287134735361463,-0.007154302616730246,0.002728298180796145,0.12541503260407688,0.0033597110949493414
129,400,279,False,True,0.004882581132029792,0.011171322572433702,0.0013229665955377327,0.011171404470017673,0.011383974059258097,0.011171262195953052,0.017261783007129116,-0.019900620363265672,-0.0024680615121285675,-0.013446750298793055,-0.002468090524032078,0.15670782232517297,-0.0018275310926463006
130,400,280,False,True,0.020757111678548358,0.008219527866534727,0.0035821199198712394,0.008250676771316546,0.009252423261016567,0.005914071327380929,0.005565511083844541,-0.0019768532500122633,0.0094729641845686,0.009877076655582035,0.009471033512883533,0.028002977085888486,0.012943289140367645
131,400,281,False,True,0.004325933245164911,0.005626853175252347,0.000536744694278183,0.005626914873613453,0.006331166785357991,0.00562690896630779,0.0014699389247274527,-0.010163974993007275,-0.002605719764879382,-0.005831487243093063,-0.002605830591206022,0.04037175535564708,-0.0019992543737836765
132,400,282,False,True,0.020347798132228534,0.024556862315576206,0.003018278578163128,0.02475053739335654,0.00813500382811755,0.007650612939461674,0.007211981669293632,-0.0030707531775525255,0.012795705722385425,0.01436707759215419,0.01280225323366679,0.148327802564006,0.018147397793441877
133,400,283,False,True,0.019387563172234213,0.004412708638401552,0.00027156447522802514,0.0044127726709969365,0.004398128138175894,0.004412663159853398,0.0013482142996477083,-0.016368237269777444,0.0038973155363387947,0.0003893557797037589,0.003897127176432349,0.0458993174111807,0.004514534084710156
134,400,284,False,True,0.005719879774658725,0.005727671951561426,0.001973842611588457,0.005732081342918948,0.006715905918032637,0.005149851296657916,0.002836188110196006,-0.01768462607562023,-0.015790074749665914,-0.01637592842679817,-0.015792467603795154,-0.01096389366701791,-0.01465164376995573
135,400,285,False,True,0.026016259445831788,0.014881046659485758,0.004611603455912733,0.014881611122052392,0.01447955952030984,0.01347024416762389,0.009249700101320318,-0.012005472597275402,0.012346307998260642,0.008487501794738275,0.012343482916103418,0.1192028550930118,0.01378286939615711
136,400,286,False,True,0.0059474007080327195,0.007199087968127495,0.0012952398713693472,0.007199273156507994,0.007486727363881163,0.0071291031895350946,0.00478910283619223,-0.010379323140283388,0.008145228656810418,-0.003167208897261738,0.00814376621672503,0.2088020487164422,0.008900078267473258
137,400,287,False,True,0.026025456446870102,0.008028778672553255,0.0073422731004417485,0.008029065974115629,0.007528569984328462,0.007088083969812484,0.014284492452643313,-0.0017620665433682947,0.022770756177320113,0.023365960493789882,0.022770478051045425,0.061192740145048885,0.024007560382438023
138,400,288,False,True,0.04191344059374287,0.007292729900915161,0.012837226115429921,0.0153163985420251,0.006536039454809635,0.006878372638900894,0.005376818712462441,-0.011624328824840196,0.024339161425290818,0.009463143870265157,0.019640482024691472,0.12232616567610584,0.025172918696731897
139,400,289,False,True,0.005363686455341135,0.004455562177862282,0.0010668093116415493,0.0047039384087098415,0.005442117013610608,0.004400872414131982,0.0014952294432796405,-0.004423410406652287,0.003686976392276087,-0.001452426517126543,0.0035185739375122615,0.05642847614713665,0.004314214691183413
140,400,290,False,True,0.014513341934363499,0.006343219597467345,0.0012335006730754788,0.006343053754962444,0.008976180941483195,0.006471543961455686,0.004854557802821537,-0.010783077135280152,0.014923872859149298,0.004166914808733172,0.01492353473606233,0.17036270499002915,0.0156043096676549
141,400,291,False,True,0.010922458492439203,0.005613955637108148,0.0005117312366846932,0.005623252597560069,0.004661007675630346,0.004423222856648342,0.0024254015444783983,-0.007414463143023091,0.003950029078871999,-0.001079493342019825,0.003944704103695038,0.022027492645712153,0.005386884606167347
142,400,292,False,True,0.0058542749446049555,0.003969352628518118,0.0003676074029040466,0.003969382480304013,0.004855865956824733,0.0039693344632161995,0.0008932371599544761,-0.02230997327506693,-0.01567244161315939,-0.01862853861200604,-0.01567263909728636,0.03345798172851064,-0.015061081687387387
143,400,293,False,True,0.014941389697673406,0.008729815614277114,0.002732281155958648,0.008729818252355323,0.009747349288819656,0.00810187063564472,0.00893730574136201,-0.0010908991197945478,0.013050077737648281,0.01035198332577023,0.013050169378293716,0.07753045430482938,0.014332166469176733
144,400,294,False,True,0.004445581841712395,0.004956186601704593,0.001654192825543202,0.004955289134670894,0.0063867727195238535,0.004958289359350518,0.004857512004452517,-0.0028561676318096317,0.012497281119348962,0.001018717433918568,0.012497528948706177,0.12706360272099548,0.01322906939697023
145,400,295,False,True,0.005883685865257507,0.006296895774472094,0.0012778699062758884,0.006297026488056373,0.006146092943414898,0.006296874819998963,0.0019707114464487556,-0.014278204202338248,-0.007573108075297199,-0.00993006263782796,-0.007573329930277559,0.0030451322016756778,-0.006950321775760507
146,400,296,False,True,0.0051424731796527534,0.0037689881561378687,0.001038260369063001,0.0037690180161696705,0.003810419971173962,0.003768919981958107,0.003050031313528369,-0.0218157646074489,-0.01738005675056618,-0.01829853137231692,-0.01738023863404788,0.0068810265898018134,-0.016771982529032836
147,400,297,False,True,0.004932799422515623,0.007987578849167797,0.001300192076023099,0.007987690180367405,0.007301998595094477,0.007987512455502959,0.00423279647314709,-0.0208134982807739,-0.006694013438289907,-0.015948769551096083,-0.006694230237830539,0.12081817434102096,-0.006044274047446174
148,400,298,False,True,0.019273503391826367,0.0070595637889631045,0.0077654079217648045,0.014431980444981554,0.009141327083348557,0.006033382680738044,0.006549327948729286,-0.005071700970247994,0.009840999333517076,0.006270734712562556,0.005138043185866544,0.01117123561470642,0.011072994012617812
149,400,299,False,True,0.013277615316979813,0.009231282644890733,0.0036030198262238635,0.009231926116091282,0.006098964398043419,0.005518399995604104,0.0035068311520287366,0.0056211720404170575,0.015609782801338934,0.014041295521669897,0.015609384443738588,0.11875726747233972,0.019186959642771548
150,800,250,False,True,0.0021305895451785976,0.005097616848110689,0.001791433344580031,0.005097872626019831,0.0051661148648466555,0.005097684427525094,0.0011892983885349203,-0.008526146829221063,-0.0014190954157348478,-0.007794270622511985,-0.001419287827734994,0.08712888899201293,-0.0011155904937268646
151,800,251,False,True,0.016982836983782522,0.008285326099700698,0.001258990940368673,0.00829789025311513,0.007700842910409726,0.005601439713066647,0.0035440417658350086,-0.00025069544954963943,0.013336339722799817,0.011538331603714067,0.013329879977996999,0.055404256441021094,0.015617591000648856
152,800,252,False,True,0.00025160440380794796,0.004124975446992449,0.00023003253715276072,0.009965299921997212,0.006263927000492261,0.004126104532681141,0.000690517366675885,-0.0027570717152181224,0.001027429724490343,-0.0024508596674424846,-0.0035483334086278263,0.09029774725881191,0.0013311780474639795
153,800,253,False,True,0.0028702078506862823,0.004285735916343705,0.00025398650672808467,0.004286798591309516,0.004722676988663675,0.004216265273015076,0.0014742119135065486,0.0008504197514202594,0.0065271126657990486,0.0022469790020984005,0.006522651370842212,0.10506974866622804,0.006876819013074631
154,800,254,False,True,0.0016434479590867427,0.005527244030673505,0.000257705064498521,0.005527080579717558,0.006375736379451236,0.005562491859318503,0.003261902921363033,0.0006879431859159146,0.008702557043601828,0.00311162121043238,0.008702201262464264,0.10267469691269417,0.009044388017290877
155,800,255,False,True,0.0029264575669106824,0.005360102789291988,0.00020996042547859653,0.005335734031231843,0.006347129669423675,0.005132887387457957,0.0007625176811509141,-0.0012582597368046722,0.005891839758045272,0.0007144660644202479,0.005838086368800326,0.0628353248790903,0.006413155331117332
156,800,256,False,True,1.6994522694857053e-05,0.004180570310594001,0.0001619999246482626,0.004180780217577222,0.004698316204577267,0.004180586471840369,0.00043778896158337157,-0.009131131261241352,-0.004518811004008381,-0.008557543678564655,-0.004519078883579848,0.024889395361422418,-0.004216176871448679
157,800,257,False,True,0.004011761771885125,0.006586801593789571,0.003586975414785365,0.006609846931585181,0.0053951831641009225,0.006095562949918509,0.003133674891756823,-0.008642568191310722,0.004134149096269315,-0.006936364490150722,0.0041292484827682155,0.1227273650809203,0.004633544472255988
158,800,258,False,True,0.012352171629179098,0.008267026670080046,0.0003344494299934181,0.008284021636112563,0.005158607072476268,0.0037386295717426925,0.002886551427109486,-0.006442699431343323,0.0038262097632568094,0.0031468347663421783,0.003823621854452686,0.009399347711153076,0.006743290395270066
159,800,259,False,True,0.003181141209008615,0.0057855812683061565,0.0007531456124168571,0.005797562682051497,0.007137606524130607,0.005454798269843487,0.0030910365306615396,-0.0045014997971744046,0.00735787785776326,-0.000986024393812025,0.00735202989118946,0.11345609282872524,0.008001323260532364
160,800,260,False,True,0.007969614793157867,0.0048829060714242305,0.0006066972025998648,0.00494594359890435,0.0057958013625431905,0.004793597204494155,0.0014910258942543633,-0.007536817113185093,0.006064394778633737,-0.0017071848526642285,0.005977471686748856,0.05561768868276829,0.00644045056318808
161,800,261,False,True,0.021719428969917246,0.005229430777393955,0.0006192778821932414,0.0052297773113226175,0.005879259166589313,0.004630396263225923,0.002162824544095293,-0.009658886404981347,0.008616627273814004,0.004740135342026986,0.008616298699382963,0.04874980727647458,0.0094882586207677
162,800,262,False,True,0.0022058976510598654,0.004376255585157625,0.0002077603113667261,0.004375936978308027,0.005437269226727124,0.004376197177334927,0.0010558076146406003,-0.01629611202668492,-0.009506145931818928,-0.014115300348934936,-0.009506178453571188,0.03777370945408091,-0.009199515101852199
163,800,263,False,True,0.0017872469849364876,0.00465262237753404,0.0002956319050545629,0.004652588042455986,0.006018763720989232,0.004652514878789508,0.005783299254275465,-0.019266929912891414,-0.012163478495108713,-0.016133510530785277,-0.012163747280197796,0.024634381672863057,-0.011846323132788675
164,800,264,False,True,0.011466213914036643,0.0063844796515047375,0.0011566357299963193,0.006384699636574798,0.006421241894385999,0.005802622101375135,0.0027096603583193187,0.0019598092556912918,0.015601534409669817,0.01108389762838364,0.015601029398505446,0.09700850327507475,0.016653397720210225
165,800,265,False,True,0.008052509146804013,0.006691030180889569,0.0011432441688091343,0.006689734277177194,0.008528983075896761,0.0066686941936306265,0.0037911546068369883,-0.012181730329907898,0.003447062994651411,-0.005857099486238065,0.0034389408710437763,0.13122625568803062,0.0038656504219517773
166,800,266,False,True,0.004604882033857297,0.005895131952376037,0.00017429007653007718,0.005902245350876182,0.00705867039656425,0.005735161801708491,0.0024233364823586538,-0.0036596228131642863,0.007708809953904386,0.0014531956346495432,0.007702250578989052,0.043966269591528245,0.008231017082921718
167,800,267,False,True,0.004123161169838184,0.004998419760104981,0.001355329333594448,0.004998444887102076,0.00576867285259314,0.004934340908705988,0.0026640259900137155,-0.00599895062118537,0.006549115047762281,-0.0027094634473249835,0.006548817540482475,0.05693699127125251,0.00689557385235931
168,800,268,False,True,0.0038255810224528224,0.006014234121474652,0.00569819409048708,0.0060367935936178774,0.006306429201900388,0.0057579130194431085,0.004533215199188909,-0.007515099328951821,-0.002559930012336977,-0.002138581441356176,-0.0025649597766083864,0.04037461538522827,-0.0020554351933279452
169,800,269,False,True,0.02742752745209885,0.007014586294314784,0.0044143919814735,0.007013206714634095,0.008205563247660676,0.006080425920082655,0.006857394441342588,-0.009515113476685636,0.01139900426407376,0.006692606958670808,0.011399208018719858,0.08307776214692908,0.012638554685584613
170,800,270,False,True,0.014254823433677106,0.004633056170318283,0.001298204881728982,0.004633043878263081,0.006286962515153658,0.004633008229307871,0.001675595184521499,-0.018686223643237295,-0.00019175422258017606,-0.008670227007567281,-0.0001917560102411109,0.0952589481393059,0.00011586351812863105
171,800,271,False,True,0.0027431913911346623,0.005108146239169894,0.0008610873805987613,0.005103478067699856,0.005772463797544636,0.005109649381657871,0.0017817188927731222,-0.010882969461764076,-0.005195352324454774,-0.008722949503433216,-0.0051975429171369925,0.0439730733636126,-0.00488393253321022
172,800,272,False,True,0.004825178619428759,0.004720173370829084,0.00020595071147353663,0.005793774924468498,0.006337912563940308,0.004720554058920683,0.0018719647778928951,-0.018128151605091278,-0.009755701640512999,-0.014031259554864048,-0.010475784028105792,0.05545021915184911,-0.009438887155545486
173,800,273,False,True,0.006258142437700184,0.004863429303191503,0.0005845884670308985,0.004862135608306061,0.005069853892007611,0.004759954535753703,0.0017158069372322973,-0.004202945401949528,0.003222242166295786,0.0006275375334582406,0.0032196615427494456,0.023956135071586396,0.0035984213757788708
174,800,274,False,True,0.01919402729370514,0.00577926750037923,0.007905879610311526,0.005787909270690316,0.005720215081974753,0.00549103259311466,0.003405514727377792,-0.007779780139287227,0.013339597250119706,-0.0010309575776672236,0.013334005640330809,0.16200668547774083,0.013829791622117116
175,800,275,False,True,0.0030591963864101436,0.005823289501693994,0.000839939171073371,0.00581716251588714,0.0071772532460288,0.005824085808984347,0.014660474994614207,-0.008676281666360369,-0.001665404165632154,-0.006445775654241285,-0.001665833425576846,0.04193780279253918,-0.0013573041252542273
176,800,276,False,True,0.006798404532522543,0.008087615151388668,0.0019670930019965345,0.007893523872281124,0.00825365831199167,0.004861989875838415,0.0026219699960636418,0.0013074018198230193,0.01430227561247973,0.00619772548452499,0.013992493661933364,0.09311939673903907,0.0173896563380172
177,800,277,False,True,0.00044129765547803643,0.004859355319003171,0.00016317866368918056,0.004859428225365645,0.005588702410432855,0.004874695169558008,0.0019014349654410735,-0.004084537474095939,0.0014322786191966407,-0.0033019908490800345,0.0014322222364938143,0.07922400885713334,0.0017625068840581154
178,800,278,False,True,0.011414377756173448,0.008909313976761639,0.0017203185328289474,0.008924061060726105,0.009612084794543398,0.00870820224214121,0.009089143180085604,-0.013787743462506162,-0.0027609029169192033,-0.005774591954503201,-0.002772304066241151,0.07370388284320294,-0.0021130208018249053
179,800,279,False,True,0.00712842202067833,0.004927770486586025,0.0003204686338175058,0.004933189701053469,0.0055845807406416014,0.004919875043943828,0.002935150641936138,-0.003365152617232361,0.0052150654976087195,0.0017684103547144763,0.005282596378392537,0.08473516277871021,0.005592343166592059
180,800,280,False,True,0.0013523987648117084,0.004673588198485974,0.00033249472618724127,0.004673072512136746,0.0057757699158884155,0.0046995037551790485,0.0016394546712245723,0.000536980162249987,0.007088338099029592,0.002236506275425712,0.007088798862206467,0.08700009788088899,0.0074254397487473894
181,800,281,False,True,0.005371034988984832,0.0073153925063927806,0.0008448769080082846,0.007329473616360423,0.00789950825504335,0.006955616087933709,0.0028514554476720745,-0.0026068230071178487,0.0066939125215439614,0.00178816809659109,0.006684382301942655,0.016841991243949667,0.007265394812990059
182,800,282,False,True,0.007404225067760712,0.012269905917639257,0.0006837725739286412,0.01227451117027911,0.007286566639943729,0.005912680573561286,0.0022012773353791166,-0.006091586633303265,0.0028859429132713998,-0.002002788922437438,0.0028802053051548704,0.1259109924708994,0.006436394683640337
183,800,283,False,True,0.004134612361811064,0.004117574375454003,0.00038761748815077624,0.005483540087189484,0.004687513861916506,0.004117604621204263,0.001794056971250329,-0.00711159315899941,0.0002553540216697492,-0.0027232245042107506,-0.0008058715071336487,0.056194255942332384,0.0005630148627493309
184,800,284,False,True,0.014816524220159118,0.005277166134416692,0.0003512348340207984,0.005292527774290302,0.006032023905135724,0.0048904466032886895,0.0008569623589472049,-0.005674715217282478,0.005550948680281334,0.002775807031216734,0.005543816010203084,0.031147054131177524,0.006214385493654606
185,800,285,False,True,0.00678677541473567,0.0037958525570034206,0.0002198742710845089,0.003795885271930418,0.003486602307466573,0.0037034098748291587,0.0016731235490098939,-0.0032761954617715285,0.007244464436176763,0.0029957029172625257,0.0072441849013370075,0.046778108853405095,0.007591014845724081
186,800,286,False,True,0.0010149256020078816,0.004480604047038398,0.000884194815805697,0.013099011049736342,0.004559738889352563,0.004480588823731897,0.0017509074572633677,-0.006793989420727635,-0.004829500853108417,-0.006795354413423572,-0.007244775778415207,0.07388678875111823,-0.004525325182170747
187,800,287,False,True,0.0027200681111892765,0.007551876441319515,0.0006401030132751167,0.007552630159523457,0.008474751345638692,0.007542354492030476,0.006966088088608014,-0.010185235007263099,-0.0038784119740580894,-0.008071528091426791,-0.0038785528110899924,0.06050932927178783,-0.0035133082415461647
188,800,288,False,True,0.00677965683348927,0.006785981496440466,0.004391444556972878,0.006783880547956058,0.006166851409721317,0.006188461359693425,0.00752348190336318,0.020311955822430183,0.02031068652278023,0.007211615959340171,0.020305263297575617,0.17081875757865478,0.02103715653403998
189,800,289,False,True,0.00547143988744869,0.006442160083185565,0.0007475469774517631,0.006448592192073066,0.006204460799985557,0.00487666850716285,0.001764463688452476,0.004813157888952449,0.010608923038495525,0.007835078638154167,0.010602373432345616,0.02638478262748638,0.012109160886356662
190,800,290,False,True,0.005380360908136694,0.005970020866412917,0.00340294083928185,0.00596983930566438,0.005485654806751058,0.005466021858374942,0.003340781768287909,-0.004947021785471016,0.010537064612915224,-0.002775081013713916,0.010537469636502319,0.12411333888740522,0.011235146623143302
191,800,291,False,True,0.012237177910514499,0.007509200118681157,0.0006012445854165292,0.007509943423630189,0.007398841793090772,0.007155638787244546,0.0009276167539274535,-0.009652785818044277,0.007920495330010163,0.00043518200574754865,0.007920423641404746,0.07314494368635588,0.008570573898737971
192,800,292,False,True,0.003826274882325084,0.006681046046309163,0.006564971147373512,0.009101996660054795,0.009035393111479339,0.00668146932559511,0.0037851612997637112,-0.014113160537856472,-0.006664444002941821,-0.006373728008622455,-0.008284079048011872,0.04158955541476615,-0.006356563396600096
193,800,293,False,True,0.013204330609483084,0.007186553694181285,0.008356535045911223,0.007186842821816036,0.0057906976638793595,0.006565380334799536,0.008229201879077563,0.010278153470634913,0.022023703832164437,0.013618154184036198,0.022023465258648844,0.09528584377470435,0.022567940548130813
194,800,294,False,True,0.00023077280826488982,0.004200634085224283,0.00028991241702358556,0.005698195106012454,0.004987320242971921,0.004208615835721052,0.00036964707988294376,-0.0026798182957856803,0.0030901660640918396,-0.002546767743036631,0.0025894807332219826,0.05656165657319747,0.0034044134781730656
195,800,295,False,True,0.0037835096888457747,0.007508722585920927,0.0007895369616823507,0.007509650693648987,0.009132554199712943,0.005694071968670735,0.001562026245354536,0.0002215912645364654,0.004674407834163752,0.002823677685363893,0.004673743633242822,0.06092928239086277,0.006739230180355257
196,800,296,False,True,0.006208937874400332,0.007416401798510262,0.0011421932335221154,0.007439751537372145,0.008854899978233393,0.007312997217871102,0.0027954238657140777,-0.0035117658940518,0.005532490364874239,0.0016036079419999134,0.005524016401781662,0.047740016185306156,0.005965407640329878
197,800,297,False,True,0.024329033541189912,0.009480900952897013,0.02381681850714491,0.00947793036301714,0.024569928053530934,0.008880937956432315,0.03829041208539286,0.001323950994667173,0.0505468845917877,0.001910960653752777,0.05055356604906152,0.4055711676989766,0.05101288096089732
198,800,298,False,True,0.001035719389294991,0.0065470139729109575,0.0012042699962106446,0.006515861495066816,0.007543068976206209,0.0065337952028308496,0.0010324706071566348,-0.006006008720016163,-0.0008454290591414626,-0.006518032428547679,-0.0008567668358355718,0.06724117250701642,-0.0005429206787673502
199,800,299,False,True,0.004019927913191454,0.005236711350320151,0.0005865372962536403,0.006264694921422378,0.005856876328114701,0.004794132783562697,0.0008338104338860963,-0.003851458785599196,0.0030928394853761533,-0.0009320977956493712,0.0026793942632811784,0.04091529725918404,0.004141416888054375
200,1600,250,False,True,0.006000952017149376,0.00604562676693742,0.0019311677863654377,0.008120111860007226,0.00802506329008534,0.0060889478831578124,0.002400101017636865,0.0012071917218359274,0.008438383918597268,0.004131954903123976,0.006909514803665093,0.04650341336556064,0.008601676702560374
201,1600,251,False,True,0.004024925259236612,0.004835944915043518,0.0006578528891493295,0.0048327509903113314,0.005354287046173012,0.004575068270708946,0.0014426548145226364,-0.0016329343750015152,0.008373781369106723,0.0021981710004672157,0.008376293826828736,0.1231723014660533,0.008744471608542498
202,1600,252,False,True,0.0003547211875113047,0.00542233687999959,0.0006738569406965979,0.006534776958324633,0.0059990026868077685,0.005362053437169252,0.0011417186884183825,0.000758305234375832,0.003654837258349879,0.0008948786925116356,0.0029318508563258307,0.02776422141350814,0.003925295116729663
203,1600,253,False,True,0.008584444075720987,0.0050173972659727575,0.0003256545842511708,0.005066415779467378,0.005118439357265326,0.005012812124963667,0.0007352234645624197,-0.01006477523677767,0.004102409150228681,-0.0024513895483747055,0.004060745218206155,0.036544758566257426,0.004264176783184456
204,1600,254,False,True,0.009025726558470521,0.006911010277696417,0.0008876893366253322,0.006910998800299373,0.007359331587582797,0.006551438718060537,0.0037583983965020205,-0.00011266667665535135,0.015319246774070372,0.006382347798159993,0.01531916004972416,0.05532812867522626,0.01584812964252695
205,1600,255,False,True,0.007108338130627572,0.00672898788563164,0.0005232803896238641,0.006790254009288894,0.006510441474830537,0.006359455813680518,0.0016341104226896038,-0.004437244590588656,0.007576731167048667,0.0021148650255782913,0.007571624049924122,0.13102762345208677,0.007900599627177873
206,1600,256,False,True,0.0012489790009156529,0.004538516357710419,0.000213196216846644,0.007058436753097178,0.00661098855595873,0.0045491365590788705,0.00043324389433961635,-0.00461697744197859,0.0010612699091409007,-0.0033205248027887834,-0.00090230277345837,0.06528592125022904,0.0012159868951661101
207,1600,257,False,True,0.004189402512406397,0.005350209059763073,0.0005384881986691492,0.005350630079997959,0.006571079031800686,0.005132261964647964,0.004687524991821513,-0.0014934269475079592,0.004881548907674862,0.0021908913340066977,0.0048821816441384945,0.12351742113330384,0.005319583439144376
208,1600,258,False,True,0.0029850318682397097,0.004512808117601094,0.0001652496542075007,0.0045724732247816825,0.00514361064558712,0.004583017099145864,0.001759928270673961,-0.005093944086688358,0.0022058503272788066,-0.0022182746159666185,0.0022540674617604318,0.09021027878349265,0.0024121098599250573
209,1600,259,False,True,0.003166569401243439,0.0067662440382222485,0.00032118007050355326,0.0068991344464994575,0.007245862060690248,0.004926520626185968,0.001025326261834002,-0.0007904275506152054,0.004139312980285084,0.0026860984745431605,0.004052371255397738,0.10162666152664833,0.006089663999271452
210,1600,260,False,True,0.002496334761529324,0.004980538543611544,0.00044010535602751936,0.004981224626193748,0.0055495176462924435,0.004879884302516481,0.002075516106499093,0.000276911542213516,0.008963207032566079,0.0025376619290645376,0.008955326718719262,0.039307214305104185,0.009181361377489622
211,1600,261,False,True,0.00037011910787335784,0.005573271221164995,0.0003669466512129154,0.005557301117680475,0.005924525180244974,0.0056008929769913425,0.0003906172582602102,-0.008979228023403254,-0.0035468739430471884,-0.008175053525034635,-0.003560325933200268,0.032220544902428185,-0.0033801405926546513
212,1600,262,False,True,0.0031034313994413214,0.005177847801447573,0.0009756825072538685,0.010629664088095155,0.004715213290963035,0.004771036666125236,0.0016636650883696442,-0.0007541835687376442,0.008693503829625797,0.0012207133839382512,0.004872993731313109,0.14848066379791908,0.00905494613639135
213,1600,263,False,True,0.0006075212840075918,0.005387594383718243,0.00033224401135042845,0.005388020233619198,0.0058390053195504395,0.005387878693858559,0.01501389715451588,-0.008288805989039416,-0.0039719503278097795,-0.008003359784798608,-0.0039721417968860175,0.05323161026713048,-0.003816385123618829
214,1600,264,False,True,0.007292268524814634,0.010080468831877132,0.00028893218470251857,0.010079315479611226,0.005893965052285986,0.005175942956354083,0.000523506113744782,-0.001422479586028924,0.005607367500185951,0.003929106578131832,0.005607338325308522,0.13284490781987704,0.008074278772293775
215,1600,265,False,True,0.0010043897759888676,0.005065555393378083,0.0014123039177433986,0.005065582198089344,0.005520703897792807,0.005065655632038133,0.0009351125612029309,-0.0013716780686734889,0.0020217400332463954,-0.0011751411531852707,0.00202161971174009,0.0534416781592653,0.002176794616789185
216,1600,266,False,True,9.548411702018659e-05,0.00443215574503267,0.00022957131700554467,0.004432290297079502,0.004651754326257321,0.004468042402569078,0.002252801792920281,-0.0009764021361029346,0.0030866358910329873,-0.0006743498492173408,0.003085910126076623,0.04518636455882364,0.003299240018632743
217,1600,267,False,True,0.011448174669210512,0.005669293813521306,0.00147191372897994,0.005669280926446988,0.006307985716987585,0.005639125071145766,0.004079181709417549,-0.0035308267892266367,0.005065568559618043,0.003606503011675204,0.005065402758955741,0.053741268451199996,0.005289543699124558
218,1600,268,False,True,0.000976996554759817,0.007889549232810007,0.0005864746012605268,0.007905572213486083,0.00819133326041329,0.007546357831801414,0.005849935384658883,-0.0034530680117723068,0.004357347279309103,-0.003096867910048974,0.004348471153229259,0.07763681709086406,0.004830100913911575
219,1600,269,False,True,0.00736510872925343,0.005275470994454745,0.00011226534545039023,0.005275544883571064,0.005801921865806841,0.005191404210997279,0.001569448672955279,-0.006626895800547038,0.004149076577550108,-0.00047648177453463506,0.004148713787865841,0.02700772996988581,0.004449083440615745
220,1600,270,False,True,0.005812950436757272,0.0058294283452991254,0.0007996796513578161,0.005813426378930819,0.006441917950916072,0.005826328855727505,0.001693749536793792,0.002490407585127554,0.002471899931491439,-0.00023674893522107748,0.0024763534149303368,0.03371639085937567,0.002656689210911528
221,1600,271,False,True,0.0045381743024457515,0.008022087649968899,0.0010258294186531788,0.008041974976321838,0.007883635682565653,0.0077356858689917474,0.005773465237012331,0.0020978491402591144,0.012919289301234028,0.006373154952984087,0.012911666777378041,0.09340108832046418,0.013211605131690798
222,1600,272,False,True,0.0016269993871984572,0.005530161530100458,0.00026470462936123613,0.005507669534112683,0.006156676386423384,0.004794401073466095,0.0005434660464986223,-0.0013236848473494522,0.005058388475150845,-0.00012793843485952043,0.005023543732698687,0.039767005930335164,0.00580325595246077
223,1600,273,False,True,0.0044736893616852,0.005572815199580283,0.0006974115699876893,0.0054980817205007824,0.006531537286704689,0.00538895808833273,0.00125218997246209,0.001120047226373797,0.012749800723969197,0.0057177320120939705,0.012793720049617523,0.17910975300342863,0.013074794114508778
224,1600,274,False,True,8.165008549629644e-05,0.005035596025224301,6.854578866516936e-05,0.006974532541121551,0.00570319461378147,0.004683345708902156,0.0003327005677606767,-0.004293963592832276,0.000988474214556696,-0.0042924989281414305,-0.0005132339892653449,0.1105728845477513,0.0014386874484802609
225,1600,275,False,True,0.0013968088411140942,0.00486792107140025,0.0002240316252485385,0.004869632536420664,0.005465436258057602,0.00490205296932252,0.001587053374350652,-0.004094189912500376,0.0016451678785655234,-0.002797689771985683,0.0016443595056874827,0.0280068428527038,0.0019200985737857362
226,1600,276,False,True,0.0095321734499404,0.004738086691573557,0.00019940394867192808,0.004738634476003439,0.0049823510296984,0.004697944587624217,0.002258969774330055,-0.004094076531375573,0.007600793563081005,0.0027050466754376026,0.007599992699008098,0.029232013357468424,0.007778557929083371
227,1600,277,False,True,0.002173629423997272,0.005050599773143707,0.0006423707972029035,0.005069231844406877,0.0064199934882517365,0.005002611838639806,0.0006385062620819164,-0.004098394159481253,0.0051007435896259605,-0.0025243992419808283,0.005090838598624359,0.03977738700951697,0.0053497796742036224
228,1600,278,False,True,0.0015425537104912829,0.0046089134015024034,0.004587282777095974,0.0046052244430824915,0.005100722307439856,0.00462470316705292,0.0015654339921339574,-0.003211952367039189,0.000713381755910536,0.0009395281189294231,0.0007048577529371869,0.09206896600833456,0.0008691112415245839
229,1600,279,False,True,0.0012364520779813474,0.004748014645308347,0.00020485560835795076,0.004763412192978718,0.005484177422574671,0.004746845013097076,0.0010154287375248425,-0.0015062934731296935,0.004265705055935864,-0.0004045093129716654,0.0042523042685050074,0.07299469832933245,0.00447208853095879
230,1600,280,False,True,0.0012571016478912914,0.006119230523386111,0.0010731406005043249,0.006271570916299505,0.00570427732609055,0.006007977873784585,0.0007119929799962351,-0.005913057089008759,8.876951719914316e-05,-0.004589330990484991,6.0534230131370496e-05,0.07096440749847034,0.000402280497825952
231,1600,281,False,True,0.005491218249658203,0.005031328741052994,0.0008031269356652346,0.005049006978014149,0.004680941202766196,0.0047217278558907595,0.0009681334215103137,-0.0019667177290699474,0.008789251445546107,0.0021380516481273666,0.008775359966178673,0.055078660486584906,0.009228750713263192
232,1600,282,False,True,0.0049725295877650205,0.00447782188353788,0.0003611273897889975,0.004478930888616334,0.004668174098759205,0.0044798949976889305,0.00127007623206545,-0.0007069217680231635,0.005937608662180516,0.003189853438425687,0.0059367707775498605,0.029482919364262335,0.0061676251147032984
233,1600,283,False,True,0.00032219478375808863,0.005536969990322874,0.0003675319770650099,0.006080828821872886,0.006022129672454111,0.005461987451216485,0.0007346357778892948,-0.0025497025397063313,0.002552588752805889,-0.0026195837105491403,0.0022273333217185253,0.05025035889240035,0.0027483073357991022
234,1600,284,False,True,0.002206840478236833,0.0055829178030323634,0.0005473367329317699,0.005627255343256267,0.006628584015469351,0.0055988876677761515,0.0011293037513271926,-0.012240366761494129,-0.005623376188663052,-0.00955666906851245,-0.005649397786846588,0.15145131169364048,-0.005404312008453746
235,1600,285,False,True,0.0005467048649048071,0.004853557691323403,0.000264959188598866,0.005034771094244277,0.0058563604064636905,0.0048687853022596535,0.00087636699908865,-0.004443870298453615,-1.385415988009342e-05,-0.004174031567008114,-0.00013314186230163117,0.04853758931907109,0.0001600697881443125
236,1600,286,False,True,0.0015605716636895887,0.004376905514433703,0.000902085906754822,0.004395183748065758,0.004220412321051822,0.0039055831335230136,0.0006225946590826262,-0.0009131368816032261,0.0029893700867753737,0.00015727572965320915,0.0029830634514859435,0.05546951875329718,0.0033629904441908887
237,1600,287,False,True,0.0024521254731578053,0.006675234194039556,0.0003506210924814144,0.006674762679678913,0.006160283967819374,0.005714896480382853,0.0005810247864902548,-0.0023488149917876805,0.0030376068840140035,-0.0006447015522607549,0.003038034868384578,0.13506396176596366,0.0042208799567415994
238,1600,288,False,True,0.005272327517228927,0.005272356477598499,0.00018601002946132698,0.005272511354382988,0.006079644271914479,0.005104690675955425,0.001536191521386811,0.008363542248446168,0.008363588300820854,0.004186186129487909,0.008363330506826827,0.049653592463867045,0.00881486852356407
239,1600,289,False,True,0.0016328817825454498,0.005605476121921035,0.000416826775952492,0.005605786159616928,0.006208909507185909,0.005605624460350884,0.0003366778369867342,-0.0069306303605324495,0.0010949727677443733,-0.004607144392601537,0.0010946548201217078,0.12839747381597358,0.0012519785958404472
240,1600,290,False,True,0.0030934694128938113,0.004824698968289539,0.0003477934450041513,0.004828567889410687,0.00581727991675709,0.004837937591077327,0.00042978598536734454,-0.006161539558098345,0.00434874255470783,-0.002800234615335624,0.004347836911463326,0.12913479967689867,0.004504337294298277
241,1600,291,False,True,0.004641776530809955,0.004562328080950573,0.00023225736246418514,0.004562350764891181,0.004914655290533718,0.004515640510259289,0.0008410954250312122,0.0008085570035064882,0.009386935569426687,0.004474271194652862,0.009386803176755639,0.0614125576916652,0.009621497026847475
242,1600,292,False,True,0.003008665888389968,0.005775887538174433,0.0004093015298922308,0.005775687575077361,0.005954379350311396,0.005776002842119658,0.002052841125893723,-0.00316008064618409,0.006964834204633732,0.002182934643353543,0.00696505709232369,0.17644583154350663,0.007120920386957247
243,1600,293,False,True,0.009760558224628539,0.005676283542343749,0.001204615396821728,0.005684232421471118,0.006976673729429974,0.005716214646319807,0.0020179925871433276,-0.0021163601102364648,0.008714127292676146,0.0056000878385990775,0.008701603543604542,0.06357864415776618,0.008889733395016836
244,1600,294,False,True,0.0013593115623435261,0.004818270733313273,0.0005327196215860582,0.004797858556564514,0.005242402289004412,0.00481889720411635,0.0008610237636936866,-0.005985921169569303,-0.001874226737876903,-0.004357194135819645,-0.001896652193199806,0.02344824625869359,-0.0017195458579141176
245,1600,295,False,True,6.216208916462782e-05,0.0044607811724692,0.00013932201192383656,0.004460894167382603,0.004701520077521851,0.004461150481994399,0.00028425238617333845,-0.0053726950292761885,-0.0009688711427424046,-0.005205772527891553,-0.00096902194752996,0.04401417837750687,-0.0008139509410416551
246,1600,296,False,True,0.006938673722688455,0.0068002392380836964,0.0027854325644240154,0.006801172610634229,0.005069565541321954,0.005051718420296561,0.002689719409241301,-0.005664357185923589,0.006195258783016193,-0.0024590400329321453,0.0061950195408496,0.10055400484655125,0.007323258765771293
247,1600,297,False,True,0.0013638617293850474,0.005403914822771829,0.0003848626209472123,0.0053986225132167664,0.006451957473779436,0.0054162940468202745,0.0007511296480097805,-0.002687093227568852,0.002828586389793042,-0.0015007257068497544,0.0028235122951918434,0.04801313457733691,0.0029850768946272366
248,1600,298,False,True,4.076243332776592e-05,0.00620669718025284,0.0004129049718579791,0.00620651617831414,0.00671448330646248,0.006206802432431496,0.0017193908224158914,-0.009336554010999457,-0.0024828228602202175,-0.008841710288782416,-0.002482745307453946,0.11654245545758402,-0.0023262896232621455
249,1600,299,False,True,0.002441340420305274,0.004204922998573137,0.00024769481581501024,0.004205038641033422,0.00487722985709525,0.004204987792597015,0.0010262692012715882,-0.01125930679252688,-0.005619354552610485,-0.008576744095680985,-0.005619581540716201,0.03445786099770839,-0.005466971662511838
250,3200,250,False,True,0.003450015210659184,0.005388596448184648,0.0003175145406875701,0.0059904786703204186,0.006667408667306843,0.005205953718585935,0.0005304786521685286,-0.0023848429051109353,0.005998395507075216,0.001359856169691887,0.005621878703687902,0.10008708850640456,0.006284950667010347
251,3200,251,False,True,0.0025330360974436055,0.0053407680022673,0.0012273337531007815,0.00535318646074088,0.005702109518659761,0.005050521496663574,0.0016865917240229777,-0.003523285865488174,8.83688985019404e-05,-0.0025737092331734957,5.38648071419523e-05,0.04520343677674962,0.00048151931029891126
252,3200,252,False,True,0.00043599710420541755,0.008121717316729157,0.0002329590319338155,0.008051180321584629,0.005949109111272621,0.004839432445193708,0.0012562001765276064,0.0025513135065897297,0.005339136900825334,0.0031522631131452386,0.005305072595125751,0.09177158290378831,0.007821294115097507
253,3200,253,False,True,0.0012518645816486664,0.005875088500262296,0.0006092204589805449,0.00587440025319591,0.006969853174354663,0.005907351028304435,0.005258789726926294,-0.003974578465701136,0.0012535336305312939,-0.002912220122874166,0.0012627762928667785,0.09856531448764347,0.0013579836047259014
254,3200,254,False,True,0.0035282609646361315,0.005575434186860949,0.0003515013544180243,0.005568141592123079,0.006252255110950143,0.005432740255469079,0.000531562550422425,0.0007949741250391102,0.009048294170897168,0.004424670002912669,0.009044416192361541,0.09053713981902062,0.009250447318302851
255,3200,255,False,True,0.006699489579712518,0.005900204930941791,0.0032280391006919286,0.0059003350383072094,0.006118125316629486,0.005900634384381475,0.0008720944477720944,-0.006631998325030931,0.006610802225484669,-0.004164901192735507,0.006610763474114485,0.2147889671773149,0.006688270651717912
256,3200,256,False,True,0.0039105428978569055,0.006258502709414892,0.0007386869590610949,0.006258475735392438,0.007259975253321508,0.006278476649186399,0.001208074366259519,-0.0008984523811364914,0.0052676074593968995,0.0018053772720919546,0.005267396143091343,0.022017451490275376,0.005373659553670682
257,3200,257,False,True,0.000841270675337787,0.004415371023592676,0.0004152789960574492,0.004430619711674319,0.004861778526850572,0.004285220073410325,0.0009108886723458215,-0.0002379030585666976,0.0026380875043927254,0.00022476049563653372,0.002634182536629162,0.005845543392316994,0.002829627782506311
258,3200,258,False,True,0.005015658761455666,0.005384448603376068,0.0011729252787498737,0.005402779721956498,0.006031246591168164,0.005434852704052386,0.0008092470615961043,0.004471393038502134,0.014354001269618149,0.008196288556961043,0.014340132927105157,0.06682560832470656,0.014447047269439323
259,3200,259,False,True,0.0011538323299100615,0.0060493587755288784,0.0004568519957760907,0.006094524906123746,0.006692622557506325,0.005720837169785856,0.0007969134762910179,0.002362199983214525,0.00825801757723788,0.003534866667352774,0.00824084753247739,0.05315240689896429,0.008760034626561178
260,3200,260,False,True,0.0030068604963512857,0.004440040133811652,0.0009310196020417223,0.00446577358104409,0.005264170560597398,0.0044473075309769934,0.0006773388273198542,-0.002867779539395622,0.0032293668269424637,-0.0003975970762946296,0.003220929842659235,0.04236484490697798,0.0033341446938013886
261,3200,261,False,True,0.004922415738891259,0.004976134976734864,0.00045467774459835033,0.0050148642406949865,0.005430020081645722,0.004924023719489849,0.0006890140617114068,0.001189085298977971,0.011092485833137378,0.004902903778222673,0.011070700405886171,0.10018363571285781,0.01119835814483798
262,3200,262,False,True,0.0028407388799487603,0.006006383415447708,0.000345031109008196,0.006011371827584423,0.006811043030860498,0.005603204850721177,0.0006287930935940149,-0.0010007054757571964,0.007508450867253416,0.0018280869251228152,0.0075054264119164315,0.07693939537760563,0.008074883825387416
263,3200,263,False,True,0.0030458037035634056,0.005731089090201366,0.005669868509109325,0.005730948266198699,0.005686442439654704,0.00573190601178668,0.0005669594578019152,-0.00631915234607231,0.0028340157137439446,0.0030451534603931365,0.002833844821858307,0.2222108738072447,0.0029123022347008476
264,3200,264,False,True,0.005390020145262234,0.005790560864918548,0.0006552192695419161,0.005789366543135903,0.006039603345311011,0.005487873897178374,0.002083186896029066,-0.0017387805100915574,0.004416762591185908,0.0019490205282033793,0.00441738898711332,0.09920657385547998,0.004810261497724691
265,3200,265,False,True,0.0008758471277453789,0.005545718057470533,0.005510138050351099,0.005546993001609172,0.005765844294393945,0.005548031707578359,0.0003522534306136239,-0.0035532547272334944,0.0020701389125368052,0.0022753293586001916,0.0020701022899262613,0.10308793244398107,0.0021476336898396675
266,3200,266,False,True,0.004009799996806555,0.005941213461367457,0.0014537850705197254,0.005972660051995596,0.006528352591381686,0.0057953375662623706,0.0009716741824665398,-0.006452097874914735,0.002679559991265581,-0.004734153077557603,0.0026728979868515346,0.1068491078137178,0.002910560638373666
267,3200,267,False,True,0.0008299428335924995,0.004883188850944992,0.00020815042393018936,,,0.004970976652431755,0.000357121527660608,-0.002706316384703041,0.00418083214508231,-0.002045879541511015,,,0.0043272024224655925
268,3200,268,False,True,3.549426575888547e-05,0.0048364818359390655,0.00023939775638903742,0.004836440597369601,0.005739650600546837,0.004854570009718638,0.00033107297633333245,-0.0016287756705885004,0.00256123861288339,-0.0015984119171292988,0.0025608447307165784,0.03521409325863166,0.0026442764386528927
269,3200,269,False,True,0.000732050921518615,0.0053287535327556845,0.00034771121061101474,0.005342451925084107,0.006461485064012082,0.0053741752230553165,0.0005644290691828207,-0.007615485706308397,-0.0011836493767026469,-0.007047850797323902,-0.0011939496243590498,0.08406385701916637,-0.001084040428634081
270,3200,270,False,True,0.0007196369034792558,0.004888800724339429,0.0002383904963921815,0.00488812395469568,0.005471591717604494,0.004892756406376345,0.0005606114624605666,-0.00460564704419845,-6.22445404417249e-06,-0.0038263385416886313,-1.0119698536232846e-05,0.047704445903138326,7.372048306995838e-05
271,3200,271,False,True,0.0032160515002697737,0.005298354930177154,0.0002478058379783684,0.005298416397436119,0.006070228366380501,0.005313382706086563,0.0005092859014456545,-0.0007259259810256145,0.007343250079149754,0.0022208430533173632,0.007342850459662334,0.12304156680742599,0.007484575976215491
272,3200,272,False,True,0.0015109527416388403,0.005740065921928129,0.0008321603708835382,0.006435694081315882,0.006242719981173873,0.00574029028116048,0.0025081098960995554,-0.005590868926305774,-0.0021543728856526913,-0.004713643774023066,-0.0026249440178335347,0.03501873965805505,-0.002075774843670497
273,3200,273,False,True,0.0008857334688503992,0.006062124862083631,0.001405154065847895,0.006101351918815481,0.00698772445366223,0.0060589709124835075,0.001788652370511231,0.0018841440246373834,0.006389569470221943,0.0020395418048102963,0.006414167960688922,0.0923044414459287,0.006500687803436295
274,3200,274,False,True,0.0029359643474984143,0.005521759423213651,0.0010627524749591026,0.00552171175603777,0.0056376581045834255,0.005407713970109635,0.0008346237647263632,0.0005047970934413654,0.009526168124655197,0.00194784468332168,0.009526177702931253,0.15900083033970705,0.00966395840383949
275,3200,275,False,True,0.00025664885700130147,0.004593889721303734,0.00010158017516327889,0.004592325969673153,0.005580743438299978,0.004624427201928039,0.00030561375654632444,-0.001902770725546478,0.003319402076260065,-0.001542772551150612,0.0033182340488164997,0.05739538172014008,0.003412658813253533
276,3200,276,False,True,0.0017180829271130867,0.0057456938695612724,0.0007687654505459039,0.0060087267594145085,0.006901001139000631,0.0056946776990557234,0.001857479420885158,3.189561114843434e-05,0.003070267862162055,0.0004575788489899434,0.0028836198137081226,0.0504265790592072,0.003285797843270377
277,3200,277,False,True,0.0005040631125291456,0.004699183306525809,0.0002563822882314689,0.004702696361250724,0.0051128845506141565,0.004692390165532106,0.0010145904520340767,-0.005631291718915864,-0.0003947205742207416,-0.005501916836118534,-0.00039478692282187924,0.09381827829285076,-0.0003186507668947597
278,3200,278,False,True,0.002857076811315592,0.005043877538798123,0.00021959528238653454,0.005043834717134285,0.005503554374924429,0.005010292051275722,0.001704215358651342,0.0004805458505217672,0.007837841958943824,0.003160377254355009,0.007837641751122693,0.056574555300083686,0.007936496529357032
279,3200,279,False,True,0.002117770601704499,0.00607359855452425,0.0001847637066766257,0.0060748866340494785,0.006336515949251383,0.00561942569149486,0.0007520541016011065,0.00015497886271460066,0.007613214474377248,0.0023369724087063267,0.007569254993726027,0.0943656293761276,0.008076297293600473
280,3200,280,False,True,0.0016292873150916742,0.005125960439025757,0.0004126729736438513,0.005131041533290093,0.005823561716134546,0.005026685465011662,0.0004913349845543494,-0.000859636085565875,0.00794910738413785,0.001033049655200283,0.007943222829080856,0.08897755591320067,0.00810285201689398
281,3200,281,False,True,0.0018167485385089846,0.00526489530558148,0.0008273344212007276,0.005292955442694512,0.005703096069570641,0.005066348813966106,0.00119042573990961,0.0006993813531572135,0.0036160211836165955,0.0016542892954005165,0.0036160780351906577,0.028472028333851273,0.003811593410827263
282,3200,282,False,True,0.000817483716801945,0.004849827280768555,0.0002510088609321573,0.004864333837978461,0.005158643804289419,0.004777837305308635,0.001563076675747495,-0.0024480160661335885,0.0027398741678979024,-0.0018200297729589888,0.002734351431936748,0.032252141046238574,0.0028726775561637996
283,3200,283,False,True,0.0032907166030584456,0.005740239276969262,0.00044774505111354714,0.0062835336607901205,0.006064455859490445,0.005663931266261382,0.0012926090948836779,0.002174925691994858,0.008607613493673814,0.004562157099826706,0.008210060411942575,0.04928611605414563,0.008765893048238091
284,3200,284,False,True,0.003676246783446026,0.004847540787256732,0.0008252996984638723,0.004859090055123517,0.005329839918890031,0.004765398265928262,0.0006318867713491019,-0.005590323415237984,0.0012642942396016643,-0.003132370570816752,0.0012586833291691767,0.05362109482668085,0.0014696076643405942
285,3200,285,False,True,0.00018351195643745614,0.00548851015923385,0.0003216522292125471,0.0054881151928931945,0.005779358023370694,0.0052288654462768315,0.00035169128234797216,-0.0018025681572438198,0.001607653938717899,-0.0017311255301296958,0.0016078227096230613,0.0842745751328914,0.0019559925106159143
286,3200,286,False,True,0.0011015156757026693,0.005769971097932088,0.0004736072595468641,0.00753334305581386,0.0065623869837517735,0.005377877191522764,0.0012821092694607979,-0.0017938183824503834,0.004255791037695289,-0.0003864324871665366,0.0033762123499898955,0.08554360931098699,0.004618786059250021
287,3200,287,False,True,0.002854329168383845,0.004954690466247288,0.00021686307273096676,0.00628978708656675,0.005681395671877485,0.004921411141017186,0.0005289503978897706,-0.0015519889054314065,0.005230829292958284,0.0007476192245900954,0.004622583280364303,0.03938900690419269,0.005322343509911245
288,3200,288,False,True,0.0011301901075820315,0.005360751126050866,0.0006802879856591706,0.005359994845874608,0.006117274924250237,0.005374182708562126,0.0008840494374802417,-0.003788197689699791,-0.0007040325637647805,-0.0034953135799506187,-0.0007089428690217226,0.05763115258719388,-0.0006305084601586769
289,3200,289,False,True,0.002924797562550895,0.005361792013094794,0.0009274764350897919,0.005362137559180311,0.006042628788085672,0.004869768808376741,0.0014016677205137794,-0.0025061195312664846,0.007366260218581253,0.00021916189771130636,0.007365947208017474,0.10064192867894921,0.007966138391436325
290,3200,290,False,True,0.003438565315128578,0.005324090581346791,0.0003942052388515388,0.005324065856366265,0.005642984862988361,0.0053121198890280965,0.0009025325645504054,0.0008273507585593026,0.007527676050400167,0.004142096723777968,0.00752751778167319,0.03387634629221026,0.007626479270990166
291,3200,291,False,True,0.0025336658655395433,0.004553758033353933,0.00042994043301689086,0.0045598701914935005,0.004906579514400345,0.004507735216897107,0.0007319946406234853,0.0041022607067889415,0.011630974501047433,0.00591427155543995,0.011623526015520903,0.09782968674369671,0.011765790176602273
292,3200,292,False,True,0.0014304476155961917,0.0047481078483110365,0.0007624225520738492,0.00483961561856719,0.005546685807746805,0.004755255090117335,0.0012221041509230667,-0.005417312275334643,-0.0031163800434227795,-0.005044827610388578,-0.003216582275007145,0.01591776294728618,-0.0030372328800904597
293,3200,293,False,True,0.0011233548736263208,0.004889505970317291,0.00022298370504301516,0.004889454749227068,0.005613791838564263,0.004917022366483701,0.0005000542257377904,0.0015397833268984149,0.007368426179585992,0.003109979077210987,0.007367924023232338,0.10829358007632006,0.007483913131284992
294,3200,294,False,True,0.0019444019736693506,0.005772197628009289,0.00037254494881731816,0.005647392224031454,0.006666853335881751,0.005127295736504564,0.0004440744992860934,-0.003795458969649602,0.004470424320916298,-0.001886915487523344,0.004391924441260944,0.09158069685319155,0.004979628189831303
295,3200,295,False,True,0.00034591879826111136,0.005149157227107277,0.0002507493604185115,0.00515773577796562,0.005812885789292141,0.005161727363955368,0.0002623549670003507,-0.0037551458952638918,0.0023678708336520417,-0.0028678571799626578,0.002370525423640828,0.09594698711404982,0.0024500769376509107
296,3200,296,False,True,0.00102497097118722,0.005185413283507232,0.00019419163506216447,0.005960462868923501,0.006106697183913429,0.005178249249060798,0.0003240851527603555,-0.004740164806867582,0.002085463955393756,-0.0032290633711689544,0.0014210357135450203,0.09193697420278493,0.002162451692115999
297,3200,297,False,True,0.00042735581560160956,0.005760417092285598,0.000131514401836796,0.0057562515730057275,0.006152860475113317,0.0055319145316968365,0.0006410056959453104,0.0035831126737753925,0.009099804380444035,0.003773728882601216,0.009101507214171125,0.06966738380281737,0.009351260783953347
298,3200,298,False,True,0.00023476632414000238,0.005299000500463557,0.0002474773542111447,0.005299078922545085,0.006482563756394211,0.005330704479913913,0.0016069891579390868,-0.0015056987741175825,0.003542990266473076,-0.0015663837675116898,0.003542577904868445,0.07649075281743886,0.003627512384773157
299,3200,299,False,True,0.0031536739198681886,0.007000269802002793,0.0008124588000965516,0.007002721949411352,0.007445790569882486,0.006841508605659894,0.0015819720922186534,0.0032175424414008515,0.01394992218430236,0.0061452923347212595,0.013946619794085234,0.16637853243920403,0.014211948427202165
300,6400,250,False,True,0.00018549879550028352,0.004893860778792181,0.0003024723318508976,0.004895233006667339,0.005327127750819283,0.004813804534080943,0.0005484832318475348,0.0022458071122166017,0.008218001378586397,0.002570183375602017,0.008216822747347674,0.11640783236953778,0.00835283771255195
301,6400,251,False,True,0.0006009413988151513,0.004971179217265207,0.00021580045694879194,,,0.004900856821665117,0.0002229641452458046,-0.0026827621538252633,0.002567274049215804,-0.0022241174322056236,,,0.0026615149596773274
302,6400,252,False,True,0.0009119976941966818,0.0053213616739584794,0.00011736861659914829,0.005574933174522063,0.006075078392411281,0.005172970466593906,0.001332760511075518,-0.0052611509153090465,0.0007032161530029058,-0.004797582191152355,0.0006651006495149936,0.12333173850347706,0.0008715626030091905
303,6400,253,False,True,0.002606881756163449,0.005914522116345441,0.0009071585222097667,0.00591140860052076,0.0062589904623803925,0.005880079851622616,0.0009269721587356724,-0.0013081665102093838,0.009370296909017367,0.0004997093063957004,0.00937068307984431,0.1892366013136015,0.009444161236519338
304,6400,254,False,True,0.002480213061625245,0.00520204476917174,0.0004427085344019161,,,0.005167689945312614,0.00048066225920161533,0.001004816907130737,0.006125362261372711,0.0028812381383684638,,,0.006172125208420753
305,6400,255,False,True,0.0005194137858359117,0.005159788914640413,0.0002491867029342536,0.005170509496384234,0.00548996313942386,0.005095662887790625,0.0012546011774460886,-0.003582055324293836,0.0010813048829361094,-0.0030229792505193326,0.0010800417435800646,0.08679390441853725,0.0011951771818098506
306,6400,256,False,True,0.00510947511019855,0.005113157998776537,0.0003858874952256469,0.005113530205432835,0.00565666181105083,0.005096940287580359,0.0006330937455750176,0.009274079282822067,0.009272389506643304,0.003833097392512686,0.009271466437997127,0.11000655920246524,0.00932327665892596
307,6400,257,False,True,0.0006253977546578354,0.004971024767752644,0.00035163043015756936,0.004989348254804759,0.006298489483861875,0.0050078300959026855,0.0012099761283564298,-0.005801764438190904,0.0009526397670955866,-0.005001252307553497,0.0009448165737250314,0.08188357589936497,0.0010437800723349516
308,6400,258,False,True,0.0007293666051282489,0.004981488164825735,0.0002699158756854999,0.004981828708208641,0.005394468861416602,0.00490623669479936,0.0014872449727586284,6.301574226956957e-05,0.004185842688611317,0.0006570256040932968,0.0041856608243885955,0.04536699782104098,0.004322543788691374
309,6400,259,False,True,0.0025695239367864984,0.004958033274703022,0.00022639659319535654,0.005485530815313635,0.005450034818411454,0.004971385556511664,0.0008157885197641946,-0.0037182110357305022,0.004029240493638611,-0.001050069092904652,0.0037292482249496927,0.10534275511065103,0.004098762736477107
310,6400,260,False,True,0.0008379181404318454,0.005409709272028078,0.00033080460840659916,0.005425116080367383,0.006101683997059499,0.005305320481423773,0.0004119252124506597,-0.00337909902944134,0.003991156124422961,-0.001999007860268601,0.0039878902878763434,0.1454346440125199,0.004102104926184361
311,6400,261,False,True,0.0009165416337442205,0.005131814166136811,0.00025384573761687805,0.005131866796743494,0.005863223173047315,0.005130576135634292,0.00028373196465458875,-0.0006050241386670154,0.006244843564265761,0.0006553633123103333,0.006244107358148589,0.051488085606950056,0.006286849430722108
312,6400,262,False,True,0.00030307545670448183,0.00515605752875898,0.00026897715766056066,0.005135769682578648,0.0059741545679770115,0.005036581055790481,0.00038888371570083586,0.00044847193341138235,0.004380882411457048,0.0006215998632596672,0.004390498744848568,0.07093058109591041,0.004563358946021764
313,6400,263,False,True,0.002264386790928003,0.0059324196538989805,0.0003126091559156276,0.005826637573896328,0.00656488747076644,0.005831247256749725,0.0007896564557745794,0.0005213656139586179,0.008950210191622858,0.00201887912601915,0.00906861158771802,0.20346762870084162,0.009120852289609405
314,6400,264,False,True,0.0005034191065872798,0.005259698645599893,0.0005275800094079567,0.005253658199708099,0.006346379696282692,0.005276048327083012,0.0005108153160769054,-0.00414131724430428,-0.0005783224684976318,-0.004046033393310646,-0.0005819730259799983,0.0634644789275405,-0.0005359736636416507
315,6400,265,False,True,0.0004887084570375028,0.0058920502960647225,0.0002701272022050637,0.005835084113382574,0.006643756124048681,0.005317319778008399,0.000572730071792926,0.00017461068699782534,0.0041086630623822454,0.00047020095077908344,0.004092498040541432,0.06659728003856123,0.004506767767941719
316,6400,266,False,True,0.0013065805786722415,0.004548236457250619,0.00011223277068580224,0.004555230254616,0.00528914105921411,0.0045013885936672935,0.0002785343450471299,-0.0009260125050691803,0.005461593902144912,-1.07320983110612e-05,0.005454799462224891,0.07598816097235675,0.005561652987635654
317,6400,267,False,True,0.000134428596797639,0.005418494057399622,0.0002833067029258645,0.005373655245271455,0.006126033717596589,0.005303268043616364,0.00024736680165231436,-0.002081571430813227,0.003332579861322991,-0.0015175038026288645,0.003340619949654453,0.15132115086741307,0.0035219272365482474
318,6400,268,False,True,0.0009515438882714066,0.0057474922468267,0.0003671700728498234,0.005747281371413888,0.006534238731940687,0.005749504363113212,0.0006348222291424751,0.00033080713588113443,0.006469226351982674,0.0011119593789035462,0.006469685088787393,0.11341812270875476,0.006572045824214862
319,6400,269,False,True,9.016125166283598e-05,0.004845286705234619,0.000268160469978942,0.004839728065365684,0.005402617938685076,0.004851677192761083,0.00033531892206024926,-0.002672348326303072,0.001145912706232277,-0.0023643395099463,0.0011440450211452457,0.027895008199431946,0.001188273173076862
320,6400,270,False,True,0.0007364108618110551,0.0054739999733334245,0.0005076072985938916,0.0054712464743190544,0.005619163928157992,0.005249279605648522,0.0006465697777643062,0.0016190049791012478,0.007097950148016867,0.0020918583851274896,0.007098534206492993,0.11755591848679657,0.007328333273205492
321,6400,271,False,True,0.0009091744339258503,0.004429437665539927,0.00013049271417993016,0.00443042939143565,0.0050802329879559936,0.004445672403061231,0.0002680472940054112,0.0007294786634083148,0.0059596078894763775,0.001677794015311259,0.005957813446094012,0.04733710097618216,0.006002758571877237
322,6400,272,False,True,0.002388102582539726,0.005136730447731603,0.0001889383340413553,0.005137115517795479,0.005969771897194192,0.005137377719216236,0.0002293459851205141,-0.005859591463991478,0.0010605609571224229,-0.0034730200545671124,0.0010603542938703114,0.07165292566875113,0.0010991900345301425
323,6400,273,False,True,0.00017559488080166294,0.005094728377673471,0.00042111179938992264,0.005152106750076681,0.00546768820032003,0.004951819236658643,0.00011856095444248889,-0.0019049378473870238,0.003613880599550683,-0.0007163473117598409,0.003596131897893322,0.10898999065320294,0.0038014146704617863
324,6400,274,False,True,0.0008371107935004678,0.005553070995009571,0.0007310108836197707,,,0.005368981403560007,0.001731606972358607,0.0009279317483460353,0.009255744825964847,0.0017946139304649584,,,0.009399178215568016
325,6400,275,False,True,0.0011154829057985953,0.005525984345825635,0.0002872237214231416,0.005525291892283244,0.005951565108230897,0.005527524528655009,0.0007503137809125831,-0.005224028710660439,0.0009785265576663705,-0.0036770360121147995,0.0009783136102997857,0.07942182631532514,0.0010175374948279414
326,6400,276,False,True,0.0007416804206548999,0.0051768694244355255,0.0002864157791426874,0.005177974617692896,0.006179235888889409,0.005195101488357331,0.000605454535663771,-0.0030078774095990864,0.0016017137690475282,-0.002661046269034178,0.0016009955977359881,0.04566930774095372,0.0016436141932640175
327,6400,277,False,True,0.001800374101159907,0.005075251235773482,0.0003001370318300986,0.005073175691045048,0.00559934904009757,0.005071121448711921,0.000399685245737973,-0.0007287101256770074,0.00588870020838284,0.0009543033223057995,0.005887549282733797,0.07574463723781676,0.005926614355164825
328,6400,278,False,True,0.0010731132047456225,0.005214203467055145,0.0002836379191935096,0.005216118527398834,0.0061373779164161,0.0052227034464258195,0.00040912474169974716,-0.00036150595747135446,0.006057184325551149,0.0008693077601902116,0.0060554798862582975,0.07500196642513351,0.006108039105430521
329,6400,279,False,True,0.0006470877132355693,0.005264924496511738,0.00029831693124743005,0.005264126411223884,0.006216256115557094,0.005281972251272361,0.0027166106527750384,-0.002541615159323037,0.0028305101565566917,-0.0017420720368530843,0.0028305088583722338,0.06836331590665554,0.002882813219321559
330,6400,280,False,True,0.0011425297472770493,0.006288330857340861,0.0003139757531498927,0.005986332363887716,0.005874229861682936,0.004697401322231561,0.00032635115838780765,-1.9245711796563035e-06,0.006345780095929747,0.0012335865005487661,0.006359168745563828,0.06063171163571615,0.0072695397621070496
331,6400,281,False,True,0.0007115031755845854,0.004941409640660587,0.0002810257004923175,0.004943051118885167,0.005543120934254522,0.004933921009019496,0.00036674586960300817,-0.001972507694123853,0.0020717339924238055,-0.0015539289620069897,0.0020641561519846798,0.032503434177548446,0.0021241345831747166
332,6400,282,False,True,0.0011219739372661348,0.006163883163230983,0.000859094512168227,0.006180549640574876,0.006668848729069767,0.006007640212389403,0.0013969487441165991,0.0023651632066376896,0.006359202664748001,0.0030097658268219657,0.00634736721038971,0.10568639578293004,0.0065504254309091126
333,6400,283,False,True,0.00044988479233384925,0.005326309502000162,0.00032395726714327185,0.0053579900566859085,0.005821274138612443,0.005096859494321368,0.00047979730738903275,-0.000299769094731015,0.0033426109938057636,-3.748695180241013e-05,0.003336130454882422,0.07380416796962187,0.0035911744559171954
334,6400,284,False,True,0.0004072104438028569,0.005748922855015245,0.00028917874576461756,0.005773432581375815,0.006153232740498612,0.005073472475789678,0.00031294617577014457,0.0021086613273559726,0.007443671868431689,0.002984255885057352,0.007416692499478934,0.03400233446760595,0.00792638052115456
335,6400,285,False,True,7.260149472804792e-05,0.005099439597231514,0.0004262643292475239,0.005096804364150856,0.0055699604240628964,0.005100695771034075,0.0002981167884952972,-0.004033359379361183,0.0012592662090590069,-0.003324014065159669,0.0012591928834697085,0.1337724161312779,0.0012978900287918954
336,6400,286,False,True,0.00162249213302399,0.005152740167388437,0.00037486805526014253,0.005182760634605568,0.005965959199332501,0.005061736098252916,0.0006537021350334115,0.00026952517691581105,0.007820588179106486,0.0020027218340295627,0.007767802639277193,0.07388821861547726,0.00792634001296516
337,6400,287,False,True,0.002866763082487103,0.005488415406744804,0.00033029776685264287,0.005483168557810898,0.006352783572961624,0.005469778644018121,0.0004245260355275134,-0.0019021943261162378,0.00558797685530676,0.0010828141851516992,0.005582909033967933,0.18086346901606742,0.005654672281670672
338,6400,288,False,True,0.0030855956012860765,0.005263239162826783,0.00039502774721329845,0.005263419626305911,0.006024143050677007,0.005261632611349202,0.0010705811339063193,-0.0031061995637901986,0.006821214393555124,-0.0009138684640221595,0.0068209804585071514,0.20774302887836996,0.006873803345396862
339,6400,289,False,True,0.0005854963242349276,0.0054836895710791735,0.0055690422395744225,0.005483653077650519,0.0062852479051079095,0.005499196189777055,0.00046987014136329244,-0.0010783888221993102,0.003585204659128003,0.0036395576151038605,0.0035848342207232876,0.0417581500049436,0.003633001374014594
340,6400,290,False,True,0.002069395844744601,0.005365943802143636,0.00029714466697307177,0.005379124841410457,0.006060420500474907,0.005366205147553526,0.0008057026992807096,-0.002787578082957019,0.0033586098859818138,-0.0013350513143524445,0.0033626245186602513,0.026259592277536756,0.003401606722896175
341,6400,291,False,True,0.00018487007213074786,0.0044489993757384945,0.0005316243628686279,0.0046947211828727185,0.005089372782719928,0.004449919504255982,0.00017475360290488277,-0.0014894841126691873,0.0029550155492905007,-0.0012975014770529633,0.0028364097206173434,0.048592818263591867,0.003000346318355704
342,6400,292,False,True,0.0006595294745282938,0.0051151650819250515,0.0002587042352303478,0.005732116649738744,0.005799021545193243,0.004973427087235786,0.0004306096766538036,0.0025411448996859832,0.007394605880596678,0.0031529584584157944,0.007092722160166396,0.05735416925765111,0.007590905651719826
343,6400,293,False,True,0.00025616768029285586,0.0052033585817418855,0.0002917086594914742,,,0.005214202995928863,0.0011382532936855066,-0.0005000289776439025,0.006071583145657478,0.00025397353792425386,,,0.006121937956770809
344,6400,294,False,True,0.002517903013597525,0.005203869129926499,0.0003942991933141115,0.0051831316621238745,0.005521280248586715,0.005176674346576133,0.00045876316870538636,-0.0040838039439102395,0.0011594778391578941,-0.0025354080512561693,0.0011722487527506332,0.16461276488290685,0.0012329248226725098
345,6400,295,False,True,0.0004478230941945827,0.004917578101886349,0.00038380592644147353,,,0.00483631813701272,0.0004441305486347005,0.0002552924378841471,0.006743457391401347,0.0006366340294028475,,,0.006888712706831432
346,6400,296,False,True,0.0006200303173774608,0.0048793702716804855,0.00037884103231351074,0.0048800868991651794,0.005336948159481896,0.004868057953396832,0.0003226554642831848,-0.00039748215000105894,0.004812608405296146,0.00034256088566769706,0.004805718000199555,0.03853972051139895,0.004869984469078173
347,6400,297,False,True,0.00019622812195870537,0.004780960792056281,0.00013102850399107367,0.004781013844313889,0.005318887947290856,0.004766660093622311,0.0002039873421111647,0.0012512972784769411,0.006341028780560052,0.0014726096158794969,0.006340757485750359,0.08223693671829552,0.006396289960660051
348,6400,298,False,True,0.0004697820181159029,0.005387433426910741,0.00035346756224473975,0.0053874702562215805,0.006016863000943566,0.00538438187033554,0.0009178138936726702,0.001834074649963443,0.007968509969532996,0.003072798065816863,0.007968211771899493,0.14728181197575185,0.008019873967905752
349,6400,299,False,True,0.00014552049986176304,0.0051110595286256695,0.0003906669395643838,0.005140302524608925,0.005832562589319789,0.0051199642979868135,0.00036324530076016433,-0.0029707195873352053,0.001099015496883915,-0.002703827832543556,0.001084399671688381,0.023871784132027472,0.0011443504855236791
