,n,m,use_location,use_scale,MSE_wellspec,MSE_misspec,MSE_surels,MSE_NPMLEinit,MSE_NPMLE,MSE_thetaG,MSE_EBCF,SURE_wellspec,SURE_misspec,SURE_surels,SURE_NPMLEinit,SURE_NPMLE,SURE_thetaG
0,100,300,False,True,0.025183225595585404,0.05807648440736516,0.05763274730769261,0.058082691179613996,0.08814026465216074,0.06015370650014769,0.015702344283852164,-0.04975814962659628,0.00883115139842019,0.014676226298512965,0.008825659442562852,0.7485735238180637,0.02586638274710762
1,100,301,False,True,0.08902269129379047,0.058159082536952296,0.033455493860098384,0.05816152687779777,0.0741313922094668,0.05719270875156136,0.05845039909308951,-0.13703243182710378,0.036389292495157904,-0.0826869612115137,0.03637711047665796,0.9312849938287932,0.0560769065297696
2,100,302,False,True,0.0362335041856848,0.055097233299974936,0.031844946449973974,0.05509511709868977,0.0596280556964278,0.05586469877357359,0.024503343843035708,-0.06145419646505234,-0.008426357416775474,-0.05167399926255316,-0.008439068554914471,0.626515285282879,0.00408566188594528
3,100,303,False,True,0.051585627482732314,0.086242813782134,0.0038231445273125,0.08623794285442937,0.08280966435829772,0.061202607536821815,0.05545057955043462,-0.040621171647806494,0.0682305724210628,0.02023602327172009,0.06822363208112144,0.7924935054838355,0.10139000231542405
4,100,304,False,True,0.1442065988395872,0.05796957161444372,0.011230204322762425,0.05797515165856904,0.05382106155665799,0.05306629736561383,0.015207950174335728,-0.20565120539020584,-0.0033737689828343778,-0.0766464201466509,-0.0033810842106476715,0.7331013505372361,0.01270652597422095
5,100,305,False,True,0.1877711546635203,0.12490064370647232,0.05935311004831051,0.12484300627764514,0.07298308058268593,0.056326502416829266,0.07655023137653437,-0.12539271914995273,0.04258608481487947,-0.05025535756294147,0.042608590497030224,0.8830452887590371,0.10133915674017185
6,100,306,False,True,0.19002939019858828,0.07424781686694877,0.03311315637192222,0.07425277846118475,0.10551595570617868,0.07258493367387668,0.033410941810150065,-0.061106288732703726,0.07134626887121705,0.029455784049466284,0.07134188086554226,0.940097028490065,0.09059289282151362
7,100,307,False,True,0.1215320971884264,0.06753032782906083,0.09596339944830908,0.0675317494840621,0.06712319231523024,0.045217177532237356,0.07578217710849473,-0.11979576843323521,0.09337177219015423,-0.12244061626973614,0.093355269685971,1.004763347063681,0.13413377510892582
8,100,308,False,True,0.07486528016512456,0.0493598367048723,0.013039698787469696,0.04939929467508401,0.08114584736688187,0.05481247467127671,0.019457330292328757,-0.14945783055751766,0.006981129009170885,-0.09202990821112816,0.006964472575064633,0.9568232838516352,0.03506471149124174
9,100,309,False,True,0.06564173833874264,0.07657719972485695,0.022512332697743838,0.07662039257209559,0.055297842042196066,0.07139210135582275,0.020924026708165004,-0.14297681461695852,-0.045328283561314894,-0.10731153235131789,-0.045356763308071354,0.835819458503205,-0.029082532340187872
10,100,310,False,True,0.09763977832387702,0.054088540689389335,0.010602844021968563,0.05408275940793034,0.08038066716853365,0.05660681439940916,0.03755669162521701,-0.10595904781909948,-0.009807514690132564,-0.028456846329583778,-0.009815948103716537,0.4888003160688638,0.0042783036961903664
11,100,311,False,True,0.039545700118820186,0.062043575913336264,0.025772950994313114,0.06204247907090487,0.12994342118817287,0.07319524932439536,0.055189382388170685,-0.06231577777578552,0.045677391776671426,-0.046622708376082025,0.0456736159423491,0.8693442568122975,0.0636541513903125
12,100,312,False,True,0.03903580643462932,0.07896393167875852,0.014603914748825548,0.07897143347877165,0.06097988653731104,0.051234770223865765,0.022828303510283456,-0.038784452397472365,0.0325633696166976,-0.01590183448377342,0.03255029232027028,0.7382433881456473,0.05955986669944824
13,100,313,False,True,0.23387424436759768,0.11330586025957061,0.035696355862341836,0.11330506664211928,0.06221169832107573,0.06696228877071854,0.04729990715985174,-0.08812132270776422,0.06391891095384324,0.011180199065394737,0.06391473985678467,0.8276175375716597,0.09847052749903257
14,100,314,False,True,0.06758795355913363,0.04660780697960732,0.006240845159924924,0.046610632919403254,0.06392415608409363,0.04875237879894029,0.01886387792311223,-0.147492914562767,0.008374697580601805,-0.06756175252753463,0.008359436843189271,0.8854690347982959,0.024412768050144806
15,100,315,False,True,0.05835895476479514,0.09033383227395902,0.03981856107566915,0.09032997290090435,0.05676209545434231,0.05294830782998099,0.05459141566982824,-0.07845402326776965,0.05018758430747816,-0.05187766498918099,0.0501768137235014,0.9314787205515594,0.09102752191853286
16,100,316,False,True,0.08754056211702897,0.07592974464771929,0.012686470999470982,0.07592958900081571,0.09038462560589709,0.048177976463032575,0.01904721981887261,-0.08652401141811016,0.0319799123220416,-0.023943052526714727,0.03197678963618479,0.6196859433621835,0.08211972935812817
17,100,317,False,True,0.16395181551167973,0.0826677826101254,0.021439933828571983,0.08274269986420534,0.058330994612375814,0.06709085718294239,0.04084409685997506,-0.13160783714263918,0.05963694753541326,-0.006020679658582468,0.05962560325045857,0.989855498033755,0.07834935986397856
18,100,318,False,True,0.04386808077143714,0.07289034182245029,0.015937046468231516,0.07968805777293755,0.11347513867069654,0.07761844895500632,0.03636906547142387,-0.09967397789559726,-0.024812743850409477,-0.05960799325563342,-0.024262033577667097,0.5441897397638722,-0.013689026327763032
19,100,319,False,True,0.09530297774922109,0.08522440171095282,0.008113061204052167,0.08521437052058736,0.08253661418270247,0.06367676179894351,0.0317728862414594,-0.04250001139085255,0.06909441522913476,0.027620920117993168,0.06909110999050469,0.8651072185398689,0.10067133122023669
20,100,320,False,True,0.1149979931233405,0.08673694635088375,0.04237026274214572,0.08673193496492787,0.11975604342117535,0.07737456471932537,0.04021659158732199,-0.03623167027805034,0.027764117438764304,-0.00629746430669862,0.027752314741258034,0.5979039477464536,0.05472641049578897
21,100,321,False,True,0.1087815969916158,0.061125017191209115,0.007870770978015586,0.06112455578841169,0.08643849944802748,0.059927855890527064,0.02759218528908597,-0.08079217287850861,0.054018812959476394,-0.009589777924289567,0.054008961759071,0.9917194662354647,0.07248015628692622
22,100,322,False,True,0.03784895995278139,0.05033436977835797,0.013089736730747432,0.05031806423233242,0.0722313222888344,0.05100310598165808,0.015391231160552871,-0.09422886734763378,0.031510763180323094,-0.07256895215952568,0.03149445401784554,0.885064316263169,0.047785168726627636
23,100,323,False,True,0.071897622391741,0.07955091239218035,0.02182611697554851,0.08075764744273002,0.06598114651160325,0.08078207517140341,0.03222504488249265,-0.12205637905821955,-0.03618430585741649,-0.06710858423017575,-0.03580936817556179,0.7129064778405317,-0.024813290115191178
24,100,324,False,True,0.22241770416076195,0.08737813641761702,0.016957929236682143,0.087371682926774,0.06252532220584174,0.054846750827229666,0.020883363991661158,-0.08009084492962767,0.04907515065465958,0.022370015389893173,0.049069958736916205,0.8772395442429958,0.07654932498554262
25,100,325,False,True,0.07991972624763664,0.05503663295839395,0.0011046071786998395,0.05503740953214514,0.07241828268773853,0.05381042647956272,0.014364616049753864,-0.058169152226394585,0.026108499745743002,-0.02110312230247764,0.026097183297125,0.821053039141225,0.044608118977985
26,100,326,False,True,0.018610632767506574,0.07523015539197826,0.008760325476451183,0.07523206631686699,0.105068009854152,0.07523277672380034,0.014308529068696929,-0.18231287496993467,-0.08718192640250734,-0.1692724007055621,-0.08718359594392425,0.6151108074698228,-0.07597683850270953
27,100,327,False,True,0.07156922763671912,0.05954826806055552,0.00214556411303247,0.05954284159748556,0.07268311106458253,0.05148652972652457,0.023166491173305125,-0.04173531851766992,0.040099106649695314,0.015553784174267124,0.04008724919289072,0.5924893363594873,0.061312309398174336
28,100,328,False,True,0.07682333442924456,0.08473641943525903,0.029762978873393124,0.0826271457304673,0.15772736727209485,0.08406172199071639,0.057958912707560206,-0.2701440194737261,-0.09774560928131486,-0.21626456961643775,-0.09776289262560227,0.5667750274810675,-0.08627161212300177
29,100,329,False,True,0.15274075209285834,0.10662103439914157,0.043514122058643565,0.10661504776315338,0.11690930562525226,0.09446152424473286,0.09903337599256984,-0.06704818739988654,0.04100221836654441,0.03434652586906668,0.04100481683920634,0.7591788594865306,0.06053517754654214
30,100,330,False,True,0.24292183603176165,0.06981518132975503,0.045984269066330026,0.06980721071426588,0.07110100177191409,0.06124757708866073,0.032761597968509165,-0.08224640193749767,0.07028103024653205,0.02653100137334531,0.0702711421160764,0.6906821451444586,0.0889910404494686
31,100,331,False,True,0.11167953857526962,0.06307987108430149,0.02317667545555713,0.06305867786934992,0.09636171749031393,0.06620256061992079,0.03526527424776584,-0.14267256242324716,-0.03489213010931458,-0.05338915278110973,-0.034908203089741574,0.6030369393834707,-0.02244587420087185
32,100,332,False,True,0.1721505889679549,0.07465165158567999,0.0635537854840862,0.0747196266638848,0.1142766120774979,0.06488803688382337,0.06293892699541437,-0.17381271855284908,0.05070916506658065,-0.07994969776221225,0.05070070699185642,0.5998611739748729,0.08493828678201487
33,100,333,False,True,0.0579863614546373,0.0734863560663603,0.00985281283420159,0.07349005472591419,0.07536902426083628,0.07348877963472207,0.012284293316407683,-0.10030581573059445,0.0009368271041425658,-0.052039622896015734,0.0009348562424484896,0.9943081966219262,0.011040657431229506
34,100,334,False,True,0.041842953763126974,0.058095709563338885,0.007721201014486489,0.05808090323122481,0.06501428221512913,0.06026053162649018,0.01737166219190543,-0.09763985433626958,-0.039002570683243504,-0.06471478378101078,-0.03904049085719983,0.6636606025911204,-0.026955305083756653
35,100,335,False,True,0.03621967327677135,0.08668339058696739,0.027672515144977605,0.08668308839460621,0.12100644169445764,0.08668415186600292,0.03612805068640717,-0.06083903340221378,-0.025002488755824146,-0.050553854910872754,-0.025003290650904262,0.8291917799000815,-0.013707917232818168
36,100,336,False,True,0.11195306544827326,0.0893456575414303,0.009582161863973288,0.08933892931548511,0.10166001315698148,0.06171112644960137,0.028841517800261972,-0.03623259964487833,0.060855358746368396,0.025327144266199496,0.060846574546598337,0.6434506335888129,0.10429787322133499
37,100,337,False,True,0.22000809328701443,0.06254668786155708,0.01825946224678607,0.06254649798237338,0.058696925425701034,0.05205163277954172,0.03397053896797865,-0.10165955714005623,0.06812473350735389,0.006093966064991205,0.06811268511256997,0.8861232134146545,0.0893267679979951
38,100,338,False,True,0.20616873064561625,0.08728430227315954,0.029673945412225917,0.08729488052730541,0.09656803092793603,0.07747224767176157,0.04636326952895738,-0.045783781393778214,0.045565354881044656,0.04196840039346711,0.045558561504791865,0.7632414459365451,0.06673267455774068
39,100,339,False,True,0.03351221054191926,0.07082961711580753,0.008544362253438017,0.07084324824796143,0.11038460674426281,0.07084629792638462,0.01850251941489963,-0.11419492134004305,-0.025044543070036198,-0.0853671537628507,-0.025045984394062304,0.8374486266720423,-0.013376417672435359
40,100,340,False,True,0.02171005408406468,0.07433070936310449,0.01999013156964731,0.07433008559114798,0.11680150560850533,0.08062578831466283,0.04141719313560193,-0.022154169063752244,0.007334309978715865,-0.021829329186901676,0.007328588738952391,0.6233409205479677,0.02161151500715419
41,100,341,False,True,0.06903110999453568,0.06901827963060084,0.016743101167904124,0.06901734149267502,0.11454493033342147,0.07463388628127152,0.051838945740647936,-0.015646597245580037,-0.015651054647380674,-0.04371364137660815,-0.01565059415016414,0.6133472689980328,-0.004187600797802005
42,100,342,False,True,0.01819707422,0.06765662554794036,0.010236529813222412,0.06764894685718757,0.09803278177975126,0.06757838609925475,0.015532190169780163,-0.01698491154291436,0.045645897681349225,-0.005198847477687308,0.04563634670254217,0.9751212249848676,0.0637006733990304
43,100,343,False,True,0.08023990881334107,0.07458361002108606,0.00970977631803876,0.0745770527448228,0.058612688693192264,0.052773473569642515,0.026338051932049043,-0.06455352440882794,0.03753853255266776,-0.012500747519095814,0.037534093901668654,0.846323382896882,0.06750092130610946
44,100,344,False,True,0.0784061350275317,0.05514578518326533,0.015143904585200879,0.055146775263805764,0.06943412713442357,0.0582680619678009,0.01954615961396989,-0.1255307466343109,-0.04130573384840162,-0.07438305510347394,-0.04131750106602496,0.5839113695588408,-0.02752732183485823
45,100,345,False,True,0.059875435489759384,0.11748591238198866,0.05065211969855949,0.11745741139612091,0.05653507079755118,0.08602918802781236,0.052018762678863774,-0.09047133889218181,0.0027634395842750336,-0.07728908014546683,0.0027538395448155483,0.9540574427413097,0.032475348396626635
46,100,346,False,True,0.17338881844999104,0.06678308979155366,0.0016699941917194512,0.06678626576609671,0.07704220268174893,0.05911406794141001,0.11352940960012607,-0.07587717759059037,0.09897737100150444,0.06864670596811141,0.0989756381218281,1.1505236606050164,0.12123498398737503
47,100,347,False,True,0.06626477549655792,0.07433363566275264,0.016880282799138235,0.07433654110244105,0.0690936441349864,0.06791745697152059,0.03898773927778961,-0.0512915156236129,0.004081359111063279,-0.013896099493844299,0.004068784118949224,0.8039848667833408,0.021312549788389368
48,100,348,False,True,0.026893856550295782,0.06688462124597647,0.021816330261231486,0.06700497076257854,0.059846036816982896,0.05468930267550288,0.039846006770774094,-0.07564186273442751,0.03687124460071374,-0.06380478425536681,0.036859467231908666,0.8847213462631555,0.06281145434094654
49,100,349,False,True,0.1801108146095024,0.06877032879782441,0.0063681079831577865,0.0687758837769706,0.06852550920491926,0.05024898883561651,0.03143571487128925,-0.08357644625329198,0.06685823441690524,0.012368807247990735,0.0668458530695638,0.8624007399937113,0.0953386963437644
50,200,300,False,True,0.13276646427019853,0.092115845930253,0.015549625579182023,0.09208653555724905,0.07827988412126571,0.05696453861304503,0.030206249796799183,-0.019999480706791566,0.08789803822448604,0.05157187988792841,0.08789055018296132,0.8731093069030292,0.1216456772818818
51,200,301,False,True,0.05511157502967426,0.057518742180891404,0.0026681707113840212,0.057520432646482836,0.07306181743523413,0.056043029755250995,0.00857104877434371,-0.047046683526492605,0.030357355550413842,-0.017235410869086157,0.030342859351175377,0.8439362183626025,0.041596281210692754
52,200,302,False,True,0.09347639061077344,0.07565869447063625,0.010539102724962193,0.07565170083284904,0.08215603680561452,0.058456980207791595,0.037131255982334556,-0.013840997577223804,0.09129386354775719,0.0499446333806849,0.0912859509577666,0.9182996674402659,0.11619783842196058
53,200,303,False,True,0.005070718147890685,0.05625377377516252,0.004906549227235003,0.05625869336220723,0.05369900674533443,0.050561394926583104,0.007677853404376138,-0.013454616712029695,0.03241507629999958,-0.012546655293851417,0.03240056415535662,0.8369991065792083,0.045352827873369916
54,200,304,False,True,0.10772022678689164,0.06789102586539456,0.007246676189598083,0.06788277670221401,0.06662196204440868,0.052458327125577124,0.016686697309169544,-0.06462780685676604,0.04898575154135287,-0.013294654800688938,0.04897827856098644,0.8891799658389354,0.06613364758902346
55,200,305,False,True,0.004876657045299506,0.06290849119908763,0.00350573694230096,0.062907983514395,0.07744741984632361,0.05489509560372485,0.00671976746018611,-0.008154235714343594,0.052215394340163146,-0.007111285796338108,0.05220184201920155,0.9462955686998987,0.0676292709576895
56,200,306,False,True,0.11918706528507936,0.14704412357719654,0.03551311102162915,0.14704223447843476,0.09271719580806699,0.062246483122903366,0.04151351348486594,-0.013296855244275624,0.07061475001934561,0.03301133693543164,0.07061177155619319,0.878329779654581,0.13568419044312957
57,200,307,False,True,0.010656214499576783,0.05448333582728811,0.0025235174280050687,0.05449359544841118,0.07834499633320785,0.05527677734951829,0.00561454036435009,-0.056830173522897084,0.024596499441859408,-0.050341383025134474,0.0245838993412071,0.8492581542567734,0.03168264098286666
58,200,308,False,True,0.05497124224437355,0.08140745864892095,0.04105932134396287,0.08146442389516671,0.09785941006846793,0.06541245845238977,0.03612369117940872,-0.013677730175966837,0.053290869846033505,-0.004551435164942719,0.05328179810485139,0.7660255737048317,0.0823965618757459
59,200,309,False,True,0.12468398194110492,0.08786386459972848,0.01918195748827599,0.08786438082017814,0.058078196088706034,0.058122521511004714,0.021402785549830165,-0.07384816904504332,0.04851885694572076,-0.011642254509484085,0.04851195792673309,0.7814123567772202,0.07500429209359327
60,200,310,False,True,0.121673029457834,0.09511483486489113,0.024705018154440924,0.095101635860323,0.07651591131893665,0.05079338347289587,0.02821822101139339,-0.03763064854787449,0.08052276149270789,0.019398191711615238,0.08051069104942223,0.7678410964889963,0.13001802247411542
61,200,311,False,True,0.0858116695632647,0.07733274508735127,0.006492239178737957,0.07732549073012861,0.07562274385946502,0.05691022251414866,0.012817170311155465,-0.0445252675092246,0.055877694297089706,0.008573589644845328,0.05588109437910049,0.8752538136058168,0.08266631951893194
62,200,312,False,True,0.0760158327643329,0.06947455393740706,0.0038991116726053527,0.06947368731320419,0.0923270289793105,0.06357492115071263,0.01812691952582065,-0.033171677530561265,0.04864566249846014,0.012280883724043732,0.048631269973955824,0.9914135492679609,0.06398033228593236
63,200,313,False,True,0.05087253619370953,0.06707192616404263,0.01702631923709349,0.06706737651967405,0.09409148864866397,0.06501616028938305,0.02102314308783671,-0.05228809999302067,0.000812293952660994,-0.02559376253546483,0.0008039317136654489,0.5161672445187275,0.01595359915800898
64,200,314,False,True,0.1176938977404345,0.10639110720755957,0.029096414577351248,0.10640899421308296,0.057539307566769594,0.05881848882385285,0.0332367332621342,-0.04515443404241839,0.0724170442502475,0.0012090603146308343,0.07242134714007058,1.0055373223209094,0.10667656773554002
65,200,315,False,True,0.07587151444859791,0.06917856147783229,0.013358438447141853,0.06917614110999341,0.06774076836204444,0.05390126330275282,0.016214029017739866,-0.04210551318560273,0.07358716155120731,0.002836413457986997,0.07357972128906823,0.9479141392235675,0.09696482197263628
66,200,316,False,True,0.019632795596507605,0.052279125299751775,0.003950805424251309,0.05227773078409246,0.08360492899800163,0.05705573338709068,0.00428800376338141,-0.07520567126174961,-0.013614633708793563,-0.06091538656668023,-0.01361517863642149,0.8534025842078193,-0.005992051756341821
67,200,317,False,True,0.1801662491374868,0.11603018324924827,0.04417481868263198,0.1160270725088742,0.06243623387757474,0.0641014109339706,0.04972446422437161,-0.06656630572304453,0.08744406341339526,0.011815884764224854,0.08744145838028843,1.036215065226627,0.12209770484236443
68,200,318,False,True,0.043204655167639876,0.06912486852499823,0.01621276267901566,0.06912414279376213,0.1023491117659879,0.07170613325126021,0.02722445841049388,-0.03938498358699892,0.004879873283066303,-0.024244790099656535,0.004878502803067377,0.8708425289306423,0.010593399365654843
69,200,319,False,True,0.017597466607620467,0.055805201360840655,0.0024820810341706985,0.055805496007087264,0.07854614831587743,0.05803042045513284,0.015414282032654509,-0.039425495934246706,0.018382619147777106,-0.020417178019336887,0.018370590211420536,0.8245174544410026,0.029392976905076862
70,200,320,False,True,0.15203950820420956,0.07921112113997941,0.014782304943927542,0.07932745028165818,0.07421801889605026,0.060378869569869806,0.030745071517700208,-0.01831754577803391,0.07988295607147038,0.05028204386184689,0.07987034901821276,0.8331047811532934,0.10311826650340039
71,200,321,False,True,0.13441862238921354,0.06515446187418511,0.015818906695799585,0.06515151222263335,0.09670242171883701,0.06813224609904489,0.030712522849484346,-0.06654701987878019,0.011261300314312805,-0.015282219094178573,0.01126187382508661,0.7171371141465958,0.0189580794373444
72,200,322,False,True,0.09856330692324634,0.07752791203530884,0.011173857232546667,0.07752810938162807,0.06546858712028251,0.06415462160324062,0.03213501465582315,-0.05663524146970384,0.057455869990942716,0.010543355961547518,0.057445964429266354,1.0736164480190244,0.0715765074346893
73,200,323,False,True,0.02097666368958189,0.05315700810744335,0.0039018348961094573,0.053157657765785196,0.08100333000420087,0.05599080746315388,0.012692688715208211,-0.03013297752310647,0.012471591970346054,-0.02264959394978246,0.012467498823637584,0.6432431978632664,0.022535182246585128
74,200,324,False,True,0.0901391535365652,0.06793789760240512,0.011999295283453804,0.06793687776345657,0.09496854654909673,0.06964888587597745,0.026626947311897332,-0.05490727796928617,0.046373214585964606,0.01391129270789543,0.04637115991009701,0.9035612454318709,0.054500940968467804
75,200,325,False,True,0.1205400938128291,0.06252808509726311,0.009114296714430566,0.0625291163311196,0.08554878274405574,0.058012145490911084,0.0040974950981057376,-0.05774048256368135,0.06003569761429482,0.005786917537468905,0.06002296210939733,0.8176934080305327,0.07657240323680475
76,200,326,False,True,0.03354495435544957,0.05980302147573321,0.007359026553059482,0.05980059160887518,0.07688186259345722,0.05452318902278547,0.010690880354523745,-0.086628058928399,0.026829464009311223,-0.057464271677807474,0.026819634356026825,1.0126705208036415,0.04357940236087848
77,200,327,False,True,0.054596736013691166,0.057969894278300904,0.00676050544194393,0.05797226448402779,0.07592127684078977,0.05753281307651467,0.010497563044412347,-0.04423428829279749,0.041793298591481974,0.0015380749118036996,0.04178093527622579,0.8717595270410311,0.05035425735269117
78,200,328,False,True,0.07158668602501118,0.05179094960338386,0.0015741510586214024,0.051791109405517836,0.07780333368183151,0.05348874916274255,0.025092583164246045,-0.07698400879221988,0.02036655013086424,-0.03590955137462412,0.020353208934579356,0.7109328004663837,0.03288609068665321
79,200,329,False,True,0.027170368617437938,0.06952011793257727,0.01535086868426152,0.06950617913623955,0.09842713157729062,0.0722954536443798,0.02010227545508262,-0.06255558893143995,-0.01550647272391366,-0.05528809593516755,-0.015511500297596542,0.7969750263636495,-0.00956889552897866
80,200,330,False,True,0.04041938935859057,0.06156382966449067,0.03440857491462027,0.061555254062039946,0.09854849408499143,0.05842108697092918,0.01034119877333382,-0.06800339554386109,0.02111034572447693,-0.05737205746417411,0.02109770691107315,0.7482151618523696,0.044098262175644
81,200,331,False,True,0.046108971491880854,0.06491415453553553,0.009624700681350176,0.06491673528529429,0.09635796454321957,0.06379851623905215,0.016243095088283727,-0.04856484752982904,0.023510821466794524,-0.00345344563490106,0.023506649616265633,0.6415074240881714,0.04006374111986705
82,200,332,False,True,0.09735874288882243,0.09146580005201614,0.03538454984551735,0.09147206759141673,0.057614577343598095,0.062049900250429564,0.04874871018789591,-0.011286283963303277,0.08218395516130222,0.017999388791011275,0.08217017133973392,0.8815553740730254,0.10695605525952268
83,200,333,False,True,0.08491290938148884,0.08490165224064353,0.012424465463431879,0.08491173614036487,0.08288953112029705,0.06278012101596817,0.03530873782046799,0.06944047599479237,0.06945156814188948,0.05425185570343345,0.06944304339625347,0.8285510770592066,0.0894558600338261
84,200,334,False,True,0.050345242879328865,0.07102373275432339,0.003964627288842659,0.07101383328542651,0.08519668782635138,0.05681026710979761,0.004939249690203081,-0.04165070955125685,0.02838393624703528,-0.009671289899117199,0.02838092573902003,0.7291038490548445,0.052506877866672186
85,200,335,False,True,0.05198576164665616,0.05387796286853978,0.003976599111712891,0.053868053962140845,0.09614743871627834,0.05991562440219113,0.012044100243176124,-0.12241757528211572,-0.003390793204027389,-0.07256581211451936,-0.003403072645144931,0.7551367696831421,0.007220953208355363
86,200,336,False,True,0.07726295407877708,0.060471860863727474,0.0043903528424984965,0.0604653605829569,0.07431302031456387,0.05543867131858248,0.00819122968806318,-0.10479201022274383,0.002714464776486736,-0.045368505217315586,0.0027018773648358517,0.713177605434644,0.01866764704253865
87,200,337,False,True,0.04316455275470682,0.06304423348743819,0.002991389918528774,0.06303928128173063,0.08541639619942268,0.05913945355387242,0.009242086699442856,-0.02532647878008614,0.039820820277200186,0.0057708250722248436,0.03980817102423309,0.840226022139676,0.05283124679694545
88,200,338,False,True,0.0184912704195292,0.0583280577749501,0.01201333946085042,0.05833023673377728,0.069527499068383,0.049164869651684345,0.01995331571538173,-0.02413935008433659,0.0701856850415377,-0.015829197775032593,0.0701734847115116,0.9018354460694903,0.08763770824563172
89,200,339,False,True,0.022431672201431788,0.05853255044449614,0.004668126149287263,0.05852833269209324,0.11411774452718491,0.06588727816782249,0.010167417529033045,-0.0828936435671913,0.014875499415611842,-0.059644890164986836,0.0148712319247295,0.9390856301470406,0.021533606645035397
90,200,340,False,True,0.034928280668912765,0.0539304996377479,0.005719412221734859,0.05393457856107197,0.09717117261423555,0.06108494465713823,0.008008162252064858,-0.07083864113937063,0.01621085670910567,-0.03820757700013483,0.01620284299883444,0.8041017434963345,0.029184062242065045
91,200,341,False,True,0.050209631058545166,0.07832801892365877,0.010103307904320917,0.07832838558389504,0.07806200830861004,0.055079724121570896,0.039339243278965555,-0.0358252042883772,0.04869259716658675,-0.02012314753987521,0.04868998021286124,0.7979296924886359,0.07433006028586053
92,200,342,False,True,0.13514021999483852,0.06453107935856091,0.008412540774351633,0.06453655924631806,0.06612964163581296,0.06071853408857332,0.04308904544256914,-0.0744092211010199,0.04579841614618971,0.01856465013016985,0.04578695016560971,0.7440389941784935,0.05306074996043997
93,200,343,False,True,0.12472916629892009,0.08763363183765514,0.016632841899005466,0.08761759582858035,0.08951975505930522,0.0627792128151762,0.01618962601847142,-0.04072206100335268,0.08111263833938309,0.021900244467180176,0.08110459998798873,0.959393002263373,0.11387355929780768
94,200,344,False,True,0.06781085682791789,0.0677831543027576,0.008246871128246212,0.06777114456995284,0.10549632986598402,0.07215243914652061,0.016924972512165376,0.018455791944455846,0.01844895654997288,-0.02040328242855949,0.01844434920390597,0.8071580493316896,0.024569821984089302
95,200,345,False,True,0.04961231464779244,0.07130272760512801,0.011397921081840168,0.07129902357534533,0.0640307766252297,0.05666722316981227,0.015432652056159232,-0.03565636226789211,0.06612295117535695,-0.0074328390203083775,0.06611131935254491,1.0196333406288638,0.08587560469593691
96,200,346,False,True,0.17249630114631617,0.06614006039592038,0.019828589070975903,0.06614063325582921,0.06883473544083124,0.05243327030284642,0.015408114873240977,-0.08157732673604699,0.0790290527115053,0.014990938614769292,0.07901611132915648,0.9495088801611022,0.0992411788614539
97,200,347,False,True,0.027922010353660612,0.05774961987924883,0.002444785659922859,0.057752411773210645,0.09254516564607669,0.0616004094711697,0.0069150413563212245,-0.04365734070680784,0.03558930752670271,-0.01620927521050538,0.035580649273835266,0.8464963856721,0.04491508839580771
98,200,348,False,True,0.13686108926971663,0.08527230205384717,0.03428417220993902,0.08522048987818814,0.07457337839649827,0.059609191368185224,0.022480108159095423,-0.04224668132716805,0.08593735461218507,0.021418087220491034,0.08592547224242146,0.8031229412250295,0.11733197196419981
99,200,349,False,True,0.04766496517474738,0.06197954226372971,0.007224934742787879,0.06197867266285462,0.0861881564411073,0.0648113370946908,0.01415867669682786,-0.08220287564069867,-0.02074368813332896,-0.05380012877070889,-0.020745921583193622,0.7824083585706983,-0.013235317800331658
100,400,300,False,True,0.0053429133208719535,0.052489663074976295,0.001483340013993602,0.05248953335909975,0.07536440942662584,0.055477989702747095,0.002778324608334483,-0.04817292186459257,0.012892680896212313,-0.03478125949990647,0.01287938715269732,0.8171134929973108,0.017981305282286697
101,400,301,False,True,0.06631224589313717,0.07739986139547533,0.0034421076080639575,0.07741859031822108,0.07822876248425073,0.06274866340108609,0.006004356520488528,0.005521326862271201,0.06046237369632529,0.04157090411800042,0.0604531687109197,0.8892911802714931,0.0780074311846034
102,400,302,False,True,0.01856082732970192,0.05956434282279019,0.010195336003230072,0.05956030862959704,0.08691817416965969,0.06316694835986232,0.012626659989787545,-0.04739817666798719,0.0015889023871194753,-0.03414412933976251,0.0015846249517518628,0.8034809794943056,0.005412279923936225
103,400,303,False,True,0.015599155390410558,0.05609993302860701,0.0015180067072058778,0.05609679656297614,0.073299472210051,0.05329027202703054,0.011426350119956075,-0.04388636521730252,0.034091429042331145,-0.022956111013663644,0.03408412466534607,0.8594410198299233,0.04520077611379936
104,400,304,False,True,0.02600359678581656,0.06508618158368028,0.001410249325710936,0.06506890422745978,0.07931518542399806,0.056390320573447915,0.007559941434008779,-0.008507085933873367,0.0509253953611622,0.011819844276432397,0.0509188454209481,0.8754391300480273,0.06609612099683498
105,400,305,False,True,0.013158649116313452,0.06002701714038256,0.0031859821502685493,0.060023628051514386,0.06907681215192357,0.05538349820832112,0.006856499917848773,-0.004628189714119106,0.03150576396892717,0.0018053713828488872,0.03149541666934951,0.7804260309558996,0.040604120141730926
106,400,306,False,True,0.04516413954383406,0.06753596969519332,0.003825646889698055,0.06753070904485937,0.07234988729721778,0.0593366624204351,0.007268287864712841,0.0015019343756610603,0.04779327644767818,0.02287099025922898,0.047786415271198875,0.8159504069978228,0.0593783812893407
107,400,307,False,True,0.07562925082102023,0.07145432854148201,0.0017851960051720132,0.07141424301212919,0.07900350005504633,0.05653058771648923,0.015116081573538031,-0.002032208736019039,0.06134633655347464,0.0364680529596578,0.06133742916631078,0.8094803633688727,0.08219462782868758
108,400,308,False,True,0.03346092700928318,0.056247587567005874,0.005196651487046585,0.05624645734593061,0.08941845482217932,0.06073757131150531,0.009109439959945866,-0.07078526826658296,0.0001527432166511744,-0.0444599675670929,0.00015214306577291837,0.6329075787286391,0.0065206727878175386
109,400,309,False,True,0.012754855649599908,0.05995909259721391,0.003332530311395729,0.059959710449099674,0.07186294915457941,0.05586846007975606,0.004311003945524804,-0.057204387253301826,0.004228962470568476,-0.04933844400776219,0.004216056229802803,0.7976294201626112,0.015534099675975244
110,400,310,False,True,0.01256595884517587,0.05755153765817393,0.0016425681532830656,0.057549532892053105,0.073008708789328,0.056270078117420436,0.0036834725184348243,-0.0150880109467976,0.032498661050650954,-0.0026791448131251584,0.03248938829137764,0.9038253600329706,0.040573658256106204
111,400,311,False,True,0.018290451983605266,0.06266335829152518,0.004871934589103278,0.0626669544596341,0.09281052844351814,0.0650777624952878,0.00727939205722823,-0.005571147325959211,0.047720617684607024,0.010358166402958044,0.04771569210519722,0.9648414451128527,0.055231970675131525
112,400,312,False,True,0.00860555706527461,0.05553559273081712,0.008261794395352797,0.055541038018025325,0.08011684615903299,0.052239952980864014,0.008825241864451615,-0.01843983689280229,0.05713103377813511,-0.017564439413204104,0.05711577072179246,0.9751251223985767,0.07153478821094933
113,400,313,False,True,0.008106814060700535,0.05324999980692373,0.0022003635971194176,0.05324778911527485,0.08295992640388052,0.055605743236334326,0.00477395845190637,-0.044003149753620345,0.016055130178130383,-0.036345944573610484,0.016046169754321868,0.7083869780290962,0.025545320341432864
114,400,314,False,True,0.015976697813953663,0.05250810742666224,0.0032363715174762832,0.052506849787293426,0.07569545453339196,0.052469586061177444,0.004534938076394664,-0.0531389968173556,0.03283829375061181,-0.04007940009091362,0.032830228104214924,0.882336070176138,0.04414012511455695
115,400,315,False,True,0.010351602589649544,0.0637017218802545,0.00930069903787117,0.06369195743873547,0.10127970632657442,0.06842557304836833,0.009510155588363253,-0.05940362883533002,-0.013745133510923253,-0.05727124377987024,-0.013749250864859236,0.8100030294880435,-0.010293463818993542
116,400,316,False,True,0.06580288443006048,0.07659192233028506,0.009007170865554926,0.07658124033154377,0.07891462181740433,0.05720413150431636,0.005686268959552114,0.0011871627884006465,0.0750946114732517,0.031565650460824116,0.07508844987935667,0.911771110962217,0.09695577912329073
117,400,317,False,True,0.008850363973814645,0.06603025342024682,0.008982636000917303,0.06603150896129983,0.09845033275779981,0.06467273359015395,0.015082586949557076,0.011477366137778553,0.04582357884192433,0.013020050760925389,0.045809980060769105,0.7249178827191036,0.05919392630109538
118,400,318,False,True,0.036241051039485266,0.06062648224331002,0.004586219074120149,0.06062375472295998,0.08552963249255932,0.05985121884508104,0.004409070819286688,-0.03889285427730881,0.015045105989154664,-0.015516098418853812,0.015038403071719416,0.7446710251812556,0.025109034321234402
119,400,319,False,True,0.07890619367594677,0.07893653464351318,0.00630170196493407,0.07890198215334104,0.09017979969262574,0.062491320393029376,0.004035478764180036,0.062067619182142784,0.06208010518294138,0.030539244299629884,0.062072243000246344,0.8562014776392581,0.0846321794628308
120,400,320,False,True,0.050788738299478144,0.06156997668357371,0.0011853525317243733,0.061570442169855966,0.07642685716249703,0.05259711149060455,0.010737723180126616,-0.04293129333598691,0.04927755312010859,0.0002874291558772035,0.049264340721899204,0.8319170214970307,0.06333429526565987
121,400,321,False,True,0.01379341390506155,0.0665147696150711,0.0017001727921884136,0.06651745048296698,0.08006711485347236,0.05596889325845275,0.006163778443501121,0.015114966503801727,0.05554884062670347,0.02202486566163569,0.05553605973224023,0.8088283985083621,0.07052229920867337
122,400,322,False,True,0.022485203388043103,0.05437724474419129,0.0016237459260909088,0.05437279977619995,0.07722206020368753,0.05279547495790789,0.003093361720532622,-0.04760813877971046,0.009741604051372761,-0.0317393775253116,0.00973195348349698,0.7149900409821697,0.02130640608002521
123,400,323,False,True,0.03545243128608943,0.0645045764158203,0.0028519412160891633,0.06450068669568682,0.07133043330733456,0.05702727178139172,0.0074687121393069225,-0.02775814908348229,0.03339966450834794,-0.006493691175763728,0.033387020701751736,0.8152116148410454,0.04600490302422999
124,400,324,False,True,0.11405244253103454,0.07704780957861111,0.012143069953809814,0.07707464251224269,0.08057805271069567,0.05781419041914458,0.023159215621019535,-0.012485067638403638,0.08428316412575057,0.04475713293621509,0.08427235810407126,0.9240673199544887,0.10796285379827197
125,400,325,False,True,0.013849223172161364,0.06145861295464784,0.007262269727712913,0.0614546715164762,0.07540499900849677,0.06051279339439526,0.008724993442752547,0.0018342256035613303,0.03527914832012023,0.008511131058621087,0.03527301464626568,0.8993348660952017,0.04195465553172201
126,400,326,False,True,0.05589020608792304,0.07585335862452401,0.007666363123421778,0.0758376376381063,0.10206837674695307,0.06618721675619124,0.01304886821785936,-0.017614875384177407,0.03465548037706512,0.014347081999448164,0.034650683932240585,0.6781977860465471,0.05302493815244724
127,400,327,False,True,0.028380517980317856,0.06342942358481211,0.0015371146553133709,0.06333911346906146,0.08390085841304558,0.055821730528227774,0.004542832680946257,-0.023434357876106402,0.039572068129567414,0.00030774208288267827,0.03956455527633523,0.8757648537189078,0.055566894588646554
128,400,328,False,True,0.01824120109900602,0.056221711100061036,0.006404990811523497,0.056224355490223366,0.08412477501188988,0.05198666276474955,0.014108260205182807,-0.046653227554087615,0.046046202301898306,-0.030194158097958328,0.04603697608247053,0.9225051863776434,0.0674289293644838
129,400,329,False,True,0.01165432964521689,0.058965634104544334,0.005057190282208317,0.058967990068763146,0.09534321555943585,0.060473209732173315,0.010031149948636991,4.913462203381069e-05,0.06166338319601685,0.013483104187670543,0.06165564628862072,0.9770608734218287,0.0757507288301249
130,400,330,False,True,0.035466265047806006,0.0587161511613617,0.02721281453154976,0.05871340793962736,0.08404973525176156,0.056583053394879713,0.0322818383144123,-0.04281663594166335,0.06589541671961427,-0.035217473425154244,0.0658834112719613,0.9639692545233339,0.07551793539835355
131,400,331,False,True,0.06630977193335136,0.06631248066675811,0.0027670561058135757,0.06630174308765097,0.07557234018420265,0.056488195638056175,0.0085852453036825,0.04574019365809952,0.045753307581811384,0.016232214810743373,0.045746766041474415,0.8407907123220507,0.058795840563246216
132,400,332,False,True,0.018331801452059756,0.05629003620858868,0.004616988198583425,0.056286867107031416,0.08153249948934495,0.058056318457379935,0.004334050066279854,-0.04886955764471396,0.007113668742438364,-0.03744043349844337,0.007109746284746805,0.904806077407925,0.014619897514416946
133,400,333,False,True,0.005630124348552249,0.055505848163641194,0.0017178625669870137,0.055504927400373764,0.0718065509924672,0.05500004683985664,0.0037740885609672667,-0.013898392092447164,0.029249403646341536,-0.009740991404148887,0.029236949842905133,0.7834891548072145,0.036794447237697536
134,400,334,False,True,0.016578295816450744,0.06721289855920767,0.0021872744595765737,0.06721027350763736,0.07963386148387995,0.058508398541271316,0.014360255216255608,-0.0037998680553179677,0.049842561031210056,0.022041533163821604,0.049830501668103086,0.8950532411115103,0.06786599920469683
135,400,335,False,True,0.011738109942130894,0.0517579951497932,0.0010334977047978542,0.05175835360347771,0.07095871583457038,0.054332199097125604,0.0016024881785076043,-0.0812266453234451,-0.015072498937354198,-0.06931616908532132,-0.01508591880664838,0.7636552522449384,-0.008235920661349594
136,400,336,False,True,0.020955246570907537,0.06406359184359743,0.008021457864914735,0.06406009245519931,0.06711517417916314,0.049584889167565836,0.008961969880588908,-0.03393759081230073,0.044439761474867015,-0.020900967446722044,0.04442599764567305,0.7799988787009096,0.06532603091359018
137,400,337,False,True,0.018845803139564618,0.05566322820577884,0.006598354013640862,0.05566169299006589,0.09737138740350482,0.061560663245067315,0.007731481080756266,-0.03250143567033769,0.028015095820938783,-0.01828880973833492,0.028016878011187175,0.8263130206808986,0.03498413627074476
138,400,338,False,True,0.026425117626976545,0.06542192612574348,0.003632907240624993,0.06541195873026912,0.08385340109371787,0.05793781114654283,0.005536576527559152,0.013222120736387457,0.05652685805957987,0.023026117521461477,0.056515248480056214,0.8465231616738843,0.0714814539431689
139,400,339,False,True,0.004654361081642118,0.05677860320062872,0.0033161384571983085,0.056779650959388174,0.07766945196610421,0.058534621223258226,0.005633607578710084,-0.012853115960935413,0.028063429164306087,-0.008786431546334784,0.028050670272234728,0.8766203757476276,0.03373021191647552
140,400,340,False,True,0.07256507896918951,0.06687675969635173,0.005275579775203962,0.06686311939340554,0.06565948152226325,0.053272823809386666,0.007967724340007951,-0.02979894039834508,0.05018771665686529,0.01047678429122256,0.05017605782783626,0.8530573266657379,0.06482965439047145
141,400,341,False,True,0.028756626997389137,0.04588625858065292,0.00698682479197075,0.0458862996301444,0.0743257550484443,0.0468046758961398,0.008680013846465277,-0.07720096017592891,0.02454529671827004,-0.061417088162400345,0.02453299546567976,0.8326496757598103,0.03656126109577862
142,400,342,False,True,0.03732174147010536,0.04955653662996837,0.006020421285507369,0.049557917855761115,0.07357071900225984,0.04924137030708842,0.007580908923725293,-0.03470929936586607,0.0582194117858063,-0.0050121880363487884,0.05820552385747682,0.9865101890669403,0.06824330883307189
143,400,343,False,True,0.0064441095308273785,0.060042800242952776,0.0020464028368561427,0.060038790905433494,0.07660060396225263,0.057677138243347574,0.002360605520819335,-0.03145545020552008,0.024601436756859486,-0.025305751224696218,0.02459560981969709,0.9186535317143181,0.03424813096373763
144,400,344,False,True,0.003994489039214141,0.05197040448245893,0.0027000823036856373,0.051967207311377654,0.08262750379496406,0.05229336444888689,0.008199637506585717,-0.025695505161970684,0.04673182677974481,-0.02383498648932013,0.04672587220545196,0.9675015270433895,0.05616458218620607
145,400,345,False,True,0.086589982581522,0.09158362880315064,0.017507871234540954,0.09157578994279367,0.06039961991180511,0.053504511805586775,0.03200077369816519,-0.018833194130536135,0.07440653376262177,0.018814230953259427,0.07440815173939257,0.8485211767673423,0.10418844768943503
146,400,346,False,True,0.012701916705649208,0.06849552144651598,0.009270133456223694,0.0683801692554244,0.05857724898727732,0.05297622110721143,0.015058070374398255,-0.025744497346129106,0.04516961968124576,-0.017832649415268156,0.04515962069014094,0.8754388214630441,0.06727051868452638
147,400,347,False,True,0.05247574866359519,0.0812644519792303,0.012875145514515027,0.08127637011168495,0.06699577728592446,0.04985985888216458,0.018137615026123172,0.0017761594436099027,0.09224091914681339,0.03164686432138497,0.09223476051879544,0.9200133819173886,0.1239407433812389
148,400,348,False,True,0.03381913277171399,0.062498942066569765,0.013254389726992008,0.0625002658136309,0.06163720355077848,0.05064758991333388,0.012854514258664993,-0.04337722076881025,0.05563477870076845,-0.024515712058887692,0.055628351640743076,0.9311055359360139,0.07167799960334315
149,400,349,False,True,0.006423008046326275,0.05932761180879708,0.0013201704828263228,0.05932207325459392,0.08167937256916932,0.055704608851867884,0.020130397577044528,-0.013597009345436296,0.03686087121036323,-0.0070040143727037405,0.03684859067101101,0.8463229896186886,0.052626844753951685
150,800,300,False,True,0.011710548120222191,0.060023973327663044,0.00027151720779200207,0.06001884782464694,0.07352021092187616,0.05354716075275008,0.0029905655069962234,-0.013055003017621903,0.03520338621404946,-0.004910780802775027,0.0351967549982934,0.8143367412863464,0.04692963426852986
151,800,301,False,True,0.009803293280087366,0.05940442364397966,0.0017465133980912487,0.05940492555056009,0.07688863920208544,0.059378253912337496,0.013342960070715462,-0.037406647164164586,0.024254285207219367,-0.02515883285279276,0.024242557571629818,0.9172841012458757,0.03057079266671342
152,800,302,False,True,0.026365723271440832,0.06366462934739588,0.0013858151411159072,0.06366155776285932,0.07700287150022486,0.05538575499255193,0.0031540345439250057,-0.009555938694247092,0.05666205123267993,0.00584437976091987,0.056651466235887044,0.8615300569988682,0.06967509347043604
153,800,303,False,True,0.033921756975452945,0.061747379473389236,0.003582834211731032,0.06175507910809221,0.07446073323024537,0.05575704639677159,0.0034095686311132237,0.010250107761800006,0.054881063306836564,0.02404930790477065,0.05487008889386878,0.8695742193189835,0.06561898940449368
154,800,304,False,True,0.007333998736770309,0.05793508846923034,0.0012471315886787196,0.05793228287715412,0.07602360751952973,0.05521077100059242,0.0012769954075256525,-0.013129039813709067,0.04824176654613147,-0.004140172247958951,0.048236380201660156,0.9575729139847229,0.0570964590408673
155,800,305,False,True,0.029489493869508814,0.06991762485408227,0.003787502688264594,0.06991716076319679,0.08713442694393267,0.0607696204486687,0.00416206683743576,0.0011903312248544462,0.049931648818574814,0.017406848160647033,0.04992700593789039,0.859164560516819,0.06597618158578095
156,800,306,False,True,0.0013292544271802662,0.055040375181608585,0.0007840844624932758,0.0550383294590053,0.06920352947999406,0.05227618692203483,0.0016085652251836367,-0.020648459016362947,0.029540819731553824,-0.020319147146798118,0.029529149727656617,0.8902937228793462,0.03853157623539882
157,800,307,False,True,0.032023283487931944,0.05759871093708428,0.05490185061108818,0.05759339205287431,0.08127956953299127,0.05679034343810906,0.0029796538090833004,-0.02160221651207577,0.04859754997974036,0.05690301659047586,0.048589718838093036,0.9666610074133366,0.059113410425430835
158,800,308,False,True,0.04130590181163117,0.06905483429721214,0.002062532305813105,0.06905214360150982,0.07475592137093179,0.056017743798695147,0.013896680592596609,-0.009927330274950274,0.05304123080208051,0.00675877140437656,0.05302955405591533,0.8400536891889268,0.07147133245478493
159,800,309,False,True,0.0698168952968019,0.06982712674333358,0.005622605220472626,0.06983524801505787,0.07126090248856591,0.05312871771673135,0.00579793218275187,0.053048048462970156,0.05304957110018755,0.003544394877820405,0.053036461526537695,0.8904542273799457,0.07236552538249275
160,800,310,False,True,0.019612843545971356,0.0640428127399197,0.0015364507881998487,0.06403624207395511,0.07008882534165459,0.051954371911297474,0.0036002445304816853,-0.003795340573688108,0.05417698274212171,0.013841102078233641,0.05417108302074972,0.894823611090125,0.0705883685622512
161,800,311,False,True,0.0030546122112986747,0.0556007831372822,0.0009023184032677816,0.055602740414203454,0.07939342429049429,0.05346502509238357,0.01439302191242047,0.0009982969839844003,0.054214054326144,0.00451721365663193,0.054199046694209725,0.9028480041879261,0.06593114589396526
162,800,312,False,True,0.004340172270511346,0.056417598589969406,0.001743119084075178,0.05644003211439915,0.08027011862156015,0.057458396715640264,0.003731040156824384,-0.010486360572595164,0.030645965340600725,-0.007695901903406133,0.030632199867525713,0.8805076861314235,0.03769584391500719
163,800,313,False,True,0.005106599307522747,0.05615768960511959,0.0008375488584078273,0.056158074034295284,0.07970495484828073,0.05773996987514621,0.0036335278090563043,-0.02319242280642657,0.03147898490133919,-0.01965925557112824,0.03147224186991778,0.9776907540648875,0.03787361628634828
164,800,314,False,True,0.02349871553065539,0.05625290063309896,0.0007852708323339643,0.05625095950584846,0.07466425735559155,0.052708657145123364,0.004127971434514545,-0.0006698266130941388,0.053733528968844556,0.01173505872576493,0.05372211534551056,0.8940855272041561,0.06261013006931454
165,800,315,False,True,0.02774674287653786,0.07075056619395442,0.0021160864504179517,0.07075104032201701,0.06895860774832817,0.05371559387334547,0.005615824785488932,0.0050258315644798835,0.056288545961952326,0.018152445685337706,0.05628023677451715,0.8487090754908059,0.07425663371029467
166,800,316,False,True,0.004507453183865761,0.056606309471805755,0.0015422173947312115,0.056608305612183635,0.07447845338445801,0.05315138345349593,0.004312748623154238,-0.012902691472799752,0.05149417282191365,-0.004199435754175776,0.0514808870885728,0.9360144456531494,0.06329145125175678
167,800,317,False,True,0.0022496146998922657,0.05553201497686683,0.0030884022839650473,0.05553499166000693,0.07843069724114803,0.05766868467506469,0.01641955777721358,-0.002223454341111283,0.03449699475931361,-0.0015189418883384653,0.03448512915494931,0.8855015444463226,0.0401492069936748
168,800,318,False,True,0.0054436928835245365,0.06038428922335427,0.002658194839829393,0.06038755301175017,0.06313270455051195,0.05438490128790599,0.005653279194372836,-0.0005270227139359901,0.04359101220676798,0.003328489148354013,0.04357771172470173,0.9368283346911526,0.052016321222429496
169,800,319,False,True,0.008053211983125577,0.0641826993174239,0.001322082514928406,0.0641517752431843,0.07959468355717891,0.0560667920317005,0.0027246360675789506,-0.0034333107629704847,0.042873167164809094,0.0026590150984731266,0.04286758858890224,0.8607720402332849,0.05708381742888108
170,800,320,False,True,0.017047499730151322,0.060750561839668815,0.004804220481471527,0.06074806698678801,0.08286458765285593,0.06024381710568572,0.008435978078146967,-0.014578051853593224,0.02210410880740568,-0.005053731887844073,0.022095082363765145,0.7984057591906598,0.030093050956662204
171,800,321,False,True,0.008282752479574707,0.05309498299044255,0.0026206344816499406,0.05309470205596375,0.09401254025343272,0.0591464522710887,0.004329348488879331,-0.04188040879736685,0.02277717181053248,-0.03642863264208524,0.022774154285585553,0.9193652548135757,0.0285399611509094
172,800,322,False,True,0.005013069540210501,0.061245254591314816,0.0009847544759043173,0.06123744878502171,0.07743632688423627,0.0537524403309754,0.002059090010529625,-0.008878373405693661,0.04212569490847926,-0.003690462528737165,0.04211743224035473,0.8561605118714616,0.05576151368478449
173,800,323,False,True,0.008551818284353611,0.07132996806389828,0.005465016730055674,0.07133030776409889,0.06872588620091542,0.054541343848555315,0.008140658537699108,-0.008331067568021561,0.05331106661733294,-0.005904585984806312,0.05330034202767777,0.9382105010001819,0.07408675891472338
174,800,324,False,True,0.005587022064066415,0.05765670404115097,0.0017772917649989863,0.057650967168793026,0.07634417824882303,0.05392529848193611,0.0023868511916020642,-0.02092317460716539,0.04406533090672319,-0.013274492127411313,0.04405340034635152,0.9291326436088662,0.05604121454622529
175,800,325,False,True,0.00834044761222238,0.05787366967454581,0.0012849727345488192,0.05786329030741569,0.08170305269445549,0.0560778956521205,0.0021873567548210612,-0.000550428410989084,0.049229579886855106,0.002943894416302484,0.049222690767953665,0.9248733602220213,0.058759742147079685
176,800,326,False,True,0.00556467076003432,0.0598966824570616,0.0014597814863082249,0.05987417447107443,0.0848817172840512,0.05720128711553886,0.002765885972808303,-0.001415558778153907,0.04826030301173255,0.0034923030725589888,0.048252757129774726,0.8394514509218421,0.05951617024645728
177,800,327,False,True,0.022581296481467693,0.05777184018585799,0.007360331393174479,0.0578172084027059,0.08801737315457879,0.058681308721692374,0.003754524965604049,-0.03341555024594072,0.027943361584278747,-0.0174338228809861,0.027938194430238428,0.8567271409537435,0.03824851652902328
178,800,328,False,True,0.0013950912238600787,0.060642472786532745,0.0006215275299273013,0.06064022773137476,0.07773220798485668,0.05733895819940048,0.014586989727012865,-0.007890354838538153,0.035913662433537046,-0.007216045290848079,0.03590122157058929,0.8742182889974555,0.04571752596052797
179,800,329,False,True,0.027947757318597093,0.07102517527882751,0.006452114189903625,0.07102855144680385,0.06752198014318425,0.05498634434218274,0.007449346131329425,-0.003437616599018212,0.06381071917516834,0.008085621129416748,0.06379731561419717,1.0076558994399145,0.07922562549743423
180,800,330,False,True,0.048954295568161645,0.06708885345792004,0.005323731831463016,0.06709939223637901,0.07603612752130773,0.05752351276147074,0.014905424091963904,-0.006979979749659526,0.06038511243357277,0.02576359973346804,0.06037391563849468,0.8869561386274514,0.07484907660545631
181,800,331,False,True,0.01720894924892881,0.0595122448881472,0.0016009538572294315,0.05950721198317947,0.0729149478566364,0.05393750829258345,0.001124117208615173,-0.0464266231720876,0.012672958566298078,-0.036241161271625896,0.01266178466917772,0.7817260734411582,0.025225748354227973
182,800,332,False,True,0.03912458523902289,0.06962035395601142,0.006237193276795513,0.0696199065886772,0.06263004358483591,0.050036629463694256,0.007889839867884347,-0.017243235560597953,0.05706783994774739,0.0060650317125984995,0.05705529382946793,0.8926961240014613,0.07504646302595003
183,800,333,False,True,0.008658056457817347,0.05823522443176839,0.0014602644343418264,0.05823218617656823,0.08134524467892314,0.05783284005711201,0.012095627359525848,-0.03476763561063142,0.01638212645053038,-0.029565965203746103,0.01637141561868475,0.8447685982632217,0.024431030024574307
184,800,334,False,True,0.013250470057921595,0.0683755228428859,0.0035854880553235634,0.06837099761123333,0.06846233393127638,0.054957456894664525,0.006953516915668333,-0.007884329920604368,0.04908383718750571,0.0015298106998713546,0.049078131334132635,0.913173571060727,0.06390116380321909
185,800,335,False,True,0.018140650675342044,0.06617450953041164,0.0040284534599335856,0.06616547280613118,0.07611899141080254,0.058332393755685136,0.006741494641710673,0.01387753889804921,0.04592355481657734,0.01988639544372385,0.045918208735524504,0.8830086327931328,0.056633708190509835
186,800,336,False,True,0.020210842483108858,0.06764174037367086,0.0030875158620416636,0.06763888082983012,0.07273136075806806,0.05652216255612317,0.003045176452691028,0.010106966410713847,0.05151702199195014,0.02170698633010634,0.05150517206838899,0.8625901435264802,0.06526242271021487
187,800,337,False,True,0.043590805908236746,0.07020613429186907,0.0013816971250365261,0.07021161581599969,0.07276217567416209,0.05825456540123456,0.014874641697256902,9.71408630357995e-05,0.058610603324991926,0.02420244139637597,0.05860202564650912,0.9609132596791354,0.07321549633820917
188,800,338,False,True,0.0035432409165352037,0.054938170760290145,0.00044016908784223237,0.054939574568072434,0.07707015444047799,0.05691354407473011,0.0014160830244668628,-0.03758732392821215,0.015347810727628542,-0.03491951016544508,0.015335349647423797,0.8502713692563009,0.020391079366638032
189,800,339,False,True,0.02531756826531154,0.06615062035087584,0.0018589585657093925,0.06614307056749964,0.07712150591752148,0.05643153338901941,0.004707654498575279,0.004431143678160952,0.05059217140614294,0.018763859098836315,0.05058348518575116,0.8258193068312103,0.06350727648074744
190,800,340,False,True,0.014900093512323473,0.06014528700335459,0.002526163670383523,0.06017402613225224,0.0879656242033155,0.058285356008764326,0.004032265445250334,-0.005674664767030475,0.04551915570708232,0.002974586103551006,0.04550582312517079,0.8594227405032062,0.05768334925223734
191,800,341,False,True,0.006174939310229979,0.05458347327781134,0.0015978729268968314,0.05458565180575464,0.07738032385970874,0.05361805703960325,0.003790189987719289,-0.01468876263175449,0.04672496769672449,-0.009113574425292554,0.046711732348317984,0.8555945083368043,0.05643678100282251
192,800,342,False,True,0.007268084582893235,0.06284368947869684,0.002698783538613081,0.06284615104351654,0.08160480853198127,0.0637380511749182,0.0044749448072158755,-0.04130056139295707,0.00993627793377513,-0.03617106307295066,0.009924051439067298,0.8522311448503004,0.01372017117927693
193,800,343,False,True,0.001875142470603831,0.05712974711392842,0.0001973402842045546,0.05713072169462497,0.07746875793595273,0.055930213292487325,0.001675258885458452,-0.015837710884627036,0.03793102220769889,-0.014315140504119885,0.03792091822310937,0.9421212637364829,0.04591525183352907
194,800,344,False,True,0.004212217582784577,0.058562580499294574,0.001642807591610165,0.05856064456349634,0.07003446412664628,0.051675129621108054,0.002531922798419469,-0.012332106602527433,0.04175880677686152,-0.009072676422226035,0.041747805757383176,0.8806759103177435,0.054524261298348864
195,800,345,False,True,0.0014119099279869738,0.0527791657706325,0.00029034431361447006,0.05278027254998656,0.07272992764060802,0.05295139881829836,0.0009065572004172679,-0.023160002486181,0.03128419867307969,-0.022238932438736984,0.03127044514927477,0.8646138926372063,0.03798950212463331
196,800,346,False,True,0.0028742659399378593,0.05529786974261733,0.0007134590193292403,0.05529903978160444,0.08162251596749151,0.056840443622553936,0.0033989029269003027,-0.03804067545550024,0.030010830419268757,-0.035847659023912966,0.029998060155535668,0.9315618045887212,0.03724134595771772
197,800,347,False,True,0.005779324101542489,0.057661704475994294,0.0016149969829725866,0.05766285476725785,0.0798944416792097,0.05642468082374598,0.00345021536082466,-0.006497044159516589,0.03581857141311993,-0.005740432652880397,0.03580646006465358,0.9098560124775261,0.043913271946438626
198,800,348,False,True,0.005872892487319504,0.05306596386442847,0.0020424718291805976,0.05306580697975545,0.08135272358932913,0.05729707218556063,0.014812258828579884,-0.036020348798521805,0.016323973501183104,-0.030051160398078317,0.016316867271229968,0.8124727955536137,0.02125747517459603
199,800,349,False,True,0.03273245102374628,0.07790369061499625,0.007963308948583442,0.07790025652653684,0.06771934380884245,0.05772384233822432,0.022796185604073246,-0.014239224579339373,0.0625006857644572,0.008215042405302915,0.06249236053284712,0.9686095983955721,0.08084004305714054
200,1600,300,False,True,0.0016469598512409483,0.05802243224569256,0.0024647753195149533,0.05802436116568369,0.07957166259479521,0.057157459878835096,0.0019829021749644443,0.007025051626296789,0.048185770739747016,0.008518938590796075,0.04817338321344664,0.881273151709888,0.05420428942553612
201,1600,301,False,True,0.003274082566760143,0.06160180298497874,0.002281254009940924,0.06161434085224304,0.0686641681408574,0.05345460934532295,0.0036360800034927836,-0.005933790249929705,0.04687682639536689,-0.0042063068804690925,0.04686986631496566,0.976060115312543,0.05743949935005027
202,1600,302,False,True,0.0014723483929571096,0.061371294868222306,0.0013551092449871627,0.061325606277915404,0.07712570479966635,0.057421253417238735,0.002026907604149094,0.008387335526698812,0.04327289314718776,0.008431130314196497,0.043267458385130554,0.8710229780444232,0.052735092489414825
203,1600,303,False,True,0.006515513511280147,0.06226133148953448,0.0014925377388401767,0.062248589376021915,0.07511864650842022,0.05457395823011511,0.0014470062944915974,0.0014261026121506282,0.04206587701498677,0.004615634246660199,0.042060909201499685,0.8965796459967877,0.05284147214096668
204,1600,304,False,True,0.009506022005872368,0.06359368016473478,0.0022639198208849283,0.06358783510265555,0.07241230403535961,0.051573087347678855,0.0030723855666600517,-0.009128714579478099,0.049319526997743564,-0.006427664821940918,0.04931135506830124,0.8999500762345383,0.06634139700028319
205,1600,305,False,True,0.026991971375228734,0.06371432607745153,0.005253250757103891,0.06370915162566777,0.0762229585046268,0.0591185958451476,0.005120110795709287,0.01313089433570998,0.04769596532423563,0.01974981635889158,0.04768602979434725,0.9055458037429704,0.05513537279890346
206,1600,306,False,True,0.0014326859661674643,0.06328903103223021,0.002263428536198799,0.06328429256273274,0.07901701211441997,0.05722656460341807,0.0015899214814030255,0.0021371906609435943,0.05106034898206815,0.005839039355398005,0.0510545328204276,0.9118983317298536,0.06306369291243924
207,1600,307,False,True,0.01781428301623479,0.06861712132018934,0.05862787996655563,0.06860542976751488,0.07594476930420363,0.058704391593600996,0.004480076586270642,0.015070920588809754,0.05836245332502756,0.06844050338750772,0.058358484380852074,0.9652742446927519,0.07067468641568841
208,1600,308,False,True,0.0006424135248946193,0.059203778305217114,0.0012082652291413218,0.059202725331581184,0.07683833325974349,0.05580753797371998,0.0014374354983262463,-0.00961322630635259,0.041287305487746055,-0.007568738402058529,0.04127543373212888,0.8992432016985172,0.051810751231238406
209,1600,309,False,True,0.004311721893678954,0.06093980879710812,0.053645316957005605,0.06092591716708781,0.07753242073901999,0.05519381934463205,0.0020134201430215904,0.0009529691389707429,0.04708896430044014,0.05595387781210839,0.047074445793839105,0.8939218771710891,0.057946155546570344
210,1600,310,False,True,0.005401292358967147,0.05439765497972554,0.001387631220113642,0.05439602853341962,0.07426947799061959,0.0541715198993647,0.003068092247974646,-0.03214054066670425,0.024065381048178056,-0.028958868578226,0.024053353082051174,0.901660899269047,0.030508675908390848
211,1600,311,False,True,0.006635265245737642,0.06161167183649994,0.00038570801748706265,0.06159537681535917,0.07960136215848258,0.057277971464672506,0.0013623260796016353,0.0012944731371095763,0.048544041145423905,0.006288092977762476,0.04853559168523745,0.8988308198106469,0.058127471976732126
212,1600,312,False,True,0.001721133609372359,0.05712493258446187,0.0019043252718047518,0.057122136279390376,0.0710810245871602,0.053379825131904576,0.0015473630491749523,-0.013595383637302007,0.04209681599229526,-0.010877892811499049,0.042087421000095444,0.9092509329930439,0.05099490152585595
213,1600,313,False,True,0.0014101148526403067,0.06174970119938045,0.0015587701863603387,0.06173763700035626,0.0782815243396239,0.05639209387796427,0.0013887161316313364,0.011381830484171872,0.054496730417885435,0.014193503947424616,0.05448329008052838,0.9607163001623549,0.0648229770030671
214,1600,314,False,True,0.009832344847467048,0.06884796515365843,0.0029928018593164355,0.0688505095268349,0.07456153819519652,0.05324419743017363,0.0030254417119683448,0.011470274152532376,0.06236464398704001,0.015449863363390675,0.062358998861691224,0.902694622278105,0.08115842465471129
215,1600,315,False,True,0.014437980721545446,0.06595960514508521,0.0027392558929460226,0.0659574043364145,0.08759948872378166,0.05904382992284053,0.0038830024763815184,0.006846120252849445,0.05357148461342618,0.011652711159595572,0.05355858103899728,0.8895070901950177,0.06815559532481641
216,1600,316,False,True,0.000977755806544374,0.06053544687404526,0.001467014075966868,0.060526796805043324,0.07302110650487244,0.05336411851586134,0.0019194206748637914,-0.0027140330181794716,0.051926854313723965,-0.002237346314692945,0.05192037600670588,0.9432371652116529,0.06342907978527873
217,1600,317,False,True,0.01453831596529753,0.06390687699411987,0.001601653276430039,0.0639031325659834,0.0799879855194103,0.05654865227425861,0.0029987604618289623,0.011807577380901555,0.05978665950800895,0.016818831598873492,0.05978345940961297,0.8826321544863143,0.07182388903363801
218,1600,318,False,True,0.00018017201154966095,0.05583220689548814,0.0011989449338818436,0.055834261225095945,0.07976058684780973,0.05554532152530712,0.0015449548930833782,-0.014229608069580651,0.040370392911019834,-0.013079891971019273,0.04035570848890885,0.9068541760370978,0.0492076355493381
219,1600,319,False,True,0.005115673693255952,0.06086903301324608,0.003842162698785849,0.06087086715897594,0.08146936102622121,0.06047559365388404,0.00554898974839385,0.009862013821779602,0.04058158100777483,0.010429493098252132,0.04056797879868597,0.9236116187808037,0.04672255092039046
220,1600,320,False,True,0.0038774659478425406,0.059651291907520124,0.0028344650406883776,0.05966582376414891,0.07471245629531269,0.05722800133263004,0.003540251811817787,0.0009430583368911072,0.03599681431173977,0.0033164546163035147,0.03598534616216874,0.8838757640495154,0.04299169929271612
221,1600,321,False,True,0.002290759605440747,0.05956523739634159,0.0014537762328391216,0.05955733191254956,0.07793873879267216,0.056111138590181554,0.0009648164332660426,-0.00841659967083918,0.04534762274411015,-0.004531046893851579,0.045340155434918684,0.937096545908247,0.05433915958246688
222,1600,322,False,True,0.0018099563070735677,0.06165571859571946,0.0016987906347344206,0.06165059590817852,0.07406487518611111,0.05582844694612032,0.0016058928367546216,-0.007679243757449601,0.0477523252968561,-0.003947312983910421,0.04774617319437951,0.9335413986157083,0.057470341740565034
223,1600,323,False,True,0.0023935679793076025,0.05465548450059441,0.0017226518183681707,0.05465205482420518,0.07828842378035972,0.05298655688826678,0.0013106033779760762,-0.011415462593028064,0.050342314697602364,-0.007742576635755121,0.05033535807688381,0.9674550183826348,0.05844906332425548
224,1600,324,False,True,0.0061844677470464385,0.06281607887590131,0.0011265894141559752,0.06281132373179751,0.07433363415697287,0.054556019996581814,0.001221683492974779,-0.0020244898819408385,0.05021305303571993,0.0040055004133602145,0.05020468081230618,0.901271377222105,0.06394306246769299
225,1600,325,False,True,0.003443550002951209,0.05886132938030117,0.0016810281495053547,0.05885961082519334,0.08723416726325116,0.05909919522321024,0.002437250016943085,-0.010659017111153378,0.04264695445828771,-0.005578807375146253,0.0426366080217209,0.9431098628462573,0.050677545627412446
226,1600,326,False,True,0.00441584364539602,0.06574105012660364,0.004181488563836028,0.06574608408463481,0.0815635586069476,0.05555184466413749,0.002131376325826079,0.005575628290087089,0.05479381076534786,0.006285245394145132,0.054780480107375594,0.9014231880804576,0.07042771150361316
227,1600,327,False,True,0.006163334730786496,0.06561182813137263,0.001362284527659057,0.06560373747290427,0.07889329926784348,0.05433439233641854,0.0019959079435637665,-5.1892544622936244e-05,0.05161860268805512,0.0024719699330988947,0.05161100592367085,0.865980078705918,0.06781462112033704
228,1600,328,False,True,0.005158667294284436,0.05578623125028923,0.0004106170000495916,0.055785993313755,0.07684614510713907,0.054199502760353804,0.0011042295579060347,-0.017903498065330065,0.037065578810670345,-0.01509743594754621,0.0370522834021989,0.9308569968008004,0.044969940939727726
229,1600,329,False,True,0.005406146665731027,0.058732817440071916,0.0012504478802841282,0.05872554005559295,0.07305141537332596,0.054851664339668434,0.0010675000279209781,-0.014934664020500655,0.03802553255813038,-0.008553767546359801,0.03802038232140646,0.943532278949538,0.04665903018103612
230,1600,330,False,True,0.0014425743750637334,0.059050221886871486,0.001022812164867948,0.0590457385651416,0.07430725304977277,0.05289507254179255,0.0016520752090468413,-0.0009921695668910768,0.05210265428178992,-0.0004706187159983982,0.05209725104996323,0.9369639322172953,0.06481991442029095
231,1600,331,False,True,0.0023158331571347733,0.05937748814581949,0.001930186774933675,0.059372154328979125,0.07615623620429347,0.05358254186469187,0.01169993945713994,-0.008396866644443142,0.05181468848095854,-0.0036715430699369705,0.051807676102998745,0.9195919883135784,0.06306874186657507
232,1600,332,False,True,0.0015482176788574884,0.058175109672301044,0.0513701935090367,0.05817221394657082,0.07515767898345245,0.0527535695495446,0.0012448908600353162,-0.008115465869924836,0.044675372080168,0.05400309212344573,0.044662416260546324,0.8761388604699855,0.056188717409823286
233,1600,333,False,True,0.04985589415633895,0.06939752239359034,0.00368412545290135,0.06939381329579318,0.08380603988220926,0.05942749755845399,0.002616481142814376,0.0027814553946345012,0.06672278226310432,0.02514142854071926,0.06671479429191621,0.9026710019313229,0.08257774325617329
234,1600,334,False,True,0.0008360452878480805,0.05548743227500605,0.0004889690082928437,0.05548283884800924,0.07314575135377856,0.05415818958514877,0.0009806328521936056,-0.014808566603931187,0.03918230776124197,-0.01437399817829435,0.03917714861163191,0.926533999342023,0.04565957783829061
235,1600,335,False,True,0.019063442712085606,0.06596061569617295,0.0026876067318304447,0.06595522570390244,0.08458148555974848,0.059325377793718846,0.00409490207987904,0.005253862900357799,0.044803933667402374,0.01370709571076103,0.04479327021864776,0.8489640147158678,0.05805316749527817
236,1600,336,False,True,0.011699608014445308,0.06794814325096397,0.0022422435004748036,0.06793946076104154,0.0764718031612211,0.05532148052430854,0.0024527486355322586,0.016842745934261924,0.06278870006277729,0.021795954047942434,0.06278248271745085,0.9183730336156016,0.07956874519464419
237,1600,337,False,True,0.002560043264203736,0.05381668089116458,0.001161760091741482,0.05381725410516561,0.07221517360901075,0.054539064646216315,0.001824048907331098,-0.025873084540993286,0.017761489150960017,-0.025473048028797036,0.017748954537346862,0.851372178266013,0.023000642241007785
238,1600,338,False,True,0.017700580615355645,0.06267187750026211,0.000782943787948428,0.06270439815497701,0.07644143922777626,0.05616342821083048,0.0017262509694696278,0.0038736594743161257,0.04906930635860519,0.013054567349463633,0.04905898807453198,0.9009785439820627,0.061103190637463056
239,1600,339,False,True,0.005381057212877709,0.05568734859515282,0.0034539254386763752,0.05565638334487832,0.08153471040333896,0.05550454232351187,0.0020069636823737873,-0.017098532755345962,0.044949361039295324,-0.014627103876182703,0.04493721502594937,0.908006682328539,0.05320367533462139
240,1600,340,False,True,0.02442695979366973,0.07609553423253607,0.0041851956794631716,0.07609461631058115,0.07340267843668419,0.05329031143687661,0.004934717672379859,0.011743168329510919,0.07014962593428671,0.020249291589213448,0.07013767498217227,0.8871304162866371,0.09286566387461792
241,1600,341,False,True,0.005721512499879682,0.05629233227347107,0.002034080915877855,0.056291065364184906,0.07499313340940407,0.057546153046139054,0.0021165366086298293,-0.03344939838110649,0.011928334062352733,-0.02932620352846088,0.011918798513204508,0.887712952448626,0.01728199363479621
242,1600,342,False,True,0.009415136202052914,0.060032911367464276,0.0012604397315824191,0.06002840972850466,0.08043852375654487,0.057013065432601165,0.0019337232605152424,-0.02313967135972927,0.03693129700906049,-0.0143428676735159,0.03692399437662033,0.927075880451514,0.04671601891966315
243,1600,343,False,True,0.0049676768954096066,0.05901389332034804,0.0024678629890427226,0.059007564432754324,0.08226998873412138,0.05861800205901581,0.002029236354292858,-0.012479165658130412,0.02923442901838186,-0.010372667211439087,0.029227321871440566,0.8415953921992068,0.03666416283990037
244,1600,344,False,True,0.0025401703770533083,0.05638364026805584,0.0005910762201031329,0.05638037453740872,0.07392822547235327,0.055397184790256376,0.0011573120940471513,-0.028697186545605997,0.02044722865370403,-0.026476273432706605,0.02044043288536379,0.846904343640166,0.028038596253401826
245,1600,345,False,True,0.020118454395583144,0.06513669525167116,0.005856045445636735,0.06513429542496507,0.08124033906053311,0.06014753361808201,0.006336608500773189,0.015110807371784878,0.047004248752046465,0.02157527292820912,0.04699257679916791,0.871167007894119,0.055463970624294645
246,1600,346,False,True,0.04465433043440235,0.06686211182499804,0.006427826944426241,0.06685586478935783,0.0755590296713956,0.056390872479973035,0.013007710673201552,0.005172006411788258,0.059749760464425636,0.023466175924219936,0.05974158303286302,0.8548177143933299,0.0727227335524781
247,1600,347,False,True,0.020759672001151176,0.0737424906165402,0.0022981216481439727,0.07373333645784325,0.07396250394187479,0.05629518532769138,0.004382325954593736,0.01860498647576739,0.059617107307350495,0.024520879734758808,0.05961124751322018,0.883424943212109,0.0758273832057953
248,1600,348,False,True,0.002294243933200753,0.05901216249391048,0.0012502301621639016,0.059007226267888485,0.07406944384277885,0.05561087173405972,0.0014918618667758227,0.0002792867851391012,0.05044013343786119,0.004403757465866689,0.050432250724852995,0.9355938666446265,0.05989926298781889
249,1600,349,False,True,0.019908893380935534,0.06779498672190766,0.0024043982112193886,0.06779910127431647,0.07575412770666237,0.058034831305811135,0.002346244815505635,0.012976284294989746,0.05964377273418222,0.022116716864356418,0.05963213100367042,0.9367188601709969,0.0722901820958406
250,3200,300,False,True,0.000795463709383217,0.05656247569908033,0.0012460639656875284,0.056544349550909964,0.08112385561117672,0.05603363054445747,0.0008417015078880033,-0.012712270548404127,0.04076269436068955,-0.010730046847134356,0.040750662965882756,0.9190189076777642,0.049031968334490195
251,3200,301,False,True,0.0008685829104740258,0.06019013294979688,0.0008474636105432797,0.060169549301438835,0.08308650321082381,0.05687784912305691,0.012220268710292765,-0.00350619764064669,0.04489935460304927,-0.003221255489133965,0.04489350438573176,0.8684322024622186,0.05557317851461674
252,3200,302,False,True,0.019097861333203448,0.061413319848424734,0.001178347333977993,0.06141612173924813,0.07814235795811969,0.05549375460706701,0.0008581062858470017,0.005518379704491163,0.05494958433225456,0.014238423741131061,0.05493735799010253,0.9222705061485851,0.06599875647311448
253,3200,303,False,True,0.00806101580442252,0.06523483926033864,0.0002716215425970615,0.06524638206837337,0.07716592923561734,0.05598256556159792,0.0009651924745043762,0.010622766784785203,0.05702879974352449,0.01357276308671777,0.05701557152023774,0.9099037056459287,0.07054020727210025
254,3200,304,False,True,0.0006965580851627061,0.05884931810738063,0.001491592979161726,0.05883410621685786,0.07913262727218182,0.05744731733070683,0.0011724059971866606,-0.006026373311421393,0.03789231471176656,-0.004454499501388286,0.037879808176715817,0.9181489991999205,0.045078770711973415
255,3200,305,False,True,0.005076061584405805,0.0650852379308224,0.0012897153095649595,0.06509181341052671,0.07999307173307303,0.056440577816344505,0.012918358975048231,0.006461428608631562,0.048748528140202585,0.009304265352432613,0.048740330229939274,0.8602682549517824,0.06276731863113144
256,3200,306,False,True,0.0023413437547480146,0.060359496281688525,0.0014572241897437663,0.06035942416955397,0.0741691008911758,0.054329705040644785,0.0021995208101850865,-0.007309424942378074,0.04758310992876851,-0.0023672034216559172,0.047570633592072725,0.9482675114704411,0.05822588337663098
257,3200,307,False,True,0.0005392943403100332,0.06308062685071229,0.0015373756725900638,0.06307791252440398,0.08074870270382466,0.05554388905639478,0.001099508926596577,0.0031167043960910225,0.05165490379511944,0.004722316314501723,0.05164164213722202,0.917979592893144,0.06618095897749271
258,3200,308,False,True,0.060955793221479725,0.06097251769267552,0.0008044904581347485,0.06097043235523523,0.07632430660034532,0.05738312518603457,0.0014053843327062631,0.040965441414106255,0.040978430202031645,0.003656413435563211,0.04097108193002853,0.9048656553547236,0.04923448031558836
259,3200,309,False,True,0.003818968851070295,0.05829066160623341,0.0011965787221314245,0.058292240032437916,0.07447821844030356,0.05413300496518012,0.011194622768134346,-0.013809503455110481,0.037531217021705955,-0.010885117463155014,0.037522689794196394,0.9045516353412303,0.04718388796239231
260,3200,310,False,True,0.004251209094814621,0.06135488732250545,0.0014704117501293684,0.06130282823697964,0.08001515139452292,0.05511620502742517,0.0013796898483624538,0.0022219965335944225,0.05134182133754976,0.00618629175606122,0.05133360834529327,0.8745215973016885,0.0637763985752079
261,3200,311,False,True,0.006074688655789461,0.06202357216529758,0.002100065811289797,0.062014037253585175,0.08044908734716673,0.05810194602824804,0.012974982983169833,0.009915748020976755,0.04822432659934051,0.011904425189613259,0.04821130668577567,0.9058349464878509,0.05666781572765228
262,3200,312,False,True,0.003002394294348461,0.06456413367404588,0.0013785697290461918,0.06455251178587514,0.0745013409590621,0.05564976802506747,0.012444752956108265,0.004767884413175015,0.05357936986773929,0.008114188459977724,0.05357280619986149,0.9228757857434442,0.06619459421689255
263,3200,313,False,True,0.001743259773707368,0.0592882461740549,0.0004819377571489388,0.0592825714255918,0.08001321659139593,0.057050381664611745,0.0011998685609472134,-0.011007424910858212,0.03661047263841006,-0.010409042452384618,0.036597281505753684,0.8935418757272805,0.044983242075526564
264,3200,314,False,True,0.0019719779928629197,0.06116509154153341,0.0020606220337130014,0.061142254337507654,0.07063512720698804,0.05295088213688759,0.002560571709517615,0.00521895800256114,0.0588007831267214,0.005408012026922354,0.05878740820432043,0.9619348690874021,0.07078868904425961
265,3200,315,False,True,0.0014197448885036837,0.0598256516128024,0.0013851384640447507,0.05981784063303167,0.08150139525323168,0.05764784911749721,0.0013886443028882304,-0.0008871750670309659,0.0439052894543677,0.0011697616654917139,0.04389690264438478,0.9349435074569038,0.052398043211551726
266,3200,316,False,True,0.004449213471445173,0.060111238421443794,0.0012083521936927613,0.06010850469770059,0.0791147299927169,0.05662131999117889,0.01271665660676724,0.00019272500703676782,0.04662372975335678,0.0035163335791609384,0.04661214558754068,0.92150116511378,0.05595434055506082
267,3200,317,False,True,0.0012825748579605096,0.060748437906274,0.0016420086020472449,0.06074347699698472,0.07576686384212447,0.05423387542833143,0.0012639989646538953,-0.006481818667984782,0.04747851139508882,-0.003833927425939394,0.047471865748716556,0.9416064339586441,0.05909315537696841
268,3200,318,False,True,0.0016798398567240142,0.059585994045284627,0.0015199508253450262,0.05957025941238106,0.07295641044926839,0.0538389277623115,0.0016771472937556532,-0.0018716912191127704,0.05240648736725909,-0.0011299861331864442,0.05240272523190001,0.9492270146264249,0.06281202894872606
269,3200,319,False,True,0.010621447811266192,0.05985056433747177,0.0004285694397142959,0.05985012321138546,0.07583983595625185,0.05675570322613858,0.0009912303228822006,-0.005954937282949885,0.041803121355635756,-0.0006615016114942468,0.04179491655272244,0.9039409320625765,0.04965620971587825
270,3200,320,False,True,0.0028430518582911856,0.05873395359542512,0.002302212155164052,0.05873296774200934,0.07963459617825988,0.058426352939473375,0.002059439712221742,0.0018298528936026015,0.04025315798141925,0.003658478572185133,0.04024681448431572,0.9152809869100024,0.046583770534646296
271,3200,321,False,True,0.004264443851677363,0.0579780077767248,0.0018329885998529484,0.05797292470640833,0.08367034051978503,0.058264133908261136,0.0029585247316498064,-0.012399853296489407,0.03340730725440949,-0.010019248941889481,0.03340178815082851,0.87670453489458,0.0412114528746943
272,3200,322,False,True,0.0036277605657561714,0.06229824883728993,0.0013428402285633279,0.06229786181768939,0.07576170392521575,0.05541975745642728,0.0011126612809774286,0.006754111437315874,0.05423077621355418,0.010063362995829587,0.05421847051241798,0.9205670854446616,0.06370101863027622
273,3200,323,False,True,0.010938955553452059,0.06162142829799071,0.0024831777437908627,0.061621917962416804,0.07736068439639948,0.05656000253494462,0.0024602542313358266,0.010813039484372745,0.0471103179675481,0.013058066895256345,0.04710042392851307,0.9013692929227285,0.0563343029875773
274,3200,324,False,True,0.010187298107182224,0.06425720433607653,0.0008135346856618317,0.06425977423301102,0.07252992109813372,0.05366822660272848,0.0016963159920884042,0.010232504148699343,0.0572102988902504,0.013025723189294713,0.057196871110298135,0.9181704349456641,0.07117771935692502
275,3200,325,False,True,0.0049117608517396105,0.056930690801158645,0.001248386975428479,0.056914168563607016,0.0772667564736954,0.05543408587944287,0.0006713954913490355,-0.008045625824161507,0.04087791284464167,-0.003198632149550559,0.040871968611114515,0.9114745948582731,0.04932022586663992
276,3200,326,False,True,0.011454637372330163,0.06793136681058572,0.0008387990931625186,0.06793147808401456,0.0776633886879106,0.055735901247076225,0.0013137773635114142,0.014326625171890742,0.057361121819533734,0.017595681614048255,0.057347989000239394,0.8897885737278522,0.0723943265039369
277,3200,327,False,True,0.0011180607039260031,0.05930003087534835,0.00038012330581639034,0.0592985707287956,0.07927469022709198,0.056546611183877805,0.0009558996765531038,0.0010633084259658733,0.045449101465700324,0.0026832314628200482,0.04543659360871807,0.9264072789366348,0.0542706602981648
278,3200,328,False,True,0.01946782032445836,0.06463346473197065,0.0028028465225310418,0.06463087531657533,0.07440955983041989,0.056419242819449295,0.013853524400143586,0.01359619210982018,0.04771688390611452,0.019296109486908537,0.04770456720494558,0.8821113670168518,0.05836684337332487
279,3200,329,False,True,0.0008501646375975262,0.05946145173317348,0.000607621314889127,0.059461215012091506,0.07652160802161231,0.0558603353399974,0.0012046844205208223,0.000490208947976492,0.04259078065731913,0.0003999646492790218,0.04257949548113686,0.9106528777924077,0.05106747181032534
280,3200,330,False,True,0.0014714267986595051,0.06011142180710656,0.00020445768586652873,0.06010714756875137,0.0802757837231209,0.05655437942338882,0.011992945387703643,-0.006632958235642126,0.046357410682567636,-0.00533737761872762,0.04634663582803171,0.9248779870264314,0.05595017974801447
281,3200,331,False,True,0.0002604303076664543,0.05987303523784284,0.00044772708957301863,0.05985350064000325,0.08033029302223418,0.057432313216648614,0.0006853520421926135,-0.0006264735083250811,0.04420610601356572,2.5110116445800636e-05,0.04419362731251077,0.9119775271486771,0.05266846554230309
282,3200,332,False,True,0.004017680438553525,0.06276390134597445,0.0022208221138222597,0.0627498382819618,0.0719589763382194,0.05531020295299152,0.0019746387913828108,-0.002178807614514315,0.04871258670063547,0.002074465370191933,0.04870635039385327,0.9342952592546798,0.05873563570767698
283,3200,333,False,True,0.005348656679840254,0.06091395660542995,0.0009661749585449613,0.060915479185404686,0.07268167030521998,0.05425937733719817,0.0009441563846774744,-0.005666055395597507,0.04293726620092791,-0.004077315046193797,0.04293089972808005,0.9237286683123561,0.053537229931610864
284,3200,334,False,True,0.011874776437933136,0.0603889240272297,0.0011339436939267664,,,0.05482452852276099,0.000812041121309921,0.005618176489211292,0.05613022025271789,0.011646214120333323,,,0.06679919393557565
285,3200,335,False,True,0.007525063366266561,0.06116516498895181,0.0012773386065179184,0.061161740642457725,0.07824132490035089,0.057081120250334766,0.0007193340668129988,-0.0005492337298054078,0.04392512448499709,0.004397164391719776,0.04391630681285385,0.8958004978410122,0.053680243647549364
286,3200,336,False,True,0.00030793871591089155,0.061252526933686526,0.0011648563970884603,0.061253764819336684,0.07724248695077451,0.05544761986469093,0.0019508732178347358,0.0010729288631681983,0.04485225809024506,0.0019607582613756914,0.044839142409581714,0.8692806417835942,0.05659876570936512
287,3200,337,False,True,0.007576011973745439,0.061246220314706,0.001674052561151147,0.06124366188469442,0.07483888622280055,0.05658026389593109,0.01299750527822562,0.007929022479195143,0.045620532382645324,0.010056327552239827,0.04560981220209307,0.874356678660473,0.054437607314769265
288,3200,338,False,True,0.00851585327871793,0.062236960762013765,0.0009231310299159721,0.06223930742090456,0.07542546567769652,0.0562350814688149,0.0013484240148901104,-0.008222244562474428,0.037440484556772305,-0.004829090524171164,0.03742705476610318,0.8744172931595224,0.047423795531757185
289,3200,339,False,True,0.00593032136596522,0.06085095149352349,0.0013192546334841817,0.06085151514233515,0.07381515004201228,0.05358119560808139,0.0015035394890681075,-0.005156197273083044,0.04373586439220233,-0.001659061011299653,0.04372254327550408,0.8705026168477766,0.05640840958130866
290,3200,340,False,True,0.0008425730330818601,0.05958614746892485,0.0012133517278390988,0.05958486473015327,0.07267950695955841,0.05358064647625179,0.0008789965680235246,-0.0008362501923561105,0.043069104363396706,-0.00026095941551880107,0.043058274147698083,0.9017637907790678,0.053606844422363076
291,3200,341,False,True,0.0009088743095612691,0.06045132231227485,0.001535515692025125,0.06045317775425678,0.07265190348841293,0.05537105421793077,0.0012333732110022754,-0.0021975673272949447,0.04583515824301564,-0.001099389685663007,0.045821926639546644,0.9082920520853551,0.05513534446644258
292,3200,342,False,True,0.0005797912358564167,0.059385442952760846,0.0014807790268715445,0.05938019088180474,0.07495064340966831,0.05622770160718241,0.0010415888066519978,0.0008201046401361107,0.04172015295023407,0.002319610258392278,0.041708171598650805,0.908516709012047,0.04954164871354738
293,3200,343,False,True,0.0009886154507462506,0.05706904494868498,0.0009162546888463985,0.05706324221724235,0.08008060275654728,0.05827230762196141,0.0016881284513719532,-0.018655367845620077,0.025117040359310467,-0.018653934859664198,0.02511415353132449,0.9052158158404214,0.030258223521967553
294,3200,344,False,True,0.0027213675232948343,0.0612703040025889,0.0013306156100112573,0.061267760581111504,0.07976637713022337,0.056704227767558874,0.0010984080436938347,0.0009571380737123498,0.043275041103069754,0.0034773320881694636,0.04326250052650863,0.8925843627773901,0.053528193897457
295,3200,345,False,True,0.01704185663110105,0.06333684676288756,0.0023464238606156853,0.06334743760233837,0.08033457436508845,0.05491507577851885,0.0012148786349774321,0.009911993850954665,0.0593366308545869,0.015928113263924557,0.059323308275296256,0.9110407563169772,0.0741555811359842
296,3200,346,False,True,0.006970433991989464,0.06283036269667062,0.0020544929549397317,0.06282856721469775,0.07101767171183422,0.055541281297020934,0.0020634963201250685,-0.0019406662195912583,0.04535883206731604,-0.00023453824507606248,0.045346577392666135,0.9337051027593833,0.05499830622056828
297,3200,347,False,True,0.010633231916756856,0.06449242992208937,0.0031732104439044896,0.06448400073039469,0.06983628892928725,0.05371725493444294,0.0017764018531185762,0.002813147807372459,0.04763388755306565,0.008572430191339065,0.0476263167354908,0.8910259841119273,0.05985707352770808
298,3200,348,False,True,0.01790502659881392,0.06695649168722488,0.0010654639649409375,0.06694749274062264,0.07578280917764568,0.05634207522803824,0.0012358711772982817,0.009901619066212477,0.05075167545313732,0.015544700326471313,0.050747170491047766,0.8954478884048723,0.06395111942970366
299,3200,349,False,True,0.006714393260016529,0.05740295766139867,0.0012736826597961814,0.05741757034607188,0.07899191407524593,0.05590089440951911,0.0008326398798324941,-0.01965607311529294,0.030882771797340353,-0.014541527775370256,0.030877773644064063,0.8972544331627482,0.03958773285030376
300,6400,300,False,True,0.00018610504089581928,0.05938206593375225,0.001082757048836323,0.059383450821194686,0.07469099457350337,0.05433564576033945,0.0004581484977432447,0.0004200904575614983,0.04521213806048671,0.0017782272941855848,0.0451983145780374,0.9149530026187738,0.05484405350574534
301,6400,301,False,True,0.0002192554691467688,0.05867167888956273,0.0011472840190875377,0.05867781828216706,0.07483654059716588,0.05442459345150545,0.0003966195913700908,-0.0021205113764341953,0.04744474321561441,-0.00010694392003220699,0.047437293508601076,0.9241465359431672,0.05685829145627186
302,6400,302,False,True,0.0054026891434552715,0.06296868114477151,0.0007414936136288389,0.06294185670101361,0.0797398367687669,0.056340176784623705,0.0009472436705038282,0.008676734217344273,0.04846810746291851,0.010240177480615129,0.04845666947775925,0.8948601567202488,0.06051699769016178
303,6400,303,False,True,0.00022492262094182133,0.05751453596885569,0.00023149264854091197,0.057530381885605573,0.07465465638077824,0.05472645013307606,0.0005999700494104566,-0.01226708229628981,0.039201901930905336,-0.012313130370335766,0.039189170183080935,0.9615522332460031,0.04709952139678719
304,6400,304,False,True,0.0007533347703953539,0.0616212432494633,0.0013832520611120475,0.061637750937662536,0.07638359812668954,0.05389469566289749,0.0009680761802301924,0.0016584367989821577,0.04888874989225158,0.0025079873770675228,0.048880603665588045,0.8967734667871032,0.06225086061129648
305,6400,305,False,True,0.0005639991299630631,0.05936891472047552,0.001403125704502078,0.05935939650083293,0.0808968919396693,0.0566711015346946,0.0006804848390130675,-0.0017515482490750422,0.046051515959939664,0.00022099066237242282,0.0460474573222804,0.9066749470420564,0.05549619463698818
306,6400,306,False,True,0.0009902193769026082,0.05784711126720224,0.0015364004897256256,0.05785281738294537,0.07710852289933398,0.057015376367621606,0.0006010756936090419,-0.006940425336822735,0.03755179250702355,-0.005005434596400189,0.0375389770878563,0.9266952849040111,0.043827163308557904
307,6400,307,False,True,0.0005484790627571051,0.0608949849638113,0.0011956979632609108,0.060885840562898835,0.07665341832062589,0.05506833123890866,0.0007441961071103695,0.0012309280804602561,0.05051833156170325,0.003360789044138616,0.05051451645953328,0.9355959856871968,0.06119154097587842
308,6400,308,False,True,0.0008397451352694989,0.05890214569229009,0.0014241464739482164,0.05889020529482001,0.07995870250703152,0.054851826817560914,0.011482876270617056,-0.005992161657615323,0.04704125355801139,-0.003876281335586038,0.047034737834980404,0.9186449585102845,0.057922482040788204
309,6400,309,False,True,0.004077724547199492,0.05963079678072882,0.0012822421376827966,0.05963279943351955,0.07723492581500527,0.05616230808184122,0.01204853374824619,-0.0028929056200070347,0.03994113767673596,-0.00041690356906571744,0.03992692355320685,0.89083665271337,0.049113009528055585
310,6400,310,False,True,0.00026362679293056137,0.05715912928919906,0.0011917049975935315,0.05715425799278,0.0802584150664209,0.05654330218783896,0.0004319076007481042,-0.01827264763016431,0.03210942945264037,-0.016562406565547427,0.032103277703285756,0.8911933784111852,0.039734821752117455
311,6400,311,False,True,0.0003271031022085929,0.05958004519597578,0.0011093553886533261,0.059587558812068606,0.07772720098204455,0.05615124903803906,0.0003621242178785523,-0.0011576744468858315,0.04678250151748998,0.0011433001118816477,0.04677030526126913,0.9386143923057904,0.05613946502241207
312,6400,312,False,True,0.0006892499816690209,0.06010972025045914,0.0011891383925734396,,,0.055696492590014024,0.0009117474798609604,-0.000418227560372707,0.042805691345840204,0.0005977804649296825,,,0.052401123914618875
313,6400,313,False,True,0.00020638132494684474,0.06044671475817217,0.0012662701401584483,0.060446341623176914,0.07534022818403024,0.05510674627293397,0.00049131981826761,-0.004172476462619727,0.042342501094303986,-0.003332646062515855,0.04232921195260026,0.8997825536512297,0.05309412103110617
314,6400,314,False,True,0.00234536176115303,0.058752040616127085,0.0012251929172007407,0.05874482128574086,0.07576718661961644,0.05425384123154942,0.0007768168212743405,-0.007665425698962322,0.04611184249429783,-0.003193464328967033,0.04610689725923848,0.9243979394342766,0.056473548129743534
315,6400,315,False,True,0.00026525828049364696,0.06316582829072752,0.0002630088103717371,0.0631665494090489,0.0759610485085969,0.05524008040427142,0.0006402800640455989,0.008898100702507506,0.053614917589543655,0.008928552530912563,0.05360152050959769,0.9410188198976235,0.06552378222054217
316,6400,316,False,True,0.00044857510089471825,0.05812245656068928,0.0006461637005567352,0.05812762045370637,0.07896175597111513,0.05591881372936301,0.000883189965153332,-0.0023400947586291873,0.04002480096508208,-0.0021749836205174513,0.040012685706635125,0.8842343042482329,0.0483130825409292
317,6400,317,False,True,0.0027988516015323055,0.061489157214185956,0.0010014058993148473,0.06148875129154824,0.08105672487841385,0.05645080983662393,0.0010132419375168105,0.005277674132316833,0.04772808136293044,0.00741109963990453,0.047714804541945245,0.8904523032691016,0.05852181655494482
318,6400,318,False,True,0.001945071497229845,0.06070996079940001,0.00045759696113795726,0.060704215459706064,0.07745447758676091,0.055253883951141204,0.0008657554601642192,0.006247108983107244,0.04910028319030637,0.006860878067836893,0.04908978925368068,0.9157261672839343,0.05975227704356101
319,6400,319,False,True,0.00039410984176947147,0.06018742431110382,0.0001297163138223518,0.06018145382612862,0.07690177169732096,0.05552980677813336,0.0006267012510986781,0.001589842205382013,0.04808334993737759,0.0019691758198377663,0.04807614053711205,0.9179412024100909,0.058265996904612205
320,6400,320,False,True,0.00027025195166812635,0.058833837357350635,7.446588688823081e-05,0.05883015650929486,0.07676530106153345,0.05549803953284209,0.0002639815929731075,-0.0013029017620944138,0.043056630756647465,-0.0009908492532968694,0.043049244844750235,0.9144306891689099,0.052225012284572325
321,6400,321,False,True,0.002080224546877239,0.06029365862695563,0.0016768171610501423,0.06027498816807242,0.07294656095966148,0.05356732623710275,0.0014897368529033555,-0.0013849808826160803,0.04711558483958385,0.0007598943111884554,0.04710712381288808,0.9073161645277156,0.0585467351235891
322,6400,322,False,True,0.0007267672747583575,0.06241472734562855,0.001322281421812027,0.062407127433095885,0.07730992839450662,0.055376371228425446,0.000916620789931148,-0.0002700219420129807,0.05037425912662194,0.0022704396498054707,0.050367637113944215,0.9365605890932742,0.0628740565890556
323,6400,323,False,True,0.00019481015537698557,0.06066062939440809,0.0013961992736939335,0.060660384360629836,0.07344485230067006,0.054334789276166855,0.01173167579887346,-0.004606938136346489,0.04542561586856763,-0.0026230804086073184,0.045413884885596334,0.9219103569007062,0.05581774271464268
324,6400,324,False,True,0.00018407294073855235,0.058836366296322856,0.0005675154161057093,0.058839361183309194,0.07895851325699378,0.05602569912396008,0.011316811979483619,-0.008021353075076523,0.038908196458380784,-0.006926799495627731,0.038895766492518434,0.9088418896101826,0.04783381661244984
325,6400,325,False,True,0.0006661711415290415,0.059862383489664765,0.001276994541528035,0.05985883168777387,0.07346783285580799,0.054640277861239976,0.011755840494258239,-0.0011192376415786653,0.04493990283776704,-4.2896511790248e-05,0.04493371836819257,0.9442913157237011,0.054901093764495534
326,6400,326,False,True,0.0014097679268019229,0.05635024532450971,0.0012009429560060597,0.05634584402188765,0.0771624366971382,0.054607153359749444,0.0010212182359662686,-0.01134911416746823,0.04381860697904422,-0.00782370332042788,0.04381181729774141,0.932995008279959,0.05219698602492889
327,6400,327,False,True,0.00042294725240048686,0.05777951346831969,0.00041423994566643676,0.05777444674402548,0.07650348674568043,0.05556785718327169,0.0005997059504380546,-0.007759819061204494,0.038926351545404074,-0.007675718812523626,0.03891382189987809,0.8994196272080843,0.04696079070290332
328,6400,328,False,True,0.00014632800855212427,0.05954889116615145,0.0013385036081885536,0.059543288622273316,0.07487913933453608,0.054113409263293916,0.001146422291308719,0.00314675880584653,0.04749540881035216,0.0038886459683752927,0.04748199016439429,0.9149180093184244,0.05780011794974427
329,6400,329,False,True,0.00412428138852415,0.060575266102832676,0.0011636019101515026,0.06057682536723459,0.0751344468634699,0.055368787294148215,0.0008487594472583833,0.001624108680201109,0.04412367111074403,0.004078920663063819,0.044110567339997714,0.9152304085757368,0.05355484901836022
330,6400,330,False,True,0.0009907399247478387,0.05814151015873779,0.001138757389010105,,,0.054847076531467705,0.0003085652116812241,-0.009753415049439742,0.03755269083994641,-0.008638040835349681,,,0.04613424361090873
331,6400,331,False,True,0.0023224182179258156,0.06147432054101405,0.00011816764390850667,0.06146326526223625,0.07766026177803616,0.0559605001758051,0.0006814257730701833,-0.002333430656981602,0.043618524184998224,-0.0011766253865855248,0.04361267876405535,0.9165546560439064,0.05398910662008022
332,6400,332,False,True,0.0007139843906268262,0.06226848065267734,0.0017200118398331716,0.0622683590374632,0.0735437118118134,0.05324329127323838,0.0013736119366146789,0.0014958807493467797,0.05177123118615654,0.0031867740187708567,0.05175796031980454,0.9045972794352827,0.06469809499630585
333,6400,333,False,True,0.0015788708079723423,0.0600319055099196,0.0016378754544000501,0.06001888470094424,0.0760351383796029,0.056408100020093485,0.0014856084625657362,0.0035300132401493416,0.04218912573104632,0.003620875495024162,0.042183624909777395,0.8895883987402413,0.05083107229672662
334,6400,334,False,True,0.0001546552851060906,0.06025505869888491,0.0011689269630954658,0.060253880673687886,0.0745971045171872,0.054822413589339994,0.0007426844737713533,0.002459668257439822,0.04737482272008158,0.0038499156168766424,0.04736297274734625,0.9293248081754981,0.05705234447577395
335,6400,335,False,True,0.005361752345437587,0.06462606958632787,0.0005305566502342502,,,0.05519407275206377,0.0005640351575435318,0.011058985518153677,0.05250262962564463,0.01186291394185999,,,0.06608380653506007
336,6400,336,False,True,0.0007293608473011922,0.059429631270441534,0.05431434329703364,0.059422925861594394,0.07608864180692673,0.05534160728881637,0.0005409189178663134,-0.005644281050137388,0.042831197085816654,0.050368436732485374,0.0428255959520493,0.9314214741047226,0.051835461664550386
337,6400,337,False,True,0.0019179126009796546,0.06195498646528185,0.00040398122356388467,0.06195905255971476,0.07958551102894544,0.05655073633480947,0.0009656566737789415,-0.0005245556383492078,0.04168490553299115,8.5242631223732e-05,0.04167170807784125,0.8722168818674251,0.05198814260021206
338,6400,338,False,True,0.001079330896251384,0.06075086935274898,0.0013357518282347402,0.060750622118143166,0.07467213382745633,0.05461625983234859,0.011520180590248756,-0.005664630724752927,0.04453801836084836,-0.004240568093637359,0.044525366874375576,0.9020069726719298,0.05520762804301793
339,6400,339,False,True,0.00011744499126511534,0.059942880614598175,0.00045486562369457617,0.05994046455376409,0.07714487010344097,0.05518583348808475,0.0010148042068718595,-0.0009221519365420691,0.04494719435693007,-0.0009773273745797562,0.044940911539449006,0.8939087626970984,0.055457979519541845
340,6400,340,False,True,0.0031223106946206536,0.06224983653973606,0.0012070503302793617,0.06224218643468446,0.07800585065231692,0.05537663391895339,0.0121412728650153,0.003562699606875226,0.05023655652128341,0.0063661065747447065,0.050224135519072205,0.8972310379124561,0.06230656572645693
341,6400,341,False,True,0.00018346041438011617,0.06202078636726602,0.001206050964034403,0.062015042283694796,0.07565772643694041,0.05509000948864664,0.0003033735279117912,0.006725061107327031,0.049741906802709936,0.008182432052370868,0.04973866981905758,0.9045083652202726,0.06037401303262163
342,6400,342,False,True,0.00028259309076910765,0.0626519508772756,0.0013315475940084557,0.06264066439458298,0.0781113083111971,0.054778553971157724,0.0011867688684775051,0.007567125613450711,0.04866558260686823,0.00799013230088532,0.04865842817461626,0.8977969829866717,0.061313872327250996
343,6400,343,False,True,0.0006404711789694689,0.060872615864576304,0.0011809106027864398,0.06086918289824448,0.07546504892388002,0.055264144797042974,0.0008559500208301346,0.006747787323023536,0.04700307328327249,0.007554632429116691,0.04699670447108957,0.9142911945898351,0.057209580869531484
344,6400,344,False,True,0.0002842676604320507,0.058129561638316514,0.0014123466775079565,0.05812880756952011,0.07639580137310835,0.055039998313271984,0.0011389994068087255,-0.0014529810608456106,0.042125030905768454,-0.0001870215847505413,0.042114039547285105,0.9122049015245812,0.05068690394358377
345,6400,345,False,True,0.0019323373546659686,0.06000178835736824,0.002306967508951164,,,0.05850801260187394,0.002118273612069445,0.002491498056567571,0.0393390432009209,0.0028156263541918346,,,0.046732080757979966
346,6400,346,False,True,0.000573798394416891,0.05868067168777454,0.000722176719573449,,,0.05515453990423979,0.0007162981816740794,-0.0082110995478755,0.04788474021697198,-0.008115590074895887,,,0.05716919081577926
347,6400,347,False,True,0.0002938147535148686,0.05948737982633848,0.0014196940174592335,0.059488790656898646,0.07424554499224553,0.05362198195928213,0.0009530029519417277,-0.003372973677722024,0.0482050066535593,-0.0017525295537988634,0.04819918511257768,0.9529468875038185,0.0587319422897401
348,6400,348,False,True,0.00033630651827556046,0.05912566959344551,0.00033434881299617254,0.05912184284274303,0.07651209777034645,0.05604732941271112,0.01157426848704397,-0.004481139858781112,0.0422439610356048,-0.004354059535724524,0.04223736002187024,0.9266017485101017,0.05121171677133474
349,6400,349,False,True,0.002049124572792336,0.06035972664857258,0.00022641754126786508,0.06035657631206322,0.07829859808333083,0.05566900025177945,0.012525963547681273,-0.003640242030639811,0.04319402657853367,-0.0017093616589389344,0.04318380194743284,0.913300537835825,0.05357442231955584
