,n,m,use_location,use_scale,MSE_wellspec,MSE_misspec,MSE_surels,MSE_NPMLEinit,MSE_NPMLE,MSE_thetaG,MSE_EBCF,SURE_wellspec,SURE_misspec,SURE_surels,SURE_NPMLEinit,SURE_NPMLE,SURE_thetaG
0,100,100,False,True,0.02047584860712437,0.07193141727448678,0.00991261563267896,0.07192638639393568,0.07464529289262271,0.07193287884557187,0.010452644591781081,-0.09748447361343641,-0.05103860286543075,-0.08289867293770256,-0.051037911866225305,0.8803028414724718,-0.0396664763468747
1,100,101,False,True,0.09062717705362931,0.058944707392634764,0.002113116698791215,0.05894476186750253,0.090719563074131,0.06238262802574668,0.031241324623946066,-0.1052098794515962,0.025787106667648985,-0.023790696061138594,0.025780075018882444,0.7571319999947219,0.039152731920723605
2,100,102,False,True,0.31018207117186575,0.22016553398739958,0.059906598955192264,0.22016139558127726,0.06975192344547387,0.0864901949982284,0.062431298620548026,-0.07026326129517078,0.06841503801250412,0.05546940126232846,0.068406598251106,0.9655232679296294,0.14719371957198718
3,100,103,False,True,0.1606108184380009,0.08341379578815544,0.004340977328634059,0.0834009002897302,0.08173488064325327,0.06026151771060875,0.024268633687936934,-0.04740161733950046,0.08085077635422223,0.061632024980641145,0.08084098086047944,0.8291785977594506,0.11653148929281282
4,100,104,False,True,0.14322032209912527,0.09974599495022102,0.0416122957016318,0.09973938205067795,0.07564760516630155,0.05687348992371159,0.07535775916565587,-0.051472607292371485,0.07188539977395707,0.008317340843739213,0.07187727944816437,0.7964727235579785,0.1304671176682955
5,100,105,False,True,0.06111102015988362,0.10003540152867087,0.0033744068716575707,0.10002644182148587,0.08323009148856006,0.055732858731669464,0.027700136355807158,-0.03508773484704184,0.03889220238088633,0.018710359739435686,0.038894258082787375,0.6292785728712286,0.08086756002579926
6,100,106,False,True,0.028360785708392736,0.06820204265734864,0.013402570552579506,0.0649747430134272,0.088101829513859,0.06654216968501343,0.037278309711170854,-0.08767338033594392,-0.04215402170000232,-0.06825510035787716,-0.04253746198352786,0.6238032065611232,-0.03143712537592641
7,100,107,False,True,0.03628959663362376,0.05555210109975067,0.007187162522239075,0.055551321041586214,0.08054344598941292,0.05955533550235758,0.01632329434156742,-0.09968631758828364,-0.02416769058405009,-0.05276164488472301,-0.024169899521676256,0.5678560281163579,-0.011114263200664554
8,100,108,False,True,0.1612622515927958,0.06183027840970345,0.022390004651699096,0.061846894658489325,0.07171158291951056,0.06062920776423776,0.027802740546228045,-0.0638204822248106,0.07808126778953892,0.027108936072719098,0.07806497708082674,0.9574384795549992,0.09376179116516253
9,100,109,False,True,0.0656817453053245,0.06947369895782438,0.014275525182513252,0.06947588058180475,0.056757332922246266,0.05505498830499511,0.04514117883002394,-0.08327753590832587,0.028409310403173862,-0.03965892002497579,0.028395492400430697,1.0310287277616967,0.04848316442662065
10,100,110,False,True,0.11165041039239004,0.06467633176078831,0.020709850246071176,0.06467313904494834,0.07697450167961187,0.06058811097251476,0.03647886415660469,-0.07553285326484888,0.02331193815737315,-0.0027285629794359645,0.02330592074738341,0.8348353147335769,0.03982540601416579
11,100,111,False,True,0.13590672962901745,0.06789874057604271,0.0179633069732286,0.0678815116402908,0.10854381547328887,0.05639492047064131,0.03321819476286209,-0.1311168046869153,0.0602886315559725,-0.02487443831122744,0.060283954630001024,0.9165529449213767,0.0945985353245084
12,100,112,False,True,0.09633921447123533,0.06174362637722572,0.00601410216563412,0.06174167141198704,0.08572577776281856,0.062359481522849605,0.03666895221140705,-0.07607054243513049,0.015761506887949892,-0.011958345387354994,0.015749434494066038,0.7582026924995933,0.032449658930366276
13,100,113,False,True,0.06859262536753213,0.05550294521675366,0.0099847709504621,0.05549748183190578,0.08457892180825027,0.06034228690355636,0.018752070653234382,-0.07351973749715636,-0.008141463059124802,-0.035251994617899796,-0.008153614610706867,0.6255405762975053,0.00480265743489483
14,100,114,False,True,0.05269550616015772,0.05489160677526377,0.007997021940608752,0.05489012730015902,0.07894448695213314,0.0505637469307879,0.018662764197981605,-0.0887968519972636,0.024152936421431192,-0.04983343447802192,0.024143355646710277,0.8628945179587281,0.04549447489678249
15,100,115,False,True,0.1292161324233381,0.06690790715988913,0.0037453949104745777,0.06690847692846057,0.06575453759619246,0.05590329208910627,0.030674204865487376,-0.05298079719005957,0.05137756984347526,0.021450089093071903,0.051368597643022866,0.8584338630085029,0.07305883569208471
16,100,116,False,True,0.07586030329579041,0.06044651048182808,0.009283890621238728,0.06045124081359278,0.09696594815268784,0.06041539141385338,0.03245345786127448,-0.04811785735020498,0.02295481391469856,-0.007403082439201826,0.022952313013937412,0.6192796697989099,0.041209133237741835
17,100,117,False,True,0.20716957987026763,0.1290647659105493,0.014253507202393599,0.12902528581143063,0.09166524597496739,0.06480834685681071,0.029586101767571593,-0.09242359127152767,0.08401057434627618,0.06916388924052999,0.08402531967700667,0.9241763736846906,0.1373580278826994
18,100,118,False,True,0.04982471842282487,0.06534861689459265,0.03249595422271352,0.0653465674001643,0.0854660159138161,0.06709296571331232,0.02253831215424893,-0.04797870465456716,0.0041732862362999865,-0.02305604282834712,0.0041607820498225576,0.7703002370714971,0.017731925484788746
19,100,119,False,True,0.02584548171079694,0.07209468446244348,0.005880839713848443,0.07099752552681421,0.09019033103283901,0.07209884787698981,0.00602852745360284,-0.13498611723347087,-0.07205970189451782,-0.1134309299540051,-0.07207988603664987,0.5547637080112365,-0.06123976547282112
20,100,120,False,True,0.048603019695905685,0.07510246348490274,0.006678524928030512,0.07510875746453366,0.07392439737829001,0.07510700886595659,0.02430021812038169,-0.14520649648579492,-0.03455247755525839,-0.09922218018130849,-0.03455497432142899,1.1137065158721904,-0.023889413494012468
21,100,121,False,True,0.11518195012588889,0.06402523082829839,0.023616686160117525,0.06402580409238359,0.07844446156579768,0.049676669867334634,0.02445838417587004,-0.12210840625546521,0.008918493561406678,-0.03732890439450454,0.00890686383133712,0.5801346409911339,0.03965104885267212
22,100,122,False,True,0.034523147123271036,0.05330475640418654,0.022438754821013845,0.053305340798004724,0.08332229183755863,0.05220037098449314,0.02344683472081584,-0.07537216933579416,0.030040250682000433,-0.06307818141359617,0.030028224845095153,0.9097908707103691,0.051676288853319874
23,100,123,False,True,0.07380970547690721,0.05692142297382708,0.0039361163320580424,0.057025332797776336,0.08498593030265673,0.05754929342708346,0.048539460270106215,-0.06268416554113525,0.05790894907254341,0.004227735736445264,0.05790275258215928,0.820316157630729,0.07045196264746784
24,100,124,False,True,0.04471846971241071,0.060844515000687015,0.01069245633194816,0.060843785585371936,0.07119301752405248,0.052036005990674254,0.027066985198821537,-0.1463738801436361,-0.013271035695815385,-0.10208008565489275,-0.013285522157642546,0.7472769198581034,0.01218787518876685
25,100,125,False,True,0.13626206089210094,0.07231097766867749,0.00426391107912985,0.07231656919772365,0.07330138097486627,0.060348515431533606,0.03592392405853085,-0.06460514591612404,0.04355946242503094,0.02244625936855546,0.04354767555615119,0.7342181557309211,0.07032759753990009
26,100,126,False,True,0.0790204060634654,0.06517589475852946,0.010065859545004496,0.06515735790333382,0.06851041065712501,0.056483915569005984,0.030630214719460397,-0.08045273976676295,0.04571498083664515,-0.03207604251417359,0.04570867612614471,0.887291115447382,0.06619040027966555
27,100,127,False,True,0.16102677010156874,0.06829481935020537,0.011301408790913278,0.06828428522405988,0.09393882851829721,0.06627412885520875,0.01564052898152143,-0.11821806542356206,0.021600458151738736,-0.004485634060962465,0.02159306343985378,0.7392139792023642,0.03820786439562762
28,100,128,False,True,0.10915269837922958,0.07202814865860789,0.0459885232239269,0.07202912607521302,0.08574749391237779,0.05773105549467403,0.031280871685484886,-0.052753225379964706,0.03592178922502498,-0.026192286104743445,0.035910413556325904,0.5518559080916797,0.05994449999000295
29,100,129,False,True,0.11989707973661702,0.08292161039383802,0.052942736007669626,0.0828171420001996,0.07573354725412777,0.0545472133981941,0.04664030627239014,-0.05422543617256091,0.08885617633143113,0.11268968600929771,0.08886933891613026,0.8261541072833003,0.12697250658856302
30,100,130,False,True,0.2187090471600832,0.05323607236634486,0.0014381773912224673,0.05323500997781287,0.0808638266664487,0.05370829466885268,0.043015606541923455,-0.12932693871147852,0.05341080845582724,0.006591787382322907,0.05341299918101306,0.9923566719496612,0.06983175723220492
31,100,131,False,True,0.047939170261869786,0.056312810247324506,0.0013298551722117208,0.05631215946289056,0.0821315279108158,0.06044343232845519,0.002628030219880753,-0.13468483853742894,-0.04394782430417664,-0.10035527303532944,-0.04395791031382501,0.5805525126265582,-0.02472795017931262
32,100,132,False,True,0.12869174319885576,0.06888777577792521,0.032686508815074344,0.0688916673037177,0.08890383676123474,0.06727782406963613,0.040502832650747306,-0.020032785767939758,0.06173800448192544,0.02360279560291177,0.06172456008927512,0.7989124288687808,0.07920889150741128
33,100,133,False,True,0.07150700807072628,0.06787054771030884,0.008041337683247319,0.06579999255291806,0.06907540183913566,0.06553646972073877,0.04125482390258466,-0.11246656812447638,-0.025668088239106695,-0.06378487949939557,-0.025778092696764576,1.03352020058903,-0.014636118792211827
34,100,134,False,True,0.06354270370192892,0.051098719195216635,0.0032027714001393926,0.05110166055172193,0.08267673956603852,0.05429420035934225,0.018600030374735108,-0.09397040943480844,0.01597206467613077,-0.046503177814195315,0.015956470840621507,0.7489026509663178,0.03266042995560148
35,100,135,False,True,0.24887981526340705,0.11634897703389097,0.06498416201576211,0.1163758908977122,0.06972612801362668,0.061214055714403,0.017860435934711472,-0.0650361778732725,0.09880482518578326,0.13260724870462337,0.09879163367269649,0.8126008828272204,0.14514986595232093
36,100,136,False,True,0.16122660398910013,0.06937490421073499,0.025896784068949207,0.06938336980878608,0.09411266864393741,0.06459409418993696,0.04745729934598186,-0.06036518793902044,0.09249992427121384,0.02102714579572453,0.09248475587905915,0.8887943891570272,0.11986953265798694
37,100,137,False,True,0.21510612739846735,0.10334400298660924,0.04705586932421347,0.10334417165924614,0.14768175751996762,0.09386345168880053,0.11006932642939801,-0.14131632164033825,0.005933065037431647,0.0017768275216548091,0.005923577223042287,0.37585738651924544,0.03196625528674463
38,100,138,False,True,0.18671959541635594,0.08275285614822103,0.021641759406075742,0.08274217987680695,0.05988280006198054,0.06988585846820501,0.05995202408757858,-0.10379807268234452,0.04230029062496968,0.0036203197674398524,0.04228878898443661,0.9257989825390144,0.05907564184217129
39,100,139,False,True,0.03664951981125583,0.07195989760524873,0.01150634831961305,0.07195626770307106,0.1233426624477251,0.0779149491334097,0.032482611255763495,-0.06897654486518807,0.011824283645363635,-0.035926479008264296,0.011821834275666347,0.9376045271225162,0.024582797271396006
40,100,140,False,True,0.0715117866731275,0.062157225258532595,0.008479294458044703,0.06215018830670692,0.09113120030066595,0.051277836179531154,0.016006996573112463,-0.12900308936666943,-0.00013030251533741933,-0.07228830622109828,-0.00014155511464657877,0.7017299315667325,0.03573448109443511
41,100,141,False,True,0.04145376692532303,0.047879979547229556,0.017097212990349803,0.04788029706352271,0.06686894732461418,0.0474232117372733,0.02324064750554731,-0.09889952813369511,-0.027746214616858965,-0.07794624377017195,-0.027761304644482863,0.5395300749776702,-0.005468108677513794
42,100,142,False,True,0.08361091152193482,0.058065017097719204,0.007995755840445455,0.05803815781525547,0.10640991439013099,0.06422533533582987,0.03545103497857711,-0.11496189964973841,0.00036682819384999734,-0.051403320440409246,0.0003534729044710616,0.5202793919573638,0.02665224069770905
43,100,143,False,True,0.04078300453990381,0.06919817925435051,0.019857613145711845,0.06920051734558084,0.05781702364858755,0.06146328919732486,0.025949010397212202,-0.15015699962406923,-0.027060837937751502,-0.12923464313253447,-0.02707663966371847,0.8254926149941751,-0.010437465629993758
44,100,144,False,True,0.12996324669863105,0.0893199559198632,0.015469105853740048,0.08931986648148087,0.06701566546965924,0.05248501644047247,0.053652203967521975,-0.02402186126911108,0.08129567078624689,0.043878253880725825,0.08129300337022159,0.8021155214773806,0.11658751507587817
45,100,145,False,True,0.3978331202784256,0.16635787751318112,0.02409737752407318,0.16635323682767683,0.11108527353606926,0.07835932231831748,0.02776182031082975,-0.1783217353618549,0.0587056295169014,0.0842285957364944,0.0586936332786987,0.6581841639571246,0.12997062985748353
46,100,146,False,True,0.04050380273036378,0.056852894224010825,0.016786310875987465,0.05685334634097829,0.06251203125232299,0.058532561907257995,0.03097928733801735,-0.059984666312110246,-0.027002978781790147,-0.042077471452543716,-0.02701616097508769,0.696557110146809,-0.014015235714123775
47,100,147,False,True,0.26149054918522974,0.10795604415559237,0.018246407180706803,0.10794450336631294,0.08094246416818994,0.07339517151309415,0.03760260930109791,-0.09422226852856014,0.07517217993357356,0.05994420110564915,0.0751771147772569,0.7845589870198366,0.10474551375476304
48,100,148,False,True,0.04779677002497693,0.04895491028793205,0.0028488977268298827,0.04895198186204681,0.07941979059832334,0.04694506363285418,0.011409268460978138,-0.06062924305332942,0.030454181188420578,-0.02323659349818413,0.0304413519552039,0.7561661309487789,0.04951949136214884
49,100,149,False,True,0.08563105635825576,0.11652522066042655,0.0695419392062558,0.1165256160528785,0.20319848504676993,0.13034920384664048,0.09264918593832325,-0.08641738573180771,-0.02838867141938721,-0.06784430026439664,-0.028387257685769853,0.44359163486828446,-0.015236958998507522
50,200,100,False,True,0.05420729620221842,0.06209265355074907,0.003100885595695405,0.0620943808092326,0.06960756038256051,0.05940337365529226,0.01673730278403491,-0.07160221903146875,0.004068008798310885,-0.03667015421153404,0.00405596642489769,0.7813476257134103,0.01555434480901724
51,200,101,False,True,0.05508376613773065,0.08985317162556258,0.01994166722782474,0.08985427089486638,0.06756120352183959,0.05297293831899887,0.02232555628618399,-0.015199758945863309,0.07433705905850822,0.006036771953512123,0.07432539774173975,0.8344178399166373,0.10927431685296934
52,200,102,False,True,0.08352127642255275,0.05780067172756936,0.008281548205987928,0.05777156505743373,0.08261320630089924,0.050057995138864705,0.032531313757604895,-0.09568028451086229,0.061142035425221765,-0.01268777339370868,0.06113003609451191,0.8947694717149632,0.08742649315421691
53,200,103,False,True,0.08823248597999765,0.062499404896961604,0.009524044044888526,0.06250385206550897,0.09473900349999026,0.06419297831118008,0.010178400344906007,-0.061832815655796056,0.03829099285437849,0.009129708683151638,0.03828669024891042,0.8284072870514592,0.04807611148207663
54,200,104,False,True,0.13635010960173197,0.08120763043221142,0.0017361582746806001,0.08108416181606425,0.07855552729729662,0.05851235525179618,0.03644380818925256,-0.047175485260912836,0.07624628114698076,0.03964787285051334,0.07623898025389422,0.8582018646048829,0.10538327237880846
55,200,105,False,True,0.05293471863411491,0.05294958878055731,0.0032103322276461257,0.05294904388359627,0.08020371952451458,0.05171770286879206,0.018329664177051,0.01766887038727484,0.017657572167019,-0.04968171209124675,0.017645024489168434,0.72274129760078,0.032934875440885414
56,200,106,False,True,0.012437824568315934,0.05262658880757111,0.0026757582908909974,0.052626579013984626,0.07182983462625953,0.053658892332361284,0.006082995538550734,-0.01628756137303746,0.030566849179722484,-0.005018391860138936,0.030567737089449595,0.9359544342433105,0.03966826957758368
57,200,107,False,True,0.03422154661069459,0.06385844511155415,0.006888157745733875,0.06385459378003878,0.09980666898992638,0.0687061681398212,0.013243251390695682,-0.06726897450293101,-0.000620491240702492,-0.04112640095899359,-0.0006329896571214989,0.7949749695079115,0.006728845033040776
58,200,108,False,True,0.0053760478672351866,0.05448830788358972,0.0024626525692450904,0.05449131543729712,0.07933527723660154,0.05545597573218907,0.008906463803944099,-0.01780169246188788,0.03142577973642539,-0.01166362299160681,0.03141865824580634,0.7533534796798398,0.0422821621387679
59,200,109,False,True,0.016058196752417916,0.06698420998747427,0.004940567659715394,0.06186349955929167,0.0964237133905244,0.06454181514373333,0.013629476754168174,-0.08477652253369283,-0.021363184728023014,-0.07390583922336719,-0.02186347976254865,0.6984481410643724,-0.016342721221116407
60,200,110,False,True,0.06896281164794517,0.06541809359039369,0.006769215762659894,0.06541371577373199,0.0704791398811742,0.05034888571062688,0.009226999594914315,-0.09085318456940937,0.012003753549426932,-0.05614854669299524,0.011996884588591428,0.8313977215148697,0.03761339722564161
61,200,111,False,True,0.05675060722535009,0.05674951211624773,0.00569586834857408,0.0633274123087183,0.07923126848008183,0.0592256765362077,0.02220701883533569,0.02232243799715007,0.022321005209091995,-0.010038574987750244,0.024146701730602516,0.8823536044893743,0.028287799431300775
62,200,112,False,True,0.10598158826032535,0.0919315688143492,0.021278678017967838,0.09193351981502813,0.11500565729457383,0.07883343906776988,0.030151129971110614,-0.007244479176858641,0.05346829196032786,0.04316033660713236,0.053459885293262774,0.8362392789348547,0.08570366687494174
63,200,113,False,True,0.03885356745473288,0.06433858622509488,0.007526122453062619,0.06434060575582386,0.06453791261472723,0.061266047973340745,0.012898468852146763,-0.0609377689662804,-0.0017919928372604943,-0.04390357392444373,-0.0018035744563293576,0.824073720805777,0.0077367849197435
64,200,114,False,True,0.10725773770148868,0.06627404744958146,0.005761492749069069,0.06627742644477885,0.08004334251973176,0.05662017403038276,0.022386399433295505,-0.01779413355841583,0.0428990806323818,0.027376237537243418,0.04288594485413128,0.7459088557732825,0.057727602987248106
65,200,115,False,True,0.14625673548655815,0.08933512821740036,0.020113781618904793,0.0893246189096743,0.06562775386951547,0.057841054930655146,0.028461805795659968,-0.05542133537546851,0.09965766199783978,0.028395082391770573,0.0996535594146308,0.9784537995126182,0.1313480460540975
66,200,116,False,True,0.0633133394665489,0.07366565813986865,0.019893731160398328,0.07367847396745261,0.06774906615130025,0.056407871233766275,0.023785330112856693,-0.10700363317426927,0.03439546359776323,-0.06478984871917134,0.03438616767303827,0.7622241334992564,0.0563527402120339
67,200,117,False,True,0.030087324229595577,0.0716368831280915,0.013562149864703317,0.07164492257079794,0.06641368437043185,0.06936481376547679,0.029400733609038422,-0.12480095264362373,-0.03326414159247357,-0.10893138312582004,-0.03327465794347027,0.9583821048319365,-0.026027441491607628
68,200,118,False,True,0.11354725665597024,0.09980194198339923,0.0263917560497029,0.09980949026784172,0.07238741105259919,0.06745239140796846,0.03613175700978591,-0.026045297558748973,0.06719093024969311,0.024037027713241538,0.06720242780165755,0.932333159015165,0.09386724689753684
69,200,119,False,True,0.1350072885102228,0.1238268337704081,0.016033540099231258,0.12379156147129079,0.09392473562925768,0.06642524411685731,0.023490665643598672,0.0015377650045400849,0.07735042086794323,0.07647006228872759,0.07734306160114607,0.7343946650154678,0.13173374232348345
70,200,120,False,True,0.011456135801874847,0.0596244948995081,0.0057704439606138,0.059635265238043356,0.06533869463253607,0.060886535208336603,0.019030665967554504,-0.051025906577308544,-0.011650561819780166,-0.04763464407535077,-0.011660927075717639,0.740005176664141,-0.005552218170352563
71,200,121,False,True,0.006858994444486451,0.07806728410354895,0.0038746757094568936,0.07803443701594985,0.08538279911177074,0.05504103325264429,0.011098644975455402,0.007939044698269011,0.056634973358921176,0.005077953549752796,0.05662319556893195,0.7916778630640148,0.09283718703811306
72,200,122,False,True,0.060881845175793196,0.055012004604418525,0.0060252858169493806,0.05503397051642824,0.05556519114271964,0.05166855317465124,0.01081208124999697,-0.07564110820021233,0.028677914242582574,-0.03004850118208372,0.02867168443373302,0.9648114408977629,0.039054230267461965
73,200,123,False,True,0.08201003944020151,0.06894044242767886,0.012311534565883917,0.0688855792604245,0.06789689188573765,0.04646997153980857,0.01777240458234421,-0.08532014557430158,0.02593465106394241,-0.0513556215532984,0.025922752065830182,0.8214749565760404,0.057628668436489505
74,200,124,False,True,0.09339407778440155,0.06237899509464123,0.009321706546017043,0.06238008043871393,0.07209521797194322,0.06201919626032956,0.025054680584088433,-0.10177151141087201,-0.01972673373137269,-0.04382646072803132,-0.019740000491257136,0.6903515501678151,-0.010438775939981326
75,200,125,False,True,0.045855146395933154,0.07184899362832725,0.00682627554910192,0.07179657594416518,0.0730979559644112,0.054948196255616776,0.01533048129187399,-0.0108295469017272,0.06286194619464276,0.0241423502929524,0.06285558134878208,0.8240982500108174,0.0847960673043916
76,200,126,False,True,0.13314458356947673,0.08017432435169695,0.02747738740908924,0.08016175374547105,0.1000872607806652,0.06648971400423746,0.03226647275235837,-0.017013695065073726,0.08538998619764555,0.041876925706915674,0.08538439385723975,0.9324005365739109,0.11146768783954492
77,200,127,False,True,0.043074750710201615,0.06278130061201075,0.005092420850589521,0.06278354131096153,0.07714796547793946,0.06278355339384058,0.0050040182444840075,-0.11419599701372196,-0.07070476011161582,-0.10505316857775655,-0.07070681704668566,0.8500799933934428,-0.06497594754050728
78,200,128,False,True,0.01451508274133586,0.05870273352804812,0.05198318471354637,0.058697335839833595,0.08582951656363927,0.05563772143360715,0.005980386011762618,-0.009153873432328223,0.04170131574443545,0.05171867732418635,0.041694111934303994,0.7422081237769711,0.05804301288928587
79,200,129,False,True,0.053540491360592496,0.09095932456642267,0.018135079178610104,0.0909492277111627,0.06738310117661832,0.06217061400368217,0.04500518405823617,-0.0003575191442502401,0.09679477726803043,0.03936778804590701,0.09679872693483489,0.9658090711948648,0.12220603216320253
80,200,130,False,True,0.029378376693931743,0.05750208083146166,0.0027319840753668567,0.05750000433102449,0.07813899140315445,0.06087109621983214,0.017483859173210027,-0.06553107820209371,0.013576038653145304,-0.03371713389301944,0.01356269602841067,0.867143453842343,0.020450753844004244
81,200,131,False,True,0.01957533609029484,0.0621923000305982,0.009883095848933638,0.06212328671325155,0.08215108178910707,0.0616678892414929,0.01350798557850702,-0.051862034548158284,-0.01360100788002896,-0.04009676336080555,-0.013599166404417318,0.6941173801169165,-0.00821928654939763
82,200,132,False,True,0.10956815333813483,0.07195674553177915,0.0064340335694015,0.07193583366256984,0.08268211845935505,0.06206348888044959,0.014373157662516903,-0.03720655514421994,0.059572219396456204,0.02229548981117717,0.05956043815951517,0.9260671541163689,0.07548803114249214
83,200,133,False,True,0.1106578020096875,0.09691046450382085,0.009087940086238967,0.09690934188572822,0.06580238253574061,0.05198406098218048,0.023780726665676415,-0.03864502236666081,0.059221963380830335,0.01707557816383354,0.059214848181785275,0.6933628764039534,0.09393284099905674
84,200,134,False,True,0.028996329666358248,0.04768964475420491,0.004938197995102777,0.04770841780024349,0.06828483327578148,0.048632183423743,0.011737029291427415,-0.1064282420636085,0.002999461914556889,-0.08163483581232014,0.002985662686565931,0.8356038748386513,0.013127916605277401
85,200,135,False,True,0.20172806787033032,0.10501489523627472,0.019827057404744945,0.10501484443048179,0.0823369861885078,0.06050177538228145,0.04418592454840995,-0.03159215318465629,0.07613357688710799,0.05090071947399645,0.07612113887346077,0.7321659912389481,0.12009841674469324
86,200,136,False,True,0.053823919988410254,0.056469385125977815,0.007760416708485672,0.056463509447642064,0.06557617014315295,0.051899985918263135,0.009604152826074415,-0.0791199700603414,-0.014095089388358914,-0.03849718109849102,-0.014102862506567747,0.5569650342463873,7.997966448658467e-05
87,200,137,False,True,0.0312023381842215,0.0660361894646824,0.012250700336124408,0.06603992688566508,0.06728837036545551,0.06410180692697934,0.022219609010237663,-0.04114205644175867,0.004707802273241981,-0.019893924368606365,0.004693400888589281,0.7547732158418557,0.012341138023661768
88,200,138,False,True,0.05675686642623539,0.06135215602175988,0.0029667473808868304,0.061353247289133155,0.07699696838281776,0.059654550491886796,0.027583003240859168,-0.04405602990216034,0.04276849613253788,0.0001956060299443374,0.04275677922151104,1.0006641337435163,0.05310124649816128
89,200,139,False,True,0.10240687119384187,0.08088816091227448,0.005254675511776039,0.08088178946256103,0.07096961620240162,0.05231844202549205,0.01272087552628715,-0.05583113932936023,0.05678794350756213,0.008568193147730482,0.05677578245497955,0.8381838536107091,0.08812991405267417
90,200,140,False,True,0.03375430970426398,0.05777937021646279,0.003562259107621285,0.05777919880335917,0.07604319138856995,0.06058262459091445,0.016725757215530056,-0.08694025751629444,-0.028789421183820354,-0.06583161231555465,-0.028800729523155582,0.5413446566046417,-0.020193133864051582
91,200,141,False,True,0.08883609643475962,0.06745517321569765,0.005541337401003965,0.06745823257533183,0.0805609129610134,0.059892852741588225,0.018950622855546426,-0.022238142559952205,0.048334182677771266,0.03180172554585036,0.048319916311730965,0.7653194158992908,0.06391518908471827
92,200,142,False,True,0.030830584563384902,0.05623941451400771,0.002535030047789013,0.05624083885812606,0.07188727837358166,0.055107499548583794,0.006124337085854503,-0.06235585230629873,0.03200136239196844,-0.028894412927093296,0.0319894360971611,0.8348144051799363,0.043510128684079996
93,200,143,False,True,0.018308409775590753,0.052421586651580296,0.004449672556931,0.05242069447125753,0.08254168028569746,0.05372351512871933,0.02873670792139645,-0.033259154676807595,0.03565425432101819,-0.013646299518781902,0.035652477483224206,0.7670306832814099,0.047697388838453425
94,200,144,False,True,0.06908711811013366,0.07042367206484089,0.017079323902696248,0.0675550909794549,0.08459008728708942,0.0691260980885967,0.04162352892327917,-0.05502398808321244,0.0037338189655926612,-0.015417813961051614,0.003594228388404659,0.7200637751714709,0.00899853124693284
95,200,145,False,True,0.10171446550875547,0.08045678173299162,0.046805137097699644,0.08045544363217903,0.10520520359374717,0.08237766528911795,0.05752347853127049,-0.06998516169412966,-0.01704215963343522,-0.024890666231518758,-0.017043775769421572,0.5812983601733914,-0.009877944017789964
96,200,146,False,True,0.02792004209543632,0.06611805933904794,0.011378312389161422,0.06611701312146472,0.0735544314435152,0.054116697343702974,0.012603060657428205,-0.07363556286058065,0.015552719613236192,-0.06969687111882969,0.015539638947020791,0.8399090092367751,0.03451137162316581
97,200,147,False,True,0.03735423069994782,0.06067609981647703,0.007771714366650497,0.060677588231795504,0.08984868996987426,0.06475160746098338,0.010192651356311162,-0.04075928896361195,0.021469198086805294,-0.01979504976148167,0.021463369234087894,0.6970546457802727,0.028962859783525363
98,200,148,False,True,0.02884268304279571,0.07193189272695241,0.010415105142771703,0.0719312897479413,0.06934457638798466,0.05515147226300358,0.010367047564992505,-0.016163424338327195,0.06890311565347723,-0.0008635051821691464,0.06889188175696255,0.9847225635301373,0.09238433932672097
99,200,149,False,True,0.029167714359115957,0.06534069846380545,0.011618306159731508,0.06532678813838616,0.08949225775428943,0.06858995548635251,0.021653641389873985,-0.06317867224520647,-0.018309205262619487,-0.04619383286423617,-0.018313686107747813,0.7175114971919867,-0.01246936663948739
100,400,100,False,True,0.04318644790482356,0.07117034571636999,0.0025206380803436805,0.07120601951153649,0.08512054647598744,0.06037789603218654,0.010250602920519786,-0.01057080844071887,0.05011332711200403,0.017414248414789214,0.05010173212594147,0.8961061817890176,0.06956648591252962
101,400,101,False,True,0.009479084837611175,0.058506240746565984,0.0020817911707563586,0.058500380834328534,0.08092474353563514,0.05832686245706852,0.01526689238570099,-0.0017102765382817097,0.04366544177537364,0.004637972697746389,0.043653890163444016,0.8620395600434319,0.05276071336440247
102,400,102,False,True,0.04725654735502869,0.05862164502858486,0.003821101919921807,0.058619506892749744,0.07334896106447028,0.05647688476060403,0.006841642894768454,-0.02139618417505156,0.032978296406546405,0.004260082318597842,0.032966166960951566,0.8522586459812811,0.04025796420885086
103,400,103,False,True,0.057015505650861054,0.06430392306394085,0.001139356803978543,0.0643006923265167,0.08163440741186473,0.05804936634901274,0.0032246895361139278,-0.033749608021641404,0.053498439240396184,0.007826983752964166,0.05349176495821503,0.9040326202194936,0.06850668408029825
104,400,104,False,True,0.05364247107696722,0.067606209092133,0.004979029096603369,0.06760577527703644,0.09699742550790841,0.06418940416639733,0.014857710146922349,-0.017138224875944814,0.044092711972133006,0.008604621566992,0.044079265953801045,0.8779249675548784,0.055957807771957246
105,400,105,False,True,0.06721799311504605,0.07832440602480052,0.006035923821633933,0.07832530894714805,0.07572490323171675,0.05624485518513576,0.010164951035584829,0.018204168130411744,0.07432418665331866,0.038982488776501054,0.07431398561800592,0.8643034253527293,0.09765547853918732
106,400,106,False,True,0.05372509851475827,0.059232724758398074,0.010678967130280617,0.05923687511270865,0.07137363909893947,0.05526862654491221,0.030788645632080808,-0.02760134787311658,0.017874019308429825,0.0061353113576569345,0.01786164069855637,0.7870837393665951,0.027057503479296252
107,400,107,False,True,0.09020680636156428,0.07660929371484658,0.004101237693936805,0.07660747199593881,0.07926701680918204,0.05880863027457952,0.006321451403984905,-0.0182550349633219,0.05906661774511534,0.03831912034612859,0.05905501488304893,0.7255657026824219,0.07999651890577747
108,400,108,False,True,0.04520708339303268,0.057673835577337226,0.004267066207139553,0.05767604938885285,0.06538661225417478,0.053028984382032816,0.009283685591650367,-0.0926205566521007,0.010481440657018837,-0.05965161979819396,0.010468493805003903,0.7893041195589384,0.02408339818281463
109,400,109,False,True,0.06523521760436009,0.08913894572817642,0.005669008772635414,0.08913911852622813,0.0821787805871679,0.058449128916627305,0.007609632804747868,-0.018791562186462715,0.0351976560700399,0.013301884496654101,0.035195256823166335,0.8033925354084781,0.06521974279211762
110,400,110,False,True,0.012888146665677978,0.06383737526175275,0.010052442921652194,0.06383108665979274,0.08997640806590942,0.057760339348724404,0.011638187041858563,-0.010932709126341285,0.06449476858397077,-0.007673779822317646,0.06448188803323625,0.9354005111911999,0.08209869609309123
111,400,111,False,True,0.0006466837713449667,0.058916684750475457,0.0014159906596559397,0.05891433801594706,0.07537806004916862,0.055050957242625674,0.0008708496263083471,-0.006450769875177136,0.047277973404200396,-0.004504215696339574,0.04727130072824487,0.9173599277196112,0.05978407928269375
112,400,112,False,True,0.07974704515026901,0.05889375223213854,0.0029811511676027806,0.058893745733596646,0.07209631816641501,0.05422154382463554,0.005252179114494367,-0.06244565345163947,0.028056281096767464,-0.021691077197715136,0.02804368473827587,0.9009205327543003,0.0385437844961638
113,400,113,False,True,0.07589212847189007,0.0598153151436507,0.0015921267991747565,0.05981549763374775,0.0669088824070591,0.0540180931975154,0.01445023753658065,-0.04899636337915105,0.03703293859902182,-0.005989858077922226,0.03702030152108108,0.9106750508397726,0.04733702665785794
114,400,114,False,True,0.0325185011744461,0.06210568563452334,0.0010326205731256786,0.062087428140101354,0.0815941036553212,0.05613488236761837,0.0029963391887230535,-0.04210276203732859,0.03447002004542981,-0.01203220579997009,0.03445776811963768,0.7439201434333313,0.050348354802018436
115,400,115,False,True,0.02289634292091197,0.06662151852953618,0.005488297679249065,0.06662216659607301,0.07593184188705282,0.05833265301802032,0.020613780678392174,-0.010745768961609116,0.054849448093130276,0.007528728638298288,0.05484453092733034,0.9406173398130536,0.06978677738591849
116,400,116,False,True,0.006945144781959107,0.06133016734594567,0.00117139578550682,0.06131102294229167,0.07944398323394618,0.05373677456641354,0.007079251565043673,-0.00806928630293777,0.043436618478535964,-0.0017581349092991717,0.0434241658574733,0.7496982836686502,0.05882117507411139
117,400,117,False,True,0.008968223236087914,0.0551893852115606,0.002316504791228438,0.05518497964462675,0.08891261143609959,0.06066904098108531,0.006900378792531565,-0.030621413874073387,0.028037882680888943,-0.020102809451271648,0.028033615460035435,1.0674155158919776,0.03244304530459646
118,400,118,False,True,0.029797363834759897,0.06308859176708281,0.0009423858726321426,0.06308472634528434,0.08121605888837301,0.057341166358272494,0.004067689939368565,-0.026829781183224398,0.05203588229424838,0.0012076238435967347,0.052028558684356484,0.8003493455079794,0.06755223672707078
119,400,119,False,True,0.052549246388134845,0.07360949355439261,0.018978589278953524,0.07360942318903044,0.10988913737501362,0.0770161175271814,0.018197104996971504,-0.04961476722549816,-0.0034381161103361536,-0.02905633123231261,-0.003439813555994675,0.6598943359244354,0.0050110397715872335
120,400,120,False,True,0.007692490558862196,0.07796878886028885,0.006229135189675633,0.07796909147779571,0.08366016544333156,0.059811853861900854,0.01235680142370692,0.03784199799957665,0.0589649379237207,0.039454627685995336,0.05895267589971546,0.7878696362826849,0.08001459396655541
121,400,121,False,True,0.01872070830222914,0.06553988052250509,0.0030170168889844594,0.06553677835826133,0.07064518140965521,0.054729103467656574,0.01681213722070809,-0.005091139271420146,0.05510529559568042,0.009168611672238211,0.055093932061735275,0.8904180578168405,0.06810842121119642
122,400,122,False,True,0.048166926184475926,0.0715603322793238,0.004819000823586903,0.07156227066229014,0.07179425961941802,0.05857493466974919,0.008198503369356964,-0.008915808836607806,0.06684078407577893,0.022775974532402862,0.06682936274684131,0.9553363343053163,0.07836742697492038
123,400,123,False,True,0.0069635922832315756,0.05438363478166772,0.0015196836227980093,0.05438420007803016,0.07134803162165626,0.05649464497040468,0.005591426876607464,-0.06884552997309722,-0.01445916330271956,-0.06131283629569955,-0.014471710015364608,0.8273124477005028,-0.011088262052045328
124,400,124,False,True,0.0333822430580378,0.06352928735166262,0.003541517036125184,0.0635220933661751,0.06811191483820708,0.05647352402887198,0.006803193075881138,-0.007166738743571326,0.04894062993821969,0.009198009632783144,0.048935290198586334,0.9067120544888075,0.05777826411734449
125,400,125,False,True,0.021240716247358956,0.06316393664399628,0.01326895150846549,0.06316583959513479,0.07372283432130625,0.06404847532565149,0.01926949655146375,-0.003695700935572619,0.026074145987889707,0.00116415100685466,0.0260624502668918,0.8677734678668358,0.02921065324068728
126,400,126,False,True,0.012555299206386395,0.05597582186247419,0.00180223350739312,0.05597646516343018,0.06880284999240342,0.055799710194604876,0.0030934952699643134,-0.04733600932672444,0.005779761658357501,-0.03694960296366153,0.005767679923054914,0.8020333039231593,0.012715658185888712
127,400,127,False,True,0.00792990118578178,0.059159491563181496,0.0020232556783425105,0.059158886469583345,0.0820734046405146,0.061281387593594694,0.006606756788027644,-0.025337329080840725,0.026668528834131566,-0.01767972301396644,0.026657334090587667,0.8395072303365335,0.03265965581979058
128,400,128,False,True,0.01665172006604907,0.05531682605510552,0.0024900779505464547,0.05531679451098028,0.07880782281682693,0.05324147517721728,0.007579585085511863,-0.04163060129516195,0.03984123264569895,-0.024385505208220536,0.039828944484308765,0.930377513895644,0.05129709388861581
129,400,129,False,True,0.037565979275156376,0.059769322096092106,0.009942485549753301,0.05976845708216953,0.082665582571793,0.06088671392682762,0.018446192494893324,-0.03248305636400953,0.00890257898540618,-0.011350144722465125,0.008889629990183395,0.7180688341754221,0.015807922992784273
130,400,130,False,True,0.009293781038424771,0.057421050921115026,0.0014397087946007505,0.057406899689977246,0.06929285514457563,0.05286801627202361,0.003963584665519754,-0.009450979057566332,0.042896686159137686,-0.00013711543119616644,0.0428828577268429,0.9319048824268134,0.0534401079577041
131,400,131,False,True,0.008564152799776861,0.060312146663804155,0.0072324795412972934,0.06031697136397178,0.06319880599611966,0.05433206544926636,0.008859774205280203,-0.013743497641400164,0.051645345864401976,-0.01187729327210041,0.05163281744357619,0.9252217686951024,0.05958335848480478
132,400,132,False,True,0.022706388168634826,0.06748742652161278,0.005932619284608468,0.06748859227906404,0.06368244216749576,0.05761180918661367,0.012260367499308734,-0.00877881909352975,0.03714572511030156,0.002093736122434884,0.03713355970373769,0.8353003405872554,0.0487320399441335
133,400,133,False,True,0.011614043630142725,0.05588840732878948,0.00292975805736483,0.05588690163649195,0.07774853910677906,0.0592019214575437,0.00401560371237061,-0.08446549099613984,-0.034048994969658256,-0.07740677881131848,-0.0340601273718427,0.80755302489296,-0.029420176049003988
134,400,134,False,True,0.021616895107213884,0.06426074986495134,0.00036431193995553504,0.06425819185783278,0.0725612183603995,0.054137694885689674,0.003985342599543718,-0.0027285605706754558,0.04954293304251209,0.011282487732738442,0.049530132038621985,0.8455251273354092,0.06455371632215934
135,400,135,False,True,0.037447008855528506,0.056008058284551056,0.005907202994692629,0.056007674238460085,0.0825073000655771,0.05960196638873086,0.006411601688511406,-0.03164277690015473,0.02621915310514481,-0.007322332826728779,0.026220174362648833,0.9539711740188451,0.030817104659460803
136,400,136,False,True,0.016074313940791715,0.05846135165864807,0.00659557255418278,0.05846269228397822,0.10091782075865513,0.06418153126374966,0.009979491583714887,-0.01398060658790762,0.03448697495032931,-0.0035355092091172535,0.03447969828826672,0.8760522002341853,0.0444876277027586
137,400,137,False,True,0.014531762125039071,0.05942619317797021,0.0013035931625125477,0.05942098733786545,0.07176940058767672,0.054728558663165325,0.007731817052443374,-0.010858912829006237,0.037513576724513345,-0.001525570408356385,0.03750809235476979,0.8606814194752335,0.04819294648801292
138,400,138,False,True,0.02553788707895009,0.06873779589867265,0.021192647503984557,0.06873531783493864,0.07933126857092032,0.0549794528085448,0.0172178418839235,-0.02257682435205307,0.06874631948667592,-0.016855100969105835,0.06873950404421308,0.8863823071328631,0.0925050755077041
139,400,139,False,True,0.02312363129562729,0.06299022457967453,0.007600307651391596,0.06300498248604976,0.0743828477971258,0.04815561813748184,0.007693576020996842,-0.03457303985616166,0.03412434910458671,-0.028591262122525385,0.034111732086278865,0.8338794583783087,0.057156138803673984
140,400,140,False,True,0.0010929463276466332,0.057385004534867126,0.0017029064029198445,0.05738664151252691,0.08495835440415737,0.059916610096194055,0.0035533031645208907,-0.037689248371631096,0.016330063350134198,-0.03443017089992421,0.01631508510203723,0.8548260912684751,0.02297994100478351
141,400,141,False,True,0.024577896825088312,0.059610184291122685,0.0038417514057545537,0.05959798790292975,0.08355394133595832,0.06008076844282118,0.01814620894607416,-0.03613973359280106,0.0205360324663026,-0.01986651667619246,0.020532642369329536,0.732840445426836,0.02744191601988044
142,400,142,False,True,0.007772329949248501,0.062245199888071034,0.003974727130091886,0.06224847532633374,0.1033735196642272,0.06550267880345742,0.022088167223564603,0.001725068814096946,0.047020009059797446,0.0072099896061575165,0.047016333681949546,0.9560721873259895,0.0613669105295952
143,400,143,False,True,0.02354611563579413,0.057602169351227896,0.0016455391927021504,0.05760202972416148,0.09543934843274013,0.060674769322618054,0.0031258666385602326,-0.049173125960268634,0.034081210335152504,-0.02993331218312748,0.03406927987605414,0.8842916692873496,0.044734652572505695
144,400,144,False,True,0.0043163496909329165,0.05391573385586963,0.0014814502340110074,0.0539157972343248,0.08956074259835667,0.05854304817638611,0.012481316610410954,-0.06036072064496031,0.012229596234354503,-0.057665174940162614,0.012221630876656705,0.8632383666123659,0.02093772943443395
145,400,145,False,True,0.06271592318821749,0.08257082791006515,0.011510909072629392,0.08261510126969117,0.086309507223046,0.059655852454375956,0.014654434846816413,-0.009311646281246717,0.061087988700229516,0.013851713416877387,0.061077192859559516,0.7798593922040529,0.08494772770804954
146,400,146,False,True,0.025844858434249503,0.06145388012061704,0.004029824368833521,0.0614543556214544,0.07815298108542951,0.06203449860886457,0.004620841090502597,-0.06674028151845776,-0.0038805852734368072,-0.043429040236316566,-0.003890718214798383,0.9219375278451732,0.0004380507520266308
147,400,147,False,True,0.012983848743530767,0.057937597216102976,0.0030812837900249836,0.05793934665305736,0.06919988593046732,0.05716259245383912,0.004253486772356515,-0.04120860796931347,0.01873467777235412,-0.03009702438111742,0.018726426358628104,0.8822614238929921,0.02507669641308291
148,400,148,False,True,0.006519000826869497,0.06000843195843236,0.002779877907566445,0.06000530179854116,0.07715188528642165,0.05302350345017412,0.004176333803754269,-0.01780774664559701,0.04567490429585,-0.010395438334893804,0.04566784795088822,0.8300658347538525,0.05982436072898295
149,400,149,False,True,0.06317378015974884,0.07866415905297702,0.006155983004676904,0.07868163200827244,0.07311309013133326,0.05989578259163376,0.011195807071574842,0.00827159919758903,0.06948206360720662,0.04208508120040902,0.06946947445757161,0.9531785490495774,0.08613603589913815
150,800,100,False,True,0.04626905716368654,0.08710219283408561,0.005317285734540266,0.08723851490850658,0.07784422616688667,0.056519675921515154,0.008085360304526352,0.024049625988677503,0.07468991685504442,0.04124469041339767,0.07467933499436356,0.9204029753775003,0.10243254940549473
151,800,101,False,True,0.033739651066615355,0.08544309219732979,0.006911105221462554,0.08544089018682316,0.06573706270407804,0.05575330616464701,0.009381146369229324,0.015032253240170488,0.06598970838956916,0.025021693170023788,0.06598345312653947,0.9139200418670796,0.0927499960785817
152,800,102,False,True,0.010415273422536984,0.06571371901282917,0.0015903845280267866,0.06570856611936529,0.08037066293844854,0.058740609172924466,0.0035891962400991357,0.01203602189530601,0.052943088226598364,0.014481902838084669,0.05293242402736368,0.9178619887670872,0.06341514112909635
153,800,103,False,True,0.00532445141152462,0.06040819792213609,0.002865495993257339,0.06040540767874452,0.06776552478806494,0.0573468231705247,0.003545218760529649,-0.014783691833957998,0.030931044035602255,-0.01090172174467198,0.03092405715640737,0.9141599933594972,0.037788075891866835
154,800,104,False,True,0.0032441707552966844,0.05832159456092249,0.0015032381181892865,0.058319237370552016,0.0746809389377676,0.0544050727436683,0.011731019355806074,-0.010780136056170933,0.049703992513201956,-0.004068249401436088,0.049697697666560854,0.9305034683260398,0.060495345418878355
155,800,105,False,True,0.0007283348101136808,0.055649299067930535,0.001290578989744231,0.05564511965339327,0.0815597437949311,0.056427559768890904,0.0015198609628952347,-0.033760648016797866,0.027495802690853992,-0.031122045483227955,0.027483618959697864,0.8511428847050643,0.035881243253219786
156,800,106,False,True,0.0229180196587147,0.07028397507115663,0.001928092939932518,0.07024155432747534,0.07396134292806333,0.0551002851907713,0.003444436176368191,0.009353148079087393,0.06145510496915314,0.0200148926363324,0.061447828586647976,0.8956852213739837,0.07973573593659783
157,800,107,False,True,0.03321638360390934,0.07535371879358335,0.0011733443964149822,0.07536453872827421,0.08174551234274297,0.0588279265986157,0.014751704094008888,0.0012189060043263544,0.053838924614695145,0.021394839910785328,0.053833495146360946,0.8581500104522884,0.07319666040372164
158,800,108,False,True,0.09516709993008314,0.08575138598715554,0.009684141712056294,0.08574176740742895,0.0773718217010303,0.05792109270137415,0.0074767531192117985,0.01829647305382199,0.0785307525831574,0.056338081731780044,0.07852306120576501,0.9049134968241791,0.10369933865398073
159,800,109,False,True,0.03137473973176077,0.07323252201999612,0.0016551740857040633,0.07318671712014221,0.08470852290667676,0.058232014680863545,0.00493183004925377,0.006516958562049098,0.06353571087418175,0.01912415848859424,0.06353547056064315,0.911926325359036,0.0871404950206785
160,800,110,False,True,0.05459393853262427,0.07010506296503627,0.0028295537378269496,0.0701048387545808,0.07976935495795955,0.05896732604290804,0.003587358703624993,-7.020451996909705e-06,0.0728595123395673,0.028250304393756875,0.07284610575974902,0.9997337091182,0.08875400128496597
161,800,111,False,True,0.014403255453601794,0.06328880465265936,0.0016905170158153559,0.06328307691654836,0.07367186419416068,0.05721311502940938,0.005301050546120135,0.004995195542447502,0.061839568127929,0.01366120383158611,0.061834058211770467,0.9838381095301558,0.07173293713329354
162,800,112,False,True,0.004141007649260843,0.0629114431655303,0.0016861532541125762,0.06289920118115433,0.07760348803592416,0.054787945588153225,0.0023804900290369272,-0.005251897441592237,0.04478591429450127,-0.002180754311866433,0.04477715807401509,0.8336844311124973,0.05949174668414431
163,800,113,False,True,0.01799617274818796,0.06289967412006567,0.0024160149730668907,0.06290376833125481,0.08887570799649298,0.05936897909496965,0.0036775396474973006,-0.00335893404541326,0.041712611398151085,0.0054886831830148405,0.04170698286386987,0.8378664194875052,0.054109292052230196
164,800,114,False,True,0.0025084707090138954,0.06071159939489226,0.0011938124763174515,0.0607103618545542,0.07895526260717575,0.05587889520818434,0.0027113162051725943,0.002181421243724271,0.04856095287997136,0.0058964924653406026,0.04855501165731532,0.8279207858883117,0.060501342057385665
165,800,115,False,True,0.01090851682999877,0.05826610928763921,0.0015956293968296012,0.05826306499283847,0.07258767322097762,0.05519496049401175,0.0013684080650694518,-0.009958511456027861,0.04123515801931255,-0.0012165939744302001,0.041228344088561075,0.8730730273310394,0.04906820498577291
166,800,116,False,True,0.01056385073145234,0.05810441291070833,0.0015674262193484843,0.05809491209514589,0.07790142585077739,0.056326618802435495,0.012897038247980941,-0.01491567392321813,0.03483152997946256,-0.007775379049779191,0.034826797920715434,0.8284661382078223,0.04326584245416326
167,800,117,False,True,0.014897366637291281,0.05920286143532918,0.010637300010148764,0.05920148689196626,0.07980514368078606,0.06087612440504689,0.007183975115344991,-0.028951504214429394,0.020664210472739485,-0.027871579164701614,0.020659046356726093,0.9432196410833911,0.02481688732402254
168,800,118,False,True,0.003916057148390973,0.060030482969681574,0.0011972244163109941,0.06002624030491224,0.07785699896404759,0.055612483188585804,0.0027305234347990365,-0.009453753016625112,0.03333768785381025,-0.007325009971097754,0.033329880593147794,0.8440627950948063,0.04495323668428597
169,800,119,False,True,0.029059617579340093,0.07204118148093448,0.002089037427666883,0.07204453704609821,0.07132746065536733,0.05223175459418023,0.004662366565472504,-0.0065695528468314515,0.050668209514139306,0.015563774318954034,0.05065808531976977,0.8245395785261482,0.07211236853370917
170,800,120,False,True,0.014281057814672194,0.06840437560710419,0.0023762746827961294,0.06839367638885017,0.07971674220573897,0.05764066514985406,0.002085330960714089,0.012792363181225501,0.061181532828368364,0.020439457546587398,0.061169117919408225,0.8640723291342646,0.07889122144119359
171,800,121,False,True,0.00446123385146443,0.056089504140895995,0.0013455143286415414,0.05609057606411393,0.07442270600098412,0.054215567777095686,0.014533965446775016,-0.012548306886255705,0.051475168326766796,-0.005681625841270363,0.05146194222425081,0.9474485418986809,0.05952874373294037
172,800,122,False,True,0.019550726610836854,0.06775227508167087,0.0016876851890668446,0.0677498421173197,0.07639911107938802,0.05607589003068239,0.0038808344894157966,0.0022649162318456807,0.047794251660685204,0.013917612821178022,0.0477806545988409,0.8890427390987186,0.06343656273864923
173,800,123,False,True,0.01326409267006167,0.06050454710268492,0.003960470415987341,0.060501125992588785,0.08884214369426927,0.059176617414869195,0.008679244674112376,-0.006213729177642642,0.04390277844043588,-0.00031835915567974274,0.04389103462505602,0.8842895431322333,0.053640269157343046
174,800,124,False,True,0.010236405577622947,0.06547041854953738,0.0007085281614997346,0.06546673213923546,0.08063969126681095,0.05857354315926532,0.0025074930658171776,0.008460261834546122,0.05006572979296287,0.01297680670270284,0.05005910215504073,0.8904780017007462,0.06261938382489324
175,800,125,False,True,0.005184879985039475,0.058091927843659706,0.000558421631113987,0.05809015919067133,0.07285760813936977,0.054120356723937696,0.0023810329791633935,-0.0025964724565054444,0.04406851748900906,0.0005370354688805901,0.04406117069511325,0.8423911962057857,0.055330978309411916
176,800,126,False,True,0.010028105529133196,0.058294896760702736,0.0016213555419237412,0.05828963386319991,0.0725163420893451,0.05472884110194856,0.002993967386754018,-0.004127180167409859,0.041703548405209574,0.0047656229610026565,0.04169682802178109,0.8543929706523886,0.04969281846106649
177,800,127,False,True,0.022094214892590135,0.06312542099885979,0.0030626541000058297,0.06312225848594726,0.07307309907663499,0.05296603367176592,0.0064589849129377975,-0.025872943510269364,0.050884275602934535,-0.004233428211494766,0.05087506378525049,0.92030755838472,0.06502609821175154
178,800,128,False,True,0.0308662061613458,0.07313006858776698,0.0015214633710469204,0.0731320782379395,0.07961520012707149,0.0562405551335512,0.0019408953114828692,0.005745426663667465,0.05974917088350942,0.02481977368136109,0.059738678807531614,0.8757060739000353,0.08250779126194374
179,800,129,False,True,0.008392905407463696,0.06197116540301355,0.0018832460085969765,0.061965002968552646,0.0817365025811812,0.05945791264021566,0.004148658389440711,-0.00609119743392815,0.03548739718882622,-0.002946505872031179,0.03547585802212872,0.8851156850439597,0.04413839519069268
180,800,130,False,True,0.008703590208026642,0.06999706102189286,0.005080507299671382,0.06999411795102825,0.0717650853902694,0.05253188940499848,0.007596767495220387,0.0084327390433213,0.06955032245149362,0.011322140534094433,0.06953730012788994,0.9284270074639501,0.09088429444921342
181,800,131,False,True,0.013190163859448201,0.06091091818515273,0.0019141646898376782,0.060902209652198586,0.07919119875672435,0.058703823291720525,0.003883447824489898,-0.012200992828548855,0.030755038094085096,-0.0069896215112925375,0.030750770355391383,0.8391517059789868,0.03848730217795365
182,800,132,False,True,0.011225221029122268,0.06985837184659344,0.005742030350558159,0.0698579679564679,0.07157566944992683,0.05420393677216512,0.015295531833903846,-0.011760494328029334,0.05742849159231568,-0.009472338216994407,0.05741702568266334,0.93080017073969,0.07480536778034796
183,800,133,False,True,0.006001773562958651,0.06540478260569,0.003250676789218125,0.06539777380547133,0.06726199236418362,0.05392689900490581,0.004834344222426125,0.0012437435781081964,0.05436735645464737,0.006150397238124094,0.05436180410626285,0.8463123292148463,0.06715053190790937
184,800,134,False,True,0.006264436152350474,0.06299229803359452,0.001984954834173942,0.06303238558988408,0.08653784648345711,0.05743669884670962,0.00347975495409038,0.010729109583488076,0.05671805088796091,0.013319940459609176,0.05670874818046521,0.862719080910045,0.06973861590646452
185,800,135,False,True,0.009349002602152504,0.06329865654840257,0.0019838357493187726,0.06330657298703424,0.07398859272469499,0.05708284551272499,0.013749938247912642,-1.8166087903237483e-05,0.04143670165600838,0.007298222391042178,0.04143129373680566,0.8396319590909226,0.05107110971440043
186,800,136,False,True,0.012534399671512386,0.05907508950364643,0.007717779953942599,0.05906729414358995,0.07811542051776554,0.057887641281653496,0.007148131921948827,-0.01206774761597465,0.025792280524323346,-0.007948879109728448,0.025785964225342895,0.8344118946572209,0.03300002472197544
187,800,137,False,True,0.002265267725875037,0.05606413970571052,0.001243578803016251,0.056068676208683076,0.07798401197108172,0.05563873950467875,0.0007012063520183528,-0.017887683645861515,0.030135308925839155,-0.016212912236872278,0.03012357478444102,0.8764323246644596,0.037456376746178965
188,800,138,False,True,0.06477685369412511,0.08524133461260813,0.004268118388856321,0.08522494310253968,0.07326991542521238,0.05567336746133795,0.0043966853111943776,-0.001207388260936284,0.060126076893177616,0.03162155088691889,0.06012034568387577,0.8662186716064622,0.08344309786668613
189,800,139,False,True,0.02285466677600499,0.06938584465126302,0.003764329319340739,0.06937908904041828,0.07762238787837666,0.053501986559371335,0.004840306725566543,-0.026117380887860888,0.04078512685587356,-0.009857326855437944,0.04077724223237311,0.8036318325563456,0.062240086668705785
190,800,140,False,True,0.02223047069341263,0.06295291401654603,0.0010696000906736019,0.06295091446825304,0.0723431954177547,0.05656814003515112,0.0035318556367351477,-0.018168387433720276,0.032249861848165015,-0.007986062737738123,0.032238077252739715,0.8214193742532953,0.04283871031622499
191,800,141,False,True,0.016159500301337906,0.06562605512972365,0.0019699112329721567,0.06561852073270202,0.06911895697066728,0.05275160654470334,0.002541984859277043,0.010457952785947258,0.05758607058619411,0.016704360733843848,0.05757996903806323,0.8894839784246309,0.07240245067515683
192,800,142,False,True,0.06403843508074822,0.0791016441645294,0.001927351679881976,0.07909507146977067,0.08193422353589341,0.05931249977365665,0.020342141518655273,0.0219999846369842,0.072805601779014,0.05020578512160144,0.07280111902213428,0.9125252997599582,0.09314417968831024
193,800,143,False,True,0.007759005279339505,0.05810860905351945,0.0037839167258595964,0.05810624141886311,0.09062931650020957,0.05646898868357151,0.005041150515090026,-0.015111941119416815,0.05319834637203954,-0.009605158705155365,0.053189548754044795,0.891619380408696,0.06819448872009537
194,800,144,False,True,0.011549352266928105,0.05347133710701086,0.001614800142244122,0.053473257959574576,0.07217214533299425,0.05477740854342448,0.004230307809266943,-0.03162119631306796,0.021377548597698633,-0.023416182398122622,0.021362888809335345,0.8288459550632775,0.02692225934186354
195,800,145,False,True,0.01048950021846339,0.06059506154099176,0.004347352407070439,0.06059742245399281,0.09041625083518616,0.061736251214544444,0.006781499644870387,-0.0165272850967491,0.026387433049045797,-0.009951870237169853,0.026377598547140977,0.81125920694257,0.034015581368594505
196,800,146,False,True,0.002184996712437894,0.06054864646691471,0.0003239388502862609,0.06055416088593554,0.07634848935798623,0.05571049174821712,0.0016546417320266408,0.002477103229658055,0.04375049369862559,0.0030557279874177863,0.043738665458037077,0.8804266615902884,0.053925755841256195
197,800,147,False,True,0.009106307163649442,0.058024893667761014,0.0004338700669646824,0.05805538667133428,0.08168452494402598,0.0555098846895425,0.00171991375861287,-0.001236200331695372,0.05420863101465763,0.003498189800845528,0.05419555336444326,0.9057107438631118,0.0657966029364116
198,800,148,False,True,0.025153358859044888,0.06327745790307372,0.0017940850316851887,0.06326658649525908,0.07167558432254989,0.054292769096305926,0.003437361376458649,-0.014709046661811923,0.041032724483993664,0.004695318872680943,0.04102673889591756,0.8927177999930662,0.05248191087516352
199,800,149,False,True,0.02693541374502266,0.06932620160529743,0.0018020087477384843,0.06933828007837926,0.0881680273921303,0.05970057977185483,0.0046091952237962445,0.012817338085998022,0.053898592559311426,0.023573616961090515,0.0538928561801913,0.8747745312356252,0.07002645754795755
200,1600,100,False,True,0.007499539627100313,0.05988372861736544,0.0014333734726195526,0.05987366160052878,0.07305174745752331,0.05495818176080862,0.0012699491439506331,-0.003762599236976858,0.03929314153882174,0.00014265242134511969,0.03928174201626383,0.8902518418565912,0.04922623108122315
201,1600,101,False,True,0.05934544402607851,0.05941571389945895,0.004247822116832947,0.0594194206784431,0.08506634919716367,0.06114306587250334,0.004636425004954628,0.04035141114089452,0.04036091187286381,0.007203208403503387,0.04035061875685372,0.8755377020709099,0.044617904217604254
202,1600,102,False,True,0.012519971378010555,0.06099851450883433,0.0014421992564435443,0.060999653252866375,0.07502618696593628,0.05209042620665547,0.0018305287599330194,-0.015087214499226733,0.041942992000895456,-0.010046331485585615,0.04192938503852567,0.8740768902295014,0.056616660029672194
203,1600,103,False,True,0.0051782029044680645,0.06110049087191568,0.0014080559155885744,0.0611010488000422,0.08239054374625762,0.05737450026707622,0.002605722414472148,0.0009821473362680844,0.04999228920325791,0.0022573450765767866,0.04998331619422992,0.9160369808885375,0.06194218077342739
204,1600,104,False,True,0.0033334910572688386,0.054398413280104405,0.002123015611825208,0.05439522039610785,0.0785360444686261,0.05566410597070409,0.0017389038133328659,-0.03240906176437923,0.025769587776923685,-0.031196719159705066,0.025763005288844027,0.8801611058719372,0.0320604325542409
205,1600,105,False,True,0.0014721034982061456,0.05830533919757006,0.001629390147425946,0.058301020948565124,0.08161763922021598,0.05699357948086073,0.0012067720814691416,-0.004375023262957329,0.047141594093147034,-0.002578149711223692,0.04713533241147687,0.9404393202136473,0.056519343924385346
206,1600,106,False,True,0.0028176177371946943,0.0594904281606104,0.0012188407188688207,0.059501704482733134,0.07752994617879755,0.05722978437515645,0.0014519572733480846,-0.01973338859131735,0.03472127551272791,-0.015247932658499656,0.034710205479656364,0.8850420945413078,0.04261695071063415
207,1600,107,False,True,0.000409484237935382,0.0547167088891521,0.000431619538345332,0.054713922526889655,0.07421519303777933,0.0552164307214249,0.0008097111652059146,-0.020675479167991964,0.02563871226879748,-0.020947832052742647,0.025631881951757335,0.896021773269883,0.030908069662212212
208,1600,108,False,True,0.00492009225477583,0.058807924744148775,0.002533365778376554,0.05880147224199259,0.07776709473031249,0.05448661677685779,0.0035667649805870777,-0.022693684187025102,0.04765617715791791,-0.015972286546196278,0.04764854469142271,0.9268110597048361,0.05979690477689642
209,1600,109,False,True,0.009646159981798949,0.057579610837446386,0.0014693696290855218,0.05757380413629913,0.07669038281880179,0.05607935102591464,0.001393551870177254,-0.007907071912153795,0.03910292939853775,-0.0017968848733167092,0.03909794131692415,0.9007803080220822,0.04663797128339481
210,1600,110,False,True,0.008234404147654967,0.06102083862050555,0.001983637471535135,0.061014964616162154,0.07628043310905434,0.05567258771827999,0.002309727088485184,0.0018066584362621252,0.04042851371364876,0.006166754840089177,0.040416086690665196,0.8812040575389406,0.049977372377313145
211,1600,111,False,True,0.004493806636966793,0.057504712299089995,0.001208543540161291,0.057500869093730304,0.07421574175990785,0.0534801771913475,0.0014697013731135326,-0.023197840512955894,0.02704785120581974,-0.01958392196383057,0.02703966224545532,0.819681894640504,0.03768073650233894
212,1600,112,False,True,0.0037324667637882586,0.058215150889043346,0.003312988496845189,0.058212768677221485,0.08457740723166708,0.05885298487241398,0.01459446837910992,-0.004556924468236137,0.034110337308709195,-0.0035368285818231085,0.034102197950630145,0.8472342837844424,0.04237129122989902
213,1600,113,False,True,0.00674195153866597,0.05805169509890283,0.0013116793457439745,0.05804955021960964,0.07686277521174248,0.05544481844292357,0.01404932130645729,-0.0016246592969412854,0.03994983901284357,0.0010510618614975075,0.03993827886507795,0.871033582095496,0.048422535808389844
214,1600,114,False,True,0.0023165051728911363,0.05600394817427248,0.0010677586428905347,0.05600502006605297,0.06943679718711439,0.05410776173245505,0.012219170732106235,-0.014048497918402467,0.037763676081835555,-0.009976497942359162,0.037751910791399154,0.9378260540655954,0.043272157935772104
215,1600,115,False,True,0.012761998475746786,0.06345910416144698,0.0005261989282507049,0.0634585434795564,0.07474390399309633,0.05481301311714572,0.0015710760890182782,0.0021894372255223784,0.05369818299485303,0.007712750690318251,0.053690099288473334,0.8533088976646135,0.06780163159820313
216,1600,116,False,True,0.028303594245548958,0.06762409286266863,0.001967559328673113,0.06761118546500935,0.08032581624486224,0.05661812981218231,0.002568637007937885,0.00998869268418126,0.06419997732527839,0.021089537848263094,0.06418665797327065,0.9185186997118785,0.07962201231921606
217,1600,117,False,True,0.011979519264530638,0.05863478464772791,0.0025017538203764233,0.058640258728440545,0.07811100759091096,0.05897693717806104,0.0025559793598363078,-0.030648203993118923,0.018241421466795985,-0.022461262127601446,0.01822937429002877,0.8990988936743551,0.023134963982039847
218,1600,118,False,True,0.002481808875381242,0.061299176502553586,0.001957280119247596,0.061365286557246934,0.07998278941004079,0.05512214223819696,0.0034849099525605344,0.0012299856718344072,0.05344919444677771,0.0062964254932893395,0.05344172239108474,0.9251258121481015,0.06885627653557946
219,1600,119,False,True,0.0022554283244496857,0.054728804291750886,0.002548678547454328,0.0547286669086049,0.08140301037660322,0.05637855279055826,0.0019290696051811617,-0.019089725376884255,0.03621684618741838,-0.01889533007055867,0.036208694111063554,0.9265949098228647,0.042698016135003014
220,1600,120,False,True,0.0044986964186703084,0.05608417127194479,0.0011935148948159717,0.05608103463951715,0.07373429616939689,0.054449431686276535,0.0007098152036933528,-0.01659383857771799,0.0347523735196063,-0.012951227862852759,0.0347455763318176,0.902336205322186,0.04265151246418303
221,1600,121,False,True,0.007199131159337579,0.060416533839797365,0.0017748648367135618,0.06040656936567805,0.07429924837848517,0.05529133151412208,0.0022525747093341676,-0.005716569961841208,0.04166714877027829,0.0010401007391109408,0.041659667481532096,0.9005517325200129,0.05133537488926637
222,1600,122,False,True,0.02452701593765743,0.07086283940515449,0.002539269135148758,0.07086589839996296,0.07538359650783828,0.0551126569437197,0.002958758635235236,0.012699609837783093,0.06484424002775512,0.022361291933583015,0.06483714046616747,0.9018521006916111,0.08317070945573707
223,1600,123,False,True,0.002567187980617718,0.058851918171367264,0.0014374506880951321,0.0588767231954775,0.08412249578118587,0.05662744246500339,0.0015600970738026787,-0.014550885180173188,0.039838782692800195,-0.011245810012423649,0.03982638828136281,0.8887110612010158,0.05028337939853167
224,1600,124,False,True,0.0126841237357015,0.06515256246248899,0.0022393458126161825,0.06514063238002847,0.06980272302407985,0.054520179429618586,0.0026157043976738287,0.001935470492317733,0.043260897324075315,0.00718123744184983,0.043254117443740865,0.8766833540956176,0.0555987834207774
225,1600,125,False,True,0.0027807565554864083,0.05937978745634588,0.0013003532860799876,0.05939053160451466,0.08038084437031609,0.05670293161252653,0.0014657484788037575,-0.011697840804110021,0.03269325631393734,-0.009676887629434795,0.032686706406193554,0.8495870219181342,0.04285463127702349
226,1600,126,False,True,0.0022832771857850447,0.06168161010719131,0.0012910887231247436,0.061681063652221646,0.0748989034352985,0.05506848716218902,0.001397395347486283,0.003173235836569802,0.04822968733305615,0.005773077922140273,0.04822358419071257,0.9171076487808696,0.05913408516584795
227,1600,127,False,True,0.003227165664544318,0.05899926324979144,0.0013779040698920402,0.058996972668635614,0.07230018899323927,0.0548569590030508,0.0033288308058575964,0.0003162102155992297,0.04343330493006469,0.003328978931789852,0.04342140754900669,0.8505368479822879,0.05186317320960637
228,1600,128,False,True,0.004231082320584645,0.05834044545809376,0.002214727250125827,0.05832737314859245,0.08427275090383674,0.05974818505907167,0.0020105027985359066,-0.016931831049171106,0.029042707111356522,-0.013862686239465224,0.02903392137558683,0.8872260211811736,0.03459205113418434
229,1600,129,False,True,0.01469523793244713,0.0655343266469552,0.0033946444341273487,0.06551877543243237,0.08888778011737349,0.05863028996985016,0.00373190805451665,0.0010181165466571819,0.04713908644958167,0.006706165491644802,0.04712611561665213,0.8257249146620973,0.0626318317560241
230,1600,130,False,True,0.004909444468115771,0.06132734336951417,0.050465860084255486,0.06132793317294073,0.07365004169536318,0.05212619543641753,0.012725654023972147,-0.0038145493593588265,0.05055507597368347,0.06362096239231389,0.05054784532159232,0.9069648734727176,0.06580803892901865
231,1600,131,False,True,0.011156993440186542,0.0596463416772717,0.002543721648535911,0.05966889711501491,0.08191681538297006,0.0589699015755976,0.003415014539504325,-0.0047570417950563515,0.032421336071594385,-0.0022438999394531756,0.032411385050802224,0.8453624755274132,0.03882463487020016
232,1600,132,False,True,0.021822012162045597,0.06279115834304662,0.0011295932475164847,0.06278167461451421,0.07572058307474072,0.053747225047194085,0.0018168294307297547,0.00478905500397163,0.055031881444857406,0.012968383795637283,0.05502546822609745,0.8990779035042803,0.06956294219672615
233,1600,133,False,True,0.011076064444731682,0.05950571950266863,0.0038226993352143517,0.05950627428216349,0.07689192601634359,0.056952754107504715,0.005522401603780601,0.005413243250442461,0.03828109895619093,0.00987347600828371,0.03826847156814878,0.8902389392858843,0.04559772942794371
234,1600,134,False,True,0.001818955112587989,0.057360171218620956,0.0005165104592615073,0.05735664717717726,0.08041561545368292,0.056923820239916365,0.000939611784552322,-0.00987831904083051,0.04651666631248375,-0.008369540190685632,0.04650945618384611,0.9826490493248389,0.05468585358000033
235,1600,135,False,True,0.007431127345532826,0.06304538372480169,0.0006136758923155105,0.06304275350163949,0.08250564119791798,0.05813788823600212,0.0015616624947292343,-0.007156149090454369,0.044735164868231724,-0.0003981873639092504,0.04472400010767849,0.8606303727508711,0.05612143495718208
236,1600,136,False,True,0.010572109089622816,0.0627245392675455,0.0013502948281236915,0.06271674027420676,0.07889628829393239,0.057882457093176375,0.002436121915748282,0.009197556829357125,0.055406626055627725,0.015924257621072056,0.055401487372261186,0.9691203209926084,0.06549671405234153
237,1600,137,False,True,0.004229845925319265,0.05604064678699044,0.00032053088165145906,0.056041849201835074,0.07697749925419652,0.05552385049547439,0.001244932728177107,-0.010378604128989173,0.04087039866283909,-0.006096460686852599,0.040858546428837954,0.898158983852951,0.0481884860435568
238,1600,138,False,True,0.012258080996322638,0.06420454895485479,0.056767289142695326,0.06420674480401894,0.0786578790917651,0.05839276057429773,0.004204637420974862,0.01323305650058166,0.04374419242516609,0.051940152366826295,0.043731542288948544,0.8958230410132336,0.05356527378540926
239,1600,139,False,True,0.002039155919973958,0.05539646878202431,0.0003772425386996629,0.05540424238662084,0.07826347273861732,0.05393710724579526,0.0011857325767478753,-0.02568082489527174,0.02962710727555944,-0.023385943698178903,0.029618824622670417,0.8596797193417831,0.03943986969451124
240,1600,140,False,True,0.00164644518376256,0.055358269091620345,0.0013249105470549576,0.055355281163497375,0.07454824128292661,0.0552995484631163,0.0011627962360531044,-0.019175751915528005,0.02945967781405919,-0.016964437100460056,0.029454079462929883,0.8648397102100231,0.036227721688731396
241,1600,141,False,True,0.012273444916157172,0.0626452797991639,0.0020684989190460938,0.06263688048729575,0.08527567007307989,0.058661595604655045,0.002778233737194177,-0.0029609343676108295,0.038416915820547716,0.002082903050575081,0.038409556189234736,0.8140874800422266,0.04912230394228806
242,1600,142,False,True,0.006771342530341373,0.06281665067913642,0.0013436288009275677,0.06281149138399428,0.07326401906784119,0.05617459589334215,0.002649280308644134,-0.0023231057019100776,0.04334622524398803,0.0007204924822657,0.0433329658146355,0.9282975352725831,0.05313158955780328
243,1600,143,False,True,0.0028850760294887863,0.05897890044224102,0.001730737641714645,0.05899889382597509,0.07344655308450201,0.05315537416394698,0.00189336732505924,-0.0088723383029699,0.0481586769026967,-0.005954640579212784,0.04815069385360737,0.9010754992428519,0.05924800478467873
244,1600,144,False,True,0.0021675172816184134,0.05787173621739064,0.0026916359184248613,0.05787366671796112,0.06932250259641086,0.052557499107347666,0.002988004989684221,-0.011698412426206745,0.048002119411575776,-0.011614631165172263,0.04798949266252173,0.9685724740347798,0.058583574343806566
245,1600,145,False,True,0.019950468711520005,0.07059430486425301,0.0024486461214503212,0.07059302126008647,0.07040878353435726,0.05472628825464319,0.0027648630965563413,0.014417104840487588,0.058426803612662045,0.023811674615580813,0.05841453641949862,0.87821003624123,0.07627522725794222
246,1600,146,False,True,0.004313518450359175,0.05697148680959724,0.002060750191917698,0.05697041609002011,0.07065468699858135,0.0536716711392234,0.0032038447458634005,-0.013505598227137572,0.0397373723892877,-0.01136593977344147,0.039729339614848556,0.898495321972392,0.04851053456497667
247,1600,147,False,True,0.014725510491891724,0.06645651073241667,0.002171550709106259,0.0663634518927554,0.08323645078359458,0.05844280764747896,0.0033504573977506022,0.012971776514378726,0.05070880771043953,0.017794334908776445,0.0507011407163423,0.8982203310796024,0.06503595200737855
248,1600,148,False,True,0.005154745136791062,0.060207095753733154,0.0016678546719449258,0.06020760543521748,0.0727292945551114,0.05425202853113376,0.003522866154725268,-0.004975964303639891,0.052771617677063745,0.0017028240692301016,0.0527588832754644,0.9502268466914665,0.06272182582060348
249,1600,149,False,True,0.015270843278468903,0.06397891956454398,0.0007703819075132293,0.06396349241329452,0.07941082114673854,0.05792918572832367,0.0015546775591086435,-0.006357917661706245,0.04505580572135138,0.003722998112923537,0.04504986568693504,0.9046321029988661,0.056572777596608115
250,3200,100,False,True,0.0002582055153037949,0.05901509020107452,0.0007876173872229739,0.05900829310908872,0.07774462610617915,0.05695773574870627,0.0006283792685111012,-0.015211602609252096,0.033095673618454384,-0.014810669707757929,0.033091746921246425,0.8876182788190234,0.04116412949675746
251,3200,101,False,True,0.0008582080935042491,0.05419929882582484,0.0012127501228173852,0.05419990751190987,0.0735702366350084,0.05182287172491137,0.0015605788437946897,-0.016564253729489848,0.03458401699161314,-0.015055574874719042,0.03457160862419265,0.8821901362736194,0.04332786863273613
252,3200,102,False,True,0.008442908439317845,0.06010997093079996,0.0009935847374858834,0.060102180389635974,0.07586316528750665,0.055821990058743484,0.0011231633673462952,0.0033057681873455464,0.05399488264862406,0.005846761777409333,0.053988873663435584,0.955888530272596,0.06291472322219882
253,3200,103,False,True,0.0011664926677337642,0.056413439643960527,0.0014714398571026716,0.056408384726002826,0.07723663406256041,0.0551818438776566,0.00124645206920627,-0.007841862044922163,0.03550772276876849,-0.006324916710361264,0.035500851344510094,0.8848816914031028,0.04323443305949426
254,3200,104,False,True,0.002596390752803412,0.05515522839056769,0.05221858698332087,0.05515674636819115,0.08087210092202568,0.054569425348004484,0.0009646306267722442,-0.023272202933578793,0.036859174684185446,0.044066842823799295,0.0368449356548755,0.9052064439431916,0.04580793547701428
255,3200,105,False,True,0.001945079037796744,0.061728362951049685,0.000591931720661205,0.06172744984883296,0.07678850221427132,0.05642759074854859,0.0015804382272875598,-0.0001320133348322547,0.048135748007172054,0.0011420956721490594,0.048123761249601105,0.9488026855925638,0.05786980810535414
256,3200,106,False,True,0.00534021743438859,0.06498695844684751,0.00048045869459329793,0.0649815428929169,0.07966101009603212,0.05703437469200046,0.0009870642311578675,0.0079215522829207,0.048531075496746186,0.00915749515174686,0.048520009795323345,0.8855631303536623,0.06140281738952913
257,3200,107,False,True,0.0004306995602406064,0.058949222204965616,0.0012109509640112195,0.058962695384108435,0.0776189606354688,0.05631073383192462,0.0008335536572008582,-0.010576206866839013,0.03905832301989946,-0.009936224753725319,0.039046350885069504,0.928606092423449,0.04808429839851497
258,3200,108,False,True,0.0013176978260930035,0.057824710879781034,0.001172906562245942,0.05781994608678495,0.07768557841088299,0.054683652450131834,0.001160252082537426,-0.007997588705916719,0.044873749351372255,-0.0042703169107336444,0.04486560190230265,0.8827024903111851,0.05396157726140777
259,3200,109,False,True,0.0016736022290240052,0.0587701859721993,0.0005753597903315241,0.05876781375426401,0.07253126763044676,0.05312402148754272,0.0007938491939024798,-0.009399453991567316,0.04296376247391827,-0.008616434528345962,0.042953083556416374,0.8958547196601078,0.05307418452625223
260,3200,110,False,True,0.0008921961158605384,0.06224558993328749,0.0015693951217085394,0.06224998046673047,0.0737935283956805,0.054057814715676056,0.0012315719330125243,0.0014259941287808864,0.05083421516924588,0.002922640521950413,0.050822388841450135,0.9423103716537142,0.06322889264028486
261,3200,111,False,True,0.005168582504080835,0.05757516982283294,0.0006840410460594006,0.05757317640289626,0.07614975635195863,0.054666552925119884,0.0008457060091912251,-0.010635847516541338,0.03597013020074691,-0.0072066447324757275,0.0359626093751897,0.8881749402733129,0.04466064356352328
262,3200,112,False,True,0.0020636691194014737,0.05684262293248963,0.0011287257100530477,0.05682999589844697,0.07740714691125675,0.055370423511073526,0.001614045662684533,-0.011001847801695943,0.04179437778997574,-0.007343333029702762,0.04178779964835854,0.9608129972958566,0.04992995624783064
263,3200,113,False,True,0.0006540948218219302,0.061538059949673415,0.000586986006483689,0.06153236798128389,0.07535910797100637,0.05513761303942381,0.0013932097000456385,0.002475014687756781,0.04714021653041712,0.003304897324913956,0.04713303145643323,0.8655646681555186,0.05810960569466905
264,3200,114,False,True,0.014953806072639304,0.06579193035153141,0.0013440982892290918,0.06578863071897861,0.08079990047158582,0.056422459972438735,0.0012620495933273821,0.01049096856274763,0.05961088364077952,0.018476440663546603,0.05960377790657532,0.9005677125186048,0.07468161216968339
265,3200,115,False,True,0.0008023854062335109,0.05805395763117025,0.0009684747973382319,0.05804255564374479,0.07483335728616977,0.055048059820454964,0.011261875024875568,-0.009222926912006789,0.03923186577294928,-0.007892133091637506,0.03921825031165284,0.8989867616145426,0.047112739677075244
266,3200,116,False,True,0.00036471788845899683,0.05733386972033629,0.0013141994141385406,0.057326613419203636,0.07602635475028928,0.053365369608494466,0.0009455574097404995,-0.00396419300748665,0.04672805171417821,-0.00229721795639313,0.04671369155235731,0.8987337533719617,0.05720968368684082
267,3200,117,False,True,0.0009026535059796065,0.05914710520809137,0.00022268857400629453,0.059147432977890074,0.08101584869898275,0.056353641927719515,0.0006282854331370886,-0.0025306209419003233,0.04558808034994954,-0.0014316250811317577,0.045575446798483625,0.925122333766871,0.05533475566722551
268,3200,118,False,True,0.02035626090583327,0.06010332931717979,0.0011656568007582407,0.06010373493417919,0.07700971650159243,0.054305618159908225,0.0008665326931952547,0.0041559135970964094,0.05678452274900906,0.014607099046255683,0.05677229841181486,0.9391924194475857,0.06783325836875398
269,3200,119,False,True,0.0018204449573057957,0.0608458821428803,0.0014728601226466189,0.06084332746332415,0.07363475907414427,0.05511731710715316,0.0013049630579936814,-0.004240198424504413,0.0431392713159309,-0.002615995235616159,0.043127530002965035,0.8938176389585485,0.05304776592858074
270,3200,120,False,True,0.0023124428971968546,0.059775058837143936,0.0012181517893354388,0.05977578891404084,0.07940253309939979,0.0557035658634029,0.0007626342726309131,-0.005516494121694156,0.046217546483533316,-0.0016181844505887997,0.046209106771398965,0.8795808619862953,0.05726758067934723
271,3200,121,False,True,0.001580024890650151,0.0582710481552304,0.0013696557934439525,0.058273726999357525,0.07929014384785103,0.05502818689063888,0.0008533606202074902,-0.003909192296684052,0.04482629498619936,-0.0012297204105885173,0.04481263592245071,0.8858270114254393,0.05527588416049084
272,3200,122,False,True,0.002508462289152205,0.06041194819845946,0.0012834833452349311,0.06041750621790281,0.07872236276058349,0.057402788636928284,0.0011778644953973952,0.00037832145414922526,0.04767417222323914,0.004506546085328704,0.04766205373904718,0.9299112998840361,0.0558374884789366
273,3200,123,False,True,0.001850948947715921,0.060675333443567306,0.0005945841435502165,0.06066680385330657,0.07565359043972601,0.055973162863277484,0.0012868355975968033,0.0010353547558116733,0.047761017928610844,0.0025817235597147942,0.04774870870870771,0.949815725885656,0.05701186017822929
274,3200,124,False,True,0.0002692597549639633,0.058967361624306866,0.00036332678965203866,0.0589694161734729,0.07499666954103483,0.05518315288933761,0.00043877406562802326,-0.003933900910221167,0.041782167351515936,-0.0035392150518292554,0.04176893029768337,0.9234686852979288,0.050783664524215066
275,3200,125,False,True,0.0018007365600574152,0.05830762420268769,0.0009584995505442156,0.05829679370955947,0.0837515981905579,0.05766348745977825,0.0013951664979233438,-0.013269180153455771,0.03138100703189366,-0.012272226139904606,0.031375995246648504,0.792201506732076,0.03979794062294606
276,3200,126,False,True,0.009497079660493924,0.06370738793435331,0.0012875516293572634,0.06371486659476171,0.07298516086834134,0.054990738845207617,0.0013310002299791752,0.012824493888153867,0.054465458097897185,0.0161688774486894,0.054460815569528476,0.9087841223563816,0.06605785294351774
277,3200,127,False,True,0.004390209599635666,0.06009823224260567,0.0014314981569925123,0.06008756509802633,0.07481941187515466,0.054605272755054585,0.001068661300219213,-0.005562125497050683,0.0388590991724827,-0.0032400818117124066,0.038854214383907786,0.8866027630605623,0.04857728109058873
278,3200,128,False,True,0.0011614746264857023,0.057105757551977394,0.0015751671377859705,0.05710269854861113,0.07890653495964266,0.05527937517978506,0.0010815721908682657,0.004108332970468807,0.047340727330281565,0.005618314872876061,0.047333042862346277,0.9021089113613843,0.055734359567241154
279,3200,129,False,True,0.009089624489886143,0.06275825980168727,0.0014958539796478612,0.0627505269137071,0.08025707904449371,0.05670652928306777,0.012127093139906033,0.007002065220155687,0.04888828438899822,0.010279189136683695,0.04888209982609681,0.8857052750134716,0.06021342516177458
280,3200,130,False,True,0.0001344525739060278,0.060191587054704676,0.054372283015294155,0.06018738690927598,0.07946109199838877,0.05633596662540334,0.001234219994211624,0.0016727306941663462,0.04914969715749777,0.05726345601718515,0.04914273284632316,0.9047793464515476,0.058946025596928464
281,3200,131,False,True,0.0011445922758664864,0.05769971003378533,0.0011426050267860984,0.05769573584942068,0.07592582088165317,0.053733991300323004,0.0009679352090979233,0.001195607377166993,0.04838092775933596,0.003187336186423764,0.048370635690572004,0.8994091562087965,0.058035842860673204
282,3200,132,False,True,0.002796097564562909,0.05652405090822379,0.0007848850854102272,0.056519844155743695,0.07951785909741645,0.05524454659283065,0.0021482713986229777,-0.008407797547069202,0.037911423940185714,-0.006836727311852866,0.03790361636396113,0.8674756164395181,0.04600444855965108
283,3200,133,False,True,0.0023472229602171536,0.06389084544783849,0.002486549930579117,0.06388999279952486,0.07272396013542226,0.0545802817682483,0.01348199205239998,0.0008231916447381516,0.057638875690135906,0.004041594281295715,0.05762879051661962,0.9666378619931991,0.07024024116135907
284,3200,134,False,True,0.0048788683743732995,0.061503552703150347,0.0006577355320682988,0.0614960203787688,0.08002456069592478,0.05484748204840801,0.0010623930835820508,-0.00335893795411182,0.045425222896392226,-0.0016761977267179045,0.04541820775056706,0.8750893865124898,0.058360973272942596
285,3200,135,False,True,0.0008743615722840666,0.0619667182832116,0.0011539177132101667,0.061956208465359014,0.07562538925600054,0.05488782773580244,0.0011379043208582227,0.003917934675263495,0.04497763010881599,0.00458153791150555,0.044971194365166556,0.9037422599397368,0.05633490423702969
286,3200,136,False,True,0.0035344107184374974,0.05939610002059324,0.00045496919513658896,0.059385569623055134,0.07866383173890298,0.05631780130316617,0.0008289004148375062,-0.008859504492854855,0.041189098495393706,-0.006380859273786141,0.041182569755320204,0.9267050700392596,0.050990546186891306
287,3200,137,False,True,0.019174585875076377,0.06829850320919893,0.004188411775025934,0.06828584480228453,0.07348903979818174,0.054589133849045804,0.023498508662899886,0.0167555015987389,0.05461804565081515,0.020629337676363636,0.05461137002120097,0.8740791433615936,0.06870748306804059
288,3200,138,False,True,0.0008189117898515369,0.06025718471142769,0.0017988251085970736,0.06025123402090185,0.07107841534304254,0.05249292902626345,0.0014987578930898934,-0.002470475889480839,0.049210521508203584,-0.000697306298836426,0.04920444480834192,0.912243020586865,0.06118960668871459
289,3200,139,False,True,0.0008282267971124279,0.05804397716238312,0.0016858289000167943,0.0580373837142169,0.08161742297521325,0.058107606423860536,0.0013039146571225332,-0.007313351717587493,0.03620951407099256,-0.006952627169293715,0.03620503797394832,0.8797041369432459,0.042789766455671396
290,3200,140,False,True,0.0013800564611116074,0.05716170913271494,0.0017030836155699787,0.05716273765646725,0.08319654527103637,0.05773874345381203,0.0014325833111638927,-0.009635117847441439,0.03604021517785604,-0.008604452576489324,0.03602724233989825,0.9410094130411554,0.04368204371337303
291,3200,141,False,True,0.0005413879441382819,0.05486368351307171,0.00133918379094823,0.05487252763442321,0.08076350811699179,0.055721242205477806,0.0011077658527009105,-0.029049270268429114,0.028254606084963142,-0.026667970334573507,0.02824254401032931,0.9037601260416607,0.03510667937817302
292,3200,142,False,True,0.012212514033105753,0.060896023072882194,0.00025140668890940627,0.06086874006034671,0.07560435772430034,0.056061232803278765,0.000830008901448083,0.002653456587268123,0.05262207316849178,0.008051803476351338,0.05261390376671642,0.9173659443526831,0.06200704641541749
293,3200,143,False,True,0.0009737125113490347,0.05971578825227786,0.0007356338347260313,0.05973026463016144,0.07977062322026414,0.05437713264926841,0.0012633557732164157,-0.0028392077064379063,0.04870798275788481,-0.002326061148012911,0.048701810746966036,0.8928571906507977,0.061414880558496865
294,3200,144,False,True,0.013275679871062408,0.06670605018569438,0.05264128027455062,0.0667030219804594,0.0768567722154241,0.05405215227263055,0.0016596216994111848,0.010310504549506052,0.059550708688699175,0.07402788022341668,0.059537459136867595,0.9078630412341642,0.07646031167676337
295,3200,145,False,True,0.0017889103547387996,0.057972730695503384,0.0007805097639246141,0.05798047799276902,0.07171832116931977,0.05274979455681672,0.0007226381043281396,-0.0032879372865325883,0.04731336788650808,-0.00209870113795684,0.04730068062325288,0.9215503855365719,0.05672999026887554
296,3200,146,False,True,0.0020035245404715395,0.05859757567502911,0.0007558770159248849,0.058602801940958134,0.08257696563873594,0.057799788759929326,0.0122315988368171,-0.005290999743885311,0.04144292086769483,-0.003708521392890982,0.04143060201703747,0.8904834681652433,0.04951424120794318
297,3200,147,False,True,0.0003903092819433265,0.056600512981017294,0.0005075276731088769,0.056593510055943215,0.07627230828079926,0.05505719323813865,0.0007002686471238569,-0.015517004094104858,0.036487179626299236,-0.015300524952810066,0.0364791888100094,0.9168455286893782,0.044734707004447094
298,3200,148,False,True,0.0027608036363656187,0.057291288182119524,0.0036195689533012327,0.05729224571473832,0.087243076834659,0.06032172643976233,0.003048001626408564,-0.018449461457442858,0.0223773424042254,-0.01797133166493945,0.022366662656326072,0.8573891994615532,0.027345671072996514
299,3200,149,False,True,4.686456736734473e-05,0.0595979881371487,0.0002476724416242427,0.05959695809789525,0.0764677966683469,0.05475488180007285,0.000806180453169353,0.006468191986939403,0.04992103518398189,0.006246219791762694,0.049908336073846725,0.9343368604281089,0.0603130813431606
300,6400,100,False,True,0.0005093145365631859,0.060778637265560154,0.0013411044230060337,0.06077661053075567,0.07366432218189577,0.05537216055891042,0.0008606346293911955,0.0015849237273583507,0.04262097339389165,0.002275482829204929,0.04261088181914822,0.8828205867102557,0.051543768610673
301,6400,101,False,True,0.00021969724025245268,0.06137129884345843,0.00016327071179108544,,,0.05526467634825446,0.0007938853416480185,0.0033657719803451727,0.047695238975219,0.0033342779473290373,,,0.058307281728625704
302,6400,102,False,True,0.00043080351308645565,0.05601680428249083,0.05404920677088148,0.05601450662351934,0.07615778265047861,0.055316652158489604,0.011692182853243766,-0.01889497651631247,0.03187173920549874,0.037608713640416014,0.031863783957110314,0.9043097643558186,0.03882530090697256
303,6400,103,False,True,0.0011103625283750906,0.05797919092415201,0.0012143703971921722,0.057976421434475324,0.07821227240484248,0.05620679534318849,0.0006034890780486591,-0.007989118985029553,0.03774968723482502,-0.006583436443403181,0.037740437460406964,0.9110999869280303,0.04608835203300915
304,6400,104,False,True,0.0006947983009954924,0.05783381096998626,0.0006330804457283484,0.05782816416738768,0.0767742616234603,0.05623388117422408,0.0007910820677117094,-0.002685107632220476,0.03947000252358045,-0.002456935385455851,0.039463595197041956,0.9396010294342056,0.045925212403795546
305,6400,105,False,True,0.0007764829612801949,0.06060133248121697,0.0007351625884665658,0.06060055093640072,0.0796479079736826,0.056638491858750944,0.0011260210326041336,0.004587897696242455,0.044579555100751594,0.0051753777865927745,0.04457072221485319,0.901585532720964,0.05436750673882934
306,6400,106,False,True,0.0014147848051536376,0.06027671235862536,0.0012602610176042286,0.06026966085790238,0.07378082147025683,0.0553006064580933,0.001143768309150376,0.0006483485276353499,0.04499882261222652,0.0028591513693028547,0.04498761429081853,0.9308159259395085,0.054572399193442755
307,6400,107,False,True,0.0011152642263979582,0.06026997939240968,0.00036075770291740735,0.06027724716216296,0.07736620004391134,0.05509040488703326,0.00044319868342735676,0.002723310839151877,0.04974108539285979,0.003325382169807455,0.049727642890839835,0.9239935016866977,0.06107229826343191
308,6400,108,False,True,0.006743253226795707,0.06416042591097111,0.0015072680811312577,0.064155559959196,0.07182732394569964,0.05398013118732688,0.0010486959592367969,0.008611638127060966,0.056718105336689466,0.013123706662709938,0.056711779334493784,0.9202032889081235,0.0700388350490212
309,6400,109,False,True,0.0001776626302811703,0.061133982129553746,0.0011630629408936276,0.061124071809059155,0.0770495425677384,0.05554552489882983,0.0006095784113615829,0.005298057706854053,0.04840756176997218,0.006206940444390728,0.048394232395775345,0.9177049507084101,0.05908587473808119
310,6400,110,False,True,0.00020762496340044064,0.05968343729240714,0.0012733134650798877,0.05966764316318995,0.07600350638592611,0.05626066321419807,0.0008642582695703765,0.00038685473165909427,0.04306921136505295,0.0014319444891666253,0.04306239100084973,0.9364792463570494,0.05136539598501422
311,6400,111,False,True,0.0004465210817035901,0.05679676116691609,0.0011011377585197159,0.056774657378375046,0.07599117448696197,0.05461726608825603,0.0006412574612134158,-0.009889499291944296,0.0384765534001847,-0.008434500878253884,0.03846449668648546,0.9240768518655181,0.045999199237813426
312,6400,112,False,True,0.00799941846754655,0.06764196544841865,0.001671154928844302,0.0676197606009318,0.07670065463555749,0.05559974005357356,0.0011474130687083469,0.013440450337487758,0.05671311735435026,0.017069772502533977,0.056706462250376365,0.8985267480547107,0.07117552136080585
313,6400,113,False,True,0.0007045625832408948,0.059235096145818594,0.0014240461330909588,0.059235652574596384,0.08024129654797978,0.056598712163072065,0.022621351411421093,-0.0007226626700484487,0.04212728689458075,0.00038696648454649986,0.042113547641132246,0.914416149873803,0.0511696831292936
314,6400,114,False,True,0.0043508130610785175,0.060206404039560624,0.0011154013614640722,0.06020293596357003,0.07622688544018756,0.055070909697096104,0.00039464319989386575,0.003079312924673214,0.04621330022172941,0.00529005069851853,0.04620563218314487,0.8920310541423406,0.05600045049612601
315,6400,115,False,True,0.00038677569882981347,0.058347051820309505,0.001152148031890077,0.05834179784054386,0.07372015633567552,0.05435046678265584,0.001041085884210715,-0.006062551095192657,0.03860008172323198,-0.005350358613102702,0.03859271185085184,0.9013711476735402,0.047447687254753124
316,6400,116,False,True,0.0002002897151189572,0.06062773865615895,0.0015606316305109766,0.06065149848580433,0.07736481794399816,0.05487733676207405,0.0006799409324354793,-0.001824648655115234,0.05170481105079709,-0.0003869050650235895,0.05169653885413233,0.9579280529807339,0.0634106311347129
317,6400,117,False,True,0.000809633920022636,0.05734283279210457,0.00014221736981070952,0.057341228459966136,0.07416774265788811,0.05463786275770403,0.0004035509922332311,-0.007860978718145043,0.04012499896850258,-0.00712490064335231,0.04011406830113593,0.9352884853086613,0.04763850365246636
318,6400,118,False,True,0.000727050282438972,0.05972745623668541,0.00165142774307318,0.05972721495387584,0.08131525093500176,0.05712766240918191,0.0006408365894749894,-0.00334970734338853,0.039739317564314404,-0.0022694712360941172,0.03972722482438172,0.9121776055988975,0.04907306610482809
319,6400,119,False,True,0.0006357489873253803,0.059049525604689464,0.0014611921588833145,0.059046322844695555,0.07404250324597078,0.053676518554300695,0.011869753864579849,-0.007252563439293342,0.04461265802966409,-0.00627959672546231,0.044603803788602646,0.9048927292541339,0.05520206341279521
320,6400,120,False,True,0.0014511858426516095,0.05738933922468737,0.001224081406089605,0.05738935081378952,0.07825316630625434,0.05584233970099167,0.0012644111169410118,-0.009297830781945259,0.035762650045812736,-0.008209564925547115,0.035749369599776204,0.8951049951329358,0.0435915813562574
321,6400,121,False,True,0.004037948343459306,0.0622582578068812,0.00023220044895025634,0.06226738096604216,0.07928386542092167,0.05636579225900591,0.01119248095317888,0.0030042972351193276,0.05151178770566368,0.004590917285012799,0.051505558192305116,0.9249526646765454,0.06258712147275813
322,6400,122,False,True,0.0005289589243610585,0.060301606312888,0.0003117568393353063,,,0.05523128165227373,0.0005813503599025086,0.0007404813129229121,0.042973368303678684,0.0011020419665736924,,,0.05247490472551203
323,6400,123,False,True,8.954569412926505e-05,0.059002900920312976,0.0002264342570974197,0.05900117396347002,0.0743888033565826,0.05509653317640364,0.0008398517981257021,-0.0025374961654176156,0.04341925879651228,-0.002477279146373993,0.04340848721397663,0.9206305767970331,0.05234198281326874
324,6400,124,False,True,0.0005315082828968374,0.057439884308207415,0.0011767723575519444,0.057442041037977426,0.07845383526271248,0.05631282364392385,0.011758545549547302,-0.005344833553553992,0.04373100240262673,-0.0029607583468778177,0.043716650804292954,0.9296757047572288,0.05129651511893352
325,6400,125,False,True,0.0006071240526098197,0.06006328217779162,0.001330415412453065,0.06005259547721547,0.07822613572475082,0.05460506496886983,0.011174009627153033,-0.003766205747695589,0.04721609478757913,-0.001528340551977113,0.04721077415217685,0.9337636938171524,0.05871134024169666
326,6400,126,False,True,0.0012881533006748977,0.059025676613956114,0.002052502102542184,0.059028379535130925,0.07854712483732074,0.05783073477804386,0.001339218450837122,0.0024476788840231117,0.04114376401126684,0.0033630774821544413,0.04112963238694448,0.9469924197926027,0.047463918144774575
327,6400,127,False,True,0.0005177541853055038,0.056230674780902386,0.001275297352119724,0.05623136407990779,0.07678288227086662,0.056055147812202305,0.00042461057088398984,-0.014207229734806153,0.03286691713501313,-0.012697445075170948,0.03285450582623966,0.9038360962125428,0.0389789161793897
328,6400,128,False,True,0.010094366122915852,0.06318778105933634,0.0013200516753334001,0.06318650344753365,0.0797749611174514,0.05675260872180207,0.0014864691539552687,0.011748196160110885,0.053860270997603335,0.015866326487897445,0.05385348347271744,0.9313560714954369,0.06505553828087307
329,6400,129,False,True,0.00022543053112318416,0.06210842555327998,0.00015743076770292834,0.062110875400504834,0.07925708394468796,0.05589241170954247,0.0008788078638200594,0.006000843138120393,0.04985281408037594,0.005785929397620768,0.04984220403897112,0.9094995765514631,0.06165010310889735
330,6400,130,False,True,0.00048351128548831533,0.059071648336461335,0.0011586152795297813,0.05907479743321357,0.07727802058247858,0.0548015214959423,0.0006080154056584814,-0.00014972734429937406,0.048815548881824496,0.0020039053417638115,0.048809386356699846,0.9253157703480356,0.05881788304067581
331,6400,131,False,True,0.0028804929118667736,0.060569162666947014,0.0013269217131394383,0.06055761249685085,0.07399753387368965,0.055095976605232105,0.0010706761000743332,0.005752766899763454,0.0477183348839386,0.008229929193648318,0.0477050173366154,0.9324698332861476,0.056775248682171764
332,6400,132,False,True,0.0055880256851707,0.06361499397823189,0.0005227671505731264,0.06361024650644131,0.07666065327765398,0.05500479354771075,0.000899425861603239,0.005145985652226222,0.0494055379682915,0.007778608102501401,0.04939355439736417,0.9110873151509424,0.06161254414989181
333,6400,133,False,True,0.002623334329039717,0.0605546457761798,0.001296356303913033,0.060547108326144655,0.07845849282255635,0.056612504328878405,0.0007548873925949857,-0.00031480422707847957,0.042427166757612156,0.001838643415227838,0.042420201829232125,0.8872044201884154,0.05181132236978869
334,6400,134,False,True,8.841075652103768e-05,0.061242150955566815,0.001125495597015159,0.06123338047706125,0.07488841328354641,0.055120305280967105,0.011484098861656201,0.0030958589296338672,0.047303445234747554,0.0038210782384711065,0.04729971468449712,0.9050536334448487,0.05813371369135445
335,6400,135,False,True,0.0004998039282477684,0.060603511197740066,0.0005455712053069404,0.06060399535686685,0.0728372323227347,0.05471364669462233,0.0007305946848579094,0.003495846352195246,0.04983947251790084,0.0036303827152815832,0.049825996595533155,0.9303907875968512,0.059746038271746404
336,6400,136,False,True,0.0005483204314158665,0.06023550137482489,0.0011867762309416587,0.060230863707335575,0.07873723661894066,0.05530419060653181,0.0005175902417294501,0.001790567330205325,0.04544901701858329,0.0025787623992665656,0.045438106475383294,0.8965597699862868,0.056192361019848924
337,6400,137,False,True,0.0025204606913415977,0.05980860236063682,0.053400354511470134,0.05981061703931928,0.07260836150642196,0.05334380849325757,0.0015423858954959871,-0.0103651056197879,0.04476319412473728,0.05393372794094121,0.04474952008350854,0.9380859992021717,0.05581277117553041
338,6400,138,False,True,0.0020967934456367922,0.060184416332063506,0.0013137618231979361,0.06018196029772802,0.07819568485625346,0.05557202055942351,0.012081515627384427,0.0012878387766478605,0.043352433391424514,0.0028808115162084237,0.04334051535934037,0.9077784449042664,0.05303271131235221
339,6400,139,False,True,0.0007661155805085665,0.059753375690378835,0.0012422128716440617,,,0.05656313286094252,0.0005455196240941856,-0.0022425234793696934,0.04208038519141333,-0.0002551021195574271,,,0.05086104370623162
340,6400,140,False,True,0.006290919817176867,0.060747009121442,0.0016177924370861386,0.060755854215285406,0.08101116725931266,0.05551556903876258,0.0010522152804135017,0.004308812624012942,0.05460756252160117,0.00641565666105301,0.05459388778584454,0.9356394288961037,0.06689612229137465
341,6400,141,False,True,0.0007026853701623438,0.058080750491620446,0.0011891760014741464,0.05807867232653475,0.07547555703017517,0.05452608666412171,0.0008155006804113253,-0.0034050424951470736,0.04703725532419817,-0.0011406739594396265,0.047027716254932204,0.955206406830886,0.05600529396306869
342,6400,142,False,True,0.004434561079828221,0.06176859368400687,0.00020261075582199035,0.06176926705462351,0.07664793233300414,0.05573910019496519,0.0005954302278602504,0.005890132636754604,0.047992088390580036,0.007631487130580674,0.04798098317665542,0.9124965112205924,0.05854811832659368
343,6400,143,False,True,0.008019122711708071,0.0632910738877907,0.0002406602870260768,0.06328172525987967,0.07704896057415953,0.05587543429666219,0.0005582111726574348,0.005979558944237393,0.055458707026167176,0.008464318385179111,0.055452340587297755,0.9157813477282191,0.06756922765661988
344,6400,144,False,True,0.00122491084316983,0.059567306541993784,0.0013607211988871206,0.05956753007876407,0.07790922401501678,0.056117415942151964,0.0006383084539845483,-0.0016786667489775088,0.04412404035466906,0.000753790322560951,0.04411199430205372,0.9143238307509755,0.053668616096625765
345,6400,145,False,True,0.0012671649094507975,0.05974678469982028,0.001100507540520933,0.05974394290031256,0.07602018437739194,0.05439344423233059,0.0008988132108820179,-0.0016390997600918928,0.042052926171495815,-0.00038277718110844573,0.042045493326131125,0.904697200634263,0.05300767139370571
346,6400,146,False,True,0.0005034200277512333,0.0582047581460609,0.0013309255821700855,0.05820255427234171,0.07731548740491148,0.05580871037373042,0.012017766523370717,-0.0037577999074822266,0.040743016362121125,-0.0024180022235188786,0.040732385721746596,0.9170248571165525,0.04859424484368624
347,6400,147,False,True,0.004944572173939123,0.06423291581452677,0.001427920130306589,0.06422710283192275,0.07535211471903272,0.055202239317620166,0.0012216199405866795,0.0083020928438889,0.051440501337079926,0.010307279640346213,0.05143597057465271,0.9278241618630747,0.06422700813152138
348,6400,148,False,True,5.007810096827491e-05,0.05772749022431192,0.00027700761596574907,0.05771618792654624,0.07723709227406406,0.055165209959895475,0.01164596498945161,-0.007434966745162416,0.04183399610995053,-0.00711505175340349,0.041827290587385595,0.9283991792834969,0.050183286567512086
349,6400,149,False,True,0.0007192045156181443,0.05923360787990079,0.0012357327192979626,0.0592645579914819,0.07381630171744927,0.05347656111682395,0.0005457247561338293,0.00016833869061636753,0.048534694301317176,0.0021751409277681556,0.048525216580169755,0.9437702371556534,0.058973900482652386
