,n,m,use_location,use_scale,MSE_wellspec,MSE_misspec,MSE_surels,MSE_NPMLEinit,MSE_NPMLE,MSE_thetaG,MSE_EBCF,SURE_wellspec,SURE_misspec,SURE_surels,SURE_NPMLEinit,SURE_NPMLE,SURE_thetaG
0,100,450,False,True,0.02708210724089042,0.007332050195543627,0.00205211252549149,0.007332124080718641,0.008561273244802096,0.004950156098101766,0.005858137282217624,-0.027473965696148565,-0.00406454525220612,-0.004031073486407714,-0.004064906131685042,0.0347748493612419,0.0006098021910894008
1,100,451,False,True,0.01827719232666459,0.0048526143344651855,0.0026805672519279035,0.004851423835097128,0.005978569416013566,0.004166085761946283,0.010057762575819775,-0.025991929364284527,-0.008600070776370235,-0.010271602813113838,-0.008601644488580718,-0.004335605110953971,-0.005531750500603075
2,100,452,False,True,0.030875380224351143,0.0064979048055972,0.01580535815512214,0.006497895509860636,0.0065222082149597885,0.006497936153515531,0.023549238593649692,-0.0454539898918326,-0.03130147490927765,-0.03339351969353612,-0.03130211259955489,-0.026869937497341123,-0.028685281518119596
3,100,453,False,True,0.006536635508587939,0.007775290724074961,0.0023449928701313426,0.007775354081311651,0.007045576274208535,0.00777524309222629,0.005985791242678748,-0.02295438515157255,-0.014353189879518613,-0.01673220804952037,-0.014353379104394897,0.021528137379213382,-0.011596809723021753
4,100,454,False,True,0.05378162797576518,0.005779437060586426,0.00462675788214293,0.005773390453439927,0.005886675884331891,0.004563007349915627,0.00962642057951252,-0.043340175030738094,-0.007292177062258602,-0.006655712631453075,-0.0072898655204730115,0.04271420415478726,-0.004394338589987279
5,100,455,False,True,0.005233677748485561,0.004394286096950538,0.0006242942708556053,0.004394281724427168,0.004858485189535416,0.004394202345866284,0.013866633152944407,-0.01827086546547951,-0.012809545305013473,-0.014790625596766858,-0.012809644204813005,-0.005551056873109541,-0.010519496604938505
6,100,456,False,True,0.042938382442104815,0.025677972732174023,0.02667487988836367,0.025688391498156524,0.015453867632121967,0.01916988723714832,0.029053293116749333,-0.02432823299206719,0.017111919933459542,-0.013834970802333216,0.017106576958798938,0.16109974050593628,0.02119569524053691
7,100,457,False,True,0.0029293220210597987,0.006707307619354017,0.0019078981821482573,0.00670754749387807,0.00636958346889943,0.006707294579534352,0.007590102537926764,-0.01654172583955134,-0.012489287650005744,-0.014313695668446156,-0.012489485757092975,-0.00653902540322953,-0.010167036267458851
8,100,458,False,True,0.015472021696820302,0.006337477377959825,0.01176356187216451,0.006337512960329048,0.007163547274421116,0.006337426767996483,0.006181507619074117,-0.015655822293672506,0.007685797434220962,-0.011199212992752245,0.0076856779046803325,0.06697784427649216,0.010359246107986053
9,100,459,False,True,0.04592655621551656,0.010273602045400248,0.009537802312281633,0.010308001680547407,0.0052597541487889145,0.007382347782841825,0.022575425417750476,-0.01971660812068473,0.01821590632662172,0.012810782637947753,0.018198324901440303,0.11060122363093111,0.02190080896793016
10,100,460,False,True,0.03233716587661916,0.004082627353080798,0.001128038237522053,0.004075716683464703,0.005596239943215335,0.0038862210023542375,0.032764442888901554,-0.02693013675647336,0.01129235553953933,0.003253367786911661,0.011291946371748303,0.11850344721534921,0.013968624408796801
11,100,461,False,True,0.002919551782492313,0.0037815444536329385,0.0024906595838816957,0.003781621064391656,0.004411061807304986,0.003781499347274639,0.005290573973970857,-0.02484768281493742,-0.01218412898417423,-0.023627928752889868,-0.012184269056605928,0.06605585625186429,-0.009728296599799513
12,100,462,False,True,0.050868904878183886,0.005702292863303181,0.0016432081318030814,0.005701168581147609,0.006137513609103897,0.005702152206502453,0.006639442896576396,-0.0556234832623508,-0.014529311988942854,-0.015807612555785534,-0.014529206638393912,-0.014464548906008776,-0.011878251635813478
13,100,463,False,True,0.0014395978407190152,0.003826525651609309,0.0016777277782982225,0.011335427271400127,0.004201329128303589,0.003826491729838197,0.0020319181615659353,-0.03321662958980915,-0.032660166638895836,-0.03311389612742287,-0.03545918629408031,-0.021970459874128937,-0.03035662728983675
14,100,464,False,True,0.056359579259518754,0.01377232687100354,0.012534691085127145,0.013778591073740293,0.0034186596877599507,0.006220828751536694,0.03023432057226814,-0.01696949011409905,0.02960395746395207,0.017832699378266755,0.02960021845561876,0.044683971801803786,0.03405339680303647
15,100,465,False,True,0.019665663299199273,0.04654786215789199,0.01809385216245342,0.04603598166112143,0.015164197737524008,0.023813043663022868,0.032294653873031084,0.0072111036567904605,0.018025733633344424,0.009232878190056686,0.01796180760189742,0.3033164253431099,0.02429039113247619
16,100,466,False,True,0.03806757930740042,0.006238627074001347,0.001967756748394591,0.006238498285929915,0.008689095183155854,0.006359758729077592,0.02424379644614517,-0.03590660626730929,-0.0021355543036079183,-0.004044870969016915,-0.0021358232865204842,0.023889377767794553,0.0005494461073928397
17,100,467,False,True,0.03405176173238274,0.013017696872610604,0.01040227049759604,0.013019779683952747,0.014166056886952856,0.009567014527006928,0.01811235405631473,-0.03897429840727825,-0.008156391504419602,-0.012456877388215229,-0.008157862291276406,0.014307803666474434,-0.0022770355029627792
18,100,468,False,True,0.004835375773354165,0.0035596882191585195,0.00042233584077796496,0.003560365278901577,0.0038834148443136042,0.003560123423795575,0.0038481649742187207,-0.002327677585554642,0.008315102326498777,0.0025551935474500687,0.008314699037675304,0.10974609951091523,0.010646977502699315
19,100,469,False,True,0.04668636830167574,0.008943694106453157,0.016829329876456724,0.008946597613511145,0.004434111192679515,0.005843053420392082,0.016799046828256475,-0.013439598227782299,0.023060249172664412,0.010179956607741793,0.02305891926065119,0.03488490782883288,0.027074057607449825
20,100,470,False,True,0.09332742144034624,0.03071768587967281,0.016503170992353093,0.030725725046080926,0.0235873098435503,0.017753619423980068,0.02201959263851942,-0.020541882062405394,0.020037172294768587,0.02012359699241491,0.020034419296563365,0.030292979155006262,0.029375805712513706
21,100,471,False,True,0.023096185203929562,0.0036860675744243413,0.000526087127638735,0.0036861873644385996,0.004862255573582136,0.0036859469838563465,0.003692109130909981,-0.036251782163237226,-0.00984524555286006,-0.016284276393859286,-0.009845582040614627,-0.00276985166158207,-0.00737619204721085
22,100,472,False,True,0.04877239491522706,0.009716354449873916,0.02089190130128492,0.009716265498443274,0.010696230057024065,0.009376308973850939,0.01513765583626345,-0.022691056039286988,0.008523765492833757,0.005428832463369996,0.008523528034627238,0.010621335847112974,0.011127212431376265
23,100,473,False,True,0.023415373967042664,0.007964829536754472,0.0015115588573255145,0.007964725346925,0.008211277211696476,0.007964566761452557,0.011006202791249354,-0.03758432585850239,0.0012160358739628308,-0.012764004965435505,0.0012161981019199787,0.18711758582082283,0.003933949955348487
24,100,474,False,True,0.04705984688074086,0.009510379164776803,0.0020469142201259578,0.00951114866990354,0.005902673256686844,0.003243706522910781,0.013564267803069938,-0.03658981399868489,-0.002159118329815932,-0.0037275842031453087,-0.0021594347706406936,0.05834724793415827,0.00412338748860154
25,100,475,False,True,0.03042456035547022,0.020435838029217,0.011093299814463973,0.02041991091111189,0.018951694851642376,0.007364783889280829,0.02485235521518627,-0.022323696940077756,-0.013864172860524313,-0.003736487472454878,-0.013865867067767077,-0.0011829313025029187,-0.0007456116510899807
26,100,476,False,True,0.004661544946316141,0.004354901796156866,0.001171194946496927,0.004354957844098725,0.004273339563445352,0.004354780831861213,0.005874241622639814,-0.03488672491698668,-0.023515694104492228,-0.030420276123090135,-0.02351603196902831,0.019122440090795473,-0.02110271463047146
27,100,477,False,True,0.06401243747876838,0.009234358504894851,0.003299915124836737,0.00923503634804411,0.006941755423141282,0.006018300287653389,0.012354426387009456,-0.042959233160574,0.013937241285530018,0.009305831579261997,0.013936761755829998,0.07602518998609357,0.01863770724460359
28,100,478,False,True,0.014028844496078625,0.031105074431906677,0.002274326906950526,0.031143941075670676,0.012746023016158896,0.005005587890925914,0.028025724842009714,-0.01525691197250804,-0.01723042670722597,-0.0022156463469294872,-0.017232584864859055,0.11974784921501289,0.0009613295249150111
29,100,479,False,True,0.008175070002947954,0.00673666456827492,0.0007789710022140818,0.006736793969200395,0.007600104731612645,0.006736558091556085,0.008416542235586707,-0.02703792084341872,-0.007845185466519506,-0.01913726865954373,-0.007845402718674812,0.0532496843529249,-0.005357187970441213
30,100,480,False,True,0.005825238923442431,0.0065004023895136095,0.0017494755060038772,0.006499648440821637,0.007121297665489558,0.004720428520845741,0.004881894635002425,-0.013197153389362322,-0.00962359748236219,-0.008953475268086757,-0.009625753897389107,-0.008440894331542204,-0.005425299413327686
31,100,481,False,True,0.008870829927762156,0.009615737558179932,0.007794159555741126,0.009615672440273322,0.009652688575895612,0.009615635020864646,0.012185015114919165,-0.05550347240078464,-0.05358751065516835,-0.05379093895554199,-0.05358831286313048,-0.04785511307732914,-0.05090030248955449
32,100,482,False,True,0.017488484727124495,0.006468453793497869,0.00272776009588956,0.006468430222648455,0.004060856974219702,0.006468053074462401,0.02206022733380484,-0.032691642777731456,-0.008356190088046276,-0.014133217943056256,-0.00835624309207379,0.04693301600406672,-0.005903168477013637
33,100,483,False,True,0.007467114172093581,0.004822366474106416,0.001980751704500233,0.00484935861974064,0.0069702074914458345,0.004822615307406284,0.006331658991015102,-0.02040694908977179,-0.011811386408544032,-0.014166573069021,-0.011811552041797456,-0.011789326160737126,-0.009449540500630002
34,100,484,False,True,0.0026761887798156143,0.003793271559087137,0.0023016641781679007,0.00379320744574471,0.0049361657380132765,0.003844361065847786,0.005789367303697501,0.0019725794186172185,0.003900731887727229,0.0035637086500619835,0.0039002766942328295,0.05300654648883473,0.006253916401390308
35,100,485,False,True,0.05458816525755998,0.004809863308187203,0.002828420054487244,0.004810025436744356,0.0045267482155716575,0.004430348501977687,0.020689974510817468,-0.03174254011951701,0.00925667083852055,0.009250140727310913,0.009256362350732347,0.01374843838398201,0.011734580061830521
36,100,486,False,True,0.04187311099631323,0.008398410657460116,0.006632815120959703,0.008411279966821027,0.012449817820151208,0.007802163320510158,0.01669214473793563,-0.04086862840043942,-0.010894573269182004,-0.017414586853101724,-0.010898890715319479,-0.008361431153623897,-0.007292392933099828
37,100,487,False,True,0.08161306106528808,0.013451467511053248,0.009256344017533037,0.013451814154137414,0.011745941081937786,0.00963649772296646,0.016652641019122057,-0.03431821000091143,0.0235941816431329,0.026231475191508535,0.023594002988595514,0.0740179410983027,0.02841153383618336
38,100,488,False,True,0.022443384332343847,0.004850122449675853,0.006521101294828687,0.004850366153943325,0.00426100616817224,0.004849884940365528,0.012624760018234694,-0.031337645272428244,0.00408731364371068,-0.011380332077988272,0.004086898018792837,0.106742376672366,0.006635605771786762
39,100,489,False,True,0.020145034764860657,0.006493267881270737,0.0037335605578261814,0.006500101934717851,0.00721612825742022,0.006386744133874429,0.015565739557278182,-0.031317351645909326,-0.017011561033564677,-0.017262194989372894,-0.017014935247490277,0.01767762962194462,-0.014337866710023905
40,100,490,False,True,0.021415424451601214,0.004096305056453152,0.0019240670634932538,0.004096341761288864,0.005073556029084976,0.004096253792020545,0.010783181915183952,-0.032503571088062996,-0.01295752863120125,-0.013514502531632845,-0.012958056075975097,-0.009053952496901748,-0.010495676429531905
41,100,491,False,True,0.038245204895019085,0.010994321656431572,0.010795273030023278,0.010993848010291582,0.00914713237661603,0.01099447553466165,0.02177059841128015,-0.030968980960066627,-0.008260093092305425,-0.008261566075686594,-0.008288019417891004,0.018597182709852902,-0.005590186539800507
42,100,492,False,True,0.0009525256253209678,0.002219061233640223,0.0014180705169072932,0.0037413857480881087,0.002236450862977249,0.0022190457351380114,0.005071085546130107,-0.025918040131120614,-0.02502247261529579,-0.02511446760021748,-0.025389053601527642,-0.025087695398105066,-0.02274498402912091
43,100,493,False,True,0.023552834111815732,0.00737082885989531,0.009061632976487148,0.0073708658220686014,0.007551079685481893,0.007370759041509824,0.012721237189866072,-0.049060188369882705,-0.03348507796235678,-0.040569370796737995,-0.03348562317402934,0.010585926122946353,-0.030762883812034444
44,100,494,False,True,0.03779478031100275,0.010490819103359354,0.005201678490630691,0.010492661177944746,0.009902369153090698,0.007791130021003227,0.016064540133937263,-0.013729067889449949,0.006776807797043176,0.008398020411198248,0.006775999496093341,0.02754416763777142,0.011439163753503831
45,100,495,False,True,0.007165992669959439,0.007162521142296045,0.003685164493342859,0.0071635350481211646,0.005827474822364591,0.006052548090903355,0.010083504544359707,0.009310991363500812,0.009311263649541743,0.0010440509304916778,0.0093111404075378,0.1033140579897836,0.012254906003977065
46,100,496,False,True,0.003541650531503786,0.005655724996781625,0.0028851793974982664,0.005655867971674336,0.004088172723200829,0.00565563434906964,0.005526823699235208,-0.013765465415488603,-0.010793939644198076,-0.01320893841056423,-0.010794337361785936,0.031827657097534115,-0.0084082189279992
47,100,497,False,True,0.02764728040099534,0.030569125380641163,0.006130799892747852,0.03057638587271134,0.015131723205966252,0.004900386250540363,0.009391819679759737,-0.02782727720388776,-0.014965942834972754,-0.010559706008922002,-0.01497691149460687,0.056398538297945,0.003323687333739042
48,100,498,False,True,0.00364410207143383,0.003899738647271179,0.000489329252346591,0.003899741085602372,0.004353177402008106,0.0038996190073139923,0.004189875778677241,-0.03855638771806928,-0.033093443862932406,-0.034953886139167854,-0.03309384591516881,0.05254524340958278,-0.030722028339033314
49,100,499,False,True,0.041896275933273566,0.01543015221931339,0.0034223100809673756,0.015360920840313359,0.008579597729215124,0.008992929379520205,0.01780440335064301,-0.014324256183541426,0.031087393518591907,0.024398950216918548,0.031086058455926456,0.14705588097607675,0.035867191265632384
50,200,450,False,True,0.0308342636915534,0.01516269109984606,0.008552386931088457,0.015172894209485305,0.013279091309720296,0.005773572237711049,0.007901662122162506,-0.008749961691785947,0.014704095680034347,0.004332971664676808,0.014702407311189472,0.08838624545175215,0.022966965472529757
51,200,451,False,True,0.04099600079428674,0.009105061543416646,0.023463265895513365,0.009106348672252525,0.005333550973232974,0.0058653066780877585,0.017699713190108393,-0.015667959011544545,0.035504384586929824,-0.0014684552445766597,0.035503432950156635,0.10132341094806455,0.03969936533837555
52,200,452,False,True,0.027481140778041646,0.004031052113362005,0.0033397432048154103,0.013231900595863015,0.004341399372506075,0.00403100672276896,0.014361834372808285,-0.033993583893407474,-0.02016502201590827,-0.020196736426602573,-0.022957738495939177,-0.008128933237005427,-0.018943066931480568
53,200,453,False,True,0.05455373921241283,0.025710756404495032,0.01721944273538437,0.025719297843205417,0.010646902009316552,0.007765365365908406,0.010050764078008206,-0.00825787891745297,0.02860617057350634,0.016664094393383816,0.028600058976842747,0.09106843374164296,0.03989043280481548
54,200,454,False,True,0.014747458728702407,0.007024045241088989,0.0020917424476363713,0.007024350570061664,0.00519034347795366,0.004234030276938666,0.00408963697841431,-0.008278787276135435,0.009177063587690545,0.002295432770517972,0.009176768592615776,0.08706725217306596,0.012819377511786564
55,200,455,False,True,0.0077747266662964885,0.007767316567313719,0.004246765856830478,0.007774682786849548,0.004548323709992464,0.004958699547451838,0.010488932777229114,0.02509799034696986,0.025094805333262186,0.015143338857478527,0.025094195739130746,0.06739086742614817,0.02784424207110528
56,200,456,False,True,0.035509507809466406,0.007471488830264422,0.011851820139378164,0.00747135324380872,0.008932968871988143,0.007425882872943184,0.014388676608117984,-0.014403452627036031,0.014808952584854325,0.004858286464553336,0.0148085987691824,0.01976373010456438,0.016338294990464144
57,200,457,False,True,0.033909982744050826,0.0050383215182247,0.0042078623691027585,0.004937523735940897,0.0067102861052282916,0.004104461227763883,0.011717496534182562,-0.021392019577089784,0.01487626589177303,0.015504000223914688,0.014816803980114947,0.020854744583710404,0.016760709163765958
58,200,458,False,True,0.004518077161866702,0.0051301874450460395,0.0010137686957519235,0.005135554953025706,0.006001142986716581,0.005216758424254082,0.0024530748560516614,-0.024708360433466345,-0.011503138055161788,-0.02128163375464599,-0.011513323351154289,0.05144184281097003,-0.010152407130033417
59,200,459,False,True,0.04058431615581922,0.010296514008785675,0.004841523491942135,0.010304488608710702,0.007652676035395999,0.00744433567965895,0.03605447930945872,-0.0055880129532617905,0.02276199483896468,0.01912627854958957,0.022761451613645393,0.0515792813514302,0.02555664644942425
60,200,460,False,True,0.020791505439690994,0.005959709939172893,0.0037872353255466013,0.005959768189129665,0.006667829271371289,0.0059304726128087334,0.011370695872354016,-0.013737456330866102,-6.155638937453745e-05,-0.0005194091299259557,-6.183153516458262e-05,0.03301514378365836,0.0011718946948829634
61,200,461,False,True,0.019124198860324,0.0065911770162409376,0.0030902932145999516,0.006589676565732378,0.005723241367187564,0.00577385908708056,0.014556823138315259,-0.013961200189210985,0.0013302965919253218,0.000957027302059893,0.0013250125141316715,0.03939713672981494,0.0029201047343422465
62,200,462,False,True,0.0033477084214193725,0.0051852885875508245,0.00043728952170598597,0.005185322521981766,0.006331828439965521,0.005185109449624015,0.0022727009702217713,-0.035148614233032865,-0.030030104776895,-0.0332819431016537,-0.030030448362870086,0.04219151141106913,-0.02878370311300131
63,200,463,False,True,0.002007141534186488,0.004617909803987002,0.0013311285014870778,0.004618204934108177,0.006942995375251132,0.004617970782691723,0.0019093995776654285,-0.009231554223079119,0.000347942719282166,-0.007533559725136553,0.000347576063031525,0.03283684821883247,0.0016043693215522375
64,200,464,False,True,0.04494537393410492,0.019866559573962626,0.015683922726266942,0.028578736670014097,0.004744615411213201,0.00572373171472325,0.014925139284312808,-0.01190914481827677,0.02344392331735483,0.010367291435530208,0.0173409389369529,0.22399231231919337,0.032894723049543745
65,200,465,False,True,0.03207146636268603,0.007936762009994274,0.001662465209555472,0.007938467760410569,0.006352083181841476,0.005885805184061271,0.002832473819737471,-0.034786949727890704,-0.01213451578076576,-0.012571118495801671,-0.012135826270499327,0.11358789836812275,-0.009475823835937841
66,200,466,False,True,0.056568214273906264,0.03772839437551125,0.008426308290237423,0.03773630312013911,0.014828880232146147,0.010161624665827318,0.01648483068433387,-0.009785195481085725,0.018677616019354863,0.024508642431471068,0.018671662238375325,0.1412125589911449,0.03562757491340543
67,200,467,False,True,0.03420851860976826,0.011492207654837548,0.0110955049294683,0.011492581277339224,0.01274035638035349,0.011164142614654086,0.00566288290830832,-0.017807815678885723,0.016881895913731706,0.017117563177342296,0.016881515487983716,0.10461474160958834,0.01836403728646488
68,200,468,False,True,0.040462595365541004,0.007433018429018016,0.002302503209243716,0.007376557064690631,0.00747507122239214,0.007072366503651871,0.027676333536794988,-0.023741511923221176,0.020049722127129785,0.008278281692682373,0.020083448114840047,0.0892719484066291,0.02154755257565405
69,200,469,False,True,0.012818742528005711,0.005154695168346039,0.0026730486607114035,0.005154785686262265,0.00607304071253399,0.005154730378310436,0.015622672518987368,-0.01770537299860528,-0.004153868521732332,-0.008190597593497058,-0.004154183445306661,0.009790968279222963,-0.002931757633763521
70,200,470,False,True,0.007023428519360085,0.003493926429910013,0.0008159427195108761,0.0035297856085781247,0.004061392267357867,0.0035297990545062564,0.0021059276723420723,-0.00908289397281366,0.00444079242647316,-0.002322284573192744,0.004450263032484294,0.08740608171751461,0.005563858982270034
71,200,471,False,True,0.016458674008567306,0.0053781861547627955,0.01219319761822659,0.005377942524566622,0.005413229307415307,0.005435227898584881,0.014532481180972778,0.004202601544659639,0.020488844220250508,0.007723463322569199,0.02048909779253549,0.07678709521413206,0.021710494421870674
72,200,472,False,True,0.007406908129675427,0.00439779034496886,0.0016799482512718325,0.004374427734603682,0.003515966899050443,0.004396766567666246,0.002235563017909034,-0.01872507018388552,-0.005519205774641502,-0.012807039939119049,-0.005521059302046094,0.07788535257447307,-0.004307014246973578
73,200,473,False,True,0.025125297073480404,0.010069076048355717,0.0015358635944507017,0.010069745780874525,0.007893543658545409,0.008093872092853189,0.010291974448459612,-0.019481481884796318,0.004414852094472473,0.000614359240907294,0.004414749567302003,0.03555196909355493,0.006989337981207294
74,200,474,False,True,0.024601917533051652,0.008110659927221556,0.00175909641453653,0.00871532302303835,0.006660844403874975,0.006188230272507932,0.003275178608700479,-0.015789837358903873,0.01668028193795964,0.008159710556807647,0.016525622838549695,0.048678062529221716,0.0195277308760098
75,200,475,False,True,0.016014543662482335,0.005175751201214435,0.0018684160256572627,0.005176618116629834,0.007235497619484461,0.004625630399960316,0.00350796028805487,-0.021313383761359418,-0.00032056439449041463,-0.0090562255152143,-0.00032120263620667445,0.001430197974530021,0.00170828848100181
76,200,476,False,True,0.021661944907856855,0.010296013310891685,0.0031195249777288044,0.01029878889406595,0.009445679092202487,0.007267764466385215,0.008959209996686989,-0.008289093207469057,0.008351535673615995,0.0062076152125509956,0.008350692404234207,0.02652656733978972,0.01157191335131176
77,200,477,False,True,0.02516224793018412,0.0058787437611494955,0.0004578727996810177,0.005849491678660762,0.0057680941845487475,0.004911530634017161,0.003759341331611135,-0.023616672296208403,0.0036423674119907368,0.00021297699683943684,0.0036367380033411755,0.0308279954705173,0.0051218237821468865
78,200,478,False,True,0.020840175893114096,0.012753824193155423,0.0048707709718983075,0.01274669150676913,0.004783142464504065,0.005561308375924024,0.05656366759681101,-0.0036719212491829888,0.022100192277499053,0.00762283019227485,0.02210209294088644,0.2273302473596287,0.025028332681616527
79,200,479,False,True,0.032965607125132655,0.006412868512834296,0.002276060175828791,0.0064162294644118986,0.0052262912691381225,0.005298592021333878,0.004244926278763658,-0.032795707469173395,0.004474451621665345,-0.005128218057702629,0.004471996790407289,0.09204279413839452,0.006638279598366853
80,200,480,False,True,0.007737714353526302,0.005161004585158562,0.004114507044966163,0.005161034530976387,0.0051006567390275296,0.005160983078478396,0.004218682165332588,-0.018466312995912337,-0.014937267998626673,-0.014997780416459583,-0.014937727030086912,-0.003691455505616492,-0.01367879156756141
81,200,481,False,True,0.026213865498183227,0.009753746167454913,0.0072888882618643526,0.00980839277638164,0.011250592482845892,0.00688265456052238,0.006041899539441441,-0.010880253638492597,0.008663326252612222,3.311275329709318e-06,0.008647690056114286,0.029567534323558443,0.012502551881148238
82,200,482,False,True,0.031714452526451296,0.00905372479597049,0.0038293539675767663,0.00905712059887538,0.007675688008417783,0.008195791560481273,0.012143746708829797,-0.018633352117852324,0.0057150701646711075,0.0029421402090460637,0.0057132911397646605,0.04804819179686248,0.007473380009065861
83,200,483,False,True,0.02246798143944278,0.004535071110801278,0.004170577512496,0.00453236747347944,0.006885326230886953,0.004371624137372779,0.006221877247046438,-0.020087080618804518,0.00747378129560655,0.007881950886136748,0.0074726490237446794,0.08885088959572933,0.009038140094471445
84,200,484,False,True,0.0025305983499066,0.004677632620996982,0.0004144348759091736,0.013832848013288615,0.0047306749054999205,0.004677924703448336,0.007575870801170106,-0.015424128508855899,-0.005619763209033248,-0.012057335333485242,-0.009099477986313432,0.018505458191168795,-0.00437692046664212
85,200,485,False,True,0.03955435095858807,0.04472800528820641,0.02138140018972907,0.04475218169395569,0.006966289789870393,0.006627562558509719,0.010855811186579151,-0.013195467344996752,0.005790946417142812,0.003021086409422343,0.005780567686070182,0.178368076660563,0.03653853562347564
86,200,486,False,True,0.020463925678887294,0.015528523785806722,0.003130798993932538,0.01553572683230253,0.010469402292823895,0.005100527277397504,0.030581879600496763,-0.006171662830472009,0.0006354852258558097,0.006166699644471102,0.0006331669399613383,0.00943929650515562,0.007658176061700675
87,200,487,False,True,0.002477833861141206,0.003658894414715094,0.0013334630129197915,0.0046847999198249245,0.0030188592862987907,0.0036591708913503523,0.0024177990067913114,-0.012579115632233613,-0.005811907804736354,-0.011643316911639737,-0.00644532834045414,0.041753753048678705,-0.00467997343705151
88,200,488,False,True,0.006002381654085719,0.007644459759974114,0.0037843176480139963,0.007644384760244456,0.0088207033325396,0.007644388214751652,0.0050725988091186,-0.028794193212981583,-0.024847952069197952,-0.026074633222785044,-0.02484858291418842,-0.023267547316391753,-0.023578572148826332
89,200,489,False,True,0.043153844118037694,0.007846705879541884,0.012261530907906895,0.00784716143581523,0.005474108213960486,0.006940650149404334,0.008079208885745173,-0.00774149178483526,0.022245885222201788,0.008741462895658098,0.022245374192320748,0.05215531812342448,0.023819975457835346
90,200,490,False,True,0.021666428328062502,0.005889291964875408,0.008522068610944306,0.005889951003896343,0.0066165611216545085,0.005728533042400346,0.012170784908446483,-0.016440702317720705,-0.0038751295612769712,-0.0051315701656775015,-0.0038755357574337523,-0.003691534830794474,-0.0025084350253068155
91,200,491,False,True,0.008534060808425595,0.006824510890682879,0.003983684908805836,0.006824515911978115,0.004935845462936177,0.006824404761914182,0.008492542127781718,-0.022896086405657396,-0.01314565698888698,-0.017331748608096456,-0.013145770742814271,0.06921689497353502,-0.011908929712130534
92,200,492,False,True,0.024446574615683066,0.008638266761005828,0.024433241079300783,0.008638337191608472,0.009845896884082694,0.008638187482479128,0.006704619214802965,-0.030550767911048986,-0.02004217661681638,-0.03051640645888247,-0.020042704157240774,-0.011969215649887559,-0.018780541751795873
93,200,493,False,True,0.01961206664319514,0.005989124246383707,0.0023121762245963194,0.0059888176574463044,0.007353738937986174,0.005924958953907639,0.005980955298132129,-0.007376431289732389,0.01139395085686436,0.008722503431035653,0.011394821231702821,0.06248868898375411,0.012845089600636309
94,200,494,False,True,0.009822020713465057,0.006503468451272037,0.0004719996259158811,0.006489396922089561,0.004235925852306362,0.004298767699241056,0.004562786467868082,-0.009964904989401384,-0.0024920642585498955,-0.004999113301072188,-0.0024896918714709137,0.1329626196291268,-0.0005763791356896419
95,200,495,False,True,0.030703386690672674,0.03321711263949626,0.0035191611832373804,0.03321889365490117,0.01920293473566505,0.003895693635079134,0.018271323510718283,-0.014954700197178913,-0.005414191478990134,0.007116236565642944,-0.005416662289629955,0.17825084498089594,0.017995759166858624
96,200,496,False,True,0.023295442977559998,0.009004671817376457,0.005686522919471985,0.009004759728185539,0.012184736970271068,0.009004711437425275,0.014979963938429482,-0.023151806832985705,-0.0033733411473980367,-0.005761989151828981,-0.0033736457019111657,0.01141228855748242,-0.0022185091313597916
97,200,497,False,True,0.03156179901060681,0.005414827258337849,0.00656497398748567,0.005414837821419033,0.005898530880914744,0.005422409211008108,0.0036704515693435406,-0.01181182547474533,0.013658950182400655,0.0025399272856796115,0.013660223917415754,0.06306214376720726,0.0148796265542816
98,200,498,False,True,0.00949518305331668,0.0030840637217412078,0.0015920215640070512,0.0030841439974238273,0.004394458738243338,0.003083902051640661,0.002813650816640101,-0.041485543976130954,-0.023776775571374476,-0.032503329655100624,-0.023777198367992226,0.017876288117311637,-0.0226131884581547
99,200,499,False,True,0.0230297493443257,0.014310020391288671,0.008100775285668063,0.014310131147798442,0.01392410489512565,0.014310742950604813,0.033594445635433214,-0.03774182150230753,0.015712694177355893,-0.013982014501844506,0.015712544475899152,0.24761599003369525,0.01709144524204509
100,400,450,False,True,0.006396043539078624,0.012855477870468758,0.0007569036495877579,0.012863045783957493,0.008426754131974471,0.006282425136433473,0.00216890968237869,-0.010242984270747088,0.001048063047843133,-0.004319895995073711,0.0010430693509184152,0.015656503889802113,0.005066342743167029
101,400,451,False,True,0.008650987570984946,0.008972720241572966,0.004412281106847445,0.008976846985449111,0.007162785631502588,0.005669710604644596,0.0022595401370262822,-0.0042640555929969294,0.006936802774180908,-0.0008820275190042526,0.006935410446253894,0.10454747603603223,0.00932377751360286
102,400,452,False,True,0.02305990004934374,0.0057374980479874375,0.0016536360776526562,0.005737659611943532,0.007510529301213518,0.005714184027750445,0.0038409962010203962,-0.011980837368384872,0.012118898188970367,0.004814313297320257,0.01211845676908217,0.13244312018133322,0.012918827583414061
103,400,453,False,True,0.0005554425266135098,0.004660790825912359,0.0006092007928247102,0.004656292602447969,0.0065830617299873165,0.0047556642435364555,0.0017862431949358288,-0.013148927328796292,-0.006994067912551198,-0.012441372342153173,-0.007000510691478929,0.019361570568353505,-0.006341609540556875
104,400,454,False,True,0.008290405676950618,0.007029481529032725,0.001485321007853841,0.007030016930336936,0.0068139161680851115,0.005724187350098541,0.0025202769381618443,0.00029133517252547317,0.011541530935648634,0.0092878288418438,0.01154102909592167,0.016536529220173984,0.013004355693029573
105,400,455,False,True,0.009057692140308264,0.005985503460601008,0.0004849781796813767,0.005985189762847236,0.005901721494278792,0.00586275850471201,0.002451129003833921,-0.007991787757239577,0.006818274372234097,0.0012546555616395488,0.006818483741528674,0.05640902979768466,0.0076730695339489036
106,400,456,False,True,0.0032556597366609043,0.0037172477654746562,0.0006459081903388526,0.00368533262383165,0.003976002032104822,0.0037176676487414902,0.001308709906644783,-0.008414291251523575,-0.004659371033726814,-0.006003514166417894,-0.004677515462004074,0.02984725403170897,-0.004070300953924341
107,400,457,False,True,0.01562319470430338,0.006468192685554335,0.0006729492633801898,0.0074328519947955704,0.008033531460329224,0.006465093369505946,0.001054001689159859,-0.012277058556142282,0.0012312809538768833,-0.0024083353440191636,0.0006896090448981162,0.014647209256645954,0.0018774040063130326
108,400,458,False,True,0.01127722652018252,0.00836486831938854,0.001977606716830044,0.008364966173358825,0.007403937215126713,0.005393093201858799,0.005833958598877085,-0.0008261022979894672,0.012261906822912607,0.008567591903233942,0.012261710028381927,0.08188292503649955,0.014851451303816501
109,400,459,False,True,0.01494360677175759,0.008291253840924643,0.0026428830705393135,0.00830621927866999,0.006576491586542768,0.007477359808592281,0.004598421422258315,-0.011511029597938767,0.010670055076636587,0.0005044967312645002,0.01066325349009249,0.098170581306502,0.011711137837085092
110,400,460,False,True,0.005121165174657638,0.0045487027154337565,0.002575480468447074,0.004548634963986309,0.004163852814575655,0.004269100581283992,0.002392396179135428,-0.010409651348441549,0.004139592222551816,-0.005720578326231816,0.004139577033684017,0.11174524836646266,0.004860526786907196
111,400,461,False,True,0.029932908606706117,0.008441773672891664,0.007613711315767875,0.008460907499984639,0.006729781703666389,0.007770789487938111,0.005458356168727215,-0.003457151838020959,0.015229331112022387,0.010263616375417244,0.015221464090269966,0.04738963094855219,0.016038402298675633
112,400,462,False,True,0.023946148789771974,0.015846851219313528,0.006127793093106076,0.015853931051377564,0.012519253981002225,0.010855649308347443,0.009877630704030986,-0.006703681364287031,0.013914530117809694,0.006411546753336971,0.013904254525835356,0.11448179043740334,0.017602407287568164
113,400,463,False,True,0.015617045152283298,0.007565381702417285,0.0020757232338946886,0.00756491534713694,0.0065046279470311495,0.007092461888056858,0.010372229305179979,-0.0042707287360239,0.01013897712436897,0.005773429607939097,0.010138715303858951,0.015211945998013423,0.010849789653341824
114,400,464,False,True,0.0038721071360996624,0.004214902255139185,0.0036034014834830895,0.00421485868570607,0.0044914591159370045,0.004214764089040885,0.0020431230945494286,-0.017300128887140352,-0.006518340637220153,-0.015911665645688654,-0.006518392284051817,0.08295172001734016,-0.005915198026704288
115,400,465,False,True,0.010763541863640473,0.006271341043382796,0.000459383666980243,0.006248851879777495,0.007690175812365965,0.006239238021403551,0.002110411702966818,-0.01671812572466713,0.002263873174186397,-0.0048133819078057475,0.0022618529406723377,0.07929657682682834,0.002903167210850127
116,400,466,False,True,0.03540969112014082,0.008571895661096295,0.011184179120214053,0.008671027028267869,0.007306571049406129,0.008073091450087213,0.013587609559274877,-0.01139201724678125,0.022574918043693906,0.009394229063257403,0.02255136740516946,0.052660163139245666,0.02367300863164476
117,400,467,False,True,0.007902478604549752,0.0058098519060049226,0.00047024170898410074,0.005809983851551063,0.007111131488968616,0.00580990618229897,0.004052547237034125,-0.016106484912576696,-0.002939997018146183,-0.0077656708381858095,-0.0029402592685353925,0.03847492443008793,-0.0023214541598379768
118,400,468,False,True,0.017558920375627868,0.005961284001696755,0.000951158977274001,0.0059616031444350405,0.005146598171272443,0.005511611605122685,0.002772584864433543,-0.003289718221925377,0.014923490509866931,0.010108396638516844,0.014922906274643814,0.02339777961918765,0.015894460233129043
119,400,469,False,True,0.012996382621036027,0.007235946670608848,0.00259071052920487,0.007250713814199271,0.007412957545706819,0.005890124186878529,0.0031883981521317814,-0.0079317180157311,0.011590803635920075,0.0009095399616231342,0.011581631798472164,0.04140471402672233,0.013302431195422917
120,400,470,False,True,0.011761405250240619,0.005705784651394061,0.0009496084382516713,0.007379718080445632,0.007318723126900978,0.005705842602646674,0.002642367694957312,-0.020200299018650964,-0.009073866699782069,-0.011742416182917449,-0.009976543125561203,0.042727087561773194,-0.008443126645191604
121,400,471,False,True,0.016541970093455254,0.011744315885691732,0.00030966197021985853,0.011696854761327567,0.006897547543370808,0.004416593742264192,0.0018011828853906973,-0.013209710990421187,-0.002254049124526887,-0.0016247406886341915,-0.0022587520629756773,0.1323349537250536,0.004406158498664076
122,400,472,False,True,0.01527564909341091,0.005057152945250958,0.0012960223724368903,0.005076285323874453,0.004669387373260715,0.004985743476513089,0.002044806150230627,-0.01667508528875247,0.007957146524676944,-0.0018528318726552197,0.007949532694546856,0.26069372282596814,0.008678613742739677
123,400,473,False,True,0.009738709963672485,0.006420051209087865,0.006430206880002863,0.006419558472069399,0.008332290420504485,0.006467609424505076,0.0035411827728209153,-0.011780583216175072,0.010877916709119582,-0.008055375492935772,0.010878666493643881,0.20748013545733046,0.011506837225763927
124,400,474,False,True,0.00638083816930875,0.0059044079322224255,0.0019270215752392231,0.0059047079581067904,0.006064716577845606,0.0050206293639726216,0.005113687721978072,0.0015528993870243823,0.005961619048341102,0.005864256927360665,0.00596117678866392,0.05146161373750079,0.007372874544268701
125,400,475,False,True,0.025956308347256155,0.025525033320098967,0.00423490847074371,0.025526892340080348,0.010088508636313548,0.005628147329616612,0.007539023624408068,-0.009292459103489135,0.008252050117551644,0.010476149335247202,0.008249839810183257,0.22286336089985886,0.025105500180802556
126,400,476,False,True,0.025013042503028757,0.013283782331353224,0.00196749852630263,0.013351489604548692,0.0119578813006015,0.006833872222408668,0.005018330995609224,-0.0030962412437418978,0.014260909320847564,0.014763272097224896,0.014103771566660246,0.09746503767677403,0.02034397388185892
127,400,477,False,True,0.011688781733966274,0.005633526440494263,0.0022152947187944936,0.005633713676954285,0.006253679362999387,0.005643910730612846,0.00263202381726848,-0.011271077801899905,-8.584364497400187e-05,-0.0010644403672403879,-8.680135913715858e-05,0.045546340090879836,0.0005413972958893537
128,400,478,False,True,0.0022690667814325286,0.005254923048962637,0.010515970148575108,0.005255637510938509,0.00586802919276718,0.0048683771401721145,0.004029091408146125,0.0034205860244277044,0.014335640558580706,-0.0007364777016222024,0.014335197060532502,0.08255518684958876,0.015255055052255842
129,400,479,False,True,0.015751149528647868,0.007286253290622211,0.0022424893597686874,0.007286311313069781,0.007932714882216484,0.006367294360914441,0.004150696938468543,-0.006268256064479565,0.01344488830057177,0.005335231901194608,0.013444567329739136,0.09806477536347297,0.014858587125346101
130,400,480,False,True,0.0035326588521161547,0.008210803017754335,0.000783970524283813,0.008217416106263394,0.004812548719345671,0.0048277537041270194,0.00740083104637714,-0.00037449751863929183,0.008007233547365402,0.0007728263052332795,0.00800565086761594,0.043602528887939675,0.009657987077640637
131,400,481,False,True,0.009624803596340539,0.004858760108267904,0.0007791709186255727,0.0048587420955122805,0.005839444833235515,0.004882933619994385,0.0019717891750380256,-0.013312448735107686,-0.001980977343582211,-0.004707020352576605,-0.0019813634645129952,0.027939478931097172,-0.0013410199545890317
132,400,482,False,True,0.029487780086981812,0.014262330515214798,0.012672501557140371,0.01426293331469389,0.008403165957093265,0.009783731016534836,0.02796201133150187,0.002812674715251685,0.029366756594949948,0.0179839071244038,0.029365277496192395,0.09263395592428768,0.033382039602208605
133,400,483,False,True,0.006095334435712502,0.005573963732902848,0.0008831433529052089,0.005575187199720623,0.007330775001904287,0.005555686824379347,0.009488828268930851,-0.01228298472453825,0.003618625882687443,-0.005480859256350619,0.003618362155464805,0.053787350732800616,0.004261093433362229
134,400,484,False,True,0.007196747023662828,0.007198418653077743,0.0006315717330865145,0.007334149081472183,0.007908560964166166,0.007198656266424119,0.0012671267259411652,-0.004012359567478313,-0.004012938866092313,-0.008465328137593226,-0.004214933826677445,0.042863860967948565,-0.00336834233349749
135,400,485,False,True,0.00895930212395669,0.003724696375090339,0.0002767686817616725,0.015941246603016625,0.004528915608773989,0.003652175978134216,0.0028936742631505085,-0.0005994972321767233,0.01172436395273083,0.007448644174912191,0.006060652775925117,0.07883241674919007,0.012380092485632918
136,400,486,False,True,0.017941039219474705,0.007941601011320345,0.003337278028533248,0.007944017473084155,0.011031562528338866,0.008066834243112005,0.026230118973340037,-0.00358239599549966,0.018548827017722758,0.007261852025565755,0.018548413256977838,0.1254616269752816,0.019407474683578674
137,400,487,False,True,0.02777715134041197,0.031568059671705125,0.014643743095000878,0.031502113999633236,0.01120407966737213,0.009859827894332962,0.02657547999096525,-0.01232473439049314,0.002338565781541888,-0.003929673338407557,0.0023281527901351496,0.31436461735031224,0.031034322314124466
138,400,488,False,True,0.008261647283924561,0.005094601965955262,0.0007413221299500713,0.005051802190933264,0.005664975636496702,0.005050208465513105,0.00869937213022334,-0.007299433093253391,0.010959184159267572,0.0023784828692480792,0.010952997675510527,0.06647702712549386,0.011574156573910352
139,400,489,False,True,0.01732337400678984,0.00450595127101345,0.0051975082909168115,0.00452972340859011,0.005440208105895569,0.004552798269177637,0.005949369909362519,-0.014748306389923058,-0.00378362932091294,-0.004277008385491534,-0.0037882134931063937,0.003989123143649671,-0.0032051867354821184
140,400,490,False,True,0.0322839770044631,0.030836007817636398,0.0058837936756363975,0.01259545343056473,0.009042208228125202,0.005887982216192946,0.006161722734481575,-0.015112200266767753,0.005340435690264087,0.015179773169131357,0.011758819036735525,0.09748663003505048,0.015781720853102796
141,400,491,False,True,0.003418254380232523,0.005720528823086649,0.0006633740136460885,0.005712726417138736,0.006809690857554388,0.00572106724952878,0.0012268789804881965,-0.017962996276364853,-0.011162074481489483,-0.01438967514627534,-0.011201036228149573,0.016140587552674966,-0.010502935699919405
142,400,492,False,True,0.002830937099794026,0.004044465333347798,0.00019737630894136305,0.0040439161545457345,0.004671479384801407,0.004036425104279923,0.0030467104017285985,-0.006839244635921983,0.0013913256670667984,-0.0034148224668117213,0.0013910872886579461,0.02240756200111422,0.0020012133353070893
143,400,493,False,True,0.0012555949054914347,0.004327409806223277,0.004249434352709055,0.004327488664185283,0.0050818169881002425,0.004327362023777488,0.0011847389183603362,-0.02406231465959444,-0.019741719202288694,-0.019140222834734995,-0.01974209576009951,0.027338278181932373,-0.01911580996875084
144,400,494,False,True,0.007203194716820814,0.006782638079190031,0.001445577957440867,0.006782802413312869,0.008406241097171259,0.006827399915806321,0.002547721448798395,-0.010048726805539103,0.011290791138730754,-0.0011827154652859712,0.011290326517472344,0.13800727305053168,0.012025018371156576
145,400,495,False,True,0.007063724735397577,0.005727696040889049,0.0013333945960732744,0.005732790551852255,0.0055364314935027045,0.004930842869644426,0.004584230919122696,-0.006363192012201906,-0.0004916220398007099,-0.00153096537005469,-0.0004923422350471007,0.02327070721786919,0.0007211148959838237
146,400,496,False,True,0.009614016745497134,0.009614380429424812,0.01861036530121443,0.009614472037538695,0.010333683134756135,0.009614380081426243,0.007270303306193356,-0.011974389195262645,-0.01197515661308591,-0.0187662458561841,-0.01197553147853709,-0.003973524043394594,-0.011327283065527924
147,400,497,False,True,0.012983112678445007,0.004402405862117179,0.0003346468263790231,0.004402357230390658,0.006172296874824072,0.004531898337706915,0.0042676163448527645,-0.009585709373142024,0.006862994050941769,0.0013514422220791788,0.006862471681104356,0.05226008730189324,0.007583821994860615
148,400,498,False,True,0.006039993459495748,0.004926123462488078,0.0003007003512688898,0.004926091715252392,0.005172220660527189,0.0049260716284861596,0.0036128540872452258,-0.01654611318729736,-0.0035197475253476006,-0.009666995414462367,-0.003519677048253822,0.049490609719935484,-0.002876237361814943
149,400,499,False,True,0.028128388972478654,0.00864325061362855,0.003387713880139208,0.006725359652049078,0.005128552054863907,0.005665084667388604,0.005109126792013755,-0.005367198117890985,0.013207766062870885,0.013623862671105349,0.013670671425533723,0.033297553662357655,0.0148567669766312
150,800,450,False,True,0.0029039589038756773,0.005532310670439408,0.00040813596985882515,0.005532260610147437,0.005705781945801265,0.005181602036813255,0.003132996498744267,0.0003248387224353415,0.0079195330781371,0.0035485280131533825,0.0079194369871254,0.1081297457290365,0.008563442016861142
151,800,451,False,True,0.0024550146184655077,0.004915722738712386,0.0004282968716145295,0.0049159311025755515,0.006325638036854193,0.004915860943935627,0.0006225134699209984,-0.010907102691424113,-0.003905571868778424,-0.008372780761190303,-0.0039056309662042566,0.027810060468462117,-0.0035947741391882254
152,800,452,False,True,0.0016051351268656635,0.004450717148811753,0.00022862870537348505,0.004450884647222709,0.005286975653931408,0.004450840856203414,0.0005607492824834679,-0.011963799307291155,-0.004257432857828984,-0.009751115897868954,-0.004257514567690244,0.026395196114972812,-0.003946484100810138
153,800,453,False,True,0.004268168504138595,0.004302104817856226,0.0006973631687799462,0.004337232007357359,0.004455942305863708,0.004302438671795433,0.0018033315967519114,-0.013673413227683713,-0.0022325538837169212,-0.009588602848722417,-0.0022863037633364235,0.13949563360203346,-0.0019283360889021939
154,800,454,False,True,0.004542038896966074,0.00728231617372207,0.00317559655623245,0.007269352266712883,0.007446847972475653,0.006933598120516591,0.002557377427644686,-0.0019648094999081735,0.0022046534120679874,-0.0005135414671494355,0.002168821951414621,0.026871846242637894,0.0027411658848638665
155,800,455,False,True,0.006048106316268663,0.00516230833666251,0.006156107357861883,0.005166741478603472,0.006770712996002414,0.004667775331246642,0.0025605896283899853,0.004132876288397386,0.016830540672452442,0.003181151270925519,0.016831831590389524,0.20681220345641588,0.017383361018432825
156,800,456,False,True,0.0063835219131446715,0.006870302304427969,0.0015848422261043643,0.006870457849721598,0.006535164828699769,0.006870229447838121,0.003061279894549786,-0.02072573151989305,-0.002591933812930485,-0.01415396175858256,-0.002592256898991323,0.03221080063893941,-0.0022740955002405333
157,800,457,False,True,0.009094789684348133,0.0063574705357016155,0.0003708509079372688,0.006349523432060478,0.006829060707917238,0.005788377173933487,0.0012838890199204228,-1.8264495508336087e-05,0.011637198525768255,0.007378499073122842,0.01163645167903983,0.11203083525997697,0.012425946091340262
158,800,458,False,True,0.000201249600325968,0.005707989124599744,0.00035292617832282833,0.005708971751475651,0.006620396179204353,0.005347958629922903,0.0009437743154180417,-0.0006635476762450981,0.005253894232489654,-8.25962698179289e-05,0.005253283971699858,0.052877569527553375,0.006008067724526639
159,800,459,False,True,0.00650053201080787,0.007049607820373026,0.0012805016987846869,0.0070567139193349615,0.006811167408999686,0.004115085761836324,0.0010315179261215913,-0.009602031928982914,-0.0002694741322622285,-0.00508825653450556,-0.0002715351084219364,0.052961857144226555,0.0027998971583976795
160,800,460,False,True,0.005998807472961909,0.005282153183048496,0.0006022951765000469,0.005339167866824323,0.006366144485385841,0.005134970715955498,0.001422629897389577,-0.007345666591638527,0.004399968529368845,-0.0027115916026122493,0.004364331705524638,0.1109667791195776,0.00487981677446675
161,800,461,False,True,0.0036496348460434247,0.004248145054706985,0.004133301179124036,0.00424823000870603,0.004219764403070184,0.003985643207988728,0.0028110871937289707,-0.003730062312668509,0.003037997544838582,0.0032047828687796686,0.003037815018736918,0.011235435370874179,0.003490689574310535
162,800,462,False,True,0.0008339162024687453,0.004214212344524973,0.0006220334128858917,0.004214273216900481,0.0042668198254883,0.004214132364787545,0.0007209210380515916,-0.013542932919820045,-0.0061714472709020465,-0.012829928798348784,-0.006171653910393236,0.06935729237946918,-0.005865116567020198
163,800,463,False,True,0.005931450182042894,0.005694225395323511,0.0007563436624814962,0.0056951185470211505,0.006996653627285588,0.005613566298166807,0.003057060979973548,-0.0008342715545225316,0.005832286870923227,0.002632371166508506,0.0058317247940079045,0.07000825223892741,0.006353801851985266
164,800,464,False,True,0.007561906631119434,0.009020246988881547,0.0005047591711427355,0.009064782461996167,0.006888744928318229,0.005458249398282492,0.0017628990239738844,-0.007106890571005113,0.0035720069466173322,-0.0014208273668938577,0.0035690047762506616,0.022223704611820203,0.00516318571950157
165,800,465,False,True,0.0058161510463760864,0.004858680821015247,0.0006136274676195062,0.005884575837944121,0.00444935287622649,0.004729367138350023,0.0011987733043965242,0.0047887244883435725,0.005701900450335557,0.0019089375474701004,0.004733850702307905,0.06973328130121516,0.006077380337497829
166,800,466,False,True,0.005874291094019713,0.006536958265894192,0.0023198516996278985,0.0065480412990089045,0.007828330207532028,0.006547586066807804,0.00325169823984157,-0.009300725776854719,-0.0028627562935563057,-0.004382114298780686,-0.002870453476317767,0.002245295427325331,-0.002500648683232992
167,800,467,False,True,0.00213226091532501,0.004580176364112548,0.0005205375608260043,0.004580320338760202,0.0052929783454692516,0.004580246318029928,0.002596409708471174,-0.006045248605517578,-0.0018878445322949133,-0.004127522466594721,-0.0018880150033616873,0.04082122878611196,-0.0015723070225352187
168,800,468,False,True,0.00462159061316881,0.005316559304730692,0.0019466896723883478,0.005316711549822964,0.006298590029273218,0.005358563661573704,0.00289172183603157,-0.004507829186496628,-0.0012005078964761752,-0.0023809890214659137,-0.0012025360657497153,0.03247832426165543,-0.0008755366085798771
169,800,469,False,True,0.0021048589521747902,0.007082854402448286,0.0010838794089033537,0.007082980923996341,0.008728489418640246,0.007083104271947131,0.004283557420672261,-0.0046708244656062095,0.001307440166348748,-0.0031709589841853554,0.0013072370995184102,0.10415196246592956,0.0016178305481938937
170,800,470,False,True,0.008043562889604996,0.009568323729562993,0.005180364149459057,0.009570380427604008,0.007751743974487052,0.005008024072146778,0.0019189150319811796,-0.004230337260919004,0.0056224529217356435,0.008553486048237637,0.005621177404585715,0.06119444923301845,0.008861508809966057
171,800,471,False,True,0.0029180500195443554,0.004822752242506323,0.0002585718549761366,0.004822867694572762,0.0059440343783558535,0.004822711319859798,0.0004896679713200506,-0.014068081483434925,-0.007434904720625983,-0.011631893214970547,-0.007435155239758462,0.010397097140815728,-0.007124235302938681
172,800,472,False,True,0.010296475750025326,0.007700231445614233,0.001405638922330342,0.007700871246752591,0.006787646865194809,0.007009223117308108,0.005728765913941797,-0.0039315374593824545,0.006690630910372164,0.003964861569853026,0.006690284281382439,0.04616836754723691,0.0074254309308042915
173,800,473,False,True,0.000916807426976386,0.004390721893669835,0.0005489509984000044,0.004389447581400043,0.006268212042239788,0.00444299433835526,0.00111738867769769,-0.002642207920449982,0.002522617012797994,-0.0022153059160209656,0.002521855321558153,0.04654562399838298,0.002831395433221792
174,800,474,False,True,0.0025865960511894533,0.004330145246363999,0.0004806990532700316,0.004369538353716528,0.004669484140200438,0.004317394407836821,0.00210318711759648,-0.001677293177661341,0.0031319193477361475,0.0005072294114874426,0.003090851169184159,0.05587831124236511,0.0034445542694944015
175,800,475,False,True,0.0034448601724139717,0.005528968546560644,0.0005089192311084176,0.005579062473907936,0.006696940656569858,0.005405029613796384,0.0017377567622714166,-0.006228941337760997,0.0024507235897933554,-0.0037757175112787273,0.002443060409401632,0.07532478795619008,0.003032752973295458
176,800,476,False,True,0.018971857616088984,0.008282567048129444,0.0007100738383893566,0.006699688151624622,0.005316474714116265,0.005369243675166933,0.0017635302738261839,-0.006211862654353211,0.011718812243228136,0.0057950920518157955,0.01218202099008824,0.0788051737519925,0.012861784589049172
177,800,477,False,True,0.010313418475368395,0.0041044547699849825,0.00020222467326861318,0.004192116240118361,0.005059070249211685,0.0040311262491716775,0.00148642938326538,-0.00863115208649058,0.0028430931582319376,-0.0011412470362292082,0.0028300873298852734,0.00899207878029385,0.003248320788664147
178,800,478,False,True,0.012636974623847785,0.0073010670582575625,0.008339679424988162,0.007300842529868198,0.008073480831994816,0.006448431541838229,0.00441006682742024,-0.002899824828819928,0.019923725422089138,0.0007432278567404893,0.0199245638854425,0.26368990746026616,0.020910388288132006
179,800,479,False,True,0.0016739853790640599,0.005323298289015196,0.00029230948788028417,0.005323149473985259,0.006452000998955286,0.005323553738034693,0.0023394481728216767,-0.007663478709791849,0.0005739044335686216,-0.005319837342671626,0.0005738035310726275,0.05754283745670916,0.0008870009943096613
180,800,480,False,True,0.0010104356005050555,0.006531772551952821,0.0007224128703579033,0.006529737696591811,0.007728229922279215,0.006539376012989229,0.0013956457100446087,-0.003910190348308667,0.0015906823146250382,-0.0030088263793101406,0.0015871733355285933,0.03890256399271891,0.002018978722132317
181,800,481,False,True,0.0018748567049453116,0.005268315507985472,0.0009973655499626293,0.005268109876509369,0.0064407133371699385,0.005325807511187736,0.003976143828314236,0.002509596758680007,0.007816247381520433,0.00407340657658127,0.007816129348514984,0.0731297791145387,0.008170989235767034
182,800,482,False,True,0.010364538259779376,0.005819057698775506,0.0009085776935203024,0.005817071200950929,0.006683371422552637,0.005808982300972742,0.0024288734156043073,0.0023128840444455855,0.01184993095144904,0.007798585969319399,0.011850180738362824,0.049580991404036254,0.012275680832416092
183,800,483,False,True,0.0017756259395793092,0.0055014082779172,0.001090809623067753,0.005501529206251917,0.006511797761857029,0.005501385863564152,0.003363940968863091,-0.011118703333947181,-0.008647319154561047,-0.010918929681362034,-0.008647612537211665,0.02104053441688533,-0.008339020150308574
184,800,484,False,True,0.0021828299654961148,0.0051107613144919265,0.002631485832650316,0.00511090780714284,0.005033442369015747,0.005110675737006965,0.0025969411987463325,-0.010429611737546633,-0.007213460677196828,-0.010317220432516929,-0.00721374736417328,-0.003725754787860751,-0.006902896719004084
185,800,485,False,True,0.01873915254133093,0.004990753608205365,0.003411200588665299,0.0049910917351972985,0.0045992613615806945,0.004669913706090049,0.0025415031419199147,-0.006612927397578186,0.01307987065920278,0.007578920316936444,0.013079620314850776,0.028416352801908323,0.013558773606050983
186,800,486,False,True,0.011142056357204406,0.007355698129769003,0.004262913372026439,0.007362047657825779,0.008261644053857146,0.006714393128610539,0.005109484169567388,-0.007082884924019807,0.003117912132043852,-0.001972071436002387,0.0031139306809932956,0.03532835636664149,0.004033560379324827
187,800,487,False,True,0.001165853854220609,0.004138888806189236,0.00045823154738641037,0.0041432988019909035,0.0049518388427648875,0.004184707871646601,0.00125124169785151,-0.00956516056047729,-0.006898694496903702,-0.009022894733497667,-0.006907251875600356,0.0034797792266188666,-0.006528949333542061
188,800,488,False,True,0.005668247979372179,0.006433890538747297,0.0004787509174459084,0.006441128147036398,0.006870720447982034,0.006085930293231667,0.0012097306642216477,-0.016827397612656704,-0.01026500986980505,-0.013285621203784377,-0.010270134810821433,0.014338232804242583,-0.009547123494737936
189,800,489,False,True,0.013076055787296708,0.01592738865382472,0.00040354055726646195,0.015927125638160015,0.017833729649453026,0.01592752332153976,0.002387250979762781,-0.02233683127755273,0.0014502271645469556,-0.013641980572711734,0.0014504376415255748,0.13624801479762833,0.0017719083533750402
190,800,490,False,True,0.008908026217020177,0.004963709505477433,0.0010570822426708313,0.0049748934638499205,0.004850994931458689,0.004707654838545259,0.002731360184327049,-0.006012082979498667,0.0004626219983619784,-0.0008123784389468283,0.0004557340135637844,0.009551094160695666,0.0009588369442055378
191,800,491,False,True,0.00983039155645845,0.01313617663655447,0.0028529787833827015,0.012909309322108953,0.011241651292096269,0.0059772474464452685,0.0024990306883899993,0.007888411827186111,0.01337313000162073,0.010652330084902004,0.01313692490448135,0.12071658804617105,0.019385440896520223
192,800,492,False,True,0.005020703346209204,0.007122269325225089,0.0013258141113296506,0.0071223866735004755,0.008778213604240276,0.007122246096337217,0.0026889437024878874,-0.021348679240851633,-0.014343953628679297,-0.017467835603498284,-0.014344297025899042,0.0134040194825225,-0.014023566049826339
193,800,493,False,True,0.0007190394788411117,0.004796850126624051,0.00028393587142774395,0.004783105788269531,0.005477425193235425,0.0047910315682420405,0.002198264306887257,-0.001377840862384644,0.003806483878908402,-0.0003716308720573336,0.0038147204334736708,0.08710024281025326,0.00411772925590792
194,800,494,False,True,0.00441136054895241,0.004887960095944784,0.0021008216568394987,0.0048878939707514835,0.005745226520095621,0.004892594511820753,0.004784368953516917,-0.008703735581832787,-0.00305474073348746,-0.005285948668745199,-0.003054975376763931,0.027027089493849007,-0.0027295676040493544
195,800,495,False,True,0.003807321374831862,0.004485699395028487,0.0009410932643049645,0.004485880877253632,0.0058671036871027794,0.004485848671814268,0.002932134271678612,-0.009033217693558152,0.0034195388887581935,-0.004979029872452054,0.003419343733789546,0.0936759502258397,0.0037269388941263415
196,800,496,False,True,0.008432803488002507,0.005929637345649046,0.0003309830060742717,0.0059291473500470305,0.006260097329933504,0.005881985540578082,0.003306976881403206,-0.008895871124720124,0.004951146624693639,7.428166598263994e-05,0.004948300556562479,0.15079767908660702,0.005360115402744614
197,800,497,False,True,0.001850085550173538,0.006686880340504513,0.0006935115602474613,0.006686873027278618,0.007191060121933549,0.0066872973180533615,0.0019798120682011644,-0.010501296623236822,0.0011263162691464502,-0.007931286328674845,0.0011261342233848382,0.03512504466942392,0.001445658833381963
198,800,498,False,True,0.002612211767796269,0.005622834989242252,0.0007797352613690372,0.005640659666841847,0.006169965022545228,0.005471374878845985,0.0011453077679431385,-0.004275516989486556,0.006962855387224139,-0.0016867495086064755,0.0069456699884823435,0.14214485687572062,0.007391572781424355
199,800,499,False,True,0.018344009741180223,0.0163268008766647,0.0018649774263059518,0.016237735898716882,0.012225642064618713,0.008386784624927464,0.002614995435911597,-0.01698923781778455,0.0018818954758915752,-0.0026670304789131183,0.001763586741216603,0.06985225703349923,0.007366150458254034
200,1600,450,False,True,0.00030439755594446677,0.005649637362775978,0.00021120178060924296,0.005649183868970915,0.006413594852639881,0.00564987093980543,0.0006860515980336004,-0.008890499012937758,-0.003321905675190635,-0.008359649318818496,-0.003321883852044234,0.09660088410288545,-0.0031702583172183163
201,1600,451,False,True,0.005301507899454719,0.005111845881486752,0.0003472330955293978,0.005112307003210685,0.005729447287879016,0.005072708713939437,0.000711565561600519,-0.0032301951179083176,0.007124705744444721,0.0008764386686100616,0.007124425663590195,0.11504498085112116,0.007356500411995745
202,1600,452,False,True,0.0020374441072396575,0.0040641496698952916,0.00042968634030703557,0.00406246310856217,0.00459792345612976,0.0040729614397954665,0.0009444209046739859,-0.005051918700400822,-0.0012898324224526192,-0.0035927715709922915,-0.0012932409805502055,0.016385274732194616,-0.001141938512362578
203,1600,453,False,True,0.0013635008209809667,0.004932882530899277,0.00045543174715227154,0.005001550658954027,0.0064051737998738634,0.0049624346134498,0.0005324991923696246,-0.006960322644115918,-0.0007949087897996421,-0.005399051764647019,-0.000930697404151264,0.07274095962002472,-0.0006359886361582967
204,1600,454,False,True,0.002450546407016119,0.005351919365523014,0.005301848226253578,0.0053536372263267165,0.005275834894356675,0.00511477582801172,0.0006520576277313764,0.00174353880888047,0.00859657483757907,0.008738465096000594,0.00859592535854862,0.09234484211877696,0.008894724452233896
205,1600,455,False,True,0.005310637563012203,0.0052868307756857,0.00023161178576005414,0.005298036158419251,0.00605976597464511,0.005011426459065599,0.0010799578531997306,-4.730457873160593e-05,0.010289036406793564,0.005335032638055694,0.010285169041824957,0.045666131219008206,0.010697200164649534
206,1600,456,False,True,0.002720669687465552,0.005878974926700758,0.00040859032662989204,0.0058789255109897055,0.0065248666331041635,0.005848297115112641,0.0009911653842390562,-0.0027888610113428205,0.00511952738746782,-0.0005006468588493687,0.005119171395550879,0.0628183585345879,0.005302672668104719
207,1600,457,False,True,0.0024665609478147555,0.005624530533334531,0.0004747993049162796,0.005633161969252166,0.006441411569623103,0.005500871674478683,0.0018159961794753162,-0.0009053685704502709,0.004399835307855859,0.0010877561555373112,0.004391026424991757,0.05038737604946167,0.0046361738318672074
208,1600,458,False,True,0.004982350332600475,0.008271610882739264,0.000277472716972952,0.008304038859370973,0.005875813496322525,0.005017962622558013,0.00045795625828225244,-0.0017756053489181279,0.0043045898473237365,0.001649619401686195,0.004282813026431907,0.038380048080430565,0.005688004132075958
209,1600,459,False,True,0.00425130764708372,0.007497862201314649,0.0010651894727671963,0.0074996414809022725,0.008022199009504018,0.007197711639624794,0.0028657547969128503,0.002752153710955274,0.014158694562890109,0.007768155359582435,0.014157629958114395,0.10799043781039558,0.014742257225006092
210,1600,460,False,True,0.0038117912151417765,0.006027886282361168,0.0006644716271654305,0.006021393940496604,0.007143634385147367,0.005930774519684165,0.005453166898929105,-0.002212380822162491,0.0045331903081885375,0.0007254360387075392,0.004526930759950681,0.02503013378648145,0.004818568346255728
211,1600,461,False,True,0.00789612922048897,0.008971583542869114,0.0002832226207138453,0.00901964054995668,0.00539245405893193,0.004686107079117509,0.0007438781227040691,-0.006544612076531692,0.0023242982606925546,-0.00039226060494334635,0.0023071414846928383,0.008470911971540786,0.004172753008179764
212,1600,462,False,True,0.0008518192331433965,0.005016379299417487,0.00034232420636544776,0.005028584820255719,0.005983695284117245,0.0051012055080739095,0.0014181411147460572,-0.006397018112588715,-0.0024320681786249845,-0.006187631912343918,-0.0024648946483005574,0.07122749972984473,-0.0022307376647962007
213,1600,463,False,True,0.0018592013958383699,0.005006756999841345,0.0002760261556792546,0.005006747544001462,0.005672391947992678,0.005006890260158741,0.00042182247659550593,-0.005285818879303707,0.0021990095976157065,-0.002257768122077627,0.0021988376235026943,0.07052273127387801,0.0023560410684957678
214,1600,464,False,True,0.002715849719557531,0.0050645692141572315,0.00029835887255520797,0.005068863677697989,0.005200407829517159,0.005056971590873855,0.000635899432441654,-0.005105655160713001,0.0014516651590562191,-0.0019757590360277603,0.0014433940058414052,0.06826603271185175,0.0016586563749754202
215,1600,465,False,True,0.0038512975302505,0.004952516040718364,0.0005022620997675524,0.004952524988470423,0.005958532214743918,0.0049525153043207416,0.003023630277678729,-0.013659212025466756,-0.006693049556644173,-0.010081646785114988,-0.006693077473526721,0.11518638153871993,-0.0065367958117446695
216,1600,466,False,True,0.00472159304563387,0.007300421158923232,0.00045065424187814174,0.007156673389259644,0.005417502511031823,0.004475925890908849,0.0008318249365996981,-0.0031796632940796765,0.006403963563011672,0.0014177089760257133,0.00635031922192228,0.10013981274021898,0.007928699501803638
217,1600,467,False,True,0.0031842254453339908,0.006824308308995931,0.0019390587316350598,0.006955424756685005,0.00574786584358692,0.005377335611082945,0.0030965029370917524,-0.0015689325038350064,0.01215995838979465,0.001957471565777833,0.012125409391082477,0.10914745391810055,0.013037448432810989
218,1600,468,False,True,0.00178813731877077,0.005255160890515572,0.0015261937854322235,0.005255013931232261,0.005904993987453645,0.005270141309772051,0.0022363168932384063,-0.0012273705845549394,0.0014562405119014521,-0.0007515365280588431,0.0014560158437076432,0.013977720639073094,0.0016235531974922723
219,1600,469,False,True,0.001732854440698246,0.00473859872092658,0.0006042759828994812,0.00479136663618745,0.005395221649069719,0.004710949591812567,0.0015848615157824334,-0.0014250177627450208,0.004373281836677147,0.0003747630639037944,0.0043448228278947275,0.029028789198555865,0.0045945396043675785
220,1600,470,False,True,0.003235477244242766,0.005124567976996041,0.0002551074966650307,0.005124340582264028,0.006086001644356,0.004830415794020286,0.00196792463310169,0.0016954492692212747,0.0077859484108225635,0.004424849209779925,0.0077751444642391475,0.03556903371808534,0.008274963761154247
221,1600,471,False,True,0.005664501862280026,0.006345486359843754,0.0004250982879459991,0.006345675830167572,0.006705872790931128,0.006314309274363744,0.0017310581507313755,0.0021390816218363456,0.009503273120374535,0.00468926348956137,0.009504543133997902,0.18453691910485573,0.009682399603114747
222,1600,472,False,True,0.010780511864654958,0.007775729277799997,0.0005843684619820584,0.008087043753183669,0.005923310524250546,0.004767439582293639,0.0016182917267633348,-0.004044511526771936,0.0034158125765134883,0.0021858840372176924,0.003371394476796947,0.007028570816622821,0.00470948489653833
223,1600,473,False,True,0.000632175756873388,0.004672444380283561,0.0006511376658322887,0.004673432257747837,0.004979084951500151,0.004673390103695116,0.0013907683357034582,-0.0011983770217850942,0.0009870501780426721,-0.0010168835799420624,0.0009867985971131078,0.0037032566746732164,0.0011421237867954848
224,1600,474,False,True,0.00017255515072885693,0.004466333289320698,0.00025655454732379163,0.004476938219408242,0.0045371411166455185,0.004414909666814889,0.0005354505335233772,-0.0002446917780474239,0.002860821024432827,-0.00024906858844674307,0.0028523195740863907,0.035540759754806306,0.003067407368803343
225,1600,475,False,True,0.007653313319402495,0.006701613663792602,0.00017401617245775067,0.008633570127890816,0.005905511433814039,0.004881892138027685,0.0006862353171290718,-0.0037350352125763643,0.004794564383934041,0.001941667878671709,0.004200064660274272,0.04563809547956243,0.006459546919992093
226,1600,476,False,True,0.0022270724913335564,0.004883428620566332,0.00022583198709514907,0.004850766718631789,0.005271334946857449,0.004876154861673143,0.0015656944135404554,-0.007590711172878235,-0.0019598679290574773,-0.006011166632691909,-0.0019631971376839275,0.0067507818427632316,-0.0018033744035925864
227,1600,477,False,True,0.0007176091652446136,0.00612387327396848,0.0005823600840912424,0.0064576386592036595,0.007217283601080395,0.006157092555338826,0.0008458100307484956,-0.004016129865722489,0.004210567113003556,-0.002066758013174179,0.004125066892335347,0.10476854405388072,0.004397832723213757
228,1600,478,False,True,0.012276069796460523,0.0055978298678203055,0.006980358106311084,0.0055986662494722185,0.005630012003324149,0.00550085564846445,0.0021118679962570867,-0.003822448591439358,0.01833410846463055,0.00011473660883833642,0.01833601120456377,0.27202246775892347,0.018610090755997843
229,1600,479,False,True,0.002717197643784036,0.005993037958244098,0.0003429437635354624,0.006000754570777811,0.006435135675567702,0.005477482866759444,0.0010282516009225374,0.0008293136272873114,0.008308703813723142,0.0035806446871919097,0.00830412659543626,0.05602126185968089,0.008888076163620404
230,1600,480,False,True,0.0002836556162885459,0.00478742673450099,0.00019655312390938533,0.00478739331805441,0.005212352926944389,0.004787836008499987,0.0007313243717332563,-0.0018954205352527077,0.0029258037516345504,-0.001519721048310938,0.0029256011504579685,0.01568860955329729,0.0030815878820956988
231,1600,481,False,True,0.006388600713321066,0.006828734449354887,0.0005254790424223751,0.0067951571824190135,0.00610055971398839,0.00498945792931337,0.0010614463572111371,-0.0004882751309532732,0.006166628889270438,0.004177191829006216,0.006100975430100508,0.07624052618056985,0.007679884974877982
232,1600,482,False,True,0.0002953916519639813,0.006494640531119631,0.0002900615849359204,0.006518026509037365,0.007064843450835722,0.006028354486407514,0.00042796774324806625,-0.005001651385105153,6.932686875673611e-05,-0.004894238940457122,2.323371138253094e-06,0.07093970868272201,0.000804321286001275
233,1600,483,False,True,0.001966386363265461,0.004778850283049783,0.0004584948783742623,0.004789403213207906,0.00556427169432686,0.004546126362698604,0.0019317945683872202,0.0028398257879449144,0.006518261164112236,0.004104625089717453,0.006511593180342548,0.04709803881244032,0.0068874716531522745
234,1600,484,False,True,0.010351033328189574,0.0044391775076024695,0.0006485438208539556,0.005984905760333444,0.004873868579944754,0.004187370603625405,0.002087875075928461,-0.001840994687947033,0.008968116596894867,0.0074016971035576595,0.008353793078667238,0.08677476916428342,0.009368491550583224
235,1600,485,False,True,0.004700368136051038,0.00919309948562672,0.00021882333831423734,0.009215142601382224,0.005711179143886827,0.004831884706335991,0.0006780807820674968,-0.0030570307547151277,0.004118730835199145,0.0009314745895663104,0.004115154034141888,0.012787465025189206,0.006406248154578201
236,1600,486,False,True,0.0007128465123543609,0.004752104942738602,0.0005873109610546715,0.004763833442939671,0.006015242817215955,0.004769195175196382,0.0006844481965252932,-0.008563624724654176,-0.004652142568679132,-0.008246125020083843,-0.0046556518388930004,0.012561191393838538,-0.004489169818070543
237,1600,487,False,True,0.005867256428714065,0.0056544088682886524,0.0006654202327513001,0.005641039699970476,0.005258279244089464,0.005289532055577876,0.0011320466630705853,0.0014493042329836714,0.011043538655702765,0.005567587155052467,0.011045450547469962,0.14758686895977555,0.011378016296082635
238,1600,488,False,True,0.0003214002000507721,0.0053651585069164655,0.0002805605153359948,0.005363400850036618,0.005924528331327833,0.005354300380199989,0.0005347509837096317,-0.005142515043596284,0.001913496196275304,-0.004961368077163009,0.0019063617451137561,0.06057492145925176,0.002098793856671277
239,1600,489,False,True,0.001139673925923615,0.00557174490671652,0.0007906747237843684,0.0055711447562526075,0.005707868242722831,0.005257407351089902,0.0022910604349259526,0.004517026133475122,0.010786879610769837,0.004853057853892911,0.010787347485188992,0.11691967940534025,0.0112171511820479
240,1600,490,False,True,0.00031131734135228707,0.0058321936484587375,0.0005271487936485244,0.005832229966517007,0.005843660989758084,0.005832253985826159,0.0006683223917473651,-0.005467942818412348,-0.0014452645647349271,-0.005303179643568169,-0.0014453170816809548,0.0399424565263244,-0.0012889813531218458
241,1600,491,False,True,0.00430154656340953,0.005057434359156705,0.00046560976152625733,0.005060403519576967,0.006021940365084711,0.005086862553158033,0.0021146995175892664,-0.005820828657017765,0.0069291115739470045,-0.00041146608994435896,0.006913217354800452,0.06998708569161284,0.0070925119891425414
242,1600,492,False,True,0.0014972672602247012,0.00480306567407637,0.00022548756064187474,0.004898763511949911,0.005675496969708269,0.004803163299636287,0.00044627153017570643,-0.0065550612550763845,-0.0007566243841144349,-0.00503482404147775,-0.0008985690265796009,0.019478359755617375,-0.0006005204792848551
243,1600,493,False,True,0.0030718527243627923,0.005105912897674918,0.0004007644487196855,0.005126137905921114,0.005818542772203244,0.004854241687286637,0.0017511219153529052,-0.00035392814359709037,0.005176964781410245,0.002096528324202568,0.005165304770428971,0.07879170834427014,0.005525888701932338
244,1600,494,False,True,0.0013859570920479567,0.005712377630971146,0.0004359160357144414,0.005712454552817816,0.006650371931395547,0.005738795670292265,0.0007524729609959069,-0.007306081458085788,-0.0006559101437500559,-0.0053777588478679285,-0.000655987954218844,0.05071088697928339,-0.00044007971999530937
245,1600,495,False,True,0.007764974262243654,0.0044651190631710205,0.0003144832147343641,0.004465510917003751,0.00522226145230594,0.004465620183993729,0.0027878552297105194,-0.004211727923955877,0.007166182981877185,0.0032506120071447283,0.007165996710778302,0.021841608290924325,0.007319409421749953
246,1600,496,False,True,0.004691921742754803,0.005686690674977972,0.0016168387863680987,,,0.005587149128217399,0.003362566262716469,-0.003569724803628751,0.011899246181418768,-0.0003066771425601672,,,0.012093542339475544
247,1600,497,False,True,0.003086601079871889,0.006137876729584233,0.0005619792709902944,0.0069275335281846805,0.006747846527869752,0.00607577881586072,0.0009413412253007118,-0.004524912566992881,0.0029086544367622658,-0.001993845336701297,0.0027034325372444104,0.11147073664792796,0.003165853751742928
248,1600,498,False,True,0.0009979998511077486,0.0051377843768960554,0.00038636194100869186,0.005184717526867542,0.005667305265543301,0.005130622794154764,0.0020208805916612778,-0.0005850607413641515,0.00411851495576709,0.0004291261497658641,0.004094910987402826,0.12259199155230059,0.004284114675141865
249,1600,499,False,True,0.0014889202011587064,0.004954848565880016,0.0003343052276122288,0.004950823576656256,0.005967546699433441,0.004989195619500422,0.0022855808206206445,-0.005811004098234281,0.0011519564779912807,-0.0038582969212143875,0.0011498203481257719,0.0896361912224094,0.0013113586634239532
250,3200,450,False,True,0.002287890844574577,0.00539210326881195,0.00022556598864236022,0.005398366179544923,0.005817013667595949,0.0053939873730527825,0.000783708799775347,-0.0040931995155374925,0.002212102397971556,-0.0018163274026439327,0.00221333296049556,0.08264274427652726,0.0022906933022446146
251,3200,451,False,True,0.0013388513093575746,0.006503811228960964,0.0010028340213022926,0.0065095280174566235,0.007497146569492924,0.006515977593215273,0.0010264921349067732,-0.0034849902939687386,0.005776350265984664,-0.0031652788843539083,0.005776572044315014,0.0963198998653323,0.005858482292748574
252,3200,452,False,True,0.002840090135820803,0.005076938562307354,0.00029344697986410874,0.00516691944888702,0.0053269288414238255,0.004973726385263389,0.00034697746762260345,-0.005984915099393507,0.00018467543413091647,-0.0032548372982721253,0.00017319670609280635,0.0070700540325259985,0.0003647096609078332
253,3200,453,False,True,0.003821022921572535,0.006110310614284302,0.0002447900313735478,0.006110364116557492,0.0062108996057782,0.005280259748279611,0.0008142598561630077,-0.0002561578636397284,0.008317876938039887,0.003509480560908357,0.008317723398622441,0.07994238142254576,0.00913912544167797
254,3200,454,False,True,0.002698922196927766,0.005695277847278627,0.0006677624372986092,0.005927349955149106,0.005580717774714017,0.005474054786314736,0.001248282033069651,0.0015199461396774422,0.011167464358077623,0.002911438647875486,0.011014191126654041,0.11267909917926389,0.01132473762169521
255,3200,455,False,True,0.004569573320630987,0.005398044239560623,0.000561673036524441,0.005581550806843071,0.00570818963167037,0.005219466671276452,0.0007796612167148989,0.0030139737926312784,0.013442836660133928,0.006134875229948687,0.013393689226389824,0.0813407300299533,0.013725206475807897
256,3200,456,False,True,0.0020420324642305377,0.004429630738840738,0.00021915835368716097,0.004430218545691546,0.004819431391221679,0.004432609408625982,0.0012548010350646572,-0.002760364289877522,0.00248963181552897,-0.0008381563653697408,0.002488821916871906,0.0358192994877221,0.002568572962263163
257,3200,457,False,True,0.0011896698831734196,0.004601836322719073,0.00017367157827489831,0.005123935860200927,0.005259610664963142,0.004609890413757067,0.0003518701453433775,-0.0014171305049917727,0.004120867143560343,-0.00017500229803502562,0.0038838685457320745,0.06874958040520285,0.0042012696957779705
258,3200,458,False,True,0.0035903114722292155,0.006597951445580901,0.0005300882603758355,0.006511547916170594,0.007233012356512353,0.005494991957908341,0.002356402133614819,-0.0008028109789029894,0.0038465351682756754,0.0009896643733416127,0.0038243811447937937,0.04265576319398925,0.004520036000907723
259,3200,459,False,True,0.0006913292623006718,0.006026727016217647,0.0004389345543188562,0.006997151551961607,0.006910384993615673,0.005787113581111997,0.0013380005447574965,-0.000326424390786767,0.0036315072288250682,-0.00017750002847985753,0.00289107419581498,0.09671683519493261,0.003953976662850092
260,3200,460,False,True,0.002594097032653514,0.0052700248499330995,0.00101697955592804,0.0052699950171930555,0.006194179120322037,0.005261851087130711,0.0005367708301841044,-0.0007784168852087623,0.006391218636407121,0.00144606849608622,0.006391034763452978,0.03428224843659667,0.006540018690807531
261,3200,461,False,True,0.0051087482772305655,0.005279423756466003,0.002260373468069087,0.005279438508840124,0.0057244713892128825,0.005245625786515362,0.0015010233151930294,0.0008215779812243763,0.012101862500336544,0.003956562419009512,0.01210132255603284,0.11257304195406011,0.01219029558178028
262,3200,462,False,True,0.0019405628645683046,0.005986604688802906,0.0007003016021392304,0.0060243184196818325,0.006984923920132023,0.006011013049103672,0.001305939917944223,-0.0010603628724066465,0.0055362650580305225,0.0016241239424687694,0.005465936712432864,0.11025333275954058,0.005616759160579132
263,3200,463,False,True,0.0010123605497211721,0.005349319403721076,0.0009182911179590203,0.005338567373730994,0.005793160507748073,0.005324417791734246,0.0005107718960156943,-0.0038629850921547,0.0016676698084141961,-0.0037269552307472075,0.001647589881862075,0.04571218813306221,0.001766604182913592
264,3200,464,False,True,0.001674819244868099,0.005975607761431332,0.0005500521477140953,0.006755452016678066,0.006954297404353627,0.0058030029095726575,0.0006078838197555662,0.0008207342766847184,0.009554669848815412,0.001592258071100651,0.0090653628688829,0.08067570823911163,0.009880348439863657
265,3200,465,False,True,9.246606604144678e-05,0.005679075063968698,0.0005716675239248029,0.005664937323484112,0.005949409940736361,0.005659220146346874,0.0017336613333031746,-0.002312174020824251,0.0027375584209939595,-0.0020404223958948764,0.0027357731410208074,0.13633061650613096,0.0028136952243283664
266,3200,466,False,True,0.002789187865049366,0.004538521792924118,0.00025993936511945474,0.004807329562306685,0.0049489972098519545,0.00440374597345799,0.0003489915197747662,-0.0015741754739984131,0.003230643466580432,0.00034883299158421327,0.0031331924451091096,0.031097665588312503,0.003412054141222351
267,3200,467,False,True,0.0010274667236704542,0.005249006284178404,0.0005871905933547785,0.005248796108259092,0.005499320691093399,0.005178240779527593,0.0009298429247106093,0.0001817204717015905,0.008194558663809293,0.0011618955252684522,0.00819462938607881,0.17008351068125002,0.008317066722153876
268,3200,468,False,True,0.0013363607085910964,0.005668759155512657,0.0005284593200690301,0.005719465645500086,0.006167505594587508,0.00539935165602686,0.0011170144236235273,0.003411312717773043,0.010737897378816062,0.004115795068673127,0.010705509160055034,0.10079022713377567,0.0110567131428045
269,3200,469,False,True,0.002217838936411695,0.0051080281131653405,0.0003146013322799619,0.005108029878306216,0.00589794132897139,0.005120480361707959,0.000608800760310341,-0.0021925926502612356,0.004366724577940406,-3.7501104179163413e-06,0.004366391745537346,0.037610664948021365,0.004455714423902107
270,3200,470,False,True,0.0016678445175073483,0.005826355456873785,0.00045928819402918093,,,0.00581930480538985,0.0016698461185570414,-0.002869931234916575,0.0017012755272848247,-0.0021751284330219227,,,0.0017792519412008767
271,3200,471,False,True,0.004230642841473342,0.006154810005803661,0.00044305053279502995,0.00615262784449554,0.007575802549597242,0.006204099955411737,0.0008357948617825895,-0.0028742259821943053,0.006868787720526832,0.0010714852063480674,0.0068701809283811775,0.18215183377585759,0.007007435422551153
272,3200,472,False,True,0.0001297119933994352,0.005539978388921255,0.0003306926731989767,0.007114881235616493,0.007313699697620486,0.0055798267256344965,0.0005387038450654278,0.00017036134287753892,0.005922696696449528,0.00036600034628947854,0.004723707685686556,0.11945922709343632,0.006014399144216281
273,3200,473,False,True,0.0004474125486658766,0.005823705353371173,0.00038625996627275215,0.005859625953910466,0.006098059359913427,0.005795807535058317,0.0008713128520913277,-0.004378599211456847,0.0010834243803524402,-0.003975787218415735,0.001078144938139314,0.04625272512377414,0.0012268444778441578
274,3200,474,False,True,0.0015405090193778255,0.004834438589234099,0.00029426025543527993,,,0.004793445812316266,0.0014552630283850379,0.000502001297845337,0.005559218200765166,0.0018859458983932493,,,0.0056792285956544925
275,3200,475,False,True,0.002083057995030822,0.004523889203217831,0.0002785466201020911,0.004532639086767546,0.005001479525351387,0.004346524209420002,0.0015236523912156449,-0.0020928588692631306,0.0022365065245696413,-0.00042619386003735606,0.0022295593668636114,0.06770049268329557,0.002551011684972737
276,3200,476,False,True,0.004277403496800215,0.00591670404474513,0.000518141714614426,0.005917144739248774,0.006137580819186753,0.005868803526760959,0.0007488091661055419,0.00040580814132023266,0.010370553380843646,0.004051766369007871,0.010369720424648819,0.08827815733564995,0.010457059940434651
277,3200,477,False,True,0.0007153571372087331,0.005285247079055902,0.0003069701205684571,0.00543573436939741,0.005617970412368725,0.004962971985292018,0.0005724074375292214,-0.001700428809752136,0.003824317984291934,-0.001356648576501096,0.0037931166921580405,0.07329861901226145,0.004205187167266533
278,3200,478,False,True,0.000547197589586206,0.004688063135677578,0.00034367058290147196,0.004688009450816442,0.0056876254583057605,0.004733969276355148,0.000977793957011063,0.0013070104105882374,0.006044062385092009,0.00204227072861815,0.006043802655896222,0.06337257285237151,0.006130074810002578
279,3200,479,False,True,0.002395845983163562,0.006789422113633373,0.0007054627369062378,0.006689993537506993,0.006254418232553984,0.005391616812852237,0.0006086709860571969,0.0024050052170649402,0.008125827541610935,0.0036989203326060465,0.008076641244990395,0.09071192015455361,0.008864407877107974
280,3200,480,False,True,0.0005573366684329679,0.005229081630532788,0.00026968800664007464,0.0070863996001208,0.00590847674938019,0.005110907012272891,0.0004772200929739354,-0.0005159333683521711,0.006083247375633239,0.0005392026856656473,0.004413211416813603,0.12725187961362888,0.006258289916489662
281,3200,481,False,True,0.00485246448944576,0.004937066040604881,0.00038849979049954727,0.004900060323963205,0.006151405060804816,0.004937387918765927,0.0020137342302077458,-0.006249380861034062,0.004653373899123245,-0.0006082232643817598,0.004754156184590688,0.12266561787322262,0.004857032252513882
282,3200,482,False,True,0.00014433378370525847,0.0055344223622537355,0.00036295879231031526,0.0055414859301170126,0.00575877871018602,0.0055254521266286764,0.0005435821006793578,-0.0037628759484844318,0.0006771052335056816,-0.003708023225669685,0.0006689343116178392,0.04812246729799927,0.0007816889263211613
283,3200,483,False,True,0.0014160091891415746,0.005624300020582975,0.0008155455403132919,,,0.005649538030745296,0.0012949705759749625,-0.001111207692671788,0.003859166684708608,-0.0006292409913174168,,,0.003949095785302531
284,3200,484,False,True,0.0008599400631689444,0.005142962441816958,0.00023416840164659197,0.005137228794314963,0.005933941777830192,0.005145854474330006,0.00030148707905906205,-0.0037601386063599663,0.001837439886983585,-0.0028260721506481678,0.0018303920655227302,0.11609252155695972,0.0019114686084118065
285,3200,485,False,True,0.0019464148691182067,0.005005900880601183,0.0006463120010429635,0.00500660981641427,0.004893210362395708,0.004855883504631439,0.0007040080216822621,0.004485917981788384,0.010700304370763032,0.005848371213612956,0.010699620538808147,0.06908985897335893,0.010814535180172904
286,3200,486,False,True,0.0023488359955405307,0.005407127750861651,0.001481589090366541,0.005413108406924438,0.005802371217703502,0.005226232445054228,0.000788276317375004,-0.006714282557597544,-0.0022957368374925836,-0.0062978150370752274,-0.0022981136188842655,0.03609284026714496,-0.001954202133612054
287,3200,487,False,True,0.0015638371213568584,0.005360679808965124,0.0016832819943329263,0.005361212600062035,0.006322709585146754,0.005386757389752339,0.0011975931080356647,-0.0001968959223479208,0.0032640131358319027,-0.00029475496143118926,0.003265147064766154,0.1243347100704022,0.0033470701523834467
288,3200,488,False,True,0.003249946165746836,0.005768474577007357,0.000992739823111999,0.005788842346718737,0.00601343253549689,0.005537412233679923,0.0013919302808670492,0.00560929991380421,0.011122887780134682,0.0070157153807334826,0.01111088989324438,0.062368372789368944,0.011337148856618656
289,3200,489,False,True,0.0014374516102826857,0.004795942738840865,0.0004315807908315967,0.004796410112562924,0.004919897092696409,0.0047962477778548465,0.0004186574086946663,-0.003962682320216213,0.003621593862978472,-0.002615735881747353,0.0036212857370703767,0.12344898484760249,0.00369832610210985
290,3200,490,False,True,0.005223265534044404,0.006617639626166632,0.0005697767507974206,0.0066534981333047,0.0059618638473251,0.005403163553692496,0.0010966159266321933,0.0035827072124678524,0.009595902712430177,0.006183048093473716,0.00958591087286255,0.0756206514914505,0.010122688856345152
291,3200,491,False,True,0.001826633711222011,0.004694893141746431,0.00046930934815771794,0.004722749581039484,0.005842194507488178,0.004389249716325461,0.0014404218721703944,-0.0031989154176806744,0.0038807616598441896,-0.0019333318938866107,0.0038732185413598687,0.02628148682060509,0.004217355468129125
292,3200,492,False,True,0.000330228386368698,0.005163068718627029,0.005136294276113773,0.0051551902572258305,0.0060246797965446235,0.005187575525947115,0.008335618577881345,-0.0031722170321861645,0.002932540878368659,0.003096481379504767,0.002900937885632526,0.010393614194171192,0.0030242572904329856
293,3200,493,False,True,0.0038441217377095816,0.005120692894812294,0.00042635891017783165,0.005143355269871986,0.005389727278001165,0.0049468193504404396,0.001463532874622725,0.0020064301803580788,0.008227261336559391,0.004978099711973617,0.008211609936886114,0.11747058564345376,0.008424722955714947
294,3200,494,False,True,0.004419424431404671,0.00501489398114133,0.0018991610414042467,0.005014491945989536,0.005082951681065548,0.00494082160691323,0.0012001338313683372,0.0018879815645121828,0.013170161632129798,0.004583302414292793,0.013170448716749448,0.18257124592232443,0.013276385861663603
295,3200,495,False,True,0.0011726133782836866,0.0048575333239271575,0.0004464808174431141,0.004857746091084603,0.005531685622707762,0.004661865860006575,0.0007458040535739135,0.0007286230759881743,0.0081167529519408,0.0015858091879877802,0.008116503286417292,0.07733068980622057,0.008547453133895017
296,3200,496,False,True,0.0021657825977840677,0.005506116992447727,0.00041734357614956906,0.006868000230712788,0.006438063329910573,0.00546133562715164,0.0004149240850070097,0.0011488580909811742,0.007624674712088826,0.0022273921985422555,0.0067293211993989036,0.09407715529460345,0.0077249223269944545
297,3200,497,False,True,0.006639600086738823,0.007066338863115357,0.0004125859416966377,0.007124986169222246,0.0054727665029803705,0.004487356119554972,0.001013361585635713,-0.000804045275796479,0.0052301897119718,0.00446895864409834,0.005200527251050229,0.1829126444364144,0.007916979393105372
298,3200,498,False,True,0.004040734651985155,0.00451261778181744,0.0021744659618113346,0.004513578889861753,0.005079595158381697,0.004410184620588112,0.0022226030105076495,-0.0006871006410005546,0.003209478009968496,0.000625445275750104,0.0032042432636044185,0.04662963149107466,0.0034049765088071393
299,3200,499,False,True,0.003161914407563395,0.005212620508552956,0.0010918169447759114,0.005218143630269085,0.00569009548969236,0.004856882563297082,0.0010733457060468066,0.0033442551978453768,0.01284818225557693,0.005429383615422676,0.012841097664860612,0.05514894279837252,0.01330719465125757
300,6400,450,False,True,0.0005757022335733921,0.0048771824395603056,0.00029901296453421127,0.004874770208375915,0.005888540484259389,0.00489008153924369,0.0014839591129473639,-0.003140835804192282,0.0039401745773742294,-0.0027018406453133527,0.003940633415492307,0.11953103114162249,0.003998752330876251
301,6400,451,False,True,0.0009285666494331931,0.005312327682187471,0.0003876283891188864,0.005381975386056702,0.006263344207482245,0.005342601811982665,0.0005278139413689963,-0.004744065530860185,-0.0002985691109392974,-0.00410845218460447,-0.00032285629217540193,0.0520844316559301,-0.00022468452663440552
302,6400,452,False,True,0.0007830079946216814,0.005307703320486575,0.00031222086696232494,0.005308640395064409,0.005751628729738933,0.00522712530390069,0.00021937947753879124,-0.0027653032256253953,0.0038047989766674564,-0.0016861222924762292,0.00380447529143602,0.07106331233194267,0.003949206215728668
303,6400,453,False,True,0.003003853885706729,0.004944557056536688,0.0002720640508984349,0.004729372379690896,0.005623988578359519,0.004700802801497197,0.0002941526826427618,-0.0016361681878620056,0.006404257271325929,0.000707124539158962,0.006497446451054199,0.16257288260684535,0.006663771731608967
304,6400,454,False,True,7.67306431355964e-05,0.004918688964894271,0.0003041206784654827,0.0049212427043563,0.005728535121580156,0.004936848816796576,0.0004288723442122247,-0.003896204845448126,0.0003067402241550532,-0.003671885708824484,0.0003027966232156842,0.06287131476176641,0.0003477126395462632
305,6400,455,False,True,0.0018635836937007163,0.005189094063848119,0.0003950593598866242,0.00518863658718236,0.005481053233694264,0.0051158016819668126,0.00048636753064183963,-0.0003155173607497655,0.005837171619478507,0.001184381836161858,0.005837410257413236,0.08046576590668449,0.005923778928246082
306,6400,456,False,True,0.002026965937331557,0.0043946603526046416,0.00017553044191524184,0.004398223285906035,0.004900868561890588,0.004378220605437939,0.00014986538409090855,-0.0009238719315198997,0.00499358374625464,0.0007467082037276927,0.004987359107691649,0.03553946644023531,0.005042656141426932
307,6400,457,False,True,0.005224748262835918,0.0052327116950580945,0.0001952718620265431,0.005236469658470706,0.005821390784992608,0.005203203886763364,0.00034902086184360166,0.007083616587607547,0.007077804109083061,0.0020560628541043406,0.00707473711413364,0.035876977245351736,0.007133536158123108
308,6400,458,False,True,0.0002710698059243737,0.0051202244125389965,0.0003310770370307511,0.005122920620512383,0.005512156380919639,0.005103468728897389,0.0003516312528934984,-0.001040404041411629,0.0034029357109640126,-0.000577409557712512,0.003390980547117053,0.13243838452263362,0.003452626123445851
309,6400,459,False,True,0.0002324385990137673,0.004824032358888003,0.00019632165736270732,0.004823742773243519,0.00535071546875639,0.004723171372898786,0.00017306693643625088,0.0004352321493895839,0.005155388716406293,0.0007205004732662901,0.00515563672158482,0.08192469539294599,0.005369672819860227
310,6400,460,False,True,0.005441382261326515,0.004856106914479083,0.00022793351440915326,0.007110815970373358,0.006266688568044171,0.004854532245957592,0.0005228949082598653,-0.002849265723425718,0.007099795983629864,0.0017232626375351934,0.005326923126619913,0.14772585483288636,0.007160908098024679
311,6400,461,False,True,0.003367355996328012,0.0059670654114619606,0.0003406231271018818,0.006283089491227164,0.006290722050589895,0.005279647605694183,0.0005335053312535373,-0.0013970577699201872,0.004768014890190351,0.0011821194868123404,0.0046959764480116566,0.041388847401100645,0.005300735210437765
312,6400,462,False,True,0.00041447787561403723,0.004869037022606847,0.0005626287326117735,0.005138655339401761,0.0056700118324221685,0.004848171777384425,0.001197494976755037,-0.0008046169403986364,0.004038878269487221,-0.0005469940042357354,0.0038155936005425774,0.05919348195583428,0.004093719149767458
313,6400,463,False,True,0.0007234247236186038,0.0048597650349759694,8.509025986848911e-05,0.004942699351568627,0.005531293929175293,0.0048433192357399246,0.00024081892164494624,-0.0023027779104451904,0.004329602077346681,-0.0015705992727530432,0.0042778953587511385,0.05642722429023699,0.004417446378310666
314,6400,464,False,True,0.0014446044441880684,0.005464437690596124,0.005539487135536506,0.005476682049319519,0.0060658782517422774,0.005440591229947541,0.00040178761598988965,0.0014899353040328512,0.008830673089034704,0.008862308900153474,0.008819989280863326,0.06705699163789255,0.008889776411958053
315,6400,465,False,True,0.001555798116310933,0.005771274248484896,0.0009981257571975728,0.0057713584980217895,0.006395224605254416,0.005666764738592195,0.0006478130994385411,0.005070051251296017,0.010106874296131085,0.005726686009535615,0.010106144099817164,0.1604065940430221,0.01031911190199973
316,6400,466,False,True,0.0008104798814349785,0.005113414542078452,8.15157557600125e-05,0.005113204214557652,0.005780219283297704,0.005114562221463007,0.00030680036478024765,0.0008728592647213891,0.006875935201728787,0.0015980420387438823,0.006875793000593227,0.07630934033385461,0.00692380017532894
317,6400,467,False,True,0.0007959368159976405,0.005430471788215028,0.00037150474336555735,0.005437143972350139,0.005794000543781918,0.005317837329950825,0.0005575659504537249,0.002316563401752159,0.00846108235411391,0.003706639445728006,0.008455191844544975,0.13088026388353036,0.008608847079751514
318,6400,468,False,True,0.0025759634196860963,0.0053549293225204145,0.00028527081078269495,0.005316516539206567,0.0062535494577477205,0.005324887881735077,0.0018879701559529165,-0.0041918468076976205,0.00363858173639235,-0.0013857957533064819,0.003672255272764833,0.17232556360543858,0.003738419577617183
319,6400,469,False,True,0.0013380049908224654,0.005038467639034843,0.0003799362572545409,,,0.005062754767855311,0.00047393650811284563,0.0007173418779791994,0.0052672378563423375,0.001560847152620965,,,0.005313882036568476
320,6400,470,False,True,0.0017582485643865382,0.005423390652625322,9.139180676575238e-05,0.005424553397251259,0.006247778603585814,0.005410736420509618,0.00017112437261396706,-0.0026662050878289278,0.004318067048493539,-0.0010988525279139588,0.004319725629671431,0.1501417941303836,0.004374300411090659
321,6400,471,False,True,0.001890665533779586,0.00487395357013353,0.004935706586625411,0.004874090275485843,0.005835904958412106,0.004887069041534065,0.0006409464611175063,-0.0010767535036992149,0.004173838588696786,0.0042716167724802774,0.004173571212918432,0.01679791069339144,0.004262928473104444
322,6400,472,False,True,0.005201072096544065,0.00520334115540805,0.00013593930276473411,0.0052012921102345434,0.005897519575942326,0.0051972812564365116,0.0003706571936796611,0.005608191888542018,0.005607954528171639,0.0014533042680297031,0.005608415907130109,0.14323767090676875,0.005677578361681576
323,6400,473,False,True,0.0008739376053106967,0.00534455591356289,0.00020896004538641905,0.005357029891322143,0.005823579373032015,0.005039821174205004,0.0004889235165429428,-0.0006912983249826757,0.005215865538919609,0.0006197166637419031,0.005211600177856823,0.0966870929608826,0.005541244921068569
324,6400,474,False,True,0.0015574239543067645,0.005245756808526014,0.0002756463052000219,0.005254628690657218,0.005887754882518783,0.005129849465858339,0.0003632671779267277,0.0017589896957226313,0.007718245439188749,0.0035326643012528005,0.007705290673034,0.08259428310180308,0.007858700797415935
325,6400,475,False,True,0.003452362889050276,0.005193344445093581,0.00039083559654791704,0.0051935043628289655,0.0056449934422972735,0.005169856941215631,0.0004636640802973031,0.0016763135236020639,0.008490863593313023,0.005007307012266533,0.008490545671530932,0.09096436401699495,0.00857631069174479
326,6400,476,False,True,0.0017535430004754094,0.004914299968602046,0.0011082421178027519,0.004913726969903071,0.005772094043321502,0.004907349913613303,0.0007984651253495761,-0.0009926944998115389,0.006534690461558875,0.0004712634120935838,0.00653452884435616,0.1757498967407252,0.0066474015806275155
327,6400,477,False,True,0.0004345517624176428,0.004545204825450139,0.00026551209162885834,,,0.004524080451283555,0.00034240279543325616,0.0024977610061622277,0.008279025354471017,0.0029726366075246845,,,0.008332357712610122
328,6400,478,False,True,0.001399301496586281,0.005037463902133561,0.0004711114046038842,0.005037461971274208,0.0056986908701933525,0.005018037579722735,0.0005869848108896335,0.0017609176269694597,0.008771241504577016,0.0026506735340504624,0.008771071125145831,0.13392623417752375,0.008840656665224406
329,6400,479,False,True,0.0007451683332479056,0.00459217395956482,0.00023680416342913241,0.005041322103403646,0.005282952448207248,0.004573075922981481,0.000363093311202258,0.0023705988774406616,0.008550585048009332,0.0034751906117113573,0.008227225057294873,0.04524983312679479,0.008654765240292295
330,6400,480,False,True,0.0009271635120411305,0.0051907516835829615,0.0002679083054702178,0.005182538873551825,0.005470483884016938,0.005192524520826259,0.0003328826333620629,-0.006033879998554726,0.000770250653045217,-0.004850212899209299,0.0007686488561164318,0.109770163402592,0.0008090949411343196
331,6400,481,False,True,0.0008922794045022771,0.005308053447947378,0.00034916449073954124,0.005319428851732802,0.005964460066287559,0.005269858946763509,0.0003699500322301448,-0.001281040452889544,0.0037757197044381743,-7.498187206164908e-05,0.003770848010599579,0.080581503754527,0.003864852626278767
332,6400,482,False,True,0.000783055889040907,0.004918491011961772,0.00047603551423629984,0.0049534402086882185,0.005808694743821931,0.004918414027696757,0.0006265352326781558,-0.0007627475859919757,0.0023506314436622768,-0.0005609221756948315,0.0023560244857420364,0.07396516125361675,0.0023871177533479337
333,6400,483,False,True,0.0021085814828487445,0.005421999236644297,0.001240972820062834,0.005421912482817477,0.0062978099786646265,0.005433811466567098,0.005557159835375618,0.0006665634170537041,0.009607820880427127,0.0016663900567882417,0.009607531279253099,0.18635893363386685,0.009660267155915184
334,6400,484,False,True,0.0018426574766646693,0.00529954276065212,0.000660872177226102,0.005299843744415666,0.005973839379563598,0.005284598948985375,0.0007354643787042478,0.0005965842281702979,0.008777220903457473,0.0013422678371570306,0.008776129946481089,0.09839708357840474,0.008854258937212103
335,6400,485,False,True,0.00020989155014574794,0.005187332635625798,0.00018492621973038647,0.005756835407521655,0.005664701041180626,0.005031533577361309,0.00028569130222227794,-0.0019416381797033092,0.003938108536445064,-0.0016471470959789037,0.003668601301375176,0.04383270636025355,0.004158813534631836
336,6400,486,False,True,0.0016531462370959716,0.00529420073850986,0.00028824398021392054,0.005286561515507575,0.006123261825050389,0.005250422795742466,0.00026873942397856703,-0.0015515848468709175,0.004519781594947822,-0.00011288290017971992,0.004511253188704885,0.08521086058651972,0.004611104203172886
337,6400,487,False,True,0.0002712302525648459,0.0061391329941235095,0.0005887587414241578,0.006143368086423014,0.005937637088648498,0.005578266938304932,0.0016086987842977552,0.001299084749183596,0.008476602082213685,0.0018403573231265391,0.008466793847065581,0.09727869476008041,0.008901074419355809
338,6400,488,False,True,0.0018351218726200325,0.004702042846923684,0.00020324504265531627,0.004702530893174254,0.0053272676128580465,0.004694806306197971,0.0003322791378811685,-0.0015945429972004494,0.005035267266883316,0.00025354771028413865,0.005034968099300912,0.07501109627014557,0.005077572330234328
339,6400,489,False,True,0.00019234755120642764,0.005513396752393607,0.0002750945932766427,0.005515092441745981,0.00660595733889331,0.005526437987374062,0.0003660310652690646,-0.0010964350579864013,0.00444269557127809,-0.0005776989418516576,0.0044435192034407225,0.05497647297311751,0.004517067513972434
340,6400,490,False,True,0.0007432433074507445,0.005518557372630712,0.00037520758652788893,,,0.005528202601323984,0.00045292028949849077,0.0013478922103058028,0.007477374966379778,0.002473614680694837,,,0.0075231831502560464
341,6400,491,False,True,0.0017841663890877629,0.0050212596014173735,0.00011266014341781448,0.0050206933663676945,0.005829160214044019,0.004958048453228812,0.0002711577024368149,0.00011550618824755222,0.005270334504477372,0.000929100295888928,0.0052708191037670995,0.04868878967007077,0.005491885000726365
342,6400,492,False,True,0.0006271860311058472,0.005421390738941855,0.0003453183910465847,0.005421615471124738,0.005872206458129068,0.005406116893552112,0.0006164449185791892,-6.391082866328022e-05,0.004580069389052302,0.00028797849574968624,0.0045795078320040265,0.05080010739835686,0.004638791509736465
343,6400,493,False,True,0.0005858284597425488,0.005256002937597557,0.00046785041450634604,0.0052561338939763405,0.005348805582322674,0.005210106105031802,0.0005723823042237681,-0.0033944339391862167,0.0028204177303632074,-0.0030823551738075605,0.002819557487328144,0.05982075200924544,0.0028652910542647514
344,6400,494,False,True,7.96049015384791e-05,0.004867065750592502,0.001246349219770047,0.0048654099648597175,0.005580574058358295,0.004873124099553866,0.00019993514772289738,-0.0015657751834434182,0.002590895819064585,-0.000700716369383497,0.002591699994242056,0.09603217009349967,0.00263642278558561
345,6400,495,False,True,0.0013254127607175697,0.0053296868455855705,0.00031325332871613313,0.005329900410616071,0.006050629895148544,0.005292875745561995,0.0004173181524433427,0.0006649807326465631,0.0056892366226920996,0.0016083861201282828,0.005688865587489893,0.042213298403841186,0.005802570133295479
346,6400,496,False,True,0.00048487364467074336,0.005027830733564589,0.0003218305415361859,0.005028090587962305,0.005855349552012397,0.005049449905312764,0.0005311390807183633,-0.0003284130637629479,0.0036224731955637425,-4.0842779492741844e-05,0.003620686258603758,0.06422867883457854,0.003671216050488618
347,6400,497,False,True,0.0006856434941266787,0.0052493678784086,0.00045801749148879293,0.005249673999337418,0.0060005189992230635,0.005242454898722198,0.001719848740771024,-0.003722267209939354,0.0046538000141973694,-0.0023007291128850976,0.004653853849073766,0.08268380812973479,0.004738467510021285
348,6400,498,False,True,0.00031713764139557293,0.0046057025444423165,0.00033084305899708515,0.004605739273455972,0.0049066750963037585,0.004555159303231091,0.0005050221908570837,0.0005759689369325322,0.006208173568479048,0.001075781771589199,0.006207894201781344,0.1167113750926963,0.006270594598744808
349,6400,499,False,True,0.0022432836092962497,0.005156414523014157,0.0003113460704267537,0.005160703070001772,0.005356731718846991,0.00515340913399803,0.00022116438719163573,-0.002032200059540216,0.00433596049669351,-0.0002783523961609699,0.004337137682110903,0.08587401130616047,0.004378780791232842
