,n,m,use_location,use_scale,MSE_wellspec,MSE_misspec,MSE_surels,MSE_NPMLEinit,MSE_NPMLE,MSE_thetaG,MSE_EBCF,SURE_wellspec,SURE_misspec,SURE_surels,SURE_NPMLEinit,SURE_NPMLE,SURE_thetaG
0,100,200,False,True,0.1583119642458592,0.15082308382771703,0.03135657736967607,0.15080455777235913,0.07850473173366286,0.05981946314709433,0.042887562659841644,-0.0754710726214618,0.055077981816294114,0.005164208769185028,0.055080310441586705,1.00158257796961,0.12154953778649841
1,100,201,False,True,0.08588130803182152,0.06316409145578855,0.003926235863819961,0.06315411372803313,0.08401544491525634,0.05310735048384437,0.021095674830821257,-0.0973668049890119,0.03689588381465107,-0.01975135871287443,0.036887026280472884,0.7079046479970016,0.06467628721531987
2,100,202,False,True,0.19815042312380893,0.06947390600923362,0.02109902551131322,0.06946768540046928,0.0920173730874017,0.056708158813416454,0.040034123278402944,-0.08126419405871271,0.06329739902179099,0.02537096616803366,0.06328642548768372,0.6892464290126645,0.08632233683127077
3,100,203,False,True,0.2066141278444757,0.07227763170084885,0.023910536343884813,0.07227987965819196,0.08899659635480173,0.06400923154543409,0.05514607049735907,-0.1068998021042171,0.06794215360154261,0.02699623377870362,0.06793496497665516,0.8132004704832929,0.09179727575553326
4,100,204,False,True,0.04307483862393984,0.07990955884218168,0.00873912510628326,0.07918874875687826,0.11314280847288695,0.07913265750523149,0.03521178256943614,-0.1098381422438419,-0.025958305326285114,-0.07058147657635684,-0.025972688129187915,0.6233357203662161,-0.015698058255286973
5,100,205,False,True,0.34202297508370205,0.1510195781320578,0.029859545470331147,0.15052701465163185,0.08590313735488621,0.06820120928804306,0.040742450017005744,-0.09561775298012239,0.08215837084170267,0.06531745732403654,0.08215504837793951,0.8663984127983272,0.1478641759212908
6,100,206,False,True,0.14768050848629347,0.08320654354397977,0.007081782780006001,0.08320573799867127,0.07623024792751357,0.05589609745437191,0.03856047475707551,-0.07382069970777232,0.05799166147612532,0.01227300939598675,0.0579860191232433,0.6583118713988807,0.091295625202711
7,100,207,False,True,0.07568303795047125,0.08422994333943161,0.0027742859563385912,0.08423089476521961,0.08108406519205481,0.05187353228987396,0.015400815692255227,-0.009627046418748843,0.035985689442752856,0.026661858226790555,0.035982770179078756,0.6342457987464023,0.07141664497454403
8,100,208,False,True,0.20438589300731586,0.0910001914412775,0.010854113191359416,0.0909972133707452,0.08404405232647039,0.05413240442486604,0.01560531793700129,-0.13683427085460287,0.05114804283707741,0.01083280169985976,0.05114687719769947,0.6854825321460606,0.09401575557257247
9,100,209,False,True,0.06568793072436008,0.08656502296690423,0.034784768761674446,0.08656871877054301,0.05144397485844683,0.063053344933575,0.045037924606518794,-0.09523455708797585,0.024667785814476276,-0.07382939634538158,0.02465491952553549,0.7429662636833385,0.05646811957084913
10,100,210,False,True,0.03539732073261783,0.06820518546698814,0.007662312522995163,0.06820333287345948,0.09029931189482453,0.07094481871389552,0.03965055774653241,-0.055305669878664546,0.003737321558763043,-0.03602780363400271,0.003727204806251834,0.836964982819998,0.016113467028922468
11,100,211,False,True,0.025894114524598607,0.049808916872440205,0.004404475370906823,0.04980636642104476,0.08819243976114523,0.053365124551860516,0.00721488362121796,-0.08174265361206114,0.025164917040523777,-0.05452118103311691,0.025152603008107448,0.9818667729017804,0.04068353993375834
12,100,212,False,True,0.13365018217753058,0.0837468849614543,0.0021700399316486006,0.08374916201744556,0.09172327786698636,0.06542085992267538,0.03422180267572688,-0.0828520108939976,0.08212329316031351,0.05521836084103148,0.0821112554606367,0.9616511372563177,0.1086044759599411
13,100,213,False,True,0.0933389473466908,0.09714630478314891,0.03290122363043861,0.09708629941635362,0.07253621080060704,0.047344002416046534,0.04664740247220668,-0.08247803404067888,0.06917250295315974,-0.008487788751206496,0.06917006379225306,0.7849491127453685,0.12208996907530889
14,100,214,False,True,0.05885619409738679,0.07703511110653852,0.027881449553703086,0.07703418197441285,0.12586838853519658,0.08365435326840695,0.042162021837324856,-0.05696356802898594,-0.012149982811278975,-0.03342116455528293,-0.012158795903279654,0.5069435968958893,0.0012525043517513934
15,100,215,False,True,0.08923957956145254,0.06266054861688565,0.010910907803243273,0.0626550919468726,0.07919129092648593,0.05115712870359834,0.019136923176659625,-0.10344644812065369,0.028131803844736254,-0.044084134134112905,0.028118276642883373,0.8703387894219837,0.0603682145464815
16,100,216,False,True,0.19258797464377098,0.09057972155144814,0.003825220109190944,0.09058963907788442,0.07724624073432143,0.046147146986932376,0.011014356008765352,-0.1001381388104912,0.03669192034314911,0.014092542640892726,0.03666482157703058,0.6522426507633392,0.09156830708739161
17,100,217,False,True,0.0009378870864324161,0.06450232772248986,0.001892177372300916,0.06451113536352254,0.08472344484663191,0.06313746825069719,0.010328713868149934,-0.08306025778407959,-0.030941552030123207,-0.08129577566275172,-0.030943152802623927,0.8089283428135218,-0.01989610788683871
18,100,218,False,True,0.13341455025345905,0.0868030106884577,0.024103610448739293,0.08681518555594767,0.07494114304272437,0.07080954112023208,0.04325149344985816,-0.06884309056604779,0.06182253207153274,0.0014912929181087975,0.061808784129360674,1.117809313723297,0.0871608918543133
19,100,219,False,True,0.18427252864757804,0.1159991683011292,0.03933184468002485,0.11599023585751402,0.059717011705285455,0.05816469760617062,0.04695176236758265,-0.1226107604378587,0.060007078004263976,-0.015120781454248089,0.060010560918830363,0.8719036186545311,0.10622654579500668
20,100,220,False,True,0.1446583026295257,0.049339380608902444,0.003445581501883818,0.04933534393780849,0.09345446165623437,0.055209458863986025,0.1065502535562615,-0.14014430682522477,0.0753084338080933,0.01354832813241626,0.07529028599352458,1.0233598786888565,0.09594211043282364
21,100,221,False,True,0.03867525097221449,0.07442974486299475,0.004936190116198705,0.07441247266836776,0.0972752698516735,0.06604893400929532,0.016213821726059056,-0.020639934086655015,0.032833189280197246,0.011239309452728994,0.032827193531133364,0.9082854890765698,0.05810002153955024
22,100,222,False,True,0.053861775302206816,0.04879243976298314,0.03455495516376893,0.048800772212493425,0.08588383587086847,0.05558687785950185,0.028773509217784855,-0.10046724724657974,0.03184803643422548,-0.07837882478549434,0.03182430782682559,1.0820842190987445,0.05043912583251642
23,100,223,False,True,0.03577434719165892,0.05740817942911388,0.012546200690943064,0.05740738171467481,0.10896049434181468,0.06554126505156761,0.044476513259797866,-0.08360271858533694,-0.005088823081397749,-0.06131198458400289,-0.005095215916302251,0.6561650466211643,0.01232622841599157
24,100,224,False,True,0.12802360262931162,0.08024355663768044,0.011870293904346392,0.08024671657580278,0.06959088023454667,0.0673601261356571,0.03360917796978322,-0.07083519882494536,0.05484868296646475,0.01232086743806581,0.05483724154368624,1.0286872856184417,0.07277923058624991
25,100,225,False,True,0.02700995664347486,0.053838326595939005,0.0031777973600512336,0.05383705536628585,0.09088013433773784,0.06008599532017761,0.009119473910716557,-0.08486683706554782,0.0019734115001690355,-0.05831753313174707,0.0019708157407752223,0.7814902786618768,0.0157693665475373
26,100,226,False,True,0.05702049937449946,0.07319917911603568,0.013473671465231641,0.07320352634941527,0.10504234115771566,0.06293920211992757,0.059554119831373584,-0.05790953006845302,0.03662825825376295,-0.0083196289977651,0.03662313541405752,0.680475895547885,0.06171473882859446
27,100,227,False,True,0.07372562532171333,0.07070144669873214,0.02209488358397097,0.07070001641675429,0.10340671586626088,0.07070133810684774,0.02520057830664991,-0.1789844214615082,-0.06348299399781794,-0.12914876072865877,-0.0634832008483923,0.5635147769042682,-0.05267989495410619
28,100,228,False,True,0.08524094851905857,0.06225771886370805,0.03751972874278888,0.06225760235318153,0.08207389999492555,0.06359464654606425,0.10177619263160662,-0.09130036486137415,-0.013799507269252019,-0.048738883163711576,-0.013805754679362252,0.36055713458984273,-0.0006781708215745086
29,100,229,False,True,0.10580077248211944,0.06223953145235046,0.007118858386217187,0.06224097162623208,0.061436409428001805,0.05507835935102308,0.013503169175690222,-0.11917548527443504,-0.013842232712782518,-0.06918740898577652,-0.013854240700016902,0.6087984164250334,0.006875895555707001
30,100,230,False,True,0.03163179263056068,0.056617048570557896,0.00721903970219366,0.05661381624701152,0.0989064886436108,0.06246864139553657,0.03952432934780465,-0.047583219375916336,0.04198603231009074,-0.014318031668047215,0.04197633059563586,0.8653764380093737,0.05617837938244441
31,100,231,False,True,0.10361727842344778,0.06362946224726977,0.09121775670179588,0.06363632053719653,0.06752511973706411,0.04432679926525098,0.09610472918988808,-0.16266565962423252,0.07267605177534407,-0.15107182578526782,0.0726738011197925,1.1285587982002891,0.10127140523531203
32,100,232,False,True,0.1839750912030613,0.07577605730779031,0.031133669601178957,0.07576980121127293,0.05833732930199023,0.05816462863476942,0.0378776431291095,-0.07885605465530492,0.05230418364297563,-0.002945638147910077,0.05229154403574825,0.731608826503969,0.075666914669615
33,100,233,False,True,0.05531366284437565,0.05957354198435902,0.00987149018978159,0.05949830068079664,0.06526108493641318,0.059575588616729416,0.03149228346091226,-0.11557718052310975,-0.04933788959883408,-0.07090013859221324,-0.04932530994565504,0.7715517791011579,-0.03737189521898021
34,100,234,False,True,0.04722608291680328,0.08162920899975128,0.018346009064096048,0.08163382090386728,0.06557760626678247,0.06698747872046595,0.027777728157412557,-0.05964462149706321,0.028866754823637566,-0.03717673558155686,0.028853480417253437,0.8886877407561464,0.04576597899161278
35,100,235,False,True,0.05164436771812108,0.07291760576934606,0.02423514585877579,0.0729169967669904,0.11419231374935122,0.07873154510264584,0.03603033688764948,-0.055084466661807524,0.002271886132569705,-0.021089142580666714,0.0022685769771825194,0.6347234550751114,0.015317159029249405
36,100,236,False,True,0.06593156350201275,0.08191481909300358,0.016985656264023322,0.08191473921410189,0.07140093084495432,0.04336613834729221,0.04049356453571042,-0.06494941201962012,0.05825100420422139,-0.015133925820616014,0.05822577978452138,0.7114195325335728,0.10127151378858623
37,100,237,False,True,0.12168103552027162,0.06540837565983444,0.0009861171908156882,0.06541334621658941,0.07897652194396067,0.058028203732431664,0.011688880035517525,-0.12759868646846514,0.016618444402091655,-0.031342094234249954,0.01660979803247699,0.6443651560078236,0.042559549212076664
38,100,238,False,True,0.13016897475196723,0.07236402219520492,0.050839478814309544,0.07236574899473161,0.061137086284867526,0.061547386893290604,0.030010042369760005,-0.19912655130159956,-0.06465576691294608,-0.1422329477513156,-0.06466611498640369,0.5232068234984646,-0.039094911452313974
39,100,239,False,True,0.10739335710390442,0.08389673738321149,0.004977693227082042,0.08389550983944229,0.11100259855412814,0.06019242751615821,0.03751615419709949,-0.047210160374817754,0.03640504449720794,0.02008704946394869,0.036401849296064055,0.7094072092161858,0.0790600863385767
40,100,240,False,True,0.012349801719298175,0.048954496393988675,0.001739473922041272,0.048951207308330386,0.07450379315000794,0.050680767525819306,0.025649968585727368,-0.05982745092176093,0.016696504423448104,-0.04487263649773534,0.01668357966360382,0.76060846590692,0.030240018175329342
41,100,241,False,True,0.05534979204208769,0.06619194859112572,0.019363049170314686,0.06615054456808134,0.10471737586359214,0.06921782202590554,0.018339771800370018,-0.14685675735435694,-0.046080669102698694,-0.11577157385763277,-0.04609826312745071,0.567457318544534,-0.03440054855425556
42,100,242,False,True,0.11160851275924594,0.06380302555661282,0.014349735154226944,0.06382967611544911,0.07807211014456435,0.05711277543452862,0.027235611171570438,-0.12542208973379285,0.05518732144381154,-0.02530435446051297,0.05517546065525984,1.160872252561611,0.08261237379506625
43,100,243,False,True,0.22160026453440537,0.1623336374506659,0.011809593346359844,0.16232221774748512,0.0959071532260735,0.05444825720511397,0.03708936743098361,-0.03321538084548668,0.055467857769798526,0.06764845666655918,0.05545328297708707,0.6502713185425333,0.12358772986493882
44,100,244,False,True,0.03223828301240911,0.06651090911167352,0.003631832427221295,0.06653032621756017,0.09364490023030644,0.06382124679026505,0.0365632146806622,-0.05485487642304348,0.009636672471578648,-0.026210849502777932,0.00962264304287558,0.6615466248606136,0.03356036354728731
45,100,245,False,True,0.20824504078286593,0.08289289395007925,0.01703078033346381,0.0828820589748948,0.0617664451492708,0.058751442595314944,0.03000419985517407,-0.10770227593955127,0.08045912709828124,0.061378257492136115,0.08045255502744432,0.95772697435802,0.10129937862783983
46,100,246,False,True,0.23470460734211382,0.15521129740597428,0.016737441707220344,0.15520616518576721,0.0937178206282453,0.07117977673826091,0.024326193484431352,-0.01874854906356918,0.06940837902725881,0.0852340277013754,0.06940569719059916,0.6474114867547772,0.13500429803234187
47,100,247,False,True,0.06801721499555449,0.06842911115551421,0.011846935260880423,0.06843095271118521,0.06416212031656379,0.06040416114796693,0.018235394610727575,-0.07952812577492999,-0.00213023728262435,-0.03602294946685084,-0.0021408016546008925,0.8827502640680006,0.016979289180663104
48,100,248,False,True,0.1590150143990235,0.08230881237913629,0.011899934079239402,0.08230503088008065,0.07554176795937606,0.06487970486714656,0.05074677893816113,-0.03943345934297944,0.07863028179224181,0.05591429688121714,0.07862028913975408,0.8770162060422598,0.0995415301916927
49,100,249,False,True,0.2587264770106998,0.09220120429229965,0.03210402078854585,0.092163031546871,0.060274053939366495,0.056438645288999785,0.03395206863960384,-0.07253311655999652,0.0981326452326556,0.021082032231905207,0.09815710738018225,0.976840682677011,0.13723730978335152
50,200,200,False,True,0.0846079294355167,0.0854331143669978,0.012569640627189687,0.0854240290805464,0.08480299640540899,0.049937118069493774,0.01891970739206464,-0.057642779909468145,0.06127035180127791,-0.006192875142042269,0.061272114576455226,0.7807808078434695,0.10014537894822706
51,200,201,False,True,0.03878158189656326,0.07619128918292092,0.021494954018278806,0.07619124076098134,0.11050892382335066,0.07985479370810243,0.03118532934856839,-0.11181062794124116,-0.06533987713446969,-0.10059012373907851,-0.0653397612107934,0.6021121943321412,-0.059666125345700594
52,200,202,False,True,0.05508188531657152,0.06196793449121081,0.0049200143423262675,0.061960089874148555,0.08326311522653083,0.05294786171703908,0.02239328093036449,-0.044237893444430174,0.034611829403514774,-0.012260208221575386,0.03459861795497488,0.7850418192385361,0.05462842209322105
53,200,203,False,True,0.12492933076515625,0.07743817817581222,0.003435530078606414,0.07741256451405784,0.0852753905628992,0.060667338766864747,0.014124413491591678,-0.07468130291397321,0.046656713451882936,0.01305639145086824,0.046648376077199745,0.8533760163513321,0.06974164051417725
54,200,204,False,True,0.07643425093800583,0.07531132356974124,0.01168291925384619,0.07531166364469628,0.0644836695403985,0.04843975121930516,0.03273047719314648,-0.06286342834921252,0.052180869799964856,-0.007822291227214619,0.05216929585886177,0.7460638596384368,0.08975127798914695
55,200,205,False,True,0.05831730263525458,0.05125155501647255,0.0016184530110348286,0.05125164399665571,0.07847684323187248,0.05373751104260783,0.019331874258259177,-0.091701705020248,0.03637802433313809,-0.02350925099546796,0.03636955521787087,0.9972682892626772,0.04435698519159781
56,200,206,False,True,0.03791738699515708,0.06685859582396617,0.001710051133515232,0.06685645847378001,0.08799055717496666,0.06179781346274929,0.021892433209143133,-0.040572444943966314,0.05341945626719578,0.0018253962618862696,0.053409219696680596,0.9467347814022327,0.06916400255423538
57,200,207,False,True,0.04753373474406389,0.0645068165938577,0.0009022660493392037,0.06450608414445053,0.07004748017441562,0.05116851911877352,0.02533875718813674,-0.018555441722128495,0.04830812078731349,0.011496633106854306,0.0482958655288072,0.7929072412997539,0.06798675017612654
58,200,208,False,True,0.08608088797599947,0.060513817422394256,0.0016722761960640967,0.060521939906858335,0.08733532199852233,0.05934085718626374,0.03003444043367535,-0.06438246051484443,0.049123162037849825,0.0009024930327389047,0.049114945126568874,0.9094007784264031,0.06368343082575645
59,200,209,False,True,0.020822689759360604,0.057542700886191164,0.0030709577446297815,0.05753745669109775,0.08907828802809101,0.062359274826225386,0.003777294697980588,-0.04915429006738564,0.01793869297218045,-0.03031527079980835,0.017927059480444072,0.9909981064470543,0.02573890566441206
60,200,210,False,True,0.09096083786340517,0.07381531449027605,0.006944676153515325,0.07380341936458235,0.058307777784101546,0.047083397694950194,0.014967326193035332,-0.02251758861740573,0.03124757422371772,0.019607251634832713,0.031249496005149455,0.6101679425616447,0.053510113602428244
61,200,211,False,True,0.09505126342963593,0.07429806970044825,0.004489290215719774,0.0742909305002438,0.07954524157126337,0.06051187737091973,0.009637490426310803,-0.008988539134304793,0.06157227131719012,0.03414911690166805,0.06156083611573372,0.8847069035781948,0.08157150221188991
62,200,212,False,True,0.02212522039747114,0.05039210639150509,0.0014570769610634429,0.050393228148097,0.06765157932238615,0.05183674935557615,0.008083368931983756,-0.06707394019810435,-0.004731079167901484,-0.047986841412403065,-0.004739323747770783,0.595111443120339,0.003245060565495783
63,200,213,False,True,0.03247496608137001,0.06264055974430853,0.013091905386104535,0.06266002941224932,0.0522216056538468,0.057866476320829995,0.03472638618328386,-0.08251950908131458,0.012504932517528858,-0.061333616105104634,0.012495648607914519,0.9635163339636619,0.022745566422286423
64,200,214,False,True,0.13848963978431045,0.09514096863171449,0.006403402306709223,0.09509144701745896,0.07880148189035782,0.056069637153678444,0.018571478243799948,-0.04799363945585526,0.06427077607894376,0.026983143078261673,0.06426431359205736,0.7441049245400988,0.10128800801323301
65,200,215,False,True,0.009389827482038402,0.05160692797129667,0.050947957407051755,0.051609817957243544,0.08468401885628135,0.05464489285774498,0.010823195572690578,-0.03549658510301768,0.027299378821504305,0.0357247005930601,0.0272924002517054,0.8227345515845161,0.04179372065272191
66,200,216,False,True,0.0513667949756587,0.0733225802403131,0.005097354851786417,0.07332486459164068,0.06510014128804377,0.05839563827335396,0.031533677648571345,-0.028564971197647903,0.048319278269352214,0.014164574714228953,0.04830991995315905,0.8445698026648591,0.06861007912828848
67,200,217,False,True,0.05387685399643028,0.06755691998676919,0.02237282136921765,0.06757153541678335,0.07919249233633154,0.058447077968893736,0.015474715232260405,-0.03912891512856716,0.028359135408884628,-0.019174915549894454,0.02834724779883679,0.7293551240813505,0.045109430106261894
68,200,218,False,True,0.11048625967906378,0.05657488943892632,0.01098863058868501,0.056577966525935316,0.05974858564564242,0.04463341874218341,0.013303772068724979,-0.10572348907568424,0.05040680562516336,-0.028461255697825826,0.05039512956499323,0.8604258638549814,0.06811247111764357
69,200,219,False,True,0.06867330348542772,0.0862412632214264,0.005920633654540023,0.08622413233916097,0.08660316201069473,0.06251298648291473,0.011677552802091245,0.011529090511662832,0.06428586773712233,0.04126170685208771,0.06427498151970588,0.8202356162350566,0.09340918534538617
70,200,220,False,True,0.09873459997839897,0.06366015696972094,0.0035025816221143837,0.06365953152326362,0.07769823250911585,0.05552230086202015,0.009817060213455107,-0.05002842742961587,0.06172838370893345,0.010978504390868072,0.06171969620326479,0.7832275136442141,0.08370506296497815
71,200,221,False,True,0.033653256373943334,0.05226412958062334,0.004543384748970816,0.05226846266524283,0.08256362453678476,0.053726486270498405,0.020128223968321268,-0.08734291301938703,0.03561637359535823,-0.050755153233518695,0.035601457174020225,0.9237245361234465,0.04788083360313028
72,200,222,False,True,0.05503061126938642,0.07404780748604656,0.016154923178859665,0.07405041585808814,0.10695750756155092,0.0697840044818338,0.021279730121083494,-0.03071046577072213,0.04053088360018805,0.004829204207482083,0.040526222089402354,0.7429037117238667,0.054951308474410154
73,200,223,False,True,0.040825357073272235,0.07021145042238384,0.02754652914678569,0.07021547511736663,0.05720817183387315,0.05794382082433207,0.03454347609806603,-0.030949693673475075,0.06961738922676503,-0.018886783090014393,0.06960280065234357,1.1318951577127931,0.08369326284314976
74,200,224,False,True,0.1718725111529815,0.08506481679634449,0.02311457453506398,0.08506358925510828,0.07654637700172359,0.056986807576194766,0.03292269604668366,-0.07004519398145824,0.06149448270735221,0.01915164144908269,0.061493520816093224,0.7969339715887341,0.09080527184667886
75,200,225,False,True,0.07022537730202515,0.05994945137078798,0.002364447218543111,0.0599508936996071,0.070351029205375,0.056530884176974626,0.019575972783364447,-0.05439942606449287,0.04465370731107442,-0.005226856028301121,0.04464511663321297,0.9613277929216038,0.05879523270402581
76,200,226,False,True,0.0050470167911893715,0.061286866853435845,0.00292580456047069,0.06130105850494058,0.09407821657303037,0.0649406256702032,0.020268287570508525,-0.050526024866851406,0.007849726611514427,-0.041502699502063596,0.007840358953144815,0.8841069122720177,0.01720938561403329
77,200,227,False,True,0.08631593838953458,0.06128277154765516,0.0021966342324498604,0.06129082728259405,0.08165245258381174,0.0579897921709366,0.006302203130658124,-0.056644337872075186,0.04645879930732434,0.007732492927483192,0.04644557652907842,0.7918577643868651,0.061774494357268894
78,200,228,False,True,0.12277986374057345,0.07264367801385271,0.016821943960932697,0.07264309159203147,0.08083937673134459,0.06328896814435303,0.015407167234317513,0.004613722827972495,0.07989046486118113,0.044433377290167,0.07987877578587657,0.9793810498644566,0.09476999316445484
79,200,229,False,True,0.046250266527294304,0.06442067982449325,0.001834610598557497,0.064390195471259,0.07056722438244949,0.05184923339792044,0.017917439663579022,-0.02866938499868583,0.04621937235816859,0.012560281486187881,0.04621062225851745,0.8256324411937689,0.06533594574692925
80,200,230,False,True,0.011889544252753577,0.05935762644204673,0.0032885473064201576,0.059351965952264524,0.06897404259438228,0.05214885006877089,0.005036669363030239,-0.03127797491673836,0.04003228869406712,-0.00972329580878712,0.04002613916354598,0.7648399077120246,0.0537361632906625
81,200,231,False,True,0.026979768558635438,0.05723990770944824,0.010611364548221472,0.057235912195842495,0.06886389077220936,0.04373274042754001,0.03460680974361742,-0.055972692095757684,0.054008347398022995,-0.02564252253956713,0.054000187189564744,0.8209451724846373,0.07831373855763418
82,200,232,False,True,0.03349806786845151,0.05780465577477378,0.007877028380914641,0.057803808737901384,0.09843338674360994,0.0638241896595927,0.012514192381083358,-0.0643257453947668,0.02674972641040654,-0.03245027697013198,0.026747503723862566,0.9010041769449638,0.034692092219114734
83,200,233,False,True,0.03359924649616199,0.05580635030824511,0.001798920991508006,0.05580675126527668,0.0851092540978605,0.056840784091473875,0.002147989776259196,-0.07231899493790742,0.01843886672132264,-0.042628947625470114,0.018424713978300603,0.8481248368482001,0.030445013652496133
84,200,234,False,True,0.014013188442090903,0.05979933455661454,0.006723921870057433,0.059799371163895054,0.07428297056851786,0.05790548765671913,0.013702334064537627,-0.011291569759401323,0.01699115997226649,-0.005413974999506306,0.016980335740794956,0.6800844829648385,0.026743860132456443
85,200,235,False,True,0.10007355323579166,0.07056227558065217,0.001922916360866584,0.07055337996422065,0.09000587726886661,0.059408914435794824,0.01720291330378363,-0.0160378296235729,0.07210904702455694,0.0310673342125709,0.07210147933258242,0.844336333622912,0.09462435119158719
86,200,236,False,True,0.02128805779104099,0.06279404383703895,0.006616637072213343,0.06279360871533085,0.09008606232979328,0.06572371317625451,0.00971139653733238,-0.08163434760897839,-0.030550359318458505,-0.07015505710277131,-0.0305520767672391,0.6555966898710273,-0.024360217574673326
87,200,237,False,True,0.014902336920043426,0.06305980436434526,0.00226217865984252,0.06305488797479607,0.07313861171143803,0.05346497194342025,0.021251649302477423,-0.02778964904103783,0.03439124397580123,-0.011504550974491452,0.034379726026759844,0.8308917379224152,0.055901943692286404
88,200,238,False,True,0.07701480938151548,0.06885065970358742,0.007684672271040082,0.06885133733576865,0.0732910293428979,0.05797813100117171,0.008435209109488778,-0.0464704524960318,0.04234611579007755,-0.015516004379096861,0.042332530962252764,0.9842598892977605,0.057642351749466414
89,200,239,False,True,0.10294533971800086,0.06738435770647876,0.007785438887027414,0.06738320538326671,0.06966212127591585,0.05660592231269547,0.01124119365634184,-0.02991842531898546,0.046929301804162264,0.014415570924497776,0.046917933569751116,0.8730142477069651,0.062239044295259616
90,200,240,False,True,0.08369972569907587,0.08740193458730461,0.004674896729597905,0.08739481439761704,0.06912721861158533,0.05655148803958759,0.01629943976386259,0.02735490599257327,0.0957519359905983,0.060074962188153336,0.0957438282073531,0.8153219920003396,0.13013477730553485
91,200,241,False,True,0.049524357111232487,0.07376966972221839,0.0029709499301994852,0.07377059581051565,0.07464389760892534,0.05518246080679989,0.01581753899131255,-0.035633914443621004,0.06383202207005752,0.011345788503882223,0.06381405587132775,0.909009066716394,0.09580324872116108
92,200,242,False,True,0.0727353531489657,0.07214901835341397,0.027441220164330645,0.07213810071370626,0.10043492508382881,0.07543992723183485,0.040682395572492425,-0.06932579378645044,-0.012187073521429212,-0.027752720175889298,-0.012194391292537361,0.5193647283513259,-0.006068264591672201
93,200,243,False,True,0.07071514682623353,0.08832112368379993,0.004577929970557625,0.08833495263879858,0.06946341086788768,0.05545849290226114,0.015333736903824011,-0.01401804616372771,0.0660033791078299,0.025376943830458996,0.06599610037913892,0.7510322481463052,0.10088586557356094
94,200,244,False,True,0.13801043195888496,0.07908053032848325,0.011768060729010581,0.07907081771165175,0.08532289393341103,0.054984583594076215,0.020041938582116243,-0.0362604357441603,0.08774236625339868,0.03320966297835746,0.0877345199622782,0.7726989046923147,0.11532015682749586
95,200,245,False,True,0.02308431195043672,0.0695433389342641,0.004685174151524511,0.06568865056958906,0.07631643437346806,0.0665567099891099,0.015988481016403752,-0.08111713829426533,-0.018345434293691412,-0.06177327990468285,-0.018699514354625107,0.8969120991707598,-0.012896971537543989
96,200,246,False,True,0.0281303931141509,0.05913885611447069,0.0029271909533193246,0.05913276150488699,0.08896424930884825,0.059783628758732596,0.018677830239338007,-0.03559693738430051,0.027412456746873773,-0.01724055927254753,0.027404494438211986,0.7587089836055635,0.03799990456678726
97,200,247,False,True,0.08539182263709218,0.10156159297381988,0.004922048613330762,0.10155967941736611,0.08304516428774264,0.05809422252460881,0.03945932935208324,-0.019165347365988843,0.05605362233041106,0.04167303828383258,0.056052128152529475,0.7176744859314925,0.08885664971413099
98,200,248,False,True,0.03680491447104399,0.06585049877128384,0.0055770257978098635,0.06585560029431137,0.07600255967814545,0.059546346349850586,0.0271255564125095,-0.05503524154899703,0.045895286104864756,-0.017656233093181952,0.04588921462532113,0.9117445909640803,0.05834838199891251
99,200,249,False,True,0.12123721957761263,0.0885904929256633,0.005914822228342338,0.08858974770951729,0.06562606062169288,0.05670697714898731,0.01818541424017313,0.0028952303092233365,0.08377752295504613,0.05672936314673971,0.0837678138414411,0.829003205393944,0.1090063386752726
100,400,200,False,True,0.07094337332266189,0.080814952024794,0.008184023716959803,0.0807588236188792,0.07874133903185497,0.056471271606477066,0.004748700132123832,0.003923384068072267,0.06276413418347389,0.03184357258284543,0.06275254889601051,0.7882669137039625,0.09115346229307963
101,400,201,False,True,0.008320934975205951,0.05836779520429625,0.002088170826169984,0.05836925887943996,0.07346467402619748,0.05692190669657493,0.004284056250836956,-0.027408107854474447,0.013299304572543563,-0.02431995348325879,0.013285919679123665,0.7847564018360167,0.022684690563592402
102,400,202,False,True,0.031216990110416377,0.0641974618056293,0.0034322904925049675,0.06419854139208915,0.07418567797254276,0.05620875148272251,0.004099663691113048,0.0020327119773322798,0.0597816287038161,0.024151752629164955,0.05976897904564545,0.9647862185713647,0.07266090552159371
103,400,203,False,True,0.011537965335186704,0.06611186923701258,0.004319866707544202,0.06611084471490505,0.08211616093509246,0.052987377321487,0.008842069069533451,0.004637391224945838,0.06075091461361794,0.010694891479568383,0.06073956003004256,0.8585993128517725,0.0830780329207283
104,400,204,False,True,0.0018962535629832938,0.054037824322906894,0.0012994901995466337,0.054037974091727045,0.08489429781872795,0.05714584098027345,0.006879150600889138,-0.022797644965663836,0.034569246460716276,-0.019595392882746324,0.034570565827062014,0.9276955711558466,0.04303525191869256
105,400,205,False,True,0.056235127070943365,0.08862376576764501,0.0077238080243612105,0.08861365809876627,0.06329451530404782,0.05348992260655327,0.017706778318569403,0.0067966749476531816,0.06660309370694747,0.033561555710691915,0.06659728277096648,0.8134301959098825,0.09503712707235384
106,400,206,False,True,0.09549117380962553,0.08368287305290797,0.011394961842731099,0.0836839379550221,0.06925434336130593,0.0568293072649422,0.011929133251160861,0.006391971452415746,0.08743924550953054,0.05077368213916076,0.08743136963018558,0.9393951169489276,0.11350515483433987
107,400,207,False,True,0.013254910291344043,0.05430753928819869,0.0016584313700915424,0.05429945284120512,0.08009383866339143,0.05417169338485261,0.00467685775796813,-0.015174012093750853,0.040545229190264966,-0.001773846586697696,0.04054007292048624,0.857591098113247,0.04858732881631311
108,400,208,False,True,0.011675416103129783,0.0534610709253432,0.001177669939335461,0.05346414941836734,0.0793715510294381,0.05498543302810374,0.005470699334542366,-0.024608808299110906,0.042260044239544284,-0.010035723433447843,0.04224933181279816,0.8896164966384862,0.05213147465934803
109,400,209,False,True,0.06090423032967772,0.07370932208624259,0.012300391124343779,0.07369459758391236,0.08807489736175197,0.06309368696725348,0.012600152134634668,0.005514681180584958,0.07777233482117055,0.03126629331070078,0.07775967563933704,0.945471994676089,0.09454811703354543
110,400,210,False,True,0.03518241755161713,0.05590121407658993,0.01438213322782013,0.05590098710822615,0.0792426923770617,0.05591008574274504,0.003600736822380205,-0.04958824859162633,0.03748918949008058,-0.035184077891659754,0.037479003680450235,0.8828543984938243,0.04600971074115029
111,400,211,False,True,0.02586459291840292,0.07125470557970402,0.014745420302231839,0.07122128218662656,0.11006914573929372,0.06897117582652156,0.013687833976702937,-0.016411856340535397,0.04319943127015151,-0.007343716646119898,0.0431917714529925,0.9015262694394017,0.06353941181266509
112,400,212,False,True,0.03243713555725618,0.0640483060022444,0.003257423458929915,0.06405078610656405,0.09292292536412097,0.06211249720829248,0.006464597048843496,-0.03476488155590049,0.04149769883086897,-0.00910543873452398,0.04148453465631434,0.8187723914370227,0.05412503550128339
113,400,213,False,True,0.01819129767992799,0.06652289271010389,0.0017971172614904374,0.0665189340145918,0.07162288504573965,0.056008671554043196,0.004019527247833848,2.2585491572355566e-05,0.056912958689942034,0.013808156059470778,0.056900686651391724,0.9604051640204325,0.07058371891850657
114,400,214,False,True,0.07683210083395597,0.08423298249231269,0.028215853281383874,0.08415146494512969,0.06802373387655535,0.05193925164288075,0.009624912872297615,-0.020940165483220835,0.06924801454956424,0.0018621363005493063,0.0692362636229538,0.8129393908247792,0.10269394559995582
115,400,215,False,True,0.008932159819701234,0.05601385895665539,0.001402099696533281,0.056014284857618175,0.07580835056557592,0.05737548651988976,0.004205931099303015,-0.059209578943634135,-0.0006644462325786549,-0.05113564192561535,-0.0006757912592849635,0.7915744241710957,0.006156973809963051
116,400,216,False,True,0.015142462561630867,0.059646585456976854,0.0020006135896962897,0.059648802025730474,0.0862073569841272,0.060026536071730134,0.00742653287529597,-0.000203625948365882,0.05414995535135333,0.013500599986615899,0.054136294324491845,0.9060010170624406,0.06563279811223588
117,400,217,False,True,0.06035447376695427,0.059301765682687566,0.0066314864466033505,0.05930197325673685,0.07032628384980767,0.055007274952638366,0.008410677176508261,-0.015848845076889582,0.05136699911360999,0.010783296425461839,0.05135586687879574,0.9046823342942365,0.05971234092962313
118,400,218,False,True,0.019778721164457044,0.05535712029969726,0.009706244252021625,0.05535774223960727,0.08457120314908323,0.05685288839332116,0.020919062604339296,-0.05774583400661559,0.03660181919288391,-0.047710881366193884,0.03659129668049957,0.9635601298747603,0.04742735722798341
119,400,219,False,True,0.11653095499913171,0.06328903470016498,0.0018893919755874878,0.06328438280861957,0.07742061010609082,0.059059970846529836,0.007047710394117774,-0.02673006599523822,0.07245686420372437,0.026608522511483938,0.07244541106593744,0.9965211510204659,0.08191207922012178
120,400,220,False,True,0.018409348165062237,0.06214289290458704,0.0014276721900489348,0.0621042638871925,0.08703918456360304,0.05979232932490386,0.005290066658483164,-0.053150197632939745,0.020527581113187452,-0.03492030531814332,0.02052029161811312,0.7505892277927358,0.0366173013592499
121,400,221,False,True,0.01583245147327709,0.052083524296355224,0.004358274278436159,0.052083603220966036,0.066561099230547,0.05082104086292656,0.014684489629367123,-0.0707366324209356,0.01716275313433684,-0.0558156736798241,0.017155037336580393,0.8252862663223505,0.02790927512373237
122,400,222,False,True,0.015684149755503692,0.059260301388312106,0.007069270333815826,0.05926104048834915,0.07244035598477382,0.06111185040357172,0.009809492186649447,-0.05613072899440116,-0.02132614579842013,-0.05021458600348412,-0.021338793664720086,0.8442698688859995,-0.017403708063890466
123,400,223,False,True,0.018762536587005184,0.07256765226058852,0.004540264198855343,0.07256173542942826,0.06835317414525821,0.05482122765385946,0.017315948072383434,-0.01046528417057159,0.05834977580314714,0.006331620162128609,0.05834182956217447,0.949622867566685,0.07789627402704419
124,400,224,False,True,0.07811163854521426,0.0745923459559307,0.010199662313995345,0.07452573349045172,0.07594616343415736,0.05377271111014721,0.01034346271232647,0.003974584152472564,0.055399493383238796,0.03232409817193911,0.055387051866160206,0.711840105505192,0.0740276625609324
125,400,225,False,True,0.006323828178934976,0.06038319431482165,0.0037091917558539174,0.060385807805145936,0.07509321949113276,0.057659842530759085,0.028441345277563406,0.02528075763753931,0.05699781838706805,0.03107339409331683,0.056984771348420935,0.8471463010681352,0.06653835015007625
126,400,226,False,True,0.008605189755799117,0.05881377464395692,0.0034169460378236194,0.058814166345489596,0.08782644198106608,0.061303309164089353,0.003881606227672181,-0.02716141220675044,0.02640884455510353,-0.017758360787509416,0.0263967892919856,0.8630953241654022,0.032709493799805145
127,400,227,False,True,0.0367342856365105,0.062199714714609076,0.005844931982304199,0.06219844160671524,0.07072941191633633,0.05835400782028801,0.006407109417965001,-0.037009502679411,0.012423431174987058,-0.012993587981590822,0.012411523757617574,0.8232381369531393,0.0211625703946538
128,400,228,False,True,0.07985377403189049,0.0845081565969091,0.011669330638887032,0.08450071077819564,0.09109467921308533,0.06927619048683116,0.015155849395122725,-0.0012425705402078775,0.05948629820323603,0.039159636611678594,0.05947996677875665,0.80062111676005,0.07767569541663805
129,400,229,False,True,0.012916472651677105,0.05816689816845092,0.0019503189080032437,0.058167967307643516,0.08284809101497986,0.05922212527403662,0.0034234108494097214,-0.03084524612264583,0.02562109491779225,-0.01806178746669069,0.025615365945240713,0.9468712124383561,0.033209853983181215
130,400,230,False,True,0.07182443646081306,0.06270197600807775,0.0008223168369460092,0.06270441828352674,0.07807656375460616,0.05720348083673141,0.016250332864054157,-0.03942316825406981,0.0412696324658706,0.0013627184740892084,0.04126236324740191,0.8875825920529619,0.05492414685549035
131,400,231,False,True,0.04642319179955135,0.060215939754833255,0.0015026091688212753,0.06021116086157481,0.07192670779501782,0.054183603399197006,0.0046240442603307595,-0.02963825018413708,0.04282483145836757,-0.0037298146201927684,0.04281767382995582,0.8921184120132224,0.05579108040362568
132,400,232,False,True,0.007870850205616143,0.053504747559134015,0.002178627797726391,0.053503601824024125,0.08215912456029276,0.05538370809620476,0.004389519285451348,-0.05348210581480368,0.028721336687425207,-0.04396925580651009,0.02871430040731859,0.9039791189983803,0.038163918321827695
133,400,233,False,True,0.06728786889207193,0.06728138878246157,0.014496733176896813,0.06729018109377477,0.06319615981568893,0.04849642861494707,0.016488275464316436,0.07401629405091466,0.07402947776898458,-0.009379367498162094,0.07401764865122289,0.9880087207339957,0.09513720813784837
134,400,234,False,True,0.013053590248123819,0.05477535993022498,0.0012567220096364176,0.05477411094902921,0.08190772074297867,0.05520896355227236,0.023539564224052102,-0.027759968877009822,0.03437331460623682,-0.01654439386215692,0.034362155221631954,0.9034934415070229,0.042779413840670744
135,400,235,False,True,0.02099665328443545,0.064484350641835,0.0016072228742663142,0.0644916800574118,0.07394862548845932,0.05541592913836553,0.008071834008932159,-0.006335645481341337,0.06005205302732627,0.013566063680900796,0.060038931504076985,0.9129773303878056,0.07420851024935232
136,400,236,False,True,0.03497339203857241,0.058557129093963003,0.0030870972396580755,0.058551955434248626,0.06652368149602209,0.04910199122806587,0.007407568917429536,-0.027928821848508267,0.050996148568238836,-0.0004151437727251417,0.05098470934389134,0.8817128809318129,0.06449096744042793
137,400,237,False,True,0.011682597391701159,0.05671031900382863,0.007538853707083487,0.05670496507009746,0.08270066773071573,0.05705036881168561,0.007977832190931743,-0.03471054799521986,0.04215132580202102,-0.03134360922305019,0.0421464571239062,0.989845965110967,0.05040714064724772
138,400,238,False,True,0.028679981044430734,0.056671924451691245,0.011517439004699497,0.05667163141351764,0.0692902357651946,0.05707221499963567,0.0155306095031573,-0.026061762877889305,0.008274708866333427,-0.009352205187897847,0.008265026063502816,0.7216669245641286,0.013128037874727883
139,400,239,False,True,0.021044215704011947,0.05411617129400942,0.0014167014926937886,0.05411500447735584,0.07847607404625541,0.0546306660457728,0.0034138290452737615,-0.03262567879899863,0.0302274233720928,-0.01286905079827022,0.030219033361532227,0.8981900585625309,0.038919536170010594
140,400,240,False,True,0.04711388738437309,0.06225695019716257,0.0034236091948436327,0.06225408240857305,0.07450071404574157,0.056736750481031814,0.009114634607424687,-0.016654739574931274,0.04146625079451553,0.014628626938567889,0.041454144163103945,0.8340476007882287,0.05213206256199804
141,400,241,False,True,0.0129880109517085,0.0559001368838924,0.0007029732631758527,0.05589573057493521,0.07474535205862615,0.05250039813083147,0.004255796037439025,-0.0250182166716248,0.027452655188387992,-0.016889095722809114,0.027443704322961508,0.7453547638328425,0.03927682606029009
142,400,242,False,True,0.02922791649376934,0.07941266780768814,0.015630680049403628,0.07941397466902764,0.059365948471830646,0.05678138510208834,0.01696064564331328,-0.01651738747651527,0.057106613982455486,-0.00314948115344631,0.05709368883224187,0.9692599212967999,0.07711475390830136
143,400,243,False,True,0.07098726065513475,0.07184477672397997,0.007109578947159083,0.07184482643436337,0.08904133007694606,0.05337687957110572,0.014328735981562845,-0.009680442678124172,0.06877203405892253,0.023962792517810475,0.06875995856150112,0.8030157520519481,0.09278740847045541
144,400,244,False,True,0.03494310506427482,0.06366865550751372,0.0010798006356265454,0.06366825727578412,0.07695484110140981,0.05591370682442125,0.008571270506374825,-0.019026936016075014,0.041733665760726096,0.0013456367320740347,0.04172253741247616,0.817960800326471,0.05603695617799764
145,400,245,False,True,0.05314292115337715,0.07303736847923617,0.0019308769008546359,0.07300552154586376,0.07993225053632298,0.05786757497560841,0.010100622117311298,0.002520692554940075,0.051747557035061224,0.02346305964909626,0.05173998691243639,0.8251234646207282,0.06984200583655936
146,400,246,False,True,0.03203536507166002,0.05504156823389796,0.006379787059587043,0.05504077303285073,0.07077301105334734,0.05717192157202424,0.02498706765095023,-0.06592030064139498,-0.016632513280045204,-0.04354219784266181,-0.016644045465548346,0.7080930585457874,-0.012258201702258331
147,400,247,False,True,0.010907919265996623,0.05389169172964911,0.0039338154877214294,0.053865229970629036,0.08622045877276067,0.06025348583734451,0.006836455087598029,-0.042437160607577226,0.015254347279619367,-0.029812208023693935,0.015247703692091932,0.9363848082522647,0.018898659099472748
148,400,248,False,True,0.00289615213831422,0.05787007807292009,0.001457456018192127,0.05787158582450288,0.08457909368916938,0.05766852498412886,0.0030393741481552885,-0.015237410942944939,0.037959753451618,-0.011249200673142458,0.03794637828304083,0.9219803423785643,0.04965099307420967
149,400,249,False,True,0.04096381470091462,0.06817677050763772,0.0009172687939042256,0.06817643041480163,0.07310025611814966,0.05347427095097416,0.005845181832208853,0.003839083576108011,0.0609446633810677,0.024140532563703344,0.06093175889045604,0.8316864790713612,0.07756904766652056
150,800,200,False,True,0.004993432679109386,0.057859652954705625,0.003697512503990209,0.057856748758115216,0.08018193075199614,0.05929578768934321,0.015760996052517174,-0.014059205531799384,0.025143856300216927,-0.010462577640192176,0.02513611474360495,0.8890013447558198,0.03055566753990069
151,800,201,False,True,0.011519769344417669,0.059323906887260885,0.002758539410963395,0.05931925156302746,0.07723906810120773,0.05570833174888748,0.015259022799810062,-0.030288089875687874,0.045367874627468295,-0.021535214893352146,0.045361309026437556,1.0133847986495297,0.054487273897787236
152,800,202,False,True,0.0005973190149953841,0.05724039985827825,0.0016535973460301845,0.0572371090460158,0.07593838478118575,0.053595355425107245,0.0026225120823060743,-0.01204158944003252,0.04504433414651999,-0.011311669995547866,0.045038776349220204,0.8913588986809322,0.056104440915534404
153,800,203,False,True,0.008308698149857569,0.05613287970528549,0.0025935196568862957,0.05612934174517074,0.06889130260334535,0.055568684413119664,0.004295213429566333,-0.025790372323931,0.026986559612841604,-0.022307645572724494,0.026973508979487165,0.8947587127522012,0.03261543286308266
154,800,204,False,True,0.02709859727745136,0.07044287641934417,0.006949546110095228,0.07044096697629745,0.06911178461896904,0.05799053704187105,0.007318240286704777,0.003430674283624497,0.07052848051061261,0.012391460960118618,0.07051850436563953,0.9134175708324457,0.08266543445654334
155,800,205,False,True,0.0035392314557798127,0.061280230673451924,0.0027244336696920046,0.06130615212694453,0.07519852512685238,0.05106924294939082,0.004092235235043758,-0.0030368001344808684,0.05507356820172994,-0.002148744880220813,0.055062731792797664,0.9244077586057344,0.07180996026636466
156,800,206,False,True,0.0023905094558073782,0.05597575768370249,0.0014591780235254804,0.055972362516013494,0.07873163064318664,0.052991371671462104,0.0026361684724351825,-0.004557321139165361,0.055995852207838585,-0.003519809133347732,0.05598787502736983,0.907822327143886,0.0671044694128557
157,800,207,False,True,0.008739789616556156,0.06687968212157515,0.004070692865340987,0.06687486098068753,0.07779803548702448,0.053774475067424374,0.007384800853086172,-0.0007610930531053284,0.0639466784082181,0.011072385886700063,0.06393687117783088,0.9327885913400639,0.08370098694773337
158,800,208,False,True,0.004591506142308053,0.058400069715326026,0.00046738247961900924,0.05838879409539981,0.0757137937026337,0.05373840230149548,0.0016626896600557446,-0.007721258723418496,0.04312380993455747,-0.004635320004800472,0.043118349900130186,0.8932583516640387,0.05345902567203553
159,800,209,False,True,0.0025902342901292625,0.06113329794348466,0.0017879078594120695,0.06112899986871399,0.0748020514159841,0.05562381605159256,0.004172774555206704,0.005959114424073618,0.04184225290182951,0.008829875206429251,0.041829143414658605,0.818605136172732,0.05274085715900212
160,800,210,False,True,0.004361013457553926,0.062180283869908995,0.0031068923208182704,0.062167670401842214,0.06780666663771115,0.0515160082849184,0.003036825463890831,-0.005641811806274642,0.05043801414749012,-0.0010965852120486685,0.0504324219836414,0.8506316019009941,0.06560933057802076
161,800,211,False,True,0.009987578085372569,0.06297851233738049,0.05331237404499422,0.0629757612699864,0.07298785843947833,0.053341063135478574,0.0032426656903267216,-0.0013335750157799158,0.04811594398355119,0.05817172480798652,0.048105564739937136,0.9263044259475158,0.060954123444525665
162,800,212,False,True,0.02968227024892898,0.07253674589116446,0.01023314198489132,0.07253416452801291,0.08206256578436522,0.05595925437366565,0.006987355956279586,-0.004495997185996887,0.06632880373161051,0.004031317071335709,0.06631922223122139,0.9436609716703172,0.09017910227625991
163,800,213,False,True,0.029284248272924907,0.06389771344251238,0.0027004655735204264,0.06389873504355731,0.07002016766061736,0.05407661969160234,0.0024722159344819994,-0.021908810955933396,0.04045199650880683,-0.00904905327223778,0.040439092376239,0.8977090225035655,0.05378344568624854
164,800,214,False,True,0.008961588007061384,0.05864458807665054,0.007474723803165672,0.05863998194210695,0.07048240220897989,0.05516056312807764,0.011776497097029002,-0.013618888502425812,0.04549409036364288,-0.013411268605945726,0.04548749294548074,0.9285946961938377,0.05278699340323656
165,800,215,False,True,0.00655358588150395,0.06426535970166863,0.0010027418408700072,0.0641878258446664,0.08628103238992717,0.0572217614689174,0.0025634619298916016,0.00470101973898803,0.049044677298801104,0.0070416653209811175,0.049037816083018416,0.8906574007152149,0.0638754814270383
166,800,216,False,True,0.02847301882726042,0.06949978606313191,0.057158797160789206,0.06948838239190025,0.07053446100487397,0.055775068120860964,0.005607336144021599,0.005998889673858407,0.06252359956882202,0.07420196004256585,0.06251833233828762,0.9310288913831747,0.0772440357100383
167,800,217,False,True,0.0033877310259946996,0.06099522669407551,0.00279526784431889,0.0609954292448826,0.06750739384148165,0.05397021072857586,0.004455652150277853,-0.010927117504224568,0.044824517436722715,-0.009469682443463967,0.04481370017909399,0.9415184438865535,0.055349466766648814
168,800,218,False,True,0.015659446738174206,0.06381270755271683,0.0035574426308728007,0.06381564620473833,0.08574514984490668,0.05909374038695707,0.0059372728045984135,0.009402735758990857,0.047937624457017027,0.014822221189762699,0.04792479310676896,0.8944864483884905,0.06202535364356376
169,800,219,False,True,0.031079381404406293,0.07327560376337544,0.002764940479865651,0.07327162816356601,0.08270753582043558,0.056622338181880505,0.006995350126507233,0.014700353938005773,0.05572236697494219,0.027403750548049232,0.05570960637158578,0.8433885299851557,0.07344356416445263
170,800,220,False,True,0.009025595642628297,0.05288395767209985,0.0013854912350433693,0.05288430991224382,0.07283265130452428,0.05197903819737148,0.011638208400667649,-0.036036927216310695,0.031811296539861755,-0.023274046219976786,0.03179920916749424,0.909655930865964,0.040997738565528574
171,800,221,False,True,0.014980726181974467,0.05839032836404748,0.002379809945823089,0.058388155409443115,0.06885488628003374,0.05534366082820401,0.003418832422724663,-0.032208171533599755,0.031806367733791134,-0.017546864350008292,0.03179853826085641,0.8876860768187242,0.04015699510740034
172,800,222,False,True,0.012705431533667915,0.0671471779673489,0.0031806542312804746,0.06714800677252093,0.08109559497299096,0.05517826087666543,0.004437633439906129,-0.002851767187054656,0.060889186829924426,0.005972348753756265,0.060877826062937644,0.8947947396853851,0.07699040029519294
173,800,223,False,True,0.005082289272189654,0.06282705120407432,0.002144885761296347,0.0628248137013973,0.07201654978373215,0.05408331042056279,0.0036039771812490574,-0.003094085518971814,0.05726712189210815,0.004219848871358787,0.05726052089705817,0.925998204039752,0.07166113481150177
174,800,224,False,True,0.004743863324419214,0.06068752548921103,0.0035285175364910383,0.06070060975446256,0.06929591373333646,0.05098869953136281,0.0038861575156029443,-0.010379609296334767,0.05283960001103175,-0.008783966069368727,0.052826879433375995,0.9195702571304146,0.06569661192434006
175,800,225,False,True,0.01325873956462974,0.06951131937356564,0.0026083816416239934,0.06950942875950512,0.0725906528429328,0.059232510712304176,0.01439986117360904,-0.004889491895622289,0.042602707451511325,0.002519970957619121,0.04259221990408556,0.8970585514387237,0.0560405386276584
176,800,226,False,True,0.026163564491057435,0.061881360939285035,0.0011965026066877546,0.06187676525387995,0.08251269986277085,0.05573022038478152,0.013929197840025909,0.0008590473777356883,0.060556472941428935,0.013442606196339024,0.06054885694188748,0.8985813676369889,0.07525842164392749
177,800,227,False,True,0.007315337876230581,0.055336761512428057,0.0013578692577157492,0.05533708772147725,0.07714613313735828,0.05541345960174939,0.00184913737744347,-0.028634971367822924,0.028067753368703662,-0.021069880660261494,0.028056134463487724,0.8419952413281431,0.03472414419471187
178,800,228,False,True,0.003128964071838009,0.05610331870241623,0.002492531677328819,0.056100239030999276,0.09458134027760429,0.05975161439644086,0.0032544418541198784,-0.029589149355310526,0.034153465391540724,-0.025361681436135503,0.034146568433594385,0.8974133699580391,0.043169637683305395
179,800,229,False,True,0.024373443244136893,0.05810649791937974,0.0026569687235734186,0.05810698946428031,0.08078129256556153,0.057862075112914885,0.0028029745708819083,-0.005665481764043766,0.04237269146823103,0.00686869180876096,0.042365701160998345,0.9184919379920022,0.05122563043173417
180,800,230,False,True,0.022534514304213507,0.064379367000451,0.05553616721429779,0.06437264945522933,0.0820123082332363,0.05779439657468702,0.0030497068108487,-0.00864584256849233,0.039208829005491594,0.04999015437668062,0.03920133281092838,0.7863568386563731,0.05280116200859997
181,800,231,False,True,0.0018902135606461083,0.054741462466896845,0.0014732155370165987,0.05473817375922197,0.07701864532600008,0.05546094879851259,0.0024978689901700773,-0.00478717182893246,0.03426880770020894,-0.004330241746619176,0.034263516035675255,0.9024766846116244,0.04154987836202806
182,800,232,False,True,0.011063847751701026,0.05931891926943811,0.0006569411835680994,0.05931404521654034,0.08032543576532973,0.057728960092130584,0.014957625078940922,-0.028817837404231418,0.03605099098142276,-0.019648681643614968,0.03603790233082187,0.8598110730986614,0.0449332387211433
183,800,233,False,True,0.038500214903238884,0.05805259671915002,0.0015622867413037248,0.05804565070615468,0.07099927504119259,0.053114119100536206,0.001618808852480258,-0.013781222944229357,0.05145646344362653,0.01064062643334735,0.051443938337851096,0.8806730557894157,0.06073604404978444
184,800,234,False,True,0.021228572865915393,0.06270030001022833,0.0011367491112452804,0.06269415671141357,0.07578311838670256,0.053827035599837744,0.015780373790150796,-0.01231565742082338,0.05211749510821527,-0.0003430836757037603,0.05210971530757831,0.8974119271376512,0.06787024632772826
185,800,235,False,True,0.004554300452655306,0.0656403926743773,0.002837465649558731,0.06563813456558804,0.06663394325005928,0.053714427797021146,0.005281252996559868,0.0035205356521392163,0.056391920315121025,0.004227610545015128,0.05638157051233094,0.955759217968388,0.07110321842068379
186,800,236,False,True,0.01916871005891376,0.06308857769757815,0.001923328847887897,0.06309680719180061,0.07565172373990275,0.05748056127358298,0.0026060753604729365,-0.003029155766900459,0.04351782745533342,0.00766526827893113,0.04350533813698746,0.8921465041009968,0.052900650000649085
187,800,237,False,True,0.015520103190150665,0.06569693853676992,0.0025946622030371303,0.06570030568452481,0.07180697989723384,0.05725384389944885,0.003942074650238717,0.006597784426388947,0.05206149547152933,0.012655059536394285,0.05204852119505681,0.8843130818911371,0.06170168249860264
188,800,238,False,True,0.016890392057625613,0.05976563275822116,0.0035699223394906232,0.05975441895988608,0.07377506990644273,0.05554901997402489,0.014173738152304199,-0.014026545496672283,0.04450955120916355,-0.004926847502914919,0.04449761385203445,0.8904926042722074,0.052494174474201016
189,800,239,False,True,0.0077705556468064055,0.0590054195416561,0.001395914174678298,0.059005597865328815,0.07493118958238769,0.057139447295838676,0.00210922648255938,-0.04825084830408777,0.013363956921270344,-0.04088536712495383,0.013351918508924641,0.8812013257937327,0.02262950295358307
190,800,240,False,True,0.005478408713883083,0.06509929573924726,0.0038537857391010206,0.06509164759027132,0.08029934454670648,0.05472594689657404,0.014544638370463273,-0.004567929126565529,0.058355044241233146,-0.0008504041406513751,0.05834125142851534,0.8947007305517997,0.07628703163090234
191,800,241,False,True,0.06316765347926843,0.0751696926009609,0.05830134685980678,0.07516299086752823,0.0701098528367202,0.05635262425040887,0.005324463723716076,-0.006887284971205612,0.05963086500042145,0.07406348301565781,0.059623271378698064,0.8709285777598927,0.07728413235743531
192,800,242,False,True,0.05280221627419318,0.061362096691143266,0.004283394805525589,0.06136657543588653,0.09219909421073595,0.06152893944497288,0.006383684959952718,-0.019479141456206942,0.05249849962536082,0.007133801907210437,0.052485571399936294,0.9282682037920901,0.062214716131933856
193,800,243,False,True,0.0057833797384238776,0.057970131047917546,0.0019367996434504935,0.05797111148980218,0.07110430752739624,0.056361034841966855,0.002493453175905898,-0.015990734334106943,0.029744486774384314,-0.012311600735319311,0.02973181724335973,0.8832154666275419,0.035980042287427794
194,800,244,False,True,0.012823254259670317,0.062044435179400115,0.00230746770865499,0.06203632152031229,0.0872456345473162,0.057958668711787516,0.0038933072462012178,-0.013507878112742596,0.03813812844634683,-0.003222990201785041,0.038131999651016955,0.8437340984489364,0.05146201426353947
195,800,245,False,True,0.006960619069268448,0.06564016680916654,0.006881417500450655,0.06564104442268605,0.06874472438754242,0.05526351475192248,0.007565381616798402,-0.010041278606669632,0.059307244298912425,-0.005748234464774928,0.05929736974761163,0.9630294005104589,0.07246576793300608
196,800,246,False,True,0.038949660551963444,0.062498436329191484,0.006120296095952441,0.062498827630548315,0.07982049093710791,0.058672269226512926,0.009765161885928818,0.005224073207723033,0.042528038740412555,0.02002499701432569,0.042515537588691504,0.8476647276272916,0.05069062894559906
197,800,247,False,True,0.011668191737327985,0.06713672810372738,0.002846994952909387,0.06713092367330979,0.08686225133800063,0.057595497380310674,0.006166365630641789,0.007698940138517876,0.05558490465521032,0.010750988165389632,0.05557261988661985,0.8303270670787335,0.07117594809072131
198,800,248,False,True,0.0644542987118071,0.0644634998576299,0.003046245897592771,0.06445998548961662,0.07769787971272982,0.052664688215382144,0.006289097240677116,0.06016538177181352,0.0601637636078992,0.006917783004760885,0.06015918581825204,0.8728706446110607,0.0764048424702124
199,800,249,False,True,0.01932592501469439,0.06597912754791126,0.00391086331152232,0.06597286792359208,0.06825446757076484,0.05583998369693087,0.006972458189640473,-0.007802272802932393,0.04636611087088127,0.0059350717959238495,0.046359617416497516,0.9148102209195134,0.05797435966226189
200,1600,200,False,True,0.0015677067685992729,0.06188979361214378,0.0012753152210074226,0.061881494801737366,0.08661104113520007,0.05677538713101695,0.0024045647391391324,0.002469163443354635,0.04750093712057307,0.0031259619455087165,0.04749360856790496,0.8600013575165676,0.061116324234440966
201,1600,201,False,True,0.004143339131114127,0.05876225797539632,0.001511198099015055,0.05874082090510961,0.0684983292902591,0.052894183263324804,0.0014838774724465847,-0.010345847999894688,0.04432352907453826,-0.008196116421697361,0.04431720897499623,0.9225759166825537,0.05435268222658718
202,1600,202,False,True,0.005051224007945829,0.05503394293768883,0.0012093627611639885,0.05503792427720447,0.07658466953786795,0.054729521510241554,0.0011217531256590323,-0.017663763791151012,0.035275042506548074,-0.011047932010879979,0.03526171407979547,0.83712799076,0.04265330412735374
203,1600,203,False,True,0.01083732717243015,0.06378109834065715,0.0009315611924826799,0.06378089028485193,0.0774996450774314,0.05448996285579193,0.0019308257788548141,0.0021438150067215667,0.052312380114562344,0.006848193903374529,0.05230498048984004,0.8969374180938299,0.06531814090373234
204,1600,204,False,True,0.0021545315735392923,0.05833761189376494,0.001125374377816421,0.058327508914091844,0.06892359773243212,0.052772170709532495,0.0011105037572868917,-0.002008668341022102,0.041153458005788866,-6.706095148023116e-05,0.041140548237357494,0.8860672531848348,0.05034180351754736
205,1600,205,False,True,0.004559512760311899,0.06063792560924381,0.0034450877881551556,0.06063426394105077,0.0792928600969685,0.05404862031743659,0.003323832335696297,-0.006064732461321719,0.05659350074131183,-0.005261720344982939,0.05658259699531641,0.9373870570154821,0.0703752273600618
206,1600,206,False,True,0.0027745288389917277,0.06038910033895923,0.0031927324488978375,0.06038448467886528,0.08335262323040533,0.059104058190673305,0.015060009522597081,0.004384364087701494,0.042909029538783304,0.006664186872333265,0.04290230373884633,0.8832372168547089,0.051862859602836486
207,1600,207,False,True,0.0041474195431288295,0.056496053973194835,0.00145981387181567,0.056495932412308665,0.07290598846604443,0.05280821671127939,0.0012562733438312777,-0.017925293899446856,0.032732192462001354,-0.01561731061676437,0.032718983753698014,0.8793217806729693,0.04183951076342535
208,1600,208,False,True,0.0007788147275140258,0.058711228849117475,0.0011804820906779418,0.05871127055390895,0.07877898735792044,0.05507892373618946,0.0017044525794759706,-0.0031946879760204184,0.040119795903548694,-0.0025131052427039024,0.040106044201205435,0.9043126813702096,0.04993525704920948
209,1600,209,False,True,0.0008011189298736615,0.058878437854942824,0.00032065030384634887,0.05887868138263582,0.07437535885630916,0.055152304673811645,0.001452701754272348,-0.008097584947439554,0.03716399594817602,-0.007892793760381711,0.03715100166429231,0.8771334770720187,0.04590546641523152
210,1600,210,False,True,0.004896988328598573,0.05821300762362126,0.0013585508608606682,0.05820825657681,0.07998452577434041,0.05782701016414838,0.0009351545215286087,-0.018468388565006974,0.032876651929661306,-0.013911189338596254,0.03287036939835879,0.9424020500958048,0.03962498091448091
211,1600,211,False,True,0.020773968960612198,0.07203825916517008,0.0028283051816109955,0.07201742717309459,0.07957121237271719,0.057008798574620496,0.003943140429370698,0.014096840277154006,0.06293024687587156,0.02062597721593513,0.06292416523330012,0.9502676408208458,0.07889272978543393
212,1600,212,False,True,0.0056423743172046015,0.056883983840975934,0.0011771180383920873,0.05688235018165668,0.0790685362440473,0.05675913734699985,0.0035358796909812523,-0.01591528827324606,0.04064182310744073,-0.00851792381462894,0.04063440865183551,0.9842623095425277,0.04716799719745696
213,1600,213,False,True,0.0013865641511760119,0.06212526820980564,0.0020404564442350263,0.06213182946384183,0.07170475052064636,0.052474201758688555,0.002123168203695105,0.005391163827151975,0.05572429509674791,0.007101387238824475,0.05571658964047416,0.9324863856995228,0.06969946380165792
214,1600,214,False,True,0.001777861716694042,0.06027974177355613,0.0006523732944417702,0.060276155474701054,0.07233652976910875,0.05319300377832281,0.0015337373538532625,8.346940339853503e-05,0.048132156524810274,0.0017698467261964834,0.04812403018666864,0.9166611332437549,0.05959020949192717
215,1600,215,False,True,0.0004008087728436516,0.05868307941457276,0.0002991345222365767,0.05868471841129539,0.07821188246238095,0.05622101827113566,0.0009628758988825216,-0.014367757024769483,0.040652257569377216,-0.014246136881410585,0.04063966101764215,0.9562334307764437,0.04979671012746123
216,1600,216,False,True,0.004422269583802742,0.061443639600173044,0.0008853747545022778,0.06145329345018793,0.07857966974720233,0.055707891740264415,0.0016673416415990856,-0.008149887841409324,0.049358840370424276,-0.003665348508785384,0.04934654951886316,0.9384712080296819,0.06048088672260349
217,1600,217,False,True,0.0074126879739190845,0.06204010742188278,0.0037531845608036597,0.06203821317969674,0.07526777206705919,0.05724315607137438,0.017019539409546123,-0.0011982065869346559,0.04183409436069305,0.003911574222527992,0.04182246223260343,0.9058516410815912,0.05083413381032209
218,1600,218,False,True,0.03176757733518366,0.06559372609821378,0.0036600681008914877,0.06559538069259531,0.06426019122523391,0.05211382639612036,0.0051172969851312694,0.003379130109068452,0.06287283993538331,0.016328803893608405,0.0628615319642828,0.9083859099422518,0.07638090646452345
219,1600,219,False,True,0.0010996410329235464,0.058586036666399964,0.0021099524400699705,0.058585159471625,0.08542736249310139,0.0576588908891733,0.0022526732677695905,0.00035829936458213084,0.04703382206392981,0.0017922834865147913,0.04702629632114324,0.8782928187938254,0.05637167091263556
220,1600,220,False,True,0.020383247063989512,0.06382495484841649,0.0033332257269830063,0.06382085291099653,0.07488975250883131,0.05597600630264382,0.0017212570778572713,0.008968515076548082,0.053393099472407855,0.01609184399246294,0.05338089344462347,0.9107683445138726,0.06481086895346766
221,1600,221,False,True,0.002270253545090557,0.0603355245055638,0.002035338912635864,0.06032369072695798,0.08258280194672611,0.05452220199276934,0.0024043942462099806,-0.014073523720302301,0.039614081967997025,-0.011182730512167026,0.03960042128922282,0.8584541418718049,0.05395280215942633
222,1600,222,False,True,0.0012780824412063276,0.0568607928444364,0.0014329561500769378,0.05685866424227586,0.06960770653956012,0.05325842260381341,0.002701931649326353,-0.003421485354102215,0.038169249851615704,-0.002978784106794158,0.03816292406237636,0.8746810520511413,0.04671350189816875
223,1600,223,False,True,0.0062819194938669365,0.0599010753464272,0.004648778894813187,0.059900385323342686,0.08087668845974781,0.05921112948077126,0.00469409953884692,-0.003176659520662614,0.032644167373738854,-0.002456220999649844,0.03263220285504488,0.8280718379221949,0.03898564845376851
224,1600,224,False,True,0.022347810292548505,0.06152978183310247,0.0019209287636090561,0.06152225634739656,0.07817520031690178,0.05824190704159359,0.0021048855105027064,-4.893282016255496e-05,0.049295236430228186,0.00896624263988022,0.04929005897299114,0.9512008683102906,0.05684506103658715
225,1600,225,False,True,0.005315068129966174,0.06322033730510808,0.0016060666596659165,0.06320077082522489,0.079278587652734,0.05639165811330533,0.013142256528467438,0.003078983448692012,0.04215524668138336,0.006362016683923006,0.04214943740229487,0.8616793910610336,0.05433797783871708
226,1600,226,False,True,0.02063969792690191,0.06691994262917174,0.0018356414684503092,0.0669145380316585,0.07764381113848154,0.05795356736508924,0.003089605423337047,0.008925765479427847,0.048842011176022736,0.017809407857809673,0.04883635242772783,0.8990623966870634,0.061344944536050494
227,1600,227,False,True,0.0281117078376355,0.07741501327771633,0.004015272607482098,0.07741021955839832,0.07757431721269238,0.05684823761953159,0.0039203506036499984,0.025030854837543894,0.0679670002644567,0.03383874185522676,0.06795969293047818,0.8905213509930167,0.08916284326297003
228,1600,228,False,True,0.023992908867753883,0.06965219001762214,0.0032381512216179582,0.06968967121826941,0.07470464632927311,0.0548620541228897,0.003424740226334433,0.012188653424887314,0.06826528297894725,0.021732824032417924,0.06825862473946458,0.9464387249300489,0.08416685723357603
229,1600,229,False,True,0.0073075785964175485,0.06333022911776717,0.001813848014617779,0.06332546782789496,0.06819532851503504,0.0530101239417599,0.0029751397752369427,-0.007971611941751071,0.049231253524279026,-0.002247129020092841,0.049221797502332194,0.9567169443369203,0.062153906890911825
230,1600,230,False,True,0.01213312620346768,0.07081361309198753,0.0031073568306481157,0.07081142111457085,0.06995759092577261,0.0531737815529785,0.003909084325594952,0.01391620113476061,0.06655346988314541,0.0202623384325003,0.06654507100627896,0.9229637421192617,0.08610749675333818
231,1600,231,False,True,0.005944361600133255,0.056583213650276916,0.0015412804457168514,0.05658295495468027,0.0801838862931988,0.05656212643273,0.002426460599982148,-0.02075390060565201,0.03508605787192174,-0.013048486800256259,0.03507291443671292,0.8993247593309002,0.0424691125039201
232,1600,232,False,True,0.018693097569875132,0.062347081109229666,0.0005882105416252451,0.062320630547272854,0.07444096987881574,0.05387989739247006,0.0019244586219258994,-0.005602410942818903,0.04381012216253495,0.003804533622321249,0.043801417437563404,0.8397108108889126,0.057156316813242014
233,1600,233,False,True,0.015644079234014757,0.06498391891192157,0.00014473481376860105,0.06500028346876739,0.07529261062997428,0.05370535452448534,0.004272683320075612,0.014134812827751838,0.057802297283433224,0.01944695641174401,0.05779594414600361,0.8713303624348305,0.07229912818378087
234,1600,234,False,True,0.002540286416960395,0.06200433999638452,0.0027424528318383246,0.062002416385378956,0.06973655553791532,0.05419502754319998,0.0027370813712058423,-0.009643374342870362,0.04489163936380734,-0.005044088770850675,0.04488373464959338,0.8857605325984061,0.056660950828959944
235,1600,235,False,True,0.0061748385659813445,0.057279386618089755,0.0020910978544074477,0.057276073810546724,0.08191340387193882,0.05821642183701543,0.002245279146844273,-0.003678115104866246,0.04124468243445186,0.0010927345568245705,0.041239449583766685,0.9304065419642477,0.04734690185079221
236,1600,236,False,True,0.020298642666989504,0.062362745496207406,0.0005459296847761142,0.062362196388613074,0.0749287864142842,0.05476648137428422,0.001658928986783035,0.0048685095379536495,0.052912274407823146,0.013697804308900498,0.05290076039660214,0.859422961195433,0.06437711980163524
237,1600,237,False,True,0.0015221954993598686,0.05788315969183107,0.0003839859029016386,0.05789680574412996,0.0750985155778515,0.05615262754047178,0.0015300466090083355,-0.012418094751033651,0.03963796328611188,-0.010594410611003255,0.039624954327510835,0.9533094847216026,0.04647900261806137
238,1600,238,False,True,0.01463108312105252,0.07297758986615543,0.001609401637651377,0.07297450447450056,0.0761002704599108,0.05813342483775594,0.0033065625689029958,0.01859015819798942,0.05646209083490177,0.024789557280832566,0.05645445559006916,0.8800761603759654,0.07116757490344311
239,1600,239,False,True,0.0029128947171554263,0.06059791186648153,0.05482450549376888,0.06059143356115995,0.0729220023172325,0.054636855814445225,0.0020057656412383043,-0.003026284927137608,0.05473918652024182,0.06259192458777504,0.0547334432595158,0.9465230368894086,0.06481896007097732
240,1600,240,False,True,0.001488305562599111,0.06386546863247393,0.0025098438689096516,0.0639046722105329,0.07936820064027474,0.056217151213506955,0.0014076697676546584,0.0035580244350109625,0.053857738974618034,0.00828863156143865,0.053849540988256596,0.9224349012215671,0.06839520098038476
241,1600,241,False,True,0.004281551129487153,0.05458896217393184,0.0011095794695903261,0.05458153852398745,0.07459390239889255,0.05294928878848554,0.0016625813329536263,-0.01498126271472819,0.03581360250748986,-0.01065696202367116,0.035808047880148734,0.8376462682249378,0.043661796424619814
242,1600,242,False,True,0.001542562043058057,0.05932905861095123,0.0013775701756243647,0.05932572074795584,0.08512031372642483,0.057607309425993215,0.0026154624078488843,-0.009534137574232984,0.03871774855186899,-0.009086208614394036,0.03870391260600627,0.8296374919321586,0.0495094216983375
243,1600,243,False,True,0.005735965873684112,0.06066151634773785,0.0015159676110637504,0.060659367887005,0.07226533958615568,0.054848241358126826,0.0018597054179062187,0.0007203206592453676,0.04089483412213887,0.0035621800708590685,0.04088230735981739,0.911925465539056,0.04983698989161539
244,1600,244,False,True,0.002463542963943648,0.05753815855412462,0.0011267669816194276,0.057538439161480985,0.07539446814635203,0.054946345714655724,0.0015507250622000981,0.0018732940626170192,0.04905572372727107,0.0062315417686629165,0.049047717325363324,0.9481074315934186,0.058985889212840814
245,1600,245,False,True,0.0015355155776506015,0.05528098055038514,0.0011952021534565307,0.05527746771667069,0.0793185190017015,0.05516414003805223,0.01239321291623002,-0.0249984825362679,0.031339405839200016,-0.022138709713303766,0.031327328515962594,0.8753946407850431,0.0387948248924076
246,1600,246,False,True,0.00028662244282367274,0.059771280642570604,0.00037464116035851953,0.05976557855610001,0.08019752645858137,0.05684270043073757,0.0011255684158745069,-0.00564895784615881,0.045361906280468815,-0.0052769053573399885,0.04535515580750712,0.8836477636945007,0.05521364978075144
247,1600,247,False,True,0.0024103077570057614,0.06269109742505076,0.0012857231402442172,0.06268894610432399,0.07021261191025828,0.05437984706099139,0.0033509449508460957,-0.004755880399128854,0.050035515762979654,-0.004341855540482613,0.05002303357545316,0.9023372560154734,0.061882877092738375
248,1600,248,False,True,0.03827981059628229,0.06113276126721687,0.0016572245926315548,0.061132201226576054,0.07701916893636378,0.05501937496064893,0.0013780457034631717,-0.00919208170141136,0.05909421139789707,0.014765237902404277,0.05908012218810505,0.9404833486510555,0.07182410769084602
249,1600,249,False,True,0.005606212982364776,0.06635300697548818,0.0016396337901747437,0.06634968810917742,0.08372412232580136,0.057477875571302836,0.0014406131022352592,-0.002026363996620726,0.04564252001515747,0.0029426456072653372,0.045634196949567926,0.8597576067921057,0.061767711397020975
250,3200,200,False,True,0.0009188890130522554,0.05840786594002809,0.001246983381076368,0.05840537778083472,0.07953962595162833,0.05633306088477446,0.0013315490758215385,0.00011783261412397328,0.040095146527496864,0.0006309431402637006,0.04008671243790495,0.8501197603065853,0.04867517798611204
251,3200,201,False,True,0.0024298435587380342,0.06218259129316604,0.00045866092222728917,0.062202798299228056,0.07647087805549395,0.054578248576853304,0.0014361394376827795,0.009019852127777776,0.05571324872825599,0.009849822339184742,0.055699962507670266,0.8855160891528218,0.06689448619624172
252,3200,202,False,True,0.0006040900961510492,0.059537021825850925,0.0008770889794906872,0.059513414208658404,0.07230391938060622,0.054173983880150794,0.0010332792817198762,0.0027202253268633968,0.04517170296261575,0.0032987255051249056,0.04516686251471569,0.9092851696783955,0.05493527282836974
253,3200,203,False,True,0.009695106687032912,0.0619947650500538,0.0017924908541821296,0.06198665174541988,0.07935814968356056,0.05586427909096694,0.0014544483810009143,0.004470132054991488,0.04392438032682137,0.008994183905092275,0.04391822761302493,0.8661704984129228,0.05532052349508676
254,3200,204,False,True,0.015504548249590584,0.0671857699264363,0.0013468861244874048,0.06718644904115971,0.07550202452508308,0.05613174761159634,0.0011112506641516799,0.01631352501798383,0.06300896853999141,0.02362886031150773,0.0629957642974869,0.960665557369652,0.07682489498760514
255,3200,205,False,True,0.0009093438356053239,0.054477855159418824,0.001151808996616678,0.0544768173578346,0.07742581827684884,0.054536028463143156,0.0005498491733541022,-0.02106599907632118,0.03457982394322457,-0.01925255179509235,0.0345735664279934,0.9411391274882493,0.04153190097403964
256,3200,206,False,True,0.011760241265246957,0.06438676306632045,0.0014259480982623878,0.0643815372809026,0.08438277301562241,0.05852080588389964,0.00251360619114144,0.010408642652019526,0.05377854942455741,0.0162044435299963,0.05377207878525958,0.8990049893139366,0.06661749194377747
257,3200,207,False,True,0.0019157572623012945,0.05950258898555992,0.0011814912203018868,0.059498866462382755,0.07294048879558622,0.053522482926555794,0.0014013169204955002,0.003332703582648089,0.052766351152019414,0.007524201981215537,0.05275419014693057,0.931281127393447,0.0626664791186034
258,3200,208,False,True,0.0021689017283723646,0.06176229297691772,0.0010755283456147264,0.06175881967933616,0.07510868841180787,0.056399398035639814,0.0015754570919993417,0.001822843030392114,0.04804471333519189,0.00460960119015407,0.048038962975634196,0.9354229978015849,0.05735836205788114
259,3200,209,False,True,0.00854267392689245,0.06264000344622261,0.001150222391535559,0.06263194289652131,0.07765254521853558,0.05649069855243058,0.0011376843450403515,0.007629380785279238,0.05121576578726895,0.011818946230710652,0.05121200186958568,0.9316749449081329,0.062460063845028224
260,3200,210,False,True,0.007286990742980389,0.06389361381517565,0.0012504490628447477,0.06388202151763486,0.07479417518719819,0.055615620118141716,0.0011715661103736674,0.008007905570527381,0.056944597794827065,0.013564079665382525,0.05693762155814604,0.9224933866643389,0.06895171775928605
261,3200,211,False,True,0.0008925142634152437,0.0612928055237385,0.0012869312135054692,0.061295017054672093,0.07977623605954244,0.05599565693251695,0.0008917102861603678,0.005766456694721643,0.055150985954796145,0.008677570391913003,0.055136775030966236,0.9214154920848469,0.06722391635758385
262,3200,212,False,True,0.0016984146810732107,0.06467089746237997,0.003160829342684805,0.06467171863119732,0.06811972884131018,0.053632207715165615,0.0023645246975141985,0.00227976409465245,0.05068285450800765,0.003161643434989807,0.05067119971373565,0.9236108999413591,0.06386358753505345
263,3200,213,False,True,0.008616845541480298,0.062279087635063506,0.0017292633633140212,0.06227896243498605,0.07997073381656598,0.054855172566858415,0.0014212142425943796,0.006476742962595137,0.05844572150329135,0.012137335067863658,0.05843381560096205,0.9343457726263026,0.0716304585722301
264,3200,214,False,True,0.003476078582451535,0.060652193138802636,0.0005051812466679077,0.06064474698992882,0.07622689978891196,0.05582167258213382,0.0014924101268902006,0.003708062052786445,0.052424413608722915,0.008026836541586892,0.0524190487757528,0.9539536629710567,0.06191844019523052
265,3200,215,False,True,0.0009179525304334997,0.06001821112829116,0.00040396527990513265,0.06002118640574508,0.07799406395820928,0.05645934513995881,0.0008007227582072964,-0.002774663090369732,0.04177762167800211,-0.001984071042588692,0.041765307470025305,0.9105896493973995,0.05119309969495128
266,3200,216,False,True,0.015624086736868676,0.06460696243835905,0.0011677666882450608,0.06457926175641242,0.07607171704754015,0.055557652476958215,0.0007611126241463962,0.011196313709414063,0.058871664229337387,0.018606710198975147,0.05886469023342336,0.9191551873233508,0.07327130179447217
267,3200,217,False,True,0.00036499389457716027,0.05784950489249757,0.0011332069613635436,0.05784761935899757,0.07694428511566208,0.05547149941301907,0.0004931369281475962,-0.007094828961171325,0.04348684436152638,-0.004969163903095883,0.04347649622919363,0.9719676147135252,0.05116310065364571
268,3200,218,False,True,0.007863228427319546,0.06364282180304238,0.001703319005403904,0.06363969283991903,0.07064905090850622,0.05468708226794787,0.0015813846269484774,0.0025573873169573913,0.04720201642495525,0.006626982779820528,0.047196644116731794,0.8801834904363056,0.05926191228575611
269,3200,219,False,True,0.004506585912285555,0.05949865741229091,0.0004087125673172356,0.05948619208929652,0.07670241349467913,0.054488443823064864,0.0011510064835998605,-0.008888674160978228,0.04485611492522978,-0.005468719414406717,0.04485007667020028,0.9322201359940869,0.05526784576049232
270,3200,220,False,True,0.0007595392512381326,0.059773195621255076,0.0006401910416295873,0.05976936382220735,0.08058168226668488,0.05631553950968131,0.0012279736897651474,-0.004140477832054349,0.040709689995777794,-0.003385933366577256,0.040701788735658155,0.8777130371376555,0.050884830802794156
271,3200,221,False,True,0.0024674227676967056,0.057369559876403554,0.0012523484389192472,0.057363588618327105,0.08263032902636042,0.057517966258614876,0.02372421333288699,-0.02063432517393458,0.03293297641317643,-0.01720974639176803,0.03292695654011517,0.945033818976986,0.03987450202821752
272,3200,222,False,True,0.0016606705314024704,0.05828501582894461,0.0012031954102940067,0.05827698429276988,0.07406598188177319,0.05309628438143918,0.0016237844922048507,-0.009270324792454218,0.0475295726842792,-0.00879984761222116,0.04752175150313839,0.9069332955413049,0.05790702278344384
273,3200,223,False,True,0.00036727458176416696,0.058958855749741766,0.0006081087779824387,0.058956695257583104,0.0728943717017768,0.05395775055952487,0.000836294012061437,-0.003428665891468459,0.043779721317684164,-0.0031754709506547395,0.04377148747400689,0.8782169724627401,0.054626990707802914
274,3200,224,False,True,0.004051619227366943,0.0587935021729473,0.000545877813960956,0.05879762636732389,0.07825885797577496,0.05448020496989031,0.001699641976229654,-0.0020172814532026383,0.04668130574870581,-0.00012288976546452835,0.04666812790942927,0.9067789224946055,0.056343232766683404
275,3200,225,False,True,0.0016875349124903232,0.057014436364661296,0.0006280481158440186,0.05699995811233978,0.07525616932074847,0.05577060144332455,0.001017498288821412,-0.006023030086033938,0.04011956586348909,-0.005266617401336331,0.04011251614033718,0.9334386132238421,0.0466545023147229
276,3200,226,False,True,0.0004022845271560039,0.05824956911299553,0.001165559978977486,0.05825933189508704,0.07587487214016464,0.05461476282194235,0.000896481361318124,-0.00013289696840729782,0.04575884902504882,0.001594722323811702,0.04574609050880674,0.9325348426154478,0.055388927728919124
277,3200,227,False,True,0.0009176846297402311,0.06168454311065011,0.0009426221805591239,0.06167906844060745,0.0826337804194199,0.05791541794095243,0.012415637544048553,0.008921989933235227,0.04803996069304724,0.009212794047433638,0.048031801003948334,0.9053547774398771,0.05878407789611767
278,3200,228,False,True,0.0005683232988577862,0.05863575416156376,0.055230570239364306,0.05863024094408824,0.07189327912597454,0.05510860710734258,0.0009517652751509103,-0.0018974878725194699,0.04714726535884232,0.052813311213839594,0.04713978646038072,0.9895872061085293,0.05425210724808527
279,3200,229,False,True,0.0025632116328035202,0.05808410610514999,0.0016743656267451778,0.058080776298259584,0.08055351843441126,0.05793797929515261,0.0011276929779332132,-0.007053500170995729,0.03685666716885876,-0.005139941166298504,0.036850050023914775,0.9357164284748335,0.043718400021502624
280,3200,230,False,True,0.0012197001564548068,0.059203246616070994,0.0011336923344885976,0.059196876880587,0.07836653457593148,0.05599520638163735,0.0012606090271934873,-0.0022178991626380143,0.04725965745698055,0.0012568129984795368,0.04725390477904249,0.9439453693187709,0.056581470171861936
281,3200,231,False,True,0.010014761422782934,0.06401984270299202,0.0010215493628175818,0.06401325368211547,0.08201585782524408,0.055085156361733445,0.0012657596875039784,-0.0020466960410787686,0.04831063691482257,0.002203852672006124,0.04830214888378968,0.8724892082910258,0.06318958579252204
282,3200,232,False,True,0.008588392474524894,0.06309815303342027,0.0025149584021035842,0.06305278819233276,0.07632869230125368,0.05677072570643845,0.0017834639871242386,0.007544793042480216,0.046476058045856805,0.009986997170465297,0.046463145693889485,0.9198944032007437,0.05722810961456415
283,3200,233,False,True,0.006528294760253037,0.05943163970318833,0.0016687187774178333,0.0594499673656267,0.08334128644143178,0.05634247297982422,0.001441088327877074,-0.014124733440163954,0.0386441492746139,-0.009359500215582094,0.038631679644285766,0.8735589696782563,0.04905974905392524
284,3200,234,False,True,0.010056055409225993,0.06090618448543471,0.001555040777886939,0.06089922830055909,0.0812214149509186,0.056628263825639194,0.0020248849355041718,-0.00873234439068864,0.030651153004796684,-0.006044251977845209,0.030644103014984127,0.7956162818499881,0.04080390786800131
285,3200,235,False,True,0.00036463435238339137,0.05859832787703443,0.0013403055178332463,0.058591637237829536,0.07902437259750483,0.05549244156993106,0.0011368748702532158,0.0002710348119892203,0.04427647435018948,0.0014402945068766266,0.044270398014349864,0.9102820874635565,0.0541806051666347
286,3200,236,False,True,0.0023962855661757883,0.05842752967595155,0.0006752966079061072,0.058418951472287386,0.0812727724834126,0.05678915462524961,0.001640884168709629,-0.006074474213270822,0.03940117243015095,-0.0048189490939408615,0.03939220684658288,0.9212788892892699,0.04817804568622647
287,3200,237,False,True,0.0065839888649946825,0.05773603594048463,0.0007739518566667282,0.05773569478436327,0.071390969257145,0.054558431091239215,0.0009786972225707068,-0.016899347597492426,0.030530877293713416,-0.01271221922341273,0.030523007769814824,0.886434074796382,0.03882770224521276
288,3200,238,False,True,0.005964973184125934,0.06589561151737254,0.0019096561733561825,0.06588462598023849,0.07324919526267591,0.053718727075684855,0.012291306999607534,0.007644677559965968,0.05517649964668401,0.011419417246389792,0.055169695938554496,0.9068623432567817,0.06925918657111463
289,3200,239,False,True,0.001258830987921979,0.05819973821889016,0.0012841915665494786,0.0581951065615277,0.07087797298428274,0.05234252337784782,0.0014817627936492936,-0.014714207169088398,0.04090192147439829,-0.014640355834083383,0.040894790965789414,0.8568337353148618,0.05161069236693078
290,3200,240,False,True,0.015178674771348313,0.06243119207103834,0.0013677975250830838,0.06243102915542936,0.07768681150445837,0.055810499002382115,0.001365744536329126,0.008319935187128626,0.04889677050909463,0.014624152663667445,0.04888447030543382,0.8560653525573104,0.05970962789805445
291,3200,241,False,True,0.0007803090381151484,0.06122532271692898,0.0006270319294677068,0.061223460753748446,0.07527361342227881,0.055063602340572046,0.00114264532590373,-0.00036131928191760783,0.04717918048158033,0.0006863454701801125,0.047173233713415426,0.9212295366522133,0.058248190960795754
292,3200,242,False,True,0.0008277609090229097,0.0563577261184931,0.0018343564470261354,0.05635636643785026,0.08326122056048776,0.057429908783847725,0.0016250253591349507,-0.009911302056784506,0.03519995187988748,-0.00931365544213234,0.035189887278113265,0.8891732836123429,0.041488659646813475
293,3200,243,False,True,0.00044249204791042417,0.06327644998363464,0.0008303015016157711,0.06327212495154379,0.07434240428956583,0.055917282593576874,0.011889286809870662,0.004869958933805569,0.0499784397461233,0.005010391052947808,0.04997001219777644,0.9340776932496029,0.06129611744133362
294,3200,244,False,True,0.0015999122211592613,0.059779527218902784,0.001885028886888643,0.05977510180390861,0.07094604751456955,0.05362556850652937,0.001729787166770795,-0.002929035456160725,0.05158125708403546,0.00018443426514760608,0.051574116657594045,0.959891647533928,0.0617463852743087
295,3200,245,False,True,0.00025902220128659647,0.056293662808097035,0.001616680265854218,0.05629789511127426,0.08238842573773857,0.05584506076959601,0.0008562528943431142,-0.011788522456573776,0.03827211788402011,-0.011359407098366133,0.038265892784539235,0.9009267036583267,0.04665860079933554
296,3200,246,False,True,0.007648077903889211,0.06470494702604951,0.0010565243961597932,0.06469986059575215,0.08190464440724123,0.05767544488981706,0.0012982157681939786,0.012953168160763875,0.053942247721338675,0.014951124219090577,0.05393166566297374,0.9159119036434304,0.06575500225728098
297,3200,247,False,True,0.02015122420141738,0.06652622111720255,0.001295621019776372,0.06656053559083254,0.07276217521600374,0.05465797925272182,0.012890796584882314,0.011545646309458979,0.05965107490181481,0.018168316157368265,0.05963969657882501,0.8790752105734521,0.07401177157168648
298,3200,248,False,True,0.004596779237422666,0.06081813300216815,0.0005551489272473699,0.06082100052528201,0.07360411999559756,0.054230941795973125,0.022919694280016285,-0.004829840604984052,0.04570302501838235,-0.002644822560990438,0.045690705678489464,0.9024360064710569,0.05638400453636283
299,3200,249,False,True,0.0005067281232174394,0.059396047318639636,0.0013532052406578345,0.05939013978748644,0.07424354006665683,0.0555810131538355,0.012083874323329821,0.00550434936456334,0.04594661582203273,0.006448725175968562,0.04594184864361907,0.9364245789539263,0.05442785554967988
300,6400,200,False,True,0.00045278243226586426,0.05935102994159662,0.00021942971751176898,0.05936998639216973,0.07817749466296728,0.0560562850953936,0.0005894862700208359,-0.00403655722196923,0.0459807703275164,-0.003989900717493174,0.04596846828135071,0.9511068177793501,0.05463615165351743
301,6400,201,False,True,0.000494711365394901,0.06120475356755258,0.0014605212951215147,,,0.05723036535584145,0.0011759306098520059,0.0034076162844436154,0.0430510898386769,0.0036203504608999407,,,0.05192584013073975
302,6400,202,False,True,0.0012000650377799332,0.06107865976768653,0.0012914634392787291,0.06107644245358261,0.07557513813705011,0.05439824037660591,0.0008266947272917824,-0.00032701460768156195,0.05081429050245902,0.0029393924079293412,0.05080218367020258,0.9211286033341124,0.06294623424912643
303,6400,203,False,True,0.000296290861835187,0.058654232824064366,0.00018083418868819923,0.05865877522427558,0.07568629705868905,0.05522008083893883,0.01143667314516699,-0.004008144264210241,0.043692621842428996,-0.0034788378982076136,0.04367914086941504,0.923125437573814,0.05256365234147248
304,6400,204,False,True,0.0003123960244145378,0.0590550985460756,0.0011941473443423307,0.059052305595886034,0.07507848946437354,0.05514168892603269,0.011264005620786187,-0.009149200007244222,0.039142487964683496,-0.007008029342046543,0.03913222815769849,0.9343986610987524,0.04804155506401536
305,6400,205,False,True,0.00037332226221342473,0.061806956409652336,0.05316590112228088,0.06179744448519545,0.08054392457883587,0.055568492814776604,0.0009314919430549398,0.004017184201510912,0.04693893890553781,0.05732987211061191,0.0469320644483723,0.905682608307144,0.05903515619559285
306,6400,206,False,True,0.060726219764175325,0.06072621959847114,0.0011754342495642984,0.06072870936915099,0.07284689764145001,0.05447512794301191,0.0008491655311192536,0.05302867972874786,0.05303538807700448,0.01067136507182795,0.053024173110935775,0.9382917623449815,0.06320575832274655
307,6400,207,False,True,0.0006473877270022446,0.06508539828186066,0.0003486554726707391,0.06508168884574977,0.07343228862032398,0.05454947484176367,0.00119863336038186,0.015032768098650218,0.056747572851268656,0.015039042101086357,0.0567356380394638,0.9214805210880864,0.06977505483035279
308,6400,208,False,True,0.00016570806349979636,0.06004730060961484,0.00018049809646332015,0.06003979427681853,0.0783049625749215,0.05585189653066028,0.00043161553403953535,-0.0013703704443098546,0.04565002955897796,-0.0012813052448931784,0.04564452249277224,0.9107234297888286,0.05601162916066371
309,6400,209,False,True,0.00022630311437011935,0.059791433676630215,0.0003761397255707957,0.0597866681437111,0.07647572606696977,0.053886819934876706,0.0008670825909252751,-0.0031582587788225357,0.04479669732657413,-0.003257791080103067,0.04478755085346649,0.9072347152433957,0.056395512953296034
310,6400,210,False,True,0.0021090291825764437,0.061704394348456496,0.00029595233604122603,,,0.05546045260719865,0.0005875519914086434,-0.0009605463521866687,0.04583526130241289,-0.00015790425346790107,,,0.05676614540135594
311,6400,211,False,True,0.000457837316048223,0.059955981095742246,0.0013012970049924204,0.059956391433549375,0.07473798927045981,0.05640531959961126,0.0006010695741815798,-0.0007739008107513157,0.04461891487659123,0.0007889864639955429,0.04460594235826292,0.956663221399744,0.052818137280378596
312,6400,212,False,True,0.0006350725670755116,0.061030255648603544,0.001286544518482229,0.0610293979594642,0.07894534562771012,0.05598854612916497,0.0008322176022855107,0.0007430438655482275,0.0461935219361466,0.003183073815797458,0.046180448856687165,0.9120122847913842,0.05696253048839911
313,6400,213,False,True,0.00037434769965240873,0.061757228188643654,0.0012329663168058826,0.061753879151190565,0.07819670547216244,0.05642078997426253,0.0009280853354536377,0.007260192836316189,0.04711337825284168,0.007894225940482816,0.04710819671121428,0.8901173754590652,0.0577993368201295
314,6400,214,False,True,0.0008100351462856861,0.06212274857040145,0.0012577396289051043,0.06212306932941258,0.07914016552286005,0.05592251266324646,0.0005965934293472235,0.005247369505465072,0.05269342430912701,0.008002286110699785,0.052685570349484366,0.9467846351956533,0.06499227311118999
315,6400,215,False,True,0.001757012860710645,0.06316396139848583,0.0012467768240581004,0.0631312020568994,0.07132962911734984,0.053849836020033424,0.0016483706410954807,-0.0007117611117136008,0.04803250440681552,-0.0006191669109960973,0.04802866793914745,0.9021392132700123,0.06076506031391421
316,6400,216,False,True,0.0001510542927732602,0.05737368621215415,0.0011680081405035403,0.057367007617598914,0.07635260288871541,0.055826453113222006,0.00032986479294883954,-0.015279216547511876,0.03219047642292374,-0.014462549156828389,0.03218590266275896,0.8996279958082346,0.0397490666692365
317,6400,217,False,True,0.00031833161050656234,0.05787529494023993,0.0012926757325988794,,,0.056222507419523664,0.0006654139911676179,-0.00850930409368642,0.03593561856672117,-0.0076796153564139494,,,0.04388770899984756
318,6400,218,False,True,0.009286914629405793,0.06095038294297538,0.0008669119795763436,0.060931130144617436,0.07540902777952531,0.054618050330425556,0.0012011310545189005,0.0020949550553877173,0.054809955672362846,0.005730191656754897,0.05480422276103241,0.9536590704849408,0.06535421400665264
319,6400,219,False,True,0.0032801235352148093,0.06282514058792653,0.0003174523247764599,0.06282947207042734,0.07812631543778899,0.05568019907279739,0.0007391422396167644,0.008825683301242553,0.05189256429718256,0.009891398398436684,0.05188749807106767,0.9062904215099437,0.06462179418805442
320,6400,220,False,True,0.004214603444812782,0.06370631687790267,0.0013610596282472931,0.06369285479575523,0.07696066946351608,0.05660305767484246,0.0010433290881041988,0.007394278632902836,0.049779343271971255,0.009262503702645612,0.04976605316796828,0.9376671076584878,0.06040265349031643
321,6400,221,False,True,0.00016954301999302723,0.058765132077933255,0.0011361635399297317,,,0.05490243308948597,0.0005579768759403963,-0.0054104656428292834,0.04288172460272939,-0.004235531234953229,,,0.05192480205819655
322,6400,222,False,True,0.006920104877801226,0.06240042309874,0.0003694797324947417,,,0.05587266113512513,0.0007302750796036777,-0.0009083889164750198,0.04864117379262659,0.001951725373989654,,,0.06089977390796092
323,6400,223,False,True,0.0002117916858393065,0.061280798731144094,0.000529940810913693,0.06127303277152744,0.07417575384591671,0.05455292488169876,0.012000371213830215,0.01000663071190089,0.05523216965440341,0.009792246266481319,0.05522830079032822,0.9487375721003743,0.06624851830149792
324,6400,224,False,True,0.000595137547722997,0.06173796773031277,0.0011185320829192643,0.06173953016641895,0.07531292553531312,0.05551714460858584,0.0009963077676114654,0.007231537386193046,0.04881944867808592,0.00861855208697004,0.0488077572754218,0.9271764318531188,0.05900084803183936
325,6400,225,False,True,0.004594543029681188,0.06079513264202542,0.0012209834904813818,0.060784792194219756,0.07763299353741081,0.05650650096550045,0.001115557218564463,0.004993357702633532,0.04883213744230602,0.00778628731620799,0.048818865817843574,0.9357851813154733,0.05818421007945718
326,6400,226,False,True,0.001296671457973261,0.058884832571111906,0.0013407701121960786,0.05888763046931875,0.07600046488842782,0.053734467394647295,0.0013261935928657004,-0.003010727346222991,0.05017040473588665,0.00032482286499937394,0.05015718410800823,0.9282088898609352,0.06078554149967902
327,6400,227,False,True,0.004958686448450589,0.062478765433945184,0.00021091550134542893,0.06247367933914986,0.07946767437695265,0.05590693214823865,0.0011556759284864747,0.00482523811881158,0.05263567026788877,0.00728026097204288,0.052626668094329435,0.903799057869142,0.06420857019995174
328,6400,228,False,True,0.0007791840191900003,0.058003434356329334,0.0005710159185092317,0.05800258684078359,0.07426559457199862,0.05515314336625055,0.001112256283125304,-0.00706348333221235,0.03808140166185055,-0.006451932417558127,0.03806951711084082,0.9005565298601478,0.046057048602711204
329,6400,229,False,True,0.0014330580407282084,0.058390140786936995,0.0020086390667973233,0.05838855299894042,0.07972932747744202,0.05820715419208782,0.0013491232200227832,-0.0008233649014677502,0.03905921943230951,-0.0002310096360980718,0.03904967887018472,0.950418753961052,0.045481524687428276
330,6400,230,False,True,0.0006702245943328215,0.05899728283862199,0.001147544978745637,0.058993985928912994,0.07764478796120308,0.056362889890395104,0.0008907789343891414,-0.009498766916685398,0.04173555675533464,-0.006421601111111847,0.04173032671675138,0.9119255821101612,0.05003862481568
331,6400,231,False,True,0.005772048193310369,0.060827493283732485,0.0007186743445042961,0.060824643328714824,0.07441537818882152,0.055231990435102525,0.011136878523287016,-0.011895792599836955,0.03936086731804288,-0.0099166233096512,0.03934905678808186,0.9305909214473627,0.0497522383771421
332,6400,232,False,True,0.001019547451688352,0.058849106322461375,0.0014027820527685812,0.05885111804401564,0.07339680483485232,0.054209857963995835,0.0012878913381953409,-0.00968867824374935,0.04399426856354182,-0.0071369146421780775,0.043982057758992214,0.907902392159259,0.053488408051955705
333,6400,233,False,True,0.00030660977748559327,0.059617551791568434,0.001415150830780387,0.059640123780066105,0.07682167131788091,0.05506539713489155,0.01169232145924944,-0.005743339531337202,0.047583520206691717,-0.003802425844715319,0.047575950816025524,0.9496136284820684,0.0581870307228185
334,6400,234,False,True,0.0005498247185935154,0.05774194423419062,0.0013341431889690295,0.057743624018400865,0.07601368813436264,0.05435844017125599,0.0006525432700998582,-0.008624262875951569,0.046139882907941895,-0.00599252248908966,0.04613345745528882,0.9435705788440596,0.055456011119770554
335,6400,235,False,True,0.002226896057780408,0.060349485147472064,0.0012962270715596235,0.06034866281857821,0.07826894105723742,0.05499541909071647,0.000869329747714155,-0.0036200433942141664,0.04686658714403329,-0.0011940275298804237,0.0468545311572133,0.9158382571622474,0.057467767387655244
336,6400,236,False,True,0.0024569529329798684,0.06309375428477196,0.0003022189534308755,0.06309239023189185,0.0775758499814943,0.05693952917548488,0.01234635542537499,0.007567072821489598,0.04980789295747002,0.007933677871874538,0.04979461914852479,0.9245430235059954,0.060399063608763404
337,6400,237,False,True,0.0003281931590771579,0.05824659296719096,0.00047860086332839925,0.05824696977948229,0.07691659146447707,0.05506312623621588,0.0006209104464834908,-0.006821262860195196,0.038792091470188764,-0.006629590366629602,0.038779312780911325,0.9127578554041116,0.04862142693249516
338,6400,238,False,True,0.00021345722184118422,0.06121981766414457,0.00044395049268649325,0.061226192516550156,0.07911212514326654,0.056264296452175094,0.0005432387326215215,0.010237259365120616,0.0529380240399437,0.010441020801559855,0.05292598735609787,0.9355163476013169,0.06334920665623583
339,6400,239,False,True,0.00701954746025176,0.06346756475394624,0.001474632740227904,0.06345932572654082,0.08133603917941834,0.056827408937496146,0.0009707062971868518,0.005460672548353966,0.05018379507038475,0.009241794434080616,0.0501765508679037,0.9185492592681299,0.06148625791185647
340,6400,240,False,True,0.0014354271475316232,0.05915776628830401,0.0021129663170194523,0.059152476697612755,0.0814657438019892,0.058797316901601004,0.0016343470919908888,-0.006739159058201502,0.033452891501478066,-0.005923491538063901,0.033445958629288626,0.9061418710925185,0.039630737112273495
341,6400,241,False,True,0.000515661732312116,0.061988023535967995,0.0010217597657120692,0.0619819514755318,0.08185341099568592,0.05689640540154142,0.0009661676077450731,0.0012252309971223852,0.04462351626510568,0.001447761141173612,0.04461492834826139,0.8726849740365171,0.05609543783491189
342,6400,242,False,True,7.668280191525068e-05,0.05766784159864059,0.0011267713009134172,0.05766856970357257,0.07511550719600395,0.05539024158059868,0.00026666842147076775,-0.014932630995120513,0.03356585646152915,-0.0139558448563041,0.0335526101746953,0.9191308289508939,0.041171292328494036
343,6400,243,False,True,0.0003924153538173425,0.06125456204965303,0.0012934302284880151,,,0.0547107579361871,0.0005140122380208869,0.004698513162349107,0.05204329559234104,0.006958666793101527,,,0.06301560147464663
344,6400,244,False,True,0.0007427280250682531,0.05825027048363536,0.0003659254133575502,0.05824396164719642,0.07470469560919923,0.05472449036551355,0.0005729692157008798,-0.008958807511848061,0.03976365727331888,-0.008609238942843826,0.03975592567463579,0.9458454821168655,0.04776743719905441
345,6400,245,False,True,0.0032880147615995566,0.059817596323225315,0.0013234346948194668,0.05982145299371815,0.0760324292926318,0.05635497945622947,0.0009345977011906162,0.0012252183939143247,0.04304283542834718,0.0028863971441327576,0.04303157542628142,0.9271708114780278,0.051745687817082386
346,6400,246,False,True,0.006065125190285716,0.06073038489531407,0.053530702936777114,0.06069818132403387,0.07420311191165713,0.054206714485146364,0.000641090495482363,0.004125967651264309,0.053808751959068105,0.06238136561973832,0.05380352171863138,0.9245146149481173,0.06410633424109097
347,6400,247,False,True,0.001123116379845326,0.060762863394287596,0.0008673082275252128,0.060755080695476034,0.08204889793876965,0.0578018538239916,0.01167106092411947,-0.0015622550669216067,0.04337823671858821,-0.0011841404117731,0.04337265145280142,0.9222170124869539,0.052471181753984186
348,6400,248,False,True,0.00046862737451870717,0.05827055969608017,0.0004475106249070912,0.0582733438019956,0.07538522738850184,0.05438925420274752,0.0005336225942661266,-0.0035347756651660667,0.046446112282672584,-0.0034344790378847603,0.04643922061547059,0.952212588750628,0.05578617231073235
349,6400,249,False,True,0.004453156379249161,0.05904535440660096,0.0010886148682821058,0.05904228047771113,0.07464641234061968,0.055016112295302594,0.0007247353884480188,0.0011661371709642144,0.04875010090452427,0.00460458590768192,0.04874384590224672,0.9495165099685658,0.057588071397730034
