,n,m,use_location,use_scale,MSE_wellspec,MSE_misspec,MSE_surels,MSE_NPMLEinit,MSE_NPMLE,MSE_thetaG,MSE_EBCF,SURE_wellspec,SURE_misspec,SURE_surels,SURE_NPMLEinit,SURE_NPMLE,SURE_thetaG
0,100,350,False,True,0.04906000428119166,0.059383401355659206,0.01611882128820775,0.05939083152911472,0.12975094795798847,0.07359103128009531,0.030634465967640356,-0.09398816865448996,-0.02006621842722325,-0.07242623050719896,-0.02006719806367471,0.49401067059474807,-0.000653476272695519
1,100,351,False,True,0.09434499797973152,0.055990233411137284,0.008151827278430003,0.05598247831527516,0.08123462131870443,0.05277567091652553,0.030543350275187064,-0.11357592360882994,0.03414702118224014,-0.03367158619589183,0.034131977940134346,0.8704609586111601,0.05747380536224794
2,100,352,False,True,0.011010340800876008,0.06334014451026229,0.008522919345232478,0.0695440747776467,0.06573946743749519,0.0653550252132324,0.009140103532861371,-0.04424304734903207,0.01040259951329965,-0.031463005862700844,0.01121095817713055,1.011363327597028,0.022439675214498633
3,100,353,False,True,0.12419953184474274,0.060279563912528616,0.006738803617626938,0.06027795437511391,0.08681534925047422,0.05973506253061837,0.015761975663992307,-0.17478123102371634,-0.011083320931711072,-0.07214030350355032,-0.011094537303238354,0.5187267791996579,0.008796902357642855
4,100,354,False,True,0.09946694359359583,0.10775751662182109,0.040644481751867544,0.1077514411003755,0.07280205207613623,0.06257297092738502,0.044699100101887594,0.0005424975397947074,0.09757391374058734,0.05052665659056031,0.09756777719321384,0.8666650337864255,0.13963976538904943
5,100,355,False,True,0.05877859917580006,0.06729476042047114,0.009243859731967206,0.06728692741298574,0.07465553195834553,0.05148580739486628,0.023769703018985174,-0.04926813063188219,0.05455237865945314,-0.015701312583281068,0.054543451592580755,0.8882278660706323,0.07933095712912475
6,100,356,False,True,0.09121304256249213,0.07843172739223764,0.006849801847922004,0.07842809523368598,0.07573575470726236,0.05259514255404569,0.1035512037487574,-0.06778700714876595,0.019605191355389025,0.010681704602600137,0.01959837150271767,0.4904747250971085,0.05049904684870815
7,100,357,False,True,0.03244367885677255,0.06076898531527557,0.003415350987642063,0.0607651919272452,0.06326000902835716,0.05459481349651454,0.013185398026617296,-0.037599400395012056,0.04272165139820231,0.001391373310591506,0.04271555322824284,0.8123207198941629,0.05865344053986826
8,100,358,False,True,0.01910081739260745,0.06948330639294922,0.013511073393008862,0.0695332915149873,0.06208741143754379,0.06152564797972644,0.03404799393071649,-0.0409110072437775,0.039283675860355916,-0.03479629078367741,0.03926890440987329,1.0560564104245957,0.055379309672126675
9,100,359,False,True,0.26471826024981543,0.12042723947748919,0.019164610173715634,0.1204477360359663,0.0699455072005711,0.05965698716498542,0.03959354490254453,-0.08749936827374293,0.07934775956584922,0.05234858403459883,0.07934537086470748,0.7587433237737805,0.1288332489932636
10,100,360,False,True,0.11603875655680977,0.05005805473568156,0.007994985663431493,0.050058000371936695,0.05503560897538518,0.049654735854509385,0.032566516477603745,-0.12490355174657511,0.013735414393524934,-0.003057608181877787,0.01373254844544455,0.6908108205477828,0.025653045121206253
11,100,361,False,True,0.2543518728195328,0.17125506581917427,0.0856780968759918,0.17125458495726759,0.07905805685622354,0.06179093251225422,0.11495974315421813,-0.1056156188033397,0.083726159659521,-0.01810697964514545,0.08372399415776492,0.7449902090870054,0.1877406654265239
12,100,362,False,True,0.15388655680886854,0.06817589405375524,0.005085169893591327,0.06838618717175698,0.10651991728155727,0.07112148024770308,0.01775892467145123,-0.10284848953540056,0.059741881682167416,0.010978812090062745,0.059732813552459234,0.8963387804358571,0.07279878050468874
13,100,363,False,True,0.034433378854744026,0.06416380927366179,0.00805949073661542,0.059867306234832475,0.08474183626428225,0.062404767980387875,0.02162527759168257,-0.08545833215284007,-0.02745977641416573,-0.060152733346283876,-0.027764616356791692,0.5350003373369117,-0.01753527522284637
14,100,364,False,True,0.08884028326241758,0.08012974642053391,0.03060335225003332,0.08014923080382516,0.05408036618370876,0.06119398344864042,0.03575406528964675,-0.07586018208702337,0.05651901159355923,-0.025834447015715543,0.056504949459167834,1.0769043742648847,0.08010758691064868
15,100,365,False,True,0.17419854034876575,0.07828345377355528,0.040323591373383726,0.07828495623645218,0.11328552919052332,0.08180899627600213,0.05643859856422555,-0.08662971759191543,0.008935505911798884,0.0021868789958589875,0.008932112174229232,0.6113351481960982,0.0241888618523744
16,100,366,False,True,0.11565443559508116,0.07776768228908666,0.011038125334835766,0.07776750187363128,0.06380737706965883,0.04812691767906358,0.03168849640270884,-0.06491852982716133,0.06782359181805682,0.018161571525274926,0.06781226538138946,0.6838208552550298,0.11102676290205943
17,100,367,False,True,0.10965783593595009,0.06864200085304284,0.002025523102277911,0.06863839902217717,0.08608103276235571,0.058462129593427295,0.01418638411433911,-0.06924278545977522,0.04325311433943831,0.0005506913130776292,0.04324857463049355,0.7261002570877628,0.06484148359236752
18,100,368,False,True,0.13519382133270394,0.09914340122561911,0.028312967899658637,0.09916856422085926,0.05628969334968208,0.05397732891481377,0.043050780297531246,-0.08915784408237203,0.038506860282081445,-0.011402185849653261,0.03849756483251469,0.6113449203990559,0.08160094531691253
19,100,369,False,True,0.13609917275272707,0.08881176774503845,0.04743880549151375,0.08881760378006968,0.05692948177406266,0.05729714355825321,0.05698164721198654,-0.10543087782412461,0.08656273161242752,-0.03854595268868975,0.08654829545432989,1.1303666381504964,0.11091235311671388
20,100,370,False,True,0.04275030518800353,0.058642358995731884,0.0018608118690063334,0.05864769354264852,0.07129100416569331,0.05360213114801792,0.015219001608037238,-0.0509046803221541,0.02585905764228919,-0.008097747767334145,0.025844823020780935,0.700634363294618,0.045425743203078406
21,100,371,False,True,0.1783066237259161,0.06306860919180127,0.030926188881865508,0.0630711246635419,0.06464760075802817,0.05008064940286501,0.0316255736100622,-0.1070234500584519,0.07059181348000663,-0.01105475773876169,0.07057971855878059,0.9655285781819746,0.09067960557497856
22,100,372,False,True,0.09352972268497803,0.08262812188640863,0.028557894589828225,0.08262486345474676,0.06367830562327975,0.07482161596574065,0.04793292941076641,-0.16195769741252455,0.016816661520789894,-0.07983245687185454,0.01679621976822183,1.208297514074782,0.029396487801664373
23,100,373,False,True,0.08243087128169119,0.05167849339372074,0.0099669315167892,0.051662355724500016,0.0851646244142917,0.05635545243194,0.03051411454479036,0.01294184883099669,0.008075047998782807,-0.047443644586098455,0.008084497825928167,0.7658017118178043,0.023172036084034342
24,100,374,False,True,0.1364606698979945,0.06966061089056616,0.015775749076558983,0.0696593162112416,0.05559915313699412,0.05395329877831873,0.018879564644690434,-0.0635046823469941,0.06449417840311426,0.027091380442855164,0.06448632127978683,0.9497115092834022,0.08434661635230906
25,100,375,False,True,0.11905317220301757,0.05981797048412747,0.014614242899366508,0.05981396304357992,0.11085849932010992,0.06402246901654005,0.03093843276596086,-0.12065528284196209,0.03904782111060911,-0.03747631030506927,0.03903496092962513,0.835721755746238,0.06643924718401434
26,100,376,False,True,0.01156892206223235,0.0473389625619022,0.0026385984489027143,0.04736234506216648,0.10926150212656718,0.06042844112019925,0.04973316148931316,-0.07037518120362499,0.026490066115339134,-0.04675347474942576,0.026469905525912482,1.0998118322391432,0.046764146300897536
27,100,377,False,True,0.1549101639539365,0.08404245524622024,0.037917436941091835,0.0840367199435841,0.13329634606301494,0.087174053649354,0.060783291846156016,-0.09160795129072141,0.05912722394910937,0.009702830449291367,0.05911729267699435,0.7316367795577647,0.07872459186247288
28,100,378,False,True,0.07859800162414024,0.06580037272279987,0.005093551164112264,0.06580220913666861,0.07084912239921931,0.06092966792787068,0.0691525022354135,-0.09146635943662267,0.02039620606127258,-0.02999139044927006,0.020383912739164317,0.8667220436375587,0.03418245231824679
29,100,379,False,True,0.1928779430584473,0.05749240111005166,0.003574172129010593,0.05748971827702246,0.09158112419922854,0.062388983642807316,0.026469812275990344,-0.14344452871267807,-0.0157001868104264,-0.06927808319461236,-0.01571270360916998,0.8798130145483555,-0.00020916860097186518
30,100,380,False,True,0.09694393691153526,0.04593533801661088,0.002449930316327701,0.04592782392097915,0.07045712557821765,0.04849632156515962,0.011097128633591961,-0.16424376018129258,0.008846333270325673,-0.04842347963127235,0.008836916198753287,0.845265452498589,0.020240013432080484
31,100,381,False,True,0.15801367423705182,0.1252239640660723,0.05260893860362013,0.12522298876885457,0.08648844674383938,0.05862660488428102,0.051627748309243715,-0.12286970719459335,0.04208810582941183,-0.0342449627645672,0.04208559503209514,0.8281598476241098,0.09939854557760497
32,100,382,False,True,0.09480272174104311,0.07902849041823021,0.00842876712529545,0.07903801915839752,0.07059392784236578,0.050775926308071574,0.05704222802418463,-0.09887327989496678,0.042958862739588,-0.02065421726833996,0.04294087218006041,0.7833255378682022,0.07778870990933368
33,100,383,False,True,0.26629349523117873,0.18596825915219697,0.03642277134013294,0.1859562187665424,0.16620059408094204,0.09651203480726495,0.07123674678901377,-0.05013108290092226,0.04080046087100485,0.06872105777171554,0.04079476300316884,0.6014440540773286,0.11483055013514065
34,100,384,False,True,0.0312518033771745,0.08385602358347141,0.03653754284513759,0.08385714944800744,0.14004149705799712,0.09025473478181123,0.040018350777984636,-0.07133186389903273,-0.016847684607268435,-0.059506672770485325,-0.016853054572521488,0.5145420546790263,0.0005359522847554476
35,100,385,False,True,0.1435912169647301,0.12613185625916098,0.015945757756503632,0.1261266103952597,0.07976986743777138,0.06277320422794404,0.0676107786800973,-0.009971625459906947,0.05136329552583021,0.06036630359654053,0.05136281724608793,0.7562510837310179,0.09321074254638961
36,100,386,False,True,0.06217687620867724,0.0757153833632408,0.05688778435235694,0.07570958417314083,0.06839946017046766,0.055550124060547275,0.03172143040554183,-0.0515140802801638,0.03418467630332806,0.051539270846669635,0.03417770684976553,0.8360538117172709,0.06277811736777777
37,100,387,False,True,0.13004307962434808,0.08418524456496819,0.0007408090455716934,0.08402518850005354,0.061275111764749646,0.04887964247933575,0.027348407582461026,-0.05530966875674482,0.05046266613008982,0.03602650173769165,0.050465276619172744,0.7821573172330686,0.08801416298689652
38,100,388,False,True,0.04624192695125477,0.07595127170695881,0.02230870885434615,0.07594757897961907,0.10054682621768213,0.07806285899929202,0.027701592617319748,-0.03933313820600915,0.005452715463836242,-0.02019003109249015,0.0054500931626202485,0.7156932675974227,0.017131954789013193
39,100,389,False,True,0.02883587723356718,0.05719163074228581,0.005227325249792885,0.05718916610068345,0.09423062293859254,0.05889752000020756,0.017629763512780155,-0.05390576633125064,0.028121300752687192,-0.036228927238434995,0.02810933251971065,0.7914175808775152,0.046848060588447094
40,100,390,False,True,0.28713306363712243,0.13653943902470622,0.014336328324537316,0.13654173907960623,0.07585049644444374,0.06823372727974272,0.0697243911192536,-0.08164901609915486,0.06890454576783377,0.07499391838870872,0.06888482813208256,0.7686984898029173,0.1259999320419498
41,100,391,False,True,0.1682143747107861,0.10439601643777793,0.04277965252320684,0.1044246303223194,0.056458637727980966,0.07076583199820394,0.07567526762695868,-0.11574028647205886,0.07470990734727515,0.0031516518646418825,0.07469959378883254,1.137524184068623,0.10046902245753614
42,100,392,False,True,0.05029449781803766,0.06474582588174047,0.011767022148227646,0.06473374413423424,0.11491027903059252,0.07235010216986308,0.02802330109604635,-0.11566260510604746,-0.023430856941410953,-0.071367094396412,-0.023442714498428642,0.6208779609716872,-0.010873623464313642
43,100,393,False,True,0.24842629694122767,0.16634433329286322,0.021036420754611127,0.1663265122422163,0.12626179691705341,0.08107578442016415,0.049908482441596624,-0.0644868887533224,0.06375693405767031,0.07418197196711492,0.06376037355901928,0.685423942834677,0.1200361545792279
44,100,394,False,True,0.0863828607088016,0.06656161360170454,0.008375987167197806,0.0656591676917559,0.09015108272392286,0.06564841270204101,0.03954868822338552,-0.1451840555144846,-0.025593008366747442,-0.06485911640344785,-0.025612115686693145,0.592063043110925,-0.015670932594138376
45,100,395,False,True,0.015661323611479303,0.045502202181249965,0.013373292093015354,0.0455027308584445,0.06637723801929181,0.045336462609082175,0.028211414075022805,-0.1026283339739028,0.012016182629538932,-0.09732033306019372,0.012001820015723936,0.8418819237255204,0.032501260170539614
46,100,396,False,True,0.025757674498477448,0.0716254335098954,0.005393654851520912,0.07162267044710226,0.11191112711389234,0.07998983396786365,0.009207955914963867,-0.11749706990658236,-0.05262665514986246,-0.10121169570486617,-0.05263865995429662,0.7827220559416734,-0.03815809647655577
47,100,397,False,True,0.11078986762287954,0.06486373352524943,0.014122551966417369,0.06485976877378292,0.07283863619303509,0.04982491536838054,0.017205984563070542,-0.10719702030841832,0.042906914127563596,-0.030912213452870638,0.0429008953482419,0.8857818878419014,0.07543959980565057
48,100,398,False,True,0.06188838828133855,0.06132844510673777,0.011498054260619301,0.06133066457337264,0.0682916906060952,0.061458204329633934,0.020494914204504718,-0.07494879155394096,-0.0013295898428487619,-0.0231195946225884,-0.0013371850524318775,0.8250751371530447,0.01135509682492064
49,100,399,False,True,0.05335324684225241,0.06622118725592728,0.015153171866344827,0.06622327078848722,0.07178737273945397,0.06112716407263182,0.0158748244107337,-0.17640503759526308,-0.03035966496585033,-0.1397171108510567,-0.030367555350152956,0.8441540501075275,-0.011098174586312848
50,200,350,False,True,0.1510574515214042,0.07805454903722119,0.002820629446213112,0.07795432786734546,0.07974560139138459,0.054790555269631544,0.00550039421387484,-0.03759443932153864,0.0547095462517278,0.025558648116279562,0.054703904803972137,0.8204263273527513,0.08031555013579084
51,200,351,False,True,0.09455101458014516,0.08619443462154716,0.011815377589912211,0.08617646776795297,0.10974687971292647,0.07590693048157886,0.030832228990616578,-0.034987285693049264,0.05011670081125203,0.028450002669668316,0.05010933070522256,0.6937139958957533,0.07086778503111585
52,200,352,False,True,0.041027463715523356,0.05341185184624535,0.0020926047862636545,0.05341328903166682,0.06044401132204617,0.05210295871218174,0.014620565575723086,-0.07346493192884732,-0.009938949458353078,-0.05007680732160882,-0.00995223287701279,0.6815637671390355,0.002307139382914547
53,200,353,False,True,0.052121628388235156,0.07408177739473645,0.008923331654320412,0.07405929921876449,0.06771309333364016,0.0481661647808842,0.02085132688673616,-0.04206507898840789,0.02889143526493939,-0.01713647120874949,0.02888668518810647,0.7917004518823941,0.05947134921613573
54,200,354,False,True,0.11665549505240477,0.08199878278792365,0.018772551727401623,0.08199364809912403,0.09571374698805986,0.07006954213339664,0.03083999050109911,-0.03349433229660093,0.03547182584756541,0.02785633855808408,0.03546029837284841,0.6841741668311857,0.051394118299819325
55,200,355,False,True,0.13955692163327027,0.07404969648597146,0.003960489288181027,0.07406280004722342,0.07451969848773556,0.0584638863927551,0.014364673711669915,-0.021813445478485707,0.05876218395472371,0.03884516121412251,0.058747701085659756,0.9387022390248374,0.08153789256579996
56,200,356,False,True,0.0462879246278293,0.05400953058711653,0.004591942319791024,0.05401330147877236,0.06756260369659822,0.053408255230368774,0.006805070553918979,-0.10109824735319446,0.020231059482745693,-0.05430440010906987,0.020225000499181647,1.0328981107195936,0.02889533856257931
57,200,357,False,True,0.12507695178267716,0.06946951386473471,0.044273603958418756,0.06946683247583496,0.08573715422212944,0.06495214060476552,0.039373140407394064,-0.02646684918633137,0.04272924386155353,0.020750638202683094,0.0427312066568733,0.7846851106170897,0.0546786989623389
58,200,358,False,True,0.02390377600442198,0.056464354688033486,0.009878322744372918,0.05645458493681701,0.07704045618139758,0.04792179580871411,0.01986093691388153,-0.04169652110945348,0.04912240344785879,-0.02066966038305581,0.04911447532538283,0.8664131539791796,0.06964466019490184
59,200,359,False,True,0.056361379084358704,0.0674223706326512,0.012068748346678405,0.06742167708309128,0.11417017874210332,0.07412746414525896,0.01697134021561481,-0.060183936999618284,0.016926898824123314,-0.022812035929467404,0.016926852939727937,0.849391244155808,0.026921423406458977
60,200,360,False,True,0.1413550160024183,0.0736446646631474,0.0149133177500166,0.07364367531747697,0.08898662800918629,0.06511928370984234,0.03519507308293094,-0.07284502018277993,0.06829795253749112,0.03706209258692431,0.06828452433966263,0.8905905913231302,0.08838896794576645
61,200,361,False,True,0.16195874317769882,0.09343620785262782,0.02228551990811683,0.09342608497718417,0.07591388915470752,0.05693739431003598,0.028926964731464437,-0.028070776461138577,0.09376558898924628,0.055232050639748655,0.09376250749643568,0.8712165955249644,0.13267219915056322
62,200,362,False,True,0.09807964576389389,0.0738545326321122,0.02814142166043587,0.07387984251287077,0.08646633121122513,0.06292830931762537,0.04806339157726822,-0.010728593898328129,0.05416563418877033,0.025137136105638617,0.05415577011467143,0.7519485407819368,0.07265915154387576
63,200,363,False,True,0.011385913699398937,0.06179256129957257,0.009537726075219804,0.06180078035133943,0.06471537963116945,0.05536808853138761,0.014786440752559795,-0.016900832970860768,0.06130307748210342,-0.015508882852908568,0.06128942576113523,0.934083229155751,0.07162044119674238
64,200,364,False,True,0.21437662742989694,0.11027597104912042,0.02232529164182039,0.11027216888353562,0.08561279696944112,0.06600860295363895,0.053950544183746355,-0.08373705052277643,0.05837717965225977,0.049287535704846494,0.058365513694621354,0.735685281347819,0.09527770527483326
65,200,365,False,True,0.023492018348211373,0.06715487533031217,0.020128077549349855,0.067156455508587,0.08536473829009024,0.06839239674220134,0.027525709022307283,-0.009215290060283803,0.013833797087305727,-0.0004595327698368201,0.013830044166656634,0.7670385746133118,0.02074247742600349
66,200,366,False,True,0.07880854816310694,0.06067159021130289,0.004995806289367909,0.06067834344597609,0.07627421568626881,0.05925282347806389,0.006377159179153988,-0.06772786872358404,0.030107226424618005,-0.014729385670816204,0.030094678099486388,0.7572111514269073,0.04071661103939589
67,200,367,False,True,0.09117185695305816,0.07769870962268635,0.011634233917025099,0.07770056114114479,0.09609922600813672,0.059963043158637264,0.01504252809402822,-0.06518129389874953,0.0577508247818227,0.003657833063898193,0.05773812360225414,0.8573662309890264,0.08871706516124339
68,200,368,False,True,0.025582295883694154,0.06636634589507157,0.0012024306498647512,0.06636638344134296,0.07626352239513828,0.059456750532547085,0.006625712097061716,-0.01835000633024698,0.04785729126165556,0.0064610839535296965,0.04784282832951362,0.894528443844365,0.0627187779931907
69,200,369,False,True,0.06629240789128805,0.06995210659303008,0.005069318137163564,0.06994538642463538,0.07611178418662454,0.05468785777333668,0.012795553856067763,-0.04932538193267588,0.07008649657526839,0.009864947320545972,0.07007967385372382,0.8561255872080573,0.09391522244018402
70,200,370,False,True,0.05467928195950076,0.05037347743477085,0.0023656091832465016,0.050375832029605105,0.06721876189345949,0.05198679984889523,0.011130138780862012,-0.06653374423163803,0.02994379641913632,-0.007636233769551865,0.029929181720881177,0.8466680711641849,0.037351571588946975
71,200,371,False,True,0.05969310547266773,0.08647467866482264,0.021870231987499208,0.0865786446553533,0.06448580030566115,0.05456711210790254,0.04582158969447148,-0.02753253651730998,0.08679408466505216,0.011101525089156397,0.08677919901762131,1.0351998878879984,0.11503738013349507
72,200,372,False,True,0.02386447424411776,0.05431329193978222,0.0011606669250991935,0.05431908290993397,0.07834488051126445,0.05593516960564142,0.007869134209404494,-0.06680775676804813,0.017483396809072786,-0.04024789892293034,0.01746981026416364,0.8630598138820273,0.024435377555079074
73,200,373,False,True,0.06637240212752774,0.05880331695379495,0.011561089112918914,0.058802311917864884,0.07468025151709654,0.06038906585017522,0.015772917895823153,-0.09439445630106036,-0.002034573669505235,-0.03163707479495027,-0.002046076734709388,0.7758069366503549,0.004124654101369973
74,200,374,False,True,0.15032232971077322,0.07718017752120035,0.005679332415364058,0.07717504140062166,0.07736605130978162,0.059440645594161096,0.013203875161297337,-0.03945928277632584,0.07370967601920768,0.04456418953408868,0.07370451426665874,0.798553730693514,0.09346554632206006
75,200,375,False,True,0.0657181598501421,0.06722972907591349,0.008094400514825913,0.06722303945716158,0.07002827105848262,0.055380488599318385,0.011862722154270264,-0.04848374308144159,0.06303280302047057,0.006661314758245494,0.06302584908677566,1.0260669848027413,0.0784376418437896
76,200,376,False,True,0.056329240688820066,0.05468127291583922,0.002962454981293527,0.054680030696537034,0.05194651276735859,0.04619112915410956,0.009880593425970275,-0.04337772649871134,0.036909554920543076,-0.0016643301056206872,0.0369009618383987,0.8434980709359508,0.04999342229457382
77,200,377,False,True,0.13391189075892046,0.09457610858581283,0.006396517999822066,0.09456624602746015,0.06806988278860163,0.05522709409644305,0.01483409601663212,-0.05241590581586115,0.047974051905919954,0.027889726918243075,0.047979253576147726,0.846678261800244,0.08098119004224374
78,200,378,False,True,0.20757617445273419,0.11042859138147412,0.02423978188857302,0.11042656576911156,0.048340522747225174,0.05724361384063515,0.04466045393259501,-0.05189951233277354,0.09446818968911828,0.05055560105981186,0.09445966859179905,0.8866281198829894,0.13468706913253353
79,200,379,False,True,0.14002153103365972,0.06394300646957464,0.003485741046037767,0.06393323708331346,0.0705220584877613,0.05470510813281237,0.012883240802365043,-0.05994172885846886,0.07012958786149326,0.023340637651037874,0.07011756980337559,0.9562715182512843,0.08321046957939177
80,200,380,False,True,0.06198455123055414,0.06187790830585762,0.0026853045924611378,0.06186922070286667,0.0882412519079428,0.060195387274059334,0.020407941807856888,-0.05720082990650166,0.029291008880865305,-0.00738620170547776,0.029282624034570475,0.7412247216430954,0.04434804330250214
81,200,381,False,True,0.07898361280100769,0.0911218190241407,0.011924812110054259,0.09112713097787335,0.06678995108349775,0.05312397427436681,0.01856035279233498,-0.03219083083237492,0.052102840029724366,0.010577119081914405,0.052092971066147485,0.8042926462098792,0.08767543626265051
82,200,382,False,True,0.10915486025127409,0.07834594670331387,0.007804225195939492,0.07834305719786688,0.06853139892486344,0.05724879195506223,0.017784181033087494,-0.028013713928703166,0.04358712512228174,0.021383666478083305,0.043577045849107494,0.7845918114811985,0.06341172830967817
83,200,383,False,True,0.17066183105164906,0.08739726185288613,0.06650001228613338,0.08739488627745613,0.09299569338294493,0.07116078112871767,0.01967897873591068,-0.026154042038047776,0.0767938828545529,0.09173658031741547,0.07678059987733292,0.9288257604115598,0.097732956558862
84,200,384,False,True,0.02095000029648464,0.07264420336400458,0.006115920302885278,0.07263519283246153,0.06460338653461807,0.05258682729940924,0.028482128268620188,-0.008990394823906199,0.0535883381401247,0.004982829041841293,0.053581761019507755,0.8745166140141285,0.07563525103768681
85,200,385,False,True,0.17313541224662354,0.10284713988061991,0.027746141160466208,0.10281328945359675,0.06417460716992401,0.057683855912053696,0.029039141193486058,-0.02341050250057628,0.08097081105759919,0.05041239063461326,0.08096167276610387,0.7628710176609256,0.11549979308852792
86,200,386,False,True,0.10811742888607181,0.05515169286535202,0.011331406269029754,0.055150054558686906,0.1106052936147026,0.06516152565777841,0.013841797419779783,-0.16891772061324695,-0.014277350378671514,-0.08751318924899618,-0.014280659724447062,0.7422428454488701,-0.0036122438239664656
87,200,387,False,True,0.01921787414185871,0.05207207800237044,0.0033146673020747453,0.05206449404336855,0.08387432446987972,0.05786744780898598,0.011678440094745782,-0.10172871277166712,-0.032429337114167185,-0.08628231511764362,-0.03244291924955874,0.7275183836398703,-0.02546468109666511
88,200,388,False,True,0.004380481048176372,0.056283416836706165,0.0014812154066675002,0.05628003114843828,0.06893580122218258,0.046865255041318186,0.006942472276190219,-0.013229510325205605,0.03557827581607043,-0.008213766264633196,0.035565356979734446,0.8328873497417563,0.05396102056167856
89,200,389,False,True,0.11005758983604773,0.09573900809864833,0.07311361546228107,0.09573848525072001,0.14168916394217923,0.10132227813668618,0.06497380519085172,-0.04690596844179643,0.005477374227572796,-0.01699592557497245,0.005479367483649398,0.7526867592622754,0.01459622338523614
90,200,390,False,True,0.15960760089354334,0.09539904288238878,0.02162302759677558,0.09519475471965799,0.062049000237028515,0.05677816210466673,0.025570737944193178,-0.029623917157089234,0.06632198107857888,0.02957352411269244,0.06632368679966674,0.8087248034924738,0.09815337966525511
91,200,391,False,True,0.15559853345536884,0.08599077750331827,0.03042044663595197,0.08600022420443505,0.09896243856069122,0.057482638122810015,0.023143601205578308,-0.06956533154062892,0.05127301282892503,0.024022800163083304,0.05126148325196226,0.6336024832896814,0.07999674608874457
92,200,392,False,True,0.12301494194446233,0.08332731081022317,0.004792871171209601,0.08319767864508226,0.07668189551926044,0.05986300207770941,0.023690199787645017,-0.027873664763683373,0.07756292407188746,0.046919375576144264,0.07755763347000205,0.9122349147670161,0.09872844891609162
93,200,393,False,True,0.047188555836156436,0.0526663174903532,0.022056124536924942,0.05266598040330682,0.08387386857131135,0.05298289228487313,0.015055342493428126,-0.057362038441558946,0.06037592319291853,-0.03267419659818404,0.06036704650769344,0.8807175303058989,0.07527518667173
94,200,394,False,True,0.012456949732641762,0.05508075447095458,0.003405272157551231,0.05507816942306007,0.0755412803757712,0.05655208791947274,0.004878297847495738,-0.08770351852182519,-0.02975388695292011,-0.07696822903662233,-0.029760125928937668,0.7692156893926503,-0.01834424210305058
95,200,395,False,True,0.07686090840885598,0.08728662903620421,0.003558198832080578,0.08728668401876144,0.07090084308235602,0.05564570195711203,0.017291991381117613,-0.020692821376401486,0.05093521079107568,0.03061462894288407,0.05092617126062663,0.8046204417380881,0.07931327850244546
96,200,396,False,True,0.08359621047967092,0.07348669846145485,0.017024756809521466,0.07351202127367333,0.07155231979875143,0.05786320703937765,0.037917174770229364,-0.0055288859027283355,0.08040876792511696,0.03348239717550131,0.0803946148244858,0.8947135762649511,0.10216117499739946
97,200,397,False,True,0.0748979829856974,0.06843845692376967,0.06120419778486039,0.06843651803501075,0.06565513729945346,0.05631593717959113,0.018205514544377115,-0.07843253617730465,0.03317971196670911,0.043652356774903145,0.033171777417445654,0.7813151972735511,0.05058583701179925
98,200,398,False,True,0.04530305706052262,0.06303241699192158,0.014259607020712226,0.06303625067360824,0.05859807553856435,0.05552112304011603,0.012254989665194458,-0.08317645939644289,0.01941056746877962,-0.0633607401106965,0.019397602162020532,0.9441882786369772,0.03090421494752954
99,200,399,False,True,0.20195030559762148,0.06688949762763559,0.010570065546131283,0.06693448421986264,0.0706947312218405,0.06000349800862536,0.04539540516231785,-0.030635245768626498,0.07032238062053928,0.05975512298031923,0.07031184637650284,0.8163166187709682,0.08172923004296107
100,400,350,False,True,0.024634552220732395,0.06516845432334357,0.013726542320986935,0.06516959897451126,0.09977220932598904,0.06824716957604288,0.018299425791094146,-0.018386945223084317,0.012133032047370734,-0.012902400547226828,0.012129381648345686,0.7281019985412523,0.018684712409203552
101,400,351,False,True,0.022225229475974065,0.06001651355558422,0.013315245293131675,0.060015767894963455,0.08916198735422075,0.06362196287092627,0.014102723966369139,-0.03875888764358737,-0.00019321312585788064,-0.024605836592100184,-0.00019729899485319892,0.6708854478877879,0.004795952829937777
102,400,352,False,True,0.01574266737706851,0.06909736213955851,0.002763956863133751,0.06909569332235897,0.07553974660403104,0.05830507446135911,0.005972262471229834,-0.004505830745833795,0.058317528620037605,0.006071206924943227,0.0583134110538073,0.9995538254246107,0.07434744341258664
103,400,353,False,True,0.014084488796136172,0.06228337102224085,0.0015391905476999763,0.06228097201998018,0.08972920360995204,0.06099453485544836,0.010066799344358845,-0.008917126943226395,0.047938624132041384,0.0038000167770551197,0.04793071901603384,0.915781537891,0.061273719888607914
104,400,354,False,True,0.04063210040614099,0.05728271610041614,0.002936495757786255,0.057280444613885664,0.06654838079936609,0.05626906461628955,0.01794775255069465,-0.05492780929631404,0.007952355647001213,-0.027702045654645697,0.007942476861403164,0.8384830662848236,0.015749954253834297
105,400,355,False,True,0.04477118808019246,0.06719408436586964,0.004572562076119405,0.06719229722583575,0.08218924768785621,0.05770966373925645,0.0111284171452347,0.005360976375528398,0.07340086912139966,0.030069962302405627,0.07338954497653262,0.9089328987570942,0.08960521884772538
106,400,356,False,True,0.10699151058898511,0.08782790906653158,0.006544402922882013,0.08781977722649406,0.08219602250277734,0.05837853202910948,0.009582642960388235,0.005294370163793581,0.06302951436787722,0.045636132852729945,0.06302416251426983,0.8192636588337288,0.0856958051891909
107,400,357,False,True,0.050244015025258236,0.0652904637936728,0.009700076379965531,0.06528680342158247,0.07397623029266662,0.0525754802839925,0.010572520968208373,-0.021250918208098876,0.07029902301097607,0.007650290119145875,0.07029130336371509,0.9334256850848329,0.08978271941593413
108,400,358,False,True,0.014833020302793242,0.05583120760554862,0.0029312096921126035,0.05583171433966566,0.07391821521691204,0.05727893847204717,0.003490177945083106,-0.05572606827513436,-0.010244621779938328,-0.04905675529531804,-0.010258002258803743,0.8281856028549466,-0.004300687814121573
109,400,359,False,True,0.01550710923062157,0.05585757171662248,0.017072387000575662,0.05585922942249906,0.09193875313012248,0.060696972589637695,0.009733577493147369,-0.039397440868078004,0.04149887761558503,-0.04088022142720513,0.04149526864276716,1.0414861783473797,0.04998013387568623
110,400,360,False,True,0.06327230490899528,0.07101082679119725,0.0015738071892166976,0.07095501760641933,0.08621483629134948,0.05528821836788334,0.012358203006397844,-0.017599239928187644,0.055438732607432685,0.02045383376170654,0.05543352384197206,0.8234530041910603,0.07947707411212801
111,400,361,False,True,0.004108456774246254,0.05773816633644012,0.003858618267970716,0.05773331047018238,0.08262647830871302,0.053828601561177185,0.016249186861448453,-0.010737991592364153,0.054317593001939175,-0.006780440052905035,0.054309112380546906,0.9071022150898642,0.06946449142823813
112,400,362,False,True,0.05233196226912526,0.059309518702167094,0.0010304301263244476,0.059310499598865765,0.06635825033015809,0.05031140950426192,0.002421372884584909,-0.024606310177028568,0.0583374662088896,0.012584622437815779,0.058325641165189665,0.9269453668054354,0.07127061454717304
113,400,363,False,True,0.05800645915894862,0.06834715909402385,0.001517599487092164,0.06835326493710847,0.07506933577106727,0.05450811584475524,0.007180358379620317,-0.01705110446981304,0.0517960192960711,0.010591206921236397,0.05178812978294204,0.8133762883321995,0.06940833789458284
114,400,364,False,True,0.016973941276547538,0.0575492460811292,0.05313252936638573,0.05754083043853535,0.06797902065991915,0.053006768167392374,0.0055158885156194985,-0.030555631170872653,0.027345184725695974,0.034219172459609426,0.027335137665639594,0.8225750054258362,0.037533834294960045
115,400,365,False,True,0.037132425118314605,0.06028498410122547,0.004190917302796539,0.06028504660396829,0.07119303784102356,0.05363789525829698,0.0043155450375664435,-0.049298905554506396,0.042429428633959675,-0.020253662771338103,0.04241776542618752,0.9408865791978349,0.053541122734555746
116,400,366,False,True,0.03990051908505532,0.07183867699719733,0.005640507903821093,0.07183918158743335,0.07093456989763142,0.05654159980566075,0.008537019787050525,-0.018147565613320517,0.053153156519546205,0.0064361706416280915,0.05314003283697083,0.872120643393368,0.0728482771569664
117,400,367,False,True,0.050674878358793383,0.07213892811007797,0.0034043263351942344,0.07213325072324728,0.07755759804502284,0.056037849024810765,0.006406536964676746,-0.011824962479174066,0.06965113655038956,0.019748285864417615,0.06964222234171168,0.919963819788686,0.08814981928177346
118,400,368,False,True,0.020596953468578053,0.059096496260122165,0.0036344457726176344,0.05909905161814882,0.08108761766663349,0.06082796290989934,0.005363979240895956,-0.0230239560000129,0.034668747574433285,-0.004405453670855046,0.03466325334618375,0.8879977738317905,0.0391830811784622
119,400,369,False,True,0.06657065527970511,0.09341476921741515,0.005845697601240996,0.09341579618464918,0.0764563621406436,0.053708466455128605,0.019914864777243173,0.005028118584275004,0.06128441661098471,0.03570924235935598,0.06128155937910656,0.8353004714670252,0.09405156197711917
120,400,370,False,True,0.008529064052317518,0.05687644519514534,0.000696927722790397,0.05687458698897927,0.07265471233129694,0.05568251256054715,0.004956735244530308,-0.026897546651001684,0.02491708618985143,-0.02270914249299599,0.02490946444163015,0.9754258642801567,0.03234846459028956
121,400,371,False,True,0.014141578799379448,0.06755361388651027,0.001785732203440052,0.06754361705127813,0.07578482449475202,0.056991975189001565,0.00704623151552416,-0.0026157820816574344,0.04054658465774587,0.006848597622434344,0.040540354085455164,0.767987775952172,0.0561419360354824
122,400,372,False,True,0.017615278130828756,0.05968264910086552,0.002001598124708093,0.05968100307862995,0.07520543699561148,0.05376312489380055,0.005687007467448014,-0.01380895840750301,0.06289114796049497,0.007315303196884855,0.06288290852291312,0.9386441052980709,0.07672041319938766
123,400,373,False,True,0.02080335380537124,0.051803518755347416,0.0013931183131562855,0.05180511932960838,0.07802376772816424,0.05631893771353688,0.01982799156647013,-0.09196313963089461,-0.0032216342878191996,-0.06997802826012992,-0.0032294307582766634,0.9098502540265109,0.002205917284404224
124,400,374,False,True,0.02446568242577167,0.06643703622652286,0.009988873801340432,0.06642963919027978,0.06684895829471285,0.05424847230150251,0.01793376221227551,-0.06340793964886293,0.017205981380585485,-0.055374164975742754,0.01719995490494384,0.8856099540736767,0.03489584693720349
125,400,375,False,True,0.0021244608468836607,0.05648270694455449,0.0008935655661173802,0.05648138325114599,0.06978746187044944,0.05485583227283661,0.00209226733674778,-0.020173311896378884,0.02586345771954065,-0.017580256350083187,0.025854493925099007,0.8755838750282257,0.03407602160130907
126,400,376,False,True,0.0414166121681024,0.07267524504377325,0.006621804318049218,0.07267529432579407,0.06668609746552477,0.056154113923189385,0.012973133976262463,-0.022441791801043366,0.061349206508829184,0.006339296021062993,0.06133677136202145,0.8986505466740963,0.0772167643845979
127,400,377,False,True,0.01550507488010484,0.0583988574242428,0.0034117467242058335,0.05840088452326623,0.06918440876906522,0.0569128140907805,0.003926663478826893,-0.07154759789688299,0.003526949796227825,-0.05528883844397955,0.0035129861516901427,0.8924419204947557,0.011886457980259835
128,400,378,False,True,0.015105099257518843,0.060123296398501995,0.0012094882027824207,0.06012442150290547,0.07814203974922278,0.05526780762200127,0.01145418215934323,-0.04266297237370401,0.020210895570974968,-0.030323857297114936,0.020197309516678603,0.7966234650359025,0.03606550206173392
129,400,379,False,True,0.03843622419562562,0.06909683399891285,0.0061113603789573305,0.06909914598923628,0.08460213836727917,0.062370974536994445,0.023692251061583867,-0.0055540259854619965,0.055224319917287094,0.02274102092714969,0.05521166752090046,0.8908707117408445,0.06625001352107518
130,400,380,False,True,0.00567175497115089,0.0606759579726124,0.0031777973425863026,0.06068964309815807,0.0980510328091932,0.06147260817893911,0.004542976563479252,-0.026425474622074407,0.02860690352189792,-0.02333674628201572,0.028593791741465324,0.8465677304382178,0.04178200118236153
131,400,381,False,True,0.11243504975722379,0.1055182995172089,0.009925808422603736,0.10558790295969457,0.07062370294720871,0.057876416022805424,0.015436806548059224,-0.0031137479415765212,0.08014467581400034,0.05189946271717607,0.08013499003037616,0.825566237135953,0.12149147559000589
132,400,382,False,True,0.010603443668593839,0.05859331448458378,0.001545040984128309,0.058588538525080655,0.07866527546990197,0.056173458048635834,0.0072450608106288976,-0.012323357534214475,0.0505062771062763,0.003979688217137889,0.050502246530642905,0.9285306180405893,0.06208182868881046
133,400,383,False,True,0.05159306109572619,0.06477923670022687,0.003577828618456938,0.0647722500919675,0.06441985130216202,0.04943878370769102,0.007458756421494565,-0.03473331072534701,0.04416704782352838,-0.00663139907058226,0.04415929036849079,0.7144417008978907,0.06163953896094054
134,400,384,False,True,0.025712487191447534,0.059442213496618754,0.0014126371929813236,0.0594374782353992,0.06900629432605065,0.05585989790365091,0.0030889426542179636,-0.03318625156984704,0.028677575493609594,-0.0153674191175035,0.028672227921355643,0.8912653205900604,0.03814224822852741
135,400,385,False,True,0.009873464886542907,0.0652139053949151,0.0028144436537521824,0.06519800569612634,0.06825156981193863,0.05254547915484267,0.009659222454033266,0.005296635710150368,0.06346151359615299,0.0130418659759592,0.06346122482873781,0.9464259494248937,0.08085262266803012
136,400,386,False,True,0.014082534423716568,0.06877229795715509,0.002549518571568747,0.06877133356352337,0.07639354131977646,0.0552379959261967,0.003359747652105145,0.002242233399212017,0.05835621006879656,0.011560325610246915,0.058345706259318036,0.8882772245247239,0.07699814134177713
137,400,387,False,True,0.02386594811300218,0.057767928930129914,0.002490304164048984,0.057764535332320024,0.06760183269342301,0.05498375117810547,0.0174846586834417,-0.03241334427906119,0.032229843267303056,-0.014857722353779815,0.03222669726449915,0.9627333901997162,0.04006908695059874
138,400,388,False,True,0.027686659263786294,0.05838888480477371,0.003886995751508644,0.05839070441957241,0.06949321010390287,0.05394443785228429,0.006220809578941297,-0.04426026462801508,0.04066133258784575,-0.01699068401609923,0.0406488885049923,0.8876129288469721,0.05257735800874824
139,400,389,False,True,0.012032149730591463,0.053637411545538895,0.0020910691868685624,0.05363555363954202,0.07248140698290383,0.05129145805960608,0.003812700559828957,-0.04314686554456424,0.03348937674996684,-0.02784662047381693,0.033482590534115605,0.8017151572483854,0.04385066093883094
140,400,390,False,True,0.05547032297885612,0.091504592025765,0.011575800452874289,0.09150469769949562,0.07134987832805872,0.05920286723570311,0.015517805640527432,0.005339398986843721,0.0780742759847358,0.026447514793253513,0.07806314215285952,0.9029681617812743,0.10332473640469436
141,400,391,False,True,0.001363825361553102,0.05375367915288981,0.0014218501054900007,0.05375515423672833,0.07530458179958746,0.05494416729235916,0.002710111184302867,-0.04759674528461554,0.019429075213652353,-0.04352325003039278,0.019415822627302647,0.8609748639825642,0.026755921967417218
142,400,392,False,True,0.049617433312360924,0.054769242457519324,0.0026726389691873313,0.05477027890054363,0.0750487719390679,0.05235008453539395,0.004367436336703035,-0.04950953315325601,0.041869101962370085,-0.013407396831373694,0.041856325267039696,0.8491977543236675,0.05195401994957738
143,400,393,False,True,0.010424962584820946,0.061970132536884964,0.0022203240183363785,0.06196645849502048,0.08114010550034127,0.05365743006680545,0.010003239271139146,-0.016751029272809338,0.04221983240612133,-0.011006973906859577,0.042210139652528296,0.7483928403360848,0.062093031054240466
144,400,394,False,True,0.06388416960748212,0.0665906672551241,0.0011178341455656171,0.06658627772251471,0.07298821038150709,0.05360581172336306,0.007540755858331432,-0.01773473264549158,0.04462729299751516,0.014390327288213031,0.04461906187032035,0.66750959378568,0.06357971180859467
145,400,395,False,True,0.0017289468764141672,0.06893671458411013,0.0018015503842968477,0.06893370785507055,0.07691239985295364,0.05563592571852477,0.020545880340940993,0.006485146004253328,0.059746956025699516,0.006796166269701199,0.059741045916582185,0.8919582563486689,0.08124099915889266
146,400,396,False,True,0.017098464229391753,0.07086022231516181,0.011384833919778738,0.0708565203043543,0.06392774151091411,0.05543634159995358,0.01317791739052961,-0.043660992987300765,0.042322702994221334,-0.03465851440005412,0.042317638259278,0.9670920374787587,0.06052795615882367
147,400,397,False,True,0.016053392716654846,0.06569028876289944,0.011340246266297354,0.06568561469445477,0.06879283858084353,0.04695524172102568,0.02758709249111952,-0.017317237753442655,0.06525925189880219,-0.00832116034524258,0.06525162912591469,0.919064483703615,0.08980249098137144
148,400,398,False,True,0.014478672937102198,0.06197219201170084,0.004744362702693038,0.06196457481531561,0.0687322286859656,0.0545553518889881,0.013897756891859547,-0.03822535944675837,0.006984349935884425,-0.033322856417859426,0.006972342200485002,0.7760494590390072,0.020867085390674
149,400,399,False,True,0.0069835060683432594,0.056822122038695216,0.004232674924126201,0.05681819737269531,0.07293030124555469,0.051602611869718124,0.007278187141006111,-0.014346613450249237,0.060507630235446475,-0.0062717810755976025,0.060500841355547195,1.0307472440193108,0.07265011588110082
150,800,350,False,True,0.03794941096908903,0.0708500815564018,0.0018547113177731958,0.07087117814984178,0.07707349834217783,0.057281880904036325,0.005483569365114113,0.0032639080109243368,0.05987361166468851,0.02742706743717167,0.05986262690546092,0.9228196983360365,0.07568184819832224
151,800,351,False,True,0.02439537065632193,0.05937419170585279,0.011472571646000369,0.05937040254255201,0.07373790232451387,0.05763968225454981,0.010453041461076642,-0.016618244003912756,0.029181838654054743,-0.0053192591388262,0.029175851559748764,0.8538058478276948,0.03683296440614092
152,800,352,False,True,0.00882494188746104,0.05272467985832878,0.001969975944934633,0.05272363770991219,0.08154378790141072,0.05466708169386472,0.0026121682167546483,-0.03580985306087603,0.019209186930953307,-0.028381253819336504,0.019207736063452076,0.8279752062783133,0.027157633681158977
153,800,353,False,True,0.007937028179120505,0.06070437726298175,0.0022078039708682664,0.06070046953940052,0.08677504139199069,0.05903271039476731,0.004653410902256667,-0.013374414655444778,0.03443947477586711,-0.005327879917593995,0.034428760586726385,0.8085233385754611,0.045768934434421926
154,800,354,False,True,0.003947166806658334,0.05881269678533653,0.0017087892506499921,0.05881230957164486,0.07688097829159361,0.0547856759047623,0.0041129942531205,-0.011968962869268969,0.040504630844026654,-0.010455618556762167,0.040494994284883956,0.8952571240241511,0.05177828004712903
155,800,355,False,True,0.0037488648961051772,0.06039698529702029,0.0005910534381150341,0.060393475255945094,0.07847084131486746,0.05778717256552003,0.0012229930795204563,-0.022106496763160045,0.0374615956920367,-0.016507371206750363,0.0374548120592987,0.9253321173022699,0.04766688944701497
156,800,356,False,True,0.008995813242757243,0.06084692314422087,0.00233439785230363,0.06084760911650705,0.082050929886834,0.05739773426533401,0.005518721115035469,0.007967152008603777,0.04589410453427199,0.01007074780292688,0.04588187826258214,0.8457653166848061,0.05546818778816731
157,800,357,False,True,0.016708897079198082,0.06924594292163672,0.00272010239618497,0.06928116838511414,0.09100144741283334,0.059246329143466996,0.004475613887049431,-0.0037493751667276166,0.04815659768073594,0.007354817438649597,0.04814237608028329,0.8715821213940147,0.06473730255680238
158,800,358,False,True,0.014203459972972373,0.06474657037172746,0.0014942261155496373,0.06473833221285934,0.07673628674599421,0.05460164696794813,0.002611165236587834,-0.010685513009795455,0.03499804865623588,-0.004207499865802702,0.03499230219619286,0.830059904532537,0.050246953661338634
159,800,359,False,True,0.010008262976217293,0.059905447609656715,0.004675031738847342,0.059906879639345,0.06539137420634601,0.051822935261157534,0.004824591625319024,-0.025946983902741347,0.04365631673090157,-0.015921108626194537,0.04364470432993151,0.8972363867468394,0.05567056044518326
160,800,360,False,True,0.0029202581576277388,0.05711217876787218,0.003285035868057975,0.05711103271234623,0.08808722641304836,0.06202473506432542,0.0027442828492753217,-0.042864902708879146,0.009067161209022246,-0.0384059013828009,0.00906341191282067,0.9322822766103854,0.012983880763865474
161,800,361,False,True,0.026107352906069966,0.06718791394770252,0.001722629590990684,0.06718329361440539,0.07390702575092058,0.05785000678558348,0.002102770205627912,-0.0007055759938872419,0.05518068187029975,0.01706822369879124,0.05517429951358089,0.9337605204091901,0.06979551332594464
162,800,362,False,True,0.004623893766459507,0.05737897065061035,0.0012582190657240474,0.05737942408964877,0.07861781100037421,0.05565420426522726,0.011645524957605253,-0.007402964746616077,0.04357235523035669,-0.0036881161226634184,0.04355917314428865,0.876162064525938,0.05300095289709561
163,800,363,False,True,0.010949274314587601,0.05978488817548348,0.0030322442519840776,0.059785859429319806,0.07915515391142011,0.05266203089135863,0.007258565323798089,-0.012915387102559673,0.05865977908091672,0.001329674880678831,0.05865235116002111,0.9249297350001975,0.07372986945755494
164,800,364,False,True,0.01526985736711708,0.06822850474131284,0.006463240211990058,0.0682254472325744,0.060732434611731154,0.051797238113570454,0.0076129480001944656,-0.014389286443373261,0.05170495626590182,-0.003966836816226394,0.0516978552690513,0.9038201651807156,0.06845540900378466
165,800,365,False,True,0.0126284450682475,0.06100304586218568,0.002041882280355223,0.06097088036898123,0.08129836184628206,0.05448564492922868,0.00432927807426658,-0.009742080598119231,0.054754192863040674,0.0011334044476185258,0.054747363998848685,0.9043062028412905,0.06946522016825202
166,800,366,False,True,0.008809390081514339,0.0631735087383258,0.0029077274838087163,0.06317474916808366,0.07390479601729821,0.05734180474502328,0.003445070033959199,-0.013095148459644901,0.05057336184594512,-0.002397370779518485,0.050564585101031415,1.0038987512274185,0.06366562538515169
167,800,367,False,True,0.012223978565701187,0.06054403653746975,0.0028374302764352897,0.060545153287511456,0.06718335826992311,0.05704292493751339,0.00587492002888281,-0.053602520473489686,0.01462199082519028,-0.04375387861355986,0.014611516091186516,0.8990899050386973,0.021814988119152334
168,800,368,False,True,0.03093988376761696,0.07071281507138576,0.003695237173588452,0.07070457385211394,0.0658814594379256,0.056655905113929,0.004741719390079396,0.01011931856275388,0.06726700612490788,0.02388133570620184,0.06726100685129048,0.9603895165315653,0.08319338279350863
169,800,369,False,True,0.015102477651818803,0.05962160579184671,0.002089768523517911,0.059616364864408376,0.07189281405619764,0.05569360409806224,0.005288252509501174,-0.0030891272681461525,0.041863588142606434,0.005890039942359248,0.04185639871492981,0.9129214312795226,0.049816925010283064
170,800,370,False,True,0.0058103540343766615,0.059905258881868775,0.002518741868444907,0.059907182429269366,0.07277554009688676,0.05707743360109461,0.0028421759468665125,-0.02226364149871869,0.02724591847983028,-0.02082760384445966,0.027233061583674997,0.9432093933859433,0.034036000745815365
171,800,371,False,True,0.021541027876985596,0.06306603633317413,0.0008611790635468134,0.06306526251882681,0.07642881931185598,0.05390964837423378,0.013004637439697412,-0.007272850605231672,0.04404282112505151,0.007878574177103016,0.044031441580142924,0.8164530310668794,0.059474816747836
172,800,372,False,True,0.028291648941568534,0.06569013685948472,0.05779236633479209,0.06569151188276878,0.07407249181375149,0.05783987298552397,0.0015896458167905022,0.001651481117908995,0.05664439570527193,0.06569639785078193,0.05663192388643012,0.9538556609613684,0.0681919820986871
173,800,373,False,True,0.009448339401102452,0.05673959546990611,0.00187766241691879,0.056732111284747117,0.07793295808198425,0.05717608851637787,0.001617724141266624,-0.029471277981597578,0.018551471362605057,-0.02553318768270751,0.0185443479989236,0.8105549063083726,0.025188479519179907
174,800,374,False,True,0.05475553276201968,0.06103618175483447,0.0014501613844690778,0.061034121163665266,0.07569672742835358,0.05684444358633315,0.0038619517085287736,-0.006429452475821731,0.058475510022692634,0.02108365863585525,0.05846405828999515,0.8594790548530971,0.06925680501502418
175,800,375,False,True,0.009957530037400224,0.05688214010791838,0.0036998958574391816,0.0568831043290532,0.06957468689359418,0.056354283518794776,0.0045937450827855,-0.03397433195961571,0.005493318426086731,-0.027366818710101538,0.005480564486202653,0.8422454855875704,0.010790077419367328
176,800,376,False,True,0.005799514954405291,0.05852280090289447,0.0014717658382821784,0.058514827487022726,0.07382070268172214,0.05439183441137099,0.012866810566001525,-0.017484609715942984,0.04248865046652476,-0.01105661240702086,0.04248532301939562,0.8849774110298315,0.05221393034016941
177,800,377,False,True,0.012847177113640673,0.06669297128525184,0.0020619529278916556,0.06668614271672302,0.0709128268202201,0.05707529452542176,0.0055170895253416,0.01776656945334627,0.05546150600063541,0.021422106371191275,0.05545702575336108,0.9475990062292086,0.06759646095757738
178,800,378,False,True,0.020422715007532635,0.07236460453630429,0.053506102217742664,0.07236239860877527,0.07471354174177171,0.054278494229805754,0.00920913998248123,0.00972869159292243,0.06336378946014819,0.08042327715584115,0.06335093940313506,0.8649874290526731,0.08369653139350314
179,800,379,False,True,0.03363917444479428,0.062073828873058415,0.0052930570939866365,0.06206511054070901,0.08865326710666713,0.059252122648248966,0.003387899730410396,0.006999740759517454,0.06319746717001941,0.021197360304813413,0.06319112892195804,0.9511945717345462,0.07309520650011198
180,800,380,False,True,0.015833925800694107,0.065079810129768,0.0025664746422896533,0.06510050889164426,0.07531336003281174,0.054916316911598144,0.002744018258625444,0.013374043613512883,0.056758407566248156,0.019672647663175186,0.05674536059202773,0.8707776439324035,0.07298701225936965
181,800,381,False,True,0.012606562774264815,0.05837504808335394,0.007805228159830525,0.05837394523168981,0.08329864067586282,0.06125240868282201,0.008802410328367715,-0.02476217226992309,0.009308902094919134,-0.020532847050005038,0.009303945618686527,0.8204714101020089,0.012663137557331117
182,800,382,False,True,0.0496113040979804,0.0641810700170506,0.004189672269991005,0.064173654699302,0.06340027406493051,0.05612388455557041,0.007650993328759464,0.0003440203164187794,0.058804458982385274,0.0242808044156497,0.05880096086477003,0.9900197685416886,0.0670600509863662
183,800,383,False,True,0.012921398846614519,0.05875090020723186,0.0014176023368876497,0.058746600918083924,0.0758299450763381,0.053903566794448805,0.0030096102873488064,-0.016477904593403057,0.040870209051935905,-0.007616190940913535,0.04086294857192371,0.9098625063450713,0.05243008060779192
184,800,384,False,True,0.011693800356679964,0.06588611359200902,0.0017669025059778754,0.0658733311877071,0.0779607347236258,0.05627448511213787,0.0026788641330508013,-0.003958684403189214,0.04881666768427437,0.0005404654489000538,0.04880298844499933,0.8645929329285451,0.0641675416387294
185,800,385,False,True,0.035155042121990304,0.06046486041171941,0.001093074539412447,0.06046709779570317,0.07823553222398942,0.05336084377674325,0.0022932315069331068,-0.025275859369337683,0.03883873612956329,-0.004282693900106257,0.03882623983138125,0.8547450417838606,0.051780920087838134
186,800,386,False,True,0.01820752267753626,0.06046252036937126,0.002743942204624089,0.060460490901174356,0.08639932864289103,0.060567348038433576,0.0059842820124214515,-0.03643553390335844,0.019011286902286813,-0.023297624232891306,0.018998140308671623,0.8118290133442175,0.027425795975802914
187,800,387,False,True,0.011932295518771858,0.0606207556609696,0.0015784346345022442,0.060620789724495215,0.07690348470382012,0.05808698580288822,0.015062288454845868,-0.008859029472346297,0.03008530861072984,-0.005963308055678003,0.030071532682798364,0.8626679637329624,0.03774872567609072
188,800,388,False,True,0.014906011015220684,0.05571816345564333,0.0043351806331942185,0.05571640163318402,0.09509535102095923,0.06006489097673576,0.020092317602002023,-0.040300917793037676,0.024911036204763093,-0.03006594126566789,0.02491009156540528,0.8858537318913919,0.03421649908615376
189,800,389,False,True,0.05599614224083029,0.05599262320776515,0.056247914426643196,0.05598288753248998,0.07962078917332219,0.05808362697612532,0.0020166166430395983,0.017220937653703562,0.017222347514662388,0.020726760598486337,0.017220723605597073,0.8357540411836792,0.02253428572950078
190,800,390,False,True,0.048330041433899795,0.08008633938508483,0.006879582918147132,0.08008322172254459,0.07057714727416177,0.05523278661147688,0.007710620243956823,0.00176895416894721,0.06240700843014182,0.02247844679709481,0.06240685181048306,0.9030552483811953,0.0833714938103855
191,800,391,False,True,0.06390196850858737,0.0667766084370136,0.0024940852565027132,0.06676606880201572,0.07210548063742908,0.05821349635421699,0.0037708925422310696,-0.003023237862197561,0.06201179787478623,0.030152528211354758,0.062007661062323936,0.9329571991203371,0.07219643402824033
192,800,392,False,True,0.006352521962375238,0.05748319838609764,0.0022137142466443567,0.05749680588911111,0.08393652807870743,0.05748561194970965,0.0063982617721412656,-0.006966629852233519,0.04806629573658647,0.0032716672123667707,0.048047739947050236,0.9283769444842462,0.05752250716603691
193,800,393,False,True,0.054503459402979564,0.07002499298306794,0.004691498620977508,0.070030502804014,0.0724157897668187,0.05728915159403212,0.006670867408931536,0.009813381417381454,0.06089045728677057,0.03363341004915811,0.060877820631821185,0.9327500328648896,0.07360412219799961
194,800,394,False,True,0.0032406731925782744,0.06996767918202779,0.002547385619958824,0.06995504899313908,0.06892115324635917,0.054163327410644585,0.003138510823502063,0.012239263232149824,0.05380400557783851,0.01279525517430972,0.053799439051382125,0.88285883767689,0.07057928534704466
195,800,395,False,True,0.009856628753068107,0.06331860563338036,0.0026493106446815757,0.0633291106169203,0.08273318913068657,0.05468568385088544,0.0024016455002707784,-0.005091221223815703,0.04845537805979703,-0.0030035443918590234,0.04844192918482591,0.8503321680046969,0.06474218115292074
196,800,396,False,True,0.030275874227777052,0.06745194312596052,0.006778301212845878,0.0674627570953909,0.07697196705336071,0.05513500877441643,0.007005816675750613,-0.009453656438007961,0.06144959425280845,0.004062677553663577,0.06144281330683086,0.8876295588303472,0.07700774249886988
197,800,397,False,True,0.003912429598991873,0.05712501805204569,0.0023854870807823295,0.057128121038366196,0.07724162813263596,0.05801773055692479,0.0032043536497872,-0.014214907504717047,0.026397259424932217,-0.012144976320724843,0.026388367767139584,0.8930153331735298,0.03324540214868871
198,800,398,False,True,0.013832572516382537,0.06354267360132633,0.0010281917947557195,0.0635538737293343,0.07940561038290819,0.05656406815314471,0.003057045566238679,0.0016552144731730744,0.047945520227116206,0.009477232222327053,0.047938469772217475,0.8612039171917371,0.060116751911274524
199,800,399,False,True,0.0055444687300084975,0.05956870543176858,0.0012165541246502633,0.05956857274092733,0.08049923807498828,0.05778293208836967,0.001944857655093639,-0.009963799366532092,0.04262405019386194,-0.00470459607867884,0.04261199679915073,0.9298712342955548,0.05207870541196602
200,1600,350,False,True,0.003011947076179982,0.05630323853681398,0.0009139982677293826,0.056304971758993336,0.07970934403634805,0.057630147482647026,0.0018373351702295425,-0.018968523908474772,0.03188711792022019,-0.015369018358543656,0.03187538044311751,0.9124314670837472,0.036300924042281746
201,1600,351,False,True,0.007355436743928412,0.06549673408754866,0.005182091377595551,0.0654884311567656,0.06820095398940579,0.055315215539382005,0.004006961123149623,-0.006570203558169048,0.04851246138106632,-0.003328672551761075,0.048507022117957065,0.9093651469852749,0.06080643370501759
202,1600,352,False,True,0.008208468380326595,0.060991323919680714,0.0031536593404837875,0.06098606480263886,0.08765175244720914,0.06043480763232447,0.003299770129920709,-0.010541052578065325,0.03404784777907032,-0.0060302668907726885,0.03403695777461394,0.8825398021253466,0.04178221646536301
203,1600,353,False,True,0.01455402089621905,0.0622131924719156,0.0009604026648360454,0.062206198552257376,0.0736472797800438,0.05573333987543038,0.002007782960716204,-0.003048901666479283,0.04878158573820819,0.00443717966548394,0.04877688952125275,0.9144171234273745,0.059279378840573604
204,1600,354,False,True,0.0019443350763939543,0.06543207899746849,0.0013517576042661559,0.06544471336244334,0.07645999297356958,0.05482216546621133,0.0025387095820280847,0.020756921467126866,0.058542363329428186,0.022240173477451372,0.058533074770515656,0.8533252370069434,0.0731237120016755
205,1600,355,False,True,0.012986138828062335,0.060258282396349366,0.0017910495362155352,0.06026583761449686,0.0789997233635002,0.05789868897897509,0.002075285908067637,-0.00892413679296418,0.03886371649767881,-0.0005506240226094461,0.03885190975789229,0.9264419609019494,0.04651589859446181
206,1600,356,False,True,0.031209335640086603,0.06416484198792935,0.0026926788388441686,0.06416270465837269,0.080842458391717,0.0583886889406189,0.0036682578819762176,0.006174125610476064,0.04865431866523274,0.019944576455967127,0.048646550632183504,0.8094379646179667,0.05967161055405151
207,1600,357,False,True,0.0066651874797872546,0.06147173829129007,0.004773217093890449,0.06147853558931914,0.0750021123263329,0.05335895956253278,0.005065240764821216,-0.002291637623111119,0.04488442590923008,-9.662624304349832e-05,0.04487181084865284,0.871080756835942,0.05848068148840724
208,1600,358,False,True,0.005859920500567189,0.06090476051991866,0.0037343611253040205,0.060905017952549774,0.07206675543074345,0.05397575185838439,0.0038197976565770265,-0.009061991027855635,0.056093509979735286,-0.007025432688521329,0.05608227432955545,0.974038040218008,0.06644676825269807
209,1600,359,False,True,0.014692102415220433,0.05980933397299662,0.002533476584684667,0.059808952336695746,0.0765879195110982,0.056233432195834675,0.00516654796633778,-0.0029192270918441555,0.03434843919709756,0.0047129674106034455,0.03433557746673479,0.8377009895086373,0.04351139813075117
210,1600,360,False,True,0.0029050471791673333,0.056769008694250216,0.0016964242874473296,0.056769720526004236,0.07878272056991169,0.05589170187700108,0.012729929612507632,-0.0010276930080825775,0.039937736707797884,0.0006694836204334321,0.03992421777564289,0.8943228474014372,0.046980997496385846
211,1600,361,False,True,0.007910222039668761,0.058106774404617714,0.0010760205405875556,0.05810027780834126,0.07518493193654463,0.054983127049108724,0.012889566678302216,-0.014090791731200081,0.040895247768810775,-0.004036254301546145,0.04088708606936223,0.8973215239861164,0.05038992618301846
212,1600,362,False,True,0.0022626350256874654,0.061081164344337295,0.0018986483628841899,0.0610821016018455,0.07229146671650075,0.0526687209216706,0.0021069457428853724,-0.004349027992660035,0.051291267951944025,-0.0004147654744300322,0.05127874563271384,0.913499959615535,0.06449360942986088
213,1600,363,False,True,0.010403571445979684,0.05890314420828932,0.0012715130859984798,0.05890310353280946,0.07955307967766834,0.056908112597806496,0.0016774269966260032,-0.003517789623733655,0.047903237688047544,0.005187681533717252,0.04789143082009318,0.8608531687525791,0.05578645030103507
214,1600,364,False,True,0.0006874439677324323,0.05898341135821162,0.00026331019867964207,0.05898479569048107,0.07621539266587406,0.05429569309525285,0.002019019506385969,-0.0016841880908136564,0.046191528669298376,-0.0011679921972786113,0.04617827687893438,0.8914511548533972,0.056780567120076286
215,1600,365,False,True,0.004908635953849078,0.05989002085627518,0.0018320270848120588,0.05989060260381441,0.08205803081927318,0.0570307143261949,0.002810824588613908,-0.0032960257671504913,0.0497871544125443,-0.0001144384210592453,0.04977972957982864,0.910265659224588,0.06077277926338881
216,1600,366,False,True,0.00944599263963486,0.06247433217055888,0.0012009872060379653,0.06246658443405504,0.082117815619742,0.05828914379059336,0.003183080988791136,0.0006792788273909362,0.042382582814875745,0.005847572458888851,0.04237392071082198,0.8877327162358872,0.05258476946642787
217,1600,367,False,True,0.0061155690917449055,0.056678205845758924,0.001738512361551004,0.05667182090260045,0.07821951417755704,0.053825765266593724,0.001431641866141585,-0.016773549975542305,0.047000184168573045,-0.009650391405446284,0.04698633670970452,0.9389934155509613,0.05797928794414531
218,1600,368,False,True,0.0012239849184119177,0.06011097779883757,0.001114361071886185,0.06010095277748891,0.07905953831091682,0.0534639290049149,0.001546791866306468,-0.01037021601202652,0.04031300176314673,-0.010262872902784985,0.040307011289995955,0.8666296214870887,0.05371701575645721
219,1600,369,False,True,0.012076299043734166,0.06161704711688047,0.0017293152216609027,0.061617419994830704,0.07264755912245241,0.05705201907294979,0.002428413431599881,-0.01996673729600694,0.03213682485192443,-0.014541534868148727,0.03212424127404148,0.9362568656759731,0.04115526093261351
220,1600,370,False,True,0.006944584670230454,0.06129692066401002,0.0015857919317879036,0.06129489262448879,0.08170329560884118,0.05704865221179583,0.011902176147719636,0.0013303900447041194,0.04551057388111673,0.006070779262218633,0.04549808997421536,0.8751302480115359,0.056144860658292606
221,1600,371,False,True,0.008275626103950225,0.05684985314642275,0.0021919197454948274,0.05684922798822544,0.07786248943865412,0.057783624832681915,0.0017361902968056765,-0.01765881360095878,0.025663623247716105,-0.01416503294980781,0.02565691428775196,0.9047773234634906,0.03132109999720356
222,1600,372,False,True,0.025455987125406542,0.06871166640101366,0.0027879314644990794,0.0687006691140789,0.06934917640901284,0.0560556429744643,0.0025017074687761747,0.010234022853857314,0.05922674782960684,0.017465472547230947,0.059222048298223626,0.9338936465450403,0.0733881869194618
223,1600,373,False,True,0.003407939011094115,0.05910790768200763,0.002736396869265761,0.059100883147875045,0.08179798701231185,0.05498383122307621,0.00321471428251666,-0.009784185307573766,0.05305715396203695,-0.009239972980775583,0.053048310365870606,0.95631921414657,0.06556991964392567
224,1600,374,False,True,0.0029800334637865673,0.05483493370865131,0.002498034798379535,0.05483524593749343,0.07837835770831016,0.056447215052915695,0.0022539156019273443,-0.023943655012270196,0.021525879599347066,-0.021234064521441953,0.02151318603671058,0.8314464725402166,0.026404218553922942
225,1600,375,False,True,0.02438503952256091,0.0699076611465003,0.0018107558526555512,0.06990069823320855,0.07357406609854794,0.05669143175413436,0.0030708188179271474,0.019409532777521436,0.05641924740901068,0.02707019205694602,0.056409127900426556,0.8989530662574322,0.07008897884256177
226,1600,376,False,True,0.002742086578352324,0.058663496875314934,0.0012669981985356186,0.05865882985822238,0.07951202775763075,0.057724104894775946,0.0035128063120684833,-0.004291796467625804,0.03505970413122384,-0.0035197781757574497,0.03505538257904192,0.931956537982503,0.04237296595683854
227,1600,377,False,True,0.0030748993622099364,0.058556934772566384,0.0025531108970814594,0.058554065293073006,0.08253783205523421,0.05836661850801774,0.0038345152560381223,-0.012640558173749122,0.024157347009577494,-0.01154791841338169,0.024145565322973895,0.8269042522747324,0.031091214207227436
228,1600,378,False,True,0.003143153497542644,0.057007728792311946,0.0014180828417586922,0.05700831903880884,0.08180566676003798,0.05751607369864813,0.012813977064239816,-0.024395521584136794,0.022958914972141715,-0.022611175098905173,0.022951359648500896,0.8255861175060207,0.03022478854802335
229,1600,379,False,True,0.005820480790907305,0.05896249004573741,0.0037211950444411054,0.058961070971311064,0.07868611509208087,0.053709556847185036,0.004586382807311972,-0.0036159046861211166,0.058208584541157155,-0.0015583882186334908,0.05819736686178139,0.9367223630803305,0.0703050152496103
230,1600,380,False,True,0.003851241792136316,0.061429659400295725,0.0015712342299027248,0.06142303566270019,0.0833006533664745,0.056714384434707485,0.0019551829816789484,-0.0075033221035001475,0.03676276363391253,-0.004053100544171706,0.03675460971026801,0.8417689269428246,0.049454184427684456
231,1600,381,False,True,0.00278875433428596,0.059353989981085764,0.001605172232849219,0.05935434656549167,0.0735196619385695,0.0555764222814711,0.002070798368100339,-0.005888739302011108,0.044952207008051345,-0.0034620394360402183,0.044939710277091795,0.9339919181110343,0.053489292779565045
232,1600,382,False,True,0.0019269420176496427,0.060841624101028106,0.000581694590607966,0.06083934398874285,0.07970133823240047,0.056927993590835155,0.012811653080208438,0.0026403028725074324,0.049747745287395805,0.0052807356749852786,0.049735179459592875,0.9101035255750333,0.06054850491994995
233,1600,383,False,True,0.009580774021180133,0.06288370324588805,0.0026091201820294947,0.06288532659855611,0.06618211543073757,0.05338769122532148,0.003041559154799661,-0.002447256761583188,0.05311847770434298,0.002836159381197711,0.053108050001739925,0.9573960212871799,0.06462337138173757
234,1600,384,False,True,0.022116581736924844,0.06766728597827412,0.0018057007594990907,0.06766128122904877,0.07398859538658535,0.05607875225559831,0.0023723403208081254,0.009204095838996697,0.06437546914739692,0.018208975630637364,0.06436943504639053,0.922907894537994,0.07913183861274842
235,1600,385,False,True,0.0030919650233216913,0.05693408250373811,0.0013215367187584248,0.056934203182522305,0.07755009084861345,0.05641238926102111,0.0013326452496886547,-0.01747330990726887,0.028153387177613284,-0.015393739421597462,0.02814053123166758,0.8937542565118926,0.0346054036360216
236,1600,386,False,True,0.00033614273088416227,0.0609665333705522,0.0002804631760128391,0.06096003609359888,0.0749279375489027,0.05372326455365485,0.0017778879132826157,0.0028757036158609806,0.04619542628279518,0.003250879585479387,0.046188236811309125,0.8792157971181851,0.059153596862149105
237,1600,387,False,True,0.0022697123524472885,0.05821882066303132,0.0017456855226327286,0.05821456037948933,0.07847014864399257,0.05675273241330095,0.00166147847522523,-0.005424119155967546,0.035882727828226775,-0.0035930560018379645,0.03586932886580854,0.8589566344844224,0.04332653875609843
238,1600,388,False,True,0.019653179626366864,0.06435807805626789,0.0017281627330345164,0.06428845507431655,0.07601130231388031,0.056298706255254155,0.002659378049505019,0.003998579416846608,0.051756411369095756,0.01664107686605179,0.05175051542747049,0.874613751351173,0.06429204357115531
239,1600,389,False,True,0.006215868331772677,0.06127526110627548,0.0019341210933651312,0.06126904658188761,0.0698950552289666,0.054583110755617587,0.0022007311504740794,-0.006971474695753916,0.034343763247152666,-0.0027419532075715013,0.03433713228232548,0.8623155861618753,0.043925877642677635
240,1600,390,False,True,0.001122144438337072,0.06357680517544197,0.0014531703737488543,0.06356858893415362,0.07862838556063659,0.05498353283429713,0.0017910638914385598,0.003110415655981559,0.04980020730038902,0.003657019500623533,0.04979467955704422,0.8816085640188589,0.06421031065467048
241,1600,391,False,True,0.05806161019675222,0.058056165191159546,0.002989299574034397,0.05805726791728154,0.08356448839908764,0.05937361208372651,0.0030952335492461873,0.03796209374841724,0.03796015462911519,0.0007071497404713603,0.03795742472670675,0.8933105109011481,0.044160516778108116
242,1600,392,False,True,0.019735917262004993,0.06594902901305968,0.0029500180022380973,0.06594025350194846,0.0702924578647641,0.05488976282190143,0.002034068870162327,0.01695386111053506,0.05461447129978332,0.023384106078374094,0.054605183739494766,0.8928330353950332,0.06720368461615306
243,1600,393,False,True,0.004021173456631381,0.05980766120643323,0.0029848448976492,0.05981454472494445,0.08386074595725676,0.05854864490479567,0.00387343204498644,0.0036470409140596676,0.039771494245199435,0.005141302788592056,0.03975799897370081,0.8801525211406297,0.0482171163575853
244,1600,394,False,True,0.004731759609362079,0.06285597890994525,0.0010175685929531858,0.0628378809328479,0.07149930081710024,0.054034254992476695,0.0008016564181347492,0.0006026123310569332,0.04783085234726613,0.003357802508116411,0.04782327226497749,0.9099532085222531,0.05907992328838568
245,1600,395,False,True,0.003506708905576354,0.0545312609417644,0.0021262915825418023,0.054525665438801794,0.08385987562131676,0.055616692024133274,0.0021793825374715756,-0.02370900628746724,0.03461411468266796,-0.017924008461949907,0.03460706251516498,0.9085761944627961,0.04206928014735384
246,1600,396,False,True,0.05625328740107983,0.05625690627135176,0.0011463078960438858,0.05625607953760932,0.07356919082099425,0.05345887752352357,0.0007683111941852251,0.037276020669961316,0.03728332069881795,-0.00768135869566245,0.03727072197489683,0.9027912799354897,0.04599881649775456
247,1600,397,False,True,0.006604549538238786,0.05792467931604188,0.006474478680396618,0.057924592659129415,0.0661496435286595,0.050881798443604256,0.006507889691486112,-0.03837292060019339,0.03816347653277795,-0.035163420425370795,0.03815554324247401,0.9313612375609003,0.04987584654235416
248,1600,398,False,True,0.008712499791521501,0.06103048097505758,0.0004587868241918895,0.0610273463869171,0.0719469826126907,0.05388771183478001,0.0012470877511759672,0.004282589949096083,0.05142856206969626,0.009285872565414308,0.051418796876481564,0.9184308032268228,0.06144517890763551
249,1600,399,False,True,0.02180464281328631,0.06407780718872313,0.0013930918230372169,0.06407147348776228,0.07925391512270026,0.05521045903729486,0.013790442963142979,0.0015200501403704208,0.060340956777051605,0.01193427666882248,0.06033235073189367,0.9175336624410504,0.07368399322980695
250,3200,350,False,True,0.0007902965227088724,0.0579160040126266,0.0018429089833389295,0.05791065976269267,0.07910779907964613,0.05667517967483695,0.001336705040099459,0.0018341933698313223,0.04175682897183904,0.0025531408378472297,0.041751504416246026,0.9156101210940563,0.04980752136770639
251,3200,351,False,True,0.000573925666178223,0.0638200054989461,0.00045042207820334535,0.06383774688031676,0.07640116644519518,0.055558165954195264,0.0006027178376817644,0.007274476928239464,0.054350974771397706,0.007508492458964573,0.05433931231963882,0.9189897460442054,0.06664974461963197
252,3200,352,False,True,0.000948922193926542,0.056804061431684316,0.0005431878447267119,0.05679847554774049,0.07917748980652688,0.05587837715116817,0.000960013811326953,-0.00793504871872317,0.04086495512737145,-0.007194921512332313,0.04085749882629529,0.9218567252616466,0.04805219765788715
253,3200,353,False,True,0.007909940356830496,0.06329543630174102,0.05366846669244468,0.06329299291424072,0.07413639212678574,0.05365217944793216,0.002301385078741439,-0.0036890702203053816,0.056849804851694045,0.06853661939755754,0.056838569493449925,0.9454340083143756,0.07102713033843444
254,3200,354,False,True,0.0004769231449743704,0.058679571365318664,0.0012397595517757473,0.05867966735117938,0.07985329557896974,0.05666639210130829,0.0008792820061931759,-0.002842881334655003,0.040926141001936145,-0.0020210589398275856,0.040913344543782273,0.8946958774217398,0.04903974797038363
255,3200,355,False,True,0.0012489169026238993,0.05686008866623695,0.0007528947568268271,0.05685507931037907,0.07580278523055367,0.05366147996269849,0.0007557130128909141,-0.019003354474295648,0.03586154840220033,-0.017405230356720078,0.03585374235272113,0.912364868058573,0.04519314985767753
256,3200,356,False,True,0.0016601808094267353,0.05774122024944826,0.00028939211836971553,0.057737666888247316,0.07291627344314952,0.053879265320190085,0.00108381575381348,-0.006892646331459302,0.04361576028115273,-0.004985877311597648,0.04360352860093222,0.9426012904944485,0.05274034820857976
257,3200,357,False,True,0.00023918430972822224,0.05701500474303723,0.0009046094847004817,0.05702026479245894,0.07370247119712826,0.053767342796884054,0.0007616406127064046,-0.008530524754229947,0.03622243850996881,-0.008083120622864348,0.036210085632598,0.9054165677265774,0.0450032649571801
258,3200,358,False,True,0.002959339116660964,0.05933834647831849,0.0014905271674559547,0.059329713527852074,0.07566372834334632,0.0535230023203016,0.0011609703829287717,-0.008438520652326354,0.046268209706170044,-0.00759211608497063,0.04625738442157129,0.8771141067245908,0.057545849113554426
259,3200,359,False,True,0.004246090687770866,0.06300600095028205,0.0017741960052452676,0.06299836424018095,0.07089936500841025,0.05433987571403083,0.0011829535176017696,0.005831162546661362,0.050044656951045215,0.008628697372925062,0.050039279170787127,0.9168758041683273,0.06165337418854361
260,3200,360,False,True,0.006070146285981185,0.06400738558614141,0.0017965680771268714,0.06400199303420157,0.07258922510217464,0.05534564867768561,0.012914584553815658,0.005591967471872366,0.04882763753300928,0.009022162103798812,0.0488205023704716,0.9341556608920801,0.0599318584052283
261,3200,361,False,True,0.0020936212821851975,0.05690467519795219,0.0020821143397110626,0.056901981451518174,0.08552783904308953,0.05739187094422876,0.0016889890794400501,-0.014426201444471716,0.032869805765597844,-0.012462412029932972,0.03286255945536432,0.8635752688402024,0.04144992563928607
262,3200,362,False,True,0.0048156274346030335,0.0631077294866622,0.0027688460775399147,0.06310227556987436,0.07219976882694343,0.052819598967715126,0.0024336794908817283,-0.003370543174957591,0.05322269781922501,-0.001229070592273312,0.053216706078472814,0.9066913035784434,0.06794457563296974
263,3200,363,False,True,0.0009608778908496347,0.05750441928631817,0.0002839552939125585,0.05747957718662858,0.07609408233709468,0.0534477908523009,0.0005995670404848318,-0.009790594956466591,0.041594584590174864,-0.009373591269306878,0.041585928482479634,0.9036112349708582,0.052026115296051834
264,3200,364,False,True,0.002411486545603705,0.05870207715674922,0.0018437763296463056,0.058705917798152124,0.08084617966899056,0.0576982233775555,0.0013413462479984818,-0.000860930038681138,0.04228671426269628,0.0021968582086111473,0.04227182570110649,0.9234859592394338,0.05049846094140037
265,3200,365,False,True,0.0013457324363880404,0.05667958946787633,0.0011647701552435954,0.05668036540636722,0.07003487490320663,0.054742562173598276,0.012362109533627022,-0.03036819014147908,0.022724162351845507,-0.02969090022254985,0.022712244633920308,0.8881575956091521,0.029508241499170473
266,3200,366,False,True,0.00183272751232121,0.05823052852510781,0.0012549999689300362,,,0.057243185153591856,0.0007599188532722392,-0.013098178145271557,0.03546512754319536,-0.010902797338609915,,,0.04309485079373765
267,3200,367,False,True,0.005959040591456656,0.05956745470268623,0.00030526077545792803,0.05956251875677636,0.07446360720290855,0.05505241257360557,0.0005639957299041638,-0.00041605467219453464,0.046674497357495355,0.0031536240143083907,0.04666486240515539,0.9404460467216859,0.05571064032287715
268,3200,368,False,True,0.012318910727903998,0.06707904049205746,0.0005657596662009481,0.06709387667080713,0.08135336626119093,0.058236750917007855,0.001463688856897348,0.014475564191325353,0.053367412466640264,0.01866372670462932,0.053359644231901204,0.8804716718755707,0.06741135161428197
269,3200,369,False,True,0.0007332152771041792,0.05894942025803093,0.001391931321025918,0.058948106409566166,0.07922371269055006,0.056980178918488694,0.001347959600267266,-0.0007497596638356091,0.04206661295324821,0.0005071121375491217,0.04205411355846735,0.919484803401505,0.04985032346681806
270,3200,370,False,True,0.006209823508100501,0.06100378942081988,0.00020654244234944358,0.060996692507431775,0.0735129892232716,0.05384758238604134,0.0010802994876591128,0.008628135171166326,0.04930777870656172,0.010792455100047895,0.04930225082894502,0.9098234510526041,0.061074814360035534
271,3200,371,False,True,0.01557815936517334,0.06678858486947797,0.0013908288761283005,0.06679408224415125,0.07225184852656268,0.053544301945895593,0.0029084102669995754,0.0009679745519220412,0.05334600173497478,0.008345166727940166,0.05333275243813404,0.872920087648491,0.06831481982084714
272,3200,372,False,True,0.0006148420227791627,0.06100102507581332,0.0003908831931971811,0.06100254919456586,0.07228380282638237,0.054176452108814874,0.001617598995735381,-0.003499938051064806,0.04575846521059553,-0.0033078559148284102,0.04574710912497828,0.9048685760359851,0.0570145670766975
273,3200,373,False,True,0.0019158478886311975,0.05671406554033637,0.001342048117023702,0.05671436350414529,0.07879323404515313,0.05646721232425038,0.0007758499511113284,-0.008253536725527026,0.039922421864755225,-0.004680714578960967,0.039909276179268004,0.9298937481422282,0.04600016527426376
274,3200,374,False,True,0.0014203116420201832,0.060036861539350624,0.0013605024916261636,0.06002831648205989,0.08039848541538767,0.055486807458066535,0.0007442968303297272,-0.0030763528096745397,0.045313705769204946,-0.0006629810589779262,0.04530812408192439,0.8946458232688941,0.05628992571476876
275,3200,375,False,True,0.0027850605144296124,0.05983657309252462,0.0004513418894543296,0.059837389159134766,0.07188240976508536,0.05468062122090791,0.0013211634917486875,-0.005988915280033433,0.04313746486145924,-0.004876412517898297,0.043125234278557016,0.9348000775162687,0.051522762965357016
276,3200,376,False,True,0.00589705535212417,0.06028043028684629,0.0011212804494386344,0.060272123889127845,0.07636614726972075,0.054807666115259696,0.0010823768710761627,-0.0025171866404417598,0.04608918759338266,0.001730750669570334,0.04608367194758046,0.8813814156166799,0.056873730047647175
277,3200,377,False,True,0.007244448137911591,0.06141951812816224,0.0012024813201436091,0.06140911906876845,0.0768635763722679,0.0554034037897733,0.0012526341809324783,0.00576909365841332,0.04834365947101752,0.009745776519115307,0.04833521097526479,0.8949440447087565,0.06009746982023101
278,3200,378,False,True,0.0021870416356769566,0.05730347033589519,0.0017348672911971508,0.057298384748731584,0.07041153501483008,0.055153506895431456,0.0013137252619572029,-0.018850385996268537,0.02640054145505104,-0.017290394418927005,0.02639318065964929,0.8942324030876762,0.03341396708257838
279,3200,379,False,True,0.001994485271661216,0.05752736738950098,0.0014895465401840583,,,0.054481698945192454,0.023171190989783267,-0.013236388125095661,0.045257093565057575,-0.0126065679793025,,,0.05453329168425064
280,3200,380,False,True,0.008166985176803905,0.06355773380767513,0.0014361435923614177,0.06352952980682253,0.07951606557947394,0.05571644171379592,0.0010139419234485973,0.005317832793021096,0.05229235967443316,0.01066073767816147,0.05228528226913774,0.9158409494537422,0.06525874573169682
281,3200,381,False,True,0.0001951140547350723,0.05930230137206971,0.0005373464211690937,0.059305248653436705,0.07615782144221886,0.05521046958026636,0.0007167630043568273,-0.0019412465770638088,0.04283577566785859,-0.0017855118029013251,0.04282238157480798,0.8910668300979643,0.05273798021955073
282,3200,382,False,True,0.00033328631123050244,0.05978335792897047,0.00045484341216170496,,,0.05527319600459688,0.0007172739303391986,0.001828930157644128,0.04824637713992466,0.002044466718341335,,,0.05958596421418333
283,3200,383,False,True,0.0004770041218885071,0.06093637306310495,0.0001838656620597956,0.06093390743966246,0.07595970971364616,0.05567083185989359,0.0006936799029355447,0.00024401768466466412,0.04799299141478166,0.0007068883302208153,0.04798696534644414,0.938133038661862,0.058511093498001265
284,3200,384,False,True,0.0013429352663658885,0.06298327601307586,0.001975808256265032,0.06297824836462898,0.07385305761045875,0.0534255360055001,0.0014188139582679443,-0.00453760745712814,0.04897624329863689,-0.0022961661429752203,0.04896863749025016,0.9352764289538561,0.06299570595685439
285,3200,385,False,True,0.0021346291174997594,0.061499083674256105,0.00055914872463006,0.061463857777435044,0.07286010668851618,0.05406754295263171,0.0007558019434877146,-1.358675132241749e-05,0.04696975180103969,0.0018426924047381611,0.04695904141671129,0.9216926042721956,0.05826619460671406
286,3200,386,False,True,0.012456487532560415,0.06952461511247014,0.00201088263599578,0.06951297569582864,0.07909102470344137,0.05563382824951901,0.0018951175062287453,0.01359240327491026,0.06100072505822474,0.01977577476373334,0.06099410184493848,0.9214752885458904,0.07775247415892139
287,3200,387,False,True,0.0001723028033074339,0.05803401340589331,0.0013851443490058763,0.0580329911514387,0.07560500956227234,0.05557263882694599,0.0003066160458851967,-0.009266564641920792,0.03953042252127524,-0.008235342512527964,0.03951946737024059,0.9245464246830205,0.04732009584771496
288,3200,388,False,True,0.014459224808278588,0.06266226057947039,0.0008133078899104685,0.06265509819970042,0.07992403386904538,0.05608708161672687,0.0012117095005054444,0.005045280442560175,0.05563812216588382,0.010943733035776192,0.055630167421755486,0.9288937567627383,0.06780954520100774
289,3200,389,False,True,0.0014713669186770966,0.06426450735073923,0.0009564701488960248,0.06426653122452526,0.07555452933283721,0.05501324525312376,0.0012527890792809367,0.0017730360452307232,0.044827835630594774,0.0018391331354868402,0.04481735359609246,0.9181108429208078,0.05783975400441649
290,3200,390,False,True,0.003425654876740743,0.0629062340622772,0.0013923761942934807,0.06289857606689427,0.0711864558064541,0.054197542458665836,0.0014805471472211882,0.00516067968488095,0.051387678625884024,0.006137942955279522,0.05138163969487358,0.9300885709981731,0.061714875256507484
291,3200,391,False,True,0.009571577579906884,0.0633059006498715,0.05451338464867494,0.06330334873521064,0.07935981113070058,0.05615682734328486,0.0011908787205431892,0.0013793857598512265,0.05309782514204628,0.063377699817038,0.05308577789543051,0.9068552278372044,0.06540750698138637
292,3200,392,False,True,0.0003164603542831661,0.06152478302888887,0.0003925752716178683,0.06152003591451861,0.07713038542065799,0.05583688850999166,0.0008523294685870385,0.0010385172093051742,0.0462282324836383,0.001183620036668016,0.04621558364968749,0.9274769611007337,0.056784509743195766
293,3200,393,False,True,0.00017762539248522533,0.061699469951847025,0.0012340063525435872,0.06167643221686765,0.07722375216518329,0.055643988540252536,0.0007325796668663292,-0.00040018729997443714,0.041848469614678196,0.0008636410752329743,0.041843028749608206,0.8571672747012097,0.052692901837041395
294,3200,394,False,True,0.006374522495920799,0.0655358541852643,0.0008496801726252629,0.06556540698738622,0.08335692529982104,0.05716604959094387,0.0013552298880288509,0.008501025165083697,0.051301108474843746,0.010207044302223231,0.0512929579244932,0.8587208864151035,0.06618431039308192
295,3200,395,False,True,0.00032729169605190677,0.05780828235367791,0.0003036572158120871,0.0578098422505948,0.07979299424282918,0.0570635662527936,0.000644343491126048,-0.009677704666319153,0.03911823866931229,-0.009641210940955904,0.03910561297019008,0.9389524254637734,0.04688454928049024
296,3200,396,False,True,0.01037082753591511,0.061374838878970196,0.0005082039202154676,0.06136608852877294,0.0783310278444513,0.05591619628200492,0.001059813414031227,-0.00667108684909586,0.041026952130484844,-0.002740267645790996,0.041014938878339534,0.9085779430476739,0.051975017757327324
297,3200,397,False,True,0.0010071986696000648,0.05840937859057821,0.0010268867994510287,0.05840674853923415,0.07842333990583299,0.056401884942021245,0.001109338714404433,-0.00029795676547947906,0.043000801201610483,-6.0280917342731e-06,0.04299016462634512,0.9206235076413753,0.05065410991172958
298,3200,398,False,True,0.013811896697741839,0.06660124656980428,0.0007890101599219877,0.06659192854256708,0.0756746032121332,0.0557364132685311,0.0009903917970989615,0.013612231191366396,0.05953281005360481,0.019486740371150373,0.05952831491694553,0.9204369192853702,0.0736769874804235
299,3200,399,False,True,0.005817836539417377,0.06123864022179906,0.0009675466154975609,0.06124373321418913,0.07781779972012665,0.056091618541365816,0.0016796222993806231,0.008347971433247456,0.04768837685642367,0.011292962203196701,0.0476763717679885,0.8918012555673038,0.05716213065511494
300,6400,350,False,True,0.0007371354249009911,0.06069027683280476,0.0001499984426537585,0.060690899068368484,0.0777828218401263,0.05632088028142043,0.0003953152602933261,1.1602812528410389e-05,0.04477993233358802,0.0008064478928247805,0.04476820539277689,0.9232327218469273,0.055150082546878365
301,6400,351,False,True,0.0003394379251266078,0.05720310008355506,0.0005737797620252276,0.057198915676242856,0.0761323541169976,0.055121349603766356,0.0006522681086915888,-0.002315112636167154,0.04480645579287554,-0.0016560638267494338,0.04479827381741387,0.9453656489393683,0.05211296643608737
302,6400,352,False,True,0.00022714631141918412,0.05538067073047536,0.0003760328201169978,0.05537938206994635,0.07863392713172573,0.055892843820965446,0.0005330385296872277,-0.00747623487075601,0.04066404756583616,-0.0073930345455837185,0.04065504627893695,0.9282514924817703,0.0469975172838169
303,6400,353,False,True,0.0004810459064455108,0.056278849654086256,0.0006663553106579846,0.056279897574335956,0.07718767215794298,0.05577913599718382,0.0006014258150977708,-0.014215913614280734,0.031062416281024526,-0.013845320554792675,0.03105041648535554,0.9185419007013546,0.037614212782467404
304,6400,354,False,True,0.0004953141246510201,0.05980827327603315,0.00039959947379317407,0.0598011662428675,0.07474408639406016,0.054102194333839816,0.011963110328464121,-0.0004934646621674055,0.051568557198394274,-0.0002701807817304036,0.05156174543295599,0.9466336486150465,0.062322266526283754
305,6400,355,False,True,0.0014180921463938416,0.059136401941260436,0.0011745542661292351,0.059117199723808654,0.07676959107481532,0.05550972465951826,0.0008008584331777471,-0.007097082837958937,0.03686201477627016,-0.005638133015530066,0.03685598235820265,0.8961058744324484,0.04559365091764506
306,6400,356,False,True,0.000193350003065722,0.059330892800179606,0.0012262753852293198,0.05934798096667675,0.07659002297581513,0.05596280119406888,0.0005718564366482698,0.0009303875796352779,0.04533710669536085,0.002542116241974881,0.04532526306293661,0.9468595501444266,0.053548855579256927
307,6400,357,False,True,0.0014614713864973645,0.05950658823855916,0.054060873251550866,0.05950286311850347,0.0766343539826349,0.05570146109278037,0.0007524247926247698,0.0034242450140174207,0.04357712178014509,0.05093071572409597,0.043570760680216265,0.9124877416279931,0.0522104716047046
308,6400,358,False,True,0.00048647664353017935,0.060828748599705246,0.05566850576579196,,,0.05666359495771439,0.0008356190643389579,0.0059171203428336925,0.04474152401723757,0.05198354139124747,,,0.05318378451502248
309,6400,359,False,True,0.0028871769059637,0.05842985704325913,0.0013040061231724828,0.05843026667209395,0.07961524822087022,0.055915715474872105,0.0005985193568747616,-0.0030163347460649016,0.043830671598458014,-0.00019985803644718693,0.04381811429089268,0.9007597330988584,0.05255523785808136
310,6400,360,False,True,0.006654068878654967,0.062639224993438,0.0007547390521776688,0.06263288393528643,0.0764252849858437,0.05521870253355053,0.0010689311448377977,0.007515688249885155,0.05453512421732157,0.009390158616343966,0.05452835522339143,0.9238764978762825,0.06594744552065507
311,6400,361,False,True,0.0013054110177740785,0.06087983808104688,0.001679485052568242,0.06087159679512237,0.08463802445260792,0.05845736028382396,0.0012958399639056266,-0.0019201392304253413,0.040329619730854915,-0.0013992708547722393,0.04032472733973435,0.8710531072523375,0.04977500522399941
312,6400,362,False,True,0.0002907231817169434,0.05904503659060509,0.0012008101612293984,0.05904584069517536,0.076331569016987,0.05548675521419587,0.000547490096585592,0.00039298175369180567,0.043502965295546474,0.0012606471605445036,0.04349078795914323,0.9229599331658364,0.05212761170948382
313,6400,363,False,True,0.0004591352263644497,0.05750342683348232,0.00019533704678685468,0.05750044696418828,0.07613956328561977,0.055449432718057266,0.011317388706836464,-0.008014492181656037,0.03975259925317261,-0.007584493894014765,0.03974061152963088,0.9492846903024476,0.04709232635881189
314,6400,364,False,True,0.002906217685031088,0.06060136685553671,0.00111304953312746,0.060595424095691935,0.07607447221765391,0.05549312307358435,0.0007114871335218478,0.005358462884816237,0.051601132534190484,0.008952746049777017,0.05159405342968896,0.9335996374819255,0.06201013395554372
315,6400,365,False,True,0.00027768261358176424,0.05865562659249702,0.001184499690716013,0.058647492389574146,0.0760569895065818,0.05574853198460646,0.000701321972991729,-0.003446318853640135,0.040595689207483264,-0.002650081174519134,0.04059114904341634,0.8926177760624033,0.048718048717960094
316,6400,366,False,True,0.00014802937953976427,0.06033868279145407,0.00021482215632769746,0.060338918657435084,0.07516557106957716,0.054401619100798604,0.000401651898022461,0.003022269935756621,0.04971438542891121,0.0032292633314771656,0.04970137493484273,0.9247972099671887,0.0602423264524557
317,6400,367,False,True,0.000445360995535615,0.06192891476972401,0.0014486716607921635,0.06191820646296238,0.07319147281615511,0.05448031826859685,0.0009390088663574992,0.007367062937306879,0.05133725469903411,0.007898858332292613,0.05133226930778904,0.9369836574480034,0.062006671607581165
318,6400,368,False,True,0.0007468809972060442,0.0582210704481596,0.0005275021829761097,0.05822156602229952,0.08099961081472967,0.05732600083903099,0.0006396235010425906,-0.008131524685891005,0.04096808398522654,-0.008024767459582033,0.040959632383200884,0.9334402517302073,0.048139154677874996
319,6400,369,False,True,0.008315598883872148,0.062227538790931076,0.0011758240679748608,0.062224339841441614,0.07780871203323252,0.05588092422319804,0.012089002252694889,0.009573147118139948,0.05395833548280557,0.014384929822757608,0.05394785333527338,0.9343898977929217,0.06506688689673151
320,6400,370,False,True,0.00028292976106586014,0.059566016806219195,0.0014003840030852466,0.05956407916052504,0.0767058047665359,0.05394567191184157,0.011784546380223599,-0.0026508545011289996,0.04812068130561684,-0.0011737965375259053,0.048108453760346136,0.9270986805690501,0.05975807791386051
321,6400,371,False,True,0.003314260000068094,0.061834216787343514,0.0012643217208124376,,,0.05480223167760689,0.0011711797692052625,-0.002282229497300729,0.04645968539761249,0.0004996793023376345,,,0.058197851781931265
322,6400,372,False,True,0.00044678886999042746,0.05984372406323485,0.00048574815200144803,0.0598206685872378,0.07825913053627127,0.055706839729686396,0.0008058550515854985,-0.00031647358014456976,0.04946967076045887,-0.0006122761758501073,0.04946389387519027,0.9305191418624458,0.05922066926881897
323,6400,373,False,True,0.0008158751858268681,0.05953544558401881,0.001252596151951129,0.059535854216746495,0.07432980932676242,0.05428839665457162,0.0009213941813871571,-0.00475481475736335,0.04430020581179235,-0.003297087900765454,0.04428708111694668,0.9205675667420788,0.05428785730495217
324,6400,374,False,True,0.0006750018119755712,0.05826582810124104,0.0018471824409276752,0.05826489665161788,0.08325578957244083,0.05751855232359415,0.0013699757949441607,-0.00901976763983412,0.035291044111061966,-0.00777142539788692,0.035278274442192344,0.8783427440203443,0.043298318673508474
325,6400,375,False,True,0.0005983777941951692,0.05935886522487052,0.0011882454396486399,,,0.053917457618842014,0.0007786977031982792,-0.0009103314541709076,0.04327386466299998,0.00034376040311665554,,,0.052950427566738234
326,6400,376,False,True,0.015068520617782443,0.06566214022119465,0.002256543986360254,0.06565230625277772,0.07880663532896003,0.05610863837983609,0.0011817487178655017,0.01563794292598569,0.061765056152651855,0.021827051208464746,0.06175921179193296,0.9266628535518692,0.07609476525127418
327,6400,377,False,True,0.0005619341952057858,0.057374111874315,0.054553190085361074,0.05737132739906344,0.07544245400498491,0.05555566606968821,0.011750742460298327,-0.017219578637403896,0.03259797960643738,0.038848963718787835,0.03258478017899428,0.9248974380000685,0.04009380143507507
328,6400,378,False,True,0.0006201404877913961,0.06356993616577009,0.0007912217442238698,0.06353755703133307,0.07261222322293474,0.05461460115256491,0.0010502158767502284,0.010845201131129812,0.052574208443772794,0.010994245384276291,0.052567911354248764,0.9262196145291781,0.06510130828805621
329,6400,379,False,True,0.0022864367251773277,0.06049364434019026,0.0002645685960056914,0.06049272331835733,0.07742168656147624,0.054908666781893,0.0008139019620073731,0.0008692577109478539,0.045530548837654054,0.001410323797414756,0.04551849511976919,0.8834564337918053,0.056429210855517276
330,6400,380,False,True,0.0002384424231299659,0.05899545004853942,0.001224294531360079,0.05899019178599892,0.07774535527796969,0.05597447311438602,0.011693099027774118,0.0037938876430989145,0.046920796898707665,0.004545762860138851,0.04691318036452692,0.9324388043568572,0.05557229598824248
331,6400,381,False,True,0.020071056616939503,0.0695710196879693,0.0017513709381626402,0.06956714674081362,0.0810418609261416,0.05705893267432867,0.0018359331015496308,0.018491113372912215,0.06661578869680575,0.024610922983684783,0.06660544568521011,0.9374895879549294,0.08178392562644698
332,6400,382,False,True,0.000365017555071722,0.06423117057525418,0.0014675524119765403,,,0.05441562215104966,0.0009412023261775992,0.000555676035558964,0.04737272153826872,0.0020326436739756194,,,0.0608288158640079
333,6400,383,False,True,0.003257482839528805,0.06059933561987735,0.0007758291459655455,0.06059506540445772,0.07542772602094427,0.05528699069992005,0.0009019450979073325,-0.009491268900153822,0.043031743681168425,-0.008588840638585525,0.043026074760097684,0.896393334842369,0.053176093554292925
334,6400,384,False,True,0.0006520463131249063,0.061600330686330924,0.0009874067174902351,0.0616005462971458,0.074644959379091,0.05616680683803857,0.0009316690647487057,-0.004884098476088752,0.043099805585852524,-0.004260542773142423,0.043088037124265316,0.9280250565845387,0.05272038757793285
335,6400,385,False,True,0.0004990447068399983,0.05994533371454008,0.00031331494630204625,0.059928118900373424,0.07649644210919235,0.05459800391934952,0.0006195765612768868,-0.0056312339093236245,0.043967335640056504,-0.005193395570653208,0.04395555341123803,0.8777365599712813,0.05512650638245864
336,6400,386,False,True,0.00021460065806012913,0.058731395373050825,0.00029904845068336064,0.0587316805038173,0.07371521407720552,0.053434127501545844,0.0006697148402232252,-0.0015519103980435873,0.04772207789804839,-0.0010614335591121616,0.047709894291138116,0.9274562848874089,0.058433795152192713
337,6400,387,False,True,0.002864567630509155,0.06018260208610302,0.0006793419517737441,0.060178843912632916,0.07209814316938273,0.05429010561508398,0.0011456509101270321,0.0003761006168525599,0.04145561695731999,0.0010115424901277876,0.04144413289676741,0.9077685305326003,0.05098073141870352
338,6400,388,False,True,0.0044268748865109436,0.0638178377753791,0.0005283508913063034,0.06381138753603194,0.07919145325722364,0.05645302184356235,0.0008773559878567946,0.008545510692766118,0.04917661187803873,0.009846578272572792,0.04917081531487071,0.9069680006373413,0.06136070316999376
339,6400,389,False,True,0.00046851828856172043,0.0574310893438287,0.0014092532970036266,0.057426077658689526,0.07347215034767213,0.05360207466046888,0.00074385707680814,-0.008716772510963693,0.043304660694009275,-0.007453064392171693,0.04330121656013816,0.931897755751408,0.052659869715930896
340,6400,390,False,True,0.0002462575519037517,0.0603194516139864,0.0011093030580060417,0.060318154935556895,0.07608284652458089,0.05475787401011606,0.0005072801916679156,0.003983476739961153,0.0494698704841111,0.005159343297239205,0.04945892479058721,0.933998763655217,0.060250958667657506
341,6400,391,False,True,0.0012724486791890182,0.05856233990159707,0.0011423501810151517,0.05855897556770615,0.07683756324221012,0.05438923868348751,0.0005043865528789224,-0.004621315882484284,0.04278540345694282,-0.002528559495998553,0.04277346015232695,0.9061804964251273,0.05279765113205659
342,6400,392,False,True,0.0004957947009482414,0.05721233313642319,0.0003037296601413134,0.05721154838526096,0.078300983305068,0.05579996620095873,0.011666094486967836,-0.009182945121371551,0.036799680665564195,-0.009082790557758052,0.03679367920676512,0.9201160766683901,0.04488393416972386
343,6400,393,False,True,0.0008216859221104971,0.05878710068158515,0.0014119907306608167,0.058776462730207785,0.07810885809446222,0.056576050031681514,0.0008364968095768704,-0.0032941177706877103,0.040761594912466,-0.0010903777750696747,0.040756136022295664,0.9003689765003129,0.048534574081555426
344,6400,394,False,True,0.0007018534438983566,0.05797152447991329,0.000775026365696263,0.05796979437824496,0.07496719709543095,0.05357543847888617,0.0012376640045677783,-0.00636309175796836,0.047242432184518963,-0.00555070643245445,0.04723029200360308,0.9364973174887419,0.057178700900132884
345,6400,395,False,True,0.0010712199224815467,0.05644494139678054,0.0013739192334430719,0.0564438510997815,0.07442830822714432,0.05573758889238192,0.012270897071271993,-0.013916190249843625,0.03399279317387695,-0.012028296076929342,0.03398280262761127,0.9517709130364403,0.03999249378861791
346,6400,396,False,True,0.0004380105931238468,0.059371221605728,0.00033674475441162566,0.05934985238506568,0.08085283703296323,0.056315572209613834,0.011798167696866011,-0.0019235431860897421,0.047213089045556704,-0.0014899935255745698,0.04720658777598047,0.9233408775347647,0.057535341190203426
347,6400,397,False,True,0.0010986791742405749,0.06030396687735309,0.0011765581831740526,0.06030256225210854,0.07478524094602884,0.0549626361962427,0.001130475651448241,-0.003947480790208359,0.04644659367066211,-0.00046682638780066565,0.04644027766346426,0.9261599079997659,0.05657072046680528
348,6400,398,False,True,0.010014056740944497,0.06599923656641098,0.0016120326828290455,0.06597567762385381,0.07637266067411219,0.0553228990810038,0.012184826913967484,0.010533226991782852,0.05597144378886277,0.014711166833176992,0.05596443436715177,0.9130116512836896,0.07017139219405316
349,6400,399,False,True,0.0004679915387781066,0.05829935702850864,0.001142414139505207,0.058326194084611496,0.0751626189264711,0.054809291119917516,0.0005577589893750632,-0.00850470412850268,0.04024448940845453,-0.007158522444072815,0.04023115690203156,0.9125851978778143,0.04869568478610875
