,n,m,use_location,use_scale,MSE_wellspec,MSE_misspec,MSE_surels,MSE_NPMLEinit,MSE_NPMLE,MSE_thetaG,MSE_EBCF,SURE_wellspec,SURE_misspec,SURE_surels,SURE_NPMLEinit,SURE_NPMLE,SURE_thetaG
0,100,100,False,True,0.2486107295788444,0.0642091032160904,0.02709674026630349,0.06438014097433452,0.07854911569306816,0.0661106702372039,0.06285126397575953,-0.12492953165561588,0.11610896898709036,0.04010123761201831,0.11598408354521816,0.7326049522002904,0.13163006029197755
1,100,101,False,True,0.042837676834495894,0.09092815076894017,0.0032090088460394735,0.08802265791540435,0.08065536800713538,0.061576773566881605,0.013710665482220807,-0.05040155193193962,0.03240126056152356,-0.00798504280288145,0.0314793067771106,0.7270625779094024,0.05392296108386496
2,100,102,False,True,0.078549953643681,0.04469226527926778,0.004962696950531429,0.0446925248666552,0.07114899253182652,0.04773298021705288,0.01585380774145928,-0.17994147399141716,-0.025987364899076368,-0.10822115967223209,-0.025999495440323556,0.5836792411141913,-0.011261023226194267
3,100,103,False,True,0.041694398115543076,0.05756229096739239,0.006181049738045836,0.06518488577813135,0.09580072116364793,0.06147539107431963,0.03970252111229193,-0.07748745717078363,0.009567086333015524,-0.0344512260921706,0.0103882985929787,0.5892004796361409,0.021010424063131472
4,100,104,False,True,0.2204089257715608,0.09919661116846447,0.08688833167809017,0.09919351939914751,0.10592570058700866,0.0977348261903336,0.12731650646208365,0.0003441136916412502,0.1712521283196356,0.09744504450737891,0.17124589807540283,0.642591118069594,0.19174957254109476
5,100,105,False,True,0.05323687768931642,0.07749814092036021,0.0012879493915777481,0.07752844380323853,0.08185525637289541,0.06294847249865579,0.011531887839524775,-0.16918650239994093,-0.0678367155296052,-0.11312842999272232,-0.06784688828758967,0.6415240250429021,-0.04506767174939874
6,100,106,False,True,0.1677812141697329,0.06424115729627367,0.013094435385386419,0.06425371438699472,0.09218905382961314,0.06587158855026537,0.051480419849553025,-0.06855231978792203,0.07219677915890892,0.05027440887437486,0.07217056564974059,0.7756993485488075,0.08870102596525353
7,100,107,False,True,0.067277836560131,0.055724844504967515,0.016530317179771385,0.05572197450259344,0.08640337362483219,0.057575828430652926,0.043083761090851394,-0.12572853526203673,0.019191376581838428,-0.08301967448204976,0.019211531738093156,0.5344925442250726,0.033654082037624766
8,100,108,False,True,0.05885775474552791,0.0693227384984914,0.008984372519965183,0.06931791750021447,0.08154426280866976,0.06932604039733933,0.031152959948675667,-0.12695838535820136,-0.04487030408238539,-0.07472168086634373,-0.04487128065514717,0.4552658983328871,-0.03401573309514333
9,100,109,False,True,0.07610337426887473,0.058441176068542024,0.01210188310358385,0.05844270573907702,0.07688946489482977,0.058580444483650816,0.024598972016018326,-0.03999372801572573,0.027176787546511177,0.01403603821472831,0.02717346658290204,0.431242074283084,0.04084421471187899
10,100,110,False,True,0.009676504943450683,0.07932912884268842,0.005291070947345854,0.13888531060112913,0.1390034238595458,0.07933442089083449,0.010130227210815147,-0.1050992785930093,-0.03389234002166234,-0.09921286825797408,-0.0767358434320775,0.7834368927647054,-0.02327226454819381
11,100,111,False,True,0.08605157349988875,0.05664673029138502,0.03215925292716507,0.05664691865900485,0.07959607885067853,0.05728813641229094,0.050190445014979435,-0.08161302231654137,0.05716276067355921,-0.030829752124608457,0.057168066794204296,0.5637804727247537,0.0720198392293544
12,100,112,False,True,0.17621852866678406,0.07508293795683099,0.027339817459318363,0.07508029623834847,0.12270725120236042,0.08102029188645496,0.06869093039678863,-0.12692518435900196,0.026248170503675467,-0.003964233230053083,0.02624658973556329,0.13613078219947922,0.03851607434636206
13,100,113,False,True,0.06068960754717476,0.06069823151139822,0.05979686390468428,0.060695616163467615,0.06008302014502877,0.05906651821035692,0.025612935659096846,-0.01427092688221275,-0.014269344366962713,-0.12149217028504002,-0.014276538381266803,0.2790106406529979,-0.002928448376190329
14,100,114,False,True,0.11640070288585772,0.10327559998636357,0.005170256122517535,0.10325908609260344,0.06728794899958015,0.05405979460186628,0.041986448000243606,-0.04863014468075649,0.06767905977588377,0.029320626128039207,0.0676921426875093,0.4896979234909918,0.10035360773919572
15,100,115,False,True,0.024694583317491383,0.11522313600106102,0.01766154946795867,0.11527786672312727,0.10062095227189553,0.05160911899652251,0.02564072558419539,-0.033635055957798025,0.032019521886257396,-0.02759045147913014,0.031991118520117254,0.9065836648249703,0.08006868646398552
16,100,116,False,True,0.105568510413598,0.06624389634245044,0.008319638864015348,0.06624700391850669,0.09337513952998944,0.06984677919779922,0.0916701083814858,-0.08980571125510954,0.040633552358717254,0.00808152642207495,0.0406296488166263,0.7410701660995735,0.05820768077558103
17,100,117,False,True,0.3958352677894672,0.20414338336207472,0.10168173153244776,0.19119567288842731,0.1759680983868552,0.1413170529105574,0.13690970587457993,-0.013166683974329888,0.16883075362687408,0.17836527976886063,0.17082627493709168,0.802082490829319,0.21831782835892122
18,100,118,False,True,0.19060943851410714,0.05971076773697869,0.0032155293444174867,0.05972253601558788,0.06694721998572711,0.058172773669987625,0.05154026226146936,-0.14228674374126896,0.026819878594649113,-0.02812425944023631,0.02680025988914082,0.6249772630610652,0.039039524649854385
19,100,119,False,True,0.2269489285522644,0.14232018996488827,0.06117926785376507,0.14228458301349065,0.07375672826732735,0.09514533309581302,0.09439728428552192,0.006721685025219156,0.14978870364957075,0.10005936803996772,0.1498045099011162,0.8616270742311576,0.18713152387527554
20,100,120,False,True,0.057475595203562636,0.08230899990263132,0.019492386834024527,0.08231189365250664,0.06834320030159664,0.06159257792935768,0.06384431536584549,-0.01653977999552061,0.09268569301118078,0.02289924527031601,0.09267380836726076,0.8211590620470685,0.1260563063389713
21,100,121,False,True,0.1326504962070702,0.07044816668369808,0.013616985422951353,0.07044299687906046,0.06683718107491528,0.0493995490115533,0.02747693637498727,-0.14854554496843084,0.03646494243894921,-0.05067083246418967,0.036461344006514906,0.9551488305996937,0.0651569743224043
22,100,122,False,True,0.1579996454611766,0.10523776751103037,0.09856302012586364,0.14096670291532795,0.055200834899219765,0.040949769541038974,0.09947620976258251,-0.2060843110690824,0.03541559128009951,-0.1508845989619374,0.029675870196797478,0.6812253015930587,0.07696210074142323
23,100,123,False,True,0.19075117747766893,0.22409751737144895,0.008178701773208648,0.22410990886796153,0.21118667729851495,0.05566125851829842,0.06765248881205832,-0.19196001475251628,-0.14338501442738902,-0.040431802536482694,-0.14340979904307638,1.149819866010059,0.03573531054952539
24,100,124,False,True,0.18278143794924934,0.06434306940074357,0.013035948633229608,0.0643424729363373,0.08714242059028507,0.06861333748995474,0.029368412123995418,-0.15088999286044572,0.007916841048324344,-0.019716228234326484,0.007919183024325207,0.3999921100491086,0.01958445130641573
25,100,125,False,True,0.08969634081403045,0.051732327933058556,0.002993026378017591,0.051760552515606496,0.07000369695503915,0.04870267651719575,0.016593655286282212,-0.08960153917081563,0.038387921234466445,-0.00893389609710796,0.038232739517468986,0.4199544406946847,0.05293075557919319
26,100,126,False,True,0.19688674805574433,0.08883118825712481,0.04745752711870701,0.08885994918680665,0.10155639573101048,0.0712374410932216,0.06116026153456822,-0.0053309446963486365,0.10711210380811509,0.0622120274448711,0.10710686680277207,0.660767582101268,0.15558802257878102
27,100,127,False,True,0.039195184995346494,0.06958234944216705,0.004280171814035486,0.06959064258297296,0.10112721007181523,0.06958925460346702,0.0073037594385465905,-0.11186860149194232,-0.004411999436754925,-0.08229216026833804,-0.004413976635423183,0.4859134638031565,0.007639448161288587
28,100,128,False,True,0.016634805106767035,0.07290784309178383,0.009900648340370187,0.0729117465957726,0.10637859804704432,0.07291235520975438,0.018262170169375647,-0.13069725671657134,-0.09303168200049797,-0.12720907094824052,-0.09303271868463497,0.5687980571177961,-0.0828268935971831
29,100,129,False,True,0.22026919731894842,0.07959435882869986,0.026724842555955794,0.06309197731022317,0.0794148861927688,0.06376751958209076,0.05656174839476654,-0.10600941348301449,0.12282100614151417,0.03045310844421956,0.12381571414039826,0.6081100040918065,0.1423830910964779
30,100,130,False,True,0.18118099671877272,0.06522242456313485,0.05790211025135271,0.06522399821222971,0.09222145873588822,0.064428355842853,0.14028849166796917,-0.150776273639881,0.07207328440967636,-0.02438940069725109,0.07207033573781736,0.3443102552198705,0.08502541623850768
31,100,131,False,True,0.02001369559273867,0.04079700271221795,0.004085287796959617,0.04848395228141004,0.0680756534463737,0.04281734615072516,0.020494651152074946,-0.045625184713705025,0.047231052816458785,-0.024072511687343867,0.04511724374593293,0.8990397393014224,0.0636477775659473
32,100,132,False,True,0.02920849094247779,0.06114219092800744,0.009298914398712737,0.06129302619490349,0.0710038765116132,0.049863762551656345,0.020559593973930937,-0.05180681609023457,0.054367255425615046,-0.03747130750121696,0.05433319888195797,1.3501310074138524,0.07268672401266069
33,100,133,False,True,0.16057971322976222,0.08207535824936779,0.03494219910466665,0.08206403522273967,0.09393286300791387,0.06335784461465205,0.0534785596956879,-0.07801835241822573,0.03965796972028968,0.04184580181550066,0.03963731741656531,0.18427486202285132,0.061936986491517854
34,100,134,False,True,0.05213536389223189,0.062001065220234707,0.0023010709532008348,0.0620317922265798,0.07980483621460979,0.060585360606770534,0.0388697737241758,-0.0904698946334897,0.019587308392531498,-0.036239213642737626,0.019530341316501207,0.666587545041136,0.031404162224626775
35,100,135,False,True,0.05910194409566552,0.07012432546520506,0.02059078148780462,0.07012070203187387,0.1077289104873532,0.07466039524585366,0.019509128800817795,-0.16683916025331527,-0.0819986934798633,-0.13332958070395773,-0.08203776643398591,0.3811414166035966,-0.06810524697066883
36,100,136,False,True,0.15057700418261416,0.07894844985830875,0.035134563138559526,0.07907721332604807,0.08117587933,0.061671826339245894,0.028467994013489796,-0.11458482723854331,0.049418197526856104,-0.01722652792972836,0.04938583010231774,0.4888063716709928,0.07645480096969892
37,100,137,False,True,0.32868134342509203,0.2019156468010517,0.0383491744616764,0.20170777550198576,0.1234319659606951,0.08193388779848165,0.12287128801811505,-0.06666978187088671,0.05006178622403397,0.10920147022266238,0.0500048136865405,0.5666255825512523,0.12871279943262565
38,100,138,False,True,0.02409721805758156,0.07353485865309527,0.02119042087752463,0.07352419207664287,0.13718384114124885,0.07660988132218,0.013441830929388398,-0.1309794704035406,-0.019495968513042358,-0.1312087571194928,-0.019495008386872143,0.9259832047775748,-0.008935685748575672
39,100,139,False,True,0.05324052082183386,0.09194999575244298,0.006831312424375116,0.09196817434876882,0.11285203252047238,0.07623771077874149,0.00988121191735401,-0.14086232372694682,-0.0794022586284055,-0.09572748187006896,-0.0794105739311189,0.294296374862266,-0.04144961628546051
40,100,140,False,True,0.11937942731150564,0.08821265838382654,0.07564403647165205,0.08821806123828939,0.11624025869065888,0.07826247116821236,0.062165886081031296,-0.12139519295677585,-0.007082247042791323,0.0013110517916040054,-0.007084848570774938,0.29440055273535654,0.012010017302682974
41,100,141,False,True,0.1609979482586949,0.07810632550262762,0.0523241760522306,0.07811148156684211,0.07097025640714516,0.0605662087345866,0.049990637361937,-0.1444306834339777,0.04705444052570286,-0.08246624223105598,0.04704225367834333,1.0103902961110893,0.06522233389102128
42,100,142,False,True,0.08300155179158686,0.05971893712845775,0.007006275534344349,0.05971463735478426,0.07870785321615341,0.06130331478626031,0.021913804892250865,-0.12969799747121313,-0.01841382463826001,-0.05571160924784391,-0.018417688360531984,0.7983093766303787,-0.006983823962096181
43,100,143,False,True,0.11719533143231661,0.11171358383025078,0.018078813654368666,0.0619481496206389,0.09362114507926048,0.06451586116491469,0.04186267267721522,-0.09367460913309994,0.032011246508473125,-0.029924735472857265,0.044236889115877816,0.27645211158063937,0.059139085564920535
44,100,144,False,True,0.05808000938347025,0.05808886504219807,0.0004143701140451706,0.05805921949472688,0.07562139327748926,0.05897734870526073,0.031114753853990956,-0.039461544032679756,-0.039461239320891864,-0.10195035130879097,-0.039472607661600066,0.3425551359586872,-0.028855302264426508
45,100,145,False,True,0.1652799014904924,0.15088789032333894,0.06384077733744367,0.15095237840226697,0.13394794042744493,0.06242283106950551,0.07847186416265792,-0.08180887063218288,0.055959720531385815,-0.025046650148668026,0.05592866065488465,0.29283635437377475,0.11856635588097658
46,100,146,False,True,0.021145689172925922,0.06747766558218969,0.0033663826224108566,0.06747438327254912,0.09221837464947624,0.06747944825164694,0.011518246974494339,-0.11624461251351857,-0.043764208755010685,-0.09628223129971267,-0.04376344872781822,0.6368556865982886,-0.03232444639451881
47,100,147,False,True,0.18369697758633236,0.07427302176016799,0.006028799747642561,0.07438161499834739,0.10915034532256752,0.0477550841030074,0.03621011629251444,-0.20419646584888929,0.02419924168461286,-0.05501331565164691,0.024178552688959555,0.47724026173481393,0.046475787246143985
48,100,148,False,True,0.2421430268833269,0.11726595385778073,0.10376822707505022,0.11726741010853844,0.12263683259749136,0.07012183342100861,0.0947669915982466,-0.10172270056875891,0.017215820298474897,-0.004935359087170017,0.017213477764106956,0.46165562092164586,0.05276494195320114
49,100,149,False,True,0.1364398136350451,0.05475032281480169,0.005204775123922764,0.054747688127730905,0.10537593383166169,0.05249898410761372,0.02450182773917133,-0.1199575135607548,0.03134191686837056,-0.01641330705133818,0.03133099954668978,0.5094320127837565,0.05621198844080483
50,200,100,False,True,0.17467297103113943,0.07693938274434192,0.028390037144804446,0.07690451081292539,0.11115255956994793,0.07084382125844423,0.04165203233478051,-0.08042570539056187,0.06749772817267008,0.006450740212016762,0.06747782633359577,0.3878415276371267,0.07731875720808928
51,200,101,False,True,0.04573833720385086,0.0616088157433215,0.00753387463550181,0.0616074908577715,0.09568957119857681,0.06448093826579006,0.03374610674825009,-0.07048598076199929,-0.0076203301748847705,-0.04603061264239895,-0.007622852149014606,0.5158189272849554,-0.0012376366898668723
52,200,102,False,True,0.18712013797381796,0.20523827059953118,0.07424042967228855,0.2051138949895838,0.1246220360635854,0.07219065373979949,0.04994460886553724,-0.03240244393282061,0.07862517458292814,0.03519821520017627,0.07862460891208073,0.9811345037391725,0.1513955947563454
53,200,103,False,True,0.016587058781309175,0.05577926738536845,0.0072190110463149285,0.05580102372993115,0.05417600519866606,0.05300289308536866,0.010045871243904657,-0.0440032111680425,0.03282807129281139,-0.030493392913398535,0.03281811721659992,1.1249222969073798,0.03883637659900624
54,200,104,False,True,0.00685948194786864,0.06474760551304168,0.06592399586041701,0.06475289650179551,0.0804915160141901,0.06937284804697896,0.02215641174214935,-0.037246109474258375,-0.0018700794417404864,0.007845312244722237,-0.001875381950742252,0.6468414615089404,0.012921774128658248
55,200,105,False,True,0.053728962648185566,0.06003864661680422,0.0066893405894276805,0.05986459953303625,0.08042054815885985,0.056219479426407475,0.03236360965933863,-0.03711883779434898,0.06703335865383828,0.005846286440850976,0.06697261661012725,0.6920799795965219,0.08276715212967872
56,200,106,False,True,0.005692070479457492,0.08282512263636121,0.002280441617560276,0.08283814310616117,0.10003249381378668,0.054322268864594146,0.012637188351118378,-0.029681172711420328,0.03853311464772439,-0.017037458518469276,0.03853080198321955,1.0108901127363605,0.06446587487124245
57,200,107,False,True,0.09880660182497626,0.05719208822239264,0.008310402689623545,0.05723652278166891,0.08098445912408461,0.0569541099054,0.02612104403798803,-0.04888218724635994,0.08705848460627223,0.03158440644871611,0.08703147350154482,0.36331362472276835,0.0991052825484724
58,200,108,False,True,0.05808024503379644,0.05511512459114694,0.013777861934483377,0.05380693648250387,0.08556276145252538,0.04900405044763459,0.022901865903324277,-0.03816771384894794,0.07543750914374918,-0.008251243132063473,0.07563623155042003,1.0389583495936778,0.08773463170219847
59,200,109,False,True,0.10440194044051532,0.11334779034248418,0.006030450007494803,0.08293852978377018,0.10671054647118294,0.0631266515553201,0.038988285567686555,-0.05702531341145385,0.05317925587766773,0.013902710266583247,0.056787890689058214,0.19691823740661213,0.07483343947822235
60,200,110,False,True,0.02331049049510657,0.061276715857764126,0.000697153195280442,0.061221007401695574,0.08079023076182093,0.061280634225311006,0.003646861181023917,-0.1786789073587535,-0.09106364004972306,-0.15785700003818917,-0.09105499826240063,0.9068006684986071,-0.08543430606591712
61,200,111,False,True,0.06539931956886354,0.06749090743288305,0.053835472790097635,0.06749236583608399,0.10943972994871254,0.07257233052854463,0.04330417391954715,-0.018337943617211673,0.07003971058927384,0.008256296743588125,0.07003496985312736,0.44161769474952955,0.08234024870811524
62,200,112,False,True,0.052832934956524774,0.05825754986549603,0.0003700787854332942,0.0582570740727062,0.07362507445832518,0.054552473971128564,0.029986232788252333,-0.02546316787087845,0.0606041148832766,0.015854208679025643,0.06060226361085313,0.7085384094991107,0.07423241983921636
63,200,113,False,True,0.06322499171542195,0.05672081200938914,0.0051840965164217,0.05679530238976742,0.0707521061407898,0.055644648189529376,0.01180580977953068,-0.048367845702070554,0.04681065118619692,-0.005657190789764366,0.046749453483096344,0.6033697190609071,0.05454578323645376
64,200,114,False,True,0.03315410446089241,0.05786935534982887,0.002618720934308953,0.057869993069595935,0.07892319988273154,0.05641482228601178,0.019695342513017168,-0.011165271321483466,0.08468696691761665,0.02671285509586366,0.08468583864543909,0.6655124493479441,0.10179352865733421
65,200,115,False,True,0.05235317325078531,0.05982119585226417,0.028365036911616612,0.05955671038215989,0.0771560315705508,0.06115348121536341,0.03443832090971186,0.02688930214353963,0.04588024389037841,0.02135495888161165,0.045860335636927804,0.3831750680260208,0.0522246407928908
66,200,116,False,True,0.11546864025872441,0.06752329026008415,0.03159460326067396,0.06731217363539087,0.07463432837981807,0.0543689922983734,0.03518178918153976,-0.07154040521362669,0.0553580921161943,-0.001400315654116775,0.055348299296878026,0.46612400159092426,0.07168716092758204
67,200,117,False,True,0.1328191207018466,0.06161463980690721,0.004560162700215025,0.06161326634037115,0.0859359736386619,0.054675730775825764,0.015611275373188552,-0.0840662629969896,0.05501509867617735,0.002932927477246665,0.054953530644216146,0.5950449227971053,0.07673870868609906
68,200,118,False,True,0.04925282751346919,0.06254020877771894,0.012508375071228914,0.0622048259411395,0.06425071062685866,0.05057530500583028,0.021592872566508384,-0.09378459967175516,0.036084825615035926,-0.06186691909812291,0.03607560607334683,0.9315825615560754,0.046475339640180524
69,200,119,False,True,0.14580390363896892,0.07512667736875293,0.031005096937084354,0.07512784857645474,0.07747825840855428,0.07168458603766943,0.04625640498014787,-0.030052469354712473,0.09575848669494548,0.05066697609803288,0.09575596117451468,0.5336163820356625,0.1097367915288594
70,200,120,False,True,0.040881282750289044,0.054645269549796864,0.013268429148027066,0.05471031662500489,0.06453498150627444,0.05020491890813762,0.01375814901611076,-0.006001509617379002,0.06263076969245475,0.01946418354456288,0.06261997927632251,0.9143846263763195,0.07173816894187651
71,200,121,False,True,0.09943951065678439,0.11408237436382702,0.02359911709244449,0.11402079175997076,0.12832130025157748,0.07484253312331143,0.04699967824284925,0.012849525269335067,-0.017077843073647615,-0.03469528584394974,-0.017073417586716887,0.8437334903170861,0.011393145372814661
72,200,122,False,True,0.20060568962397987,0.10420235240261475,0.051852882638556225,0.10424389058967928,0.089768323639723,0.05726153708921648,0.01948011217202957,-0.09764510160942683,0.07420875101207194,0.010973044340952191,0.0741776338541471,0.5628986936609479,0.11535660919839724
73,200,123,False,True,0.023067505398231103,0.061291186146425064,0.017376986158864377,0.06119346084886135,0.08080903333825408,0.061791265678025606,0.012505907170160998,-0.06819939640612922,-0.03443116021211836,-0.06084626620147202,-0.034439069797669364,0.3732028922226418,-0.028957283526578004
74,200,124,False,True,0.11275212325141462,0.07165126304080047,0.012994682391690328,0.07165832973752695,0.06162443984172251,0.06595698733631268,0.021418207446169863,-0.07280401723179086,0.06346768618128565,0.006622524197631654,0.06346220612668439,0.7832356822561704,0.07307976600048827
75,200,125,False,True,0.05981789537552101,0.07456355210927941,0.024122000662514118,0.0746212627693556,0.0660009968472235,0.05585957350207314,0.04198252802905179,-0.005408783098191208,0.04954477012289047,0.008534498234599093,0.04952339746702187,0.666656353802724,0.07082898807119115
76,200,126,False,True,0.10145131735671567,0.07513452330449356,0.020868772537612847,0.14596349840221984,0.09328523171167451,0.07558677382527097,0.060867197953532806,0.014402414138479676,0.10640136335791979,0.08612370541509483,0.09007674901461485,0.6558732972671983,0.11874421143350833
77,200,127,False,True,0.11289436886219754,0.0823614866492553,0.02405549043597167,0.08206218432805823,0.08458278675524804,0.05849254617556949,0.028457276913122963,-0.010124117701039517,0.09387406221561193,0.04106086913162709,0.0938379806635048,0.8414369338776571,0.11757266104418151
78,200,128,False,True,0.017962811542373468,0.05530786739677127,0.003663386032062445,0.055305121610959705,0.08361564835528819,0.058906758064306536,0.007774382613072672,-0.09665866431202856,0.009891773450448156,-0.07868648942639793,0.00988900569695538,0.7897396023247606,0.018103597706657037
79,200,129,False,True,0.08661835607537867,0.08076142655450337,0.050952064523031124,0.08070619968516059,0.07023395224827608,0.051163967788751756,0.025825644921000535,-0.06411817006594521,0.02310897382382109,0.04146642846225351,0.02310081026239395,0.44395178514337247,0.047097466531921095
80,200,130,False,True,0.06871791300344368,0.06798365373217441,0.023770124396211872,0.06805088137127267,0.07144857226921805,0.05877193541683509,0.02927683816294462,0.011565298281678817,0.0749684265237832,0.03798136601072896,0.07492695647647934,0.6823447329042197,0.08659582651359082
81,200,131,False,True,0.05791594562832907,0.062349018946190944,0.008612595610777995,0.062343566182216544,0.05813516248394777,0.05203420381989718,0.011011178992547324,-0.08554009980573872,0.019479893403190687,-0.04284310455778471,0.01947028977826925,0.6286902014417634,0.03610977302418289
82,200,132,False,True,0.041277786701530636,0.07283324366920066,0.02855370612515156,0.0728243306231818,0.06199625919548686,0.06131259027869162,0.03551301076212619,-0.06954088833672896,0.04761287014205891,-0.05102159521351637,0.04758446471827213,1.0794997745777388,0.05798208798954424
83,200,133,False,True,0.01135327807810055,0.057402282559746706,0.011662886708245168,0.057382073189360554,0.08485862787116766,0.06061548903379915,0.03009337461978769,-0.08686435861737084,-0.018003879467503696,-0.08643094355925973,-0.018013434934862432,0.24403863741690784,-0.011593623390715346
84,200,134,False,True,0.08148160755223183,0.06554037140598808,0.0024539095652767037,0.06446061324775884,0.07476702345221388,0.05909360482060335,0.0033266014681472235,-0.13604797399476204,-0.023179608684343263,-0.07742309926473133,-0.02298742614083295,0.5249000604149896,-0.010265890982959047
85,200,135,False,True,0.050079866275531584,0.05734957918757205,0.0040319582560770315,0.06203539683013973,0.08162984256575878,0.05856724886149828,0.009063882103560909,-0.053639841355028466,0.025619419992301433,-0.015474257186445335,0.02615365182109386,0.48504019324380737,0.0320685861603926
86,200,136,False,True,0.0598577901265831,0.06325874661368049,0.008005922639275392,0.06325566654687781,0.1257575059986247,0.07265602261440918,0.017531744917442214,-0.1538539145400258,-0.021650851322540063,-0.10715957640511826,-0.021656079896064426,0.46199702346297555,-0.010986719437127812
87,200,137,False,True,0.09347269049946448,0.053927517809663615,0.004635941028413229,0.05392022913900203,0.08409914647535258,0.05485346735396859,0.016145918630997305,-0.06775234140260486,0.022857888577962625,-0.022738631725167817,0.02285034596704847,0.4424989821630886,0.03551151161753485
88,200,138,False,True,0.13148833539329013,0.05343801805992067,0.05387440825437986,0.0534385977130533,0.08505346557858172,0.057058323643527815,0.012733312486485071,-0.10326397802625426,0.050971287817126835,-0.04049746878553971,0.05096794532422344,0.5118335835361669,0.06177794230158801
89,200,139,False,True,0.025133563981461805,0.06510803067709989,0.009742233749952965,0.06508157355890093,0.10312091546010364,0.06733296594231762,0.017896073881994965,-0.05299965018912594,-0.011690880519527838,-0.04324317617598251,-0.011713313436382364,0.4706685223528072,-0.003336939361418212
90,200,140,False,True,0.08637159951407389,0.05252126682718119,0.002768534631885428,0.052521215876378105,0.08107208197237967,0.05279418581067066,0.02949213624459641,-0.08860504470761957,0.0575647199728823,-0.005459873138763334,0.05756003223668138,0.8677969985269235,0.07359065501280138
91,200,141,False,True,0.06392158699071893,0.0640062549844479,0.004488019820921942,0.0827999625749784,0.1103573977628488,0.06637665241925927,0.010510266454899966,-0.010259007410919665,-0.010243526903145153,-0.08231047587065778,-0.024299640169744875,0.9336035018578676,-0.003999578780304658
92,200,142,False,True,0.06512528750670428,0.06567165363672169,0.007609776777415738,0.06566946306668515,0.11156192458011312,0.07123002463350271,0.024740691192506402,-0.06228770778546901,0.036102585248823406,-0.015140260030171224,0.03610101722883769,0.4753896867035708,0.050153281416674855
93,200,143,False,True,0.14665134762754742,0.05994843435916983,0.01670537627486244,0.059943002295596015,0.09591682699912439,0.06368730273718133,0.01566309091624471,-0.0726719858105583,0.06616812080438038,0.0021065867430379304,0.06618147772188301,0.6277601478485825,0.07854349573212716
94,200,144,False,True,0.06961426735224324,0.05482244373606424,0.0038181598443452203,0.05487057277264167,0.09150764002998905,0.05815186241756457,0.007370623829916814,-0.03483274793416322,0.07030117111318639,0.018901914179120564,0.07026300724348175,0.4306465693639765,0.07914100192104839
95,200,145,False,True,0.09978489290323253,0.0727902010347206,0.016157604701633466,0.07279303438659937,0.06206582332319036,0.05164872918526713,0.02485686094678508,-0.0368722364008799,0.074974332607733,0.01120454229294829,0.07497413390262914,0.7629444948249758,0.09994245601585816
96,200,146,False,True,0.06164699247374771,0.08976567948005273,0.030558742507040187,0.08976989883486568,0.07512829890660551,0.06382215172587904,0.04554630977719629,0.03991222302446951,0.10372307920655757,0.06407669406559355,0.10369887077420259,0.866506991817035,0.12187060493761387
97,200,147,False,True,0.15965079260470028,0.14183827268337304,0.049410528690518554,0.141896678751652,0.0756121348174008,0.06662227682459543,0.08130807609891581,-0.11779650085234632,0.05611266731180045,-0.01310780675485451,0.056087171301739645,0.4886041324650324,0.10270094946017205
98,200,148,False,True,0.10841179285368652,0.0933991199995988,0.0351126777012239,0.09334898458447144,0.12174293085667522,0.08050545421360594,0.0775769009256155,0.05581733872842075,0.1065748864488588,0.09304582816306164,0.1065685877128589,0.6027456605586876,0.1369875202355041
99,200,149,False,True,0.15943661832718187,0.11136283146428327,0.04669359296000529,0.11145184410289728,0.0864476528119284,0.056086912875143134,0.04364653842873959,-0.12934348251214878,0.03525876570297967,-0.04480689290172085,0.035231698728556256,0.8094712246708827,0.06782537529308513
100,400,100,False,True,0.025892481074933436,0.06062307127923558,0.007171027685438032,0.06062442132315743,0.08831725771063972,0.06282690667892615,0.00994565422974727,-0.058738030418307954,-0.007709391667256256,-0.04617645533188105,-0.007709765234833555,0.5301619314373778,-0.004874761577752629
101,400,101,False,True,0.023129810317891054,0.05375295223166577,0.005904710666961958,0.05374884147675213,0.06694124399342888,0.05120958821006866,0.0070792981029867055,-0.09277968736445769,0.005661013665214157,-0.0786058806374156,0.0056528925520837,0.7225517579583154,0.015206454879957698
102,400,102,False,True,0.037836842083651415,0.060161208905631744,0.01151837955036801,0.0601361995217706,0.06687018112382902,0.05589831688260918,0.011611730402595128,-0.0347285226367114,0.041001104260841144,-0.01016682856769747,0.04100178426727524,0.6936847074813438,0.0487181868059377
103,400,103,False,True,0.14867380254839835,0.09642348059278176,0.02342347976517666,0.09642494853869919,0.08995314206719549,0.06887320639938156,0.03366908904898772,0.017367264817464815,0.08849531812439501,0.08339779474230079,0.08845739003848493,0.7465426072020352,0.11205198532952437
104,400,104,False,True,0.01194210128054456,0.061299479690063496,0.001668894826733094,0.06129036538573836,0.08166928311883499,0.05449329317960018,0.006121725032995596,-0.015258518836591782,0.042173067881034004,-0.007682106953434476,0.04213141376258648,1.0405981223895955,0.05462432662197525
105,400,105,False,True,0.09898230678211321,0.054990423695643685,0.0023157282080937106,0.054993950094587636,0.08040496313520944,0.05613130399394759,0.01764848531538512,-0.05401660977136324,0.05367416526579845,0.011479167145995575,0.05367721184024312,0.5121703088578942,0.060066741002451796
106,400,106,False,True,0.019464651042700495,0.06524283465207231,0.01435229105142389,0.05676511321514524,0.08432833997185828,0.061432626726888484,0.02170041649888429,0.014709568188944231,0.08150281882216945,0.019943879475942065,0.08334906132823143,0.457219631510806,0.08799521356223639
107,400,107,False,True,0.02780591135920977,0.061781167956682065,0.005532853658637212,0.06361195582417045,0.0755457641020919,0.062128490408360514,0.008988124183555948,-0.022216507590381046,0.0325297744938873,-0.00024359123040066155,0.031110040000289205,0.6661067825845234,0.036269277793069765
108,400,108,False,True,0.06632638798933072,0.06592030695913753,0.0113663943486245,0.06594286528875723,0.08974296722164565,0.06447331255938686,0.022414038590682393,0.0017936992334970903,0.06207424230521483,0.033161441439207004,0.062053702511182966,0.6274275041685374,0.07395363174948488
109,400,109,False,True,0.03408961974944557,0.05312798228889593,0.0005479249108039974,0.053127133650190575,0.07824377065796495,0.05459134586441159,0.005520201872340505,-0.037668391313318735,0.03444163771910873,-0.014467198029928033,0.034439196048188236,0.6764939685366876,0.04101954383097428
110,400,110,False,True,0.03428452574723168,0.054416968023273206,0.05231339261101552,0.054387129759431545,0.06937466248736081,0.0530143732451086,0.01837791564895728,-0.050841842111892584,0.012316016967581476,0.013740706818243192,0.012288884550626449,0.7307403881110122,0.016745788205957235
111,400,111,False,True,0.017189587852461982,0.06138921376344268,0.0027830442769663875,0.06154263935335695,0.07892531195614304,0.05537364105290871,0.015955761869234236,-0.03162423043716087,0.03774809611605072,-0.019167742071902305,0.03769863326974445,0.6360314865825377,0.04591877863257188
112,400,112,False,True,0.0101637619100219,0.05919250959326164,0.0030354144746232415,0.05918709989592724,0.07901251896744506,0.061307800981795044,0.00330303499852595,-0.07284756337920595,-0.020566650809798973,-0.06366957735754065,-0.02056849374055119,0.378328388099568,-0.01746087864403978
113,400,113,False,True,0.04062568615006028,0.05477369797097143,0.004763122358003473,0.055644470947538674,0.0704800507033671,0.0527814651836247,0.002353088956328701,-0.07603948681238677,0.014716644605570437,-0.04695898216907564,0.01384239953822501,0.9184814754497859,0.019563252341422144
114,400,114,False,True,0.04596490157713239,0.06193216865305677,0.055243663913532554,0.061931722373293495,0.07023239723115293,0.054793002033279636,0.006383676765957143,0.014321326393392071,0.082473502057167,0.09134456679100364,0.08247082531052953,0.3887208588182358,0.09574707635312119
115,400,115,False,True,0.019315025467948766,0.05243182879980154,0.00495285167462434,0.05243280954665,0.07726052994854547,0.055526809412142164,0.00896703371632043,-0.023620786913384914,0.037759611184149125,0.002584957209594103,0.037755695259816945,0.4608503876266817,0.04430537708995369
116,400,116,False,True,0.014538284390525498,0.05527396128023911,0.001446500225440352,0.0552744121235872,0.08809771205940012,0.056264670927397134,0.023968110573189896,-0.06146563137261527,0.019385422483234507,-0.04688980402184373,0.01938376208183449,0.2682133298762102,0.026682232021166707
117,400,117,False,True,0.03784350319076872,0.057387599865053575,0.0015706007225201677,0.057406715272346885,0.07571681268852073,0.05486644860457118,0.009633649440415625,-0.011901411730894151,0.05970097280532059,0.017764903457544598,0.05965550902502379,0.4783902784210155,0.06505565894684795
118,400,118,False,True,0.017830612614579893,0.05511287707500268,0.0036462772436903984,0.07076550269229437,0.0707110358198526,0.05178249025808691,0.006653338653634935,-0.056786400503831644,0.03380099733070388,-0.03831174664871414,0.026421855326229534,0.8223864242693666,0.040188061882820814
119,400,119,False,True,0.024348150279866275,0.05162054354741776,0.008591369154004179,0.05173326904322921,0.07089957763235245,0.05008237891281093,0.024789194082044514,-0.04086067946514053,0.0689533311905943,-0.017765138748817952,0.06887870120039252,0.6958412623998796,0.07520967025300673
120,400,120,False,True,0.05029745656155045,0.06575411998526658,0.002569526757026272,0.0658056742808844,0.0872725903249043,0.057513807789853794,0.019488003708362713,-0.018940945766464486,0.042513744447771555,0.013706105136986863,0.04248068721799108,0.542330228398212,0.05596737510687355
121,400,121,False,True,0.014968480554145007,0.06723510192490775,0.008813581765555497,0.06716297258365715,0.10438086806812663,0.06949971791453957,0.023810366005849463,-0.07195477148239941,-0.027859711512712052,-0.0655322973667109,-0.0279163119252069,0.17770710562341022,-0.024718593596039007
122,400,122,False,True,0.05922517957343943,0.08420672099790204,0.01836703361137344,0.08414529211057709,0.09039146268676498,0.058888601942840166,0.013972180082507122,0.018980362127451217,0.10671077912807882,0.04942354375217322,0.10671804591992533,0.9224390341658136,0.1288805760227127
123,400,123,False,True,0.061154381290621854,0.0681692030034753,0.014397713791461285,0.0694061993248355,0.06840002308312389,0.062329357455535576,0.01953662332378062,-0.008118433232351872,0.0898566630385207,0.031067393073793463,0.08927618118973385,0.47912293534144806,0.0969379752513434
124,400,124,False,True,0.027567186576541475,0.07332738282684573,0.0015575586968823757,0.07336823110320588,0.08687612016691308,0.053403501993626395,0.009506373909534935,-0.0365541735681435,0.047611551123584096,-0.005141414208040223,0.047604404054005726,0.6349402682901041,0.06289544162410948
125,400,125,False,True,0.07277468705460594,0.062181498693246524,0.006105536156045678,0.07271767919929287,0.0801449049278308,0.056057280764670245,0.014497471497847275,-0.004844761595998828,0.0904958024157628,0.02538577642035552,0.0853972089720088,0.8784184917131597,0.10020194243116148
126,400,126,False,True,0.046158976856627315,0.09987670385614184,0.005610457487045879,0.09975466120964976,0.08976382899133512,0.0580631514632538,0.0365325114501841,-0.028914794695415583,0.04396336583441908,0.012796030671397216,0.04385947061071484,0.39371080872581843,0.0689973482084662
127,400,127,False,True,0.0035488620461083774,0.052810741765687244,0.004620823837967849,0.05281049475684165,0.07554918218014918,0.050445474786250735,0.01110610047507684,-0.023393966648613235,0.046552994630589664,-0.022731375807747964,0.04654928702976101,0.638324087305729,0.056081982296507626
128,400,128,False,True,0.03957491187959246,0.05079841807887844,0.0029122100276281248,0.08888202568434578,0.0873596484358492,0.05530187514661853,0.027184904049258773,-0.014471006237061825,0.07127203340503875,0.01790035325486687,0.06045603725400149,0.6029550156305131,0.0772464682014321
129,400,129,False,True,0.005198066019620326,0.05948281618162772,0.0006160457018722032,0.05946720768027029,0.08840955306598114,0.061574226746142394,0.015544433147913145,-0.06160536273553051,0.009976263736909203,-0.057911196058321616,0.00984767405429416,0.5010108971837992,0.015148291260837943
130,400,130,False,True,0.0031907338913777167,0.05426901758953206,0.0029189891084756346,0.05426799561841558,0.06544274958160594,0.05403642519373058,0.007554877923627777,-0.03420927405112522,0.030589999998516575,-0.033853291601551795,0.030585433303936968,0.7493772162382697,0.03582672523469499
131,400,131,False,True,0.01436259707553278,0.055505610390675295,0.0021859774053511385,0.05550512117055248,0.08906487858390674,0.059092884382607874,0.0060329046574940474,-0.06586243420433906,0.004402445440891114,-0.053726308860964106,0.004399480752538097,0.38220566863108,0.008564807807934283
132,400,132,False,True,0.021988152305235306,0.05239683351080808,0.0021623212331182955,0.05249926471020726,0.07294225459557356,0.052884658010041184,0.008498172149248025,-0.021193568997692046,0.04919997794791179,-0.0007181774833510302,0.049089848351786716,0.39083870059265235,0.05420122538820826
133,400,133,False,True,0.016738609845430977,0.05628967115597638,0.00573309934924841,0.056327821651951895,0.07579090611367749,0.05554237119777706,0.0037664034807190954,-0.03571370981388075,0.01998048935025601,-0.026326396931940953,0.01992688842796511,0.5494274742525221,0.02490558969167067
134,400,134,False,True,0.034457973935731495,0.0572179703735914,0.009271610743671584,0.05721803101450147,0.11654115033777453,0.06717695616822861,0.014645244086650808,-0.10298682671232655,-0.020544401130046595,-0.08597702318048571,-0.020544113343047742,0.49333490513490025,-0.01475921456869711
135,400,135,False,True,0.007584907857324692,0.06740263879265179,0.0053907368152143285,0.06738959488324077,0.07878520864437334,0.05209253639684996,0.01473785891788317,-0.012725195423286751,0.05948543154187206,-0.010849354647332806,0.0594591045195989,0.8099191898762789,0.07687193462102976
136,400,136,False,True,0.041754959008373164,0.054468081141167815,0.002459335695960964,0.05450022532974613,0.06964560280823136,0.053410720711327526,0.013416015986319276,-0.019400413634163286,0.07054797897891966,0.019959325476888865,0.07047421429138816,0.7819615241549536,0.07676199194902922
137,400,137,False,True,0.06176938767321766,0.06452160102413063,0.010827840937572329,0.06507864809382646,0.09071174481559625,0.06350617385686327,0.02723527396872743,-0.03704782052684066,0.034354796635237154,0.008715414818197475,0.03434051896481222,0.30588264615282634,0.03806499234307281
138,400,138,False,True,0.04850250906175439,0.05725651235832301,0.0030200494322244194,0.057211529420934264,0.08180528871729578,0.05773752124854042,0.025898539255408297,-0.05566462092839883,0.025441533071980518,-0.014427483945051845,0.025440012154670413,0.2586786867960258,0.03077720805649964
139,400,139,False,True,0.008009382595911843,0.0532305652537393,0.0010803497115152523,0.053230181716865284,0.07585523562015296,0.05552256368422646,0.0030357120770299548,-0.0496754280338773,0.012825696334258722,-0.042709936163666536,0.012823801228531195,0.5825612214167767,0.0184152715351098
140,400,140,False,True,0.07908348425741568,0.07826399993625918,0.02200566504335472,0.09046201180148711,0.07905988816980018,0.07246657014830511,0.0378724362513191,0.05022001668476676,0.12246879941291966,0.09969731407882777,0.11905414302499026,0.7656846996089712,0.1333205260037505
141,400,141,False,True,0.01430084590631061,0.05595420075292447,0.05632887377185826,0.055952483510347505,0.07360776052824329,0.05575133154391889,0.00507128663402045,-0.046532689668499085,0.024416176422408214,0.025916405589909014,0.024410187731875865,0.8843515048052609,0.02968553091247489
142,400,142,False,True,0.000959684683775711,0.05233196455932105,0.0004706213472215634,0.05232923848158982,0.07011421512722356,0.05303875283018956,0.00557765106133705,-0.054182901605993296,0.002852279672486304,-0.05072581515225556,0.0028502917646866877,0.6500356217874836,0.006892522580996263
143,400,143,False,True,0.029464037754660218,0.05876541196448519,0.005034636740857729,0.05896646647920432,0.06890660963843546,0.05255534189169883,0.012735853010905396,-0.02863145369922777,0.04145706856284903,-0.0074009251771451744,0.041428423945532485,0.778089441098108,0.04821368902878587
144,400,144,False,True,0.04135820723005525,0.05388277758266685,0.002871467506344917,0.05387714352838225,0.07592792932216591,0.05675977980726733,0.015585059323211952,-0.029512821343176922,0.04573724416932173,0.0063301379898482195,0.045733260288046015,0.2751402840434809,0.0497344030107964
145,400,145,False,True,0.007239895767700928,0.06217905437909979,0.006323520461176107,0.06257318415706323,0.09150205766406756,0.06282410001525188,0.01982727008167339,0.0019403656635549283,0.03619724539372427,0.0028429274782702965,0.03557286907374383,0.24124899366723263,0.03994301145532331
146,400,146,False,True,0.02010996514352278,0.06191812973089855,0.06250355177597769,0.06224649399769078,0.09646088341682364,0.06626831392293492,0.006516882838440444,-0.063264023671533,-0.001253492576555928,0.0017956301219178618,-0.0013544612786564158,0.37590921566862484,0.0049544410818729845
147,400,147,False,True,0.04995542314504422,0.06196148752764148,0.007521119410255005,0.06196144716080936,0.08651127223648626,0.06489151692646139,0.011400952890871677,-0.017074243594742553,0.05102077014219461,0.021440326601361973,0.05102060315230858,0.47370330176979425,0.055847914605764326
148,400,148,False,True,0.0033174403929541875,0.05575130499678727,0.0019458112997183836,0.05573120919904472,0.0802267749127529,0.05791202174425652,0.01632300229955419,-0.013624952760363736,0.03609517857095327,-0.008432385759643913,0.036112250241985465,0.5980465431542825,0.04011227429686376
149,400,149,False,True,0.06254549645367252,0.05925685163356006,0.0026168111967231782,0.05921987589690317,0.06580324131272394,0.0503877187869855,0.006621317786420551,-0.03510028181405274,0.05221884603774079,0.0011743756307254704,0.05221337305472865,0.4712796279705272,0.062390366604327396
150,800,100,False,True,0.01692354683156089,0.06824547003854681,0.0036414644386731764,0.06644514418574987,0.08322831516867604,0.056480533048685236,0.009730140479916678,-0.022215863767092656,0.016257940105231582,-0.01325564636369681,0.016061436545872637,0.6263025892881934,0.025603163797158546
151,800,101,False,True,0.015212287146273436,0.059371740629067346,0.002914075253916049,0.05933014238879581,0.06778123183330642,0.05411115386365711,0.0034804600647057203,-0.03007509264212769,0.036144494056651766,-0.015563822589909918,0.036146287101104235,0.7734600046373947,0.04166060594949095
152,800,102,False,True,0.01372537804968666,0.06167560184899835,0.001985887954180563,0.06175203662968745,0.09148192240624198,0.06201177513268402,0.004954980358012704,0.016370285589930377,0.06757628998299708,0.02495868666083171,0.06751550654908804,0.6504902453695371,0.07408825578270839
153,800,103,False,True,0.019131330337495735,0.059453546835362046,0.011853644170584335,0.05949209216936929,0.07163439839944241,0.056256248850530446,0.015540887909507672,0.02248869324409873,0.09624342237293633,0.02758102043084414,0.09619018421475276,0.8356516851295338,0.1029632884531223
154,800,104,False,True,0.04435808090612401,0.06604036986949774,0.02534499154391118,0.06604183409505628,0.0781813799390239,0.06369978030976593,0.018956789689619707,0.04740166099447426,0.11737960725526833,0.05480688886001187,0.11735072511682773,0.9001327679413563,0.12471318441172602
155,800,105,False,True,0.015765450509002923,0.05372132689384229,0.0037287680761493892,0.06598887068481725,0.06711711967700104,0.05079422104789891,0.005125665710121569,-0.00942529437369725,0.060619831931193316,0.005044000429551574,0.05291191346406301,0.837843270202346,0.06460124845116755
156,800,106,False,True,0.010685325187285289,0.06437260930440501,0.0051124259673980665,0.06445653747109122,0.09115504156359366,0.060829009244358155,0.020439681557290486,-0.0213718500007577,0.01795157816630791,-0.01664482361644467,0.017928532389672826,0.4994198953663366,0.024013955117507313
157,800,107,False,True,0.0003146590007159751,0.053720480777098685,0.0015118931784156705,0.05372026297628014,0.078285810299764,0.056088995070010236,0.0008699930509508777,-0.024599394362207143,0.029265947324166604,-0.025951056261927025,0.029263792364500815,0.868345153527076,0.03160442399784624
158,800,108,False,True,0.003980648738516071,0.05749045767177138,0.0013300989753201595,0.05733568899318189,0.0707001633954161,0.055846769275756714,0.003032686134328464,-0.05029011611182682,0.01409210950608049,-0.04333131484913328,0.013981262535668434,1.035577542519808,0.02033823739909396
159,800,109,False,True,0.021218364891140783,0.05659704717537881,0.005113291463678171,0.07314780137620137,0.08315879458877382,0.05722288593524674,0.010060208360500509,-0.022373462771320133,0.023662115059508652,-0.0074267970596138145,0.009730634351714826,0.8722116423622477,0.025839270168972306
160,800,110,False,True,0.0032856958843416467,0.05850089651405619,0.0012193153027145831,0.0587178803184121,0.08479113904056906,0.059679690220774635,0.0007052639648162318,-0.08489670400837486,-0.01440840688314303,-0.0793024166275967,-0.014450239419723374,0.7210624704268066,-0.012149058129168666
161,800,111,False,True,0.029295905081294378,0.061598155609451505,0.053205332239872546,0.055341395387882714,0.0847425327602373,0.05540363317070288,0.0066726543009917845,-0.012088555946331464,0.06215927651078595,0.06644141834022786,0.06338129515515604,0.353475322932745,0.06959569433122681
162,800,112,False,True,0.016803763682855598,0.05610426911585793,0.001518540507044233,0.05610193277156621,0.07991256874104814,0.05502278073396605,0.006645917190286166,-0.017652906354341937,0.053155214672376445,-0.004491012223537781,0.053140977528023686,0.5293583141339129,0.0603165682993948
163,800,113,False,True,0.03677933264317514,0.07106104820150637,0.002454017249940819,0.07114761916313758,0.09301213781728852,0.05825294862910217,0.02533887900980757,-0.009655614728600355,0.04626469899149988,0.012133445959766629,0.04619858578162571,0.4800506327438589,0.058436565963997766
164,800,114,False,True,0.09054771125337807,0.06990560395182913,0.006344528031447856,0.06572908711297855,0.09370619856246146,0.06496216867265485,0.015108540618030348,-0.014955643101341383,0.05950988672407959,0.029585086926099385,0.06080524104500988,0.6119644501424104,0.0691418537774861
165,800,115,False,True,0.012898673179727833,0.05632609240918387,0.002862840391311271,0.05636753284552129,0.0665863179436121,0.05485963679362118,0.005707333995714301,-0.05195586306920613,0.014574622088785745,-0.04377035103825982,0.014525327328446452,0.8261876716687442,0.01706702416984035
166,800,116,False,True,0.007365750270497577,0.04988429538094895,0.007145119997265665,0.04987746442981017,0.07743884376506789,0.05197495704539104,0.016148183026397908,-0.06910037647347776,0.024893641642681458,-0.06817111338746487,0.024896098129014915,0.9702402921564254,0.028793572850239535
167,800,117,False,True,0.008597828022266862,0.05855900421565505,0.003781773058832901,0.0585584096420753,0.08465000041728675,0.06087465806744688,0.006235104533514518,-0.030453516924282904,0.01525646803566204,-0.026847101252145657,0.01525615765933445,0.7670525426015438,0.017630883918462792
168,800,118,False,True,0.057180626955924616,0.06412464787389034,0.012685444764402363,0.0641259473135147,0.06963426084880064,0.05683448749846834,0.03306703696525735,0.028394018934922584,0.09916838237111975,0.050502487284903655,0.09915585463461284,0.7304576653826227,0.10827725481923806
169,800,119,False,True,0.015762168554251218,0.048810992635624044,0.002501798815376623,0.04881875043167425,0.07825619687141815,0.05136610888132258,0.009688000745176825,-0.02427746617593101,0.058281879821291516,-0.009992759595785326,0.05825357759089563,0.5941471734601658,0.06244688451607211
170,800,120,False,True,0.01615023502459092,0.07085487117250029,0.005726605125058679,0.07089372729733195,0.09475878913057159,0.06114145634747484,0.018260608329842117,0.032995729911060756,0.08489717239874586,0.03927848940658111,0.08488472254575562,0.5102359189134258,0.09689201954702725
171,800,121,False,True,0.026969118957576234,0.058142051683857915,0.011577687167817879,0.05814606343765941,0.07331280126214379,0.05481760236856902,0.006583058286082122,0.025371270887882668,0.09458027439788425,0.036817193037744056,0.09457524283782959,0.7083759077553793,0.10418180255785864
172,800,122,False,True,0.02903966706383363,0.05515721379619527,0.0018855993550374952,0.05505027525691117,0.08139416689134503,0.05633980165249332,0.014853235200395703,-0.01520085337129379,0.06466597100183939,0.016322192670526793,0.06462993394081401,0.577227785498432,0.07279149713010302
173,800,123,False,True,0.05353105306633403,0.07926269174227576,0.007014485142404251,0.07930638096213649,0.09222372392973968,0.05409925868301385,0.012048122617189632,-0.03224064359370286,0.065427781638045,-0.006722229542839604,0.06534844273086109,0.8008956207030609,0.07993854794435407
174,800,124,False,True,0.036295132134797584,0.05415134489606434,0.0011315272683111901,0.054153288690699866,0.07475278752716692,0.05405745101349562,0.005176434199888685,-0.03159211305759748,0.05687260739216541,-0.006346434428965235,0.056871470870312496,0.4696459337792686,0.06180725205651766
175,800,125,False,True,0.014244122360625418,0.06050716653927899,0.0017622690689952638,0.06053552097553618,0.07659269438212092,0.05661779026338675,0.003487191479301003,-0.01852306568846147,0.03225473145426243,-0.0050380172873020325,0.03223317133537108,0.6810895664115876,0.04342040149006243
176,800,126,False,True,0.002162334763259695,0.057952670527937344,0.0008966926787299079,0.057956607484538125,0.07264091959348108,0.058884379697057995,0.0030657517643802234,-0.04499909719675942,0.01721674960392143,-0.0443891257940621,0.017202031230918208,0.6771971231185234,0.020822078182781645
177,800,127,False,True,0.036273894387984944,0.06535544051672147,0.0017518868368811935,0.05410000465071641,0.07779155930172055,0.05630859034221067,0.003136038544625209,-0.03932251864301543,0.03822939822641331,-0.005705381736750559,0.041195341068984564,0.29572611889964434,0.045300364900446755
178,800,128,False,True,0.007263428110628525,0.058388094561219975,0.002830812864847468,0.05837916601405458,0.06972419733605688,0.05413655716685128,0.0036143878071989315,-0.007601892367481143,0.054649644813741745,-0.0020715697511666355,0.054644691870639694,0.6171947513724093,0.06011859261391972
179,800,129,False,True,0.005184344769841899,0.0511747583962747,0.0014156218923916594,0.05240054483128012,0.08294131054681987,0.05339354659391485,0.0017269351026296884,-0.05698604374845949,0.0137481345667792,-0.052918003778462445,0.013360124179088686,0.5443127836539944,0.018313300989811487
180,800,130,False,True,0.013565668207271763,0.05909061287182138,0.004796587450137246,0.05907611852363827,0.07210549129336129,0.05501625226808625,0.006067615247871779,0.021137754007369818,0.07679052733636027,0.02775331784667559,0.07678535076256467,0.8304096135092206,0.0841498678278394
181,800,131,False,True,0.0057297229546442886,0.05822156673412773,0.0012898674780029982,0.058237127774059004,0.07521257977888686,0.05629213443436428,0.002595326861661316,-0.046048095164138145,0.013383257986807777,-0.03919864600380533,0.013331262895124993,0.49400649175621936,0.016374213361345147
182,800,132,False,True,0.0077966796352567655,0.05464489989550019,0.0006445344950386319,0.054645287814918626,0.08004131046538741,0.05680537455578598,0.0022712610779729676,-0.038321178586781815,0.02659942214204648,-0.03017988486150252,0.026598481018588915,0.6421685892209328,0.02924768583774595
183,800,133,False,True,0.003615085865336758,0.06253516820092742,0.0037316174947630287,0.06255104105035361,0.08271373181914521,0.059256456318069556,0.006282464238266371,0.009057376246746582,0.043823777304227034,0.009098724588073343,0.04380888131381134,0.5539176652834736,0.04990865319616583
184,800,134,False,True,0.020250663061820485,0.06392335641171175,0.008469676413594985,0.0639146665305827,0.08504496287804152,0.06246946149431065,0.008924252513564048,0.047761576782907274,0.10856858430701699,0.058710840333856894,0.10857554656993265,0.8562021364553984,0.1202019810560725
185,800,135,False,True,0.01582974467265698,0.05202091842330359,0.0019033772312294463,0.05204712908534721,0.08467259750828916,0.05502392553422289,0.005575441911604217,-0.024668342849180815,0.043646157828308246,-0.009561720968650768,0.04360081886132562,0.5955733984735622,0.046776022508533854
186,800,136,False,True,0.009704580024480911,0.055037329033326206,0.002373071130099766,0.05503864529403232,0.09079073417617105,0.058913622263724034,0.003286909799821489,-0.029417254931260066,0.03926363204781993,-0.02364478194552798,0.039259014915864796,0.846113881586527,0.04913299438950264
187,800,137,False,True,0.02490378614696649,0.05182262306193061,0.0014151222932124632,0.05182277118229483,0.0703747451088415,0.05280422642365343,0.008493965581897687,-0.02120763689082609,0.05378237336270999,0.0011125124979964652,0.05378455712789787,0.6159019138225221,0.05918703631142286
188,800,138,False,True,0.017396166676741667,0.05575759518352991,0.002023363475470174,0.055757468845220724,0.083590682019199,0.0575464016972231,0.004173353882704897,-0.003141948119761211,0.05744892623861851,0.014675378428915578,0.05744906475172428,0.8715730459179665,0.06382932634856225
189,800,139,False,True,0.012738702837894635,0.05653635501107255,0.006135068646261332,0.056565797615581476,0.07026899625701487,0.05439856054956893,0.009975320291566217,-0.038330194127130686,0.05530090633558814,-0.02877235870990207,0.05524293933290274,0.8139868235762759,0.060685964548358284
190,800,140,False,True,0.02774190225382776,0.06796322834051544,0.005390376862225191,0.06798500778988602,0.08665850436283495,0.05791351040335122,0.012833731226089471,0.01773432615495449,0.05890063488215823,0.03587351039488576,0.058849359282787575,0.6627080174293808,0.06947399054728737
191,800,141,False,True,0.005416832428790767,0.05392055789448909,0.0012300436708066736,0.053935394084509605,0.07814629075765007,0.05611627558559314,0.002211346448607699,-0.05690278979170974,0.015635188826058268,-0.04945719085562469,0.015590404317246183,0.6488448081862191,0.017866489364645577
192,800,142,False,True,0.0035489881943021272,0.05899672644388472,0.0035433254133848675,0.07085439161461697,0.09114122884565705,0.06039576086255805,0.011443030316448211,-0.01033431992687252,0.027952048797900773,-0.009297242832228266,0.02160639837928713,0.668691131545434,0.031833456035913366
193,800,143,False,True,0.009346840765395804,0.056045979774447696,0.0004557429138926015,0.056047378204541295,0.07415343413412984,0.056123359914183775,0.002795923523258621,-0.02097062256984726,0.042274825145055955,-0.012919678745337136,0.04227205594029385,0.7538529134940377,0.04846989074288788
194,800,144,False,True,0.035105509080642965,0.06753498132064119,0.0015078547605616793,0.06757908741468414,0.08313080447987554,0.05733112356177606,0.0062314796457759915,0.01028327315865774,0.06546728755006434,0.03679068484456653,0.06543198241093358,0.9980779675616653,0.07879701149515461
195,800,145,False,True,0.022475140407425757,0.06177685968371833,0.0045107840495676454,0.06185223059038164,0.09653714419050485,0.06176104001799661,0.01043259261420897,0.016368497213663746,0.06402160819065422,0.026781177359983,0.06401547079317658,0.6024302971446659,0.07503597119227734
196,800,146,False,True,0.0028212486351048686,0.07899771166473565,0.0011103674110220034,0.06917462082851741,0.09231096422591314,0.055876889889704524,0.004523194986281247,-0.010202646138519778,0.03529088708278536,-0.006224091483842691,0.0386844903751404,0.7480816059772906,0.053194761386552325
197,800,147,False,True,0.0293213173791609,0.05278536868470069,0.009261243076594802,0.052785282720494306,0.07977641803432585,0.055778811979965974,0.008605930190649588,0.022919024198989578,0.09081936169385472,0.040484777693620064,0.09081855882417074,0.4350401668758987,0.09869341196009157
198,800,148,False,True,0.0389041234593649,0.05856796693653181,0.009579633318230451,0.05857302183365325,0.07234474529744811,0.05673981703012537,0.007358266567210628,0.013678139323830232,0.07765939189142629,0.03274832000733835,0.07764157971852384,0.7379481183440388,0.08339566197650522
199,800,149,False,True,0.02654435928197024,0.05284937550314648,0.006862971648061823,0.05293920635007945,0.07263034548953537,0.054155694819339434,0.004683722341948254,0.01833121476920863,0.08889767757695935,0.03598252607352202,0.08883208845751824,0.6704510028876527,0.09324939018812217
200,1600,100,False,True,0.0046385860072217745,0.055323042463633426,0.0021556508732647663,0.05545878962499381,0.08268822429932754,0.05750568717616836,0.004140684873657494,-0.019032458495919145,0.030663283620951776,-0.015867407458287502,0.030496817034785267,0.6278108792839627,0.03225285513575593
201,1600,101,False,True,0.019392911033281647,0.06042745933155327,0.0034208560105995324,0.060347713138492104,0.0839686937479215,0.06086366878120213,0.0066748428809155404,0.019094286658077088,0.07863710005827969,0.033423166065046764,0.07854592600167984,0.7045264344634572,0.08535352425987952
202,1600,102,False,True,0.0021990778964908995,0.06540791071197558,0.0010991148540948315,0.06518548797091687,0.0795710452724236,0.0544567187267642,0.0010333376743589516,-0.02517663158454754,0.021889379367965204,-0.02331532960541103,0.021883042062428047,0.8041891087306796,0.03211958096499967
203,1600,103,False,True,0.00653111858845627,0.05361007707055141,0.0006621019627614855,0.05693195013874312,0.08355531037577162,0.05562614811937326,0.001180018054295773,-0.007598161767846242,0.050231660281590255,-0.0028564372191846286,0.048133592843089656,0.5647605638223515,0.05278740870362131
204,1600,104,False,True,0.01586351302409075,0.05274858574002218,0.0012226048785708035,0.056543092965694236,0.07545423960372014,0.05308866263377905,0.022480692175585442,-0.007039812857067045,0.06721616937555894,0.007345268701337364,0.06537889962626878,0.5143940590800744,0.07111418386405433
205,1600,105,False,True,0.015683167034100526,0.05646738627047185,0.0045522662564921055,0.05656636255608639,0.06860198817958453,0.054626512169245245,0.018068511094315863,0.005836217517725066,0.06601904902830207,0.018294512857152053,0.06597271155912374,0.8517183494344917,0.06927705182528843
206,1600,106,False,True,0.0008625198424448656,0.05335675973354858,0.001012922897409438,0.05328068306211439,0.07636717942409849,0.05410981130141264,0.01430529095746908,-0.015206875466353369,0.041905244263298086,-0.014475727299957272,0.04189818637395384,0.8392224494240714,0.0445351889557804
207,1600,107,False,True,0.01072736673636423,0.06348214064430312,0.0004339869159195075,0.06348490274713318,0.08456000029118582,0.05608705673997731,0.002745299226310513,0.023372719460079096,0.07279052866068696,0.032139331466726595,0.07278591677271187,0.6240475706595876,0.08628867533973877
208,1600,108,False,True,0.001303076221342857,0.05574805390555216,0.0007811663996103182,0.055745470441803044,0.08027343339251976,0.05788288732791082,0.011793341803968155,-0.04155583881710161,0.015699440162765085,-0.039971977573154946,0.015708349492612968,0.5390978971395527,0.01759481819127834
209,1600,109,False,True,0.0017439813843229187,0.05666482487243351,0.001440757882772719,0.05676349398523887,0.06898177486031813,0.05655978852230474,0.002166325790526143,-0.015189118609845557,0.03811652318800668,-0.014919273230812023,0.03808707026361816,0.703435090120543,0.041345003325526375
210,1600,110,False,True,0.0021032034799968085,0.054435725588939575,0.0012249304164386001,0.0557309562249829,0.07534158217692892,0.054006064282084626,0.002157115114166674,-0.006936814305513219,0.05110113186733145,-0.0056326709737041835,0.05090993500442892,0.49417936791945644,0.05443898431711536
211,1600,111,False,True,0.028460780063066023,0.05718971003241635,0.000828349138668406,0.057222657208864366,0.07235863852762459,0.05371422852441749,0.0044083993404859054,0.02320596266481092,0.08302021155753671,0.0392598906388006,0.08296216724456194,0.47888091356371765,0.09035242130231497
212,1600,112,False,True,0.008906436777565214,0.05667064790599263,0.0013203861325244337,0.05665384670052543,0.07977845660003482,0.0548863858660939,0.014909139845002667,0.018242565192721733,0.07552467914614695,0.0278534401874651,0.0755275029169917,0.685747529832179,0.08477834987965471
213,1600,113,False,True,0.015288416016967952,0.054503800562017,0.0008637641822851314,0.054893963088190986,0.07857767580074149,0.05597347861626144,0.015162046196867122,-0.013951563646572906,0.050304947717578444,-0.003961526114059022,0.05004974682732907,1.105795491510751,0.05273402774751712
214,1600,114,False,True,0.004184749706442999,0.056524554620248454,0.00176600186875215,0.056509335516726426,0.07942881935567395,0.05808034290166314,0.002472798078754647,-0.01891227821759846,0.033982147961158095,-0.014538971012743302,0.033981437619461236,0.7631763753761774,0.03584072065567939
215,1600,115,False,True,0.01345402498934087,0.05561364072502472,0.0013599123726933046,0.05562780476096333,0.07345491830587546,0.05414864375086012,0.0030475547425100175,-0.004892630854453545,0.0499353419328655,0.0050430518858613025,0.049942346365079826,0.7580563170641339,0.054487648529167376
216,1600,116,False,True,0.007224771133932246,0.05753873896439123,0.002462966115987845,0.05798728417805614,0.07321354659070732,0.056967965779901826,0.013458169234767716,0.005076333172994126,0.052051865607797156,0.008613365618212526,0.05193898766476217,0.4888029311733479,0.05485864959814557
217,1600,117,False,True,0.01209781136574333,0.055077855694282786,0.002472617452915115,0.055054466945760376,0.0759814467645149,0.056133101826195325,0.0018250481932672845,0.012681578256181405,0.06778635640572425,0.021713582538602384,0.067792812698805,0.5721916416146984,0.07148792895824907
218,1600,118,False,True,0.024735840700593082,0.059115850605551544,0.003063427652662561,0.05916278527098906,0.0831619246198432,0.0594920962190739,0.005622660458017277,0.009550943476524807,0.06450560606423679,0.027049172868072555,0.06444554768737959,0.49709150724969153,0.06884900397447707
219,1600,119,False,True,0.002116915542441599,0.0558600721081553,0.0006342762467280343,0.055459898989650834,0.07335321815544611,0.055790827146602176,0.002090638489750255,-0.004249104169003876,0.05579217631348314,-0.001956949842608117,0.05545400195807211,0.5246830291286468,0.05813289375527403
220,1600,120,False,True,0.0022964680826694714,0.07447967926246023,0.002181478999103857,0.07664643513413533,0.0907196536030454,0.05984755680853179,0.012528459641942661,-0.043528286279685774,-0.0035000055804725607,-0.0423672116252231,-0.005118424098569392,0.6664528572147319,0.006612301605487925
221,1600,121,False,True,0.007008857703466077,0.05278172012046132,0.0014455605416582367,0.053274566939966454,0.07488302805217396,0.0545851360395262,0.004318462264215284,0.004514525450967743,0.05378038233162826,0.010824479085465194,0.05348578140237009,0.48745548982471476,0.05594561966811323
222,1600,122,False,True,0.01296163668805025,0.05942543239093512,0.01275874411056991,0.06243179340374081,0.07889720292735651,0.05873088243890216,0.004957027774295533,0.021565485027380368,0.07766937842511666,0.019876057605937324,0.0770698222369343,0.577487083496595,0.08209219922438987
223,1600,123,False,True,0.009760837874075149,0.05734917946374061,0.002118683820469206,0.057350280977521345,0.06877113070196023,0.05529344791633647,0.014643534181626519,0.005584060438092573,0.06523894697720671,0.013429469621096955,0.06518828217096598,0.6990029129482533,0.0699899463632026
224,1600,124,False,True,0.0044377352806178215,0.054688697534000436,0.0020662578744612167,0.06245269553081007,0.08633181734419348,0.05641762941372996,0.004093420937487636,0.0035045719579035683,0.052000448221978676,0.007418101752283368,0.04555019054578566,0.943425906485864,0.05476837229791526
225,1600,125,False,True,0.0007173629298589312,0.05053425351958135,0.0016263679056823161,0.05883317072450759,0.07778813242785002,0.051071645674279284,0.0010324107708232463,-0.025678651949163626,0.03785969836375841,-0.02411003180031276,0.03221746221228209,0.9672780668794525,0.040022185756234674
226,1600,126,False,True,0.005083836692031392,0.05378069763473903,0.002326548998679965,0.053812652399816745,0.08050917160237953,0.052981400509498996,0.0030502850147030086,-0.005892837823260384,0.05946104323667271,-0.002057619048002725,0.05942331290717185,0.4058908843458508,0.06570316010741573
227,1600,127,False,True,0.024005848491177918,0.056432808987565315,0.0036018896483552758,0.05646321137466523,0.08282864979097804,0.05858342956977335,0.0036740401345043577,0.014926450786764632,0.07131047894683945,0.030195524876270387,0.07126993963706639,0.45358842004350125,0.074158997497694
228,1600,128,False,True,0.021265968200718424,0.05710188203116538,0.0025294761396943834,0.057332347689430005,0.08227335034922392,0.0527396782216366,0.004203128088075982,-0.01114641665799189,0.06629644316882867,-0.0011481051784780504,0.06618306707408358,0.7268297173521728,0.07381410928446958
229,1600,129,False,True,0.018122557805155936,0.05591727726595618,0.056465779161142676,0.05863039225223657,0.08634572434824445,0.06015921349661793,0.01764238351915583,0.02780079028077764,0.08791355443446328,0.08896509530033767,0.08593806670028094,0.6412765258916324,0.09161064681154868
230,1600,130,False,True,0.007581058008798964,0.06240115324381614,0.001305669457147757,0.0624159460662703,0.08081715682222594,0.05516419090054695,0.0035865937635341976,-0.0060079440981286435,0.053001204249932383,0.002865945601952316,0.05300069319916801,0.9870785985857989,0.06254068212456865
231,1600,131,False,True,0.008957611648125762,0.054159971054341144,0.0010118925031805798,0.06600188801609069,0.08527439082213303,0.05717534862388019,0.016030434026848745,0.008539716594753327,0.06350718658333804,0.017073712037652487,0.05870635276066068,0.8822283241802771,0.0683360186368499
232,1600,132,False,True,0.0033987693735787776,0.05432894672699362,0.0016633876447902734,0.05432217269171971,0.08489525759518857,0.05744051451435925,0.002942641912365854,-0.01642579282849471,0.039053188801017526,-0.013859490030681256,0.03900502499262842,0.6612653997892217,0.04141709945719574
233,1600,133,False,True,0.010234284016315223,0.05643274665138981,0.006806923408443082,0.05643009478930618,0.08313908218336305,0.059293369005272316,0.0032044990974011874,0.027218487962114502,0.08260233637830566,0.03070000280434905,0.0826064627592814,0.6329482664310366,0.09091505488709067
234,1600,134,False,True,0.012903554336642413,0.05709451097286031,0.0023480996521880464,0.05708045061846825,0.07504509505702614,0.05767987956178291,0.003971601599772573,0.005486544661241144,0.05854234429857897,0.01630880969204247,0.058538385757334485,0.4091605025824835,0.06268259483634475
235,1600,135,False,True,0.01510612708116567,0.0563801284969343,0.0023103241336184296,0.05637754594062969,0.06932906774646375,0.05620983902527341,0.003959630083326552,0.007096442723819099,0.06463778406900048,0.022049160199429707,0.0646392067365246,0.7890822213371638,0.06771446424606181
236,1600,136,False,True,0.0014054597460935053,0.055174839603198356,0.0015069475015819247,0.055166088888392535,0.0718687858045242,0.054062568093189094,0.0027815580132383266,-9.242471153370736e-05,0.06102003837439767,7.111223150934599e-05,0.06100727826912092,0.6492351758405681,0.06536994677477875
237,1600,137,False,True,0.005544288484864112,0.05474487323066866,0.0019310664380536567,0.054792606167665056,0.0719209727913588,0.05463040028444484,0.003534631809939649,-0.010824290069604703,0.0322531878129756,-0.00942321923360487,0.0321860647566028,0.3090820031854875,0.034380590032360436
238,1600,138,False,True,0.004339990063183582,0.054039490663125626,0.0013628435916519515,0.05397405824010915,0.08232734173265115,0.05727904893774079,0.002234195184958883,-0.0047386764522363125,0.04499879786337367,-0.002907319670783606,0.04477338462380374,0.5859093359822871,0.04706164032628407
239,1600,139,False,True,0.0011940331171040204,0.052188124972419876,0.0006869824077556969,0.05218659339868371,0.07448417881314554,0.053282046537812405,0.012197297120183598,-0.019321686403651523,0.04619799471028031,-0.018203869804488598,0.04619178817197017,0.5912619066909006,0.04965305328150832
240,1600,140,False,True,0.008571517458052832,0.05637372295327406,0.0015378334112693503,0.05634754139033664,0.07454651672722683,0.05532069652199999,0.0009259995868006893,-0.033932541138512795,0.02357471523324918,-0.02745594151588215,0.023577164914195023,0.4917599665088097,0.026778010633980442
241,1600,141,False,True,0.011135813751554787,0.059082640220410584,0.0044203777457037935,0.05903582266426545,0.07147637048063196,0.0550309261705771,0.006399128645219532,0.006631168620262275,0.07571324859389378,0.01640313449401381,0.07570398380360764,0.720860744141607,0.08402928226800388
242,1600,142,False,True,0.021487616237029206,0.05349550436961877,0.001988162263434965,0.05363488637350824,0.07546337533940091,0.05470981548604467,0.013088340679688545,0.021723580230519055,0.06682590245798466,0.02017095587669029,0.06676242028940074,0.5532932184060741,0.07052169289171462
243,1600,143,False,True,0.00375603490528792,0.05672073042484826,0.003666979294608366,0.05671457412733377,0.06774232549481943,0.05428750816758869,0.015142935473905056,-0.017003096601527913,0.048926152892974674,-0.016015578883238443,0.04892627552437517,0.8414470660061558,0.05325324705125556
244,1600,144,False,True,0.015590851776556208,0.059242784023324474,0.005639634844689362,0.05925796510116802,0.07684611479101912,0.05695188105116499,0.019788010541677812,0.017223878305850437,0.060938697862782616,0.025243254653882156,0.06092010345407417,0.6036608751129916,0.06602106634418559
245,1600,145,False,True,0.01673562914545764,0.055238983354556764,0.002466817908204014,0.05523457735201969,0.07548845754425831,0.05663075193160555,0.005518113802420954,0.015015295779560367,0.07447494112071454,0.02927843984545362,0.07448577607236857,0.6286413633280391,0.07908131971472421
246,1600,146,False,True,0.01923089842151053,0.05724573020657187,0.0019133107797559559,0.05724178607676176,0.08333971140800989,0.05933663285763051,0.006178814623832631,0.008473233703993107,0.06003213270655337,0.02218202028305298,0.060031900631566305,0.46779376440082293,0.06421989370361725
247,1600,147,False,True,0.002433566584280262,0.05443326829076623,0.0013017939808749018,0.0544942701941355,0.07775821137383057,0.05312730064432396,0.001848402257940562,-0.006907954277178447,0.05668782090756125,-0.00652431253505644,0.056623512264894205,0.6711477634050361,0.06304134796835797
248,1600,148,False,True,0.002224464974783338,0.05569511663041707,0.0006120344835028653,0.05555737506151254,0.07785949698139161,0.057145181877185876,0.002171165343283468,-0.02970333182643282,0.02366233667791562,-0.027951004961664267,0.023646184306741064,0.6196822338688155,0.024961721581662044
249,1600,149,False,True,0.00808170782384828,0.05454170273636521,0.002162757009332566,0.05452868285655791,0.07924472256391664,0.05444037118370828,0.0017191075823058482,-0.023401307193820095,0.04137754561516445,-0.014950810763218586,0.04137841680514981,0.454946538047948,0.04583894656293719
250,3200,100,False,True,0.012418808078631584,0.05654560357779835,0.00038869421927498893,0.060341683157716125,0.07799739052351556,0.05652332781877595,0.0009346253443333977,-0.02118166470423123,0.04027632638966282,-0.011936798313050079,0.03862883204421344,0.4911501412649614,0.042620334438209784
251,3200,101,False,True,0.004679155648511194,0.05380503112084507,0.0009080592827519745,0.05406450450154864,0.0750333792297117,0.053257551986749405,0.0013349134524459113,0.0011304141198403127,0.06160283546880464,0.0051576251221343815,0.06138583305719337,0.6445997031864813,0.06640120006603722
252,3200,102,False,True,0.0021108033681242156,0.05653762794390483,0.0016456758164775187,0.056651340175367305,0.07191374275399776,0.056135113638828386,0.0013589755745252686,-0.04625058363821749,0.012815291709362598,-0.04531127717739944,0.012769847413056468,0.6153198393169816,0.014409766216551267
253,3200,103,False,True,0.0022453403916005772,0.05463539159939028,0.0012881967100412592,0.05482429986939667,0.07901504105086485,0.05628566002333625,0.0013504101835044382,-0.006712067175019117,0.04739926939406871,-0.00401979458873942,0.04706463377902459,0.6846506760716065,0.0503420728860553
254,3200,104,False,True,0.006011910528009618,0.05323520264707586,0.0004644372154077601,0.05495431054666339,0.08016480917952284,0.05550870162076808,0.0016257399191593595,0.008074750871953926,0.06274014817754321,0.01221810447109808,0.061764114997874486,0.6768135635592516,0.06640768609942155
255,3200,105,False,True,0.052074527605537456,0.05215824587842156,0.0015357652785501655,0.05194105827616804,0.08061718798052024,0.05455892359913378,0.012136347379094622,0.05597870936056291,0.05600010544328505,-0.004083148861829359,0.05601927786545964,0.5546583487799865,0.06015497585392715
256,3200,106,False,True,0.00048737190204887966,0.05397058774994993,0.0011411226251278113,0.053952222784949384,0.07738601558157444,0.055373592838600515,0.0006514628542284852,-0.02106582899651653,0.03845856183894725,-0.019952362132931816,0.03844584324938197,0.32210254089509904,0.04013077669254189
257,3200,107,False,True,0.003803861192913835,0.05589680837552269,0.001268373026649825,0.05655292363122801,0.07897045435536676,0.05691449504090466,0.001011265749669666,-0.023360385876912818,0.031246989012215422,-0.02003099513363482,0.030938075256196955,0.418890405363957,0.03315748454539591
258,3200,108,False,True,0.0026541015105051593,0.05464853639875221,0.0009545138113521468,0.05467580740937014,0.07446084223491176,0.056004911889214186,0.0019343285376448444,0.00619710746715086,0.05466299883033081,0.008671070018393885,0.05458705968746259,0.5353335345209649,0.0567165392694447
259,3200,109,False,True,0.0027655450801049365,0.054639150168140915,0.0025102961649180965,0.05464081561470126,0.07078602058117013,0.05407220951138686,0.0023863528530454624,0.0019479461824879452,0.06436236284119218,0.005130120932649145,0.06435905150650356,0.8176623774336922,0.068531496975822
260,3200,110,False,True,0.001726332476798373,0.05409015661164689,0.0012349229504964728,0.054089712622831236,0.07724162749088763,0.056264395087599305,0.0016419951239523567,-0.01128191085541942,0.04313429273857082,-0.007420899237480396,0.043134556842506555,0.705418577329787,0.045912552467317846
261,3200,111,False,True,0.0031752802219971255,0.0525847583814186,0.0011733037400219303,0.052576095343440744,0.06791773810976487,0.05177133431434428,0.0015390803655833557,-0.022266300612063094,0.041220293591256334,-0.01912223526937479,0.041219058332314804,0.618495649217932,0.043564849967017705
262,3200,112,False,True,0.005415459480557923,0.05565857521127601,0.001449582227944995,0.055677278078500446,0.08073372582654477,0.05650289909585162,0.0011529784850715253,-0.0006440888452004667,0.05634676788362064,0.005003827275837365,0.05632813648721623,0.7002682256335953,0.059445622616546956
263,3200,113,False,True,0.0030119564153392414,0.054421196351552535,0.0009844988071425111,0.05441443228053568,0.07732643598389216,0.05546055486902374,0.001661070770245172,0.014046492564971369,0.06365458331223081,0.016028854525219172,0.06359078809919033,0.6817578000096689,0.06767476109880821
264,3200,114,False,True,0.006075928544867043,0.05483944090888963,0.0005714224485561386,0.05483810297402191,0.07875577520406046,0.057377585167540074,0.001365082904140095,0.0006213027487370882,0.05138372145490884,0.0035601583004850647,0.051381642923854755,0.34108895741664436,0.0538572201560511
265,3200,115,False,True,0.0020162444745332377,0.05412341834747834,0.0005222336441601875,0.054169845773726896,0.07853219183293722,0.05598911055564479,0.0024692459170006227,0.01597086814888366,0.06175924621855771,0.017716892563028882,0.06168526985824734,0.6275985594075789,0.06522720257973413
266,3200,116,False,True,0.005035473913069566,0.05479601577073483,0.00042601349041126253,0.054795636247721664,0.07839034943719486,0.057230516934164186,0.0013482087347731356,0.009429095524373283,0.06047628958399578,0.013452167088757388,0.0604746614567032,0.6042080033473526,0.06366889477322973
267,3200,117,False,True,0.011912775971090164,0.05215247067693408,0.00206817307587121,0.05758802115728967,0.07247626925733272,0.052447008523671415,0.0023007662328612013,-0.0034471683653188225,0.06756191245052819,0.008053022635904997,0.06571651309501633,0.5434202852412366,0.07157409961223576
268,3200,118,False,True,0.003386382247683313,0.052522964191040175,0.0020450516256604588,0.052535381372730255,0.07466205715707797,0.0532119787031238,0.002445764933537839,0.006913374930868359,0.06818256887447788,0.01040041548105164,0.06815267721175218,0.5596332719772529,0.07211640971216188
269,3200,119,False,True,0.0005222209420462483,0.0563732439542272,0.0011774555239072438,0.056384995402563004,0.07831162380573603,0.054832625879463255,0.0007173787197571659,-0.020508959670514353,0.03843540353822966,-0.018827349344399617,0.03841132965676948,0.8619124347500994,0.04298498107440524
270,3200,120,False,True,0.00099632898247875,0.05326183605291138,0.0003332719260687202,0.05326713122957477,0.07640004728894714,0.05480765472360762,0.0014068030372725853,-0.009134565846987993,0.04699466467836686,-0.008762679154058222,0.04695970539745723,0.6545095306493265,0.049640597506653006
271,3200,121,False,True,0.004440512634749417,0.05331220005828495,0.05390834155812757,0.05331771093962542,0.07636690405069566,0.05570735980193108,0.0027188850554903977,0.020132456864902143,0.07424785466260155,0.07495887460213126,0.07422267229212118,0.590082573334373,0.07693353623984606
272,3200,122,False,True,0.00026154113673157524,0.054035060792650164,0.001372067502826761,0.05406162410588115,0.07057662349280265,0.0544820801583014,0.001257651059990772,0.005953666063306186,0.05904695335746354,0.007246840727102315,0.058900274649976936,0.668722485892047,0.061433709443610374
273,3200,123,False,True,0.005943121508582161,0.05426161668662829,0.0017702922588677054,0.05426259073285605,0.07326179208793775,0.05428656653755757,0.0020878680328498375,-0.007797357541761675,0.05439426253837617,-0.001815900934105894,0.05439071109690381,0.3896668636457256,0.05930269268744226
274,3200,124,False,True,0.0017244111272058979,0.053736131344754696,0.0012944033574528101,0.0537351528305475,0.07686882224582157,0.055859144391414144,0.0010449919778406911,-0.025639682760472536,0.028754180839475153,-0.023194404421260553,0.028750984672545526,0.5818175896802706,0.030212594142565385
275,3200,125,False,True,0.0027837364946518457,0.05402285181861543,0.0004639052582947498,0.05399789331920386,0.07869436345186206,0.05664627249450556,0.0018835095301108274,0.012729464203026375,0.06330507311192406,0.01505913355233274,0.06331170365758639,0.5007383062594282,0.06556227644810919
276,3200,126,False,True,0.0013210162371240174,0.05418607567758921,0.001297505792112844,0.05418624885977225,0.07229464508449994,0.054846455388597934,0.001109001655611741,-0.0054232727805749855,0.04419532823494606,-0.004345234044777666,0.04419443950854273,0.5768025808973657,0.04673514559268632
277,3200,127,False,True,0.005583789798820596,0.057740327070268396,0.0005974367503287862,0.05842510079456264,0.08350774897963927,0.059520907783584535,0.013715144982314608,-0.04249868423894963,0.0157769734009063,-0.03902722058958713,0.01566783347053004,0.5511834328329798,0.017313248081888388
278,3200,128,False,True,0.004228405653498556,0.05157562110383669,0.00030456873803399407,0.05217475595878253,0.07969597123234197,0.05474346635311846,0.0012829631878952547,0.00872301793299002,0.06654652306022506,0.012706927295553911,0.06609728375613741,0.8125785043922247,0.06923497867812994
279,3200,129,False,True,0.001296437325083345,0.05089384749532737,0.0012274671152882046,0.0508899646890796,0.076776672266393,0.053026220967949345,0.0014038927871000923,-0.01673776994207836,0.05136818552127096,-0.016351647195278988,0.05135777190236723,0.8723693062101772,0.053940411785010745
280,3200,130,False,True,0.0020471420885274597,0.05454002679859773,0.0012706728263601815,0.054534577419551485,0.07595515469323068,0.05553781336044085,0.0009185677998622133,-0.013092138280416244,0.04399601331959047,-0.010339832934447271,0.04400251532620516,0.7581238231966322,0.04699624695743393
281,3200,131,False,True,0.005823295330633951,0.05621643502056315,0.00230969805447224,0.05621615141783784,0.08538974806252293,0.05821105208286806,0.002576438124998037,0.0005292005839425762,0.046970310829947265,0.0041559438000855166,0.04696744480849994,0.4210032301314658,0.051190366328707826
282,3200,132,False,True,0.0001688997241726762,0.05334053278926455,0.0005258774905027473,0.05361784353355742,0.0801602662090728,0.0560029498858065,0.0006388928680091389,-0.004586856259441289,0.04964141327515492,-0.00444985198031358,0.04950591871121411,0.4851450673297669,0.05146000106463794
283,3200,133,False,True,0.0021096749968067146,0.05633150845516786,0.001628553775960539,0.05633134084040656,0.0721421749475118,0.05694426127504068,0.0011507006226774352,-0.021751722729055147,0.035511579678234644,-0.018802362039271756,0.03550892583963581,0.5643852261245081,0.03775041675233676
284,3200,134,False,True,0.01062854971818864,0.05406560652581632,0.0017271370554641,0.05403871623576676,0.07110413330028927,0.054137881640573295,0.003372399375098349,0.01600969395984773,0.07566959163717982,0.021803255925066784,0.07568416025125743,0.7008122564365413,0.0797106542623861
285,3200,135,False,True,0.015413005382501026,0.05430425919640907,0.001044861818554655,0.05849937270874648,0.07777151098250012,0.05445981848715778,0.0013166004703719797,0.00930526419689213,0.06819770472525505,0.017480430681077092,0.06533917647238582,0.8226134754990414,0.07265078786925389
286,3200,136,False,True,0.0021219830777521233,0.05938400870871159,0.002829592100862489,0.05925355840876935,0.08850535741637565,0.06138426193926121,0.014061909553846322,-0.03592935318452957,0.01624433713947994,-0.034104154887123456,0.016226339832929995,0.7271217140670194,0.017168420467763512
287,3200,137,False,True,0.0013968178702011866,0.05517152787995436,0.0003807401999823644,0.0551630194750446,0.08465725771056927,0.057164126060834555,0.0018141997304053214,0.004549780170320458,0.05770266047234323,0.005547477826456811,0.05766806315389708,0.779922402553116,0.06324694723746488
288,3200,138,False,True,0.0014651719879745465,0.05336462837996003,0.0011393746334718376,0.05733161078024979,0.07592964576388476,0.054590625478739836,0.001411194553816482,-0.0029617033528492533,0.04936359250169318,-0.0006213253226619031,0.047511415087952286,0.7153368324611155,0.05083114964029922
289,3200,139,False,True,0.0014374015147942281,0.05428041175606795,0.0014866027981889538,0.0542952945652056,0.07991628893541586,0.05637406894292113,0.012974384149513487,0.005840864942946472,0.052629594199427886,0.006762057972343574,0.05257914084951267,0.7627714294152365,0.055611645759059414
290,3200,140,False,True,0.0009145521596419303,0.05196150759491048,0.0011362460321634664,0.051966377680364564,0.07634663632199343,0.05441034211971816,0.0006054652612381504,-0.010664699856588139,0.04486065835908356,-0.008712599782275832,0.04483866571974012,0.47257499620734394,0.04739157633361424
291,3200,141,False,True,0.0006806899996342311,0.05301063767798749,0.000778390541094367,0.05306404905974415,0.07271829604468698,0.05385653379762886,0.0015694106976889394,-0.0008726006989078617,0.055900229844570506,-0.0006709667700457644,0.05582156768151293,0.7031577593138456,0.05852960809126323
292,3200,142,False,True,0.001626801483991603,0.05409273798734032,0.0003340613229568171,0.05577526912354818,0.07437411309087688,0.055100246402323104,0.0010102488700133709,-0.015959718956251815,0.04282264626452651,-0.014637360579019707,0.04209492005768162,0.72031473865894,0.04537584404743572
293,3200,143,False,True,0.005468811430114029,0.0528667590389137,0.00037023081511577136,0.052883466529997813,0.07774970571467267,0.05531875581764126,0.00038208757897844557,-0.020705609180725126,0.03935618701117377,-0.017420541452457704,0.03936091353599956,0.6824831354109494,0.041039232426954175
294,3200,144,False,True,0.0007233698159101534,0.05492737981320673,0.0012790449251789168,0.0549252854849714,0.07771534319273812,0.056998569898261645,0.0010743822003885365,-0.005173901323836536,0.04697827174546539,-0.00330074249435001,0.04698609645422984,0.5223398351586489,0.04958645277157964
295,3200,145,False,True,0.0002563046347700588,0.05301157572785967,0.0007780201354720797,0.052971754488493686,0.07409862942012357,0.054033512340719764,0.001043971561368927,-0.014095141091487049,0.037538491079754835,-0.014341443910866794,0.0374524672693358,0.8821095914187924,0.03877238238004466
296,3200,146,False,True,0.0021715704744958626,0.0554906183803463,0.0018292177159273126,,,0.05484553628181661,0.0022831527151613074,-0.02880080505216046,0.038209880703670936,-0.027827345913477082,,,0.04049221255591262
297,3200,147,False,True,0.003497112250073697,0.05347803328490986,0.0014904023230660006,0.05350788286873964,0.07360279299395332,0.05471041832093942,0.012994292641583752,0.004074940962730216,0.06496721738345655,0.005744627710405304,0.06490368759897727,0.5537338982117779,0.06761305626591557
298,3200,148,False,True,0.005119620191885349,0.05502718391327538,0.0003273176712662659,0.059259158695047116,0.07953735632887673,0.05604081752589714,0.011725618522809874,-0.009303108118455488,0.049554309170408005,-0.004413719850316031,0.04658590048074054,0.741950261776879,0.05168820245300065
299,3200,149,False,True,0.0004300750453956802,0.05676292393588441,0.0006481427983077534,0.057008796431656086,0.08003987917709804,0.05765596444671523,0.0010434480081433644,-0.025431507736394285,0.027671348652961926,-0.025039756087137967,0.02763938818874827,0.5575785780768832,0.029280862369859773
300,6400,100,False,True,0.0002850055077254699,0.05261707601151599,0.0012271064138241904,,,0.05528303160761529,0.0007461034700752274,-0.013335492989408722,0.046026656852021265,-0.011174566400074464,,,0.04794926569338964
301,6400,101,False,True,0.0008378819065777085,0.054431513869666326,0.0013069272215669697,,,0.05672728123262716,0.0007834918289560356,0.007811298278099824,0.05980252061834406,0.009969531321306275,,,0.06220105754215438
302,6400,102,False,True,0.0002452588577589256,0.05184027966629776,0.0011355174892480981,0.051833258060153584,0.07782584491156583,0.0546550605280851,0.00044280778804778304,-0.01558658682055774,0.042557073139216896,-0.013781224485561724,0.04255416136032345,0.612718025719287,0.044543982571499774
303,6400,103,False,True,0.0012820460137709653,0.053456002884199584,0.00018785066886205647,0.053455708317106464,0.08068051135415692,0.05611434926990635,0.0009816043122201122,-0.0006941036107912122,0.05442930295202238,-5.586503959426059e-05,0.05438286734806603,0.4389265202857654,0.056512077007582595
304,6400,104,False,True,0.0018920388237826649,0.053082443850297,0.0004271478170404433,,,0.054219635976752646,0.0006595964721805179,-0.01833696646652936,0.03833503245379084,-0.017277096167519056,,,0.03973823455510883
305,6400,105,False,True,0.00023624560227322914,0.05391881642508494,0.0012084888762536512,0.05718503415868021,0.0771741069897423,0.055388564435332174,0.012168341847304667,-0.002085503191870121,0.05423752571418959,-0.0006876326864729804,0.05316951614373189,0.6614922307209576,0.05709537909468332
306,6400,106,False,True,0.0006478989935186853,0.05308679597689185,0.0012765273349131328,0.05311768400044329,0.07733656024550693,0.054995256026127794,0.02220362556960992,-0.0018764740632309007,0.05761444063566024,0.00045498725534841354,0.05755952594924579,0.7501353974175393,0.06073715937696561
307,6400,107,False,True,0.0022302237250573036,0.053900602552188225,0.001179767926785952,0.05390687741754638,0.07604812024388095,0.05552923632066375,0.0008093238878832176,-0.010257682963110613,0.04202724887127033,-0.007929062106915418,0.04197707355252803,0.42381359476895136,0.043537715158233736
308,6400,108,False,True,0.0008494517841736809,0.05382502139919902,0.0011310494195524129,0.053842206935117314,0.07618098686152865,0.0556515234873528,0.0003599541054780789,-0.013398147565425931,0.03974026531964128,-0.011774683917986582,0.03971838960743696,0.565556572954621,0.0416145606818914
309,6400,109,False,True,0.0022298786524254433,0.053841903832663886,0.0004264019645699273,,,0.055165594404701174,0.0009223732405531282,0.0011075334976404323,0.05819094730463796,0.0029057791535203486,,,0.06164493574513946
310,6400,110,False,True,0.0011352745613285658,0.05387757532964999,0.0028185309889925594,0.0539296829885517,0.07772779821955016,0.05553661640889727,0.0004033334010107042,-0.013486144559560915,0.04322187431585789,-0.009370588030650709,0.04297108290895274,0.8926527112846975,0.045174053737050635
311,6400,111,False,True,0.003976677829948353,0.05393698135770898,0.0014603782533891172,0.05442115353979455,0.08224221220615,0.056836833928772146,0.0132637190085324,0.004542207915801462,0.056250560578953286,0.007988669716021324,0.055913492144661917,0.6727332661680151,0.05916869666778324
312,6400,112,False,True,0.0020898925832831213,0.05207933841946916,0.0012520579369508132,0.052072262974951794,0.07532236569339157,0.05407875051868656,0.0007740144666411248,-0.0015191869941298297,0.058306915965362124,0.002078692927817262,0.058310599603221366,0.7001066160414579,0.06056178915430849
313,6400,113,False,True,0.002249253759311304,0.05435950212253997,0.0011536283635616438,0.05443372318844162,0.07716186920262041,0.05541405676873086,0.0006099250053100841,-0.0026877090917213466,0.05346847049401134,4.521182923890532e-05,0.05338693167736494,0.5803214773164793,0.05606353992417057
314,6400,114,False,True,0.0052227133507090195,0.05465128948012963,0.0010978035480872339,,,0.055383844054895645,0.012371742829273736,0.01882996464898304,0.06850398972626053,0.02264885869722161,,,0.07181433302964846
315,6400,115,False,True,0.0018112548947952184,0.05328526961083349,0.0005852218004918845,0.053302943723022134,0.07485268352669437,0.054883404691365996,0.000806938923832495,-0.004473193795802561,0.04578127612530011,-0.0036996781697511295,0.04572915104118124,0.573807086945492,0.04776240997441872
316,6400,116,False,True,0.0016442066566432717,0.05387945187806212,0.0006424541323878475,,,0.056915486248869086,0.0008800869261758656,-0.01581220859012293,0.03760130970470705,-0.014952671223030001,,,0.03927515689854949
317,6400,117,False,True,0.0012035291863830028,0.053701739559615096,0.0010879956321445975,0.05419389893974204,0.07638781462316223,0.05537601043969459,0.0006818420299009413,-0.007368597962055907,0.04842011903741742,-0.004551992711572964,0.04824858497910477,0.6798095042735582,0.05066633334506965
318,6400,118,False,True,0.001225238683853264,0.05365695787680917,0.001354276334931891,0.05366023119485511,0.08180448570422826,0.05694216296238046,0.0017290368226242487,0.004815159481397819,0.05299427986293708,0.005458817330955912,0.05295277879999091,0.5963279804305232,0.054817725413219776
319,6400,119,False,True,0.0013364931760474626,0.054220865230875076,0.0003208359494798777,,,0.05661003618393283,0.0013151546007898467,0.014934185787368288,0.06406733816596465,0.015844555609852488,,,0.06713293371581575
320,6400,120,False,True,0.000755405351754482,0.055558530673848895,0.0017767039140557583,0.05537035377075608,0.0826024677630967,0.05814334735260314,0.012668512411522078,-0.014314487177099489,0.03735738204516075,-0.012909086221705685,0.03737547864369823,0.5270203949415126,0.038788335365674054
321,6400,121,False,True,0.001166393498672622,0.05371413133032177,0.00030240171051481327,0.05379772928997664,0.07278462523185057,0.05415706474197559,0.011772321535395269,-0.001999251857686733,0.05505795833745879,-0.0011634510023056284,0.055004389387500796,0.5897465964761794,0.057121199295079694
322,6400,122,False,True,0.0009714756757907814,0.053743746279648834,0.0011139016205815578,0.05382701307343332,0.07711355845444133,0.05574132176157995,0.012747394148472927,0.014692720816961059,0.06611774703084208,0.017300258790387803,0.06602927271936736,0.6019772365456183,0.06902130128692524
323,6400,123,False,True,0.002315342582229091,0.05379033208180602,0.05409969684949349,0.055597396189540446,0.07519474354172413,0.05542124205383077,0.0014147506247977517,0.001981860258339433,0.05759070316729449,0.058701927587633713,0.056842191535672985,0.40543314875968967,0.06039504644731658
324,6400,124,False,True,0.002378095587364127,0.053789271227855,0.0004049289880617223,0.0537887488286728,0.07402702369259952,0.05482897316319856,0.012542385746406199,-0.0005785739808622381,0.052271835693652874,0.0009047355808445795,0.052278239400176785,0.48655022820420696,0.054518098827936456
325,6400,125,False,True,0.0008105925385480181,0.05455616378130957,0.001219881904745794,0.054550337002031206,0.0735700539180783,0.05562992310492827,0.0008531304909731717,-0.0006480582833911064,0.053015392426676654,0.0008355437605245153,0.052975613820438666,0.5571062307047248,0.05473200427336605
326,6400,126,False,True,0.003660125831440881,0.05246292293009163,0.000453090093226382,0.05254699660534387,0.08098122020174638,0.05541298918157406,0.000763935349432358,-0.005785647749099635,0.053698484219947606,-0.0026981776753225535,0.05361645770714908,0.3301178269925943,0.05565678210771241
327,6400,127,False,True,0.005927155985598423,0.05410911100563907,0.00034423555834353864,0.05563258803156894,0.07443817597820758,0.05535593474206009,0.00040156531746998937,-0.00404803509860453,0.05178600145196526,-0.0011944964624854555,0.050987192579311724,0.6322956343675186,0.053363014958130894
328,6400,128,False,True,0.0012626289926920158,0.05468868896310103,0.0022850923155032636,0.05461453530135446,0.07111697785236365,0.05413844118855812,0.0014663540310283659,-0.008965812779415765,0.05365533260577543,-0.007404794893297514,0.05361950851019685,0.7515198372121978,0.05688589278912298
329,6400,129,False,True,0.0004832148202648453,0.054310951080376625,0.001209505281585781,,,0.05553904965282427,0.0004952669746646218,-0.014549145850497948,0.03908604393116164,-0.013357297849918237,,,0.04051858583935952
330,6400,130,False,True,0.0007125862889148442,0.05407964920937964,0.0003823291613370657,0.05720238328437563,0.07815084864031227,0.05530710237734032,0.000733018655413492,-0.0021845518319087752,0.05128210377013204,-0.001577844163616321,0.04942047225422975,0.723029280543407,0.05432750171471701
331,6400,131,False,True,0.00329858361846745,0.053780570321441575,0.0011723443961704006,0.0537911487526499,0.07593477562356186,0.05501290956304919,0.001027417132894687,0.01156304880462909,0.06452496440720908,0.01527116898417523,0.06453335075897072,0.6964980236488552,0.06881610353420403
332,6400,132,False,True,0.0006586322811958911,0.0528936143322935,0.0006981540022457577,0.05300838106816491,0.07693486808632194,0.05476741615463145,0.0011812230164361544,0.00024366137952571256,0.05994234021184226,0.0003730208419623127,0.059835184941402136,0.6498753750867945,0.06229700355451934
333,6400,133,False,True,0.0034906661347263042,0.05598367068823544,0.0006168391950282656,0.05596743722398037,0.0787521742958542,0.05622151446006521,0.0011876183604606228,0.010804752296882759,0.05879361982331219,0.013123389221880024,0.05877110685038794,0.6453957373703909,0.06260098440675022
334,6400,134,False,True,0.0008879777406794258,0.05277975632807658,0.0011713968152977975,,,0.05459252458557188,0.0009602998143171171,-0.01669433271059551,0.042910338587235086,-0.015115296179427765,,,0.044710193802348586
335,6400,135,False,True,0.0005246145183269028,0.054656346116595,0.00057687326361501,0.05464827025264889,0.0758307049765412,0.056076161519495155,0.011740790104145759,-0.014314431544934477,0.041848795895059465,-0.013826654870947759,0.04183259514581707,0.6568659185164561,0.04359055355635594
336,6400,136,False,True,0.005103377692926493,0.054450972757090044,0.0016053487780430772,0.05549131218777175,0.07758344785658863,0.05538674072685535,0.0023818422926551288,0.020595443737068477,0.07640149448065771,0.023766216241960243,0.07587595677404764,0.6560478839950903,0.08084424477092506
337,6400,137,False,True,0.004450416183590739,0.057014101617770534,0.0011220684382265533,0.057024762035188824,0.07897176755261617,0.0560228827156482,0.0018267428272362566,0.020386266364177005,0.07134072737672682,0.025346453282413802,0.07132522495151129,0.49392154186913684,0.07690327954942106
338,6400,138,False,True,0.0034498818257381147,0.0543223826092762,0.0006520321617276606,0.05608346616375967,0.07791502922433036,0.055830139946185936,0.0007790292800292189,0.013392666773102996,0.06557642414445582,0.014988944136676521,0.06454751032709226,0.7937544815063093,0.06854116103194297
339,6400,139,False,True,0.0011664803264236597,0.05447830719762447,0.0013174230922608921,,,0.05578595607801035,0.0006743493728477168,-0.005492772566137294,0.05003832993245965,-0.0031489124433446997,,,0.05192567063023229
340,6400,140,False,True,0.0038447226976177844,0.053943557186095475,0.0014517522472534056,0.05388449922941389,0.07770067487399941,0.05621511019209847,0.0013655218196164365,0.003990716578903857,0.055476845733439646,0.007597166749705423,0.05544971701014994,0.6318520969621123,0.05724777715489637
341,6400,141,False,True,0.0016468933399163672,0.053391304608980346,0.00033057922103841306,,,0.053081873880270934,0.0016350211453569068,0.01142118626899027,0.06417372294955932,0.012637437682529545,,,0.067364769423085
342,6400,142,False,True,0.00305378596324699,0.056007556540978005,0.002974800216655526,,,0.05831468657211773,0.0032200094156981237,0.028113647182302866,0.07617817151855008,0.030992989002498132,,,0.07961462837098127
343,6400,143,False,True,0.001660080322598301,0.05347155184281409,0.0020946332835183935,0.05425830522145321,0.07883639297624719,0.05610942619194978,0.001015356221680124,0.01948791264113813,0.07286065717231154,0.021960946914119685,0.07224862148790884,0.5905619060424033,0.07547492995607535
344,6400,144,False,True,0.00348332934489689,0.05316363775013621,0.0014109204921874002,0.05319980732092148,0.0708681011157719,0.053387731138596226,0.0015336843792204031,0.0022556046221626847,0.0631410579904565,0.0021452573499270685,0.06309771923427426,0.6912816898183219,0.06558870855642723
345,6400,145,False,True,0.0013424528983544087,0.05452714168250547,0.0014140954692931857,0.05450889543986558,0.0762096475621035,0.05504487187812139,0.0009273483187682117,0.002601630871466262,0.0580422489869158,0.004655059223180693,0.057971362197965705,0.8955270921508556,0.06183397146900127
346,6400,146,False,True,0.0005315577595459722,0.05295327146603228,0.0011360833305218956,,,0.054680856373620364,0.000991654545128079,-0.023727506215257432,0.029622157105709163,-0.023486613255729823,,,0.031164536944627175
347,6400,147,False,True,5.032921694901281e-05,0.05361560212174443,0.0011900069754179142,,,0.05577404110267243,0.0007334913808046535,-0.006495462374774551,0.04655418504820048,-0.00528745500812858,,,0.048672030595846016
348,6400,148,False,True,0.0008528115218903135,0.05403792034202636,0.0011933421252081154,0.054034974108629605,0.07817640615041097,0.05624882103601994,0.0006862669483490844,-0.006872619631255793,0.047906954888472554,-0.004802745101498498,0.04790752998713565,0.6418546622293312,0.050065964554461995
349,6400,149,False,True,0.004683994214245884,0.052996459381746845,0.0005617350014869221,,,0.05454530737850994,0.0009617196705438369,0.00970932356698423,0.06446205094547863,0.013431292993167303,,,0.06676750721917801
