,n,m,use_location,use_scale,MSE_wellspec,MSE_misspec,MSE_surels,MSE_NPMLEinit,MSE_NPMLE,MSE_thetaG,MSE_EBCF,SURE_wellspec,SURE_misspec,SURE_surels,SURE_NPMLEinit,SURE_NPMLE,SURE_thetaG
0,100,50,False,True,0.014064880679216345,0.05287568288485937,0.006671616511990945,0.052881927689209435,0.09431167332902043,0.057607658698672376,0.014478615402135145,-0.06681390282208455,0.03741985604457334,-0.0561139661633111,0.03739759981707778,0.8920195819317952,0.05962920331688637
1,100,51,False,True,0.14015511837527284,0.12053553494341679,0.02824587969862661,0.12053047140037015,0.10173728776020954,0.05709676484943018,0.0441788271010571,-0.08411161784983887,0.07215274479747037,0.018352892165393993,0.07214971034465378,0.7115564784210633,0.13488051789703626
2,100,52,False,True,0.36547092856263885,0.1116377201101966,0.10097508456754889,0.11162294382596732,0.07056129820069733,0.06805632622561002,0.05773906228515148,-0.13855818093800526,0.09976609517381434,-0.00381138643751461,0.09976106363821644,0.8262294495019507,0.13935707301459932
3,100,53,False,True,0.2141636470185305,0.10841289828426508,0.046047988519992894,0.10840648358902336,0.06504132559012431,0.05757971651552578,0.04625519801610343,-0.11386477127047485,0.0727582123367673,-0.014317913387037518,0.07275630624433398,0.9151668141727363,0.10939278170095157
4,100,54,False,True,0.05233313032400927,0.06349677995740274,0.0015984295724064943,0.06350399917755152,0.09786820897453423,0.06641422267236123,0.02913394975039645,-0.07691460378986256,0.043830396237379714,-0.012469702055193979,0.043812403500547104,1.0391564014377197,0.06195712292021549
5,100,55,False,True,0.06719079909192821,0.07154421714000424,0.018157847185441892,0.07153538942297209,0.10460930244498134,0.0751983422170322,0.051946999234733074,-0.10146217561482526,-0.03645556452804684,-0.06405859571642358,-0.03645892158878013,0.6662186601896808,-0.025334300277732424
6,100,56,False,True,0.29542014259708393,0.12582907052931108,0.029493631210506716,0.12581552182559735,0.10902255615974997,0.06697061306475727,0.035916644761438965,-0.10503227389208598,0.022530187138119117,0.03709826911857116,0.022526009666223173,0.48203023483788854,0.06827728754099655
7,100,57,False,True,0.0531695942334203,0.06898913089595286,0.0062621707909208445,0.0689706072607816,0.0567589617645169,0.048181128413468804,0.03133515590182662,-0.009396814384436371,0.06055215514191673,0.0278636119938169,0.060545500602224606,0.9446731733883402,0.08911374096834607
8,100,58,False,True,0.11515337029879286,0.06678187225495295,0.010233107615824215,0.06678868717235104,0.0877353614834329,0.06917684072190719,0.057609466325863834,-0.07550619605049212,0.038183337983613015,0.0064088019674218445,0.03817023997137177,0.7666172902782235,0.05091333463094777
9,100,59,False,True,0.251666102923825,0.17311226200275112,0.058556072389140006,0.17311602861824443,0.1222102783823336,0.07040917576980624,0.060163733594638925,-0.10829899356357321,0.04645404447046943,0.007969017830100655,0.04645340351526045,0.6018504986659979,0.15925402704953232
10,100,60,False,True,0.05489621670687152,0.06526178106131944,0.05646803838242079,0.07492260346667468,0.09936806570871579,0.0708954485742931,0.05063206346316912,-0.08080542149971935,0.027739015564765025,-0.07338714979691167,0.04409067075150858,0.8260884297004825,0.053892642759798826
11,100,61,False,True,0.03199009253865883,0.06207640134546227,0.0062159186778851395,0.06207724923105844,0.07565528592642841,0.05337890796073662,0.034196360368515304,-0.055812817588198824,0.027090751746608674,-0.036453718808008545,0.027077900948521076,0.8185039846494867,0.05023899642890822
12,100,62,False,True,0.024788443381706937,0.06388450191425743,0.06430493780637943,0.06389477640408275,0.0663993912842439,0.06269169732774214,0.02449815797136217,-0.028292029980805676,0.01355335219539242,0.014131500086655344,0.013540628798462323,1.087899008131487,0.02456446060645001
13,100,63,False,True,0.2883942600380623,0.09444134462366977,0.027978898340699797,0.0944352124233339,0.08843412930577815,0.06828843277528963,0.047519388745337766,-0.11613720774988474,0.04995524227627882,0.03413018011742936,0.04995793355210069,0.7049717997029596,0.08023118267300261
14,100,64,False,True,0.05047710389574482,0.0662664271958669,0.010354923700812146,0.06627428737331681,0.07996653915202814,0.04918581270528297,0.023691398570874857,-0.06041552230964555,0.05396992324000486,-0.01185546862165416,0.053955093326372605,0.6601285901488364,0.08464184354327325
15,100,65,False,True,0.18000999445488045,0.1592911893696037,0.037711988880129395,0.1594005808966635,0.09440640664612354,0.06168954378749059,0.051021669180476105,-0.03826281527311189,0.084609973048547,0.04436787559422478,0.08460779568098019,0.7673081662438364,0.16798814310734883
16,100,66,False,True,0.028093058661720093,0.061067646280701854,0.0068703955382234064,0.06106529641196997,0.10837648749996116,0.06635365500626109,0.016529741316798265,-0.024208430427813527,0.04930930262483187,-0.0002391405104972577,0.049302448008912876,0.8453463846572614,0.06698649357680175
17,100,67,False,True,0.22726294206974326,0.0661380113409808,0.040521188481656575,0.0661352851431424,0.08193727212866125,0.06056418486789851,0.0317614248221612,-0.13482315478489384,0.08266376497238603,-0.005276816998884666,0.08265146268908957,1.0344769920905437,0.10439023986172768
18,100,68,False,True,0.02939786949378942,0.06278797413857325,0.0027603269402712498,0.056689378523522196,0.06949161458761574,0.06132030262106371,0.003526322628991643,-0.13894674510002228,-0.06464302139371803,-0.10774353432291221,-0.06588600719940146,0.5207710038531262,-0.05326318449021383
19,100,69,False,True,0.11383589344613307,0.052090566474110214,0.048632217030736793,0.0520889888834885,0.08295599130860039,0.05785628684038653,0.04490769201004302,-0.20377205979052754,-0.022621605630549126,-0.1417966269925588,-0.02263717453377936,0.6544944198764675,-0.00602643273929121
20,100,70,False,True,0.028775920262891008,0.053862126928914546,0.001270013979629721,0.05384978283716585,0.08942150157551859,0.058490909246426165,0.005005424978525044,-0.10004114585537888,-0.0016953749954761576,-0.0695911799915217,-0.0016973846676908977,0.8604255677465548,0.009181909354863294
21,100,71,False,True,0.13681615391701252,0.07148114871513783,0.03507880241676581,0.07147669644714362,0.0966551059502268,0.0640148095312771,0.035627595371819684,-0.1273047498114952,-0.018781050433457694,-0.07468171721997338,-0.018794960384434633,0.4782338251971508,0.008328503423542355
22,100,72,False,True,0.2473763121779143,0.12361447633568928,0.040990905946900684,0.12366824377857105,0.1018689330966421,0.06266190393101921,0.040569203476152886,-0.09357387074010694,0.07864982052825426,0.03676773618745763,0.07864869319665907,0.7299423109127002,0.13326211430663887
23,100,73,False,True,0.08113876061614747,0.08129228235895074,0.014233701019805835,0.07799323920050248,0.06811003543772035,0.07935048665769165,0.024391178652960692,-0.21872134033224722,-0.07672649927591309,-0.1478263682298984,-0.0769924675839863,0.9444633014872901,-0.06494265351583173
24,100,74,False,True,0.10584389696012408,0.06834289265459582,0.06309532432787092,0.06834066972062335,0.0872012857994703,0.07100498018412998,0.055468237667373924,-0.1476567748064378,-0.0549300459376763,-0.09806839248036407,-0.054941860522881004,0.32461133362884664,-0.04278438907280713
25,100,75,False,True,0.10071253421242025,0.07734512192450234,0.009464419167577044,0.07735367671364403,0.08630075240683724,0.060307922916152126,0.0173271298675278,-0.039724307667444995,0.06825684467816302,0.0239896070541315,0.06825242313286076,0.840437755552897,0.09815578665541552
26,100,76,False,True,0.10750326707770926,0.10232658158960824,0.037349571246075464,0.102324748022326,0.1497437882488824,0.102325469584422,0.06838574172632905,-0.24652309202952835,-0.12827089079840676,-0.16525001269068434,-0.12827145904676115,0.32005641009127983,-0.11723586032166244
27,100,77,False,True,0.12256231875614082,0.05239811135813974,0.006425209381633617,0.052396623050777365,0.08979914774239425,0.05660990589456019,0.030743107240309396,-0.2091246227832502,-0.013619014586661891,-0.10269237264469062,-0.013632810932985748,0.7247480564183257,0.0005830946474768006
28,100,78,False,True,0.1196800828287569,0.10766698415233707,0.02627094279532489,0.10765238519060644,0.06462241382280752,0.05600521590685789,0.04088035248703703,-0.02994111410335652,0.07290367464716,0.016545041115337035,0.07290209125639799,0.9049138050494889,0.12387450039376019
29,100,79,False,True,0.0853537199891159,0.058915834052596025,0.008013716417090113,0.05891445199707667,0.07506282175365757,0.05444171338831012,0.03409539527262752,-0.12614973161749907,-0.016551094237407468,-0.040294285078854276,-0.016560009899836317,0.5039222322382453,0.006452346743079929
30,100,80,False,True,0.07683361323325695,0.05564213503794226,0.0019365304059112208,0.05564091995086931,0.08259853364398827,0.059327193469962694,0.008215611376039838,-0.11244126864411254,-0.0034054249766329293,-0.04897875055396386,-0.003413073154863895,0.7200340624367633,0.011155746464515559
31,100,81,False,True,0.2963669321568146,0.16279649163054188,0.03766840472558339,0.16282851493086503,0.11003559615700358,0.08221507726300313,0.06865086822680894,-0.045214233301421144,0.08302271683802388,0.08495878618277855,0.08300811889557252,0.6817126125926413,0.168406574210878
32,100,82,False,True,0.06348790123036702,0.06519408210915595,0.0033208721691697905,0.06516222842706187,0.08839525231003548,0.0637397798277387,0.028796952301411587,-0.044094203400792814,0.0407894272596306,0.006216384416645851,0.04078262918971575,0.8867558387197468,0.05738608631442155
33,100,83,False,True,0.04106608801787119,0.06111209603761914,0.024738720915956566,0.06110581100549825,0.0675573031239438,0.06078510558436399,0.029961624704050782,-0.06847871261226576,-0.030643492305889027,-0.054598887048698884,-0.030644983353295317,0.6649614214530076,-0.01982841732664209
34,100,84,False,True,0.04464049273943012,0.06760224009722739,0.008636149647335181,0.06760270824759654,0.09405219887005778,0.06760449432052196,0.01798549598823625,-0.15449105253324008,-0.09273068733650745,-0.12342840209971638,-0.09273270549657113,0.7425451081214548,-0.0805207040496626
35,100,85,False,True,0.08190829512224056,0.07513411023364502,0.031019288388080244,0.07513048709671426,0.11680859394525384,0.08113621340593552,0.028024703562898712,-0.11736434190554455,-0.03961621771861587,-0.0750226855161204,-0.03961851697653273,0.4397989494349123,-0.027913351038104772
36,100,86,False,True,0.1489034699089007,0.06167645328114066,0.06323562021421494,0.06167895816234623,0.10245047763659601,0.06245944693889137,0.0702352047456167,-0.13823894225164007,0.02640163726373615,-0.06294766057564412,0.02639559630208865,0.6003680587771566,0.04491213394772109
37,100,87,False,True,0.24363420517663745,0.19228773501528618,0.0372162800298876,0.19228348677611581,0.06982949875957323,0.07170500982983326,0.05771219868316095,-0.044525255050180824,0.05247921600210056,0.026596666048418927,0.05247436334645279,0.9299494474135386,0.13684512183876457
38,100,88,False,True,0.1258985742798657,0.06419501473607653,0.02012288567397924,0.06418639696816712,0.06265430903669507,0.04732382855602093,0.04871477956485516,-0.1494559829424425,0.054167773238771776,-0.044458331325759,0.05416698807947824,0.9898604966107852,0.07749774455016595
39,100,89,False,True,0.05147385109413378,0.0664391996531624,0.024712773477813647,0.06643636912025444,0.08849589840678773,0.06643997498970472,0.03293136354548661,-0.05506305019841804,-0.0230253479286219,-0.033698852682494965,-0.023025730190551527,0.5701799890454617,-0.010822198196593802
40,100,90,False,True,0.13326030986917706,0.09626678360935834,0.0373084429398349,0.09626569097061781,0.16298395526217285,0.10275083410881486,0.05984445733396989,-0.06095335524776477,0.042004029636615314,0.009178812731895783,0.041999449615142195,0.8028315389767274,0.07152674501191997
41,100,91,False,True,0.2466801784512258,0.09553187348329681,0.013744672112682979,0.0955281044721894,0.09172175736364388,0.058451745327358834,0.03543889940637167,-0.137449716668844,0.06065436145211976,0.005569929610649715,0.06065496924565885,0.5763620039532029,0.1045791768376334
42,100,92,False,True,0.1633149124475214,0.11416981813891294,0.044532198028097165,0.1141734489211566,0.06286044248322159,0.07289875286155159,0.04935429669284367,-0.005320933762587569,0.11727956127603946,0.07565823137915183,0.11729003709223833,0.827233324430577,0.16978755567318282
43,100,93,False,True,0.21381545351675565,0.052154808195131255,0.02971292307563897,0.052146708768440124,0.06322259138771011,0.05170286958284502,0.04030487624391184,-0.13384750067619602,0.036960079997085844,0.0007728891740672417,0.03695097900447614,0.7212021184666233,0.05106892542059188
44,100,94,False,True,0.04063585106146137,0.04917501859055908,0.0018656260206125939,0.04917326583213311,0.0810625133269782,0.0541328327775145,0.015314182617564768,-0.09524743243765972,-0.009154469688156794,-0.061446490271564236,-0.009156775387883514,0.7482731721135609,0.0046350134771449
45,100,95,False,True,0.01177029753754819,0.04975754814719686,0.0015713235139918642,0.049759259398956486,0.07333469763979146,0.05158528781292962,0.0044633469625014275,-0.05711990771667168,0.013621853849966854,-0.041514921215743704,0.013613947783586725,0.8430874981308838,0.028002287884535237
46,100,96,False,True,0.0783102488236957,0.0754449043112564,0.054903245852755994,0.07544978269117485,0.09734726859129005,0.060523935332677005,0.02019040210722621,-0.0786416965711108,0.04363328064301093,0.06486477478373506,0.04362533570632848,0.8856893602547512,0.07736504512730197
47,100,97,False,True,0.14271765894627053,0.08166324006150848,0.0061872204936404985,0.08165853859363192,0.08802971020797239,0.06195651525095677,0.03790000382507726,-0.04611229944106715,0.05284767736104264,0.03199065555831042,0.05283605678012563,0.7356130729076387,0.08066340031966357
48,100,98,False,True,0.1967710786808471,0.14551576458820017,0.04006200206464967,0.14552399972612387,0.17764770946914987,0.11552370075806023,0.04872767849119296,-0.12441440012246234,-0.029494079219535722,-0.040769886881757346,-0.029499572648228282,0.8275574572341968,0.02314100036144695
49,100,99,False,True,0.16604297344123353,0.06638471342039866,0.004542854031708097,0.06638183718706356,0.06843647848580799,0.04839302741223591,0.018718475847826443,-0.05273844712385014,0.07556693728002088,0.03214910147478459,0.07555692893291585,0.7317443363631031,0.1046540464696269
50,200,50,False,True,0.016157617711871998,0.05906600581375074,0.0011927266319086006,0.05906777767236839,0.06406520645138487,0.047352614198080616,0.006787218292122773,-0.0072980763393438106,0.04448341908992887,0.007839380330042216,0.04447085062599733,0.6892831758968961,0.06258027256099552
51,200,51,False,True,0.03510252366489891,0.06922832403061623,0.012755355225759124,0.06922894714123179,0.06378738423430443,0.05185724725676405,0.014763493084558066,-0.07621650405711693,0.016526287681905814,-0.055380938253694646,0.016511397804692792,0.7529395517229593,0.040810347535905345
52,200,52,False,True,0.07510078885298911,0.05849936449627945,0.056318398006044636,0.05850165914638665,0.06312019457374884,0.054517334384331685,0.004932281083986562,-0.10325409133538603,0.005322372065185519,0.011369486489167326,0.005308798142989204,0.8866926809969962,0.017234992159022855
53,200,53,False,True,0.09457525361159895,0.08167849507970928,0.02165349458511918,0.08168261754225263,0.05874942358442426,0.058556190464567,0.02688751196061324,-0.06571141284170336,0.057280658690362,-0.027144838456505706,0.0572695338919813,1.0146760099657819,0.08002198674854144
54,200,54,False,True,0.17361157692873205,0.11263979331928628,0.009257550036210921,0.11262200840251917,0.09498644238140125,0.06117293783676236,0.02872405983171066,-0.055428219147656624,0.057138330804483176,0.048214389689650514,0.05714302913582465,0.8454932882364359,0.09702461296001097
55,200,55,False,True,0.007421502895357995,0.05971632622957165,0.0023365619098969868,0.05971507860481586,0.07345234742822913,0.05871524722968585,0.005444210901982993,-0.03513367730211752,0.013695913869242276,-0.03207544871961201,0.013689197541759696,0.7891980943005499,0.023422942337649633
56,200,56,False,True,0.098538204410963,0.08816309749330867,0.016482943787268306,0.08814854212290038,0.09434121173695754,0.06369055386814165,0.04577214666561803,-0.0308870265921803,0.08677172122116239,0.036091133395337975,0.08676493117079154,0.7355558876860283,0.12391723190994147
57,200,57,False,True,0.04825269632247787,0.07863072649943095,0.02790487509870897,0.07875538443105942,0.1262938953458113,0.0859589441961309,0.0400787000225672,-0.026121874683073813,0.018551036072607587,-0.001552402607506418,0.01854559546469652,0.9341415689580572,0.03429880859353496
58,200,58,False,True,0.133421228512719,0.07914710167883411,0.0028811160014182657,0.07913953744861922,0.06634213444979023,0.053593701693165234,0.01610453485018499,-0.052979286049888365,0.06360736698958164,0.024387878886264935,0.06359997765585497,0.7384988070492853,0.08669851674182072
59,200,59,False,True,0.036474344184123944,0.07955600597823537,0.014717908974048394,0.07953576679189957,0.06776712564900968,0.05196173990070632,0.02740479174183801,-0.004892254665653684,0.08401093079191987,0.019418957424846176,0.08402298490547622,0.8601892532832318,0.11670244773464672
60,200,60,False,True,0.24456680927562705,0.14235778172375255,0.009932746488653787,0.142350003064258,0.06674581326552648,0.057128990035634805,0.018819196319466144,-0.06160146686699162,0.09485593583659607,0.0704055919765891,0.09482696463778126,0.8126178232610763,0.15456612680076165
61,200,61,False,True,0.06669214846144748,0.06790839521085781,0.014394188896694587,0.06790538924874721,0.061109598133045145,0.05614252575106664,0.019650989013269136,-0.016299795665109414,0.06109890163717445,0.01083451869946143,0.0610864976327386,0.9625447829894686,0.0731003097818736
62,200,62,False,True,0.01742157481127553,0.0666613050629282,0.012718072680425742,0.06665897041652301,0.1328686113621834,0.07733443669656466,0.014283982502033346,-0.056857804490465735,0.0033619024225853876,-0.052182648523831004,0.0033572348173223077,0.8585381531389428,0.012060960107868557
63,200,63,False,True,0.022925148715760825,0.06187483886731005,0.00990955586840358,0.06188913740066729,0.09282724716087647,0.06673677278779172,0.016825543595841087,-0.011677567332160549,0.038055755761794784,0.0059650107112217896,0.03805116497740101,0.9267011144873157,0.044305829686377196
64,200,64,False,True,0.009950584125410927,0.05163743904774967,0.003002265972901906,0.0516431672677894,0.07079826076860818,0.052129934126618746,0.009259407950460485,-0.06554420607276944,0.018059361849961774,-0.05381756578491437,0.018046125637726503,0.872715741071616,0.027258611037874525
65,200,65,False,True,0.11775086401128552,0.06397887506591478,0.0023590978867936104,0.06398064787341562,0.07157234868472512,0.055814871267331465,0.02957935323411729,-0.09452326415517215,0.046496266404270015,-0.011798181424906224,0.04648379102740606,0.8351624620773379,0.06465727634728757
66,200,66,False,True,0.020038772080049404,0.05540362959448016,0.0014382318581525996,0.05540629485305293,0.06707271677914552,0.05249867202727266,0.017938143499570514,-0.01987431941215844,0.05699378921249107,0.004624987053192989,0.05698148303618496,0.9398966344155124,0.06598511764611159
67,200,67,False,True,0.027893136007265732,0.05987066675482299,0.02534527840383291,0.059886971998620385,0.0814782269349719,0.06139322610455174,0.04490691328377885,-0.07402400577032842,0.04021087209174851,-0.06949607816077223,0.040195934693702924,1.0752521846916938,0.0479961179143229
68,200,68,False,True,0.012079064089655669,0.05076944833910467,0.0010548413056898915,0.050770364570035115,0.07112916923690252,0.05141823496153356,0.0035551021430218323,-0.030376039098741443,0.025691186441705583,-0.022753103241074372,0.025679089980087257,0.8133610662691811,0.03525238317408069
69,200,69,False,True,0.0449298316082397,0.06538186018157681,0.005819783244684986,0.06538129133492035,0.07406889468077515,0.05235202268422959,0.02220507988165154,-0.029601972001712332,0.054648986835393244,-0.0013165210712441345,0.054637103342052316,0.8303342598313597,0.07783096723384553
70,200,70,False,True,0.09633606737154439,0.0953544892413892,0.021534207719955033,0.09534184581552277,0.07719937663596099,0.05681687609083604,0.02469942367886343,-0.014981172808476103,0.08373012276890208,0.02649441811156394,0.0837249807766014,0.881573285069785,0.12054223215303272
71,200,71,False,True,0.0208428338068671,0.05862576115547173,0.00495562991130783,0.05860996085259317,0.09118136112435744,0.06191878508832646,0.007864823971731449,-0.08922356238565257,-0.016610606364819206,-0.07079812145878142,-0.016614194985289005,0.7651464274271399,-0.010986599172195743
72,200,72,False,True,0.10797587927268579,0.07379860290049725,0.006211459373657223,0.0738024589110754,0.08000049726670971,0.061700854974102805,0.012431557919927769,-0.04489949596188377,0.06143977435183175,0.03394859130614883,0.0614267940033389,0.9683464219029128,0.07558189542213012
73,200,73,False,True,0.0744546532899741,0.07317642442313961,0.050401136761718035,0.07317224270437611,0.061671418969097856,0.049715571908533415,0.013331954125026895,-0.04191641292154646,0.039946848076655925,0.058142148478299224,0.03993861359222905,0.6711711569942415,0.06408408570048546
74,200,74,False,True,0.08052706603860205,0.06844763696900785,0.017077063583321818,0.06844815321517228,0.05813986893757253,0.046434816319240096,0.02044856113295463,-0.1072626941924035,0.032456573105136714,-0.03878880346419937,0.03244383863486419,0.8382467211679142,0.05813823145171165
75,200,75,False,True,0.05964814419357814,0.06556670632787193,0.00963923724411297,0.06555843430805602,0.10225089258510177,0.06914209174047145,0.0171995339357535,-0.08395844538699301,-0.010563079884307172,-0.05244135905308986,-0.010572972705461581,0.6093732196441273,0.0004278883418129542
76,200,76,False,True,0.021962811709685445,0.05446077598751898,0.008404962876182922,0.054461290662555874,0.07212409533837222,0.05216125578723859,0.021043803438759286,-0.07100512639689768,0.034375926679597484,-0.050119404515435305,0.03436468666481254,0.8788078467921983,0.045757166075799105
77,200,77,False,True,0.023527706403997654,0.06418342232891115,0.016165543401052803,0.06417544741711327,0.08196357147980635,0.06690169508378407,0.02013895287566008,-0.0394440468116223,-0.015408890678986112,-0.03420326827387686,-0.015417855965777676,0.6852223956781083,-0.00896899031433307
78,200,78,False,True,0.023342786980736233,0.05848518887982091,0.00453902295567284,0.05848632121051711,0.0877087515096772,0.06149626582645715,0.008075230134667096,-0.02892180659852218,0.028059768889670524,-0.009944386344602428,0.028055991728279536,0.8744922566296074,0.03842186291375277
79,200,79,False,True,0.09832053542150904,0.07731700450911273,0.008933973246507331,0.07731888659249696,0.09353333204318216,0.059584390752960736,0.024781432559269477,-0.06841470963379458,0.04096756162982679,-0.003485994499180496,0.040954577227204254,0.6717531140415395,0.069062044922242
80,200,80,False,True,0.01668410123158635,0.06364215529312814,0.011520410867582908,0.06364443677542946,0.06063944982093137,0.059101643175510275,0.013798871752278563,-0.08229215014698292,0.010159724446458043,-0.07262018493666644,0.010150515030939005,1.0861307448586304,0.018765439561168606
81,200,81,False,True,0.021456831090497314,0.06786894065029579,0.012211207968557411,0.06786379597029649,0.09818989503167944,0.07168257773301169,0.025723987216861928,-0.059146405508833516,-0.02334309585994724,-0.05459434478500375,-0.023354832013625926,0.6888116375184441,-0.016756372659611385
82,200,82,False,True,0.008237397341021692,0.05174867440634731,0.001910392278729033,0.05174904055135721,0.06721047448186904,0.05438279035824938,0.008101326617603984,-0.05366445301312799,-0.0013162758607425217,-0.04489065773025727,-0.0013256665836858873,0.7733966794576452,0.005411880456137386
83,200,83,False,True,0.086864880613581,0.061281686409236064,0.0017903305219850432,0.06127923521999094,0.0754074620537704,0.05434169260699861,0.010641390580007282,-0.033880368533228566,0.05160900354446085,0.019788509087722606,0.051599276924284045,0.84362110120718,0.06660890810848463
84,200,84,False,True,0.11641038579785688,0.06680067613133518,0.008714987738671505,0.06680493896915637,0.059504229618249346,0.050708159526478135,0.023849324321975757,-0.09766953496276871,0.038501077231185836,-0.023486133224777828,0.0384886860788351,0.7896872744940414,0.05820412567006428
85,200,85,False,True,0.014528184254148918,0.06474921809117219,0.012879470082286954,0.06474170340864888,0.11160206297465601,0.07077382972702098,0.014723386196249202,-0.04486091777134735,-0.0030779913667797845,-0.043153187984158306,-0.0030812588125387207,0.8236949486519133,0.0036699422519549385
86,200,86,False,True,0.04884787511281555,0.057122959289431785,0.00557678728542341,0.057167107061973026,0.08353627115502499,0.05156880311625203,0.017968206374572984,-0.06231490964551995,0.048535612915041,-0.01350920489400653,0.04852518273007654,0.8887137473404877,0.07375209552715706
87,200,87,False,True,0.12050326472198725,0.07264320279160498,0.0042130398164801665,0.07263558045129775,0.06940426921528434,0.05781327200260313,0.027644056749165584,-0.07394695605876087,0.06081281726902205,0.014476528084859093,0.060805774910328556,0.8677643672347384,0.07722404473094707
88,200,88,False,True,0.13574872976049604,0.07920834690589826,0.008412099290892433,0.07909953397554624,0.08513992312325729,0.06129685797807752,0.018297179214695036,-0.026848334834540254,0.06975686805443544,0.04127120372560041,0.06974862687208123,0.8245039100053368,0.09704851757356298
89,200,89,False,True,0.018097463582974673,0.060461842750096834,0.019482246623176987,0.06046014588088949,0.08741043191443419,0.05161191235151054,0.028926500143061824,-0.02507830324948833,0.052731642245941616,-0.021002125775480867,0.052719610102716245,0.729047845691373,0.07837436943014986
90,200,90,False,True,0.057427458360663805,0.06520914401757627,0.00900545363604667,0.06521928738926185,0.08626600954503523,0.06479733427370726,0.017573044912686003,0.010540826462462185,0.04663620978250428,0.027358902414323875,0.046628950527621386,0.9154280478676097,0.05893346930533855
91,200,91,False,True,0.040765726554924255,0.06668214282785116,0.0060210432824077224,0.0666801315092165,0.09525458821924909,0.06383668916873257,0.007471190845730618,-0.018684344531487766,0.04564349115592599,0.014968137964551952,0.04563238299268548,0.7145906629614507,0.06302361416316626
92,200,92,False,True,0.09129502159022122,0.08546016093846066,0.08640201138589693,0.08546133319626088,0.13399546477850346,0.0921946882998085,0.05664390101081799,-0.054061881448436794,0.03370299721000912,0.039946462680543554,0.03369867379101315,0.8769960942115961,0.04545104355722085
93,200,93,False,True,0.02259061803976357,0.06072354476470436,0.005177674208626989,0.05767960702681265,0.0791278048000474,0.05898157255488186,0.014130810783701746,-0.06674697639274729,-0.005468255715171751,-0.04681314962914862,-0.005704988314963515,0.7537848331857194,5.030786384951913e-05
94,200,94,False,True,0.008063166866208511,0.05873830506576734,0.003952560709516446,0.05873744511900972,0.09694665570054227,0.06491547503277452,0.008434470410781181,-0.05192044173535749,0.00380791210808809,-0.046763231377154886,0.0038069352698008175,0.7901943162570315,0.012212526276344393
95,200,95,False,True,0.026665413269908143,0.06413203561327782,0.0015936639262409858,0.06413299969895171,0.07881294769123727,0.05844105646713753,0.0171999827691383,-0.03586101928640676,0.04799054805837038,-0.006551625640255992,0.04797977823213259,0.914343304226741,0.06384596910362755
96,200,96,False,True,0.016668486871990216,0.06063731016760311,0.006271609087044657,0.06063244634798373,0.06704614802143087,0.056560401386303666,0.017652958909628372,-0.0045461597554210436,0.02480007796861351,0.0017202334677550613,0.024794688460603426,0.8303368751922795,0.036576733190714306
97,200,97,False,True,0.07642688935555265,0.06827722101439475,0.002848843810106155,0.06827200189864172,0.08381917702843249,0.061436394801765895,0.017574079718427234,-0.0477988082977505,0.05005392031897863,0.01758310312643112,0.05004361499170003,0.8321620082984924,0.06411675985668952
98,200,98,False,True,0.03793358432046695,0.06312662990337121,0.006781809748303884,0.06312888246452314,0.08822581747298588,0.06623333088247897,0.0102302657204457,-0.07693831241499283,-0.01345577229545789,-0.047575142490871906,-0.013453910400219798,0.8318051135673977,-0.006685815211100676
99,200,99,False,True,0.12737166909397474,0.1210777915563811,0.013535487277332583,0.12102917129110337,0.09781012670466924,0.06943987972880655,0.0207611652041782,0.011217932955503569,0.06309727219971159,0.06158038885092085,0.06308840416658412,0.7638796834973054,0.10758766285862387
100,400,50,False,True,0.0026037950929690273,0.0551767439935651,0.00155659044418088,0.055175460881701596,0.07226425570413329,0.05472633219649173,0.0019764852000432494,-0.027396630309776758,0.029266091966045522,-0.025217301823516013,0.02926073403518352,0.934944301895392,0.03600014967426651
101,400,51,False,True,0.07741331010876298,0.06769109742115365,0.0043681508528577466,0.06769641437125248,0.0633635973894294,0.05044757906117946,0.016929708379231967,-0.03603072633643342,0.06316789109626797,0.012555645497915284,0.06316165537764754,0.870550318447489,0.08137870613668574
102,400,52,False,True,0.04352662344103744,0.0754170337869594,0.02300464390022908,0.07541595643705357,0.06889866749495022,0.05665028527013055,0.016182538393694705,-0.01754500314430299,0.03643065669821319,-0.0033850063481345363,0.0364188344985299,0.8178228549238048,0.0558520805696433
103,400,53,False,True,0.03947850738740248,0.07237389379068886,0.007840272479611207,0.07240794533682494,0.07009498029980465,0.054712852626502724,0.009395322707304313,0.016582980735046098,0.07867555403973953,0.03183470333031802,0.07867041350750227,0.9660253301126523,0.09917731324192264
104,400,54,False,True,0.02082893291261721,0.0558530434742736,0.0016916242213806634,0.05585084194235104,0.07112541464370636,0.05185765950516628,0.0038916645481436043,-0.025294818159129723,0.051476578760183855,-0.0008483002168864395,0.051470005101187585,0.9345511942129936,0.06255612780233932
105,400,55,False,True,0.0776596180194119,0.07925195181340379,0.0017402834672661396,0.07924749011111501,0.07494324095566383,0.058854506044325745,0.004720199167453694,-0.001450550289212309,0.07314403004752179,0.045444468932998,0.07313848440403938,0.8628858269760579,0.10018535839654341
106,400,56,False,True,0.029203446412295383,0.05558260123479391,0.0026247431446264017,0.05558314149684404,0.08371960412324686,0.05856106768308242,0.0033177622716363967,-0.02628930272148573,0.04045181411146473,-0.0019741226114970865,0.04044865198399222,0.9554375648836967,0.04684687174121677
107,400,57,False,True,0.10344732650258226,0.09983571470257947,0.008895520487658279,0.09982727695479206,0.09128519136651776,0.06423933653750559,0.010522091553263425,-0.01210035614853367,0.05855695337602207,0.04366091429722161,0.05854645788823483,0.6766235327548332,0.09137006610435566
108,400,58,False,True,0.0425485338410186,0.0735478545666131,0.005258237197850395,0.07354901382368918,0.0643672719504798,0.05246822543307885,0.007948524288930107,-0.0009221302412738197,0.0692950174713058,0.016692766430862618,0.06928370600992018,0.9414335156611628,0.08989064909079941
109,400,59,False,True,0.03907174577232444,0.08197824946756185,0.0026286777365439164,0.08198346773616137,0.0800568219351821,0.05284786047043644,0.009997655884159995,-0.007062573815015734,0.047018476794034,0.01680181122084395,0.047017004053609174,0.8218622308230681,0.0772293530431652
110,400,60,False,True,0.06663367928124753,0.07979241283201988,0.0063625637594976235,0.07981188853097104,0.0889126660267512,0.06212903736225905,0.013660060382707076,0.003828926791839249,0.050862876796741646,0.03046457546452428,0.05084915065213636,0.8048544458645371,0.06912893708914086
111,400,61,False,True,0.03315934071639462,0.06319189139753927,0.005657894186195865,0.0631899968041749,0.09530381874744981,0.06234906707788434,0.008524200500262234,-0.021449784469168797,0.036411529915994126,-0.004102626761248542,0.03640580131416059,0.809820486424449,0.05016712255670491
112,400,62,False,True,0.017779950763761272,0.0598945760438971,0.01174077242221834,0.059900843786651385,0.08732922863201542,0.059786842516776934,0.008422483990532031,0.004021645919026693,0.042553589900766936,0.010665774727512942,0.04254164315443923,0.7836202924525559,0.051344223216559515
113,400,63,False,True,0.017286252349654113,0.07292779950022446,0.003977860590313065,0.07294339841023198,0.0748724979565946,0.05356213556502909,0.008555242982957949,0.012488294288374887,0.06685057786702941,0.02358132395968226,0.06683671618897236,0.915243036312809,0.0916953432952764
114,400,64,False,True,0.009164004002794044,0.05979624632221518,0.004209647493540868,0.059782281885193196,0.09531809052635547,0.06574755672452366,0.007104905455923363,-0.05856858473643084,0.008613926291671703,-0.041526084793061004,0.008607958839161612,1.0255615166288963,0.012649154577600297
115,400,65,False,True,0.06741854179553453,0.08337441817079316,0.00829480363335581,0.08332268591694972,0.09494909196511642,0.06487370155248516,0.010811713082590024,0.00014734863076518723,0.05230194355285448,0.03345605080192257,0.05228946563158132,0.8094355856853461,0.0754547925860547
116,400,66,False,True,0.0853290056040613,0.10752321750690719,0.009575820218658125,0.10753230827628954,0.07606666859517304,0.05684964686693807,0.011473827780058137,0.022286858786212477,0.07115698912717193,0.05475648224935042,0.07115461364184299,0.7923087548307143,0.10753321596813387
117,400,67,False,True,0.03390550454677951,0.06303173396312049,0.012870021518530575,0.06302847762190829,0.07644015346120962,0.06286210193321277,0.030742387308515258,-0.022461795057350183,0.014376175716655552,-0.0019208081695153924,0.014368083923369142,0.6987194047970873,0.020182132235601835
118,400,68,False,True,0.012229646849523348,0.054550178289944344,0.004204988698650075,0.054548888814173774,0.08571947007647726,0.057361798847470426,0.008918143922878439,-0.019615483702944286,0.028016747570888186,-0.012803693905593456,0.02800559337548428,0.801853707163609,0.036633652529203475
119,400,69,False,True,0.028250756619325856,0.052708642143191105,0.001108497105822913,0.05271073068000164,0.07161754514138899,0.05155529963017805,0.007061501341462087,-0.05224024377975314,0.016094562138460305,-0.03734647999231746,0.016080786662747856,0.7432360402804161,0.02717560097688193
120,400,70,False,True,0.00908966828241598,0.06010763341494483,0.005331348950122472,0.060110900604700486,0.09574931444258976,0.06124461435001204,0.008330715374606298,-0.0027626679796695533,0.038205363605907795,0.00034967362003894385,0.03819915468443725,0.7781575618031136,0.04818893780896716
121,400,71,False,True,0.02014996776511078,0.06323685851599913,0.002546233987759199,0.06323610278740173,0.07044904836922897,0.05298104323205227,0.0032730014323236493,-0.024873355600455307,0.05001885033988899,-0.009999152729464137,0.050007349635472806,0.9143648986605704,0.06705379853586707
122,400,72,False,True,0.044098656631194416,0.07402890630090857,0.002353769685044776,0.07402482353510817,0.07147321550497232,0.0571711763460325,0.0052813193192261035,0.015655353577115144,0.08170317421634721,0.04221396060491906,0.08169783595792893,0.9242687585206231,0.10389135177435443
123,400,73,False,True,0.031498340013394494,0.062088566136308865,0.0024264877561423702,0.06211926383970171,0.07411702388619186,0.05607084035110396,0.004268008938183142,0.00977309580154538,0.05216175755250013,0.0205192901144961,0.052150449295692736,0.8641589299006668,0.06313474385797657
124,400,74,False,True,0.04775002604493916,0.06785361407178392,0.0045707014238160195,0.06786658061996825,0.07137782070147133,0.05417819914620597,0.007152586009996363,-0.004981124681192253,0.06296355494198352,0.018691659662856255,0.06295074670819524,0.9124469393360876,0.07989469316766518
125,400,75,False,True,0.02485890340560769,0.0598957653626814,0.007181862181706279,0.05988763946227547,0.08195374495336971,0.06177518705460696,0.006438871357301345,-0.06973816836574426,-0.017949412445637164,-0.05311795263742141,-0.017955162742994517,0.8105655124393938,-0.015059571125092097
126,400,76,False,True,0.06170864514443103,0.061630516873020076,0.0017939529388084666,0.06162838320996748,0.07499870381704904,0.05277750258808833,0.01276931861965081,0.05472155003845778,0.05473322774195431,0.007519471041858024,0.0547248031901799,0.7964658527960973,0.07384077575599135
127,400,77,False,True,0.044190166108973486,0.07456995249062465,0.0016180469989466,0.07457253949444265,0.07916898964446557,0.05821452409651354,0.019209919127689972,-0.0005733782449310931,0.05320844026712493,0.02433591294101618,0.05319626425116084,0.8580339902733987,0.07179504471505255
128,400,78,False,True,0.019280863271878727,0.060957464914105815,0.001364842227245423,0.06095567327811403,0.07202816518329015,0.05340931498669879,0.005736909582552447,-0.007380759401977544,0.04463752402580539,0.008611640832073452,0.0446241276280999,0.9027435808563056,0.056468921972148256
129,400,79,False,True,0.03767808567246466,0.0595939738394378,0.000662669066880707,0.059554814795543594,0.081518408726011,0.05664905239701709,0.008742044450330657,-0.007021707574664634,0.06249580007568909,0.01684383207688703,0.06252930999201915,0.9721475251307874,0.0771138631835156
130,400,80,False,True,0.03042934335721459,0.06366371129743027,0.006338182430646949,0.06366515888750393,0.06295611073393548,0.05506567871165483,0.007616411708476795,-0.06710619388279473,0.004925000228685548,-0.05139259846917124,0.004913084159231715,0.8850486066944623,0.019715594355656063
131,400,81,False,True,0.014587491905519194,0.0567859359596369,0.0027648149585584726,0.05679221191432141,0.09775818638618171,0.06340796665894216,0.007695865082453815,-0.05568533231399091,0.014033803304863285,-0.0426302979578381,0.014019492300175287,0.7484564003457257,0.021873059781131465
132,400,82,False,True,0.04700580767405329,0.06171173188237182,0.004944975701313223,0.061715936129619314,0.08787643381263904,0.06265839465386193,0.008432376419654452,-0.016989492915854564,0.03860027431598994,0.007624401634138089,0.03858748818075746,0.8766882588356029,0.05094116860357267
133,400,83,False,True,0.03611885453574939,0.05372330772902156,0.01680266277218776,0.05372178393929972,0.07333201583152711,0.05690179644305813,0.005259171396605759,-0.08617587649425888,-0.03048782242448219,-0.06916029047136052,-0.030499548480443082,0.7389226844734519,-0.024742390803758674
134,400,84,False,True,0.0273623159379475,0.05419757782134904,0.004182450484047774,0.054207074818807384,0.08654762534088208,0.058445622999349946,0.0044931592224810605,-0.04567267084567113,0.0300533199160607,-0.026653226484046996,0.03004058848216559,0.8068124837124147,0.03545913673604473
135,400,85,False,True,0.058264797808824646,0.05851426553133185,0.006453691438330699,0.05851533866680184,0.0819823829242345,0.05866993022883789,0.01095876162675479,-0.038219812765583165,0.01869267113369908,-0.009409173134078568,0.01867888374077957,0.7824113273671225,0.028028427167436865
136,400,86,False,True,0.0013998037312558673,0.05609178455872076,0.0012288038111408542,0.05609395873977914,0.08681437472237732,0.05784064273697009,0.004594503218231638,-0.015568691816954592,0.03942194903768908,-0.012215141796903937,0.03941192409784776,0.9247219807540834,0.050426598610813
137,400,87,False,True,0.03646184358645897,0.061832550805337644,0.001717253236699843,0.061833621610558,0.0800085049872397,0.05670993539970706,0.002729255800262137,-0.009571747603649825,0.04799626855085272,0.013353652320825233,0.04798270987620676,0.812973686986243,0.060744048408754636
138,400,88,False,True,0.10623858047187013,0.06012383177631625,0.05511129160215447,0.06013517082670444,0.07841992979451524,0.05721376837067553,0.017377784850014417,-0.046311431476093894,0.04856419456185684,0.05547516224617913,0.048546279304990066,0.8065073570189021,0.05876710877360808
139,400,89,False,True,0.020634120703044337,0.05593191369808102,0.0022060477148323197,0.05593320202259866,0.07753293214128769,0.05828707489231604,0.008944226166051093,-0.055360398128136507,0.0019246246760745579,-0.0421387994564099,0.0019129131101724539,0.8558578748962604,0.006653933439762283
140,400,90,False,True,0.015020794673727038,0.0572383814478343,0.00812624786885528,0.05723856996165895,0.10187924275695397,0.06469549697841763,0.014312868046234148,-0.022936652780303594,0.019563633103686515,-0.01680133707156635,0.019567245707650685,0.9344169540530501,0.024964382795024942
141,400,91,False,True,0.02307858698044033,0.05716950367030502,0.003572189275309985,0.05717317046272887,0.0654557262402883,0.05208785074928641,0.020977791470829142,-0.03194722338097248,0.059069335479652735,-0.003598914364846846,0.05905666820384973,1.04199750906624,0.0687304877503302
142,400,92,False,True,0.03517783576577729,0.08500075857240798,0.007807004542719595,0.08498979808364625,0.09630872292615479,0.060500147422191855,0.013404310203635195,0.025398290408602895,0.06514184918259218,0.03757304638655801,0.06513064570400275,0.7409051428990441,0.09599799943436343
143,400,93,False,True,0.058423199527949034,0.06518509708507403,0.001596560937348097,0.06518019937153251,0.07293778576718983,0.0538174153459963,0.00981814364383764,-0.016536977743155303,0.0454197874074071,0.008900486195736322,0.04541408693652194,0.8437803719062497,0.05916868222170152
144,400,94,False,True,0.08305775769689444,0.08724150159774041,0.017127313040084823,0.08722666799926257,0.0636860337987521,0.058604162416331526,0.035969542113005334,-0.03305670347386857,0.05834353346847365,0.0040409732306560565,0.05833796412904576,0.9722845295041648,0.08019077069074321
145,400,95,False,True,0.023164607494633355,0.05581489254946479,0.0024142826314185657,0.05581294044954314,0.07957523796993866,0.05845432955072829,0.005255085429526777,-0.06984736362963348,-0.009965661674927375,-0.05278761871541281,-0.009974300469181187,0.8228250282047139,-0.0042435149328414745
146,400,96,False,True,0.01622170456711427,0.058603965923361416,0.0006642787686196088,0.05860420748477865,0.07875771361505172,0.05562665693781197,0.004275782104547805,-0.015175380449628772,0.04319716841399753,-0.00013313241174725432,0.043185254384336604,0.787150834636667,0.053643131576521896
147,400,97,False,True,0.006970720493422432,0.06261772788802554,0.007294184144109947,0.06260975718336065,0.08748357363222241,0.06550785809795488,0.007994869794712294,-0.05221035711502411,-0.013056580311359697,-0.04878883385378441,-0.013069811569925562,0.7646981077257129,-0.009739269458088562
148,400,98,False,True,0.05807881477689739,0.06518723671383966,0.012713337896522726,0.06518369156143565,0.0782099479923234,0.05843155068392254,0.020351934360600232,0.002022212800625287,0.05940593259170868,0.028573677689548705,0.059396567660390365,0.8253667632788586,0.0722220877584624
149,400,99,False,True,0.038386868130917975,0.07134378846661937,0.005189623156884253,0.07133597260405038,0.07858479300479555,0.05476535023922623,0.008623900089962564,-0.048665537479268973,0.03141593241437711,-0.023885097996076264,0.03140688389449032,0.855942679159146,0.05275256334224632
150,800,50,False,True,0.014955658116428435,0.06120405831966525,0.001539127651535626,0.06119533045168934,0.07686577174856025,0.05619273247279927,0.0017770652269653822,-0.017537772291842394,0.04069072174923918,-0.007953026797541226,0.04068311596105709,0.886108867968342,0.05168479275170862
151,800,51,False,True,0.006818076027907053,0.05440359635365244,0.0026318102480581322,0.05440294451851036,0.08914727297227466,0.05843333823723431,0.002381334776521645,-0.032716796786314783,0.023439050087807445,-0.026865992404212276,0.023425235436077687,0.9042733987040512,0.029026903021534434
152,800,52,False,True,0.023960898291105634,0.07112410471097755,0.003195911564435081,0.07112218150348644,0.0869178500175712,0.05768197550240481,0.004527709405942275,0.01226604192238327,0.06303253889404509,0.02224515035174443,0.06301978023188369,0.8680515277769112,0.08406066085435049
153,800,53,False,True,0.019893794690814783,0.06156258776085476,0.003545321339571159,0.06155182264943511,0.07579169384747586,0.0543732721604211,0.006322054949290607,-0.0074912332549959505,0.039866293924235234,0.004577530557755644,0.03986055541639303,0.8613150857447373,0.05166400695704132
154,800,54,False,True,0.008465517018029277,0.05747062738412636,0.003058356082192869,0.05747213549405024,0.0738999880574748,0.057750251729054174,0.004165487970363831,-0.0215656280955807,0.024139568488387865,-0.013244723173786253,0.024126743081573778,0.9074913660165994,0.02839880604919004
155,800,55,False,True,0.014899597928804433,0.06088336263715543,0.0012549380416602188,0.06088316185919682,0.0768945553554582,0.05512141630142525,0.0052822550266521185,-0.012426575619955499,0.03221215335022308,-0.004435201146301577,0.03219939924767566,0.78734316012583,0.04494862882260725
156,800,56,False,True,0.0027873517166946875,0.05793959089300473,0.0019260110998814662,0.05793882704939955,0.07583186167158097,0.054236547897409754,0.0029146973309668992,-0.022436961228815024,0.041307810415070846,-0.022038118513096384,0.041295142098947794,0.8697492533919023,0.05131311058047827
157,800,57,False,True,0.014868745926329842,0.05990037153887764,0.006133350192107942,0.059896023003654555,0.08509873621383851,0.062024200001075495,0.030391412022061998,-0.0251195414856816,0.012579269621815712,-0.017915274424127502,0.012575026206747567,0.7464525115131012,0.018301084795151246
158,800,58,False,True,0.020889175995655828,0.06659027996551665,0.0017563424713577345,0.06658041573038433,0.08229554799950313,0.0582934405330886,0.002404562848450669,-0.0010564099598869238,0.055946019514983125,0.014776443737840275,0.05594206774014388,0.9203593969677347,0.06911612448967103
159,800,59,False,True,0.014286262710636126,0.06190287731224281,0.0011972089948000281,0.061891247898381935,0.08237589734861489,0.055692866957767866,0.004442708914040174,-0.013255082887491328,0.0525683556272481,0.0018406253115610372,0.052563244426125096,0.8938287821371037,0.06584976971423095
160,800,60,False,True,0.013219496515400357,0.05690053949772873,0.0020829800416797342,0.05689917040899786,0.07046210860795515,0.05339593771365404,0.0017207526754485212,-0.025732008269287312,0.031946642678329126,-0.016022844190836584,0.031934563677466415,0.8627975444912022,0.039548721010399746
161,800,61,False,True,0.0030199986091270226,0.056928804415702035,0.0020343281327142603,0.05693046327587324,0.07526343655579511,0.058171163311826,0.0024578222816928922,-0.03127332543396635,0.018196007738172783,-0.02830643230713597,0.01818927067342827,0.9147746700574808,0.022409850185208968
162,800,62,False,True,0.007543509874594119,0.06240018106015102,0.0039272621455299596,0.06239701816281551,0.07319709324528313,0.052069019214957664,0.014538094169278412,-0.0015358128160822427,0.06173859020236478,0.001966996320090795,0.06172648540615768,0.9113503565842013,0.07656743116024395
163,800,63,False,True,0.012841539152059373,0.059787105202011796,0.0015451556891406628,0.059783176714050014,0.06616650767192316,0.05232441898909736,0.004042133523242015,-0.009926453719437409,0.047640749752621545,0.0002565667491116824,0.04763308666156419,0.9293174568374047,0.05861273505506842
164,800,64,False,True,0.008968368597296793,0.05831750401447145,0.0013917325782667285,0.05831585528599109,0.07167090457405181,0.053290291146747965,0.0043853060998958115,-0.019086222132037027,0.031286574775457016,-0.012555515968395445,0.03127515757123476,0.7867479336961619,0.041111508149602016
165,800,65,False,True,0.04352318007163113,0.06528379123285365,0.05169594509353355,0.06528146714923116,0.0733163237006678,0.053500155874050964,0.0034124058593866776,-0.002317973500342925,0.05645709038093656,0.06829247196600308,0.05645068461300902,0.859609110351079,0.07070602968149892
166,800,66,False,True,0.005895105920639807,0.062001837840597845,0.004645216184454359,0.06200237690963432,0.06845168352092909,0.052022305335738504,0.016135399105874634,-0.007426214105495522,0.057791125663578885,-0.006497958846437288,0.057778504940070474,0.955605340111203,0.07130812826709038
167,800,67,False,True,0.031933739180888876,0.061310708767839124,0.0017363465167932717,0.061297251143825636,0.07368813523717196,0.056244104330722855,0.002425445331952457,-0.03604702267729524,0.01734570609353419,-0.01961440459656522,0.017332250423677423,0.7255752783959677,0.027971914950837395
168,800,68,False,True,0.03985571176505325,0.06983367896730906,0.0026182347226613775,0.06983289313160729,0.07509568439744725,0.056401869644377475,0.014713122379119686,0.007851745286871383,0.05547773093689202,0.026900523577195627,0.05546850882589851,0.8117732706964361,0.0720294048373924
169,800,69,False,True,0.10005854295510284,0.09300987389242675,0.010826596327306447,0.09300423232155224,0.07682715489905181,0.05832657955006524,0.008501879822129865,0.01765708888914797,0.08375794066561952,0.05797775924015484,0.08375109153702724,0.823479574142634,0.11229464354795748
170,800,70,False,True,0.040182943604923416,0.06229789172518054,0.0021806170305617542,0.062300623043640105,0.07082607668866642,0.055060192265704584,0.01662454322535527,0.0007680943186845224,0.06178866507865756,0.022257549176216793,0.06177627873980207,0.9383886595106716,0.07185760544838499
171,800,71,False,True,0.034250846735160705,0.06758281046217203,0.002727389035286143,0.06757889448967927,0.07428551815490128,0.05508218363932817,0.014007622509547953,-0.001111245750512444,0.06534234767660294,0.0197715986547409,0.06533569230080757,0.9510464367400894,0.082701553215145
172,800,72,False,True,0.004538326218449182,0.05667028930098754,0.0019683173604374818,0.056669803517374204,0.08767401946414742,0.0577745548440177,0.01353849157988737,-0.018171946498418422,0.03964275546344496,-0.012753982875329398,0.0396305866042394,0.9343305894907218,0.04881836039345905
173,800,73,False,True,0.033933577127738986,0.05803113605475927,0.0014004882720412126,0.058033601213628404,0.07736140930239181,0.05531677123084619,0.0025200534064430138,-0.013370392244974659,0.04729587546757607,0.004538649100595605,0.04728402842683593,0.8563818946429632,0.05730252909725819
174,800,74,False,True,0.005954879732290753,0.05920368226471803,0.001635993359433294,0.05919990624666105,0.08503241921018356,0.059254699881978665,0.015714619477397183,-0.01133155269277531,0.04158064283513454,-0.003410156416431379,0.04157425406640641,0.8886345948436255,0.05066605862031248
175,800,75,False,True,0.0029079137066843307,0.0572444290227828,0.0003270255500393408,0.05724381207556925,0.07640437755398856,0.05539519280055243,0.001302517003250693,-0.01632580845128733,0.044039809113727346,-0.01360271640639724,0.04403136888261649,0.9039987656618272,0.05451203170229285
176,800,76,False,True,0.008542758985165882,0.0688885498370259,0.005958773009183299,0.06888959547621223,0.06491753354581847,0.053961052242067306,0.008556964590919262,-0.0071814122200785455,0.05304803823121702,-0.004343477459838458,0.05303632931240692,0.9533541521507728,0.06797095249889262
177,800,77,False,True,0.0129400232634955,0.05626882246501183,0.002696585645248469,0.056265714842167885,0.07998224207634073,0.05818534597478212,0.024520780148362196,-0.025340702662129188,0.029329740978304316,-0.015712971679420328,0.02932330284888792,0.8778605903466711,0.034251752983324835
178,800,78,False,True,0.028452239385168717,0.06824000396317352,0.0019986235575018664,0.06822099913752783,0.08151571915113763,0.05385522080734159,0.017437252053344923,-0.0007984080866711896,0.052297475280855966,0.0184774668572134,0.05228904930968014,0.8366746863080516,0.07070550389894259
179,800,79,False,True,0.027584794242941087,0.055739502731947485,0.001351709428170327,0.055742905553697736,0.0822009652360949,0.056271813350896274,0.01559000573477572,-0.05505368161141581,0.03691485680385135,-0.029801376236636954,0.03690139956157765,0.9251106776894218,0.0441869099880115
180,800,80,False,True,0.007438311922265894,0.059703442702802964,0.004487910607120087,0.059698786234951895,0.07830829316856387,0.058959062785748105,0.004655947936823257,-0.005450737268301201,0.02554711592274515,-0.0032039274499097606,0.025542303824046472,0.8797538495047736,0.0322489924776751
181,800,81,False,True,0.004986285677013385,0.055148603505989637,0.002449261039021818,0.05514443914196877,0.08402338815996518,0.0557989644846684,0.0037787281126914173,-0.027202417236053888,0.033432955961435626,-0.024410218176477858,0.03342094675055833,0.852723341524736,0.04323006348031694
182,800,82,False,True,0.033439996372352974,0.060711083257060296,0.0041439979152489695,0.06071516773070785,0.08869785935472091,0.0594905775650122,0.008243845563077787,-0.01804665676331417,0.04381715675365662,0.0030438373545893585,0.04380722754566015,0.8621053989477778,0.05328380411335348
183,800,83,False,True,0.026377336503798678,0.05983193272024688,0.003557829351718163,0.05983192647555904,0.07822787514177088,0.05795263251429359,0.017682774132104357,-0.0038725512118020678,0.03750344789622744,0.007963478910846974,0.03749253313451618,0.8689539839499701,0.04567885446603853
184,800,84,False,True,0.005987390176365497,0.05689519441314378,0.004522037759168539,0.05689833112478007,0.07819810308282568,0.055312967201692,0.004092181113049876,-0.017951865725413577,0.0455140470523304,-0.016211199547582735,0.04549984917322597,0.9191571129987004,0.05604280238031356
185,800,85,False,True,0.030674413163689473,0.06481304182427437,0.001818480688582856,0.06481247222009526,0.08136509492141306,0.05643987195978083,0.0032056418333148234,-0.009414498748912021,0.054657033546864325,0.012973533013587026,0.05464281348852325,0.8738513866531002,0.07034875398916868
186,800,86,False,True,0.0028292682452799867,0.05998105222089341,0.002212335020450656,0.059981498164476614,0.08105244532393358,0.058150633731297606,0.003951878841952944,-0.0026141474541630204,0.03292911706718627,-0.0023618399432432345,0.0329157436367386,0.7678203475821076,0.04221202662449536
187,800,87,False,True,0.0057540013676920625,0.0546707613980351,0.001842225682882139,0.0546586539223488,0.07695640497178323,0.05263512028069622,0.0016884236407905464,-0.026376937791477897,0.036714233581881785,-0.021919284677695345,0.036700585588724695,0.8009207164144833,0.04695416060398189
188,800,88,False,True,0.023016027878092104,0.059759343684928676,0.002459408940943117,0.059761380043518386,0.08062841071551852,0.05391775804691422,0.004366159803021393,-0.016257450995239314,0.0557784305652325,0.004354978225996406,0.05577061876075767,0.8714652778950783,0.07019713141634176
189,800,89,False,True,0.0024666228238231906,0.05813161277718023,0.0016672355141838615,0.0581202609415901,0.07774255903240862,0.05742658271249357,0.003683824572298315,-0.01798419787344364,0.026003084100606345,-0.01652534032591399,0.02599748535538346,0.7932576862440567,0.0328008301046091
190,800,90,False,True,0.0005333154491181101,0.06135128286579048,0.00047962296110235376,0.06135035002410924,0.07390355747307692,0.053888549390647376,0.0017831379542576232,0.005993160837390703,0.04804879308230312,0.005505210548401355,0.048036118021570505,0.8970924460940382,0.060867833050806563
191,800,91,False,True,0.021052890217271553,0.0656773515614111,0.0030928522613908934,0.06567644955463611,0.06790003909011857,0.05433694408796422,0.004487730251667715,-0.009176297158703982,0.049217506822124765,0.005375090429338023,0.04920466854922232,0.896314631495928,0.06126388954583423
192,800,92,False,True,0.03720406072781962,0.06577008061659366,0.0031583789780292404,0.0657600507779387,0.0793497019958452,0.05636562774787629,0.013076153772511095,-0.03116005782683871,0.028747940585751978,-0.006993973674216703,0.028735894693079942,0.7596863624468853,0.043006469191313124
193,800,93,False,True,0.022537729971141993,0.06491455221145985,0.001411464409543729,0.06490883533817747,0.08481452560337079,0.05736807948970192,0.002903461093763881,-0.006084186438566488,0.0431623467628922,0.005902136028755575,0.043150478397801846,0.8192477582521269,0.05864379499205774
194,800,94,False,True,0.010707835670237554,0.0629101187096932,0.002459747313296176,0.06290534021047804,0.07775631934607172,0.06095125492448198,0.0029631990186742337,-0.023353437173667925,0.024744895703184114,-0.017068868926482763,0.024733078676590026,0.9039365486176595,0.03180751632085438
195,800,95,False,True,0.035280815360893364,0.06880981262247131,0.003782169678306126,0.06882858652000903,0.0854727807912033,0.058732108702160744,0.007435639788753697,0.014545793859089275,0.06820583261659521,0.030877707129524007,0.06819624371159279,0.8637742104056337,0.08633914883618471
196,800,96,False,True,0.014707495850268364,0.060796257488611415,0.0016226548965350227,0.06079247942094151,0.080649235423973,0.05451525947832228,0.00526623926313711,-0.005738919154560571,0.05026109819044365,0.006779887237274013,0.05024842209938072,0.9101614109202412,0.06276779407838168
197,800,97,False,True,0.004155946902959847,0.05450046074382751,0.00047954406941006395,0.05449806846847772,0.07894191121043556,0.055546501996390496,0.0010260759598491988,-0.02953591862847851,0.025702782601013042,-0.025972502001742902,0.025689998650485962,0.8837006474891441,0.031987240626827285
198,800,98,False,True,0.05052440219785934,0.06700899362671503,0.0038976620781052095,0.06704109461601951,0.07899859216007192,0.05819000712370076,0.0038162734391657635,0.008762013895037769,0.057842668824845664,0.026780937312599,0.057835670693425455,0.8865930398956824,0.07243146808313417
199,800,99,False,True,0.012608174679333062,0.05636902013078697,0.0027804989432378712,0.056369654734633325,0.07362129104480566,0.05642444351993009,0.0035199038208649515,-0.01903596581111021,0.02505347891593033,-0.010440071687080624,0.025041322041243107,0.898656100545975,0.03012057799588097
200,1600,50,False,True,0.05716055787639828,0.05716387931901684,0.0011985333961568561,0.057162269569538175,0.07540480836669826,0.055105566281764176,0.0008166787522698726,0.038820471409043364,0.038824894520662526,-0.005984779081086753,0.0388130660813269,0.9451357839137011,0.047021819266129916
201,1600,51,False,True,0.020203066561145153,0.05990315478395037,0.0011466321543563863,0.05989944752469492,0.07737998718491595,0.05557268049540864,0.0008531339882635544,-0.00392452557442398,0.049759825971919795,0.007289851760961019,0.0497518965684165,0.8861965750773719,0.060477701571133136
202,1600,52,False,True,0.003778940874227385,0.06536108921434301,0.0011336709697725457,0.06535235118459033,0.0770591511454914,0.056356298716785436,0.002218289513553608,0.009405037252923298,0.05053485489803947,0.01214579180476726,0.05052844918879629,0.8839759605703992,0.06372681610842734
203,1600,53,False,True,0.0010791985945765167,0.055038899491552745,0.0013456539209586581,0.05503646089091043,0.0769620371037616,0.05347215944363737,0.0008511456292634942,-0.010539838553499247,0.046387456907041984,-0.007737041058243239,0.0463748453404466,0.943019920819497,0.05530331681198675
204,1600,54,False,True,0.006416126401626312,0.0610219435576556,0.0015818549223176484,0.06101662783162359,0.08441390608826348,0.058198055206514096,0.001862592952172917,-0.014806856443753272,0.030930629124934512,-0.011233271694484253,0.030923701984652753,0.8108334312968387,0.04155527035833606
205,1600,55,False,True,0.02925867560923173,0.06746275057533095,0.004708294592597812,0.06748733718756766,0.06634925175382006,0.05159183245554369,0.013051827364766752,-0.0010191772473380446,0.05820150029033108,0.015129673396703272,0.05819114963627015,0.8881053074057081,0.07525433283173955
206,1600,56,False,True,0.012307097269282084,0.06012379514003692,0.0020976105295368737,0.06011965689290963,0.07897485709906284,0.055962702228473084,0.0018776426530296459,-0.004063543705116892,0.03584285684076562,0.0009531125080350256,0.03583047239968536,0.8694824355050108,0.04559136541698455
207,1600,57,False,True,0.006355101131282767,0.06194037320328735,0.0009170118871997143,0.061936552187759675,0.07217049567975144,0.05599348025824809,0.0015454377338092794,-0.010821955035379725,0.03507174316193293,-0.00802865001166649,0.035060515938663314,0.8742686234171627,0.04455875339778642
208,1600,58,False,True,0.002079060479352714,0.05827711327214853,0.0016668418046229597,0.058273462611151475,0.0756581866146444,0.05726822381408028,0.00139802699027359,-0.007260989549765108,0.03686098910886273,-0.005467679725291563,0.03685366276576531,0.932466908310941,0.04241267871831783
209,1600,59,False,True,0.0001912337084981299,0.05960812205568247,0.0013554669964651906,0.05959465816277484,0.08129882699556058,0.05628431179617227,0.001413262606735747,-0.011333556065285648,0.037598154212890623,-0.00980364755629691,0.03758417926868866,0.863896736188957,0.05053317065009111
210,1600,60,False,True,0.0072971556064210874,0.059940247665713556,0.0012519510670611106,0.05993707234182054,0.07780505479453813,0.054898033101304214,0.0019463028852714503,-0.012416739963066688,0.031148304562938378,-0.008503211859307613,0.031141245880909524,0.8056183816220736,0.041907656869172416
211,1600,61,False,True,0.01052285197022719,0.06725742094051528,0.002497051754234184,0.06725416277531936,0.07881775326463134,0.05749880444268884,0.0031580069671996074,0.003215379809466511,0.0504309124995185,0.009017834292584917,0.050420579048317433,0.8866756609286484,0.06406653312683952
212,1600,62,False,True,0.008749609663278967,0.059436275640479846,0.0019936976408055527,0.05942911401729985,0.08632240960138102,0.057249470747744884,0.0027757094165170707,-0.0067446350999163796,0.04577930700444895,-0.00042815228589376586,0.045769779586341035,0.8391967654039522,0.055454837344091845
213,1600,63,False,True,0.0077097414288761915,0.05906411803671275,0.0009368554986320574,0.05906234775846387,0.07824072915168102,0.05662304942884396,0.0013866060693975865,-0.005865345058102165,0.03775502434319634,-0.002903178274282823,0.037746584858522565,0.887299447528345,0.04761146287897744
214,1600,64,False,True,0.010319744051566014,0.05788330943017636,0.0035266268697791143,0.05788455335896831,0.08562993253653679,0.05937082462539111,0.0033491822513340647,-0.007851698981105125,0.035192481577404566,-0.002732299270839676,0.03518082735530804,0.9098661757347182,0.04141980372106363
215,1600,65,False,True,0.0011413660194945433,0.05451445617249915,0.00029868649545720623,0.05451731190851647,0.0746309758430698,0.054126040604842676,0.0010727746662507571,-0.013736480957891952,0.039374123266187125,-0.012494112174536146,0.03935948026557412,0.9266948645529104,0.04663860023640343
216,1600,66,False,True,0.0018467425804300221,0.05887041525334027,0.0008490773161387285,0.05887152196199561,0.07540739672461398,0.05406666674377459,0.0017188612491401563,-0.0053331741455340965,0.05015937387560399,-0.003805477136160766,0.05014578549862108,0.9482325351366216,0.06135285290584852
217,1600,67,False,True,0.030830980101165716,0.061400994439132155,0.005286327222577289,0.06140219715349844,0.08000915172471956,0.05775800609481962,0.001818094750552099,0.004229317434540623,0.055756195418429404,0.014554788647222905,0.05574264279065552,0.9138559970249241,0.06532119545361503
218,1600,68,False,True,0.0024605747870643153,0.05839239381306004,0.0040567236280527235,0.05839450982693527,0.07339748887093575,0.056744640952304734,0.003064123036003978,-0.006307220319973887,0.044299086774308875,2.6354512402661234e-05,0.044286805638732434,1.0050016486514528,0.050863181066499286
219,1600,69,False,True,0.00032312336354099096,0.05858628743649425,0.0016818378794499261,0.05857930365640006,0.07864928739771637,0.0540788520009777,0.0022305503726019167,-0.0030317688818343024,0.04400091615406609,-0.0020903107861053884,0.04399476898582535,0.8801700356212983,0.055679447205703225
220,1600,70,False,True,0.009354341402042802,0.06504365578202073,0.0009412587172209328,0.06502996030632054,0.07731043338419323,0.055262189888749404,0.003064314647844741,0.00684154345815494,0.051255892573178696,0.012698980991024652,0.0512466547050569,0.8699987611979328,0.06633659217670795
221,1600,71,False,True,0.016765465335440006,0.06575705102918766,0.0025971093848768632,0.0657479083419682,0.07381342707326582,0.05480026057451635,0.002619727906488167,0.00550032734371243,0.06350438119841705,0.015162651773403963,0.06349983623968285,0.945389584709126,0.07699611503864207
222,1600,72,False,True,0.0013204717299648094,0.058546888359049476,0.0011659532543719783,0.05854728387945422,0.08093285016860056,0.0551927269319322,0.0018763387304427607,-0.0025633900327815063,0.05026084356982722,-0.002023061629565598,0.05025256445713524,0.9255219287721544,0.06259518759375077
223,1600,73,False,True,0.021156238371592827,0.06450775535160766,0.001593686719889865,0.064513978366821,0.07804182834593432,0.05465090440562595,0.0028319303241610273,0.0029291194007135396,0.05979796383551971,0.013301578018988614,0.05979130791930921,0.8837466247968847,0.07350926380433492
224,1600,74,False,True,0.0059043842943518185,0.06981357002362158,0.0028816542606981245,0.06981013563864427,0.07173697935010492,0.055937365497648564,0.013890336407734674,0.0047058989952669505,0.05317376959020223,0.006059101504568358,0.05316605736401414,0.9211891735005409,0.06867694515632805
225,1600,75,False,True,0.002435354301091508,0.06144562266340789,0.001575206628865255,0.06144500111880658,0.07723486436135842,0.05714237168631347,0.0023674738898106936,-0.002720929337607847,0.03923762395446687,-0.00028750310729601104,0.03922738419406315,0.8577294899273281,0.04755286309265383
226,1600,76,False,True,0.0016496344637837723,0.06275851148695472,0.0019333096858222614,0.0627434597693466,0.07278484268639318,0.05392789526185851,0.002508610074975273,0.012610544852318255,0.054093180422177416,0.014232605181854463,0.054080197622406775,0.913853384281378,0.06623983528083643
227,1600,77,False,True,0.005948845161815299,0.0596964417129789,0.0013677095569376405,0.059700573292971605,0.08071978195881577,0.05556857268102948,0.002647179452021601,-0.006604521475527176,0.04622910616734188,0.0003633851581350944,0.046215720169598885,0.8927087239374845,0.05776243988278246
228,1600,78,False,True,0.0008227036733342457,0.05600611996724439,0.0007821306436563178,0.056006727114191246,0.07728982138015711,0.05587757156062542,0.0007808288167643737,-0.024945865433371368,0.029349401055864918,-0.02442287560161796,0.029336704193517492,0.9318425128912432,0.036284205332485886
229,1600,79,False,True,0.013806332372484433,0.06379932153537139,0.0019953368353626552,0.06385500205419387,0.07638624507318417,0.05481300994996499,0.015163800059176882,0.003898694725663502,0.06636941824117344,0.014170635558469029,0.06636345579258922,0.9885286690436889,0.08050095171511995
230,1600,80,False,True,0.006275417006704308,0.05554619445711442,0.00171356234835698,0.05554040020309693,0.07608017451534863,0.05313728206682106,0.0038069893241579286,-0.032625175704448076,0.0337999246146348,-0.024452761731331405,0.03379336102216954,0.912109293224013,0.043399824478233096
231,1600,81,False,True,0.004276005881484338,0.06657166201673614,0.05537211151618166,0.06656883573849524,0.07723689108962413,0.05612544987627494,0.002279349828992507,0.0035003172519724023,0.05175766804463642,0.06341876973106142,0.05175103435853643,0.8914787821037053,0.06587421130783039
232,1600,82,False,True,0.0025017215892700244,0.06353672918280712,0.0020753853772918114,0.06353812376296301,0.08356319316554416,0.057584791490334755,0.0032600752589643997,0.005062726503402076,0.0420153535904511,0.006195388003153984,0.04200207754436782,0.8502310073883445,0.054505159185161245
233,1600,83,False,True,0.006101881442382123,0.060729962142578996,0.0009995780161379552,0.06071312234574056,0.07391550805671998,0.053194001859537564,0.002925183829555864,0.004052411841061257,0.051804846780619085,0.006062976661094954,0.05179802507556325,0.8693921846074306,0.06433703911779232
234,1600,84,False,True,0.0038087410018523634,0.05894499762342824,0.002244079575798896,0.05893687330009198,0.07317419043686085,0.05636865510033476,0.0024082635638731737,0.0018329724446023194,0.038745347371392715,0.004413660112781904,0.03873694139105425,0.8987001028540729,0.04641142642842083
235,1600,85,False,True,0.02090276722682973,0.06809147057581938,0.0010351313896869016,0.06808848477192307,0.07601946161413382,0.05418215872010415,0.0016172337311492386,0.007577929669565529,0.058831275656134496,0.016465324153798932,0.0588179359826983,0.8756228117419818,0.07681455122937803
236,1600,86,False,True,0.007388047726311796,0.06102710159474999,0.0011929305174100916,0.06102265749595721,0.07009260299468276,0.05496595145740055,0.002404854061103231,-0.007291609892441148,0.044238709323852064,-0.004905708543026459,0.04423299426185061,0.9203795776682255,0.05373083150856295
237,1600,87,False,True,0.0023533268735867903,0.055643317501495516,0.0014496098412478812,0.05564375500167687,0.08006775862270019,0.05550644069115794,0.002150484190146135,-0.013441029195975207,0.0370210133351808,-0.011995090219620627,0.03700717866771612,0.899758346887626,0.04421995725459371
238,1600,88,False,True,0.004375564394402587,0.058048392992048725,0.001379064335250896,0.05804916277426887,0.07497990227306152,0.05629163542044467,0.0012310460698029997,-0.02230440390281088,0.025377326646986303,-0.01854088321417132,0.025364097680128737,0.886628040154439,0.03328063817121274
239,1600,89,False,True,0.025144216347069336,0.06749098337527394,0.0023551012958821266,0.0674487216167816,0.079476785992767,0.058382707878937186,0.00271213029185206,0.015490829078005983,0.054638377771566556,0.02369052777128599,0.05462605786819829,0.9112151465811478,0.06832206495481241
240,1600,90,False,True,0.0023189188592720954,0.05970369504823404,0.0021438235116106744,0.05969094774286514,0.08368800392375976,0.05570803578250139,0.0021190228218274628,-0.003953782665704249,0.050574108065820626,-0.0005166156654104448,0.05056642162951824,0.9166201573016366,0.0637970923310971
241,1600,91,False,True,0.02043070941607498,0.05892824390710027,0.0011790043703869683,0.058949333016230926,0.07659539503147637,0.05569315398660954,0.0031787786503811285,-0.002520319719210378,0.05449838033469881,0.011222205923336889,0.05448664579814725,0.9612108337036738,0.06354288967839383
242,1600,92,False,True,0.006920728540488033,0.0671210481224493,0.0033124429750062373,0.0671306414052874,0.07113520805661767,0.056361602226262415,0.0042934242670905134,-0.0009691095113449778,0.053542671734475605,0.004192518885565751,0.053531159590498235,0.8934255252529618,0.0658674909703083
243,1600,93,False,True,0.0005913194109275857,0.05589979560071418,0.05300552659756072,0.05589847278609913,0.07056533477512708,0.05291962334326564,0.001053386399167715,-0.009495671792327695,0.04237146354312621,0.047666175633470385,0.04236157674096162,0.9215036754317607,0.0494967486602671
244,1600,94,False,True,0.027823801650618193,0.07053045068702396,0.002072039269456897,0.07052684466608987,0.07674915963513108,0.05726071371608448,0.003512614398869024,0.004582820649155535,0.04886750970386558,0.018069680680967648,0.048854255307930076,0.8715107201545489,0.064123765913571
245,1600,95,False,True,0.02324551432510895,0.059156423135388755,0.002952160393464768,0.05915563094891965,0.08854630493769877,0.06008720793740227,0.0031139392321302127,-0.0047110004939572795,0.04771624599445524,0.00779076543895056,0.04771052573465326,0.9171655607990407,0.056059541258669965
246,1600,96,False,True,0.009225295110207907,0.05934437470589429,0.0037472422279908567,0.059345153154634234,0.0789988001711818,0.06045845400907791,0.006694834202491212,-0.02441939226081251,0.01552413241388429,-0.019825569127469064,0.015510257020705255,0.8234114743666676,0.019880759094341005
247,1600,97,False,True,0.002748418765453271,0.05977946666896743,0.001716865844677884,0.05978019287454254,0.07208405122621042,0.05387653499505839,0.0016485215006931786,-0.0068906377235312885,0.04758671518814744,-0.0031495707210356318,0.04757414556853313,0.9030871257097352,0.05812644540082279
248,1600,98,False,True,0.013635300604575318,0.06169958455688216,0.0012127349393335142,0.0617146061169517,0.08141452552450926,0.055214150859112035,0.0018727481832593704,-0.004829298604243466,0.043654310730465586,0.00024466749783037367,0.043646708245646336,0.8733480891393856,0.0566717967219077
249,1600,99,False,True,0.00300928340532655,0.06190525221460977,0.00116906188419291,0.06189662032843933,0.08356161962443283,0.05771273152518168,0.0018294945423024075,-0.0002550725351515526,0.046648965400056495,0.0022434275375477204,0.04664194181199477,0.9153402125440122,0.05706924766519661
250,3200,50,False,True,0.007670852037664668,0.0633161792769319,0.0015893991317260233,0.06336550650969938,0.08159170171429941,0.056256622997297924,0.0021887547185606695,0.006651159604671093,0.05403312107161853,0.012230048740172894,0.05402377335549972,0.9004322714625822,0.06648934741892493
251,3200,51,False,True,0.0033952220675190995,0.06131456013568558,0.000309825597167949,0.06130273011456369,0.07555686636891418,0.05563837915247069,0.0008764236064287065,-0.005512498900895335,0.040564303820634966,-0.004329487750573865,0.040556787062458854,0.9239462369111865,0.05077605495900639
252,3200,52,False,True,0.006450536484928014,0.05761444096251433,0.00404172661744586,0.05761135491721085,0.07386950266638923,0.051909404586680176,0.003308160464231763,-0.01825355854933533,0.05004149143557868,-0.015230867431715827,0.05002917749826395,0.937079999212262,0.061372751552089155
253,3200,53,False,True,0.0013652479872440215,0.05805115785654188,0.001618853510366966,0.05804992311994567,0.07824583557231084,0.057148281834263896,0.0010706921097125275,-0.005714030322322017,0.03780709480105841,-0.004113096826378468,0.03780196247908762,0.9086588950749845,0.04470012378346233
254,3200,54,False,True,0.003466118498831947,0.05965126290366216,0.0013481324833735345,0.05965013720016271,0.07806541378528142,0.05727584897634975,0.0012327881436707704,-0.001305208648072711,0.04342827751281547,0.0017737893003738497,0.04342303067347686,0.9001889813965838,0.051453926156480145
255,3200,55,False,True,0.0030287969086447266,0.0595692580479646,0.0018096112850705848,0.05956338899515751,0.07384328624696847,0.05646044723749576,0.0018809872718513984,-0.0005222741379568718,0.03853815587569109,0.0019388377130678802,0.03852700537232209,0.9006904449601386,0.04566190389885033
256,3200,56,False,True,0.006118936277449722,0.062062857148420116,0.0006286349726475149,0.06205510087778553,0.07679753026233335,0.05423674298255902,0.001194811196617932,-0.008938888431698233,0.04580310939560207,-0.0056825636544032745,0.04579557601334429,0.8988313928446071,0.058434563574511045
257,3200,57,False,True,0.0013582024165786496,0.05704221626934784,0.00110496620308975,0.057043131395093066,0.08072464927976504,0.05696314012316034,0.0016014587732554575,-0.005205942659534775,0.038364163249066933,-0.005141472669298994,0.0383502798852723,0.8865067862505392,0.045857559426668415
258,3200,58,False,True,0.004148708928559013,0.06178062373066055,0.0006903540890996931,0.06176820473928351,0.08210687015293228,0.05731044704592861,0.001178766938907012,0.0030927078543002916,0.047630052679133644,0.005003054297915512,0.04762625538391596,0.9131853375466501,0.05856642438322457
259,3200,59,False,True,0.000830164890717346,0.05821161990502982,0.00040942436155505925,0.0582102933231238,0.07827912831265478,0.05525462723215625,0.001181886894479948,-0.007361536724006208,0.045324855221004726,-0.006305523923132186,0.045312895126204185,0.9463678914636514,0.05449602375364643
260,3200,60,False,True,0.002622120829868897,0.05757482337800391,0.0004355627954725428,0.05756027789552152,0.07692131669322173,0.054464767898931274,0.0007432032757476021,-0.0069315610456586385,0.04428380041254293,-0.005759307161424126,0.044276834735338395,0.8975068183226241,0.05338336979484809
261,3200,61,False,True,0.0072492415737937035,0.06234886248884302,0.001413539045607617,0.06236820330888586,0.07718354076267914,0.056629002845379126,0.0012913198828843988,0.008566550544560864,0.0489032486360501,0.01130375740593704,0.04889081526909834,0.9165526047172234,0.058898936389898626
262,3200,62,False,True,0.0031053432531109094,0.05733351889365283,0.002050384854476881,0.05733336560697332,0.07299430963000958,0.05442590385285207,0.002479399405757832,-0.019649393392309252,0.04462827713819479,-0.014942809102534444,0.04461623741902059,0.9755335000111427,0.05269146499545019
263,3200,63,False,True,0.01106811781219856,0.06484723604772279,0.0003237277586975977,0.06484438888268569,0.07645425493947562,0.05596762528392177,0.01242069394036674,0.011264771079789817,0.05853689377907145,0.015060082919338623,0.05852358208442212,0.9343042321566051,0.07116838086446592
264,3200,64,False,True,0.0035526101256123125,0.060988836971875224,0.0006846901428021631,0.060987898864378824,0.07039383598685262,0.053605784215087125,0.0016675675242105836,-0.008129771679989939,0.04005948013702472,-0.00645374949938802,0.04004709375230931,0.9310644116594184,0.05066742068755831
265,3200,65,False,True,0.0010977767875458822,0.0607661894303967,0.0012072160862636177,0.06077959322900167,0.07520136231280664,0.05706960211640431,0.0016820005765902743,0.0084372897419838,0.04614545616712505,0.008513273726578396,0.046137946938075915,0.9429669376632035,0.054559800645157974
266,3200,66,False,True,0.001162292522254592,0.05748609601114654,0.0006815070527902541,0.05748553286037934,0.07096890038292439,0.05467817781434915,0.012401890694890833,-0.007848071869379058,0.03478991680896442,-0.007532834110151439,0.034776395954217706,0.8916253371930722,0.04138700939475454
267,3200,67,False,True,0.0013848912388346876,0.05850774304890023,0.0008701361781760474,,,0.05564286742707248,0.001039499135702946,-0.016198173459886153,0.03873127158993356,-0.013866953005904488,,,0.04681982751786201
268,3200,68,False,True,0.011002220903182038,0.06290024189843117,0.0012095829693206366,0.06289728881590329,0.07791932348215082,0.05543786429347037,0.0013812183689594804,0.0111986308790936,0.06083083361109736,0.016958308675670157,0.0608187187369073,0.942679464177221,0.0733202055211189
269,3200,69,False,True,0.005575138142703774,0.06099973702447965,0.0006399054793658106,0.06100053941448673,0.07874051855875927,0.05745473804755285,0.0015816225712972898,-0.006229385991983379,0.03607555901653186,-0.003986515152837508,0.03606310589958575,0.8649425111691591,0.04489547422513657
270,3200,70,False,True,0.0005729671819815673,0.05774884391450777,0.0012003546827449765,0.05774929966884889,0.07598899398072455,0.055363929633202635,0.0010011707932939824,-0.014520328341749569,0.03752957395860584,-0.012421797167806595,0.037518156118054764,0.9335102422365776,0.04544542577631461
271,3200,71,False,True,0.005820210383231573,0.05947701682425326,0.05605666258302863,0.059474213519311085,0.07630844093345979,0.05737071016501777,0.012796310251429641,-0.006159458830115082,0.03292767873665298,0.03903116948443811,0.0329174357210303,0.9184489125625309,0.040191775288261955
272,3200,72,False,True,0.002376970345114452,0.06209228446239089,0.0012758067862057782,0.062090119315479086,0.07412056688995278,0.054816255871081465,0.0008508048502266939,0.00010063156512599814,0.04865540624691448,0.0035488302748701815,0.04864828005867928,0.9222488958393898,0.06134039618800785
273,3200,73,False,True,0.0012436611992417113,0.06147129946310943,0.001165541620524539,0.06145608236121467,0.07740169820920978,0.055723182886389167,0.0014557274968015166,0.006842949505083469,0.04933569817458725,0.009129817508689485,0.04933119121874228,0.8696928827456496,0.05956906912656734
274,3200,74,False,True,0.0009780493723985776,0.05831887406393763,0.001368528441314909,0.05831674780847514,0.08100992658467562,0.05630209131839567,0.0009472601672943165,-0.004624297640200432,0.042212210513975494,-0.00251814500706979,0.04220172172273998,0.9171801314026223,0.05196264227740971
275,3200,75,False,True,0.004637955282915982,0.062354199964470676,0.0007409357785938434,0.06235606137611931,0.08204477828955412,0.056299404316991694,0.0013460883496914113,0.000920592799833031,0.050846766732439194,0.0023795860535131552,0.05083364852104311,0.9088534798233971,0.06345760320719007
276,3200,76,False,True,0.014359921966715743,0.0638251630850255,0.0017028713932819347,0.06381998381865402,0.0783745897210972,0.05616523250525812,0.002429693491310169,0.004808995648712392,0.04605508442787638,0.011144272317466522,0.046047442719946194,0.8645321866134121,0.057949834512119935
277,3200,77,False,True,0.0010004486171956081,0.05765938497817189,0.0015439508782577106,0.057661123814365514,0.07558311006629477,0.05675847320276321,0.0010598781345372067,-0.007422379499804251,0.03651976341950807,-0.00561195371238983,0.036507956315535994,0.9229431294121966,0.04199761957002329
278,3200,78,False,True,0.002557429662855838,0.06262734318107166,0.0011932072674982204,0.06261990224709743,0.07740185772777107,0.05571524369359419,0.0005328166402837183,-0.0019394981400582226,0.0442718248212973,0.0014632443709593945,0.04426537397697672,0.9087290610063156,0.055618031670017776
279,3200,79,False,True,0.001708395138693821,0.056925166185391216,0.001388112556984943,0.05692419065798147,0.08136457957714796,0.056797128166643215,0.0010612965656778392,-0.010256090614563588,0.03737220518426661,-0.008666647430735122,0.03736036189574172,0.9144303653702557,0.04387119823323138
280,3200,80,False,True,0.000725839416015265,0.06072233840074438,0.0005404030198836437,0.06072077911650833,0.07999743891900307,0.055939505466288376,0.0009845022371538156,0.008385897810835721,0.05499898474274012,0.008707101664463241,0.05499305382888146,0.9224221986451812,0.06634396577710694
281,3200,81,False,True,0.005838423919608614,0.060878073158036575,0.0008433425491364693,0.060921310695230144,0.08020242065578112,0.05697932211253374,0.00155660918857378,-0.0006554344285057675,0.04019080305040227,0.0016822599184837083,0.0401835155224105,0.8520094957286297,0.05033817283198644
282,3200,82,False,True,0.0016570895347231837,0.058252205019141065,0.0004170961230222249,0.05822079268524737,0.07562094178182875,0.054505613775194896,0.0007573070840438179,-0.004214097734228557,0.04416154695321083,-0.0024421040557378684,0.04415511689794457,0.8788433015540364,0.053125316489933405
283,3200,83,False,True,0.0016120151110588826,0.05695557490449423,0.00194232316513409,0.056956038270507256,0.07356734210090676,0.0540410885762788,0.0019823551515358428,-0.024504357281850662,0.038869605938947775,-0.02426409286142082,0.038857160089010495,0.9361112995393819,0.04728012071674165
284,3200,84,False,True,0.0017057710299332122,0.056291982523897895,0.00023248548590482844,0.056290928179946284,0.07517658182573769,0.05411325257686091,0.0005048382700305375,-0.019335964125533477,0.036826562330596675,-0.01791827688079715,0.036815476325827774,0.9027426102069711,0.04483200929793907
285,3200,85,False,True,0.0012537308241473738,0.056906759255589995,0.0013315292107601644,0.05690830990165973,0.07459443930644136,0.05447998613016132,0.0008453279086324169,-0.006356093204582897,0.038020752649568904,-0.0051874438809247185,0.03800772568176882,0.9011372962887637,0.04561518858472907
286,3200,86,False,True,0.0018357856129544556,0.0629293381642971,0.0009367496884850256,0.06292559899534476,0.07265237225659589,0.054702107249482095,0.0014350228476140887,-0.0016100548793399284,0.048094760342400567,-0.001095976194148318,0.048087749798568925,0.9292077348484429,0.05985493815550058
287,3200,87,False,True,0.0011922526382864506,0.05845271161945096,0.0014208507008270108,0.058454356567349694,0.07815895497583616,0.0542613336240895,0.0006672876903804756,-0.004069695485800865,0.04954132379688183,-0.0019101382293372137,0.049528772987096376,0.9300812038235416,0.060570251638711325
288,3200,88,False,True,0.004086043147679848,0.06054857180493065,0.00015754477435773375,0.060547354287304414,0.07614509698578181,0.05594467547904719,0.0007617751583200988,-0.0034465194010393913,0.04209452568973873,-0.0018199587099318138,0.04208914760161065,0.8977502892955291,0.051671442528814726
289,3200,89,False,True,0.0008636954398708175,0.060100120077864555,0.001735930206177211,0.06009578216815531,0.07063483809062424,0.053847156328503065,0.0013751295278388216,0.0002984925635798086,0.04948960166467117,0.0022857381031433158,0.0494776458650415,0.945996696212411,0.05926656639900235
290,3200,90,False,True,0.000925587847430532,0.05986916456873141,0.0011454817664678667,0.05986970840534718,0.07347600302692378,0.05358201285810126,0.001672000103584628,0.0015795896538087983,0.047434600728121126,0.003299349592252163,0.04742186074180303,0.8925418308427717,0.05871019883161871
291,3200,91,False,True,0.0017759793437839386,0.05759194810420783,0.001306924510846743,0.05759011095071153,0.07171936074070208,0.053405452753433905,0.0012034803626648732,-0.007447417971515989,0.036548660684120694,-0.0056675842004803535,0.03654198803738041,0.8576448750287975,0.045600761991234695
292,3200,92,False,True,0.0010455769109727461,0.05976921818154507,0.05434417272989312,0.05979556867402457,0.08300598003876372,0.0569619662610169,0.0012690149893590467,0.0030585179007103325,0.05329978198922376,0.060943729033492676,0.05328766553667315,0.943729217719838,0.06278316552077262
293,3200,93,False,True,0.0028452440086578867,0.05928315529281848,0.0014606959296184516,0.05928243301861727,0.07918702880898959,0.05639783580253547,0.0010807493540847459,-0.0024297181737001454,0.041810502641790065,0.0002471102547543236,0.041797117023038836,0.9038874130806654,0.05060697668101111
294,3200,94,False,True,0.007479518366536011,0.060417219038374714,0.001459791365358392,0.060414827260434095,0.07506643871223286,0.055956558685798095,0.0118165266602892,-0.00487359264666025,0.039864232429879395,-0.0009618179478946576,0.03985488799050089,0.908087456396158,0.048211781859363256
295,3200,95,False,True,0.0015722073909559156,0.053983554933751704,0.0005876665784722153,0.05398578928512029,0.07556227863696768,0.05403095977533313,0.00042761919925359893,-0.014997992058723325,0.037932587355684715,-0.012985483831266497,0.037918258985002354,0.9297665866633438,0.04505213969116845
296,3200,96,False,True,0.004205987931560683,0.06279762306679214,0.0006357619029969441,0.06279736697041682,0.07979649130704186,0.05722791012113812,0.0017502473589976516,0.007552169679622589,0.04675783110682289,0.009133528209759116,0.04674468313657741,0.877056830497967,0.05719603342788987
297,3200,97,False,True,0.0019479009066282018,0.05897446239509858,0.000555620072712745,0.05894580632617233,0.07654434356552611,0.054497035507849484,0.0009110734165604939,-0.0015204271500326657,0.047418306467425425,0.0005935733095342011,0.047412010522992036,0.92942814655384,0.05653878162464038
298,3200,98,False,True,0.010290967649649046,0.06354238142081815,0.05491255950765469,0.06354982275392496,0.08179996850097943,0.057284735360448244,0.0012937976131471875,0.003486846425399758,0.04769201864776932,0.05767953635748893,0.047679980457985424,0.8911687937041622,0.05951391868712036
299,3200,99,False,True,0.0054574325372080046,0.06034697378638161,0.0007609222092121735,0.060342925614779046,0.07632560687283664,0.055817366857126134,0.012291081906384007,-0.007268668781074787,0.0385152941722248,-0.004924535947959309,0.038501600242372265,0.9050126043043298,0.04878807962463405
300,6400,50,False,True,0.001121878005260576,0.0578401492002897,0.0015943447804361778,0.057837721611105335,0.0761404207665999,0.05652616400445976,0.001186930812092902,-0.014517364064749851,0.027492219965464956,-0.01428087415525425,0.02748421937793637,0.9014063625436282,0.033817396220685525
301,6400,51,False,True,0.0009892568535587163,0.06133976223951072,0.0012658463781933871,0.06133087512830798,0.07560054174742178,0.05486267647347505,0.0005397403347301481,0.0010484473346393413,0.04689218949499001,0.002848297502693837,0.04688049972926933,0.912257920237109,0.05726719788228052
302,6400,52,False,True,0.0004557725190046362,0.0600808276944955,0.0004144740728474885,0.060074986903012065,0.07362273452246108,0.0536139238636627,0.010912562470316533,0.0032594241946137595,0.05316011920196331,0.0034798357686170313,0.053152296774592,0.9339978605009179,0.06379832565221355
303,6400,53,False,True,0.0007433738644359536,0.06045552836086959,0.0011635732942957054,0.06046413225575939,0.07921406939447144,0.05595783203519687,0.0006340667625463223,0.0037874194497512616,0.04991562647576501,0.0059251406992746935,0.04990219102187524,0.9223763305110039,0.06038824400091097
304,6400,54,False,True,0.0007203050120442488,0.059692494651424746,0.0012961511478535301,0.05969288822867891,0.0791144551632216,0.056579323387149744,0.01172310682770341,-0.002961778835473871,0.0412461562033544,-0.0010214247177462257,0.04123409701103142,0.9016840455771793,0.0501597126176937
305,6400,55,False,True,0.0017122763160998646,0.06075565693110925,0.0013088338760421678,0.060751019575623164,0.07878973852569532,0.05654479648015912,0.0008770687084361881,0.005054449068096577,0.047400318109796516,0.006715966552554635,0.04739497335083478,0.9357552701025758,0.05691982237653204
306,6400,56,False,True,0.00025781164645107934,0.06025038038194168,0.053227970655347345,0.0602455279340759,0.07575815006723179,0.054524532688053046,0.0007641087398794625,0.0053861678404532685,0.052385322801623176,0.061538397652256105,0.052377982267699394,0.9419111651935662,0.06319800821128685
307,6400,57,False,True,0.000364124030969952,0.0574952172684841,0.0004195895230630872,,,0.05612392010064059,0.0005696614629636188,-0.010492161959890112,0.03621598997851038,-0.010228795037037745,,,0.04354969324009761
308,6400,58,False,True,0.00013761461953936972,0.05657511394215649,0.0001714161908224572,0.056570635952492836,0.07693681782460365,0.054989956895824914,0.000451672325358384,-0.014224638596528234,0.03831568254796281,-0.014158188205804065,0.03830937727264285,0.9187467083999633,0.04557254950568729
309,6400,59,False,True,0.00018090864904757949,0.0604833882129725,0.0012579259842200546,0.06048408942369799,0.07808423148217092,0.055307116494111346,0.00033861485538004587,0.0003579138744172283,0.04986428128437922,0.001430789144406463,0.04985217419257147,0.9016009373858518,0.060619941490648144
310,6400,60,False,True,0.0003918559464468167,0.05985470109618105,0.00026872725216667065,0.05985763170050228,0.07979946750289155,0.05646353342787983,0.0005855774511729178,-0.0029290731830570807,0.04068772458258884,-0.0026596106586234416,0.040680786572950114,0.8728712869180284,0.050252800331168135
311,6400,61,False,True,0.0006318380539837118,0.05721106747036434,0.0011212177833243532,0.05720209561888007,0.07614703666556209,0.0543973067329971,0.00048542585877253566,-0.004455061291957239,0.04398849720666,-0.002115831505984295,0.0439764372474761,0.9383898966069072,0.052581320474284154
312,6400,62,False,True,0.0006624490697837601,0.05697924289762942,0.0005661057505113214,0.05696813886288785,0.07682023763916968,0.0556246829768022,0.0012535185763777848,-0.0048824367601940375,0.03651758360014618,-0.004855818667215472,0.036504814496973736,0.9035141814472024,0.043354050980425496
313,6400,63,False,True,0.0010248989936146428,0.060752925878119486,0.0015651368043722886,0.06074406032687949,0.08004251480430771,0.05680386993708606,0.001201488656525709,0.011922098744852828,0.050600455048988094,0.013084613557204985,0.05058776680691828,0.9105921492529413,0.06022019426363706
314,6400,64,False,True,0.0011638588697006436,0.0611704076002128,0.0011534199266840378,0.06118851211505257,0.07400214655042223,0.054169138131009875,0.011693661447907672,0.00122928938175618,0.04556897780812484,0.003459402632336387,0.04555732078540985,0.909275369146218,0.056503857404476276
315,6400,65,False,True,0.002758437275481739,0.05874087391090847,0.0002292377144469772,0.058735853568378,0.07591208260789317,0.055086956236414936,0.0004998639699786183,0.001368711169124915,0.04680948758627352,0.002230608597695693,0.04680338435759815,0.9383176705460989,0.055800390305801306
316,6400,66,False,True,0.0024336030644102617,0.05985558132368943,0.00026573806596596626,0.05986326183666126,0.07828454643734617,0.055824833664825955,0.0010882381190319124,0.002364610363057724,0.044016281924553126,0.0028674089036054176,0.04400913905463923,0.8926131838023456,0.053669201789953436
317,6400,67,False,True,0.00571047169280319,0.06344276563386762,0.0007767256124489945,0.06343501072095861,0.07954997502746822,0.05648327149787458,0.0012553433704755688,0.011318884063378585,0.0506634594626798,0.012492491012150534,0.05065691217860774,0.8937001284401177,0.06303147888595778
318,6400,68,False,True,0.0014755290847798656,0.06082376200850633,0.001302652391221025,0.06081951693059147,0.0795935242276105,0.05620739078658717,0.0008901544152426045,0.001887008770876173,0.04227260116045464,0.0023229290671430195,0.04226706850693852,0.8831889615316507,0.05257821834289772
319,6400,69,False,True,0.0007579216045141231,0.05780506264105222,0.0003837345809558926,0.05779810010709929,0.07849598620833048,0.055147675872541324,0.0007454743203825755,-0.004303463957682469,0.047239347564270985,-0.0032324228572482715,0.047232791410540216,0.9226218646907094,0.05655217692043829
320,6400,70,False,True,0.0006158474463871099,0.06005166299316241,0.00020724882953322116,0.060028356050583105,0.07610520269400055,0.05554444716316631,0.0010221071084461912,-0.005876533135185464,0.04238607647806369,-0.005365789291289078,0.04237472911813669,0.8911766273851043,0.05238911662440293
321,6400,71,False,True,0.0054981988622096745,0.061207607754205,0.0006396757397645786,0.06120053687474379,0.07521490655366146,0.055341208118487806,0.0008235304771018672,-0.0048840361643290465,0.04520556131696246,-0.002428474116979709,0.04520071102663117,0.9407619889438149,0.054829736663914
322,6400,72,False,True,0.004831382139244775,0.0631540106368319,0.0014898388006994664,0.06315878267948766,0.07406799634404714,0.05435983286999119,0.011367523035593931,0.007188008986034413,0.055527354745852624,0.01118135889982446,0.05551491779924945,0.9371965967127354,0.06798021640299695
323,6400,73,False,True,0.001109519033045522,0.05918482776415772,0.0006071461608431122,0.059199295250925814,0.07847238235244783,0.05543962157530683,0.011251150063890908,-0.0037331414352993076,0.043216142411599136,-0.002891442180972874,0.04320367863057726,0.8803899726215451,0.05290335928115547
324,6400,74,False,True,0.0006749006401279012,0.05978178119974706,0.0011316885330010591,0.05977003568694161,0.0779512544462095,0.056043755446131494,0.0007568961675600167,-0.0023932411110346276,0.04351816596047101,-0.0006886956711569018,0.043512171001056074,0.9329167966461602,0.052593592625727825
325,6400,75,False,True,0.005550043093091741,0.062337172922536925,0.00031060748626135645,0.062349419434871656,0.07624495159491923,0.05557775455103615,0.011482647047249037,0.006715740479870047,0.04926922554630586,0.008678051615564661,0.04925588934760739,0.9386849020255887,0.05987810367262231
326,6400,76,False,True,0.003518526547301676,0.060813221537738736,0.0013120080225971732,,,0.05697729028806903,0.0007513007189005853,-0.008471153170232145,0.03674214136631939,-0.005947035164434257,,,0.046644636890098345
327,6400,77,False,True,0.00021124917276548984,0.06083323941225288,0.0012107288426648586,0.060826045461736616,0.0792184910017711,0.056278498007304015,0.0007551092677302234,0.006346540372444646,0.04958571954151836,0.007432620169277151,0.04957359542535606,0.932489929952374,0.05983353741466846
328,6400,78,False,True,0.00030961976974682386,0.05894360221783091,0.0003618594355487358,0.058944823606195136,0.07637167628413398,0.05422805923385284,0.00048002613115781637,-0.007145752083474711,0.04371010442291613,-0.007197787696503282,0.04369683946098881,0.9211879797243466,0.05416579027556495
329,6400,79,False,True,0.0004351621341445586,0.061473496257028463,0.0012435522279956356,0.06146646431581474,0.07543724838534718,0.05496019640390484,0.001046796179721915,0.002548022660835675,0.04906554070572611,0.003535196456569053,0.04905316511685456,0.9090297033438843,0.060152482485728354
330,6400,80,False,True,0.0022767502090178682,0.061250985202361836,0.0006843371239714782,0.06123128302887536,0.07717500989236485,0.05614301124185981,0.0008031363702139712,0.004438450723316797,0.0448403176584862,0.005121886225242083,0.044828224698462836,0.9041737960306137,0.05466344843127763
331,6400,81,False,True,0.001148392306675165,0.06079328201812075,0.0005309483350681645,,,0.055571415124834406,0.0004724582588178491,-0.0011084600924151174,0.047514635493554065,-0.0007880918460839484,,,0.05797742648166959
332,6400,82,False,True,0.002479994392964383,0.0590396385484604,0.0011628121486405123,,,0.05512393087914544,0.011874751145174169,-0.01389800446529106,0.0390358387041303,-0.010605654641738318,,,0.04790477018913991
333,6400,83,False,True,0.0008813559740518032,0.060446981528235924,0.0003606503491367038,0.060447041405995904,0.07468682545737701,0.053708751557126136,0.0007201194571889865,0.001223904273031246,0.05011045088209649,0.0017723719250383294,0.050098303960458425,0.911268888679594,0.06202125111874662
334,6400,84,False,True,0.0010148467313532963,0.05947481157322663,0.0014679817240699012,0.05947179862108905,0.07545133746308395,0.05523690317145082,0.0010778267676015084,-0.002841412537617798,0.04239382030425112,-0.001331286013991949,0.04238186100508358,0.9184715638499662,0.052184095853692214
335,6400,85,False,True,0.0009319868879178422,0.0599260800859433,0.0005930338213358213,0.05992467865653767,0.07881307832914548,0.05500324223013174,0.012229084657918634,0.001937684907868351,0.044642635797581535,0.0019048199535945617,0.044631149441126255,0.8950589155672424,0.05582302430086833
336,6400,86,False,True,0.00019837867948004558,0.05988682665038099,0.001124284178585054,,,0.05542794544757826,0.0004632089504030554,-0.0024925486836039168,0.044190374585177924,-0.0013285529228304661,,,0.0537032072294511
337,6400,87,False,True,0.0010684612711769723,0.058150241838572,0.0005141867272320122,0.05814939942820365,0.08191292877894582,0.056020438934352275,0.0009240850862227583,-0.0027910356296455643,0.04391426080079569,-0.0019762993047832125,0.0439036559848757,0.9111718550993558,0.053499190835536836
338,6400,88,False,True,0.008666759728928004,0.06676571303324658,0.0009274589423463452,0.0667364476572656,0.07356541510284606,0.0540982059471339,0.0018074265112818968,0.0047731231031886215,0.05254678532733259,0.00728093561979523,0.05254061960626572,0.9011444213481726,0.06746732750225437
339,6400,89,False,True,0.00040318789747135624,0.05880249928378054,0.00029199565436172754,0.05881722395861397,0.07926005946863188,0.05512608480972242,0.0006481879609254234,-0.004056597007403175,0.040926437723734214,-0.004004352959261277,0.040919035263873055,0.9170818564304178,0.05065868646150801
340,6400,90,False,True,0.008583504238051683,0.0623149072678977,0.0018375906078093522,,,0.05552593627754834,0.00046914815302259136,0.007827672950174556,0.05393760330278582,0.011196071676849781,,,0.06543330201133601
341,6400,91,False,True,0.0005137001448016436,0.06024278197535019,0.0016309130976053718,0.06024333250114155,0.07314363498142368,0.05479003669069397,0.001117866284808871,-0.005282046155466032,0.04266388126799356,-0.004686682754940459,0.04265116295542157,0.9497519946161305,0.05193586175139536
342,6400,92,False,True,0.0017125077526357613,0.06099997415264546,0.0002966359759093188,0.0609992349895646,0.07477014613073099,0.05446767959585169,0.0006854040669504177,0.004013837277491045,0.050077009386231525,0.00440919064153487,0.05007071234062657,0.9323627313158721,0.061515196549791984
343,6400,93,False,True,0.00033560883968330367,0.05758401550022727,0.0011394634311304628,0.057580924984889245,0.07748508316336969,0.05612271191730949,0.0006470775327487479,-0.011529123861053248,0.03883332613497707,-0.009050346879847331,0.03882804331388471,0.9200173318969123,0.046152105460524506
344,6400,94,False,True,0.002688244655728986,0.06339790720142728,0.0008863610015951767,0.06339481295393362,0.07411778604363102,0.053748960416161944,0.011130325035278932,0.006801679076615072,0.053376457767098984,0.0077026221856397875,0.05336970546237368,0.9262650218703216,0.06642964009629743
345,6400,95,False,True,0.0002796036306710683,0.06139379208415706,0.0012135513123329913,0.06138595934096752,0.07900363414152539,0.055159196534779985,0.0009271445175356132,0.002681401920558413,0.04693084739458236,0.0037068300655696074,0.04692318592288878,0.8897709222234096,0.058408055941056414
346,6400,96,False,True,0.00033265540147037995,0.057376360210503005,0.0011207886735424477,0.05737584800676961,0.0757650096597497,0.054086475930373766,0.010980804390848118,-0.008433870123645028,0.042244967780314086,-0.006483911890267022,0.042232716182189094,0.9214204899116217,0.05096559317774452
347,6400,97,False,True,0.000729466437425626,0.060199143353097506,0.0003804345944195909,0.060199128874295536,0.0749371987952404,0.053798985564639475,0.00046805227837672136,0.0014553965245472928,0.049778489030757246,0.002327257771517585,0.04976618649303518,0.9253652780600816,0.06118204972540947
348,6400,98,False,True,0.005314020044600418,0.06278659623558992,0.0006267771410891663,0.06277730778290153,0.07601260310825898,0.05375571025581672,0.0013735708115679437,0.0024187727410687854,0.053697896825330674,0.005234747204059318,0.053685409749430306,0.9044393982379039,0.06761465720472654
349,6400,99,False,True,0.0001748999816345019,0.060477621095436335,0.0012478039031873671,0.06047324698629957,0.07599120445423788,0.05596448716894863,0.0005991261315050545,0.007205866379327641,0.04867529614767996,0.008298697551920847,0.04866923462044873,0.9358343443517295,0.05799530790779733
