,n,m,use_location,use_scale,MSE_wellspec,MSE_misspec,MSE_surels,MSE_NPMLEinit,MSE_NPMLE,MSE_thetaG,MSE_EBCF,SURE_wellspec,SURE_misspec,SURE_surels,SURE_NPMLEinit,SURE_NPMLE,SURE_thetaG
0,100,350,False,True,0.004606534316152497,0.0039032609498312726,0.001103152908442134,0.003923361396624482,0.003350417749923733,0.003266819188142224,0.005328265369696624,-0.01374143134825674,-0.010444165523551856,-0.01076812397932893,-0.01044914609899065,0.0001649258494433603,-0.007765696209797168
1,100,351,False,True,0.006510998709675427,0.004833751545729418,0.004872208706577857,0.004833674295708341,0.004517225642109668,0.004833685052976015,0.005700191998555565,-0.03276938355779545,-0.02921633773196918,-0.028465573556908836,-0.0292169726745224,-0.010023780146977277,-0.026849422763982944
2,100,352,False,True,0.0407008989760301,0.008503616978043041,0.006833834069552601,0.008504166636433169,0.01074763143208914,0.00700518524364657,0.014340474950023158,-0.026536724655047302,-0.0015841172178189212,-0.003425926234197283,-0.0015847122014380943,-1.6607343269861018e-05,0.001877866020843097
3,100,353,False,True,0.004307312423707448,0.007260722592548851,0.0028747356995213066,0.0072645830473531126,0.004179222242938071,0.005458793913940052,0.0036677288081916775,-0.01865958510251175,-0.010944427423538716,-0.01688897923860375,-0.010946354198189106,0.019009019966607373,-0.007607054263370952
4,100,354,False,True,0.04673778570070129,0.05355218784127722,0.00785543909244419,0.05358336907477943,0.005406633782074383,0.005583795036083489,0.018255445277081457,-0.02830038229421067,0.005714594070343768,0.004928879957002934,0.005710397369972533,0.09830262251967203,0.017690389827653155
5,100,355,False,True,0.025357141436032328,0.012513182771067364,0.007046111696816195,0.012519534348439236,0.0143774164404889,0.0056011319588466744,0.010578201847067429,-0.02477783265083251,0.00694070109065331,-0.0061510524249591796,0.006939078423381737,0.05538219963413585,0.013962113324623035
6,100,356,False,True,0.017203806158105035,0.005541283208879165,0.00270079167465809,0.005652991210123573,0.00529356216694323,0.004200499629913979,0.004837440509877986,-0.028702202371111225,-0.01278790633019078,-0.016169038011824004,-0.012824377454732066,-0.003110191556935771,-0.0097548808824552
7,100,357,False,True,0.015555140771693293,0.004588488233908504,0.001354652798282397,0.0045885096020107504,0.006395325716554383,0.004588373654539695,0.004504919696290901,-0.041722322244754494,-0.022289735234089107,-0.027589887738858926,-0.022290297980889023,-0.021936430006014564,-0.01990746918387072
8,100,358,False,True,0.0228594034304719,0.011297817825386025,0.010767817264152754,0.011295777579379601,0.006365315739041311,0.009979174517434419,0.013134406945672744,-0.02896654200359875,0.0074205957274348045,-0.01561404584213482,0.0074206332902950044,0.150232295879231,0.010428789151764428
9,100,359,False,True,0.03469217959869953,0.04027585633212747,0.0009375455530475502,0.04028424721073502,0.014800162143221504,0.005655137315297104,0.019200418972182474,-0.02867884997614901,-0.011960245565673766,0.006829233497210798,-0.011962624106163134,0.19134030804139016,0.018298571075700085
10,100,360,False,True,0.005695577311350576,0.00513142001031868,0.0008110833187703668,0.005131572325777895,0.004508397804107913,0.005131301779915025,0.006724084648228548,-0.05229349419905269,-0.04263798837237328,-0.04587388884632593,-0.0426386219493153,-0.013623224420731984,-0.040140214025919024
11,100,361,False,True,0.027800802636816824,0.033362158615975496,0.0059030177000278326,0.010139141621167826,0.007312289228779805,0.009294979455185341,0.012705433340963083,-0.007774812014161387,-0.0017924455170574838,0.0023661728991698993,0.005152736830296814,0.04717247664103491,0.00788500153324341
12,100,362,False,True,0.06016777875179347,0.07175685078673656,0.014589396962079155,0.04841842901156632,0.015014288957525235,0.013795676692391033,0.022658086181333935,-0.016544505870885188,0.020033013743604507,0.022478291501865384,0.026194228509079133,0.21807083630763097,0.05138877121299393
13,100,363,False,True,0.02112732504984705,0.017949990221721147,0.0048398064632948655,0.017951983863699342,0.01748584772487927,0.01607551910704351,0.009623307938008353,-0.04267304621214192,0.009082014775446403,-0.020325317709343628,0.009080834258012161,0.15576245007303288,0.013739134854570761
14,100,364,False,True,0.013030716563890791,0.00562197638913845,0.005250855290310964,0.005296738147991595,0.005234171266371818,0.0052976191857633855,0.007207182838428937,-0.009903186434648704,-0.003536938404315393,-0.003352006794072278,-0.0033557253043631262,0.029102397508144265,-0.0007057069956421524
15,100,365,False,True,0.017552292830125434,0.0031104491682322007,0.00011091477601992859,0.010505932504536464,0.0033819481961093944,0.0031103837285680223,0.01162831237572364,-0.026294615692396897,-0.004651131102785247,-0.007017254930376997,-0.007624723749747542,0.021253531861431495,-0.0021134978285677203
16,100,366,False,True,0.023013601247453396,0.00916436132083517,0.0024431373853534906,0.009164395819705613,0.008643385387141878,0.009164293711644322,0.006325715857457104,-0.04063339020516087,-0.01699783023191129,-0.019630479716123146,-0.016998046756446197,0.05700379143123056,-0.01428768993723925
17,100,367,False,True,0.06277405163840559,0.01547341202855311,0.017916098271993874,0.015477552198658158,0.019183175844392324,0.013305091908653923,0.014107791722892043,-0.013529537798024585,0.01894271201560766,0.01580294004144053,0.018940700113569662,0.027641191274430953,0.02249521051579223
18,100,368,False,True,0.013135401334761241,0.010263629024351397,0.0031753647932218944,0.010256469097730753,0.007923648389247726,0.006104935034417328,0.012488857080451835,0.006977508666861372,0.012331391483498457,0.011527031966835475,0.012329544255025554,0.034784635018787015,0.017103492786701244
19,100,369,False,True,0.006672218176937809,0.003398843128340372,0.0025670553457907545,0.0033989404811586932,0.0040213207071845385,0.003340820776653888,0.004091464564656028,-0.016625370309489955,-0.00014873706766124428,-0.011095760479327725,-0.00014899627795513128,0.024932171618230522,0.002288827423992612
20,100,370,False,True,0.03696286054865892,0.00399260490840059,0.007897226942512336,0.003992645478624206,0.00414993788056824,0.003992543108224678,0.03847364504191906,-0.036118940934253746,-0.008145230546314082,-0.008806265659355389,-0.008145487028657606,0.00458746240251946,-0.005618913277627563
21,100,371,False,True,0.02532153783460646,0.01463221604236708,0.017291160039586858,0.01463341366469023,0.006038288877312913,0.01336889653152395,0.014971649216830621,-0.026800011199520406,0.003329288905639594,-0.019583257783540992,0.0033288630593987277,0.15231367003472968,0.0060388471144689065
22,100,372,False,True,0.06688614155934365,0.01737533811624108,0.026393872120725984,0.01740447403104201,0.014082656969147256,0.011736684540341814,0.03233653769465181,-0.0168108005206176,0.026114808718518727,0.011283205249552706,0.026110282837979587,0.06760907268077541,0.03289134104352741
23,100,373,False,True,0.013834002620009491,0.0041807428586590175,0.0011282075772514868,0.004180758104123663,0.005755147683310808,0.0041805148610208126,0.004693335708603866,-0.05564871674146975,-0.03545991473516374,-0.044167367511675305,-0.03546019469550341,0.031757624379697695,-0.033024650337495784
24,100,374,False,True,0.007938996898620505,0.008898565525989511,0.0023378897538723913,0.008898382829925838,0.010308784629752165,0.00889839702632939,0.01417873305692453,-0.03480303126714552,-0.010164941884121727,-0.028607814702699998,-0.01016485689836033,0.11816422818907583,-0.007549001969898508
25,100,375,False,True,0.05767475262691913,0.007311210079896541,0.002872988336091769,0.0073114045869223255,0.010422030589338431,0.007456036322797555,0.016847208808902333,-0.039406387049192027,0.008125111811054691,0.004436732267799597,0.00812472502968891,0.015041940798761413,0.010674001099392733
26,100,376,False,True,0.008069295024638197,0.008062666690745082,0.01354429082225599,0.008062599894532587,0.009699420418376096,0.006637026615074641,0.005946668492809563,0.0038631328907381113,0.0038651411284615555,-0.007583878385455012,0.003862538038595247,0.004593637636494297,0.00772915615865713
27,100,377,False,True,0.02646732724275117,0.004464348994826794,0.007477289157191629,0.004464250145875678,0.003975130819816272,0.00446432400558831,0.012818014819185925,-0.030877177215738485,-0.0107532949368645,-0.01126641364131959,-0.010753771784382806,-0.009637208892671244,-0.00835717919767924
28,100,378,False,True,0.00808028556185441,0.005207859437329078,0.0010699259479884258,0.0052079326751730375,0.005746849059231008,0.005207759517708117,0.0208829761273838,-0.04219807197622728,-0.03213844200125484,-0.03377450339452383,-0.03213910476640757,0.030012144399102016,-0.02931431917483289
29,100,379,False,True,0.016349760800971072,0.006271022827538492,0.009073123751316643,0.006270754445187726,0.005409802215505149,0.006270770031144981,0.012434625913754018,-0.004511875388926159,0.0031387989323808973,0.0027280739458126835,0.0031386084458970664,0.006330885379469837,0.005615910337633562
30,100,380,False,True,0.06640402287642894,0.018735182986365995,0.025992753520359447,0.018734258472004335,0.00713753887293787,0.011678099787713846,0.03239630020421988,-0.008523062544176943,0.03178198871079102,0.01653084390864624,0.031781548812284156,0.06163809400717675,0.037138607279080436
31,100,381,False,True,0.005894203869196352,0.005883372179488371,0.007171252369150894,0.005881423197969131,0.006151732354950309,0.005206430936903294,0.007931647643704378,-0.004330804385925157,-0.004336337118342116,-0.02649587348005052,-0.00433887176453446,0.04508667012371701,-0.0014924294533508187
32,100,382,False,True,0.005014156256430532,0.006540525848718629,0.0026231763343576766,0.0065406053996984416,0.0060680666974784105,0.006540511980294443,0.004171324013526317,-0.02591092906085061,-0.024172491503732053,-0.02534219727595478,-0.02417305565050306,0.0008326970981233117,-0.02157410814568697
33,100,383,False,True,0.059967495339081654,0.05017112959591911,0.004417173103262901,0.050238818599907836,0.015435475121387177,0.008638176260006802,0.015127315361394663,-0.01782871617645084,0.005830496499022128,0.020536265522651757,0.005826445420468378,0.05932462575456251,0.025473530138816883
34,100,384,False,True,0.01745854626645249,0.00485154092236165,0.008661180584494214,0.004896762999274886,0.007162432425627069,0.004836900569522308,0.012293665118094618,-0.03667877902823086,-0.004395451921604962,-0.028622094146900912,-0.004396245173978102,0.03507706457666753,-0.0017646120423268352
35,100,385,False,True,0.052346850559199465,0.017734011957303536,0.0038483209146417618,0.017738522045415074,0.015436969724474614,0.004334016329930486,0.00573141593099241,-0.03533842082406774,-0.007229192768962385,-0.002631797591492991,-0.007230864724118593,0.02765388608671717,0.004730020940396942
36,100,386,False,True,0.11729568048100532,0.0512579662497786,0.04594957610370951,0.05128134074623045,0.025847357821715673,0.016406615972312806,0.029942564965006503,-0.04185183855012708,0.02804540805385001,0.009112488054646291,0.028036050555851927,0.05149026202252767,0.05368320553787856
37,100,387,False,True,0.015129826498323104,0.0035920959236879495,0.0002385358389552077,0.003592183376786873,0.003626602158709538,0.003591974736401006,0.008044542043291017,-0.04002308062681004,-0.024548522237511323,-0.028065961457305076,-0.024548804114005788,0.012134884301012807,-0.02211806980697309
38,100,388,False,True,0.009326833556367731,0.0044648855003168115,0.004451305010651627,0.004868261798658671,0.005327354289711738,0.0044647520973700614,0.009316721333463129,-0.017098842464558412,-0.014439123567439864,-0.01443694395073818,-0.014645643271819503,0.014704696257708231,-0.01209869857351241
39,100,389,False,True,0.02313379918444419,0.009673285137137385,0.011321163885275176,0.009674542518213048,0.015336011070085382,0.004601497993729333,0.014069443330144158,-0.019443737882517725,-0.00785317210155231,-0.010970241257281974,-0.007854328320891444,0.005428659775518589,-0.0005131145296560363
40,100,390,False,True,0.027783545704983405,0.008243086917541753,0.0013286464888686619,0.008244701606966694,0.006703091884493636,0.0045919379836875706,0.01280169882102424,-0.0209597793395004,-0.0009813585718416995,-0.0060494604162556285,-0.00098283403825306,0.03636191603135139,0.0047788486535491614
41,100,391,False,True,0.10222447439946687,0.04169169334512885,0.039875395277203525,0.04171600897660514,0.02092614242440383,0.02582360901037103,0.031019115478786902,-0.0212915482865185,0.03524443308162921,0.018960698610779963,0.035242496766236274,0.08618034966859915,0.042769620058734116
42,100,392,False,True,0.011809413823733222,0.005643684980369349,0.009775649437990157,0.005643959313611105,0.0028902024423875473,0.0056433864570968086,0.01092892267789461,-0.03094906523259925,-0.012477843120904204,-0.031120715938463352,-0.012478007478266821,0.036743541850425616,-0.01006088314051018
43,100,393,False,True,0.017996859146691743,0.007407102144751984,0.005293985361346166,0.0074071090199295175,0.008136499683817135,0.007407004309901816,0.0038573814145475794,-0.02399197393462268,-0.012869205494813336,-0.01307779725316668,-0.01286931699491694,0.024133052692601496,-0.01021621005167575
44,100,394,False,True,0.040301869571748444,0.017396482666896227,0.00917990190614622,0.01739886214016869,0.008072006089018847,0.003401745043887936,0.02665288269046681,-0.03166443424448885,-0.01540865262784564,-0.00923740566410472,-0.015410393013768413,-0.008295048432663422,-0.005911595767325126
45,100,395,False,True,0.0665511761360391,0.01725352520232004,0.01601858927607679,0.04866955772854278,0.024147458755462304,0.009401367863985577,0.02960168168242039,-0.014955812524351885,0.0274366613282546,0.016411706229344222,0.005797275634498007,0.1336679965519502,0.037514851485678416
46,100,396,False,True,0.05076998381536305,0.0066162737056014095,0.018560582168969286,0.006616386973005667,0.005177801787067655,0.005948156490226821,0.015693172338318247,-0.02577721966750757,0.011659899116488131,-0.004916163630993207,0.01165959959829312,0.05948920398869044,0.01458751572166049
47,100,397,False,True,0.045209253872475964,0.010116157427530588,0.002758198288119345,0.010126437405397298,0.011784790067759397,0.007766964517188153,0.0240047545988693,-0.03164552942463731,-4.19295947359366e-05,-0.0005761629596644203,-4.537416554091678e-05,0.0029833518587021857,0.004786043933785497
48,100,398,False,True,0.017176608549436173,0.006244423548629009,0.001953071738797952,0.006244581210595946,0.004961003355172707,0.006244392545574494,0.008213087530916317,-0.024154140026562337,-0.00832079534848301,-0.011815281780229081,-0.008320997454137924,0.01171421110231714,-0.005831808211756814
49,100,399,False,True,0.011788713211287745,0.008004361045028259,0.007776675473738222,0.008004223368781222,0.014579786230546662,0.008282464703618438,0.009569939015503395,-0.03114603906452288,0.006613091589333707,-0.022921897647953698,0.006613011914571381,0.06411022106658269,0.009371385792492679
50,200,350,False,True,0.006295301094098743,0.00701720608848157,0.00046564195739870354,0.007017264397970546,0.007907318087761938,0.007017059870359138,0.010083534910472706,-0.03255084782409035,-0.017660204488231274,-0.025615708544447557,-0.01766074199796595,-0.004015916098913337,-0.016333605342854288
51,200,351,False,True,0.004042305277020241,0.006220673043249989,0.000886992345233621,0.00622095610230799,0.00784395648111453,0.00622086951810259,0.00258751208657636,-0.016401637077802612,-0.002222169006778998,-0.010307418315818072,-0.002222379134594288,0.008260902475904199,-0.0009877635295802573
52,200,352,False,True,0.0026734303536496374,0.005313700239611394,0.001265077291363964,0.005824041205620853,0.006424725664689317,0.0053136792929682035,0.004046714024980245,-0.015309346361008738,-0.011677157748770456,-0.013275750127998663,-0.011962175911503082,0.01613577312644413,-0.010433775911595417
53,200,353,False,True,0.004636049638734806,0.004051086625134864,0.0013367621383885747,0.0048933898141889694,0.006085840881922456,0.004062447484368529,0.003594186345836476,-0.012025252733010907,0.00042062010209491517,-0.007850133058294712,-0.0001600270568596507,0.03726399729174016,0.0015990993587189778
54,200,354,False,True,0.035509177173611566,0.007930639099852109,0.011429417072974079,0.007930928613004613,0.0077917837777846536,0.007395602744944861,0.02758770054489194,-0.005357781738829863,0.013227042714467886,0.006644142950616589,0.013226646204962087,0.03561806444918407,0.01479900413542487
55,200,355,False,True,0.02128309083765032,0.006484088627841321,0.006115588589591265,0.006484516474572607,0.004048232826852839,0.005615828597425074,0.018335258878175862,-0.004003542019987931,0.020308894269512337,0.00881831604394898,0.02030895821988004,0.07674371067363044,0.021814906716847965
56,200,356,False,True,0.021302641651552108,0.012185569825221718,0.001392862665567808,0.01219247513575173,0.009750651856609513,0.005352784049226686,0.006453402458752626,-0.020468428866595504,-0.002850311584970964,-0.0006008803708033695,-0.0028517054064109894,0.011880969533485714,0.0035678047580911115
57,200,357,False,True,0.003493182479737891,0.004989023790223736,0.001556568038262488,0.00498905207031667,0.00559849560987765,0.004988961775389848,0.005428011190410829,-0.019111119389525727,-0.014011414991623497,-0.015461346304836338,-0.014011795060419878,0.015295990269524076,-0.012785521485608006
58,200,358,False,True,0.02257884426002269,0.007989736921189613,0.016006851493618614,0.007990555984158288,0.008946897312533352,0.008018136043554305,0.010364138939083226,-0.005756988622064231,0.007252952707076439,-0.0008207763241255128,0.007252786648110999,0.015731040719803923,0.008494269682313538
59,200,359,False,True,0.01646125164423875,0.013592599604243088,0.0029295972508125876,0.013503688862090675,0.013229283824489908,0.006977694202814231,0.006217122885298962,-0.019537970953495427,-0.012888897757115441,-0.009959822267324836,-0.012889926127333223,0.032924716910318355,-0.007401617438589331
60,200,360,False,True,0.009691006303202004,0.003850289813473101,0.000381162980119165,0.00385039371600289,0.003661033762396909,0.0038501696327799813,0.004904157931502931,-0.031662270956571696,-0.01915943167978435,-0.022399445956191057,-0.019159841604124993,0.008150266254149371,-0.017907572524016854
61,200,361,False,True,0.0010060819314801795,0.004636474293771103,0.004496991215862235,0.0045866822195583,0.0042789700815327085,0.00463693865707294,0.002617430063081303,-0.005888912365612016,0.0012756059936086927,0.001506103001038603,0.001266046355942514,0.07825083381975585,0.0024996346703250183
62,200,362,False,True,0.027056429622534846,0.014151297818618411,0.011400607811551363,0.014156776944844872,0.009063120695321504,0.0059138503369394425,0.006706910067341148,-0.026789324739021434,0.009190635051994534,-0.014929134863735403,0.009188880196267953,0.08260493685393223,0.014086788798006414
63,200,363,False,True,0.02694878440841266,0.007921248978910538,0.0023923972533932054,0.007920679887852573,0.0053329664976661025,0.0068799472980623985,0.004550711391756867,-0.018616608771871896,0.012107782294025355,0.0056002233061847075,0.012108341494061144,0.1448724137760494,0.013714043760934769
64,200,364,False,True,0.010982709761081446,0.010983797645175278,0.004493309400509776,0.010984463523850527,0.006364396754360748,0.009153442505772342,0.013417209760637585,0.016424788442486418,0.016423594475485432,0.006869835124783248,0.016423174467825614,0.04739271148134609,0.01817863494315175
65,200,365,False,True,0.02088536080963685,0.0058471477653891345,0.004394618015829191,0.0058613457540508925,0.008557709685315534,0.004217016694208189,0.022417678071266912,-0.017479006159428427,-0.005444512353428426,-0.007926168075859823,-0.005446874585762664,0.013853333899336065,-0.0023822663481305184
66,200,366,False,True,0.011328177752917295,0.007168696344155795,0.0071956776684864825,0.007168784498088521,0.007424640790103309,0.007168765659741583,0.008859401208722561,-0.030566293077454017,-0.023557653691248907,-0.023005634427103242,-0.023557822215525607,-0.022345977601788327,-0.022225931829388854
67,200,367,False,True,0.020354954244245896,0.005776863346343868,0.0068042074732141385,0.005781624812127161,0.004777043473995265,0.00569735841623972,0.00983604000592622,-0.012407141276153662,0.004830964118806893,-0.0004590376210641467,0.004824630470322582,0.0902206965967808,0.006058493539140022
68,200,368,False,True,0.012631160039015455,0.005001633298251103,0.0004544440815740477,0.005003309929027031,0.0064628978857587975,0.00500405795127375,0.007684910238700602,-0.018850805225066596,-0.00013919558315132364,-0.007270116319344738,-0.0001391956424551033,0.10577423448418172,0.0011098712052140108
69,200,369,False,True,0.041368225025888786,0.01794040267384739,0.007449495115768099,0.017931064835704915,0.017430123340233476,0.012866322199052522,0.01958154515757465,-0.012488858069869387,0.02449598912093009,0.011880434795737195,0.024490793587270743,0.050063020862716384,0.02835300432458665
70,200,370,False,True,0.027062230494317743,0.005812372250399126,0.006144921904599025,0.0058119422542707655,0.006814495416066725,0.005628789158425731,0.007109806992582135,-0.01341375676271956,0.013834161504793307,0.006186163021688117,0.013833874085189173,0.01591255859433689,0.015291774688971957
71,200,371,False,True,0.041430236160289395,0.009873119100818475,0.00595853091993494,0.009877958426318566,0.0048581368893624065,0.004737689698941782,0.047381705586649434,-0.017407004653806117,0.005741950570636085,0.007297723953491339,0.0057396921929315425,0.016460961606740872,0.008617945204147395
72,200,372,False,True,0.02097665885364844,0.006768004375288936,0.0004068907876878507,0.01040650816778962,0.007100274744425857,0.006767940855854032,0.0035618815760621895,-0.02733944309393806,-0.0033073366640415714,-0.009644394674223178,-0.0049988121559864495,0.03960216340677494,-0.0019442475077758592
73,200,373,False,True,0.01316100464918067,0.006264953869336794,0.006413175760799045,0.006264958446054234,0.007325969422403803,0.006273282302514721,0.007328629757817416,-0.0032546553748227652,0.014007930701564107,0.007015650314494986,0.01400790528264242,0.06204888442877699,0.015410378892607782
74,200,374,False,True,0.04798038603578261,0.02042343736416976,0.006512725331905069,0.020437238638359667,0.006799553636666333,0.006184051793568547,0.010593489444178258,-0.036697536801268485,0.00787957659531111,-0.003383894466068502,0.007868950561591391,0.06938751109244747,0.017201588456381672
75,200,375,False,True,0.010485634270708548,0.005548791167752508,0.001107517889807624,0.005547919926024265,0.004934701467343968,0.005364924241782809,0.005032272402519923,-0.0010228528999520834,0.01774818818120078,0.010089385096494692,0.017748341222407954,0.07762326555049777,0.018993458278785458
76,200,376,False,True,0.027724960132429834,0.005294503425283637,0.0022986027811015943,0.00530533451746012,0.007820995135276908,0.005555777902165597,0.014973914937993684,-0.009574480607727864,0.012528156717021411,0.010018199114693602,0.012517806899376928,0.044487486177440715,0.013812952701697523
77,200,377,False,True,0.011077697165663763,0.008070749531162215,0.005219832484676643,0.008070964015484823,0.0058857140803944856,0.008070680916291628,0.006342764833260593,-0.022286556579129323,-0.017312372796184833,-0.018259381315978956,-0.01731280168816042,0.0873490773763386,-0.0160903229184942
78,200,378,False,True,0.012234193247940388,0.006536413191484627,0.0017531564454780451,0.006541937093449388,0.007123351467379397,0.0054180449143266226,0.004527260525102132,-0.022892815106173435,-0.00864828217789336,-0.013413843347385795,-0.0086504012608993,0.03379636125359827,-0.006287534682684129
79,200,379,False,True,0.009294196697558307,0.00611316214334642,0.0009133683233180159,0.006113220017180351,0.006687273770869446,0.00611460098787518,0.002282981493396041,-0.019265282151041056,-0.006401631298465702,-0.00939590110725982,-0.006401937906039787,0.020707791668430744,-0.005150556321539684
80,200,380,False,True,0.08912953988559867,0.059971472648666424,0.024473158885906954,0.036862192746132165,0.00873489420248558,0.011332849450040981,0.02062696377519638,-0.025415825674380877,0.03306281351736667,0.016479671768234266,0.03591140656690092,0.07123785401719544,0.04391829449751487
81,200,381,False,True,0.010709390275507134,0.014417499556225049,0.002643400788036784,0.014618841648388494,0.017057463491752217,0.014418400694226728,0.008797740417573488,-0.022114397297143307,-0.00014412913149223884,-0.00992176700738372,-0.0003244744869529548,0.07182343768437027,0.001230507912648754
82,200,382,False,True,0.013657543204710012,0.007094655982776781,0.0005706222643022098,0.007094665195236927,0.009581053299913104,0.007179414304365381,0.004913588433844276,-0.016871013840744346,0.004302126191443367,-0.003828242034800539,0.004302218697607394,0.0478502900324667,0.005592300750716414
83,200,383,False,True,0.02075042880806962,0.012794894799394578,0.004879540257047785,0.012799863561004501,0.005631952616406038,0.004592385018954038,0.012281108676217567,-0.012689885301229864,0.009598762537786527,0.00199231460214615,0.009597759577810727,0.08223148855805316,0.015620098489565082
84,200,384,False,True,0.06779693401327548,0.01567473905763894,0.016948533471854498,0.01567340549432912,0.010186150430078901,0.01319544833538009,0.02374773950534541,-0.01459580556982579,0.03787717720773104,0.016700362804522095,0.03787684402972156,0.07263824826120314,0.0416762090445818
85,200,385,False,True,0.06350548866228883,0.0469499277558251,0.016976036920806258,0.03690481581328424,0.009432970478186272,0.008603736570340775,0.03444930403125555,-0.018713379121892845,0.00965886040748318,0.01067403099378043,0.012084461052698376,0.1485365158428762,0.03456391810684471
86,200,386,False,True,0.009121139520158814,0.009226914415378717,0.009090570692504865,0.009227489104723673,0.009446378162774625,0.00922688738062447,0.012039925035377633,-0.02644925693058166,-0.02642250885871684,-0.026421585756571383,-0.026423093495150898,-0.02616093510023081,-0.025150671993927537
87,200,387,False,True,0.004647430903588415,0.004456617269939332,0.0019565668066325206,0.004456766143808906,0.005269147300929605,0.004456593433014912,0.002439420903718446,-0.026082279675151497,-0.010048107922046494,-0.021359093528178896,-0.01004827688507131,0.05011359410709556,-0.008731549431649638
88,200,388,False,True,0.03528419348758864,0.006063141074504067,0.00042560377055471583,0.006063220705514337,0.0056585853663863464,0.005860414016649258,0.005471457765299894,-0.024417645384956842,0.01044779010838914,0.0062780583950184455,0.010445898970212043,0.08273051104090373,0.011864015572302739
89,200,389,False,True,0.027674564403264067,0.029047156332173654,0.0015349490539543684,0.02905804717620704,0.02331610745140952,0.007653649873668947,0.003057893680045544,-0.02306278333460222,-0.011014884171530409,0.004806189198924332,-0.011022199270413556,0.17134225329646388,0.012645011808876033
90,200,390,False,True,0.030486212530349877,0.006672737491668535,0.0012309117616002248,0.006672954558639285,0.006904463507839889,0.006615576999369868,0.015379594585078305,-0.023624068433653944,0.007233232421629055,0.004282063070125725,0.007232783557290041,0.05711356561482816,0.008606788794861694
91,200,391,False,True,0.03707226213900643,0.007583983436490436,0.0043614847310453455,0.007599625917650303,0.0051148163013614925,0.0055254090576660544,0.01072514865409569,-0.015173161889296165,0.013403082020093696,0.013783491167473341,0.013400963427269907,0.04606791594919617,0.015223404891480607
92,200,392,False,True,0.0219854355528308,0.006833261357005356,0.0014166704019892402,0.006840232242565234,0.006995574488093012,0.00616432803325186,0.003646650482886586,-0.013804098667484594,0.009436630611051981,0.002791925976143118,0.009431941864388982,0.061946060167835174,0.010892758614757359
93,200,393,False,True,0.035075890118994535,0.01065849732120653,0.01796579185529237,0.010692495511882318,0.0066366386864912755,0.0067686843710612265,0.014429675407258554,-0.011198754015270753,0.006949406387647717,-0.0015174593174020713,0.006947629583975897,0.01296072223491704,0.009374925413671562
94,200,394,False,True,0.045087301664158835,0.022060940056809763,0.009059161803546127,0.01728637683998851,0.013532100188646524,0.01225937908209699,0.015907985865547772,-0.008244466283553116,0.028625058631692717,0.01879472111256324,0.029574398112354034,0.05431166158162952,0.03373076450078212
95,200,395,False,True,0.0070491586820070305,0.005016483407907585,0.0019479147386110276,0.00502486467649776,0.0049282992918130205,0.004793885886024556,0.005274564262542652,-0.02313261942614117,-0.005284992906533805,-0.016260841142228408,-0.005291663190495086,0.03969037442152274,-0.0037269689661979244
96,200,396,False,True,0.01254679764738688,0.006215252829493741,0.0006966872489713244,0.006216907700889317,0.006672081793279546,0.005403519813341108,0.004339710962690408,-0.023420150688097184,-0.005620223327615861,-0.01292670670480902,-0.005623185484034661,0.03954000042863669,-0.0031889222529681294
97,200,397,False,True,0.02182393686187956,0.005281984894088745,0.0036890667777440735,0.008649742438084793,0.006788495069267029,0.00479640107827904,0.026128193861256616,-0.003687402749901158,0.0068466523898655755,0.005052503574257539,0.0046878177381129765,0.02919054490982415,0.008399698795818047
98,200,398,False,True,0.01978758328874213,0.004682787734890072,0.004384402642686794,0.004696558754363839,0.004436671291509646,0.004232373973606204,0.011305853631395297,-0.013130207093472132,-0.002546567145745957,-0.00203675936436844,-0.00255219331074942,-0.0009384528847873241,-0.0010332632899963667
99,200,399,False,True,0.026288938885150926,0.005610555919800852,0.0013965500509506936,0.00561104257424253,0.004074246051966926,0.005194325791342151,0.01911622981047304,-0.009803447719544231,0.015017758056639678,0.011340175255062828,0.01501731141514231,0.06618971162863767,0.016254761973750545
100,400,350,False,True,0.007080331267043286,0.0054207945995492675,0.0002645318349860958,0.005420946964818033,0.006187416962226479,0.005420758631805343,0.006570834127135883,-0.011168053022565502,0.00012343354781702232,-0.006188276825994224,0.00012314158657012798,0.03317535525381265,0.0007568619607341287
101,400,351,False,True,0.0183782207842047,0.004427769208633855,0.0005066138794275985,0.00442040773659354,0.005958084399875769,0.0044287720873310045,0.0017287743327713133,-0.018356475216011154,0.0012948541024453064,-0.005305439992728366,0.0012954615831914395,0.13513007360861803,0.0018936847545039381
102,400,352,False,True,0.012428191213716449,0.005313390731035635,0.000834248890859072,0.005313591427350942,0.007084193269000259,0.005313430042826092,0.0011899570167949684,-0.027548190642328763,-0.010485980100051364,-0.016867989690299148,-0.010486339546850427,0.014658595438915612,-0.009861039625870663
103,400,353,False,True,0.0058935294175752,0.005392389731783179,0.001354782775299902,0.005390188046245669,0.004821898269007009,0.005392483744705582,0.003214258191292971,-0.019489788009640695,-0.004733882758018169,-0.01352152363439441,-0.0047336686800224115,0.09932902995459955,-0.004097280892116112
104,400,354,False,True,0.009358616696904576,0.005889644601163715,0.0048620421604190145,0.005896408927002103,0.004139655310584139,0.005818198505904894,0.005220370924733311,-0.011590904417833392,0.007576979468596523,-0.005829528094885008,0.007795312105725501,0.12532046238936456,0.008411178550627632
105,400,355,False,True,0.012141722249630742,0.008633520374893146,0.002224025193625716,0.008636209718802398,0.0074945945232507095,0.00559777270531018,0.006585051489462143,-0.012789636527632953,0.004191699854911999,-0.003796799609156615,0.004189986258772969,0.08393640131466108,0.007268665666944368
106,400,356,False,True,0.019114402529977183,0.018117296663466703,0.0010357071359160018,0.0181271437623951,0.010069209321484236,0.0037278089604465435,0.0041739728198275155,-0.014196059303269802,-0.0023466186525634212,0.001584742680102499,-0.0023512481208595483,0.11612576479330126,0.009206547608863802
107,400,357,False,True,0.018490211179583604,0.005362727147687468,0.0013006415235163316,0.00536263411873586,0.004309062904916962,0.005362572342314063,0.0054904195529797955,-0.019511646330547857,0.006712444703069131,-0.0003549775359681162,0.006712384730728438,0.24681950845306017,0.0073198080660755865
108,400,358,False,True,0.007540607296765858,0.004330715859836024,0.0014768059062504858,0.004390668323744376,0.005529097283775693,0.004330914548767459,0.0013860788127601597,-0.013715587160751502,0.0022039026086770443,-0.007225818215586486,0.0020659710151578106,0.05030908535691026,0.00281649469710564
109,400,359,False,True,0.002024045552484011,0.005325960474403038,0.0012164820630357455,0.00530868871880991,0.006984399242061056,0.0053261451993495525,0.001996164165353648,-0.016717567957809935,-0.013267396569941603,-0.01586631299638813,-0.013268202302442838,0.014855231609149477,-0.012646204877839629
110,400,360,False,True,0.005481495744971238,0.00437953119916692,0.0005057717046361776,0.00437981584862019,0.004460810167668861,0.004288686621445512,0.002018884728478975,-0.010777936980379814,-0.003233842641617155,-0.005922935308957338,-0.0032341740102896387,0.04195531422075392,-0.002492789746005336
111,400,361,False,True,0.010783262002672291,0.010001330989557838,0.005503949762451145,0.010011754653399763,0.006772097761330853,0.005383986283783032,0.004094285140400751,-0.006495103007042123,0.0021999688070695636,0.00395252098227129,0.0021977430316199964,0.04741341760349055,0.004509600214047324
112,400,362,False,True,0.018028497680826993,0.006732493117816282,0.005480614369225868,0.00673349705281873,0.006751277391363961,0.004758627832499096,0.005436462515393522,-0.007260924902618932,0.013421054997145614,0.005092996521691099,0.013420318635265823,0.09509040005612038,0.0161512670560455
113,400,363,False,True,0.0016602290530552987,0.006049338070954738,0.0008624120458658753,0.006049514431790941,0.0070368785213115355,0.005850285125049125,0.002647376900371938,-0.010507495804940205,-0.006862489315977704,-0.009535737142087348,-0.006862709030905165,0.03339020590613412,-0.005949214183381332
114,400,364,False,True,0.0004724455402684085,0.007071641787126504,0.001016029884881087,0.010299371061904367,0.007179490069544905,0.007071843251875003,0.004648826276537168,-0.004984607188683643,0.002284429940464001,-0.004734159746678639,0.0002028373574060005,0.07879049403085478,0.002902295674128405
115,400,365,False,True,0.0003569325173840835,0.0038899156610457926,0.0001710822988831615,0.003889990629585502,0.004497547871196785,0.0038898786279733407,0.0010770804479519106,-0.016775461033927828,-0.012022627069707675,-0.015736775063706455,-0.01202290898836317,0.026504093339001375,-0.011401340156959816
116,400,366,False,True,0.008189147182920064,0.005472681590089503,0.0028871376056897563,0.005472786941669647,0.0056845853842140215,0.005472574533969631,0.0034129479062306916,-0.02081292660811673,-0.011257571424329243,-0.015176326911041343,-0.011257934389220346,0.054100749913918146,-0.01062420623195004
117,400,367,False,True,0.016151082501156423,0.005441566271175757,0.001977136930939953,0.005441718654491488,0.004643610212394147,0.005178101006944097,0.0036353945012803012,-0.008907568979419026,0.005988671063065656,-0.00013182994117972858,0.005988561018374075,0.02042603410175129,0.006609557091390189
118,400,368,False,True,0.022399844457632778,0.006900362039954819,0.0017913877598967835,0.0069057681397275495,0.0069856595254756204,0.006647117189167567,0.005471855755853133,-0.0023079805506094546,0.020098415108716114,0.013935158869560245,0.02009505008778156,0.06245485212656257,0.02091195791510002
119,400,369,False,True,0.016564235669219458,0.006574996278660685,0.0008760694836618767,0.00657770075743502,0.0062433190451588105,0.004866903218487742,0.0036012266603549802,-0.013544417634273323,0.0010055320030413028,-0.0025011728543679235,0.001004964194092608,0.02860695445471823,0.0032344515437812693
120,400,370,False,True,0.011248928394917328,0.006088865502065716,0.0012624174889857677,0.006088714154499983,0.005648853249252093,0.006088776352288446,0.007410431686113024,-0.023729165781012182,-0.0010448368278817277,-0.0104089745737573,-0.0010446425347901923,0.1306101585745767,-0.0004197394542037741
121,400,371,False,True,0.01925302483024752,0.01201770815061702,0.006213121819053674,0.012019041309924292,0.010093523525012717,0.008483564037305037,0.009029832363914877,0.006510789520408254,0.018837034865290647,0.016834790970014,0.018836458156438224,0.06371749730612068,0.02137532468738365
122,400,372,False,True,0.012058814872807053,0.011034974024104057,0.0010692330640229156,0.011038496300323143,0.0070349885554473164,0.005782599486815196,0.003219771958611816,-0.00770543843635086,-0.0014339862264489511,-0.00043745569684834563,-0.0014351022687188574,0.044761897115891375,0.0025491516538639764
123,400,373,False,True,0.005466991790386375,0.00804132679459241,0.0009591382764063339,0.008032742575229802,0.007771053175449437,0.004369368737478298,0.0015580381007116832,-0.015809518798987746,-0.008803264425422022,-0.013063435953321677,-0.008806534108315205,-0.0003010222351697678,-0.0059159371257961335
124,400,374,False,True,0.018411939831017864,0.004079875064113009,0.00040860252613443863,0.004079942541509773,0.004716382124201046,0.004080226815788082,0.0017510334408859045,-0.019780505110203996,0.0032057058986279152,-0.003071731241648296,0.0032055812109842386,0.03827600518891428,0.0038555898780053555
125,400,375,False,True,0.008362084067105209,0.005589145090690819,0.00187468420979847,0.005589046926819436,0.009054843121772524,0.005833191076644633,0.00315259089063469,-0.011474280211128908,0.0014332106983956905,-0.005783564501395952,0.0014330354406924073,0.02932169697428046,0.002123253436243533
126,400,376,False,True,0.0030577177903615103,0.007818526088863586,0.0010895283423410704,0.007818626599665647,0.008461269299906959,0.007818468719724407,0.002371689247593131,-0.021260661358622097,-0.01599409763735073,-0.019547432171352047,-0.015994569331192247,0.02597130987784782,-0.01535805569144233
127,400,377,False,True,0.0027087988661162648,0.00518335198198537,0.0017375877830245608,0.005190239103186003,0.006248883816223968,0.004395565622380651,0.003826947749546229,-0.016242977039436925,-0.003989605034165038,-0.01431957417019723,-0.003992189925243377,0.053952944567120034,-0.0028425869939390225
128,400,378,False,True,0.0015627291551950245,0.0069984851715205985,0.0016348235971829631,0.006998553486798186,0.0064989344796434565,0.006998402667501415,0.020873846762722036,-0.01614728336099989,-0.013522213548524214,-0.016344427362742407,-0.013522572123897625,0.04232413629485343,-0.01291271183520215
129,400,379,False,True,0.008119388343492281,0.00684821676387893,0.0048355572156832186,0.00688404870639844,0.00725111505882421,0.0068217036138587565,0.0225050495050464,-0.006326614974983154,0.019137922714454483,-0.0019049699685891042,0.01914575459218064,0.20771997745878118,0.01973148550849646
130,400,380,False,True,0.0024795496518044196,0.005130472822781265,0.0012422890622394045,0.0051305199554819705,0.005823366149861181,0.005130474591791949,0.007005403913812084,-0.005678275928548295,-0.0028487301688334197,-0.004492660150777942,-0.002848895676358012,0.027724355796680502,-0.00223073744129669
131,400,381,False,True,0.006193880434352003,0.006843404157391732,0.004477754630567653,0.006842939938487194,0.005058354660715996,0.006531488112347894,0.004869435125956202,-0.018526299873446565,-0.0013851436179636069,-0.015930281960299594,-0.0013954337118322257,0.06206209037660692,-0.0007430665621152022
132,400,382,False,True,0.006911768358963808,0.007136803476046601,0.0016816355257750209,0.0071420518954740065,0.00700549236045641,0.007102324673514131,0.005353046080815731,-0.0014735051098024466,-0.0015272102062674087,-0.0036727026919080863,-0.0015353742514758295,0.08379566820033899,-0.0007681556821025615
133,400,383,False,True,0.0034800487538770276,0.0034801165401085995,0.00044275175331141473,0.00457565793478876,0.004364736632974142,0.0034801482660660847,0.0023856667582591714,-0.008121672326545619,-0.008122139996340377,-0.010315114425494393,-0.00860004245168229,0.006110508438172672,-0.00750546083921913
134,400,384,False,True,0.012702468279064828,0.009136060043966042,0.000916702172482148,0.009136095069504767,0.010603848139099363,0.009135920070333396,0.0028946319845107194,-0.03289079456923356,-0.013332886352180271,-0.0213048686974855,-0.01333323478423827,0.012275168372257853,-0.012668622236165716
135,400,385,False,True,0.008258909758334255,0.006726305377916853,0.0008059043777016386,0.00825920672516154,0.00880115592633492,0.005189324491544014,0.0025377478193407133,-0.006115991504773053,0.002504560013550279,-0.0013347013270394593,0.001403119087797009,0.07133491915738933,0.004514425131682112
136,400,386,False,True,0.021569574458665825,0.007044656368147522,0.002668461505052293,0.007044558322704824,0.009642539695160676,0.00675021442354253,0.005819967200867813,-0.010529570881035896,0.018076873781324387,0.004356269695189105,0.0180769390613702,0.09020024477819417,0.01937225014624394
137,400,387,False,True,0.011230910729488454,0.0037831629377641095,0.00034078118053964277,0.003783155229705014,0.004527548806220503,0.003638878827516286,0.0019989133975076056,-0.011585317023331067,0.0024375568471016783,-0.0003652107877647981,0.00243739703426332,0.06943469750120997,0.0031877037012003617
138,400,388,False,True,0.005384281043292031,0.0035703217286283196,0.0002734598066856543,0.003570322007003078,0.004725046900861536,0.0036117814760045102,0.0007082823485280636,-0.013515955077790517,-0.004776869008543567,-0.00793309973392197,-0.00477733944840411,0.02562047558303103,-0.004189877726180638
139,400,389,False,True,0.013140535651886928,0.0038019465404112735,0.0005438398942027796,0.003802261820317448,0.004993816793977874,0.0038027622914038194,0.005438351988219187,-0.012891806321458926,0.005852425476595542,-0.00019325241947202101,0.005852420227140378,0.08401379405248015,0.006453583218498496
140,400,390,False,True,0.040918424113500114,0.010942392673778271,0.01229491505958769,0.010940985938990233,0.007469449355073282,0.006323989971073834,0.019557873702096,-0.011764544385117648,0.010335936699418796,0.008374308236158477,0.010335116125374934,0.043087739586739886,0.014300208448488866
141,400,391,False,True,0.018274914558466783,0.00607893934945618,0.006473381146155411,0.006286379159392233,0.005972734409443879,0.004974472855107635,0.004680108916907755,0.0010501255787504257,0.012946814114799317,0.00988238600797255,0.012845963663217629,0.02235317883335833,0.014687829776340353
142,400,392,False,True,0.01696785987299046,0.012655496952846379,0.00212077027015049,0.012657252202476446,0.01010388288750039,0.0054642433365004114,0.008755545627693654,-0.0016677358862766123,0.010799165665040284,0.01083898994755016,0.010798050238382473,0.08560179044420108,0.01807983272275092
143,400,393,False,True,0.01517408389422773,0.008601843137401371,0.004882521901895875,0.008609287228800673,0.007986979833642197,0.0058353347249328535,0.005952668899518872,-0.014972876633890133,0.011088112176882135,-0.007707092349001319,0.011086471941852524,0.14116817463717155,0.013262321900704158
144,400,394,False,True,0.0036261421906384015,0.00493687663090276,0.0008038621109935456,0.004936694681960068,0.006573136837228087,0.004936999733290568,0.002447628377580358,-0.016435282531929774,-0.005741915769167818,-0.013151237731600521,-0.005741862450477733,0.030688106133281698,-0.005134508768190479
145,400,395,False,True,0.014043451977832242,0.0065748389633282335,0.001562730392953473,0.006572202867047575,0.007907591565917716,0.006421320535474017,0.004479746509795409,0.0012696222798262349,0.014114308240431299,0.008391661318004723,0.014116016043004472,0.07875171573770377,0.014946104286426579
146,400,396,False,True,0.021948037205290812,0.009929419846441044,0.0013575770925363783,0.009764131026124096,0.007959079345422029,0.0053211763187344776,0.010111801289709458,-0.008543037196740422,0.005404237739956823,0.00704670205731915,0.005385988798988404,0.05754373702617745,0.00919260588497961
147,400,397,False,True,0.007202774528210184,0.004967515282666163,0.0008766747480896572,0.00496739553976559,0.005131124646034246,0.004967620782279276,0.0024973623353613476,-0.0186737998850189,-0.002801425725699289,-0.01138669831559713,-0.0028014009036969336,0.09467374185644749,-0.0021602920507735046
148,400,398,False,True,0.028521183401423348,0.016025251210375874,0.0016639310742387833,0.015958460226911057,0.010941038689654705,0.007709928678954639,0.005040068621847893,-0.00950946779446947,0.004518370190605712,0.007037388001702222,0.004511213338002573,0.06660434857876674,0.010345247308548591
149,400,399,False,True,0.041200451974864494,0.020208753279022513,0.009231886416433566,0.02023001811513949,0.008625432830881376,0.006447651444711029,0.007021226447398837,-0.0074833860884112036,0.020357007069446684,0.012596407136674852,0.02034597792219598,0.09507859103814234,0.028852441789353547
150,800,350,False,True,0.010868781345397318,0.011302332718031884,0.0038880565550995384,0.011255550163771088,0.010817223607487372,0.0060156205139677635,0.005705787886513981,-0.0015364414315524677,0.002485890124040715,0.0038814265100852495,0.0024727209277844863,0.09970508811752125,0.007174646208486499
151,800,351,False,True,0.011502572656901612,0.007261904607993248,0.0009232145650467839,0.007272756672160247,0.00802404391728153,0.007212054416859998,0.0015001103033648988,-0.0064585686020212675,0.007591832828585847,0.0034008329872482635,0.007581403174696604,0.030053999951684247,0.007953526142197173
152,800,352,False,True,0.007312428120675912,0.005425995460966313,0.0012459401916455294,0.005426117169145796,0.004912468999250548,0.005341562123866578,0.0024456260517539473,-0.010672724096483972,0.0033679515522712223,-0.00449128268321047,0.003367591453885712,0.012928802321868816,0.003686334326802876
153,800,353,False,True,0.0015249889321204938,0.004790242917683888,0.001784205864907687,0.005058475411246603,0.005300021517526513,0.00479030717455727,0.0009794561261067952,-0.010493626362772327,-0.0057957323093040716,-0.008732271253345622,-0.005997613367300474,0.04824007120825111,-0.005489446019488073
154,800,354,False,True,0.0029359311497714523,0.005407242798537081,0.0007355156173638228,0.005407339062254776,0.0062471490697450695,0.0054072597160891136,0.0019684592396549375,-0.004404976864966834,-4.55751327734788e-05,-0.0027111628136821785,-4.577189749362276e-05,0.04882430458833324,0.0002731122853700252
155,800,355,False,True,0.0016165698442889764,0.006306773199299208,0.000724175679540131,0.006306857020383911,0.006844074131773666,0.00630666626339746,0.0013347557037588225,-0.020549939078000082,-0.016501534781625082,-0.020230776096558704,-0.016501857988890513,0.009355677280766202,-0.01618920481468994
156,800,356,False,True,0.015369085465535977,0.004254014362502314,0.0043498154525868065,0.019230068845289737,0.0052006951592137,0.004225395306181469,0.001532718612127002,-0.007349385666743193,0.007951165512885385,0.0016511200127746662,0.0011510651164976515,0.14210078020901323,0.00827843652958915
157,800,357,False,True,0.0035114512292310877,0.005249127688823993,0.0003587788184163436,0.0052318411863049195,0.005484188902246762,0.004635179825250986,0.0017263807954210613,-0.0035199066234734033,0.0030320036141486106,-0.0004782320472735185,0.0029721869910201803,0.04760039228507445,0.003670142608099461
158,800,358,False,True,0.0008382879844412533,0.005926010326106734,0.00027279051830563064,0.005881998181320428,0.006549176817914413,0.005927816039088358,0.0009163785206558346,-0.009437574611390996,-0.0021649352101051635,-0.007665925304224446,-0.002175789269918216,0.1412630604366127,-0.0018525463895489175
159,800,359,False,True,0.003924382980346513,0.005271012727126355,0.0014877185024207511,0.005270984436079664,0.004174878333996975,0.005270971304375944,0.002145550882106307,-0.013747350651068482,-0.00527779181934676,-0.011537628570662742,-0.0052777291237634215,0.09266237297531756,-0.004967361565218875
160,800,360,False,True,0.0009039642844968673,0.004011421289822,0.0004816379789978648,0.004011488856784091,0.004706008171196872,0.004011325196273396,0.0007949334784323473,-0.01689936273052954,-0.00949369175276951,-0.015893507635300615,-0.009493920221061547,0.046272456814332695,-0.009187201223120958
161,800,361,False,True,0.004287626422037643,0.004999762005014051,0.0004329939241907044,0.005010974919650222,0.004931679131935751,0.00472295407918006,0.004235919204835651,-0.002844821918026458,0.0060057132345391825,0.0014528799634639334,0.006000774244020448,0.13189729013991902,0.006501700489679144
162,800,362,False,True,0.009186566339761705,0.006295249211505784,0.0012568832299467692,0.006283579941034754,0.006550800061918518,0.00552648500822441,0.0007612262257890813,-0.01316944065076483,-0.003979168753173444,-0.006784841278838649,-0.004002228655769535,0.03305767378190465,-0.002937431590729539
163,800,363,False,True,0.005872360091057345,0.00742794649360395,0.0009066435481687328,0.0074681689104978966,0.006908674986574164,0.006742647594909295,0.0028583068203486793,-0.00028061859971516306,0.01040117966055302,0.004764492329894516,0.010374548948908853,0.0807469710057915,0.011192386971418208
164,800,364,False,True,0.01631681345557339,0.009320881015151179,0.0007864400694950694,0.009318425526506526,0.008732963261742041,0.00688731448090893,0.0020535906057728747,-0.005596952319708166,0.011740533247892522,0.009350081872065992,0.011478736013648537,0.12604158860004305,0.01383278252559042
165,800,365,False,True,0.0026427903401441567,0.006239660393271011,0.001491024631282017,0.006239625519854099,0.006907316097239329,0.006240029655973303,0.0033664267488895823,-0.007905809670666722,-0.004698448785589431,-0.006603550213858956,-0.004698554107282576,0.10763228118422587,-0.004379619856986081
166,800,366,False,True,0.003545581993409045,0.00646900031095957,0.0032751915872236527,0.0064690486345284496,0.007259289841089366,0.006468959394543866,0.0028059758055812636,-0.011670056164209913,-0.010295756036539299,-0.011014266995452172,-0.010296217626143704,0.004101868381231064,-0.009982266835428993
167,800,367,False,True,0.013355647339257724,0.004782244231200409,0.0008881111467423519,0.00477830610149944,0.004639654286631407,0.004546753890686378,0.0025342260464149198,-0.0040033244168131196,0.011665587723836399,0.005181296793275117,0.011662272439999023,0.06250950379343491,0.012068981641512239
168,800,368,False,True,0.006407322896935662,0.006409168244197115,0.0011148998007099366,0.006409419122204652,0.006934519129103394,0.006409480704476073,0.0017415475917612346,0.0017009292068207,0.0017002155754158644,-0.0069070952613073736,0.0017000606440320887,0.05353697450629625,0.0020170357366574576
169,800,369,False,True,0.004268018279769716,0.0033163668057813998,0.00010510648712123706,0.003316290219517172,0.004132536547130448,0.0033185953103424394,0.0012999489266555743,-0.005660038421935707,0.0022214385723463613,-0.0015908049588562157,0.0022213219611238876,0.05326806871899722,0.002548203186681086
170,800,370,False,True,0.012248646816416235,0.009215557811666848,0.007037871321126362,0.009219804664859629,0.00797287841899512,0.006980362957991414,0.009717293486639694,-0.009577707306476288,0.0171435265002156,-0.004364919341534831,0.017144166925445993,0.20974055327290148,0.01876502153672345
171,800,371,False,True,0.004825514975526533,0.004866225605539218,0.0008318245723298575,0.004866047324137107,0.005641480564953591,0.004798626134248024,0.0021304231770673853,-0.002053958138802588,0.008854690984937097,0.0020854018268377443,0.00885464673121346,0.04670125524316163,0.009241874350074383
172,800,372,False,True,0.0036900777688006993,0.004876659626890684,0.0011757240815834624,0.004876022293662991,0.005228767822976834,0.0045652054676146685,0.0037722885989945366,0.001675123371306072,0.012528988912130395,0.005116787488342849,0.012527235269656637,0.15965571506699144,0.013076895036754091
173,800,373,False,True,0.00436643752956473,0.005149086974164956,0.0006649899006332955,0.005146865403547546,0.005897922023457045,0.004643745874072029,0.002120091008572128,-0.0019810472765622706,0.005154586565786676,0.0010920529945408087,0.005154043542454793,0.044206245147156056,0.005987263424204012
174,800,374,False,True,0.008926369628225012,0.00767674672553954,0.0006494371710487304,0.007693878106773428,0.007680937213095779,0.0066914310233716755,0.0038480491710036328,-0.0019579114676016142,0.008600409334420078,0.004993964330509803,0.008594780995635638,0.05097638437522807,0.00944924293158693
175,800,375,False,True,0.004486393766157823,0.005680107529470449,0.00031039211499189425,0.005680311972908647,0.006470445419660936,0.005285209611335619,0.0012255059853834957,0.0014142265916600883,0.00912722175818665,0.005074006020685564,0.009126942624911845,0.07341244052921173,0.009893714822886826
176,800,376,False,True,0.001769854345518297,0.004995901624399802,0.00032213524151761345,0.005129652239073479,0.006388954590011008,0.004995969427066413,0.0013829002007938631,-0.012982657525599947,-0.0064091313330896325,-0.010959265830471767,-0.006474038308918484,0.0017331164199048566,-0.006099788845361873
177,800,377,False,True,0.011413083445993575,0.009448642027718866,0.001228037792783506,0.009449343004357113,0.007156934975959261,0.005717290499058315,0.003146491240238502,2.856604859460543e-06,0.014389552792537704,0.008464937074588534,0.014389049092627157,0.16204473951107523,0.017688291063666137
178,800,378,False,True,0.002885095930923616,0.004597802496428553,0.0002654559205178148,0.004597331864460073,0.004613582942302258,0.00443054062083021,0.0007933888705026436,-0.0011937539602458092,0.0047453779364801645,0.0011302954800185927,0.0047455065118354334,0.053868796404250595,0.005192704529579609
179,800,379,False,True,0.008000480854828919,0.006746604779816587,0.0016521805947504894,0.006762734187356676,0.006906086299187789,0.005518768544336089,0.0033891665155537246,0.0002179874180586458,0.005714043001885028,0.005072056796630384,0.005706185809840712,0.048836770177769946,0.006873385896595474
180,800,380,False,True,0.003800950671341144,0.004733524698956829,0.000275715814288137,0.004747611975559307,0.005399023593614573,0.004725548363546366,0.004298405114198578,-0.00607846221386539,0.00018049178326869254,-0.002984867242892775,0.00017479531267671432,0.0229869632109029,0.0005079429734237279
181,800,381,False,True,0.006903549671761872,0.004689986345770755,0.003187244743030447,0.0068450279421146155,0.005038379933848719,0.004690540751929569,0.0014318658577215585,-0.007103666291683958,0.005759644818725089,-0.0005335945515948387,0.004571373788928135,0.05452237630499848,0.006070231729897513
182,800,382,False,True,0.003541554861121484,0.004739218247500552,0.000323977981236561,0.004739891697713653,0.006718683162703152,0.004584097897826735,0.0017196535606322505,-0.009122286612919434,-0.0017116086826960597,-0.006864626864016877,-0.0017120673982447166,0.044303537681137574,-0.0011337385797677707
183,800,383,False,True,0.002065943878451612,0.00702922627389868,0.001725667373606659,0.007028684981095023,0.007968473879229235,0.007029955298494933,0.0025011168893895354,-0.006725616942346476,-0.003766708753041037,-0.0061106769131114526,-0.003766482819133792,0.05740508504184394,-0.0034421636100965547
184,800,384,False,True,0.009878059459622298,0.0047965052196500746,0.00021122972185462884,0.019788429632996592,0.005537206633389425,0.00478748820556533,0.0020037395436087453,-0.0005868127410714591,0.010417382666630566,0.004994747346825686,0.003965133004203132,0.11476306189122436,0.010730564262256367
185,800,385,False,True,0.008016857418844902,0.005572101151640284,0.0009549538179786738,0.005571969236701229,0.005441989293540087,0.0054688488090794,0.0021527521486827727,0.0008615452879950442,0.008465586367594806,0.005825656707797417,0.008465524525340183,0.11156533993386157,0.008808923439734426
186,800,386,False,True,0.008171771318632084,0.004740831733509431,0.004727262280141744,0.0047416118226976086,0.0053582629996295865,0.004767309893426339,0.0025370239269123735,-0.010576774387533636,0.003653702917011188,0.0038422215872259626,0.0036531388564542233,0.0837200372951267,0.004020077647049383
187,800,387,False,True,0.009802842998534449,0.0057844755037281086,0.0007770028021178,0.00650423488858125,0.007167000062105886,0.005752565868707225,0.009958942005866292,-0.0024094649235868342,0.008753309927362417,0.005606428644581636,0.008162969911805184,0.027888643454007697,0.009182246364813587
188,800,388,False,True,0.005787411487122699,0.006322321056818485,0.0002290920809101678,0.006325849122928436,0.004706322538927561,0.004406433334363605,0.0017146129949650556,-0.00840828387431075,-0.0009571519570417842,-0.004395608658554615,-0.0009587069904732637,0.09011255703411852,0.00016203656184378412
189,800,389,False,True,0.013012195902447985,0.004758139706766941,0.0011125603357149546,0.004774151156264439,0.0054907075758060505,0.004655617953437175,0.002380022894606103,-0.005440814614778939,0.007200737631872425,0.004696869061843727,0.0071929276531567865,0.0381741137363338,0.007597754119464617
190,800,390,False,True,0.00115680550077288,0.005916232255656897,0.00022030889958985834,0.005916243492485317,0.0063979294876953885,0.005916165393770498,0.0017968772514503895,-0.019137661594320145,-0.012493084598814992,-0.01799611323722025,-0.012493132030790798,0.06432102287080997,-0.012170387166057298
191,800,391,False,True,0.0017911627131910071,0.0060255365536032975,0.00018945006053211244,0.0060325710036939475,0.006334966576201204,0.005540505439348308,0.000504505647995794,-0.008988442359253135,-0.001587040528768018,-0.006797205422557349,-0.0015931916777222278,0.07061852724520415,-0.0006884435539537131
192,800,392,False,True,0.014329496395113852,0.00551620196631574,0.005073080881264816,0.005513347191466419,0.007342132551533983,0.005172752117592182,0.00622652360312804,-0.007522949661015984,0.010272718216361075,0.010705770712414518,0.010271730712104379,0.034873514624376566,0.01100126886799406
193,800,393,False,True,0.00024667373106619124,0.004505808805566142,0.00041055344411057934,0.004505883993055268,0.005127431246339493,0.004505748855905269,0.0013632344616162494,-0.014247595779559002,-0.011233565939609492,-0.014137145145605375,-0.011233929702066945,0.012034050801243534,-0.010920235975812473
194,800,394,False,True,0.0024405926799080917,0.006115664957449986,0.0012388538906268583,0.006124125987625376,0.006285213505715066,0.005050402271789831,0.002117683366857018,-0.0025728645235666824,-0.0009752758781110771,-0.0018702174672584283,-0.0009791546299623732,0.0070695501302258275,8.961736088017314e-05
195,800,395,False,True,0.021000552570196996,0.0072803835134370685,0.0007445077600002374,0.00728058378010618,0.007202205445667719,0.005165624526544912,0.0026132903522523994,-0.004526484920094459,0.01038700758576356,0.009883121278556074,0.010386852094194267,0.07268301523135458,0.012438834274403912
196,800,396,False,True,0.006388672366679274,0.005864221549004057,0.0015825206972079405,0.00586420675552048,0.005400851947247087,0.005614643669292066,0.0021830256973839083,0.005178580954808866,0.013142200611097934,0.009004333904794826,0.013142213208385023,0.0853526672323851,0.013551670488753345
197,800,397,False,True,0.006013030810960496,0.004080112121683487,0.0005688976156885017,0.004092954277832311,0.004416018709645144,0.003864316829343402,0.0023053716918207063,-0.004434244760694428,0.001953940933201821,-0.0006649568035869169,0.001947276378747418,0.00798516028571516,0.0024278980161847874
198,800,398,False,True,0.0004848101056068017,0.004762477810472126,0.0018895757568933623,0.005963418526575711,0.005600163228296698,0.004762360616424094,0.0009161845142796523,-0.018627327614075043,-0.014509538384233397,-0.01951792201775354,-0.015438626046770274,0.026265588485943746,-0.014202508485103668
199,800,399,False,True,0.0157072352305151,0.008697430056846362,0.00020733904474746665,0.00864449255438773,0.005862397086932489,0.004915513873222743,0.0011371316842074708,-0.00940006315722576,0.0023650754931302843,-0.0003604185186500436,0.0023599156587922644,0.035150895335970295,0.004617052295849064
200,1600,350,False,True,0.0029424553927372595,0.005260634349779811,0.00025483180040073594,0.005282961228944897,0.006383847029528164,0.005031981547759175,0.0005626842964282881,-0.005444232479521071,0.0008974004388465851,-0.002750363756154238,0.0008673978761474998,0.07857348642687129,0.0014835371134737374
201,1600,351,False,True,0.0020628225930115706,0.0052545522054615,0.0005875371696523899,0.005399094964066834,0.005828186800077699,0.005300505968472225,0.0010737892534092683,-0.00900143838827585,0.001061714043403299,-0.006524544404387444,0.0009939071889120577,0.11117924478589244,0.0014877779929395596
202,1600,352,False,True,0.0011235106441900048,0.005435980855151107,0.00044106448319085426,0.005430431591477169,0.005712596151812228,0.005411856506035828,0.0006818840368079225,-0.008556000253627103,-0.0009662426819445003,-0.006885387426759802,-0.0009671902239377772,0.07583554456249239,-0.0008129967013773137
203,1600,353,False,True,0.005824486380738018,0.0053009677723554575,0.005240514256863282,0.0065208075596030765,0.005937707812016567,0.005115726976158559,0.0016179039350187982,0.005097389542216827,0.012186959336096273,0.01226144700487228,0.010980327402658077,0.08788721726092938,0.012404227385279576
204,1600,354,False,True,0.0009478217764227569,0.005563632123768632,0.0005395906962632157,0.0057636317450114475,0.006009759356098068,0.005508591759937831,0.001362002624181952,0.0013675555232174202,0.00529989388707742,0.0018585977207464573,0.005149254155297421,0.046336806389736085,0.00549183965107751
205,1600,355,False,True,0.0032273774860010823,0.005538431072291163,0.0002952787251358217,0.005538289510127346,0.005401738321432726,0.0049463931535238224,0.001163395591016924,-0.000791828116855411,0.0072339060196399355,0.0021419858906614776,0.007233737440792485,0.15576417019741848,0.008206606924038948
206,1600,356,False,True,0.0032055693212375736,0.0059989050791181085,0.0008347601504524528,0.006010191960012376,0.005366881968818334,0.005762200378477631,0.0016078143625897607,0.00016862827560850004,0.007056127114806703,0.0021060987543479225,0.007050105311725226,0.04408945637842059,0.0072707633278931705
207,1600,357,False,True,0.001740811611109255,0.008662899753595564,0.0018397016029715408,0.008660890690739444,0.009274237468548094,0.008550507366917558,0.003323257164077575,-0.003321657831038614,0.009201870051360306,-0.0012536354694621804,0.009202394825157204,0.18408905248694013,0.009490434248795906
208,1600,358,False,True,0.0010183581737799748,0.0051780957705624695,0.00040986213434238144,0.005178082772460561,0.00605542385401598,0.005178115710249875,0.0016477983874205644,-0.010667007124359154,-0.004025224160896652,-0.009456550235564068,-0.004025291661645003,0.08415828103699077,-0.0038672401970375747
209,1600,359,False,True,0.00619946544789058,0.005725104482090269,0.000541954145055918,0.005719674519905457,0.0063917417787437095,0.005709985051088598,0.0011907435030111256,-0.0005780101252445619,0.006329096893188275,0.003036121480549623,0.00635580908651475,0.04712150301161375,0.006515068005606944
210,1600,360,False,True,0.002163667881479754,0.007448135749581967,0.005995040841454577,0.007454969621343376,0.006795577687684015,0.005922358516990971,0.0019820019270573083,-0.00330570891561727,0.0020767551007701,0.003074715115952981,0.002074768846478854,0.0535477167083868,0.0031340465728835892
211,1600,361,False,True,0.0015839478158020297,0.004325022289191123,0.00021520633265254382,0.004326153866238383,0.004706107752218053,0.00433432288896833,0.0013753229306289235,-0.0027310022888422324,0.004579048573529647,-0.00047378768043022685,0.0045772618036481385,0.07973655926969318,0.00473481664530781
212,1600,362,False,True,0.0032492068574475202,0.008314041196576619,0.0023160448608439874,0.008285759484389817,0.008704859492612098,0.007926616355883043,0.0018654236117873102,-0.0021121270584505813,0.008858264375790733,-0.002970535512864867,0.008865507823256813,0.257027489942482,0.009543796056748183
213,1600,363,False,True,0.009083402489611375,0.005442645013947761,0.001772743339906298,0.005442626653869842,0.006142618301057079,0.005427801181400491,0.0025505639252970886,0.002136004298409927,0.015164317488045871,0.007040661874255434,0.01516409492035205,0.03994431808506791,0.01534677972273335
214,1600,364,False,True,0.002328418115065792,0.004971906321349816,0.000591589091175255,0.004975626504185917,0.005875401488904599,0.004940136188818349,0.0020944488785477086,0.004467167851708059,0.010963524827276902,0.006044545270594565,0.010957001522289076,0.06432640443068861,0.011196435936372026
215,1600,365,False,True,0.002469805153940462,0.004545313154928024,0.00021420092426072777,0.004609679745074183,0.005273551832945218,0.0044619569886049015,0.0003709451265468267,-0.003592565516237989,0.004410580593849467,-0.0005274128784519722,0.004365284895329929,0.0753852220302134,0.004694052927291095
216,1600,366,False,True,0.005393191510947344,0.004734573954300691,0.0007256652259805153,0.005020623453673787,0.004439336971403453,0.003973745565142704,0.0014143032289137716,-0.006390937736961509,0.003906708404773873,-0.0015271280953543865,0.0037455663059553323,0.04690381483291933,0.004769166777859074
217,1600,367,False,True,0.0028590001563836074,0.004868950371657108,0.00035524340096018675,0.004882170615271216,0.005279905003144177,0.004563276489145901,0.001777255077074949,0.0016527298797146667,0.00686463393162029,0.0032303419226358257,0.006849886584698659,0.04481254405783183,0.007252269210105203
218,1600,368,False,True,0.0057124834527529375,0.0055460247786419895,0.0032320631895671526,0.00554588660068871,0.006272248283611171,0.005546304099010224,0.001532246438934083,-0.006747360355860336,0.00329649269429293,-0.004742626604266131,0.0032964538687694045,0.15798326199437251,0.0034533684724576685
219,1600,369,False,True,0.001958741752968415,0.005376090711334742,0.00045867835349154497,0.00537485548037045,0.00575308750744307,0.005335902955482122,0.0005290657852532807,-0.0046042207899729005,0.004717062963729895,-0.0020223518948395552,0.0047180117530036016,0.16424292262849313,0.004956167556065663
220,1600,370,False,True,0.0022532863354014073,0.006872450616407036,0.0005630219616994874,0.006885431751756046,0.007673423383298037,0.006831509042178675,0.0008737177829196048,-0.00477078044811977,0.00240060235575962,-0.0023331330574577445,0.0024097894679086097,0.06683657406975517,0.002602744787229591
221,1600,371,False,True,0.0014153762897028599,0.00476284382981568,0.0005790687415570319,0.004750849252561642,0.0049041861945655525,0.00475674829991498,0.0024513596649591235,-0.0024086950964654877,0.0012247103271513637,-0.0013740677868182755,0.0012132201854346113,0.08715299104094097,0.0013816567910652083
222,1600,372,False,True,0.009879781735861936,0.006197119643495626,0.0013612841689382078,0.006216353759009402,0.0071744584544849895,0.006082242027017124,0.0018056626656339238,-0.005185421182857439,0.0029633125271912243,0.0008432720935421845,0.002952942140868995,0.015916236480086426,0.003288727991680937
223,1600,373,False,True,0.0028820057787339154,0.005481796511136774,0.001481590771113318,0.005479922534519039,0.00620807937495893,0.005439440081095752,0.0014300318207295982,-0.005164111578269382,-0.0025530416178103366,-0.00400320512358536,-0.002556498475129949,0.04105409090271493,-0.002265552288602854
224,1600,374,False,True,0.0011999019522335574,0.004564438519408187,0.0004490472341833464,0.004570614845224679,0.00586315029038171,0.004592902202025741,0.0009951380286545687,-0.008171546681987192,-0.0005354906830730144,-0.0070294417902292275,-0.000532838831476532,0.1239589828181522,-0.00037263376069103515
225,1600,375,False,True,0.005114129493154492,0.0050974053160522895,0.00020315868863561733,0.00510016531976123,0.005761443591762585,0.004645759324745024,0.0012930872832869844,0.0007267962204497803,0.008237465767644406,0.004322917185752568,0.008235330165109592,0.0382427661878634,0.008845254341807038
226,1600,376,False,True,0.002180164245178725,0.004931441269090725,0.00030412667528423917,0.004983946652722317,0.005655858642604488,0.004808851471645481,0.00043315654364030934,-0.004159743058135295,0.0033368046254955886,-0.0021803729468201543,0.0032273886484523295,0.1063616368129372,0.0036164108035743325
227,1600,377,False,True,0.0016982892519550648,0.004718170151656423,0.0001985108100963965,0.004717867264795159,0.005451670137838243,0.004725131061742755,0.0017084447977333138,-0.00294257761032845,0.004040475548674642,-0.0004629805713592605,0.004040182953666687,0.028093732800824986,0.0042038861772380615
228,1600,378,False,True,0.00330654531269048,0.005845040685483024,0.0004456190335761941,0.005844789664145735,0.006651714819744137,0.005864127374570197,0.0018871929245085806,-0.005877729363377537,0.00672652544220103,-0.0005021725690242285,0.006726159174318234,0.07674817138016515,0.006892793031083741
229,1600,379,False,True,0.00426428578883706,0.006793277718419811,0.0003532505911105827,0.0068344603579262786,0.005275288505759258,0.004655905521958299,0.0016976661102856658,0.0002199184260219104,0.007345801911072591,0.0030510653311694347,0.007339632671022418,0.09066410146889207,0.008665090286453347
230,1600,380,False,True,0.000873864381735828,0.0059617567738800385,0.0003330251381783595,0.005949599967046347,0.006643288265805475,0.005964863080052843,0.0021473507671376296,-0.00484973117338668,0.0025074341889283857,-0.004018974530934974,0.002504225726763174,0.029695547857855616,0.0026680743744519064
231,1600,381,False,True,0.005742846446602814,0.006299237037698362,0.000670105450114043,0.006303068207909981,0.006112533180009047,0.004953401403963218,0.0013531890677845773,-0.001036124457256589,0.008348506672705014,0.003372835849501719,0.008342994926899047,0.11961579158473239,0.009418113039562512
232,1600,382,False,True,0.0014833784599636137,0.005052739138054896,0.0006932272449132023,0.005052953742030259,0.005200571568073917,0.00498025311352191,0.0011467609433052682,-0.002409986856142365,0.003739091623263775,-0.0016273903893874275,0.003739290782693505,0.07061327689516514,0.003978226753372727
233,1600,383,False,True,0.0006259481738725312,0.005275314601948025,0.0005934994358351449,0.005240195212762841,0.005285153930057036,0.005273175139983513,0.0006533620465452759,-0.004305546565319422,0.0018089804233994756,-0.003924287449966284,0.001802264831126319,0.1269878016311623,0.001966193342907735
234,1600,384,False,True,0.005244960342483529,0.004989519646234598,0.00035176792879322,0.00498936971325284,0.005295413184014838,0.004914049452571524,0.0009763276218263513,0.0005738341628967506,0.01024918583134589,0.005559177085879321,0.010249125476370633,0.025506660356690424,0.010454941844706578
235,1600,385,False,True,0.00020443974677401117,0.008535132223140575,0.0001415022439090909,0.008525404580902958,0.005155177261313928,0.003927430435433078,0.0005210813185363203,-0.002034722257880442,-0.00017940445627694147,-0.0015575511456753545,-0.00018088450663107382,0.11582079243786464,0.003091653774671313
236,1600,386,False,True,0.007386334213350789,0.006488119289279366,0.0015121682452345214,0.006478735062029747,0.0069065206059164466,0.005508898649416,0.0036710703623164718,-0.006322581505371801,0.011010511180427524,0.0007741797775096215,0.011010262687083631,0.1519070912261888,0.012144871839116583
237,1600,387,False,True,0.0018020280347194372,0.005075165037264003,0.00033408483213976525,0.005960946564313471,0.007328151301893689,0.005106538742294041,0.0005151770993274891,-0.0028276248114252446,0.004203986412926568,-0.0009767532892571043,0.003487428717337835,0.01805073512550745,0.004359498218079627
238,1600,388,False,True,0.004270511702674229,0.005081747227339063,0.0006920802723672924,0.005083325187670889,0.006311464189766224,0.00508278814983612,0.0008847891167696051,-0.005206884330032118,0.0017930156697689625,-0.0014297417007553073,0.0017926544112816067,0.08905470091007354,0.0020629466798727236
239,1600,389,False,True,0.001365788416552703,0.005060973589410434,0.0025027697325587196,0.005060007197118064,0.0060113469870661015,0.005070624693451799,0.00394511952925298,-0.004631070334236278,0.000312602256967125,-0.005148331675064795,0.0003072271441947727,0.03437029215566323,0.000520956523400215
240,1600,390,False,True,0.0010900607623951853,0.004001343120254919,0.00014739759092725668,0.004001432201273664,0.004712728652380513,0.003974418812328024,0.0006760757664811533,-0.0014196792318365936,0.0034357428521454383,-0.0003491126026361316,0.00343535854489172,0.041974181603678905,0.0036346353718052227
241,1600,391,False,True,0.0013975243989674784,0.004522811674509827,0.00021615943632999015,0.004681378854036948,0.004773898376650962,0.004523478259837162,0.0007404705426971466,-0.005025765469458979,-0.00016527532794560429,-0.0044244200990891545,-0.0002442866771386498,0.04193671823747138,-1.1607906285904246e-05
242,1600,392,False,True,0.001096419975916649,0.004919937451541124,0.00039687414205937964,0.004919401382175414,0.004760377070921036,0.004801791906044727,0.0012867572788869339,-0.003270905989322136,0.0013584535487344241,-0.002147243764498558,0.0013546492831727974,0.047866955023181675,0.0015997204478993
243,1600,393,False,True,0.0011281085707676025,0.010474609233203496,0.0009629283494165655,0.010473798269640042,0.011919107644561005,0.010475133431494432,0.003797748827584102,-0.008529556457749986,-0.0012043532562569404,-0.007875637814756262,-0.0012043417196338523,0.14460043794493557,-0.0010450539069026266
244,1600,394,False,True,0.00541098302308891,0.005414591490454828,0.00018754570003885426,0.005416944840891893,0.005655883147460198,0.005062250978792899,0.0014354708424129847,-0.0008857648556287568,0.006292196266973438,0.0025543430292154163,0.006292128101584691,0.11000465003371335,0.006875160011893575
245,1600,395,False,True,0.002291303376842921,0.0047895669127283125,0.00042574578312973445,0.004789548620662607,0.005065922804188304,0.004667674775530265,0.0029820167265381973,0.004087669920576419,0.008552412042325024,0.006097299558741024,0.008552353991599607,0.059430281434935,0.008923942265095103
246,1600,396,False,True,0.002359917117565457,0.0061051191026647664,0.0014508434923790605,0.006264252355925065,0.005688035245301736,0.005614874989978939,0.003082720271820244,0.00035975119532787676,0.009453698740430276,0.0015871148008968702,0.00925533113483347,0.06639553626413537,0.00983932835666651
247,1600,397,False,True,0.007744463128927123,0.0049192149942683125,0.0004190806488821999,0.007019929930475383,0.005729040138910216,0.004836793242862899,0.0019440799645226979,-0.0013259642746103267,0.010077278129991303,0.0051205675698783384,0.00872517564930071,0.045126749328693025,0.01030790913191891
248,1600,398,False,True,0.0036952142151072116,0.006420535765626651,0.00041003864261483726,0.006425698798289965,0.007502949087481883,0.0056408192515876735,0.0009408379007442309,-0.005921656530274049,0.0028564185347025096,-0.0019884508307390254,0.002844244441048183,0.10011248496997699,0.0038913233487136295
249,1600,399,False,True,0.0007099903606222559,0.006794676646017601,0.0005596526007891658,0.006795379676063505,0.00738191774504499,0.006795275470938334,0.0012614366393077984,-0.003761860968585333,0.002488368374344354,-0.0035731442027860903,0.0024880139405190605,0.06589301877533074,0.0026442955310119892
250,3200,350,False,True,0.00013481733922333981,0.005241230648991851,0.00031936488906834996,0.00524170264552742,0.005693803441001082,0.005220648696442645,0.0014266542118571313,-0.001142698988948788,0.00504534000419099,-0.0007939228764870908,0.005037509523620809,0.08859408316511402,0.005125193535325548
251,3200,351,False,True,0.001007245954246614,0.00488055314288543,0.00032217840824213617,,,0.004871992837079708,0.004238053363891848,-0.0017903131693310786,0.0018547729739345088,-0.0010959688954426904,,,0.0019535315163157485
252,3200,352,False,True,0.003975150785641995,0.004882828025469216,0.0004582008184984559,0.004952625456249267,0.005352177350435673,0.004665380065720772,0.0009686018533137323,0.001198948329677727,0.008826144368291934,0.003464885004829782,0.008772104905448863,0.02779937401152617,0.009070860004741069
253,3200,353,False,True,0.003755376576745251,0.00884855908396871,0.0007531464881793285,0.008794762432698573,0.0068766865555148346,0.005559745972852291,0.0010539992435675935,-0.0014270058151668518,0.004798913842988295,0.000595836383824887,0.0047142755264971475,0.1330714505552947,0.006320447693020759
254,3200,354,False,True,0.0006451972822139686,0.004419494127928474,0.00025371780032636273,0.004418518146368799,0.0047921523392637725,0.004349167061292239,0.0007949859926695408,0.0009048276636607708,0.004580558992962818,0.0015861596652663962,0.004576255637108169,0.03492787136770369,0.004729064763889346
255,3200,355,False,True,0.0007161148449847679,0.005457198993663559,0.0006034178257628692,0.005455445234880627,0.006569331488223165,0.005477725756483731,0.0007179937551955815,-0.003900344413741783,0.004003695319534639,-0.003786596567207744,0.004004821561661043,0.1292176955153403,0.00409920397181808
256,3200,356,False,True,0.007274885138784926,0.005118803193029007,0.000790929972120086,0.005117804237305286,0.005746772412671326,0.005123234271115316,0.0007648072762274048,-0.0019335687756525533,0.006266829595358097,0.0026839459428723246,0.006258200648933787,0.02206709676686117,0.006342409919058087
257,3200,357,False,True,0.001097553648803662,0.007813205006486279,0.0053337319898772015,0.006747507154209898,0.006247974495231644,0.005266065630338371,0.0006019746772615603,0.0025182373668686674,0.008275938221236956,0.009254112641440129,0.008378200140767653,0.06897519314294467,0.009310446258398511
258,3200,358,False,True,0.001654458135377667,0.0054491837595094595,0.00040136273911487276,0.005699001874252702,0.006178367324677558,0.005449583840076079,0.001139441627602602,-0.007277711914300917,-0.0010279447947617016,-0.004830040409523199,-0.0012208727696446254,0.05031098812896911,-0.0009497161461410747
259,3200,359,False,True,0.005227932349633275,0.004435717120685201,0.0006365222570455236,0.004647554075407372,0.005235587782256269,0.004450278726049481,0.001131324768819436,-0.0019232112827447009,0.0038205654868303717,0.001822375514743468,0.003711458564599788,0.08488559034239102,0.003898196737953538
260,3200,360,False,True,0.0022004650553666292,0.0049087230976641374,0.0002472154578402428,0.004944586411873464,0.0052256488253994635,0.004623085852014549,0.0011766691452295,-0.004181685588054047,0.0011332226989840956,-0.0027739978486346507,0.001124480581793037,0.01763689374001995,0.0013302149323557722
261,3200,361,False,True,0.0013497515271720733,0.004820344416465352,0.0005809625585228618,0.00482020594737413,0.005696931786677339,0.004783095892528072,0.0004768119149368591,0.003917417501235092,0.008315512423989996,0.00479861846647963,0.00831551862554612,0.05287338034290851,0.008512262891845604
262,3200,362,False,True,0.002538118866873883,0.004874724623668399,0.00026455482414520945,0.004867997099556557,0.005779524399965766,0.004891738451430911,0.0002803147873676916,-0.00046773399391132067,0.005832490225752736,0.0018672366482043582,0.005837146384007959,0.13984012845371022,0.005923730644250461
263,3200,363,False,True,0.0021828932437903885,0.004720633138897886,0.0004191009031066098,0.004720406771996322,0.005200490498139,0.004648622898003566,0.0017576766622116498,-0.001486782580844499,0.007180053360634062,0.0009911640653990064,0.007180196713043721,0.07975753258584498,0.007319552871043661
264,3200,364,False,True,0.003085918393143919,0.004797740625182823,0.0002646401243020248,0.004800711428092346,0.005369125233667894,0.004802804766041689,0.0002746425354796249,-0.0005367427235352496,0.006394284485358153,0.0026630087840975305,0.006392948214647127,0.10104431832753956,0.006470549539745296
265,3200,365,False,True,0.001567445792190752,0.005299255911710804,0.0006183306499099271,0.005334140633495235,0.005476943386809915,0.004987389691765494,0.00117792668243712,0.0015970251462424894,0.010355949372762279,0.0035057540746082122,0.010338547811985226,0.1123112216276243,0.010642978902846795
266,3200,366,False,True,0.00023568476684167187,0.004971552314366431,0.00026495285488844204,0.004999126935525025,0.00557844272082205,0.004934503611146703,0.00040220399574165955,-0.004786306923174618,-0.0010915534539001825,-0.00476741072269576,-0.0010994532591472072,0.098306517749905,-0.0009459826063862864
267,3200,367,False,True,0.0007824228042634594,0.005816316841335517,0.0006365024805285954,0.005816001321854047,0.006137979942292404,0.0056018109334576545,0.0020401691480389497,0.0015690034639233462,0.009152529972525763,0.0029338652114458065,0.009152297542986325,0.0977961647782066,0.009395122922458352
268,3200,368,False,True,0.0019004677447394692,0.005214733852172243,0.00031396361480288964,0.005224122734204849,0.0056931351195901436,0.005255307799108278,0.0012245121941600024,-0.0017848540428378281,0.003738470914687646,9.474227022265719e-05,0.003690238080909527,0.036911048247745326,0.003837894035283479
269,3200,369,False,True,0.002350498667485036,0.0058473651149459635,0.00024242655945734675,0.005848935204306877,0.006257626807461839,0.005085515089345618,0.0015398562117331926,-0.0024883977802146254,0.002703941922233231,-0.001228561382625002,0.0027009872870066153,0.030340216226511795,0.003298497254451596
270,3200,370,False,True,0.0008240643212275193,0.006296796959031432,0.0009513600374742175,0.006294558804768265,0.005643378628967545,0.005106436845278019,0.0005925401431988797,-0.0010629464406290198,0.006313471308128644,-0.0010612263829106036,0.006314068328219058,0.17797168109398298,0.007192725246031054
271,3200,371,False,True,0.0007232865577122821,0.004780520109449953,0.0006340716736319121,0.0047843646008863235,0.005084699283101206,0.004756204467927277,0.0007212439913351569,0.002948984990683582,0.005721563301403716,0.0036782866510810548,0.0057177046758213204,0.048569513814286154,0.005807084001238652
272,3200,372,False,True,0.0020008275433977627,0.004892565881135427,0.00017362988415743443,0.004900749623095501,0.005346254684624876,0.004607208062883199,0.0008239523455580386,-0.0018781236119040086,0.004474436842240887,0.0004437768101916115,0.004469887999579996,0.0776269790166971,0.00479753353754922
273,3200,373,False,True,0.0016431352609285446,0.005001385897315342,0.0002315425661596525,0.005730729229323676,0.006341434315383144,0.00502297635684395,0.0007254859255611638,-0.007015827512437236,-0.0013785515583220054,-0.005789502149953008,-0.0019200634077337143,0.03541603935872665,-0.0012890184349130668
274,3200,374,False,True,0.0017951183715840663,0.006217088456403559,0.0003573973254692953,0.006427760020106556,0.006560874668485788,0.005529323099782249,0.0005035401727693533,-0.0028230404872245543,0.0020760577279590464,-0.0014520066250578497,0.00197695591467161,0.05500580340794233,0.0027249501080322674
275,3200,375,False,True,0.0009105638629038139,0.004833932106914576,0.0004174782603509071,0.004833577007140149,0.005070096943678611,0.004803129163542208,0.0015493766878952372,0.0021504097367024662,0.007854952301573253,0.00271819915862875,0.007855223720417737,0.14250011044062302,0.007978026363484159
276,3200,376,False,True,0.003315718027624315,0.006156216206475358,0.001495166144522272,0.006162214315418896,0.005834227458540873,0.006143881124712914,0.0010380534306288177,-0.0051800401841123065,0.003342456998350709,-0.002776360268326765,0.003341632310135001,0.1766323846366494,0.003420721938910576
277,3200,377,False,True,0.003872240200249635,0.005555827362784919,0.00046209467802824783,0.005557290550101366,0.00687476699241303,0.005561258467260305,0.0005824640065289041,-0.004758110718213879,0.007086661349199339,-0.0001849099651929667,0.007078548647913792,0.07469381376115831,0.007203041737784202
278,3200,378,False,True,0.0018025266956881196,0.005083630211454388,0.00048197955131701103,0.005165124260072783,0.0051220246172019365,0.00492328274329241,0.0007874650290382498,0.002842077878432541,0.0072601749633387416,0.004281076195438722,0.007233741513230854,0.08532138299299938,0.007441761418604323
279,3200,379,False,True,0.00033271291714948275,0.005041239665102636,0.0003170598860816039,0.005040626835913597,0.0053553944972072965,0.005042052897644832,0.0013292937044014604,-0.004750375415802315,0.00013145524653287665,-0.003940822814450391,0.0001314958446846326,0.11752095677535103,0.00020961594526389127
280,3200,380,False,True,0.005412845302147092,0.006104515187040974,0.0003113393409141664,0.006100845351874729,0.005379426884295695,0.004810738149843003,0.00039661697908629,-0.0004589703286748187,0.009387862315096775,0.004471715491519403,0.0093856813766328,0.10825608384958643,0.01033337563765882
281,3200,381,False,True,0.0013520244582038144,0.004838702811016384,0.00039849984274760864,0.0048511419841887225,0.006001367310299267,0.004879156309592141,0.00038093252711195576,-0.0084704148570136,-0.0026665764329994878,-0.006958244791687043,-0.002674134372163408,0.039479368334981044,-0.002572431955435009
282,3200,382,False,True,0.002298847157771554,0.004997923514119678,0.0003273621859277132,,,0.004990168431344113,0.0004878748339697105,-0.001024281559007112,0.003794391155830699,0.00046990278220941043,,,0.003873753400510105
283,3200,383,False,True,0.0009616072433890818,0.006113484653971297,0.00039956193052318454,0.006113337592815595,0.006400376512427912,0.00609120766277903,0.0008478815193371205,-0.0017099545887237725,0.006808977631141459,-0.0012526878143419404,0.006809105469944968,0.13919199435069834,0.006911678754046469
284,3200,384,False,True,0.003388742864746297,0.005493268088178261,0.00029245505879095334,0.006068474227675151,0.006197893022685204,0.005131312527708105,0.0019362465394085165,-0.0004622357207772658,0.005930510554940867,0.0022760814530166707,0.005484448272551088,0.07861174824323769,0.006241732815344028
285,3200,385,False,True,0.0034672644584154678,0.005377360151037667,0.000640165958073893,0.005375948910311941,0.005805446163890084,0.005063497745776123,0.0008793189771012968,0.005103829522607982,0.011483225513507165,0.0077188649206227505,0.011484305730667313,0.13776522851591558,0.011911528750859934
286,3200,386,False,True,0.0009626537276076537,0.004707268308962624,0.00020310723295214632,0.004708340868693332,0.005177591753854511,0.004703385259886645,0.0005309897419385496,-0.001701828680791345,0.002629063416666213,-0.0008378526488264986,0.002626738230803749,0.038757153111653155,0.002715663695523826
287,3200,387,False,True,0.00024809363270522546,0.004422857745283216,0.00024336419083142324,0.004447479340143417,0.005166755052311427,0.0044522721220563435,0.0003192441271847121,-0.005760610424754862,-0.0022856891882067033,-0.005603690816834126,-0.0023060313720237604,0.04111873341117071,-0.0021946744047771083
288,3200,388,False,True,0.003985103953400229,0.004281257377525589,0.00017584696242067883,0.004281657022386874,0.004983929217008649,0.004307210883205127,0.00032279393786020544,-0.0010288026422145238,0.006268030137204406,0.002814054774708431,0.006267248724747177,0.012976159070887618,0.00637620524864542
289,3200,389,False,True,0.005689310562080476,0.004430906898072,0.00044095378942337775,0.00453613929695237,0.004878814065109526,0.004323428624646436,0.001005564926864525,-0.006494102976110035,0.003458339255950467,-0.0020651390220553663,0.0034365188844875227,0.0865753045226829,0.003796229141122612
290,3200,390,False,True,0.00038991257272574293,0.004808250248911029,0.00022216572906717935,,,0.004805068916328942,0.0002313291399975582,-0.006059192871253033,-0.000671930973023187,-0.0054466058470211,,,-0.0005951024342265021
291,3200,391,False,True,0.006527121905867394,0.005735407037713638,0.0005388136645201093,0.005744758174820011,0.006498784821181287,0.0057056003905083495,0.002037777783424431,-0.001250778836198447,0.011193079169873884,0.003565843204054584,0.011181008941714676,0.1260976947198922,0.011293651735323096
292,3200,392,False,True,0.005054025315091889,0.0060296628986408465,0.00040118885536156984,0.00603656473744251,0.005868660546446061,0.005197592325237817,0.0006462364345185794,-0.004556007592240569,0.00264447491779384,-0.0007193635037809382,0.0026372980387914602,0.04124370395163858,0.00316695758302242
293,3200,393,False,True,0.004166962229779205,0.006955002384400223,0.0026248540176679815,,,0.006990603223480786,0.0028489436624712385,0.006011992342318698,0.009896245613977967,0.00712227799433802,,,0.01002962374411083
294,3200,394,False,True,0.0005291225221197523,0.005183330157390357,0.0002676138660608745,0.006150690404064657,0.0066189112188240065,0.005201266721289375,0.002140303424623297,-0.004727694787130076,0.0007943755377557871,-0.0044572220299379265,5.224894489900933e-05,0.02704633396004212,0.0008814397802554969
295,3200,395,False,True,0.0010008597456105243,0.004413993768461456,0.0005267712500053103,0.00441392641030019,0.004640728396892949,0.004389582356410387,0.001992808189930207,-6.4327771332503e-05,0.004949055710091592,0.0005107513530493415,0.0049485999911117245,0.07167545399811434,0.005032887241751494
296,3200,396,False,True,0.0007773082882373402,0.005236513084726796,0.0002443526576344083,0.005236413375033964,0.00573556733331846,0.005208772467057501,0.0005434059200176236,0.0024636065240092216,0.008265698457627303,0.0034956538866718566,0.008266077527814648,0.10981595994414522,0.008409619071928581
297,3200,397,False,True,0.002063189397683735,0.0046247462441750785,0.000260604992373386,0.004624696609882768,0.0048779018520458675,0.0045709652666399625,0.0004327308747717716,0.002512407885047845,0.008479544241387877,0.004509109866660076,0.008479354800135362,0.07168154301562328,0.008581382351562361
298,3200,398,False,True,0.000432942948363477,0.004473381804522625,0.0001565383002464299,0.006329456674691868,0.005319010816463544,0.004465592994199998,0.0002817449304374815,-0.0033158871924018965,0.0015834645299100637,-0.002710343475982987,0.0005764674806674108,0.04620933902877196,0.0016773282580292564
299,3200,399,False,True,0.001430454329135601,0.005208168747036715,0.00023107035568971037,0.0052536526702099415,0.005304325118935562,0.004853569756651959,0.0019579903246705723,-0.0003540341780086262,0.006253016535666767,0.0014598776400621609,0.0062324729577568055,0.11180584625960398,0.006613844651500347
300,6400,350,False,True,0.0008607838936206665,0.005279521205727661,0.0005821819492388997,0.005277031959781908,0.005799995418695839,0.005281806944233072,0.0004943197729996385,-0.004230917188646426,0.002333116322031348,-0.0033865627268742883,0.002328473939694682,0.07160725010226382,0.0023796422088434716
301,6400,351,False,True,0.00286789688605046,0.008357249343276366,0.0003099350355761955,0.008684073094925004,0.0052587781987021446,0.004775894298583415,0.00036700911599609447,-0.00292628869684311,0.003039370641537751,-0.0003354637431232313,0.003574836493935525,0.16061151106414473,0.005464676336665891
302,6400,352,False,True,0.0007311071433719729,0.004711326787194859,0.0002541185375435905,0.004730819145603516,0.0053611445130433534,0.0046716349757615514,0.00030562436137287455,-0.00010168935329886775,0.00608141978841557,0.0008639755766372196,0.006073301012221322,0.07971070092090306,0.006171274725772363
303,6400,353,False,True,0.0004575733915669017,0.005400811495381649,0.0003856461748523892,,,0.00531916400007752,0.0006621858683715225,0.0006161269439002535,0.006682902949891468,0.0012872710876878973,,,0.006771052654985191
304,6400,354,False,True,0.0006472242200623448,0.005260778517078002,0.0001948345783055567,0.005261422174664155,0.005909175469123971,0.005266170820737747,0.0002247449630634919,-0.0025254432259015133,0.0031252338936623935,-0.001777171013864783,0.003123862687786012,0.07310697591073695,0.0031660103714779286
305,6400,355,False,True,0.0006026353778572722,0.004858725592241709,0.000393307392176928,0.004858828421671606,0.005486182586802877,0.00487032526756676,0.0014070691393921063,-0.002130599042208587,0.0012527952707132783,-0.0017058891192108395,0.001252132793890919,0.03737462459828123,0.0012983732720252272
306,6400,356,False,True,0.00047761168134743287,0.004374122929352851,0.00017563537293330912,0.004376400953969874,0.004918857951346844,0.004379035242348622,0.0003290127827516204,-0.0005076898117638638,0.0029189635899769507,-0.00024053957215957559,0.0029173448759424046,0.06632332667621227,0.0029560668812282503
307,6400,357,False,True,0.0006143222275041317,0.004844867573928435,0.00027017234237760706,,,0.00485758042476161,0.0002792732043758311,0.00012921232456380654,0.0048130982227007025,0.0005937252583490625,,,0.0048701924487569576
308,6400,358,False,True,0.000879650081197366,0.005403858002559321,0.00045730558663476987,0.0054408750834431955,0.006122743291324565,0.005337911865026891,0.000627742175537633,-0.0007056985954351686,0.003208620641670894,-0.000254327238281567,0.0031767723562353824,0.05679763367510944,0.003337018983423201
309,6400,359,False,True,0.0001176911450049655,0.0050892477179246606,0.00026438354143471405,0.006034500621829,0.005906157475269898,0.0049822567502872984,0.00025225985421774223,-0.000715794193413977,0.004003884012035925,-0.0002729253561030625,0.0037176947167606223,0.022943025390925128,0.004180697170989345
310,6400,360,False,True,0.0018924123634923057,0.005481269579477487,0.0001277355414585457,0.005481411687039068,0.006425910143122344,0.005509003541021404,0.0003135882378700931,-0.0008093944562613566,0.007031607257525945,0.0011681106006802464,0.00703117447580258,0.13336549008491969,0.0071016474939773755
311,6400,361,False,True,7.396088162160876e-05,0.0053127191138961334,0.00029707363768650453,,,0.005322905096700867,0.001239776781327404,-0.003377831174574346,0.0029436394319309047,-0.0031638802312148368,,,0.0030170607781644238
312,6400,362,False,True,0.0008277424690798239,0.005657734531681452,0.00015499132757941183,0.005778470794105457,0.006694954579698888,0.005684662950225833,0.0005384766980667162,0.0003130239423757378,0.006285949929507524,0.0012102849660667275,0.006195048316749344,0.11634338568181979,0.00633083216357179
313,6400,363,False,True,0.00023434342786628437,0.00538874249695803,0.00023454752930390926,0.005390637002677805,0.006135498360218274,0.005394783543308933,0.00032964929317980574,-0.0012086119920079479,0.0038838927317520343,-0.0009150734023801333,0.0038834694371425726,0.05171747098549382,0.003935170860114343
314,6400,364,False,True,0.0004583959410178837,0.005000694520964388,0.0002996337432089292,0.00500070427263996,0.005262271382789237,0.004937756556198185,0.000263071721883307,0.0028211571789566914,0.007265219863062242,0.003202190507627267,0.007265152181258703,0.05654247037942188,0.007377209421017203
315,6400,365,False,True,0.0003009514073402419,0.004635264376005007,7.08999493629102e-05,0.004898397417562528,0.005551957027988589,0.0046465652560611585,0.00015556098905439173,-0.0023101368956724177,0.0021864257798374885,-0.002060273217555851,0.0019488317754258412,0.06614831840135331,0.0022298447807567595
316,6400,366,False,True,0.0003689525411183113,0.005175724714153427,0.000336297866502581,0.005166556836040728,0.005735347935261734,0.005161772855732574,0.0005127040290199676,0.0021554798255047068,0.005963495418540568,0.0023445731696220516,0.005960344214816527,0.1445506030891002,0.0060202347730374806
317,6400,367,False,True,0.0003441275107000196,0.004961486930844006,0.0002102891637864253,0.004961425064969414,0.0058082569065202524,0.004980278145857192,0.00042225167666683563,-0.0008147142171137023,0.00450686328341229,-0.00035415057786336606,0.0045070544528979005,0.10545981150002215,0.004568410024675312
318,6400,368,False,True,0.0006379633671931366,0.0046711319974395765,0.00020579727310098217,0.004686579822486905,0.005389078646828571,0.00467568256503469,0.00037299905422565657,-0.0021029017898816626,0.0037188358973747173,-0.0014225283976475715,0.003728143686544918,0.05956304521469985,0.00376570276794648
319,6400,369,False,True,0.0010893187489897016,0.0047957550168848395,0.0002117456475895764,0.004795581983007609,0.005554884429566304,0.0048138068881118734,0.00030333040711335506,0.0015288763498724608,0.007769903680782093,0.0025339984937275558,0.007769759270864203,0.052507563335741164,0.007830286743526066
320,6400,370,False,True,0.0007755149571130377,0.005864573863208203,0.0003258888149617313,0.005841893977735597,0.006059090526491589,0.005158695166293137,0.00048641901080445133,0.002393386452869172,0.006399635351067392,0.003205926211210923,0.006391219326109461,0.10057412999364326,0.007005312806970657
321,6400,371,False,True,0.0009964869372824628,0.004810980947973053,0.00029466799917010877,0.004815248184691675,0.005809452469854565,0.004828916538670719,0.0006644849758443831,-0.0003975034444698958,0.006892272867914926,0.0009996273530179778,0.0068900191064291865,0.1401845761211164,0.006931372876492606
322,6400,372,False,True,0.001020271506873377,0.005347168259421263,0.0002478733611380247,0.00534631603875002,0.005987293470651158,0.00534037969861183,0.0002730861263882603,-0.0030333131537971336,0.003523784356705608,-0.0019501109780315725,0.0035201300431161008,0.03210603947833903,0.0035622778101301183
323,6400,373,False,True,0.001881593946953758,0.006063801954078744,0.0005158080385686526,0.006068319530796169,0.006810405465895762,0.006070720732303401,0.0005166678580580882,-0.0045613374178170825,0.005285174889013078,-0.001970366337128627,0.005285810640014717,0.25255361450046826,0.0053277564876948735
324,6400,374,False,True,0.0028002827787792293,0.004848833291231739,0.0013042152675567132,0.004838608503261992,0.006718774070901439,0.004835067143981183,0.0026488532959670135,-0.004795149879173138,0.002980662779677665,-0.003209029025294427,0.0029750777367132386,0.19426633945319793,0.00301647987337883
325,6400,375,False,True,0.000700563159443161,0.004762896439847713,0.0008872837303228959,,,0.004777361915908804,0.0012605625949489673,-0.003465035232416726,0.0042957878502901,-0.0035741084900892325,,,0.004402809527909293
326,6400,376,False,True,0.002429759328143632,0.005295602507425884,0.00036940574410977483,0.005317314504233366,0.005851454187968336,0.005191898517099152,0.0008518972178587787,-0.001127610927809692,0.004087032839037441,0.000641094614533701,0.004077140523384131,0.04435739815962973,0.004263027590412222
327,6400,377,False,True,0.0008777360560835272,0.005274509165654859,8.263394998792984e-05,0.005274605695561561,0.005863893897897179,0.0052755853517152725,0.0002481943382662893,-0.0020923615886095414,0.004769196410967318,-0.0009419706518157861,0.004768897854935457,0.1118023501121775,0.004815792953340128
328,6400,378,False,True,0.0024414304664839765,0.0049104848219485445,0.00020524285031603797,0.0049202987955854075,0.005451952569881647,0.0048898598485469305,0.001197541702147928,0.0005426536859987768,0.006662665237645768,0.002259126840435115,0.006656779048363113,0.06109624329635585,0.0067467536694034436
329,6400,379,False,True,8.98017854703756e-05,0.005230874680395924,0.00025649522251730436,0.005223070635094221,0.005722234599290688,0.00522192368440376,0.0013033251631545597,-0.0040904164147990245,0.0014782757946900204,-0.0037100603921186278,0.0014762327389945895,0.06131328937360921,0.0015155554392722037
330,6400,380,False,True,0.0019513504826405607,0.0059268973651498535,0.0004886248320714264,0.005926757215606902,0.007038321211171083,0.0059450101292166145,0.00032315425171734475,-0.002316417970723261,0.00651309264448873,-0.0002430660684889082,0.006512622521555826,0.046470734099470674,0.006561916732609474
331,6400,381,False,True,0.0009981643659610399,0.005175624884290118,0.00022752082358954445,0.005175820410258718,0.005735784533208586,0.005181102583540279,0.000264249516523611,-0.0023976273345691517,0.004531593219189123,-0.0006887068138538996,0.004531533508924195,0.06485291587796954,0.004577516819413582
332,6400,382,False,True,0.0023045908860985704,0.005312087007994131,0.00014101477705579548,0.005514144996052386,0.006004712875503038,0.005286731616099391,0.0004169698874517511,0.002049147929634307,0.007693407181386522,0.0032601467198973273,0.007601095694027258,0.025768287954368158,0.007795884494810182
333,6400,383,False,True,0.0006835003899767094,0.005286461133285041,0.0003746754748447399,0.005299558075963193,0.005845157863640116,0.005244068040208454,0.00044935446097819573,0.0034468477593819005,0.008549172593087526,0.004084591875827269,0.00853891063877363,0.08005724257780067,0.008616706744750222
334,6400,384,False,True,0.0008340418255266384,0.005158024036238034,0.00026110344916754707,,,0.005157662678918692,0.00032104577775117694,-0.0018699517925757096,0.0033950236332887054,-0.0010703623657354478,,,0.0034419970239107506
335,6400,385,False,True,0.0015951242998503128,0.005236400462209712,0.0003426091761772212,,,0.005249734078232355,0.00036657373940788293,0.00020680450733023375,0.0077856925977722825,0.0010410038559043016,,,0.007832458466510178
336,6400,386,False,True,0.00045958634013414714,0.004923625822653716,0.00022844044824270573,,,0.0049665699679094155,0.00014514316942053156,-0.005021382243528128,-0.0001301254633247595,-0.004309801712547883,,,-5.8258785353301756e-05
337,6400,387,False,True,0.00369056399097235,0.005357904944407853,0.00026445289692411054,0.005411599706898358,0.005752212046029135,0.005082172989765067,0.0023658594019228046,0.0029598456137270458,0.01082173846781762,0.005968764755462137,0.01078436144634729,0.040853961824485675,0.011085288241789504
338,6400,388,False,True,0.00037425971334686557,0.004791792710251454,0.0002523125824200777,0.004809836600653,0.005548290442689308,0.004701360089590636,0.0003126749044815236,0.00010947654099746573,0.006421068129869241,0.0006974110718171409,0.006413410303236447,0.05258484125031064,0.006552501971461733
339,6400,389,False,True,0.0014585334929037425,0.004958628675875835,0.00020587698330975127,0.004958889577594024,0.005428819992706883,0.004912335745887767,0.0002877676531563648,-6.153840961059698e-05,0.005901562741697468,0.001236111800735938,0.0059013771264651285,0.09012506458157774,0.006034540685412856
340,6400,390,False,True,0.00016597586419430865,0.005574325997397829,0.0003595023025160111,0.005568067107208874,0.006243633751322113,0.005582210152674191,0.0003210191856809007,-0.002358178020806849,0.0022344487310639494,-0.0019231282216973628,0.0022296482209319102,0.09912872021053497,0.002281644645309125
341,6400,391,False,True,0.001503517187014961,0.005146890872131585,0.0005225223186380366,0.004955253957747929,0.005745566787640208,0.004968371319045913,0.0004313855040680655,-0.002776464129459499,0.004954377860513688,-0.0006576318335015033,0.0052608630603293,0.178441390074277,0.0053465826197753585
342,6400,392,False,True,0.00038092842917928304,0.004559633720001099,0.00020136165295954255,0.004561583186866339,0.005256747146385679,0.0045610179194961915,0.000248741771518217,-0.0037924276504491933,0.0016836542745589079,-0.0033609996149113015,0.001679518080717859,0.04710350127978584,0.0017229004972504625
343,6400,393,False,True,0.00016393779412864597,0.005016825281569301,0.0003413481760620553,,,0.005026424149178714,0.00044146804663065147,-0.000725854059711671,0.0029263437403753835,-0.0007341136749301444,,,0.0029854016896385532
344,6400,394,False,True,0.00042562809220795,0.005139125579590953,0.00012993525972348317,0.005137899569067377,0.00585446348754286,0.005104120044579667,0.00015732240028397006,-0.00042605279073861793,0.00468858202121595,0.00011938536714398155,0.004701225446807804,0.14323095072667033,0.004770110662238702
345,6400,395,False,True,0.0014020814029202867,0.005803091851105755,0.00037682709245470057,,,0.005776216610731193,0.000598462021958136,5.9491826433657745e-05,0.006179491922329082,0.0011025211873458216,,,0.006260053944985952
346,6400,396,False,True,0.0006079979140052008,0.005228222131293104,0.005239891476432193,0.0053036176959292795,0.006024586227699701,0.005263092215245009,0.0004774894594957111,-0.0025611424203770277,0.00510678518504438,0.005338221443945108,0.005186567869865826,0.2615270235259548,0.005229320825151762
347,6400,397,False,True,0.0017994339604215182,0.005095630398043558,0.0002523740417945226,0.005124178480851655,0.005673446829050715,0.005087880834361266,0.00038906189806729876,-0.003200747388354696,0.004652816659286039,-0.0013280715562243818,0.0046609955536252206,0.16405566946794967,0.004696661065714605
348,6400,398,False,True,0.00017044686645075946,0.004665494135851169,0.00020879505150693282,,,0.004626087137273064,0.0011822152428095838,0.001535316649528247,0.006667427585423323,0.00197688852258861,,,0.006758144242761929
349,6400,399,False,True,0.00022589245171700467,0.005183733571321994,9.330032696372591e-05,0.005185847019497546,0.00614534630871581,0.005210677128925446,0.000431941458007753,-0.0010085887637470428,0.005275560032757181,-0.0005969232729383714,0.00527328662523745,0.07649462976227472,0.005345498351460282
