,n,m,use_location,use_scale,MSE_wellspec,MSE_misspec,MSE_surels,MSE_NPMLEinit,MSE_NPMLE,MSE_thetaG,MSE_EBCF,SURE_wellspec,SURE_misspec,SURE_surels,SURE_NPMLEinit,SURE_NPMLE,SURE_thetaG
0,100,250,False,True,0.006986112782353032,0.07445200157081207,0.006481214094853685,0.07445210423521495,0.1208240366763237,0.07445216422503093,0.02953665170185179,-0.16648190995544718,-0.11875156263905978,-0.16591826500242327,-0.11875338809802344,0.5918012417551779,-0.10785458215954391
1,100,251,False,True,0.019228731345277934,0.056035092091234605,0.013177739067806673,0.05603192390974753,0.11063299734596974,0.06117703483430745,0.0180653108965562,-0.18446453113358277,-0.04639021992326761,-0.17343942727913206,-0.04640214189789319,0.5304473258074204,-0.0273146499827272
2,100,252,False,True,0.04041868276984606,0.06896081286989884,0.007938316651163242,0.06895911800386809,0.08542004723242096,0.06896346682794159,0.0221864849825763,-0.12201429884694469,-0.06167139788026383,-0.09325301272599087,-0.06167193245188038,0.6956964008315787,-0.05157358844752091
3,100,253,False,True,0.08872645379513308,0.05691167287140357,0.011165462940615982,0.056909832618560224,0.07294448776251691,0.053628417155306585,0.019385953599026548,-0.16035416954956286,0.016995237960341712,-0.09291595163614874,0.016983746235771237,0.9031465398816806,0.03148199820758202
4,100,254,False,True,0.06417593994359634,0.05501939430616064,0.053060125436784886,0.0550194789905016,0.09379582469441877,0.05852206761748963,0.06016524543205036,0.07611247344075488,0.07141757056455277,-0.05884980383989191,0.07141467866796532,0.7289530416410276,0.08443319511812064
5,100,255,False,True,0.018705508383523257,0.16567358444674082,0.008433539795376352,0.16576030309364514,0.16667412575736623,0.06854224116963514,0.020510247528257572,-0.07312831167194775,-0.07152135289814482,-0.0626476961702142,-0.07153125122174998,0.7999486749260488,0.0024206117109095704
6,100,256,False,True,0.15633577932967174,0.06068816717224894,0.0017319716976163494,0.06069072083112819,0.0772439737300307,0.06323982936238286,0.03636370838031228,-0.11315147428759705,0.04296483662659952,0.013651342359983673,0.042959808116809696,0.7490835143262526,0.08329323370094155
7,100,257,False,True,0.09684640601550103,0.05716089893502655,0.003382566703708991,0.057155484844983645,0.10666541423398959,0.06072839612685429,0.05956464027971934,0.03701176050076258,0.05586651558701064,0.015460089386197282,0.0558536597402496,0.8831593932260721,0.07909108610650595
8,100,258,False,True,0.0959702836528946,0.13089537085822228,0.003327607783541806,0.1310108063205678,0.09977933682279434,0.060056926620938214,0.05069613492034496,-0.08660718885074756,0.0003209201132403905,0.001114732399048619,0.00033173504947882294,0.6991305271779288,0.05344337242918279
9,100,259,False,True,0.08035755743984618,0.10238164860534535,0.013039808359967701,0.10264765107198906,0.09237108809021995,0.0584435229008284,0.03621525912201498,-0.14535894320010007,-0.004775013433818316,-0.09587807585314229,-0.0047919703324554065,0.8878709288516327,0.02769914911600635
10,100,260,False,True,0.17487262566419468,0.06554610005039987,0.0352732992669607,0.06650834035515145,0.06968043757594604,0.057195667800421186,0.05435269050763547,-0.04394143978357345,0.07968368154017803,0.031005486872640008,0.07962819407941993,0.24432376813372386,0.09708776194360091
11,100,261,False,True,0.17123189061445682,0.06808366826762904,0.029068598807715073,0.06812570084419022,0.07781578490132647,0.04750795619595206,0.03136554110082197,-0.06139169077653937,0.04880460478491429,0.009728320985708302,0.0487849035104474,0.5778320072081784,0.08770330117391723
12,100,262,False,True,0.09412516663347546,0.0984704614651154,0.027385280311933803,0.09847574567018552,0.07522462665661091,0.057526152785430586,0.05944084832543054,-0.03332349620384097,0.08515384156754713,0.015515602150723768,0.08513364274772613,0.9034146581213,0.13598799941595907
13,100,263,False,True,0.0231943412378181,0.10815002923894479,0.011230864237545213,0.10820209160765103,0.10733577731953935,0.06710662522806364,0.031846212667078384,-0.06715257821606635,-0.03510217699926536,-0.059743725861311305,-0.03510978941687561,0.26236593917301027,0.011601086483444711
14,100,264,False,True,0.24065027285925505,0.19456321734940482,0.034926371818385434,0.1943471664267717,0.11196459576323749,0.07667679205558717,0.11452912040986489,-0.012836583353625346,0.10423886125288136,0.11151220344140939,0.10423097500172475,0.47383897444114664,0.1566597447034471
15,100,265,False,True,0.019409712422633518,0.0611771338544186,0.06210701378183197,0.061182991911170034,0.05581623537073327,0.06112219692703692,0.015003042138625541,-0.09217337590060394,-0.03295716603601377,-0.030384252380281574,-0.032971849733593926,0.8247382509903464,-0.02007363916563004
16,100,266,False,True,0.021054775243652856,0.06661053345650227,0.005368737626683158,0.06661562267868687,0.10085180567345246,0.06543693231958171,0.035455330459925646,-0.03688878554789988,0.021795321089752875,-0.016199110576426992,0.021789954910484254,0.5761053215399282,0.046444423787129374
17,100,267,False,True,0.2311081319838689,0.06746482278927232,0.07586109013323046,0.06705987822180778,0.11161149128152792,0.07521896397881048,0.04499898218308687,-0.13806908549272487,0.04671881269728665,-0.02895668114570748,0.046612596379061344,0.6491572547302252,0.05871817065945689
18,100,268,False,True,0.034432812254021575,0.0840211870190272,0.021829634606137956,0.08402120278844158,0.10645644937729698,0.08402078979614082,0.025238300559269556,-0.1486608756648287,-0.10800201731354989,-0.1403416174608667,-0.10800361843446261,0.38590974077644735,-0.09764660693885824
19,100,269,False,True,0.0003041250225279193,0.06848440769215185,0.00159410064405279,0.06848768488271974,0.09939120248302834,0.06849057263424649,0.020246382074097524,-0.16303076408770875,-0.08597497522983424,-0.16241985013748383,-0.08597601871377186,0.41416710927710826,-0.07582399643892473
20,100,270,False,True,0.1433849648668057,0.07364975689757981,0.06628153679701718,0.07365920600269578,0.05725938307999862,0.055234913633258866,0.05143619426275607,-0.1758201205216169,0.026533965711187976,-0.12033609401108027,0.026521607437092528,0.8475672190372177,0.04401853580467263
21,100,271,False,True,0.0857932981649226,0.08624970147869959,0.006830598072985718,0.08627064920987058,0.10956508830408769,0.05886239967749021,0.026103526745593252,-0.0886300322753226,-0.02820087483731058,-0.027601777737529965,-0.028239381100027147,0.688213986021902,0.01231068946471503
22,100,272,False,True,0.01903077861306309,0.05426830407476557,0.011309643495234714,0.05399435992201696,0.09154320628272408,0.05500892581401506,0.02730744499063954,-0.07550049412011817,0.03644646697600528,-0.06571221848454503,0.03651568445058075,0.5929216938534916,0.055035397520252216
23,100,273,False,True,0.1334658937960438,0.08347516661797162,0.07846991009674963,0.08341397338524166,0.10881300427810936,0.08261002974579762,0.07554718187391829,-0.08265605049235608,-0.02076931404498602,-0.04756957000860927,-0.02077333269804001,0.039402381249237874,-0.004308688467649646
24,100,274,False,True,0.05524548948518602,0.06593757067701814,0.003142912831269436,0.06561720614388715,0.10691935207491575,0.06601004073280575,0.010837073100702524,-0.1921894696450196,-0.04576306874091678,-0.12844599631246545,-0.045802276690088066,0.7821196202064471,-0.034820599467953905
25,100,275,False,True,0.026266722683140648,0.16541552691929454,0.011612007522337691,0.16001199951909292,0.1223470521276952,0.05580108906570481,0.08029085050299523,-0.08022799440843334,-0.017449841863222418,-0.06197447824380258,-0.017875158497878234,1.3555622530760802,0.05522155207689161
26,100,276,False,True,0.033997445152676595,0.057971405544791015,0.011911408065111683,0.05803491547101963,0.07840075776326735,0.055283803233026264,0.02672050746702,-0.05567662721310911,0.004696053673150118,-0.03782878024215854,0.00464858269854588,0.3619670245690565,0.01975381099952317
27,100,277,False,True,0.07239798890543063,0.07599190174700085,0.009841095278080029,0.07596010255893475,0.08092589857453772,0.05617207404109956,0.06242643210018215,-0.2180895447415822,-0.07717595488285113,-0.147125886552298,-0.07719241484412905,0.512323144455064,-0.03512903315361532
28,100,278,False,True,0.22831491044491325,0.14967082159967363,0.005680032003980211,0.14982226431672863,0.06029776481882178,0.05990329089220648,0.017066751852705373,-0.16406104441415192,0.004747031243990847,-0.01809776657732245,0.00470182400015645,0.3532858096697059,0.043397368832979955
29,100,279,False,True,0.1068552088299263,0.12110211345189707,0.003508816977677096,0.12113044275231868,0.1365931923249529,0.06476417396350367,0.014165539832598165,-0.1490821674781699,-0.02856805891074835,-0.04588676795600576,-0.028573934783661627,0.28625677404306843,0.02992151268747195
30,100,280,False,True,0.04299585613879925,0.16863655491570753,0.010166887896697957,0.1686968089133042,0.09930128317744842,0.04866660391045495,0.015545433489802534,-0.0945950752162232,-0.03368033965057308,-0.06846348673303691,-0.03369870237749687,1.3030037424919225,0.03601774426038029
31,100,281,False,True,0.07585397951595554,0.09395246943795428,0.04688250446714123,0.09395198885243781,0.11907104777678697,0.09395129112921242,0.054973779201878334,-0.240294122303791,-0.21411366455879488,-0.2227629909987526,-0.21411597596684742,0.04495677732684364,-0.20275650726212935
32,100,282,False,True,0.038649453300767744,0.07725834294987446,0.013220072335758509,0.07737112157224475,0.10278698060672649,0.06789218120006484,0.018091581607900854,-0.08205281552770449,-0.004488586423579122,-0.04608914323015698,-0.004503687908725525,0.7945335261766783,0.016620666197660117
33,100,283,False,True,0.0407232629728565,0.06551543222634836,0.015649492248928046,0.06550606039489354,0.12751236062238963,0.06286918409033784,0.0338035372528882,-0.06094606650820929,0.04681245591366277,-0.03971390638547153,0.04678975390362311,0.7822500273115196,0.0747404272158369
34,100,284,False,True,0.25282226466029945,0.11282878395654054,0.052427822632511674,0.10975386072007082,0.07698677928139967,0.07582944497243947,0.08366917502782777,-0.10331054808720565,0.11418968117557185,0.04602802538975549,0.1145370317635441,0.7121812535277434,0.14132143565784383
35,100,285,False,True,0.0018408303016684406,0.07293725931764261,0.001981424717380767,0.07293622546884851,0.112579807123485,0.07294064663057936,0.002951139538609518,-0.1708271253955439,-0.08873883592688386,-0.17051989905661294,-0.08873999604261115,0.7589195042878498,-0.07746257040783366
36,100,286,False,True,0.025476911500610377,0.09353347366845294,0.007326148897133254,0.09355568931489312,0.11212848954537806,0.052180635736000236,0.0164637876057658,-0.11009832957243317,-0.01670701190612327,-0.09103324249241634,-0.016714201148647873,0.8082885529075218,0.017771492631948493
37,100,287,False,True,0.04634525075281237,0.13297247202188994,0.04672091805672651,0.12789782921854853,0.09884402864206857,0.0553547201909862,0.039922059999911406,-0.016445934171968664,0.04114505299373299,-0.0055236082517869265,0.04075998381454433,0.9543901422062746,0.09726666094136716
38,100,288,False,True,0.09969905535845777,0.060038811175960945,0.008381054707342678,0.0600248470430854,0.08123145185188058,0.06036684554997443,0.009312491540527722,-0.19242519590452575,-0.05827678603511359,-0.11138289618676428,-0.05829914069740852,0.29360782354671877,-0.04175873385034862
39,100,289,False,True,0.20520593070114107,0.07216947929984899,0.04104877633122954,0.07218203563110545,0.11968494335705936,0.07234999382113617,0.05897683181569359,-0.0906637865147238,0.07659067626732785,0.03240298624810431,0.0765674862518113,0.5848482373667673,0.09840405231477384
40,100,290,False,True,0.14890250725792595,0.09311943022849235,0.03848782608536005,0.09310885298224189,0.07960610563652395,0.07011477820800419,0.061328974862002214,-0.026614555250952254,0.0765381837837738,0.04333326896478679,0.07652960473689717,0.4124888698101977,0.1065142709713337
41,100,291,False,True,0.3064827835942007,0.0896702406738626,0.03863995740318777,0.08965217925961479,0.0631447473176912,0.0619160487466823,0.03673448982872989,-0.13652885765366699,0.11721335743622263,0.05495243658658778,0.11721770077626488,0.5529369682315624,0.14655604632185582
42,100,292,False,True,0.0505751740392289,0.05505872451987604,0.008790464595771092,0.055057857001911105,0.07696660336954932,0.05399300387683173,0.013736699390996029,-0.11271664599816517,0.021207820034530585,-0.07131896694670384,0.02119640267475056,0.7410016202031678,0.035405254765360494
43,100,293,False,True,0.015254963880262408,0.0614154558514613,0.013509307980506438,0.06142694909922592,0.06990243808061607,0.04943958516043373,0.035261532770055504,-0.05836162049436187,0.03597039324710465,-0.053801493261767926,0.035908977462955745,0.8303883534986726,0.05853928619764187
44,100,294,False,True,0.08886695449475632,0.054112014608408664,0.020296727822747513,0.05410471313131465,0.08206835878125213,0.05601044720032863,0.013747867736899438,-0.14088816649627356,0.007059517768687371,-0.07355191531734036,0.007053476004839751,0.7051736981295796,0.020588979798451035
45,100,295,False,True,0.1149970566491187,0.07388799860211735,0.04020531331950795,0.0738490336367611,0.08902741813364688,0.0610693828678541,0.07016349368631927,-0.16599570163708877,-0.09239342764582788,-0.10447699996293906,-0.09238955840086767,0.38523083449722173,-0.06282577266670347
46,100,296,False,True,0.07413478610592351,0.08982577911577139,0.021147496080460196,0.09815296550766814,0.0858432091435261,0.07016035309381141,0.015088023821309129,-0.14042812380024625,-0.02296425046888011,-0.08592809834484451,-0.02196105495940124,0.5795828714506246,0.0024956757016583175
47,100,297,False,True,0.010289369185812336,0.04377063177132572,0.005252593050989892,0.0436859445517591,0.07477962221079414,0.04599309443125101,0.012185296876020494,-0.06010783339212652,0.029701320535690384,-0.05367501858003535,0.02963819360540555,0.6513493826592694,0.041412948862962484
48,100,298,False,True,0.03677082849791314,0.05842219366459738,0.0005493893939431198,0.05840654853646462,0.0878513747266518,0.06355948710892391,0.017696956737453418,-0.16058230303345608,-0.04496983459208011,-0.12419165377823718,-0.044976014522438636,0.6126198621554678,-0.03366989748812532
49,100,299,False,True,0.2810734485645255,0.22792662929790336,0.05065339408276629,0.22773062778561656,0.1126763563004253,0.08404208985725838,0.0405038090315331,-0.13878146136438735,0.04039129031440318,0.034926464696958356,0.04033426479528678,0.18271827814057473,0.09644184528583788
50,200,250,False,True,0.07121185245163249,0.06751956451170475,0.010828783439754526,0.06755614991465435,0.0697515626546214,0.05865906307334532,0.0364893401642131,-0.025706861899272498,0.05534397335526137,0.029112317331471762,0.05532516112118515,0.45042758321564347,0.0655115369499934
51,200,251,False,True,0.08837542988989702,0.0617109081897053,0.008827316586112716,0.06169192456409945,0.07931063772654476,0.051311043180545635,0.016552668589498064,-0.12233172463744854,0.02887996809571753,-0.0598479276360838,0.028887958160845956,0.8791316942319182,0.04180267842546087
52,200,252,False,True,0.13665664738640307,0.06600371088788592,0.05200649721490423,0.06602054271716971,0.06842659073735928,0.0512796775759034,0.019192263043511296,-0.09598181456571972,0.06597037405548775,-0.027177490814165983,0.0659547876373584,0.8550970757576707,0.09043594052698806
53,200,253,False,True,0.016725885612547883,0.0688829944880331,0.005015488410964104,0.06888335894385272,0.07339489916125921,0.06888604282637406,0.012380259229086298,-0.08732743051341764,-0.025972554563455503,-0.07534283790735649,-0.025973423659123328,0.6992876420094212,-0.02057172708519528
54,200,254,False,True,0.0068670977902242185,0.05843668241971174,0.003923230185153444,0.058291303629191354,0.07219167904381955,0.05704376524660501,0.03339649310013791,-0.05427493645399478,0.0240495053969466,-0.04380379652880516,0.024056788875458538,0.7751222934294634,0.034525189018199176
55,200,255,False,True,0.03776162223622395,0.0607611194186522,0.0186686556239225,0.06086435739531451,0.09158259364050401,0.05427654882328822,0.02083489693048659,-0.08834441545491656,0.015164101387087925,-0.06735417163530873,0.015151524656006147,0.748817472980231,0.025600369671609613
56,200,256,False,True,0.07527152856949856,0.06229603459697663,0.01566420097987256,0.062376809173422455,0.08976433068537401,0.06431410452247491,0.019077852990508577,-0.04718820767624255,0.035826229385941134,0.006016743406710275,0.03576624782831005,0.6964580404701938,0.042781405930667094
57,200,257,False,True,0.04923235398919627,0.059937167580001845,0.003522871752855602,0.05991415867303906,0.07300545956805328,0.06044036671216464,0.006731162577565686,-0.11587553223640526,-0.016259289097339577,-0.07588924251687859,-0.016268154413141857,0.6640226793414331,-0.010601993374195318
58,200,258,False,True,0.20800894634194506,0.09378666381826348,0.05011005233076315,0.09377520105309284,0.13992992430183782,0.10600032428883695,0.054016463696199016,-0.003191850975581383,0.1361099933503347,0.09144411515608607,0.13606444969058587,0.5051402444162173,0.15087488978948999
59,200,259,False,True,0.0744044606094737,0.057185319849305374,0.003863571477794427,0.057184987594454964,0.08304733140108145,0.060528654874650166,0.04735220032754564,-0.03082565277098464,0.06237575515759943,0.029184270072543442,0.06237284975001409,0.6049353435558086,0.07225129456530838
60,200,260,False,True,0.032687612283232,0.06151798540788439,0.006317003928805976,0.06151392230506892,0.0780666364710985,0.06117674682505023,0.030833030063319923,-0.11753476846094853,-0.0023439565525436735,-0.07882315543815696,-0.0023498431689957045,0.7526165681352674,0.004470119211079648
61,200,261,False,True,0.1350774151079259,0.05504304052329184,0.01139142605913589,0.05508798416979068,0.07839090085993723,0.05203322967603187,0.031792288491815625,-0.06731214314467278,0.0826445000908776,0.005867964882580718,0.08254740827980221,0.7048116507090536,0.09323282474821071
62,200,262,False,True,0.09067337619577001,0.05645504764211575,0.005949138114717848,0.05657509762123778,0.07709089118788186,0.057492637894311256,0.02913963987641141,-0.04294506310497104,0.03398538133362692,0.009213464514848094,0.03389151520405008,0.3755851083685605,0.04157754481316561
63,200,263,False,True,0.19369135581192357,0.05311365295487841,0.0014414710545475329,0.05311048254490475,0.06831532538312499,0.05348039273755793,0.016181749974864525,-0.12832712579095681,0.0563326258808722,0.011609653110992326,0.05632895767318466,0.40279326381433056,0.06645837466920851
64,200,264,False,True,0.09519082572926235,0.09991399269628787,0.031428064875395054,0.10185550861820453,0.09852164602507082,0.050554962744309734,0.0358429617119989,-0.05434765576417208,0.05134194047707581,-0.019835378880915036,0.05167189955883245,1.2187206832230324,0.09323176141791972
65,200,265,False,True,0.0497977655115473,0.0667692758926722,0.013595496282841847,0.06674444390060243,0.10663043183497202,0.06960410605439941,0.015989780364559333,-0.09751785562015287,0.0023930318171002086,-0.04622537486747204,0.0023793415037793864,0.52104051034751,0.00868167666209152
66,200,266,False,True,0.03414090988970219,0.05663206560347682,0.0015883605488226944,0.056617899367038406,0.07792914808274669,0.05421788425555857,0.01901191491307267,-0.05326603425735451,0.013783020838078244,-0.031248505986881663,0.013775655899363528,0.4597748192900953,0.02725655196549842
67,200,267,False,True,0.03603628525442541,0.053925338134042704,0.005674371150898443,0.05391779551579526,0.07207175475244942,0.05277902319617638,0.02218625489606313,-0.09421219072110795,0.016813483059024036,-0.07198985598931933,0.016806034171632546,0.5063481402840948,0.02762858778720617
68,200,268,False,True,0.09747697366894637,0.07044128257971403,0.0241647533224652,0.07043714262023448,0.0784826689522735,0.05958620490867575,0.036920059870458544,-0.024019303859399092,0.04302598003516337,0.030392907877846206,0.04301471975059116,0.49689879276725607,0.0622656733771525
69,200,269,False,True,0.014732680998084313,0.06342397784162251,0.005047705131397982,0.06339246945761196,0.08101868562633145,0.05949898684536441,0.008305728449274777,-0.02747637475931086,0.020817099429835437,-0.01640951850002303,0.02079177616867881,0.4642066801488325,0.029531986767311558
70,200,270,False,True,0.030161174562720952,0.05412757956762507,0.006257255743280222,0.05414000039220878,0.08104602130121624,0.05480784476178575,0.021928126354743255,-0.12076032852319862,-0.001405437133908123,-0.10127440505640721,-0.001377463688651801,0.7728713558080006,0.0076064673127591576
71,200,271,False,True,0.010528706558825764,0.05846091696146602,0.002129383835470575,0.07672441920455923,0.07895077546462775,0.05666247165972552,0.01055910048865561,-0.0762254388594322,-1.4953155420229792e-05,-0.06443500891954373,-0.014928770869451356,0.7936978166620741,0.00604358968179447
72,200,272,False,True,0.18555677729971676,0.0746683779337654,0.01892918809400468,0.0745166186488588,0.06655614761603354,0.06763084358272248,0.06169246422369558,-0.013341393635380535,0.12163871919522798,0.08605598105127069,0.12165823796419865,1.029227502061457,0.12972090992580976
73,200,273,False,True,0.008449770171023658,0.06015409780449064,0.003016808950071874,0.06013130565166335,0.10115850866315056,0.06371630799471588,0.007241279769448351,-0.07200226528536527,-0.0034645354023353295,-0.06663434003376707,-0.0034612756466342633,0.676112265733114,0.0026295295470113444
74,200,274,False,True,0.1330933275405179,0.09204244245620438,0.003901586781424537,0.09206030297509922,0.08024267000547006,0.04932493407738949,0.03741012237061201,-0.08395538842472294,0.017636508276644848,-0.00038137488156112734,0.01760825658046656,0.6275972659685753,0.059139632962702415
75,200,275,False,True,0.07207337978408765,0.0642346619508081,0.06363958214730667,0.06423432612202772,0.09398361109938673,0.0684294989299812,0.030319335915161845,-0.03783435844033744,0.029704883108702163,0.03275022706942559,0.029701677346126446,0.38246498353250075,0.03803587954986759
76,200,276,False,True,0.03790685969431781,0.06269910914964008,0.007100619903117114,0.06270579657111855,0.06147300508664061,0.05739221245169512,0.014730516374985897,-0.08588230482233364,0.010612237405513482,-0.05356735485466283,0.010587792607970102,0.3863874303451466,0.02005014909806918
77,200,277,False,True,0.036211565673217934,0.05704934111099245,0.007009886578670738,0.05704733735052848,0.08332002950044397,0.06112730600300914,0.014752640173358974,-0.04168329724113349,0.022572333256492813,-0.008773732326868084,0.02256941557442531,0.575627663702495,0.029713901345227556
78,200,278,False,True,0.037462061617868456,0.057496357189055346,0.0014424547139699326,0.057925708244259494,0.07178409810346652,0.05247683813970361,0.01708731589043161,-0.10278547305537959,0.0008061112756711708,-0.06516455175347424,0.0007635078629737535,0.7337664908280302,0.009763924267281177
79,200,279,False,True,0.09516386035905873,0.07333716796188602,0.0014698599628631312,0.06843258530682249,0.09229257779730551,0.0635506456825876,0.03136512689591013,-0.10947786137914654,0.01071307402657638,-0.04445616871411994,0.01013602368815512,0.7669863652549964,0.02271441352111886
80,200,280,False,True,0.14864588348791577,0.11658042309465333,0.008649047444776377,0.11668094770957298,0.0916932210421855,0.05973864181185565,0.02546581103550794,-0.07871373972902727,0.029100944117724764,0.02714478111955324,0.02908005833750579,0.2091519352926977,0.06932426997887786
81,200,281,False,True,0.06271243737291986,0.062648187339186,0.002064455898005694,0.06272750036421511,0.08403691946556481,0.06394213337117088,0.01205931540833706,-0.04598686724436834,-0.04593909927781098,-0.09773782640852847,-0.04598096656443047,0.3279449760389106,-0.03949239620293882
82,200,282,False,True,0.05423195723910965,0.08383344546403772,0.03731182610298832,0.08363084964931566,0.11246027430104082,0.08513355657899677,0.03312658546477859,-0.11106924846333514,-0.0722950370072921,-0.09160399160606429,-0.07235899054761298,0.6151104510459183,-0.06669022277760545
83,200,283,False,True,0.05650347776956184,0.05882019141986036,0.002832967883321642,0.058883953015660725,0.08967659241090262,0.059932754738724274,0.0160101598664933,-0.038763678459604003,0.04091420547805967,-0.003341702012504435,0.04084234466855847,0.7140752841320415,0.04933950107816493
84,200,284,False,True,0.012654192143200604,0.057937032496572956,0.05747774691020794,0.05791152320492953,0.0977249039375769,0.06010664616548196,0.010746816697607142,-0.07617189110797862,-0.004678943360770234,-0.0015310586755596046,-0.004691258579212416,0.5955512935362464,0.0038927654184642835
85,200,285,False,True,0.0749869249266292,0.055013268316166146,0.00506309183648849,0.05521650523080731,0.06805329894534634,0.05401332777286926,0.009807101101217661,-0.05250215859811831,0.0230024127468063,-0.016057490283186888,0.02351522313538837,0.7470784713054295,0.029682534173983754
86,200,286,False,True,0.04268533094969734,0.06143125855356181,0.030311718063405987,0.06142044671219321,0.0754741609872286,0.06254034395874208,0.03055403711102874,-0.11088809379480946,-0.05504795797432586,-0.08998355968328337,-0.055052115757395444,0.42866767403578704,-0.049203561292549824
87,200,287,False,True,0.0909290087117213,0.08763242755772327,0.012491688114247725,0.08763137880639406,0.09422753251212491,0.06585410327025701,0.05565955750714445,0.014945758319234137,0.09072483584207561,0.06786405222990358,0.0907002338122146,0.5589168660503292,0.11535501300515993
88,200,288,False,True,0.048441222125166876,0.06639540627056785,0.004521623440583402,0.0664382433973434,0.08645812748826572,0.05819702582400907,0.03829020594517828,-0.00715120312918405,0.07514545734142886,0.03346202867161382,0.07512458496829837,0.41743985013257423,0.08887658955666439
89,200,289,False,True,0.10327545960460091,0.09754724078066643,0.006592115515668424,0.09760895772776297,0.10558236312202031,0.057121053598753635,0.018654331940950435,-0.11566938100303563,0.020753233094798203,-0.044028558855936505,0.02074422476705827,1.3132208351378227,0.05231098055891109
90,200,290,False,True,0.1772454031376802,0.1066266816587312,0.024229511880364964,0.10668033301771648,0.13144090954232693,0.06425381524682097,0.0572659091425969,-0.0397694245600235,0.10702603118345451,0.05071728754781111,0.10696930083582701,0.8128978098068953,0.14689107792356604
91,200,291,False,True,0.18147089433778138,0.19418649770752666,0.1359528207048426,0.1942066791275081,0.15637503198102107,0.1287575280122587,0.12284777883004658,0.07755322376257943,0.1725960034113001,0.2271307164471556,0.17257638849355644,0.6696494647806354,0.2425381907724544
92,200,292,False,True,0.13953481356162434,0.08942644828251774,0.03494876381970182,0.08942187764794975,0.1255383387528234,0.060618776786888644,0.02762338232413598,-0.10482680276024411,0.03981110786247683,-0.021865668411314054,0.03980603624388735,1.1156637407967707,0.08613845909824291
93,200,293,False,True,0.13105962074133148,0.1139308259834753,0.042713513232944755,0.11396445761172236,0.08143270038244023,0.06934689478830601,0.03992949567224245,-0.017166793726693483,0.08954836964606358,0.04597128642360044,0.08954813534326349,0.6369787747432879,0.1305204219194997
94,200,294,False,True,0.011039146719369024,0.07249910954646971,0.003536233414545795,0.0725006184324302,0.10913685062406567,0.0725019876767448,0.004116788276666962,-0.17336572844205292,-0.0966911649923599,-0.1593790106510211,-0.09669243891445944,0.35814308936404127,-0.09097756531678686
95,200,295,False,True,0.042710195881011,0.07775778967674583,0.002807775843212578,0.05728873997704478,0.08552089251201359,0.06041621318635244,0.006221909664529952,0.014824332262264033,0.07923257835990306,0.044296139353009814,0.08343228803479612,0.3642871426221117,0.09779337324338971
96,200,296,False,True,0.1685875455177279,0.19368919775803217,0.0508305613949357,0.14083834997278816,0.10001180463715803,0.059129257079607374,0.04029162653060166,-0.06144265197397255,0.014870272502598994,0.013775428713677637,0.023953046101327473,0.4284150682445875,0.07466562421568068
97,200,297,False,True,0.08357448131356046,0.060498124297732894,0.019689489431727072,0.07633827085979132,0.06787770594296214,0.05545920883428657,0.03919868485904343,0.013209457547660649,0.09167935688412236,0.04622386334328825,0.0852030887031681,0.8789319504473618,0.10166858078827856
98,200,298,False,True,0.03529364834602971,0.13779531528630037,0.022732831537142548,0.137858654460967,0.15796366088247715,0.08444483751142179,0.035587200410965636,-0.03314701539482608,-0.010239456655172247,-0.021840257230079922,-0.010260171595067789,0.691878978045138,0.026890092671989496
99,200,299,False,True,0.016939813524415377,0.05306832149523419,0.0005673990196149533,0.053052273620976295,0.07961269576921837,0.05617411390719251,0.0020012829814243724,-0.0901588368503738,-0.01262640353278151,-0.0804862060413424,-0.012638416187656105,0.752596329130738,-0.005954189910957697
100,400,250,False,True,0.010006233989757559,0.050264650929248283,0.0020062370830211894,0.05025369810555854,0.07454410619223402,0.05120767931486372,0.006241695930079799,-0.04254373520082002,0.027118286030113906,-0.03613854958172864,0.02713349542714603,0.7596514603873975,0.03333411404104397
101,400,251,False,True,0.04668578941721029,0.0518407143888805,0.0033040949268640734,0.05452792025429396,0.0861030934327367,0.05351987368775407,0.006889530356144508,-0.07406934414821126,0.02548538858964058,-0.034596768749090845,0.021345183745395745,0.5771456072234156,0.029372268697346327
102,400,252,False,True,0.0073423909680619005,0.05929935184004952,0.0026629010135495418,0.058705106243667406,0.09783488275133938,0.06049994099264465,0.00318492498746238,-0.05169669738369178,0.013723634905792394,-0.04443336730658322,0.013383874637224978,0.3947629782278851,0.016986661329376596
103,400,253,False,True,0.010605870935040663,0.054043400951346875,0.003657953333307918,0.05404961548034265,0.06638594031605434,0.051958240445799136,0.007048586934498678,-0.02680240916431383,0.044871546752537274,-0.01693895345216218,0.04485788576120449,0.527896183646516,0.05421109729764195
104,400,254,False,True,0.05147577426742623,0.07546556490195831,0.00509900476756745,0.07515915552912145,0.10191792169291534,0.059133944037261764,0.0126206472735144,-0.04183599627290997,0.017433830267577975,-0.015578876448818328,0.01733114815776787,0.6035965613333475,0.032356112935230275
105,400,255,False,True,0.03360843654158838,0.055086734774133846,0.015526718836410663,0.05508695177088125,0.07993633353826907,0.05658546406603789,0.014824694814235909,-0.0440554906635707,0.057117201429501774,-0.030473296717606804,0.057116509301339276,0.7991480077849983,0.06480479075489681
106,400,256,False,True,0.042174568140711584,0.07706249301199392,0.0038747591883817583,0.07708364763356049,0.07542175186616436,0.055291585965786,0.0068437821387589,-0.04758599335773674,0.001339861394605677,-0.01658305185893321,0.0013164744614100954,0.21643908450730323,0.020568432741015608
107,400,257,False,True,0.0502022195279497,0.0693325242960287,0.007456568200082775,0.06941014443876108,0.08217840111742515,0.0604752994729949,0.022173080080803462,-0.040870001195814964,0.021210768032593707,-0.003273696904046217,0.02117340154370403,0.39198537223875024,0.029276747794204194
108,400,258,False,True,0.012566046679789446,0.05959868126794749,0.007016029369827966,0.0611996154096967,0.058681418645693956,0.05633347678185239,0.008304454766541663,-0.05722231821751256,0.0049176037439652735,-0.05060838920232057,0.003851378550618989,0.8539523221234071,0.009067136247815688
109,400,259,False,True,0.016185331194064206,0.05523018530136689,0.003262384607698407,0.05522939718470508,0.08040646159830513,0.05743225732703476,0.005550388343361991,-0.02042868880188416,0.02761651523163934,-0.00994368570431813,0.02761520318040205,0.6185756950312473,0.03240450057390859
110,400,260,False,True,0.005831803755409138,0.06084099736869822,0.0015532431130488918,0.06086415987622214,0.0830965512958094,0.06122706586122769,0.01601875364317138,-0.055284089802019154,0.011271279551490708,-0.052434332614268594,0.01125236521758822,0.5655667283901976,0.017526302805284832
111,400,261,False,True,0.014965830035211267,0.0697581409299239,0.011268772089547664,0.06981574550576757,0.06754882931013269,0.06259909262258119,0.01215717067764771,-0.08696322253328301,0.0038431114386003173,-0.07937721948856039,0.003820589955499543,0.6340767946856596,0.009026268579074515
112,400,262,False,True,0.048349577876244484,0.07565992645657664,0.0014488772368208406,0.07563485103957532,0.07841721499916213,0.05804964876804895,0.007046758812858894,-0.04611106898708897,0.03530149947929175,-0.003461290785274005,0.0352844482912198,0.6892026639223261,0.05039367375234699
113,400,263,False,True,0.030747413059943055,0.06816749079548116,0.015313670321370347,0.06792436548176868,0.07922144178582881,0.06308489158014335,0.012206998551189478,0.03997857233582885,0.08160489311100719,0.04993868093264202,0.08162587154661737,0.7887612150503008,0.09024646990252205
114,400,264,False,True,0.05248360546449506,0.06117223917050267,0.004057930272139757,0.06828522433441502,0.07470517587280773,0.06033990395445652,0.00876102631683189,-0.03688846617036701,0.02763591488157019,-0.010736537144537976,0.025208388329757483,0.6160004586731109,0.031740274997768936
115,400,265,False,True,0.04949447916090957,0.07371540560848353,0.0034001700035250506,0.07381696007473124,0.08501753805365916,0.06039416868559282,0.018127809359555887,-0.027336717252531628,0.026947402937291046,-0.006669100685941656,0.026907510531589553,0.4407681802289177,0.036473121473179215
116,400,266,False,True,0.029728100965473493,0.05627804846044101,0.0014713164076528165,0.056281898813930295,0.07706513851491947,0.05463000802942832,0.012911743613782228,-0.011406605772662446,0.06236397506246661,0.013740691200931656,0.06236421738076643,0.8529842302008056,0.06950082993510415
117,400,267,False,True,0.025143866006546854,0.06312948666663798,0.006777493604922702,0.06316521809932706,0.07900292410565686,0.06085947148254336,0.01049722676767205,-0.029125062785542166,0.007563144201301526,-0.01951275225997246,0.007537299799995623,0.5630112365317926,0.012943781396051401
118,400,268,False,True,0.06528632340656194,0.05362221475645408,0.010726831979225646,0.053637717462438686,0.08138363381735053,0.055233000653567794,0.006913101643435261,-0.06635075672924734,0.028733746909829563,-0.032350671451833686,0.028659412120398076,0.4109256358539977,0.03458142010455206
119,400,269,False,True,0.06544324173658285,0.08212847839116788,0.001511143823805359,0.0747191064554173,0.08098005885470505,0.056009936637044636,0.003531199876901185,-0.039368971906254144,0.039836659653014056,0.0003021825126689448,0.03721481093316406,0.6563418953280895,0.05397368839423089
120,400,270,False,True,0.056405326753347085,0.062142680238915504,0.004704771055563121,0.062164782797365765,0.0865350676261408,0.05958692863960072,0.010505479063918646,-0.005537094241395662,0.08602496733365023,0.028123029068005723,0.08600094255960748,0.4878785614676563,0.09787069519360819
121,400,271,False,True,0.032322255959559384,0.07613218634422209,0.006728587396671799,0.06118536539132619,0.06663353139267787,0.05619230800508418,0.015286596515142487,-0.035442687570819725,0.057807629084094286,-0.01015396298200685,0.06184642606701566,0.4535946077978899,0.06766460867016244
122,400,272,False,True,0.010580407425041738,0.05236571439775515,0.0028072932922447746,0.06805712215710584,0.08060507574862581,0.05282840306839823,0.00999699057582296,-0.0625825722907805,0.026383730290669476,-0.049301757975690585,0.021666179202923033,0.9778703998211482,0.03143438596851039
123,400,273,False,True,0.011437374289024672,0.054524704489195115,0.00252889835570989,0.05452411848730625,0.07821082490646131,0.05710603165953227,0.007633146050803945,-0.0391029136347672,0.01087740305271936,-0.030449755106323268,0.0108749042181946,0.5968879669339802,0.015526399238950439
124,400,274,False,True,0.06998362279071911,0.06976543626337758,0.022667711928623758,0.06989555994365648,0.07250649236600931,0.05226008998588593,0.01745424837131949,-0.016707324559417397,0.07663406327615398,0.0009105238270210547,0.07639566579242044,0.7687558052207898,0.0852790663478315
125,400,275,False,True,0.05328557999822494,0.06550456567828072,0.0063554507102496945,0.06518840796640521,0.09061120443026471,0.05547407820266483,0.01668824926654155,-0.015330384183556466,0.06654047185400266,0.015368122666620526,0.06653314472323238,0.6634312469672103,0.08388715955101095
126,400,276,False,True,0.01878976178615658,0.061572902392910855,0.0012083448599885136,0.06119954103532424,0.07927026205553496,0.0540969492114715,0.0016281218084486858,-0.0583218196060898,0.013701315253633837,-0.04515069879401462,0.012874294781692086,0.5414346155149814,0.02236046976093159
127,400,277,False,True,0.1540970013834576,0.07559783346851437,0.00959379696994417,0.0756166951445371,0.07717647686356767,0.058801499340702584,0.023127025094094887,-0.058870047344987464,0.06204258101475716,0.053893903649927924,0.06203326392730865,0.3707058144560439,0.07506335359946342
128,400,278,False,True,0.030904716148255768,0.05549153966272275,0.007981018351822088,0.05550351446542162,0.08734967253240701,0.057673057235243415,0.009715580841421007,-0.007117649257997187,0.07802104753643022,0.012602699427601425,0.0779898133446092,0.6399242283930572,0.08501399642807939
129,400,279,False,True,0.09204868998768628,0.0897691072070804,0.0097737457128922,0.08983798861033129,0.0978428227561465,0.06316182221417668,0.028282646915933508,-0.002461941731697872,0.10181210760785525,0.05731419787583263,0.10179548759768786,0.8750929581001432,0.12030164383796832
130,400,280,False,True,0.03250551919511851,0.05583362842109232,0.0018283189464952901,0.05583399695228335,0.08175980175481555,0.057005048133963905,0.00993641905242407,-0.012959346996282551,0.0593951892570253,0.005968154567442521,0.059391260624464697,0.6476467636927069,0.06608968363847684
131,400,281,False,True,0.023045944545164305,0.0732268476405159,0.014676534588834653,0.07326181528073096,0.07399629797395534,0.057619889988657386,0.014843640876901812,-0.007804588884955107,0.038030770180202185,-0.0039503465897827985,0.03800297094885224,0.22367818995585018,0.05176136298810052
132,400,282,False,True,0.025347072982218045,0.055082793171816705,0.005400737362616436,0.052887317542829014,0.07963151336051678,0.05193251720098134,0.01763698326896374,-0.04507560684648322,0.05310615411870316,-0.02287827831187749,0.05106161671603893,0.8727354505701282,0.05986077083463043
133,400,283,False,True,0.0436364632179068,0.05938490053074539,0.020245950406342857,0.05943316506479266,0.08736219535992501,0.06163126105075297,0.018744101308640314,0.012939240432308643,0.08081658742238744,0.03393060499329935,0.08079271294271806,0.4278679227879042,0.08798836402636329
134,400,284,False,True,0.012868549110928811,0.05676580517673098,0.00417675738351109,0.05676493604206909,0.0954111281354515,0.06142529116890652,0.0046338981728205695,-0.02810704730326342,0.04123501886094452,-0.02100283129759583,0.041234441534335316,0.2983115449164074,0.04644119660553503
135,400,285,False,True,0.039083218542752124,0.060214473133092375,0.014970175530221985,0.060231917545165985,0.07461062537274106,0.058529965979320114,0.014545173649211509,-0.01755307907474339,0.05480082323020405,0.002780570493150829,0.054764864055667106,0.5928597049919524,0.06098564261907635
136,400,286,False,True,0.025395178566848964,0.053363955055352214,0.0050088509703943365,0.053361149772207274,0.10002105831415471,0.061045006150313774,0.00812167075684046,-0.04768043212852287,0.031606589857328726,-0.034151074428990055,0.0316037657549807,0.42825382529965195,0.03675100000023507
137,400,287,False,True,0.015932965874547803,0.06384069865749757,0.0045195267909101475,0.0638065097021189,0.10716986977666547,0.06654575480545181,0.011476524834701385,-0.03708741696451091,0.019654119939084252,-0.029659486009624345,0.019605855092443888,0.4553767440326042,0.02492267526899089
138,400,288,False,True,0.04015900293920921,0.08115435342259904,0.04129720301892244,0.08108875806531968,0.07804113777833634,0.06055849027837899,0.018189690973130914,0.03868909331039317,0.094068679132279,0.037777548692440974,0.09405970352938865,0.7053900593960484,0.12108249271698168
139,400,289,False,True,0.030443745180344962,0.0548278635783073,0.0015304529021610567,0.05482885550435063,0.07603140602454618,0.05541581508293738,0.01028992719166456,-0.02131988594232208,0.0583961991726548,0.004997815666037351,0.058390893144641326,0.6128827165130175,0.06566200888413803
140,400,290,False,True,0.00998234919534641,0.05609260085390958,0.00792430391445475,0.05605348901608458,0.07447914888268246,0.05192040993485784,0.008252693872125804,-0.009250402495523785,0.07453980363022339,-0.007617838145894212,0.07446885356802682,0.857833417001837,0.0853785223089299
141,400,291,False,True,0.017170296696644775,0.05838883594296471,0.0012203036219491051,0.057096502256279116,0.07940339158809569,0.05632023759407041,0.006721936955191576,-0.05463770218023516,0.01754688634664305,-0.04177551123185452,0.01726523531489704,0.4026167267964601,0.023791712720135305
142,400,292,False,True,0.0327314519453919,0.061845255177925836,0.010236727457112715,0.061927980291594346,0.10096909099680598,0.06221906709478632,0.021164447279013742,0.012694865718811421,0.06890549137450001,0.033623594127665885,0.06885158774118792,0.7410108329532942,0.08053712973373717
143,400,293,False,True,0.0039034181709167986,0.0607043346569066,0.002454664853496914,0.060695953795454685,0.08179007018139833,0.06294639602606203,0.0050834335232114655,-0.0740450935924287,0.0036719440598166385,-0.06804872499837764,0.0036668332973056293,0.7357506481383274,0.007347803687817012
144,400,294,False,True,0.04208057106952525,0.06332916748137205,0.006417189825199352,0.06333206872498374,0.09488019807437881,0.0625717800177719,0.010411967984848438,-0.0346187375276214,0.025449235861948978,-0.006948734774486365,0.02544685771129025,0.4462085993993702,0.034663755155084186
145,400,295,False,True,0.03632341467288508,0.056654837022935396,0.013515150085118475,0.05666094691296025,0.08848385053934514,0.05732983031532735,0.013206204134798522,-0.06308113505678484,0.00945237101061366,-0.0388611838449847,0.009451874937592563,0.8568998737849863,0.014448722272762227
146,400,296,False,True,0.012672605566975383,0.050120575020958194,0.002856150702210635,0.05028772836927007,0.08145785997003861,0.05369330550200198,0.01198536755964059,-0.007767270117721745,0.07176846455968132,0.007952552500701256,0.07171286200508291,0.5835871840506587,0.078202301936946
147,400,297,False,True,0.004994385365932026,0.05558961709648719,0.001056759214786223,0.05558960852234329,0.07683063675232167,0.05750877520219037,0.00308181531082082,-0.10659483566051776,-0.042954326253288995,-0.10421131151288111,-0.04295372682429225,0.54488776479159,-0.039267403492207864
148,400,298,False,True,0.024991007709902903,0.05660525462492882,0.008500725514625251,0.05663007990372035,0.07482235222758205,0.04991471177692631,0.011931498620193852,-0.05380875152504098,0.05064117412248791,-0.03348627617752544,0.050629745437801146,0.5277495799659055,0.06114981457361768
149,400,299,False,True,0.007232107328356846,0.059073615618353774,0.0016229327347321517,0.05906708131266341,0.08707540819762104,0.05599040559824049,0.006119183079216392,-0.05832637473893144,0.010312692917236603,-0.04702797716037949,0.010300869639894827,0.6080678833078678,0.01979083174660945
150,800,250,False,True,0.005194271309975187,0.055119638644017435,0.002116491111071797,0.0551365212540487,0.07127964321866836,0.05541100303906296,0.005166836126158222,-0.01562645589299931,0.03704364993256533,-0.01183335485036409,0.03704168377389664,0.5477943071977326,0.039660667607581246
151,800,251,False,True,0.00958687899942357,0.066165443580812,0.00290586266208939,0.06621756668219836,0.08280103217776977,0.06888777206744173,0.0035342865027201595,-0.12120357434091546,-0.06714142174565225,-0.1130704924271646,-0.06719256405706567,0.4747986044987546,-0.06277305179721177
152,800,252,False,True,0.012975162918599686,0.05312416474885213,0.0015475022462742283,0.052993993806105054,0.08248729872744102,0.052412935681206196,0.00426886515845519,-0.03608935714070229,0.03956532239170201,-0.019907198664456956,0.03944104921752505,0.947822379014559,0.04608397572779921
153,800,253,False,True,0.025772142714877534,0.057064955642349154,0.006028221607821052,0.07361545053370802,0.07612637774268331,0.052409868379365857,0.01630408836705939,0.006194332264406013,0.08212167154137603,0.02539314245884776,0.07059286759251805,1.2415798464309216,0.0910980474000645
154,800,254,False,True,0.0008506743563947561,0.05878436589699215,0.0014960653128764663,0.05877839396814668,0.0812867692669061,0.05927313405431715,0.002348290190859327,-0.049210128865729286,0.0038331683225487014,-0.048167493976823406,0.003823898414210589,0.3875761379767092,0.006970965631699633
155,800,255,False,True,0.05081450205819607,0.06539674345982528,0.011030762629913222,0.08491033413352275,0.08702746835865968,0.058084336226087066,0.0061542017154978075,0.013442260098071607,0.07735679793329467,0.03940318646859725,0.0653253993056498,0.8420038936119417,0.08931075079550371
156,800,256,False,True,0.002934711484077184,0.05125049665648585,0.00275976770477194,0.051241175277781784,0.07694034334644381,0.05311875791605664,0.003038032343255661,-0.03946847397396229,0.03362944528021153,-0.03927569425046464,0.03364107148875007,0.9694090505624624,0.03742839720321289
157,800,257,False,True,0.003443165680582083,0.05640978244417905,0.002306722682407553,0.05640989300547722,0.0817377714952008,0.05832662773630022,0.015347973608160096,-0.017898613081992348,0.028207604706490058,-0.016031325911874388,0.028204623005909257,0.6919064105545669,0.03083278576485793
158,800,258,False,True,0.001456185671432818,0.05353821384134308,0.0016891860778428397,0.0535387575637243,0.0814281471396904,0.05597989018637218,0.0025416727400850653,-0.027643385507920133,0.027706654643606755,-0.0257564353780652,0.02770634934582425,0.6000087707056979,0.03167245387928902
159,800,259,False,True,0.012324875030198412,0.05186964972368864,0.0016624986841037234,0.051871560349201935,0.07163964542060902,0.0529466774077103,0.004135956559779307,-0.021591206407922583,0.039880445082273466,-0.006948781260919338,0.03981874120421509,0.9002596601107308,0.042518794717531005
160,800,260,False,True,0.018931668262631814,0.06681784132496014,0.0015652052827345067,0.06690057298431414,0.08683992294007144,0.055008233045833695,0.003857574095539782,-0.010507670752786647,0.045907576218955554,0.0008718052975043156,0.045869845089479784,0.7849622903552868,0.06047909258811052
161,800,261,False,True,0.034185742567690934,0.05273796323962246,0.0008267514087316224,0.060531568678502345,0.07770537255725093,0.05387301285359085,0.007761210380764999,-0.02123505486359525,0.04479299491145142,-0.0006660456272045018,0.04055148316522477,0.6543617706900653,0.04756400806657679
162,800,262,False,True,0.03901903495426038,0.06905727640188601,0.0061437088796656904,0.06906061439081362,0.08772435149297231,0.05804263325638301,0.011689539827751793,0.010061475828050068,0.08103914779561748,0.034387864529424654,0.08100219592484635,0.7292433702923314,0.09367704175914915
163,800,263,False,True,0.0030054532761795627,0.06320514611699772,0.0029159353357583982,0.08084120877031978,0.07844590628292933,0.05553676047695154,0.0038293354583376293,0.013013249752040544,0.06981657106350837,0.013296153894397549,0.06349474504661344,1.1072765495627561,0.079454776015289
164,800,264,False,True,0.0048417810828422095,0.05402369914257048,0.0034555202743209697,0.05402040851448705,0.07424180630303363,0.052893968490712,0.005022902512157245,-0.007836994851373142,0.05977111664111341,-0.005487375262713066,0.059780060694681864,0.5291149943016545,0.06554658353341991
165,800,265,False,True,0.03155520184093775,0.056431842199029386,0.0018893782434661929,0.05645961870216479,0.0811319042892333,0.05670178595205123,0.0076873886561188735,-0.01715518233073027,0.06598273886872193,0.008937489755438859,0.06592812610621138,0.6837553139699066,0.0724885959026772
166,800,266,False,True,0.04882290704425721,0.07182882427719492,0.0027101172972702316,0.06931597606598763,0.07973718718682425,0.05707275182803736,0.005093511025009143,-0.03120270442364003,0.060253844813344844,0.0005633187996593159,0.06028629840570389,0.5766419448151189,0.06809800895343765
167,800,267,False,True,0.012308646334250271,0.05883380248559909,0.0009034329480228191,0.058845547812786364,0.0736178916173992,0.053713641619714564,0.0025093784435435977,0.0016112595341685055,0.06013350131960742,0.014177795059016726,0.06012151403791876,0.7347455503062572,0.06750712111226254
168,800,268,False,True,0.011689132018785192,0.053776023632667175,0.0015924162152719174,0.05377729203800223,0.08187988501626167,0.056179056729399546,0.01651635930039095,-0.0036585614267395108,0.061756567420090745,0.00927181808124587,0.06175359942811411,0.6507644074612251,0.06926096510908869
169,800,269,False,True,0.018557811010486824,0.061779613168554445,0.009699545465251185,0.061763072724896756,0.0891223926060741,0.06358237658975478,0.01098906388261944,-0.026823849016581407,0.016989721343839647,-0.01859888497768793,0.01698449717705522,0.30262096559420987,0.018452813576855243
170,800,270,False,True,0.015904722366227766,0.054407319586700746,0.0013098035868941433,0.06527359956840559,0.0847531891713112,0.05624846916350659,0.016580271663328677,-0.025879794199258274,0.04263650538802097,-0.010982181258810222,0.03928288979355436,0.5490122353029492,0.04585714223197701
171,800,271,False,True,0.02207609591709251,0.05453503107273517,0.0031725136615118454,0.058656161760146215,0.08001031776843048,0.056557676256664635,0.004453490202485871,-0.024807958838358957,0.03570997514955991,-0.011000852589336323,0.03153713584614977,0.7474244997409862,0.03802768796930994
172,800,272,False,True,0.017428612775594748,0.05559594434909068,0.001457520648520595,0.055601674205898274,0.07799348149634272,0.05651029526608857,0.00259222967046749,0.010315658903219239,0.07241217489592656,0.024034199873818267,0.07242639676768989,0.776686174184043,0.07814627408884861
173,800,273,False,True,0.005668680504211532,0.06279943177541333,0.002798869618837201,0.07136222344459467,0.07880776218194317,0.06214222380819368,0.0037718141163261055,-0.053351212045025936,0.00416473383060719,-0.050338374165364304,-0.00021407550674418019,0.8435646605233683,0.006069829914964631
174,800,274,False,True,0.014058901240710861,0.060523235098245205,0.010411084371937496,0.06052208619252658,0.09592040985110209,0.06522884927660058,0.024204352330658582,-0.015046167886833405,0.041714308027028864,-0.009454865590571649,0.04171314042244191,0.6595455213712015,0.04510314507933688
175,800,275,False,True,0.04048667669109232,0.055392638038332366,0.05647547918060211,0.055393432452801504,0.08221189415688909,0.058045469392999906,0.0025532133077000897,-0.04189306532175619,0.039422297114464586,0.04192205446341618,0.039420188618262915,0.3241707517089694,0.04413948111347715
176,800,276,False,True,0.018568831963520202,0.057953804005880516,0.005337013938267155,0.05804209839672315,0.09512204596347697,0.061692929863957795,0.01894272661663022,-0.03941124749778388,0.04051403374640408,-0.02903187545574654,0.04052519134946671,0.4857992570559806,0.04565116762788185
177,800,277,False,True,0.024679944067468377,0.05932992063795504,0.0014411144030875881,0.05181920905187632,0.08342514958074673,0.05508493309237579,0.0029524881542547874,-0.02503575782399868,0.04266267418977897,-0.013099056497678183,0.04367083094495335,0.4978145239463245,0.04632217560568208
178,800,278,False,True,0.020962428587814427,0.05984235581840069,0.002793967706534865,0.05990327950381464,0.07457343628071937,0.05375573444008745,0.005267301080934825,-0.01928171218510704,0.05799101633665032,-0.003790735455384522,0.057955761607326364,0.5364171079195434,0.06485431756531346
179,800,279,False,True,0.03798568614995471,0.06062114754837362,0.016136226560580502,0.06377619566762852,0.08101890763519709,0.06249621300334585,0.014164922406651483,0.029842943641661745,0.09565989984497612,0.04610256353788889,0.09325989234649008,0.9394572226300832,0.1002771873812317
180,800,280,False,True,0.020332998722567826,0.06908953091884198,0.003185670696376405,0.06916081070284064,0.07466484324922654,0.057941144038652054,0.003979778682346357,-0.044902976146116,0.022476774337335855,-0.03403215660390643,0.022462269070973234,0.4385450220248856,0.029611885135651217
181,800,281,False,True,0.0335008344672016,0.055307519668218806,0.001756772084876494,0.05536173962637148,0.07974603146290103,0.05457576709714238,0.005379131102968613,-0.034735607672840264,0.05497955341905858,-0.0100125463830714,0.054927370439731435,0.9778698933944652,0.06032042377602587
182,800,282,False,True,0.016681612223775684,0.05554371673493774,0.00226030253669,0.055421410194754224,0.07572514750526288,0.056117313891307946,0.005953868071265843,-0.023509472999917014,0.033533958434383566,-0.008062011807888077,0.03353223000259703,0.5840395139108817,0.03617745353770102
183,800,283,False,True,0.060743396520790006,0.06985935669681723,0.0174070825985684,0.06986010893848726,0.07277912927122873,0.06155659238635302,0.03418210120472442,0.04391378889898391,0.10671381947188245,0.07341538626817103,0.106712629622917,0.4941782248358853,0.11906611815961621
184,800,284,False,True,0.025746552607521365,0.057247179857796794,0.006973657366254687,0.05762607653638965,0.07820224785990929,0.058810082127565305,0.0181859476478973,0.007909875102527362,0.0617228054054479,0.01987807431636734,0.06114059192059294,0.669101624246691,0.06507615256618626
185,800,285,False,True,0.024535381673092153,0.05808396743844978,0.008116045171223933,0.058071721693551875,0.07393079339859279,0.058162306730540896,0.010138414427726524,0.028152701718319247,0.09499257656788032,0.04081523155374134,0.09500001412477752,0.5211665524650972,0.10091875408337875
186,800,286,False,True,0.019247372911486028,0.054557706075617204,0.002721355610309022,0.05457194269144158,0.07690692186832976,0.05534464888386874,0.012633197588992114,-0.050479149568486044,0.02464405527592632,-0.03211452325265444,0.024586863857472354,0.711748147021757,0.030375612886744896
187,800,287,False,True,0.007887387535467628,0.06097324379358427,0.003501779617773712,0.08188105295011296,0.07916483640834751,0.0593103966987717,0.0037703808736432353,-0.049367215504875904,0.004008392487285591,-0.04572232408675691,-0.008791760363538117,1.008046970877126,0.007260639971569227
188,800,288,False,True,0.017322760941372056,0.06437123009646525,0.0015323229734550388,0.06532087515948798,0.08529837529946308,0.05782098141025889,0.009168138788290375,0.024708948498944356,0.08771933514103097,0.03896944694925401,0.08725458693068532,0.6627619405318176,0.09531487501006752
189,800,289,False,True,0.03755842133372311,0.0577710244836921,0.007592827958427539,0.057793329734770735,0.06517912375371453,0.0538809066456876,0.011798593058571344,-0.008130632396572118,0.06840284287093731,0.015615334542962546,0.0683710332962037,0.5659405341859227,0.07255162672033894
190,800,290,False,True,0.04152811888277544,0.06503190126527915,0.009009997290933727,0.06501977837104791,0.0799859237378796,0.05634094605734211,0.00901405749196588,-0.009690671058795366,0.06266878416493973,0.01956384403744554,0.06270399467347466,0.9469441909604419,0.07284256720187687
191,800,291,False,True,0.007707638722585413,0.0555756896722046,0.003574320109196423,0.056092006502142,0.07153398285350832,0.05219726954087655,0.004144364385038739,-0.048991624372479524,0.024474076582812643,-0.04605416681949742,0.024312423969587087,0.6401904793024413,0.02943664118693473
192,800,292,False,True,0.005952549499807399,0.05500432393483938,0.001338286200660722,0.055022519207894076,0.07997004041163587,0.05633259172700192,0.002426982882057173,-0.00966761125438406,0.04832039221135645,-0.002878939418031953,0.048281578541983595,0.5297443975066718,0.0513451542090651
193,800,293,False,True,0.04148667607769498,0.05303746066147194,0.0012831248790457362,0.053269553646914936,0.07887118044585407,0.05465028355646818,0.005976002381929795,-0.02253151772393832,0.05346574626938676,0.004490321516239131,0.053046234822946445,0.21623594056968132,0.05682126042163416
194,800,294,False,True,0.016183921799864304,0.05608894032805239,0.0032403816083380922,0.056087148285895214,0.07393492923370627,0.056556542894004774,0.01594365098053819,0.0083802199351053,0.053952651173357964,0.019836133470788764,0.053954940151358745,0.6041672537370849,0.05835787015362898
195,800,295,False,True,0.029955790739445196,0.07795776100867806,0.01658379756422757,0.07572109537404446,0.1035878161165808,0.062413561392356556,0.010054533890684733,-0.0006262598316816515,0.04331791797495825,0.010363472806937257,0.04298698193982617,0.7121334481332795,0.06025845159782256
196,800,296,False,True,0.015748149043711725,0.05794249127167479,0.00399699435080299,0.057990467501260676,0.07784310214946671,0.05800215352574764,0.01905837531025645,-0.0010213765703624956,0.03804425882109527,0.007176556895540829,0.037979145912663055,0.49746536143957415,0.04227822202561399
197,800,297,False,True,0.029652505459723404,0.06314968826244433,0.0031531960606404493,0.06312511816223036,0.08241825946530498,0.05815857607941118,0.005372518193575997,0.008833399720999443,0.0612490140034118,0.02786181121258034,0.061242795143497945,0.41698487965850733,0.06996609106127744
198,800,298,False,True,0.022323049412093385,0.05582943053583697,0.005147895676772624,0.05587383089957704,0.0702404371475566,0.051827712388520464,0.006155596710787728,-0.028816256395790205,0.05627388572813203,-0.018756571082817954,0.056212923833660965,0.6865266610452171,0.06112313874364439
199,800,299,False,True,0.002530812031711631,0.05330619339590916,0.05481569936696008,0.05331476949745471,0.08200851144011652,0.05746342632990409,0.0016203734218566174,-0.009423719653959736,0.04969553961511309,0.05116411479917188,0.0496226695095681,0.569440878946393,0.053422831429197015
200,1600,250,False,True,0.006873170632224639,0.05971675055666648,0.0009205894730316678,0.05720049927010505,0.08472915417730782,0.05646064660745307,0.003591985814909027,-0.002356190586900544,0.05202931184938087,0.00286815767664016,0.052404363552830804,0.4610792576030097,0.05615989627735607
201,1600,251,False,True,0.015661999055331496,0.05482489454507908,0.003610683285381751,0.05498294027759879,0.07822982620540514,0.05720353548032867,0.005868479484305929,0.02032703421380826,0.08331584088446327,0.03438903587593189,0.08302861279598667,0.5187198479931584,0.08720971334058386
202,1600,252,False,True,0.0027885211742182375,0.050496356467592395,0.0020744278951468475,0.05052947628978597,0.07587111148468932,0.05277218151384889,0.003679019700524867,-0.001817221984204398,0.06741036821210841,0.0035079421032359194,0.06735465664975472,0.7854153665864638,0.07054660762002268
203,1600,253,False,True,0.00024442156584555437,0.0528911095281547,0.00013550339394731388,0.05289345534660479,0.07786152504455245,0.055421840847231854,0.0008691119433522233,-0.01668808780873353,0.041573453235838186,-0.016737685443763774,0.041520535102283776,0.7278916248746231,0.04487065410827251
204,1600,254,False,True,0.01388646789563558,0.05702242125963882,0.001243865380918134,0.0569960618889378,0.07271396813577119,0.05632041221163976,0.01683366197930674,0.018131607131824747,0.07746248654300267,0.02985527153451469,0.07746441034834504,0.6305489101513975,0.0816143587373479
205,1600,255,False,True,0.003256650760730102,0.056448393996205694,0.0015989870916477838,0.05651450931539271,0.073079860725915,0.05493403435087868,0.004663552796613871,0.007269042539652821,0.05696895847653451,0.010638256114461397,0.05692321889080823,0.5822468644363732,0.061859461358842516
206,1600,256,False,True,0.009561121135078803,0.05223113346563264,0.002740209041576068,0.052481159105065726,0.0776753019436489,0.05381193584289099,0.003186241286634868,-0.0037649179827872717,0.07343765433253686,0.007329349227204108,0.07331857871455583,0.7650790819007375,0.07758445292578536
207,1600,257,False,True,0.012064802271881987,0.05282058749168482,0.0013434285609334033,0.052863655089367745,0.07147259804321099,0.05295171671449531,0.002555595069412197,-0.009019143768944608,0.061022931646053,-0.0034398224854443084,0.06101381201623731,0.7100332410966722,0.06379723558128769
208,1600,258,False,True,0.005947310939947815,0.05740017952528222,0.002491308621909958,0.05724029808387208,0.08155938830840297,0.05787332505417139,0.003046664421697816,0.010630203408371832,0.05334255817733734,0.014373841214210687,0.0532401078161525,0.560499061662902,0.05719690227295465
209,1600,259,False,True,0.0026403583803862336,0.06240938225433126,0.000557112271537124,0.062408680038063255,0.07988389917679267,0.05416982011980064,0.000851656913753638,-0.02134811175307477,0.028242835427706864,-0.020562657015980115,0.028265470954969417,0.8406299007855128,0.036327654126402154
210,1600,260,False,True,0.014371034820167525,0.05880620260679912,0.0002612960791311645,0.0624053832782254,0.07452666597687224,0.05410793659921809,0.011362428350914663,-0.054568956943145806,0.015033326406824728,-0.04403370343077619,0.013815429918940225,0.3034726350691368,0.018768772447568083
211,1600,261,False,True,0.003154891792818805,0.055805757787866644,0.001975423834084447,0.05582361593968436,0.08110204302681302,0.05321563723768533,0.00274548086232915,-0.0024230469154975474,0.06164905450669153,0.0019138352149363413,0.06164442603288429,0.7816368470692356,0.07028073537154644
212,1600,262,False,True,0.004337114622865332,0.0530957107082279,0.0011905112425956333,0.05309536822925077,0.0765380360897916,0.0554860536265646,0.0028279898614337203,0.002793762567980451,0.05210354903363964,0.0071246468662484784,0.052104334971794446,0.5012402040573053,0.05457854171948617
213,1600,263,False,True,0.008650351322584866,0.05689373891724503,0.0025641928561475538,0.05688748369067368,0.08312524830418677,0.059002220261618825,0.015117682583542905,-0.012370985655513296,0.03672514431926416,-0.005831751900256137,0.03672935131431714,0.34243005211852945,0.03908483037666932
214,1600,264,False,True,0.0061737088347757155,0.059106813852511604,0.002425887171784267,0.05912310673985476,0.07191698548212026,0.05161537643615048,0.003727056429918651,-0.0019493621735510898,0.058218370090425825,0.005557256081576547,0.058207532001514156,0.6557753785393955,0.06617275563389974
215,1600,265,False,True,0.009551696142449632,0.059282179695724364,0.00039578000947289494,0.059203046940324716,0.08138404507375269,0.05516976674974216,0.01217237102907586,0.001764991449072708,0.058199213769045674,0.007990452346773726,0.05819908572907728,0.7254631352808366,0.06464820629237716
216,1600,266,False,True,0.028016815990296543,0.055810067972318,0.001451567540079457,0.05585048795051388,0.08343099537627112,0.05608146343425372,0.00484078281935391,-0.011964291872765034,0.059145586104384196,0.008283342133217643,0.05911495887519671,0.6337644164060802,0.0638967780622503
217,1600,267,False,True,0.006072378973387498,0.05512109231665306,0.001395140588881727,0.05512410546824628,0.0701163211132669,0.05476099529556767,0.013368185761415324,-0.03016792804808656,0.032274211115959094,-0.026612105858979468,0.03228431020526216,0.6236562615074365,0.03499957068008225
218,1600,268,False,True,0.0043870419723877245,0.05265363236134707,0.0011712363351879097,0.05999909736396329,0.07714319944629805,0.05443869896934905,0.014443782153711523,-0.0019067591759927027,0.05202083570035789,0.0007393633371094799,0.04974175227058595,0.5499185454199725,0.0556128494750458
219,1600,269,False,True,0.004516675120160627,0.05283378540360124,0.00196174555842206,0.05290531493532961,0.07779097520857785,0.05501869786948005,0.003300938000380864,0.008063561532230852,0.06376184417019964,0.012224814392334044,0.06370638135451032,0.5756998433707452,0.06769336541172782
220,1600,270,False,True,0.008927545626767907,0.05202586714319707,0.0021187800987544966,0.052024641384443585,0.074996908736715,0.05414114012762097,0.0018762412200317412,-0.010159776646010968,0.0586066246561294,-0.0051380522241271185,0.05860397460090667,0.4044329626822913,0.06298629683886159
221,1600,271,False,True,0.002373124264568292,0.053084309981440425,0.00022749339801654583,0.053084004714720454,0.08053668063269442,0.05552443654700848,0.001106628120776671,-0.01465251887945524,0.04708320848666979,-0.012459035971824326,0.047098626658428275,0.796330964790408,0.051092062246133774
222,1600,272,False,True,0.01647819793486119,0.05897987880044668,0.0057194962955026156,0.06488832950788863,0.07778517470495806,0.05757536454395348,0.015786805512246843,0.025679825065692125,0.07955127898984359,0.03611159826138234,0.075096252239113,0.7078191792577015,0.08539826588951299
223,1600,273,False,True,0.0012333408428761925,0.052355055708398705,0.0005498553498484165,0.07515560675557717,0.08023312534584248,0.05364240504446399,0.0011157550313299614,-0.02093674115269637,0.026945313946551436,-0.02069163822003483,0.01364029710943548,0.7921459903235154,0.029534470699861426
224,1600,274,False,True,0.0065729360508858005,0.05340999379749988,0.001541192077020845,0.05341062484578151,0.07231748759620699,0.05368075173435142,0.01369052280250734,0.0032067094523418648,0.0571087040203868,0.009155161901851864,0.057107264520563986,0.5235222448793447,0.06210912388296663
225,1600,275,False,True,0.001347072801255547,0.055258413829483606,0.0015831519317846888,0.05525785128775131,0.08213665140136422,0.05784707601727914,0.012834237095139246,-0.02110095084633211,0.03201448980204574,-0.01903883995713286,0.03201392269714923,0.48880342157920403,0.03412352307136757
226,1600,276,False,True,0.019974058251184403,0.05428611061428502,0.0017168593275172467,0.05432462591797119,0.08064184107996657,0.05679539029176916,0.002790043768031341,-0.004918387566832387,0.056771167526557705,0.010696419045250587,0.05673678801534656,0.6488959664097487,0.05957489054059434
227,1600,277,False,True,0.0036003641253650742,0.05290982613124395,0.0013791336383696237,0.05521948678234622,0.07182369656378715,0.052946899653285,0.0016321218937068796,-0.03466177622590433,0.031590226057991305,-0.03322947845190059,0.02997448152809028,0.7181134444738084,0.03332251675696679
228,1600,278,False,True,0.008445590985945984,0.054323247642382076,0.001756156187368546,0.054322418634608,0.07127632883179734,0.05495570907658865,0.0036320262245393324,0.009146960497488903,0.06282374929551444,0.016717483250076503,0.06282677638046827,0.4615917451414853,0.06627438511465811
229,1600,279,False,True,0.0030826100230248277,0.05411649335062176,0.0003562209227845267,0.054130273556649816,0.07781131635820364,0.05646191560468869,0.0015852705305453344,-0.02453704917478499,0.03129617682535084,-0.02185312851998214,0.03126000379142802,0.7338322222138465,0.03350672760304779
230,1600,280,False,True,0.018394355677405737,0.054447389095111355,0.0009412137140577553,0.054553329943696625,0.08243159670919598,0.05601893826880436,0.002912627253171515,0.005708347957067795,0.06528297575281847,0.017636595944350995,0.0651707474518917,0.5257168610570063,0.0680559131289371
231,1600,281,False,True,0.011722959268641546,0.05977393084649399,0.0024387280130533724,0.059996992499509745,0.07992193485696499,0.058424378456167804,0.006117672873137825,0.026061450107729107,0.07044892495648164,0.03476648177111375,0.07035033644237039,0.7688908897274018,0.07560545131276447
232,1600,282,False,True,0.015724939692166883,0.05699293414810784,0.0031654625295441203,0.05711140071414772,0.07623859106310596,0.05757272565028134,0.00668439842717615,0.026129894015188376,0.07903318709756327,0.03744090376790719,0.07882357019308443,0.6655077561524433,0.08423745548520067
233,1600,283,False,True,0.008487905465441514,0.0543654282343844,0.001601552228663258,0.05438726693396026,0.07768481944467293,0.05596979574264435,0.0014847219054470585,-0.008051498719687238,0.04680282826186193,-0.0011743714716437393,0.04678506447504411,0.6301075330842547,0.04970178585698437
234,1600,284,False,True,0.002831677306244971,0.05626679635349101,0.0016071250477717495,0.05625498364700657,0.07987678369435192,0.058260650791491814,0.0031904519101469625,0.003477619271114245,0.052772675542801295,0.004606504539727485,0.05275236287038922,0.6703860769490165,0.054915239275890315
235,1600,285,False,True,0.00325408668840626,0.053353546163665874,0.0011766461026722125,0.053353884558393266,0.07426160099814577,0.054835520672559736,0.001200714565712484,-0.011385687472920507,0.04170349448655479,-0.007539534307219073,0.0417000300989578,0.6413824489885406,0.0460464299061491
236,1600,286,False,True,0.024495110598436023,0.055753800351106525,0.0036366678976545714,0.05578906400025971,0.0724344110194603,0.05527015365206152,0.008861137761860214,0.00747879797731709,0.08456797063693827,0.028125360833493145,0.08450519012518697,0.44920908994043346,0.08881629288693965
237,1600,287,False,True,0.00951544290305298,0.05331762968157973,0.0007689967994899187,0.053198302098720646,0.07922585722553493,0.05610078016828095,0.002293114636347792,0.0018220977560938184,0.05547514995347875,0.009181071053486667,0.05543021287832744,0.5767878428451775,0.058044528009217
238,1600,288,False,True,0.006647741411747332,0.058425944790022354,0.00143118450592932,0.058211423118211814,0.07681034607625231,0.05690896439221389,0.0021367219908511883,-0.009576461113781874,0.05426263444291024,-0.0023823195502690707,0.0541558613905049,0.644658821361634,0.059539778490799444
239,1600,289,False,True,0.0027883253697171097,0.05381725957850599,0.0016385678037582013,0.05382840607863121,0.07209927755203943,0.053913424211085595,0.002539607335305254,7.859321817590193e-05,0.05569999137798405,0.002692961984474146,0.055687437570747705,0.5201390456124471,0.05962624704790881
240,1600,290,False,True,0.0037423602694714926,0.05374498378063199,0.0014718505055358135,0.05374611777910898,0.07573867182685656,0.05573423403194416,0.00329266060223994,-0.00010824574541285464,0.05390378994789884,0.001828147774668144,0.053900391463727715,0.4646326097937179,0.0577926940896078
241,1600,291,False,True,0.0047323035082427875,0.05866832600243043,0.000687549468946466,0.05762296751571887,0.07412320456410508,0.0557865825331553,0.0030936012015724134,-0.021227994065630428,0.03209921365410537,-0.018183084673257965,0.03236037305681698,0.599616190682399,0.03547318820936912
242,1600,292,False,True,0.01399402351689034,0.05446568066721949,0.0013480720511469745,0.055761607975825765,0.07475139875724084,0.054510322496343654,0.01395817041555093,-0.0030056546115959826,0.053670540598978606,0.005479576804330851,0.05333485793968812,0.47239486461881003,0.05826540798487201
243,1600,293,False,True,0.032799582589671965,0.0565361942160939,0.00128477253162596,0.06817299786059304,0.07706387424217635,0.05342610794091348,0.003851703124134946,-0.02125681288014624,0.05576828685034151,0.002531383585731917,0.05387849935422587,0.6038700463196427,0.0608817102637641
244,1600,294,False,True,0.009590183966010942,0.05422710364252125,0.0024866419820452497,0.0543034340575175,0.07689759357021246,0.05493930718018116,0.0040344367564925905,-0.02018831496905474,0.041834526304315674,-0.01552380222904218,0.041777465489491024,0.6900410442068713,0.04374042121211885
245,1600,295,False,True,0.002313027097242301,0.053705118769769286,0.0019452094052801916,0.05370305351054094,0.08319426527115178,0.0570327425511599,0.0014501872856392379,-0.0183155636887344,0.03636041292423577,-0.01692112158833578,0.03635988561475209,0.6402838473056554,0.039756141181840454
246,1600,296,False,True,0.008961037931348692,0.06383861243000286,0.002335139664333927,0.06388237905101564,0.08342119197179247,0.058729266025488815,0.005577410775611793,-0.006985302587543145,0.036014910099003074,-0.002540568087475683,0.035982062598149296,0.7338944712178126,0.041978584381829775
247,1600,297,False,True,0.014947628963502697,0.053713033136679814,0.0014254103092740838,0.05468565830405923,0.07309343155134901,0.05342199621958416,0.013279004612284285,-0.004468590695670005,0.06816745134059517,0.006348809097518772,0.0676308924696859,0.7161339902605597,0.07276608734883211
248,1600,298,False,True,0.002815141290687095,0.05551834863840512,0.003836643633006157,0.055558088508231226,0.08899508926776539,0.05636779855725957,0.00430703926496563,0.010221891117139946,0.05435519506362333,0.0107771880050447,0.054346266686386285,0.7219861832264891,0.060467587885524254
249,1600,299,False,True,0.002522538509016009,0.05729053125397351,0.0015338042381617155,0.05875981803263582,0.07230463666300307,0.056264355742323906,0.0012922346588743203,-0.008052999276202415,0.04261054507257221,-0.005323354919311969,0.04211169892034249,0.38005007123929596,0.044637784386286294
250,3200,250,False,True,0.001771552789258865,0.05364136727487307,0.0016483153300003164,0.05362606034451232,0.08143165195016451,0.05647200361920148,0.004204307586565086,-0.006098119635380617,0.04592486235538807,-0.004257228874938427,0.04592707091406794,0.3681888430257161,0.04781700253849808
251,3200,251,False,True,0.05765138513690646,0.05926778461877522,0.00137197893679674,0.05932590387370515,0.08236841532714413,0.0587704131415246,0.0020253904338344538,0.041157179903202,0.040183646961537034,-0.008451247387512973,0.040169584999609355,0.4556883853591823,0.04276767115508884
252,3200,252,False,True,0.003312366934420735,0.054417913260243374,0.000538312914549534,0.05448587835688224,0.07858384989026718,0.0551041963133561,0.0018966630986650113,0.00479318000386414,0.06402629285946197,0.00707924694721897,0.06397350949771904,0.6465867900112481,0.0674970180558721
253,3200,253,False,True,0.002734530481212176,0.052308692855436545,0.001420179914622549,0.05254619294517619,0.07877706635282494,0.054732009192969916,0.001372282303402484,-0.013348989496398359,0.053075537267158385,-0.00879530350779454,0.05289312582652983,0.7352467987185307,0.05621396583327892
254,3200,254,False,True,0.0018119099459499566,0.05362661209599867,0.0007423715881369197,0.05361697891353406,0.07968477620397828,0.05566936260418516,0.0020617975352037483,-0.0123731866090632,0.053104089244377733,-0.011118129434928905,0.05310805280704273,0.44135091133490784,0.056662726128110186
255,3200,255,False,True,0.0005029997134130029,0.05311534512529947,0.0008927636825067265,0.05317124121747172,0.07453071815859573,0.05365879063806514,0.0009705781113719143,-0.002876964683419414,0.055705334660328065,-0.0026432401468317146,0.055650670475890326,0.5156263278032425,0.05874539510232324
256,3200,256,False,True,0.00984764205347453,0.05439301586301418,0.0007522966431346255,0.054507681759115634,0.07393898436198071,0.05513225163997333,0.0018411847392685737,0.008475806408615756,0.06251593200314495,0.0155799853216859,0.06248787360533072,0.34956427989726463,0.06600634685547124
257,3200,257,False,True,0.010069627143233608,0.05312916329109465,0.0012183114148837733,0.057311501561081536,0.07825880611539769,0.05547203645805274,0.0015854374466038022,0.0007133444230705816,0.057753875448104994,0.009991309585114575,0.05564508870749904,0.2305295764693917,0.06077815270559228
258,3200,258,False,True,0.0026659430892172183,0.052992396682446916,0.0018390110656256624,0.05531172597469942,0.0782194451609236,0.05520780029729158,0.002770843535469728,0.01150431089354308,0.07140276864502014,0.015920552999853115,0.07025767939028071,0.7026312728532254,0.07458153551050767
259,3200,259,False,True,0.011740337008141874,0.054185402669196116,0.00045946807183102386,0.05418411287067767,0.07239449872473995,0.05518528674606824,0.00219110136084942,0.008031249929501919,0.06108914605701656,0.01745981247613724,0.06108985549949523,0.5316408013341336,0.06388806859870289
260,3200,260,False,True,0.0009118832114523869,0.05407606081086476,0.0011881645164125375,0.05407600185910881,0.0763334927217561,0.05536385649601819,0.0015802017300244196,-0.007750797051027113,0.04349396489940354,-0.006343032155676124,0.04349098167313699,0.5231228678324604,0.04672185894139547
261,3200,261,False,True,0.0016629925438909788,0.05426506334491912,0.0011659943693131157,0.05639747579017358,0.07659290792193105,0.055524243599320344,0.001141335848423001,-0.016430725235438762,0.04272103467865705,-0.01276752474738791,0.04124419883983464,0.8556523093751295,0.04479603897282902
262,3200,262,False,True,0.006213594537058711,0.05418596239055834,0.0012034546054462201,0.054206183710638234,0.077599531919525,0.05317624362253987,0.0010957850796540745,-0.0008327243423235009,0.05824780390527046,0.005584026866803014,0.058227059985645015,0.628014155484001,0.06341873041888824
263,3200,263,False,True,0.006622980424079999,0.05837502323978739,0.005395166278790343,0.05838159217452683,0.0837429402817191,0.05877893887057632,0.005180064896358626,0.03707733262130081,0.08932715762972805,0.037735425558214235,0.08931530677601827,0.6759062421199096,0.09578728573603978
264,3200,264,False,True,0.00868226687335244,0.05441836017578165,0.00018941233625498536,0.05454388104282696,0.07716686372827339,0.05544030968106085,0.014622963256902988,-0.008484695209855767,0.04961094268819764,-0.0028922397420600965,0.0495773354233117,0.540238183633058,0.05178536779144449
265,3200,265,False,True,0.0031574096926577215,0.052885806316312366,0.0014214147564119526,0.05314380979051981,0.07286432800850778,0.05366281036485556,0.0020254797456672495,-0.01296861813102297,0.04782027566585093,-0.009627903068144369,0.04760333722778313,0.5858506251772592,0.050136138741787184
266,3200,266,False,True,0.0015233312218298775,0.056004748431711625,0.0018583409304229492,0.055955039733410344,0.07809364655174492,0.05738947467428391,0.001853277584318622,-0.003992455592946595,0.04032004680347754,-0.003140189897186101,0.04018558968429886,0.7503206706870913,0.04248396857437492
267,3200,267,False,True,0.005053566012547087,0.05333709659770638,0.001171826163928717,0.05333726209580832,0.07419961069687636,0.05477130986643505,0.0022126749547086914,-8.82092857754957e-05,0.05441110976213111,0.004951760972240269,0.054410436355578254,0.45935553644792726,0.057977366397161556
268,3200,268,False,True,0.0062925453345034155,0.054889917332478735,0.00036744580532837597,0.057935476831522,0.08342173843577008,0.05725870723125926,0.0012039682271513831,-0.017075058469133975,0.03844978606792971,-0.012449208678853907,0.03702371748938482,0.7326198245417928,0.04065673055488611
269,3200,269,False,True,0.0006039926710882536,0.05871690410532793,0.002355074491385681,0.05955675339537136,0.0761274135247831,0.05384236709911017,0.0014286998043174007,0.009555237222797209,0.059619342837863416,0.009929524980386831,0.05934234416492806,1.2029777897680864,0.06654959929038695
270,3200,270,False,True,0.00025040331514386614,0.053877021593598765,0.00118363664332244,0.05387635641585957,0.07678085744928571,0.05632134701880636,0.0004753074474608125,-0.027765917248312105,0.02682655716801314,-0.026440027351290446,0.026823183639242316,0.4044023640941943,0.029534946724478983
271,3200,271,False,True,0.005352800378298868,0.05499549013741387,0.0021825758153607108,0.055031633025885054,0.08392091931685415,0.058194141348799765,0.002954915187825003,0.012716523167773252,0.07076725191660999,0.018755527955360986,0.07073432987880558,0.486228095994482,0.07387911818929854
272,3200,272,False,True,0.0018707274358508877,0.05340892036104336,0.00015249941029723852,0.05339583950092817,0.07543288951443201,0.05432468569855668,0.0008840936516887112,-0.02587423931663091,0.03486368447652218,-0.024223400774123462,0.03487292695472853,0.5485684608874034,0.03748561378629767
273,3200,273,False,True,0.0019772125845959406,0.06639008016304739,0.0004827623472242446,0.06647303485753547,0.07789758332989251,0.05565203602097887,0.0010196515425946163,-0.003915224786306653,0.03904120574499451,-0.002372430084850814,0.03899133350925915,0.9115560662529893,0.04778923155019238
274,3200,274,False,True,0.0032282266623312513,0.05370930837205981,0.0009328425696244738,0.05891866210860522,0.08529783829369846,0.05576926005542709,0.0013269844073698933,-0.015036561936040674,0.04803741721458124,-0.013319276885713324,0.04414624700673059,0.9130140086383081,0.051422098280885675
275,3200,275,False,True,0.004145091123604927,0.05524402502341236,0.00048064357650246637,0.055816621380005677,0.07554431974924376,0.056186523031255306,0.0005104491466440967,-0.003907322162273926,0.052504469631532234,-0.0005678929230507269,0.052298297992488973,0.5644094909991635,0.05457984035932534
276,3200,276,False,True,0.0060789704176891475,0.05359559450212436,0.0014915231546308624,0.053602514745892185,0.07385137868628827,0.054522537318464924,0.0014464452894394314,-0.00027598758157761,0.06375427446491258,0.006736518366349521,0.06375741010656129,0.442784307798413,0.06710723620332099
277,3200,277,False,True,0.0061670424881961425,0.05381036802783634,0.0036424114788561825,0.05383109324872428,0.07501988411177325,0.053940166208095025,0.002295829590146596,0.015373098084397008,0.06559177927298607,0.016586100320053778,0.06554583294536968,0.8356101025345191,0.06919906298665207
278,3200,278,False,True,0.0024136058741585685,0.05854619222598609,0.001136030621852502,0.05858198563456552,0.0809573370636432,0.054728570830210405,0.0008177974052040569,-0.0017202472096100746,0.05113823996648677,0.0017233809358107,0.05110376152260329,0.5772542757669407,0.05681744023508667
279,3200,279,False,True,0.0007490340288410204,0.0569002278161694,0.0013042231366146681,0.056888965859024004,0.0768622525424569,0.05762588326694618,0.0013361959934561451,-0.018522734359994162,0.035704257054771635,-0.0158949143649661,0.03570557943612187,0.6884568861108165,0.03768064764500201
280,3200,280,False,True,0.0013647203506296681,0.054177334085384124,0.0013633691497646622,0.05416674420647988,0.07135880618511431,0.05428091144420003,0.0012233298964914347,-0.012362339307926264,0.04692222053355366,-0.010402412806009358,0.04692092415629581,0.8260727092709373,0.04973525899955117
281,3200,281,False,True,0.0028226740708448667,0.05337109505398603,0.0001943104663481202,0.05337099443416269,0.07723783105529423,0.055253518972117235,0.0010949743444837372,-0.013546116548493713,0.04081431243113066,-0.011287067302838252,0.04081126130726588,0.5917043221365713,0.04441023816346945
282,3200,282,False,True,0.0019181285503186798,0.05225624507071614,0.0009772068483498992,,,0.05414485994650267,0.0020272801224019963,-0.00023818601494088543,0.05436078529710322,0.0005066577876731038,,,0.05673851805773544
283,3200,283,False,True,0.005039808053075362,0.05521050787256401,0.0007504170333779526,0.055208859226014956,0.07833474843016666,0.057614456875659525,0.001412112249605909,-0.011145683884419735,0.04200493947101478,-0.006853555278366823,0.04200205459167194,0.6937114912826634,0.043488890077894526
284,3200,284,False,True,0.0017470863640133558,0.054341895290237696,0.001525660158062504,0.05434292490377402,0.07741733047826081,0.05555578522569386,0.0033357026422956614,0.012982175353234973,0.06303441643965947,0.015845222537546996,0.06303193958729118,0.49490222924688654,0.06835264355790344
285,3200,285,False,True,0.00029665896387867733,0.05405858108259126,0.001132998644833677,0.054057610593008586,0.08050132324383358,0.05685959049182991,0.0007829190486526394,-0.03052585174422191,0.031180078707473628,-0.028612179631647115,0.031180792315465097,0.6580358283764294,0.03333878063267104
286,3200,286,False,True,0.0015075967357978382,0.053982382141451596,0.0004904920577723296,0.0690770327716934,0.08046990177031711,0.05539651511962652,0.0009751251837546247,-0.010664177968763002,0.04310220434862345,-0.008134771857537883,0.036419539982761935,0.7781152618893756,0.04456708252050412
287,3200,287,False,True,0.001030268562335691,0.05475909665195381,0.0003593738646049502,0.054811045931151915,0.08170396586963793,0.0571950848409338,0.0007054862553852192,-0.03111567365616423,0.028132985384927808,-0.030086277329903686,0.028068088858098434,0.7517797052542238,0.029306128629371264
288,3200,288,False,True,0.0010791366347861827,0.05518322603410796,0.0012378850781537096,0.055181215761461344,0.06960745114300734,0.054849249894249434,0.011795094800660242,-0.0166062627296051,0.0351955484822075,-0.016591182121383906,0.03515898016161621,0.6885082548828987,0.0373858952050074
289,3200,289,False,True,0.0016388131315270848,0.052804098337155866,0.0007173687632939221,,,0.05486937723629679,0.011500348738211322,-0.01451688499194316,0.04249472480858493,-0.012207387560342136,,,0.04460777907447799
290,3200,290,False,True,0.0039390271133284286,0.054267192187052136,0.0036845749589571914,0.05429152826915074,0.07932108758314528,0.057076380275690175,0.002362160276993168,0.029371771182891807,0.07733211866733868,0.029913351623355493,0.0772620221057182,0.6672589005727234,0.07967141351992607
291,3200,291,False,True,0.002968036365907149,0.05542846659573332,0.0015744140542038774,0.05749699135240546,0.07938232154782578,0.057392323306175136,0.0021823461226203474,0.019058062203493892,0.06654486260364842,0.01974746016526989,0.06479411962868234,0.7290182982039335,0.06853591089792915
292,3200,292,False,True,0.004775380001070833,0.053606417020069026,0.0017651468827283082,0.05358821184235904,0.07612734761181927,0.0548317076641294,0.0018245636121123877,-0.0016184119083114373,0.05486071133542744,0.00325865489956743,0.05487855613915613,0.6745816884613837,0.058000241731279156
293,3200,293,False,True,0.004567949572608951,0.05480608949099786,0.003818799070681644,0.05481744855318423,0.0759893100494141,0.056441909775793386,0.002379313657303023,0.027914383719642846,0.07722407932383234,0.030726502748160262,0.07719081829833165,0.5701844956642058,0.08080088862399504
294,3200,294,False,True,0.0007926729540084155,0.053839364555895684,0.0005836861062152488,0.05383894938309722,0.07413498785260303,0.05440882420244444,0.0009885433879828465,-0.017060404786749906,0.041126668989862766,-0.01708662711194398,0.04112695483213457,0.5149900199940984,0.0441460417638207
295,3200,295,False,True,0.0012349445673666393,0.05696984567196546,0.0011137712328078875,0.05699034292142954,0.08168939288486929,0.057969868657456305,0.0026027572128065704,0.008130242643195406,0.05088772442853525,0.007912378428844982,0.05087075974204737,0.5318587871556939,0.0536390399402481
296,3200,296,False,True,0.0020652049587861726,0.05741337085665665,0.0016283886580484006,0.05739200898524625,0.08624758701863813,0.05655950182882079,0.002108658474214897,-0.01698392546400791,0.04017094619683924,-0.012780240255610746,0.04015739569951002,0.68843242396772,0.045575569392893145
297,3200,297,False,True,0.00029658556082718974,0.05718987873761305,0.0003320611282179255,0.0571869603404869,0.07771774302225692,0.05765970859970665,0.00040897387342657133,-0.04907673315948383,0.012095692328977208,-0.04919978925039854,0.012047121628784865,0.7742355832857384,0.01329420025604866
298,3200,298,False,True,0.005097686591602462,0.053084497947708226,0.0008865234566311552,0.053043775249897604,0.07396695209748855,0.054032847706713516,0.0015404864881682378,-0.004619915557889753,0.0534646128302753,-0.0014115889861450299,0.0534470896618506,0.5315554534588834,0.05580271744573578
299,3200,299,False,True,0.0003888486229089736,0.05613382995216296,0.001233623259261822,0.0561209933752926,0.07785383831941375,0.05723935070027812,0.0005494879298451546,-0.04340823111633183,0.017827095349607944,-0.04144170220557907,0.017790194806905503,0.60885915823096,0.018829942483016393
300,6400,250,False,True,0.0004949926266968113,0.05344783057566614,0.0012819765703260782,0.053469916032972416,0.0803359729307781,0.056394117657728525,0.0008171835563602691,-0.005261595286562676,0.049839825150742596,-0.003418542088521537,0.04974212238087461,0.7158216033848405,0.0515974803314343
301,6400,251,False,True,0.0001088871116474255,0.05425609823533792,0.00010796092297743026,,,0.05594684437935839,0.0007643005393545498,-0.01275795913459528,0.04183670109869809,-0.012640061709116747,,,0.04350689471253638
302,6400,252,False,True,0.0026682661658677027,0.05431773738136881,0.000447815296995168,0.05429130824388106,0.07470546984806936,0.05504043504851684,0.0006659779257467849,0.01515439273012434,0.06681826495734441,0.01833358467020451,0.06680768186885175,0.5733102326566285,0.07068336861615593
303,6400,253,False,True,0.0003327944527441593,0.05243939384985824,0.0011781508912427439,0.052438906525184514,0.08069043474854805,0.05569021562501069,0.00048066084553683504,-0.01129565996418542,0.048124945699663614,-0.009075339627113033,0.04812137668807914,0.45782578570674987,0.050373586219398525
304,6400,254,False,True,0.0007909410358924418,0.052858939661433374,0.00042858052451700786,0.05299333925571981,0.07938191103970797,0.05580584453831459,0.0005978620452859145,8.713746731338179e-05,0.05558428398419871,0.0008548597728837049,0.055493897047722174,0.6062863514572532,0.05766826601133335
305,6400,255,False,True,0.008175708072601248,0.05474520493467172,0.0012022716063217534,0.05472505439589108,0.07382757343593938,0.05597524068391437,0.0018723906521475725,0.004579356704323471,0.060975497607911607,0.010094401381059008,0.060980893879356304,0.2846731714774542,0.0634875496818807
306,6400,256,False,True,0.0014782743451853344,0.05250548079432361,0.0010356415469476889,0.05372525488288476,0.07871871230961366,0.05471348104366925,0.0015751964316351817,-0.006776725065829037,0.05784891649901702,-0.006457125866369689,0.057074730714070085,0.7084322698418575,0.06024703924093877
307,6400,257,False,True,0.004340856301363965,0.05348354301932695,0.001454107609230638,0.05348278002232276,0.07274525024354998,0.05427165203255397,0.0008505358974906076,0.004538212570893612,0.06253807117378891,0.008487878309095441,0.06253883403199019,0.6505054505485351,0.06564827812942076
308,6400,258,False,True,0.0017694163910785701,0.05399504622087093,0.0012663431732543326,0.05400249895222146,0.07632590337101454,0.05568234232387951,0.001249573714736429,0.008366225184803023,0.060433167417117704,0.010607108368504672,0.060395706447641334,0.6064512014839264,0.06365029508180348
309,6400,259,False,True,0.001042526551185122,0.0534395567672275,0.0013188794878613982,0.05343962233725889,0.07773702004892369,0.05599117057780471,0.012267989167756075,0.0004133846130859528,0.050767918925977255,0.002426410770312721,0.0507677934659354,0.5526127622657399,0.053255011500333016
310,6400,260,False,True,0.0032326899460259502,0.05298352430518391,0.0012433062347492407,0.05301284239910455,0.07707434201303248,0.05403981857911806,0.0009894796407938337,0.009326064717919403,0.06580489395207685,0.012958274620674295,0.06576418119873992,0.8384635995124828,0.06944310511903695
311,6400,261,False,True,0.0011485580506373108,0.05418265479583668,0.001231066314376359,,,0.05602792081000239,0.0004214416406434293,-0.012136359306282863,0.042852587071513286,-0.00979051785993576,,,0.044321358773917297
312,6400,262,False,True,0.0016849668744574457,0.05440966528786678,0.0013220746693188479,0.05486339610738983,0.07559756725152311,0.05531987503610418,0.012023326282164092,0.009738647976004837,0.06331472188771564,0.011047193129155206,0.06301847441296055,0.5919347884489103,0.0662002012729499
313,6400,263,False,True,0.004323221456906371,0.053853432298823355,0.0005128281460929268,0.05383547918505596,0.07979949971952609,0.05675927233997653,0.012732996725215934,-0.008298261847927386,0.05066921056919057,-0.006163871808748905,0.0506387820815543,0.39325854635227087,0.05255077752695736
314,6400,264,False,True,0.0005294976289987166,0.053468463674533576,0.000643358419760975,,,0.05552682653325895,0.000930719788145864,-0.010486096254696448,0.0482371434620638,-0.010324627211976424,,,0.050073453378865096
315,6400,265,False,True,0.002431275779596484,0.05385172388549547,0.0002295285546096286,0.0539078866308612,0.07777646244354215,0.055532605472295035,0.00030713046400851696,-0.002744544708788797,0.05134340038971857,-0.0008516905382617351,0.051273024786807044,0.7921139229834957,0.05373013336836724
316,6400,266,False,True,0.0012476010188747586,0.05518814049821907,0.0014223923739054198,0.055845976445543004,0.0788070738405285,0.05680986908725742,0.000980773683062328,-0.005467787440490089,0.044742464327318175,-0.003788403206020441,0.04444163994247773,0.4037709110708545,0.045946037788006655
317,6400,267,False,True,0.009945837691468092,0.05371380553463781,0.0012821196864023251,0.05426750366868789,0.0759002621467196,0.054941955880098606,0.0010791211576098008,0.004624074275642241,0.06423977187182686,0.010750715170787122,0.0639465517667911,0.5281040273675943,0.06657470522661679
318,6400,268,False,True,0.0006381940952049435,0.053756495325410825,0.0003078402345208384,0.05372523398033443,0.07975901922622887,0.056211226685866464,0.0007737354245588773,-0.010696408577214114,0.04836998216573114,-0.009958510699048274,0.048363465225724836,0.49311084493524954,0.05009678124763023
319,6400,269,False,True,0.0013295227206300288,0.053536530314587126,0.001117070330086457,0.05370867010847757,0.07897045823052792,0.055651487108222895,0.011694662303324145,-0.0017007616345971366,0.054529036209121105,0.00018540740783046906,0.0542088421005483,0.5876926078232947,0.05627817094549159
320,6400,270,False,True,0.0010676845527150512,0.05422479986385206,0.0013478804444312029,0.055001042072280626,0.0783691091966736,0.05514366505312165,0.01207044366749876,0.012435020665271322,0.06935101655786852,0.014587363093262909,0.0685216344226653,0.70358297993614,0.07306599407584746
321,6400,271,False,True,0.007241018466504916,0.053235480265783564,0.0012899004520696637,0.053144556554644604,0.07397018526549388,0.05418601621822108,0.0011968953773067329,-0.007523026318074383,0.05375150390683693,-0.0021858483331119107,0.05369050615818402,0.5551998897137669,0.05543984665288387
322,6400,272,False,True,0.00451778354927327,0.054746180507267796,0.0005565541217548867,0.055389543387702425,0.07571893476936924,0.05548032795328983,0.0011326300029356835,0.008485935829128209,0.06487378831298024,0.01184859525903209,0.06437145783270352,0.725398730023785,0.06790572176695131
323,6400,273,False,True,0.0011710631436901227,0.05229776992596168,0.0011527127125800715,,,0.054460209110450346,0.011232338411663802,0.0033321326900220306,0.05971271271807112,0.005678520440367816,,,0.06264649903691738
324,6400,274,False,True,0.0015396248817212143,0.05392186668206712,0.0004544208105636254,0.05392842682984411,0.07318120765362555,0.05541931497524501,0.0013241507001017934,0.0011853450330858279,0.050071968942554154,0.0023650431283027086,0.05006116922223058,0.8423081425020097,0.0519791963748657
325,6400,275,False,True,0.0008509331688362231,0.05281590326173682,9.925867350064613e-05,0.052891003171013196,0.07460163417434537,0.05448733183050924,0.011193204549224685,-0.002982354147482439,0.05005980301241841,-0.0024303026604173706,0.0500302620014962,0.7899192323363209,0.0519437464736785
326,6400,276,False,True,0.0019441517869256447,0.05471942083852514,0.0012174091891802928,0.05511080187198892,0.0810789475043265,0.05629231307022942,0.0014916407338120647,0.008582559668268704,0.060075276537277914,0.011124645382978868,0.05979811130627376,0.49557799860023044,0.06363196081476041
327,6400,277,False,True,0.005301158946702682,0.05834485347947413,0.0013361645823240017,0.05836087124496469,0.0835978755270944,0.057410000718781315,0.001365099223731466,0.01797968875529886,0.06533919765265594,0.020172035946234103,0.06532587462365967,0.7066340267923391,0.06949627201541347
328,6400,278,False,True,0.0026873870708546787,0.05352578791188851,0.0023310063232199027,,,0.05406308899093145,0.0023634369585535946,0.017734703797258472,0.07585968245518779,0.02116227551213314,,,0.07980075365561368
329,6400,279,False,True,0.0006499398797538676,0.05315860100306474,0.0008562137205830016,0.05312819035226623,0.0738615881733626,0.05432105975530697,0.0007714022045568327,-0.013772125244444227,0.04805319182510509,-0.013430466169720608,0.0480423619371566,0.7264668161820833,0.04982363562680653
330,6400,280,False,True,0.0005384323678570797,0.054187509404779684,0.00118723191853346,0.054165709240556296,0.07532434382514341,0.05522766371380363,0.0007371808559824145,-0.0021778989797983945,0.05044034562163752,-0.0008940017502982945,0.05038501070362813,0.6872443571443118,0.05266495373642549
331,6400,281,False,True,0.001363311409002232,0.05316112841011668,0.00030109319804557413,,,0.05549409418004541,0.0007106002398915014,0.007340427830220086,0.06221054473700733,0.008217940717667335,,,0.06425834202348424
332,6400,282,False,True,0.0015401548313531922,0.05240029485847883,0.0004693666322657351,0.05241070057341659,0.07893514418250797,0.05487644133148332,0.0006754761233570629,-0.01858544124089139,0.04025151056680919,-0.01740735743894335,0.040215560046379654,0.5997990877000428,0.042165213320026984
333,6400,283,False,True,0.0016896608254385415,0.05455051058819671,0.0015843926942247799,0.05455833041912383,0.08321644886636824,0.05751648452081011,0.002197836224056359,0.0019811960781830123,0.046612773745472826,0.0022765437960892555,0.04658336012983881,0.571844539667912,0.048770525916143115
334,6400,284,False,True,0.0034742392354404745,0.05378621721492707,0.0011101609443722326,0.054557807502862855,0.07822238128141105,0.05515923313035479,0.0011528922433501176,0.013420136295803542,0.0661742228806751,0.017123553359263886,0.0654643008878162,1.0575830482487416,0.0697206006757296
335,6400,285,False,True,0.007555020240338276,0.05401416403452363,0.0011873980259316213,0.05721580260279496,0.07821667188856032,0.05556925932739366,0.0013479110834233184,0.004179478203997019,0.05744996999645096,0.009876727022917125,0.05622884431828666,0.4495605619617669,0.0604190098127767
336,6400,286,False,True,0.0005465740236572264,0.053820829013862086,0.053979206126318624,,,0.055967595342169274,0.000641226086814867,-0.0033879823402297627,0.049604531309060534,0.04979446937936558,,,0.05117350853004593
337,6400,287,False,True,0.001450278150460328,0.05381694274645425,0.0005879554394279704,,,0.054915448465807044,0.00046732654139585285,-0.013621262956573621,0.04825472270516471,-0.01370243528817024,,,0.051229831161052675
338,6400,288,False,True,0.0014290024760336933,0.05483799079463117,0.0002577098182164397,0.05521020867678838,0.07645504625514296,0.056362042397673895,0.0007899545510309979,0.0065077827080910105,0.05636149463445932,0.007801176916885885,0.05606696337990684,0.6506907348465475,0.058090994283795494
339,6400,289,False,True,0.0009203502435709178,0.05340994242383096,0.00024771030769467654,0.05341006364667196,0.08027785617705824,0.05621007973824524,0.0006102862983333434,-0.012136643496260487,0.04498710590521881,-0.011378105295531387,0.04498538174928612,0.7393451274814626,0.047922004841842614
340,6400,290,False,True,0.0019081920396385762,0.053897229795436166,0.0011042702175720373,,,0.05583450508529292,0.0007818904573165947,0.00013358653167039713,0.055030064946232075,0.0014172225621282319,,,0.057219009652052455
341,6400,291,False,True,0.0006815571621945055,0.05459960797860087,0.0014658317192650324,0.05687471998179951,0.08132830689197532,0.057267925400239526,0.0007771083045894362,-0.006409693395894469,0.045782146097046596,-0.004712730248767797,0.04479971375136387,0.5896476757418236,0.047202573989398255
342,6400,292,False,True,0.0005631865256754836,0.05459382829273742,0.0005518530051342843,0.05485780943209538,0.07862688907191431,0.05686776515309831,0.0009901379138104662,0.006950953379233968,0.05397667907628758,0.00714449340083365,0.05362696851438358,0.5248367112477622,0.05621585013601571
343,6400,293,False,True,0.0032025489026852867,0.0537843695668038,0.0009158720773208562,0.053898476165380155,0.07794008999484851,0.05609806950954391,0.0020056396050429927,0.00562539809789747,0.05218820743063432,0.0070770731088376174,0.052084696159543996,0.48198577335899434,0.054228357125284066
344,6400,294,False,True,0.00024150918121691647,0.05245409622912786,0.0013171393758536357,0.052587597308926606,0.07855999859811223,0.05462472676854525,0.001244239636629623,-0.003197618179798679,0.055996134646022426,-0.0019258495782739293,0.055847242530307074,0.7583264908892124,0.05884008932666884
345,6400,295,False,True,0.0044058890557323906,0.05343742950693896,0.00037994572186085437,0.054118219928639154,0.07427678656824616,0.05447824668828852,0.011547971210502963,-0.00448738959288733,0.05515982952428551,-0.0024295155586604228,0.05471055792060461,0.4989736898775011,0.0574280806088634
346,6400,296,False,True,0.000875092435197147,0.05512208974437859,0.0015057176621447643,0.055118707230179045,0.07687358166331823,0.05702837449332633,0.0010165690157066943,0.0035130459861794083,0.050720188723880566,0.004576228000110382,0.05072444873124894,0.5646646993488706,0.0528081514390793
347,6400,297,False,True,0.003277107157891588,0.05370586597638756,0.0011084760914397943,0.05374473754857739,0.07434852434349878,0.055506981554260613,0.0018957714805658231,0.01710926319651416,0.0685081386474289,0.020107101436348744,0.0684588435325621,0.39495016357296187,0.07130824341561376
348,6400,298,False,True,0.0017042321657019072,0.05511175749661966,0.0015799929752325973,0.055106024186002286,0.0721753001315293,0.055430487237018385,0.0014091417360301527,0.016769362431182523,0.06977032907913071,0.01716611584993062,0.0697737164875268,0.6563878269642427,0.07337772960079975
349,6400,299,False,True,0.004195648357412928,0.05298721081098291,0.00012048990151814402,0.05298311811107831,0.07544232418978744,0.05491266067569355,0.0006235681213395053,-4.459351052114896e-05,0.05588337930058984,0.0036348219013021205,0.055884194805055784,0.585665890835999,0.05797940961478093
