,n,m,use_location,use_scale,MSE_wellspec,MSE_misspec,MSE_surels,MSE_NPMLEinit,MSE_NPMLE,MSE_thetaG,MSE_EBCF,SURE_wellspec,SURE_misspec,SURE_surels,SURE_NPMLEinit,SURE_NPMLE,SURE_thetaG
0,100,400,False,True,0.008746585535439106,0.008618911959040115,0.009955719010668673,0.008619219577887848,0.004419960164495895,0.008618719335973406,0.009891605095472553,-0.02719759363587922,-0.012747732995402501,-0.026915836095392554,-0.01274791603573112,0.14721606179344568,-0.010295553344408709
1,100,401,False,True,0.012540027582472857,0.004275276846797122,0.007942731848343633,0.004275339184943459,0.005472398805413871,0.004275085748329224,0.00461514235535427,-0.04646027912975421,-0.021382229685704957,-0.04165783786967637,-0.021382521614174445,-0.0007635358832792249,-0.018767016774003317
2,100,402,False,True,0.033781657546199426,0.016360065915454344,0.00438568832593431,0.01621949831042964,0.010494204960296273,0.008842456502430813,0.011802286376692579,-0.017294745508529025,0.00572447200798738,0.005732990347895792,0.0057058533078537185,0.04476222697336663,0.013008960909968226
3,100,403,False,True,0.0730276180084429,0.010602372687476267,0.031252830263426096,0.010604346085493684,0.005837537719402177,0.010505214968506356,0.03219212977682321,-0.01771195779205337,0.03484283240394973,0.01441521071276248,0.03484106620930449,0.05588783961376663,0.0372565120693039
4,100,404,False,True,0.028566102821736824,0.01086243845605083,0.0018714775903104885,0.010862487414114672,0.014347423325233855,0.010862230893682845,0.007602860871692674,-0.05491350975529986,-0.02450990525773003,-0.031120433237233982,-0.024510152311408878,0.00019343975854532402,-0.021742953897960896
5,100,405,False,True,0.04821968249901853,0.012569735968063121,0.018658852264691005,0.012572790812520543,0.009316574669736427,0.00782932510863306,0.028159987518773678,-0.00986115586679369,0.010040630169066329,0.009542729472754214,0.01003807557675115,0.01125109128498778,0.014912220020690536
6,100,406,False,True,0.06514427157367028,0.00978107586009905,0.015031167897828917,0.009777380024155834,0.004420958824745282,0.00541692289055035,0.0030597223766731995,-0.024765349085075928,0.024552172897130475,0.005116118979425011,0.0245508784684273,0.04431949461058096,0.02823764032991495
7,100,407,False,True,0.03500371590409765,0.015393611132928642,0.008665217398517515,0.01539685063713067,0.007583342780946318,0.005072171044776851,0.03198358206560401,-0.008560970178880285,0.010384022471416898,0.009025280907246653,0.010382905719433708,0.046171525387560114,0.017707798262124916
8,100,408,False,True,0.005439446750410078,0.004657214000225606,0.0008655279856610144,0.01340799783796682,0.004796400336106446,0.0046571396785071335,0.005979955982607861,-0.02257138634051879,-0.014690322482635328,-0.016371590539153588,-0.018000447125386253,-0.009630953017962796,-0.012097677257119105
9,100,409,False,True,0.01383121492312695,0.0037372696837786844,0.0001473860312389866,0.003732954994085912,0.004624651585847244,0.003645402624176102,0.015268910709681857,-0.005874950583841777,0.009783624390231137,0.007311113368429674,0.010078940087991803,0.01518645828576556,0.012370485617902272
10,100,410,False,True,0.02235809720500841,0.07669061466357052,0.015336435367107954,0.07670078692439389,0.008273876605389975,0.008890270697575439,0.024298820549480803,-0.01704159990587472,0.012056647280959787,-0.006593672331974856,0.01205543925232222,0.35312635897056177,0.03538638828666851
11,100,411,False,True,0.05021202148114811,0.007258137172575374,0.006404319246751432,0.007257786742048037,0.007210230783794597,0.006760009244052866,0.01183574737174167,-0.044704039324597517,-0.005686517083414309,-0.005494630530827783,-0.005686652914010128,0.040522341992802385,-0.0028190902806074503
12,100,412,False,True,0.06703739010642788,0.005678544817974772,0.011917700248377166,0.007122451961853194,0.005079389452170548,0.005678427117853696,0.01777161442416235,-0.04567753950533567,0.005372541088404664,-0.004749703962096439,0.004057589420002561,0.1313399138269428,0.0077907302167317255
13,100,413,False,True,0.05151546919400314,0.03098349485851406,0.019173350637202463,0.030963272339090592,0.012816249659190967,0.011255867516988411,0.01249556283392228,-0.01285286693293271,0.021765932476200477,0.00817925484085207,0.021763853972642817,0.02903794459066029,0.031098961298895916
14,100,414,False,True,0.024894655396156876,0.008634162352394224,0.010107872862280183,0.008634157273578847,0.0093359042143378,0.008634125856394875,0.014588118675863996,-0.038327350246318115,-0.02603326245296062,-0.026156956950724567,-0.026033702330988364,-0.020597716511056064,-0.0235452964204301
15,100,415,False,True,0.049316132907434335,0.003638633512549093,0.0004975470204729266,0.0036262776600820986,0.0038659859541944484,0.0035789709206523503,0.008012547956359408,-0.0372572264104464,0.003008736594753625,-0.0005489835103501228,0.0029839330881987003,0.011184847677501218,0.005430671934463574
16,100,416,False,True,0.012164305860543633,0.006958966057892719,0.004606705094852181,0.00692642822565496,0.004085088143490878,0.006958775548254326,0.006361043288217487,-0.037667629156713435,-0.02131780691429194,-0.0313088001332699,-0.021325695505697996,0.026716443670868787,-0.018848304530434165
17,100,417,False,True,0.04761513846345267,0.01184668095390493,0.01387658325482859,0.011860894829202152,0.011791924457987,0.00840264662399595,0.02453008740691329,-0.03719580909314464,0.01011645400708213,-0.0025772435908562054,0.010110082607241005,0.08971619070571238,0.013932330867344439
18,100,418,False,True,0.008903548631189875,0.003961733436398594,0.00034801479763486664,0.003961203217566471,0.005340064314320254,0.003961649210943716,0.001482976956169823,-0.037319965237605474,-0.02261623512272312,-0.02861955024093884,-0.022616142228629652,0.032272409464760995,-0.020018505832849656
19,100,419,False,True,0.009450677464970005,0.004147495642305463,0.0006565632724420179,0.004154546749398234,0.006278064630393031,0.003962438389817691,0.006376870187972315,-0.008678987349445227,0.004185722972309982,0.0006998587627622227,0.00418203077258875,0.07454280487155353,0.007030024667444804
20,100,420,False,True,0.017368971500994295,0.003836376459087083,0.001164476864899325,0.0038363897228586015,0.004598314553969221,0.0038362605035652943,0.00457027077265843,-0.03955188623243279,-0.013159549204218841,-0.021388646940070366,-0.01316002788892531,0.03733093056699799,-0.010700255707557782
21,100,421,False,True,0.0011009759367120197,0.002692350195829957,0.00014228762501878627,0.0026924480490703494,0.0031790815699354667,0.0026923512598206827,0.0012646569660781947,-0.018996120213869042,-0.014896729539519918,-0.017077889203028773,-0.014897016167943313,0.03531403551413529,-0.012424985264650676
22,100,422,False,True,0.004905601860966813,0.005752571834916276,0.0002327347527595477,0.005752574700824926,0.006373388538514208,0.005752360130967874,0.008216670550776845,-0.036763935562407,-0.023629945674440194,-0.030676179792578556,-0.02363001656792223,0.08858338934105627,-0.021138126823863596
23,100,423,False,True,0.10469665016874634,0.08259246538465892,0.032911367290678915,0.0824551105249374,0.03225527153038401,0.018064914851825754,0.042248636743618985,-0.026404152092421966,0.01580584421304321,0.012576412458948511,0.015799311642466538,0.14420083854456403,0.05045685561630538
24,100,424,False,True,0.01419138582737068,0.003922504934540958,0.00661201158360623,0.003922933763777666,0.003953184183785326,0.003922499777607235,0.011030284315969852,-0.03053908395714047,-0.004876668728052813,-0.02316117803088696,-0.0048767772134029564,0.024273749551067657,-0.0024383678704923972
25,100,425,False,True,0.011440967988336019,0.004569401336750249,0.000623481396589964,0.0045694442904967,0.005363462311825865,0.0045693067315022125,0.0033756694075893533,-0.03169319329066104,-0.019441357013769044,-0.02157500943113008,-0.019441734690715633,0.03540266751239916,-0.016787966478108887
26,100,426,False,True,0.05874499555161097,0.02922433945586416,0.023543349872143064,0.02855745065886851,0.01578154429888351,0.016809602051422023,0.03626531860386001,-0.009114944298330308,0.047812941101946865,0.007082617339653125,0.04797587677342044,0.2639799232837284,0.05646474088075368
27,100,427,False,True,0.03645287117289263,0.005975236399543674,0.0006939753482582004,0.040718912291585294,0.024632990613594603,0.005975114330730898,0.03156442536624811,-0.04345308094909059,0.003678532331503437,-0.0058928125890059845,-0.030508124708023738,0.11320136648037231,0.006212912523202552
28,100,428,False,True,0.03720687519766789,0.014104169112784306,0.004877457352190798,0.014191208885257356,0.010195224257213283,0.007910806613093794,0.022092680644287085,-0.03227417132926839,0.004749958155364329,-0.0052689970851398414,0.004686403868271096,0.034209113597803584,0.0108039390231464
29,100,429,False,True,0.05351963422814286,0.054235731095086975,0.002625638954745564,0.054308496976058176,0.02466389831088537,0.005404572209816585,0.033218275484659256,-0.03816851991577051,-0.01077718949526055,0.020850674784767164,-0.010802459713472068,0.14843094247144356,0.03548096439423709
30,100,430,False,True,0.022435340225610306,0.004211015464159371,0.0007474481811203485,0.0042110565142070375,0.00523911347316443,0.004210970597999261,0.008224500322680727,-0.03685686708373064,-0.013487296561927913,-0.017101670225469132,-0.013487568489646638,0.038481456050452216,-0.011147311933120685
31,100,431,False,True,0.005929087092512786,0.0044728110835106465,0.0026681741718831407,0.004472840234644669,0.004967915326891898,0.004472694051915353,0.013641401759243933,-0.019883032516192188,-0.014461742740698292,-0.014704787374681581,-0.014462232337883432,-0.0066410169850155045,-0.011867046808080955
32,100,432,False,True,0.007477650224645572,0.025286377868060685,0.010362162244583533,0.025287498981970663,0.025916527013326796,0.025195396497251853,0.009734478046646202,-0.041532167746431155,0.012257056620584326,-0.04031068709310385,0.012256629192065329,0.2659412384941501,0.014897881162768425
33,100,433,False,True,0.0364566385191459,0.01192958615622872,0.006475775808207119,0.01193054503621684,0.008523123624854762,0.006929483933283341,0.012166653655913217,-0.021539409200635466,0.006227251753337644,0.004400543419320935,0.006227073289136467,0.04116905842966766,0.011154967317251158
34,100,434,False,True,0.057138203113956315,0.07138925211555308,0.028645326677125965,0.07140916680512345,0.011379070345158872,0.023120865586289417,0.05859628473409244,-0.006157216584485941,0.029271850248250804,0.02385120225899151,0.029262643762494225,0.23427802679848317,0.06032891806461598
35,100,435,False,True,0.039736053745021954,0.006598188375695729,0.03502357335695232,0.006598549775232792,0.006228565955712886,0.006309508286313929,0.03565568639398688,-0.016442541571912335,0.014076217051285375,-0.008104569226280481,0.014075692938472476,0.01876644033118751,0.016870369999525514
36,100,436,False,True,0.041509328300346884,0.015571781855836034,0.03477173177950235,0.01556856237217954,0.010439463327375885,0.009759866458903905,0.04668356483303521,-0.009586239134823068,0.049823210167953325,-0.0021612860351868214,0.049824336306803864,0.24903058390107202,0.05514518616503114
37,100,437,False,True,0.08295758759503653,0.07535705643359364,0.05223683250595796,0.07535224333923052,0.0167437645679805,0.014125511986112676,0.03803481528772964,-0.023019321380621047,0.005284738752871511,-0.00048113174872434493,0.005277369168458961,0.13894802779185386,0.06646689216286797
38,100,438,False,True,0.07072060338856227,0.02849746899030982,0.01402907579421574,0.028580870564661374,0.015123026726179456,0.01780207350144408,0.029124469760173854,-0.01606170889542142,0.026926048481096105,0.03304252172832405,0.026918059761985448,0.07521913138306399,0.03608123230843899
39,100,439,False,True,0.05103656974476735,0.043986426462212694,0.023760514024930714,0.031248363174260597,0.026346242199049363,0.024554839937850122,0.09944792326799543,-0.04849000256839595,-0.00723695405137816,-0.02072767176336613,-0.00011651078768425194,0.18285897384561564,0.00796747455096447
40,100,440,False,True,0.007686494677213472,0.006191311361812768,0.0031604342280243374,0.006197624080150634,0.006654582638573405,0.005931829732418406,0.005954619162893087,-0.022841361708351462,-0.01386376982909482,-0.013960523101343445,-0.013867847009187084,0.01933226250820951,-0.010984919298493379
41,100,441,False,True,0.022248163887518678,0.00602027485772137,0.0034622551390319505,0.006020485699944752,0.0043768939100884766,0.006020299142034996,0.003191681839658407,-0.046085189832106396,-0.027657924888100673,-0.030114457163450174,-0.027658394691934252,0.02881225884268128,-0.025339392445903358
42,100,442,False,True,0.023650095558672247,0.004335218954867565,0.0003986916420819207,0.004342421363468411,0.0060376641376254135,0.004447102478999499,0.007552064950041728,-0.03836040759976867,-0.016796727759892997,-0.020606436952633044,-0.016806139799285535,0.05031917399644579,-0.014190051794379238
43,100,443,False,True,0.04628801525300287,0.04361002161620587,0.029143205260450427,0.043582750236469875,0.03623352535066337,0.008178247819370854,0.05529889192596673,-0.018733809648804223,-0.003753411041384638,-0.004627016067012276,-0.0037562108604028313,0.17677290937737783,0.03251056333487387
44,100,444,False,True,0.032211421805770885,0.006245111169503512,0.012369258884458998,0.006245056750729603,0.006103226191013186,0.006245072049929461,0.029113336754544805,-0.04067910788741754,-0.020875144591527856,-0.022076498602645253,-0.020875810079607364,-0.013392480512127668,-0.01829665928609786
45,100,445,False,True,0.0579976319538813,0.04657866727642749,0.022733432184427277,0.009050991805833235,0.008059624670711717,0.007660284227141578,0.04316708261803735,-0.015340305835460206,0.03485787769957687,0.008588956774205393,0.03581084403980652,0.051736300701762127,0.03913885421791655
46,100,446,False,True,0.03171092289573205,0.012010324692636545,0.00875008425680036,0.01200706977262773,0.00892567493687086,0.0036828880937259238,0.029239034830429517,-0.019154658082648754,0.0021836108150290203,0.0004891296890954006,0.0021819365127766235,0.0043138317427142605,0.00996335795002963
47,100,447,False,True,0.009163259874436216,0.006469972039514026,0.022124371711807384,0.0064684401438748805,0.006418374837101243,0.006465520551746545,0.036660281007368026,0.07718152207246921,-0.006668980817607562,-0.01579647437138734,-0.006668627761992258,0.027362425293033895,-0.0042210788910331115
48,100,448,False,True,0.029538420491712306,0.0027618159712466846,0.0018812832485195308,0.002761836198859466,0.0042656663192083815,0.0027617618911512016,0.008752970177925453,-0.0365186532043325,-0.0013101094599189268,-0.009351065083219444,-0.0013102591638287108,0.10931010937264307,0.0008966244476979884
49,100,449,False,True,0.017999967316658493,0.008022269036945766,0.007941466931209817,0.008038268901957125,0.009916464968462218,0.008022134343590585,0.0034481702654580093,-0.05678426563807085,-0.037824466370196784,-0.036994037539271066,-0.037825088242280584,-0.03778283219357254,-0.035239415467419447
50,200,400,False,True,0.016908626578786577,0.005370643760010075,0.0035224564272185095,0.005370962654046649,0.0067396843508378,0.005370916548787484,0.00823981936175424,-0.028500213140335837,0.0029027078768663196,-0.013577440020664163,0.0029025053186723503,0.06169050499319015,0.004194391763080896
51,200,401,False,True,0.012239979302479519,0.0038745428773565766,0.002158561721058154,0.003874589344669235,0.0060413821513904085,0.0038744568052987293,0.00462279301962258,-0.02956406824442828,-0.010106590697935633,-0.0187124199107243,-0.010106741135932075,0.021844062795776865,-0.008936913232764826
52,200,402,False,True,0.01731518193250304,0.005432954453418855,0.00044142295828088137,0.005433134611426617,0.007080969416189174,0.0054329133096006725,0.005296132163668725,-0.02441671403577397,-0.0040240780550637465,-0.008819526649843755,-0.004024434403443031,-0.0008213177346742561,-0.002810050602731054
53,200,403,False,True,0.023736013846902125,0.008999116355297099,0.005541359098224873,0.00899984140478362,0.008501511333237581,0.00498104148832382,0.021967572538214835,-0.016483245267719084,-0.005311931796913836,-0.002413272074535182,-0.0053132165125166966,0.00881180725467182,-0.0011722153290285864
54,200,404,False,True,0.007771458289375579,0.004454349943771766,0.00023028121148486384,0.0106244733137278,0.005548148938639753,0.004454197868782873,0.007969474195780604,-0.03306943087276486,-0.022271067168694998,-0.026086969432292044,-0.02578104589374714,0.06357457909464212,-0.021033265821589944
55,200,405,False,True,0.0473828879476922,0.014693121714707422,0.006942247486318059,0.014693405073372552,0.01075688033305078,0.006808430616303984,0.016590794719366746,-0.011364599951742826,0.0067042695925733226,0.01100125507371728,0.00670001143155794,0.013956882920363185,0.012069510975397796
56,200,406,False,True,0.009125292904654907,0.004419583677045168,0.000513026913069111,0.01846636178328217,0.0080768590662109,0.004316579582930555,0.01030237992584105,-0.010892139262215899,0.0025800456125288206,-0.003715259816909806,-0.00490237628440454,0.11801902387550708,0.004715790883014229
57,200,407,False,True,0.044240354915926636,0.008736415922785278,0.0008179041395362623,0.008744980428624604,0.005566045329113943,0.005347082637056332,0.004405122912372619,-0.026325083160131078,0.009127817216056116,0.004659769141741553,0.009125150389084916,0.07697613297233435,0.012117876203588382
58,200,408,False,True,0.028961578360947086,0.005925756291487577,0.004544586420706344,0.005894961831225759,0.004696472424118034,0.004468569586715459,0.0024532761755797416,-0.0064776726902181885,0.014433126063129471,0.00853566507374509,0.014430960648692821,0.11017024301443762,0.016494513056201365
59,200,409,False,True,0.03346668171641712,0.017956998117901714,0.0013569049709084955,0.017910006228252014,0.015691616206075884,0.006125603749186712,0.004499910116973446,-0.022348404853810545,0.0017973712994426095,0.0016459307983833227,0.0017960943440542998,0.06313010434813225,0.011639223757951025
60,200,410,False,True,0.03182214226050935,0.007504933288982087,0.0020464813799174033,0.0075051078520119085,0.008519786199452997,0.0064137849798615795,0.005843780021773653,-0.016445236315400236,0.017954904879061005,0.011406445251074185,0.017954925682564814,0.0797910016486308,0.020144789462159488
61,200,411,False,True,0.025964534635101025,0.011717804815993615,0.004318874676897107,0.011718825731055128,0.008572225151318745,0.005778541111293137,0.009519513798995582,-0.009936909191866109,0.0018716191558651295,0.0051681445337385615,0.0018712147978119731,0.06299136636830596,0.006427063904759611
62,200,412,False,True,0.024593394064115183,0.007789130404403535,0.007353605730717083,0.007789622874914839,0.004345938093006881,0.005235075628426569,0.016143231185989426,-0.00693310398088986,0.01864768405672761,0.008756486497724977,0.018647151408725814,0.06281303001463287,0.021518556639555403
63,200,413,False,True,0.013928032238559224,0.005480052981664788,0.006087085303992062,0.005480043677673234,0.0056030322584585965,0.005480006911008166,0.01188526585567302,-0.018486162209486248,-0.013958563383425755,-0.013976226740086611,-0.013958891485038514,-0.00253956924796201,-0.012743931276505596
64,200,414,False,True,0.005793979311021926,0.0077119288072731995,0.0020041856700254907,0.007712047559879173,0.009464210953183831,0.0077120098329049236,0.0172552831499665,-3.398715076818604e-05,0.012417557528035666,0.008963806105792631,0.012417276147811976,0.02471486284432169,0.013701863546711546
65,200,415,False,True,0.06483482797232552,0.008360820384094428,0.0008352269203658559,0.008366034850145348,0.008922999252741714,0.007091752892222567,0.006706774757966683,-0.029413631223551777,0.009394855647536815,0.004873470414627586,0.009388288085272443,0.038618294783601355,0.011504900715304842
66,200,416,False,True,0.03651535947269683,0.006497852913583159,0.01793883236623635,0.006497796431961586,0.006153719318250039,0.005828980539242158,0.0076479204654687095,-0.029203615735634725,0.023222050312550254,-0.01149733942772616,0.023219127097838292,0.18404087661866556,0.024970414413708744
67,200,417,False,True,0.0100927116201847,0.009549445349411908,0.0009873673950408796,0.009549658682151466,0.007715123398660163,0.006519971242937918,0.0042514991217238104,-0.015477652448282555,-0.0009509891630585444,-0.007531194235146874,-0.0009510159361982673,0.10266465273434981,0.0021058435576349344
68,200,418,False,True,0.0026590273463530456,0.004147918602762059,0.0013190381948425369,0.004147953050774517,0.004638593721188545,0.0041478390851151506,0.00555881999539948,-0.017242060108849922,-0.013719056961087155,-0.01456497859821879,-0.013719285840088117,0.019002284391176155,-0.012515098388595866
69,200,419,False,True,0.0033882556639152905,0.0050777210576802715,0.0005975799905210772,0.005077830588912084,0.004956318996989999,0.005077675928733602,0.0017085661039509315,-0.019459641994091864,-0.013570656477050847,-0.016448267303489902,-0.013570989589222435,0.03522660534318131,-0.012331929681346762
70,200,420,False,True,0.054725996764928,0.02449324522334706,0.00034228034399647473,0.024496552299269198,0.006707370110073675,0.006614703386301141,0.006505214024806104,-0.026839650066142046,0.01630286112944704,0.017164990885812605,0.01630152623249771,0.08451417146954743,0.02450659117231975
71,200,421,False,True,0.023209547739682784,0.007380290094964782,0.015641545272987438,0.007380633376678822,0.01000866945886613,0.007558558248092504,0.00895093363536159,-0.020881919326912777,0.014573610145456186,-0.012243825775893644,0.014574211488324327,0.1141681176314144,0.015907241592938423
72,200,422,False,True,0.029338411629796432,0.011569060352362827,0.0016831287790829677,0.011565931734105049,0.0155466448349135,0.006225400984351804,0.006859711837169632,-0.01971591817017934,0.002936737957343496,0.0022977759063979235,0.002935445207651526,0.03825443200604015,0.008755782788700706
73,200,423,False,True,0.015839534496665995,0.008510303590642296,0.0031371976245981397,0.00851065987419945,0.007853402116801403,0.005152270522388778,0.007911660058437953,-0.011314068352694289,0.0062786784449758316,-0.0014340469220235459,0.006278213119664269,0.061278262383995336,0.010275593650389644
74,200,424,False,True,0.01436517925997035,0.004965279729709284,0.0016753071061741973,0.004641947274924085,0.0034584980792403924,0.004641852553238655,0.011952262950416228,-0.01317601720119576,0.002218503769303837,-0.0033648482599343854,0.002637895771344905,0.05733680522999979,0.0037919020344989174
75,200,425,False,True,0.0075969767059081,0.003575273625375819,0.001994292479415762,0.004611873188227937,0.004783466712563,0.003575197473894315,0.005346111312481082,-0.016796784548478806,-0.01158292446873821,-0.012718881033222926,-0.012369746176809162,0.0014101930640615379,-0.010411375605923992
76,200,426,False,True,0.05767821307994124,0.022343568455355144,0.018990973220844663,0.022355294208344,0.014908062381362037,0.011546695148454656,0.020976632793799806,-0.02284382310077163,0.0031345904386690295,0.003786310301393359,0.003133569092552744,0.0522784031114265,0.010925116531705845
77,200,427,False,True,0.026515586926087433,0.007659062321338156,0.002965042101414518,0.0076593440485362,0.00956826558710869,0.007091366692455298,0.009234910572698537,-0.010785137281932585,0.006737857028981207,0.004368263104143066,0.006737428543989985,0.010950142808923929,0.00845340721566773
78,200,428,False,True,0.042587707463693295,0.0043457692341562475,0.00016810862340634788,0.0043489642969039635,0.004633321283053648,0.0043115645394936845,0.007135182712936218,-0.028194905016729725,0.008472872298438024,0.005188435231874054,0.008465859987870843,0.0159057860368201,0.009788809893888126
79,200,429,False,True,0.0319389754870362,0.006494299320442026,0.0010938336833382887,0.030360050222184715,0.009557213086283245,0.006422171842080412,0.004126515976540474,-0.031064764759003483,0.011051848694077826,-0.0005432758153989703,-0.006774768540599095,0.11828567717316421,0.012669712496784918
80,200,430,False,True,0.0065567032236456095,0.006860456849907453,0.0014189559972153873,0.006860542230369725,0.008791505903750673,0.006860518226491461,0.00627551393524334,-0.02039491421359128,-0.00885447858478365,-0.013543815560155492,-0.00885465377779532,0.07152795107949803,-0.0075300292713179895
81,200,431,False,True,0.011464198292653317,0.004430669702100844,0.0011315650812676716,0.006969110034259024,0.004376586006275817,0.004430932225056939,0.0044825368497181505,-0.014908435945185936,-0.0023736276864124405,-0.004134416048554015,-0.0038692344924092484,0.052757855084581175,-0.001110965939414607
82,200,432,False,True,0.016718741799490254,0.008385822759803334,0.00150660034267069,0.008383297364743561,0.009142524310722544,0.004073469682448464,0.004271699021211689,-0.01422460406707631,0.003170901670081321,-0.002062680606767459,0.0031706229054515945,0.05309694285498663,0.007697734565083381
83,200,433,False,True,0.01040120419013599,0.007417334927623877,0.0017280946319416118,0.007417849051812769,0.006468142231225156,0.007417921127205997,0.01051935807171765,-0.011319316082874578,0.0005323239119164036,-0.0026640661780017207,0.0005320877700545701,0.07451659427513078,0.0018357939855840333
84,200,434,False,True,0.03308536050796235,0.027477050816510515,0.0007897962873697961,0.027507678556022746,0.004962764257226514,0.004475820694603603,0.007107595533650363,-0.024754943107852406,-0.0045328541390207274,-0.0017132692164312357,-0.004535033793373167,0.005865897289512567,0.0014975575094616084
85,200,435,False,True,0.008080174805739835,0.0034216747951359527,0.001743294103270493,0.003408313851122653,0.0037732941560713394,0.0034216950019857967,0.006186772110281678,-0.005865180836285589,-0.0002363291900728015,-0.0005402892254178571,-0.00023894830008039492,0.006183452588743137,0.0009967042258807596
86,200,436,False,True,0.017450548207161524,0.0074658323351232915,0.0007960899095351315,0.007526594688171344,0.008309886849532946,0.003926556472832534,0.00602079390489489,-0.024693165169408258,-0.0057224825870318165,-0.00954222383636388,-0.0058319975098962825,0.036853407163598126,-0.0005607523162252381
87,200,437,False,True,0.01161852645539543,0.008415054906082303,0.005341228937792476,0.008415228919460846,0.009133955023621887,0.00841505684329089,0.009779036182793244,-0.01745206285102441,-0.010413851475245758,-0.011058220358484826,-0.0104143004443163,-0.009801146025099374,-0.009170450499398256
88,200,438,False,True,0.03535535171585587,0.008061791627119121,0.011261882459466905,0.008062087036463236,0.008745584832637739,0.007948034618007013,0.02557745391454074,-0.029869632815096407,-0.008614763749522024,-0.010864397990559924,-0.008615123200346311,0.0014092111395726191,-0.0073273625514329865
89,200,439,False,True,0.03540029700008354,0.03393231856446085,0.011495358745027091,0.03393164343703453,0.005370503895282784,0.005457434231450617,0.03546460226431975,-0.014030727674163135,0.008928587446884358,0.007438262862672593,0.008916619829510957,0.17069561819763354,0.03161688251892601
90,200,440,False,True,0.004561896708951188,0.0077233905438568425,0.0002870065441125533,0.007723549412884424,0.01045456828944904,0.007723378610024051,0.008432056278126647,-0.013751350439289184,-0.005489239907991887,-0.00923702082099093,-0.005489686258160411,0.013261324477071401,-0.004176385736309934
91,200,441,False,True,0.03448272188338933,0.015124380907999597,0.0020053219244360364,0.015129269794572324,0.010336654468040113,0.005887123450643886,0.003375269695548641,-0.019062436101030977,0.003534721272745198,0.006834547588782139,0.003532822922843035,0.009161055987863645,0.009952230812101032
92,200,442,False,True,0.0021524607345576405,0.004802689339032269,0.0004378848974478561,0.0048026567860112255,0.00579405548737177,0.0048026382201509085,0.00226987748047128,-0.01435677779550201,-0.008576506902726244,-0.011698481778782917,-0.008576457692447229,0.06192809550898804,-0.007304864542376541
93,200,443,False,True,0.021107058618953928,0.012018142117105488,0.013276619570421826,0.012018283462265623,0.014113740823885588,0.010818952603599868,0.0226949102507855,-0.0035660840933202675,0.013190796506209565,0.0036314706921832586,0.013190556576286969,0.03624513543377286,0.015096350853235282
94,200,444,False,True,0.03041848896138282,0.03012973013621669,0.0022537043292621033,0.0301492270629262,0.024991041877665435,0.008016105436324316,0.017197411817362424,-0.02050192354874312,-0.003206793715158067,0.008269248049657552,-0.0032101182786778717,0.009758173817989596,0.01391435815590683
95,200,445,False,True,0.018557820858121177,0.0034429449419028204,0.003526376832821256,0.00344295514738286,0.0054768610290977645,0.003475281843403086,0.004922665869292721,-0.026771733427427096,-0.005567666205915653,-0.013095029506463785,-0.00556791504967837,0.014298669351588753,-0.00433175261311497
96,200,446,False,True,0.003247391584366331,0.004017669644703003,0.0011691833625363875,0.004017706725552627,0.004796949626092164,0.004017635954957883,0.002483194571007034,-0.01278101287733438,-0.008356654614650018,-0.01006046078405219,-0.008356969202803004,0.034837772619431606,-0.007211057374490681
97,200,447,False,True,0.03355215388170497,0.02805508308865358,0.0037646647164739345,0.02809785577099836,0.0050826462053825735,0.004478146850873311,0.008982364409520835,-0.0236021579153425,-0.0047066463446015306,-0.0030110287197178745,-0.004708843074723425,0.010295321119372182,0.008367432630438001
98,200,448,False,True,0.02080293189538002,0.007491839600444697,0.0012051009148454973,0.007493962041758071,0.007954959122676157,0.004125683255608171,0.003328159894994668,-0.026634557745674404,-0.011045507278442184,-0.013762568660802076,-0.011047461026099334,0.003018848025568257,-0.0061348906597828295
99,200,449,False,True,0.02524184059822312,0.013619723793450625,0.000571831516271714,0.013630682527138702,0.012666824495181426,0.00688570266287026,0.004009530533664067,-0.019336917708075545,0.006762464648438904,0.0030881642150242324,0.006760820984429721,0.14044096529789696,0.01359762463965368
100,400,400,False,True,0.00012887861613481404,0.004618680835905769,0.0001846733340323551,0.0046187666185282346,0.005174091863342845,0.004618642446144613,0.0034247979900483582,-0.007632567469412849,-0.0032857136530557085,-0.007419189594002427,-0.003285949862613933,0.08553487908357138,-0.0026732141312289653
101,400,401,False,True,0.021396839331064305,0.011865933768473124,0.0032932015325016256,0.011854729355544949,0.005614215422622103,0.006619667650362822,0.005682755787092678,0.002097196387372129,0.023406468845349106,0.016370457300734144,0.0234097225514596,0.17837459499485717,0.025282099603715608
102,400,402,False,True,0.01496144174830073,0.005757598421770207,0.003491504611938919,0.005769224012090941,0.005575241269170037,0.005125912465494844,0.0035983248376345463,-0.025253100670361447,0.0027978413959004913,-0.011757243573674296,0.0027961082435232856,0.18687253957137837,0.0038936772568552436
103,400,403,False,True,0.0011348223579565736,0.003910250543649543,0.0002231884406768119,0.0038822575948421695,0.004282665326273665,0.003910796188969791,0.00427315340550379,-0.007359299020954253,-0.002424610138353902,-0.005092835227119389,-0.00243515695229485,0.081376839227222,-0.0018066999114789983
104,400,404,False,True,0.015167562098703078,0.007476496980378976,0.002160038755304228,0.00921977919823267,0.006983361562611071,0.005735564299660544,0.006785626404093237,-0.000404275068748583,0.015154540904099924,0.008926359518009611,0.014340264196851643,0.06669165929236452,0.017471577253151682
105,400,405,False,True,0.018015484807152208,0.011575211798580549,0.00428358101119051,0.011575908144744042,0.01095916047593495,0.007605731298473444,0.01012738437415021,0.009251204372514194,0.015946516341699885,0.017661319662311187,0.015945342056072568,0.03637684226763202,0.019701437710006722
106,400,406,False,True,0.007011778777565527,0.00789836096990929,0.0012458383794890216,0.007901113926546004,0.009858138840447936,0.006907752715592131,0.002550639061594132,-0.01320026160979571,-0.0013000024511672947,-0.00714739524680777,-0.001300752288052447,0.06126636621580445,0.000537405809332564
107,400,407,False,True,0.009735031631248841,0.01941761477997646,0.001618141502491326,0.01995099923982714,0.010291940363259245,0.00708835544069388,0.006692388178570476,-0.004299355023272148,-0.001544565550553081,0.003267165982496566,-0.002284747842959085,0.09571434917614806,0.008058888772274092
108,400,408,False,True,0.0030640551075335498,0.0045042058530732725,0.002007018632568716,0.004504988599347487,0.005981944474848709,0.0043026946875809845,0.002164566223014707,-0.0031450787693954527,0.0011625277617397778,-0.002631931217700507,0.0011610217539200463,0.009143181281630391,0.0021665314920066153
109,400,409,False,True,0.01801807791039299,0.007399477489398367,0.0014530651231090144,0.00739977320997541,0.008601832421213136,0.006949818623230437,0.005166563166109745,0.001697238405846108,0.01632693048766214,0.012491767290798404,0.01632701575592849,0.10341426232155027,0.01751759411970781
110,400,410,False,True,0.0020270559067644433,0.004188425884040692,0.00018901779960769482,0.0041883395327764585,0.004520648817129187,0.004188555642456234,0.0013757963170783409,-0.01220292929871884,-0.005010625881825064,-0.010102827399295014,-0.005010690234703006,0.04824876194561359,-0.004389646435990921
111,400,411,False,True,0.0012180148397579746,0.004372816267671384,0.000993212656555457,0.004372874981018408,0.003985860001955139,0.004372776395948103,0.006175488591969595,-0.009351492125208175,-0.0018007781119945853,-0.008575384824262098,-0.001800917406197975,0.07780248969714838,-0.0011816873785424065
112,400,412,False,True,0.013181040396477793,0.004158237804643072,0.0010121157011913284,0.004158283930015646,0.004349376293769185,0.0039829950619378295,0.00617211785778096,-0.002499059024009204,0.011115838576391503,0.008787607020813638,0.011115656215212192,0.034277866347810375,0.011888323257439076
113,400,413,False,True,0.02710148448503703,0.011806673127327486,0.01686797840973548,0.011810844488617309,0.010221791857444547,0.0077325492645234205,0.002018453143844659,-0.01756389355717061,0.003760859909877059,-0.009145447982438316,0.0037590436111240954,0.011925404013852265,0.007196696491862484
114,400,414,False,True,0.004375016915322761,0.005103293528560418,0.0005609890537312869,0.00510337111549038,0.0067824008890185195,0.005103288597466056,0.0013667284739137782,-0.016667486515333,-0.009593333495185145,-0.01331999014331319,-0.009593469669523085,0.053907776189433196,-0.00897668693830636
115,400,415,False,True,0.015595542740502956,0.010442297783580167,0.005586078242728259,0.010442029928719508,0.008175427134921498,0.0085212023034407,0.005881624989999649,0.0016657751867210874,0.025511200296331752,0.01078770049889139,0.02551212037755784,0.2186363419370574,0.027297084891759762
116,400,416,False,True,0.015631767987063644,0.007100442977246668,0.0015058846026645906,0.00710650834335966,0.006763388848362614,0.00542165302718228,0.0046363350567518325,-0.014981489856391892,-0.004080786443407227,-0.00431134024485637,-0.004087816895807137,0.06410432674804246,-0.001995136320539659
117,400,417,False,True,0.02931025093755548,0.010736514886512354,0.014738288488011349,0.010744912614641739,0.008209397582473354,0.008193267252786978,0.005879568917704384,-0.010414910309093027,0.026052093754660534,0.0012549527785418644,0.02604874821129034,0.2574983561608159,0.028007840178323667
118,400,418,False,True,0.017267238679804266,0.011538880743045227,0.006398771335869456,0.011539429088294197,0.011024789929549871,0.008406032805877954,0.006815877157101502,-0.0018316000293032745,0.006862556686943613,0.0055969247684715855,0.006862180008584957,0.03021716775978673,0.009699133871800103
119,400,419,False,True,0.005019841502227429,0.004814916643502557,0.0016287191925466338,0.00481527229342718,0.005219332156757349,0.0044806006034754636,0.005068452662993919,-0.0072016927216850294,0.006592965494381264,-0.0033917938045574516,0.006592472969437697,0.07585763014385752,0.007624836045525149
120,400,420,False,True,0.006931784359588317,0.00640560815984261,0.0007344240201029853,0.006405488996237571,0.005800162184750553,0.004355173220747064,0.0018067777540160227,-0.00648849467583755,0.003296020861347202,-0.0008730696782742631,0.003291941313797899,0.07124278686313518,0.004966880204092028
121,400,421,False,True,0.012704740718606665,0.01063708425257499,0.005150005222038155,0.010635761721473583,0.008846514145622104,0.009596691191860714,0.012676996060066819,0.010566480820564647,0.026694703696198696,0.01839696405773646,0.026694411982220247,0.0876144780711142,0.028088051682986614
122,400,422,False,True,0.014225947125355494,0.011177819317084092,0.0018371867823265345,0.011193090606802064,0.00744470523187442,0.006194477350288097,0.010807527392404412,-0.00222926845246103,0.009177977669627602,0.008910136928674595,0.009167756101058036,0.08635438701107959,0.011352191195928826
123,400,423,False,True,0.0011924279533522622,0.005113034643192366,0.0003586194515733897,0.0049190133372355675,0.006159934453756063,0.0048891252981157615,0.002655810403407552,0.00028594316971937374,0.0072690459488695324,0.0015116930308674203,0.007507672012294222,0.028766592824138293,0.008118116993904412
124,400,424,False,True,0.008551555934257249,0.00436955321191344,0.0004093280445274219,0.004369575117250316,0.005570690895344369,0.004394473689879157,0.0013578739130429584,-0.005547718072950714,0.008070280329313171,0.0022458276404540623,0.008070639950785986,0.07110850156103776,0.008680193094412175
125,400,425,False,True,0.020716780287694286,0.005701653005514551,0.004233347138217788,0.005704952768480212,0.0065888848426329,0.0056942764306761465,0.0066382995533893745,-0.014213418338414097,-6.868510403519323e-05,-0.00044026933757053524,-7.612021810645687e-05,1.7102052412205638e-05,0.0006405719973606172
126,400,426,False,True,0.0009811768941297436,0.004732171120625603,0.0010312920663745856,0.004732092555289964,0.004819349320523882,0.004732124995841706,0.0012284391832508338,-0.011809558370049955,-0.0033520858621908724,-0.011565797309501708,-0.0033521786227355224,0.06501223476182436,-0.002747892231049695
127,400,427,False,True,0.018107964755104775,0.006201722142765853,0.00034080623651351594,0.006202427554916567,0.005619838313104415,0.004694190685662845,0.002848354322764502,-0.011811406345734044,0.0023101320377254455,-0.00032125151114240416,0.0023097161386213473,0.0495689894260979,0.003896874994057789
128,400,428,False,True,0.01961593464065067,0.004786156414288926,0.0014839036028352981,0.004786281570141536,0.005045966868792811,0.004545585515545119,0.004606207511773707,-0.002466384874025887,0.011640347080821343,0.008558095833212246,0.011639964949723573,0.040712271647008594,0.012480702458355045
129,400,429,False,True,0.004970889691105724,0.006179923440333916,0.002287152424176654,0.006180254209792747,0.007704308336822174,0.0061799116901824405,0.003861096170049212,-0.01891369012361453,-0.0011550651895122321,-0.01483892807491137,-0.001155349840887272,0.05169217630159732,-0.0005214268277466405
130,400,430,False,True,0.016941935943634495,0.006285557462564309,0.0052268432971014946,0.006276931467158306,0.006885921066622003,0.006313818041091554,0.010778394220933853,-0.004478477497476163,0.0058865716951686945,0.005867101302722482,0.005894392279189837,0.028520685237520188,0.00649266502714628
131,400,431,False,True,0.015827555347808157,0.010041980700463611,0.0026958682454466575,0.010043752180458967,0.009145231459452346,0.006692953841714752,0.00863659697992902,-0.002063449848451529,0.006645929209371708,0.007356413177996852,0.006645413549136343,0.07010379131095551,0.009377417350520223
132,400,432,False,True,0.004075532328283864,0.005049820394303248,0.0005683721728325168,0.005049924064831686,0.005743787912438082,0.005049799863397164,0.0016939290000076788,-0.023205035872169964,-0.016900053202845912,-0.019496950868961877,-0.01690038603174525,0.01135106965484038,-0.01626153363915049
133,400,433,False,True,0.019740561288536983,0.006731367130418401,0.0015316833354182488,0.006727167491303229,0.008014575247574166,0.0066744804616733315,0.006427445715527008,-0.015954895465240662,0.005488361236143185,0.0019971009914767344,0.005486809224177414,0.027280152884352215,0.006261490428571256
134,400,434,False,True,0.011064322127835355,0.005389014879190623,0.001171260983243944,0.0053891000478780825,0.006155346818693459,0.005187919192135369,0.0050949480290640985,-0.006599847522364401,0.004810425133996752,0.0028634057559442563,0.004810184352108937,0.038577729136285085,0.005592651865322623
135,400,435,False,True,0.01607991994796308,0.0059972712548880406,0.001675444583562777,0.005997518219164346,0.007561702563679574,0.005047055853084032,0.003943043187541715,-0.0005168204958530364,0.004873699583556501,0.0005228031226587871,0.004873309186072597,0.09941629562072332,0.006861075764319269
136,400,436,False,True,0.0010873149686955554,0.004691175787426322,0.0005322164843471992,0.0046921490163985245,0.004519661043423942,0.004688359015979134,0.0012952575821927623,-0.00415474724590906,0.0015820799534040652,-0.003926088783624844,0.0015819395238483836,0.04959761563543987,0.002195816347925428
137,400,437,False,True,0.0347457236662032,0.009865897808129053,0.007695975698992149,0.00987112908010714,0.005527691255650283,0.005830805048656811,0.011160635903286007,-0.0039693903910066105,0.020511057770948023,0.013639959333619254,0.020508467544233168,0.0740395554676034,0.022688462918891747
138,400,438,False,True,0.026155349713234508,0.004902382506723487,0.00024071798740035518,0.004321197506700556,0.004758537633332,0.0043209210142888315,0.0009440119241000851,-0.016583829591882447,0.008771028310532003,0.0036513364060405374,0.009081700391003197,0.04604859542390107,0.009694965730190727
139,400,439,False,True,0.005941286316318311,0.0044225522432367005,0.0004507457303511249,0.004422572944010392,0.004663455746702594,0.004422687427185758,0.0036575745500620213,-0.017578856171341247,-0.004722620903507746,-0.011222682531584907,-0.004722787600332374,0.05426389270709823,-0.004098242871589677
140,400,440,False,True,0.008563388986284243,0.0053989957832337775,0.00017182107335110498,0.005399063085139789,0.00586835021174388,0.003956319745657442,0.0030122397206306132,-0.006596453801378327,0.0016746346174860882,-0.0009689788955456076,0.001674344116403841,0.05660964183946575,0.0037045448943865966
141,400,441,False,True,0.007263274817513344,0.005829561263271321,0.0007368202304014801,0.005829624843380201,0.006834549543445374,0.005580548903990497,0.0024317204106478973,-0.0061177569790213104,0.004179574710901441,0.0012016451117785887,0.004179413040550557,0.049302223800366925,0.005189649692133452
142,400,442,False,True,0.004685783563334176,0.006157057412344238,0.0007941877790409665,0.0061571477138145855,0.006043291748407243,0.0061569907273872895,0.001495990639557336,-0.017262369328504557,-0.009162817657153415,-0.012400223974427254,-0.009163142448211606,0.02151287040038758,-0.00853213212205034
143,400,443,False,True,0.013941332003728686,0.006090332724492082,0.001011670099139955,0.006099070757324374,0.006477981695643997,0.005151869341788038,0.0021150432850018386,0.0005334874536341447,0.012100375194985524,0.00814261710435242,0.012099468799774993,0.12280966868500749,0.013394363885634655
144,400,444,False,True,0.022767675177592324,0.00734377364537963,0.002571021921781706,0.006684830693395189,0.005676560960835146,0.0066846297241729006,0.004467899108174393,-0.030200171264705138,-0.0010995641254965172,-0.009736416613185415,-0.0008873379993343278,0.037609313445623516,-0.0002549440074140208
145,400,445,False,True,0.0063230376838127236,0.005735002193814554,0.0016391228792211785,0.005739147892391658,0.006632689606698188,0.0057502625558471234,0.0034294287632696124,-0.006841574173809262,-0.0007172102191550244,-0.002304892507076385,-0.000724452959472952,0.04679008188608103,-8.321404700054047e-05
146,400,446,False,True,0.022582367273471897,0.008076423070496153,0.0028691699864569122,0.00807670647427858,0.005316146800391232,0.006405828348397522,0.0041460895626916055,0.0013359694340609818,0.021071545056756485,0.016817219273592275,0.02107122378591562,0.05826652718739773,0.022944941286645176
147,400,447,False,True,0.0021106682748706427,0.006490705963318291,0.0009830903874031593,0.0070811122374974875,0.005941294730973141,0.006490622588368484,0.0020005409457060494,-0.017966416519875798,-0.013221034101328435,-0.017437818992252833,-0.013572465755187295,0.04017562148517566,-0.01260715860236819
148,400,448,False,True,0.008470472861206061,0.004581553918085275,0.004479306952765927,0.004587313618462214,0.0055155174322345565,0.004619845294748747,0.0003917531361651178,-0.011925001074965245,0.007612181929972124,-0.007543462908610374,0.007621011203864896,0.19773947764630698,0.008281612941267683
149,400,449,False,True,0.015760420533093965,0.011838947425932434,0.0030457776855933095,0.01183992036222481,0.006229011004012461,0.006330646841211742,0.004656343468935867,-0.009216305316820701,0.015085332068751392,0.003368385864897142,0.015084513075285867,0.28714102837945754,0.018943910901278962
150,800,400,False,True,0.01031323995261046,0.005410365115021611,0.000709315531878509,0.005413291007856261,0.005089017649108012,0.005362045620928651,0.0018993805136882902,-0.00907841698786161,0.0031745076930775975,-0.0014036197930810557,0.003173919298499506,0.003459006527299877,0.0034842460980227252
151,800,401,False,True,0.008831541952277575,0.008977488427349176,0.0009715556611414049,0.008992648794223505,0.008644797987267375,0.0079374283461214,0.0031868442518711835,-0.015126239608572225,-0.0035805117342051673,-0.007384853620293016,-0.003585350555103517,0.020839355014010526,-0.0024638939742318428
152,800,402,False,True,0.002398768130426043,0.005882842651982298,0.0005119414580020961,0.005886806353054441,0.006317768079737067,0.0047935693739849196,0.0017659966030790883,-0.0014231340231322003,0.004025864619835761,8.524652594422588e-05,0.004020681383584677,0.05549822480688126,0.005433538956167078
153,800,403,False,True,0.004628743436319304,0.006196470983968555,0.0004847298001336074,0.006200533963258597,0.007240627121255026,0.0061470799748194185,0.0026896732978071484,-0.009571618019016834,-0.0005279075913392361,-0.004618209621440299,-0.0005313943272204292,0.07289902204188511,-5.5349524007985984e-05
154,800,404,False,True,0.006407457699365394,0.007151879494248516,0.001797343968169825,0.007113372644362555,0.0072022529572110215,0.00724372314434062,0.0018519933991977464,-0.01239423328147078,0.005875207062849519,-0.006278398399114966,0.005918000622917248,0.14253290794774212,0.006415090084724323
155,800,405,False,True,0.006117647186819484,0.0065103207649516714,0.0005717552994508188,0.006510493217618603,0.00637052665813882,0.006468399634965471,0.000983361776920755,-0.011331572676102488,-0.0016095514518786836,-0.007089117582573763,-0.001619163065034428,0.04457503000225575,-0.0012644681760305004
156,800,406,False,True,0.003613798529174983,0.004879229908481753,0.0005025606792956834,0.004885206163497109,0.004319144150949077,0.004598989274026604,0.0009050598343833972,-0.0051419371421916405,0.0017573205124627833,-0.001794945721030516,0.0017515319037869227,0.09791692748146413,0.0023676972966520105
157,800,407,False,True,0.001020542578605789,0.0045598791783280105,0.00037969026783573495,0.004578861092971011,0.004293105564013134,0.0042704173527271325,0.0017102750631194923,-0.007784110396259931,-0.0029927023182313127,-0.007343870962553673,-0.0030012575383815765,0.03750260185284704,-0.002437575562105637
158,800,408,False,True,0.005910966146031677,0.0053053953025502375,0.00031471804412868564,0.005313106969259624,0.005688790492781399,0.005258152360592198,0.0019194523231894117,-0.010995550201181504,-0.00010275419412341336,-0.004572935776490316,-0.00010905512975847742,0.08821914870361244,0.0002813219560295205
159,800,409,False,True,0.00761133836727686,0.0050914553029919995,0.000377205477892064,0.005091376168791494,0.006029282143138025,0.00508861810633727,0.0005137692980483712,-0.007094157251210629,0.00591474496045274,0.0006323350250517435,0.005908373787595931,0.14647436474214126,0.006333447712680365
160,800,410,False,True,0.006846287586555917,0.005901000881686643,0.00020936385359041234,0.005899444973628056,0.006621594442798523,0.005901477477952936,0.002238177996930176,-0.0141544474479582,-0.0023655376778502733,-0.008352558535745036,-0.0023654691390458814,0.13623363729904653,-0.002057156854309586
161,800,411,False,True,0.006931011953344187,0.007063268681353339,0.0031213932456056336,0.007063855704852926,0.008223009200335094,0.006693574801474548,0.0036252692209255283,-0.010550783230720362,-0.00644873767567244,-0.0073674887393800305,-0.006449287772266335,0.028278980217581805,-0.0058236420460980876
162,800,412,False,True,0.006195790622353898,0.005594205018157928,0.000366178001283868,0.005603421435110533,0.006655741153091587,0.005487575693485231,0.0012103610978266089,-0.012000677560049149,0.0007381059119845368,-0.003581591592106166,0.0007332734326955937,0.12155460826081668,0.0012077601412463501
163,800,413,False,True,0.004835697751350774,0.005458059235932623,0.0004949175967431226,0.005457891250931069,0.006041071441141731,0.005458172272258806,0.0011741160974413265,-0.010646683166801766,0.0032732425190625846,-0.0044372667399775415,0.003273231569995314,0.12752243208702757,0.00358415326104726
164,800,414,False,True,0.011326564536285754,0.007531945466927965,0.002005071642087762,0.007537514855698747,0.006925181100352579,0.0056345805610980145,0.003368849215867686,-0.003720313273117035,0.005765621332500874,0.0052079573172260215,0.005762692703203048,0.007729987136789838,0.007472922369760188
165,800,415,False,True,0.01398804590442445,0.005858691315677539,0.0010604803640737169,0.006026266078677488,0.005808403755325649,0.005673343037758366,0.001960642727765521,-0.005934430801521828,0.013570253333159457,0.006084931632555353,0.013531595821521875,0.10106120772929597,0.013934097932540301
166,800,416,False,True,0.0008130173467833472,0.005572021888523397,0.0009433146654204264,0.005572171910120688,0.006475147775983834,0.005572716711916631,0.0015239072776134697,-0.004868156259229274,0.005546581741868586,-0.004160359020935525,0.005546403566389841,0.09229115780848601,0.005860945946373569
167,800,417,False,True,0.004557807077301804,0.004470468434106218,0.00022634715008138255,0.004468372143911822,0.005049172383677877,0.004064474088319889,0.000451834676001413,-0.003254948181346483,0.0031524134086864564,0.0008375774404608566,0.003149353072093888,0.05857072666540107,0.003861951264766919
168,800,418,False,True,0.004357159823258045,0.005904944257672644,0.0015783622930616084,0.005867251478299823,0.00529226196364038,0.004302123137879078,0.0028118233660492102,-0.0023175909702246155,0.009286028993779017,0.0019560128480638947,0.00928261893505871,0.06295546563674062,0.010482532587426707
169,800,419,False,True,0.0034004373508588863,0.004184746385194279,0.00018844346322771852,0.004340402780082153,0.004635879156150445,0.0041208583648210595,0.0007886990759383997,-0.0008040136325603303,0.003986892230184349,0.0009020169684195329,0.003850720483006178,0.06439268190023646,0.004332653273562151
170,800,420,False,True,0.007999409309965795,0.0053232918655252,0.002299839558300749,0.005323143700130595,0.0058249351525713824,0.005163093093521356,0.0036536196412415498,-0.003683260355020816,0.013230428255149657,0.0035397499280108414,0.013230481551541011,0.15845785944485546,0.013719315851531133
171,800,421,False,True,0.017345755776900715,0.007584023812742027,0.003087516737031852,0.007583728343627597,0.008208332657556376,0.007469914515943047,0.003657819630503832,0.006203997658469844,0.025703173791253652,0.01806959948127306,0.025702904182191625,0.13322444910363118,0.026229962098960877
172,800,422,False,True,0.008341115723013463,0.006879136220044285,0.0015087072604345272,0.006895227584086803,0.009315255425600924,0.006930012260150067,0.002936510142042998,0.0004961137464378796,0.013240710931641022,0.006355970573992873,0.013229376804729664,0.06754215872969159,0.013760530159958831
173,800,423,False,True,0.008771175954956583,0.007602260323455183,0.002442079945091954,0.007603359343525257,0.00650782159606312,0.005242301575231986,0.002940400612163017,0.007106913158734124,0.018578377151372793,0.012567451452578695,0.018577607095855483,0.08729246800735604,0.020963896928604245
174,800,424,False,True,0.0021736090800260647,0.004473636301971711,0.0006069724467198248,0.004472508252242436,0.0046324380648999,0.0042855841084345455,0.002131245118428418,-0.003240018118831557,0.004095188750846148,-0.0012804739002022897,0.004093330599418881,0.09688457460490013,0.00452190933592421
175,800,425,False,True,0.008579148340141679,0.004829939193466908,0.0006092787483458545,0.007193609858628773,0.005177376236455431,0.004727308979423899,0.003487240055824905,-0.0016284127278368265,0.008723618276752276,0.006030766526283798,0.006904632511687332,0.07913494766616118,0.009089593538698981
176,800,426,False,True,0.005730495798230267,0.004837953089794949,0.0006287677010558225,0.004779840944459434,0.004634961485166299,0.00433955954772538,0.002042848165934872,0.0010977155392336505,0.0076909039064326735,0.004016638423823981,0.007648044731534362,0.06285234192133597,0.008119896267129043
177,800,427,False,True,0.008239976493366762,0.01131558893878334,0.0009599190190378152,0.011899423558528952,0.009700721427231858,0.005882737393717426,0.0038664371352202737,-0.008365190143584873,0.0018569092102847051,-0.0011456457982897967,0.0017567772377324253,0.04710694713420505,0.0075811588777409955
178,800,428,False,True,0.008730724785317213,0.007862906304160063,0.0027144343316724846,0.007859155407658426,0.007082626893322374,0.00707271714923245,0.005073709356347341,-0.0008565873064947998,0.01752055215537107,0.007426769706613579,0.017516614459810925,0.21887227365164313,0.0182321260209396
179,800,429,False,True,0.0026764969570140223,0.005505936614758809,0.0009172679750700602,0.0055292116733318,0.0068111101081330975,0.005529112024379463,0.004477742308512711,-0.0026331290065223566,0.0008933097017605363,-0.0016634875046927533,0.000886827172161162,0.030026758970663963,0.0012387448573873694
180,800,430,False,True,0.004418961195353402,0.004555331019321713,0.004377829731668679,0.004630182307531692,0.00539907347106709,0.004332605838012414,0.002927073257851052,0.002942686996466831,0.002905641183388035,0.003115594908387424,0.002879324220911297,0.07778231846297283,0.003394669340523196
181,800,431,False,True,0.001173422073494339,0.00460451945138834,0.0058326759791986135,0.005192842721395319,0.004776304081425475,0.0046045667008033685,0.0024050052408101223,-0.006493544520881181,-0.0005820734405473261,-0.009606013600684743,-0.0011015851442913772,0.02231916360091317,-0.0002695495764108019
182,800,432,False,True,0.012694391368668479,0.01294264999899722,0.0031986446592186623,0.012938731198840946,0.015909727053780402,0.013041321393177617,0.03722118634749895,-0.007752451501669109,0.02362213467745784,0.010313789703479743,0.02361573573639161,0.20773258066397599,0.023999420699002794
183,800,433,False,True,0.009338570682742815,0.005556665188478432,0.0013054544226687498,0.005572476837243255,0.005393840347654745,0.005023802459999366,0.0024293711049935855,-0.0010147398249787955,0.012624124066614844,0.005526701541858212,0.01261976466225292,0.07367145991581384,0.013158153657617397
184,800,434,False,True,0.001718737742475765,0.006150715452009469,0.0006457871558072489,0.006150985392204465,0.00618957500870675,0.0061508411823320555,0.0008798266819779424,-0.00909584915267783,-0.0006925740037229389,-0.007432151540940202,-0.0006928382940161449,0.032562838537122794,-0.0003766358908124101
185,800,435,False,True,0.010264237045628712,0.005045852264481187,0.0003304987448352963,0.005045747546993132,0.005268543548004424,0.0050460833282405795,0.0015720236637759362,-0.01012757849826563,0.003601971196895004,0.00022012443728054498,0.003601915933806588,0.09690305682024793,0.003908855318678364
186,800,436,False,True,0.005133758233736248,0.005146284781363437,0.001220451455427995,0.005162428394408213,0.005770642386054761,0.004793754102398891,0.002021041521688349,-0.002178787528935421,0.0021588103723771466,0.001129655135368155,0.0021399662929482413,0.012282272218285008,0.0027419776140110014
187,800,437,False,True,0.0007560291241017135,0.005790804554377363,0.0008553918899527314,0.005790756805829898,0.007875659878735113,0.005833715755987623,0.0010682429756450492,-0.007773236212528837,0.0013092696873433596,-0.00723894616071033,0.0013091866162756283,0.039670104446668686,0.001823937589104846
188,800,438,False,True,0.004588288745458111,0.004605133461732797,0.0005436438911796317,0.006332957335450842,0.005185473355317592,0.004571816308608139,0.0017419318714651552,-0.008017154189667575,0.0008555751024594294,-0.003932731102804145,-0.0003246875710101804,0.0640584313838436,0.0011835709190901461
189,800,439,False,True,0.013033442590031395,0.00732331565889111,0.0015522592105941522,0.010384726712201288,0.00899233643557052,0.007131439841395945,0.004542750384358592,-0.006402853679590222,0.006989661842704269,0.002618117703217312,0.0051951653671164525,0.08531685761594865,0.007538842784895625
190,800,440,False,True,0.007833755659265002,0.009299801158195155,0.0009866419205480745,0.009299799306817019,0.010150805843606076,0.00929965736800594,0.021206848486326094,-0.02228900386071908,-0.00718037156423442,-0.013587942983537769,-0.007180450733696624,0.06246511812750985,-0.006854856753020666
191,800,441,False,True,0.007642461386445356,0.005427963658967661,0.00030261553302322755,0.0061037836133230675,0.006098179050863891,0.005428429989940214,0.0010212538268821324,-0.011495328481731171,0.00016965283221447082,-0.003962900190701407,-0.00031587466749208207,0.11732375469004744,0.00048363641877136043
192,800,442,False,True,0.004281306683683056,0.006923183465872532,0.0009703945568599909,0.006923543879809039,0.006330310867399015,0.006923443257355554,0.0011261620117617953,-0.010182751348141983,-7.4512627621246e-05,-0.0059966726443477225,-7.483011430789332e-05,0.02100202939556855,0.0002496429083608809
193,800,443,False,True,0.0034904808986935183,0.005916299475408226,0.000790085932280431,0.005916477129245618,0.007759450609809614,0.0059164705878917275,0.0011859464189045335,-0.008830377549514486,-0.001382422716199816,-0.0060955968544823946,-0.0013827030687700948,0.09538585086630803,-0.001070433429789866
194,800,444,False,True,0.0123105691538072,0.005280084863316619,0.00029467995305998955,0.005280068120894415,0.006034296143634005,0.0052763536071610785,0.008677517725390932,-0.0011751303840317683,0.011602540953689573,0.007887163417600236,0.01160211154083596,0.07321848475873255,0.011934924591879975
195,800,445,False,True,0.0048087862098565234,0.004809225245424871,0.0005864789685760937,0.004809225435796175,0.005251652079664959,0.004809122484960798,0.0007137854270471923,-0.00285416577620898,-0.0028547534350144587,-0.010364433890815358,-0.002854845045032661,0.06802074951602956,-0.002546847517783987
196,800,446,False,True,0.000566045569966565,0.005614001519682599,0.0003731576808460736,0.005613979283626337,0.005646546129747954,0.005614279123642671,0.001088504600969506,-0.01199483968240211,-0.0064454250475222885,-0.01125625917719604,-0.0064455426787195695,0.07286324880213023,-0.006127940611357574
197,800,447,False,True,0.010845166860135423,0.015341863106637058,0.0013163514552714311,0.014845474105874178,0.015314404462312364,0.007802742996180826,0.0016070078402197082,-0.022061077577668956,-0.009825403308050937,-0.014099293717262516,-0.009880073965440897,0.06971669263576481,-0.00184645292141003
198,800,448,False,True,0.0037999399046751807,0.004909507716606481,0.0002031958679460246,0.004908533983443627,0.005198558858655909,0.004432923799538797,0.000491888318479107,-0.0069778963017055285,-0.00011397968888127608,-0.003807183510249507,-0.0001135452486873767,0.0669684041638547,0.0005517463040510817
199,800,449,False,True,0.004774391269776204,0.008356025525704523,0.0055066542815642725,0.00827594977486238,0.005656380094420893,0.005615076256277277,0.0041502479412783115,-0.009706566327672871,-0.0012618985548737526,0.0004167111840650095,-0.0012999913224511416,0.06225060965107241,0.0005056185444936578
200,1600,400,False,True,0.005283668585527216,0.005430141353238895,0.0010835716697105491,0.005431119774218941,0.006259099971128092,0.004976655595847178,0.000766821332222635,-0.009571063965804672,-0.003878658768333665,-0.005583779779415079,-0.0038792751846667708,0.029495315018438575,-0.003304938179025621
201,1600,401,False,True,0.007681472144472098,0.006572102312070306,0.0009085951586776472,0.00657208559049278,0.007916370039187425,0.006619130741930838,0.002002351128501538,-0.0038011734570502216,0.008559820382739574,0.0006368405749917944,0.008559582541880193,0.0835565521879097,0.008758702415236727
202,1600,402,False,True,0.004409001518539966,0.0048190894817038065,0.0007317065494081193,0.004824004512730236,0.005196827892267135,0.0047111182520840796,0.002355714883882845,-0.005291832649423559,-0.0008166507348632024,-0.0026502000254252367,-0.0008172877248974153,0.030959591730809102,-0.000568021494325735
203,1600,403,False,True,0.006533390725215615,0.011617264019867186,0.0008954755024933687,0.008106241195276647,0.005594976157905258,0.005344545189429049,0.0014735831549880383,-0.008492240652131477,0.0010897110416695278,-0.0029501394267802774,0.004988473257797406,0.15898909552247342,0.006239451952350039
204,1600,404,False,True,0.006280407543275623,0.006284610160713408,0.0007787877876956433,0.006280091904869187,0.007365511030144451,0.006156591658332659,0.0020441983216257856,0.012671281709171645,0.012672420962921259,0.006267181238700549,0.01266730350844565,0.0739530319155509,0.012968100879895375
205,1600,405,False,True,0.002544605154860433,0.0059275939653570964,0.0007075773925191549,0.006407810730668793,0.006856896202482215,0.005878701805223683,0.0011471877977816207,0.003836927682660588,0.010567691230245941,0.0054969070428829625,0.010197171029042896,0.05592927254419561,0.010751095946334027
206,1600,406,False,True,0.008935338078270447,0.006158573050340818,0.0030455136338645513,0.006975800388865978,0.005687172182694937,0.005425105998610796,0.002448903340629898,0.005591211283375292,0.015391508869497202,0.011375514326110116,0.014946863019004972,0.05094752687928452,0.015928534771775388
207,1600,407,False,True,0.004247434808049076,0.005949136966647732,0.0010009748541286204,0.006996352608059286,0.006307167107635051,0.005867283936336695,0.002185171821997012,0.004028561179678362,0.014213288888592395,0.007287675638856493,0.013724091408898964,0.09096537990043205,0.014480846945930992
208,1600,408,False,True,0.0009712552151828886,0.005324105674090584,0.0015710522487843586,0.005327510028263851,0.006246698506145104,0.005323494144130497,0.0008623587687575471,-0.0029106734212199286,0.0010724718864122452,-0.0016870199711515258,0.0010642683589116154,0.028086074011861122,0.0012964804302535438
209,1600,409,False,True,0.0008799934645607233,0.003993833668201608,0.00022935980356659526,0.003993664746263784,0.004098282142243249,0.0039010095557244833,0.0012473229788914062,-0.0009159060383501578,0.0026279972342602423,-0.00015858166627680026,0.0026280659481128766,0.06885619202708149,0.002876689560809109
210,1600,410,False,True,0.0015217999594175316,0.004703174541792119,0.0002731276190141298,0.004703228423505439,0.005828886149925204,0.004715133788804196,0.0014498408210169011,-0.0036854384498548115,0.001666073001748476,-0.0028958142380704766,0.0016658500371635298,0.0036135066385025107,0.001844755335861703
211,1600,411,False,True,0.0010911504218557788,0.005827227025844979,0.00047360028643483583,0.005827153652592898,0.006820147315351034,0.005845878756464501,0.0013638708269511613,-0.000604627742227265,0.004588088062357549,0.0005321212642009238,0.004588112589858255,0.09283543499387026,0.00477145398141629
212,1600,412,False,True,0.003625529305784438,0.004210179051278779,0.00011432795029395989,0.00420903351383664,0.004720211096318559,0.004182267114517913,0.0012650647417727899,-0.004479497427424508,0.004057696830894582,-0.0008980221236551761,0.00405083690156074,0.061691111441887755,0.004249964135758649
213,1600,413,False,True,0.0001546770416445262,0.0048916582561266695,0.00021673752715016564,0.0068882940857785515,0.005805061820440794,0.004275017014128675,0.0005748636972975782,-0.0021177348940460065,0.002295526752681756,-0.002167271915752437,0.0014817010462283343,0.05221599460564274,0.0030928942116974084
214,1600,414,False,True,0.0011790741165621681,0.0043540900906923604,0.00038072112599473086,0.0043541469876003545,0.005292994609853537,0.0043772320125405615,0.001604165286140093,-0.004007684708843144,0.0009468905032600361,-0.0026765707963261704,0.0009466167018461569,0.06385339555420746,0.0011053282385506957
215,1600,415,False,True,0.007862818022245109,0.004803708001374432,0.0009480739390214714,0.00480838424227711,0.0053310467754532145,0.004806944936183919,0.001074418955725636,-0.0027570103955204595,0.003550732855323009,0.0019097337721057015,0.0035491429665708376,0.014275801232081236,0.003755193435934681
216,1600,416,False,True,0.0002329561333294684,0.004682614101892634,0.00015541338103854552,0.004682215990643332,0.005177268305725937,0.004682908107313996,0.0009046406322379648,-0.006456660176214993,-0.0018812621251707285,-0.005997449995808475,-0.0018813226415205974,0.07520252310350982,-0.00172572125905468
217,1600,417,False,True,0.009192364813565815,0.0059905656680777275,0.0014190445799919737,0.006142401851044814,0.006532305048424062,0.00580857408079225,0.0015979549336799831,0.002800298941338976,0.011148602808964405,0.008264699230097754,0.01106396106987427,0.0584293228651112,0.011652263662561363
218,1600,418,False,True,0.0065593811079328245,0.005314835348810083,0.00017210805839358668,0.005366353717993785,0.006289080183279871,0.0050277166395693825,0.0009996562786657546,-0.0009090092199263469,0.007618306856218098,0.003410064336366832,0.007595329952142915,0.03350576295191114,0.008170131811783068
219,1600,419,False,True,0.0012263867909798655,0.005276088648222011,0.00031420856128771375,0.005275103623490037,0.005927615946375826,0.005259015415732479,0.0007891024929501198,-0.0088695137292408,-0.0017171681226328239,-0.00771426008382168,-0.0017174274842646931,0.016521750215986425,-0.001560634644882028
220,1600,420,False,True,0.0020466706955536416,0.0056848584506817915,0.0008741454829282482,0.00569355420729756,0.005591090778312783,0.00545060572802249,0.0021228749293231864,-0.0016745125246103146,0.004810932827513028,-0.00030820174037629963,0.004804783484585133,0.043739397908129654,0.005127904664106148
221,1600,421,False,True,0.0017921672438627574,0.005452727165401687,0.0022597264958722045,0.0054715773036425434,0.006058522442795656,0.005157886040893086,0.0012164686253740898,-0.000723133587152853,0.005091903260405797,-5.80772444889105e-06,0.0050666890595107,0.044872255802966075,0.005470759650418322
222,1600,422,False,True,0.0025360925009883933,0.00642079557292333,0.0006856214330218809,0.006422074831769674,0.007226818005216687,0.006420970055335734,0.0027581509578623277,0.0010583132931390748,0.00963967555794092,0.0037211580945363445,0.009638992462054468,0.054689751088906856,0.009799060726272735
223,1600,423,False,True,0.004887080596007934,0.005460928320403496,0.0005037583232076551,0.00612456925521592,0.007148481753595923,0.005568950194625345,0.0007541780660372717,0.0015690902529665704,0.010219674699710754,0.005777996984446687,0.009530912581257526,0.047298579245820385,0.010380219637898244
224,1600,424,False,True,0.0014978137872874969,0.004492895253068629,0.00019945578754511527,0.004497547415480844,0.005153394447466632,0.004404937966249545,0.0005104817680585459,-0.0030362564829223134,0.003015410369462259,-0.0016234534760483526,0.0030145176910587068,0.09117008009050424,0.003240673483647566
225,1600,425,False,True,0.00192088533033087,0.0067596963442571245,0.00025846598783598585,0.007445447372937861,0.006106266026332083,0.005390022052642279,0.0015754432114798412,-0.009845929685241974,-0.002740895863309909,-0.008171520823132723,-0.0028797066120190527,0.027727330818405154,-0.0021585200545095884
226,1600,426,False,True,0.0014554778815425412,0.00512639770020909,0.0004007374204512837,0.005119109224219083,0.00538579477303451,0.005126552550802534,0.0010963118264909857,-0.012105479914779073,-0.0035254557214571846,-0.009949044064868027,-0.003525763769877219,0.06618239424558521,-0.0033706161672229923
227,1600,427,False,True,0.0022944675610815876,0.004793052649677906,0.0004769975616056976,0.0047935072326051355,0.005130996526242488,0.004497902832457077,0.0007882850740959055,-0.0035534775035871036,0.005070512307547261,-0.0015507681439917936,0.005070258990394052,0.04851414704562629,0.005463172701908964
228,1600,428,False,True,0.0036123990264597537,0.004893080632646484,0.002804015233152723,0.004895782803918154,0.005041732441352,0.0047827398339484635,0.003906207365681675,-0.005947938530418147,0.00915635209332443,-0.004704302877577702,0.00914319697498735,0.13036974181946362,0.009341546891239547
229,1600,429,False,True,0.0038400778151623637,0.0054330103551562155,0.0004000311223647873,0.005739578645103335,0.005639055951214868,0.005162030200153485,0.0018763328123437332,-0.0018986400593849243,0.005568998326681864,0.0018396297744337564,0.005379820891041511,0.05583680574511676,0.0059149046501307395
230,1600,430,False,True,0.0003614123535759152,0.006073650020099341,0.0005772929574383124,0.006092178312808454,0.005880147128787859,0.005919310587647697,0.0006711074357825873,-0.006354094306805804,-5.599319981039131e-05,-0.0062042914785419906,-5.988425776477513e-05,0.1305126777965031,0.00024677446063028907
231,1600,431,False,True,0.0016650401708517876,0.005439555170375801,0.00036476587583312897,0.005439192119208879,0.005723910762222352,0.005255188925607766,0.0029573641939583117,0.00012081111764612546,0.008381058345307082,0.0013004920573196168,0.008381345269896166,0.18382987315985475,0.008815486795654137
232,1600,432,False,True,0.002806762696366033,0.005566179172672028,0.0007081188159401079,0.005566550218716437,0.004888838341145488,0.004918472277614349,0.002014809144018994,-0.0012788480834562172,0.0048625094068500555,0.00013925476713214509,0.004862130222177879,0.08642993801792692,0.005627158222568637
233,1600,433,False,True,0.006019606135108515,0.004664288933865332,0.00025381389160221575,0.00466544822487378,0.005146525755717965,0.004649740855764528,0.0011382397247083598,-0.0076587671155731,0.00434829832489358,-0.0013604537864289538,0.0043445295018779365,0.09917874527767324,0.004510368376619708
234,1600,434,False,True,0.006827215346158778,0.005304086178152055,0.00013874380627079103,0.005318725829839432,0.005730027627345457,0.00509103707888658,0.0008821356223626967,-0.0014347288230186154,0.010468798382440437,0.004363222388445888,0.010462882447570881,0.1824213293560195,0.010763422689083813
235,1600,435,False,True,0.0017551326582552012,0.005049636821667563,0.0003698996459089359,0.00506655118588372,0.005771989368979159,0.0050581983952015085,0.002968041006243655,-0.0032894830019091622,0.0018077147629107237,-0.0018422372416453288,0.001894099839564305,0.06588370263439401,0.002036695119075449
236,1600,436,False,True,0.012638336142464277,0.006275069195246084,0.004065370790018644,0.00632418778693125,0.007000142782544055,0.006293504588646781,0.002007687619522837,-0.0022620020904583517,0.009093521638321889,0.003226467999961974,0.009070828342876319,0.03943091586298159,0.009256561941598934
237,1600,437,False,True,0.0008478838363222834,0.007014180439821985,0.0005138594437209357,0.0072295656771231755,0.005343042034106888,0.004515883095311456,0.0020216304149967704,-2.228242108425066e-05,0.005467292199761893,0.0002999777026658448,0.00538415104523537,0.10092899138605549,0.006476000834576737
238,1600,438,False,True,0.00670105546751475,0.004835617600937668,0.002175364199480136,0.004832289754528788,0.00551383003979531,0.0048689886753690015,0.0009327702375531135,0.0003280554858764566,0.008173992715441471,0.004398905587724663,0.008172687479057892,0.04200608953136735,0.00835641142286607
239,1600,439,False,True,0.0035428392591115155,0.006871139207474803,0.0023826754368298144,0.006871561105157265,0.007165103950771145,0.006597488701800988,0.0027523221325315445,0.003648910470306245,0.006380570379996833,0.004598225350841721,0.0063801735727861165,0.020816740880265635,0.0068096691660579495
240,1600,440,False,True,0.0023694796818438386,0.005241483503816234,0.0003440904938685445,0.005241054709879619,0.005993162395228593,0.005217641906741229,0.0018523839999399368,-0.0027658077757733426,0.007091817072930908,0.0008841059384348249,0.007091492322411366,0.23269985145708028,0.007295523047643027
241,1600,441,False,True,0.0002194543948655972,0.004257117158498674,0.0002564286619331113,0.00426608831133389,0.004953907605074036,0.004214547896201626,0.0007586464037607072,0.00027610703914722424,0.003310800110971055,0.00033645957166428877,0.003302594995763748,0.06783315052085634,0.0035517239254333477
242,1600,442,False,True,0.0058460970165927885,0.005538020219907474,0.0005127724276627909,0.005537211855477353,0.006036517129572289,0.005347133735506945,0.0018217813126642519,0.002878679053770538,0.010574856815268294,0.00609823266067126,0.01056259938293305,0.047366166095647255,0.010904307718017037
243,1600,443,False,True,0.007190902802534043,0.0049516107169815075,0.0002045780587941543,0.004887155490725247,0.005933176938189234,0.004958290777870563,0.00020241438540057516,-0.006227692540698326,0.004758413076632806,-0.0002639700215493254,0.004639129899996455,0.07550093197437226,0.004916638621701552
244,1600,444,False,True,0.0009654665796879793,0.005365376628045406,0.00033960715113281353,0.005361917710036197,0.005698312464232438,0.005366114176813286,0.00045614972729596004,-0.008229934474975883,-0.002920463506566602,-0.006840497631493612,-0.0029204360970394205,0.08311049533186791,-0.0027637222245334297
245,1600,445,False,True,0.0006974393964217383,0.005370183386797753,0.0003282273067706884,0.005369059288037374,0.006123668740904754,0.0053705355660428715,0.00281379998642476,-0.006844953262560073,-0.0020454032387899625,-0.006075924316705168,-0.002045334258465168,0.03017728683363899,-0.001888940615366444
246,1600,446,False,True,0.00250449640385419,0.005226898229109064,0.0008019922735386508,0.005226534105748854,0.005205527694807161,0.005006244036116199,0.0020725508006487576,-0.0011662605474255813,0.007424739400640039,0.00031813010891867775,0.007424640806522778,0.05451765308216139,0.007717605054251994
247,1600,447,False,True,0.0027612712692149277,0.005724443495051451,0.0008198135497879872,0.005738066349266854,0.006110873236431139,0.005348830773746266,0.0018394539577584533,0.007077540687106734,0.013769688027066601,0.008912962463595294,0.013755685773417134,0.043433132001531864,0.014224565887157328
248,1600,448,False,True,0.0054483077178597615,0.0058347512691112255,0.0004427305826352256,0.00693094794963606,0.006074536357091165,0.005640644554924269,0.0018806671794441468,0.002466605238701138,0.012594614142030416,0.007256960955609748,0.011440791941446555,0.04388737554053843,0.012906579336742788
249,1600,449,False,True,0.007197740483185726,0.006126221704378912,0.0008141924245800938,0.006126486556500634,0.0059806657130501775,0.006018046357004605,0.0016564466147827145,0.002927441639010179,0.014397320858038168,0.009704181209712445,0.014396760427986663,0.19490249886260996,0.0146142150404283
250,3200,400,False,True,0.0011323284768153035,0.004505763465572583,0.0003892923389660806,0.004506318684947009,0.005210812724761681,0.0045251022777992875,0.00029235152136921787,-0.002211831233425143,0.0031593961833499763,-0.00138070956275468,0.003157979125149293,0.027195064736065346,0.003256133821707488
251,3200,401,False,True,0.0015836469159064507,0.011235199443514145,0.0003701585793423407,0.011331939765165444,0.007166483138564775,0.005183648538478641,0.0007264045715057114,-0.003926029762935473,-0.0012893877324219184,-0.002763048265084567,-0.0013378604764813673,0.12869237471985617,0.0026252624193265905
252,3200,402,False,True,0.0022805841567091496,0.006055213342459639,0.0006410929703634517,0.006055203449987284,0.006306464872657759,0.005968166874576567,0.001412255387679004,-0.000724893018821469,0.007904875240452256,0.0016962418572595628,0.007904793859874939,0.13505871593001076,0.00801782209009369
253,3200,403,False,True,0.0006337393848142077,0.005425314437884432,0.000595206318097923,0.0054249685130370665,0.0055568831610633964,0.005341448297887488,0.0008316456232249543,0.0004012837344995446,0.007804242810106157,0.0011982936674878421,0.007804269591573672,0.11727108264778437,0.00790721454565492
254,3200,404,False,True,0.004893750953597022,0.004929541120563372,0.0003108237350470004,,,0.004908932345604134,0.0005206599187900591,0.007222051027255173,0.007211353896823383,0.0010839188144384064,,,0.007335608755955278
255,3200,405,False,True,0.00015863387910730476,0.005067645007269036,0.00025108501525519447,0.005066617800774958,0.00518201872067947,0.004951245714637339,0.0004254402975057697,0.0016118723197151128,0.0056281216750850935,0.0017129247424690797,0.0056295354563456,0.09965744829093369,0.005877964758029347
256,3200,406,False,True,0.006457878411218828,0.004656348431468234,0.0007920384822803944,0.004656324865504785,0.005244142868788242,0.004634381431564076,0.00041648539113761857,-5.06939891693356e-06,0.010828796740014716,0.0037511767589237027,0.010828520027853212,0.16007787435560672,0.010929634337786029
257,3200,407,False,True,0.0019918045508352327,0.0055855151501863765,0.00034018495709794814,0.0061872454147568175,0.006494365101625778,0.005134096888324394,0.0004314868238287571,0.0005928037798922568,0.008544768326174044,0.0025905323596208843,0.00816691364348312,0.03297862952005488,0.009276591527153544
258,3200,408,False,True,0.001366693137394709,0.00460643031269326,0.00019499435167968332,0.005216218178770337,0.0054598977915870164,0.00450805659660034,0.00032308629553137974,0.000771540722351296,0.005790487897786871,0.0018983911567808742,0.005442603162546238,0.03550794433917936,0.005967124544800265
259,3200,409,False,True,0.0025710110445441104,0.005078947031198841,0.0007952541159531991,,,0.005004453903123596,0.0014596618815326705,-0.0032451848928547154,0.0027878152706712813,-0.0009830056236595525,,,0.0030090509882133992
260,3200,410,False,True,0.00017398346909733696,0.004550287543720484,0.00015815064048131308,0.004604380800889704,0.005147787734710407,0.004556067068860513,0.0002416068886219073,-0.005050846132800287,0.00027509316598607115,-0.004551566262072119,0.0002233976469529253,0.1029423592957492,0.000353433366439837
261,3200,411,False,True,0.00025143362354722364,0.006774078160206895,0.0006521497425407121,0.006774499587308601,0.00732581804088359,0.0067749346259289535,0.00031857363078937245,-0.005823646342389085,0.0014721018889860815,-0.005327595248522547,0.001472113925861933,0.07403983537746602,0.0015517078691006936
262,3200,412,False,True,0.0021317186738624857,0.0053754232735002076,0.0017462475522698213,0.005542222905345522,0.006041445872396847,0.0054004203733770415,0.0011947329263802368,-0.005259584824157817,0.0016665500265096612,-0.00401253829127556,0.0015753711674384085,0.06992092739801717,0.0017721471949987688
263,3200,413,False,True,0.003605117307730412,0.006682300092497904,0.0010726273544160172,0.006674328194223684,0.0070576981815482056,0.0065336352891679815,0.0009080239102617731,0.0029709659991205618,0.014399634884963658,0.005865702853589469,0.014399472112190762,0.25056996296534334,0.014630360992606159
264,3200,414,False,True,0.0011082942554847377,0.005058780798534046,0.00026053409550927994,0.005112098656415328,0.0054174610936781695,0.004754049049403449,0.0005163893940587198,-0.0016863271182956585,0.0026560198437507766,-0.0006520179609981403,0.002573603590639451,0.04413294688349776,0.0029852868772546337
265,3200,415,False,True,0.0007957996233513423,0.0050054045277273616,0.00175175267269106,0.004995006088429562,0.005592496188881624,0.005005986247297114,0.0010091448720822376,-0.0033862363343844693,-0.0007169467083236292,-0.003376930195996247,-0.0007189451572397232,0.09631550124882704,-0.0006393355232111736
266,3200,416,False,True,0.006029139500254743,0.005223768176824222,0.0002048393246872351,0.005250557172368474,0.005765803053520126,0.005221688820368265,0.0005643075634365533,-0.006484946306683515,0.002257846289317147,-0.001982802900153422,0.0022494342009394684,0.049200943065640976,0.00236647215824215
267,3200,417,False,True,0.0007707757469571385,0.007269817632194531,0.00045450795670808736,0.00727511036931108,0.0075847760601933135,0.007128137435596133,0.00038418849894903805,-0.007768066056222845,0.0004204236896131164,-0.007551663201319946,0.0004179330541004589,0.14814279247406456,0.0007042997285981456
268,3200,418,False,True,0.0022585577796615363,0.006141994668409928,0.0003720718434898408,0.006946191388986128,0.006766274130194056,0.0055641332330405935,0.0014456334735178616,-0.0006737613995338969,0.006230970924884005,0.001532980966397286,0.0060409003530388005,0.09821768997980776,0.006814700976651128
269,3200,419,False,True,0.00025855920480382223,0.004423951837421042,0.00020631673844637987,0.004423898164234664,0.0049068955037227715,0.004418277758873354,0.00024349507699952003,-0.0015820442014196701,0.0025624610517862045,-0.001006105200132622,0.0025621227740993823,0.022548428949891123,0.002655482121458677
270,3200,420,False,True,0.0023583587679009347,0.006341568144491723,0.0008216705296751494,0.006351802167073024,0.007743716425030145,0.006378106798346068,0.0006753699276100635,-0.0008339469218673636,0.004770916192431791,0.000768125427001897,0.0047624997147481096,0.0334962677854687,0.004957323469471003
271,3200,421,False,True,0.0006166478357667031,0.005634144765045113,0.0004796452413574425,0.005638459963089894,0.006633808119975591,0.005646926169937686,0.0021184856818093267,-0.0021984566933382966,0.0025156633929811,-0.0016803502006536382,0.00250960649242737,0.07688482089317362,0.002612798157352769
272,3200,422,False,True,0.0023498517254846203,0.005696224745365717,0.0003177472353608292,,,0.005159328908641765,0.0015849029646823613,0.0019332942704760822,0.008711288316248905,0.0037936106860131415,,,0.009144779533679995
273,3200,423,False,True,0.0007257478111016097,0.006670151434862749,0.0005946993763489524,0.006702834013446663,0.007509372323345128,0.0066917910656304055,0.0008412159014433227,-0.0057580391351954455,0.005018119123676215,-0.0047794292251230695,0.00502250027396105,0.26579964909458925,0.0051013527158057514
274,3200,424,False,True,0.0027909009922250645,0.005123153713307519,0.00024181232328971463,0.005025291970736511,0.005267587853254775,0.0047392384841763065,0.00024516808065341714,0.00011478444991109366,0.007347841582120473,0.0029690508382440753,0.007364063361017212,0.2143285653353584,0.0076657402772662975
275,3200,425,False,True,0.00193452230377909,0.006216325892138922,0.00042971983198815346,0.006217010042023343,0.005483783857199584,0.004898830328646158,0.0006356667718433809,-0.002274544363544931,0.0023241515729170814,-0.0010731558147557651,0.002323841524332959,0.055538958228378024,0.0029309036778982084
276,3200,426,False,True,0.0008491521672246844,0.005156018798678926,0.0003061552359347407,0.005170885476311638,0.005255071189851735,0.004979487542693815,0.0015362255578757577,-0.0017507796635498223,0.004181137291073007,-2.848484082896452e-05,0.004177979625590673,0.05693657769911555,0.004394543361098444
277,3200,427,False,True,0.0007421086349256672,0.011418710912380144,0.0006577582597179789,0.011420679302907234,0.011940233757326932,0.011410622456990394,0.024813910982704884,-0.003231878518475856,0.012782558815994546,-0.00323433526086028,0.012792617630219515,0.3510343296436145,0.0128771837722845
278,3200,428,False,True,0.0007053774214794045,0.004283411633645717,0.00022879018483950116,0.004282191922208402,0.004784137101369765,0.0043185780410020195,0.0006917468835959467,-0.006637886389338705,-0.0033263484393144973,-0.00634179620953748,-0.0033246151928890376,0.05927918384281941,-0.003240232430008441
279,3200,429,False,True,0.004291341487628476,0.004650699925244461,0.0003549829509721188,0.004650653689468274,0.005291067080261033,0.0046490293572824404,0.0006741061842637975,-0.0035603186729878523,0.007071005096487468,0.0006122722247937629,0.007071050002454431,0.13047851685160594,0.007167285261084372
280,3200,430,False,True,0.0007010289170168967,0.00435871617810571,0.0001571181260754862,0.004358581938803141,0.004871521172629067,0.004355831956268159,0.0009434983852652873,-0.00040880893974863306,0.004007906441832922,0.00011276146622287598,0.004007432500271246,0.061765406961793855,0.004092746782669757
281,3200,431,False,True,0.0040731143298346085,0.005265752819470527,0.0005923869638117027,0.007795169729312819,0.005882927360842472,0.0051563410290487435,0.0010235502318431376,0.00046283978858215974,0.010959606929257895,0.004053121489094019,0.009646875430766252,0.14263260010373785,0.011192029209905169
282,3200,432,False,True,0.0014355214296330743,0.005025325335754373,0.0004694699839277744,0.005029217025566881,0.0057704317728940364,0.004998475817984346,0.0015310519665574264,-0.004446971444082712,-0.0005292360912892846,-0.003455701770323923,-0.0005361972814394633,0.09707926658171565,-0.00038826443616232775
283,3200,433,False,True,0.007875045542518826,0.010802005292054152,0.0006291514758117235,0.01067599618198464,0.011052262493192933,0.005326706764925834,0.0016539980819402819,-0.0024035396264802888,0.006337682574736174,0.005190252304785377,0.00621673247055016,0.2104591812013708,0.013375558127665318
284,3200,434,False,True,0.0015009914329698526,0.004883359784040075,0.0003811926675926574,0.004878275280368958,0.005563370887215804,0.004898114800445444,0.00034214789676691285,-0.00281121913718271,0.0022354537983505195,-0.0011113567599648536,0.0022328584256298355,0.0734696925293966,0.0023232763011619972
285,3200,435,False,True,0.0005311006734235184,0.005647721030562241,0.000419478887748229,,,0.0056325668186209,0.001046476268864499,-0.0010127144058266102,0.007186561075492559,0.000372763669818742,,,0.00727485144116799
286,3200,436,False,True,0.0006333813872657436,0.005641540036044062,0.00046585987729439365,0.0057915970082880784,0.006414435667227156,0.005597988016444135,0.0006521162325956742,0.0014137897239284761,0.007854832474616292,0.002582048934187358,0.007695232294532382,0.07786109674212062,0.00797621536555436
287,3200,437,False,True,0.0018581908114918275,0.005472004798317178,0.00031573997780005067,0.005471746689186773,0.005924180381535328,0.00521235885152284,0.0008669308683328311,-0.000884195849832764,0.007660067050558368,0.0011164043863527708,0.007661129568235197,0.1660680212871268,0.008104565941107353
288,3200,438,False,True,0.004824130930595868,0.00482435912215429,8.165485906711259e-05,0.004824256915158892,0.005600796917405958,0.004831508768083856,0.0006287998246552325,0.00478458021189289,0.004784789007530179,0.0004985665331804608,0.004784332483514291,0.019737404764989145,0.0048669479389355785
289,3200,439,False,True,0.0002932418142987628,0.004522117465509431,0.0001703897308250556,0.004551316668453894,0.00518789437913881,0.004512237457764286,0.0010222917855501536,-0.001548083301486937,0.0025370234745127184,-0.0012511151945543554,0.0025203328721639376,0.0705829345240751,0.0026219364159125735
290,3200,440,False,True,0.0050959912472150655,0.00761393459273904,0.0008134244764625644,0.007603226439746183,0.008011270046532936,0.006634459555443355,0.0007300527098523946,-0.004116906524209542,0.0029134956816145243,-0.000406925800374186,0.002898454901701193,0.07996150653787167,0.0037944405212193832
291,3200,441,False,True,0.0007402229895999152,0.005429057572379948,0.00028416608835073187,0.005428370113268491,0.005859737591530318,0.0049465175234350975,0.000667571659909994,-0.00321816992194624,0.0013210837598444413,-0.002701079708869902,0.001320761097335641,0.018006264373457963,0.0017384380892303403
292,3200,442,False,True,0.00173811912285499,0.0062218010142783605,0.0006241575323063773,0.006221641787715072,0.007077361154637231,0.006222446297557432,0.0008986653523221685,-0.005477641529536851,0.0009105421450525775,-0.0032556327213372218,0.0009106625474911923,0.12806885082418118,0.0009891862165856136
293,3200,443,False,True,0.0007895855057469937,0.00492777382608817,0.0002837171175746048,0.004926180158407996,0.005688542639358878,0.004930208236583307,0.0006502784908910201,-0.0008652769972193136,0.006234428110930832,0.000325752762193417,0.006234369843957257,0.1389830251925282,0.006387552485680209
294,3200,444,False,True,0.0010607866787126232,0.005109106227064054,0.0002958418770089268,0.005109515968140811,0.005852029933354564,0.005109577496836286,0.0006143696923067841,-0.005149192907396566,0.0011852649441237873,-0.0032982976663888932,0.0011850579331017387,0.12284651011512525,0.0012633011699412777
295,3200,445,False,True,0.005285000400681892,0.005748759196494701,0.0002962193849025966,0.005729935596904584,0.0062080058175927166,0.005752224659691156,0.0009390658188200773,-0.006856542850593937,0.004404902850390436,-0.002119091612828577,0.0043978350745190655,0.10506501794073148,0.004484610480846557
296,3200,446,False,True,0.0012675225043110897,0.004876749484027938,0.00029593596840918546,0.004876869955353155,0.005388171531221049,0.004845772669370043,0.0005252780505673824,-0.0026145731423467327,0.002528308497625975,-0.000761736039499447,0.002528140243271455,0.07712570335018758,0.002657496110374913
297,3200,447,False,True,0.0014787862841762081,0.005427044311462313,0.0001931457187170159,0.005432188214086877,0.006413144412301159,0.005332432350780248,0.0016629692608677016,-0.0012680799019521066,0.00549743130404968,-0.00025696899242659386,0.005490655543873171,0.0578075379424485,0.005696388568159197
298,3200,448,False,True,0.00012678744818395295,0.005367136802857985,0.00048098185091805727,0.005366744802721408,0.005591999279420948,0.005355288282789927,0.0008299845937925745,-0.004473121316310343,0.0008707536566758556,-0.004448904052725883,0.0008632039381615364,0.0668670781491094,0.000966237930755981
299,3200,449,False,True,0.0006800171159684417,0.00503185000615988,0.0002328386751308977,0.0050331147248363906,0.005568517451029335,0.0050350821829760065,0.0002128390499620012,-0.0047953533754093005,0.0008543294268090484,-0.0037129452569047783,0.000854346726154489,0.08918115792698628,0.0009332309813212536
300,6400,400,False,True,0.00035224977846328923,0.004722950275339556,0.00024432663113085825,,,0.0047205837026176554,0.0005165075906422818,-0.002638535847228808,0.003667055914705788,-0.0019009632453165024,,,0.0037502858009819673
301,6400,401,False,True,0.00029382437939915915,0.004762954505043391,0.00021553375743927093,0.005378145169087568,0.005877494027509586,0.00475948419140388,0.0003381325262342441,-9.358547644220214e-05,0.0040757296251106466,9.13186159107321e-07,0.0036316556756482397,0.018873605818549865,0.004140236498850758
302,6400,402,False,True,0.0022649862054704363,0.005073496182844126,0.000311667205676841,,,0.005066756730410887,0.000520125409670903,0.0025206463934254854,0.009222045188566206,0.004911688987735986,,,0.009333769925400096
303,6400,403,False,True,0.00021276156505064216,0.00499128295535351,0.00019942830121847876,0.0052810178737891286,0.005423458149274185,0.004614837856899794,0.00020758217468011455,-0.00303774949886145,0.0021934305163707713,-0.0026819305244019497,0.0021092388584945353,0.04187108683837089,0.0024840942435063323
304,6400,404,False,True,0.0022760383061188076,0.0052869214099315175,0.0023160187653310663,,,0.005307526689167226,0.0009603696982005202,-0.0011682600892720866,0.0050025155325324104,-0.0007925845464214903,,,0.005049411479100818
305,6400,405,False,True,0.0005507618730822331,0.005246245423368429,0.0002186292890236943,,,0.005228772986124798,0.001253430940524648,-0.0015297107270266458,0.003445412351125814,-0.0011942621914371426,,,0.003532657888743379
306,6400,406,False,True,0.0015984072837089511,0.0058797272621263375,0.00019344294474631552,,,0.00583697435616111,0.0017303936890218177,-0.0036161807394589946,0.004310128816093872,-0.0023094518040895125,,,0.0043843882404668855
307,6400,407,False,True,0.0005047124920362092,0.00508659035379054,0.0001882367936297351,0.005073270166268753,0.006030412330420124,0.005108904215352674,0.00019597053877688173,-0.0033812412060229423,0.002548752731481123,-0.0022495360385510637,0.002541381485591394,0.06992205265612714,0.002593461881865586
308,6400,408,False,True,0.0004917156528431212,0.004971653842813301,0.0003970998856936105,0.0049695748249156775,0.005261180705204384,0.004953832791421837,0.00040508382854235965,-0.0008219103251407179,0.0024388474977860854,-0.0006039261552316745,0.0024272369272234683,0.024715721072160496,0.002491095117768863
309,6400,409,False,True,0.0036213845722885816,0.00571950583982072,0.00030996667658484095,0.005722188359151044,0.0061173426258242115,0.00570100775016081,0.0012043011153250352,-0.00201271714025273,0.007865837990226847,0.0012034787441448454,0.007860760076290082,0.16045495515807556,0.007911630551636906
310,6400,410,False,True,0.002191806688250722,0.005502811019929357,0.0003078778439639216,0.005502772964250478,0.006071756866839115,0.005508942419658453,0.00030215320203421314,-0.001115759887951201,0.0060144718341487826,0.001246412390993774,0.006014225189981364,0.06133446718744169,0.0060684353587580064
311,6400,411,False,True,0.0012749831850874637,0.005136659375234074,0.0004226416926259214,,,0.0051516739234514376,0.0005417328936391632,0.0022744169875103014,0.006559274613955601,0.0030674303275498825,,,0.006643531570823549
312,6400,412,False,True,0.000789314646625778,0.005628506169289399,0.00041814302989236153,0.005628382019410832,0.005613648681861019,0.005479150020151629,0.0006601129601494813,0.0008569879013922835,0.008209396531510258,0.0011042739121241716,0.008201935308811095,0.17561637805882924,0.008318968199325219
313,6400,413,False,True,0.00030451708262917404,0.005193184059482162,0.0002581617467914471,0.005193143222447435,0.005678559648081094,0.0051803845740336606,0.0003707130298868684,-0.000171770922553752,0.004834524158570481,0.0004221351541072543,0.0048343511522728555,0.11847644358567917,0.0049589632450060955
314,6400,414,False,True,0.0012197272807788196,0.005246138110012097,0.00031134268953823065,0.005246106067596977,0.00613767653039377,0.005262359958342138,0.0015201037549884056,0.0014505939740609955,0.007769065219849783,0.0028550234400781726,0.0077688257621583824,0.10149642965345487,0.007826032914316591
315,6400,415,False,True,0.0005393932852465615,0.005778192016139748,0.0005157743209015848,0.005781349571020295,0.006678454697448437,0.005715261547583275,0.0004414423977439345,-0.0012771043755307177,0.0038119960162977407,-0.0005556099266752015,0.003804996362273165,0.07786821360883764,0.003976171968738132
316,6400,416,False,True,0.0005444105463755907,0.005166120561595471,0.0003517956610376453,0.0054280861027141145,0.005944883942508221,0.005151932300854661,0.0003148152109305291,0.0018850729198693638,0.007195025600222085,0.0024176788660932543,0.006970104789203795,0.08408843674814113,0.007255545259383475
317,6400,417,False,True,0.0017776990609929908,0.006680305640303515,0.0008801852752751407,,,0.0062691495801984395,0.0007869170895246063,0.00201574428356083,0.008494889118153494,0.0034759463005500702,,,0.008765317102210263
318,6400,418,False,True,0.0015415181626979185,0.005037043652372506,0.0003259431261327022,0.005406443487097091,0.0051662354796949365,0.004946812650959986,0.0006250348479900484,0.0004222018120809147,0.00562431437449062,0.0014730225190484805,0.0053783183719995796,0.0320317424821801,0.005691045788187021
319,6400,419,False,True,0.0018598611333044638,0.0051685973291759855,0.0002815413211448814,,,0.005150613642621517,0.00022841716375159517,0.0007166115873610714,0.006709155682823287,0.0019732793888800775,,,0.006798028078260798
320,6400,420,False,True,0.0004497915849459072,0.004957414495199875,0.0003433005361849872,0.004979429996542945,0.005529899948367346,0.004924115615652736,0.0003213050386333555,0.00031894457024731144,0.006698225595600444,0.0007098692856707978,0.0066815007832469854,0.07159995253299092,0.006766002155905337
321,6400,421,False,True,0.0013143079771478214,0.005582649898282413,0.0055437813214646295,0.005587865975675398,0.006567084291714768,0.005534668741206451,0.0008009120524486687,-0.0021863283984722487,0.006075673859847442,0.0062555994783311765,0.006070291806656929,0.22238219593141623,0.006198180391707386
322,6400,422,False,True,0.0011267981120142599,0.004809490339439943,0.00025606824193566625,0.004830107210876061,0.005363165048106,0.00480234860971604,0.0003389751456641799,0.002403929626404861,0.008259511020552602,0.003634615266400579,0.008243560221829186,0.07757961368423621,0.008311572863887673
323,6400,423,False,True,0.0004255336999669343,0.004935736469416154,0.0002344170752673565,0.004942656840534483,0.005802286451859654,0.004916927118989333,0.0002536649085931103,-0.0022930936286824043,0.003991719885592833,-0.0014017590299543036,0.0039910214436132034,0.058495960963868644,0.004055052592074768
324,6400,424,False,True,0.0009423991079725202,0.005108676898713048,0.00026998111198620045,0.005108498244469422,0.005743581130194958,0.005108976035028568,0.0005979634400310352,-0.006335697558783631,-0.0005832047908912586,-0.004737638432687467,-0.0005832123277537349,0.14579371695413165,-0.0005448113161934109
325,6400,425,False,True,0.0010779294354440736,0.004877996188275318,0.00022144644956461772,,,0.004873686919120289,0.001176176450897214,-0.0021817126981826715,0.0047129248984922436,-0.0006276957286219367,,,0.004752450486580115
326,6400,426,False,True,0.002263562960779769,0.004880787298987977,0.0015773893528493782,0.0048802859899506525,0.005436072981756694,0.0048693999685756745,0.000501407504597457,-0.0009450808264957924,0.006635491484962479,0.00015991931723200904,0.006627063705101719,0.049424021793933834,0.006674659951749262
327,6400,427,False,True,0.00551030509340294,0.005517288572975374,0.00030540429440483954,0.005526292807583238,0.006446559994069535,0.005499087660973619,0.0002761585114241118,0.001745707621068945,0.0017460447783303225,-0.003999760690968948,0.001746003255482158,0.0835754027572757,0.0017830613352685376
328,6400,428,False,True,0.0006243281604416144,0.00548117668684361,0.0003267944433595778,0.0057096254843098946,0.006273714781338316,0.005451708973335213,0.00033840413502500056,0.0006176705094684472,0.006511282436670598,0.0013663203629738422,0.006302184573566106,0.046546325815892436,0.00656451046744691
329,6400,429,False,True,0.0019137057115648517,0.006149804399907619,0.0005148846579507349,0.0061365432621970665,0.006660071294230146,0.005433469459515422,0.0006585673173521899,-0.0035341127947935203,0.0026230403281639883,-0.002753237938291262,0.002580329943288895,0.06172783020738425,0.003034907626022293
330,6400,430,False,True,0.0008125814631096997,0.005183637075513991,0.00032067021714399203,0.0051877948075383104,0.006240022812949094,0.005193033774772136,0.00135291105653803,-0.0028472208595929295,0.0025587665496945534,-0.002122805453084617,0.002559391427786455,0.04545420638525261,0.0026074393787036687
331,6400,431,False,True,0.0007525702830231124,0.005713374590295112,0.0005263436314638783,0.00571350109577663,0.005680679028816648,0.005583473866594069,0.0018259981537807704,0.0008874899949415463,0.006651361498806185,0.001238600458996213,0.006651063402160933,0.05371983117141195,0.006745226629040771
332,6400,432,False,True,0.003274946499867555,0.005105811528945345,0.00035761327650146946,,,0.005053385773817239,0.0005592025457609588,0.003907265905150813,0.011283036224191498,0.006607466967578357,,,0.011355666466109027
333,6400,433,False,True,0.0007360886080583861,0.004989075988389973,0.00024020284244994375,,,0.004987041377749347,0.0003041135442900628,-0.0029073925105080846,0.002839248326217607,-0.0018891130296153625,,,0.002885676329131545
334,6400,434,False,True,7.816235705592416e-05,0.004670562634660788,0.00023602828213726196,,,0.00466184044935973,0.0003333528857570921,0.00014046771509056589,0.004094963779514114,0.0003356424897198769,,,0.004153070311742918
335,6400,435,False,True,8.394588702745313e-05,0.004587885622136815,0.0002213822027689119,,,0.004594120678496762,0.0003686362650268309,0.0009213364730495907,0.006312545470825662,0.0012278943315444265,,,0.006362285962617814
336,6400,436,False,True,0.00025768441032211244,0.005166929905947089,0.0003452889209084575,0.005165781029234751,0.0056666241479326925,0.005178827976609993,0.0005185487769315243,-0.0013624675147649629,0.00242057535274153,-0.0013016547819403074,0.0024211760778609383,0.0944102102125789,0.002501351537732621
337,6400,437,False,True,0.0003145720540107489,0.00493806083458671,0.0005014821868783569,0.004923577063002042,0.005340009249341476,0.004944661845821099,0.001775076213185775,-0.002607661674086192,0.002307366794657604,-0.0021391836560316533,0.002295597050794278,0.10072194619477476,0.002351063011861748
338,6400,438,False,True,0.0009893432412621276,0.005029602147867051,0.0002441500827020815,0.0050549153143050595,0.005396257860174164,0.004819504803940192,0.0010976404501786352,0.0011812048524421867,0.00613555555631244,0.0020742187617691387,0.006123834312383601,0.07442205477717045,0.006413328751411276
339,6400,439,False,True,0.0016917074136608293,0.004538734541815673,0.00022116100001321438,0.005555413656210527,0.005615431667601269,0.004533591950208549,0.0003661981259389192,-0.004272437461150356,0.0027804825786440367,-0.0025929818813574222,0.002020882708763736,0.12281721060728973,0.002937141237779245
340,6400,440,False,True,0.00019800115641699787,0.005212499048984073,0.00023779636116766527,0.005819525008822287,0.0060824490650480175,0.005218248698684496,0.00021407215765306573,-0.0030979834301361887,0.00241746363913542,-0.0028231449136939596,0.001984078736478878,0.06123666209371045,0.0024572882182098132
341,6400,441,False,True,0.0031082883852411895,0.011357513821042511,0.0007344493674410637,0.005961145025968274,0.00714005090453302,0.0059568691233325,0.001485264522189061,-0.0024098069261202885,0.003684078352696787,0.001543435544375687,0.010248186319766681,0.30460506339028426,0.01035736575835676
342,6400,442,False,True,0.002370409067046958,0.00606865983400096,0.00044110950458562656,0.006074459866704383,0.006822584987143546,0.00603935655199656,0.0008968282344030716,-0.00037688228798731877,0.008518475321773558,0.0023811300300224506,0.008513277483246854,0.13004771155943476,0.008583494393784849
343,6400,443,False,True,0.0038826505784365565,0.00508916191557488,0.0002869605738589554,0.005088867789721887,0.0057746866623879555,0.0050853122043833625,0.0008798764869905572,-4.874667343368902e-05,0.007693399158673895,0.00305531694965353,0.0076932456119752505,0.0555680165385823,0.007742798887101401
344,6400,444,False,True,0.0002769907167685558,0.004800300981307031,0.00021493663325018904,0.004800311134977785,0.005501630662439781,0.004792801990706961,0.0002909022920974009,-0.00029800558604082845,0.004314172885282019,-0.00014128034409596418,0.004313847422904686,0.05871373125190079,0.004379241566086836
345,6400,445,False,True,0.00017195927344663853,0.0052918326599469875,0.00035773615813070215,0.005292050594232464,0.005946537831247989,0.005303812586978779,0.0012716086559159314,0.0018618969597891139,0.005964156600051034,0.002124990661556509,0.005963953908588024,0.09774322550355351,0.006007888113632551
346,6400,446,False,True,0.0011994760051172945,0.004971269044958303,0.0002560418541154251,0.005155833186658843,0.005433900874352216,0.004878907949723983,0.0014184954830894644,-0.0001403717974563999,0.005908809565914623,0.0008988765983626183,0.005800744308076418,0.04342824195706594,0.006014487067238686
347,6400,447,False,True,0.0001951283530357778,0.004653648637616139,0.00030376717188668564,0.004726419641108254,0.005103436279011351,0.004623431977207579,0.0003685477483483247,-0.0012153515234533169,0.004362269842906521,-0.0011643311510031072,0.0042817303617331956,0.0751831093742253,0.004404555103802249
348,6400,448,False,True,0.00015552160836644526,0.005302092445192941,0.00012253535149950017,0.00536343677463172,0.00598273091891331,0.0053190407322419135,0.0002192039872598668,-0.002075552773616221,0.0024939271020448218,-0.0019163102460611173,0.002510686930276407,0.10227564610251808,0.0025396731713682036
349,6400,449,False,True,0.00017253515750222955,0.005235641430908366,0.00029246578803972115,0.005217791931276651,0.005926072298248704,0.005245124909113303,0.0003107843685898125,-0.004504587356556522,0.0005219375306475271,-0.0038624915304314297,0.0005185089342369232,0.08384868935611635,0.0005617110512993323
