,n,m,use_location,use_scale,MSE_wellspec,MSE_misspec,MSE_surels,MSE_NPMLEinit,MSE_NPMLE,MSE_thetaG,MSE_EBCF,SURE_wellspec,SURE_misspec,SURE_surels,SURE_NPMLEinit,SURE_NPMLE,SURE_thetaG
0,100,150,False,True,0.006174277101433582,0.009811981204681625,0.004455911453162796,0.00981234362849774,0.007663828163698807,0.009812055016105827,0.008154122351476863,-0.04959464641922515,-0.04463527139438203,-0.04766893574918672,-0.04463584121904313,0.008663911864549617,-0.04216509090128341
1,100,151,False,True,0.028261676709945793,0.010766959877934286,0.0037557919178217384,0.010768282573094557,0.0073709037267837155,0.004732044484128967,0.0133349647579932,-0.02142340394570413,0.01323364511095967,0.00365464628376781,0.01323301231436293,0.04824805359743719,0.018456578821747532
2,100,152,False,True,0.005573987421526412,0.006590399435649118,0.0008515674755941537,0.006590459477900002,0.007601150525259634,0.006590283363405196,0.004021522932034853,-0.03167564985638844,-0.023543506208810162,-0.026784183348316705,-0.023544073251186983,0.0074872287876137375,-0.020776060902342325
3,100,153,False,True,0.05482479925693893,0.01146033925035527,0.03736542288143798,0.011470491546376976,0.005489736592127474,0.007163346680309292,0.0453377708055269,-0.010700757617926455,0.028605409045927406,-0.000947785194518691,0.028605014474846924,0.04290154202584409,0.03260708909187052
4,100,154,False,True,0.05018928074668527,0.0029943518713665797,0.008035615123272052,0.002993177158859679,0.0032233520136611448,0.003055570563285047,0.015703739984424477,-0.031454564694821635,0.007819973004582082,0.006509558240117637,0.007819794784290757,0.039798260260599,0.01003405559052295
5,100,155,False,True,0.021557885252122655,0.003988468055539597,0.0004883987216010494,0.0039898221377672755,0.0044881453188707655,0.003988452361649334,0.006103191883881977,-0.02327633434110487,-0.00019331162884510535,-0.0021101549857941355,-0.00019362844250254697,-0.00011415228134138644,0.0023303818814539162
6,100,156,False,True,0.06242501581057568,0.03819635671398667,0.04017080987059268,0.03822228035315544,0.006760736641119884,0.008377632133920157,0.01681735624934689,-0.02597904868823738,0.021861441358868205,-0.01565368453572238,0.021860012072293548,0.06675921745668244,0.03117033777036407
7,100,157,False,True,0.006290480911837419,0.0037805255888596345,0.001683632258312806,0.0037796365918267034,0.0029180396619578985,0.003780518002003792,0.008248583257910133,-0.013890212804031346,-0.006139073136793449,-0.008272791745478618,-0.006138489884346488,0.02648242722534885,-0.0038441065128978907
8,100,158,False,True,0.0030464055093747224,0.0031520674814591886,0.0003633663770640966,0.003152246155917726,0.004027218412389668,0.0031521106124560083,0.00415519776117304,-0.009830097410850917,-0.0037821880394478136,-0.006344780449778815,-0.0037824791389461333,0.0850759719666091,-0.0013118766995757203
9,100,159,False,True,0.00430554498740753,0.00501101577433347,0.0024748411030379174,0.005010988066097434,0.005097019394369541,0.005010974098137767,0.005131061100523157,-0.022907155482279888,-0.02215370443018859,-0.022710816149396722,-0.022154125238363437,-0.015330695322742222,-0.01945134684260215
10,100,160,False,True,0.017052708180376255,0.005312956374830868,0.0011158742019563182,0.036265961346021974,0.02113717881681327,0.005312986693957087,0.0030229058161402736,-0.01933241178796371,0.00026054625765349116,-0.0037276014095685584,-0.026420490426908378,0.14805443801109067,0.002752008736318118
11,100,161,False,True,0.05130809812657605,0.009338983968693681,0.009457050198228347,0.011951731443340295,0.008837074716541776,0.007988850882980117,0.02113918504895316,-0.044106342927625636,0.019029896666167615,-0.0052539305683375745,0.017433884112781826,0.06925812314130203,0.022111787083149065
12,100,162,False,True,0.011209112845632738,0.007399588767315612,0.006450394143311992,0.007399531498497036,0.009281071981982063,0.007399704774973647,0.010036164434452443,-0.025883070857624882,-0.01903817934184463,-0.01912793455930483,-0.019037532896749348,0.0005793956530961886,-0.016538590662662084
13,100,163,False,True,0.05423400912959241,0.02333325302457477,0.006118242994261886,0.02350839641583372,0.01116095846206413,0.0076899822688265415,0.015606494991749556,-0.04469690656558692,-0.0024577513799807706,-0.00976184036155247,-0.002475232332202033,0.0634045088623933,0.00806813512364496
14,100,164,False,True,0.01484952278154097,0.00774048150239814,0.008829982875731017,0.0077402922376102,0.008136910314785096,0.0077404602759134356,0.011106054946472247,-0.01646593181237905,-0.007123526789825423,-0.0071308805899504835,-0.007124022350963202,-0.007091629050290394,-0.004360701082836677
15,100,165,False,True,0.03206787050315151,0.010185999703436498,0.008293071552806468,0.010183291885211575,0.00464318565798607,0.0026877857944738177,0.022852772458500904,-0.02054976224559219,0.009985876606188685,-0.002892290792785719,0.009984332083657552,0.05122961060986228,0.017721456900045993
16,100,166,False,True,0.015979850068682754,0.005096005275452624,0.0032783707746630204,0.005096373593283219,0.0067730883167791325,0.005096050631624741,0.005214518511533758,-0.02756305827731606,0.00823613460549435,-0.007746349372180334,0.008235577621118307,0.11424769945041065,0.010952479335368942
17,100,167,False,True,0.025060276975226333,0.020700436767064144,0.00046572847073732764,0.020733431475376634,0.013414951470885726,0.00535447440652313,0.006371484806304391,-0.028637238189196213,-0.023569353264769343,-0.01832909389298972,-0.02357161594969634,-0.015271764156614171,-0.012422801497697464
18,100,168,False,True,0.043115055934213685,0.0085809521910067,0.005562257104679546,0.00858469732232152,0.009711981708995654,0.005674095447914704,0.006022343788442875,-0.029302010433892654,0.0008275175331715445,0.0036130088664620107,0.0008255629120401408,0.01425137924973617,0.005994596952645412
19,100,169,False,True,0.06703593902954831,0.03998105839268821,0.018641344017940657,0.03998380587885605,0.006471261338828788,0.008072829461411834,0.03093705505137625,-0.05102839805636737,0.021595663036527775,-0.005198934594154179,0.02159471838518071,0.19780176303767147,0.03458215281378442
20,100,170,False,True,0.03491584653046099,0.009226697733404229,0.020256360682188862,0.009227312067687626,0.013138950432588533,0.007019031903479058,0.013227092171771404,-0.01740313050070741,0.0048391793765556555,-0.003895139933933878,0.0048369627061330255,0.023031677847373935,0.00863948740752954
21,100,171,False,True,0.01910084261913416,0.002885453157491956,0.00312250287442878,0.0030189266903114303,0.0029063446850288084,0.002885442409917664,0.014779077905221533,-0.020898722217850243,-0.006245811068736949,-0.006247810438716112,-0.006318512586094976,-0.0011042259857740788,-0.003978509922407877
22,100,172,False,True,0.0382316335525631,0.012860137035755108,0.005393112275233579,0.01289178071961594,0.005500785582541736,0.005446668535936114,0.01597873602344843,-0.026042276798746423,0.011431937765432262,0.0006298422833151096,0.01142893303877429,0.021642116107974622,0.016603413532184474
23,100,173,False,True,0.013756125010559091,0.005330206714339551,0.0004237276564180274,0.005330108260845849,0.00731906910235701,0.005393715768456704,0.0049945192786634025,-0.02092690501819365,-0.003994142029944019,-0.009404601933531112,-0.003994429295885702,0.025145022816719518,-0.001610172916498842
24,100,174,False,True,0.065711230416045,0.08160605532423162,0.05441565939992488,0.05130149334693056,0.028188836765058192,0.005728065270474218,0.050301044769129444,-0.021508359014473705,-0.008018780397656472,-0.021812438166939244,-5.431889719666572e-05,0.07730712359524285,0.03372806365977295
25,100,175,False,True,0.03727595105575125,0.010253183178476068,0.012307148684866669,0.010253648705378477,0.005524254949905003,0.00865805007881047,0.012344276396107247,-0.04050657159896858,-0.0022416651603723637,-0.02105478310722798,-0.002241935913356539,0.04572938780509597,0.0003846883057027767
26,100,176,False,True,0.023699290449203145,0.013199524609292815,0.0014791333806553092,0.01319618333135382,0.011151797825365784,0.0057028339349436356,0.008371357266612192,-0.01843057862051996,-0.003939867253913487,-0.00031911284388607466,-0.0039404867583833795,0.10613934689782195,0.0035749255248650053
27,100,177,False,True,0.035452779438857385,0.01687859695756047,0.007168962349336543,0.016881899766605438,0.015630589417432905,0.011767604173439528,0.01751821207603866,-0.02259308086260153,-0.003486585383290617,-0.0006172871263586821,-0.003487667320447674,0.03034703697705357,0.0034784724886947893
28,100,178,False,True,0.07192890139865848,0.007724747073876732,0.006052434304690379,0.007725211415418197,0.006465987512570912,0.006597440357187453,0.011115098667455005,-0.0390038550902044,0.026664076815460777,0.015599659947209535,0.026663620869817297,0.11291384131761394,0.029754207237450647
29,100,179,False,True,0.05890951626929164,0.0125412101914429,0.010212347489868982,0.012545279429614607,0.008719974226427531,0.00736229830361333,0.014221705271469856,-0.05344998702565061,0.024571325994180687,-0.007297884904647001,0.024570136949202598,0.1091692593175959,0.028768284559466756
30,100,180,False,True,0.049904575279369166,0.030832817264526257,0.0017598039359746347,0.03083450417221183,0.015294329963474877,0.012158015646017957,0.03161427672518399,-0.02723679719071919,0.007451300986590699,0.006779654960391551,0.007449932851499366,0.13143818176203856,0.019448065462726816
31,100,181,False,True,0.02544661701974269,0.01251346653218729,0.0022911064102934097,0.012507985412692369,0.01079861473621109,0.00539397888164492,0.014481957219951444,-0.024198038704742623,-0.008083762496468267,-0.004598585461114061,-0.008095771157483434,0.005824761367056723,-0.0012509628810502688
32,100,182,False,True,0.0517350105137659,0.0076839084625710975,0.04871902379978466,0.007686597532744917,0.007538720228665634,0.007714438374148771,0.031641281263267346,-0.03321024284829956,0.006319969951687607,-0.029971205591107008,0.006319315144615985,0.0065335488767359175,0.009170481916777856
33,100,183,False,True,0.015919729429715774,0.007830980799056109,0.004114570126893393,0.007830414441619327,0.01040427288571653,0.007831296237624047,0.007611158335484794,-0.02086488357429932,-0.005030675573975501,-0.0076127020086327055,-0.005030687590859273,0.0311713469718201,-0.0026513937718019437
34,100,184,False,True,0.03479083555662585,0.013504254426943701,0.0035272760021139203,0.013500017788983304,0.015623362066861294,0.010560291513287221,0.00613872870706483,-0.022489396982071464,0.011990486025842042,0.005088893636244865,0.01198970742269779,0.01431049213302085,0.017634791414544368
35,100,185,False,True,0.047666758405778074,0.04026512982176382,0.0038371161241878044,0.040229910033825436,0.01994201788425492,0.006122202195762468,0.024484492250361412,-0.019892223684641053,-0.0006960003240106616,0.009524205607702238,-0.000702408317962,0.12561274261777877,0.024030723467093035
36,100,186,False,True,0.0032714865784554807,0.0032715087089189615,0.0018619000221950365,0.0032715057359370974,0.003377909579115282,0.003271449033292802,0.002708527961301272,-0.029670034042503846,-0.029670737311829072,-0.03041201687092065,-0.029671155427344224,-0.026604566105396542,-0.02727340311937393
37,100,187,False,True,0.0052533135114195524,0.007972739071074491,0.00497371495161787,0.013790930750664822,0.01099242532585186,0.007972584225046632,0.008840323771448885,-0.04224984049538924,-0.04007837558763843,-0.041855993981839354,-0.042990057999731185,0.050730996535374405,-0.03746412947149841
38,100,188,False,True,0.042527164926957406,0.006449341377284903,0.0033618740511582495,0.006449500500639788,0.004999870831577692,0.0064494079216529795,0.02274943487112117,-0.03758949940237427,0.00738319257909982,-0.0013662245441244591,0.007382945715797788,0.061470668062316845,0.009808986673885314
39,100,189,False,True,0.01398173453125021,0.003425167202761889,0.005156965144365139,0.03462713554081023,0.014520191783713865,0.0034250689124013262,0.013414407931212197,-0.029566772030756916,-0.0022733305856329623,-0.018949124811970204,-0.029028322718740736,0.15811842920608782,0.00011975868446365001
40,100,190,False,True,0.048030944899790554,0.011662746334622403,0.005450786236006151,0.011667279187001112,0.007820984765437716,0.006630594914467326,0.015722056527923953,-0.03339287757046601,0.006366682542412469,0.003887300780370011,0.006364653043746298,0.01966477916255533,0.011412006119483897
41,100,191,False,True,0.017436320955065615,0.006827800325162286,0.0009854619747045692,0.006827815203663391,0.006930348306822586,0.006827761421461949,0.0038505366705215045,-0.03150476774930767,-0.01074088983144856,-0.013716974824370112,-0.010741294822455885,0.01658793617735256,-0.00819144386129482
42,100,192,False,True,0.034527401531363446,0.011130645360321323,0.01613221494343999,0.011131023785425954,0.008187674050560725,0.008879351387342534,0.008774025613067478,-0.026208258384781656,0.021971537335091877,-0.009663512606039527,0.021971144704376718,0.2203656087292853,0.025527520062560954
43,100,193,False,True,0.009161496597967727,0.007645182865669377,0.002835495986840012,0.007645263825643813,0.007297222492074881,0.007645127259819022,0.008210210811632881,-0.04209537859354253,-0.022987691224799604,-0.02426131254225964,-0.02298835164853923,0.037500564054441445,-0.020377248888248073
44,100,194,False,True,0.02036561451142474,0.0077928925284247805,0.001189633495783435,0.007803371242190752,0.004491214295120551,0.003588610989936028,0.006544891027665182,-0.01590864052617913,-0.000507882643924269,0.00017503953908124702,-0.0005099499947346153,0.0044407113093318,0.0034161612172008415
45,100,195,False,True,0.0077678429170908656,0.006340474957835861,0.0012350845375659557,0.006340525815659954,0.006502039681916117,0.006340383382500494,0.0034641084542108526,-0.02793818222624389,-0.004644602424792837,-0.016005753023252918,-0.004644905824798702,0.05792364574519137,-0.002072707452620906
46,100,196,False,True,0.06696915230529889,0.012675379181728426,0.033225824230457765,0.012678517981975269,0.007416329259193756,0.007214087846630429,0.02234738025554217,-0.016651360134862535,0.021770868662638866,0.004340902821867158,0.021769385334281993,0.02588339378048648,0.028397458794491237
47,100,197,False,True,0.0577732567005964,0.016292140117553616,0.004713995446224907,0.01629230639223348,0.017739615094880243,0.010495799749971238,0.030696199281895997,-0.03216695966392341,0.015328270937394849,0.01309588276634525,0.015327407184581077,0.10639959182896629,0.022047673531840353
48,100,198,False,True,0.025489780436758494,0.006479798745494495,0.003596680315467118,0.006479978919322632,0.004328950832103764,0.0064796508831525025,0.005174976761649823,-0.045958213099194775,-0.023037230688919427,-0.02539993386220346,-0.0230376177060168,0.04057966181709974,-0.020665143131953126
49,100,199,False,True,0.019060749926276585,0.018868096965571693,0.008415107420944002,0.01890207312087642,0.01027683167290111,0.010990045620180135,0.0298217930257229,-0.0076471212970818546,0.014889011305140691,0.0010081398910338536,0.014871695732592408,0.13457561428095763,0.021444576139389826
50,200,150,False,True,0.028936416841270428,0.008077679081930337,0.003107771262792628,0.008061645046246324,0.008203481859715901,0.007195811912382159,0.008184136947162177,-0.01661959117121099,0.0062600020753273535,0.005532369489322484,0.006258957203428554,0.051334240992844865,0.00818483524010842
51,200,151,False,True,0.019655352972483962,0.007865681469934823,0.0007151059477253272,0.00786615791725515,0.006156990594979492,0.004630550964982171,0.007336171971314244,-0.009534460679619597,-0.004703083409835678,-0.008580910891873612,-0.004703110189602047,0.11397063224596561,-0.001706651588645941
52,200,152,False,True,0.0259365150888597,0.01058656877001483,0.0033848012604556447,0.010578024558645493,0.014109932143573103,0.009289038149057155,0.007130473815136569,-0.016587145752191054,0.006251917075979741,0.0021341256740352514,0.006250859376264071,0.00799121566623672,0.00934344793202549
53,200,153,False,True,0.02070782160153761,0.006926824708175486,0.0033702158659533444,0.0069269643099770075,0.007442924029070489,0.0045935557511198695,0.00648064334350539,-0.004684005641173438,0.0164085493393393,0.008236837052948393,0.01640778504082899,0.05506815571713197,0.020169633610872706
54,200,154,False,True,0.02456664984162034,0.011401942858819712,0.0004012563660297126,0.011421274661713783,0.005939351725659285,0.004854451646512482,0.00815716023785831,-0.02903715265378036,-0.007513641891932732,-0.009002738236029525,-0.007515448044699529,0.003413697539083618,-0.004671900522606548
55,200,155,False,True,0.028520779606190948,0.008351137907455284,0.0013545948187009035,0.008351990055519103,0.00848305748205775,0.007633754771267671,0.0034213331193369396,-0.009225964806908843,0.022158222995935423,0.013085671206663785,0.022157881619046,0.05786612725765604,0.023886407754719466
56,200,156,False,True,0.02693441170318927,0.009699970902576703,0.0007374178280936021,0.009703700410090724,0.007163360338984775,0.0047309647503647545,0.006856072199132308,-0.016197443681651037,0.0014118745403822609,0.0022308670954130057,0.0014104716403322292,0.023167897350076353,0.006041667185565189
57,200,157,False,True,0.016773347285636474,0.00555422751538781,0.0009542195144235887,0.005554227627789479,0.007266124995147825,0.005527998657899421,0.003942553311310394,-0.013850580707429668,0.009226153554564362,0.00018371147657513244,0.009225864413451568,0.021086490691484522,0.010675731960447438
58,200,158,False,True,0.006298370063640697,0.005804632757293732,0.0015155543641469254,0.005804791099382402,0.006143200274141801,0.005804666911489883,0.006135587836504974,-0.006294900339517724,0.0008811212026521709,-0.0006120369094945058,0.0008809888446036851,0.07735490877175302,0.0021434193615037372
59,200,159,False,True,0.01900524076730574,0.004539895271803133,0.004783382322270043,0.004543467575306955,0.003836571923062371,0.004499464296479768,0.00769370491775055,-0.02618683238519154,0.0010419702546564124,-0.012945783028101475,0.0010314554104962782,0.024594476387558187,0.002271547713117217
60,200,160,False,True,0.024096312410512372,0.00769263124193011,0.002451658206032758,0.0076931010988282944,0.0075709977565910705,0.0058459064895810256,0.008964670454677071,-0.003430685336613122,0.014664286117770615,0.014579700585167213,0.014663984049383974,0.03233363609464071,0.017241633986534027
61,200,161,False,True,0.011779533803402319,0.004865223177176852,0.003965904011042603,0.004865299447285885,0.004688366397433663,0.004865245169998973,0.010169810368856332,-0.037657467480685616,-0.028745414386338607,-0.028803959779752298,-0.02874594925587129,-0.01529716799889549,-0.027505819345149368
62,200,162,False,True,0.007591091837944037,0.005693006130255228,0.0025864521796401534,0.005671078135681086,0.003960144112937063,0.005620896207155588,0.004449233202428394,-0.011729801490778744,-0.003964503252391865,-0.007576812996254001,-0.003973713926394904,0.034342044821484737,-0.0027543813849259663
63,200,163,False,True,0.10750253036653289,0.02337625202302978,0.06777841308709193,0.0233431437733826,0.016069235545480242,0.017243526393962497,0.07875693762814091,-0.013134110424564256,0.049290514412710706,0.006045750761415807,0.0492883375910127,0.059964887082107,0.05247112636631626
64,200,164,False,True,0.017445356249788158,0.0049236469789297,0.014546789687668675,0.004923898866593064,0.0063150641163973046,0.00420092785072735,0.013008340864829635,-0.008511374665908294,0.021055757087616804,-0.004851870499572591,0.021055543595381962,0.1224583372855864,0.023285189299695683
65,200,165,False,True,0.00646291732360921,0.0072584244089256315,0.0011252054724897951,0.0072584933768180615,0.006744194609810053,0.0072582807517138645,0.004133615303635782,-0.033327352331988885,-0.021284696355510616,-0.026248688980801353,-0.021284978968560325,0.027302162651392674,-0.0200446842628986
66,200,166,False,True,0.01656900803438384,0.009124677416917087,0.0022545505288097526,0.009122300208060484,0.007129344071835998,0.00912465345680344,0.011960387982538559,-0.02294644207363139,-0.004839285189298579,-0.008431350541309059,-0.004839981994571279,0.18630267027995054,-0.003546855076814834
67,200,167,False,True,0.010262680506642927,0.007763113353440904,0.0023346408927474656,0.0077626823448972435,0.007988532789515439,0.005846752107891262,0.004214341398754439,-0.008429288908538808,0.0069730756045722235,-0.000720742439636706,0.006973364048042025,0.059294636200668424,0.009630765417711962
68,200,168,False,True,0.004134056707667526,0.0057383392560984466,0.001099771201375845,0.00573824216147569,0.005018793293363917,0.005738212016037643,0.0044634060248412094,-0.0127746173434685,-0.0001677991133465895,-0.007420695705305209,-0.0001677269885508892,0.09657001943432253,0.0010906859478844178
69,200,169,False,True,0.021200619071349115,0.006646132359316404,0.0016151476587480125,0.006646201999689028,0.006645116224716557,0.006646007143136515,0.008470454598973241,-0.044659099929696494,-0.02679113575704898,-0.028769617119532624,-0.02679159491748873,0.012975802121348785,-0.025477267385544428
70,200,170,False,True,0.048524462922555564,0.011146434610836465,0.013947128737488625,0.011140477990834502,0.008279611238286544,0.006525946627406642,0.017401112454635236,-0.015246820018133565,0.016221342124977306,0.012839108806969732,0.016219128064706573,0.02573183576672946,0.020349278324773568
71,200,171,False,True,0.01593049024904778,0.009324538493001746,0.0069685234209108885,0.009324558694538479,0.007319100710319096,0.00932433951791168,0.007957207437534001,-0.024561379115445918,-0.008440394386727466,-0.01228056939613508,-0.008440503692545676,0.08376488195373742,-0.007169048270922157
72,200,172,False,True,0.010548704725778244,0.0035740938351704237,0.0005689670060698255,0.003574181567708023,0.004008063289907391,0.0035742076124699496,0.016561159932008757,-0.008381695342562301,5.4356846962981824e-05,-0.0014047470421449982,5.415376215738732e-05,0.05081412491038435,0.0012051152830176853
73,200,173,False,True,0.0024960095678664227,0.005033269172827502,0.0012042074351121096,0.00502297993466277,0.0043228043987765,0.0049797446499055395,0.0041576715602815355,-0.004037450618313921,-0.0005155988467512529,-0.0025944769018943505,-0.0005216518422419015,0.04182012268935582,0.0007299050690736525
74,200,174,False,True,0.02629596955792995,0.004845051317591307,0.006451140413745703,0.005212023872269299,0.006653530506582672,0.005089532336518293,0.011443455549252841,-0.02651102575880355,0.01632719734881409,-0.005673131743913701,0.016395098327347243,0.09050458206271626,0.017587399016326624
75,200,175,False,True,0.013983256269009182,0.003488190545821493,0.0013960536870013974,0.0034882309467399353,0.0038097245275698476,0.0034914923727193325,0.004234926492380118,-0.014713830063198614,0.0044215032992734925,-0.001694198447297847,0.004421214202693094,0.04899381324560089,0.005557221378730257
76,200,176,False,True,0.0017230363282943063,0.008606856145548885,0.0014714814263880383,0.008607059863799926,0.01234518989772039,0.008606826146152742,0.0027102355673587846,-0.025052970610566775,-0.017194176674098092,-0.024895286215614133,-0.017194551929613357,-0.013578965116742463,-0.01592473278196882
77,200,177,False,True,0.03000473243082791,0.008257330210283437,0.01203289455904683,0.008257548015540617,0.008466823598234294,0.007471479382134302,0.025218182999102456,-0.008944000976105088,0.012072490916871424,0.0025057485599094004,0.012072227982888997,0.03652397001494211,0.014138053088289096
78,200,178,False,True,0.026858421168329535,0.014541814997784256,0.00035667089792106065,0.014542752622864348,0.005927480679829552,0.004804902526536919,0.005532360767984082,-0.017468148620774664,-0.0037404890721379758,-0.002274180527244891,-0.003741184957649306,0.0954640348850422,0.002786482803483481
79,200,179,False,True,0.050636434712845485,0.02514248670498479,0.011842349053408413,0.025536238189238784,0.01780133331189725,0.008621986030664039,0.017767989991834897,-0.016726462799947252,0.00540809594177567,0.009747785458860377,0.005444343964684375,0.02873181136767922,0.016571406305206482
80,200,180,False,True,0.02022630190478047,0.005123625972909207,0.0014373892021864575,0.005128489559228922,0.004050838250592733,0.004957496103663115,0.004201486986502423,-0.019320585439074712,0.0011729622470778977,-0.004990070683365515,0.0011665605861474403,0.05004981523018877,0.0024406006103426525
81,200,181,False,True,0.006008868915720126,0.003443553899842813,0.0003898643360211706,0.0034436045914665587,0.003997618707828804,0.003443453826148706,0.006571178928608352,-0.02250264219285404,-0.015509049480321302,-0.01738128091824467,-0.015509449736940547,0.006075310778114407,-0.014313349730581737
82,200,182,False,True,0.0004130955513091858,0.005247624444465208,0.0005490339503354252,0.005245652312520607,0.005119854652870429,0.005247616947937644,0.0019786442933451324,-0.017685264359983122,-0.014476466911503874,-0.0175620213652896,-0.01447473804544277,0.06012090821444179,-0.01327212488922494
83,200,183,False,True,0.03108998379933048,0.020673114124387718,0.0038654986959713346,0.020663201473040856,0.016324855862422837,0.006631812435084238,0.008512876732395374,-0.0013626741931847786,0.014362070467441335,0.01855429800878428,0.014359445581390436,0.025115027565309925,0.025932217585493966
84,200,184,False,True,0.010816941031420209,0.008402197682825227,0.010669885567250445,0.008402123417669553,0.007883441134464136,0.00840217817786374,0.014594748129907584,-0.022462452617858463,-0.022193251028345618,-0.02235542831861297,-0.02219361856038338,-0.017335258629018427,-0.020841984222879528
85,200,185,False,True,0.025736449746282922,0.017380327662723363,0.012790598520447317,0.0173828490688553,0.004792179543490782,0.0028592147269551403,0.011201351467142868,-0.00916365450693441,0.014517267050758936,0.0026986774044618256,0.01451565368301054,0.1781458921372231,0.02530973177394226
86,200,186,False,True,0.014180805705436332,0.005794013691351391,0.00523376181731838,0.005785900224367373,0.008142631454837419,0.006037737275444596,0.005566801869959756,-0.036052533496336005,-0.004408026767111739,-0.025946375257443224,-0.0044144196935544675,0.14808968320707233,-0.003071540125206468
87,200,187,False,True,0.03267695640170801,0.00709924545687082,0.0007159686572128786,0.0070988884345727634,0.008417925167125015,0.007120486136244964,0.01291892086170949,-0.02400312767931112,0.004088242092652692,-0.000294555757526776,0.004087904968887681,0.03222370434726514,0.005343027389798208
88,200,188,False,True,0.02007102962509546,0.010143896017403951,0.00465439003256498,0.010068569511012902,0.012111224718766057,0.0055963482363386744,0.018938716704300383,-0.016809811676258616,-0.005716778986699734,-0.0038573880807225573,-0.005875316804410211,0.04554076264255331,-0.000641143877412001
89,200,189,False,True,0.005331219296834654,0.004303834303040699,0.0024047372956967875,0.004303886451199001,0.00437025239647318,0.0043037639203848226,0.0010987955064462192,-0.02753665993255844,-0.02245269019528326,-0.024981549125237295,-0.022453089244545962,0.00845153246216908,-0.021180057937889255
90,200,190,False,True,0.004761467873477456,0.00720962491900867,0.0024828975988162487,0.007211767246176437,0.0058951318405781,0.006915767273531741,0.009327840489515037,-0.02140527613991676,-0.009800435711052468,-0.020111737961079647,-0.009802458533507944,0.07035608677030025,-0.008259195498723074
91,200,191,False,True,0.02393566813998227,0.008275107284052067,0.0045306271963975004,0.008268138200805495,0.007036232018789924,0.004119449304171771,0.008976259322871546,-0.018804920403718072,0.004911270036704725,0.0013743322685565152,0.0049092673027860915,0.01466931010861579,0.008649945914785087
92,200,192,False,True,0.023958102928998328,0.012845180038671116,0.002646241782774018,0.004068487852727869,0.003824999853007428,0.003960173311973076,0.010894261529438284,-0.019284610549148335,0.005914328175613051,-0.003718399036636737,0.007500877706877703,0.0295225455704033,0.008805607140844371
93,200,193,False,True,0.007852283496376624,0.0072479336498556665,0.00828626824340289,0.007247942337746535,0.007609442229017072,0.007247867221097754,0.01830904625894119,-0.023615621906128807,-0.023590845338409386,-0.02362481104592753,-0.023591162332654625,-0.0033438914699445376,-0.022327468871778708
94,200,194,False,True,0.001635049805547903,0.004063599046661826,0.0006605059622473553,0.004063698908614194,0.005198985066818283,0.004063547643248883,0.0010110043313563712,-0.028383572698466582,-0.025680632073187493,-0.027613037078324947,-0.025681041480612628,0.008866329268746557,-0.024427221773449498
95,200,195,False,True,0.04098228513302824,0.015395846238494763,0.004139758265354291,0.015330230335621465,0.010038192988048176,0.007455842857248481,0.01823699998402697,-0.011245291457678544,0.015744018535311214,0.019005886522573574,0.015717356665207037,0.10922639771979244,0.022420758650452663
96,200,196,False,True,0.0019837092613481004,0.006993893688853289,0.0016408810510614691,0.007016191796154343,0.005250265928338076,0.006577018548039276,0.002272211290725124,-0.008142073154181521,-0.003161835321878961,-0.007564524363447476,-0.0031701912359395658,0.04625757890803509,-0.0015667735170820096
97,200,197,False,True,0.008604816366544447,0.004505608332714083,0.0011547123487572809,0.004512361452732008,0.0040104655808338415,0.004480320129835926,0.003221358038006515,-0.011888052853136764,-0.0017077706984344764,-0.0038664756237363007,-0.0017172196685094044,0.045238446789524114,-0.0005056453634094404
98,200,198,False,True,0.01649086939188184,0.007959197433187995,0.0014073246485162808,0.013791243933412318,0.009027665779882248,0.00732594118654915,0.014001277973429885,-0.006786282232761183,0.016381441294622993,0.008255554562698036,0.014672787897744613,0.0459249049763813,0.018386831525936828
99,200,199,False,True,0.0162994106031621,0.0062031411326392005,0.003055524475062505,0.006197390948898339,0.005442181503039908,0.0052095300349002385,0.00489591527946554,-0.007249530290434558,0.007106249107822062,0.0052159404313705075,0.007105033621670121,0.01617033608940039,0.008897020441784545
100,400,150,False,True,0.015900877349510747,0.003976893097027457,0.00020983734820585967,0.003977032612057641,0.005294009064630654,0.003976839109729728,0.00030102944376633474,-0.021914554155339126,-0.004314592104326316,-0.008341398184171941,-0.0043150380312401634,0.002220599329071895,-0.003710250172837104
101,400,151,False,True,0.0008355768322403389,0.004183265332424451,0.004242608638084731,0.004246755144547335,0.004527290908092028,0.004231728751786866,0.002497582728014311,0.0026559751358540364,0.004446219249160119,0.004649737381721438,0.004474348724184427,0.04464677055616731,0.005095793049146091
102,400,152,False,True,0.018161670116574668,0.01229634984228846,0.004880822122151002,0.012298587106910517,0.009758957841706776,0.005026994195488117,0.0065936025815693826,-0.0036360514593164533,0.01656246050914726,0.008235875366350094,0.01656153242668836,0.17548862382615613,0.023862886724194496
103,400,153,False,True,0.0009699332551437148,0.0040029495986757795,0.0007113543130003089,0.004003056567065046,0.003759785569637633,0.00400288078246654,0.002268330895695187,-0.01475127651982136,-0.012871061710917555,-0.014966432682940787,-0.012871417009711816,0.03812006842704603,-0.01225330758286243
104,400,154,False,True,0.00669645768878824,0.004329173001120471,0.0012032646909863353,0.004323266074475525,0.00531909222829297,0.004226932921444074,0.002317719061386061,-0.007570333961555608,0.000888404868799384,-0.0014906953416837338,0.0008867045853561706,0.043504290463990854,0.0016564354799489395
105,400,155,False,True,0.009497737416753655,0.009680187050143367,0.0016127503002189626,0.009572857904509765,0.008042865179086416,0.005702652069198589,0.0029139627409025953,-0.003097468349050566,0.0021249752887067433,0.0020247342814057813,0.002048660445110286,0.03913651004720176,0.00479162351809187
106,400,156,False,True,0.006378734860157105,0.005933114657548645,0.0005354828328429149,0.005933707871859737,0.005813636047743269,0.0059338492589986165,0.0017082598300953698,-0.011182591857574456,-0.0015811650435688307,-0.006294480108329181,-0.0015812478494735772,0.05364352144110091,-0.000955690745411325
107,400,157,False,True,0.004745240194463236,0.006510847989780211,0.0013832478194922965,0.0065110176561739615,0.0053596059644141535,0.006510699656650987,0.002310363841192811,-0.01037194519618577,-0.0036945160437012172,-0.00841010788602624,-0.0036948490600441455,0.07082845842602369,-0.003079032744633184
108,400,158,False,True,0.005468867939129207,0.004683084085568295,0.0006209791707409032,0.0046832215828631115,0.00524332639252527,0.004683113790588963,0.00469225293270463,-0.019423970275434237,-0.012311647689383599,-0.014562338698861253,-0.012311998852822956,0.0036502694092993516,-0.011682050250952744
109,400,159,False,True,0.004169478795891406,0.004811492658325407,0.0014141399100122578,0.004811529821960251,0.005689862419143326,0.004811455667143119,0.002569461535302201,-0.016550007336632915,-0.013450128466477355,-0.014632853823295409,-0.013450393760063229,0.04544135356209665,-0.012828057838661769
110,400,160,False,True,0.026891829730482448,0.004860901824595577,0.001146828384985408,0.004861588599066125,0.005301299087926147,0.004668951853624564,0.0032975221541080442,-0.015223055496230313,0.006914949948870479,0.005862897223465603,0.006914486684771095,0.02613586699374718,0.0077057349442404
111,400,161,False,True,0.0140703644695982,0.00688423110109559,0.0020318645211619634,0.006884120256627526,0.009400647942384854,0.006864656513581191,0.00847200808449083,-0.00825023611167238,0.01141448311669972,0.0040660599321429925,0.011414347612630653,0.046782020844852105,0.01225859327751927
112,400,162,False,True,0.008476568814349869,0.00724809571945068,0.001157436241720042,0.007247535486946443,0.007747325962999222,0.007248106129805025,0.0038249907513073457,-0.025889986359789254,-0.011094489982693877,-0.015869558545144533,-0.011094017923629771,0.04910912372829856,-0.010456610259164417
113,400,163,False,True,0.007339133252493397,0.004336166144851746,0.0005691819655943039,0.004339595620321228,0.005590814405122035,0.004368931805280711,0.0022026605619925076,-0.01408277315258098,0.00011511343828841448,-0.006911333562989649,0.00010643204245766924,0.031046637336931956,0.0007728964624715978
114,400,164,False,True,0.007122166458230259,0.009907548287789057,0.0009562967360287318,0.009899496166036123,0.008370364433047187,0.004870325773075963,0.00327851312333221,-0.010417605828160438,-0.0014125629847021237,-0.004498540564939834,-0.0014122238715958523,0.12051122076055795,0.002997677300445617
115,400,165,False,True,0.007990242242175672,0.006734841287944694,0.0007041209211839056,0.006735462755505604,0.006052082476706136,0.004993100017438837,0.0022008311604261033,-0.009409421194263445,0.007149347440460084,0.00035116171076755463,0.007148910243671658,0.0975885005515033,0.009385562198922823
116,400,166,False,True,0.006866930125249734,0.007094428161119749,0.0007390531692397605,0.007044324300990151,0.007615669969607172,0.007064998399094017,0.0019409149958851378,-0.015115772180663992,-0.004570392575696012,-0.008814310873067036,-0.004578608926691921,0.034545868794373276,-0.00395130095839849
117,400,167,False,True,0.0014360315021794904,0.004714746640656059,0.0013338876256372295,0.004714796948015579,0.005113272569141732,0.004714722374582693,0.002056749359562248,-0.014416663733677748,-0.01202655202797045,-0.012220996623913252,-0.012026754771131465,0.04355168871787729,-0.011400326015957793
118,400,168,False,True,0.019803731539361647,0.005864262310255618,0.0005045265131835491,0.006726989725201186,0.006842772540989556,0.005864469439243581,0.005816822810263472,-0.012886950243407918,0.008851860875347643,0.002890479505900646,0.008037908577267352,0.11343588318386572,0.009477070208245786
119,400,169,False,True,0.002605516134563044,0.0043010586234131,0.0004086478034874321,0.004301186614209786,0.004080358070069953,0.0043009474505964805,0.002915431490470332,-0.010167935993531852,-0.004917329211667507,-0.00818196852931332,-0.004917501382859726,0.008608166846986122,-0.004315053547488276
120,400,170,False,True,0.005258429341373744,0.00792062083942705,0.00017940355878455307,0.007920394127661736,0.00728168073655354,0.004482433412130985,0.0024894094961084518,-0.007233912518795282,-0.0002728805313593874,-0.0021002474757057382,-0.00027354148076428334,0.047689170119847656,0.0029835973299193463
121,400,171,False,True,0.002888131583044764,0.00612048312518955,0.0010332553875807512,0.006120611610810509,0.005511297588244345,0.006028406760733085,0.002958762417808962,-0.013868446179375011,-0.0055288042683594085,-0.012210508581313718,-0.005529153924552528,0.06284156241906412,-0.004823068325989485
122,400,172,False,True,0.0023578652774539277,0.004251284170742334,0.00018716833918303927,0.004251406280188591,0.004702166043146542,0.004251160608984037,0.00230368406044782,-0.02258055754335586,-0.017591951832881546,-0.020964297487168323,-0.017592373529795716,0.0036272285946184722,-0.016955377899111224
123,400,173,False,True,0.005105606307917799,0.005135383934209133,0.0015326407752545195,0.005136250055966315,0.005568885670962734,0.005137923184403009,0.0029222081938919805,-0.01258154197459519,-0.006215498059177697,-0.0077062800559370296,-0.006215132313543243,0.007575574706207604,-0.0055910148954885636
124,400,174,False,True,0.010469267856465783,0.005248676702466378,0.000552911010813014,0.005248569120063627,0.005363997035130449,0.005248599116232864,0.00389994011543989,-0.013854329003318866,0.0002621392488577001,-0.002565549446784069,0.00026226029854468534,0.10142869416974434,0.0008958031003716282
125,400,175,False,True,0.007534538524705366,0.006209876057260659,0.0003104279473470183,0.006265620794116358,0.006529097896016067,0.006209112532348194,0.0013877471481918047,-0.0087430873233428,0.002277826991141332,-0.0022924455335963895,0.002288906791166063,0.06755856386632975,0.0028833199968023027
126,400,176,False,True,0.02378088770573099,0.016120859106400414,0.013979415616659014,0.01612326567904383,0.011771106346611099,0.012169814518532414,0.0098755975974331,-0.0035572525642011588,0.0352600956261746,0.0041832952687477585,0.03525589880257314,0.1898810290579631,0.038119398247066394
127,400,177,False,True,0.02334128730529249,0.00438952121051317,0.0002668937324758428,0.007081976228551139,0.007213047075056502,0.004389671257897518,0.0026665593675298627,-0.0246291055507367,0.00042355250508391507,-0.0049376380202674685,-0.0013721205303549055,0.0032128639805961614,0.0010500613231634037
128,400,178,False,True,0.008956850246565238,0.005419756728196989,0.0009284222841100477,0.005413909563298579,0.005752235491772848,0.005448097753062776,0.004109883917319138,-0.016274887722995277,-0.009455523911502511,-0.01159418198900347,-0.00946455698754864,0.019678373339828602,-0.008800770251169737
129,400,179,False,True,0.005446367219149988,0.0054466208986517885,0.0009747641349114209,0.005446658894427982,0.00789870861818895,0.005470541717315478,0.003113019318355204,0.009351584867364579,0.009351182073590696,0.004969755569221688,0.009351127769185013,0.060356001202429684,0.01016837105566841
130,400,180,False,True,0.0017177693780224047,0.0036194992694632416,0.00019847277502454088,0.010991192258305565,0.004523143715258389,0.0036194343531634632,0.001389885782524134,-0.017284608143174153,-0.010277035306053364,-0.015264283537695265,-0.014829747188629625,0.08063475219127542,-0.009635715787099874
131,400,181,False,True,0.01828015245365388,0.010208392857557827,0.0022530889294419356,0.0055896501692185956,0.0042821107202361715,0.004890765772335434,0.0038057351200257877,-0.0064640430633385315,0.013888028616785064,0.005474299797830043,0.015245214349661893,0.0440556177957548,0.01601489817054437
132,400,182,False,True,0.01075948547455218,0.015141039070207554,0.0011229089323947657,0.015155055404961986,0.0056906092497092916,0.005637430680410774,0.003100120935658985,-0.016618847636028163,-0.010187371493113115,-0.008943570424009622,-0.010192306059336324,-0.004116942061461586,-0.006263296182129244
133,400,183,False,True,0.0032936077080837987,0.00475434125834911,0.0019200458195944598,0.010268050903510621,0.006698784443528426,0.0047547751667516664,0.0027842493758500645,-0.014288650641656426,0.0012265772454502155,-0.01065485335157671,-0.0031029181499913428,0.08126386545378841,0.0018473444297833208
134,400,184,False,True,0.009743769791565712,0.0055438205716932575,0.0018645017966131508,0.00554404385427871,0.004775669328891542,0.004843401902261648,0.0029934620194412946,-0.007219872896630537,0.005972669387203738,-0.0016146875481707834,0.005972565391917613,0.07073527488753992,0.006941328818111173
135,400,185,False,True,0.038633163956980736,0.023465818615776256,0.02199428832508188,0.02347136518256817,0.01940038140155227,0.007714639331838067,0.022664054172472158,-0.016295538138904,0.012947320343140518,-0.00035631807018098537,0.01294400350897627,0.02510065954206304,0.02562354777421473
136,400,186,False,True,0.010504573704496254,0.005238624731454649,0.0008945602989149009,0.005236705192646784,0.006145522711516777,0.0051502979919276345,0.0027052644520356313,-0.005548299379325662,0.015560462913590563,0.007587604773985998,0.01555881766557107,0.21628542899270797,0.01629014987055223
137,400,187,False,True,0.009138568783002513,0.0064701793013435885,0.0006342352418257324,0.006457538035592751,0.007113758885398077,0.004847765886210988,0.0014823868277821068,-0.014806275320738745,0.00019676607674920632,-0.005954761142614875,0.000197098066503294,0.11329360065802337,0.00239400805555727
138,400,188,False,True,0.008506607928081276,0.005952318939791899,0.003394917136484475,0.005952390711235496,0.007384623822055251,0.005963562774716368,0.005753766264556201,-0.01886803918838102,-0.004423433834398871,-0.015133520646957513,-0.004423817386030802,0.046157981858039744,-0.0037297058986860976
139,400,189,False,True,0.01653957984448736,0.007344158983069573,0.004177926452291711,0.00805028560480616,0.006280458023081833,0.00607077161626286,0.0035426619262434304,0.001169814266922059,0.017802044353401405,0.00771216971549896,0.017560343574881027,0.10999831075166658,0.019426021064839163
140,400,190,False,True,0.01736681934959213,0.008857284690059255,0.008928688097067322,0.00885795863612534,0.008659200355251579,0.007736339895357324,0.017293766871972524,0.0034745473124554995,0.014901560840665145,0.010444552527565527,0.014901082188518693,0.06549489292388025,0.016371612145714184
141,400,191,False,True,0.004008059665923826,0.004892112698318144,0.001400046570813793,0.004892056374802228,0.005244285376863191,0.004892103765561876,0.005271492488820918,-0.021008364599476574,-0.017878888861397896,-0.01901430231645767,-0.01787875538102769,0.07591628934550332,-0.017253489725623322
142,400,192,False,True,0.003978903411643021,0.0038080733493007246,0.0002708549965803916,0.003808374076857305,0.004269776924766269,0.003729678345895105,0.002537653914089436,-0.003962663204679617,0.0016337675027941678,-0.0004622104308729907,0.0016332114345980742,0.009128028896260609,0.0023859474463894526
143,400,193,False,True,0.0073747379181684945,0.00828667203674422,0.0006754566071672971,0.00829299172686316,0.007607498833818295,0.004723199938136238,0.0017350514881946492,-0.0153003994518848,-0.008847028669151219,-0.007694201740713054,-0.008848806003194393,0.025991527958773127,-0.004981072020619148
144,400,194,False,True,0.009928640223526485,0.011473665877857343,0.00061855255507683,0.011469382211594546,0.007499504919412294,0.004783605046402683,0.00641026436298667,-0.007193305018594195,-0.0010825960931442325,0.00041462228100480364,-0.0010815686186760943,0.06267419067246909,0.003669210785402749
145,400,195,False,True,0.008701219308282451,0.00561613627317945,0.0003911950530912841,0.02207469657382488,0.005799927323268001,0.005618255831105741,0.0012438324466552545,-0.012986891131333111,0.003346715175766306,-0.00235035835160456,-0.003113370516202352,0.16215211826171252,0.003982395350750373
146,400,196,False,True,0.015056090747467452,0.0055855459867189565,0.001382407709275636,0.005582973516405031,0.004791040378425957,0.005184896433331554,0.003271346406184429,-0.007930988179529868,0.005939786020674624,0.0003604305870473679,0.005935575961833699,0.0480123687954189,0.006806807434496923
147,400,197,False,True,0.006549793711721449,0.0062356084390933104,0.006339289069111802,0.006237055499473043,0.006676984898793501,0.0062353642092945185,0.004595542186675711,-0.012903885587958852,-0.008121387563723062,-0.007810162886593613,-0.008124712953237943,-0.004772596069066904,-0.007455458273313273
148,400,198,False,True,0.000944322442219174,0.005927205301653418,0.0007557889745352228,0.005927377782382384,0.00735666758591798,0.005927205293015898,0.0018798622285654716,-0.017231833065396746,-0.006879092509350553,-0.01735377430282787,-0.006879359188200241,0.045035538775229485,-0.006243386321523048
149,400,199,False,True,0.02494493528109911,0.01573978850819427,0.02015893683076196,0.015947383375626886,0.01676678078302032,0.015871018423321906,0.008590338848633496,-0.02337903455193149,0.0011213915108756111,-0.01824420642331118,0.001167497118644203,0.1616814766154711,0.0018409776022269564
150,800,150,False,True,0.009342139165453903,0.006307335399214348,0.0011673925748165038,0.0063181856184351135,0.00725972877867369,0.006305258394629021,0.002466475697463304,-0.0008378800275051684,0.010475060276232533,0.007747532372541347,0.010467641361764812,0.028045549784673992,0.010799424424545429
151,800,151,False,True,0.003704024949227909,0.004917311442746029,0.000989273168250487,0.00491733604287582,0.00567357085338825,0.0049174352803736275,0.0027526397643235054,-0.007040301127164566,-0.0038359049910524057,-0.005688556560310994,-0.003835955863724454,0.016915394753926803,-0.0035312146653555254
152,800,152,False,True,0.008570274522510945,0.008623476213763385,0.0011811683559946236,0.008630556207253073,0.008713757434366481,0.007102084660919915,0.0031719643795349167,-0.01091871624935664,-0.00485406307963423,-0.007032183486337762,-0.0048565305422537544,0.012683836377659184,-0.0034661148324541396
153,800,153,False,True,0.007807873261574752,0.004750922700871548,0.00044569552713280563,0.004750977165948832,0.005021086127395674,0.004423284222298258,0.001342848649866582,-0.004870207804349202,0.009108456125722366,0.0031554786217784197,0.00910816239825584,0.0591265560052444,0.00979159816985685
154,800,154,False,True,0.006186446177729187,0.0060867603093115955,0.0017762879216120008,0.00608672457543002,0.005937248578303681,0.005757672011628511,0.0032487957331921885,0.0042798841203633715,0.010688668604014816,0.00911791721085151,0.010688575216917365,0.03223133501313532,0.011173891221424703
155,800,155,False,True,0.003360721593926054,0.0061796126044957045,0.000738043149423329,0.006179494376581669,0.006407343926859707,0.006101714171734626,0.0017876209230874144,-0.002498272229675718,0.01025979209045131,0.0019019379895233001,0.010259481111611776,0.13196626016425125,0.010607557941437959
156,800,156,False,True,0.005392775644629486,0.005393364167540657,0.0006160032891730967,0.005393561456203614,0.00585999865865499,0.005393411987057577,0.0026901046783655777,-0.007015217797448719,-0.007016067037232077,-0.00968541126699976,-0.007016380759940528,0.07731794619172952,-0.006692433985122467
157,800,157,False,True,0.007935779286257456,0.0061127128597191945,0.0017217178501169991,0.0061734466498718065,0.0048762739947216345,0.0057238369765042875,0.006856445468361927,-0.000915658653380085,0.010684086394059253,0.004482071861792687,0.010613567431250371,0.04019461223041697,0.011025765656134195
158,800,158,False,True,0.008783391732463317,0.012290110979922244,0.0010479450767137972,0.01215678863832275,0.00787412739225675,0.005832535557257467,0.0025865246180179977,-0.0032049423566339955,0.008827835614183162,0.003870460860173859,0.00879060143902029,0.16087578894973553,0.012587596895477268
159,800,159,False,True,0.0027421260005082867,0.005930175704320987,0.00013074871843826206,0.005937948244571664,0.006257532142456851,0.004441779364665771,0.000362218925955173,-0.009816390117534199,-0.004378357386098397,-0.007524705024940086,-0.004380312522245564,0.0430635763759355,-0.0028233912757861246
160,800,160,False,True,0.0022406026460307445,0.008374955773602932,0.0008687383074477536,0.008386147929023743,0.010863060365627673,0.008320222171160683,0.026834962053101007,-0.010591509243512747,-0.003395905365843763,-0.009396357027056884,-0.0033967278548807122,0.08414360582830101,-0.002944971624983972
161,800,161,False,True,0.0019259103841480448,0.006039377093162498,0.001970756055661378,0.00737125377410866,0.006868000645722332,0.006039392192235469,0.002067036114927032,-0.0025981532390475627,-0.0008911827965787645,-0.0024968672272971683,-0.001730176687026308,0.07967755582861696,-0.0005785699563349983
162,800,162,False,True,0.002352094740106365,0.0052861167494610796,0.0007267542556751195,0.005293170215058166,0.006142612748416491,0.00475850994066466,0.002154459266662844,-0.006244300474262863,0.0038511779154334746,-0.003375700113476351,0.0038451979374995384,0.13424275708837968,0.0048198469949412015
163,800,163,False,True,0.006937842988079379,0.006937725749874635,0.0023776280455111917,0.006937423660434775,0.0063781307910848895,0.0064307203755771605,0.0028317976094225142,0.02003571634785172,0.02003544753824535,0.012961240418753756,0.020035557317351353,0.09137651905468851,0.020598807690756726
164,800,164,False,True,0.00538606429059757,0.009460443224830455,0.0010851661141290964,0.00946058479663468,0.01109289386742645,0.00946035209934494,0.0017434849363805248,-0.024370306233186163,-0.01066799264506228,-0.019146715511739736,-0.010668435771569715,0.020844275437632672,-0.01034441451542252
165,800,165,False,True,0.005281866650475613,0.005021822850411791,0.001356441847094322,0.005021898346694864,0.005727953553168063,0.0048253297962051545,0.002938085242044407,-0.0006945302543021896,0.004425403513534079,0.0028650358286807123,0.0044251200196366546,0.02629989445454278,0.004972808241854407
166,800,166,False,True,0.015269577549690924,0.005078050088876466,0.009259829581428363,0.00507798250437672,0.00560928230650491,0.0049010481716968805,0.0052244160807446,0.00017425228498664348,0.018355618067452416,0.0045401309784614706,0.018355688525274853,0.0932404703561109,0.018818714721137983
167,800,167,False,True,0.001708270487091006,0.004941824699074186,0.0006269352683748914,0.004942058041681086,0.00461727883163254,0.004941781541516395,0.002222603811236505,-0.011540180586494477,-0.0043680053209599915,-0.01018134865310674,-0.004368381965820909,0.061144834856602624,-0.004052233190822818
168,800,168,False,True,0.0014377748271705184,0.006823332724825482,0.00037039859988545677,0.0068234455422681055,0.007871999615591912,0.006823278048105933,0.0009225815422869877,-0.025726738496681768,-0.017879513921972505,-0.024043356530118666,-0.01787981774290518,0.023273106065625236,-0.01755387702225117
169,800,169,False,True,0.006280143846064302,0.0049766099821473755,0.0006493771682351664,0.004976799030160304,0.005646386546356396,0.004699278404779222,0.002657414188560333,-0.0042137319962471794,0.006696364944802049,0.0010483734089860297,0.006696010428065744,0.010093456440366601,0.00722404827141207
170,800,170,False,True,0.004170927141904508,0.004864439117211494,0.00041152760887863536,0.004862498719948447,0.005775278633947465,0.004733597063110027,0.0013226275819678943,-0.004256150089936187,0.005528941554759541,-0.0015826947913000267,0.005528088602081329,0.07023342810329503,0.005999754579819175
171,800,171,False,True,0.003722367392854868,0.006734243441887028,0.001138109890538455,0.006745614231364921,0.006135658346506945,0.004933875548888275,0.0016506861641165482,-0.007417841790719866,-0.005306843210766932,-0.006588423813894819,-0.005309327922333846,0.0055490299011637665,-0.004356318745973753
172,800,172,False,True,0.001569435792553863,0.004919633182646102,0.0007991974637611314,0.00626896277886746,0.005421831624103202,0.004947711470744937,0.005921531012804155,-0.007118137025237524,-0.0034560950800228874,-0.005482841329556566,-0.004107262362572239,0.04607033137161814,-0.0031330796468998223
173,800,173,False,True,0.0022703914638915867,0.003532598782212029,0.0005919821924362467,0.003543119218636267,0.003912463426675724,0.003507461599828643,0.001592877371332373,-0.010335240858476497,-0.002267475730792263,-0.008331100836262364,-0.0022764650018542378,0.039229670607704374,-0.0018364563700443842
174,800,174,False,True,0.005437279212751699,0.0060137097487505285,0.001126411477439692,0.006013812557806903,0.0061184089584390864,0.0058060907967456355,0.004312909500467331,0.010309173140927557,0.010676506554611808,0.008537716667845679,0.010676319151843075,0.03830435550330939,0.011108443090619508
175,800,175,False,True,0.0030274007404220275,0.005494498378005198,0.0011788303858509411,0.005497926768657256,0.006292289166961981,0.005476950584827836,0.0017077103289617444,-0.0025581591674223424,0.0034470382338122898,-9.206133243865738e-05,0.003444613686513858,0.07257378976408438,0.003793293812431875
176,800,176,False,True,0.0033816701973093015,0.004638237101489874,0.0004533255986400491,0.004635927175051144,0.005138231554460962,0.004706669846521056,0.0005345131679876679,-0.012443077050836573,-0.003853377240415963,-0.00981113307897234,-0.0038618154808271756,0.08769567237817419,-0.003515259993961753
177,800,177,False,True,0.0056327535203604786,0.004839831611979976,0.000425042888143142,0.007043439794167763,0.005071502308228742,0.00476056211837728,0.002487933519993834,-0.004946593133330893,0.008248369914755003,0.0025671582885822574,0.007295762746064138,0.12430766652867967,0.008587520576285243
178,800,178,False,True,0.003901349230573587,0.005764556861728386,0.0004635364216164296,0.008065599662732473,0.008371524399984745,0.005765652181144319,0.0011580034043918003,-0.008290211861826083,-0.0017067882874448159,-0.005399277020383572,-0.0037240088372878155,0.06325416539234585,-0.00139348942751516
179,800,179,False,True,0.003894500340107879,0.007332957975060808,0.0024538431001377443,0.007333982727276778,0.0065533168509963645,0.007333532193526402,0.003267492167086601,-0.008404585143474405,0.0080697592908186,-0.005184815033355195,0.008069455962267044,0.1796152280485601,0.008390984466653623
180,800,180,False,True,0.010872349162098836,0.009151562565494717,0.0009800276876562337,0.009045211845869608,0.008135586301771027,0.006050102853723826,0.002735782916398602,-0.009044633401716604,-0.0002442402232535557,-0.0016536007644890045,-0.00024322738750012007,0.028586140421936773,0.002811787955177253
181,800,181,False,True,0.005485744614104451,0.0054857191754615515,0.0007163929883641315,0.005485695536146789,0.0061102320021297965,0.005410133206391655,0.0018954488515496395,0.014269928631551628,0.014269893592916532,0.007635468322918752,0.014269566764845401,0.07381477943116461,0.014655275254897016
182,800,182,False,True,0.000927661703553329,0.004952951753713164,0.00014539570758219028,0.00495317919666832,0.0056258904098122845,0.004952928144035925,0.0007038739205404444,-0.008891196987389603,-0.0038893642506031335,-0.00836455591089559,-0.0038897921215839126,0.07933741392127719,-0.0035715072399583464
183,800,183,False,True,0.004742479035962718,0.005975828096749548,0.002582108813574669,0.005979386948112359,0.006138693936375117,0.005511489348190717,0.0026766046047467015,-0.014700637178631744,-0.0016965562729330942,-0.012273773355675992,-0.001698632347046729,0.09642161779820778,-0.0009851412569522877
184,800,184,False,True,0.004773140110912652,0.006274538355071067,0.00493008545002724,0.006261556084979196,0.006219841816926957,0.006240403672077297,0.001071399569141232,-0.005729596227731357,0.005850276913472304,-0.0031947735370019916,0.005863891060381228,0.05652406642558514,0.006215122944923018
185,800,185,False,True,0.006540053073330765,0.006688407897498818,0.0008711441092143198,0.00805547910849451,0.007349231958457693,0.00609780242066158,0.005107548021587501,-0.0001529556464322679,0.013360020756047053,0.005106284391083461,0.012796532497091917,0.09162844469693311,0.014069162924981504
186,800,186,False,True,0.0028822660164680857,0.007766281404370746,0.0022464767844862826,0.007750344112655854,0.008829530355898785,0.0065706936688824154,0.0009224342189701615,-0.004362550498274747,0.002813627703121977,-0.0015839789812309769,0.002806133009481897,0.1312761348151263,0.004422685526676157
187,800,187,False,True,0.013055155294461622,0.005107696886283985,0.0014901880074423808,0.0051075536357565775,0.005215821816485933,0.005107772004957616,0.00330967749100472,-0.017310637889472357,-0.006500833680830773,-0.00767335856161687,-0.006500697307540921,0.06434854511686947,-0.006191338517580178
188,800,188,False,True,0.006712088542080088,0.005300154214719125,0.0004209494349941586,0.005282752866096584,0.005356743356996184,0.005301041636104809,0.005051545825325069,-0.012651764798393866,-0.004822044645126429,-0.008721468108830469,-0.004822959398379414,0.01767320346314497,-0.004498587847242427
189,800,189,False,True,0.015095503086393734,0.0044523705130841305,0.0013917452590267185,0.004713031765561022,0.004967292671930426,0.0042956316019735485,0.002898491413524376,-0.006835014051123644,0.01110558389418225,0.004162083212455847,0.010900661687030518,0.047265755067775216,0.011490509521154615
190,800,190,False,True,0.015802110191599834,0.007668738115250233,0.008378353697458598,0.007668273911302485,0.00772379864743963,0.006917146548079405,0.007356568465915922,-0.0064396733555871204,0.02150131217697684,-0.002084162143919548,0.021501853367218368,0.21932961314048932,0.022314446037124
191,800,191,False,True,0.0003048415626772635,0.005113236224323029,0.0003605136291092825,0.005066812185672057,0.005284048609646238,0.0051169547199927225,0.0014554042786103936,-0.006333862531205713,-0.0028886145065964543,-0.006328920048942957,-0.002928729759279314,0.07025098172429792,-0.0025743571569668278
192,800,192,False,True,0.008134937366870008,0.005378061836486183,0.0007497437476729465,0.005377811111259751,0.005189586087177464,0.005345863049554738,0.0013862768263030764,-0.010136282090205626,0.0037850909511740662,-0.0038421154588652697,0.0037846396463861788,0.0749870446372233,0.004095374576780733
193,800,193,False,True,0.008132708736082765,0.006189808649502502,0.0027444558585910327,0.006188738485132457,0.007871048568388694,0.00620999116871659,0.00410831472115624,-0.002097339183346993,0.0027221081155382977,0.0013973707286397226,0.0027203244448123698,0.023334072656306118,0.003165093947026576
194,800,194,False,True,0.00029092997044454015,0.004006337695836349,0.00029961141059470947,0.0040063393774229395,0.004426396071549305,0.004006211584625087,0.0004303090563108721,-0.01256155848229823,-0.006776042429251242,-0.012262620486946287,-0.006776149168199748,0.06165265766914711,-0.006464997653647053
195,800,195,False,True,0.004828054730336828,0.0059473933906654146,0.0014427985586562679,0.00595923756686525,0.005478973991545468,0.0057677653113477135,0.0028981720864859803,-0.005371238860432133,0.008784971367384724,-0.0006095511473237796,0.00877917460632906,0.15351857189269758,0.00911342326491496
196,800,196,False,True,0.005236032912927821,0.004626724535628741,0.0006615972451177423,0.004626929893524783,0.004949766851894838,0.004617480282523073,0.003186298477594933,-0.005946229563320431,0.001253762041577513,-0.0009159544276906407,0.0012532902557485849,0.027917248630575493,0.0015709094297903237
197,800,197,False,True,0.002136155586243783,0.005404532481176837,0.0003844628582333081,0.005404517433560099,0.006139171496210813,0.0052095114608139755,0.0007868124286822345,-0.0026271901741595984,0.005865072417680963,-0.0008792005942927039,0.005864770607873275,0.05814332929319946,0.006524712915739639
198,800,198,False,True,0.014132615950819532,0.004600170222916047,0.000346542253210207,0.00460052653638345,0.004424515228692933,0.004440377421006354,0.002729728989593531,-0.006505470662677823,0.006599236611303923,0.0035365125043574394,0.006598688448041461,0.0365628060544352,0.007076431061723398
199,800,199,False,True,0.0025610320997123807,0.00579396536996771,0.00024165347941074752,0.005794963771941649,0.006808703955972186,0.005419799439475308,0.0016906016627086472,-0.0038195654566733047,0.004660655965700382,-0.0012269210249173763,0.004660040573590631,0.05603107588222798,0.005597473352838139
200,1600,150,False,True,0.0017257471587359594,0.00605988536425641,0.0006748397316416204,0.006124618115169765,0.006479825165528499,0.005881487130965424,0.0030588623762597264,-0.0014590728279420082,0.004879858698906396,-0.000124967772773312,0.004855565459922388,0.0723542097301856,0.00515976727831223
201,1600,151,False,True,0.0010104880579994856,0.004699857232058619,0.0010572150324707527,0.004700419236999984,0.004750993617599358,0.004700773859621527,0.0018044333690728814,0.0004279986712042036,0.0033590689304165977,0.0002145433749681336,0.003358944575730085,0.07053231530131111,0.0035136475146080592
202,1600,152,False,True,0.010453052943576924,0.006582716891389939,0.006481843920721788,0.006588693997713988,0.006817060498018143,0.006363843986434356,0.006010063421643138,-0.0005134995159019779,0.01192574602200276,0.012018827453558176,0.011907222842745995,0.14735375596444222,0.012188855687648326
203,1600,153,False,True,0.006272152513659577,0.004883337184850915,0.0011078540374357044,0.004882847021568314,0.005487443955151119,0.0048496650846488985,0.0014264844670133325,0.00469867813371598,0.013674582395730734,0.007679723476833516,0.013674009628013213,0.11782661705270056,0.013902518681837686
204,1600,154,False,True,0.003208073524601474,0.005511670490448281,0.0006644039458502662,0.006833592669399519,0.0061885871517800535,0.005511896228611464,0.0011357368120223051,-0.008480569395291829,-0.0037056992104351496,-0.00637387059293127,-0.004638191729307017,0.025219267414486008,-0.0035478037733710777
205,1600,155,False,True,0.00045108484120353525,0.004865319853139529,0.00017826976724178738,0.004878076185451844,0.00514389103497832,0.00442606732678829,0.0015372351997623769,-0.004328042290650082,0.0007156948292003485,-0.004154403472815986,0.0007019434653128265,0.03112457332055392,0.0010757674044480359
206,1600,156,False,True,0.0014261556258114915,0.004664388111467121,0.0007511870042957438,0.004664649917880315,0.004595847291442028,0.004470580588064035,0.001093540927832951,0.004541195728283191,0.0068842443151933,0.005338064019955687,0.006883904593869854,0.02343832672261369,0.0071840097710407225
207,1600,157,False,True,0.003484092665175791,0.005221096886577372,0.0009048815808052319,0.005220586602985481,0.006552757435046213,0.005021577720089078,0.0009446472096768472,0.0024581414730819313,0.01095751225190174,0.005629475295866289,0.01093825380008056,0.014465628071702525,0.011394131791087184
208,1600,158,False,True,0.0024400554133695244,0.004725788323145308,0.00036843748757567205,0.004726134018370621,0.0045042869644583,0.004515922283503291,0.0012633309954874152,0.0016013198179517319,0.006952635287915871,0.004301848754284359,0.006952328387298507,0.1246803306702712,0.0072692348684930685
209,1600,159,False,True,0.0006615944574042834,0.004759335409319495,0.0006377706030112233,0.004765636607833829,0.005310210689248784,0.004762512602560107,0.0008360041964990287,-0.0016582857247305753,0.0004792262206991893,-0.0016274590082676432,0.000467089551464408,0.033622136477488844,0.0006445138255757876
210,1600,160,False,True,0.006351937883287989,0.0046016888246201045,0.00025462716030624387,0.007183530150346686,0.004939620217257069,0.004512655922385221,0.000403620823501432,-0.0014596636000797393,0.005549302182789546,0.0025232753518850595,0.004697579580542328,0.009857191023696324,0.005799602667846446
211,1600,161,False,True,0.005933250545327,0.0059364277250058125,0.0006396365860745023,0.005929153913621491,0.005454704388395963,0.005302705905795093,0.0011979829982415265,0.006092951176593216,0.006086367832617601,0.0007688590243293381,0.006084304279404477,0.0703446834511621,0.006754072420594726
212,1600,162,False,True,0.005954417392910173,0.006665716522044317,0.0003130643755139057,0.0067409780625200776,0.005934410222673376,0.004902988832562462,0.0012134526872614223,-0.0059630727220117375,0.0036018952975684472,-0.0018301671604027488,0.0035709372946522676,0.08713474114003886,0.004666056017990847
213,1600,163,False,True,0.0003841701516017442,0.004879477952180933,0.0004308113062276931,0.004825808128559973,0.0056006345810396575,0.004888924977251544,0.0008209745307438062,-0.004818930415086721,0.001159958722232215,-0.005887552485089876,0.0010671277794732426,0.08038183448392305,0.001314727148497244
214,1600,164,False,True,0.004401065892800637,0.004400715767423628,0.0003014440347177305,0.004400207117827798,0.005550943344771525,0.0044382494402951216,0.0008938529285127172,0.008361654487096469,0.008361923686033581,0.004185615916575143,0.008362163504402869,0.11606532035111458,0.008527550649138085
215,1600,165,False,True,0.0029336905804299225,0.006077806644808598,0.00034968096446996125,0.006077642835342868,0.006794092430079839,0.0060777219753272846,0.0010053553602901726,-0.010471869564400212,-0.0016120650909590495,-0.006801962092928615,-0.0016118375068020542,0.12013287485012097,-0.0014505934024590383
216,1600,166,False,True,0.005048237898158401,0.005050354534714644,0.0024741746728383367,0.00519136217580714,0.0057210868320070165,0.005058194189919956,0.001199054915744282,0.002221683348426869,0.002217697344496088,-0.0014494153997518194,0.002122474365836844,0.018498555628229864,0.002379466734190386
217,1600,167,False,True,0.004898093744064688,0.0053457366817019295,0.00047219647048346423,0.005345988317354282,0.005708660577059882,0.005345760819311956,0.00130989804015831,-0.007581768215636961,0.0017435458681037553,-0.0027739787886927477,0.0017432655532552488,0.0438909964723949,0.0018997289618411933
218,1600,168,False,True,0.0023878975389203024,0.011278172471389958,0.0007582535522196827,0.011272234965472763,0.009294579233333374,0.007573720758269259,0.0006538898283166335,0.00013189211952791463,0.006205706592212153,0.002050381130508299,0.006202438879568675,0.0904609654526175,0.008291242949455477
219,1600,169,False,True,0.0018164147013363804,0.0056812741101369265,0.00039971664866802906,0.005681247676772214,0.006070902015412374,0.004588814455061167,0.0007717799214726345,0.001510325564013544,0.008232783927188852,0.00328249449462919,0.008232790562734085,0.10902450434759377,0.009464129058431928
220,1600,170,False,True,0.004476396509228143,0.006685197295735723,0.006081625219536131,,,0.006064682534270591,0.0010031529275306525,-0.005251670213453942,0.0005809469445965298,0.0011777336493114963,,,0.001223478849064083
221,1600,171,False,True,0.0034449737009267806,0.004907836681191251,0.000279568630514712,0.004918958265020513,0.005217314329569916,0.004539528225445834,0.0014125126659317595,0.0010534757199802333,0.009751554386125906,0.004762430572242173,0.009741377578554396,0.10531783276295308,0.010186623963682931
222,1600,172,False,True,0.005468368846288505,0.0067254359159185165,0.0011175297686512608,0.006729872943398146,0.006521528094032807,0.006437335121541119,0.0017556629717828316,0.00474390472459258,0.013297819912633351,0.008746070885835374,0.013293983002084477,0.1160858547274625,0.013660936784712086
223,1600,173,False,True,0.0016133285010157487,0.005394267967189381,0.000214985770929986,0.00539360626908908,0.0053457472776257155,0.004985540040582737,0.0022734491835023443,-0.0026781002222464522,0.0036019236921125677,-0.0011042478594944232,0.003602578631985178,0.13094837996399147,0.004146334797631893
224,1600,174,False,True,0.0021257282589724567,0.005609804472357508,0.0006281379887686549,0.00561536590516503,0.0072120396209080975,0.005505380421848369,0.0011666906564808178,-0.004498309080323917,0.0008451118523500867,-0.0028195672447427185,0.0008444404680978579,0.029587507262329744,0.0011465356702444474
225,1600,175,False,True,0.0011491526742091916,0.004733980933835234,0.00042018705198756555,0.0047342500555194785,0.00534119594418389,0.004735127461276726,0.0011399210241929763,-0.006244178817743924,-0.0018146538221091113,-0.0047646229331924,-0.0018148204046371853,0.05806739340737238,-0.0016604809913791096
226,1600,176,False,True,0.0010893295653561143,0.005213689487331682,0.0006324061001517617,0.005213837134942488,0.005398929750734353,0.00521382670870762,0.0014075238434633638,-0.003032785159474067,0.00030619383268660984,-0.002239087782060703,0.0003059955655329816,0.05119321365098529,0.00046149000000056395
227,1600,177,False,True,0.00013187236716884128,0.005053887111746263,0.00022259708792556786,0.005052709285933681,0.005503612296813982,0.005058544709968622,0.0008549479421209136,-0.0016114475319146193,0.003342372079177185,-0.0010786493394163885,0.003342854315930115,0.01970470777774608,0.00350233427552879
228,1600,178,False,True,0.002158162681546947,0.005112241914514978,0.0003124754158997167,0.0051196217031071675,0.005683725634789896,0.005034046988774683,0.0005603625214817703,-0.003080488457406955,0.0043331854996323214,-0.0013249435812732286,0.004329429494084014,0.042591172374317275,0.004559916651376478
229,1600,179,False,True,0.0015563201737440785,0.005117140834895418,0.0006040077782851198,0.005117439120981402,0.006104444506328973,0.0048750994547642435,0.0009483304609453066,-0.0043752226341522505,-0.0013339366599308456,-0.003585336029677212,-0.0013343206610693238,0.017073026030977073,-0.0008269426092822468
230,1600,180,False,True,0.0010765846475404859,0.0055075547926119895,0.0009229060846789902,0.0065882841249391,0.006126971035956597,0.005521471376240645,0.0014274666567749695,0.0005626206018566345,0.0027515128239217292,0.0006104595784601807,0.001984334750227621,0.015627745232273716,0.0029340887991491094
231,1600,181,False,True,0.0001370938856715993,0.0041876193850920755,0.0002093983015978882,0.0041874794212192375,0.005296598605310684,0.004224274441816413,0.0004732782509773684,0.00034477105573348435,0.005504556305973001,0.0006628015149620641,0.00550407033779825,0.0526929947872166,0.005680259871757978
232,1600,182,False,True,0.0024328905975200257,0.003942932233956169,0.0007769279566466723,0.0039430472043811985,0.004363297464875845,0.003942937249394105,0.0018125713649067665,-0.006173029074525341,-0.0035300877126809207,-0.004863955025715731,-0.0035303979737748748,0.0045136083216104515,-0.003376439468540937
233,1600,183,False,True,0.0015352347667409083,0.004481090677115641,0.0008058846543683553,0.0044854771140422555,0.005373548995330781,0.004521911515309175,0.000987636404473179,-0.006473194816013634,-0.003320388972282231,-0.005347392741771548,-0.003328611572847926,0.04283897458761022,-0.0031391502526882803
234,1600,184,False,True,0.004784294542323322,0.006240369760040645,0.0008177289569122552,0.006240386180873202,0.006770359460101509,0.006204852929386448,0.00403028180068663,0.00023634556353028358,0.009027044192205623,0.004170889198150953,0.009026836291593447,0.08044289526313879,0.009226819695726113
235,1600,185,False,True,0.0006209631566146766,0.004450515926521566,0.0044040412966419515,0.004450777264907103,0.005029705392771687,0.004450750217475713,0.0005228594979191316,-0.004542956804102973,-0.0010989142029495015,-0.0008171705965491746,-0.001099205497254623,0.017986154961856772,-0.0009436512006462117
236,1600,186,False,True,0.003190984786980086,0.004906252841189014,0.0003352436478073445,0.0049055250278765335,0.004839384065346904,0.004673019730898982,0.0013649788857738893,0.0026886848350004774,0.009226861490724474,0.005354379285972349,0.009227287703754375,0.15261129251230263,0.009631536976647995
237,1600,187,False,True,0.003668339852407514,0.004944012263718076,0.0005974595889625731,0.004944428010505594,0.004700552983222683,0.0049442027417065226,0.0007729489417400452,-0.009059282117508808,0.000999353598129229,-0.005139356638421629,0.0009990575849249694,0.11317995930975978,0.001156416363931989
238,1600,188,False,True,0.006547149254671303,0.005862690702782836,0.0016378436465630728,0.00586929345581524,0.006419671581704189,0.005725740560651282,0.0011236651849730757,0.0025449826431054256,0.009809555911943572,0.006114914001497443,0.009806628987559431,0.055386119997274254,0.010169569208124549
239,1600,189,False,True,0.00038249481304247865,0.004944679322685452,0.0005739841384205336,0.004952881797619238,0.005792728856397397,0.0047605965951115995,0.000685132166555312,-0.0006830541174163518,0.002107563880251675,-0.000628080200774974,0.0021027432189474737,0.09776725788445009,0.0024807031014470043
240,1600,190,False,True,0.0047827268793029926,0.00470618871933953,0.0007243025601920326,0.004706266819933016,0.0049426162961647814,0.0047061485040031294,0.0008666843283782258,-0.015057795068445056,-0.009446719763170961,-0.01137658807786606,-0.009447076753645653,0.020116933771385882,-0.009290907915822627
241,1600,191,False,True,0.0031474014423051784,0.004849911401028317,0.00036992249654063745,0.010563512458052687,0.0053657649999534675,0.0046999596369949,0.0010614658656982975,0.003243415472625761,0.010083871859531204,0.005757878358345333,0.006426783278389401,0.1426853042131559,0.010266000777589546
242,1600,192,False,True,0.003899958779658132,0.0073997196235077,0.0013657267741028585,0.007466873362416166,0.007260687686004146,0.006746785198700431,0.0024673788148080696,-0.006150112990380437,0.005525735770493974,-0.004058463313329866,0.005516841335295198,0.15278079237781803,0.006372750896114804
243,1600,193,False,True,0.013697149465251761,0.005510652945184975,0.0004536965491606429,0.00541928929517883,0.005814902839036224,0.005496816721631088,0.0026940538191742567,-0.010219980334708894,0.011932549429135068,0.005504194272320957,0.011899831319512302,0.12021334660095202,0.0120879478159336
244,1600,194,False,True,0.012662945986204942,0.008745481941494134,0.0002320097773011123,0.008580270777348105,0.005501892268284074,0.005043577401073962,0.0010102527499253368,0.00025183239807593063,0.01148071679645721,0.008285479410477447,0.011380993985069683,0.10338672016099021,0.013286218650716233
245,1600,195,False,True,0.0065816414504555375,0.008433462478966728,0.0015102922204011766,0.008558678705159833,0.006317901769036796,0.005807557229921778,0.0028582396458717804,0.002911085165145394,0.014663127959760089,0.006200833469659013,0.014670462370829807,0.07481410029374827,0.015452098422163926
246,1600,196,False,True,0.0018591195343850117,0.005018897499082405,0.001139255655820482,0.005052192905938664,0.005266867243695903,0.004884324686538691,0.001591692363997306,-0.0038026293020212787,0.006481580299196459,-0.002335232728206165,0.006469108022821182,0.16379172827744493,0.006702730028192105
247,1600,197,False,True,0.007172376101490168,0.004869789141217748,0.0017272627893881952,0.00484651308541107,0.005160024554441897,0.004625208142212919,0.003290832696918227,-0.002871316522218225,0.012657640621091773,0.0028276957308609324,0.012666061536385876,0.21097351918404017,0.012954645883314228
248,1600,198,False,True,0.006934549846304882,0.005840981973420608,0.0005603164733478168,0.0058409385981819835,0.006648659410599686,0.005860838536738053,0.0019121488146818916,0.003078293236187686,0.011156376596682343,0.007857948783706829,0.01115597020190604,0.05164864125740071,0.011370957616162317
249,1600,199,False,True,0.005070504386062519,0.005139629157944909,0.0003690763746488283,0.005138467226005198,0.006224094094735811,0.005111633888160775,0.001415425182043285,-0.003715148205295189,0.0057246617284392445,-0.0006049073305148356,0.00571741581253896,0.022034643192534703,0.005938427005241456
250,3200,150,False,True,0.0016928947027513048,0.005066868861073227,0.0007096623188874227,0.005067057986639541,0.005441586297684,0.005067830412085366,0.0009160252055243373,-0.0068074048469558765,-0.002566552179282535,-0.004879787545553793,-0.002566648686684605,0.09971369315241635,-0.002489401748920844
251,3200,151,False,True,0.0008929413897489229,0.005258157242707442,0.0002645861437123776,0.005258085619550022,0.005452506199436269,0.005258290959431304,0.00045479766572309856,-0.008094224819342166,-0.0017593594245057,-0.006634284629565671,-0.001759456226915237,0.09213107826064254,-0.001680964243645347
252,3200,152,False,True,0.0010478536229893724,0.0052906600672298154,0.00027959958645469026,0.005323090034308976,0.005538125303645824,0.005160224154984902,0.000288353433328536,-0.0029559472052821194,0.0020388046181316712,-0.0019616766162968324,0.0020286280811342293,0.09334785503474506,0.00227088087460163
253,3200,153,False,True,0.0011971552371511274,0.004757355087464178,0.0012980598679605377,0.004842866946534228,0.0052192411131950665,0.00475774054082985,0.0013166836848041168,-0.004080698680502348,-0.0017661977949145857,-0.003209449447023151,-0.0018332435260259138,0.042189538146877086,-0.0016886122765933792
254,3200,154,False,True,0.00520052467107027,0.005005676922895744,0.00033691087901948475,0.005006588466009938,0.005609482223150254,0.005007467692711472,0.00042944104571865187,-0.0036518202531241185,0.00285047172804779,-0.000578852183221919,0.002850346661652594,0.038754685704349416,0.002928118183339143
255,3200,155,False,True,0.0013330997934214639,0.005260351174174323,0.00037817852326593894,0.005670948271018962,0.006129462065647046,0.005192887882892159,0.0005451050311596428,0.0011051609517514873,0.008894888835242584,0.0027255403566251784,0.008626428074511363,0.07319888189345682,0.009121372413224027
256,3200,156,False,True,0.0003803494567382903,0.0052120962452764956,0.00033199522870500515,,,0.005211699265732315,0.0019327748332765183,0.0006490394729188242,0.004381260557701392,0.0007960890696714757,,,0.004471466495068008
257,3200,157,False,True,0.0007385158806010064,0.005342635082207035,0.00036828315038514846,,,0.005306672218655506,0.0016441177434639172,0.0006621337615559534,0.005608309165598744,0.0013508296467542756,,,0.005731123686983128
258,3200,158,False,True,0.0012167999448938812,0.005038315436527576,0.0004972049545404469,0.005038329390709581,0.006230489493127619,0.005087615750229338,0.0014189153506971339,-0.002595319304569201,0.004735637394603014,-0.0009742392399069289,0.004735707624323702,0.06317627211543743,0.004821094672063417
259,3200,159,False,True,0.00036765445488724894,0.0046430432924925505,0.0005894188418710633,0.004644820870575691,0.005246251927239448,0.004644434539464395,0.00140944674867196,-0.0024954018252557,0.0002657056484876819,-0.002548382872109903,0.00026561418425984583,0.03291442250335269,0.0003434984585711509
260,3200,160,False,True,0.0032302203111224197,0.0050453774944392215,0.0004033664459911936,0.005054962998791259,0.005387144270490319,0.004903583660633017,0.0011092220679413654,-0.0016171413940473595,0.007946601397554699,0.0013735071340002525,0.007941016359798799,0.024046651360639226,0.008118620439653529
261,3200,161,False,True,0.0003583777710504237,0.004888142406285861,0.00036397651151970947,0.004888186978597717,0.0051287364476138644,0.00486153044162684,0.00034932911030166375,-0.003971987709452801,0.00217621993143041,-0.0035922103775526126,0.002176104682121647,0.04115609200336927,0.002283125002746536
262,3200,162,False,True,0.0014884269856289157,0.005573256585551617,0.00029719374218901485,0.005578502460923078,0.0063448967536649204,0.0055789795601899166,0.0017719486681297817,-0.0028556653529408617,0.005122541696682532,-0.0010596194162477749,0.005123083169046261,0.1642734909391777,0.005201593078587766
263,3200,163,False,True,0.0046367801909591765,0.004753389882289685,0.0003585841248081985,0.004774067781828924,0.004897002128829608,0.004587647099836142,0.0014034215377358673,-0.002676578303111338,0.004446627593347454,0.0008008412711060412,0.004439454037830046,0.011615584843194764,0.004671639332870917
264,3200,164,False,True,0.000449258116667714,0.006039795525570041,0.00044458249052467536,0.00604515888441766,0.006306777917425721,0.0060606513851125384,0.0008993092409214139,-0.004447831386075522,0.0018653586849868731,-0.004123113571385503,0.0018584060889761745,0.0996492817240521,0.0019615615739806413
265,3200,165,False,True,0.0008716021543125528,0.004701875281687086,0.0003012283931303122,0.004711166835819384,0.005934641604786675,0.004539432068146922,0.0005346430449526566,-0.00435026243524809,0.0017706756320441741,-0.003501933625993602,0.0017679173032161622,0.07808574629650712,0.002029994315700334
266,3200,166,False,True,0.0029945709443645204,0.0056446563394052015,0.0007890802311982466,0.005649409610562135,0.006004596977867555,0.005622720460140458,0.0007291241227842862,0.005789581848054368,0.013211383301213804,0.007828675406567242,0.013208684076818003,0.08734032568933758,0.013314049449673293
267,3200,167,False,True,0.004753753741806743,0.00580979525733109,0.000519055970279631,0.005835813146285847,0.006259670347360195,0.005769821568114409,0.0009370239477825753,0.0003694690391476535,0.007634474817148398,0.003893334249488697,0.007622017932635465,0.09270807441049919,0.007745596681782971
268,3200,168,False,True,0.0011505970117499829,0.005155609264803776,0.00021433825659020623,0.005134013524062184,0.005785621124721285,0.005155346581194835,0.0002733457501793039,-0.010790816339893278,-0.004004328812535647,-0.009168958704410065,-0.00400609118036817,0.09226294470598612,-0.003926342526945417
269,3200,169,False,True,0.0009288338883084655,0.0052080456017833295,0.0004334632363875064,0.0052279804379655155,0.005557770557047557,0.005141121143886413,0.001645480872637315,-0.001061176397190763,0.0032885154607710377,-0.0005125597496961725,0.0032840068192554386,0.06331876626520733,0.003421235231285416
270,3200,170,False,True,0.003270893354136412,0.0067066267287431095,0.0008051322436922588,0.007526187136756505,0.00568812102846118,0.005040886918143429,0.0002788972079169052,-0.0007458853706351249,0.0068999285311982204,0.0023492514609437624,0.0066827921784542,0.12056198456725188,0.007542945132721329
271,3200,171,False,True,0.003163038287197546,0.00518517481088985,0.00041451957129107713,0.005185017951189285,0.005506214102199878,0.005115706346980414,0.0011663423338892738,-0.002129802365120547,0.007237649463164892,0.0012055619220529587,0.007237678678534607,0.09310872653167972,0.007505745455006083
272,3200,172,False,True,0.0026411257176496526,0.0055540151930772675,0.0002830702993783777,0.0055541797419891206,0.006562518463878195,0.005576884483012091,0.00029973096325148607,0.00023763982944366172,0.007509350180968628,0.0025833391509823174,0.007508975312984703,0.06852895930950494,0.0076541486593564995
273,3200,173,False,True,0.0043552269032575575,0.00596968310242581,0.0012922367618335715,0.005968800245106298,0.005985683218834826,0.0054443850828614524,0.0005647242604573152,0.0007726203557596756,0.008868335093703977,0.0023093817519125783,0.00886903192040105,0.17788641900321805,0.009389341877500179
274,3200,174,False,True,0.0023671715489821344,0.005405178495961077,0.0002720339815969208,0.005405291093015937,0.005828939421609542,0.004856638981722355,0.0007633928004802214,-0.0018568713716068485,0.005746893457501159,0.0004441902419842407,0.005746777162837482,0.1198880269235178,0.006488769221906207
275,3200,175,False,True,0.0005054384319936764,0.005675983095849121,0.00025566332462284206,0.005675460440019565,0.006599458869312782,0.00568709447075128,0.0006311635062131827,-0.0020642814376574834,0.003332923866849562,-0.0017892847536278068,0.003323355559341188,0.04676355295729296,0.0034212693538607925
276,3200,176,False,True,0.000997279063021111,0.005133323714010821,0.00024319476613697118,0.005133360812048876,0.005841674554238716,0.005142342626913049,0.0004926075876500191,-0.002450171198740909,0.004454491542017216,-0.0006155170228240354,0.004453687301656686,0.06065047345961322,0.004534188063708866
277,3200,177,False,True,0.0023394798230128152,0.004581155041102398,0.00020407042743278954,0.004581388211086144,0.005495417653167939,0.004581339728071841,0.0011775191149614303,-0.0054893660210520055,0.0006313542613005474,-0.0035355094297599278,0.0006311886411450374,0.0738507001818623,0.000707954216945389
278,3200,178,False,True,0.004512863784737392,0.005094938410363441,0.00014588314115996932,0.005100136751963509,0.005083423887193656,0.004557234346947844,0.000223033381984243,0.0036192000360015276,0.0033193688997848626,-0.0007907015174069118,0.003318809168355159,0.059359125355968274,0.003775929596354588
279,3200,179,False,True,0.0004948477983031476,0.004915846158114255,0.0006524077054962078,0.004914878317782866,0.005270176168996996,0.004915737150828028,0.0007722699755287351,-0.002325576602142483,0.0003308747876208251,-0.0020010532937635534,0.0003275325043711774,0.07087841129421615,0.0004182897490343923
280,3200,180,False,True,0.0048202640392634435,0.005095183085879692,0.000248076512826595,0.005094969422849455,0.005643603367634092,0.00510704402252471,0.0004248239207152598,-0.0035678462492092513,0.005429738880508239,0.0006225134307036129,0.005429303531830936,0.06111331324074344,0.005517594728418229
281,3200,181,False,True,0.0021648116348220547,0.005454878489192031,0.0007363079999056835,0.005457272486279479,0.005626295668431802,0.005375059184265576,0.0012909064367097552,-0.000886606916941363,0.0043972805437908135,0.0004881168680432657,0.004390725276210574,0.056051348345787275,0.004516742764184026
282,3200,182,False,True,0.003543673974251887,0.004444973527422084,0.0005633348168565034,0.004445094619523273,0.005097757089212447,0.004454828179194605,0.001350142916464575,-0.0017865158176223067,0.0024566958350778203,0.00034926779921984867,0.0024559627728160827,0.040604157726242714,0.0025472144259544305
283,3200,183,False,True,0.006519693884111915,0.005990388867220603,0.000505341155741946,0.005990075337615044,0.005904417470051365,0.005771465834677213,0.0009019918775158842,-0.0005454622474950358,0.009797592147419945,0.004713381135246474,0.009797596488892389,0.05225545511399428,0.010042493730845412
284,3200,184,False,True,0.001319267141827246,0.0052464670727193,0.0003243515635947514,0.00524653334978299,0.006149409295226648,0.005259647179710446,0.0003588733583040717,-0.002679135409835419,0.003038750461434248,-0.001207238143835869,0.0030385091073848436,0.04353074492712064,0.00328678472977513
285,3200,185,False,True,0.0007278113322612339,0.005246824985722297,0.005131591667275924,0.006568998156450837,0.0066461684335519826,0.005236904516939003,0.0003854392256227037,-0.007789195141393859,-0.00023392703792344706,6.054539594126413e-05,-0.001527985160184766,0.11480992032097312,-7.76452552209983e-05
286,3200,186,False,True,0.0027473137026661036,0.0057506454736137545,0.00044869345235290655,0.005748445744529761,0.006294811361355834,0.005703726240467643,0.001825633953312631,-0.004008461655144082,0.003590545892889665,-0.0008894515758315989,0.0035848128039934757,0.22026077364392646,0.0037253057784252114
287,3200,187,False,True,0.0015014948943504374,0.0051145029630040965,0.0011971014085593167,0.00511752321548106,0.005624627608341851,0.005072523548698837,0.0009854852518703864,-0.00302668788931746,0.006539309291538587,-0.0023579802823390523,0.0065360355472013154,0.14343640842793548,0.006668793445936641
288,3200,188,False,True,0.0030778685941188367,0.005899737651361521,0.0006665956030637308,0.005899629882899025,0.006249913691049984,0.005747539808941481,0.0022370987614906937,0.0036503992538267594,0.010426163795359926,0.0070919436117965464,0.010426008086707307,0.036163540723142464,0.010689791902447426
289,3200,189,False,True,0.004228283092032836,0.006068770304320422,0.0003333970008018542,0.007109088320488513,0.0062293353072130206,0.005443212239292796,0.0006613692601504363,-0.0034663790791767193,0.004456334359754344,0.0003405676185724943,0.003397845967953295,0.03576230324777995,0.004810395371457651
290,3200,190,False,True,0.0030217994043775214,0.005756263511759542,0.0013637831202658254,0.005756155892442078,0.006495263211454446,0.0057443631022932274,0.0016414472678893336,0.0025367242614934998,0.008060632067368623,0.004185941669693819,0.008060463892482215,0.07932707018328614,0.008179275308509357
291,3200,191,False,True,0.002011994056084888,0.004943231728796883,0.0005528848318333132,0.005158247586822944,0.0060628962834058395,0.004983585687538015,0.0008085985457351258,0.0015492525522746348,0.008701489163805648,0.0025788817502121015,0.008613377142117714,0.08160370292616716,0.008805644287811429
292,3200,192,False,True,0.0016184044784160515,0.005693529146976699,0.0006092344323394283,0.005693628762629104,0.0057937060798843466,0.005545944911792571,0.0006817557928749646,0.0024448699462323166,0.010615056722982318,0.0038750654508206044,0.010614847361719732,0.17501326371342066,0.010805850771081857
293,3200,193,False,True,0.003960853982604281,0.007645114012074412,0.00022404580948177894,0.007131045334134009,0.005411006764765937,0.00485804446608167,0.00034347371113467584,-0.0022849022355144206,0.005363028005886292,0.0014944120924942589,0.005540222753613158,0.07352300291536666,0.006406562676809835
294,3200,194,False,True,0.0004194730721473073,0.004828748923887402,0.00031296673800183334,0.005023714429501388,0.005906271496264912,0.00486963382827365,0.0014973626860065193,0.002358520302487242,0.006887537608286927,0.0027206317756018885,0.006708925675943185,0.06883013574189732,0.0069716468616933674
295,3200,195,False,True,0.0021915539072726213,0.0060633606627117555,0.0007252805519375144,0.006342498028397853,0.006336572373630445,0.006043502315053716,0.0009136099998804734,-0.003064668342956376,0.0007773622215160358,-0.002314346208136375,0.0006909484911859565,0.052332538756036086,0.0009191584877523418
296,3200,196,False,True,0.0003616789819727709,0.005505593001460347,0.00023495537387144893,0.005716932314238371,0.006303310909826029,0.005499703965386132,0.0017183100771286802,-0.0011432451161197796,0.004028651113135737,-0.0009990014705432567,0.003814986966322973,0.09571435089773718,0.004144241982307048
297,3200,197,False,True,0.0026278792365336825,0.005956007282051023,0.0008692969582107434,0.005955711048644639,0.006346774759643569,0.005898113155396091,0.0014212913423212637,-0.0013685022485809498,0.009265006543820817,0.0002426333226491928,0.0092595778647007,0.21922706835219713,0.009373003339576844
298,3200,198,False,True,0.0007795409005014795,0.004596535201023667,0.0002780859902974237,0.004596383733701488,0.005052353431370749,0.004539736541954647,0.0006439563982616682,0.002169225204313492,0.006702870068026101,0.0029819345945540318,0.006703087688250023,0.091353015790264,0.0068504684612906985
299,3200,199,False,True,0.00045129427908105387,0.004221269760161128,0.00017796420388814974,0.004208362593576315,0.004589996500950422,0.004203404044015786,0.0008088405711455841,-0.00644803567262799,-0.00157281978663681,-0.00576669133441242,-0.0015741088034655704,0.0248105991697671,-0.0014981722120183533
300,6400,150,False,True,0.00010107400081988797,0.005194721309234445,0.00023363802227454054,0.005216042082493145,0.005810414366510926,0.005226411354280527,0.00038637261840365495,-0.0035537905196222764,0.0014005786994871984,-0.0032053429602823076,0.0013897958216978524,0.05567855443650146,0.0014630764128838458
301,6400,151,False,True,0.0008445966081239482,0.005598013162778617,0.000404794071164252,0.005597912561471451,0.006296065130592098,0.005580895229279214,0.0015263624072467644,-0.0005203706001086688,0.007082944891853665,0.0007092212727094726,0.007082591663694337,0.09580302167190805,0.007139626285579126
302,6400,152,False,True,0.00021421026813563698,0.004973804171471838,0.00034477389783893383,0.004975842627759653,0.005832466416597873,0.0049872208986316,0.0012601503384855014,0.0006113247907371309,0.004380103604855652,0.0008674119934007399,0.004377772292195754,0.05952803010514156,0.0044223771098111375
303,6400,153,False,True,0.0015687997990596364,0.005136796713661383,0.00034214280679277265,0.005136612335405094,0.005911449383602979,0.005108089987062159,0.0005075312050071004,0.0012761426153516887,0.008675780390836519,0.002910788861810023,0.0086756807221178,0.1516614613247207,0.008728819155057313
304,6400,154,False,True,0.002508043337375465,0.005078908132405422,0.00027461443446165514,0.0050798136957254415,0.005807193274102716,0.004823616795925532,0.00034279789782783957,0.0007528534386762119,0.008292047830467766,0.003198766866987527,0.008291852455129351,0.0999843930421925,0.008598372599975493
305,6400,155,False,True,0.00029105330893830153,0.0049398098409335345,0.0003106110684741451,0.004939578340582198,0.0053946765923893365,0.004905088634763029,0.0003539309352790087,-0.0006148537896603502,0.004865682550987156,8.11569562023906e-05,0.004865459962544385,0.12821825811710366,0.004949022049099916
306,6400,156,False,True,0.002163532203549911,0.0059478221127516155,0.0006219386660794495,0.005932013197643912,0.006466055868198096,0.005944708028300521,0.0005996753131825727,-0.0014556876874875116,0.005479197396161748,0.001279243548759017,0.005470718466895992,0.1011096101321794,0.005517797324659485
307,6400,157,False,True,0.0002936924942734383,0.005497502757950334,0.0003534987507158241,0.005470633374380965,0.006281392327940807,0.005440266000607954,0.0005681667800254051,0.00018854894368259517,0.006413366739325621,0.0006413550818960257,0.006419890370253985,0.12638177997503353,0.006497354200596828
308,6400,158,False,True,0.0008755070921384132,0.00540298191188148,0.00025156460790982384,0.0054008549827231555,0.00589214660279764,0.005237076933052606,0.0002555871464152076,-0.0006957730401513604,0.0053061079178387165,0.0005747368735282515,0.005306869428262022,0.08676022169257981,0.005531824188524576
309,6400,159,False,True,0.0037665753444315313,0.005037999640307307,0.001087089716715943,0.004971192913133726,0.005633866724575637,0.004922677144632182,0.000393344376546776,0.001462268812627417,0.00978687166614984,0.0036184405320601656,0.009806352919616419,0.16254058304251642,0.009893811971725314
310,6400,160,False,True,0.00519262845881616,0.005257558188175653,0.0002842321842194507,0.005250839275904981,0.0056517224717056915,0.005029862525916675,0.0005600172678555696,0.00799070389927032,0.007983656091556313,0.0022666904938500767,0.007981366751359574,0.08059408466653158,0.008224961779953216
311,6400,161,False,True,0.001168681333177228,0.00532393592825149,0.00042031900646720784,0.005321025205066533,0.005832031147462026,0.005044222987817128,0.0004154779808087557,0.002504002624038147,0.007651306950932444,0.003279650222473239,0.007646344032226296,0.13273741127279257,0.007955839367968717
312,6400,162,False,True,0.00027700236310495023,0.005099149872276561,0.00034035005949383554,0.005312383144289039,0.005521076615406228,0.005104891524416907,0.00036737579406253147,-0.0015435210370971404,0.0032770320555507836,-0.0011769148811478375,0.00297412602007487,0.05031328458740994,0.0033190109807208074
313,6400,163,False,True,0.0018078387352287646,0.005130853381108568,0.0008173381813030702,0.005131603774095352,0.006066374465051353,0.0051390900955900634,0.001030642287376298,-0.005927233165218779,0.001958548725743743,-0.005254249964365938,0.001957296107111404,0.2302785301871767,0.0019966055580234315
314,6400,164,False,True,0.000468279895277431,0.00523282046870845,0.0003026965070154056,0.005234827194200048,0.005850706955944006,0.00523206499238548,0.0004148694226053436,0.0006032073036551018,0.005129852398680193,0.001125494519448132,0.005129535537866765,0.056631936300455266,0.005208122292140321
315,6400,165,False,True,0.0012945182003578214,0.005598619937559852,0.0001789052314557631,0.005598606585553662,0.006276336322822255,0.005606120491549016,0.0007722196807972025,0.0019117818953544325,0.007482101058517419,0.0026609741022181645,0.007481830946431192,0.046291179301384704,0.007539023662347322
316,6400,166,False,True,0.00013915182547324364,0.005433803827706557,0.00028267164005332937,0.0054278667239002695,0.0059384395187831104,0.0054205185840662485,0.00032847172827950256,-0.002744491716145622,0.0022204525108650407,-0.002285213042048109,0.002221857406379968,0.04583474360219103,0.002268296414996082
317,6400,167,False,True,0.0006431994462719064,0.0048159760723507404,0.0002626523327250586,,,0.004819893062486477,0.0004023750481986662,-0.0038541757611678445,0.0005666397091255426,-0.003373643308048141,,,0.0006115572506833616
318,6400,168,False,True,0.0025479830075931993,0.00570248262965736,0.00042172240616088636,0.0056994681165955345,0.0068629604616177,0.005734660269990216,0.0008222935632658631,-0.00370044509031649,0.0036261446478816064,-0.0013575178804106954,0.0036249199888503903,0.004020317860229472,0.0036768054375659748
319,6400,169,False,True,0.0008453959267557366,0.004870717078190606,0.00022328443323794178,0.004872338873156727,0.005440200720740996,0.004781542209957791,0.0012541203301379028,0.0011909214685890087,0.006281177259131514,0.002261678599009925,0.006274699551975349,0.09158134810645809,0.006422230439986382
320,6400,170,False,True,0.00014693943736236693,0.004981706786536192,0.00021771335266964267,0.004987114978684525,0.005559365534842749,0.004978549399471553,0.0012501569826512606,-0.0026816025191977576,0.0016601456057636099,-0.0025081903762919655,0.0016564833343850082,0.04003255987987796,0.0017200873147462936
321,6400,171,False,True,0.0003488148684151014,0.004919860425750598,0.00020398905390475272,0.004916376915589962,0.0056236586296845425,0.004915362074874508,0.00036841361794321005,-0.0019020349954732352,0.0030985101032377574,-0.0013661392574074737,0.003099344049697912,0.1605180752686248,0.0031690865861915274
322,6400,172,False,True,0.00038423966057715394,0.005097207213880399,0.0003289421023292725,,,0.00508401655866159,0.0006649757090615943,0.0009265534651335403,0.00751695219312623,0.0019549255727397737,,,0.0075993860172270805
323,6400,173,False,True,0.002444786267828085,0.005134468806313982,0.0005006303216965768,0.005135150416478104,0.006263123236156975,0.005109891215505986,0.0008545477985662664,-0.0021846666962121682,0.002734875146039624,-0.0007693484233143958,0.0027345549955558467,0.018827374928271575,0.0028911405251444283
324,6400,174,False,True,0.0007753359333166971,0.005276401125817993,0.005253542206197044,0.005277213181262352,0.006242041452502572,0.005277307552355741,0.0003169523630424828,-0.007189689044919905,0.0003348419770114042,0.0003423429773641293,0.0003346135907539072,0.1503047965131095,0.0003736950203915568
325,6400,175,False,True,0.0014018678415963811,0.005570649692658296,0.0006461534024600845,0.0055569868463056,0.006062500107510907,0.005457105094137877,0.0017375058817968656,0.0027772252434279353,0.006294739754128411,0.0034753270417988615,0.006323289570482907,0.17272722608043067,0.00642441012582938
326,6400,176,False,True,0.0028364706056592877,0.004943350635697168,0.0003003639961151464,0.004945056980605895,0.005440501167043174,0.0049261821581543545,0.0003649495637489362,-0.003794899967393639,0.004649320975009399,-0.0012475600364132884,0.004643630629317137,0.10322236439247595,0.004708412199341719
327,6400,177,False,True,0.002116774103134832,0.004939509913828269,0.0004916935615831181,,,0.004898573993123122,0.002198156811347601,0.003567346883008537,0.009022004174366476,0.004402997090698898,,,0.009101829966284294
328,6400,178,False,True,0.0002586623180850252,0.005401986262029264,0.00017918735289774036,0.006298173693326765,0.006717360936673281,0.005366137422094635,0.00046283245667990655,-0.0020428506984060176,0.002207244587055701,-0.0019934916663655743,0.0014882112966107287,0.10336361010425932,0.0023030166634399607
329,6400,179,False,True,0.00019807897157357043,0.005161799920085488,0.0002931573888439414,0.005206332814484984,0.005753633240880291,0.005136347640912684,0.00020099756937496066,7.462507375656306e-05,0.005585293142660657,0.0003621356891101095,0.005552527758999766,0.059275733003186455,0.005656900676731899
330,6400,180,False,True,0.002499418409098279,0.005337794841024444,0.00034157390026423514,0.005357892463651388,0.006207396683748455,0.005361605741586006,0.0002758567713029558,-0.004388494543817988,0.004354640952988973,-0.0021150404997154707,0.004348875412554314,0.015110904056674564,0.004430085341999748
331,6400,181,False,True,0.0008675850747156579,0.005512285707969324,0.00038063299610991753,0.005610166656512768,0.006254872585065029,0.005496596207474039,0.0012841777357646695,-0.0031480197487266104,0.002814949569617511,-0.0023290925645338997,0.002701028540027739,0.04717303755875932,0.002868292978455589
332,6400,182,False,True,0.001253354762576516,0.005178238223468857,0.0002703387949090851,,,0.005183167633039652,0.000233751714389254,-0.0013842886893103386,0.00577491991190021,-3.251573131888008e-06,,,0.0058176113980728805
333,6400,183,False,True,0.00025442527336035363,0.005145700812768693,0.00011765618642567758,0.005146220380409833,0.006054028168551754,0.005163881621153287,0.00032361700506657477,-0.0018611125130867368,0.0032765931339621625,-0.0017731355047230024,0.003276044735510091,0.024299014591928358,0.003321212869791451
334,6400,184,False,True,0.0015732549108958928,0.004838072740596066,0.0009380954709450042,0.004835451773954688,0.005627490688021382,0.004557430621674126,0.00031570474614829954,-0.002263187095601294,0.003658205027976198,-0.0009968883564253506,0.0036530738524271733,0.07266955966430806,0.004064775520717795
335,6400,185,False,True,0.00024282545458118886,0.004902194542484729,0.004935252623600909,0.00490656130311155,0.005633806828563808,0.004876224453822206,0.00036100384518686834,-3.942856178809844e-05,0.005904803890334396,0.005981042381330157,0.005897203049046364,0.08406770219012426,0.005967838460647135
336,6400,186,False,True,0.0022505383920703075,0.005309459667400505,8.422977441615324e-05,0.0053085403479626305,0.006160292861928711,0.005334665719567314,0.0005609941544387486,-0.0001373021425192575,0.0066776634750451615,0.0022113443951833514,0.006677250320059613,0.1059271146875374,0.0067208437336962745
337,6400,187,False,True,0.002055297372212261,0.005338805936600306,0.0002413266442432377,0.005338994282396231,0.005922342099533664,0.00531728502402889,0.00021128790605308675,-0.0004581712094305296,0.006330854460882964,0.0014821010689076836,0.006324761837337913,0.01640150622180425,0.006381225047049813
338,6400,188,False,True,0.0004911147646821293,0.005660942757321557,0.00036402731956640475,,,0.005677847451722244,0.00033281898160876294,-0.0013179875498392263,0.004459113479041115,-0.0004366658053010242,,,0.004510398212635158
339,6400,189,False,True,0.0003478062917826804,0.00541388254944296,0.00035751192138873075,0.0060150809083405685,0.006165434139013306,0.005415165589449192,0.0003318868039600269,-0.003388819900014856,0.003962661044160072,-0.0026270199915700353,0.003616379308750464,0.06649300329078348,0.004004329823209446
340,6400,190,False,True,0.0005047898886772847,0.005710689147987253,0.00046069168494436435,0.005710763624683906,0.005895679565976212,0.005587734624339913,0.00042611797103067937,0.00033548311173318913,0.005578230710599712,0.000830345481263933,0.005572139262229782,0.04563194078239256,0.0056881344758840935
341,6400,191,False,True,0.0009641608708890137,0.004743817924708325,0.00024200363322246163,0.004748469412085891,0.005598856732232085,0.004723183602476871,0.00032074860645163255,-0.0012550928088427905,0.0038697677485072467,-9.390635511270354e-05,0.0038698515316234784,0.11480707603669595,0.003966587947559427
342,6400,192,False,True,0.001628748401351291,0.005036916013687431,0.0003701407003833332,0.005085947118375305,0.005784745791706191,0.005023049156960145,0.0005301412237289028,-0.0041156330209718385,0.0042121347833825595,-0.0023513466922895038,0.004145409924820847,0.0659196224301192,0.004299670642900294
343,6400,193,False,True,0.0002856616544249732,0.0050745131476616955,0.000318275350830647,0.005074353342833382,0.005829062869110688,0.005056904234622209,0.00045122441528984913,-0.0003231186399569608,0.004563504915892675,-7.895333697425289e-05,0.00456351015908588,0.07020618032312584,0.0046533772269429785
344,6400,194,False,True,0.0005998992865914954,0.005204096998804032,0.00030505585594158333,0.005317463597647007,0.005962311336883178,0.005198388039283468,0.00024543856428766125,0.0005246029032519331,0.0050809246180034155,0.0011960226598776388,0.005024310049732357,0.049125971791498343,0.005128966661611653
345,6400,195,False,True,5.0163478149014564e-05,0.004641588311750339,0.00019258958203126605,,,0.004644050516971963,7.653469925552243e-05,-0.0025279472017289708,0.0021178208777406127,-0.002410865965709014,,,0.002157004731797335
346,6400,196,False,True,0.0003602252976663514,0.005694343779688082,0.00031856157953560877,,,0.0055059497869457494,0.0003479406832714743,0.0006967128993116674,0.006526118594979984,0.001488361609503904,,,0.0066716444741515
347,6400,197,False,True,0.0007872625472429231,0.005068559976205929,0.000338790531518294,0.005068437390582992,0.00603494053544445,0.00507511459116115,0.00047361735825166473,-0.0005476963397026079,0.004938337385875648,0.0006805374201160402,0.004938396029469097,0.04842878700571376,0.005037608263826737
348,6400,198,False,True,0.0014201490537534677,0.005458963385263514,0.00029149530377508626,0.005613031875964534,0.006437927521936002,0.005430407848234339,0.00044326306413808444,-0.0028855076260096936,0.0028071328733519784,-0.001848382807197591,0.0027192289246882064,0.05981559966213879,0.0028788895437253104
349,6400,199,False,True,0.00028297664324507753,0.004872150031511292,0.00019043500928159047,0.004934356922453458,0.005647791168084781,0.004880424018819528,0.00027235976391491013,-0.0011531386019355758,0.004062912730447188,-0.0007034362435685379,0.003999882360114971,0.06265168882222177,0.004102195828531094
