,n,m,use_location,use_scale,MSE_wellspec,MSE_misspec,MSE_surels,MSE_NPMLEinit,MSE_NPMLE,MSE_thetaG,MSE_EBCF,SURE_wellspec,SURE_misspec,SURE_surels,SURE_NPMLEinit,SURE_NPMLE,SURE_thetaG
0,100,0,False,True,0.2234029249020346,0.109656347194645,0.030041050312451044,0.10964577695383068,0.07041072785203356,0.06908962822992472,0.029662829227666932,-0.049723717607135426,0.0736615618117986,0.046575342606359434,0.07365336967291312,0.682347000933254,0.10822955992825234
1,100,1,False,True,0.1924433443800662,0.061529197428952326,0.02896526500971386,0.061540059381743124,0.06699158764396168,0.05359671264420974,0.02709884569664598,-0.11271571278612505,0.07213053643905525,-0.009270504619113593,0.07211747872030046,1.0787324296582042,0.08707191820049642
2,100,2,False,True,0.051375761407713716,0.06827017881105613,0.007062528330213414,0.06826836330483975,0.10285334031933173,0.06955494755033649,0.013895537140551653,-0.05825960676991858,0.02047069425560899,-0.017563986047228666,0.02046285727891977,0.6729356087993911,0.03867776851323329
3,100,3,False,True,0.05440863119767226,0.05620164190794033,0.00635139052767521,0.05621364944188843,0.06798873770638898,0.056398114182469615,0.008848049568091303,-0.06034419142869076,0.02776410583498475,-0.0034496236240250332,0.02775296372829608,0.9190476680768702,0.039657901546571894
4,100,4,False,True,0.07211280342394549,0.12340966761769712,0.07705124271664525,0.12340811535634817,0.06495659168298769,0.06644247005495163,0.07931058610669232,-0.10008847134077681,0.04587332476924644,-0.11301445498621435,0.04586583451728174,1.0504916926605492,0.08410480388065139
5,100,5,False,True,0.2532058605265771,0.1967342257511338,0.07028536777228135,0.19663168083483684,0.12310195394880641,0.08370466533421714,0.06434308707999833,-0.02789393493665207,0.07791069643464944,0.04275194624747699,0.0779194849946596,0.6555399841771786,0.17000078611625147
6,100,6,False,True,0.06557371570475358,0.07847298989613988,0.07847943091667789,0.07847249377164167,0.09244442940458959,0.07847216852790258,0.06769296884572103,-0.15905202152627979,-0.13685263972832823,-0.15712735171611886,-0.13685388104614604,0.220290178315135,-0.12560867174450518
7,100,7,False,True,0.13578638764703846,0.09313983662661027,0.009781896527678432,0.0930397180996331,0.07674560187108592,0.05789590223564943,0.018517314935014392,-0.029624764174598438,0.06415122699610272,0.03234664919409831,0.06417281783162608,0.8411610574847879,0.10191925443897265
8,100,8,False,True,0.1486851345457155,0.0677013067454119,0.03237885925272835,0.06770295504900088,0.08037569845205975,0.06652901349863599,0.06103425716898579,-0.05951712609682575,0.01967590705970906,0.01561095442986669,0.01967344451273206,0.517766370252161,0.0321946347105464
9,100,9,False,True,0.08781935521110527,0.06103409390696088,0.009515701974181978,0.06103561699268263,0.0729752880852245,0.06320927504909421,0.02063107872878929,-0.12803703441391157,-0.04162985399454321,-0.06830258047723171,-0.04163965458692019,0.4125270112218885,-0.030005756969575803
10,100,10,False,True,0.15781947252066336,0.046761906466664185,0.002976783261754548,0.04676367258937863,0.0744759163805881,0.049806498069035365,0.013670407784338276,-0.09540454822550944,0.040360528840622155,-0.01286805143718222,0.04035692880832336,0.8673119290579642,0.053588272718480934
11,100,11,False,True,0.18579207317212107,0.06367953325772203,0.0065190943713962606,0.06367851857476847,0.07499896397461821,0.049770962280029314,0.017574023513781716,-0.1277684204232378,0.07872068806343542,0.013498284661715423,0.07870665554031839,0.8424137271844638,0.10746423619451018
12,100,12,False,True,0.04413581472247834,0.05990423342278566,0.02290982084842919,0.05990171703783188,0.07820709628241707,0.06239434800330798,0.03974339271301954,-0.07319468300460233,-0.03162971204627823,-0.05022539192954091,-0.03164126008590074,0.49104177264086785,-0.017814493557225974
13,100,13,False,True,0.2341399793426533,0.1197269761407646,0.060059935207099346,0.11972570763342087,0.08239026047101079,0.0583475688618452,0.034006240494173716,-0.02239299400633096,0.09243308543439013,0.12991286496275017,0.09242535774415131,0.8296804868180652,0.14326772024322065
14,100,14,False,True,0.12521806440386218,0.09638959052677434,0.040822943800847306,0.09638769179765601,0.05492096709020794,0.05631657923382335,0.05259538623397383,-0.007811998651093721,0.0540414172302188,-0.053782283418622824,0.0540361108802945,0.9075035538523878,0.09619266548045075
15,100,15,False,True,0.14303226391875185,0.05951219774846115,0.016137059481960522,0.059514585489134485,0.0590665076480509,0.05829904772650754,0.021232192094209703,-0.10238906605075343,-0.017094135427955875,-0.035156623522682506,-0.017099888347440882,0.6483369122828221,-0.004372795606104818
16,100,16,False,True,0.03024215855751733,0.06605676678283269,0.01519674532586351,0.06604549240310574,0.08155045593265571,0.06605840573538262,0.02050305037142186,-0.1023401528131113,-0.07069986875988975,-0.09006471204255148,-0.0706994868983999,0.6302516009903373,-0.060385875318940685
17,100,17,False,True,0.041951237508874195,0.06093516296290172,0.005314330660267645,0.06093729316866074,0.0661380613288069,0.05492948558745776,0.012010894288617072,-0.09338087571916454,0.012380191290870713,-0.04602187217374752,0.012365565651683426,0.7256901302806369,0.030090605191202435
18,100,18,False,True,0.026630956036773398,0.09155822790471323,0.03430556155813605,0.09155831898904493,0.05422410062937149,0.059994317062505874,0.034689508779812826,-0.07566878144572015,0.052227589151962024,-0.028248095086357852,0.05221672379032327,0.8889239352468701,0.0792311029779511
19,100,19,False,True,0.037385651207091204,0.06103995101615813,0.022949123116609082,0.061240648285711456,0.06652028580257698,0.053781921502693175,0.02810721618738556,-0.07562081395974836,0.03668214911363116,-0.06606099831181732,0.03666928853425695,0.9483853385851951,0.05503062748538273
20,100,20,False,True,0.2552367580036908,0.11699440120378655,0.061818834161724255,0.11699101640124601,0.06764341590169341,0.054130832917986677,0.06289339839103654,-0.21871044757747055,0.07406620985775007,-0.0411569894466488,0.07406065065738716,0.9591376454285446,0.12937131475161695
21,100,21,False,True,0.057654870774939936,0.050848734664943204,0.005531522817070362,0.050855612937234645,0.08193427375800975,0.051177459733188206,0.017244462693567834,-0.14951240872831,-0.022107804870455043,-0.10068635650919468,-0.022121474946208863,0.552896522847321,0.0009626920216689316
22,100,22,False,True,0.048307738748996465,0.047990542656188226,0.0011845838190671046,0.047989985198388777,0.06796202998050163,0.049716396884762384,0.029914643435820277,-0.1312888897421289,-0.013556228254932705,-0.06960633764319385,-0.013567470635475871,0.7357411965151524,-0.00012839842050110795
23,100,23,False,True,0.027369252292265552,0.0737909779829617,0.028217242576093614,0.0737864005563838,0.10102769177931625,0.07379391354666134,0.08983780806581619,-0.0819226997272373,-0.03463222965339206,-0.06709227722799888,-0.03463232761796092,0.8377490111556203,-0.023336676993001904
24,100,24,False,True,0.12215722453022103,0.07463643955997144,0.015334479740868635,0.07462942950834413,0.11156523191037925,0.0746362247541309,0.04293604828209809,-0.11468264135899346,-0.0013970900960782017,-0.04649107898982832,-0.0013944602985709053,0.9058103282865736,0.008592583425763745
25,100,25,False,True,0.24419031595409943,0.09840702229877708,0.026679871684264615,0.09840360219163985,0.0774329665752981,0.06323639973871155,0.07945405255071578,-0.10365484819162714,0.028596922207112102,0.044641241814894456,0.02859160228504251,0.6609414920553224,0.06505794745053545
26,100,26,False,True,0.004858993363406037,0.05133856118349466,0.003169154965029019,0.05133507804044217,0.08563373274140458,0.052935637995867785,0.011111448442786527,-0.053670109252540135,0.013767729074410723,-0.05021312103495621,0.013756385865982282,0.8281595069730515,0.03192937211830499
27,100,27,False,True,0.08733672782863179,0.05919616738746198,0.020558262297074012,0.059200092100667734,0.06797929735115808,0.05865832618974789,0.026320572574923658,-0.12225514774726001,-0.049537203302939335,-0.06810026369393303,-0.0495492788631158,0.42683435784230783,-0.032849367009125885
28,100,28,False,True,0.2112796464758796,0.059224369834881246,0.0030468652778373635,0.059243991923159746,0.06729148497507163,0.0489958250494333,0.010422612514917995,-0.12447332834448287,0.06953155296408384,0.011856951729877862,0.06951987379039708,0.8783541044176996,0.09328368836886247
29,100,29,False,True,0.026116434548740495,0.061913032015892676,0.013592708899293688,0.061874833151563946,0.05404108517857614,0.049616404107583625,0.026896820727308507,-0.046782993522081345,0.05437995136435007,-0.02445430817392532,0.054391185136595584,0.7763965113643482,0.07575964801850571
30,100,30,False,True,0.02583417575580674,0.06081843301331379,0.006666481789772758,0.06077622640008652,0.10054982917942706,0.06534349858770673,0.012146667673946692,-0.06913146119529368,0.0031961704285505734,-0.044643960013505256,0.003187711578571708,0.8145201659095739,0.014784993946915459
31,100,31,False,True,0.0175865482463862,0.05225280710115492,0.0034613194119671726,0.052255548432924126,0.06828379660942852,0.053023459733714154,0.009579401237558783,-0.07884031406772034,0.009448175672718762,-0.0653963132236241,0.009436593044477705,0.8092709741557762,0.02321522771913781
32,100,32,False,True,0.06767130720131216,0.050978044154129105,0.043053283223179264,0.050985712786466665,0.10418575662537963,0.05960758069574555,0.032827090359928805,-0.07578921045179453,0.05139130556529167,-0.060379757822110615,0.05137385574753211,0.8816486197647849,0.0717526756868005
33,100,33,False,True,0.10168994698567506,0.09429860276140029,0.009754732553802692,0.09418416987268005,0.09390783866863175,0.05872884615987535,0.020972875982768882,-0.07888619610250582,0.06531449001271745,0.018355807442611196,0.06531353925436377,0.743167296552393,0.11145527408959716
34,100,34,False,True,0.1744111614101566,0.08835339884119442,0.0579382219812918,0.08836584154921123,0.09130026438547452,0.06481003064434533,0.03327428348886629,-0.04550957375659891,0.07843253102890707,0.10362079734830883,0.0784397046525762,0.7868442555199755,0.1154568738142086
35,100,35,False,True,0.11794027577287154,0.07445092831092047,0.019716549275241562,0.07445147208969283,0.058472715697961426,0.049628755734958944,0.03337359875400391,-0.1336864452491895,0.03513398569953083,-0.050631119834082076,0.03512503720942838,0.9026911272780686,0.06983887554832696
36,100,36,False,True,0.010569675434163065,0.06302262787832977,0.0017529229931365832,0.06302349776789505,0.08077771338047324,0.06316290264074206,0.021424816950655533,-0.05645700336127181,0.018006400515573374,-0.03575053795158976,0.017994879073200635,0.630242530762291,0.03032049793013597
37,100,37,False,True,0.12016008287093738,0.05867946563011895,0.012124584092128353,0.05867398225572613,0.08853436039872227,0.06165353570902741,0.017608834629407998,-0.13689769177198197,-0.03825021127026105,-0.06497372036889293,-0.03826364951339755,0.5376212421984798,-0.017699208457423565
38,100,38,False,True,0.08275359339956782,0.054393642652338176,0.010244506049401055,0.054392499752988197,0.07162618543438418,0.056226710970130586,0.01872680781995549,-0.09660800648653138,-0.0002715277185389198,-0.05893753349673873,-0.0002855559132968466,0.831699181868766,0.01238244380514364
39,100,39,False,True,0.16438767387678166,0.08414955379085441,0.03460297210610095,0.08418407287475013,0.09797460986711913,0.06291685699690555,0.04682063137229661,-0.07764037310595302,0.024091839409442033,0.0037485164750858326,0.024082704894742905,0.6569864855795412,0.05376996368079584
40,100,40,False,True,0.10306250371507408,0.06939938586505719,0.015147776949916989,0.0694033243134377,0.05338655932537932,0.061452075418027094,0.024886541474293956,-0.07847191664556517,0.018100343331127464,-0.010689528017878125,0.018089314822320617,0.8151043165279936,0.033076853793622296
41,100,41,False,True,0.032410687199981136,0.06210290560725177,0.06115693908066421,0.06210228997178836,0.09537255734226005,0.06316901529766256,0.009154669508267854,-0.09888134842363869,-0.004179061762731706,-0.0007747669266698277,-0.0041933650182874515,0.8034410430703729,0.010890296306289293
42,100,42,False,True,0.058889972823847454,0.08685474773654606,0.03081781913464764,0.08685324287280896,0.14351455048858913,0.09357958339421774,0.04153988525677808,-0.021210671613552473,0.02136917664424807,0.0009292930397974564,0.02136853063528811,0.6376935015793359,0.04057741852457036
43,100,43,False,True,0.09288894424170718,0.12585164338169885,0.08326598130293134,0.12585828396874485,0.05130687472495638,0.08934533478250045,0.08650416441461897,-0.1213465544434926,0.0151892815426843,-0.10859358802912804,0.015178432281183306,0.9211788789287386,0.04001051957488627
44,100,44,False,True,0.03296863724772843,0.08252821838993853,0.028325514062244945,0.08257735261778237,0.1150540904781972,0.08383994100137207,0.05617012726518872,-0.083175826021275,-0.046780482406095135,-0.07113652326080482,-0.04678054580240385,0.504573658933868,-0.03666001345523484
45,100,45,False,True,0.026411938469916456,0.07583064016397549,0.012051421644929948,0.07584169246326647,0.0700664434005762,0.06692351963244379,0.01634849630877005,-0.017029512840011352,0.04208225258373304,0.00023435722732068065,0.04207535518778542,1.0654797748306906,0.06013132861006881
46,100,46,False,True,0.048788738738047066,0.07739971492746633,0.01869084046514665,0.07740297205068411,0.1100523726843913,0.07939450268582426,0.040286302571476175,-0.059737925359535905,0.0028983804338374598,-0.01774242585045942,0.00289435684245575,0.7243209554092829,0.022067343062521172
47,100,47,False,True,0.0696890871974164,0.07034322444757765,0.010879748518611971,0.07034725691985216,0.06645724997302789,0.06711037136583134,0.01970375775748028,0.017844379042877865,0.006991627802922267,-0.02812289920185898,0.006978448059051772,0.9422912032021215,0.02107522901947101
48,100,48,False,True,0.10794397608936711,0.07962119305003604,0.00704205009840412,0.07962657298058531,0.07874380831799287,0.05279849125457943,0.02149126409020436,-0.0866148886631812,0.05057727755808273,-0.00908432765505419,0.05056733246911968,0.6659206547124858,0.09059104497928344
49,100,49,False,True,0.0721711630433743,0.07217100687865771,0.007930309966934035,0.07217218853901285,0.10147998675634692,0.07217102133602016,0.02491441962124452,-0.10017450786302695,-0.10017406553280765,-0.14116165288400573,-0.10017585108495994,0.5692952484728557,-0.08974194811165437
50,200,0,False,True,0.0322133827083694,0.07004998204199075,0.003149536571419072,0.07004046535315438,0.09355011199714477,0.06249098550638688,0.014023446836446754,-0.03979927118731195,0.05302545840258482,0.004460775203357552,0.053020045429615054,0.9371668897637349,0.07203008504978886
51,200,1,False,True,0.034200610394357844,0.07614739134504653,0.01190229399730045,0.07614446554879672,0.07008348088579378,0.060744885112310756,0.014478874373531844,-0.02712197690342978,0.037567510693515445,-0.02710032516800171,0.03756081273171524,0.9924973612333321,0.055604397753419965
52,200,2,False,True,0.09296504380280349,0.05491334522712858,0.007847078964283893,0.05491296172424053,0.08747845939632178,0.05718716814246767,0.011198376246910325,-0.0809039934095399,0.028134388594725692,-0.024120963836909422,0.028120941254744524,0.6880470755147834,0.0397061825512654
53,200,3,False,True,0.04720472517855679,0.06663242155833557,0.006655155250257734,0.0666142000081622,0.097292177882448,0.06920036176355798,0.022575198921160743,-0.09927672673174753,-0.022107928404256683,-0.06102588309217259,-0.02211551745825311,0.8064351190179526,-0.016354781390626627
54,200,4,False,True,0.06628557106761414,0.05667946023860977,0.005047449224502441,0.056679780593757535,0.09221416298444537,0.06267890028761704,0.007431606673597746,-0.1101849512107534,-0.010949637488630728,-0.06945087937815264,-0.010948221265748188,0.6467470832456266,-0.004335186818640091
55,200,5,False,True,0.04145416960689063,0.060953617042547724,0.011514942081777151,0.060951159772127145,0.06648234038405267,0.04970207270171151,0.019669836896526068,-0.058021784434392015,0.05514862641057043,-0.029153016741284035,0.05513673165761503,0.8968181368227064,0.07688429914294914
56,200,6,False,True,0.012762493598605595,0.0609620584180123,0.0051762822515821994,0.060952521539629004,0.10148344820434736,0.06595041465135225,0.007763035699305071,-0.054580097587277915,-0.0008699627542347344,-0.04708036113448476,-0.0008809683424430404,0.8414217223738955,0.005752722916139152
57,200,7,False,True,0.05780202227103724,0.08272278963928471,0.003205277743524786,0.08278852594539807,0.07623137176351127,0.05734932522886307,0.022994555693110496,-0.011809532284388344,0.058235179729576245,0.027214345514784837,0.05822702811926725,0.8682899286606678,0.08388804960337715
58,200,8,False,True,0.022012321714214106,0.06322194848391066,0.005261848351245854,0.06320978544976442,0.09017311509216745,0.0617676243910454,0.016149522841321255,-0.02388507779377205,0.0187194405728151,-0.009474465184718943,0.018710887233693328,0.6542574152097896,0.031843564478020225
59,200,9,False,True,0.035593063350428236,0.08731937180097138,0.016947857549495453,0.08729689139190981,0.07882638098294342,0.051222530046288094,0.01948293508208626,-0.04989828960057403,0.05138178234388526,-0.028578623521135355,0.0513837480224538,0.7680142090139518,0.09323127288179356
60,200,10,False,True,0.05333217413663691,0.06895532713031303,0.009387525297164807,0.0689549959815236,0.10517226633564823,0.0734110671961769,0.03319783439631642,-0.08151331968257994,0.0020683475050370247,-0.0392129373031223,0.0020630132361335995,0.9276154798432209,0.008361755026513928
61,200,11,False,True,0.12941526942840206,0.06721383272595505,0.0051449726463630606,0.06720690420278935,0.07892894959693217,0.06083374292275427,0.016621783747330095,-0.08605095293996425,0.01587838549197329,-0.009111890079864581,0.01587141234788291,0.7276683909836233,0.030857540235959657
62,200,12,False,True,0.08960475245662765,0.07371376276000352,0.011091232738845854,0.0737103688023911,0.07884039734724825,0.06025250036277667,0.014041690357831416,-0.04031074453356007,0.05827756972903948,0.004483310363668661,0.05826607539305613,0.8761546659108749,0.07713112494222052
63,200,13,False,True,0.07169523034583035,0.10334717231133364,0.05399753947393327,0.10335001043842325,0.05218089401446042,0.06220209065778331,0.046377588755153576,-0.04916050382564492,0.07474511970255464,-0.03668349159606227,0.07473439744102961,1.0622804715182754,0.10457928703441538
64,200,14,False,True,0.09520480391199783,0.06312484975457412,0.008299865642945587,0.06312594250860555,0.07759311577198479,0.06149926921134215,0.014651212058992363,-0.03113368747160332,0.051973903269258985,0.024339983524430567,0.05196238798103316,0.9151940247650887,0.06078970299686859
65,200,15,False,True,0.23563170724872634,0.08036797335966994,0.0171845291885422,0.08036805567090287,0.062444164029160955,0.052030218908189055,0.03702250229720817,-0.05884018480323464,0.09246718827406696,0.03548623441062933,0.09245786608663507,0.8252679261404178,0.12169792720891959
66,200,16,False,True,0.07198381147507908,0.06800779272204573,0.004854664489562925,0.06800177968165481,0.06813497623138008,0.05354067683850598,0.01151262490143078,-0.022238875874778807,0.06426724498856615,0.020952846334407315,0.06425962234438125,0.8131506253078582,0.08363221626063766
67,200,17,False,True,0.10696299737628384,0.0752992902227003,0.004632353031627577,0.0752969281738162,0.08736155350348022,0.06075899111882926,0.012348811662200063,-0.04253710368015291,0.05167866801109824,0.02973030690018838,0.05167382352153396,0.7558193402868874,0.07268859804161087
68,200,18,False,True,0.04726190880082114,0.054473992229514885,0.006687464288391358,0.05447451468130983,0.08478102875382247,0.05842362777310457,0.005810977938979,-0.08526223463363054,0.017331774921756703,-0.04694775236130562,0.01732308233319941,0.9443072589673724,0.02759301837102518
69,200,19,False,True,0.11202368890282421,0.09144143194719545,0.0031013115394771546,0.09143954745427699,0.07561521508098729,0.05420790057515743,0.016540138214008977,-0.0422330830059693,0.05148230993314826,0.018680958424808117,0.051465313155951195,0.7784957959942013,0.09558015122115154
70,200,20,False,True,0.077383702606016,0.07003749692918959,0.0569924161644403,0.07002760527881333,0.07182145716170457,0.05582174896475522,0.01804346072275032,-0.041310592899747575,0.06419073447362628,0.07508392022087054,0.06418545858908295,0.9732128858772502,0.08170842823671803
71,200,21,False,True,0.13715521890702514,0.09815773737635103,0.031932515672609206,0.09815484215661362,0.10298572900547036,0.07104476890878884,0.04212720167887331,-0.03828468168567003,0.04283702926356853,0.016973788815589443,0.042827454581583456,0.6011778102387837,0.07134614806754058
72,200,22,False,True,0.012683813872792667,0.05886146592152056,0.0016933876889717358,0.058862656420463504,0.07728850558241943,0.061187872346551105,0.006285243973541879,-0.06671909573545907,0.002676857312704755,-0.04858086953067384,0.0026615358339985564,0.8623042521587868,0.012095279193016673
73,200,23,False,True,0.02164772624970546,0.05578739033035319,0.006519682617740937,0.05579693874198208,0.09031120962933552,0.05599105963871568,0.03363210415000532,-0.07219898488113168,0.01909772127068372,-0.05518163140329522,0.019081624018190836,0.7520261875790727,0.04153156870411734
74,200,24,False,True,0.10275596015751956,0.06543186189323429,0.0043940522505255646,0.06543425019517998,0.06978291510829825,0.060250188127289654,0.016055495294573258,-0.0733234374580946,0.04014188489598695,0.006698439235577425,0.04013010562189827,0.7278375641257098,0.05006886908052827
75,200,25,False,True,0.014778614683772983,0.05903160563027709,0.001581276798519926,0.059037636021041305,0.09055949524787348,0.06127043570532436,0.007279291741379999,-0.019295688639993997,0.04018097988206122,-0.013160093131124224,0.040163457703959723,0.9336307474815934,0.055058302125115366
76,200,26,False,True,0.022528014447044588,0.05877502121598057,0.0012912815262013945,0.058762301628705396,0.0658585338468562,0.051863214473958225,0.010116486151341262,-0.027733711680581027,0.03346354203087209,-0.0021246305577182945,0.03345258579067753,0.7272189011878788,0.047819567155532816
77,200,27,False,True,0.10866385966081421,0.06566196113621846,0.02328123141457838,0.06567408219858618,0.0791424222688473,0.05579594386411132,0.03249878923524488,-0.06213915279474016,0.0624081285599042,0.00620928601648618,0.06239654438943056,0.8369926816673576,0.08130472277181827
78,200,28,False,True,0.05430237289979959,0.05636005996393861,0.011194098249276207,0.05635873695825226,0.11693700178055551,0.06632101706416535,0.013214357721374826,-0.09840045913064108,0.00859259275315999,-0.06534085345290938,0.008591242540901618,0.7476544520237617,0.022014185695077015
79,200,29,False,True,0.03801154691957489,0.06544287641990486,0.005307576192343248,0.06544375576935904,0.0662740564739096,0.05660064558240502,0.019093074222452894,-0.017733360531996575,0.03912109470916697,0.006644325313737882,0.0391092921907601,0.6831055243708836,0.05230661881008658
80,200,30,False,True,0.05085345179348652,0.07237286484164374,0.006881140118930007,0.07238325412858679,0.09414351816871783,0.056230989576475716,0.011001013072040522,-0.04371564784918728,0.038626854176860806,-0.008301479654120874,0.03861350232834759,0.7015882869230413,0.07332198335728712
81,200,31,False,True,0.04677773876610218,0.04803094585729466,0.016352570777226596,0.04803306391406214,0.07732933376254007,0.05170698958199061,0.024645219685927366,-0.1141303722419059,0.028937276629294004,-0.080704731120097,0.028924780647765262,1.0369688456057742,0.03953425283109402
82,200,32,False,True,0.10903757510772148,0.06033133213729338,0.00326874331973898,0.06032146554499267,0.08201551947279416,0.06014266933877013,0.021429165906660066,-0.06601302622236409,0.04051597395719789,0.004738228587525001,0.04050454392444849,0.8329661414988532,0.05080085200485923
83,200,33,False,True,0.09726296219022798,0.06759943773358203,0.004597830163940467,0.06760146110202073,0.06292235148528219,0.05182633030896107,0.015104311721604164,-0.038730303609324696,0.06887545368826778,0.020477599944703218,0.06886934480693427,1.0087480044784716,0.09121168572026273
84,200,34,False,True,0.10816521292435838,0.08216900000584886,0.037288667528652855,0.08153319746584366,0.1130563850361377,0.07539562223750869,0.049663170606142226,-0.036530142839570894,0.08401180518640515,0.00893332354987306,0.0841029377021853,0.9179074612899463,0.10704871710391822
85,200,35,False,True,0.021614060810792646,0.05519811198648014,0.011627382820513107,0.05518325620641445,0.06511933746637155,0.052748971885138725,0.021384894477890073,-0.011378936445168537,0.024485120383608533,-0.0017545100237206547,0.02447925537590656,0.6985254229667822,0.034065086697846914
86,200,36,False,True,0.10727810256593039,0.07423212320573315,0.008152708294169963,0.07424201815241234,0.10455487917197376,0.06762792442524578,0.03313686562241378,-0.05471724863592267,0.044393585701592006,0.013090423878444479,0.044382866750785295,0.6679925502190359,0.06628667877331257
87,200,37,False,True,0.12661848346627388,0.08304834125746202,0.012622662910283687,0.08304738967181813,0.06105676415432218,0.04723921430972439,0.016228611196696968,-0.05924613124557536,0.05928992632913364,0.003291886536900437,0.05927980842215675,0.7473521100100733,0.09315636976912273
88,200,38,False,True,0.07147248753917007,0.07412921121370132,0.011834768583294322,0.07412125066780569,0.08688954236612803,0.06247443004402684,0.024771356430899682,-0.03458163433840302,0.037226372200332494,0.002517895883110601,0.0372197310944496,0.7886759275693085,0.05967503606093727
89,200,39,False,True,0.039285729486452,0.06553225223026865,0.004450414197140368,0.06553704687968988,0.08051838516262629,0.053203905043337746,0.019609740844014987,-0.034717657364701095,0.050972860009282715,-0.010700046597918397,0.05096493020609707,0.8436181376296946,0.07194255606169508
90,200,40,False,True,0.23629094822605823,0.10336048221617658,0.00931041800547724,0.1033563692227004,0.08927289059977278,0.06857162785553932,0.02052309841842207,-0.05850299455399055,0.06962906758100815,0.05732132261789559,0.06962706367663579,0.8071467232243547,0.09805094842283069
91,200,41,False,True,0.006852882677122112,0.051029878106014864,0.0029359189495895156,0.0510281233963837,0.08840353867457179,0.05722112606768591,0.00924164803698328,-0.04356495763772605,0.013394422637624857,-0.03774913281289355,0.013385960542546798,0.8108090263835454,0.023876861666091542
92,200,42,False,True,0.042319584557230845,0.05555021677907779,0.002686807665084483,0.05554635032534872,0.082424853698633,0.0572460493443155,0.006508940389826423,-0.08971051378689898,-0.004931093586224478,-0.05988238319781724,-0.004944556062059889,0.6135756958685689,0.006872353136858078
93,200,43,False,True,0.0135497618252122,0.05453274380501041,0.0016401414476809597,0.05453371809765052,0.07025463863920053,0.05438148162325293,0.005761479338129411,-0.040750923348718424,0.02294556692975334,-0.030635324817711727,0.022933863749418536,0.788648322145662,0.03281492335373282
94,200,44,False,True,0.14415257019093441,0.0781079130516472,0.009659940993218503,0.07810503125532081,0.06743227164283055,0.059421512686875094,0.017257756707225354,-0.10182889507279054,0.05472505884300063,-0.002663062069500546,0.05471968450010678,1.0167971791261656,0.0737765843537121
95,200,45,False,True,0.05276588696428038,0.06469910737161116,0.003429921572097862,0.06468127428694195,0.08314627393991703,0.05894220636438155,0.021988277513900294,-0.02881412429773053,0.05993735291466436,0.015117583410398107,0.0599271176340077,1.0037094397070754,0.07378842929333829
96,200,46,False,True,0.07368163316538014,0.08523789992405346,0.022403485925619707,0.08521948353768964,0.07675030093415408,0.059474411629341487,0.042466038142470255,-0.007505588589454218,0.09300831973570958,0.022600355488332134,0.09300914385984292,0.8726410957745876,0.13302905183125352
97,200,47,False,True,0.1555631818364032,0.07684401966538904,0.001396680838422519,0.07684477021797073,0.07222178386029023,0.05364708432248968,0.014494366985601175,-0.05512783068915136,0.06850688875277022,0.04482432618668167,0.06849645628384388,0.7934540652820158,0.09502682478236579
98,200,48,False,True,0.06509660611028939,0.06684394374549665,0.0032426091092031427,0.06683621922116195,0.08586610012930677,0.058609019670347304,0.009749498887871844,-0.06320305356329381,0.04345517740423631,0.0008516741452870713,0.04344532957371726,0.7886619089422728,0.060609437090166085
99,200,49,False,True,0.04933442779194748,0.06400720101811155,0.022788288217007117,0.0640055761272317,0.07567131526759523,0.062420119832389515,0.030659687828983928,-0.03404049682545844,0.019541988967192624,-0.008414935345507546,0.019531452023596643,0.7384769303685562,0.029050057690283237
100,400,0,False,True,0.011503615307570285,0.056621638527631635,0.002237272112478413,0.05660987586731386,0.08575022908627736,0.05813054794201017,0.0033737463939647445,-0.04554934807977231,0.017080431670224883,-0.03379666005026729,0.01706807268291783,0.8116748004915496,0.028087309230130086
101,400,1,False,True,0.01019237755638029,0.060851933231649766,0.003637311613539283,0.06085532130985043,0.09062810383776494,0.06369253151982301,0.006987603515879981,-0.02408749176021309,0.029119835324880085,-0.012752863537428959,0.02910820244914035,0.8474221910870345,0.03694389213317856
102,400,2,False,True,0.056905236770498045,0.06220569114903921,0.002134769229197862,0.06220101660265262,0.07843630223942155,0.05731368952836893,0.0035308588147095884,-0.01810189908609643,0.06369624299911131,0.014783728531308524,0.06369296482169283,1.0692494744997678,0.07678878511314513
103,400,3,False,True,0.00275681770091168,0.055546917644100136,0.0011083963744109024,0.05554603851163772,0.08064054088638224,0.057139794514824045,0.0032902830297194654,-0.02345260641713799,0.02909606969966305,-0.02127270729248752,0.029087820220393894,0.8409459463505773,0.03498360777140813
104,400,4,False,True,0.056102053102056154,0.06716856607277161,0.0021846695237880917,0.06716972092767863,0.08037053464097581,0.057100782316943224,0.007474341881768795,-0.013684896980441402,0.0651195918477859,0.020590932918673407,0.06510696682301571,0.8956988009107082,0.08090260090645801
105,400,5,False,True,0.0256572592240155,0.06474551765862764,0.0016152312618111459,0.06474605998418177,0.06638584125210378,0.05116652533782926,0.0032817047897380344,-0.008398024003110937,0.059521749390423796,0.013678057549499342,0.0595088016533397,0.8712215747756034,0.07709019120684374
106,400,6,False,True,0.013819235175833113,0.06324157810257904,0.006025003181923406,0.06323473720252265,0.06898271238328206,0.05153011920060399,0.00804510386947442,-0.025444538702902256,0.04664889106723301,-0.016531225503049685,0.0466418501714346,0.8817868249755506,0.06243626012216058
107,400,7,False,True,0.014697851518814357,0.0528201458906773,0.0031990360270411243,0.05282044357291363,0.07229435933123042,0.05499515935322161,0.014244788056009528,-0.03986779544341987,0.01813190410630881,-0.02675368747693324,0.018119393268786154,0.78702012480833,0.023792721214237256
108,400,8,False,True,0.005569750373329547,0.05508314885527604,0.006564074761828658,0.05507807292233036,0.08750053628606619,0.053667761423883346,0.019040631534956057,-0.021044145658793846,0.04498122826148489,-0.02078590842453365,0.044968218058482425,0.8577790068736629,0.061799584430866916
109,400,9,False,True,0.048368696883441295,0.07437181044348253,0.003469530983575035,0.07439190803430783,0.077210074880554,0.0548653323049929,0.010547984105798137,-0.024146504440307196,0.04885176839452278,0.006438517961137498,0.04884157316613866,0.8635687608719073,0.07332757894390979
110,400,10,False,True,0.049259140057811956,0.07077562230200635,0.00462161117428999,0.07077452122542448,0.09289091619693524,0.06218256148697487,0.00932887799686469,-0.007909688872721973,0.05762489760515308,0.023976701497440276,0.05761527062880767,0.8243221265546881,0.0759223630001834
111,400,11,False,True,0.06269963867643275,0.07725773403908853,0.014786208420396392,0.0772535027151528,0.07021149056438147,0.05668517143845232,0.010910919599548253,0.01224050238394084,0.06706235776394884,0.03790736742154543,0.06705241078856097,0.7887293428984475,0.09010361308703929
112,400,12,False,True,0.03213184665494913,0.06431765232953654,0.00013384757436289327,0.06431457639939468,0.07410678268436324,0.055072728704984114,0.005209618612947582,-0.009035534431576096,0.05165386365004096,0.009153728162488068,0.05164818452073213,0.8395905034348167,0.06816834765508717
113,400,13,False,True,0.003979184193233491,0.05763645727356935,0.0029971075479572075,0.05763596610968541,0.06554201920145922,0.052257848856857386,0.004191649864978387,-0.014392559200138962,0.041520304426374825,-0.013814510708284516,0.04151009252012493,0.9072247327518643,0.05248426685081492
114,400,14,False,True,0.008012709173033055,0.05853301833364746,0.002495387294980132,0.05854002284199033,0.08890348286135324,0.058159279508678934,0.010309412759123168,-0.006626659843578064,0.05586568175698773,0.004921978215434484,0.05584965804920536,0.9546231325272398,0.06806298633123087
115,400,15,False,True,0.02804669677105745,0.06660645988842932,0.01808773935381121,0.06660353504669418,0.08894062269077986,0.0677738515452538,0.018325976975298915,-0.04229450872230505,-0.010966829301078888,-0.03129643122388101,-0.01097459386494151,0.8006374805512615,-0.008159884659185268
116,400,16,False,True,0.06695660515814217,0.05830975450058339,0.0026788711961945634,0.05830448589131737,0.07036558072488608,0.05542754715006861,0.01506696847142606,-0.04174101820652773,0.05008911058688455,-0.005883875865804397,0.0500806798151207,1.0321632251436006,0.05986101203482974
117,400,17,False,True,0.06606333187565233,0.06970028347782574,0.0010836120144736918,0.06970011763025716,0.06973646025221483,0.05672655975047593,0.005217322421994107,-0.0036804226826213727,0.06255225261190667,0.03037533453657143,0.06254354535208834,0.8540075879842159,0.07914172747490639
118,400,18,False,True,0.02164501352554423,0.05859019507852186,0.005537802935316125,0.05859121938823285,0.0776562461714215,0.05981653251819274,0.004328187671088723,-0.029823404237536443,0.020988186028631832,-0.020240042967448604,0.020974537140807003,0.8346839496642552,0.02607863359259449
119,400,19,False,True,0.022657420490647548,0.065235238945416,0.0021340955881840686,0.06523110597667327,0.07165389660273473,0.05717227633888437,0.006616971168359863,-0.018946297491418716,0.042397089968349067,0.0022785214216900587,0.042389978285816456,0.96923990472339,0.05437796540245199
120,400,20,False,True,0.03014951483199803,0.060676362441440965,0.004023549341816922,0.06067744622362689,0.0661932893291912,0.05391255355220515,0.0038492626856381335,-0.06383450968390285,0.009702537888849463,-0.042722414375270024,0.009689717056385732,0.8179255142160886,0.020886518212676897
121,400,21,False,True,0.007631258641892562,0.061802299157269557,0.006286324598340869,0.06180466849384041,0.07934063759575144,0.06333005947792639,0.007327102220498047,-0.04354434594466767,-0.006915676997819347,-0.040867690692940724,-0.006922040488214591,0.8226481488286153,-0.00354525991213428
122,400,22,False,True,0.07013804229403811,0.0680646447861652,0.0031685439988702753,0.06806453179435484,0.0708195519538227,0.05581375075044568,0.018952028426537364,-0.017298593141407328,0.04440001120000922,0.019851956329456348,0.04438836702228592,0.8642450178467113,0.05899268434930083
123,400,23,False,True,0.02121059741779399,0.0574481242176704,0.007016006349428949,0.05744851539128639,0.09971133910621663,0.06057698730422949,0.0072785554461452144,-0.043516126293521536,0.0281547283985816,-0.025046959971225257,0.028141854106203682,0.8628190600865301,0.04049649816674544
124,400,24,False,True,0.024829545215195786,0.05677891376798913,0.0019768303119801593,0.05677396227123752,0.06911022107508404,0.05184050076531012,0.0045998047918787205,-0.042081746887140475,0.021178122067532217,-0.02606358417246998,0.021171335438407015,0.8023695143150588,0.03420808197792263
125,400,25,False,True,0.06499124924000226,0.06263015596143723,0.003404565955752779,0.06262582197384672,0.07744893907887078,0.058327044508545395,0.005817866488858821,-0.05927728453088192,0.016963342468710535,-0.016355334384080024,0.016956996175344727,0.7791641170207453,0.02818184462023443
126,400,26,False,True,0.06531813568624234,0.07293365405200136,0.006338835378289861,0.0729072917671507,0.0766273004623274,0.05342045332746352,0.02035522181873431,-0.03016117962182107,0.04752921580252476,0.010612852739350573,0.04751998261123852,0.7748222124769418,0.07124174199845179
127,400,27,False,True,0.0495397050865973,0.058075734868565314,0.004784233365498696,0.0580693016260374,0.07998387253623648,0.059040926406393225,0.007488963186759847,-0.05497228390924019,0.017822611302527137,-0.013031940000452925,0.01782049767495387,0.8409279055801813,0.02520769732165029
128,400,28,False,True,0.09340481378431,0.0846760510829435,0.009599324169693528,0.08468139986017623,0.07770241539627733,0.05694266372771601,0.009677460211776252,0.008988603078466892,0.073246524646394,0.04666157669010561,0.07323651102332562,0.7938145394865621,0.10042178772599086
129,400,29,False,True,0.039606585332652405,0.06133089129013433,0.0014120473221639867,0.06133066470206603,0.07640982334872926,0.05512664863788579,0.002633664273038324,-0.04067323448652914,0.031093153879519806,-0.010881168918370484,0.03108147933088418,0.7419955808387217,0.04430307239085013
130,400,30,False,True,0.06626025252790485,0.08136988222018322,0.004889206097257326,0.08135972186832881,0.09097006937458613,0.06128128997246915,0.009880013664603537,-0.013651578318506998,0.05669973220231448,0.017435072546574334,0.0566934360611819,0.8121098484049782,0.08451463142036192
131,400,31,False,True,0.0456051728464407,0.07785831742118555,0.010305285405509297,0.0778090312053606,0.08206083032928796,0.05658738155202382,0.016371208466187538,-0.001438354056110138,0.0814651094863963,0.022097291061682487,0.081451750432078,0.8146529931081835,0.11278664636460628
132,400,32,False,True,0.025989167930136434,0.05993208054553786,0.0033899185311834436,0.059938498015600576,0.08500736263160145,0.05989698556392658,0.0077682969381619536,-0.04922121372444739,0.013524877064910542,-0.03052356127736531,0.013512119757295977,0.773322222519034,0.02332339267776512
133,400,33,False,True,0.043089743019619896,0.07927697425429357,0.005978976462042911,0.07927095640438223,0.06957986376608433,0.05826634600222276,0.00948641476188628,0.019678342752005012,0.06875181836982008,0.03544090802569145,0.06874504652982666,0.8858862390163198,0.0901593311530135
134,400,34,False,True,0.04605800785545207,0.06260658810328437,0.00290934022118648,0.06260632200981961,0.0820645402800512,0.062213500838306006,0.0045124305035500085,-0.06487600289449047,0.004198664429419736,-0.04035936673161942,0.004184441919750626,0.8241889421019336,0.01122562359825352
135,400,35,False,True,0.008896540637650033,0.05670627870401272,0.0016193863205976782,0.056704893191963875,0.07324552425211524,0.05614089517007329,0.006191228545725232,-0.04165871713952866,0.026651795148655497,-0.029741103449834442,0.026647312260783877,0.8712675223156537,0.034304951925993976
136,400,36,False,True,0.005942974865406675,0.06224432983045235,0.003144535060800842,0.062239425881717346,0.10351297919385746,0.06786410380780179,0.005150495873884878,-0.06633817264651005,-0.0070068482643021925,-0.06367000675485865,-0.007010548946996451,0.9169020760855677,-0.0029504686312661343
137,400,37,False,True,0.01932579046241018,0.06342707383600278,0.0027596542788036384,0.06342338860111423,0.0880082971825337,0.05608147818586798,0.008546393605776612,-0.012703984645360107,0.0481355994375312,-0.0011808168550503596,0.04812303697633553,0.7834485091390555,0.06653201150971183
138,400,38,False,True,0.0377988326628269,0.05923734340362417,0.003281455211473796,0.05922463850169708,0.0756675756588444,0.055504644638083835,0.023788010516186845,-0.016220682957837487,0.033437048039880464,0.008309331135006861,0.033429071790891815,0.7815479110204471,0.04387767326267422
139,400,39,False,True,0.014612252389076,0.061105178909846486,0.00647794257487804,0.06110452145938509,0.08645867949188453,0.06453833988073981,0.008565033723229929,-0.039151640855057755,0.004495394967252082,-0.029455938345548764,0.00449177611705224,0.7505948864631057,0.009539598800572258
140,400,40,False,True,0.01797479363709355,0.055423326225398875,0.002441699747772577,0.055426900689501284,0.06574703518347094,0.0553173179618579,0.002969985538001859,-0.06014220143210679,0.009643379226511399,-0.039468308102873266,0.009629321550778584,0.9293706851034744,0.014752806388362294
141,400,41,False,True,0.06508665027684153,0.0627996760008873,0.008473947728150745,0.0628012129290187,0.07315630017851135,0.05143751899097126,0.01079430399860367,-0.007447503813632182,0.07480321278637071,0.01392587780596177,0.07479642363029733,0.9258159992482641,0.09316937583813156
142,400,42,False,True,0.0565422989920335,0.08308276920777873,0.003875162435073616,0.0830836394134376,0.07362957324426427,0.05961673970729236,0.00949634114782518,-0.016757696163820623,0.049902379454940374,0.016685457837635684,0.0498963853485958,0.8857080472699169,0.07104543838743405
143,400,43,False,True,0.05967770775275138,0.09715794837943814,0.024098080850777245,0.09716378871287816,0.07325395946542256,0.05872740347416596,0.02830058440101426,-0.03368131581754991,0.07526243808221693,-0.008689858403486161,0.07525836449939462,0.9455937843587435,0.1073331770174209
144,400,44,False,True,0.12132423016685073,0.08074280822909198,0.0016778347919239344,0.08073419206413289,0.08348438059357115,0.06028842852452358,0.020920891994271475,-0.027098696066224226,0.07721055919936064,0.045692143211459285,0.07720295394552466,0.8890163383293783,0.1041215007069124
145,400,45,False,True,0.0051130509226889175,0.06990904693614686,0.008419485239139097,0.06990303131862968,0.06416517364985752,0.055213017535589916,0.010569726240524342,0.004814392520761872,0.05374756925513104,-0.00545856644788167,0.05374150369341642,0.9350509705096428,0.06920755355599129
146,400,46,False,True,0.0437083611739902,0.062248738843653395,0.008953537137639366,0.062247149385695186,0.08801446299063538,0.06164226577545315,0.006440311360383972,-0.033624870653983174,0.02030070666808797,-0.011161749619302701,0.020288336800963123,0.7248597411104769,0.031568012459449624
147,400,47,False,True,0.030443021259588653,0.06249740839158863,0.001375766231041331,0.062494806571857256,0.07481159044526209,0.05699758300286767,0.0128863080678694,-0.02725543279002286,0.029466189167732963,-0.007830969246654858,0.029454581583398323,0.8830756168809298,0.04081927542827335
148,400,48,False,True,0.005757167536482563,0.05650283818863935,0.0012992498469054283,0.05649927833130071,0.08177899019890723,0.05760114845689045,0.002323824303757928,-0.039035547702000406,0.02330909052931695,-0.02976915348137994,0.023301829721122262,0.8034739768060329,0.03113870010896519
149,400,49,False,True,0.028133881442032754,0.05960001909590676,0.0013563805586053153,0.059602283761127334,0.08736042829672795,0.05881676247764883,0.002310704397762977,-0.044565257792757204,0.02320465293491907,-0.02392560426034584,0.0231914778153466,0.8495153432684681,0.03396541469746084
150,800,0,False,True,0.009206911054508056,0.05822841697021591,0.0025614074966750743,0.05822992018734448,0.07374591209568206,0.05909693231460623,0.003895706388807772,-0.03458012693971102,0.016575941395307155,-0.025897531224210502,0.0165640778801847,0.9031950590429793,0.020241422345025795
151,800,1,False,True,0.03913434113358535,0.05706215080544554,0.003302412250128654,0.05707573820879396,0.0777557569048043,0.05485246313621966,0.005362714588633843,-0.04892773458354494,0.01090580393991715,-0.03043152927415858,0.010894069869536694,0.7488119713147975,0.021978666003558245
152,800,2,False,True,0.0072101973614071765,0.057685550957636646,0.0015731582678149135,0.057684216978938246,0.08475160635957661,0.05790139997157862,0.0017827266914456647,-0.03198581746467192,0.03442283109908338,-0.021988142223753806,0.03441583319210999,0.9272308347475362,0.044185178091744104
153,800,3,False,True,0.05603138266724305,0.061577586421446666,0.0024895931795794386,0.06157594089094259,0.06464226189703286,0.0535062178978848,0.0028864527052982355,-0.013177299309787168,0.05677093024811328,0.017074258504387613,0.05676354696281976,0.9180558581667819,0.06807992492820703
154,800,4,False,True,0.007333515403211655,0.05166802398078894,0.0006705796313763856,0.05167555601191446,0.07628218414291735,0.05286273702909553,0.013983666175445447,-0.023418196338267014,0.03354709428875964,-0.015870447065703012,0.03353669917662671,0.8938898159062977,0.04164511207657229
155,800,5,False,True,0.03676653068408029,0.0716758797676682,0.008000337120075907,0.07167081481623111,0.09785983312059038,0.06779490110872785,0.010145984855826736,0.016426400532923064,0.05178306774412903,0.029249762030159485,0.05177559794330321,0.8704816433963132,0.06466674592365851
156,800,6,False,True,0.013086910650370702,0.061815237707429,0.0020375045129097462,0.061817163036856596,0.07073559868577164,0.05658682520585654,0.01947137665545341,0.005978767720072334,0.053789991059990716,0.01740516685037981,0.05377727108698459,0.8713591770503237,0.06259523594994432
157,800,7,False,True,0.04455823526913564,0.07296292804843621,0.002412327219631083,0.07293665081946878,0.07575214243012823,0.05567852124975415,0.014323685371927328,0.00732748204098406,0.06619368905543496,0.02698292308477124,0.06618554362523411,0.9072838734154636,0.08518249364850317
158,800,8,False,True,0.008787033028460354,0.06640925224965187,0.0019813370612623586,0.06640149101495156,0.07749462298078526,0.053269915848765254,0.0030273950219571917,0.000427329891968426,0.050433780040886805,0.0048639482265859365,0.05042682549153803,0.8596147984955516,0.07031535368487313
159,800,9,False,True,0.05561604464921914,0.06255073592127273,0.004840821949815164,0.06254835172554724,0.07929093083080592,0.05989941803180791,0.005744252670308767,-0.019136986791553127,0.0371875012567007,0.011652102837374053,0.03718176319793301,0.7960860265684137,0.0456781469397447
160,800,10,False,True,0.010409181986793874,0.056409432922490746,0.0012588753743195073,0.05640925977936962,0.0734980211612338,0.05504397622621843,0.022519406385005304,-0.02705048731420928,0.028302774204267394,-0.016776638492749792,0.0282912137431061,0.8511036431797824,0.0357747902405357
161,800,11,False,True,0.00577827909273948,0.0602214674086997,0.0015038656472273878,0.06022148355490486,0.07379687956777399,0.05665233943948752,0.002922379487820193,-0.016685915820758273,0.030627173083763212,-0.011555422773894543,0.030615766868359984,0.8924800995931315,0.03944911654336053
162,800,12,False,True,0.0300816195937221,0.06305061565555262,0.0026794050095512094,0.06306486937103001,0.0741513635206713,0.05826007342080699,0.003646613923706609,-0.014385004164429907,0.0364508573650847,0.00327142609432596,0.03644548302980546,0.8292970936488986,0.044953467268667835
163,800,13,False,True,0.026468948814024264,0.06808714284869678,0.0025302020146506466,0.06808564123924012,0.07086097298361686,0.05322804365976732,0.005880931878199834,0.005240512536922131,0.06287262826141962,0.017368181023922267,0.06286221106973117,0.9182615213547103,0.07956438072193428
164,800,14,False,True,0.02329591421048976,0.06109322907352186,0.0011804151651250668,0.06109222554255133,0.08121722846378708,0.05608891766437489,0.006233881150571628,-0.02802342572699847,0.02970662581071622,-0.012273934164133216,0.02969342691394857,0.7961628037868644,0.040779951611920884
165,800,15,False,True,0.026462699640567102,0.056681043372319495,0.0029363447899342695,0.05668183166261449,0.0775845564492382,0.057937967397591696,0.0036363892172008028,-0.01737270684398423,0.03078612947364789,-0.005723728790413645,0.030781260132531685,0.9217238644678563,0.03664075050545085
166,800,16,False,True,0.034826536045317324,0.06988573022957673,0.0025731545096463813,0.06992375807256737,0.07820373149617958,0.055985701577650426,0.002758186922902548,0.011888734262560392,0.06656500650561477,0.028475908125721188,0.06655876805876368,0.9276570686294642,0.08315819568949562
167,800,17,False,True,0.02079685226128826,0.060706009465560144,0.006075543836159035,0.06070558185134553,0.08803033193249991,0.06241273491238258,0.00675131931240301,-0.025127549123279795,0.019702306149810198,-0.014258819253652553,0.01970024346473096,0.7942803105350954,0.02536130567230832
168,800,18,False,True,0.018782861421194282,0.05749399614577858,0.0009137479331392828,0.05749477937352065,0.08242551448307413,0.05626146795987222,0.010359982583709553,-0.02995284122644589,0.027191257789277827,-0.01601173457615703,0.02717712827742922,0.8103249447651976,0.0369027633856831
169,800,19,False,True,0.02776494657540673,0.07014986185468008,0.004377167267010707,0.07016546360921888,0.08093637916388723,0.057547717540313535,0.0058481538538076566,0.0029582281838130805,0.061437135553394175,0.014473022896785644,0.061425514687761765,0.9151934447142756,0.07936292164735659
170,800,20,False,True,0.03199203916570246,0.07530643343879129,0.004320367591441831,0.07539703503458359,0.08465971405597232,0.05681333750503891,0.0044941777308089015,0.01286398925111504,0.06901173010727049,0.025629144774689628,0.06900287586418984,0.8763892608001886,0.09350178188320074
171,800,21,False,True,0.008921153597090054,0.06743929121491612,0.0019086637159382005,0.06743250284276932,0.06983317239293214,0.054988554362706055,0.004634985913910351,0.005655970961046122,0.05532978874188004,0.013726529881342627,0.05532308618795291,0.916447829320559,0.07033046534586745
172,800,22,False,True,0.005713438418951066,0.05217707712213612,0.002426127725086854,0.05217801302450634,0.07834326986429746,0.05435255269271722,0.002975917213582354,-0.06024208607817511,0.021105907894991987,-0.05321484229598493,0.021097824822937098,0.9703940216349216,0.028035979718836035
173,800,23,False,True,0.009043298668681721,0.05797597862883462,0.003453114215515701,0.05797663140044682,0.08349523779829073,0.061260175387552386,0.004598997522340829,-0.0329731243756433,0.018748822955078952,-0.02289597360346684,0.018744337870719434,0.8877581765396405,0.023209359190245804
174,800,24,False,True,0.022494791297523235,0.06898663935245573,0.003554603266992535,0.06899159516976205,0.0666013229082017,0.05521271306665374,0.01246705943209982,-0.0022753305717252504,0.04294110552175475,0.010039859304981308,0.042928006136542365,0.7725313886612681,0.056760007305423466
175,800,25,False,True,0.0046182191300317196,0.058574897292730084,0.0006758638176171443,0.05856988337254677,0.07322177603355214,0.054988094744062,0.01235786642667381,-0.01754613588048525,0.0358314013626358,-0.01306638435901143,0.035825627303894124,0.9053582364093532,0.044639453644758464
176,800,26,False,True,0.015190352356386858,0.06036911986337797,0.0013755934953217622,0.06036244740452824,0.08121889117113434,0.054919922298003306,0.0019818927546526493,-0.012773099483896697,0.04806592928005948,-0.005756285611530055,0.04805899941157229,0.8346797649194551,0.06244088062197806
177,800,27,False,True,0.033878542588930916,0.06415108412898185,0.002390129884726,0.0641368970558282,0.07619102313019613,0.058320670158662775,0.0036314026402421164,-0.00732471397948935,0.04532454705535237,0.012909471151929522,0.045312268490928606,0.871779581337997,0.055871420069402156
178,800,28,False,True,0.005605510321705217,0.059993584466238536,0.002646267675482977,0.05999263529254906,0.08143101141114524,0.05913090167996261,0.002881119298691782,0.0004602520016653688,0.03969776685825195,0.005098821439923289,0.03968493138240106,0.919808256842309,0.04846539521330784
179,800,29,False,True,0.04680948708490838,0.06853827553749191,0.002153664334132455,0.06852163009798695,0.07249438068918691,0.055078785741457595,0.003009046241206572,-0.002096153201835841,0.052513701769677824,0.02285459845827854,0.05250773157687341,0.8941106872897467,0.06709537408942146
180,800,30,False,True,0.003077061813739349,0.059654103338798024,0.0033496457800472534,0.059655359313995904,0.08790371560598079,0.0626203965955003,0.0037459214817762874,-0.023842969695479138,0.021790157115000854,-0.020549061135667793,0.02177906938966892,0.9047552491722552,0.027392874826020097
181,800,31,False,True,0.009141703279480808,0.05547847695353595,0.0009211872805909768,0.055479724399645526,0.08493802992515048,0.0574959440000556,0.0016828321361288534,-0.025508851515354137,0.04021389159550587,-0.016000650492535927,0.040204425960233436,0.9458937113047267,0.047605577333382165
182,800,32,False,True,0.00824896439271438,0.056348748623484636,0.0021295590294241246,0.05635035921634312,0.0704287122302694,0.05489332338495605,0.001992691532504868,-0.03323960328662373,0.02903000346006536,-0.024871923248792803,0.029017780181112868,0.9008035706622033,0.03605684723528774
183,800,33,False,True,0.02836105584417896,0.06326778741899027,0.003962040821213422,0.06325586196281452,0.08079314315486175,0.05950159799728071,0.004367996107605963,0.006853685946769195,0.05101089963273751,0.02017463748099218,0.05100181226688008,0.8239157564015375,0.060422974729486434
184,800,34,False,True,0.015512575470457987,0.05661028789048056,0.0018127997775141908,0.056610913064049216,0.07050111516552762,0.0542109903314726,0.002522250085032603,-0.034813996157867136,0.027475794218919276,-0.032359212677640976,0.027463580548920348,0.8604272361118326,0.037458634623291354
185,800,35,False,True,0.012150900707423948,0.05789408642330983,0.002943157627561854,0.05789214089744303,0.08918534816650688,0.05956699732751091,0.004024215114870171,-0.024343027757216223,0.02977274927777941,-0.01601607822729255,0.02976115980749583,0.8476054459759149,0.039216186685255616
186,800,36,False,True,0.009431913830357802,0.06286381761407807,0.0028344351329861518,0.06285740845133779,0.07269102646649589,0.051773338777000515,0.005069787915761027,0.005169040719577121,0.057367554915346376,0.009059190543153397,0.05735922418925199,0.9121920995848234,0.0706096581788323
187,800,37,False,True,0.0014876806370744807,0.05791351748880445,0.0013782208366576224,0.0579136334691629,0.07562516808235284,0.0555306648232413,0.0018587563349206208,-0.019739622939202252,0.03972543285345516,-0.016114695053929408,0.03971457764874778,0.9204146231071322,0.04906340011390348
188,800,38,False,True,0.03552159238689298,0.07151302366351676,0.003053804013268623,0.07150314471268407,0.06584203299424701,0.056594241843844505,0.006023400490286948,0.018123038492080506,0.07308366495966041,0.029248097748277493,0.0730709586815135,0.960677850096488,0.08854438509017498
189,800,39,False,True,0.0059793794121329735,0.054760525795025605,0.0006533966961902566,0.05476075947658992,0.07836859919530581,0.05718323908231831,0.0027515598926250613,-0.038022483592644235,0.01525475113136622,-0.032863674620488316,0.015255606978440639,0.9379221018789257,0.01971084446088628
190,800,40,False,True,0.003167174388717507,0.057716321043416265,0.002073875927441266,0.05771085320687401,0.09045711375373852,0.0597328356331914,0.013499087015908063,-0.020703133908111543,0.03427003650290864,-0.019429235420865033,0.03426422279110909,0.8761720351449571,0.0418198320749667
191,800,41,False,True,0.014439318175452026,0.060422468911168245,0.0030005172554744388,0.060425741193985714,0.06814202719387023,0.05348718686408921,0.00417320454945631,-0.03007415171175239,0.03830930059470283,-0.019717304741573738,0.03829543405485154,0.9488349438251328,0.04913870628467665
192,800,42,False,True,0.022462434886957094,0.06199221919119661,0.0012306326408826293,0.06198532331774174,0.07811610470743363,0.05691074354193468,0.002577824736916823,-0.02012810311208249,0.03080083146905423,-0.00678543854647181,0.030794196286105944,0.8001188419351655,0.04152787572518607
193,800,43,False,True,0.01752584309664196,0.06790721362573121,0.001235537514721974,0.06790410086916314,0.07299664290352909,0.05615514804464581,0.002249683633606176,0.012411973060602946,0.0644453331187438,0.023944929033625828,0.06443814176952202,0.9099031713733696,0.0801399166162804
194,800,44,False,True,0.015807828201627454,0.055639350526313344,0.0022802365834038198,0.05564031806097107,0.07891556967393314,0.05369289050229121,0.005789645378874789,-0.00950439345824068,0.05752692147865524,0.011697899440381066,0.057517408930969655,0.938089448377081,0.06913279092686825
195,800,45,False,True,0.019908101948695456,0.07184963947660793,0.004369899708088546,0.0718646533214705,0.06740956750152574,0.05390047212532601,0.008299835393976347,0.005405582530626032,0.06032884628894863,0.015720901578478656,0.06031659565190367,0.964579396468446,0.07732198441540572
196,800,46,False,True,0.03787821711075198,0.07307244030408856,0.007011039652513298,0.07306042165273074,0.08447931430067088,0.06039029308634905,0.004926167283658761,0.024985464157213075,0.07879715190767961,0.0364061629532978,0.07879181507830552,0.9587517596455791,0.10001599302655734
197,800,47,False,True,0.0064776929610383,0.05944196477090377,0.0013796848252588057,0.05946356703256466,0.07897462821972782,0.05572515496027007,0.0012888195451678948,-0.004524413148084603,0.041217107100753554,0.0018028748030535957,0.04121128696831889,0.8061722390818018,0.05192663959068805
198,800,48,False,True,0.05377309342837957,0.08187959818634978,0.007659246454160395,0.08192041977276177,0.07779086059840629,0.057996323510004125,0.006844299756223714,0.024763659219190645,0.08456891233638829,0.04265663818608445,0.08455782849132717,0.8968327780730921,0.11008015048153302
199,800,49,False,True,0.011279426294859014,0.058308986762907654,0.004890970192936433,0.05831007679644014,0.08558980015499307,0.061193615028938116,0.005202588526326643,-0.017914200129728136,0.023285533233215503,-0.011179168465880646,0.023281154729302075,0.8714551243186954,0.029422941810635095
200,1600,0,False,True,0.003774033675346188,0.05847171244122605,0.0015567019245965217,0.0584676682585007,0.07542488966761415,0.05697977751790966,0.002143216984341539,-0.012611816019816563,0.02878249319243935,-0.01195418871214216,0.02877474770275576,0.913493583396767,0.03528906954589939
201,1600,1,False,True,0.0022703113606744383,0.056750191817057705,0.0021047942998329546,0.05674940331751308,0.08134639955998667,0.054285838061728035,0.0022592919525404194,-0.013876616726343364,0.049193388538710324,-0.013773002125996229,0.049180369192977975,0.9755562686768922,0.06152982878905594
202,1600,2,False,True,0.017329622137735784,0.06219234747375449,0.000822099686563086,0.06217917119867022,0.07954899185495441,0.05629973924686229,0.004280475761859394,-0.004651591581737564,0.042951076018417994,0.006219230089941834,0.042943205128772845,0.8898904749421018,0.054327416089025804
203,1600,3,False,True,0.005455720166275038,0.05890031068198107,0.0016645221897291318,0.05890108327090457,0.08289108447543118,0.05901802194717129,0.0019142568799342557,-0.02031160587780347,0.026376540645076788,-0.016863852429869333,0.02636396457804395,0.8901841327510351,0.033242590104422876
204,1600,4,False,True,0.0022920460388634405,0.05364959571620898,0.0011940299802578138,0.05365132744259978,0.07778988640769635,0.05475594363650875,0.0012878233307885018,-0.019021528335185174,0.03735833383592656,-0.01444712695020589,0.037350928335935764,0.9196277664043464,0.04432608088100626
205,1600,5,False,True,0.0004991812085860662,0.06038587261852605,0.001218328654089577,0.06037898791759767,0.07555098614919022,0.05418362598355584,0.0011026509275853104,0.006391101583938705,0.048578672058543194,0.007961709109478658,0.048572778285174534,0.8779330749545532,0.059596986450321965
206,1600,6,False,True,0.0015616997911894602,0.06029036742232343,0.0012726854104250554,0.060287804293616985,0.06940149298201237,0.0524783219911224,0.0022294164378688164,0.0012889715765871358,0.04722987382808469,0.002444377804704908,0.047220304729627356,0.9208503646038954,0.05813019699883831
207,1600,7,False,True,0.004026390017152108,0.05836253039387775,0.0015298024299658355,0.05836057332581327,0.0760262288765547,0.054735028239305476,0.013644526161913039,-0.013358143672526203,0.043358417249590386,-0.009913633788011801,0.04334582226033476,0.8834722582034388,0.05264319190419742
208,1600,8,False,True,0.0007470809877920732,0.059831581133896534,0.001503813441458461,0.05982894062200107,0.0764021207458769,0.05701743721291744,0.013649557900900888,-0.002739589905945147,0.03956265092459717,-0.0005204876946014409,0.039554741750432144,0.8990810054357685,0.04846646179758546
209,1600,9,False,True,0.0025998017141384898,0.05835051629624294,0.0005610897459094417,0.05834042501960242,0.08374023256729596,0.0562525591308063,0.0013523569472116623,-0.014916794739199872,0.042310105917691986,-0.013843102743563743,0.04230386924448681,0.8944873517692773,0.05258651553232313
210,1600,10,False,True,0.004937233726491253,0.06531899896913024,0.0033681541275272075,0.06531434315967924,0.06669392265603025,0.052860742553923916,0.004941362880141294,0.0028409690523073694,0.06157436025324614,0.008614968380017003,0.06156791981311223,0.9460395819062571,0.0760108038956811
211,1600,11,False,True,0.0023792990661547385,0.05940544803759101,0.0012202179092076799,0.0594059856366776,0.0739903171541399,0.05494607843635924,0.0009950798780411466,-0.003258829301613905,0.042346832229506574,-0.000478952914933376,0.04233357193412075,0.9145792877905977,0.052347541364711536
212,1600,12,False,True,0.004053082351218466,0.06789873966791574,0.0030925629778815905,0.06790126507524225,0.06836212384956535,0.05482977555175195,0.003100428352553545,0.0027352582527670633,0.05454428177078427,0.0033191572005598635,0.05453111192713166,0.9449497677049803,0.06972469039005946
213,1600,13,False,True,0.009012620840448795,0.056439928665541345,0.0018998802114174092,0.056441756541511214,0.07508200083445433,0.054736502347330324,0.0005966956478202989,-0.01877988205599738,0.04016853026914319,-0.013285243154338081,0.04015578408137301,0.9450935335097421,0.04768773146195149
214,1600,14,False,True,0.012784500980000875,0.06256179025934352,0.001637387967635609,0.06255571984012188,0.07525552856584555,0.05431483452377706,0.0014921466873940449,0.0064776481095135076,0.055159865225513374,0.012173676948100759,0.05515247034257151,0.9176065585024762,0.06851192283040913
215,1600,15,False,True,0.005055356516627166,0.056908745261498736,0.001552273535519007,0.05690629003698525,0.07238255522589325,0.05459955065726925,0.003583825330735535,-0.014173032098409172,0.04713500362952544,-0.004341501419956992,0.04712765593312767,0.9795001782948782,0.05381708708628008
216,1600,16,False,True,0.006645980191696897,0.058175763415454614,0.0015241148942931214,0.05815770716597525,0.0783476584007466,0.055190442667210106,0.014301700584386706,0.0007903089268086635,0.046008903730552504,0.005928276826332031,0.04600201038069279,0.9016308708323314,0.05495137048385523
217,1600,17,False,True,0.03306037433783702,0.06480017536272273,0.001173946391864452,0.06479729677223905,0.08032117406972648,0.05758967384267111,0.0025051140852896695,0.0007385972076582159,0.05442471051412952,0.015840314784914617,0.05441591049090455,0.9086877724138904,0.06748385458885975
218,1600,18,False,True,0.010022190668688605,0.06633563037283399,0.0024206350762828645,0.0663335510203515,0.07675124602273481,0.05488681715950829,0.003071506880692545,0.004683947630560627,0.06259983796958067,0.011453560324629172,0.06259365639564202,0.9000812531832739,0.07914837342013731
219,1600,19,False,True,0.02285919659683279,0.06647629514188673,0.0014163423640875515,0.06647951281294613,0.07600657901497869,0.056319157332862906,0.0012069602315167174,0.0056325251377426465,0.0571666782730879,0.017540210651638452,0.057154764471512326,0.9008157370661326,0.06948453443414465
220,1600,20,False,True,0.0013978219343702561,0.06072679775717656,0.05292547546427401,0.060728623257023,0.07624886516793604,0.05413430326085969,0.001874941972472749,-0.0002925770102440112,0.05027816328018645,0.06082759554088997,0.05026570139765539,0.9148342399928555,0.063207591053067
221,1600,21,False,True,0.001446336886479265,0.060180641336398596,0.0013943056098008155,0.06017230473176194,0.07283695411758423,0.05506035500220507,0.001256760680121559,-0.012322931597026092,0.03722767145994631,-0.010026885481806212,0.037219237355590094,0.8987136739070827,0.047379503486782326
222,1600,22,False,True,0.0017542524867841846,0.06329248695883755,0.0012632965682659127,0.06329200975264274,0.07822447742206182,0.055175050622225295,0.002094376194016507,0.0012269145427996242,0.05289655263471538,0.0017759475112483804,0.05288383879973729,0.934091963944817,0.06670246860874146
223,1600,23,False,True,0.005434356488105873,0.05972094537888505,0.002507276216053866,0.05972581443182042,0.06678695492062528,0.052566148557846845,0.0026096693511689405,-0.0031332337266537546,0.047683482405396875,0.0015420983076701812,0.04767085152933639,0.9494625154081753,0.057435874247510066
224,1600,24,False,True,0.00141005583519705,0.06476719666831307,0.001761281835892911,0.06476343091928623,0.0763831246418582,0.05326856344992228,0.0023169316115484928,0.010809983467059355,0.0594735920769746,0.011490420797714508,0.059466428110354456,0.8436960919155293,0.07697547129492793
225,1600,25,False,True,0.02289779738016264,0.06600609721862762,0.000551878253963811,0.06599562513835557,0.07350192855629642,0.05584326194280708,0.0017631043639340757,0.016465435644477933,0.06308045077379575,0.02419195811721556,0.06307481858546553,0.8899727585266298,0.07731826465414382
226,1600,26,False,True,0.0037143039491922382,0.05827338186795912,0.0014257586232765793,0.05826617492617987,0.08127327918829694,0.05735764046781183,0.012655809963817637,-0.01118124850758956,0.03305740531258252,-0.007696724014387586,0.03304718796422883,0.8926144852017301,0.040746879263438285
227,1600,27,False,True,0.00210129003113213,0.060227178166169466,0.0010938624491725337,0.06022320870540287,0.07596499987957427,0.05463501228161971,0.0012342138689910946,0.0029052656061345967,0.05012383726234994,0.005878540128158233,0.05011659616258449,0.8770765093077193,0.06081727280385352
228,1600,28,False,True,0.0018502760567719718,0.05524067965245196,0.0013498077181142024,0.05523995176349574,0.0780043618945614,0.05423063762132438,0.0009041798962995824,-0.016637050162447015,0.03957724789122501,-0.012973131840901868,0.0395675488180899,0.9000274687536733,0.04956533378897848
229,1600,29,False,True,0.015436579640819292,0.06504817517026514,0.0008596780665641681,0.06504008978135661,0.08463017266298532,0.05917852925492931,0.0026989092896625663,0.007109739098760639,0.05595932537353797,0.015403151330664633,0.05595544791306338,0.9184717257930248,0.06974231968606476
230,1600,30,False,True,0.0044284836022070615,0.058033576026608406,0.002691613619709042,0.05803594088735533,0.08128773497245709,0.058770954173416365,0.0037113326583248967,0.002994747624764843,0.04032616498788187,0.004837456679100413,0.04031494732318926,0.9466229032421025,0.046938739030426446
231,1600,31,False,True,0.0037579619852199514,0.059796081856845144,0.003323014235388646,0.059796099847082944,0.06688208714172746,0.05668351078047309,0.0026558733947592656,-0.019456573965256466,0.033394546975632766,-0.01636085341591169,0.03338523819801075,0.9496064425479982,0.038898791867081506
232,1600,32,False,True,0.0005515289381327861,0.057677608255695796,0.0004989525994753067,0.05767657306845219,0.08041579497179949,0.05621138395668881,0.0006325975905296258,-0.018096727706150697,0.03276769766724101,-0.017898935064975596,0.0327553332069202,0.8703441402866655,0.04362661075706775
233,1600,33,False,True,0.011869670080364386,0.06648791843963586,0.000638645094612941,0.0664817792436967,0.08088699186634195,0.05643122619234475,0.002131272062603481,0.009055023280661535,0.05731510606086701,0.012742493797065536,0.05730693718714413,0.8863193351807933,0.07294390876092166
234,1600,34,False,True,0.003763244608982909,0.06013801818186246,0.001473805517303523,0.060137426742274444,0.08097077774067345,0.058360990775093144,0.0013786194429078144,-0.01246082061454858,0.036355165719737105,-0.008679082589538643,0.03634352694296652,0.8891102912079909,0.04361324591471766
235,1600,35,False,True,0.005459785502912792,0.06028790055706932,0.002324262133839591,0.060288902569958794,0.08595851398598514,0.05876244350165365,0.001936651316832071,-0.004630912720430171,0.04377893900427082,0.0016898218975591995,0.04376516742250822,0.8712277556628533,0.05387870384928278
236,1600,36,False,True,0.0008738940194715722,0.05676353528983257,0.002222775707740929,0.0567623367316675,0.08506794563277315,0.05859479762642901,0.0014613334065649215,-0.024645842355590517,0.0246740496479417,-0.02236892265113601,0.02466265664620721,0.8228229223719055,0.03141444971443902
237,1600,37,False,True,0.0003910976314064078,0.05618483191365467,0.0011601689578337041,0.05618751301294184,0.08066061340986747,0.05773870308635981,0.0005488349282118471,-0.03684908249767561,0.020378636894295282,-0.035770347989699906,0.020366792704833044,0.9027097321386609,0.026835743888066976
238,1600,38,False,True,0.01683338933889303,0.06335716414212339,0.053757322054993374,0.0633403434402803,0.07415171641275997,0.05434660575941486,0.002108592430185466,-0.004784947525673977,0.04667419319493767,0.056988094372675956,0.046662421446145005,0.9088564663546,0.05901824090333874
239,1600,39,False,True,0.003298876448242582,0.055783555098526685,0.0006143914811313126,0.05578278176135752,0.07392882428152334,0.054396164213556426,0.0013800776251076472,-0.011658768507883267,0.0436376085425222,-0.008774639293500251,0.04362530394531639,0.9231785388113904,0.05095075905527069
240,1600,40,False,True,0.001971677993066369,0.05626568406699243,0.0025915294936936185,0.05626478685865106,0.08377254815163734,0.059417813109173226,0.0023925165674018806,-0.030240572300631766,0.01830114000738547,-0.027806675293466122,0.01829636382619299,0.9231826024410235,0.021807722359375337
241,1600,41,False,True,0.002985666850124628,0.059040132724935995,0.0019335482470156204,0.05903615728251691,0.08292481250880783,0.05960081166108854,0.0033809436214464,-0.00768350744128091,0.035312294621330266,-0.004414036314594231,0.03531108597763826,0.8837735281092174,0.041994903477297896
242,1600,42,False,True,0.021901994550163232,0.05898857765847187,0.0033913758766633685,0.05898857899332075,0.0758797408859741,0.05679112616075858,0.004584696458650424,-0.005861393664504131,0.03331979008214631,0.004675082201251236,0.03330701858015523,0.832987227218859,0.04037767582564544
243,1600,43,False,True,0.005345335542158278,0.06349755535478206,0.002150986454746629,0.06349944539971866,0.08145942872017865,0.05571205003396568,0.0025512926714829323,-0.001350922261583325,0.05927401831841884,0.006980611679163007,0.05926149882371576,0.9067283520995195,0.07420250194510841
244,1600,44,False,True,0.012608240198477495,0.06529399178641396,0.0013877382731937928,0.06528628201196111,0.079458644997163,0.056694309610455004,0.0017890112058452843,0.005898671361504165,0.04902802387658745,0.011487075795141584,0.04902141782178944,0.8820746486339033,0.06176005660771333
245,1600,45,False,True,0.0023626089137176566,0.06345443288255578,0.0015669620151543945,0.0634474207146457,0.07988495117622113,0.05678407475942045,0.0021178844474261734,0.0024321952636614562,0.05981963058000488,0.00795496530327601,0.05981456054266488,0.9534315152064772,0.07329132394170029
246,1600,46,False,True,0.01682054584193002,0.06052827067608861,0.05282282369269983,0.06049578673569513,0.07860359905321462,0.055360626962349134,0.004554251442742263,0.00028513606310444627,0.040589695588427545,0.04948899047753125,0.04058298106550673,0.8511698312711852,0.051277208585834844
247,1600,47,False,True,0.02294118283254163,0.06534402794106703,0.003511067560319754,0.06534400112316793,0.07790767218314519,0.05504624913232451,0.0027308690920826535,0.012533259650295503,0.06645928469833358,0.023280992281448514,0.06644589051555563,0.8829714726440326,0.08142025799955677
248,1600,48,False,True,0.0012256091621074211,0.058639747717627345,0.0012183996972372135,0.05863390555579515,0.08059885291889263,0.056802053081469614,0.0022090002123988546,-0.004344178338810843,0.050054785564956815,-0.00014404306080465114,0.050050394722422314,0.9729078247292742,0.059479132202500395
249,1600,49,False,True,0.008249299081592675,0.0605093941172767,0.002197594773618562,0.06050982977148184,0.08301506204080399,0.05889998768048509,0.002914117817321269,-0.007257453012901875,0.033165211714929727,-0.0028139920379119054,0.033151683401421224,0.886782702266053,0.04198910446180398
250,3200,0,False,True,0.012780044616544115,0.06312061685907823,0.0016020455882129728,0.06310738102357812,0.08181576151969501,0.05749141140386321,0.001814214151371282,-0.005394941388918635,0.0400873767442139,0.0008304891149726273,0.04007846380279688,0.8758458480882914,0.0505136607662548
251,3200,1,False,True,0.0007991649516072171,0.057965201357558095,0.0011245636089169952,0.05796077185685374,0.07737256797479158,0.055304712284886495,0.0008436683548073622,-0.010436508574557359,0.037611514340436115,-0.009351635032650484,0.03760437886533886,0.8869163754609892,0.04706618514624655
252,3200,2,False,True,0.005511554780916114,0.06213439030296599,0.0011610184398999637,0.06214137318106423,0.07648515196632308,0.05507906176761077,0.0012323351833863833,0.0073704198522856704,0.05310716455159636,0.010270942848009373,0.0530952294076468,0.9027831867412016,0.06556467197941618
253,3200,3,False,True,0.003543490543109363,0.057985635564383936,0.0011716493602452692,0.057985739967358604,0.07429210476941893,0.05494185522060437,0.000928003511250052,-0.012525252814282664,0.03852988365079149,-0.00950159409292257,0.03851759545905963,0.9278740391240093,0.046548472518917805
254,3200,4,False,True,0.0018724470972085394,0.05810015287781333,0.001422708687773892,0.05809742541628893,0.08308140979021127,0.056551286376411304,0.0010034575480656364,-0.013890224870410917,0.0340218832188409,-0.01322043869853865,0.0340113596307328,0.8977761485741925,0.042879014196720855
255,3200,5,False,True,0.0011812196315811347,0.059981944084585265,0.0011849862362367752,0.059982376740561484,0.07739868069782056,0.05519910474633466,0.0005233616723374433,0.004859131681360117,0.04934313004367908,0.007296982256983784,0.04932954762461151,0.9165879602401614,0.061270179948147874
256,3200,6,False,True,0.00992268467727487,0.06308678394238848,0.00047606014442652444,0.06308110923937617,0.07256057298207667,0.05460050613705612,0.0005894714674961109,0.0036902376162268745,0.05002222673795764,0.00834019664207841,0.05001538956398108,0.9374491179297475,0.061622605552941245
257,3200,7,False,True,0.013900507755932448,0.06268724663327863,0.0012480434836211719,0.06268963862713194,0.07919252610292703,0.05636592006890963,0.012187876129514313,0.002893033048970708,0.05480725829411043,0.01167621508828839,0.054795936920245224,0.9367953091738965,0.06628976421443084
258,3200,8,False,True,0.0032968658467548173,0.06220591473130645,0.0013075522538073454,0.06220569617945695,0.07347474043971061,0.0541955715931352,0.001537477460082307,-0.002441233284984331,0.05055874384274588,-0.00018681275699541312,0.05054742514315734,0.9450484010377503,0.06328228757134735
259,3200,9,False,True,0.003890482683445928,0.05802990666297065,0.0011273108140286126,0.05802639339977657,0.0766421808418892,0.0547006564079945,0.01109091985386627,-0.010097140239449846,0.038202868442495944,-0.007242794214306774,0.03819443819539096,0.9102677822361765,0.04737213334353879
260,3200,10,False,True,0.0005066807638701923,0.06301301530306241,0.0008212156212725664,0.06300734390957896,0.08303196131760675,0.055953134593641166,0.000996711747315684,0.00696504121059959,0.05146392184955602,0.00728520833845815,0.05145160145076915,0.8746822496075183,0.06527976945799813
261,3200,11,False,True,0.000478961900216796,0.059828758039906046,0.0013683593653903427,0.05982620185811461,0.07714358328984973,0.05474732387810475,0.0008739936027741749,-0.005556769885368014,0.04285293379236592,-0.0041616267699144055,0.042845564399580954,0.8979835731635251,0.054254692511426006
262,3200,12,False,True,0.0015516019907071408,0.057314625412208796,0.00039908717114388743,0.057312445934943085,0.07488640038850851,0.05362460070544208,0.0008707308502338829,-0.013315916773133736,0.03278567189676899,-0.012852263033358737,0.03277368887596957,0.8925828727602532,0.04205656048400347
263,3200,13,False,True,0.002588921241864627,0.05416895963661849,0.0014047852147835488,0.05416517386286799,0.0787287487967091,0.05458145640131898,0.0008111982741559378,-0.019334360425636656,0.03125879904368155,-0.01634910581232871,0.031252909790741086,0.8828426855253183,0.0382389909976204
264,3200,14,False,True,0.002908251173186813,0.058759058494504995,0.001237889944256159,0.05878667617306275,0.07863979650690363,0.05751680681794997,0.0018406542077091623,-0.0061203275224375586,0.03497020117394399,-0.0047651787302247775,0.03495683824649205,0.9229807653580896,0.0418972832030543
265,3200,15,False,True,0.0003164898740309948,0.05739539625766307,0.0005326569634984278,0.05739022305351315,0.0733489536083097,0.05419877223548109,0.0009109797621009563,-0.01260392389208764,0.04074557881196349,-0.012603275214766665,0.04074089765367262,0.951380525848311,0.04970607914710301
266,3200,16,False,True,0.0012924409170741553,0.05868384144980546,0.0018012468635816815,0.05868243708741858,0.0703599603753307,0.05375520295245069,0.011498123932452602,-0.0024729626174476694,0.042375139731845195,-0.002065415746818785,0.04236440834330751,0.914731515613231,0.051549884345333086
267,3200,17,False,True,0.0007994057911283694,0.05945691487976971,0.0015496096295693756,0.05944897126010483,0.07796108414055915,0.05319495748641811,0.0008715766212742179,-0.0021677173913041414,0.04763194149604793,-0.00041000394184488923,0.0476262020079281,0.8649124142844771,0.06036006068132044
268,3200,18,False,True,0.00234985079624554,0.061334984203645936,0.0006099563901250147,0.061329468212558386,0.07547410458715947,0.05556148630174853,0.000862401090105256,-0.0023225723916906146,0.05098930349080398,-0.0007663534732235,0.05098285510626397,0.9588506273856442,0.061747499785169024
269,3200,19,False,True,0.0017701598100556696,0.058281667410595366,0.0013367312163878814,0.05828077243982453,0.07471001989747655,0.05416162871102327,0.0010217370432699957,-0.017493627769894413,0.03882299412971797,-0.012889893209479402,0.038809734306497604,0.9115913243790973,0.04904437368485137
270,3200,20,False,True,0.0011563953696487,0.06226906729370998,0.0033018769672141578,0.0622848019875725,0.07371867483930127,0.053873372324071356,0.0015982846428233208,0.00702806601735135,0.0575541781768429,0.0065272504087057,0.05754337114637956,0.9398404693646389,0.06998303072765716
271,3200,21,False,True,0.005069734749529063,0.0604282584272061,0.0013112010323792548,0.06044350322028568,0.0798074741773776,0.05499727924866135,0.0015720355619087182,-0.013466224222863074,0.041339906225608444,-0.009002121621770045,0.04132653466202328,0.8435018916308265,0.053695641261551186
272,3200,22,False,True,0.006304365146662684,0.06314341472475923,0.0007500184444416833,0.0631384744893901,0.08172092793772809,0.05705238928307303,0.012559195188962913,0.011023966054039436,0.05365329041608199,0.013422175085269444,0.05364100051604531,0.939586236104109,0.0653991181280063
273,3200,23,False,True,0.0008665048214577356,0.061874388312471613,0.0016371456433199227,0.06186296536207832,0.0830967679132879,0.05718322667258606,0.012647298319820472,0.005108905836910673,0.04814690167368312,0.006640639316075686,0.048140650332749,0.8893005670354427,0.06016488605516862
274,3200,24,False,True,0.0030311119455694448,0.0658288141957375,0.0007989462557655262,0.06581847424219178,0.0755321767436342,0.0537638287073956,0.0015789413382959025,0.0058050176772952555,0.05320300214996784,0.006351089277782019,0.053197731989000734,0.9034982690008673,0.06845696436536852
275,3200,25,False,True,0.000653056514472141,0.05688528336301999,0.0007682824073964714,0.056884024826277545,0.0708731950154266,0.05285452693487545,0.0009280276174522155,-0.004781221128624023,0.04682062299926685,-0.004508797187635636,0.04680934766779338,0.9386131567600969,0.05627799652711879
276,3200,26,False,True,0.0031976053709113733,0.060837555390561,0.00028407850111877376,0.06083251909262226,0.08065921377647456,0.05620242612871343,0.0007297771584106286,-0.004987696964668847,0.042626202910058385,-0.0037581014812063857,0.04262067687327317,0.8837196526828609,0.05470069100880309
277,3200,27,False,True,0.0018821775444735744,0.05947354145807581,0.0014457652606628968,0.05947304932071657,0.07302976809802365,0.05405377508825282,0.0006871226357269214,-0.007175932875133941,0.043212984704961745,-0.005238122034394819,0.04320111765294755,0.9227777383771459,0.053196373984402356
278,3200,28,False,True,0.004741507315489939,0.060577996152076576,0.0002924063802570957,0.060587640542102666,0.07925900312297209,0.05645709688662141,0.0015556578243613515,0.006142917884920552,0.05159086619510198,0.007392460415526411,0.05158002697279166,0.9091769579858838,0.06199041621314533
279,3200,29,False,True,0.007279478760574982,0.06031089304928479,0.0005180745284257083,0.060319379342357086,0.07696932010204262,0.056035579081469764,0.00042227723872874476,-0.0007090309250464047,0.047385450810575665,0.003106400756821828,0.04737315851726628,0.9308466495123888,0.05798929044655793
280,3200,30,False,True,0.0014174517450402729,0.05798427420719559,0.000657461662204918,0.05797784335053531,0.07976180222253841,0.05578183548261518,0.001169038781642487,-0.005597786373373965,0.04395600596034193,-0.004815707221789443,0.04394973916657158,0.8957660863234562,0.052799726039795714
281,3200,31,False,True,0.05679645764865157,0.05679681239198373,0.054253589024005525,0.05679610708324,0.07385125118780046,0.054998434160251436,0.0012336068350122917,0.04259467388297591,0.04259785712297671,0.0480523199939181,0.04258810621300313,0.9603581017727592,0.049361430839727494
282,3200,32,False,True,0.00021176730694985252,0.055237722746942816,0.0003035360232098313,0.055238262124046464,0.07623961163903338,0.05421617795501024,0.000852855884893054,-0.01927552065868847,0.0357207978817528,-0.019344805904273083,0.035707868107905515,0.9198525403995401,0.043390116464014195
283,3200,33,False,True,0.003781113841000183,0.06033865118427964,0.0031239075161277117,0.060335494092063326,0.08605230852575962,0.05986572667733401,0.0033946800900418795,0.0018703387199864596,0.04122202032093966,0.00426732517627403,0.04121452277291198,0.8823258538019969,0.04910300478871549
284,3200,34,False,True,0.0027071902823743556,0.0628493218137331,0.00018220523628406115,0.06284741700180393,0.07438471225966697,0.05487465371025901,0.0010930548354213508,0.005744926777810787,0.048602692534243985,0.00642211821078301,0.04859111343261681,0.8879460291604454,0.06010692706645637
285,3200,35,False,True,0.0007347806613264654,0.056584143371414035,0.00042870877977231587,0.056576921970884354,0.07196954708496472,0.0542486543406345,0.011305830514236243,-0.00883504774438826,0.03754808023945735,-0.008509473896661561,0.03754025371593422,0.9290775244372562,0.044946515982490165
286,3200,36,False,True,0.010146304560127275,0.065848364010139,0.0001622170746359972,0.06584751118242797,0.07586796351373651,0.055421136232374976,0.001559949222407805,0.016170622726748036,0.055628893797089705,0.01898538725298862,0.05561634345406688,0.8860693967483922,0.06905107294962692
287,3200,37,False,True,0.0005199007267158805,0.056390652215014735,0.0010688008313372325,0.05638699154845665,0.08416551246642966,0.0567865627698756,0.0011238760400910314,-0.015487536002354307,0.037451808288221575,-0.01486788743107462,0.03744515230708302,0.8995150522679499,0.045152051638823576
288,3200,38,False,True,0.0015148898490738652,0.060738379242352335,0.05449132281849074,0.060730863404128706,0.072697902285903,0.054261519330947985,0.0015652472266798046,-0.00430531047902128,0.04791196742054183,0.05624063576060068,0.047904691302553246,0.9375363742077397,0.058191519709621276
289,3200,39,False,True,0.004042522593691342,0.06203034537371919,0.0011378854934527755,0.06206710340351595,0.0746764533449539,0.05341072473487218,0.001491250652969318,-0.004303398397180182,0.05002211020307293,-0.0018291645811071,0.05001020066421376,0.9071904631718126,0.06291628536701321
290,3200,40,False,True,0.0007548725705599451,0.06058787893930287,0.000983840940375574,0.06056197311223872,0.0737894193882006,0.0544441879814538,0.0014101347630098644,0.006723822821024905,0.0462836665761904,0.007556898154728074,0.046273497343349276,0.9076261803833383,0.05600106389203702
291,3200,41,False,True,0.015235060221386564,0.06407642792419986,0.0008597798248440997,0.06407654865755523,0.0789396351872305,0.05694899026967381,0.0015275105691973285,0.006370679704650768,0.05246364601437357,0.014580420136613776,0.05245056238275545,0.8872373273174864,0.06471371312818464
292,3200,42,False,True,0.02213927180124639,0.06312802099910994,0.002146871202198594,0.06309301302071382,0.07748276322712334,0.05637238093226801,0.0013517234713899626,0.006759837866883937,0.059215641812696944,0.018629922895955255,0.05921095496684231,0.9374918109065739,0.07047845519448054
293,3200,43,False,True,0.004541475534046912,0.06352030452586713,0.001299722937979904,0.06351579494169915,0.07601762330060571,0.055504340217973694,0.001097173021624465,0.0020302248412148107,0.04852768455592688,0.005128587619645637,0.048521036513469444,0.8854218022905783,0.06090917802604279
294,3200,44,False,True,0.00241930965452439,0.05921074193949205,0.0012601991781065588,0.059206284466401055,0.07352753661560826,0.05422258892917189,0.0006872203624710005,-0.012195744109735996,0.0384265766785915,-0.009964846989666933,0.03841886519163758,0.899409235912995,0.048129019935800876
295,3200,45,False,True,0.004725447621654733,0.05897931876863783,0.001214083760717488,0.058987113439253204,0.07653599215663419,0.05643743854175076,0.001124696862338845,-0.01239214322156891,0.038877670348324005,-0.006021312190689434,0.03886535733991053,0.8884381711571949,0.0468595117252017
296,3200,46,False,True,0.0005555150958282118,0.060645431996169556,0.0005736505423516155,0.06064676759877059,0.08262115781354802,0.055902660420514685,0.0013272390386409533,0.003954732868913514,0.05144543076033251,0.004051489802485549,0.051431879503343866,0.9276916609745038,0.06347005924778765
297,3200,47,False,True,0.00025011796836051905,0.05671551928270754,0.0011106226574000395,0.056715076256477266,0.0742847479660396,0.055440839588108304,0.0004105325782508398,-0.01654790895376629,0.03405007346073475,-0.015032442273183271,0.03403776881565733,0.9008554646246896,0.04052338393835142
298,3200,48,False,True,0.00023449443976716774,0.06129384553143187,0.0011220058045406738,,,0.054716473952725206,0.001541879848958332,0.005445931501036603,0.05070738502672534,0.006794273806390801,,,0.06143476540275661
299,3200,49,False,True,0.05791459208686508,0.05790041308771663,0.0011589458693005532,0.057916162651392024,0.07663206418311946,0.0543608243389309,0.0007277955560267048,0.042246255661625945,0.04225400648241624,-0.005446762263768783,0.04224082003180925,0.9000601702227431,0.051891956538719475
300,6400,0,False,True,0.0021979453958706407,0.06368289266851213,0.0009092314433452057,0.0636991768252569,0.07589551271965587,0.05392165270437719,0.0013488581260368729,0.0039053892204508546,0.05207162815606047,0.004241895931720185,0.05205818501876373,0.9122727344299361,0.06575498049855066
301,6400,1,False,True,0.00046705491318008526,0.06106749111815175,0.0009570949199395508,0.061065404263711605,0.08027554767529534,0.05660112911665328,0.012249127658578465,0.004796293492119853,0.04503758157901615,0.0048977372366924106,0.04503033395274549,0.9052182461746761,0.05556355179269168
302,6400,2,False,True,0.0005612612916961404,0.059320929290578556,0.00029202316977900117,,,0.05522429946521197,0.0008728976899438537,0.0009184914237654429,0.04268056624641254,0.0012716976992092532,,,0.051609047957081544
303,6400,3,False,True,0.0030501773766576368,0.06245746325163196,0.000499563566005234,0.06244875131737546,0.0730269598267815,0.05315865606076074,0.0008184289225538627,0.0031814164988429017,0.0497398204153847,0.004652128550062043,0.04973345555655797,0.9192680519016789,0.06268681221594885
304,6400,4,False,True,0.001415041080085721,0.057467982078474054,0.0004219127377761858,0.05746849401328483,0.08071104557873865,0.056524190791400274,0.000777178132389883,-0.013435996000216792,0.03727925002646572,-0.012539516045399157,0.03726667873990515,0.9419764608897004,0.044560305815520174
305,6400,5,False,True,0.001837423917418992,0.061180193974944695,0.0012893811150697736,0.06118098791016468,0.07860989471895055,0.05685463596900596,0.0007466064226899786,0.006464161716131035,0.04853136142572481,0.007877105649107126,0.048519183044457535,0.9243679519244352,0.058058685427015255
306,6400,6,False,True,0.0037640370196001627,0.059157646360179915,0.0012129631625247927,0.059154620419899405,0.07879221758782838,0.055279900951463665,0.001008424172877842,-0.005528851029469,0.04174540025589486,-0.002785252414773892,0.04173295252108936,0.8950270126475982,0.05125016731643289
307,6400,7,False,True,0.0006057130519249264,0.06097586126807122,0.0011605919850184124,0.060992204062212535,0.07948343296006354,0.05640713782940453,0.0008066293821467615,0.0010088275887396143,0.05104460535431045,0.003994726077908577,0.05103093800656375,0.9546662429470003,0.06154980062909632
308,6400,8,False,True,0.0006554219882438304,0.05742565428703353,0.0013724559185900056,0.057416833484750546,0.07727862291104486,0.05575084492697283,0.012316348680157746,-0.00422268245733396,0.038723284238311,-0.0032288759773028727,0.03871596982850072,0.892739218577248,0.046257760671909676
309,6400,9,False,True,0.0003614520970303862,0.058189920558024785,0.0015307901386025608,0.05818439135956241,0.08101799465440482,0.05780166872489896,0.0008779048922416576,-0.008232355390283665,0.03647685574142358,-0.007368404457942928,0.03647001999420219,0.9230667688070446,0.04381851060055403
310,6400,10,False,True,0.0004083127327092206,0.05778546050810657,0.0002622987547654913,0.057785387077941446,0.07647648277300348,0.0546685859126033,0.011948399020641228,-0.006920148684308865,0.0422927021388449,-0.006587529062185057,0.042280400669555365,0.925181156781116,0.05119083837681421
311,6400,11,False,True,0.00383004922842786,0.06307442393254764,0.0012959326276710745,0.06308196396476402,0.07481581184675698,0.055261735793369945,0.0008498908270301918,0.008000776763109342,0.0479098985671989,0.00929630946214732,0.04789704714671999,0.8966364751278003,0.059186228059628476
312,6400,12,False,True,0.0005173267163915843,0.05938033647143515,0.05429018665697905,0.059370827188523226,0.07736585563842086,0.055965738842524766,0.0002474119241665558,-0.0006218284970500468,0.04447960797004079,0.05269267020547535,0.04447420608964166,0.9252385216788085,0.054007355340546515
313,6400,13,False,True,0.0036858042010002334,0.06091398434504709,0.0010843998711805173,0.06093301865142969,0.07067295836966135,0.053832729162460416,0.0009575130437286042,-0.00022569649558319528,0.049312949182813454,0.0015013747344571665,0.04930498842322471,0.9212942818644265,0.05984728481544438
314,6400,14,False,True,0.0010091636681254523,0.059972081707532265,0.001335058017681665,0.05997038539975505,0.08099826427176765,0.0566702620392848,0.0009372617865060342,0.006273404072771913,0.050547203319363944,0.008556888635834994,0.05053528218072849,0.9388772773918896,0.060250147453299985
315,6400,15,False,True,0.00037325276689653485,0.058653971339736495,0.00021427044234334118,0.05864894766081154,0.07418428350975206,0.05470731578474937,0.0008920648559357054,-0.009484768681438006,0.03950300364766527,-0.009123365037709939,0.03949794274108492,0.929475688652997,0.048161131840812554
316,6400,16,False,True,0.0006822334861423387,0.05591637340810016,0.001387341422308524,0.05591384998213449,0.07993177843220119,0.055845239616564644,0.00041593241531989023,-0.013982095178581972,0.03843493775591256,-0.011993140705572017,0.03842683803854044,0.9311601875421887,0.046432863065383134
317,6400,17,False,True,0.004096623299080426,0.06339256877857995,0.0004980356848881052,0.06338558094938213,0.07413354338358041,0.055625901821533395,0.0008717172060504706,0.010624264942177051,0.052603055944096797,0.01143090152181168,0.052589895965487514,0.9343072448939939,0.06352153763198415
318,6400,18,False,True,0.0002547366530245999,0.05996149740148428,0.0002881787530711932,0.059956697972390074,0.07490190290524028,0.05397167345620739,0.011160895270514174,-0.00011355518062550085,0.0493340674627887,-0.00013786357992916166,0.04932714983713751,0.9206443503798242,0.06036718423796417
319,6400,19,False,True,0.00015549141138199358,0.06091814168981223,0.0011279803945300224,0.06090977621396268,0.07800017712026301,0.055614272576599906,0.0006413169292584502,0.004472504917181896,0.04892321465101773,0.005067995741483693,0.04891684707851546,0.9212345950073544,0.05954933687034902
320,6400,20,False,True,0.0001916087873511145,0.05846135203103771,0.0012021111078271503,0.05845718250408369,0.07613892249219972,0.05579740511046709,0.0005663817121511496,-0.004450915710497731,0.042328609351317825,-0.0038316488588590017,0.04232295518637564,0.9441101979794982,0.05076306245847256
321,6400,21,False,True,0.00029670301650790176,0.059364929837687964,0.00021509860222267772,0.05934731336948434,0.07836721546409636,0.05535913739979534,0.00048188990201273056,0.001635847253474398,0.04613861172550109,0.002157838885853718,0.04612495415899914,0.9159401900056173,0.05600057598285296
322,6400,22,False,True,0.0004449548923982564,0.0589540058584359,0.0015169523275903299,0.058947395428175293,0.08258797309391648,0.057997416794507754,0.0009325839808962205,-0.007085012205215656,0.038128449093793794,-0.006283296558655256,0.03812334200879718,0.8856401937396526,0.046150321433000796
323,6400,23,False,True,0.004961492057020663,0.06266628500175074,0.0010804183488412821,0.06266399114954195,0.08211211221604767,0.056782073137476956,0.0015130243574846597,0.005671969858637882,0.04612678912023924,0.0067979606242162885,0.04611429309612383,0.8935685672698152,0.058430305078213396
324,6400,24,False,True,0.00033187718418835875,0.05729526774169974,0.0013862862213533693,0.057295931942909634,0.07765374494060391,0.05558989409195104,0.011812730780521918,-0.0019703238967961577,0.04035386918663868,-0.0011109267920686944,0.04034057984916224,0.9083388056098178,0.04791287248800519
325,6400,25,False,True,0.0008781521597064971,0.05885219770570831,0.0013778379730813037,0.05884415294757785,0.0799322471684511,0.05762700258189419,0.0010013763779422077,-0.00698306737163488,0.03500673554657965,-0.006144341029465426,0.03500087438973864,0.907112075872708,0.04261471702944247
326,6400,26,False,True,0.0033967249729831657,0.06244676806565213,0.0001880860610215737,0.062448790528267344,0.08063105255178536,0.05612872498146419,0.0006170341361509863,0.005287972706199808,0.050255324676204936,0.0062226213375156615,0.050243987197824115,0.9200401348403717,0.06295567917695338
327,6400,27,False,True,0.0008369544181903254,0.05831900094830028,0.0013528494124463938,0.05832101151773395,0.07456938264818212,0.0537457273893479,0.0009990513238507426,-0.0033834395733488266,0.05075196896699936,-0.000451728385920025,0.050738426985461306,0.9364391553086173,0.06075200043579759
328,6400,28,False,True,0.0007259632408951376,0.061487287716901734,0.0015935002215229429,0.06148222692753819,0.07280280414719754,0.054349959026019044,0.0011234651293065563,1.0198066577120496e-05,0.04873435155019493,0.0013616032077359004,0.04872820912754761,0.9407851133356786,0.059457850866147466
329,6400,29,False,True,0.003451663521798513,0.06177623560005307,0.0011328856663099136,0.06177309803171558,0.07488836751782628,0.05434343558507889,0.00025808773588299635,0.005203634823543559,0.05082129924623786,0.007289254925392078,0.050808740980572364,0.9277650196350706,0.06255378960281677
330,6400,30,False,True,0.00026444760759682925,0.057435133834364056,0.0011102254103840087,0.05742264962671431,0.07774744305504025,0.05570485130836032,0.011635413214355293,-0.009414412654106412,0.03835954025600671,-0.008455933747875087,0.0383521151490875,0.9308295898940122,0.046248749804115585
331,6400,31,False,True,0.00043579942323115656,0.05939272541117223,0.00033863468309964086,,,0.05632818233348888,0.011466845285562808,-0.0013695532837511726,0.04575575459503938,-0.0009668730079098298,,,0.05481521916526144
332,6400,32,False,True,0.00039160638121565845,0.056009565304794784,0.0011107188361284713,0.05601102246251755,0.07586896845995751,0.05505805207082151,0.0004329067820614856,-0.012626800866182394,0.036943183273142215,-0.01141454228828573,0.03692986517310807,0.940565186713307,0.04361467674422975
333,6400,33,False,True,7.75744486479341e-05,0.05775192790568137,0.0007448917219500568,0.057739348337298664,0.0789201103024816,0.056087186883242754,0.000481642071871303,-0.008689844797610743,0.038352456519583314,-0.008259828624663679,0.03834530126321255,0.9114095823129233,0.046452963043345175
334,6400,34,False,True,0.0003327371254316449,0.05810841534392293,0.001154222817060431,0.058103652361114894,0.0772146677789886,0.05509126828914656,0.0006561061870074762,-0.010739897362134711,0.03724044133239616,-0.009611183607144625,0.037232994188469135,0.9088300920438078,0.045935857090667775
335,6400,35,False,True,0.006688166539518437,0.06605506784498584,0.0014917512584563945,0.06604771043930995,0.07399194670034819,0.055286012565007626,0.0009816089084906132,0.011889352032756205,0.055154139735993014,0.015141438420929548,0.05514696648668384,0.9257499933529205,0.06785845137457536
336,6400,36,False,True,0.001105337977031221,0.059192560159880656,0.00112787501115633,0.059157026184644135,0.07728837702432431,0.05499983033258481,0.0003415043581308122,-0.009196926407808515,0.039740448091206984,-0.007398175510557963,0.039736719575150875,0.9001964707973305,0.049335515686657117
337,6400,37,False,True,0.004149087931448751,0.06165322407312513,0.05382503288785851,0.06165360036586252,0.07784965847383372,0.05540358587864389,0.0007555582460323331,0.0035709015020586534,0.047661968323816806,0.05749565686177792,0.04765074642062814,0.8843629727957549,0.0592420499969461
338,6400,38,False,True,0.00021766561086307087,0.061182949887881956,0.0004606932952234674,0.06117908155138388,0.07656434571336967,0.05557089903267636,0.0008423481639876571,-0.0007736184511287264,0.04627755017718691,-0.000679412324144023,0.04626994873583122,0.9075102433940202,0.05740165548715653
339,6400,39,False,True,0.005123841747908904,0.06029253769159504,0.0013761081928201425,0.06028230431509085,0.07711351532322301,0.05682216325074463,0.0016843484298856178,0.0014027728668840227,0.039357007552195004,0.003102361259047127,0.03934833409429629,0.908458723146277,0.047189800831241246
340,6400,40,False,True,0.001397199922786872,0.05782360054731672,0.00036193476112967286,0.05781860060686425,0.07410766637024292,0.05556033506794754,0.0006738288413265684,-0.01616237949502081,0.03241762687988583,-0.01489781851266798,0.03241168538198032,0.8979067689528555,0.039730921064003444
341,6400,41,False,True,0.00089901892629217,0.058031949405346846,0.0013408945055159798,0.05802582349253198,0.07728521712624928,0.055094025712031536,0.0012167205480940074,0.004240559369272501,0.044645114479695706,0.004954690151180024,0.04463968280076749,0.9160290828697826,0.05297177070636894
342,6400,42,False,True,0.008628762185333356,0.06462644646056219,0.05400102951325349,0.06462190402570131,0.07498287435433022,0.05498287295909862,0.0011137277424117552,0.006873769035619255,0.052186214039241605,0.06354550579367418,0.05217429291319533,0.9276074414126251,0.0652939932405095
343,6400,43,False,True,0.0009430752987942603,0.05774321154639621,0.0011688392647778768,0.05777450695350016,0.07996840639866822,0.056258767065051896,0.001017944391070202,-0.011115618776163497,0.035207283538058576,-0.009545217025030197,0.0351997635103141,0.87682776829696,0.043602535013458565
344,6400,44,False,True,0.0035870289989947146,0.06053257374214307,0.0015966938754885041,0.06052996770478928,0.07745262584384716,0.05670946654805005,0.0010195732560248332,0.0072170681760097355,0.04666258445349939,0.008788224034151719,0.04665323922929233,0.9241702742713955,0.055098989817639665
345,6400,45,False,True,1.9549491447201777e-05,0.059552015988848926,0.0002040376868690394,0.059559197910726495,0.07628200372017407,0.05521360331229604,0.0006844526076483984,0.0013883309841325779,0.04587617508339108,0.0014712634418761034,0.04586429880741079,0.9020638531922188,0.055709470615870005
346,6400,46,False,True,0.0003210514046973375,0.05846984028061973,0.0010974677206295129,0.058464319579486224,0.07706129609363642,0.05615474669687003,0.0003481232592077785,-0.005235124269858824,0.04325965404536348,-0.003073906210100745,0.043247349057354965,0.9634127942078018,0.05131780869515673
347,6400,47,False,True,0.0025921415283210103,0.06265211972982568,0.001204974106120511,0.0626461871777956,0.07711755530984432,0.05637366460415003,0.001216502332937788,0.007111197592748799,0.04919890354753051,0.009484766357550934,0.049192627736180654,0.9094030083013405,0.059557264960100775
348,6400,48,False,True,0.0004080771111590746,0.058885691471947936,0.001221769755619207,0.058889193698590366,0.07558403054009015,0.05442718974596105,0.0009042229626836198,-0.006052117134793853,0.044508409579556485,-0.004326005965931175,0.04450111424167396,0.9333033380589487,0.054690710397715
349,6400,49,False,True,0.001238953672140318,0.05900087501448409,0.0016216096064472192,0.05899839803177064,0.07996602406764218,0.056718458018166516,0.03464840235063549,-0.001558999600526472,0.037619748130167566,-0.001234694256709715,0.03761338363662389,0.8968544539476525,0.045834499403379025
