,n,m,use_location,use_scale,MSE_wellspec,MSE_misspec,MSE_surels,MSE_NPMLEinit,MSE_NPMLE,MSE_thetaG,MSE_EBCF,SURE_wellspec,SURE_misspec,SURE_surels,SURE_NPMLEinit,SURE_NPMLE,SURE_thetaG
0,100,400,False,True,0.2768192793152436,0.08967084204604203,0.03672039764864417,0.08966578525507275,0.06128199557555699,0.05568073046907927,0.03273539606879562,-0.0984143523848939,0.08191163940715399,0.03418042096128214,0.0819055636583785,0.8170280155984077,0.11116793775511519
1,100,401,False,True,0.1371099948680298,0.1371507685067346,0.01863171826726687,0.13715080942103486,0.08949332931040903,0.061709047285453844,0.03948393095173917,0.0623477734716299,0.06232648796047507,0.05657670763707064,0.06232469037244158,0.5368602647442425,0.11300057767947735
2,100,402,False,True,0.04344284577282802,0.07135908760535473,0.004567531416432942,0.0711536509203413,0.08491417968496665,0.07136429230918867,0.015131340253931027,-0.1677414712309743,-0.08119940123525893,-0.1257174106148161,-0.08118870259111063,0.914847907198669,-0.06886204614238967
3,100,403,False,True,0.06843048193327259,0.06067623078854981,0.017955579744121063,0.06068369913526131,0.0598020127661115,0.05945468775836722,0.024113510981702203,-0.07001408141206794,0.03992368348610476,-0.02904418686377585,0.039910799605322324,0.8815174306674534,0.05169978855654567
4,100,404,False,True,0.035997299275811294,0.05561782772133829,0.02157009293328917,0.05561724602528667,0.07618827853500859,0.056583582863510555,0.015169136770126731,-0.0301604293809203,0.025584368938457162,-0.014907544100531092,0.025574909410755284,0.6312587391810044,0.03979355806606272
5,100,405,False,True,0.07742269197495838,0.11915097121057122,0.041297856697178885,0.11914819866221707,0.07261539786166858,0.05792800524671987,0.047541463267891736,-0.014539051486527756,0.058754112154224956,0.004487799067181069,0.05875024599931535,0.6423862895251194,0.10769752253941522
6,100,406,False,True,0.08054136067622764,0.06552929780193348,0.015056516418554468,0.06553348175525466,0.055871528204428866,0.051242921695616755,0.015287504250498195,-0.082718662777018,0.028364176561713066,-0.02492550755251779,0.028350918622315646,0.8225655892777278,0.05390566649065015
7,100,407,False,True,0.02289808197371909,0.05853510022791597,0.002458817406085054,0.05853557073002018,0.06955706221861935,0.061669978966392786,0.01079917640323808,-0.10949606023319103,-0.040014543302864636,-0.08480594656022669,-0.040029954391556544,0.6202361049689359,-0.026126801509515074
8,100,408,False,True,0.033836170361255004,0.058077872549111655,0.003243397364934144,0.05808025985291722,0.06775157128573679,0.05869410970218982,0.025754133688243704,-0.07471254603011292,0.0011442900396724553,-0.04242797967745753,0.00113313292974091,0.8157645593181289,0.01335991758893712
9,100,409,False,True,0.21411598690906972,0.09304745070494459,0.032293596843766516,0.09306155909254717,0.0668968779199224,0.06209966509270784,0.051076364314068576,-0.11134871261149609,0.07777090853328382,0.0025069436712664307,0.07775741236625365,1.1267923871800627,0.1088193186883723
10,100,410,False,True,0.026315985330346535,0.06485904964467225,0.022788885252274276,0.06486476031356943,0.06884206345353976,0.06351205666955206,0.027968389900678514,-0.12002932361063258,-0.0042119597536601815,-0.11306630084881959,-0.00422425770867136,1.1289434859385579,0.008538814105587211
11,100,411,False,True,0.25520394740210384,0.12320536347391575,0.008541815703464111,0.12319754598165555,0.062773736322719,0.0580386186212258,0.044570389294964555,-0.08714328912844774,0.0664649736337961,0.061679258966039256,0.06646632666416771,0.6670614776127917,0.1052178192036829
12,100,412,False,True,0.125857729850601,0.061951026226736434,0.02311952505201306,0.061949016101839484,0.06306760896860208,0.06068395822563076,0.048371954084071654,-0.07326098629403058,0.004040970611978878,-0.003800057467369058,0.004033114901501236,0.7696430123045633,0.016748145414561266
13,100,413,False,True,0.033738608438957055,0.04591082859631092,0.007244300285605643,0.045912355956274714,0.05557126756109477,0.0432560687353704,0.02981242513869951,-0.09830201488608803,0.01846071984555607,-0.059065745391562986,0.018448538844144765,0.7486038934424988,0.036715945329974575
14,100,414,False,True,0.1300741954759947,0.13006918173714357,0.03885059966786106,0.13009570648593402,0.06333250437163365,0.06072300229333103,0.03195463000027695,0.0739237469988311,0.07391194979422416,0.044151635560221746,0.07390803310901027,0.8380856782987842,0.12233430645254623
15,100,415,False,True,0.20144176609900835,0.12463353737669765,0.03861325478319509,0.12454997339323837,0.0794246743130858,0.07508031034392405,0.09606534272932148,0.010775032232204346,0.12029701817996688,0.0754746023689651,0.12028519532992527,1.0550076950886806,0.16327489315351196
16,100,416,False,True,0.04442717738190114,0.05376491519950306,0.0011583453240213138,0.053765604273745486,0.07812698602110163,0.05504299558011844,0.021041855214448617,-0.042043868025560496,0.05909311813873295,0.0010032142305721249,0.059090591530479276,0.9545720994060765,0.07460797612573167
17,100,417,False,True,0.21144450911939366,0.08260326009311225,0.010401488604640432,0.08258847127965621,0.08783065459809507,0.05584176743609923,0.03256614246094873,-0.112095873959194,0.05033562675965485,0.008654913840223297,0.050342182647502086,0.7783276584257771,0.08689328818347375
18,100,418,False,True,0.05042626419168906,0.044236581622881,0.002595057536820169,0.044233885942250126,0.07738373971365585,0.04770027662269192,0.02144469523759609,-0.11561569090013095,-0.0021622802796487407,-0.07048326858194141,-0.002172392841077553,0.6534108455552363,0.015773380596064812
19,100,419,False,True,0.07488021938865347,0.07563633964493571,0.014976341484195087,0.07563802871543399,0.06725472065689478,0.05951252696446096,0.047208029359378546,-0.10175492279714028,0.009412858696036608,-0.05125678477577564,0.00940046625435869,0.9411894694609803,0.03653344195556141
20,100,420,False,True,0.055198253781648984,0.06814661715450691,0.008024830792552713,0.06814650723104031,0.08271864443044386,0.060778139143626314,0.05966690028640802,-0.04897988809601213,0.036435286534888006,0.01224511842064425,0.036432724597976716,0.6684761030577192,0.0547650993649994
21,100,421,False,True,0.14245548270293001,0.07877458701101873,0.0085964360205316,0.07877234547930151,0.061062314152205824,0.05853142753049021,0.035668935655938046,-0.10175643790028197,0.04476930239485014,0.015420188403242949,0.044758646556659516,0.7999412469056044,0.06887082728880373
22,100,422,False,True,0.0951301085643162,0.06205281339749655,0.009559744929248245,0.062054561001705054,0.0631530469851933,0.06205366301129908,0.011648172131304195,-0.1259727613699882,-0.0021978158346662013,-0.027688298584647896,-0.002199828434199915,0.7762330735480373,0.009497497738521599
23,100,423,False,True,0.16493578784541735,0.09193435662706044,0.032980598888662706,0.09200213269034233,0.0928596205992513,0.06944684048927421,0.0662147219177285,-0.04284618350275439,0.05343376862117367,0.015753142041443322,0.05342452700181682,0.7367430362101325,0.07957769584303725
24,100,424,False,True,0.16823340273183562,0.08519030618444895,0.009941532346279341,0.08518659575016041,0.07003632585828852,0.06002551192334984,0.03612079051535833,-0.06456678561929546,0.06634247744984158,0.029865137442180376,0.06633415709263175,0.8622478288442469,0.10027893838308954
25,100,425,False,True,0.24881334447705497,0.05806522887613595,0.009594811015590878,0.05806378740646795,0.06780240243219471,0.05545244549997532,0.017558606116629818,-0.12986080190826615,0.05338955969430487,0.009545110095771784,0.05338051649927401,0.8202866914157282,0.06917629528087366
26,100,426,False,True,0.03585206673706553,0.06100961398153295,0.005282142787036619,0.06100507022172988,0.08325371687696148,0.06118625564448568,0.020855695998799918,-0.04999492238375687,0.027165703204547427,-0.00792486503217577,0.02715314414150285,0.8076286962669829,0.042950112257416184
27,100,427,False,True,0.06877894504346513,0.06883872720635462,0.010035203169823861,0.06879735097252465,0.06470761561797306,0.05838611221510184,0.020996323306928112,0.04693081657378926,0.04692616364287339,-0.004110378631481892,0.04692270437863009,0.860661905936156,0.06378673158755199
28,100,428,False,True,0.11605023662054992,0.09883308261902289,0.04176546621278342,0.09879636519969036,0.08184517072877118,0.04640381371262553,0.04317238596595781,-0.10087970773126413,0.0783159344357572,-0.02137023288643406,0.07831097091940499,0.8446591337616749,0.1341955288469659
29,100,429,False,True,0.12237173425199259,0.08801442384305158,0.005794027860679083,0.08801252730034557,0.06785822614788453,0.059535557792360805,0.043948676279185875,-0.02518217888135684,0.07347639873874286,0.046660993939905075,0.07346961438882957,0.9365732785694589,0.10520954959264228
30,100,430,False,True,0.30926606907056964,0.07202203376120499,0.004912778511685726,0.07202642106838594,0.06693750067719594,0.05013185842013104,0.012427568632061065,-0.1481159947889764,0.06736638843096912,0.03919427589002586,0.06735578702751994,0.9235811284394642,0.09166817460891091
31,100,431,False,True,0.06513186954452645,0.05979886576926583,0.01170574344028932,0.059796777323091,0.07982125033995273,0.05777779829940053,0.012732452925232918,-0.17371584404394202,-0.03669030246628537,-0.13317283385124368,-0.03670109790356285,0.49000669110410455,-0.013804017698660187
32,100,432,False,True,0.10605754546639501,0.07358575254607783,0.0053225110779023255,0.07357959798955999,0.09201389765818947,0.06236807477455336,0.02285024929147987,-0.0627255440555267,0.042102252639577245,0.015037051242449919,0.04209442943056388,0.8473114721748155,0.06773830463724223
33,100,433,False,True,0.06205564486126718,0.06359091864868922,0.004679057056836402,0.06359156081061125,0.07873996379897212,0.06414744682015973,0.0548753357848234,-0.08382543517199033,0.021114767438170645,-0.018140890529302872,0.021104260173828493,0.8487745281938224,0.033665216117386876
34,100,434,False,True,0.2642519199611321,0.12749593771918857,0.002893754365756576,0.12747080649022957,0.0844162455627566,0.06616886228503933,0.059831117253764096,-0.05261283021767549,0.06662335665314309,0.08338490330004167,0.06661699691842074,0.7335015265115843,0.12119901831301855
35,100,435,False,True,0.020268970374892156,0.0725268816730776,0.008883885044411469,0.07251308740507795,0.1023435386009755,0.07253015546544482,0.00902188591443532,-0.0833746303985097,-0.017555373857727687,-0.06752067738368021,-0.01755454547649336,0.8294843676156952,-0.006543087509906842
36,100,436,False,True,0.15463019404261147,0.08596032897452022,0.029956919911763316,0.08596301943205946,0.07245819534666471,0.052928082322187923,0.055025804158184546,-0.10291618740447353,0.0867348891375994,-0.013226166945100641,0.08672002971929053,1.0041001438543098,0.12475109755011082
37,100,437,False,True,0.1837505758453186,0.10565905680614009,0.008742532473976095,0.10565693492203662,0.06497581603854485,0.05788416948701227,0.042288448156021584,-0.05020808797090341,0.07455386299381474,0.031220094238643272,0.07454085524240327,0.9144712284955362,0.11795987315808171
38,100,438,False,True,0.039488990361233815,0.04756660621494411,0.005631564837455579,0.04744819985231,0.055603308836613914,0.04374329006773941,0.014060293277765918,-0.0673184225904216,0.024465553810781984,-0.04034121755099197,0.02449007896214383,0.702398395152154,0.039360222016509794
39,100,439,False,True,0.059543791081941064,0.06865756133594464,0.010705371330729097,0.06865336507987714,0.06045916614438238,0.05080642313266964,0.03325760945863991,-0.08492908183794842,0.027460869305228997,-0.043236702611826675,0.027447978006151248,0.8500702152915648,0.053076046977868274
40,100,440,False,True,0.04003293989884572,0.05428342375545185,0.01996411668800247,0.05427189001672601,0.04751097513328334,0.044799855614886475,0.04020361750975097,-0.10515820313307779,0.015577019767881098,-0.07563360405829943,0.015568531380673179,0.7730157853222396,0.036429305011569046
41,100,441,False,True,0.0059481856266648085,0.05401245485663635,0.003282929929367877,0.05400983659409613,0.08600227242293791,0.06121323069405031,0.007923511193328157,-0.026713459074509213,0.018008668513552237,-0.021680324194525164,0.017993660624173485,0.9149181696703537,0.0330600941510405
42,100,442,False,True,0.10615764862441518,0.06812244971286906,0.03942545295342694,0.06692168222390155,0.06945089844066793,0.06688574185339378,0.04510275785926353,-0.06235157994330449,-0.00042306590556812296,-0.004441228874774043,-0.0005243428273826822,0.5493513222081257,0.010390842050545634
43,100,443,False,True,0.2201093037733453,0.09746130542001989,0.06603374950004569,0.0974501460420707,0.06125837317132045,0.06135052526346508,0.04653387566240321,-0.07553485956982398,0.05531666603816184,0.020754399228579502,0.05532185926391755,0.9427250085709034,0.08475935204474622
44,100,444,False,True,0.022150685141714394,0.05233187088628088,0.002751050190373391,0.05233035427813542,0.06009046860986784,0.05233304531854098,0.025410903196517915,-0.10641513608868655,-0.04680642355682025,-0.0807573895744456,-0.046806875550991126,0.7358406046704118,-0.03451079315702632
45,100,445,False,True,0.23748773849735283,0.06902296257588296,0.05589374025852763,0.06901822379437263,0.08981313949938595,0.061522467772106834,0.08911401255967341,-0.1487728639642736,0.049483213629195506,-0.03605014127450109,0.04947555617210775,0.7675185229507633,0.07866387460884822
46,100,446,False,True,0.0914362506872081,0.09143651893270054,0.039230972429702644,0.09131121289060178,0.12449587698085132,0.09143930444496182,0.054871423526398434,-0.0684473311349354,-0.06844681965494019,-0.08834529269782108,-0.06842713622998758,0.5407989562370765,-0.0570852584212137
47,100,447,False,True,0.06226004969840518,0.07645338702343579,0.026143532519819147,0.07360296471007205,0.08340307977502671,0.07453341360181095,0.06037445307969138,-0.087468138126418,-0.028006645295903496,-0.0415366465551565,-0.02823400772527279,0.8439712103168554,-0.017218949384605664
48,100,448,False,True,0.22893705177033827,0.10487631808223498,0.04833255184753314,0.10482077982905862,0.07515622727333404,0.06504912524590693,0.03952974504433886,-0.07511572767578426,0.1158734053790819,0.03576422159429691,0.11587561682421921,0.9396956280785124,0.16227729917146044
49,100,449,False,True,0.04124071204462478,0.07412827711622375,0.015263786184222574,0.07412502098563195,0.10355677121242979,0.07413108124079455,0.013641549000879962,-0.14130009053019177,-0.04943118379150455,-0.11448206851088479,-0.04943180918219419,0.7714698382573821,-0.03820007653620905
50,200,400,False,True,0.11601374256642977,0.07857743718974769,0.007168984023101463,0.07855652528774507,0.0799286319853998,0.05900790374011589,0.011169176818998674,-0.021278131109131727,0.06782695148091428,0.0473064563576027,0.0678161605796734,0.8228881952599484,0.09087098750784178
51,200,401,False,True,0.00976637151775822,0.05644084454860338,0.009977794213796597,0.056442867522407104,0.06801411912772468,0.05297044847755475,0.010833780505145671,-0.11274975858363565,-0.013451552660067706,-0.11219784398844689,-0.013464847389361979,0.9122248125941784,0.000514277539820529
52,200,402,False,True,0.04429831619672069,0.05314548973428054,0.0052529411479327595,0.05314411544406557,0.07080404177883795,0.05099483221484134,0.005279258611433253,-0.05789259803558927,0.019981968931767468,-0.02607742718538865,0.01997085702070976,0.6539435330793577,0.03187058290480832
53,200,403,False,True,0.1511359899227423,0.05871554554217756,0.004508891348294487,0.05871547196446533,0.09646288560048293,0.0639367433155168,0.023270809262895466,-0.08126916786735092,0.04448127592526397,0.0014650236266126671,0.044475752066252455,0.9409478906234603,0.052937593332279875
54,200,404,False,True,0.06723454678899281,0.06187723933185484,0.0045713713067492895,0.06188190944751937,0.08567621999145471,0.061834187717597675,0.01598594525883616,-0.026070655982817895,0.05826349447969342,0.022923592383203416,0.05825615003332146,0.8968008823310482,0.07344308725375248
55,200,405,False,True,0.06387506121270334,0.07930985957092677,0.006232290285421902,0.07929930780498809,0.08019127246585017,0.054500243164888745,0.02173560397701086,-0.02373617214394037,0.0696928165156286,0.018258074263186562,0.06968015434823918,0.8430343247892428,0.09578728243022294
56,200,406,False,True,0.09965170953160114,0.07770785651972045,0.022604869983197825,0.07774231037822353,0.059988647232420284,0.048961638234147585,0.03356266124206546,-0.07310868064320158,0.07361843812192519,-0.01983551786841463,0.07360112131003732,0.9377698271966648,0.1045192482519865
57,200,407,False,True,0.10990005013426392,0.1259427575991441,0.022906955554450267,0.1259121110693738,0.07643541033691544,0.054835126026195107,0.04180667816042281,-0.0005903308999399326,0.08567418788207803,0.04318373164007566,0.08565689765587592,0.7825417067792384,0.15032843648467203
58,200,408,False,True,0.06835137375653556,0.07561391026143234,0.01258343258305935,0.0756145398531319,0.06331933098121495,0.049004497892998156,0.024957653900771978,-0.020962903912345576,0.0801704963603283,0.015876647168009576,0.0801569917539527,0.8614496699085238,0.11075546025722477
59,200,409,False,True,0.11246527002608772,0.07093723154759551,0.017100448001052912,0.07087922180645871,0.07296672873047282,0.05356202218125675,0.015309396935503464,-0.04224168204204433,0.0607348244166716,0.012738440070232365,0.06072126775154651,0.8094645066183922,0.0830588910268174
60,200,410,False,True,0.02958804467704661,0.053018178850765284,0.0036326090481516287,0.05300648436695771,0.070283762509378,0.04957567524506096,0.011622923802916924,-0.054603251057233786,0.04121307514869436,-0.024662728361510695,0.04121759941572371,0.7629498520837567,0.05898765832719022
61,200,411,False,True,0.06451596720766639,0.060372368322501424,0.0014181269239432214,0.06037234631645157,0.08030439465232651,0.05592618730137734,0.011147514969403482,-0.028261053941095945,0.051161065575336125,0.010768446422557434,0.051154939635855004,0.8868423285941873,0.06915860228106774
62,200,412,False,True,0.08572300626095658,0.07092223720055088,0.002432486569892561,0.07091861660654745,0.08581006328677308,0.056125379246754085,0.02926484751584002,-0.058920458429964705,0.044793535974485724,0.009183756371136918,0.04478543962850679,0.7069096517166495,0.07153223757536492
63,200,413,False,True,0.08756698793307917,0.06794129248288519,0.004769397426091178,0.06794031319226292,0.06813405852359602,0.05665034092000015,0.005333626816074416,-0.08861294616026623,0.03512378058490768,-0.021339398081986396,0.03511422994817899,0.9030158355569701,0.05582401506378981
64,200,414,False,True,0.05236565455858722,0.07853261116420937,0.016223159036085663,0.07851617880916777,0.10899418392523495,0.08103866342050381,0.03697925541861219,-0.08308835019060244,-0.018947533754391017,-0.0553208286074348,-0.01895175346797302,0.8318494410635705,-0.013383932365042872
65,200,415,False,True,0.04817986514986959,0.054878156076607246,0.005245526209657297,0.054867875436737226,0.07232932602567041,0.05532540462119474,0.015147805964331176,-0.02543961490150834,0.03456598847904068,0.007835838591153643,0.03456212367154194,0.8276912954847284,0.04303414586518639
66,200,416,False,True,0.12411795813258772,0.0667581201503945,0.018289388658222428,0.06675766001155142,0.08143007990612175,0.06783953936415656,0.04263494558227857,-0.08349837043183017,0.019739764234876205,0.0038619730326671232,0.019740683035780294,0.8425965496153556,0.02666729724900485
67,200,417,False,True,0.014872489520166055,0.06218295592469486,0.00416709415038362,0.06219520984262556,0.071168326444508,0.0549745175789341,0.010027700692958445,-0.047290697538061297,0.02338696299625248,-0.032413793217024825,0.02337465286607987,0.6898934224572235,0.03752537222252117
68,200,418,False,True,0.0827736111267981,0.059742315645231976,0.0027562440118582845,0.05970021438754318,0.07872011734424658,0.05410196696668759,0.01321907609509378,-0.04963270391846377,0.04523300729832961,0.013102286546019557,0.04522373629176414,0.867119251407579,0.057253707875748405
69,200,419,False,True,0.11720153835720329,0.08804795830886433,0.02886647289560162,0.08805893665158517,0.05662077760778803,0.04868435027276467,0.03323192423487836,-0.09554739485020566,0.05683090621271404,-0.031158045749036318,0.05681935295336103,0.9133562593704483,0.09404530057583915
70,200,420,False,True,0.049658532318676,0.05972448503079617,0.0018544512855597098,0.05972436863734196,0.06901644438738282,0.052962196289673,0.006633455047191823,-0.07918461266162284,0.006351498844661023,-0.0379223308320144,0.006337748964923549,0.6121869126591004,0.022806224433619293
71,200,421,False,True,0.032385625765427896,0.06370061538980433,0.0065264756695268345,0.06369441352619265,0.06834726003309208,0.04808872882355975,0.01663631659354061,-0.03499965089507038,0.05709160340193435,-0.0048354746563753475,0.05708503237696597,0.8382483083621386,0.08062001695600668
72,200,422,False,True,0.21321370311597881,0.06802105347271843,0.006729964123726706,0.06802200369041186,0.06527192252755104,0.05214945333523973,0.012719533634006427,-0.14335644659046262,0.07948353497807922,0.026801219720950935,0.07947118695084904,0.9830389359089614,0.099434085394152
73,200,423,False,True,0.05109781643189909,0.08178878502597098,0.013094447205921263,0.08178693278214237,0.05879868926447505,0.05013662395823887,0.04326558481041138,-0.026022904215405835,0.07605560540359406,0.013599269738983281,0.07604602423870795,0.8719027313839041,0.11449591009460819
74,200,424,False,True,0.039221072136573845,0.05908406944757071,0.0040515585609241225,0.0590835942147016,0.09969681670625832,0.06600907936675948,0.018945432163152986,-0.06918019100201797,0.02898520073392092,-0.025006901584190753,0.028982874977503174,0.9600449043524069,0.037854435607270975
75,200,425,False,True,0.013557570380764964,0.06704235794874154,0.05077725642256925,0.06704188757794792,0.09120486938543122,0.056678428833687455,0.007964386529068413,-0.03715330685161649,0.032376814209543026,0.05416330316140174,0.03236390132126402,0.7451957579864293,0.060985309999517345
76,200,426,False,True,0.015362879317061713,0.051901342291332586,0.0015417790225553717,0.051897972110155316,0.07233165115250112,0.05110101196998894,0.005608172072067171,-0.020322805882601967,0.025466779091967953,-0.013462874982808834,0.02545503453129598,0.7765216383761302,0.037160971078302185
77,200,427,False,True,0.04944505021176898,0.06722329711128738,0.008563910607723563,0.06722128657295774,0.06892268919734663,0.05707523958109137,0.009803995110664753,-0.08680099371322886,0.012824510191781543,-0.05682955095679827,0.012817509425909677,0.8942325742444074,0.03276628654973579
78,200,428,False,True,0.0539417129495153,0.049958101754829884,0.0019805157615157866,0.049961226611230494,0.059130875512430216,0.048376880944462526,0.013465372167945031,-0.07170970739699759,0.036752016592167036,-0.017289046236013864,0.036739711289943175,0.8064492966592954,0.04636315794272444
79,200,429,False,True,0.07565493614223869,0.05815673225398706,0.01863781161195873,0.058155001835047175,0.06920596675188492,0.05372708265622654,0.022167134694799324,-0.04958124162782882,0.06439242647529156,-0.012588228823774777,0.06438659387793713,0.9842143909020683,0.07721143153997656
80,200,430,False,True,0.04064100411891205,0.05900505447281747,0.005465826451631853,0.059003801832520616,0.08725440294339082,0.06322588968821444,0.01495343236861787,-0.06977567841471649,-0.012412547841388389,-0.048428369279942915,-0.012414648723907646,0.8110053150877744,-0.004689765898766407
81,200,431,False,True,0.10039259094750459,0.051968499326804946,0.0013778741187544987,0.051987897996119914,0.06265339988270666,0.044987031078835255,0.0036968787196230085,-0.04809999479614632,0.04547648244337431,0.004503217718990589,0.04546314327155166,0.7864885259465458,0.06048574008878416
82,200,432,False,True,0.00838977692697463,0.06062499562947382,0.0044021603334648066,0.06062605891476749,0.06816753739015839,0.05747162692335008,0.009254983083749382,-0.06869671886262665,-0.016208702686360113,-0.06687454389540949,-0.01622127057018439,0.8990714169775711,-0.002541337674362598
83,200,433,False,True,0.009237939369458483,0.060404378246740664,0.006625111079817879,0.06040968484525159,0.0632601993666212,0.05875835708634791,0.008126685976890638,-0.08425479406984213,-0.005982542060171241,-0.07725180147701073,-0.005991095579531276,0.8969006776152496,0.00395702836332068
84,200,434,False,True,0.04633480010936125,0.06246740563097387,0.009835065534383475,0.062465721539442576,0.08382251862734436,0.0633713388241067,0.016204218896947113,-0.01918790457356849,0.002834844135376713,-0.01982961689729109,0.0028225972275446056,0.7829529013712498,0.013666594469799676
85,200,435,False,True,0.017939472477172896,0.05856719477796113,0.01278553619853577,0.05856941706351178,0.09602062462582993,0.06228946267572539,0.022582316464879813,-0.03462011706913841,0.03336583656304214,-0.026336935303536868,0.033364539518549494,0.8732646625335344,0.047354248581173874
86,200,436,False,True,0.05253118590436011,0.08996354480029904,0.024888814951031138,0.08982147808182171,0.06757594170208095,0.0709865207275338,0.041082090512718036,-0.030329359162613027,0.03787364365792897,-0.0037251421728003555,0.03785954437026717,0.8140273570812718,0.05370404997126693
87,200,437,False,True,0.06889874392937985,0.0689263802334985,0.0108539319009455,0.06889129341179377,0.0734947045747501,0.0581388555370622,0.019641702065631678,0.05824222222254497,0.058249154605111784,0.029702752496872927,0.05824316442571636,0.8650614799645894,0.07318065663430051
88,200,438,False,True,0.10950132382327127,0.07049110914585605,0.010632002392094601,0.0704838608504703,0.08856855041951546,0.06251683907609137,0.02601487518637623,-0.055803681633858314,0.08232679013889474,0.013902624995715759,0.08231561884087704,1.0390307378460546,0.1026674191035164
89,200,439,False,True,0.017349050699624585,0.04976852406898622,0.0012150714313411016,0.04977204850625517,0.06765838671272326,0.05093727403910611,0.004039311164870999,-0.05790433166413824,0.01940533068544724,-0.03975362401005347,0.01939548722819673,0.8863603084418554,0.02685865420928657
90,200,440,False,True,0.11383185669521513,0.07249818149352281,0.0036927563304007443,0.07250650916003509,0.06501756944400584,0.05671127832105835,0.007527089758299232,-0.04133088627306982,0.05969274650193533,0.016437631102270346,0.05968002878053625,0.8507963167453265,0.07887455894745371
91,200,441,False,True,0.07781599113479551,0.05981909051588184,0.0579997966338925,0.059822399780514915,0.07688517470196386,0.059371561566305624,0.018852757944424585,-0.0348940340204349,0.046300442588087305,0.04995508402037013,0.046286795236538225,0.9588275948713786,0.05565013197802343
92,200,442,False,True,0.05423288540504021,0.06076322756000667,0.004829388147430055,0.060753317887845146,0.0833889447715641,0.048600749993288846,0.014159385979605981,-0.038544940780183404,0.056423226071637064,0.0025764027060831696,0.056409575647185906,0.785905591837775,0.07963606725198119
93,200,443,False,True,0.10025552457852385,0.08837778498813677,0.03135179139537963,0.08836365565082194,0.08785736124661835,0.05628997221724453,0.014827439649232147,-0.030518099502369483,0.053113926475149925,0.007480179915126248,0.05310924355570904,0.7447669214612557,0.08237250152518072
94,200,444,False,True,0.06104171454677469,0.07945049460202804,0.021693024774402082,0.07945255794996949,0.05821748959500053,0.05947315212485147,0.021026698259723472,-0.0630317539835432,0.02739896155501377,-0.048958700312390094,0.027386773189315008,0.9364146552332971,0.04609575160451124
95,200,445,False,True,0.04353374358851226,0.061681669763303935,0.003750573843731596,0.061676183827982206,0.06526647143839524,0.05632513365847915,0.008335859171474731,-0.058868576916558855,0.010575725878901921,-0.030556342282038036,0.010567293728328835,0.7617780947123873,0.02370155188865125
96,200,446,False,True,0.09969747763980268,0.1076729457494859,0.01117454307984695,0.10779018578013046,0.0967981739293873,0.06610088107851891,0.02626921482401281,0.003753699507542372,0.06260042466910683,0.0395870567024708,0.06258541757138993,0.7540280322700381,0.10556690757648707
97,200,447,False,True,0.10593860090292066,0.0650045780450214,0.0028563339433404166,0.06501557488095477,0.07035111837094978,0.05746476984486219,0.028017307784290256,-0.05855462613614078,0.06479837262946206,0.028161681640669362,0.06478685196483042,0.8231358602132407,0.07639856560366315
98,200,448,False,True,0.034234615506859335,0.05926476177843917,0.006029408558386617,0.05925251825849646,0.07030046806960907,0.047446068991216686,0.012682090948171057,-0.03973063583911048,0.06260489070835248,-0.003824007796564193,0.06259963352551239,0.9813221272220531,0.08212053065617081
99,200,449,False,True,0.050225926815691914,0.08215595696633628,0.0050188099794962835,0.08213987455831342,0.06562436308232171,0.05161013875708689,0.015272454560555865,-0.011505217138731485,0.06461745591772555,0.018410650372941918,0.0646121904277588,0.9094472827204568,0.09439451540053534
100,400,400,False,True,0.10868861067863714,0.11833504381934964,0.009510466283596584,0.11833194475102637,0.08787298867970599,0.05884014505994371,0.015715867236822882,0.007389456362900004,0.06990974756989758,0.04766746117127216,0.06990806796377555,0.8226954164311294,0.11627709207738074
101,400,401,False,True,0.02474585679237886,0.05947349816426616,0.0010791797165667079,0.059474270360377425,0.07877112729404721,0.05745257314875607,0.005042256606608957,-0.024881877522747915,0.04501945471616381,0.0007394666375300396,0.045008561184934806,0.895702608108245,0.05487026713126553
102,400,402,False,True,0.09062175608835994,0.0732255470492685,0.0033891483897785487,0.0732220432413086,0.07192601330175213,0.051807274229389993,0.005460102812129194,-0.016789133464501133,0.06761392061348928,0.031228618425771792,0.06760291286986345,0.7905723945965457,0.08854259811198417
103,400,403,False,True,0.027269619479017893,0.0551210904786186,0.0011457128428173007,0.055121362878459576,0.06996431148549609,0.05385806655230801,0.002812810102232704,-0.03801806635795894,0.030173467864852272,-0.016129965670616423,0.03016637706050638,0.7327641295742277,0.03921712662271959
104,400,404,False,True,0.014386997552845062,0.05375949347302614,0.0018335225169657117,0.05375734429103672,0.08251738555963523,0.057809073063189914,0.0030283158031900524,-0.07875753113673979,-0.01572144674844047,-0.06949354624804313,-0.01573366317229343,0.7690525470267002,-0.00980932785045513
105,400,405,False,True,0.019669145023284887,0.05752199310891199,0.0032371821968393607,0.05752176117023956,0.09196028970987995,0.060907632458075,0.005562378745190402,-0.06165578161095524,0.01150824554328274,-0.0478895136564593,0.011495129149793613,0.8303633555971683,0.016929299195024894
106,400,406,False,True,0.005110798885011858,0.0568175547381366,0.05622039288841824,0.05681546152634167,0.07271099961567466,0.05642519922044448,0.005322538603745873,-0.021509903497239163,0.02835702493276145,0.03145848459873017,0.02834977316967468,0.8999119307827825,0.034725214095888135
107,400,407,False,True,0.0532973595809929,0.05994018413732637,0.003655240276376542,0.05991885810960252,0.0891083565926418,0.06064438368249434,0.005423453183561725,-0.0361720090366316,0.03882547015524182,0.0014408081123006334,0.03882053282826675,0.9090664660823965,0.04716128250404811
108,400,408,False,True,0.005331128654207462,0.05954720849378539,0.0026891351778151706,0.05954789576626487,0.0748270324636298,0.05520708413528658,0.003252576503215438,-0.02897792241793421,0.03471280916275227,-0.02522201816265306,0.034700763859812724,0.8853213136446036,0.04671251268335774
109,400,409,False,True,0.043325824870475295,0.07299544244697422,0.021952083738291807,0.07298832379540031,0.06830331022696043,0.055644696385295414,0.01755798912665853,-0.027164985880769515,0.04272761662053547,-0.001441376202508553,0.0427207723687701,0.7665029902347683,0.06117580617824825
110,400,410,False,True,0.006720465304605668,0.05890988371773012,0.002052319000418642,0.0589068875376862,0.06710212198777936,0.052631160944870414,0.010653231788209601,-0.020482274663782427,0.03383048287661922,-0.016062695438895488,0.03382253511064377,0.8589940899401272,0.04780035747257122
111,400,411,False,True,0.0005031618924596067,0.05485316525435025,0.00114895997567289,0.05484969278446885,0.0759904560754704,0.05359299339268737,0.003103976219488609,-0.012637634658577273,0.03568751211165285,-0.014011458010241694,0.035679827919631396,0.7848819005395399,0.04651636364419076
112,400,412,False,True,0.03635492519183606,0.07402387533394625,0.005886265679377421,0.07406625210679312,0.07556173698704997,0.053751417473805116,0.009670911878456293,0.0008814129911798841,0.06716690473549243,0.013849434676824486,0.06715398324552617,0.8405568987064942,0.0898749460553826
113,400,413,False,True,0.049820705113649416,0.07431004073905402,0.004206199159566323,0.07430145896420157,0.0817064093938763,0.057378296498720775,0.015121485686059219,0.012031142935183996,0.07528830460341737,0.03393846795288217,0.07528113741852337,0.9549559640561305,0.10024343474637964
114,400,414,False,True,0.04115409655512507,0.059719524815757555,0.0015665702693021405,0.059722349681787586,0.07295436200127899,0.055138886938513626,0.010134930192272986,-0.019372396290240807,0.050539575096934186,0.00254562254459336,0.05052665674257852,0.9883137328617363,0.060980696123981215
115,400,415,False,True,0.06064144048740802,0.07043398819711774,0.011151850648966946,0.07043231426334262,0.08638592912650937,0.06153805821804232,0.009426854387298624,0.008463825980606816,0.06238639055022219,0.02998948358405261,0.06237375438009593,0.9292303038495817,0.08140392768928961
116,400,416,False,True,0.029699798282907777,0.07125285424798146,0.0043048024142420226,0.07124881945281132,0.07294163617638555,0.05352894069241185,0.006469028311560578,0.011560186455373867,0.05241944195883278,0.02577309259873691,0.05240651713863571,0.8603094119245506,0.07301366617535737
117,400,417,False,True,0.013094150452545252,0.06819786886710265,0.005702066919337568,0.06820077600693404,0.10154851346002668,0.06374776124058482,0.015101229385118004,-0.0017961217030802203,0.06156390417602744,0.0123916462382389,0.06157506390340373,0.8683024308449094,0.08399846491303553
118,400,418,False,True,0.0327016041521474,0.06991346985947397,0.008211947634416412,0.06990856936509612,0.07715171279354706,0.052207553158365345,0.011605893692694352,-0.0067432881310596415,0.07535557878114389,0.009099344272337804,0.07534527516568318,0.9470799712693402,0.10146492131363671
119,400,419,False,True,0.017725524862448664,0.06433533965329842,0.0019121773454517156,0.06433078649492774,0.07325959905782592,0.053100810557484994,0.008810532241752093,0.008162864858412212,0.06286001385683761,0.019648939459748622,0.06284742689938205,0.8911030399632957,0.07869783889125148
120,400,420,False,True,0.008983005668738095,0.05889125073436982,0.0042423484022264925,0.058894586507038146,0.0918772881381626,0.061994364231781354,0.020931735464746602,-0.02071454319829841,0.02796319172857629,-0.014438684508587379,0.027956933822644386,0.827882244852419,0.03651552758207721
121,400,421,False,True,0.04300389008571244,0.06443555442688205,0.010108527407751035,0.06443707602520778,0.08980327276476714,0.06525966909471306,0.014258304357697826,-0.019407449872527578,0.023845344580590292,-0.000782436779896225,0.0238344297034989,0.7872834208797075,0.030675497652991213
122,400,422,False,True,0.008201847721621714,0.05821057967931322,0.003760251078415921,0.05819644826670317,0.07972045220592697,0.06219102963592109,0.004008305439723822,-0.04621439680772656,0.012601171525698618,-0.04237892703896873,0.012583188240587547,1.0241064911260747,0.01676647678292198
123,400,423,False,True,0.02663936797338339,0.05495558118291868,0.006404654398887206,0.054953842855393044,0.07218086537403953,0.04910529073864949,0.007709600323128734,-0.04917698068802401,0.0402482432138909,-0.038108977992234803,0.04023813712926142,0.8328409391979921,0.05720745234076269
124,400,424,False,True,0.05144017054332883,0.06444017870446664,0.0027081909150413145,0.06443580279226692,0.07798391379322163,0.05675763874468876,0.010961787748260562,-0.008864901052730674,0.056393012231435405,0.020415901463826994,0.0563886908936442,0.9653718501263598,0.0697068109751603
125,400,425,False,True,0.012898084884657197,0.0604945337131541,0.0051346276580939085,0.06049781802156905,0.06277425662938439,0.05995262891565693,0.006334871154004526,-0.055605701911654544,-0.0018556425340507587,-0.04427745270857191,-0.0018685981053827305,0.7797825341853608,0.0026883011019036562
126,400,426,False,True,0.017344625136065602,0.07092627441282774,0.012005207060743357,0.07075354691122734,0.06133357200462716,0.05504625792271762,0.015332217739455206,-0.029167621603181183,0.0415899759273347,-0.022425799576699254,0.0415764316322435,0.9369870073751492,0.057903059746615804
127,400,427,False,True,0.02636107760721055,0.061011443596315926,0.008887898797313373,0.061014050875609974,0.08716432116259083,0.06405269025621864,0.013071522599400595,-0.05392864757695881,-0.001465630267978213,-0.032236925156096094,-0.0014688331055873506,0.7629686580383354,0.002222119600158945
128,400,428,False,True,0.05294942487630671,0.05983321056181414,0.0031573756595429515,0.05986875730791371,0.07464238571930207,0.05125527421468842,0.005314974059104528,-0.013719206305501622,0.06200652974060134,0.007933806094358764,0.06198912953057352,0.9640753682244853,0.07769097400649044
129,400,429,False,True,0.024758066409635425,0.06218747640876063,0.009746516597193923,0.06218552884655792,0.06261080442811953,0.050059396547254977,0.019352679991375705,-0.060879784481008684,0.016584237100354286,-0.050046586375030955,0.016574401388141594,0.894899293489475,0.034123513019811036
130,400,430,False,True,0.06365930048100069,0.06888128530472792,0.0035876875704615803,0.06887288647814213,0.08666782460959223,0.05814037981321981,0.006290584515651105,-0.0068558920577586405,0.04829729324133318,0.022044436291566598,0.0482897071511843,0.7512965710588252,0.06472937846974908
131,400,431,False,True,0.040881993050267296,0.08452465288297288,0.0148633083757379,0.08451936180494166,0.06057151038616827,0.05345551295301321,0.019941721607438297,-0.004784661885894611,0.06871803827237251,0.01602298445275232,0.06871264959924815,0.8436572848210021,0.09503581635881442
132,400,432,False,True,0.03268213080493591,0.0585256025943264,0.0042008495711853095,0.058525488392679674,0.09747650615333843,0.06402019115542582,0.017559595969737468,-0.07882403352049394,-0.0022146066248948416,-0.05958998096854273,-0.0022128703436257524,0.7725134585971076,0.004107629538213253
133,400,433,False,True,0.012467313697137218,0.05323433659292737,0.0018869937763483654,0.05323726173055396,0.08614791082255065,0.0556671180451103,0.006080503504544113,-0.0286337351296001,0.048274270432544245,-0.016164983370989195,0.048261265705453055,0.9464828875945213,0.059090147951820604
134,400,434,False,True,0.018422113240345997,0.06137721043058031,0.0019957974436096686,0.06137520451508036,0.08010750410972463,0.05734125006801852,0.007104045713355739,-0.018848698550737123,0.04058799734525522,0.00023335328246672395,0.04057880383875613,0.8722233839505172,0.053539530021863124
135,400,435,False,True,0.0787402071028905,0.08441936804559275,0.006504909155415692,0.0844229509612256,0.08962860064850176,0.062280125156501435,0.018307827599076835,0.002307493669431742,0.06688915346176082,0.04417564779688444,0.06687763306839202,0.7918952432280623,0.09144408020296113
136,400,436,False,True,0.004392994974934414,0.05887143384359453,0.0026694922255918806,0.05887125082351842,0.08617903815822835,0.06176801690157558,0.00248916478517485,-0.046454364050169186,0.0039241173741947225,-0.0426525185030635,0.003919301444938199,0.8957039161231003,0.008524334153215851
137,400,437,False,True,0.007678600536399504,0.06547882294899181,0.006155179612026832,0.06547765790821329,0.06801071430831666,0.05723263908481747,0.007795484482625752,-0.0012195749378111854,0.057451119375629744,0.0015291714289579672,0.057444052637889986,0.9823807958058782,0.07028190672221502
138,400,438,False,True,0.009485682456918115,0.055668380511903655,0.0015929209694836735,0.05567257012037845,0.08145320215818255,0.05345998941631205,0.0028438934286699447,-0.017363324480872792,0.04853776805881253,-0.009851267379092001,0.04852472878557734,0.8685308944494743,0.06019599241870549
139,400,439,False,True,0.005594265168014001,0.0529642126472724,0.0007463448154775439,0.052965890256111384,0.07764098359130801,0.05390954988792243,0.0020153911496226676,-0.017006823928290466,0.034262868607948034,-0.01307090129180175,0.03424865155789796,0.9020990504032566,0.04360043554342469
140,400,440,False,True,0.03890636602058512,0.07311021004804269,0.0010434288277049,0.07314806523702963,0.08301856426402505,0.05647811540739106,0.018371785656992767,-0.006845544914311985,0.060730393334645284,0.01857131209624422,0.060721746012826115,0.8823621321602224,0.08417078852902693
141,400,441,False,True,0.07356422204003038,0.07401449420106519,0.005996938025938736,0.07402204318679767,0.06886166085760602,0.05344971021547705,0.019168760722226175,-0.017786569839729597,0.07910414287259236,0.027876443427343318,0.07909295570946533,0.941885223505336,0.09727779092225408
142,400,442,False,True,0.021147569141002912,0.0575428803448366,0.005409096353509429,0.05753716049913815,0.07273956331627902,0.04936527429524084,0.020134581563273753,-0.029086952814353806,0.058290906225328176,-0.014858951774792998,0.058284107028667834,0.8764450901847186,0.0761681476858671
143,400,443,False,True,0.05103373080799699,0.06016188375193789,0.009863083046556656,0.060172699020589304,0.06998440028244972,0.05344103615302607,0.01488532205832771,-0.02119741165930674,0.07174874030329875,0.005365153631799211,0.0717348531921963,1.0212154073895243,0.08217711866621791
144,400,444,False,True,0.014302253715547624,0.07088746096808643,0.00754492527221566,0.07088241757937687,0.0667924134022083,0.05365065578426145,0.010717524317646563,-0.006664042434223938,0.05718873346580018,0.0018687010703233066,0.057181673946747086,0.8752607766690755,0.07505610628738824
145,400,445,False,True,0.013007469861832557,0.05815479023232034,0.005429285445448157,0.05815317794254373,0.08362576849428205,0.06126574839406569,0.00655062209719853,-0.04623340032846072,-0.004199232282099885,-0.03892610174914433,-0.004198835108070896,0.7855150749547686,0.0016081007569682115
146,400,446,False,True,0.042051586506633,0.06840418498406567,0.002816644024791222,0.06839515204572072,0.08854835256054072,0.06060200202782103,0.008028937119992035,-0.007559733600791269,0.04403421170803469,0.012460315752390068,0.04402683526978585,0.8269491607525851,0.06115967734798472
147,400,447,False,True,0.02763760346196846,0.06030407227151263,0.003959923239392098,0.06030292755802811,0.0701696422163143,0.054942008748461675,0.005139319415824712,-0.015754306867078956,0.0295968567492848,-0.003026322135870547,0.02958478489026426,0.7495969252631381,0.03988268224282071
148,400,448,False,True,0.03391744547565103,0.05955752239582829,0.001644888037385586,0.05955606182272492,0.06519173380495519,0.05263087166470487,0.002980703610443211,-0.008229876589299568,0.0522657129603796,0.007915588205237648,0.05225702996484863,0.8876214317475244,0.06527974721734892
149,400,449,False,True,0.01461198189450759,0.06498412439364142,0.008254639876317485,0.06498191569898853,0.06505940493513244,0.061412244657228277,0.020658325686100334,-0.004611931206927692,0.042610215439896564,0.0078044276768100196,0.04259958045896703,0.9694485786540049,0.04840266994985387
150,800,400,False,True,0.026690327928350147,0.06518375624501074,0.002574520560195141,0.0651742330826393,0.07614706423820553,0.05564164181263075,0.006682488180461613,0.014348508834609976,0.06300559242377993,0.024137081962128788,0.06300042437908829,0.9754982276380801,0.07705040602469798
151,800,401,False,True,0.05197312515155596,0.07049092512835471,0.0028433405998415234,0.07048831198336637,0.08317795814486904,0.057595145547039976,0.00568346789581105,-0.0011984618698160077,0.07012913546478423,0.02682809336539381,0.07011583481886,0.8948997007029572,0.08493122648578588
152,800,402,False,True,0.0028439510055575145,0.060027475451232375,0.0013996249159183543,0.06002477658695513,0.0853351029142329,0.05937998078444593,0.0016473299589976214,-0.011234879170875907,0.03549445662667068,-0.010490691623931318,0.03548292603588813,0.9083318266933648,0.043421270976409854
153,800,403,False,True,0.02537393364006606,0.07126261890103014,0.0024687838862092154,0.0712431989084053,0.07814691910917432,0.05599503596222966,0.00487569219064512,0.004553307741165036,0.05838643992688724,0.016633444897301074,0.05838088694740293,0.8527744707621338,0.0772637119083186
154,800,404,False,True,0.047979779867361606,0.06154471254930402,0.00737812493141528,0.06155641180670551,0.08050768734269877,0.05507032550034107,0.009670182623652374,-0.027408583665965675,0.06262281022420524,-0.0010663187122860996,0.06261623093140628,0.9968759367547225,0.07891982208131931
155,800,405,False,True,0.033897637201108846,0.05791036698655191,0.0014135265827810272,0.057908012401819954,0.07372679971055397,0.055207788267469214,0.0032159643143465774,-0.00865740358949016,0.05300052852071332,0.013007158637637541,0.052992750939367714,0.9132063889446536,0.060936060038890294
156,800,406,False,True,0.00961638211054771,0.06546924035930655,0.0027023318656834287,0.06545787415892657,0.07695260394025637,0.053384157872298436,0.007368301528199855,-0.0011855788409062152,0.060383854826943875,0.010313592731433197,0.060376510637894544,0.9170945270779847,0.0775607809320184
157,800,407,False,True,0.0018508805123443285,0.056921661274716095,0.0024400284570493384,0.05692363271682165,0.07028246695759006,0.0574859914767651,0.0019207027183447954,-0.045132426217421404,0.003871159838465772,-0.04460067537920056,0.00385894336319204,0.8730562485914721,0.008906951104122873
158,800,408,False,True,0.014717041204895157,0.0622356335418813,0.01071173105635186,0.06223406028712773,0.09985959238296525,0.06859179905226076,0.008915960409708597,-0.030549973692588734,0.010552624480944673,-0.024574185276480875,0.010551688296425539,0.8793909441769062,0.01437628387543688
159,800,409,False,True,0.02756317876074905,0.07532944174020889,0.004056830855709133,0.07532586371023521,0.07248474668314685,0.05578445055561847,0.005212603902344291,0.022144606070720333,0.07095208841068193,0.02930080079092883,0.07093883163225073,0.9268675883741234,0.09161500789104576
160,800,410,False,True,0.00584361157720266,0.061288865980101866,0.001981771699266343,0.06128060428715816,0.07242369830278311,0.05412213268389628,0.003928444881184344,-0.004999293575959772,0.052951491673814174,-0.0013266550274352313,0.052946716514946104,0.9454151352701047,0.06611855095261443
161,800,411,False,True,0.0028548855321654243,0.056595815233849045,0.0016508714007920475,0.05659358915600758,0.08070503255675715,0.05678469727696906,0.0018796952966538653,-0.008471166328609675,0.03770369755240403,-0.004436022053571443,0.03769299007244072,0.8679746685604545,0.04590586998283175
162,800,412,False,True,0.00890312079139898,0.06409511372003884,0.0031021763726729506,0.06410648623741835,0.06835558951866591,0.05246600849405343,0.004535287497271344,-0.012957925726272378,0.04144071984323844,-0.00513020247557329,0.04142976186690149,0.8112949315716586,0.05658858519491283
163,800,413,False,True,0.00805332319910863,0.055665707746240266,0.0014805429527129385,0.05566088564551363,0.07803077015217029,0.05597617670812832,0.0018142901939817453,-0.013226484577086053,0.037733696468732064,-0.0046343790080441314,0.03772569726323461,0.8830872135320239,0.045759679220124194
164,800,414,False,True,0.01206307408289082,0.058665275298592716,0.006855425057322506,0.05866251358056914,0.07786985343111227,0.05994408288659022,0.008217485146460037,-0.016407544000564107,0.022058354568005357,-0.011856657526571446,0.022051000367424436,0.8780288389219493,0.02703079602677322
165,800,415,False,True,0.005873530675642545,0.05140720693004553,0.0017805190102757346,0.05139984486347358,0.07610174200865115,0.05144664510261245,0.002906477907193563,-0.03075246706787915,0.034140691189306835,-0.023268720026816743,0.03413458839360665,0.9114829515623708,0.0424551985249188
166,800,416,False,True,0.004151600879021215,0.05497427420830622,0.0028041357221412185,0.0549722165261406,0.08603074977924616,0.05671868401744501,0.0032659942165248006,-0.0288346433105451,0.03858066597196668,-0.02760751509691331,0.0385732218787561,0.9587231165226359,0.048881467324690786
167,800,417,False,True,0.03150367749688923,0.06027831958459054,0.005865652427968899,0.060339122435386125,0.09284309146561931,0.060934230520213586,0.019357447469887032,-0.0265715531701212,0.025588249279119638,-0.012366380232469332,0.02557600911918023,0.7352853493306248,0.034449850525014314
168,800,418,False,True,0.002343429496041179,0.0582690337141397,0.0016909704945318332,0.05826884326274154,0.09123272737828472,0.06322531381285482,0.01822142504243953,-0.02375523913766095,0.026000200498536827,-0.02298399454075079,0.02599950364118058,1.0193005203844592,0.02960444482911001
169,800,419,False,True,0.020229801889683246,0.0590261708529587,0.002137506220421391,0.059027168880458676,0.07436129132031713,0.05652386000888364,0.0018667331563874874,-0.05460410625023204,0.0223486049135699,-0.03580879904653853,0.022335734255749033,0.8773513890247312,0.03055363701582059
170,800,420,False,True,0.009230363559902833,0.06019735875494886,0.004979902287113,0.060196762477709574,0.08567594657637971,0.06288800341172268,0.004961580887322332,-0.03367713225128521,0.010473900300602565,-0.02804582699903038,0.010476387477578229,0.8541016163641593,0.014130396633988407
171,800,421,False,True,0.02285941886784868,0.07464973054684976,0.005342982305456615,0.07465334510949412,0.07304570395218582,0.05380091537413284,0.005739571954880122,-0.0021456458510672235,0.06258684363512707,0.005987675687130614,0.06257397941790935,0.8924138782861891,0.08792588605152624
172,800,422,False,True,0.04295536857983053,0.06876119275032927,0.004685621011848772,0.0687537990551,0.07188456002763181,0.05628120961001757,0.005605263577183178,0.012586520577813683,0.06574736038026366,0.027817589089511686,0.0657401030716295,0.8666134882001973,0.08021179347146346
173,800,423,False,True,0.015815694107818728,0.06601757722750153,0.0019739609206372148,0.06594485772879874,0.0792725620567003,0.05548770023194548,0.005097917262620257,0.011127628374464802,0.05846029618303184,0.016197002103657758,0.05844929736745755,0.8569744435632687,0.07632360750614481
174,800,424,False,True,0.02760885645426676,0.06604254371144164,0.0017152160641770167,0.06603927602799164,0.07792937054970867,0.055016277805378745,0.0028699764086441756,-0.020599469408764996,0.04507576636268169,0.0004992402405694385,0.045063778354728044,0.8392065680103481,0.060533931912848615
175,800,425,False,True,0.04915598203540164,0.06400259518039411,0.0028832763780691204,0.06400687596081968,0.07254978976036495,0.05602380274806931,0.0037385587995384254,-0.003953978629655836,0.05790678553044238,0.017837258306439435,0.05789888805391669,0.8958325334232227,0.0695141511030225
176,800,426,False,True,0.030342704874927125,0.06339968120410995,0.0010537223022451068,0.06341067178216638,0.08037573707212955,0.05640412212509856,0.013467884632001928,0.006188805308523724,0.05781541499478429,0.02056628740242045,0.05780397956689086,0.8561317747924838,0.0738146104692301
177,800,427,False,True,0.013663916746898208,0.05983614940069815,0.00802120285189626,0.059841007015672076,0.06756538346795478,0.04705116293027233,0.017090022321951705,-0.029206010170705916,0.05257771057281161,-0.018980589631837377,0.05256703641453065,0.8508898683794499,0.07214391108473422
178,800,428,False,True,0.03953968535627167,0.06558181463291352,0.002683306539881206,0.06557577086205683,0.07682887293692203,0.05508884927255633,0.002251972874637096,-0.00658909960792967,0.06192407706362346,0.021429776026029353,0.06191689990259455,0.9015630420747793,0.07806039260912084
179,800,429,False,True,0.02649047608318631,0.058853496179973284,0.0036247118781548753,0.05884838425255737,0.08155033723090259,0.05580927857690677,0.0044507494766753575,0.0060886135844082576,0.05212094160592635,0.01449099615410151,0.05210779324235553,0.9106688686563489,0.06273278105961477
180,800,430,False,True,0.023832167126978374,0.06590949282105944,0.0021273969473701825,0.06590830269842718,0.07256066116051282,0.05636451715968249,0.0025953331109509433,-0.0017079725396744166,0.05748405004757323,0.010747582480034776,0.057477506669053824,0.9882704861373122,0.07312775652297954
181,800,431,False,True,0.04130842367548056,0.06416477960102707,0.0016241328021413188,0.06416104500072223,0.07593165252439948,0.056464629914693164,0.006643721051012012,-0.0007716873934809687,0.058275448550600684,0.014928951295095545,0.058266507536565516,0.8918636050292814,0.07020303741635203
182,800,432,False,True,0.00898991699463098,0.06132200562479009,0.006944505779510752,0.06132622771645249,0.10178239098329903,0.06477949999785748,0.008286903086873975,-0.010389862470482673,0.040846370499338536,-0.004086600312754551,0.04083702253937837,0.8552593020396609,0.05201705349402014
183,800,433,False,True,0.009323806448679613,0.05996434129113171,0.0011085612179277961,0.05996557303451195,0.07674684427211655,0.056701359370638846,0.0019047006948914094,-0.03143319844185668,0.02835171244674484,-0.02205484876489737,0.028338791236826567,0.811162672528002,0.038629468364714314
184,800,434,False,True,0.0029998671280911447,0.06815919878374452,0.0017772849066919954,0.06815202871356632,0.08095432103888527,0.05546404507657252,0.0028005276987242284,0.0034647402209908675,0.05247636094673652,0.007378204697975298,0.052470223988930725,0.8602349159648157,0.07080078838034715
185,800,435,False,True,0.026200725832752444,0.05993012054966492,0.002557249751512924,0.0599347712905885,0.09117610574038125,0.06099036978743563,0.00448654334102788,-0.02963854989698095,0.03365042675459385,-0.013714584022055595,0.03363747520252254,0.9491381938193035,0.043127850629471
186,800,436,False,True,0.015486664179461153,0.06683114808619203,0.0020131115866296066,0.06680644659471273,0.08830119789868209,0.05667776948624865,0.0030339627592107267,-0.003840664073442989,0.04694962399521984,0.009574284881656991,0.046943521326278985,0.7547536160634988,0.06489192199481147
187,800,437,False,True,0.0031642738259062093,0.05695396492245419,0.0011228544795139908,0.05697554917200889,0.07891343597352764,0.05519289262279729,0.0012862424476345648,-0.0014228302309285978,0.04754178217532712,0.0025889244900681157,0.04753424908672372,0.9121686578523374,0.05844277031761619
188,800,438,False,True,0.01688428334205718,0.0643799766744663,0.0019137702760422372,0.06437900482010313,0.07478353527830546,0.057500627161922065,0.004494983041344422,0.0076154243734645275,0.04897109664498416,0.017493476522325906,0.048959363931257376,0.8984205643116647,0.06027327565750806
189,800,439,False,True,0.008842105738297497,0.060392376282435344,0.0030120611998221956,0.06039230178758983,0.07992468901872432,0.056363096730514706,0.00479708634358628,-0.002400215343889065,0.031055753658856277,0.0014367125131948622,0.031042089701649546,0.7747378911440171,0.041571536778308105
190,800,440,False,True,0.0242690781730254,0.05844012944523839,0.002726595076550356,0.05843786430824932,0.0664912040400866,0.05589395065868812,0.0033050443256210475,-0.02475404913320647,0.029967635249823203,-0.009074332312837158,0.02996078152616704,0.8432916325115517,0.03622278046518013
191,800,441,False,True,0.0013851426671864955,0.057338344200149285,0.001660767055715552,0.057338421940866996,0.07109394668416162,0.055145052650805784,0.001760507942424066,-0.020690766543540642,0.026415031247869508,-0.02020449138555366,0.026402723875147558,0.8535580988685604,0.03403921595267878
192,800,442,False,True,0.025419397229238725,0.06797075426380648,0.006462145935046421,0.06797405608328307,0.06794014134503393,0.05989604752731282,0.008659425604426068,-0.015196800634022607,0.0238699724130791,-0.003869253210336515,0.023857575919796262,0.9108514695136953,0.03325758452425337
193,800,443,False,True,0.010707708468115284,0.05929537653463033,0.002263020421160676,0.059291081494454875,0.09053305736655595,0.06158200091948677,0.0061413882425352204,-0.037585496436544595,0.016145019821270666,-0.0313516338537597,0.016139587416817137,0.898008880059306,0.023502455417728108
194,800,444,False,True,0.0014557784129902813,0.05596064557425304,0.0009466217738681729,0.05596538092080665,0.08573345560411123,0.05783479678369416,0.0020514912289163988,-0.012303050998446979,0.03818787600526107,-0.011973189135016396,0.0381732384252966,0.8592412683515491,0.04568903747793057
195,800,445,False,True,0.02937915816017838,0.06932853559500216,0.006946366866878161,0.06930396240289888,0.06444199345991775,0.050807322882234995,0.005080630313599969,0.014242533179588922,0.07048620502328162,0.0219902515971249,0.07047937304071737,0.9227258196698365,0.08853740134391636
196,800,446,False,True,0.00408151193414432,0.06144660847740353,0.004181191620102657,0.06144475073711695,0.0873098765959393,0.063215269132367,0.003669301146501638,-0.0009871976296111985,0.03732666757565461,0.0008482031300036153,0.03732312653761994,0.9066207809520017,0.042874056788740345
197,800,447,False,True,0.009852474762171241,0.06579239694076039,0.0027289440528507347,0.06579938518299283,0.08265189457691406,0.05803870331503075,0.002515999141810684,0.008570908762784366,0.05043067144616998,0.011370375467097552,0.05042190150634582,0.8036682083883403,0.06640271682548637
198,800,448,False,True,0.0036719957916773196,0.058592348823174746,0.0006553521019165415,0.05858635488152189,0.0798934697207097,0.0561998519509865,0.01417518667075685,-0.002229557720237061,0.04350855645658044,0.0013729429348203403,0.0435020518882947,0.9049848909073605,0.05416689654998058
199,800,449,False,True,0.030883900590542773,0.06601006908714248,0.002206159679781918,0.06600320660892306,0.08128492858217364,0.05818703884538162,0.011527326214760237,0.005384840729193333,0.05218031978813557,0.02067371588253981,0.0521668399528415,0.8705039381672995,0.06707163612735217
200,1600,400,False,True,0.02776813689297944,0.06469957720854702,0.003438518505228492,0.06469756844707586,0.08000824933748438,0.05748954578325693,0.002641583542072717,0.018745138066799744,0.06784949855071375,0.02929871335534002,0.06784197943451091,0.9837553596773446,0.08231675794737647
201,1600,401,False,True,0.011595942872924862,0.061175089004848734,0.002379494948831812,0.06117034007109764,0.082364882320634,0.057238488206581846,0.0036282246830242892,-0.007360399148827694,0.029823253871279008,-0.004554669036180597,0.029815425877670592,0.8505741526663307,0.03918162507161754
202,1600,402,False,True,0.005650968259140566,0.05876753409451137,0.002705778553768128,0.05875874771989156,0.07278080606343358,0.05767830432439772,0.00444188893326795,-0.0074030678998041125,0.035658601151386124,-0.0024011713037431826,0.03565549138290756,0.9192866420162835,0.04023872725204025
203,1600,403,False,True,0.0038283142582951064,0.05924838264908745,0.0018949479872849412,0.05922894680908329,0.08532150201041294,0.05703805320343643,0.0033995604481745897,-0.005595337978974413,0.052883754263763405,-0.0037090013819990175,0.05287799768344925,0.9561742332063454,0.06496284903330435
204,1600,404,False,True,0.004674228452478405,0.05718683681372734,0.0014295175843109477,0.05718694961932976,0.07191353332611525,0.051728819268825416,0.001785533043780037,-0.012693078367547692,0.043221738764785016,-0.009917825808738168,0.04320858416024869,0.9175954271530058,0.053968391485404665
205,1600,405,False,True,0.005839588526460884,0.05967729347998287,0.0012947775010228207,0.059672103809952054,0.07680025729658994,0.05509272755748885,0.0012144131880030714,0.002352732317180366,0.04497318768209425,0.0043932381286540916,0.0449595116250422,0.8603979045165602,0.056077210611170825
206,1600,406,False,True,0.007691497031761679,0.06245163714554847,0.001402843841574311,0.06244831985814057,0.08524091996956182,0.05861582312342381,0.0020237285926517886,-0.0033345663996700928,0.05050758842417458,0.002902797150861938,0.05049543046316494,0.9096891369508154,0.06143559621131095
207,1600,407,False,True,0.002649954622388315,0.05646190596589153,0.0008911962970467223,0.0564611730143318,0.07688919192070215,0.055413345275922794,0.0011853547438675515,-0.01989167547250276,0.025895691951168944,-0.017942281636737643,0.025882758744225926,0.8859395801165979,0.03363238667210128
208,1600,408,False,True,0.001954860436286662,0.06403424119897827,0.0022416757347228757,0.06402907870678218,0.08616138965710957,0.05881635637800988,0.0025155918293492314,0.01449602687971949,0.04903600520764897,0.01420665737642683,0.049022719420985864,0.8727791151392923,0.061514376365860546
209,1600,409,False,True,0.00833869785498505,0.06132092210351232,0.003823711555167093,0.06132085504357929,0.08941327664921449,0.06057407352024206,0.004595843432650523,-0.0029294431479551463,0.03992100930201112,0.0013171637185229968,0.03990753922608505,0.8398521493443448,0.0490263428838707
210,1600,410,False,True,0.004525660001174645,0.06106743296080816,0.00042707508193997283,0.061073785088084726,0.07753173820195483,0.05401841682172236,0.0006914395134724426,-0.0017879642112477207,0.046243344023948724,0.0006701882429014982,0.04622974178993822,0.8958563197181255,0.0598101888093206
211,1600,411,False,True,0.0038101843779828025,0.05400714586580183,0.00044035523170945064,0.05400694349246789,0.08043307949481501,0.056320681407315935,0.012297229593609545,-0.03585074526968615,0.02456483615744098,-0.03320495101392547,0.024552144132349553,0.8498865835260209,0.030058140632643282
212,1600,412,False,True,0.005001927396171934,0.05667903140894908,0.0012338444579261371,0.056680245581910975,0.07650944356941819,0.05587211587339097,0.0011676493117930933,-0.02005607088061791,0.031005508724237033,-0.015057351538408719,0.030992421716968154,0.8833963200197936,0.03777124400335541
213,1600,413,False,True,0.0004048915630775992,0.06074322152046558,0.0018220460127726377,0.060731532888278164,0.08196489929703869,0.05566527056645497,0.0011667461395154387,0.0075131543431501404,0.052860125679174814,0.006038684963893042,0.05285158770937713,0.9139549404453069,0.0654197736232407
214,1600,414,False,True,0.002617840376410625,0.06432881829168478,0.0016895451625182575,0.06431143121440466,0.06948473519575325,0.05373402856348874,0.0021514063648249843,-0.005128071035274675,0.047629784348383386,-0.003317094388243016,0.04761623678785,0.9064286053103656,0.06091102094335965
215,1600,415,False,True,0.0033722067354708253,0.05877923793513354,0.0014343542475885652,0.05875881446311248,0.08273556268906347,0.05603449026090344,0.0025542704491709153,-0.010368711191842146,0.048034588435492014,-0.00359092431923705,0.04802794939844859,0.9536945862578537,0.060386287894707125
216,1600,416,False,True,0.004048072523784866,0.0573971214880295,0.0024577891106376385,0.0574205120647044,0.07519526520945671,0.05286934346354025,0.013715617289837492,-0.003097223373537683,0.06227687973016302,0.002045331221928055,0.062266776814727226,0.9837983255395036,0.07415173714830464
217,1600,417,False,True,0.0016860061061633805,0.06517087950350503,0.000721223307926996,0.06517369272358707,0.0732632576670111,0.05513056789324487,0.014604534641461645,0.009159765073003447,0.04811270340273282,0.009841271301260503,0.04809955671448066,0.9169992959023192,0.06138925277779289
218,1600,418,False,True,0.004134629343382342,0.06078825737359728,0.0010125177897714705,0.060789364813759954,0.07732608297326476,0.05318177645555859,0.0017322648938188554,-0.009187601264480965,0.04290834725936364,-0.006629155714412969,0.04289567122731484,0.831779959181898,0.0569813650635429
219,1600,419,False,True,0.0033260200837096315,0.06270673947172017,0.002402793423388946,0.06266645847662673,0.08423800674472588,0.05960886606641366,0.0036413977650705783,0.0013025515825569878,0.04079922303849983,0.0028318178255739724,0.040785833796173704,0.903712427994706,0.04978476831015166
220,1600,420,False,True,0.0005001844511966168,0.059869504465137585,0.0012024473907706606,0.05988530743626837,0.08250554460621103,0.05754530975765111,0.000759763120828567,-0.008545789577512165,0.039607329055376825,-0.008169565096422447,0.03959838283312656,0.8769851246820441,0.04935300327701786
221,1600,421,False,True,0.01247718669604573,0.05708039689704477,0.0003085156525681949,0.05707554297436815,0.08128677862620518,0.05613391911123063,0.01283561246604926,-0.02004137029002977,0.03798250333465589,-0.012943997611395931,0.03797653689137931,0.9271631031396987,0.04748338129217167
222,1600,422,False,True,0.009479260642474606,0.05721530616069615,0.0012098550736899221,0.057210475262712376,0.07592833192192838,0.05525256570642042,0.005326313023383246,-0.019793884540699073,0.029858106689198964,-0.013277661489801763,0.029850657703234165,0.88151771841032,0.03850116435506201
223,1600,423,False,True,0.0027027009543824742,0.05946545702331482,0.0006817275374552444,0.05946390086938818,0.07181513099371438,0.0539183246284161,0.0019256023689310936,-0.0031683462909157523,0.04629946917351269,-0.0019637096253800634,0.0462893539253627,0.9279276954436024,0.05635188129224711
224,1600,424,False,True,0.007613325384910451,0.06296812340362991,0.0012017541122506168,0.06296641540386011,0.07091126814169543,0.05497906355687111,0.013659406402941516,-0.011644570756629955,0.042200483830260184,-0.007901864881154342,0.042190177109840764,0.9122093784939094,0.05339506066754651
225,1600,425,False,True,0.0003676667394005047,0.05718002080783669,0.0009434485716306068,0.057175602891278474,0.08053564302870328,0.055549591519241354,0.0008834914729383605,-0.012711769982493726,0.04672250869531133,-0.01193157291031088,0.04671580445777217,0.9092778550118292,0.05634193571074697
226,1600,426,False,True,0.0013787290851762291,0.057730581673233985,0.0016190049696354453,0.05773473024407193,0.08444303619249405,0.05648391965873712,0.0010174445474056223,-0.01213049861293961,0.039501389935138034,-0.009491938303652027,0.03948725760717139,0.9024161535999385,0.04985500072469662
227,1600,427,False,True,0.0015066295587082917,0.06128654884287874,0.0021737574305000307,0.06128456323828971,0.0716247649006006,0.054734345105289954,0.0017063895870385291,-0.004033068673703556,0.04531525936939431,-0.003115216971983975,0.04530425775731388,0.9508248335971499,0.05477827779220784
228,1600,428,False,True,0.004147546457091742,0.05967253877343698,0.0030958834486554915,0.0596905214304361,0.0733757869682914,0.05165521541886647,0.004513356555691414,-0.00929270425689531,0.05717187446912817,-0.002385228792057119,0.057164468027637416,0.8994859658867449,0.07172317367484649
229,1600,429,False,True,0.00852898311916269,0.05768862971581114,0.0008259119681344558,0.057690649745713155,0.08235178956741249,0.05778566416321912,0.012481699549725191,-0.020919668261157418,0.028889349755850446,-0.018111668647458896,0.02887849504225706,0.8355932399988092,0.036912901160767675
230,1600,430,False,True,0.009353217058967921,0.06238337204105486,0.05492813795985521,0.06237493365041715,0.07993865597871963,0.05644556365553264,0.003062805805937619,-0.0025584886313925236,0.03984467496692396,0.048971198970416546,0.039831454226138235,0.8652069566013176,0.05107877377370296
231,1600,431,False,True,0.003011994742384943,0.0595344078353597,0.0017364281592664348,0.05953969389003236,0.08048260928880645,0.05693141342036383,0.01263651793175167,-0.002813232228675765,0.04099325437938958,0.0006720465991704322,0.04098092063464939,0.8370803692475447,0.050986346545097094
232,1600,432,False,True,0.01796473372538382,0.06724812447314096,0.001923900982190814,0.06724281965851518,0.07411350965222709,0.055531788499466786,0.0029798923892163137,-0.01775680403385207,0.03948508070928796,-0.006259571923000184,0.03947474216222247,0.8966368015680531,0.05425618862140297
233,1600,433,False,True,0.017686778163501685,0.06563530036322197,0.0023378928315765392,0.06562994369896297,0.07559595763331012,0.053600652278867525,0.002741269572681688,0.0058254710971336245,0.05900295484670742,0.01225991918495975,0.05899111603119486,0.929111412692319,0.07310031681305423
234,1600,434,False,True,0.003499287514154265,0.06171782812596458,0.0014945098203278592,0.061718289708064554,0.07824429108186025,0.05695648184969034,0.0011088716180948199,-0.001355111543010381,0.0504101139529552,0.002230751967031823,0.050397350787171294,0.9699754256220449,0.05962967013550885
235,1600,435,False,True,0.0018257930448096133,0.06180994802966605,0.0014249845831782778,0.06181385362302251,0.07702966718275646,0.05518618851758601,0.0016645683699332478,0.00019330100961129526,0.051104120449048905,0.0031949530971868653,0.05109621257705087,0.9222812255178533,0.06338783719016894
236,1600,436,False,True,0.0010518452509419983,0.05945788077758008,0.0015231637764639794,0.05945187731188994,0.07756715082079849,0.05469196160668287,0.0012548112886119067,-0.012113590857753962,0.04077130236173744,-0.01028209435682336,0.040763065831570626,0.8803865135696322,0.05303368511676365
237,1600,437,False,True,0.0011267204907228756,0.05980332198474811,0.00150555821586599,0.059799819306777365,0.08277086042909788,0.05610667920938018,0.0018163222063413414,-0.006734812720348524,0.043893024097725546,-0.004509695642101912,0.04388231431889238,0.9128463207899026,0.05430156364728178
238,1600,438,False,True,0.02257471197674264,0.06395411500784454,0.0037867117568679237,0.06394647670162579,0.08383967331875308,0.06067302865232998,0.014985318218479135,-0.007480521615892591,0.03289796652196266,0.0019385980408012913,0.032891095205211586,0.8704063877486864,0.042092520976772685
239,1600,439,False,True,0.012747827283238623,0.06016486021521725,0.0023181649492944006,0.06014664103237663,0.08676399373975574,0.05753689852309653,0.0033301676264101653,-0.010485372160018816,0.0469880928753571,0.0005274720861068705,0.04698186029072673,0.8634865089433598,0.05983481630298426
240,1600,440,False,True,0.005771165628586976,0.05989388482596393,0.0019491164054874508,0.05985785614573716,0.07943923775840879,0.05636955266255719,0.001908097313799009,-0.0023123161054003673,0.03892274774864887,-0.0007776345567053666,0.03891047350255633,0.8307405249566245,0.0485379982425625
241,1600,441,False,True,0.012647790461906885,0.06447226432574725,0.0011059572971996697,0.06446819300774655,0.0778052157974068,0.05595787851015468,0.0018781231426341354,0.010703910728964428,0.05905932475579803,0.018755155033901193,0.05905085168046462,0.9381021142296763,0.07378908835793752
242,1600,442,False,True,0.010954282644686118,0.0664027084805909,0.0013695743584460868,0.0664316876888632,0.08047404428025981,0.0554203337762004,0.002837174845954609,0.0005111906787402882,0.05542210143364308,0.007539752790005563,0.055407900544936765,0.8826646472825138,0.07228795996033488
243,1600,443,False,True,0.004782554728758498,0.06257050611026789,0.0010918558489238011,0.0625377521628462,0.07457997378092697,0.05516353962863513,0.002052689533355958,0.004233861286669756,0.04923540636719537,0.009693373270022869,0.0492285780686521,0.8840756111844539,0.06169559719911527
244,1600,444,False,True,0.029968237075746168,0.06728116930170579,0.005968409630425142,0.06727702992959983,0.07191133678260946,0.05487079967687654,0.0038820539631228695,-0.007528258971652391,0.06155986209677622,0.007341078070725695,0.06155502219182779,0.9858149466807435,0.07563802200967445
245,1600,445,False,True,0.003561075546990614,0.06346475991168886,0.00324952964795417,0.06346398861657895,0.07236080451738505,0.05713167431042723,0.0038356362663142713,-0.009466339458115923,0.045570775556809336,-0.006902356542056003,0.04556049817707276,0.9799527079756399,0.055007912702772
246,1600,446,False,True,0.012147330121243116,0.06480069814885903,0.003207104643349414,0.06479665940852206,0.07370939050412777,0.05294131796738562,0.004097672947210471,-0.009426864728119884,0.055953999437184765,0.0008780471014170921,0.05594611697435283,0.9293187729994052,0.07267996114801789
247,1600,447,False,True,0.02231137434623051,0.060456189802460286,0.0021267409537506408,0.060456212343521276,0.07858814466935155,0.05697637976627372,0.0031249666833793326,-0.012461077768570873,0.0330311528589656,-0.0019291821860449505,0.033018057654297835,0.8009599483058517,0.041355519381856
248,1600,448,False,True,0.0021110819501047075,0.05761583083876775,0.0022759955058599523,0.05761711800621042,0.07542405013305675,0.05423293988426949,0.01287295579476165,-0.015764928973500368,0.04446150257011311,-0.015470665017186228,0.04444850410846286,0.9742443001526698,0.05442730503054788
249,1600,449,False,True,0.0020585049163769522,0.05903846878318668,0.00113621806529108,0.059027522923639324,0.07320435999115367,0.05265573583612294,0.0014547725349853032,-0.001812732185779854,0.04872999712559107,0.0007695572013940006,0.04872544801116845,0.8784198137432727,0.060031357110728656
250,3200,400,False,True,0.0012161408353131265,0.05674738926797476,0.0011612708469619527,0.05674204707383655,0.07743376018601805,0.054600104639162324,0.0008985613651591358,-0.01700974021917469,0.03395956478727946,-0.015517538229795196,0.03395301978923932,0.8620894234452859,0.04284120753383491
251,3200,401,False,True,0.0005246249996765922,0.057188885225601754,0.00042136279712910155,0.05718823116201343,0.07870354596075342,0.05648365131678725,0.0006016964870812932,-0.012690133415279062,0.03371557202508044,-0.012552225178972918,0.0337098961031289,0.9149857208136506,0.041113059766777205
252,3200,402,False,True,0.0012102839910130899,0.0602911060483647,0.001123076042399313,0.06028744486466581,0.07605464153870306,0.054725706883090294,0.0012444676210001005,0.004102915160284916,0.047408758745711314,0.005302569713917286,0.04739527232235048,0.9156300329137796,0.057865403630132595
253,3200,403,False,True,0.00016418370158650047,0.05771810912259632,0.0012031397575977048,0.0577169220751798,0.07810057113897372,0.05483757063889758,0.0008266085154550595,-0.003654469240367393,0.04617614928524859,-0.0017790685364380942,0.04616759558918247,0.930758514657725,0.05651230558734077
254,3200,404,False,True,0.002455141859578201,0.06681645276940801,0.0015715977719442543,0.066801381116156,0.07243520011020786,0.05382594808296001,0.0025019844947011803,0.0132437054113801,0.05529242595402927,0.015543106097294555,0.05528081522079617,0.9139934419826027,0.06915457746206155
255,3200,405,False,True,0.0030901023348207774,0.06406546340883651,0.0012608899149570115,0.06406408011348169,0.07752676694174253,0.056465947044874204,0.011711447460233969,0.009368306352250045,0.051298670999119764,0.011054536396736503,0.05128827862016529,0.8950681225307997,0.06326071431677915
256,3200,406,False,True,0.0008823619309218157,0.05947553732901979,0.0004268729622205826,0.05947444616002648,0.07483339616468487,0.054865069591325095,0.0006265211605438334,-0.0009050984487318236,0.04399138911171455,-0.0003941259668333347,0.043980180246185226,0.8900124206608909,0.05349073801182902
257,3200,407,False,True,0.0027676300178265194,0.05678833809293051,0.00156330902773065,0.05678098017855161,0.0826624422904408,0.05580964331734467,0.0014638407651476376,-0.011426194694868417,0.03709188447322347,-0.008570154934333097,0.03708630173143135,0.8983394771274286,0.046178927663042435
258,3200,408,False,True,0.0007144681408187677,0.06002150931690497,0.0018503163142513607,0.060019276586060565,0.07980991802722553,0.055726126982835945,0.0013613803177903467,-0.001597642925438928,0.04147627303246907,-0.000265230343948506,0.04146228779819474,0.8707851045866781,0.05256891839509498
259,3200,409,False,True,0.0016416415040415987,0.05862144927970112,0.0005119514489588531,0.0586093148669727,0.07935165436429664,0.056488140074576865,0.0015861529234213697,-0.006911837162625251,0.037546708925419524,-0.006015688332709632,0.03753759647233025,0.8775653849307412,0.046096254233258305
260,3200,410,False,True,0.0003920751241085961,0.05812593930388599,0.0006979925724039708,0.058122991262903635,0.0764811224014497,0.054565593616210065,0.011810355603008447,-0.011286515701965085,0.040721000928060816,-0.010862016274053645,0.04071064775075783,0.9308651508938314,0.05047384632981505
261,3200,411,False,True,0.001502436382943171,0.06257127591918796,0.0017333797437722618,0.06256835245720374,0.07966003484829014,0.0568015027035833,0.0022984037599530385,0.01458994876032291,0.04850235625021391,0.014567593796741121,0.04849050981679092,0.9088255751430444,0.0592967370383265
262,3200,412,False,True,0.002043195863854106,0.06140455788667201,0.0015276280376089301,0.06140402183737092,0.07379994458437748,0.05331039807318336,0.001429205358278143,0.001709956709030156,0.05301418063142478,0.005312608159562937,0.05300157129829323,0.9452666343099192,0.06600075060111638
263,3200,413,False,True,0.0005147474803511369,0.0603536901319224,0.0006205209763758962,0.06033604381073172,0.0763087189013776,0.05605021163764559,0.0008869928322348822,0.0019321917395255595,0.04854743506475181,0.0036480059369676356,0.048540715694940534,0.9138647133945328,0.05871774177050165
264,3200,414,False,True,0.0009624514992221816,0.058467529863140015,0.0006456278108371854,0.058463499859849256,0.07966640670008678,0.057075368822238376,0.0010315338826025157,-0.006027456855431633,0.03960570255249124,-0.0057591945961993655,0.03959713464174605,0.8977577051959691,0.04647234615186713
265,3200,415,False,True,0.0031717635289711284,0.05755038843144252,0.0025688946883363783,0.05755360254933773,0.08008290053028548,0.057166961453608306,0.002489275888956382,-0.0014465462632481546,0.035066112771205055,-0.0007897916420433782,0.03505155077562371,0.864503432786358,0.04135338446704667
266,3200,416,False,True,0.012467014726425876,0.06267641783236116,0.0010916390550023706,0.0626820112807505,0.07461187674962406,0.05374733268022289,0.0013771416356574318,0.0067264938672413135,0.06126280441036755,0.010104393615740358,0.06125077272783692,0.9248054107898599,0.07372146732833201
267,3200,417,False,True,0.0008124752270304667,0.06056444719699058,0.0012164047049557309,0.06057867623571945,0.07496610032653245,0.05525106823684058,0.00134593713928169,-0.0009506916742397665,0.04158785806067307,0.00038648068652268774,0.04157597296415624,0.9122144585176902,0.05126776010914896
268,3200,418,False,True,0.007814273128057679,0.059107559301126385,0.0006161398114873332,0.05911006288543673,0.07669878230407648,0.05642040099705631,0.011775917932635289,0.0037661572488023047,0.04967978003475444,0.006548641028371416,0.049665691766923814,0.9287369496456,0.05772976293387416
269,3200,419,False,True,0.0006054242042674459,0.05512994671010077,0.0013717748883026021,0.055127489543794254,0.07839501072629206,0.05441950551027071,0.01143846965751975,-0.021997024091708273,0.03614153043812955,-0.020194272921411082,0.03613457025536988,0.9404888512776182,0.04465305724724222
270,3200,420,False,True,0.0010319716370089454,0.05731908391281352,0.00042286704528822917,0.05731406124968169,0.07669643785426955,0.05423433236975854,0.0006435188641708005,-0.00994420562505238,0.04451962029596487,-0.00902497040055211,0.04451182712727565,0.9324928530664974,0.05359868729695311
271,3200,421,False,True,0.0012871656573042523,0.0618137742147609,0.0017915059075526536,0.061807510071595226,0.08188095390727326,0.05673126283744868,0.0017025227716089566,0.006259385375904567,0.04484575867238661,0.006895310814018394,0.044839671841993084,0.873806079940757,0.056012359169527015
272,3200,422,False,True,0.010961974013457533,0.06214026390924902,0.0014291121189992759,0.06214000504415796,0.07409772797061692,0.054009099367567905,0.0028695658997586145,0.00224331901160881,0.05640556510107565,0.01088446615048474,0.05639349825215398,0.939622814522062,0.06860675714383263
273,3200,423,False,True,0.014619323372405662,0.06171269931093508,0.0005601063166939885,0.061719124739880185,0.07569992189909322,0.05491662626992469,0.0008215914478481041,0.0003665343437968327,0.0508219598565865,0.00631070951080394,0.050813143105013905,0.9127898946043684,0.06285566622272543
274,3200,424,False,True,0.007894192465481084,0.06038082249752544,0.055705950734595125,0.06038002384554006,0.07614266094213294,0.0566930876878428,0.0012808217870586285,-0.0052507513358678514,0.04235904130321181,0.0486536930533205,0.04234704023290632,0.944629925157682,0.050038586082932046
275,3200,425,False,True,0.0012387490504356447,0.059066005669621634,0.0018285032949800443,0.05906255450655212,0.07254425010548958,0.05201176070672469,0.012530414949820875,-0.00289734597797792,0.049278975894298326,-0.000769870058208465,0.04926880480836346,0.9044477047522945,0.06020278699794501
276,3200,426,False,True,0.01697844384882216,0.06054985995361975,0.000505777170573063,0.060547922849933176,0.0756578119666966,0.05547831102581016,0.0011110141068440872,0.004240479805912263,0.05041236330510472,0.011037428103175597,0.05039990643158149,0.9135135581584369,0.060643495384580914
277,3200,427,False,True,0.0019334054433829836,0.05851410949827094,0.0014457482741655691,0.058511126828077645,0.0797037144016951,0.057089111397413135,0.01330985764701586,-0.00821877207776702,0.0357646452919645,-0.006731053615100486,0.03575305613127199,0.8922159942973125,0.042888379301416035
278,3200,428,False,True,0.00020762128612615427,0.060592062062574975,0.00023035142290682485,0.06059185713287989,0.076179988945265,0.055787215069359214,0.0010189902926806141,-0.0022796403253879816,0.0412551202657545,-0.0021412403711400583,0.041242473480967094,0.9186977821451491,0.0509857149837028
279,3200,429,False,True,0.007590905924735983,0.06370004711133079,0.0009297307004640537,0.06370565273394806,0.07544030910991205,0.054962699045301634,0.0015367813754552002,0.009750125863701126,0.057548316304197725,0.012205162213586598,0.05753626107824836,0.9257065582044762,0.07025090172952209
280,3200,430,False,True,0.0009373965974073529,0.05954515645789004,0.0015864562594606851,0.059559215406713266,0.07147603448569717,0.05529217118948467,0.0011982740379817714,-0.004718869951265046,0.041301418547379,-0.0034070299387342173,0.041292495926132135,0.9364202981717491,0.04900301467184376
281,3200,431,False,True,0.0012305642490970585,0.05470186380190065,0.0014014802366341542,0.05470163933469589,0.07471886158087132,0.05430034702814886,0.0009759404214039957,-0.0280616895252257,0.03331649376434747,-0.024730854889610323,0.033305040838729524,0.9416664618317657,0.04066454508094275
282,3200,432,False,True,0.0026140505260414636,0.058881183587295494,0.0011642075566928138,0.05888786120491564,0.07367568416636718,0.054361725424406614,0.01155802961181552,-0.00568371051491956,0.0429227659769915,-0.0033210521680465455,0.04291475520880418,0.8827468147022935,0.05210414384649781
283,3200,433,False,True,0.00045915222466332917,0.05880390691952941,0.001143653769071074,0.05880194042493312,0.07686156920758351,0.05567933260457421,0.0008445359206490076,-0.0009424027883625136,0.04753914353324547,0.0005263121290869177,0.04752673619482934,0.950828853889655,0.05679012903264036
284,3200,434,False,True,0.007745379791489865,0.06040768023246623,0.0005637051727623865,0.060403103669136086,0.07863238443945124,0.056376807300932315,0.001614927704894522,-0.002998602812479364,0.048716021748389265,0.00289466721076042,0.04870931039259418,0.942553342406189,0.05868177498278959
285,3200,435,False,True,0.0013634650948703142,0.06141107778476211,0.0006343722325977304,0.061411983627353874,0.0742730582508095,0.054949826952992345,0.001037327042798314,-0.006564058361702079,0.04513958446338009,-0.005789385510950631,0.04512616677059483,0.927321176448149,0.055586372377296855
286,3200,436,False,True,0.0009181725445877347,0.06045337841157534,0.0012249374907031185,0.06044399739175205,0.07433958696102681,0.05465393517610217,0.0014592796808923921,-0.0026680469456564137,0.04198694361905169,-0.001707130385675798,0.04198359768273889,0.9007239237036632,0.052282887374936304
287,3200,437,False,True,0.0005861262390670335,0.060526072312387685,0.0014622062995337049,0.06051901007249434,0.07176342193514838,0.05335311951804617,0.0018503849313862186,0.0019147081781077963,0.04936354098022221,0.002937705662842561,0.049357899377157184,0.914668419349131,0.06098781286884997
288,3200,438,False,True,0.00039319799613802143,0.05979617948474268,0.001261143093246495,0.05979612232275042,0.07284131925896985,0.054839414885494,0.011969166286317882,-0.003268231183169489,0.04081631396869241,-0.002337069537180353,0.04080473970341785,0.9085855371128864,0.0498464941899357
289,3200,439,False,True,0.0007286356777320651,0.0572457771689274,0.0005723093914351486,0.05724297568481584,0.07519125723926724,0.05505979940578004,0.011945575295171781,-0.003362142983144463,0.04082396413985975,-0.0030159555857400345,0.040812731379762116,0.9011773438425266,0.04847530572036046
290,3200,440,False,True,0.00833029492622912,0.05985861682626539,0.00046003778466914975,0.05988354201295075,0.07257297542961597,0.05507112972221244,0.0010625123245115897,0.008949164356972477,0.05361401650206112,0.011661261692309117,0.053600405287609475,0.9486394849513659,0.06286368937469261
291,3200,441,False,True,0.003184957070686727,0.060565541733109185,0.003530214510612651,0.06056567957321828,0.06847709808173531,0.051599137952686336,0.0038716913355024115,-0.008292902870305189,0.0515006627871648,-0.007492824828079513,0.05148826286890596,0.943678540849001,0.06383546387234523
292,3200,442,False,True,0.003236028349014529,0.06078801622150915,0.0009001485910509674,0.06076652841296411,0.07864932888769734,0.05450637683302272,0.012987179310707891,-0.004538093870670097,0.050858586103797024,-0.0023738042116098292,0.050846265868971376,0.9118517052098053,0.0627844285228798
293,3200,443,False,True,0.010400315144602303,0.06681548498572758,0.0009945113363390686,0.06683120769314557,0.07538604926068443,0.055330565832281346,0.0011175929739449145,0.01348746625647948,0.060201279539765055,0.016677746030163393,0.06018914811361512,0.9336210402522938,0.07504766256045886
294,3200,444,False,True,0.0025026725100649673,0.05820548907076187,0.0003376079668920043,0.05820767375317458,0.07501311580257503,0.05544898260223913,0.012542918509433948,-0.014007833651362116,0.03627529304503575,-0.011215526350482579,0.036261887177599025,0.8922124870789719,0.0444095873386538
295,3200,445,False,True,0.0006193794463329608,0.05685047747489915,0.0009715963572609121,0.05684616942841576,0.07371005204977588,0.05376856070334313,0.010854876556689083,-0.005208179672688209,0.04390534536342102,-0.0054353736510819916,0.043899451262658644,0.935621773165354,0.05237934027957947
296,3200,446,False,True,0.01416248062940626,0.06551756090681676,0.0006880585539294915,0.06552246615648939,0.07685163495737185,0.05467734416358054,0.012097979729261408,0.0026217440111352907,0.05128613189466996,0.00789843799473725,0.051272846748117974,0.881716457601228,0.06668800997823221
297,3200,447,False,True,0.0014815384905049857,0.056765709869395164,0.0004266726063854103,0.05676294027243401,0.08071189195672035,0.055889287612543026,0.0007117980534638751,-0.010591178607537414,0.04033663061220132,-0.009786758671623055,0.04032422921040421,0.9158108777229207,0.04794801456106279
298,3200,448,False,True,0.0018248807417690354,0.0607870607219315,0.0013437188476627853,0.060783657833125816,0.07453243464859337,0.055787744207871706,0.001112867710767387,-0.0011871455146169752,0.04493943572422403,0.001614231958994747,0.04493381456657318,0.9382526436613097,0.0537755890552859
299,3200,449,False,True,0.002459709606244051,0.06098794738281839,0.000558462235634875,0.0609833777170075,0.07058849301690726,0.054029230036940934,0.0014237136779355526,0.0006616642913771153,0.05123203196431895,0.0032530073397597447,0.051221785959047354,0.9659783002980032,0.06148396135034373
300,6400,400,False,True,0.00029034253042988704,0.060198172587391324,0.0013961733980896581,0.060198188375686544,0.07327477572983168,0.054066601690877666,0.0008614226712594389,-0.0009594650741552007,0.047256296021326846,-1.0972671120798306e-05,0.04724733445874385,0.9014220599759281,0.05795148186127602
301,6400,401,False,True,0.004129233020971163,0.06524272316527516,0.0006851913663867788,0.0652352560112911,0.07627803453536455,0.05542597312155336,0.0009415604500451847,0.009074611756675401,0.05629460149699249,0.009958393257285458,0.056281306006097084,0.9417029231436878,0.06955765826498822
302,6400,402,False,True,0.0006718567008224377,0.059698023708606655,0.00036066000108716037,0.05970011229832415,0.07607455486463165,0.05495502749542383,0.0005510920306060941,-0.0006097325789470226,0.04674810377922114,-0.0003590458886064898,0.04673562496307433,0.9202078752302063,0.05717306859477461
303,6400,403,False,True,0.0008064064672083989,0.06104121591025872,0.0005927818551831586,0.06103332255084898,0.08166355120837401,0.0566670357384541,0.0007682387857370878,0.0022271178429515434,0.045703358658983645,0.002917902961507919,0.045697870840187,0.9012773145909165,0.056562016346891786
304,6400,404,False,True,0.00023231833783523144,0.05770574822303733,0.0011944982828085713,0.057703774415539956,0.07862421981835402,0.05482251978629356,0.0005873356710247692,-0.0008059852782647015,0.04945062076403048,0.0003749227442827036,0.049442339956761006,0.944369890713179,0.05879414091627699
305,6400,405,False,True,0.0010800075228504058,0.058346332510293475,0.0009122805199463245,0.05833923693005886,0.07643256309439438,0.05383169339290112,0.000950425240466917,-0.0023183962773205965,0.04437573837522315,-0.0020198923146057795,0.04436366458728756,0.916518262764076,0.05482470438572662
306,6400,406,False,True,0.0010620268806037737,0.061028678214730486,0.0007424712832284676,0.06102152322179436,0.0785236946550508,0.056616694404102726,0.0007459504211757395,0.0009659225015104661,0.047240233566554296,0.0014839995315574016,0.04723424411011628,0.9289812784213572,0.05673512407541431
307,6400,407,False,True,0.0006022635257225935,0.05889658250135425,0.0006153989825389807,0.05889679100631771,0.072308047437234,0.054112734930362894,0.0011958458945565287,-0.0039155027953854315,0.04783908541237146,-0.0037811490030477683,0.04782583675769686,0.962676724732436,0.0572909698059863
308,6400,408,False,True,0.0007981282485143488,0.057432825337099536,0.0004843300512722729,0.05743399567444034,0.0775416587148417,0.05583007122338459,0.0008434133609132729,-0.0017118975481494494,0.045611589097311764,-0.0012194154924751728,0.04559849598388979,0.9570807896157113,0.05331554806767874
309,6400,409,False,True,0.0005978451797535397,0.06015370851411543,0.0005133276782805801,0.060147430369442284,0.07817536785008809,0.05412673145314213,0.0006426863905185943,-0.0022774963078629946,0.04872168240644356,-0.0019344839580006446,0.048713422923480465,0.9058611212475042,0.06090212668197875
310,6400,410,False,True,0.00028643267518501384,0.05907401788400158,0.00010621274176829149,0.05906944703671553,0.07753416861914368,0.05544665117642591,0.0003328923999804739,-0.006466247492279193,0.04235554072745302,-0.006053448637334551,0.0423494862650837,0.932847131623621,0.0517080680073817
311,6400,411,False,True,0.0005554639717436554,0.05777265835042102,0.00020935530825195035,0.057772162508505386,0.07614313310239797,0.05457818569475707,0.0005388107691190315,-0.009349867237740625,0.0382383153026332,-0.0087941249370689,0.038225833989286855,0.9157057423881869,0.047390870816008124
312,6400,412,False,True,0.001360355928841696,0.05780610972596362,0.0016879736541284469,0.057805932009515004,0.08296073287286443,0.05722937479845802,0.0011878915613140102,-0.005870113724186395,0.04103538549591754,-0.0037549159841350796,0.04102280476201926,0.9267218919966002,0.04902137123447542
313,6400,413,False,True,0.0001303221087061562,0.05926373148231538,0.00045164864555810786,0.05926494715133722,0.07994966610091757,0.0566290807180559,0.00041388608151741985,-0.004336462885705276,0.04169106395274227,-0.0038626585874854268,0.04167786960315262,0.9094459662680414,0.05040992058776805
314,6400,414,False,True,0.006568543164560947,0.062948764061979,0.00042452886222092955,0.06295034993762737,0.07592912766408239,0.05572294341841842,0.0010091643391714343,0.009565132254709084,0.05034524529943198,0.011141421727262197,0.05033197404589409,0.9180238234366764,0.0616794609914042
315,6400,415,False,True,0.0004767464598288286,0.06136930242660415,0.0005090002979875202,0.06136446832200389,0.07904763899987405,0.05541267676744598,0.0008596015301012766,-0.0010907528218495745,0.04839701712639226,-0.00084552045142558,0.048388741864117936,0.9036350604968096,0.06060986720360445
316,6400,416,False,True,0.0013581019679213741,0.057868715465545485,0.0009826494206325366,0.05786370873780225,0.08158104468643514,0.05516515428231435,0.01189598127911926,-0.011640279776102975,0.04174355660088686,-0.011324105746498853,0.04173420606667371,0.9032979681040032,0.052345303840934
317,6400,417,False,True,0.0015038226944814653,0.05847207050476315,0.0008560185784688348,0.058467618008374404,0.07851234788757662,0.05527572413211106,0.0007052621027061246,-0.0006026990481444277,0.04417247590479861,0.0008756000357790941,0.04416441453689267,0.923454515220585,0.053804622855324724
318,6400,418,False,True,0.006681275448522924,0.061054378244429976,0.0013334529347014373,0.0610489626884873,0.07655340099201599,0.0560324951637661,0.001027581417947315,0.006245139787277254,0.05470961951537305,0.010332596154728589,0.05470355343219374,0.9523487322332344,0.06464917725048508
319,6400,419,False,True,0.00028781522415136475,0.05938567049220577,0.0011650884921299795,0.05938402059070854,0.07650412791606398,0.055362464701287945,0.00044933769321553604,-0.0008429339441693217,0.04448960497659364,0.00038900156334719104,0.04448143881655362,0.922941840566067,0.05389577446500693
320,6400,420,False,True,0.0003597570440452645,0.059245006160124236,0.0002590604096344999,0.05924633617834421,0.07675421042374758,0.05537306954463557,0.000735277931140633,0.0010367548991851694,0.04529782216873976,0.0012497533486744929,0.04528476128980913,0.9172425252072942,0.054265784961871955
321,6400,421,False,True,0.004886509518682823,0.0627943850340353,0.0013808354048113127,0.06279217203916831,0.07380704241375188,0.05593612543146269,0.0010938336593632847,0.007870234360713572,0.04960488226443893,0.010716453702781178,0.04959229192152407,0.9354684901331721,0.05949703421393593
322,6400,422,False,True,0.0009348935724682247,0.05820140531721491,0.0013089363226778817,0.05820140662218916,0.07814004468237497,0.05621206617512673,0.0118078497887103,-0.011017642641799129,0.032524505958399175,-0.01029662686203501,0.032512050436785386,0.8976815112755502,0.04086019516596595
323,6400,423,False,True,0.0004942629063859201,0.06115597543914966,0.0014250109080135684,0.0611691724419083,0.07949336260478485,0.0570795318764665,0.000845844583642,0.005257836941061232,0.04490846787150268,0.006005676069117528,0.04490224249465363,0.8889585628873473,0.05423904851600875
324,6400,424,False,True,0.0046585500508158975,0.06242900150164257,0.0009243844698730015,0.062421807238812306,0.07560846876770168,0.05557377906787294,0.012495663458873357,0.004485146607677527,0.043694615371323596,0.005704492031518526,0.0436876284479078,0.9098461598598737,0.05454081435372399
325,6400,425,False,True,0.014497708802789298,0.06459947772379347,0.0002581814850909048,0.06459159758896998,0.07677066934147389,0.05515475686705597,0.0007060989334273895,0.010723737492584134,0.056225992496193984,0.015918740460668792,0.05622075728079146,0.8934250225374335,0.07021375950856057
326,6400,426,False,True,0.003049651206057667,0.06081359403539871,0.0005872208630616426,0.06080562871324752,0.07815788427127185,0.056045884844337576,0.0008204894574591444,0.00225699423341558,0.04329565584098667,0.0032971735179671106,0.04329035703445989,0.8815592356795707,0.05302208944950931
327,6400,427,False,True,0.0004503778582995285,0.058397555024695895,0.001165381599809794,,,0.05585596252146674,0.01210772186226963,-0.013576371171782304,0.036836879336248816,-0.011787548502496024,,,0.04459786198907917
328,6400,428,False,True,0.0018345979585477803,0.06128137497234014,0.00013288800809567043,0.06128390968292861,0.07695671107324178,0.05550222218183567,0.0004963946312897631,0.006464380636625153,0.05036560374132606,0.007076264507426855,0.05035348130878056,0.8939354056097315,0.06095391411893475
329,6400,429,False,True,0.0002694539365078104,0.06083733273403972,0.0011018627543689706,0.06079403787264612,0.07656926317686434,0.055335593618294876,0.0005250016504047292,0.00019130692282068207,0.04758699882774984,0.0020011871028610896,0.04757585558561615,0.9349693552278465,0.058024163387342176
330,6400,430,False,True,0.0010528037084830215,0.05781456677444396,0.054311887159140634,0.057815010373661616,0.07167208357404187,0.054395015514803996,0.0006964591663771759,-0.011501742253696455,0.037151699123041906,0.04397690632673978,0.037139106767780844,0.9229293431454082,0.045333972239585296
331,6400,431,False,True,0.0015660207736371212,0.06061647081585184,0.000536308467146185,0.06061822227508535,0.07570702502859004,0.0548434799415407,0.0008374032905290104,-0.005167434979379105,0.046891949360193766,-0.004224492033663314,0.04687830549124769,0.9106512152276959,0.05720679839070336
332,6400,432,False,True,0.0003371885907195956,0.0574552312432826,0.0004939438894192891,0.05745801965196518,0.07806167777398883,0.05526060844437141,0.00034966257902454493,0.0011826253557643363,0.04674783526261415,0.0012868625811955925,0.04674255049347913,0.9259616546290556,0.055174433602219686
333,6400,433,False,True,0.0030683786472158747,0.06285505797955676,0.0007048109285653434,0.06285354934012555,0.07502249998107204,0.05460747203822407,0.0011186688619159036,0.006203776730501969,0.053411768474813784,0.007399230916461163,0.053400179506499085,0.9193965928530585,0.06575123116309128
334,6400,434,False,True,0.004934813072727284,0.06277979483318093,0.0002379106490423167,,,0.054712448086016795,0.0004443568412730389,0.008920886026888659,0.05148668370364462,0.010266157591930614,,,0.06350232586908383
335,6400,435,False,True,0.0004982221802641726,0.056959055787647685,0.0003035290423188892,0.05695458588084932,0.07593243068030638,0.05451146585148331,0.0003518128997825427,-0.010976228150352383,0.03771728710921011,-0.010302748585513131,0.037705020896135436,0.928396317708212,0.046064304130884026
336,6400,436,False,True,0.0020930748914738213,0.06208199357937871,0.0004722182467955954,0.06207716014809146,0.07606106384441517,0.05656496922007878,0.0010757733465586636,0.002946887134948131,0.041857122970613,0.0036133057433547612,0.0418484860483872,0.8975434180146996,0.05141649670001158
337,6400,437,False,True,0.00044111731617760047,0.06150502380870887,0.00048787588733822425,0.06150139015555177,0.07914326084287991,0.055119767525570136,0.011337730335655329,0.002984905091529068,0.0486105158092667,0.0029822768805663814,0.04859705858564716,0.9144155776947502,0.06150047983981172
338,6400,438,False,True,0.0008076381051307073,0.05848069929664965,0.0014476153025584242,0.058476336039595386,0.07942863909144134,0.056566674770412426,0.0007368015175435294,-0.0027684779449733427,0.04007465685451365,-0.0017149247842781878,0.04006706105320909,0.8828449446732679,0.048169889856244374
339,6400,439,False,True,0.0005538716996693186,0.0570162176176524,0.0013306250020304383,,,0.056410814834321664,0.0008078403910868152,-0.011560851239893156,0.034589585032441195,-0.010946984554162573,,,0.04156442184802861
340,6400,440,False,True,0.0011603820536154473,0.059891375269786676,0.0012556385177234955,0.0598808003345695,0.07676929045177791,0.05597810922844086,0.0006625558742576209,0.001500188806418481,0.044353523997594096,0.0030281844695119672,0.044350232197254084,0.9030660532964332,0.05274678299001917
341,6400,441,False,True,0.0010492259537466797,0.059336164353933026,0.0013291789258433656,0.05934477680190735,0.0733573734805142,0.05500779498486174,0.0008599841254602105,-2.2043688285255937e-06,0.048803227039299985,0.0025345533600581805,0.048797455018282254,0.9689790752591382,0.05691971606818458
342,6400,442,False,True,0.000124434629823239,0.0590148003613335,0.0011224952404689345,0.05901328928552032,0.07521953853368303,0.055109593695385435,0.0008353625888721546,-0.0009949601310133365,0.043474216921012,0.0006762565849567209,0.04346347622647251,0.9098905890207749,0.052731634095756486
343,6400,443,False,True,0.0003197613324933313,0.05883947270979387,0.0003276984475718772,0.058844708843520804,0.07930313003344502,0.057036917869837396,0.0005871787839296756,-0.0010920738824073159,0.04374655318574163,-0.001105745786640709,0.043733248042149245,0.9308463910900153,0.05140638326777025
344,6400,444,False,True,0.0038636010168978823,0.06407489869405553,0.0006812313547938198,0.06406958849818928,0.08005599611923095,0.05654161564607345,0.0011400247574324045,0.00817533197726548,0.047234510365121524,0.009008096723171957,0.047227930854044975,0.8926056881349678,0.05985194918755371
345,6400,445,False,True,0.00408040147473725,0.061713152148344635,0.00038435982796881577,0.06170449371424609,0.0782638846470316,0.05650528727639768,0.0007631753053682907,0.006975054257691472,0.051384025569910605,0.008384463715678893,0.05137158914199496,0.9320096192686901,0.06156619500782384
346,6400,446,False,True,0.008895191880309449,0.061867982918222306,0.0008996873295499288,0.061835477023875124,0.07920677908418239,0.05531885787142001,0.001712365367415606,0.00908927368167074,0.055580730972931675,0.012193536778158967,0.05556826959347539,0.9223307724093672,0.06769879992421207
347,6400,447,False,True,0.0002113415885847414,0.0603786209475125,0.00017427765684222257,0.06036944511646989,0.07769499711949394,0.05591872164748401,0.011417995543624285,-0.0009690961767396127,0.04684030646174016,-0.0008120884110091131,0.04682809947088565,0.9394299909684614,0.056886720114744826
348,6400,448,False,True,0.00015448896928425463,0.05905056795998744,0.0011716484342905737,0.059045893328936866,0.07757915864104549,0.054960971669267236,0.011835959027503704,0.0005417208119516248,0.04440518523195422,0.0011306006390693392,0.04439506416174162,0.9138795309216979,0.053796472007187957
349,6400,449,False,True,0.0004032930495787493,0.05961487844844018,0.0013502686950305153,0.0596125028531704,0.07955936779797111,0.05577354345374455,0.0009776312217929777,0.006907866994201815,0.04859177570913054,0.007253956488102642,0.04857967002402497,0.9031182842259967,0.05778735543368052
