,n,m,use_location,use_scale,MSE_wellspec,MSE_misspec,MSE_surels,MSE_NPMLEinit,MSE_NPMLE,MSE_thetaG,MSE_EBCF,SURE_wellspec,SURE_misspec,SURE_surels,SURE_NPMLEinit,SURE_NPMLE,SURE_thetaG
0,100,50,False,True,0.013022627381535026,0.013023042484564661,0.009595459057632864,0.013023188898553606,0.008753842014188941,0.01302290298481977,0.010399341253379494,-0.014191252456884004,-0.014192135434905193,-0.018813507941019977,-0.014192173193991131,0.0568329370500863,-0.01181389864474229
1,100,51,False,True,0.02590985126857082,0.009483698608450717,0.009512765642802328,0.009486763285541395,0.008936175552858654,0.002598873368407531,0.009257369164196703,-0.024553270342107105,-0.010669704234724051,-0.015429372097072727,-0.010671123898874839,0.0003547220090260694,-0.0022677726813531557
2,100,52,False,True,0.03219095605412423,0.009375482099301221,0.007055286170104706,0.00938482987905201,0.010668710351760717,0.004556369139060668,0.007455163584038092,-0.03217579843319513,-0.008242885861769,-0.015076094883062928,-0.008241140233322355,0.052036836617761324,-0.0028947504479224784
3,100,53,False,True,0.027880082414121644,0.010779278117383797,0.010863692121410265,0.010779989633360618,0.011642167181504862,0.008261284442544366,0.011931612305695434,-0.014531343628524422,-0.00020336200272492278,-0.00017657554968635304,-0.0002037438530664204,0.05119992024290642,0.003588796583973458
4,100,54,False,True,0.0037312318024322823,0.005520576603104708,0.001014349625704568,0.0055207401148177045,0.005207718356527741,0.0055203324681504995,0.005200974822236188,-0.043575455454274555,-0.03471578038206161,-0.042487419062290394,-0.034716355636065614,0.049576829506022976,-0.032117486067023845
5,100,55,False,True,0.001626736186344427,0.0037560997855418856,6.645049635369622e-05,0.0037561426960736038,0.004101129221913053,0.003755994125839595,0.0035587853653241395,-0.0193543032897038,-0.013516878537824156,-0.01722382327688754,-0.013517338589149192,0.05317874589517658,-0.011008291337223794
6,100,56,False,True,0.07302153778201671,0.061293746499582226,0.0378442057853922,0.06130428850462507,0.00945400199615509,0.013315875207378407,0.044320583991276585,-0.03232046525562994,0.017474086260306443,-0.002892078263470651,0.01746418279834323,0.18442700498070685,0.03485896439252595
7,100,57,False,True,0.012940548222931314,0.004856673355044143,0.004848779535985859,0.004857174688527952,0.005054234581738513,0.0048107692162009455,0.01640941349907982,-0.005082865245915011,0.004901523133753525,0.0025232048625238247,0.004893411430868131,0.01666310037682802,0.007420627309125738
8,100,58,False,True,0.019331301270001773,0.0038036852356731245,0.0010552561154519363,0.0038896281036095255,0.004119218361944516,0.003803721738217202,0.004516549309174426,-0.049515891643768004,-0.02805634269197494,-0.0290288563341279,-0.028108971906762578,0.004698511955410982,-0.025752210344030163
9,100,59,False,True,0.00706850548113852,0.007003650660048469,0.0019751265177764474,0.008477385238486523,0.006103067777256392,0.007003410839657744,0.010239643884575636,-0.035983841028309746,-0.02464264168740744,-0.03086206638870626,-0.025247583059155955,0.05192117707581305,-0.022235399582984344
10,100,60,False,True,0.017100402031609487,0.00706989189700434,0.002692564173057603,0.007070166982290416,0.008458662532208231,0.006168090709549006,0.044278074809684174,-0.012030156312534453,0.006863678442255807,0.0010493115812677501,0.006863148612165073,0.040246486932283006,0.010409087640728995
11,100,61,False,True,0.027018913911402494,0.00932000983826473,0.002698784996123697,0.00932061438888865,0.00782007045272419,0.00844236715434803,0.008910591648040945,-0.026128742116928016,0.001071096990157212,-0.0019013440035614737,0.001070608085789715,0.025262888884621405,0.004229217334943677
12,100,62,False,True,0.03331759991221613,0.005743657842638243,0.007398446672311226,0.005743768158995062,0.005319711406298618,0.004943655990223273,0.017237007749286094,-0.027463193709282185,0.010023254980182479,-0.008892906124920767,0.010023131350402288,0.06935085083926414,0.013106429654287904
13,100,63,False,True,0.008833110831731616,0.003355081597206663,0.00014215079077187622,0.003355151634182225,0.004388674137187843,0.003354978933814538,0.0027402780919095543,-0.03266306902846301,-0.02005062395709766,-0.02350585922709361,-0.020050883590753178,0.0029566093230724276,-0.017610942325756634
14,100,64,False,True,0.004484884854735975,0.005192421732106078,0.010011916964779719,0.005498699172530399,0.005503825349113428,0.0051926620812159366,0.007377163907578983,-0.014150007338314223,-0.012516537917486375,-0.016417210040410177,-0.01266828695610382,0.002965582066400003,-0.01001417448176968
15,100,65,False,True,0.0012838966542513305,0.0036086855742220314,0.0011061250609138268,0.003608697947046872,0.004960979284803294,0.0036061938106333206,0.0073921495253092915,-0.006816294360641065,0.0023243591193254786,-0.005775446287408079,0.0023240941668004923,0.029653072051810146,0.0048262753738334
16,100,66,False,True,0.018473802405487395,0.006289708535326215,0.006139411678009544,0.0062586826995920716,0.00870721226060728,0.006292666621727684,0.006979325219228666,-0.027080067612606812,-0.00915998079858161,-0.008841683094365053,-0.009175670762797062,0.0028919578217689156,-0.006579283626960877
17,100,67,False,True,0.060118378426206084,0.00700939210313329,0.01927080023890555,0.007019501810309659,0.006555111244448115,0.006621293549863864,0.01673883728551627,-0.026818185760508585,0.011784978951952105,0.003103676280130403,0.011784544365910855,0.012151898077964044,0.01449836739638391
18,100,68,False,True,0.030075534928040163,0.012866470478288417,0.007611297827352387,0.012871100287821563,0.013040364558738304,0.0046599199929633,0.006896954196150125,-0.02911248483212857,-0.007241112775457701,-0.010621478323591838,-0.00724301022351046,-0.005677347386423576,0.002916990804643513
19,100,69,False,True,0.07648962108346698,0.06597070875330893,0.036365695821306,0.06447910505814634,0.01594950423937922,0.012673455643928456,0.03895790268373295,-0.018925278007016634,0.02417507538805019,0.003071985347466115,0.02410246677462329,0.0790289063269812,0.04309691019535179
20,100,70,False,True,0.029403181639310855,0.004760740901094285,0.0004922497044319993,0.003868553721059475,0.005702235093269722,0.003868376027257923,0.008503291262456423,-0.02909766698872459,-0.006618414714213668,-0.01141084466290715,-0.006376328033063157,0.0005001086006387823,-0.003956057994355611
21,100,71,False,True,0.013473404140925122,0.0053426102411612995,0.004600408094400834,0.005342762779925453,0.004823891279863985,0.005342187450844222,0.01086150737764827,-0.041729931808531094,-0.016376650153959817,-0.03223417585558142,-0.016376973304377616,0.10374388856079443,-0.013733886400750711
22,100,72,False,True,0.04166772170921284,0.051146429539642047,0.019064587851626066,0.051145472373468996,0.005805956674977729,0.0070874919884914185,0.016644300224575546,-0.03640359039212502,0.0008152006884382246,-0.010106923903280133,0.0008204883081913472,0.38216581660564697,0.03339539545884636
23,100,73,False,True,0.008244136224221247,0.005300373609724194,0.0013482956571438476,0.00530059967802934,0.007891911313599178,0.0053004091924106255,0.036218011095702676,-0.013257368066538128,0.0031803698240468314,0.0006421114684109552,0.0031799455887525953,0.0035396451926998653,0.005693591188872679
24,100,74,False,True,0.058991700916809414,0.007972737724685791,0.005082958554370283,0.007956807056627137,0.008247797301222772,0.007681030037286026,0.020882484318683666,-0.023329201465469202,0.022594444888780336,0.014201760174330669,0.02259577264015425,0.07850181113069954,0.02515638077786543
25,100,75,False,True,0.02028892588137965,0.002948704107273548,0.00014795096761089816,0.0029487570120824104,0.0033189466695896317,0.002914242939858343,0.003736886831501622,-0.02740783503809402,-0.0073529809266641875,-0.00988626050921985,-0.007354504331311596,0.006463264578936662,-0.0049961382900777646
26,100,76,False,True,0.02627679633030043,0.0058186403060181335,0.0014702592402104358,0.005818668753275136,0.004793329107764395,0.00581838530260681,0.00500655417835779,-0.05180157650945714,-0.019041911090638203,-0.026064626661490432,-0.01904202440425898,0.03912683962209647,-0.016469064824592372
27,100,77,False,True,0.005763721289609602,0.005316529359241198,0.005082011596394902,0.005316675863118118,0.007886718551448806,0.005316247379688005,0.004991311571248413,-0.03898552837184695,-0.019877180294786446,-0.019211995148866432,-0.01987759986508447,0.014566307049712197,-0.017407187448768555
28,100,78,False,True,0.007556924159122411,0.002970007718374085,0.0012013126244190579,0.0029702270656689063,0.0026000077510201208,0.002969928897008537,0.008199371457176256,-0.02518277995740903,-0.013124423666861009,-0.019030287484964867,-0.01312481336168025,0.038642153768837645,-0.010872497321109897
29,100,79,False,True,0.006323669942013892,0.0060006634968009535,0.002263689935952015,0.005973390482847102,0.004391270507738343,0.006046172120364115,0.00542557174442111,-0.03689813590767843,-0.026563271336410316,-0.03304653270532506,-0.026582652916139794,0.06011216389197571,-0.02391879018754961
30,100,80,False,True,0.030012951944689358,0.004173412957134701,0.00044274382257708197,0.004173431842902373,0.004342560607832445,0.004173281929336881,0.0017932417958851723,-0.025525338384854008,0.0046190122493879925,-0.0018125721820080227,0.004618815437885235,0.07045351300541093,0.0070346402533030955
31,100,81,False,True,0.027863873446523964,0.012783564365353326,0.002311708556098603,0.012783726173691558,0.012322519378713646,0.0037889534161025134,0.011049082689520668,-0.03152415088163025,-0.014936913834006393,-0.006236386040031058,-0.014938459181628599,-0.008949036952233378,-0.003603962866410168
32,100,82,False,True,0.017543182038753092,0.005669562674344062,0.0028574637123802054,0.005671549850421945,0.006316269323079,0.005257245140573357,0.006302195108876328,-0.019465015616559084,-0.0058347515958830165,-0.00576533301526095,-0.005837170375158607,0.01761674512131302,-0.002686407024059506
33,100,83,False,True,0.08097879442971578,0.04169500330745677,0.01817641420412109,0.041681326166921176,0.016146958589308726,0.015500015978709576,0.04214919761134309,-0.018846695008089692,0.028257072424108395,0.02694413374332801,0.028257157526408214,0.1805586211948363,0.04950819477786487
34,100,84,False,True,0.006583336023216071,0.0054894117220372005,0.0019432727983501748,0.00548940068901621,0.006056687365872154,0.005489350870292703,0.0035591916283185263,-0.03951812404349729,-0.03310181231291853,-0.03422850838129384,-0.03310233362966578,-0.02825097135918018,-0.030566577249398347
35,100,85,False,True,0.07078243760761738,0.03482596922526254,0.02221198179079371,0.03483401613413069,0.012188910695113185,0.018814933666668622,0.028540533743281204,-0.007194305387519436,0.031490645255355346,0.018454830061915905,0.031487616441308555,0.14569128799100062,0.039151476627183136
36,100,86,False,True,0.034125158459743336,0.010358415819857768,0.012595545654498923,0.010369011125207758,0.007050456353715564,0.005437813139538612,0.020428880647415906,-0.01420877169570462,-0.0021661757320723574,-0.001852759082247244,-0.0021680656073109717,0.008270522141109477,0.0022891041270948487
37,100,87,False,True,0.034474626792531514,0.005251259321936002,0.0034254042516721657,0.005257343419366821,0.004945552574270568,0.004914959771871338,0.011932469553392566,-0.039129059972244244,-0.01444111678549259,-0.014535459204158135,-0.014442484868096201,-0.011747279177396238,-0.0118925007300337
38,100,88,False,True,0.07202214100074868,0.023190042912180905,0.016442778190275113,0.02319418231488014,0.011765090532950497,0.008901876358307404,0.02028560572422076,-0.04226219040893264,0.006184410043617384,-0.004337889964629137,0.006180901723710228,0.01152866876840033,0.01440220010361376
39,100,89,False,True,0.01698781185895891,0.010715727002553752,0.0024993436006623586,0.010716334326085842,0.009237265857140985,0.00862753036235394,0.01645158033587658,-0.006065769522494981,0.007243702123872389,0.005239093466291562,0.007243204547671951,0.05207544545880452,0.010943379852634785
40,100,90,False,True,0.03674132770698537,0.004254483993876194,0.0009275465503690448,0.004254967743640005,0.003937752558011352,0.0041290819198911335,0.010634177029415503,-0.030628639487735133,0.003741117782166068,-0.0007410037186040036,0.0037407941082049233,0.011907243421256606,0.006044616864053345
41,100,91,False,True,0.06640287658344639,0.02572624619396493,0.011253242709508176,0.025724295482089387,0.011062826118175904,0.012117468127890708,0.029216176646051972,-0.0148869367155466,0.03103343512871529,0.036924059195815706,0.031033149411758956,0.0836801504763509,0.03903771272389153
42,100,92,False,True,0.05898183055657388,0.005228679921709955,0.0018138592424743363,0.005228894138230198,0.005070063304406621,0.005228675067192651,0.010763768958279216,-0.05138773087756364,0.0009537692896530458,-5.475954958913176e-05,0.0009531160679460449,0.032266222773696215,0.003561862588317616
43,100,93,False,True,0.011294238800702475,0.01004545327973364,0.006646643291619592,0.01004498640330443,0.019256632149298573,0.010575170054622449,0.012814146720164598,-0.010166947264836601,0.016157493695532654,-0.0055834139391048865,0.016157172905158355,0.11606850256289337,0.02016547882072116
44,100,94,False,True,0.049329262139431514,0.01141539245653417,0.004396285546916471,0.011425035659701368,0.012240225022987147,0.007285888252938275,0.015213775107793143,-0.03472185278569582,0.009011114258139764,-0.006082619680077177,0.009007562879773109,0.05178790082541552,0.014141917730884107
45,100,95,False,True,0.061865638305960334,0.02742328427026286,0.00999488363100915,0.009861826081237672,0.0117049737331666,0.010131846464386736,0.02667847285316665,-0.03086692256913912,0.02310920029305299,0.015565875360240051,0.029389220110085327,0.10019800063852916,0.031964813535006215
46,100,96,False,True,0.044511760427595554,0.007926623788262695,0.01645010295249537,0.007926362142821691,0.009071390833267275,0.008113064555745638,0.019792857711314376,-0.025168294827887853,0.012289302400099818,-0.000770622907303804,0.012289066758214845,0.013016147871833752,0.014795077113612443
47,100,97,False,True,0.046370942142178906,0.005341532890621476,0.012527809953895854,0.010343803229874174,0.004612109193305563,0.00471336105931602,0.015596657450719063,-0.030820762724356767,0.016480143053731043,-0.0003680942107218133,0.01390072308369522,0.08553663319852088,0.01895416495713728
48,100,98,False,True,0.05532732390074855,0.012960131014390334,0.003634434827433211,0.012967486014305774,0.015131580715725772,0.006790486905254141,0.016418172491950295,-0.023803929035922083,0.011611242554576098,0.0168404795367674,0.011608438790764276,0.013082672962042583,0.01965177371996593
49,100,99,False,True,0.020153028835892907,0.010562193208295309,0.0047006649314875115,0.010563721386969115,0.012927774057874044,0.008278104105870116,0.023742866806357937,-0.00926432720293865,0.0066525203590892265,0.0011218882202957106,0.006652340338660228,0.0923677457896061,0.011724041205200778
50,200,50,False,True,0.011609958654814664,0.00451963748594323,0.00012082390978707084,0.004519712111838176,0.005101245315391209,0.004473038784445499,0.0034454748660950087,-0.01626736253366321,-0.00013815776223013998,-0.004236748611487582,-0.00013833878754285323,0.024988389936557612,0.001220900101791031
51,200,51,False,True,0.02920940445446364,0.010852445981057689,0.003719550034721579,0.010853093830914186,0.012323799067544184,0.009435453004663282,0.014006796476708442,-0.02777578659965348,-0.00887551128933536,-0.00972984557136966,-0.008876250351818786,0.025030007250112885,-0.006483068973087633
52,200,52,False,True,0.0021641257105398867,0.003638555159601068,0.00047799594788067087,0.0036386178602035558,0.004072480066234752,0.0036385420365344697,0.001357070797997133,-0.019455932889666346,-0.010770193055210911,-0.01683560442833988,-0.010770412195417514,0.03024382159724899,-0.009568391248769376
53,200,53,False,True,0.02102007399633413,0.0045064146586363115,0.0008376461368191843,0.004506660920394174,0.003912398200062174,0.004468983191689687,0.003962544372381156,-0.01768089778369659,0.0003205607825570667,-0.0021424638899027928,0.00032026329486690487,0.07770373290082905,0.0015701303701859126
54,200,54,False,True,0.009220986138219131,0.004965324257499637,0.0018110692108519633,0.005310341398947617,0.004999642968934541,0.004965285884434406,0.00424836040808021,-0.015851672560348685,-0.008025238853359422,-0.008987383186854618,-0.008254207985492404,0.0033336920419522542,-0.00675457969824117
55,200,55,False,True,0.0165136318238214,0.005622718769543853,0.003523995509808312,0.005622743982796191,0.006453490255876637,0.004293283674105645,0.007485233944773113,-0.005414133081576093,0.004540191892072052,0.004731563740215623,0.004539752975324039,0.006247125423996209,0.00656379943400022
56,200,56,False,True,0.029251614843143026,0.011195605808499574,0.0038415046351044243,0.011196001370644849,0.008615953555924906,0.00898221326883954,0.014667013234195544,0.0004479566724737838,0.018984658544704002,0.017841450147191767,0.01898431206386288,0.06177241693399692,0.021464390734225514
57,200,57,False,True,0.03780789711871155,0.009554805071601492,0.006916857892327183,0.009556238845253803,0.007103964822903316,0.006830791994610219,0.014434973547813723,-0.00964875871088791,0.02573010770361158,0.017554244101540686,0.025730039123602798,0.08785895710326884,0.0282151698246427
58,200,58,False,True,0.06710526930868994,0.00804193081988682,0.0281530633608695,0.006151828911450089,0.005262248017896523,0.004747607417464267,0.04132035749280834,-0.029949151935701683,0.020308222985827875,-0.0092896843205953,0.021626769350764283,0.04886414393265829,0.023425415573316233
59,200,59,False,True,0.016227174659733282,0.00460621452420986,0.002066378983606399,0.004606307415177368,0.00527978182533378,0.004606323534534725,0.006978207995938209,-0.00835838036059086,-3.9558310708720515e-05,-0.0006025645627831433,-3.963797535979197e-05,0.03432487624059449,0.0012036096150926379
60,200,60,False,True,0.01668693760651079,0.005571452023999019,0.0006945297950019273,0.005560154557584517,0.0063166599920948295,0.004998450443983616,0.004931479594979789,-0.014286982705334253,0.00493329573577169,-0.001442986074125474,0.004931755118317583,0.03591596520130801,0.006591342094229707
61,200,61,False,True,0.003687303094871673,0.004021930714535603,0.003938725885958609,0.004022038109465261,0.004464029906483713,0.004021800033272828,0.00229962824127772,-0.026395957374356342,-0.022344127590153633,-0.021666496265479788,-0.022344769033720412,0.022375493511678002,-0.021123434123268503
62,200,62,False,True,0.02011116187865877,0.004370413024600765,0.0015685014025300578,0.004395695484983624,0.004291131171572923,0.004078545604880106,0.006287400731488127,-0.013923626826155179,0.01391168908717816,0.005162164964838328,0.014033885641845156,0.08656972864897744,0.01528318552955521
63,200,63,False,True,0.0035358720521040323,0.003536340053904451,0.0007304058818916151,0.0035364316939688794,0.004352752825658617,0.0035361901665631763,0.0011086882778066141,-0.012875861722268567,-0.012878000848381763,-0.01997208604539835,-0.012878626266764694,0.13686553248133795,-0.011707695393994869
64,200,64,False,True,0.010942599794421127,0.005652663864628593,0.0040266385234170934,0.0056556578242446245,0.007780530797365285,0.004843339097474159,0.009770207495545264,-0.014378164562656032,0.0033007094502653976,-0.007653691728834103,0.003300255405030459,0.09828146898947365,0.005592111673925398
65,200,65,False,True,0.012454457993940248,0.006453597724858559,0.007012914732430871,0.006453640311449995,0.007162251089226556,0.006453566148478445,0.00689730417971437,-0.018022145117273153,-0.007373136225465977,-0.013932007218545657,-0.007373581370236231,0.014836310118235456,-0.006089507393768401
66,200,66,False,True,0.015490043087520451,0.006400920469813375,0.0021638189181769196,0.0064013604132039485,0.006316783407426847,0.006120748431757656,0.011049449453526447,-0.014301721343124827,0.012765631327418028,0.0001823721740992901,0.01276523576143676,0.0471520480468563,0.014191731745268568
67,200,67,False,True,0.06335111508962744,0.047852521304493224,0.028422370973876693,0.009114000251629817,0.00826905963580437,0.008951231221261598,0.019185549940312508,-0.014960973845067511,0.023529457210884175,0.002644116280980955,0.040059755389494835,0.13923361292497935,0.04115856000438478
68,200,68,False,True,0.0483040788336479,0.015137127299248028,0.0083732961664839,0.015148889364679395,0.01238248954732786,0.011171818478164548,0.010731824175921412,-0.009158101184817722,0.024921676749260373,0.01665201118282123,0.024917654209333444,0.08002048791315815,0.028583746837231416
69,200,69,False,True,0.04022257640238964,0.008274777571455389,0.0015635666282898591,0.008273948016339037,0.007357108575673863,0.006908115449615195,0.005532824167099286,-0.024055564124496786,0.0158953057090117,0.009630631542168066,0.015895582459080498,0.09793972880787594,0.017868908391859742
70,200,70,False,True,0.018488483903389703,0.006522590056380412,0.002077926077415365,0.006522744710524445,0.006325399730463341,0.004960999395654066,0.009732913126909938,-0.0026281190640443496,0.01251157875950165,0.0100919562947364,0.012511362447319669,0.07175797287819849,0.01512129509613501
71,200,71,False,True,0.049659639039972614,0.010959077306873528,0.012151950924529831,0.010959305456989608,0.01060390471203533,0.010089125847416914,0.02191684023451119,-0.012956711218061736,0.02558132055162421,0.01978029743444637,0.02558190378143376,0.05705838589159249,0.02723029660265397
72,200,72,False,True,0.009408945847544202,0.0045762016894545865,0.00041678127017049456,0.008966746127209786,0.009180156791869627,0.004576273296669304,0.0065008556050497185,-0.025834763055756486,-0.014797536018903924,-0.018219405496344054,-0.01841175626323869,0.040217221147220136,-0.013618261982799112
73,200,73,False,True,0.03048995875505899,0.012663317223328481,0.0007161504912007458,0.013803827778532516,0.008455756857993872,0.004977209974925259,0.008516579743032241,-0.012639157863141142,0.008032301981704038,0.008559049244740135,0.007511170050977523,0.1104317821145856,0.01532760280470695
74,200,74,False,True,0.0227106978588484,0.010055390347832706,0.0127794419736914,0.010059069911059187,0.006666661989849317,0.005753200268350292,0.011464896345531567,-0.00906194575310491,0.02135786085081074,-0.004137960142074985,0.02135338894404871,0.11774849849191887,0.025398775289549647
75,200,75,False,True,0.0075710830136233,0.005002065684419815,0.0025595570792702393,0.005001779150833675,0.00677760102400068,0.005045310720583234,0.007071879618509526,-0.008497879227247594,-0.00220948949357064,-0.0046143654101552765,-0.002211553868939937,0.021646323735169056,-0.0008744858024203189
76,200,76,False,True,0.040797932746732185,0.026305787908360658,0.010233341581891004,0.021029941739220702,0.014210164956319668,0.009085516757309446,0.007395986942148496,-0.017538211394112074,0.011199394364120874,0.019217999792275446,0.01184160896162913,0.05354674891542286,0.020523113457858635
77,200,77,False,True,0.003806502237522368,0.006359813045122759,0.0026294513512236046,0.006359884879256158,0.004350926331839215,0.006359929428725633,0.007213996007715447,-0.006731646269304008,0.0005776914353936036,-0.004824775341835472,0.0005775481403853533,0.0845720077925774,0.0018010716714501052
78,200,78,False,True,0.029122130659940987,0.0053399096545798915,0.00524539074355078,0.005340070631702037,0.005600917419695444,0.005157976145345958,0.0041316690324067,-0.01332164882529876,0.017003049684485846,0.017356697880118028,0.017003052309623252,0.09366686577121396,0.018563504322382685
79,200,79,False,True,0.005190564080657536,0.003808392890306012,0.001152219811634026,0.0038084375896482404,0.005578531531392264,0.0038083182263664193,0.002478233344495804,-0.020900647501238375,-0.009674332903503693,-0.01640115272751846,-0.00967438601713889,0.03302984483915422,-0.008463875824271064
80,200,80,False,True,0.012929513665232383,0.008271534027471467,0.004747891573057108,0.0082712059901677,0.008799125664787272,0.007292370733080281,0.012014121002016386,-0.0030375225641645254,0.011724884941583618,0.002331736379807474,0.011724664346244165,0.0677490118182892,0.013469904728923093
81,200,81,False,True,0.04839847126448348,0.030454343709116993,0.0034654129897548807,0.018346931241112478,0.00913582485814892,0.006730766374489006,0.009551544586641827,-0.030921346066648408,0.0005395243697661201,0.001200429126692133,0.00375337947876389,0.10135951532201286,0.012237309689787382
82,200,82,False,True,0.015199198890396197,0.0077175997658675425,0.0029587460778534996,0.007719925652601403,0.009111072657396559,0.007178738251610434,0.015567823854151789,-0.018302769954287087,0.001635100333196462,0.0008808940015170741,0.001634082390988354,0.022102836529898334,0.0033489117473511354
83,200,83,False,True,0.019460293469677686,0.005010609110654489,0.002243542927664885,0.005028437341599601,0.005959746019474742,0.004869522830554137,0.005313994530195406,-0.006891803828111418,0.00887374082309714,0.007216142434169452,0.00886241648612943,0.02290811419437844,0.010212874423549706
84,200,84,False,True,0.027529305283859287,0.008274618285906156,0.008759863823106817,0.008284685810209698,0.006261956718339701,0.008121079554986478,0.0392305536347413,-0.027381500135995825,0.013229032757328412,-0.010260142386531126,0.01323586834794165,0.25577374275640546,0.014444058177663782
85,200,85,False,True,0.013933683370418132,0.00773193951165671,0.0007608705908901837,0.0077324147850983274,0.007685419856800689,0.0065805151931495835,0.013182103233855954,-0.014238056656156602,0.003805673594929289,-0.0003697439187041207,0.0038050840763038706,0.026984944932034106,0.006089922354269195
86,200,86,False,True,0.0005586634577252011,0.004090207991128254,0.0004450467550781852,0.004094135121296065,0.004000296499658963,0.0029592468278812132,0.0007527042372929176,-0.02437904876141764,-0.02258909324162209,-0.023922019853956915,-0.022591317595001072,-0.0039210691056696416,-0.020489663698209745
87,200,87,False,True,0.028844350676854577,0.006636942814219619,0.006425249523838961,0.00663692923430146,0.00803500521241921,0.00657593631638628,0.0012414059997604807,-0.019749227292367378,0.007015694144611171,0.007311746864642553,0.007015810133913814,0.0738268652894706,0.008498422120907248
88,200,88,False,True,0.015328097485610872,0.008282047157920351,0.0013420480120035693,0.012498419867001134,0.014018601232322585,0.008282285758325824,0.0022604837762472247,-0.029819015760630865,-0.003492264998398156,-0.017009784594814274,-0.0076995170495297496,0.039867895598705176,-0.002224500864848891
89,200,89,False,True,0.008647985811609728,0.0072820518653644315,0.0038124462069864373,0.007283953247728345,0.006605789032328073,0.003722397326814471,0.003930069059537868,0.002552614094802603,0.011205311210483302,0.014078707991152262,0.011204178910756486,0.04266669645619141,0.015205247109350714
90,200,90,False,True,0.011352522955163232,0.005035797030499959,0.0013334406817533825,0.005159335029379635,0.005241036889301695,0.005035867699392786,0.016587350640739663,-0.017390923241529698,-0.004412120217829436,-0.005685370703078106,-0.004490598694671508,0.008267039486792225,-0.0031288418772771193
91,200,91,False,True,0.019982399117491424,0.009336785116596094,0.00895057259592898,0.00933664443744351,0.009449529344551672,0.008506666912272174,0.02927009241571473,0.0032787978848713116,0.013347384178789935,0.01344889088691251,0.013347497554557464,0.018662717223841715,0.014947219395815656
92,200,92,False,True,0.017557835746778536,0.004241207963231286,0.0020096413224643503,0.0042414643211469896,0.004271614618692532,0.003983898333485432,0.008503753135651906,-0.00579052382603305,0.00625176452115996,0.00600239300889452,0.006251410592833029,0.03360313455452246,0.007581951932635153
93,200,93,False,True,0.020536189345252826,0.005996995091598728,0.00800203935966174,0.0059978085375435655,0.005957625690059285,0.005485798897154362,0.0024230614332651874,-0.029154557884651666,-0.004103840557565199,-0.016175119562809287,-0.004105715801661063,0.05320375139575928,-0.0023985553986750063
94,200,94,False,True,0.045196958662197445,0.02201337446643077,0.026218747012878064,0.022019615013114512,0.021556319823298326,0.015124082023201613,0.018750447832443035,-0.0032677254069452565,0.02701061920634082,0.012405720579513,0.027007813986089743,0.11703823492038032,0.034121085194667944
95,200,95,False,True,0.028936254699383226,0.010853894155996816,0.007607224072412572,0.010851181835178239,0.010775622363520976,0.01080209575765384,0.03632578453279478,-0.01570720200059815,0.008083444808986703,0.006969929344824491,0.008083271973827114,0.032015894966025374,0.009393547606993374
96,200,96,False,True,0.019546003063627894,0.003406901524060806,0.00038805948714712543,0.028921664600508774,0.004574436793549512,0.0034074877327341458,0.010086755494272504,-0.017695656738434335,0.006470915686907279,0.000808192625970946,-0.010250446673219359,0.1228930835639909,0.007650230298997307
97,200,97,False,True,0.007089370909394717,0.007373986367904007,0.0009823652325333782,0.007374051366460062,0.008656262942021037,0.007373861490886021,0.002616666907134607,-0.022792079926254632,-0.012170566909934007,-0.015994440655963414,-0.012170932804946766,0.031559716229823245,-0.010803539585818575
98,200,98,False,True,0.017224503656685236,0.008852382748872647,0.0006704613942226062,0.00885595956418427,0.005734735622513844,0.004461996399675357,0.007402438465326257,-0.01522878370807657,0.006895369666476121,0.001136933184086687,0.006894471840725824,0.031897255884998116,0.00995832782896923
99,200,99,False,True,0.02555799766979143,0.009717310032348596,0.0005707910105626503,0.009717459078459697,0.010388568459306382,0.009717249635359864,0.028519812328145593,-0.021612927022048103,0.016642907607963907,0.006648298746011634,0.016642600047162635,0.22840682066194545,0.01802935357931859
100,400,50,False,True,0.0009143636257822528,0.005271667721239821,0.0002592328590007318,0.00527156489899308,0.006077922069035766,0.005255431667584583,0.0012341686734662859,-0.0031007036849788473,0.0009785230977968952,-0.00283258392754844,0.000978447762078023,0.05182858805256373,0.0016405714431801943
101,400,51,False,True,0.010325405854303521,0.011508317849341549,0.0010669958482492977,0.0115120207355466,0.010038772894353096,0.004958490387854045,0.002797812095215403,-0.0031710309179508434,0.001581301795156449,0.004255657366155991,0.0015805540803012087,0.060751554098889715,0.007489558816494574
102,400,52,False,True,0.003068515761939547,0.0038818037957552808,0.00013984173212840275,0.003881667156769252,0.004646363983298042,0.0038773377704766072,0.0011182225267642033,1.3249989731813905e-05,0.007632844982783436,0.0031922347409533004,0.007632682381798119,0.061877703202992185,0.008257446410578545
103,400,53,False,True,0.004836185869563091,0.009319733454551154,0.0008913301431775554,0.009212821305046585,0.010512844475940288,0.008279830970101416,0.003324807102415949,-0.013156508147088457,-0.004617588153580563,-0.010298751051191471,-0.004645147891495362,0.0304543032041391,-0.0031460641987055976
104,400,54,False,True,0.02592273877013397,0.005457761486637312,0.009500530359626376,0.005457962824669447,0.0045901556970489345,0.004894642725719556,0.004336687652702656,-0.004281770991973778,0.019962796599492592,0.005499026216854393,0.01996235799998349,0.02245158116112993,0.02092942532178542
105,400,55,False,True,0.0074663291073860175,0.004177315655694933,0.00189946531117876,0.004177100078382363,0.004878003916065836,0.004117442049859594,0.0038817341893664834,-0.013704333986791845,0.0035496719510848783,-0.007074266320291792,0.003549788105758687,0.07593266421818604,0.004156869428199303
106,400,56,False,True,0.011312574640610697,0.0049178112792837595,0.0006719951359207848,0.00491783348747274,0.006634052479615079,0.004965395680133712,0.0019892255202870685,-0.009507950200441304,0.0032377719602978416,-0.0009278819021216029,0.003237407117100268,0.016698044406209877,0.0039040393917620653
107,400,57,False,True,0.009845263925105346,0.007754244152825634,0.0005789289210644566,0.0077577625779693925,0.00655241453269744,0.004802807585183833,0.002890070125424784,-0.009556862693450057,-0.0015200424672150703,-0.002612098035032178,-0.0015217176535916189,0.03113587707517944,0.0008082990537423562
108,400,58,False,True,0.0162419314429066,0.006023847257230169,0.00108040223470443,0.006022499742016957,0.006882512047549844,0.005873254341267547,0.004573449272729804,-0.0069331725596917205,0.008566996007854169,0.005698906561184702,0.00856666887979836,0.057812471916856456,0.009414524187575754
109,400,59,False,True,0.004646632749514688,0.004656188066433147,0.001096651316456127,0.004657662290578057,0.005140533178349293,0.00444724501281905,0.005217979983102932,0.011159436652470668,0.011154163669272847,0.009415905056933922,0.011151518039878407,0.0987763005306806,0.012023759297990405
110,400,60,False,True,0.009821539708573579,0.004858177243154487,0.0013987695239720279,0.004885558154416966,0.003917960172630523,0.004335433780362989,0.0025340722368028036,-0.011619586921546242,0.004140692651612063,-0.0031023192100001497,0.004130508304576175,0.03063160752112413,0.005001110147545285
111,400,61,False,True,0.0052259714384433106,0.005755896329776228,0.0005603226548068674,0.005756272364794198,0.005330701611022206,0.005443179281803792,0.0014849759264105537,-0.003990081651614391,0.005289748307038504,0.0007090633913325029,0.005289260570422734,0.054992757486671165,0.00614290217378019
112,400,62,False,True,0.00821368211666841,0.005800145226061628,0.0019252982054278895,0.0058002241165161185,0.007661567055304055,0.005662830333085857,0.0028359421640989065,-0.003193497271655761,0.003187236319934872,0.0010153665564466797,0.0031868367044567414,0.033615185713610905,0.004213903173697339
113,400,63,False,True,0.011742970025888375,0.004849383552276187,0.0002775623225746716,0.004849327037160533,0.004832221514912298,0.004645088796540112,0.0020911395548309447,-0.0036620222253689848,0.009033913723058814,0.0047829755950785716,0.009033969543453112,0.08373712548042947,0.009787847688658854
114,400,64,False,True,0.005127171499820084,0.006498142659150318,0.001187146064056733,0.006498199937882797,0.007811990493240345,0.00649806343017303,0.001797822400099521,-0.02647977416961747,-0.019318653997909135,-0.022675251226673056,-0.01931915039339671,0.009440716230916807,-0.018685103466437356
115,400,65,False,True,0.012910536316888963,0.007503183072356827,0.003113369273313912,0.007508054280010443,0.00765245789131569,0.005133220473899381,0.00582444645673213,-0.012841687707669603,0.00752419495402215,-0.0035963060314080754,0.007521050708482058,0.14286387808082485,0.010250797423445632
116,400,66,False,True,0.015756308747934215,0.0064167554316448714,0.003940929861635035,0.0064170815717259876,0.0063182863953549105,0.005503375165882055,0.009192090864537015,-0.003113285477097715,0.007360741131804538,0.008033368715104272,0.007360225411137691,0.015928248198276585,0.008779426945416516
117,400,67,False,True,0.005090187489191553,0.006271989512226437,0.0020140900775744287,0.006272128619628313,0.005617440840311341,0.006012738610536202,0.003175342127049901,-0.006666306410935257,0.008824609362123663,-0.0021816299002174844,0.008824395600823624,0.10323181423064089,0.009588852955263669
118,400,68,False,True,0.005808285901298612,0.006235561650842412,0.0021724089105502873,0.006244379516906971,0.004892707700803861,0.00557441443152057,0.0029473270519978756,-0.010779718556500563,-0.0007960150479471473,-0.005368175131332569,-0.0007987568240523224,0.01610982821951504,0.00013969265986635282
119,400,69,False,True,0.015087161179310518,0.008128512708327896,0.0009108752273759762,0.008129192299872414,0.005700570263034734,0.004497729965091581,0.0034995234162449665,-0.008434880180853728,0.006543308684154869,0.0034582771561542836,0.006542597269336384,0.1053014356052075,0.01006750802894682
120,400,70,False,True,0.0022391049805013043,0.004562020396088476,0.001156044005603285,0.00456211772675155,0.005025301874183478,0.004569286240184118,0.0013815596155829415,-0.0034589443524517195,0.0021907936512209503,-0.001849192429434996,0.0021897783767731837,0.0671455260292619,0.002819264703827526
121,400,71,False,True,0.0024883979586418845,0.004365442203407993,0.0014235467151175404,0.0043656410462793276,0.005773550367649043,0.004365355636754352,0.0018595296071134647,-0.016858874270914228,-0.005263542921548598,-0.015333562060604766,-0.005263883435482519,0.06018555104620521,-0.004659722869740715
122,400,72,False,True,0.003621028126059504,0.0029264824504556903,0.00024769181049411374,0.0029221065465958977,0.003388099135485355,0.0029233657796233644,0.0018337231710673168,-0.00640285230643475,0.0010597903110445906,-0.0034726109761817527,0.0010567297631873095,0.05533309586739099,0.00166244326289898
123,400,73,False,True,0.013724231392678135,0.013236165434241063,0.004950811076151704,0.01285507932391581,0.010245760458492228,0.004836442571573742,0.00420322893403585,-0.0038677923865120148,0.003967762629733116,0.0006012306828408321,0.003892498540227276,0.13309633042584534,0.010180890050592306
124,400,74,False,True,0.006882108717294596,0.004528073624602024,0.00026405070271001875,0.006529363520455763,0.005524086122931545,0.004527984572762243,0.0006767869588666385,-0.021098635722125527,-0.008482558334093646,-0.013449235464897444,-0.00951210388150777,0.04085163078184957,-0.007873884452477761
125,400,75,False,True,0.0010284713047396176,0.004355726469834176,0.0005044577188638984,0.004355748060444212,0.005595898754718491,0.004355753519326995,0.0011148177564799682,-0.006257939547515106,-1.8083217672906216e-05,-0.0047089257909994735,-1.8169927510403027e-05,0.12022227301311764,0.0005971963771709554
126,400,76,False,True,0.014175419759186783,0.007661473608884003,0.0007886483790293465,0.007665102691945967,0.006943404205069079,0.005799863300773185,0.005439018220418693,-0.01804888978420594,-0.005626107047274349,-0.006909092248295896,-0.005627916169949679,0.039850492364455405,-0.0036875274320387064
127,400,77,False,True,0.009633973791836323,0.006381733802748429,0.0009298125934100766,0.023172823669087,0.018144603373157646,0.006381908040983225,0.0025442096661896455,-0.005427821353347839,0.010667568817516244,0.005839125507377707,-0.009281505067871051,0.1347545404459115,0.011318399531481838
128,400,78,False,True,0.024825277956434463,0.0065781411275440535,0.006305429865118536,0.006578081375522654,0.00792358528828843,0.0063041051566963225,0.006419453416969574,-0.008040726542943155,0.012811933950573735,0.009864667104708985,0.012811574095148633,0.06231563424541408,0.013677049037625205
129,400,79,False,True,0.028474473129242707,0.008226788042521123,0.012030839017433133,0.008226162089823262,0.006538530031042442,0.0060119971921980195,0.0088541202675238,-0.011460170785079408,0.008879997560470372,0.0014402397425361934,0.008879454968252319,0.010314366864687922,0.010967793951106614
130,400,80,False,True,0.0012242832551324725,0.006916434314019081,0.0009318664165395365,0.006930758414593385,0.007481071725183296,0.005728800674971671,0.0019291479803775825,-0.011183102821709262,-0.0001592095813964889,-0.009851288047031182,-0.0001615772069760979,0.052304972894438216,0.0011221946509986092
131,400,81,False,True,0.005884025466479867,0.0050375628537776655,0.0012412364051558903,0.00650039278264119,0.00504909424991124,0.004859226673119962,0.004521073462515611,-0.005420196887130675,0.007995086814034647,-0.00048272562419196644,0.006775797352797763,0.055358057931503134,0.008709298072387794
132,400,82,False,True,0.004781953511243039,0.004782556534251297,0.0007263367417995288,0.004780166667246304,0.004205316616327562,0.004782699734620276,0.0017776419045719496,-0.0035373234733693387,-0.003537445986908878,-0.008703824782237362,-0.003537441698984303,0.040804081284944296,-0.002952925029512457
133,400,83,False,True,0.01469077818997276,0.004881204397425922,0.0037324934669601085,0.0048811659681076,0.005283105869745659,0.004679502202171955,0.0029434230403554778,-0.002677385297336395,0.014876037111391334,0.005233378638045912,0.014875948982052823,0.16958770098765175,0.015667180798004526
134,400,84,False,True,0.023455800177781327,0.03080980695145847,0.008892970481787844,0.030825500253092594,0.009128156849755544,0.007349738890241769,0.003372590581483756,-0.004061914586900878,0.008140154272584094,0.004992214536514944,0.008130643735010726,0.18442743245037962,0.028727862584913486
135,400,85,False,True,0.008592049486239366,0.010987298540106544,0.0016335731467302357,0.01098521419576815,0.006728985654773878,0.006497295759555981,0.0020900609871904543,-0.01112935124116463,-0.005999967292369526,-0.006884928598142033,-0.00600197299121092,0.010330904894068755,-0.003138390162058774
136,400,86,False,True,0.006334918215956139,0.0054856845045043266,0.002356936656579402,0.0054857054356378275,0.005524422169773806,0.005485696165170521,0.003891016733588356,-0.011854014533417626,-0.005957641353876131,-0.006617863392838684,-0.005957898725998572,0.010351850764939705,-0.0053247038591287404
137,400,87,False,True,0.00596991283601021,0.007947728800101122,0.0045784898965438095,0.007949843133958578,0.005286990435552483,0.00413511882529133,0.004272561801705279,-0.005762057318303501,-0.0019506430315092693,-0.004122093831976323,-0.0019518728353530258,0.03545458705960414,0.00040079046916760563
138,400,88,False,True,0.012200947559270566,0.005312219447659331,0.00032932909766816365,0.0053098972117269485,0.006203647478883554,0.0048021213845844445,0.003083113956488028,0.0001525934394186401,0.013298404594039397,0.007603200014950631,0.013297246748328533,0.0768754736111466,0.0143705868547635
139,400,89,False,True,0.024980467713767072,0.017106078251048852,0.008572077815426772,0.017112097450139148,0.006965505957847484,0.008672637734554178,0.01972148205928354,0.009576479797368555,0.02344858330814038,0.02227726858334004,0.023445969507649878,0.10205509906690827,0.027599608329762826
140,400,90,False,True,0.0031655778608412548,0.003373871542871353,0.0007277966456225169,0.005538766119155617,0.004870754539298979,0.003415616994981758,0.0014401509300175335,-0.007453571640144811,0.0010785309153437163,-0.005316704775345216,0.0005113342005914135,0.03632543307264338,0.0016851234980627544
141,400,91,False,True,0.006489914548381767,0.005479832445309394,0.000612293929507432,0.007363296091704921,0.006751813004758313,0.005499811429781828,0.00482057369553631,-0.012716701856435995,-0.004706596804005176,-0.007449646313441061,-0.0056906158286064825,0.014346263847333897,-0.004012474141051964
142,400,92,False,True,0.022215724869945008,0.004726621232788638,0.0033617416557712772,0.004726716251396182,0.00427279619454828,0.004312620631528708,0.004099740856949711,-0.005573284494432111,0.013874031117806461,0.007380424388668025,0.013873966904887798,0.09637867944570587,0.01471365104833769
143,400,93,False,True,0.025715537849422168,0.013849345963682995,0.0024418218636990813,0.01385005776410283,0.008690677249536484,0.006919962586821586,0.0093465780139412,-0.015056083884996761,0.013363983772549144,0.0037535104523273755,0.013363865728157887,0.1805390293270049,0.018944191620875767
144,400,94,False,True,0.002668911303888686,0.005210127224426339,0.0011395980192032903,0.005210024737361917,0.004208497531462601,0.0052100601909951735,0.0017645907196429203,-0.014798975684014504,-0.0077571561161489735,-0.012114169427135947,-0.007757139657638668,0.04300045306572793,-0.007128546532737853
145,400,95,False,True,0.01908900195306734,0.008724848522193298,0.0021028083140494274,0.008712101343256529,0.007803606697945867,0.007544231908789547,0.0063177016585434734,-0.023621317332502098,0.005074589828053391,-0.00794071205173039,0.005074044136346175,0.034908679532311006,0.006647799611007921
146,400,96,False,True,0.02230830393380583,0.009792418282102531,0.0016615628139436055,0.012124681991552463,0.012535040465744645,0.009458450783819098,0.00922696804501596,-0.01790249651363682,-0.0034845462980865882,-0.007927380412725069,-0.005188117661443829,0.04039499190619395,-0.0025630090672826567
147,400,97,False,True,0.03549013028476829,0.01682300106358555,0.0030897070605997393,0.016832881498007997,0.010670544101391065,0.010254835709776812,0.004823077231631077,-0.015513633672353254,0.020497769449845153,0.009226428255824818,0.020492818317075622,0.12645938668602522,0.024763879412336487
148,400,98,False,True,0.04180572671627592,0.03764542272150347,0.012992116205293698,0.015490584516324632,0.010444906876459197,0.00545384535764592,0.015115396471800675,-0.006099157776996115,0.010135104192631576,0.013144563369406894,0.01855450882933713,0.02765838408069623,0.026165519736291026
149,400,99,False,True,0.03478050377158086,0.014233296329565605,0.0014493996424492896,0.014290372229178127,0.007254502049858013,0.004934177272640164,0.005136061379858564,-0.013899895059353545,0.014249659959097851,0.013448155306559935,0.014229699945208393,0.05935375540536903,0.021039374392333623
150,800,50,False,True,0.003507962350920155,0.00456638890395685,0.002155146879132699,0.004565118960915531,0.00534875587826291,0.004521208818640214,0.0025422624092016335,-0.008033875565906514,0.005609383406008188,-0.00649940635891364,0.005610270978603129,0.1120782422642233,0.005973453351487634
151,800,51,False,True,0.008114047819273494,0.005893122776211754,0.0009760095692409182,0.005893279479672282,0.0064663461452021355,0.005893515641896908,0.0025630001234610927,-0.010604204428667179,-0.0016150758468093153,-0.0038366189299371936,-0.0016150451450616644,0.07034841748921636,-0.0012966092058776246
152,800,52,False,True,0.0011446427756047215,0.004432326354345497,0.00058277313151049,0.0044408718985564834,0.0046190851529176145,0.0041807790381030415,0.0007821506175537249,-0.008315050875726508,-0.0022141234482784536,-0.007422776117144095,-0.002221756705547584,0.05587154160177185,-0.0015562152875089746
153,800,53,False,True,0.007699519188082022,0.003845568020990266,0.0005451498005025593,0.003846206287382013,0.004083008368388268,0.0037938617960496133,0.0011555837731325317,-0.009467072014456934,0.002489734384942022,-0.003543329065136299,0.00248922768965139,0.019526372400562444,0.002886493825261474
154,800,54,False,True,0.004489263091096746,0.006635880515867181,0.0022549424627165567,0.005625158783643117,0.007729869440621154,0.005625219170962113,0.00285852812801862,-0.008036120734517009,0.006284373381624349,-0.007059087274279654,0.006727921868903231,0.053618028916256895,0.007034990311116693
155,800,55,False,True,0.0005220296007889594,0.005419437050221723,0.0006854686857215931,0.005419335698350166,0.005169619896989596,0.005419437000045721,0.001048569223957896,-0.005518431717408425,-0.0018623377305937794,-0.005034417110275261,-0.0018621621389238818,0.09812367469970212,-0.0015546732122499185
156,800,56,False,True,0.0007806676147117573,0.00482741415497911,0.0002825451049545639,0.0048275707676631125,0.0056229730926008956,0.004827368777127347,0.0016503350356981178,-0.011950997766746272,-0.00838971275209767,-0.011784397834018908,-0.008390049300983674,0.029995745479656825,-0.008070423298398882
157,800,57,False,True,0.008067996652522618,0.0051350143553178995,0.0006203415576623507,0.005137715711615195,0.0056259583086811305,0.0051535419519688356,0.002848733582718129,-8.901665363513188e-05,0.009763683313185502,0.006349119334740758,0.009763344496499205,0.04713155376736634,0.010109044311409743
158,800,58,False,True,0.012643367107438928,0.0051250433924093595,0.001715722066493358,0.014208974481530476,0.010079130625258413,0.005125625437220147,0.0029092594497522745,-0.016138817821448187,0.006296725781111778,-0.005448337694529493,-0.004323318335171909,0.2430882184656228,0.006614884818667427
159,800,59,False,True,0.00655805171964026,0.005515960270477251,0.0002691888583190675,0.005625359382616256,0.006289461983702656,0.005571445168485099,0.001764921568896813,-0.008655540717424028,0.003647850574863014,-0.0013317164020337172,0.00369913404851026,0.1313277824307102,0.003997199723310432
160,800,60,False,True,0.005795626348519782,0.005110959777277431,0.0017994431435023606,0.005113609098975181,0.006094025716019493,0.004518672542218356,0.002770143249155153,-0.0058732522941569235,0.002796168171135456,-0.0021297917257597733,0.0027956879330634267,0.019266629948613296,0.003801563048383999
161,800,61,False,True,0.006604362258385073,0.004061929480377977,0.004699506966589914,0.004071149197375632,0.00434409707282592,0.004005217414822024,0.002880094348339033,-0.005584309381733028,0.010555794172043047,-0.003431948448781714,0.010546176878109818,0.1480991823717524,0.010925904236826961
162,800,62,False,True,0.0063123479723495605,0.0046131057446131205,0.0007444766745905242,0.004613089441040817,0.006410220689951464,0.004701410000210847,0.0018845632941269883,-0.006297326864312314,0.003073229783964795,-0.0017874245382017901,0.003072951625629159,0.026108523282305746,0.0033859303327728463
163,800,63,False,True,0.015714645879557156,0.0058803839599486495,0.0005611309226602191,0.005880523894072474,0.006230425344337264,0.005526023015483633,0.0034256377102260343,-0.003902208612061183,0.011332573620576873,0.0061461657225605395,0.011332198445715279,0.05091461583374221,0.011956548132819808
164,800,64,False,True,0.0027414103950562036,0.006858610460691282,0.0009887237277604957,0.006858813978731808,0.007908478687754484,0.006858665940666304,0.003527057489204221,-0.015712958473635744,-0.0092723282402752,-0.013348177682619086,-0.009272678693883644,0.024023426530191044,-0.008963937832328003
165,800,65,False,True,0.008735168400082557,0.006289339584570596,0.0004852579388986754,0.0062973019724455815,0.0064698879705405166,0.004946990546416296,0.002687979081510704,-0.005946607121066374,0.003939058898646977,0.0009737903047588547,0.003935511703022509,0.019520538656458725,0.005081856433505297
166,800,66,False,True,0.003615670779072169,0.004739112996673708,0.0020033758569841364,0.004739263117364384,0.004727283488629215,0.004739576989581438,0.0006965590882009681,-0.0029521424985687245,0.0039477065860229745,-0.001710761718288502,0.003947524457922906,0.07695213197239623,0.004260033884242176
167,800,67,False,True,0.008966970655122516,0.007376818095205779,0.00035810772556554534,0.007376822346967802,0.005955471240586739,0.004817357540564022,0.0027933218637538663,-0.0035352499291664715,0.006608490878764979,0.0032975971988767044,0.006608345325128014,0.07905111242268902,0.009104940971955355
168,800,68,False,True,0.004360232656571127,0.005144515683666496,0.0001948879981635161,0.00513715925599751,0.005751512281602689,0.0051394918242774566,0.0006845473183025282,-0.005202110870700427,0.0035851339767240553,-0.0012345862499042932,0.0035840882065867243,0.08868233100636966,0.0038965412513737724
169,800,69,False,True,0.0012358964563051805,0.0048058693998133265,0.00022075282738371092,0.004805977675718485,0.005328364477964951,0.0048058175083945855,0.0008451087701933776,-0.00951937929128578,-0.004075723587800493,-0.007711278719868813,-0.004076125141019578,0.038004496139508,-0.0037641970957230514
170,800,70,False,True,0.007239163060176226,0.007938718621353017,0.0003585793092759446,0.007945131445509943,0.006761718741174867,0.005138395294228173,0.0019448329950450393,-0.004777042042241296,0.0023011405092065295,0.0010469192991437331,0.002299929248410919,0.07890477100747917,0.004901205206205961
171,800,71,False,True,0.0008555027421281011,0.0037912977036397267,0.000262207710161815,0.003794150452090863,0.00422463901937103,0.0037689016825269493,0.0007883425491168064,-0.0030017389116202844,0.002965430590694229,-0.0020907516023059825,0.0029541693440333283,0.09960156426467502,0.0032832560562987417
172,800,72,False,True,0.005016150186148894,0.006345024562125544,0.004712091889374186,0.0063423631152624525,0.0073860233747880975,0.006342253205339439,0.009602365914469984,-0.017167530268220016,-0.0038547915307493596,-0.015651132564104765,-0.003856137665643793,0.08958846212159614,-0.003525820416734826
173,800,73,False,True,0.008516451614547775,0.007389011030783928,0.0011153638460267713,0.007404454128379473,0.007093904202970619,0.00656236526922695,0.0017380183725131276,-0.008529425792402423,0.009166737402155291,-0.0008462884503117088,0.009155357645285243,0.09947912644997721,0.010171893025194223
174,800,74,False,True,0.0018177008397071922,0.004362438911590713,0.0005658026784307484,0.0043601335876982845,0.005099964594508805,0.004189498724726407,0.0009380458271177058,-0.003015387164310092,0.0009187671371334894,-0.0014841917534915083,0.0009163764588347689,0.020880667150877715,0.0015181097943054306
175,800,75,False,True,0.003471588554060054,0.0053833026051348576,0.0005697236885148448,0.0053830710975595695,0.0056173937402327935,0.005309836606005428,0.009290116050735193,-0.002257020083735178,0.00439879369978371,0.001155867190680484,0.004398828369569597,0.040655173694845545,0.004787906284731705
176,800,76,False,True,0.004224597225511813,0.008690426172094628,0.0002968962780597863,0.008680335910330812,0.009232396954420909,0.005137396995588438,0.002251113231746108,-0.0021964174789997327,0.005187992595967828,0.0017154146565879136,0.005185734061840961,0.020229073267435123,0.00862513601404083
177,800,77,False,True,0.01685940902498783,0.011054455095152859,0.001584998442665424,0.011071810258274443,0.008917724721033988,0.007861400603338009,0.0022959192676167764,-0.0050347338834598,0.011637454263113547,0.006048530352959303,0.011629179271036225,0.09506779993034216,0.014535548969527176
178,800,78,False,True,0.01890415135367457,0.011673711103971364,0.0009713373133815987,0.01180533244024072,0.009251308942463154,0.008098970699286456,0.0022370006490310393,-0.006665212717116778,0.010617850146876098,0.008396978819031222,0.010605004365966461,0.1544327725882271,0.013169882312082049
179,800,79,False,True,0.0034586523079891286,0.005744827535057534,0.0008419328303091291,0.0058125545985145575,0.0064927315971967095,0.0057451751334955115,0.0010619963875513924,-0.012346253493509426,-0.007106875081554946,-0.00988585116593273,-0.007153709561414523,0.03770759813609434,-0.006798790318458731
180,800,80,False,True,0.013038605888362937,0.005415478111591639,0.0012810801798704737,0.0065841135044180455,0.007222054732322374,0.005377734765218578,0.006735639866141308,-0.010605111539115893,0.0015789291105873814,-6.178744848634898e-05,0.0008291680104755805,0.001982354395164627,0.002068796775968648
181,800,81,False,True,0.003938060977313647,0.006589131343190963,0.001884080511150311,0.006588943632542257,0.00701583536234995,0.006244417886415927,0.004907274737846673,0.008613616773923707,0.014906615280728328,0.011457652060671442,0.014906820019539585,0.10211509127397451,0.015641909248736666
182,800,82,False,True,0.00578807573002052,0.006328303929965895,0.0015092825292028636,0.006328401358822117,0.006462398143930591,0.0061664686133310045,0.003505444100518843,0.005978996580689602,0.01826516629298945,0.010319591618342705,0.01826610348127815,0.061978862871151286,0.018677442412911027
183,800,83,False,True,0.0019696500575457953,0.0045698492773327895,0.0005507545811924033,0.0056796047056899305,0.005102188653993057,0.004569957529418716,0.0011237864990035114,-0.011914144056290836,-0.0029698367970252804,-0.009644676408079934,-0.003955622108388575,0.060368694051173614,-0.0026608085768007744
184,800,84,False,True,0.0010167902780121101,0.005490123127014642,0.0008508479541743186,0.005490967423492322,0.00613561724650908,0.005490834040960228,0.0011833660756715373,-0.00429120901653851,0.003685855154363065,-0.003923872626495266,0.0036855431555964558,0.059365409660050744,0.003999801750209808
185,800,85,False,True,0.007150968089305655,0.0056143146204834645,0.001494837307609363,0.005601056080007134,0.006963516713397007,0.005609345742612067,0.001976905684515184,-0.00979797755509045,-0.0029132900570225397,-0.00595858653712085,-0.002914480486237299,-0.0029115230376424426,-0.002607642610124611
186,800,86,False,True,0.008009802935416416,0.005619593132704743,0.0006668760515721601,0.005619517221418889,0.0063801363541257025,0.005612918242041525,0.002772631194079631,-0.004998165811002645,0.005279824962626698,0.0024552451757196424,0.005279903746389465,0.08787808798314725,0.0056352393307255305
187,800,87,False,True,0.013447448126794208,0.004252800839627619,0.00016273320035424714,0.004252731751429913,0.004702667211422507,0.004246608965383968,0.0023968493180129185,-0.006686070022057217,0.008423577656939277,0.004945797444863119,0.008423027905953777,0.05589494687594334,0.00873522417042985
188,800,88,False,True,0.02140585438042821,0.006902569261823775,0.0013897689260069723,0.006916026171345122,0.006663790521038556,0.005711875813094945,0.0049439774372930624,-0.004515182004942311,0.010737647861367048,0.008837072336382992,0.010731702086858218,0.026042506662520212,0.012010858911911726
189,800,89,False,True,0.00327399465075229,0.0045370472519378445,0.0005587682437285205,0.004537086523534903,0.005563090380054569,0.004537178259341855,0.0018978374351793811,-0.008881919796677597,-0.003148629747535168,-0.0059483357334389,-0.003148855681343008,0.023553818953614608,-0.002842633334615402
190,800,90,False,True,0.01141084339258978,0.007053972450266458,0.000551039336689833,0.007054754871466291,0.00586452629509583,0.005683271504345689,0.0025407850625225924,-0.0031135828971810033,0.007482144455765418,0.0051234705130764726,0.007481563034329515,0.04743950534693665,0.008681828876215145
191,800,91,False,True,0.008017834575126892,0.005364139630612884,0.0002695471393335571,0.005364169822969036,0.00562108001590656,0.005364062493388087,0.009754040200023923,-0.01433384190964457,-1.772362385025872e-05,-0.005535986351746769,-1.785621391576342e-05,0.04676101492756835,0.00029907490695571526
192,800,92,False,True,0.01911444314050461,0.010791233015648372,0.00029462412574341894,0.01079915397045002,0.00941546310292135,0.006174272998279419,0.0035714161387051615,-0.007739864315257821,0.012816509435150607,0.009793575197731408,0.012815194831708912,0.08743552726288177,0.01612151285111149
193,800,93,False,True,0.007606281833100778,0.0048385736718874256,0.0008447585561577785,0.004858601072482951,0.004215974810840241,0.004213910651799673,0.001473318038027887,-0.00228620023633167,0.009430962984946981,0.00324228437661836,0.009400746175526695,0.028718999620320904,0.010120844741942928
194,800,94,False,True,0.004625951906616849,0.007432108012859711,0.0012455946062461276,0.007417540670115971,0.006279338170011314,0.006353006698598769,0.002031206673552732,0.0034675244826619825,0.012329341002326135,0.007540251900176502,0.012327770678494332,0.05849443241711857,0.013430636145866287
195,800,95,False,True,0.01686743532528398,0.01171601270084447,0.0014257246532803527,0.011716391507986392,0.007197288604805781,0.005115755640877734,0.005142830998365787,-0.004318670305467524,0.013401684136652658,0.008931516336173832,0.013400999482156237,0.08813300926011465,0.01842436019449785
196,800,96,False,True,0.010126035330125993,0.004954500466195877,0.0008070700148632095,0.004952583587102289,0.0051674643224241465,0.004764450168170698,0.0010321249616779197,-0.006688548292390868,0.009041641009953664,0.0010523844290025758,0.00903607364295315,0.07843556645671863,0.009514781451553475
197,800,97,False,True,0.001982141762939911,0.004870177347563126,0.0014280810868186897,0.004870881311082342,0.005766828547511406,0.004485585127915645,0.0015653754504414822,0.0022758730538590135,0.008184613907188965,0.004735470357545077,0.008184901824804598,0.18011568930873154,0.008937765492222735
198,800,98,False,True,0.002832683816130094,0.00512147110407844,0.00036937710162263186,0.0051216215745871485,0.006192178339966401,0.0051215521316034275,0.001534402392955009,-0.014448388383452766,-0.007470283721598498,-0.011661151461657528,-0.007470525468551568,0.02459860698664043,-0.00715553645760722
199,800,99,False,True,0.0031490089563601183,0.004375995248768503,0.000844555476605381,0.004392592083499889,0.004635118821855855,0.004060186557530298,0.002488473621179277,0.001206558584582229,0.004219134739047022,0.0029262624817420137,0.004204548183683965,0.07003603624939224,0.004803555201058837
200,1600,50,False,True,0.0018118290540374321,0.005673146305876313,0.0008041284327520393,0.005677747818933634,0.006776977073245849,0.0056735593580428505,0.001752198275065061,-0.004637983646613044,0.006802593850522314,-0.0021404725671776803,0.006796643341308446,0.08271767843656871,0.0069742534434257125
201,1600,51,False,True,0.003187247924724319,0.00521616505757852,0.00024421648684277145,0.0052346333425317415,0.005267185704546909,0.004760808673384081,0.0007513410269790521,-0.006589607202965002,-0.0007456730027354119,-0.004475602783694216,-0.0007489794535777073,0.027101601113742733,-0.0004095332379660671
202,1600,52,False,True,0.0026325310198804346,0.005183603068273565,0.00033791051445275776,0.005183733492889058,0.00562809451437672,0.005169718999161568,0.0007376489195925059,-0.005532060348947106,0.004604825355444593,-0.001666854303200143,0.0046045753026953485,0.11086316680079315,0.004762229347466618
203,1600,53,False,True,0.0022545209021847196,0.005675548774611309,0.005684935268200998,0.005674998578470679,0.006425379194108499,0.005684271868565347,0.0008812462504547575,-0.0031632740029693047,0.0032607018800671563,0.0033858401119938753,0.003259911206711621,0.03452952124911196,0.00342696609518707
204,1600,54,False,True,0.001277411373412413,0.005601399143010761,0.00040589495175303095,0.005601356564632558,0.006271649031146017,0.005596903909075159,0.0006350613223731131,0.0012868873477113372,0.006610316054132355,0.002615011170938436,0.006610025483441895,0.11103395853985813,0.006797556519294173
205,1600,55,False,True,0.0007820247772307642,0.0045847769780779195,0.004646183018211739,0.004590613550637583,0.005522132581347369,0.0046099880047816314,0.0011063009610668916,0.002693225710993759,0.004954313880326051,0.005083573632885356,0.004955807600459306,0.07104703437652463,0.0051111913102969975
206,1600,56,False,True,0.002835683665245792,0.005472169566015167,0.0006908142523193498,0.005472347723100981,0.005571733624633679,0.005390281713848987,0.0014593794479117374,0.00016882748125185282,0.009853156878427392,0.0027396669743626513,0.009852940986592814,0.04964289619334439,0.010094150737171126
207,1600,57,False,True,0.007949014887596601,0.005546030678692416,0.00032252080365877887,0.005560774778180914,0.005809919056692885,0.005043815204100317,0.0012834459674005271,-0.002902385759817795,0.007738530486065969,0.0035873468362219224,0.007720266973214809,0.0269195970181862,0.00828593652054585
208,1600,58,False,True,0.013828981153988694,0.005783052682742928,0.001325040976288122,0.005831055887715752,0.005877824847057408,0.0056244775452178545,0.0016048909479026215,0.001674174042594704,0.015095584483057518,0.01072173160356873,0.01508336486610144,0.05061822641656926,0.015425606212239401
209,1600,59,False,True,0.0014938448038076518,0.0060199909658556865,0.0008632784311483131,0.006020097241194261,0.007263254539775252,0.006020181296820434,0.0010780677511235137,-0.005376075390959198,0.00011465361531705298,-0.003644495258497562,0.00011452078678061639,0.09620159886884765,0.0002719841830486902
210,1600,60,False,True,0.0010457170784009353,0.004370768651030549,0.0006021200945077322,0.004361911804545296,0.004310348804375406,0.004344258730820157,0.0008777849312243651,-0.0077485609775415085,-0.0015882113771605155,-0.0072086901802181184,-0.001597900322574013,0.020956360894996653,-0.0014297736081672202
211,1600,61,False,True,0.0007208163577457799,0.004886153632921283,0.00023656875872382678,0.006250718711652706,0.005589337625982026,0.004886126586099008,0.0004768500862658502,-0.009976974885472866,-0.005073112933665325,-0.009068141765879577,-0.005743729507252109,0.004064698946896712,-0.004915783610589669
212,1600,62,False,True,0.002538208185886069,0.005839926763905827,0.0007639708542149154,0.00584006877017446,0.005392435872290427,0.005664197280257219,0.0019481102737620097,0.0013168380897011142,0.0067822716159355425,0.002828168269642243,0.0067819760029760095,0.0809513612385423,0.006976987195142781
213,1600,63,False,True,0.0037014461313717635,0.00531188870771918,0.0014942101259263264,0.005320263663603787,0.006158254572592205,0.0052186400187660634,0.0017956863817330231,-0.006468781312720653,-0.001568867534861038,-0.0047315505981855,-0.0015768968779764948,0.02898108385370339,-0.0012386388227350748
214,1600,64,False,True,0.001524177482467748,0.004543557889492298,0.004510830219304866,0.004546502992971462,0.004887647392032356,0.004539831546753611,0.0004899325344086842,-0.007169313380816943,-0.00025601748850009545,-9.726765423399563e-05,-0.00029263199893968304,0.07231190017874857,-9.545157626959788e-05
215,1600,65,False,True,0.004985100277553237,0.005938083961043834,0.00047963274124129644,0.005939171738867428,0.006937266896891044,0.005866171324831131,0.0017071817362210918,-0.0009082942613232298,0.007741494549796695,0.0038670962308456685,0.007740847005322884,0.07737982972103669,0.008113625903775401
216,1600,66,False,True,0.0011970999430511366,0.005041897239695722,0.00036092266570222903,0.0050420269703319864,0.005922623763774746,0.005041905995249712,0.0015405226520988162,-0.01310860730118438,-0.008000836948819697,-0.011807489580908938,-0.008001114512979798,0.019647870284295585,-0.0078444211272172
217,1600,67,False,True,0.003643548977077621,0.005330702342368712,0.0005671315173680245,0.005330730136001693,0.005327110039561942,0.005056868933416681,0.002475346316841207,0.005650630578741818,0.010825481704820384,0.007944156449642375,0.010825212031934263,0.06485246043484161,0.011246319410869066
218,1600,68,False,True,0.002714659537331216,0.004351734638911598,0.00032408870186261153,0.004358198487829736,0.004357396722637853,0.004295770368508195,0.0009224086471726616,-0.0018989555400779374,0.004750730439387141,0.0004094186810343503,0.004742555911462638,0.019432169322065995,0.004910911607459309
219,1600,69,False,True,0.002524766317108766,0.005300484143447585,0.00044358561576275863,0.005618483632299107,0.006228577996855826,0.005263594104775192,0.0009457656461589832,0.0032102514097457602,0.009061181893352331,0.005509477008298084,0.008922548884315375,0.06426716102490988,0.00934051399506726
220,1600,70,False,True,0.003824826786501821,0.006018423004537987,0.0002956365658637867,0.006027672019702941,0.005513544675055753,0.005031793229325493,0.00038837667882469525,-0.004916924354962765,0.0012506191397629429,-0.0020288363770963776,0.0012429383678697194,0.013689769564885096,0.0021039216835646857
221,1600,71,False,True,0.008809951393839954,0.006029595735487019,0.00019557515156622083,0.006029455356770002,0.006941509974057269,0.006034647667072386,0.009015531579170472,-0.008296517347450526,0.006226753223348301,-0.00035312427023893476,0.006226348322637741,0.07401564862971162,0.006387809561731586
222,1600,72,False,True,0.0027608400653106324,0.006672304493964106,0.0004164995269408665,0.006682405420008788,0.006562992467993383,0.004913091064912321,0.0011198875826936832,0.001983701144163422,0.006651127918410893,0.0035124621044225323,0.006646785239250246,0.052619795702485865,0.008230966065195078
223,1600,73,False,True,0.0014345667156361167,0.004748536864614866,0.00026398012812493365,0.004748568810827835,0.005388947962015299,0.004727941201926817,0.0008261969097007342,-0.0018608919583114375,0.004992440342544935,-0.0003988041370927881,0.0049920936956852555,0.04833451814876668,0.005184534597239623
224,1600,74,False,True,0.002158429634767484,0.004270896003136515,0.0008595262266780154,0.004270931368221976,0.004511270401052247,0.004270952120638902,0.0010980879981326128,-0.004365515426670817,-0.0013538631043544314,-0.002753542121019148,-0.0013539193485949852,0.07576688203248853,-0.0011998661931165028
225,1600,75,False,True,0.0017491943675542753,0.004455206360885623,0.00016781577339572843,0.004455436457704582,0.005216419214530996,0.004456012966130678,0.00047298326561306703,-0.0033100954781674773,0.002046533636810288,-0.0018636708333012628,0.0020463581057135016,0.06757585370819288,0.0022779781220263196
226,1600,76,False,True,0.005326802794914859,0.0054654944030260175,0.0002552719245350404,0.005466039594587769,0.005953624713234651,0.005348693214516279,0.0009684608931325042,0.005145428738790873,0.005048637689293401,0.0005697809759357555,0.005048172309294472,0.04303720287456095,0.005454358040510809
227,1600,77,False,True,0.009805672062504527,0.004347005188891318,0.000552461596105127,0.004346918182498611,0.005145707774053966,0.004363928441409649,0.0008651937675313125,-0.004516476137978522,0.006613791141290886,0.0024985867225618534,0.006613442152581915,0.010798964723358999,0.006784040988729562
228,1600,78,False,True,0.002960858540289599,0.005058284145691942,0.0002515870470045332,0.005057184746694654,0.005644877677874045,0.005021605496960518,0.0010323174962115708,-0.0010642256462044513,0.005411255527834609,0.001426550643986677,0.005411956641501199,0.06766900025879927,0.005627538952304806
229,1600,79,False,True,0.004318039488700218,0.006762263820065986,0.00047411103757918563,0.006786633058923999,0.007453001924848061,0.005170670026201905,0.001147386035702387,-0.0010988781243121287,0.004481251492551799,0.001843784183830472,0.0044605339561070425,0.09706169172596305,0.006432028599896
230,1600,80,False,True,0.0017637873608907792,0.0064633400316331914,0.000596654597935059,0.00646322044404792,0.007386061865391892,0.006451156100807736,0.0015931894488807846,-0.0053046478716102805,0.0016891597259542125,-0.0029385754768788647,0.0016888536648110098,0.11659316795797242,0.0018496373283085898
231,1600,81,False,True,0.00411366044290143,0.004841077985714782,0.0049210168612766345,0.0053685036141832695,0.005752829639393764,0.004843500029837111,0.0009432175945703385,0.0008529748894307242,0.008006667906234792,0.008047243838624811,0.007608171764039451,0.0450739053883944,0.008167409568112002
232,1600,82,False,True,0.0035219764676187575,0.0057001198611253264,0.005501253138250672,0.005700267130235289,0.006205459356888479,0.005434623378352294,0.0010350266762227736,0.0010957855594053206,0.010383682133500792,0.01063777999107036,0.010383375078528729,0.04339445030290524,0.010801982222107723
233,1600,83,False,True,0.007458901255167142,0.005863981701163966,0.002601000719807779,0.006414645621905009,0.006007289291924599,0.005442694822251643,0.0020328158935541693,0.004728109142288529,0.013804008278594466,0.00916342137670975,0.013367560907901394,0.047170699465742205,0.01441606170564537
234,1600,84,False,True,0.0038457474211571314,0.0044375808951316285,0.0003439088684275974,0.004440456509157312,0.0045025284475016135,0.004430740439312526,0.0019642041643705157,-0.0031705009849678535,0.005014615101135469,-0.0002947872162556525,0.005008024711593464,0.10483308039845425,0.005202659290118997
235,1600,85,False,True,0.011876636769852561,0.010054964434060754,0.0036973184657813542,0.010059857972198816,0.006262580112938242,0.005585534398227145,0.003106248797535321,-0.006899015770759398,0.0120091829703399,-0.0007804568995652983,0.012008284402978386,0.1662938562680904,0.01596331487450088
236,1600,86,False,True,0.0020513050629442,0.004500281911014103,0.00018531632393235136,0.004500166365827244,0.005193917020410606,0.004495598834159573,0.0003316005127405378,-0.0005425564010867993,0.006645206123429031,0.0018054329186592464,0.006644927863780978,0.09673460809024387,0.006818225397019886
237,1600,87,False,True,0.0021216838877797573,0.005834241966929951,0.00033731161118732354,0.0058255538936666474,0.006167225480303588,0.005066746924642946,0.00099553224190677,0.0012135831209598945,0.009185497305036901,0.003773533415785185,0.009226563762093748,0.032844176685642455,0.009865849890425535
238,1600,88,False,True,0.002999992523647576,0.005062862170169527,0.0003571527561066384,0.005076255121532537,0.00500730453233787,0.004738250154712747,0.0008917166881778285,8.327646656219309e-05,0.00628898465915233,0.0022856435347159403,0.00628075717747425,0.06712689221821347,0.006676357689282639
239,1600,89,False,True,0.001965275250134386,0.004561916913628165,0.00034135099791258284,0.005020137755184657,0.005778279197412631,0.0044481982344388845,0.0015617440071443763,0.0029901697964262943,0.004865626757824319,0.00013381956646217358,0.0046170365680141675,0.07343548141112109,0.005212689797796946
240,1600,90,False,True,0.0018023989516512764,0.004836417517180686,0.00020363803289091053,0.0061748232560931175,0.006174098786570428,0.004737792442054125,0.0018826955230027466,-0.007157609612937472,-0.0015122496788240092,-0.005815986814143511,-0.0025398913522202272,0.03886548293199685,-0.001016124614428085
241,1600,91,False,True,0.002471996385841214,0.0066509055907261975,0.001021696173081563,0.008553882338156502,0.006811168834248455,0.006459756610640172,0.0037220018969610852,-0.007885560213259216,0.003805559239869112,-0.004959788684552414,0.002729950379372692,0.10163133993365023,0.004065008236246531
242,1600,92,False,True,0.02357317431721492,0.012677111801453906,0.0003164793534027529,0.009533204938804614,0.00860374656692332,0.005613107746378059,0.002341935065486231,-0.004615738823996536,0.012081975304021704,0.013157444673660739,0.01332783879167483,0.08450960657364508,0.017239914548105473
243,1600,93,False,True,0.0015076842293638571,0.0053532124431052855,0.0005022756719569106,0.005352893778687865,0.006867315250869963,0.005394581498403773,0.00098759966165682,-0.0012980725032572388,0.005609692288680268,0.0002694951034917398,0.005608872608305013,0.07392191280145614,0.005772233132619098
244,1600,94,False,True,0.0004961313503461848,0.0046363745411428904,0.00023988873853989876,0.004636357981296118,0.004813726443932095,0.004636604812137371,0.0006202832547322532,-0.009061862504888192,-0.002942318886000539,-0.008066470077689824,-0.0029424305943312845,0.11128709761963203,-0.0027863910821047527
245,1600,95,False,True,0.000803661988209722,0.004352878624487029,0.0004956932339117307,0.004494313861003975,0.005238232798094944,0.0043592918188289555,0.0006876309892096448,-0.0028707261423067533,0.005030302370701385,-0.002059438427828553,0.004972659184851942,0.05164318977931691,0.005208076147736468
246,1600,96,False,True,0.005432869717351851,0.005347965371636347,0.0006785896674126879,0.005348667801858021,0.006007368447947863,0.005336747005722056,0.02458006235127428,-0.00635153177945725,0.0012787433465657116,-0.001825416740207143,0.0012716953489973549,0.12870391521801025,0.0014710790578582322
247,1600,97,False,True,0.0013362671428176877,0.00537328659173772,0.0014984951191996782,0.005315370455767506,0.006340990598386742,0.004784637166236912,0.0009744171238072197,-0.0044156051904150105,0.0019838476714197383,-0.003960684775633386,0.0019546478627843734,0.07538817241019227,0.0026750859530074583
248,1600,98,False,True,0.00945131457706699,0.005766713940752694,0.00032258861747770873,0.005786319458461606,0.005370774211231244,0.005071321099732136,0.0009663349878224247,-0.005268322528946969,0.005413282620604036,0.000723119975387565,0.005408656503245517,0.026393511999275993,0.005834711202101578
249,1600,99,False,True,0.004874308112101707,0.004858825525384557,0.00035824654788163573,0.004844056811376599,0.005610440009188161,0.004874211102693097,0.0013631907503817,0.003160422188981457,0.00315313859873827,-0.0035752139193468424,0.0031298480152520194,0.06075478154913929,0.003319951416239822
250,3200,50,False,True,0.0018100001364188747,0.0059090384656454616,0.0006100621512072909,0.005909010635558563,0.006340860539242535,0.0059076687939019846,0.002059975219557128,-0.0041034144855426795,0.0007816955066798492,-0.002866837189690593,0.0007813428658736755,0.06279502041395063,0.0008755855277073205
251,3200,51,False,True,0.0017991745252299745,0.006244759991158068,0.0008689707920950382,0.0062358495896516816,0.006339187147984011,0.006159412044849697,0.001001183073386792,0.005240631174591825,0.013495650701537798,0.006051289990521128,0.013497454901408136,0.08445257538991326,0.013599853011567908
252,3200,52,False,True,0.00031747509762509166,0.0045665492771345285,0.0004450035696063867,0.004575509012259835,0.005034931781875712,0.004591366716248365,0.0005730104288858704,-0.003899168531913967,-0.0012167687828885576,-0.0037114459985894384,-0.0012043415841013073,0.08350012490201973,-0.0011191156256266654
253,3200,53,False,True,0.0004883418498837715,0.00464620434815163,0.00029032844192617167,0.004650850309280776,0.005151533245014396,0.004636102573231675,0.0004060435279884594,0.0010589639913864233,0.004621115026688827,0.0015208593474776214,0.004619824415843236,0.05608649137616446,0.004731785159492838
254,3200,54,False,True,0.0016362803970243838,0.005933613010490848,0.0002862807179185839,0.005938330992891755,0.006607542496166183,0.005745921311258054,0.0016865495018329416,-0.0045203007790934994,0.0019976238296000835,-0.0023220051781386404,0.001995472249032115,0.11673024078557971,0.002305220468581559
255,3200,55,False,True,0.0015203191769102406,0.004319097468952669,0.0002145128047406712,,,0.004271940764839294,0.0014705893671655048,-0.0028142475459955736,0.0020274819490182948,-0.002711886325720252,,,0.002143561708060779
256,3200,56,False,True,0.0009733569255887777,0.004858011084940801,0.0002599633378547484,0.004858269799686387,0.005438729162002243,0.004808591167380556,0.0002827848501311104,-0.0030101652396613355,0.004142715101897387,-0.001511550354959187,0.0041423891691170665,0.04994184952487682,0.004328376838780762
257,3200,57,False,True,0.0017082889938522237,0.006938292698127157,0.0006434371332553817,0.00692879402868997,0.0062796386554195005,0.00619078982155984,0.0008195815978024844,0.002967831563524188,0.008585974525161593,0.004516634932429005,0.008582438701904085,0.0994245791511727,0.009125916670360126
258,3200,58,False,True,0.0009843159677463838,0.005477781326948498,0.00024761365029856797,0.005478469710378447,0.005956473513614348,0.005479989094919289,0.00023144285642435819,-0.003344717608133832,0.003713187467465051,-0.0021755818487644535,0.003718563936316279,0.08651226226745859,0.0038085229750763755
259,3200,59,False,True,0.004098344842978937,0.005332798599408034,0.0002471933587363194,0.005635582668326352,0.005616270672635914,0.005160465224570346,0.00044660473656215694,-0.0027383089389620106,0.004539323112438521,0.0001915130562650358,0.004514973739390751,0.028942972095555693,0.004855278781755706
260,3200,60,False,True,0.001751626269073231,0.006167323680184705,0.00042182437942585896,0.006166879261930349,0.006646020471133115,0.006104910413329921,0.0015915222171604953,0.0024511746388436507,0.009827635565613769,0.004358961195692072,0.009828003200250972,0.11841995107827838,0.009991831403019305
261,3200,61,False,True,0.0001772679669985481,0.00516444598105847,0.000303025699188554,0.005165397037003778,0.005405504982754439,0.005141742371725746,0.0006620525890133322,0.0016125227311461765,0.0061152614720183605,0.001961218579693072,0.006107850018323955,0.09729182433406373,0.006191784770571002
262,3200,62,False,True,0.0014217890041427741,0.005259110022071611,0.00035124431554898957,0.005260575220711423,0.006240478000610266,0.005286801938550932,0.0006272832039214528,0.0002268704509236562,0.005206376494256233,0.0012920335241587682,0.0052055448628809484,0.10330658912982323,0.0053020789897988835
263,3200,63,False,True,0.005475423328440274,0.0055023742068053185,0.0023782549588036747,0.005502235025085019,0.005912153251759486,0.005453810188443898,0.0023667930185988584,-0.0012822712818999593,0.00921128174521554,0.0019686726970698605,0.009211693087245952,0.1457318463512748,0.009350705833069448
264,3200,64,False,True,0.002084763034591523,0.004853030458256973,0.0003963328759080646,0.004877862940039575,0.00550539309151863,0.004739839608778051,0.0005493726810864915,0.0012753962218173811,0.00667161270963005,0.0030643166910597954,0.006663757335113765,0.08169915169474094,0.006823747246779435
265,3200,65,False,True,0.0013620041685228287,0.0048389677827459015,0.00040745368314189007,,,0.00485334355608415,0.0007395070521296804,0.0016147710634827623,0.007456800202137597,0.002935961011775977,,,0.0075502247598737415
266,3200,66,False,True,0.0007890049388811097,0.0052478458530861825,0.0005361137149522806,0.005247678244813031,0.005706606980389026,0.005158144939681969,0.0007997662853556255,0.0007188905931144457,0.008384001354431679,0.0012711288107834235,0.008384037623588511,0.03622171102627856,0.008536394757064691
267,3200,67,False,True,0.0002867817416238969,0.0047665715037847585,0.0002446018771087621,0.004800558350772502,0.005487533818715972,0.004801529364993774,0.0004860635037033957,-0.002795176632093736,0.0012323778038949307,-0.0024168429099358664,0.001246828880077242,0.06993900787212151,0.0013251560866904544
268,3200,68,False,True,0.003855659702893905,0.005286793262479269,0.00034346074281761495,0.006823215724508935,0.006168913386854052,0.005285803633235293,0.004713013947392796,-0.0012923070627027463,0.008175676236831127,0.002798984085044954,0.0073745816971087135,0.1372446627969154,0.008266725276268594
269,3200,69,False,True,0.0044649466923664186,0.005061563380731432,0.00030156682732500654,0.0053800326754658455,0.005705302707864588,0.005053978746078794,0.0004929399494254655,-0.002124661080347721,0.004870870772418918,0.0010978594834082942,0.004818748767623262,0.0384926014394683,0.00498954495402687
270,3200,70,False,True,0.00033980340030107393,0.005129857544156307,0.0003172130441052828,0.005123340688072523,0.006288946053920246,0.005131960852423147,0.0005868271730031699,-0.002280596786419219,0.004564843120688078,-0.0019596536994599214,0.004552396290570595,0.06509269178910009,0.004650676747948709
271,3200,71,False,True,0.0013612423133431142,0.005635173983335463,0.0006615637084064135,0.005683753389283927,0.005620749499737141,0.005506517221988342,0.0008194879937645904,0.0013525723131601792,0.008268844317398258,0.0017322320793449809,0.0082314484668572,0.06492276461039094,0.008371516971551404
272,3200,72,False,True,0.003236639920905668,0.004510959947114101,0.00022815932352405016,0.0045456714072420025,0.005009567777449564,0.004433381287797144,0.0004447956985497629,-0.004068962090281338,0.0039582277467615865,-0.001435705060062754,0.003950943858299496,0.042755126393480086,0.004103428340828774
273,3200,73,False,True,0.003812519567586753,0.004988555068234481,0.0049359414105426686,0.004991011593437175,0.005543996902351387,0.004885265414901138,0.00051843286913606,-0.00192152996381244,0.006731271163676347,0.006951091940537298,0.006725166375442307,0.12029059130029349,0.006945629354194183
274,3200,74,False,True,0.0016902619015826239,0.0055767086485692145,0.0006437633123823068,0.00558093475775157,0.006000656314520552,0.005465365880060763,0.002575561876129396,0.001453902660974875,0.007729886751692199,0.0025408772897215913,0.00772406533036893,0.09171022734450691,0.007942158418443243
275,3200,75,False,True,0.001651878881871258,0.00457172174225878,0.00046072264679842704,0.004571362636857438,0.005096396160512429,0.004570836707336577,0.0011083466447739253,-0.0038123978422767656,-0.0004157275030401664,-0.0029024906784057124,-0.00041593312351336566,0.07830175625520765,-0.00032917070044870267
276,3200,76,False,True,0.0016054307412644456,0.004555712168587811,0.0001845435964159165,0.004558317737239189,0.005253769727058949,0.0045658648185172524,0.0004827594395933081,0.0019599870798870985,0.00833830733725959,0.0035359655888868103,0.008334471541076471,0.05771965148452308,0.008452010588930137
277,3200,77,False,True,0.0036987417983890625,0.005334817360866922,0.0006346597540203125,0.005842252576878151,0.006100334616466257,0.005292802237003081,0.0009235616049737362,-0.002894425933553677,0.0023813611376244203,-0.00018246546513022308,0.0021082135817664495,0.03704685925995289,0.0026003898821162635
278,3200,78,False,True,0.004771029455949652,0.009255558161570459,0.00048094344224765094,0.008478919790622114,0.005939423679260876,0.005251795029555113,0.022730995935277377,-0.0015248672073698384,0.007635252027044715,0.003113232426448479,0.008011477661190298,0.12435954038051797,0.00976555060681572
279,3200,79,False,True,0.0009407277132766046,0.0045973065303213205,0.0003027008393785162,0.004614616718295442,0.005309412564068829,0.004600436384095475,0.0006665163762410595,0.0016147355220052023,0.00830311793966871,0.0026987176561170233,0.008285013625517248,0.07439711255248388,0.008404349301943587
280,3200,80,False,True,0.0015724708535365447,0.005666259174237125,0.0003341455331989577,0.00569483716194752,0.006521285201859028,0.005674164797763054,0.0013895055958473648,-0.0005710204316072324,0.006565883953342499,0.0009627885548209224,0.006543480965173352,0.03379992206364754,0.006666707340616931
281,3200,81,False,True,0.0007435685354650197,0.006015527311405315,0.0005410469857260298,0.006012480895486244,0.0072426637307036615,0.006044890337498253,0.0006437162888709551,-0.006435445894183791,-0.001969954527040283,-0.005844624235612799,-0.001970602104778809,0.03134860222948579,-0.0018862960875575818
282,3200,82,False,True,0.0035706666924645797,0.005146523249348829,0.00034879193555133485,0.005180181053730447,0.0058893288366785035,0.005122819783302885,0.00130948531650231,-0.0025167213677426987,0.0038770392193518788,0.0003321370409921337,0.003806076844160895,0.03870833088675449,0.004015080689729583
283,3200,83,False,True,0.0025065521395976516,0.004404446403078358,0.0003481722754110108,0.004432862169782594,0.005226431604496098,0.004416763428925375,0.0008033227974882491,-0.004606781283173028,0.004374479542915619,-0.001719639430113428,0.004367374311215695,0.04520030148863846,0.004534244719237995
284,3200,84,False,True,0.00042560469087788496,0.00481731871331314,0.0003125024582345702,0.004813819527615616,0.005447194466317486,0.004814178515079336,0.0019836932875173163,-0.00398919938877624,0.0026840540190448438,-0.0033928574786921085,0.0026808597632165744,0.09501226466420375,0.002766014508560205
285,3200,85,False,True,0.007197730728378632,0.0056164240027193535,0.0007296192628142677,0.005614815149731889,0.006899078753002277,0.005667718890386607,0.001615080156233793,-0.0017119966963064482,0.00828684190444152,0.0036673821048421222,0.008285325840511764,0.05333720572488563,0.008376427033166628
286,3200,86,False,True,0.004746283479443499,0.0054807871670589205,0.0005152846378398288,0.005514415823709658,0.005899343557667527,0.005465738063019085,0.0008086924849073122,0.0006009673205532296,0.0071507533348928835,0.0038346313797927114,0.007116773656125996,0.028968413416221885,0.007237316624625359
287,3200,87,False,True,0.0003406389280418706,0.005457637741025101,0.0003323502088243877,0.005457171359387833,0.006432253880054749,0.005413947959624661,0.000513496400986846,-0.0021978710998399598,0.003695529279175318,-0.001721003840637778,0.00369592279588419,0.052142807799368675,0.0038737843142938877
288,3200,88,False,True,0.0002549726871185146,0.005693101366798703,0.0003211607302668271,0.0056930415171866046,0.006518493454717018,0.005693235198521118,0.0005112496003597952,-0.005163933349280155,0.0001572312343600224,-0.00466189942895137,0.0001572474362066423,0.10173761085516862,0.00023670509543652352
289,3200,89,False,True,0.0021850187985080895,0.004798315925422633,0.0003188448032659484,0.004804049144849217,0.005593045785507831,0.004787610703600744,0.0005631089317130924,-0.0003895687088982746,0.006031732518161093,0.0018639605647055456,0.006022145922197986,0.0974695104578735,0.006137345214616327
290,3200,90,False,True,0.0008565097924649362,0.004933904205356154,0.000189684795257024,0.004910869818355353,0.005327434113885893,0.004628021371059669,0.0003062645427321622,-0.001368376589908571,0.0034907671798355723,-0.0009982868145619996,0.003462104255381675,0.06703041100491362,0.0038238065286805706
291,3200,91,False,True,0.006658473793113947,0.00512478426322763,0.0011330206504477503,0.005229868394701083,0.0049272160517051765,0.004900916094073781,0.001542027240129157,-0.007083593047588235,0.005716843794533126,-0.002431723308828207,0.005624711922988155,0.03293752348188102,0.005949180973232673
292,3200,92,False,True,0.0047903323670963165,0.005195708251983302,0.00023347170053030178,,,0.005092288597508974,0.0007118453821057278,-0.0010389357115975733,0.007616478317895528,0.0026661741032345736,,,0.007767411989692427
293,3200,93,False,True,0.005752020006208103,0.005558475280891853,0.00043032011108691396,0.005557928292292529,0.005338780709304227,0.005071717592925884,0.0006930472731458478,0.0015064116086501763,0.01261382247993371,0.006822942487756115,0.01261422222753165,0.10181362972896314,0.013168521244956807
294,3200,94,False,True,0.0030657079392397437,0.005800493936461763,0.00030827786693525197,0.005807715449666881,0.005705230972465486,0.004969883729803515,0.0011884936472187527,-0.005420442765399779,0.00034126116816292297,-0.0024463126279424987,0.00033891874003669995,0.04059228366996065,0.0009884543643124966
295,3200,95,False,True,0.0005235489818043434,0.004615432964402692,0.00043327170310464535,0.004615697962485862,0.004633601430004581,0.004532140619671452,0.0006792924528676713,-0.0021908124689935275,0.003858812228855317,-0.0018368221801820172,0.0038583368144115226,0.05055602651821232,0.003966462620755784
296,3200,96,False,True,0.0007624071415647938,0.005649340775438665,0.00042723202439046306,0.00565587479314831,0.0056435392854889185,0.005223516666803785,0.0005587567826203367,-0.001173703230717788,0.00538307897324124,0.00018927922788489622,0.00538142314265162,0.17557891779567608,0.00582573438060624
297,3200,97,False,True,0.003685195676029629,0.0053728333423640005,0.00536432084061391,0.005372043716290547,0.006064109680421498,0.005281447875697671,0.0005472923971047354,0.0007895861563424428,0.010102666855586123,0.010208094157347936,0.01009801356614469,0.12393691100555394,0.010268062909776499
298,3200,98,False,True,0.0018098913208567753,0.005096211621737769,0.00026051562579491156,0.0050819776501315065,0.005673274229114558,0.005090285765903838,0.00036863722075387975,-0.0045501574443004055,0.0025799819927828337,-0.002104735170805737,0.002570846352955609,0.09157741663759073,0.002652374338774882
299,3200,99,False,True,0.0039038038145232357,0.006357484682299349,0.0003981978701641409,0.006359105383468986,0.0067768683547337425,0.006101282359969456,0.002198244090774542,-0.003574390581629433,0.007063101565834309,0.0010174804582945187,0.007001294244693241,0.05466697308554764,0.0073168844776164005
300,6400,50,False,True,0.0003744396257061275,0.004737560848179233,0.0002709990760986187,0.0047428434455035065,0.005444264458583805,0.004747118693665006,0.00040495219589070533,-0.0021257143281637166,0.0017440313591079893,-0.0019295644574431532,0.0017386805350241019,0.06235856224978299,0.0018116715481952539
301,6400,51,False,True,0.0010378880044095522,0.0048962630201904375,0.00023494674571226742,0.004896364334440238,0.005651545111728452,0.004909730095039956,0.000299949522102558,0.0013530808611019345,0.006986950622448838,0.00266900861664366,0.006986357772088994,0.06461368213856067,0.007029748966593974
302,6400,52,False,True,0.00032793026523269473,0.0049556401509227984,0.00033935877431237745,0.004955515421030671,0.00555507326356641,0.004955957562457558,0.00031020460880659727,-0.0033775667622007993,0.00019866677939170074,-0.0030741525247971234,0.00019856565519521752,0.054339232336365874,0.00023777789879048106
303,6400,53,False,True,0.0015101732698660953,0.005337975784383462,0.00026035391966961797,0.006161802866956997,0.005744124554078283,0.005122387089651574,0.00030861534921772064,0.001993648967648402,0.008904687973943429,0.0036509145377457597,0.008444143797180548,0.06649599772835918,0.009162849962232517
304,6400,54,False,True,8.724462965773828e-05,0.005248338586596298,0.00027145041343462823,0.005247301068824904,0.006071075389449339,0.005270588519952769,0.00023809336750449896,-0.002530135503042446,0.0022511242376833,-0.0021123975371088377,0.002250141805805086,0.04095746960019156,0.0023012797645785427
305,6400,55,False,True,0.000816321059774699,0.005210795023431226,0.0002695031931961059,0.005196982650315124,0.005734938474272635,0.005218046288517808,0.000344949197404509,-0.005980304941542433,0.0003665196222257805,-0.004510107907414207,0.0003613766130184004,0.21898966630355765,0.0004068882458631573
306,6400,56,False,True,0.0013246538685747053,0.004630298527803785,0.000250507566060911,0.0046301512983536845,0.005573750780093468,0.004642960232160606,0.00045874797403579355,0.0013479984003868096,0.00769645952424634,0.0024284585955536425,0.007696380405691361,0.05326988956822056,0.007773779352058446
307,6400,57,False,True,0.0011836762127458798,0.005003038291473495,0.0005143451619563842,0.005495777019348153,0.005366375148926534,0.004990883785839136,0.00032255626074329365,-0.0025702916095932033,0.003946022146102468,-0.0010427499910713443,0.0036212706509782854,0.010833463726174185,0.003984314764623173
308,6400,58,False,True,0.004117355570209914,0.004838510088934231,0.0007637045656772646,0.006099727427638721,0.005660916047816551,0.004783106264279822,0.0030708296682783213,0.00044712764688335696,0.006582161406495004,0.002621158332548905,0.005589377650506311,0.04741840030672208,0.006630604533232942
309,6400,59,False,True,0.0016622801433829623,0.0048730516584083615,0.00020577735280474351,0.004859237794336871,0.005524772308801013,0.004856631661636974,0.00026907516715004497,-0.0017021757537796756,0.003930697814518514,-0.00029787155768896376,0.003934872395087065,0.029609405099531506,0.003976537775801495
310,6400,60,False,True,5.9664846802562414e-05,0.005068445399660292,8.344286876243275e-05,,,0.005066402214102318,0.0012468828786803545,-0.0024694591839074832,0.003207316393533759,-0.0023067878678300403,,,0.003250141686255023
311,6400,61,False,True,0.0006812557918848392,0.005202533077319385,0.0003041885822228697,0.005201286631744708,0.005749411328375443,0.00520494833183298,0.00033364704293444177,3.020616539169435e-05,0.004922166813893636,0.0008685397134043716,0.004923788920804864,0.06427760527525557,0.004966103594822635
312,6400,62,False,True,0.003853917895155635,0.005164812612358176,0.0003361174666070757,0.006487505327706713,0.006071080635799917,0.005127518131463318,0.0006853435845069348,-0.002062400816427425,0.007992126284905475,0.000688930817336324,0.006912026619055407,0.06703102902200879,0.008150410174330297
313,6400,63,False,True,0.0008135283231989413,0.005607951663763323,0.00035399027290471086,0.005607594265179379,0.006092707468211389,0.0055943158949121104,0.0018497134188191332,-0.0025329359528519914,0.004087276658228358,-0.0005538022621705069,0.004087503248154256,0.12633638715009443,0.004170175752548022
314,6400,64,False,True,0.00557060768664189,0.005571160875464809,0.0002237099767562296,0.005570525815703079,0.006025617845935645,0.005554636674513949,0.00039075713382915906,0.007222272081638082,0.0072136068922185005,0.0024231849570597592,0.007214393925312805,0.05781898477371865,0.007269730002743363
315,6400,65,False,True,0.002138790943280838,0.005321342623186989,0.0002468018009094463,0.005319855577309995,0.006275495065947548,0.005342068997795808,0.00047798950844498615,0.0014154237078032035,0.008637549653409238,0.0033724275882943727,0.00863440802317358,0.028195000043834923,0.008684750533868704
316,6400,66,False,True,0.0011893771447217857,0.00490814059503725,0.00031682798139931104,0.004907147252130742,0.005456917242953708,0.00484272713973997,0.00022631333019749626,-0.001477678647950712,0.004872332204978029,-0.0003163909422546332,0.00486752757212443,0.0966318535817099,0.004951828076050768
317,6400,67,False,True,0.00038611946620739456,0.004816716585294247,0.0002489669228496808,0.004814865138825071,0.0052804577111088295,0.004808071194500737,0.000328039861358874,-0.0003385916025324036,0.006188521895132091,0.0005869386215994165,0.006198692879332768,0.16819565479609394,0.006242913412529805
318,6400,68,False,True,0.0005186912331182497,0.005356556377644415,0.000323035150560687,0.006748677915824589,0.0065355619563305925,0.005297583776715706,0.00048626717160188507,0.003409106399627574,0.007677305490209729,0.003747342953683127,0.006673241656374245,0.04908453462278651,0.00782050277507497
319,6400,69,False,True,0.0009249608267562617,0.0052950590579596436,0.0003316188663114474,0.005292142861025072,0.006135690832698286,0.00531361381396445,0.00046668720986179436,-0.0024174756948678057,0.0035775626085942135,-0.0010034758517037685,0.0035902328222876356,0.12363598911093444,0.0036490864560960456
320,6400,70,False,True,0.0021624930152844453,0.004740635706095411,0.0006882785319600163,,,0.004761159189991421,0.0004604804530296892,-0.0008498290112182864,0.0032900158574989645,0.0006684686984918517,,,0.003337828259695183
321,6400,71,False,True,0.0006233444956378002,0.00498086375914367,0.00022606894138678865,0.0049866840478474195,0.005853443330337045,0.004982102813354095,0.0013891750671478748,-0.0010016388402591177,0.004617371498293448,-0.00024752304826193853,0.004616546580559131,0.032910373990026456,0.0046988279579076725
322,6400,72,False,True,0.00014204705913672494,0.004870568672169561,0.0001939931817535649,0.004868874337770903,0.005404277088240244,0.004871641369832502,0.00019945475762521946,-0.006946466113232462,-0.0018653196745496814,-0.006896814554471216,-0.0018655306788484794,0.050217360296684284,-0.0018267248560802085
323,6400,73,False,True,0.0013421470622810613,0.005187049085668861,0.000309898549125411,,,0.005123650877359945,0.0004297963060740805,-0.001088420418554741,0.006369815434594344,0.0005998528184672386,,,0.006448101473896739
324,6400,74,False,True,0.0016716425918662536,0.005852913534437012,0.00046809170340271917,,,0.005618942967284121,0.0005484991407248672,0.001051373266180668,0.00885986133001639,0.002760544671837509,,,0.009029110920234687
325,6400,75,False,True,0.001653897948030511,0.004805418669985358,0.0002010834010968205,,,0.004789177333154879,0.0005059938681718036,-0.0009959838883419623,0.005400512799101307,0.00036798342669539614,,,0.005449115951660324
326,6400,76,False,True,0.00382681498284332,0.0050187505674770426,0.00042481278437336227,0.006839855359176767,0.005765057366466918,0.005020740755102007,0.0005273134901404645,-0.003129046768026521,0.0024652968823791178,-0.0007836984490701726,0.0017050019743707167,0.02427637821374395,0.0025037842032171465
327,6400,77,False,True,0.0006361385070329628,0.00512293068322112,0.00027936507007648303,0.005120363751606915,0.005904939426960036,0.005123625142709436,0.00022532993106783662,-0.00830515145680037,-0.001234349493830038,-0.007303068830691193,-0.0012344362920408613,0.06260470372047072,-0.001195279348114836
328,6400,78,False,True,0.0002486965793690721,0.005053589146008205,0.00033178468970236527,,,0.0049977158257426026,0.001236010656058135,0.0017859964603342082,0.005440935049171447,0.0019040988654348285,,,0.005556785349109902
329,6400,79,False,True,0.0007741931171259616,0.004888154662488669,0.0003130827839745403,0.00488818523606189,0.00500907649258149,0.0048524650105996135,0.000600615509457534,-0.000642370234987755,0.005674105442549085,0.0004844272459403165,0.005673896730218182,0.09976601845933178,0.005730452147143725
330,6400,80,False,True,0.0009032493793499058,0.005383874575755203,0.00030067067308225,0.005379206588665331,0.006085844575791061,0.005378576675652636,0.00040525040089530503,-0.002877538229893676,0.002018565671521362,-0.002228999536394704,0.0020167788149166024,0.015421270206430701,0.002058965984922903
331,6400,81,False,True,0.0010718050945809053,0.005026669055047235,0.000237376633207101,0.005026659138150829,0.005885039187035629,0.005033039304144509,0.00047588230204469205,0.00014713689802666572,0.007415322227089796,0.0009557388477974399,0.0074149948001497636,0.04587515497782098,0.007474759626161356
332,6400,82,False,True,0.00016077155649530539,0.004638360992543513,0.00023048896661938698,0.004663328662933774,0.005426096577279228,0.004654412169799616,0.00022270258654173285,-0.0009379845168356756,0.0033763863552426976,-0.0005626179597577169,0.0033598322193454776,0.04091718837494289,0.0034198531905578478
333,6400,83,False,True,0.0019678800075920806,0.005224256247665182,0.0002292160746063032,0.005399622404450093,0.006180458856027055,0.005245013765967782,0.0003811577946624783,-0.00039701255564510103,0.006731027759883101,0.001652411376512292,0.0065768816954534515,0.0644957090291473,0.006796976857984888
334,6400,84,False,True,0.0012940070501737339,0.0055819095643217095,0.0002618085553557929,0.005593577782844737,0.005737504665437974,0.0049354735331578045,0.0011392353605898726,-0.002046389575471849,0.002733128244252132,-0.0009085504649447548,0.002727396620869218,0.041963105153275906,0.0031710737353741053
335,6400,85,False,True,0.0015106892708668116,0.005949569810609987,0.0004419073409150246,0.0059531798634720745,0.006693831152350908,0.00597176828119807,0.0006506655880594133,-0.0032470149576933898,0.0036463998295248245,-0.0013064457866368612,0.003650526633217339,0.07624942510530015,0.0037023336956516634
336,6400,86,False,True,0.0014699523838324021,0.004743029989690484,0.0001759741847819641,,,0.004746757065400178,0.00015444429319129747,-0.0016899235911282207,0.004265095893206805,-0.00044908453611241904,,,0.004306224914645357
337,6400,87,False,True,0.0015101881396968016,0.005433668288100486,0.0003469545413270316,,,0.005443111333522317,0.0003920347916002177,0.0001373197876623964,0.007627933372140401,0.001409855413717107,,,0.007682456925110728
338,6400,88,False,True,7.940254176158169e-06,0.005037314060380232,7.030375189671182e-05,0.005037209658350239,0.005608629628533076,0.0050202392266304975,0.00022404985625960818,-0.00036116628333713235,0.004794245369094909,-0.0003144396467810978,0.004794257421656258,0.095286368072614,0.0048719446146676115
339,6400,89,False,True,0.0006962563916316001,0.005211623761976392,0.0003292464134140017,0.005210353625877439,0.005622560245550526,0.004952370455367232,0.00039130344451796613,0.003791246498819904,0.009643457541883204,0.004346590227049193,0.009645169252854338,0.12112471528476522,0.009881085846897925
340,6400,90,False,True,0.001155649414524435,0.005408921098709432,0.00034507884105844323,,,0.005292355587032244,0.001485073539294899,-0.0007232217519293568,0.005429447711173569,0.00040280313958985777,,,0.005548556617517311
341,6400,91,False,True,0.001274624413285846,0.005219785217925804,0.0002552870334312505,,,0.004902565812118375,0.000847801066988474,-0.0008472902218333475,0.00395346248919175,0.00016729892956587986,,,0.004332685860776564
342,6400,92,False,True,0.002212074048580379,0.005160565159701578,0.0005504065975174697,0.0053288585836430554,0.005611537813616427,0.005036535228148704,0.0006001110699246471,0.00023288795227389275,0.008387698514417893,0.0021857917489550185,0.008337295089583209,0.10977578876419802,0.00849843578706476
343,6400,93,False,True,0.00022849204263193437,0.004867104535456173,0.0003083841084126794,0.004866068680370006,0.005355592858572216,0.004867798862754003,0.0002632823595924038,-0.0035493706418268122,-1.738104569469101e-05,-0.0034860218161359216,-1.762609969620854e-05,0.04324679914630753,2.0884609184271263e-05
344,6400,94,False,True,0.0003618774152739225,0.005273163128657738,0.00011802732823031679,0.0052782059738112385,0.006091573164570763,0.0052876184663543805,0.0002519825832292411,-0.006793736904885226,-0.00019955685776793075,-0.006325278099031228,-0.00021907746015880746,0.07080414923385522,-0.00015929893542251938
345,6400,95,False,True,0.0005347404026701457,0.005430527359792021,0.0004203448436236789,0.005430999627796366,0.006425848596586275,0.005419553794758139,0.0005806399627632854,0.0001860725328383464,0.00463356228981997,0.0003393028605691298,0.004633247849957467,0.07434425124621054,0.004753399102925104
346,6400,96,False,True,0.0007459739240025568,0.005505742644478888,0.0002359999647043572,0.005479360676044824,0.005866802674547392,0.005103840933260772,0.00036880941464607713,-0.0013562993643780694,0.0047389417814936155,-0.00025452039142252443,0.004693283527439025,0.0816802103377064,0.00502742913272182
347,6400,97,False,True,0.0014924787092536283,0.005375091221036362,0.00021334035803826618,0.005378771207096642,0.00590302072026203,0.005320437431493748,0.0005160161671595916,0.00013565031702462732,0.005984454341748666,0.0014892834982048093,0.005985514234543299,0.07119819507919824,0.006099461113432472
348,6400,98,False,True,0.0013262292937124497,0.004469695334082062,0.00018878627491777066,0.004461416709237976,0.004891430711895327,0.004446055737642189,0.0004394188874128874,-4.9300300663901456e-05,0.005966534335420289,0.0016777394849380386,0.005971210923804922,0.21880174138354455,0.006056532875081941
349,6400,99,False,True,4.344559104290891e-05,0.004750290902370288,0.0005049522620255928,0.004749599261972707,0.005118765349663301,0.004747492111776694,0.00016686522558080288,-0.0034382602173187136,0.0013453054087393212,-0.003142424361763157,0.0013413534901421543,0.0284373663419988,0.0013877971610908174
