,n,m,use_location,use_scale,MSE_wellspec,MSE_misspec,MSE_surels,MSE_NPMLEinit,MSE_NPMLE,MSE_thetaG,MSE_EBCF,SURE_wellspec,SURE_misspec,SURE_surels,SURE_NPMLEinit,SURE_NPMLE,SURE_thetaG
0,100,0,False,True,0.030982801217206566,0.005885555679499181,0.014175814607579329,0.014031539617844795,0.00847475769023717,0.0058851743961004,0.016550984401665084,-0.029444834553710848,-0.016047718934403134,-0.018411711084824204,-0.019922731266381194,-0.01503431132519065,-0.01369403879258907
1,100,1,False,True,0.043996571721753995,0.01590853267596308,0.004211604929855468,0.01590915915631998,0.009256325858670256,0.009115530955077458,0.020461818150657802,-0.0161891914945397,0.013274357032598499,0.01230817367493025,0.013273735234519997,0.04389204827302379,0.019716573359287642
2,100,2,False,True,0.07004992711805907,0.016388732275087275,0.0049565375398306424,0.01639958119496074,0.009212241348140061,0.009129381175778164,0.028406543507837813,-0.03250291298321249,0.02639059866643599,0.0261100102476277,0.026387997368538266,0.10655249078769424,0.030385020206643923
3,100,3,False,True,0.038888170402798405,0.011019734685269813,0.007252013869714676,0.011019300476920558,0.009753780315328905,0.010079364037432476,0.008390979171808956,-0.04933771072194443,0.009243909489791377,-0.019777955687123115,0.009242127878227748,0.14283537321875814,0.012337384603139365
4,100,4,False,True,0.061536196039721124,0.046777908801679854,0.025709477538873246,0.046836428258753365,0.05066084171121418,0.011338078357054393,0.04273943021651693,-0.04453038439575614,-0.006941494756429059,-0.010883443509353292,-0.006944315468460083,0.20152200216756683,0.03252842236077713
5,100,5,False,True,0.03913519186941445,0.015325762357764016,0.00036427190286639747,0.015312419227577971,0.011717569049163252,0.006319902754446776,0.010654373667556156,-0.03603288876939869,-0.004110820067115846,-0.0027797123725615404,-0.004112434795414029,0.03548154990688616,0.005498664958884389
6,100,6,False,True,0.013491311492619385,0.008792846528822092,0.007624295852793284,0.008793308538651184,0.00954280783812907,0.008792928154926757,0.007433494504762592,-0.020745229861668095,-0.011652960030360742,-0.013167168933045967,-0.011652524690072177,0.0013321010948015655,-0.009114950988741127
7,100,7,False,True,0.025946890489578493,0.005634391619605562,0.005600504731315188,0.0056308309746077425,0.003629975249126545,0.004600236886610421,0.008615448388860445,-0.012795890400737432,0.012914228015546172,0.00295235836652441,0.012912899346071658,0.05798976156479501,0.015398041427843914
8,100,8,False,True,,0.03241186922231497,0.02653482822097018,0.032416700897772405,0.015828671205467482,0.01606359014921857,0.05047686251952389,,0.0441738657533487,0.008809638653482004,0.0441713914038386,0.10677566152070966,0.05345447030230749
9,100,9,False,True,0.06589574868893801,0.0038264041148779533,0.013136956227253117,0.0038226234325522603,0.003596852748510444,0.003486360195336608,0.025254791984379837,-0.034270895624875085,0.016272513039917058,0.0006954744726131335,0.016272210836350835,0.022037662414533157,0.018558119453832816
10,100,10,False,True,0.04684029330807633,0.01401984113767136,0.014500318688860132,0.014021118753914675,0.007518736887037286,0.0065526050891508755,0.016942752548458725,-0.016870991249534693,0.027133436966419407,0.00817573621581889,0.027132646664164907,0.13625117751347632,0.03276476678476124
11,100,11,False,True,0.03244774213225727,0.007552151929259156,0.0010871313040716221,0.007558622597693177,0.006164510322644117,0.0036805484715984604,0.011616239903127082,-0.03494597203727968,-0.008957965101372754,-0.012007851136369787,-0.00896011897101209,0.01519223083243002,-0.004307397244115899
12,100,12,False,True,0.011984112133887592,0.005171838028394406,0.0007387324464776301,0.005171956326243954,0.004769045738872123,0.00517174440120503,0.006084640369068051,-0.03688254141443664,-0.022138547244006438,-0.028645852716391258,-0.02213915872895587,0.00853905305114088,-0.019628627092062964
13,100,13,False,True,0.028293204322354784,0.006259346049322597,0.010073285703793601,0.0062597524606353375,0.006508136274954132,0.003969406296178745,0.02447114303439763,-0.01352820365230381,-0.0012739776850992258,-0.0013878421397268204,-0.0012745807978256707,0.008407299661495955,0.0026416487318328824
14,100,14,False,True,0.043400878068012974,0.007198860945316224,0.00465975343727252,0.007199413226544258,0.004826986868043566,0.0035107933163228792,0.007805458584353699,-0.03194724672076064,0.00699471268134376,-0.006204554448592998,0.006994536727974144,0.13907573283194982,0.011456525818028307
15,100,15,False,True,0.024259449790355662,0.01485981026978558,0.008186683655503582,0.014867174078919592,0.009633386779081965,0.007637131029486338,0.016430187706575148,-0.0012712507893450652,0.02060927146222605,0.015210544418634299,0.020607603830823537,0.08035644205224181,0.02635056649280966
16,100,16,False,True,0.024690710914100408,0.006203759284037494,0.0016892985445320008,0.006203892023950632,0.004952703254596142,0.006203584251188206,0.009652345160531617,-0.03292585434513528,-0.005503436567612425,-0.012578261829540357,-0.005503765716597684,0.010099343946709798,-0.002914950725539378
17,100,17,False,True,0.0007895379277606222,0.003268554568102191,0.0007842451963768428,0.0032681457364829684,0.004843114852293025,0.0032684214767872196,0.002071967285437408,-0.03722867940213331,-0.0315886422974425,-0.03694445292455532,-0.03158915743122906,-0.031191095571956744,-0.029198646311107093
18,100,18,False,True,0.00853946113956831,0.007453180719658999,0.005446223719765993,0.008375154520936715,0.004922210599932655,0.007448930863411009,0.007712461468474904,-0.05953374689560688,-0.041681541864822265,-0.05500966310305506,-0.04206850066111235,0.0185230559247262,-0.03919027126217492
19,100,19,False,True,0.06167477244194403,0.008635138372226764,0.008455376407670592,0.008548499784488801,0.008915540595971192,0.008537376144611789,0.007568257165236773,-0.035943225284291225,0.013054402116551352,0.013286920482014278,0.013284622014957819,0.15401991431507395,0.01609519996345332
20,100,20,False,True,0.005422036557641507,0.004489028958725559,0.0043594276088881724,0.004488405840690584,0.003364241078905194,0.004489001101489685,0.0056070203013553616,-0.011108698615241415,0.003907657130596256,0.0041801025873662466,0.003907965388387798,0.17213715863720558,0.00635135021167961
21,100,21,False,True,0.00857855266653598,0.003495943319295338,0.00308874095770129,0.003495950603657616,0.0035945429042065808,0.0034959084590294297,0.012943860634531571,-0.021379698264966284,-0.008467956182040624,-0.008481126872600485,-0.008468366793616174,0.06558118929971352,-0.0058997465953220946
22,100,22,False,True,0.018382810772262323,0.006825335613071424,0.002174130026442183,0.006825448387995044,0.007362024443425849,0.006825189970274377,0.0021239151486414074,-0.0567429405953025,-0.022730757892004193,-0.03798022465108369,-0.02273106735929355,0.05287981558774099,-0.019994359382102006
23,100,23,False,True,0.02862225329201326,0.02421102218576099,0.02102822668682112,0.024210884364597254,0.02891270681078302,0.02421089233883102,0.041405671574711915,-0.04886985390754576,0.020300853687634783,-0.04389317659440121,0.02030128141378576,0.17373313300686558,0.023010253042344914
24,100,24,False,True,0.011750284857926879,0.005491985132765793,0.0012837298182769305,0.005491881914283923,0.008019392296209552,0.005606989851190277,0.016476926449674627,-0.006078369599477198,0.002610655692874069,-0.0004680527203047036,0.002610189370584948,0.016045672158002445,0.005205732592508852
25,100,25,False,True,0.009126418774118272,0.009392069703269106,0.0027084734870523822,0.009392076870507853,0.015508039391531362,0.009391885176665537,0.004147859507621144,-0.0442263626530185,-0.02889755687062673,-0.039861106170097665,-0.02889756976654965,0.06017006275825618,-0.026116722094304864
26,100,26,False,True,0.02052879649531076,0.003938024085919826,0.0003741882952121806,0.0039380803682987275,0.004606592308736212,0.003937859471961258,0.0030826456629929194,-0.041263576579398026,-0.019905519383264868,-0.02189705828464221,-0.019905855342802887,0.007102491833110509,-0.017331444974859278
27,100,27,False,True,0.010487479278789407,0.004564828943849308,0.0024997649128720985,0.004564869701109923,0.004985967308821806,0.004564787217024743,0.016105531526664003,-0.014068017566839406,-0.0003129404822650095,-0.0003384663091912743,-0.0003133607998336707,0.0006371585633524824,0.002050534318968511
28,100,28,False,True,0.015261100483379354,0.003216376646979609,0.0032074720775501385,0.003216218581584395,0.004297932751228304,0.0032164183730011894,0.0037012187440551734,-0.02612211177576617,-0.010216196179636974,-0.009925596364454814,-0.01021597692668518,-0.004421407018505086,-0.007892573600912361
29,100,29,False,True,0.030243733702458628,0.005611000880097172,0.005258729396416409,0.005611188289096335,0.007894080758810781,0.005610921800198391,0.015146714429283906,-0.046407202933619544,0.0011962405632258745,-0.01907743253910802,0.0011958381000747842,0.10574629772289301,0.003657424599167361
30,100,30,False,True,0.030265785923536653,0.026405111518274942,0.017585216714602687,0.026402548280210145,0.006038851421341779,0.005822212229210482,0.01191953628568983,-0.0002748098124120979,0.016130128586999925,0.002502894157178006,0.016128610023159275,0.034109289360426995,0.02703022084368653
31,100,31,False,True,0.05253975875668385,0.012975726751630372,0.019375220343001785,0.0129787803405056,0.006553445808048222,0.006640254673142565,0.0339223566966753,-0.01961698172870297,0.03377221057846842,0.010643608301009933,0.03377065714026292,0.17370860891826598,0.04017179955004059
32,100,32,False,True,0.013614373007839726,0.007174003822045983,0.002776039148272843,0.00717405352098592,0.01075996418944244,0.007173829479914976,0.004915579855266596,-0.04186232559812383,-0.020086364292048006,-0.033654388746646995,-0.020086772708113525,0.03435128705974691,-0.017522317470618665
33,100,33,False,True,0.01787035331297727,0.005255766412415636,0.01223877739653379,0.005255782420182726,0.0038630158252934955,0.005255562159844889,0.008272792045069786,-0.021204292492494118,-0.00169847241282854,-0.015476387618951584,-0.001698547087724851,0.07217565974552381,0.0006206927008955976
34,100,34,False,True,0.015751822736899995,0.009132615635301695,0.0018422539356826478,0.009132844193861166,0.007067459401608931,0.009132459034484262,0.00811698736426706,-0.033766863515917026,-0.01673752997315745,-0.02418898524217214,-0.016737726724184904,-0.0008040044551558445,-0.014248416496715405
35,100,35,False,True,0.013583523372966224,0.010336158997399914,0.00644807189674162,0.010357893145084349,0.014882207888509776,0.007566627781834709,0.014707279013157035,-0.0032706733114103125,0.01168731726128261,0.0135217321066635,0.01168677671978985,0.1055209487204097,0.015978454483399643
36,100,36,False,True,0.010054607255026137,0.008425319809666175,0.004874370354217176,0.008425075864961789,0.005601664371985294,0.008425084082973098,0.008704537141028762,-0.016221630184413898,0.004148883256449842,-0.008477572020304826,0.004149097720065136,0.16711198455991585,0.006611984054779266
37,100,37,False,True,0.03965530540687854,0.013263054898028868,0.007677023214785217,0.013264016675546395,0.007921843018834543,0.006614671240290357,0.00669599152591855,-0.029901128543595154,0.005118438141096871,-0.00410041214658753,0.005117682920749936,0.06374170558011417,0.011288184094228687
38,100,38,False,True,0.040009007921947816,0.012198242822450299,0.002916075053116746,0.012204392849696122,0.008567231072273064,0.006419669662995498,0.02815397630905972,-0.030690813215522736,0.001089510508125784,0.002402058128023351,0.0010877544628672454,0.004275180675439341,0.005822879286274479
39,100,39,False,True,0.013197778192212373,0.010722721685764762,0.0004190146052774725,0.010719979224456245,0.006217016504993813,0.005993574742535613,0.00965824045474373,-0.012793017138826898,0.0033118008711433334,0.0023648578544486908,0.0033113539275607985,0.10558647842608153,0.011141614610142916
40,100,40,False,True,0.008477543672115381,0.004705125602819684,0.0017425422471240388,0.004705259587289404,0.003182944579535754,0.004704955360726075,0.009992501257743284,-0.019675532379001374,-0.011259527382805138,-0.014683715804810982,-0.011259790109413786,0.0324687229533583,-0.008687456358295473
41,100,41,False,True,0.03115313131868301,0.015962801156899437,0.011403665501962985,0.016231994070188514,0.013970979153739134,0.006895537132491304,0.033190500411880854,-0.0268106423751747,0.01386394332364521,-0.007145524101156929,0.013928400749248854,0.12721496730510942,0.023185774318134206
42,100,42,False,True,0.022645746318862115,0.0062663012119359065,0.002141300638230198,0.006265974406118927,0.0059394713105684034,0.006266318728315394,0.002720393448546114,-0.05430339431673385,-0.03293980972884892,-0.0342354547700822,-0.032939718632333664,0.017656927176633665,-0.03036843893366073
43,100,43,False,True,0.012902933848929108,0.0050457506751867545,0.002933413834358166,0.0050457892337831675,0.004868180087836257,0.005045620249086899,0.01960750566644894,-0.01749930465086445,-0.0015687281784232533,-0.011937742681261456,-0.001568890998083692,0.07603662966534057,0.000954079350541176
44,100,44,False,True,0.012292688184283926,0.005504226185122903,0.0064690782151530825,0.005504258099065022,0.008133573864660017,0.005504094385021767,0.008436884568019415,-0.03789569663562955,-0.017417340940972696,-0.032085601299486,-0.017417861065156224,0.025768334700210893,-0.015005461494730296
45,100,45,False,True,0.05572507901702996,0.02162265425258796,0.006011169218488337,0.021633065591528,0.007014102641042051,0.006693656501267481,0.017658838185362673,-0.03673026486368936,-0.00800312300963709,-0.0037574807555600166,-0.008004814225814042,0.0004430640139447917,-0.001318681542216163
46,100,46,False,True,0.01243070135605821,0.00654427540937656,0.002709418086426558,0.0065175330952102015,0.006590251239176044,0.004796886526667609,0.010160971551019155,-0.012959483227934108,0.007516409423391402,-0.0019938599874959294,0.007514085644842475,0.02047356074570967,0.0111328393673861
47,100,47,False,True,0.06589795255880623,0.01424672395143904,0.019657440954409452,0.014291976627013127,0.01114730000385718,0.009883490774976269,0.016802156860414877,-0.023449203095942357,0.024135493373015803,0.014511714187542886,0.024133494620060317,0.05431564735735584,0.028066033154604958
48,100,48,False,True,0.013373882901657426,0.004613479175124276,0.00046222379793065026,0.004613537107418988,0.004929681723768186,0.00461345448312765,0.004136091814118962,-0.03401018877757007,-0.018259958812399137,-0.020779351646340594,-0.01826041776042926,-0.013647682604686278,-0.015763732153328866
49,100,49,False,True,0.01157632129937854,0.0033132223211475575,0.007666957422145726,0.003313214164485534,0.0033076672144907522,0.00331319949701285,0.014840372114107039,-0.03187734646960928,-0.02834482670725766,-0.029262513116327247,-0.028345393512476207,-0.026880113622777823,-0.026086723896224587
50,200,0,False,True,0.036494020128985435,0.003577275946681938,0.00012919094049936508,0.0035860459088001197,0.003843112604099703,0.0035760630889595385,0.0036456147819047767,-0.022085812217920907,0.008957966708973721,0.00641404588764477,0.008959377806395387,0.02476959927878511,0.010147837546891594
51,200,1,False,True,0.006983878170950388,0.0041956119618398215,0.0024854338783233568,0.01525122963668162,0.010689346975188179,0.0041955856205859315,0.003996601703866607,-0.01774197482757602,-0.012868419613608975,-0.013097395857915117,-0.019900903613685444,0.0490456421556601,-0.01165324365279985
52,200,2,False,True,0.031183442775364265,0.005886168171816336,0.0008646614637663387,0.01352220550499491,0.007875525423767434,0.0050313266250244125,0.010801964196127896,-0.012172518133677325,0.011057289485495314,0.008551459476678494,0.00813649699643511,0.1047976383891587,0.013204205247205739
53,200,3,False,True,0.002362466385305226,0.004849921005567537,0.0004523023916731923,0.004850320751642385,0.0046392270417817865,0.004744449388172895,0.009283088593313704,-0.006175888103250813,-0.0012172495369901525,-0.004224278626493465,-0.0012177652520478333,0.06627377953836339,0.00017415327280828619
54,200,4,False,True,0.02752064899482145,0.005984963190954321,0.0003191075954372762,0.007569248734525897,0.007896405471976948,0.005484521057108401,0.012721774031788782,-0.02160897687416968,0.00801644713789818,0.0038871613620461366,0.0070610093035903,0.04174925833320204,0.009707642317224568
55,200,5,False,True,0.006200416243536001,0.005892725348711679,0.0016725242426241995,0.005892613475433861,0.005384574712839537,0.0045088714904299755,0.0029194442493371076,-0.013974784796247548,-0.002886445410699654,-0.011361802156062351,-0.0028864902481742583,0.10700450761500666,0.00016640845581761265
56,200,6,False,True,0.027563588070506233,0.02116464273984953,0.01030240626911769,0.021123710610880576,0.004686427210020484,0.00399557808444049,0.00407621737184871,-0.01166189157550322,0.007910866542588782,-0.003297821816886077,0.007910554790562508,0.2205489656979187,0.018805158469007696
57,200,7,False,True,0.03459679844272981,0.010247693172478504,0.004858521269542199,0.010255423677013027,0.005708761300561968,0.005953421863385912,0.007009218238776075,-0.03047566069363534,0.002689162256579163,-0.010388366546856698,0.002685961509201338,0.09260482184948497,0.006053479677162507
58,200,8,False,True,0.008515911485313466,0.006737987874596088,0.0034924102887042845,0.02694748240656422,0.006531192190487337,0.00673806554066854,0.0070983747974613836,-0.020099790742137715,-0.0026806654053713784,-0.01521702865585466,-0.010215842297454624,0.1375454397948568,-0.0014076011305475117
59,200,9,False,True,0.00513826811524185,0.008109795269372683,0.002991889170750386,0.00810983091499825,0.011189953606715299,0.008109696034568709,0.004910658119485782,-0.03173959648197326,-0.02474559623971995,-0.029457146910343398,-0.024745985897072664,-0.011956078136286533,-0.023477965522685523
60,200,10,False,True,0.029648914955418562,0.010260172948481566,0.014903667817631867,0.010260667887696938,0.011644169884109762,0.00885976341037156,0.01107006754846417,-0.009900326089800128,0.01569230124887117,-9.2681280541842e-05,0.015691971539627918,0.07466328359937047,0.017462035608156803
61,200,11,False,True,0.008888041451479888,0.006287155179361858,0.0014166910675021303,0.006287219643042483,0.0068974303439901866,0.006287071575397079,0.003113987617521163,-0.02809297846916717,-0.014565914961734752,-0.01751983744092609,-0.014566279189655553,0.001439819935102804,-0.013292030313978256
62,200,12,False,True,0.007692418941031149,0.0075575444817086715,0.0035142943911089936,0.007557735803076806,0.008223169013146068,0.007557467489130721,0.0037444825629290696,-0.032341556560086866,-0.008663843581823727,-0.02756081473080084,-0.008664077221738077,0.04078012129517102,-0.007383608303523526
63,200,13,False,True,0.013132631092904442,0.004123867959195291,0.0014004303303782693,0.004115598632986433,0.005209207495651209,0.0038486488460414982,0.0025710663791334736,-0.017750943170089,-0.0004581396615249389,-0.0063895444415901425,-0.00045863677403383817,0.055602445990236796,0.0009474825342670745
64,200,14,False,True,0.004602579990789744,0.004603390830932887,0.0017099960160155089,0.004603371119330148,0.005466314321359141,0.004609855586307172,0.0026361912340345083,-0.0016421923148534712,-0.0016439646024315913,-0.002738177184526614,-0.0016441039288862137,0.02215966612678745,-0.00040843080583798097
65,200,15,False,True,0.0019642176994335535,0.006582686509435638,0.0006675331497126331,0.00658280433586583,0.006089354854225376,0.00658253463410844,0.003043460048851387,-0.030695589753301604,-0.02228430237052514,-0.02795773587260536,-0.02228495361471772,0.039311151765524494,-0.020951673494938483
66,200,16,False,True,0.010784399884711004,0.0034541541632337604,0.0009771264055775958,0.003452454575495339,0.003508925779633189,0.003454183376608236,0.005404240720620434,-0.02146828053240137,-0.01260372214119446,-0.013711537175307455,-0.012602596745895518,0.02131756726269767,-0.011415705133737325
67,200,17,False,True,0.03829318398399673,0.012597098808692008,0.018017421066038434,0.022913653013666515,0.012843183397745322,0.011363907583907444,0.0140752378768954,-0.030266621253065926,0.03214440712487125,-0.011987863441280205,0.02681154697959805,0.30524825872606415,0.03502484645953126
68,200,18,False,True,0.0393880528066417,0.02117846712982637,0.008193890998535272,0.02119149562481533,0.008186505260685024,0.004956914116619223,0.012330689956100413,-0.02060440259394541,0.007447399726477979,0.002456688589529318,0.007443513926496035,0.15665443465065615,0.015176553867308304
69,200,19,False,True,0.026387131845263086,0.015263168737586555,0.015789559347971757,0.015264016501028467,0.008604800174291242,0.006634459057855646,0.014615524527111656,0.0063523854153746005,0.029332139317982887,0.006149757553571865,0.02933091747063827,0.14100176491683197,0.03804003516557947
70,200,20,False,True,0.0003653749206210533,0.00399288109354503,0.0002037164492805272,0.00399185886798167,0.00443067894625106,0.0039927806883164755,0.0023067783406236003,-0.010366351994920291,-0.005539360491848679,-0.00965114837866965,-0.0055388794126044515,0.1322942777987104,-0.00429169876969368
71,200,21,False,True,0.003544841732405141,0.0046884147222050745,0.0015698001416214954,0.004688204859205346,0.0035783196238985556,0.0046883023276985585,0.0026707936443264918,-0.01861876995476705,-0.014677326796651258,-0.017112259490976455,-0.014677305834984864,0.054835178925759946,-0.013455799761393605
72,200,22,False,True,0.03282101829570891,0.004614728879411967,0.0031613953793965233,0.004614472687030285,0.005062174166552989,0.004595597069929489,0.009655689826943623,-0.012355312627891359,0.015939805420775954,0.010560916153841875,0.015939723905275063,0.035745918805258514,0.017332245771217128
73,200,23,False,True,0.003050306394063735,0.005283993568045452,0.0006940809740125503,0.0052840450696209065,0.005516677238428591,0.005283986031633233,0.0021626127786355262,-0.015972236055363326,-0.009215121171812744,-0.011809763475163874,-0.00921550346591843,0.004710129091366823,-0.008001441274364585
74,200,24,False,True,0.017471819483309548,0.004591620635937296,0.0013041966565630393,0.00459187551037482,0.005488425100925794,0.004591679056367014,0.01929154294007756,-0.025738235544152208,0.0003256580597828318,-0.009559427176280342,0.00032543091318782303,0.028597037537263396,0.001580065031636324
75,200,25,False,True,0.012078947920549176,0.0038180628074578836,0.005974738170186084,0.003844003347923268,0.004890661275148217,0.0035795422937618692,0.0041538464846361855,-0.013774872661854756,0.006690900051108954,-0.007118622257556269,0.006680682444847754,0.1266311177432755,0.008117977576508437
76,200,26,False,True,0.0023275469317153696,0.011625166572158917,0.0019434470817158561,0.011626908769289259,0.004779006084807619,0.00597145612816625,0.00522378056568121,0.007458511461283194,0.012531036644067921,0.007608365215573005,0.012530685236234884,0.06448761320091019,0.016302119337174112
77,200,27,False,True,0.02895894292325083,0.007860433949909354,0.0003524367927177489,0.007860871674660532,0.005448487409985286,0.00436448428818539,0.0021060266319732025,-0.02099135021796903,-0.0019105950242317249,-0.0021802455341884165,-0.001911026443151016,0.08900226752826797,0.00210161242445428
78,200,28,False,True,0.030640963840262127,0.012528873320309036,0.0014898866225896024,0.012529135107625235,0.013318018950671482,0.011972067854080013,0.033887363905998995,-0.019364223058732654,0.013300676362135083,0.003964208344994025,0.013300437073106722,0.08935551757510503,0.015124836115587875
79,200,29,False,True,0.029025879089231838,0.013403857541609818,0.00698574978154728,0.013404675969093722,0.009394764515984028,0.010615479690828154,0.011394319910346168,-0.0006931467602838165,0.018104063080138406,0.015367300688499223,0.018103747277013173,0.05839525895930208,0.020312824458091086
80,200,30,False,True,0.012945455643145786,0.005879507204872311,0.0026362147363722926,0.005874333875167267,0.008901805637658841,0.005947433153158063,0.008386093580351814,-0.01582195535051415,0.002132201419475841,-0.0027010483962778,0.002129751990944637,0.034679329471710166,0.0034074069605028873
81,200,31,False,True,0.036369830504081664,0.007085642284107331,0.004612656580603732,0.007085396340623943,0.007175378209605257,0.0070854458147382995,0.01233603572505362,-0.019766852244155336,0.006566744878135112,0.006073669737658831,0.006566297186971468,0.019602623058760073,0.007841638760781144
82,200,32,False,True,0.010281723302669476,0.0041540948902237,0.0052079068763544005,0.004151238484275155,0.00428155763889912,0.004154161359212769,0.00735694087575797,-0.012348022594991757,-0.008520996071971805,-0.008594549309206568,-0.008521173781714513,-0.008422067398901714,-0.007315553577900993
83,200,33,False,True,0.0055271698913990815,0.007993563300292045,0.0009778834508414472,0.007993583018818548,0.00878255061949709,0.007993387260339713,0.009252023601474922,-0.011931107530443298,0.006397601022784336,-0.004965557699222681,0.0063974771009767655,0.17879894733254534,0.007625254590665709
84,200,34,False,True,0.0251922470174008,0.005699058360558166,0.0007364279047697628,0.0056990900447646394,0.0072019175752299595,0.00576406923774826,0.004996444560531915,-0.01796276417217026,0.0038720986292921644,0.0005301728458987054,0.0038718758922226828,0.05834954231484696,0.005190624403223876
85,200,35,False,True,0.03770121549848969,0.020987649358743005,0.00731390732235615,0.020935074045517466,0.009323034543248737,0.008455619259820047,0.012553205588711942,-0.0010870548220519465,0.018819916745324825,0.016931834012577758,0.018737103440826,0.06054600164973735,0.02420148469590877
86,200,36,False,True,0.027397781439551946,0.006784852247082471,0.004191235819520578,0.006784260907638198,0.005011057540028946,0.00562449240393471,0.00469130632203448,-0.009270066312398935,0.020278421940863007,0.014102935411430996,0.020278609239487794,0.08125040241765179,0.02204904134279191
87,200,37,False,True,0.009339708760289746,0.0038868902436641566,0.007395251278271115,0.0038869295892640047,0.004789635868000583,0.0038758803714259464,0.00799473959775964,-0.011514330991698928,-0.0027769791011637503,-0.010080357448396068,-0.002777228727764545,0.038285374861471835,-0.0015946942798711478
88,200,38,False,True,0.05053852320040392,0.012269487578734941,0.008063565120588662,0.036210883988686215,0.012643589613206612,0.010828500827105831,0.022018316865199634,-0.03808818206510366,0.03467626359648175,0.006128516456022253,-0.0011407580574672239,0.19473325986438408,0.03722172370798335
89,200,39,False,True,0.045064965103418696,0.013174877999472407,0.008670272223030299,0.011672606259490941,0.010663781232531946,0.0052016928724851344,0.01367075502408561,-0.014857432156757255,0.014522557671965046,0.00932598296621514,0.015467436285386268,0.034058030805511466,0.021862315877799063
90,200,40,False,True,0.012491832402074032,0.007470779031865212,0.0019183933306104648,0.007470874858812473,0.0069638161838316715,0.007470785789684349,0.003274124744292892,-0.03158011062498446,-0.016406935209746204,-0.018918654198562077,-0.016407451007317667,0.022077399764642038,-0.015065607466694567
91,200,41,False,True,0.009626785403701462,0.00806242322139575,0.004995772635268183,0.008062003772806229,0.007650999753537483,0.007424073271110728,0.01147455329247169,-0.004257840273398682,0.0004717903238867294,-0.0004742624698714121,0.0004703809384402291,0.017296187787022924,0.0020160352717730062
92,200,42,False,True,0.056309704846618285,0.03238513274455665,0.004918770365293649,0.03218264999179549,0.008807324205351482,0.007703012928617914,0.012997914416646356,-0.018245410423086857,0.007797266955325526,0.01625669838023712,0.007796803273370792,0.01777952592701574,0.01790069312684381
93,200,43,False,True,0.005200324293275074,0.004876084328858917,0.003554646202144203,0.004875646851007113,0.005629138091052452,0.004876078001651552,0.015331362874704046,-0.006459175070869685,-0.0016521249189525378,-0.001789043092600846,-0.0016524086377000557,-0.0016488704687967015,-0.0004466068848751198
94,200,44,False,True,0.01838888261805132,0.00853846785528404,0.003099487025419176,0.00853844845630182,0.0056284012747811266,0.0052040030696794415,0.006084118194015923,-0.005708709674938921,0.011800862758169774,0.005318028496501626,0.011801029669698586,0.08077068268888615,0.014437703596862084
95,200,45,False,True,0.004548361525689389,0.006175223854590888,0.0024487004657130816,0.006182406568358601,0.005425916199047682,0.005787612688328203,0.003312971163536268,-0.003679187342143956,-0.0013748167679083069,-0.004758999361379597,-0.0013808728347093435,0.05698745818791439,0.00023341541593839554
96,200,46,False,True,0.0006304814427973203,0.005944033355928747,0.0007302356841798086,0.005944159267382072,0.008352857398592104,0.005944010467186304,0.007728566720169394,-0.014967899619351766,-0.009319849883423572,-0.014943968044404858,-0.009320021019904416,0.026444347744414252,-0.007997122935231263
97,200,47,False,True,0.0411139667629313,0.012196264456250177,0.009081150245500736,0.005736628651017658,0.005629388073652447,0.005151192059297926,0.018051102309398985,-0.01748037393143468,0.014191912436269582,0.010072770345920275,0.015619067139146682,0.03862191010916948,0.0172839524596744
98,200,48,False,True,0.016345561972849136,0.006897648259701406,0.0038241266966541764,0.00689765851793122,0.004002543066608863,0.005958515869313663,0.0052387384704212165,-0.007698428804035531,0.0108309903722588,0.0015710833114706464,0.010831239133543669,0.16809941486006166,0.01226811251538075
99,200,49,False,True,0.004689351903636333,0.003970241357816473,0.0073938432141852865,0.013804798736316933,0.008521022153159193,0.003970160218262266,0.0073694682646852664,-0.02404769967029268,-0.022578197275768676,-0.024544490554358554,-0.027959623264290575,0.02092808633871865,-0.021404831072952907
100,400,0,False,True,0.0026546008820864525,0.005715588262664455,0.001796973148945627,0.00583224497527447,0.006727037942136297,0.005715966545687755,0.0035070096850208176,-0.008741674830552233,-0.00618559584826782,-0.007660428193082567,-0.006274612111621831,0.005714725878561566,-0.005565999527976623
101,400,1,False,True,0.004637297580594632,0.003948677722657482,0.003545484909825365,0.003948792735657404,0.004047919281763334,0.0039487371695216275,0.0018776002477132643,-0.008607224288083628,-0.002799252570855977,-0.0073752734413595426,-0.0027994896459018295,0.03204628056243356,-0.0021833033669252794
102,400,2,False,True,0.013507494873098665,0.008546576200855886,0.0018381365514350714,0.008547315975479778,0.008351127914189724,0.007485783420602885,0.005616503542952325,-0.004523267139263035,0.008953372161903098,0.00698556473754448,0.00895289260045292,0.015132003384440101,0.010154580793316034
103,400,3,False,True,0.01039245995699069,0.008068774175865717,0.0007335140363362634,0.008076079559772834,0.0077753963397719705,0.00539534943616913,0.00361865403966882,-0.006200095361844877,0.007877486163809913,0.0032291210807408426,0.00787406237908959,0.033857902742389395,0.010316794045418132
104,400,4,False,True,0.03437595776138868,0.031366908854467634,0.004545954085836328,0.03135234969984262,0.013936751436666263,0.0076104327656428975,0.007617070444200372,-0.006101933923907762,0.015474033903659895,0.016984122670530014,0.015472067865314685,0.11989319717148948,0.03223206608710119
105,400,5,False,True,0.003612817366652096,0.004847680359340678,0.0005624502163478815,0.005278910450550045,0.005286725324770436,0.0048476394064114504,0.001529413255097194,-0.02345965438858001,-0.017225699807241972,-0.01998719636513177,-0.017401030274205417,0.00019284456549636175,-0.016611839842389522
106,400,6,False,True,0.011346432088691407,0.005009614469342078,0.0009628897784331702,0.005052693599615324,0.006562953874760489,0.005057558639630427,0.005059558533050586,-0.014200308542604652,0.0045565012273721455,-0.002776181853928438,0.004528762685534762,0.03878615195128276,0.005198046292487643
107,400,7,False,True,0.001168914796646227,0.004774201123098672,0.0009415092407604928,0.004774260928816229,0.004887930683169084,0.004774191488815489,0.0018155091875968065,-0.00809281668102511,-0.0062767595307576945,-0.007909821172747016,-0.0062769943727166225,0.031191407338279423,-0.005641849080313482
108,400,8,False,True,0.014449715787915212,0.005029405776350518,0.0006041061709054053,0.005029460770573982,0.004787853705684812,0.00490167965375171,0.003147863507781497,-0.006183040783133341,0.008332379116883767,0.005798685090007361,0.008332205288340014,0.028790823647857983,0.009105649824866766
109,400,9,False,True,0.011792714371862969,0.006967413383086906,0.006423096305736549,0.006970104414708941,0.007685955930144027,0.006393575782432698,0.003176415229057887,-0.006956691873326699,0.019033993039794143,-0.0022331195353314814,0.019032929143691837,0.15949602638029844,0.020147460681496157
110,400,10,False,True,0.00573527837244654,0.0063554432735060794,0.0010956990781798063,0.006367036337675059,0.008026764936412694,0.006163158243512992,0.0030996365484988212,-0.010536737389665783,-0.0009655260869715754,-0.005420712723308062,-0.0009700916521123481,0.09385729497796987,-5.521715724857157e-05
111,400,11,False,True,0.009557797979506934,0.0032144570894959068,0.0007724402335554502,0.003215377964911687,0.0035838999338832955,0.0032031029736833915,0.0012101942462805666,-0.008562618616009971,0.00576518531431546,-0.0006066027659973768,0.0057646988376974665,0.0815114234127863,0.006341573849866625
112,400,12,False,True,0.016518543548154976,0.0070500383343055,0.0025613497873898795,0.007050495682396937,0.008430817095324972,0.006676511560067445,0.00938733703353545,-0.0038432756470135306,0.006358358820992507,0.005815278469417282,0.006357315630924152,0.010541210219153605,0.0076421194602898646
113,400,13,False,True,0.008298774586045766,0.005671773044953793,0.0004751236299622711,0.0056760129600793045,0.00688905656514478,0.003955684295094196,0.003970459129782851,-0.007304737630198586,0.0013462135663041687,-0.0014924383341175368,0.0013435907968165318,0.017951466786497824,0.0036251035872569143
114,400,14,False,True,0.00837084179137696,0.005936344761841783,0.0026720884996966556,0.0059367824269943624,0.005745689864128577,0.005936446300977797,0.0028326650079531376,-0.013394435323873336,0.00885413979702875,-0.005180285533850302,0.008853761286170787,0.1494704374937974,0.009485257677691095
115,400,15,False,True,0.02279327758377582,0.0071092678786138395,0.013614768224588196,0.007109193276116115,0.008504433885055701,0.00717870421078873,0.0037827671110919002,-0.010775488916715257,0.005383941276540742,-0.004017198162279528,0.005383832989088582,0.03380607121112561,0.006046638411003127
116,400,16,False,True,0.005589927287980301,0.005668588156834602,0.0006161546375231811,0.005668126047582738,0.0062041527214306245,0.005599836765861392,0.0025470774516211272,-0.011293250621201322,0.0010169230380964577,-0.0060911099328402035,0.0010119340438035707,0.056093705191798265,0.0017558159949740415
117,400,17,False,True,0.020668127642746968,0.01781385230999665,0.006108378201439646,0.017859512351991628,0.017981346821232994,0.016988062299836296,0.006928536884907181,-0.023779014058335234,0.00892825961876218,-0.009998779482206647,0.00892473754432542,0.082352292704514,0.009856544046411578
118,400,18,False,True,0.0067771833740264565,0.004522984431586946,0.0003713126687186754,0.004522944104033757,0.004917290640085455,0.004478968906515522,0.0029216734690463487,0.002334283448598157,0.012145158886859821,0.010054781473117329,0.012144848511324557,0.05337781836961902,0.01280381748227749
119,400,19,False,True,0.008454174816806088,0.004657293637289356,0.0007418520379488709,0.00465739307831978,0.005640326273592533,0.004657322452323087,0.004081583103779938,-0.007771895483355555,0.005608828438633715,0.002144085719364037,0.005608644314877278,0.07294295395957623,0.006223304372703839
120,400,20,False,True,0.005886145029626771,0.004905155352038548,0.0012203205166752132,0.004905383600723134,0.005013391922265586,0.004741891515807945,0.0075187084410789804,-0.004226285537998553,0.0013368398490663225,0.00035900166941377985,0.0013363482963189633,0.03519437115055551,0.002192758736106734
121,400,21,False,True,0.03289901848335373,0.007868351001748881,0.012320620514006262,0.016017967473280076,0.00819551441850373,0.006863836270692918,0.006574661114072256,-0.0037488269399211494,0.022913853861839098,0.015462326757624139,0.016655999686638924,0.10867583682790263,0.024030510338760205
122,400,22,False,True,0.010103001855410392,0.005628344651748333,0.002722387688539972,0.005629521981360012,0.006332117777893943,0.005229714958422138,0.0039378876647749046,-0.016709903955803844,0.004822624984130073,-0.008863079871650864,0.004818958458951901,0.1088542172035602,0.005968769426026574
123,400,23,False,True,0.01416943179932501,0.00636894697213212,0.00042535873226883956,0.006341510027088556,0.006752882035839066,0.006345411642095988,0.0052905963729359875,-0.013787522899747034,0.007326733006303173,0.0016505981040610346,0.007319010260696359,0.06997682637538676,0.007936063770496327
124,400,24,False,True,0.018248027139689697,0.02141912260020127,0.007743928223518433,0.02141580889554606,0.008125984445630181,0.003907769956886197,0.0052638059680626985,-0.0039597898403747585,0.00856550475495677,0.003102137518529853,0.008565940836150877,0.18018904025594717,0.021142567731496156
125,400,25,False,True,0.006674868116765297,0.005482654386079156,0.001989162888739683,0.005450237532873584,0.0064644613517910576,0.005484602367683542,0.010612612048366454,-0.011870373833894925,-0.0027615683591465157,-0.003788849142779353,-0.0027906187474990673,0.0021027765590368296,-0.002120549920878706
126,400,26,False,True,0.017582461473273293,0.0064575370705433534,0.0015996420466776638,0.006457411565988043,0.00869686189899262,0.0065335599113580025,0.004329082492488994,-0.009362402798678041,0.005178307756667629,0.0022671021573258867,0.0051781074341147,0.02900221556340494,0.005934688409070618
127,400,27,False,True,0.006269871367996146,0.006052150645820309,0.0008616622786440631,0.0060518890498319124,0.006353786961173364,0.006052012809624803,0.004345403798480421,-0.022650673170326523,-0.005170934218236436,-0.01481645605397554,-0.005170618711090409,0.1546359300382623,-0.0045286782830503275
128,400,28,False,True,0.01137611558055139,0.0068064532190802276,0.00043439656907348244,0.006804804284648924,0.007211446475083974,0.006414358254598731,0.004130114732545575,-0.010833912235769468,0.004293806419953743,-0.0010072367920575748,0.004292251558682576,0.024556062521905613,0.005233822117225798
129,400,29,False,True,0.0038427046263410742,0.004633595308599695,0.004311597602183543,0.0046337213690334405,0.005349962327591927,0.0042492371757218575,0.0029880227179602146,-0.0028368754317247024,-0.00041058696408429184,-0.00010168652949041957,-0.00042122716054171505,0.017320344694440257,0.00044481817916115773
130,400,30,False,True,0.012785169817192925,0.007214309515042531,0.0022707617785352433,0.007200228146764734,0.0072667754096939164,0.005294324965617755,0.006200297937708442,0.005639846290315553,0.01545921622872589,0.014377569110006814,0.015457396549742057,0.032504444473590105,0.01754582684646612
131,400,31,False,True,0.01461453184059028,0.004875597180231184,0.00025348987886814685,0.004829330180054624,0.005641342105805391,0.0048432167108108356,0.005585422125902372,-0.01156442890915518,0.006546868296477335,0.0004926032428277893,0.006524968119531494,0.12487551615617808,0.007189269035997925
132,400,32,False,True,0.0029587633012427995,0.004298209688402026,0.0006643750816715321,0.004298350174460338,0.005154138834203487,0.0042982203771832475,0.0016893880264414744,-0.019827200768427592,-0.01249517545232628,-0.015802111782000822,-0.012495413942749015,0.012171252469798227,-0.01188389013081581
133,400,33,False,True,0.006441530625079104,0.004621506459320992,0.0012403122276025019,0.00697077833905295,0.005391172089502504,0.004621766596517373,0.002095374093243162,-0.008621069381625816,-0.0016385585450820806,-0.0032332428884798547,-0.0035543941908930954,0.07826289192229932,-0.0010418325997852695
134,400,34,False,True,0.010711804298123923,0.006927762770166571,0.0007367247177727574,0.006926820387509547,0.006901204827068415,0.006111192792138348,0.001579377837015291,-0.011860278208062843,0.0009915741959889246,-0.00401220212871335,0.0009899734984497321,0.016775250598063528,0.0022686463197284235
135,400,35,False,True,0.019907194781135444,0.023685673761604846,0.0005080756732836261,0.023685783435116087,0.007569480514467133,0.004328681920485754,0.0031014298570214583,-0.009297588976993468,-0.004282028638997169,0.01038333334105737,-0.004293451681251241,0.14451082274569146,0.017228245490544733
136,400,36,False,True,0.01607681548626143,0.006703790373929181,0.000643469876596964,0.0067040848152226835,0.007807797290476599,0.006703801745255367,0.0023024174570855185,-0.01701465587892913,0.00030320156795205833,-0.006530664985215966,0.0003028756139897837,0.027879609268609933,0.0009163278474617897
137,400,37,False,True,0.0020528576554068134,0.004407869691128708,0.001494115932215754,0.00440787246528029,0.004117557393089923,0.004407918209046618,0.002906449253692522,-0.010035419794633753,-0.008464182981102084,-0.00939302464871949,-0.00846419783604075,0.03534727287041768,-0.007858205367404572
138,400,38,False,True,0.013328890999124281,0.005478200030208709,0.0028634514102415577,0.005478179084164474,0.006660532883456104,0.005387213308712577,0.0037641633909102,-0.020422352357928674,0.0016629437667441494,-0.01126670012268473,0.001662934989302034,0.0668361672156251,0.002368529900642971
139,400,39,False,True,0.011122478092470476,0.0047289405640364495,0.0022612230049862763,0.0047304395951084915,0.007508529595961967,0.00490863841947233,0.0035537480581728613,-0.006976617782416012,0.011730122754645293,0.002877606337188305,0.011730027291714844,0.050901475447866266,0.012408937494134561
140,400,40,False,True,0.016806598450992076,0.008544702487451913,0.0008157037789489789,0.008544995015309776,0.009495434406564824,0.005494065695083815,0.004090271890958494,-0.015691126469407516,0.001631163701958762,-0.003932921760626011,0.0016308343133892933,0.07104210192700305,0.005030393437338326
141,400,41,False,True,0.006364559472654432,0.004705580820206659,0.0009977145199350044,0.00471061408082687,0.005620694181917693,0.004743667833093041,0.002846595531501953,-0.0029462136537470275,0.005294379408048613,0.003136265139218728,0.005292872096407635,0.031879996420082414,0.005896388868916108
142,400,42,False,True,0.018039582306631698,0.005898746138013573,0.0009890045591962006,0.005899288172818226,0.0053420388650629504,0.005206957523367231,0.004687703982375589,-0.014726519864697979,0.005149454373060092,0.00010002471106351662,0.0051490584310356444,0.09005859646200808,0.006383778740541343
143,400,43,False,True,0.01386793666033972,0.0054632633313908725,0.0009762095317280079,0.005445253681508001,0.007310324985511395,0.004732962305216928,0.0077634201512730245,-0.0114602679830662,0.007159867833726903,-0.0011830726955857401,0.007157634764027385,0.09306609897832073,0.00836214966707223
144,400,44,False,True,0.0011913706293490574,0.011232437909148883,0.0013928212083946995,0.01123265235352835,0.011999962230391065,0.011232376358328838,0.003369191978252059,-0.03116894965671568,-0.018775304361340978,-0.02862336026862124,-0.018775638877777806,0.1188329687709286,-0.018147417365369664
145,400,45,False,True,0.007568044473342134,0.006884537528254362,0.003679019818422623,0.006903694329135743,0.008862495111726704,0.006373848014509426,0.006053339475478897,-0.00839677674341372,0.009792374864769507,-0.003379465477833271,0.009783537903280006,0.19834425464716168,0.010705140370911734
146,400,46,False,True,0.002166853413001635,0.006477411038204547,0.0006690865682215104,0.006477603395183251,0.006463982228751286,0.0064775151470906536,0.0036567005190204687,-0.0049177590057649405,0.001145732099532566,-0.003025881755704394,0.0011455204713108457,0.09153871908113434,0.001782647323519404
147,400,47,False,True,0.00505762678977761,0.005709242432832217,0.0005721461953340302,0.005706090144739642,0.005695650096246786,0.005710372864834851,0.0019042158005646345,-0.015388987838996386,-0.003837369634860721,-0.010838250945840271,-0.003837112610221194,0.08301344107688952,-0.0032284219077430565
148,400,48,False,True,0.029486323673120523,0.010406339266140147,0.001427604630027656,0.010420662531963647,0.0100535876833022,0.007359360887808381,0.003953444218245424,-0.014045438515320861,0.009168440213049163,0.008257946875752261,0.00916736414033462,0.060023909902059386,0.012392285639963932
149,400,49,False,True,0.00439212703020885,0.00941987090847897,0.00495525401206988,0.009420048031385391,0.010384586006799486,0.009420184172369128,0.0033857105443608412,-0.013827271166557104,-0.007071079464137355,-0.013118019323685209,-0.007071228935386387,0.035958914199269415,-0.006413352468194342
150,800,0,False,True,0.007608368604482352,0.004348526845613923,0.0002642331881821437,0.004346183650992679,0.004985439892318426,0.004308313581426581,0.0005300062383451303,-0.004113931606584724,0.006208739848669023,0.0026278745560989005,0.006204279902372018,0.05328909005268331,0.006581373585321737
151,800,1,False,True,0.005219166775143912,0.004851669515619144,0.00036863951829314444,0.004851695223057948,0.004795363658150066,0.004851735760429017,0.0024598974461440977,-0.008360351684965824,-0.00022014815207452187,-0.004100705132900142,-0.00022020383690664504,0.08646132942078236,8.945563096236786e-05
152,800,2,False,True,0.0030650775622959804,0.0042405429824171085,0.0005175128921322575,0.004240695228406254,0.004979127008335835,0.00414165339360834,0.0006457602009571696,-0.00265670867034743,0.0017586226249067139,-0.00041909398762206176,0.0017583070419164848,0.009306398268423699,0.0021933402646650835
153,800,3,False,True,0.010719021022635344,0.0066999034319053154,0.0061042843690882875,0.006700242134209455,0.006541532418729009,0.005704510478793286,0.003955132000550082,0.000694380134046271,0.010789116559634078,0.003744755485459379,0.010788604894819578,0.03515670941470443,0.01204012802469985
154,800,4,False,True,0.002124025802458337,0.005078405736078873,0.000507797983746607,0.005078502853305949,0.005971545653602321,0.005078387870753138,0.0010822825159441303,-0.01232179277463727,-0.006328667178035534,-0.009689221940662032,-0.006329048470818535,0.052190450554835996,-0.006008931958620803
155,800,5,False,True,0.007086243631543606,0.007890501283608107,0.0010260321627923526,0.007890418357145195,0.009374843769051094,0.007920262639151791,0.028923760254055807,-0.010067614936175832,-0.0009661568806497023,-0.00504038705624531,-0.0009662395567407423,0.026205683370479543,-0.0005700872747033958
156,800,6,False,True,0.014426857345741754,0.006864301904250279,0.0005863002001139185,0.006863245261625409,0.007677534456249745,0.006744362483686031,0.0032715506654269547,-0.001713413065972606,0.01709927243957072,0.010178262365651914,0.017098933643354658,0.23600295020503403,0.01758817483849459
157,800,7,False,True,0.00028607091582020833,0.004299500154326363,0.00010012258497141257,0.004299580777123961,0.004782836715819231,0.004299387121955872,0.0009392861935993036,-0.013547935379660765,-0.009943388024741253,-0.013550696497009912,-0.009943698701928341,0.011960680020726233,-0.009637564452101233
158,800,8,False,True,0.018783704195435656,0.010244649907525294,0.0015822345850704275,0.010250524173292624,0.007664174077060711,0.006569863775446862,0.00328366665875853,-0.014632639172846514,-0.0018945555476450693,-0.0026178320713959413,-0.0018963364445229304,0.011251910314946408,-0.00017656778709243537
159,800,9,False,True,0.0016398096856258724,0.005081065846572848,0.00031310406176165306,0.005128942360421913,0.005483516639460629,0.004997858929082096,0.00048777028512991626,-0.015136864958588124,-0.009735299723351432,-0.013007325512871013,-0.009749899451012407,0.001896265317646737,-0.009311322513345113
160,800,10,False,True,0.007301389115346249,0.006326183431599666,0.0013030243357275517,0.006326755073031436,0.005969209023385943,0.005918155985392626,0.0032600055543304677,-0.0032310096875040697,0.01323847091854054,0.003566085335696477,0.013238027924762061,0.1845931129665037,0.013938259215884402
161,800,11,False,True,0.008876990390998915,0.01042415190870212,0.0005226671826046481,0.010414384803565331,0.00632010034567972,0.004115380116733788,0.0020077471060925894,-0.000961641116787543,0.005864928410112888,0.00461538232480447,0.005863830826440015,0.11371707062201636,0.010474499960376082
162,800,12,False,True,0.002557166688099394,0.004169758280805756,0.00019619435816904186,0.004179625911523353,0.005086231807518997,0.004185273850149639,0.006886998719681549,-0.00254600428197588,0.0038882276531077052,0.0005145588986654459,0.003894783362393195,0.09407788795691636,0.004201378382622842
163,800,13,False,True,0.010387643319040707,0.006073384122499537,0.00048730802605480983,0.006072465183756291,0.007346374561858061,0.006115350993738516,0.0018552912796319936,-0.005105810270492175,0.0069587617728818964,0.0022271989643575453,0.006957658289659694,0.0469450178808477,0.007279048452392051
164,800,14,False,True,0.007580754605996796,0.007046833328563001,0.0037159904257269825,0.0070465131426791375,0.00601013498704658,0.006369534598592908,0.007430432905045576,-0.0020217045313043213,0.01952908500232944,0.004283721310459637,0.019529044293009435,0.1391562779118147,0.020196067272059942
165,800,15,False,True,0.014910298925584065,0.0074494254446897425,0.0010524129106447354,0.007449221735788538,0.006630463086999293,0.005310996265593976,0.0026217559343435343,-0.0011262646055230478,0.014149637777808054,0.00768524889320107,0.014149498179467557,0.050101244316979605,0.016128351419896533
166,800,16,False,True,0.001178601814175142,0.005566722679606423,0.0003291363719342468,0.00556691298389337,0.005928465743162998,0.005257314569290854,0.0011991674338783422,-0.0023736262312743154,0.0023333502546203813,-0.0012413981924124385,0.002333038508704348,0.023494890161517967,0.0029706994976570616
167,800,17,False,True,0.00786105610445109,0.006840397451450975,0.0007364113665696902,0.0068510788511243585,0.006177668052597439,0.006039230316145352,0.0043851124391921705,-0.0059028366007213,0.003576288349026413,-0.00022574211125590523,0.0035720200965191217,0.021555545769001015,0.004305642504225243
168,800,18,False,True,0.005026173058875036,0.0055264242986701765,0.002308552864416362,0.005521354256493901,0.006633486052128243,0.005286556853322371,0.002921133344951939,-0.009011677369182933,0.003439459688118909,-0.006990155588131477,0.0034373817103704953,0.09532718974487757,0.004002525289999476
169,800,19,False,True,0.006820421877789339,0.004395922070300157,0.0001817098056088552,0.007001459158348611,0.005022152723708374,0.00438115692594244,0.0007109381757981805,-0.013424296254577363,-0.0038212879446902193,-0.008751086635717244,-0.004373636646221222,0.06511703527779006,-0.0034383434010037406
170,800,20,False,True,0.011196218015463897,0.004844030521675261,0.0005324651495497934,0.004844141866131574,0.0052634683077577285,0.004844113670299837,0.021009277341164954,-0.012483033782884343,0.0010112364852591506,-0.0027222712757909383,0.0010111121518281507,0.05720946734241906,0.0013239262389795614
171,800,21,False,True,0.002593494691754964,0.0052367421144047,0.0021934130009478416,0.005236795654070533,0.005838103292633183,0.005236787492546913,0.003315313054079838,-0.006884228854328172,-0.005611467502304457,-0.006399386697746316,-0.0056116755816196925,0.03233674989814086,-0.005307002289039131
172,800,22,False,True,0.0065440761118816995,0.004870673531490738,0.001444495414079745,0.0048776933033879265,0.004785629210435996,0.0046141704591162545,0.0022888425727473523,-0.0024700687280745613,0.0016111032861777198,0.0009578728262771296,0.0016049787461284914,0.07568561242634035,0.0022764584391768844
173,800,23,False,True,0.002343319243584889,0.004732529436201452,0.0008827782395494371,0.004729888780680746,0.005233665639681549,0.004734484985622247,0.006805715363129278,-0.010550451226159129,-0.0069796269257207475,-0.008992213324367814,-0.006979343806201168,0.04363965972732984,-0.006660173633212835
174,800,24,False,True,0.0033355034206257184,0.008378949777069341,0.003349887957996137,0.0083776446831019,0.009031009450401552,0.008390092500940756,0.0018431713582726921,-0.009997818815475358,-0.0039016627141801054,-0.009595263346846917,-0.0039102951954225595,0.03547154037243003,-0.0035518334190322715
175,800,25,False,True,0.003317840094458305,0.005544905149404584,0.0009714656442114704,0.005546927338886485,0.006655115027558192,0.005548996800334926,0.0030055635847366724,0.0005516920105110379,0.013067789182410722,0.004114789644872261,0.013065281888452684,0.09063858531952289,0.013390539372286736
176,800,26,False,True,0.007755144378922243,0.01193043219043106,0.0017373629702409088,0.011932043298320497,0.007999922604520747,0.007799420068933648,0.0016804156053403766,-0.00982981706047041,0.0033335781244187147,-0.0051536878579620604,0.0032924862712965463,0.027633928267739236,0.005626839168660636
177,800,27,False,True,0.00702305788071288,0.006248090565560864,0.0003746904602028435,0.006248533198409094,0.00703136379297276,0.0058321549261119736,0.002200126349485966,-0.0018661657102135752,0.007926669312852663,0.0035416865265171914,0.007926477259304256,0.08297121974669258,0.008634833322605964
178,800,28,False,True,0.010142678509353499,0.006329520810555974,0.0007442237493357806,0.006325928356338654,0.007118974730040995,0.006121515979843757,0.0018778456206546407,-0.003971743124208163,0.006682172246975089,0.003361188091903452,0.0066805752627543315,0.049162554993362695,0.00722097070937501
179,800,29,False,True,0.001609230709797721,0.006721737001633452,0.00047368943409598215,0.00923320988870494,0.008822021880134654,0.006721786180987046,0.0017751573060335473,-0.010659705959887487,-0.0018956673369153877,-0.007592248118815208,-0.004069977212435667,0.07528276635262907,-0.0015738043512475708
180,800,30,False,True,0.0024864795967197008,0.006041250822011829,0.0009449749939954045,0.006046855369589505,0.004625561019012683,0.0049267174473488365,0.0017904327371022172,-0.004552202761316285,0.0013642929041520447,-0.0035008497128213543,0.0013620817381166362,0.05689601469612286,0.0023422201368272083
181,800,31,False,True,0.019192370101405204,0.013388336697502161,0.00025656428583497605,0.013385590488811163,0.007402304897425613,0.005039710710999023,0.001541755859587314,-0.0109500451303694,0.004901315082690871,0.004714838659437193,0.004901636380391441,0.10163756000432961,0.009623726783066874
182,800,32,False,True,0.0032068990951856793,0.008241803321673055,0.0008600109293803257,0.008243729879383642,0.006606346388052366,0.005569331300442157,0.0009285222031608926,-0.010838335022120057,0.0010288426101357473,-0.006981544945626612,0.001027489597245097,0.09121896770442564,0.0028717310696595444
183,800,33,False,True,0.0045840532898492594,0.0045360290423974835,0.0004535909555582528,0.004536038509055892,0.005844468817320735,0.0045361307901511695,0.0008253715307267239,-0.01038112751156012,-0.002479098052250972,-0.0059577868400334235,-0.002479211832847028,0.09479138545491951,-0.0021728531650441613
184,800,34,False,True,0.008673134302426902,0.010028211612261589,0.0004714839941036094,0.010024300652814642,0.00788261358338205,0.004772228160693262,0.001269894061910325,-0.0047970990352797825,0.0036198679536389735,0.0015281705346772646,0.0036193588599453363,0.12667269357195227,0.00823650247762378
185,800,35,False,True,0.008247034852402507,0.0061553377963745656,0.000508643146615269,0.006148063498096511,0.0067278274426105485,0.005952902081769407,0.004648327514418164,-0.001365322098363971,0.015460739171947218,0.008776979193300019,0.015463436264044077,0.11390523470741329,0.01605099391584275
186,800,36,False,True,0.012264917874079436,0.006455143704297937,0.0015504022485883773,0.006455889753085288,0.007150665733381631,0.006144437617694069,0.002494428914388205,-0.002462125219071836,0.013110927277766624,0.007265481495360976,0.013110580681326471,0.02777855751778164,0.013775706705032031
187,800,37,False,True,0.0029569474952230823,0.0057832342749130575,0.00037257504244462945,0.005784016676638231,0.006102771832411607,0.005628266251196768,0.024679073728156063,0.003076746082542986,0.00995728601032507,0.005762207667225039,0.009956773792363408,0.2021268418872355,0.010468903084190018
188,800,38,False,True,0.007407518575249953,0.006554941758077521,0.0012040962135914071,0.006551338219489437,0.007132314847928114,0.005565850139807486,0.002856885195374686,-0.01388689743148293,0.0010028389959230387,-0.0067289632777336045,0.0010027945398467786,0.0839554072381276,0.0023767293983850274
189,800,39,False,True,0.0034882511102919105,0.004143883868757723,0.002776489692676264,0.004143517409559669,0.004543109564528861,0.004120683096524365,0.0022024689964729198,0.0029781874919993824,0.008003856894278787,0.0037230235165356595,0.00800399684699313,0.06803685895237416,0.008333971959290976
190,800,40,False,True,0.0026794803998932614,0.005505842066929614,0.001837127552790053,0.0055060167238666635,0.0049908763389731325,0.00550574322433921,0.004734174726072735,-0.017242053707127267,-0.004944588867035069,-0.015093314672009868,-0.004944815575106834,0.048844424918772146,-0.0046291343050772205
191,800,41,False,True,0.0013016306320987384,0.00458722198038033,0.00019115624703648325,0.004587726093779622,0.004908314721477822,0.004427132400673028,0.0005651536652940775,-0.0020017619378623532,0.002458997119984261,-0.0011385072154928666,0.0024585515835470416,0.02121568858642144,0.0029707592272771866
192,800,42,False,True,0.006409130831629469,0.005644425260283632,0.00026389330888582877,0.00564429564041851,0.006769520660023978,0.005671982291556307,0.0024287296453965996,-0.004689177747477073,0.00478356507715624,0.0003961920284440146,0.0047833583420659135,0.08677023777093079,0.005128194054623558
193,800,43,False,True,0.007734026561215484,0.007437881462956231,0.0005376787422569091,0.007406733493966252,0.006366569613543193,0.005621530252072896,0.0011291379094156434,-0.013997601467109641,-0.0035658019184686297,-0.009854223028074593,-0.003621963518035294,0.024473744218760078,-0.002399012605511619
194,800,44,False,True,0.007366224948995629,0.0074559265105730655,0.00029297346128182635,0.007462236524836677,0.007320016695638238,0.005289707856658293,0.0010759261800609478,0.0040835391126327015,0.004068651363838001,0.00040015043431981925,0.00406669063267481,0.04144639726603886,0.005961272515772692
195,800,45,False,True,0.009184995032640994,0.00937641819457951,0.00258699574274879,0.009387762450702717,0.010920230250059415,0.006566872886555319,0.0036447296966202226,-0.007552917795432847,0.009909374568592763,-0.0022075725598786826,0.009896365694894467,0.14249225591737327,0.01311924213998207
196,800,46,False,True,0.003799974397722725,0.005257384026012149,0.001557867048789432,0.005262490333799761,0.005752666667264681,0.005287751013395453,0.0022404213782433596,-0.0116214964755469,-0.008692389184931423,-0.00989253938731518,-0.008701219145742574,0.016597200298303198,-0.008330510979750974
197,800,47,False,True,0.0006730787105320276,0.00517383048150183,0.0004054425667755513,0.00517364619062416,0.005563532171697674,0.005044504871421401,0.0018149709931069373,-0.00039656900441854435,0.006827227133252301,0.00028293530567075065,0.0068271132027467735,0.09669769968772943,0.007285170758038792
198,800,48,False,True,0.0006278291562789109,0.006312384814515979,0.0008949390166737866,0.0062654579468671145,0.008360347779448078,0.006313584246999629,0.0011687404896479924,-0.01283425741006078,-0.004003203231195495,-0.012517004705100247,-0.0040077915035597305,0.04860865044484724,-0.0036731662281695165
199,800,49,False,True,0.01208360020978685,0.0072087106910455915,0.0010901254033740058,0.007274161220438622,0.006817044748131973,0.005191905811510181,0.004760914211825254,-0.010982112659304249,-0.0015523652896589368,-0.003200421363908235,-0.0015588603303117311,0.03599194568554354,0.00045064016000515017
200,1600,0,False,True,0.004549436300282157,0.0052838432924315615,0.0016289093591698356,0.005282827421986238,0.0053970438288273226,0.005035182507056938,0.0018231378687012336,-0.003425022186974101,0.009787558507072785,0.0015861291562695263,0.009788590502868875,0.12397891571516308,0.010176699980945295
201,1600,1,False,True,0.005443033540660832,0.00604441445895952,0.0003997943105656786,0.006071891746019116,0.007313940709049086,0.006087022874234923,0.0021641257368485893,-0.006679017055118959,-0.006110164009010912,-0.011436254332582335,-0.0061207897274185895,0.09719075696744614,-0.0059084637519941086
202,1600,2,False,True,0.0121630883583436,0.005356008919935658,0.002265364034145934,0.005355803244484727,0.0056666447667565786,0.005298685862032077,0.0035023758828414313,0.0010040611416919374,0.010554924200205386,0.008523267865132262,0.010555101670611204,0.04147937789591463,0.010777211692492947
203,1600,3,False,True,0.002674763496257496,0.005804192546745314,0.0008277017726451751,0.005803923105938605,0.005708311027790998,0.005748783317906557,0.001754776629496544,-0.003013794059425679,0.002645262252203597,-0.0005595984733448009,0.002644852812778318,0.06025032506821035,0.0028079242412389627
204,1600,4,False,True,0.009201674107010678,0.005824330760664384,0.0011684791348906757,0.005845611634098882,0.006421326910166887,0.005616120734286316,0.0019506919538436478,0.0022324459354886397,0.011847163832716402,0.00899766278982989,0.011829534390307544,0.047967726094902435,0.012228005330534739
205,1600,5,False,True,0.016246991988397075,0.007500111844730381,0.005513173647539196,0.007499211032194244,0.006783920053304516,0.006893434714795444,0.005286083708917047,0.0007684677599461753,0.02513745147858684,0.0087962431855831,0.02513509086577832,0.2581793282029121,0.025452409048858357
206,1600,6,False,True,0.003309282627303482,0.005462329410728681,0.000568085935772755,0.00546980777960838,0.006639311885297569,0.00539585005093955,0.001165983643574195,0.0030680037465919854,0.009437543330856073,0.006001640093818875,0.009430881037232003,0.05268922256044263,0.009769510900094994
207,1600,7,False,True,0.009260035150295918,0.016462366857107693,0.00044899613280792206,0.016530462544864184,0.006874913950445878,0.005877806777765944,0.0007832951272588505,-0.003869087485674534,0.0028556768067507224,0.00318229651043064,0.0028754471887076074,0.1747317928042459,0.009574605444904905
208,1600,8,False,True,0.001884316654981572,0.005229053744991716,0.00029170202424897947,0.005213491242480559,0.006168793951512677,0.005147577647854118,0.0006744058692694586,-0.005296231800130709,0.00254743856620685,-0.0032335018905239633,0.0025394768748607534,0.06815459818407507,0.0028457793070262027
209,1600,9,False,True,0.002784705535300912,0.005714998535107321,0.0002773770439842341,0.0057151200302959036,0.006159944901736076,0.0057150264429860235,0.0017717992084320272,-0.009195367865038873,-0.0010420229598681807,-0.0056003869975336604,-0.0010422675696489315,0.10120648405223202,-0.0008837192542229533
210,1600,10,False,True,0.003744369015470843,0.005869944681563096,0.00045957788017393127,0.005875811849695449,0.005865073817959168,0.005085866222859729,0.0009694576845131946,-0.00043441755009678343,0.005540860342354534,0.0027058998585117195,0.005537724447406376,0.0208442220420854,0.006048902961441088
211,1600,11,False,True,0.0003832485401005713,0.004444592572387119,0.00031587923643837867,0.004556325286989001,0.004968592171493754,0.004428954055698697,0.00041486369352662314,-0.0014675715415038476,0.0011457709247689608,-0.0016683883391435455,0.0010328172279050385,0.06837239255217606,0.0013104114143295958
212,1600,12,False,True,0.0022578960021799113,0.005096360947498644,0.00022449154165901606,0.0050998847896558085,0.005413867271341066,0.0050258652429377585,0.00046932317173855275,0.001210139908631565,0.008985630817398125,0.004131718008904042,0.008979099101916166,0.118990619635693,0.009182281524513086
213,1600,13,False,True,0.005812680816910732,0.006206999267816691,0.00046031896364178587,0.0062070858375580205,0.0070123572350217645,0.006207019293378665,0.002139731292438138,-0.011180708386460894,-0.0006713839856942805,-0.005805798975271519,-0.0006715643100138458,0.038558035356027955,-0.0005164892360923212
214,1600,14,False,True,0.008123903977210224,0.005797557549490956,0.0015339834269018666,0.006246504276514031,0.006645308335914246,0.00517373363427982,0.0012438706475767292,-0.0036313173453344943,0.004665084474043084,0.0006752887571488203,0.0043067034391788,0.021875004156523426,0.005222279268247879
215,1600,15,False,True,0.010106760249352718,0.005335598894401827,0.0008261130666342665,0.0053358469683905604,0.005308608486810881,0.0053357843787027424,0.0007049331006582235,-0.00958286848074256,0.002897418229557385,0.00010399152665382994,0.002897243026767651,0.06921550092826272,0.0030559716941968573
216,1600,16,False,True,0.0010046370031400204,0.005931477995028634,0.0008191009024151434,0.010554409500681818,0.01019522379639598,0.0059518984455437665,0.00295496041516022,-0.002818778560598404,0.0008595438676499434,-0.002406142950656362,-0.004142529617608783,0.20159174265548013,0.0010207203515941038
217,1600,17,False,True,0.0005811707612353557,0.007749740077148586,0.00022317571689786216,0.007677392677160864,0.008104208769501393,0.00496938641363888,0.0007888420384131265,0.0015211506256423719,0.004577749438782526,0.002418361748746285,0.004406991463709105,0.1347739359839733,0.0071627222135758895
218,1600,18,False,True,0.002695317352726289,0.00540278442326168,0.0004212176045601239,0.00540764668908853,0.004879613968964719,0.004760182415664698,0.000720099526623787,-0.0068077456580228485,-0.0005203207623201323,-0.004829259950681148,-0.0005226919778077744,0.05942120647984847,0.00018131533429402436
219,1600,19,False,True,0.0004957536920129432,0.005125752127395296,0.0004032699917010925,0.00514378933776927,0.0052506784377151575,0.005107028881939023,0.0010757816177608182,-0.005104055488439915,0.000336390327865157,-0.005035956139338012,0.0003396329375881457,0.11364085454979861,0.0004935998754532211
220,1600,20,False,True,0.00222612572269317,0.0055295484947218195,0.000328305081452462,0.005515397628505775,0.006227076601014628,0.00552834492125249,0.0006719311257014128,-0.005853120572857802,0.0036932326755976064,-0.002260958537062377,0.0036898959754892856,0.08417015027384978,0.0038505197039362393
221,1600,21,False,True,0.01110321378508786,0.006321029771222148,0.002882064423659177,0.006321076335271858,0.0074691105659461365,0.006290755284415726,0.0026519670841167213,0.004280122896838611,0.016314855065893977,0.010683524461006042,0.01631462163263178,0.021071595453779946,0.016752216112575574
222,1600,22,False,True,0.001244010297059151,0.005247324764183198,0.000870267172415712,0.005258141606946839,0.006132807380735805,0.005255649676540872,0.0011154217605928093,-0.007706279961218361,-0.0015649445223406035,-0.00483120434032963,-0.0015983689949661617,0.047629295221541475,-0.0014052650914642972
223,1600,23,False,True,0.005028514812542311,0.004277358631713051,0.0003531509290241179,0.004277499953313838,0.004871357618295617,0.00427750769220739,0.0004701800281534057,-0.004868322106136551,0.0015831077272057215,-0.0009872172731988655,0.0015829465225074557,0.04928468672997834,0.0017365213038871008
224,1600,24,False,True,0.004170082678515549,0.009490944287758634,0.00042691844984378384,0.009518308504830047,0.008057014613356298,0.006584339450411916,0.0011587361056398528,4.9149897498483586e-05,0.007275091024779066,0.0024755333116639635,0.0072718942432946675,0.02448565478222296,0.008176410976612286
225,1600,25,False,True,0.0031363539239653787,0.005520581895152259,0.000286510504403747,0.005525380735292677,0.005746950300199646,0.004968586264015183,0.0012415597066183317,-0.005997702867766344,0.0008838037550687617,-0.0025013809944836214,0.0008814887792532745,0.15784350425145832,0.0014780741915545875
226,1600,26,False,True,0.002150415393811172,0.005893047510254943,0.0005634500143778446,0.005893750679595636,0.006899901509247681,0.005831014760193698,0.0028898618388204208,-0.006147270558993915,0.001528533449895857,-0.004588251615986321,0.0015278866773190103,0.05075099109582059,0.0019715207304460136
227,1600,27,False,True,0.007807284124293355,0.005266866995101491,0.0007580093124843156,0.005264214661858778,0.005346759346049889,0.004929652327692955,0.0015537638222909585,-0.004329939039972615,0.0077866142810810324,0.0010136567488254777,0.007784532507600659,0.03272894253476086,0.00817790473273347
228,1600,28,False,True,0.0024937940605924422,0.0041262021781075225,0.0005191854894645648,0.004126389008151562,0.004068841135282738,0.004074466544173045,0.0007332359617355269,-0.0008130983038220718,0.006197407821553292,0.00019500159090080792,0.006196908557474501,0.047668496343565604,0.006364680238355153
229,1600,29,False,True,0.0011747572056321981,0.004787818489664544,0.00017070708799148842,0.004787797790945494,0.005295955232684217,0.004788170405471639,0.0004419053344128077,-0.006772501882219719,-0.0013855508652323145,-0.005883395458365577,-0.0013859618626716143,0.06311098204772478,-0.0012217434921736464
230,1600,30,False,True,0.0010245366594830076,0.005675068205554978,0.0004200567262025862,0.005679969840088664,0.0062776255358917435,0.005174304145424298,0.0015145230728795937,-0.0013521948799347125,0.002619510125905702,-9.001479450247818e-05,0.002616987020716053,0.07197170240599743,0.0032358777094170788
231,1600,31,False,True,0.0006546140698306377,0.005246509546540992,0.00039803455692283274,0.005274675668500559,0.005908825755552019,0.004759279450067833,0.0005986581225486796,-0.0014521667530741358,0.005478044346515212,-0.0008076040789149716,0.005469329945573982,0.07338413280304124,0.006022594094668002
232,1600,32,False,True,0.0013091200229621383,0.0051265339723811885,0.000499082717388194,0.005139433612675478,0.0058791520491592135,0.005095895708471299,0.004258351995851545,0.0011000078387408676,0.004687216974309081,0.0018163021384757863,0.0046809225932912925,0.04363821581978394,0.004890195694398081
233,1600,33,False,True,0.0003066361675626221,0.005287622448141009,0.00038360871404594945,0.00528729790533393,0.005450657235877697,0.005168937983054176,0.0007164343991450538,-0.0006641475728882762,0.0030965124591562977,-0.0005914964934276978,0.0030970562761954315,0.1032024109132611,0.0034092844446979437
234,1600,34,False,True,0.0007293825920697912,0.004337885815411291,0.0004397897859179148,0.004334401563779391,0.00409085964754193,0.0043382329562184985,0.0011318406595091312,-0.009640260239285263,-0.004613028365958254,-0.009207538167666153,-0.004612861506038133,0.05941856692714332,-0.004461261603785141
235,1600,35,False,True,0.0009874573674371544,0.005747535183202106,0.0004958272173220794,0.005747829331228502,0.0067744201662945855,0.005747900069244655,0.0005264291484068509,-0.01041351536157353,-0.0009191496205689909,-0.008967971413201145,-0.0009193354772728312,0.07972259222697115,-0.000762534279271615
236,1600,36,False,True,0.0009861888142208175,0.00497691484822063,0.0006339323167977689,0.005093113982654695,0.005060643906741155,0.004622521262931907,0.0018339983679532147,-0.00187252969141382,0.0010147812578420812,-0.0008195247272141722,0.000995756131600114,0.08636484655130143,0.0014860647553591871
237,1600,37,False,True,0.00641086134154391,0.007288559593568255,0.0013075670062117992,0.007206569336039564,0.007566364234772401,0.00491009995337978,0.0026273390069603856,0.00022441194905101685,0.00811565236276639,0.0033141215791657763,0.008106732293302521,0.10294422723319982,0.010511041629764753
238,1600,38,False,True,0.001014035328087991,0.006359397427205522,0.0002612603667266281,0.0063902906212222835,0.006669346231552672,0.0061350247405970405,0.0007189413542253537,-0.004000643757434215,0.003114085420106676,-0.003578786939195818,0.0031077673569524047,0.07776565184192606,0.003405160925413195
239,1600,39,False,True,0.009363992929396225,0.005184127488068398,0.001063775263721795,0.01271068575739758,0.005351134503647394,0.004987952588995422,0.0018807695421219357,-0.004502963856803912,0.010333475811995143,0.0028306303171068336,0.006660223260233344,0.010817496944207007,0.010605959906170262
240,1600,40,False,True,0.0005202494272404805,0.004671132933485328,0.0006154577552961026,0.004674294036298885,0.004556628143838778,0.004693042052388215,0.0005808570589979302,-0.006860630770857532,-0.000295268520885319,-0.006037244909963534,-0.0003030760757878426,0.08044657247983779,-0.00010281453402397056
241,1600,41,False,True,0.0013349836361049435,0.004754758302031272,0.00021875303145984476,0.004725838082414039,0.004914990098899274,0.004672106758945486,0.0011177623701719853,-3.76063551460637e-05,0.005449008247812408,0.0015734305909977989,0.005634614533799596,0.07965308666151931,0.005770868045225183
242,1600,42,False,True,0.00405382134469935,0.006288002828238564,0.00025279742382482287,0.006473225153069456,0.005782187055102442,0.005059690708436201,0.001166884261043472,-0.0015037508525893384,0.005486005573364956,0.0017914902838608866,0.005451114476658639,0.057123848354593124,0.0065411516560969635
243,1600,43,False,True,0.0009386134017724028,0.004371551936471095,0.00032323497925300414,0.004371741778326768,0.00456706914139119,0.004371592650942632,0.0006576439289356705,-0.008878111280980842,-0.00572683286654705,-0.00844388036083462,-0.005727126146614623,0.0063050456196669736,-0.005575355476547084
244,1600,44,False,True,0.0037759384390070112,0.005487324638318504,0.00029447213878907105,0.005506960083593462,0.005824079538427035,0.005398737768541561,0.0012101051378610775,-0.0028207398798195562,0.006571122117493982,0.0015574063307350523,0.006562927373294212,0.039816221888708245,0.006820918646661192
245,1600,45,False,True,0.005678159119692453,0.007147004005775142,0.0011754731250094603,0.007411180637758007,0.00845996465620075,0.007129666581632359,0.0075663857473598824,-0.013239002911035006,-0.005006873930014298,-0.00841167662115014,-0.005088107124283266,0.027482749502231608,-0.00474391182433509
246,1600,46,False,True,0.0063877712768679465,0.006008679108821184,0.0003198679417725041,0.006013325431811336,0.005803064586862706,0.004619290702962631,0.0010971211331719049,-0.0036633311366985007,0.0032610138209063066,0.0009276641725637818,0.0032586613041907598,0.0265923521433573,0.004464730393648517
247,1600,47,False,True,0.004290226085409898,0.004816460767096962,0.0001836736369948943,0.0049126475955526645,0.005668194150216053,0.004882626006448682,0.0008647196981280733,-0.003008562072968758,0.0050381157049765694,-9.710659995377319e-05,0.005186799753498761,0.07673977379886082,0.005341036665401366
248,1600,48,False,True,0.005034937866853264,0.006098213039476949,0.0029386729768530965,0.006303461249413106,0.006000692109925778,0.005513020072284341,0.0015556776907631256,0.0030334224528073372,0.010575860071046321,0.004761764895855511,0.010435358119780318,0.14186628578328478,0.010934369733990298
249,1600,49,False,True,0.0012136373792730618,0.0046842583102530986,0.0008179102430375102,0.004688689792189307,0.005190576357827095,0.004679171409878503,0.0015846745885141234,0.002241728073637025,0.004097059169727491,0.0023853009892596563,0.004089130279272695,0.01679068597054757,0.004260067905171472
250,3200,0,False,True,0.003839470088867805,0.00546934239901145,0.0009727093557416025,0.005469284555868859,0.006558722288914259,0.005503837111712232,0.001787313516511961,-0.001943243955116228,0.0025854345612977524,0.0001827231010620229,0.0025850469474128345,0.040780174835898964,0.0026716364678968235
251,3200,1,False,True,0.0007837428169064513,0.005569483860247788,0.000572906551233212,0.005569528731212586,0.006022170661798118,0.0055603830488084585,0.001389568100228515,0.003353008276557615,0.009828201284432013,0.004668664390303789,0.009827940101385888,0.0996262197188559,0.009921257424478858
252,3200,2,False,True,0.0035095491680079403,0.007020954731079943,0.0014569327821595524,0.007142816815363669,0.007350601011852083,0.005515942780452555,0.0021731246059320613,0.004695880046892581,0.012834764172366722,0.00640132968753411,0.012857489842987242,0.2285031673296558,0.013910157329286965
253,3200,3,False,True,0.0007129996416927336,0.005434375766769925,0.0007372520658291582,0.005433513251516368,0.005216481726410479,0.0048741456521488764,0.001047481498683091,0.0020553847104695182,0.009346440033798125,0.002475355733842793,0.009346788717060513,0.06526013512954869,0.00987755172642521
254,3200,4,False,True,0.0007442911923452731,0.004931065822411985,0.00018394563738891826,,,0.004927053461479393,0.00044295261495538196,-0.0033600973983699566,0.0025050781472116946,-0.002728029631275438,,,0.0026040678182476518
255,3200,5,False,True,0.0030945038411842193,0.007525080065699811,0.002423564222049727,0.007525067750623806,0.008231448171041256,0.007501373680207475,0.0023858488210146875,-0.003524382362960963,0.0032752756960425346,-0.002528432305433539,0.0032751412904640453,0.05653771464540238,0.003384222570740822
256,3200,6,False,True,0.0013877105234697627,0.004969501050582959,0.00029067126409896237,0.004970037768325446,0.005475850570665599,0.0049703571476267215,0.0007901830504297878,-0.007922068692026605,-0.000769020195818566,-0.0065187944660246855,-0.0007691612431566953,0.07882470665594711,-0.0006914371767672151
257,3200,7,False,True,0.003862896407450455,0.004927339194513446,0.0002730464939052851,0.005181404537125024,0.005449908443288259,0.004777226615868656,0.00030022033392503294,0.0014678288425593994,0.009206563807851804,0.004172015748971679,0.00913857570719296,0.05533756688712113,0.009543517367203241
258,3200,8,False,True,0.0044465950962325265,0.004769787431883864,0.002006056762327047,0.004769657521219367,0.004878040218113652,0.004706506558800423,0.0017501404450235962,0.0020319333091724226,0.011532285189319041,0.004520610675192257,0.011531873781722251,0.08032442570307775,0.011627678915719877
259,3200,9,False,True,0.0031426146713117603,0.005808350086427436,0.0008096058475725414,,,0.005713295168524016,0.0014043636596000673,0.0034560940544152274,0.011173256034646376,0.005743400145655861,,,0.011348614487601633
260,3200,10,False,True,0.003945897381536648,0.00592632827789789,0.0009753294064226018,0.006309847737475413,0.007067913310508016,0.005777960526675611,0.0010079416256290527,-0.007173071165741303,0.0053910186643054735,-0.004542937660494176,0.0050290156636570065,0.04681837677681282,0.005632016285490246
261,3200,11,False,True,0.0016660411366722478,0.005127402064526115,0.00023484245167176263,0.005132428263221992,0.005751319032319665,0.004843419489387285,0.0005749299406968612,-0.003951250707758396,0.0034627070111485202,-0.001733732767898733,0.003460564977098102,0.09527855877316675,0.0038021570179004593
262,3200,12,False,True,0.002832645412886466,0.004864520301744744,0.00021843298000293377,0.004937437145758541,0.0053982159647651086,0.0046708452185757286,0.0003355020591383648,-7.148986156573014e-05,0.0061117530781810816,0.0017052351358081447,0.006099082322955311,0.03191225250816082,0.006335100872119262
263,3200,13,False,True,0.0007186053229157292,0.004695104540383459,0.00033133833865143223,0.0046956070550993765,0.005334121223123021,0.004695744751712125,0.00046639521096798753,-0.004539662547422863,0.0028118252827244563,-0.0034012591254600315,0.002811661397703169,0.08935397929045198,0.0028887683418543225
264,3200,14,False,True,0.0005270571487333786,0.004947677687946134,0.00025101334052937387,0.004947161365972057,0.0058637754314947565,0.004948839182557981,0.001209008217559843,-0.003773154917770707,0.0014729547609773875,-0.003039394937983997,0.0014727506928923263,0.043788080347972276,0.0015505075506064558
265,3200,15,False,True,0.002405596809947643,0.005093633486864827,0.0001464358426742165,0.005111819317468473,0.005638647638368574,0.004986689542613266,0.00033902479518820657,-0.0036319601417060185,0.00210892461298279,-0.0017773374226154584,0.0021026271189788304,0.028026723636134357,0.002315675570478959
266,3200,16,False,True,0.0057546875219658565,0.004747695773991122,0.00033707174630902536,0.004746892883258604,0.004777341249319604,0.004733578537876931,0.0004706456811736885,-0.004224921979681207,0.004488551629040103,-0.00047546619253064303,0.004484446973752725,0.04502831449026745,0.004564929382982114
267,3200,17,False,True,0.0006084256312336937,0.005323428506537675,0.0002884403719215912,0.005323485016053246,0.005960894703676881,0.005303974555014127,0.0005806427227815541,0.0007735056371474164,0.006805474791031685,0.0019906985820352836,0.0068053197879401495,0.09058197888701588,0.006939554768166781
268,3200,18,False,True,0.00124953783736757,0.005403287314715019,0.00036830086665176365,0.005565468135486774,0.005910445796615098,0.005395628949101574,0.002063034375997573,0.0003735692723478439,0.005383450121384641,0.001226563548656657,0.005256152542678798,0.09792319157951673,0.005463666818874308
269,3200,19,False,True,0.0006420966067262802,0.004302968412030182,0.00021136957582952446,0.004303201958834813,0.004912181054435923,0.004303146229005516,0.00029747704383968724,-0.0054004467871524246,-0.0015390537170833518,-0.00489011776284588,-0.001539292698423811,0.05589293012967041,-0.0014631614794361064
270,3200,20,False,True,0.002359978257101654,0.006516995377266893,0.0002885999537083444,0.0065404216556763425,0.005530415906319679,0.004905838590982964,0.0004942832219357046,0.0004470017003659747,0.004606768768165725,0.002226947062481115,0.004584040102566824,0.12296927902889618,0.00598339185056479
271,3200,21,False,True,0.00428370697034673,0.004829204037700649,0.000369954647998933,0.004829350788970538,0.005236463272080718,0.004483810011835587,0.0009605823102086516,-0.0004983715944018432,0.004943501212549979,0.002733554361878866,0.0049433300960881965,0.03385488480471523,0.005394791218260572
272,3200,22,False,True,0.0017575178571671139,0.005110645070261324,0.00020705998392643314,0.005127453149390179,0.005590046801858889,0.004982532656826651,0.00026414259522207235,-0.0038519475199556086,0.0024157186643734186,-0.00207906895293399,0.002412515179865782,0.016770865900099262,0.0026255774362954065
273,3200,23,False,True,0.0007576846869200338,0.00549020765127603,0.00035727642867812014,0.005490297733434437,0.006313494989773048,0.005454606416928727,0.0005179033708172418,-0.0021840158760821817,0.002726016941777214,-0.001384403443627605,0.0027259268046490883,0.033692447062605775,0.002892423108631567
274,3200,24,False,True,0.008379187773420938,0.007551127250547624,0.006868328473489055,0.007543689589338474,0.006507326661770132,0.007552337621821117,0.002000296917868333,-0.007040194112886049,0.01608142492002852,-0.0052433499308902135,0.01608183044991369,0.38054145515650456,0.016159985219043438
275,3200,25,False,True,0.003150727553756344,0.005179372691820925,0.0006640881785786967,0.005179390854708119,0.005209397487432241,0.005054550382185838,0.0008949716028380791,0.006243019164872474,0.013670297636004776,0.009054130794357348,0.01367027417062083,0.06448869755672483,0.013834846863671132
276,3200,26,False,True,0.0038863470871566526,0.005096346629736396,0.00017287340228290857,0.00511737714320089,0.0053009157951251894,0.004390317566118286,0.0004605469131845863,-0.007608765572705363,0.00017083974314688888,-0.0037103511726393236,0.0001426603228199852,0.05389297874069143,0.001031114641351416
277,3200,27,False,True,0.0029621937385097257,0.004846147863387991,0.004932562462989329,,,0.004794485588943147,0.0005008099102766052,0.000627680508720196,0.007694271895594458,0.007740325232518939,,,0.0077990208258096605
278,3200,28,False,True,0.00033048829583461563,0.004859229810228762,0.0003713586789916558,0.004861144978206161,0.005738684201966115,0.00487729020688051,0.0005488913819118263,-0.002687936066801463,0.0008526410802783425,-0.0025744654460219873,0.0008535082107157521,0.04961120576022338,0.0009345867372203553
279,3200,29,False,True,0.00562962416806008,0.005302026115449937,0.0017318083107835628,0.00530173740973586,0.005958204718228262,0.005298727244251962,0.0025190979039718697,-0.00044282517584900635,0.010445492527114837,0.0024445530374655063,0.010445640965802774,0.14781676022972456,0.010543365508407607
280,3200,30,False,True,0.00028229844448589015,0.005004239112817807,0.0002451131101963974,0.005004536598852225,0.005267433353722651,0.0050044538772173255,0.00023674060753654122,-0.005168743703832258,-0.0007478035493286939,-0.004664020164119272,-0.0007480382350241221,0.04570383002614456,-0.0006690284815191183
281,3200,31,False,True,0.00628176142280156,0.00482900838416294,0.00028101245430118464,0.0048288943376706625,0.0051124901999396,0.004795444141101157,0.0007696368693381804,-0.0016495490868066681,0.006591242666432642,0.0020854458943112275,0.006590709988858166,0.07507312093055649,0.006675626744562083
282,3200,32,False,True,0.0021643548343470535,0.004535012430331525,0.00023667475553859778,0.004535153123531199,0.0052760952371228905,0.004494492854200422,0.0005724331998371819,-2.077190510793997e-05,0.005878035276079122,0.0019069636816972616,0.005877759112343029,0.11241394228035802,0.006040489771241747
283,3200,33,False,True,0.0019143512806755576,0.0062119621709003335,0.00021835933545673807,0.0061596136225689265,0.005794740198930225,0.005110732973343508,0.00035533992807002977,-0.0020477577506324905,0.004459915949269018,-0.00012881738430198255,0.004406113638721827,0.05297180597931444,0.005177407193620032
284,3200,34,False,True,0.00025400926944574043,0.005920329699663671,0.00031364365439953186,0.0059207515627334424,0.0066662586112660295,0.005804070721986803,0.0015071401063872264,-0.0006844381312496345,0.004432786543927083,-0.0003892733967738772,0.004432845178009099,0.16088510189354494,0.004710556349509246
285,3200,35,False,True,0.0011423379781146722,0.006069202416448604,0.0003297508521719036,0.006094707827355225,0.006828533341057328,0.005828352055787467,0.00022866106436832088,-0.003476886171223458,0.0030903983110873944,-0.0023679562662382112,0.003071729655808788,0.09451037937760905,0.003337919533128425
286,3200,36,False,True,0.0006530960035970427,0.004897426552659529,0.0004061977842139156,0.004897909943733197,0.005363738192196964,0.004897882433233063,0.0006278467070476425,-0.004962240273106127,0.0004955935184166727,-0.0046646633511913385,0.0004954424647884536,0.022784722352263406,0.0005720249487288775
287,3200,37,False,True,0.0046135016341228826,0.007025106327050123,0.002542490387088269,0.006251253181441787,0.006719814907044053,0.005637566317653371,0.0020438068850757917,-0.00039472902916492885,0.013412017312246078,0.0017771842655478433,0.013527992084486407,0.17081331414419992,0.013914332527151102
288,3200,38,False,True,5.0213779731818915e-05,0.00435411077328117,0.00017468108626577807,0.004354059163903907,0.004914470568621042,0.004352976639842406,0.0016603827183906562,-0.00114158131853346,0.0024020309104409066,-0.0010860469234301932,0.0024014697873185396,0.07096247869908094,0.002489619702790019
289,3200,39,False,True,0.00015636056539662855,0.004900997030615611,0.00031063622647640055,0.004904301089383585,0.005371178359687487,0.00489117296924177,0.0004187536560938715,-0.0025257601734480876,0.0019501794207751999,-0.00238058834616708,0.0019462291935284349,0.08578102375418734,0.0020274417245168402
290,3200,40,False,True,0.0006483775762268368,0.005287502209661782,0.0003350393315139307,0.00528652169499714,0.0054930571665461215,0.00510097724148359,0.0004659967911698928,0.0003069221810743994,0.007267330059966657,0.0014122820002987764,0.007267852588215913,0.07572475030872264,0.007527287671239544
291,3200,41,False,True,0.004803499121468856,0.005232090565111485,0.0004887428318303221,0.005251254960025772,0.00540104850996578,0.004983173128269752,0.0017724545861869411,-0.003045266199661536,0.0018441785729255678,-0.0007050552627436968,0.0018298664636513173,0.009720019901450208,0.002217528953024156
292,3200,42,False,True,0.005508619227854689,0.008814098183640009,0.0007664685189017905,0.008819949620586466,0.0061964642840793786,0.005833451431370167,0.0018059840169895366,0.006571454577100085,0.015015961557585715,0.011943520495121956,0.015013766733322083,0.10207134739193308,0.016932052964247185
293,3200,43,False,True,0.0008541003433914983,0.005306075071246319,0.00026846249252220506,0.005923036713502233,0.006474485415275918,0.005294989670405605,0.0004248814794479373,-0.0044887341883975244,0.0007430569855390168,-0.003946324840989716,0.00038977415586813894,0.08540243597226084,0.0008671504403805902
294,3200,44,False,True,0.004873246271530705,0.004417676490430137,0.001634700714883994,0.004417422844436163,0.005137804377511127,0.004368931351766108,0.0013720841296397906,0.0030060143293441834,0.011416094579314003,0.00558834071584358,0.011416207305891551,0.12135212736616985,0.011597379999798915
295,3200,45,False,True,0.0016983853126375582,0.004439767054715343,0.00024390959474064424,0.004439660226141101,0.00537615581970433,0.004450094094153945,0.000641953440898208,-6.600480911203466e-05,0.006890636424083727,0.0013068842267651016,0.0068903725266002,0.04957044419082607,0.006984652094755392
296,3200,46,False,True,0.003162412748691496,0.007808880762901273,0.00047031881076468993,0.007817417655455988,0.007695313950173282,0.005297112924552014,0.0017645174061054064,0.002423724039151701,0.007203911620108752,0.005422045392412641,0.007202719723081845,0.06719304782246355,0.009359411352668129
297,3200,47,False,True,0.0014832997968137764,0.005203265936377388,0.00028420834301674954,0.005167116503515729,0.005959287483550273,0.005192044399422265,0.0009078386673335634,-0.001769232046728473,0.005281082589053216,0.0006416243426544319,0.005275336927762382,0.11232235522685802,0.005358446275236975
298,3200,48,False,True,0.0003813945154691505,0.00531734755492004,0.00037417060264324597,0.005317529666042442,0.005561053222446648,0.005294193552134369,0.0015582799732901252,-0.006764944806896144,0.00023816486442303388,-0.006798277362684533,0.0002378692736212429,0.09074117082026284,0.00031594812172566766
299,3200,49,False,True,0.0015461418679590328,0.005272709191133902,0.00025500938876225893,,,0.005251601814545465,0.0016498403846282855,0.00020145190608538823,0.00603812146933766,0.001186340429061236,,,0.006145203189225665
300,6400,0,False,True,0.0025812770247250955,0.004911830923780149,0.0003911913919536422,0.0049118586216414135,0.006170609595905853,0.004938341046370351,0.000731637669352177,-0.0009288390299894961,0.005090738952040343,0.0011561457142174117,0.005090262486159656,0.05948499530399785,0.005168558638435419
301,6400,1,False,True,0.003844712509580251,0.005634166596548822,0.0002376210551944859,0.005601072485733505,0.007106447401149503,0.0049329437480547305,0.0002956547204215882,0.0015457531308232869,0.00912957682701279,0.004772193047974242,0.009120555481870128,0.15665725108467946,0.009694772182189462
302,6400,2,False,True,0.0018748266348905384,0.004676507925553758,0.0002945970806826653,,,0.004666971179202579,0.0005993756308636242,-0.003000491161213185,0.002588737588050396,-0.001768860613048494,,,0.002628362326693237
303,6400,3,False,True,0.0008297393822567896,0.005099867620643519,0.00022126315757306367,0.0053887489283539316,0.005587064846353283,0.004967596373632827,0.0012360342302746752,-0.002927291598377967,0.0024740422547541918,-0.0023935186972641933,0.0022721843346523584,0.04210719919021036,0.002620032191903904
304,6400,4,False,True,0.00203214097669186,0.004746509420420501,0.0003488710543833424,0.004745154505485867,0.0053336449352608265,0.004749154267431754,0.0006985051644368134,-0.003079199623673812,0.002237122179785871,-0.001885487467332614,0.002234766891855777,0.05604824953149338,0.002274770596924311
305,6400,5,False,True,0.002197287895767266,0.0051798794538805044,0.0003513978598295395,0.005212602254796287,0.005505872530726619,0.005183988898927652,0.0004286670114750091,-0.004693051321922339,0.003145977541551126,-0.002884765465550889,0.0031498446871267307,0.12236315237772671,0.0031874571678987274
306,6400,6,False,True,0.0008172173723720891,0.0056868648859708356,0.00011547658466541241,0.005664450640635811,0.006288330882323799,0.00564270294500137,0.0015285895483978713,-0.0029341497498477937,0.003029268051885481,-0.0021171743799967956,0.0030747213855737243,0.13427406251686824,0.003190115957705103
307,6400,7,False,True,0.00250600333651967,0.0049165295318940065,0.0002465615686268585,0.004917736821468895,0.005995505184101326,0.004950523671853727,0.000677805734931944,-0.0001155552068549913,0.006907245938527104,0.0020487411030247547,0.006906708939415598,0.03352772208566028,0.0069558468922170935
308,6400,8,False,True,0.0009062837411372507,0.006188668031959578,0.0010353669951479088,0.006185473756611133,0.006565250938064756,0.006105302253027109,0.0005226198158982259,-0.0006293124384551202,0.008345121013937806,-0.00042423105554717467,0.008345106964697653,0.2549893050853271,0.008500312208429464
309,6400,9,False,True,0.0009234494551221893,0.005109823319509115,0.00035299001931823437,0.005115877012835911,0.006046508797211671,0.00510974601182137,0.0012802698535387695,-0.0020333314441256423,0.002505691208531946,-0.0012240117670742814,0.0025056390627838532,0.07066250879003087,0.00258343515246863
310,6400,10,False,True,0.0024031999339697878,0.0053186547781603095,0.0009832742858735817,0.005318238544186139,0.005871684924042273,0.0049186392664738714,0.001504749814302197,0.002089624703944052,0.011040883926851706,0.0030232449409035834,0.011041529771151951,0.12637459201869142,0.011527850368709736
311,6400,11,False,True,0.00038071319302624876,0.005571886868718019,0.00014566488138496566,0.005552624927171409,0.00556844025134425,0.005012614186919129,0.0004127219412155903,0.0016787409425065708,0.006660299071060329,0.0019507961528036195,0.006638047805322867,0.061277064057222844,0.007029751730640604
312,6400,12,False,True,0.001158542705773089,0.0050820511438482326,0.0009588516303174825,0.005082055751798842,0.005484470670165506,0.005048398960668067,0.0013676814525343216,0.0032120296215312426,0.007664641240477739,0.0036925800033373937,0.00766442355018036,0.07775177951273143,0.007743917692585145
313,6400,13,False,True,0.0013621931952190957,0.0056931893091100695,0.00042766602924605176,0.005692482930890207,0.0059744240296286145,0.005725363918248726,0.0004427100153572335,-0.005751732647279373,0.0004104219518780461,-0.004991627530887068,0.00040286827822317407,0.09650525233695656,0.00048109277324698274
314,6400,14,False,True,5.401847975314686e-05,0.0050377801339305,0.00021825815096903175,0.005040207504775844,0.005566289227125357,0.005034672244648914,0.0002431009125517201,0.00017679921318172227,0.005338754942084041,0.0006393847202561415,0.005334566221904104,0.05541787685418786,0.005375272028462108
315,6400,15,False,True,0.0002529029792689267,0.005513540909565731,0.0005032272821081809,0.00553057589382605,0.006252045036343876,0.005284526158645706,0.0004873422347052703,-0.002436663242452932,0.0027781327492813544,-0.002218254308257258,0.0027769216769774376,0.0613541287691635,0.0030058302786777763
316,6400,16,False,True,0.00018624225447036325,0.005364955087821876,0.00037456432931491786,0.005359914242371264,0.006208100904800585,0.005369714955500888,0.0006713669673044794,-0.0020648054147402025,0.002547986529323385,-0.001762165223646878,0.0025418724278570438,0.07907029057865345,0.0025827081252956935
317,6400,17,False,True,0.0016737569965543653,0.004926009621632425,0.0003028760519878232,0.004925911975380622,0.0056854307593428985,0.004925820690592879,0.00029461967135494124,-0.0003221259940059768,0.00772695901623095,0.0015402261461783073,0.00772718645695619,0.0841504280280935,0.007786984232928937
318,6400,18,False,True,0.00116310715573383,0.005150563432007051,0.00018517290485506506,0.005153239609367161,0.0059025225087120815,0.005107175212361668,0.00034862186023846653,0.000652946165475327,0.006664191880445181,0.0013665438913530834,0.006666751184193523,0.07134883004186662,0.006750564216689819
319,6400,19,False,True,0.0003953388807819513,0.005165859054441392,0.00029147433552833245,0.005430905449928152,0.005926399552222229,0.005186655556025357,0.00035401196139359006,-0.0013121410335102458,0.002955746189121573,-0.0010138890246495797,0.0028347907650165993,0.04940408900122284,0.0030051838772111594
320,6400,20,False,True,0.00010372211075895207,0.004991280847750706,0.00029146600600654963,0.004990407425596714,0.005821416076500876,0.005003497516887712,0.0003643804259885518,-0.001428370997816063,0.004729349966539917,-0.001089672748849985,0.004728791928761212,0.04458915695130503,0.004773740599623766
321,6400,21,False,True,0.0004453275956065683,0.00475859127723568,0.0002553347661549139,0.004817339103797495,0.005350904602041272,0.004760154249555138,0.00023164866482585237,-0.00524219153679619,2.6634070544755417e-05,-0.005055590374069572,-0.00013454020669252388,0.043839025071080256,6.50425222083334e-05
322,6400,22,False,True,0.00029660668166518674,0.005537619216344031,0.00042234331020687786,0.005537711788980024,0.006263689564585416,0.005550988051711652,0.00047083325005366965,-0.002420451961764191,0.0018930659550206563,-0.0021907525503004725,0.0018925940563694432,0.06952134908419934,0.0019488001086409995
323,6400,23,False,True,0.0021202855978116096,0.00510641887904255,0.00024935652014279326,0.0051056441834669295,0.005358634571395553,0.004966322425618214,0.0005423952894898973,-0.0014105691597127057,0.00504818674983758,3.87206361325454e-05,0.005038468253748878,0.09774212226711868,0.005198887310516168
324,6400,24,False,True,0.0014404374754225485,0.0055537533779871535,0.00035239777623360306,,,0.005552031041727318,0.00030011500145607,-0.00238710837551781,0.005215779322377259,-0.0012544514429950312,,,0.0052676062926213935
325,6400,25,False,True,0.00011080781781048312,0.0049677574770314115,0.00027846130597289495,0.0049673848468141405,0.0056958695001982015,0.004971869584659724,0.0002050640853714967,-0.0015065486114774129,0.0029545783241154665,-0.0013010908989989811,0.002951390601716799,0.03547678059085531,0.0030022426632887733
326,6400,26,False,True,0.0009209131109440624,0.0047701387343831465,0.0010351049859795751,,,0.004795560908002032,0.019991060359595948,0.005906275010725163,0.00896008933336196,0.006023566537660882,,,0.00901361198176194
327,6400,27,False,True,0.0023238861335459736,0.005487760292965933,0.005522559910670018,0.007211503051227117,0.006097794313038593,0.005426874342868392,0.00037116527931234844,-0.0020432394908223993,0.006341736876056281,0.006433199830866684,0.00594045298042957,0.09155359550137908,0.006431414727092355
328,6400,28,False,True,0.0007914452282935211,0.0058878658251168585,0.0007925332056981705,0.005884964610938719,0.006724441006508789,0.00589206017388654,0.0006581413481567816,-0.0016403677461685423,0.002712209811166346,-0.0014735690648916503,0.002711750580658823,0.06382845321716495,0.002757419568151828
329,6400,29,False,True,0.0003446707163475124,0.005197025945686868,0.00028133652964880613,0.0052519540844310165,0.0064847127820404716,0.005090751391423597,0.0014338237348927208,-0.003231777175792504,0.0021789151243352123,-0.0029353004844443567,0.0021669643053119536,0.039798566916246114,0.002449387953175855
330,6400,30,False,True,0.0012258982674562319,0.004792947931665343,0.00032400392277215763,0.006032085115504005,0.005201837665208961,0.004801889707967578,0.00024406974524017754,-0.003050395808693707,0.002193348472263228,-0.002388458529881999,0.0016643509149999504,0.02056425841101289,0.002238444612177218
331,6400,31,False,True,0.004546961181877744,0.005221257254740917,0.0011777597458547944,0.0052296438740774805,0.005787430131106346,0.005228596868250506,0.0003946257106028507,-0.0007970833900704255,0.006025226369890273,0.0016318841298761228,0.006043078611136874,0.08736798597745418,0.006076781010081925
332,6400,32,False,True,0.0009840355765948542,0.005569239379834835,0.0003826420231345148,,,0.005514071261704065,0.0003682022826818572,-0.0016040138296275347,0.0042202266217815955,-0.0002519540232620288,,,0.004325831970440119
333,6400,33,False,True,0.00029489674088179467,0.0052815227746246226,0.00024979260901973653,0.005281370909526598,0.005480969286310341,0.005263545018613715,0.0003663157417750349,-0.0047641136544676315,0.0017457355090994752,-0.004475537506106583,0.0017461857135227278,0.07307006213687338,0.0017917048717627782
334,6400,34,False,True,0.0022450353179632163,0.005014800499641357,0.00037715454983309603,0.005017709367181351,0.005743467921383776,0.005013967429242297,0.0014299027337035626,-0.0017787815004706256,0.005465365313699593,0.00023409562123962309,0.005462900581266404,0.006091168997935679,0.005509269498378447
335,6400,35,False,True,0.0025978949676192476,0.00539117347973596,0.00019401555153197533,0.005484346049222993,0.00559373929390118,0.005083641322872224,0.001545888651827508,-0.0036865419018335577,0.003195376624420856,-0.0018015752455583778,0.0031895918966134396,0.005217303767971408,0.0034353755707573486
336,6400,36,False,True,0.0012056068596805873,0.005375142494171069,0.00021646318642654333,0.0053749308373580666,0.005791696614660272,0.0053489225825565515,0.0006190035701562908,0.004302681978072186,0.009718458223845925,0.005295141078736691,0.009718140727898153,0.05934321457626268,0.009777889486907707
337,6400,37,False,True,0.0030047740509673167,0.00497092650310611,0.0004465046494620125,0.005519997657178829,0.005890389009820992,0.004893299076754101,0.0006411984844274261,0.001863717873734283,0.010407864322051204,0.003418246773911436,0.010031681613148286,0.034059705576912104,0.010526596645269046
338,6400,38,False,True,0.00148244704040985,0.00553721846289806,0.00014387149752347268,0.005525491932139102,0.0063034527906353326,0.00540086875290561,0.0002873364854645626,-0.0004169184879988254,0.006671584683672869,0.0011269974762513335,0.006669566847623702,0.11376170243848466,0.006811061970983662
339,6400,39,False,True,0.0001652243599969053,0.005090605323823487,0.00014723239956573352,0.005090648607819441,0.006106591540326882,0.0051099465880046656,0.00031653305260084374,4.219931331172454e-05,0.006050096401575917,0.00018567763536177215,0.006049886904683355,0.08180666019462572,0.006149564372287461
340,6400,40,False,True,0.00493274312881112,0.005136483164759451,0.0003207946516410667,0.005137208202863305,0.005836781432385194,0.005148879854471108,0.0003692864683126414,0.005295351160991564,0.005483005511346999,0.0015263506313125692,0.0054825581987005025,0.10971278954049363,0.005526133168863204
341,6400,41,False,True,0.0012558218487533238,0.004709697260808724,0.00021495131297091685,0.0047020705582574325,0.005496036582435069,0.004582166778283207,0.001741771061894528,0.0005733203394757667,0.0074470162532423246,0.0024563744576392324,0.007449482017974489,0.19236480917091925,0.007682911099249595
342,6400,42,False,True,0.0006919250780933188,0.005271021207281123,0.00021776985047875573,0.005288690739177949,0.0061194577004117425,0.005288036611280414,0.0013473878135354573,-0.005172104782456602,-0.0001609185585358297,-0.004397424243143809,-0.00016781280883343186,0.033494861522805765,-9.459529579160242e-05
343,6400,43,False,True,0.0012016463218363278,0.004968089553567563,0.0002820174160439277,0.004982521249441012,0.00569889076325392,0.004887785507692004,0.00018926867373054746,-0.002320767720011315,0.0038054931954081186,-0.0012001850712949388,0.003801068936965599,0.051344103597962876,0.003934100865902276
344,6400,44,False,True,0.0010069477273383827,0.005145576405123864,0.00027429867586177884,,,0.005035465165070299,0.00033080373164500127,7.977835487089634e-06,0.0051792167458143724,0.0010137940593142312,,,0.005388794619203094
345,6400,45,False,True,0.0006372421739268284,0.006089929822901312,0.0002813156995430433,0.006114812919459787,0.006714024756770412,0.005527794206472492,0.0005018933511525513,0.001385382183679804,0.006489845663660407,0.0016174857116877572,0.006474981167235239,0.07501282033333354,0.007052821476121379
346,6400,46,False,True,0.0019034709483530777,0.004630967461968401,0.000258106519493781,0.00464721956227492,0.005207485890420446,0.004605183660590165,0.0003955203284339794,0.0006385820789996927,0.007863887392058793,0.002432570885271296,0.00783421583274114,0.12296400002763988,0.007928857795176283
347,6400,47,False,True,0.001768851122713609,0.004748761114909632,0.00035278385603350446,0.004747783775166477,0.00529142098098452,0.004740153589878049,0.0004966868862116304,-0.0001323700702343824,0.007900730300729606,0.0012650340131296505,0.007900170991628546,0.11217123585406774,0.007946785946704796
348,6400,48,False,True,0.0010582246111423823,0.00589090149217877,0.0004413775506076639,0.006367769544289461,0.0069670069578279935,0.005917712250888173,0.0003767507221228932,-0.007003612834025068,0.0007252871581791886,-0.005049921899461977,0.0003562215172632044,0.07057088145330885,0.0007710165541374436
349,6400,49,False,True,0.0015259088261766025,0.005618871255521153,0.0003429502670345856,0.005642490983610629,0.0060603020689741285,0.005564155845840905,0.000271697796424534,-0.002470755214260562,0.004410793202248638,-0.0008436213584642402,0.004404619511019039,0.03920529222968842,0.004492282600600736
