,n,m,use_location,use_scale,MSE_wellspec,MSE_misspec,MSE_surels,MSE_NPMLEinit,MSE_NPMLE,MSE_thetaG,MSE_EBCF,SURE_wellspec,SURE_misspec,SURE_surels,SURE_NPMLEinit,SURE_NPMLE,SURE_thetaG
0,100,300,False,True,0.004192818535486317,0.0033467831487969633,0.0008391415268091142,0.003346831970892959,0.003550979372925777,0.0033466999325621445,0.0030765910349070144,-0.024669117174927112,-0.020591753505716976,-0.021468664880760678,-0.020592161117896718,0.0002778241668910475,-0.018184811873200576
1,100,301,False,True,0.07323596977640011,0.04288523187953107,0.04898182043558135,0.04311012716637386,0.011580863202989128,0.015078984136477005,0.05176844403237209,-0.01988521704473736,0.02990273521828371,0.00330287855486669,0.029914683128885393,0.1416137543899896,0.05345283982835024
2,100,302,False,True,0.0562768817795319,0.009691101710451842,0.0011915816678460555,0.009696567334705112,0.005377590899414736,0.00402126100161078,0.023364687764509534,-0.01902607523518262,0.006537963030209273,0.008551296893958017,0.006536663858200544,0.01081981406140711,0.011827523767382456
3,100,303,False,True,0.02716829076052975,0.011376567243158506,0.00484261125299169,0.011381458682659475,0.009480250599083511,0.007187186090054612,0.013194365619225388,-0.035146476584761874,-0.021648359343408714,-0.02245372626436232,-0.021650331942897002,-0.017569262293462878,-0.01664248619669588
4,100,304,False,True,0.011015391336338396,0.006063011791609463,0.0014475393163652216,0.006175850507550779,0.006643886776162453,0.006063078378145859,0.006784586478142271,-0.039036308190311744,-0.025787200926633815,-0.02811331164433649,-0.02583279626809228,0.0035618606296634425,-0.023243756317578468
5,100,305,False,True,0.007682950150363809,0.005682039377524008,0.0015415216329608542,0.005682030537894673,0.008728742961131674,0.005682033668149494,0.007488352111176623,-0.02848797555861012,-0.013958395454421986,-0.018620260750737565,-0.013958489379451803,0.02071314282416184,-0.011524527102031695
6,100,306,False,True,0.06059621275214386,0.02703404430527291,0.018557500939613652,0.027042273533307702,0.027669932863078756,0.01613247384542932,0.02039778817350295,-0.01435506915907759,0.015891318764359265,0.016381979852485695,0.015888145496332183,0.030338936076710094,0.02488089638857252
7,100,307,False,True,0.026614071600217542,0.006791457817195474,0.005194901998991131,0.006791531179144089,0.00994160118394148,0.00679149770221443,0.03333393809187689,-0.030346145384102633,0.005688532094073793,-0.0064437171394116565,0.005688217298314431,0.06190627015786339,0.008297860512950617
8,100,308,False,True,0.04000336140216523,0.009434671148695714,0.012253745903225872,0.00943476867248775,0.010664492187332867,0.009434708617222388,0.03237164542217178,-0.03710381929694767,-0.013848585276500654,-0.014102236358873739,-0.013848890302938255,-0.012728562024724966,-0.011100849586990383
9,100,309,False,True,0.011603987071178481,0.00939984303507562,0.0028966061658780573,0.009399909975113542,0.012488346646098734,0.00939986240299771,0.005514496099257752,-0.04357379212332648,-0.02249694097869721,-0.02764775467231566,-0.022497153496390077,0.02761014622953052,-0.020038131484528945
10,100,310,False,True,0.044620907581607555,0.027771068736980625,0.030720565159682578,0.02777093599198941,0.018834154876384488,0.018773522181429504,0.04372372817500465,-0.014303950718828,0.03596078864705886,-0.003796322770738279,0.03596170003036006,0.26273040395852243,0.042047799011563594
11,100,311,False,True,0.019288282818411454,0.013311995311208935,0.002643251075331728,0.013309981282469652,0.011078763574011606,0.0051523036320556825,0.007363546695414021,-0.03439614695200847,-0.025238636938956668,-0.019032271987773762,-0.025240680800564838,-0.014750190662508586,-0.015784133650305246
12,100,312,False,True,0.03269352121193596,0.008142454005721889,0.009701702367256896,0.008142682167098686,0.006477501470801437,0.0055720806083091965,0.022343185853667378,6.212829888287973e-05,0.017734868836179134,0.011625623968436857,0.01773444516875147,0.02588076136125325,0.021206235313172575
13,100,313,False,True,0.008681145862428267,0.006350473717505422,0.0033241357644866656,0.006350687141005225,0.0036881134532123013,0.006350223817104191,0.003768403374071364,-0.03116974000878097,-0.021867624961699104,-0.026907861233202067,-0.021868050581779083,0.05696577540219525,-0.019561842122323023
14,100,314,False,True,0.040455649098222815,0.015632937336752074,0.009138693829932315,0.015647845562694582,0.014417184858687355,0.009464030336419392,0.019442723078515012,-0.011080967595264118,0.01136004679588739,0.012403748806272732,0.01135804342670756,0.0658408217403459,0.018375055908984153
15,100,315,False,True,0.03963564291683242,0.016107644044842065,0.021343816836086785,0.020334278370555906,0.01258578038274373,0.013444810223428442,0.02508815010069283,0.005667489446853051,0.03478797903762997,0.018279556582936635,0.03197833490717599,0.12716043862870496,0.038114267743233336
16,100,316,False,True,0.03353224392625401,0.007880468153889037,0.007010321291177779,0.007893012566537296,0.013815180929244594,0.007148489107564346,0.019489970516628118,-0.031628360573661904,-0.001322972434881322,-0.0008386848674503167,-0.0013309162954844211,0.047058621406447364,0.0015075127965336194
17,100,317,False,True,0.0020163177114607854,0.00921789981442477,0.0020198261551350512,0.009191156807435206,0.006360321266845512,0.005962911012083323,0.005903438724097219,-0.023386621270264533,-0.01629891397187791,-0.022622970459312133,-0.016301263592205437,0.010349047274355492,-0.011649488291048893
18,100,318,False,True,0.02630151372151937,0.0042664625913313515,0.004821663839698756,0.004265622097602354,0.0060043797721843865,0.0040504626770078225,0.005723938595667092,-0.031492317914486374,0.00881782426694688,-0.007372801622768498,0.008818432842546783,0.09327192362374939,0.01154471656018348
19,100,319,False,True,0.0026125640995012266,0.00727276345741055,0.0005544416829145294,0.00727287399603486,0.006354747980275677,0.007272534365598096,0.0017977727027986424,-0.04468000276872683,-0.03483120618708371,-0.042550845011782024,-0.034831507928102586,0.0011693594383773665,-0.03238808558452026
20,100,320,False,True,0.025423398666538442,0.017525911961394386,0.003929071323738282,0.017535935111259525,0.007357931411471162,0.00674888798899646,0.02235864897788735,-0.033426057547541535,-0.016720089093181054,-0.013689012131774926,-0.016722492267279333,0.01108965359612487,-0.010426184555032303
21,100,321,False,True,0.04290166247491278,0.017051709758036625,0.011329452447035749,0.017055201654995668,0.015063816338604059,0.005609175984862361,0.013303754823895415,-0.027268667152981367,0.008254640831003144,-0.0005203760831917515,0.00824988816006286,0.08724229416475693,0.023001210553224738
22,100,322,False,True,0.0041470799371480255,0.004323890760281996,0.004359327044816478,0.0043239345517323835,0.004312647711855977,0.004323895485330085,0.01034064538842259,-0.014336581888277147,-0.01433404673119373,-0.013787233501231635,-0.014334276678330884,-0.0043224931417597465,-0.011846244105371828
23,100,323,False,True,0.02630340534238765,0.0036231894385105523,0.0007933064553647486,0.003623259332980869,0.004815629135316826,0.00362313237160611,0.008923206879913334,-0.04946576672110492,-0.01869524176385964,-0.024192339181377198,-0.01869553024591058,0.03042872795686737,-0.016135433238300828
24,100,324,False,True,0.020247001113458344,0.004418924827059786,0.014366233172108101,0.004416578168796324,0.0068924569965525375,0.004281043889302544,0.015539692705668457,-0.02661511739507704,-0.0024063156707421563,-0.02448649843041001,-0.0024090341292125218,0.04011966747879686,0.0004281331831544749
25,100,325,False,True,0.01088103447866086,0.008165541791472875,0.0029408002140609547,0.008165627730165489,0.006270489973754663,0.00816539740684165,0.0065060115241713954,-0.021037554128474113,-0.014747695980408296,-0.018085945482558614,-0.0147479401159959,0.032741355477793374,-0.012291619767950832
26,100,326,False,True,0.038914563040800196,0.011859047449790551,0.002692473446228256,0.011866297999782845,0.012144044786710124,0.011052086162954547,0.00958001428849917,-0.05062408700946554,-0.004115710914715453,-0.018752051141217568,-0.004119696399542381,0.057071286812373216,-0.00046472597540517246
27,100,327,False,True,0.008463833611741186,0.002801169195151683,0.00081837222823837,0.002801203888604591,0.004461508078547577,0.0028009846266034326,0.005466343569449687,-0.039533625758569495,-0.025816520670190874,-0.03129679364458987,-0.02581705789098832,-0.0071416164619184565,-0.023498838629949184
28,100,328,False,True,0.009669130744818765,0.0035660984538016583,0.0024570206012423193,0.003566179530924783,0.004273532592684776,0.0035661606311503165,0.018488977756516152,-0.014342239081703585,-0.007188793490537701,-0.007331152361667218,-0.007189071648218981,0.023291473579650983,-0.004771312022867083
29,100,329,False,True,0.012604290707878012,0.010468446336842317,0.00496464971215229,0.010467426671988554,0.015526581091163838,0.010468502821208925,0.00538273750105933,-0.03668558234928969,-0.021372701021569077,-0.028560702521784668,-0.021371866060633488,0.013138271067252667,-0.018775519266180304
30,100,330,False,True,0.019625170693533603,0.013029003057311517,0.010436368984989538,0.01303605762081838,0.015076018007900802,0.00585096477455974,0.006789109510832616,-0.020528550747443343,0.0029310243988768647,-0.015635324536885396,0.002929241223759167,0.040115801558639565,0.011853667245297808
31,100,331,False,True,0.04016338404379081,0.010928810824950674,0.0036054433734724373,0.010930295726301983,0.0062571516073445235,0.005806352449510098,0.0074654357555478616,-0.021185454038188275,0.013454525124559566,0.009536700588546809,0.013453567825385235,0.03680537465831732,0.018081613749099543
32,100,332,False,True,0.024996437523106558,0.00316557171125795,0.017275811940411414,0.003172684761411558,0.0052268202270218155,0.0031551693431555563,0.009682345873418562,-0.03406884572544575,0.0012938215055152114,-0.02641049076757708,0.0012880692932612803,0.0854963811002517,0.0039550470213708805
33,100,333,False,True,0.06245840945915302,0.03164676979242421,0.011760997909338653,0.03165411049527593,0.013474061660217253,0.012480339002020975,0.03628710515532348,-0.013996966089460312,0.028252523558329586,0.030437928728340908,0.028250041494400052,0.0380117243623018,0.039135380936428335
34,100,334,False,True,0.058304578913227864,0.0061141433490281005,0.018270405943921143,0.0061140928976374,0.0073323679403303225,0.006132822079521593,0.02578537747400054,-0.020108537939296758,0.00963541346240744,-0.0011379927886637376,0.009635153772259547,0.010025560541531498,0.012245122236684766
35,100,335,False,True,0.02278274619311928,0.00508300426761602,0.0006383716914375397,0.005085992994511925,0.005712539948149378,0.0041480465967353285,0.014324826692920883,-0.02706586500328667,-0.006569617666899337,-0.009080334283200275,-0.0065704068187657505,0.02351336420798697,-0.0035005294373224444
36,100,336,False,True,0.06992371454817523,0.05420207729749778,0.035599109587406,0.020430547375071707,0.010064565218513169,0.00864873732969198,0.03650285696040616,-0.05061160666309907,0.01883478412280688,-0.022354245201756166,0.042175914131406034,0.19598947827787036,0.04911184829481724
37,100,337,False,True,0.018040464482493235,0.014218159195356976,0.005607188580110733,0.014217984473948233,0.010360064418808108,0.014217861608110451,0.04936265083376543,-0.0326584959633105,-0.0062188522115886255,-0.011669218275808295,-0.006218639014355105,0.13552830546209138,-0.0034041809546718482
38,100,338,False,True,0.027393734308033726,0.0093226828198169,0.010476593096232858,0.009323068389757393,0.005381345704419308,0.00932272152902833,0.01871958343599897,-0.04010947263662607,-0.005376326554772319,-0.02039528533990907,-0.005376408853312071,0.1695704463891065,-0.0029862008068801266
39,100,339,False,True,0.0075931930235755216,0.004942314545738455,0.00025201851351499047,0.004940764503070495,0.006271893500462869,0.00494229254669375,0.007398062852083463,-0.023375970780089544,-0.012301205737212922,-0.017072833998420057,-0.01230067189792786,0.03030922510651722,-0.009665025763989282
40,100,340,False,True,0.09001837597810818,0.07420098337953099,0.030036794816332896,0.07420076622488037,0.043017560393751146,0.014773150631292767,0.03221700538890797,-0.019606844269418413,-0.0038788252249764986,0.014510905866243652,-0.0038807284564106584,0.2043519029843209,0.048538201419003224
41,100,341,False,True,0.1210339462047331,0.04555595392584801,0.07384864374334475,0.04556073279146366,0.02005100076799017,0.022091760558724163,0.05682360504600324,-0.04119853508717619,0.06417112661858514,-0.013213249645941932,0.06417213010048624,0.24365832220487968,0.07663286880710146
42,100,342,False,True,0.014053873206307863,0.0038071306288865255,0.00327268359505525,0.003807232924587299,0.005476625876746397,0.003527235014450703,0.002152981917702765,-0.015623210313425666,-0.0037858783993860003,-0.007986693636731084,-0.0037861365303658093,0.016577775544125258,-0.0012935718009883662
43,100,343,False,True,0.018827223891359542,0.007875690805856463,0.007293396517446384,0.00787566669002238,0.009556027165500514,0.007944920709739628,0.012408110335535861,-0.020800003031395318,-0.010073893131705418,-0.010367622126534567,-0.010074170007533497,-0.0007644203346972489,-0.0074456680494979915
44,100,344,False,True,0.012325539382478278,0.004292969181709808,0.0003357146200670821,0.004296571322382636,0.005331984363878308,0.003945267924207434,0.003595292940419781,-0.020202627694340735,-0.006544131605037063,-0.010439584201193224,-0.0065450311961587635,-0.005119517082865083,-0.0036054329811892327
45,100,345,False,True,0.024189350871191694,0.003918509359099308,0.002305128058162314,0.003918515686537292,0.003987111298593068,0.003909054557794917,0.012212047577501961,-0.020684439689518684,0.0033355050453040213,0.0023618592861548724,0.003335308299794271,0.02584328487278869,0.005846815904700597
46,100,346,False,True,0.041873936843206734,0.032296475824464606,0.02421785546305182,0.0323070824899444,0.024607489118495043,0.009896521894225734,0.022417157167738424,-0.007824440266334061,0.002138249322173582,-0.002407666177967373,0.002134485536201378,0.09890148468375436,0.019176029893362867
47,100,347,False,True,0.027325069877338272,0.007616013086015099,0.006635709840263419,0.007616149073213564,0.012032319253058222,0.007698598848428186,0.021994091571178855,-0.018921413578924275,0.011094478133107497,-0.0005202258417773608,0.011093987506272072,0.042972305215690516,0.014209928756848927
48,100,348,False,True,0.03787767148801738,0.010793382894342179,0.006688644220359304,0.010790344351491454,0.009542621663842234,0.006945984528946384,0.009467667775281307,-0.013240004416614359,0.014294762659876952,0.017453962199597838,0.014293394398208807,0.02151378216261424,0.019665108110156662
49,100,349,False,True,0.026365769956613615,0.010834890966830412,0.0031616077900074135,0.01083904000275004,0.010813878495282266,0.003465824539098949,0.011119156439225683,-0.04166919435614624,-0.019341121971451988,-0.023711467080322866,-0.019343032477657545,-0.0005964555081847678,-0.008906169127684327
50,200,300,False,True,0.018456028836556046,0.0073926322298153305,0.0013330696130768587,0.007408428020914952,0.009187981801996932,0.006044745533886454,0.006067816118006354,-0.014396389468325218,6.939388348781606e-05,-0.002879000826057897,6.335429291162597e-05,0.032506932666718794,0.0020300395602934895
51,200,301,False,True,0.020738924117599013,0.005213826503483974,0.0006682015991878596,0.009499204887101908,0.011472638851470394,0.005214050158654052,0.008240416167140826,-0.03305197246964544,-0.01232309328626517,-0.01986810260776312,-0.015964401003512024,0.02799380937930632,-0.011091462220516546
52,200,302,False,True,0.010843488039562792,0.007275603159095114,0.006746648554203797,0.007272534294701652,0.00856367928757491,0.006673436017346751,0.014857969571379134,-0.0031435848461784694,0.018347373579987798,0.018655439922255566,0.018345875301762966,0.06447672335989527,0.019969013627826868
53,200,303,False,True,0.013845116966111445,0.007028576905832683,0.0032075431211450534,0.00702893596303241,0.009452979047985165,0.0054170626279195075,0.0081575997607152,-0.008322503439301365,0.0012285767775031254,0.00023488637571931315,0.00122831858949219,0.02756249766936607,0.0035585135202142043
54,200,304,False,True,0.0035653404369584674,0.004490233908145252,0.0008995542833126435,0.004490022824764348,0.003760697234676791,0.0044902250845745536,0.003386496454304967,-0.0048850325080156435,0.0015261489095710168,-0.0019079300323495395,0.001526090112890408,0.04244111876711955,0.002703330340692117
55,200,305,False,True,0.05412920366374013,0.014008042904924259,0.01875543076748125,0.04730437487225477,0.01859190101954096,0.013011172266065095,0.015698890286399498,-0.010347771199678998,0.042788627821698205,0.010784606133596266,0.022700637039032225,0.1847978368800939,0.04511142759628402
56,200,306,False,True,0.022431783738830237,0.010855246422931154,0.0038356093246181364,0.010858786466512813,0.0074938144438040566,0.0059991140356603825,0.011916256122192121,-0.0095600182331294,0.011166741521034283,0.00343574683118979,0.011162043172494904,0.03218345686178372,0.015567956310764755
57,200,307,False,True,0.025924867190907256,0.008831894876082566,0.007197297506471182,0.008832549372617604,0.01298505492054728,0.009412211379758624,0.010068788627703731,-0.010589627692320129,0.012795699642594513,0.004323033344581064,0.012795530334160574,0.058577078613157293,0.014073585393653873
58,200,308,False,True,0.01904327462668014,0.008657137649317567,0.0164588385428293,0.008656536513751045,0.009371905076563446,0.00830774944794602,0.02683952608133052,-0.012891744302886048,0.02356377958185142,-0.010635738858629704,0.02356404049269944,0.19044825664672196,0.02513789158809121
59,200,309,False,True,0.005406912192065528,0.005488620043561982,0.0010158417620319425,0.005489120170606027,0.004430691968391827,0.0051331857396095006,0.006178906173763183,-0.002575659772649085,0.006418691446350558,0.0031982282358642877,0.006418208959279923,0.014244085915688291,0.007806308177606677
60,200,310,False,True,0.026345902961005935,0.02612142859908463,0.0026357173741706065,0.02877665983392769,0.013021751626911273,0.0072395180910197945,0.0036696167633701094,-0.02288603026194347,0.00035410875744705804,-0.004228591071746015,-0.00033614131210960355,0.14021532077113225,0.011054236375592996
61,200,311,False,True,0.024446851611988632,0.028556073643545843,0.003434692570680488,0.01705799478290074,0.02051728861668576,0.006830109391631974,0.004558890107023684,-0.029772406975818812,-0.01247329343739402,-0.009664056063781176,-0.008393670839450956,0.15470783353899203,0.008816383489280682
62,200,312,False,True,0.014471048091972838,0.009489041257425536,0.0018195043901608797,0.009511091500241424,0.004285124993930657,0.0049714325963396925,0.002733155564735861,-0.017342476176413407,0.001212398147183027,-0.004333335311709612,0.0012101786226884315,0.014074482201877353,0.0035366612944050663
63,200,313,False,True,0.0019018070689566713,0.006649506697958574,0.0007387162091883643,0.0066497480621292215,0.008691889441249412,0.006649482720129745,0.0028423829151518693,-0.01725270616337546,-0.006717256305296289,-0.014638779887911743,-0.0067175044753869356,0.015414362797837668,-0.0054171347212404325
64,200,314,False,True,0.008786008270121486,0.013544152857866835,0.0041629132332755316,0.01016730838977922,0.005938553598599763,0.008249608642740906,0.008476973208264873,-0.008933066086682134,0.0028187345724494327,-0.005212077094855404,0.004617717504721384,0.1319455026019268,0.006719297537196162
65,200,315,False,True,0.02597399852353177,0.006218578473961369,0.0014182290351316396,0.0066331841013915925,0.007113667826500696,0.006173391353591145,0.01115552539745292,-0.013622632020917562,0.005161611153085772,0.003002324750209231,0.004983135692044378,0.046118964119022526,0.0065335979414536255
66,200,316,False,True,0.004894342880162876,0.008796957543059402,0.0034280004958525427,0.008805895370568502,0.0045698826558696354,0.004372474883456162,0.01012789885251932,-0.0011531229584469038,-0.002595645020163602,-0.0011977089518561135,-0.002599626515349556,-0.001255279398039857,0.00016499355815435823
67,200,317,False,True,0.05234979969797401,0.03546883557726856,0.008784262821259796,0.03545088317527728,0.005840672226607756,0.003912605582159719,0.02563505388481801,-0.025742101862538096,0.00715025745851289,0.004196562038195243,0.00714792220734342,0.11802295885862384,0.02353002482621229
68,200,318,False,True,0.02485271116870561,0.009479806339817513,0.005279929306884836,0.00948241769007301,0.011458376943855729,0.007558750423059781,0.006481599295254095,-0.03275990031212042,-0.007176440490623151,-0.015216278322308572,-0.007177830355419008,0.013261661586086645,-0.003944570420269994
69,200,319,False,True,0.0035868630663625305,0.005573872894373027,0.003789550401329788,0.005573948313419122,0.005790655118263443,0.005573879841872564,0.0038524556067845287,-0.021941704463867208,-0.0215373861407698,-0.021655209164408388,-0.021537743069359277,0.0008484655469253255,-0.020330844765165515
70,200,320,False,True,0.037950159446441756,0.014802090963173758,0.015287913148896808,0.0147884293784103,0.007273239839039474,0.00828011392423947,0.013279177309447077,-0.004508159653653439,0.01887378068286708,0.00915383419096285,0.018869262758290706,0.027259914997558123,0.02303590657401594
71,200,321,False,True,0.037713165953419024,0.013393360305138212,0.0012658782944063756,0.0038571886903335695,0.0037700594052648235,0.0038427367276117276,0.0038360165899352606,-0.018048490244401246,0.003754701188212053,0.004907838355844649,0.005966851277577519,0.1146354002274384,0.007165918890082987
72,200,322,False,True,0.018424676915033536,0.009116494460278913,0.008758283029401744,0.009126054479056046,0.00771549032512595,0.007722274328938988,0.03359939884838999,-0.010998326201623535,-0.004810725163742262,-0.009100561427161894,-0.004814749568247194,0.030578591208423413,-0.0026899449133438447
73,200,323,False,True,0.014829371083955678,0.005408078900569325,0.006463262457310121,0.005408086252019425,0.0053817371475957665,0.005408109724581246,0.012884041791485673,-0.026886694354368173,-0.0190011010447925,-0.01905161974736015,-0.019001542624740218,-0.015484039808415293,-0.017757487649648365
74,200,324,False,True,0.04093414923824823,0.006238559967900924,0.01429381079990907,0.0062392573556707045,0.004162651277062305,0.005416391727539846,0.008757615430128632,-0.008160372414697182,0.024426924143465242,0.009684767091698718,0.024426598234284818,0.043529632613867546,0.026244738296389472
75,200,325,False,True,0.013499504102646578,0.0050363014294919906,0.0018417232464165028,0.005036477124201771,0.0037789410693707367,0.005036191822316145,0.006656883601758907,-0.024558443803752474,-0.007087335821260634,-0.014003313263045285,-0.0070875587250347925,0.10381886462584511,-0.005879482582939216
76,200,326,False,True,0.002372417716737608,0.005472236998113159,0.000711039061167314,0.005472291440144893,0.007502773744835061,0.005472127958696961,0.0030730193890685133,-0.02511672436880498,-0.014682619885100046,-0.02274169380693331,-0.01468286764172383,0.06007975264840912,-0.013427602186800891
77,200,327,False,True,0.0034385638685744584,0.0034789178618318266,0.0008423687851597786,0.0034789098639053787,0.004154738797031977,0.0034788282062704072,0.001087948527642175,-0.038002906243511075,-0.03344802530742483,-0.03476973342643082,-0.03344869270242365,-0.022884552370238627,-0.03226797543001024
78,200,328,False,True,0.0037337607761471115,0.004531922628250632,0.0012638821165320883,0.004531982791437277,0.004524847667833629,0.0045318852314687325,0.0026060844450293075,-0.024179769883078375,-0.020228717282229844,-0.021302780812367802,-0.020229146371477907,0.01271069354292571,-0.018998642230765098
79,200,329,False,True,0.01787728896023196,0.01337820493294441,0.0018684373725919826,0.013380174249901249,0.012200959534408322,0.006520906176946756,0.006111996454459674,0.0013304836715755952,0.012994572863969723,0.013657407162611998,0.012993463044118895,0.06425548409278431,0.020764159397527723
80,200,330,False,True,0.036811419272982863,0.04467044190462795,0.018009274240324016,0.0447011738253211,0.005120951202787015,0.005388062780992059,0.0254314082282996,-0.011804913599125536,-0.002502234604926059,0.000384405147348047,-0.002506982354469649,0.2238757136608781,0.03226709800260215
81,200,331,False,True,0.03667898073698144,0.015431006924947737,0.005733549344423927,0.015433823106109475,0.003392302790233803,0.0036005498176696926,0.014671735214624126,-0.02086985455385524,0.01309016378240493,0.0055833135043636805,0.01309101243038647,0.12291242666059776,0.02285419194497325
82,200,332,False,True,0.0421235167573661,0.012033448843102836,0.001854249163548236,0.012023511695563953,0.00505168272727829,0.00608046143488901,0.004929655379497926,-0.02392428773558555,0.013024769406346693,0.007254841044705599,0.013026608581127733,0.09166230288497282,0.01650735847296203
83,200,333,False,True,0.016705621156552334,0.00400113248418026,0.000676845331266636,0.004001153136637316,0.0034349085394218505,0.003985518905857621,0.010560619547204712,-0.02058650650738941,-0.0029654755452779825,-0.00560214677135919,-0.0029654108277370563,0.010306811587422117,-0.001792456321704064
84,200,334,False,True,0.01998875959376737,0.016646167638190868,0.0026051776647298274,0.016649501938302898,0.015503882969873104,0.0036851921050753945,0.007883583649958881,-0.023890813895045177,-0.019844581181069538,-0.009906535079891941,-0.019846123965743062,0.03221753589263704,-0.008594144795021505
85,200,335,False,True,0.004701014709418614,0.0035640342662904656,9.751081775811764e-05,0.003564121069991867,0.0043022984457411215,0.003563941180331329,0.0009453581618927307,-0.03683592605563079,-0.029282277254991662,-0.032697514475583056,-0.02928280697082272,-0.007618169176109148,-0.028060292034757697
86,200,336,False,True,0.004904132812324433,0.004904074506929059,0.0008146943811856987,0.0049041273910909984,0.004580970937471025,0.004903917380325376,0.002423203320558257,-0.010784828845122147,-0.01078459607216029,-0.013125233952076598,-0.01078484652741757,0.013667158080313158,-0.009569388010954014
87,200,337,False,True,0.017236257811501832,0.004927924153656424,0.007776533331712869,0.0049498621049321855,0.005173441276768064,0.00492790248967973,0.010490727277109268,-0.016322931181987226,-0.008234854375889712,-0.008564137534531016,-0.008241123801001057,0.00732160200966506,-0.007004179215825912
88,200,338,False,True,0.04201488932984233,0.011635819746616155,0.0011009102822120231,0.011449991766365141,0.010093176520285572,0.005448926060761433,0.0053288249470397845,-0.030278536268571746,0.0031471549760642326,0.002762515966590895,0.003054595296470577,0.04971721554814641,0.008324171009778072
89,200,339,False,True,0.008080465189224674,0.006774569306465452,0.003415217177940579,0.006749466127703869,0.006060843220553901,0.005064562211699617,0.004709754814649325,-0.011432308161431499,0.00437784448243443,-0.008107442543789372,0.00437547829179211,0.06258063449684807,0.006849678091098571
90,200,340,False,True,0.0204978175812925,0.013847513726073917,0.011857996394832686,0.013879167339115787,0.0988412055030573,0.12022880776013851,0.040061870066401536,-0.03393350323962041,-0.029412661599102014,-0.0291168763058744,-0.02939731992512625,0.34915893747021465,0.12733543124934016
91,200,341,False,True,0.032891427628456676,0.009495022786357712,0.0007995026267719246,0.009495076318587906,0.010320751362708283,0.009495012055394776,0.0033893569015473837,-0.02727046041454588,0.008207933179422255,-0.0019963099682187213,0.008207795966633161,0.09984458047393184,0.009498584137972832
92,200,342,False,True,0.00044044296713154177,0.0055706113421744655,0.0005766777568024209,0.005570704850373075,0.006591685119935283,0.005570449901475276,0.001323385087252666,-0.03257557555267125,-0.028258424491415007,-0.032836558657471406,-0.028258937133930573,0.04943728679147309,-0.02701212018386956
93,200,343,False,True,0.006968269048787156,0.006504850144442267,0.0032335400050154234,0.0065100707648123425,0.004809866094440236,0.004800630610395202,0.006731081465597849,-0.005154275977377927,0.009513765472087918,0.0032341793655121997,0.009510527801913967,0.05502560076465805,0.012018436149591027
94,200,344,False,True,0.015172088226106415,0.010736157408318127,0.001430011343429258,0.010725756011804158,0.008090341149905419,0.007730239129701796,0.0044304504629302825,-0.0089008440382022,0.01026500821212597,0.004803660985496135,0.010263134868179228,0.05546658563880721,0.013316010869069764
95,200,345,False,True,0.05063599696640129,0.032181681297905086,0.005906138105937673,0.032188863675032084,0.007007864605478301,0.008587048417961518,0.011526419422773077,-0.012001571558258189,0.016250934469319613,0.013281835101681492,0.01624753257492694,0.20179879773202905,0.02506209952758491
96,200,346,False,True,0.0019693463501829715,0.006700214124692654,0.004945004084979825,0.006659569040235711,0.005330543383423884,0.004885319499266891,0.004460030784711936,0.005083893622575013,0.009077502321940737,0.010093250255839199,0.009076721287705461,0.058062916794868184,0.011251068146088061
97,200,347,False,True,0.014391709275570446,0.008169729511876885,0.0011003385276075817,0.008160023784339986,0.00778652752434187,0.008070170379579371,0.002873458830877188,-0.022796370952223283,0.0010973192852360293,-0.008989078091533683,0.0010955262487576257,0.13033228778197403,0.0024181785918803433
98,200,348,False,True,0.009569619023962517,0.0030922924593192553,0.00038320477104504443,0.003092387487434709,0.0037865366168786073,0.003092209783408012,0.006089932385693432,-0.023706385162404215,-0.008866756012177995,-0.013926743827269635,-0.008867184682985575,0.003074293541968061,-0.007705282740564812
99,200,349,False,True,0.025356164243262338,0.005950648286066361,0.0008391013503489732,0.00595083693434995,0.006632065815634928,0.005950628105804501,0.010502040175396143,-0.0374288852724539,-0.002199699602648515,-0.010918983876622657,-0.0021998084586159726,0.08724949330569155,-0.0009534947334204763
100,400,300,False,True,0.005922066852811836,0.00716170464812939,0.0004233860638702831,0.007091948783105562,0.00872934546624212,0.007162348068832094,0.01201879359600223,-0.01616047538749265,-0.006199596555638749,-0.013365445285958828,-0.0062238575177322635,0.04641961829020541,-0.005515616264512413
101,400,301,False,True,0.010235181550651602,0.007545948187471776,0.005523397563309096,0.007555617514936391,0.006410613276053809,0.005472166868207526,0.0025075366931326774,-0.012144850316702187,-0.0017469680962599555,-0.00020347049331948032,-0.00175094839234486,0.012254372654728965,0.000282667986416435
102,400,302,False,True,0.044817139018677274,0.024342591644016278,0.014195241355246921,0.02427255693290645,0.010374366998133003,0.011312184447912264,0.010586231683857753,-0.004215699627358159,0.02728354992126951,0.017628185307129018,0.027282847694299443,0.15037406098240533,0.035078924059879876
103,400,303,False,True,0.027350227221423617,0.00484683809103886,0.004850041454989873,0.004846603936451662,0.006129537172545266,0.004827190723983058,0.01276994349943406,-0.008818903880991144,0.03051886066563581,0.030561886527006137,0.030518323382603522,0.12053900676426339,0.03118865167790752
104,400,304,False,True,0.003956878828144059,0.004065252842653032,0.00011501735903199223,0.004059575390483026,0.004510156345919846,0.004065347998512426,0.0033652240756606986,-0.014102900578436914,-0.006354113864809037,-0.01012615804935753,-0.0063543263311564855,0.042044642884866354,-0.0057453389797949145
105,400,305,False,True,0.004885074852086139,0.004885248453231702,0.00044039144546291725,0.004885357811371925,0.005832487957157604,0.004885221303632645,0.0016710250747018994,-0.006948675318487422,-0.006949157676625717,-0.011825541298146582,-0.0069493778010626,0.03319953533831219,-0.006303744038786266
106,400,306,False,True,0.022911245377621157,0.010903545521518144,0.0005147024875443939,0.010882995615635452,0.008977818914336473,0.007437660312863296,0.006238912965516905,-0.018881917509668483,0.0020405218346800425,-0.0035834289311433786,0.0020179953888090018,0.031158941270248607,0.004497657527848281
107,400,307,False,True,0.0008130071302347882,0.004365672942672036,0.00016249999399290134,0.004365701308460549,0.005189163083983597,0.004365591161349121,0.0019540310429365794,-0.017281910460063547,-0.013077429472062098,-0.016662306262182833,-0.013077585697594802,0.06292832255345093,-0.012487614426677188
108,400,308,False,True,0.018220613458816516,0.006886394695251961,0.0008294873783995069,0.006886390306562039,0.008240818576703963,0.006886382722169187,0.002007245486736432,-0.016950010700336235,0.0016613209121230633,-0.0028567565360667125,0.0016610515091402967,0.050668886547490605,0.002400392303004567
109,400,309,False,True,0.003596074547297686,0.0050103547424707184,0.000302895377104149,0.00501047811424323,0.005818711950260836,0.004770556296787566,0.0015336516196077141,-0.0009581348168879817,0.0076734657868819415,0.0024058473589075886,0.007673238891157084,0.04318468556715413,0.008503031474392367
110,400,310,False,True,0.005849827821383067,0.004915142262835246,0.00018219981131105279,0.004914251693228525,0.005616069046580098,0.004915312338103423,0.004436387926306654,-0.016288027757766194,-0.007225438586941238,-0.011219730593581364,-0.0072253839567663295,0.02818649822995642,-0.006587076216808013
111,400,311,False,True,0.006722833192532744,0.007272918429022953,0.0012052093221858514,0.007273737949957192,0.006313160995497565,0.007045112871307566,0.002330478382344711,-0.00933912837615605,0.0037995333638371244,-0.002931832190939753,0.003797030725638617,0.04998374864991538,0.0045474525928326515
112,400,312,False,True,0.0013415103430448265,0.003923476223286567,0.00016812724674645046,0.003923487675758566,0.004286251083404309,0.003923405501065129,0.002158352888637061,-0.010695987812394343,-0.0066788904360317505,-0.009903521492838869,-0.006679018351085784,0.11460762044373993,-0.0060728503386107
113,400,313,False,True,0.01222627404336662,0.01349592938452531,0.0012479319987118065,0.013490187447895288,0.0073813831176054575,0.00529623737757463,0.004537147245437705,-0.011317855294878424,-0.005144423383145593,-0.0033262508161444717,-0.005145933403361962,-0.00027074114065593234,-0.0008587040386067585
114,400,314,False,True,0.008739512034532031,0.007463887647563275,0.0014621267437198437,0.007469999329755283,0.00791864567246675,0.0063669951168365425,0.005657295304481444,0.00014337012011915811,0.009978179539513974,0.007789551289002644,0.009976299849644583,0.03284068772002076,0.011312751471649632
115,400,315,False,True,0.007996688872542046,0.00598161261040781,0.0005951135834718126,0.004929578219068028,0.005114810236016304,0.004929309534525038,0.0019942540355720496,-0.02052717369093843,-0.005297916023558997,-0.012303108764435106,-0.005048128075471503,-0.0003991590386841715,-0.004436664919879957
116,400,316,False,True,0.007014746802169453,0.005804607830836873,0.0032708575319370593,0.00580556939454591,0.006672664213614697,0.005798047498212749,0.0054916745430919735,-0.0006924160389783803,0.003124395643814406,0.0024765005704936705,0.0031240365818146643,0.0036255350686481337,0.0038218225656412863
117,400,317,False,True,0.003419793616139727,0.004932921153391512,0.00044999285663643043,0.004933052040554079,0.00560879525531852,0.004933019576950847,0.0038960972082491287,-0.0010702439825841326,0.005819049136206189,0.0026649233587590603,0.005818844000471941,0.03450129999890614,0.006436769705557274
118,400,318,False,True,0.01247887837022845,0.004703015388238777,0.0003144778724732586,0.00469871242299662,0.005679124583710932,0.0046849456429295,0.002127899926723552,-0.0068011612524458845,0.00707151088654852,0.004067620063811181,0.007071184006757907,0.01875215334663313,0.007704951364873314
119,400,319,False,True,0.007792223035603011,0.008083484223231636,0.0038483228559557407,0.005240632577017682,0.005024159158245866,0.005078448012630022,0.006286615766162279,-0.007754591318169102,0.011725814428286725,-0.0022877291503333825,0.012957452118603233,0.244221054006767,0.013543251028511408
120,400,320,False,True,0.002675756856390623,0.0037854068179272587,0.0003168595083941714,0.0037855234244412624,0.004458249658831973,0.0037854531554217686,0.001542926017522555,-0.006334908301321697,-0.001321453963403858,-0.0036263301857038157,-0.001321681053854178,0.036102227724768614,-0.0007257113762405565
121,400,321,False,True,0.02624175451537173,0.024205645807012767,0.0005347308142561311,0.01885103045724251,0.00782397638624133,0.005624870646804353,0.0033645637476035677,-0.02732308148766947,-0.012062011619102028,-0.004485339107635488,-0.006874837858688778,0.0035008774995853643,-0.0005067262866760569
122,400,322,False,True,0.012038496963499283,0.00760047852827904,0.0011233591094109438,0.007603141534800259,0.007488314179456611,0.006810638156921995,0.0031878858481378747,-0.0037257350703321346,0.007990009869803335,0.005167204831845031,0.0079843271870428,0.032980976187452986,0.009228413341122094
123,400,323,False,True,0.009407691501668808,0.005267598964448918,0.0013057133051712167,0.005267028220029879,0.007120563766917919,0.005298528535476298,0.003295575233520076,-0.011492177998796404,0.00861148083510871,-0.0019975358414268942,0.008611117341591666,0.06422793216815295,0.009229950708040696
124,400,324,False,True,0.001976479802792185,0.0050600845409808646,0.0008719505583061983,0.005060634832933045,0.004616746428351429,0.005082713583696973,0.0036834091306399983,-0.002913789579683621,0.0013454004573470791,-0.0011205219589019428,0.0013445922990196202,0.07410021842192449,0.0020549348366578207
125,400,325,False,True,0.014611882181065915,0.023331319232994075,0.002973415195532087,0.02350752826546394,0.00899103660959919,0.006868636645457712,0.008187624277386684,-0.00293315744208649,0.0033349203774126934,0.00713239619786181,0.0033429029100388876,0.0700812494871326,0.00885267432858193
126,400,326,False,True,0.020283811570495712,0.010100542265343484,0.0029304272931814286,0.010102525937060276,0.0084260617524947,0.005569563734680887,0.004710822763775208,-0.009024288372233654,0.00330151520925984,0.0011193281740796684,0.003300544880073257,0.06474048860451621,0.006937695282263859
127,400,327,False,True,0.007809239116983721,0.008605739062068225,0.0012448584149505667,0.00860894589617609,0.00998452607450342,0.007437571615914859,0.0074401860971936625,-0.010537569475585222,0.0037894520770416665,-0.0027270684726307635,0.003788285363058801,0.0737626540976752,0.005090297043524192
128,400,328,False,True,0.015039255894421335,0.008011143566012409,0.0011272055320514847,0.00801147533881661,0.008507459680421388,0.006384954682103438,0.004395645327957847,-0.00544263761370021,0.013337526567043501,0.008914236245885106,0.013330848846741006,0.1595822707227747,0.015087107221262719
129,400,329,False,True,0.02248326296093894,0.007719286892086001,0.008403053228768234,0.007730465633457995,0.006519510973476018,0.005466126062163073,0.01266919509570211,-0.00045861846653377504,0.018109901810712738,0.00807881502635787,0.01810885971832656,0.17122784338096386,0.02031788465642617
130,400,330,False,True,0.010536803944236972,0.005239921305515422,0.0003729458521327882,0.005232038885432871,0.005492067342086482,0.00499762930811638,0.007827606896899686,-0.0032206965997000187,0.01005346504339915,0.006509531440443912,0.010054289306024363,0.0850618575102543,0.010824224064300211
131,400,331,False,True,0.007718321325625716,0.011094218385456812,0.0031401838852246782,0.011093338099302637,0.011073425100422361,0.00972908841622654,0.0046380373238349305,0.013980067079804447,0.021273411446129487,0.0030433236462116143,0.021274337251708603,0.2614848783366027,0.023292103226280683
132,400,332,False,True,0.002114312562532079,0.007466822069782954,0.0013386963343426884,0.007500546447985238,0.00814645115420477,0.007440111857425476,0.004743805272697342,0.005292760103214345,0.010397799102331327,0.007151053152994578,0.010381403721805712,0.04893959878466862,0.011072835612154691
133,400,333,False,True,0.02250788260704609,0.005797013764482233,0.0018157113953922823,0.00579718145308631,0.005436380916304706,0.004445379382113651,0.0043034162122089405,-0.008118049136993417,0.013477447968305559,0.008707417462535125,0.013477202413595925,0.05139363856726808,0.015181221709993267
134,400,334,False,True,0.02381771204137092,0.006411930865539495,0.0009878671241775473,0.005975273138160293,0.005255580663204025,0.005795002118024135,0.0029271738973492404,-0.009088828150941091,0.012975156504327946,0.006998994830885609,0.01346333323994605,0.143129721808502,0.01400482154506029
135,400,335,False,True,0.026370655626714794,0.02047421205363336,0.015907986449608103,0.02050480476434397,0.009326456840921826,0.007564542794827822,0.006803945333817035,-0.011445244445251994,0.024250770683793395,-0.0031794798157177675,0.024234190946368698,0.2255298648534493,0.029504043749381953
136,400,336,False,True,0.02386301699314792,0.007366312619461441,0.001013598409189775,0.007366706241234023,0.007146383824376311,0.005935597831888843,0.005240999211727144,-0.009071156158235102,0.008004828966950388,0.005383612877379344,0.008004655734770588,0.08285977092354109,0.00952839617924986
137,400,337,False,True,0.0019528358819890727,0.005327514524306561,0.0003605513428848251,0.00532775479693959,0.00667919459181639,0.005132365032500107,0.0022174876439570745,-0.012895695962991244,-0.007454692846499995,-0.010877799176857193,-0.007455125331675667,0.007341307677612932,-0.006515617658762837
138,400,338,False,True,0.0036516432427582497,0.005072472978832005,0.004998585299061531,0.005072622857988952,0.005252191320784524,0.005072436537579646,0.0005888266355196188,-0.02068988956218869,-0.012375320582443053,-0.011903606770634727,-0.012375627971465164,0.010800547551064028,-0.011753528700646332
139,400,339,False,True,0.026660419723840704,0.006170621154873197,0.007350733796706916,0.006160640453165866,0.006288466310141261,0.005790383609031099,0.0034409153075814344,-0.0013461039495272409,0.02375817757883466,0.011380835411089819,0.02375596527394409,0.11492868086041824,0.024675922801844302
140,400,340,False,True,0.01990535501829584,0.011138241101230106,0.0003412246063972406,0.01115892439548698,0.007846700860268629,0.004308917602934353,0.002495554187211155,-0.0027264226015330656,0.005386133047742146,0.005710158418328884,0.0053799050443153005,0.041658319359592785,0.00978807827807461
141,400,341,False,True,0.015518568136365884,0.004913887465180534,0.0010804556034893747,0.004913699234388476,0.005414170014294919,0.004913840449992452,0.004844164860011787,-0.017179751162453114,-0.004269245900901861,-0.0063942481571063374,-0.00426980493609225,-0.004073610849887537,-0.0036414189663852847
142,400,342,False,True,0.009403888690519746,0.0071317624968157385,0.0031993616002156553,0.007138307440365484,0.006508959226612112,0.0061052509816326974,0.005997707598647842,0.005105539554588794,0.01524146062394939,0.008373566484081116,0.015235221906009304,0.054790590750533656,0.01616123848138222
143,400,343,False,True,0.024482346604311367,0.021190391438915993,0.0006923521191052287,0.004419313379356282,0.0058500662644839566,0.004447682193951267,0.0039740290541944254,-0.009051248778136484,0.0015280645068868105,0.006332007613279959,0.009096395935538588,0.08238442172766042,0.009897398258118195
144,400,344,False,True,0.001078461388235071,0.006294243758415661,0.0020723590335085047,0.0062944277366962535,0.005492009767799915,0.0062941872637868115,0.0014522265482234658,-0.004244085022118597,0.0013116999600630485,-0.003772498807235611,0.0013114333474227636,0.037853061073142985,0.0019602685882023907
145,400,345,False,True,0.007711908755147708,0.004379255028351057,0.004368377648769416,0.010300676295997301,0.00658194577404341,0.00437926048982629,0.0017377384899783465,-0.015886286253025003,-0.008529078283509666,-0.008053590176734082,-0.012869646120286316,0.03685395426147339,-0.007918798931499813
146,400,346,False,True,0.012379127719313574,0.012421072497562606,0.002837375440261263,0.012426799862932216,0.009426373399456333,0.005991981371132893,0.004013110082423828,0.015423975075143242,0.015409019843268937,0.008400166960959169,0.015407257746451677,0.11521137123982558,0.019624449769402266
147,400,347,False,True,0.03619560883092798,0.010245976612837352,0.01990042734097364,0.010246301122682499,0.01014970948555089,0.008538183449940699,0.007344802640403897,0.000502031260250675,0.03298055413424633,0.011854232551632555,0.03297639795518002,0.04271724675228754,0.03506247688802462
148,400,348,False,True,0.011634585050715162,0.007373101830249682,0.0038526626495410175,0.007371963228474432,0.006027845792536557,0.0065314612102645555,0.006695613290134862,-0.013062525980678143,0.007565015233829992,-0.005442042734707192,0.007565207515206911,0.12186890842794189,0.008519434962955319
149,400,349,False,True,0.017708808673606583,0.008030027421956219,0.00018502703020457895,0.014024776985846065,0.01033103074589637,0.0038341583827239158,0.0023675204922753356,-0.026003163954642874,-0.011553707659400647,-0.011706392184107387,-0.015024897130766367,0.013097423442528981,-0.006610327663713639
150,800,300,False,True,0.0033424775708538056,0.00481155621915877,0.00034801453790121484,0.00481174494788886,0.004738594140778168,0.004617516363972476,0.0012980408399435087,-0.0007731077197087683,0.004415623098830288,0.0014390058577070266,0.0044153091039707704,0.01669608747205418,0.004915838717944723
151,800,301,False,True,0.0007329854329324145,0.005585518143582293,0.0009529704067436436,0.006486703931507137,0.0073224268260789005,0.005586362411271548,0.003517591778206989,-0.0001337842581793214,0.0036911915375919336,0.000492203982077924,0.0029893675883668714,0.07059217080972685,0.0039998690860393454
152,800,302,False,True,0.006483182440681225,0.004793283948178968,0.00044264308557949894,0.004793279298427836,0.005159652997368936,0.0047804054497892325,0.002692003083669586,-0.0001993695637053694,0.007786766919516523,0.004887296906847416,0.007786540161703357,0.020094898393259425,0.008113237984711738
153,800,303,False,True,0.007054677512870171,0.005646423042915509,0.0037830833201954444,0.005662352048046707,0.005464050741166001,0.005291397943697984,0.0033144154307222654,-0.0005850193849508867,0.01193660498497044,0.00239330098197435,0.011918246913145173,0.10602283390341664,0.012440132189594638
154,800,304,False,True,0.002921941835598088,0.0058055478230663905,0.0006519344872394318,0.005805608397257455,0.006117900633537048,0.005768992716978945,0.0026885941877141752,-0.0028827990727945943,0.0047102822204773,-0.0002902935218927036,0.004709995113177659,0.056276354487785375,0.005065338272120162
155,800,305,False,True,0.004878664023761699,0.00563086553841967,0.0007192670679338031,0.005635565755083897,0.006104161992487167,0.005449821415544859,0.0017615077584805315,-0.007028038115402666,0.0068212935379164995,-0.0015796206386141799,0.006816253258778069,0.10572878085777311,0.007222169197418776
156,800,306,False,True,0.014765261325146906,0.00587795023779293,0.0010795865599006879,0.005877888136178601,0.00667403034955393,0.005684805959297084,0.0013505145613669715,-5.223417174709991e-05,0.013903368311441984,0.009704404253413911,0.013903285679469751,0.06927433363972069,0.014419268962501355
157,800,307,False,True,0.012783986163220967,0.0051351683666427785,0.0016004272221239568,0.005135026814306328,0.005024423987958137,0.005092528560412539,0.006056995630662471,-0.003438880862383762,0.009506727857972734,0.004734749224451087,0.009506334842195976,0.08527863528192123,0.009812256740066153
158,800,308,False,True,0.002191397350415817,0.013338190077113659,0.0030824129285051205,0.01327886810451097,0.010312259373811892,0.007738052690230585,0.0020119171017582973,-0.00018098266213501302,0.011983546935845767,-0.0011861107666410243,0.011907614272120703,0.15037599420624484,0.016430254980940515
159,800,309,False,True,0.00999665892118101,0.008339631088127446,0.0012913081688676273,0.008303567729973845,0.008816301363106911,0.006955744083594224,0.002347957339099741,-0.0080034633628456,0.00248885053227113,-0.0006920448921970229,0.002484334361587699,0.037905746241820124,0.004194148106227355
160,800,310,False,True,0.005311846695904197,0.007208056034983791,0.0005421795233888734,0.0071148493968980295,0.005571206082221738,0.005008445700642696,0.001913425731691112,-0.0061899774533561705,-0.001370066510381438,-0.0029523166672991807,-0.0013937446473055103,0.02725863818971481,-1.5428058085811824e-05
161,800,311,False,True,0.009659880428430108,0.004696775910818336,0.00305578446295931,0.004696806270103631,0.0048479078298997195,0.004688516464730708,0.0018701214634193573,0.00037244231100156734,0.009818619080627453,0.0048312895121106585,0.009818237119214325,0.055644845180858306,0.010143610931810307
162,800,312,False,True,0.007145793647905423,0.006379704239875704,0.0007759116732500438,0.006368732728739498,0.007017394505255542,0.005684371265822007,0.0024142443141217038,-0.0008374534476957799,0.007506240390370777,0.003275592488882004,0.007504616520123637,0.03372290007915485,0.008448531655241856
163,800,313,False,True,0.009507840448650611,0.0058252757509879545,0.0003610768060740781,0.005825735480834481,0.006117147576583755,0.005825504623638924,0.0007828796509941425,-0.013226564865216367,1.880808572698456e-05,-0.007432696289461345,1.853771161693274e-05,0.015379234133867055,0.0003391925528442863
164,800,314,False,True,0.00656624239063518,0.006846803165154206,0.004361828539216495,0.006856360813456804,0.0060277655037191125,0.006527062598229313,0.004425340629836415,-0.011349681059233672,0.009588977738046687,-0.008059480867776582,0.009581000096480033,0.16509917882781253,0.009996979739619397
165,800,315,False,True,0.0055188410611907435,0.005283229694323681,0.0011092914000606696,0.005283397509387068,0.00555769977103644,0.005139901423562004,0.002516866280920259,0.0016054398666953934,0.010508594045634272,0.0068505970788075785,0.010508234325494784,0.02997009885873588,0.010954296764096982
166,800,316,False,True,0.014846665777294384,0.007014679701837726,0.009339276332288737,0.0070171450222366715,0.007680863497305397,0.006698573043838114,0.0048742737116975006,-0.006710743345939876,0.020840371176416017,-0.0013599227303869698,0.020838324236804907,0.23209553764137156,0.021502487368863385
167,800,317,False,True,0.0012791860960764997,0.004929111362815991,0.00016807407478941974,0.004929060961262687,0.004985788618282192,0.0044872294615358145,0.0020893569471066463,0.002230838178773533,0.008330504509383073,0.003917738080541931,0.00833030308241355,0.07298780906723668,0.009014381045732128
168,800,318,False,True,0.009882947178120854,0.0057348164216235,0.0024112980868847187,0.005733559899688142,0.006308091893433486,0.005734933440788736,0.006824066578397327,-0.011837313361581182,-0.0052655644904543485,-0.006053499175316421,-0.005265918385152748,-0.005201912183632871,-0.004946106677843981
169,800,319,False,True,0.0011039297596882154,0.00427196891357466,0.0003394502475478779,0.004278524177214973,0.0041673420774511255,0.004162737207408117,0.0015338057854914283,-0.007344899984689935,-0.0034922144729236317,-0.006625360114287908,-0.0034973408728214395,0.07057509229659661,-0.003017616543188162
170,800,320,False,True,0.01376633949280881,0.005110256141458364,0.005541075973856955,0.0051103845127941465,0.0055587644605288615,0.005016310360790723,0.0047549366262150845,-0.0014260802973096664,0.01848441191071183,0.004657289078548502,0.018484117401218362,0.16123205735314186,0.018907506342121183
171,800,321,False,True,0.022044669235443758,0.009970991558916236,0.00647105123738828,0.009971935003482606,0.008105458449926571,0.007357459608765674,0.004391956849099993,-0.0021337785965275524,0.018165924874910467,0.00919899482859486,0.01816505672211269,0.07807901368740712,0.020727448070654034
172,800,322,False,True,0.002310249228210444,0.006347855461880936,0.0023280849676347664,0.006348271461276669,0.006895468568401245,0.0058852988217837346,0.00336832461417924,0.005502828681734728,0.01157546473999572,0.005690252831848323,0.011574954852743584,0.12217800399964292,0.01233397434344756
173,800,323,False,True,0.00827360853127198,0.004369230179874436,0.0003923481658790394,0.00436921144249198,0.0044616648420502895,0.0041175421160177085,0.001493722331516282,-0.00017525181426966964,0.008817303352812438,0.006066285469387275,0.008817366788387595,0.09121413071674049,0.009398261200473546
174,800,324,False,True,0.0016260784215764849,0.005297039301444376,0.0008120463669385551,0.0052954505407706775,0.004658451673320383,0.005147974197336026,0.002333482085252165,2.7476917457792683e-05,0.003520172276042661,0.0004077204634424253,0.0035190180950499797,0.09833464133984034,0.003941101063553873
175,800,325,False,True,0.0034477825384000966,0.004369816157596227,0.0006023528792596674,0.004483584451934066,0.004520132783027967,0.0043045079964472086,0.0014188128385186518,0.00035329137917976093,0.004317019243309232,0.002458929425437561,0.004278486391458269,0.038071035910303974,0.004664742325020579
176,800,326,False,True,0.015429748218202526,0.008163999157525317,0.006075966732452465,0.00816424546185165,0.006353883037717671,0.006790755880916337,0.0036114240196746055,0.010192210747921395,0.024733808324272816,0.017110387904140167,0.024733514381461017,0.07189877059693,0.02617318322287744
177,800,327,False,True,0.01648389133228007,0.01846668941311889,0.001076406637466843,0.018473180463560782,0.009324887000323696,0.004852850139199242,0.0024235650332048524,-0.011501771346903287,-0.009100403648715893,-0.0018233875482211715,-0.009104072391407562,0.05582199891598217,0.0005352643871905371
178,800,328,False,True,0.007810155436290323,0.007943857001952478,0.000784441682112231,0.007948292614090198,0.00834337947459558,0.007009857291173961,0.002253700587358512,-0.014715176940236083,-0.002826877426089176,-0.005933611332747901,-0.0028289589976102647,0.1460586598433739,-0.0016740057247600915
179,800,329,False,True,0.007161508625155374,0.011992552930833303,0.0007790111362448041,0.012008084200622864,0.00840820066980764,0.0063808384149892415,0.005119142192718328,0.002300727299393807,0.00674191217699093,0.005391928711175069,0.006739642076069891,0.05361643748544093,0.00958797060634782
180,800,330,False,True,0.002727626640146249,0.004805964205369319,0.00024670853542229547,0.006757157952802477,0.005499040312175554,0.00480596294758091,0.003714205372493015,-0.006707318251572739,-0.0009581621244807437,-0.0043166257708935445,-0.0021608973078912188,0.10724599733020014,-0.0006396915894212318
181,800,331,False,True,0.0020191658566397655,0.0050932732330438305,0.0008702780004259543,0.005058676256960846,0.006026425726892287,0.00509332643428258,0.004890310343789257,-0.008279668446879837,-0.004740275821377935,-0.006975350973054144,-0.004761987661402696,0.007120427510289744,-0.004429039169358148
182,800,332,False,True,0.00744309064873389,0.007229007047834607,0.0026243760008048344,0.007227490770288614,0.007988812720628832,0.007242786224904425,0.0037928738708310162,0.002132453738943982,0.018271900178331853,0.0060324165849605085,0.01827156876488331,0.103542595179964,0.01869313503430707
183,800,333,False,True,0.0033691278298599945,0.00600845190145458,0.001377319307330065,0.006008686705193333,0.006779475697488458,0.006008701290183915,0.0031696453963266447,-0.009837257619732021,-0.006254355557909807,-0.008082921808712822,-0.006254633566343913,0.0025671296461352,-0.005932562767052452
184,800,334,False,True,0.006340324504365134,0.00570356293542359,0.0006634817918757419,0.005697017042765873,0.0061509016560767115,0.005436303517193567,0.0019886972294621387,-0.008682398929782252,0.007152743406991284,-0.0014275877153724704,0.007151461838020108,0.11283256589634873,0.007758609043574519
185,800,335,False,True,0.005914994753734859,0.005689042312774781,0.00048386534157327145,0.005688536129772609,0.006507377373206025,0.005661837133600154,0.0009497247354433828,-0.0029880503607681804,0.009304193244339967,0.0020697678221018017,0.009304269291633265,0.09422515561451933,0.009646251460699515
186,800,336,False,True,0.00271315480825153,0.006759406302503661,0.0011230403924203608,0.0067740541820240675,0.00671552441673281,0.006360169543235074,0.0019720336263379214,0.0014033199111177434,0.014364213493980031,0.0042913383653881785,0.014268848651614761,0.15971489390341131,0.014814420961662217
187,800,337,False,True,0.005184682260216068,0.005876199571286353,0.002173764825502657,0.005876420938784234,0.0063276909490880915,0.005876417205559107,0.005279890532502233,-0.0074566307034337476,-0.004769225396529144,-0.005768230568119714,-0.00476925218401993,0.03416121114154752,-0.004453513450618757
188,800,338,False,True,0.014186697200925264,0.003957088738084525,0.0002416823360723978,0.010166093620139942,0.007438659481102936,0.0039384175528583655,0.006363363676141811,-0.009423879432927119,0.0073857382273163985,0.0016115270612125968,0.003011502786814422,0.0651164019104686,0.007688090483087537
189,800,339,False,True,0.001630217240852016,0.0053280107638005595,0.0003379460245295053,0.005329088669449066,0.006423149684015281,0.005328882153808183,0.0006010119067582012,-0.004867037531328312,0.003244886669245393,-0.002314764998440267,0.0032445772942481634,0.03681851819606354,0.0035616977253424276
190,800,340,False,True,0.002306976049373955,0.007066768498829906,0.0008447190617027202,0.007067039210816671,0.007590003707438961,0.006922658897817422,0.0026435560451258306,-0.010356877565313694,-0.0011328649313209916,-0.008674286614431821,-0.0011332630148001854,0.05850089548766174,-0.0006959866214517607
191,800,341,False,True,0.00914978662010708,0.005373849134208159,0.002061774851066926,0.005449877223038489,0.0046087917899871956,0.005069797737781086,0.0168838172927416,0.0003748154915637447,0.01050962436592922,0.00531899010079929,0.010484514659043286,0.07531434184599471,0.010829370806718669
192,800,342,False,True,0.0040670849619287505,0.00440031471475673,0.00019179873797836502,0.004400473697469587,0.005188692432929989,0.004400251107354715,0.0003096366125298145,-0.01877239312820398,-0.009827940541859856,-0.01472806730069847,-0.0098285242504239,0.038058625204981364,-0.009518060086059321
193,800,343,False,True,0.0023819221676276195,0.0065844385543078745,0.000740666576467694,0.006588491872972217,0.00541392821886541,0.005600219153577739,0.0011666640204306337,-0.006247165129553038,0.0008558407061135398,-0.0045346140843626846,0.0008540860885855573,0.044728859300746875,0.001704315536316267
194,800,344,False,True,0.0036024287543023987,0.006212283115176512,0.0005921679786026232,0.006221265350933692,0.006876209697678876,0.005666902399317969,0.002068172106499285,0.00384261692271056,0.010343553003349212,0.0060557771882425735,0.010326910416342053,0.021581643560842814,0.011194525089622182
195,800,345,False,True,0.001218972928761294,0.005326202833928254,0.0002297034275620344,0.005326336720706541,0.006301097958104138,0.0053262828614237855,0.0007864842123105726,-0.01016158461355083,-0.003893152267767253,-0.008672281909791003,-0.0038933431937085675,0.033209251724296604,-0.0035782694578539997
196,800,346,False,True,0.0015276969387671194,0.005574538634964995,0.000414917368595424,0.005576806940410291,0.006093468741840938,0.005078189490774567,0.000507115367692207,-0.007195302604795157,-0.0040181690906069,-0.006253017234902018,-0.00402019606758893,0.03210169693667254,-0.0029655742051757916
197,800,347,False,True,0.009182659327363063,0.00935746617755336,0.0003893680424143546,0.009371686231661933,0.004907711326258321,0.004711837383478677,0.0033775625925340754,-0.008250373763925227,0.0022726147575970047,-0.0007561655646233762,0.002266012025401416,0.10870234630764633,0.004510323087648621
198,800,348,False,True,0.00495143339616632,0.00491149980374287,0.004874241421944159,0.004948541189945968,0.005957022844694152,0.004993191133284946,0.002135159535642711,0.0021891972215197586,0.0021694668172395205,0.0024196317877708796,0.0020737662832482507,0.08266601038317369,0.0025045861217162235
199,800,349,False,True,0.011838494921747711,0.004816836107817776,0.00037507407636771335,0.004815817386120139,0.0054794513010971765,0.004838701618474576,0.0017606008997831314,-0.012135923863727572,-0.0010602802260358858,-0.004018145949367465,-0.0010609908788429046,0.054928726249818156,-0.0007300986708929508
200,1600,300,False,True,0.0067596667580430495,0.00611082067054065,0.0003897068237676375,0.006110464428468379,0.006733393246013333,0.006111196175459422,0.0005826836431141645,-0.0075799388713656615,0.003408040872548881,-0.002819745857129413,0.0034080805923283465,0.09595262243789202,0.0035661283793426424
201,1600,301,False,True,0.0017446571716796244,0.005855964237939187,0.0005741082489018538,0.007513565319474335,0.005979317830509842,0.005856067858793722,0.0005100410294906469,-0.008278296262872747,0.0006399284933382354,-0.006207536309171542,-0.000499466245370055,0.09437658514839672,0.0008002163997243295
202,1600,302,False,True,0.0006752382021458518,0.0059031905263942875,0.0007060313929656406,0.005903112053734605,0.006459861244099304,0.005837318067544715,0.0014934262398187208,-0.00398457294558774,0.005882717991767201,-0.003048199847131667,0.005882576425719464,0.10107788194182152,0.0060710295733592545
203,1600,303,False,True,0.0008010130843894097,0.005573575274250561,0.000670969274925567,0.0055735534847113025,0.006162433174189491,0.005587688222121587,0.001040506893518351,0.0005511375022791307,0.004654183814956259,0.001747946046152444,0.004654135357591933,0.0341043115211213,0.004818223929151391
204,1600,304,False,True,0.0022166357999442083,0.007178839083445207,0.0009291428677873359,0.007173579284815388,0.0075766442234931515,0.007049599695306331,0.001069496510791649,-0.005192460574076923,0.007197800403222914,-0.0022650024370584674,0.007197643042605808,0.2007643726725609,0.007537148216291131
205,1600,305,False,True,0.0020784183713952646,0.005486010545625155,0.00021022948676017599,0.005496588895802596,0.006734594316672499,0.0050537535703651625,0.00104643458331759,-0.004003707969590533,0.0022340147672939635,-0.002239157468631295,0.002228010044788391,0.026430123735053677,0.003000973783800792
206,1600,306,False,True,0.003673550000883521,0.0053403941971534455,0.001529315640892148,0.005340538673386099,0.005435169294633643,0.005130758867416972,0.002436684351788504,0.002168662638132417,0.01352185010165382,0.004815964518960788,0.013521484235375301,0.10136430854224411,0.013788636262473314
207,1600,307,False,True,0.0076076513473633004,0.005388504890989361,0.00149461515228351,0.005388097179097263,0.0062704900294531666,0.005418718991329528,0.00171197576444876,-0.0027986551105702927,0.006166756708445682,0.0038044954263525732,0.006166348444950707,0.006490964304956925,0.006336037847953835
208,1600,308,False,True,0.0037896058674945373,0.0048555227360411865,0.0009828442695358618,0.004855733712179749,0.004595255623701223,0.004582515492698131,0.0008034960857818331,0.005694300273144924,0.013098297992113591,0.008895320442768641,0.01309795756986297,0.021813123457628977,0.013439008728896848
209,1600,309,False,True,0.0003875397183756224,0.005651542783525061,0.0002878835299808312,0.005651496732332011,0.006911863885672513,0.005678510331900853,0.0004280968634884057,-0.005266115335618755,0.0015066681337668442,-0.004866284554625772,0.0015062582181865557,0.04773810786521054,0.0016755026206292933
210,1600,310,False,True,0.002798607975475217,0.005845466647749756,0.0004983175706589544,0.005854577514876268,0.005996784115029701,0.005527899746361286,0.0006677720620185668,-0.0023274723778005674,0.004294600978326493,-0.0005738138498773022,0.004290438496402942,0.08045295487384091,0.004705548666463194
211,1600,311,False,True,0.0008322085345676214,0.006732427113328906,0.0005477353247857407,0.006736684723937596,0.007273095273982379,0.0062308115981845125,0.0011071574060683078,-0.003234154989007275,0.00278331382798358,-0.0020742706550168633,0.0027656162136767293,0.02509583555145358,0.003252120762041469
212,1600,312,False,True,0.009394825902061497,0.0049656004771685466,0.0026329068380396407,0.005144287773683321,0.00546602198914596,0.005035683448831838,0.002204506089351283,0.005788983183260914,0.020006618449112425,0.011288989154982495,0.01992210253907503,0.11582595786532993,0.020246453991385832
213,1600,313,False,True,0.004412652764962548,0.005346277448876062,0.0004078449270478888,0.005409976754289904,0.006144656149240466,0.005255170894299562,0.002111433677885422,0.0017323530161563155,0.011102786879419747,0.005714291985011508,0.011084641663114958,0.05682502460189024,0.011497938869565058
214,1600,314,False,True,0.004164967183193628,0.004968014181389947,0.0010321499146896977,0.004946374905628192,0.005256308760172304,0.004968351114535486,0.003278941859879322,-0.00781620516777692,-0.004087622663376269,-0.005676648287172637,-0.004091684373502922,0.007812532412542605,-0.003932932558118302
215,1600,315,False,True,0.0009189882449143848,0.00521363627758908,0.0007044250045653024,0.005214302783820301,0.004801556863731176,0.005214186868416457,0.0011238009826055387,-0.009208021207287287,-0.002556396025131935,-0.008134947554124874,-0.0025566122017642813,0.02697089441572423,-0.0024008708106730697
216,1600,316,False,True,0.0019891224122983568,0.005422466011162866,0.0004615913450573142,0.005422526390700303,0.005495793983405406,0.005406554986400399,0.0011775398048667575,-0.0051393684233536135,0.00010489698694629014,-0.003429356930409761,0.0001046022452687545,0.03962014030880251,0.0003071148844741439
217,1600,317,False,True,0.005512843514447451,0.005308250701229415,0.0008457476948524892,0.005297334695209983,0.006761865446188053,0.005318801078996263,0.0009638908479543502,-0.005562878650288506,0.00220406088165122,-0.0012088744261127943,0.002199126917745122,0.012970859290281779,0.0023550363182381906
218,1600,318,False,True,0.0013512739653671355,0.0060483936983496845,0.0008040751558026213,0.0060494027713360946,0.0070176446570675045,0.0060734300763999015,0.0037363926595722595,0.00030093292528114436,0.004778683248043958,0.00152426952171268,0.004778303204179348,0.09123538348552408,0.004940264019634599
219,1600,319,False,True,0.0005685645209172488,0.00535831371069898,0.00043237330420387585,0.005358749594779475,0.005300244862725401,0.005358638795929179,0.000568738629649532,-0.008262305881117055,-0.004003687504657005,-0.008097513143413412,-0.004003988766568032,0.04175934660015272,-0.0038465338596410242
220,1600,320,False,True,0.0017269297543935128,0.006003428107129938,0.0009544200281829565,0.00600163060392076,0.007155356769479027,0.006003677733720114,0.0015483947020669424,-0.006002738983022711,-0.0013477670979535716,-0.004337415721667336,-0.0013480409650727765,0.06012262289467293,-0.001189227483757882
221,1600,321,False,True,0.0008585098549999889,0.005063072790783304,0.0003437103938117929,0.0053030885523979296,0.0057039808958949,0.005065784449155551,0.0005211902799700096,-0.003314649305777281,0.002196240513494505,-0.00163700031453776,0.002118753401372171,0.08226897451409189,0.0024012018631592025
222,1600,322,False,True,0.004629337675070438,0.004011299016618651,0.00031272496687888697,0.004317094126815185,0.004621306640649406,0.004007318340413003,0.0016596484548994886,-0.008384705293021818,0.00018002728985962337,-0.004441487637571436,-0.0001246287037414362,0.047180918255839456,0.00033283514294767114
223,1600,323,False,True,0.004988313177628199,0.005118044664384087,0.0011975921565449228,0.005096687874132157,0.005107644423512906,0.00501124208793913,0.005496109998096181,-0.0033504640749881854,0.010119010478362113,0.0011657748801445456,0.010125003805473548,0.17943904833802748,0.010284013996012337
224,1600,324,False,True,0.0018784114571178873,0.005520492532502356,0.0016513743636565694,0.005860720468280615,0.0058364528512391545,0.005482203313121965,0.0021571388095371095,-0.0007024384325529653,0.002542900154125718,-0.00037388445329175456,0.0023759131963818447,0.03390399781455557,0.002714537125810809
225,1600,325,False,True,0.007422307117993514,0.004359800683758498,0.0004608681757821092,0.004450409771825722,0.0045127077079856175,0.004115145168978752,0.0011185578162323964,-0.004454964582797746,0.003801272611533264,0.0013853551987516358,0.0036840429941853614,0.033586864449131434,0.004121762904783999
226,1600,326,False,True,0.007520720972159484,0.005706309672263332,0.00047383011565901715,0.0057062263553463175,0.006321128779309113,0.00567518438996509,0.0007572797818152327,-0.00011844942014252555,0.009794827840846222,0.006243920403017771,0.009794697221623903,0.16654711892608215,0.010027060431977819
227,1600,327,False,True,0.0012125321937040418,0.004288216602013891,0.00026316470581712315,0.0042952252648508745,0.005032465115865215,0.004259025576047869,0.0009122092263370324,-0.002602022784627233,0.0040003335371862824,-0.0015446901240963446,0.004007053877722413,0.06361296506094502,0.004172071009214587
228,1600,328,False,True,0.007218095596309343,0.008636499581888089,0.0018509152337138227,0.008636446096919752,0.008522487139783253,0.008417595395319995,0.0031373745016985235,0.0032078256297581,0.019658899875789473,0.009687247038924512,0.019659177479121243,0.1366397014910588,0.019971797532070484
229,1600,329,False,True,0.010570783396936234,0.007523066565205885,0.0005372277021083275,0.007567861748699069,0.007931893296070315,0.0064911095780142225,0.0012471105035346997,-0.004537344738464454,0.009817458249822657,0.004306817346185254,0.009802004031335744,0.06902868196898472,0.01051451154293076
230,1600,330,False,True,0.004488440827176136,0.004803183721621157,0.001129059094724734,0.004808647036959225,0.005603631355492133,0.004637038113494968,0.0005778275109847082,-0.008035142699667028,0.0032072592634984965,-0.0032347706841815804,0.0032034449759459527,0.05462469508449054,0.0035954824522477363
231,1600,331,False,True,0.0010210698146297845,0.006483448532652822,0.0007007996331632875,0.006487803402029661,0.0073797137282914085,0.006479954819204783,0.001219142415355964,-0.008511840880260513,0.0012675413347518827,-0.005795234500752169,0.0012626653613783212,0.13327128741334782,0.0015146622181318736
232,1600,332,False,True,0.008248792344789835,0.0055805996571815656,0.0010991416916768379,0.005590596366349504,0.005780852314193985,0.005546951938562321,0.0024434395863918374,0.003439419409524151,0.015036816120190243,0.009071098697056353,0.015030128738400582,0.1197205143931977,0.01524315541980864
233,1600,333,False,True,0.002964247695661986,0.005832677534709884,0.00048638624264013775,0.005849792098165899,0.00674333565517881,0.00550965480362383,0.0011647565528554137,0.002208213464502328,0.009829170454848449,0.004370787202320799,0.00982476981223238,0.07943952218524553,0.010230783943074376
234,1600,334,False,True,0.005744224033805632,0.005940096719619933,0.0005623735007836441,0.005900521922509956,0.007105847198378024,0.004771879878999502,0.001486163340279967,-0.0028950906890140436,0.003796622285374589,0.0011564340324401933,0.0037980297864925205,0.02294866432415951,0.005253959312141357
235,1600,335,False,True,0.0018174372810825453,0.0054756043758524145,0.00023685173533809857,0.005555723246134637,0.005221871136655407,0.004534351664932918,0.0016823658821167194,0.0009685597860787771,0.004719497776396686,0.0018906758178527368,0.0047014931962797496,0.053670644576823495,0.005452343272249444
236,1600,336,False,True,0.0028023814521723205,0.005236831075895085,0.000214088158999283,0.005236240194090552,0.005500813607964443,0.005121698316844381,0.0025269552274465776,-0.0057081165659266285,0.0016016329056650492,-0.0023328983031537594,0.0016023856944904758,0.12115059430045988,0.001974635568543423
237,1600,337,False,True,0.005311685756598103,0.005776589340609739,0.0004774842124359922,0.005776060985900342,0.005880191975504252,0.005254575281084709,0.0018119396384240032,8.961310856496485e-06,0.008365771858557967,0.004321958784549837,0.00836176802389991,0.08996679123420485,0.00891274982471571
238,1600,338,False,True,0.0031189646856630325,0.00578054344193314,0.001353376791999205,0.005786039108030839,0.004739568825246649,0.004660898419967043,0.001923422821991317,-0.0005152583752160663,0.006438008290835917,0.0007211018062217371,0.006435640711957671,0.074989104507271,0.00733601945574637
239,1600,339,False,True,0.00374291690628894,0.005477490769771808,0.0021771055358635037,0.006790652933706078,0.006420068107299937,0.005478083401282871,0.0035986467451225765,-0.006396101831864089,-0.0040328424631776195,-0.004982066841895851,-0.004535194381855714,0.03947142588655044,-0.0038784475036980487
240,1600,340,False,True,0.004459737195080825,0.005470713597248912,0.0009760286405607257,0.005478867127875797,0.006139612392801874,0.005442147021111156,0.002836078178790318,-0.0030746990219102724,0.001461875810105635,-0.0008679454845908737,0.0014518153664037391,0.027392248335507182,0.0016912635573728685
241,1600,341,False,True,0.000315825152359417,0.004819808624183147,0.00020213071387182414,0.0064333030836156825,0.006413201992904566,0.004779281537990637,0.0006197644265076793,-0.0021543555380190062,0.001833092536711529,-0.002145527288680202,0.0005000076876761916,0.06164708109742923,0.00210190536780043
242,1600,342,False,True,0.005282395910447586,0.005375058874640884,0.0002758164331408466,0.00537706866097978,0.006345250929611009,0.005366281266827716,0.0013722284395314916,-0.0035454756795393677,0.004032279085649488,-9.619336928049783e-05,0.004031547059933995,0.017807881039267972,0.004206910346603254
243,1600,343,False,True,0.0062016006350752596,0.004851268603352951,0.00026140038010192624,0.004851370566937984,0.005319259762576269,0.00483558175587111,0.0002672561160258301,-0.0049125612981945725,0.003704276863215714,-0.00034048036957212756,0.0037038465586857684,0.07630927553243495,0.0038565604389451946
244,1600,344,False,True,0.011894742918248664,0.005213217968341337,0.0002450402093679354,0.005211352380430253,0.005854353068659746,0.005224400116574574,0.0009905854570119192,-0.0075879804094686155,0.006499474316682985,0.0018575752258869127,0.006491839591368809,0.0960791540351724,0.006681421164945217
245,1600,345,False,True,0.004592324793635431,0.004409137271916364,0.0003696471938706303,0.00440883389097969,0.0047920153337426,0.004359500790711011,0.0010055618467656154,-0.0005051818529899609,0.009803610720634221,0.00439915585523842,0.00980371928265491,0.062466381478338454,0.010009183362406901
246,1600,346,False,True,0.0013134264073045286,0.007030499953103639,0.00035218027905911073,0.007048051722791526,0.00873438883300029,0.006878107530261667,0.0018983390380655704,-0.009077344602506636,-0.0025568924273851757,-0.008260516651383634,-0.002568189231540483,0.013809758760604626,-0.0022099840292598566
247,1600,347,False,True,0.0024415960487026646,0.004246293306894853,0.0001623540645432145,0.004252054492694118,0.004844212943299511,0.0042325854338891395,0.00037661761126667366,-0.004433482908049595,0.0023505750372450683,-0.001688219939566176,0.0023427631328119427,0.0705696396057352,0.0025493821401885858
248,1600,348,False,True,0.0021105522704822416,0.00472565902121196,0.0002469385038692427,0.0047260007920385235,0.005930684116982765,0.004726531762504747,0.0029487012845083862,-0.003892400538027168,0.002518005667753691,-0.0014823328729799562,0.002517889553977266,0.0882238230431369,0.002674081122579497
249,1600,349,False,True,0.004145318633399604,0.005319367621590433,0.0006005056071179024,0.005319225671689025,0.006021549039411853,0.005346887474630004,0.0014325060111409923,0.0015507418155258665,0.007546819385435502,0.0043663722935849995,0.0075466435000663525,0.06404295765945718,0.007707479697719427
250,3200,300,False,True,0.0012716391724186878,0.0049129595874387475,0.0003894862442612487,0.004912780482946126,0.005090608596558782,0.004888130022034497,0.0002793611304401585,-0.0037697032618148815,0.0013253793447321627,-0.0026707964003439945,0.0013183532552769428,0.07787588013761941,0.0014255388092103832
251,3200,301,False,True,2.7666458372603006e-05,0.005280665399773083,0.0003382457822645167,0.005282057786166302,0.005517885867686241,0.005238910543451891,0.00046456437783739326,0.0007564001148115255,0.005393865161376219,0.0007765710418752112,0.005392515388988315,0.03505629731992487,0.005484095322809551
252,3200,302,False,True,0.0004251373146312382,0.004991964031986535,0.00018716663644714187,0.004991986834222984,0.005598467311639944,0.004992807352208887,0.0003951066915222944,-0.006286955393048647,-0.0001058801167975787,-0.00558768065522566,-0.00010600966015278601,0.08244623552376056,-2.76232921354036e-05
253,3200,303,False,True,0.007700052664625169,0.005090513090583852,0.00023443708470402975,0.005089474159625346,0.006095936630483364,0.004896317834158154,0.003731292177443217,-0.001659824565153188,0.008147536814999886,0.0039296506696706816,0.008147638504334793,0.0710135921317747,0.008539499939180226
254,3200,304,False,True,0.0005077745327883624,0.005819057366261076,0.00011966497679583932,0.0067426398339708185,0.006688376315586504,0.0057557913309621,0.0003320908711119886,0.0014171154841880669,0.00625781046811392,0.0017807109120354082,0.0056645494036872005,0.056811654990893225,0.0064807308317894885
255,3200,305,False,True,0.007015227354747239,0.004905514505537022,0.0012494802283435646,0.004905194389371419,0.005594308822294729,0.004914593398136119,0.000617126345427233,-0.004116315999406952,0.006736344709326154,-0.00044614306296325817,0.006735813840928966,0.07956895991591312,0.006817189952162406
256,3200,306,False,True,0.0038131830513004773,0.006164686593003406,0.0008717009708844972,0.0061637010629824055,0.006215502637953944,0.0052051589262845435,0.0010390429802161314,0.0045337881387375245,0.013300200961736515,0.00793882219103547,0.013300672318962335,0.11613041296197325,0.014304991925058533
257,3200,307,False,True,0.005607190285518938,0.005691486400594185,0.00032586710018644034,0.005741295925918694,0.0062240425442221725,0.005379649888819494,0.0010600077238949088,-0.005395426017559724,0.0030457287309386062,-0.0007242722455892389,0.0030066050482894548,0.05779875614730969,0.0033125119376923168
258,3200,308,False,True,0.0019244159905101367,0.005071770038783939,0.001984670288641315,0.00533497132437987,0.005796748799230061,0.005088986063400112,0.0005569017698374482,-0.0009819247386852487,0.0051174776626825395,-0.00012013271144778001,0.004937954911629632,0.07297517596282496,0.005193734002469155
259,3200,309,False,True,0.002313772831402631,0.0050099381775614025,0.0003335716334125637,0.005009906081682761,0.005716517839411361,0.004954966505804516,0.0006466190153136746,-0.0003981311614339614,0.0076813194253010945,0.0016388722574988293,0.007681299478175312,0.07660361088444713,0.007813780933664638
260,3200,310,False,True,0.0008458693646715757,0.005317607801294092,0.00041540772601535077,0.005318379868688285,0.005737122107776406,0.005320497121564493,0.0015192525712044212,-0.003403634068998474,0.002405964788165331,-0.003124234279062305,0.0024059431835242863,0.09604495116788754,0.0024845542395363074
261,3200,311,False,True,0.008129002500304957,0.01519244875347755,0.0013210941975101136,0.015208351749442016,0.006742848823972373,0.005538691091348135,0.0025834374674161007,0.001546616330927147,0.010537785682007925,0.009498610827644464,0.009570957611525604,0.1436528067743359,0.018679931340854883
262,3200,312,False,True,0.0009965541246719743,0.004685691381192806,0.00034171071231127974,,,0.004732072803987086,0.0005146326792225776,0.001243976748369576,0.006661182008229183,0.002404525885477057,,,0.0067830873645993855
263,3200,313,False,True,0.0010227099569457073,0.0057600338480231885,0.00021372223254217823,0.00575112230296575,0.006566494354454968,0.005592843215887643,0.0015202453711481594,0.00011576504724141658,0.006592685669894039,0.0006233677414975692,0.006589574824105693,0.07026708263884082,0.00687855134154014
264,3200,314,False,True,0.00032003703276775694,0.00521892375208079,0.0002915635941231056,0.005226425913316696,0.005601814793671628,0.005030461345839931,0.001537144298640328,2.0751619059511396e-07,0.0038837993230497504,0.0004188380968656444,0.0038765063508695618,0.0597350375962084,0.004166972146249323
265,3200,315,False,True,0.00034878483430550363,0.004718444010733237,0.00042346787406263506,0.004717654139822454,0.00502000908838072,0.0045800943781459285,0.0005301511941411182,-0.001812533012679945,0.004881147842395279,-0.0013612392787906076,0.004881726242972651,0.06640048396816596,0.0051002905153724465
266,3200,316,False,True,0.0017094760320872174,0.004591897766103852,0.00020061595332533118,0.00459404103380375,0.005072893544146765,0.004588221036535535,0.001910138806238053,-0.0013042812070215954,0.004426046962082459,0.0006993289656874418,0.0044261730455854575,0.11170044036773859,0.0045033069098296685
267,3200,317,False,True,2.698442051016804e-05,0.004702755464043814,0.00017969232488973118,0.004702858699213008,0.005110320181355657,0.004703066569218766,0.0001942409686858824,-0.0052474163144818784,-0.00031478158300085824,-0.005030347715766723,-0.00031494848045829474,0.074228292167612,-0.0002372732581955167
268,3200,318,False,True,0.002166674925078869,0.005450896391054659,0.0003142543331052599,0.006243175972449082,0.006891965599294746,0.005457064115921045,0.0011599204535587206,-0.002204131436618531,0.005132084454440538,-0.0002052303160682567,0.004701128435425694,0.07245735053852403,0.005228772677255786
269,3200,319,False,True,0.0020050563031879464,0.004995410613526901,0.0006657785169366822,0.004995446861635118,0.0053610879239344685,0.004921231732780129,0.00068411655515591,3.0644382789020154e-05,0.009346418644630212,0.0021687954805721154,0.009346115058224705,0.11269518908060906,0.009458106399328134
270,3200,320,False,True,0.001260981649769417,0.004992147905146965,0.0004693188766146058,0.004997404175714029,0.005098284925292901,0.004909300063599617,0.0010189393989956945,-0.0032717839407469303,0.002105803170415239,-0.002079377067956289,0.0020981163580162487,0.08542617092320196,0.002256090225058932
271,3200,321,False,True,0.0015516889712882279,0.004590765044430591,0.0003292627780767041,0.004590343307440566,0.005009375371783942,0.004412504633910942,0.0019355028164306062,0.0019667100951648035,0.007626086884997712,0.0032149420799195546,0.0076262490669458316,0.07698847282673843,0.007916965086375322
272,3200,322,False,True,0.0022653983118825598,0.0052753862917179475,0.0002461544073154929,0.005444254458375067,0.005918751740620969,0.005293407008833215,0.0009612797587361524,-0.007857558129916474,-0.00036266824519335826,-0.005184643202754937,-0.00046315769132958094,0.17422493378855286,-0.00024375721884796475
273,3200,323,False,True,0.0025230255899480226,0.004887667203259385,0.0009592545526621702,0.006680182817893419,0.006009561103255158,0.004666246325873913,0.0005042739491019777,-0.0016615425175102764,0.005331718564139827,0.000643173832151987,0.004371883941912173,0.00883665825809988,0.005563240529758096
274,3200,324,False,True,0.002034244518280958,0.004897598193366062,0.0003119984539457733,0.004896035747809513,0.0052330695741607215,0.004878232729474313,0.0007903162390736233,-0.003924427020187289,0.0034741848479956515,-0.002244120444395682,0.0034643888962923165,0.005388872361857366,0.0035806392943978776
275,3200,325,False,True,0.0033984594974733984,0.0063421545218485635,0.0010323077301898273,0.006351434412306407,0.006349742190425709,0.00499140706405328,0.0011029058972221336,-0.002392159898940308,0.0025586601902688067,-0.0005733031081447398,0.0025556223730625227,0.025282521095003202,0.0032909428268165924
276,3200,326,False,True,0.00011104325773008951,0.004437148342614552,9.603389746641364e-05,0.004679757811924405,0.004965633089666865,0.004437977234382961,0.001003884490048269,-0.003984200051861992,0.0016787884276360289,-0.003945078127413555,0.0015951615776992867,0.06965817238397772,0.0017567184581155082
277,3200,327,False,True,0.000348427294014031,0.004928410327602143,0.0003049274073483404,0.0049286947240822915,0.005255755568436768,0.004899534533367135,0.0007755518284789057,-4.073274653454126e-05,0.00643905893719964,0.0008951010834632237,0.006387126602046678,0.13294175158658447,0.0065182891260231746
278,3200,328,False,True,0.0006900575044281733,0.004584776433115095,0.00021120331729010167,0.004584855170308516,0.0048752651128790335,0.004584904667857086,0.000368214202910683,-0.004801169125395572,0.0008668296264722742,-0.0038472331257932224,0.0008667213337453283,0.10942509526822405,0.0009441378438025672
279,3200,329,False,True,0.0014573279593418365,0.007019161789061475,0.0008315047330223689,0.007027264599167905,0.008117586406578703,0.006749881952625226,0.007460883038136157,0.00067747006930165,0.006960406569968392,0.0026490370500881124,0.00695722860431534,0.14884995183581254,0.007365234395537865
280,3200,330,False,True,0.001196845502048967,0.006450094251411137,0.00031298942837595966,0.006448215825217246,0.007459726807255983,0.006179067999066784,0.00047897597005249273,-0.005284260013339611,0.0018998650979158071,-0.0037183740038230083,0.0019006771537830502,0.09689820126794597,0.0024514672420788974
281,3200,331,False,True,0.0029500139460398363,0.004851570892681745,0.00031990462693794853,0.004851491743085873,0.005150317678840947,0.004841373670602942,0.0015190143397721646,-0.002839241768029467,0.0048035472538799345,-0.00036378892483417857,0.004803042997587798,0.03974237779149185,0.0048903542041667525
282,3200,332,False,True,0.00043900192518062895,0.004944070063948145,0.00031391915820119576,0.0049445402806753734,0.0053695040895856165,0.004944348576520591,0.001189660842317176,-0.004162174932188243,-0.00014945999400211462,-0.0035378869792334878,-0.00014975155154722586,0.02985700696857977,-7.259236060881691e-05
283,3200,333,False,True,0.0006535417181042012,0.005422777168044596,0.00040158744839423707,0.005837994133551913,0.005801308366862324,0.005218726559791826,0.0008499320597977272,0.0029956379231681064,0.00940068688633888,0.004339331636015142,0.009179690343246847,0.11028010472558618,0.009719748443560619
284,3200,334,False,True,0.0019047839108303358,0.0052503787431544555,0.0003725724273913007,0.005240904991755186,0.005690889667667787,0.0052341319669086325,0.0015810839764206937,-0.005404833409601718,-0.0008292925882419055,-0.004487406605702376,-0.0008464195239947436,0.002926162956632865,-0.0007321039005353802
285,3200,335,False,True,0.0006944247872331269,0.0053173099591455955,0.0002773199239510963,0.005317029935694605,0.006238318616050163,0.005327011751766907,0.001450180049356841,-0.004693749023605047,0.0016429796380449703,-0.003888732430709348,0.001641441554540073,0.05810151444352552,0.0017232985027612474
286,3200,336,False,True,0.0018923193357875232,0.004825829435921573,0.00021694487488298147,0.004823307926665659,0.004907959934838967,0.004137324616647959,0.00039757565286625585,-0.0015516260538011913,0.0050300497001736135,0.0005122664579028077,0.005029954275885356,0.0973054476354185,0.0056032661063962486
287,3200,337,False,True,0.000838349186429821,0.005145513470822063,0.0005296582374186658,,,0.005032680053872678,0.0009341091161368883,-0.0012965025691263638,0.0017111182257769286,-0.0010208702604666024,,,0.0018755457434450201
288,3200,338,False,True,0.0047137926372612625,0.00625741654176099,0.00026260003223440106,0.006171474033121864,0.007064118384077453,0.004658134680868981,0.0004145054506058507,-0.002640757197106498,0.005187877762984297,0.0015346983663690637,0.005163226259053655,0.1684559054447741,0.007355251362670345
289,3200,339,False,True,0.0006432355219499688,0.00534200355608078,0.0004688885429471405,0.0053419834093347066,0.005487226209110063,0.005113986170770317,0.000706452699243557,0.0022545050929121974,0.005356896114985457,0.0024564746078800863,0.005356812199351317,0.031187852785815196,0.005651682179442827
290,3200,340,False,True,0.0007963702944269244,0.0063827881988769,0.0005496297843576193,0.006420743775214463,0.007056360644887944,0.0060864252732316885,0.0008501348628271885,0.00022646644705119346,0.005054441400417513,0.0010355819814679105,0.005049698751281753,0.06636804360256476,0.005489923269609551
291,3200,341,False,True,0.0038127306203781853,0.006170394721164716,0.0003882238651531999,0.006225912990604493,0.007723336138869214,0.006165531776273534,0.000887741520259647,-0.0072399134776687584,0.0038841270846447884,-0.002983354958840333,0.0038718473199144655,0.1272305161383065,0.004018326851948278
292,3200,342,False,True,0.010755123633076635,0.008445115347436227,0.0008455555942229073,0.008445364694673253,0.007139134495298218,0.005965767776403368,0.0021325836716383655,0.0007104883401627068,0.009559380944410858,0.00817879859549712,0.009559299426242767,0.07647899292110504,0.011203857915847534
293,3200,343,False,True,0.001333255306986292,0.0046261612008904095,0.0005930674591893782,0.004685808182012753,0.0053487560589200725,0.004626707674335574,0.002157804628163429,-0.0015245635747724903,0.006459846506642695,-0.00011417010327185825,0.006471667180529117,0.047809793851666595,0.0065372251332961595
294,3200,344,False,True,0.0015191701994512461,0.0045255363857043375,0.00016403446303651326,0.004628771869034159,0.005255781356304539,0.004465531522799611,0.000379725440045063,-0.0022310999212235582,0.0039601682990076095,-0.0003925391235957901,0.003988431330280182,0.061222453337990944,0.004153029543060391
295,3200,345,False,True,0.0008399479224176904,0.0068873790516109,0.0004164670202953153,0.0068995369652476305,0.0062758728975613656,0.005179940123994238,0.0034077714839355635,-0.0010716375659370777,0.0052426956469091655,-0.0008472634406125938,0.005236111752879235,0.16645235363811228,0.006681247733511114
296,3200,346,False,True,0.003890848450321205,0.005214976538756335,0.00045542670663753087,0.005411748853000302,0.006236705047706896,0.00522753072730922,0.0003182943271908272,-0.0025639636014811087,0.005119812513509814,0.000556753679876772,0.0049773823701008265,0.053035734965238605,0.005210939741773404
297,3200,347,False,True,0.002282264894692131,0.0046964660368270395,0.0002975985134549659,0.004698126060361252,0.005676018611270708,0.004721926774961727,0.00039934779930084674,-0.0008092263039898252,0.007405309704674963,0.0012085923420702871,0.007402631936119413,0.061071525669851426,0.007503399636362484
298,3200,348,False,True,0.0025254214684098165,0.0077582063006003095,0.0015596736762968169,0.00774378106381982,0.00833707795446364,0.00750934579398228,0.002639076027125958,-0.0025337189504697033,0.007922335476028018,-0.0018934864012638583,0.007934727403551136,0.287916612908926,0.008303683510142712
299,3200,349,False,True,0.0012133652328115954,0.006543685380564324,0.0005276021090695083,0.006486614382480046,0.006575199038446722,0.006013683027573139,0.0009891569201460099,-0.0050627576936303886,0.0003048726007244973,-0.004151291904216331,0.0002773432622679195,0.031191643272332675,0.0007549893873405045
300,6400,300,False,True,0.00024657201093925116,0.005092243059214261,0.0003020519159632068,0.005122044276075202,0.005847112305635564,0.005088290465310838,0.0004607655707550157,0.00222983087048082,0.007210229178509682,0.0023545436041657627,0.007184598474711557,0.05369222576472076,0.007279657272960413
301,6400,301,False,True,0.0009678099276066021,0.005202150969755739,0.000203333227454139,0.005941501011817229,0.006097281586395664,0.00496097869638166,0.0014789100596798775,-0.0012717948671788868,0.004145829569689692,-0.0008172602523237771,0.0039881074112414795,0.046121809588027335,0.004425663737967989
302,6400,302,False,True,0.0003059860328827157,0.005076208016573022,0.00034780701971322015,0.005076075916272298,0.005683191372913065,0.005072189064600445,0.00031456474910895724,-0.0026842867332058434,0.004025748576194541,-0.0021781194777101363,0.004025382503336505,0.09132368694015824,0.00408012550148025
303,6400,303,False,True,0.0011703897308066099,0.004785967996691715,0.0003466793466745287,0.0065316243605378745,0.00574953310793433,0.004740344393459673,0.0006753392330383827,0.0007075926356871734,0.004676685554958677,0.0014300039306784423,0.0035327204390103797,0.09499505158496399,0.004752628417658625
304,6400,304,False,True,0.0005749431526729315,0.00540232014085582,0.0005356587017693314,0.00540793432078293,0.005698074471839185,0.005347842168690891,0.0006182461912774045,0.005754556375362244,0.011773955606691828,0.006424050218838522,0.011771045822471678,0.04626589341915901,0.011842555614079014
305,6400,305,False,True,0.0011046754695239027,0.005004972933178694,0.00030461513293885816,0.00514996077225203,0.005684979025025503,0.004954987562884301,0.0006046959799784183,-0.0017651564389286078,0.005773023279390408,-0.00024896887695740586,0.0057295029045329035,0.03040103843321111,0.005848560953665774
306,6400,306,False,True,0.0008844144418092553,0.005100170043583665,0.0003062341187036759,0.0052149517771583635,0.005877160111054483,0.00507615505379241,0.0003587995278597701,0.0007647028125004964,0.005544156130660909,0.0015746833701077842,0.005443336208706597,0.06598142217463586,0.005610445515565929
307,6400,307,False,True,0.00544700736193622,0.005451120911738911,0.0001708113654432003,0.005451156126583403,0.006284990074119075,0.005447934616617769,0.0003611291551293645,0.0046788772397986025,0.0046780866960710555,-0.00030547696008481243,0.0046782877358642954,0.0818474657584858,0.004778818548636529
308,6400,308,False,True,0.0019559032165214576,0.004774628658971255,0.00020120463302277268,0.004860489406875529,0.005635069935104634,0.0047868685580426135,0.00033748756089243333,-0.0001055013768199476,0.0060627199588060956,0.001571623105169303,0.0060089636878883825,0.06119122958377011,0.006137891614058713
309,6400,309,False,True,0.000906325572292454,0.006431296720723238,0.0001670007952412859,0.006375310386934211,0.006376718857078022,0.005681932475295871,0.0006352799667003056,0.000896165610241172,0.005836148588991481,0.0012399237817423657,0.0058025472791306855,0.03122532385373443,0.006202135025433889
310,6400,310,False,True,5.164359433761512e-05,0.00527314949609521,0.0002510894556659526,0.005273143510565026,0.005811382520213415,0.0052732164195619146,0.00027246977637320846,-0.009286529009355504,-0.003970264554716412,-0.008765913586508547,-0.003970350046851063,0.05954831208609402,-0.0039309396327287666
311,6400,311,False,True,0.0021174335208787825,0.00445722942949876,0.0003517218199480239,0.004458991194143294,0.004901651274968819,0.004406094676850419,0.0005561762645886029,0.0013716779080818792,0.0057363389626013195,0.0026475256922616607,0.005736440424378806,0.05553801339310791,0.0058628242084958065
312,6400,312,False,True,0.0017154728718635492,0.005607112230803558,0.0003659910018812593,0.005719379875379417,0.0063893693431166495,0.005586899050675982,0.0005674921654538869,0.0014407330067008092,0.007760417994196232,0.002908246853585903,0.007679745046957152,0.08950105248461435,0.007843928883665446
313,6400,313,False,True,0.0007170122836537717,0.004806695758450493,0.00021744499219791325,0.004922316864537274,0.005869620753278016,0.004806967872739607,0.00027482719156089356,-0.00522142798020882,-0.00017029261525179252,-0.004580566255395689,-0.0003196060007454982,0.04755859075710894,-0.00013153685814733251
314,6400,314,False,True,0.00032900791004049584,0.005583869696250636,0.00034837309632435124,0.007222368478421265,0.006733764095261654,0.0054970479921568095,0.00043367232213912014,0.0013861951991591057,0.0063640483852882394,0.0019005486885653304,0.005206233726763667,0.02161093743970767,0.006497992033732289
315,6400,315,False,True,0.0009842828937800493,0.005174445774502784,0.00029512801579383984,0.005174405027329873,0.006042776357658063,0.005193642771092479,0.00036750673420119894,-0.00043848761147197076,0.0049178091642901305,0.000656533394654214,0.004917695309418129,0.060742335983251475,0.004975969742917474
316,6400,316,False,True,0.0018204821946994896,0.00462598262881337,0.00023563932122647315,0.00462528358980717,0.004849720282935335,0.004540333740694913,0.0012208935600103432,0.0016065148513895939,0.007301935840822758,0.0035218100468908187,0.007302193232592557,0.1296096324564324,0.007431106478236207
317,6400,317,False,True,0.00015258830074916117,0.00516651771471089,0.0002791093752273013,0.0051665665555815496,0.005991537480897695,0.005180356468205161,0.00033556411732871966,0.0014024502422923957,0.006408812272980668,0.0016566312169477738,0.006408499640900214,0.05199620145120529,0.006463478733622602
318,6400,318,False,True,0.0008648225474325896,0.005010606320406576,0.00033154230267210883,0.005010563859852301,0.005443104038925022,0.004951882890930966,0.0005429808605057096,0.0006116206636221644,0.005259736428682284,0.001164018024886842,0.005259518182048026,0.01660226028700974,0.0053533993780166406
319,6400,319,False,True,0.0005677244959270509,0.005141361873305625,0.0003962867961421416,,,0.005143337603770963,0.0013854267182521571,-0.007020399130018637,-0.0035263351848959525,-0.006531759112150316,,,-0.00348723270898528
320,6400,320,False,True,7.622861275617108e-05,0.0052793212915491225,0.00022048825939561409,0.005304640348869044,0.005885627341212474,0.005247867468354333,0.0001898258340114975,-0.0022107802773063488,0.0026647886956106073,-0.002123175440654206,0.0026607828191621864,0.019359275549401735,0.0027382774161403417
321,6400,321,False,True,0.0003731143019736377,0.005336783069465678,0.0002958297261024654,,,0.0053535727380288785,0.0004738639420245115,-0.002328825297178518,0.004817745799837638,-0.0012963473617487618,,,0.004864543398598237
322,6400,322,False,True,0.004550458044154318,0.005599546638197681,0.000557809288888237,0.005752480947676873,0.006622820798346754,0.00556709686116463,0.0013884361044134185,-0.0005449993575882896,0.007438319429277396,0.0022566605109612115,0.007265278176317196,0.05699713856105301,0.00751059906005809
323,6400,323,False,True,0.004404460074042163,0.005191285725487118,0.00029099342595435384,0.005191240450803587,0.005587071501124229,0.0051214534824387745,0.00038500485970189164,-0.0007877560736008621,0.008115006621364529,0.0029620699191967204,0.008114953290147468,0.1595875439716561,0.008251910080698005
324,6400,324,False,True,0.0003900615388123447,0.0048543790740092655,0.00021866845156294927,,,0.004856626046135689,0.0005469306269394486,-0.001074319001137557,0.003759265352739405,-0.0008612497496725785,,,0.003874173345841919
325,6400,325,False,True,6.764442737693989e-05,0.004870103518051718,0.00018106421849322336,0.00487043803482446,0.005562183025299122,0.004876006486645701,0.00017523042998679618,-0.0024539429435188184,0.002867737272336974,-0.002078962299405339,0.0028676352787159053,0.05364364652396704,0.0029393490500405073
326,6400,326,False,True,0.0005391812504221942,0.005795233827710049,0.0002862177439973771,0.005803515523755109,0.006434950826005803,0.005770621349764837,0.0002564845539418768,-0.00319375770344257,0.0032795379311520456,-0.0029567967417692526,0.003277034473812801,0.14036966325743838,0.003337489220836945
327,6400,327,False,True,0.0020875685133094385,0.005391901837906928,0.00035783393854756367,0.005412293705182521,0.006021118594512918,0.005388709407873133,0.0005195541289036321,-0.001670172522762238,0.00653032176393701,0.0012145828573187415,0.006550034028202223,0.19923411214242534,0.006580573740872869
328,6400,328,False,True,0.00024523073335402815,0.005142377881242921,0.00011514522183938858,0.005148535024080691,0.005658232876028766,0.005115009514950972,0.001129076806742585,0.0010896340478807696,0.005843618861604405,0.0013842210063608354,0.005835919212725802,0.03867934631290303,0.0058991168544695605
329,6400,329,False,True,0.0007047794675865416,0.004647083374989063,0.0002985429339248406,0.004683534277261121,0.005153601804577978,0.004535341081071082,0.0004017666188545807,0.001426949110363312,0.005188162230831282,0.001999775266585091,0.005172814730908577,0.05695109663861512,0.005333914462508749
330,6400,330,False,True,0.0020568031521268427,0.005516516678190926,0.0004136524875541991,0.005417787690104357,0.00660806542954986,0.005440811372038393,0.0024059901270743846,0.004010516566691572,0.00974621557007307,0.0054746680182705286,0.00981184590860586,0.17536599508784112,0.00991730404280225
331,6400,331,False,True,0.004218497839383378,0.009724148509517833,0.00020222445269872308,0.006144072320223164,0.006371769369137685,0.005693720083569105,0.0005264630298349931,-0.0007115862153181789,0.005194514624200632,0.003677979173069247,0.008213918067238169,0.21293330612388342,0.008889876300045466
332,6400,332,False,True,0.0011960571549111054,0.0053218154548784,0.0002696747922455619,0.0053217001189158585,0.0057692138598912,0.005285774611524832,0.0004200930094866339,0.001364431276702327,0.006959367372310901,0.002551495898255857,0.006959362177863895,0.07965607567406924,0.00702782771610895
333,6400,333,False,True,0.0038837208125772466,0.00566346458700618,0.0003244411741677216,0.005663493858418375,0.006175237059621565,0.005664032050173475,0.001691631160812256,-0.004006234370987988,0.0026563673059053806,-0.001528268969921011,0.002656300371255824,0.05943566026279763,0.0026951845917679296
334,6400,334,False,True,0.001806987929610116,0.00487415618009589,0.0003577561700563401,0.004880048823466215,0.005551654218945387,0.004861750444771855,0.0004284658373754979,-0.0031226177080249723,0.00529931406141321,-0.001188265891858245,0.005293362934927561,0.05438452451513975,0.005340731917774344
335,6400,335,False,True,0.00043378907716688173,0.005125111421282227,0.00025618750719242874,,,0.0051271123178617305,0.00025386710900464284,-0.00159847728323624,0.004076923665407222,-0.0008344288287479031,,,0.004148137128489507
336,6400,336,False,True,0.0010559998670612663,0.005121332613736798,0.0002923111785195169,0.005138420150370448,0.005809053380529133,0.00500895850076247,0.00035416307981895267,-0.0022596362749997922,0.0038892615590487268,-0.0011993493899729371,0.0038830580803275085,0.05314448192421946,0.004035679601753148
337,6400,337,False,True,0.002827828145247975,0.005608259304521344,0.001138340041030308,0.005609139442337996,0.0060893325985696255,0.005592239633160174,0.0005158230612013183,0.002535658536135672,0.01140011706373322,0.0041308684286855725,0.011395790340085999,0.12780749763624832,0.011478924328682402
338,6400,338,False,True,0.000866833954449827,0.005009203042420433,0.0002577100446982825,0.005068612818443181,0.005929548942199554,0.004968126526560795,0.001471158275339031,0.00033899509218679474,0.005619260362599192,0.0012307324976836194,0.005588422386298522,0.0682880094157045,0.005706670873711919
339,6400,339,False,True,0.0005919935031825517,0.005367660144877904,0.00025913358457878543,,,0.005207028388894757,0.0011636338367464192,-0.0010405049357871154,0.0035594133112563852,-0.0007143349669967267,,,0.003731379460918949
340,6400,340,False,True,0.0002527962347068875,0.004637365412767005,0.00017917732861365198,0.004758558527445922,0.005447146589140622,0.0046746869833578526,0.0004561373006364434,-0.0031716667903664026,0.0016260070926619008,-0.0030236831112504924,0.0015259008853900369,0.03214464724385225,0.0016977751688910941
341,6400,341,False,True,0.0014433648750058212,0.005749639757323216,0.0003948427254651247,0.005750029455755574,0.006325312176303388,0.005737226468122472,0.0004708067579177303,0.0011161637160573767,0.007892715383179958,0.0027227473858130423,0.007891834827441588,0.05607351988785751,0.007937693795473932
342,6400,342,False,True,0.001200136024193925,0.005427096339360305,0.0014848531461135945,0.005427388092900437,0.005866227567851977,0.005426298831901627,0.0008556974087953635,-0.002602532977057891,0.003986455704020564,-0.002627266321049274,0.003986233788152784,0.20052916064861998,0.004025315734020901
343,6400,343,False,True,0.000429295264379338,0.005016345209615655,0.000272356883448837,0.005020407361691787,0.005610566634957426,0.005016356881441537,0.0014037451732892559,0.0005581323438451608,0.005518391773064995,0.001284213786469442,0.00551170456224126,0.0569658349928789,0.005559309309679891
344,6400,344,False,True,0.0019446311003933764,0.006264523493064828,0.00033657936803818553,0.006323447058079115,0.005542389399647533,0.005191002719532034,0.00044479270807934804,0.0015560592153968705,0.006137715576119014,0.0031659187817315226,0.006090247972210428,0.08468804471165164,0.006803473662953294
345,6400,345,False,True,0.002281173399558765,0.004782086424122342,0.0008150146246625317,,,0.004747986747938584,0.0009516658710624178,0.0011412545049476722,0.0049354985504209735,0.002553957322959728,,,0.005005198039680081
346,6400,346,False,True,0.0009296369560215726,0.005815352078371516,0.0003367252256782735,0.0058445194711251565,0.0062631995774277225,0.005286861357846744,0.00036096846067675415,0.0016156399561891102,0.006164433199017712,0.0024615521680369508,0.006134099448316626,0.08302069264759317,0.006614638313203636
347,6400,347,False,True,0.0015299455931048504,0.005060050052363323,0.0007929386136905188,0.0050606787506813486,0.005709672447906924,0.005060903996004479,0.0012839628967098945,-0.005789887903346811,-9.713229378755629e-05,-0.004904169420756182,-9.730064441786368e-05,0.12442290318953471,-5.8489130456931826e-05
348,6400,348,False,True,0.0007824804397557229,0.005200813079955662,0.0015961599488459662,0.005213108444026646,0.00582436362185631,0.00507605435209894,0.0021352335993180265,-0.0028159846816926903,0.0011691733224977875,-0.0030882140748430546,0.0011614877613926034,0.047329613954257485,0.0013367785177855057
349,6400,349,False,True,0.0011037149632632491,0.0048586596306535055,0.0003319309092728863,0.005202209782768124,0.005777317774880131,0.004876498864101699,0.00032467952897636025,0.0022737808878383245,0.006534118522633837,0.0030139269642918023,0.0063531583009633335,0.020734066016411513,0.006579172305632458
