,n,m,use_location,use_scale,MSE_wellspec,MSE_misspec,MSE_surels,MSE_NPMLEinit,MSE_NPMLE,MSE_thetaG,MSE_EBCF,SURE_wellspec,SURE_misspec,SURE_surels,SURE_NPMLEinit,SURE_NPMLE,SURE_thetaG
0,100,200,False,True,0.0028860813709407646,0.003355964279943851,0.00027487671639570216,0.0033560126515869756,0.0032269627885290987,0.0033558843227637233,0.0054355346721335655,-0.014092629869318526,-0.006888214777130628,-0.009124294278241423,-0.006888487176511546,0.022144878055589637,-0.004533554831177691
1,100,201,False,True,0.07167650674891893,0.017993379150503485,0.03007670607070518,0.01799867066865474,0.009727609240478321,0.0051649509986789344,0.029316214831449795,-0.036771733895741336,0.006971573112117433,0.002351942845454758,0.006969874288130402,0.014842301681191295,0.017808290846604444
2,100,202,False,True,0.07976187519364554,0.014781568952833694,0.03908128726953041,0.014791566419479898,0.012526310856028901,0.013751004369674,0.03557996800798023,-0.017859587559819975,0.040334317564618694,0.010441717363309842,0.04033015417610017,0.06850538332787856,0.04380120837390365
3,100,203,False,True,0.03266103405413528,0.012678772035220776,0.0032068246840178945,0.01267449801638625,0.008445486659467582,0.005981715996952191,0.005280045250599025,-0.01075399545635742,0.007901794534964921,0.004802554433763411,0.007899987516416332,0.033113258090123485,0.014232389833278347
4,100,204,False,True,0.026203909691008748,0.007766782739878667,0.0016521023606179243,0.009273054456048091,0.0100799230917225,0.007766684017116115,0.02725719053581125,-0.04831312104679137,-0.014119595493852142,-0.017847130103259008,-0.015007985995151359,0.029206192738866755,-0.011605860950147734
5,100,205,False,True,0.006206593856520464,0.01177697889307253,0.048101108564275276,0.011777156656665195,0.0076745478393238946,0.00911063335647652,0.04711854083024797,0.035487890121721564,0.029956005096357412,-0.0072660110185118485,0.029955672743385318,0.04496956786346095,0.03370682640463353
6,100,206,False,True,0.016997854383924437,0.003661163283865985,0.00027409650497560797,0.00366112660378869,0.004110440021503405,0.003558701546232533,0.009689606922769356,-0.021439921918657807,0.0008502304984879494,-0.0037614921406083092,0.0008482487180281417,0.059339570067275,0.003383088250696914
7,100,207,False,True,0.026172172463418235,0.007484997153177192,0.0029633042903247898,0.007485073280896768,0.007330044835858629,0.007484931743574944,0.01563179551689397,-0.055076137414382755,-0.024694586102490312,-0.03219533745957225,-0.024695081056646497,-0.022231701616612226,-0.022137030914052266
8,100,208,False,True,0.06649508529155429,0.05395434940595793,0.05064865040760872,0.05396196452513785,0.012149494611995746,0.007147431351471155,0.033885383861216686,-0.026167086920340338,0.008630199839772671,-0.01180292063487125,0.008625121133017473,0.11042547255913533,0.04061143678804473
9,100,209,False,True,0.007528073829389689,0.0061188605775930474,0.001002779101364375,0.0061191250361188445,0.005341641402971903,0.006118684148916666,0.004994938569388622,-0.060576577219231334,-0.05108001541477538,-0.05600019929071197,-0.05108075130134221,0.028281444615934622,-0.048287721601206604
10,100,210,False,True,0.046950518577354716,0.03300035399905069,0.004185359256312177,0.033003898178128536,0.01741570568389958,0.007771857919483737,0.029454727096864215,-0.024094899820614607,0.0007845344529737374,0.01227839241680738,0.0007820055465173681,0.0485485682988147,0.017483067045759845
11,100,211,False,True,0.02796831680701271,0.004933462987839209,0.00490832681417801,0.0049334754321292765,0.007428539919569332,0.004975704567659966,0.021571048556071438,-0.02575508057734548,0.010799817344072284,0.010878874318598322,0.010799523496260281,0.053508095356526335,0.013234594454043236
12,100,212,False,True,0.05458227940412805,0.02233611576416377,0.029290915269464743,0.022335634668200825,0.017417113083399213,0.016426518183263877,0.0567293446192792,-0.0031589494581302493,0.030376973203777417,0.018976747075939382,0.030376627519626175,0.03529116796344118,0.03543890779119929
13,100,213,False,True,0.04170197279717951,0.009903272761585797,0.019873192899885553,0.009903142435184534,0.0065449962172363825,0.008459855030670116,0.028099546231975366,-0.007117713310376464,0.026444460932139736,0.011115345031597309,0.026443954901439606,0.030187579409561013,0.029709919496311202
14,100,214,False,True,0.018996514836700448,0.009233637416542128,0.005123266587491004,0.009233850197888346,0.005999172728476847,0.009233473135745551,0.020230117727408892,-0.03606193955851812,-0.014193417691753574,-0.018017797386404254,-0.014193820705509168,0.050456686154038304,-0.011798992252180743
15,100,215,False,True,0.018177028021211437,0.013622217385436432,0.004574869712147413,0.013623791164156367,0.00927155043259379,0.006295388137485475,0.009128130470418926,-0.0254415471623315,-0.013235432002185963,-0.014264717971585563,-0.013236124520339327,0.09732102592179777,-0.006829168437780267
16,100,216,False,True,0.010492871986187733,0.004370001101421984,0.003371776704807778,0.00437008820266009,0.0031285857777759514,0.004369867934287427,0.004190434282657465,-0.03952315050066294,-0.021644208742431986,-0.031167469062835833,-0.021644462154494927,0.049839977851809235,-0.01935586817775324
17,100,217,False,True,0.05502778526940702,0.006606021037724641,0.017399653572878072,0.006606164182154935,0.004957023000844818,0.0056046064711429335,0.03131899019016022,-0.022727388359737536,0.020744545836088354,0.006715700478061505,0.020744410726652392,0.07536581305144802,0.023548287602389847
18,100,218,False,True,0.03664808068376506,0.004042641388778117,0.000878564764092049,0.003819351537235705,0.003616467428257806,0.003820258397478666,0.008811215229557441,-0.028277550341537463,0.016471779986885073,0.010268905365897,0.016673496651688602,0.11914737976304102,0.018940605808328154
19,100,219,False,True,0.024593895950245998,0.007363122864244318,0.010157125761801928,0.007363109376970723,0.007810663131874862,0.005527600731003098,0.01438782605120715,-0.017077015612583898,0.016428434115785713,-0.0028090655565621765,0.016429255240324674,0.15909536214697448,0.020171934141845996
20,100,220,False,True,0.017592891853839124,0.004771717626191455,0.0016565228843327265,0.00477256915895439,0.003107356435195522,0.003839432240818849,0.008169828844070757,-0.00911994698034459,0.005723054254633055,0.004615648238286399,0.005722613309261763,0.024862819584523042,0.008386229771463707
21,100,221,False,True,0.018191574128408775,0.008787303172790693,0.01490112768925176,0.008787307415697046,0.008938005145268504,0.008787152739973974,0.01839322210937797,-0.03801905599762857,0.004082841345579418,-0.033862707225101055,0.00408277268790572,0.13818397694311904,0.006881325455071002
22,100,222,False,True,0.09867659449442417,0.10545712064581839,0.05102736538655428,0.10543461840614633,0.010368257859086315,0.009768830928697656,0.04519032087062427,-0.041257517397546226,0.0015154047634589852,0.004505173053501355,0.0015010180041233668,0.16958405690537584,0.0629498814095898
23,100,223,False,True,0.03270477878130129,0.004866805602832313,0.0005407028521476324,0.004866968335025427,0.004578720557219845,0.004651365493691199,0.008362312234164199,-0.02459384357408719,0.002409583298593656,-0.001437885709448108,0.002409395996151229,0.020797985195794465,0.004840435948211291
24,100,224,False,True,0.06445001488406836,0.018341628448277282,0.01904561398863661,0.022070707749483404,0.015625745259872557,0.016624065751508103,0.023973702285018533,-0.013238852853697228,0.029847867028272912,0.02679878747770519,0.028967668128561056,0.033026602367411256,0.03290950769660052
25,100,225,False,True,0.009667805782661094,0.0038188172515478797,0.00043493690929308763,0.003822194491055774,0.004055053170074885,0.0033816830353036427,0.0048726924170003644,-0.03269327281926922,-0.018252823537088094,-0.023260002301614957,-0.018253641107966328,0.011712389583269598,-0.015409692820737952
26,100,226,False,True,0.06611271076804974,0.012521867137085448,0.009609048721703952,0.012529927346473601,0.010092363872236814,0.008854490653475725,0.046020343892690226,-0.034110144450222986,0.01363051092924227,0.01561874629964442,0.01362920702183958,0.02459121371498778,0.018200517578532915
27,100,227,False,True,0.0041585802533874,0.0041748097666102464,0.0019457714067803603,0.004174814408716967,0.0043431508467331415,0.004174726786515243,0.0026880225579278714,-0.05169266511361342,-0.0487283877293803,-0.04916472583852542,-0.04872913856858973,-0.017254332575663726,-0.046160173420222966
28,100,228,False,True,0.059199852922515325,0.02439031016107378,0.020358032005990956,0.024392533452416997,0.012512864568934341,0.015856196904125115,0.026469433697079815,-0.00319026752629733,0.027260539861708948,0.024481746488669655,0.02725849390499958,0.04870159604453711,0.03270184415438709
29,100,229,False,True,0.0036237073504645505,0.005592357041546984,0.0010324704128855861,0.005592519625014414,0.005290437262530844,0.005592096890348438,0.0032357055728841344,-0.03789066280402426,-0.027178914587471008,-0.03535163632414178,-0.02717924476046905,-0.004518410696343888,-0.02473434478409331
30,100,230,False,True,0.03355663712577462,0.00888163575376934,0.001948793090362344,0.008889200703843242,0.006956032965990869,0.005590996507373825,0.006669531523762473,-0.01933646563680528,0.006570612090383339,0.0034031136044403464,0.00656936983454699,0.016599703552520443,0.010195177611211081
31,100,231,False,True,0.02819927065313888,0.00668351444808687,0.018579032529020875,0.006683624704479438,0.009465135144050115,0.006683390894999089,0.032662836905843165,-0.0312967254084141,0.015636593093463987,-0.025552581860332515,0.015636354862385675,0.2737234680503795,0.01833011662584072
32,100,232,False,True,0.04227241464193011,0.017862726486173975,0.02690643385645381,0.017862743690829012,0.01897384295584252,0.017622090803662737,0.03535842945816195,-0.04602402980474869,0.040292446992065634,-0.03345319712996244,0.04029220814598434,0.32596108894251663,0.04320941743014048
33,100,233,False,True,0.02698667052953438,0.02498817647119675,0.0017926196289129476,0.02499287624706104,0.014326288250362487,0.0062688367068424065,0.005318598699870928,-0.04410824801853936,-0.0329800146020356,-0.024668460659759275,-0.03298267987509647,-0.015653424277203988,-0.018608542727428984
34,100,234,False,True,0.04734677417076481,0.008244833414670208,0.014921381073742634,0.00824500855085744,0.009155644885889817,0.008245023121795744,0.04891397498739351,-0.03605611870979219,-0.001310709961303207,-0.005862628025345012,-0.0013108378570981928,0.005501991447532451,0.0012635067110542686
35,100,235,False,True,0.008302319858279917,0.00591932616542671,0.003120460687055,0.005919170932204131,0.003954454903502012,0.005919089109075308,0.005057880924242572,-0.025787674687300772,-0.01258400561681965,-0.020943297387591125,-0.01258384752823348,0.12170672652669179,-0.010081105281201971
36,100,236,False,True,0.008630920887969904,0.005414822446084892,0.005298594403796684,0.005415013910429769,0.00597740155294383,0.005414823598204801,0.008429977125188068,-0.016267283359384606,-0.013296840487633013,-0.013313806161729884,-0.013296928184568345,-0.009522431099276325,-0.011163578605011229
37,100,237,False,True,0.07018278566160253,0.006311202640766372,0.04900768427489459,0.006310158822203848,0.006198579366968389,0.006281404488655221,0.04996568086729265,-0.03365117466151205,0.02708896619744552,-0.015156894713494181,0.02708865030295991,0.034501700600217886,0.029876249561421347
38,100,238,False,True,0.1206449403696098,0.03656361117224385,0.052118828436965664,0.036569752428280464,0.014012147380684282,0.023033993911959337,0.06285472155087975,-0.030208388853925038,0.04806654993402464,0.01854393032262384,0.048058518510849774,0.1843571012979474,0.06131877229820952
39,100,239,False,True,0.02511573765501188,0.016009081228849687,0.006401582162795242,0.016016238302239628,0.014516918900763176,0.006436498864411149,0.01537088490553203,-0.01321506548593779,0.007707356462247219,0.01392242069754742,0.007703297471314734,0.02320254508927942,0.01608252553356783
40,100,240,False,True,0.02227975052297111,0.005927323166655503,0.0006808183574774716,0.005927389397154727,0.005653157190856873,0.005927652099581682,0.01780803728365852,-0.028023107517759743,-0.0016779835279596255,-0.00641213679001535,-0.0016779896447316745,0.07184935485167078,0.0008521504026543086
41,100,241,False,True,0.02522823206644311,0.011744572432935672,0.005211337362477546,0.01167472585297331,0.006400897574795237,0.006069431682205156,0.00671284244128597,-0.021204814071276352,0.008869406421445411,-0.003358354434877481,0.008855489313002672,0.07298141747176481,0.013665759296572835
42,100,242,False,True,0.0439537906903976,0.007549019140121869,0.0189826959093648,0.029951367497629087,0.014412653201985698,0.007548700665970769,0.016818176412856104,-0.05850330980701835,-0.002240586722229523,-0.03714037538703386,-0.01757580908395397,0.19828617905909723,0.0004591457594541881
43,100,243,False,True,0.05001576745726312,0.007788333471147033,0.025574745097106756,0.009630929805860406,0.006943048881388454,0.0077841586316095565,0.06410066444414904,-0.037902703918114095,-0.008119102716967426,-0.015136691570993946,-0.008672020801137315,0.0028090919562092686,-0.005807299500112342
44,100,244,False,True,0.03303673325301841,0.0035149402266016617,0.00448328299760915,0.0035152468689204903,0.00298157415639963,0.003174708425802638,0.00699949568436036,-0.013554181385666109,0.008673725125682062,0.007606521317418414,0.008673435047521334,0.012150079924077009,0.011024456956718373
45,100,245,False,True,0.03219648918428241,0.014033908436846985,0.0018297863942045172,0.014039978510015127,0.010531524918101352,0.009478709740524418,0.008298003661118016,-0.04620032427208294,-0.009555274839960078,-0.01952943583353531,-0.009556954325853777,0.04815642797588856,-0.004027775558151439
46,100,246,False,True,0.026872447916125194,0.005190086414170735,0.007897238540440383,0.005190316080704196,0.005062328472623074,0.005190062792509832,0.013237918667155023,-0.03042324445188788,-0.013052188027152507,-0.013151499657236828,-0.013055286232284065,0.0039228391711610125,-0.01064232726072356
47,100,247,False,True,0.00662676583239951,0.0037427648959701847,0.0024090889287925895,0.0036851542316144723,0.0035651069031999495,0.0036626151658008983,0.006149188503916982,-0.020671380476485313,-0.010682710707205133,-0.019031656700706993,-0.01069591210619329,0.03562473112249318,-0.008111348181211633
48,100,248,False,True,0.028985601390004247,0.013333985799476731,0.02432538865271385,0.013297629418420094,0.016618598146946387,0.0133328007421994,0.028859526015332666,-0.03789218849188199,0.03166940546586629,-0.03327538895476068,0.03166788753390243,0.2648434096589596,0.034149501436141774
49,100,249,False,True,0.1399909382721244,0.09589036493079404,0.04333787127410492,0.09593171992029202,0.04394110198902863,0.03841275407540806,0.07765215249805012,-0.038646760034005766,0.03648152963343439,0.03892509601515561,0.03647531178603984,0.15415761865006716,0.07229149542475803
50,200,200,False,True,0.011951332692061438,0.005769771177154155,0.000994838687395736,0.0056068703012402245,0.004199296130050352,0.003907978284735535,0.01193117314785171,-0.0034826638236016404,0.005759783795058517,0.005442126534370785,0.0057172680203519555,0.06294558545223503,0.007617030077025452
51,200,201,False,True,0.019980078632868225,0.005928246449608936,0.0010408597115695026,0.005928916952528143,0.007069241284208066,0.005863229511761863,0.01194695558834202,-0.008468825751946555,0.010977026773786917,0.006639307850765925,0.01097665079997217,0.011994013718087917,0.012387461473545192
52,200,202,False,True,0.023273542051426774,0.00915011374715143,0.0013443932094566067,0.009150763311960939,0.008484783037447678,0.006480818689666921,0.002855879923558623,-0.012574595160771902,0.0055466344564600156,0.0040868177047721195,0.0055459695027150245,0.031103374649807627,0.008655955276632113
53,200,203,False,True,0.03754293867518464,0.007685627552701269,0.01626735159781883,0.007686467460023986,0.00543759595466414,0.004190204583073155,0.015501747785689107,-0.017632941007988037,0.006264829332731701,-0.003132307338947528,0.0062646165685080035,0.045943808483319956,0.009599706281848586
54,200,204,False,True,0.004155757493217391,0.005252293708895131,0.004371016442409898,0.0052523767626371475,0.006118127209587512,0.005252167793538671,0.004032011481003079,-0.03183611124679633,-0.014972616425303915,-0.0321533301700806,-0.014973127607516493,0.06824135553977195,-0.013730319835443983
55,200,205,False,True,0.016778381145490653,0.00461824020573915,0.007078762306497879,0.0046173468210744,0.0036537617182035766,0.004230464219361876,0.006659158726466366,-0.008574035856994369,0.014174558189328206,-0.003282414424031517,0.014173057138588324,0.15672633240794534,0.015488655571607848
56,200,206,False,True,0.008030565279490065,0.007407052950712273,0.007397673472689003,0.007410729919451548,0.01036853872767364,0.007580885873980852,0.012239935474490444,-0.0067999760067993225,-0.0010984423879213346,-0.0009961483330911448,-0.0010989226430116617,-0.0009351051160718526,0.00017262660201756985
57,200,207,False,True,0.043457524575069746,0.029919231906196032,0.02167934444477642,0.02992675746050225,0.027640590108948336,0.008261879399193268,0.027352390361769053,-0.009811741322893036,0.005437877458791576,0.008446034914377561,0.005433677248038719,0.07125853672189596,0.028512204326491056
58,200,208,False,True,0.0007129123674048186,0.0040688744978702165,0.00017602343100179773,0.004069005373324303,0.00478969020978929,0.004068790364302835,0.0005587025530355416,-0.03315482953859537,-0.029312549561113583,-0.03297828782651273,-0.0293130439150047,-0.016488158789793362,-0.02813033194837164
59,200,209,False,True,0.002138241085780781,0.003758773240845569,0.0021197553263192807,0.0037588617363281474,0.003086401452234031,0.0037587768840672297,0.004090049190743621,-0.006299164845886056,-0.005802140187816534,-0.0062805201715860175,-0.005802722150758264,0.01656879675158617,-0.004608718693469738
60,200,210,False,True,0.01069935950981946,0.0047184451729030226,0.0007781119502230378,0.004718501724909857,0.006019123539346209,0.004718379313936216,0.004210376722293356,-0.03209936891102303,-0.019959790939553183,-0.023296701135207213,-0.019960141922004286,-0.00818766838836181,-0.01876839371387838
61,200,211,False,True,0.005099761628682298,0.005100107819999437,0.0003732234227135709,0.0051003514771574224,0.005223811102464842,0.00497859192462732,0.0022526994016921716,0.00581375061564119,0.005813132875169131,-0.0003187064051883981,0.00581274726678533,0.06400921680055584,0.007144088957856495
62,200,212,False,True,0.0069810653413461266,0.004492933383562911,0.004482386041960543,0.004493175901569322,0.005142831431291592,0.004493264585102181,0.003501863439005221,-0.008400735625936547,0.003026773739823021,0.0030375746875750263,0.0030266537258884798,0.08103101032104398,0.004263772512510686
63,200,213,False,True,0.02775775901843682,0.00850396136627539,0.0018189345495789335,0.008504040023372598,0.01250526050490145,0.008503891750923207,0.025439751240433833,-0.04098967770619525,-0.0037787283627192993,-0.016480995798079094,-0.003778859238543717,0.1298489257268249,-0.0024182499523619227
64,200,214,False,True,0.01368337050416879,0.007793174177389126,0.003594140293847239,0.007793126508711032,0.007299125019162125,0.007793061274510884,0.006631300127851408,-0.0225621143293084,-0.010787778235031506,-0.012155540945931449,-0.010788053834265803,0.011830636977056911,-0.00954287993989654
65,200,215,False,True,0.00872786749592809,0.008893448185096773,0.020693397159815174,0.00888554514279872,0.009141716388243517,0.008755328616110655,0.01582712605797121,-0.012280410943404348,-0.007147152438385725,-0.016663340196079113,-0.007148912520431558,0.0010689509258919295,-0.00571350313952089
66,200,216,False,True,0.01021782845279259,0.010451281175489754,0.0010757923574592993,0.010468193385662638,0.00804283601061642,0.005058830858576877,0.002345033225248262,-0.023309140298118765,-0.007842648386298308,-0.014167017923319977,-0.007844292541726645,0.015734883788491222,-0.0031086662569075607
67,200,217,False,True,0.0011537315112398396,0.008080160351619571,0.002278636885250436,0.008079656967863641,0.007327036618184266,0.008080078763194398,0.003989674026964802,-0.020321543107146685,-0.015775089622358074,-0.019844350211139467,-0.01577454552790444,0.036937877829563474,-0.014516603920815108
68,200,218,False,True,0.025170848890879394,0.004549605126678679,0.0013448923784460881,0.004549466332228588,0.0043413155001976724,0.004059091607040191,0.005754706208350777,-0.016343428618464707,0.012598133831070318,0.007309702461414894,0.01259870543565432,0.0831657158944044,0.013938250908723485
69,200,219,False,True,0.014698946356700302,0.00828998713834196,0.0031652527809886625,0.008861649451826643,0.00961042128857339,0.006357226417316349,0.008359771138216872,-0.01678498348312667,-0.006412099879334594,-0.006004317093998919,-0.006529014037863732,0.023362634862692265,-0.0031877961972179847
70,200,220,False,True,0.010646363816410378,0.009589944345796977,0.0016594523372548398,0.00959124274189458,0.004830865210720335,0.006019822394802482,0.00786914124427501,-0.006713753647937748,0.00632154091423816,0.0023562598031677817,0.006321507068707888,0.1094351466304979,0.009043667858906049
71,200,221,False,True,0.010783974739974011,0.005178901843607978,0.001694146990382607,0.005179090594087934,0.005528768373049919,0.004595505493127765,0.0026204060644478087,-0.010225608963649739,0.0036184061124350463,-7.111754498300705e-05,0.003618221435382445,0.037948124998541444,0.005251208895173581
72,200,222,False,True,0.008382161289797005,0.005075722635772748,0.0041110699627752816,0.005107899231034686,0.006186337871974668,0.0047684560759581164,0.006756924545461081,-0.019766007056640025,-0.002848419775377984,-0.015130057388981016,-0.00285807512515877,0.03169779344951664,-0.0013338008111909577
73,200,223,False,True,0.00330757800687952,0.005225411517860616,0.0011454667325482555,0.0052254414819028075,0.005446646975671377,0.005225322317286861,0.011782061044066625,-0.015796574408856498,-0.010517118842388148,-0.011858395748729338,-0.010517498011906294,-0.0025034095110815537,-0.009283620340072365
74,200,224,False,True,0.01593990578074674,0.006279818889538515,0.0012306875532472029,0.006280779265670832,0.00782077236158178,0.00628060029507219,0.0035939322830239985,-0.0244921675805318,-0.0001574282246967762,-0.010228150189735033,-0.00015786975068586174,0.053698879982296735,0.0011360755550506585
75,200,225,False,True,0.017173751468611314,0.007988650683011198,0.008599216196152552,0.008026005933876314,0.004219888253234692,0.007817876865676966,0.007221284262270705,-0.013330035513825247,0.010287263743695103,-0.003704523296765342,0.010311543486943346,0.13337608898934208,0.011473702868228255
76,200,226,False,True,0.012401845235955103,0.00849279828214902,0.0034849741875884947,0.008493614120790319,0.009548659795593484,0.004373444251267565,0.005552601023475679,-0.01789533852103606,-0.00715913577926262,-0.008088469423041596,-0.0071597291542971325,0.05335506569971706,-0.0026593391991678594
77,200,227,False,True,0.01488234111390613,0.004928470696272674,0.0016123993205473795,0.004924678340807523,0.0042019103197193045,0.004193958630175716,0.004130724523555479,-0.011082642011289999,0.005371648094940636,-0.0009406458119018407,0.005370684597530815,0.04752848380975792,0.00675802420112534
78,200,228,False,True,0.03769031514621854,0.005409893175614759,0.0008946601898434394,0.005409767007196717,0.004888081498733465,0.005354071671708578,0.0025951703738378096,-0.037371163911386694,0.005382585393302453,-0.0019197062260822362,0.005382084944122578,0.03665329732117286,0.006688054243005559
79,200,229,False,True,0.004199072561415358,0.00688232469129558,0.0018950029769314312,0.010420482868362837,0.008304190004310773,0.006671879133165806,0.0045451956334259715,-0.0067865139628873125,0.009034932265407391,-0.0032081555103927553,0.00713714066956328,0.1211671820995457,0.010284671771187942
80,200,230,False,True,0.015918583975476634,0.0032395271014534627,0.002183881347955464,0.0032396744001846776,0.004381397471009474,0.0030421261445771923,0.009567307212347855,-0.013811239718214683,0.00689428313381109,-6.431058905298492e-08,0.006894545592384311,0.06892936377464196,0.00819691515799667
81,200,231,False,True,0.012761658149444584,0.006415560069047727,0.0017396628246034943,0.006440846913216563,0.003180561772494466,0.00306017925283987,0.005763825241681041,-0.0036945894609646955,0.01004791501986695,0.005136890201798361,0.01004023810213134,0.09130609244686419,0.012394623646310082
82,200,232,False,True,0.03312270503641443,0.008908906076552035,0.0014976272521671176,0.008909624221372994,0.00997655854625069,0.008924050127575276,0.008290518086711733,-0.02467793866185012,0.0038387307444485864,0.0003924669338472864,0.0038276730099123493,0.031113032155118424,0.005202982447085475
83,200,233,False,True,0.008917707375529608,0.006415902560809296,0.0022929262769614124,0.008276747284371768,0.005675156524113851,0.006405090553503468,0.004676112324425602,-0.018978609023920772,0.000690398128357721,-0.010635061296113855,-0.00042925547682735047,0.07425387835332384,0.0019033280935561447
84,200,234,False,True,0.03809708383939497,0.007267998289615897,0.008405219264276514,0.007296285541987246,0.007183394682124537,0.006563015809131384,0.043678048526669774,-0.02482570721469225,0.00231141120057071,0.002576542361494138,0.0023106344346106767,0.004586570886365653,0.003988881697252256
85,200,235,False,True,0.009482121033178319,0.004718866482046412,0.007660228477586191,0.0047186545240685655,0.0041854672608604825,0.004718740049820209,0.014248754445601869,-0.005796984682925644,-0.004335420861504922,-0.004766985011245519,-0.004335684511871403,-0.004280128762396735,-0.003128239159647994
86,200,236,False,True,0.02093365101389895,0.014577625456773706,0.0075062984751324705,0.01508952550742975,0.007633116625984521,0.009043272323188736,0.007807460333793893,-0.015176673739936157,0.0103300741938412,-0.006428252837839479,0.010334912462253616,0.03171148407978731,0.012208163338853453
87,200,237,False,True,0.030291266973251144,0.006991009492488629,0.0034162765787773665,0.006991029100113478,0.007351463176668618,0.006990986730978723,0.011496780371258331,-0.021638590489809675,-0.00098157018764498,-0.0018766459079459597,-0.0009818766551762082,0.0013503606500426457,0.0003667553362883269
88,200,238,False,True,0.015373420062510466,0.008879463623512463,0.003247724854263297,0.008880571846552084,0.005066725577781282,0.0070025815037146125,0.0064819869582265184,-0.014590666636047928,0.002870543260499581,-0.0061545438315259385,0.0028699288579108286,0.11046954764553281,0.005309202512403216
89,200,239,False,True,0.013568145296271381,0.005115495593016894,0.003054624554099479,0.0051157878991283665,0.005535954920939844,0.0050365289323789615,0.008143283160700437,-0.01355062436967943,-0.0016460449931944333,-0.003026876152563316,-0.0016463445116258414,0.013033969414656727,-0.0003761692270991407
90,200,240,False,True,0.009172972446276052,0.006501527074752308,0.007358693494440154,0.006501465504379642,0.0061136474238209825,0.006501499086678148,0.011445809697125251,-0.017293768132349254,-0.0169142012990587,-0.01694577319122978,-0.016914685734917844,-0.014926434822262262,-0.015683164527503818
91,200,241,False,True,0.025626091216251524,0.0048311079877618925,0.0058107179690192745,0.004837699581851747,0.004994475814471027,0.003315433675283001,0.008992189634848076,-0.007116577036164604,0.01774605689157049,0.006807952464299086,0.017743970414297257,0.06014192771032828,0.02010995850489604
92,200,242,False,True,0.030247574886311135,0.019312415133988875,0.0025443116357259073,0.019311684150723065,0.010163226677278994,0.006569154067880568,0.012063631281779872,-0.014724898379922077,-0.0024374036996476713,0.0037648345971384224,-0.002438739976624067,0.0763181352026842,0.007505028457045856
93,200,243,False,True,0.03375491116631131,0.007418941165614043,0.0007823418874222701,0.0074210620052395405,0.006115540716406475,0.006066466073889003,0.004153965077336965,-0.014909002356122626,0.020016909697300776,0.012067480750338113,0.0200163661870746,0.16128636900244764,0.0218248406643322
94,200,244,False,True,0.01323407924587636,0.003401043422656348,0.0008476745864947886,0.0034010207105161817,0.004827328772187327,0.003395752991743753,0.0036968966080541954,-0.015902770076909534,-0.0014594783888739649,-0.005674470714006501,-0.0014597138743125272,0.032565588812543976,-0.00025500451780886835
95,200,245,False,True,0.017384763906139612,0.010668462336922308,0.002772900392870983,0.0106686185987265,0.013928037401079708,0.010668523054747527,0.017084590825981204,-0.025384188029040185,-0.007165220232485688,-0.012035774093782455,-0.007165398251908872,0.050757725722481516,-0.005864494891995073
96,200,246,False,True,0.0361977321040505,0.002857241750662315,0.00027743017022261227,0.01796611444266456,0.006667022786417652,0.0028571403202471246,0.010585633440254701,-0.038886978595767174,-0.0014692760266405004,-0.005478392250357091,-0.012420405162558214,0.07108247389502448,-0.0003251484374627023
97,200,247,False,True,0.024061900368324486,0.006590090205692912,0.0004821115075791902,0.00659076861638035,0.00626309931978783,0.004061035801982851,0.003709923704114732,-0.007930760401447757,0.0016388911589842615,0.0018230861136805344,0.001638180346696565,0.05176517643068358,0.004833230701422192
98,200,248,False,True,0.016647922924558634,0.011721389071635679,0.0074263347082287375,0.011738803807234103,0.01228141220141356,0.009914371694364255,0.01031902743758197,-0.023172727975189506,0.013507575315152388,-0.015285636981125835,0.013503373353177875,0.15130077327162078,0.015914291290447635
99,200,249,False,True,0.006240974868340391,0.007232482015057292,0.0011352305993412878,0.007235762677839996,0.00958433359233846,0.0058151496413001835,0.006743374447277617,-0.004331696365947721,-0.006314083011827468,-0.010341275484958843,-0.006315969650575397,0.01829734980823666,-0.003308669852320756
100,400,200,False,True,0.005634386917474674,0.005128934689389007,0.00145334837684064,0.005129274501578392,0.0059325715367462995,0.004961068608545339,0.002819540918256544,-0.002659238865901637,0.014017629792512648,0.0032817276494209965,0.01401711913809649,0.05796197087285286,0.01503905000039539
101,400,201,False,True,0.030399525151834878,0.0054978648723329,0.0002611442073688762,0.005514944508606282,0.004796444841699754,0.004703009701731542,0.0021838033131777166,-0.016111491960309334,0.010793052299961801,0.007473065550297971,0.010788407571114931,0.0840292187556723,0.011641709010265205
102,400,202,False,True,0.009863486347541396,0.00912853656293125,0.0005987705214102143,0.009133297776839175,0.010049076507714945,0.0057095098491912796,0.0033497226564581963,-0.009808036780470096,-0.00027720927250157956,-0.00042749499443928477,-0.00027841529802376643,0.07648410827118722,0.003641786142369305
103,400,203,False,True,0.0019341134556298558,0.00943926741823842,0.0018334836857069067,0.009471340218460382,0.004861383945769921,0.005859035493836168,0.002671009243753532,-0.004049733800190078,0.0015410267192563687,-0.0038947626071107974,0.0015280437922613466,0.14153351555001475,0.00427498618131536
104,400,204,False,True,0.004857742255312673,0.004644330328595449,0.0017970140159352544,0.004644319004141486,0.003954234342516262,0.00464429082197333,0.0023461166661446035,-0.019397222498030133,-0.014224217107576181,-0.015557930875403228,-0.014224295491309765,0.026777278435315088,-0.013633430912434935
105,400,205,False,True,0.020701256324162132,0.00453745617686084,0.0005690385864907231,0.004537587997467286,0.005764291059274179,0.004537442663885421,0.0010918786404969024,-0.024975905265469663,-0.006030708819179029,-0.00909868923405648,-0.0060309698478342175,-0.001366859807665044,-0.0054357858116198116
106,400,206,False,True,0.020462725619270084,0.010448770239979128,0.0027816783988182797,0.01043895441542487,0.00892540061217334,0.007579237809803911,0.01174379514205615,-0.004882336968662647,0.009434017909972248,0.009574420106277574,0.009431067583165031,0.06422152556412351,0.011925777111546826
107,400,207,False,True,0.03420716199228725,0.012589015571793385,0.0018382847113805718,0.012617106066482676,0.007555391749870284,0.005823117922977022,0.003379685151297617,0.12243082657703692,-0.008308984957802714,-0.0060007233309008,-0.008310408321066146,-0.00017149209342282035,-0.004142186117917737
108,400,208,False,True,0.006722983599227755,0.006747240577584859,0.0002724557504065246,0.006746977713493479,0.0076079110644689,0.00674713064996223,0.0024762773303776643,-0.02384122752292631,-0.010961328546922253,-0.01776551930098645,-0.010961164217222468,0.0643209942618509,-0.010322381709424538
109,400,209,False,True,0.0058667003239877905,0.005867991638792376,0.00259409612949519,0.005867852415650897,0.00676277243790231,0.005857417212620683,0.003101880544002092,0.005849869054472407,0.00584867462699263,0.002001942522998817,0.005848531323685151,0.028807016433307523,0.00653720671632646
110,400,210,False,True,0.011636437603993226,0.008177125761229687,0.0007187557659497581,0.008111822710065358,0.008692025591652218,0.0064357101039232536,0.0017928876565564355,-0.010556544653871416,0.0023136446731660243,-0.00048378734947788327,0.0023057275324357817,0.1210903626689743,0.004151961962967535
111,400,211,False,True,0.0065887084632636084,0.004126995209219628,0.0010461317264687032,0.004127041330406367,0.004277926470080663,0.004126940537663542,0.0018810809279791074,-0.028312827495186696,-0.022915160794527517,-0.02398497582259705,-0.022915403634240245,0.004926707776375867,-0.022298979100782282
112,400,212,False,True,0.004096316551823697,0.0036203960795852435,0.0004299291690995327,0.0035900549331451793,0.004236018050627229,0.0036513869430267964,0.000582151647117278,-0.01231789911945783,-0.001985923574907886,-0.008083908728383936,-0.0019996799015869547,0.02536018857261265,-0.001369447383537184
113,400,213,False,True,0.009004926680783034,0.004863274958108111,0.0005222283532694917,0.004851859656857371,0.005358628891707528,0.004863455132141313,0.010271642745710614,-0.013034310820662753,0.0042895718894675385,-0.003365498616716882,0.004269697270682009,0.08520208271534,0.004918602023653046
114,400,214,False,True,0.009415692341209316,0.005099670343809252,0.0009866566994701407,0.005272578464623274,0.005644234160797779,0.004250690713433848,0.00615454128450619,-0.0024208880415175723,0.004363878953496023,0.0037741565718192793,0.00424576472407864,0.03212569471916755,0.005644186353077646
115,400,215,False,True,0.002508049963543547,0.004303627595340664,0.0010672845815909474,0.005247817203388937,0.005696260928587248,0.004301663594040967,0.00437560479328211,-0.0017768572925772608,9.639512758646163e-05,-0.0011021641539626338,-0.0004942885206494729,0.011036040486620173,0.0007030813509912442
116,400,216,False,True,0.006771008812353496,0.004762850449594728,0.000525008121106182,0.004771019921926454,0.005849740162951673,0.004389793458397749,0.0035829815948429217,-0.006397207729018099,0.0009316553833848928,-0.0018493203579122896,0.0009195032330089781,0.015992180221915807,0.0017635037515996155
117,400,217,False,True,0.006492993599446294,0.005809689545194683,0.0014428469501943898,0.00581022968623574,0.0045827949901621895,0.005216656120024857,0.0037008713956872006,-0.006384534713845369,0.0033529878251930788,-0.002252668706385202,0.0033524075239885144,0.06873994007909218,0.004287047756172016
118,400,218,False,True,0.02946194653591559,0.0478134832278625,0.00465237726216596,0.047699615779033505,0.015169678063079199,0.008192796654451545,0.02691837087816623,-0.018277538127415085,0.0021725776572111676,0.001510530542061102,0.0021619096614685063,0.19545418407312798,0.024954691126472306
119,400,219,False,True,0.00444393427648813,0.005366436873387428,0.00123112558775726,0.005366887823329599,0.004045986800746653,0.004110011021757,0.003185164244286303,0.005474628000000155,0.013317163162355516,0.008707196874636136,0.013316857336534725,0.11646910014764288,0.014704643085408184
120,400,220,False,True,0.007121581969818986,0.005969843441761372,0.002578947190769049,0.0059685694896728795,0.006161927560370376,0.0055468363130320416,0.006521578987757168,0.0029438742426436417,0.006788940167588589,0.006499072091883986,0.006788241861337188,0.011142050871915056,0.007827187541788766
121,400,221,False,True,0.00821766204631611,0.004140919292162992,0.00027592372265368556,0.011195623692625752,0.004690187081855589,0.004140904557363907,0.0017394493258305235,-0.022105998735349512,-0.008581575211456176,-0.014364856276370167,-0.01198617492610186,0.09587662581726927,-0.007973766152881229
122,400,222,False,True,0.003940765802195632,0.005126719627968058,0.0004075066511128456,0.005129326186046308,0.006712006692824644,0.005060723082149196,0.0023643064829064137,-0.01749000460079817,-0.009764716425144933,-0.014635241010535585,-0.009771437284254425,0.024861979644380465,-0.008737718772585334
123,400,223,False,True,0.024767866064068667,0.007874848415526296,0.001397124672403225,0.007875153881574823,0.004535271281742556,0.005459754956870106,0.00761934803875398,0.0013584527312748697,0.01908095220298751,0.01738089683887436,0.019080512988995383,0.07841362966269542,0.021515228557136695
124,400,224,False,True,0.016033122552130047,0.012582161269211722,0.004772280054177691,0.012577152934792833,0.004470384293767158,0.004673067180456375,0.006322843409016102,-0.0003188381019036346,0.013120124144250945,0.008618413053755528,0.013120694045323731,0.08350475833399491,0.017440359197402402
125,400,225,False,True,0.010963063015236757,0.009354568884950731,0.0009600403311766152,0.009362086077561482,0.00726848192738584,0.007592574270461176,0.0045582276034585,-0.021577469285744267,-0.0045833786922110775,-0.01119603590931588,-0.004585578423976919,0.07619452806864103,-0.0030449253262107845
126,400,226,False,True,0.01003442242310277,0.008518509824694069,0.002765495467273749,0.008518369982313208,0.008512936549355811,0.00777895417639745,0.004649189990358448,0.0017976083416451835,0.014472861664733773,0.00976927888705803,0.014472718152433348,0.030318331048126056,0.01567679111295693
127,400,227,False,True,0.0018427335909913705,0.007436648004209381,0.0006874246429239672,0.0074363161553540015,0.00859769310070045,0.007436703692206954,0.0033117637062360004,-0.005847265576863927,0.006089718919079434,-0.0017091626130168354,0.006089904309878165,0.11574049134924809,0.006735679009876955
128,400,228,False,True,0.03180180860141145,0.025572551023733223,0.0023656403194285704,0.025367941334761293,0.009899008099223512,0.00780770014094258,0.007482059672928104,-0.004774805160204549,0.014662924308989016,0.016823480411008042,0.014845864244556353,0.160177338019598,0.024848055508368355
129,400,229,False,True,0.004896432992328076,0.004823715554993788,0.0006993703837240244,0.004824090088669481,0.00447942475174145,0.004103632614367869,0.001375449433406705,-0.01162361204123892,-0.005179314544190757,-0.00975034613158259,-0.0051795887460445835,0.04931353498428287,-0.003954773039982609
130,400,230,False,True,0.00678383982957081,0.004567364138731786,0.0009125072581006673,0.004567385889993874,0.004776105339474783,0.004521817943561758,0.0028110766251325595,-3.0692730198169925e-05,0.006889913097995635,0.0052844760581512275,0.006889641974063654,0.08779117016275637,0.007542138488820557
131,400,231,False,True,0.0032559334656972654,0.005975932706132385,0.0008427513837763755,0.008618499457677611,0.007839717273163672,0.005584781499573236,0.005792758274901907,-0.002292071414037319,0.0015922296832387062,-0.0009304396165064491,0.00021324543854253975,0.03658139339292665,0.0027155343536068716
132,400,232,False,True,0.036415282079897665,0.03447653167369456,0.03030184276605695,0.032602374940119756,0.03148574337498596,0.006093579719642761,0.03804714910158261,-0.018286110289602246,-0.01066056111818316,-0.015331888403572524,-0.009718546214109374,0.2780227954359422,0.030709966717238413
133,400,233,False,True,0.013440475959545872,0.0046507934449429396,0.0010114831550014764,0.004650851673824871,0.005371080808848787,0.004675414736953706,0.0020898585968832876,-0.006849697922473856,0.006177024286907482,0.0029812836771461403,0.006176717530438261,0.04405794248208622,0.006805654909634182
134,400,234,False,True,0.016485787014857235,0.006232333746713242,0.001492306962982773,0.007814678667620206,0.00664921646507689,0.0062326910714122575,0.02635584548430831,-0.013802403166505167,0.00303966750314931,0.0012156647600187354,0.0021940723125211292,0.02295628279246209,0.0036576399407773907
135,400,235,False,True,0.032964507453125284,0.016205330666532403,0.00045843137100862777,0.016156634449079426,0.014448308479502956,0.0066396818878533955,0.006868943962734454,-0.022610037059373797,0.0011304884447421238,0.004385945681405871,0.001116155043054956,0.07837628786362899,0.009766091392873405
136,400,236,False,True,0.0005837776487905551,0.005957300716735627,0.000570308779298642,0.005959506726948702,0.005867548128647053,0.0055521013772632235,0.001010589226754757,-0.02207001343974375,-0.015621559401190161,-0.021811849811805773,-0.015623769132940115,0.10105588946267609,-0.014367646575374593
137,400,237,False,True,0.02022359980993484,0.004474227276138287,0.00011836062395777045,0.004473449937795975,0.003378976471543027,0.0034453296257755807,0.0042167338515848,-0.0005458523706086724,0.015473747996266508,0.013872950079778422,0.015473950352451044,0.06117803177232151,0.016699292000851212
138,400,238,False,True,0.00805896926378697,0.008380727381650004,0.004082218362506779,0.008408812041493005,0.007617663708382799,0.006491452543506078,0.00625679416188966,0.015351163446785932,0.015291513397115609,0.012346396707784977,0.015280068088967091,0.07993577779321019,0.017316551071933445
139,400,239,False,True,0.007207181187140951,0.004963885031620638,0.0004219734901742756,0.007195827367877327,0.005503620978550808,0.004768342417322369,0.006798588656579724,-0.005317430551381126,0.007352422310527462,0.0013988326151341513,0.00598658897402828,0.07386846612484486,0.008154042085569593
140,400,240,False,True,0.009003274812323495,0.0031926427876313155,0.0005565822056072296,0.0031879969664179455,0.0031263737533293217,0.0030309186136742755,0.002874505326482843,-0.006763783323796325,0.004941495548952091,-0.00018159727254248582,0.004938204515234404,0.03152140910808901,0.005642381719410505
141,400,241,False,True,0.005416120449197937,0.004697485790335467,0.0003197484371768887,0.004697591555415557,0.004958551219772887,0.00469742946859641,0.00105541497101668,-0.01156923262124697,-0.0027570798865194134,-0.005895812215802407,-0.0027574532773523685,0.018880439380263726,-0.0021395050775531443
142,400,242,False,True,0.01229350457240314,0.00867886279275059,0.0011595645724243977,0.008684003181400961,0.009525347627905257,0.006116333679887381,0.005099986845331898,-0.0032360876082441997,0.007480877533018031,0.00467786238696123,0.007471099909351082,0.059996098687857005,0.009677396666844626
143,400,243,False,True,0.0011577604463907617,0.007671303685549437,0.0009033679627643321,0.0076710856739962184,0.010033227314336028,0.00767162864252096,0.0013687750289638162,-0.009361563885658262,-0.00026312851604998855,-0.007179605305859236,-0.0002630436848611417,0.09677546660371991,0.00037677581437800534
144,400,244,False,True,0.016984665888150688,0.006066914893147546,0.0009898939049779495,0.006066068788044831,0.007830911898174987,0.006115969404703009,0.00431602081959376,-0.007316531438958916,0.012552782760526711,0.005949807295617003,0.012553262068262754,0.1155261499435121,0.013247859875432283
145,400,245,False,True,0.004509657254798618,0.004778747369943734,0.00031924629113707514,0.004788492660357152,0.004754188896586627,0.004510656684267512,0.0021086776440226297,0.003501118267371226,0.0033296256538743662,0.0002578785544806264,0.00332599533671857,0.057408309536953014,0.00413506773497202
146,400,246,False,True,0.02032183099380881,0.006413924534935816,0.0014672174076996558,0.006412244620143599,0.007326900832947304,0.006095974874533044,0.005018527675176368,-0.004706710540010023,0.01084415056479873,0.009130450964480188,0.010842048407811973,0.03206559367366797,0.011941691929717155
147,400,247,False,True,0.004055324534150212,0.004891611979962624,0.004733848167434307,0.004891855589491093,0.005732549416223689,0.004891557540331022,0.0024320065013435257,-0.011186556907569508,-0.002280879031093548,-0.0019527956288439275,-0.002281069981968198,0.061419342060249064,-0.0016385738588758914
148,400,248,False,True,0.004819850126196439,0.00953053846587334,0.002862633297964895,0.009530624337592613,0.01029418049936277,0.009530479418731053,0.0024234373445862724,-0.020531950677646935,-0.013354032267106568,-0.017074891203010475,-0.013354370986765752,0.04823163584686831,-0.012716128697392137
149,400,249,False,True,0.0048825197008819585,0.005982144370526816,0.0027687470495880127,0.005981902013169774,0.006963148673869018,0.005982209060120003,0.006152696309057095,-0.013466147639453719,-0.00906949165366111,-0.0098034621079326,-0.009069448856420017,0.0259732756385478,-0.008442168656145776
150,800,200,False,True,0.003184480595188528,0.005823582216289517,0.0004924639125311874,0.005834197048038644,0.0072844716321037286,0.005909785214536987,0.0022239893145626958,-0.008247642215010502,0.0008661524604514704,-0.004908428996429081,0.000852803852914743,0.036639219625005846,0.0012412697308424037
151,800,201,False,True,0.009774262625284849,0.005139570882458816,0.0012291609299430286,0.005217555985755396,0.004345863562134577,0.0051394055109616164,0.002293561118202377,-0.023538294199309195,-0.006930767192191532,-0.013156542570292015,-0.006964760639501435,0.1552755309642534,-0.006620938373040577
152,800,202,False,True,0.001009363013572536,0.003939531346229181,0.0010353687341647683,0.003946902437310219,0.004331437419805055,0.00394433978643145,0.002003619468889976,-0.0019911302362520976,-0.0009981507621228758,-0.001986518798504995,-0.0010063957304384452,0.036035283256269715,-0.0006548255176473811
153,800,203,False,True,0.010294237175541409,0.006635605073967521,0.0016514179362376233,0.006630858814759828,0.0061816652958595055,0.006293187432247809,0.003839772088350015,-0.0011514583129161593,0.014735006831465737,0.006323839702697111,0.014733178084750788,0.163969562449105,0.015212947114273304
154,800,204,False,True,0.020555006474620715,0.017142713834662114,0.005001154910138719,0.01715456425743385,0.015616438660149843,0.012887875368585464,0.004359490875320597,-0.010225251592372578,0.019268344781409166,0.0023800793905444594,0.019263455184089152,0.18209592069573777,0.02231943073101471
155,800,205,False,True,0.006358388428694077,0.00611248402848005,0.0007332955528987378,0.0060998850877224085,0.0065466853447699565,0.005087276423018368,0.0012936279450517897,-0.005102933104596109,0.0008778193604666207,-0.0010913912088905831,0.0008658217200509455,0.017895979550602768,0.002090109088744463
156,800,206,False,True,0.0015239564370314823,0.004083530965446289,0.004048064452983512,0.004086701941681024,0.004491859208518395,0.00408525972642816,0.001550447457122649,-0.01057596040416525,-0.004766425917768888,-0.004551903890809815,-0.00477652736484405,0.054058912241513435,-0.0044643392558517125
157,800,207,False,True,0.0010088875853346692,0.0053716372983131895,0.0010658321414229923,0.007352672565347742,0.006554651889978008,0.00537166834833078,0.004120115295145886,-0.003637706097255805,-0.00140248355092794,-0.003612878918768588,-0.002703806702991329,0.07731420547273235,-0.0010893713096523788
158,800,208,False,True,0.0025130236834109017,0.007020475905494891,0.0013118789942915664,0.007029606491579819,0.007484182236027278,0.006278916354157437,0.0012079221040922298,-0.006746127233790358,0.00615853679645948,-0.0050114245427103,0.006152924975886851,0.10770753544167824,0.007174222708133671
159,800,209,False,True,0.001256901843318288,0.005019373367345679,0.0002837004138927787,0.005017102745999365,0.005223914104039624,0.005019595833043496,0.0011551659217380803,-0.011937200120102683,-0.007485065028140898,-0.011235545175228004,-0.007484731635639843,0.02947106002465862,-0.0071762333423229935
160,800,210,False,True,0.015490518596221706,0.006859310312975789,0.000712838130565523,0.006857888639033156,0.007443430028484847,0.006595898000206344,0.007624609199052413,-0.0032418088340337705,0.014885106056328682,0.01166659854496201,0.014881462138249901,0.06870665997087425,0.015422014947459414
161,800,211,False,True,0.00850646780529753,0.00634123933574262,0.00142617598331363,0.006351072789516319,0.0068350316031883475,0.005807713429607158,0.0037334243589283653,-0.0034198245835157645,0.006036697183534656,0.005144512613482271,0.006024108335704437,0.01082045627626826,0.006999196647994199
162,800,212,False,True,0.0025106279232291794,0.005564836824128287,0.0015485372122905532,0.005565227205662205,0.006358926764963186,0.005479379598103141,0.002815767054014185,0.0008513997286087333,0.002543840541071827,0.0012474113427130423,0.002543436440299889,0.016294488009380555,0.003011218278317407
163,800,213,False,True,0.0003453852996715917,0.005099802110515246,0.00021709345867457666,0.005099972880185713,0.005405656616921498,0.005100027008622222,0.0003573666759430692,-0.005328849224511385,-1.0869824168011632e-05,-0.0047712366639538544,-1.0989736453428378e-05,0.06620909181787354,0.000309183998517093
164,800,214,False,True,0.0019123325382705116,0.006462134855883312,0.0008925778990605201,0.0064720372566612035,0.007386988865283158,0.0063416873000041556,0.0031249735659302953,-8.828725210575816e-05,0.003981278948566924,0.0012233580070164102,0.003976269188960622,0.028384811173492234,0.004457985906182058
165,800,215,False,True,0.010527385659559725,0.010019441638763338,0.0011153885178044219,0.009418846999806201,0.009747860705012594,0.005892082025688725,0.0020540702006707464,-0.011821801436715178,0.003709040050299226,-0.0035804973366354888,0.0038158379737933145,0.03973095187276009,0.007122859160056685
166,800,216,False,True,3.4057538632221625e-05,0.005276158069305704,0.00020712819432101403,0.0052763134630036315,0.006070779797949032,0.00527619662005093,0.001695022687457302,-0.011891463669809721,-0.006424332100565469,-0.011747772648111915,-0.006424597216279242,0.06716901332656967,-0.0061152974093890144
167,800,217,False,True,0.008071650348142693,0.004634915507613623,0.0015123842255907937,0.004644568721533104,0.004866189589338636,0.004506435490645925,0.0034985302905750594,-0.0040029214534851795,0.003971945278379554,0.0027108384167035537,0.003966225710903632,0.035711598270307794,0.004436596861263145
168,800,218,False,True,0.007063381517863883,0.006429607638533749,0.006372568102518596,0.007341118915718374,0.008860466028510485,0.006429728526430593,0.005011098842412359,-0.008343158699610744,0.0008867132609783824,0.0012099452253078896,0.0001474514984736608,0.004692042551930857,0.0012085685682275693
169,800,219,False,True,0.005559111359706326,0.008472589866075141,0.004630897445282575,0.00847603862484441,0.008572767889321762,0.008224895664326812,0.0021439179628291523,-0.00777145716521027,0.015576295270755746,-0.007641231407112695,0.01556915284719686,0.3154085410512484,0.01609899089518571
170,800,220,False,True,0.0010377179075520856,0.00467210694234066,0.0008309167398310594,0.004672051650336132,0.005413916679996499,0.004687883360122252,0.002062270446089048,-0.007715082262767204,-0.003643944192366284,-0.006500526100231214,-0.0036443357782047236,0.04929598200886625,-0.003306565296944425
171,800,221,False,True,0.009885564100615734,0.007524212708621222,0.001387944285583293,0.00787532361930858,0.007804190404442009,0.005023274868168388,0.0025686590025456074,-0.0056486818401501205,-0.0013844042398334722,-0.00041658091296054955,-0.0015265311505728541,0.009086081131381808,0.0010233686824606958
172,800,222,False,True,0.005228294918459467,0.004825684707985543,0.0004663860050200974,0.004825762068033701,0.005506074907576165,0.004825687911878297,0.0009827501325037412,-0.010469096113603806,-0.0008722913356941576,-0.004652862917175572,-0.0008723943006051727,0.056889523576934026,-0.0005566007598569178
173,800,223,False,True,0.0031357339280967656,0.005415419281827801,0.0013360516593063216,0.005425823256950568,0.004465932875884719,0.005435956342819883,0.0016729216989859637,-0.012183820551007783,-0.0035794980198325986,-0.010263888215666529,-0.003588477981432927,0.10333491104961044,-0.003224312371545704
174,800,224,False,True,0.001980934843113053,0.005877065997157949,0.000527655663506914,0.005898433892496473,0.006293674206930485,0.005634627005328685,0.0013011767981866416,0.00043224075180615663,0.008979799812923428,0.002084767827643516,0.00897467794674636,0.06628606493770545,0.009453683441667485
175,800,225,False,True,0.012341698034191924,0.0057238556900727,0.00357406240572407,0.005728613189071474,0.005037101402766841,0.00462411243415185,0.0027851301709165164,0.006970641986416413,0.01808927940604278,0.012174191529277652,0.01808440089003444,0.09856383108328075,0.01904424029287269
176,800,226,False,True,0.0017336494251548001,0.007988724398140981,0.0010666651936782994,0.00798882785400346,0.00927080867962885,0.007988729609904942,0.0026391102788421326,-0.010722206602932683,-0.0018915141148827708,-0.00781965038117253,-0.0018917838849586844,0.022041940178434166,-0.0015659271418412835
177,800,227,False,True,0.0055500669461954096,0.006391677383147809,0.0012888445762342137,0.006378498121488757,0.006231586765721074,0.005601297091919599,0.0015908609037362704,0.005805727622009015,0.012442982467212768,0.008794159773704856,0.012441098212093743,0.059957940390423285,0.013398361261714495
178,800,228,False,True,0.004352295088205166,0.00418123927189733,0.0041886273354551275,0.00418136886971254,0.004518265219199778,0.004181291867609486,0.0007593953046104546,-0.012922256528630651,-0.007186666651277509,-0.006864850732346023,-0.007186962064813827,0.011930634671130686,-0.006875665232017575
179,800,229,False,True,0.002786564025483159,0.0045689584176711005,0.00038376525425057415,0.004573448490825122,0.004911730623771082,0.004494739493468636,0.0014937199112817357,-0.0074639154707334555,-0.0002801760536859099,-0.004918322705382473,-0.0002866952946624402,0.0525069813595011,7.6057856678996e-05
180,800,230,False,True,0.006917752927739142,0.008973790035471585,0.0015940690888473527,0.008974289809701868,0.008674512722560677,0.0076262043964881706,0.0030639894399147358,-0.0008315764129543546,0.010686410270337047,0.0007580297061597907,0.010685942799615482,0.08029215834506949,0.012018200450320732
181,800,231,False,True,0.005475515084605984,0.006190258467010764,0.0033886534511624457,0.006190388027589707,0.00662708583459653,0.005687871980550871,0.00553012901659586,0.004176293935353584,0.007130800947208442,0.007511577847687823,0.007130341563294245,0.017300393188205695,0.00811852567509784
182,800,232,False,True,0.005415264036934219,0.0042380563645562815,0.0010624481761186706,0.004236175818623095,0.004795309462502359,0.0042245082434449474,0.0026498102358162023,0.0014764066526413479,0.005380271389248748,0.003796261083233628,0.005389617280531702,0.01574403111475995,0.005715342123801287
183,800,233,False,True,0.0008396450289144378,0.004713958549460936,0.0005623110370930357,0.004713944775903969,0.004747964630048716,0.004678615840665871,0.0018394535471416436,-0.002300292814724844,0.0002637917294951642,-0.0021790972111834683,0.0002634674913530155,0.07091582755464736,0.0005792979333361092
184,800,234,False,True,0.006520270101874693,0.006298112676340295,0.001569220727331702,0.00630232590858356,0.007258190247203371,0.005625458700443627,0.0032915520506562696,0.0010577922824203446,0.004859285186149407,0.0034545594185507685,0.0048573428548961675,0.021287553961334513,0.005874587953399998
185,800,235,False,True,0.0011805542329923963,0.004356738269001775,0.00019389725375939263,0.004366513101058274,0.0053868057298047875,0.004046516165901301,0.0004904809965020638,-0.004110729979487344,0.0002886596572268019,-0.003034395400294537,0.00028081298552994126,0.03652174083243574,0.0010371098092614717
186,800,236,False,True,0.016789113795282896,0.006275018923742982,0.00789087235587773,0.00628435352761927,0.0073152050340939846,0.006184009277914261,0.002050228851887429,-0.013442340431868118,0.013895198986136297,-0.006558917538378477,0.014078016015808466,0.17600174349602254,0.014378082203376774
187,800,237,False,True,0.0017471156958540066,0.004282224081966282,0.0001649740061744587,0.004282286163192637,0.00524962937932078,0.0042821833513525245,0.0005074050237297233,-0.008595712925625741,-0.001800660656285995,-0.006456437682401197,-0.0018008266652264206,0.02970548313519526,-0.0014888464345279573
188,800,238,False,True,0.005999398446750993,0.006057063297162637,0.002604351619658228,0.006058066990361259,0.00588234627687191,0.0057607300971009015,0.0038999623010521718,0.018546549470290944,0.018509125605314765,0.013725958836733132,0.01849995402371526,0.059745433214387786,0.01916805688310659
189,800,239,False,True,0.00017170531196958967,0.004026100620005988,0.00024450725821556436,0.004026109131212881,0.004892114818655721,0.004026068729162235,0.004507513045263083,-0.01075585097021998,-0.005370141218976628,-0.01059948779217478,-0.005370191622843503,0.042030491629630934,-0.005068534553253276
190,800,240,False,True,0.010835283229305229,0.00929566014421688,0.0009894699443465634,0.009306547414008185,0.00641860880321612,0.006173417103356585,0.0024791732327017696,-0.003534936021545039,0.00878473950567205,0.005499051924982404,0.008780457179865806,0.031218946847037295,0.010361968235097344
191,800,241,False,True,0.0014814579695100307,0.005495734473557648,0.000895942132742695,0.005495792040610414,0.005280128337630335,0.005483038971027857,0.003859849421768807,-0.00882892026491248,-0.005637716474125742,-0.008132133931664565,-0.005639053345317731,0.007662446697784802,-0.005316430304630082
192,800,242,False,True,0.032412390535804254,0.026584533969405157,0.014311026880092692,0.02660328089364543,0.008915378003314274,0.008043031246175846,0.008283641531903032,0.004253983151784367,0.02054135563519482,0.019481791500172298,0.02053628296152789,0.05664090367183647,0.032659187473782436
193,800,243,False,True,0.006280694496971427,0.010391991901573073,0.001152431914880159,0.006789407665523467,0.005735120430223158,0.004649445856130171,0.0025438020985157064,-0.009611059734498004,0.002742718727604849,-0.00416563524618909,0.0043602226627688445,0.09443289501881014,0.005697979622890689
194,800,244,False,True,0.005626061404404078,0.005110533417925664,0.0004220744261674113,0.005110644743100851,0.006109180828667536,0.005110455848524845,0.0007727012746581686,-0.02061588609269626,-0.011565465873032074,-0.015404298572834776,-0.01156575819314197,0.0016193588238956557,-0.011258850146094443
195,800,245,False,True,0.010864978256498752,0.00632311278193642,0.00042093134159256314,0.006325175646097796,0.007405283009259699,0.0063437081511066975,0.0018008283417676103,-0.00931831132022113,0.0040968924346326575,-0.0009244659482375151,0.0040889863725840315,0.03063372609580579,0.004452191832155228
196,800,246,False,True,0.007047070668419846,0.007180136818218486,0.00030850480763848953,0.007179973622123061,0.005943097974296664,0.004951830762109049,0.002470129715095564,-0.00039432325211894505,0.007015217280676147,0.0048211091291245605,0.007015345318073312,0.08812756731958576,0.008866438534346002
197,800,247,False,True,0.001627554555331556,0.004971839067239658,0.0006603678042587002,0.004972736870452778,0.00647613286869585,0.005015686342205597,0.0008728449934410565,-0.004880558932273342,0.003588771250900873,-0.002759719418948071,0.003587507874317524,0.066760547688448,0.0039034825209798285
198,800,248,False,True,0.006647498916469635,0.010772774461980219,0.0019269257504677046,0.010772716003454507,0.005516943960398619,0.005032203361971415,0.004559462702548331,-0.005976373018398268,0.004904138044982762,-0.003148129305530771,0.004904078639156246,0.12463395559828797,0.0076820444538559934
199,800,249,False,True,0.014164192429484003,0.005268840026963634,0.001365414111628076,0.005286598608199519,0.004213782742877042,0.004446350112353597,0.004564327206353799,-0.013310597128787698,0.004409180345106556,-0.0032838420762936193,0.0044014985403440935,0.033423523924816456,0.005274875985660066
200,1600,200,False,True,0.00549271361234116,0.008444701039712517,0.0003698343721327259,0.008520495866423616,0.00845569561368534,0.004735527304782893,0.0012390210764987942,6.189672055069068e-05,0.006906139479380791,0.005094294237806924,0.0068756305313446295,0.009048789760232481,0.010304351327433459
201,1600,201,False,True,0.004388402829513407,0.005033198587061165,0.00026295777807475146,0.005259204707933528,0.005536885185341841,0.0050332180604258725,0.0015034157409333638,-0.01318924386776459,-0.0036004599034767893,-0.00766414858569966,-0.003888716903709817,0.02831538859404862,-0.003445766357715818
202,1600,202,False,True,0.0020320148314434904,0.00562426131417109,0.0009079930358177483,0.005629124538731305,0.006294676048401699,0.005610781536206851,0.0011737660262307278,-0.0012220433519395714,0.006597434041277719,0.0003247429217521086,0.006590108170986469,0.13101908226998854,0.0067734355384869716
203,1600,203,False,True,0.01130621562425695,0.008519441474656511,0.0005088337808954594,0.00851887676253817,0.007681576916765444,0.005853029565790579,0.009161793865989334,-0.002611207633344902,0.008179065455518816,0.005680336794534624,0.008179427743975384,0.12424347535025959,0.010400696296925499
204,1600,204,False,True,0.004075773023094439,0.005101417270744936,0.0007713301473635931,0.005101382801658322,0.005292648000650347,0.005008225938611607,0.001206217261355958,0.0018015621616127504,0.0076207143938981405,0.005414542814761356,0.007620547484059976,0.02986225771280024,0.007824300550679841
205,1600,205,False,True,0.0019759242653714405,0.005061387717479893,0.0013462402989164346,0.005061427930015892,0.0051180020881945575,0.00485584016701599,0.0009084759347579846,0.0019344313672094032,0.010074742708008592,0.003971520349064397,0.010074523478164234,0.10557074998626133,0.010337010219773665
206,1600,206,False,True,0.004545860732948101,0.004118164030691044,0.0002272960685908984,0.004128671554970061,0.004913908237759062,0.004081927611043076,0.0005965420523621174,-0.004365707887753282,0.004358190031593505,-0.001059241754836109,0.004350809037284123,0.026553900662100494,0.004540327019062845
207,1600,207,False,True,0.0016064419600948412,0.005017595541478717,0.001349710423303882,0.005017646699003219,0.005729880239117307,0.004996373461072846,0.0004986040393375778,-0.0053442947306437125,0.003078278851660645,-0.004617477712064675,0.003078065361043123,0.10930028764216491,0.0032758679567690963
208,1600,208,False,True,0.011879971877977603,0.007716439403282652,0.0038930155388750528,0.0077226686133293285,0.006960363500160136,0.006310203030627525,0.003499971961466499,0.0039094565926908395,0.014335218303185435,0.010616572247121678,0.014332594089908621,0.07020633452677397,0.015354935134933953
209,1600,209,False,True,0.0010124229088553371,0.00468277803353838,0.00024413341312238084,0.004683141061704777,0.0055825824620255714,0.0046923509529195025,0.0005016224789968296,-0.0009395901568567045,0.004731340623195983,-0.0002654598683643911,0.004730340748109399,0.037276185544487105,0.0048919689794886395
210,1600,210,False,True,0.0056080459997331555,0.005497608866573835,0.00044485294725739565,0.005996918253731889,0.006286149858284522,0.004929345809879132,0.0022698191347177822,0.001835073329308793,0.01289339632974654,0.006907197770490695,0.012848990368097547,0.04005831896709356,0.01335784880291506
211,1600,211,False,True,0.006297593293238987,0.005495699534732611,0.0003764611458034686,0.00549561153763523,0.005898729506805407,0.0054458548214464594,0.0018872917191955127,-0.002555112774729558,0.008784538041159546,0.0037404656783820646,0.00878435121175574,0.14423127493257026,0.008972162610394144
212,1600,212,False,True,0.0016286302778840125,0.007081554420213605,0.0007341044874124179,0.00708375420565409,0.008132085006615166,0.007032205634915303,0.0009556883501217363,-0.0042272871371692436,0.0033890688123012504,-0.0023796940403293556,0.0033845863346784457,0.12024840366530792,0.0036943620575574654
213,1600,213,False,True,0.005670079962356409,0.005430386754600024,0.00041275560950923795,0.005430332729508539,0.005841873497246628,0.005410934017412719,0.0015566896047076513,-6.66371050903264e-05,0.010547837290890332,0.005003159423881191,0.01054771899441988,0.04017770481155115,0.01072990782647576
214,1600,214,False,True,0.00402299801669791,0.005548058889777061,0.00031185256244956717,0.0055482795648245705,0.006464043993721722,0.005482688052120218,0.0010287718737493404,-0.0022844694596903586,0.005973293281606775,0.0005540035388277334,0.005972927610194052,0.044924657401169,0.0063934785580255366
215,1600,215,False,True,0.002110616833307601,0.0047448548671663125,0.0003093125536292751,0.004747469510562031,0.00473047441720825,0.004571884132479144,0.0013750203146773276,-0.002025735082262105,0.00396883476929121,-0.00017961653306881932,0.003968339281826676,0.04891106444309504,0.004347946379457679
216,1600,216,False,True,0.008141558301281347,0.006963700636291243,0.001427828950412553,0.006961648081566609,0.007198418911368649,0.006357989683234303,0.0026731939708557655,0.005064250361409923,0.01532707715199221,0.010152466204021767,0.01532872580729368,0.1540454090423526,0.01597203719613155
217,1600,217,False,True,0.003443945134583697,0.004378896565788679,0.0015293528255531474,0.00437881610133801,0.004778295413952785,0.004382179700059295,0.0030755702249034675,-0.0013169614866974854,0.0008729619611140116,4.991820537887271e-05,0.0008728128890631837,0.022165237419207385,0.001029972015463912
218,1600,218,False,True,0.0038004506975932353,0.004342268171586746,0.000352111283928462,0.004342474860881274,0.004830049281368026,0.004188971421076989,0.0008910701009346864,-0.001286318967769694,0.006903659002519742,0.0023009139815986664,0.006903362253645806,0.0936536323261375,0.007211538453904445
219,1600,219,False,True,0.007297047889657601,0.00936752065812159,0.0007167863545957688,0.009467872138377593,0.008201924966836596,0.005895475267896993,0.0016127813125801857,0.002700320512144208,0.008650042890169782,0.00691693769700903,0.008620512488732874,0.028094067458105342,0.011380469310798988
220,1600,220,False,True,0.002595648867857441,0.006920082311208767,0.000581139814146617,0.006873945412005398,0.006615315913312314,0.005519819796939226,0.001699877536545984,0.0006527377674738048,0.008388897077161008,0.0021548930405361276,0.008258320745057368,0.0798481623488217,0.009160330559467758
221,1600,221,False,True,0.003166420561815118,0.005545606432752053,0.00026236405115210123,0.00555013590687518,0.005548996511575795,0.004727246797214223,0.0010109441911496477,-0.002215489996868058,0.006143854237383177,0.0015756271027877033,0.006141877689171249,0.057683915527695716,0.006926247695684437
222,1600,222,False,True,0.0024605641327751153,0.004838518985451003,0.001680344962946646,0.004855972846303903,0.005129200996292796,0.0048593929945497565,0.0012289723355741636,-0.003650586090139563,1.6970290031714796e-06,-0.002489342342814367,-1.0316549506139694e-05,0.015033685560631262,0.0001701369259303892
223,1600,223,False,True,0.002586725095298616,0.006034646570382033,0.0007643511922400971,0.00603459320510362,0.006872883388196396,0.00604981042520003,0.0008629791794802357,-0.006384119478122411,-0.000908724684687936,-0.004250360134047632,-0.0009088221990031542,0.039293937708474044,-0.0007347958038229907
224,1600,224,False,True,0.0027119038623817982,0.005968520259287232,0.001196709537226939,0.005968011683374401,0.00704121381277355,0.0059687614024116565,0.006208393691593259,-0.007838044827851125,0.0005663057481772782,-0.006058302515541191,0.0005667036617853505,0.19788990611044258,0.0007241946744188654
225,1600,225,False,True,0.0015349968235027656,0.004564639563670406,0.0002324372232829413,0.004567361252359195,0.004808123143316494,0.004536252533254776,0.00038990711724793016,-0.001501482814849785,0.004147523547775034,6.23003749245482e-05,0.0041403519019895365,0.08520406448538456,0.004321856436680871
226,1600,226,False,True,0.005510132113591352,0.005599058803461073,0.0003474863332298044,0.005602304014786326,0.005228191383784335,0.0046682746844743045,0.0010195408372975319,0.00449637743132513,0.00444203211981975,0.0011927209039732246,0.004436600135993665,0.017459320346378746,0.005128130935039596
227,1600,227,False,True,0.0010276111139347877,0.00522430418086682,0.00036112442348185906,0.0052129274867459005,0.005903475093953773,0.005219414746307365,0.0033255609827465655,-0.005043881124766574,-0.001617485768867475,-0.00543902108120324,-0.0016138737306314432,0.017053725661623068,-0.001454127722468182
228,1600,228,False,True,0.0024076081321932658,0.005721486170551443,0.0006369987232632432,0.005721041328535174,0.004942749769532501,0.004115135208847171,0.0019614493929642042,0.0010736803806468743,0.009937622756136869,0.004016696146433994,0.00993773892526093,0.08792219000979133,0.011107441730101877
229,1600,229,False,True,0.008227670518147934,0.004628620923759133,0.0004744575979797993,0.004629101303850278,0.00506388554622644,0.004143953837120483,0.0010314870366348809,-0.002874138336904204,0.00927296142282092,0.0035765246670276976,0.009272390620547633,0.0797435850178466,0.009932706333240462
230,1600,230,False,True,0.005106538250874163,0.005455380359940742,0.002927548010808335,0.005455591984181575,0.006021070159232481,0.0054209899306539334,0.0023086364324921512,-0.004144382578212659,0.012360118407412274,-0.0017423579692083164,0.012359713636690283,0.2736643811527052,0.012526985691349149
231,1600,231,False,True,0.011463941659056462,0.006202998512776919,0.009566742697647769,0.00621916190892377,0.00679664138977566,0.006012804039943179,0.006837388103697962,0.0012543176269904752,0.012867699149369685,0.0016493290625477063,0.012856814168611983,0.013634116754108163,0.013148253817518066
232,1600,232,False,True,0.0013093292517428801,0.004386655643712086,0.0004061494228054685,0.004384240803560651,0.004561259655760684,0.004324552373825282,0.0008372024248289387,-0.0008687392405425831,0.00263325935474402,9.886913995062697e-05,0.0026315299697752437,0.017454508359330257,0.0028244438805967303
233,1600,233,False,True,0.006093254699254813,0.006094617718074976,0.0010137913647581857,0.006094347664590005,0.0064011619515964395,0.006094806572978224,0.0020147817049266945,0.0007457274277123783,0.0007451366266588089,-0.0020813550151428115,0.000745153572683055,0.0820543262792545,0.0009008945861771062
234,1600,234,False,True,0.0072754980835608675,0.006502630773651078,0.0027108389242276633,0.006502633009276481,0.005448279530116432,0.005842429321310564,0.0022757947673316013,0.008949801881675304,0.018223533678849293,0.012097074348092521,0.018223332579158615,0.11778420608718534,0.018719807585725057
235,1600,235,False,True,0.010315096820047302,0.005850726840629528,0.0004284324182412591,0.0059828707856917586,0.006483935740819264,0.005851102016144128,0.000631711790266102,-0.012074992724538132,0.0001297205232594756,-0.003822970583614175,3.747940271914274e-05,0.11596960913318814,0.0002872907454045115
236,1600,236,False,True,0.002295419735155101,0.00456553222938836,0.0004915096173282515,0.0045654151028759644,0.005505687204340889,0.004577712692454754,0.00048400465865953214,-0.0035038058385476996,0.002740880552727063,-0.0024740930961458583,0.002738531177331307,0.02748263170593411,0.0028923456285810945
237,1600,237,False,True,0.0069006092860447905,0.005644370588190004,0.0010867589448926357,0.007211953852732246,0.0074710758780260275,0.0056714097904365345,0.002373429583484879,-0.005393029158500001,0.0017883736117373771,-0.0008653047400892858,0.0007044326203013007,0.022066700259528334,0.001959391347741646
238,1600,238,False,True,0.001266848378626369,0.005601562968089876,0.0011044691065782018,0.005600934309648794,0.005708572226429144,0.0046568850833361465,0.0013837641554258595,-0.0006551876766801424,0.006521853591366522,-7.456315325965079e-05,0.0065220463793832905,0.11154581871713765,0.007518578447256938
239,1600,239,False,True,0.008232606343571614,0.005790298393645763,0.001944914562884275,0.005809136252998686,0.006326443480450727,0.005313478779843422,0.003966607054577382,0.001974645612698549,0.009532730216624614,0.006357278473274692,0.009522764556593764,0.039387585814917435,0.010105949647791754
240,1600,240,False,True,0.002993600764368776,0.004752392917830594,0.0008270253831871323,0.0047520133373685795,0.0052519149065423125,0.004762594747199757,0.001815669526522361,0.0010528522598163502,0.0051128850769721805,0.0032399977796779434,0.005113077597085613,0.03569966392682039,0.005274170902663383
241,1600,241,False,True,0.009298356883275434,0.005904845244857091,0.001829084889401667,0.005903289310312295,0.006614587331207001,0.0058159819732405095,0.004994580449822379,-0.0020879231261621877,0.02108942567228965,0.008976448541146905,0.021089234332135654,0.339043471983924,0.021277525670444178
242,1600,242,False,True,0.005837373099255118,0.0045552913523680795,0.0005508678075651669,0.004903706930505064,0.004852066359492511,0.004593809632973268,0.0009957691056313024,-0.0022119913344132917,0.0033561771823822184,0.00113859444498631,0.0031690366135601346,0.04818779990823561,0.0035288811485471444
243,1600,243,False,True,0.0043751384712286,0.005062563882654607,0.0005862882741272426,0.005062612773016003,0.004958807237148734,0.004983928848395147,0.0010202300588965868,-0.0025721953878338243,0.0072630119167038385,0.00031602752070139685,0.007262590285198787,0.07882911010360014,0.007431102922427907
244,1600,244,False,True,0.007020024042957444,0.0056803301004611255,0.0012231744167595555,0.005684225095763839,0.006090866985159364,0.005636589040813937,0.0016117835366363093,-0.012175569847244232,0.0036298768478905076,-0.006848291974341325,0.003621574838340944,0.07014022854998161,0.0038126066027426297
245,1600,245,False,True,0.0012173773440216048,0.005471728933586811,0.00023118781698908635,0.005473066865273741,0.005245615430798699,0.004236368326024158,0.0008070166063313611,-0.0015959222196600482,0.004369660750209601,-0.0006267752291062423,0.00436919261149507,0.08325900492676518,0.005121912938306675
246,1600,246,False,True,0.010210763841160889,0.005581272559017224,0.003128315348359124,0.0055836989958760784,0.00587026537635565,0.005567563757754543,0.0004630023966795574,-0.005710301303516347,0.006959263261496567,0.0011318790451808373,0.006958251095448169,0.07465886866769936,0.007114582549561266
247,1600,247,False,True,0.0016643308443762073,0.006318485348238953,0.0007559503694248116,0.006318743745600816,0.0072666502392229855,0.006318587870858373,0.0010946648645064159,-0.008313157519825623,-0.0036790043386003292,-0.007328473613877396,-0.003679305317497814,-0.0008401165979141467,-0.0035231500274362365
248,1600,248,False,True,0.005655324957114682,0.005430669497082649,0.0021198744939660142,0.005505739478259873,0.005655859383320875,0.005537902291863388,0.002391568914482792,-0.006672965540049838,0.004731755012213555,-0.004157017671315099,0.004637248013855118,0.0853493753431668,0.004944876829764244
249,1600,249,False,True,0.004103937792555327,0.0057773914665346145,0.0003397864000111903,0.0057774355546279165,0.005720894688426443,0.005648824178632129,0.0015846977748340564,0.0009434574592219036,0.008550406198842264,0.003805583462049249,0.008550371047727658,0.08557824511639996,0.008774109303775549
250,3200,200,False,True,0.0019238206005974387,0.004546231179066548,0.00017624392834920475,0.004583206662101893,0.0049430899803657715,0.004436671134220421,0.000469989971800307,-4.7652803921580114e-05,0.005475962387714138,0.0010375500325049216,0.005464778792292346,0.03568791357700563,0.005642405653238161
251,3200,201,False,True,0.0039484476447300375,0.005328021804443376,0.0003829167473214039,0.005414324585628602,0.005832636867260476,0.0052089236019379915,0.0006370682675467213,0.001205565484810605,0.008642597740685183,0.004072830638035258,0.008579308383093788,0.05937762990570761,0.008834925426453963
252,3200,202,False,True,0.002946463752898296,0.005505094694369283,0.0011088046236349266,0.005504989535745967,0.005746622302944962,0.005400570856501541,0.0012268030912518993,7.932777335697767e-05,0.006580255993154758,0.0014910958892516222,0.006580171514268472,0.06134297267575972,0.0067069603543723905
253,3200,203,False,True,0.004090272885870787,0.006021476368487775,0.00027993264220968256,0.006123852272701218,0.005935621631360422,0.0054567029705162515,0.0003129446270809256,-0.006742892925769262,0.001463020430786628,-0.0027196404593297046,0.0014321660456221962,0.09878111358140738,0.0020602715837559626
254,3200,204,False,True,0.003226240692845147,0.004657749711043438,0.00012513451188787678,0.004657712286052649,0.00532804718478008,0.004656181039149587,0.00021981109120181405,-0.0005404898674500081,0.006536625508503847,0.002308779389063433,0.0065363803939443525,0.062381700034316194,0.006633478834019255
255,3200,205,False,True,0.003953299254985952,0.0056227380893448045,0.000399958815014198,,,0.0056110837863537315,0.0015213094404712057,-0.0038887045973399715,0.0054799551526779665,-0.0007867638322132625,,,0.00556303935670889
256,3200,206,False,True,0.003409944256592023,0.005526059356641239,0.0004381810404341838,0.005526046709915875,0.005865133977045736,0.00522043441282502,0.002108941720417555,0.004113913944719689,0.00926887911012841,0.006518414499751104,0.009268738867181199,0.06282444603722341,0.009689733106076279
257,3200,207,False,True,0.002368406193565822,0.004993178175825149,0.0003046692296620414,0.004992594837042277,0.005217769723136433,0.004928561886118483,0.023328920855385075,9.763026942819469e-05,0.008103616987796283,0.0029308864240717297,0.008104397489276565,0.1731601958818905,0.008356612844736933
258,3200,208,False,True,0.0010805650947666794,0.0052734378538470085,0.0005087223524548718,0.005273468815794997,0.005651624948895305,0.005227098604759882,0.0018120969350019528,0.0006704634728788072,0.00956399474367176,0.002381562203219339,0.009564164976044082,0.10121731230354068,0.009656939531867942
259,3200,209,False,True,0.004167545246480201,0.005167723532930965,0.00031305959845199653,0.005167953117731214,0.005850872334297945,0.005171970646312307,0.0008552589330037407,-0.0032035411806742905,0.004423892186836938,0.0001405832760352982,0.0044257736513771745,0.09601067287268544,0.00451949459601117
260,3200,210,False,True,0.00022043374800498908,0.005175232310268471,0.0002921477972107938,0.005175339547225023,0.005457776485617905,0.00517612254130019,0.0004228986800706242,-0.006257916737452988,-0.00016241585914880118,-0.005613396516363715,-0.00016240742171635958,0.05651663304326202,-8.492952693052447e-05
261,3200,211,False,True,0.004449817903877722,0.005394740774811299,0.00017226359876789437,0.005395621072593404,0.005680101814983412,0.005312501298277084,0.000608040413312045,-0.002156897941497539,0.005325181365993483,0.0011799385439737976,0.005320324302007738,0.0382573621346873,0.0054668208485039865
262,3200,212,False,True,0.009084468204987784,0.008116673844394087,0.005761112980042365,0.0081884133508051,0.008324819394291288,0.008082495183937288,0.0019928073408823047,-0.0013427769646896888,0.006123139314607418,0.0009252307619089749,0.006062469512098545,0.032506146831125786,0.006199982546875593
263,3200,213,False,True,0.0013389463777909879,0.00498895415960189,0.0004104573756686879,0.004988923003658211,0.005214470139716163,0.004967676583764364,0.0007134788095999314,-0.006113072750274919,0.0014089613473538165,-0.004855973708980034,0.0014065946171296774,0.13534996691484927,0.0014860938173743288
264,3200,214,False,True,0.0005283823512212892,0.0052754802758804556,0.00022965635457551387,0.005274104485012497,0.005518325953651956,0.005137677831000128,0.0005462940670175916,0.0017616794917675886,0.007059745117593117,0.0020238982298189856,0.00705623558266792,0.08558687628419223,0.007220869709011715
265,3200,215,False,True,0.00047864077503249685,0.006188927248034059,0.000452640628562621,0.00618743502697506,0.007325875955193949,0.00620992320351455,0.0016710626594827003,-0.007426612649860906,-0.0011899460893838843,-0.0071551784884796125,-0.001191392879424047,0.08313360773406693,-0.0011030892491218497
266,3200,216,False,True,0.0007070320026882613,0.005586321899357414,0.0005314821654415812,0.005566658727353916,0.006709283740970196,0.005584281610828931,0.0018662047339997358,-0.004760391013909655,0.0011463652594440354,-0.0035015608286291335,0.0011388176170409813,0.09009269614850046,0.0012196156453303797
267,3200,217,False,True,0.0021280606299648856,0.005523330716522456,0.0002909373666404507,0.0055391496265874566,0.00589654228266836,0.004861986007228083,0.0022241079833338353,-0.0002880390904683857,0.005258060224856696,0.0017817021205232797,0.005247721392401541,0.06405769459344712,0.006000321189351454
268,3200,218,False,True,0.003171959566171144,0.005463569143604903,0.0005429844197667441,,,0.0053357008161819385,0.000594030732368947,0.0010278191074273304,0.008428138421466579,0.003157762526383393,,,0.008613529848812349
269,3200,219,False,True,0.0014145760671077795,0.006495484859383738,0.000207141042233048,0.006499060403778342,0.007314283070957255,0.0062101903140805645,0.0005634282033195086,-0.0034496823565329906,0.0031341421462082763,-0.0023330252741299586,0.0031123381147925857,0.10621249051497081,0.003398513425485597
270,3200,220,False,True,0.005848879331648972,0.004727181922587055,0.001922056870346014,0.005380280387015851,0.005523080686399518,0.0047555476413550166,0.000674277118965984,0.002904534535403767,0.011665039174708519,0.005590224479987922,0.011331599528734202,0.06570070177963984,0.01177539623375587
271,3200,221,False,True,0.006312890583879809,0.005166613476756743,0.0003005410696119162,0.005167423465837182,0.006050391136671663,0.0051917413823116335,0.0006794179757047436,-0.0010106684710644586,0.008006875365264588,0.003539155698123482,0.008006875190376395,0.12495236483547983,0.008099784892790257
272,3200,222,False,True,0.0002680351649118114,0.005171815337848632,0.00032652597304407726,0.005172790626131145,0.0051804247661901,0.005150588877603659,0.0004492087507635684,-0.002695274589770028,0.002152171222548649,-0.0021574371392178693,0.0021518916968329372,0.12879758332251268,0.0022287202811786394
273,3200,223,False,True,0.0005315356135901701,0.005191800336402209,0.0003335899595691009,0.00519185691270286,0.005923939554623635,0.005171550322331976,0.0003916696471607256,-0.0009232157866392856,0.0058605705515089035,-9.858384722963465e-05,0.00586049716332461,0.10737985264618649,0.006001267534699789
274,3200,224,False,True,0.0005353551919074151,0.005159555904332111,0.00039191277977303283,,,0.005178149063516903,0.00044913067190582346,-0.0040638750681253315,-0.0001974516364809098,-0.0035833551216930466,,,-0.00011616647921547374
275,3200,225,False,True,0.0003236068310711098,0.0061914359823989976,0.00152617296187469,0.006191639650951257,0.007356610129527224,0.006226711459638838,0.0013119593616174336,0.002202171085353548,0.00922750377389452,0.0012739978472476848,0.009227097003232671,0.17209075986810618,0.009341806705995936
276,3200,226,False,True,0.0001524618668491592,0.005024070156637852,0.00024310028764539058,0.005025090939652569,0.005281500768957655,0.004988817468454802,0.0004389652430607055,-0.0004774202611942584,0.004864104721389939,5.1372220504913444e-05,0.004863918003392947,0.02775932990120422,0.0049812473780746075
277,3200,227,False,True,0.0010967879909043032,0.005735321674188051,0.0004173393386444763,0.005858399229418063,0.006522046809096001,0.0056247614960316765,0.0011776354822848343,-0.0015322605395803708,0.005306753514708706,6.4280658751035e-05,0.005223960356560333,0.05148578605757009,0.005451047783943508
278,3200,228,False,True,0.0012728253911272298,0.007995007646051145,0.0009006690809254257,0.007981674989582617,0.008523364729057223,0.007506988529114585,0.0023701158464090612,-0.004454308068066731,0.001490146795082179,-0.0030721139227872915,0.0014727289119150734,0.06481828516468513,0.001990420889300626
279,3200,229,False,True,0.002878350333577027,0.004456243377247728,0.00031238130330202973,0.004463921582130052,0.004512739923150715,0.004481851021839719,0.0004281693771785693,-0.0025075540614953075,0.0028430327197325766,-0.00040926980203439157,0.002836007719276683,0.04171055611828774,0.0029630720675925815
280,3200,230,False,True,0.0006347900066825643,0.005305748209435336,0.00033853620650924114,0.005384969802265568,0.0061072808235046305,0.0053109413391114295,0.0007962097484498743,-0.002815427114498245,0.0010622702121052719,-0.0026537880661280052,0.0009774935086286796,0.018317954532647052,0.0011629572043608677
281,3200,231,False,True,0.003287771279765614,0.00497711639656279,0.00022332854083684445,0.004977015302979682,0.005650612296447596,0.004966255184168536,0.0013711375623383457,5.045270191939413e-05,0.008476591959902838,0.003310408770449128,0.008476468666557829,0.03502281486753894,0.008579261572989258
282,3200,232,False,True,0.0011608499100515997,0.006212184842746144,0.00020905360284350098,0.006229336649566413,0.005984886027026851,0.004865295870279525,0.0007598900757617563,-0.0007093591698924262,0.004661944593743854,4.083390324212594e-05,0.0046562211937105505,0.055413923329614326,0.005551125273930646
283,3200,233,False,True,0.0008113603435424419,0.00478819604971081,0.00032295844712878856,0.00529180366828451,0.005463320903691484,0.004717194228397923,0.001392690882528991,-0.00245900763945532,0.0009257487492724437,-0.0021480631491778775,0.0007277715795775919,0.021917455384483163,0.0011073861523244327
284,3200,234,False,True,0.0019793020249790267,0.005295590543161197,0.00037055504315082645,0.005295776197443886,0.005780758075539995,0.0052590572399081135,0.002810311428575705,-0.00010480681966496985,0.008160519323079943,0.0019744391146339314,0.008160127049408298,0.08198370387000303,0.008268801065370424
285,3200,235,False,True,0.0038322623227114096,0.005088382450193501,0.0007227779385090671,0.005107379337619823,0.0057844635863503815,0.005123897705142216,0.0009579046835184837,-0.004904757448051717,0.007615247451610507,-0.0009886033652690507,0.0076706525806136665,0.18485160036148016,0.007769096158788832
286,3200,236,False,True,0.000408286700806237,0.004748981040072516,0.00020072333029544256,0.0047546577068736644,0.005522881235907268,0.004757283061472662,0.0002336577777585383,-0.0024144504175883674,0.0024654825241444732,-0.0018825262060853593,0.002459698351163251,0.040870847494240685,0.0025515279951949382
287,3200,237,False,True,0.0023179233711198024,0.007370855927903237,0.0011367723209825186,0.007371967987881356,0.005976245538920869,0.00506779024479865,0.0017048250157940073,0.003154945928280798,0.00793706671597457,0.004220291634738349,0.007933526870753998,0.11286771843997062,0.0095645919779489
288,3200,238,False,True,0.0033684017700496686,0.00526496079683008,0.0005979879110165763,0.005264989660465102,0.005483807092937454,0.005179374057658793,0.0005479303952194866,0.0014304533861918204,0.010754344972424619,0.004391833932508294,0.010754176725855888,0.0920762102571367,0.010900138116425304
289,3200,239,False,True,0.002609831915072783,0.004908116522164546,0.00043098454594634914,0.004909097643206391,0.0053905525167745735,0.004877253033129589,0.0014262772246233827,-0.004992929526211006,0.004590420674154139,-0.0017090715378258604,0.004583963890136289,0.17805201533251266,0.0047575300862876535
290,3200,240,False,True,0.0011838169961614115,0.004568223860842296,0.004516035431237767,0.004606513928561941,0.005598637637595819,0.0046051986646329784,0.0004069457715656623,-0.002087106648696385,0.0037847402045728274,0.003982948408836267,0.003791513507944586,0.07371369881323134,0.0038696304516459834
291,3200,241,False,True,0.0002940227705777695,0.0059595858516172774,0.0002646920673380043,0.005960693861255682,0.006865289632697485,0.005729056171661107,0.0010504857128637384,-0.0030223278063394466,0.0021736664217841197,-0.002729505446210419,0.002172934794145203,0.06361638804801807,0.0026058648948779073
292,3200,242,False,True,0.0003021831978188042,0.004299805379574383,0.00023943085678040495,0.0042997875855119985,0.005044476443676466,0.004260847376055876,0.0003209708472375654,0.0020625958285029216,0.007700214895599516,0.002573359275639916,0.007699998043013316,0.11398067210354423,0.007831839413276837
293,3200,243,False,True,0.003921876655780834,0.005906274615580833,0.00024601648745265034,0.005906104629229859,0.006311307121402304,0.005830296424203209,0.0017468686143794928,-0.0019173582240724814,0.008188745216460411,0.0014580113890460306,0.00818159444589007,0.11032329334340829,0.008324045527690699
294,3200,244,False,True,0.0013895235007796009,0.005065632842019329,0.0007558104959084919,0.0050650229054708595,0.005721753595599587,0.005114036465608545,0.0007776902812725732,-0.007484868255753922,0.0024429696218141394,-0.005980440940629812,0.0024436094319259818,0.10297016371859896,0.002640900954386294
295,3200,245,False,True,0.006453679309658322,0.006221339008703321,0.0004650977730890519,0.006240572375741371,0.006080916959226012,0.0052743152632649636,0.0010898781434276288,0.0022940545373598483,0.01092875313189726,0.006416319591106163,0.010922655957514902,0.07662356691636227,0.011452032712779364
296,3200,246,False,True,0.0002537541770480729,0.004775145641631628,0.00032030960594245156,0.00477530702738122,0.005440127085991519,0.0047753113672192055,0.00028240929623662476,-0.005946616486649477,-0.002345099260999426,-0.005621451207999197,-0.0023452615172292646,0.046293381836078534,-0.0022664336190749007
297,3200,247,False,True,0.0028744411245426745,0.006242665757718419,0.0001922250694133548,0.006242982001842416,0.006054318548243536,0.004882857424296497,0.0002582974844857325,-0.0012477514814564787,0.005738035674135773,0.0015649435837577913,0.0057378105412020375,0.0756148960815651,0.0069870036195124885
298,3200,248,False,True,0.003725108652132609,0.006018773081982687,0.0004992951748524839,0.006024334104460429,0.00550503856855641,0.004929710931965764,0.0012657352837853533,0.005954531779048178,0.012375369907813684,0.00837753006332976,0.012373164442187843,0.07906562300859898,0.013227176667463925
299,3200,249,False,True,0.001803459648882804,0.0058244315137824364,0.00573804758302717,0.0058183651650296955,0.007581802515663074,0.005824580172977933,0.0005467709487791818,-0.008999281871125673,-0.0038791379198424283,-0.003575125890341471,-0.0038809496801723675,0.1089993789037096,-0.003801318034580295
300,6400,200,False,True,0.0006809269168510404,0.0052554385672580585,0.0005321328878789906,0.005254755098353217,0.0056974974557376466,0.0050507818990208585,0.0006410495299348335,-0.00012424848128779053,0.008369222491875555,0.0009236437563079881,0.008363600857392654,0.10308267610956737,0.00858540920371588
301,6400,201,False,True,0.0003073408436163053,0.006569503741323688,0.0005245331790908086,0.006616816883914352,0.007306372141719618,0.006587315928444153,0.0008406799429446349,-0.002938747550205747,0.0035010851312842917,-0.0020156802421392494,0.003521564109653337,0.21352498439241188,0.0035529806765068617
302,6400,202,False,True,0.0013857162651146543,0.00665706695055886,0.0007036513430172378,0.006432690382055283,0.007396343694939773,0.006422953607278567,0.0011588521343092596,-0.0018014697966654337,0.008010442203926384,0.0005137252040353358,0.00809612593139498,0.14868480268049036,0.008175014449280954
303,6400,203,False,True,0.0008333507124480635,0.005514213591091569,0.00014600344616522886,0.005515209828691033,0.006207353629971812,0.005515649190593572,0.000598363780071181,-0.005910050779276444,-0.0004359997038217678,-0.00508127191897564,-0.00043603979236900514,0.041676369108677884,-0.0003971879769664316
304,6400,204,False,True,0.0004099775774833019,0.0050970031952442315,0.0050887564651946535,0.005088743000732293,0.0054019669371172495,0.004981610871141061,0.000262930281859982,-0.0019299868737815478,0.004235451840606927,0.004369085420329729,0.004238717464183637,0.17226872679128324,0.004342874008666148
305,6400,205,False,True,0.0005294159012117087,0.004810759556000899,0.00017148185113360464,0.0049638025666471925,0.005524862768754602,0.004734010388452945,0.0002910633550864005,0.0006811783193220996,0.005907401101153163,0.0013153259065881507,0.00575149490921163,0.04281179899252795,0.006008777938960624
306,6400,206,False,True,0.000111050694010804,0.005155015851237747,0.00025022670319391443,0.0051549776908236655,0.005643697836512541,0.005136559103584962,0.00031326156808420176,0.001870989062850127,0.007311325222647955,0.0023177671437847654,0.007311385460594,0.13016103844154883,0.007367323969895201
307,6400,207,False,True,0.0027747153302097793,0.005683195248500159,0.00047773357248528237,0.005687027965542055,0.006032657865231773,0.005632726266670397,0.0003504874186420611,-0.0015676756701709987,0.005263510713749682,0.00039983009451841604,0.0052635854183377614,0.07877236166015537,0.005370524854048431
308,6400,208,False,True,0.0016339193420571068,0.005606667180166697,0.0005039757985312708,,,0.005491221589644869,0.0008608383270628189,0.005414973738360234,0.012594671892745666,0.006588048661370627,,,0.012694424355228995
309,6400,209,False,True,0.0002525055798063111,0.004908830192892152,0.0002287267450108684,0.004908758490201264,0.005514645098448212,0.004900057303744027,0.0003300125529085189,-0.00046098515010689677,0.00403348804416094,-1.649700414687455e-05,0.00403345278709109,0.0755179141453122,0.004109906879813746
310,6400,210,False,True,0.0029018823132866073,0.004970959419767898,0.00029207394640080425,,,0.004960967235453722,0.0005068760014675163,0.0014207733838200553,0.008411264259011855,0.0037872300235455283,,,0.008490683104016572
311,6400,211,False,True,0.0017407727174386287,0.0055565483122317115,0.0003284163246175124,,,0.00555063945235392,0.0005318916355044705,-0.004356956551067568,0.0035574306116427936,-0.0025522036867806686,,,0.003595424860005733
312,6400,212,False,True,0.003230793793459173,0.005515914779904461,0.0006233701327535742,0.0055429462916612715,0.005938142388972255,0.005382766795331122,0.0008534900225817641,0.002378503853295704,0.01260746874565486,0.004836971577956163,0.012591937146452405,0.10698967304949951,0.012772604477600105
313,6400,213,False,True,0.0011732396455540095,0.006034554869606173,0.0002803609928679197,0.006054677476074037,0.006815336889077698,0.00578286668929375,0.0004912516656236296,-0.0034126024654090926,0.0009241187546020768,-0.002855146903059121,0.000914859915141033,0.0537090248495343,0.0012705495500457964
314,6400,214,False,True,0.00024736033431940464,0.005095987242457061,0.00024404559590719373,,,0.004952061729793389,0.00046252051808279163,-0.003236345510009801,0.0012131678426509928,-0.0027101918592227253,,,0.0013857819646721087
315,6400,215,False,True,0.0013551627139280337,0.0050080128440964655,0.000606858438128111,0.00500947938950536,0.005265522541880265,0.004970460763850505,0.001607218627961583,-0.0007943390206839096,0.0033707869253214364,1.3104265752616473e-05,0.0033705664392575407,0.04492202290674872,0.0034642951373358016
316,6400,216,False,True,0.005365874408762473,0.0053687477911253815,0.00028925177759016237,0.005364987959306861,0.006299162496431158,0.005381069433172828,0.0014006778914554352,0.009257961753149227,0.00925582150753172,0.002741857281239879,0.009256992902436157,0.09471379001906215,0.009309288889698536
317,6400,217,False,True,0.00031013197843015515,0.0053251079515457475,0.0002701151323361915,0.005318188454211138,0.0061567866407513,0.005321424309302619,0.000176003145498598,-0.001459827867468544,0.003228965546862046,-0.0011081484456504133,0.0032316930962457135,0.11266725952411537,0.0032992480939639246
318,6400,218,False,True,0.0012983420547762027,0.005070244210794122,0.0003642765559120514,0.005070258785794135,0.005336349672532354,0.005045743331872763,0.000725716785915605,0.0003554312728213252,0.005198517141325052,0.0010951848034636686,0.00519826701458264,0.017331367377407824,0.005255834664399828
319,6400,219,False,True,0.0005743844638527157,0.004772435759901444,0.0002926319536327786,0.004771911821793533,0.0054752982220171685,0.00460837907551786,0.0002998291079262842,-0.00044566335611502224,0.0029052969355456426,-1.192870827303405e-05,0.0029006067598929697,0.08997258946702832,0.0032301991500942456
320,6400,220,False,True,0.000427712151492429,0.005287636442361179,0.0002912294522653163,0.005287762420584068,0.00599472905304608,0.005289050208134155,0.013060181791685981,-0.0030966777303129784,0.0018347526252841461,-0.0027771999864223598,0.0018343737050451382,0.026015566025191852,0.0019066956370228233
321,6400,221,False,True,0.0010305435065560422,0.004964339223599033,7.986995940755144e-05,0.0057223021798222876,0.005929146259002106,0.0049645252226262595,0.00013240715331924643,-0.00641566123115592,-0.0012002372529159723,-0.0054647773801745425,-0.0019997373801964712,0.07144923661240017,-0.0011615041692849132
322,6400,222,False,True,0.0025186889607423275,0.00543156182701663,0.0003234341803818426,0.005445265048882023,0.005994784219482006,0.005453685853985082,0.0003415387629394807,-0.004831122662253799,0.0033407014495756295,-0.0021595149692160425,0.0033178779171194606,0.06538179521376122,0.003404509608734646
323,6400,223,False,True,0.001104550398373541,0.004987415431491937,0.0002589025344839487,0.004987842740076816,0.005532571097426442,0.004940016402872376,0.0004845476928321336,0.0011153107732617133,0.007194778132650637,0.002067888634682223,0.007194086100067346,0.04072552656427923,0.007264112462630826
324,6400,224,False,True,0.0047666903988869665,0.005139714509735996,0.00035244813219644476,0.005119461646647495,0.00596640727126594,0.0051227041247937895,0.0004759348369210334,-0.005266519355251649,0.0053257713658769745,-0.0011070680376740769,0.005321934903487424,0.08173411936745023,0.005361190889467779
325,6400,225,False,True,0.0006801202514239113,0.005613313906997198,0.0008403476588644767,0.005600448298338774,0.006419163256051363,0.00561659488104003,0.0005617087077231288,-0.005817002245863538,-0.001675559406382856,-0.005633416710199777,-0.0016778142859512357,0.016679362328830525,-0.00163650107039702
326,6400,226,False,True,0.0003063387127934588,0.0054146596434404785,0.000290335578576882,,,0.005353856298721235,0.0011337202548670569,-0.0006337355901949326,0.004676717965475774,-3.2491137836862526e-06,,,0.004796718227035826
327,6400,227,False,True,0.0005955550493024931,0.005253008276211671,0.00026774592713428396,0.005290420779304229,0.005808675153690912,0.005266430840122223,0.0002715688968032235,-0.0044443019744550205,0.0011865943524488288,-0.0034167553815553243,0.001191952599647621,0.08187322976112252,0.0012284778238167288
328,6400,228,False,True,0.0024451410751057143,0.0050190935267221,0.00024651414653533636,0.005022468832375969,0.0056821344406661175,0.00500491855656244,0.00025099822960180973,-0.0008202598214145735,0.005480617442347722,0.0012196143766136703,0.005471342394522907,0.050410880088091276,0.005529814663010807
329,6400,229,False,True,0.0007664737335630834,0.004975399660487238,0.0002822071499313471,0.0049793049385314005,0.005318757161988229,0.004973826540451497,0.00027949380928106525,-0.0018506531501882723,0.005153464928009317,-0.0006215906973978032,0.005152395337059002,0.12724536520859103,0.005192459279222197
330,6400,230,False,True,0.0036884997696339365,0.0050786466164202924,0.0004498051238565662,0.0051558090051266395,0.005521324336290548,0.004969333884013954,0.001203606543450821,-0.002456819186300742,0.006959130377967888,0.000282311179124054,0.00688934094760004,0.11013003198646104,0.007078060167720002
331,6400,231,False,True,0.0007542907389370812,0.004874335044216185,0.00044367327719456597,0.004869782173400706,0.005461960781450833,0.004872942185183376,0.0008364544298934707,-4.806166262199263e-06,0.0032455393739775572,0.00044551383452849923,0.0032444542371314,0.0427206745933786,0.0032840530204542445
332,6400,232,False,True,0.0006223375143412988,0.004821771320962535,0.0005654660391106343,0.004823357981150032,0.005036681930730511,0.004780226187053514,0.0015079893710812898,-0.001295080004779754,0.006382944006020352,-0.0005550811888200694,0.006382045342834175,0.06371647126734349,0.006425051162146089
333,6400,233,False,True,0.0012890769198619716,0.004722315459584147,0.00018768496301751664,0.004782625640166901,0.005607767615693074,0.004547536609020493,0.0002058592074219297,7.118644698090176e-05,0.005845015198839434,0.0010913885333933208,0.005764723028200578,0.05210659199776096,0.006038858124842089
334,6400,234,False,True,0.0014642804015995944,0.005029242492101889,0.0003856813812236047,0.005029141906495321,0.005393164643495612,0.004966673577350062,0.0004893591802998003,0.00525130703186832,0.011177002151446444,0.006491340775898138,0.011177176381916586,0.12134978166321732,0.011284337589860485
335,6400,235,False,True,0.0003804646627801493,0.00513133836993556,0.00039492521190043184,,,0.00508703928370156,0.0016624004183934979,-0.0001311592676532275,0.0067866774190314776,0.0003788018651976813,,,0.006852333261770122
336,6400,236,False,True,0.0002731850139832885,0.005259577143199642,6.2406952824567e-05,0.00526510650479065,0.005809511966211128,0.005071035525043505,0.001201154941039054,-0.0029456587751814068,0.00235202961341896,-0.0027999887456644263,0.0023420258582677713,0.06795432947855343,0.0025992523085335284
337,6400,237,False,True,0.0015317001922320588,0.006317912669106532,0.0004964581459874286,0.006365510378778662,0.0069624183778786985,0.0062917147372217284,0.0003328877657168018,-0.003766942542417986,0.0025931686323220227,-0.0026900672666644097,0.0025855563902185885,0.05999646944859272,0.0026828676976118487
338,6400,238,False,True,0.0004953631702904958,0.005240716644004565,0.00529536686838434,,,0.005228437680178348,0.0003649512223783143,-0.0028742313892220674,0.0021042413142759032,0.0021876966762087767,,,0.00214398480878418
339,6400,239,False,True,0.004450574485335791,0.0044526539930327385,0.004543491640500226,0.004763770504023813,0.005443409929520911,0.004473456131849505,0.0012274775194805066,0.005431465818016709,0.005424839533672525,0.005490247384154077,0.005209900693070644,0.065564702792563,0.005477803938979564
340,6400,240,False,True,0.0009161781100100875,0.004755257667468731,0.000407417406184213,0.004757786715974047,0.005179207154878913,0.004644113622499194,0.0007142719691235764,-3.935529834209473e-05,0.0029138518829726935,0.0002799763925934756,0.002909276875181899,0.058164787601975014,0.0030291947512374046
341,6400,241,False,True,0.0006630590524854632,0.004727399595777324,0.0002515519180874632,0.00472672686793611,0.005342766470242412,0.004747364669751447,0.00025229527654710096,-0.005435462552339533,0.0009278284538441284,-0.0047666404334566325,0.0009270252210600383,0.08152868542873862,0.0009749440260181791
342,6400,242,False,True,0.0033731670828447604,0.004906723421641198,0.00040643763087413207,0.004898576561364371,0.005574992143129332,0.0049112042282904635,0.000977659879318969,-0.006484726389572096,-0.0004241022400356087,-0.0043057051384822525,-0.0004239224397191066,0.10142111366921065,-0.00035245878694478705
343,6400,243,False,True,0.001208046221593983,0.005169355106921869,0.001217239271770326,0.005227277882391356,0.005413415709350051,0.0048581581533040635,0.00022183192360481947,-0.0019961686609718003,0.00410650217311904,-0.001859676959435273,0.0040895420218479295,0.08251220346995038,0.004375396888073799
344,6400,244,False,True,0.001244650385633206,0.005270684745991727,0.0010656680260803738,0.005270201579461525,0.00592757588113918,0.005273142396085267,0.000477130787184042,-0.0003954180125667986,0.00513888249382287,-0.0002488293700882976,0.005138704577661209,0.18426959811679156,0.005205000284582512
345,6400,245,False,True,0.0033811170703954624,0.005276669330749304,0.0008286639537295412,,,0.005237146995051814,0.0006570684220577597,0.002168011411035551,0.009237058601919089,0.004519414834802858,,,0.009337112177849882
346,6400,246,False,True,0.0042663721742673974,0.00547464498030633,0.005560203745319763,0.005475468033179639,0.005959167098836926,0.005477273945521558,0.0005776836575055379,-0.002255725052034849,0.00489827041380801,0.004969486698075457,0.004896516931958068,0.022745429474682766,0.0049382928847801905
347,6400,247,False,True,0.0007200089283705923,0.004906081719045452,0.0004179912151735305,0.004906170545615699,0.005180130563641865,0.004793275316985561,0.0004473636583514645,-0.0007213003164546978,0.0037607566127488214,-0.000507971266232765,0.003760582124744225,0.06377660164670182,0.003934739990302152
348,6400,248,False,True,0.0001565880414189443,0.0050168763867440465,0.00018596650257726683,0.005017535104297994,0.005120105063640079,0.005019461803198614,0.00028579962608502263,-0.0058664590566068694,-0.0005594833526665255,-0.0058322090698417995,-0.000559354584877454,0.2056234959971718,-0.0005205570329863268
349,6400,249,False,True,0.0018443761394113358,0.005508153836242322,0.00037166885554289897,,,0.005510039968496828,0.0004822591150009648,0.0009426331710252423,0.006903237882052072,0.0025396467637080946,,,0.006972862017177825
