,n,m,use_location,use_scale,MSE_wellspec,MSE_misspec,MSE_surels,MSE_NPMLEinit,MSE_NPMLE,MSE_thetaG,MSE_EBCF,SURE_wellspec,SURE_misspec,SURE_surels,SURE_NPMLEinit,SURE_NPMLE,SURE_thetaG
0,100,450,False,True,0.23627479925135877,0.11046555311893705,0.022877944522317367,0.1104718513709574,0.06939597831188722,0.0723852165973583,0.03615040991576941,-0.13008084896260716,0.04653835285162366,0.006637806170363962,0.04652605621132878,0.8117890358413763,0.0792409843690296
1,100,451,False,True,0.08266125183382173,0.10966114397982801,0.016268991502379843,0.1096563855301114,0.0858719500435555,0.05282270903146993,0.03445083975276931,-0.049643741481799564,0.033317069583913936,-0.010737850495657713,0.033316884929589036,0.7160228531864686,0.09069384850715556
2,100,452,False,True,0.15906787864414731,0.15633905763494743,0.0321427864547629,0.15633222970344005,0.07054178087372731,0.06675556230151052,0.07529543290648613,-0.04258916800246336,0.06819246693468926,0.04813047454271903,0.06819339320181982,0.7112830656395696,0.12683437609211556
3,100,453,False,True,0.0640982337961478,0.05264658933583755,0.06485943301059761,0.05265796955854099,0.08357838535179468,0.05793068798397731,0.06272782757471912,-0.09960847332567742,0.05484247695018858,-0.08572632894287237,0.05482531239134765,1.2161038351976112,0.07925310066503177
4,100,454,False,True,0.07315430308445371,0.05592884998371499,0.008743203328697829,0.05592585220182984,0.07769881459816609,0.057580428076045694,0.021661285184743775,-0.13636791197285109,-0.005941145375901655,-0.06851931728330041,-0.00594421789172614,0.7025983633466214,0.004729032605533923
5,100,455,False,True,0.08693121032819995,0.064583652967743,0.002184354133124196,0.06459155493988042,0.0718653118833907,0.05062097131799463,0.01055439825525047,-0.08669077598400428,0.028997786549886585,0.007171442788493485,0.028984247506403805,0.57141024981437,0.05237431907520684
6,100,456,False,True,0.11602076241901971,0.12993358320051632,0.06710672741030797,0.12993342155522783,0.06665886187662123,0.07348154685565896,0.085411531806145,-0.07935355435463022,0.05634300931947039,-0.03240895483194874,0.056334533370649996,0.9353660266549162,0.10005711056164113
7,100,457,False,True,0.21644304476862358,0.09780976735772154,0.03712289096890962,0.09780407010598038,0.06653762901453383,0.053962069274914225,0.05633867198820375,-0.1370879291784755,0.08381280475239415,-0.012250528500596065,0.08380023611206752,0.8194811065661938,0.14293085616351137
8,100,458,False,True,0.13854905111918098,0.08343582137325699,0.018353537680109097,0.08342092999023007,0.0700455603637846,0.047849742429122974,0.03865608059690932,-0.11618525444276635,0.0638826523982712,-0.01896358729108369,0.06387738174015262,0.8293032771104147,0.10644400403526255
9,100,459,False,True,0.1080533466132159,0.059724051103333634,0.003383663577411431,0.05971927586548837,0.08617875026497254,0.05667906860797492,0.02606279949943935,-0.09228907249676638,0.031699237155956156,-0.004247919076698854,0.03168998139613507,0.8215438351742784,0.04865010710774181
10,100,460,False,True,0.08934652538266351,0.07187594181593102,0.011895230296851005,0.07189627509676404,0.10757030251511539,0.06170551343196845,0.012625383630663817,-0.12304042028104852,0.02140133807282929,-0.05980926233049571,0.02138887663548694,0.8446461542038355,0.056002156248132706
11,100,461,False,True,0.11628788506442483,0.06750007393342722,0.011630677685322414,0.06750078901130213,0.08954394868343701,0.06862843153680263,0.046650735823398334,-0.08450676725561777,0.017157405413817415,-0.006914741204021376,0.017145848445129345,0.8065923153766766,0.029245534768338355
12,100,462,False,True,0.19619482157507176,0.12322502366119366,0.0352215752944814,0.12322172787531695,0.05973771330528982,0.04829670609399209,0.061066948429894394,-0.1464982094005735,0.05577621959565107,-0.029621497415747895,0.055753745552320315,0.7938282698101224,0.11969819976669932
13,100,463,False,True,0.09031951085729378,0.056808083313546795,0.003752480658365757,0.05681047979674491,0.06357465218390962,0.057239356716252514,0.018658702159466297,-0.0990373746651536,0.00756486671682076,-0.02766315679083859,0.0075545063125598945,0.7699889661077591,0.01868639180533682
14,100,464,False,True,0.1035645679757649,0.06302397934729118,0.0807206209944254,0.06302696889660928,0.07366668744384913,0.06468302036809594,0.10699325238471173,-0.09035206250534654,-0.030954518591247863,-0.05705348818158588,-0.03096574978415745,0.6464638404072985,-0.01754097927279119
15,100,465,False,True,0.08457629385779628,0.06796018739325627,0.00838733490492895,0.06797672070215495,0.07454465978207957,0.06599618907653228,0.01699835117797512,-0.06743776836011495,0.047012953204923776,0.007086660133826115,0.046998764184181994,1.0621945767192544,0.0607509060462903
16,100,466,False,True,0.15971799449305454,0.07598270725872922,0.02681075755088516,0.07599023661957878,0.10121790976945558,0.06631512638060941,0.020074664958982736,-0.10446584805033812,0.018789648345383797,-0.01587221827756497,0.018776309120804486,0.5106405839554844,0.041458241143592756
17,100,467,False,True,0.04542511551297115,0.05482209371611826,0.006084626639088749,0.054848201845040176,0.06462003229256866,0.05665808834216349,0.024167503849936815,-0.08004130130756233,0.01970657812112762,-0.0417920429254435,0.01969379771538428,1.032501247226434,0.03672102133863131
18,100,468,False,True,0.05695013757219816,0.05871043077291138,0.009575594917665764,0.05871192014320114,0.08645451812119463,0.059858660768887795,0.01059017339529768,-0.1389520474325983,-0.018145279173831456,-0.11521022882980499,-0.01815916602367281,0.8897329631611532,-0.0021268701109242727
19,100,469,False,True,0.0541249638615468,0.07060779370912196,0.0075952249103987905,0.06443050477301884,0.08682623493857687,0.06653497420568216,0.02766352177613225,-0.14765304521355607,-0.0620681434485433,-0.09604082008846504,-0.06282140829717185,0.5208580801880948,-0.05225271366386419
20,100,470,False,True,0.1513789493698354,0.07330712048260904,0.0032529167689275013,0.07325989671567265,0.07816903654914743,0.05869172867534399,0.011024453543550413,-0.11559694459836399,0.06482331528690125,0.019941630675833214,0.06483855142688186,0.9263692325871676,0.09060066800288091
21,100,471,False,True,0.08647969357894296,0.058344812767277814,0.005040011216333371,0.05834036081920944,0.08001140459385268,0.05867393047911183,0.02321247261804086,-0.08770490351414113,0.017785009376810663,-0.012472274615561907,0.01777471875513122,0.6023678648249224,0.0330583637906926
22,100,472,False,True,0.3206985608616909,0.1395210679524277,0.057987891482395845,0.13951966404100885,0.06737213197311402,0.06929218644498474,0.041626944877128445,-0.10093872100172237,0.09505967659607394,0.03688627361072422,0.09505864694628642,0.8272251176833595,0.14641055179840823
23,100,473,False,True,0.17386319151504043,0.07447898012691397,0.008833453394450153,0.07446676197525191,0.06395621512957142,0.053287456105175816,0.030983363229352013,-0.05644092613346563,0.08622743134655834,0.04415292226259512,0.08623534433514259,0.871917561164876,0.12125354237737046
24,100,474,False,True,0.13692109330795735,0.11194974176445381,0.030728026122715656,0.11195041510559195,0.07577887485541307,0.05801607935354722,0.05727098562046982,-0.03758617276678756,0.08825520754123019,0.04329129767588609,0.0882431800868845,0.6750707482257969,0.15364163819918975
25,100,475,False,True,0.0942485710806077,0.05859661876612515,0.012670170500826503,0.0585909594139818,0.11909329653469454,0.06881831966320255,0.01383008355717968,-0.16257572126231062,-0.003214241684984742,-0.08311708789667732,-0.00322223454736573,0.8045911357572174,0.01113675564945743
26,100,476,False,True,0.15768754026261034,0.11467265518464424,0.019920425168638133,0.11470657849192128,0.09765257914616718,0.07202693562222566,0.05376990700440585,-0.027759622770323806,0.0672122576264352,0.07116081552647466,0.06720399457220516,0.7733297847962365,0.1101130268536496
27,100,477,False,True,0.08481321244177187,0.08471784844825325,0.011377637071069152,0.08470514600938878,0.10031262840061006,0.06915319785963432,0.04275617575691835,-0.02125380534155447,0.045717379473360895,0.03404125136063286,0.04571078217438014,0.7601457649722078,0.07671585594651176
28,100,478,False,True,0.11620089639620028,0.06851918187010972,0.0016835623477306789,0.06850741841579755,0.08563172650398368,0.058681045406078214,0.02274126079666222,-0.08484024789058352,0.03138390061058509,-0.010869942070799467,0.03137141461675867,0.6916652664270576,0.061103989589480934
29,100,479,False,True,0.033134435286991094,0.05647001793256272,0.0013326897658846337,0.05647028866773547,0.07805081368250204,0.05487731327085216,0.014235516359802714,-0.06482936943881454,0.014176264145071258,-0.03779558211543961,0.014162967437806557,0.8041362017449685,0.033188534676356574
30,100,480,False,True,0.18691215806513284,0.08385032621885945,0.044983065702146406,0.08384754621776841,0.0668699953465428,0.04677802555572638,0.05886965346513873,-0.12711410554500638,0.07517186923095757,-0.02584870996531576,0.07515442174959411,0.7909935602184252,0.132811659370897
31,100,481,False,True,0.10774701326082259,0.09643675867699461,0.026694155797431073,0.0963652764334042,0.08493808827668234,0.05893492399926157,0.032153361416933104,0.0004156120504768568,0.07071485300113181,0.044121155486111965,0.07070831605688106,0.7611247037146343,0.11664872265689702
32,100,482,False,True,0.04966330992173463,0.05158465785348715,0.00725029381726836,0.05158438107762261,0.05675620813638202,0.05055564638010543,0.012061462132442037,-0.0590006842532115,0.004524854930875435,-0.015420511825585728,0.004515036850588529,0.6761902153989184,0.018305093459170863
33,100,483,False,True,0.20175581118308675,0.1226539015391489,0.031783074296544776,0.12265443423988458,0.06659434017441729,0.05968920541977771,0.04993631063829185,-0.12168667166187014,0.0680672499157808,0.019554350564164186,0.0680636737963571,0.7024967630573454,0.11714703229490897
34,100,484,False,True,0.2697213581647635,0.08525047428043978,0.08037677696204402,0.08524940954330748,0.0811845994533623,0.07186113009961953,0.081633409761723,-0.08062658088731496,0.08175473286153122,0.020765705376240343,0.08175175942936293,0.878000506785806,0.09994009166869677
35,100,485,False,True,0.07864773913099779,0.05804454837126765,0.025423287734418397,0.05803484626555494,0.07368135490030009,0.05158035927527483,0.046476112613583864,-0.08183948782297307,0.07616929548241011,-0.023544902223777968,0.07615849505509466,0.9541990658221505,0.09486897567598357
36,100,486,False,True,0.03652924573531729,0.05665586152409941,0.004467312104682362,0.056658662674998084,0.06847836933576733,0.05320233406468687,0.01667402030376431,-0.03376706652173093,0.0181968294854353,-0.005772371367431623,0.018192564797260717,0.5922730990419756,0.03521894072744364
37,100,487,False,True,0.12971282545632973,0.07410908538361034,0.023224832708185733,0.07421265347538897,0.07288178004629726,0.05799432644615663,0.021240387659065378,-0.06525034545232694,0.08253447402675824,0.0021102297543252567,0.08252083132959491,1.006874734307903,0.10250956589788418
38,100,488,False,True,0.05803727867611442,0.09718338267710859,0.03458543996865004,0.09718536386613742,0.16810359686487092,0.0971843598058183,0.042882167607590976,-0.1637176079992509,-0.10496854310665327,-0.1445467848235321,-0.10496980190153281,0.5856517955217524,-0.0940531882002445
39,100,489,False,True,0.038418757315929496,0.08217569701156885,0.008757995905115763,0.08217146731974655,0.07419032432118311,0.06048874116070442,0.017838768248609305,-0.058460590922215214,0.033806197424392226,-0.0268977824893876,0.03379703805990815,0.7963485381508569,0.06133241872200207
40,100,490,False,True,0.022381458386287034,0.060983579704874724,0.00834852861921542,0.06098573210728608,0.05841894836694607,0.05598578589939236,0.023098121829060493,-0.022323826468093583,0.030079527490628734,-0.01113184706247174,0.030069992733800746,0.7618333672878311,0.042657808620741644
41,100,491,False,True,0.20754809041658637,0.07637260847178816,0.03299707556418356,0.07636833634291923,0.0922757411481402,0.06845029192914256,0.047041616944762984,-0.07126297051336444,0.07769499897004145,0.009401407230804366,0.07768503559049045,0.9516868077539925,0.0954890100768171
42,100,492,False,True,0.05193725079111263,0.063501956880662,0.0038995807660233434,0.06348866198364302,0.06110130834903539,0.0491026168367843,0.03338085018396407,-0.03036947917697974,0.030518321221423294,0.006413578584450654,0.030514117093341113,0.8088959476761779,0.05290526546725427
43,100,493,False,True,0.13827590924243108,0.06232507975748306,0.0035107384101380184,0.06232199748437026,0.06498307821640795,0.04681862678188793,0.032532444122740534,-0.08306057435930768,0.049626940143754156,0.010915204441184321,0.0496185978330837,0.7026874837912497,0.0731575038865086
44,100,494,False,True,0.04762825211492233,0.06602361449541061,0.004351530511965145,0.0660348930755581,0.07050073197878687,0.051372410116236555,0.02285951952992107,-0.00341081024768072,0.061177651426330616,0.01602856631752918,0.061171164040997754,0.8425723458986164,0.08610608130435565
45,100,495,False,True,0.13554808171890573,0.0796044486892796,0.031857635027186644,0.07958659212309108,0.11450970013618691,0.07299307457055795,0.03971784257332493,-0.0427496218430678,0.07073909577996716,0.02167022191934626,0.07073206547136884,0.8168443590467391,0.10295571122887215
46,100,496,False,True,0.20820922800645345,0.06027629756425063,0.011089927242681215,0.0603284995348865,0.08722865257602447,0.06641929187742121,0.04991027809560934,-0.15317595880247234,0.04964838576922261,0.025978400486895942,0.04963777395019221,0.8483298694048363,0.06487290018772146
47,100,497,False,True,0.05827269094573755,0.06276320341210807,0.0040520601501700445,0.06275527496092873,0.07698493333730311,0.05140156306677479,0.02909046082626927,-0.08768602134357538,0.025098184758794915,-0.033140119138955114,0.025086898044948926,0.662072944615737,0.05314838354586243
48,100,498,False,True,0.05597736495491214,0.0642548749666682,0.0515492119468609,0.06425968829897089,0.04619427511692747,0.04860582743353447,0.05955294200777013,-0.1260869196335037,0.021514774240609925,-0.11695284271175854,0.021503278080740103,0.8415487992731998,0.04562323802008855
49,100,499,False,True,0.237594861158612,0.1002424164209687,0.030468499536773937,0.10035871156098583,0.05404327205871709,0.06465818348344904,0.06039511558158683,-0.0551913283970978,0.08812599354289859,0.023323103038528838,0.08812000931454207,1.0618400341740868,0.11673995026126405
50,200,450,False,True,0.07359158101322222,0.05395057476321143,0.001658268497746557,0.053948412804719854,0.07184847333663986,0.053922622177438526,0.005647740296547857,-0.05381780793043252,0.041253018333870344,-0.0005620260890428153,0.041246546870660976,0.9028525618164294,0.05206254049481035
51,200,451,False,True,0.07867606262120888,0.07156935945510126,0.017994754179783787,0.07157065463009715,0.11116792026656805,0.07287563111217699,0.02338654703128381,-0.03955651257764974,0.013598916247241206,0.0015586523785380147,0.013592783179766954,0.6652321608913868,0.028129339738527548
52,200,452,False,True,0.024338167572412937,0.07005655041485671,0.0053935119674494506,0.07005849234452295,0.07220337361638053,0.06207060631688638,0.015211133025929146,-0.012043036750621688,0.0398781701431399,0.010826832465080758,0.0398679320678508,0.8507028334168814,0.051414441887807194
53,200,453,False,True,0.1273434995213651,0.1244927307201748,0.004205554374516246,0.12445203919804884,0.07966752942902021,0.061212428461286425,0.01769240224442445,-0.003969401024983479,0.07649011033971106,0.0620904878263787,0.07649239512608659,0.7370490785292523,0.12824763890378238
54,200,454,False,True,0.02188294352652266,0.05874819788409903,0.006428520868116853,0.05874685273334535,0.07999588366856089,0.060057750851068244,0.03290115546107511,-0.016127945299972857,0.028929825095709207,0.0013792455744107346,0.028928912812589472,0.8220911111136757,0.03751113355563729
55,200,455,False,True,0.10113832768097694,0.07314951633931123,0.008573090570166987,0.07314384721286894,0.0988644639088116,0.06447571393096926,0.01452418185369837,-0.039925863066198344,0.048605393356010045,0.025863748382700637,0.0485956463082669,0.7989110056357083,0.06734671136995846
56,200,456,False,True,0.05500176713059693,0.06404552034051025,0.04386175851660266,0.06403986440848217,0.07100145926038315,0.05456078138158992,0.04489299493706687,-0.05047531654703131,0.06865437887382171,-0.051044045230058684,0.06864873767610569,0.9332629851607939,0.0848737884211413
57,200,457,False,True,0.03911292038016401,0.07544135360792924,0.01995316320554555,0.07530588886669556,0.05794186385024926,0.05504931770062258,0.022311066400601036,-0.07308189254749385,0.02252998554992544,-0.0537594168859512,0.022516965347056158,0.7595080501409817,0.047771969404659
58,200,458,False,True,0.021916107615828264,0.06972301425970442,0.016010535162282867,0.06972529229759725,0.06773305332745722,0.056714835737014184,0.0170317116071514,-0.08045406406448144,0.013172912224325444,-0.07475516236193386,0.013160707668780632,0.8736464159468058,0.03046236687488657
59,200,459,False,True,0.13311261140779268,0.1093385539301744,0.017588355892525977,0.10926649369806146,0.09160092292943331,0.06895664753922214,0.033562511131862025,0.00581370629559756,0.09213647026822344,0.06355433698553814,0.09213099643871686,0.8249056513593044,0.13487719213459692
60,200,460,False,True,0.06636303552506789,0.06635631434529574,0.02713976367893575,0.06634427995321078,0.08900948497884778,0.06960371521248242,0.03847385241237169,-0.02079959077749475,-0.020796685879414908,-0.03974876494013049,-0.020810571718704908,0.5895737330680696,-0.014416705924548578
61,200,461,False,True,0.011761552716207777,0.059285204972916165,0.002454418745138369,0.05929410339334775,0.07285648300547364,0.06056377968645541,0.002948121294621419,-0.08520848763108717,-0.016703238405427426,-0.07873823306610231,-0.016710559460930696,0.8753000206757109,-0.010084431207634914
62,200,462,False,True,0.03202622203631442,0.06898481600366319,0.016510142619061054,0.06902283490270773,0.06219373898867192,0.04812161217412696,0.021688849097348546,-0.04716825592293802,0.04240616960797411,-0.02911468677643006,0.0424002936691501,0.849243034934339,0.0684513540051705
63,200,463,False,True,0.0832195023662123,0.07138839301155252,0.011106021068291465,0.07138620363071775,0.057208361242151756,0.05171998488612773,0.013406012841485054,-0.04347618543475331,0.06453977781911056,0.008967136284584114,0.06453046582125509,0.8417237213221124,0.08448090570733896
64,200,464,False,True,0.11826952081642862,0.10128884932773646,0.006758210795035457,0.10120898794107892,0.08143238940016705,0.05780414522507083,0.026564275578785317,-0.01860644253998458,0.07933515333633921,0.043092049540660086,0.07933909969381589,0.8319583863957313,0.12417109114207192
65,200,465,False,True,0.08228694827783749,0.06880001241213439,0.014954712094822202,0.06878976600917695,0.11231295092291094,0.07415715723185204,0.01678374197855915,-0.07055168465263038,-0.01408013711823692,-0.04186434537322678,-0.014089772449126415,0.5842351472921085,-0.00161636225622247
66,200,466,False,True,0.019118784665115355,0.053464972752111206,0.0017103120713054085,0.053466265462721395,0.08404541419349223,0.05636111087801313,0.00372720155971184,-0.060086751849936226,0.034009896338506,-0.03740985395896949,0.03400017705498449,1.0353670837541413,0.043318460778274115
67,200,467,False,True,0.032135406517607754,0.07335455658725612,0.008862307222760784,0.0733611401389464,0.06988520530867647,0.05463617409080181,0.01785690786449378,-0.04664718356996156,0.02391475763220342,-0.02427000120500799,0.02390230217628428,0.7647121727371679,0.04747298418763246
68,200,468,False,True,0.08759674856196914,0.06506779911314697,0.007684482903907979,0.06506915501967782,0.07399519767360455,0.05766490332635021,0.0451772311577958,-0.023508550161967238,0.07332186009704807,0.02752365021594985,0.07330881202260642,0.931256980809114,0.08951329961413873
69,200,469,False,True,0.0160703442774537,0.06037569028950325,0.002317299145358174,0.06037459479737177,0.07705077159562344,0.06173488955892007,0.004460372118423321,-0.06004483412494852,0.009030717938228391,-0.04571717188387573,0.009027277641032115,0.8477120914766471,0.015576469406302362
70,200,470,False,True,0.022723185547596524,0.06214505834671468,0.011655098783870822,0.062146448201893696,0.09886852929750801,0.06618056637968375,0.016769409361349633,-0.0039021997715846224,0.0337101851915616,0.0059968911320935295,0.0337053208974703,0.854462836191528,0.04391716022745201
71,200,471,False,True,0.044563773445983876,0.06003959715178585,0.016179219123457607,0.06004270923489436,0.08566660374233619,0.06078944365671669,0.01671681102302049,-0.046862009217153985,-0.0060061927349819655,-0.024731312019843636,-0.006015957565606272,0.6838661146979169,0.0028784719209346554
72,200,472,False,True,0.05930884883895603,0.05931100304603481,0.0031596114330612133,0.05931198018438936,0.07471887399119688,0.055549886406001135,0.005660353268961588,0.023719568180039518,0.023730285929612762,-0.0473501889937506,0.023716865222524888,1.0638709303922511,0.03659914157125932
73,200,473,False,True,0.09827603490696595,0.057035140624814545,0.004825082046522579,0.057035553135299344,0.10079385406377378,0.06308539156163871,0.01252640342423664,-0.09633644351923266,0.04610052682161623,-0.01289636236719506,0.04610257283970505,0.9511173773586473,0.054357963012660826
74,200,474,False,True,0.04319728548418216,0.05766607787669956,0.007083528062673781,0.057665715958690446,0.08839459753676555,0.06164832026152596,0.010487322094312447,-0.06739779718851095,-0.005446556711804789,-0.03906422419662273,-0.005447606353325227,0.6605009930358817,0.0035773948340177553
75,200,475,False,True,0.04167310726235126,0.06426806906264916,0.002842090060742657,0.06426057319859074,0.06799625119200027,0.05317113562204942,0.021678105270238827,-0.004777668118371859,0.040268239669243616,0.01930636855457812,0.04025832230557455,0.7778893445514415,0.0566606946869897
76,200,476,False,True,0.019894240085673535,0.0746842119200376,0.013244518892123773,0.07468455866471607,0.10107930007082004,0.07468936943473257,0.03453408446305139,-0.04734156901871327,-0.004038558704675097,-0.031961644452772234,-0.004038037896192677,0.75308160213381,0.0014413853679521305
77,200,477,False,True,0.025166441204628968,0.05129264616993622,0.0031424232016489272,0.051290675285045946,0.08986589815614222,0.05732062400159376,0.008066804492801522,-0.10098490095883231,-0.017994779382026566,-0.07919812951277112,-0.01800630721519049,0.7240941483977936,-0.008732149867726413
78,200,478,False,True,0.026416509132818008,0.0615966545923046,0.06731068637944976,0.06158921774539552,0.09803549412947195,0.0684472165554923,0.02735900849380264,-0.045537324077781785,0.015310050463580681,0.018615488934675434,0.015298933277350315,1.0172386409686918,0.024179597938913222
79,200,479,False,True,0.12186132058056465,0.062007632525559214,0.014421291361692479,0.06201467844114595,0.06589375830056741,0.05247063264706433,0.014741773299520214,-0.047113625950202936,0.06161788024009639,0.021683210945446254,0.06160501055811324,0.8645907685457941,0.07785038259033966
80,200,480,False,True,0.027828088939240336,0.06471345544416368,0.009616701351913854,0.06470953507252053,0.06432464539304526,0.05467087393707893,0.01334506018475683,-0.05246069725135317,0.038129241893175986,-0.03201254771955316,0.03812263330648108,0.87200484894412,0.050881263126609566
81,200,481,False,True,0.05429261507152661,0.07582535817850015,0.01678613157075814,0.07581813393058934,0.10760906134142414,0.06863139932868469,0.044236287258243905,-0.02242960279150249,0.02740581441728665,-0.0021900457988939326,0.027393034508947523,0.5925157873681967,0.05197517862343709
82,200,482,False,True,0.033171699047766456,0.051385032827352344,0.004520404076649505,0.05138939453297902,0.06548563944040228,0.052978963049936434,0.02101445466875517,-0.04285932940184136,0.017015478005205795,-0.015257552641092862,0.0170010344615374,0.8595873426755273,0.02491511812563263
83,200,483,False,True,0.06982693835148548,0.06876249948711051,0.014634972022990292,0.0687584407716916,0.07244780441169514,0.05131019092522305,0.02162419141315557,-0.07176431284255558,0.05188273380706427,-0.03296443123718236,0.051874580963365204,0.8694534014674165,0.07504355173325011
84,200,484,False,True,0.13398391416009625,0.10403803351092739,0.021654535374538694,0.10402342407842767,0.13107768569562975,0.08068554867345437,0.022736636975576967,-0.052913538363787205,0.03114116531307225,0.0021892289094214614,0.031127451033822952,0.7186218821686168,0.06485178188913349
85,200,485,False,True,0.0821980489631137,0.05987183942807953,0.0009080197995597542,0.05987159233968537,0.07342544492299255,0.05539583592871661,0.010040068401181051,-0.03092600643194462,0.05809449594320384,0.012618257887637157,0.058081740833220936,0.8634980022148966,0.06962975679449018
86,200,486,False,True,0.027430087187123375,0.0566559547058943,0.0016913116386627952,0.05665574047719142,0.06680546878680152,0.05254603792762207,0.012893968952030727,-0.04503135253637996,0.020433200112223417,-0.02150749215065554,0.02042700162698644,0.7583403786398465,0.03315542266634042
87,200,487,False,True,0.19324154155724316,0.09554429118217739,0.01705671798771842,0.09554247693132392,0.09049223096658443,0.06685727135750313,0.021299455912124638,-0.00017293225732388786,0.09511341992163644,0.06074403078547215,0.09510116432300698,0.947631226673954,0.12033652766255526
88,200,488,False,True,0.09044770838463984,0.07924429514760763,0.02301616987189912,0.0793000635644184,0.10670424545887824,0.07883523048152612,0.028480631597365635,-0.05389815474831696,0.006345731625872873,-0.016184605817187583,0.006345211752359177,0.803000007495887,0.011883080119621692
89,200,489,False,True,0.0997951333041442,0.08287850421373952,0.008040027006845588,0.08288831653167497,0.08757138896488312,0.06378428659669198,0.027725635375012814,-0.02452623888614176,0.05357788622182106,0.037543164951192455,0.05356978596190864,0.7499978703090164,0.07632161923000963
90,200,490,False,True,0.12073659955939631,0.07234781104455257,0.02209835443720292,0.0723519109909078,0.09330116328168069,0.05628434479193886,0.0245714109427302,-0.1013558619452936,0.04335656085619057,-0.04207118860241616,0.04334472437449449,0.7427382073455795,0.0701791901618049
91,200,491,False,True,0.0676898965078273,0.06781383560974062,0.008172467185515253,0.0678088882942624,0.10775825730917826,0.07035743723739225,0.021161163519979907,-0.08039418171848756,0.018832261927279603,-0.029498398751084842,0.01881951406009577,0.6399567380225254,0.03220347823349484
92,200,492,False,True,0.03801654754354081,0.0533546233354248,0.03465580801550773,0.05335963638622454,0.1090234935345646,0.06184446061582207,0.03342917376308574,-0.08849193547404313,0.03275472258918384,-0.08706650494410377,0.03273533744208123,0.8909034798184223,0.04556134206572365
93,200,493,False,True,0.09097295793915615,0.06853590707968711,0.0065351687695341335,0.06854488810808165,0.1024269160654476,0.06728718949086204,0.014552990438243821,-0.02724692842066612,0.05320091752147668,0.017144072460669686,0.05319051105043947,0.7659638241339582,0.0695197234732764
94,200,494,False,True,0.08724851101117492,0.07732206987025013,0.04636302052452001,0.07732411404445556,0.08430470845340869,0.056084633613028165,0.05045717481396374,-0.06382536374881195,0.09040057446903375,-0.032833355755557764,0.09038176103450582,1.064075455609066,0.12169123631261008
95,200,495,False,True,0.02306949410325456,0.0695537955181914,0.021540864486554047,0.06955521023903383,0.053743931617927766,0.06198143469742282,0.024447269495989746,-0.07965895164476035,0.0005414049650880059,-0.07382258551850991,0.0005329273886290054,0.862483077065858,0.011337018968945067
96,200,496,False,True,0.1300547852101122,0.09208432404322658,0.0616374506572302,0.09209886370950197,0.10670979091295112,0.06983876257123639,0.028625345928206057,-0.010658334867394804,0.06764783275831832,0.09580211975970712,0.06763948662779967,0.7653621350016496,0.1040480355539779
97,200,497,False,True,0.0877808059127573,0.06615890210555211,0.014287464312133204,0.06616584921891641,0.09213193097625628,0.06431337855696151,0.01801837066725459,-0.021763415372542696,0.045728396036834054,0.013840341667100851,0.045714699948475115,0.7082821600007929,0.05967225935751164
98,200,498,False,True,0.013611200106813779,0.05663433276973919,0.002398585176113584,0.0566285550985148,0.07186984115678625,0.05189967983118745,0.006327286880486617,-0.05946604347897113,0.01798527131692879,-0.03805653187339193,0.01797876097811603,0.8211318632974403,0.03397076105988417
99,200,499,False,True,0.030638126905466044,0.05914250155884188,0.007096094508191553,0.059146535731258776,0.06743650954543343,0.05928234796536972,0.021896787331337108,-0.04000535905035135,0.013079812729218859,-0.01941227220850467,0.013067927922452257,0.8397339583169326,0.01950648146246714
100,400,450,False,True,0.019969903213671522,0.06527551038761298,0.00332666530289236,0.06527428895314726,0.07408408546234942,0.055846542620589704,0.0037301330098612195,-0.026942670850135925,0.027534569349440544,-0.016521398583930428,0.027521681823311186,0.7877511818362842,0.04343440464698922
101,400,451,False,True,0.01814332274013873,0.0554525501942124,0.0020204655034655296,0.05545297039087884,0.08234098595450552,0.05865288192740487,0.017214166082319855,-0.05080186337113769,0.012676834747726176,-0.036099594663587864,0.012677639086294618,0.8956660191781363,0.017885626092946916
102,400,452,False,True,0.03254772539451507,0.07027164459201686,0.019552000081560758,0.07027626677263303,0.06458763659782629,0.05030566015169471,0.021446086710775476,-0.03578100936249272,0.06267988402792156,-0.026084816218723227,0.06266797639193109,0.8837101151467696,0.0859676048783729
103,400,453,False,True,0.0107842435604295,0.060232403020097476,0.007432672384209316,0.06022657478856231,0.06378396750424277,0.0518048387430289,0.00843332608402217,-0.03185051461906005,0.04690120683837563,-0.02607189422298061,0.04688888559744669,0.9606535539478602,0.06024171138454271
104,400,454,False,True,0.03718187719412035,0.060793001015035826,0.003860674771549636,0.06078784018415026,0.08545645082078647,0.061225653500921746,0.0167145330134544,-0.040525966085814366,0.018923531475645346,-0.016733736553852276,0.018915748067321304,0.7755343922246469,0.02630497766781864
105,400,455,False,True,0.005428992007934675,0.0585901522587863,0.0026733001770075336,0.05858965098076099,0.09619927522471261,0.06211859737796941,0.01786638706323936,-0.013660508072540174,0.04334923204578374,-0.0040709388227925985,0.04334032801458193,1.010870365934978,0.05289068681042064
106,400,456,False,True,0.02134182674546107,0.057224306287857865,0.002687389822902192,0.057227987464142024,0.06924000138500369,0.04890048038027798,0.002518217096477436,-0.02679510012204665,0.04277763425816083,-0.014099886763854725,0.04276296035725835,0.7462985436315855,0.05833491290146303
107,400,457,False,True,0.0586922283698223,0.07523476138358343,0.013739363165153904,0.07523771817471925,0.08440134142548292,0.0630825541494608,0.019652759559763876,-0.007304385534699649,0.029774628322457062,0.021420548559582562,0.029763928094822062,0.729214734870747,0.04392094139302999
108,400,458,False,True,0.03525295727643036,0.06580611834875219,0.05372236503057798,0.06580330007743376,0.07317143489298115,0.053611914216678776,0.004975652548753504,-0.0057697436427534285,0.05938788046746822,0.07033412914478655,0.05937524954351062,0.8470404019381674,0.07446292869701526
109,400,459,False,True,0.05108396151320924,0.06335319160766924,0.003544616212510805,0.06335778294812239,0.0717092002971464,0.052343417633251496,0.014414917582508758,-0.025297740819370588,0.0735671774860294,0.014969481962439248,0.07355486839934393,0.8866753154085516,0.08730239837017423
110,400,460,False,True,0.08656805353159433,0.06650288370158744,0.005392587217204318,0.06649440401427727,0.08474940145859972,0.06172280855730473,0.00981980241780581,-0.027248717286985445,0.046922632708403356,0.022358342446486254,0.046916825636049424,0.8347741058638084,0.05932526537673516
111,400,461,False,True,0.008888945958572501,0.05086702879724862,0.005780908131250735,0.050869578631990216,0.07641186477672321,0.044908112179402736,0.006516036583833712,-0.03798588972109466,0.030857054987502793,-0.03232250015664702,0.03084382242032298,0.6770136301930281,0.047302601085110474
112,400,462,False,True,0.030060570312981486,0.057396400732417335,0.005645112136913584,0.05739509686439766,0.0877198661012719,0.05997138163697822,0.009265032969426937,-0.05304500488629201,0.013718205273774303,-0.031773465613830265,0.013716927772918481,0.9239193180697102,0.0194144105868459
113,400,463,False,True,0.02268289165769369,0.06290817034630397,0.006578559194199812,0.06290258075686352,0.07946071961265815,0.05162306696074783,0.010721873893412228,-0.03384643940988233,0.054543802605916125,-0.01963873603352127,0.05453303636731008,0.87288583669782,0.07400635331940192
114,400,464,False,True,0.0631567461045666,0.05933080735246162,0.0102163293878219,0.059332947236195324,0.08102581835970138,0.05310706681997039,0.018942483728526634,-0.07598610358717992,0.03701307321109915,-0.04500560445264233,0.037000725710108644,0.8673882303930717,0.05711310733444863
115,400,465,False,True,0.003994625894480597,0.04816254034917119,0.0016140958055696152,0.04816102728518633,0.07398893924423633,0.05134558794337637,0.003442823592920985,-0.04427498666991773,0.02012600471717647,-0.040933820328360716,0.02011740199208006,0.9243351305718985,0.0287029806427459
116,400,466,False,True,0.01670099048011918,0.05686633154827959,0.003583425022917098,0.05686445712697243,0.08892664859707483,0.06044408945973446,0.008192499202141244,-0.03743406992777984,0.02284698703346429,-0.022414005269509606,0.022850073846121647,0.8516678614010624,0.02935416677014363
117,400,467,False,True,0.01883665396130701,0.05534696195260178,0.0012845964828508518,0.05534732360463593,0.07719010678442785,0.0566210782622622,0.018962432047350805,-0.06767394441074549,0.004536252534740726,-0.051031696917188486,0.004523695913195596,0.8209268886647376,0.011983034306085494
118,400,468,False,True,0.011319307994870962,0.06254187185614933,0.0025627847452160024,0.06254593239998402,0.08279398434531403,0.054755854660670004,0.010141991681245499,0.0024092867735315336,0.052978644814418704,0.009872105156127749,0.052965343134108736,0.7344927076325796,0.07218627686257534
119,400,469,False,True,0.016797469132211286,0.06743218552384711,0.004572719039673396,0.06743249414910064,0.05902934260281898,0.05153658396446018,0.013950285191925241,0.004818853155552781,0.06225439452539206,0.016706350931072835,0.06224626012848944,0.8485961470474155,0.07933582992030236
120,400,470,False,True,0.024052383583812516,0.05687032136739056,0.0016575785673283833,0.056871030563435544,0.07329183338489184,0.0568177559034081,0.0031347586286853716,-0.027449496750896484,0.03824486074875687,-0.009364194503051851,0.03823411624811165,0.9429745294984762,0.04457556242264504
121,400,471,False,True,0.0326204003993936,0.05477771851878866,0.001448075566776258,0.05479469520737907,0.07992724920816464,0.05536348681257701,0.014730777367719189,-0.03196840168542923,0.03170923055478205,-0.012947580229316222,0.031697885530479725,0.807969800169428,0.04060074328413621
122,400,472,False,True,0.0024683830380152786,0.06681144799758805,0.0027803060908127993,0.06680320542031926,0.07484992115605743,0.055065273341867095,0.009835313041778487,0.016096617631228015,0.06373505788271906,0.019257214312694088,0.06372721573052821,0.8381091778905901,0.0818535895096737
123,400,473,False,True,0.014071941168432656,0.06625287891219829,0.0031429551599899282,0.06624921048292179,0.07703866427172663,0.05854451648656714,0.007948921214332308,0.005463665976890888,0.04178623053186719,0.013877243339228853,0.041773633846081994,0.8315306197362718,0.05385781925167066
124,400,474,False,True,0.08092411521474735,0.07195403306546147,0.016638332109475514,0.07195793213011,0.08444712568212065,0.06551210708360947,0.029914265015308146,-0.008082176667997428,0.038278690439925926,0.024899229602067197,0.03827418555382195,0.7648130015516534,0.04880032100695186
125,400,475,False,True,0.010573416603011533,0.06616736184769502,0.008411756007932309,0.06615720965758042,0.08601745339046946,0.05216641820461678,0.01809824857681281,-0.02018010101428601,0.055940799138657765,-0.01109096085765235,0.05593499912253833,0.8831991332454132,0.08101321207211676
126,400,476,False,True,0.014429358222699827,0.061960027023266084,0.008846103989205498,0.06195972721100647,0.09297831996270453,0.0666313942882276,0.011962624548154237,-0.02060042300283568,0.019336095987335326,-0.013131952574927701,0.019331737563768457,0.8212727379499302,0.024524690245552594
127,400,477,False,True,0.009191585128441529,0.0564889632317462,0.002857608716548949,0.05648847704009194,0.08281800448014956,0.054906379271908806,0.013939178575328715,-0.013828594893867266,0.052339513441358176,-0.0014602683801591954,0.05232544873382558,0.889532062575936,0.06803843831501866
128,400,478,False,True,0.02664706790631829,0.05816457821218795,0.005769246116581684,0.0581637486991199,0.07013102500325612,0.05776117656765897,0.006941467088968101,-0.06134573800501439,-0.0037756477641852373,-0.04275427205807336,-0.003786952338037537,0.7685129207958348,0.003205123284459377
129,400,479,False,True,0.04799274403435077,0.08319196453616923,0.0039294371126783285,0.08318641376085376,0.07828577441757155,0.05638659743042701,0.008006860154090837,0.018747755288295233,0.06737350352790955,0.0340865992554365,0.06736847064434756,0.7502626421801232,0.09480055871667559
130,400,480,False,True,0.055115376593217386,0.06359336432107542,0.012642280937358509,0.06359749500714255,0.08428557572287586,0.06397906008699078,0.014576125819694228,-0.000882922356310416,0.03760618025927471,0.019956050971916217,0.037601995172784654,0.8044370040863177,0.04312576518479777
131,400,481,False,True,0.017247723884774576,0.0585412098013708,0.0012961488732945142,0.05853933610347699,0.07861167025477034,0.05809889840900678,0.0032546104308597916,-0.038911347391930015,0.026187994317340327,-0.022130719090578066,0.026180411193210348,0.815994241999619,0.034488072490355015
132,400,482,False,True,0.020562997920431966,0.05783783071181099,0.0015467540051603966,0.05784027478590605,0.08045601099598454,0.05794195150912552,0.0037705615028708036,-0.03226836635677836,0.030787253541273145,-0.013114064898040567,0.030774512397477097,0.8380953928878284,0.04049537707617712
133,400,483,False,True,0.06455175198627174,0.09128945855750922,0.013426870602095669,0.09126914937779874,0.08719542377681275,0.06788019474295445,0.017578883053367488,0.04243719391911154,0.08115069067069143,0.05830197689633341,0.08114241345823238,0.8701935505199465,0.10438157170367557
134,400,484,False,True,0.06538779981341869,0.07927025896792898,0.0016751282378881884,0.07923949261545302,0.07112890795305518,0.05361530933831998,0.006162323511995001,-0.02295709945588697,0.04256306063195026,0.014521645732446438,0.042554165666176334,0.7810900350533138,0.06786667223184006
135,400,485,False,True,0.06802690914359033,0.07119609183365395,0.002504325337562511,0.07118100169207722,0.07937093889749443,0.05600670691914138,0.008616920073168723,-0.024861818670599858,0.04797157327548078,0.016078438928720035,0.047965462335759955,0.768654521864285,0.06717471885817189
136,400,486,False,True,0.018889298927516774,0.07290609165269418,0.008953315953382154,0.07290761338411307,0.06729925583191833,0.05094367746348346,0.012347141573643626,-0.030706088406699503,0.04965249917512679,-0.014487245086798738,0.04964164805103394,0.7948808185861145,0.0738446459673649
137,400,487,False,True,0.06795170344049076,0.09107957649180683,0.009368183091813038,0.09107590855439683,0.07406465637181127,0.057314303019768614,0.01324612022788721,0.02402369761589973,0.0843376284236566,0.044785347954685036,0.08433611605401808,0.8730971446630934,0.11307385816728288
138,400,488,False,True,0.05731410173965516,0.07393931536227619,0.015520205565423379,0.07393284671510435,0.08090331314625487,0.059311284973969876,0.009285668252255817,-0.0018571143156082103,0.056253954322766905,0.01703386977940483,0.05624707497353086,0.7728904290705362,0.07857377403648602
139,400,489,False,True,0.039978769133092576,0.05374672700411663,0.006222757372161667,0.053747394416294336,0.0913481384510651,0.05591479394083867,0.016239260885793815,-0.06575065334312327,0.03023390969601593,-0.026417986875785403,0.030219491954030887,0.7978360329723011,0.04152658232852474
140,400,490,False,True,0.08775463470065013,0.06717114652039345,0.01039664992878495,0.06716338847560832,0.0750248396375959,0.060820855361183035,0.011366848086077377,-0.00977477032939617,0.05361322359041914,0.030219273406836215,0.05360096651304765,0.8819687857375706,0.06404321761365794
141,400,491,False,True,0.009597351229128782,0.05304722440240505,0.0003913513599305732,0.05304242883855328,0.06892654548901972,0.052157818470227824,0.0014124389591563978,-0.04156818387328804,0.017566836897078206,-0.030548434939190666,0.017559121225863308,0.7801710288549836,0.02611890860920346
142,400,492,False,True,0.06773213103567953,0.0855813753939654,0.015996068540506808,0.08556071467603761,0.09463249437409998,0.06721031018102255,0.01768325085089987,0.01417379783193587,0.06390840673110745,0.04124216825312419,0.0638975505239344,0.7921356597837224,0.08031228920923827
143,400,493,False,True,0.0528482013538874,0.06296256056221239,0.0038042203097514373,0.06296094117657405,0.08221659346238892,0.056528993759945904,0.00880731705811195,-0.012725363052520757,0.05237428819513695,0.01988997390547154,0.05236200918947695,0.8283005018987711,0.06905592272131711
144,400,494,False,True,0.015602639378624286,0.060093087393328144,0.00497948399919117,0.06009877625953051,0.08651918982653006,0.06202106254803572,0.00692578572081366,-0.017040776556511233,0.024135728907262007,-0.0068584452624830365,0.02412588192522328,0.7526626453285503,0.03448637130665866
145,400,495,False,True,0.0008384479291049587,0.05079111271844925,0.0004289202167105949,0.0507905438575474,0.07632754024240505,0.05423808842967632,0.0020597653534805017,-0.0543080477083964,0.0061821885749179725,-0.054065185442368095,0.006170078508227022,0.7936591527292203,0.013412729512437382
146,400,496,False,True,0.03833675712131783,0.0625779802237636,0.002948046237397594,0.06258868526793113,0.07719274705040774,0.05197468097640157,0.003841105787359455,-0.024900499543411857,0.05737810755711365,0.0032298436913529983,0.057365408359707146,0.8937215154379708,0.07668625066767892
147,400,497,False,True,0.02653306865488947,0.0556669553272068,0.0025586608839465287,0.05566405311052055,0.07363347166537136,0.05414617430999476,0.0032680264888534085,-0.06429500310681037,0.02555253273599405,-0.035937345389111267,0.025545585669036655,0.9097324161594708,0.03620924105803469
148,400,498,False,True,0.032309113254969726,0.070834877632138,0.002399408616145444,0.0708041655878911,0.07311967184811002,0.052079255596879835,0.017015783140873687,-0.00576241362267657,0.04693069913147341,0.010823673912416546,0.04692207105394651,0.7754035599480428,0.06829772055187627
149,400,499,False,True,0.008239206014449482,0.05659317738484861,0.0007497028901111701,0.056587135866401045,0.0730961280343461,0.05520312665255122,0.002722727934364199,-0.025448332390433565,0.028724885274248352,-0.017656966552857388,0.028718702869358168,0.9032621210678351,0.03700395910795129
150,800,450,False,True,0.005949620742496224,0.05847295977802977,0.002595261413221691,0.05845534632992321,0.08360623232638513,0.057538908661621424,0.003418086176239392,-0.016052814878546165,0.02907745935952697,-0.009519223189986626,0.029068948439131787,0.7790784877553216,0.03961447287412895
151,800,451,False,True,0.06248406649923808,0.0624804171673642,0.00561067088035555,0.062479834603727705,0.08984924927535182,0.06474570331531479,0.007893513117358718,0.03702344081300689,0.03702972743310418,0.0053013495027997,0.037030425679035944,0.9902243191704585,0.04329654442193237
152,800,452,False,True,0.041141008125455285,0.06245742594851317,0.0015441326960355817,0.062450363284559884,0.08285584550589963,0.05789789316271414,0.00845727824361734,0.0010775397270205412,0.0645348012402382,0.019280481099396396,0.06452895411878642,0.9696976378837183,0.07603909633337308
153,800,453,False,True,0.002243176168411752,0.05802956867557305,0.001365068259466833,0.058023055703876586,0.07252526539086344,0.05279368040992623,0.0018016937125201436,-0.002649375997728938,0.050072864502971014,9.18903765141621e-05,0.0500650118911048,0.8479149009240788,0.06198084707810475
154,800,454,False,True,0.017521262281179995,0.07105372951337406,0.004350212658267277,0.07105089203592722,0.07049526584982665,0.052256669969586576,0.005122927442963098,-0.014209904828107031,0.04725993392460545,-0.007792384679443927,0.04724786829976523,0.7878213305922944,0.06841163763236752
155,800,455,False,True,0.034180982591087185,0.06411522804777345,0.003812213578703707,0.0641073181513646,0.07869425169594256,0.05829529478917081,0.002562677087258362,-0.02751959446802894,0.047184144967807956,-0.01145213408635446,0.04717892461765161,0.9558410145334563,0.05773339756836471
156,800,456,False,True,0.05264158469978822,0.06157789803722417,0.004830418703503565,0.06157384677508448,0.07546389967017467,0.056752740137656375,0.013800976178630225,-0.0028057472993728637,0.050986084128536224,0.017780539811898612,0.050977902367645454,0.9042998913412725,0.05946276290665514
157,800,457,False,True,0.024024791218290677,0.06686930548307055,0.0013760843855482963,0.0668553186754083,0.07637179310170387,0.058492150726921786,0.003217537706855146,-0.015480890452190832,0.045670038608102884,-0.0018712325834127947,0.04566392577419258,0.901337432232946,0.05727577079237167
158,800,458,False,True,0.007725470990156461,0.06478018898174247,0.0014462257947779403,0.06476818421090991,0.07402301367667392,0.051115908896857014,0.0027721201227335927,0.004126585427158507,0.052979213470309004,0.009391341487065101,0.0529732608551511,0.8800996028500262,0.07038086681132222
159,800,459,False,True,0.00791894413112631,0.06013617457034002,0.004651522489067538,0.06013365708340178,0.07983023782301661,0.060143916348349945,0.004823649643864487,0.003024665963497491,0.03586033285283165,0.005600526615585275,0.03585686056899889,0.8382433866398676,0.04193855454338191
160,800,460,False,True,0.0039154896595626,0.05619118183767393,0.004021250745944571,0.05619339987564454,0.08204756286827708,0.058697854132312245,0.003979243006614187,-0.01198337430318089,0.028929881122691157,-0.008476332293134697,0.02892340555312103,0.8717727346741395,0.03360334501251566
161,800,461,False,True,0.017259525121330797,0.06301188764717018,0.003638865715998468,0.0630100560177582,0.08892851755803033,0.062317803478549774,0.012479768916409156,-0.0015700102044730836,0.04494635987809758,0.013497516659735696,0.04493369300053082,0.8618637105458887,0.05564582144998831
162,800,462,False,True,0.015035569645068145,0.05992383257350142,0.0030039941087106033,0.05992545791157492,0.07200060744884632,0.056167953944529364,0.004924377475998648,-0.017122424670495257,0.027486313371742455,-0.003953445004361842,0.027474485471958517,0.8437568241374881,0.035762779502735986
163,800,463,False,True,0.0039424378607270045,0.05702812873833331,0.002597525277804669,0.05702928471201176,0.07516940197325868,0.05470616397469844,0.0030873079260476852,-0.034292134446717915,0.034883473462552814,-0.02884724636740586,0.03487461149380998,0.9312443066875938,0.04497555406645287
164,800,464,False,True,0.008990589749051085,0.05653114716978152,0.00447117368938113,0.056530799545403194,0.07727336855211207,0.05823105184307395,0.008713567623660434,-0.02059440018239732,0.017475340453506547,-0.015044279367633662,0.017473016918496145,0.8816689170469921,0.02161124368093814
165,800,465,False,True,0.016316091894309027,0.05956907258427205,0.002903069725671714,0.05957087110083183,0.07038935267570025,0.058841586665814044,0.004092232771195423,-0.026963325933902868,0.02593931529772277,-0.011790370159266109,0.025927111408844822,0.8914895572479137,0.030205991227859053
166,800,466,False,True,0.013358054607197512,0.0571429125808539,0.0014180813490778624,0.05714009618654806,0.07480453565597861,0.052926519069301,0.003026352772196035,-0.026480712795459726,0.035132755927853906,-0.016766162826922688,0.03512113925866266,0.9152031514249134,0.04552118461507565
167,800,467,False,True,0.0023340418254784766,0.06010146120603617,0.000983464619415877,0.06010280842880028,0.07391026519122312,0.052102965236430876,0.003762847173876399,0.0028531617211538384,0.05144134919451254,0.004815705822329394,0.05143017243228556,0.8930501536631817,0.06597173187919808
168,800,468,False,True,0.03742796635367098,0.07128504561019829,0.004702745325686629,0.0712745800054401,0.06836721985271502,0.05317909475527493,0.0057374438943113846,0.010207240684880074,0.07137579945509863,0.023944214043965847,0.07136287167844764,0.9178883188146111,0.09077978168200529
169,800,469,False,True,0.020038168898620513,0.055232948305586164,0.0017441344951216213,0.05523243520001052,0.07748072354585703,0.0562787746561783,0.014443576262918137,-0.02364362487993472,0.03494301100205931,-0.008176337490606051,0.034933788570372,0.9585703334671081,0.04081671834222672
170,800,470,False,True,0.008617824222930434,0.06222294972705215,0.0012515673265520227,0.062219636792608196,0.07595024741349186,0.053807408611907394,0.0022327839615094635,-0.008760748745938155,0.03914409649050242,0.0003047827445478246,0.039130400159771456,0.8516475595520854,0.05298407432706764
171,800,471,False,True,0.015698057000933463,0.06543293601082942,0.055491941728137484,0.06542846434598748,0.0745601188909569,0.05609755400118578,0.0045822996582708326,-0.005138516017121624,0.04238897210159664,0.05296876778365766,0.042380424363688295,0.8613151895796451,0.05556883956354902
172,800,472,False,True,0.008000263894068119,0.05684734260247331,0.0016115752835816363,0.05684370507540664,0.07443111828239168,0.05337682532395174,0.00222996349781182,-0.01618113433980502,0.04897932112790954,-0.00526867479826706,0.04897296769034213,0.9886604831260309,0.059843899999009964
173,800,473,False,True,0.0037150052798931503,0.05842391983121071,0.0008377292012234935,0.05842112176902073,0.08054791732107343,0.058340464657089246,0.014781333999132864,-0.02992443015179559,0.019509326167694283,-0.027201986238983462,0.01949982585592636,0.8603120676916066,0.027633967083702637
174,800,474,False,True,0.010246348340355678,0.06482467778942674,0.0037815441939747087,0.06482272675070436,0.07305190328033802,0.051806294231835553,0.012554195431859086,-0.006108721200155783,0.05270647088528236,0.0010018097357012267,0.0526946811051274,0.8021999400568174,0.0704958137840867
175,800,475,False,True,0.015934596688337375,0.06585889783910717,0.005318575554374334,0.06584951594131418,0.06960338022893571,0.051888754806664564,0.005537315938482222,-0.009696314197221936,0.05870577372226365,-0.0010256889817857706,0.058699056057373016,0.908951272098592,0.0741111311286427
176,800,476,False,True,0.000539633319968538,0.058134580003220915,0.001220026342799094,0.0581390919579198,0.06829067141812165,0.052030751490786425,0.011464191824797734,0.0004902151438174829,0.04273415082233996,0.0014618852642042791,0.04272066669157241,0.8862375464312835,0.05301944034240447
177,800,477,False,True,0.008096972686739607,0.06348434343500212,0.0015130113738128562,0.06346751183948357,0.07152386625307004,0.0552283503715884,0.0027082345531480416,-0.008819575650187898,0.03385103929702787,-0.005149262400570654,0.033840068525507264,0.8561769484139597,0.04624168783808491
178,800,478,False,True,0.0043156179176264955,0.060002454697042074,0.0015178568690952104,0.0600081257402824,0.088339453141001,0.06081268333077479,0.001924085760956274,-0.02195996791364632,0.028654675499380746,-0.01713726560626209,0.028641297326749252,0.8803910266070293,0.03780827642905754
179,800,479,False,True,0.0033792356324432453,0.05454053180782207,0.001368116529325594,0.05453151545642932,0.08127792944492006,0.05529996062141827,0.0017825510567477665,-0.013855403214962874,0.04669990902902157,-0.007883889528271801,0.04669216288560783,0.9842601055396218,0.055503034021486486
180,800,480,False,True,0.010237965672419436,0.055621973853337406,0.0006136458619306242,0.05563296293289136,0.07739940024268178,0.05555459585681936,0.006081344795900898,-0.03106668456371603,0.028102734162605784,-0.01830028341380455,0.028091092946943518,0.8453151525638622,0.03478778490558454
181,800,481,False,True,0.0027985019461378856,0.054920903556964745,0.002390887384141342,0.054917462849760554,0.08755407621695621,0.05735731882069864,0.0024915994128126345,-0.01705876385284494,0.03331327834971276,-0.0157262814245493,0.033306446338144724,0.8532817346283038,0.041634633023150236
182,800,482,False,True,0.009938382002654287,0.05593283729188157,0.002221577188274354,0.05593376851681111,0.08195548128657715,0.05909178470005865,0.0034693837208688164,-0.04682442296420579,0.008772463748732164,-0.03728893251608855,0.008767727599515638,0.8738099350107927,0.01240194107349174
183,800,483,False,True,0.003797879844378735,0.05708274408186194,0.0018986462700897897,0.05708203969540542,0.08224849164733752,0.057597771158305965,0.0024584161385673826,-0.0153123066551802,0.03354574923527366,-0.011052351310878792,0.033534783460924235,0.8310405303320431,0.04239637105472138
184,800,484,False,True,0.0141264800380319,0.061574598028701785,0.0033408220841452956,0.061575598132398726,0.08672207973167063,0.06104554337700449,0.005596814123180906,0.005474411405136828,0.05414390032130314,0.007882845812955256,0.0541351239780321,0.9278971900525517,0.06487027792647065
185,800,485,False,True,0.0015645536369511917,0.06176689685981176,0.0017559385131239059,0.061759012539271955,0.08301232894189395,0.054537244018814726,0.0019432097060164103,-0.005440038484038547,0.04848631361307646,-0.00454968898004703,0.04847981990397699,0.9085837858928738,0.06451880195292264
186,800,486,False,True,0.02090660432448785,0.05811340870950977,0.0014579154324578882,0.05810816018368009,0.06976039676957119,0.05158722334828156,0.002808783154519393,-0.005897508245405317,0.052592842071270525,0.004216863255584735,0.05258689648650219,0.8413930370288611,0.06370230891017575
187,800,487,False,True,0.014136840478298811,0.06216758237293302,0.0017121848101146664,0.062139778849070716,0.07865493207482242,0.05705780656026632,0.0038630138984542747,0.011380025491519287,0.050953949495719186,0.017745048130092995,0.050942237358241514,0.9292085421204895,0.061849421987730135
188,800,488,False,True,0.0421406772718775,0.0717041437734136,0.0013860959896397288,0.07169881779486667,0.07739270996749908,0.05472800331563044,0.007931666336549941,0.010023709588309804,0.05152402830774271,0.027342828823360716,0.051514568824398026,0.7824659902546514,0.07134335877976355
189,800,489,False,True,0.02294832105239765,0.0636508557141577,0.0024461766404912768,0.06365331258022876,0.07381715460722454,0.055383952068814975,0.009685649640827545,-0.011166622064686372,0.05665164100106296,0.005816236240850064,0.0566394897152415,0.8947388258192217,0.06755303423106057
190,800,490,False,True,0.024806691094325654,0.06444973977597684,0.0018668570931079963,0.06449386902860145,0.07424686098070982,0.054293767345462714,0.004100316742758611,-0.0014421016897824873,0.04433505128083134,0.011817662681914115,0.04432292355975257,0.7914913067186707,0.05730203228423131
191,800,491,False,True,0.023958795778619698,0.07358067614390816,0.0037870789737041066,0.07358191062837666,0.06714710933129717,0.05450925826078972,0.0039935321082784775,0.006560295812298723,0.05481666063271831,0.015475313593999524,0.054813325953424794,0.8835457023189849,0.07166561140796612
192,800,492,False,True,0.062243612293594076,0.06222878151214514,0.0016653469470919674,0.06221866801959917,0.07871918314427545,0.05867457151381223,0.004802986554945962,0.034516412578258396,0.034529373545841506,-0.01100891774601979,0.03452508254485764,0.9074092621720957,0.0440726566193792
193,800,493,False,True,0.015635235357674134,0.06765188345427252,0.0033682565954648237,0.06764953598335605,0.08253405788082446,0.05564405600565338,0.007388446130297041,0.005027010420745753,0.06182726030251118,0.014819283925629293,0.061814533808947233,0.8513599663530914,0.08191316289582157
194,800,494,False,True,0.016650912399484862,0.05741921591618197,0.0012124796878759424,0.05741395723846017,0.07120730773908336,0.054040206226014034,0.005375222582176949,-0.030698301563616043,0.022999395484684017,-0.019760478865899597,0.022992191072127924,0.8396204007147545,0.03139073595477282
195,800,495,False,True,0.003593593447531369,0.060249879638476195,0.001493755675215133,0.06024425024635385,0.07319171783438531,0.054225140681588284,0.00455957042463406,0.0010426945852707807,0.04225931918270497,0.0018897173120463711,0.042250523844508836,0.8654758247361508,0.052300722683339906
196,800,496,False,True,0.03471317094886711,0.063477407528292,0.0028629365675921915,0.0634721184775335,0.0786152314193788,0.055209536067647,0.02878209268662025,0.0037398382828833254,0.06128751880789785,0.018665742344718992,0.061279822110020206,0.9182125579097928,0.07548039381794575
197,800,497,False,True,0.016721524859078997,0.060328190372249395,0.002343489468553899,0.060311885316697046,0.07957582817890503,0.05719235003475174,0.0024230171407950253,-0.020131351590165263,0.029847375407990456,-0.00964102145909874,0.02983987014607003,0.7713640937048132,0.03903958816539166
198,800,498,False,True,0.00897952486638839,0.062100343773617214,0.002922948485033666,0.06210272063998229,0.06924456395450797,0.056736963752271406,0.004743687708961096,-0.008353822698604163,0.039086169390182446,-0.00033706894585023575,0.0390724081654939,0.8911870592372882,0.04780483518558554
199,800,499,False,True,0.031214465330346632,0.06604238945721223,0.0532105810236546,0.0660370065864443,0.07597233053300018,0.05431835093647755,0.0026575487656605697,-0.009236793178678697,0.04674746903568753,0.059377904763676395,0.04673575442669247,0.8460446189958708,0.06226548858412906
200,1600,450,False,True,0.0005622650304055966,0.059277707594307325,0.001133785273155534,0.05927520154881403,0.08091085453273504,0.0578734998721135,0.0010368142446065555,-0.015286364283658047,0.03472901462396038,-0.014145447323270397,0.034718243704459514,0.9348514752078014,0.043290960960455316
201,1600,451,False,True,0.001064327263304061,0.06000953518775019,0.001434618995747463,0.060008199079850943,0.07808528627825256,0.05406241782993864,0.0012621585356918969,0.0018099832252453896,0.0527128878688832,0.0047796097268881,0.05270134170029515,0.9365305233413198,0.06597319384525796
202,1600,452,False,True,0.0033247290043049438,0.0585060007353826,0.0016264837509165503,0.058505832797131944,0.08304623662247033,0.05863432188271728,0.001017654533294885,-0.005572261007259603,0.043366617116550044,-0.0018576482685835978,0.04335661349050923,0.9773109959797938,0.05123835339332422
203,1600,453,False,True,0.0202359657541999,0.06538012640154227,0.00451245446405903,0.06538047936458942,0.08877712647174021,0.061432069603938225,0.017017031731096692,0.005562026037635722,0.045631413439917806,0.013911349831838527,0.045619019068388486,0.8436937916226773,0.05777592968112644
204,1600,454,False,True,0.008940255888023564,0.06048173799141856,0.00030617415964455386,0.06048006662900478,0.07517616686944333,0.05602727408004068,0.0012737767329073597,-0.0158046896130646,0.03314344762734109,-0.009693856889240774,0.03313135881759379,0.8369122608591004,0.04305612378379614
205,1600,455,False,True,0.0034738105580538925,0.05718732727802993,0.0012750870835017227,0.057184101998457484,0.07892542387725054,0.054210025992540746,0.0012326701499372726,-0.012329596313650625,0.043031341022253006,-0.00658122509649181,0.04302177770185374,0.8874303574635083,0.053214909106169106
206,1600,456,False,True,0.002111137161130267,0.056417169771115064,0.0011230180566821958,0.056415616297928566,0.07228459141330525,0.05367319104347353,0.0015062177390226578,-0.018036346142427967,0.03357194173151491,-0.01572650887441787,0.033560485814457336,0.8743076751694623,0.04238349174588174
207,1600,457,False,True,0.004082715642823159,0.061667126156418055,0.003367425531805947,0.06166262650247752,0.06872826686042326,0.052924744673620835,0.0030585848079361854,-0.00504688892594936,0.053550515383128355,-0.003456824044059354,0.053543705462095734,0.9213970887805094,0.06561508664270105
208,1600,458,False,True,0.005109986551621124,0.05602569802865126,0.0012717860999938346,0.05602314159924782,0.07372593601492253,0.05542446544713012,0.0027547964152235555,-0.018773883649762523,0.035290162425555355,-0.011385937809791927,0.035283992925419415,0.9022281280225012,0.04033059841958714
209,1600,459,False,True,0.01086429983143116,0.06043239692364038,0.0010869135404748356,0.0604350232204543,0.08000911346974812,0.05832501296730185,0.0021672217671782823,-0.013032125806917188,0.03665436353005546,-0.008784807532425947,0.03664107985138365,0.8820079689702286,0.04504793783294986
210,1600,460,False,True,0.004708715741805398,0.0606808163783439,0.056644032860808116,0.0606781531283485,0.06573162220940777,0.05453661337616412,0.0034907129476568106,-0.011072565530669955,0.045127116375924814,0.05236529998400598,0.04512149061410419,0.9543939771206663,0.054369259362261946
211,1600,461,False,True,0.003911293449400409,0.0639774508961385,0.0016487265482596392,0.06396282206293413,0.07199271637036847,0.05428206196152621,0.002215673216837092,-0.0069546557229002185,0.044225436000038414,-0.005233832387321818,0.044220919587841793,0.8971756807963877,0.05792335787930192
212,1600,462,False,True,0.0025309069226351305,0.060400685734827764,0.0017050250253120292,0.06039982336270651,0.07516675482587146,0.05356191079917053,0.0022281780475542925,-0.0005478190849965864,0.05821730910004362,0.00503322128054883,0.05820931465839543,0.9848378913444468,0.07098235060561997
213,1600,463,False,True,0.001063706941740824,0.05993493442965022,0.0012037322949127501,0.05992710070840425,0.08008259820721196,0.05625057790103028,0.0018443009293860901,0.003158277746847944,0.04603022225686793,0.0033820643524464745,0.04601954595705592,0.9138545675468498,0.05604282404291128
214,1600,464,False,True,0.009443031422204208,0.0626753355727706,0.001409267318695286,0.0626869149590632,0.08157169790508634,0.05650339998979974,0.0019625755391576897,-0.0036321346357348354,0.05016538353335179,0.0009112242108347485,0.0501526485112624,0.903248332853775,0.06284650520714397
215,1600,465,False,True,0.023647534326103933,0.05778662807195623,0.0015488390211057614,0.05780118457889028,0.07968679126226114,0.05416360313975836,0.0025259241572397713,-0.006181379650671531,0.057361576442221535,0.010968456538785743,0.05734912783029181,0.9601785593834969,0.06873870880503957
216,1600,466,False,True,0.003070175542846697,0.0615309874478214,0.002005643927746491,0.06152717393377812,0.07101507472537315,0.054173432592104005,0.012591508953634076,-0.00572262545912962,0.051130728720240055,-0.004635224891787247,0.051117911241758095,0.983363098741361,0.0621442258084694
217,1600,467,False,True,0.0203834441587204,0.06502591999223518,0.00193099774660271,0.06502430442061621,0.07277587109492338,0.05505997272804145,0.0030044052797954046,-0.0025474791380401154,0.05735473288296703,0.008271858037229672,0.057343336456596956,0.8975749340286034,0.0711038660955498
218,1600,468,False,True,0.0005653436829419404,0.057719592785427085,0.00013179882313529723,0.05771657713819258,0.07266390601905443,0.054542518746987574,0.0009463748547669283,-0.014855470703724949,0.035293242472055085,-0.014546928876909568,0.035282903328413086,0.918695440421971,0.043666620855945915
219,1600,469,False,True,0.01597829255221771,0.06792312364263196,0.0038754981178987123,0.06792231420869527,0.09093237115360508,0.06194687906162338,0.029919823397772622,0.011322169899783123,0.05793354846241421,0.019592474809266226,0.057920319689165466,0.8792601449590528,0.07306131622901674
220,1600,470,False,True,0.026234010348473214,0.06677645552622806,0.0014465547618243005,0.06676717867905813,0.08264557146051021,0.05649718940659423,0.0025350823906919824,0.0017236962638531455,0.06095874935826324,0.01653354246550511,0.06094592233319624,0.9281256871891156,0.07684243667918739
221,1600,471,False,True,0.027253807201581264,0.07052453213907875,0.0017423938492071734,0.07051327855167973,0.07662701470853384,0.05688040899532146,0.0020736348978257512,0.019051730065041506,0.060189728199703016,0.027366360651365076,0.060185274096907056,0.8805388683753472,0.07661536872270497
222,1600,472,False,True,0.010533327833736988,0.06495807469681189,0.0012844396327150978,0.06503685027193132,0.07931113202963068,0.05421079724943714,0.0033160461334163123,0.010630949192509244,0.05636485690495761,0.013530566926086885,0.05635065757884867,0.8926155757028512,0.0719540204866484
223,1600,473,False,True,0.006597228318976411,0.06441516905372775,0.001457947312857627,0.06440787874393475,0.07443200280686935,0.05387025358713572,0.001404237169935371,0.006282016560052906,0.05122982904157965,0.009446914796537172,0.05122362539847465,0.8916068008147866,0.0657393239140277
224,1600,474,False,True,0.016730191948921027,0.06047946843769535,0.0027671538345129475,0.06048475229509813,0.0833835014552216,0.058020190007498564,0.002266165932454785,0.005738597300160514,0.05326533794386165,0.012657045945958352,0.05325289172663489,0.9262152879020275,0.062015382143244424
225,1600,475,False,True,0.0022683822825980858,0.053910830097040244,0.0010804792988851756,0.0539138159800006,0.07552336544174945,0.053944595082891,0.001152233860011203,-0.01634298924431456,0.03781919500419122,-0.013244404990843579,0.03780422552025847,0.932448883791591,0.04386299367170693
226,1600,476,False,True,0.00456915459104269,0.06482863317250076,0.0025748245039040087,0.06475711783313655,0.07467142346866398,0.052150852320475,0.0035739766366656477,0.0005745315155353237,0.057713016816835466,0.005041336822202538,0.057706094184433995,0.8815252102159118,0.07375429820765189
227,1600,477,False,True,0.011755882592903853,0.06167980601850814,0.0011970833582920686,0.06167890736294404,0.08068241956196748,0.05670343686789146,0.01322343461296611,-0.003076842308132051,0.04904975131274142,0.005120026275202412,0.04904074445492917,0.9148073020942837,0.06231080362321778
228,1600,478,False,True,0.001366692960818066,0.06016109604337547,0.0014818956381261702,0.060155073952706785,0.07614938681080381,0.054292936539185946,0.0016105499045457425,-0.005877006972482136,0.04991173129699036,-0.0021434609916517002,0.04990519907670432,0.9193709044170119,0.06152162940851069
229,1600,479,False,True,0.0022154905434504683,0.05456914968654016,0.0017543940528784577,0.05457314038458731,0.08304869387514105,0.05717691979851439,0.014091122570640522,-0.014075141185936795,0.03609432190050356,-0.01073544992770929,0.0360848013749731,0.938963826238081,0.04174986481747256
230,1600,480,False,True,0.003937558118741732,0.06212094227422787,0.002064983152140441,0.062116970734206925,0.0729598945667441,0.055859129464887164,0.013060614305880815,-0.007336776238207299,0.04119024222979732,-0.0034812423462813823,0.041183051444947764,0.8737879909424686,0.05174761971215758
231,1600,481,False,True,0.0032796100502969767,0.05749447148845417,0.002717368295542008,0.05749178387992712,0.08491681380236762,0.05923077786171474,0.0024886694737676065,-0.017773054448719263,0.024961179018893134,-0.016443669724249804,0.024961712093560066,0.816465117288455,0.031157760248140598
232,1600,482,False,True,0.010841408519390382,0.06503558354865968,0.0007477269743808427,0.06503264214881256,0.07906361009278744,0.05584962991570965,0.002051504415323536,0.007808938108674765,0.049224521670923525,0.011490769170205542,0.04921436478419871,0.8514195975058881,0.06391749070596081
233,1600,483,False,True,0.028918451227427058,0.06808548510633612,0.0018079208356152382,0.0680741368805502,0.0742726409641942,0.054275725680562006,0.00226820190333188,0.002808261129355601,0.05425825393615988,0.015676638236815723,0.054253008677319345,0.8626565062909056,0.07150930071557804
234,1600,484,False,True,0.0014383645917531796,0.058260149885028534,0.0006155605452131113,0.058254224229792595,0.07881258950360562,0.05525917001163147,0.0013126358981726822,-0.006149833632970081,0.041154430651906965,-0.005102038672418159,0.04114572801496039,0.8912758812926073,0.05046582744554484
235,1600,485,False,True,0.0022413901923680566,0.06082305639350491,0.0011932343847000477,0.06080968665278493,0.06956272959716452,0.05276316802956913,0.0012196986716732634,-0.0017222451088844016,0.04707070562709994,0.0006858291170926778,0.047066623280393356,0.8860733704919229,0.05828871867500618
236,1600,486,False,True,0.014759725339985494,0.05916957022631511,0.002002910962444386,0.05916177287692753,0.07853154855284869,0.05403344310984054,0.0023552622857343324,-0.027609798310890766,0.03821110057379215,-0.021298454105653244,0.03820308958172795,0.8644681311991158,0.05071840389750765
237,1600,487,False,True,0.0027878407860250976,0.05298896342987807,0.0011319063073768126,0.05298943815835622,0.07573534688758297,0.053230988244295056,0.0019152357475808839,-0.020064117954602487,0.036812033493918435,-0.015024485726294208,0.03679879996777025,0.9433474231694451,0.04374812768292352
238,1600,488,False,True,0.002342563155906917,0.05966678476772452,0.0010119406299909795,0.059716947676367566,0.08017871789008318,0.05658880754900898,0.0031082957648473487,-0.001265494264833793,0.035270207303758315,-0.0006313919257491097,0.035259563369763214,0.8086610619518734,0.04584228658731421
239,1600,489,False,True,0.026595745389434874,0.065073849846747,0.0014892250558207268,0.06506621520795697,0.07431036531760203,0.055645158821504295,0.0013397793057997143,-0.0006485942969708897,0.05479283610401069,0.016285452833588204,0.054782245461853875,0.9246109957430712,0.06671363923393508
240,1600,490,False,True,0.005049487288655661,0.0582695116360222,0.0013353853090410414,0.05826096471701025,0.07683216151874164,0.05384097792474263,0.0012945126472764918,-0.005564855881703224,0.0519703618770717,0.00020521374290669803,0.051964718866456754,0.9427744339474726,0.06231787715665571
241,1600,491,False,True,0.003959710481722587,0.0567650977750515,0.002041347013140579,0.05676119645110129,0.09027639782179672,0.05993775579382769,0.00223011580120711,-0.034409962218575174,0.018265449872804852,-0.03313819063130083,0.01825857854381212,0.8149196569564426,0.02498848915978913
242,1600,492,False,True,0.004738956530535824,0.055577776932819484,0.00203158441309679,0.05557745036545892,0.08083132712244724,0.057452934789316616,0.001714197510280953,-0.036935526984968166,0.014380351529499862,-0.034661095245459315,0.014367693495764514,0.8418670876319239,0.019517667386475146
243,1600,493,False,True,0.014931822991147864,0.06653717074261425,0.0010343843857336934,0.0665275968501903,0.07760392213507343,0.05408742637289232,0.001791487993463672,0.0031171244297594387,0.050557709882644776,0.010089253692339385,0.05055129193829707,0.8710359129088155,0.06655531538151832
244,1600,494,False,True,0.01755240068966911,0.06464634925163454,0.0022697434150020655,0.0646381579361516,0.07201898717184269,0.05426513078669584,0.0010736095322916334,0.007265515601324237,0.053572780989324685,0.016940828684152195,0.05356739476653459,0.8813338153849852,0.06584073328940032
245,1600,495,False,True,0.0009411263219857048,0.05843377431986863,0.0015857653886337272,0.05843516042380065,0.0814103735596086,0.058126090757345296,0.0016135027708025882,-0.013284286396099859,0.031226436096782637,-0.012001936446558954,0.03121638835602326,0.9049603783006214,0.03877621413385329
246,1600,496,False,True,0.01629604444259589,0.06236591192548009,0.0016332247236061643,0.062343257459058374,0.07829299418815641,0.054555691471940164,0.0017001393746764067,0.0036915024370331585,0.05856289310311155,0.014561299150492537,0.05855619411408327,0.9428816812544625,0.07169340870860319
247,1600,497,False,True,0.01871579069659373,0.06343510528554877,0.0025251495086641923,0.06342842980736857,0.07844674590842857,0.05764774006665081,0.003530455320664079,0.005445884993564443,0.04368104557903919,0.013317772595586587,0.04367439015595671,0.8138630565280286,0.05439029874688872
248,1600,498,False,True,0.0019454030918466846,0.056367488901560465,0.0007853043954968854,0.0563682924907073,0.07487026317253177,0.054903336751823406,0.0010634155268395495,-0.02694726642523155,0.027784415668290166,-0.023623076577473957,0.027772216366898448,0.921854847552128,0.0351820502239088
249,1600,499,False,True,0.015186559969019384,0.058602016541986136,0.00473923916263132,0.058601697014099674,0.08829542843260704,0.06234578398511379,0.0046958079472335865,-0.036386179253094245,0.01135718484385606,-0.028731563303171948,0.011349479281347996,0.8402287842181998,0.015933859794472482
250,3200,450,False,True,0.001607789000948434,0.06176247128316776,0.0008129880180590167,0.0617634778187003,0.0791554621648564,0.05468201217402595,0.0015087585244472445,0.0006903139787726831,0.053333224578909655,0.0020596070455818067,0.05332103570861556,0.9343689581428083,0.0668971333768591
251,3200,451,False,True,0.00021356759656362671,0.05757913367043787,0.001169014190471194,0.05757425800580423,0.07621333862319464,0.055378907548966294,0.0009214861905741837,-0.005286750937787565,0.04263946473415956,-0.004016536646764154,0.04263331198601719,0.9529382308488313,0.050077607592054596
252,3200,452,False,True,0.0006678006685832931,0.05809807663213153,0.0002549991531329693,0.05812008771141389,0.07483811746488024,0.0540437710924871,0.0012235458535041245,-0.00702707459333255,0.04118080271361521,-0.00654051687670978,0.04116974840265712,0.9258831702921274,0.05070835401896706
253,3200,453,False,True,0.00193168093311774,0.060672791024321236,0.0019281778362471573,0.06067382651387984,0.07005714047133332,0.05469872615569458,0.0014960634621609167,-0.004859526126363256,0.045600096894934834,-0.0017266674021855898,0.04559008460485593,0.9620404376662925,0.054476392782046246
254,3200,454,False,True,0.0012982396510893466,0.0620680706459624,0.0005428761712404534,0.062065474454333726,0.07318861504027535,0.054451618134285985,0.0011011200618684142,-0.005148040829098627,0.04455082467792998,-0.003894028412985132,0.044539504778874035,0.8895808242856859,0.05744771210309646
255,3200,455,False,True,0.008676051490757702,0.0630854107530887,0.0007634135977703393,0.06310651018361582,0.07637405220230047,0.05442559660964347,0.0015358296887769234,-0.0022326724577843345,0.04847954279299557,0.0005420877219102949,0.04846672205326755,0.9445898421048876,0.06172008037290183
256,3200,456,False,True,0.00039575479768940076,0.06158901148477689,0.000647127809555326,0.06158705607382435,0.07519574245065509,0.053966043202672065,0.0009258348925266565,0.007290519890727804,0.056653307161963866,0.007344648676446042,0.05664071737043962,0.9247167862683185,0.0696932321641146
257,3200,457,False,True,0.0013492382713732114,0.05746946153156657,0.0012289831422194442,0.05746321653124988,0.07732508578037897,0.054765937537850355,0.00091593829316081,-0.008164327825009976,0.04672729540640432,-0.004915798718123871,0.04671529332503596,0.9110854976999967,0.056042748841721945
258,3200,458,False,True,0.000500517968242883,0.05650779327348168,0.0008279504718501618,0.056506989249022255,0.07857001041441757,0.05627232132751972,0.0007733446117714606,-0.013379840465006811,0.032489927227916555,-0.012815217765383663,0.03247803186020128,0.9041504930080235,0.03965716125684521
259,3200,459,False,True,0.0009629592826902555,0.055902033940296726,0.0011574848007593474,0.05589523885929802,0.07602757728343057,0.05514423182170706,0.0009033401987237483,-0.016345751324830033,0.031101694824390763,-0.01511609492451766,0.031095489098648843,0.8976185775759249,0.03788242815709725
260,3200,460,False,True,0.002588527659744338,0.06626050841463636,0.001969515197469318,0.06623945977146659,0.07589213063082977,0.05372837493056645,0.0026021064677828653,0.008079260637494175,0.05569506302089238,0.010566214936704336,0.05569085661272588,0.9320767104285906,0.07151926155858973
261,3200,461,False,True,0.005165335010792352,0.06395136964694748,0.0009168552168657944,0.06394525661945626,0.07088877747542796,0.053507474796227826,0.002216392516553407,-0.000862273063765343,0.0501750826486424,0.0032648850963893374,0.05016816773279786,0.9180978989738418,0.06303533203456979
262,3200,462,False,True,0.0010334597985507516,0.055516921511631345,0.0007438515693049312,0.05553755365328453,0.07723456785373511,0.054919733466237505,0.0012730610004953343,-0.00971139614880129,0.03424058546502345,-0.00944634696465394,0.03423383974212079,0.8858177788939774,0.04120756399010772
263,3200,463,False,True,0.007872735466468446,0.061200438921063964,0.0007099162069488209,0.061193259176076556,0.07559229641738784,0.05570675775695741,0.001628906852251632,0.008710496070298952,0.053078161623679565,0.013530069196484217,0.0530699751359569,0.9259214216719727,0.06272601376619308
264,3200,464,False,True,0.0033895085653449872,0.057150701434798744,0.0007923641983670572,0.057141929155237754,0.07789187730208291,0.054108096544195974,0.0010369563771477745,-0.00725019309252157,0.04494910219133686,-0.004327975364708133,0.04494323595472814,0.9264810943842343,0.05521389162937812
265,3200,465,False,True,0.0010805591034914967,0.061997188149541305,0.0022233331961992687,0.06201740471174102,0.07400346312538361,0.053357452558630794,0.0021520389043800958,-0.0016890229925288487,0.05104504015027821,-0.000604337616100035,0.05103883786860507,0.9207032755269224,0.06425786258619959
266,3200,466,False,True,0.009075220378499668,0.06496395630589831,0.0013098492643458073,0.06494358908353356,0.0782968965570129,0.05658614206957261,0.012560710422408203,0.00262271782220305,0.050309863125903576,0.008557695901753233,0.0502996736242622,0.9219098854040333,0.06334378221591652
267,3200,467,False,True,0.0024847585416731574,0.05726089597182904,0.001312269763445192,0.05725721008893929,0.07897483124579195,0.056967338458140365,0.0010698432802644401,-0.011753144676804812,0.03662419973254515,-0.008840775586096165,0.036617463659270516,0.9273876738507536,0.04336934893504546
268,3200,468,False,True,0.004805402533387062,0.06319024516719284,0.002064946082351346,0.06318827609168443,0.0734318578221213,0.052609704709736575,0.0016385375921095517,0.004364262155238941,0.05520304992125283,0.00689702525141255,0.05519041410242537,0.9036001722859436,0.06899611103589426
269,3200,469,False,True,0.008894689361199175,0.060452130809653365,0.0011357919711042473,0.060444710132362,0.07799672382874645,0.05524742114989936,0.011953448418742157,0.009015840804638294,0.05328644635602871,0.012832387133619377,0.05327443835870028,0.8960001318684878,0.06361614270146088
270,3200,470,False,True,0.0004718572755359213,0.0601881880809898,0.0003241318853382641,0.06018329902261493,0.08113310322974898,0.05624020765842423,0.0007045659080563163,-0.0015305617165448254,0.04533671302168777,-0.0015238204497294795,0.04532944322911902,0.8838438483461902,0.056169518490501
271,3200,471,False,True,0.0013775099188374086,0.05802151613665189,0.001094980458388176,0.058016913807529005,0.07595858028253798,0.055102958709820855,0.0008397253063948684,-0.0035529496686658828,0.04483288657989796,-0.0010143934340806626,0.0448205632005633,0.9495188900310698,0.05292679600662792
272,3200,472,False,True,0.0005038259144096916,0.055365859490857885,0.001166551436959684,0.0553681335742488,0.07524414400744506,0.054179514879355344,0.02285349963098575,-0.016977163122633393,0.037447599349489595,-0.014791361674242257,0.03743340881639192,0.908899964787534,0.04566373901239823
273,3200,473,False,True,0.0019841720754685058,0.05807472674725866,0.0018421576793317862,0.05805704544436383,0.08085328689002766,0.05377594654673541,0.0018132286645337315,-0.009175804173192706,0.045497827675699085,-0.005933342612365607,0.04549173296507256,0.8859992448723913,0.056616270588362994
274,3200,474,False,True,0.0001213587790230467,0.05907199897845492,0.0011109863670822808,0.05906840726733151,0.07848270235439883,0.05602725287025859,0.011361634613198536,-0.004884141521604186,0.04438767905397412,-0.0031771306492428433,0.044379228653215676,0.9309604321617906,0.05366022506715551
275,3200,475,False,True,0.001189995806584237,0.058237031297690554,0.0011436889224336775,0.05823019851975376,0.07573092021979805,0.05510985991634651,0.011509791117503053,-0.00954568908447046,0.04177581457627234,-0.0066291436563663386,0.04176860602585066,0.9078226541910872,0.05133656992404345
276,3200,476,False,True,0.0009886767793890307,0.057364765568684056,0.0010974570401521104,0.057368038124090484,0.07610481346294837,0.05489237759597703,0.001030871983875357,-0.006255640631584176,0.045997119392831964,-0.00307259864440152,0.04598586277918067,0.897884696321518,0.05419537852611139
277,3200,477,False,True,0.009222436267110503,0.059882886998548567,0.0002980343436701613,0.05987663729400754,0.07847179583956103,0.05472222715866254,0.012833909506410132,-0.000758364760135462,0.04612766210570683,0.0031020024978574835,0.04612199089570467,0.8431844925711778,0.05680443958568515
278,3200,478,False,True,0.004209231191731667,0.0628696375157177,0.001353139428574253,0.06286561152722962,0.07753604199037953,0.05455816395982025,0.0009952802335071154,0.00448143819649384,0.05210662047740641,0.006086071855588154,0.05209510479273007,0.9289789947830235,0.06535022092438403
279,3200,479,False,True,0.0008917835554572003,0.06152353774130776,0.0012137641599795055,0.0615529525218256,0.07478460689847366,0.05388963278366492,0.011737994148762712,0.007580545988279238,0.051672287795797585,0.008584919425761938,0.051664651092048576,0.912409357588198,0.06383358862977967
280,3200,480,False,True,0.0023137283946396197,0.06104981993378798,0.001784080362128054,0.0610450884670777,0.08691328342732478,0.057773914835288286,0.012916524030048305,-0.0019054283106863185,0.05084991189267072,0.0009939317811525194,0.05084328429145771,0.9417933534663105,0.06211792377253034
281,3200,481,False,True,0.0012160683780722541,0.05475063930275642,0.0011680386136037155,0.05474986332338598,0.07377667352239355,0.05374914131038478,0.001067557043108095,-0.027776338202403966,0.02380767073069471,-0.026258806624328716,0.023795596971422483,0.9044105923744143,0.03136647677556492
282,3200,482,False,True,0.010146584697836882,0.06512618340104516,0.001678140026700377,0.0651178740440784,0.07708839163739167,0.05713082879895952,0.00257327659712469,0.008393585108682367,0.050310791591657564,0.014786227460967916,0.05030347509176664,0.903681041489599,0.06164341949244545
283,3200,483,False,True,0.0001388236001077398,0.058278851299118646,0.001093085066261293,0.058277067933895636,0.07466969074327481,0.053876126059079904,0.010785536005221048,-0.0013141688347698655,0.045415328823268625,5.842095681027337e-05,0.045402428970365706,0.9137406202604359,0.05564700175246706
284,3200,484,False,True,0.0021352026277490633,0.058219025751163736,0.001155706123242874,0.05821289033944422,0.0769216016011289,0.05586459988868797,0.0010957915772142424,-0.007617735966729235,0.04487905724009984,-0.00373993481472676,0.04487334535393338,0.9200949536731551,0.05271554371778303
285,3200,485,False,True,0.0009046202706861151,0.06048684639445542,0.0005103150786655722,0.06048005174354328,0.07880202860607904,0.05508893051756345,0.0007081870845825232,-0.002451974304669381,0.05067547858140806,-0.002007838626218109,0.050669797094316564,0.9287647085152326,0.06320741495829396
286,3200,486,False,True,0.001660957861089006,0.0624972830194658,0.001197257352277445,0.0624773341881179,0.07728654622470196,0.05671864590308937,0.011677109560745467,-7.607669788620208e-05,0.04284671056324015,0.0015874997942944764,0.04284247318469156,0.9107173464966962,0.05319054083549446
287,3200,487,False,True,0.0019289267698725206,0.057228232412218596,0.001396335930121503,0.0572236226413521,0.07801337145395268,0.05714015517614792,0.0007740630414692424,-0.01916966810120305,0.029616190483433655,-0.016003521455795873,0.029610382285895798,0.9220771551355874,0.03557904084015723
288,3200,488,False,True,0.0012662918906086017,0.06168596584124489,0.0010134990264271293,0.06170446970296521,0.07790483143687173,0.05628027966276338,0.0012652194316835359,0.001339709062505972,0.05100140415959672,0.001621040294980296,0.05098795608197563,0.9286627467623072,0.060826176988356184
289,3200,489,False,True,8.77560793393985e-05,0.05713102446819858,0.00016765740508536072,0.05712852528807371,0.07634357782730442,0.05453385046762711,0.0006384553747358421,-0.01726449286873594,0.03302103195406644,-0.0172070435585207,0.03301412727951316,0.878798381708765,0.042239811349835454
290,3200,490,False,True,0.005739692827951176,0.06537718031975599,0.0014628724156552652,0.06540517682293678,0.0733055652827331,0.053846550788806805,0.0007821028562044789,0.009484425172935896,0.052239534375168976,0.01219591142681027,0.05223210108682025,0.8666606582182433,0.06679766303323298
291,3200,491,False,True,0.002348670242306638,0.06379287394091626,0.0014020657915384828,0.06379670366647076,0.07468225650619827,0.05519026886776118,0.0014831828640901469,0.00806804979441878,0.052259342833821096,0.008322342917385643,0.0522463827559254,0.9482704353984543,0.0639045417648893
292,3200,492,False,True,0.0009333456813159794,0.05776222032564662,0.0003131758384779912,0.05776205651452912,0.07764581583308894,0.05468108721107505,0.012125813538499262,-0.010912733849452922,0.03946725973135443,-0.009987087544895001,0.039453636887016044,0.8741696754365771,0.04917469062496621
293,3200,493,False,True,0.0007881056843327548,0.06290485712640634,0.0004824859112508762,0.06290281902813522,0.07550440899947673,0.05512958454078629,0.0006152262807885628,0.005875033407393857,0.04588608375609113,0.006448087743678955,0.0458761745100918,0.8963160944118116,0.0578922610512384
294,3200,494,False,True,0.0009158455099437687,0.05820838735437817,0.0011638308242081258,0.05820787103252696,0.07820143566945066,0.057183708909516566,0.0010573386033632575,-0.01852501160747037,0.03300234948307988,-0.016057708531191227,0.03299613080695281,0.9188684266037548,0.04031276853536825
295,3200,495,False,True,0.0005630769267735534,0.05629837132998563,0.0005963917618595837,0.05629442242901821,0.0809222339336976,0.057333602349971945,0.0013215102529849352,-0.013227514568015658,0.03223388778847479,-0.01308011758199021,0.032227344012792966,0.9157491310757635,0.037941363504552905
296,3200,496,False,True,0.0003825098918254767,0.05955644335314018,0.0012469048214534422,0.059550480248278755,0.07567323116379253,0.05476543499570036,0.0005008533898229919,0.0036499560943869932,0.0533784957157566,0.005630847422668405,0.053372039042075554,0.9651089092569061,0.0633276589151085
297,3200,497,False,True,0.007059005822661665,0.0634402584683734,0.0005758504000386251,0.06343056054356158,0.08103142029617966,0.05721770649995461,0.0010655021773151117,0.007786098086395694,0.052698970275766754,0.010447815553688782,0.0526942000360107,0.924503509138227,0.06470749022123634
298,3200,498,False,True,0.0003599561650316333,0.05614562847582975,0.0011475000730041456,0.05614192814301969,0.07633806227428021,0.0540875252452497,0.00039384728686982516,-0.01210230563931356,0.03924422466305593,-0.010847465584450385,0.039235609555732937,0.888881725177554,0.04803370673498275
299,3200,499,False,True,0.0028415486156050033,0.05816662058514321,0.0016494386033503808,0.05816126280041899,0.07182847302263641,0.05457298026338314,0.0017763244748291724,-0.01781825771021345,0.03651244051671213,-0.01538305012653062,0.036507460326556114,0.9150862886539786,0.04508935603809455
300,6400,450,False,True,0.00021496903586036784,0.06010343384374997,0.0004319996261145229,0.060103774225065305,0.07407123007534838,0.05431877012438192,0.011713109889770415,0.0009387365687889543,0.04892310993313352,0.0009941064886893791,0.04891502651294353,0.9313674813370727,0.05962437181030855
301,6400,451,False,True,0.003299906797533911,0.0598682227829374,0.0012848417812806423,0.05986727916364555,0.07828733812993939,0.055231782252596916,0.0003894843538394172,-0.005902966082816166,0.039853624894575786,-0.0034587194046990302,0.03984016061541901,0.8817718423052014,0.050227682070987545
302,6400,452,False,True,0.00042504888535708585,0.06102719227350856,0.00011974221361634303,,,0.05629639121717937,0.0005891539937779467,-0.0020574802695865167,0.045106454308278005,-0.0016007976436091254,,,0.05580694510733536
303,6400,453,False,True,0.009617326835289793,0.0653856215335921,0.0013417219694519505,0.06538270455693591,0.07867639198220916,0.05589453990519387,0.001213725014150389,0.013468501425652282,0.05063214346394645,0.016705021008667175,0.05062583006065339,0.8825546955395471,0.06452836661375538
304,6400,454,False,True,0.0005352477713650418,0.058888397980001346,0.0015800741122196599,0.058886899190216085,0.08123500535191747,0.05725123847019545,0.0008848299124517896,0.0009380713854769946,0.04420265126807763,0.0018933442181113612,0.0441911148473303,0.9148396669064839,0.052227782289089364
305,6400,455,False,True,0.060817222358722854,0.060819262758666184,0.00034542933502863067,0.060810990528333206,0.07835794837487275,0.056923317244243356,0.012004577411686148,0.041673207141846136,0.04168626237738998,0.0002023377268777954,0.041679822790444375,0.8837008678166796,0.050774270858916726
306,6400,456,False,True,0.002991307985235343,0.06311231500743891,0.0006895757748017433,,,0.056108194910480434,0.0010658978646097546,0.008696488329156633,0.04613685770533302,0.009262860158217713,,,0.05667977247067085
307,6400,457,False,True,0.0011194115432510423,0.059923986634219106,0.00046002350496455075,0.05991756036473129,0.07836467072600767,0.056076120691486875,0.0008949777806822112,-0.006658209704015533,0.04232583807339538,-0.00626279236413133,0.0423188824939092,0.9154042675574456,0.051821731475836796
308,6400,458,False,True,0.0010037748404899756,0.06189278456417593,0.0015391365725011925,0.061881221473403886,0.07593337298236935,0.05430546583367381,0.0009381953618870008,0.002270007618577536,0.054080510511102915,0.004477800855968095,0.05406866751423245,0.9329656035750059,0.06639915777635691
309,6400,459,False,True,0.0076764627667865225,0.061968109020855436,0.0013057919035279265,0.061960063421340174,0.08026944987207964,0.05654255038247555,0.0010895494207721218,0.009075066488293567,0.053319248979286867,0.012721209420011271,0.05331242804031014,0.9287030564946146,0.06465491704073145
310,6400,460,False,True,0.00045216759355762,0.056738053228515634,0.001132974432221065,0.05673746367858943,0.07760831344424622,0.055444581483247324,0.000570903164804234,-0.014097101861899919,0.034146094111777645,-0.013166972689590929,0.034137023751830926,0.9140480511983137,0.04178675220553568
311,6400,461,False,True,0.00022384647417318657,0.057285242760175166,0.0011020259407239007,0.057287740484990746,0.07530974184023428,0.054710080104956205,0.0005588085587496238,-0.007300815948111343,0.04264106503016571,-0.005704998219103969,0.04262657805096296,0.9176927413168925,0.05101491054535301
312,6400,462,False,True,0.005541028710115487,0.05839943048304721,0.05358989746441352,0.058394553829926796,0.07532638288356368,0.05483340831612316,0.0006276723356460894,0.0010877177862969353,0.04754284204076825,0.05474294503129721,0.047534657599065326,0.9372303215483331,0.05609932502082138
313,6400,463,False,True,0.005413689436893569,0.06363922149005995,0.0016419765523055115,0.06365549668382159,0.07715082452057744,0.05659226977042645,0.0011465453276755435,0.010912312101639286,0.04999956168970776,0.012637129114545419,0.049985819998818924,0.9167738894176736,0.06120621290570133
314,6400,464,False,True,0.00026632103866797515,0.05967423736977027,0.001204230998113721,0.05966984035250572,0.07690388619839127,0.05590197008156363,0.0007919109852189693,0.0011560107151942893,0.04298518290798924,0.0016356130347785231,0.04297870020199923,0.9034620150409787,0.05227003965390886
315,6400,465,False,True,0.0012101854620233134,0.05928685550315534,0.0004016888371763365,0.059280051415962515,0.07586395313964463,0.055141383822124856,0.0006729204392588704,0.002804897649775389,0.04554556262092071,0.0028814001634081756,0.04553884165695934,0.9242100996516268,0.05517018724873157
316,6400,466,False,True,0.0008838323645078948,0.05984002528712679,0.053434199695594736,0.05982931673934738,0.07865175241826385,0.05524646945607574,0.0005546898489627632,0.0017811918862001431,0.050511673300417996,0.0589056280960713,0.05050798693639713,0.9176586336038338,0.0605751805871344
317,6400,467,False,True,0.003525398541131637,0.06018007528870305,0.0010904790819895062,0.060174608828181916,0.07659646624180251,0.05486989041389445,0.00036385666895044996,-0.0006142595158128166,0.04499132985085716,0.00223657888557517,0.044982848262195035,0.9275316809384085,0.055561190649318304
318,6400,468,False,True,0.0003933783297077418,0.05851302026254323,0.0005842368801367572,0.05850861658631957,0.0777670084274683,0.05627597236038891,0.0008864058105907322,0.0008848835913651612,0.043220913521306914,0.0009404972817639865,0.043214728627129516,0.9303564073926952,0.051272135121279594
319,6400,469,False,True,0.0003729472936604892,0.05797470704724346,0.0005905642980059786,0.057972290478772594,0.0762602011163362,0.0558632083250971,0.0005140869179603785,-0.0012991162098655573,0.04161827274227626,-0.0007051502521233772,0.04160871309177992,0.9322644068192685,0.04883379428685303
320,6400,470,False,True,0.0014544814105721105,0.05925104292300103,0.0006242951808375304,0.05924569222718067,0.07566178713709415,0.056422615131292646,0.0011840241842101195,-0.0033121091327447893,0.03662127270539969,-0.0029330131041609355,0.036614523120411135,0.901308956491206,0.043947531480534485
321,6400,471,False,True,0.0035804871159744104,0.061667326872980315,0.0006396279530290098,0.06165857550717327,0.07112047230178811,0.05430641531546741,0.001163431460623968,0.005734406823415228,0.05503174313459184,0.006886581390975663,0.055020736915279825,0.970829809901663,0.0659131026189464
322,6400,472,False,True,0.0017130353938886345,0.05843686385553066,0.0011915974220233472,0.0584332972482503,0.0797534334110423,0.0564496614868312,0.0009369183265997722,-0.006779835850594875,0.0416676638419613,-0.004091785133770354,0.041655007631387096,0.9398290984595463,0.0500593906915216
323,6400,473,False,True,0.00047697592747141594,0.0584192570314587,0.0003257726231486664,0.05841158378012234,0.07768505124658094,0.05492022252408377,0.00035483607426882517,-0.004597360521442848,0.04574859417284159,-0.004007952026668653,0.045741397095464646,0.9153596285018674,0.05550759969026614
324,6400,474,False,True,0.004997668044249084,0.06210660071286613,0.0012774835866469312,0.062109989018448906,0.07383336261000686,0.054491081858900475,0.0008477254094585542,0.00042051372302960967,0.04850679459142498,0.0035639817309663325,0.048497510137248345,0.9335974338215596,0.060077223341899466
325,6400,475,False,True,7.224186108241594e-05,0.058174159517470986,0.00027746779736731046,0.0581666453615863,0.07601403962926848,0.05470598600397478,0.022122716235343936,-0.003012664215208717,0.041661277926097,-0.0029108768785915855,0.041656974556069884,0.9013864105662998,0.05063722116499769
326,6400,476,False,True,0.00035935323754941094,0.05707881601428779,0.0006385781046910988,0.057075569523662634,0.07408698940170659,0.05460361032091514,0.0010407872706392368,-0.00569872129755863,0.036981175372570195,-0.0054577360322003955,0.0369734025782109,0.9261932913289442,0.04395310365283417
327,6400,477,False,True,0.0011357302719219354,0.061183776512268376,0.00012983928032731586,0.06116647075566152,0.07820707908943289,0.05579782596393556,0.00039240483021976116,-0.0008935458207320995,0.04363520284352347,-0.0003063870052130724,0.043629095201568616,0.901991129176798,0.05422531161184346
328,6400,478,False,True,0.0056903194428570055,0.060474057130994414,0.0008095873780591577,0.060469899197581764,0.07634713837154855,0.05649576430997186,0.0010632949142595437,0.004690609139516646,0.046794253858603696,0.007473516557880486,0.04678703199893626,0.9397982509971556,0.055409151059889694
329,6400,479,False,True,0.0007112167590931418,0.05731424537500145,0.0012538326526683457,0.05730906697328089,0.07769469262991566,0.05506348250798549,0.00039736221163468364,-0.01018593554349065,0.044910410556164564,-0.00803550141861825,0.044903347698340215,0.948711568977777,0.053584160689562454
330,6400,480,False,True,0.0005212342012466483,0.06032580156488057,0.0012029063279495017,0.06032885157358714,0.07578279069601526,0.055408710431305616,0.001051333671444651,0.0022386544874108886,0.04279238631620309,0.0026249968839244333,0.04277923785807054,0.9029353406017765,0.05244848871496982
331,6400,481,False,True,0.00107679436134749,0.060123704850839434,0.0011214810178407828,0.06012408090632713,0.07679502984879022,0.05560354711229448,0.0007698021848805868,0.0002731525355796427,0.04626332877908453,0.0026845063846701735,0.04625118171982926,0.9270979362141063,0.056365678116300666
332,6400,482,False,True,0.010872242721348313,0.06631813211023571,0.0011960723408203562,0.0663073200062418,0.076406768024619,0.05518628848395274,0.0008606230049361229,0.013395475369950567,0.05754504054933428,0.018108313522944675,0.057537921281644346,0.91144126745084,0.07243713106155064
333,6400,483,False,True,0.0020209579706509675,0.06001582005884932,0.0009529205835183025,0.060023026086245934,0.07789603109578272,0.05487934660785648,0.0010330592665658961,-0.005523582638136919,0.046287061632660664,-0.005266546258596106,0.04627716788941946,0.9243790614785427,0.05662814529669863
334,6400,484,False,True,0.004825655858080435,0.06414463619551478,0.0012658997082948637,0.06413783226415563,0.07457235929467418,0.05427553368145305,0.02287527760132795,0.006212107570179795,0.05019312413595778,0.008861895858814568,0.050186562179447024,0.9069830230389396,0.06328793767451818
335,6400,485,False,True,0.00025389113405610645,0.058292340665945706,0.0004614131936862844,0.058320492789398486,0.07781472222092256,0.055758485818044275,0.000667512764645504,0.0013866613589018648,0.04752426238378931,0.0018379852015586926,0.047517544906842415,0.9492432617791138,0.05588816733015217
336,6400,486,False,True,0.0022541689308524446,0.05774843672919516,0.0006441052865200755,0.057724889955157746,0.0780638719583663,0.05624094783001704,0.0015209301785073155,-0.005107287515711099,0.036754976000531556,-0.00310150767996864,0.036742852288654364,0.8741634965280554,0.043759521016988656
337,6400,487,False,True,0.0038241949822156508,0.0656329414157156,0.0006663780338201037,0.06562445566260519,0.07402706282227171,0.053532314340602835,0.012119044773014644,0.005015435807704948,0.051143455194604504,0.006537624549113774,0.05113686746991426,0.9012908786808578,0.06624259942861127
338,6400,488,False,True,0.0001645383160589313,0.05802054978819564,0.0013683166211674867,0.05801394591900119,0.07650782413809619,0.055625854125929214,0.0005516547741114067,-0.007548093461329646,0.039364395953734144,-0.006093560003137764,0.039357946085797554,0.9226497622133314,0.047449098252112465
339,6400,489,False,True,0.00526256578933333,0.06289379953144401,0.0007546072499762093,0.06289207383239179,0.07789455574712373,0.05658726105220004,0.001192244759692418,0.003995526934463664,0.050475705575474095,0.005745681171655357,0.05046341092966891,0.9219321237267721,0.061493255584041284
340,6400,490,False,True,0.00013175846268028758,0.05870198775120203,0.001142050013144959,0.05870366059189567,0.07590161864499981,0.05461001343109956,0.011197280557432798,-0.00030579014528815175,0.046546284305122046,0.0009147210441426457,0.04654122634245219,0.9304506967105969,0.0562013484314236
341,6400,491,False,True,6.205403425868532e-05,0.05755240204719069,0.001190096405255146,0.05756337983216994,0.07430215949668723,0.05443042140750015,0.00030009272808170166,-0.015037768259755804,0.03586396896020027,-0.01404581014329772,0.03585163913914009,0.8904719676067802,0.04487272847926699
342,6400,492,False,True,0.0003665197621659074,0.05967803198463065,0.00043827459210058416,0.05965573035261052,0.08078783467030752,0.05626661598589121,0.0006604059480037841,0.004823530407488705,0.04701720339042886,0.004868203658440082,0.04701115294033428,0.9227943267734718,0.05669007276037241
343,6400,493,False,True,7.038532498526445e-05,0.0568764473367253,0.001169966635849428,0.05687173393842882,0.07689881641154252,0.054809230222704605,0.00036058213726253806,-0.012784378136518466,0.04004382055409998,-0.011765455631852932,0.040038690575744836,0.9181087934883126,0.04846850365641747
344,6400,494,False,True,7.42434674298125e-05,0.057916076123797885,0.0011503721553281449,0.05791394280020194,0.07784810381179519,0.05599612119468917,0.0001722179539899778,-0.006182280047950659,0.04126657430866672,-0.00505020682607249,0.041255036523310765,0.9379063570501072,0.04899504563089219
345,6400,495,False,True,0.0004622292669560629,0.05884327170636733,0.0012090993567171451,0.0588588598720333,0.07856341393151073,0.05470711946763779,0.0003726820309939277,-0.0013635503973635703,0.045609209878571304,0.0002553372700645376,0.04559573596836415,0.9040152806073087,0.056051004583230535
346,6400,496,False,True,0.00021929939775332144,0.060419021258216146,0.001125752424053047,0.06041333818856694,0.07687482742773515,0.055082024957172175,0.00082190097478616,0.0018022486921283308,0.049511843118798,0.003960220542434196,0.049505481731473115,0.9338739336386379,0.06010077024156607
347,6400,497,False,True,0.0015265537826347835,0.05711702325188168,0.0012053464211838323,0.05710849870777748,0.07504223574930459,0.054989170937623344,0.0013000243083958693,-0.017567718306529773,0.040458319325256085,-0.016960448290123435,0.040453202826926785,0.9625207558892095,0.048281246323218285
348,6400,498,False,True,0.005840263943268629,0.06284604285026338,0.0012070026696444423,0.0628371802739458,0.0743773726220201,0.053728667244138724,0.0004999405984744557,-6.620321769914506e-05,0.04719327326653918,0.004257764489821623,0.04718713524199629,0.8824391944356439,0.06013239844956797
349,6400,499,False,True,0.001905230874105775,0.05747302343685212,0.0011416462655402136,0.05747091684450445,0.07608195073568097,0.05500011589588585,0.0011547934271188044,-0.012682207785037494,0.0337059759000028,-0.010789935783926105,0.03369932550516616,0.9019245845320262,0.04242729655679883
