,n,m,use_location,use_scale,MSE_wellspec,MSE_misspec,MSE_surels,MSE_NPMLEinit,MSE_NPMLE,MSE_thetaG,MSE_EBCF,SURE_wellspec,SURE_misspec,SURE_surels,SURE_NPMLEinit,SURE_NPMLE,SURE_thetaG
0,100,100,False,True,0.014122371745270828,0.011166435502502976,0.008002355167126355,0.011163477148522694,0.0070813546031703286,0.011166162793463195,0.009375391917523124,-0.05123717795338195,-0.02858318528023327,-0.04324847168561638,-0.028578472137056058,0.09844121075572947,-0.02598877708852884
1,100,101,False,True,0.07751787619117413,0.010839478350868929,0.0038686249804427593,0.010840139564035177,0.01334192870218897,0.0108401931222459,0.03605980065309644,-0.04141561553348444,0.02244224446569861,0.01893302067311309,0.022441987580784063,0.08920483121075418,0.025070627992553968
2,100,102,False,True,0.012530786717954441,0.00590954100380685,0.0026728037043818316,0.005909614458356395,0.005326829503407761,0.005909509253084202,0.006127715943495397,-0.03851966893054799,-0.026279279676725942,-0.026752858001029455,-0.026279588895600413,0.05064032017814849,-0.023794449997530248
3,100,103,False,True,0.049236800006217434,0.019501771396346682,0.02341398688783765,0.01946527367518838,0.011844548262632558,0.007690687663280687,0.02604222081515274,-0.021846645163334115,0.009928818539359731,-0.0012133899743093136,0.009927401872365174,0.05559656779298374,0.021515381491102853
4,100,104,False,True,0.04636294166109359,0.018521272011322715,0.01091392164399526,0.018522556738320275,0.014311999020686177,0.014665342082739482,0.016876189859038798,-0.04198617070738361,-0.011151107899167859,-0.01098530335753451,-0.011152331370015265,0.011596501467507564,-0.006277713953136005
5,100,105,False,True,0.05476099964237405,0.037280734163941884,0.007494018619980003,0.03724217406915584,0.013402240117279718,0.007797009263321846,0.018184996507246348,-0.034010115166587127,0.002302958265985673,0.0015461858178750499,0.0023044304577988584,0.17912038224385735,0.02239390171587835
6,100,106,False,True,0.03960283571872358,0.023863616822791277,0.0053924725966179275,0.02386708110413432,0.024484471807000946,0.01621570564037607,0.009723672539740203,-0.021347555927458385,0.0024082671802787025,0.0038687637906961417,0.0024067174511131387,0.050723616128667375,0.012859387911955955
7,100,107,False,True,0.007509332258430623,0.004971847568513514,0.0011730465232493695,0.004971829342137468,0.006922423757609741,0.0049716775507134105,0.004536774728680354,-0.041848996777131255,-0.028129286922682902,-0.03399401444191649,-0.028129851377189114,0.006102959002916784,-0.02566993944319787
8,100,108,False,True,0.0446788134296954,0.007397272446916221,0.004156163262631789,0.007394584515335975,0.006862237736042838,0.006010485674288002,0.0096382123442738,-0.029526401365356784,0.005222606079446681,0.004890709371497445,0.005221494831718605,0.01639639384614945,0.008314613589524775
9,100,109,False,True,0.01963570979142766,0.00754272324910883,0.005560138230445929,0.007559551539525957,0.00956004162572411,0.005221466272688511,0.0123730374014198,-0.010689894047740957,0.007170140114199768,0.002444948832694114,0.0071638695355027695,0.030755066946774948,0.010535236391576372
10,100,110,False,True,0.016267661741421035,0.009570753921139022,0.006153673138772282,0.009570723839434822,0.011066179931182913,0.009570744624857441,0.011674376147908717,-0.03687409176279539,-0.02361767144844361,-0.02509566336278173,-0.023618214223978473,-0.02182497914269845,-0.021120397856825873
11,100,111,False,True,0.015324879529848732,0.0031061316535205604,0.002250214539472399,0.003106265735550589,0.004828773403032565,0.003105987249616722,0.0031958667344250914,-0.03817822732596628,-0.01390897870546759,-0.024009159383194954,-0.013909330090465879,0.07030234895600458,-0.01163600163200701
12,100,112,False,True,0.028127492114111537,0.007686728434834713,0.0032667929101004435,0.007687144649973641,0.008313864818354975,0.007091418484361197,0.028890225022055127,-0.017561447208342313,0.00419901233495251,0.0022295371639917665,0.004198765926316525,0.009156636216772008,0.006646508279947588
13,100,113,False,True,0.07012557277133188,0.0070525171596145676,0.0027255516579061468,0.0070495310773151755,0.004774676418051336,0.005473721663689451,0.026899669610711247,-0.037594359052355725,0.01586122756548475,0.015298218659024327,0.015859883850088147,0.05133704039864519,0.018762074857057234
14,100,114,False,True,0.0046517039231426475,0.007138077169769814,0.0022514482822997895,0.0071381007188109835,0.010266911179813496,0.007137945455782148,0.003110018090942164,-0.03562512579229928,-0.028069119650682026,-0.032346211114953415,-0.02806945159474415,0.015745307343342018,-0.025585531143080598
15,100,115,False,True,0.11426894390261662,0.0618661355674821,0.03523415277622733,0.05983542434842217,0.015938530226923715,0.01557903527931454,0.042260649051960295,-0.032211041308967285,0.020011525732214572,0.018606572717616256,0.030863139717009904,0.14200135155365795,0.05477601003717295
16,100,116,False,True,0.013708441101071117,0.013711069803328126,0.007520689319036458,0.013717359157934926,0.013619805507707954,0.010178566167625412,0.02765230778156349,0.011914722960516197,0.011913160868544584,0.013942524003144942,0.01191180259359884,0.025474809511767393,0.016263445440987193
17,100,117,False,True,0.04561217275123071,0.010505981903436887,0.0024600904474904404,0.010527244944036902,0.007518804750280884,0.004445652648641949,0.011677655335783955,-0.03048834050702426,-0.00013996829831372181,0.001293087738322765,-0.00014190006595310223,0.021204623688194958,0.005394847028850805
18,100,118,False,True,0.018683118044582333,0.00456368764147421,0.0012486184693349899,0.004564092016035878,0.005161641360356354,0.0038531481215641748,0.010038246359016498,-0.011452611488374944,0.00827548256106585,0.006087146812088367,0.008275211407021565,0.037044603130721415,0.010860094884534655
19,100,119,False,True,0.010528638891416888,0.0034071799333176616,0.0004281330718395649,0.0034072392664822263,0.003311998598930406,0.0034071763171173676,0.002897533378515835,-0.012296043090807842,-0.003034587000558755,-0.005168540269503281,-0.0030346708635967624,0.018576009654164415,-0.0007339240527715202
20,100,120,False,True,0.001747648887139765,0.008261547991452716,0.0010251981616369967,0.00826236930810776,0.003644448885049875,0.004225548839059267,0.009942289101492186,-0.003432595200193336,-0.001496212689103409,-0.002609635581044433,-0.0014970094989938156,0.08801884985991083,0.0038163664555652815
21,100,121,False,True,0.005418078490202167,0.007347232734933282,0.004752436101591137,0.007346951190756334,0.004476006342737254,0.006414708821117717,0.009034781235142769,-0.01821047268777857,-0.006738016132983873,-0.01780212302232496,-0.0067377199122604205,0.07104100409153008,-0.004036078860427186
22,100,122,False,True,0.022522912787031526,0.016471622673984762,0.004318435266772117,0.016582057144545078,0.021061755536438857,0.016458680887779416,0.019646487574949103,-0.055323184997923505,0.000945528658839585,-0.029939467438194044,0.0009550293058121184,0.19017461138345973,0.003764270535841968
23,100,123,False,True,0.03351580957949713,0.003902607797551596,0.005033654117641327,0.0039030204510714928,0.0032198676433132195,0.0039029343360292203,0.009535782776373281,-0.026450715131712467,0.013295588253899898,0.004291754486729519,0.013295517857069311,0.04014223831080963,0.015677368447392717
24,100,124,False,True,0.034699967108231124,0.004798036429789665,0.0055289470597845065,0.005129796647913871,0.005922757960335981,0.004798399138727555,0.008778741189349386,-0.042056938117653514,-0.009492930611984569,-0.02006761179079165,-0.009711275548201464,0.03338114910738959,-0.0070683012365770626
25,100,125,False,True,0.00463529307629846,0.003683620054474382,0.0012054684089446502,0.0036836163085771155,0.004364964016024413,0.003683383325971487,0.004311484975780616,-0.029023211364634465,-0.015532202231771014,-0.02391466701410028,-0.015532281160469967,0.08351625137867166,-0.013130622786529253
26,100,126,False,True,0.014451564552824848,0.004318922556510597,0.0010804649404826464,0.0043182814971105534,0.0034547970255874093,0.004245940995156294,0.004206568783602382,-0.01508550153929598,0.003421458609304171,-0.0013078483151005521,0.0034207838646671362,0.09628975412462851,0.005790709333022739
27,100,127,False,True,0.03916563220537787,0.013534733317946822,0.03796953724212528,0.013535061249521712,0.008077357335055374,0.01353441967698713,0.038455803758293564,-0.03963306191228687,0.03007386473825143,-0.03652316457758108,0.030073760353370355,0.34394367380845126,0.03248402778150164
28,100,128,False,True,0.019124612360744305,0.0037270868925984467,0.013779958781844797,0.003727152891215149,0.003781622377438945,0.0037269918403077707,0.00993632284127148,-0.031973140078299093,-0.012101112276458999,-0.0261132179925037,-0.012101340977145441,0.03294319526130428,-0.009670602387463478
29,100,129,False,True,0.03929407594363016,0.003981689568859703,0.012095938592930813,0.003980709825425398,0.00561052263314209,0.0038064956885305173,0.01871037030398879,-0.01641251033162258,0.01360269667114668,0.0004567127912976898,0.013602215665092884,0.013970220388609747,0.01621547238723732
30,100,130,False,True,0.015253430311700423,0.005961770746540938,0.005952373011182091,0.005961885624614873,0.005838083235389289,0.005961740363657442,0.009488676901429714,-0.022575614723880203,-0.0074371460953302024,-0.007064776335375531,-0.007437419689982381,0.02308940430644931,-0.005059285212431458
31,100,131,False,True,0.061649327274747215,0.005023961251463966,0.009284260764134477,0.005033387720174274,0.006567041396644101,0.00485487764101128,0.005695590964399767,-0.03901977093677161,0.018695999595143283,0.010682134390120935,0.018689846337946927,0.03657877218829185,0.02114477787528614
32,100,132,False,True,0.03589221610464538,0.0030076507547574494,0.002243966756565208,0.0065738141302038155,0.005144281699345892,0.003007590404039172,0.005625610598946446,-0.035291235933476404,-0.004800503528502844,-0.004866167390635639,-0.007355141917689619,0.006926119999763713,-0.0024823244062269073
33,100,133,False,True,0.05340049185368387,0.013446485431545963,0.011170469336360987,0.013451023616168144,0.015030178134274312,0.010562329485612745,0.02537498720952876,-0.03143183614348559,0.012998176590438231,0.004805486367247279,0.012996310708784264,0.03629536424473711,0.018286485389060664
34,100,134,False,True,0.03144901283077792,0.006171064089272359,0.0023156654581648365,0.031053621039916227,0.007665925996677783,0.006171143343126351,0.012522615306945673,-0.038177894205258904,-0.002924023593436278,-0.007911574431151886,-0.023453413978418408,0.09925162338595722,-0.0004072477278469766
35,100,135,False,True,0.02983297285531282,0.008489872208206663,0.00523792074341674,0.008485981528421258,0.007728190993125855,0.008527871433869221,0.007823259458249975,-0.05000568950702949,-0.012556446788056928,-0.03314959688775948,-0.012560168784372348,0.03193662285614177,-0.009829412982508043
36,100,136,False,True,0.012423403861685183,0.009207777677825595,0.005359300523373071,0.009207833414900609,0.0058000985398412586,0.009207473282955741,0.014928822737950945,-0.029136727384557144,-0.014800967597364423,-0.02263226254953253,-0.014801137754751111,0.04936388042689174,-0.012367128581135978
37,100,137,False,True,0.042017207095390786,0.008167801353602141,0.018089161070493152,0.008167732426464071,0.007017522560386211,0.008167790979405506,0.052135556794279524,-0.03470746923439622,-0.009055644932734683,-0.012017494740746044,-0.009056167256802663,-0.0006401948435595095,-0.006657520465979436
38,100,138,False,True,0.03362553881510627,0.012063214318685924,0.005863720320380143,0.012059757481721644,0.014200846106200211,0.009976793260532637,0.009158597501288751,-0.02225339691173118,-0.0033746661956872617,-0.0023009455652689844,-0.0033765452521651797,0.04694217563869959,0.001012237059067611
39,100,139,False,True,0.05031063805641213,0.007402003706343423,0.006102059236292074,0.007316191494367078,0.006271801363901629,0.00593740884402483,0.014277274085645853,-0.021657919147529636,0.015932651595848918,0.006308947810425803,0.015954996091294655,0.038069554738207396,0.01843758096219232
40,100,140,False,True,0.01596898260427347,0.01598550406634041,0.01391769725204242,0.017832811360605196,0.016457411212914462,0.014086320811987156,0.02254744957609748,0.006060754707495599,0.006063716995054378,0.0025681982910686365,0.005197064811851427,0.04101502663072278,0.009570349534904099
41,100,141,False,True,0.07540580187326705,0.017587106027670427,0.040431760774780126,0.017594060982032044,0.005546081014478247,0.005850930755742809,0.022643463483439586,-0.038877068605481076,0.028484993446488627,-0.004096525097179524,0.02848367137975922,0.07622805047141293,0.03622605053245895
42,100,142,False,True,0.03528375660206691,0.005041250614735334,0.0005682540117477372,0.00504004776200568,0.0051845233742282715,0.00503827435871113,0.012030864348187143,-0.04226935764734608,-0.00414677447099523,-0.00659869998717177,-0.004146593370049611,0.04740795168351585,-0.0015344587182024583
43,100,143,False,True,0.007261385468257681,0.007008674785246088,0.002390489909927249,0.007013527999763645,0.008041350971048722,0.0045235097209391185,0.009996360288095894,-0.011427374656275493,0.0019161497312233245,-0.0072425294947100595,0.0019137323740885215,0.01923992691387495,0.005989242028256542
44,100,144,False,True,0.033587277619959145,0.017588735720117547,0.005895457843793103,0.017589907361769918,0.015031059041047288,0.008390715640988278,0.0075993603370802226,-0.027379155262831984,-0.0117369714328572,-0.005349548684762433,-0.01173738230566535,0.04926177919311035,-0.0023251450344390634
45,100,145,False,True,0.035166918381848725,0.027683377943588564,0.005233959713197392,0.02767627804283769,0.008664638142837409,0.007687323658515782,0.016112979044025734,-0.023915939448945548,0.0068741027171290445,0.01471386574398141,0.006874129265979221,0.08853694622048987,0.02159811135459186
46,100,146,False,True,0.06257656586487287,0.019912662024024065,0.013588992039690051,0.0250055805042978,0.010660574052424054,0.011431501727542615,0.024321171070700205,-0.024467565177162455,0.030788187566952986,0.019765055045499524,0.027525328948286153,0.1463183857437254,0.03793181972268179
47,100,147,False,True,0.005809527530464436,0.0037997931611097402,0.00044577155975710316,0.0037998181000141046,0.0048120279931039,0.003799728168953853,0.004294905114729279,-0.017121673144845497,-0.0062701087443578635,-0.011752875201209994,-0.006270250768521901,0.04116454895673169,-0.004006595198517468
48,100,148,False,True,0.03785178715989231,0.008156936136379784,0.007182856091844987,0.008158023448188346,0.008118836424680862,0.007064600545206506,0.022171088232388125,-0.027014724592539598,-0.00934662916158345,-0.009075693367269513,-0.009347234811413276,0.017449841925757586,-0.006260296032454704
49,100,149,False,True,0.007460158750317728,0.0030781782946903737,0.0003573302346185123,0.003076316165597087,0.00442593603084139,0.0030781848511075485,0.0194289131261648,-0.03144081050390757,-0.020499507240279283,-0.02263374330421546,-0.02049741926426355,0.07063976070983247,-0.01805082049353207
50,200,100,False,True,0.011333046564579025,0.005505479951108364,0.0005377079877879518,0.00550625089547495,0.005388385724746668,0.00420440144275839,0.010030158097362619,-0.007525435439109383,0.006313997135781602,0.001431624994376533,0.006313449282546042,0.07201299198872534,0.008654837688869987
51,200,101,False,True,0.03294362749366691,0.007528460247896174,0.00244732557520012,0.007560391366062791,0.008609901882423257,0.007264605279159997,0.029757844691950485,-0.01813375524742289,0.011658819188186786,0.01035216600394691,0.011650289086845175,0.04739337240535809,0.013205712516920529
52,200,102,False,True,0.006677300452288185,0.004384027528724576,0.0011893745195930173,0.004381569287957026,0.004140002108004146,0.004384049282925729,0.0036159399859114006,-0.017442771547329303,-0.010634547643220547,-0.011857801615417034,-0.010634395059657908,0.007615055712753662,-0.009414909105059002
53,200,103,False,True,0.0366254072630563,0.02041956534521252,0.00030735920517476937,0.020421788115305355,0.004783667615331988,0.004302210650634575,0.0018757466136729655,-0.024820432607348036,0.0009816452019180489,0.004677737074669108,0.0009832126565564713,0.12422181480517704,0.01043480509308134
54,200,104,False,True,0.007135205732201958,0.006094281295479383,0.0006528864921853292,0.006094394212393946,0.005897692116379987,0.00609425766982378,0.003254971667358503,-0.024135606089439182,-0.012044487078352652,-0.0157019148210412,-0.012044771226890294,0.03578741945938651,-0.010762006881278333
55,200,105,False,True,0.02918805639089456,0.012841776616877703,0.0023972572914688723,0.012842385412561797,0.009813704907975281,0.010858609610251315,0.003559882483882431,-0.022233478302279126,0.010636830419811361,0.0016558150795905552,0.010636323956501279,0.08398459254586932,0.0126861172635451
56,200,106,False,True,0.006675418994492707,0.005757618064609056,0.0016956763929656144,0.005756929105375738,0.004941080382042462,0.0051301533332936845,0.0058015986984584185,-0.0058553093277704995,0.0054600717401295995,-0.0011942619582843894,0.005460323418410802,0.0633587723202939,0.006866222258114327
57,200,107,False,True,0.010490964242330375,0.007642026099965002,0.008773069226453312,0.007642040741234511,0.008256488879398428,0.007642017019663245,0.010146376265463782,-0.020659393202973754,-0.002076986706033903,-0.01933352884964954,-0.0020770305592872165,0.05731281133927938,-0.0007962776909131719
58,200,108,False,True,0.019400462601622405,0.008959252607974545,0.0033676553058597705,0.008959580364604126,0.009300463684317615,0.007208104236270321,0.00789272358032966,-0.009147377023151689,0.007766076219699674,0.007417247195725114,0.007765554993115096,0.027787520953311055,0.01029702028279443
59,200,109,False,True,0.05125190376737166,0.015127717855236623,0.009828461283022361,0.030497969049298454,0.01445229514664728,0.013096726130865412,0.019845819973174736,-0.02667997541284599,0.020047745430780032,0.004588173996614362,0.00673877075531717,0.13927046969337034,0.021831659838212572
60,200,110,False,True,0.05222527522454322,0.04359719358812079,0.03815908363550654,0.04356270190773225,0.015923314278031276,0.02071431929513975,0.06569017503184418,-0.00048157991405035406,0.01389369247689853,0.010908290622864324,0.013907058130879443,0.3401614125441018,0.0824330050159677
61,200,111,False,True,0.011412466143767348,0.003941281071637373,0.0017260615943148513,0.003943947034546163,0.004494519150340376,0.0038488290863559873,0.00816604052856282,-0.021111884854735526,0.0009528021627084904,-0.009091552358695831,0.0009468855575741131,0.11498289324789912,0.002286523533629181
62,200,112,False,True,0.021466576439324182,0.006680443267230056,0.01023455012788034,0.0066806918387959015,0.007249089295385885,0.006422280240473575,0.007370623246660121,-0.0246907103118055,0.007101353295482547,-0.01305558430220925,0.007100812630781306,0.07442117608054837,0.008891533086099274
63,200,113,False,True,0.018564737090222095,0.007628737001455511,0.004354200390634259,0.007628723349935751,0.00552787469486931,0.006201055395473309,0.013427624689539513,-0.013342193355840361,0.017670129152724652,0.0030611982735468356,0.01766990058687547,0.08055754822086407,0.019518721797900374
64,200,114,False,True,0.03396804030967856,0.023030053102621788,0.009941700877757165,0.022942527808805787,0.013322130984235509,0.009820796336762045,0.011548733947106864,-0.010270845754281983,0.005946772212713594,0.0055395159368926885,0.0059409860163449225,0.09969676816346265,0.01616813723975788
65,200,115,False,True,0.02052125621449915,0.005825983497753618,0.0014140543504406202,0.005826938348145587,0.005946131907599395,0.005826820907802699,0.006468583170099605,-0.010287409285172655,0.003969289906256108,0.002187301785491114,0.003968912515272827,0.06913739985683903,0.005245250017384684
66,200,116,False,True,0.02340430123249729,0.007936887028792184,0.009233126187401812,0.008376956948717144,0.0073735693522313074,0.008568006648205388,0.008552671609504977,0.004353776378034448,0.019187217927899063,0.011760345332501143,0.01912619612030273,0.029309974602822936,0.02042847320409788
67,200,117,False,True,0.015333472912770945,0.005614834631341329,0.0015931011111498666,0.0056148903651906555,0.006336147194107145,0.005187717528499982,0.00644517061939173,-0.006384573599604797,0.006781950239883905,0.005735614406847495,0.006781628099672652,0.022964515335985283,0.008436677521360111
68,200,118,False,True,0.01690515757983887,0.006873921766845652,0.0003688923812391954,0.006554258111459516,0.004939376588557707,0.004239595416212674,0.009801470270221617,-0.014782270876761778,0.0059046799464707615,0.0002794755031529994,0.005887029141228944,0.10828170641908326,0.008053890845011763
69,200,119,False,True,0.007913984185365385,0.01431064742583948,0.007058713690143532,0.007869311510354866,0.007643775555118648,0.005588219102875405,0.009676560623018592,-0.013984152226801334,0.001438915102344467,-0.011851283850460638,0.0035302153893247913,0.09808576908229835,0.006121525534150657
70,200,120,False,True,0.04379557214314952,0.020631209575924823,0.0010606191925077951,0.017609191247480938,0.008140362938999711,0.0047909292050645775,0.0093305838905089,-0.0314924248492516,-0.008537814790605865,0.004023665738342285,-0.007580421283096914,0.0976285778276133,0.006885605514010962
71,200,121,False,True,0.0030984517535298877,0.004813696887121441,0.0015203362677424811,0.0048137778416746995,0.005656434016443934,0.004813668084629504,0.0040281042057362364,-0.01614626730439426,-0.013431740543508024,-0.014513569404480023,-0.013432076755818052,0.030734332628331078,-0.012222352747206802
72,200,122,False,True,0.011017499547520213,0.004384901867388139,0.0035277740379948343,0.004384954498091498,0.005044435973957204,0.004384685833137334,0.00674147081931758,-0.02724354849623067,-0.002877454763719065,-0.017718848259787222,-0.002877616759353696,0.07184757337040906,-0.0016799064085366855
73,200,123,False,True,0.04133329116555349,0.006726275322603396,0.004219856158838719,0.0067176745286928515,0.008558865989332089,0.0067264231427602164,0.013157585986105802,-0.03884339296531965,-0.00018207232119429761,-0.009274043199960455,-0.00018275925894734258,0.009164460816941328,0.001157496624311083
74,200,124,False,True,0.04071950412015493,0.005624991314320376,0.005520792158922738,0.005625169443765323,0.006136232632846567,0.005353487885352714,0.007480294843754376,-0.017207224564630787,0.011757902717673368,0.0061935414846202245,0.011757558468742104,0.08522347079195183,0.013265869031257177
75,200,125,False,True,0.013565462383717565,0.006522768134167343,0.0006076877054620511,0.006525067792355469,0.006614883671638046,0.005761591771878627,0.006041199468183491,-0.020038925707194215,0.000904246604401564,-0.006383923249410726,0.0009028815044338145,0.13802965899109887,0.0028308163268299658
76,200,126,False,True,0.023112033960986454,0.008115065838566497,0.001084730400008243,0.00812289371170089,0.006576321561793762,0.0043180728060106845,0.004897480145275734,-0.008586859858730566,0.003111617091033292,0.003188825053734945,0.003109459298811075,0.019451418930747567,0.006568482501373374
77,200,127,False,True,0.008416873266487813,0.00765067810465225,0.0036796422830964385,0.0076512505727520394,0.00541275929627116,0.0062020403908713915,0.006080116216672697,-0.007823612940442315,0.009671245242560982,-0.0035945277646945734,0.009670708047474967,0.07224293287199086,0.01176510132710959
78,200,128,False,True,0.0018854823323522728,0.005641232583228712,0.002350912252261668,0.005641228198652843,0.007737474990917789,0.005641117255341322,0.00428848884277005,-0.019005649220472747,-0.014056618700066786,-0.017457653999193353,-0.014056812531449019,0.04163708044909313,-0.012779646278580845
79,200,129,False,True,0.00047867246725948753,0.003567787129104641,0.0004819202164349042,0.003567924449428708,0.004277418696658658,0.0035677952390149553,0.0016952930455161168,-0.021867811273297778,-0.020066380891283552,-0.02187016022432778,-0.020066809451444064,-0.001556149775474136,-0.018829512415736577
80,200,130,False,True,0.024012881534846073,0.013207882714938573,0.0016430988824195187,0.01321323402382054,0.011830122592851188,0.004622497563585902,0.009652373023702265,-0.008265893804733575,0.008093945668602736,0.01064028952503405,0.008091177466144331,0.05354286542698206,0.01574203956993246
81,200,131,False,True,0.051304492464922594,0.025975349414573343,0.0037335033431345143,0.02598551599673926,0.011387174975355942,0.0034123622464960067,0.013754194828820085,-0.021694667848982482,0.003794601016226622,0.01086113767373103,0.0037926329792024663,0.160149415840296,0.0254630852077644
82,200,132,False,True,0.013118486102725493,0.007549057246239512,0.001583081630262883,0.0075604868705314255,0.006064921160088531,0.006490591271306499,0.00631486427321575,-0.007821689284029551,0.007198713360459462,0.00110103047560835,0.00719304892564196,0.04493840604166324,0.008822826485456542
83,200,133,False,True,0.005214755174290166,0.004292202228349521,0.001599580996870725,0.004292626566483103,0.0035378019079191597,0.0038966637332514525,0.005440327208245609,-0.0011205135919725722,0.008857186697186136,0.0016455626304361392,0.00885683055711807,0.07452297884723702,0.010173928170475952
84,200,134,False,True,0.047108887533894216,0.014082006936405383,0.036104268318549876,0.014079353279958982,0.009397414642320603,0.011104190320088072,0.03640591847407283,-0.018812387690724335,0.01979853387854389,-0.0006756529632925096,0.01979774583169867,0.031539496608567176,0.022549719296111867
85,200,135,False,True,0.011780996530113186,0.005973774972440903,0.0016689175774775747,0.00597443380036535,0.0059387267030758025,0.005490369708771615,0.004475912971601303,-0.008330627595133902,0.0033975028855307344,0.0006829912775788827,0.0033970335906288087,0.052297465227559084,0.004783200674771712
86,200,136,False,True,0.03566696300269643,0.007078626182492664,0.004585937759442571,0.007078785751537631,0.008853371951813092,0.0065535184087337625,0.014597283903267677,-0.025660702124883136,-0.004729803397051864,-0.004523805711675685,-0.004731333748653501,0.007133184027687403,-0.002821604410119527
87,200,137,False,True,0.01334638295113804,0.010955425495824336,0.004545548790537068,0.010964736269815875,0.007928429359370883,0.005861037324390969,0.013618480661652133,-0.005624808882380007,0.0030176090417297274,0.0035088017062360572,0.0030155316547309675,0.004758944805110286,0.005505655312453617
88,200,138,False,True,0.03720274048869214,0.0038261748762161546,0.0002024171832403122,0.003826955653150591,0.004092444191800132,0.003827189821561395,0.00736459955445294,-0.020703958748491527,0.005857545021408104,0.003029743393019363,0.005857326209518447,0.07952666751778771,0.00706277037254785
89,200,139,False,True,0.007871853904132727,0.004842472510831973,0.00468046129435609,0.004842782942302778,0.0043247958581553786,0.0045386574220414614,0.0046115626280159045,-0.00953087679642027,0.0031865812698682917,0.0035607163107826633,0.0031861921562419226,0.04839575880911882,0.0047706112111865345
90,200,140,False,True,0.007397317992542213,0.005160551281584133,0.0003338076186906419,0.0051602030854359235,0.006482732438578043,0.005184832410963519,0.003230965016606522,-0.01490544671068686,-0.0024624449809419425,-0.006808577038851891,-0.002465432822634828,0.027715247345910646,-0.0011655525483005025
91,200,141,False,True,0.016770120160179154,0.01399876808449375,0.005073145381435175,0.013999053812730691,0.013054444398740045,0.011432246363109601,0.03056296910307907,-0.008289852551674994,0.03153551868444723,0.008648057399085177,0.031535777584872665,0.23396578210591376,0.0349476495612667
92,200,142,False,True,0.013596152554986269,0.007549717188108664,0.0007333274216475358,0.007550647348862338,0.008049286681480135,0.006694406647853136,0.0012226292712184874,-0.023234101129381204,-0.005806125083739264,-0.013869385509692349,-0.005806826398220988,0.04764713208114688,-0.003475683385831735
93,200,143,False,True,0.03804248852872628,0.015506248646056478,0.004695967395233969,0.015582662732201017,0.01115200683229474,0.0052947746745506475,0.006267566049992264,-0.021565988835469327,0.00623668103049722,0.006684133882847826,0.006207469135206108,0.047168504915114456,0.014658048837839513
94,200,144,False,True,0.01589299881739908,0.0034934415796020624,0.002105154169065694,0.00371127527355563,0.005043704878112649,0.0029900811794113004,0.0015435858726376892,-0.018547767527300453,-0.0018421909602237285,-0.007985649464149593,-0.001933290211077825,0.017752368394470287,-0.00014800604770770498
95,200,145,False,True,0.00791364593610484,0.007442745358884487,0.002677428357121987,0.007442618565995017,0.005457057731407212,0.007442591510133631,0.011218648758686058,-0.011653395766529661,0.003391715855801998,-0.006292420165290341,0.0033919306083024913,0.15838689583710833,0.004624167324996903
96,200,146,False,True,0.022875181899580065,0.04153871511234368,0.0176005310096062,0.04157674568975365,0.005050842918752812,0.00587677329334345,0.04863735240308685,0.001665780221696338,0.012849857619982714,0.005682586295786943,0.012838337649583842,0.17260887600585284,0.03265625835270376
97,200,147,False,True,0.008966691130003434,0.005330646629024041,0.0009319964860857156,0.00532926322092639,0.006482993946194571,0.004880071899675153,0.022840144028780478,-0.007198449709894745,0.008705352928207653,0.005133226836294917,0.008705521484186764,0.05389624757303464,0.010227278775638018
98,200,148,False,True,0.001989298580675544,0.005506446225589823,0.001057680793893096,0.005506547023267837,0.008074017901206695,0.005506273045169188,0.0024776940513941696,-0.03033516078834325,-0.018937346240331224,-0.02817789978670144,-0.018937729251739092,0.003234812499574495,-0.01764224687937481
99,200,149,False,True,0.022691598842829154,0.005133532938427849,0.0005609209886167849,0.005134002618555492,0.0074017052556765404,0.004991116659580999,0.0017733727589405914,-0.019279004486894853,-0.00027138311143660944,-0.0029117971321931104,-0.0002718507321225694,0.02306822085000583,0.001160259392275112
100,400,100,False,True,0.0023392838694503036,0.004075179548076728,0.0006933604740595817,0.004075241213980371,0.0037342750300895376,0.004075208726672014,0.0012457564066335667,-0.01113495191371269,-0.006985383779414214,-0.008949858288371278,-0.006985651593694513,0.0397260685659759,-0.006370306789448513
101,400,101,False,True,0.027278229390651165,0.006744631073749896,0.0013077805218883656,0.006771717556799743,0.008002411222111575,0.006328138369121434,0.004605473618356178,-0.013435504467247542,0.010302245592221641,0.008426106942652629,0.010294581585625302,0.0213960230638574,0.0112067395101937
102,400,102,False,True,0.01558876915442266,0.005948832459646849,0.0004599735373224306,0.014900380566103804,0.0066630109958420915,0.005948758566658721,0.004189987790382491,-0.0173756892659386,0.005179765219528054,-0.0023783743604840657,-0.002940229211018135,0.14202242834657175,0.005818594640364383
103,400,103,False,True,0.009976145512496754,0.005465328761509534,0.0010467933043769786,0.00546532434982374,0.0059707220371702395,0.0054652677627820365,0.0026822164113010126,-0.027191500269668118,-0.01618621522800396,-0.01837684241184158,-0.016186674019607585,0.00033638016857828745,-0.015560657851871884
104,400,104,False,True,0.009912781837813512,0.005437707451235979,0.004256211160405952,0.0054379013030229515,0.005164354550507672,0.005184857456303756,0.003548360289521077,0.0006376669368506272,0.015026821873531536,0.004263375393927942,0.0150264290501279,0.055510998405380985,0.0158357456699484
105,400,105,False,True,0.021148126108230178,0.015250952399300443,0.0020744216255440327,0.015264250014903552,0.01477538196776355,0.008687571941899792,0.0037705556206708317,-0.014372089010611029,0.010114285733952412,0.0027833371177339427,0.010112117196684185,0.020154334819390288,0.01573245992832603
106,400,106,False,True,0.002158811030686512,0.005913098962603357,0.0004682659431591318,0.005913326260244144,0.007256051449827057,0.0058574707430786585,0.0019561436786481355,-0.007564577223307526,-0.0004938035395007745,-0.00567174077779975,-0.0004941764299607421,0.05125113919450262,0.00037372252165088216
107,400,107,False,True,0.003062331601523333,0.006732341822466399,0.00044751250632215267,0.006735212465752715,0.008268843419554639,0.0066595709032063015,0.0009489252854765235,-0.030782235054953092,-0.01925831329914164,-0.026756720415103536,-0.01926131098018148,0.09894398238957901,-0.018359145319845255
108,400,108,False,True,0.0056495544191312915,0.004190361247600557,0.0010011795343961227,0.004190812267496958,0.00435559224403188,0.004190692809341453,0.003002979829230332,-0.00412146623716669,0.001282678095906551,0.00012454509091252563,0.0012823404414490903,0.03504635752651883,0.0018877548648349174
109,400,109,False,True,0.02400573799745334,0.006431030463299694,0.0071999945791737414,0.007981230564608937,0.007965493949603998,0.0063355122000351,0.016036025249075533,-0.022913051414582473,-0.010651093352879002,-0.011391595696779576,-0.011601913342275463,-0.0036876661529958985,-0.009885706580678708
110,400,110,False,True,0.006764395685732014,0.00512260216391732,0.0007380061268839218,0.0051181590006048995,0.004174927619737828,0.004031105838761348,0.0020998603525496013,-0.003669433632683957,0.0027335693081523616,0.0018093352300043854,0.002733775800302123,0.06647955398990209,0.0038895204671489103
111,400,111,False,True,0.03012217588633251,0.007300047020036501,0.005771878058873998,0.0073327798098056125,0.007398595853378257,0.0045426097232430665,0.008734627073730789,-0.011837051686532379,0.006033365142217431,0.007056441119622099,0.006001951574832721,0.03977689500700496,0.009297631434172643
112,400,112,False,True,0.013765473441469344,0.03752064884996861,0.011074854131477787,0.03236217148225882,0.009354740688225347,0.007312645170254338,0.014740748303905779,-0.01563589777952356,0.007036177656012832,-0.012864311211016353,0.008703992565089677,0.19459628155032024,0.02053361833317878
113,400,113,False,True,0.007568761430735894,0.006684559073848443,0.000833447975985414,0.007889317696893846,0.007205848684955068,0.006684424337841506,0.0032707112277173558,-0.019109660162253756,0.00053007095167656,-0.009691196205906267,3.72633357088148e-05,0.08478785631066878,0.0011649354448636795
114,400,114,False,True,0.011412275854831946,0.008648801172867163,0.002315612121770378,0.008647290362483224,0.01000582089537241,0.008648697769319692,0.004280494652009962,-0.024606022332940656,0.0018482737865774368,-0.01627539865400198,0.0018489608910258327,0.11978462668806408,0.0024906651997082807
115,400,115,False,True,0.0267345628294828,0.028977087973330318,0.005480526195679628,0.02900812885888671,0.022522226890051265,0.020327009246475177,0.006710638232096914,-0.011513215341035834,0.03169576635977386,0.01236753940917182,0.031698032462078383,0.27967255942549946,0.0370202904395356
116,400,116,False,True,0.0004197526594107051,0.006765635002652882,0.0007056763954343101,0.006768139697917586,0.0065691445903741305,0.006823790459046682,0.015130577637653,-0.010803336701028239,-0.005818901648834647,-0.010811523796945624,-0.005826854822255658,0.10945817468365349,-0.0050783102357724735
117,400,117,False,True,0.017775744848841778,0.006124367064861875,0.005300976511132315,0.006123278847930747,0.005538127189544977,0.00510052064745367,0.004492208748901564,-0.017600111063891914,0.001946789753979026,0.0027236652590671294,0.0019441349709912537,0.020555735074388473,0.0033430073808400906
118,400,118,False,True,0.008969359327193595,0.0077219094188247074,0.000532867061299145,0.0077871161321242935,0.00479220723424318,0.005279423596315148,0.002471521314279346,-0.01644413754104211,-0.01008111949537245,-0.0120313115217711,-0.010082760921624363,-0.0074653931309962476,-0.008501498756713355
119,400,119,False,True,0.012512684731136578,0.010247128419855787,0.005356503241104111,0.010257189829161916,0.01033828950048244,0.004144933680842524,0.0032095279357362604,-0.021285279992527172,-0.006226820151746111,-0.014732308752336155,-0.006229006032735391,0.005679198794745713,0.00025955930620311096
120,400,120,False,True,0.01010524038426572,0.006656690355611159,0.0014041755319260738,0.006656837429959279,0.00647031185791113,0.006008483693627736,0.003082212843427997,-0.011804481305293468,0.0052382544946071264,-0.0034698478588563483,0.005238009367594962,0.05256729148079762,0.006222443146173276
121,400,121,False,True,0.013253200315387174,0.011014980949371079,0.0021056155431123003,0.011017331356126196,0.006913453929783365,0.007948023157352997,0.0038007628555199076,-0.011515155810076446,0.0037405550859752525,-0.00021788431647301183,0.003739797326334795,0.08842222657524346,0.006043694055884646
122,400,122,False,True,0.0016892604271476958,0.004523916843245127,0.0015341477012480542,0.004806804082831399,0.00574239930825252,0.004524123071648103,0.0015915448818056802,-0.008421336597776002,0.0004446520194039749,-0.006054102252678997,-7.82572424817829e-06,0.03561888971126837,0.001051993301491
123,400,123,False,True,0.0025088619205509972,0.005373157044135723,0.0008512830975327481,0.005373273386471118,0.0063923168198744265,0.005373075432949559,0.004913646768594909,-0.008224103436402065,-0.005341930060299128,-0.007643417445799455,-0.00534226564768531,0.00956805423095803,-0.0047159981566771425
124,400,124,False,True,0.01355019536330442,0.00401952809521822,0.0004041916105030329,0.0040195925005824,0.00395379287995185,0.003873760957547179,0.0017377152998299464,-0.011480739876171488,0.0019116641700782822,6.391352535662642e-06,0.0019114835548261588,0.03527931809706752,0.0026219489671757135
125,400,125,False,True,0.002292486036418066,0.005779058710699391,0.000570512014608344,0.005771412276540293,0.006503974738132032,0.005779347386171458,0.001749045118683202,-0.0190671134179158,-0.014866896868832687,-0.018114021986008005,-0.014865695175829127,0.02441530085675707,-0.014237251291531208
126,400,126,False,True,0.011225829135410535,0.0054514002087218735,0.002787821373202182,0.007760900162501217,0.010351207382833415,0.005451280354033878,0.002223824017920427,-0.03054177330190136,-0.008642323274052953,-0.021231123972994457,-0.010725961845161915,0.05988162987899351,-0.008013946384211115
127,400,127,False,True,0.011963343716202349,0.006480692994880446,0.004610528447340379,0.006497100248635574,0.006739814228650178,0.005347103423388569,0.006586904862273058,5.696510479693176e-05,0.015209658035859696,0.007736070228442526,0.01520243786057108,0.14483124942148107,0.01658091046439418
128,400,128,False,True,0.02987398066205664,0.006255682235124055,0.008632383949900447,0.006256830405659712,0.006973387763650647,0.006009082299082148,0.01047186678361906,-0.0053604454585089905,0.018669581165427048,0.009153851917461115,0.018668855362105337,0.030551711518617672,0.019848340450379753
129,400,129,False,True,0.003842734957264818,0.005744190287570268,0.000498423287660838,0.005744302884198923,0.00568581899269285,0.005744189457926699,0.004525614790440664,-0.018541413053872115,-0.006541017296945171,-0.01329272944834856,-0.006541164821386118,0.03377865278332784,-0.005906707904029973
130,400,130,False,True,0.007446880849441544,0.0056395522344091994,0.0009924127550263863,0.01141506588373182,0.011152667228483883,0.005641894607770286,0.0027106328811434986,-0.005874367277347012,0.006169917404309171,4.4549780440487074e-05,0.0014130936651513615,0.09340943430082231,0.0067967954666067615
131,400,131,False,True,0.014016237460031791,0.013071040679321095,0.0008302510270750587,0.01304065046859152,0.005074784180313692,0.003942261427501009,0.0029966867972317963,-0.013958319638996738,-0.004252334768353148,-0.005556840400946552,-0.004261600988239369,0.11350780541841096,0.0025723511964671347
132,400,132,False,True,0.010614275370125442,0.011835472094319777,0.004133727025861904,0.011834933325560924,0.01357571843574408,0.01183367724556049,0.0147900269635993,0.0002869175907367128,0.006587230902672641,0.004104560133413584,0.006587243942779822,0.10319015681452276,0.007417626305024683
133,400,133,False,True,0.007366773466495606,0.006602113603950097,0.0024401463080818125,0.00660560719943507,0.005526311953339802,0.005439524523448489,0.0029092883938438142,-0.010453870204085008,0.0015085819247650889,-0.006569386979548213,0.0015049798505011758,0.07215574309236156,0.003105281367567589
134,400,134,False,True,0.0036519304117348544,0.003827890151030736,0.0005306548189637503,0.0038278829946071687,0.004025273764545257,0.0038231709078257593,0.0027678424700729133,-0.0042996106182819965,-0.0002473831587946052,-0.0021333541651731213,-0.0002476781610367951,0.011461837943880848,0.0003670422853004063
135,400,135,False,True,0.012089181054752643,0.006986671338564659,0.003581094429589759,0.006992604351046299,0.004598304920609161,0.003852702722908568,0.007462903370273823,-0.006227992568258184,0.003177931341255622,0.002571851492710572,0.003173962065991898,0.012047965849443844,0.004366868067971874
136,400,136,False,True,0.027325281093085345,0.008021010003324426,0.0009212927637335189,0.00800709687558387,0.005309181533767125,0.004966058845668826,0.0032674515221413716,-0.01440665380864169,0.012726946029467676,0.009329717645125673,0.012725362687484499,0.06827575569499622,0.014874811240546848
137,400,137,False,True,0.0021320483038291226,0.0048194174351270215,0.001212455680572144,0.004777251154277824,0.005777938196931012,0.004820831648774782,0.004721681258758126,-0.007009065131513831,-0.0037127883361787895,-0.00515304432202268,-0.0037263037995640146,0.021814389264928985,-0.003109965813609339
138,400,138,False,True,0.01634077566396945,0.02762808986300628,0.014295925817818932,0.005406021591479137,0.00597231286341108,0.0042309501830634375,0.011162786454580399,-0.0062974992184067526,0.007756958362401072,-0.003750920018110756,0.022265084469721048,0.1769631276347689,0.023472234546567425
139,400,139,False,True,0.016306094985104897,0.0042678918856504065,0.002678546560208013,0.004485747721057122,0.003961243001739711,0.00415625649060669,0.003440926643181906,-7.362221167289823e-06,0.014577810420990076,0.01110023816696486,0.0145366831553104,0.05528193511409882,0.01534619275278272
140,400,140,False,True,0.0029951541209597963,0.0061416387523539374,0.008130168599513661,0.0061415672995145006,0.006553295259822037,0.00581074750341332,0.005927919444090916,0.01610497619991689,0.020288103657069387,0.013589009733887223,0.020287799451043684,0.04170323476752795,0.021337428649893422
141,400,141,False,True,0.0020595994484642324,0.004415531284150516,0.0008390832692942414,0.004415771050507023,0.005775518258572353,0.004415840474706023,0.0017694189897567967,-0.00721172424250283,0.0011526114483220696,-0.0045384391112390865,0.0011524802750144047,0.06727414753599151,0.0017829244897306917
142,400,142,False,True,0.0005971554444241311,0.005112654499936024,0.000519189926137863,0.005112758950049407,0.004811308451529115,0.0051125085314753195,0.0013545927056737514,-0.007452361070336378,-0.001113908032361053,-0.006793221612680141,-0.0011142611779402145,0.022583255070211798,-0.0005112374960282717
143,400,143,False,True,0.021331367281350485,0.013545547945635571,0.0008116546722799079,0.013546536752714335,0.009109795271800563,0.005856369541626378,0.0052020190603862485,-0.008199453543112686,0.00591154138177485,0.008798688830609957,0.005910836940097415,0.055545555729937045,0.012465897447786492
144,400,144,False,True,0.036034565837820935,0.008799766286792165,0.009146037209107288,0.008803536924029264,0.008208738750520007,0.006605039417638994,0.005456640529798516,-0.004477125740536191,0.023989223742137095,0.015399234720506801,0.023985806414679303,0.06724678553762774,0.026721722115288907
145,400,145,False,True,0.034175391547975574,0.006424611252198897,0.023396476991462953,0.0064247133421305395,0.00631974244628587,0.00640462534547619,0.01970777913319961,-0.008310217472185515,0.01047083981984784,0.0007438396922507395,0.010470595326871042,0.010724689258835856,0.011075055925913818
146,400,146,False,True,0.0028845022442978347,0.005139919032884398,0.001010823429465948,0.005140023855333935,0.004572873120263656,0.005139815615399414,0.0016710955846662393,-0.020522986696192135,-0.01062545858226219,-0.017628240584641488,-0.01062563885710798,0.03056595670300668,-0.010012108109046625
147,400,147,False,True,0.013049923776357258,0.0053385651459274455,0.0003178200897083855,0.005368304887605005,0.00588075352006571,0.005313443091254763,0.003826844046884862,-0.008916032110769375,0.007498162671859153,0.00353596896236808,0.007493157581606997,0.055602446760913755,0.008123702764647106
148,400,148,False,True,0.007227324248435735,0.005622522726027754,0.007615995301196107,0.005613108980475786,0.0065407918652466025,0.005622641931467082,0.0038306832444175197,-0.011589045574357594,0.005116451815005529,-0.011917253751876413,0.00511602794433287,0.15052236958723722,0.005777881333679513
149,400,149,False,True,0.005670350053534068,0.0048846480015070646,0.0006083292898359269,0.004884650557097487,0.006243871071896383,0.004884539976731262,0.0018832934790285205,-0.01889062329801008,-0.005246970636309616,-0.013275064919484379,-0.005247070349776077,0.08538520623717111,-0.0046020123784827754
150,800,100,False,True,0.009889238276827217,0.01008224181787098,0.0011179566220020655,0.010090136251163584,0.00882210659098766,0.007173685772474162,0.0041077459728374385,0.0008902008504655723,0.015101215354889118,0.009446479532969607,0.015094766013246268,0.1504890039335155,0.017216691507917492
151,800,101,False,True,0.017814834935476854,0.008354601578953062,0.000654436276581729,0.008354965337566772,0.007267256676352043,0.006720391935479714,0.004293664305228444,-0.0016033986245670595,0.013333061960086106,0.008293108386659968,0.013332550073439347,0.06631495941293698,0.015241390918560374
152,800,102,False,True,0.014415744247070195,0.005546780087450854,0.0028250152752143333,0.005511603766135404,0.005758025755934783,0.005482218832013903,0.0025526897699388344,0.0023991304716696085,0.014891378446937971,0.010771867867251192,0.014892230610740534,0.05042393216074188,0.015239014405468293
153,800,103,False,True,0.017620769638484125,0.0043812429018920416,0.0009648968436485223,0.00865214930657808,0.004557018315133512,0.00431602963757864,0.0022295637981960266,-0.007502846594541598,0.006143501098635013,0.004887805858955196,0.0030436329307395836,0.09713517358627391,0.006513076005296922
154,800,104,False,True,0.006239010167658515,0.010268224487912253,0.005290823112048858,0.010156430879240579,0.0070997690861245265,0.006027601721938129,0.00267339005401074,-0.0003843709914888455,0.009413480988062571,0.0001656295471493574,0.009392603556954508,0.15720787148971777,0.011724229137781414
155,800,105,False,True,0.010744488745044835,0.004132545433766482,0.0005051063163604497,0.00413613055239557,0.004666131309866211,0.0041197794104878,0.0024583689145060705,-0.0005281375043152142,0.013724226989649466,0.008447671147200663,0.013722907093603425,0.06485781671051892,0.014110882071355302
156,800,106,False,True,0.02086076821964016,0.006665237652700484,0.006461497054122228,0.0068654953725967305,0.00796239783106322,0.006664776352190205,0.00691965600619773,-0.0009247184100070283,0.014308807920762253,0.00975662558497882,0.014206731766633283,0.029135119601635236,0.014909273266619366
157,800,107,False,True,0.012119226643100708,0.008342412968282547,0.00133537917139556,0.00835068329721676,0.007259337364373868,0.006422811034033426,0.0032377643261332265,0.0008149541668714794,0.015021390089511418,0.010474102171408602,0.015018864379471069,0.04212556588331459,0.016332888757284114
158,800,108,False,True,0.006744648341605086,0.004647861419525327,0.00031914054591457443,0.00466550114905061,0.005121547293553467,0.0045635864367118495,0.023259801156253822,-0.011389067590041387,-0.0012708581055394497,-0.006818025021648815,-0.00128200816492825,0.03572873421410108,-0.0007813024596332596
159,800,109,False,True,0.002449841386747824,0.004089665140577161,0.00017670939096662032,0.004093258898812365,0.004209329095984041,0.003913378283171425,0.0006681435118229436,-0.009617709250346131,-0.004312851000331932,-0.007567953962019891,-0.0043159530878517675,0.08106821276881669,-0.003794718986606646
160,800,110,False,True,0.005397555272375664,0.005212116089310328,0.00033149975414907177,0.005212500869980461,0.005227153520998387,0.005212322969461727,0.0022791661956026066,-0.014292223207804038,-0.003645374938813468,-0.008144995799571423,-0.003645686546915208,0.04796884942672636,-0.0033226497149511647
161,800,111,False,True,0.010176716949567025,0.006834696482585418,0.00041307323204027823,0.006799136567030399,0.00715079902381065,0.004949571711766128,0.0023565523287155388,-0.0049583330546124965,0.006808409419318266,0.0038566034123207306,0.006810084898861213,0.05629644128847605,0.008866707057882575
162,800,112,False,True,0.005990112562166802,0.007307966631334132,0.002461001636076749,0.0071690803804668,0.007436418532041229,0.006701718962618269,0.0034643766004799786,-0.0014215175649931356,0.0106945151124712,0.002233056610523102,0.010758562402870932,0.08772509680955806,0.011451955883042222
163,800,113,False,True,0.015827101893543482,0.00700472406882907,0.004654034926240129,0.007012907954055733,0.007358696900124139,0.006849252820082058,0.007403436329335172,-0.005779591714038681,0.007976424070788326,0.0031056042683005403,0.007964630837545492,0.04967530910842886,0.008373111966775704
164,800,114,False,True,0.00943318691622694,0.005658139918190573,0.0007496509907088978,0.005653318235720819,0.005449363365247633,0.005258557990214831,0.004488379638974347,-0.004057555876445384,0.011966252573808732,0.00451633749506553,0.011963905921965222,0.13710939493971683,0.012530929213968645
165,800,115,False,True,0.0010339038486379792,0.00506809380691009,0.001131387556255533,0.0050671440089880195,0.005637791060938171,0.005068096050688704,0.002096334559535601,-0.02302545944671736,-0.01486101934618814,-0.021372448605474242,-0.014861463915161029,0.03427645217103731,-0.014541295070678445
166,800,116,False,True,0.00384481932384612,0.004490828240155613,0.0006483701028198396,0.004489813126654971,0.004137140917090743,0.004490819517097681,0.0018411006189778742,-0.0126142537157272,-0.0021993584324259707,-0.008122186024578083,-0.0021986139068252974,0.12527343277640898,-0.0018859884014080508
167,800,117,False,True,0.005329404451559009,0.004851738879329911,0.0012631062104995038,0.00485186170075056,0.005684175122759579,0.0046981196115767785,0.002987581116791341,0.000917833764048887,0.005557606023497819,0.004208549521071698,0.005557324051926056,0.059642013347785294,0.006028531179459992
168,800,118,False,True,0.01084213786188366,0.004530920667192126,0.0008300233620558622,0.004530903602174363,0.005903909750545735,0.004580073385679254,0.003782480216707683,-0.00386877143660802,0.0066177593205418005,0.00361575367711026,0.0066172940593933124,0.015779400124060903,0.007012875130198312
169,800,119,False,True,0.0035102506095583343,0.005285834730493981,0.0004701819142861423,0.005285910323953405,0.00543850863893389,0.005285886603934397,0.0009464563295951602,-0.012476818980109565,-0.0035485224872957135,-0.009613168173530376,-0.0035486036724367053,0.06277517840188437,-0.003237999842565023
170,800,120,False,True,0.0048772018266082014,0.005041462656120066,0.0005199964250870657,0.005041363737079842,0.005418981038078507,0.005041492478044599,0.0007462319205501001,-0.014676990534663844,-0.007593659596160727,-0.01029520736841504,-0.007593329236951796,0.17546878465593083,-0.007278996002610255
171,800,121,False,True,0.0009728441252762317,0.004649239181844217,0.0007694697294809279,0.004649515947886044,0.006098887100932419,0.004649556305262925,0.001884441322311845,-0.008193026104818162,0.0007834495459521663,-0.006938483791938292,0.0007831946811051438,0.054213752447300256,0.0011037487301251148
172,800,122,False,True,0.0035865208995114807,0.00604396958096811,0.0004215879514271439,0.006055090514824931,0.006104008364251263,0.006046647174543363,0.0005297697618429917,-0.01652114275728635,-0.007168211221636085,-0.013488415819960152,-0.007178522907107095,0.11194982923920897,-0.006763395657710308
173,800,123,False,True,0.002354492790334545,0.004777110987929193,0.0006004933403987859,0.00477727606977561,0.006141635488419388,0.004777402657222076,0.0024651666122780633,-0.00838322391545161,-0.004435044937259853,-0.007091442632342496,-0.004435210913590364,0.028728284394439994,-0.004127057142513171
174,800,124,False,True,0.0002475085697177578,0.004936432616411307,0.0003962264770666196,0.004945177301955219,0.00607416651676582,0.004921268378376016,0.0013026390592223137,-0.009156193660770019,-0.0028479283837465987,-0.008960682750599696,-0.002856442712953147,0.0477996866070546,-0.00245904637314584
175,800,125,False,True,0.006169227645282155,0.007316450737154057,0.005479712714290419,0.007316675108965474,0.008172707978971298,0.00721451474923525,0.003197127086398785,-0.010396286384367166,0.012936576614264582,-0.009202457405210453,0.012937160789659164,0.29984131198485825,0.013293297424833164
176,800,126,False,True,0.006924000586653678,0.007514290403824556,0.0005948021281406359,0.007554873274479155,0.007874660143455774,0.006313370957849829,0.0011177744940742875,-0.00469307227874344,0.005786393314613641,0.0015611257723085361,0.00576902188838794,0.04524437807812252,0.0067935000209977114
177,800,127,False,True,0.00534154523534227,0.005650967112342254,0.0005241773872376988,0.005660766353805164,0.005062576107988275,0.004337860336742118,0.001623147051064449,-0.0028935263050469183,0.005983179005780635,0.001177426331021527,0.005985704456700276,0.104291042593701,0.007352881727399702
178,800,128,False,True,0.00979078263996472,0.006441826045493721,0.005800729456744749,0.006442146972033666,0.00733466418238856,0.006479407329588882,0.005072129797032536,-0.007286754990043943,0.014362346504820031,-0.0033464569458227763,0.014362130490318918,0.201875528235615,0.014738041857173978
179,800,129,False,True,0.00038506363879820573,0.0043369052054585445,0.0002498840607398471,0.004348741122908515,0.00488070404719368,0.0043736532761734495,0.0007557108381733796,-0.00948665516549317,-0.004341203607997422,-0.009115108235962167,-0.00435316488274843,0.0651291065025506,-0.004003090015127497
180,800,130,False,True,0.013128777723739438,0.005580787826117076,0.0007116078303498867,0.005581556028663245,0.005686631841914213,0.005581619387562573,0.0014309536414133933,-0.016826611779933005,0.0026514222844235746,-0.004612696279297406,0.002651234719039106,0.07398019054442152,0.0029588038085952145
181,800,131,False,True,0.010503226571697753,0.004399289367829552,0.0005408794216764653,0.008815144741558966,0.00553304994140218,0.004415834240412722,0.0011602171856563176,-0.010898023136945385,-0.0013438456385185128,-0.0035756362873094454,-0.0035658364049704974,0.048592788197492014,-0.0010125551402912075
182,800,132,False,True,0.009206711413561032,0.005555480548740321,0.000561476481560554,0.005566746107297376,0.006414454340911605,0.005226209748379232,0.001461059845001853,-0.0020894417332155703,0.011627424358189949,0.005187691386365064,0.011621111562310524,0.05928573505806762,0.012127759999422838
183,800,133,False,True,0.006817979457701381,0.006840669982625721,0.00032593343245314354,0.006843382443325901,0.006662923754166717,0.0045448345336643985,0.0009504315860416671,-0.0005242891110334514,-0.0005303556526334141,-0.005155256898035015,-0.0005312461924489042,0.03719068732336659,0.0013619666162762306
184,800,134,False,True,0.0038066630052128385,0.005254664096613377,0.0012193951412777016,0.005254559349070277,0.006567967496614511,0.005301236831739258,0.002780802524059427,-0.001138091713362796,0.0034577708769202966,0.00099398163629838,0.003457662399731891,0.05634912558252411,0.0038098591618753452
185,800,135,False,True,0.0014621576447200527,0.005109820068404337,0.0015140972474273389,0.0051099293636366295,0.005931475598628827,0.005109859174750703,0.0027393096018450995,-0.0022620409149984168,-0.0009126720249299147,-0.002222013959038058,-0.0009128450655657262,0.017922893711256833,-0.0005988091923634226
186,800,136,False,True,0.005049214964704733,0.007392600159670067,0.0008866668598386607,0.007400623159607436,0.006625956897379023,0.006831677281297459,0.0031485247160504388,-0.00610668793450418,0.004312184212989863,-0.0011052607383202396,0.004310477771024779,0.09285746930977151,0.00504051938556635
187,800,137,False,True,0.005720958791865765,0.00620817342692729,0.0010530509467551923,0.006216199153841084,0.006453089754718068,0.0053147349062859,0.009471798633749258,-0.004095537688012831,0.0019990314137241683,0.0002869980920482285,0.00198788574191731,0.046295269404782145,0.0030283554025375414
188,800,138,False,True,0.007390129897379465,0.007636953577312811,0.0005820708155707283,0.0076371379498589706,0.007233092341522537,0.007636971776771845,0.0022207200851516386,-0.010218455767035624,0.003808885142753802,-0.003811655593684987,0.0038086217882591458,0.07049713632548302,0.0041296265708788416
189,800,139,False,True,0.0022940985890291935,0.004426804135653242,0.0005260639357095491,0.004429728811529328,0.0057112020788699525,0.004461782578986869,0.0017269380581136236,-0.004598408303136355,0.0021437843045044504,-0.002301326453060391,0.0021350031870726836,0.04222962139308995,0.002447669473816208
190,800,140,False,True,0.0056861893579119695,0.005585664829461061,0.0003409972089769974,0.005584535849024752,0.005989041835281289,0.00558615951301375,0.0018071056671264095,-0.005787441042377767,0.007490002138317528,0.0007356274864952755,0.0074900482161232955,0.13799641468805843,0.007805773777243397
191,800,141,False,True,0.003766420678509014,0.006066165298703355,0.00021898664734527974,0.0060666370943951095,0.006968936830905341,0.005014886006387839,0.0009160340508530644,-0.006675481788723696,0.0007593590349473978,-0.002281117137736532,0.0007585960035234685,0.06969592447241961,0.002503103869710213
192,800,142,False,True,0.0005006669920997749,0.00484123679739179,0.0004539615818606484,0.004841820307758211,0.005860567460044838,0.004839737819468006,0.0023391750422657176,0.00014744010267221636,0.00806748692914642,0.0009724420868163022,0.00805938884789546,0.047955445348127214,0.008425715439050976
193,800,143,False,True,0.017358396092962445,0.014337345027136694,0.00417729630546315,0.01427618229790337,0.007968073337474168,0.006127565387975423,0.002927385034221207,0.0035127438057398785,0.013408254974005286,0.011721853907925787,0.013384328874725356,0.08030787530565398,0.016969078295761414
194,800,144,False,True,0.0012566063394158814,0.004979967194663495,0.0004889782765939676,0.004970495580525083,0.006054436993695409,0.00498020054445179,0.0010654883249032513,-0.014278157400035718,-0.010875287055971228,-0.01393854791427911,-0.010900740995343447,0.028752601661153978,-0.010562664311849351
195,800,145,False,True,0.006817062113389156,0.00454827887297329,0.0003717134986593749,0.004557053719731028,0.004939425980363294,0.004547466906078671,0.0015280280468723565,-0.0075133150283674364,0.00348837530676974,0.0007320265368061903,0.003478090577111814,0.0728262658976643,0.0038009686487792543
196,800,146,False,True,0.002745923857908563,0.008902155307158268,0.0008453547898518522,0.008902357523164378,0.005507873335765841,0.005283110515971482,0.0031927053157714573,-0.0017653863802967035,0.006430177322290476,0.0007870280641863492,0.006429663435373776,0.15694252638773956,0.009298114071872088
197,800,147,False,True,0.008066286200298667,0.004760094440969774,0.001124949636853364,0.004755566591205253,0.006623414844584797,0.00432193949233718,0.001879649109169675,-0.007142956557955493,0.004625636909676488,-0.0015066771385449562,0.004590757484815082,0.06468309721313424,0.0054951739816161554
198,800,148,False,True,0.005287235460613018,0.006093682344767501,0.001635764514656831,0.006108268510514738,0.007025107963392675,0.0060053887063479935,0.0016753967350947474,-0.003242411155646459,0.011061151068670156,8.429100438043679e-05,0.011051524790781482,0.12659079241477347,0.011398899229316542
199,800,149,False,True,0.012463080697431506,0.004044427554900903,0.00402510701318273,0.004012802415926616,0.004280254225200704,0.004031465345564217,0.0008216121557700519,-0.007237834888185643,0.008613291074671387,0.008841902409267223,0.00863311255827874,0.12588330114286397,0.00898264976833979
200,1600,100,False,True,0.001051101836162194,0.005458020777866759,0.00029510865949030295,0.005457522174901396,0.006573073336480801,0.0054678454341668195,0.0009569725679855628,-0.0006002047371019642,0.004010950051481359,0.00010431548681908154,0.004010564763377058,0.06236543118633845,0.004248358460614457
201,1600,101,False,True,0.005960198357028051,0.004780135458732611,0.0002973044861393277,0.004780160148841292,0.004839443218902173,0.004723883890217781,0.0012813212846621233,-0.002536907725831195,0.006948187187134778,0.002502301426759711,0.0069478779139392445,0.014806671573999708,0.007124479820361032
202,1600,102,False,True,0.005118918891404388,0.005913433484524669,0.003514657264776073,0.005916274942239969,0.0059678506991638096,0.005142238644924269,0.0032665778107714956,-0.004187279287030926,0.005272046896753437,-0.00281280560955328,0.005271041785792594,0.15284009557319117,0.00619020767814478
203,1600,103,False,True,0.006508050793714123,0.0056302997077086895,0.0004333957414426415,0.006552113722862345,0.0067392451429844746,0.005541313967273555,0.018123688861725797,-0.004183540315992956,0.004936106754550682,0.0007611924995927761,0.004572843690476169,0.0203156962607774,0.005208950262626175
204,1600,104,False,True,0.0012600154006333025,0.004806770750262008,0.0007628058412424296,0.004806429510000285,0.004652383872128618,0.004618122694232025,0.0009495660786753276,-0.0017053976207956024,0.004462261720696787,-0.000787757231953467,0.004462606791901926,0.09826681350807498,0.004800817290902176
205,1600,105,False,True,0.008358741859051062,0.004303364315541965,0.00022994188652844926,0.006119352893155761,0.006250722327675941,0.004303617322230339,0.00045363385603713544,-0.010410140498669078,0.0016771593270017249,-0.003948711980667447,0.0002184206604389516,0.08000172711023008,0.0018307088527092924
206,1600,106,False,True,0.007997284076836912,0.005690994234857322,0.0004725914797273529,0.005704202377796317,0.00534883932240474,0.005215814332749525,0.01101776374833424,-0.004870367898477415,0.007036337728401599,0.0018472438962565546,0.0070283548221161144,0.10667311675979559,0.007535767940014787
207,1600,107,False,True,0.0025360042823344975,0.005561595878055369,0.005626930164149333,0.005561600971630806,0.006276491405508462,0.005549695222189684,0.0014130195602935203,-0.004498422241897834,0.004214306202344655,0.004264293392558423,0.004213990121424658,0.0830537378277505,0.004394119547060246
208,1600,108,False,True,0.001755914971369588,0.004625140413970735,0.0005424197363174492,0.00460113456530329,0.004902554816727398,0.004618067227418856,0.0015318187176221966,-0.006069533743393124,-0.0027906233947412318,-0.005070891230872603,-0.0027950924772275343,0.004473827121215024,-0.0026366098654656417
209,1600,109,False,True,0.010683369486519904,0.007098132543563621,0.0016396671541681858,0.007103365288843449,0.0069752836144953345,0.005725482717716639,0.001871655064680558,-0.0018261315216608132,0.006984449985716115,0.005581088293845653,0.006976523668207016,0.02171603670558266,0.008302188887647804
210,1600,110,False,True,0.00045576816311712,0.004478657936760655,0.0005544795370543615,0.004641404335486336,0.005639116731495008,0.0045305195401676695,0.00082575170977263,-0.0024217351338732874,0.0056106044483748545,-0.0016216355970435257,0.00573571625188892,0.14794508102332415,0.005852169982677763
211,1600,111,False,True,0.007729528733280002,0.006865452530427791,0.0017779140287860298,0.006865650049338741,0.007298262510165543,0.0068654481950295295,0.00127920656971511,-0.017205134268835357,-0.003382036579611185,-0.014477326541182412,-0.0033822149486176655,0.16201300392225707,-0.0032220934064784157
212,1600,112,False,True,0.002388875279674403,0.004988722251751401,0.0006186499678123646,0.004994761336614542,0.00562073583005118,0.004886229378598555,0.0024771144823756384,0.0009010127042215233,0.004313710739914498,0.0022324285721239605,0.004307838360475565,0.015489779255995569,0.004600868653589385
213,1600,113,False,True,0.0004889449013291241,0.005492550884425138,0.00029459837175680316,0.0054928837664942175,0.005990066156691986,0.005487672821207852,0.0002663752248765783,-0.007505088364622425,-0.0007847103178674786,-0.0065355881944580895,-0.0007849332834178391,0.12230961565700026,-0.0006274801660320628
214,1600,114,False,True,0.00123760353515696,0.0043897086352061064,0.00019501669445620592,0.004389676522482291,0.005173327971947223,0.004402460915232734,0.0017266486573155413,-0.003913428035106625,0.0008027291904788037,-0.0029340859764578177,0.0008023490179759207,0.03201579071157004,0.000962457014687404
215,1600,115,False,True,0.007909360878939788,0.0048990677702256905,0.0004932624209770392,0.004899207004907683,0.005454126609162014,0.004869951839752306,0.001100175122885217,-0.001391953645111905,0.010001358631003576,0.0030128822004138567,0.01000096898528671,0.15074486144449156,0.010191022974204267
216,1600,116,False,True,0.0009968950765811653,0.005927598935843984,0.0005363544143954155,0.005927721477045313,0.006892874342864488,0.005928117031346841,0.0013125393398162653,-0.0038164054092163515,0.0008475277873430543,-0.0029549545730774424,0.0008473500491877672,0.06080902658972857,0.001006500780663111
217,1600,117,False,True,0.0043782048776118835,0.006313972337988892,0.000604561710450063,0.006204075658088313,0.006841705216679566,0.005837751976451426,0.00416538316796386,-0.00396793460166584,0.00802124704220006,0.0003126756137059936,0.008022724932552735,0.17879605548994498,0.008739815433877238
218,1600,118,False,True,0.004256217473453951,0.006860340131801249,0.0004175566775689578,0.006841881214469522,0.005841441931842574,0.004896982496021823,0.000954468958547801,0.0028001212757470593,0.007868779790321358,0.00581479700340916,0.007861726693638271,0.05893295930889348,0.009402866148229855
219,1600,119,False,True,0.0016286675876882911,0.005477618093341051,0.0007509176070372987,0.005477605771599356,0.0063154333142056915,0.005508014233128478,0.0012756396303264244,-0.00270909916151794,0.0046266744208491774,-0.0013383073738248606,0.004626863161674706,0.10754718564338532,0.004826356690644337
220,1600,120,False,True,0.0064389380329634115,0.005124911505027633,0.005157999795408713,0.005888943051134258,0.005970078682436194,0.005128763765295703,0.0014463359514586614,-0.005673398356692996,0.0010650994956785276,0.0012782041759741292,0.00038036324667162447,0.08934097935103334,0.0012219459385072184
221,1600,121,False,True,0.004417084429525061,0.006563728316093671,0.0007661269441370201,0.006625652059685977,0.007226774691610493,0.006287404476551746,0.00158126147828259,0.0017951185387635586,0.011514344369296783,0.005769828691534672,0.011506282804080677,0.051914943098263715,0.011811205224619065
222,1600,122,False,True,0.0061306039240639956,0.005925886641157727,0.00030279461407170164,0.005963263022546553,0.006289917974709584,0.004841519833914763,0.0010896749589093923,-0.0035364265151623052,0.0065658912076641054,0.0020749606084563897,0.0065575078381799835,0.012284936373469986,0.0074378837971492
223,1600,123,False,True,0.00517389342889013,0.00459834387056025,0.0006845268037595719,0.004597268020070772,0.004760304185662539,0.004541378039667346,0.0005880610744801943,0.0018137644667310055,0.010180336483188945,0.005258768488155351,0.010179836415784198,0.05802482319443866,0.010340595620407136
224,1600,124,False,True,0.0013138092200706247,0.0047628271338514576,0.0003706778490184528,0.004997703019621428,0.00522713909418555,0.004646200692516853,0.0020895656030105237,-0.0025323954070780043,0.004076025658122742,-0.0016266829869345494,0.003944601993368888,0.056772494321797,0.004377370116340457
225,1600,125,False,True,0.003975416226216879,0.0065080408551086,0.0011926777818350364,0.006508209984185761,0.006092796533426145,0.0065080403475245106,0.002766987709747595,-0.011150217802739124,0.0007270807933320889,-0.008014385745571896,0.0007269143369103582,0.10631152942237466,0.0008864692450136213
226,1600,126,False,True,0.006048562355610588,0.0060550721782245765,0.00038471616174362246,0.007772153440566477,0.0072594028944880755,0.006049256687090282,0.0010008538809252751,0.002382349678495105,0.002380067077028585,-0.00418091039607768,0.0011590655624251944,0.10669255405486743,0.0025896042358367066
227,1600,127,False,True,0.00010296858498617996,0.005477649259234212,0.00028310647963177335,0.005480303203736058,0.006152512006044343,0.005464291183383321,0.002221719859877821,-0.0023537094749540768,0.003143326231704151,-0.0022927288118644563,0.003131744965811123,0.0668756023346031,0.003312772257551694
228,1600,128,False,True,0.001639361642577017,0.00476666424525602,0.00466385647329007,0.00504782804585124,0.0051320152241542474,0.004527504392605067,0.0017446462791167836,-0.004646304163492322,0.003447321028749677,0.003679666609642404,0.0033904358055812977,0.05714673692956668,0.0038204754835404475
229,1600,129,False,True,0.0028811039340532903,0.005585145098884976,0.0006397583031352675,0.005809185825426257,0.00644040429958722,0.00562711149714232,0.0015025711301360546,0.00113216447416258,0.006840360060778768,0.002880231385894827,0.006743173344829892,0.04562062636344187,0.007014616855915604
230,1600,130,False,True,0.010337216236116864,0.006517244656204942,0.002878949249381395,0.006524090849071711,0.006122850999515031,0.005407995638742989,0.002641473555632485,0.0038067841298614676,0.013656421597289796,0.007752970550882106,0.013654503168135773,0.03834487519827727,0.014629687589920615
231,1600,131,False,True,0.004987388766346653,0.0049774601171075385,0.00022899234339396904,0.0049810358544234625,0.00580302288650683,0.00474014070055249,0.0004851305957289659,-0.0027106756842935663,0.0052273059272616605,-0.00014438516318026172,0.005222856755746648,0.04803940001104193,0.005591961120766681
232,1600,132,False,True,0.003769814632346433,0.004682117802687163,0.0002894181978865391,0.004984150896084555,0.005334156886176479,0.004655517134124781,0.000653368743140553,-0.0042747651044262635,0.0035962222643074605,-0.0008409075231839514,0.003446562846414629,0.030860422117702378,0.0037714498567440746
233,1600,133,False,True,0.0030208293129661574,0.006579967239432169,0.0009618995505788788,0.00657999289378671,0.0063860904671404935,0.00597681950106729,0.001026097407968504,-0.005073557868038701,0.002823131693161862,-0.0038631882346209147,0.0028230451173321745,0.0998118837348073,0.0034831019838549443
234,1600,134,False,True,0.0006089170849597442,0.004656328678802907,0.00022742789140704214,0.0046565109059522585,0.005049379132360591,0.00463290911691375,0.0006349482779440545,0.00035733362230430443,0.006437571424863666,0.0012594304023304359,0.006437182914996118,0.03161538676137953,0.006652942085486155
235,1600,135,False,True,0.007056000292435872,0.00507986026167061,0.000565544005988147,0.00507955404163216,0.005615857265693396,0.004683580113839953,0.001865802990721762,-0.0019208887159078006,0.011109468266950345,0.003817843266122898,0.011109552174832409,0.07783125628698485,0.01169198943336823
236,1600,136,False,True,0.0021145033185646657,0.005630425669437964,0.0004672587338879535,0.005642483637339549,0.006879315806582191,0.005607230924293518,0.0007684102479193946,-0.004960464795669757,0.004032663930883107,-0.002909524690325327,0.004024445261768701,0.09698692006800413,0.004228185900336787
237,1600,137,False,True,0.0024761164455267136,0.005466614192564754,0.00032477650573950023,0.005473621314173101,0.005878501035958824,0.005430521167164693,0.0007619494874047221,0.0019456131148625812,0.008556919062481398,0.0038905403301671623,0.008552869691527914,0.04717972830789229,0.008721398300040387
238,1600,138,False,True,0.007343871173091112,0.008242306151825746,0.001034846793576768,0.008242577911975949,0.007813385636568497,0.0077014553655289815,0.0018985125386967664,-6.982400869830401e-05,0.009502201367951511,0.004941523932010768,0.009501895623756874,0.05421184291174892,0.010113221270427325
239,1600,139,False,True,0.0005493952551529759,0.004732474806525564,0.00027384947276530396,0.006193105148519595,0.005224092009830298,0.004692517348495986,0.0005920009219000717,-0.0027445945627659583,0.0011808489367945184,-0.0024494560265354982,0.0005174237794595449,0.07140400241133342,0.0014181476944724047
240,1600,140,False,True,0.0006535431843742731,0.005586664257249347,0.0008818458648260621,0.005586666119081708,0.006707659360310496,0.005606372112135174,0.0009391804296308492,-0.0047795334284097815,0.004634025474795411,-0.003583535793541588,0.0046337252932459804,0.07302254076156801,0.004792551316563143
241,1600,141,False,True,0.0019997957937879017,0.005916377110059328,0.0005842298221493792,0.005917940543240229,0.005280953008214204,0.00497250619959217,0.0009951850140189156,0.002093670861693185,0.009555242163862214,0.003976017366650346,0.009554111499081764,0.07773273103297275,0.010462622798004098
242,1600,142,False,True,0.00589655872180864,0.0062696065841551015,0.00048124805481866326,0.006269559229983715,0.007100541051531447,0.006277841121345138,0.000670842804541908,-0.002666437893525967,0.006031172410562924,0.0013676349346541969,0.006030942297027657,0.06214381837845906,0.0062674784016092805
243,1600,143,False,True,0.0006964147840731272,0.006718670434603184,0.0004982688167014986,0.0068038001553332,0.008054312885199262,0.006650250099289535,0.0012350866599685878,-0.005264356520509332,0.0025781537765544728,-0.004470931091468359,0.0025666553088416677,0.06966251002496843,0.0028985302716176
244,1600,144,False,True,0.0049244150781175165,0.006211251095675381,0.0008514167354163073,0.006211132588038359,0.007245629151118384,0.006284111421004392,0.001830893828767801,0.0012415307846476789,0.00971826019515614,0.005508215851803718,0.009718139174579666,0.04333059608627678,0.009892949734246176
245,1600,145,False,True,0.001738177280231078,0.004953138483476429,0.00027794572780036943,0.004953130042425329,0.005383471759695986,0.00495311856893208,0.00030979586950248864,-0.0074575555568000395,0.0005289208172733418,-0.005337421407058614,0.000528846819829596,0.10924020342122909,0.0006843868720415591
246,1600,146,False,True,0.0019395325969937538,0.005000643162348484,0.0005580218856939661,0.005000703710841603,0.004583029257526093,0.004917394043113381,0.0009420411036656695,-0.002709112241615307,0.0024951716491350595,-0.0012517395049578836,0.002494904250205785,0.01783681730574525,0.002664138764276
247,1600,147,False,True,0.000889061980669254,0.005093525515992049,0.0003114624629579957,0.005090069081399307,0.005463050930057196,0.005079947307214538,0.000596948762920091,-0.0068512564357390985,0.0008439387561138112,-0.00542066165318628,0.0008393119183140208,0.015343756825105484,0.0009980879483632993
248,1600,148,False,True,0.003088538075851487,0.005760356264902125,0.001048795354112281,0.007203440478706581,0.00656343544883293,0.005697916772832802,0.0023440939592758937,0.004264560784455194,0.01306636959737947,0.0063473960013139385,0.012578030991661819,0.072777629508454,0.013353514662210852
249,1600,149,False,True,0.004224154131183107,0.005744929789718196,0.0006123887832873022,0.005744908062544174,0.006664099982001848,0.005771964146582551,0.0012679339515060857,-0.00048068869716455797,0.0065257278052338035,0.002850733663325733,0.006525592914398449,0.07190414409944253,0.006690071662190392
250,3200,100,False,True,0.0004181800849402384,0.004741909698204579,0.0003328721490816889,0.005299314160894731,0.006154442883984816,0.004776000583036307,0.0003741491165589647,-0.00402524382813198,0.0028872369171184255,-0.003933770886448389,0.0024000021181002397,0.040465396975839917,0.0029985484102057064
251,3200,101,False,True,0.0007008061223219151,0.004759245158479109,0.00037071793325019577,0.00475857830283157,0.005560117155334962,0.004684989788645708,0.0005905128764466963,0.0028950593737057245,0.0065221199929898785,0.0032302939455593318,0.006522703129342347,0.06812993509015673,0.0067813770375711735
252,3200,102,False,True,0.0015708060065718443,0.005222387529592326,0.004968885605257645,0.005290330430136693,0.0061346946576978124,0.0049364292140365515,0.0008724789657602993,-0.0009213667596699854,0.002490634221586614,0.002855908310693555,0.002482018621144242,0.034006169628451544,0.002869165769444154
253,3200,103,False,True,0.0009454911754708281,0.005014392065786146,0.0006855240414113002,0.0050119017651291675,0.0053407699386806215,0.005025343554343528,0.001458517139788581,-0.003421088142026142,0.003468293305714472,-0.0022357545547716795,0.003468015105950428,0.07196613729348568,0.0035505231111100655
254,3200,104,False,True,0.0006850345991441974,0.004658105509513274,0.0008332392848569276,0.004663293374223192,0.005564544911282183,0.004713175216545854,0.00035931868482363223,-0.010271711189961464,-0.003028291828172396,-0.009287269767462596,-0.0030403497232572366,0.01374681827264844,-0.0029309311501455326
255,3200,105,False,True,1.0425150408244149e-05,0.005524135052205932,0.000260825899316295,0.005916377345809129,0.006303937709352075,0.005194645360941143,0.00023083887750985685,-0.003219014678216156,0.0017402455875163093,-0.002986128541101216,0.0015733019581565344,0.030701531739041384,0.002344156528801211
256,3200,106,False,True,8.018492385710245e-05,0.0046628680656533176,0.00023934760408546708,0.00474199520418421,0.0054766553867096526,0.004664061210182043,0.0002163318380559508,-0.0020903147940707165,0.0021308162961112486,-0.001798567761694835,0.0020901317503549065,0.08140946714550781,0.0022086744756352333
257,3200,107,False,True,0.0004126773030151808,0.005388153764236257,0.00013236721906541735,0.00538857211490091,0.005388821427952861,0.0052983973045408125,0.0005504730112799287,-0.0030318875977298826,0.002622798229088161,-0.0025282791564027497,0.002615195035427469,0.09576791958848274,0.0027521567196586716
258,3200,108,False,True,0.0021563813683090284,0.006197402038026454,0.002147019605363869,0.006171680729576026,0.00718476921410666,0.005518072614416369,0.0033590226751068846,-0.0027185303740584533,0.0016243582444996462,-0.001907142040930453,0.0015950505433389318,0.020708246788288313,0.0023533895126386095
259,3200,109,False,True,0.0005789392365908202,0.004340327087027371,0.00029578983559253464,0.0043414158933559295,0.004785911849979209,0.004331954273862613,0.00044632986082203033,0.002997537991856494,0.009288453350527916,0.0037185981285097675,0.009289198107144205,0.12254674901368326,0.009385610127412944
260,3200,110,False,True,0.0006465108563885339,0.0048657043316157065,0.00018827750156184413,0.004657725533054298,0.005157582750626373,0.004621502132278102,0.0005338411169003885,-0.00305335196913473,0.00308299783437457,-0.001792374935080317,0.0031399676289088773,0.15629709645246098,0.0034146848233984617
261,3200,111,False,True,0.00042620514142937687,0.004319733680677886,0.0001690752491097449,0.004332637413576517,0.004868320100581663,0.00428753900765666,0.0003230687983609006,-0.0053854187648868295,-7.543082922060408e-05,-0.004652814950435779,-8.256248760391216e-05,0.06777430276550181,0.00010146424202078785
262,3200,112,False,True,0.003441626278688381,0.006225949065123955,0.0005428244011589698,0.00622164635816145,0.0065512727446707586,0.006106768858549737,0.0012459165743107642,0.0005324435596438426,0.011085836963227055,0.0038522503615178055,0.011080618164820652,0.12188480721905144,0.011228362102706377
263,3200,113,False,True,0.0020392233324049284,0.005367265198289374,0.000623757913480725,0.005395205792641276,0.005898631807496279,0.005195353367627303,0.0010532278680391194,-0.002041217591182697,0.006130365975542471,-0.0005013255189288114,0.006114043410796413,0.06397291302324586,0.006336830500293003
264,3200,114,False,True,2.3113846908310592e-05,0.005734232027701287,0.0003000204833534589,0.005735001270342928,0.006613083101792657,0.005733702010421281,0.0014132019385751807,-0.0010698022734381208,0.004972291423474431,-0.0007697923873288787,0.004970281581981322,0.08479105957348104,0.00505247193051013
265,3200,115,False,True,0.005829624482239024,0.0058329873577747625,0.0007405526234814927,0.005832295071266158,0.006791662472427846,0.005847940451450224,0.001079440938325122,0.0038565715708167134,0.0038544726770912163,0.00021738906807399928,0.0038439192620867324,0.15804031463998755,0.00393824011901539
266,3200,116,False,True,0.0008589928423518697,0.005096789844925207,0.0007493629563367285,0.0066015479572420575,0.005673468945255995,0.005102894931584276,0.0009367516520328807,0.004191865592742619,0.007406829377025801,0.004645526805184123,0.00707720633605799,0.02312815321889282,0.007512315299916569
267,3200,117,False,True,0.003894726981896543,0.005222433720784878,0.0004864095335104077,0.005229200316709972,0.005568347635598809,0.0051934062016665665,0.0015220897510903422,-0.0008005172438714525,0.005019998214016858,0.0012127983859475488,0.00500934387953194,0.0801884999171564,0.005115814299854152
268,3200,118,False,True,0.0023564630377691602,0.004533935459357879,0.00024828763772186596,0.004535662122075431,0.005298931047896875,0.004512911034105112,0.0005529401873979493,0.0016703085956902431,0.008983925152065808,0.003547804626623835,0.008995692349143596,0.11083548928698458,0.009089453310693302
269,3200,119,False,True,0.003142429244333561,0.004957262766357326,0.00031533920098784197,0.004956920541691807,0.005264856112971403,0.004746331794384838,0.0005791219285494183,-0.002946710743912253,0.0058083091137073415,0.0003045800176176219,0.005808429787375573,0.0850428584153003,0.006089739071325373
270,3200,120,False,True,0.0012279583937208427,0.005576955694888973,0.005602007634713585,0.005577334409981301,0.005590928675811546,0.005446429825943979,0.0008117014832849199,0.0006917211794583711,0.007673081755541791,0.007801366102157366,0.007672771696481213,0.09943385255999415,0.007860718851663173
271,3200,121,False,True,0.00304745399072701,0.005189967994515135,0.0002794172038058028,0.005190204785159033,0.005758994275116297,0.005190358390142747,0.0008334077160581605,-0.006074925815511496,0.0003344000434980288,-0.0035341070171636068,0.0003342154129069286,0.08481366784492135,0.00041311756043008185
272,3200,122,False,True,0.0012143158877647433,0.004964137256092882,0.0005040276555003134,0.004964063811699264,0.005909463309914886,0.0049824273397174575,0.0010566081763938525,-0.0016916954403310737,0.0035362695682088943,-0.0009332002036410823,0.0035359624321352357,0.061539189758433734,0.0036305522855816508
273,3200,123,False,True,0.0006786416554583865,0.005738628993197452,0.0005475654187469547,0.005740327768388449,0.006884702743233601,0.00534659548255502,0.0015456353088262773,0.0039378598795092295,0.008009370666742566,0.00418607162611894,0.00800937405957022,0.07573157027102453,0.008546768135041988
274,3200,124,False,True,0.007392407367330271,0.007054360019721812,0.00023417127073154624,0.006982200860037131,0.005539554572758388,0.005101099703777693,0.00032460508915957073,-0.003658861675331201,0.005403272928210577,0.0013429389461861948,0.005387858381196864,0.05793931554710653,0.006756487957940288
275,3200,125,False,True,0.0035586048141067446,0.00891108392112662,0.0003991281841398554,0.008911918559761743,0.00957194932608277,0.008920758008145268,0.0015020360740920162,-0.0004758898319588159,0.010580096507637152,0.0018006197232811056,0.010579514178301733,0.16760197307729008,0.0106642896141394
276,3200,126,False,True,0.005199320340375759,0.005724784829850555,0.0007378012519135088,0.0057013337526905005,0.0062432871376796725,0.005686613947853316,0.0011620005620295655,-0.005298848280885631,0.0020427155093942417,-0.0007916546151745266,0.002184652568156693,0.1887001225331955,0.0022618758217626406
277,3200,127,False,True,0.0016916811426533837,0.00554066394474859,0.00034794486782715567,0.005483183872697927,0.005724852923107351,0.004948133803635676,0.0007362884963915793,0.000801563244592921,0.007047126669102113,0.0021544509349749144,0.0069884247317005335,0.08229862092049237,0.0073953158646369865
278,3200,128,False,True,0.0006549945759923456,0.004730245315666813,0.0045935765374599275,0.00491990512928682,0.00490739845963929,0.004469230285598658,0.0005029100070197271,-0.00026958642204408804,0.004507113701200343,0.0048195429589403095,0.00443859099807666,0.020675544413435283,0.004858740525268232
279,3200,129,False,True,0.002897351263361496,0.006230296702072897,0.00023987890657153598,0.0068568371261411645,0.0062342319622359,0.005029218566574709,0.0004582826193481008,-0.005160975701806335,0.0020443139887835393,-0.0022820495452828995,0.0018818043946483344,0.05358315176082851,0.002882386405493806
280,3200,130,False,True,0.0007725310465937526,0.00486180508955934,0.0002740762066955791,0.004862949989363952,0.005131854220984023,0.0047254144686202535,0.0003890623598221006,-0.0005353003140323389,0.003920636163465083,0.0005460194556032989,0.003917520136574702,0.05936251002812131,0.004122279223455497
281,3200,131,False,True,0.001196144227214869,0.004511068205510403,0.0003513573147002667,0.004510636222810133,0.005378785839877579,0.004493369802846991,0.0005578831212653763,0.0004389752227294877,0.005241863032185066,0.0018826881898133102,0.005235558100412163,0.08094817928217247,0.005369198459674554
282,3200,132,False,True,0.0006561322138504204,0.004987839289476503,0.00021322481735670823,0.005312984121937062,0.00591569391565899,0.004993689628305407,0.0002150653366605225,-0.006550557828607394,-0.001212510908046589,-0.005723979240565473,-0.0013393877279974653,0.04613806995958386,-0.0011332861638280456
283,3200,133,False,True,0.002862177134547024,0.006533033370865643,0.0006689148786415683,0.006970505324429007,0.006676003237616963,0.006214468931630628,0.0038253282912600528,-0.006197051946880678,0.004337407638222181,-0.0030340866960750406,0.004048495825917691,0.07646073628131682,0.004681179105308658
284,3200,134,False,True,5.877527094725561e-05,0.0042259951007993825,0.00018264162292711222,0.004478673905290368,0.004712386269244841,0.004226343898852461,0.00029304872800458486,-0.007096459218031655,-0.002066361031667494,-0.006927231236568949,-0.0021681312327409686,0.028834604820567353,-0.0019896626359399844
285,3200,135,False,True,0.001666837542072453,0.00824904237162669,0.0003478757805123744,0.012354401124577594,0.005287011862087538,0.0045459456376215545,0.0004728966204833403,0.003361352329408887,0.008372375103225202,0.003922081710110639,0.00787618156718878,0.08538164976111413,0.009866840907999774
286,3200,136,False,True,0.0027937057764370614,0.005356421381440518,0.00038231441585303774,0.005420717377923077,0.006289331430974288,0.005343633208548986,0.0005345059311168325,-0.0017768585064891324,0.0038927667483624087,-0.0002044609820061595,0.0038698797282559916,0.06698645456379593,0.004047676715373538
287,3200,137,False,True,0.0009276068716401662,0.005317760346104799,0.000534878085616294,,,0.005213135920469557,0.0008231675582318949,-0.0019539354777093664,0.005736730627384059,-0.0010729105136838399,,,0.005897300749868287
288,3200,138,False,True,0.0036835699145884456,0.005467575727332482,0.0009154250946094479,0.005349099753861353,0.006190711691279386,0.005010724974799039,0.0020490014301277172,-0.0028108242019217904,0.009962912468776359,0.0011736859796038024,0.009978627163179219,0.2527496927536374,0.010440296472366675
289,3200,139,False,True,0.005696587866821267,0.00527240843542956,0.003036156485473225,0.005278741225736537,0.006089119539920349,0.005302129101155497,0.0009805127312468554,0.0012550973068856507,0.009917023067943839,0.002931306585512127,0.00991666556318055,0.010257485781076863,0.010010929947620095
290,3200,140,False,True,0.002342721458677175,0.008577723651607954,0.001113112754346144,0.008579443430779595,0.008617971521652959,0.0074433115156484105,0.0013315971370649541,-0.002437187496971774,0.0025333038564831333,-0.0005225280324084072,0.0025311954198304143,0.02373017758442801,0.0033593475291204267
291,3200,141,False,True,0.0011375650882824006,0.005686532239627938,0.001360197524600734,0.005685576540762837,0.006132522635110913,0.005686729731604806,0.0008731029599975649,-0.0016028664127451207,0.004901454476955536,-0.0017558361936515262,0.004901647768692214,0.19460943307444759,0.0049794613758496475
292,3200,142,False,True,0.003707264185202306,0.00832028852610555,0.0007347841570129216,0.008293300804401077,0.00602131112869966,0.004952888202464762,0.0026948335461222115,-0.0052422327359413394,0.004155907945267856,-0.00215109947719336,0.004154431437868276,0.08792714417730094,0.005591791560553186
293,3200,143,False,True,0.003662965178883206,0.00486004593010021,0.0002841073901956033,0.004859927626575133,0.005751050968695013,0.0047100120064855495,0.000442715705335387,0.0019082516053599008,0.009907628172693155,0.004720447602363493,0.009907614073243191,0.04265894596158883,0.010239078647793068
294,3200,144,False,True,0.004011690761294024,0.0052832582598967455,0.00024005429368261256,0.00528323637578406,0.0055046468107979385,0.005135450648718282,0.00027383943760659837,0.001294197161300262,0.00890286848289243,0.00426840372079557,0.00890270194156905,0.07855445809033476,0.009161325589922581
295,3200,145,False,True,0.0022219644715150487,0.005801067623411741,0.0003473210104954716,0.005801397400350499,0.006396010958667839,0.005752787625434296,0.0007484526358737853,0.0007558614319600926,0.009831889608277659,0.0033131952365838915,0.009831736716204542,0.15979155100554096,0.009945749907475376
296,3200,146,False,True,0.00032689347196012005,0.005105781597324702,0.0002274412295841448,0.005081803685186502,0.006014754590315111,0.005092039194209273,0.0003029530960460155,-0.005412868990557957,-0.0005155393027340516,-0.0050742861752965185,-0.0005210724865355765,0.04242578582790399,-0.0004408054355465041
297,3200,147,False,True,0.005401443488897924,0.006004591364343903,0.0016293031822685968,0.005956920902817745,0.006098472925834445,0.005190745715085382,0.0005202414787734818,-0.0038165504922284877,0.004904348075257747,0.0006713720592968056,0.004905906343805633,0.014928560899462191,0.00550311082745715
298,3200,148,False,True,0.0003899458547919049,0.004155194965466999,0.0001720794056769509,0.004159229608872966,0.0047892747613490745,0.004153513303224587,0.0011188825006192577,-0.0019279397442105695,0.0016099874621035327,-0.0017497132306219796,0.0016002268545954657,0.050085743567174,0.0016938721431728476
299,3200,149,False,True,0.0011625198556018685,0.00474826565122895,0.00027701585244426505,0.004722714416541163,0.00586660286189262,0.0047453098248311145,0.0003670420646010879,-0.0020549455554057716,0.0033893765668744358,-0.0010615340633987047,0.003385756275731122,0.06063004159055698,0.003465743771436422
300,6400,100,False,True,0.002639490733039051,0.005328161992234563,0.0008982027645143436,,,0.005168904376499594,0.001655310901306253,0.0015488970904383359,0.009497799939405667,0.003205103196284279,,,0.009705627172998332
301,6400,101,False,True,0.00010100418705824015,0.004959453993978288,5.885092635530011e-05,0.005041643972218242,0.005671331302120599,0.0049862988332036555,0.0003520633584011727,-0.0020921380292505776,0.0033591426769011613,-0.0019701919903437944,0.0033242142449598157,0.04363098897951689,0.0034767349505227113
302,6400,102,False,True,0.0003321119125144519,0.004765592346823898,0.0002868600413528206,0.004782921209746079,0.0053055136868960006,0.004776265933747273,0.0006921435958139753,-0.0012020572313425795,0.0022060107045693833,-0.00110208931091009,0.002187272757785639,0.05796640241581095,0.0022548495253041922
303,6400,103,False,True,0.002334578449316846,0.005526124522236703,0.00031719156327863514,0.005529951959408184,0.006101378160836046,0.00549838715628349,0.0028408399183192856,-0.001763997767599969,0.004016805035185129,-0.000554277442600279,0.004011362208940863,0.042093819074548476,0.004085143298068236
304,6400,104,False,True,0.0005066460530485186,0.004941810434544944,0.0004227525668779808,0.0049493511182980635,0.005728832682520716,0.004911976168174284,0.0006305186801642782,-0.002658647192013592,0.0007218411211152187,-0.0023295604664013386,0.0007150815930427435,0.019227740623972558,0.0008502800589317155
305,6400,105,False,True,9.828827107505673e-05,0.00504889896705329,0.0003025122421113353,0.005047809769444593,0.005786633378275869,0.005051039147378058,0.00025957560196063114,-0.0024020300103119625,0.0026524236388287114,-0.001731788370774785,0.0026452084330041894,0.046215085177137905,0.0026926786098002697
306,6400,106,False,True,0.0016175421490896619,0.005398943951907994,0.0013095351452487025,0.005399759166006559,0.006042582055929652,0.005369725634162841,0.0005680781828583103,0.0017273490712752665,0.007670189846469579,0.0022821239417881297,0.007666882640290087,0.06936701162686648,0.007742565209260782
307,6400,107,False,True,6.53344097795515e-05,0.00471854783935801,0.0002305476180989529,,,0.0047120231264124535,0.00031826977844705794,-0.0029676178017876676,0.0022382520482790193,-0.002708553806471788,,,0.002278933327577684
308,6400,108,False,True,0.00013577310287073954,0.005271807109164044,0.00028383870436052944,0.0052469289773280315,0.0061169499759243925,0.005241234744137612,0.0002767022893912542,-0.004585878943738801,0.001962969429915535,-0.004028883676406005,0.001921880494985313,0.11704477474000885,0.0020548151522829933
309,6400,109,False,True,0.0002065227120060224,0.004908039902736922,0.00019964448460528961,0.004909543265460917,0.005738163912195424,0.004923376525910921,0.00037987538431958235,-0.0007762738856989795,0.003028699483509012,-0.0007337035759477833,0.003027373803043201,0.039295597153624746,0.00308051754434939
310,6400,110,False,True,0.005159762949876622,0.0051590975880430835,0.00019534168048142934,,,0.005173748331031096,0.00010435905100232115,0.003110495455696964,0.003110685575107759,-0.0017971414506062866,,,0.003157017885144636
311,6400,111,False,True,0.0006697512939878887,0.004935403750267157,0.00021989630158753833,0.005368701926975029,0.0056516777052625635,0.004933954615484696,0.00019037968544348053,0.0005833212723892279,0.0057725149357020205,0.0011710147012503342,0.005478236845785212,0.07286145074696998,0.005830086601525744
312,6400,112,False,True,0.000674962471806196,0.0051616766686343385,0.0001978261554563809,0.005409304073323465,0.0058777538505799965,0.005080008306912457,0.00031964214749522537,-0.0014641131849480776,0.005179454980993015,-0.0011167932465490304,0.0050459307336968,0.09404828673683467,0.00531498547168377
313,6400,113,False,True,0.0034206247114703446,0.005605804660261552,0.0003196732844627567,0.005605867992113276,0.006283805333638447,0.005614324737716562,0.0007659202808294406,-0.0015291510192082611,0.007515480653881923,0.002537804674788108,0.007515231495270225,0.0794196289688945,0.007602453368313181
314,6400,114,False,True,0.000562114555309744,0.005617576552249343,0.0003348508740006956,0.005628883157833643,0.006266419006475581,0.00524805037003292,0.0005201348746223882,-0.00011810799150413082,0.0047418837417632885,0.00022995892565829597,0.004722201698654285,0.0816807979306883,0.00509066971641009
315,6400,115,False,True,0.00189233317120504,0.005449923413082842,0.000432954015573154,0.005450015684681836,0.005603415113362853,0.005402510720179467,0.0006407365564026991,0.00036441525127657305,0.008061390873759908,0.0023547601663791522,0.008061047722077106,0.06401863833185954,0.00812107798708471
316,6400,116,False,True,0.0013306424043388503,0.005563528299865644,0.0002941278636925302,0.005575119340391412,0.006352661130684597,0.005596750579504063,0.0003104755072107055,-0.0019305606957960852,0.00589741342046219,-0.0007870353464082085,0.005925042523135673,0.14899109823613133,0.0059837781156694
317,6400,117,False,True,0.00015554081910992788,0.0048786175171232895,0.00024106327393766654,0.004878615747265067,0.005451572048209959,0.004870196482471205,0.00023292577334810873,-0.00182133908325119,0.004288555698272649,-0.001387664986462217,0.004288048036771777,0.08191392454047194,0.004335001478204051
318,6400,118,False,True,0.0007490332489725326,0.005192648771156776,0.00023247233984536423,0.0051953091389982066,0.005773245785971783,0.005193393779620854,0.000338292557849284,-0.002241413004518904,0.003533523230340698,-0.0009772625650523415,0.003534293779515014,0.11889584059963415,0.0035730593315263376
319,6400,119,False,True,0.00022614313088446212,0.005349407830977189,0.0004477067934031997,,,0.005372365757408903,0.0010999674149620524,-0.0027737414157703987,0.003246251431402776,-0.0019469684117039928,,,0.0033241037760077113
320,6400,120,False,True,0.0013393681512532296,0.004974103546600678,0.0001878861637415202,0.005015242895101325,0.005439968822769307,0.004676939617476972,0.0003174169274098988,-0.000533201368620487,0.004998494941404523,0.0009171647590400755,0.004973453532564722,0.12228072975080016,0.005279443797092068
321,6400,121,False,True,0.0011729714551892776,0.004283312485245358,0.00017482918403074484,0.005197649278515669,0.00481080546770993,0.004269746786981769,0.0002496015267751206,0.0005661894961789521,0.005672176981748507,0.0020458466729917817,0.00517553938722557,0.032727803751603675,0.005717446680879243
322,6400,122,False,True,0.001494674526413544,0.005428471949662687,0.00043293565897267175,0.005441154043260388,0.006539982484668709,0.005432277024710676,0.0003662047169525586,-0.0016779459503885308,0.00440166496214502,0.00019621195424743499,0.0043905933359836705,0.12950312887567553,0.0044621495567580965
323,6400,123,False,True,0.0008014406332680264,0.0049691690405176325,0.00031488985727618586,0.004969214378240335,0.005530554398864518,0.00497782681591928,0.0005482949155189142,0.0020507509256452983,0.006231233776815976,0.002515231301596842,0.006231075383452272,0.12055159757245454,0.006281656867151569
324,6400,124,False,True,0.00022926389056043695,0.004749421301810012,0.004742744314427293,0.004750442947211282,0.0052591412550828075,0.004738882777230947,0.0002752272363098538,-0.0042088660015745264,0.0018529157177534473,0.001969682891434425,0.0018493445570937795,0.09689786559401015,0.0018958567886261102
325,6400,125,False,True,0.0005536680621114538,0.004853371416727928,0.00024619563466274597,0.004866281060234191,0.005167740911024859,0.004809289980711757,0.0003859432158515402,-0.0002110057600658681,0.004897879336862303,0.0004744695347566515,0.0048700243159656865,0.035726983674539685,0.004976393674563623
326,6400,126,False,True,0.0030690302381687746,0.0056108568634308355,0.0002775826961807461,0.005916220764067512,0.006495670107760993,0.0055587687111503924,0.0003384760975055862,0.00029575577391280475,0.007716253104665984,0.0027875647838617314,0.007536141770187985,0.0742565425213518,0.007874832275009291
327,6400,127,False,True,0.00046478475890204726,0.005110979705066133,0.00031041343548753655,0.005105822979558345,0.005546479900436282,0.004992252285051166,0.0002618857276502842,0.0004420602135288619,0.006300542587909863,0.0011041085092986368,0.006299219304757599,0.09134012549700576,0.006482663677460074
328,6400,128,False,True,0.0007815340058095915,0.005206386189985534,0.00034258010379583785,,,0.005237622351020833,0.00043378213049126223,-0.0016526120069132475,0.004099692294178237,-0.0007133331381526368,,,0.0041472997285320196
329,6400,129,False,True,0.0007416409822147797,0.005163450323798513,0.00026007288863034485,0.0054521424847893615,0.006013261723736872,0.005082956545334645,0.0003671626499921496,-0.002362175602629627,0.0029904335971250263,-0.0014044055538931543,0.0028100194386468935,0.057137584450500364,0.0031434901755736516
330,6400,130,False,True,0.0027760793776809845,0.004656217826283048,0.0006096948757135055,0.00469716291588539,0.005467719614277982,0.004666751124835072,0.0014780408532287593,-0.0003221482510388687,0.004329946317485032,0.0018541563148275326,0.00434331305865193,0.1076186307516778,0.0043709922803691625
331,6400,131,False,True,0.0012958167023856403,0.00482316055280098,0.00020586646145405563,0.004836726327203544,0.005483883939611551,0.00483072717334015,0.0003620091846285585,-9.294685926069912e-05,0.005273767321859726,0.0011522923016825126,0.0052568886172920945,0.016771326417906494,0.005312652136795312
332,6400,132,False,True,0.0012861326945748722,0.005216479952096728,0.00027187958336189724,0.0052180604442473464,0.005714669308615545,0.005168489932978879,0.00028793722730272394,-0.00030560320168382784,0.006092624557171167,0.0010395382876695774,0.006085038467123223,0.10953544227461455,0.006181469429335368
333,6400,133,False,True,0.002092726505021607,0.005243084428955043,0.0003321145631562394,0.005242278055321281,0.005675822542777189,0.0050359376816656275,0.00038807498249838443,0.000985157571760103,0.008552322435486736,0.0028869390149145135,0.00855303136165185,0.16327542925433045,0.008849564277349745
334,6400,134,False,True,0.0016201380195239078,0.0061066163857417385,0.0003401369606844246,0.006205455966452301,0.005351393830775775,0.00481161848592794,0.0003526155791072125,0.0021942027268974447,0.006542584920384975,0.0030932018453640954,0.006403997739782153,0.07124841254271583,0.007405265914904535
335,6400,135,False,True,0.0008495546618647426,0.005311659067661376,0.0003054237847534718,,,0.005302477335336319,0.0005121542387168554,-0.004511380126655227,0.0028516578130959582,-0.003363155097618645,,,0.0028897540141109707
336,6400,136,False,True,0.0012261229351165838,0.005164271437355562,0.005208061128396402,0.005167231836624664,0.005584598822851369,0.005096064590169765,0.0003955308642385894,-0.0005433698035432077,0.006316018389820996,0.006406837266674959,0.0063088756266213505,0.07365322036834425,0.006414628692677837
337,6400,137,False,True,0.0010287645748672325,0.005273906096229353,0.000264729742327662,0.005275987982598977,0.005659589100493007,0.005123758019198116,0.00030519227355749927,-0.0029647871881964562,0.002678399225025885,-0.0018199913618649202,0.002665462767253928,0.04051488692888142,0.0028431159822554647
338,6400,138,False,True,0.0006346455134839053,0.005379955813437794,0.0008716168387099658,,,0.005397277903851615,0.00034390629594231075,-0.003832117151747557,0.0019618095795869016,-0.0027028725204737663,,,0.002002424319001911
339,6400,139,False,True,0.0017126203937288232,0.00487743248997984,0.004978447149738369,0.00487703395205041,0.005464163002886286,0.0048873405970954464,0.0005209246392983587,0.0019095345509074775,0.00692556941569487,0.006962154076965712,0.006919718725674873,0.08908422635614771,0.006980132684820617
340,6400,140,False,True,0.0004843282407574448,0.0050098352666856074,0.00036736940599886364,0.005230162095497427,0.006056930043952242,0.004982363101550871,0.0005256615631077474,0.00069828497616276,0.00474009107483738,0.0011476413871026377,0.004578358402377187,0.04667797675261262,0.0048510718488536525
341,6400,141,False,True,0.0005913221800357323,0.004555832599316317,0.00017820021455008494,0.004698379749190089,0.005341970568733364,0.004480270107841975,0.00024434496168036166,-0.004506578679363429,0.0010126901913965192,-0.0039069273440816826,0.0009264628964982969,0.07220981282739382,0.0011528150832607192
342,6400,142,False,True,0.0004536336855991285,0.005012943593732797,0.0003132213622477921,0.005012380294817873,0.00573524562871064,0.005007928992187211,0.00028770501166424116,-0.0020943146330619487,0.004479291237447676,-0.001903437440205669,0.004480992692880293,0.12472677898666917,0.004527110897079439
343,6400,143,False,True,0.0006796080089632932,0.004980296633097547,0.000216703368739343,,,0.004882250123887119,0.000289329428452133,-0.0024081661475427755,0.0034226664449897725,-0.0016201986110437206,,,0.003557482253667976
344,6400,144,False,True,0.0004254191037622602,0.005052876256190314,0.0002586745003440286,0.00506459265684394,0.0060431679948535775,0.005045760563958791,0.00031296435840576274,-0.0008382264886229164,0.004484225789699572,-0.00010460266186018252,0.004480561757302262,0.07072965343945047,0.004541478030289536
345,6400,145,False,True,0.00151459724675098,0.005037819181467108,0.00024277340852795425,0.0050315973275749295,0.005646296555333446,0.0048031089363042975,0.00028395469039027853,-0.0010446330175648384,0.006001975835752962,0.0006420054537978684,0.006003844331848711,0.14287702218127715,0.006278025283473293
346,6400,146,False,True,0.00031865424247965867,0.005449991276055233,0.0003333576498498049,0.005450031684731778,0.006267334276146059,0.005473639380460749,0.0005153093494289172,-0.0017533741101954925,0.0029590481683551316,-0.0014833467472257136,0.0029620645571266026,0.1475188611220025,0.0030268001424037794
347,6400,147,False,True,0.005334128782294289,0.005334258504175439,0.000432883531549902,0.005334039055176169,0.0058339928205801165,0.005303769312015443,0.000574390710731308,0.009031655057947436,0.009031966060441458,0.002413458909619314,0.009031526061591891,0.15345659273747386,0.00908543247592275
348,6400,148,False,True,0.0010479457639119704,0.0052900491202081245,0.0003166191133904955,0.005640388101356555,0.006541789730625783,0.005310771665545016,0.00039376214302485924,-0.002533891133641943,0.0038545757571875686,-0.0012058209338823838,0.0036388711165837506,0.10467784874198821,0.003965436771501268
349,6400,149,False,True,0.0005801414862858067,0.005467273747864365,0.00031170347958412717,0.005467359290574695,0.0058602475545992076,0.005418406441156871,0.0004204369623680467,0.0009979427145368155,0.006976047295286332,0.0017864862255731362,0.00697551148340482,0.03816902515326689,0.0070484865764802035
