submitit INFO (2026-06-02 19:33:43,757) - Starting with JobEnvironment(job_id=921171, hostname=j002-ds, local_rank=0(1), node=0(1), global_rank=0(1))
submitit INFO (2026-06-02 19:33:43,757) - Loading pickle: /home/amberlee0516/score-matching-empirical-bayes/submitit_log/921171/921171_submitted.pkl
simulate_data.py: device = cuda:0
Start location_scale_comparison
m: 1000
n: 100
experiment: c
Finished training EB misspecified with NPMLE init, with SURE: 0.005468807682039056
Finished training EB misspecified with NPMLE init, with in-sample MSE: 0.07674070794779826
Finished training EB misspecified, with SURE: 0.006542350011107061
Finished training EB misspecified, with in-sample MSE: 0.06605007999050867

 Training SURE of the models:
SURE-PM: 0.006542350011107061
NPMLE: 0.5557014173969768
SURE-PM, NPMLE init: 0.005468807682039056
experiment: d
Finished training EB misspecified with NPMLE init, with SURE: 0.03443724229566964
Finished training EB misspecified with NPMLE init, with in-sample MSE: 0.016676106179058067
Finished training EB misspecified, with SURE: 0.03436657025447769
Finished training EB misspecified, with in-sample MSE: 0.01693280943233408

 Training SURE of the models:
SURE-PM: 0.03436657025447769
NPMLE: 0.08834719072882122
SURE-PM, NPMLE init: 0.03443724229566964
experiment: e
Finished training EB misspecified with NPMLE init, with SURE: 0.18674459990230513
Finished training EB misspecified with NPMLE init, with in-sample MSE: 0.2672120660751307
Finished training EB misspecified, with SURE: 0.18674420030865665
Finished training EB misspecified, with in-sample MSE: 0.26724213972272254

 Training SURE of the models:
SURE-PM: 0.18674420030865665
NPMLE: 0.2756898332069359
SURE-PM, NPMLE init: 0.18674459990230513
n: 400
experiment: c
Finished training EB misspecified with NPMLE init, with SURE: 0.055094936518358326
Finished training EB misspecified with NPMLE init, with in-sample MSE: 0.06134544677605482
Finished training EB misspecified, with SURE: 0.05512610962438714
Finished training EB misspecified, with in-sample MSE: 0.06129435593264919

 Training SURE of the models:
SURE-PM: 0.05512610962438714
NPMLE: 0.7183245518602988
SURE-PM, NPMLE init: 0.055094936518358326
experiment: d
Finished training EB misspecified with NPMLE init, with SURE: 0.0005860850558708463
Finished training EB misspecified with NPMLE init, with in-sample MSE: 0.005978627874431748
Finished training EB misspecified, with SURE: 0.000596293925234761
Finished training EB misspecified, with in-sample MSE: 0.005967508221213605

 Training SURE of the models:
SURE-PM: 0.000596293925234761
NPMLE: 0.06135418338072771
SURE-PM, NPMLE init: 0.0005860850558708463
experiment: e
Finished training EB misspecified with NPMLE init, with SURE: 0.1495649174984977
Finished training EB misspecified with NPMLE init, with in-sample MSE: 0.20261107358957112
Finished training EB misspecified, with SURE: 0.14957769769228077
Finished training EB misspecified, with in-sample MSE: 0.2026032299541588

 Training SURE of the models:
SURE-PM: 0.14957769769228077
NPMLE: 0.3074862778867196
SURE-PM, NPMLE init: 0.1495649174984977
m: 1001
n: 100
experiment: c
Finished training EB misspecified with NPMLE init, with SURE: 0.004713359042449384
Finished training EB misspecified with NPMLE init, with in-sample MSE: 0.1167215703311442
Finished training EB misspecified, with SURE: 0.004676171104180114
Finished training EB misspecified, with in-sample MSE: 0.11686050763089614

 Training SURE of the models:
SURE-PM: 0.004676171104180114
NPMLE: 0.6501667896556366
SURE-PM, NPMLE init: 0.004713359042449384
experiment: d
Finished training EB misspecified with NPMLE init, with SURE: 0.006011823741063474
Finished training EB misspecified with NPMLE init, with in-sample MSE: 0.0062882312701274985
Finished training EB misspecified, with SURE: 0.006012658079061861
Finished training EB misspecified, with in-sample MSE: 0.006286648779792309

 Training SURE of the models:
SURE-PM: 0.006012658079061861
NPMLE: 0.06007389055905295
SURE-PM, NPMLE init: 0.006011823741063474
experiment: e
Finished training EB misspecified with NPMLE init, with SURE: 0.12299058371239419
Finished training EB misspecified with NPMLE init, with in-sample MSE: 0.16812733863865084
Finished training EB misspecified, with SURE: 0.12134364825190609
Finished training EB misspecified, with in-sample MSE: 0.15768652557086196

 Training SURE of the models:
SURE-PM: 0.12134364825190609
NPMLE: 0.27792104310310495
SURE-PM, NPMLE init: 0.12299058371239419
n: 400
experiment: c
Finished training EB misspecified with NPMLE init, with SURE: 0.01187718935643666
Finished training EB misspecified with NPMLE init, with in-sample MSE: 0.0562030333565827
Finished training EB misspecified, with SURE: 0.011877529059334507
Finished training EB misspecified, with in-sample MSE: 0.05620227552805714

 Training SURE of the models:
SURE-PM: 0.011877529059334507
NPMLE: 0.5526928723945554
SURE-PM, NPMLE init: 0.01187718935643666
experiment: d
Finished training EB misspecified with NPMLE init, with SURE: 0.02010011156954988
Finished training EB misspecified with NPMLE init, with in-sample MSE: 0.022970033705100354
Finished training EB misspecified, with SURE: 0.02010306540796096
Finished training EB misspecified, with in-sample MSE: 0.022964676382207366

 Training SURE of the models:
SURE-PM: 0.02010306540796096
NPMLE: 0.15741695400881628
SURE-PM, NPMLE init: 0.02010011156954988
experiment: e
Finished training EB misspecified with NPMLE init, with SURE: 0.16354520078065357
Finished training EB misspecified with NPMLE init, with in-sample MSE: 0.1790061174387035
Finished training EB misspecified, with SURE: 0.16355363953010313
Finished training EB misspecified, with in-sample MSE: 0.1789555090154106

 Training SURE of the models:
SURE-PM: 0.16355363953010313
NPMLE: 0.3238533371788334
SURE-PM, NPMLE init: 0.16354520078065357
m: 1002
n: 100
experiment: c
Finished training EB misspecified with NPMLE init, with SURE: 0.026006531118669258
Finished training EB misspecified with NPMLE init, with in-sample MSE: 0.11670927545146763
Finished training EB misspecified, with SURE: 0.04025807766870038
Finished training EB misspecified, with in-sample MSE: 0.07216982730521666

 Training SURE of the models:
SURE-PM: 0.04025807766870038
NPMLE: 0.31124055077891066
SURE-PM, NPMLE init: 0.026006531118669258
experiment: d
Finished training EB misspecified with NPMLE init, with SURE: 0.03172204178225163
Finished training EB misspecified with NPMLE init, with in-sample MSE: 0.010221533055658432
Finished training EB misspecified, with SURE: 0.031726787553877554
Finished training EB misspecified, with in-sample MSE: 0.010208913919872093

 Training SURE of the models:
SURE-PM: 0.031726787553877554
NPMLE: 0.06551898040503647
SURE-PM, NPMLE init: 0.03172204178225163
experiment: e
Finished training EB misspecified with NPMLE init, with SURE: 0.12008632474027067
Finished training EB misspecified with NPMLE init, with in-sample MSE: 0.2393543540631308
Finished training EB misspecified, with SURE: 0.1196444922109108
Finished training EB misspecified, with in-sample MSE: 0.2373028371390033

 Training SURE of the models:
SURE-PM: 0.1196444922109108
NPMLE: 0.28713292283790764
SURE-PM, NPMLE init: 0.12008632474027067
n: 400
experiment: c
Finished training EB misspecified with NPMLE init, with SURE: 0.04060652650902569
Finished training EB misspecified with NPMLE init, with in-sample MSE: 0.055405043175724894
Finished training EB misspecified, with SURE: 0.04059702446236997
Finished training EB misspecified, with in-sample MSE: 0.055410868741336404

 Training SURE of the models:
SURE-PM: 0.04059702446236997
NPMLE: 0.4531605278323088
SURE-PM, NPMLE init: 0.04060652650902569
experiment: d
Finished training EB misspecified with NPMLE init, with SURE: 0.014009012214884287
Finished training EB misspecified with NPMLE init, with in-sample MSE: 0.008364025431435248
Finished training EB misspecified, with SURE: 0.014010162986445618
Finished training EB misspecified, with in-sample MSE: 0.008381392730499475

 Training SURE of the models:
SURE-PM: 0.014010162986445618
NPMLE: 0.023545174593144366
SURE-PM, NPMLE init: 0.014009012214884287
experiment: e
Finished training EB misspecified with NPMLE init, with SURE: 0.17316691807244936
Finished training EB misspecified with NPMLE init, with in-sample MSE: 0.20197157527293583
Finished training EB misspecified, with SURE: 0.1731752468605447
Finished training EB misspecified, with in-sample MSE: 0.20196622602791423

 Training SURE of the models:
SURE-PM: 0.1731752468605447
NPMLE: 0.2860574163604276
SURE-PM, NPMLE init: 0.17316691807244936
m: 1003
n: 100
experiment: c
Finished training EB misspecified with NPMLE init, with SURE: 0.13263684868240602
Finished training EB misspecified with NPMLE init, with in-sample MSE: 0.14368985923864602
Finished training EB misspecified, with SURE: 0.1326244113492575
Finished training EB misspecified, with in-sample MSE: 0.14375987885187033

 Training SURE of the models:
SURE-PM: 0.1326244113492575
NPMLE: 0.9595202516491148
SURE-PM, NPMLE init: 0.13263684868240602
experiment: d
Finished training EB misspecified with NPMLE init, with SURE: -0.037309321670074634
Finished training EB misspecified with NPMLE init, with in-sample MSE: 0.031156403017069425
Finished training EB misspecified, with SURE: -0.022060744730475916
Finished training EB misspecified, with in-sample MSE: 0.006651031475956215

 Training SURE of the models:
SURE-PM: -0.022060744730475916
NPMLE: 0.08337357446875587
SURE-PM, NPMLE init: -0.037309321670074634
experiment: e
Finished training EB misspecified with NPMLE init, with SURE: 0.13487612632153587
Finished training EB misspecified with NPMLE init, with in-sample MSE: 0.20615787957425905
Finished training EB misspecified, with SURE: 0.13488090881674475
Finished training EB misspecified, with in-sample MSE: 0.20615741054934172

 Training SURE of the models:
SURE-PM: 0.13488090881674475
NPMLE: 0.34271744741453786
SURE-PM, NPMLE init: 0.13487612632153587
n: 400
experiment: c
Finished training EB misspecified with NPMLE init, with SURE: 0.0388488501519155
Finished training EB misspecified with NPMLE init, with in-sample MSE: 0.05586679235966745
Finished training EB misspecified, with SURE: 0.03890810459236718
Finished training EB misspecified, with in-sample MSE: 0.05589186386820053

 Training SURE of the models:
SURE-PM: 0.03890810459236718
NPMLE: 0.464437088983386
SURE-PM, NPMLE init: 0.0388488501519155
experiment: d
Finished training EB misspecified with NPMLE init, with SURE: -0.0013657300281573904
Finished training EB misspecified with NPMLE init, with in-sample MSE: 0.005898659630140895
Finished training EB misspecified, with SURE: -0.0013621587960883908
Finished training EB misspecified, with in-sample MSE: 0.005893890016955664

 Training SURE of the models:
SURE-PM: -0.0013621587960883908
NPMLE: 0.013708395497756065
SURE-PM, NPMLE init: -0.0013657300281573904
experiment: e
Finished training EB misspecified with NPMLE init, with SURE: 0.1764394722432666
Finished training EB misspecified with NPMLE init, with in-sample MSE: 0.1820331922023373
Finished training EB misspecified, with SURE: 0.17644341280891263
Finished training EB misspecified, with in-sample MSE: 0.1820506998642239

 Training SURE of the models:
SURE-PM: 0.17644341280891263
NPMLE: 0.321073171553291
SURE-PM, NPMLE init: 0.1764394722432666
m: 1004
n: 100
experiment: c
Finished training EB misspecified with NPMLE init, with SURE: 0.06402477934970868
Finished training EB misspecified with NPMLE init, with in-sample MSE: 0.08683289709956929
Finished training EB misspecified, with SURE: 0.0640307819639333
Finished training EB misspecified, with in-sample MSE: 0.08682029852571485

 Training SURE of the models:
SURE-PM: 0.0640307819639333
NPMLE: 0.7533774670669183
SURE-PM, NPMLE init: 0.06402477934970868
experiment: d
Finished training EB misspecified with NPMLE init, with SURE: 0.018251545126400634
Finished training EB misspecified with NPMLE init, with in-sample MSE: 0.01056373362110556
Finished training EB misspecified, with SURE: 0.0017638446210455783
Finished training EB misspecified, with in-sample MSE: 0.048324306563798734

 Training SURE of the models:
SURE-PM: 0.0017638446210455783
NPMLE: 0.12063300475316736
SURE-PM, NPMLE init: 0.018251545126400634
experiment: e
Finished training EB misspecified with NPMLE init, with SURE: 0.12456864156520112
Finished training EB misspecified with NPMLE init, with in-sample MSE: 0.24553110663166422
Finished training EB misspecified, with SURE: 0.12457477586943348
Finished training EB misspecified, with in-sample MSE: 0.24553347085572738

 Training SURE of the models:
SURE-PM: 0.12457477586943348
NPMLE: 0.29132252536604286
SURE-PM, NPMLE init: 0.12456864156520112
n: 400
experiment: c
Finished training EB misspecified with NPMLE init, with SURE: 0.06172214666378402
Finished training EB misspecified with NPMLE init, with in-sample MSE: 0.049916599840172944
Finished training EB misspecified, with SURE: 0.061756585998765774
Finished training EB misspecified, with in-sample MSE: 0.049916788773907886

 Training SURE of the models:
SURE-PM: 0.061756585998765774
NPMLE: 0.6687309368326038
SURE-PM, NPMLE init: 0.06172214666378402
experiment: d
Finished training EB misspecified with NPMLE init, with SURE: 0.013929463780562888
Finished training EB misspecified with NPMLE init, with in-sample MSE: 0.005674264222949258
Finished training EB misspecified, with SURE: 0.01394770315152389
Finished training EB misspecified, with in-sample MSE: 0.005631660997239996

 Training SURE of the models:
SURE-PM: 0.01394770315152389
NPMLE: 0.06441506054523444
SURE-PM, NPMLE init: 0.013929463780562888
experiment: e
Finished training EB misspecified with NPMLE init, with SURE: 0.15018360299091044
Finished training EB misspecified with NPMLE init, with in-sample MSE: 0.21895562054643014
Finished training EB misspecified, with SURE: 0.1496190685907866
Finished training EB misspecified, with in-sample MSE: 0.21436981513780742

 Training SURE of the models:
SURE-PM: 0.1496190685907866
NPMLE: 0.4371744882927892
SURE-PM, NPMLE init: 0.15018360299091044
m: 1005
n: 100
experiment: c
Finished training EB misspecified with NPMLE init, with SURE: 0.08304987292587392
Finished training EB misspecified with NPMLE init, with in-sample MSE: 0.05677566475680425
Finished training EB misspecified, with SURE: 0.08305198532712296
Finished training EB misspecified, with in-sample MSE: 0.05677322388069394

 Training SURE of the models:
SURE-PM: 0.08305198532712296
NPMLE: 0.36783600981146203
SURE-PM, NPMLE init: 0.08304987292587392
experiment: d
Finished training EB misspecified with NPMLE init, with SURE: -0.01170642206909605
Finished training EB misspecified with NPMLE init, with in-sample MSE: 0.005661622798814361
Finished training EB misspecified, with SURE: -0.011705963052773835
Finished training EB misspecified, with in-sample MSE: 0.005661517817841116

 Training SURE of the models:
SURE-PM: -0.011705963052773835
NPMLE: 0.009313218277047692
SURE-PM, NPMLE init: -0.01170642206909605
experiment: e
Finished training EB misspecified with NPMLE init, with SURE: 0.15806428829941355
Finished training EB misspecified with NPMLE init, with in-sample MSE: 0.19138361826081762
Finished training EB misspecified, with SURE: 0.16232434996452647
Finished training EB misspecified, with in-sample MSE: 0.1921159564534241

 Training SURE of the models:
SURE-PM: 0.16232434996452647
NPMLE: 0.2973549420543882
SURE-PM, NPMLE init: 0.15806428829941355
n: 400
experiment: c
Finished training EB misspecified with NPMLE init, with SURE: 0.04745655348328249
Finished training EB misspecified with NPMLE init, with in-sample MSE: 0.054446831134053505
Finished training EB misspecified, with SURE: 0.0474678102996377
Finished training EB misspecified, with in-sample MSE: 0.054447118737013404

 Training SURE of the models:
SURE-PM: 0.0474678102996377
NPMLE: 0.6711450793511711
SURE-PM, NPMLE init: 0.04745655348328249
experiment: d
Finished training EB misspecified with NPMLE init, with SURE: 0.0013763320311770144
Finished training EB misspecified with NPMLE init, with in-sample MSE: 0.015730167655622115
Finished training EB misspecified, with SURE: 0.0013793172244922758
Finished training EB misspecified, with in-sample MSE: 0.01572024642437756

 Training SURE of the models:
SURE-PM: 0.0013793172244922758
NPMLE: 0.019830902258700222
SURE-PM, NPMLE init: 0.0013763320311770144
experiment: e
Finished training EB misspecified with NPMLE init, with SURE: 0.18599422875830862
Finished training EB misspecified with NPMLE init, with in-sample MSE: 0.21760484706757674
Finished training EB misspecified, with SURE: 0.1860067190739619
Finished training EB misspecified, with in-sample MSE: 0.21756718793270974

 Training SURE of the models:
SURE-PM: 0.1860067190739619
NPMLE: 0.2969437547127589
SURE-PM, NPMLE init: 0.18599422875830862
m: 1006
n: 100
experiment: c
Finished training EB misspecified with NPMLE init, with SURE: -0.03174556363838079
Finished training EB misspecified with NPMLE init, with in-sample MSE: 0.06446411283238457
Finished training EB misspecified, with SURE: -0.03173332077582081
Finished training EB misspecified, with in-sample MSE: 0.0644721699018046

 Training SURE of the models:
SURE-PM: -0.03173332077582081
NPMLE: 0.6647644289345774
SURE-PM, NPMLE init: -0.03174556363838079
experiment: d
Finished training EB misspecified with NPMLE init, with SURE: -0.00190441988269777
Finished training EB misspecified with NPMLE init, with in-sample MSE: 0.004660542887645807
Finished training EB misspecified, with SURE: -0.0019035306602051528
Finished training EB misspecified, with in-sample MSE: 0.0046598444716651555

 Training SURE of the models:
SURE-PM: -0.0019035306602051528
NPMLE: 0.005872507529674546
SURE-PM, NPMLE init: -0.00190441988269777
experiment: e
Finished training EB misspecified with NPMLE init, with SURE: 0.0834264101475419
Finished training EB misspecified with NPMLE init, with in-sample MSE: 0.21048706695960592
Finished training EB misspecified, with SURE: 0.08343928075333391
Finished training EB misspecified, with in-sample MSE: 0.2104546484435089

 Training SURE of the models:
SURE-PM: 0.08343928075333391
NPMLE: 0.30862717278733526
SURE-PM, NPMLE init: 0.0834264101475419
n: 400
experiment: c
Finished training EB misspecified with NPMLE init, with SURE: 0.025203093979450628
Finished training EB misspecified with NPMLE init, with in-sample MSE: 0.05890446103560922
Finished training EB misspecified, with SURE: 0.025346686550944072
Finished training EB misspecified, with in-sample MSE: 0.05928302531888786

 Training SURE of the models:
SURE-PM: 0.025346686550944072
NPMLE: 0.282649269691176
SURE-PM, NPMLE init: 0.025203093979450628
experiment: d
Finished training EB misspecified with NPMLE init, with SURE: 0.0015746332248813388
Finished training EB misspecified with NPMLE init, with in-sample MSE: 0.021876951586677323
Finished training EB misspecified, with SURE: 0.0015785644159919167
Finished training EB misspecified, with in-sample MSE: 0.02187373878265973

 Training SURE of the models:
SURE-PM: 0.0015785644159919167
NPMLE: 0.15783154283254616
SURE-PM, NPMLE init: 0.0015746332248813388
experiment: e
Finished training EB misspecified with NPMLE init, with SURE: 0.1534766022633113
Finished training EB misspecified with NPMLE init, with in-sample MSE: 0.18640258298497492
Finished training EB misspecified, with SURE: 0.15348208527686538
Finished training EB misspecified, with in-sample MSE: 0.18639192063280896

 Training SURE of the models:
SURE-PM: 0.15348208527686538
NPMLE: 0.29824197975637456
SURE-PM, NPMLE init: 0.1534766022633113
m: 1007
n: 100
experiment: c
Finished training EB misspecified with NPMLE init, with SURE: 0.042998020311498665
Finished training EB misspecified with NPMLE init, with in-sample MSE: 0.19202811330783692
Finished training EB misspecified, with SURE: 0.04302161666839893
Finished training EB misspecified, with in-sample MSE: 0.1919926854507881

 Training SURE of the models:
SURE-PM: 0.04302161666839893
NPMLE: 0.2237325678096382
SURE-PM, NPMLE init: 0.042998020311498665
experiment: d
Finished training EB misspecified with NPMLE init, with SURE: -0.030276405866876816
Finished training EB misspecified with NPMLE init, with in-sample MSE: 0.004474129011705098
Finished training EB misspecified, with SURE: -0.03027614716727966
Finished training EB misspecified, with in-sample MSE: 0.0044740576443060755

 Training SURE of the models:
SURE-PM: -0.03027614716727966
NPMLE: 0.0054517558544606
SURE-PM, NPMLE init: -0.030276405866876816
experiment: e
Finished training EB misspecified with NPMLE init, with SURE: 0.0538367963826359
Finished training EB misspecified with NPMLE init, with in-sample MSE: 0.2170116463560845
Finished training EB misspecified, with SURE: 0.05499966412357193
Finished training EB misspecified, with in-sample MSE: 0.2214018767710309

 Training SURE of the models:
SURE-PM: 0.05499966412357193
NPMLE: 0.337247124004109
SURE-PM, NPMLE init: 0.0538367963826359
n: 400
experiment: c
Finished training EB misspecified with NPMLE init, with SURE: 0.08645447569115476
Finished training EB misspecified with NPMLE init, with in-sample MSE: 0.05140123475245593
Finished training EB misspecified, with SURE: 0.08650282076191373
Finished training EB misspecified, with in-sample MSE: 0.051371302083583294

 Training SURE of the models:
SURE-PM: 0.08650282076191373
NPMLE: 0.6670684056122095
SURE-PM, NPMLE init: 0.08645447569115476
experiment: d
Finished training EB misspecified with NPMLE init, with SURE: -0.005936346199635505
Finished training EB misspecified with NPMLE init, with in-sample MSE: 0.005786779200129507
Finished training EB misspecified, with SURE: -0.005935938818193414
Finished training EB misspecified, with in-sample MSE: 0.0057867826874935194

 Training SURE of the models:
SURE-PM: -0.005935938818193414
NPMLE: -0.005927204410840599
SURE-PM, NPMLE init: -0.005936346199635505
experiment: e
Finished training EB misspecified with NPMLE init, with SURE: 0.15041139210595403
Finished training EB misspecified with NPMLE init, with in-sample MSE: 0.2021073490467209
Finished training EB misspecified, with SURE: 0.1504104873087502
Finished training EB misspecified, with in-sample MSE: 0.20210570651109516

 Training SURE of the models:
SURE-PM: 0.1504104873087502
NPMLE: 0.3368720524518484
SURE-PM, NPMLE init: 0.15041139210595403
m: 1008
n: 100
experiment: c
Finished training EB misspecified with NPMLE init, with SURE: -0.005539314705198777
Finished training EB misspecified with NPMLE init, with in-sample MSE: 0.21701054018850216
Finished training EB misspecified, with SURE: -0.005529223936974504
Finished training EB misspecified, with in-sample MSE: 0.21698786167986767

 Training SURE of the models:
SURE-PM: -0.005529223936974504
NPMLE: 0.11061210653339656
SURE-PM, NPMLE init: -0.005539314705198777
experiment: d
Finished training EB misspecified with NPMLE init, with SURE: 0.02032722428586082
Finished training EB misspecified with NPMLE init, with in-sample MSE: 0.029979379131421548
Finished training EB misspecified, with SURE: 0.02032848606843041
Finished training EB misspecified, with in-sample MSE: 0.029975575363239627

 Training SURE of the models:
SURE-PM: 0.02032848606843041
NPMLE: 0.24818753497771284
SURE-PM, NPMLE init: 0.02032722428586082
experiment: e
Finished training EB misspecified with NPMLE init, with SURE: 0.10938180372056185
Finished training EB misspecified with NPMLE init, with in-sample MSE: 0.22602704416054437
Finished training EB misspecified, with SURE: 0.1094010063976739
Finished training EB misspecified, with in-sample MSE: 0.22603820427853547

 Training SURE of the models:
SURE-PM: 0.1094010063976739
NPMLE: 0.25607787676162463
SURE-PM, NPMLE init: 0.10938180372056185
n: 400
experiment: c
Finished training EB misspecified with NPMLE init, with SURE: -0.008688198246833067
Finished training EB misspecified with NPMLE init, with in-sample MSE: 0.06418416367089101
Finished training EB misspecified, with SURE: -0.00865219627387873
Finished training EB misspecified, with in-sample MSE: 0.06415852363520766

 Training SURE of the models:
SURE-PM: -0.00865219627387873
NPMLE: 0.694560306560049
SURE-PM, NPMLE init: -0.008688198246833067
experiment: d
Finished training EB misspecified with NPMLE init, with SURE: 0.012285151644715882
Finished training EB misspecified with NPMLE init, with in-sample MSE: 0.010454303877658243
Finished training EB misspecified, with SURE: 0.012285017881991251
Finished training EB misspecified, with in-sample MSE: 0.010454599568013107

 Training SURE of the models:
SURE-PM: 0.012285017881991251
NPMLE: 0.08095590774793973
SURE-PM, NPMLE init: 0.012285151644715882
experiment: e
Finished training EB misspecified with NPMLE init, with SURE: 0.18574393426892635
Finished training EB misspecified with NPMLE init, with in-sample MSE: 0.19509258107644709
Finished training EB misspecified, with SURE: 0.18575370170798877
Finished training EB misspecified, with in-sample MSE: 0.1950769012123969

 Training SURE of the models:
SURE-PM: 0.18575370170798877
NPMLE: 0.3081394265932185
SURE-PM, NPMLE init: 0.18574393426892635
m: 1009
n: 100
experiment: c
Finished training EB misspecified with NPMLE init, with SURE: -0.013657411289654108
Finished training EB misspecified with NPMLE init, with in-sample MSE: 0.0609716225073448
Finished training EB misspecified, with SURE: -0.013630662373556106
Finished training EB misspecified, with in-sample MSE: 0.061188428502454845

 Training SURE of the models:
SURE-PM: -0.013630662373556106
NPMLE: 0.2586014456052304
SURE-PM, NPMLE init: -0.013657411289654108
experiment: d
Finished training EB misspecified with NPMLE init, with SURE: -0.004181137249884568
Finished training EB misspecified with NPMLE init, with in-sample MSE: 0.0052875473562113305
Finished training EB misspecified, with SURE: -0.004180510689789756
Finished training EB misspecified, with in-sample MSE: 0.005300657064263383

 Training SURE of the models:
SURE-PM: -0.004180510689789756
NPMLE: 0.007927987413248303
SURE-PM, NPMLE init: -0.004181137249884568
experiment: e
Finished training EB misspecified with NPMLE init, with SURE: 0.1683372511381974
Finished training EB misspecified with NPMLE init, with in-sample MSE: 0.20432355643401579
Finished training EB misspecified, with SURE: 0.16833514601071797
Finished training EB misspecified, with in-sample MSE: 0.20431427112816938

 Training SURE of the models:
SURE-PM: 0.16833514601071797
NPMLE: 0.33097939317111363
SURE-PM, NPMLE init: 0.1683372511381974
n: 400
experiment: c
Finished training EB misspecified with NPMLE init, with SURE: 0.03328655205743232
Finished training EB misspecified with NPMLE init, with in-sample MSE: 0.05749246551189975
Finished training EB misspecified, with SURE: 0.033290781889209885
Finished training EB misspecified, with in-sample MSE: 0.05749121508944872

 Training SURE of the models:
SURE-PM: 0.033290781889209885
NPMLE: 0.40969375749295184
SURE-PM, NPMLE init: 0.03328655205743232
experiment: d
Finished training EB misspecified with NPMLE init, with SURE: -0.002185970748357704
Finished training EB misspecified with NPMLE init, with in-sample MSE: 0.003782054733107635
Finished training EB misspecified, with SURE: -0.002185551464655493
Finished training EB misspecified, with in-sample MSE: 0.0037819463146670975

 Training SURE of the models:
SURE-PM: -0.002185551464655493
NPMLE: 0.006041402928443205
SURE-PM, NPMLE init: -0.002185970748357704
experiment: e
Finished training EB misspecified with NPMLE init, with SURE: 0.18418391301940268
Finished training EB misspecified with NPMLE init, with in-sample MSE: 0.17540512075477735
Finished training EB misspecified, with SURE: 0.1829510642290314
Finished training EB misspecified, with in-sample MSE: 0.17377068135376614

 Training SURE of the models:
SURE-PM: 0.1829510642290314
NPMLE: 0.3528131354442822
SURE-PM, NPMLE init: 0.18418391301940268
m: 1010
n: 100
experiment: c
Finished training EB misspecified with NPMLE init, with SURE: 0.04658867391325082
Finished training EB misspecified with NPMLE init, with in-sample MSE: 0.06854048458753989
Finished training EB misspecified, with SURE: 0.0465968810961077
Finished training EB misspecified, with in-sample MSE: 0.06855782032428222

 Training SURE of the models:
SURE-PM: 0.0465968810961077
NPMLE: 0.4045981301716186
SURE-PM, NPMLE init: 0.04658867391325082
experiment: d
Finished training EB misspecified with NPMLE init, with SURE: -0.00483227267768374
Finished training EB misspecified with NPMLE init, with in-sample MSE: 0.0063836181871072106
Finished training EB misspecified, with SURE: -0.004833331184820331
Finished training EB misspecified, with in-sample MSE: 0.006385723098883742

 Training SURE of the models:
SURE-PM: -0.004833331184820331
NPMLE: 0.07355566789665532
SURE-PM, NPMLE init: -0.00483227267768374
experiment: e
Finished training EB misspecified with NPMLE init, with SURE: 0.18618472154162732
Finished training EB misspecified with NPMLE init, with in-sample MSE: 0.1972491706988744
Finished training EB misspecified, with SURE: 0.18619234080790747
Finished training EB misspecified, with in-sample MSE: 0.19731542744426134

 Training SURE of the models:
SURE-PM: 0.18619234080790747
NPMLE: 0.29568725898671516
SURE-PM, NPMLE init: 0.18618472154162732
n: 400
experiment: c
Finished training EB misspecified with NPMLE init, with SURE: 0.014948883377974127
Finished training EB misspecified with NPMLE init, with in-sample MSE: 0.05435538318074454
Finished training EB misspecified, with SURE: 0.014957310063118498
Finished training EB misspecified, with in-sample MSE: 0.0543555700396354

 Training SURE of the models:
SURE-PM: 0.014957310063118498
NPMLE: 0.6195922757559772
SURE-PM, NPMLE init: 0.014948883377974127
experiment: d
Finished training EB misspecified with NPMLE init, with SURE: 0.006865000202694684
Finished training EB misspecified with NPMLE init, with in-sample MSE: 0.0038573710515342322
Finished training EB misspecified, with SURE: 0.006865595706810108
Finished training EB misspecified, with in-sample MSE: 0.0038566268297711265

 Training SURE of the models:
SURE-PM: 0.006865595706810108
NPMLE: 0.06117437746819054
SURE-PM, NPMLE init: 0.006865000202694684
experiment: e
Finished training EB misspecified with NPMLE init, with SURE: 0.1659183108021125
Finished training EB misspecified with NPMLE init, with in-sample MSE: 0.17272024818005555
Finished training EB misspecified, with SURE: 0.16672148049504856
Finished training EB misspecified, with in-sample MSE: 0.1728797486263332

 Training SURE of the models:
SURE-PM: 0.16672148049504856
NPMLE: 0.3165037776345497
SURE-PM, NPMLE init: 0.1659183108021125
m: 1011
n: 100
experiment: c
Finished training EB misspecified with NPMLE init, with SURE: 0.13744285738500062
Finished training EB misspecified with NPMLE init, with in-sample MSE: 0.07659883863879827
Finished training EB misspecified, with SURE: 0.137444819269658
Finished training EB misspecified, with in-sample MSE: 0.07660084079343651

 Training SURE of the models:
SURE-PM: 0.137444819269658
NPMLE: 0.4254346385396845
SURE-PM, NPMLE init: 0.13744285738500062
experiment: d
Finished training EB misspecified with NPMLE init, with SURE: 0.001062981666250309
Finished training EB misspecified with NPMLE init, with in-sample MSE: 0.004399332201678485
Finished training EB misspecified, with SURE: 0.0013347018541540478
Finished training EB misspecified, with in-sample MSE: 0.004176487662248066

 Training SURE of the models:
SURE-PM: 0.0013347018541540478
NPMLE: 0.03547606355917056
SURE-PM, NPMLE init: 0.001062981666250309
experiment: e
Finished training EB misspecified with NPMLE init, with SURE: 0.13155512595401525
Finished training EB misspecified with NPMLE init, with in-sample MSE: 0.23550470741515744
Finished training EB misspecified, with SURE: 0.13155711655940805
Finished training EB misspecified, with in-sample MSE: 0.2356448790480488

 Training SURE of the models:
SURE-PM: 0.13155711655940805
NPMLE: 0.33179849158265834
SURE-PM, NPMLE init: 0.13155512595401525
n: 400
experiment: c
Finished training EB misspecified with NPMLE init, with SURE: 0.01428325499773166
Finished training EB misspecified with NPMLE init, with in-sample MSE: 0.07589195061503756
Finished training EB misspecified, with SURE: 0.014315628890423824
Finished training EB misspecified, with in-sample MSE: 0.07589008017961843

 Training SURE of the models:
SURE-PM: 0.014315628890423824
NPMLE: 0.7173337815023092
SURE-PM, NPMLE init: 0.01428325499773166
experiment: d
Finished training EB misspecified with NPMLE init, with SURE: -0.0043794834818378986
Finished training EB misspecified with NPMLE init, with in-sample MSE: 0.022318428560784826
Finished training EB misspecified, with SURE: -0.004344924867776019
Finished training EB misspecified, with in-sample MSE: 0.02244061279694821

 Training SURE of the models:
SURE-PM: -0.004344924867776019
NPMLE: 0.04442724043942404
SURE-PM, NPMLE init: -0.0043794834818378986
experiment: e
Finished training EB misspecified with NPMLE init, with SURE: 0.15823463353051104
Finished training EB misspecified with NPMLE init, with in-sample MSE: 0.1800973415714035
Finished training EB misspecified, with SURE: 0.15824716956162896
Finished training EB misspecified, with in-sample MSE: 0.18009718433606384

 Training SURE of the models:
SURE-PM: 0.15824716956162896
NPMLE: 0.36408165933822295
SURE-PM, NPMLE init: 0.15823463353051104
m: 1012
n: 100
experiment: c
Finished training EB misspecified with NPMLE init, with SURE: -0.05325655423815185
Finished training EB misspecified with NPMLE init, with in-sample MSE: 0.06406808189532937
Finished training EB misspecified, with SURE: -0.053252570229432056
Finished training EB misspecified, with in-sample MSE: 0.06406548070943568

 Training SURE of the models:
SURE-PM: -0.053252570229432056
NPMLE: 0.5271910897451411
SURE-PM, NPMLE init: -0.05325655423815185
experiment: d
Finished training EB misspecified with NPMLE init, with SURE: -0.009838760809141185
Finished training EB misspecified with NPMLE init, with in-sample MSE: 0.006159346841973834
Finished training EB misspecified, with SURE: -0.009735791169600105
Finished training EB misspecified, with in-sample MSE: 0.006324000826220561

 Training SURE of the models:
SURE-PM: -0.009735791169600105
NPMLE: 0.02884329462284244
SURE-PM, NPMLE init: -0.009838760809141185
experiment: e
Finished training EB misspecified with NPMLE init, with SURE: 0.1405803758394085
Finished training EB misspecified with NPMLE init, with in-sample MSE: 0.18002031324208037
Finished training EB misspecified, with SURE: 0.1405839081047775
Finished training EB misspecified, with in-sample MSE: 0.18001873914585026

 Training SURE of the models:
SURE-PM: 0.1405839081047775
NPMLE: 0.5079943229892082
SURE-PM, NPMLE init: 0.1405803758394085
n: 400
experiment: c
Finished training EB misspecified with NPMLE init, with SURE: 0.05813138070284751
Finished training EB misspecified with NPMLE init, with in-sample MSE: 0.06281708470065717
Finished training EB misspecified, with SURE: 0.05813261209722519
Finished training EB misspecified, with in-sample MSE: 0.06281555958753798

 Training SURE of the models:
SURE-PM: 0.05813261209722519
NPMLE: 0.6498151717109799
SURE-PM, NPMLE init: 0.05813138070284751
experiment: d
Finished training EB misspecified with NPMLE init, with SURE: -0.0026245349746294977
Finished training EB misspecified with NPMLE init, with in-sample MSE: 0.004555683822084325
Finished training EB misspecified, with SURE: -0.0026242001683043806
Finished training EB misspecified, with in-sample MSE: 0.004555450241015519

 Training SURE of the models:
SURE-PM: -0.0026242001683043806
NPMLE: -0.0020000373577049578
SURE-PM, NPMLE init: -0.0026245349746294977
experiment: e
Finished training EB misspecified with NPMLE init, with SURE: 0.1661774076418974
Finished training EB misspecified with NPMLE init, with in-sample MSE: 0.17190895732707767
Finished training EB misspecified, with SURE: 0.166189553150355
Finished training EB misspecified, with in-sample MSE: 0.17191339762042582

 Training SURE of the models:
SURE-PM: 0.166189553150355
NPMLE: 0.35210038931447124
SURE-PM, NPMLE init: 0.1661774076418974
m: 1013
n: 100
experiment: c
Finished training EB misspecified with NPMLE init, with SURE: 0.026878788234653613
Finished training EB misspecified with NPMLE init, with in-sample MSE: 0.0516792783018347
Finished training EB misspecified, with SURE: 0.02686484846118681
Finished training EB misspecified, with in-sample MSE: 0.051689680091366735

 Training SURE of the models:
SURE-PM: 0.02686484846118681
NPMLE: 0.5507013232518664
SURE-PM, NPMLE init: 0.026878788234653613
experiment: d
Finished training EB misspecified with NPMLE init, with SURE: -0.016677237224396766
Finished training EB misspecified with NPMLE init, with in-sample MSE: 0.003470673084315085
Finished training EB misspecified, with SURE: -0.016676615507608402
Finished training EB misspecified, with in-sample MSE: 0.003470690551305708

 Training SURE of the models:
SURE-PM: -0.016676615507608402
NPMLE: -0.01606256080801895
SURE-PM, NPMLE init: -0.016677237224396766
experiment: e
Finished training EB misspecified with NPMLE init, with SURE: 0.09682691420544189
Finished training EB misspecified with NPMLE init, with in-sample MSE: 0.17062883039697657
Finished training EB misspecified, with SURE: 0.09683374163552146
Finished training EB misspecified, with in-sample MSE: 0.17063202047556128

 Training SURE of the models:
SURE-PM: 0.09683374163552146
NPMLE: 0.349554955794722
SURE-PM, NPMLE init: 0.09682691420544189
n: 400
experiment: c
Finished training EB misspecified with NPMLE init, with SURE: 0.015698123665425782
Finished training EB misspecified with NPMLE init, with in-sample MSE: 0.13564820638135688
Finished training EB misspecified, with SURE: 0.05426607839506424
Finished training EB misspecified, with in-sample MSE: 0.05583203449788879

 Training SURE of the models:
SURE-PM: 0.05426607839506424
NPMLE: 0.5996155480957558
SURE-PM, NPMLE init: 0.015698123665425782
experiment: d
Finished training EB misspecified with NPMLE init, with SURE: 0.0031819565922291027
Finished training EB misspecified with NPMLE init, with in-sample MSE: 0.004357794221697419
Finished training EB misspecified, with SURE: 0.003182486232369346
Finished training EB misspecified, with in-sample MSE: 0.0043572363605933065

 Training SURE of the models:
SURE-PM: 0.003182486232369346
NPMLE: 0.022591220698615543
SURE-PM, NPMLE init: 0.0031819565922291027
experiment: e
Finished training EB misspecified with NPMLE init, with SURE: 0.1704461849766482
Finished training EB misspecified with NPMLE init, with in-sample MSE: 0.15147139251728564
Finished training EB misspecified, with SURE: 0.17045424384366925
Finished training EB misspecified, with in-sample MSE: 0.15149200452551112

 Training SURE of the models:
SURE-PM: 0.17045424384366925
NPMLE: 0.3439895731445974
SURE-PM, NPMLE init: 0.1704461849766482
m: 1014
n: 100
experiment: c
Finished training EB misspecified with NPMLE init, with SURE: -0.047290325302249914
Finished training EB misspecified with NPMLE init, with in-sample MSE: 0.12775028952265763
Finished training EB misspecified, with SURE: -0.046540044148165975
Finished training EB misspecified, with in-sample MSE: 0.1346316251109182

 Training SURE of the models:
SURE-PM: -0.046540044148165975
NPMLE: 0.0382381207966489
SURE-PM, NPMLE init: -0.047290325302249914
experiment: d
Finished training EB misspecified with NPMLE init, with SURE: 0.0070112662401650636
Finished training EB misspecified with NPMLE init, with in-sample MSE: 0.024709051953081696
Finished training EB misspecified, with SURE: 0.007018505998944225
Finished training EB misspecified, with in-sample MSE: 0.024718764076103263

 Training SURE of the models:
SURE-PM: 0.007018505998944225
NPMLE: 0.024297506742491207
SURE-PM, NPMLE init: 0.0070112662401650636
experiment: e
Finished training EB misspecified with NPMLE init, with SURE: 0.12580405850151608
Finished training EB misspecified with NPMLE init, with in-sample MSE: 0.22810956435388566
Finished training EB misspecified, with SURE: 0.12581062165370127
Finished training EB misspecified, with in-sample MSE: 0.22809858838392993

 Training SURE of the models:
SURE-PM: 0.12581062165370127
NPMLE: 0.31949644995279386
SURE-PM, NPMLE init: 0.12580405850151608
n: 400
experiment: c
Finished training EB misspecified with NPMLE init, with SURE: 0.09045124658970054
Finished training EB misspecified with NPMLE init, with in-sample MSE: 0.06591372632244236
Finished training EB misspecified, with SURE: 0.09047316039986271
Finished training EB misspecified, with in-sample MSE: 0.06594243372121608

 Training SURE of the models:
SURE-PM: 0.09047316039986271
NPMLE: 0.469850458892888
SURE-PM, NPMLE init: 0.09045124658970054
experiment: d
Finished training EB misspecified with NPMLE init, with SURE: -0.017410096423994013
Finished training EB misspecified with NPMLE init, with in-sample MSE: 0.005308611207625097
Finished training EB misspecified, with SURE: -0.01740951161872861
Finished training EB misspecified, with in-sample MSE: 0.0053086025534346834

 Training SURE of the models:
SURE-PM: -0.01740951161872861
NPMLE: 0.004563575357100458
SURE-PM, NPMLE init: -0.017410096423994013
experiment: e
Finished training EB misspecified with NPMLE init, with SURE: 0.16722276740260994
Finished training EB misspecified with NPMLE init, with in-sample MSE: 0.16440156508642667
Finished training EB misspecified, with SURE: 0.16724031026707153
Finished training EB misspecified, with in-sample MSE: 0.16437876289709252

 Training SURE of the models:
SURE-PM: 0.16724031026707153
NPMLE: 0.31706635924678744
SURE-PM, NPMLE init: 0.16722276740260994
m: 1015
n: 100
experiment: c
Finished training EB misspecified with NPMLE init, with SURE: -0.11908193516603205
Finished training EB misspecified with NPMLE init, with in-sample MSE: 0.19813072129106574
Finished training EB misspecified, with SURE: -0.05142017213626609
Finished training EB misspecified, with in-sample MSE: 0.0783793935921587

 Training SURE of the models:
SURE-PM: -0.05142017213626609
NPMLE: 0.9145963057872613
SURE-PM, NPMLE init: -0.11908193516603205
experiment: d
Finished training EB misspecified with NPMLE init, with SURE: -0.01021208368249539
Finished training EB misspecified with NPMLE init, with in-sample MSE: 0.003569015580489745
Finished training EB misspecified, with SURE: -0.010211882253548783
Finished training EB misspecified, with in-sample MSE: 0.003569008012815583

 Training SURE of the models:
SURE-PM: -0.010211882253548783
NPMLE: 0.0365422581345468
SURE-PM, NPMLE init: -0.01021208368249539
experiment: e
Finished training EB misspecified with NPMLE init, with SURE: 0.0976458067989945
Finished training EB misspecified with NPMLE init, with in-sample MSE: 0.15245820944974997
Finished training EB misspecified, with SURE: 0.09765037258597051
Finished training EB misspecified, with in-sample MSE: 0.1524727274253363

 Training SURE of the models:
SURE-PM: 0.09765037258597051
NPMLE: 0.31219825316114
SURE-PM, NPMLE init: 0.0976458067989945
n: 400
experiment: c
Finished training EB misspecified with NPMLE init, with SURE: 0.03696670278368352
Finished training EB misspecified with NPMLE init, with in-sample MSE: 0.06423954682547216
Finished training EB misspecified, with SURE: 0.037024096175303355
Finished training EB misspecified, with in-sample MSE: 0.0641368265324337

 Training SURE of the models:
SURE-PM: 0.037024096175303355
NPMLE: 0.6430325499334262
SURE-PM, NPMLE init: 0.03696670278368352
experiment: d
Finished training EB misspecified with NPMLE init, with SURE: 0.018307139229656783
Finished training EB misspecified with NPMLE init, with in-sample MSE: 0.008610106716601448
Finished training EB misspecified, with SURE: 0.018307839035325842
Finished training EB misspecified, with in-sample MSE: 0.008609493006758777

 Training SURE of the models:
SURE-PM: 0.018307839035325842
NPMLE: 0.1330760411567721
SURE-PM, NPMLE init: 0.018307139229656783
experiment: e
Finished training EB misspecified with NPMLE init, with SURE: 0.1548213752234781
Finished training EB misspecified with NPMLE init, with in-sample MSE: 0.1634279798336597
Finished training EB misspecified, with SURE: 0.1548231921086192
Finished training EB misspecified, with in-sample MSE: 0.1634097268417857

 Training SURE of the models:
SURE-PM: 0.1548231921086192
NPMLE: 0.3657307557692586
SURE-PM, NPMLE init: 0.1548213752234781
m: 1016
n: 100
experiment: c
Finished training EB misspecified with NPMLE init, with SURE: 0.03240232149248328
Finished training EB misspecified with NPMLE init, with in-sample MSE: 0.0835641523217798
Finished training EB misspecified, with SURE: 0.03241356927034872
Finished training EB misspecified, with in-sample MSE: 0.083546449128109

 Training SURE of the models:
SURE-PM: 0.03241356927034872
NPMLE: 0.23381796240406316
SURE-PM, NPMLE init: 0.03240232149248328
experiment: d
Finished training EB misspecified with NPMLE init, with SURE: -0.03347786758055122
Finished training EB misspecified with NPMLE init, with in-sample MSE: 0.006501846672911592
Finished training EB misspecified, with SURE: -0.033477536482952854
Finished training EB misspecified, with in-sample MSE: 0.006501791618959698

 Training SURE of the models:
SURE-PM: -0.033477536482952854
NPMLE: -0.011666691499887812
SURE-PM, NPMLE init: -0.03347786758055122
experiment: e
Finished training EB misspecified with NPMLE init, with SURE: 0.13378874656236356
Finished training EB misspecified with NPMLE init, with in-sample MSE: 0.13383771886925266
Finished training EB misspecified, with SURE: 0.13379463814585293
Finished training EB misspecified, with in-sample MSE: 0.13383349988535687

 Training SURE of the models:
SURE-PM: 0.13379463814585293
NPMLE: 0.2972620832581828
SURE-PM, NPMLE init: 0.13378874656236356
n: 400
experiment: c
Finished training EB misspecified with NPMLE init, with SURE: 0.06652340731709323
Finished training EB misspecified with NPMLE init, with in-sample MSE: 0.07106169531025651
Finished training EB misspecified, with SURE: 0.06653142660163092
Finished training EB misspecified, with in-sample MSE: 0.07105162373539901

 Training SURE of the models:
SURE-PM: 0.06653142660163092
NPMLE: 0.6107148610905285
SURE-PM, NPMLE init: 0.06652340731709323
experiment: d
Finished training EB misspecified with NPMLE init, with SURE: -0.0046088040978888144
Finished training EB misspecified with NPMLE init, with in-sample MSE: 0.004660301796961049
Finished training EB misspecified, with SURE: -0.004608920130421304
Finished training EB misspecified, with in-sample MSE: 0.004660356646006937

 Training SURE of the models:
SURE-PM: -0.004608920130421304
NPMLE: 0.12720615308583708
SURE-PM, NPMLE init: -0.0046088040978888144
experiment: e
Finished training EB misspecified with NPMLE init, with SURE: 0.1568440385128784
Finished training EB misspecified with NPMLE init, with in-sample MSE: 0.1661000031849238
Finished training EB misspecified, with SURE: 0.15686417023974614
Finished training EB misspecified, with in-sample MSE: 0.1661518485062022

 Training SURE of the models:
SURE-PM: 0.15686417023974614
NPMLE: 0.30942373487865965
SURE-PM, NPMLE init: 0.1568440385128784
m: 1017
n: 100
experiment: c
Finished training EB misspecified with NPMLE init, with SURE: -0.0764883263974071
Finished training EB misspecified with NPMLE init, with in-sample MSE: 0.07494512102554622
Finished training EB misspecified, with SURE: -0.0764852932103453
Finished training EB misspecified, with in-sample MSE: 0.07494215738810638

 Training SURE of the models:
SURE-PM: -0.0764852932103453
NPMLE: 0.8195100449723464
SURE-PM, NPMLE init: -0.0764883263974071
experiment: d
Finished training EB misspecified with NPMLE init, with SURE: -0.018883604772719203
Finished training EB misspecified with NPMLE init, with in-sample MSE: 0.008358092361924727
Finished training EB misspecified, with SURE: -0.018883407508765798
Finished training EB misspecified, with in-sample MSE: 0.008357816854422469

 Training SURE of the models:
SURE-PM: -0.018883407508765798
NPMLE: 0.04629708229975817
SURE-PM, NPMLE init: -0.018883604772719203
experiment: e
Finished training EB misspecified with NPMLE init, with SURE: 0.1125087351084681
Finished training EB misspecified with NPMLE init, with in-sample MSE: 0.1195549420148667
Finished training EB misspecified, with SURE: 0.11251213399411
Finished training EB misspecified, with in-sample MSE: 0.11956797197777426

 Training SURE of the models:
SURE-PM: 0.11251213399411
NPMLE: 0.31529357908346795
SURE-PM, NPMLE init: 0.1125087351084681
n: 400
experiment: c
Finished training EB misspecified with NPMLE init, with SURE: 0.06346716771204947
Finished training EB misspecified with NPMLE init, with in-sample MSE: 0.07362705230990241
Finished training EB misspecified, with SURE: 0.06347601919291854
Finished training EB misspecified, with in-sample MSE: 0.07365446549995544

 Training SURE of the models:
SURE-PM: 0.06347601919291854
NPMLE: 0.5699393041784862
SURE-PM, NPMLE init: 0.06346716771204947
experiment: d
Finished training EB misspecified with NPMLE init, with SURE: 0.015307746402849851
Finished training EB misspecified with NPMLE init, with in-sample MSE: 0.00831756889447483
Finished training EB misspecified, with SURE: 0.015447966634683325
Finished training EB misspecified, with in-sample MSE: 0.008173108111805919

 Training SURE of the models:
SURE-PM: 0.015447966634683325
NPMLE: 0.07724672423205288
SURE-PM, NPMLE init: 0.015307746402849851
experiment: e
Finished training EB misspecified with NPMLE init, with SURE: 0.1479895366709869
Finished training EB misspecified with NPMLE init, with in-sample MSE: 0.18484829792819987
Finished training EB misspecified, with SURE: 0.14799471452087534
Finished training EB misspecified, with in-sample MSE: 0.18483784744760245

 Training SURE of the models:
SURE-PM: 0.14799471452087534
NPMLE: 0.3202223868885777
SURE-PM, NPMLE init: 0.1479895366709869
m: 1018
n: 100
experiment: c
Finished training EB misspecified with NPMLE init, with SURE: -0.09113274412611559
Finished training EB misspecified with NPMLE init, with in-sample MSE: 0.09845215227460914
Finished training EB misspecified, with SURE: -0.09113116144957083
Finished training EB misspecified, with in-sample MSE: 0.09845156671986738

 Training SURE of the models:
SURE-PM: -0.09113116144957083
NPMLE: -0.017385593499281597
SURE-PM, NPMLE init: -0.09113274412611559
experiment: d
Finished training EB misspecified with NPMLE init, with SURE: 0.0030418287272203416
Finished training EB misspecified with NPMLE init, with in-sample MSE: 0.010468002341926136
Finished training EB misspecified, with SURE: 0.003043307695348538
Finished training EB misspecified, with in-sample MSE: 0.010463650002582656

 Training SURE of the models:
SURE-PM: 0.003043307695348538
NPMLE: 0.003957045972960671
SURE-PM, NPMLE init: 0.0030418287272203416
experiment: e
Finished training EB misspecified with NPMLE init, with SURE: 0.1601127296526147
Finished training EB misspecified with NPMLE init, with in-sample MSE: 0.22320332001345897
Finished training EB misspecified, with SURE: 0.1601183989479577
Finished training EB misspecified, with in-sample MSE: 0.2232261518756634

 Training SURE of the models:
SURE-PM: 0.1601183989479577
NPMLE: 0.2262229571401383
SURE-PM, NPMLE init: 0.1601127296526147
n: 400
experiment: c
Finished training EB misspecified with NPMLE init, with SURE: 0.0008151681614761231
Finished training EB misspecified with NPMLE init, with in-sample MSE: 0.06604121683653487
Finished training EB misspecified, with SURE: 0.0008165673270360685
Finished training EB misspecified, with in-sample MSE: 0.06604635342768557

 Training SURE of the models:
SURE-PM: 0.0008165673270360685
NPMLE: 0.7960975788658224
SURE-PM, NPMLE init: 0.0008151681614761231
experiment: d
Finished training EB misspecified with NPMLE init, with SURE: -0.005263392695807383
Finished training EB misspecified with NPMLE init, with in-sample MSE: 0.0049296202453333535
Finished training EB misspecified, with SURE: -0.005262827573683034
Finished training EB misspecified, with in-sample MSE: 0.004929564972778621

 Training SURE of the models:
SURE-PM: -0.005262827573683034
NPMLE: -0.0018257367852275762
SURE-PM, NPMLE init: -0.005263392695807383
experiment: e
Finished training EB misspecified with NPMLE init, with SURE: 0.13964585177861238
Finished training EB misspecified with NPMLE init, with in-sample MSE: 0.14710938581113536
Finished training EB misspecified, with SURE: 0.13965347349285012
Finished training EB misspecified, with in-sample MSE: 0.1471123800628584

 Training SURE of the models:
SURE-PM: 0.13965347349285012
NPMLE: 0.3031365195308031
SURE-PM, NPMLE init: 0.13964585177861238
m: 1019
n: 100
experiment: c
Finished training EB misspecified with NPMLE init, with SURE: 0.08686852019835378
Finished training EB misspecified with NPMLE init, with in-sample MSE: 0.23529041563075573
Finished training EB misspecified, with SURE: 0.12175473171562516
Finished training EB misspecified, with in-sample MSE: 0.14885530909540207

 Training SURE of the models:
SURE-PM: 0.12175473171562516
NPMLE: 0.9147397121146915
SURE-PM, NPMLE init: 0.08686852019835378
experiment: d
Finished training EB misspecified with NPMLE init, with SURE: -0.017895713005703175
Finished training EB misspecified with NPMLE init, with in-sample MSE: 0.009471350633300697
Finished training EB misspecified, with SURE: -0.017893702770146548
Finished training EB misspecified, with in-sample MSE: 0.009468734088668322

 Training SURE of the models:
SURE-PM: -0.017893702770146548
NPMLE: 0.008913701974067418
SURE-PM, NPMLE init: -0.017895713005703175
experiment: e
Finished training EB misspecified with NPMLE init, with SURE: 0.10924583563417045
Finished training EB misspecified with NPMLE init, with in-sample MSE: 0.19561331017422215
Finished training EB misspecified, with SURE: 0.10780418804724122
Finished training EB misspecified, with in-sample MSE: 0.2034811494884266

 Training SURE of the models:
SURE-PM: 0.10780418804724122
NPMLE: 0.40457763397781177
SURE-PM, NPMLE init: 0.10924583563417045
n: 400
experiment: c
Finished training EB misspecified with NPMLE init, with SURE: 0.1300993609724945
Finished training EB misspecified with NPMLE init, with in-sample MSE: 0.09546688922584672
Finished training EB misspecified, with SURE: 0.13013340092351114
Finished training EB misspecified, with in-sample MSE: 0.09537956150110753

 Training SURE of the models:
SURE-PM: 0.13013340092351114
NPMLE: 0.5381902844930934
SURE-PM, NPMLE init: 0.1300993609724945
experiment: d
Finished training EB misspecified with NPMLE init, with SURE: 0.013223192094046148
Finished training EB misspecified with NPMLE init, with in-sample MSE: 0.004303201743140544
Finished training EB misspecified, with SURE: 0.0132236452129332
Finished training EB misspecified, with in-sample MSE: 0.004302766937362523

 Training SURE of the models:
SURE-PM: 0.0132236452129332
NPMLE: 0.11988655626462717
SURE-PM, NPMLE init: 0.013223192094046148
experiment: e
Finished training EB misspecified with NPMLE init, with SURE: 0.164900573958103
Finished training EB misspecified with NPMLE init, with in-sample MSE: 0.1840573201639769
Finished training EB misspecified, with SURE: 0.1649105234946464
Finished training EB misspecified, with in-sample MSE: 0.18403538480430576

 Training SURE of the models:
SURE-PM: 0.1649105234946464
NPMLE: 0.35445779499832286
SURE-PM, NPMLE init: 0.164900573958103
m: 1020
n: 100
experiment: c
Finished training EB misspecified with NPMLE init, with SURE: -0.009421027951677772
Finished training EB misspecified with NPMLE init, with in-sample MSE: 0.06484305884069563
Finished training EB misspecified, with SURE: -0.009410499171289785
Finished training EB misspecified, with in-sample MSE: 0.06485151899151158

 Training SURE of the models:
SURE-PM: -0.009410499171289785
NPMLE: 0.5120896499180116
SURE-PM, NPMLE init: -0.009421027951677772
experiment: d
Finished training EB misspecified with NPMLE init, with SURE: 0.013477712198371457
Finished training EB misspecified with NPMLE init, with in-sample MSE: 0.025284630016537295
Finished training EB misspecified, with SURE: 0.013479257303759304
Finished training EB misspecified, with in-sample MSE: 0.025284100070232022

 Training SURE of the models:
SURE-PM: 0.013479257303759304
NPMLE: 0.06188270736750379
SURE-PM, NPMLE init: 0.013477712198371457
experiment: e
Finished training EB misspecified with NPMLE init, with SURE: 0.05847695406916998
Finished training EB misspecified with NPMLE init, with in-sample MSE: 0.22833632065818868
Finished training EB misspecified, with SURE: 0.05848615421277998
Finished training EB misspecified, with in-sample MSE: 0.22838666594412615

 Training SURE of the models:
SURE-PM: 0.05848615421277998
NPMLE: 0.34634007740558487
SURE-PM, NPMLE init: 0.05847695406916998
n: 400
experiment: c
Finished training EB misspecified with NPMLE init, with SURE: 0.0736132065713899
Finished training EB misspecified with NPMLE init, with in-sample MSE: 0.07491989103737731
Finished training EB misspecified, with SURE: 0.07361909953272494
Finished training EB misspecified, with in-sample MSE: 0.0749131437923759

 Training SURE of the models:
SURE-PM: 0.07361909953272494
NPMLE: 0.8905267806092655
SURE-PM, NPMLE init: 0.0736132065713899
experiment: d
Finished training EB misspecified with NPMLE init, with SURE: 0.011177162210890934
Finished training EB misspecified with NPMLE init, with in-sample MSE: 0.0041426911046921
Finished training EB misspecified, with SURE: 0.011176899867716123
Finished training EB misspecified, with in-sample MSE: 0.004142858534177735

 Training SURE of the models:
SURE-PM: 0.011176899867716123
NPMLE: 0.08522203195234634
SURE-PM, NPMLE init: 0.011177162210890934
experiment: e
Finished training EB misspecified with NPMLE init, with SURE: 0.1642346677383556
Finished training EB misspecified with NPMLE init, with in-sample MSE: 0.17227031171640395
Finished training EB misspecified, with SURE: 0.16410508262884096
Finished training EB misspecified, with in-sample MSE: 0.17097387713744439

 Training SURE of the models:
SURE-PM: 0.16410508262884096
NPMLE: 0.31195493267548824
SURE-PM, NPMLE init: 0.1642346677383556
m: 1021
n: 100
experiment: c
Finished training EB misspecified with NPMLE init, with SURE: -0.020765123657862008
Finished training EB misspecified with NPMLE init, with in-sample MSE: 0.07526560815943341
Finished training EB misspecified, with SURE: -0.02129489966069599
Finished training EB misspecified, with in-sample MSE: 0.06656758757072154

 Training SURE of the models:
SURE-PM: -0.02129489966069599
NPMLE: 0.6932602806281024
SURE-PM, NPMLE init: -0.020765123657862008
experiment: d
Finished training EB misspecified with NPMLE init, with SURE: -0.0003290596065661511
Finished training EB misspecified with NPMLE init, with in-sample MSE: 0.007804678212713228
Finished training EB misspecified, with SURE: -0.0003285095266016569
Finished training EB misspecified, with in-sample MSE: 0.007804358397763874

 Training SURE of the models:
SURE-PM: -0.0003285095266016569
NPMLE: -2.6739981695893534e-05
SURE-PM, NPMLE init: -0.0003290596065661511
experiment: e
Finished training EB misspecified with NPMLE init, with SURE: 0.14159687902915477
Finished training EB misspecified with NPMLE init, with in-sample MSE: 0.3269832995779801
Finished training EB misspecified, with SURE: 0.14159734305386135
Finished training EB misspecified, with in-sample MSE: 0.32674394042768823

 Training SURE of the models:
SURE-PM: 0.14159734305386135
NPMLE: 0.3362324602469682
SURE-PM, NPMLE init: 0.14159687902915477
n: 400
experiment: c
Finished training EB misspecified with NPMLE init, with SURE: 0.0029329523797784417
Finished training EB misspecified with NPMLE init, with in-sample MSE: 0.05348663428794542
Finished training EB misspecified, with SURE: 0.0029426151810860546
Finished training EB misspecified, with in-sample MSE: 0.05348311927673901

 Training SURE of the models:
SURE-PM: 0.0029426151810860546
NPMLE: 0.503898036575326
SURE-PM, NPMLE init: 0.0029329523797784417
experiment: d
Finished training EB misspecified with NPMLE init, with SURE: 0.0010941669501889706
Finished training EB misspecified with NPMLE init, with in-sample MSE: 0.005148422708096525
Finished training EB misspecified, with SURE: 0.0010946002577657766
Finished training EB misspecified, with in-sample MSE: 0.005148002464684076

 Training SURE of the models:
SURE-PM: 0.0010946002577657766
NPMLE: 0.042423079828075194
SURE-PM, NPMLE init: 0.0010941669501889706
experiment: e
Finished training EB misspecified with NPMLE init, with SURE: 0.15823595960994816
Finished training EB misspecified with NPMLE init, with in-sample MSE: 0.17329595725337307
Finished training EB misspecified, with SURE: 0.15824229827064515
Finished training EB misspecified, with in-sample MSE: 0.17331770129609694

 Training SURE of the models:
SURE-PM: 0.15824229827064515
NPMLE: 0.33362444269002295
SURE-PM, NPMLE init: 0.15823595960994816
m: 1022
n: 100
experiment: c
Finished training EB misspecified with NPMLE init, with SURE: -0.07165447103121388
Finished training EB misspecified with NPMLE init, with in-sample MSE: 0.08797028627608258
Finished training EB misspecified, with SURE: -0.07157650916893105
Finished training EB misspecified, with in-sample MSE: 0.08928951551938762

 Training SURE of the models:
SURE-PM: -0.07157650916893105
NPMLE: 0.6145664867231136
SURE-PM, NPMLE init: -0.07165447103121388
experiment: d
Finished training EB misspecified with NPMLE init, with SURE: -0.0230044112084356
Finished training EB misspecified with NPMLE init, with in-sample MSE: 0.0066260720606763366
Finished training EB misspecified, with SURE: -0.02300391905198806
Finished training EB misspecified, with in-sample MSE: 0.006625980999199596

 Training SURE of the models:
SURE-PM: -0.02300391905198806
NPMLE: 0.002794016626257001
SURE-PM, NPMLE init: -0.0230044112084356
experiment: e
Finished training EB misspecified with NPMLE init, with SURE: 0.11680940437976364
Finished training EB misspecified with NPMLE init, with in-sample MSE: 0.18033316092257506
Finished training EB misspecified, with SURE: 0.11682004818412463
Finished training EB misspecified, with in-sample MSE: 0.18031671398066695

 Training SURE of the models:
SURE-PM: 0.11682004818412463
NPMLE: 0.3116126176747987
SURE-PM, NPMLE init: 0.11680940437976364
n: 400
experiment: c
Finished training EB misspecified with NPMLE init, with SURE: 0.08054457343272546
Finished training EB misspecified with NPMLE init, with in-sample MSE: 0.05968437811125226
Finished training EB misspecified, with SURE: 0.08054387183626915
Finished training EB misspecified, with in-sample MSE: 0.05967133144968776

 Training SURE of the models:
SURE-PM: 0.08054387183626915
NPMLE: 0.7844536067938027
SURE-PM, NPMLE init: 0.08054457343272546
experiment: d
Finished training EB misspecified with NPMLE init, with SURE: 0.007150322917444001
Finished training EB misspecified with NPMLE init, with in-sample MSE: 0.006352937298329744
Finished training EB misspecified, with SURE: 0.007151925137751665
Finished training EB misspecified, with in-sample MSE: 0.00636751648180291

 Training SURE of the models:
SURE-PM: 0.007151925137751665
NPMLE: 0.026244292666969055
SURE-PM, NPMLE init: 0.007150322917444001
experiment: e
Finished training EB misspecified with NPMLE init, with SURE: 0.1519823281808354
Finished training EB misspecified with NPMLE init, with in-sample MSE: 0.20312151624821184
Finished training EB misspecified, with SURE: 0.1519947495632492
Finished training EB misspecified, with in-sample MSE: 0.20308231386872266

 Training SURE of the models:
SURE-PM: 0.1519947495632492
NPMLE: 0.2930103935832672
SURE-PM, NPMLE init: 0.1519823281808354
m: 1023
n: 100
experiment: c
Finished training EB misspecified with NPMLE init, with SURE: 0.11143991846867778
Finished training EB misspecified with NPMLE init, with in-sample MSE: 0.0804014364647069
Finished training EB misspecified, with SURE: 0.11144767770244612
Finished training EB misspecified, with in-sample MSE: 0.08041362255460845

 Training SURE of the models:
SURE-PM: 0.11144767770244612
NPMLE: 0.9014455822432765
SURE-PM, NPMLE init: 0.11143991846867778
experiment: d
Finished training EB misspecified with NPMLE init, with SURE: 0.010822755431094145
Finished training EB misspecified with NPMLE init, with in-sample MSE: 0.015723018770385424
Finished training EB misspecified, with SURE: 0.010824730685610736
Finished training EB misspecified, with in-sample MSE: 0.01572055195243306

 Training SURE of the models:
SURE-PM: 0.010824730685610736
NPMLE: 0.022671673584731416
SURE-PM, NPMLE init: 0.010822755431094145
experiment: e
Finished training EB misspecified with NPMLE init, with SURE: 0.11369440727930574
Finished training EB misspecified with NPMLE init, with in-sample MSE: 0.2205332485022009
Finished training EB misspecified, with SURE: 0.11370268803585191
Finished training EB misspecified, with in-sample MSE: 0.22053452626261957

 Training SURE of the models:
SURE-PM: 0.11370268803585191
NPMLE: 0.34292878770968627
SURE-PM, NPMLE init: 0.11369440727930574
n: 400
experiment: c
Finished training EB misspecified with NPMLE init, with SURE: 0.04787875434864709
Finished training EB misspecified with NPMLE init, with in-sample MSE: 0.058037083960925884
Finished training EB misspecified, with SURE: 0.04789154444335203
Finished training EB misspecified, with in-sample MSE: 0.058048638861865245

 Training SURE of the models:
SURE-PM: 0.04789154444335203
NPMLE: 0.47647642434630666
SURE-PM, NPMLE init: 0.04787875434864709
experiment: d
Finished training EB misspecified with NPMLE init, with SURE: 0.019117962873405434
Finished training EB misspecified with NPMLE init, with in-sample MSE: 0.007842630247573252
Finished training EB misspecified, with SURE: 0.019118226918241152
Finished training EB misspecified, with in-sample MSE: 0.007841290928196411

 Training SURE of the models:
SURE-PM: 0.019118226918241152
NPMLE: 0.13535511022642402
SURE-PM, NPMLE init: 0.019117962873405434
experiment: e
Finished training EB misspecified with NPMLE init, with SURE: 0.16303499892879342
Finished training EB misspecified with NPMLE init, with in-sample MSE: 0.17544409075593725
Finished training EB misspecified, with SURE: 0.16304071889649505
Finished training EB misspecified, with in-sample MSE: 0.17528500989401113

 Training SURE of the models:
SURE-PM: 0.16304071889649505
NPMLE: 0.32768331181063715
SURE-PM, NPMLE init: 0.16303499892879342
m: 1024
n: 100
experiment: c
Finished training EB misspecified with NPMLE init, with SURE: 0.05641723064510146
Finished training EB misspecified with NPMLE init, with in-sample MSE: 0.11901671933870377
Finished training EB misspecified, with SURE: 0.05642726105111052
Finished training EB misspecified, with in-sample MSE: 0.11896157773029976

 Training SURE of the models:
SURE-PM: 0.05642726105111052
NPMLE: 0.27013164720675276
SURE-PM, NPMLE init: 0.05641723064510146
experiment: d
Finished training EB misspecified with NPMLE init, with SURE: 0.007603531195258011
Finished training EB misspecified with NPMLE init, with in-sample MSE: 0.006439708929913497
Finished training EB misspecified, with SURE: 0.008126217664200297
Finished training EB misspecified, with in-sample MSE: 0.005854254091952763

 Training SURE of the models:
SURE-PM: 0.008126217664200297
NPMLE: 0.07103126694432983
SURE-PM, NPMLE init: 0.007603531195258011
experiment: e
Finished training EB misspecified with NPMLE init, with SURE: 0.0825719515185921
Finished training EB misspecified with NPMLE init, with in-sample MSE: 0.21706589159708123
Finished training EB misspecified, with SURE: 0.08258014071419228
Finished training EB misspecified, with in-sample MSE: 0.21700886852168474

 Training SURE of the models:
SURE-PM: 0.08258014071419228
NPMLE: 0.4808737540370588
SURE-PM, NPMLE init: 0.0825719515185921
n: 400
experiment: c
Finished training EB misspecified with NPMLE init, with SURE: 0.013209300460376952
Finished training EB misspecified with NPMLE init, with in-sample MSE: 0.08861225625552455
Finished training EB misspecified, with SURE: 0.03339827434054847
Finished training EB misspecified, with in-sample MSE: 0.06220628591768747

 Training SURE of the models:
SURE-PM: 0.03339827434054847
NPMLE: 0.9510200695647248
SURE-PM, NPMLE init: 0.013209300460376952
experiment: d
Finished training EB misspecified with NPMLE init, with SURE: 0.006048799562067657
Finished training EB misspecified with NPMLE init, with in-sample MSE: 0.004115074497202484
Finished training EB misspecified, with SURE: 0.00605917073134302
Finished training EB misspecified, with in-sample MSE: 0.004097185738014176

 Training SURE of the models:
SURE-PM: 0.00605917073134302
NPMLE: 0.0067143525151399965
SURE-PM, NPMLE init: 0.006048799562067657
experiment: e
Finished training EB misspecified with NPMLE init, with SURE: 0.16007948922398466
Finished training EB misspecified with NPMLE init, with in-sample MSE: 0.1756973384572944
Finished training EB misspecified, with SURE: 0.16008332033459735
Finished training EB misspecified, with in-sample MSE: 0.17573990910076748

 Training SURE of the models:
SURE-PM: 0.16008332033459735
NPMLE: 0.3162387073232814
SURE-PM, NPMLE init: 0.16007948922398466
m: 1025
n: 100
experiment: c
Finished training EB misspecified with NPMLE init, with SURE: -0.04995625439227702
Finished training EB misspecified with NPMLE init, with in-sample MSE: 0.06114873161731236
Finished training EB misspecified, with SURE: -0.04992210206039061
Finished training EB misspecified, with in-sample MSE: 0.06117305241270591

 Training SURE of the models:
SURE-PM: -0.04992210206039061
NPMLE: 1.14834238762793
SURE-PM, NPMLE init: -0.04995625439227702
experiment: d
Finished training EB misspecified with NPMLE init, with SURE: 0.04089364039751669
Finished training EB misspecified with NPMLE init, with in-sample MSE: 0.02666948720209618
Finished training EB misspecified, with SURE: 0.04089599780179377
Finished training EB misspecified, with in-sample MSE: 0.026580221547020597

 Training SURE of the models:
SURE-PM: 0.04089599780179377
NPMLE: 0.06007155364139326
SURE-PM, NPMLE init: 0.04089364039751669
experiment: e
Finished training EB misspecified with NPMLE init, with SURE: 0.13713903857953355
Finished training EB misspecified with NPMLE init, with in-sample MSE: 0.2648414529921571
Finished training EB misspecified, with SURE: 0.13768898468776108
Finished training EB misspecified, with in-sample MSE: 0.2704593138162849

 Training SURE of the models:
SURE-PM: 0.13768898468776108
NPMLE: 0.3870296154069639
SURE-PM, NPMLE init: 0.13713903857953355
n: 400
experiment: c
Finished training EB misspecified with NPMLE init, with SURE: 0.06641001236081444
Finished training EB misspecified with NPMLE init, with in-sample MSE: 0.07805276768008203
Finished training EB misspecified, with SURE: 0.06642606396705616
Finished training EB misspecified, with in-sample MSE: 0.07795740765951649

 Training SURE of the models:
SURE-PM: 0.06642606396705616
NPMLE: 1.2939086618984883
SURE-PM, NPMLE init: 0.06641001236081444
experiment: d
Finished training EB misspecified with NPMLE init, with SURE: 0.004979017407617796
Finished training EB misspecified with NPMLE init, with in-sample MSE: 0.0073997218539621845
Finished training EB misspecified, with SURE: 0.004980947037905832
Finished training EB misspecified, with in-sample MSE: 0.007396182860847187

 Training SURE of the models:
SURE-PM: 0.004980947037905832
NPMLE: 0.048073973244146695
SURE-PM, NPMLE init: 0.004979017407617796
experiment: e
Finished training EB misspecified with NPMLE init, with SURE: 0.14970306056240731
Finished training EB misspecified with NPMLE init, with in-sample MSE: 0.19517143415860058
Finished training EB misspecified, with SURE: 0.1497110368272516
Finished training EB misspecified, with in-sample MSE: 0.19516804199836663

 Training SURE of the models:
SURE-PM: 0.1497110368272516
NPMLE: 0.34885472391726297
SURE-PM, NPMLE init: 0.14970306056240731
m: 1026
n: 100
experiment: c
Finished training EB misspecified with NPMLE init, with SURE: 0.05516452687758118
Finished training EB misspecified with NPMLE init, with in-sample MSE: 0.06897860530934719
Finished training EB misspecified, with SURE: 0.055185776617409775
Finished training EB misspecified, with in-sample MSE: 0.06907918185748108

 Training SURE of the models:
SURE-PM: 0.055185776617409775
NPMLE: 0.3174467404503221
SURE-PM, NPMLE init: 0.05516452687758118
experiment: d
Finished training EB misspecified with NPMLE init, with SURE: -0.008897938649046555
Finished training EB misspecified with NPMLE init, with in-sample MSE: 0.010221869716112823
Finished training EB misspecified, with SURE: -0.008896073634122424
Finished training EB misspecified, with in-sample MSE: 0.010204202198451256

 Training SURE of the models:
SURE-PM: -0.008896073634122424
NPMLE: -0.006474624431248231
SURE-PM, NPMLE init: -0.008897938649046555
experiment: e
Finished training EB misspecified with NPMLE init, with SURE: 0.1228722989030478
Finished training EB misspecified with NPMLE init, with in-sample MSE: 0.15805694165732967
Finished training EB misspecified, with SURE: 0.12287719583998183
Finished training EB misspecified, with in-sample MSE: 0.15805768840915624

 Training SURE of the models:
SURE-PM: 0.12287719583998183
NPMLE: 0.3337048393962243
SURE-PM, NPMLE init: 0.1228722989030478
n: 400
experiment: c
Finished training EB misspecified with NPMLE init, with SURE: 0.027195667609638433
Finished training EB misspecified with NPMLE init, with in-sample MSE: 0.056058893057617167
Finished training EB misspecified, with SURE: 0.02722864616539127
Finished training EB misspecified, with in-sample MSE: 0.056209110752976736

 Training SURE of the models:
SURE-PM: 0.02722864616539127
NPMLE: 0.8674687318834627
SURE-PM, NPMLE init: 0.027195667609638433
experiment: d
Finished training EB misspecified with NPMLE init, with SURE: -0.0034005642843998986
Finished training EB misspecified with NPMLE init, with in-sample MSE: 0.0048900591582264116
Finished training EB misspecified, with SURE: -0.003393925689469164
Finished training EB misspecified, with in-sample MSE: 0.004886395000181693

 Training SURE of the models:
SURE-PM: -0.003393925689469164
NPMLE: 0.021479482400750153
SURE-PM, NPMLE init: -0.0034005642843998986
experiment: e
Finished training EB misspecified with NPMLE init, with SURE: 0.15222508428124087
Finished training EB misspecified with NPMLE init, with in-sample MSE: 0.16021296349295222
Finished training EB misspecified, with SURE: 0.15223068034439977
Finished training EB misspecified, with in-sample MSE: 0.16020967664413818

 Training SURE of the models:
SURE-PM: 0.15223068034439977
NPMLE: 0.31856808208871434
SURE-PM, NPMLE init: 0.15222508428124087
m: 1027
n: 100
experiment: c
Finished training EB misspecified with NPMLE init, with SURE: 0.04618715221082958
Finished training EB misspecified with NPMLE init, with in-sample MSE: 0.09305406164110458
Finished training EB misspecified, with SURE: 0.04628828111513521
Finished training EB misspecified, with in-sample MSE: 0.09407749556765597

 Training SURE of the models:
SURE-PM: 0.04628828111513521
NPMLE: 0.5190282957721656
SURE-PM, NPMLE init: 0.04618715221082958
experiment: d
Finished training EB misspecified with NPMLE init, with SURE: 0.02280243760730343
Finished training EB misspecified with NPMLE init, with in-sample MSE: 0.029103892998431028
Finished training EB misspecified, with SURE: 0.022805411851373875
Finished training EB misspecified, with in-sample MSE: 0.029116998280851333

 Training SURE of the models:
SURE-PM: 0.022805411851373875
NPMLE: 0.03312696682221205
SURE-PM, NPMLE init: 0.02280243760730343
experiment: e
Finished training EB misspecified with NPMLE init, with SURE: 0.15209182366959342
Finished training EB misspecified with NPMLE init, with in-sample MSE: 0.19970872265191064
Finished training EB misspecified, with SURE: 0.15210167468574068
Finished training EB misspecified, with in-sample MSE: 0.1997147523530019

 Training SURE of the models:
SURE-PM: 0.15210167468574068
NPMLE: 0.35099475532410523
SURE-PM, NPMLE init: 0.15209182366959342
n: 400
experiment: c
Finished training EB misspecified with NPMLE init, with SURE: 0.025876495939820714
Finished training EB misspecified with NPMLE init, with in-sample MSE: 0.06149461737701568
Finished training EB misspecified, with SURE: 0.025910221960788748
Finished training EB misspecified, with in-sample MSE: 0.0614214863772384

 Training SURE of the models:
SURE-PM: 0.025910221960788748
NPMLE: 0.6640582422270223
SURE-PM, NPMLE init: 0.025876495939820714
experiment: d
Finished training EB misspecified with NPMLE init, with SURE: 0.013657738154618784
Finished training EB misspecified with NPMLE init, with in-sample MSE: 0.004934780903627906
Finished training EB misspecified, with SURE: 0.013658089934646914
Finished training EB misspecified, with in-sample MSE: 0.004934728204275212

 Training SURE of the models:
SURE-PM: 0.013658089934646914
NPMLE: 0.017124453646072037
SURE-PM, NPMLE init: 0.013657738154618784
experiment: e
Finished training EB misspecified with NPMLE init, with SURE: 0.14798523010045114
Finished training EB misspecified with NPMLE init, with in-sample MSE: 0.17534162182311974
Finished training EB misspecified, with SURE: 0.14718119318406156
Finished training EB misspecified, with in-sample MSE: 0.1751266783984859

 Training SURE of the models:
SURE-PM: 0.14718119318406156
NPMLE: 0.3988802154899954
SURE-PM, NPMLE init: 0.14798523010045114
m: 1028
n: 100
experiment: c
Finished training EB misspecified with NPMLE init, with SURE: -0.05532136933884239
Finished training EB misspecified with NPMLE init, with in-sample MSE: 0.09480994089455361
Finished training EB misspecified, with SURE: -0.055321156041620155
Finished training EB misspecified, with in-sample MSE: 0.0948099984409398

 Training SURE of the models:
SURE-PM: -0.055321156041620155
NPMLE: 0.20254552950481106
SURE-PM, NPMLE init: -0.05532136933884239
experiment: d
Finished training EB misspecified with NPMLE init, with SURE: -0.045900873409490436
Finished training EB misspecified with NPMLE init, with in-sample MSE: 0.008334050034477895
Finished training EB misspecified, with SURE: -0.045900189037372884
Finished training EB misspecified, with in-sample MSE: 0.008334193481577717

 Training SURE of the models:
SURE-PM: -0.045900189037372884
NPMLE: -0.030524310032840382
SURE-PM, NPMLE init: -0.045900873409490436
experiment: e
Finished training EB misspecified with NPMLE init, with SURE: 0.11964651529012876
Finished training EB misspecified with NPMLE init, with in-sample MSE: 0.1247854356577912
Finished training EB misspecified, with SURE: 0.11965635041115498
Finished training EB misspecified, with in-sample MSE: 0.12476832298303721

 Training SURE of the models:
SURE-PM: 0.11965635041115498
NPMLE: 0.3501637150439178
SURE-PM, NPMLE init: 0.11964651529012876
n: 400
experiment: c
Finished training EB misspecified with NPMLE init, with SURE: 0.10503670636843225
Finished training EB misspecified with NPMLE init, with in-sample MSE: 0.07169338535738784
Finished training EB misspecified, with SURE: 0.1050442912793143
Finished training EB misspecified, with in-sample MSE: 0.07169118389604179

 Training SURE of the models:
SURE-PM: 0.1050442912793143
NPMLE: 0.530812877462422
SURE-PM, NPMLE init: 0.10503670636843225
experiment: d
Finished training EB misspecified with NPMLE init, with SURE: 0.004206398161571592
Finished training EB misspecified with NPMLE init, with in-sample MSE: 0.02383896109215129
Finished training EB misspecified, with SURE: 0.00420682827802759
Finished training EB misspecified, with in-sample MSE: 0.023807338873246344

 Training SURE of the models:
SURE-PM: 0.00420682827802759
NPMLE: 0.08393795014252099
SURE-PM, NPMLE init: 0.004206398161571592
experiment: e
Finished training EB misspecified with NPMLE init, with SURE: 0.17040377662848435
Finished training EB misspecified with NPMLE init, with in-sample MSE: 0.187381798600617
Finished training EB misspecified, with SURE: 0.1704163278197526
Finished training EB misspecified, with in-sample MSE: 0.18740621440723942

 Training SURE of the models:
SURE-PM: 0.1704163278197526
NPMLE: 0.3290654599767944
SURE-PM, NPMLE init: 0.17040377662848435
m: 1029
n: 100
experiment: c
Finished training EB misspecified with NPMLE init, with SURE: 0.09038691389774627
Finished training EB misspecified with NPMLE init, with in-sample MSE: 0.13920254672793403
Finished training EB misspecified, with SURE: 0.09041835639420753
Finished training EB misspecified, with in-sample MSE: 0.13918943275690096

 Training SURE of the models:
SURE-PM: 0.09041835639420753
NPMLE: 0.7917776416498
SURE-PM, NPMLE init: 0.09038691389774627
experiment: d
Finished training EB misspecified with NPMLE init, with SURE: 0.02472293144364933
Finished training EB misspecified with NPMLE init, with in-sample MSE: 0.017871453837530936
Finished training EB misspecified, with SURE: 0.024724390197868686
Finished training EB misspecified, with in-sample MSE: 0.01786004659701529

 Training SURE of the models:
SURE-PM: 0.024724390197868686
NPMLE: 0.03792159751594795
SURE-PM, NPMLE init: 0.02472293144364933
experiment: e
Finished training EB misspecified with NPMLE init, with SURE: 0.12632757074493484
Finished training EB misspecified with NPMLE init, with in-sample MSE: 0.28251108020561994
Finished training EB misspecified, with SURE: 0.11453073688895217
Finished training EB misspecified, with in-sample MSE: 0.27750837824784785

 Training SURE of the models:
SURE-PM: 0.11453073688895217
NPMLE: 0.2534181904887546
SURE-PM, NPMLE init: 0.12632757074493484
n: 400
experiment: c
Finished training EB misspecified with NPMLE init, with SURE: 0.023842922269203797
Finished training EB misspecified with NPMLE init, with in-sample MSE: 0.05440778915524154
Finished training EB misspecified, with SURE: 0.02384782916759157
Finished training EB misspecified, with in-sample MSE: 0.054406942409807584

 Training SURE of the models:
SURE-PM: 0.02384782916759157
NPMLE: 0.7488516618511764
SURE-PM, NPMLE init: 0.023842922269203797
experiment: d
Finished training EB misspecified with NPMLE init, with SURE: -0.0010353957389017587
Finished training EB misspecified with NPMLE init, with in-sample MSE: 0.005276472007010675
Finished training EB misspecified, with SURE: -0.0010329623403634081
Finished training EB misspecified, with in-sample MSE: 0.005283688970233619

 Training SURE of the models:
SURE-PM: -0.0010329623403634081
NPMLE: 0.003523916057793244
SURE-PM, NPMLE init: -0.0010353957389017587
experiment: e
Finished training EB misspecified with NPMLE init, with SURE: 0.16523609773324843
Finished training EB misspecified with NPMLE init, with in-sample MSE: 0.1802421122800497
Finished training EB misspecified, with SURE: 0.1653634900007041
Finished training EB misspecified, with in-sample MSE: 0.18100945356528395

 Training SURE of the models:
SURE-PM: 0.1653634900007041
NPMLE: 0.309568919008947
SURE-PM, NPMLE init: 0.16523609773324843
m: 1030
n: 100
experiment: c
Finished training EB misspecified with NPMLE init, with SURE: -0.05790448111882668
Finished training EB misspecified with NPMLE init, with in-sample MSE: 0.06686034354359059
Finished training EB misspecified, with SURE: -0.05982012422252595
Finished training EB misspecified, with in-sample MSE: 0.063046916078845

 Training SURE of the models:
SURE-PM: -0.05982012422252595
NPMLE: 0.3134263239741124
SURE-PM, NPMLE init: -0.05790448111882668
experiment: d
Finished training EB misspecified with NPMLE init, with SURE: -0.005376492308348961
Finished training EB misspecified with NPMLE init, with in-sample MSE: 0.011476898997716024
Finished training EB misspecified, with SURE: -0.005376090939095857
Finished training EB misspecified, with in-sample MSE: 0.01146439873970383

 Training SURE of the models:
SURE-PM: -0.005376090939095857
NPMLE: 0.10467706796093261
SURE-PM, NPMLE init: -0.005376492308348961
experiment: e
Finished training EB misspecified with NPMLE init, with SURE: 0.17870545786294326
Finished training EB misspecified with NPMLE init, with in-sample MSE: 0.180214414675344
Finished training EB misspecified, with SURE: 0.17871023143148018
Finished training EB misspecified, with in-sample MSE: 0.18021601248772806

 Training SURE of the models:
SURE-PM: 0.17871023143148018
NPMLE: 0.2779563382476828
SURE-PM, NPMLE init: 0.17870545786294326
n: 400
experiment: c
Finished training EB misspecified with NPMLE init, with SURE: 0.09532511091456577
Finished training EB misspecified with NPMLE init, with in-sample MSE: 0.06981517393770058
Finished training EB misspecified, with SURE: 0.08677759758450612
Finished training EB misspecified, with in-sample MSE: 0.09474575905802579

 Training SURE of the models:
SURE-PM: 0.08677759758450612
NPMLE: 0.28970142601940146
SURE-PM, NPMLE init: 0.09532511091456577
experiment: d
Finished training EB misspecified with NPMLE init, with SURE: 0.0160656642482906
Finished training EB misspecified with NPMLE init, with in-sample MSE: 0.009016735417390927
Finished training EB misspecified, with SURE: 0.01606592418872678
Finished training EB misspecified, with in-sample MSE: 0.009016497996423498

 Training SURE of the models:
SURE-PM: 0.01606592418872678
NPMLE: 0.11693858076504961
SURE-PM, NPMLE init: 0.0160656642482906
experiment: e
Finished training EB misspecified with NPMLE init, with SURE: 0.16828005374952731
Finished training EB misspecified with NPMLE init, with in-sample MSE: 0.18201875638462764
Finished training EB misspecified, with SURE: 0.16829147692444898
Finished training EB misspecified, with in-sample MSE: 0.1820331776324344

 Training SURE of the models:
SURE-PM: 0.16829147692444898
NPMLE: 0.317201419805073
SURE-PM, NPMLE init: 0.16828005374952731
m: 1031
n: 100
experiment: c
Finished training EB misspecified with NPMLE init, with SURE: -0.10739002631512903
Finished training EB misspecified with NPMLE init, with in-sample MSE: 0.06429949708198002
Finished training EB misspecified, with SURE: -0.10739470609617506
Finished training EB misspecified, with in-sample MSE: 0.06430821166995893

 Training SURE of the models:
SURE-PM: -0.10739470609617506
NPMLE: 0.9293383401074314
SURE-PM, NPMLE init: -0.10739002631512903
experiment: d
Finished training EB misspecified with NPMLE init, with SURE: -0.010364432702694356
Finished training EB misspecified with NPMLE init, with in-sample MSE: 0.00566097216356683
Finished training EB misspecified, with SURE: -0.010364149986183584
Finished training EB misspecified, with in-sample MSE: 0.0056631800915473915

 Training SURE of the models:
SURE-PM: -0.010364149986183584
NPMLE: 0.04322539200698447
SURE-PM, NPMLE init: -0.010364432702694356
experiment: e
Finished training EB misspecified with NPMLE init, with SURE: 0.1507209320375558
Finished training EB misspecified with NPMLE init, with in-sample MSE: 0.23623914226043868
Finished training EB misspecified, with SURE: 0.15073668045891453
Finished training EB misspecified, with in-sample MSE: 0.23655838740219978

 Training SURE of the models:
SURE-PM: 0.15073668045891453
NPMLE: 0.33171576702733113
SURE-PM, NPMLE init: 0.1507209320375558
n: 400
experiment: c
Finished training EB misspecified with NPMLE init, with SURE: 0.0006081403901966809
Finished training EB misspecified with NPMLE init, with in-sample MSE: 0.05785281446771579
Finished training EB misspecified, with SURE: 0.0006305108624776779
Finished training EB misspecified, with in-sample MSE: 0.05765449983087205

 Training SURE of the models:
SURE-PM: 0.0006305108624776779
NPMLE: 0.6598009786544398
SURE-PM, NPMLE init: 0.0006081403901966809
experiment: d
Finished training EB misspecified with NPMLE init, with SURE: -0.002855457333701281
Finished training EB misspecified with NPMLE init, with in-sample MSE: 0.003265582667264308
Finished training EB misspecified, with SURE: -0.002826233466821595
Finished training EB misspecified, with in-sample MSE: 0.0032663582280296473

 Training SURE of the models:
SURE-PM: -0.002826233466821595
NPMLE: 0.04096111178554814
SURE-PM, NPMLE init: -0.002855457333701281
experiment: e
Finished training EB misspecified with NPMLE init, with SURE: 0.12565563090187692
Finished training EB misspecified with NPMLE init, with in-sample MSE: 0.16921102499724433
Finished training EB misspecified, with SURE: 0.1256649299376232
Finished training EB misspecified, with in-sample MSE: 0.16919990751543756

 Training SURE of the models:
SURE-PM: 0.1256649299376232
NPMLE: 0.28448656113893667
SURE-PM, NPMLE init: 0.12565563090187692
m: 1032
n: 100
experiment: c
Finished training EB misspecified with NPMLE init, with SURE: -0.004143237911196422
Finished training EB misspecified with NPMLE init, with in-sample MSE: 0.08059010443984986
Finished training EB misspecified, with SURE: -0.004136286505890894
Finished training EB misspecified, with in-sample MSE: 0.0805618091248888

 Training SURE of the models:
SURE-PM: -0.004136286505890894
NPMLE: 0.8279305038750185
SURE-PM, NPMLE init: -0.004143237911196422
experiment: d
Finished training EB misspecified with NPMLE init, with SURE: -0.0018652449125586656
Finished training EB misspecified with NPMLE init, with in-sample MSE: 0.0060780186523577365
Finished training EB misspecified, with SURE: -0.0018635963431650816
Finished training EB misspecified, with in-sample MSE: 0.006078356396519407

 Training SURE of the models:
SURE-PM: -0.0018635963431650816
NPMLE: 0.018687537141284433
SURE-PM, NPMLE init: -0.0018652449125586656
experiment: e
Finished training EB misspecified with NPMLE init, with SURE: 0.09264349257373475
Finished training EB misspecified with NPMLE init, with in-sample MSE: 0.21305290528659118
Finished training EB misspecified, with SURE: 0.09228185933561726
Finished training EB misspecified, with in-sample MSE: 0.20928349435633004

 Training SURE of the models:
SURE-PM: 0.09228185933561726
NPMLE: 0.3343731996830652
SURE-PM, NPMLE init: 0.09264349257373475
n: 400
experiment: c
Finished training EB misspecified with NPMLE init, with SURE: 0.02196391788050846
Finished training EB misspecified with NPMLE init, with in-sample MSE: 0.08946209805032186
Finished training EB misspecified, with SURE: 0.04705946578633771
Finished training EB misspecified, with in-sample MSE: 0.05356687436850348

 Training SURE of the models:
SURE-PM: 0.04705946578633771
NPMLE: 0.8421103253908615
SURE-PM, NPMLE init: 0.02196391788050846
experiment: d
Finished training EB misspecified with NPMLE init, with SURE: -0.0062060645632228
Finished training EB misspecified with NPMLE init, with in-sample MSE: 0.004514660902546117
Finished training EB misspecified, with SURE: -0.0062058901277892535
Finished training EB misspecified, with in-sample MSE: 0.004514608902612194

 Training SURE of the models:
SURE-PM: -0.0062058901277892535
NPMLE: 0.06707598169132313
SURE-PM, NPMLE init: -0.0062060645632228
experiment: e
Finished training EB misspecified with NPMLE init, with SURE: 0.1305006530282683
Finished training EB misspecified with NPMLE init, with in-sample MSE: 0.15982039689504948
Finished training EB misspecified, with SURE: 0.13043353001742453
Finished training EB misspecified, with in-sample MSE: 0.15944697522595233

 Training SURE of the models:
SURE-PM: 0.13043353001742453
NPMLE: 0.35782791034896577
SURE-PM, NPMLE init: 0.1305006530282683
m: 1033
n: 100
experiment: c
Finished training EB misspecified with NPMLE init, with SURE: 0.01005752765873595
Finished training EB misspecified with NPMLE init, with in-sample MSE: 0.1842846185298299
Finished training EB misspecified, with SURE: 0.01005029070378356
Finished training EB misspecified, with in-sample MSE: 0.18450741520854538

 Training SURE of the models:
SURE-PM: 0.01005029070378356
NPMLE: 0.8465164650592172
SURE-PM, NPMLE init: 0.01005752765873595
experiment: d
Finished training EB misspecified with NPMLE init, with SURE: -0.0018664661666269566
Finished training EB misspecified with NPMLE init, with in-sample MSE: 0.006631856056976145
Finished training EB misspecified, with SURE: -0.0018661933906652095
Finished training EB misspecified, with in-sample MSE: 0.006631821720223868

 Training SURE of the models:
SURE-PM: -0.0018661933906652095
NPMLE: 0.06846906180352168
SURE-PM, NPMLE init: -0.0018664661666269566
experiment: e
Finished training EB misspecified with NPMLE init, with SURE: 0.12937393893079552
Finished training EB misspecified with NPMLE init, with in-sample MSE: 0.19926856189458392
Finished training EB misspecified, with SURE: 0.11543143965088305
Finished training EB misspecified, with in-sample MSE: 0.20014036874089464

 Training SURE of the models:
SURE-PM: 0.11543143965088305
NPMLE: 0.29710483894756395
SURE-PM, NPMLE init: 0.12937393893079552
n: 400
experiment: c
Finished training EB misspecified with NPMLE init, with SURE: 0.06119076086547423
Finished training EB misspecified with NPMLE init, with in-sample MSE: 0.05402322840080627
Finished training EB misspecified, with SURE: 0.0611996851104567
Finished training EB misspecified, with in-sample MSE: 0.0540002829445026

 Training SURE of the models:
SURE-PM: 0.0611996851104567
NPMLE: 0.411088816928354
SURE-PM, NPMLE init: 0.06119076086547423
experiment: d
Finished training EB misspecified with NPMLE init, with SURE: 0.009398155454414017
Finished training EB misspecified with NPMLE init, with in-sample MSE: 0.00973151073828744
Finished training EB misspecified, with SURE: 0.007843096784558839
Finished training EB misspecified, with in-sample MSE: 0.011450593066380221

 Training SURE of the models:
SURE-PM: 0.007843096784558839
NPMLE: 0.13544594148602448
SURE-PM, NPMLE init: 0.009398155454414017
experiment: e
Finished training EB misspecified with NPMLE init, with SURE: 0.14378787290138537
Finished training EB misspecified with NPMLE init, with in-sample MSE: 0.20364255911802284
Finished training EB misspecified, with SURE: 0.1437964846645849
Finished training EB misspecified, with in-sample MSE: 0.20364589048765228

 Training SURE of the models:
SURE-PM: 0.1437964846645849
NPMLE: 0.4713190239998379
SURE-PM, NPMLE init: 0.14378787290138537
m: 1034
n: 100
experiment: c
Finished training EB misspecified with NPMLE init, with SURE: -0.024250400666331162
Finished training EB misspecified with NPMLE init, with in-sample MSE: 0.06104806673137262
Finished training EB misspecified, with SURE: -0.02424011360238744
Finished training EB misspecified, with in-sample MSE: 0.06105164493851864

 Training SURE of the models:
SURE-PM: -0.02424011360238744
NPMLE: 0.4889962820520909
SURE-PM, NPMLE init: -0.024250400666331162
experiment: d
Finished training EB misspecified with NPMLE init, with SURE: 0.016077429689446542
Finished training EB misspecified with NPMLE init, with in-sample MSE: 0.019374856362111992
Finished training EB misspecified, with SURE: 0.01608007464353337
Finished training EB misspecified, with in-sample MSE: 0.01937331618671693

 Training SURE of the models:
SURE-PM: 0.01608007464353337
NPMLE: 0.0791550670414481
SURE-PM, NPMLE init: 0.016077429689446542
experiment: e
Finished training EB misspecified with NPMLE init, with SURE: 0.16687721151442048
Finished training EB misspecified with NPMLE init, with in-sample MSE: 0.2414973255018116
Finished training EB misspecified, with SURE: 0.16870574680720524
Finished training EB misspecified, with in-sample MSE: 0.23968032433211606

 Training SURE of the models:
SURE-PM: 0.16870574680720524
NPMLE: 0.272879052042371
SURE-PM, NPMLE init: 0.16687721151442048
n: 400
experiment: c
Finished training EB misspecified with NPMLE init, with SURE: 0.007625717655751103
Finished training EB misspecified with NPMLE init, with in-sample MSE: 0.060486359368269585
Finished training EB misspecified, with SURE: 0.007631417586134078
Finished training EB misspecified, with in-sample MSE: 0.060493992746037666

 Training SURE of the models:
SURE-PM: 0.007631417586134078
NPMLE: 0.5306641165771457
SURE-PM, NPMLE init: 0.007625717655751103
experiment: d
Finished training EB misspecified with NPMLE init, with SURE: -0.001722375415128532
Finished training EB misspecified with NPMLE init, with in-sample MSE: 0.006271715697317782
Finished training EB misspecified, with SURE: -0.0015709910961141738
Finished training EB misspecified, with in-sample MSE: 0.005654604918192398

 Training SURE of the models:
SURE-PM: -0.0015709910961141738
NPMLE: 0.022853641625236065
SURE-PM, NPMLE init: -0.001722375415128532
experiment: e
Finished training EB misspecified with NPMLE init, with SURE: 0.15456315141831284
Finished training EB misspecified with NPMLE init, with in-sample MSE: 0.18820232774834092
Finished training EB misspecified, with SURE: 0.1544417755845562
Finished training EB misspecified, with in-sample MSE: 0.18723111807263637

 Training SURE of the models:
SURE-PM: 0.1544417755845562
NPMLE: 0.37105623271009924
SURE-PM, NPMLE init: 0.15456315141831284
m: 1035
n: 100
experiment: c
Finished training EB misspecified with NPMLE init, with SURE: 0.05528945881920585
Finished training EB misspecified with NPMLE init, with in-sample MSE: 0.07191894463959503
Finished training EB misspecified, with SURE: 0.0553017922141153
Finished training EB misspecified, with in-sample MSE: 0.07191886094521671

 Training SURE of the models:
SURE-PM: 0.0553017922141153
NPMLE: 0.41146370208257793
SURE-PM, NPMLE init: 0.05528945881920585
experiment: d
Finished training EB misspecified with NPMLE init, with SURE: 0.06252343423661369
Finished training EB misspecified with NPMLE init, with in-sample MSE: 0.052383339619273814
Finished training EB misspecified, with SURE: 0.06252497465281237
Finished training EB misspecified, with in-sample MSE: 0.052356356946486

 Training SURE of the models:
SURE-PM: 0.06252497465281237
NPMLE: 0.16309202519129976
SURE-PM, NPMLE init: 0.06252343423661369
experiment: e
Finished training EB misspecified with NPMLE init, with SURE: 0.12840987135372042
Finished training EB misspecified with NPMLE init, with in-sample MSE: 0.2714809910775671
Finished training EB misspecified, with SURE: 0.12842070986420825
Finished training EB misspecified, with in-sample MSE: 0.27143788943803104

 Training SURE of the models:
SURE-PM: 0.12842070986420825
NPMLE: 0.32475648783933125
SURE-PM, NPMLE init: 0.12840987135372042
n: 400
experiment: c
Finished training EB misspecified with NPMLE init, with SURE: 0.03580916883568854
Finished training EB misspecified with NPMLE init, with in-sample MSE: 0.056812695300621704
Finished training EB misspecified, with SURE: 0.035815306370593235
Finished training EB misspecified, with in-sample MSE: 0.05681546879963133

 Training SURE of the models:
SURE-PM: 0.035815306370593235
NPMLE: 0.7079048458480406
SURE-PM, NPMLE init: 0.03580916883568854
experiment: d
Finished training EB misspecified with NPMLE init, with SURE: -0.0024118713055588437
Finished training EB misspecified with NPMLE init, with in-sample MSE: 0.007432465461209739
Finished training EB misspecified, with SURE: -0.0024096529536256563
Finished training EB misspecified, with in-sample MSE: 0.007433323675811346

 Training SURE of the models:
SURE-PM: -0.0024096529536256563
NPMLE: 0.05727791923136412
SURE-PM, NPMLE init: -0.0024118713055588437
experiment: e
Finished training EB misspecified with NPMLE init, with SURE: 0.17331166140396378
Finished training EB misspecified with NPMLE init, with in-sample MSE: 0.1822576560880445
Finished training EB misspecified, with SURE: 0.17331486365608512
Finished training EB misspecified, with in-sample MSE: 0.18225679919566726

 Training SURE of the models:
SURE-PM: 0.17331486365608512
NPMLE: 0.3326406320347724
SURE-PM, NPMLE init: 0.17331166140396378
m: 1036
n: 100
experiment: c
Finished training EB misspecified with NPMLE init, with SURE: 0.02868136174218975
Finished training EB misspecified with NPMLE init, with in-sample MSE: 0.08817913230936006
Finished training EB misspecified, with SURE: 0.02868919032240868
Finished training EB misspecified, with in-sample MSE: 0.08813078465008686

 Training SURE of the models:
SURE-PM: 0.02868919032240868
NPMLE: 0.553127518405642
SURE-PM, NPMLE init: 0.02868136174218975
experiment: d
Finished training EB misspecified with NPMLE init, with SURE: 0.003915808392376583
Finished training EB misspecified with NPMLE init, with in-sample MSE: 0.03387204677723849
Finished training EB misspecified, with SURE: 0.0039170588581076875
Finished training EB misspecified, with in-sample MSE: 0.03387540517741988

 Training SURE of the models:
SURE-PM: 0.0039170588581076875
NPMLE: 0.010853438520057174
SURE-PM, NPMLE init: 0.003915808392376583
experiment: e
Finished training EB misspecified with NPMLE init, with SURE: 0.1423112200676846
Finished training EB misspecified with NPMLE init, with in-sample MSE: 0.2190082336794716
Finished training EB misspecified, with SURE: 0.14232166606744273
Finished training EB misspecified, with in-sample MSE: 0.21902286169972393

 Training SURE of the models:
SURE-PM: 0.14232166606744273
NPMLE: 0.30533386294118153
SURE-PM, NPMLE init: 0.1423112200676846
n: 400
experiment: c
Finished training EB misspecified with NPMLE init, with SURE: 0.09979055995123944
Finished training EB misspecified with NPMLE init, with in-sample MSE: 0.07593062563193237
Finished training EB misspecified, with SURE: 0.09985347328619738
Finished training EB misspecified, with in-sample MSE: 0.07584054831202926

 Training SURE of the models:
SURE-PM: 0.09985347328619738
NPMLE: 0.9061753616327997
SURE-PM, NPMLE init: 0.09979055995123944
experiment: d
Finished training EB misspecified with NPMLE init, with SURE: 0.012599412778695829
Finished training EB misspecified with NPMLE init, with in-sample MSE: 0.005909214024560259
Finished training EB misspecified, with SURE: 0.01259928894833717
Finished training EB misspecified, with in-sample MSE: 0.005909611205422342

 Training SURE of the models:
SURE-PM: 0.01259928894833717
NPMLE: 0.142914012735939
SURE-PM, NPMLE init: 0.012599412778695829
experiment: e
Finished training EB misspecified with NPMLE init, with SURE: 0.17362052002312317
Finished training EB misspecified with NPMLE init, with in-sample MSE: 0.2053623227683591
Finished training EB misspecified, with SURE: 0.16846243214136877
Finished training EB misspecified, with in-sample MSE: 0.20114990623833137

 Training SURE of the models:
SURE-PM: 0.16846243214136877
NPMLE: 0.30562749866016087
SURE-PM, NPMLE init: 0.17362052002312317
m: 1037
n: 100
experiment: c
Finished training EB misspecified with NPMLE init, with SURE: -0.012301191479317382
Finished training EB misspecified with NPMLE init, with in-sample MSE: 0.05274835806272733
Finished training EB misspecified, with SURE: -0.012292415143892938
Finished training EB misspecified, with in-sample MSE: 0.05274605676131374

 Training SURE of the models:
SURE-PM: -0.012292415143892938
NPMLE: 0.6044689445626079
SURE-PM, NPMLE init: -0.012301191479317382
experiment: d
Finished training EB misspecified with NPMLE init, with SURE: -0.011532100419356156
Finished training EB misspecified with NPMLE init, with in-sample MSE: 0.015942439948986045
Finished training EB misspecified, with SURE: -0.01153083920634428
Finished training EB misspecified, with in-sample MSE: 0.015959711199818417

 Training SURE of the models:
SURE-PM: -0.01153083920634428
NPMLE: 0.007918357874153426
SURE-PM, NPMLE init: -0.011532100419356156
experiment: e
Finished training EB misspecified with NPMLE init, with SURE: 0.155338011985671
Finished training EB misspecified with NPMLE init, with in-sample MSE: 0.20531354886692818
Finished training EB misspecified, with SURE: 0.15534720174031605
Finished training EB misspecified, with in-sample MSE: 0.20530939035438034

 Training SURE of the models:
SURE-PM: 0.15534720174031605
NPMLE: 0.31903682861566973
SURE-PM, NPMLE init: 0.155338011985671
n: 400
experiment: c
Finished training EB misspecified with NPMLE init, with SURE: 0.016990379089760026
Finished training EB misspecified with NPMLE init, with in-sample MSE: 0.07840898062873507
Finished training EB misspecified, with SURE: 0.017211281993674207
Finished training EB misspecified, with in-sample MSE: 0.07934864446319856

 Training SURE of the models:
SURE-PM: 0.017211281993674207
NPMLE: 0.5669566830764781
SURE-PM, NPMLE init: 0.016990379089760026
experiment: d
Finished training EB misspecified with NPMLE init, with SURE: 0.018020716876791364
Finished training EB misspecified with NPMLE init, with in-sample MSE: 0.00486756910302388
Finished training EB misspecified, with SURE: 0.01802086681534048
Finished training EB misspecified, with in-sample MSE: 0.004867635262159069

 Training SURE of the models:
SURE-PM: 0.01802086681534048
NPMLE: 0.13149752524738814
SURE-PM, NPMLE init: 0.018020716876791364
experiment: e
Finished training EB misspecified with NPMLE init, with SURE: 0.14788961162201475
Finished training EB misspecified with NPMLE init, with in-sample MSE: 0.1732539746024596
Finished training EB misspecified, with SURE: 0.14789856663619047
Finished training EB misspecified, with in-sample MSE: 0.1731935842923242

 Training SURE of the models:
SURE-PM: 0.14789856663619047
NPMLE: 0.2903573038172407
SURE-PM, NPMLE init: 0.14788961162201475
m: 1038
n: 100
experiment: c
Finished training EB misspecified with NPMLE init, with SURE: 0.1599924186069228
Finished training EB misspecified with NPMLE init, with in-sample MSE: 0.13322222005485407
Finished training EB misspecified, with SURE: 0.16000043071450862
Finished training EB misspecified, with in-sample MSE: 0.1332317694513319

 Training SURE of the models:
SURE-PM: 0.16000043071450862
NPMLE: 0.5413975760826664
SURE-PM, NPMLE init: 0.1599924186069228
experiment: d
Finished training EB misspecified with NPMLE init, with SURE: -0.0054920642551639
Finished training EB misspecified with NPMLE init, with in-sample MSE: 0.013323811072217863
Finished training EB misspecified, with SURE: -0.005491057823866097
Finished training EB misspecified, with in-sample MSE: 0.013322643508983796

 Training SURE of the models:
SURE-PM: -0.005491057823866097
NPMLE: 0.08188061181293073
SURE-PM, NPMLE init: -0.0054920642551639
experiment: e
Finished training EB misspecified with NPMLE init, with SURE: 0.17223008209700838
Finished training EB misspecified with NPMLE init, with in-sample MSE: 0.19828266581107076
Finished training EB misspecified, with SURE: 0.17220620345787077
Finished training EB misspecified, with in-sample MSE: 0.1973234829882449

 Training SURE of the models:
SURE-PM: 0.17220620345787077
NPMLE: 0.2855526713311394
SURE-PM, NPMLE init: 0.17223008209700838
n: 400
experiment: c
Finished training EB misspecified with NPMLE init, with SURE: 0.08895754692941907
Finished training EB misspecified with NPMLE init, with in-sample MSE: 0.056358081200859
Finished training EB misspecified, with SURE: 0.08922910125936781
Finished training EB misspecified, with in-sample MSE: 0.0615792024764176

 Training SURE of the models:
SURE-PM: 0.08922910125936781
NPMLE: 0.9069615046810126
SURE-PM, NPMLE init: 0.08895754692941907
experiment: d
Finished training EB misspecified with NPMLE init, with SURE: 0.0002781987210143022
Finished training EB misspecified with NPMLE init, with in-sample MSE: 0.005602537518880524
Finished training EB misspecified, with SURE: 0.0002929799442816439
Finished training EB misspecified, with in-sample MSE: 0.00558905055716487

 Training SURE of the models:
SURE-PM: 0.0002929799442816439
NPMLE: 0.02149752289913325
SURE-PM, NPMLE init: 0.0002781987210143022
experiment: e
Finished training EB misspecified with NPMLE init, with SURE: 0.14889601700201968
Finished training EB misspecified with NPMLE init, with in-sample MSE: 0.193201263434335
Finished training EB misspecified, with SURE: 0.14890378788305403
Finished training EB misspecified, with in-sample MSE: 0.19318667831305117

 Training SURE of the models:
SURE-PM: 0.14890378788305403
NPMLE: 0.34513835836444395
SURE-PM, NPMLE init: 0.14889601700201968
m: 1039
n: 100
experiment: c
Finished training EB misspecified with NPMLE init, with SURE: -0.16889785027960522
Finished training EB misspecified with NPMLE init, with in-sample MSE: 0.16657477972599402
Finished training EB misspecified, with SURE: -0.11168050104867185
Finished training EB misspecified, with in-sample MSE: 0.07504904285464084

 Training SURE of the models:
SURE-PM: -0.11168050104867185
NPMLE: 0.32874037962080216
SURE-PM, NPMLE init: -0.16889785027960522
experiment: d
Finished training EB misspecified with NPMLE init, with SURE: -0.028307358315627376
Finished training EB misspecified with NPMLE init, with in-sample MSE: 0.009187787664944791
Finished training EB misspecified, with SURE: -0.02799633352977832
Finished training EB misspecified, with in-sample MSE: 0.007892621209999227

 Training SURE of the models:
SURE-PM: -0.02799633352977832
NPMLE: -0.006085917132093108
SURE-PM, NPMLE init: -0.028307358315627376
experiment: e
Finished training EB misspecified with NPMLE init, with SURE: 0.08128007565940898
Finished training EB misspecified with NPMLE init, with in-sample MSE: 0.2294731201475084
Finished training EB misspecified, with SURE: 0.08128810745885318
Finished training EB misspecified, with in-sample MSE: 0.22947231267358176

 Training SURE of the models:
SURE-PM: 0.08128810745885318
NPMLE: 0.371905838557163
SURE-PM, NPMLE init: 0.08128007565940898
n: 400
experiment: c
Finished training EB misspecified with NPMLE init, with SURE: 0.12833210709754347
Finished training EB misspecified with NPMLE init, with in-sample MSE: 0.07780220530356621
Finished training EB misspecified, with SURE: 0.12833948791843702
Finished training EB misspecified, with in-sample MSE: 0.07773459545370416

 Training SURE of the models:
SURE-PM: 0.12833948791843702
NPMLE: 0.564070326950549
SURE-PM, NPMLE init: 0.12833210709754347
experiment: d
Finished training EB misspecified with NPMLE init, with SURE: 0.008163223028553865
Finished training EB misspecified with NPMLE init, with in-sample MSE: 0.018198350018826373
Finished training EB misspecified, with SURE: 0.01797127628070477
Finished training EB misspecified, with in-sample MSE: 0.008324607870893588

 Training SURE of the models:
SURE-PM: 0.01797127628070477
NPMLE: 0.13296343149167572
SURE-PM, NPMLE init: 0.008163223028553865
experiment: e
Finished training EB misspecified with NPMLE init, with SURE: 0.1829604049614026
Finished training EB misspecified with NPMLE init, with in-sample MSE: 0.2225728564898916
Finished training EB misspecified, with SURE: 0.18296442565563303
Finished training EB misspecified, with in-sample MSE: 0.22257010731308693

 Training SURE of the models:
SURE-PM: 0.18296442565563303
NPMLE: 0.300429764359709
SURE-PM, NPMLE init: 0.1829604049614026
m: 1040
n: 100
experiment: c
Finished training EB misspecified with NPMLE init, with SURE: -0.05198098420008343
Finished training EB misspecified with NPMLE init, with in-sample MSE: 0.05452524932887503
Finished training EB misspecified, with SURE: -0.051966555025478346
Finished training EB misspecified, with in-sample MSE: 0.05453646445664747

 Training SURE of the models:
SURE-PM: -0.051966555025478346
NPMLE: 0.7082496447492883
SURE-PM, NPMLE init: -0.05198098420008343
experiment: d
Finished training EB misspecified with NPMLE init, with SURE: 0.018160571174361487
Finished training EB misspecified with NPMLE init, with in-sample MSE: 0.0086861367041678
Finished training EB misspecified, with SURE: 0.018161288252084875
Finished training EB misspecified, with in-sample MSE: 0.008691896195816196

 Training SURE of the models:
SURE-PM: 0.018161288252084875
NPMLE: 0.028349005684772166
SURE-PM, NPMLE init: 0.018160571174361487
experiment: e
Finished training EB misspecified with NPMLE init, with SURE: 0.1468200225684282
Finished training EB misspecified with NPMLE init, with in-sample MSE: 0.14512543889432672
Finished training EB misspecified, with SURE: 0.14682577127847393
Finished training EB misspecified, with in-sample MSE: 0.14511867847489318

 Training SURE of the models:
SURE-PM: 0.14682577127847393
NPMLE: 0.33248419185565886
SURE-PM, NPMLE init: 0.1468200225684282
n: 400
experiment: c
Finished training EB misspecified with NPMLE init, with SURE: -0.03279617292641945
Finished training EB misspecified with NPMLE init, with in-sample MSE: 0.06925528915739193
Finished training EB misspecified, with SURE: -0.03276361298231521
Finished training EB misspecified, with in-sample MSE: 0.07004794892713381

 Training SURE of the models:
SURE-PM: -0.03276361298231521
NPMLE: 0.43891586643723834
SURE-PM, NPMLE init: -0.03279617292641945
experiment: d
Finished training EB misspecified with NPMLE init, with SURE: -0.005069479803724235
Finished training EB misspecified with NPMLE init, with in-sample MSE: 0.005179422014633778
Finished training EB misspecified, with SURE: -0.005069260248853862
Finished training EB misspecified, with in-sample MSE: 0.005179326462450724

 Training SURE of the models:
SURE-PM: -0.005069260248853862
NPMLE: 0.04182040975251312
SURE-PM, NPMLE init: -0.005069479803724235
experiment: e
Finished training EB misspecified with NPMLE init, with SURE: 0.12911680073052512
Finished training EB misspecified with NPMLE init, with in-sample MSE: 0.20085912478690932
Finished training EB misspecified, with SURE: 0.12912831403755629
Finished training EB misspecified, with in-sample MSE: 0.2008539940771591

 Training SURE of the models:
SURE-PM: 0.12912831403755629
NPMLE: 0.3552939130462556
SURE-PM, NPMLE init: 0.12911680073052512
m: 1041
n: 100
experiment: c
Finished training EB misspecified with NPMLE init, with SURE: -0.06449915638333586
Finished training EB misspecified with NPMLE init, with in-sample MSE: 0.08211053059718205
Finished training EB misspecified, with SURE: -0.06449844839711752
Finished training EB misspecified, with in-sample MSE: 0.08211048930087463

 Training SURE of the models:
SURE-PM: -0.06449844839711752
NPMLE: 0.1910212602878309
SURE-PM, NPMLE init: -0.06449915638333586
experiment: d
Finished training EB misspecified with NPMLE init, with SURE: 0.02724225729876885
Finished training EB misspecified with NPMLE init, with in-sample MSE: 0.014549941824197549
Finished training EB misspecified, with SURE: 0.027243218715327054
Finished training EB misspecified, with in-sample MSE: 0.01455332311474954

 Training SURE of the models:
SURE-PM: 0.027243218715327054
NPMLE: 0.036465355648605105
SURE-PM, NPMLE init: 0.02724225729876885
experiment: e
Finished training EB misspecified with NPMLE init, with SURE: 0.10175112854582664
Finished training EB misspecified with NPMLE init, with in-sample MSE: 0.23032176685122352
Finished training EB misspecified, with SURE: 0.10175916240918575
Finished training EB misspecified, with in-sample MSE: 0.23031563371810307

 Training SURE of the models:
SURE-PM: 0.10175916240918575
NPMLE: 0.3208263506538745
SURE-PM, NPMLE init: 0.10175112854582664
n: 400
experiment: c
Finished training EB misspecified with NPMLE init, with SURE: 0.00764734044350071
Finished training EB misspecified with NPMLE init, with in-sample MSE: 0.061453983682078855
Finished training EB misspecified, with SURE: 0.007648899298760554
Finished training EB misspecified, with in-sample MSE: 0.06145501865402157

 Training SURE of the models:
SURE-PM: 0.007648899298760554
NPMLE: 0.22345938717818328
SURE-PM, NPMLE init: 0.00764734044350071
experiment: d
Finished training EB misspecified with NPMLE init, with SURE: 0.0018363994636957947
Finished training EB misspecified with NPMLE init, with in-sample MSE: 0.004668143469017096
Finished training EB misspecified, with SURE: 0.0018420893581303055
Finished training EB misspecified, with in-sample MSE: 0.004677265007268737

 Training SURE of the models:
SURE-PM: 0.0018420893581303055
NPMLE: 0.036553735070450025
SURE-PM, NPMLE init: 0.0018363994636957947
experiment: e
Finished training EB misspecified with NPMLE init, with SURE: 0.14414615023105706
Finished training EB misspecified with NPMLE init, with in-sample MSE: 0.19892886420073247
Finished training EB misspecified, with SURE: 0.14415014854193356
Finished training EB misspecified, with in-sample MSE: 0.19890433364124696

 Training SURE of the models:
SURE-PM: 0.14415014854193356
NPMLE: 0.3069923401282024
SURE-PM, NPMLE init: 0.14414615023105706
m: 1042
n: 100
experiment: c
Finished training EB misspecified with NPMLE init, with SURE: -0.006338080117283056
Finished training EB misspecified with NPMLE init, with in-sample MSE: 0.06793648048899739
Finished training EB misspecified, with SURE: -0.006335846395640487
Finished training EB misspecified, with in-sample MSE: 0.06794614938458932

 Training SURE of the models:
SURE-PM: -0.006335846395640487
NPMLE: 0.48949454335798476
SURE-PM, NPMLE init: -0.006338080117283056
experiment: d
Finished training EB misspecified with NPMLE init, with SURE: -0.01208109506436914
Finished training EB misspecified with NPMLE init, with in-sample MSE: 0.003981285610968946
Finished training EB misspecified, with SURE: -0.012080832592354956
Finished training EB misspecified, with in-sample MSE: 0.003981216417145605

 Training SURE of the models:
SURE-PM: -0.012080832592354956
NPMLE: 0.07368923717648171
SURE-PM, NPMLE init: -0.01208109506436914
experiment: e
Finished training EB misspecified with NPMLE init, with SURE: 0.14782701030024561
Finished training EB misspecified with NPMLE init, with in-sample MSE: 0.16341785661384214
Finished training EB misspecified, with SURE: 0.14783047285487805
Finished training EB misspecified, with in-sample MSE: 0.16342788855529225

 Training SURE of the models:
SURE-PM: 0.14783047285487805
NPMLE: 0.30067634903431834
SURE-PM, NPMLE init: 0.14782701030024561
n: 400
experiment: c
Finished training EB misspecified with NPMLE init, with SURE: 0.010345263918504273
Finished training EB misspecified with NPMLE init, with in-sample MSE: 0.06480486758815643
Finished training EB misspecified, with SURE: 0.010362057470627307
Finished training EB misspecified, with in-sample MSE: 0.06480084958928692

 Training SURE of the models:
SURE-PM: 0.010362057470627307
NPMLE: 0.8064409779753966
SURE-PM, NPMLE init: 0.010345263918504273
experiment: d
Finished training EB misspecified with NPMLE init, with SURE: 0.003353622072255984
Finished training EB misspecified with NPMLE init, with in-sample MSE: 0.0050353753526125875
Finished training EB misspecified, with SURE: 0.0029037445324898315
Finished training EB misspecified, with in-sample MSE: 0.006885496485112402

 Training SURE of the models:
SURE-PM: 0.0029037445324898315
NPMLE: 0.06946653940909714
SURE-PM, NPMLE init: 0.003353622072255984
experiment: e
Finished training EB misspecified with NPMLE init, with SURE: 0.13836548322523162
Finished training EB misspecified with NPMLE init, with in-sample MSE: 0.19993676284579423
Finished training EB misspecified, with SURE: 0.1383726479539634
Finished training EB misspecified, with in-sample MSE: 0.1998982809010524

 Training SURE of the models:
SURE-PM: 0.1383726479539634
NPMLE: 0.3118420887786929
SURE-PM, NPMLE init: 0.13836548322523162
m: 1043
n: 100
experiment: c
Finished training EB misspecified with NPMLE init, with SURE: 0.0912937263692443
Finished training EB misspecified with NPMLE init, with in-sample MSE: 0.08104674478193628
Finished training EB misspecified, with SURE: 0.09130293336034967
Finished training EB misspecified, with in-sample MSE: 0.08104562938179337

 Training SURE of the models:
SURE-PM: 0.09130293336034967
NPMLE: 0.6551528633362493
SURE-PM, NPMLE init: 0.0912937263692443
experiment: d
Finished training EB misspecified with NPMLE init, with SURE: -0.0204437085525222
Finished training EB misspecified with NPMLE init, with in-sample MSE: 0.01760150853600255
Finished training EB misspecified, with SURE: -0.011512060918801303
Finished training EB misspecified, with in-sample MSE: 0.003890805389495119

 Training SURE of the models:
SURE-PM: -0.011512060918801303
NPMLE: 0.05074618744881441
SURE-PM, NPMLE init: -0.0204437085525222
experiment: e
Finished training EB misspecified with NPMLE init, with SURE: 0.08361958514205388
Finished training EB misspecified with NPMLE init, with in-sample MSE: 0.22695779700113083
Finished training EB misspecified, with SURE: 0.08362105220994619
Finished training EB misspecified, with in-sample MSE: 0.2270711221091079

 Training SURE of the models:
SURE-PM: 0.08362105220994619
NPMLE: 0.5694462383923486
SURE-PM, NPMLE init: 0.08361958514205388
n: 400
experiment: c
Finished training EB misspecified with NPMLE init, with SURE: -0.009938148531543406
Finished training EB misspecified with NPMLE init, with in-sample MSE: 0.06266791380676003
Finished training EB misspecified, with SURE: -0.0111229314807904
Finished training EB misspecified, with in-sample MSE: 0.06475886135777842

 Training SURE of the models:
SURE-PM: -0.0111229314807904
NPMLE: 0.7730826981581544
SURE-PM, NPMLE init: -0.009938148531543406
experiment: d
Finished training EB misspecified with NPMLE init, with SURE: 0.0037607610184304543
Finished training EB misspecified with NPMLE init, with in-sample MSE: 0.003806624940420399
Finished training EB misspecified, with SURE: 0.0037625629100244496
Finished training EB misspecified, with in-sample MSE: 0.003806940833186632

 Training SURE of the models:
SURE-PM: 0.0037625629100244496
NPMLE: 0.012920609942160937
SURE-PM, NPMLE init: 0.0037607610184304543
experiment: e
Finished training EB misspecified with NPMLE init, with SURE: 0.14221028890356416
Finished training EB misspecified with NPMLE init, with in-sample MSE: 0.15187132121220318
Finished training EB misspecified, with SURE: 0.14324270127526872
Finished training EB misspecified, with in-sample MSE: 0.15022190614420822

 Training SURE of the models:
SURE-PM: 0.14324270127526872
NPMLE: 0.3445012445179958
SURE-PM, NPMLE init: 0.14221028890356416
m: 1044
n: 100
experiment: c
Finished training EB misspecified with NPMLE init, with SURE: -0.09714072784146943
Finished training EB misspecified with NPMLE init, with in-sample MSE: 0.19572323714101042
Finished training EB misspecified, with SURE: -0.09712889968377753
Finished training EB misspecified, with in-sample MSE: 0.19565578027318445

 Training SURE of the models:
SURE-PM: -0.09712889968377753
NPMLE: 0.0053809146313905385
SURE-PM, NPMLE init: -0.09714072784146943
experiment: d
Finished training EB misspecified with NPMLE init, with SURE: 0.015887453724397
Finished training EB misspecified with NPMLE init, with in-sample MSE: 0.06634050661035631
Finished training EB misspecified, with SURE: 0.05424122094342561
Finished training EB misspecified, with in-sample MSE: 0.041638794826073876

 Training SURE of the models:
SURE-PM: 0.05424122094342561
NPMLE: 0.32635183661181083
SURE-PM, NPMLE init: 0.015887453724397
experiment: e
Finished training EB misspecified with NPMLE init, with SURE: 0.12290685772384802
Finished training EB misspecified with NPMLE init, with in-sample MSE: 0.25072745997039037
Finished training EB misspecified, with SURE: 0.12291210532186388
Finished training EB misspecified, with in-sample MSE: 0.25069000906068106

 Training SURE of the models:
SURE-PM: 0.12291210532186388
NPMLE: 0.394770564722992
SURE-PM, NPMLE init: 0.12290685772384802
n: 400
experiment: c
Finished training EB misspecified with NPMLE init, with SURE: -0.006277560004570404
Finished training EB misspecified with NPMLE init, with in-sample MSE: 0.05205495718935085
Finished training EB misspecified, with SURE: -0.0062581623569573
Finished training EB misspecified, with in-sample MSE: 0.052066410021790646

 Training SURE of the models:
SURE-PM: -0.0062581623569573
NPMLE: 0.9200084074404518
SURE-PM, NPMLE init: -0.006277560004570404
experiment: d
Finished training EB misspecified with NPMLE init, with SURE: -0.00494365456638997
Finished training EB misspecified with NPMLE init, with in-sample MSE: 0.00917636068750536
Finished training EB misspecified, with SURE: -0.004943890491589702
Finished training EB misspecified, with in-sample MSE: 0.009176493625887997

 Training SURE of the models:
SURE-PM: -0.004943890491589702
NPMLE: 0.1492199048453028
SURE-PM, NPMLE init: -0.00494365456638997
experiment: e
Finished training EB misspecified with NPMLE init, with SURE: 0.14366127593382755
Finished training EB misspecified with NPMLE init, with in-sample MSE: 0.1750989854703424
Finished training EB misspecified, with SURE: 0.14356465060780405
Finished training EB misspecified, with in-sample MSE: 0.17597156506507328

 Training SURE of the models:
SURE-PM: 0.14356465060780405
NPMLE: 0.3280397447006321
SURE-PM, NPMLE init: 0.14366127593382755
m: 1045
n: 100
experiment: c
Finished training EB misspecified with NPMLE init, with SURE: 0.050563504070397586
Finished training EB misspecified with NPMLE init, with in-sample MSE: 0.0799007142019768
Finished training EB misspecified, with SURE: 0.05057203754744549
Finished training EB misspecified, with in-sample MSE: 0.07990488358442384

 Training SURE of the models:
SURE-PM: 0.05057203754744549
NPMLE: 0.6311787525233299
SURE-PM, NPMLE init: 0.050563504070397586
experiment: d
Finished training EB misspecified with NPMLE init, with SURE: -0.004169187942896073
Finished training EB misspecified with NPMLE init, with in-sample MSE: 0.0052289730606379006
Finished training EB misspecified, with SURE: -0.004167522834741533
Finished training EB misspecified, with in-sample MSE: 0.005228635489765512

 Training SURE of the models:
SURE-PM: -0.004167522834741533
NPMLE: -0.002850843134973058
SURE-PM, NPMLE init: -0.004169187942896073
experiment: e
Finished training EB misspecified with NPMLE init, with SURE: 0.13887336969186376
Finished training EB misspecified with NPMLE init, with in-sample MSE: 0.20428907658692744
Finished training EB misspecified, with SURE: 0.13886682321202767
Finished training EB misspecified, with in-sample MSE: 0.20429416036213396

 Training SURE of the models:
SURE-PM: 0.13886682321202767
NPMLE: 0.37102759111921285
SURE-PM, NPMLE init: 0.13887336969186376
n: 400
experiment: c
Finished training EB misspecified with NPMLE init, with SURE: 0.05972972306908126
Finished training EB misspecified with NPMLE init, with in-sample MSE: 0.06017652836390618
Finished training EB misspecified, with SURE: 0.05977160105499927
Finished training EB misspecified, with in-sample MSE: 0.06012988268290778

 Training SURE of the models:
SURE-PM: 0.05977160105499927
NPMLE: 0.41282012300267107
SURE-PM, NPMLE init: 0.05972972306908126
experiment: d
Finished training EB misspecified with NPMLE init, with SURE: -0.0073550411845106824
Finished training EB misspecified with NPMLE init, with in-sample MSE: 0.0038446715331697163
Finished training EB misspecified, with SURE: -0.007354812508968874
Finished training EB misspecified, with in-sample MSE: 0.003844642119900721

 Training SURE of the models:
SURE-PM: -0.007354812508968874
NPMLE: 0.10144165787690376
SURE-PM, NPMLE init: -0.0073550411845106824
experiment: e
Finished training EB misspecified with NPMLE init, with SURE: 0.1536329619144785
Finished training EB misspecified with NPMLE init, with in-sample MSE: 0.21594825530172007
Finished training EB misspecified, with SURE: 0.15364617186491608
Finished training EB misspecified, with in-sample MSE: 0.2158889615259114

 Training SURE of the models:
SURE-PM: 0.15364617186491608
NPMLE: 0.3567582100382516
SURE-PM, NPMLE init: 0.1536329619144785
m: 1046
n: 100
experiment: c
Finished training EB misspecified with NPMLE init, with SURE: -0.02251383460977877
Finished training EB misspecified with NPMLE init, with in-sample MSE: 0.09403001463462926
Finished training EB misspecified, with SURE: -0.02251171225770314
Finished training EB misspecified, with in-sample MSE: 0.09402637117313115

 Training SURE of the models:
SURE-PM: -0.02251171225770314
NPMLE: 0.279104869140683
SURE-PM, NPMLE init: -0.02251383460977877
experiment: d
Finished training EB misspecified with NPMLE init, with SURE: -0.011754853633997744
Finished training EB misspecified with NPMLE init, with in-sample MSE: 0.005536873762138892
Finished training EB misspecified, with SURE: -0.011754253004871238
Finished training EB misspecified, with in-sample MSE: 0.005541161788146459

 Training SURE of the models:
SURE-PM: -0.011754253004871238
NPMLE: -0.01169230293531399
SURE-PM, NPMLE init: -0.011754853633997744
experiment: e
Finished training EB misspecified with NPMLE init, with SURE: 0.1548397690581333
Finished training EB misspecified with NPMLE init, with in-sample MSE: 0.20609112272797753
Finished training EB misspecified, with SURE: 0.12037527593751961
Finished training EB misspecified, with in-sample MSE: 0.19098101575485532

 Training SURE of the models:
SURE-PM: 0.12037527593751961
NPMLE: 0.24375535090045125
SURE-PM, NPMLE init: 0.1548397690581333
n: 400
experiment: c
Finished training EB misspecified with NPMLE init, with SURE: 0.05009341724998066
Finished training EB misspecified with NPMLE init, with in-sample MSE: 0.058994636023140944
Finished training EB misspecified, with SURE: 0.050097430638231376
Finished training EB misspecified, with in-sample MSE: 0.058986004480680164

 Training SURE of the models:
SURE-PM: 0.050097430638231376
NPMLE: 0.5113563171873097
SURE-PM, NPMLE init: 0.05009341724998066
experiment: d
Finished training EB misspecified with NPMLE init, with SURE: -0.004033492102447571
Finished training EB misspecified with NPMLE init, with in-sample MSE: 0.005237154473171155
Finished training EB misspecified, with SURE: -0.004024919446372977
Finished training EB misspecified, with in-sample MSE: 0.005231608051287881

 Training SURE of the models:
SURE-PM: -0.004024919446372977
NPMLE: 0.002110255728683441
SURE-PM, NPMLE init: -0.004033492102447571
experiment: e
Finished training EB misspecified with NPMLE init, with SURE: 0.13625807054692474
Finished training EB misspecified with NPMLE init, with in-sample MSE: 0.1905330326550581
Finished training EB misspecified, with SURE: 0.1362742988924211
Finished training EB misspecified, with in-sample MSE: 0.19053124155309567

 Training SURE of the models:
SURE-PM: 0.1362742988924211
NPMLE: 0.326239154394729
SURE-PM, NPMLE init: 0.13625807054692474
m: 1047
n: 100
experiment: c
Finished training EB misspecified with NPMLE init, with SURE: 0.0195524697994216
Finished training EB misspecified with NPMLE init, with in-sample MSE: 0.13275691493824637
Finished training EB misspecified, with SURE: 0.019604402780964206
Finished training EB misspecified, with in-sample MSE: 0.13263002630883977

 Training SURE of the models:
SURE-PM: 0.019604402780964206
NPMLE: 0.26305087858034526
SURE-PM, NPMLE init: 0.0195524697994216
experiment: d
Finished training EB misspecified with NPMLE init, with SURE: 0.005327466320765968
Finished training EB misspecified with NPMLE init, with in-sample MSE: 0.010627995277116893
Finished training EB misspecified, with SURE: 0.005352537032326499
Finished training EB misspecified, with in-sample MSE: 0.010754929085695468

 Training SURE of the models:
SURE-PM: 0.005352537032326499
NPMLE: 0.037777875503976086
SURE-PM, NPMLE init: 0.005327466320765968
experiment: e
Finished training EB misspecified with NPMLE init, with SURE: 0.1454417614776829
Finished training EB misspecified with NPMLE init, with in-sample MSE: 0.19980308001701397
Finished training EB misspecified, with SURE: 0.14545230918029753
Finished training EB misspecified, with in-sample MSE: 0.19980245576634809

 Training SURE of the models:
SURE-PM: 0.14545230918029753
NPMLE: 0.354097554260221
SURE-PM, NPMLE init: 0.1454417614776829
n: 400
experiment: c
Finished training EB misspecified with NPMLE init, with SURE: 0.039502247544350055
Finished training EB misspecified with NPMLE init, with in-sample MSE: 0.08192923406532157
Finished training EB misspecified, with SURE: 0.03956920131044562
Finished training EB misspecified, with in-sample MSE: 0.08243775736894453

 Training SURE of the models:
SURE-PM: 0.03956920131044562
NPMLE: 0.6970668694553338
SURE-PM, NPMLE init: 0.039502247544350055
experiment: d
Finished training EB misspecified with NPMLE init, with SURE: 0.017769132780044678
Finished training EB misspecified with NPMLE init, with in-sample MSE: 0.008289232090905565
Finished training EB misspecified, with SURE: 0.017774139099004778
Finished training EB misspecified, with in-sample MSE: 0.00827932555725949

 Training SURE of the models:
SURE-PM: 0.017774139099004778
NPMLE: 0.14682531730624684
SURE-PM, NPMLE init: 0.017769132780044678
experiment: e
Finished training EB misspecified with NPMLE init, with SURE: 0.17827579906818108
Finished training EB misspecified with NPMLE init, with in-sample MSE: 0.16648227472569288
Finished training EB misspecified, with SURE: 0.17828738598055752
Finished training EB misspecified, with in-sample MSE: 0.1664796853636031

 Training SURE of the models:
SURE-PM: 0.17828738598055752
NPMLE: 0.3044957833430279
SURE-PM, NPMLE init: 0.17827579906818108
m: 1048
n: 100
experiment: c
Finished training EB misspecified with NPMLE init, with SURE: 0.13103654290275046
Finished training EB misspecified with NPMLE init, with in-sample MSE: 0.10395738437462955
Finished training EB misspecified, with SURE: 0.10883666695851715
Finished training EB misspecified, with in-sample MSE: 0.21973527496272502

 Training SURE of the models:
SURE-PM: 0.10883666695851715
NPMLE: 0.32045712499692164
SURE-PM, NPMLE init: 0.13103654290275046
experiment: d
Finished training EB misspecified with NPMLE init, with SURE: 0.022729658922430146
Finished training EB misspecified with NPMLE init, with in-sample MSE: 0.024073313294838476
Finished training EB misspecified, with SURE: 0.022731475441126536
Finished training EB misspecified, with in-sample MSE: 0.024061297554354627

 Training SURE of the models:
SURE-PM: 0.022731475441126536
NPMLE: 0.08019060052135847
SURE-PM, NPMLE init: 0.022729658922430146
experiment: e
Finished training EB misspecified with NPMLE init, with SURE: 0.19191287613770386
Finished training EB misspecified with NPMLE init, with in-sample MSE: 0.26548467517407154
Finished training EB misspecified, with SURE: 0.18475284294033933
Finished training EB misspecified, with in-sample MSE: 0.2741228744661015

 Training SURE of the models:
SURE-PM: 0.18475284294033933
NPMLE: 0.23027649198965036
SURE-PM, NPMLE init: 0.19191287613770386
n: 400
experiment: c
Finished training EB misspecified with NPMLE init, with SURE: 0.061063637013870464
Finished training EB misspecified with NPMLE init, with in-sample MSE: 0.06678047783121925
Finished training EB misspecified, with SURE: 0.06106655896772601
Finished training EB misspecified, with in-sample MSE: 0.06676613988982974

 Training SURE of the models:
SURE-PM: 0.06106655896772601
NPMLE: 0.7687521795598582
SURE-PM, NPMLE init: 0.061063637013870464
experiment: d
Finished training EB misspecified with NPMLE init, with SURE: -0.0062808440097626315
Finished training EB misspecified with NPMLE init, with in-sample MSE: 0.006187188792355496
Finished training EB misspecified, with SURE: -0.0062810752577484585
Finished training EB misspecified, with in-sample MSE: 0.0061880826630163225

 Training SURE of the models:
SURE-PM: -0.0062810752577484585
NPMLE: 0.033713622986909685
SURE-PM, NPMLE init: -0.0062808440097626315
experiment: e
Finished training EB misspecified with NPMLE init, with SURE: 0.18166990103346384
Finished training EB misspecified with NPMLE init, with in-sample MSE: 0.17341414864842772
Finished training EB misspecified, with SURE: 0.18167448941570807
Finished training EB misspecified, with in-sample MSE: 0.17342178213550682

 Training SURE of the models:
SURE-PM: 0.18167448941570807
NPMLE: 0.3259816956309452
SURE-PM, NPMLE init: 0.18166990103346384
m: 1049
n: 100
experiment: c
Finished training EB misspecified with NPMLE init, with SURE: 0.046548896115255756
Finished training EB misspecified with NPMLE init, with in-sample MSE: 0.06113857895992095
Finished training EB misspecified, with SURE: 0.04655604036208317
Finished training EB misspecified, with in-sample MSE: 0.06115412295739195

 Training SURE of the models:
SURE-PM: 0.04655604036208317
NPMLE: 0.6547056106642679
SURE-PM, NPMLE init: 0.046548896115255756
experiment: d
Finished training EB misspecified with NPMLE init, with SURE: 0.0022931162648887594
Finished training EB misspecified with NPMLE init, with in-sample MSE: 0.0083725753003597
Finished training EB misspecified, with SURE: 0.0022931972421707768
Finished training EB misspecified, with in-sample MSE: 0.008372539845032908

 Training SURE of the models:
SURE-PM: 0.0022931972421707768
NPMLE: 0.10541590624074416
SURE-PM, NPMLE init: 0.0022931162648887594
experiment: e
Finished training EB misspecified with NPMLE init, with SURE: 0.15453924863172502
Finished training EB misspecified with NPMLE init, with in-sample MSE: 0.2154145213279583
Finished training EB misspecified, with SURE: 0.1545451771824456
Finished training EB misspecified, with in-sample MSE: 0.21541131495227145

 Training SURE of the models:
SURE-PM: 0.1545451771824456
NPMLE: 0.3210204334482187
SURE-PM, NPMLE init: 0.15453924863172502
n: 400
experiment: c
Finished training EB misspecified with NPMLE init, with SURE: 0.0071365610710345355
Finished training EB misspecified with NPMLE init, with in-sample MSE: 0.05472181751700674
Finished training EB misspecified, with SURE: 0.00713452743774539
Finished training EB misspecified, with in-sample MSE: 0.05474986633134109

 Training SURE of the models:
SURE-PM: 0.00713452743774539
NPMLE: 0.6289318192815027
SURE-PM, NPMLE init: 0.0071365610710345355
experiment: d
Finished training EB misspecified with NPMLE init, with SURE: -0.002180330805914181
Finished training EB misspecified with NPMLE init, with in-sample MSE: 0.006249267513696446
Finished training EB misspecified, with SURE: -0.0021789276912242885
Finished training EB misspecified, with in-sample MSE: 0.006253082300477343

 Training SURE of the models:
SURE-PM: -0.0021789276912242885
NPMLE: 0.01899864085860221
SURE-PM, NPMLE init: -0.002180330805914181
experiment: e
Finished training EB misspecified with NPMLE init, with SURE: 0.17612461305480293
Finished training EB misspecified with NPMLE init, with in-sample MSE: 0.2016049635206883
Finished training EB misspecified, with SURE: 0.17613314177946632
Finished training EB misspecified, with in-sample MSE: 0.20158956723987523

 Training SURE of the models:
SURE-PM: 0.17613314177946632
NPMLE: 0.33228311294924934
SURE-PM, NPMLE init: 0.17612461305480293
m: 1050
n: 100
experiment: c
Finished training EB misspecified with NPMLE init, with SURE: 0.06647015107381819
Finished training EB misspecified with NPMLE init, with in-sample MSE: 0.06271976015172254
Finished training EB misspecified, with SURE: 0.06646881700120894
Finished training EB misspecified, with in-sample MSE: 0.06276985343213368

 Training SURE of the models:
SURE-PM: 0.06646881700120894
NPMLE: 0.9008619557302656
SURE-PM, NPMLE init: 0.06647015107381819
experiment: d
Finished training EB misspecified with NPMLE init, with SURE: 0.015600594848587087
Finished training EB misspecified with NPMLE init, with in-sample MSE: 0.006347779933442311
Finished training EB misspecified, with SURE: 0.015600831244253613
Finished training EB misspecified, with in-sample MSE: 0.00634785767131569

 Training SURE of the models:
SURE-PM: 0.015600831244253613
NPMLE: 0.01655390643576135
SURE-PM, NPMLE init: 0.015600594848587087
experiment: e
Finished training EB misspecified with NPMLE init, with SURE: 0.09633723878482797
Finished training EB misspecified with NPMLE init, with in-sample MSE: 0.19918811046026072
Finished training EB misspecified, with SURE: 0.09630059346526722
Finished training EB misspecified, with in-sample MSE: 0.1987958108425964

 Training SURE of the models:
SURE-PM: 0.09630059346526722
NPMLE: 0.3213628879291852
SURE-PM, NPMLE init: 0.09633723878482797
n: 400
experiment: c
Finished training EB misspecified with NPMLE init, with SURE: 0.019125625136546916
Finished training EB misspecified with NPMLE init, with in-sample MSE: 0.10054684760983039
Finished training EB misspecified, with SURE: 0.019196217976660393
Finished training EB misspecified, with in-sample MSE: 0.10050799619744506

 Training SURE of the models:
SURE-PM: 0.019196217976660393
NPMLE: 0.17631998114635877
SURE-PM, NPMLE init: 0.019125625136546916
experiment: d
Finished training EB misspecified with NPMLE init, with SURE: 0.00601112922620862
Finished training EB misspecified with NPMLE init, with in-sample MSE: 0.0160977151458274
Finished training EB misspecified, with SURE: 0.006026552051125265
Finished training EB misspecified, with in-sample MSE: 0.016033563682358854

 Training SURE of the models:
SURE-PM: 0.006026552051125265
NPMLE: 0.07206978820169326
SURE-PM, NPMLE init: 0.00601112922620862
experiment: e
Finished training EB misspecified with NPMLE init, with SURE: 0.15949390731880136
Finished training EB misspecified with NPMLE init, with in-sample MSE: 0.21091145067257486
Finished training EB misspecified, with SURE: 0.15989470637568728
Finished training EB misspecified, with in-sample MSE: 0.2106714539006746

 Training SURE of the models:
SURE-PM: 0.15989470637568728
NPMLE: 0.31541324852792896
SURE-PM, NPMLE init: 0.15949390731880136
m: 1051
n: 100
experiment: c
Finished training EB misspecified with NPMLE init, with SURE: 0.08427679781493758
Finished training EB misspecified with NPMLE init, with in-sample MSE: 0.09059796948923347
Finished training EB misspecified, with SURE: 0.08430093864881875
Finished training EB misspecified, with in-sample MSE: 0.0905757340766793

 Training SURE of the models:
SURE-PM: 0.08430093864881875
NPMLE: 0.8764526182047656
SURE-PM, NPMLE init: 0.08427679781493758
experiment: d
Finished training EB misspecified with NPMLE init, with SURE: -0.021266280076860673
Finished training EB misspecified with NPMLE init, with in-sample MSE: 0.009645293778617841
Finished training EB misspecified, with SURE: -0.019452348076060843
Finished training EB misspecified, with in-sample MSE: 0.004927514287216434

 Training SURE of the models:
SURE-PM: -0.019452348076060843
NPMLE: 0.04565119060486109
SURE-PM, NPMLE init: -0.021266280076860673
experiment: e
Finished training EB misspecified with NPMLE init, with SURE: 0.15394588479967902
Finished training EB misspecified with NPMLE init, with in-sample MSE: 0.21263457099991737
Finished training EB misspecified, with SURE: 0.1462142319315793
Finished training EB misspecified, with in-sample MSE: 0.2160562472608486

 Training SURE of the models:
SURE-PM: 0.1462142319315793
NPMLE: 0.30416684651409787
SURE-PM, NPMLE init: 0.15394588479967902
n: 400
experiment: c
Finished training EB misspecified with NPMLE init, with SURE: 0.048535745917577845
Finished training EB misspecified with NPMLE init, with in-sample MSE: 0.08761253516015552
Finished training EB misspecified, with SURE: 0.04882339410797371
Finished training EB misspecified, with in-sample MSE: 0.09034600916090062

 Training SURE of the models:
SURE-PM: 0.04882339410797371
NPMLE: 0.5639280392942524
SURE-PM, NPMLE init: 0.048535745917577845
experiment: d
Finished training EB misspecified with NPMLE init, with SURE: 0.00796591094144798
Finished training EB misspecified with NPMLE init, with in-sample MSE: 0.005686529689657342
Finished training EB misspecified, with SURE: 0.00796728733514696
Finished training EB misspecified, with in-sample MSE: 0.00567005023498643

 Training SURE of the models:
SURE-PM: 0.00796728733514696
NPMLE: 0.10609517740491871
SURE-PM, NPMLE init: 0.00796591094144798
experiment: e
Finished training EB misspecified with NPMLE init, with SURE: 0.1436280210411592
Finished training EB misspecified with NPMLE init, with in-sample MSE: 0.17696252043693927
Finished training EB misspecified, with SURE: 0.14362541495121825
Finished training EB misspecified, with in-sample MSE: 0.17695452113331836

 Training SURE of the models:
SURE-PM: 0.14362541495121825
NPMLE: 0.5508880517088203
SURE-PM, NPMLE init: 0.1436280210411592
m: 1052
n: 100
experiment: c
Finished training EB misspecified with NPMLE init, with SURE: -0.01856444130326608
Finished training EB misspecified with NPMLE init, with in-sample MSE: 0.05463292135781303
Finished training EB misspecified, with SURE: -0.01854915897027894
Finished training EB misspecified, with in-sample MSE: 0.05464987473163126

 Training SURE of the models:
SURE-PM: -0.01854915897027894
NPMLE: 0.9202119093888368
SURE-PM, NPMLE init: -0.01856444130326608
experiment: d
Finished training EB misspecified with NPMLE init, with SURE: -0.0023708333646921356
Finished training EB misspecified with NPMLE init, with in-sample MSE: 0.008672858360981193
Finished training EB misspecified, with SURE: -0.0023705272822060943
Finished training EB misspecified, with in-sample MSE: 0.008672696841675164

 Training SURE of the models:
SURE-PM: -0.0023705272822060943
NPMLE: 0.03158623582081496
SURE-PM, NPMLE init: -0.0023708333646921356
experiment: e
Finished training EB misspecified with NPMLE init, with SURE: 0.14906454818553985
Finished training EB misspecified with NPMLE init, with in-sample MSE: 0.14464801361329357
Finished training EB misspecified, with SURE: 0.1490759667880076
Finished training EB misspecified, with in-sample MSE: 0.14464265818950797

 Training SURE of the models:
SURE-PM: 0.1490759667880076
NPMLE: 0.26373732885151907
SURE-PM, NPMLE init: 0.14906454818553985
n: 400
experiment: c
Finished training EB misspecified with NPMLE init, with SURE: 0.018868541936735355
Finished training EB misspecified with NPMLE init, with in-sample MSE: 0.05314900867720919
Finished training EB misspecified, with SURE: 0.01887929915146593
Finished training EB misspecified, with in-sample MSE: 0.05314504863221667

 Training SURE of the models:
SURE-PM: 0.01887929915146593
NPMLE: 0.8799319879005425
SURE-PM, NPMLE init: 0.018868541936735355
experiment: d
Finished training EB misspecified with NPMLE init, with SURE: 0.010193308578102975
Finished training EB misspecified with NPMLE init, with in-sample MSE: 0.004614891894571511
Finished training EB misspecified, with SURE: 0.010194760088851283
Finished training EB misspecified, with in-sample MSE: 0.004618771591096315

 Training SURE of the models:
SURE-PM: 0.010194760088851283
NPMLE: 0.04224541209817424
SURE-PM, NPMLE init: 0.010193308578102975
experiment: e
Finished training EB misspecified with NPMLE init, with SURE: 0.169523484329463
Finished training EB misspecified with NPMLE init, with in-sample MSE: 0.16504379924403734
Finished training EB misspecified, with SURE: 0.16892870301842078
Finished training EB misspecified, with in-sample MSE: 0.16640902739676341

 Training SURE of the models:
SURE-PM: 0.16892870301842078
NPMLE: 0.30159563232530706
SURE-PM, NPMLE init: 0.169523484329463
m: 1053
n: 100
experiment: c
Finished training EB misspecified with NPMLE init, with SURE: 0.015318049490774612
Finished training EB misspecified with NPMLE init, with in-sample MSE: 0.05590791127663557
Finished training EB misspecified, with SURE: 0.015334529389140386
Finished training EB misspecified, with in-sample MSE: 0.05589714178635061

 Training SURE of the models:
SURE-PM: 0.015334529389140386
NPMLE: 0.7497263328483009
SURE-PM, NPMLE init: 0.015318049490774612
experiment: d
Finished training EB misspecified with NPMLE init, with SURE: -0.0014423017447493791
Finished training EB misspecified with NPMLE init, with in-sample MSE: 0.010629598944996257
Finished training EB misspecified, with SURE: -0.0014415068062435489
Finished training EB misspecified, with in-sample MSE: 0.010624494782551725

 Training SURE of the models:
SURE-PM: -0.0014415068062435489
NPMLE: 0.07907294683815891
SURE-PM, NPMLE init: -0.0014423017447493791
experiment: e
Finished training EB misspecified with NPMLE init, with SURE: 0.09786040789697349
Finished training EB misspecified with NPMLE init, with in-sample MSE: 0.15759305778329435
Finished training EB misspecified, with SURE: 0.09786861213496369
Finished training EB misspecified, with in-sample MSE: 0.1576017501425054

 Training SURE of the models:
SURE-PM: 0.09786861213496369
NPMLE: 0.3619156466932931
SURE-PM, NPMLE init: 0.09786040789697349
n: 400
experiment: c
Finished training EB misspecified with NPMLE init, with SURE: 0.0721814127364081
Finished training EB misspecified with NPMLE init, with in-sample MSE: 0.06462973693645144
Finished training EB misspecified, with SURE: 0.06984495482161152
Finished training EB misspecified, with in-sample MSE: 0.07405627744869778

 Training SURE of the models:
SURE-PM: 0.06984495482161152
NPMLE: 0.39849877118033417
SURE-PM, NPMLE init: 0.0721814127364081
experiment: d
Finished training EB misspecified with NPMLE init, with SURE: -0.006993701441315494
Finished training EB misspecified with NPMLE init, with in-sample MSE: 0.00587310352931324
Finished training EB misspecified, with SURE: -0.005391641153757814
Finished training EB misspecified, with in-sample MSE: 0.003673563586267084

 Training SURE of the models:
SURE-PM: -0.005391641153757814
NPMLE: 0.02685257891306531
SURE-PM, NPMLE init: -0.006993701441315494
experiment: e
Finished training EB misspecified with NPMLE init, with SURE: 0.16950464243776842
Finished training EB misspecified with NPMLE init, with in-sample MSE: 0.1833018565763756
Finished training EB misspecified, with SURE: 0.16950583666707694
Finished training EB misspecified, with in-sample MSE: 0.1833058350334407

 Training SURE of the models:
SURE-PM: 0.16950583666707694
NPMLE: 0.36201421239021614
SURE-PM, NPMLE init: 0.16950464243776842
m: 1054
n: 100
experiment: c
Finished training EB misspecified with NPMLE init, with SURE: -0.036135109287348116
Finished training EB misspecified with NPMLE init, with in-sample MSE: 0.06961369139794217
Finished training EB misspecified, with SURE: -0.03612488934591795
Finished training EB misspecified, with in-sample MSE: 0.06960436199697871

 Training SURE of the models:
SURE-PM: -0.03612488934591795
NPMLE: 0.7409549330643886
SURE-PM, NPMLE init: -0.036135109287348116
experiment: d
Finished training EB misspecified with NPMLE init, with SURE: -0.0181251805430108
Finished training EB misspecified with NPMLE init, with in-sample MSE: 0.0031828720728278624
Finished training EB misspecified, with SURE: -0.018124703389300514
Finished training EB misspecified, with in-sample MSE: 0.0031828394462807236

 Training SURE of the models:
SURE-PM: -0.018124703389300514
NPMLE: -0.01807441110578127
SURE-PM, NPMLE init: -0.0181251805430108
experiment: e
Finished training EB misspecified with NPMLE init, with SURE: 0.10968889366875505
Finished training EB misspecified with NPMLE init, with in-sample MSE: 0.16574888963866863
Finished training EB misspecified, with SURE: 0.10970634869765394
Finished training EB misspecified, with in-sample MSE: 0.16586717129389084

 Training SURE of the models:
SURE-PM: 0.10970634869765394
NPMLE: 0.4452038574013003
SURE-PM, NPMLE init: 0.10968889366875505
n: 400
experiment: c
Finished training EB misspecified with NPMLE init, with SURE: 0.033946347595172385
Finished training EB misspecified with NPMLE init, with in-sample MSE: 0.050404035042515234
Finished training EB misspecified, with SURE: 0.033952526335979345
Finished training EB misspecified, with in-sample MSE: 0.050403730291260135

 Training SURE of the models:
SURE-PM: 0.033952526335979345
NPMLE: 0.7599233464213749
SURE-PM, NPMLE init: 0.033946347595172385
experiment: d
Finished training EB misspecified with NPMLE init, with SURE: 0.010657620266350509
Finished training EB misspecified with NPMLE init, with in-sample MSE: 0.004396460526718728
Finished training EB misspecified, with SURE: 0.010666444135835
Finished training EB misspecified, with in-sample MSE: 0.004261895874218065

 Training SURE of the models:
SURE-PM: 0.010666444135835
NPMLE: 0.05816895721079149
SURE-PM, NPMLE init: 0.010657620266350509
experiment: e
Finished training EB misspecified with NPMLE init, with SURE: 0.13985186130056768
Finished training EB misspecified with NPMLE init, with in-sample MSE: 0.18154757739816157
Finished training EB misspecified, with SURE: 0.13985615259911974
Finished training EB misspecified, with in-sample MSE: 0.18153324118239386

 Training SURE of the models:
SURE-PM: 0.13985615259911974
NPMLE: 0.373183221172907
SURE-PM, NPMLE init: 0.13985186130056768
m: 1055
n: 100
experiment: c
Finished training EB misspecified with NPMLE init, with SURE: -0.011440730134572804
Finished training EB misspecified with NPMLE init, with in-sample MSE: 0.06756903486775298
Finished training EB misspecified, with SURE: -0.011398914761903712
Finished training EB misspecified, with in-sample MSE: 0.06743585998236595

 Training SURE of the models:
SURE-PM: -0.011398914761903712
NPMLE: 1.0864623633737494
SURE-PM, NPMLE init: -0.011440730134572804
experiment: d
Finished training EB misspecified with NPMLE init, with SURE: -0.001994901938236797
Finished training EB misspecified with NPMLE init, with in-sample MSE: 0.005539215036849703
Finished training EB misspecified, with SURE: -0.0019900506650709815
Finished training EB misspecified, with in-sample MSE: 0.005589519396033721

 Training SURE of the models:
SURE-PM: -0.0019900506650709815
NPMLE: 0.03854914056112539
SURE-PM, NPMLE init: -0.001994901938236797
experiment: e
Finished training EB misspecified with NPMLE init, with SURE: 0.11599104836986947
Finished training EB misspecified with NPMLE init, with in-sample MSE: 0.15830732846289616
Finished training EB misspecified, with SURE: 0.11600528332685257
Finished training EB misspecified, with in-sample MSE: 0.15857761738204723

 Training SURE of the models:
SURE-PM: 0.11600528332685257
NPMLE: 0.39235060981477526
SURE-PM, NPMLE init: 0.11599104836986947
n: 400
experiment: c
Finished training EB misspecified with NPMLE init, with SURE: 0.03586170821548649
Finished training EB misspecified with NPMLE init, with in-sample MSE: 0.05974284548718924
Finished training EB misspecified, with SURE: 0.0358609685447162
Finished training EB misspecified, with in-sample MSE: 0.059741395439959225

 Training SURE of the models:
SURE-PM: 0.0358609685447162
NPMLE: 0.5290105971261514
SURE-PM, NPMLE init: 0.03586170821548649
experiment: d
Finished training EB misspecified with NPMLE init, with SURE: 0.001128591247738484
Finished training EB misspecified with NPMLE init, with in-sample MSE: 0.00591512251208739
Finished training EB misspecified, with SURE: 0.0011290460110168256
Finished training EB misspecified, with in-sample MSE: 0.005914799251440112

 Training SURE of the models:
SURE-PM: 0.0011290460110168256
NPMLE: 0.0036626023777863105
SURE-PM, NPMLE init: 0.001128591247738484
experiment: e
Finished training EB misspecified with NPMLE init, with SURE: 0.16678318749368287
Finished training EB misspecified with NPMLE init, with in-sample MSE: 0.18423969864277254
Finished training EB misspecified, with SURE: 0.16678865149786837
Finished training EB misspecified, with in-sample MSE: 0.18422599132515674

 Training SURE of the models:
SURE-PM: 0.16678865149786837
NPMLE: 0.31153915678619776
SURE-PM, NPMLE init: 0.16678318749368287
m: 1056
n: 100
experiment: c
Finished training EB misspecified with NPMLE init, with SURE: 0.13272046441085436
Finished training EB misspecified with NPMLE init, with in-sample MSE: 0.12122754724172578
Finished training EB misspecified, with SURE: 0.13268673997472902
Finished training EB misspecified, with in-sample MSE: 0.1211534024045169

 Training SURE of the models:
SURE-PM: 0.13268673997472902
NPMLE: 0.9614609503454669
SURE-PM, NPMLE init: 0.13272046441085436
experiment: d
Finished training EB misspecified with NPMLE init, with SURE: -0.01794258555255798
Finished training EB misspecified with NPMLE init, with in-sample MSE: 0.009145045543074765
Finished training EB misspecified, with SURE: -0.017942443152788545
Finished training EB misspecified, with in-sample MSE: 0.009144891700719042

 Training SURE of the models:
SURE-PM: -0.017942443152788545
NPMLE: 0.029162708476482103
SURE-PM, NPMLE init: -0.01794258555255798
experiment: e
Finished training EB misspecified with NPMLE init, with SURE: 0.14900460894740816
Finished training EB misspecified with NPMLE init, with in-sample MSE: 0.17763849571865115
Finished training EB misspecified, with SURE: 0.14900811074510378
Finished training EB misspecified, with in-sample MSE: 0.17770385301363517

 Training SURE of the models:
SURE-PM: 0.14900811074510378
NPMLE: 0.24838351914878007
SURE-PM, NPMLE init: 0.14900460894740816
n: 400
experiment: c
Finished training EB misspecified with NPMLE init, with SURE: 0.06630580919724835
Finished training EB misspecified with NPMLE init, with in-sample MSE: 0.05534009280541551
Finished training EB misspecified, with SURE: 0.06620092328908435
Finished training EB misspecified, with in-sample MSE: 0.05522847636896028

 Training SURE of the models:
SURE-PM: 0.06620092328908435
NPMLE: 0.676896961521985
SURE-PM, NPMLE init: 0.06630580919724835
experiment: d
Finished training EB misspecified with NPMLE init, with SURE: 0.0020380604800626758
Finished training EB misspecified with NPMLE init, with in-sample MSE: 0.006807619931910933
Finished training EB misspecified, with SURE: 0.0020384966561101336
Finished training EB misspecified, with in-sample MSE: 0.00680693311985422

 Training SURE of the models:
SURE-PM: 0.0020384966561101336
NPMLE: 0.03678545241023974
SURE-PM, NPMLE init: 0.0020380604800626758
experiment: e
Finished training EB misspecified with NPMLE init, with SURE: 0.1467259338701137
Finished training EB misspecified with NPMLE init, with in-sample MSE: 0.1766634159952005
Finished training EB misspecified, with SURE: 0.14673516717428126
Finished training EB misspecified, with in-sample MSE: 0.1766758046553639

 Training SURE of the models:
SURE-PM: 0.14673516717428126
NPMLE: 0.2976064331571128
SURE-PM, NPMLE init: 0.1467259338701137
m: 1057
n: 100
experiment: c
Finished training EB misspecified with NPMLE init, with SURE: 0.014249813841978494
Finished training EB misspecified with NPMLE init, with in-sample MSE: 0.060413560083334934
Finished training EB misspecified, with SURE: 0.014251049148814232
Finished training EB misspecified, with in-sample MSE: 0.06041367882613682

 Training SURE of the models:
SURE-PM: 0.014251049148814232
NPMLE: 0.39673484236266354
SURE-PM, NPMLE init: 0.014249813841978494
experiment: d
Finished training EB misspecified with NPMLE init, with SURE: 0.007826578728809448
Finished training EB misspecified with NPMLE init, with in-sample MSE: 0.006383381888161531
Finished training EB misspecified, with SURE: 0.007662028899516998
Finished training EB misspecified, with in-sample MSE: 0.0065140826685272275

 Training SURE of the models:
SURE-PM: 0.007662028899516998
NPMLE: 0.06129179342451435
SURE-PM, NPMLE init: 0.007826578728809448
experiment: e
Finished training EB misspecified with NPMLE init, with SURE: 0.16700846132844038
Finished training EB misspecified with NPMLE init, with in-sample MSE: 0.26829407252400345
Finished training EB misspecified, with SURE: 0.16700673158985554
Finished training EB misspecified, with in-sample MSE: 0.26831516203229777

 Training SURE of the models:
SURE-PM: 0.16700673158985554
NPMLE: 0.26730032981941265
SURE-PM, NPMLE init: 0.16700846132844038
n: 400
experiment: c
Finished training EB misspecified with NPMLE init, with SURE: -0.006708834522334044
Finished training EB misspecified with NPMLE init, with in-sample MSE: 0.049917093860360175
Finished training EB misspecified, with SURE: -0.006704831066641361
Finished training EB misspecified, with in-sample MSE: 0.04991883109300095

 Training SURE of the models:
SURE-PM: -0.006704831066641361
NPMLE: 0.5206598185103348
SURE-PM, NPMLE init: -0.006708834522334044
experiment: d
Finished training EB misspecified with NPMLE init, with SURE: 0.012597072031462453
Finished training EB misspecified with NPMLE init, with in-sample MSE: 0.01667714563996535
Finished training EB misspecified, with SURE: 0.012600446717123718
Finished training EB misspecified, with in-sample MSE: 0.016671512292702518

 Training SURE of the models:
SURE-PM: 0.012600446717123718
NPMLE: 0.11684623987979745
SURE-PM, NPMLE init: 0.012597072031462453
experiment: e
Finished training EB misspecified with NPMLE init, with SURE: 0.1668277547241679
Finished training EB misspecified with NPMLE init, with in-sample MSE: 0.20881229375975566
Finished training EB misspecified, with SURE: 0.16683876119722843
Finished training EB misspecified, with in-sample MSE: 0.20885992953380028

 Training SURE of the models:
SURE-PM: 0.16683876119722843
NPMLE: 0.31330108705583404
SURE-PM, NPMLE init: 0.1668277547241679
m: 1058
n: 100
experiment: c
Finished training EB misspecified with NPMLE init, with SURE: 0.11017754133643798
Finished training EB misspecified with NPMLE init, with in-sample MSE: 0.07021955913378988
Finished training EB misspecified, with SURE: 0.11020151522835939
Finished training EB misspecified, with in-sample MSE: 0.07018186860435702

 Training SURE of the models:
SURE-PM: 0.11020151522835939
NPMLE: 0.5050358766400849
SURE-PM, NPMLE init: 0.11017754133643798
experiment: d
Finished training EB misspecified with NPMLE init, with SURE: 0.016524150289560034
Finished training EB misspecified with NPMLE init, with in-sample MSE: 0.006661448660246147
Finished training EB misspecified, with SURE: 0.016525457774024394
Finished training EB misspecified, with in-sample MSE: 0.006672179578169188

 Training SURE of the models:
SURE-PM: 0.016525457774024394
NPMLE: 0.030144892686224587
SURE-PM, NPMLE init: 0.016524150289560034
experiment: e
Finished training EB misspecified with NPMLE init, with SURE: 0.11291033538896535
Finished training EB misspecified with NPMLE init, with in-sample MSE: 0.16653123957836893
Finished training EB misspecified, with SURE: 0.11291657004990306
Finished training EB misspecified, with in-sample MSE: 0.16653239535398842

 Training SURE of the models:
SURE-PM: 0.11291657004990306
NPMLE: 0.3336737180547271
SURE-PM, NPMLE init: 0.11291033538896535
n: 400
experiment: c
Finished training EB misspecified with NPMLE init, with SURE: 0.02808792112972071
Finished training EB misspecified with NPMLE init, with in-sample MSE: 0.06702591586607905
Finished training EB misspecified, with SURE: 0.02813737402543296
Finished training EB misspecified, with in-sample MSE: 0.06698713634451392

 Training SURE of the models:
SURE-PM: 0.02813737402543296
NPMLE: 0.4988952281129791
SURE-PM, NPMLE init: 0.02808792112972071
experiment: d
Finished training EB misspecified with NPMLE init, with SURE: 0.005084623664740935
Finished training EB misspecified with NPMLE init, with in-sample MSE: 0.005105482904748593
Finished training EB misspecified, with SURE: 0.005085006969086993
Finished training EB misspecified, with in-sample MSE: 0.0051047129570808095

 Training SURE of the models:
SURE-PM: 0.005085006969086993
NPMLE: 0.06803919028140382
SURE-PM, NPMLE init: 0.005084623664740935
experiment: e
Finished training EB misspecified with NPMLE init, with SURE: 0.14556605985948765
Finished training EB misspecified with NPMLE init, with in-sample MSE: 0.17126798482414873
Finished training EB misspecified, with SURE: 0.14557836822353623
Finished training EB misspecified, with in-sample MSE: 0.17126625040997104

 Training SURE of the models:
SURE-PM: 0.14557836822353623
NPMLE: 0.3465039764240948
SURE-PM, NPMLE init: 0.14556605985948765
m: 1059
n: 100
experiment: c
Finished training EB misspecified with NPMLE init, with SURE: 0.042510602175515756
Finished training EB misspecified with NPMLE init, with in-sample MSE: 0.06035930932172172
Finished training EB misspecified, with SURE: 0.04251346083350825
Finished training EB misspecified, with in-sample MSE: 0.060357660724347256

 Training SURE of the models:
SURE-PM: 0.04251346083350825
NPMLE: 0.5962213810455833
SURE-PM, NPMLE init: 0.042510602175515756
experiment: d
Finished training EB misspecified with NPMLE init, with SURE: 0.003757807786115581
Finished training EB misspecified with NPMLE init, with in-sample MSE: 0.020678997425771343
Finished training EB misspecified, with SURE: 0.003756098823530909
Finished training EB misspecified, with in-sample MSE: 0.02069943236548337

 Training SURE of the models:
SURE-PM: 0.003756098823530909
NPMLE: 0.06878287086650475
SURE-PM, NPMLE init: 0.003757807786115581
experiment: e
Finished training EB misspecified with NPMLE init, with SURE: 0.1370318505536359
Finished training EB misspecified with NPMLE init, with in-sample MSE: 0.20285620900213078
Finished training EB misspecified, with SURE: 0.1371707734462538
Finished training EB misspecified, with in-sample MSE: 0.20271324683429193

 Training SURE of the models:
SURE-PM: 0.1371707734462538
NPMLE: 0.28910987315905207
SURE-PM, NPMLE init: 0.1370318505536359
n: 400
experiment: c
Finished training EB misspecified with NPMLE init, with SURE: 0.09629772023213833
Finished training EB misspecified with NPMLE init, with in-sample MSE: 0.06376276403431928
Finished training EB misspecified, with SURE: 0.09632168402402443
Finished training EB misspecified, with in-sample MSE: 0.06372610603405915

 Training SURE of the models:
SURE-PM: 0.09632168402402443
NPMLE: 0.7561125830167219
SURE-PM, NPMLE init: 0.09629772023213833
experiment: d
Finished training EB misspecified with NPMLE init, with SURE: -0.0037559906681962295
Finished training EB misspecified with NPMLE init, with in-sample MSE: 0.004420318433668457
Finished training EB misspecified, with SURE: -0.003745084138629569
Finished training EB misspecified, with in-sample MSE: 0.0044261010052283

 Training SURE of the models:
SURE-PM: -0.003745084138629569
NPMLE: 0.06419130768277068
SURE-PM, NPMLE init: -0.0037559906681962295
experiment: e
Finished training EB misspecified with NPMLE init, with SURE: 0.14771478039633493
Finished training EB misspecified with NPMLE init, with in-sample MSE: 0.18681286872633635
Finished training EB misspecified, with SURE: 0.14769587848863608
Finished training EB misspecified, with in-sample MSE: 0.18674398059368577

 Training SURE of the models:
SURE-PM: 0.14769587848863608
NPMLE: 0.3586515496916924
SURE-PM, NPMLE init: 0.14771478039633493
m: 1060
n: 100
experiment: c
Finished training EB misspecified with NPMLE init, with SURE: -0.0788805392180248
Finished training EB misspecified with NPMLE init, with in-sample MSE: 0.1863376354336932
Finished training EB misspecified, with SURE: 0.01330101210781301
Finished training EB misspecified, with in-sample MSE: 0.0625400170299935

 Training SURE of the models:
SURE-PM: 0.01330101210781301
NPMLE: 1.1569133338859052
SURE-PM, NPMLE init: -0.0788805392180248
experiment: d
Finished training EB misspecified with NPMLE init, with SURE: -0.019787722127968106
Finished training EB misspecified with NPMLE init, with in-sample MSE: 0.005431311269669419
Finished training EB misspecified, with SURE: -0.01978764025170625
Finished training EB misspecified, with in-sample MSE: 0.005431301670948563

 Training SURE of the models:
SURE-PM: -0.01978764025170625
NPMLE: 0.03542000902387851
SURE-PM, NPMLE init: -0.019787722127968106
experiment: e
Finished training EB misspecified with NPMLE init, with SURE: 0.123899511529745
Finished training EB misspecified with NPMLE init, with in-sample MSE: 0.12965025199977226
Finished training EB misspecified, with SURE: 0.11422229999084788
Finished training EB misspecified, with in-sample MSE: 0.12205551603429794

 Training SURE of the models:
SURE-PM: 0.11422229999084788
NPMLE: 0.302283804527091
SURE-PM, NPMLE init: 0.123899511529745
n: 400
experiment: c
Finished training EB misspecified with NPMLE init, with SURE: -0.018703888779241142
Finished training EB misspecified with NPMLE init, with in-sample MSE: 0.06023209673248608
Finished training EB misspecified, with SURE: -0.018700637381588336
Finished training EB misspecified, with in-sample MSE: 0.06023491126103974

 Training SURE of the models:
SURE-PM: -0.018700637381588336
NPMLE: 0.8443541217454998
SURE-PM, NPMLE init: -0.018703888779241142
experiment: d
Finished training EB misspecified with NPMLE init, with SURE: -0.005279575465435844
Finished training EB misspecified with NPMLE init, with in-sample MSE: 0.0038084202998273
Finished training EB misspecified, with SURE: -0.0052753423037406755
Finished training EB misspecified, with in-sample MSE: 0.00384482242915376

 Training SURE of the models:
SURE-PM: -0.0052753423037406755
NPMLE: 0.05317186884058664
SURE-PM, NPMLE init: -0.005279575465435844
experiment: e
Finished training EB misspecified with NPMLE init, with SURE: 0.14862402301521047
Finished training EB misspecified with NPMLE init, with in-sample MSE: 0.16907221877045867
Finished training EB misspecified, with SURE: 0.14862959454705124
Finished training EB misspecified, with in-sample MSE: 0.16906632833141885

 Training SURE of the models:
SURE-PM: 0.14862959454705124
NPMLE: 0.3247222487607217
SURE-PM, NPMLE init: 0.14862402301521047
m: 1061
n: 100
experiment: c
Finished training EB misspecified with NPMLE init, with SURE: -0.02622625349719357
Finished training EB misspecified with NPMLE init, with in-sample MSE: 0.05819419534924136
Finished training EB misspecified, with SURE: -0.026208937873723883
Finished training EB misspecified, with in-sample MSE: 0.05806207984632725

 Training SURE of the models:
SURE-PM: -0.026208937873723883
NPMLE: 0.5266080611391736
SURE-PM, NPMLE init: -0.02622625349719357
experiment: d
Finished training EB misspecified with NPMLE init, with SURE: -0.0077459727086367815
Finished training EB misspecified with NPMLE init, with in-sample MSE: 0.005733309143338893
Finished training EB misspecified, with SURE: -0.007745801039831264
Finished training EB misspecified, with in-sample MSE: 0.0057332059642097866

 Training SURE of the models:
SURE-PM: -0.007745801039831264
NPMLE: 0.06884843248708464
SURE-PM, NPMLE init: -0.0077459727086367815
experiment: e
Finished training EB misspecified with NPMLE init, with SURE: 0.12988037983290643
Finished training EB misspecified with NPMLE init, with in-sample MSE: 0.15633866544447114
Finished training EB misspecified, with SURE: 0.12988683121293815
Finished training EB misspecified, with in-sample MSE: 0.15634494167396532

 Training SURE of the models:
SURE-PM: 0.12988683121293815
NPMLE: 0.34710495188380663
SURE-PM, NPMLE init: 0.12988037983290643
n: 400
experiment: c
Finished training EB misspecified with NPMLE init, with SURE: 0.039157955551682236
Finished training EB misspecified with NPMLE init, with in-sample MSE: 0.05752698375924119
Finished training EB misspecified, with SURE: 0.03916295567460594
Finished training EB misspecified, with in-sample MSE: 0.05752704977862596

 Training SURE of the models:
SURE-PM: 0.03916295567460594
NPMLE: 0.634312988708571
SURE-PM, NPMLE init: 0.039157955551682236
experiment: d
Finished training EB misspecified with NPMLE init, with SURE: 0.008054262042926278
Finished training EB misspecified with NPMLE init, with in-sample MSE: 0.004868832176328547
Finished training EB misspecified, with SURE: 0.008054338224186566
Finished training EB misspecified, with in-sample MSE: 0.004868969384468895

 Training SURE of the models:
SURE-PM: 0.008054338224186566
NPMLE: 0.026639554849294526
SURE-PM, NPMLE init: 0.008054262042926278
experiment: e
Finished training EB misspecified with NPMLE init, with SURE: 0.13026819083285632
Finished training EB misspecified with NPMLE init, with in-sample MSE: 0.18878439169555494
Finished training EB misspecified, with SURE: 0.13027174589234264
Finished training EB misspecified, with in-sample MSE: 0.1887762286816983

 Training SURE of the models:
SURE-PM: 0.13027174589234264
NPMLE: 0.324538086638276
SURE-PM, NPMLE init: 0.13026819083285632
m: 1062
n: 100
experiment: c
Finished training EB misspecified with NPMLE init, with SURE: 0.10822790198353012
Finished training EB misspecified with NPMLE init, with in-sample MSE: 0.10811830184697879
Finished training EB misspecified, with SURE: 0.10825767261232194
Finished training EB misspecified, with in-sample MSE: 0.10819001505247662

 Training SURE of the models:
SURE-PM: 0.10825767261232194
NPMLE: 0.8594061679045634
SURE-PM, NPMLE init: 0.10822790198353012
experiment: d
Finished training EB misspecified with NPMLE init, with SURE: -0.019954039462928643
Finished training EB misspecified with NPMLE init, with in-sample MSE: 0.01877055221050101
Finished training EB misspecified, with SURE: -0.019951656265198674
Finished training EB misspecified, with in-sample MSE: 0.018766001236827784

 Training SURE of the models:
SURE-PM: -0.019951656265198674
NPMLE: -0.0037909569740391725
SURE-PM, NPMLE init: -0.019954039462928643
experiment: e
Finished training EB misspecified with NPMLE init, with SURE: 0.14876664466982994
Finished training EB misspecified with NPMLE init, with in-sample MSE: 0.2691435837817643
Finished training EB misspecified, with SURE: 0.14879362338293384
Finished training EB misspecified, with in-sample MSE: 0.269188208532907

 Training SURE of the models:
SURE-PM: 0.14879362338293384
NPMLE: 0.2792442581100873
SURE-PM, NPMLE init: 0.14876664466982994
n: 400
experiment: c
Finished training EB misspecified with NPMLE init, with SURE: 0.10350802669133856
Finished training EB misspecified with NPMLE init, with in-sample MSE: 0.1033569855507066
Finished training EB misspecified, with SURE: 0.11940772050026838
Finished training EB misspecified, with in-sample MSE: 0.07161636691648857

 Training SURE of the models:
SURE-PM: 0.11940772050026838
NPMLE: 1.00664130407389
SURE-PM, NPMLE init: 0.10350802669133856
experiment: d
Finished training EB misspecified with NPMLE init, with SURE: 0.003332810175115899
Finished training EB misspecified with NPMLE init, with in-sample MSE: 0.008209454002042095
Finished training EB misspecified, with SURE: 0.0033332001953403534
Finished training EB misspecified, with in-sample MSE: 0.008212700537844517

 Training SURE of the models:
SURE-PM: 0.0033332001953403534
NPMLE: 0.07123448080967032
SURE-PM, NPMLE init: 0.003332810175115899
experiment: e
Finished training EB misspecified with NPMLE init, with SURE: 0.18620939422622798
Finished training EB misspecified with NPMLE init, with in-sample MSE: 0.18129944134814302
Finished training EB misspecified, with SURE: 0.18622171625173478
Finished training EB misspecified, with in-sample MSE: 0.18136166019504057

 Training SURE of the models:
SURE-PM: 0.18622171625173478
NPMLE: 0.3127955582879008
SURE-PM, NPMLE init: 0.18620939422622798
m: 1063
n: 100
experiment: c
Finished training EB misspecified with NPMLE init, with SURE: 0.05079419457423654
Finished training EB misspecified with NPMLE init, with in-sample MSE: 0.13629755580197211
Finished training EB misspecified, with SURE: 0.06609321272403605
Finished training EB misspecified, with in-sample MSE: 0.07212413666036753

 Training SURE of the models:
SURE-PM: 0.06609321272403605
NPMLE: 0.4521969230544701
SURE-PM, NPMLE init: 0.05079419457423654
experiment: d
Finished training EB misspecified with NPMLE init, with SURE: -0.005761904100557853
Finished training EB misspecified with NPMLE init, with in-sample MSE: 0.007703333570034518
Finished training EB misspecified, with SURE: -0.005744811838009181
Finished training EB misspecified, with in-sample MSE: 0.007649227429545685

 Training SURE of the models:
SURE-PM: -0.005744811838009181
NPMLE: 0.03349658217382078
SURE-PM, NPMLE init: -0.005761904100557853
experiment: e
Finished training EB misspecified with NPMLE init, with SURE: 0.15341403110827148
Finished training EB misspecified with NPMLE init, with in-sample MSE: 0.21673658627076242
Finished training EB misspecified, with SURE: 0.1534220443380872
Finished training EB misspecified, with in-sample MSE: 0.21675603740131139

 Training SURE of the models:
SURE-PM: 0.1534220443380872
NPMLE: 0.2552340814280405
SURE-PM, NPMLE init: 0.15341403110827148
n: 400
experiment: c
Finished training EB misspecified with NPMLE init, with SURE: -0.01192915372175591
Finished training EB misspecified with NPMLE init, with in-sample MSE: 0.06250055757331148
Finished training EB misspecified, with SURE: -0.01192470636533848
Finished training EB misspecified, with in-sample MSE: 0.06250086458236381

 Training SURE of the models:
SURE-PM: -0.01192470636533848
NPMLE: 0.832435552658453
SURE-PM, NPMLE init: -0.01192915372175591
experiment: d
Finished training EB misspecified with NPMLE init, with SURE: 0.010340950184520744
Finished training EB misspecified with NPMLE init, with in-sample MSE: 0.004978600256274681
Finished training EB misspecified, with SURE: 0.010341076240218978
Finished training EB misspecified, with in-sample MSE: 0.004978481364203794

 Training SURE of the models:
SURE-PM: 0.010341076240218978
NPMLE: 0.11987477938896177
SURE-PM, NPMLE init: 0.010340950184520744
experiment: e
Finished training EB misspecified with NPMLE init, with SURE: 0.15471030970859012
Finished training EB misspecified with NPMLE init, with in-sample MSE: 0.18470487916943135
Finished training EB misspecified, with SURE: 0.15472934194772778
Finished training EB misspecified, with in-sample MSE: 0.18469711113676943

 Training SURE of the models:
SURE-PM: 0.15472934194772778
NPMLE: 0.31355117430197843
SURE-PM, NPMLE init: 0.15471030970859012
m: 1064
n: 100
experiment: c
Finished training EB misspecified with NPMLE init, with SURE: -3.6961977034835057e-05
Finished training EB misspecified with NPMLE init, with in-sample MSE: 0.06857216288887892
Finished training EB misspecified, with SURE: -2.5682931774682062e-05
Finished training EB misspecified, with in-sample MSE: 0.06861255636331377

 Training SURE of the models:
SURE-PM: -2.5682931774682062e-05
NPMLE: 0.14462253257512508
SURE-PM, NPMLE init: -3.6961977034835057e-05
experiment: d
Finished training EB misspecified with NPMLE init, with SURE: -0.026191065491274
Finished training EB misspecified with NPMLE init, with in-sample MSE: 0.006280697443971931
Finished training EB misspecified, with SURE: -0.026190619383743882
Finished training EB misspecified, with in-sample MSE: 0.006280646986050172

 Training SURE of the models:
SURE-PM: -0.026190619383743882
NPMLE: 0.08273102990483049
SURE-PM, NPMLE init: -0.026191065491274
experiment: e
Finished training EB misspecified with NPMLE init, with SURE: 0.1218516612296969
Finished training EB misspecified with NPMLE init, with in-sample MSE: 0.1553378771608097
Finished training EB misspecified, with SURE: 0.12146398511504786
Finished training EB misspecified, with in-sample MSE: 0.15364973588042272

 Training SURE of the models:
SURE-PM: 0.12146398511504786
NPMLE: 0.338267872694705
SURE-PM, NPMLE init: 0.1218516612296969
n: 400
experiment: c
Finished training EB misspecified with NPMLE init, with SURE: 0.04087736492683376
Finished training EB misspecified with NPMLE init, with in-sample MSE: 0.056378096487022564
Finished training EB misspecified, with SURE: 0.040885066765083876
Finished training EB misspecified, with in-sample MSE: 0.05637854907808324

 Training SURE of the models:
SURE-PM: 0.040885066765083876
NPMLE: 0.7832616642315089
SURE-PM, NPMLE init: 0.04087736492683376
experiment: d
Finished training EB misspecified with NPMLE init, with SURE: -0.007873099005949555
Finished training EB misspecified with NPMLE init, with in-sample MSE: 0.0048959882187285635
Finished training EB misspecified, with SURE: -0.007778509291708051
Finished training EB misspecified, with in-sample MSE: 0.004801233270045591

 Training SURE of the models:
SURE-PM: -0.007778509291708051
NPMLE: 0.019161121298354154
SURE-PM, NPMLE init: -0.007873099005949555
experiment: e
Finished training EB misspecified with NPMLE init, with SURE: 0.1457039453314933
Finished training EB misspecified with NPMLE init, with in-sample MSE: 0.19639169853061578
Finished training EB misspecified, with SURE: 0.14464230680823445
Finished training EB misspecified, with in-sample MSE: 0.18948518605374143

 Training SURE of the models:
SURE-PM: 0.14464230680823445
NPMLE: 0.3238239853905754
SURE-PM, NPMLE init: 0.1457039453314933
m: 1065
n: 100
experiment: c
Finished training EB misspecified with NPMLE init, with SURE: 0.1122809273794271
Finished training EB misspecified with NPMLE init, with in-sample MSE: 0.07106225336181232
Finished training EB misspecified, with SURE: 0.11229367296583256
Finished training EB misspecified, with in-sample MSE: 0.07105203485914036

 Training SURE of the models:
SURE-PM: 0.11229367296583256
NPMLE: 0.8254311402636919
SURE-PM, NPMLE init: 0.1122809273794271
experiment: d
Finished training EB misspecified with NPMLE init, with SURE: 0.01739137652334261
Finished training EB misspecified with NPMLE init, with in-sample MSE: 0.031204806743245616
Finished training EB misspecified, with SURE: 0.01738764707338717
Finished training EB misspecified, with in-sample MSE: 0.03122439775734707

 Training SURE of the models:
SURE-PM: 0.01738764707338717
NPMLE: 0.11208412102437836
SURE-PM, NPMLE init: 0.01739137652334261
experiment: e
Finished training EB misspecified with NPMLE init, with SURE: 0.16413091603426708
Finished training EB misspecified with NPMLE init, with in-sample MSE: 0.22541672751351413
Finished training EB misspecified, with SURE: 0.16413589202809525
Finished training EB misspecified, with in-sample MSE: 0.2254046680347563

 Training SURE of the models:
SURE-PM: 0.16413589202809525
NPMLE: 0.28581005459162756
SURE-PM, NPMLE init: 0.16413091603426708
n: 400
experiment: c
Finished training EB misspecified with NPMLE init, with SURE: 0.08537179316119925
Finished training EB misspecified with NPMLE init, with in-sample MSE: 0.05607337901030831
Finished training EB misspecified, with SURE: 0.08542790375881318
Finished training EB misspecified, with in-sample MSE: 0.05604897567978429

 Training SURE of the models:
SURE-PM: 0.08542790375881318
NPMLE: 1.0687775694659611
SURE-PM, NPMLE init: 0.08537179316119925
experiment: d
Finished training EB misspecified with NPMLE init, with SURE: -0.002988018006422877
Finished training EB misspecified with NPMLE init, with in-sample MSE: 0.012868953636690248
Finished training EB misspecified, with SURE: 0.0021762586719304977
Finished training EB misspecified, with in-sample MSE: 0.005130749214926581

 Training SURE of the models:
SURE-PM: 0.0021762586719304977
NPMLE: 0.1621000441197737
SURE-PM, NPMLE init: -0.002988018006422877
experiment: e
Finished training EB misspecified with NPMLE init, with SURE: 0.16825560565891617
Finished training EB misspecified with NPMLE init, with in-sample MSE: 0.1699355426548918
Finished training EB misspecified, with SURE: 0.1682586859249196
Finished training EB misspecified, with in-sample MSE: 0.16868154070130448

 Training SURE of the models:
SURE-PM: 0.1682586859249196
NPMLE: 0.3393930827242641
SURE-PM, NPMLE init: 0.16825560565891617
m: 1066
n: 100
experiment: c
Finished training EB misspecified with NPMLE init, with SURE: -0.006791646165504233
Finished training EB misspecified with NPMLE init, with in-sample MSE: 0.05987849056273654
Finished training EB misspecified, with SURE: -0.006772856156152969
Finished training EB misspecified, with in-sample MSE: 0.06001926563565523

 Training SURE of the models:
SURE-PM: -0.006772856156152969
NPMLE: 0.40069096485942507
SURE-PM, NPMLE init: -0.006791646165504233
experiment: d
Finished training EB misspecified with NPMLE init, with SURE: -0.009215375636330556
Finished training EB misspecified with NPMLE init, with in-sample MSE: 0.005233358435879498
Finished training EB misspecified, with SURE: -0.009215189928971093
Finished training EB misspecified, with in-sample MSE: 0.005233340605708308

 Training SURE of the models:
SURE-PM: -0.009215189928971093
NPMLE: 0.03406906362632734
SURE-PM, NPMLE init: -0.009215375636330556
experiment: e
Finished training EB misspecified with NPMLE init, with SURE: 0.0652496397459225
Finished training EB misspecified with NPMLE init, with in-sample MSE: 0.21540790346227429
Finished training EB misspecified, with SURE: 0.06574979890979674
Finished training EB misspecified, with in-sample MSE: 0.21442344644499267

 Training SURE of the models:
SURE-PM: 0.06574979890979674
NPMLE: 0.3406203578796221
SURE-PM, NPMLE init: 0.0652496397459225
n: 400
experiment: c
Finished training EB misspecified with NPMLE init, with SURE: 0.05750638565324486
Finished training EB misspecified with NPMLE init, with in-sample MSE: 0.05906353923762422
Finished training EB misspecified, with SURE: 0.05757267362158771
Finished training EB misspecified, with in-sample MSE: 0.05902359482486837

 Training SURE of the models:
SURE-PM: 0.05757267362158771
NPMLE: 0.4538819717068434
SURE-PM, NPMLE init: 0.05750638565324486
experiment: d
Finished training EB misspecified with NPMLE init, with SURE: -0.0031754515768969505
Finished training EB misspecified with NPMLE init, with in-sample MSE: 0.007129275667663183
Finished training EB misspecified, with SURE: -0.0026970564355413805
Finished training EB misspecified, with in-sample MSE: 0.006288924781507035

 Training SURE of the models:
SURE-PM: -0.0026970564355413805
NPMLE: -0.0005652069956352079
SURE-PM, NPMLE init: -0.0031754515768969505
experiment: e
Finished training EB misspecified with NPMLE init, with SURE: 0.16301003817974088
Finished training EB misspecified with NPMLE init, with in-sample MSE: 0.1948445986785699
Finished training EB misspecified, with SURE: 0.16302102990082193
Finished training EB misspecified, with in-sample MSE: 0.19488088847297153

 Training SURE of the models:
SURE-PM: 0.16302102990082193
NPMLE: 0.3365392580079575
SURE-PM, NPMLE init: 0.16301003817974088
m: 1067
n: 100
experiment: c
Finished training EB misspecified with NPMLE init, with SURE: -0.06259570585688592
Finished training EB misspecified with NPMLE init, with in-sample MSE: 0.0869935967956144
Finished training EB misspecified, with SURE: -0.06259579386136523
Finished training EB misspecified, with in-sample MSE: 0.08699187596793681

 Training SURE of the models:
SURE-PM: -0.06259579386136523
NPMLE: 0.21366699330416147
SURE-PM, NPMLE init: -0.06259570585688592
experiment: d
Finished training EB misspecified with NPMLE init, with SURE: -0.01070489538120384
Finished training EB misspecified with NPMLE init, with in-sample MSE: 0.010148276274775232
Finished training EB misspecified, with SURE: -0.01070431071659323
Finished training EB misspecified, with in-sample MSE: 0.01014807693513035

 Training SURE of the models:
SURE-PM: -0.01070431071659323
NPMLE: 0.02699013773476807
SURE-PM, NPMLE init: -0.01070489538120384
experiment: e
Finished training EB misspecified with NPMLE init, with SURE: 0.07336959490422679
Finished training EB misspecified with NPMLE init, with in-sample MSE: 0.20575003300657943
Finished training EB misspecified, with SURE: 0.0733835138519882
Finished training EB misspecified, with in-sample MSE: 0.20568850933550423

 Training SURE of the models:
SURE-PM: 0.0733835138519882
NPMLE: 0.2906229899172552
SURE-PM, NPMLE init: 0.07336959490422679
n: 400
experiment: c
Finished training EB misspecified with NPMLE init, with SURE: -0.00010261828273876006
Finished training EB misspecified with NPMLE init, with in-sample MSE: 0.06175974720483215
Finished training EB misspecified, with SURE: -9.196928852169606e-05
Finished training EB misspecified, with in-sample MSE: 0.06178519862377166

 Training SURE of the models:
SURE-PM: -9.196928852169606e-05
NPMLE: 0.47504952628703484
SURE-PM, NPMLE init: -0.00010261828273876006
experiment: d
Finished training EB misspecified with NPMLE init, with SURE: 0.011212662922608843
Finished training EB misspecified with NPMLE init, with in-sample MSE: 0.0057511702542307926
Finished training EB misspecified, with SURE: 0.011214856150831879
Finished training EB misspecified, with in-sample MSE: 0.005757735224150628

 Training SURE of the models:
SURE-PM: 0.011214856150831879
NPMLE: 0.08419498130276114
SURE-PM, NPMLE init: 0.011212662922608843
experiment: e
Finished training EB misspecified with NPMLE init, with SURE: 0.14313200420011676
Finished training EB misspecified with NPMLE init, with in-sample MSE: 0.18703814763453536
Finished training EB misspecified, with SURE: 0.14314102129429324
Finished training EB misspecified, with in-sample MSE: 0.18705749640753294

 Training SURE of the models:
SURE-PM: 0.14314102129429324
NPMLE: 0.29346001174104325
SURE-PM, NPMLE init: 0.14313200420011676
m: 1068
n: 100
experiment: c
Finished training EB misspecified with NPMLE init, with SURE: 0.13424747949821203
Finished training EB misspecified with NPMLE init, with in-sample MSE: 0.15261411491595278
Finished training EB misspecified, with SURE: 0.13428181438005404
Finished training EB misspecified, with in-sample MSE: 0.1523728079949689

 Training SURE of the models:
SURE-PM: 0.13428181438005404
NPMLE: 0.9204267039592233
SURE-PM, NPMLE init: 0.13424747949821203
experiment: d
Finished training EB misspecified with NPMLE init, with SURE: 0.014309836283008845
Finished training EB misspecified with NPMLE init, with in-sample MSE: 0.009411328982941686
Finished training EB misspecified, with SURE: 0.014311811173337557
Finished training EB misspecified, with in-sample MSE: 0.009409625958755802

 Training SURE of the models:
SURE-PM: 0.014311811173337557
NPMLE: 0.07527614587033632
SURE-PM, NPMLE init: 0.014309836283008845
experiment: e
Finished training EB misspecified with NPMLE init, with SURE: 0.12731883816058165
Finished training EB misspecified with NPMLE init, with in-sample MSE: 0.18475588628067308
Finished training EB misspecified, with SURE: 0.1273265333706106
Finished training EB misspecified, with in-sample MSE: 0.1847028965158742

 Training SURE of the models:
SURE-PM: 0.1273265333706106
NPMLE: 0.30300726968311725
SURE-PM, NPMLE init: 0.12731883816058165
n: 400
experiment: c
Finished training EB misspecified with NPMLE init, with SURE: 0.09214722936972108
Finished training EB misspecified with NPMLE init, with in-sample MSE: 0.07062071619465785
Finished training EB misspecified, with SURE: 0.09230066000744003
Finished training EB misspecified, with in-sample MSE: 0.07080959722677833

 Training SURE of the models:
SURE-PM: 0.09230066000744003
NPMLE: 0.39059208420794606
SURE-PM, NPMLE init: 0.09214722936972108
experiment: d
Finished training EB misspecified with NPMLE init, with SURE: 0.00447024830357801
Finished training EB misspecified with NPMLE init, with in-sample MSE: 0.006351018937382932
Finished training EB misspecified, with SURE: 0.004472251936728498
Finished training EB misspecified, with in-sample MSE: 0.00635263629005202

 Training SURE of the models:
SURE-PM: 0.004472251936728498
NPMLE: 0.09436617425244026
SURE-PM, NPMLE init: 0.00447024830357801
experiment: e
Finished training EB misspecified with NPMLE init, with SURE: 0.16274477682057073
Finished training EB misspecified with NPMLE init, with in-sample MSE: 0.17281384317416684
Finished training EB misspecified, with SURE: 0.16272670315351445
Finished training EB misspecified, with in-sample MSE: 0.17271799976586577

 Training SURE of the models:
SURE-PM: 0.16272670315351445
NPMLE: 0.32588543184932606
SURE-PM, NPMLE init: 0.16274477682057073
m: 1069
n: 100
experiment: c
Finished training EB misspecified with NPMLE init, with SURE: 0.01696067339689364
Finished training EB misspecified with NPMLE init, with in-sample MSE: 0.04088487956985085
Finished training EB misspecified, with SURE: 0.016964108393849243
Finished training EB misspecified, with in-sample MSE: 0.040886816119378055

 Training SURE of the models:
SURE-PM: 0.016964108393849243
NPMLE: 0.37560349884376065
SURE-PM, NPMLE init: 0.01696067339689364
experiment: d
Finished training EB misspecified with NPMLE init, with SURE: -0.03206448086171404
Finished training EB misspecified with NPMLE init, with in-sample MSE: 0.004485089889184328
Finished training EB misspecified, with SURE: -0.032064093620902255
Finished training EB misspecified, with in-sample MSE: 0.004484952231471842

 Training SURE of the models:
SURE-PM: -0.032064093620902255
NPMLE: 0.0016308427875315167
SURE-PM, NPMLE init: -0.03206448086171404
experiment: e
Finished training EB misspecified with NPMLE init, with SURE: 0.12291253392567371
Finished training EB misspecified with NPMLE init, with in-sample MSE: 0.1736850595346307
Finished training EB misspecified, with SURE: 0.12292481843653207
Finished training EB misspecified, with in-sample MSE: 0.17369599137463163

 Training SURE of the models:
SURE-PM: 0.12292481843653207
NPMLE: 0.2940537458781021
SURE-PM, NPMLE init: 0.12291253392567371
n: 400
experiment: c
Finished training EB misspecified with NPMLE init, with SURE: 0.0719416535665615
Finished training EB misspecified with NPMLE init, with in-sample MSE: 0.06402374674805063
Finished training EB misspecified, with SURE: 0.07198282732981234
Finished training EB misspecified, with in-sample MSE: 0.06401967403777391

 Training SURE of the models:
SURE-PM: 0.07198282732981234
NPMLE: 0.6043974128547019
SURE-PM, NPMLE init: 0.0719416535665615
experiment: d
Finished training EB misspecified with NPMLE init, with SURE: 0.001771104006862263
Finished training EB misspecified with NPMLE init, with in-sample MSE: 0.006152620192018527
Finished training EB misspecified, with SURE: 0.001772519433239843
Finished training EB misspecified, with in-sample MSE: 0.00615032632532132

 Training SURE of the models:
SURE-PM: 0.001772519433239843
NPMLE: 0.10406331482312553
SURE-PM, NPMLE init: 0.001771104006862263
experiment: e
Finished training EB misspecified with NPMLE init, with SURE: 0.17789446950113794
Finished training EB misspecified with NPMLE init, with in-sample MSE: 0.2097243479259534
Finished training EB misspecified, with SURE: 0.1773839406986172
Finished training EB misspecified, with in-sample MSE: 0.20499503926744342

 Training SURE of the models:
SURE-PM: 0.1773839406986172
NPMLE: 0.2988402053772803
SURE-PM, NPMLE init: 0.17789446950113794
m: 1070
n: 100
experiment: c
Finished training EB misspecified with NPMLE init, with SURE: 0.16186024444636474
Finished training EB misspecified with NPMLE init, with in-sample MSE: 0.10263458998461455
Finished training EB misspecified, with SURE: 0.16186413191137092
Finished training EB misspecified, with in-sample MSE: 0.1026326318451776

 Training SURE of the models:
SURE-PM: 0.16186413191137092
NPMLE: 0.6219074460276303
SURE-PM, NPMLE init: 0.16186024444636474
experiment: d
Finished training EB misspecified with NPMLE init, with SURE: 0.02025952055181227
Finished training EB misspecified with NPMLE init, with in-sample MSE: 0.018420609444479888
Finished training EB misspecified, with SURE: 0.02026096941423077
Finished training EB misspecified, with in-sample MSE: 0.01841577132832675

 Training SURE of the models:
SURE-PM: 0.02026096941423077
NPMLE: 0.05877689506810379
SURE-PM, NPMLE init: 0.02025952055181227
experiment: e
Finished training EB misspecified with NPMLE init, with SURE: 0.11562427142171984
Finished training EB misspecified with NPMLE init, with in-sample MSE: 0.2066725579051526
Finished training EB misspecified, with SURE: 0.11564153639092332
Finished training EB misspecified, with in-sample MSE: 0.20822940278415633

 Training SURE of the models:
SURE-PM: 0.11564153639092332
NPMLE: 0.3200979012326286
SURE-PM, NPMLE init: 0.11562427142171984
n: 400
experiment: c
Finished training EB misspecified with NPMLE init, with SURE: -0.05074512458314871
Finished training EB misspecified with NPMLE init, with in-sample MSE: 0.061664712550329105
Finished training EB misspecified, with SURE: -0.0507461533164215
Finished training EB misspecified, with in-sample MSE: 0.061663880814716486

 Training SURE of the models:
SURE-PM: -0.0507461533164215
NPMLE: 0.3995156835693706
SURE-PM, NPMLE init: -0.05074512458314871
experiment: d
Finished training EB misspecified with NPMLE init, with SURE: 0.00019319896001507075
Finished training EB misspecified with NPMLE init, with in-sample MSE: 0.006755171319303877
Finished training EB misspecified, with SURE: 0.00019333997527104074
Finished training EB misspecified, with in-sample MSE: 0.006763501095983586

 Training SURE of the models:
SURE-PM: 0.00019333997527104074
NPMLE: 0.0681631935025933
SURE-PM, NPMLE init: 0.00019319896001507075
experiment: e
Finished training EB misspecified with NPMLE init, with SURE: 0.16528578432677962
Finished training EB misspecified with NPMLE init, with in-sample MSE: 0.16732829737449198
Finished training EB misspecified, with SURE: 0.16529700942576256
Finished training EB misspecified, with in-sample MSE: 0.16725984610865144

 Training SURE of the models:
SURE-PM: 0.16529700942576256
NPMLE: 0.2913417462600617
SURE-PM, NPMLE init: 0.16528578432677962
m: 1071
n: 100
experiment: c
Finished training EB misspecified with NPMLE init, with SURE: 0.021112348519238752
Finished training EB misspecified with NPMLE init, with in-sample MSE: 0.057951425760301836
Finished training EB misspecified, with SURE: 0.021130289136287318
Finished training EB misspecified, with in-sample MSE: 0.05796407700842905

 Training SURE of the models:
SURE-PM: 0.021130289136287318
NPMLE: 0.7568080951275885
SURE-PM, NPMLE init: 0.021112348519238752
experiment: d
Finished training EB misspecified with NPMLE init, with SURE: -0.01895909284758739
Finished training EB misspecified with NPMLE init, with in-sample MSE: 0.008134903485313545
Finished training EB misspecified, with SURE: -0.01892682641744763
Finished training EB misspecified, with in-sample MSE: 0.008217999239943274

 Training SURE of the models:
SURE-PM: -0.01892682641744763
NPMLE: 0.01828424839689033
SURE-PM, NPMLE init: -0.01895909284758739
experiment: e
Finished training EB misspecified with NPMLE init, with SURE: 0.10065764815301222
Finished training EB misspecified with NPMLE init, with in-sample MSE: 0.3312473579828379
Finished training EB misspecified, with SURE: 0.10067495177363085
Finished training EB misspecified, with in-sample MSE: 0.3311921307718146

 Training SURE of the models:
SURE-PM: 0.10067495177363085
NPMLE: 0.2667952845019407
SURE-PM, NPMLE init: 0.10065764815301222
n: 400
experiment: c
Finished training EB misspecified with NPMLE init, with SURE: 0.10901206752495696
Finished training EB misspecified with NPMLE init, with in-sample MSE: 0.08108855919229102
Finished training EB misspecified, with SURE: 0.10907942557445807
Finished training EB misspecified, with in-sample MSE: 0.08113227723947308

 Training SURE of the models:
SURE-PM: 0.10907942557445807
NPMLE: 0.9647562605371789
SURE-PM, NPMLE init: 0.10901206752495696
experiment: d
Finished training EB misspecified with NPMLE init, with SURE: 0.011162442505609427
Finished training EB misspecified with NPMLE init, with in-sample MSE: 0.007580650298558771
Finished training EB misspecified, with SURE: 0.01263952198889216
Finished training EB misspecified, with in-sample MSE: 0.006183590822693113

 Training SURE of the models:
SURE-PM: 0.01263952198889216
NPMLE: 0.08379651436607842
SURE-PM, NPMLE init: 0.011162442505609427
experiment: e
Finished training EB misspecified with NPMLE init, with SURE: 0.1645893194332104
Finished training EB misspecified with NPMLE init, with in-sample MSE: 0.18236117862095708
Finished training EB misspecified, with SURE: 0.16539393713945288
Finished training EB misspecified, with in-sample MSE: 0.18259835267634286

 Training SURE of the models:
SURE-PM: 0.16539393713945288
NPMLE: 0.34903128264249017
SURE-PM, NPMLE init: 0.1645893194332104
m: 1072
n: 100
experiment: c
Finished training EB misspecified with NPMLE init, with SURE: -0.05171156858999566
Finished training EB misspecified with NPMLE init, with in-sample MSE: 0.0753881519633667
Finished training EB misspecified, with SURE: -0.05171647634107174
Finished training EB misspecified, with in-sample MSE: 0.07584956676657618

 Training SURE of the models:
SURE-PM: -0.05171647634107174
NPMLE: 0.7680682377769068
SURE-PM, NPMLE init: -0.05171156858999566
experiment: d
Finished training EB misspecified with NPMLE init, with SURE: 0.02355085839014773
Finished training EB misspecified with NPMLE init, with in-sample MSE: 0.011969877735491226
Finished training EB misspecified, with SURE: 0.02355127886995218
Finished training EB misspecified, with in-sample MSE: 0.011970029154468036

 Training SURE of the models:
SURE-PM: 0.02355127886995218
NPMLE: 0.032989561357524
SURE-PM, NPMLE init: 0.02355085839014773
experiment: e
Finished training EB misspecified with NPMLE init, with SURE: 0.08737828876789322
Finished training EB misspecified with NPMLE init, with in-sample MSE: 0.2865407626014339
Finished training EB misspecified, with SURE: 0.08738481881947863
Finished training EB misspecified, with in-sample MSE: 0.28653263288729725

 Training SURE of the models:
SURE-PM: 0.08738481881947863
NPMLE: 0.25425038100596614
SURE-PM, NPMLE init: 0.08737828876789322
n: 400
experiment: c
Finished training EB misspecified with NPMLE init, with SURE: -0.027636391216917248
Finished training EB misspecified with NPMLE init, with in-sample MSE: 0.06439246375951947
Finished training EB misspecified, with SURE: -0.027581324908043072
Finished training EB misspecified, with in-sample MSE: 0.06423922658098379

 Training SURE of the models:
SURE-PM: -0.027581324908043072
NPMLE: 0.5379737558501931
SURE-PM, NPMLE init: -0.027636391216917248
experiment: d
Finished training EB misspecified with NPMLE init, with SURE: 0.020623620716411502
Finished training EB misspecified with NPMLE init, with in-sample MSE: 0.012402104447898027
Finished training EB misspecified, with SURE: 0.020631433672592632
Finished training EB misspecified, with in-sample MSE: 0.012393353397443995

 Training SURE of the models:
SURE-PM: 0.020631433672592632
NPMLE: 0.07190803229275662
SURE-PM, NPMLE init: 0.020623620716411502
experiment: e
Finished training EB misspecified with NPMLE init, with SURE: 0.15800948391871772
Finished training EB misspecified with NPMLE init, with in-sample MSE: 0.19731369430548848
Finished training EB misspecified, with SURE: 0.1580164623907919
Finished training EB misspecified, with in-sample MSE: 0.19730559440277812

 Training SURE of the models:
SURE-PM: 0.1580164623907919
NPMLE: 0.35260167781539875
SURE-PM, NPMLE init: 0.15800948391871772
m: 1073
n: 100
experiment: c
Finished training EB misspecified with NPMLE init, with SURE: -0.0210591822403061
Finished training EB misspecified with NPMLE init, with in-sample MSE: 0.08603176994217993
Finished training EB misspecified, with SURE: -0.021039815233392715
Finished training EB misspecified, with in-sample MSE: 0.08604291698869539

 Training SURE of the models:
SURE-PM: -0.021039815233392715
NPMLE: 0.5863746374085163
SURE-PM, NPMLE init: -0.0210591822403061
experiment: d
Finished training EB misspecified with NPMLE init, with SURE: 0.009506273117703579
Finished training EB misspecified with NPMLE init, with in-sample MSE: 0.004338366828428141
Finished training EB misspecified, with SURE: 0.009506287424902098
Finished training EB misspecified, with in-sample MSE: 0.004338385097146281

 Training SURE of the models:
SURE-PM: 0.009506287424902098
NPMLE: 0.12061745556850545
SURE-PM, NPMLE init: 0.009506273117703579
experiment: e
Finished training EB misspecified with NPMLE init, with SURE: 0.12864619406527156
Finished training EB misspecified with NPMLE init, with in-sample MSE: 0.1728460990559007
Finished training EB misspecified, with SURE: 0.12864728399459374
Finished training EB misspecified, with in-sample MSE: 0.172840962024018

 Training SURE of the models:
SURE-PM: 0.12864728399459374
NPMLE: 0.36777004180628725
SURE-PM, NPMLE init: 0.12864619406527156
n: 400
experiment: c
Finished training EB misspecified with NPMLE init, with SURE: 0.01921004609926037
Finished training EB misspecified with NPMLE init, with in-sample MSE: 0.05353641690446059
Finished training EB misspecified, with SURE: 0.019210895672040637
Finished training EB misspecified, with in-sample MSE: 0.053530562147239794

 Training SURE of the models:
SURE-PM: 0.019210895672040637
NPMLE: 0.5083254674676461
SURE-PM, NPMLE init: 0.01921004609926037
experiment: d
Finished training EB misspecified with NPMLE init, with SURE: -0.0018469164249513526
Finished training EB misspecified with NPMLE init, with in-sample MSE: 0.007552309561408153
Finished training EB misspecified, with SURE: 0.00021666761363656306
Finished training EB misspecified, with in-sample MSE: 0.005466798951594418

 Training SURE of the models:
SURE-PM: 0.00021666761363656306
NPMLE: 0.02991507318499238
SURE-PM, NPMLE init: -0.0018469164249513526
experiment: e
Finished training EB misspecified with NPMLE init, with SURE: 0.16746222592453422
Finished training EB misspecified with NPMLE init, with in-sample MSE: 0.16574076680311628
Finished training EB misspecified, with SURE: 0.1674739082312187
Finished training EB misspecified, with in-sample MSE: 0.1657200210460035

 Training SURE of the models:
SURE-PM: 0.1674739082312187
NPMLE: 0.6537567527503502
SURE-PM, NPMLE init: 0.16746222592453422
m: 1074
n: 100
experiment: c
Finished training EB misspecified with NPMLE init, with SURE: 0.09418995515117785
Finished training EB misspecified with NPMLE init, with in-sample MSE: 0.05283936399035311
Finished training EB misspecified, with SURE: 0.09419979089751515
Finished training EB misspecified, with in-sample MSE: 0.05283667379259883

 Training SURE of the models:
SURE-PM: 0.09419979089751515
NPMLE: 0.5375399110348262
SURE-PM, NPMLE init: 0.09418995515117785
experiment: d
Finished training EB misspecified with NPMLE init, with SURE: 0.03664266535047551
Finished training EB misspecified with NPMLE init, with in-sample MSE: 0.010863829182196442
Finished training EB misspecified, with SURE: 0.03206491651076988
Finished training EB misspecified, with in-sample MSE: 0.024235558135910388

 Training SURE of the models:
SURE-PM: 0.03206491651076988
NPMLE: 0.1541303415623651
SURE-PM, NPMLE init: 0.03664266535047551
experiment: e
Finished training EB misspecified with NPMLE init, with SURE: 0.14319552284023807
Finished training EB misspecified with NPMLE init, with in-sample MSE: 0.17356394531117733
Finished training EB misspecified, with SURE: 0.14321055413671324
Finished training EB misspecified, with in-sample MSE: 0.17361117325629039

 Training SURE of the models:
SURE-PM: 0.14321055413671324
NPMLE: 0.3414275198587765
SURE-PM, NPMLE init: 0.14319552284023807
n: 400
experiment: c
Finished training EB misspecified with NPMLE init, with SURE: -0.041682922259285535
Finished training EB misspecified with NPMLE init, with in-sample MSE: 0.06641687953961363
Finished training EB misspecified, with SURE: -0.04168219756517587
Finished training EB misspecified, with in-sample MSE: 0.0664206320372688

 Training SURE of the models:
SURE-PM: -0.04168219756517587
NPMLE: 0.6824395278599706
SURE-PM, NPMLE init: -0.041682922259285535
experiment: d
Finished training EB misspecified with NPMLE init, with SURE: 0.010874926039437795
Finished training EB misspecified with NPMLE init, with in-sample MSE: 0.005207553475842122
Finished training EB misspecified, with SURE: 0.010875088761127322
Finished training EB misspecified, with in-sample MSE: 0.005207522276735896

 Training SURE of the models:
SURE-PM: 0.010875088761127322
NPMLE: 0.1246369194164808
SURE-PM, NPMLE init: 0.010874926039437795
experiment: e
Finished training EB misspecified with NPMLE init, with SURE: 0.12812225676517877
Finished training EB misspecified with NPMLE init, with in-sample MSE: 0.18166917298180113
Finished training EB misspecified, with SURE: 0.12812726802754704
Finished training EB misspecified, with in-sample MSE: 0.1817976852828426

 Training SURE of the models:
SURE-PM: 0.12812726802754704
NPMLE: 0.3451696295736519
SURE-PM, NPMLE init: 0.12812225676517877
m: 1075
n: 100
experiment: c
Finished training EB misspecified with NPMLE init, with SURE: 0.1858080774825004
Finished training EB misspecified with NPMLE init, with in-sample MSE: 0.17123671934759893
Finished training EB misspecified, with SURE: 0.18584041870472745
Finished training EB misspecified, with in-sample MSE: 0.17118329204334418

 Training SURE of the models:
SURE-PM: 0.18584041870472745
NPMLE: 1.009948686001084
SURE-PM, NPMLE init: 0.1858080774825004
experiment: d
Finished training EB misspecified with NPMLE init, with SURE: 0.02219170619727974
Finished training EB misspecified with NPMLE init, with in-sample MSE: 0.00866171098232357
Finished training EB misspecified, with SURE: 0.0221923868347597
Finished training EB misspecified, with in-sample MSE: 0.008651158927202569

 Training SURE of the models:
SURE-PM: 0.0221923868347597
NPMLE: 0.05809591858511773
SURE-PM, NPMLE init: 0.02219170619727974
experiment: e
Finished training EB misspecified with NPMLE init, with SURE: 0.14242388776931655
Finished training EB misspecified with NPMLE init, with in-sample MSE: 0.28900121710125476
Finished training EB misspecified, with SURE: 0.14242598732275646
Finished training EB misspecified, with in-sample MSE: 0.2890647669067883

 Training SURE of the models:
SURE-PM: 0.14242598732275646
NPMLE: 0.296131267600646
SURE-PM, NPMLE init: 0.14242388776931655
n: 400
experiment: c
Finished training EB misspecified with NPMLE init, with SURE: 0.0985450162824938
Finished training EB misspecified with NPMLE init, with in-sample MSE: 0.06119521956374102
Finished training EB misspecified, with SURE: 0.08043015734535601
Finished training EB misspecified, with in-sample MSE: 0.10851916792773744

 Training SURE of the models:
SURE-PM: 0.08043015734535601
NPMLE: 0.2967890315904004
SURE-PM, NPMLE init: 0.0985450162824938
experiment: d
Finished training EB misspecified with NPMLE init, with SURE: -0.0025851855569372973
Finished training EB misspecified with NPMLE init, with in-sample MSE: 0.0066837557660028935
Finished training EB misspecified, with SURE: -0.002568103919509461
Finished training EB misspecified, with in-sample MSE: 0.006728693071855883

 Training SURE of the models:
SURE-PM: -0.002568103919509461
NPMLE: 0.0137004078481419
SURE-PM, NPMLE init: -0.0025851855569372973
experiment: e
Finished training EB misspecified with NPMLE init, with SURE: 0.1561365650688486
Finished training EB misspecified with NPMLE init, with in-sample MSE: 0.18954010689524214
Finished training EB misspecified, with SURE: 0.1561468518303431
Finished training EB misspecified, with in-sample MSE: 0.18958236694289415

 Training SURE of the models:
SURE-PM: 0.1561468518303431
NPMLE: 0.3059250081778556
SURE-PM, NPMLE init: 0.1561365650688486
m: 1076
n: 100
experiment: c
Finished training EB misspecified with NPMLE init, with SURE: 0.02689574661589127
Finished training EB misspecified with NPMLE init, with in-sample MSE: 0.059660924277432505
Finished training EB misspecified, with SURE: 0.026451892867002513
Finished training EB misspecified, with in-sample MSE: 0.06277911924495176

 Training SURE of the models:
SURE-PM: 0.026451892867002513
NPMLE: 0.5188494508056885
SURE-PM, NPMLE init: 0.02689574661589127
experiment: d
Finished training EB misspecified with NPMLE init, with SURE: 0.00964273175266829
Finished training EB misspecified with NPMLE init, with in-sample MSE: 0.005836240515181081
Finished training EB misspecified, with SURE: 0.009642962341094794
Finished training EB misspecified, with in-sample MSE: 0.005835976800371772

 Training SURE of the models:
SURE-PM: 0.009642962341094794
NPMLE: 0.05773682697383059
SURE-PM, NPMLE init: 0.00964273175266829
experiment: e
Finished training EB misspecified with NPMLE init, with SURE: 0.17544272952233983
Finished training EB misspecified with NPMLE init, with in-sample MSE: 0.1429593487888623
Finished training EB misspecified, with SURE: 0.17545542184500662
Finished training EB misspecified, with in-sample MSE: 0.14318598520790002

 Training SURE of the models:
SURE-PM: 0.17545542184500662
NPMLE: 0.2866904634815052
SURE-PM, NPMLE init: 0.17544272952233983
n: 400
experiment: c
Finished training EB misspecified with NPMLE init, with SURE: 0.11581644866902714
Finished training EB misspecified with NPMLE init, with in-sample MSE: 0.06016267416406517
Finished training EB misspecified, with SURE: 0.1155940435004407
Finished training EB misspecified, with in-sample MSE: 0.06327012048437246

 Training SURE of the models:
SURE-PM: 0.1155940435004407
NPMLE: 0.7159899757054847
SURE-PM, NPMLE init: 0.11581644866902714
experiment: d
Finished training EB misspecified with NPMLE init, with SURE: -0.003717620932149828
Finished training EB misspecified with NPMLE init, with in-sample MSE: 0.004830039392987708
Finished training EB misspecified, with SURE: -0.003717514642328901
Finished training EB misspecified, with in-sample MSE: 0.004829886430572295

 Training SURE of the models:
SURE-PM: -0.003717514642328901
NPMLE: 0.033131223357936716
SURE-PM, NPMLE init: -0.003717620932149828
experiment: e
Finished training EB misspecified with NPMLE init, with SURE: 0.15985838796687243
Finished training EB misspecified with NPMLE init, with in-sample MSE: 0.17935686235542186
Finished training EB misspecified, with SURE: 0.1566004789753814
Finished training EB misspecified, with in-sample MSE: 0.17988642344001238

 Training SURE of the models:
SURE-PM: 0.1566004789753814
NPMLE: 0.32577690876973037
SURE-PM, NPMLE init: 0.15985838796687243
m: 1077
n: 100
experiment: c
Finished training EB misspecified with NPMLE init, with SURE: 0.05764096122830225
Finished training EB misspecified with NPMLE init, with in-sample MSE: 0.12257360736108523
Finished training EB misspecified, with SURE: 0.05768504795545994
Finished training EB misspecified, with in-sample MSE: 0.12242454057985766

 Training SURE of the models:
SURE-PM: 0.05768504795545994
NPMLE: 1.0697050773254906
SURE-PM, NPMLE init: 0.05764096122830225
experiment: d
Finished training EB misspecified with NPMLE init, with SURE: 0.019405588700524883
Finished training EB misspecified with NPMLE init, with in-sample MSE: 0.006781720427252514
Finished training EB misspecified, with SURE: 0.017283496149465734
Finished training EB misspecified, with in-sample MSE: 0.008975606021492149

 Training SURE of the models:
SURE-PM: 0.017283496149465734
NPMLE: 0.2453307312059598
SURE-PM, NPMLE init: 0.019405588700524883
experiment: e
Finished training EB misspecified with NPMLE init, with SURE: 0.05767100819512507
Finished training EB misspecified with NPMLE init, with in-sample MSE: 0.23271963019586173
Finished training EB misspecified, with SURE: 0.05768821558283349
Finished training EB misspecified, with in-sample MSE: 0.23347802690480804

 Training SURE of the models:
SURE-PM: 0.05768821558283349
NPMLE: 0.3321778165226618
SURE-PM, NPMLE init: 0.05767100819512507
n: 400
experiment: c
Finished training EB misspecified with NPMLE init, with SURE: -0.02443713724965562
Finished training EB misspecified with NPMLE init, with in-sample MSE: 0.09371229699236483
Finished training EB misspecified, with SURE: -0.007317313224389324
Finished training EB misspecified, with in-sample MSE: 0.06271741857232097

 Training SURE of the models:
SURE-PM: -0.007317313224389324
NPMLE: 0.9580547774131375
SURE-PM, NPMLE init: -0.02443713724965562
experiment: d
Finished training EB misspecified with NPMLE init, with SURE: -0.01858897107285241
Finished training EB misspecified with NPMLE init, with in-sample MSE: 0.0043538804704907974
Finished training EB misspecified, with SURE: -0.018266206154407456
Finished training EB misspecified, with in-sample MSE: 0.00384154812156157

 Training SURE of the models:
SURE-PM: -0.018266206154407456
NPMLE: 0.008223943259266963
SURE-PM, NPMLE init: -0.01858897107285241
experiment: e
Finished training EB misspecified with NPMLE init, with SURE: 0.11316903421701746
Finished training EB misspecified with NPMLE init, with in-sample MSE: 0.17551707138283168
Finished training EB misspecified, with SURE: 0.1131794267268829
Finished training EB misspecified, with in-sample MSE: 0.1756101429049762

 Training SURE of the models:
SURE-PM: 0.1131794267268829
NPMLE: 0.37169449156973683
SURE-PM, NPMLE init: 0.11316903421701746
m: 1078
n: 100
experiment: c
Finished training EB misspecified with NPMLE init, with SURE: -0.01851388743377079
Finished training EB misspecified with NPMLE init, with in-sample MSE: 0.06432098441129247
Finished training EB misspecified, with SURE: -0.018508194680865273
Finished training EB misspecified, with in-sample MSE: 0.06430939227952953

 Training SURE of the models:
SURE-PM: -0.018508194680865273
NPMLE: 0.24299249241385226
SURE-PM, NPMLE init: -0.01851388743377079
experiment: d
Finished training EB misspecified with NPMLE init, with SURE: -0.0022104290442291233
Finished training EB misspecified with NPMLE init, with in-sample MSE: 0.010585065248585622
Finished training EB misspecified, with SURE: -0.0022123373886770814
Finished training EB misspecified, with in-sample MSE: 0.010593002563483755

 Training SURE of the models:
SURE-PM: -0.0022123373886770814
NPMLE: 0.08979682377856768
SURE-PM, NPMLE init: -0.0022104290442291233
experiment: e
Finished training EB misspecified with NPMLE init, with SURE: 0.14196570602078815
Finished training EB misspecified with NPMLE init, with in-sample MSE: 0.20328373083092066
Finished training EB misspecified, with SURE: 0.14197343346044555
Finished training EB misspecified, with in-sample MSE: 0.20326025963072197

 Training SURE of the models:
SURE-PM: 0.14197343346044555
NPMLE: 0.31336582683888425
SURE-PM, NPMLE init: 0.14196570602078815
n: 400
experiment: c
Finished training EB misspecified with NPMLE init, with SURE: 0.07421527928857544
Finished training EB misspecified with NPMLE init, with in-sample MSE: 0.05626578501212353
Finished training EB misspecified, with SURE: 0.07431255102356531
Finished training EB misspecified, with in-sample MSE: 0.056275905001311896

 Training SURE of the models:
SURE-PM: 0.07431255102356531
NPMLE: 0.6883004600373865
SURE-PM, NPMLE init: 0.07421527928857544
experiment: d
Finished training EB misspecified with NPMLE init, with SURE: -0.01360029150471231
Finished training EB misspecified with NPMLE init, with in-sample MSE: 0.005552607716401981
Finished training EB misspecified, with SURE: -0.013600114711300808
Finished training EB misspecified, with in-sample MSE: 0.0055524860125593855

 Training SURE of the models:
SURE-PM: -0.013600114711300808
NPMLE: 0.028250504517605288
SURE-PM, NPMLE init: -0.01360029150471231
experiment: e
Finished training EB misspecified with NPMLE init, with SURE: 0.17263071128534838
Finished training EB misspecified with NPMLE init, with in-sample MSE: 0.15683810338277426
Finished training EB misspecified, with SURE: 0.17264411144175693
Finished training EB misspecified, with in-sample MSE: 0.1568671646297287

 Training SURE of the models:
SURE-PM: 0.17264411144175693
NPMLE: 0.3239779328475156
SURE-PM, NPMLE init: 0.17263071128534838
m: 1079
n: 100
experiment: c
Finished training EB misspecified with NPMLE init, with SURE: 0.1590377292512774
Finished training EB misspecified with NPMLE init, with in-sample MSE: 0.09193309306469559
Finished training EB misspecified, with SURE: 0.15903938507627643
Finished training EB misspecified, with in-sample MSE: 0.09194130440818515

 Training SURE of the models:
SURE-PM: 0.15903938507627643
NPMLE: 0.6595316663020657
SURE-PM, NPMLE init: 0.1590377292512774
experiment: d
Finished training EB misspecified with NPMLE init, with SURE: 0.020007449858418624
Finished training EB misspecified with NPMLE init, with in-sample MSE: 0.008570318136720644
Finished training EB misspecified, with SURE: 0.020006800907070126
Finished training EB misspecified, with in-sample MSE: 0.008569846508302049

 Training SURE of the models:
SURE-PM: 0.020006800907070126
NPMLE: 0.08256661210935654
SURE-PM, NPMLE init: 0.020007449858418624
experiment: e
Finished training EB misspecified with NPMLE init, with SURE: 0.15866898807099122
Finished training EB misspecified with NPMLE init, with in-sample MSE: 0.2169439175302462
Finished training EB misspecified, with SURE: 0.15867127280834967
Finished training EB misspecified, with in-sample MSE: 0.21679022832076858

 Training SURE of the models:
SURE-PM: 0.15867127280834967
NPMLE: 0.2606220144407611
SURE-PM, NPMLE init: 0.15866898807099122
n: 400
experiment: c
Finished training EB misspecified with NPMLE init, with SURE: 0.08889699837496316
Finished training EB misspecified with NPMLE init, with in-sample MSE: 0.0626257393677332
Finished training EB misspecified, with SURE: 0.08890286294292672
Finished training EB misspecified, with in-sample MSE: 0.06262429738088919

 Training SURE of the models:
SURE-PM: 0.08890286294292672
NPMLE: 0.6226371175409348
SURE-PM, NPMLE init: 0.08889699837496316
experiment: d
Finished training EB misspecified with NPMLE init, with SURE: 0.02515347160766396
Finished training EB misspecified with NPMLE init, with in-sample MSE: 0.007674787294157964
Finished training EB misspecified, with SURE: 0.02515356047824069
Finished training EB misspecified, with in-sample MSE: 0.007674962242491793

 Training SURE of the models:
SURE-PM: 0.02515356047824069
NPMLE: 0.07380249209127596
SURE-PM, NPMLE init: 0.02515347160766396
experiment: e
Finished training EB misspecified with NPMLE init, with SURE: 0.18459717290406324
Finished training EB misspecified with NPMLE init, with in-sample MSE: 0.19708143272996298
Finished training EB misspecified, with SURE: 0.18460365976726442
Finished training EB misspecified, with in-sample MSE: 0.1971022638401571

 Training SURE of the models:
SURE-PM: 0.18460365976726442
NPMLE: 0.3215814856679718
SURE-PM, NPMLE init: 0.18459717290406324
m: 1080
n: 100
experiment: c
Finished training EB misspecified with NPMLE init, with SURE: -0.03524917327936642
Finished training EB misspecified with NPMLE init, with in-sample MSE: 0.25983423505784625
Finished training EB misspecified, with SURE: -0.03523262497902472
Finished training EB misspecified, with in-sample MSE: 0.25968582972938764

 Training SURE of the models:
SURE-PM: -0.03523262497902472
NPMLE: 0.6237587660566367
SURE-PM, NPMLE init: -0.03524917327936642
experiment: d
Finished training EB misspecified with NPMLE init, with SURE: 0.009059122330974834
Finished training EB misspecified with NPMLE init, with in-sample MSE: 0.04326410090450411
Finished training EB misspecified, with SURE: 0.009061604123727368
Finished training EB misspecified, with in-sample MSE: 0.043270602636172904

 Training SURE of the models:
SURE-PM: 0.009061604123727368
NPMLE: 0.26242131340629304
SURE-PM, NPMLE init: 0.009059122330974834
experiment: e
Finished training EB misspecified with NPMLE init, with SURE: 0.16094084173307355
Finished training EB misspecified with NPMLE init, with in-sample MSE: 0.15213512548909092
Finished training EB misspecified, with SURE: 0.1609444446861426
Finished training EB misspecified, with in-sample MSE: 0.1521344014919078

 Training SURE of the models:
SURE-PM: 0.1609444446861426
NPMLE: 0.27643937908601
SURE-PM, NPMLE init: 0.16094084173307355
n: 400
experiment: c
Finished training EB misspecified with NPMLE init, with SURE: 0.048041249671510404
Finished training EB misspecified with NPMLE init, with in-sample MSE: 0.06392996073349444
Finished training EB misspecified, with SURE: 0.04804447743222369
Finished training EB misspecified, with in-sample MSE: 0.06392820226602206

 Training SURE of the models:
SURE-PM: 0.04804447743222369
NPMLE: 0.6749797667424864
SURE-PM, NPMLE init: 0.048041249671510404
experiment: d
Finished training EB misspecified with NPMLE init, with SURE: -0.004362083582481766
Finished training EB misspecified with NPMLE init, with in-sample MSE: 0.005217920080273235
Finished training EB misspecified, with SURE: -0.0043617378428294626
Finished training EB misspecified, with in-sample MSE: 0.005217851797907217

 Training SURE of the models:
SURE-PM: -0.0043617378428294626
NPMLE: 0.036258006103159664
SURE-PM, NPMLE init: -0.004362083582481766
experiment: e
Finished training EB misspecified with NPMLE init, with SURE: 0.1587966652875641
Finished training EB misspecified with NPMLE init, with in-sample MSE: 0.17640761864958676
Finished training EB misspecified, with SURE: 0.1588075951633414
Finished training EB misspecified, with in-sample MSE: 0.17640695615991064

 Training SURE of the models:
SURE-PM: 0.1588075951633414
NPMLE: 0.3008498359525593
SURE-PM, NPMLE init: 0.1587966652875641
m: 1081
n: 100
experiment: c
Finished training EB misspecified with NPMLE init, with SURE: 0.1109690729788339
Finished training EB misspecified with NPMLE init, with in-sample MSE: 0.06477838165696671
Finished training EB misspecified, with SURE: 0.11089738770037656
Finished training EB misspecified, with in-sample MSE: 0.06491003998664327

 Training SURE of the models:
SURE-PM: 0.11089738770037656
NPMLE: 0.6344634375578913
SURE-PM, NPMLE init: 0.1109690729788339
experiment: d
Finished training EB misspecified with NPMLE init, with SURE: 0.009331695067939912
Finished training EB misspecified with NPMLE init, with in-sample MSE: 0.008357838300204569
Finished training EB misspecified, with SURE: 0.009332178920214283
Finished training EB misspecified, with in-sample MSE: 0.008357795662004824

 Training SURE of the models:
SURE-PM: 0.009332178920214283
NPMLE: 0.028683009596731885
SURE-PM, NPMLE init: 0.009331695067939912
experiment: e
Finished training EB misspecified with NPMLE init, with SURE: 0.13367670017616157
Finished training EB misspecified with NPMLE init, with in-sample MSE: 0.21747452589453126
Finished training EB misspecified, with SURE: 0.13367915399938887
Finished training EB misspecified, with in-sample MSE: 0.2174719590319069

 Training SURE of the models:
SURE-PM: 0.13367915399938887
NPMLE: 0.2836460922953244
SURE-PM, NPMLE init: 0.13367670017616157
n: 400
experiment: c
Finished training EB misspecified with NPMLE init, with SURE: 0.04541223199248257
Finished training EB misspecified with NPMLE init, with in-sample MSE: 0.06323167315516966
Finished training EB misspecified, with SURE: 0.04554784765300902
Finished training EB misspecified, with in-sample MSE: 0.06240931912950435

 Training SURE of the models:
SURE-PM: 0.04554784765300902
NPMLE: 0.5861827484160114
SURE-PM, NPMLE init: 0.04541223199248257
experiment: d
Finished training EB misspecified with NPMLE init, with SURE: 0.02691160100619273
Finished training EB misspecified with NPMLE init, with in-sample MSE: 0.014609248285879362
Finished training EB misspecified, with SURE: 0.026913142079183956
Finished training EB misspecified, with in-sample MSE: 0.014605535084555003

 Training SURE of the models:
SURE-PM: 0.026913142079183956
NPMLE: 0.062465908528378515
SURE-PM, NPMLE init: 0.02691160100619273
experiment: e
Finished training EB misspecified with NPMLE init, with SURE: 0.17904171050526174
Finished training EB misspecified with NPMLE init, with in-sample MSE: 0.21615634268252434
Finished training EB misspecified, with SURE: 0.17718223579338066
Finished training EB misspecified, with in-sample MSE: 0.21703642473583407

 Training SURE of the models:
SURE-PM: 0.17718223579338066
NPMLE: 0.43462827462577297
SURE-PM, NPMLE init: 0.17904171050526174
m: 1082
n: 100
experiment: c
Finished training EB misspecified with NPMLE init, with SURE: 0.07404283295476476
Finished training EB misspecified with NPMLE init, with in-sample MSE: 0.10912989020064118
Finished training EB misspecified, with SURE: 0.07405618522381843
Finished training EB misspecified, with in-sample MSE: 0.10910829396294211

 Training SURE of the models:
SURE-PM: 0.07405618522381843
NPMLE: 0.7990817344438415
SURE-PM, NPMLE init: 0.07404283295476476
experiment: d
Finished training EB misspecified with NPMLE init, with SURE: -0.004944711027990021
Finished training EB misspecified with NPMLE init, with in-sample MSE: 0.004599162591829741
Finished training EB misspecified, with SURE: -0.004944267494201924
Finished training EB misspecified, with in-sample MSE: 0.00459902582183315

 Training SURE of the models:
SURE-PM: -0.004944267494201924
NPMLE: 0.0713214950590105
SURE-PM, NPMLE init: -0.004944711027990021
experiment: e
Finished training EB misspecified with NPMLE init, with SURE: 0.10650975756310128
Finished training EB misspecified with NPMLE init, with in-sample MSE: 0.20360235947859373
Finished training EB misspecified, with SURE: 0.10652705557533726
Finished training EB misspecified, with in-sample MSE: 0.2036412191107249

 Training SURE of the models:
SURE-PM: 0.10652705557533726
NPMLE: 0.3984188845331393
SURE-PM, NPMLE init: 0.10650975756310128
n: 400
experiment: c
Finished training EB misspecified with NPMLE init, with SURE: 0.049109982570090055
Finished training EB misspecified with NPMLE init, with in-sample MSE: 0.06339189301615847
Finished training EB misspecified, with SURE: 0.0491477163729369
Finished training EB misspecified, with in-sample MSE: 0.06326366489733388

 Training SURE of the models:
SURE-PM: 0.0491477163729369
NPMLE: 1.0344254858325472
SURE-PM, NPMLE init: 0.049109982570090055
experiment: d
Finished training EB misspecified with NPMLE init, with SURE: -0.009673622477250277
Finished training EB misspecified with NPMLE init, with in-sample MSE: 0.006190185541959523
Finished training EB misspecified, with SURE: -0.008800672864525438
Finished training EB misspecified, with in-sample MSE: 0.004591879127054535

 Training SURE of the models:
SURE-PM: -0.008800672864525438
NPMLE: 0.034935687851720375
SURE-PM, NPMLE init: -0.009673622477250277
experiment: e
Finished training EB misspecified with NPMLE init, with SURE: 0.1496039423073961
Finished training EB misspecified with NPMLE init, with in-sample MSE: 0.2124859814624302
Finished training EB misspecified, with SURE: 0.15030402684162597
Finished training EB misspecified, with in-sample MSE: 0.2140325543290328

 Training SURE of the models:
SURE-PM: 0.15030402684162597
NPMLE: 0.3176382075240495
SURE-PM, NPMLE init: 0.1496039423073961
m: 1083
n: 100
experiment: c
Finished training EB misspecified with NPMLE init, with SURE: -0.018933968824640886
Finished training EB misspecified with NPMLE init, with in-sample MSE: 0.0653376139039037
Finished training EB misspecified, with SURE: -0.018899202025283942
Finished training EB misspecified, with in-sample MSE: 0.06571388219734461

 Training SURE of the models:
SURE-PM: -0.018899202025283942
NPMLE: 0.7736482647123764
SURE-PM, NPMLE init: -0.018933968824640886
experiment: d
Finished training EB misspecified with NPMLE init, with SURE: -0.0021428602243906882
Finished training EB misspecified with NPMLE init, with in-sample MSE: 0.010090417063631429
Finished training EB misspecified, with SURE: -0.002142581834773978
Finished training EB misspecified, with in-sample MSE: 0.010089885839946425

 Training SURE of the models:
SURE-PM: -0.002142581834773978
NPMLE: 0.006472173478779979
SURE-PM, NPMLE init: -0.0021428602243906882
experiment: e
Finished training EB misspecified with NPMLE init, with SURE: 0.1507123927435935
Finished training EB misspecified with NPMLE init, with in-sample MSE: 0.18678321538876774
Finished training EB misspecified, with SURE: 0.15071976012185473
Finished training EB misspecified, with in-sample MSE: 0.1867808427640595

 Training SURE of the models:
SURE-PM: 0.15071976012185473
NPMLE: 0.3415432959223875
SURE-PM, NPMLE init: 0.1507123927435935
n: 400
experiment: c
Finished training EB misspecified with NPMLE init, with SURE: 0.05634790132390712
Finished training EB misspecified with NPMLE init, with in-sample MSE: 0.05447387175891767
Finished training EB misspecified, with SURE: 0.05634894495624415
Finished training EB misspecified, with in-sample MSE: 0.05448023530841599

 Training SURE of the models:
SURE-PM: 0.05634894495624415
NPMLE: 0.2972850823487361
SURE-PM, NPMLE init: 0.05634790132390712
experiment: d
Finished training EB misspecified with NPMLE init, with SURE: -0.0030140520662014047
Finished training EB misspecified with NPMLE init, with in-sample MSE: 0.00629088923739782
Finished training EB misspecified, with SURE: -0.003010789417546711
Finished training EB misspecified, with in-sample MSE: 0.0062844065477415875

 Training SURE of the models:
SURE-PM: -0.003010789417546711
NPMLE: 0.06811714379419734
SURE-PM, NPMLE init: -0.0030140520662014047
experiment: e
Finished training EB misspecified with NPMLE init, with SURE: 0.1850129667218188
Finished training EB misspecified with NPMLE init, with in-sample MSE: 0.16984173611684633
Finished training EB misspecified, with SURE: 0.17686111740135416
Finished training EB misspecified, with in-sample MSE: 0.16332722622572787

 Training SURE of the models:
SURE-PM: 0.17686111740135416
NPMLE: 0.31591509498672005
SURE-PM, NPMLE init: 0.1850129667218188
m: 1084
n: 100
experiment: c
Finished training EB misspecified with NPMLE init, with SURE: 0.06530404670371062
Finished training EB misspecified with NPMLE init, with in-sample MSE: 0.16410492519208636
Finished training EB misspecified, with SURE: 0.065324395300957
Finished training EB misspecified, with in-sample MSE: 0.1642028734338455

 Training SURE of the models:
SURE-PM: 0.065324395300957
NPMLE: 0.807789334447578
SURE-PM, NPMLE init: 0.06530404670371062
experiment: d
Finished training EB misspecified with NPMLE init, with SURE: -0.016531403978790493
Finished training EB misspecified with NPMLE init, with in-sample MSE: 0.007124422023012837
Finished training EB misspecified, with SURE: -0.01653084834915692
Finished training EB misspecified, with in-sample MSE: 0.007123690858765686

 Training SURE of the models:
SURE-PM: -0.01653084834915692
NPMLE: -0.005662257339490306
SURE-PM, NPMLE init: -0.016531403978790493
experiment: e
Finished training EB misspecified with NPMLE init, with SURE: 0.16047598682457725
Finished training EB misspecified with NPMLE init, with in-sample MSE: 0.20261739854381364
Finished training EB misspecified, with SURE: 0.158422377513635
Finished training EB misspecified, with in-sample MSE: 0.20377897120321314

 Training SURE of the models:
SURE-PM: 0.158422377513635
NPMLE: 0.2567431689894124
SURE-PM, NPMLE init: 0.16047598682457725
n: 400
experiment: c
Finished training EB misspecified with NPMLE init, with SURE: 0.024013217990384063
Finished training EB misspecified with NPMLE init, with in-sample MSE: 0.058052897831789664
Finished training EB misspecified, with SURE: 0.02403530395283454
Finished training EB misspecified, with in-sample MSE: 0.05800084512012331

 Training SURE of the models:
SURE-PM: 0.02403530395283454
NPMLE: 0.8820550417150969
SURE-PM, NPMLE init: 0.024013217990384063
experiment: d
Finished training EB misspecified with NPMLE init, with SURE: 0.014076587414473245
Finished training EB misspecified with NPMLE init, with in-sample MSE: 0.004973720089945844
Finished training EB misspecified, with SURE: 0.014076278324303254
Finished training EB misspecified, with in-sample MSE: 0.004973817320514986

 Training SURE of the models:
SURE-PM: 0.014076278324303254
NPMLE: 0.13033718888499385
SURE-PM, NPMLE init: 0.014076587414473245
experiment: e
Finished training EB misspecified with NPMLE init, with SURE: 0.16250720339543542
Finished training EB misspecified with NPMLE init, with in-sample MSE: 0.1861930317634761
Finished training EB misspecified, with SURE: 0.1624464828339891
Finished training EB misspecified, with in-sample MSE: 0.1841323525468194

 Training SURE of the models:
SURE-PM: 0.1624464828339891
NPMLE: 0.3530763921350369
SURE-PM, NPMLE init: 0.16250720339543542
m: 1085
n: 100
experiment: c
Finished training EB misspecified with NPMLE init, with SURE: 0.03071185825974716
Finished training EB misspecified with NPMLE init, with in-sample MSE: 0.04956165706144029
Finished training EB misspecified, with SURE: 0.03072331229444714
Finished training EB misspecified, with in-sample MSE: 0.04956361711864599

 Training SURE of the models:
SURE-PM: 0.03072331229444714
NPMLE: 0.5103322127410967
SURE-PM, NPMLE init: 0.03071185825974716
experiment: d
Finished training EB misspecified with NPMLE init, with SURE: 0.007860433864609053
Finished training EB misspecified with NPMLE init, with in-sample MSE: 0.011235797814785082
Finished training EB misspecified, with SURE: 0.00786061606473858
Finished training EB misspecified, with in-sample MSE: 0.011235422125555353

 Training SURE of the models:
SURE-PM: 0.00786061606473858
NPMLE: 0.07906924070978903
SURE-PM, NPMLE init: 0.007860433864609053
experiment: e
Finished training EB misspecified with NPMLE init, with SURE: 0.1315602989695077
Finished training EB misspecified with NPMLE init, with in-sample MSE: 0.16727141693620265
Finished training EB misspecified, with SURE: 0.13156440570312797
Finished training EB misspecified, with in-sample MSE: 0.16728807179920926

 Training SURE of the models:
SURE-PM: 0.13156440570312797
NPMLE: 0.29063030298744275
SURE-PM, NPMLE init: 0.1315602989695077
n: 400
experiment: c
Finished training EB misspecified with NPMLE init, with SURE: 0.04222909923236145
Finished training EB misspecified with NPMLE init, with in-sample MSE: 0.05732691667420681
Finished training EB misspecified, with SURE: 0.04227582853741048
Finished training EB misspecified, with in-sample MSE: 0.05758891032931819

 Training SURE of the models:
SURE-PM: 0.04227582853741048
NPMLE: 0.3972853367934855
SURE-PM, NPMLE init: 0.04222909923236145
experiment: d
Finished training EB misspecified with NPMLE init, with SURE: 0.01931262494241997
Finished training EB misspecified with NPMLE init, with in-sample MSE: 0.01071934342367428
Finished training EB misspecified, with SURE: 0.01931226431731302
Finished training EB misspecified, with in-sample MSE: 0.010723694793162077

 Training SURE of the models:
SURE-PM: 0.01931226431731302
NPMLE: 0.08618103385541649
SURE-PM, NPMLE init: 0.01931262494241997
experiment: e
Finished training EB misspecified with NPMLE init, with SURE: 0.13940044952914907
Finished training EB misspecified with NPMLE init, with in-sample MSE: 0.1675968138813515
Finished training EB misspecified, with SURE: 0.13941106545662055
Finished training EB misspecified, with in-sample MSE: 0.1676231981315684

 Training SURE of the models:
SURE-PM: 0.13941106545662055
NPMLE: 0.31638315065051226
SURE-PM, NPMLE init: 0.13940044952914907
m: 1086
n: 100
experiment: c
Finished training EB misspecified with NPMLE init, with SURE: 0.09792232922710369
Finished training EB misspecified with NPMLE init, with in-sample MSE: 0.08978069875072434
Finished training EB misspecified, with SURE: 0.09794366534988783
Finished training EB misspecified, with in-sample MSE: 0.0898995452652314

 Training SURE of the models:
SURE-PM: 0.09794366534988783
NPMLE: 0.7957120844363181
SURE-PM, NPMLE init: 0.09792232922710369
experiment: d
Finished training EB misspecified with NPMLE init, with SURE: -0.013381202010364905
Finished training EB misspecified with NPMLE init, with in-sample MSE: 0.016673670087348384
Finished training EB misspecified, with SURE: -0.01337762040303085
Finished training EB misspecified, with in-sample MSE: 0.016672024696626226

 Training SURE of the models:
SURE-PM: -0.01337762040303085
NPMLE: 0.015700471637799803
SURE-PM, NPMLE init: -0.013381202010364905
experiment: e
Finished training EB misspecified with NPMLE init, with SURE: 0.11753026991427014
Finished training EB misspecified with NPMLE init, with in-sample MSE: 0.24066703154685073
Finished training EB misspecified, with SURE: 0.12079954836831185
Finished training EB misspecified, with in-sample MSE: 0.24531017843732567

 Training SURE of the models:
SURE-PM: 0.12079954836831185
NPMLE: 0.34953940582866894
SURE-PM, NPMLE init: 0.11753026991427014
n: 400
experiment: c
Finished training EB misspecified with NPMLE init, with SURE: 0.019856823744713026
Finished training EB misspecified with NPMLE init, with in-sample MSE: 0.056962654815906115
Finished training EB misspecified, with SURE: 0.01986199336257805
Finished training EB misspecified, with in-sample MSE: 0.056959066216326786

 Training SURE of the models:
SURE-PM: 0.01986199336257805
NPMLE: 0.6718190314475697
SURE-PM, NPMLE init: 0.019856823744713026
experiment: d
Finished training EB misspecified with NPMLE init, with SURE: -0.01040284084257582
Finished training EB misspecified with NPMLE init, with in-sample MSE: 0.004227146534592144
Finished training EB misspecified, with SURE: -0.010402123448501594
Finished training EB misspecified, with in-sample MSE: 0.004235607882808917

 Training SURE of the models:
SURE-PM: -0.010402123448501594
NPMLE: 0.06460981722385468
SURE-PM, NPMLE init: -0.01040284084257582
experiment: e
Finished training EB misspecified with NPMLE init, with SURE: 0.1345476046272674
Finished training EB misspecified with NPMLE init, with in-sample MSE: 0.16939323598395706
Finished training EB misspecified, with SURE: 0.13456285584698457
Finished training EB misspecified, with in-sample MSE: 0.16939745104081397

 Training SURE of the models:
SURE-PM: 0.13456285584698457
NPMLE: 0.36273839921465706
SURE-PM, NPMLE init: 0.1345476046272674
m: 1087
n: 100
experiment: c
Finished training EB misspecified with NPMLE init, with SURE: -0.08798007802341125
Finished training EB misspecified with NPMLE init, with in-sample MSE: 0.0644540479568377
Finished training EB misspecified, with SURE: -0.08791381344883419
Finished training EB misspecified, with in-sample MSE: 0.06592811807261094

 Training SURE of the models:
SURE-PM: -0.08791381344883419
NPMLE: 0.910932577261436
SURE-PM, NPMLE init: -0.08798007802341125
experiment: d
Finished training EB misspecified with NPMLE init, with SURE: -0.03916182890605871
Finished training EB misspecified with NPMLE init, with in-sample MSE: 0.010884573615861622
Finished training EB misspecified, with SURE: -0.039161502459856015
Finished training EB misspecified, with in-sample MSE: 0.010884576582831429

 Training SURE of the models:
SURE-PM: -0.039161502459856015
NPMLE: -0.024174754624009313
SURE-PM, NPMLE init: -0.03916182890605871
experiment: e
Finished training EB misspecified with NPMLE init, with SURE: 0.052673390262604126
Finished training EB misspecified with NPMLE init, with in-sample MSE: 0.2110174789230408
Finished training EB misspecified, with SURE: 0.052676969950348644
Finished training EB misspecified, with in-sample MSE: 0.210950204742698

 Training SURE of the models:
SURE-PM: 0.052676969950348644
NPMLE: 0.502835496570935
SURE-PM, NPMLE init: 0.052673390262604126
n: 400
experiment: c
Finished training EB misspecified with NPMLE init, with SURE: 0.05900424330684451
Finished training EB misspecified with NPMLE init, with in-sample MSE: 0.09559901422470117
Finished training EB misspecified, with SURE: 0.05908959161014338
Finished training EB misspecified, with in-sample MSE: 0.09534347528173258

 Training SURE of the models:
SURE-PM: 0.05908959161014338
NPMLE: 0.8536047627336123
SURE-PM, NPMLE init: 0.05900424330684451
experiment: d
Finished training EB misspecified with NPMLE init, with SURE: -0.0042145552707641976
Finished training EB misspecified with NPMLE init, with in-sample MSE: 0.004577311552727265
Finished training EB misspecified, with SURE: -0.004210297730275503
Finished training EB misspecified, with in-sample MSE: 0.004573713705242704

 Training SURE of the models:
SURE-PM: -0.004210297730275503
NPMLE: 0.03537086938840042
SURE-PM, NPMLE init: -0.0042145552707641976
experiment: e
Finished training EB misspecified with NPMLE init, with SURE: 0.16521694668833564
Finished training EB misspecified with NPMLE init, with in-sample MSE: 0.17344755294824388
Finished training EB misspecified, with SURE: 0.16560231231755038
Finished training EB misspecified, with in-sample MSE: 0.1713691615367221

 Training SURE of the models:
SURE-PM: 0.16560231231755038
NPMLE: 0.33917221078606347
SURE-PM, NPMLE init: 0.16521694668833564
m: 1088
n: 100
experiment: c
Finished training EB misspecified with NPMLE init, with SURE: 0.10962377704316367
Finished training EB misspecified with NPMLE init, with in-sample MSE: 0.1293371244465258
Finished training EB misspecified, with SURE: 0.1098946392837307
Finished training EB misspecified, with in-sample MSE: 0.13312572036619463

 Training SURE of the models:
SURE-PM: 0.1098946392837307
NPMLE: 0.3530934891341154
SURE-PM, NPMLE init: 0.10962377704316367
experiment: d
Finished training EB misspecified with NPMLE init, with SURE: -0.015721060147284565
Finished training EB misspecified with NPMLE init, with in-sample MSE: 0.01614151594046118
Finished training EB misspecified, with SURE: -0.015715845422710758
Finished training EB misspecified, with in-sample MSE: 0.016133809918246776

 Training SURE of the models:
SURE-PM: -0.015715845422710758
NPMLE: 0.014129550104076093
SURE-PM, NPMLE init: -0.015721060147284565
experiment: e
Finished training EB misspecified with NPMLE init, with SURE: 0.125412270628048
Finished training EB misspecified with NPMLE init, with in-sample MSE: 0.24585627478088243
Finished training EB misspecified, with SURE: 0.12542516694589764
Finished training EB misspecified, with in-sample MSE: 0.2458544098503518

 Training SURE of the models:
SURE-PM: 0.12542516694589764
NPMLE: 0.28743399536026426
SURE-PM, NPMLE init: 0.125412270628048
n: 400
experiment: c
Finished training EB misspecified with NPMLE init, with SURE: 0.05334695611832906
Finished training EB misspecified with NPMLE init, with in-sample MSE: 0.06664333800555423
Finished training EB misspecified, with SURE: 0.053786872098414734
Finished training EB misspecified, with in-sample MSE: 0.06811930247240619

 Training SURE of the models:
SURE-PM: 0.053786872098414734
NPMLE: 1.03310741221376
SURE-PM, NPMLE init: 0.05334695611832906
experiment: d
Finished training EB misspecified with NPMLE init, with SURE: 0.010580987862211214
Finished training EB misspecified with NPMLE init, with in-sample MSE: 0.008931563934718606
Finished training EB misspecified, with SURE: 0.010582027462916166
Finished training EB misspecified, with in-sample MSE: 0.008938567251468982

 Training SURE of the models:
SURE-PM: 0.010582027462916166
NPMLE: 0.014769298883076409
SURE-PM, NPMLE init: 0.010580987862211214
experiment: e
Finished training EB misspecified with NPMLE init, with SURE: 0.1563017514372654
Finished training EB misspecified with NPMLE init, with in-sample MSE: 0.16630764843978582
Finished training EB misspecified, with SURE: 0.15631203175091096
Finished training EB misspecified, with in-sample MSE: 0.1663351543708872

 Training SURE of the models:
SURE-PM: 0.15631203175091096
NPMLE: 0.308065857428373
SURE-PM, NPMLE init: 0.1563017514372654
m: 1089
n: 100
experiment: c
Finished training EB misspecified with NPMLE init, with SURE: -0.10155806209891516
Finished training EB misspecified with NPMLE init, with in-sample MSE: 0.08928755382382414
Finished training EB misspecified, with SURE: -0.10155722586402462
Finished training EB misspecified, with in-sample MSE: 0.08928550372947473

 Training SURE of the models:
SURE-PM: -0.10155722586402462
NPMLE: 0.5080740873580288
SURE-PM, NPMLE init: -0.10155806209891516
experiment: d
Finished training EB misspecified with NPMLE init, with SURE: -0.012639790877622624
Finished training EB misspecified with NPMLE init, with in-sample MSE: 0.016703827452544596
Finished training EB misspecified, with SURE: -0.012637848175162603
Finished training EB misspecified, with in-sample MSE: 0.016689953753017822

 Training SURE of the models:
SURE-PM: -0.012637848175162603
NPMLE: 0.0033203362944698787
SURE-PM, NPMLE init: -0.012639790877622624
experiment: e
Finished training EB misspecified with NPMLE init, with SURE: 0.11614779785571046
Finished training EB misspecified with NPMLE init, with in-sample MSE: 0.22396209317933086
Finished training EB misspecified, with SURE: 0.11615787869931175
Finished training EB misspecified, with in-sample MSE: 0.2239623463547518

 Training SURE of the models:
SURE-PM: 0.11615787869931175
NPMLE: 0.3616900701152669
SURE-PM, NPMLE init: 0.11614779785571046
n: 400
experiment: c
Finished training EB misspecified with NPMLE init, with SURE: 0.05234171447393656
Finished training EB misspecified with NPMLE init, with in-sample MSE: 0.05596273354758386
Finished training EB misspecified, with SURE: 0.05234481778166391
Finished training EB misspecified, with in-sample MSE: 0.055962754401643736

 Training SURE of the models:
SURE-PM: 0.05234481778166391
NPMLE: 0.4177540613870236
SURE-PM, NPMLE init: 0.05234171447393656
experiment: d
Finished training EB misspecified with NPMLE init, with SURE: -0.0006701677134354611
Finished training EB misspecified with NPMLE init, with in-sample MSE: 0.017464952936776613
Finished training EB misspecified, with SURE: 0.008204955045428904
Finished training EB misspecified, with in-sample MSE: 0.006929826841568247

 Training SURE of the models:
SURE-PM: 0.008204955045428904
NPMLE: 0.14138446248043482
SURE-PM, NPMLE init: -0.0006701677134354611
experiment: e
Finished training EB misspecified with NPMLE init, with SURE: 0.15469353213982553
Finished training EB misspecified with NPMLE init, with in-sample MSE: 0.1731420783728329
Finished training EB misspecified, with SURE: 0.15469445564454243
Finished training EB misspecified, with in-sample MSE: 0.17311830128035097

 Training SURE of the models:
SURE-PM: 0.15469445564454243
NPMLE: 0.3121975717964995
SURE-PM, NPMLE init: 0.15469353213982553
m: 1090
n: 100
experiment: c
Finished training EB misspecified with NPMLE init, with SURE: 0.09150978015036153
Finished training EB misspecified with NPMLE init, with in-sample MSE: 0.0570008549435322
Finished training EB misspecified, with SURE: 0.09153913942747571
Finished training EB misspecified, with in-sample MSE: 0.05698143336421468

 Training SURE of the models:
SURE-PM: 0.09153913942747571
NPMLE: 0.47765561195191053
SURE-PM, NPMLE init: 0.09150978015036153
experiment: d
Finished training EB misspecified with NPMLE init, with SURE: 0.019681289188194864
Finished training EB misspecified with NPMLE init, with in-sample MSE: 0.013548432695311247
Finished training EB misspecified, with SURE: 0.019681468500338167
Finished training EB misspecified, with in-sample MSE: 0.013547857817816967

 Training SURE of the models:
SURE-PM: 0.019681468500338167
NPMLE: 0.17703534112640484
SURE-PM, NPMLE init: 0.019681289188194864
experiment: e
Finished training EB misspecified with NPMLE init, with SURE: 0.1498251363837931
Finished training EB misspecified with NPMLE init, with in-sample MSE: 0.21858422257191898
Finished training EB misspecified, with SURE: 0.14982625567255745
Finished training EB misspecified, with in-sample MSE: 0.21887650279781806

 Training SURE of the models:
SURE-PM: 0.14982625567255745
NPMLE: 0.298915782685644
SURE-PM, NPMLE init: 0.1498251363837931
n: 400
experiment: c
Finished training EB misspecified with NPMLE init, with SURE: 0.0337726133735832
Finished training EB misspecified with NPMLE init, with in-sample MSE: 0.06654807900133396
Finished training EB misspecified, with SURE: 0.03380241942873525
Finished training EB misspecified, with in-sample MSE: 0.0664897075956107

 Training SURE of the models:
SURE-PM: 0.03380241942873525
NPMLE: 0.5849595494810864
SURE-PM, NPMLE init: 0.0337726133735832
experiment: d
Finished training EB misspecified with NPMLE init, with SURE: -0.004441490569044771
Finished training EB misspecified with NPMLE init, with in-sample MSE: 0.0048790040291203955
Finished training EB misspecified, with SURE: -0.004431631741163767
Finished training EB misspecified, with in-sample MSE: 0.0048749895528815475

 Training SURE of the models:
SURE-PM: -0.004431631741163767
NPMLE: 0.026186327573537033
SURE-PM, NPMLE init: -0.004441490569044771
experiment: e
Finished training EB misspecified with NPMLE init, with SURE: 0.17005738728408673
Finished training EB misspecified with NPMLE init, with in-sample MSE: 0.17786201180882755
Finished training EB misspecified, with SURE: 0.17006035239269734
Finished training EB misspecified, with in-sample MSE: 0.1778830503324212

 Training SURE of the models:
SURE-PM: 0.17006035239269734
NPMLE: 0.3843358814601402
SURE-PM, NPMLE init: 0.17005738728408673
m: 1091
n: 100
experiment: c
Finished training EB misspecified with NPMLE init, with SURE: -0.01882648825114444
Finished training EB misspecified with NPMLE init, with in-sample MSE: 0.06226565697540886
Finished training EB misspecified, with SURE: -0.018793840977542615
Finished training EB misspecified, with in-sample MSE: 0.06226978605782835

 Training SURE of the models:
SURE-PM: -0.018793840977542615
NPMLE: 0.7849513063284698
SURE-PM, NPMLE init: -0.01882648825114444
experiment: d
Finished training EB misspecified with NPMLE init, with SURE: -0.021926003342739763
Finished training EB misspecified with NPMLE init, with in-sample MSE: 0.006839572717428176
Finished training EB misspecified, with SURE: -0.021925791105785172
Finished training EB misspecified, with in-sample MSE: 0.006839549411395247

 Training SURE of the models:
SURE-PM: -0.021925791105785172
NPMLE: 0.03706985560928077
SURE-PM, NPMLE init: -0.021926003342739763
experiment: e
Finished training EB misspecified with NPMLE init, with SURE: 0.07884305732062245
Finished training EB misspecified with NPMLE init, with in-sample MSE: 0.1994536478591984
Finished training EB misspecified, with SURE: 0.0788509915260203
Finished training EB misspecified, with in-sample MSE: 0.1994730009477139

 Training SURE of the models:
SURE-PM: 0.0788509915260203
NPMLE: 0.38415901531751684
SURE-PM, NPMLE init: 0.07884305732062245
n: 400
experiment: c
Finished training EB misspecified with NPMLE init, with SURE: 0.06904166741497945
Finished training EB misspecified with NPMLE init, with in-sample MSE: 0.058799378189144214
Finished training EB misspecified, with SURE: 0.06909695899113949
Finished training EB misspecified, with in-sample MSE: 0.058727129371949405

 Training SURE of the models:
SURE-PM: 0.06909695899113949
NPMLE: 0.7553857381564894
SURE-PM, NPMLE init: 0.06904166741497945
experiment: d
Finished training EB misspecified with NPMLE init, with SURE: 0.0071212402215704
Finished training EB misspecified with NPMLE init, with in-sample MSE: 0.005135210094654619
Finished training EB misspecified, with SURE: 0.006794689085989276
Finished training EB misspecified, with in-sample MSE: 0.00510785273950084

 Training SURE of the models:
SURE-PM: 0.006794689085989276
NPMLE: 0.1341169659314412
SURE-PM, NPMLE init: 0.0071212402215704
experiment: e
Finished training EB misspecified with NPMLE init, with SURE: 0.15327032090867548
Finished training EB misspecified with NPMLE init, with in-sample MSE: 0.16795190159684953
Finished training EB misspecified, with SURE: 0.1532759313244334
Finished training EB misspecified, with in-sample MSE: 0.16795345884222435

 Training SURE of the models:
SURE-PM: 0.1532759313244334
NPMLE: 0.34270286819827617
SURE-PM, NPMLE init: 0.15327032090867548
m: 1092
n: 100
experiment: c
Finished training EB misspecified with NPMLE init, with SURE: 0.04844119585711226
Finished training EB misspecified with NPMLE init, with in-sample MSE: 0.10338498395016177
Finished training EB misspecified, with SURE: 0.04845621476794577
Finished training EB misspecified, with in-sample MSE: 0.1033517185621465

 Training SURE of the models:
SURE-PM: 0.04845621476794577
NPMLE: 0.7945520731011351
SURE-PM, NPMLE init: 0.04844119585711226
experiment: d
Finished training EB misspecified with NPMLE init, with SURE: 0.007465799979618027
Finished training EB misspecified with NPMLE init, with in-sample MSE: 0.010445078808922951
Finished training EB misspecified, with SURE: 0.0074659166106507335
Finished training EB misspecified, with in-sample MSE: 0.01044508051552446

 Training SURE of the models:
SURE-PM: 0.0074659166106507335
NPMLE: 0.18619295016328993
SURE-PM, NPMLE init: 0.007465799979618027
experiment: e
Finished training EB misspecified with NPMLE init, with SURE: 0.13799404634612175
Finished training EB misspecified with NPMLE init, with in-sample MSE: 0.16488855606558642
Finished training EB misspecified, with SURE: 0.13800246466837315
Finished training EB misspecified, with in-sample MSE: 0.1648732031724394

 Training SURE of the models:
SURE-PM: 0.13800246466837315
NPMLE: 0.28299649602218363
SURE-PM, NPMLE init: 0.13799404634612175
n: 400
experiment: c
Finished training EB misspecified with NPMLE init, with SURE: 0.03774751291988899
Finished training EB misspecified with NPMLE init, with in-sample MSE: 0.05595822616719689
Finished training EB misspecified, with SURE: 0.037751348860094326
Finished training EB misspecified, with in-sample MSE: 0.055958775120742967

 Training SURE of the models:
SURE-PM: 0.037751348860094326
NPMLE: 0.6150637883836786
SURE-PM, NPMLE init: 0.03774751291988899
experiment: d
Finished training EB misspecified with NPMLE init, with SURE: 0.015153768241976576
Finished training EB misspecified with NPMLE init, with in-sample MSE: 0.0067174443665080665
Finished training EB misspecified, with SURE: 0.015154043082619034
Finished training EB misspecified, with in-sample MSE: 0.006717230281102145

 Training SURE of the models:
SURE-PM: 0.015154043082619034
NPMLE: 0.2268646957418602
SURE-PM, NPMLE init: 0.015153768241976576
experiment: e
Finished training EB misspecified with NPMLE init, with SURE: 0.15373295561684308
Finished training EB misspecified with NPMLE init, with in-sample MSE: 0.1685432231461991
Finished training EB misspecified, with SURE: 0.15373623392395167
Finished training EB misspecified, with in-sample MSE: 0.16854680471111222

 Training SURE of the models:
SURE-PM: 0.15373623392395167
NPMLE: 0.3511280100755587
SURE-PM, NPMLE init: 0.15373295561684308
m: 1093
n: 100
experiment: c
Finished training EB misspecified with NPMLE init, with SURE: 0.06271722208833061
Finished training EB misspecified with NPMLE init, with in-sample MSE: 0.09274933915745492
Finished training EB misspecified, with SURE: 0.06272427671646376
Finished training EB misspecified, with in-sample MSE: 0.09276296273693442

 Training SURE of the models:
SURE-PM: 0.06272427671646376
NPMLE: 0.4817248490187933
SURE-PM, NPMLE init: 0.06271722208833061
experiment: d
Finished training EB misspecified with NPMLE init, with SURE: -0.00523255704657732
Finished training EB misspecified with NPMLE init, with in-sample MSE: 0.004831322733388225
Finished training EB misspecified, with SURE: -0.005232287336878479
Finished training EB misspecified, with in-sample MSE: 0.0048312900955479795

 Training SURE of the models:
SURE-PM: -0.005232287336878479
NPMLE: 0.034116671707189725
SURE-PM, NPMLE init: -0.00523255704657732
experiment: e
Finished training EB misspecified with NPMLE init, with SURE: 0.16173600413793637
Finished training EB misspecified with NPMLE init, with in-sample MSE: 0.2271822323198323
Finished training EB misspecified, with SURE: 0.1617426500236187
Finished training EB misspecified, with in-sample MSE: 0.2271832768843488

 Training SURE of the models:
SURE-PM: 0.1617426500236187
NPMLE: 0.2879373502681755
SURE-PM, NPMLE init: 0.16173600413793637
n: 400
experiment: c
Finished training EB misspecified with NPMLE init, with SURE: 0.09902871651274615
Finished training EB misspecified with NPMLE init, with in-sample MSE: 0.05719176490699871
Finished training EB misspecified, with SURE: 0.09903461739143474
Finished training EB misspecified, with in-sample MSE: 0.05718453871455303

 Training SURE of the models:
SURE-PM: 0.09903461739143474
NPMLE: 0.558172175164922
SURE-PM, NPMLE init: 0.09902871651274615
experiment: d
Finished training EB misspecified with NPMLE init, with SURE: 0.003874448489874336
Finished training EB misspecified with NPMLE init, with in-sample MSE: 0.009588958405175634
Finished training EB misspecified, with SURE: 0.0038939724690475156
Finished training EB misspecified, with in-sample MSE: 0.009728047620710238

 Training SURE of the models:
SURE-PM: 0.0038939724690475156
NPMLE: 0.06211136328327521
SURE-PM, NPMLE init: 0.003874448489874336
experiment: e
Finished training EB misspecified with NPMLE init, with SURE: 0.1686110818962748
Finished training EB misspecified with NPMLE init, with in-sample MSE: 0.17399923942966486
Finished training EB misspecified, with SURE: 0.1686204979251968
Finished training EB misspecified, with in-sample MSE: 0.17398304782998064

 Training SURE of the models:
SURE-PM: 0.1686204979251968
NPMLE: 0.3099447068404189
SURE-PM, NPMLE init: 0.1686110818962748
m: 1094
n: 100
experiment: c
Finished training EB misspecified with NPMLE init, with SURE: 0.0693604574110104
Finished training EB misspecified with NPMLE init, with in-sample MSE: 0.05063686523886175
Finished training EB misspecified, with SURE: 0.06938001366184793
Finished training EB misspecified, with in-sample MSE: 0.050632491679166794

 Training SURE of the models:
SURE-PM: 0.06938001366184793
NPMLE: 0.5119831037772711
SURE-PM, NPMLE init: 0.0693604574110104
experiment: d
Finished training EB misspecified with NPMLE init, with SURE: -0.003480267657181031
Finished training EB misspecified with NPMLE init, with in-sample MSE: 0.0064281958809589024
Finished training EB misspecified, with SURE: -0.0034798463758864886
Finished training EB misspecified, with in-sample MSE: 0.006428090536146331

 Training SURE of the models:
SURE-PM: -0.0034798463758864886
NPMLE: 0.03310819822804596
SURE-PM, NPMLE init: -0.003480267657181031
experiment: e
Finished training EB misspecified with NPMLE init, with SURE: 0.0725971407024299
Finished training EB misspecified with NPMLE init, with in-sample MSE: 0.19981235178186954
Finished training EB misspecified, with SURE: 0.07227140148545357
Finished training EB misspecified, with in-sample MSE: 0.1972819429127302

 Training SURE of the models:
SURE-PM: 0.07227140148545357
NPMLE: 0.46806057040483345
SURE-PM, NPMLE init: 0.0725971407024299
n: 400
experiment: c
Finished training EB misspecified with NPMLE init, with SURE: 0.056314689071573554
Finished training EB misspecified with NPMLE init, with in-sample MSE: 0.053631639300169634
Finished training EB misspecified, with SURE: 0.05451901197130155
Finished training EB misspecified, with in-sample MSE: 0.06024420494770325

 Training SURE of the models:
SURE-PM: 0.05451901197130155
NPMLE: 0.7423633687491353
SURE-PM, NPMLE init: 0.056314689071573554
experiment: d
Finished training EB misspecified with NPMLE init, with SURE: -0.006162731656305205
Finished training EB misspecified with NPMLE init, with in-sample MSE: 0.008368297158925533
Finished training EB misspecified, with SURE: -0.006162808069756593
Finished training EB misspecified, with in-sample MSE: 0.008368374251445997

 Training SURE of the models:
SURE-PM: -0.006162808069756593
NPMLE: 0.16442429473367529
SURE-PM, NPMLE init: -0.006162731656305205
experiment: e
Finished training EB misspecified with NPMLE init, with SURE: 0.1531680982061322
Finished training EB misspecified with NPMLE init, with in-sample MSE: 0.1857097613171658
Finished training EB misspecified, with SURE: 0.15317572043639008
Finished training EB misspecified, with in-sample MSE: 0.18575341488665006

 Training SURE of the models:
SURE-PM: 0.15317572043639008
NPMLE: 0.3570548472274626
SURE-PM, NPMLE init: 0.1531680982061322
m: 1095
n: 100
experiment: c
Finished training EB misspecified with NPMLE init, with SURE: -0.032770796682721086
Finished training EB misspecified with NPMLE init, with in-sample MSE: 0.05542340848959806
Finished training EB misspecified, with SURE: -0.03176204548676765
Finished training EB misspecified, with in-sample MSE: 0.05672677811003997

 Training SURE of the models:
SURE-PM: -0.03176204548676765
NPMLE: 0.42590633641320735
SURE-PM, NPMLE init: -0.032770796682721086
experiment: d
Finished training EB misspecified with NPMLE init, with SURE: -0.026709477905410638
Finished training EB misspecified with NPMLE init, with in-sample MSE: 0.005405768656412303
Finished training EB misspecified, with SURE: -0.02670877672677824
Finished training EB misspecified, with in-sample MSE: 0.00540579304316757

 Training SURE of the models:
SURE-PM: -0.02670877672677824
NPMLE: -0.015477668185188288
SURE-PM, NPMLE init: -0.026709477905410638
experiment: e
Finished training EB misspecified with NPMLE init, with SURE: 0.10466144712384029
Finished training EB misspecified with NPMLE init, with in-sample MSE: 0.16637688992690042
Finished training EB misspecified, with SURE: 0.10465956658120724
Finished training EB misspecified, with in-sample MSE: 0.16640269296666177

 Training SURE of the models:
SURE-PM: 0.10465956658120724
NPMLE: 0.2739956057356163
SURE-PM, NPMLE init: 0.10466144712384029
n: 400
experiment: c
Finished training EB misspecified with NPMLE init, with SURE: 0.013818244225553613
Finished training EB misspecified with NPMLE init, with in-sample MSE: 0.06178869142135421
Finished training EB misspecified, with SURE: 0.0138232435894232
Finished training EB misspecified, with in-sample MSE: 0.061784289264169824

 Training SURE of the models:
SURE-PM: 0.0138232435894232
NPMLE: 0.5798425547084214
SURE-PM, NPMLE init: 0.013818244225553613
experiment: d
Finished training EB misspecified with NPMLE init, with SURE: 0.012067287107988935
Finished training EB misspecified with NPMLE init, with in-sample MSE: 0.05105398636148834
Finished training EB misspecified, with SURE: 0.012071122254730077
Finished training EB misspecified, with in-sample MSE: 0.051042235518653764

 Training SURE of the models:
SURE-PM: 0.012071122254730077
NPMLE: 0.278761695403583
SURE-PM, NPMLE init: 0.012067287107988935
experiment: e
Finished training EB misspecified with NPMLE init, with SURE: 0.17172697433578812
Finished training EB misspecified with NPMLE init, with in-sample MSE: 0.18414499479753793
Finished training EB misspecified, with SURE: 0.17135579999074196
Finished training EB misspecified, with in-sample MSE: 0.18005874156382323

 Training SURE of the models:
SURE-PM: 0.17135579999074196
NPMLE: 0.3207888728474455
SURE-PM, NPMLE init: 0.17172697433578812
m: 1096
n: 100
experiment: c
Finished training EB misspecified with NPMLE init, with SURE: 0.11341466499859024
Finished training EB misspecified with NPMLE init, with in-sample MSE: 0.2323086201275484
Finished training EB misspecified, with SURE: 0.11342992680735649
Finished training EB misspecified, with in-sample MSE: 0.23232204127628495

 Training SURE of the models:
SURE-PM: 0.11342992680735649
NPMLE: 0.8670508759089564
SURE-PM, NPMLE init: 0.11341466499859024
experiment: d
Finished training EB misspecified with NPMLE init, with SURE: -0.02065719324069523
Finished training EB misspecified with NPMLE init, with in-sample MSE: 0.007990369218903998
Finished training EB misspecified, with SURE: -0.020656945118885234
Finished training EB misspecified, with in-sample MSE: 0.007990221273738449

 Training SURE of the models:
SURE-PM: -0.020656945118885234
NPMLE: 0.02491686626220348
SURE-PM, NPMLE init: -0.02065719324069523
experiment: e
Finished training EB misspecified with NPMLE init, with SURE: 0.13872822845229812
Finished training EB misspecified with NPMLE init, with in-sample MSE: 0.2179223750334582
Finished training EB misspecified, with SURE: 0.13873688992547373
Finished training EB misspecified, with in-sample MSE: 0.21791415521492538

 Training SURE of the models:
SURE-PM: 0.13873688992547373
NPMLE: 0.40765966635958933
SURE-PM, NPMLE init: 0.13872822845229812
n: 400
experiment: c
Finished training EB misspecified with NPMLE init, with SURE: -0.011116736631993475
Finished training EB misspecified with NPMLE init, with in-sample MSE: 0.05940734826355017
Finished training EB misspecified, with SURE: -0.011109335809962104
Finished training EB misspecified, with in-sample MSE: 0.05941804905762514

 Training SURE of the models:
SURE-PM: -0.011109335809962104
NPMLE: 0.3701326251897087
SURE-PM, NPMLE init: -0.011116736631993475
experiment: d
Finished training EB misspecified with NPMLE init, with SURE: 0.0011114773365444642
Finished training EB misspecified with NPMLE init, with in-sample MSE: 0.007344454394464156
Finished training EB misspecified, with SURE: 0.001113871718405708
Finished training EB misspecified, with in-sample MSE: 0.007337308080125212

 Training SURE of the models:
SURE-PM: 0.001113871718405708
NPMLE: 0.09393309845867671
SURE-PM, NPMLE init: 0.0011114773365444642
experiment: e
Finished training EB misspecified with NPMLE init, with SURE: 0.1754281868086695
Finished training EB misspecified with NPMLE init, with in-sample MSE: 0.1500366655538218
Finished training EB misspecified, with SURE: 0.175427093414632
Finished training EB misspecified, with in-sample MSE: 0.1500367669265364

 Training SURE of the models:
SURE-PM: 0.175427093414632
NPMLE: 0.3396566243975607
SURE-PM, NPMLE init: 0.1754281868086695
m: 1097
n: 100
experiment: c
Finished training EB misspecified with NPMLE init, with SURE: -0.08780704172279016
Finished training EB misspecified with NPMLE init, with in-sample MSE: 0.07531691961535256
Finished training EB misspecified, with SURE: -0.08780809308990513
Finished training EB misspecified, with in-sample MSE: 0.07533233539976174

 Training SURE of the models:
SURE-PM: -0.08780809308990513
NPMLE: 1.2897374379038025
SURE-PM, NPMLE init: -0.08780704172279016
experiment: d
Finished training EB misspecified with NPMLE init, with SURE: 0.0028283339487102134
Finished training EB misspecified with NPMLE init, with in-sample MSE: 0.004037325381701977
Finished training EB misspecified, with SURE: 0.002832446744082624
Finished training EB misspecified, with in-sample MSE: 0.004031927739190998

 Training SURE of the models:
SURE-PM: 0.002832446744082624
NPMLE: 0.02462149636767398
SURE-PM, NPMLE init: 0.0028283339487102134
experiment: e
Finished training EB misspecified with NPMLE init, with SURE: 0.051750569620401844
Finished training EB misspecified with NPMLE init, with in-sample MSE: 0.16371493137586957
Finished training EB misspecified, with SURE: 0.053663148247815755
Finished training EB misspecified, with in-sample MSE: 0.1647657278955373

 Training SURE of the models:
SURE-PM: 0.053663148247815755
NPMLE: 0.3199035838225488
SURE-PM, NPMLE init: 0.051750569620401844
n: 400
experiment: c
Finished training EB misspecified with NPMLE init, with SURE: 0.041985250702299054
Finished training EB misspecified with NPMLE init, with in-sample MSE: 0.09288008817144737
Finished training EB misspecified, with SURE: 0.04251932806543159
Finished training EB misspecified, with in-sample MSE: 0.0978232549103051

 Training SURE of the models:
SURE-PM: 0.04251932806543159
NPMLE: 0.7129605892065891
SURE-PM, NPMLE init: 0.041985250702299054
experiment: d
Finished training EB misspecified with NPMLE init, with SURE: 0.007061262626010851
Finished training EB misspecified with NPMLE init, with in-sample MSE: 0.00402086267223237
Finished training EB misspecified, with SURE: 0.007061564485533864
Finished training EB misspecified, with in-sample MSE: 0.004020461002809138

 Training SURE of the models:
SURE-PM: 0.007061564485533864
NPMLE: 0.10788916353722369
SURE-PM, NPMLE init: 0.007061262626010851
experiment: e
Finished training EB misspecified with NPMLE init, with SURE: 0.1597112624246273
Finished training EB misspecified with NPMLE init, with in-sample MSE: 0.15541899249840804
Finished training EB misspecified, with SURE: 0.1597107131843218
Finished training EB misspecified, with in-sample MSE: 0.15536378661618866

 Training SURE of the models:
SURE-PM: 0.1597107131843218
NPMLE: 0.35308565614513326
SURE-PM, NPMLE init: 0.1597112624246273
m: 1098
n: 100
experiment: c
Finished training EB misspecified with NPMLE init, with SURE: 0.07537017744317268
Finished training EB misspecified with NPMLE init, with in-sample MSE: 0.061309216688379825
Finished training EB misspecified, with SURE: 0.07538936102766669
Finished training EB misspecified, with in-sample MSE: 0.0613001167034083

 Training SURE of the models:
SURE-PM: 0.07538936102766669
NPMLE: 0.5889084543673772
SURE-PM, NPMLE init: 0.07537017744317268
experiment: d
Finished training EB misspecified with NPMLE init, with SURE: 0.012316626372179246
Finished training EB misspecified with NPMLE init, with in-sample MSE: 0.023821971060983476
Finished training EB misspecified, with SURE: 0.012319281830268576
Finished training EB misspecified, with in-sample MSE: 0.023811252451057963

 Training SURE of the models:
SURE-PM: 0.012319281830268576
NPMLE: 0.0301452489699982
SURE-PM, NPMLE init: 0.012316626372179246
experiment: e
Finished training EB misspecified with NPMLE init, with SURE: 0.12892422030973677
Finished training EB misspecified with NPMLE init, with in-sample MSE: 0.23958303337047712
Finished training EB misspecified, with SURE: 0.1289286775884895
Finished training EB misspecified, with in-sample MSE: 0.23973382193720633

 Training SURE of the models:
SURE-PM: 0.1289286775884895
NPMLE: 0.3684247170241023
SURE-PM, NPMLE init: 0.12892422030973677
n: 400
experiment: c
Finished training EB misspecified with NPMLE init, with SURE: 0.07512416710018549
Finished training EB misspecified with NPMLE init, with in-sample MSE: 0.07820196600701214
Finished training EB misspecified, with SURE: 0.07519821243972849
Finished training EB misspecified, with in-sample MSE: 0.07812950290651297

 Training SURE of the models:
SURE-PM: 0.07519821243972849
NPMLE: 0.6202686289874575
SURE-PM, NPMLE init: 0.07512416710018549
experiment: d
Finished training EB misspecified with NPMLE init, with SURE: -0.0004830117339742124
Finished training EB misspecified with NPMLE init, with in-sample MSE: 0.00447496590550465
Finished training EB misspecified, with SURE: -0.000483604242157476
Finished training EB misspecified, with in-sample MSE: 0.004461743992089544

 Training SURE of the models:
SURE-PM: -0.000483604242157476
NPMLE: 0.03676367852897991
SURE-PM, NPMLE init: -0.0004830117339742124
experiment: e
Finished training EB misspecified with NPMLE init, with SURE: 0.12876116553592099
Finished training EB misspecified with NPMLE init, with in-sample MSE: 0.18261476598196735
Finished training EB misspecified, with SURE: 0.12878324654447376
Finished training EB misspecified, with in-sample MSE: 0.18259903754501405

 Training SURE of the models:
SURE-PM: 0.12878324654447376
NPMLE: 0.30870208301595875
SURE-PM, NPMLE init: 0.12876116553592099
m: 1099
n: 100
experiment: c
Finished training EB misspecified with NPMLE init, with SURE: -0.0809910242011238
Finished training EB misspecified with NPMLE init, with in-sample MSE: 0.07224828973281656
Finished training EB misspecified, with SURE: -0.08098773848739015
Finished training EB misspecified, with in-sample MSE: 0.0722432440263225

 Training SURE of the models:
SURE-PM: -0.08098773848739015
NPMLE: 0.9562674022240205
SURE-PM, NPMLE init: -0.0809910242011238
experiment: d
Finished training EB misspecified with NPMLE init, with SURE: 0.0008704990758980813
Finished training EB misspecified with NPMLE init, with in-sample MSE: 0.018514287737881264
Finished training EB misspecified, with SURE: 0.0008699308247690496
Finished training EB misspecified, with in-sample MSE: 0.01845725231789295

 Training SURE of the models:
SURE-PM: 0.0008699308247690496
NPMLE: 0.06083799583993608
SURE-PM, NPMLE init: 0.0008704990758980813
experiment: e
Finished training EB misspecified with NPMLE init, with SURE: 0.0903302166956022
Finished training EB misspecified with NPMLE init, with in-sample MSE: 0.1817566168942506
Finished training EB misspecified, with SURE: 0.09066709889547496
Finished training EB misspecified, with in-sample MSE: 0.1830833136121271

 Training SURE of the models:
SURE-PM: 0.09066709889547496
NPMLE: 0.3664984680865537
SURE-PM, NPMLE init: 0.0903302166956022
n: 400
experiment: c
Finished training EB misspecified with NPMLE init, with SURE: 0.07410343539975628
Finished training EB misspecified with NPMLE init, with in-sample MSE: 0.07985710010497563
Finished training EB misspecified, with SURE: 0.07414319826888552
Finished training EB misspecified, with in-sample MSE: 0.07977290407561441

 Training SURE of the models:
SURE-PM: 0.07414319826888552
NPMLE: 0.7695387668507688
SURE-PM, NPMLE init: 0.07410343539975628
experiment: d
Finished training EB misspecified with NPMLE init, with SURE: 0.004829899402136739
Finished training EB misspecified with NPMLE init, with in-sample MSE: 0.0060648758764479905
Finished training EB misspecified, with SURE: 0.004830085202569912
Finished training EB misspecified, with in-sample MSE: 0.00606463617359636

 Training SURE of the models:
SURE-PM: 0.004830085202569912
NPMLE: 0.03424442346378408
SURE-PM, NPMLE init: 0.004829899402136739
experiment: e
Finished training EB misspecified with NPMLE init, with SURE: 0.15538029159623087
Finished training EB misspecified with NPMLE init, with in-sample MSE: 0.2002087407265838
Finished training EB misspecified, with SURE: 0.15539053639275857
Finished training EB misspecified, with in-sample MSE: 0.20028977076611917

 Training SURE of the models:
SURE-PM: 0.15539053639275857
NPMLE: 0.3196924035190128
SURE-PM, NPMLE init: 0.15538029159623087
m: 1100
n: 100
experiment: c
Finished training EB misspecified with NPMLE init, with SURE: -0.13716783698245144
Finished training EB misspecified with NPMLE init, with in-sample MSE: 0.06953318564202066
Finished training EB misspecified, with SURE: -0.13716691480547064
Finished training EB misspecified, with in-sample MSE: 0.0695333146818839

 Training SURE of the models:
SURE-PM: -0.13716691480547064
NPMLE: 0.11178047361134454
SURE-PM, NPMLE init: -0.13716783698245144
experiment: d
Finished training EB misspecified with NPMLE init, with SURE: -0.023444273743163126
Finished training EB misspecified with NPMLE init, with in-sample MSE: 0.004640589348612733
Finished training EB misspecified, with SURE: -0.023443986414423055
Finished training EB misspecified, with in-sample MSE: 0.004640517664053242

 Training SURE of the models:
SURE-PM: -0.023443986414423055
NPMLE: 0.028399606385256994
SURE-PM, NPMLE init: -0.023444273743163126
experiment: e
Finished training EB misspecified with NPMLE init, with SURE: 0.09649542147947905
Finished training EB misspecified with NPMLE init, with in-sample MSE: 0.21185176706282438
Finished training EB misspecified, with SURE: 0.09650125947250374
Finished training EB misspecified, with in-sample MSE: 0.21185465379117147

 Training SURE of the models:
SURE-PM: 0.09650125947250374
NPMLE: 0.37322258281331655
SURE-PM, NPMLE init: 0.09649542147947905
n: 400
experiment: c
Finished training EB misspecified with NPMLE init, with SURE: 0.06012926959423581
Finished training EB misspecified with NPMLE init, with in-sample MSE: 0.058588762069558174
Finished training EB misspecified, with SURE: 0.06013444639886615
Finished training EB misspecified, with in-sample MSE: 0.05858711113182125

 Training SURE of the models:
SURE-PM: 0.06013444639886615
NPMLE: 0.537707295884852
SURE-PM, NPMLE init: 0.06012926959423581
experiment: d
Finished training EB misspecified with NPMLE init, with SURE: 0.007419679356285425
Finished training EB misspecified with NPMLE init, with in-sample MSE: 0.004619595032213568
Finished training EB misspecified, with SURE: 0.007420008199290713
Finished training EB misspecified, with in-sample MSE: 0.004619230142287966

 Training SURE of the models:
SURE-PM: 0.007420008199290713
NPMLE: 0.017734344846609566
SURE-PM, NPMLE init: 0.007419679356285425
experiment: e
Finished training EB misspecified with NPMLE init, with SURE: 0.16315142090813178
Finished training EB misspecified with NPMLE init, with in-sample MSE: 0.16632792510342068
Finished training EB misspecified, with SURE: 0.16316816144074264
Finished training EB misspecified, with in-sample MSE: 0.16629780683391704

 Training SURE of the models:
SURE-PM: 0.16316816144074264
NPMLE: 0.32853696471915883
SURE-PM, NPMLE init: 0.16315142090813178
m: 1101
n: 100
experiment: c
Finished training EB misspecified with NPMLE init, with SURE: 0.01227271396668435
Finished training EB misspecified with NPMLE init, with in-sample MSE: 0.13965086765844872
Finished training EB misspecified, with SURE: 0.016699477728249337
Finished training EB misspecified, with in-sample MSE: 0.08480578816251373

 Training SURE of the models:
SURE-PM: 0.016699477728249337
NPMLE: 0.8658919868554115
SURE-PM, NPMLE init: 0.01227271396668435
experiment: d
Finished training EB misspecified with NPMLE init, with SURE: -0.01660444142934466
Finished training EB misspecified with NPMLE init, with in-sample MSE: 0.004978106743909371
Finished training EB misspecified, with SURE: -0.01660388701950019
Finished training EB misspecified, with in-sample MSE: 0.004978083058172534

 Training SURE of the models:
SURE-PM: -0.01660388701950019
NPMLE: 0.08188831591699954
SURE-PM, NPMLE init: -0.01660444142934466
experiment: e
Finished training EB misspecified with NPMLE init, with SURE: 0.014822650515089677
Finished training EB misspecified with NPMLE init, with in-sample MSE: 0.17097080521787056
Finished training EB misspecified, with SURE: 0.014818372786960339
Finished training EB misspecified, with in-sample MSE: 0.1709864659340352

 Training SURE of the models:
SURE-PM: 0.014818372786960339
NPMLE: 0.40104563797184994
SURE-PM, NPMLE init: 0.014822650515089677
n: 400
experiment: c
Finished training EB misspecified with NPMLE init, with SURE: 0.011278177360344586
Finished training EB misspecified with NPMLE init, with in-sample MSE: 0.06837201558665172
Finished training EB misspecified, with SURE: 0.011316002000730309
Finished training EB misspecified, with in-sample MSE: 0.06845081720834457

 Training SURE of the models:
SURE-PM: 0.011316002000730309
NPMLE: 0.5025742743094104
SURE-PM, NPMLE init: 0.011278177360344586
experiment: d
Finished training EB misspecified with NPMLE init, with SURE: 0.016279571224329496
Finished training EB misspecified with NPMLE init, with in-sample MSE: 0.00534086708752174
Finished training EB misspecified, with SURE: 0.01627981341727649
Finished training EB misspecified, with in-sample MSE: 0.005340737723207487

 Training SURE of the models:
SURE-PM: 0.01627981341727649
NPMLE: 0.1072501966317019
SURE-PM, NPMLE init: 0.016279571224329496
experiment: e
Finished training EB misspecified with NPMLE init, with SURE: 0.13501112095510023
Finished training EB misspecified with NPMLE init, with in-sample MSE: 0.1563981759404798
Finished training EB misspecified, with SURE: 0.135021573710939
Finished training EB misspecified, with in-sample MSE: 0.1565207205477351

 Training SURE of the models:
SURE-PM: 0.135021573710939
NPMLE: 0.43264478085874614
SURE-PM, NPMLE init: 0.13501112095510023
m: 1102
n: 100
experiment: c
Finished training EB misspecified with NPMLE init, with SURE: -0.02183899203809503
Finished training EB misspecified with NPMLE init, with in-sample MSE: 0.11810850781990757
Finished training EB misspecified, with SURE: -0.022532228173602106
Finished training EB misspecified, with in-sample MSE: 0.11089566024622138

 Training SURE of the models:
SURE-PM: -0.022532228173602106
NPMLE: 0.30770416125361844
SURE-PM, NPMLE init: -0.02183899203809503
experiment: d
Finished training EB misspecified with NPMLE init, with SURE: 0.006857437425899527
Finished training EB misspecified with NPMLE init, with in-sample MSE: 0.024386793813756368
Finished training EB misspecified, with SURE: 0.006858859935444066
Finished training EB misspecified, with in-sample MSE: 0.024382991690289634

 Training SURE of the models:
SURE-PM: 0.006858859935444066
NPMLE: 0.103290632564865
SURE-PM, NPMLE init: 0.006857437425899527
experiment: e
Finished training EB misspecified with NPMLE init, with SURE: 0.11608445587497762
Finished training EB misspecified with NPMLE init, with in-sample MSE: 0.19454257221546942
Finished training EB misspecified, with SURE: 0.11609202085043513
Finished training EB misspecified, with in-sample MSE: 0.19454111309796648

 Training SURE of the models:
SURE-PM: 0.11609202085043513
NPMLE: 0.27462820602803684
SURE-PM, NPMLE init: 0.11608445587497762
n: 400
experiment: c
Finished training EB misspecified with NPMLE init, with SURE: 0.06536290550187232
Finished training EB misspecified with NPMLE init, with in-sample MSE: 0.06552394669016842
Finished training EB misspecified, with SURE: 0.06538954948785204
Finished training EB misspecified, with in-sample MSE: 0.06549425142754176

 Training SURE of the models:
SURE-PM: 0.06538954948785204
NPMLE: 0.4316842533375461
SURE-PM, NPMLE init: 0.06536290550187232
experiment: d
Finished training EB misspecified with NPMLE init, with SURE: -0.0012333752546117617
Finished training EB misspecified with NPMLE init, with in-sample MSE: 0.008694787794123408
Finished training EB misspecified, with SURE: -0.0012327343088601595
Finished training EB misspecified, with in-sample MSE: 0.008694318037917257

 Training SURE of the models:
SURE-PM: -0.0012327343088601595
NPMLE: 0.02732083240066423
SURE-PM, NPMLE init: -0.0012333752546117617
experiment: e
Finished training EB misspecified with NPMLE init, with SURE: 0.15564928254740387
Finished training EB misspecified with NPMLE init, with in-sample MSE: 0.2096477457030786
Finished training EB misspecified, with SURE: 0.15566742570503883
Finished training EB misspecified, with in-sample MSE: 0.20964284885754342

 Training SURE of the models:
SURE-PM: 0.15566742570503883
NPMLE: 0.31824011251843837
SURE-PM, NPMLE init: 0.15564928254740387
m: 1103
n: 100
experiment: c
Finished training EB misspecified with NPMLE init, with SURE: 0.1285632241752579
Finished training EB misspecified with NPMLE init, with in-sample MSE: 0.1274358059442851
Finished training EB misspecified, with SURE: 0.12857400221140253
Finished training EB misspecified, with in-sample MSE: 0.12742536179398697

 Training SURE of the models:
SURE-PM: 0.12857400221140253
NPMLE: 0.8070985134132396
SURE-PM, NPMLE init: 0.1285632241752579
experiment: d
Finished training EB misspecified with NPMLE init, with SURE: 0.022204923647844144
Finished training EB misspecified with NPMLE init, with in-sample MSE: 0.006843151675991265
Finished training EB misspecified, with SURE: 0.022205394392877532
Finished training EB misspecified, with in-sample MSE: 0.006835795852159735

 Training SURE of the models:
SURE-PM: 0.022205394392877532
NPMLE: 0.049576674190286635
SURE-PM, NPMLE init: 0.022204923647844144
experiment: e
Finished training EB misspecified with NPMLE init, with SURE: 0.14192334515392388
Finished training EB misspecified with NPMLE init, with in-sample MSE: 0.20030220070244653
Finished training EB misspecified, with SURE: 0.14192569181905207
Finished training EB misspecified, with in-sample MSE: 0.20030125781288521

 Training SURE of the models:
SURE-PM: 0.14192569181905207
NPMLE: 0.26127763819963
SURE-PM, NPMLE init: 0.14192334515392388
n: 400
experiment: c
Finished training EB misspecified with NPMLE init, with SURE: 0.07629729096674041
Finished training EB misspecified with NPMLE init, with in-sample MSE: 0.12477644641492722
Finished training EB misspecified, with SURE: 0.0762973967189746
Finished training EB misspecified, with in-sample MSE: 0.12479840312532753

 Training SURE of the models:
SURE-PM: 0.0762973967189746
NPMLE: 1.163378337231356
SURE-PM, NPMLE init: 0.07629729096674041
experiment: d
Finished training EB misspecified with NPMLE init, with SURE: 0.008031475269787763
Finished training EB misspecified with NPMLE init, with in-sample MSE: 0.0045656249086604124
Finished training EB misspecified, with SURE: 0.008031629775344573
Finished training EB misspecified, with in-sample MSE: 0.004565100263787868

 Training SURE of the models:
SURE-PM: 0.008031629775344573
NPMLE: 0.061524784183331675
SURE-PM, NPMLE init: 0.008031475269787763
experiment: e
Finished training EB misspecified with NPMLE init, with SURE: 0.15079454058268
Finished training EB misspecified with NPMLE init, with in-sample MSE: 0.1747404311972501
Finished training EB misspecified, with SURE: 0.15079615609687744
Finished training EB misspecified, with in-sample MSE: 0.17474169990750618

 Training SURE of the models:
SURE-PM: 0.15079615609687744
NPMLE: 0.33831072653471217
SURE-PM, NPMLE init: 0.15079454058268
m: 1104
n: 100
experiment: c
Finished training EB misspecified with NPMLE init, with SURE: -0.05947997482746921
Finished training EB misspecified with NPMLE init, with in-sample MSE: 0.05522906597283554
Finished training EB misspecified, with SURE: -0.0594679358029331
Finished training EB misspecified, with in-sample MSE: 0.05522899135161039

 Training SURE of the models:
SURE-PM: -0.0594679358029331
NPMLE: 0.48956519695855905
SURE-PM, NPMLE init: -0.05947997482746921
experiment: d
Finished training EB misspecified with NPMLE init, with SURE: -0.00772741669865928
Finished training EB misspecified with NPMLE init, with in-sample MSE: 0.0026527720229493623
Finished training EB misspecified, with SURE: -0.00772739664248233
Finished training EB misspecified, with in-sample MSE: 0.002652843644063913

 Training SURE of the models:
SURE-PM: -0.00772739664248233
NPMLE: 0.007090730100605747
SURE-PM, NPMLE init: -0.00772741669865928
experiment: e
Finished training EB misspecified with NPMLE init, with SURE: 0.12939546598021015
Finished training EB misspecified with NPMLE init, with in-sample MSE: 0.14287071798681342
Finished training EB misspecified, with SURE: 0.12939889582224998
Finished training EB misspecified, with in-sample MSE: 0.1428733906582272

 Training SURE of the models:
SURE-PM: 0.12939889582224998
NPMLE: 0.46690988068118083
SURE-PM, NPMLE init: 0.12939546598021015
n: 400
experiment: c
Finished training EB misspecified with NPMLE init, with SURE: 0.08616906287611059
Finished training EB misspecified with NPMLE init, with in-sample MSE: 0.0755074172062319
Finished training EB misspecified, with SURE: 0.08619483343257159
Finished training EB misspecified, with in-sample MSE: 0.07543348106790716

 Training SURE of the models:
SURE-PM: 0.08619483343257159
NPMLE: 0.49505509315565704
SURE-PM, NPMLE init: 0.08616906287611059
experiment: d
Finished training EB misspecified with NPMLE init, with SURE: 0.00025027485708335463
Finished training EB misspecified with NPMLE init, with in-sample MSE: 0.005604779291670225
Finished training EB misspecified, with SURE: 0.0002504144503193828
Finished training EB misspecified, with in-sample MSE: 0.005602232099100704

 Training SURE of the models:
SURE-PM: 0.0002504144503193828
NPMLE: 0.05236503844082408
SURE-PM, NPMLE init: 0.00025027485708335463
experiment: e
Finished training EB misspecified with NPMLE init, with SURE: 0.15807495033131078
Finished training EB misspecified with NPMLE init, with in-sample MSE: 0.18385760028930093
Finished training EB misspecified, with SURE: 0.15808612041885198
Finished training EB misspecified, with in-sample MSE: 0.18385355959616018

 Training SURE of the models:
SURE-PM: 0.15808612041885198
NPMLE: 0.3093618684302384
SURE-PM, NPMLE init: 0.15807495033131078
m: 1105
n: 100
experiment: c
Finished training EB misspecified with NPMLE init, with SURE: 0.030896183601274316
Finished training EB misspecified with NPMLE init, with in-sample MSE: 0.07590594800267111
Finished training EB misspecified, with SURE: 0.03090338334287381
Finished training EB misspecified, with in-sample MSE: 0.07592182517924251

 Training SURE of the models:
SURE-PM: 0.03090338334287381
NPMLE: 0.7614341989753595
SURE-PM, NPMLE init: 0.030896183601274316
experiment: d
Finished training EB misspecified with NPMLE init, with SURE: -0.0068742783423999575
Finished training EB misspecified with NPMLE init, with in-sample MSE: 0.005318136708593767
Finished training EB misspecified, with SURE: -0.006873932624524297
Finished training EB misspecified, with in-sample MSE: 0.005318072146804951

 Training SURE of the models:
SURE-PM: -0.006873932624524297
NPMLE: 0.010966670305343094
SURE-PM, NPMLE init: -0.0068742783423999575
experiment: e
Finished training EB misspecified with NPMLE init, with SURE: 0.16418278394651453
Finished training EB misspecified with NPMLE init, with in-sample MSE: 0.18046750787061078
Finished training EB misspecified, with SURE: 0.1641855774531468
Finished training EB misspecified, with in-sample MSE: 0.1804659224442522

 Training SURE of the models:
SURE-PM: 0.1641855774531468
NPMLE: 0.2844290079693974
SURE-PM, NPMLE init: 0.16418278394651453
n: 400
experiment: c
Finished training EB misspecified with NPMLE init, with SURE: 0.09759804007492803
Finished training EB misspecified with NPMLE init, with in-sample MSE: 0.0592772988517075
Finished training EB misspecified, with SURE: 0.0928214983923639
Finished training EB misspecified, with in-sample MSE: 0.0885820635153745

 Training SURE of the models:
SURE-PM: 0.0928214983923639
NPMLE: 0.22608404785260675
SURE-PM, NPMLE init: 0.09759804007492803
experiment: d
Finished training EB misspecified with NPMLE init, with SURE: -0.012079676708272835
Finished training EB misspecified with NPMLE init, with in-sample MSE: 0.004891961451712324
Finished training EB misspecified, with SURE: -0.012079432919221951
Finished training EB misspecified, with in-sample MSE: 0.004892118020944256

 Training SURE of the models:
SURE-PM: -0.012079432919221951
NPMLE: 0.061162203414401775
SURE-PM, NPMLE init: -0.012079676708272835
experiment: e
Finished training EB misspecified with NPMLE init, with SURE: 0.1471946954105505
Finished training EB misspecified with NPMLE init, with in-sample MSE: 0.1741496653137558
Finished training EB misspecified, with SURE: 0.1471888324915794
Finished training EB misspecified, with in-sample MSE: 0.17418551440207022

 Training SURE of the models:
SURE-PM: 0.1471888324915794
NPMLE: 0.3095435875928852
SURE-PM, NPMLE init: 0.1471946954105505
m: 1106
n: 100
experiment: c
Finished training EB misspecified with NPMLE init, with SURE: 0.012594891547535242
Finished training EB misspecified with NPMLE init, with in-sample MSE: 0.07255362179943046
Finished training EB misspecified, with SURE: 0.012898713875838297
Finished training EB misspecified, with in-sample MSE: 0.0778309269697166

 Training SURE of the models:
SURE-PM: 0.012898713875838297
NPMLE: 0.7828432382511338
SURE-PM, NPMLE init: 0.012594891547535242
experiment: d
Finished training EB misspecified with NPMLE init, with SURE: -0.017830173760272867
Finished training EB misspecified with NPMLE init, with in-sample MSE: 0.005967452864469518
Finished training EB misspecified, with SURE: -0.017829716857013445
Finished training EB misspecified, with in-sample MSE: 0.00596728985312036

 Training SURE of the models:
SURE-PM: -0.017829716857013445
NPMLE: 0.05557834292960212
SURE-PM, NPMLE init: -0.017830173760272867
experiment: e
Finished training EB misspecified with NPMLE init, with SURE: 0.1372040689779412
Finished training EB misspecified with NPMLE init, with in-sample MSE: 0.14568715597820164
Finished training EB misspecified, with SURE: 0.13720882552691124
Finished training EB misspecified, with in-sample MSE: 0.1457339079499533

 Training SURE of the models:
SURE-PM: 0.13720882552691124
NPMLE: 0.31377515667203437
SURE-PM, NPMLE init: 0.1372040689779412
n: 400
experiment: c
Finished training EB misspecified with NPMLE init, with SURE: 0.07783608800362096
Finished training EB misspecified with NPMLE init, with in-sample MSE: 0.062292315668084505
Finished training EB misspecified, with SURE: 0.07785242542123946
Finished training EB misspecified, with in-sample MSE: 0.062277735930549145

 Training SURE of the models:
SURE-PM: 0.07785242542123946
NPMLE: 0.5575020151435556
SURE-PM, NPMLE init: 0.07783608800362096
experiment: d
Finished training EB misspecified with NPMLE init, with SURE: 0.011024453609957786
Finished training EB misspecified with NPMLE init, with in-sample MSE: 0.0072271137970701645
Finished training EB misspecified, with SURE: 0.010901576834066305
Finished training EB misspecified, with in-sample MSE: 0.008317178126265524

 Training SURE of the models:
SURE-PM: 0.010901576834066305
NPMLE: 0.0469049987160329
SURE-PM, NPMLE init: 0.011024453609957786
experiment: e
Finished training EB misspecified with NPMLE init, with SURE: 0.17451396488902696
Finished training EB misspecified with NPMLE init, with in-sample MSE: 0.18712916637017596
Finished training EB misspecified, with SURE: 0.1745230948341915
Finished training EB misspecified, with in-sample MSE: 0.18709213965376886

 Training SURE of the models:
SURE-PM: 0.1745230948341915
NPMLE: 0.31670765949277746
SURE-PM, NPMLE init: 0.17451396488902696
m: 1107
n: 100
experiment: c
Finished training EB misspecified with NPMLE init, with SURE: -0.11078394514070133
Finished training EB misspecified with NPMLE init, with in-sample MSE: 0.10410058165094588
Finished training EB misspecified, with SURE: -0.1107842597816672
Finished training EB misspecified, with in-sample MSE: 0.10410945294690604

 Training SURE of the models:
SURE-PM: -0.1107842597816672
NPMLE: 0.3243728135237864
SURE-PM, NPMLE init: -0.11078394514070133
experiment: d
Finished training EB misspecified with NPMLE init, with SURE: 0.004033127038562885
Finished training EB misspecified with NPMLE init, with in-sample MSE: 0.0036205457062997433
Finished training EB misspecified, with SURE: 0.004033314757975433
Finished training EB misspecified, with in-sample MSE: 0.0036205234489657435

 Training SURE of the models:
SURE-PM: 0.004033314757975433
NPMLE: 0.026306873455804708
SURE-PM, NPMLE init: 0.004033127038562885
experiment: e
Finished training EB misspecified with NPMLE init, with SURE: 0.15174557051184476
Finished training EB misspecified with NPMLE init, with in-sample MSE: 0.18068545039616826
Finished training EB misspecified, with SURE: 0.15175486613724315
Finished training EB misspecified, with in-sample MSE: 0.18068598135496658

 Training SURE of the models:
SURE-PM: 0.15175486613724315
NPMLE: 0.2750349367886541
SURE-PM, NPMLE init: 0.15174557051184476
n: 400
experiment: c
Finished training EB misspecified with NPMLE init, with SURE: 0.0517957654900232
Finished training EB misspecified with NPMLE init, with in-sample MSE: 0.0586112516691773
Finished training EB misspecified, with SURE: 0.051848120421248964
Finished training EB misspecified, with in-sample MSE: 0.05857643090369593

 Training SURE of the models:
SURE-PM: 0.051848120421248964
NPMLE: 0.795942053914667
SURE-PM, NPMLE init: 0.0517957654900232
experiment: d
Finished training EB misspecified with NPMLE init, with SURE: -0.011708194217040458
Finished training EB misspecified with NPMLE init, with in-sample MSE: 0.004428984062323959
Finished training EB misspecified, with SURE: -0.011707953668620572
Finished training EB misspecified, with in-sample MSE: 0.0044288778235934394

 Training SURE of the models:
SURE-PM: -0.011707953668620572
NPMLE: 0.0028221387391537257
SURE-PM, NPMLE init: -0.011708194217040458
experiment: e
Finished training EB misspecified with NPMLE init, with SURE: 0.16579754428068888
Finished training EB misspecified with NPMLE init, with in-sample MSE: 0.1635085388544226
Finished training EB misspecified, with SURE: 0.16580505530560416
Finished training EB misspecified, with in-sample MSE: 0.16351496199256674

 Training SURE of the models:
SURE-PM: 0.16580505530560416
NPMLE: 0.3444772220831587
SURE-PM, NPMLE init: 0.16579754428068888
m: 1108
n: 100
experiment: c
Finished training EB misspecified with NPMLE init, with SURE: 0.09514386517290532
Finished training EB misspecified with NPMLE init, with in-sample MSE: 0.08462137901527333
Finished training EB misspecified, with SURE: 0.06735724432846261
Finished training EB misspecified, with in-sample MSE: 0.16749548256642036

 Training SURE of the models:
SURE-PM: 0.06735724432846261
NPMLE: 0.36893583064957985
SURE-PM, NPMLE init: 0.09514386517290532
experiment: d
Finished training EB misspecified with NPMLE init, with SURE: 0.020049059728645027
Finished training EB misspecified with NPMLE init, with in-sample MSE: 0.010040219211301736
Finished training EB misspecified, with SURE: 0.02004858263238358
Finished training EB misspecified, with in-sample MSE: 0.01003733605047722

 Training SURE of the models:
SURE-PM: 0.02004858263238358
NPMLE: 0.15342554404291378
SURE-PM, NPMLE init: 0.020049059728645027
experiment: e
Finished training EB misspecified with NPMLE init, with SURE: 0.12459000949627097
Finished training EB misspecified with NPMLE init, with in-sample MSE: 0.25750817696690986
Finished training EB misspecified, with SURE: 0.12459085681551742
Finished training EB misspecified, with in-sample MSE: 0.2575444491748846

 Training SURE of the models:
SURE-PM: 0.12459085681551742
NPMLE: 0.2928637557167908
SURE-PM, NPMLE init: 0.12459000949627097
n: 400
experiment: c
Finished training EB misspecified with NPMLE init, with SURE: 0.027121708197867918
Finished training EB misspecified with NPMLE init, with in-sample MSE: 0.053931469800806306
Finished training EB misspecified, with SURE: 0.02718738621918348
Finished training EB misspecified, with in-sample MSE: 0.05382291427163774

 Training SURE of the models:
SURE-PM: 0.02718738621918348
NPMLE: 0.7767000693743594
SURE-PM, NPMLE init: 0.027121708197867918
experiment: d
Finished training EB misspecified with NPMLE init, with SURE: -0.0009607154482893776
Finished training EB misspecified with NPMLE init, with in-sample MSE: 0.006103796444326739
Finished training EB misspecified, with SURE: -0.0009604335415132682
Finished training EB misspecified, with in-sample MSE: 0.006103638988645457

 Training SURE of the models:
SURE-PM: -0.0009604335415132682
NPMLE: 0.012410776119740454
SURE-PM, NPMLE init: -0.0009607154482893776
experiment: e
Finished training EB misspecified with NPMLE init, with SURE: 0.14443173752703486
Finished training EB misspecified with NPMLE init, with in-sample MSE: 0.17314948789539117
Finished training EB misspecified, with SURE: 0.14381886301897426
Finished training EB misspecified, with in-sample MSE: 0.16979674059030195

 Training SURE of the models:
SURE-PM: 0.14381886301897426
NPMLE: 0.32984379644532114
SURE-PM, NPMLE init: 0.14443173752703486
m: 1109
n: 100
experiment: c
Finished training EB misspecified with NPMLE init, with SURE: 0.07636362416595517
Finished training EB misspecified with NPMLE init, with in-sample MSE: 0.08166500093355239
Finished training EB misspecified, with SURE: 0.07638914146985712
Finished training EB misspecified, with in-sample MSE: 0.08161239958044154

 Training SURE of the models:
SURE-PM: 0.07638914146985712
NPMLE: 0.7266428657391322
SURE-PM, NPMLE init: 0.07636362416595517
experiment: d
Finished training EB misspecified with NPMLE init, with SURE: 0.028972196629967115
Finished training EB misspecified with NPMLE init, with in-sample MSE: 0.020142809802057578
Finished training EB misspecified, with SURE: 0.02897300818824011
Finished training EB misspecified, with in-sample MSE: 0.02014310680305398

 Training SURE of the models:
SURE-PM: 0.02897300818824011
NPMLE: 0.0611095267788129
SURE-PM, NPMLE init: 0.028972196629967115
experiment: e
Finished training EB misspecified with NPMLE init, with SURE: 0.14568339036951186
Finished training EB misspecified with NPMLE init, with in-sample MSE: 0.20479970645415813
Finished training EB misspecified, with SURE: 0.14569196567912485
Finished training EB misspecified, with in-sample MSE: 0.2048393766812383

 Training SURE of the models:
SURE-PM: 0.14569196567912485
NPMLE: 0.3743581281381316
SURE-PM, NPMLE init: 0.14568339036951186
n: 400
experiment: c
Finished training EB misspecified with NPMLE init, with SURE: 0.09282967938494224
Finished training EB misspecified with NPMLE init, with in-sample MSE: 0.061683518023341176
Finished training EB misspecified, with SURE: 0.09287723817882636
Finished training EB misspecified, with in-sample MSE: 0.06162979722998961

 Training SURE of the models:
SURE-PM: 0.09287723817882636
NPMLE: 0.37488250103951287
SURE-PM, NPMLE init: 0.09282967938494224
experiment: d
Finished training EB misspecified with NPMLE init, with SURE: 0.004371012080799055
Finished training EB misspecified with NPMLE init, with in-sample MSE: 0.008203052315990122
Finished training EB misspecified, with SURE: 0.004379123411562276
Finished training EB misspecified, with in-sample MSE: 0.008197299857378682

 Training SURE of the models:
SURE-PM: 0.004379123411562276
NPMLE: 0.09209078228723375
SURE-PM, NPMLE init: 0.004371012080799055
experiment: e
Finished training EB misspecified with NPMLE init, with SURE: 0.15884820813316744
Finished training EB misspecified with NPMLE init, with in-sample MSE: 0.18428113065318016
Finished training EB misspecified, with SURE: 0.15885258952596942
Finished training EB misspecified, with in-sample MSE: 0.18428414633866969

 Training SURE of the models:
SURE-PM: 0.15885258952596942
NPMLE: 0.3328391730230676
SURE-PM, NPMLE init: 0.15884820813316744
m: 1110
n: 100
experiment: c
Finished training EB misspecified with NPMLE init, with SURE: 0.07851084395666248
Finished training EB misspecified with NPMLE init, with in-sample MSE: 0.07764796500648816
Finished training EB misspecified, with SURE: 0.07851499668916595
Finished training EB misspecified, with in-sample MSE: 0.07764600241459135

 Training SURE of the models:
SURE-PM: 0.07851499668916595
NPMLE: 0.3431613305302888
SURE-PM, NPMLE init: 0.07851084395666248
experiment: d
Finished training EB misspecified with NPMLE init, with SURE: 0.009586686950291873
Finished training EB misspecified with NPMLE init, with in-sample MSE: 0.00842246663085755
Finished training EB misspecified, with SURE: 0.009586941193133
Finished training EB misspecified, with in-sample MSE: 0.008422365384368002

 Training SURE of the models:
SURE-PM: 0.009586941193133
NPMLE: 0.07578873074031335
SURE-PM, NPMLE init: 0.009586686950291873
experiment: e
Finished training EB misspecified with NPMLE init, with SURE: 0.1489851782399638
Finished training EB misspecified with NPMLE init, with in-sample MSE: 0.20962850698791055
Finished training EB misspecified, with SURE: 0.13489119384911546
Finished training EB misspecified, with in-sample MSE: 0.21839797304738526

 Training SURE of the models:
SURE-PM: 0.13489119384911546
NPMLE: 0.22307535101307058
SURE-PM, NPMLE init: 0.1489851782399638
n: 400
experiment: c
Finished training EB misspecified with NPMLE init, with SURE: 0.0433613973897338
Finished training EB misspecified with NPMLE init, with in-sample MSE: 0.06609718813532689
Finished training EB misspecified, with SURE: 0.0433655773842068
Finished training EB misspecified, with in-sample MSE: 0.06608925548785947

 Training SURE of the models:
SURE-PM: 0.0433655773842068
NPMLE: 0.5890558701617499
SURE-PM, NPMLE init: 0.0433613973897338
experiment: d
Finished training EB misspecified with NPMLE init, with SURE: 0.008139616113077288
Finished training EB misspecified with NPMLE init, with in-sample MSE: 0.006725124891212436
Finished training EB misspecified, with SURE: 0.008140162034819518
Finished training EB misspecified, with in-sample MSE: 0.006724511991779685

 Training SURE of the models:
SURE-PM: 0.008140162034819518
NPMLE: 0.10921895796875378
SURE-PM, NPMLE init: 0.008139616113077288
experiment: e
Finished training EB misspecified with NPMLE init, with SURE: 0.16469142527818142
Finished training EB misspecified with NPMLE init, with in-sample MSE: 0.1852478952624395
Finished training EB misspecified, with SURE: 0.16470335327464547
Finished training EB misspecified, with in-sample MSE: 0.18525055508061603

 Training SURE of the models:
SURE-PM: 0.16470335327464547
NPMLE: 0.28185695093023916
SURE-PM, NPMLE init: 0.16469142527818142
m: 1111
n: 100
experiment: c
Finished training EB misspecified with NPMLE init, with SURE: 0.07436088696986708
Finished training EB misspecified with NPMLE init, with in-sample MSE: 0.06646381719269287
Finished training EB misspecified, with SURE: 0.07436604900293241
Finished training EB misspecified, with in-sample MSE: 0.0664977696161531

 Training SURE of the models:
SURE-PM: 0.07436604900293241
NPMLE: 0.4611386354651109
SURE-PM, NPMLE init: 0.07436088696986708
experiment: d
Finished training EB misspecified with NPMLE init, with SURE: -0.019841614059209308
Finished training EB misspecified with NPMLE init, with in-sample MSE: 0.00790901173925402
Finished training EB misspecified, with SURE: -0.01984126006990282
Finished training EB misspecified, with in-sample MSE: 0.00790888093777813

 Training SURE of the models:
SURE-PM: -0.01984126006990282
NPMLE: -0.01879668486599485
SURE-PM, NPMLE init: -0.019841614059209308
experiment: e
Finished training EB misspecified with NPMLE init, with SURE: 0.17610336563874487
Finished training EB misspecified with NPMLE init, with in-sample MSE: 0.22547146026045609
Finished training EB misspecified, with SURE: 0.17611269757153383
Finished training EB misspecified, with in-sample MSE: 0.22545084539940993

 Training SURE of the models:
SURE-PM: 0.17611269757153383
NPMLE: 0.2906043285639662
SURE-PM, NPMLE init: 0.17610336563874487
n: 400
experiment: c
Finished training EB misspecified with NPMLE init, with SURE: 0.02154598903253813
Finished training EB misspecified with NPMLE init, with in-sample MSE: 0.053394394804627196
Finished training EB misspecified, with SURE: 0.02154996819429549
Finished training EB misspecified, with in-sample MSE: 0.053395803912502926

 Training SURE of the models:
SURE-PM: 0.02154996819429549
NPMLE: 0.35905453340789634
SURE-PM, NPMLE init: 0.02154598903253813
experiment: d
Finished training EB misspecified with NPMLE init, with SURE: -0.008963983960094382
Finished training EB misspecified with NPMLE init, with in-sample MSE: 0.005847248709481111
Finished training EB misspecified, with SURE: -0.00887345604831637
Finished training EB misspecified, with in-sample MSE: 0.005731091704277883

 Training SURE of the models:
SURE-PM: -0.00887345604831637
NPMLE: 0.007471813960949731
SURE-PM, NPMLE init: -0.008963983960094382
experiment: e
Finished training EB misspecified with NPMLE init, with SURE: 0.16617409773540112
Finished training EB misspecified with NPMLE init, with in-sample MSE: 0.20280674041162958
Finished training EB misspecified, with SURE: 0.1661817330865651
Finished training EB misspecified, with in-sample MSE: 0.20278502830934694

 Training SURE of the models:
SURE-PM: 0.1661817330865651
NPMLE: 0.34023257727221184
SURE-PM, NPMLE init: 0.16617409773540112
m: 1112
n: 100
experiment: c
Finished training EB misspecified with NPMLE init, with SURE: -0.14231054567680218
Finished training EB misspecified with NPMLE init, with in-sample MSE: 0.07755284437562873
Finished training EB misspecified, with SURE: -0.14230163327510453
Finished training EB misspecified, with in-sample MSE: 0.07752464474468593

 Training SURE of the models:
SURE-PM: -0.14230163327510453
NPMLE: 0.13857263093571434
SURE-PM, NPMLE init: -0.14231054567680218
experiment: d
Finished training EB misspecified with NPMLE init, with SURE: -0.014569881511299895
Finished training EB misspecified with NPMLE init, with in-sample MSE: 0.011122202135051258
Finished training EB misspecified, with SURE: -0.014569422503193898
Finished training EB misspecified, with in-sample MSE: 0.011122131754880995

 Training SURE of the models:
SURE-PM: -0.014569422503193898
NPMLE: -0.013086745876362951
SURE-PM, NPMLE init: -0.014569881511299895
experiment: e
Finished training EB misspecified with NPMLE init, with SURE: 0.055332952953350834
Finished training EB misspecified with NPMLE init, with in-sample MSE: 0.2049196028537828
Finished training EB misspecified, with SURE: 0.055342024976379176
Finished training EB misspecified, with in-sample MSE: 0.20494744981878962

 Training SURE of the models:
SURE-PM: 0.055342024976379176
NPMLE: 0.2501443164890489
SURE-PM, NPMLE init: 0.055332952953350834
n: 400
experiment: c
Finished training EB misspecified with NPMLE init, with SURE: 0.03461520167882803
Finished training EB misspecified with NPMLE init, with in-sample MSE: 0.05041947870712184
Finished training EB misspecified, with SURE: 0.03462210101433172
Finished training EB misspecified, with in-sample MSE: 0.05042954364595463

 Training SURE of the models:
SURE-PM: 0.03462210101433172
NPMLE: 0.2606835633315275
SURE-PM, NPMLE init: 0.03461520167882803
experiment: d
Finished training EB misspecified with NPMLE init, with SURE: 0.005457040060288083
Finished training EB misspecified with NPMLE init, with in-sample MSE: 0.005734486170812013
Finished training EB misspecified, with SURE: 0.0054575007292934075
Finished training EB misspecified, with in-sample MSE: 0.005733383895338045

 Training SURE of the models:
SURE-PM: 0.0054575007292934075
NPMLE: 0.0440473697398331
SURE-PM, NPMLE init: 0.005457040060288083
experiment: e
Finished training EB misspecified with NPMLE init, with SURE: 0.13463275582091047
Finished training EB misspecified with NPMLE init, with in-sample MSE: 0.20089482126287167
Finished training EB misspecified, with SURE: 0.1346538471065713
Finished training EB misspecified, with in-sample MSE: 0.2015374760648415

 Training SURE of the models:
SURE-PM: 0.1346538471065713
NPMLE: 0.31162615563724366
SURE-PM, NPMLE init: 0.13463275582091047
m: 1113
n: 100
experiment: c
Finished training EB misspecified with NPMLE init, with SURE: -0.011318245749098992
Finished training EB misspecified with NPMLE init, with in-sample MSE: 0.21637631028795512
Finished training EB misspecified, with SURE: -0.011306212067009795
Finished training EB misspecified, with in-sample MSE: 0.21625346773012205

 Training SURE of the models:
SURE-PM: -0.011306212067009795
NPMLE: 0.4168170770010113
SURE-PM, NPMLE init: -0.011318245749098992
experiment: d
Finished training EB misspecified with NPMLE init, with SURE: -0.025695689083051435
Finished training EB misspecified with NPMLE init, with in-sample MSE: 0.0053551514766374654
Finished training EB misspecified, with SURE: -0.025695286345710715
Finished training EB misspecified, with in-sample MSE: 0.005355173192812447

 Training SURE of the models:
SURE-PM: -0.025695286345710715
NPMLE: 0.011522630124558635
SURE-PM, NPMLE init: -0.025695689083051435
experiment: e
Finished training EB misspecified with NPMLE init, with SURE: 0.1593461312899278
Finished training EB misspecified with NPMLE init, with in-sample MSE: 0.2263309733054987
Finished training EB misspecified, with SURE: 0.15949004866542538
Finished training EB misspecified, with in-sample MSE: 0.22732748946823708

 Training SURE of the models:
SURE-PM: 0.15949004866542538
NPMLE: 0.3571026640223255
SURE-PM, NPMLE init: 0.1593461312899278
n: 400
experiment: c
Finished training EB misspecified with NPMLE init, with SURE: 0.02331236856882782
Finished training EB misspecified with NPMLE init, with in-sample MSE: 0.09682849244901348
Finished training EB misspecified, with SURE: 0.04370197810420038
Finished training EB misspecified, with in-sample MSE: 0.06207597701616213

 Training SURE of the models:
SURE-PM: 0.04370197810420038
NPMLE: 0.8840317345572447
SURE-PM, NPMLE init: 0.02331236856882782
experiment: d
Finished training EB misspecified with NPMLE init, with SURE: -0.002737114516683441
Finished training EB misspecified with NPMLE init, with in-sample MSE: 0.00693786609008446
Finished training EB misspecified, with SURE: -0.0027988715243830596
Finished training EB misspecified, with in-sample MSE: 0.006866999289952812

 Training SURE of the models:
SURE-PM: -0.0027988715243830596
NPMLE: 0.05980478037434071
SURE-PM, NPMLE init: -0.002737114516683441
experiment: e
Finished training EB misspecified with NPMLE init, with SURE: 0.14118033925854254
Finished training EB misspecified with NPMLE init, with in-sample MSE: 0.20188299192947817
Finished training EB misspecified, with SURE: 0.1406314639297145
Finished training EB misspecified, with in-sample MSE: 0.19785609430790582

 Training SURE of the models:
SURE-PM: 0.1406314639297145
NPMLE: 0.30520586969632046
SURE-PM, NPMLE init: 0.14118033925854254
m: 1114
n: 100
experiment: c
Finished training EB misspecified with NPMLE init, with SURE: -0.09663220101120346
Finished training EB misspecified with NPMLE init, with in-sample MSE: 0.06970442065603204
Finished training EB misspecified, with SURE: -0.09662838353775242
Finished training EB misspecified, with in-sample MSE: 0.07003452654308626

 Training SURE of the models:
SURE-PM: -0.09662838353775242
NPMLE: 0.3292603353924223
SURE-PM, NPMLE init: -0.09663220101120346
experiment: d
Finished training EB misspecified with NPMLE init, with SURE: 0.026825734453881867
Finished training EB misspecified with NPMLE init, with in-sample MSE: 0.01803546360299115
Finished training EB misspecified, with SURE: 0.026827450014898026
Finished training EB misspecified, with in-sample MSE: 0.01802938965779298

 Training SURE of the models:
SURE-PM: 0.026827450014898026
NPMLE: 0.03090816658573676
SURE-PM, NPMLE init: 0.026825734453881867
experiment: e
Finished training EB misspecified with NPMLE init, with SURE: 0.11564837881757516
Finished training EB misspecified with NPMLE init, with in-sample MSE: 0.34423596723282834
Finished training EB misspecified, with SURE: 0.11566187893314503
Finished training EB misspecified, with in-sample MSE: 0.34422981754015214

 Training SURE of the models:
SURE-PM: 0.11566187893314503
NPMLE: 0.42420344058619347
SURE-PM, NPMLE init: 0.11564837881757516
n: 400
experiment: c
Finished training EB misspecified with NPMLE init, with SURE: 0.02411312467028935
Finished training EB misspecified with NPMLE init, with in-sample MSE: 0.0558153894924491
Finished training EB misspecified, with SURE: 0.02411298948508595
Finished training EB misspecified, with in-sample MSE: 0.05581483815084574

 Training SURE of the models:
SURE-PM: 0.02411298948508595
NPMLE: 0.5600022028507666
SURE-PM, NPMLE init: 0.02411312467028935
experiment: d
Finished training EB misspecified with NPMLE init, with SURE: 0.012148135231818352
Finished training EB misspecified with NPMLE init, with in-sample MSE: 0.01252670990251255
Finished training EB misspecified, with SURE: 0.012158481248730695
Finished training EB misspecified, with in-sample MSE: 0.012542193674485003

 Training SURE of the models:
SURE-PM: 0.012158481248730695
NPMLE: 0.11537554175290221
SURE-PM, NPMLE init: 0.012148135231818352
experiment: e
Finished training EB misspecified with NPMLE init, with SURE: 0.17762922039435847
Finished training EB misspecified with NPMLE init, with in-sample MSE: 0.200601632991097
Finished training EB misspecified, with SURE: 0.17763622471666518
Finished training EB misspecified, with in-sample MSE: 0.20059860288559142

 Training SURE of the models:
SURE-PM: 0.17763622471666518
NPMLE: 0.3060449779635361
SURE-PM, NPMLE init: 0.17762922039435847
m: 1115
n: 100
experiment: c
Finished training EB misspecified with NPMLE init, with SURE: 0.10933457930258257
Finished training EB misspecified with NPMLE init, with in-sample MSE: 0.10740938933359362
Finished training EB misspecified, with SURE: 0.10934249226243367
Finished training EB misspecified, with in-sample MSE: 0.10741494476216135

 Training SURE of the models:
SURE-PM: 0.10934249226243367
NPMLE: 0.8398767343732253
SURE-PM, NPMLE init: 0.10933457930258257
experiment: d
Finished training EB misspecified with NPMLE init, with SURE: -0.009651585869520005
Finished training EB misspecified with NPMLE init, with in-sample MSE: 0.004348357798725627
Finished training EB misspecified, with SURE: -0.009530549118364285
Finished training EB misspecified, with in-sample MSE: 0.003994326138358069

 Training SURE of the models:
SURE-PM: -0.009530549118364285
NPMLE: 0.04448212181360019
SURE-PM, NPMLE init: -0.009651585869520005
experiment: e
Finished training EB misspecified with NPMLE init, with SURE: 0.10695566800289306
Finished training EB misspecified with NPMLE init, with in-sample MSE: 0.20815608515979708
Finished training EB misspecified, with SURE: 0.0914691900498628
Finished training EB misspecified, with in-sample MSE: 0.21417362168826823

 Training SURE of the models:
SURE-PM: 0.0914691900498628
NPMLE: 0.3118128746982974
SURE-PM, NPMLE init: 0.10695566800289306
n: 400
experiment: c
Finished training EB misspecified with NPMLE init, with SURE: 0.06485466102960678
Finished training EB misspecified with NPMLE init, with in-sample MSE: 0.05276576610966601
Finished training EB misspecified, with SURE: 0.06486565544472278
Finished training EB misspecified, with in-sample MSE: 0.05274713926434452

 Training SURE of the models:
SURE-PM: 0.06486565544472278
NPMLE: 0.6093267201161239
SURE-PM, NPMLE init: 0.06485466102960678
experiment: d
Finished training EB misspecified with NPMLE init, with SURE: -0.013186294970095975
Finished training EB misspecified with NPMLE init, with in-sample MSE: 0.004741632145043066
Finished training EB misspecified, with SURE: -0.013185764657358483
Finished training EB misspecified, with in-sample MSE: 0.004741591171768909

 Training SURE of the models:
SURE-PM: -0.013185764657358483
NPMLE: 0.004423668342290128
SURE-PM, NPMLE init: -0.013186294970095975
experiment: e
Finished training EB misspecified with NPMLE init, with SURE: 0.1606707312703222
Finished training EB misspecified with NPMLE init, with in-sample MSE: 0.1588305224552982
Finished training EB misspecified, with SURE: 0.16067863929081408
Finished training EB misspecified, with in-sample MSE: 0.15882572709750137

 Training SURE of the models:
SURE-PM: 0.16067863929081408
NPMLE: 0.30286835374297794
SURE-PM, NPMLE init: 0.1606707312703222
m: 1116
n: 100
experiment: c
Finished training EB misspecified with NPMLE init, with SURE: 0.05308153773132418
Finished training EB misspecified with NPMLE init, with in-sample MSE: 0.12080399563045967
Finished training EB misspecified, with SURE: 0.053131930393637464
Finished training EB misspecified, with in-sample MSE: 0.12212429993136045

 Training SURE of the models:
SURE-PM: 0.053131930393637464
NPMLE: 0.3155294857716096
SURE-PM, NPMLE init: 0.05308153773132418
experiment: d
Finished training EB misspecified with NPMLE init, with SURE: 0.01251602816539176
Finished training EB misspecified with NPMLE init, with in-sample MSE: 0.009893365105621069
Finished training EB misspecified, with SURE: 0.012516011290852128
Finished training EB misspecified, with in-sample MSE: 0.00989300462588477

 Training SURE of the models:
SURE-PM: 0.012516011290852128
NPMLE: 0.09237558264599223
SURE-PM, NPMLE init: 0.01251602816539176
experiment: e
Finished training EB misspecified with NPMLE init, with SURE: 0.13326452706497988
Finished training EB misspecified with NPMLE init, with in-sample MSE: 0.1743637605311746
Finished training EB misspecified, with SURE: 0.13014907929750918
Finished training EB misspecified, with in-sample MSE: 0.18052202797470515

 Training SURE of the models:
SURE-PM: 0.13014907929750918
NPMLE: 0.28275044424528034
SURE-PM, NPMLE init: 0.13326452706497988
n: 400
experiment: c
Finished training EB misspecified with NPMLE init, with SURE: 0.0677914203611354
Finished training EB misspecified with NPMLE init, with in-sample MSE: 0.0647380568242076
Finished training EB misspecified, with SURE: 0.06782770276019846
Finished training EB misspecified, with in-sample MSE: 0.0647257181623997

 Training SURE of the models:
SURE-PM: 0.06782770276019846
NPMLE: 0.8800273495391266
SURE-PM, NPMLE init: 0.0677914203611354
experiment: d
Finished training EB misspecified with NPMLE init, with SURE: -0.0004996760466334926
Finished training EB misspecified with NPMLE init, with in-sample MSE: 0.005507475341367255
Finished training EB misspecified, with SURE: -0.0004974749217810803
Finished training EB misspecified, with in-sample MSE: 0.005501925944924242

 Training SURE of the models:
SURE-PM: -0.0004974749217810803
NPMLE: 0.02332447767921499
SURE-PM, NPMLE init: -0.0004996760466334926
experiment: e
Finished training EB misspecified with NPMLE init, with SURE: 0.15388818409182178
Finished training EB misspecified with NPMLE init, with in-sample MSE: 0.16685609589308317
Finished training EB misspecified, with SURE: 0.1539022604246471
Finished training EB misspecified, with in-sample MSE: 0.16687423769358575

 Training SURE of the models:
SURE-PM: 0.1539022604246471
NPMLE: 0.34232803440566373
SURE-PM, NPMLE init: 0.15388818409182178
m: 1117
n: 100
experiment: c
Finished training EB misspecified with NPMLE init, with SURE: 0.11159371351040293
Finished training EB misspecified with NPMLE init, with in-sample MSE: 0.15077822641219155
Finished training EB misspecified, with SURE: 0.1116023277284694
Finished training EB misspecified, with in-sample MSE: 0.15071169210341642

 Training SURE of the models:
SURE-PM: 0.1116023277284694
NPMLE: 0.23238458394675632
SURE-PM, NPMLE init: 0.11159371351040293
experiment: d
Finished training EB misspecified with NPMLE init, with SURE: -0.004795736245260791
Finished training EB misspecified with NPMLE init, with in-sample MSE: 0.013469311536995822
Finished training EB misspecified, with SURE: -0.005340247620951253
Finished training EB misspecified, with in-sample MSE: 0.014971578959089309

 Training SURE of the models:
SURE-PM: -0.005340247620951253
NPMLE: -0.004789793325622948
SURE-PM, NPMLE init: -0.004795736245260791
experiment: e
Finished training EB misspecified with NPMLE init, with SURE: 0.142882483883524
Finished training EB misspecified with NPMLE init, with in-sample MSE: 0.23006962680336748
Finished training EB misspecified, with SURE: 0.14279701920909915
Finished training EB misspecified, with in-sample MSE: 0.22851859220961546

 Training SURE of the models:
SURE-PM: 0.14279701920909915
NPMLE: 0.22536095497673905
SURE-PM, NPMLE init: 0.142882483883524
n: 400
experiment: c
Finished training EB misspecified with NPMLE init, with SURE: 0.04881076847717232
Finished training EB misspecified with NPMLE init, with in-sample MSE: 0.053638695681190326
Finished training EB misspecified, with SURE: 0.04885384477170718
Finished training EB misspecified, with in-sample MSE: 0.05385833729516147

 Training SURE of the models:
SURE-PM: 0.04885384477170718
NPMLE: 0.8395629950606669
SURE-PM, NPMLE init: 0.04881076847717232
experiment: d
Finished training EB misspecified with NPMLE init, with SURE: -0.004280374416748245
Finished training EB misspecified with NPMLE init, with in-sample MSE: 0.007955567074787666
Finished training EB misspecified, with SURE: -0.004280959493563596
Finished training EB misspecified, with in-sample MSE: 0.00796120779651232

 Training SURE of the models:
SURE-PM: -0.004280959493563596
NPMLE: 0.10407257891838277
SURE-PM, NPMLE init: -0.004280374416748245
experiment: e
Finished training EB misspecified with NPMLE init, with SURE: 0.15707506522809586
Finished training EB misspecified with NPMLE init, with in-sample MSE: 0.16102005145964327
Finished training EB misspecified, with SURE: 0.1570843856455483
Finished training EB misspecified, with in-sample MSE: 0.16097641949885225

 Training SURE of the models:
SURE-PM: 0.1570843856455483
NPMLE: 0.3343366844034344
SURE-PM, NPMLE init: 0.15707506522809586
m: 1118
n: 100
experiment: c
Finished training EB misspecified with NPMLE init, with SURE: 0.01029185719357983
Finished training EB misspecified with NPMLE init, with in-sample MSE: 0.11860939323437396
Finished training EB misspecified, with SURE: 0.010278602444558872
Finished training EB misspecified, with in-sample MSE: 0.11875024044299334

 Training SURE of the models:
SURE-PM: 0.010278602444558872
NPMLE: 0.5001048265244623
SURE-PM, NPMLE init: 0.01029185719357983
experiment: d
Finished training EB misspecified with NPMLE init, with SURE: 0.006733021738572838
Finished training EB misspecified with NPMLE init, with in-sample MSE: 0.007448632151664578
Finished training EB misspecified, with SURE: 0.0020698186920962767
Finished training EB misspecified, with in-sample MSE: 0.022469807178601333

 Training SURE of the models:
SURE-PM: 0.0020698186920962767
NPMLE: 0.050108287593332135
SURE-PM, NPMLE init: 0.006733021738572838
experiment: e
Finished training EB misspecified with NPMLE init, with SURE: 0.128230794040524
Finished training EB misspecified with NPMLE init, with in-sample MSE: 0.15070970362420572
Finished training EB misspecified, with SURE: 0.12823902548365682
Finished training EB misspecified, with in-sample MSE: 0.1507322281073234

 Training SURE of the models:
SURE-PM: 0.12823902548365682
NPMLE: 0.3414237311813389
SURE-PM, NPMLE init: 0.128230794040524
n: 400
experiment: c
Finished training EB misspecified with NPMLE init, with SURE: 0.09219284743710958
Finished training EB misspecified with NPMLE init, with in-sample MSE: 0.05855672168071955
Finished training EB misspecified, with SURE: 0.09221724686219147
Finished training EB misspecified, with in-sample MSE: 0.05854555106983432

 Training SURE of the models:
SURE-PM: 0.09221724686219147
NPMLE: 0.6166486622543337
SURE-PM, NPMLE init: 0.09219284743710958
experiment: d
Finished training EB misspecified with NPMLE init, with SURE: -0.009563526228046015
Finished training EB misspecified with NPMLE init, with in-sample MSE: 0.004918934981807373
Finished training EB misspecified, with SURE: -0.009563281945674653
Finished training EB misspecified, with in-sample MSE: 0.004918740722126636

 Training SURE of the models:
SURE-PM: -0.009563281945674653
NPMLE: 0.010221635967128223
SURE-PM, NPMLE init: -0.009563526228046015
experiment: e
Finished training EB misspecified with NPMLE init, with SURE: 0.13606646022342822
Finished training EB misspecified with NPMLE init, with in-sample MSE: 0.17830910915195605
Finished training EB misspecified, with SURE: 0.13594745346979997
Finished training EB misspecified, with in-sample MSE: 0.17830399741642539

 Training SURE of the models:
SURE-PM: 0.13594745346979997
NPMLE: 0.34944892949125694
SURE-PM, NPMLE init: 0.13606646022342822
m: 1119
n: 100
experiment: c
Finished training EB misspecified with NPMLE init, with SURE: -0.047895425250721574
Finished training EB misspecified with NPMLE init, with in-sample MSE: 0.07343690939865252
Finished training EB misspecified, with SURE: -0.047879111558916776
Finished training EB misspecified, with in-sample MSE: 0.07343235040697746

 Training SURE of the models:
SURE-PM: -0.047879111558916776
NPMLE: 0.23378115549798018
SURE-PM, NPMLE init: -0.047895425250721574
experiment: d
Finished training EB misspecified with NPMLE init, with SURE: 0.020406218854735484
Finished training EB misspecified with NPMLE init, with in-sample MSE: 0.01347306234606498
Finished training EB misspecified, with SURE: 0.02041014475801095
Finished training EB misspecified, with in-sample MSE: 0.013459465935162061

 Training SURE of the models:
SURE-PM: 0.02041014475801095
NPMLE: 0.021189842887305108
SURE-PM, NPMLE init: 0.020406218854735484
experiment: e
Finished training EB misspecified with NPMLE init, with SURE: 0.11396335851108937
Finished training EB misspecified with NPMLE init, with in-sample MSE: 0.21633596629537288
Finished training EB misspecified, with SURE: 0.11396923836305703
Finished training EB misspecified, with in-sample MSE: 0.21626406068679987

 Training SURE of the models:
SURE-PM: 0.11396923836305703
NPMLE: 0.36208905210997777
SURE-PM, NPMLE init: 0.11396335851108937
n: 400
experiment: c
Finished training EB misspecified with NPMLE init, with SURE: 0.08176813383046075
Finished training EB misspecified with NPMLE init, with in-sample MSE: 0.057988587108096255
Finished training EB misspecified, with SURE: 0.08179934499179865
Finished training EB misspecified, with in-sample MSE: 0.05788390349047355

 Training SURE of the models:
SURE-PM: 0.08179934499179865
NPMLE: 0.7003322725287657
SURE-PM, NPMLE init: 0.08176813383046075
experiment: d
Finished training EB misspecified with NPMLE init, with SURE: 0.0134185413921246
Finished training EB misspecified with NPMLE init, with in-sample MSE: 0.004553810106087999
Finished training EB misspecified, with SURE: 0.013418856692513668
Finished training EB misspecified, with in-sample MSE: 0.004553812936955162

 Training SURE of the models:
SURE-PM: 0.013418856692513668
NPMLE: 0.056064432413352884
SURE-PM, NPMLE init: 0.0134185413921246
experiment: e
Finished training EB misspecified with NPMLE init, with SURE: 0.1483519112427257
Finished training EB misspecified with NPMLE init, with in-sample MSE: 0.17417943943207664
Finished training EB misspecified, with SURE: 0.14833641303843947
Finished training EB misspecified, with in-sample MSE: 0.17427473659015472

 Training SURE of the models:
SURE-PM: 0.14833641303843947
NPMLE: 0.3067046382080713
SURE-PM, NPMLE init: 0.1483519112427257
m: 1120
n: 100
experiment: c
Finished training EB misspecified with NPMLE init, with SURE: 0.05921546278715987
Finished training EB misspecified with NPMLE init, with in-sample MSE: 0.09315507740826895
Finished training EB misspecified, with SURE: 0.059228631343388044
Finished training EB misspecified, with in-sample MSE: 0.09314868316602079

 Training SURE of the models:
SURE-PM: 0.059228631343388044
NPMLE: 0.8360509297481049
SURE-PM, NPMLE init: 0.05921546278715987
experiment: d
Finished training EB misspecified with NPMLE init, with SURE: -0.004074189839806159
Finished training EB misspecified with NPMLE init, with in-sample MSE: 0.0022579189977379203
Finished training EB misspecified, with SURE: -0.004073951589563691
Finished training EB misspecified, with in-sample MSE: 0.0022577963368287483

 Training SURE of the models:
SURE-PM: -0.004073951589563691
NPMLE: 0.004192757064516961
SURE-PM, NPMLE init: -0.004074189839806159
experiment: e
Finished training EB misspecified with NPMLE init, with SURE: 0.17569544880894278
Finished training EB misspecified with NPMLE init, with in-sample MSE: 0.2022851585053287
Finished training EB misspecified, with SURE: 0.17571012749851397
Finished training EB misspecified, with in-sample MSE: 0.20230320745020042

 Training SURE of the models:
SURE-PM: 0.17571012749851397
NPMLE: 0.32946529064343577
SURE-PM, NPMLE init: 0.17569544880894278
n: 400
experiment: c
Finished training EB misspecified with NPMLE init, with SURE: 0.01949947152048047
Finished training EB misspecified with NPMLE init, with in-sample MSE: 0.05773869233053788
Finished training EB misspecified, with SURE: 0.019503935189646243
Finished training EB misspecified, with in-sample MSE: 0.05773924166957868

 Training SURE of the models:
SURE-PM: 0.019503935189646243
NPMLE: 0.7077465787840507
SURE-PM, NPMLE init: 0.01949947152048047
experiment: d
Finished training EB misspecified with NPMLE init, with SURE: 0.013481609905134136
Finished training EB misspecified with NPMLE init, with in-sample MSE: 0.005542230346156398
Finished training EB misspecified, with SURE: 0.013481222577058
Finished training EB misspecified, with in-sample MSE: 0.005542492817189137

 Training SURE of the models:
SURE-PM: 0.013481222577058
NPMLE: 0.12881313522274623
SURE-PM, NPMLE init: 0.013481609905134136
experiment: e
Finished training EB misspecified with NPMLE init, with SURE: 0.18194851246775315
Finished training EB misspecified with NPMLE init, with in-sample MSE: 0.15897793034707194
Finished training EB misspecified, with SURE: 0.1819480628075899
Finished training EB misspecified, with in-sample MSE: 0.1589656117964149

 Training SURE of the models:
SURE-PM: 0.1819480628075899
NPMLE: 0.3047598974082383
SURE-PM, NPMLE init: 0.18194851246775315
m: 1121
n: 100
experiment: c
Finished training EB misspecified with NPMLE init, with SURE: -0.1503196393714645
Finished training EB misspecified with NPMLE init, with in-sample MSE: 0.07004226406147689
Finished training EB misspecified, with SURE: -0.1503170364494177
Finished training EB misspecified, with in-sample MSE: 0.07004201992433093

 Training SURE of the models:
SURE-PM: -0.1503170364494177
NPMLE: 0.525023209180098
SURE-PM, NPMLE init: -0.1503196393714645
experiment: d
Finished training EB misspecified with NPMLE init, with SURE: 0.0035525143665397965
Finished training EB misspecified with NPMLE init, with in-sample MSE: 0.005085230638921075
Finished training EB misspecified, with SURE: 0.0035539514653155457
Finished training EB misspecified, with in-sample MSE: 0.005086875926913637

 Training SURE of the models:
SURE-PM: 0.0035539514653155457
NPMLE: 0.05178374735459549
SURE-PM, NPMLE init: 0.0035525143665397965
experiment: e
Finished training EB misspecified with NPMLE init, with SURE: 0.06976154054761359
Finished training EB misspecified with NPMLE init, with in-sample MSE: 0.14701905404903381
Finished training EB misspecified, with SURE: 0.06975598229693689
Finished training EB misspecified, with in-sample MSE: 0.14708855738658333

 Training SURE of the models:
SURE-PM: 0.06975598229693689
NPMLE: 0.44341857627013126
SURE-PM, NPMLE init: 0.06976154054761359
n: 400
experiment: c
Finished training EB misspecified with NPMLE init, with SURE: 0.10459430119364768
Finished training EB misspecified with NPMLE init, with in-sample MSE: 0.09011344844584103
Finished training EB misspecified, with SURE: 0.10463184898501737
Finished training EB misspecified, with in-sample MSE: 0.09012568112109694

 Training SURE of the models:
SURE-PM: 0.10463184898501737
NPMLE: 0.35309947099678696
SURE-PM, NPMLE init: 0.10459430119364768
experiment: d
Finished training EB misspecified with NPMLE init, with SURE: 0.007568969331978313
Finished training EB misspecified with NPMLE init, with in-sample MSE: 0.007567796243582806
Finished training EB misspecified, with SURE: 0.007570485859105283
Finished training EB misspecified, with in-sample MSE: 0.007570005146952674

 Training SURE of the models:
SURE-PM: 0.007570485859105283
NPMLE: 0.037012279951214706
SURE-PM, NPMLE init: 0.007568969331978313
experiment: e
Finished training EB misspecified with NPMLE init, with SURE: 0.19083382061224186
Finished training EB misspecified with NPMLE init, with in-sample MSE: 0.21542225278270227
Finished training EB misspecified, with SURE: 0.19084031186231712
Finished training EB misspecified, with in-sample MSE: 0.2153716593738176

 Training SURE of the models:
SURE-PM: 0.19084031186231712
NPMLE: 0.3079096563954721
SURE-PM, NPMLE init: 0.19083382061224186
m: 1122
n: 100
experiment: c
Finished training EB misspecified with NPMLE init, with SURE: 0.04215870800877596
Finished training EB misspecified with NPMLE init, with in-sample MSE: 0.059341837322463474
Finished training EB misspecified, with SURE: 0.04216555395337714
Finished training EB misspecified, with in-sample MSE: 0.05933897509594692

 Training SURE of the models:
SURE-PM: 0.04216555395337714
NPMLE: 0.7473404893519924
SURE-PM, NPMLE init: 0.04215870800877596
experiment: d
Finished training EB misspecified with NPMLE init, with SURE: 0.0024022186719448867
Finished training EB misspecified with NPMLE init, with in-sample MSE: 0.00655764123580068
Finished training EB misspecified, with SURE: 0.002404945281183615
Finished training EB misspecified, with in-sample MSE: 0.006546835865966255

 Training SURE of the models:
SURE-PM: 0.002404945281183615
NPMLE: 0.03184100040720887
SURE-PM, NPMLE init: 0.0024022186719448867
experiment: e
Finished training EB misspecified with NPMLE init, with SURE: 0.1517543940703915
Finished training EB misspecified with NPMLE init, with in-sample MSE: 0.2749285399218312
Finished training EB misspecified, with SURE: 0.15174790872920368
Finished training EB misspecified, with in-sample MSE: 0.2749373922516035

 Training SURE of the models:
SURE-PM: 0.15174790872920368
NPMLE: 0.4761954961865541
SURE-PM, NPMLE init: 0.1517543940703915
n: 400
experiment: c
Finished training EB misspecified with NPMLE init, with SURE: -0.023905809109705772
Finished training EB misspecified with NPMLE init, with in-sample MSE: 0.05668088954348643
Finished training EB misspecified, with SURE: -0.02389915402465725
Finished training EB misspecified, with in-sample MSE: 0.05669691472925446

 Training SURE of the models:
SURE-PM: -0.02389915402465725
NPMLE: 0.4845629443930794
SURE-PM, NPMLE init: -0.023905809109705772
experiment: d
Finished training EB misspecified with NPMLE init, with SURE: -0.005011418051213213
Finished training EB misspecified with NPMLE init, with in-sample MSE: 0.0063120698580613685
Finished training EB misspecified, with SURE: -0.005011052405716789
Finished training EB misspecified, with in-sample MSE: 0.0063118866370987245

 Training SURE of the models:
SURE-PM: -0.005011052405716789
NPMLE: 0.04170488223392645
SURE-PM, NPMLE init: -0.005011418051213213
experiment: e
Finished training EB misspecified with NPMLE init, with SURE: 0.1537406254417545
Finished training EB misspecified with NPMLE init, with in-sample MSE: 0.18223287076764477
Finished training EB misspecified, with SURE: 0.1542193695182363
Finished training EB misspecified, with in-sample MSE: 0.18116112636362708

 Training SURE of the models:
SURE-PM: 0.1542193695182363
NPMLE: 0.35916729735965597
SURE-PM, NPMLE init: 0.1537406254417545
m: 1123
n: 100
experiment: c
Finished training EB misspecified with NPMLE init, with SURE: 0.05854724890077485
Finished training EB misspecified with NPMLE init, with in-sample MSE: 0.08620925039583295
Finished training EB misspecified, with SURE: 0.05855237526668773
Finished training EB misspecified, with in-sample MSE: 0.08626620488633809

 Training SURE of the models:
SURE-PM: 0.05855237526668773
NPMLE: 0.8474487598223915
SURE-PM, NPMLE init: 0.05854724890077485
experiment: d
Finished training EB misspecified with NPMLE init, with SURE: 0.011229881933041934
Finished training EB misspecified with NPMLE init, with in-sample MSE: 0.02836118319838936
Finished training EB misspecified, with SURE: 0.011232037893464
Finished training EB misspecified, with in-sample MSE: 0.028358296908920094

 Training SURE of the models:
SURE-PM: 0.011232037893464
NPMLE: 0.13228212042255963
SURE-PM, NPMLE init: 0.011229881933041934
experiment: e
Finished training EB misspecified with NPMLE init, with SURE: 0.14672635053228752
Finished training EB misspecified with NPMLE init, with in-sample MSE: 0.1462942555044662
Finished training EB misspecified, with SURE: 0.14673352928288197
Finished training EB misspecified, with in-sample MSE: 0.14629726954183997

 Training SURE of the models:
SURE-PM: 0.14673352928288197
NPMLE: 0.2795296932151952
SURE-PM, NPMLE init: 0.14672635053228752
n: 400
experiment: c
Finished training EB misspecified with NPMLE init, with SURE: 0.07343527720433421
Finished training EB misspecified with NPMLE init, with in-sample MSE: 0.0695225067343426
Finished training EB misspecified, with SURE: 0.07344196663277906
Finished training EB misspecified, with in-sample MSE: 0.06952084254173552

 Training SURE of the models:
SURE-PM: 0.07344196663277906
NPMLE: 0.5020393266275659
SURE-PM, NPMLE init: 0.07343527720433421
experiment: d
Finished training EB misspecified with NPMLE init, with SURE: 0.02648378673663899
Finished training EB misspecified with NPMLE init, with in-sample MSE: 0.007724732152046601
Finished training EB misspecified, with SURE: 0.02648557759391471
Finished training EB misspecified, with in-sample MSE: 0.007721277961741926

 Training SURE of the models:
SURE-PM: 0.02648557759391471
NPMLE: 0.0974766675121698
SURE-PM, NPMLE init: 0.02648378673663899
experiment: e
Finished training EB misspecified with NPMLE init, with SURE: 0.17588125865172252
Finished training EB misspecified with NPMLE init, with in-sample MSE: 0.19051458625840836
Finished training EB misspecified, with SURE: 0.17588872847309567
Finished training EB misspecified, with in-sample MSE: 0.19050866405943936

 Training SURE of the models:
SURE-PM: 0.17588872847309567
NPMLE: 0.3011638939270656
SURE-PM, NPMLE init: 0.17588125865172252
m: 1124
n: 100
experiment: c
Finished training EB misspecified with NPMLE init, with SURE: 0.02614190062080979
Finished training EB misspecified with NPMLE init, with in-sample MSE: 0.16053299303671584
Finished training EB misspecified, with SURE: -0.010912374031930768
Finished training EB misspecified, with in-sample MSE: 0.24892069981193074

 Training SURE of the models:
SURE-PM: -0.010912374031930768
NPMLE: 0.40103436911568024
SURE-PM, NPMLE init: 0.02614190062080979
experiment: d
Finished training EB misspecified with NPMLE init, with SURE: 0.006154331508816177
Finished training EB misspecified with NPMLE init, with in-sample MSE: 0.0034750533157668693
Finished training EB misspecified, with SURE: 0.006154520023269719
Finished training EB misspecified, with in-sample MSE: 0.003474758440375834

 Training SURE of the models:
SURE-PM: 0.006154520023269719
NPMLE: 0.029673956656815187
SURE-PM, NPMLE init: 0.006154331508816177
experiment: e
Finished training EB misspecified with NPMLE init, with SURE: 0.13627268824260333
Finished training EB misspecified with NPMLE init, with in-sample MSE: 0.15688444275050684
Finished training EB misspecified, with SURE: 0.1362766995461498
Finished training EB misspecified, with in-sample MSE: 0.1569154198466109

 Training SURE of the models:
SURE-PM: 0.1362766995461498
NPMLE: 0.2705124257173445
SURE-PM, NPMLE init: 0.13627268824260333
n: 400
experiment: c
Finished training EB misspecified with NPMLE init, with SURE: 0.03735495901098723
Finished training EB misspecified with NPMLE init, with in-sample MSE: 0.08048672527854403
Finished training EB misspecified, with SURE: 0.037363659454948246
Finished training EB misspecified, with in-sample MSE: 0.0804694983888735

 Training SURE of the models:
SURE-PM: 0.037363659454948246
NPMLE: 0.23940762517373698
SURE-PM, NPMLE init: 0.03735495901098723
experiment: d
Finished training EB misspecified with NPMLE init, with SURE: -0.007393749634656093
Finished training EB misspecified with NPMLE init, with in-sample MSE: 0.005300972293707531
Finished training EB misspecified, with SURE: -0.007393256618763129
Finished training EB misspecified, with in-sample MSE: 0.00530085142047231

 Training SURE of the models:
SURE-PM: -0.007393256618763129
NPMLE: 0.03589646136200049
SURE-PM, NPMLE init: -0.007393749634656093
experiment: e
Finished training EB misspecified with NPMLE init, with SURE: 0.12802965006146905
Finished training EB misspecified with NPMLE init, with in-sample MSE: 0.16891376554883805
Finished training EB misspecified, with SURE: 0.13150003606488617
Finished training EB misspecified, with in-sample MSE: 0.16538380577411027

 Training SURE of the models:
SURE-PM: 0.13150003606488617
NPMLE: 0.33003057213323744
SURE-PM, NPMLE init: 0.12802965006146905
m: 1125
n: 100
experiment: c
Finished training EB misspecified with NPMLE init, with SURE: -0.056177875679872785
Finished training EB misspecified with NPMLE init, with in-sample MSE: 0.056243883209014994
Finished training EB misspecified, with SURE: -0.05616470360408037
Finished training EB misspecified, with in-sample MSE: 0.05624532440435684

 Training SURE of the models:
SURE-PM: -0.05616470360408037
NPMLE: 0.44830370420986104
SURE-PM, NPMLE init: -0.056177875679872785
experiment: d
Finished training EB misspecified with NPMLE init, with SURE: 0.026480469453411024
Finished training EB misspecified with NPMLE init, with in-sample MSE: 0.014683789835749689
Finished training EB misspecified, with SURE: 0.026481529184249605
Finished training EB misspecified, with in-sample MSE: 0.014681229296350063

 Training SURE of the models:
SURE-PM: 0.026481529184249605
NPMLE: 0.05941490275880852
SURE-PM, NPMLE init: 0.026480469453411024
experiment: e
Finished training EB misspecified with NPMLE init, with SURE: 0.17013941597898605
Finished training EB misspecified with NPMLE init, with in-sample MSE: 0.22168667569742437
Finished training EB misspecified, with SURE: 0.16990114352411237
Finished training EB misspecified, with in-sample MSE: 0.2236983199219349

 Training SURE of the models:
SURE-PM: 0.16990114352411237
NPMLE: 0.2991749767635053
SURE-PM, NPMLE init: 0.17013941597898605
n: 400
experiment: c
Finished training EB misspecified with NPMLE init, with SURE: 0.017870527019553464
Finished training EB misspecified with NPMLE init, with in-sample MSE: 0.05643200047599992
Finished training EB misspecified, with SURE: 0.017857312341826415
Finished training EB misspecified, with in-sample MSE: 0.05642015647869046

 Training SURE of the models:
SURE-PM: 0.017857312341826415
NPMLE: 0.4141060123341939
SURE-PM, NPMLE init: 0.017870527019553464
experiment: d
Finished training EB misspecified with NPMLE init, with SURE: -0.0073021308801453876
Finished training EB misspecified with NPMLE init, with in-sample MSE: 0.0043156992973607325
Finished training EB misspecified, with SURE: -0.007294227542450962
Finished training EB misspecified, with in-sample MSE: 0.00430917553525959

 Training SURE of the models:
SURE-PM: -0.007294227542450962
NPMLE: 0.016560365242369136
SURE-PM, NPMLE init: -0.0073021308801453876
experiment: e
Finished training EB misspecified with NPMLE init, with SURE: 0.13140763108592465
Finished training EB misspecified with NPMLE init, with in-sample MSE: 0.19469358144504054
Finished training EB misspecified, with SURE: 0.13141742555024294
Finished training EB misspecified, with in-sample MSE: 0.19468794166912318

 Training SURE of the models:
SURE-PM: 0.13141742555024294
NPMLE: 0.30641077448132165
SURE-PM, NPMLE init: 0.13140763108592465
m: 1126
n: 100
experiment: c
Finished training EB misspecified with NPMLE init, with SURE: 0.010372672257233049
Finished training EB misspecified with NPMLE init, with in-sample MSE: 0.22060305401967523
Finished training EB misspecified, with SURE: 0.07777042698583692
Finished training EB misspecified, with in-sample MSE: 0.1145145969615705

 Training SURE of the models:
SURE-PM: 0.07777042698583692
NPMLE: 0.6296932030501601
SURE-PM, NPMLE init: 0.010372672257233049
experiment: d
Finished training EB misspecified with NPMLE init, with SURE: 0.019760163361278914
Finished training EB misspecified with NPMLE init, with in-sample MSE: 0.024666181106559805
Finished training EB misspecified, with SURE: 0.019761561974386874
Finished training EB misspecified, with in-sample MSE: 0.02466517324618816

 Training SURE of the models:
SURE-PM: 0.019761561974386874
NPMLE: 0.22719270835597868
SURE-PM, NPMLE init: 0.019760163361278914
experiment: e
Finished training EB misspecified with NPMLE init, with SURE: 0.15574519615893856
Finished training EB misspecified with NPMLE init, with in-sample MSE: 0.22586738045583132
Finished training EB misspecified, with SURE: 0.15575027363075614
Finished training EB misspecified, with in-sample MSE: 0.22586406028735642

 Training SURE of the models:
SURE-PM: 0.15575027363075614
NPMLE: 0.23980458302432658
SURE-PM, NPMLE init: 0.15574519615893856
n: 400
experiment: c
Finished training EB misspecified with NPMLE init, with SURE: 0.038464346694000257
Finished training EB misspecified with NPMLE init, with in-sample MSE: 0.08315909731713397
Finished training EB misspecified, with SURE: 0.0368393075209049
Finished training EB misspecified, with in-sample MSE: 0.08904622915421231

 Training SURE of the models:
SURE-PM: 0.0368393075209049
NPMLE: 0.3135428163278276
SURE-PM, NPMLE init: 0.038464346694000257
experiment: d
Finished training EB misspecified with NPMLE init, with SURE: 0.00673057493829802
Finished training EB misspecified with NPMLE init, with in-sample MSE: 0.006336247350467651
Finished training EB misspecified, with SURE: 0.006711649722198434
Finished training EB misspecified, with in-sample MSE: 0.006397927401237442

 Training SURE of the models:
SURE-PM: 0.006711649722198434
NPMLE: 0.11986693114276774
SURE-PM, NPMLE init: 0.00673057493829802
experiment: e
Finished training EB misspecified with NPMLE init, with SURE: 0.18038245345668866
Finished training EB misspecified with NPMLE init, with in-sample MSE: 0.17598931111258748
Finished training EB misspecified, with SURE: 0.18036314222940047
Finished training EB misspecified, with in-sample MSE: 0.17586633368309776

 Training SURE of the models:
SURE-PM: 0.18036314222940047
NPMLE: 0.3461990708742867
SURE-PM, NPMLE init: 0.18038245345668866
m: 1127
n: 100
experiment: c
Finished training EB misspecified with NPMLE init, with SURE: 0.17652011671508014
Finished training EB misspecified with NPMLE init, with in-sample MSE: 0.1717361850912534
Finished training EB misspecified, with SURE: 0.17654603296373714
Finished training EB misspecified, with in-sample MSE: 0.17218936597672535

 Training SURE of the models:
SURE-PM: 0.17654603296373714
NPMLE: 0.8414035799969765
SURE-PM, NPMLE init: 0.17652011671508014
experiment: d
Finished training EB misspecified with NPMLE init, with SURE: -0.004299634368043676
Finished training EB misspecified with NPMLE init, with in-sample MSE: 0.0830293218349704
Finished training EB misspecified, with SURE: -0.004291882759192998
Finished training EB misspecified, with in-sample MSE: 0.0830260475678295

 Training SURE of the models:
SURE-PM: -0.004291882759192998
NPMLE: 0.16821428250839027
SURE-PM, NPMLE init: -0.004299634368043676
experiment: e
Finished training EB misspecified with NPMLE init, with SURE: 0.1550007644806518
Finished training EB misspecified with NPMLE init, with in-sample MSE: 0.17626759946432208
Finished training EB misspecified, with SURE: 0.15501100452353433
Finished training EB misspecified, with in-sample MSE: 0.17625865546658182

 Training SURE of the models:
SURE-PM: 0.15501100452353433
NPMLE: 0.2849861169719258
SURE-PM, NPMLE init: 0.1550007644806518
n: 400
experiment: c
Finished training EB misspecified with NPMLE init, with SURE: 0.0005329405624279816
Finished training EB misspecified with NPMLE init, with in-sample MSE: 0.08544946378414632
Finished training EB misspecified, with SURE: 0.0015289137655465624
Finished training EB misspecified, with in-sample MSE: 0.08814389103137245

 Training SURE of the models:
SURE-PM: 0.0015289137655465624
NPMLE: 0.7372776683613053
SURE-PM, NPMLE init: 0.0005329405624279816
experiment: d
Finished training EB misspecified with NPMLE init, with SURE: 0.0005863021209531283
Finished training EB misspecified with NPMLE init, with in-sample MSE: 0.008365322871557121
Finished training EB misspecified, with SURE: 0.002173604928493802
Finished training EB misspecified, with in-sample MSE: 0.006139976825578656

 Training SURE of the models:
SURE-PM: 0.002173604928493802
NPMLE: 0.13549270736871805
SURE-PM, NPMLE init: 0.0005863021209531283
experiment: e
Finished training EB misspecified with NPMLE init, with SURE: 0.12243523489397774
Finished training EB misspecified with NPMLE init, with in-sample MSE: 0.19402541742328186
Finished training EB misspecified, with SURE: 0.12244201395202282
Finished training EB misspecified, with in-sample MSE: 0.19405112005086536

 Training SURE of the models:
SURE-PM: 0.12244201395202282
NPMLE: 0.3102343915057261
SURE-PM, NPMLE init: 0.12243523489397774
m: 1128
n: 100
experiment: c
Finished training EB misspecified with NPMLE init, with SURE: 0.04266990764737088
Finished training EB misspecified with NPMLE init, with in-sample MSE: 0.1486765711698984
Finished training EB misspecified, with SURE: 0.042688471820633254
Finished training EB misspecified, with in-sample MSE: 0.1486066065431914

 Training SURE of the models:
SURE-PM: 0.042688471820633254
NPMLE: 1.0920860091653204
SURE-PM, NPMLE init: 0.04266990764737088
experiment: d
Finished training EB misspecified with NPMLE init, with SURE: 0.017918609565351976
Finished training EB misspecified with NPMLE init, with in-sample MSE: 0.007553397232345226
Finished training EB misspecified, with SURE: 0.017919546005149965
Finished training EB misspecified, with in-sample MSE: 0.007547511873192168

 Training SURE of the models:
SURE-PM: 0.017919546005149965
NPMLE: 0.02292526436012949
SURE-PM, NPMLE init: 0.017918609565351976
experiment: e
Finished training EB misspecified with NPMLE init, with SURE: 0.12786721952573998
Finished training EB misspecified with NPMLE init, with in-sample MSE: 0.2543295142454732
Finished training EB misspecified, with SURE: 0.12662728491337633
Finished training EB misspecified, with in-sample MSE: 0.2555591331633244

 Training SURE of the models:
SURE-PM: 0.12662728491337633
NPMLE: 0.2763894459398455
SURE-PM, NPMLE init: 0.12786721952573998
n: 400
experiment: c
Finished training EB misspecified with NPMLE init, with SURE: -0.00024638215844973387
Finished training EB misspecified with NPMLE init, with in-sample MSE: 0.0683191900768424
Finished training EB misspecified, with SURE: -0.00018529433809753472
Finished training EB misspecified, with in-sample MSE: 0.06792321670703604

 Training SURE of the models:
SURE-PM: -0.00018529433809753472
NPMLE: 0.5799093022674408
SURE-PM, NPMLE init: -0.00024638215844973387
experiment: d
Finished training EB misspecified with NPMLE init, with SURE: 0.014524552646803742
Finished training EB misspecified with NPMLE init, with in-sample MSE: 0.006526755890091259
Finished training EB misspecified, with SURE: 0.014430233390447
Finished training EB misspecified, with in-sample MSE: 0.006335154993836233

 Training SURE of the models:
SURE-PM: 0.014430233390447
NPMLE: 0.1299590805770153
SURE-PM, NPMLE init: 0.014524552646803742
experiment: e
Finished training EB misspecified with NPMLE init, with SURE: 0.16275961181546264
Finished training EB misspecified with NPMLE init, with in-sample MSE: 0.16069719827058127
Finished training EB misspecified, with SURE: 0.16277019084666008
Finished training EB misspecified, with in-sample MSE: 0.1606922025372745

 Training SURE of the models:
SURE-PM: 0.16277019084666008
NPMLE: 0.37115442210515
SURE-PM, NPMLE init: 0.16275961181546264
m: 1129
n: 100
experiment: c
Finished training EB misspecified with NPMLE init, with SURE: 0.06828502810282608
Finished training EB misspecified with NPMLE init, with in-sample MSE: 0.08061497095340307
Finished training EB misspecified, with SURE: 0.06828569451413956
Finished training EB misspecified, with in-sample MSE: 0.08061308542242301

 Training SURE of the models:
SURE-PM: 0.06828569451413956
NPMLE: 0.5799787795062474
SURE-PM, NPMLE init: 0.06828502810282608
experiment: d
Finished training EB misspecified with NPMLE init, with SURE: -0.016140196978312746
Finished training EB misspecified with NPMLE init, with in-sample MSE: 0.009794760971624824
Finished training EB misspecified, with SURE: -0.016139639104527356
Finished training EB misspecified, with in-sample MSE: 0.009794838981296078

 Training SURE of the models:
SURE-PM: -0.016139639104527356
NPMLE: 0.04707367835576523
SURE-PM, NPMLE init: -0.016140196978312746
experiment: e
Finished training EB misspecified with NPMLE init, with SURE: 0.12169464289511726
Finished training EB misspecified with NPMLE init, with in-sample MSE: 0.2462746558374347
Finished training EB misspecified, with SURE: 0.12169742881009182
Finished training EB misspecified, with in-sample MSE: 0.246280974771304

 Training SURE of the models:
SURE-PM: 0.12169742881009182
NPMLE: 0.32109012199666814
SURE-PM, NPMLE init: 0.12169464289511726
n: 400
experiment: c
Finished training EB misspecified with NPMLE init, with SURE: 0.020290795684538097
Finished training EB misspecified with NPMLE init, with in-sample MSE: 0.061327517560632705
Finished training EB misspecified, with SURE: 0.02122787169289197
Finished training EB misspecified, with in-sample MSE: 0.061960953220886184

 Training SURE of the models:
SURE-PM: 0.02122787169289197
NPMLE: 0.6222016115658328
SURE-PM, NPMLE init: 0.020290795684538097
experiment: d
Finished training EB misspecified with NPMLE init, with SURE: -0.00043099961259144946
Finished training EB misspecified with NPMLE init, with in-sample MSE: 0.006457591145837973
Finished training EB misspecified, with SURE: -0.0004314472526788116
Finished training EB misspecified, with in-sample MSE: 0.006466282853698977

 Training SURE of the models:
SURE-PM: -0.0004314472526788116
NPMLE: 0.12918458066567748
SURE-PM, NPMLE init: -0.00043099961259144946
experiment: e
Finished training EB misspecified with NPMLE init, with SURE: 0.17164627010769593
Finished training EB misspecified with NPMLE init, with in-sample MSE: 0.1796750861998347
Finished training EB misspecified, with SURE: 0.17166298736127084
Finished training EB misspecified, with in-sample MSE: 0.1796292485912454

 Training SURE of the models:
SURE-PM: 0.17166298736127084
NPMLE: 0.30713850122156733
SURE-PM, NPMLE init: 0.17164627010769593
m: 1130
n: 100
experiment: c
Finished training EB misspecified with NPMLE init, with SURE: 0.05205356759804175
Finished training EB misspecified with NPMLE init, with in-sample MSE: 0.08096717842429774
Finished training EB misspecified, with SURE: 0.052059606440583724
Finished training EB misspecified, with in-sample MSE: 0.0809747430517427

 Training SURE of the models:
SURE-PM: 0.052059606440583724
NPMLE: 0.5039661396239502
SURE-PM, NPMLE init: 0.05205356759804175
experiment: d
Finished training EB misspecified with NPMLE init, with SURE: 0.00576050333021584
Finished training EB misspecified with NPMLE init, with in-sample MSE: 0.005457866068940566
Finished training EB misspecified, with SURE: 0.0057648343174204085
Finished training EB misspecified, with in-sample MSE: 0.005448624746506029

 Training SURE of the models:
SURE-PM: 0.0057648343174204085
NPMLE: 0.18191695371808195
SURE-PM, NPMLE init: 0.00576050333021584
experiment: e
Finished training EB misspecified with NPMLE init, with SURE: 0.112386989773488
Finished training EB misspecified with NPMLE init, with in-sample MSE: 0.18884462223289641
Finished training EB misspecified, with SURE: 0.11239828285858597
Finished training EB misspecified, with in-sample MSE: 0.1888609572701819

 Training SURE of the models:
SURE-PM: 0.11239828285858597
NPMLE: 0.403117006006963
SURE-PM, NPMLE init: 0.112386989773488
n: 400
experiment: c
Finished training EB misspecified with NPMLE init, with SURE: 0.055413406121945674
Finished training EB misspecified with NPMLE init, with in-sample MSE: 0.10980309280067813
Finished training EB misspecified, with SURE: 0.06415655193236823
Finished training EB misspecified, with in-sample MSE: 0.08294824496162745

 Training SURE of the models:
SURE-PM: 0.06415655193236823
NPMLE: 0.984974614145828
SURE-PM, NPMLE init: 0.055413406121945674
experiment: d
Finished training EB misspecified with NPMLE init, with SURE: 0.0008731951900122148
Finished training EB misspecified with NPMLE init, with in-sample MSE: 0.009425500414746029
Finished training EB misspecified, with SURE: 0.0010167182013785059
Finished training EB misspecified, with in-sample MSE: 0.00948094080172681

 Training SURE of the models:
SURE-PM: 0.0010167182013785059
NPMLE: 0.0510091410418533
SURE-PM, NPMLE init: 0.0008731951900122148
experiment: e
Finished training EB misspecified with NPMLE init, with SURE: 0.16757774737449438
Finished training EB misspecified with NPMLE init, with in-sample MSE: 0.21402021571297702
Finished training EB misspecified, with SURE: 0.16758138570979492
Finished training EB misspecified, with in-sample MSE: 0.21434575292132163

 Training SURE of the models:
SURE-PM: 0.16758138570979492
NPMLE: 0.28491354417601145
SURE-PM, NPMLE init: 0.16757774737449438
m: 1131
n: 100
experiment: c
Finished training EB misspecified with NPMLE init, with SURE: 0.0647812309375265
Finished training EB misspecified with NPMLE init, with in-sample MSE: 0.07799982030181127
Finished training EB misspecified, with SURE: 0.06478527455316715
Finished training EB misspecified, with in-sample MSE: 0.07798703289996718

 Training SURE of the models:
SURE-PM: 0.06478527455316715
NPMLE: 0.45778982514785016
SURE-PM, NPMLE init: 0.0647812309375265
experiment: d
Finished training EB misspecified with NPMLE init, with SURE: -0.028868926321173164
Finished training EB misspecified with NPMLE init, with in-sample MSE: 0.00479330967900475
Finished training EB misspecified, with SURE: -0.028868472184429096
Finished training EB misspecified, with in-sample MSE: 0.004793313346663603

 Training SURE of the models:
SURE-PM: -0.028868472184429096
NPMLE: 0.00932467201246201
SURE-PM, NPMLE init: -0.028868926321173164
experiment: e
Finished training EB misspecified with NPMLE init, with SURE: 0.09924891809528738
Finished training EB misspecified with NPMLE init, with in-sample MSE: 0.18280254013052122
Finished training EB misspecified, with SURE: 0.09924373209747436
Finished training EB misspecified, with in-sample MSE: 0.18282252663827706

 Training SURE of the models:
SURE-PM: 0.09924373209747436
NPMLE: 0.2888206955499302
SURE-PM, NPMLE init: 0.09924891809528738
n: 400
experiment: c
Finished training EB misspecified with NPMLE init, with SURE: 0.03244808331314367
Finished training EB misspecified with NPMLE init, with in-sample MSE: 0.06201382899941831
Finished training EB misspecified, with SURE: 0.03250379087163872
Finished training EB misspecified, with in-sample MSE: 0.06199069005820482

 Training SURE of the models:
SURE-PM: 0.03250379087163872
NPMLE: 0.5470723852160378
SURE-PM, NPMLE init: 0.03244808331314367
experiment: d
Finished training EB misspecified with NPMLE init, with SURE: 0.012090823978788379
Finished training EB misspecified with NPMLE init, with in-sample MSE: 0.004904281551993367
Finished training EB misspecified, with SURE: 0.012090975232861734
Finished training EB misspecified, with in-sample MSE: 0.004904212998229996

 Training SURE of the models:
SURE-PM: 0.012090975232861734
NPMLE: 0.0632731428787345
SURE-PM, NPMLE init: 0.012090823978788379
experiment: e
Finished training EB misspecified with NPMLE init, with SURE: 0.19121518065694973
Finished training EB misspecified with NPMLE init, with in-sample MSE: 0.2092925978933706
Finished training EB misspecified, with SURE: 0.19123147788334408
Finished training EB misspecified, with in-sample MSE: 0.2093990602454622

 Training SURE of the models:
SURE-PM: 0.19123147788334408
NPMLE: 0.27537741968616075
SURE-PM, NPMLE init: 0.19121518065694973
m: 1132
n: 100
experiment: c
Finished training EB misspecified with NPMLE init, with SURE: 0.12350383834039462
Finished training EB misspecified with NPMLE init, with in-sample MSE: 0.3143674299762614
Finished training EB misspecified, with SURE: 0.1235354917194249
Finished training EB misspecified, with in-sample MSE: 0.31434400169772375

 Training SURE of the models:
SURE-PM: 0.1235354917194249
NPMLE: 0.8297007078795587
SURE-PM, NPMLE init: 0.12350383834039462
experiment: d
Finished training EB misspecified with NPMLE init, with SURE: -0.008292417010651913
Finished training EB misspecified with NPMLE init, with in-sample MSE: 0.018810596874613065
Finished training EB misspecified, with SURE: -0.008290182638902107
Finished training EB misspecified, with in-sample MSE: 0.018806363701227184

 Training SURE of the models:
SURE-PM: -0.008290182638902107
NPMLE: 0.015372598134155027
SURE-PM, NPMLE init: -0.008292417010651913
experiment: e
Finished training EB misspecified with NPMLE init, with SURE: 0.11778958250525733
Finished training EB misspecified with NPMLE init, with in-sample MSE: 0.21034364484236112
Finished training EB misspecified, with SURE: 0.11420171455705351
Finished training EB misspecified, with in-sample MSE: 0.20595984982062926

 Training SURE of the models:
SURE-PM: 0.11420171455705351
NPMLE: 0.288777242221401
SURE-PM, NPMLE init: 0.11778958250525733
n: 400
experiment: c
Finished training EB misspecified with NPMLE init, with SURE: 0.04726944447211224
Finished training EB misspecified with NPMLE init, with in-sample MSE: 0.05433168189133045
Finished training EB misspecified, with SURE: 0.04735075918939799
Finished training EB misspecified, with in-sample MSE: 0.0542508073967804

 Training SURE of the models:
SURE-PM: 0.04735075918939799
NPMLE: 0.8886816190293098
SURE-PM, NPMLE init: 0.04726944447211224
experiment: d
Finished training EB misspecified with NPMLE init, with SURE: -0.0031459245035611615
Finished training EB misspecified with NPMLE init, with in-sample MSE: 0.00505910247994372
Finished training EB misspecified, with SURE: -0.0031455955082564913
Finished training EB misspecified, with in-sample MSE: 0.005058949452623112

 Training SURE of the models:
SURE-PM: -0.0031455955082564913
NPMLE: 0.05912768659584728
SURE-PM, NPMLE init: -0.0031459245035611615
experiment: e
Finished training EB misspecified with NPMLE init, with SURE: 0.15106624788273315
Finished training EB misspecified with NPMLE init, with in-sample MSE: 0.16364469666246897
Finished training EB misspecified, with SURE: 0.15107388774126718
Finished training EB misspecified, with in-sample MSE: 0.1635877914676185

 Training SURE of the models:
SURE-PM: 0.15107388774126718
NPMLE: 0.3530466901532712
SURE-PM, NPMLE init: 0.15106624788273315
m: 1133
n: 100
experiment: c
Finished training EB misspecified with NPMLE init, with SURE: 0.057254295500144325
Finished training EB misspecified with NPMLE init, with in-sample MSE: 0.06321043841295179
Finished training EB misspecified, with SURE: 0.057263634899117975
Finished training EB misspecified, with in-sample MSE: 0.06321363135215054

 Training SURE of the models:
SURE-PM: 0.057263634899117975
NPMLE: 0.6240902012113131
SURE-PM, NPMLE init: 0.057254295500144325
experiment: d
Finished training EB misspecified with NPMLE init, with SURE: -0.013888958210148256
Finished training EB misspecified with NPMLE init, with in-sample MSE: 0.003183498066227193
Finished training EB misspecified, with SURE: -0.013888410120466741
Finished training EB misspecified, with in-sample MSE: 0.003183564907643476

 Training SURE of the models:
SURE-PM: -0.013888410120466741
NPMLE: -0.010059650223456309
SURE-PM, NPMLE init: -0.013888958210148256
experiment: e
Finished training EB misspecified with NPMLE init, with SURE: 0.11663982401311174
Finished training EB misspecified with NPMLE init, with in-sample MSE: 0.18925728576455136
Finished training EB misspecified, with SURE: 0.11664503332777962
Finished training EB misspecified, with in-sample MSE: 0.18925236825532774

 Training SURE of the models:
SURE-PM: 0.11664503332777962
NPMLE: 0.34749717090259297
SURE-PM, NPMLE init: 0.11663982401311174
n: 400
experiment: c
Finished training EB misspecified with NPMLE init, with SURE: 0.0346613587630155
Finished training EB misspecified with NPMLE init, with in-sample MSE: 0.0550906287403314
Finished training EB misspecified, with SURE: 0.03466476501238503
Finished training EB misspecified, with in-sample MSE: 0.05507524274031283

 Training SURE of the models:
SURE-PM: 0.03466476501238503
NPMLE: 0.5928125359296942
SURE-PM, NPMLE init: 0.0346613587630155
experiment: d
Finished training EB misspecified with NPMLE init, with SURE: 0.011182461792817122
Finished training EB misspecified with NPMLE init, with in-sample MSE: 0.005968322855150812
Finished training EB misspecified, with SURE: 0.011051688459558307
Finished training EB misspecified, with in-sample MSE: 0.006649542107935558

 Training SURE of the models:
SURE-PM: 0.011051688459558307
NPMLE: 0.04880861227631076
SURE-PM, NPMLE init: 0.011182461792817122
experiment: e
Finished training EB misspecified with NPMLE init, with SURE: 0.16434761000527737
Finished training EB misspecified with NPMLE init, with in-sample MSE: 0.23222468796455648
Finished training EB misspecified, with SURE: 0.16435512367360539
Finished training EB misspecified, with in-sample MSE: 0.23221047405720935

 Training SURE of the models:
SURE-PM: 0.16435512367360539
NPMLE: 0.31614444737827957
SURE-PM, NPMLE init: 0.16434761000527737
m: 1134
n: 100
experiment: c
Finished training EB misspecified with NPMLE init, with SURE: 0.05903923344269515
Finished training EB misspecified with NPMLE init, with in-sample MSE: 0.06918662674964846
Finished training EB misspecified, with SURE: 0.059044277807834646
Finished training EB misspecified, with in-sample MSE: 0.06918858731566281

 Training SURE of the models:
SURE-PM: 0.059044277807834646
NPMLE: 0.5800937736398083
SURE-PM, NPMLE init: 0.05903923344269515
experiment: d
Finished training EB misspecified with NPMLE init, with SURE: 0.013253782159591233
Finished training EB misspecified with NPMLE init, with in-sample MSE: 0.012904744002421458
Finished training EB misspecified, with SURE: 0.01325514908084985
Finished training EB misspecified, with in-sample MSE: 0.012903387093412795

 Training SURE of the models:
SURE-PM: 0.01325514908084985
NPMLE: 0.023958170198448342
SURE-PM, NPMLE init: 0.013253782159591233
experiment: e
Finished training EB misspecified with NPMLE init, with SURE: 0.1760274298254835
Finished training EB misspecified with NPMLE init, with in-sample MSE: 0.2123729157507401
Finished training EB misspecified, with SURE: 0.1760328510956859
Finished training EB misspecified, with in-sample MSE: 0.21239169383796505

 Training SURE of the models:
SURE-PM: 0.1760328510956859
NPMLE: 0.41782670502464897
SURE-PM, NPMLE init: 0.1760274298254835
n: 400
experiment: c
Finished training EB misspecified with NPMLE init, with SURE: 0.03803513659862176
Finished training EB misspecified with NPMLE init, with in-sample MSE: 0.0542100032952561
Finished training EB misspecified, with SURE: 0.03803387769656567
Finished training EB misspecified, with in-sample MSE: 0.05421052279667421

 Training SURE of the models:
SURE-PM: 0.03803387769656567
NPMLE: 0.7653177146511692
SURE-PM, NPMLE init: 0.03803513659862176
experiment: d
Finished training EB misspecified with NPMLE init, with SURE: -0.0047523284036069665
Finished training EB misspecified with NPMLE init, with in-sample MSE: 0.005348186661751584
Finished training EB misspecified, with SURE: -0.004752009540362767
Finished training EB misspecified, with in-sample MSE: 0.005348042796136399

 Training SURE of the models:
SURE-PM: -0.004752009540362767
NPMLE: -0.003481842170040483
SURE-PM, NPMLE init: -0.0047523284036069665
experiment: e
Finished training EB misspecified with NPMLE init, with SURE: 0.14551906892640656
Finished training EB misspecified with NPMLE init, with in-sample MSE: 0.17000273233000904
Finished training EB misspecified, with SURE: 0.1440510338218073
Finished training EB misspecified, with in-sample MSE: 0.17282413710418393

 Training SURE of the models:
SURE-PM: 0.1440510338218073
NPMLE: 0.3303466667465772
SURE-PM, NPMLE init: 0.14551906892640656
m: 1135
n: 100
experiment: c
Finished training EB misspecified with NPMLE init, with SURE: 0.09785692817750373
Finished training EB misspecified with NPMLE init, with in-sample MSE: 0.10191026640302679
Finished training EB misspecified, with SURE: 0.0978649458315536
Finished training EB misspecified, with in-sample MSE: 0.10190691391572941

 Training SURE of the models:
SURE-PM: 0.0978649458315536
NPMLE: 0.5035894686825414
SURE-PM, NPMLE init: 0.09785692817750373
experiment: d
Finished training EB misspecified with NPMLE init, with SURE: 0.003431827079469709
Finished training EB misspecified with NPMLE init, with in-sample MSE: 0.004695081104080579
Finished training EB misspecified, with SURE: 0.003431686225228692
Finished training EB misspecified, with in-sample MSE: 0.00469489186590252

 Training SURE of the models:
SURE-PM: 0.003431686225228692
NPMLE: 0.05785467880635764
SURE-PM, NPMLE init: 0.003431827079469709
experiment: e
Finished training EB misspecified with NPMLE init, with SURE: 0.16462878145829435
Finished training EB misspecified with NPMLE init, with in-sample MSE: 0.20276374749127624
Finished training EB misspecified, with SURE: 0.1646386684726251
Finished training EB misspecified, with in-sample MSE: 0.20282227011405543

 Training SURE of the models:
SURE-PM: 0.1646386684726251
NPMLE: 0.4512397349653811
SURE-PM, NPMLE init: 0.16462878145829435
n: 400
experiment: c
Finished training EB misspecified with NPMLE init, with SURE: 0.04461622467438154
Finished training EB misspecified with NPMLE init, with in-sample MSE: 0.04894906863770882
Finished training EB misspecified, with SURE: 0.04462053204443663
Finished training EB misspecified, with in-sample MSE: 0.04894882532467599

 Training SURE of the models:
SURE-PM: 0.04462053204443663
NPMLE: 0.8804573131225122
SURE-PM, NPMLE init: 0.04461622467438154
experiment: d
Finished training EB misspecified with NPMLE init, with SURE: -0.00433587658824516
Finished training EB misspecified with NPMLE init, with in-sample MSE: 0.005566206709997496
Finished training EB misspecified, with SURE: -0.004328877151154824
Finished training EB misspecified, with in-sample MSE: 0.005620458290489503

 Training SURE of the models:
SURE-PM: -0.004328877151154824
NPMLE: 0.06342191291250393
SURE-PM, NPMLE init: -0.00433587658824516
experiment: e
Finished training EB misspecified with NPMLE init, with SURE: 0.15295709870782737
Finished training EB misspecified with NPMLE init, with in-sample MSE: 0.16532486590219608
Finished training EB misspecified, with SURE: 0.15296382944602605
Finished training EB misspecified, with in-sample MSE: 0.16532578659339858

 Training SURE of the models:
SURE-PM: 0.15296382944602605
NPMLE: 0.33315746813395664
SURE-PM, NPMLE init: 0.15295709870782737
m: 1136
n: 100
experiment: c
Finished training EB misspecified with NPMLE init, with SURE: -0.11423081730568925
Finished training EB misspecified with NPMLE init, with in-sample MSE: 0.07132320919903616
Finished training EB misspecified, with SURE: -0.1142301574184814
Finished training EB misspecified, with in-sample MSE: 0.07132022868855074

 Training SURE of the models:
SURE-PM: -0.1142301574184814
NPMLE: 0.1518716087100595
SURE-PM, NPMLE init: -0.11423081730568925
experiment: d
Finished training EB misspecified with NPMLE init, with SURE: -0.025699669088454693
Finished training EB misspecified with NPMLE init, with in-sample MSE: 0.004063493069059521
Finished training EB misspecified, with SURE: -0.025699402418389496
Finished training EB misspecified, with in-sample MSE: 0.004063450311124929

 Training SURE of the models:
SURE-PM: -0.025699402418389496
NPMLE: 0.032197741885860116
SURE-PM, NPMLE init: -0.025699669088454693
experiment: e
Finished training EB misspecified with NPMLE init, with SURE: 0.131113609545436
Finished training EB misspecified with NPMLE init, with in-sample MSE: 0.09977145558689841
Finished training EB misspecified, with SURE: 0.13111665230302286
Finished training EB misspecified, with in-sample MSE: 0.09987821642553227

 Training SURE of the models:
SURE-PM: 0.13111665230302286
NPMLE: 0.33989351102974225
SURE-PM, NPMLE init: 0.131113609545436
n: 400
experiment: c
Finished training EB misspecified with NPMLE init, with SURE: 0.03185321224664904
Finished training EB misspecified with NPMLE init, with in-sample MSE: 0.06572562712169516
Finished training EB misspecified, with SURE: 0.03189993225842329
Finished training EB misspecified, with in-sample MSE: 0.06576157874211092

 Training SURE of the models:
SURE-PM: 0.03189993225842329
NPMLE: 0.5981670119755101
SURE-PM, NPMLE init: 0.03185321224664904
experiment: d
Finished training EB misspecified with NPMLE init, with SURE: -0.004476720895200685
Finished training EB misspecified with NPMLE init, with in-sample MSE: 0.006447745373577222
Finished training EB misspecified, with SURE: -0.0044760881870877615
Finished training EB misspecified, with in-sample MSE: 0.006446346307619424

 Training SURE of the models:
SURE-PM: -0.0044760881870877615
NPMLE: 0.003771123047000149
SURE-PM, NPMLE init: -0.004476720895200685
experiment: e
Finished training EB misspecified with NPMLE init, with SURE: 0.15089265399149918
Finished training EB misspecified with NPMLE init, with in-sample MSE: 0.18479318316666762
Finished training EB misspecified, with SURE: 0.15089599317956107
Finished training EB misspecified, with in-sample MSE: 0.18479377766974

 Training SURE of the models:
SURE-PM: 0.15089599317956107
NPMLE: 0.3181214585796467
SURE-PM, NPMLE init: 0.15089265399149918
m: 1137
n: 100
experiment: c
Finished training EB misspecified with NPMLE init, with SURE: -0.01094678300313177
Finished training EB misspecified with NPMLE init, with in-sample MSE: 0.042149890976983274
Finished training EB misspecified, with SURE: -0.010934692510251054
Finished training EB misspecified, with in-sample MSE: 0.04215525509355159

 Training SURE of the models:
SURE-PM: -0.010934692510251054
NPMLE: 0.7405284250503553
SURE-PM, NPMLE init: -0.01094678300313177
experiment: d
Finished training EB misspecified with NPMLE init, with SURE: -0.010578324202015477
Finished training EB misspecified with NPMLE init, with in-sample MSE: 0.003615502682338522
Finished training EB misspecified, with SURE: -0.010578033369066446
Finished training EB misspecified, with in-sample MSE: 0.0036153999492399636

 Training SURE of the models:
SURE-PM: -0.010578033369066446
NPMLE: 0.0008680448855073309
SURE-PM, NPMLE init: -0.010578324202015477
experiment: e
Finished training EB misspecified with NPMLE init, with SURE: 0.14221231210371912
Finished training EB misspecified with NPMLE init, with in-sample MSE: 0.14882942057201848
Finished training EB misspecified, with SURE: 0.1422202884232982
Finished training EB misspecified, with in-sample MSE: 0.14882572796572072

 Training SURE of the models:
SURE-PM: 0.1422202884232982
NPMLE: 0.34766788572695284
SURE-PM, NPMLE init: 0.14221231210371912
n: 400
experiment: c
Finished training EB misspecified with NPMLE init, with SURE: 0.07068358313452855
Finished training EB misspecified with NPMLE init, with in-sample MSE: 0.07131903574575256
Finished training EB misspecified, with SURE: 0.07068553577859767
Finished training EB misspecified, with in-sample MSE: 0.0713204879436567

 Training SURE of the models:
SURE-PM: 0.07068553577859767
NPMLE: 0.6676304859917919
SURE-PM, NPMLE init: 0.07068358313452855
experiment: d
Finished training EB misspecified with NPMLE init, with SURE: -0.006558090009107591
Finished training EB misspecified with NPMLE init, with in-sample MSE: 0.006326493736145139
Finished training EB misspecified, with SURE: -0.006557822897984824
Finished training EB misspecified, with in-sample MSE: 0.006326360326549916

 Training SURE of the models:
SURE-PM: -0.006557822897984824
NPMLE: -0.0034309340759070394
SURE-PM, NPMLE init: -0.006558090009107591
experiment: e
Finished training EB misspecified with NPMLE init, with SURE: 0.16823289026208063
Finished training EB misspecified with NPMLE init, with in-sample MSE: 0.1675365306316292
Finished training EB misspecified, with SURE: 0.1673439015032886
Finished training EB misspecified, with in-sample MSE: 0.166003872650161

 Training SURE of the models:
SURE-PM: 0.1673439015032886
NPMLE: 0.30737841325368215
SURE-PM, NPMLE init: 0.16823289026208063
m: 1138
n: 100
experiment: c
Finished training EB misspecified with NPMLE init, with SURE: 0.0321994240972306
Finished training EB misspecified with NPMLE init, with in-sample MSE: 0.16529031388270202
Finished training EB misspecified, with SURE: 0.03223420256904277
Finished training EB misspecified, with in-sample MSE: 0.16535161566276152

 Training SURE of the models:
SURE-PM: 0.03223420256904277
NPMLE: 0.20939207942767454
SURE-PM, NPMLE init: 0.0321994240972306
experiment: d
Finished training EB misspecified with NPMLE init, with SURE: -0.013280205056518729
Finished training EB misspecified with NPMLE init, with in-sample MSE: 0.02833379077754029
Finished training EB misspecified, with SURE: -0.013276282032708765
Finished training EB misspecified, with in-sample MSE: 0.02818822255234402

 Training SURE of the models:
SURE-PM: -0.013276282032708765
NPMLE: -0.0019505950237924097
SURE-PM, NPMLE init: -0.013280205056518729
experiment: e
Finished training EB misspecified with NPMLE init, with SURE: 0.10789348984344
Finished training EB misspecified with NPMLE init, with in-sample MSE: 0.23235262608049134
Finished training EB misspecified, with SURE: 0.10790031680400677
Finished training EB misspecified, with in-sample MSE: 0.23236680663398337

 Training SURE of the models:
SURE-PM: 0.10790031680400677
NPMLE: 0.41591549038859654
SURE-PM, NPMLE init: 0.10789348984344
n: 400
experiment: c
Finished training EB misspecified with NPMLE init, with SURE: -0.06613714626363766
Finished training EB misspecified with NPMLE init, with in-sample MSE: 0.06786821355298173
Finished training EB misspecified, with SURE: -0.06613715194510085
Finished training EB misspecified, with in-sample MSE: 0.06788536758826143

 Training SURE of the models:
SURE-PM: -0.06613715194510085
NPMLE: 0.25794380604862616
SURE-PM, NPMLE init: -0.06613714626363766
experiment: d
Finished training EB misspecified with NPMLE init, with SURE: 0.007382804264736507
Finished training EB misspecified with NPMLE init, with in-sample MSE: 0.00391017479376818
Finished training EB misspecified, with SURE: 0.0073830504740694455
Finished training EB misspecified, with in-sample MSE: 0.003910079563877097

 Training SURE of the models:
SURE-PM: 0.0073830504740694455
NPMLE: 0.08312394762143825
SURE-PM, NPMLE init: 0.007382804264736507
experiment: e
Finished training EB misspecified with NPMLE init, with SURE: 0.14062039275303037
Finished training EB misspecified with NPMLE init, with in-sample MSE: 0.1759571682363374
Finished training EB misspecified, with SURE: 0.14060511857237565
Finished training EB misspecified, with in-sample MSE: 0.1758437433024651

 Training SURE of the models:
SURE-PM: 0.14060511857237565
NPMLE: 0.3521607091887686
SURE-PM, NPMLE init: 0.14062039275303037
m: 1139
n: 100
experiment: c
Finished training EB misspecified with NPMLE init, with SURE: -0.031183710376362656
Finished training EB misspecified with NPMLE init, with in-sample MSE: 0.10035994466391668
Finished training EB misspecified, with SURE: -0.031184658948869383
Finished training EB misspecified, with in-sample MSE: 0.10053764320343651

 Training SURE of the models:
SURE-PM: -0.031184658948869383
NPMLE: 0.15780273539973563
SURE-PM, NPMLE init: -0.031183710376362656
experiment: d
Finished training EB misspecified with NPMLE init, with SURE: -0.009765474509875905
Finished training EB misspecified with NPMLE init, with in-sample MSE: 0.00930754708806437
Finished training EB misspecified, with SURE: -0.009765449525714818
Finished training EB misspecified, with in-sample MSE: 0.009307359058483474

 Training SURE of the models:
SURE-PM: -0.009765449525714818
NPMLE: 0.21568393082116136
SURE-PM, NPMLE init: -0.009765474509875905
experiment: e
Finished training EB misspecified with NPMLE init, with SURE: 0.14995390377867623
Finished training EB misspecified with NPMLE init, with in-sample MSE: 0.2045089960708322
Finished training EB misspecified, with SURE: 0.1499629489302294
Finished training EB misspecified, with in-sample MSE: 0.20453210870153565

 Training SURE of the models:
SURE-PM: 0.1499629489302294
NPMLE: 0.3205347914942343
SURE-PM, NPMLE init: 0.14995390377867623
n: 400
experiment: c
Finished training EB misspecified with NPMLE init, with SURE: 0.07891843955115461
Finished training EB misspecified with NPMLE init, with in-sample MSE: 0.056460484497098375
Finished training EB misspecified, with SURE: 0.07892193646062197
Finished training EB misspecified, with in-sample MSE: 0.05645802551701038

 Training SURE of the models:
SURE-PM: 0.07892193646062197
NPMLE: 0.733604000462283
SURE-PM, NPMLE init: 0.07891843955115461
experiment: d
Finished training EB misspecified with NPMLE init, with SURE: 2.6022788311905742e-05
Finished training EB misspecified with NPMLE init, with in-sample MSE: 0.014824669709426934
Finished training EB misspecified, with SURE: 2.8296294968104265e-05
Finished training EB misspecified, with in-sample MSE: 0.014883243124814215

 Training SURE of the models:
SURE-PM: 2.8296294968104265e-05
NPMLE: 0.17225257090666077
SURE-PM, NPMLE init: 2.6022788311905742e-05
experiment: e
Finished training EB misspecified with NPMLE init, with SURE: 0.17865282344440142
Finished training EB misspecified with NPMLE init, with in-sample MSE: 0.18000415728655964
Finished training EB misspecified, with SURE: 0.1786629866391225
Finished training EB misspecified, with in-sample MSE: 0.17999787346323096

 Training SURE of the models:
SURE-PM: 0.1786629866391225
NPMLE: 0.3030319809051413
SURE-PM, NPMLE init: 0.17865282344440142
m: 1140
n: 100
experiment: c
Finished training EB misspecified with NPMLE init, with SURE: 0.011368586078907797
Finished training EB misspecified with NPMLE init, with in-sample MSE: 0.05893181396878222
Finished training EB misspecified, with SURE: 0.011373854078183428
Finished training EB misspecified, with in-sample MSE: 0.0589212119584619

 Training SURE of the models:
SURE-PM: 0.011373854078183428
NPMLE: 0.5387553189668557
SURE-PM, NPMLE init: 0.011368586078907797
experiment: d
Finished training EB misspecified with NPMLE init, with SURE: -0.02963325673173589
Finished training EB misspecified with NPMLE init, with in-sample MSE: 0.005141352338234342
Finished training EB misspecified, with SURE: -0.02963279564293213
Finished training EB misspecified, with in-sample MSE: 0.005141331187853259

 Training SURE of the models:
SURE-PM: -0.02963279564293213
NPMLE: -0.021902598667229666
SURE-PM, NPMLE init: -0.02963325673173589
experiment: e
Finished training EB misspecified with NPMLE init, with SURE: 0.054098321743071054
Finished training EB misspecified with NPMLE init, with in-sample MSE: 0.23078159807084353
Finished training EB misspecified, with SURE: 0.05411362765827015
Finished training EB misspecified, with in-sample MSE: 0.23083255029446786

 Training SURE of the models:
SURE-PM: 0.05411362765827015
NPMLE: 0.2728740990084785
SURE-PM, NPMLE init: 0.054098321743071054
n: 400
experiment: c
Finished training EB misspecified with NPMLE init, with SURE: 0.07315753322890388
Finished training EB misspecified with NPMLE init, with in-sample MSE: 0.07480369820410533
Finished training EB misspecified, with SURE: 0.07327275602660806
Finished training EB misspecified, with in-sample MSE: 0.07517923406540562

 Training SURE of the models:
SURE-PM: 0.07327275602660806
NPMLE: 0.44109062123867077
SURE-PM, NPMLE init: 0.07315753322890388
experiment: d
Finished training EB misspecified with NPMLE init, with SURE: 0.01625160787820109
Finished training EB misspecified with NPMLE init, with in-sample MSE: 0.008911801578170236
Finished training EB misspecified, with SURE: 0.01625414409573809
Finished training EB misspecified, with in-sample MSE: 0.008898838231140828

 Training SURE of the models:
SURE-PM: 0.01625414409573809
NPMLE: 0.11888322231337353
SURE-PM, NPMLE init: 0.01625160787820109
experiment: e
Finished training EB misspecified with NPMLE init, with SURE: 0.17427869270705762
Finished training EB misspecified with NPMLE init, with in-sample MSE: 0.1975225653882921
Finished training EB misspecified, with SURE: 0.17383953756048015
Finished training EB misspecified, with in-sample MSE: 0.19822844809140508

 Training SURE of the models:
SURE-PM: 0.17383953756048015
NPMLE: 0.3080524591402029
SURE-PM, NPMLE init: 0.17427869270705762
m: 1141
n: 100
experiment: c
Finished training EB misspecified with NPMLE init, with SURE: 0.09597232307848856
Finished training EB misspecified with NPMLE init, with in-sample MSE: 0.11620779842160733
Finished training EB misspecified, with SURE: 0.0959977713350537
Finished training EB misspecified, with in-sample MSE: 0.1162693834722372

 Training SURE of the models:
SURE-PM: 0.0959977713350537
NPMLE: 0.8103442242009841
SURE-PM, NPMLE init: 0.09597232307848856
experiment: d
Finished training EB misspecified with NPMLE init, with SURE: -0.022508627274720094
Finished training EB misspecified with NPMLE init, with in-sample MSE: 0.030397043897572383
Finished training EB misspecified, with SURE: -0.02250689757105379
Finished training EB misspecified, with in-sample MSE: 0.0303945043122518

 Training SURE of the models:
SURE-PM: -0.02250689757105379
NPMLE: -0.0019437877530799953
SURE-PM, NPMLE init: -0.022508627274720094
experiment: e
Finished training EB misspecified with NPMLE init, with SURE: 0.07941500515091257
Finished training EB misspecified with NPMLE init, with in-sample MSE: 0.29069082633084864
Finished training EB misspecified, with SURE: 0.07942532429339537
Finished training EB misspecified, with in-sample MSE: 0.2906500230489707

 Training SURE of the models:
SURE-PM: 0.07942532429339537
NPMLE: 0.26179157217625615
SURE-PM, NPMLE init: 0.07941500515091257
n: 400
experiment: c
Finished training EB misspecified with NPMLE init, with SURE: 0.07661119307948538
Finished training EB misspecified with NPMLE init, with in-sample MSE: 0.06373147545413403
Finished training EB misspecified, with SURE: 0.07665476837759343
Finished training EB misspecified, with in-sample MSE: 0.06370479159544701

 Training SURE of the models:
SURE-PM: 0.07665476837759343
NPMLE: 0.6429109013095373
SURE-PM, NPMLE init: 0.07661119307948538
experiment: d
Finished training EB misspecified with NPMLE init, with SURE: -0.0023154933417283453
Finished training EB misspecified with NPMLE init, with in-sample MSE: 0.004620553830896075
Finished training EB misspecified, with SURE: -0.002208041693092735
Finished training EB misspecified, with in-sample MSE: 0.0039705368069143775

 Training SURE of the models:
SURE-PM: -0.002208041693092735
NPMLE: -0.0020685726996953592
SURE-PM, NPMLE init: -0.0023154933417283453
experiment: e
Finished training EB misspecified with NPMLE init, with SURE: 0.1351559068501645
Finished training EB misspecified with NPMLE init, with in-sample MSE: 0.15703565429966587
Finished training EB misspecified, with SURE: 0.13516208557219536
Finished training EB misspecified, with in-sample MSE: 0.15703836794152756

 Training SURE of the models:
SURE-PM: 0.13516208557219536
NPMLE: 0.3405370360433615
SURE-PM, NPMLE init: 0.1351559068501645
m: 1142
n: 100
experiment: c
Finished training EB misspecified with NPMLE init, with SURE: -0.10464372975998253
Finished training EB misspecified with NPMLE init, with in-sample MSE: 0.06216151851141724
Finished training EB misspecified, with SURE: -0.10584225379094975
Finished training EB misspecified, with in-sample MSE: 0.0638259654642036

 Training SURE of the models:
SURE-PM: -0.10584225379094975
NPMLE: 0.4779193704462434
SURE-PM, NPMLE init: -0.10464372975998253
experiment: d
Finished training EB misspecified with NPMLE init, with SURE: 0.01434155641735071
Finished training EB misspecified with NPMLE init, with in-sample MSE: 0.005392359327491247
Finished training EB misspecified, with SURE: 0.014343169307920168
Finished training EB misspecified, with in-sample MSE: 0.005400134901737004

 Training SURE of the models:
SURE-PM: 0.014343169307920168
NPMLE: 0.018801063039495088
SURE-PM, NPMLE init: 0.01434155641735071
experiment: e
Finished training EB misspecified with NPMLE init, with SURE: 0.12429940590091952
Finished training EB misspecified with NPMLE init, with in-sample MSE: 0.16441883060454
Finished training EB misspecified, with SURE: 0.12430305231042034
Finished training EB misspecified, with in-sample MSE: 0.16444169176459458

 Training SURE of the models:
SURE-PM: 0.12430305231042034
NPMLE: 0.3747986438118129
SURE-PM, NPMLE init: 0.12429940590091952
n: 400
experiment: c
Finished training EB misspecified with NPMLE init, with SURE: 0.047041863115944695
Finished training EB misspecified with NPMLE init, with in-sample MSE: 0.05417039786192799
Finished training EB misspecified, with SURE: 0.047196691860386226
Finished training EB misspecified, with in-sample MSE: 0.05429163372502943

 Training SURE of the models:
SURE-PM: 0.047196691860386226
NPMLE: 0.8555374881651503
SURE-PM, NPMLE init: 0.047041863115944695
experiment: d
Finished training EB misspecified with NPMLE init, with SURE: 0.0032419218411986785
Finished training EB misspecified with NPMLE init, with in-sample MSE: 0.008386672380396662
Finished training EB misspecified, with SURE: 0.005354254468614297
Finished training EB misspecified, with in-sample MSE: 0.005827627913913792

 Training SURE of the models:
SURE-PM: 0.005354254468614297
NPMLE: 0.0629128600486678
SURE-PM, NPMLE init: 0.0032419218411986785
experiment: e
Finished training EB misspecified with NPMLE init, with SURE: 0.15317094540509288
Finished training EB misspecified with NPMLE init, with in-sample MSE: 0.16948787254257663
Finished training EB misspecified, with SURE: 0.15319118534354467
Finished training EB misspecified, with in-sample MSE: 0.16972513978533355

 Training SURE of the models:
SURE-PM: 0.15319118534354467
NPMLE: 0.3336384260541719
SURE-PM, NPMLE init: 0.15317094540509288
m: 1143
n: 100
experiment: c
Finished training EB misspecified with NPMLE init, with SURE: 0.16285906178219534
Finished training EB misspecified with NPMLE init, with in-sample MSE: 0.09231348571514594
Finished training EB misspecified, with SURE: 0.16284048960523365
Finished training EB misspecified, with in-sample MSE: 0.09236987304525261

 Training SURE of the models:
SURE-PM: 0.16284048960523365
NPMLE: 0.7257444012947692
SURE-PM, NPMLE init: 0.16285906178219534
experiment: d
Finished training EB misspecified with NPMLE init, with SURE: 0.0010472225535983705
Finished training EB misspecified with NPMLE init, with in-sample MSE: 0.013598861870290978
Finished training EB misspecified, with SURE: 0.0005847210440837536
Finished training EB misspecified, with in-sample MSE: 0.02802598476588093

 Training SURE of the models:
SURE-PM: 0.0005847210440837536
NPMLE: 0.00554701354759791
SURE-PM, NPMLE init: 0.0010472225535983705
experiment: e
Finished training EB misspecified with NPMLE init, with SURE: 0.12611468073969262
Finished training EB misspecified with NPMLE init, with in-sample MSE: 0.2118202300749039
Finished training EB misspecified, with SURE: 0.12611801114603333
Finished training EB misspecified, with in-sample MSE: 0.21206153333917377

 Training SURE of the models:
SURE-PM: 0.12611801114603333
NPMLE: 0.5261321302558963
SURE-PM, NPMLE init: 0.12611468073969262
n: 400
experiment: c
Finished training EB misspecified with NPMLE init, with SURE: 0.015239624160106402
Finished training EB misspecified with NPMLE init, with in-sample MSE: 0.051016825549651326
Finished training EB misspecified, with SURE: 0.015245465430776406
Finished training EB misspecified, with in-sample MSE: 0.05101676316775444

 Training SURE of the models:
SURE-PM: 0.015245465430776406
NPMLE: 0.9395517285006408
SURE-PM, NPMLE init: 0.015239624160106402
experiment: d
Finished training EB misspecified with NPMLE init, with SURE: 0.023275337241869407
Finished training EB misspecified with NPMLE init, with in-sample MSE: 0.012692856010217331
Finished training EB misspecified, with SURE: 0.023284154080444656
Finished training EB misspecified, with in-sample MSE: 0.012708833294220538

 Training SURE of the models:
SURE-PM: 0.023284154080444656
NPMLE: 0.11174087286967517
SURE-PM, NPMLE init: 0.023275337241869407
experiment: e
Finished training EB misspecified with NPMLE init, with SURE: 0.14016391221296343
Finished training EB misspecified with NPMLE init, with in-sample MSE: 0.16721168783785656
Finished training EB misspecified, with SURE: 0.1401726038617108
Finished training EB misspecified, with in-sample MSE: 0.16721138372360525

 Training SURE of the models:
SURE-PM: 0.1401726038617108
NPMLE: 0.3306747886072061
SURE-PM, NPMLE init: 0.14016391221296343
m: 1144
n: 100
experiment: c
Finished training EB misspecified with NPMLE init, with SURE: 0.058353782085623605
Finished training EB misspecified with NPMLE init, with in-sample MSE: 0.07362451272327741
Finished training EB misspecified, with SURE: 0.058356464182660876
Finished training EB misspecified, with in-sample MSE: 0.07362341680666767

 Training SURE of the models:
SURE-PM: 0.058356464182660876
NPMLE: 0.7659647584206877
SURE-PM, NPMLE init: 0.058353782085623605
experiment: d
Finished training EB misspecified with NPMLE init, with SURE: -0.0026370686570133016
Finished training EB misspecified with NPMLE init, with in-sample MSE: 0.004823814072702647
Finished training EB misspecified, with SURE: -0.0026367430346157053
Finished training EB misspecified, with in-sample MSE: 0.004822732382873683

 Training SURE of the models:
SURE-PM: -0.0026367430346157053
NPMLE: -0.002616272594260973
SURE-PM, NPMLE init: -0.0026370686570133016
experiment: e
Finished training EB misspecified with NPMLE init, with SURE: 0.1129215614039077
Finished training EB misspecified with NPMLE init, with in-sample MSE: 0.22112998786677882
Finished training EB misspecified, with SURE: 0.11292281715704303
Finished training EB misspecified, with in-sample MSE: 0.22120345494932608

 Training SURE of the models:
SURE-PM: 0.11292281715704303
NPMLE: 0.2649243367669208
SURE-PM, NPMLE init: 0.1129215614039077
n: 400
experiment: c
Finished training EB misspecified with NPMLE init, with SURE: 0.044534668595037415
Finished training EB misspecified with NPMLE init, with in-sample MSE: 0.0603703790287392
Finished training EB misspecified, with SURE: 0.04454156346603987
Finished training EB misspecified, with in-sample MSE: 0.060367675539266905

 Training SURE of the models:
SURE-PM: 0.04454156346603987
NPMLE: 1.0021915180250278
SURE-PM, NPMLE init: 0.044534668595037415
experiment: d
Finished training EB misspecified with NPMLE init, with SURE: 0.004365312876982941
Finished training EB misspecified with NPMLE init, with in-sample MSE: 0.005072198630735287
Finished training EB misspecified, with SURE: 0.004368976237217535
Finished training EB misspecified, with in-sample MSE: 0.0050755942642178985

 Training SURE of the models:
SURE-PM: 0.004368976237217535
NPMLE: 0.09931732223502932
SURE-PM, NPMLE init: 0.004365312876982941
experiment: e
Finished training EB misspecified with NPMLE init, with SURE: 0.14555785597797902
Finished training EB misspecified with NPMLE init, with in-sample MSE: 0.19263299630062464
Finished training EB misspecified, with SURE: 0.14375974541356484
Finished training EB misspecified, with in-sample MSE: 0.19256437696305276

 Training SURE of the models:
SURE-PM: 0.14375974541356484
NPMLE: 0.3290800739434711
SURE-PM, NPMLE init: 0.14555785597797902
m: 1145
n: 100
experiment: c
Finished training EB misspecified with NPMLE init, with SURE: -0.0030683150936369687
Finished training EB misspecified with NPMLE init, with in-sample MSE: 0.24800235741266158
Finished training EB misspecified, with SURE: -0.0030473336857329515
Finished training EB misspecified, with in-sample MSE: 0.24794615047866994

 Training SURE of the models:
SURE-PM: -0.0030473336857329515
NPMLE: 1.1770961844672838
SURE-PM, NPMLE init: -0.0030683150936369687
experiment: d
Finished training EB misspecified with NPMLE init, with SURE: 0.012904654018202812
Finished training EB misspecified with NPMLE init, with in-sample MSE: 0.011664284370622124
Finished training EB misspecified, with SURE: 0.01290476680638534
Finished training EB misspecified, with in-sample MSE: 0.011663880541518687

 Training SURE of the models:
SURE-PM: 0.01290476680638534
NPMLE: 0.10368639448577893
SURE-PM, NPMLE init: 0.012904654018202812
experiment: e
Finished training EB misspecified with NPMLE init, with SURE: 0.1245228729637174
Finished training EB misspecified with NPMLE init, with in-sample MSE: 0.17081523629772621
Finished training EB misspecified, with SURE: 0.12453291021458643
Finished training EB misspecified, with in-sample MSE: 0.17084642381331405

 Training SURE of the models:
SURE-PM: 0.12453291021458643
NPMLE: 0.33441243130708903
SURE-PM, NPMLE init: 0.1245228729637174
n: 400
experiment: c
Finished training EB misspecified with NPMLE init, with SURE: 0.022205664845668167
Finished training EB misspecified with NPMLE init, with in-sample MSE: 0.06045074357438192
Finished training EB misspecified, with SURE: 0.02220632074520097
Finished training EB misspecified, with in-sample MSE: 0.06045235617817109

 Training SURE of the models:
SURE-PM: 0.02220632074520097
NPMLE: 0.4949745955534597
SURE-PM, NPMLE init: 0.022205664845668167
experiment: d
Finished training EB misspecified with NPMLE init, with SURE: 0.009739973219589472
Finished training EB misspecified with NPMLE init, with in-sample MSE: 0.009821037881879878
Finished training EB misspecified, with SURE: 0.009741105493405088
Finished training EB misspecified, with in-sample MSE: 0.00981432372145109

 Training SURE of the models:
SURE-PM: 0.009741105493405088
NPMLE: 0.012297037281125326
SURE-PM, NPMLE init: 0.009739973219589472
experiment: e
Finished training EB misspecified with NPMLE init, with SURE: 0.16195175130472036
Finished training EB misspecified with NPMLE init, with in-sample MSE: 0.1847048925776332
Finished training EB misspecified, with SURE: 0.16195602424223396
Finished training EB misspecified, with in-sample MSE: 0.18470245998275703

 Training SURE of the models:
SURE-PM: 0.16195602424223396
NPMLE: 0.3036615990126547
SURE-PM, NPMLE init: 0.16195175130472036
m: 1146
n: 100
experiment: c
Finished training EB misspecified with NPMLE init, with SURE: 0.10846824238627853
Finished training EB misspecified with NPMLE init, with in-sample MSE: 0.06392655871950112
Finished training EB misspecified, with SURE: 0.10848139448454468
Finished training EB misspecified, with in-sample MSE: 0.06393009479171931

 Training SURE of the models:
SURE-PM: 0.10848139448454468
NPMLE: 0.6486782708820737
SURE-PM, NPMLE init: 0.10846824238627853
experiment: d
Finished training EB misspecified with NPMLE init, with SURE: 0.012239161242606045
Finished training EB misspecified with NPMLE init, with in-sample MSE: 0.009096058459508408
Finished training EB misspecified, with SURE: 0.01224075157234255
Finished training EB misspecified, with in-sample MSE: 0.00909450441328864

 Training SURE of the models:
SURE-PM: 0.01224075157234255
NPMLE: 0.018211330391185408
SURE-PM, NPMLE init: 0.012239161242606045
experiment: e
Finished training EB misspecified with NPMLE init, with SURE: 0.1450806507712629
Finished training EB misspecified with NPMLE init, with in-sample MSE: 0.21891846682689717
Finished training EB misspecified, with SURE: 0.14509166059920334
Finished training EB misspecified, with in-sample MSE: 0.2188566380317452

 Training SURE of the models:
SURE-PM: 0.14509166059920334
NPMLE: 0.3132585914926997
SURE-PM, NPMLE init: 0.1450806507712629
n: 400
experiment: c
Finished training EB misspecified with NPMLE init, with SURE: 0.07134207909264369
Finished training EB misspecified with NPMLE init, with in-sample MSE: 0.05112244963109589
Finished training EB misspecified, with SURE: 0.07136263778429594
Finished training EB misspecified, with in-sample MSE: 0.05108620154863356

 Training SURE of the models:
SURE-PM: 0.07136263778429594
NPMLE: 0.9562357410001658
SURE-PM, NPMLE init: 0.07134207909264369
experiment: d
Finished training EB misspecified with NPMLE init, with SURE: 0.008108268884433762
Finished training EB misspecified with NPMLE init, with in-sample MSE: 0.006663863814987686
Finished training EB misspecified, with SURE: 0.007839130999970686
Finished training EB misspecified, with in-sample MSE: 0.007002104713974846

 Training SURE of the models:
SURE-PM: 0.007839130999970686
NPMLE: 0.038577674306300214
SURE-PM, NPMLE init: 0.008108268884433762
experiment: e
Finished training EB misspecified with NPMLE init, with SURE: 0.16608186452897925
Finished training EB misspecified with NPMLE init, with in-sample MSE: 0.1666818115012582
Finished training EB misspecified, with SURE: 0.16609473445855963
Finished training EB misspecified, with in-sample MSE: 0.16668090637841496

 Training SURE of the models:
SURE-PM: 0.16609473445855963
NPMLE: 0.3090146044508472
SURE-PM, NPMLE init: 0.16608186452897925
m: 1147
n: 100
experiment: c
Finished training EB misspecified with NPMLE init, with SURE: -0.08793986367663408
Finished training EB misspecified with NPMLE init, with in-sample MSE: 0.18000404680378668
Finished training EB misspecified, with SURE: -0.08587030038745652
Finished training EB misspecified, with in-sample MSE: 0.18477549827806072

 Training SURE of the models:
SURE-PM: -0.08587030038745652
NPMLE: 0.9809900628733574
SURE-PM, NPMLE init: -0.08793986367663408
experiment: d
Finished training EB misspecified with NPMLE init, with SURE: 0.014767381573749603
Finished training EB misspecified with NPMLE init, with in-sample MSE: 0.01411401372949275
Finished training EB misspecified, with SURE: 0.014769288697680879
Finished training EB misspecified, with in-sample MSE: 0.014109888731100783

 Training SURE of the models:
SURE-PM: 0.014769288697680879
NPMLE: 0.034834439077211315
SURE-PM, NPMLE init: 0.014767381573749603
experiment: e
Finished training EB misspecified with NPMLE init, with SURE: 0.18536851649386837
Finished training EB misspecified with NPMLE init, with in-sample MSE: 0.24677953645097264
Finished training EB misspecified, with SURE: 0.1721572734518097
Finished training EB misspecified, with in-sample MSE: 0.24721143795215167

 Training SURE of the models:
SURE-PM: 0.1721572734518097
NPMLE: 0.273930323321577
SURE-PM, NPMLE init: 0.18536851649386837
n: 400
experiment: c
Finished training EB misspecified with NPMLE init, with SURE: 0.04532290994458471
Finished training EB misspecified with NPMLE init, with in-sample MSE: 0.058479422634699595
Finished training EB misspecified, with SURE: 0.045331083065759684
Finished training EB misspecified, with in-sample MSE: 0.058483923778624686

 Training SURE of the models:
SURE-PM: 0.045331083065759684
NPMLE: 0.6185421420383489
SURE-PM, NPMLE init: 0.04532290994458471
experiment: d
Finished training EB misspecified with NPMLE init, with SURE: -0.004148780509022175
Finished training EB misspecified with NPMLE init, with in-sample MSE: 0.00553452847175348
Finished training EB misspecified, with SURE: -0.004148789162038256
Finished training EB misspecified, with in-sample MSE: 0.005534667894632424

 Training SURE of the models:
SURE-PM: -0.004148789162038256
NPMLE: 0.07383953013237977
SURE-PM, NPMLE init: -0.004148780509022175
experiment: e
Finished training EB misspecified with NPMLE init, with SURE: 0.14940357382200672
Finished training EB misspecified with NPMLE init, with in-sample MSE: 0.18122390262285676
Finished training EB misspecified, with SURE: 0.14940306567892783
Finished training EB misspecified, with in-sample MSE: 0.18121739696349148

 Training SURE of the models:
SURE-PM: 0.14940306567892783
NPMLE: 0.3095379782718178
SURE-PM, NPMLE init: 0.14940357382200672
m: 1148
n: 100
experiment: c
Finished training EB misspecified with NPMLE init, with SURE: 0.01906569034533561
Finished training EB misspecified with NPMLE init, with in-sample MSE: 0.14351763719931576
Finished training EB misspecified, with SURE: 0.01907251023407298
Finished training EB misspecified, with in-sample MSE: 0.14349837873666987

 Training SURE of the models:
SURE-PM: 0.01907251023407298
NPMLE: 0.4343592656852352
SURE-PM, NPMLE init: 0.01906569034533561
experiment: d
Finished training EB misspecified with NPMLE init, with SURE: 0.01318991425885427
Finished training EB misspecified with NPMLE init, with in-sample MSE: 0.009771598533207415
Finished training EB misspecified, with SURE: 0.013190195058047376
Finished training EB misspecified, with in-sample MSE: 0.009771348496133713

 Training SURE of the models:
SURE-PM: 0.013190195058047376
NPMLE: 0.016580041132815068
SURE-PM, NPMLE init: 0.01318991425885427
experiment: e
Finished training EB misspecified with NPMLE init, with SURE: 0.14539194436817807
Finished training EB misspecified with NPMLE init, with in-sample MSE: 0.2484892954803946
Finished training EB misspecified, with SURE: 0.14542217178660902
Finished training EB misspecified, with in-sample MSE: 0.25073418502970846

 Training SURE of the models:
SURE-PM: 0.14542217178660902
NPMLE: 0.26748481897938314
SURE-PM, NPMLE init: 0.14539194436817807
n: 400
experiment: c
Finished training EB misspecified with NPMLE init, with SURE: 0.09953312972631359
Finished training EB misspecified with NPMLE init, with in-sample MSE: 0.0710213808740516
Finished training EB misspecified, with SURE: 0.09956252636970994
Finished training EB misspecified, with in-sample MSE: 0.07098188877889405

 Training SURE of the models:
SURE-PM: 0.09956252636970994
NPMLE: 0.3749924502540785
SURE-PM, NPMLE init: 0.09953312972631359
experiment: d
Finished training EB misspecified with NPMLE init, with SURE: -0.008455015890689577
Finished training EB misspecified with NPMLE init, with in-sample MSE: 0.006101214092430421
Finished training EB misspecified, with SURE: -0.008454738684039693
Finished training EB misspecified, with in-sample MSE: 0.006101121086783854

 Training SURE of the models:
SURE-PM: -0.008454738684039693
NPMLE: 0.009499258757017692
SURE-PM, NPMLE init: -0.008455015890689577
experiment: e
Finished training EB misspecified with NPMLE init, with SURE: 0.14680878670730807
Finished training EB misspecified with NPMLE init, with in-sample MSE: 0.19468011017761555
Finished training EB misspecified, with SURE: 0.14722570447517036
Finished training EB misspecified, with in-sample MSE: 0.19612483091992935

 Training SURE of the models:
SURE-PM: 0.14722570447517036
NPMLE: 0.3260761043439843
SURE-PM, NPMLE init: 0.14680878670730807
m: 1149
n: 100
experiment: c
Finished training EB misspecified with NPMLE init, with SURE: 0.03303468797436977
Finished training EB misspecified with NPMLE init, with in-sample MSE: 0.07417807444552992
Finished training EB misspecified, with SURE: 0.0330421938904869
Finished training EB misspecified, with in-sample MSE: 0.0741926829674432

 Training SURE of the models:
SURE-PM: 0.0330421938904869
NPMLE: 0.44630781986632506
SURE-PM, NPMLE init: 0.03303468797436977
experiment: d
Finished training EB misspecified with NPMLE init, with SURE: 0.014270687729125769
Finished training EB misspecified with NPMLE init, with in-sample MSE: 0.013222526625430412
Finished training EB misspecified, with SURE: 0.014271322192999564
Finished training EB misspecified, with in-sample MSE: 0.013221882472486355

 Training SURE of the models:
SURE-PM: 0.014271322192999564
NPMLE: 0.029139438758282062
SURE-PM, NPMLE init: 0.014270687729125769
experiment: e
Finished training EB misspecified with NPMLE init, with SURE: 0.16771383817864335
Finished training EB misspecified with NPMLE init, with in-sample MSE: 0.20396933032969816
Finished training EB misspecified, with SURE: 0.1677224400774082
Finished training EB misspecified, with in-sample MSE: 0.20396746696949156

 Training SURE of the models:
SURE-PM: 0.1677224400774082
NPMLE: 0.27902012935400966
SURE-PM, NPMLE init: 0.16771383817864335
n: 400
experiment: c
Finished training EB misspecified with NPMLE init, with SURE: 0.08420427962487757
Finished training EB misspecified with NPMLE init, with in-sample MSE: 0.06275648260661662
Finished training EB misspecified, with SURE: 0.08423207326879854
Finished training EB misspecified, with in-sample MSE: 0.06273591875437305

 Training SURE of the models:
SURE-PM: 0.08423207326879854
NPMLE: 0.6860260316369755
SURE-PM, NPMLE init: 0.08420427962487757
experiment: d
Finished training EB misspecified with NPMLE init, with SURE: 0.010285270959571609
Finished training EB misspecified with NPMLE init, with in-sample MSE: 0.011370933963627688
Finished training EB misspecified, with SURE: 0.013450270425030003
Finished training EB misspecified, with in-sample MSE: 0.006497265270953305

 Training SURE of the models:
SURE-PM: 0.013450270425030003
NPMLE: 0.07241584403842233
SURE-PM, NPMLE init: 0.010285270959571609
experiment: e
Finished training EB misspecified with NPMLE init, with SURE: 0.17459533833091867
Finished training EB misspecified with NPMLE init, with in-sample MSE: 0.19114857742527802
Finished training EB misspecified, with SURE: 0.1746093325887631
Finished training EB misspecified, with in-sample MSE: 0.19114735255487486

 Training SURE of the models:
SURE-PM: 0.1746093325887631
NPMLE: 0.3200421709286316
SURE-PM, NPMLE init: 0.17459533833091867
m: 1150
n: 100
experiment: c
Finished training EB misspecified with NPMLE init, with SURE: 0.005008796926128482
Finished training EB misspecified with NPMLE init, with in-sample MSE: 0.0810860484870775
Finished training EB misspecified, with SURE: 0.005015560988014229
Finished training EB misspecified, with in-sample MSE: 0.08106085913898906

 Training SURE of the models:
SURE-PM: 0.005015560988014229
NPMLE: 0.28762629767309683
SURE-PM, NPMLE init: 0.005008796926128482
experiment: d
Finished training EB misspecified with NPMLE init, with SURE: -5.343054058553065e-05
Finished training EB misspecified with NPMLE init, with in-sample MSE: 0.0378605806141381
Finished training EB misspecified, with SURE: -0.018256443120461707
Finished training EB misspecified, with in-sample MSE: 0.07623688555788055

 Training SURE of the models:
SURE-PM: -0.018256443120461707
NPMLE: 0.03203049369677389
SURE-PM, NPMLE init: -5.343054058553065e-05
experiment: e
Finished training EB misspecified with NPMLE init, with SURE: 0.1319029390868917
Finished training EB misspecified with NPMLE init, with in-sample MSE: 0.21763604272666992
Finished training EB misspecified, with SURE: 0.1319129629048603
Finished training EB misspecified, with in-sample MSE: 0.2176467872941826

 Training SURE of the models:
SURE-PM: 0.1319129629048603
NPMLE: 0.2917210662975789
SURE-PM, NPMLE init: 0.1319029390868917
n: 400
experiment: c
Finished training EB misspecified with NPMLE init, with SURE: 0.013158889482035505
Finished training EB misspecified with NPMLE init, with in-sample MSE: 0.05874413685746914
Finished training EB misspecified, with SURE: 0.013178455149419578
Finished training EB misspecified, with in-sample MSE: 0.05882379646332686

 Training SURE of the models:
SURE-PM: 0.013178455149419578
NPMLE: 0.49943439239967335
SURE-PM, NPMLE init: 0.013158889482035505
experiment: d
Finished training EB misspecified with NPMLE init, with SURE: -0.008379291646430325
Finished training EB misspecified with NPMLE init, with in-sample MSE: 0.01075848859162102
Finished training EB misspecified, with SURE: -0.007146053956852487
Finished training EB misspecified, with in-sample MSE: 0.007154995701539459

 Training SURE of the models:
SURE-PM: -0.007146053956852487
NPMLE: -0.005651956333469385
SURE-PM, NPMLE init: -0.008379291646430325
experiment: e
Finished training EB misspecified with NPMLE init, with SURE: 0.1524942267413438
Finished training EB misspecified with NPMLE init, with in-sample MSE: 0.19890638189655976
Finished training EB misspecified, with SURE: 0.15250716222449143
Finished training EB misspecified, with in-sample MSE: 0.19896308980159333

 Training SURE of the models:
SURE-PM: 0.15250716222449143
NPMLE: 0.29404165114091557
SURE-PM, NPMLE init: 0.1524942267413438
m: 1151
n: 100
experiment: c
Finished training EB misspecified with NPMLE init, with SURE: 0.10029988645768775
Finished training EB misspecified with NPMLE init, with in-sample MSE: 0.11037962084906183
Finished training EB misspecified, with SURE: 0.1003053682614253
Finished training EB misspecified, with in-sample MSE: 0.11043016277674887

 Training SURE of the models:
SURE-PM: 0.1003053682614253
NPMLE: 0.43407488939983774
SURE-PM, NPMLE init: 0.10029988645768775
experiment: d
Finished training EB misspecified with NPMLE init, with SURE: -0.03818832183857333
Finished training EB misspecified with NPMLE init, with in-sample MSE: 0.010341421740340561
Finished training EB misspecified, with SURE: -0.03818780231616392
Finished training EB misspecified, with in-sample MSE: 0.010341373197847298

 Training SURE of the models:
SURE-PM: -0.03818780231616392
NPMLE: -0.027094329806968888
SURE-PM, NPMLE init: -0.03818832183857333
experiment: e
Finished training EB misspecified with NPMLE init, with SURE: 0.10685438525904321
Finished training EB misspecified with NPMLE init, with in-sample MSE: 0.20104698457700937
Finished training EB misspecified, with SURE: 0.10686266733324803
Finished training EB misspecified, with in-sample MSE: 0.20105114598553173

 Training SURE of the models:
SURE-PM: 0.10686266733324803
NPMLE: 0.3413180615882761
SURE-PM, NPMLE init: 0.10685438525904321
n: 400
experiment: c
Finished training EB misspecified with NPMLE init, with SURE: 0.07970388028221578
Finished training EB misspecified with NPMLE init, with in-sample MSE: 0.07237383546967009
Finished training EB misspecified, with SURE: 0.07970794971605472
Finished training EB misspecified, with in-sample MSE: 0.07236937940146931

 Training SURE of the models:
SURE-PM: 0.07970794971605472
NPMLE: 0.48396179094903613
SURE-PM, NPMLE init: 0.07970388028221578
experiment: d
Finished training EB misspecified with NPMLE init, with SURE: -0.010191878532781348
Finished training EB misspecified with NPMLE init, with in-sample MSE: 0.006141383126524458
Finished training EB misspecified, with SURE: -0.01019137848357774
Finished training EB misspecified, with in-sample MSE: 0.00614128693351036

 Training SURE of the models:
SURE-PM: -0.01019137848357774
NPMLE: -0.0007621727103867215
SURE-PM, NPMLE init: -0.010191878532781348
experiment: e
Finished training EB misspecified with NPMLE init, with SURE: 0.15552366818320415
Finished training EB misspecified with NPMLE init, with in-sample MSE: 0.20522640957924002
Finished training EB misspecified, with SURE: 0.1555885257304474
Finished training EB misspecified, with in-sample MSE: 0.20610857802410287

 Training SURE of the models:
SURE-PM: 0.1555885257304474
NPMLE: 0.3100537170606741
SURE-PM, NPMLE init: 0.15552366818320415
m: 1152
n: 100
experiment: c
Finished training EB misspecified with NPMLE init, with SURE: -0.035579374987826144
Finished training EB misspecified with NPMLE init, with in-sample MSE: 0.08024455804438185
Finished training EB misspecified, with SURE: -0.03557149301600106
Finished training EB misspecified, with in-sample MSE: 0.08020851556420208

 Training SURE of the models:
SURE-PM: -0.03557149301600106
NPMLE: 0.37020903879613165
SURE-PM, NPMLE init: -0.035579374987826144
experiment: d
Finished training EB misspecified with NPMLE init, with SURE: -0.03276003382637668
Finished training EB misspecified with NPMLE init, with in-sample MSE: 0.0041064302698614425
Finished training EB misspecified, with SURE: -0.032759284937121276
Finished training EB misspecified, with in-sample MSE: 0.004106319606211648

 Training SURE of the models:
SURE-PM: -0.032759284937121276
NPMLE: 0.043746274314373806
SURE-PM, NPMLE init: -0.03276003382637668
experiment: e
Finished training EB misspecified with NPMLE init, with SURE: 0.1126504454731635
Finished training EB misspecified with NPMLE init, with in-sample MSE: 0.20588591327094108
Finished training EB misspecified, with SURE: 0.11265710447245027
Finished training EB misspecified, with in-sample MSE: 0.20581794036423426

 Training SURE of the models:
SURE-PM: 0.11265710447245027
NPMLE: 0.30808592328194406
SURE-PM, NPMLE init: 0.1126504454731635
n: 400
experiment: c
Finished training EB misspecified with NPMLE init, with SURE: 0.04664648221520807
Finished training EB misspecified with NPMLE init, with in-sample MSE: 0.0599692254457527
Finished training EB misspecified, with SURE: 0.04670097622230642
Finished training EB misspecified, with in-sample MSE: 0.05993392921006926

 Training SURE of the models:
SURE-PM: 0.04670097622230642
NPMLE: 0.5460057643605285
SURE-PM, NPMLE init: 0.04664648221520807
experiment: d
Finished training EB misspecified with NPMLE init, with SURE: 0.010136353923816213
Finished training EB misspecified with NPMLE init, with in-sample MSE: 0.007509198860184063
Finished training EB misspecified, with SURE: 0.010136861507343565
Finished training EB misspecified, with in-sample MSE: 0.0075084560558116775

 Training SURE of the models:
SURE-PM: 0.010136861507343565
NPMLE: 0.07925322992689388
SURE-PM, NPMLE init: 0.010136353923816213
experiment: e
Finished training EB misspecified with NPMLE init, with SURE: 0.15059734036251712
Finished training EB misspecified with NPMLE init, with in-sample MSE: 0.17907773244494365
Finished training EB misspecified, with SURE: 0.15061147361499913
Finished training EB misspecified, with in-sample MSE: 0.1789756812724982

 Training SURE of the models:
SURE-PM: 0.15061147361499913
NPMLE: 0.3150395869421058
SURE-PM, NPMLE init: 0.15059734036251712
m: 1153
n: 100
experiment: c
Finished training EB misspecified with NPMLE init, with SURE: -0.1645124691198884
Finished training EB misspecified with NPMLE init, with in-sample MSE: 0.10292011374766184
Finished training EB misspecified, with SURE: -0.16174342780263792
Finished training EB misspecified, with in-sample MSE: 0.09069205896447569

 Training SURE of the models:
SURE-PM: -0.16174342780263792
NPMLE: 0.030666399608413428
SURE-PM, NPMLE init: -0.1645124691198884
experiment: d
Finished training EB misspecified with NPMLE init, with SURE: -0.007317674904955816
Finished training EB misspecified with NPMLE init, with in-sample MSE: 0.023126737410079725
Finished training EB misspecified, with SURE: -0.007314936592876027
Finished training EB misspecified, with in-sample MSE: 0.02311766057392756

 Training SURE of the models:
SURE-PM: -0.007314936592876027
NPMLE: 0.0076785142641555915
SURE-PM, NPMLE init: -0.007317674904955816
experiment: e
Finished training EB misspecified with NPMLE init, with SURE: 0.13135814369777493
Finished training EB misspecified with NPMLE init, with in-sample MSE: 0.19106316310364807
Finished training EB misspecified, with SURE: 0.13136390000394058
Finished training EB misspecified, with in-sample MSE: 0.19108622757005903

 Training SURE of the models:
SURE-PM: 0.13136390000394058
NPMLE: 0.27850157280226584
SURE-PM, NPMLE init: 0.13135814369777493
n: 400
experiment: c
Finished training EB misspecified with NPMLE init, with SURE: 0.08044140200528531
Finished training EB misspecified with NPMLE init, with in-sample MSE: 0.06636086145364399
Finished training EB misspecified, with SURE: 0.08044457076657473
Finished training EB misspecified, with in-sample MSE: 0.06635904532721988

 Training SURE of the models:
SURE-PM: 0.08044457076657473
NPMLE: 0.5142264667661551
SURE-PM, NPMLE init: 0.08044140200528531
experiment: d
Finished training EB misspecified with NPMLE init, with SURE: -0.006487667579430934
Finished training EB misspecified with NPMLE init, with in-sample MSE: 0.007140251086543732
Finished training EB misspecified, with SURE: -0.0060843800700140175
Finished training EB misspecified, with in-sample MSE: 0.006500277992012754

 Training SURE of the models:
SURE-PM: -0.0060843800700140175
NPMLE: 0.029270845879476717
SURE-PM, NPMLE init: -0.006487667579430934
experiment: e
Finished training EB misspecified with NPMLE init, with SURE: 0.16966296010207452
Finished training EB misspecified with NPMLE init, with in-sample MSE: 0.1546380829067471
Finished training EB misspecified, with SURE: 0.16967867087206145
Finished training EB misspecified, with in-sample MSE: 0.15466647910524822

 Training SURE of the models:
SURE-PM: 0.16967867087206145
NPMLE: 0.342376442742415
SURE-PM, NPMLE init: 0.16966296010207452
m: 1154
n: 100
experiment: c
Finished training EB misspecified with NPMLE init, with SURE: 0.06214654592860398
Finished training EB misspecified with NPMLE init, with in-sample MSE: 0.07820180698315227
Finished training EB misspecified, with SURE: 0.06217174333775837
Finished training EB misspecified, with in-sample MSE: 0.07812401940180248

 Training SURE of the models:
SURE-PM: 0.06217174333775837
NPMLE: 0.7067352821824439
SURE-PM, NPMLE init: 0.06214654592860398
experiment: d
Finished training EB misspecified with NPMLE init, with SURE: 0.004501791677547349
Finished training EB misspecified with NPMLE init, with in-sample MSE: 0.007585767928491134
Finished training EB misspecified, with SURE: 0.004501382476652438
Finished training EB misspecified, with in-sample MSE: 0.007585966859654467

 Training SURE of the models:
SURE-PM: 0.004501382476652438
NPMLE: 0.20180083333978815
SURE-PM, NPMLE init: 0.004501791677547349
experiment: e
Finished training EB misspecified with NPMLE init, with SURE: 0.1368024307411166
Finished training EB misspecified with NPMLE init, with in-sample MSE: 0.23429933810622386
Finished training EB misspecified, with SURE: 0.13681625182853707
Finished training EB misspecified, with in-sample MSE: 0.23439351077021514

 Training SURE of the models:
SURE-PM: 0.13681625182853707
NPMLE: 0.5239517778499366
SURE-PM, NPMLE init: 0.1368024307411166
n: 400
experiment: c
Finished training EB misspecified with NPMLE init, with SURE: 0.03138698745894068
Finished training EB misspecified with NPMLE init, with in-sample MSE: 0.05429801645486965
Finished training EB misspecified, with SURE: 0.031384526558768895
Finished training EB misspecified, with in-sample MSE: 0.054293025487034956

 Training SURE of the models:
SURE-PM: 0.031384526558768895
NPMLE: 0.6120030646698099
SURE-PM, NPMLE init: 0.03138698745894068
experiment: d
Finished training EB misspecified with NPMLE init, with SURE: 0.010397548698145442
Finished training EB misspecified with NPMLE init, with in-sample MSE: 0.006913040106321497
Finished training EB misspecified, with SURE: 0.010403850959744823
Finished training EB misspecified, with in-sample MSE: 0.006909469566212655

 Training SURE of the models:
SURE-PM: 0.010403850959744823
NPMLE: 0.03979069391711928
SURE-PM, NPMLE init: 0.010397548698145442
experiment: e
Finished training EB misspecified with NPMLE init, with SURE: 0.1310747443969189
Finished training EB misspecified with NPMLE init, with in-sample MSE: 0.21333905023495692
Finished training EB misspecified, with SURE: 0.1310817597373795
Finished training EB misspecified, with in-sample MSE: 0.21348744011353

 Training SURE of the models:
SURE-PM: 0.1310817597373795
NPMLE: 0.3589549538884123
SURE-PM, NPMLE init: 0.1310747443969189
m: 1155
n: 100
experiment: c
Finished training EB misspecified with NPMLE init, with SURE: -0.016174571061059878
Finished training EB misspecified with NPMLE init, with in-sample MSE: 0.0673696139919085
Finished training EB misspecified, with SURE: -0.016168464617621368
Finished training EB misspecified, with in-sample MSE: 0.06734830131899003

 Training SURE of the models:
SURE-PM: -0.016168464617621368
NPMLE: 0.26870838315200934
SURE-PM, NPMLE init: -0.016174571061059878
experiment: d
Finished training EB misspecified with NPMLE init, with SURE: -0.010192125248716995
Finished training EB misspecified with NPMLE init, with in-sample MSE: 0.0032381817546983205
Finished training EB misspecified, with SURE: -0.010191865736271507
Finished training EB misspecified, with in-sample MSE: 0.0032381469828188696

 Training SURE of the models:
SURE-PM: -0.010191865736271507
NPMLE: 0.0031175003930679246
SURE-PM, NPMLE init: -0.010192125248716995
experiment: e
Finished training EB misspecified with NPMLE init, with SURE: 0.17374855956325228
Finished training EB misspecified with NPMLE init, with in-sample MSE: 0.16912452979702552
Finished training EB misspecified, with SURE: 0.17375822518617717
Finished training EB misspecified, with in-sample MSE: 0.16930388157650403

 Training SURE of the models:
SURE-PM: 0.17375822518617717
NPMLE: 0.28003368692044667
SURE-PM, NPMLE init: 0.17374855956325228
n: 400
experiment: c
Finished training EB misspecified with NPMLE init, with SURE: 0.02745579591855865
Finished training EB misspecified with NPMLE init, with in-sample MSE: 0.05263706549888424
Finished training EB misspecified, with SURE: 0.027458492544452186
Finished training EB misspecified, with in-sample MSE: 0.05263512908094483

 Training SURE of the models:
SURE-PM: 0.027458492544452186
NPMLE: 0.6665250810227177
SURE-PM, NPMLE init: 0.02745579591855865
experiment: d
Finished training EB misspecified with NPMLE init, with SURE: -0.005095473693930579
Finished training EB misspecified with NPMLE init, with in-sample MSE: 0.005524961591965631
Finished training EB misspecified, with SURE: -0.005095138343886703
Finished training EB misspecified, with in-sample MSE: 0.005524755130935635

 Training SURE of the models:
SURE-PM: -0.005095138343886703
NPMLE: 0.01885243456228036
SURE-PM, NPMLE init: -0.005095473693930579
experiment: e
Finished training EB misspecified with NPMLE init, with SURE: 0.1435595226274367
Finished training EB misspecified with NPMLE init, with in-sample MSE: 0.15554897505237344
Finished training EB misspecified, with SURE: 0.1435676826070526
Finished training EB misspecified, with in-sample MSE: 0.15554983452229007

 Training SURE of the models:
SURE-PM: 0.1435676826070526
NPMLE: 0.3425877097542925
SURE-PM, NPMLE init: 0.1435595226274367
m: 1156
n: 100
experiment: c
Finished training EB misspecified with NPMLE init, with SURE: -0.03612357824605319
Finished training EB misspecified with NPMLE init, with in-sample MSE: 0.13681017273835233
Finished training EB misspecified, with SURE: -0.03611055889683556
Finished training EB misspecified, with in-sample MSE: 0.13663628297855535

 Training SURE of the models:
SURE-PM: -0.03611055889683556
NPMLE: 0.9976029209943821
SURE-PM, NPMLE init: -0.03612357824605319
experiment: d
Finished training EB misspecified with NPMLE init, with SURE: 0.0237069883341648
Finished training EB misspecified with NPMLE init, with in-sample MSE: 0.02029113382319621
Finished training EB misspecified, with SURE: 0.02370747282285999
Finished training EB misspecified, with in-sample MSE: 0.02028145970268348

 Training SURE of the models:
SURE-PM: 0.02370747282285999
NPMLE: 0.12295076824547989
SURE-PM, NPMLE init: 0.0237069883341648
experiment: e
Finished training EB misspecified with NPMLE init, with SURE: 0.13869814321819168
Finished training EB misspecified with NPMLE init, with in-sample MSE: 0.180294837313249
Finished training EB misspecified, with SURE: 0.1387009456443342
Finished training EB misspecified, with in-sample MSE: 0.1802927948879367

 Training SURE of the models:
SURE-PM: 0.1387009456443342
NPMLE: 0.26803898880915333
SURE-PM, NPMLE init: 0.13869814321819168
n: 400
experiment: c
Finished training EB misspecified with NPMLE init, with SURE: 0.031665729872069906
Finished training EB misspecified with NPMLE init, with in-sample MSE: 0.06079653503602695
Finished training EB misspecified, with SURE: 0.03171103825272624
Finished training EB misspecified, with in-sample MSE: 0.06075570527635212

 Training SURE of the models:
SURE-PM: 0.03171103825272624
NPMLE: 0.6696448281265799
SURE-PM, NPMLE init: 0.031665729872069906
experiment: d
Finished training EB misspecified with NPMLE init, with SURE: -0.003268029345776569
Finished training EB misspecified with NPMLE init, with in-sample MSE: 0.00794953615859107
Finished training EB misspecified, with SURE: -0.0015750513745010509
Finished training EB misspecified, with in-sample MSE: 0.0037658887677280025

 Training SURE of the models:
SURE-PM: -0.0015750513745010509
NPMLE: 0.03864992706731913
SURE-PM, NPMLE init: -0.003268029345776569
experiment: e
Finished training EB misspecified with NPMLE init, with SURE: 0.14358499258469265
Finished training EB misspecified with NPMLE init, with in-sample MSE: 0.17319099982766192
Finished training EB misspecified, with SURE: 0.14359215497725522
Finished training EB misspecified, with in-sample MSE: 0.1732050432892092

 Training SURE of the models:
SURE-PM: 0.14359215497725522
NPMLE: 0.3438863691172638
SURE-PM, NPMLE init: 0.14358499258469265
m: 1157
n: 100
experiment: c
Finished training EB misspecified with NPMLE init, with SURE: 0.08526137142466154
Finished training EB misspecified with NPMLE init, with in-sample MSE: 0.060062012311105265
Finished training EB misspecified, with SURE: 0.08526391786749678
Finished training EB misspecified, with in-sample MSE: 0.06005974025127105

 Training SURE of the models:
SURE-PM: 0.08526391786749678
NPMLE: 0.735752535597494
SURE-PM, NPMLE init: 0.08526137142466154
experiment: d
Finished training EB misspecified with NPMLE init, with SURE: -0.035021550323440884
Finished training EB misspecified with NPMLE init, with in-sample MSE: 0.0036622468339148227
Finished training EB misspecified, with SURE: -0.03502109330454808
Finished training EB misspecified, with in-sample MSE: 0.0036622105661123744

 Training SURE of the models:
SURE-PM: -0.03502109330454808
NPMLE: -0.0025196115185200083
SURE-PM, NPMLE init: -0.035021550323440884
experiment: e
Finished training EB misspecified with NPMLE init, with SURE: 0.13969831065573943
Finished training EB misspecified with NPMLE init, with in-sample MSE: 0.17031988836115464
Finished training EB misspecified, with SURE: 0.13970664101086946
Finished training EB misspecified, with in-sample MSE: 0.1703148696064648

 Training SURE of the models:
SURE-PM: 0.13970664101086946
NPMLE: 0.33098558268474904
SURE-PM, NPMLE init: 0.13969831065573943
n: 400
experiment: c
Finished training EB misspecified with NPMLE init, with SURE: 0.03480367415602786
Finished training EB misspecified with NPMLE init, with in-sample MSE: 0.06610295747257978
Finished training EB misspecified, with SURE: 0.034835274417525146
Finished training EB misspecified, with in-sample MSE: 0.06603206319744614

 Training SURE of the models:
SURE-PM: 0.034835274417525146
NPMLE: 0.5311504655711541
SURE-PM, NPMLE init: 0.03480367415602786
experiment: d
Finished training EB misspecified with NPMLE init, with SURE: 0.015364608508456392
Finished training EB misspecified with NPMLE init, with in-sample MSE: 0.007741481143441491
Finished training EB misspecified, with SURE: 0.015366772876731166
Finished training EB misspecified, with in-sample MSE: 0.007744617281345858

 Training SURE of the models:
SURE-PM: 0.015366772876731166
NPMLE: 0.10691354945255611
SURE-PM, NPMLE init: 0.015364608508456392
experiment: e
Finished training EB misspecified with NPMLE init, with SURE: 0.15790002518010515
Finished training EB misspecified with NPMLE init, with in-sample MSE: 0.1849141024149539
Finished training EB misspecified, with SURE: 0.15792173900262338
Finished training EB misspecified, with in-sample MSE: 0.1852302275246604

 Training SURE of the models:
SURE-PM: 0.15792173900262338
NPMLE: 0.346994426666151
SURE-PM, NPMLE init: 0.15790002518010515
m: 1158
n: 100
experiment: c
Finished training EB misspecified with NPMLE init, with SURE: -0.02296329332233093
Finished training EB misspecified with NPMLE init, with in-sample MSE: 0.16328566846425513
Finished training EB misspecified, with SURE: -0.022957297870815623
Finished training EB misspecified, with in-sample MSE: 0.1633216928349244

 Training SURE of the models:
SURE-PM: -0.022957297870815623
NPMLE: 0.7666804441374424
SURE-PM, NPMLE init: -0.02296329332233093
experiment: d
Finished training EB misspecified with NPMLE init, with SURE: -0.0030357264661694926
Finished training EB misspecified with NPMLE init, with in-sample MSE: 0.005731344658806244
Finished training EB misspecified, with SURE: -0.0022351569039075515
Finished training EB misspecified, with in-sample MSE: 0.004744504182530364

 Training SURE of the models:
SURE-PM: -0.0022351569039075515
NPMLE: 0.0026043728878831374
SURE-PM, NPMLE init: -0.0030357264661694926
experiment: e
Finished training EB misspecified with NPMLE init, with SURE: 0.11600561736975444
Finished training EB misspecified with NPMLE init, with in-sample MSE: 0.19104902860682504
Finished training EB misspecified, with SURE: 0.11601072978703521
Finished training EB misspecified, with in-sample MSE: 0.1910261163686848

 Training SURE of the models:
SURE-PM: 0.11601072978703521
NPMLE: 0.2955819506476013
SURE-PM, NPMLE init: 0.11600561736975444
n: 400
experiment: c
Finished training EB misspecified with NPMLE init, with SURE: 0.06310364993896257
Finished training EB misspecified with NPMLE init, with in-sample MSE: 0.0532379338583405
Finished training EB misspecified, with SURE: 0.061605450469473626
Finished training EB misspecified, with in-sample MSE: 0.057684507046799005

 Training SURE of the models:
SURE-PM: 0.061605450469473626
NPMLE: 0.8532202138938526
SURE-PM, NPMLE init: 0.06310364993896257
experiment: d
Finished training EB misspecified with NPMLE init, with SURE: 0.019952478767544513
Finished training EB misspecified with NPMLE init, with in-sample MSE: 0.008211494909965231
Finished training EB misspecified, with SURE: 0.01995306851087495
Finished training EB misspecified, with in-sample MSE: 0.008210776150771499

 Training SURE of the models:
SURE-PM: 0.01995306851087495
NPMLE: 0.1341289763936293
SURE-PM, NPMLE init: 0.019952478767544513
experiment: e
Finished training EB misspecified with NPMLE init, with SURE: 0.1470114480598239
Finished training EB misspecified with NPMLE init, with in-sample MSE: 0.1550431154625932
Finished training EB misspecified, with SURE: 0.14702999467927275
Finished training EB misspecified, with in-sample MSE: 0.1550332503039102

 Training SURE of the models:
SURE-PM: 0.14702999467927275
NPMLE: 0.3157659074506116
SURE-PM, NPMLE init: 0.1470114480598239
m: 1159
n: 100
experiment: c
Finished training EB misspecified with NPMLE init, with SURE: 0.08972895693193905
Finished training EB misspecified with NPMLE init, with in-sample MSE: 0.0745075746058333
Finished training EB misspecified, with SURE: 0.07810818891589356
Finished training EB misspecified, with in-sample MSE: 0.1648468197529466

 Training SURE of the models:
SURE-PM: 0.07810818891589356
NPMLE: 0.4830297749888973
SURE-PM, NPMLE init: 0.08972895693193905
experiment: d
Finished training EB misspecified with NPMLE init, with SURE: -0.03782919668929331
Finished training EB misspecified with NPMLE init, with in-sample MSE: 0.008667428925416384
Finished training EB misspecified, with SURE: -0.03782879528475233
Finished training EB misspecified, with in-sample MSE: 0.008667349147704473

 Training SURE of the models:
SURE-PM: -0.03782879528475233
NPMLE: 0.003175488305103187
SURE-PM, NPMLE init: -0.03782919668929331
experiment: e
Finished training EB misspecified with NPMLE init, with SURE: 0.11752506244187785
Finished training EB misspecified with NPMLE init, with in-sample MSE: 0.1721189313773182
Finished training EB misspecified, with SURE: 0.11753453870046222
Finished training EB misspecified, with in-sample MSE: 0.17211815823981463

 Training SURE of the models:
SURE-PM: 0.11753453870046222
NPMLE: 0.5348885639540094
SURE-PM, NPMLE init: 0.11752506244187785
n: 400
experiment: c
Finished training EB misspecified with NPMLE init, with SURE: -0.005210206455934241
Finished training EB misspecified with NPMLE init, with in-sample MSE: 0.054293090814323354
Finished training EB misspecified, with SURE: -0.005184834669699896
Finished training EB misspecified, with in-sample MSE: 0.05431952684276224

 Training SURE of the models:
SURE-PM: -0.005184834669699896
NPMLE: 0.7497230436020581
SURE-PM, NPMLE init: -0.005210206455934241
experiment: d
Finished training EB misspecified with NPMLE init, with SURE: -0.00860018034276715
Finished training EB misspecified with NPMLE init, with in-sample MSE: 0.0045747554062659564
Finished training EB misspecified, with SURE: -0.008591045594101683
Finished training EB misspecified, with in-sample MSE: 0.004573447984861301

 Training SURE of the models:
SURE-PM: -0.008591045594101683
NPMLE: -0.002969976731615631
SURE-PM, NPMLE init: -0.00860018034276715
experiment: e
Finished training EB misspecified with NPMLE init, with SURE: 0.13106151844981107
Finished training EB misspecified with NPMLE init, with in-sample MSE: 0.16181829384711618
Finished training EB misspecified, with SURE: 0.13106603949232715
Finished training EB misspecified, with in-sample MSE: 0.16181899608948616

 Training SURE of the models:
SURE-PM: 0.13106603949232715
NPMLE: 0.3373562863383858
SURE-PM, NPMLE init: 0.13106151844981107
m: 1160
n: 100
experiment: c
Finished training EB misspecified with NPMLE init, with SURE: 0.03519895463846346
Finished training EB misspecified with NPMLE init, with in-sample MSE: 0.05053807714236254
Finished training EB misspecified, with SURE: 0.03530318232963318
Finished training EB misspecified, with in-sample MSE: 0.04996783874370335

 Training SURE of the models:
SURE-PM: 0.03530318232963318
NPMLE: 0.5605172067925683
SURE-PM, NPMLE init: 0.03519895463846346
experiment: d
Finished training EB misspecified with NPMLE init, with SURE: -0.018105356104222245
Finished training EB misspecified with NPMLE init, with in-sample MSE: 0.020290015006960198
Finished training EB misspecified, with SURE: -0.008083848635057773
Finished training EB misspecified, with in-sample MSE: 0.004625618579142927

 Training SURE of the models:
SURE-PM: -0.008083848635057773
NPMLE: 0.06566663506435183
SURE-PM, NPMLE init: -0.018105356104222245
experiment: e
Finished training EB misspecified with NPMLE init, with SURE: 0.12834533038867904
Finished training EB misspecified with NPMLE init, with in-sample MSE: 0.18606375361080246
Finished training EB misspecified, with SURE: 0.1283502097762286
Finished training EB misspecified, with in-sample MSE: 0.18606868166673882

 Training SURE of the models:
SURE-PM: 0.1283502097762286
NPMLE: 0.34899776785503667
SURE-PM, NPMLE init: 0.12834533038867904
n: 400
experiment: c
Finished training EB misspecified with NPMLE init, with SURE: 0.026677873557043413
Finished training EB misspecified with NPMLE init, with in-sample MSE: 0.05315239638115588
Finished training EB misspecified, with SURE: 0.02672485888938766
Finished training EB misspecified, with in-sample MSE: 0.053120452974983044

 Training SURE of the models:
SURE-PM: 0.02672485888938766
NPMLE: 0.4695201380452761
SURE-PM, NPMLE init: 0.026677873557043413
experiment: d
Finished training EB misspecified with NPMLE init, with SURE: 0.0064035155523326105
Finished training EB misspecified with NPMLE init, with in-sample MSE: 0.0054839831775548905
Finished training EB misspecified, with SURE: 0.006405056947554062
Finished training EB misspecified, with in-sample MSE: 0.0054858089981955896

 Training SURE of the models:
SURE-PM: 0.006405056947554062
NPMLE: 0.10451512485593736
SURE-PM, NPMLE init: 0.0064035155523326105
experiment: e
Finished training EB misspecified with NPMLE init, with SURE: 0.15151361783394499
Finished training EB misspecified with NPMLE init, with in-sample MSE: 0.16974066038690797
Finished training EB misspecified, with SURE: 0.15150878098132844
Finished training EB misspecified, with in-sample MSE: 0.16969266264552776

 Training SURE of the models:
SURE-PM: 0.15150878098132844
NPMLE: 0.3504813488887827
SURE-PM, NPMLE init: 0.15151361783394499
m: 1161
n: 100
experiment: c
Finished training EB misspecified with NPMLE init, with SURE: 0.04514014912691259
Finished training EB misspecified with NPMLE init, with in-sample MSE: 0.0512173601009486
Finished training EB misspecified, with SURE: 0.04514413339876611
Finished training EB misspecified, with in-sample MSE: 0.051217986585406064

 Training SURE of the models:
SURE-PM: 0.04514413339876611
NPMLE: 0.6969876521536285
SURE-PM, NPMLE init: 0.04514014912691259
experiment: d
Finished training EB misspecified with NPMLE init, with SURE: 0.00896146775372694
Finished training EB misspecified with NPMLE init, with in-sample MSE: 0.010251251482913398
Finished training EB misspecified, with SURE: 0.008962848773888865
Finished training EB misspecified, with in-sample MSE: 0.010231198135481961

 Training SURE of the models:
SURE-PM: 0.008962848773888865
NPMLE: 0.011693033084967955
SURE-PM, NPMLE init: 0.00896146775372694
experiment: e
Finished training EB misspecified with NPMLE init, with SURE: 0.11503709782799433
Finished training EB misspecified with NPMLE init, with in-sample MSE: 0.23789443833106438
Finished training EB misspecified, with SURE: 0.11504612782899137
Finished training EB misspecified, with in-sample MSE: 0.23789887338119173

 Training SURE of the models:
SURE-PM: 0.11504612782899137
NPMLE: 0.31537165645264126
SURE-PM, NPMLE init: 0.11503709782799433
n: 400
experiment: c
Finished training EB misspecified with NPMLE init, with SURE: 0.06168384713556762
Finished training EB misspecified with NPMLE init, with in-sample MSE: 0.06109733240295673
Finished training EB misspecified, with SURE: 0.06174169181852861
Finished training EB misspecified, with in-sample MSE: 0.06113891270599974

 Training SURE of the models:
SURE-PM: 0.06174169181852861
NPMLE: 0.5748345810180551
SURE-PM, NPMLE init: 0.06168384713556762
experiment: d
Finished training EB misspecified with NPMLE init, with SURE: 0.02263962196585231
Finished training EB misspecified with NPMLE init, with in-sample MSE: 0.009012324857585767
Finished training EB misspecified, with SURE: 0.022639365218473984
Finished training EB misspecified, with in-sample MSE: 0.009012211484779327

 Training SURE of the models:
SURE-PM: 0.022639365218473984
NPMLE: 0.12890322406174884
SURE-PM, NPMLE init: 0.02263962196585231
experiment: e
Finished training EB misspecified with NPMLE init, with SURE: 0.15710013209782214
Finished training EB misspecified with NPMLE init, with in-sample MSE: 0.18332960395422288
Finished training EB misspecified, with SURE: 0.1571053589512768
Finished training EB misspecified, with in-sample MSE: 0.18331140627991854

 Training SURE of the models:
SURE-PM: 0.1571053589512768
NPMLE: 0.3373220555715403
SURE-PM, NPMLE init: 0.15710013209782214
m: 1162
n: 100
experiment: c
Finished training EB misspecified with NPMLE init, with SURE: 0.05584979331565976
Finished training EB misspecified with NPMLE init, with in-sample MSE: 0.06185031794240374
Finished training EB misspecified, with SURE: 0.05584831930370427
Finished training EB misspecified, with in-sample MSE: 0.061851301298620064

 Training SURE of the models:
SURE-PM: 0.05584831930370427
NPMLE: 0.6489841210327382
SURE-PM, NPMLE init: 0.05584979331565976
experiment: d
Finished training EB misspecified with NPMLE init, with SURE: -0.008927975154835135
Finished training EB misspecified with NPMLE init, with in-sample MSE: 0.005119925637767212
Finished training EB misspecified, with SURE: -0.008927712048088968
Finished training EB misspecified, with in-sample MSE: 0.005119719361805795

 Training SURE of the models:
SURE-PM: -0.008927712048088968
NPMLE: 0.01701577809048022
SURE-PM, NPMLE init: -0.008927975154835135
experiment: e
Finished training EB misspecified with NPMLE init, with SURE: 0.08027254670449985
Finished training EB misspecified with NPMLE init, with in-sample MSE: 0.22254442086592138
Finished training EB misspecified, with SURE: 0.08028294708812375
Finished training EB misspecified, with in-sample MSE: 0.22263107848903543

 Training SURE of the models:
SURE-PM: 0.08028294708812375
NPMLE: 0.34297075080962436
SURE-PM, NPMLE init: 0.08027254670449985
n: 400
experiment: c
Finished training EB misspecified with NPMLE init, with SURE: 0.09377829109776144
Finished training EB misspecified with NPMLE init, with in-sample MSE: 0.07270475053599015
Finished training EB misspecified, with SURE: 0.09378198304596126
Finished training EB misspecified, with in-sample MSE: 0.072698612387253

 Training SURE of the models:
SURE-PM: 0.09378198304596126
NPMLE: 0.8045005138552825
SURE-PM, NPMLE init: 0.09377829109776144
experiment: d
Finished training EB misspecified with NPMLE init, with SURE: -0.0015389026989673482
Finished training EB misspecified with NPMLE init, with in-sample MSE: 0.005691435572927771
Finished training EB misspecified, with SURE: -0.0015387282408799053
Finished training EB misspecified, with in-sample MSE: 0.0056909597673167785

 Training SURE of the models:
SURE-PM: -0.0015387282408799053
NPMLE: 0.09636501117713574
SURE-PM, NPMLE init: -0.0015389026989673482
experiment: e
Finished training EB misspecified with NPMLE init, with SURE: 0.1494684830332531
Finished training EB misspecified with NPMLE init, with in-sample MSE: 0.17889452302560577
Finished training EB misspecified, with SURE: 0.14947597248591918
Finished training EB misspecified, with in-sample MSE: 0.17889279759930862

 Training SURE of the models:
SURE-PM: 0.14947597248591918
NPMLE: 0.34575556037943594
SURE-PM, NPMLE init: 0.1494684830332531
m: 1163
n: 100
experiment: c
Finished training EB misspecified with NPMLE init, with SURE: 0.0001285659284390306
Finished training EB misspecified with NPMLE init, with in-sample MSE: 0.07641176856084883
Finished training EB misspecified, with SURE: 0.00014293830726025192
Finished training EB misspecified, with in-sample MSE: 0.07640808161022057

 Training SURE of the models:
SURE-PM: 0.00014293830726025192
NPMLE: 0.677095774658095
SURE-PM, NPMLE init: 0.0001285659284390306
experiment: d
Finished training EB misspecified with NPMLE init, with SURE: 0.0249013135690009
Finished training EB misspecified with NPMLE init, with in-sample MSE: 0.009277868042868268
Finished training EB misspecified, with SURE: 0.024901337786685608
Finished training EB misspecified, with in-sample MSE: 0.00927922429074541

 Training SURE of the models:
SURE-PM: 0.024901337786685608
NPMLE: 0.03432419436432415
SURE-PM, NPMLE init: 0.0249013135690009
experiment: e
Finished training EB misspecified with NPMLE init, with SURE: 0.16408964792308578
Finished training EB misspecified with NPMLE init, with in-sample MSE: 0.18345454323792218
Finished training EB misspecified, with SURE: 0.16198278208437825
Finished training EB misspecified, with in-sample MSE: 0.17835830921519613

 Training SURE of the models:
SURE-PM: 0.16198278208437825
NPMLE: 0.3011517710600732
SURE-PM, NPMLE init: 0.16408964792308578
n: 400
experiment: c
Finished training EB misspecified with NPMLE init, with SURE: 0.03213501144448095
Finished training EB misspecified with NPMLE init, with in-sample MSE: 0.051237938336753615
Finished training EB misspecified, with SURE: 0.03217640202447001
Finished training EB misspecified, with in-sample MSE: 0.05123378975840351

 Training SURE of the models:
SURE-PM: 0.03217640202447001
NPMLE: 0.8381542029960672
SURE-PM, NPMLE init: 0.03213501144448095
experiment: d
Finished training EB misspecified with NPMLE init, with SURE: 0.0033567194139199155
Finished training EB misspecified with NPMLE init, with in-sample MSE: 0.008382588151190562
Finished training EB misspecified, with SURE: 0.003358053563047676
Finished training EB misspecified, with in-sample MSE: 0.00842348162683649

 Training SURE of the models:
SURE-PM: 0.003358053563047676
NPMLE: 0.005245411701137002
SURE-PM, NPMLE init: 0.0033567194139199155
experiment: e
Finished training EB misspecified with NPMLE init, with SURE: 0.16511631834613177
Finished training EB misspecified with NPMLE init, with in-sample MSE: 0.16779363283739165
Finished training EB misspecified, with SURE: 0.16512839010097685
Finished training EB misspecified, with in-sample MSE: 0.167782185175862

 Training SURE of the models:
SURE-PM: 0.16512839010097685
NPMLE: 0.295535876268173
SURE-PM, NPMLE init: 0.16511631834613177
m: 1164
n: 100
experiment: c
Finished training EB misspecified with NPMLE init, with SURE: 0.10687556419561822
Finished training EB misspecified with NPMLE init, with in-sample MSE: 0.07568378090859314
Finished training EB misspecified, with SURE: 0.10688530158334125
Finished training EB misspecified, with in-sample MSE: 0.07567244383095549

 Training SURE of the models:
SURE-PM: 0.10688530158334125
NPMLE: 0.9065482344772705
SURE-PM, NPMLE init: 0.10687556419561822
experiment: d
Finished training EB misspecified with NPMLE init, with SURE: 0.02726983796325877
Finished training EB misspecified with NPMLE init, with in-sample MSE: 0.02833739914548318
Finished training EB misspecified, with SURE: 0.027269827664020474
Finished training EB misspecified, with in-sample MSE: 0.0283374819187736

 Training SURE of the models:
SURE-PM: 0.027269827664020474
NPMLE: 0.0791674327211412
SURE-PM, NPMLE init: 0.02726983796325877
experiment: e
Finished training EB misspecified with NPMLE init, with SURE: 0.11801575065529044
Finished training EB misspecified with NPMLE init, with in-sample MSE: 0.26671867889529915
Finished training EB misspecified, with SURE: 0.11801872857654737
Finished training EB misspecified, with in-sample MSE: 0.26672243490084824

 Training SURE of the models:
SURE-PM: 0.11801872857654737
NPMLE: 0.34669298693580003
SURE-PM, NPMLE init: 0.11801575065529044
n: 400
experiment: c
Finished training EB misspecified with NPMLE init, with SURE: 0.10654106582761422
Finished training EB misspecified with NPMLE init, with in-sample MSE: 0.05478785347525775
Finished training EB misspecified, with SURE: 0.10321652923234105
Finished training EB misspecified, with in-sample MSE: 0.06931161837783091

 Training SURE of the models:
SURE-PM: 0.10321652923234105
NPMLE: 0.47964094984659505
SURE-PM, NPMLE init: 0.10654106582761422
experiment: d
Finished training EB misspecified with NPMLE init, with SURE: 0.022342726027059855
Finished training EB misspecified with NPMLE init, with in-sample MSE: 0.008088322317812804
Finished training EB misspecified, with SURE: 0.02234307544456023
Finished training EB misspecified, with in-sample MSE: 0.008088016521530652

 Training SURE of the models:
SURE-PM: 0.02234307544456023
NPMLE: 0.13476268008305056
SURE-PM, NPMLE init: 0.022342726027059855
experiment: e
Finished training EB misspecified with NPMLE init, with SURE: 0.17453187848204763
Finished training EB misspecified with NPMLE init, with in-sample MSE: 0.1852650967738316
Finished training EB misspecified, with SURE: 0.17453771691214784
Finished training EB misspecified, with in-sample MSE: 0.18526390000195664

 Training SURE of the models:
SURE-PM: 0.17453771691214784
NPMLE: 0.2995023420585722
SURE-PM, NPMLE init: 0.17453187848204763
m: 1165
n: 100
experiment: c
Finished training EB misspecified with NPMLE init, with SURE: 0.04819662084410183
Finished training EB misspecified with NPMLE init, with in-sample MSE: 0.05344328116234673
Finished training EB misspecified, with SURE: 0.048198942700246404
Finished training EB misspecified, with in-sample MSE: 0.05344519913012516

 Training SURE of the models:
SURE-PM: 0.048198942700246404
NPMLE: 0.37218112327106
SURE-PM, NPMLE init: 0.04819662084410183
experiment: d
Finished training EB misspecified with NPMLE init, with SURE: 0.028603095999209405
Finished training EB misspecified with NPMLE init, with in-sample MSE: 0.013714611522169951
Finished training EB misspecified, with SURE: 0.028602855589047193
Finished training EB misspecified, with in-sample MSE: 0.013714558571401525

 Training SURE of the models:
SURE-PM: 0.028602855589047193
NPMLE: 0.25725352535479135
SURE-PM, NPMLE init: 0.028603095999209405
experiment: e
Finished training EB misspecified with NPMLE init, with SURE: 0.08606669042656488
Finished training EB misspecified with NPMLE init, with in-sample MSE: 0.2300167394734311
Finished training EB misspecified, with SURE: 0.08607898879937526
Finished training EB misspecified, with in-sample MSE: 0.22997819332660588

 Training SURE of the models:
SURE-PM: 0.08607898879937526
NPMLE: 0.3194757368075309
SURE-PM, NPMLE init: 0.08606669042656488
n: 400
experiment: c
Finished training EB misspecified with NPMLE init, with SURE: 0.07406696127628813
Finished training EB misspecified with NPMLE init, with in-sample MSE: 0.06277962099472824
Finished training EB misspecified, with SURE: 0.07407844505009735
Finished training EB misspecified, with in-sample MSE: 0.06304996417946089

 Training SURE of the models:
SURE-PM: 0.07407844505009735
NPMLE: 0.6508715880729373
SURE-PM, NPMLE init: 0.07406696127628813
experiment: d
Finished training EB misspecified with NPMLE init, with SURE: 0.019043929371876215
Finished training EB misspecified with NPMLE init, with in-sample MSE: 0.02073996371632879
Finished training EB misspecified, with SURE: 0.019042589876785598
Finished training EB misspecified, with in-sample MSE: 0.020765144306265637

 Training SURE of the models:
SURE-PM: 0.019042589876785598
NPMLE: 0.2522973449605361
SURE-PM, NPMLE init: 0.019043929371876215
experiment: e
Finished training EB misspecified with NPMLE init, with SURE: 0.11968412199591995
Finished training EB misspecified with NPMLE init, with in-sample MSE: 0.17590882335452185
Finished training EB misspecified, with SURE: 0.11907166602223619
Finished training EB misspecified, with in-sample MSE: 0.17488062247689076

 Training SURE of the models:
SURE-PM: 0.11907166602223619
NPMLE: 0.35203546035398375
SURE-PM, NPMLE init: 0.11968412199591995
m: 1166
n: 100
experiment: c
Finished training EB misspecified with NPMLE init, with SURE: -0.03619756892932521
Finished training EB misspecified with NPMLE init, with in-sample MSE: 0.0685426456292975
Finished training EB misspecified, with SURE: -0.036188400779243464
Finished training EB misspecified, with in-sample MSE: 0.06853519120216625

 Training SURE of the models:
SURE-PM: -0.036188400779243464
NPMLE: 0.6311603003522309
SURE-PM, NPMLE init: -0.03619756892932521
experiment: d
Finished training EB misspecified with NPMLE init, with SURE: -0.0014303378364291675
Finished training EB misspecified with NPMLE init, with in-sample MSE: 0.008596989087392051
Finished training EB misspecified, with SURE: -0.0014296494910533398
Finished training EB misspecified, with in-sample MSE: 0.008596048821010595

 Training SURE of the models:
SURE-PM: -0.0014296494910533398
NPMLE: 0.05443578577874725
SURE-PM, NPMLE init: -0.0014303378364291675
experiment: e
Finished training EB misspecified with NPMLE init, with SURE: 0.057734362920802446
Finished training EB misspecified with NPMLE init, with in-sample MSE: 0.22958009499601542
Finished training EB misspecified, with SURE: 0.05775813886982821
Finished training EB misspecified, with in-sample MSE: 0.2297813424633692

 Training SURE of the models:
SURE-PM: 0.05775813886982821
NPMLE: 0.37439103124865214
SURE-PM, NPMLE init: 0.057734362920802446
n: 400
experiment: c
Finished training EB misspecified with NPMLE init, with SURE: 0.02137126633431997
Finished training EB misspecified with NPMLE init, with in-sample MSE: 0.0626339993921316
Finished training EB misspecified, with SURE: 0.02138334843960763
Finished training EB misspecified, with in-sample MSE: 0.06264264746095077

 Training SURE of the models:
SURE-PM: 0.02138334843960763
NPMLE: 0.9880009485694604
SURE-PM, NPMLE init: 0.02137126633431997
experiment: d
Finished training EB misspecified with NPMLE init, with SURE: 0.01732408133727038
Finished training EB misspecified with NPMLE init, with in-sample MSE: 0.007013426771284808
Finished training EB misspecified, with SURE: 0.01732435960839524
Finished training EB misspecified, with in-sample MSE: 0.007013741097955684

 Training SURE of the models:
SURE-PM: 0.01732435960839524
NPMLE: 0.02071361599870414
SURE-PM, NPMLE init: 0.01732408133727038
experiment: e
Finished training EB misspecified with NPMLE init, with SURE: 0.17079363487651597
Finished training EB misspecified with NPMLE init, with in-sample MSE: 0.16172106667279568
Finished training EB misspecified, with SURE: 0.17005261165446733
Finished training EB misspecified, with in-sample MSE: 0.16311706944562027

 Training SURE of the models:
SURE-PM: 0.17005261165446733
NPMLE: 0.34083052966377075
SURE-PM, NPMLE init: 0.17079363487651597
m: 1167
n: 100
experiment: c
Finished training EB misspecified with NPMLE init, with SURE: 0.11688378768885535
Finished training EB misspecified with NPMLE init, with in-sample MSE: 0.08649492182266058
Finished training EB misspecified, with SURE: 0.11690902280808643
Finished training EB misspecified, with in-sample MSE: 0.0864803849907933

 Training SURE of the models:
SURE-PM: 0.11690902280808643
NPMLE: 0.5405655010471833
SURE-PM, NPMLE init: 0.11688378768885535
experiment: d
Finished training EB misspecified with NPMLE init, with SURE: 0.016171459843097154
Finished training EB misspecified with NPMLE init, with in-sample MSE: 0.028795424285410917
Finished training EB misspecified, with SURE: 0.016175497505770728
Finished training EB misspecified, with in-sample MSE: 0.028793487441016383

 Training SURE of the models:
SURE-PM: 0.016175497505770728
NPMLE: 0.04323159433261548
SURE-PM, NPMLE init: 0.016171459843097154
experiment: e
Finished training EB misspecified with NPMLE init, with SURE: 0.20475942007788944
Finished training EB misspecified with NPMLE init, with in-sample MSE: 0.3035517253196192
Finished training EB misspecified, with SURE: 0.2047661384979584
Finished training EB misspecified, with in-sample MSE: 0.3035479055981388

 Training SURE of the models:
SURE-PM: 0.2047661384979584
NPMLE: 0.2740980019677027
SURE-PM, NPMLE init: 0.20475942007788944
n: 400
experiment: c
Finished training EB misspecified with NPMLE init, with SURE: 0.044047320936894466
Finished training EB misspecified with NPMLE init, with in-sample MSE: 0.07531442877545035
Finished training EB misspecified, with SURE: 0.04401548515048951
Finished training EB misspecified, with in-sample MSE: 0.07526223504576082

 Training SURE of the models:
SURE-PM: 0.04401548515048951
NPMLE: 0.8890992504773331
SURE-PM, NPMLE init: 0.044047320936894466
experiment: d
Finished training EB misspecified with NPMLE init, with SURE: -0.0038295357454328815
Finished training EB misspecified with NPMLE init, with in-sample MSE: 0.005710079392189096
Finished training EB misspecified, with SURE: -0.0038294526865293933
Finished training EB misspecified, with in-sample MSE: 0.0057096880400062935

 Training SURE of the models:
SURE-PM: -0.0038294526865293933
NPMLE: 0.056732482992314155
SURE-PM, NPMLE init: -0.0038295357454328815
experiment: e
Finished training EB misspecified with NPMLE init, with SURE: 0.16471512375109157
Finished training EB misspecified with NPMLE init, with in-sample MSE: 0.19312399112962392
Finished training EB misspecified, with SURE: 0.16484187160653044
Finished training EB misspecified, with in-sample MSE: 0.19344653158973063

 Training SURE of the models:
SURE-PM: 0.16484187160653044
NPMLE: 0.3499025408325651
SURE-PM, NPMLE init: 0.16471512375109157
m: 1168
n: 100
experiment: c
Finished training EB misspecified with NPMLE init, with SURE: 0.06513947928280998
Finished training EB misspecified with NPMLE init, with in-sample MSE: 0.07186076497518327
Finished training EB misspecified, with SURE: 0.06515572383498416
Finished training EB misspecified, with in-sample MSE: 0.07184299441880458

 Training SURE of the models:
SURE-PM: 0.06515572383498416
NPMLE: 0.4226488039443879
SURE-PM, NPMLE init: 0.06513947928280998
experiment: d
Finished training EB misspecified with NPMLE init, with SURE: 0.019660058780909716
Finished training EB misspecified with NPMLE init, with in-sample MSE: 0.046067747319884
Finished training EB misspecified, with SURE: 0.01966305305626337
Finished training EB misspecified, with in-sample MSE: 0.04605269889804733

 Training SURE of the models:
SURE-PM: 0.01966305305626337
NPMLE: 0.0432798844963839
SURE-PM, NPMLE init: 0.019660058780909716
experiment: e
Finished training EB misspecified with NPMLE init, with SURE: 0.13496593409424626
Finished training EB misspecified with NPMLE init, with in-sample MSE: 0.19313803312344507
Finished training EB misspecified, with SURE: 0.13391217270783315
Finished training EB misspecified, with in-sample MSE: 0.1906501585707661

 Training SURE of the models:
SURE-PM: 0.13391217270783315
NPMLE: 0.25555748074912643
SURE-PM, NPMLE init: 0.13496593409424626
n: 400
experiment: c
Finished training EB misspecified with NPMLE init, with SURE: 0.07928848826292438
Finished training EB misspecified with NPMLE init, with in-sample MSE: 0.11647589092017206
Finished training EB misspecified, with SURE: 0.07932597778860774
Finished training EB misspecified, with in-sample MSE: 0.11642164632246323

 Training SURE of the models:
SURE-PM: 0.07932597778860774
NPMLE: 0.5433972658101581
SURE-PM, NPMLE init: 0.07928848826292438
experiment: d
Finished training EB misspecified with NPMLE init, with SURE: -0.009680092890406548
Finished training EB misspecified with NPMLE init, with in-sample MSE: 0.004612747044666
Finished training EB misspecified, with SURE: -0.00967101720474437
Finished training EB misspecified, with in-sample MSE: 0.004606563065937435

 Training SURE of the models:
SURE-PM: -0.00967101720474437
NPMLE: -0.0007298196743786355
SURE-PM, NPMLE init: -0.009680092890406548
experiment: e
Finished training EB misspecified with NPMLE init, with SURE: 0.17999886716716226
Finished training EB misspecified with NPMLE init, with in-sample MSE: 0.18702701754428536
Finished training EB misspecified, with SURE: 0.18001242773564635
Finished training EB misspecified, with in-sample MSE: 0.18700302279292863

 Training SURE of the models:
SURE-PM: 0.18001242773564635
NPMLE: 0.2964162838832878
SURE-PM, NPMLE init: 0.17999886716716226
m: 1169
n: 100
experiment: c
Finished training EB misspecified with NPMLE init, with SURE: -0.08984858758766506
Finished training EB misspecified with NPMLE init, with in-sample MSE: 0.06229854637877017
Finished training EB misspecified, with SURE: -0.08983331369785162
Finished training EB misspecified, with in-sample MSE: 0.06229936226558659

 Training SURE of the models:
SURE-PM: -0.08983331369785162
NPMLE: 0.6481267851711465
SURE-PM, NPMLE init: -0.08984858758766506
experiment: d
Finished training EB misspecified with NPMLE init, with SURE: -0.012922657739487437
Finished training EB misspecified with NPMLE init, with in-sample MSE: 0.0032979440529021914
Finished training EB misspecified, with SURE: -0.012922361856828228
Finished training EB misspecified, with in-sample MSE: 0.0032978060738474983

 Training SURE of the models:
SURE-PM: -0.012922361856828228
NPMLE: 0.05712974787030463
SURE-PM, NPMLE init: -0.012922657739487437
experiment: e
Finished training EB misspecified with NPMLE init, with SURE: 0.1199022707955535
Finished training EB misspecified with NPMLE init, with in-sample MSE: 0.18618404274728687
Finished training EB misspecified, with SURE: 0.11160751181265437
Finished training EB misspecified, with in-sample MSE: 0.19706940864177874

 Training SURE of the models:
SURE-PM: 0.11160751181265437
NPMLE: 0.3518789380859287
SURE-PM, NPMLE init: 0.1199022707955535
n: 400
experiment: c
Finished training EB misspecified with NPMLE init, with SURE: 0.08923450074413673
Finished training EB misspecified with NPMLE init, with in-sample MSE: 0.07493036733677991
Finished training EB misspecified, with SURE: 0.0947417872236479
Finished training EB misspecified, with in-sample MSE: 0.056763249037625155

 Training SURE of the models:
SURE-PM: 0.0947417872236479
NPMLE: 0.8069495179738468
SURE-PM, NPMLE init: 0.08923450074413673
experiment: d
Finished training EB misspecified with NPMLE init, with SURE: 0.01200823030642967
Finished training EB misspecified with NPMLE init, with in-sample MSE: 0.007203235236930271
Finished training EB misspecified, with SURE: 0.011944830010264695
Finished training EB misspecified, with in-sample MSE: 0.007077125829987884

 Training SURE of the models:
SURE-PM: 0.011944830010264695
NPMLE: 0.09942104075512966
SURE-PM, NPMLE init: 0.01200823030642967
experiment: e
Finished training EB misspecified with NPMLE init, with SURE: 0.19729249006612162
Finished training EB misspecified with NPMLE init, with in-sample MSE: 0.18163981535545942
Finished training EB misspecified, with SURE: 0.19417086850720186
Finished training EB misspecified, with in-sample MSE: 0.17232528416984036

 Training SURE of the models:
SURE-PM: 0.19417086850720186
NPMLE: 0.3279574143293456
SURE-PM, NPMLE init: 0.19729249006612162
m: 1170
n: 100
experiment: c
Finished training EB misspecified with NPMLE init, with SURE: 0.11542866302212489
Finished training EB misspecified with NPMLE init, with in-sample MSE: 0.09656582309807069
Finished training EB misspecified, with SURE: 0.11544707768193035
Finished training EB misspecified, with in-sample MSE: 0.09658821456333513

 Training SURE of the models:
SURE-PM: 0.11544707768193035
NPMLE: 0.26568216724298666
SURE-PM, NPMLE init: 0.11542866302212489
experiment: d
Finished training EB misspecified with NPMLE init, with SURE: 0.037291380754138855
Finished training EB misspecified with NPMLE init, with in-sample MSE: 0.03504343567945442
Finished training EB misspecified, with SURE: 0.037292745178626595
Finished training EB misspecified, with in-sample MSE: 0.03504649730471578

 Training SURE of the models:
SURE-PM: 0.037292745178626595
NPMLE: 0.18706564659936414
SURE-PM, NPMLE init: 0.037291380754138855
experiment: e
Finished training EB misspecified with NPMLE init, with SURE: 0.145854271811408
Finished training EB misspecified with NPMLE init, with in-sample MSE: 0.2903903437258089
Finished training EB misspecified, with SURE: 0.13950836165298278
Finished training EB misspecified, with in-sample MSE: 0.2903959679448165

 Training SURE of the models:
SURE-PM: 0.13950836165298278
NPMLE: 0.29692219589764635
SURE-PM, NPMLE init: 0.145854271811408
n: 400
experiment: c
Finished training EB misspecified with NPMLE init, with SURE: -0.044342389318575856
Finished training EB misspecified with NPMLE init, with in-sample MSE: 0.06158122977806026
Finished training EB misspecified, with SURE: -0.043051730515592225
Finished training EB misspecified, with in-sample MSE: 0.06255807980735476

 Training SURE of the models:
SURE-PM: -0.043051730515592225
NPMLE: 0.7014672041336886
SURE-PM, NPMLE init: -0.044342389318575856
experiment: d
Finished training EB misspecified with NPMLE init, with SURE: 0.02104424065783368
Finished training EB misspecified with NPMLE init, with in-sample MSE: 0.006554177705846339
Finished training EB misspecified, with SURE: 0.02104433138536335
Finished training EB misspecified, with in-sample MSE: 0.006554212967045211

 Training SURE of the models:
SURE-PM: 0.02104433138536335
NPMLE: 0.05382803656825585
SURE-PM, NPMLE init: 0.02104424065783368
experiment: e
Finished training EB misspecified with NPMLE init, with SURE: 0.1471354528032913
Finished training EB misspecified with NPMLE init, with in-sample MSE: 0.1879137417527694
Finished training EB misspecified, with SURE: 0.14714182373868354
Finished training EB misspecified, with in-sample MSE: 0.18789955801270777

 Training SURE of the models:
SURE-PM: 0.14714182373868354
NPMLE: 0.4080294649689137
SURE-PM, NPMLE init: 0.1471354528032913
m: 1171
n: 100
experiment: c
Finished training EB misspecified with NPMLE init, with SURE: 0.031070974302444654
Finished training EB misspecified with NPMLE init, with in-sample MSE: 0.13032596859036297
Finished training EB misspecified, with SURE: 0.031089168540895218
Finished training EB misspecified, with in-sample MSE: 0.13029520819297052

 Training SURE of the models:
SURE-PM: 0.031089168540895218
NPMLE: 0.8031251275266774
SURE-PM, NPMLE init: 0.031070974302444654
experiment: d
Finished training EB misspecified with NPMLE init, with SURE: 0.0066859517201528365
Finished training EB misspecified with NPMLE init, with in-sample MSE: 0.0040470416671346925
Finished training EB misspecified, with SURE: 0.006685722271659085
Finished training EB misspecified, with in-sample MSE: 0.004047245527274899

 Training SURE of the models:
SURE-PM: 0.006685722271659085
NPMLE: 0.09475084377595251
SURE-PM, NPMLE init: 0.0066859517201528365
experiment: e
Finished training EB misspecified with NPMLE init, with SURE: 0.13192019596365995
Finished training EB misspecified with NPMLE init, with in-sample MSE: 0.2126167632546547
Finished training EB misspecified, with SURE: 0.13194724261204954
Finished training EB misspecified, with in-sample MSE: 0.2127017701852101

 Training SURE of the models:
SURE-PM: 0.13194724261204954
NPMLE: 0.3485505836025448
SURE-PM, NPMLE init: 0.13192019596365995
n: 400
experiment: c
Finished training EB misspecified with NPMLE init, with SURE: 0.02318970244958578
Finished training EB misspecified with NPMLE init, with in-sample MSE: 0.06512309522669589
Finished training EB misspecified, with SURE: 0.023197672073127295
Finished training EB misspecified, with in-sample MSE: 0.06511944909357138

 Training SURE of the models:
SURE-PM: 0.023197672073127295
NPMLE: 0.6396930871076953
SURE-PM, NPMLE init: 0.02318970244958578
experiment: d
Finished training EB misspecified with NPMLE init, with SURE: -0.0007115013056081309
Finished training EB misspecified with NPMLE init, with in-sample MSE: 0.004183196404651691
Finished training EB misspecified, with SURE: -0.0007113616627293418
Finished training EB misspecified, with in-sample MSE: 0.004182950354291001

 Training SURE of the models:
SURE-PM: -0.0007113616627293418
NPMLE: 0.05697828252080006
SURE-PM, NPMLE init: -0.0007115013056081309
experiment: e
Finished training EB misspecified with NPMLE init, with SURE: 0.19063351084666835
Finished training EB misspecified with NPMLE init, with in-sample MSE: 0.18256613945630173
Finished training EB misspecified, with SURE: 0.19063813509093536
Finished training EB misspecified, with in-sample MSE: 0.1825393057293869

 Training SURE of the models:
SURE-PM: 0.19063813509093536
NPMLE: 0.33228451231008493
SURE-PM, NPMLE init: 0.19063351084666835
m: 1172
n: 100
experiment: c
Finished training EB misspecified with NPMLE init, with SURE: 0.015553033793875955
Finished training EB misspecified with NPMLE init, with in-sample MSE: 0.08221480906043373
Finished training EB misspecified, with SURE: 0.015344720564653542
Finished training EB misspecified, with in-sample MSE: 0.08060192972729892

 Training SURE of the models:
SURE-PM: 0.015344720564653542
NPMLE: 0.23980948436421443
SURE-PM, NPMLE init: 0.015553033793875955
experiment: d
Finished training EB misspecified with NPMLE init, with SURE: -0.009687038520164127
Finished training EB misspecified with NPMLE init, with in-sample MSE: 0.005507946476153683
Finished training EB misspecified, with SURE: -0.009686789833978313
Finished training EB misspecified, with in-sample MSE: 0.005507919423519792

 Training SURE of the models:
SURE-PM: -0.009686789833978313
NPMLE: 0.10874543477788054
SURE-PM, NPMLE init: -0.009687038520164127
experiment: e
Finished training EB misspecified with NPMLE init, with SURE: 0.14579948540124146
Finished training EB misspecified with NPMLE init, with in-sample MSE: 0.21297035731672215
Finished training EB misspecified, with SURE: 0.13365595540507397
Finished training EB misspecified, with in-sample MSE: 0.21637428674210643

 Training SURE of the models:
SURE-PM: 0.13365595540507397
NPMLE: 0.2795661946458637
SURE-PM, NPMLE init: 0.14579948540124146
n: 400
experiment: c
Finished training EB misspecified with NPMLE init, with SURE: 0.03281429807796279
Finished training EB misspecified with NPMLE init, with in-sample MSE: 0.0493329504845259
Finished training EB misspecified, with SURE: 0.03288951392682748
Finished training EB misspecified, with in-sample MSE: 0.049327623455216324

 Training SURE of the models:
SURE-PM: 0.03288951392682748
NPMLE: 0.7378166234570094
SURE-PM, NPMLE init: 0.03281429807796279
experiment: d
Finished training EB misspecified with NPMLE init, with SURE: 0.019892459212917952
Finished training EB misspecified with NPMLE init, with in-sample MSE: 0.012675313636310286
Finished training EB misspecified, with SURE: 0.01989353184075821
Finished training EB misspecified, with in-sample MSE: 0.012672221476332034

 Training SURE of the models:
SURE-PM: 0.01989353184075821
NPMLE: 0.05865657196692755
SURE-PM, NPMLE init: 0.019892459212917952
experiment: e
Finished training EB misspecified with NPMLE init, with SURE: 0.1724329935660346
Finished training EB misspecified with NPMLE init, with in-sample MSE: 0.20037041540466785
Finished training EB misspecified, with SURE: 0.17243930262193088
Finished training EB misspecified, with in-sample MSE: 0.20037376830730502

 Training SURE of the models:
SURE-PM: 0.17243930262193088
NPMLE: 0.2957811555636634
SURE-PM, NPMLE init: 0.1724329935660346
m: 1173
n: 100
experiment: c
Finished training EB misspecified with NPMLE init, with SURE: 0.13228833687538114
Finished training EB misspecified with NPMLE init, with in-sample MSE: 0.12241698815619503
Finished training EB misspecified, with SURE: 0.13229519422198835
Finished training EB misspecified, with in-sample MSE: 0.12247930200607655

 Training SURE of the models:
SURE-PM: 0.13229519422198835
NPMLE: 0.43194873191997213
SURE-PM, NPMLE init: 0.13228833687538114
experiment: d
Finished training EB misspecified with NPMLE init, with SURE: -0.016374855412268678
Finished training EB misspecified with NPMLE init, with in-sample MSE: 0.008593557879237521
Finished training EB misspecified, with SURE: -0.016374552065510778
Finished training EB misspecified, with in-sample MSE: 0.00859340585056686

 Training SURE of the models:
SURE-PM: -0.016374552065510778
NPMLE: 0.04245049407648324
SURE-PM, NPMLE init: -0.016374855412268678
experiment: e
Finished training EB misspecified with NPMLE init, with SURE: 0.17322053317663447
Finished training EB misspecified with NPMLE init, with in-sample MSE: 0.1615452989660367
Finished training EB misspecified, with SURE: 0.17322239750529128
Finished training EB misspecified, with in-sample MSE: 0.16155561503260368

 Training SURE of the models:
SURE-PM: 0.17322239750529128
NPMLE: 0.268031512795699
SURE-PM, NPMLE init: 0.17322053317663447
n: 400
experiment: c
Finished training EB misspecified with NPMLE init, with SURE: 0.07733957565431823
Finished training EB misspecified with NPMLE init, with in-sample MSE: 0.05105967292749232
Finished training EB misspecified, with SURE: 0.07743947070898315
Finished training EB misspecified, with in-sample MSE: 0.051257521821315766

 Training SURE of the models:
SURE-PM: 0.07743947070898315
NPMLE: 0.6197773009337997
SURE-PM, NPMLE init: 0.07733957565431823
experiment: d
Finished training EB misspecified with NPMLE init, with SURE: 0.0059487180561582425
Finished training EB misspecified with NPMLE init, with in-sample MSE: 0.00734228415501104
Finished training EB misspecified, with SURE: 0.005948730103967765
Finished training EB misspecified, with in-sample MSE: 0.0073428795162670864

 Training SURE of the models:
SURE-PM: 0.005948730103967765
NPMLE: 0.04031932206672252
SURE-PM, NPMLE init: 0.0059487180561582425
experiment: e
Finished training EB misspecified with NPMLE init, with SURE: 0.14842172555424468
Finished training EB misspecified with NPMLE init, with in-sample MSE: 0.18596823020390743
Finished training EB misspecified, with SURE: 0.14843436544028918
Finished training EB misspecified, with in-sample MSE: 0.18596368331583274

 Training SURE of the models:
SURE-PM: 0.14843436544028918
NPMLE: 0.30872315730039196
SURE-PM, NPMLE init: 0.14842172555424468
m: 1174
n: 100
experiment: c
Finished training EB misspecified with NPMLE init, with SURE: 0.05454106417116655
Finished training EB misspecified with NPMLE init, with in-sample MSE: 0.2145326225158283
Finished training EB misspecified, with SURE: 0.054537739713169414
Finished training EB misspecified, with in-sample MSE: 0.21467269659727936

 Training SURE of the models:
SURE-PM: 0.054537739713169414
NPMLE: 0.49090436685910077
SURE-PM, NPMLE init: 0.05454106417116655
experiment: d
Finished training EB misspecified with NPMLE init, with SURE: -0.015408512500713236
Finished training EB misspecified with NPMLE init, with in-sample MSE: 0.0224837638621528
Finished training EB misspecified, with SURE: -0.015406564230507307
Finished training EB misspecified, with in-sample MSE: 0.022496735735368412

 Training SURE of the models:
SURE-PM: -0.015406564230507307
NPMLE: 0.07625066608223686
SURE-PM, NPMLE init: -0.015408512500713236
experiment: e
Finished training EB misspecified with NPMLE init, with SURE: 0.11640767509276746
Finished training EB misspecified with NPMLE init, with in-sample MSE: 0.23712276324223056
Finished training EB misspecified, with SURE: 0.11641338238859358
Finished training EB misspecified, with in-sample MSE: 0.2370102689936526

 Training SURE of the models:
SURE-PM: 0.11641338238859358
NPMLE: 0.25185005137918337
SURE-PM, NPMLE init: 0.11640767509276746
n: 400
experiment: c
Finished training EB misspecified with NPMLE init, with SURE: 0.050221891808966676
Finished training EB misspecified with NPMLE init, with in-sample MSE: 0.06343995560283028
Finished training EB misspecified, with SURE: 0.050231024635443905
Finished training EB misspecified, with in-sample MSE: 0.06345117416731624

 Training SURE of the models:
SURE-PM: 0.050231024635443905
NPMLE: 0.578218128345911
SURE-PM, NPMLE init: 0.050221891808966676
experiment: d
Finished training EB misspecified with NPMLE init, with SURE: 0.004090271709925126
Finished training EB misspecified with NPMLE init, with in-sample MSE: 0.008988087328271992
Finished training EB misspecified, with SURE: 0.0040906497004065834
Finished training EB misspecified, with in-sample MSE: 0.00898758382832307

 Training SURE of the models:
SURE-PM: 0.0040906497004065834
NPMLE: 0.04842214237658972
SURE-PM, NPMLE init: 0.004090271709925126
experiment: e
Finished training EB misspecified with NPMLE init, with SURE: 0.13793902600462338
Finished training EB misspecified with NPMLE init, with in-sample MSE: 0.23931629437756757
Finished training EB misspecified, with SURE: 0.13796107517853018
Finished training EB misspecified, with in-sample MSE: 0.23940327000251851

 Training SURE of the models:
SURE-PM: 0.13796107517853018
NPMLE: 0.3015100342374722
SURE-PM, NPMLE init: 0.13793902600462338
m: 1175
n: 100
experiment: c
Finished training EB misspecified with NPMLE init, with SURE: 0.02798940282051518
Finished training EB misspecified with NPMLE init, with in-sample MSE: 0.04446966698483994
Finished training EB misspecified, with SURE: 0.027996474127640596
Finished training EB misspecified, with in-sample MSE: 0.0444671052043467

 Training SURE of the models:
SURE-PM: 0.027996474127640596
NPMLE: 0.6786817702140189
SURE-PM, NPMLE init: 0.02798940282051518
experiment: d
Finished training EB misspecified with NPMLE init, with SURE: 0.004836355401165342
Finished training EB misspecified with NPMLE init, with in-sample MSE: 0.0042573331324538095
Finished training EB misspecified, with SURE: 0.004836762584576117
Finished training EB misspecified, with in-sample MSE: 0.004257026216513618

 Training SURE of the models:
SURE-PM: 0.004836762584576117
NPMLE: 0.0881344304659294
SURE-PM, NPMLE init: 0.004836355401165342
experiment: e
Finished training EB misspecified with NPMLE init, with SURE: 0.14273340532230328
Finished training EB misspecified with NPMLE init, with in-sample MSE: 0.16778432595793288
Finished training EB misspecified, with SURE: 0.14273814152909345
Finished training EB misspecified, with in-sample MSE: 0.16782027107990538

 Training SURE of the models:
SURE-PM: 0.14273814152909345
NPMLE: 0.323399823112872
SURE-PM, NPMLE init: 0.14273340532230328
n: 400
experiment: c
Finished training EB misspecified with NPMLE init, with SURE: 0.01973068493245869
Finished training EB misspecified with NPMLE init, with in-sample MSE: 0.058798441955036085
Finished training EB misspecified, with SURE: 0.019734147371465553
Finished training EB misspecified, with in-sample MSE: 0.05879667868839825

 Training SURE of the models:
SURE-PM: 0.019734147371465553
NPMLE: 0.3252155273895481
SURE-PM, NPMLE init: 0.01973068493245869
experiment: d
Finished training EB misspecified with NPMLE init, with SURE: 0.006222966753643409
Finished training EB misspecified with NPMLE init, with in-sample MSE: 0.0073690251038363045
Finished training EB misspecified, with SURE: 0.006222964375443621
Finished training EB misspecified, with in-sample MSE: 0.0073691041150333505

 Training SURE of the models:
SURE-PM: 0.006222964375443621
NPMLE: 0.07248791658352427
SURE-PM, NPMLE init: 0.006222966753643409
experiment: e
Finished training EB misspecified with NPMLE init, with SURE: 0.16885227365143146
Finished training EB misspecified with NPMLE init, with in-sample MSE: 0.17514036200547572
Finished training EB misspecified, with SURE: 0.1688682481174574
Finished training EB misspecified, with in-sample MSE: 0.17520761991539086

 Training SURE of the models:
SURE-PM: 0.1688682481174574
NPMLE: 0.3182647747919542
SURE-PM, NPMLE init: 0.16885227365143146
m: 1176
n: 100
experiment: c
Finished training EB misspecified with NPMLE init, with SURE: 0.05005536915069755
Finished training EB misspecified with NPMLE init, with in-sample MSE: 0.061801267538306746
Finished training EB misspecified, with SURE: 0.05006127699628962
Finished training EB misspecified, with in-sample MSE: 0.06180171805782957

 Training SURE of the models:
SURE-PM: 0.05006127699628962
NPMLE: 0.3670812795920185
SURE-PM, NPMLE init: 0.05005536915069755
experiment: d
Finished training EB misspecified with NPMLE init, with SURE: 0.02557115666641085
Finished training EB misspecified with NPMLE init, with in-sample MSE: 0.014150146030777582
Finished training EB misspecified, with SURE: 0.02557414038098468
Finished training EB misspecified, with in-sample MSE: 0.014258497583274861

 Training SURE of the models:
SURE-PM: 0.02557414038098468
NPMLE: 0.030877730293758603
SURE-PM, NPMLE init: 0.02557115666641085
experiment: e
Finished training EB misspecified with NPMLE init, with SURE: 0.09842274423045769
Finished training EB misspecified with NPMLE init, with in-sample MSE: 0.2198000151078219
Finished training EB misspecified, with SURE: 0.09843060363015912
Finished training EB misspecified, with in-sample MSE: 0.2195736922587137

 Training SURE of the models:
SURE-PM: 0.09843060363015912
NPMLE: 0.3472989064388989
SURE-PM, NPMLE init: 0.09842274423045769
n: 400
experiment: c
Finished training EB misspecified with NPMLE init, with SURE: 0.056722058416780005
Finished training EB misspecified with NPMLE init, with in-sample MSE: 0.05623151498346373
Finished training EB misspecified, with SURE: 0.05671529067938813
Finished training EB misspecified, with in-sample MSE: 0.05625577681115378

 Training SURE of the models:
SURE-PM: 0.05671529067938813
NPMLE: 0.44644716648299637
SURE-PM, NPMLE init: 0.056722058416780005
experiment: d
Finished training EB misspecified with NPMLE init, with SURE: 0.014469800851561878
Finished training EB misspecified with NPMLE init, with in-sample MSE: 0.009651833868043667
Finished training EB misspecified, with SURE: 0.014470309789965193
Finished training EB misspecified, with in-sample MSE: 0.00964879882801624

 Training SURE of the models:
SURE-PM: 0.014470309789965193
NPMLE: 0.019109190717036758
SURE-PM, NPMLE init: 0.014469800851561878
experiment: e
Finished training EB misspecified with NPMLE init, with SURE: 0.15742831749369365
Finished training EB misspecified with NPMLE init, with in-sample MSE: 0.17626690457160207
Finished training EB misspecified, with SURE: 0.15610342427918006
Finished training EB misspecified, with in-sample MSE: 0.17403252225469898

 Training SURE of the models:
SURE-PM: 0.15610342427918006
NPMLE: 0.3060326649246584
SURE-PM, NPMLE init: 0.15742831749369365
m: 1177
n: 100
experiment: c
Finished training EB misspecified with NPMLE init, with SURE: -0.008311747438083472
Finished training EB misspecified with NPMLE init, with in-sample MSE: 0.07605425982071101
Finished training EB misspecified, with SURE: -0.008301287849925175
Finished training EB misspecified, with in-sample MSE: 0.07604368202289319

 Training SURE of the models:
SURE-PM: -0.008301287849925175
NPMLE: 0.7414894339456459
SURE-PM, NPMLE init: -0.008311747438083472
experiment: d
Finished training EB misspecified with NPMLE init, with SURE: -0.026419512567226633
Finished training EB misspecified with NPMLE init, with in-sample MSE: 0.003937473997541496
Finished training EB misspecified, with SURE: -0.026419169758619035
Finished training EB misspecified, with in-sample MSE: 0.003937353078945929

 Training SURE of the models:
SURE-PM: -0.026419169758619035
NPMLE: -0.01386167342356071
SURE-PM, NPMLE init: -0.026419512567226633
experiment: e
Finished training EB misspecified with NPMLE init, with SURE: 0.1139024997920793
Finished training EB misspecified with NPMLE init, with in-sample MSE: 0.19992613926997063
Finished training EB misspecified, with SURE: 0.11363191313789145
Finished training EB misspecified, with in-sample MSE: 0.1957614451622075

 Training SURE of the models:
SURE-PM: 0.11363191313789145
NPMLE: 0.47604564066568505
SURE-PM, NPMLE init: 0.1139024997920793
n: 400
experiment: c
Finished training EB misspecified with NPMLE init, with SURE: 0.060805505634241114
Finished training EB misspecified with NPMLE init, with in-sample MSE: 0.06595275949739081
Finished training EB misspecified, with SURE: 0.05855544448413411
Finished training EB misspecified, with in-sample MSE: 0.06898773006328943

 Training SURE of the models:
SURE-PM: 0.05855544448413411
NPMLE: 0.7419874174551854
SURE-PM, NPMLE init: 0.060805505634241114
experiment: d
Finished training EB misspecified with NPMLE init, with SURE: -0.016533811087689223
Finished training EB misspecified with NPMLE init, with in-sample MSE: 0.005109513930004927
Finished training EB misspecified, with SURE: -0.016533460311864038
Finished training EB misspecified, with in-sample MSE: 0.005109266083144404

 Training SURE of the models:
SURE-PM: -0.016533460311864038
NPMLE: 0.019599440462181743
SURE-PM, NPMLE init: -0.016533811087689223
experiment: e
Finished training EB misspecified with NPMLE init, with SURE: 0.1423803518269047
Finished training EB misspecified with NPMLE init, with in-sample MSE: 0.16096333923099024
Finished training EB misspecified, with SURE: 0.14238585300639497
Finished training EB misspecified, with in-sample MSE: 0.1609610063378859

 Training SURE of the models:
SURE-PM: 0.14238585300639497
NPMLE: 0.32829529976397054
SURE-PM, NPMLE init: 0.1423803518269047
m: 1178
n: 100
experiment: c
Finished training EB misspecified with NPMLE init, with SURE: 0.15282693650851883
Finished training EB misspecified with NPMLE init, with in-sample MSE: 0.09850286860876692
Finished training EB misspecified, with SURE: 0.15285661892845367
Finished training EB misspecified, with in-sample MSE: 0.09848282273982864

 Training SURE of the models:
SURE-PM: 0.15285661892845367
NPMLE: 0.5862969502177506
SURE-PM, NPMLE init: 0.15282693650851883
experiment: d
Finished training EB misspecified with NPMLE init, with SURE: -0.018518669676562193
Finished training EB misspecified with NPMLE init, with in-sample MSE: 0.008495972741248792
Finished training EB misspecified, with SURE: -0.01851609774990717
Finished training EB misspecified, with in-sample MSE: 0.00849152303949418

 Training SURE of the models:
SURE-PM: -0.01851609774990717
NPMLE: -0.005103920522712002
SURE-PM, NPMLE init: -0.018518669676562193
experiment: e
Finished training EB misspecified with NPMLE init, with SURE: 0.11607345412480413
Finished training EB misspecified with NPMLE init, with in-sample MSE: 0.20462137545005632
Finished training EB misspecified, with SURE: 0.11508867860263415
Finished training EB misspecified, with in-sample MSE: 0.20067852861395583

 Training SURE of the models:
SURE-PM: 0.11508867860263415
NPMLE: 0.3583435353388788
SURE-PM, NPMLE init: 0.11607345412480413
n: 400
experiment: c
Finished training EB misspecified with NPMLE init, with SURE: 0.03347075160941252
Finished training EB misspecified with NPMLE init, with in-sample MSE: 0.057993359120109174
Finished training EB misspecified, with SURE: 0.03346616882064666
Finished training EB misspecified, with in-sample MSE: 0.05804253124583527

 Training SURE of the models:
SURE-PM: 0.03346616882064666
NPMLE: 1.0675636548822924
SURE-PM, NPMLE init: 0.03347075160941252
experiment: d
Finished training EB misspecified with NPMLE init, with SURE: -0.0164928320229523
Finished training EB misspecified with NPMLE init, with in-sample MSE: 0.005509596021787463
Finished training EB misspecified, with SURE: -0.016492402099567906
Finished training EB misspecified, with in-sample MSE: 0.005509598762318713

 Training SURE of the models:
SURE-PM: -0.016492402099567906
NPMLE: 0.005265396800589812
SURE-PM, NPMLE init: -0.0164928320229523
experiment: e
Finished training EB misspecified with NPMLE init, with SURE: 0.14892129459194586
Finished training EB misspecified with NPMLE init, with in-sample MSE: 0.17664017324880085
Finished training EB misspecified, with SURE: 0.14895897311327658
Finished training EB misspecified, with in-sample MSE: 0.17691374552565162

 Training SURE of the models:
SURE-PM: 0.14895897311327658
NPMLE: 0.3346312393082269
SURE-PM, NPMLE init: 0.14892129459194586
m: 1179
n: 100
experiment: c
Finished training EB misspecified with NPMLE init, with SURE: -0.012895476079248099
Finished training EB misspecified with NPMLE init, with in-sample MSE: 0.05907769287773226
Finished training EB misspecified, with SURE: -0.012892602126986787
Finished training EB misspecified, with in-sample MSE: 0.0590831655329422

 Training SURE of the models:
SURE-PM: -0.012892602126986787
NPMLE: 0.6049651820629891
SURE-PM, NPMLE init: -0.012895476079248099
experiment: d
Finished training EB misspecified with NPMLE init, with SURE: -0.004119559289928745
Finished training EB misspecified with NPMLE init, with in-sample MSE: 0.006205129293261911
Finished training EB misspecified, with SURE: -0.0041187195471658455
Finished training EB misspecified, with in-sample MSE: 0.006206486289454346

 Training SURE of the models:
SURE-PM: -0.0041187195471658455
NPMLE: 0.0010030515767815728
SURE-PM, NPMLE init: -0.004119559289928745
experiment: e
Finished training EB misspecified with NPMLE init, with SURE: 0.11343604597010526
Finished training EB misspecified with NPMLE init, with in-sample MSE: 0.1547703001843052
Finished training EB misspecified, with SURE: 0.11343252029784637
Finished training EB misspecified, with in-sample MSE: 0.15477732931310542

 Training SURE of the models:
SURE-PM: 0.11343252029784637
NPMLE: 0.30187799232223606
SURE-PM, NPMLE init: 0.11343604597010526
n: 400
experiment: c
Finished training EB misspecified with NPMLE init, with SURE: 0.05269480605298789
Finished training EB misspecified with NPMLE init, with in-sample MSE: 0.08193201957382606
Finished training EB misspecified, with SURE: 0.06206028735391222
Finished training EB misspecified, with in-sample MSE: 0.05850883743193704

 Training SURE of the models:
SURE-PM: 0.06206028735391222
NPMLE: 0.8025149086775472
SURE-PM, NPMLE init: 0.05269480605298789
experiment: d
Finished training EB misspecified with NPMLE init, with SURE: 0.0013677899249649884
Finished training EB misspecified with NPMLE init, with in-sample MSE: 0.00542308468985002
Finished training EB misspecified, with SURE: 0.001329039978374027
Finished training EB misspecified, with in-sample MSE: 0.005355182792247556

 Training SURE of the models:
SURE-PM: 0.001329039978374027
NPMLE: 0.06371543561010441
SURE-PM, NPMLE init: 0.0013677899249649884
experiment: e
Finished training EB misspecified with NPMLE init, with SURE: 0.17809695801377523
Finished training EB misspecified with NPMLE init, with in-sample MSE: 0.16814684284653125
Finished training EB misspecified, with SURE: 0.17810971812510176
Finished training EB misspecified, with in-sample MSE: 0.16815140847140445

 Training SURE of the models:
SURE-PM: 0.17810971812510176
NPMLE: 0.32076793475108184
SURE-PM, NPMLE init: 0.17809695801377523
m: 1180
n: 100
experiment: c
Finished training EB misspecified with NPMLE init, with SURE: 0.10407502793914197
Finished training EB misspecified with NPMLE init, with in-sample MSE: 0.07198855409812083
Finished training EB misspecified, with SURE: 0.1041132517730859
Finished training EB misspecified, with in-sample MSE: 0.07286165176372196

 Training SURE of the models:
SURE-PM: 0.1041132517730859
NPMLE: 0.9820675616874258
SURE-PM, NPMLE init: 0.10407502793914197
experiment: d
Finished training EB misspecified with NPMLE init, with SURE: 0.01778143416470382
Finished training EB misspecified with NPMLE init, with in-sample MSE: 0.004696066758712995
Finished training EB misspecified, with SURE: 0.017781300415899006
Finished training EB misspecified, with in-sample MSE: 0.004674848506086845

 Training SURE of the models:
SURE-PM: 0.017781300415899006
NPMLE: 0.08272773327879182
SURE-PM, NPMLE init: 0.01778143416470382
experiment: e
Finished training EB misspecified with NPMLE init, with SURE: 0.1112282391189082
Finished training EB misspecified with NPMLE init, with in-sample MSE: 0.24747328429359336
Finished training EB misspecified, with SURE: 0.1112404302351996
Finished training EB misspecified, with in-sample MSE: 0.247460724696137

 Training SURE of the models:
SURE-PM: 0.1112404302351996
NPMLE: 0.29036793705863156
SURE-PM, NPMLE init: 0.1112282391189082
n: 400
experiment: c
Finished training EB misspecified with NPMLE init, with SURE: 0.0501992484469595
Finished training EB misspecified with NPMLE init, with in-sample MSE: 0.05350871840177129
Finished training EB misspecified, with SURE: 0.05025048963032461
Finished training EB misspecified, with in-sample MSE: 0.05339951274439017

 Training SURE of the models:
SURE-PM: 0.05025048963032461
NPMLE: 0.5576692221478179
SURE-PM, NPMLE init: 0.0501992484469595
experiment: d
Finished training EB misspecified with NPMLE init, with SURE: -0.0032970675040017204
Finished training EB misspecified with NPMLE init, with in-sample MSE: 0.005509076978488308
Finished training EB misspecified, with SURE: -0.0032967173897200477
Finished training EB misspecified, with in-sample MSE: 0.005508883239128558

 Training SURE of the models:
SURE-PM: -0.0032967173897200477
NPMLE: 0.07495371897374178
SURE-PM, NPMLE init: -0.0032970675040017204
experiment: e
Finished training EB misspecified with NPMLE init, with SURE: 0.14625531531193484
Finished training EB misspecified with NPMLE init, with in-sample MSE: 0.1650087141396746
Finished training EB misspecified, with SURE: 0.1463628824508658
Finished training EB misspecified, with in-sample MSE: 0.16508584388385678

 Training SURE of the models:
SURE-PM: 0.1463628824508658
NPMLE: 0.2891730507340872
SURE-PM, NPMLE init: 0.14625531531193484
m: 1181
n: 100
experiment: c
Finished training EB misspecified with NPMLE init, with SURE: -0.0010522662527247208
Finished training EB misspecified with NPMLE init, with in-sample MSE: 0.05968540288424696
Finished training EB misspecified, with SURE: -0.0010492204942375593
Finished training EB misspecified, with in-sample MSE: 0.05969118570205888

 Training SURE of the models:
SURE-PM: -0.0010492204942375593
NPMLE: 0.22070831122195664
SURE-PM, NPMLE init: -0.0010522662527247208
experiment: d
Finished training EB misspecified with NPMLE init, with SURE: -0.009012152258080804
Finished training EB misspecified with NPMLE init, with in-sample MSE: 0.011624931810349865
Finished training EB misspecified, with SURE: -0.009010362575358144
Finished training EB misspecified, with in-sample MSE: 0.01162000478333306

 Training SURE of the models:
SURE-PM: -0.009010362575358144
NPMLE: -0.005804935444111212
SURE-PM, NPMLE init: -0.009012152258080804
experiment: e
Finished training EB misspecified with NPMLE init, with SURE: 0.18671830925308228
Finished training EB misspecified with NPMLE init, with in-sample MSE: 0.2496629330669322
Finished training EB misspecified, with SURE: 0.18672709753633107
Finished training EB misspecified, with in-sample MSE: 0.2496559591481767

 Training SURE of the models:
SURE-PM: 0.18672709753633107
NPMLE: 0.2736238444525301
SURE-PM, NPMLE init: 0.18671830925308228
n: 400
experiment: c
Finished training EB misspecified with NPMLE init, with SURE: 0.027602922750323843
Finished training EB misspecified with NPMLE init, with in-sample MSE: 0.05944376446390608
Finished training EB misspecified, with SURE: 0.02761767681623667
Finished training EB misspecified, with in-sample MSE: 0.059439919514892685

 Training SURE of the models:
SURE-PM: 0.02761767681623667
NPMLE: 0.4358026869430936
SURE-PM, NPMLE init: 0.027602922750323843
experiment: d
Finished training EB misspecified with NPMLE init, with SURE: 0.014146421180492369
Finished training EB misspecified with NPMLE init, with in-sample MSE: 0.014384040583248643
Finished training EB misspecified, with SURE: 0.014692492038502607
Finished training EB misspecified, with in-sample MSE: 0.01341713739235925

 Training SURE of the models:
SURE-PM: 0.014692492038502607
NPMLE: 0.1362807162229064
SURE-PM, NPMLE init: 0.014146421180492369
experiment: e
Finished training EB misspecified with NPMLE init, with SURE: 0.18210263314624833
Finished training EB misspecified with NPMLE init, with in-sample MSE: 0.21937859452335967
Finished training EB misspecified, with SURE: 0.18210944428613943
Finished training EB misspecified, with in-sample MSE: 0.21934166393461102

 Training SURE of the models:
SURE-PM: 0.18210944428613943
NPMLE: 0.2964156503522936
SURE-PM, NPMLE init: 0.18210263314624833
m: 1182
n: 100
experiment: c
Finished training EB misspecified with NPMLE init, with SURE: 0.048210028380045386
Finished training EB misspecified with NPMLE init, with in-sample MSE: 0.11238740408981761
Finished training EB misspecified, with SURE: 0.04821904478722658
Finished training EB misspecified, with in-sample MSE: 0.11231844519613438

 Training SURE of the models:
SURE-PM: 0.04821904478722658
NPMLE: 0.42066862090205837
SURE-PM, NPMLE init: 0.048210028380045386
experiment: d
Finished training EB misspecified with NPMLE init, with SURE: -0.007733146276081105
Finished training EB misspecified with NPMLE init, with in-sample MSE: 0.004872230275358227
Finished training EB misspecified, with SURE: -0.007732898516909099
Finished training EB misspecified, with in-sample MSE: 0.004872228356744853

 Training SURE of the models:
SURE-PM: -0.007732898516909099
NPMLE: -0.003118375233023425
SURE-PM, NPMLE init: -0.007733146276081105
experiment: e
Finished training EB misspecified with NPMLE init, with SURE: 0.14795598800259566
Finished training EB misspecified with NPMLE init, with in-sample MSE: 0.18570478584101002
Finished training EB misspecified, with SURE: 0.1479955050282735
Finished training EB misspecified, with in-sample MSE: 0.18695625454298712

 Training SURE of the models:
SURE-PM: 0.1479955050282735
NPMLE: 0.33018701851390536
SURE-PM, NPMLE init: 0.14795598800259566
n: 400
experiment: c
Finished training EB misspecified with NPMLE init, with SURE: 0.08407934268043085
Finished training EB misspecified with NPMLE init, with in-sample MSE: 0.06714202830732803
Finished training EB misspecified, with SURE: 0.08408378653514995
Finished training EB misspecified, with in-sample MSE: 0.06713962325904842

 Training SURE of the models:
SURE-PM: 0.08408378653514995
NPMLE: 0.5569274344280915
SURE-PM, NPMLE init: 0.08407934268043085
experiment: d
Finished training EB misspecified with NPMLE init, with SURE: -0.013830706302447916
Finished training EB misspecified with NPMLE init, with in-sample MSE: 0.005899579051565925
Finished training EB misspecified, with SURE: -0.013776202252019996
Finished training EB misspecified, with in-sample MSE: 0.005850531360735231

 Training SURE of the models:
SURE-PM: -0.013776202252019996
NPMLE: 0.008392967630107169
SURE-PM, NPMLE init: -0.013830706302447916
experiment: e
Finished training EB misspecified with NPMLE init, with SURE: 0.17555184402404692
Finished training EB misspecified with NPMLE init, with in-sample MSE: 0.15471850301140086
Finished training EB misspecified, with SURE: 0.17435203263921514
Finished training EB misspecified, with in-sample MSE: 0.1554720614641437

 Training SURE of the models:
SURE-PM: 0.17435203263921514
NPMLE: 0.27738102033693124
SURE-PM, NPMLE init: 0.17555184402404692
m: 1183
n: 100
experiment: c
Finished training EB misspecified with NPMLE init, with SURE: 0.04815223649902393
Finished training EB misspecified with NPMLE init, with in-sample MSE: 0.1633263643040202
Finished training EB misspecified, with SURE: 0.04818132046540818
Finished training EB misspecified, with in-sample MSE: 0.16334864556748602

 Training SURE of the models:
SURE-PM: 0.04818132046540818
NPMLE: 1.2273609456801295
SURE-PM, NPMLE init: 0.04815223649902393
experiment: d
Finished training EB misspecified with NPMLE init, with SURE: -0.011184952453910544
Finished training EB misspecified with NPMLE init, with in-sample MSE: 0.006131019728082728
Finished training EB misspecified, with SURE: -0.011183819599389367
Finished training EB misspecified, with in-sample MSE: 0.006132730275583988

 Training SURE of the models:
SURE-PM: -0.011183819599389367
NPMLE: -0.010739038974928655
SURE-PM, NPMLE init: -0.011184952453910544
experiment: e
Finished training EB misspecified with NPMLE init, with SURE: 0.09677640607080817
Finished training EB misspecified with NPMLE init, with in-sample MSE: 0.190001752044486
Finished training EB misspecified, with SURE: 0.0967803470774384
Finished training EB misspecified, with in-sample MSE: 0.1900206663639581

 Training SURE of the models:
SURE-PM: 0.0967803470774384
NPMLE: 0.306664207956664
SURE-PM, NPMLE init: 0.09677640607080817
n: 400
experiment: c
Finished training EB misspecified with NPMLE init, with SURE: 0.006674455378011785
Finished training EB misspecified with NPMLE init, with in-sample MSE: 0.06245684764699545
Finished training EB misspecified, with SURE: 0.006697055193835126
Finished training EB misspecified, with in-sample MSE: 0.06238987484096604

 Training SURE of the models:
SURE-PM: 0.006697055193835126
NPMLE: 0.7788807617368068
SURE-PM, NPMLE init: 0.006674455378011785
experiment: d
Finished training EB misspecified with NPMLE init, with SURE: 0.0060865977160076135
Finished training EB misspecified with NPMLE init, with in-sample MSE: 0.005674407408165408
Finished training EB misspecified, with SURE: 0.006088093167388191
Finished training EB misspecified, with in-sample MSE: 0.005675826218726267

 Training SURE of the models:
SURE-PM: 0.006088093167388191
NPMLE: 0.06153468694374984
SURE-PM, NPMLE init: 0.0060865977160076135
experiment: e
Finished training EB misspecified with NPMLE init, with SURE: 0.16349615177357749
Finished training EB misspecified with NPMLE init, with in-sample MSE: 0.1793916268953819
Finished training EB misspecified, with SURE: 0.16319901410744755
Finished training EB misspecified, with in-sample MSE: 0.17894799016972254

 Training SURE of the models:
SURE-PM: 0.16319901410744755
NPMLE: 0.3062455430874155
SURE-PM, NPMLE init: 0.16349615177357749
m: 1184
n: 100
experiment: c
Finished training EB misspecified with NPMLE init, with SURE: 0.0015021839385362058
Finished training EB misspecified with NPMLE init, with in-sample MSE: 0.06429422715570608
Finished training EB misspecified, with SURE: 0.001502061877526444
Finished training EB misspecified, with in-sample MSE: 0.06429720778388101

 Training SURE of the models:
SURE-PM: 0.001502061877526444
NPMLE: 0.5069960007018295
SURE-PM, NPMLE init: 0.0015021839385362058
experiment: d
Finished training EB misspecified with NPMLE init, with SURE: 0.013760870220896173
Finished training EB misspecified with NPMLE init, with in-sample MSE: 0.015685111963295816
Finished training EB misspecified, with SURE: 0.01310860107187068
Finished training EB misspecified, with in-sample MSE: 0.016680984269255322

 Training SURE of the models:
SURE-PM: 0.01310860107187068
NPMLE: 0.05564363836442272
SURE-PM, NPMLE init: 0.013760870220896173
experiment: e
Finished training EB misspecified with NPMLE init, with SURE: 0.17010853213258167
Finished training EB misspecified with NPMLE init, with in-sample MSE: 0.15581307959053534
Finished training EB misspecified, with SURE: 0.170117679660626
Finished training EB misspecified, with in-sample MSE: 0.15577778897557099

 Training SURE of the models:
SURE-PM: 0.170117679660626
NPMLE: 0.28161274291976446
SURE-PM, NPMLE init: 0.17010853213258167
n: 400
experiment: c
Finished training EB misspecified with NPMLE init, with SURE: 0.03932715186508645
Finished training EB misspecified with NPMLE init, with in-sample MSE: 0.057008721284616024
Finished training EB misspecified, with SURE: 0.0393273585811091
Finished training EB misspecified, with in-sample MSE: 0.05701008696843136

 Training SURE of the models:
SURE-PM: 0.0393273585811091
NPMLE: 0.23895333593348148
SURE-PM, NPMLE init: 0.03932715186508645
experiment: d
Finished training EB misspecified with NPMLE init, with SURE: -0.004473849116503246
Finished training EB misspecified with NPMLE init, with in-sample MSE: 0.0061780911561487495
Finished training EB misspecified, with SURE: -0.004464629218882195
Finished training EB misspecified, with in-sample MSE: 0.006169566488106027

 Training SURE of the models:
SURE-PM: -0.004464629218882195
NPMLE: 0.0556058978111728
SURE-PM, NPMLE init: -0.004473849116503246
experiment: e
Finished training EB misspecified with NPMLE init, with SURE: 0.20350529220528643
Finished training EB misspecified with NPMLE init, with in-sample MSE: 0.20067050030496236
Finished training EB misspecified, with SURE: 0.2035190169255506
Finished training EB misspecified, with in-sample MSE: 0.20064564982824784

 Training SURE of the models:
SURE-PM: 0.2035190169255506
NPMLE: 0.29990130260874936
SURE-PM, NPMLE init: 0.20350529220528643
m: 1185
n: 100
experiment: c
Finished training EB misspecified with NPMLE init, with SURE: 0.020514338338647704
Finished training EB misspecified with NPMLE init, with in-sample MSE: 0.22925625852856985
Finished training EB misspecified, with SURE: 0.020555534847199724
Finished training EB misspecified, with in-sample MSE: 0.22881350826462868

 Training SURE of the models:
SURE-PM: 0.020555534847199724
NPMLE: 1.3194045878575609
SURE-PM, NPMLE init: 0.020514338338647704
experiment: d
Finished training EB misspecified with NPMLE init, with SURE: -0.010221349700456876
Finished training EB misspecified with NPMLE init, with in-sample MSE: 0.016088424410284376
Finished training EB misspecified, with SURE: -0.005339132324860607
Finished training EB misspecified, with in-sample MSE: 0.006591039247473491

 Training SURE of the models:
SURE-PM: -0.005339132324860607
NPMLE: 0.05395938391016322
SURE-PM, NPMLE init: -0.010221349700456876
experiment: e
Finished training EB misspecified with NPMLE init, with SURE: 0.12004169517185716
Finished training EB misspecified with NPMLE init, with in-sample MSE: 0.21807745686626426
Finished training EB misspecified, with SURE: 0.12004046037029191
Finished training EB misspecified, with in-sample MSE: 0.21808080742173572

 Training SURE of the models:
SURE-PM: 0.12004046037029191
NPMLE: 0.2918216612240972
SURE-PM, NPMLE init: 0.12004169517185716
n: 400
experiment: c
Finished training EB misspecified with NPMLE init, with SURE: -0.0017628425204377152
Finished training EB misspecified with NPMLE init, with in-sample MSE: 0.06961392293440964
Finished training EB misspecified, with SURE: -0.001761143836290273
Finished training EB misspecified, with in-sample MSE: 0.06962427758452915

 Training SURE of the models:
SURE-PM: -0.001761143836290273
NPMLE: 0.27482859911163326
SURE-PM, NPMLE init: -0.0017628425204377152
experiment: d
Finished training EB misspecified with NPMLE init, with SURE: 0.00992115661748759
Finished training EB misspecified with NPMLE init, with in-sample MSE: 0.005945446522925228
Finished training EB misspecified, with SURE: 0.009921039409806128
Finished training EB misspecified, with in-sample MSE: 0.005946190887632038

 Training SURE of the models:
SURE-PM: 0.009921039409806128
NPMLE: 0.1444845611885014
SURE-PM, NPMLE init: 0.00992115661748759
experiment: e
Finished training EB misspecified with NPMLE init, with SURE: 0.162151128703203
Finished training EB misspecified with NPMLE init, with in-sample MSE: 0.1653898249858349
Finished training EB misspecified, with SURE: 0.16215852955399218
Finished training EB misspecified, with in-sample MSE: 0.1653652617701109

 Training SURE of the models:
SURE-PM: 0.16215852955399218
NPMLE: 0.2927416875158711
SURE-PM, NPMLE init: 0.162151128703203
m: 1186
n: 100
experiment: c
Finished training EB misspecified with NPMLE init, with SURE: -0.049609474207712695
Finished training EB misspecified with NPMLE init, with in-sample MSE: 0.05941369536517583
Finished training EB misspecified, with SURE: -0.049589716685168594
Finished training EB misspecified, with in-sample MSE: 0.059528506216865014

 Training SURE of the models:
SURE-PM: -0.049589716685168594
NPMLE: 0.8999773152064175
SURE-PM, NPMLE init: -0.049609474207712695
experiment: d
Finished training EB misspecified with NPMLE init, with SURE: -0.008219325053256163
Finished training EB misspecified with NPMLE init, with in-sample MSE: 0.011589102415110518
Finished training EB misspecified, with SURE: -0.008217695912872962
Finished training EB misspecified, with in-sample MSE: 0.011603319743050627

 Training SURE of the models:
SURE-PM: -0.008217695912872962
NPMLE: -0.00212655408332985
SURE-PM, NPMLE init: -0.008219325053256163
experiment: e
Finished training EB misspecified with NPMLE init, with SURE: 0.10646295801890063
Finished training EB misspecified with NPMLE init, with in-sample MSE: 0.1800087889336378
Finished training EB misspecified, with SURE: 0.10291829833266433
Finished training EB misspecified, with in-sample MSE: 0.1809648882050805

 Training SURE of the models:
SURE-PM: 0.10291829833266433
NPMLE: 0.2868113438568246
SURE-PM, NPMLE init: 0.10646295801890063
n: 400
experiment: c
Finished training EB misspecified with NPMLE init, with SURE: 0.019745581563545472
Finished training EB misspecified with NPMLE init, with in-sample MSE: 0.054447389369098965
Finished training EB misspecified, with SURE: 0.01977407751957557
Finished training EB misspecified, with in-sample MSE: 0.05436175643562958

 Training SURE of the models:
SURE-PM: 0.01977407751957557
NPMLE: 0.726326947182474
SURE-PM, NPMLE init: 0.019745581563545472
experiment: d
Finished training EB misspecified with NPMLE init, with SURE: 0.0073817453201699655
Finished training EB misspecified with NPMLE init, with in-sample MSE: 0.0075961592982713814
Finished training EB misspecified, with SURE: 0.00738406338691469
Finished training EB misspecified, with in-sample MSE: 0.007593350313690171

 Training SURE of the models:
SURE-PM: 0.00738406338691469
NPMLE: 0.07568474223055062
SURE-PM, NPMLE init: 0.0073817453201699655
experiment: e
Finished training EB misspecified with NPMLE init, with SURE: 0.17251605118242913
Finished training EB misspecified with NPMLE init, with in-sample MSE: 0.17121557264085824
Finished training EB misspecified, with SURE: 0.17252791307817114
Finished training EB misspecified, with in-sample MSE: 0.1712184192303995

 Training SURE of the models:
SURE-PM: 0.17252791307817114
NPMLE: 0.3088322184381021
SURE-PM, NPMLE init: 0.17251605118242913
m: 1187
n: 100
experiment: c
Finished training EB misspecified with NPMLE init, with SURE: 0.11954529285258104
Finished training EB misspecified with NPMLE init, with in-sample MSE: 0.18220573395917214
Finished training EB misspecified, with SURE: 0.11958579663577226
Finished training EB misspecified, with in-sample MSE: 0.18220152914340548

 Training SURE of the models:
SURE-PM: 0.11958579663577226
NPMLE: 0.653750769866014
SURE-PM, NPMLE init: 0.11954529285258104
experiment: d
Finished training EB misspecified with NPMLE init, with SURE: 0.00567719394604433
Finished training EB misspecified with NPMLE init, with in-sample MSE: 0.007503240622412064
Finished training EB misspecified, with SURE: 0.005677442324540642
Finished training EB misspecified, with in-sample MSE: 0.007506301658888033

 Training SURE of the models:
SURE-PM: 0.005677442324540642
NPMLE: 0.015215850420353885
SURE-PM, NPMLE init: 0.00567719394604433
experiment: e
Finished training EB misspecified with NPMLE init, with SURE: 0.1548696419198248
Finished training EB misspecified with NPMLE init, with in-sample MSE: 0.25940645938998064
Finished training EB misspecified, with SURE: 0.15487776160629524
Finished training EB misspecified, with in-sample MSE: 0.2594187790845108

 Training SURE of the models:
SURE-PM: 0.15487776160629524
NPMLE: 0.3741996112451914
SURE-PM, NPMLE init: 0.1548696419198248
n: 400
experiment: c
Finished training EB misspecified with NPMLE init, with SURE: 0.04885705916413549
Finished training EB misspecified with NPMLE init, with in-sample MSE: 0.056458480744791484
Finished training EB misspecified, with SURE: 0.04905775802186817
Finished training EB misspecified, with in-sample MSE: 0.05614714211881656

 Training SURE of the models:
SURE-PM: 0.04905775802186817
NPMLE: 0.3771906323309458
SURE-PM, NPMLE init: 0.04885705916413549
experiment: d
Finished training EB misspecified with NPMLE init, with SURE: -0.009766400618499703
Finished training EB misspecified with NPMLE init, with in-sample MSE: 0.005164518477454566
Finished training EB misspecified, with SURE: -0.00976657170503195
Finished training EB misspecified, with in-sample MSE: 0.005164760393780069

 Training SURE of the models:
SURE-PM: -0.00976657170503195
NPMLE: 0.03466614994323237
SURE-PM, NPMLE init: -0.009766400618499703
experiment: e
Finished training EB misspecified with NPMLE init, with SURE: 0.18500500524096816
Finished training EB misspecified with NPMLE init, with in-sample MSE: 0.18445768406861782
Finished training EB misspecified, with SURE: 0.1848817897806412
Finished training EB misspecified, with in-sample MSE: 0.18436175651087516

 Training SURE of the models:
SURE-PM: 0.1848817897806412
NPMLE: 0.33558192921131436
SURE-PM, NPMLE init: 0.18500500524096816
m: 1188
n: 100
experiment: c
Finished training EB misspecified with NPMLE init, with SURE: -0.13893777360108536
Finished training EB misspecified with NPMLE init, with in-sample MSE: 0.06421858829618686
Finished training EB misspecified, with SURE: -0.13893455685984898
Finished training EB misspecified, with in-sample MSE: 0.06426847123403824

 Training SURE of the models:
SURE-PM: -0.13893455685984898
NPMLE: 0.331358965620132
SURE-PM, NPMLE init: -0.13893777360108536
experiment: d
Finished training EB misspecified with NPMLE init, with SURE: -0.007868671883301204
Finished training EB misspecified with NPMLE init, with in-sample MSE: 0.011877736530802829
Finished training EB misspecified, with SURE: -0.007866733798153263
Finished training EB misspecified, with in-sample MSE: 0.011873080561676415

 Training SURE of the models:
SURE-PM: -0.007866733798153263
NPMLE: 0.012514151068092137
SURE-PM, NPMLE init: -0.007868671883301204
experiment: e
Finished training EB misspecified with NPMLE init, with SURE: 0.11482585932312958
Finished training EB misspecified with NPMLE init, with in-sample MSE: 0.2242151114049856
Finished training EB misspecified, with SURE: 0.11483188014578147
Finished training EB misspecified, with in-sample MSE: 0.22418585603265184

 Training SURE of the models:
SURE-PM: 0.11483188014578147
NPMLE: 0.26632658267209053
SURE-PM, NPMLE init: 0.11482585932312958
n: 400
experiment: c
Finished training EB misspecified with NPMLE init, with SURE: 0.007727183767173784
Finished training EB misspecified with NPMLE init, with in-sample MSE: 0.07256160267305374
Finished training EB misspecified, with SURE: 0.0077548151651759415
Finished training EB misspecified, with in-sample MSE: 0.07244198127544209

 Training SURE of the models:
SURE-PM: 0.0077548151651759415
NPMLE: 0.7442260329462356
SURE-PM, NPMLE init: 0.007727183767173784
experiment: d
Finished training EB misspecified with NPMLE init, with SURE: 0.0024048976704031944
Finished training EB misspecified with NPMLE init, with in-sample MSE: 0.005534430726128831
Finished training EB misspecified, with SURE: 0.0024027985147817787
Finished training EB misspecified, with in-sample MSE: 0.0055516922151589865

 Training SURE of the models:
SURE-PM: 0.0024027985147817787
NPMLE: 0.07481958157659427
SURE-PM, NPMLE init: 0.0024048976704031944
experiment: e
Finished training EB misspecified with NPMLE init, with SURE: 0.1597963431692835
Finished training EB misspecified with NPMLE init, with in-sample MSE: 0.18102792268825227
Finished training EB misspecified, with SURE: 0.15980591601037983
Finished training EB misspecified, with in-sample MSE: 0.18103378296042671

 Training SURE of the models:
SURE-PM: 0.15980591601037983
NPMLE: 0.34155509175798443
SURE-PM, NPMLE init: 0.1597963431692835
m: 1189
n: 100
experiment: c
Finished training EB misspecified with NPMLE init, with SURE: 0.03042726729341389
Finished training EB misspecified with NPMLE init, with in-sample MSE: 0.044139953782595914
Finished training EB misspecified, with SURE: 0.03044430029914871
Finished training EB misspecified, with in-sample MSE: 0.044134177185426206

 Training SURE of the models:
SURE-PM: 0.03044430029914871
NPMLE: 0.6455380234320995
SURE-PM, NPMLE init: 0.03042726729341389
experiment: d
Finished training EB misspecified with NPMLE init, with SURE: -0.019171874334334725
Finished training EB misspecified with NPMLE init, with in-sample MSE: 0.007431963963378977
Finished training EB misspecified, with SURE: -0.01917138013474414
Finished training EB misspecified, with in-sample MSE: 0.0074318347127494515

 Training SURE of the models:
SURE-PM: -0.01917138013474414
NPMLE: 0.021168761503335513
SURE-PM, NPMLE init: -0.019171874334334725
experiment: e
Finished training EB misspecified with NPMLE init, with SURE: 0.13378801655611472
Finished training EB misspecified with NPMLE init, with in-sample MSE: 0.23377246949570363
Finished training EB misspecified, with SURE: 0.13327896055365496
Finished training EB misspecified, with in-sample MSE: 0.23260923635311762

 Training SURE of the models:
SURE-PM: 0.13327896055365496
NPMLE: 0.2925557726788297
SURE-PM, NPMLE init: 0.13378801655611472
n: 400
experiment: c
Finished training EB misspecified with NPMLE init, with SURE: 0.0407425014203281
Finished training EB misspecified with NPMLE init, with in-sample MSE: 0.06184616588656068
Finished training EB misspecified, with SURE: 0.04043237912132334
Finished training EB misspecified, with in-sample MSE: 0.06284680237802125

 Training SURE of the models:
SURE-PM: 0.04043237912132334
NPMLE: 0.7383968507169797
SURE-PM, NPMLE init: 0.0407425014203281
experiment: d
Finished training EB misspecified with NPMLE init, with SURE: 0.005247351292012219
Finished training EB misspecified with NPMLE init, with in-sample MSE: 0.01192394286737838
Finished training EB misspecified, with SURE: 0.005249345730975836
Finished training EB misspecified, with in-sample MSE: 0.011917240104332694

 Training SURE of the models:
SURE-PM: 0.005249345730975836
NPMLE: 0.023034748487750497
SURE-PM, NPMLE init: 0.005247351292012219
experiment: e
Finished training EB misspecified with NPMLE init, with SURE: 0.1690705037523466
Finished training EB misspecified with NPMLE init, with in-sample MSE: 0.2305036120228368
Finished training EB misspecified, with SURE: 0.16908235910509106
Finished training EB misspecified, with in-sample MSE: 0.23046228150299491

 Training SURE of the models:
SURE-PM: 0.16908235910509106
NPMLE: 0.33677161105861636
SURE-PM, NPMLE init: 0.1690705037523466
m: 1190
n: 100
experiment: c
Finished training EB misspecified with NPMLE init, with SURE: 0.044001717327314865
Finished training EB misspecified with NPMLE init, with in-sample MSE: 0.07270285509254017
Finished training EB misspecified, with SURE: 0.044011151613467095
Finished training EB misspecified, with in-sample MSE: 0.07270336993612855

 Training SURE of the models:
SURE-PM: 0.044011151613467095
NPMLE: 0.5901515237245644
SURE-PM, NPMLE init: 0.044001717327314865
experiment: d
Finished training EB misspecified with NPMLE init, with SURE: -0.015882614861493317
Finished training EB misspecified with NPMLE init, with in-sample MSE: 0.017021711719143143
Finished training EB misspecified, with SURE: -0.01588056746481243
Finished training EB misspecified, with in-sample MSE: 0.01701846611873227

 Training SURE of the models:
SURE-PM: -0.01588056746481243
NPMLE: 0.006776733614935804
SURE-PM, NPMLE init: -0.015882614861493317
experiment: e
Finished training EB misspecified with NPMLE init, with SURE: 0.09666020369699041
Finished training EB misspecified with NPMLE init, with in-sample MSE: 0.20995733055539276
Finished training EB misspecified, with SURE: 0.09666942844220856
Finished training EB misspecified, with in-sample MSE: 0.20989665548144928

 Training SURE of the models:
SURE-PM: 0.09666942844220856
NPMLE: 0.40905814199032664
SURE-PM, NPMLE init: 0.09666020369699041
n: 400
experiment: c
Finished training EB misspecified with NPMLE init, with SURE: 0.03287424440652778
Finished training EB misspecified with NPMLE init, with in-sample MSE: 0.0511329107868323
Finished training EB misspecified, with SURE: 0.032980333770565626
Finished training EB misspecified, with in-sample MSE: 0.05140262845323665

 Training SURE of the models:
SURE-PM: 0.032980333770565626
NPMLE: 0.8081651579268889
SURE-PM, NPMLE init: 0.03287424440652778
experiment: d
Finished training EB misspecified with NPMLE init, with SURE: 0.02243136678339532
Finished training EB misspecified with NPMLE init, with in-sample MSE: 0.012762038147256037
Finished training EB misspecified, with SURE: 0.022437063493820356
Finished training EB misspecified, with in-sample MSE: 0.012754693948834448

 Training SURE of the models:
SURE-PM: 0.022437063493820356
NPMLE: 0.14578904731624107
SURE-PM, NPMLE init: 0.02243136678339532
experiment: e
Finished training EB misspecified with NPMLE init, with SURE: 0.16791253573204265
Finished training EB misspecified with NPMLE init, with in-sample MSE: 0.17603689858405133
Finished training EB misspecified, with SURE: 0.1663444085421098
Finished training EB misspecified, with in-sample MSE: 0.1751041388976495

 Training SURE of the models:
SURE-PM: 0.1663444085421098
NPMLE: 0.29990050553982445
SURE-PM, NPMLE init: 0.16791253573204265
m: 1191
n: 100
experiment: c
Finished training EB misspecified with NPMLE init, with SURE: -0.07828817483484307
Finished training EB misspecified with NPMLE init, with in-sample MSE: 0.09012208981944057
Finished training EB misspecified, with SURE: -0.07828623292592247
Finished training EB misspecified, with in-sample MSE: 0.09012013541701046

 Training SURE of the models:
SURE-PM: -0.07828623292592247
NPMLE: 1.2811007826167082
SURE-PM, NPMLE init: -0.07828817483484307
experiment: d
Finished training EB misspecified with NPMLE init, with SURE: 0.014178110120428383
Finished training EB misspecified with NPMLE init, with in-sample MSE: 0.007460417202122278
Finished training EB misspecified, with SURE: 0.014182327380710102
Finished training EB misspecified, with in-sample MSE: 0.007450501728008853

 Training SURE of the models:
SURE-PM: 0.014182327380710102
NPMLE: 0.02861903420551748
SURE-PM, NPMLE init: 0.014178110120428383
experiment: e
Finished training EB misspecified with NPMLE init, with SURE: 0.09939059034800383
Finished training EB misspecified with NPMLE init, with in-sample MSE: 0.1957629352845753
Finished training EB misspecified, with SURE: 0.09939578720052904
Finished training EB misspecified, with in-sample MSE: 0.19569478346746888

 Training SURE of the models:
SURE-PM: 0.09939578720052904
NPMLE: 0.38076371370599316
SURE-PM, NPMLE init: 0.09939059034800383
n: 400
experiment: c
Finished training EB misspecified with NPMLE init, with SURE: 0.04055675914507454
Finished training EB misspecified with NPMLE init, with in-sample MSE: 0.06850747796537121
Finished training EB misspecified, with SURE: 0.040595285751581896
Finished training EB misspecified, with in-sample MSE: 0.0684117285533695

 Training SURE of the models:
SURE-PM: 0.040595285751581896
NPMLE: 0.596792963130777
SURE-PM, NPMLE init: 0.04055675914507454
experiment: d
Finished training EB misspecified with NPMLE init, with SURE: 0.006086375044358974
Finished training EB misspecified with NPMLE init, with in-sample MSE: 0.006349693496916224
Finished training EB misspecified, with SURE: 0.006086471620732415
Finished training EB misspecified, with in-sample MSE: 0.006349639440210564

 Training SURE of the models:
SURE-PM: 0.006086471620732415
NPMLE: 0.07177423909227501
SURE-PM, NPMLE init: 0.006086375044358974
experiment: e
Finished training EB misspecified with NPMLE init, with SURE: 0.15889879637171994
Finished training EB misspecified with NPMLE init, with in-sample MSE: 0.1907034675539339
Finished training EB misspecified, with SURE: 0.15890221214734232
Finished training EB misspecified, with in-sample MSE: 0.19070837000292604

 Training SURE of the models:
SURE-PM: 0.15890221214734232
NPMLE: 0.3116466772923688
SURE-PM, NPMLE init: 0.15889879637171994
m: 1192
n: 100
experiment: c
Finished training EB misspecified with NPMLE init, with SURE: 0.026387717934134684
Finished training EB misspecified with NPMLE init, with in-sample MSE: 0.056964433993119894
Finished training EB misspecified, with SURE: 0.02639138590769548
Finished training EB misspecified, with in-sample MSE: 0.05696262257825934

 Training SURE of the models:
SURE-PM: 0.02639138590769548
NPMLE: 0.8063200535730748
SURE-PM, NPMLE init: 0.026387717934134684
experiment: d
Finished training EB misspecified with NPMLE init, with SURE: -0.00017785552696151897
Finished training EB misspecified with NPMLE init, with in-sample MSE: 0.008877981648590471
Finished training EB misspecified, with SURE: -0.00017716834400049563
Finished training EB misspecified, with in-sample MSE: 0.008884575996572427

 Training SURE of the models:
SURE-PM: -0.00017716834400049563
NPMLE: 0.06690404731978561
SURE-PM, NPMLE init: -0.00017785552696151897
experiment: e
Finished training EB misspecified with NPMLE init, with SURE: 0.13458757330749818
Finished training EB misspecified with NPMLE init, with in-sample MSE: 0.20132006623505266
Finished training EB misspecified, with SURE: 0.13459260819901603
Finished training EB misspecified, with in-sample MSE: 0.20134756969828657

 Training SURE of the models:
SURE-PM: 0.13459260819901603
NPMLE: 0.39377040566256205
SURE-PM, NPMLE init: 0.13458757330749818
n: 400
experiment: c
Finished training EB misspecified with NPMLE init, with SURE: 0.04438396822087832
Finished training EB misspecified with NPMLE init, with in-sample MSE: 0.05978599137370796
Finished training EB misspecified, with SURE: 0.047338815655443865
Finished training EB misspecified, with in-sample MSE: 0.05248603614081608

 Training SURE of the models:
SURE-PM: 0.047338815655443865
NPMLE: 0.801646690123538
SURE-PM, NPMLE init: 0.04438396822087832
experiment: d
Finished training EB misspecified with NPMLE init, with SURE: 0.008204417113058398
Finished training EB misspecified with NPMLE init, with in-sample MSE: 0.008912322365025161
Finished training EB misspecified, with SURE: 0.008204775279975944
Finished training EB misspecified, with in-sample MSE: 0.008913821440388053

 Training SURE of the models:
SURE-PM: 0.008204775279975944
NPMLE: 0.04512825274342063
SURE-PM, NPMLE init: 0.008204417113058398
experiment: e
Finished training EB misspecified with NPMLE init, with SURE: 0.16762944302396596
Finished training EB misspecified with NPMLE init, with in-sample MSE: 0.18491141588195942
Finished training EB misspecified, with SURE: 0.16789283115425566
Finished training EB misspecified, with in-sample MSE: 0.18513053589094464

 Training SURE of the models:
SURE-PM: 0.16789283115425566
NPMLE: 0.3338654807377641
SURE-PM, NPMLE init: 0.16762944302396596
m: 1193
n: 100
experiment: c
Finished training EB misspecified with NPMLE init, with SURE: 0.09090544734715351
Finished training EB misspecified with NPMLE init, with in-sample MSE: 0.12915964317731632
Finished training EB misspecified, with SURE: 0.0909354446272959
Finished training EB misspecified, with in-sample MSE: 0.12913543402502758

 Training SURE of the models:
SURE-PM: 0.0909354446272959
NPMLE: 0.8887457113049068
SURE-PM, NPMLE init: 0.09090544734715351
experiment: d
Finished training EB misspecified with NPMLE init, with SURE: 0.006113996902675893
Finished training EB misspecified with NPMLE init, with in-sample MSE: 0.01927907162952213
Finished training EB misspecified, with SURE: 0.006116491487974756
Finished training EB misspecified, with in-sample MSE: 0.019272446584782017

 Training SURE of the models:
SURE-PM: 0.006116491487974756
NPMLE: 0.008238918008685552
SURE-PM, NPMLE init: 0.006113996902675893
experiment: e
Finished training EB misspecified with NPMLE init, with SURE: 0.13178808209064535
Finished training EB misspecified with NPMLE init, with in-sample MSE: 0.21956790032825615
Finished training EB misspecified, with SURE: 0.13179952287623364
Finished training EB misspecified, with in-sample MSE: 0.21962666137795508

 Training SURE of the models:
SURE-PM: 0.13179952287623364
NPMLE: 0.3248381738086635
SURE-PM, NPMLE init: 0.13178808209064535
n: 400
experiment: c
Finished training EB misspecified with NPMLE init, with SURE: 0.0033433332965255858
Finished training EB misspecified with NPMLE init, with in-sample MSE: 0.06069021559891204
Finished training EB misspecified, with SURE: 0.003351387651955591
Finished training EB misspecified, with in-sample MSE: 0.06070947617726338

 Training SURE of the models:
SURE-PM: 0.003351387651955591
NPMLE: 0.8908527555232618
SURE-PM, NPMLE init: 0.0033433332965255858
experiment: d
Finished training EB misspecified with NPMLE init, with SURE: 0.003550882045885295
Finished training EB misspecified with NPMLE init, with in-sample MSE: 0.005770052014659929
Finished training EB misspecified, with SURE: 0.0035512011168696844
Finished training EB misspecified, with in-sample MSE: 0.005769784758220503

 Training SURE of the models:
SURE-PM: 0.0035512011168696844
NPMLE: 0.024938616786920314
SURE-PM, NPMLE init: 0.003550882045885295
experiment: e
Finished training EB misspecified with NPMLE init, with SURE: 0.17677250814517087
Finished training EB misspecified with NPMLE init, with in-sample MSE: 0.19817776245916385
Finished training EB misspecified, with SURE: 0.17678239499798218
Finished training EB misspecified, with in-sample MSE: 0.19818606450412912

 Training SURE of the models:
SURE-PM: 0.17678239499798218
NPMLE: 0.3226576739343983
SURE-PM, NPMLE init: 0.17677250814517087
m: 1194
n: 100
experiment: c
Finished training EB misspecified with NPMLE init, with SURE: 0.003970468923809989
Finished training EB misspecified with NPMLE init, with in-sample MSE: 0.0575626389061921
Finished training EB misspecified, with SURE: 0.003975310424091845
Finished training EB misspecified, with in-sample MSE: 0.0575635447332771

 Training SURE of the models:
SURE-PM: 0.003975310424091845
NPMLE: 0.22418215998775914
SURE-PM, NPMLE init: 0.003970468923809989
experiment: d
Finished training EB misspecified with NPMLE init, with SURE: 0.01779612375507213
Finished training EB misspecified with NPMLE init, with in-sample MSE: 0.008521107918047333
Finished training EB misspecified, with SURE: 0.017796447952000617
Finished training EB misspecified, with in-sample MSE: 0.008521057840811261

 Training SURE of the models:
SURE-PM: 0.017796447952000617
NPMLE: 0.1229045602061099
SURE-PM, NPMLE init: 0.01779612375507213
experiment: e
Finished training EB misspecified with NPMLE init, with SURE: 0.14545426913356096
Finished training EB misspecified with NPMLE init, with in-sample MSE: 0.16510330266305343
Finished training EB misspecified, with SURE: 0.14545335304835524
Finished training EB misspecified, with in-sample MSE: 0.16510562826703154

 Training SURE of the models:
SURE-PM: 0.14545335304835524
NPMLE: 0.6593487180064089
SURE-PM, NPMLE init: 0.14545426913356096
n: 400
experiment: c
Finished training EB misspecified with NPMLE init, with SURE: 0.042310036231740615
Finished training EB misspecified with NPMLE init, with in-sample MSE: 0.05307471211453097
Finished training EB misspecified, with SURE: 0.04231279730601266
Finished training EB misspecified, with in-sample MSE: 0.053074920605545105

 Training SURE of the models:
SURE-PM: 0.04231279730601266
NPMLE: 0.47854092438112894
SURE-PM, NPMLE init: 0.042310036231740615
experiment: d
Finished training EB misspecified with NPMLE init, with SURE: -0.009775535847570254
Finished training EB misspecified with NPMLE init, with in-sample MSE: 0.00588940750319564
Finished training EB misspecified, with SURE: -0.009775111447952884
Finished training EB misspecified, with in-sample MSE: 0.005889145910826493

 Training SURE of the models:
SURE-PM: -0.009775111447952884
NPMLE: -0.0017474980079641611
SURE-PM, NPMLE init: -0.009775535847570254
experiment: e
Finished training EB misspecified with NPMLE init, with SURE: 0.1593036937501988
Finished training EB misspecified with NPMLE init, with in-sample MSE: 0.18762619472731054
Finished training EB misspecified, with SURE: 0.15931667569766206
Finished training EB misspecified, with in-sample MSE: 0.18765480622538713

 Training SURE of the models:
SURE-PM: 0.15931667569766206
NPMLE: 0.32326514232706527
SURE-PM, NPMLE init: 0.1593036937501988
m: 1195
n: 100
experiment: c
Finished training EB misspecified with NPMLE init, with SURE: 0.08278364910212843
Finished training EB misspecified with NPMLE init, with in-sample MSE: 0.06536841504324103
Finished training EB misspecified, with SURE: 0.08281734878718297
Finished training EB misspecified, with in-sample MSE: 0.06532432944662407

 Training SURE of the models:
SURE-PM: 0.08281734878718297
NPMLE: 0.761562423856152
SURE-PM, NPMLE init: 0.08278364910212843
experiment: d
Finished training EB misspecified with NPMLE init, with SURE: -0.023695333495910055
Finished training EB misspecified with NPMLE init, with in-sample MSE: 0.008249087681589398
Finished training EB misspecified, with SURE: -0.023694911526022135
Finished training EB misspecified, with in-sample MSE: 0.008249113939327564

 Training SURE of the models:
SURE-PM: -0.023694911526022135
NPMLE: -0.005322323066066357
SURE-PM, NPMLE init: -0.023695333495910055
experiment: e
Finished training EB misspecified with NPMLE init, with SURE: 0.15933483055339806
Finished training EB misspecified with NPMLE init, with in-sample MSE: 0.2026337358850941
Finished training EB misspecified, with SURE: 0.15935199070151448
Finished training EB misspecified, with in-sample MSE: 0.20210631586959077

 Training SURE of the models:
SURE-PM: 0.15935199070151448
NPMLE: 0.282354761572466
SURE-PM, NPMLE init: 0.15933483055339806
n: 400
experiment: c
Finished training EB misspecified with NPMLE init, with SURE: 0.04672272990939668
Finished training EB misspecified with NPMLE init, with in-sample MSE: 0.05856200547664147
Finished training EB misspecified, with SURE: 0.04672664795835488
Finished training EB misspecified, with in-sample MSE: 0.05855852280302914

 Training SURE of the models:
SURE-PM: 0.04672664795835488
NPMLE: 0.5909761411788458
SURE-PM, NPMLE init: 0.04672272990939668
experiment: d
Finished training EB misspecified with NPMLE init, with SURE: 0.0034354129573649496
Finished training EB misspecified with NPMLE init, with in-sample MSE: 0.005068994671378318
Finished training EB misspecified, with SURE: 0.003444786669895361
Finished training EB misspecified, with in-sample MSE: 0.00505778188751408

 Training SURE of the models:
SURE-PM: 0.003444786669895361
NPMLE: 0.06936424206909775
SURE-PM, NPMLE init: 0.0034354129573649496
experiment: e
Finished training EB misspecified with NPMLE init, with SURE: 0.141291774600599
Finished training EB misspecified with NPMLE init, with in-sample MSE: 0.1885067981460905
Finished training EB misspecified, with SURE: 0.1413070222299266
Finished training EB misspecified, with in-sample MSE: 0.18853555429909435

 Training SURE of the models:
SURE-PM: 0.1413070222299266
NPMLE: 0.48522746207230405
SURE-PM, NPMLE init: 0.141291774600599
m: 1196
n: 100
experiment: c
Finished training EB misspecified with NPMLE init, with SURE: 0.11400380103753165
Finished training EB misspecified with NPMLE init, with in-sample MSE: 0.07451635261258446
Finished training EB misspecified, with SURE: 0.11402334243312126
Finished training EB misspecified, with in-sample MSE: 0.07448719200303335

 Training SURE of the models:
SURE-PM: 0.11402334243312126
NPMLE: 0.5627383054942046
SURE-PM, NPMLE init: 0.11400380103753165
experiment: d
Finished training EB misspecified with NPMLE init, with SURE: -0.02422300614170357
Finished training EB misspecified with NPMLE init, with in-sample MSE: 0.007317492797458211
Finished training EB misspecified, with SURE: -0.02422261118425425
Finished training EB misspecified, with in-sample MSE: 0.0073174052331979635

 Training SURE of the models:
SURE-PM: -0.02422261118425425
NPMLE: -0.010156665944888559
SURE-PM, NPMLE init: -0.02422300614170357
experiment: e
Finished training EB misspecified with NPMLE init, with SURE: 0.10865598982424672
Finished training EB misspecified with NPMLE init, with in-sample MSE: 0.20221170711623007
Finished training EB misspecified, with SURE: 0.10867538773845667
Finished training EB misspecified, with in-sample MSE: 0.2021580698961136

 Training SURE of the models:
SURE-PM: 0.10867538773845667
NPMLE: 0.33670187155617515
SURE-PM, NPMLE init: 0.10865598982424672
n: 400
experiment: c
Finished training EB misspecified with NPMLE init, with SURE: 0.015450724865034786
Finished training EB misspecified with NPMLE init, with in-sample MSE: 0.05899050663814683
Finished training EB misspecified, with SURE: 0.015454548276476885
Finished training EB misspecified, with in-sample MSE: 0.05898769237633887

 Training SURE of the models:
SURE-PM: 0.015454548276476885
NPMLE: 0.21681980559133193
SURE-PM, NPMLE init: 0.015450724865034786
experiment: d
Finished training EB misspecified with NPMLE init, with SURE: -0.004424087233157792
Finished training EB misspecified with NPMLE init, with in-sample MSE: 0.005348628644830746
Finished training EB misspecified, with SURE: -0.004257608124601049
Finished training EB misspecified, with in-sample MSE: 0.0053573146382186335

 Training SURE of the models:
SURE-PM: -0.004257608124601049
NPMLE: 0.08340857094735582
SURE-PM, NPMLE init: -0.004424087233157792
experiment: e
Finished training EB misspecified with NPMLE init, with SURE: 0.15525653004579154
Finished training EB misspecified with NPMLE init, with in-sample MSE: 0.19304113815748497
Finished training EB misspecified, with SURE: 0.15527015029521585
Finished training EB misspecified, with in-sample MSE: 0.1930569785854891

 Training SURE of the models:
SURE-PM: 0.15527015029521585
NPMLE: 0.3005347545400239
SURE-PM, NPMLE init: 0.15525653004579154
m: 1197
n: 100
experiment: c
Finished training EB misspecified with NPMLE init, with SURE: 0.061265626373170935
Finished training EB misspecified with NPMLE init, with in-sample MSE: 0.07241142373393371
Finished training EB misspecified, with SURE: 0.061288662838667705
Finished training EB misspecified, with in-sample MSE: 0.07237744643712701

 Training SURE of the models:
SURE-PM: 0.061288662838667705
NPMLE: 0.7747184734606216
SURE-PM, NPMLE init: 0.061265626373170935
experiment: d
Finished training EB misspecified with NPMLE init, with SURE: 0.012538592731440002
Finished training EB misspecified with NPMLE init, with in-sample MSE: 0.0037018695953018343
Finished training EB misspecified, with SURE: 0.012538907036653769
Finished training EB misspecified, with in-sample MSE: 0.0037021266038251175

 Training SURE of the models:
SURE-PM: 0.012538907036653769
NPMLE: 0.03698077786054903
SURE-PM, NPMLE init: 0.012538592731440002
experiment: e
Finished training EB misspecified with NPMLE init, with SURE: 0.1444283411742932
Finished training EB misspecified with NPMLE init, with in-sample MSE: 0.16674055045078423
Finished training EB misspecified, with SURE: 0.14443345125555504
Finished training EB misspecified, with in-sample MSE: 0.16673827892840395

 Training SURE of the models:
SURE-PM: 0.14443345125555504
NPMLE: 0.3758760897341707
SURE-PM, NPMLE init: 0.1444283411742932
n: 400
experiment: c
Finished training EB misspecified with NPMLE init, with SURE: 0.04371649357070801
Finished training EB misspecified with NPMLE init, with in-sample MSE: 0.054217096995554465
Finished training EB misspecified, with SURE: 0.04371201183367106
Finished training EB misspecified, with in-sample MSE: 0.05422201928546534

 Training SURE of the models:
SURE-PM: 0.04371201183367106
NPMLE: 0.6841644265430703
SURE-PM, NPMLE init: 0.04371649357070801
experiment: d
Finished training EB misspecified with NPMLE init, with SURE: 0.0034042631941924384
Finished training EB misspecified with NPMLE init, with in-sample MSE: 0.004852121342026387
Finished training EB misspecified, with SURE: 0.003404121978672805
Finished training EB misspecified, with in-sample MSE: 0.004852306312247612

 Training SURE of the models:
SURE-PM: 0.003404121978672805
NPMLE: 0.08570123422707948
SURE-PM, NPMLE init: 0.0034042631941924384
experiment: e
Finished training EB misspecified with NPMLE init, with SURE: 0.16427077701628265
Finished training EB misspecified with NPMLE init, with in-sample MSE: 0.17877701765080975
Finished training EB misspecified, with SURE: 0.16427904985815375
Finished training EB misspecified, with in-sample MSE: 0.17876348611354653

 Training SURE of the models:
SURE-PM: 0.16427904985815375
NPMLE: 0.3355300928665716
SURE-PM, NPMLE init: 0.16427077701628265
m: 1198
n: 100
experiment: c
Finished training EB misspecified with NPMLE init, with SURE: 0.14814201149286846
Finished training EB misspecified with NPMLE init, with in-sample MSE: 0.08755057384861666
Finished training EB misspecified, with SURE: 0.14819657977239545
Finished training EB misspecified, with in-sample MSE: 0.08754316140169237

 Training SURE of the models:
SURE-PM: 0.14819657977239545
NPMLE: 0.7123771727119602
SURE-PM, NPMLE init: 0.14814201149286846
experiment: d
Finished training EB misspecified with NPMLE init, with SURE: -0.016835364349963963
Finished training EB misspecified with NPMLE init, with in-sample MSE: 0.005725852131618688
Finished training EB misspecified, with SURE: -0.01683599870858959
Finished training EB misspecified, with in-sample MSE: 0.005726781766568398

 Training SURE of the models:
SURE-PM: -0.01683599870858959
NPMLE: 0.008751079306361405
SURE-PM, NPMLE init: -0.016835364349963963
experiment: e
Finished training EB misspecified with NPMLE init, with SURE: 0.12158840932496538
Finished training EB misspecified with NPMLE init, with in-sample MSE: 0.20314975913588584
Finished training EB misspecified, with SURE: 0.12159101094972016
Finished training EB misspecified, with in-sample MSE: 0.20323791974664476

 Training SURE of the models:
SURE-PM: 0.12159101094972016
NPMLE: 0.36511063718614467
SURE-PM, NPMLE init: 0.12158840932496538
n: 400
experiment: c
Finished training EB misspecified with NPMLE init, with SURE: -0.004163917877674379
Finished training EB misspecified with NPMLE init, with in-sample MSE: 0.04668296670877879
Finished training EB misspecified, with SURE: -0.0041600460160996985
Finished training EB misspecified, with in-sample MSE: 0.046685047901775044

 Training SURE of the models:
SURE-PM: -0.0041600460160996985
NPMLE: 0.36756262674273954
SURE-PM, NPMLE init: -0.004163917877674379
experiment: d
Finished training EB misspecified with NPMLE init, with SURE: -0.006166087657992936
Finished training EB misspecified with NPMLE init, with in-sample MSE: 0.00632227431213901
Finished training EB misspecified, with SURE: -0.006165974489324935
Finished training EB misspecified, with in-sample MSE: 0.006322101534646438

 Training SURE of the models:
SURE-PM: -0.006165974489324935
NPMLE: 0.0020718345226515035
SURE-PM, NPMLE init: -0.006166087657992936
experiment: e
Finished training EB misspecified with NPMLE init, with SURE: 0.14323596360728977
Finished training EB misspecified with NPMLE init, with in-sample MSE: 0.1609233057407164
Finished training EB misspecified, with SURE: 0.14325291918190958
Finished training EB misspecified, with in-sample MSE: 0.16092197770995412

 Training SURE of the models:
SURE-PM: 0.14325291918190958
NPMLE: 0.3349187673964405
SURE-PM, NPMLE init: 0.14323596360728977
m: 1199
n: 100
experiment: c
Finished training EB misspecified with NPMLE init, with SURE: 0.09711139312201851
Finished training EB misspecified with NPMLE init, with in-sample MSE: 0.22776272128118716
Finished training EB misspecified, with SURE: 0.15543619223747457
Finished training EB misspecified, with in-sample MSE: 0.11635524265241912

 Training SURE of the models:
SURE-PM: 0.15543619223747457
NPMLE: 0.9451503043006045
SURE-PM, NPMLE init: 0.09711139312201851
experiment: d
Finished training EB misspecified with NPMLE init, with SURE: 0.005884053939601764
Finished training EB misspecified with NPMLE init, with in-sample MSE: 0.008912928697476296
Finished training EB misspecified, with SURE: 0.005889183046887467
Finished training EB misspecified, with in-sample MSE: 0.008925878892656704

 Training SURE of the models:
SURE-PM: 0.005889183046887467
NPMLE: 0.05678589053297438
SURE-PM, NPMLE init: 0.005884053939601764
experiment: e
Finished training EB misspecified with NPMLE init, with SURE: 0.09205156814873827
Finished training EB misspecified with NPMLE init, with in-sample MSE: 0.22635420728899572
Finished training EB misspecified, with SURE: 0.09206742365752188
Finished training EB misspecified, with in-sample MSE: 0.2263423930350096

 Training SURE of the models:
SURE-PM: 0.09206742365752188
NPMLE: 0.3272983260781326
SURE-PM, NPMLE init: 0.09205156814873827
n: 400
experiment: c
Finished training EB misspecified with NPMLE init, with SURE: -0.0019998475694801244
Finished training EB misspecified with NPMLE init, with in-sample MSE: 0.05089068614867804
Finished training EB misspecified, with SURE: -0.001996003415440697
Finished training EB misspecified, with in-sample MSE: 0.05089915899410094

 Training SURE of the models:
SURE-PM: -0.001996003415440697
NPMLE: 0.3396671664788147
SURE-PM, NPMLE init: -0.0019998475694801244
experiment: d
Finished training EB misspecified with NPMLE init, with SURE: 0.005197871227410201
Finished training EB misspecified with NPMLE init, with in-sample MSE: 0.007475430646088052
Finished training EB misspecified, with SURE: 0.005197986226295175
Finished training EB misspecified, with in-sample MSE: 0.007475323976972243

 Training SURE of the models:
SURE-PM: 0.005197986226295175
NPMLE: 0.11627095262579085
SURE-PM, NPMLE init: 0.005197871227410201
experiment: e
Finished training EB misspecified with NPMLE init, with SURE: 0.17520127904252702
Finished training EB misspecified with NPMLE init, with in-sample MSE: 0.18466030201135378
Finished training EB misspecified, with SURE: 0.17520571163821266
Finished training EB misspecified, with in-sample MSE: 0.1846251531392156

 Training SURE of the models:
SURE-PM: 0.17520571163821266
NPMLE: 0.319600631779615
SURE-PM, NPMLE init: 0.17520127904252702
submitit INFO (2026-06-03 03:47:07,913) - Job completed successfully
submitit INFO (2026-06-03 03:47:07,915) - Exiting after successful completion
