submitit INFO (2026-05-28 10:22:14,837) - Starting with JobEnvironment(job_id=908721, hostname=j002-ds, local_rank=0(1), node=0(1), global_rank=0(1))
submitit INFO (2026-05-28 10:22:14,837) - Loading pickle: /home/amberlee0516/score-matching-empirical-bayes/submitit_log/908721/908721_submitted.pkl
simulate_data.py: device = cuda:0
Start location_scale_comparison
m: 600
n: 100
experiment: c
Finished training EB misspecified with NPMLE init, with SURE: -0.08791415900325404
Finished training EB misspecified with NPMLE init, with in-sample MSE: 0.07224197172842631
Finished training EB misspecified, with SURE: -0.08791289130658064
Finished training EB misspecified, with in-sample MSE: 0.07194881227092544

 Training SURE of the models:
SURE-PM: -0.08791289130658064
NPMLE: 0.3100796692354255
SURE-PM, NPMLE init: -0.08791415900325404
experiment: d
Finished training EB misspecified with NPMLE init, with SURE: 0.0056881956575871055
Finished training EB misspecified with NPMLE init, with in-sample MSE: 0.0066060984492946825
Finished training EB misspecified, with SURE: 0.004051196447492078
Finished training EB misspecified, with in-sample MSE: 0.02516162462630925

 Training SURE of the models:
SURE-PM: 0.004051196447492078
NPMLE: 0.04844396334033707
SURE-PM, NPMLE init: 0.0056881956575871055
experiment: e
Finished training EB misspecified with NPMLE init, with SURE: 0.05013273960933844
Finished training EB misspecified with NPMLE init, with in-sample MSE: 0.22149024038700765
Finished training EB misspecified, with SURE: 0.050135364779013404
Finished training EB misspecified, with in-sample MSE: 0.22149279732139224

 Training SURE of the models:
SURE-PM: 0.050135364779013404
NPMLE: 0.34616406535697924
SURE-PM, NPMLE init: 0.05013273960933844
n: 200
experiment: c
Finished training EB misspecified with NPMLE init, with SURE: 0.03925699743355295
Finished training EB misspecified with NPMLE init, with in-sample MSE: 0.06178580746003577
Finished training EB misspecified, with SURE: 0.039353240161265006
Finished training EB misspecified, with in-sample MSE: 0.061585878102100755

 Training SURE of the models:
SURE-PM: 0.039353240161265006
NPMLE: 0.4794149931464568
SURE-PM, NPMLE init: 0.03925699743355295
experiment: d
Finished training EB misspecified with NPMLE init, with SURE: 0.010584835916887218
Finished training EB misspecified with NPMLE init, with in-sample MSE: 0.020246378583195845
Finished training EB misspecified, with SURE: 0.010748732152817873
Finished training EB misspecified, with in-sample MSE: 0.02022995110798872

 Training SURE of the models:
SURE-PM: 0.010748732152817873
NPMLE: 0.09175862603607046
SURE-PM, NPMLE init: 0.010584835916887218
experiment: e
Finished training EB misspecified with NPMLE init, with SURE: 0.16860876048508913
Finished training EB misspecified with NPMLE init, with in-sample MSE: 0.21565674472992444
Finished training EB misspecified, with SURE: 0.17765293724429135
Finished training EB misspecified, with in-sample MSE: 0.2113583265459359

 Training SURE of the models:
SURE-PM: 0.17765293724429135
NPMLE: 0.2695199299740058
SURE-PM, NPMLE init: 0.16860876048508913
n: 400
experiment: c
Finished training EB misspecified with NPMLE init, with SURE: 0.11245587362318943
Finished training EB misspecified with NPMLE init, with in-sample MSE: 0.07709007439125742
Finished training EB misspecified, with SURE: 0.11245189431305974
Finished training EB misspecified, with in-sample MSE: 0.07709403150410968

 Training SURE of the models:
SURE-PM: 0.11245189431305974
NPMLE: 0.7536638186499856
SURE-PM, NPMLE init: 0.11245587362318943
experiment: d
Finished training EB misspecified with NPMLE init, with SURE: 0.006372720982157674
Finished training EB misspecified with NPMLE init, with in-sample MSE: 0.004845054574464839
Finished training EB misspecified, with SURE: 0.006374821818993404
Finished training EB misspecified, with in-sample MSE: 0.0048450702447578285

 Training SURE of the models:
SURE-PM: 0.006374821818993404
NPMLE: 0.012336554718659567
SURE-PM, NPMLE init: 0.006372720982157674
experiment: e
Finished training EB misspecified with NPMLE init, with SURE: 0.13348749665387388
Finished training EB misspecified with NPMLE init, with in-sample MSE: 0.17856947793721278
Finished training EB misspecified, with SURE: 0.13350252444977115
Finished training EB misspecified, with in-sample MSE: 0.1785730367550961

 Training SURE of the models:
SURE-PM: 0.13350252444977115
NPMLE: 0.3274584571617855
SURE-PM, NPMLE init: 0.13348749665387388
m: 601
n: 100
experiment: c
Finished training EB misspecified with NPMLE init, with SURE: 0.07841464440020544
Finished training EB misspecified with NPMLE init, with in-sample MSE: 0.0715352591264225
Finished training EB misspecified, with SURE: 0.07841176650011349
Finished training EB misspecified, with in-sample MSE: 0.0715403174079715

 Training SURE of the models:
SURE-PM: 0.07841176650011349
NPMLE: 0.6782632091136575
SURE-PM, NPMLE init: 0.07841464440020544
experiment: d
Finished training EB misspecified with NPMLE init, with SURE: -0.01232930289075652
Finished training EB misspecified with NPMLE init, with in-sample MSE: 0.004601151172709659
Finished training EB misspecified, with SURE: -0.012328902272080172
Finished training EB misspecified, with in-sample MSE: 0.004600897595915553

 Training SURE of the models:
SURE-PM: -0.012328902272080172
NPMLE: 0.025314621434498755
SURE-PM, NPMLE init: -0.01232930289075652
experiment: e
Finished training EB misspecified with NPMLE init, with SURE: 0.12870474580082777
Finished training EB misspecified with NPMLE init, with in-sample MSE: 0.22229597368057963
Finished training EB misspecified, with SURE: 0.1424879133793997
Finished training EB misspecified, with in-sample MSE: 0.18290628847430995

 Training SURE of the models:
SURE-PM: 0.1424879133793997
NPMLE: 0.26878563629017244
SURE-PM, NPMLE init: 0.12870474580082777
n: 200
experiment: c
Finished training EB misspecified with NPMLE init, with SURE: -0.017531676315634855
Finished training EB misspecified with NPMLE init, with in-sample MSE: 0.055959345259690554
Finished training EB misspecified, with SURE: -0.017530741228199177
Finished training EB misspecified, with in-sample MSE: 0.055956529109719655

 Training SURE of the models:
SURE-PM: -0.017530741228199177
NPMLE: 0.4080424246252492
SURE-PM, NPMLE init: -0.017531676315634855
experiment: d
Finished training EB misspecified with NPMLE init, with SURE: 0.0030018936095563475
Finished training EB misspecified with NPMLE init, with in-sample MSE: 0.012898333885648221
Finished training EB misspecified, with SURE: 0.0030021483606612522
Finished training EB misspecified, with in-sample MSE: 0.012898309336469228

 Training SURE of the models:
SURE-PM: 0.0030021483606612522
NPMLE: 0.07813760491612619
SURE-PM, NPMLE init: 0.0030018936095563475
experiment: e
Finished training EB misspecified with NPMLE init, with SURE: 0.1686402941384179
Finished training EB misspecified with NPMLE init, with in-sample MSE: 0.1942663453917847
Finished training EB misspecified, with SURE: 0.16864430132420594
Finished training EB misspecified, with in-sample MSE: 0.19426065564736672

 Training SURE of the models:
SURE-PM: 0.16864430132420594
NPMLE: 0.29110862479656185
SURE-PM, NPMLE init: 0.1686402941384179
n: 400
experiment: c
Finished training EB misspecified with NPMLE init, with SURE: 0.05218559348494111
Finished training EB misspecified with NPMLE init, with in-sample MSE: 0.05638984114111975
Finished training EB misspecified, with SURE: 0.052236871219483165
Finished training EB misspecified, with in-sample MSE: 0.056401839812666214

 Training SURE of the models:
SURE-PM: 0.052236871219483165
NPMLE: 0.6451982549439136
SURE-PM, NPMLE init: 0.05218559348494111
experiment: d
Finished training EB misspecified with NPMLE init, with SURE: 0.0017242105739082448
Finished training EB misspecified with NPMLE init, with in-sample MSE: 0.005119885724157033
Finished training EB misspecified, with SURE: 0.001725311119424049
Finished training EB misspecified, with in-sample MSE: 0.005108822176820357

 Training SURE of the models:
SURE-PM: 0.001725311119424049
NPMLE: 0.12178772242360388
SURE-PM, NPMLE init: 0.0017242105739082448
experiment: e
Finished training EB misspecified with NPMLE init, with SURE: 0.15419393667589573
Finished training EB misspecified with NPMLE init, with in-sample MSE: 0.1995863215777629
Finished training EB misspecified, with SURE: 0.15419563065506617
Finished training EB misspecified, with in-sample MSE: 0.1995664146917168

 Training SURE of the models:
SURE-PM: 0.15419563065506617
NPMLE: 0.3497731701771118
SURE-PM, NPMLE init: 0.15419393667589573
m: 602
n: 100
experiment: c
Finished training EB misspecified with NPMLE init, with SURE: 0.024002468719456188
Finished training EB misspecified with NPMLE init, with in-sample MSE: 0.06542840242593348
Finished training EB misspecified, with SURE: 0.02404011247050349
Finished training EB misspecified, with in-sample MSE: 0.06545610252064205

 Training SURE of the models:
SURE-PM: 0.02404011247050349
NPMLE: 0.19806737258972945
SURE-PM, NPMLE init: 0.024002468719456188
experiment: d
Finished training EB misspecified with NPMLE init, with SURE: 0.008240095429496748
Finished training EB misspecified with NPMLE init, with in-sample MSE: 0.011129390951883771
Finished training EB misspecified, with SURE: 0.008241077367207552
Finished training EB misspecified, with in-sample MSE: 0.01112945829281568

 Training SURE of the models:
SURE-PM: 0.008241077367207552
NPMLE: 0.009426772818562447
SURE-PM, NPMLE init: 0.008240095429496748
experiment: e
Finished training EB misspecified with NPMLE init, with SURE: 0.11985202230044958
Finished training EB misspecified with NPMLE init, with in-sample MSE: 0.16636373089246537
Finished training EB misspecified, with SURE: 0.1198670976695529
Finished training EB misspecified, with in-sample MSE: 0.16636455551779553

 Training SURE of the models:
SURE-PM: 0.1198670976695529
NPMLE: 0.32710105557966856
SURE-PM, NPMLE init: 0.11985202230044958
n: 200
experiment: c
Finished training EB misspecified with NPMLE init, with SURE: -0.017992330931096277
Finished training EB misspecified with NPMLE init, with in-sample MSE: 0.0673267010682929
Finished training EB misspecified, with SURE: -0.017984464770824646
Finished training EB misspecified, with in-sample MSE: 0.06732452371420003

 Training SURE of the models:
SURE-PM: -0.017984464770824646
NPMLE: 0.34174468064993596
SURE-PM, NPMLE init: -0.017992330931096277
experiment: d
Finished training EB misspecified with NPMLE init, with SURE: -0.008250557542388801
Finished training EB misspecified with NPMLE init, with in-sample MSE: 0.00833175943546139
Finished training EB misspecified, with SURE: -0.00824765950470697
Finished training EB misspecified, with in-sample MSE: 0.008343581035482071

 Training SURE of the models:
SURE-PM: -0.00824765950470697
NPMLE: 0.02045988486930277
SURE-PM, NPMLE init: -0.008250557542388801
experiment: e
Finished training EB misspecified with NPMLE init, with SURE: 0.15776008105648237
Finished training EB misspecified with NPMLE init, with in-sample MSE: 0.19941114756745285
Finished training EB misspecified, with SURE: 0.15776431585623862
Finished training EB misspecified, with in-sample MSE: 0.1993995101518301

 Training SURE of the models:
SURE-PM: 0.15776431585623862
NPMLE: 0.26486254685536376
SURE-PM, NPMLE init: 0.15776008105648237
n: 400
experiment: c
Finished training EB misspecified with NPMLE init, with SURE: 0.0466721193366719
Finished training EB misspecified with NPMLE init, with in-sample MSE: 0.07335697734173868
Finished training EB misspecified, with SURE: 0.046685158176093255
Finished training EB misspecified, with in-sample MSE: 0.07334867135175928

 Training SURE of the models:
SURE-PM: 0.046685158176093255
NPMLE: 0.6830235538433724
SURE-PM, NPMLE init: 0.0466721193366719
experiment: d
Finished training EB misspecified with NPMLE init, with SURE: 0.005008588683169517
Finished training EB misspecified with NPMLE init, with in-sample MSE: 0.00841347371162332
Finished training EB misspecified, with SURE: 0.005024412312341991
Finished training EB misspecified, with in-sample MSE: 0.008349063974787968

 Training SURE of the models:
SURE-PM: 0.005024412312341991
NPMLE: 0.04376335673188844
SURE-PM, NPMLE init: 0.005008588683169517
experiment: e
Finished training EB misspecified with NPMLE init, with SURE: 0.1837012909162918
Finished training EB misspecified with NPMLE init, with in-sample MSE: 0.20357699671734897
Finished training EB misspecified, with SURE: 0.18370242474518847
Finished training EB misspecified, with in-sample MSE: 0.20359269522413417

 Training SURE of the models:
SURE-PM: 0.18370242474518847
NPMLE: 0.2809567791076567
SURE-PM, NPMLE init: 0.1837012909162918
m: 603
n: 100
experiment: c
Finished training EB misspecified with NPMLE init, with SURE: 0.1080618546852439
Finished training EB misspecified with NPMLE init, with in-sample MSE: 0.08955845778094243
Finished training EB misspecified, with SURE: 0.10808979787764728
Finished training EB misspecified, with in-sample MSE: 0.0895336070997884

 Training SURE of the models:
SURE-PM: 0.10808979787764728
NPMLE: 1.0690310773048954
SURE-PM, NPMLE init: 0.1080618546852439
experiment: d
Finished training EB misspecified with NPMLE init, with SURE: 0.0013383152743599424
Finished training EB misspecified with NPMLE init, with in-sample MSE: 0.023409256772897694
Finished training EB misspecified, with SURE: 0.0013388359020428454
Finished training EB misspecified, with in-sample MSE: 0.023407655701989948

 Training SURE of the models:
SURE-PM: 0.0013388359020428454
NPMLE: 0.006855337144449827
SURE-PM, NPMLE init: 0.0013383152743599424
experiment: e
Finished training EB misspecified with NPMLE init, with SURE: 0.15766849084126008
Finished training EB misspecified with NPMLE init, with in-sample MSE: 0.26098729810030297
Finished training EB misspecified, with SURE: 0.1576754740741211
Finished training EB misspecified, with in-sample MSE: 0.2609821147092562

 Training SURE of the models:
SURE-PM: 0.1576754740741211
NPMLE: 0.3048501733361813
SURE-PM, NPMLE init: 0.15766849084126008
n: 200
experiment: c
Finished training EB misspecified with NPMLE init, with SURE: 0.13834795243972814
Finished training EB misspecified with NPMLE init, with in-sample MSE: 0.07077500343999164
Finished training EB misspecified, with SURE: 0.13851488436906587
Finished training EB misspecified, with in-sample MSE: 0.07048480240381969

 Training SURE of the models:
SURE-PM: 0.13851488436906587
NPMLE: 0.4664625277219774
SURE-PM, NPMLE init: 0.13834795243972814
experiment: d
Finished training EB misspecified with NPMLE init, with SURE: -0.018413409015735186
Finished training EB misspecified with NPMLE init, with in-sample MSE: 0.013203126137864398
Finished training EB misspecified, with SURE: -0.018412961827420703
Finished training EB misspecified, with in-sample MSE: 0.013213087630857396

 Training SURE of the models:
SURE-PM: -0.018412961827420703
NPMLE: 0.02468840322847081
SURE-PM, NPMLE init: -0.018413409015735186
experiment: e
Finished training EB misspecified with NPMLE init, with SURE: 0.14658598529496267
Finished training EB misspecified with NPMLE init, with in-sample MSE: 0.228485152824664
Finished training EB misspecified, with SURE: 0.1465875553607013
Finished training EB misspecified, with in-sample MSE: 0.22847834043742235

 Training SURE of the models:
SURE-PM: 0.1465875553607013
NPMLE: 0.2987827318743349
SURE-PM, NPMLE init: 0.14658598529496267
n: 400
experiment: c
Finished training EB misspecified with NPMLE init, with SURE: 0.07942822670469894
Finished training EB misspecified with NPMLE init, with in-sample MSE: 0.08773593991095648
Finished training EB misspecified, with SURE: 0.07942750488379303
Finished training EB misspecified, with in-sample MSE: 0.087741169025066

 Training SURE of the models:
SURE-PM: 0.07942750488379303
NPMLE: 0.6448125477422607
SURE-PM, NPMLE init: 0.07942822670469894
experiment: d
Finished training EB misspecified with NPMLE init, with SURE: 0.010882307445779614
Finished training EB misspecified with NPMLE init, with in-sample MSE: 0.008605470714848757
Finished training EB misspecified, with SURE: 0.010882867607483977
Finished training EB misspecified, with in-sample MSE: 0.008609238431991783

 Training SURE of the models:
SURE-PM: 0.010882867607483977
NPMLE: 0.03985465059595507
SURE-PM, NPMLE init: 0.010882307445779614
experiment: e
Finished training EB misspecified with NPMLE init, with SURE: 0.14526910880537588
Finished training EB misspecified with NPMLE init, with in-sample MSE: 0.1963939967607189
Finished training EB misspecified, with SURE: 0.14527613888197155
Finished training EB misspecified, with in-sample MSE: 0.19638891948915232

 Training SURE of the models:
SURE-PM: 0.14527613888197155
NPMLE: 0.3239229809294958
SURE-PM, NPMLE init: 0.14526910880537588
m: 604
n: 100
experiment: c
Finished training EB misspecified with NPMLE init, with SURE: 0.10109467933737662
Finished training EB misspecified with NPMLE init, with in-sample MSE: 0.18908134474840907
Finished training EB misspecified, with SURE: 0.10109865639843761
Finished training EB misspecified, with in-sample MSE: 0.1890714850350692

 Training SURE of the models:
SURE-PM: 0.10109865639843761
NPMLE: 0.4778115479617972
SURE-PM, NPMLE init: 0.10109467933737662
experiment: d
Finished training EB misspecified with NPMLE init, with SURE: 0.006323623286888545
Finished training EB misspecified with NPMLE init, with in-sample MSE: 0.008516505245768281
Finished training EB misspecified, with SURE: 0.006323584990289675
Finished training EB misspecified, with in-sample MSE: 0.00851697789366601

 Training SURE of the models:
SURE-PM: 0.006323584990289675
NPMLE: 0.04617647948554337
SURE-PM, NPMLE init: 0.006323623286888545
experiment: e
Finished training EB misspecified with NPMLE init, with SURE: 0.14072247032498403
Finished training EB misspecified with NPMLE init, with in-sample MSE: 0.2301454104296168
Finished training EB misspecified, with SURE: 0.1407224370768342
Finished training EB misspecified, with in-sample MSE: 0.23011131118499026

 Training SURE of the models:
SURE-PM: 0.1407224370768342
NPMLE: 0.3246259348839229
SURE-PM, NPMLE init: 0.14072247032498403
n: 200
experiment: c
Finished training EB misspecified with NPMLE init, with SURE: 0.05907095699891052
Finished training EB misspecified with NPMLE init, with in-sample MSE: 0.08402370587126227
Finished training EB misspecified, with SURE: 0.05910773800853868
Finished training EB misspecified, with in-sample MSE: 0.08416976188038143

 Training SURE of the models:
SURE-PM: 0.05910773800853868
NPMLE: 0.848163178098526
SURE-PM, NPMLE init: 0.05907095699891052
experiment: d
Finished training EB misspecified with NPMLE init, with SURE: -0.003229958838875859
Finished training EB misspecified with NPMLE init, with in-sample MSE: 0.009075089183755379
Finished training EB misspecified, with SURE: -0.0031978293912547076
Finished training EB misspecified, with in-sample MSE: 0.009016104390768763

 Training SURE of the models:
SURE-PM: -0.0031978293912547076
NPMLE: 0.02296034815885836
SURE-PM, NPMLE init: -0.003229958838875859
experiment: e
Finished training EB misspecified with NPMLE init, with SURE: 0.15620446526280773
Finished training EB misspecified with NPMLE init, with in-sample MSE: 0.2521366233720249
Finished training EB misspecified, with SURE: 0.15621420896815522
Finished training EB misspecified, with in-sample MSE: 0.2516884091366142

 Training SURE of the models:
SURE-PM: 0.15621420896815522
NPMLE: 0.33289270853063696
SURE-PM, NPMLE init: 0.15620446526280773
n: 400
experiment: c
Finished training EB misspecified with NPMLE init, with SURE: 0.05799512856893955
Finished training EB misspecified with NPMLE init, with in-sample MSE: 0.06411516801995182
Finished training EB misspecified, with SURE: 0.05805398083658815
Finished training EB misspecified, with in-sample MSE: 0.06408630899660257

 Training SURE of the models:
SURE-PM: 0.05805398083658815
NPMLE: 0.9903567170100882
SURE-PM, NPMLE init: 0.05799512856893955
experiment: d
Finished training EB misspecified with NPMLE init, with SURE: -0.006974430464048496
Finished training EB misspecified with NPMLE init, with in-sample MSE: 0.004900964653966913
Finished training EB misspecified, with SURE: -0.006972422278629331
Finished training EB misspecified, with in-sample MSE: 0.004888926013966967

 Training SURE of the models:
SURE-PM: -0.006972422278629331
NPMLE: -0.003193935809328643
SURE-PM, NPMLE init: -0.006974430464048496
experiment: e
Finished training EB misspecified with NPMLE init, with SURE: 0.14580540427920347
Finished training EB misspecified with NPMLE init, with in-sample MSE: 0.1860068979551547
Finished training EB misspecified, with SURE: 0.14581781314603612
Finished training EB misspecified, with in-sample MSE: 0.1860141395272303

 Training SURE of the models:
SURE-PM: 0.14581781314603612
NPMLE: 0.331779380387062
SURE-PM, NPMLE init: 0.14580540427920347
m: 605
n: 100
experiment: c
Finished training EB misspecified with NPMLE init, with SURE: -0.08943558429960156
Finished training EB misspecified with NPMLE init, with in-sample MSE: 0.06487562240050518
Finished training EB misspecified, with SURE: -0.0894313420392706
Finished training EB misspecified, with in-sample MSE: 0.06486633655299828

 Training SURE of the models:
SURE-PM: -0.0894313420392706
NPMLE: 0.6301897455515646
SURE-PM, NPMLE init: -0.08943558429960156
experiment: d
Finished training EB misspecified with NPMLE init, with SURE: 0.017207125836278987
Finished training EB misspecified with NPMLE init, with in-sample MSE: 0.013819747545753651
Finished training EB misspecified, with SURE: 0.017207297288220715
Finished training EB misspecified, with in-sample MSE: 0.013821477174667432

 Training SURE of the models:
SURE-PM: 0.017207297288220715
NPMLE: 0.07767336316548011
SURE-PM, NPMLE init: 0.017207125836278987
experiment: e
Finished training EB misspecified with NPMLE init, with SURE: 0.10233272001499018
Finished training EB misspecified with NPMLE init, with in-sample MSE: 0.17189061903142774
Finished training EB misspecified, with SURE: 0.10233618501136818
Finished training EB misspecified, with in-sample MSE: 0.1718903617234987

 Training SURE of the models:
SURE-PM: 0.10233618501136818
NPMLE: 0.2824863160789297
SURE-PM, NPMLE init: 0.10233272001499018
n: 200
experiment: c
Finished training EB misspecified with NPMLE init, with SURE: 0.05829597786554338
Finished training EB misspecified with NPMLE init, with in-sample MSE: 0.07434497976225769
Finished training EB misspecified, with SURE: 0.05832046509149507
Finished training EB misspecified, with in-sample MSE: 0.07502758609361224

 Training SURE of the models:
SURE-PM: 0.05832046509149507
NPMLE: 0.28690343530974516
SURE-PM, NPMLE init: 0.05829597786554338
experiment: d
Finished training EB misspecified with NPMLE init, with SURE: -0.008126578963339313
Finished training EB misspecified with NPMLE init, with in-sample MSE: 0.008902230512258219
Finished training EB misspecified, with SURE: -0.009188215107635109
Finished training EB misspecified, with in-sample MSE: 0.013341442853432488

 Training SURE of the models:
SURE-PM: -0.009188215107635109
NPMLE: 0.05796510803108614
SURE-PM, NPMLE init: -0.008126578963339313
experiment: e
Finished training EB misspecified with NPMLE init, with SURE: 0.16902960648054222
Finished training EB misspecified with NPMLE init, with in-sample MSE: 0.1933948960101414
Finished training EB misspecified, with SURE: 0.16903427509244343
Finished training EB misspecified, with in-sample MSE: 0.19337514926833319

 Training SURE of the models:
SURE-PM: 0.16903427509244343
NPMLE: 0.30922183607045217
SURE-PM, NPMLE init: 0.16902960648054222
n: 400
experiment: c
Finished training EB misspecified with NPMLE init, with SURE: 0.0417270840573152
Finished training EB misspecified with NPMLE init, with in-sample MSE: 0.08077074717979205
Finished training EB misspecified, with SURE: 0.04969062346863623
Finished training EB misspecified, with in-sample MSE: 0.05306639789189412

 Training SURE of the models:
SURE-PM: 0.04969062346863623
NPMLE: 0.6677201743324759
SURE-PM, NPMLE init: 0.0417270840573152
experiment: d
Finished training EB misspecified with NPMLE init, with SURE: 0.0020226083473885836
Finished training EB misspecified with NPMLE init, with in-sample MSE: 0.006897806918665046
Finished training EB misspecified, with SURE: 0.0020276262661372614
Finished training EB misspecified, with in-sample MSE: 0.006907691849471438

 Training SURE of the models:
SURE-PM: 0.0020276262661372614
NPMLE: 0.021656667493474783
SURE-PM, NPMLE init: 0.0020226083473885836
experiment: e
Finished training EB misspecified with NPMLE init, with SURE: 0.16669927457234818
Finished training EB misspecified with NPMLE init, with in-sample MSE: 0.2105653772612086
Finished training EB misspecified, with SURE: 0.16669387872919603
Finished training EB misspecified, with in-sample MSE: 0.2105253744614329

 Training SURE of the models:
SURE-PM: 0.16669387872919603
NPMLE: 0.3332772268667829
SURE-PM, NPMLE init: 0.16669927457234818
m: 606
n: 100
experiment: c
Finished training EB misspecified with NPMLE init, with SURE: 0.1126568052987858
Finished training EB misspecified with NPMLE init, with in-sample MSE: 0.09797506637841492
Finished training EB misspecified, with SURE: 0.1126929458060134
Finished training EB misspecified, with in-sample MSE: 0.0979486748889119

 Training SURE of the models:
SURE-PM: 0.1126929458060134
NPMLE: 0.3406172921330095
SURE-PM, NPMLE init: 0.1126568052987858
experiment: d
Finished training EB misspecified with NPMLE init, with SURE: -0.0027432355147716868
Finished training EB misspecified with NPMLE init, with in-sample MSE: 0.008172794750943934
Finished training EB misspecified, with SURE: -0.0027113150258269414
Finished training EB misspecified, with in-sample MSE: 0.007669249361223951

 Training SURE of the models:
SURE-PM: -0.0027113150258269414
NPMLE: 0.0013839677279772645
SURE-PM, NPMLE init: -0.0027432355147716868
experiment: e
Finished training EB misspecified with NPMLE init, with SURE: 0.10892456121751214
Finished training EB misspecified with NPMLE init, with in-sample MSE: 0.30116477042335804
Finished training EB misspecified, with SURE: 0.10892712315240037
Finished training EB misspecified, with in-sample MSE: 0.3011497029035582

 Training SURE of the models:
SURE-PM: 0.10892712315240037
NPMLE: 0.4628141175220744
SURE-PM, NPMLE init: 0.10892456121751214
n: 200
experiment: c
Finished training EB misspecified with NPMLE init, with SURE: 0.10829755778017308
Finished training EB misspecified with NPMLE init, with in-sample MSE: 0.06320313218671451
Finished training EB misspecified, with SURE: 0.10829543528287794
Finished training EB misspecified, with in-sample MSE: 0.06320450713120687

 Training SURE of the models:
SURE-PM: 0.10829543528287794
NPMLE: 0.646171400009133
SURE-PM, NPMLE init: 0.10829755778017308
experiment: d
Finished training EB misspecified with NPMLE init, with SURE: -0.017734770538918063
Finished training EB misspecified with NPMLE init, with in-sample MSE: 0.012697288411461614
Finished training EB misspecified, with SURE: -0.017740204412084033
Finished training EB misspecified, with in-sample MSE: 0.012525292468345496

 Training SURE of the models:
SURE-PM: -0.017740204412084033
NPMLE: -0.008334560607306151
SURE-PM, NPMLE init: -0.017734770538918063
experiment: e
Finished training EB misspecified with NPMLE init, with SURE: 0.12421433780955404
Finished training EB misspecified with NPMLE init, with in-sample MSE: 0.21319676716345415
Finished training EB misspecified, with SURE: 0.1242223851053891
Finished training EB misspecified, with in-sample MSE: 0.2132884360455103

 Training SURE of the models:
SURE-PM: 0.1242223851053891
NPMLE: 0.4077473463703091
SURE-PM, NPMLE init: 0.12421433780955404
n: 400
experiment: c
Finished training EB misspecified with NPMLE init, with SURE: 0.08514597495857756
Finished training EB misspecified with NPMLE init, with in-sample MSE: 0.057428158981848484
Finished training EB misspecified, with SURE: 0.08515246204358107
Finished training EB misspecified, with in-sample MSE: 0.05743023544097037

 Training SURE of the models:
SURE-PM: 0.08515246204358107
NPMLE: 0.6906166071934551
SURE-PM, NPMLE init: 0.08514597495857756
experiment: d
Finished training EB misspecified with NPMLE init, with SURE: -0.0012441978403318111
Finished training EB misspecified with NPMLE init, with in-sample MSE: 0.006428181194043044
Finished training EB misspecified, with SURE: -0.0012408325530413222
Finished training EB misspecified, with in-sample MSE: 0.006423326573233191

 Training SURE of the models:
SURE-PM: -0.0012408325530413222
NPMLE: 0.01753798913176686
SURE-PM, NPMLE init: -0.0012441978403318111
experiment: e
Finished training EB misspecified with NPMLE init, with SURE: 0.15279506472893148
Finished training EB misspecified with NPMLE init, with in-sample MSE: 0.2003924808649358
Finished training EB misspecified, with SURE: 0.15273263625172512
Finished training EB misspecified, with in-sample MSE: 0.19994512979266102

 Training SURE of the models:
SURE-PM: 0.15273263625172512
NPMLE: 0.30278661739184753
SURE-PM, NPMLE init: 0.15279506472893148
m: 607
n: 100
experiment: c
Finished training EB misspecified with NPMLE init, with SURE: 0.07928892152717168
Finished training EB misspecified with NPMLE init, with in-sample MSE: 0.20449192805458652
Finished training EB misspecified, with SURE: 0.07928934503939068
Finished training EB misspecified, with in-sample MSE: 0.20450517861720321

 Training SURE of the models:
SURE-PM: 0.07928934503939068
NPMLE: 0.856570510389187
SURE-PM, NPMLE init: 0.07928892152717168
experiment: d
Finished training EB misspecified with NPMLE init, with SURE: -0.011910967249762124
Finished training EB misspecified with NPMLE init, with in-sample MSE: 0.014939129865083934
Finished training EB misspecified, with SURE: -0.01191090317860894
Finished training EB misspecified, with in-sample MSE: 0.014944743036024707

 Training SURE of the models:
SURE-PM: -0.01191090317860894
NPMLE: -0.008077694707950799
SURE-PM, NPMLE init: -0.011910967249762124
experiment: e
Finished training EB misspecified with NPMLE init, with SURE: 0.0510021874423791
Finished training EB misspecified with NPMLE init, with in-sample MSE: 0.213562161123321
Finished training EB misspecified, with SURE: 0.05100067346388872
Finished training EB misspecified, with in-sample MSE: 0.2135426784646504

 Training SURE of the models:
SURE-PM: 0.05100067346388872
NPMLE: 0.323766938417143
SURE-PM, NPMLE init: 0.0510021874423791
n: 200
experiment: c
Finished training EB misspecified with NPMLE init, with SURE: 0.04039329251785567
Finished training EB misspecified with NPMLE init, with in-sample MSE: 0.09227287693919958
Finished training EB misspecified, with SURE: 0.04040367999074597
Finished training EB misspecified, with in-sample MSE: 0.09226298522136961

 Training SURE of the models:
SURE-PM: 0.04040367999074597
NPMLE: 0.43795082873698293
SURE-PM, NPMLE init: 0.04039329251785567
experiment: d
Finished training EB misspecified with NPMLE init, with SURE: -0.013770377365758667
Finished training EB misspecified with NPMLE init, with in-sample MSE: 0.009202387434751026
Finished training EB misspecified, with SURE: -0.013769042181297967
Finished training EB misspecified, with in-sample MSE: 0.009202109750544602

 Training SURE of the models:
SURE-PM: -0.013769042181297967
NPMLE: 0.03827710971671308
SURE-PM, NPMLE init: -0.013770377365758667
experiment: e
Finished training EB misspecified with NPMLE init, with SURE: 0.1767857967987905
Finished training EB misspecified with NPMLE init, with in-sample MSE: 0.1620437080881547
Finished training EB misspecified, with SURE: 0.17656935699939424
Finished training EB misspecified, with in-sample MSE: 0.1603482713387784

 Training SURE of the models:
SURE-PM: 0.17656935699939424
NPMLE: 0.2850538179875797
SURE-PM, NPMLE init: 0.1767857967987905
n: 400
experiment: c
Finished training EB misspecified with NPMLE init, with SURE: 0.009021104503998956
Finished training EB misspecified with NPMLE init, with in-sample MSE: 0.05533527359506766
Finished training EB misspecified, with SURE: 0.009028980315205501
Finished training EB misspecified, with in-sample MSE: 0.05532741899978331

 Training SURE of the models:
SURE-PM: 0.009028980315205501
NPMLE: 0.4832354931912064
SURE-PM, NPMLE init: 0.009021104503998956
experiment: d
Finished training EB misspecified with NPMLE init, with SURE: 0.012765659746753002
Finished training EB misspecified with NPMLE init, with in-sample MSE: 0.006892696584798259
Finished training EB misspecified, with SURE: 0.012769887099335478
Finished training EB misspecified, with in-sample MSE: 0.0069113225890873545

 Training SURE of the models:
SURE-PM: 0.012769887099335478
NPMLE: 0.2699225875659596
SURE-PM, NPMLE init: 0.012765659746753002
experiment: e
Finished training EB misspecified with NPMLE init, with SURE: 0.17848516459758534
Finished training EB misspecified with NPMLE init, with in-sample MSE: 0.1871327327042538
Finished training EB misspecified, with SURE: 0.17849201410100343
Finished training EB misspecified, with in-sample MSE: 0.1871246714587489

 Training SURE of the models:
SURE-PM: 0.17849201410100343
NPMLE: 0.29583287044844053
SURE-PM, NPMLE init: 0.17848516459758534
m: 608
n: 100
experiment: c
Finished training EB misspecified with NPMLE init, with SURE: -0.05773810496509576
Finished training EB misspecified with NPMLE init, with in-sample MSE: 0.059303444830574384
Finished training EB misspecified, with SURE: -0.05773352592417197
Finished training EB misspecified, with in-sample MSE: 0.05930400031792791

 Training SURE of the models:
SURE-PM: -0.05773352592417197
NPMLE: 0.6367057480952227
SURE-PM, NPMLE init: -0.05773810496509576
experiment: d
Finished training EB misspecified with NPMLE init, with SURE: -0.01733651899769228
Finished training EB misspecified with NPMLE init, with in-sample MSE: 0.013704523196376737
Finished training EB misspecified, with SURE: -0.017334277065885664
Finished training EB misspecified, with in-sample MSE: 0.013702594331109694

 Training SURE of the models:
SURE-PM: -0.017334277065885664
NPMLE: 0.04364029494681409
SURE-PM, NPMLE init: -0.01733651899769228
experiment: e
Finished training EB misspecified with NPMLE init, with SURE: 0.09481052591559319
Finished training EB misspecified with NPMLE init, with in-sample MSE: 0.21885216524010573
Finished training EB misspecified, with SURE: 0.09482205539346722
Finished training EB misspecified, with in-sample MSE: 0.2188337228852496

 Training SURE of the models:
SURE-PM: 0.09482205539346722
NPMLE: 0.2803137010118655
SURE-PM, NPMLE init: 0.09481052591559319
n: 200
experiment: c
Finished training EB misspecified with NPMLE init, with SURE: 0.04138702327320061
Finished training EB misspecified with NPMLE init, with in-sample MSE: 0.055589378187280075
Finished training EB misspecified, with SURE: 0.04142551721207795
Finished training EB misspecified, with in-sample MSE: 0.0555990971596783

 Training SURE of the models:
SURE-PM: 0.04142551721207795
NPMLE: 0.596713376176496
SURE-PM, NPMLE init: 0.04138702327320061
experiment: d
Finished training EB misspecified with NPMLE init, with SURE: -0.011688716266101408
Finished training EB misspecified with NPMLE init, with in-sample MSE: 0.008730275353673385
Finished training EB misspecified, with SURE: -0.011684102262255287
Finished training EB misspecified, with in-sample MSE: 0.008726907157617711

 Training SURE of the models:
SURE-PM: -0.011684102262255287
NPMLE: -0.0032544747411374785
SURE-PM, NPMLE init: -0.011688716266101408
experiment: e
Finished training EB misspecified with NPMLE init, with SURE: 0.13576640709826684
Finished training EB misspecified with NPMLE init, with in-sample MSE: 0.15596540067049008
Finished training EB misspecified, with SURE: 0.1357707090919473
Finished training EB misspecified, with in-sample MSE: 0.15596489610377307

 Training SURE of the models:
SURE-PM: 0.1357707090919473
NPMLE: 0.31357599052624446
SURE-PM, NPMLE init: 0.13576640709826684
n: 400
experiment: c
Finished training EB misspecified with NPMLE init, with SURE: 0.07236742188372716
Finished training EB misspecified with NPMLE init, with in-sample MSE: 0.059046482003233175
Finished training EB misspecified, with SURE: 0.07240991849622169
Finished training EB misspecified, with in-sample MSE: 0.05902932192890034

 Training SURE of the models:
SURE-PM: 0.07240991849622169
NPMLE: 0.9556530006492409
SURE-PM, NPMLE init: 0.07236742188372716
experiment: d
Finished training EB misspecified with NPMLE init, with SURE: 0.0054521259197012565
Finished training EB misspecified with NPMLE init, with in-sample MSE: 0.007641242104758961
Finished training EB misspecified, with SURE: 0.005462964689158269
Finished training EB misspecified, with in-sample MSE: 0.007620281315557259

 Training SURE of the models:
SURE-PM: 0.005462964689158269
NPMLE: 0.026942911426171126
SURE-PM, NPMLE init: 0.0054521259197012565
experiment: e
Finished training EB misspecified with NPMLE init, with SURE: 0.1629293699709217
Finished training EB misspecified with NPMLE init, with in-sample MSE: 0.1886074696532548
Finished training EB misspecified, with SURE: 0.1627187783999453
Finished training EB misspecified, with in-sample MSE: 0.19042687846924544

 Training SURE of the models:
SURE-PM: 0.1627187783999453
NPMLE: 0.31206467159532814
SURE-PM, NPMLE init: 0.1629293699709217
m: 609
n: 100
experiment: c
Finished training EB misspecified with NPMLE init, with SURE: 0.11339890277175378
Finished training EB misspecified with NPMLE init, with in-sample MSE: 0.3201433905145656
Finished training EB misspecified, with SURE: 0.11340900089743962
Finished training EB misspecified, with in-sample MSE: 0.32013723376988446

 Training SURE of the models:
SURE-PM: 0.11340900089743962
NPMLE: 1.5464479192367764
SURE-PM, NPMLE init: 0.11339890277175378
experiment: d
Finished training EB misspecified with NPMLE init, with SURE: 0.0009617465623390764
Finished training EB misspecified with NPMLE init, with in-sample MSE: 0.005800460430173326
Finished training EB misspecified, with SURE: 0.0009647625918392322
Finished training EB misspecified, with in-sample MSE: 0.005798605536894413

 Training SURE of the models:
SURE-PM: 0.0009647625918392322
NPMLE: 0.011838982267743478
SURE-PM, NPMLE init: 0.0009617465623390764
experiment: e
Finished training EB misspecified with NPMLE init, with SURE: 0.15352111854358264
Finished training EB misspecified with NPMLE init, with in-sample MSE: 0.2389465333345432
Finished training EB misspecified, with SURE: 0.1264549868183242
Finished training EB misspecified, with in-sample MSE: 0.22161719499532787

 Training SURE of the models:
SURE-PM: 0.1264549868183242
NPMLE: 0.31224192216743396
SURE-PM, NPMLE init: 0.15352111854358264
n: 200
experiment: c
Finished training EB misspecified with NPMLE init, with SURE: 0.11703697327209575
Finished training EB misspecified with NPMLE init, with in-sample MSE: 0.08990122410560442
Finished training EB misspecified, with SURE: 0.11703361569299965
Finished training EB misspecified, with in-sample MSE: 0.08990337122785266

 Training SURE of the models:
SURE-PM: 0.11703361569299965
NPMLE: 0.8432168537441902
SURE-PM, NPMLE init: 0.11703697327209575
experiment: d
Finished training EB misspecified with NPMLE init, with SURE: 0.014729743448218766
Finished training EB misspecified with NPMLE init, with in-sample MSE: 0.009874896252253183
Finished training EB misspecified, with SURE: 0.014730836096969586
Finished training EB misspecified, with in-sample MSE: 0.00987374788786507

 Training SURE of the models:
SURE-PM: 0.014730836096969586
NPMLE: 0.035519971879044494
SURE-PM, NPMLE init: 0.014729743448218766
experiment: e
Finished training EB misspecified with NPMLE init, with SURE: 0.15058786632965124
Finished training EB misspecified with NPMLE init, with in-sample MSE: 0.23436786021915157
Finished training EB misspecified, with SURE: 0.1505904848635852
Finished training EB misspecified, with in-sample MSE: 0.23436018656328833

 Training SURE of the models:
SURE-PM: 0.1505904848635852
NPMLE: 0.31355001246010816
SURE-PM, NPMLE init: 0.15058786632965124
n: 400
experiment: c
Finished training EB misspecified with NPMLE init, with SURE: 0.0690988529764352
Finished training EB misspecified with NPMLE init, with in-sample MSE: 0.05635267114346232
Finished training EB misspecified, with SURE: 0.06913549956739871
Finished training EB misspecified, with in-sample MSE: 0.05631777202825047

 Training SURE of the models:
SURE-PM: 0.06913549956739871
NPMLE: 0.6998798206816094
SURE-PM, NPMLE init: 0.0690988529764352
experiment: d
Finished training EB misspecified with NPMLE init, with SURE: -0.011617641277952711
Finished training EB misspecified with NPMLE init, with in-sample MSE: 0.005031565033838166
Finished training EB misspecified, with SURE: -0.011614528467545319
Finished training EB misspecified, with in-sample MSE: 0.00503025164519606

 Training SURE of the models:
SURE-PM: -0.011614528467545319
NPMLE: 0.04619216171855474
SURE-PM, NPMLE init: -0.011617641277952711
experiment: e
Finished training EB misspecified with NPMLE init, with SURE: 0.15864704966065504
Finished training EB misspecified with NPMLE init, with in-sample MSE: 0.19010956022453956
Finished training EB misspecified, with SURE: 0.1586572095848971
Finished training EB misspecified, with in-sample MSE: 0.1901052186122545

 Training SURE of the models:
SURE-PM: 0.1586572095848971
NPMLE: 0.33655033071335455
SURE-PM, NPMLE init: 0.15864704966065504
m: 610
n: 100
experiment: c
Finished training EB misspecified with NPMLE init, with SURE: 0.046094028467816205
Finished training EB misspecified with NPMLE init, with in-sample MSE: 0.05332387140296097
Finished training EB misspecified, with SURE: 0.04613258993942722
Finished training EB misspecified, with in-sample MSE: 0.053260381724828394

 Training SURE of the models:
SURE-PM: 0.04613258993942722
NPMLE: 0.42737537360344036
SURE-PM, NPMLE init: 0.046094028467816205
experiment: d
Finished training EB misspecified with NPMLE init, with SURE: 0.0137379458476941
Finished training EB misspecified with NPMLE init, with in-sample MSE: 0.005945628626312457
Finished training EB misspecified, with SURE: 0.013740774503857836
Finished training EB misspecified, with in-sample MSE: 0.005945050716267669

 Training SURE of the models:
SURE-PM: 0.013740774503857836
NPMLE: 0.043107695960084146
SURE-PM, NPMLE init: 0.0137379458476941
experiment: e
Finished training EB misspecified with NPMLE init, with SURE: 0.04933131893434162
Finished training EB misspecified with NPMLE init, with in-sample MSE: 0.20382675990480814
Finished training EB misspecified, with SURE: 0.049344601707217245
Finished training EB misspecified, with in-sample MSE: 0.2037972871330383

 Training SURE of the models:
SURE-PM: 0.049344601707217245
NPMLE: 0.43562955897479816
SURE-PM, NPMLE init: 0.04933131893434162
n: 200
experiment: c
Finished training EB misspecified with NPMLE init, with SURE: 0.06954412107856178
Finished training EB misspecified with NPMLE init, with in-sample MSE: 0.05964171700767263
Finished training EB misspecified, with SURE: 0.0695440559607279
Finished training EB misspecified, with in-sample MSE: 0.05964320840257793

 Training SURE of the models:
SURE-PM: 0.0695440559607279
NPMLE: 0.4476051357717153
SURE-PM, NPMLE init: 0.06954412107856178
experiment: d
Finished training EB misspecified with NPMLE init, with SURE: 0.02641915682184889
Finished training EB misspecified with NPMLE init, with in-sample MSE: 0.010650778263353559
Finished training EB misspecified, with SURE: 0.026420316992920707
Finished training EB misspecified, with in-sample MSE: 0.010651485670433017

 Training SURE of the models:
SURE-PM: 0.026420316992920707
NPMLE: 0.08304422316534177
SURE-PM, NPMLE init: 0.02641915682184889
experiment: e
Finished training EB misspecified with NPMLE init, with SURE: 0.15855825420152542
Finished training EB misspecified with NPMLE init, with in-sample MSE: 0.2265586449566085
Finished training EB misspecified, with SURE: 0.15839180033226655
Finished training EB misspecified, with in-sample MSE: 0.22668384964335253

 Training SURE of the models:
SURE-PM: 0.15839180033226655
NPMLE: 0.3066802438330654
SURE-PM, NPMLE init: 0.15855825420152542
n: 400
experiment: c
Finished training EB misspecified with NPMLE init, with SURE: 0.09411250927583914
Finished training EB misspecified with NPMLE init, with in-sample MSE: 0.05969410315409774
Finished training EB misspecified, with SURE: 0.09411027664517697
Finished training EB misspecified, with in-sample MSE: 0.05969736238084065

 Training SURE of the models:
SURE-PM: 0.09411027664517697
NPMLE: 0.708502379813593
SURE-PM, NPMLE init: 0.09411250927583914
experiment: d
Finished training EB misspecified with NPMLE init, with SURE: -0.005229962206998398
Finished training EB misspecified with NPMLE init, with in-sample MSE: 0.00519417097324944
Finished training EB misspecified, with SURE: -0.005225022986155992
Finished training EB misspecified, with in-sample MSE: 0.005191899826164179

 Training SURE of the models:
SURE-PM: -0.005225022986155992
NPMLE: 0.050979615193501894
SURE-PM, NPMLE init: -0.005229962206998398
experiment: e
Finished training EB misspecified with NPMLE init, with SURE: 0.1690089133394856
Finished training EB misspecified with NPMLE init, with in-sample MSE: 0.17759940486796696
Finished training EB misspecified, with SURE: 0.16901365341723001
Finished training EB misspecified, with in-sample MSE: 0.17763934500105522

 Training SURE of the models:
SURE-PM: 0.16901365341723001
NPMLE: 0.34487349032872766
SURE-PM, NPMLE init: 0.1690089133394856
m: 611
n: 100
experiment: c
Finished training EB misspecified with NPMLE init, with SURE: -0.06913727514154502
Finished training EB misspecified with NPMLE init, with in-sample MSE: 0.06869967441520994
Finished training EB misspecified, with SURE: -0.06912433380063682
Finished training EB misspecified, with in-sample MSE: 0.06864606201695075

 Training SURE of the models:
SURE-PM: -0.06912433380063682
NPMLE: 0.7447834748114596
SURE-PM, NPMLE init: -0.06913727514154502
experiment: d
Finished training EB misspecified with NPMLE init, with SURE: 0.004154442425467018
Finished training EB misspecified with NPMLE init, with in-sample MSE: 0.005005479460657405
Finished training EB misspecified, with SURE: 0.004154773806322592
Finished training EB misspecified, with in-sample MSE: 0.005006809524132484

 Training SURE of the models:
SURE-PM: 0.004154773806322592
NPMLE: 0.027373593008484534
SURE-PM, NPMLE init: 0.004154442425467018
experiment: e
Finished training EB misspecified with NPMLE init, with SURE: 0.11399486096077861
Finished training EB misspecified with NPMLE init, with in-sample MSE: 0.27233818251923053
Finished training EB misspecified, with SURE: 0.11401853730842074
Finished training EB misspecified, with in-sample MSE: 0.27255447360508006

 Training SURE of the models:
SURE-PM: 0.11401853730842074
NPMLE: 0.2920072162727325
SURE-PM, NPMLE init: 0.11399486096077861
n: 200
experiment: c
Finished training EB misspecified with NPMLE init, with SURE: 0.07754565607774709
Finished training EB misspecified with NPMLE init, with in-sample MSE: 0.0564014355212869
Finished training EB misspecified, with SURE: 0.07753634272733308
Finished training EB misspecified, with in-sample MSE: 0.05641658341873407

 Training SURE of the models:
SURE-PM: 0.07753634272733308
NPMLE: 0.6182084520431502
SURE-PM, NPMLE init: 0.07754565607774709
experiment: d
Finished training EB misspecified with NPMLE init, with SURE: -0.0027212307583776864
Finished training EB misspecified with NPMLE init, with in-sample MSE: 0.005678275113425156
Finished training EB misspecified, with SURE: -0.002722715027175724
Finished training EB misspecified, with in-sample MSE: 0.005762515325336071

 Training SURE of the models:
SURE-PM: -0.002722715027175724
NPMLE: 0.0077523005937794485
SURE-PM, NPMLE init: -0.0027212307583776864
experiment: e
Finished training EB misspecified with NPMLE init, with SURE: 0.15689497332062588
Finished training EB misspecified with NPMLE init, with in-sample MSE: 0.18186321642230246
Finished training EB misspecified, with SURE: 0.15688185206191754
Finished training EB misspecified, with in-sample MSE: 0.18187448325426078

 Training SURE of the models:
SURE-PM: 0.15688185206191754
NPMLE: 0.3226318374818614
SURE-PM, NPMLE init: 0.15689497332062588
n: 400
experiment: c
Finished training EB misspecified with NPMLE init, with SURE: 0.023456439979529124
Finished training EB misspecified with NPMLE init, with in-sample MSE: 0.056863651740904714
Finished training EB misspecified, with SURE: 0.02345929842518217
Finished training EB misspecified, with in-sample MSE: 0.056861886797551574

 Training SURE of the models:
SURE-PM: 0.02345929842518217
NPMLE: 0.5242953907791558
SURE-PM, NPMLE init: 0.023456439979529124
experiment: d
Finished training EB misspecified with NPMLE init, with SURE: 0.02209673591006572
Finished training EB misspecified with NPMLE init, with in-sample MSE: 0.0063783443640753005
Finished training EB misspecified, with SURE: 0.022100847425541924
Finished training EB misspecified, with in-sample MSE: 0.006378267121912761

 Training SURE of the models:
SURE-PM: 0.022100847425541924
NPMLE: 0.102508196593209
SURE-PM, NPMLE init: 0.02209673591006572
experiment: e
Finished training EB misspecified with NPMLE init, with SURE: 0.17447048444194402
Finished training EB misspecified with NPMLE init, with in-sample MSE: 0.2107034091451382
Finished training EB misspecified, with SURE: 0.1735929423561069
Finished training EB misspecified, with in-sample MSE: 0.21221176880574447

 Training SURE of the models:
SURE-PM: 0.1735929423561069
NPMLE: 0.3633781592257761
SURE-PM, NPMLE init: 0.17447048444194402
m: 612
n: 100
experiment: c
Finished training EB misspecified with NPMLE init, with SURE: -0.1174363126461742
Finished training EB misspecified with NPMLE init, with in-sample MSE: 0.0798123482312267
Finished training EB misspecified, with SURE: -0.11743644220613923
Finished training EB misspecified, with in-sample MSE: 0.07979768492892947

 Training SURE of the models:
SURE-PM: -0.11743644220613923
NPMLE: 0.5131114954245192
SURE-PM, NPMLE init: -0.1174363126461742
experiment: d
Finished training EB misspecified with NPMLE init, with SURE: 0.010283868270986929
Finished training EB misspecified with NPMLE init, with in-sample MSE: 0.005137527627558484
Finished training EB misspecified, with SURE: 0.010284993063565935
Finished training EB misspecified, with in-sample MSE: 0.005136320575787299

 Training SURE of the models:
SURE-PM: 0.010284993063565935
NPMLE: 0.024303044111617746
SURE-PM, NPMLE init: 0.010283868270986929
experiment: e
Finished training EB misspecified with NPMLE init, with SURE: 0.12811881370135286
Finished training EB misspecified with NPMLE init, with in-sample MSE: 0.1746621885997296
Finished training EB misspecified, with SURE: 0.12813199620014526
Finished training EB misspecified, with in-sample MSE: 0.17492359329772697

 Training SURE of the models:
SURE-PM: 0.12813199620014526
NPMLE: 0.3605633320646068
SURE-PM, NPMLE init: 0.12811881370135286
n: 200
experiment: c
Finished training EB misspecified with NPMLE init, with SURE: 0.08299594842564602
Finished training EB misspecified with NPMLE init, with in-sample MSE: 0.06684258675474891
Finished training EB misspecified, with SURE: 0.08299355355187217
Finished training EB misspecified, with in-sample MSE: 0.06684535809718135

 Training SURE of the models:
SURE-PM: 0.08299355355187217
NPMLE: 1.071481398288662
SURE-PM, NPMLE init: 0.08299594842564602
experiment: d
Finished training EB misspecified with NPMLE init, with SURE: -0.008477888866436824
Finished training EB misspecified with NPMLE init, with in-sample MSE: 0.006908247083646526
Finished training EB misspecified, with SURE: -0.008477796938411953
Finished training EB misspecified, with in-sample MSE: 0.006900026732193858

 Training SURE of the models:
SURE-PM: -0.008477796938411953
NPMLE: -0.007195227399362168
SURE-PM, NPMLE init: -0.008477888866436824
experiment: e
Finished training EB misspecified with NPMLE init, with SURE: 0.0927455119612942
Finished training EB misspecified with NPMLE init, with in-sample MSE: 0.17075976095129444
Finished training EB misspecified, with SURE: 0.09258545797242772
Finished training EB misspecified, with in-sample MSE: 0.1708001032509353

 Training SURE of the models:
SURE-PM: 0.09258545797242772
NPMLE: 0.3345395809071024
SURE-PM, NPMLE init: 0.0927455119612942
n: 400
experiment: c
Finished training EB misspecified with NPMLE init, with SURE: 0.009604936909125356
Finished training EB misspecified with NPMLE init, with in-sample MSE: 0.05677889277924081
Finished training EB misspecified, with SURE: 0.009625485430494933
Finished training EB misspecified, with in-sample MSE: 0.05679705653791421

 Training SURE of the models:
SURE-PM: 0.009625485430494933
NPMLE: 0.5517708806403716
SURE-PM, NPMLE init: 0.009604936909125356
experiment: d
Finished training EB misspecified with NPMLE init, with SURE: 0.006040521200888946
Finished training EB misspecified with NPMLE init, with in-sample MSE: 0.004562231926502577
Finished training EB misspecified, with SURE: 0.006329303973996705
Finished training EB misspecified, with in-sample MSE: 0.00427123621702773

 Training SURE of the models:
SURE-PM: 0.006329303973996705
NPMLE: 0.08554364601032001
SURE-PM, NPMLE init: 0.006040521200888946
experiment: e
Finished training EB misspecified with NPMLE init, with SURE: 0.15322266185971864
Finished training EB misspecified with NPMLE init, with in-sample MSE: 0.16458579826878222
Finished training EB misspecified, with SURE: 0.15351422695325148
Finished training EB misspecified, with in-sample MSE: 0.16460228269699073

 Training SURE of the models:
SURE-PM: 0.15351422695325148
NPMLE: 0.34477555684727146
SURE-PM, NPMLE init: 0.15322266185971864
m: 613
n: 100
experiment: c
Finished training EB misspecified with NPMLE init, with SURE: 0.09434931118783296
Finished training EB misspecified with NPMLE init, with in-sample MSE: 0.07417403276844509
Finished training EB misspecified, with SURE: 0.09435075582249809
Finished training EB misspecified, with in-sample MSE: 0.07416224271532956

 Training SURE of the models:
SURE-PM: 0.09435075582249809
NPMLE: 0.5771262387094639
SURE-PM, NPMLE init: 0.09434931118783296
experiment: d
Finished training EB misspecified with NPMLE init, with SURE: -0.02076014469782507
Finished training EB misspecified with NPMLE init, with in-sample MSE: 0.00791102273607425
Finished training EB misspecified, with SURE: -0.020758416625713778
Finished training EB misspecified, with in-sample MSE: 0.00791090411250673

 Training SURE of the models:
SURE-PM: -0.020758416625713778
NPMLE: 0.08077360371683419
SURE-PM, NPMLE init: -0.02076014469782507
experiment: e
Finished training EB misspecified with NPMLE init, with SURE: 0.08555826516746905
Finished training EB misspecified with NPMLE init, with in-sample MSE: 0.16968346370938545
Finished training EB misspecified, with SURE: 0.08558496866643693
Finished training EB misspecified, with in-sample MSE: 0.1699842160079065

 Training SURE of the models:
SURE-PM: 0.08558496866643693
NPMLE: 0.31124971446439703
SURE-PM, NPMLE init: 0.08555826516746905
n: 200
experiment: c
Finished training EB misspecified with NPMLE init, with SURE: 0.07538448300145092
Finished training EB misspecified with NPMLE init, with in-sample MSE: 0.05882701545770991
Finished training EB misspecified, with SURE: 0.07542453451955694
Finished training EB misspecified, with in-sample MSE: 0.058837818522189146

 Training SURE of the models:
SURE-PM: 0.07542453451955694
NPMLE: 0.5131535710935019
SURE-PM, NPMLE init: 0.07538448300145092
experiment: d
Finished training EB misspecified with NPMLE init, with SURE: 0.016075658552033793
Finished training EB misspecified with NPMLE init, with in-sample MSE: 0.009891293770167781
Finished training EB misspecified, with SURE: 0.01607593769435894
Finished training EB misspecified, with in-sample MSE: 0.009892060973501227

 Training SURE of the models:
SURE-PM: 0.01607593769435894
NPMLE: 0.2531180707776806
SURE-PM, NPMLE init: 0.016075658552033793
experiment: e
Finished training EB misspecified with NPMLE init, with SURE: 0.15542537710187063
Finished training EB misspecified with NPMLE init, with in-sample MSE: 0.22876262465215852
Finished training EB misspecified, with SURE: 0.15544123848244062
Finished training EB misspecified, with in-sample MSE: 0.22889304686362547

 Training SURE of the models:
SURE-PM: 0.15544123848244062
NPMLE: 0.3056883753225942
SURE-PM, NPMLE init: 0.15542537710187063
n: 400
experiment: c
Finished training EB misspecified with NPMLE init, with SURE: 0.06038385623829171
Finished training EB misspecified with NPMLE init, with in-sample MSE: 0.05651043201866973
Finished training EB misspecified, with SURE: 0.0603737307568877
Finished training EB misspecified, with in-sample MSE: 0.056522196473071044

 Training SURE of the models:
SURE-PM: 0.0603737307568877
NPMLE: 0.7225421093683321
SURE-PM, NPMLE init: 0.06038385623829171
experiment: d
Finished training EB misspecified with NPMLE init, with SURE: 0.0058888839638922795
Finished training EB misspecified with NPMLE init, with in-sample MSE: 0.005064844011932579
Finished training EB misspecified, with SURE: 0.005890240912263209
Finished training EB misspecified, with in-sample MSE: 0.005117868894794815

 Training SURE of the models:
SURE-PM: 0.005890240912263209
NPMLE: 0.007394262522468189
SURE-PM, NPMLE init: 0.0058888839638922795
experiment: e
Finished training EB misspecified with NPMLE init, with SURE: 0.16672988317271883
Finished training EB misspecified with NPMLE init, with in-sample MSE: 0.16629803501912732
Finished training EB misspecified, with SURE: 0.1654760580337877
Finished training EB misspecified, with in-sample MSE: 0.16556120903994484

 Training SURE of the models:
SURE-PM: 0.1654760580337877
NPMLE: 0.2947026270276448
SURE-PM, NPMLE init: 0.16672988317271883
m: 614
n: 100
experiment: c
Finished training EB misspecified with NPMLE init, with SURE: -0.09389991854461428
Finished training EB misspecified with NPMLE init, with in-sample MSE: 0.06542001400162825
Finished training EB misspecified, with SURE: -0.09384958145587433
Finished training EB misspecified, with in-sample MSE: 0.06546624069965695

 Training SURE of the models:
SURE-PM: -0.09384958145587433
NPMLE: 0.5961285684417059
SURE-PM, NPMLE init: -0.09389991854461428
experiment: d
Finished training EB misspecified with NPMLE init, with SURE: 0.019167137183940693
Finished training EB misspecified with NPMLE init, with in-sample MSE: 0.0046615885310990045
Finished training EB misspecified, with SURE: 0.018399106928705073
Finished training EB misspecified, with in-sample MSE: 0.019984662527006977

 Training SURE of the models:
SURE-PM: 0.018399106928705073
NPMLE: 0.0844703603320237
SURE-PM, NPMLE init: 0.019167137183940693
experiment: e
Finished training EB misspecified with NPMLE init, with SURE: 0.10838950293167819
Finished training EB misspecified with NPMLE init, with in-sample MSE: 0.1703301768918658
Finished training EB misspecified, with SURE: 0.10839389382286634
Finished training EB misspecified, with in-sample MSE: 0.17032902829444704

 Training SURE of the models:
SURE-PM: 0.10839389382286634
NPMLE: 0.3261662204365217
SURE-PM, NPMLE init: 0.10838950293167819
n: 200
experiment: c
Finished training EB misspecified with NPMLE init, with SURE: 0.056922339131862
Finished training EB misspecified with NPMLE init, with in-sample MSE: 0.0717420284144961
Finished training EB misspecified, with SURE: 0.056940160055612525
Finished training EB misspecified, with in-sample MSE: 0.0717387704188171

 Training SURE of the models:
SURE-PM: 0.056940160055612525
NPMLE: 0.900020772245544
SURE-PM, NPMLE init: 0.056922339131862
experiment: d
Finished training EB misspecified with NPMLE init, with SURE: -0.014621887089663214
Finished training EB misspecified with NPMLE init, with in-sample MSE: 0.0032465293875007695
Finished training EB misspecified, with SURE: -0.014620460999528486
Finished training EB misspecified, with in-sample MSE: 0.003246199094968547

 Training SURE of the models:
SURE-PM: -0.014620460999528486
NPMLE: 0.06289989057183437
SURE-PM, NPMLE init: -0.014621887089663214
experiment: e
Finished training EB misspecified with NPMLE init, with SURE: 0.10696157314044755
Finished training EB misspecified with NPMLE init, with in-sample MSE: 0.16183889178848385
Finished training EB misspecified, with SURE: 0.10719544964838874
Finished training EB misspecified, with in-sample MSE: 0.16340457245371234

 Training SURE of the models:
SURE-PM: 0.10719544964838874
NPMLE: 0.358620721465329
SURE-PM, NPMLE init: 0.10696157314044755
n: 400
experiment: c
Finished training EB misspecified with NPMLE init, with SURE: 0.001857282558276765
Finished training EB misspecified with NPMLE init, with in-sample MSE: 0.05258938424524825
Finished training EB misspecified, with SURE: 0.0018720098075078796
Finished training EB misspecified, with in-sample MSE: 0.0525954334031971

 Training SURE of the models:
SURE-PM: 0.0018720098075078796
NPMLE: 0.6775695109689391
SURE-PM, NPMLE init: 0.001857282558276765
experiment: d
Finished training EB misspecified with NPMLE init, with SURE: 0.008195101182412312
Finished training EB misspecified with NPMLE init, with in-sample MSE: 0.00475611297897182
Finished training EB misspecified, with SURE: 0.008219282632862583
Finished training EB misspecified, with in-sample MSE: 0.0046518775958717465

 Training SURE of the models:
SURE-PM: 0.008219282632862583
NPMLE: 0.04819716309486246
SURE-PM, NPMLE init: 0.008195101182412312
experiment: e
Finished training EB misspecified with NPMLE init, with SURE: 0.15480373083351284
Finished training EB misspecified with NPMLE init, with in-sample MSE: 0.1812448519360567
Finished training EB misspecified, with SURE: 0.15480359550636752
Finished training EB misspecified, with in-sample MSE: 0.1812544033680836

 Training SURE of the models:
SURE-PM: 0.15480359550636752
NPMLE: 0.32443940287170286
SURE-PM, NPMLE init: 0.15480373083351284
m: 615
n: 100
experiment: c
Finished training EB misspecified with NPMLE init, with SURE: -0.13770411771314814
Finished training EB misspecified with NPMLE init, with in-sample MSE: 0.10580474512285452
Finished training EB misspecified, with SURE: -0.13769716064192217
Finished training EB misspecified, with in-sample MSE: 0.10578843636208882

 Training SURE of the models:
SURE-PM: -0.13769716064192217
NPMLE: 0.17791264887898742
SURE-PM, NPMLE init: -0.13770411771314814
experiment: d
Finished training EB misspecified with NPMLE init, with SURE: 0.03924056287888343
Finished training EB misspecified with NPMLE init, with in-sample MSE: 0.020202000971830114
Finished training EB misspecified, with SURE: 0.03924547486318431
Finished training EB misspecified, with in-sample MSE: 0.020181095469051405

 Training SURE of the models:
SURE-PM: 0.03924547486318431
NPMLE: 0.04355637929641558
SURE-PM, NPMLE init: 0.03924056287888343
experiment: e
Finished training EB misspecified with NPMLE init, with SURE: 0.12659137533421272
Finished training EB misspecified with NPMLE init, with in-sample MSE: 0.2907266137185092
Finished training EB misspecified, with SURE: 0.12658210078837903
Finished training EB misspecified, with in-sample MSE: 0.2907670106538054

 Training SURE of the models:
SURE-PM: 0.12658210078837903
NPMLE: 0.33557495548425903
SURE-PM, NPMLE init: 0.12659137533421272
n: 200
experiment: c
Finished training EB misspecified with NPMLE init, with SURE: 0.08288041045480732
Finished training EB misspecified with NPMLE init, with in-sample MSE: 0.07949297640224523
Finished training EB misspecified, with SURE: 0.08288512226347912
Finished training EB misspecified, with in-sample MSE: 0.07947769914690096

 Training SURE of the models:
SURE-PM: 0.08288512226347912
NPMLE: 0.5777304025532379
SURE-PM, NPMLE init: 0.08288041045480732
experiment: d
Finished training EB misspecified with NPMLE init, with SURE: 0.005417427689353609
Finished training EB misspecified with NPMLE init, with in-sample MSE: 0.024010508799410565
Finished training EB misspecified, with SURE: 0.0076555840338225776
Finished training EB misspecified, with in-sample MSE: 0.020434577845707357

 Training SURE of the models:
SURE-PM: 0.0076555840338225776
NPMLE: 0.07576054774237245
SURE-PM, NPMLE init: 0.005417427689353609
experiment: e
Finished training EB misspecified with NPMLE init, with SURE: 0.1510736166917224
Finished training EB misspecified with NPMLE init, with in-sample MSE: 0.1779162053218737
Finished training EB misspecified, with SURE: 0.15107611086721467
Finished training EB misspecified, with in-sample MSE: 0.17789828236732264

 Training SURE of the models:
SURE-PM: 0.15107611086721467
NPMLE: 0.3483301397252416
SURE-PM, NPMLE init: 0.1510736166917224
n: 400
experiment: c
Finished training EB misspecified with NPMLE init, with SURE: 0.05657075433976729
Finished training EB misspecified with NPMLE init, with in-sample MSE: 0.09090083039714289
Finished training EB misspecified, with SURE: 0.05663100651830831
Finished training EB misspecified, with in-sample MSE: 0.09101927203827077

 Training SURE of the models:
SURE-PM: 0.05663100651830831
NPMLE: 0.935816700915297
SURE-PM, NPMLE init: 0.05657075433976729
experiment: d
Finished training EB misspecified with NPMLE init, with SURE: -0.013026537206541774
Finished training EB misspecified with NPMLE init, with in-sample MSE: 0.00465543544125099
Finished training EB misspecified, with SURE: -0.013023584235055523
Finished training EB misspecified, with in-sample MSE: 0.004657216903400855

 Training SURE of the models:
SURE-PM: -0.013023584235055523
NPMLE: 0.020421147031779247
SURE-PM, NPMLE init: -0.013026537206541774
experiment: e
Finished training EB misspecified with NPMLE init, with SURE: 0.1618805916538591
Finished training EB misspecified with NPMLE init, with in-sample MSE: 0.18488308443343493
Finished training EB misspecified, with SURE: 0.16188304762274527
Finished training EB misspecified, with in-sample MSE: 0.18491661111649857

 Training SURE of the models:
SURE-PM: 0.16188304762274527
NPMLE: 0.3137760792262426
SURE-PM, NPMLE init: 0.1618805916538591
m: 616
n: 100
experiment: c
Finished training EB misspecified with NPMLE init, with SURE: -0.052799623803102165
Finished training EB misspecified with NPMLE init, with in-sample MSE: 0.20673314251518357
Finished training EB misspecified, with SURE: -0.05279977201714182
Finished training EB misspecified, with in-sample MSE: 0.20673481429519489

 Training SURE of the models:
SURE-PM: -0.05279977201714182
NPMLE: 1.0326340853318365
SURE-PM, NPMLE init: -0.052799623803102165
experiment: d
Finished training EB misspecified with NPMLE init, with SURE: -0.027146312322034804
Finished training EB misspecified with NPMLE init, with in-sample MSE: 0.005101379484319408
Finished training EB misspecified, with SURE: -0.02713026815064934
Finished training EB misspecified, with in-sample MSE: 0.0050366533291632135

 Training SURE of the models:
SURE-PM: -0.02713026815064934
NPMLE: 0.0044381749353865985
SURE-PM, NPMLE init: -0.027146312322034804
experiment: e
Finished training EB misspecified with NPMLE init, with SURE: 0.09665084020772635
Finished training EB misspecified with NPMLE init, with in-sample MSE: 0.15066465511782007
Finished training EB misspecified, with SURE: 0.09795408086413102
Finished training EB misspecified, with in-sample MSE: 0.1548149463388781

 Training SURE of the models:
SURE-PM: 0.09795408086413102
NPMLE: 0.3485528183711875
SURE-PM, NPMLE init: 0.09665084020772635
n: 200
experiment: c
Finished training EB misspecified with NPMLE init, with SURE: -0.0675816626121101
Finished training EB misspecified with NPMLE init, with in-sample MSE: 0.06076328844079049
Finished training EB misspecified, with SURE: -0.06757729726950551
Finished training EB misspecified, with in-sample MSE: 0.060759801067187195

 Training SURE of the models:
SURE-PM: -0.06757729726950551
NPMLE: 0.5595786158454739
SURE-PM, NPMLE init: -0.0675816626121101
experiment: d
Finished training EB misspecified with NPMLE init, with SURE: 0.0175934737602412
Finished training EB misspecified with NPMLE init, with in-sample MSE: 0.003952663689740173
Finished training EB misspecified, with SURE: 0.01759974045065027
Finished training EB misspecified, with in-sample MSE: 0.0039472350577976914

 Training SURE of the models:
SURE-PM: 0.01759974045065027
NPMLE: 0.07163810119602122
SURE-PM, NPMLE init: 0.0175934737602412
experiment: e
Finished training EB misspecified with NPMLE init, with SURE: 0.12203979879381613
Finished training EB misspecified with NPMLE init, with in-sample MSE: 0.16517299045059236
Finished training EB misspecified, with SURE: 0.12204984713062829
Finished training EB misspecified, with in-sample MSE: 0.16512969608601913

 Training SURE of the models:
SURE-PM: 0.12204984713062829
NPMLE: 0.3424819585115387
SURE-PM, NPMLE init: 0.12203979879381613
n: 400
experiment: c
Finished training EB misspecified with NPMLE init, with SURE: 0.0003731924288763366
Finished training EB misspecified with NPMLE init, with in-sample MSE: 0.09300804721516802
Finished training EB misspecified, with SURE: 0.01344166440780171
Finished training EB misspecified, with in-sample MSE: 0.06182824736987021

 Training SURE of the models:
SURE-PM: 0.01344166440780171
NPMLE: 0.6081003193059592
SURE-PM, NPMLE init: 0.0003731924288763366
experiment: d
Finished training EB misspecified with NPMLE init, with SURE: -0.006694712417975826
Finished training EB misspecified with NPMLE init, with in-sample MSE: 0.005420630371013471
Finished training EB misspecified, with SURE: -0.0066896934174715565
Finished training EB misspecified, with in-sample MSE: 0.005404568120897891

 Training SURE of the models:
SURE-PM: -0.0066896934174715565
NPMLE: 0.022527050133366054
SURE-PM, NPMLE init: -0.006694712417975826
experiment: e
Finished training EB misspecified with NPMLE init, with SURE: 0.16072140631895937
Finished training EB misspecified with NPMLE init, with in-sample MSE: 0.19263127262261778
Finished training EB misspecified, with SURE: 0.16073836684626433
Finished training EB misspecified, with in-sample MSE: 0.19280535184023795

 Training SURE of the models:
SURE-PM: 0.16073836684626433
NPMLE: 0.34146174833829673
SURE-PM, NPMLE init: 0.16072140631895937
m: 617
n: 100
experiment: c
Finished training EB misspecified with NPMLE init, with SURE: 0.08083359099011751
Finished training EB misspecified with NPMLE init, with in-sample MSE: 0.08252791101902243
Finished training EB misspecified, with SURE: 0.08084101429253131
Finished training EB misspecified, with in-sample MSE: 0.08264699002512081

 Training SURE of the models:
SURE-PM: 0.08084101429253131
NPMLE: 0.8087009551333791
SURE-PM, NPMLE init: 0.08083359099011751
experiment: d
Finished training EB misspecified with NPMLE init, with SURE: -0.00394768563061195
Finished training EB misspecified with NPMLE init, with in-sample MSE: 0.016890341793229405
Finished training EB misspecified, with SURE: -0.003946678807581208
Finished training EB misspecified, with in-sample MSE: 0.01688881931714836

 Training SURE of the models:
SURE-PM: -0.003946678807581208
NPMLE: 0.007355109591579012
SURE-PM, NPMLE init: -0.00394768563061195
experiment: e
Finished training EB misspecified with NPMLE init, with SURE: 0.16942492734644263
Finished training EB misspecified with NPMLE init, with in-sample MSE: 0.17598720923317368
Finished training EB misspecified, with SURE: 0.16942743519591175
Finished training EB misspecified, with in-sample MSE: 0.17599399598207846

 Training SURE of the models:
SURE-PM: 0.16942743519591175
NPMLE: 0.29331799097118333
SURE-PM, NPMLE init: 0.16942492734644263
n: 200
experiment: c
Finished training EB misspecified with NPMLE init, with SURE: 0.056180717463652455
Finished training EB misspecified with NPMLE init, with in-sample MSE: 0.07345336865685666
Finished training EB misspecified, with SURE: 0.05618153664675631
Finished training EB misspecified, with in-sample MSE: 0.07345424780362782

 Training SURE of the models:
SURE-PM: 0.05618153664675631
NPMLE: 0.40309455640627745
SURE-PM, NPMLE init: 0.056180717463652455
experiment: d
Finished training EB misspecified with NPMLE init, with SURE: -0.006375906737480417
Finished training EB misspecified with NPMLE init, with in-sample MSE: 0.005916969883734809
Finished training EB misspecified, with SURE: -0.0063706290557623115
Finished training EB misspecified, with in-sample MSE: 0.00590909172794985

 Training SURE of the models:
SURE-PM: -0.0063706290557623115
NPMLE: 0.020024373946181447
SURE-PM, NPMLE init: -0.006375906737480417
experiment: e
Finished training EB misspecified with NPMLE init, with SURE: 0.11481058908857528
Finished training EB misspecified with NPMLE init, with in-sample MSE: 0.17790135917515912
Finished training EB misspecified, with SURE: 0.11186073505826044
Finished training EB misspecified, with in-sample MSE: 0.1791078539907958

 Training SURE of the models:
SURE-PM: 0.11186073505826044
NPMLE: 0.32371314452065936
SURE-PM, NPMLE init: 0.11481058908857528
n: 400
experiment: c
Finished training EB misspecified with NPMLE init, with SURE: 0.023607955421160513
Finished training EB misspecified with NPMLE init, with in-sample MSE: 0.0516850563426128
Finished training EB misspecified, with SURE: 0.023634594376619803
Finished training EB misspecified, with in-sample MSE: 0.051645197416239574

 Training SURE of the models:
SURE-PM: 0.023634594376619803
NPMLE: 0.8093101872349716
SURE-PM, NPMLE init: 0.023607955421160513
experiment: d
Finished training EB misspecified with NPMLE init, with SURE: -0.0017763869429724545
Finished training EB misspecified with NPMLE init, with in-sample MSE: 0.004833465592130109
Finished training EB misspecified, with SURE: -0.0017682786648525984
Finished training EB misspecified, with in-sample MSE: 0.004818104361019828

 Training SURE of the models:
SURE-PM: -0.0017682786648525984
NPMLE: 0.012597138501247685
SURE-PM, NPMLE init: -0.0017763869429724545
experiment: e
Finished training EB misspecified with NPMLE init, with SURE: 0.16713715796304024
Finished training EB misspecified with NPMLE init, with in-sample MSE: 0.1816787826286687
Finished training EB misspecified, with SURE: 0.16714507408195545
Finished training EB misspecified, with in-sample MSE: 0.18167995570359888

 Training SURE of the models:
SURE-PM: 0.16714507408195545
NPMLE: 0.33714114829152836
SURE-PM, NPMLE init: 0.16713715796304024
m: 618
n: 100
experiment: c
Finished training EB misspecified with NPMLE init, with SURE: 0.06369396001035867
Finished training EB misspecified with NPMLE init, with in-sample MSE: 0.06824612543504642
Finished training EB misspecified, with SURE: 0.05837569974144174
Finished training EB misspecified, with in-sample MSE: 0.06614234331310992

 Training SURE of the models:
SURE-PM: 0.05837569974144174
NPMLE: 0.8548039811777034
SURE-PM, NPMLE init: 0.06369396001035867
experiment: d
Finished training EB misspecified with NPMLE init, with SURE: 0.006612246658602743
Finished training EB misspecified with NPMLE init, with in-sample MSE: 0.014405481058403335
Finished training EB misspecified, with SURE: 0.006612671374130166
Finished training EB misspecified, with in-sample MSE: 0.01440527943615395

 Training SURE of the models:
SURE-PM: 0.006612671374130166
NPMLE: 0.14997156296869332
SURE-PM, NPMLE init: 0.006612246658602743
experiment: e
Finished training EB misspecified with NPMLE init, with SURE: 0.1597437284507906
Finished training EB misspecified with NPMLE init, with in-sample MSE: 0.16525428957447422
Finished training EB misspecified, with SURE: 0.15974580658561507
Finished training EB misspecified, with in-sample MSE: 0.16520778373913506

 Training SURE of the models:
SURE-PM: 0.15974580658561507
NPMLE: 0.2683411391986758
SURE-PM, NPMLE init: 0.1597437284507906
n: 200
experiment: c
Finished training EB misspecified with NPMLE init, with SURE: -0.01137999787508413
Finished training EB misspecified with NPMLE init, with in-sample MSE: 0.06607976766146041
Finished training EB misspecified, with SURE: -0.011344610103932241
Finished training EB misspecified, with in-sample MSE: 0.066288307377879

 Training SURE of the models:
SURE-PM: -0.011344610103932241
NPMLE: 0.3021411980032025
SURE-PM, NPMLE init: -0.01137999787508413
experiment: d
Finished training EB misspecified with NPMLE init, with SURE: 0.012810293461041145
Finished training EB misspecified with NPMLE init, with in-sample MSE: 0.006262125131633807
Finished training EB misspecified, with SURE: 0.012810603825051779
Finished training EB misspecified, with in-sample MSE: 0.006262955962319834

 Training SURE of the models:
SURE-PM: 0.012810603825051779
NPMLE: 0.04290891324298201
SURE-PM, NPMLE init: 0.012810293461041145
experiment: e
Finished training EB misspecified with NPMLE init, with SURE: 0.14262789793254527
Finished training EB misspecified with NPMLE init, with in-sample MSE: 0.18275243364883487
Finished training EB misspecified, with SURE: 0.1467541339584767
Finished training EB misspecified, with in-sample MSE: 0.17860963815241657

 Training SURE of the models:
SURE-PM: 0.1467541339584767
NPMLE: 0.36593563637627213
SURE-PM, NPMLE init: 0.14262789793254527
n: 400
experiment: c
Finished training EB misspecified with NPMLE init, with SURE: 0.029606125398680235
Finished training EB misspecified with NPMLE init, with in-sample MSE: 0.06537906416150605
Finished training EB misspecified, with SURE: 0.03286505520426289
Finished training EB misspecified, with in-sample MSE: 0.057186376801599687

 Training SURE of the models:
SURE-PM: 0.03286505520426289
NPMLE: 0.6879355448908696
SURE-PM, NPMLE init: 0.029606125398680235
experiment: d
Finished training EB misspecified with NPMLE init, with SURE: 0.013902393344506941
Finished training EB misspecified with NPMLE init, with in-sample MSE: 0.011362642900904775
Finished training EB misspecified, with SURE: 0.013903066779717612
Finished training EB misspecified, with in-sample MSE: 0.011361462051173247

 Training SURE of the models:
SURE-PM: 0.013903066779717612
NPMLE: 0.06750529339708679
SURE-PM, NPMLE init: 0.013902393344506941
experiment: e
Finished training EB misspecified with NPMLE init, with SURE: 0.1615250505037611
Finished training EB misspecified with NPMLE init, with in-sample MSE: 0.1748936155017792
Finished training EB misspecified, with SURE: 0.16153097339244912
Finished training EB misspecified, with in-sample MSE: 0.17489908937688223

 Training SURE of the models:
SURE-PM: 0.16153097339244912
NPMLE: 0.3134098687402413
SURE-PM, NPMLE init: 0.1615250505037611
m: 619
n: 100
experiment: c
Finished training EB misspecified with NPMLE init, with SURE: -0.034828149753043575
Finished training EB misspecified with NPMLE init, with in-sample MSE: 0.07235183080977392
Finished training EB misspecified, with SURE: -0.034824698382312606
Finished training EB misspecified, with in-sample MSE: 0.0723509484855356

 Training SURE of the models:
SURE-PM: -0.034824698382312606
NPMLE: 0.7181250185827375
SURE-PM, NPMLE init: -0.034828149753043575
experiment: d
Finished training EB misspecified with NPMLE init, with SURE: -0.017832362141991673
Finished training EB misspecified with NPMLE init, with in-sample MSE: 0.004792855646279832
Finished training EB misspecified, with SURE: -0.017831231937206413
Finished training EB misspecified, with in-sample MSE: 0.004794006582067111

 Training SURE of the models:
SURE-PM: -0.017831231937206413
NPMLE: 0.031417274317803494
SURE-PM, NPMLE init: -0.017832362141991673
experiment: e
Finished training EB misspecified with NPMLE init, with SURE: 0.06533641617086566
Finished training EB misspecified with NPMLE init, with in-sample MSE: 0.22638014906391393
Finished training EB misspecified, with SURE: 0.06534022760380538
Finished training EB misspecified, with in-sample MSE: 0.2263670649961852

 Training SURE of the models:
SURE-PM: 0.06534022760380538
NPMLE: 0.4005843111384097
SURE-PM, NPMLE init: 0.06533641617086566
n: 200
experiment: c
Finished training EB misspecified with NPMLE init, with SURE: -0.07537544385922708
Finished training EB misspecified with NPMLE init, with in-sample MSE: 0.07719685751816328
Finished training EB misspecified, with SURE: -0.07539041670967243
Finished training EB misspecified, with in-sample MSE: 0.07722744079631137

 Training SURE of the models:
SURE-PM: -0.07539041670967243
NPMLE: 0.9872954840730296
SURE-PM, NPMLE init: -0.07537544385922708
experiment: d
Finished training EB misspecified with NPMLE init, with SURE: 0.004836990678491322
Finished training EB misspecified with NPMLE init, with in-sample MSE: 0.003813407762204552
Finished training EB misspecified, with SURE: 0.004842037497395548
Finished training EB misspecified, with in-sample MSE: 0.003824844982724416

 Training SURE of the models:
SURE-PM: 0.004842037497395548
NPMLE: 0.12142714405736095
SURE-PM, NPMLE init: 0.004836990678491322
experiment: e
Finished training EB misspecified with NPMLE init, with SURE: 0.11988190426046157
Finished training EB misspecified with NPMLE init, with in-sample MSE: 0.215099922265843
Finished training EB misspecified, with SURE: 0.1180585932267783
Finished training EB misspecified, with in-sample MSE: 0.19997989683886502

 Training SURE of the models:
SURE-PM: 0.1180585932267783
NPMLE: 0.3515563647202486
SURE-PM, NPMLE init: 0.11988190426046157
n: 400
experiment: c
Finished training EB misspecified with NPMLE init, with SURE: 0.07298365317212828
Finished training EB misspecified with NPMLE init, with in-sample MSE: 0.07441242128581661
Finished training EB misspecified, with SURE: 0.07299849106791079
Finished training EB misspecified, with in-sample MSE: 0.07438393636129974

 Training SURE of the models:
SURE-PM: 0.07299849106791079
NPMLE: 0.7198374729031365
SURE-PM, NPMLE init: 0.07298365317212828
experiment: d
Finished training EB misspecified with NPMLE init, with SURE: 0.00912570354601966
Finished training EB misspecified with NPMLE init, with in-sample MSE: 0.0051339272914795765
Finished training EB misspecified, with SURE: 0.009127293146958131
Finished training EB misspecified, with in-sample MSE: 0.00513276599323834

 Training SURE of the models:
SURE-PM: 0.009127293146958131
NPMLE: 0.04650056298422687
SURE-PM, NPMLE init: 0.00912570354601966
experiment: e
Finished training EB misspecified with NPMLE init, with SURE: 0.146635039053283
Finished training EB misspecified with NPMLE init, with in-sample MSE: 0.20742710854253368
Finished training EB misspecified, with SURE: 0.1466468938959435
Finished training EB misspecified, with in-sample MSE: 0.20728422391271617

 Training SURE of the models:
SURE-PM: 0.1466468938959435
NPMLE: 0.31129613268919987
SURE-PM, NPMLE init: 0.146635039053283
m: 620
n: 100
experiment: c
Finished training EB misspecified with NPMLE init, with SURE: 0.13214899321545162
Finished training EB misspecified with NPMLE init, with in-sample MSE: 0.08893339835037746
Finished training EB misspecified, with SURE: 0.13214843316692496
Finished training EB misspecified, with in-sample MSE: 0.08893498962470923

 Training SURE of the models:
SURE-PM: 0.13214843316692496
NPMLE: 0.8050936546383367
SURE-PM, NPMLE init: 0.13214899321545162
experiment: d
Finished training EB misspecified with NPMLE init, with SURE: 0.011337188685431255
Finished training EB misspecified with NPMLE init, with in-sample MSE: 0.007757848173270675
Finished training EB misspecified, with SURE: 0.011335785948025309
Finished training EB misspecified, with in-sample MSE: 0.007766472298466348

 Training SURE of the models:
SURE-PM: 0.011335785948025309
NPMLE: 0.0645433628338407
SURE-PM, NPMLE init: 0.011337188685431255
experiment: e
Finished training EB misspecified with NPMLE init, with SURE: 0.12379696877338348
Finished training EB misspecified with NPMLE init, with in-sample MSE: 0.21509651594115567
Finished training EB misspecified, with SURE: 0.1238060409335084
Finished training EB misspecified, with in-sample MSE: 0.21510736177195525

 Training SURE of the models:
SURE-PM: 0.1238060409335084
NPMLE: 0.35619055411239786
SURE-PM, NPMLE init: 0.12379696877338348
n: 200
experiment: c
Finished training EB misspecified with NPMLE init, with SURE: 0.026822204209399913
Finished training EB misspecified with NPMLE init, with in-sample MSE: 0.086404018035154
Finished training EB misspecified, with SURE: 0.026827724408193063
Finished training EB misspecified, with in-sample MSE: 0.08640889660611872

 Training SURE of the models:
SURE-PM: 0.026827724408193063
NPMLE: 0.9026915834722391
SURE-PM, NPMLE init: 0.026822204209399913
experiment: d
Finished training EB misspecified with NPMLE init, with SURE: 0.006942535872952007
Finished training EB misspecified with NPMLE init, with in-sample MSE: 0.015748155562001032
Finished training EB misspecified, with SURE: 0.006942733611510885
Finished training EB misspecified, with in-sample MSE: 0.015748414522321313

 Training SURE of the models:
SURE-PM: 0.006942733611510885
NPMLE: 0.05030100183684226
SURE-PM, NPMLE init: 0.006942535872952007
experiment: e
Finished training EB misspecified with NPMLE init, with SURE: 0.1504888185118366
Finished training EB misspecified with NPMLE init, with in-sample MSE: 0.2448368140060684
Finished training EB misspecified, with SURE: 0.15049409731101016
Finished training EB misspecified, with in-sample MSE: 0.24479340861607873

 Training SURE of the models:
SURE-PM: 0.15049409731101016
NPMLE: 0.2937263232172409
SURE-PM, NPMLE init: 0.1504888185118366
n: 400
experiment: c
Finished training EB misspecified with NPMLE init, with SURE: 0.06726650139421686
Finished training EB misspecified with NPMLE init, with in-sample MSE: 0.05729652964709115
Finished training EB misspecified, with SURE: 0.0673220919238684
Finished training EB misspecified, with in-sample MSE: 0.057251379704400855

 Training SURE of the models:
SURE-PM: 0.0673220919238684
NPMLE: 0.6796029751690977
SURE-PM, NPMLE init: 0.06726650139421686
experiment: d
Finished training EB misspecified with NPMLE init, with SURE: 0.013011530070446095
Finished training EB misspecified with NPMLE init, with in-sample MSE: 0.027256981073956018
Finished training EB misspecified, with SURE: 0.013015774920786162
Finished training EB misspecified, with in-sample MSE: 0.027248576247751212

 Training SURE of the models:
SURE-PM: 0.013015774920786162
NPMLE: 0.1774869363132809
SURE-PM, NPMLE init: 0.013011530070446095
experiment: e
Finished training EB misspecified with NPMLE init, with SURE: 0.14281104845732548
Finished training EB misspecified with NPMLE init, with in-sample MSE: 0.22422778615134145
Finished training EB misspecified, with SURE: 0.14282529387488485
Finished training EB misspecified, with in-sample MSE: 0.22432335326931374

 Training SURE of the models:
SURE-PM: 0.14282529387488485
NPMLE: 0.3825621504804231
SURE-PM, NPMLE init: 0.14281104845732548
m: 621
n: 100
experiment: c
Finished training EB misspecified with NPMLE init, with SURE: 0.05368326094181328
Finished training EB misspecified with NPMLE init, with in-sample MSE: 0.044937588839294225
Finished training EB misspecified, with SURE: 0.05368569711241868
Finished training EB misspecified, with in-sample MSE: 0.04493997759924924

 Training SURE of the models:
SURE-PM: 0.05368569711241868
NPMLE: 0.607358448392667
SURE-PM, NPMLE init: 0.05368326094181328
experiment: d
Finished training EB misspecified with NPMLE init, with SURE: 0.0128839349861485
Finished training EB misspecified with NPMLE init, with in-sample MSE: 0.009505179688310203
Finished training EB misspecified, with SURE: 0.012892936688595018
Finished training EB misspecified, with in-sample MSE: 0.009530768029594081

 Training SURE of the models:
SURE-PM: 0.012892936688595018
NPMLE: 0.09746388254436365
SURE-PM, NPMLE init: 0.0128839349861485
experiment: e
Finished training EB misspecified with NPMLE init, with SURE: 0.09281098621917139
Finished training EB misspecified with NPMLE init, with in-sample MSE: 0.25538658202889086
Finished training EB misspecified, with SURE: 0.09244398523184182
Finished training EB misspecified, with in-sample MSE: 0.25499951001770343

 Training SURE of the models:
SURE-PM: 0.09244398523184182
NPMLE: 0.2851146969641198
SURE-PM, NPMLE init: 0.09281098621917139
n: 200
experiment: c
Finished training EB misspecified with NPMLE init, with SURE: 0.00638961288066767
Finished training EB misspecified with NPMLE init, with in-sample MSE: 0.05305825072015612
Finished training EB misspecified, with SURE: 0.00638880621876325
Finished training EB misspecified, with in-sample MSE: 0.0530597107340971

 Training SURE of the models:
SURE-PM: 0.00638880621876325
NPMLE: 0.520661627755612
SURE-PM, NPMLE init: 0.00638961288066767
experiment: d
Finished training EB misspecified with NPMLE init, with SURE: -0.012353239432831611
Finished training EB misspecified with NPMLE init, with in-sample MSE: 0.005872187877591089
Finished training EB misspecified, with SURE: -0.012347172322293539
Finished training EB misspecified, with in-sample MSE: 0.0058660590944567235

 Training SURE of the models:
SURE-PM: -0.012347172322293539
NPMLE: 0.03020059515381332
SURE-PM, NPMLE init: -0.012353239432831611
experiment: e
Finished training EB misspecified with NPMLE init, with SURE: 0.17397400528008639
Finished training EB misspecified with NPMLE init, with in-sample MSE: 0.19132928980278568
Finished training EB misspecified, with SURE: 0.17397790731827711
Finished training EB misspecified, with in-sample MSE: 0.19133433309664

 Training SURE of the models:
SURE-PM: 0.17397790731827711
NPMLE: 0.2566892250950357
SURE-PM, NPMLE init: 0.17397400528008639
n: 400
experiment: c
Finished training EB misspecified with NPMLE init, with SURE: 0.04418136477602431
Finished training EB misspecified with NPMLE init, with in-sample MSE: 0.05204034295587915
Finished training EB misspecified, with SURE: 0.04418850033596655
Finished training EB misspecified, with in-sample MSE: 0.05203675859801193

 Training SURE of the models:
SURE-PM: 0.04418850033596655
NPMLE: 0.5340175519515036
SURE-PM, NPMLE init: 0.04418136477602431
experiment: d
Finished training EB misspecified with NPMLE init, with SURE: 0.01097995389314157
Finished training EB misspecified with NPMLE init, with in-sample MSE: 0.00872149720234261
Finished training EB misspecified, with SURE: 0.010985306065436476
Finished training EB misspecified, with in-sample MSE: 0.008719550410835657

 Training SURE of the models:
SURE-PM: 0.010985306065436476
NPMLE: 0.0931618136426661
SURE-PM, NPMLE init: 0.01097995389314157
experiment: e
Finished training EB misspecified with NPMLE init, with SURE: 0.164807319272616
Finished training EB misspecified with NPMLE init, with in-sample MSE: 0.1804982135911175
Finished training EB misspecified, with SURE: 0.1648141021611067
Finished training EB misspecified, with in-sample MSE: 0.18049680312868507

 Training SURE of the models:
SURE-PM: 0.1648141021611067
NPMLE: 0.30178398974890597
SURE-PM, NPMLE init: 0.164807319272616
m: 622
n: 100
experiment: c
Finished training EB misspecified with NPMLE init, with SURE: -0.03392065156048346
Finished training EB misspecified with NPMLE init, with in-sample MSE: 0.07266943212662813
Finished training EB misspecified, with SURE: -0.033918750992946015
Finished training EB misspecified, with in-sample MSE: 0.07266648224287856

 Training SURE of the models:
SURE-PM: -0.033918750992946015
NPMLE: 0.2118104154451089
SURE-PM, NPMLE init: -0.03392065156048346
experiment: d
Finished training EB misspecified with NPMLE init, with SURE: 0.021778820293759795
Finished training EB misspecified with NPMLE init, with in-sample MSE: 0.009731294270612945
Finished training EB misspecified, with SURE: 0.02177884953197635
Finished training EB misspecified, with in-sample MSE: 0.009731996952566867

 Training SURE of the models:
SURE-PM: 0.02177884953197635
NPMLE: 0.05884921921209573
SURE-PM, NPMLE init: 0.021778820293759795
experiment: e
Finished training EB misspecified with NPMLE init, with SURE: 0.13465554108917424
Finished training EB misspecified with NPMLE init, with in-sample MSE: 0.19998384872074548
Finished training EB misspecified, with SURE: 0.1346663661158577
Finished training EB misspecified, with in-sample MSE: 0.199990688846062

 Training SURE of the models:
SURE-PM: 0.1346663661158577
NPMLE: 0.3419485834961263
SURE-PM, NPMLE init: 0.13465554108917424
n: 200
experiment: c
Finished training EB misspecified with NPMLE init, with SURE: 0.13742930555745517
Finished training EB misspecified with NPMLE init, with in-sample MSE: 0.10800619394472098
Finished training EB misspecified, with SURE: 0.13743112871555993
Finished training EB misspecified, with in-sample MSE: 0.10800531846810095

 Training SURE of the models:
SURE-PM: 0.13743112871555993
NPMLE: 0.8328903675111665
SURE-PM, NPMLE init: 0.13742930555745517
experiment: d
Finished training EB misspecified with NPMLE init, with SURE: -0.012480187573852533
Finished training EB misspecified with NPMLE init, with in-sample MSE: 0.012843898286576123
Finished training EB misspecified, with SURE: -0.0124808507343948
Finished training EB misspecified, with in-sample MSE: 0.012843711029109178

 Training SURE of the models:
SURE-PM: -0.0124808507343948
NPMLE: 0.038497811274844994
SURE-PM, NPMLE init: -0.012480187573852533
experiment: e
Finished training EB misspecified with NPMLE init, with SURE: 0.16032797684615216
Finished training EB misspecified with NPMLE init, with in-sample MSE: 0.25897820498344537
Finished training EB misspecified, with SURE: 0.16034637766843712
Finished training EB misspecified, with in-sample MSE: 0.2589608443051527

 Training SURE of the models:
SURE-PM: 0.16034637766843712
NPMLE: 0.3106101149043572
SURE-PM, NPMLE init: 0.16032797684615216
n: 400
experiment: c
Finished training EB misspecified with NPMLE init, with SURE: 0.05685731857535302
Finished training EB misspecified with NPMLE init, with in-sample MSE: 0.10896975120098214
Finished training EB misspecified, with SURE: 0.05682755007217196
Finished training EB misspecified, with in-sample MSE: 0.10909833776292968

 Training SURE of the models:
SURE-PM: 0.05682755007217196
NPMLE: 0.4700621593451274
SURE-PM, NPMLE init: 0.05685731857535302
experiment: d
Finished training EB misspecified with NPMLE init, with SURE: 0.006403404499722924
Finished training EB misspecified with NPMLE init, with in-sample MSE: 0.010571049707620794
Finished training EB misspecified, with SURE: 0.006408004515820345
Finished training EB misspecified, with in-sample MSE: 0.010533839183744707

 Training SURE of the models:
SURE-PM: 0.006408004515820345
NPMLE: 0.00917702004416281
SURE-PM, NPMLE init: 0.006403404499722924
experiment: e
Finished training EB misspecified with NPMLE init, with SURE: 0.1655829060026232
Finished training EB misspecified with NPMLE init, with in-sample MSE: 0.26694221543756114
Finished training EB misspecified, with SURE: 0.16558230680178457
Finished training EB misspecified, with in-sample MSE: 0.26681358417126316

 Training SURE of the models:
SURE-PM: 0.16558230680178457
NPMLE: 0.29246138287984963
SURE-PM, NPMLE init: 0.1655829060026232
m: 623
n: 100
experiment: c
Finished training EB misspecified with NPMLE init, with SURE: -0.036786279982570134
Finished training EB misspecified with NPMLE init, with in-sample MSE: 0.05633649497743838
Finished training EB misspecified, with SURE: -0.0367839508112111
Finished training EB misspecified, with in-sample MSE: 0.05634663300166544

 Training SURE of the models:
SURE-PM: -0.0367839508112111
NPMLE: 0.4363100714486204
SURE-PM, NPMLE init: -0.036786279982570134
experiment: d
Finished training EB misspecified with NPMLE init, with SURE: -0.02278359121743451
Finished training EB misspecified with NPMLE init, with in-sample MSE: 0.0028682402465672156
Finished training EB misspecified, with SURE: -0.022781933772935917
Finished training EB misspecified, with in-sample MSE: 0.0028680243545155747

 Training SURE of the models:
SURE-PM: -0.022781933772935917
NPMLE: -0.015484374531599218
SURE-PM, NPMLE init: -0.02278359121743451
experiment: e
Finished training EB misspecified with NPMLE init, with SURE: 0.09957296469354589
Finished training EB misspecified with NPMLE init, with in-sample MSE: 0.16311031585712019
Finished training EB misspecified, with SURE: 0.09957584918172054
Finished training EB misspecified, with in-sample MSE: 0.16311369479043647

 Training SURE of the models:
SURE-PM: 0.09957584918172054
NPMLE: 0.4010163219159786
SURE-PM, NPMLE init: 0.09957296469354589
n: 200
experiment: c
Finished training EB misspecified with NPMLE init, with SURE: -0.06405371752250837
Finished training EB misspecified with NPMLE init, with in-sample MSE: 0.07755643627079557
Finished training EB misspecified, with SURE: -0.06400293329920416
Finished training EB misspecified, with in-sample MSE: 0.07764272988108613

 Training SURE of the models:
SURE-PM: -0.06400293329920416
NPMLE: 0.741952858275706
SURE-PM, NPMLE init: -0.06405371752250837
experiment: d
Finished training EB misspecified with NPMLE init, with SURE: 0.0006275943458952682
Finished training EB misspecified with NPMLE init, with in-sample MSE: 0.0037900166741298854
Finished training EB misspecified, with SURE: 0.0006279790675759145
Finished training EB misspecified, with in-sample MSE: 0.003788850742948646

 Training SURE of the models:
SURE-PM: 0.0006279790675759145
NPMLE: 0.03136011315493271
SURE-PM, NPMLE init: 0.0006275943458952682
experiment: e
Finished training EB misspecified with NPMLE init, with SURE: 0.12003968305409402
Finished training EB misspecified with NPMLE init, with in-sample MSE: 0.19376529504759396
Finished training EB misspecified, with SURE: 0.12004342326343874
Finished training EB misspecified, with in-sample MSE: 0.19376037468820118

 Training SURE of the models:
SURE-PM: 0.12004342326343874
NPMLE: 0.3321783960963706
SURE-PM, NPMLE init: 0.12003968305409402
n: 400
experiment: c
Finished training EB misspecified with NPMLE init, with SURE: -0.01689512221678477
Finished training EB misspecified with NPMLE init, with in-sample MSE: 0.10345614440230659
Finished training EB misspecified, with SURE: -0.016926989218366658
Finished training EB misspecified, with in-sample MSE: 0.10354176686508351

 Training SURE of the models:
SURE-PM: -0.016926989218366658
NPMLE: 0.7233439563988151
SURE-PM, NPMLE init: -0.01689512221678477
experiment: d
Finished training EB misspecified with NPMLE init, with SURE: -0.003599429147175286
Finished training EB misspecified with NPMLE init, with in-sample MSE: 0.003732193206572664
Finished training EB misspecified, with SURE: -0.003592938045877574
Finished training EB misspecified, with in-sample MSE: 0.0037238214676624448

 Training SURE of the models:
SURE-PM: -0.003592938045877574
NPMLE: 0.04077692221306059
SURE-PM, NPMLE init: -0.003599429147175286
experiment: e
Finished training EB misspecified with NPMLE init, with SURE: 0.1551678705039571
Finished training EB misspecified with NPMLE init, with in-sample MSE: 0.1694358773738838
Finished training EB misspecified, with SURE: 0.15517503808984248
Finished training EB misspecified, with in-sample MSE: 0.16943173591653207

 Training SURE of the models:
SURE-PM: 0.15517503808984248
NPMLE: 0.30652345688702015
SURE-PM, NPMLE init: 0.1551678705039571
m: 624
n: 100
experiment: c
Finished training EB misspecified with NPMLE init, with SURE: -0.04774498579485162
Finished training EB misspecified with NPMLE init, with in-sample MSE: 0.09712986551044965
Finished training EB misspecified, with SURE: -0.047743114950862024
Finished training EB misspecified, with in-sample MSE: 0.09712521026739764

 Training SURE of the models:
SURE-PM: -0.047743114950862024
NPMLE: 0.22736277471673205
SURE-PM, NPMLE init: -0.04774498579485162
experiment: d
Finished training EB misspecified with NPMLE init, with SURE: 0.010566419824644449
Finished training EB misspecified with NPMLE init, with in-sample MSE: 0.01364219553126166
Finished training EB misspecified, with SURE: 0.010570363924568263
Finished training EB misspecified, with in-sample MSE: 0.013628725234623947

 Training SURE of the models:
SURE-PM: 0.010570363924568263
NPMLE: 0.04787172588416436
SURE-PM, NPMLE init: 0.010566419824644449
experiment: e
Finished training EB misspecified with NPMLE init, with SURE: 0.13833674029713577
Finished training EB misspecified with NPMLE init, with in-sample MSE: 0.23304243668480124
Finished training EB misspecified, with SURE: 0.13834058337190067
Finished training EB misspecified, with in-sample MSE: 0.2330717697023663

 Training SURE of the models:
SURE-PM: 0.13834058337190067
NPMLE: 0.29649723779854154
SURE-PM, NPMLE init: 0.13833674029713577
n: 200
experiment: c
Finished training EB misspecified with NPMLE init, with SURE: 0.07684680049478551
Finished training EB misspecified with NPMLE init, with in-sample MSE: 0.07282349312879922
Finished training EB misspecified, with SURE: 0.07685413926790531
Finished training EB misspecified, with in-sample MSE: 0.0727777555611117

 Training SURE of the models:
SURE-PM: 0.07685413926790531
NPMLE: 0.6143428643810611
SURE-PM, NPMLE init: 0.07684680049478551
experiment: d
Finished training EB misspecified with NPMLE init, with SURE: -0.02579606538630401
Finished training EB misspecified with NPMLE init, with in-sample MSE: 0.007449203645134628
Finished training EB misspecified, with SURE: -0.025795614555263847
Finished training EB misspecified, with in-sample MSE: 0.007449111952025011

 Training SURE of the models:
SURE-PM: -0.025795614555263847
NPMLE: -0.012064680057020584
SURE-PM, NPMLE init: -0.02579606538630401
experiment: e
Finished training EB misspecified with NPMLE init, with SURE: 0.16990909525733686
Finished training EB misspecified with NPMLE init, with in-sample MSE: 0.1801863289118154
Finished training EB misspecified, with SURE: 0.1699141823870454
Finished training EB misspecified, with in-sample MSE: 0.18017733309047324

 Training SURE of the models:
SURE-PM: 0.1699141823870454
NPMLE: 0.2899252725734104
SURE-PM, NPMLE init: 0.16990909525733686
n: 400
experiment: c
Finished training EB misspecified with NPMLE init, with SURE: 0.04151280426467437
Finished training EB misspecified with NPMLE init, with in-sample MSE: 0.06952889034394455
Finished training EB misspecified, with SURE: 0.04153820103000861
Finished training EB misspecified, with in-sample MSE: 0.06949029169313771

 Training SURE of the models:
SURE-PM: 0.04153820103000861
NPMLE: 0.2797885359278006
SURE-PM, NPMLE init: 0.04151280426467437
experiment: d
Finished training EB misspecified with NPMLE init, with SURE: -0.002099988797426278
Finished training EB misspecified with NPMLE init, with in-sample MSE: 0.005234147017250817
Finished training EB misspecified, with SURE: -0.002099726564340827
Finished training EB misspecified, with in-sample MSE: 0.005234176596784987

 Training SURE of the models:
SURE-PM: -0.002099726564340827
NPMLE: 0.04304970750611933
SURE-PM, NPMLE init: -0.002099988797426278
experiment: e
Finished training EB misspecified with NPMLE init, with SURE: 0.17193813918335202
Finished training EB misspecified with NPMLE init, with in-sample MSE: 0.18109451287628275
Finished training EB misspecified, with SURE: 0.171767402991956
Finished training EB misspecified, with in-sample MSE: 0.18017121340532843

 Training SURE of the models:
SURE-PM: 0.171767402991956
NPMLE: 0.31984399126640356
SURE-PM, NPMLE init: 0.17193813918335202
m: 625
n: 100
experiment: c
Finished training EB misspecified with NPMLE init, with SURE: -0.04788759085519047
Finished training EB misspecified with NPMLE init, with in-sample MSE: 0.11254805872112873
Finished training EB misspecified, with SURE: -0.0478858461117585
Finished training EB misspecified, with in-sample MSE: 0.11254630491493761

 Training SURE of the models:
SURE-PM: -0.0478858461117585
NPMLE: 0.1469595694056855
SURE-PM, NPMLE init: -0.04788759085519047
experiment: d
Finished training EB misspecified with NPMLE init, with SURE: 0.0022898528477075255
Finished training EB misspecified with NPMLE init, with in-sample MSE: 0.005878759274521583
Finished training EB misspecified, with SURE: 0.0022899295669157205
Finished training EB misspecified, with in-sample MSE: 0.005880171190369412

 Training SURE of the models:
SURE-PM: 0.0022899295669157205
NPMLE: 0.01952424215781724
SURE-PM, NPMLE init: 0.0022898528477075255
experiment: e
Finished training EB misspecified with NPMLE init, with SURE: 0.1232366153161399
Finished training EB misspecified with NPMLE init, with in-sample MSE: 0.17103460262889442
Finished training EB misspecified, with SURE: 0.12324361965985492
Finished training EB misspecified, with in-sample MSE: 0.17102031258911216

 Training SURE of the models:
SURE-PM: 0.12324361965985492
NPMLE: 0.3435690235432233
SURE-PM, NPMLE init: 0.1232366153161399
n: 200
experiment: c
Finished training EB misspecified with NPMLE init, with SURE: 0.05056308858127572
Finished training EB misspecified with NPMLE init, with in-sample MSE: 0.061800236839748376
Finished training EB misspecified, with SURE: 0.05060344571843423
Finished training EB misspecified, with in-sample MSE: 0.06188028115684154

 Training SURE of the models:
SURE-PM: 0.05060344571843423
NPMLE: 0.35842787416711247
SURE-PM, NPMLE init: 0.05056308858127572
experiment: d
Finished training EB misspecified with NPMLE init, with SURE: 0.006919439796466182
Finished training EB misspecified with NPMLE init, with in-sample MSE: 0.006786957977299065
Finished training EB misspecified, with SURE: 0.006922514505853652
Finished training EB misspecified, with in-sample MSE: 0.00678283554639212

 Training SURE of the models:
SURE-PM: 0.006922514505853652
NPMLE: 0.08005560931162607
SURE-PM, NPMLE init: 0.006919439796466182
experiment: e
Finished training EB misspecified with NPMLE init, with SURE: 0.13883601272661736
Finished training EB misspecified with NPMLE init, with in-sample MSE: 0.29195679544478953
Finished training EB misspecified, with SURE: 0.1388365435491182
Finished training EB misspecified, with in-sample MSE: 0.2919358527822149

 Training SURE of the models:
SURE-PM: 0.1388365435491182
NPMLE: 0.7437225139580517
SURE-PM, NPMLE init: 0.13883601272661736
n: 400
experiment: c
Finished training EB misspecified with NPMLE init, with SURE: 0.062156767307469066
Finished training EB misspecified with NPMLE init, with in-sample MSE: 0.07449072028270022
Finished training EB misspecified, with SURE: 0.06220454218649913
Finished training EB misspecified, with in-sample MSE: 0.07466195409879027

 Training SURE of the models:
SURE-PM: 0.06220454218649913
NPMLE: 0.873890954324952
SURE-PM, NPMLE init: 0.062156767307469066
experiment: d
Finished training EB misspecified with NPMLE init, with SURE: 0.013427540420860567
Finished training EB misspecified with NPMLE init, with in-sample MSE: 0.004782120423721501
Finished training EB misspecified, with SURE: 0.013434173279077904
Finished training EB misspecified, with in-sample MSE: 0.004777596520551042

 Training SURE of the models:
SURE-PM: 0.013434173279077904
NPMLE: 0.14004997655270254
SURE-PM, NPMLE init: 0.013427540420860567
experiment: e
Finished training EB misspecified with NPMLE init, with SURE: 0.18982144153141484
Finished training EB misspecified with NPMLE init, with in-sample MSE: 0.18708693969744694
Finished training EB misspecified, with SURE: 0.18982243606164276
Finished training EB misspecified, with in-sample MSE: 0.1870825318344907

 Training SURE of the models:
SURE-PM: 0.18982243606164276
NPMLE: 0.2896740639057738
SURE-PM, NPMLE init: 0.18982144153141484
m: 626
n: 100
experiment: c
Finished training EB misspecified with NPMLE init, with SURE: -0.02946890958223797
Finished training EB misspecified with NPMLE init, with in-sample MSE: 0.06700870973318114
Finished training EB misspecified, with SURE: -0.029466507811000114
Finished training EB misspecified, with in-sample MSE: 0.0670087163685043

 Training SURE of the models:
SURE-PM: -0.029466507811000114
NPMLE: 0.3240860709298652
SURE-PM, NPMLE init: -0.02946890958223797
experiment: d
Finished training EB misspecified with NPMLE init, with SURE: -0.00016030232517818987
Finished training EB misspecified with NPMLE init, with in-sample MSE: 0.04222447195376265
Finished training EB misspecified, with SURE: -0.00218743558042398
Finished training EB misspecified, with in-sample MSE: 0.054548125825294475

 Training SURE of the models:
SURE-PM: -0.00218743558042398
NPMLE: 0.033396034661607815
SURE-PM, NPMLE init: -0.00016030232517818987
experiment: e
Finished training EB misspecified with NPMLE init, with SURE: 0.11517226644473319
Finished training EB misspecified with NPMLE init, with in-sample MSE: 0.208617915411287
Finished training EB misspecified, with SURE: 0.11518189869967081
Finished training EB misspecified, with in-sample MSE: 0.20864156073884463

 Training SURE of the models:
SURE-PM: 0.11518189869967081
NPMLE: 0.32590539308150307
SURE-PM, NPMLE init: 0.11517226644473319
n: 200
experiment: c
Finished training EB misspecified with NPMLE init, with SURE: 0.012092340835076954
Finished training EB misspecified with NPMLE init, with in-sample MSE: 0.07653425389108835
Finished training EB misspecified, with SURE: 0.012114812894480097
Finished training EB misspecified, with in-sample MSE: 0.07656845302941447

 Training SURE of the models:
SURE-PM: 0.012114812894480097
NPMLE: 0.3357739211403398
SURE-PM, NPMLE init: 0.012092340835076954
experiment: d
Finished training EB misspecified with NPMLE init, with SURE: -0.01689434321002949
Finished training EB misspecified with NPMLE init, with in-sample MSE: 0.04580826435517063
Finished training EB misspecified, with SURE: -0.016891062870818666
Finished training EB misspecified, with in-sample MSE: 0.045805180272658834

 Training SURE of the models:
SURE-PM: -0.016891062870818666
NPMLE: 0.032685724962171446
SURE-PM, NPMLE init: -0.01689434321002949
experiment: e
Finished training EB misspecified with NPMLE init, with SURE: 0.11805244733645853
Finished training EB misspecified with NPMLE init, with in-sample MSE: 0.18117814828633672
Finished training EB misspecified, with SURE: 0.11805972928180697
Finished training EB misspecified, with in-sample MSE: 0.18117987745301473

 Training SURE of the models:
SURE-PM: 0.11805972928180697
NPMLE: 0.374367316452537
SURE-PM, NPMLE init: 0.11805244733645853
n: 400
experiment: c
Finished training EB misspecified with NPMLE init, with SURE: -0.008508852600579786
Finished training EB misspecified with NPMLE init, with in-sample MSE: 0.060901399139123145
Finished training EB misspecified, with SURE: -0.00849940175914142
Finished training EB misspecified, with in-sample MSE: 0.0609116005909426

 Training SURE of the models:
SURE-PM: -0.00849940175914142
NPMLE: 0.39575712943866537
SURE-PM, NPMLE init: -0.008508852600579786
experiment: d
Finished training EB misspecified with NPMLE init, with SURE: 0.044292899213428036
Finished training EB misspecified with NPMLE init, with in-sample MSE: 0.025168761414056325
Finished training EB misspecified, with SURE: 0.044294967282242616
Finished training EB misspecified, with in-sample MSE: 0.02516650808099866

 Training SURE of the models:
SURE-PM: 0.044294967282242616
NPMLE: 0.2901739412642909
SURE-PM, NPMLE init: 0.044292899213428036
experiment: e
Finished training EB misspecified with NPMLE init, with SURE: 0.1383757978120712
Finished training EB misspecified with NPMLE init, with in-sample MSE: 0.1676683319374994
Finished training EB misspecified, with SURE: 0.138389112298993
Finished training EB misspecified, with in-sample MSE: 0.16768856581732605

 Training SURE of the models:
SURE-PM: 0.138389112298993
NPMLE: 0.3403058944351113
SURE-PM, NPMLE init: 0.1383757978120712
m: 627
n: 100
experiment: c
Finished training EB misspecified with NPMLE init, with SURE: 0.08723130464224603
Finished training EB misspecified with NPMLE init, with in-sample MSE: 0.0753834425838114
Finished training EB misspecified, with SURE: 0.0872282884931969
Finished training EB misspecified, with in-sample MSE: 0.07538946218651965

 Training SURE of the models:
SURE-PM: 0.0872282884931969
NPMLE: 0.7240942747721845
SURE-PM, NPMLE init: 0.08723130464224603
experiment: d
Finished training EB misspecified with NPMLE init, with SURE: 0.013874934458956982
Finished training EB misspecified with NPMLE init, with in-sample MSE: 0.013062286956416086
Finished training EB misspecified, with SURE: 0.013878231634973748
Finished training EB misspecified, with in-sample MSE: 0.013054319024343947

 Training SURE of the models:
SURE-PM: 0.013878231634973748
NPMLE: 0.03720617442753706
SURE-PM, NPMLE init: 0.013874934458956982
experiment: e
Finished training EB misspecified with NPMLE init, with SURE: 0.14287861606818816
Finished training EB misspecified with NPMLE init, with in-sample MSE: 0.24518917730472464
Finished training EB misspecified, with SURE: 0.14288172972698887
Finished training EB misspecified, with in-sample MSE: 0.24519657227876646

 Training SURE of the models:
SURE-PM: 0.14288172972698887
NPMLE: 0.31369915740932947
SURE-PM, NPMLE init: 0.14287861606818816
n: 200
experiment: c
Finished training EB misspecified with NPMLE init, with SURE: 0.14047756018503962
Finished training EB misspecified with NPMLE init, with in-sample MSE: 0.11146164864049225
Finished training EB misspecified, with SURE: 0.14047979847701528
Finished training EB misspecified, with in-sample MSE: 0.1114269294186348

 Training SURE of the models:
SURE-PM: 0.14047979847701528
NPMLE: 0.6877415366312727
SURE-PM, NPMLE init: 0.14047756018503962
experiment: d
Finished training EB misspecified with NPMLE init, with SURE: 0.008288537048892658
Finished training EB misspecified with NPMLE init, with in-sample MSE: 0.00666044916428633
Finished training EB misspecified, with SURE: 0.008290335560489233
Finished training EB misspecified, with in-sample MSE: 0.0066572792292198864

 Training SURE of the models:
SURE-PM: 0.008290335560489233
NPMLE: 0.0886738328748989
SURE-PM, NPMLE init: 0.008288537048892658
experiment: e
Finished training EB misspecified with NPMLE init, with SURE: 0.1438547320894815
Finished training EB misspecified with NPMLE init, with in-sample MSE: 0.178398344229363
Finished training EB misspecified, with SURE: 0.14385759659744524
Finished training EB misspecified, with in-sample MSE: 0.17839645270453455

 Training SURE of the models:
SURE-PM: 0.14385759659744524
NPMLE: 0.3099323649355762
SURE-PM, NPMLE init: 0.1438547320894815
n: 400
experiment: c
Finished training EB misspecified with NPMLE init, with SURE: -0.04865088940441119
Finished training EB misspecified with NPMLE init, with in-sample MSE: 0.06478736776897044
Finished training EB misspecified, with SURE: -0.04864159395306352
Finished training EB misspecified, with in-sample MSE: 0.0647184386802986

 Training SURE of the models:
SURE-PM: -0.04864159395306352
NPMLE: 0.3320912125842703
SURE-PM, NPMLE init: -0.04865088940441119
experiment: d
Finished training EB misspecified with NPMLE init, with SURE: 0.013221970590251892
Finished training EB misspecified with NPMLE init, with in-sample MSE: 0.005732499146336293
Finished training EB misspecified, with SURE: 0.013222805438167456
Finished training EB misspecified, with in-sample MSE: 0.005733880739763902

 Training SURE of the models:
SURE-PM: 0.013222805438167456
NPMLE: 0.05837975855986162
SURE-PM, NPMLE init: 0.013221970590251892
experiment: e
Finished training EB misspecified with NPMLE init, with SURE: 0.1499963943991284
Finished training EB misspecified with NPMLE init, with in-sample MSE: 0.18666738909950864
Finished training EB misspecified, with SURE: 0.14999619785298407
Finished training EB misspecified, with in-sample MSE: 0.18666835653667055

 Training SURE of the models:
SURE-PM: 0.14999619785298407
NPMLE: 0.3690381512545669
SURE-PM, NPMLE init: 0.1499963943991284
m: 628
n: 100
experiment: c
Finished training EB misspecified with NPMLE init, with SURE: 0.15064563772347264
Finished training EB misspecified with NPMLE init, with in-sample MSE: 0.19877758208627955
Finished training EB misspecified, with SURE: 0.16234515958866644
Finished training EB misspecified, with in-sample MSE: 0.16682891153958238

 Training SURE of the models:
SURE-PM: 0.16234515958866644
NPMLE: 0.9495604954569917
SURE-PM, NPMLE init: 0.15064563772347264
experiment: d
Finished training EB misspecified with NPMLE init, with SURE: 0.004773157345873517
Finished training EB misspecified with NPMLE init, with in-sample MSE: 0.008118181180025028
Finished training EB misspecified, with SURE: 0.004773216736392332
Finished training EB misspecified, with in-sample MSE: 0.008119456130810873

 Training SURE of the models:
SURE-PM: 0.004773216736392332
NPMLE: 0.21457087523111476
SURE-PM, NPMLE init: 0.004773157345873517
experiment: e
Finished training EB misspecified with NPMLE init, with SURE: 0.13448176886709381
Finished training EB misspecified with NPMLE init, with in-sample MSE: 0.20359041049065826
Finished training EB misspecified, with SURE: 0.13448216589662093
Finished training EB misspecified, with in-sample MSE: 0.20361077932122107

 Training SURE of the models:
SURE-PM: 0.13448216589662093
NPMLE: 0.34450986614367984
SURE-PM, NPMLE init: 0.13448176886709381
n: 200
experiment: c
Finished training EB misspecified with NPMLE init, with SURE: 0.07401299017951467
Finished training EB misspecified with NPMLE init, with in-sample MSE: 0.10761199191042584
Finished training EB misspecified, with SURE: 0.07400648545521002
Finished training EB misspecified, with in-sample MSE: 0.10797545503106246

 Training SURE of the models:
SURE-PM: 0.07400648545521002
NPMLE: 1.094342041361607
SURE-PM, NPMLE init: 0.07401299017951467
experiment: d
Finished training EB misspecified with NPMLE init, with SURE: 0.010968804931916801
Finished training EB misspecified with NPMLE init, with in-sample MSE: 0.006462851143727164
Finished training EB misspecified, with SURE: 0.010970685973232258
Finished training EB misspecified, with in-sample MSE: 0.006467819210239497

 Training SURE of the models:
SURE-PM: 0.010970685973232258
NPMLE: 0.10606064179002204
SURE-PM, NPMLE init: 0.010968804931916801
experiment: e
Finished training EB misspecified with NPMLE init, with SURE: 0.16717228647159485
Finished training EB misspecified with NPMLE init, with in-sample MSE: 0.22507021367326402
Finished training EB misspecified, with SURE: 0.1671778502809043
Finished training EB misspecified, with in-sample MSE: 0.22506960052657632

 Training SURE of the models:
SURE-PM: 0.1671778502809043
NPMLE: 0.30048156376858287
SURE-PM, NPMLE init: 0.16717228647159485
n: 400
experiment: c
Finished training EB misspecified with NPMLE init, with SURE: 0.0794393166099458
Finished training EB misspecified with NPMLE init, with in-sample MSE: 0.09936579555352915
Finished training EB misspecified, with SURE: 0.085563912643672
Finished training EB misspecified, with in-sample MSE: 0.07657191613625307

 Training SURE of the models:
SURE-PM: 0.085563912643672
NPMLE: 0.8722766717421586
SURE-PM, NPMLE init: 0.0794393166099458
experiment: d
Finished training EB misspecified with NPMLE init, with SURE: -0.002101495649908198
Finished training EB misspecified with NPMLE init, with in-sample MSE: 0.0068642023021116836
Finished training EB misspecified, with SURE: -0.00209857344572562
Finished training EB misspecified, with in-sample MSE: 0.006867212916595911

 Training SURE of the models:
SURE-PM: -0.00209857344572562
NPMLE: 0.05615208758921726
SURE-PM, NPMLE init: -0.002101495649908198
experiment: e
Finished training EB misspecified with NPMLE init, with SURE: 0.14645064285974385
Finished training EB misspecified with NPMLE init, with in-sample MSE: 0.1869740893551662
Finished training EB misspecified, with SURE: 0.14645730419341796
Finished training EB misspecified, with in-sample MSE: 0.18696594666243335

 Training SURE of the models:
SURE-PM: 0.14645730419341796
NPMLE: 0.29374305467804235
SURE-PM, NPMLE init: 0.14645064285974385
m: 629
n: 100
experiment: c
Finished training EB misspecified with NPMLE init, with SURE: 0.06489393830347268
Finished training EB misspecified with NPMLE init, with in-sample MSE: 0.0862309505427
Finished training EB misspecified, with SURE: 0.06489313060444488
Finished training EB misspecified, with in-sample MSE: 0.08623176429939924

 Training SURE of the models:
SURE-PM: 0.06489313060444488
NPMLE: 0.6550501291609956
SURE-PM, NPMLE init: 0.06489393830347268
experiment: d
Finished training EB misspecified with NPMLE init, with SURE: 0.019235139708980713
Finished training EB misspecified with NPMLE init, with in-sample MSE: 0.008275997400460316
Finished training EB misspecified, with SURE: 0.019236399474834548
Finished training EB misspecified, with in-sample MSE: 0.00827676742911845

 Training SURE of the models:
SURE-PM: 0.019236399474834548
NPMLE: 0.13318559940874095
SURE-PM, NPMLE init: 0.019235139708980713
experiment: e
Finished training EB misspecified with NPMLE init, with SURE: 0.18533106571749536
Finished training EB misspecified with NPMLE init, with in-sample MSE: 0.24238731897494428
Finished training EB misspecified, with SURE: 0.17490151379400032
Finished training EB misspecified, with in-sample MSE: 0.2416789919326011

 Training SURE of the models:
SURE-PM: 0.17490151379400032
NPMLE: 0.28361826654056793
SURE-PM, NPMLE init: 0.18533106571749536
n: 200
experiment: c
Finished training EB misspecified with NPMLE init, with SURE: 0.015152321276697479
Finished training EB misspecified with NPMLE init, with in-sample MSE: 0.05177554232179246
Finished training EB misspecified, with SURE: 0.01517336170703942
Finished training EB misspecified, with in-sample MSE: 0.05177888601552301

 Training SURE of the models:
SURE-PM: 0.01517336170703942
NPMLE: 0.6014485497879118
SURE-PM, NPMLE init: 0.015152321276697479
experiment: d
Finished training EB misspecified with NPMLE init, with SURE: -0.003662723875561866
Finished training EB misspecified with NPMLE init, with in-sample MSE: 0.007477251329188473
Finished training EB misspecified, with SURE: -0.003660812817359869
Finished training EB misspecified, with in-sample MSE: 0.007475341598881525

 Training SURE of the models:
SURE-PM: -0.003660812817359869
NPMLE: 0.04530947524112264
SURE-PM, NPMLE init: -0.003662723875561866
experiment: e
Finished training EB misspecified with NPMLE init, with SURE: 0.16507778036693962
Finished training EB misspecified with NPMLE init, with in-sample MSE: 0.20834277241133378
Finished training EB misspecified, with SURE: 0.16508025789710595
Finished training EB misspecified, with in-sample MSE: 0.20833006541749616

 Training SURE of the models:
SURE-PM: 0.16508025789710595
NPMLE: 0.313129449099591
SURE-PM, NPMLE init: 0.16507778036693962
n: 400
experiment: c
Finished training EB misspecified with NPMLE init, with SURE: 0.000735936962147008
Finished training EB misspecified with NPMLE init, with in-sample MSE: 0.052284700528791556
Finished training EB misspecified, with SURE: 0.0007498269677435588
Finished training EB misspecified, with in-sample MSE: 0.05229046288645537

 Training SURE of the models:
SURE-PM: 0.0007498269677435588
NPMLE: 0.35996619969558935
SURE-PM, NPMLE init: 0.000735936962147008
experiment: d
Finished training EB misspecified with NPMLE init, with SURE: 9.159235027070167e-05
Finished training EB misspecified with NPMLE init, with in-sample MSE: 0.0039591744756731755
Finished training EB misspecified, with SURE: 9.362089465927426e-05
Finished training EB misspecified, with in-sample MSE: 0.003961817223368565

 Training SURE of the models:
SURE-PM: 9.362089465927426e-05
NPMLE: 0.0008213545074315398
SURE-PM, NPMLE init: 9.159235027070167e-05
experiment: e
Finished training EB misspecified with NPMLE init, with SURE: 0.17074243667804773
Finished training EB misspecified with NPMLE init, with in-sample MSE: 0.15024870632181836
Finished training EB misspecified, with SURE: 0.17061359226381348
Finished training EB misspecified, with in-sample MSE: 0.14918905510198457

 Training SURE of the models:
SURE-PM: 0.17061359226381348
NPMLE: 0.5487287508449885
SURE-PM, NPMLE init: 0.17074243667804773
m: 630
n: 100
experiment: c
Finished training EB misspecified with NPMLE init, with SURE: -0.07811312630057905
Finished training EB misspecified with NPMLE init, with in-sample MSE: 0.06465641294970212
Finished training EB misspecified, with SURE: -0.07841002650797073
Finished training EB misspecified, with in-sample MSE: 0.06971407196106995

 Training SURE of the models:
SURE-PM: -0.07841002650797073
NPMLE: 0.3787629908481462
SURE-PM, NPMLE init: -0.07811312630057905
experiment: d
Finished training EB misspecified with NPMLE init, with SURE: 0.017686483032124566
Finished training EB misspecified with NPMLE init, with in-sample MSE: 0.02164193841143572
Finished training EB misspecified, with SURE: 0.01768631808691394
Finished training EB misspecified, with in-sample MSE: 0.021642602041447925

 Training SURE of the models:
SURE-PM: 0.01768631808691394
NPMLE: 0.07445066444501841
SURE-PM, NPMLE init: 0.017686483032124566
experiment: e
Finished training EB misspecified with NPMLE init, with SURE: 0.1265236593164687
Finished training EB misspecified with NPMLE init, with in-sample MSE: 0.24406011913574122
Finished training EB misspecified, with SURE: 0.1265280211851939
Finished training EB misspecified, with in-sample MSE: 0.24388288113475615

 Training SURE of the models:
SURE-PM: 0.1265280211851939
NPMLE: 0.2891085330892703
SURE-PM, NPMLE init: 0.1265236593164687
n: 200
experiment: c
Finished training EB misspecified with NPMLE init, with SURE: 0.03229157010107393
Finished training EB misspecified with NPMLE init, with in-sample MSE: 0.06338038272779394
Finished training EB misspecified, with SURE: 0.03229529171042692
Finished training EB misspecified, with in-sample MSE: 0.0633748795832232

 Training SURE of the models:
SURE-PM: 0.03229529171042692
NPMLE: 0.478456646852179
SURE-PM, NPMLE init: 0.03229157010107393
experiment: d
Finished training EB misspecified with NPMLE init, with SURE: 0.02908380931656625
Finished training EB misspecified with NPMLE init, with in-sample MSE: 0.010948517368261988
Finished training EB misspecified, with SURE: 0.029085331859202004
Finished training EB misspecified, with in-sample MSE: 0.01094920101607099

 Training SURE of the models:
SURE-PM: 0.029085331859202004
NPMLE: 0.09254291787047396
SURE-PM, NPMLE init: 0.02908380931656625
experiment: e
Finished training EB misspecified with NPMLE init, with SURE: 0.17006628266732982
Finished training EB misspecified with NPMLE init, with in-sample MSE: 0.23398070020749073
Finished training EB misspecified, with SURE: 0.16760489564459646
Finished training EB misspecified, with in-sample MSE: 0.2348315712723396

 Training SURE of the models:
SURE-PM: 0.16760489564459646
NPMLE: 0.25647010841683743
SURE-PM, NPMLE init: 0.17006628266732982
n: 400
experiment: c
Finished training EB misspecified with NPMLE init, with SURE: 0.06907080833284916
Finished training EB misspecified with NPMLE init, with in-sample MSE: 0.061347670284051706
Finished training EB misspecified, with SURE: 0.06909653822730676
Finished training EB misspecified, with in-sample MSE: 0.06134847022446357

 Training SURE of the models:
SURE-PM: 0.06909653822730676
NPMLE: 0.4303078767734874
SURE-PM, NPMLE init: 0.06907080833284916
experiment: d
Finished training EB misspecified with NPMLE init, with SURE: -0.008245979491655113
Finished training EB misspecified with NPMLE init, with in-sample MSE: 0.006198955025894329
Finished training EB misspecified, with SURE: -0.00823819432619434
Finished training EB misspecified, with in-sample MSE: 0.006220655217162347

 Training SURE of the models:
SURE-PM: -0.00823819432619434
NPMLE: 0.018814519885405757
SURE-PM, NPMLE init: -0.008245979491655113
experiment: e
Finished training EB misspecified with NPMLE init, with SURE: 0.18486735217356734
Finished training EB misspecified with NPMLE init, with in-sample MSE: 0.17110153988215943
Finished training EB misspecified, with SURE: 0.1842047077179925
Finished training EB misspecified, with in-sample MSE: 0.17030139521960577

 Training SURE of the models:
SURE-PM: 0.1842047077179925
NPMLE: 0.28918935806326257
SURE-PM, NPMLE init: 0.18486735217356734
m: 631
n: 100
experiment: c
Finished training EB misspecified with NPMLE init, with SURE: -0.13197687028430394
Finished training EB misspecified with NPMLE init, with in-sample MSE: 0.06850956920364185
Finished training EB misspecified, with SURE: -0.1319697122402755
Finished training EB misspecified, with in-sample MSE: 0.06850695933438236

 Training SURE of the models:
SURE-PM: -0.1319697122402755
NPMLE: 0.29718516879226686
SURE-PM, NPMLE init: -0.13197687028430394
experiment: d
Finished training EB misspecified with NPMLE init, with SURE: -0.03098253232850661
Finished training EB misspecified with NPMLE init, with in-sample MSE: 0.004515012008406924
Finished training EB misspecified, with SURE: -0.030981482179033844
Finished training EB misspecified, with in-sample MSE: 0.004519431575991847

 Training SURE of the models:
SURE-PM: -0.030981482179033844
NPMLE: -0.011938573287346496
SURE-PM, NPMLE init: -0.03098253232850661
experiment: e
Finished training EB misspecified with NPMLE init, with SURE: 0.06748335752983466
Finished training EB misspecified with NPMLE init, with in-sample MSE: 0.16692765976926593
Finished training EB misspecified, with SURE: 0.06693110678002398
Finished training EB misspecified, with in-sample MSE: 0.16299414974710028

 Training SURE of the models:
SURE-PM: 0.06693110678002398
NPMLE: 0.25614067249981115
SURE-PM, NPMLE init: 0.06748335752983466
n: 200
experiment: c
Finished training EB misspecified with NPMLE init, with SURE: -0.03416682149029981
Finished training EB misspecified with NPMLE init, with in-sample MSE: 0.058149375873384264
Finished training EB misspecified, with SURE: -0.033474311578357285
Finished training EB misspecified, with in-sample MSE: 0.0583954552784911

 Training SURE of the models:
SURE-PM: -0.033474311578357285
NPMLE: 0.44277684755729396
SURE-PM, NPMLE init: -0.03416682149029981
experiment: d
Finished training EB misspecified with NPMLE init, with SURE: 0.010116547220309613
Finished training EB misspecified with NPMLE init, with in-sample MSE: 0.005191777674298083
Finished training EB misspecified, with SURE: 0.010118435640898867
Finished training EB misspecified, with in-sample MSE: 0.005191304635646402

 Training SURE of the models:
SURE-PM: 0.010118435640898867
NPMLE: 0.026045905847254004
SURE-PM, NPMLE init: 0.010116547220309613
experiment: e
Finished training EB misspecified with NPMLE init, with SURE: 0.1432181725932663
Finished training EB misspecified with NPMLE init, with in-sample MSE: 0.2053132645852418
Finished training EB misspecified, with SURE: 0.14321793625656704
Finished training EB misspecified, with in-sample MSE: 0.2053274389726827

 Training SURE of the models:
SURE-PM: 0.14321793625656704
NPMLE: 0.3094600496988979
SURE-PM, NPMLE init: 0.1432181725932663
n: 400
experiment: c
Finished training EB misspecified with NPMLE init, with SURE: 0.11928567495815187
Finished training EB misspecified with NPMLE init, with in-sample MSE: 0.076121706322838
Finished training EB misspecified, with SURE: 0.11928421369605573
Finished training EB misspecified, with in-sample MSE: 0.076153771882047

 Training SURE of the models:
SURE-PM: 0.11928421369605573
NPMLE: 0.6653115385580409
SURE-PM, NPMLE init: 0.11928567495815187
experiment: d
Finished training EB misspecified with NPMLE init, with SURE: 0.011674474919557767
Finished training EB misspecified with NPMLE init, with in-sample MSE: 0.007298435451240267
Finished training EB misspecified, with SURE: 0.011683706297371525
Finished training EB misspecified, with in-sample MSE: 0.007269721808635662

 Training SURE of the models:
SURE-PM: 0.011683706297371525
NPMLE: 0.02852701067319483
SURE-PM, NPMLE init: 0.011674474919557767
experiment: e
Finished training EB misspecified with NPMLE init, with SURE: 0.1571332789614279
Finished training EB misspecified with NPMLE init, with in-sample MSE: 0.20966329450143498
Finished training EB misspecified, with SURE: 0.15714394421049316
Finished training EB misspecified, with in-sample MSE: 0.20965269051666882

 Training SURE of the models:
SURE-PM: 0.15714394421049316
NPMLE: 0.2967572047934808
SURE-PM, NPMLE init: 0.1571332789614279
m: 632
n: 100
experiment: c
Finished training EB misspecified with NPMLE init, with SURE: -0.020801477802771657
Finished training EB misspecified with NPMLE init, with in-sample MSE: 0.05618810199640548
Finished training EB misspecified, with SURE: -0.020792113848726076
Finished training EB misspecified, with in-sample MSE: 0.05619104842054103

 Training SURE of the models:
SURE-PM: -0.020792113848726076
NPMLE: 0.6827561822877584
SURE-PM, NPMLE init: -0.020801477802771657
experiment: d
Finished training EB misspecified with NPMLE init, with SURE: -0.008481377563142304
Finished training EB misspecified with NPMLE init, with in-sample MSE: 0.003307804706944798
Finished training EB misspecified, with SURE: -0.008479327910666861
Finished training EB misspecified, with in-sample MSE: 0.0033070880670477082

 Training SURE of the models:
SURE-PM: -0.008479327910666861
NPMLE: 0.004711678703983342
SURE-PM, NPMLE init: -0.008481377563142304
experiment: e
Finished training EB misspecified with NPMLE init, with SURE: 0.09590749258921161
Finished training EB misspecified with NPMLE init, with in-sample MSE: 0.18475373022825883
Finished training EB misspecified, with SURE: 0.09525120446511903
Finished training EB misspecified, with in-sample MSE: 0.178195622477611

 Training SURE of the models:
SURE-PM: 0.09525120446511903
NPMLE: 0.35522992958874583
SURE-PM, NPMLE init: 0.09590749258921161
n: 200
experiment: c
Finished training EB misspecified with NPMLE init, with SURE: 0.01575911213920719
Finished training EB misspecified with NPMLE init, with in-sample MSE: 0.06370481775393486
Finished training EB misspecified, with SURE: 0.015758714546978324
Finished training EB misspecified, with in-sample MSE: 0.06370662425879214

 Training SURE of the models:
SURE-PM: 0.015758714546978324
NPMLE: 0.47498944778237956
SURE-PM, NPMLE init: 0.01575911213920719
experiment: d
Finished training EB misspecified with NPMLE init, with SURE: -0.0032107673994500453
Finished training EB misspecified with NPMLE init, with in-sample MSE: 0.004423430350059681
Finished training EB misspecified, with SURE: -0.0032103318150254623
Finished training EB misspecified, with in-sample MSE: 0.004423841774800016

 Training SURE of the models:
SURE-PM: -0.0032103318150254623
NPMLE: 0.03080384789799922
SURE-PM, NPMLE init: -0.0032107673994500453
experiment: e
Finished training EB misspecified with NPMLE init, with SURE: 0.11533063212321672
Finished training EB misspecified with NPMLE init, with in-sample MSE: 0.1731413773210325
Finished training EB misspecified, with SURE: 0.1153445570910347
Finished training EB misspecified, with in-sample MSE: 0.1731394968837402

 Training SURE of the models:
SURE-PM: 0.1153445570910347
NPMLE: 0.3080911020478536
SURE-PM, NPMLE init: 0.11533063212321672
n: 400
experiment: c
Finished training EB misspecified with NPMLE init, with SURE: 0.05946745994543271
Finished training EB misspecified with NPMLE init, with in-sample MSE: 0.06633349985310301
Finished training EB misspecified, with SURE: 0.05948852171171829
Finished training EB misspecified, with in-sample MSE: 0.06632672042703595

 Training SURE of the models:
SURE-PM: 0.05948852171171829
NPMLE: 0.963860363036894
SURE-PM, NPMLE init: 0.05946745994543271
experiment: d
Finished training EB misspecified with NPMLE init, with SURE: 0.004761686335537548
Finished training EB misspecified with NPMLE init, with in-sample MSE: 0.004657317076240179
Finished training EB misspecified, with SURE: 0.004684312149395709
Finished training EB misspecified, with in-sample MSE: 0.005495037028878609

 Training SURE of the models:
SURE-PM: 0.004684312149395709
NPMLE: 0.04050012331629626
SURE-PM, NPMLE init: 0.004761686335537548
experiment: e
Finished training EB misspecified with NPMLE init, with SURE: 0.15700876006704634
Finished training EB misspecified with NPMLE init, with in-sample MSE: 0.17144334386040666
Finished training EB misspecified, with SURE: 0.15702793744095153
Finished training EB misspecified, with in-sample MSE: 0.17142734355829642

 Training SURE of the models:
SURE-PM: 0.15702793744095153
NPMLE: 0.3447255326090402
SURE-PM, NPMLE init: 0.15700876006704634
m: 633
n: 100
experiment: c
Finished training EB misspecified with NPMLE init, with SURE: 0.13358957925863144
Finished training EB misspecified with NPMLE init, with in-sample MSE: 0.09624915241235195
Finished training EB misspecified, with SURE: 0.133601673367482
Finished training EB misspecified, with in-sample MSE: 0.09623444337860228

 Training SURE of the models:
SURE-PM: 0.133601673367482
NPMLE: 0.366547203051496
SURE-PM, NPMLE init: 0.13358957925863144
experiment: d
Finished training EB misspecified with NPMLE init, with SURE: 0.0392903129696464
Finished training EB misspecified with NPMLE init, with in-sample MSE: 0.027247043211312036
Finished training EB misspecified, with SURE: 0.039292281516526216
Finished training EB misspecified, with in-sample MSE: 0.02726118938356035

 Training SURE of the models:
SURE-PM: 0.039292281516526216
NPMLE: 0.31119954296692726
SURE-PM, NPMLE init: 0.0392903129696464
experiment: e
Finished training EB misspecified with NPMLE init, with SURE: 0.16189418792326854
Finished training EB misspecified with NPMLE init, with in-sample MSE: 0.21047648720584697
Finished training EB misspecified, with SURE: 0.16285550718142175
Finished training EB misspecified, with in-sample MSE: 0.21639620248518932

 Training SURE of the models:
SURE-PM: 0.16285550718142175
NPMLE: 0.3140567526574635
SURE-PM, NPMLE init: 0.16189418792326854
n: 200
experiment: c
Finished training EB misspecified with NPMLE init, with SURE: 0.06657502076738027
Finished training EB misspecified with NPMLE init, with in-sample MSE: 0.07470283793442667
Finished training EB misspecified, with SURE: 0.06657066938689077
Finished training EB misspecified, with in-sample MSE: 0.07470546854604386

 Training SURE of the models:
SURE-PM: 0.06657066938689077
NPMLE: 0.773667803037588
SURE-PM, NPMLE init: 0.06657502076738027
experiment: d
Finished training EB misspecified with NPMLE init, with SURE: -0.00083004524048798
Finished training EB misspecified with NPMLE init, with in-sample MSE: 0.008580871521245217
Finished training EB misspecified, with SURE: -0.0008285096116132352
Finished training EB misspecified, with in-sample MSE: 0.008579918372355423

 Training SURE of the models:
SURE-PM: -0.0008285096116132352
NPMLE: 0.20555351657715107
SURE-PM, NPMLE init: -0.00083004524048798
experiment: e
Finished training EB misspecified with NPMLE init, with SURE: 0.1653479058019536
Finished training EB misspecified with NPMLE init, with in-sample MSE: 0.1635814923440313
Finished training EB misspecified, with SURE: 0.165344710090511
Finished training EB misspecified, with in-sample MSE: 0.16364137074637758

 Training SURE of the models:
SURE-PM: 0.165344710090511
NPMLE: 0.3782997524306175
SURE-PM, NPMLE init: 0.1653479058019536
n: 400
experiment: c
Finished training EB misspecified with NPMLE init, with SURE: 0.06519608884786926
Finished training EB misspecified with NPMLE init, with in-sample MSE: 0.05028806139167412
Finished training EB misspecified, with SURE: 0.06511712700443831
Finished training EB misspecified, with in-sample MSE: 0.0499593839077886

 Training SURE of the models:
SURE-PM: 0.06511712700443831
NPMLE: 0.8582138865423667
SURE-PM, NPMLE init: 0.06519608884786926
experiment: d
Finished training EB misspecified with NPMLE init, with SURE: 0.016060352275295262
Finished training EB misspecified with NPMLE init, with in-sample MSE: 0.0074034962717569874
Finished training EB misspecified, with SURE: 0.01606208865331151
Finished training EB misspecified, with in-sample MSE: 0.007407489827279127

 Training SURE of the models:
SURE-PM: 0.01606208865331151
NPMLE: 0.09650602336186428
SURE-PM, NPMLE init: 0.016060352275295262
experiment: e
Finished training EB misspecified with NPMLE init, with SURE: 0.1459670317727929
Finished training EB misspecified with NPMLE init, with in-sample MSE: 0.17436313517610175
Finished training EB misspecified, with SURE: 0.1455669563549021
Finished training EB misspecified, with in-sample MSE: 0.17454366889384335

 Training SURE of the models:
SURE-PM: 0.1455669563549021
NPMLE: 0.322848297660038
SURE-PM, NPMLE init: 0.1459670317727929
m: 634
n: 100
experiment: c
Finished training EB misspecified with NPMLE init, with SURE: 0.0070000847181903225
Finished training EB misspecified with NPMLE init, with in-sample MSE: 0.12158101318890305
Finished training EB misspecified, with SURE: 0.007000511600079591
Finished training EB misspecified, with in-sample MSE: 0.1215774486589268

 Training SURE of the models:
SURE-PM: 0.007000511600079591
NPMLE: 0.46892309338925797
SURE-PM, NPMLE init: 0.0070000847181903225
experiment: d
Finished training EB misspecified with NPMLE init, with SURE: -0.013938629209337208
Finished training EB misspecified with NPMLE init, with in-sample MSE: 0.00510692559033827
Finished training EB misspecified, with SURE: -0.013936580560486932
Finished training EB misspecified, with in-sample MSE: 0.0051061760996379095

 Training SURE of the models:
SURE-PM: -0.013936580560486932
NPMLE: 0.05185238683711241
SURE-PM, NPMLE init: -0.013938629209337208
experiment: e
Finished training EB misspecified with NPMLE init, with SURE: 0.08902875467048268
Finished training EB misspecified with NPMLE init, with in-sample MSE: 0.17093327628238478
Finished training EB misspecified, with SURE: 0.08903579012583179
Finished training EB misspecified, with in-sample MSE: 0.17092927443407582

 Training SURE of the models:
SURE-PM: 0.08903579012583179
NPMLE: 0.3129173915237852
SURE-PM, NPMLE init: 0.08902875467048268
n: 200
experiment: c
Finished training EB misspecified with NPMLE init, with SURE: 0.08092347539346122
Finished training EB misspecified with NPMLE init, with in-sample MSE: 0.11166537672589154
Finished training EB misspecified, with SURE: 0.08096536380085283
Finished training EB misspecified, with in-sample MSE: 0.11155089996720755

 Training SURE of the models:
SURE-PM: 0.08096536380085283
NPMLE: 0.5475126817239322
SURE-PM, NPMLE init: 0.08092347539346122
experiment: d
Finished training EB misspecified with NPMLE init, with SURE: 0.013238247740848887
Finished training EB misspecified with NPMLE init, with in-sample MSE: 0.007911490930792887
Finished training EB misspecified, with SURE: 0.01324180149420286
Finished training EB misspecified, with in-sample MSE: 0.007897168676512387

 Training SURE of the models:
SURE-PM: 0.01324180149420286
NPMLE: 0.08274545828690094
SURE-PM, NPMLE init: 0.013238247740848887
experiment: e
Finished training EB misspecified with NPMLE init, with SURE: 0.15031800675254559
Finished training EB misspecified with NPMLE init, with in-sample MSE: 0.17963726075616607
Finished training EB misspecified, with SURE: 0.149906062791299
Finished training EB misspecified, with in-sample MSE: 0.18119558130462926

 Training SURE of the models:
SURE-PM: 0.149906062791299
NPMLE: 0.28818182984511187
SURE-PM, NPMLE init: 0.15031800675254559
n: 400
experiment: c
Finished training EB misspecified with NPMLE init, with SURE: 0.03318011251752559
Finished training EB misspecified with NPMLE init, with in-sample MSE: 0.05840163041075267
Finished training EB misspecified, with SURE: 0.03318287724381705
Finished training EB misspecified, with in-sample MSE: 0.0583999846375741

 Training SURE of the models:
SURE-PM: 0.03318287724381705
NPMLE: 0.6566909793852423
SURE-PM, NPMLE init: 0.03318011251752559
experiment: d
Finished training EB misspecified with NPMLE init, with SURE: -0.00751324170155149
Finished training EB misspecified with NPMLE init, with in-sample MSE: 0.005442910684483081
Finished training EB misspecified, with SURE: -0.007509134443591741
Finished training EB misspecified, with in-sample MSE: 0.005435428122789793

 Training SURE of the models:
SURE-PM: -0.007509134443591741
NPMLE: 0.061734101092322434
SURE-PM, NPMLE init: -0.00751324170155149
experiment: e
Finished training EB misspecified with NPMLE init, with SURE: 0.14085142443497106
Finished training EB misspecified with NPMLE init, with in-sample MSE: 0.17830772776311743
Finished training EB misspecified, with SURE: 0.14085862204131702
Finished training EB misspecified, with in-sample MSE: 0.17829975679166898

 Training SURE of the models:
SURE-PM: 0.14085862204131702
NPMLE: 0.3677229802659363
SURE-PM, NPMLE init: 0.14085142443497106
m: 635
n: 100
experiment: c
Finished training EB misspecified with NPMLE init, with SURE: 0.10654131588141262
Finished training EB misspecified with NPMLE init, with in-sample MSE: 0.09151070841883574
Finished training EB misspecified, with SURE: 0.10657101457673683
Finished training EB misspecified, with in-sample MSE: 0.09159495322379842

 Training SURE of the models:
SURE-PM: 0.10657101457673683
NPMLE: 0.42170576018245215
SURE-PM, NPMLE init: 0.10654131588141262
experiment: d
Finished training EB misspecified with NPMLE init, with SURE: -0.0016637697773677473
Finished training EB misspecified with NPMLE init, with in-sample MSE: 0.00806496347517928
Finished training EB misspecified, with SURE: -0.0016616909752609744
Finished training EB misspecified, with in-sample MSE: 0.008063208628534393

 Training SURE of the models:
SURE-PM: -0.0016616909752609744
NPMLE: 0.11666489138450874
SURE-PM, NPMLE init: -0.0016637697773677473
experiment: e
Finished training EB misspecified with NPMLE init, with SURE: 0.16388437198611416
Finished training EB misspecified with NPMLE init, with in-sample MSE: 0.2591736390022494
Finished training EB misspecified, with SURE: 0.16388481187643816
Finished training EB misspecified, with in-sample MSE: 0.2591022206241631

 Training SURE of the models:
SURE-PM: 0.16388481187643816
NPMLE: 0.27286959312660436
SURE-PM, NPMLE init: 0.16388437198611416
n: 200
experiment: c
Finished training EB misspecified with NPMLE init, with SURE: -0.003872591495586093
Finished training EB misspecified with NPMLE init, with in-sample MSE: 0.05665274478023982
Finished training EB misspecified, with SURE: -0.00383775770037019
Finished training EB misspecified, with in-sample MSE: 0.056597440330916876

 Training SURE of the models:
SURE-PM: -0.00383775770037019
NPMLE: 0.4397540503011272
SURE-PM, NPMLE init: -0.003872591495586093
experiment: d
Finished training EB misspecified with NPMLE init, with SURE: -0.008030967031219341
Finished training EB misspecified with NPMLE init, with in-sample MSE: 0.008583272751480358
Finished training EB misspecified, with SURE: -0.007180568015851563
Finished training EB misspecified, with in-sample MSE: 0.006582995017410682

 Training SURE of the models:
SURE-PM: -0.007180568015851563
NPMLE: 0.010546463787750718
SURE-PM, NPMLE init: -0.008030967031219341
experiment: e
Finished training EB misspecified with NPMLE init, with SURE: 0.14606313099099372
Finished training EB misspecified with NPMLE init, with in-sample MSE: 0.19233612522756452
Finished training EB misspecified, with SURE: 0.14608661285553143
Finished training EB misspecified, with in-sample MSE: 0.19246060067294657

 Training SURE of the models:
SURE-PM: 0.14608661285553143
NPMLE: 0.35324587228144394
SURE-PM, NPMLE init: 0.14606313099099372
n: 400
experiment: c
Finished training EB misspecified with NPMLE init, with SURE: 0.023607610048296267
Finished training EB misspecified with NPMLE init, with in-sample MSE: 0.055352765067140944
Finished training EB misspecified, with SURE: 0.023645620247994048
Finished training EB misspecified, with in-sample MSE: 0.055370888075460416

 Training SURE of the models:
SURE-PM: 0.023645620247994048
NPMLE: 0.39231203295450634
SURE-PM, NPMLE init: 0.023607610048296267
experiment: d
Finished training EB misspecified with NPMLE init, with SURE: 0.017193953777118746
Finished training EB misspecified with NPMLE init, with in-sample MSE: 0.011789136884806359
Finished training EB misspecified, with SURE: 0.017200971794446664
Finished training EB misspecified, with in-sample MSE: 0.011783732932462807

 Training SURE of the models:
SURE-PM: 0.017200971794446664
NPMLE: 0.11716757832449423
SURE-PM, NPMLE init: 0.017193953777118746
experiment: e
Finished training EB misspecified with NPMLE init, with SURE: 0.1813481708797528
Finished training EB misspecified with NPMLE init, with in-sample MSE: 0.1772496335644234
Finished training EB misspecified, with SURE: 0.18135162798217366
Finished training EB misspecified, with in-sample MSE: 0.17724964998612755

 Training SURE of the models:
SURE-PM: 0.18135162798217366
NPMLE: 0.29104088142675594
SURE-PM, NPMLE init: 0.1813481708797528
m: 636
n: 100
experiment: c
Finished training EB misspecified with NPMLE init, with SURE: -0.009779357816732101
Finished training EB misspecified with NPMLE init, with in-sample MSE: 0.0848753689114197
Finished training EB misspecified, with SURE: -0.009785037568123016
Finished training EB misspecified, with in-sample MSE: 0.08491801076640078

 Training SURE of the models:
SURE-PM: -0.009785037568123016
NPMLE: 0.2713367341663123
SURE-PM, NPMLE init: -0.009779357816732101
experiment: d
Finished training EB misspecified with NPMLE init, with SURE: -0.006093400311190731
Finished training EB misspecified with NPMLE init, with in-sample MSE: 0.011785798557483058
Finished training EB misspecified, with SURE: -0.00609137858545811
Finished training EB misspecified, with in-sample MSE: 0.011785689826325723

 Training SURE of the models:
SURE-PM: -0.00609137858545811
NPMLE: 0.11905295621673834
SURE-PM, NPMLE init: -0.006093400311190731
experiment: e
Finished training EB misspecified with NPMLE init, with SURE: 0.09140607353435996
Finished training EB misspecified with NPMLE init, with in-sample MSE: 0.2234754371580254
Finished training EB misspecified, with SURE: 0.09142372634057061
Finished training EB misspecified, with in-sample MSE: 0.22317097788105766

 Training SURE of the models:
SURE-PM: 0.09142372634057061
NPMLE: 0.43692766626363055
SURE-PM, NPMLE init: 0.09140607353435996
n: 200
experiment: c
Finished training EB misspecified with NPMLE init, with SURE: 0.007560806908389921
Finished training EB misspecified with NPMLE init, with in-sample MSE: 0.0632457844537032
Finished training EB misspecified, with SURE: 0.007580274180463036
Finished training EB misspecified, with in-sample MSE: 0.06320508574025857

 Training SURE of the models:
SURE-PM: 0.007580274180463036
NPMLE: 0.21092590362720437
SURE-PM, NPMLE init: 0.007560806908389921
experiment: d
Finished training EB misspecified with NPMLE init, with SURE: -0.010801869604596828
Finished training EB misspecified with NPMLE init, with in-sample MSE: 0.008300613727761027
Finished training EB misspecified, with SURE: -0.010798553665359166
Finished training EB misspecified, with in-sample MSE: 0.008298437517265105

 Training SURE of the models:
SURE-PM: -0.010798553665359166
NPMLE: 0.03113278514251263
SURE-PM, NPMLE init: -0.010801869604596828
experiment: e
Finished training EB misspecified with NPMLE init, with SURE: 0.1197013103823621
Finished training EB misspecified with NPMLE init, with in-sample MSE: 0.20768906964518483
Finished training EB misspecified, with SURE: 0.11970809418924376
Finished training EB misspecified, with in-sample MSE: 0.20768955156767008

 Training SURE of the models:
SURE-PM: 0.11970809418924376
NPMLE: 0.3074724590511327
SURE-PM, NPMLE init: 0.1197013103823621
n: 400
experiment: c
Finished training EB misspecified with NPMLE init, with SURE: 0.036512008623666076
Finished training EB misspecified with NPMLE init, with in-sample MSE: 0.07322858319486912
Finished training EB misspecified, with SURE: 0.03653659612561143
Finished training EB misspecified, with in-sample MSE: 0.07337918297339996

 Training SURE of the models:
SURE-PM: 0.03653659612561143
NPMLE: 0.3933478445561011
SURE-PM, NPMLE init: 0.036512008623666076
experiment: d
Finished training EB misspecified with NPMLE init, with SURE: 0.003945626331387313
Finished training EB misspecified with NPMLE init, with in-sample MSE: 0.006536418379912252
Finished training EB misspecified, with SURE: 0.003947009389068317
Finished training EB misspecified, with in-sample MSE: 0.006534814195082914

 Training SURE of the models:
SURE-PM: 0.003947009389068317
NPMLE: 0.05728437345704343
SURE-PM, NPMLE init: 0.003945626331387313
experiment: e
Finished training EB misspecified with NPMLE init, with SURE: 0.15612669215960556
Finished training EB misspecified with NPMLE init, with in-sample MSE: 0.1773268960530045
Finished training EB misspecified, with SURE: 0.15618786758683986
Finished training EB misspecified, with in-sample MSE: 0.17765965230318925

 Training SURE of the models:
SURE-PM: 0.15618786758683986
NPMLE: 0.32684436002277095
SURE-PM, NPMLE init: 0.15612669215960556
m: 637
n: 100
experiment: c
Finished training EB misspecified with NPMLE init, with SURE: -0.0759210548181695
Finished training EB misspecified with NPMLE init, with in-sample MSE: 0.06848618835431056
Finished training EB misspecified, with SURE: -0.07591838772718149
Finished training EB misspecified, with in-sample MSE: 0.06848394138358384

 Training SURE of the models:
SURE-PM: -0.07591838772718149
NPMLE: 0.2625053065949481
SURE-PM, NPMLE init: -0.0759210548181695
experiment: d
Finished training EB misspecified with NPMLE init, with SURE: -0.016998394055757374
Finished training EB misspecified with NPMLE init, with in-sample MSE: 0.003341832247162488
Finished training EB misspecified, with SURE: -0.016998085133018998
Finished training EB misspecified, with in-sample MSE: 0.0033433259830668227

 Training SURE of the models:
SURE-PM: -0.016998085133018998
NPMLE: -0.0018083171778776651
SURE-PM, NPMLE init: -0.016998394055757374
experiment: e
Finished training EB misspecified with NPMLE init, with SURE: 0.11741498667570462
Finished training EB misspecified with NPMLE init, with in-sample MSE: 0.19815472136863543
Finished training EB misspecified, with SURE: 0.1174239278576291
Finished training EB misspecified, with in-sample MSE: 0.19817800464904795

 Training SURE of the models:
SURE-PM: 0.1174239278576291
NPMLE: 0.3158637993591378
SURE-PM, NPMLE init: 0.11741498667570462
n: 200
experiment: c
Finished training EB misspecified with NPMLE init, with SURE: -0.0206742581735989
Finished training EB misspecified with NPMLE init, with in-sample MSE: 0.12811197161790336
Finished training EB misspecified, with SURE: -0.020621313459152333
Finished training EB misspecified, with in-sample MSE: 0.12815529936715983

 Training SURE of the models:
SURE-PM: -0.020621313459152333
NPMLE: 1.118090060219045
SURE-PM, NPMLE init: -0.0206742581735989
experiment: d
Finished training EB misspecified with NPMLE init, with SURE: 0.0033129122088245387
Finished training EB misspecified with NPMLE init, with in-sample MSE: 0.002815599224767952
Finished training EB misspecified, with SURE: 0.0033139757300968855
Finished training EB misspecified, with in-sample MSE: 0.0028183946838891303

 Training SURE of the models:
SURE-PM: 0.0033139757300968855
NPMLE: 0.06791150113091803
SURE-PM, NPMLE init: 0.0033129122088245387
experiment: e
Finished training EB misspecified with NPMLE init, with SURE: 0.1056212943697658
Finished training EB misspecified with NPMLE init, with in-sample MSE: 0.18576528552667287
Finished training EB misspecified, with SURE: 0.10562339008302413
Finished training EB misspecified, with in-sample MSE: 0.1857770785135633

 Training SURE of the models:
SURE-PM: 0.10562339008302413
NPMLE: 0.33085778915056957
SURE-PM, NPMLE init: 0.1056212943697658
n: 400
experiment: c
Finished training EB misspecified with NPMLE init, with SURE: 0.014829756671326634
Finished training EB misspecified with NPMLE init, with in-sample MSE: 0.055477635813966815
Finished training EB misspecified, with SURE: 0.014867610940855442
Finished training EB misspecified, with in-sample MSE: 0.05546071616038228

 Training SURE of the models:
SURE-PM: 0.014867610940855442
NPMLE: 0.5582706247106638
SURE-PM, NPMLE init: 0.014829756671326634
experiment: d
Finished training EB misspecified with NPMLE init, with SURE: -0.00207743954852198
Finished training EB misspecified with NPMLE init, with in-sample MSE: 0.012501074822728995
Finished training EB misspecified, with SURE: -0.0020797624694886886
Finished training EB misspecified, with in-sample MSE: 0.012506635126290373

 Training SURE of the models:
SURE-PM: -0.0020797624694886886
NPMLE: 0.14886954996777904
SURE-PM, NPMLE init: -0.00207743954852198
experiment: e
Finished training EB misspecified with NPMLE init, with SURE: 0.17734436409152354
Finished training EB misspecified with NPMLE init, with in-sample MSE: 0.1741210031058043
Finished training EB misspecified, with SURE: 0.1773477685674354
Finished training EB misspecified, with in-sample MSE: 0.1741168920569592

 Training SURE of the models:
SURE-PM: 0.1773477685674354
NPMLE: 0.3144566238027344
SURE-PM, NPMLE init: 0.17734436409152354
m: 638
n: 100
experiment: c
Finished training EB misspecified with NPMLE init, with SURE: -0.04684289776595065
Finished training EB misspecified with NPMLE init, with in-sample MSE: 0.06608920227273514
Finished training EB misspecified, with SURE: -0.04683354492707359
Finished training EB misspecified, with in-sample MSE: 0.06608064334857772

 Training SURE of the models:
SURE-PM: -0.04683354492707359
NPMLE: 0.4313223149776466
SURE-PM, NPMLE init: -0.04684289776595065
experiment: d
Finished training EB misspecified with NPMLE init, with SURE: -0.008400272647407246
Finished training EB misspecified with NPMLE init, with in-sample MSE: 0.006567295329678915
Finished training EB misspecified, with SURE: -0.008399798710199278
Finished training EB misspecified, with in-sample MSE: 0.006561489187661602

 Training SURE of the models:
SURE-PM: -0.008399798710199278
NPMLE: 0.004885790313038357
SURE-PM, NPMLE init: -0.008400272647407246
experiment: e
Finished training EB misspecified with NPMLE init, with SURE: 0.1263185703815542
Finished training EB misspecified with NPMLE init, with in-sample MSE: 0.1457830239903049
Finished training EB misspecified, with SURE: 0.12633518736450886
Finished training EB misspecified, with in-sample MSE: 0.14582529336125544

 Training SURE of the models:
SURE-PM: 0.12633518736450886
NPMLE: 0.3394540781930823
SURE-PM, NPMLE init: 0.1263185703815542
n: 200
experiment: c
Finished training EB misspecified with NPMLE init, with SURE: 0.03785256632770597
Finished training EB misspecified with NPMLE init, with in-sample MSE: 0.05187841408536552
Finished training EB misspecified, with SURE: 0.037851773396452015
Finished training EB misspecified, with in-sample MSE: 0.05187829603004289

 Training SURE of the models:
SURE-PM: 0.037851773396452015
NPMLE: 0.48680422229616804
SURE-PM, NPMLE init: 0.03785256632770597
experiment: d
Finished training EB misspecified with NPMLE init, with SURE: 0.006432240084116287
Finished training EB misspecified with NPMLE init, with in-sample MSE: 0.007924237065653136
Finished training EB misspecified, with SURE: 0.00643218695130912
Finished training EB misspecified, with in-sample MSE: 0.007918124522985924

 Training SURE of the models:
SURE-PM: 0.00643218695130912
NPMLE: 0.00997714135496171
SURE-PM, NPMLE init: 0.006432240084116287
experiment: e
Finished training EB misspecified with NPMLE init, with SURE: 0.1553531621068391
Finished training EB misspecified with NPMLE init, with in-sample MSE: 0.15629421609543617
Finished training EB misspecified, with SURE: 0.15536281493001433
Finished training EB misspecified, with in-sample MSE: 0.15628249952564258

 Training SURE of the models:
SURE-PM: 0.15536281493001433
NPMLE: 0.36135632359345216
SURE-PM, NPMLE init: 0.1553531621068391
n: 400
experiment: c
Finished training EB misspecified with NPMLE init, with SURE: 0.043790330660761684
Finished training EB misspecified with NPMLE init, with in-sample MSE: 0.06317929184747037
Finished training EB misspecified, with SURE: 0.043793929126754276
Finished training EB misspecified, with in-sample MSE: 0.06288124347111601

 Training SURE of the models:
SURE-PM: 0.043793929126754276
NPMLE: 0.4412511541137584
SURE-PM, NPMLE init: 0.043790330660761684
experiment: d
Finished training EB misspecified with NPMLE init, with SURE: 0.014789013936790739
Finished training EB misspecified with NPMLE init, with in-sample MSE: 0.009362324492984249
Finished training EB misspecified, with SURE: 0.014798966589067977
Finished training EB misspecified, with in-sample MSE: 0.009335763762623

 Training SURE of the models:
SURE-PM: 0.014798966589067977
NPMLE: 0.04964988710207107
SURE-PM, NPMLE init: 0.014789013936790739
experiment: e
Finished training EB misspecified with NPMLE init, with SURE: 0.15524186688110547
Finished training EB misspecified with NPMLE init, with in-sample MSE: 0.1723206133562525
Finished training EB misspecified, with SURE: 0.15524823858228787
Finished training EB misspecified, with in-sample MSE: 0.17229990094000996

 Training SURE of the models:
SURE-PM: 0.15524823858228787
NPMLE: 0.3032235327808934
SURE-PM, NPMLE init: 0.15524186688110547
m: 639
n: 100
experiment: c
Finished training EB misspecified with NPMLE init, with SURE: -0.016444444842187808
Finished training EB misspecified with NPMLE init, with in-sample MSE: 0.07689622787810535
Finished training EB misspecified, with SURE: -0.01652494858670707
Finished training EB misspecified, with in-sample MSE: 0.07267863838694741

 Training SURE of the models:
SURE-PM: -0.01652494858670707
NPMLE: 0.6932572443844575
SURE-PM, NPMLE init: -0.016444444842187808
experiment: d
Finished training EB misspecified with NPMLE init, with SURE: -0.0357536103582215
Finished training EB misspecified with NPMLE init, with in-sample MSE: 0.02522662196394518
Finished training EB misspecified, with SURE: -0.025506341090352328
Finished training EB misspecified, with in-sample MSE: 0.003542193810722663

 Training SURE of the models:
SURE-PM: -0.025506341090352328
NPMLE: -0.025395189805622848
SURE-PM, NPMLE init: -0.0357536103582215
experiment: e
Finished training EB misspecified with NPMLE init, with SURE: 0.08408998713615158
Finished training EB misspecified with NPMLE init, with in-sample MSE: 0.09308571358391707
Finished training EB misspecified, with SURE: 0.08408633635753862
Finished training EB misspecified, with in-sample MSE: 0.09309756261424433

 Training SURE of the models:
SURE-PM: 0.08408633635753862
NPMLE: 0.4086383184738114
SURE-PM, NPMLE init: 0.08408998713615158
n: 200
experiment: c
Finished training EB misspecified with NPMLE init, with SURE: -0.017136008338396635
Finished training EB misspecified with NPMLE init, with in-sample MSE: 0.09735968214447953
Finished training EB misspecified, with SURE: -0.01712572218297524
Finished training EB misspecified, with in-sample MSE: 0.09730857250411379

 Training SURE of the models:
SURE-PM: -0.01712572218297524
NPMLE: 0.8185054753022791
SURE-PM, NPMLE init: -0.017136008338396635
experiment: d
Finished training EB misspecified with NPMLE init, with SURE: 0.004337703577435974
Finished training EB misspecified with NPMLE init, with in-sample MSE: 0.004863862798215709
Finished training EB misspecified, with SURE: 0.004337994058734811
Finished training EB misspecified, with in-sample MSE: 0.004863920937536434

 Training SURE of the models:
SURE-PM: 0.004337994058734811
NPMLE: 0.0648346313011099
SURE-PM, NPMLE init: 0.004337703577435974
experiment: e
Finished training EB misspecified with NPMLE init, with SURE: 0.13335373483721097
Finished training EB misspecified with NPMLE init, with in-sample MSE: 0.14351549387614068
Finished training EB misspecified, with SURE: 0.1333548614267166
Finished training EB misspecified, with in-sample MSE: 0.1435420392351647

 Training SURE of the models:
SURE-PM: 0.1333548614267166
NPMLE: 0.2961261760326382
SURE-PM, NPMLE init: 0.13335373483721097
n: 400
experiment: c
Finished training EB misspecified with NPMLE init, with SURE: 0.052036826937916704
Finished training EB misspecified with NPMLE init, with in-sample MSE: 0.061116474537781976
Finished training EB misspecified, with SURE: 0.05204427163341002
Finished training EB misspecified, with in-sample MSE: 0.061111208247302214

 Training SURE of the models:
SURE-PM: 0.05204427163341002
NPMLE: 0.4206495920810173
SURE-PM, NPMLE init: 0.052036826937916704
experiment: d
Finished training EB misspecified with NPMLE init, with SURE: 0.008266345928536829
Finished training EB misspecified with NPMLE init, with in-sample MSE: 0.007396804241093188
Finished training EB misspecified, with SURE: 0.008271612059988253
Finished training EB misspecified, with in-sample MSE: 0.007393028709428328

 Training SURE of the models:
SURE-PM: 0.008271612059988253
NPMLE: 0.18466050507642962
SURE-PM, NPMLE init: 0.008266345928536829
experiment: e
Finished training EB misspecified with NPMLE init, with SURE: 0.16601673717122237
Finished training EB misspecified with NPMLE init, with in-sample MSE: 0.19386283752374087
Finished training EB misspecified, with SURE: 0.16605823394428437
Finished training EB misspecified, with in-sample MSE: 0.19452950519684642

 Training SURE of the models:
SURE-PM: 0.16605823394428437
NPMLE: 0.3392099458273499
SURE-PM, NPMLE init: 0.16601673717122237
m: 640
n: 100
experiment: c
Finished training EB misspecified with NPMLE init, with SURE: -0.01875760951497199
Finished training EB misspecified with NPMLE init, with in-sample MSE: 0.07179821566859208
Finished training EB misspecified, with SURE: -0.018755949623472292
Finished training EB misspecified, with in-sample MSE: 0.07179831198755558

 Training SURE of the models:
SURE-PM: -0.018755949623472292
NPMLE: 0.33108603026072403
SURE-PM, NPMLE init: -0.01875760951497199
experiment: d
Finished training EB misspecified with NPMLE init, with SURE: -0.03062201408713154
Finished training EB misspecified with NPMLE init, with in-sample MSE: 0.01056465592321194
Finished training EB misspecified, with SURE: -0.030621709564607028
Finished training EB misspecified, with in-sample MSE: 0.010559848665058453

 Training SURE of the models:
SURE-PM: -0.030621709564607028
NPMLE: 0.013194352086308142
SURE-PM, NPMLE init: -0.03062201408713154
experiment: e
Finished training EB misspecified with NPMLE init, with SURE: 0.1476432070052225
Finished training EB misspecified with NPMLE init, with in-sample MSE: 0.20703558707379532
Finished training EB misspecified, with SURE: 0.14764796270054859
Finished training EB misspecified, with in-sample MSE: 0.20699379800498197

 Training SURE of the models:
SURE-PM: 0.14764796270054859
NPMLE: 0.26347484038792607
SURE-PM, NPMLE init: 0.1476432070052225
n: 200
experiment: c
Finished training EB misspecified with NPMLE init, with SURE: -0.056350283095777345
Finished training EB misspecified with NPMLE init, with in-sample MSE: 0.07303863251762477
Finished training EB misspecified, with SURE: -0.056348302839055224
Finished training EB misspecified, with in-sample MSE: 0.07303371248866052

 Training SURE of the models:
SURE-PM: -0.056348302839055224
NPMLE: 0.6859566249981319
SURE-PM, NPMLE init: -0.056350283095777345
experiment: d
Finished training EB misspecified with NPMLE init, with SURE: 0.011106080253561324
Finished training EB misspecified with NPMLE init, with in-sample MSE: 0.016285905945984242
Finished training EB misspecified, with SURE: 0.011121817251923521
Finished training EB misspecified, with in-sample MSE: 0.016278044631907598

 Training SURE of the models:
SURE-PM: 0.011121817251923521
NPMLE: 0.01620798851584155
SURE-PM, NPMLE init: 0.011106080253561324
experiment: e
Finished training EB misspecified with NPMLE init, with SURE: 0.13193174053214154
Finished training EB misspecified with NPMLE init, with in-sample MSE: 0.1653423332487933
Finished training EB misspecified, with SURE: 0.131940134986212
Finished training EB misspecified, with in-sample MSE: 0.16534070189344735

 Training SURE of the models:
SURE-PM: 0.131940134986212
NPMLE: 0.29707547719197375
SURE-PM, NPMLE init: 0.13193174053214154
n: 400
experiment: c
Finished training EB misspecified with NPMLE init, with SURE: 0.05182179036989638
Finished training EB misspecified with NPMLE init, with in-sample MSE: 0.05999061053431729
Finished training EB misspecified, with SURE: 0.05182996654441617
Finished training EB misspecified, with in-sample MSE: 0.059965642736272716

 Training SURE of the models:
SURE-PM: 0.05182996654441617
NPMLE: 0.5068119094353616
SURE-PM, NPMLE init: 0.05182179036989638
experiment: d
Finished training EB misspecified with NPMLE init, with SURE: 0.0119536410148182
Finished training EB misspecified with NPMLE init, with in-sample MSE: 0.006317783765969404
Finished training EB misspecified, with SURE: 0.011953789962018515
Finished training EB misspecified, with in-sample MSE: 0.00631921960870658

 Training SURE of the models:
SURE-PM: 0.011953789962018515
NPMLE: 0.06209226142804503
SURE-PM, NPMLE init: 0.0119536410148182
experiment: e
Finished training EB misspecified with NPMLE init, with SURE: 0.16452968356904277
Finished training EB misspecified with NPMLE init, with in-sample MSE: 0.1884282098910674
Finished training EB misspecified, with SURE: 0.16453013065693223
Finished training EB misspecified, with in-sample MSE: 0.18843091035810955

 Training SURE of the models:
SURE-PM: 0.16453013065693223
NPMLE: 0.33576821154657355
SURE-PM, NPMLE init: 0.16452968356904277
m: 641
n: 100
experiment: c
Finished training EB misspecified with NPMLE init, with SURE: 0.09182218390680212
Finished training EB misspecified with NPMLE init, with in-sample MSE: 0.07841506946899987
Finished training EB misspecified, with SURE: 0.09182973369297855
Finished training EB misspecified, with in-sample MSE: 0.07841548592306145

 Training SURE of the models:
SURE-PM: 0.09182973369297855
NPMLE: 0.40075564446435996
SURE-PM, NPMLE init: 0.09182218390680212
experiment: d
Finished training EB misspecified with NPMLE init, with SURE: -0.015950887726696762
Finished training EB misspecified with NPMLE init, with in-sample MSE: 0.007488312869608759
Finished training EB misspecified, with SURE: -0.01594444754582792
Finished training EB misspecified, with in-sample MSE: 0.007482749421321164

 Training SURE of the models:
SURE-PM: -0.01594444754582792
NPMLE: 0.04538722705099879
SURE-PM, NPMLE init: -0.015950887726696762
experiment: e
Finished training EB misspecified with NPMLE init, with SURE: 0.1091211639276304
Finished training EB misspecified with NPMLE init, with in-sample MSE: 0.18929512737100918
Finished training EB misspecified, with SURE: 0.10993523590077878
Finished training EB misspecified, with in-sample MSE: 0.1931016254228625

 Training SURE of the models:
SURE-PM: 0.10993523590077878
NPMLE: 0.3571872420440383
SURE-PM, NPMLE init: 0.1091211639276304
n: 200
experiment: c
Finished training EB misspecified with NPMLE init, with SURE: 0.003892365702512919
Finished training EB misspecified with NPMLE init, with in-sample MSE: 0.05169605203269232
Finished training EB misspecified, with SURE: 0.002006630022390823
Finished training EB misspecified, with in-sample MSE: 0.06042013272685964

 Training SURE of the models:
SURE-PM: 0.002006630022390823
NPMLE: 0.7569482599250011
SURE-PM, NPMLE init: 0.003892365702512919
experiment: d
Finished training EB misspecified with NPMLE init, with SURE: -0.006437399586938817
Finished training EB misspecified with NPMLE init, with in-sample MSE: 0.005142791872124435
Finished training EB misspecified, with SURE: -0.006435268215707062
Finished training EB misspecified, with in-sample MSE: 0.005148798785164522

 Training SURE of the models:
SURE-PM: -0.006435268215707062
NPMLE: 0.04440139155882239
SURE-PM, NPMLE init: -0.006437399586938817
experiment: e
Finished training EB misspecified with NPMLE init, with SURE: 0.09860504746886242
Finished training EB misspecified with NPMLE init, with in-sample MSE: 0.18920093353807818
Finished training EB misspecified, with SURE: 0.10200952240498609
Finished training EB misspecified, with in-sample MSE: 0.18856258357786695

 Training SURE of the models:
SURE-PM: 0.10200952240498609
NPMLE: 0.38324888042058963
SURE-PM, NPMLE init: 0.09860504746886242
n: 400
experiment: c
Finished training EB misspecified with NPMLE init, with SURE: 0.022185658677561833
Finished training EB misspecified with NPMLE init, with in-sample MSE: 0.07683835351867387
Finished training EB misspecified, with SURE: 0.039098035723191205
Finished training EB misspecified, with in-sample MSE: 0.046796055719543525

 Training SURE of the models:
SURE-PM: 0.039098035723191205
NPMLE: 1.140811568817717
SURE-PM, NPMLE init: 0.022185658677561833
experiment: d
Finished training EB misspecified with NPMLE init, with SURE: -0.0021671822992573374
Finished training EB misspecified with NPMLE init, with in-sample MSE: 0.005351698919083139
Finished training EB misspecified, with SURE: -0.002212401737282246
Finished training EB misspecified, with in-sample MSE: 0.005292418233317818

 Training SURE of the models:
SURE-PM: -0.002212401737282246
NPMLE: 0.12345111617076927
SURE-PM, NPMLE init: -0.0021671822992573374
experiment: e
Finished training EB misspecified with NPMLE init, with SURE: 0.1519084482297049
Finished training EB misspecified with NPMLE init, with in-sample MSE: 0.17046799936661006
Finished training EB misspecified, with SURE: 0.1519118967396315
Finished training EB misspecified, with in-sample MSE: 0.17046371480127337

 Training SURE of the models:
SURE-PM: 0.1519118967396315
NPMLE: 0.31178186078820824
SURE-PM, NPMLE init: 0.1519084482297049
m: 642
n: 100
experiment: c
Finished training EB misspecified with NPMLE init, with SURE: 0.031649004458151705
Finished training EB misspecified with NPMLE init, with in-sample MSE: 0.08564087836427885
Finished training EB misspecified, with SURE: 0.0316362034406415
Finished training EB misspecified, with in-sample MSE: 0.08566019353304098

 Training SURE of the models:
SURE-PM: 0.0316362034406415
NPMLE: 0.8319067778484244
SURE-PM, NPMLE init: 0.031649004458151705
experiment: d
Finished training EB misspecified with NPMLE init, with SURE: -0.028807275266711976
Finished training EB misspecified with NPMLE init, with in-sample MSE: 0.005117916159749981
Finished training EB misspecified, with SURE: -0.028805349926662276
Finished training EB misspecified, with in-sample MSE: 0.005117789271542527

 Training SURE of the models:
SURE-PM: -0.028805349926662276
NPMLE: 0.046924278487675684
SURE-PM, NPMLE init: -0.028807275266711976
experiment: e
Finished training EB misspecified with NPMLE init, with SURE: 0.141077364295508
Finished training EB misspecified with NPMLE init, with in-sample MSE: 0.14977294069854077
Finished training EB misspecified, with SURE: 0.14108473570425722
Finished training EB misspecified, with in-sample MSE: 0.14977431824045812

 Training SURE of the models:
SURE-PM: 0.14108473570425722
NPMLE: 0.33082746148512415
SURE-PM, NPMLE init: 0.141077364295508
n: 200
experiment: c
Finished training EB misspecified with NPMLE init, with SURE: -0.004391100996572703
Finished training EB misspecified with NPMLE init, with in-sample MSE: 0.06364618874625202
Finished training EB misspecified, with SURE: -0.004365857856463436
Finished training EB misspecified, with in-sample MSE: 0.06363436731642055

 Training SURE of the models:
SURE-PM: -0.004365857856463436
NPMLE: 0.9455527327056668
SURE-PM, NPMLE init: -0.004391100996572703
experiment: d
Finished training EB misspecified with NPMLE init, with SURE: -0.022432134293172173
Finished training EB misspecified with NPMLE init, with in-sample MSE: 0.004027686399748956
Finished training EB misspecified, with SURE: -0.022430085735427367
Finished training EB misspecified, with in-sample MSE: 0.004027349486534349

 Training SURE of the models:
SURE-PM: -0.022430085735427367
NPMLE: -0.002721863702154703
SURE-PM, NPMLE init: -0.022432134293172173
experiment: e
Finished training EB misspecified with NPMLE init, with SURE: 0.14692584082706694
Finished training EB misspecified with NPMLE init, with in-sample MSE: 0.25729505870674996
Finished training EB misspecified, with SURE: 0.15302128043642546
Finished training EB misspecified, with in-sample MSE: 0.23678444249171185

 Training SURE of the models:
SURE-PM: 0.15302128043642546
NPMLE: 0.26958486574469814
SURE-PM, NPMLE init: 0.14692584082706694
n: 400
experiment: c
Finished training EB misspecified with NPMLE init, with SURE: 0.057998037657134564
Finished training EB misspecified with NPMLE init, with in-sample MSE: 0.06652575697460666
Finished training EB misspecified, with SURE: 0.058019524306109745
Finished training EB misspecified, with in-sample MSE: 0.06652689065150995

 Training SURE of the models:
SURE-PM: 0.058019524306109745
NPMLE: 0.7113580239130991
SURE-PM, NPMLE init: 0.057998037657134564
experiment: d
Finished training EB misspecified with NPMLE init, with SURE: -0.0009235913172889099
Finished training EB misspecified with NPMLE init, with in-sample MSE: 0.026654891172405114
Finished training EB misspecified, with SURE: -0.0009236482866950624
Finished training EB misspecified, with in-sample MSE: 0.026656772278809977

 Training SURE of the models:
SURE-PM: -0.0009236482866950624
NPMLE: 0.1854427978591112
SURE-PM, NPMLE init: -0.0009235913172889099
experiment: e
Finished training EB misspecified with NPMLE init, with SURE: 0.16995377373898685
Finished training EB misspecified with NPMLE init, with in-sample MSE: 0.1815835390133487
Finished training EB misspecified, with SURE: 0.1699565901386985
Finished training EB misspecified, with in-sample MSE: 0.18158229021835418

 Training SURE of the models:
SURE-PM: 0.1699565901386985
NPMLE: 0.35301054709360963
SURE-PM, NPMLE init: 0.16995377373898685
m: 643
n: 100
experiment: c
Finished training EB misspecified with NPMLE init, with SURE: -0.0655683805556287
Finished training EB misspecified with NPMLE init, with in-sample MSE: 0.0648889469440644
Finished training EB misspecified, with SURE: -0.06556374168221432
Finished training EB misspecified, with in-sample MSE: 0.06488896543523863

 Training SURE of the models:
SURE-PM: -0.06556374168221432
NPMLE: 0.7331546531735857
SURE-PM, NPMLE init: -0.0655683805556287
experiment: d
Finished training EB misspecified with NPMLE init, with SURE: -0.02052030708352074
Finished training EB misspecified with NPMLE init, with in-sample MSE: 0.00946352252704467
Finished training EB misspecified, with SURE: -0.020520178884687504
Finished training EB misspecified, with in-sample MSE: 0.009472444811531852

 Training SURE of the models:
SURE-PM: -0.020520178884687504
NPMLE: 0.034571561157720476
SURE-PM, NPMLE init: -0.02052030708352074
experiment: e
Finished training EB misspecified with NPMLE init, with SURE: 0.15660714005353538
Finished training EB misspecified with NPMLE init, with in-sample MSE: 0.24524160981609583
Finished training EB misspecified, with SURE: 0.1566153727820475
Finished training EB misspecified, with in-sample MSE: 0.2452363288068011

 Training SURE of the models:
SURE-PM: 0.1566153727820475
NPMLE: 0.28897003213726213
SURE-PM, NPMLE init: 0.15660714005353538
n: 200
experiment: c
Finished training EB misspecified with NPMLE init, with SURE: 0.0793922921757568
Finished training EB misspecified with NPMLE init, with in-sample MSE: 0.09024225868054363
Finished training EB misspecified, with SURE: 0.07939803949881714
Finished training EB misspecified, with in-sample MSE: 0.09023645339111135

 Training SURE of the models:
SURE-PM: 0.07939803949881714
NPMLE: 0.7983945360251573
SURE-PM, NPMLE init: 0.0793922921757568
experiment: d
Finished training EB misspecified with NPMLE init, with SURE: 0.0016265560758965414
Finished training EB misspecified with NPMLE init, with in-sample MSE: 0.008670674198463409
Finished training EB misspecified, with SURE: 0.0016266686914503837
Finished training EB misspecified, with in-sample MSE: 0.008709674599650788

 Training SURE of the models:
SURE-PM: 0.0016266686914503837
NPMLE: 0.002387437098749423
SURE-PM, NPMLE init: 0.0016265560758965414
experiment: e
Finished training EB misspecified with NPMLE init, with SURE: 0.16767599203301747
Finished training EB misspecified with NPMLE init, with in-sample MSE: 0.17346219960590584
Finished training EB misspecified, with SURE: 0.16762779186681104
Finished training EB misspecified, with in-sample MSE: 0.17342737737673275

 Training SURE of the models:
SURE-PM: 0.16762779186681104
NPMLE: 0.2909863293400189
SURE-PM, NPMLE init: 0.16767599203301747
n: 400
experiment: c
Finished training EB misspecified with NPMLE init, with SURE: 0.0592329003769958
Finished training EB misspecified with NPMLE init, with in-sample MSE: 0.061955326947731114
Finished training EB misspecified, with SURE: 0.059194813404357664
Finished training EB misspecified, with in-sample MSE: 0.06185875034736449

 Training SURE of the models:
SURE-PM: 0.059194813404357664
NPMLE: 0.5224431637254948
SURE-PM, NPMLE init: 0.0592329003769958
experiment: d
Finished training EB misspecified with NPMLE init, with SURE: 0.021611556762389555
Finished training EB misspecified with NPMLE init, with in-sample MSE: 0.006470237467968173
Finished training EB misspecified, with SURE: 0.021620607942232795
Finished training EB misspecified, with in-sample MSE: 0.006470210545121362

 Training SURE of the models:
SURE-PM: 0.021620607942232795
NPMLE: 0.07694758394431349
SURE-PM, NPMLE init: 0.021611556762389555
experiment: e
Finished training EB misspecified with NPMLE init, with SURE: 0.16300642044398525
Finished training EB misspecified with NPMLE init, with in-sample MSE: 0.18849700379138068
Finished training EB misspecified, with SURE: 0.16301028054321212
Finished training EB misspecified, with in-sample MSE: 0.18849501656808962

 Training SURE of the models:
SURE-PM: 0.16301028054321212
NPMLE: 0.35511355224034413
SURE-PM, NPMLE init: 0.16300642044398525
m: 644
n: 100
experiment: c
Finished training EB misspecified with NPMLE init, with SURE: -0.03819272870332185
Finished training EB misspecified with NPMLE init, with in-sample MSE: 0.06506228522471796
Finished training EB misspecified, with SURE: -0.03819317396169808
Finished training EB misspecified, with in-sample MSE: 0.06506465377213694

 Training SURE of the models:
SURE-PM: -0.03819317396169808
NPMLE: 0.6312508208150959
SURE-PM, NPMLE init: -0.03819272870332185
experiment: d
Finished training EB misspecified with NPMLE init, with SURE: 0.010263174804152548
Finished training EB misspecified with NPMLE init, with in-sample MSE: 0.014609353488693357
Finished training EB misspecified, with SURE: 0.010263249795729764
Finished training EB misspecified, with in-sample MSE: 0.014609894306370406

 Training SURE of the models:
SURE-PM: 0.010263249795729764
NPMLE: 0.07214554086272262
SURE-PM, NPMLE init: 0.010263174804152548
experiment: e
Finished training EB misspecified with NPMLE init, with SURE: 0.1511252087785003
Finished training EB misspecified with NPMLE init, with in-sample MSE: 0.20481412815619757
Finished training EB misspecified, with SURE: 0.15113795941108174
Finished training EB misspecified, with in-sample MSE: 0.2046470669376966

 Training SURE of the models:
SURE-PM: 0.15113795941108174
NPMLE: 0.36458880432696206
SURE-PM, NPMLE init: 0.1511252087785003
n: 200
experiment: c
Finished training EB misspecified with NPMLE init, with SURE: 0.06645873363386037
Finished training EB misspecified with NPMLE init, with in-sample MSE: 0.06140417815907205
Finished training EB misspecified, with SURE: 0.06648528573174631
Finished training EB misspecified, with in-sample MSE: 0.06149662181940831

 Training SURE of the models:
SURE-PM: 0.06648528573174631
NPMLE: 0.7487550099852524
SURE-PM, NPMLE init: 0.06645873363386037
experiment: d
Finished training EB misspecified with NPMLE init, with SURE: 0.023860265882196946
Finished training EB misspecified with NPMLE init, with in-sample MSE: 0.009683292391206948
Finished training EB misspecified, with SURE: 0.023861735361569637
Finished training EB misspecified, with in-sample MSE: 0.00968323814090017

 Training SURE of the models:
SURE-PM: 0.023861735361569637
NPMLE: 0.12206118742565206
SURE-PM, NPMLE init: 0.023860265882196946
experiment: e
Finished training EB misspecified with NPMLE init, with SURE: 0.16000719891116472
Finished training EB misspecified with NPMLE init, with in-sample MSE: 0.19312298505652245
Finished training EB misspecified, with SURE: 0.16000516308970258
Finished training EB misspecified, with in-sample MSE: 0.193137131002298

 Training SURE of the models:
SURE-PM: 0.16000516308970258
NPMLE: 0.3138604443942505
SURE-PM, NPMLE init: 0.16000719891116472
n: 400
experiment: c
Finished training EB misspecified with NPMLE init, with SURE: 0.06793383819739333
Finished training EB misspecified with NPMLE init, with in-sample MSE: 0.06570728951395866
Finished training EB misspecified, with SURE: 0.06795934299172629
Finished training EB misspecified, with in-sample MSE: 0.06566420424805411

 Training SURE of the models:
SURE-PM: 0.06795934299172629
NPMLE: 0.6294295393814404
SURE-PM, NPMLE init: 0.06793383819739333
experiment: d
Finished training EB misspecified with NPMLE init, with SURE: 0.0037786632895601712
Finished training EB misspecified with NPMLE init, with in-sample MSE: 0.013773871510237028
Finished training EB misspecified, with SURE: 0.0037873767912662616
Finished training EB misspecified, with in-sample MSE: 0.013842642397050707

 Training SURE of the models:
SURE-PM: 0.0037873767912662616
NPMLE: 0.04973173834357439
SURE-PM, NPMLE init: 0.0037786632895601712
experiment: e
Finished training EB misspecified with NPMLE init, with SURE: 0.1577693805220708
Finished training EB misspecified with NPMLE init, with in-sample MSE: 0.2110452195378676
Finished training EB misspecified, with SURE: 0.1577838843890408
Finished training EB misspecified, with in-sample MSE: 0.21102990650480252

 Training SURE of the models:
SURE-PM: 0.1577838843890408
NPMLE: 0.3099090330981853
SURE-PM, NPMLE init: 0.1577693805220708
m: 645
n: 100
experiment: c
Finished training EB misspecified with NPMLE init, with SURE: 0.003887257456489266
Finished training EB misspecified with NPMLE init, with in-sample MSE: 0.08731835588205582
Finished training EB misspecified, with SURE: 0.0038876681940901393
Finished training EB misspecified, with in-sample MSE: 0.08731847551124038

 Training SURE of the models:
SURE-PM: 0.0038876681940901393
NPMLE: 0.5150383906216198
SURE-PM, NPMLE init: 0.003887257456489266
experiment: d
Finished training EB misspecified with NPMLE init, with SURE: 0.019255843125919513
Finished training EB misspecified with NPMLE init, with in-sample MSE: 0.015788924215309072
Finished training EB misspecified, with SURE: 0.019256002798309576
Finished training EB misspecified, with in-sample MSE: 0.015789842099722437

 Training SURE of the models:
SURE-PM: 0.019256002798309576
NPMLE: 0.09688572168750938
SURE-PM, NPMLE init: 0.019255843125919513
experiment: e
Finished training EB misspecified with NPMLE init, with SURE: 0.16923727947063424
Finished training EB misspecified with NPMLE init, with in-sample MSE: 0.2801818985532843
Finished training EB misspecified, with SURE: 0.16923689398824618
Finished training EB misspecified, with in-sample MSE: 0.2802212980806017

 Training SURE of the models:
SURE-PM: 0.16923689398824618
NPMLE: 0.2520122960842117
SURE-PM, NPMLE init: 0.16923727947063424
n: 200
experiment: c
Finished training EB misspecified with NPMLE init, with SURE: 0.15171856208276538
Finished training EB misspecified with NPMLE init, with in-sample MSE: 0.1073705266657312
Finished training EB misspecified, with SURE: 0.15171891010153615
Finished training EB misspecified, with in-sample MSE: 0.107369816626228

 Training SURE of the models:
SURE-PM: 0.15171891010153615
NPMLE: 0.5773637442936764
SURE-PM, NPMLE init: 0.15171856208276538
experiment: d
Finished training EB misspecified with NPMLE init, with SURE: 0.021534145489513056
Finished training EB misspecified with NPMLE init, with in-sample MSE: 0.01933300918683883
Finished training EB misspecified, with SURE: 0.021536869562180386
Finished training EB misspecified, with in-sample MSE: 0.01932619865524259

 Training SURE of the models:
SURE-PM: 0.021536869562180386
NPMLE: 0.06655044638946678
SURE-PM, NPMLE init: 0.021534145489513056
experiment: e
Finished training EB misspecified with NPMLE init, with SURE: 0.10388701962859813
Finished training EB misspecified with NPMLE init, with in-sample MSE: 0.2455722344327304
Finished training EB misspecified, with SURE: 0.1038905678996246
Finished training EB misspecified, with in-sample MSE: 0.2455840179505802

 Training SURE of the models:
SURE-PM: 0.1038905678996246
NPMLE: 0.40264674121094907
SURE-PM, NPMLE init: 0.10388701962859813
n: 400
experiment: c
Finished training EB misspecified with NPMLE init, with SURE: 0.07971086977746467
Finished training EB misspecified with NPMLE init, with in-sample MSE: 0.07500469841833293
Finished training EB misspecified, with SURE: 0.07971211092807408
Finished training EB misspecified, with in-sample MSE: 0.07500362506761699

 Training SURE of the models:
SURE-PM: 0.07971211092807408
NPMLE: 0.8595487741401263
SURE-PM, NPMLE init: 0.07971086977746467
experiment: d
Finished training EB misspecified with NPMLE init, with SURE: 0.013953634661049232
Finished training EB misspecified with NPMLE init, with in-sample MSE: 0.005114496358822065
Finished training EB misspecified, with SURE: 0.013959105431321514
Finished training EB misspecified, with in-sample MSE: 0.005110079486449746

 Training SURE of the models:
SURE-PM: 0.013959105431321514
NPMLE: 0.025832929890244997
SURE-PM, NPMLE init: 0.013953634661049232
experiment: e
Finished training EB misspecified with NPMLE init, with SURE: 0.17149545652553783
Finished training EB misspecified with NPMLE init, with in-sample MSE: 0.17384690746893675
Finished training EB misspecified, with SURE: 0.1708364132264129
Finished training EB misspecified, with in-sample MSE: 0.17238746349226303

 Training SURE of the models:
SURE-PM: 0.1708364132264129
NPMLE: 0.3030351884883277
SURE-PM, NPMLE init: 0.17149545652553783
m: 646
n: 100
experiment: c
Finished training EB misspecified with NPMLE init, with SURE: 0.013004984592362732
Finished training EB misspecified with NPMLE init, with in-sample MSE: 0.056910590937411555
Finished training EB misspecified, with SURE: 0.013022868937511305
Finished training EB misspecified, with in-sample MSE: 0.05691933008747159

 Training SURE of the models:
SURE-PM: 0.013022868937511305
NPMLE: 0.5655944670458521
SURE-PM, NPMLE init: 0.013004984592362732
experiment: d
Finished training EB misspecified with NPMLE init, with SURE: -0.02092379610032907
Finished training EB misspecified with NPMLE init, with in-sample MSE: 0.007875990144973106
Finished training EB misspecified, with SURE: -0.020923621440256942
Finished training EB misspecified, with in-sample MSE: 0.007876199000342112

 Training SURE of the models:
SURE-PM: -0.020923621440256942
NPMLE: 0.008668728991181159
SURE-PM, NPMLE init: -0.02092379610032907
experiment: e
Finished training EB misspecified with NPMLE init, with SURE: 0.11680287308523532
Finished training EB misspecified with NPMLE init, with in-sample MSE: 0.15608617426814445
Finished training EB misspecified, with SURE: 0.1168047534159146
Finished training EB misspecified, with in-sample MSE: 0.15613959018969326

 Training SURE of the models:
SURE-PM: 0.1168047534159146
NPMLE: 0.29905278836121646
SURE-PM, NPMLE init: 0.11680287308523532
n: 200
experiment: c
Finished training EB misspecified with NPMLE init, with SURE: 0.042798434085573545
Finished training EB misspecified with NPMLE init, with in-sample MSE: 0.06138859925569862
Finished training EB misspecified, with SURE: 0.04281113616246671
Finished training EB misspecified, with in-sample MSE: 0.0612829958160842

 Training SURE of the models:
SURE-PM: 0.04281113616246671
NPMLE: 0.28978106605771425
SURE-PM, NPMLE init: 0.042798434085573545
experiment: d
Finished training EB misspecified with NPMLE init, with SURE: 0.007541630684728471
Finished training EB misspecified with NPMLE init, with in-sample MSE: 0.01057456348130956
Finished training EB misspecified, with SURE: 0.007542443212453236
Finished training EB misspecified, with in-sample MSE: 0.010575056693703767

 Training SURE of the models:
SURE-PM: 0.007542443212453236
NPMLE: 0.10727898658607206
SURE-PM, NPMLE init: 0.007541630684728471
experiment: e
Finished training EB misspecified with NPMLE init, with SURE: 0.15713051488387547
Finished training EB misspecified with NPMLE init, with in-sample MSE: 0.2293013401264853
Finished training EB misspecified, with SURE: 0.15713055010661867
Finished training EB misspecified, with in-sample MSE: 0.22930643451241126

 Training SURE of the models:
SURE-PM: 0.15713055010661867
NPMLE: 0.6941199799300218
SURE-PM, NPMLE init: 0.15713051488387547
n: 400
experiment: c
Finished training EB misspecified with NPMLE init, with SURE: 0.014668850349534425
Finished training EB misspecified with NPMLE init, with in-sample MSE: 0.10129694343622495
Finished training EB misspecified, with SURE: 0.04500516512672164
Finished training EB misspecified, with in-sample MSE: 0.06117295398726791

 Training SURE of the models:
SURE-PM: 0.04500516512672164
NPMLE: 0.9312937843711637
SURE-PM, NPMLE init: 0.014668850349534425
experiment: d
Finished training EB misspecified with NPMLE init, with SURE: -0.019760146992098004
Finished training EB misspecified with NPMLE init, with in-sample MSE: 0.003981101033246085
Finished training EB misspecified, with SURE: -0.019757299081189412
Finished training EB misspecified, with in-sample MSE: 0.0039822686362227366

 Training SURE of the models:
SURE-PM: -0.019757299081189412
NPMLE: 0.013747557555613384
SURE-PM, NPMLE init: -0.019760146992098004
experiment: e
Finished training EB misspecified with NPMLE init, with SURE: 0.16217838118105726
Finished training EB misspecified with NPMLE init, with in-sample MSE: 0.16247610287436945
Finished training EB misspecified, with SURE: 0.16218334549938562
Finished training EB misspecified, with in-sample MSE: 0.16247341597478243

 Training SURE of the models:
SURE-PM: 0.16218334549938562
NPMLE: 0.34946031474637207
SURE-PM, NPMLE init: 0.16217838118105726
m: 647
n: 100
experiment: c
Finished training EB misspecified with NPMLE init, with SURE: 0.011998667262451052
Finished training EB misspecified with NPMLE init, with in-sample MSE: 0.06134410452196096
Finished training EB misspecified, with SURE: 0.012017260345890506
Finished training EB misspecified, with in-sample MSE: 0.06139630788245853

 Training SURE of the models:
SURE-PM: 0.012017260345890506
NPMLE: 0.2814305346011386
SURE-PM, NPMLE init: 0.011998667262451052
experiment: d
Finished training EB misspecified with NPMLE init, with SURE: 0.02816172302279375
Finished training EB misspecified with NPMLE init, with in-sample MSE: 0.005526557973932018
Finished training EB misspecified, with SURE: 0.028166212510139028
Finished training EB misspecified, with in-sample MSE: 0.005523624653377436

 Training SURE of the models:
SURE-PM: 0.028166212510139028
NPMLE: 0.1408082502564203
SURE-PM, NPMLE init: 0.02816172302279375
experiment: e
Finished training EB misspecified with NPMLE init, with SURE: 0.09906735526655452
Finished training EB misspecified with NPMLE init, with in-sample MSE: 0.23285658127109218
Finished training EB misspecified, with SURE: 0.09907568692922546
Finished training EB misspecified, with in-sample MSE: 0.232866462312938

 Training SURE of the models:
SURE-PM: 0.09907568692922546
NPMLE: 0.3405371485667334
SURE-PM, NPMLE init: 0.09906735526655452
n: 200
experiment: c
Finished training EB misspecified with NPMLE init, with SURE: 0.08116768983415731
Finished training EB misspecified with NPMLE init, with in-sample MSE: 0.057105478800138915
Finished training EB misspecified, with SURE: 0.08116846887462935
Finished training EB misspecified, with in-sample MSE: 0.05710224132184636

 Training SURE of the models:
SURE-PM: 0.08116846887462935
NPMLE: 0.6745873034847101
SURE-PM, NPMLE init: 0.08116768983415731
experiment: d
Finished training EB misspecified with NPMLE init, with SURE: -0.013665641698940635
Finished training EB misspecified with NPMLE init, with in-sample MSE: 0.007356344029472262
Finished training EB misspecified, with SURE: -0.013542158978484622
Finished training EB misspecified, with in-sample MSE: 0.007098439165924083

 Training SURE of the models:
SURE-PM: -0.013542158978484622
NPMLE: 0.014874173543713844
SURE-PM, NPMLE init: -0.013665641698940635
experiment: e
Finished training EB misspecified with NPMLE init, with SURE: 0.14760451992814358
Finished training EB misspecified with NPMLE init, with in-sample MSE: 0.1865117276282269
Finished training EB misspecified, with SURE: 0.1476116718074979
Finished training EB misspecified, with in-sample MSE: 0.18653570892541255

 Training SURE of the models:
SURE-PM: 0.1476116718074979
NPMLE: 0.29029383150313826
SURE-PM, NPMLE init: 0.14760451992814358
n: 400
experiment: c
Finished training EB misspecified with NPMLE init, with SURE: 0.06947668270790047
Finished training EB misspecified with NPMLE init, with in-sample MSE: 0.09491209463409404
Finished training EB misspecified, with SURE: 0.08004933045218941
Finished training EB misspecified, with in-sample MSE: 0.058125043390982484

 Training SURE of the models:
SURE-PM: 0.08004933045218941
NPMLE: 0.8204251931261624
SURE-PM, NPMLE init: 0.06947668270790047
experiment: d
Finished training EB misspecified with NPMLE init, with SURE: 0.01021055839046479
Finished training EB misspecified with NPMLE init, with in-sample MSE: 0.01501405520378343
Finished training EB misspecified, with SURE: 0.010210356416712418
Finished training EB misspecified, with in-sample MSE: 0.015015217539372046

 Training SURE of the models:
SURE-PM: 0.010210356416712418
NPMLE: 0.05022782317420137
SURE-PM, NPMLE init: 0.01021055839046479
experiment: e
Finished training EB misspecified with NPMLE init, with SURE: 0.17887412507605066
Finished training EB misspecified with NPMLE init, with in-sample MSE: 0.1717831083365603
Finished training EB misspecified, with SURE: 0.17887975602591413
Finished training EB misspecified, with in-sample MSE: 0.1717792870587376

 Training SURE of the models:
SURE-PM: 0.17887975602591413
NPMLE: 0.32778876124507256
SURE-PM, NPMLE init: 0.17887412507605066
m: 648
n: 100
experiment: c
Finished training EB misspecified with NPMLE init, with SURE: 0.05617016195785638
Finished training EB misspecified with NPMLE init, with in-sample MSE: 0.0729209179746631
Finished training EB misspecified, with SURE: 0.05615577014888388
Finished training EB misspecified, with in-sample MSE: 0.07295237378477248

 Training SURE of the models:
SURE-PM: 0.05615577014888388
NPMLE: 0.6219498324070195
SURE-PM, NPMLE init: 0.05617016195785638
experiment: d
Finished training EB misspecified with NPMLE init, with SURE: -0.005539436062003027
Finished training EB misspecified with NPMLE init, with in-sample MSE: 0.0059244300910753726
Finished training EB misspecified, with SURE: -0.005537370443984013
Finished training EB misspecified, with in-sample MSE: 0.005930895067134989

 Training SURE of the models:
SURE-PM: -0.005537370443984013
NPMLE: 0.03570844743842276
SURE-PM, NPMLE init: -0.005539436062003027
experiment: e
Finished training EB misspecified with NPMLE init, with SURE: 0.15568084189080245
Finished training EB misspecified with NPMLE init, with in-sample MSE: 0.22291519565846923
Finished training EB misspecified, with SURE: 0.1556786557063004
Finished training EB misspecified, with in-sample MSE: 0.22290982481687693

 Training SURE of the models:
SURE-PM: 0.1556786557063004
NPMLE: 0.2734517764635226
SURE-PM, NPMLE init: 0.15568084189080245
n: 200
experiment: c
Finished training EB misspecified with NPMLE init, with SURE: 0.015615015213907455
Finished training EB misspecified with NPMLE init, with in-sample MSE: 0.059831155796404356
Finished training EB misspecified, with SURE: 0.015630123492588695
Finished training EB misspecified, with in-sample MSE: 0.059831677378643276

 Training SURE of the models:
SURE-PM: 0.015630123492588695
NPMLE: 0.781430015661497
SURE-PM, NPMLE init: 0.015615015213907455
experiment: d
Finished training EB misspecified with NPMLE init, with SURE: 0.0007450210443551697
Finished training EB misspecified with NPMLE init, with in-sample MSE: 0.005806613243057581
Finished training EB misspecified, with SURE: 0.000757592519602035
Finished training EB misspecified, with in-sample MSE: 0.005773676948425694

 Training SURE of the models:
SURE-PM: 0.000757592519602035
NPMLE: 0.022328184676600814
SURE-PM, NPMLE init: 0.0007450210443551697
experiment: e
Finished training EB misspecified with NPMLE init, with SURE: 0.16546766215193487
Finished training EB misspecified with NPMLE init, with in-sample MSE: 0.19891363114464894
Finished training EB misspecified, with SURE: 0.1654769442823867
Finished training EB misspecified, with in-sample MSE: 0.19898394842450506

 Training SURE of the models:
SURE-PM: 0.1654769442823867
NPMLE: 0.3168510390277665
SURE-PM, NPMLE init: 0.16546766215193487
n: 400
experiment: c
Finished training EB misspecified with NPMLE init, with SURE: 0.015457574583149452
Finished training EB misspecified with NPMLE init, with in-sample MSE: 0.05746082379667589
Finished training EB misspecified, with SURE: 0.015510609649442486
Finished training EB misspecified, with in-sample MSE: 0.057456262090943025

 Training SURE of the models:
SURE-PM: 0.015510609649442486
NPMLE: 0.6792577004946633
SURE-PM, NPMLE init: 0.015457574583149452
experiment: d
Finished training EB misspecified with NPMLE init, with SURE: 0.003393215483047296
Finished training EB misspecified with NPMLE init, with in-sample MSE: 0.004975025506673971
Finished training EB misspecified, with SURE: 0.0033940319701309817
Finished training EB misspecified, with in-sample MSE: 0.004975062168626924

 Training SURE of the models:
SURE-PM: 0.0033940319701309817
NPMLE: 0.01933533566171981
SURE-PM, NPMLE init: 0.003393215483047296
experiment: e
Finished training EB misspecified with NPMLE init, with SURE: 0.1667499333321962
Finished training EB misspecified with NPMLE init, with in-sample MSE: 0.18489246817882435
Finished training EB misspecified, with SURE: 0.1667533623908974
Finished training EB misspecified, with in-sample MSE: 0.18489871220149368

 Training SURE of the models:
SURE-PM: 0.1667533623908974
NPMLE: 0.3105304402303222
SURE-PM, NPMLE init: 0.1667499333321962
m: 649
n: 100
experiment: c
Finished training EB misspecified with NPMLE init, with SURE: -0.07850639926113821
Finished training EB misspecified with NPMLE init, with in-sample MSE: 0.07732828387074198
Finished training EB misspecified, with SURE: -0.07868658195793174
Finished training EB misspecified, with in-sample MSE: 0.07496387939730643

 Training SURE of the models:
SURE-PM: -0.07868658195793174
NPMLE: 0.7094446488902443
SURE-PM, NPMLE init: -0.07850639926113821
experiment: d
Finished training EB misspecified with NPMLE init, with SURE: -0.03300702278589135
Finished training EB misspecified with NPMLE init, with in-sample MSE: 0.099595478824358
Finished training EB misspecified, with SURE: -0.03301053339191988
Finished training EB misspecified, with in-sample MSE: 0.09958966787394177

 Training SURE of the models:
SURE-PM: -0.03301053339191988
NPMLE: 0.34601938077913075
SURE-PM, NPMLE init: -0.03300702278589135
experiment: e
Finished training EB misspecified with NPMLE init, with SURE: 0.13794158109094995
Finished training EB misspecified with NPMLE init, with in-sample MSE: 0.21037891606674883
Finished training EB misspecified, with SURE: 0.13794614145029171
Finished training EB misspecified, with in-sample MSE: 0.21023271459254772

 Training SURE of the models:
SURE-PM: 0.13794614145029171
NPMLE: 0.31268390195438106
SURE-PM, NPMLE init: 0.13794158109094995
n: 200
experiment: c
Finished training EB misspecified with NPMLE init, with SURE: -0.015616785767754778
Finished training EB misspecified with NPMLE init, with in-sample MSE: 0.06356766671096065
Finished training EB misspecified, with SURE: -0.015621925121153808
Finished training EB misspecified, with in-sample MSE: 0.06356397521598148

 Training SURE of the models:
SURE-PM: -0.015621925121153808
NPMLE: 0.6507289200536596
SURE-PM, NPMLE init: -0.015616785767754778
experiment: d
Finished training EB misspecified with NPMLE init, with SURE: 0.028472035506566993
Finished training EB misspecified with NPMLE init, with in-sample MSE: 0.013854743943112638
Finished training EB misspecified, with SURE: 0.028466016343986968
Finished training EB misspecified, with in-sample MSE: 0.013794078412494882

 Training SURE of the models:
SURE-PM: 0.028466016343986968
NPMLE: 0.23404343028329314
SURE-PM, NPMLE init: 0.028472035506566993
experiment: e
Finished training EB misspecified with NPMLE init, with SURE: 0.12533996448100596
Finished training EB misspecified with NPMLE init, with in-sample MSE: 0.17488891665772993
Finished training EB misspecified, with SURE: 0.12534163938715154
Finished training EB misspecified, with in-sample MSE: 0.1748905121862138

 Training SURE of the models:
SURE-PM: 0.12534163938715154
NPMLE: 0.35740951941504095
SURE-PM, NPMLE init: 0.12533996448100596
n: 400
experiment: c
Finished training EB misspecified with NPMLE init, with SURE: 0.037226378433532194
Finished training EB misspecified with NPMLE init, with in-sample MSE: 0.06186138772370816
Finished training EB misspecified, with SURE: 0.037224480855512145
Finished training EB misspecified, with in-sample MSE: 0.061857645032421436

 Training SURE of the models:
SURE-PM: 0.037224480855512145
NPMLE: 0.7761181119153339
SURE-PM, NPMLE init: 0.037226378433532194
experiment: d
Finished training EB misspecified with NPMLE init, with SURE: 0.014816699078963396
Finished training EB misspecified with NPMLE init, with in-sample MSE: 0.00973342883285641
Finished training EB misspecified, with SURE: 0.014816999698358178
Finished training EB misspecified, with in-sample MSE: 0.009726804994956014

 Training SURE of the models:
SURE-PM: 0.014816999698358178
NPMLE: 0.12027854037445573
SURE-PM, NPMLE init: 0.014816699078963396
experiment: e
Finished training EB misspecified with NPMLE init, with SURE: 0.15061084320125212
Finished training EB misspecified with NPMLE init, with in-sample MSE: 0.15211669125887298
Finished training EB misspecified, with SURE: 0.15060711494546047
Finished training EB misspecified, with in-sample MSE: 0.15211780078205106

 Training SURE of the models:
SURE-PM: 0.15060711494546047
NPMLE: 0.3335584059234219
SURE-PM, NPMLE init: 0.15061084320125212
m: 650
n: 100
experiment: c
Finished training EB misspecified with NPMLE init, with SURE: 0.08434008309056544
Finished training EB misspecified with NPMLE init, with in-sample MSE: 0.10659914140964745
Finished training EB misspecified, with SURE: 0.08433873843107229
Finished training EB misspecified, with in-sample MSE: 0.10660060318080475

 Training SURE of the models:
SURE-PM: 0.08433873843107229
NPMLE: 0.5868064972833078
SURE-PM, NPMLE init: 0.08434008309056544
experiment: d
Finished training EB misspecified with NPMLE init, with SURE: -0.014925225412453162
Finished training EB misspecified with NPMLE init, with in-sample MSE: 0.0037380216773353963
Finished training EB misspecified, with SURE: -0.014924906944057384
Finished training EB misspecified, with in-sample MSE: 0.003739316105409499

 Training SURE of the models:
SURE-PM: -0.014924906944057384
NPMLE: -0.012871287781289507
SURE-PM, NPMLE init: -0.014925225412453162
experiment: e
Finished training EB misspecified with NPMLE init, with SURE: 0.16496473823579202
Finished training EB misspecified with NPMLE init, with in-sample MSE: 0.15928713191126884
Finished training EB misspecified, with SURE: 0.16495908640315868
Finished training EB misspecified, with in-sample MSE: 0.15927129581411928

 Training SURE of the models:
SURE-PM: 0.16495908640315868
NPMLE: 0.28700368776347346
SURE-PM, NPMLE init: 0.16496473823579202
n: 200
experiment: c
Finished training EB misspecified with NPMLE init, with SURE: 0.017085789441175194
Finished training EB misspecified with NPMLE init, with in-sample MSE: 0.0842945013878415
Finished training EB misspecified, with SURE: 0.01709618913394351
Finished training EB misspecified, with in-sample MSE: 0.08427032920229358

 Training SURE of the models:
SURE-PM: 0.01709618913394351
NPMLE: 0.7514618288506776
SURE-PM, NPMLE init: 0.017085789441175194
experiment: d
Finished training EB misspecified with NPMLE init, with SURE: 0.01197398061834317
Finished training EB misspecified with NPMLE init, with in-sample MSE: 0.01504562358333811
Finished training EB misspecified, with SURE: 0.011973206175717337
Finished training EB misspecified, with in-sample MSE: 0.015128348288064628

 Training SURE of the models:
SURE-PM: 0.011973206175717337
NPMLE: 0.0365079504231244
SURE-PM, NPMLE init: 0.01197398061834317
experiment: e
Finished training EB misspecified with NPMLE init, with SURE: 0.1607877720030992
Finished training EB misspecified with NPMLE init, with in-sample MSE: 0.16940929848458366
Finished training EB misspecified, with SURE: 0.16079242911877187
Finished training EB misspecified, with in-sample MSE: 0.16942195159103032

 Training SURE of the models:
SURE-PM: 0.16079242911877187
NPMLE: 0.2862401117048471
SURE-PM, NPMLE init: 0.1607877720030992
n: 400
experiment: c
Finished training EB misspecified with NPMLE init, with SURE: 0.036930100235979355
Finished training EB misspecified with NPMLE init, with in-sample MSE: 0.05370719902836484
Finished training EB misspecified, with SURE: 0.03697437058969314
Finished training EB misspecified, with in-sample MSE: 0.05367470679123995

 Training SURE of the models:
SURE-PM: 0.03697437058969314
NPMLE: 0.5742718722391322
SURE-PM, NPMLE init: 0.036930100235979355
experiment: d
Finished training EB misspecified with NPMLE init, with SURE: -0.0009232749351092018
Finished training EB misspecified with NPMLE init, with in-sample MSE: 0.005244469380859638
Finished training EB misspecified, with SURE: -0.000923039876340841
Finished training EB misspecified, with in-sample MSE: 0.005250611660234789

 Training SURE of the models:
SURE-PM: -0.000923039876340841
NPMLE: 0.03472955027584547
SURE-PM, NPMLE init: -0.0009232749351092018
experiment: e
Finished training EB misspecified with NPMLE init, with SURE: 0.14071988947793826
Finished training EB misspecified with NPMLE init, with in-sample MSE: 0.15092234681146036
Finished training EB misspecified, with SURE: 0.14072353125373574
Finished training EB misspecified, with in-sample MSE: 0.15086854180819223

 Training SURE of the models:
SURE-PM: 0.14072353125373574
NPMLE: 0.33492180199380023
SURE-PM, NPMLE init: 0.14071988947793826
m: 651
n: 100
experiment: c
Finished training EB misspecified with NPMLE init, with SURE: -0.013333118219337976
Finished training EB misspecified with NPMLE init, with in-sample MSE: 0.08202568926676383
Finished training EB misspecified, with SURE: 0.00030863803333190274
Finished training EB misspecified, with in-sample MSE: 0.06716275989860376

 Training SURE of the models:
SURE-PM: 0.00030863803333190274
NPMLE: 0.508836151200594
SURE-PM, NPMLE init: -0.013333118219337976
experiment: d
Finished training EB misspecified with NPMLE init, with SURE: -0.011953688569471375
Finished training EB misspecified with NPMLE init, with in-sample MSE: 0.05971011519639791
Finished training EB misspecified, with SURE: -0.01195429688135155
Finished training EB misspecified, with in-sample MSE: 0.05971404858831104

 Training SURE of the models:
SURE-PM: -0.01195429688135155
NPMLE: 0.2945220372165589
SURE-PM, NPMLE init: -0.011953688569471375
experiment: e
Finished training EB misspecified with NPMLE init, with SURE: 0.08991289992955669
Finished training EB misspecified with NPMLE init, with in-sample MSE: 0.1684771525689724
Finished training EB misspecified, with SURE: 0.08990183468837085
Finished training EB misspecified, with in-sample MSE: 0.16853314021730284

 Training SURE of the models:
SURE-PM: 0.08990183468837085
NPMLE: 0.30031668796325195
SURE-PM, NPMLE init: 0.08991289992955669
n: 200
experiment: c
Finished training EB misspecified with NPMLE init, with SURE: 0.02811491105595735
Finished training EB misspecified with NPMLE init, with in-sample MSE: 0.055260092511662806
Finished training EB misspecified, with SURE: 0.028114017437253835
Finished training EB misspecified, with in-sample MSE: 0.05526172784050813

 Training SURE of the models:
SURE-PM: 0.028114017437253835
NPMLE: 0.7151048194060391
SURE-PM, NPMLE init: 0.02811491105595735
experiment: d
Finished training EB misspecified with NPMLE init, with SURE: 0.013840638127639693
Finished training EB misspecified with NPMLE init, with in-sample MSE: 0.0062377814201644444
Finished training EB misspecified, with SURE: 0.013842381899372782
Finished training EB misspecified, with in-sample MSE: 0.006240663272267522

 Training SURE of the models:
SURE-PM: 0.013842381899372782
NPMLE: 0.048998798656657815
SURE-PM, NPMLE init: 0.013840638127639693
experiment: e
Finished training EB misspecified with NPMLE init, with SURE: 0.14202422494569433
Finished training EB misspecified with NPMLE init, with in-sample MSE: 0.16037543149161887
Finished training EB misspecified, with SURE: 0.14202835600625377
Finished training EB misspecified, with in-sample MSE: 0.1603752860151854

 Training SURE of the models:
SURE-PM: 0.14202835600625377
NPMLE: 0.45777608141643755
SURE-PM, NPMLE init: 0.14202422494569433
n: 400
experiment: c
Finished training EB misspecified with NPMLE init, with SURE: 0.07772783668638283
Finished training EB misspecified with NPMLE init, with in-sample MSE: 0.054009417461062234
Finished training EB misspecified, with SURE: 0.07773265250113993
Finished training EB misspecified, with in-sample MSE: 0.05400476526587647

 Training SURE of the models:
SURE-PM: 0.07773265250113993
NPMLE: 0.8106448775022819
SURE-PM, NPMLE init: 0.07772783668638283
experiment: d
Finished training EB misspecified with NPMLE init, with SURE: 0.017141768185449262
Finished training EB misspecified with NPMLE init, with in-sample MSE: 0.005144654507309253
Finished training EB misspecified, with SURE: 0.017145508336668468
Finished training EB misspecified, with in-sample MSE: 0.005144426969843272

 Training SURE of the models:
SURE-PM: 0.017145508336668468
NPMLE: 0.05313997823906568
SURE-PM, NPMLE init: 0.017141768185449262
experiment: e
Finished training EB misspecified with NPMLE init, with SURE: 0.13043240654978175
Finished training EB misspecified with NPMLE init, with in-sample MSE: 0.18552160856628924
Finished training EB misspecified, with SURE: 0.13043121064559773
Finished training EB misspecified, with in-sample MSE: 0.18553065666743432

 Training SURE of the models:
SURE-PM: 0.13043121064559773
NPMLE: 0.3506658593806469
SURE-PM, NPMLE init: 0.13043240654978175
m: 652
n: 100
experiment: c
Finished training EB misspecified with NPMLE init, with SURE: 0.020499615994749476
Finished training EB misspecified with NPMLE init, with in-sample MSE: 0.23029304370921236
Finished training EB misspecified, with SURE: 0.02049693500485972
Finished training EB misspecified, with in-sample MSE: 0.23026431551022164

 Training SURE of the models:
SURE-PM: 0.02049693500485972
NPMLE: 0.5988881751583925
SURE-PM, NPMLE init: 0.020499615994749476
experiment: d
Finished training EB misspecified with NPMLE init, with SURE: -0.021507507164431915
Finished training EB misspecified with NPMLE init, with in-sample MSE: 0.004745355347161401
Finished training EB misspecified, with SURE: -0.021502369989430347
Finished training EB misspecified, with in-sample MSE: 0.004742732046452979

 Training SURE of the models:
SURE-PM: -0.021502369989430347
NPMLE: 0.01421467408286075
SURE-PM, NPMLE init: -0.021507507164431915
experiment: e
Finished training EB misspecified with NPMLE init, with SURE: 0.1239214540673014
Finished training EB misspecified with NPMLE init, with in-sample MSE: 0.25193573662483115
Finished training EB misspecified, with SURE: 0.12393146200351343
Finished training EB misspecified, with in-sample MSE: 0.2519268006357469

 Training SURE of the models:
SURE-PM: 0.12393146200351343
NPMLE: 0.3029191217997574
SURE-PM, NPMLE init: 0.1239214540673014
n: 200
experiment: c
Finished training EB misspecified with NPMLE init, with SURE: 0.05732783021448675
Finished training EB misspecified with NPMLE init, with in-sample MSE: 0.04703950540563974
Finished training EB misspecified, with SURE: 0.05737796413674616
Finished training EB misspecified, with in-sample MSE: 0.04695579385022004

 Training SURE of the models:
SURE-PM: 0.05737796413674616
NPMLE: 0.7733124446343476
SURE-PM, NPMLE init: 0.05732783021448675
experiment: d
Finished training EB misspecified with NPMLE init, with SURE: 0.022919184890065464
Finished training EB misspecified with NPMLE init, with in-sample MSE: 0.011487186857352576
Finished training EB misspecified, with SURE: 0.022927700236874012
Finished training EB misspecified, with in-sample MSE: 0.011492789666373618

 Training SURE of the models:
SURE-PM: 0.022927700236874012
NPMLE: 0.07963637667145193
SURE-PM, NPMLE init: 0.022919184890065464
experiment: e
Finished training EB misspecified with NPMLE init, with SURE: 0.16906985966813473
Finished training EB misspecified with NPMLE init, with in-sample MSE: 0.18711694341522572
Finished training EB misspecified, with SURE: 0.16906771422779635
Finished training EB misspecified, with in-sample MSE: 0.18711896629778624

 Training SURE of the models:
SURE-PM: 0.16906771422779635
NPMLE: 0.3473636098669374
SURE-PM, NPMLE init: 0.16906985966813473
n: 400
experiment: c
Finished training EB misspecified with NPMLE init, with SURE: 0.08428302704005823
Finished training EB misspecified with NPMLE init, with in-sample MSE: 0.07802407476088001
Finished training EB misspecified, with SURE: 0.08428145937941657
Finished training EB misspecified, with in-sample MSE: 0.07802602888150217

 Training SURE of the models:
SURE-PM: 0.08428145937941657
NPMLE: 0.8995526253311498
SURE-PM, NPMLE init: 0.08428302704005823
experiment: d
Finished training EB misspecified with NPMLE init, with SURE: 0.0094495573358558
Finished training EB misspecified with NPMLE init, with in-sample MSE: 0.004934153296710434
Finished training EB misspecified, with SURE: 0.009453751087942717
Finished training EB misspecified, with in-sample MSE: 0.00492574484377208

 Training SURE of the models:
SURE-PM: 0.009453751087942717
NPMLE: 0.11225240404025755
SURE-PM, NPMLE init: 0.0094495573358558
experiment: e
Finished training EB misspecified with NPMLE init, with SURE: 0.15718239542986198
Finished training EB misspecified with NPMLE init, with in-sample MSE: 0.21037760905932237
Finished training EB misspecified, with SURE: 0.15719258563873836
Finished training EB misspecified, with in-sample MSE: 0.21036399970035716

 Training SURE of the models:
SURE-PM: 0.15719258563873836
NPMLE: 0.31465760376765356
SURE-PM, NPMLE init: 0.15718239542986198
m: 653
n: 100
experiment: c
Finished training EB misspecified with NPMLE init, with SURE: 0.06080377217933908
Finished training EB misspecified with NPMLE init, with in-sample MSE: 0.06784725159959733
Finished training EB misspecified, with SURE: 0.06080382164686007
Finished training EB misspecified, with in-sample MSE: 0.06784940874067742

 Training SURE of the models:
SURE-PM: 0.06080382164686007
NPMLE: 0.4457701447590662
SURE-PM, NPMLE init: 0.06080377217933908
experiment: d
Finished training EB misspecified with NPMLE init, with SURE: 0.016081195310315603
Finished training EB misspecified with NPMLE init, with in-sample MSE: 0.010868730324998315
Finished training EB misspecified, with SURE: 0.016081518188735818
Finished training EB misspecified, with in-sample MSE: 0.01087316410898525

 Training SURE of the models:
SURE-PM: 0.016081518188735818
NPMLE: 0.022323216350702387
SURE-PM, NPMLE init: 0.016081195310315603
experiment: e
Finished training EB misspecified with NPMLE init, with SURE: 0.10521725908730098
Finished training EB misspecified with NPMLE init, with in-sample MSE: 0.19504900436216974
Finished training EB misspecified, with SURE: 0.10523607804820309
Finished training EB misspecified, with in-sample MSE: 0.19501748629229346

 Training SURE of the models:
SURE-PM: 0.10523607804820309
NPMLE: 0.3111271093658498
SURE-PM, NPMLE init: 0.10521725908730098
n: 200
experiment: c
Finished training EB misspecified with NPMLE init, with SURE: 0.005846930320303514
Finished training EB misspecified with NPMLE init, with in-sample MSE: 0.06381409331185561
Finished training EB misspecified, with SURE: 0.005853756388593752
Finished training EB misspecified, with in-sample MSE: 0.06365687812755377

 Training SURE of the models:
SURE-PM: 0.005853756388593752
NPMLE: 0.45854959079053115
SURE-PM, NPMLE init: 0.005846930320303514
experiment: d
Finished training EB misspecified with NPMLE init, with SURE: -0.021092117273956407
Finished training EB misspecified with NPMLE init, with in-sample MSE: 0.007089558850709953
Finished training EB misspecified, with SURE: -0.021091714707919262
Finished training EB misspecified, with in-sample MSE: 0.007089242417783687

 Training SURE of the models:
SURE-PM: -0.021091714707919262
NPMLE: 0.001396668344416856
SURE-PM, NPMLE init: -0.021092117273956407
experiment: e
Finished training EB misspecified with NPMLE init, with SURE: 0.10453351197107019
Finished training EB misspecified with NPMLE init, with in-sample MSE: 0.2172189978670504
Finished training EB misspecified, with SURE: 0.10449848651130061
Finished training EB misspecified, with in-sample MSE: 0.2165057282154743

 Training SURE of the models:
SURE-PM: 0.10449848651130061
NPMLE: 0.3646963018028924
SURE-PM, NPMLE init: 0.10453351197107019
n: 400
experiment: c
Finished training EB misspecified with NPMLE init, with SURE: -0.02364149873336402
Finished training EB misspecified with NPMLE init, with in-sample MSE: 0.0720012624150215
Finished training EB misspecified, with SURE: -0.023631446640045652
Finished training EB misspecified, with in-sample MSE: 0.07179255184883679

 Training SURE of the models:
SURE-PM: -0.023631446640045652
NPMLE: 0.4949336368593383
SURE-PM, NPMLE init: -0.02364149873336402
experiment: d
Finished training EB misspecified with NPMLE init, with SURE: 0.011038721662092925
Finished training EB misspecified with NPMLE init, with in-sample MSE: 0.006709138066310172
Finished training EB misspecified, with SURE: 0.011049538536186213
Finished training EB misspecified, with in-sample MSE: 0.006650209933889761

 Training SURE of the models:
SURE-PM: 0.011049538536186213
NPMLE: 0.0364635380952223
SURE-PM, NPMLE init: 0.011038721662092925
experiment: e
Finished training EB misspecified with NPMLE init, with SURE: 0.15868076405757855
Finished training EB misspecified with NPMLE init, with in-sample MSE: 0.1658550755618292
Finished training EB misspecified, with SURE: 0.1587653381304313
Finished training EB misspecified, with in-sample MSE: 0.16593010571345285

 Training SURE of the models:
SURE-PM: 0.1587653381304313
NPMLE: 0.3286152949701129
SURE-PM, NPMLE init: 0.15868076405757855
m: 654
n: 100
experiment: c
Finished training EB misspecified with NPMLE init, with SURE: -0.09210665340823432
Finished training EB misspecified with NPMLE init, with in-sample MSE: 0.0774669727620145
Finished training EB misspecified, with SURE: -0.08618571571723813
Finished training EB misspecified, with in-sample MSE: 0.07196375362000165

 Training SURE of the models:
SURE-PM: -0.08618571571723813
NPMLE: 0.42121699016988373
SURE-PM, NPMLE init: -0.09210665340823432
experiment: d
Finished training EB misspecified with NPMLE init, with SURE: -0.023714385231503387
Finished training EB misspecified with NPMLE init, with in-sample MSE: 0.0061384459773575276
Finished training EB misspecified, with SURE: -0.0237141015777247
Finished training EB misspecified, with in-sample MSE: 0.006118685024616859

 Training SURE of the models:
SURE-PM: -0.0237141015777247
NPMLE: -0.004545887648009544
SURE-PM, NPMLE init: -0.023714385231503387
experiment: e
Finished training EB misspecified with NPMLE init, with SURE: 0.06723331638172464
Finished training EB misspecified with NPMLE init, with in-sample MSE: 0.16180900462969153
Finished training EB misspecified, with SURE: 0.06723558199578956
Finished training EB misspecified, with in-sample MSE: 0.16180701012160273

 Training SURE of the models:
SURE-PM: 0.06723558199578956
NPMLE: 0.4303909348368357
SURE-PM, NPMLE init: 0.06723331638172464
n: 200
experiment: c
Finished training EB misspecified with NPMLE init, with SURE: -0.03537460908902105
Finished training EB misspecified with NPMLE init, with in-sample MSE: 0.07700899141311476
Finished training EB misspecified, with SURE: -0.03536931947148716
Finished training EB misspecified, with in-sample MSE: 0.07686283583559064

 Training SURE of the models:
SURE-PM: -0.03536931947148716
NPMLE: 0.5154103821525764
SURE-PM, NPMLE init: -0.03537460908902105
experiment: d
Finished training EB misspecified with NPMLE init, with SURE: -0.006067743884072776
Finished training EB misspecified with NPMLE init, with in-sample MSE: 0.005320339652817791
Finished training EB misspecified, with SURE: -0.006066055017918046
Finished training EB misspecified, with in-sample MSE: 0.005320441276248611

 Training SURE of the models:
SURE-PM: -0.006066055017918046
NPMLE: 0.03904613421376979
SURE-PM, NPMLE init: -0.006067743884072776
experiment: e
Finished training EB misspecified with NPMLE init, with SURE: 0.1525098020307464
Finished training EB misspecified with NPMLE init, with in-sample MSE: 0.19370804870729846
Finished training EB misspecified, with SURE: 0.15225542871062864
Finished training EB misspecified, with in-sample MSE: 0.19423629764998418

 Training SURE of the models:
SURE-PM: 0.15225542871062864
NPMLE: 0.3023824437373765
SURE-PM, NPMLE init: 0.1525098020307464
n: 400
experiment: c
Finished training EB misspecified with NPMLE init, with SURE: -0.0002357846060494495
Finished training EB misspecified with NPMLE init, with in-sample MSE: 0.05862525834157315
Finished training EB misspecified, with SURE: -0.00021809939595108575
Finished training EB misspecified, with in-sample MSE: 0.058610130882956676

 Training SURE of the models:
SURE-PM: -0.00021809939595108575
NPMLE: 0.5670816029740771
SURE-PM, NPMLE init: -0.0002357846060494495
experiment: d
Finished training EB misspecified with NPMLE init, with SURE: -0.012077766796957672
Finished training EB misspecified with NPMLE init, with in-sample MSE: 0.004676183872111998
Finished training EB misspecified, with SURE: -0.012077371937041281
Finished training EB misspecified, with in-sample MSE: 0.004676398621194835

 Training SURE of the models:
SURE-PM: -0.012077371937041281
NPMLE: 0.06492993034644279
SURE-PM, NPMLE init: -0.012077766796957672
experiment: e
Finished training EB misspecified with NPMLE init, with SURE: 0.16525071341160114
Finished training EB misspecified with NPMLE init, with in-sample MSE: 0.20591725654934578
Finished training EB misspecified, with SURE: 0.1652601650507045
Finished training EB misspecified, with in-sample MSE: 0.20589420316439036

 Training SURE of the models:
SURE-PM: 0.1652601650507045
NPMLE: 0.2876195130571037
SURE-PM, NPMLE init: 0.16525071341160114
m: 655
n: 100
experiment: c
Finished training EB misspecified with NPMLE init, with SURE: -0.014759995038540766
Finished training EB misspecified with NPMLE init, with in-sample MSE: 0.06188715647272541
Finished training EB misspecified, with SURE: -0.014736436205315756
Finished training EB misspecified, with in-sample MSE: 0.061904099843651056

 Training SURE of the models:
SURE-PM: -0.014736436205315756
NPMLE: 0.31629539653285976
SURE-PM, NPMLE init: -0.014759995038540766
experiment: d
Finished training EB misspecified with NPMLE init, with SURE: -0.003111439058946992
Finished training EB misspecified with NPMLE init, with in-sample MSE: 0.0044983159713708806
Finished training EB misspecified, with SURE: -0.003109206007079983
Finished training EB misspecified, with in-sample MSE: 0.004495267403335176

 Training SURE of the models:
SURE-PM: -0.003109206007079983
NPMLE: 0.008261976999989375
SURE-PM, NPMLE init: -0.003111439058946992
experiment: e
Finished training EB misspecified with NPMLE init, with SURE: 0.106797779499666
Finished training EB misspecified with NPMLE init, with in-sample MSE: 0.2229258775169982
Finished training EB misspecified, with SURE: 0.10678752639124411
Finished training EB misspecified, with in-sample MSE: 0.22298575511771823

 Training SURE of the models:
SURE-PM: 0.10678752639124411
NPMLE: 0.3313784405554385
SURE-PM, NPMLE init: 0.106797779499666
n: 200
experiment: c
Finished training EB misspecified with NPMLE init, with SURE: 0.026841968181705058
Finished training EB misspecified with NPMLE init, with in-sample MSE: 0.0556197891813181
Finished training EB misspecified, with SURE: 0.026849524912535616
Finished training EB misspecified, with in-sample MSE: 0.05562077517068667

 Training SURE of the models:
SURE-PM: 0.026849524912535616
NPMLE: 0.37096609775698125
SURE-PM, NPMLE init: 0.026841968181705058
experiment: d
Finished training EB misspecified with NPMLE init, with SURE: -0.009934249028453319
Finished training EB misspecified with NPMLE init, with in-sample MSE: 0.008828214006823576
Finished training EB misspecified, with SURE: -0.009933293175926927
Finished training EB misspecified, with in-sample MSE: 0.008841065871740243

 Training SURE of the models:
SURE-PM: -0.009933293175926927
NPMLE: 0.0935770419399682
SURE-PM, NPMLE init: -0.009934249028453319
experiment: e
Finished training EB misspecified with NPMLE init, with SURE: 0.15542188187005665
Finished training EB misspecified with NPMLE init, with in-sample MSE: 0.15116656765964082
Finished training EB misspecified, with SURE: 0.15541803260981646
Finished training EB misspecified, with in-sample MSE: 0.1512355765791353

 Training SURE of the models:
SURE-PM: 0.15541803260981646
NPMLE: 0.30643111631307934
SURE-PM, NPMLE init: 0.15542188187005665
n: 400
experiment: c
Finished training EB misspecified with NPMLE init, with SURE: 0.016103866030622242
Finished training EB misspecified with NPMLE init, with in-sample MSE: 0.05699327625911497
Finished training EB misspecified, with SURE: 0.01613418493497768
Finished training EB misspecified, with in-sample MSE: 0.05694292342715015

 Training SURE of the models:
SURE-PM: 0.01613418493497768
NPMLE: 0.7351433696148981
SURE-PM, NPMLE init: 0.016103866030622242
experiment: d
Finished training EB misspecified with NPMLE init, with SURE: 0.00012308587083596835
Finished training EB misspecified with NPMLE init, with in-sample MSE: 0.006190226308086721
Finished training EB misspecified, with SURE: 0.0001289106838407861
Finished training EB misspecified, with in-sample MSE: 0.006185158153634046

 Training SURE of the models:
SURE-PM: 0.0001289106838407861
NPMLE: 0.08771321615014427
SURE-PM, NPMLE init: 0.00012308587083596835
experiment: e
Finished training EB misspecified with NPMLE init, with SURE: 0.12699113361948908
Finished training EB misspecified with NPMLE init, with in-sample MSE: 0.15499139907207943
Finished training EB misspecified, with SURE: 0.12699859214456818
Finished training EB misspecified, with in-sample MSE: 0.15498996239215374

 Training SURE of the models:
SURE-PM: 0.12699859214456818
NPMLE: 0.5341829320313178
SURE-PM, NPMLE init: 0.12699113361948908
m: 656
n: 100
experiment: c
Finished training EB misspecified with NPMLE init, with SURE: 0.0593218856233743
Finished training EB misspecified with NPMLE init, with in-sample MSE: 0.07165028776239234
Finished training EB misspecified, with SURE: 0.05934081877210282
Finished training EB misspecified, with in-sample MSE: 0.07158419689317518

 Training SURE of the models:
SURE-PM: 0.05934081877210282
NPMLE: 0.2528182866762036
SURE-PM, NPMLE init: 0.0593218856233743
experiment: d
Finished training EB misspecified with NPMLE init, with SURE: 0.01454775490420861
Finished training EB misspecified with NPMLE init, with in-sample MSE: 0.016260460549626
Finished training EB misspecified, with SURE: 0.014551030029818115
Finished training EB misspecified, with in-sample MSE: 0.016254774600325143

 Training SURE of the models:
SURE-PM: 0.014551030029818115
NPMLE: 0.02152264642555803
SURE-PM, NPMLE init: 0.01454775490420861
experiment: e
Finished training EB misspecified with NPMLE init, with SURE: 0.10821881356676645
Finished training EB misspecified with NPMLE init, with in-sample MSE: 0.3069150312785212
Finished training EB misspecified, with SURE: 0.10822769338249164
Finished training EB misspecified, with in-sample MSE: 0.30699727597395654

 Training SURE of the models:
SURE-PM: 0.10822769338249164
NPMLE: 0.38844460020449184
SURE-PM, NPMLE init: 0.10821881356676645
n: 200
experiment: c
Finished training EB misspecified with NPMLE init, with SURE: 0.09932890888553679
Finished training EB misspecified with NPMLE init, with in-sample MSE: 0.09455471148686372
Finished training EB misspecified, with SURE: 0.09933492916883233
Finished training EB misspecified, with in-sample MSE: 0.09454080406466568

 Training SURE of the models:
SURE-PM: 0.09933492916883233
NPMLE: 0.9273979594602523
SURE-PM, NPMLE init: 0.09932890888553679
experiment: d
Finished training EB misspecified with NPMLE init, with SURE: 0.004896378910382176
Finished training EB misspecified with NPMLE init, with in-sample MSE: 0.005970418759832108
Finished training EB misspecified, with SURE: 0.004896672329623009
Finished training EB misspecified, with in-sample MSE: 0.0059659368516392945

 Training SURE of the models:
SURE-PM: 0.004896672329623009
NPMLE: 0.03980452118843107
SURE-PM, NPMLE init: 0.004896378910382176
experiment: e
Finished training EB misspecified with NPMLE init, with SURE: 0.1667104659379172
Finished training EB misspecified with NPMLE init, with in-sample MSE: 0.1970950403283843
Finished training EB misspecified, with SURE: 0.1605843830926393
Finished training EB misspecified, with in-sample MSE: 0.19851733627113533

 Training SURE of the models:
SURE-PM: 0.1605843830926393
NPMLE: 0.2775441027319522
SURE-PM, NPMLE init: 0.1667104659379172
n: 400
experiment: c
Finished training EB misspecified with NPMLE init, with SURE: -0.02315802582224194
Finished training EB misspecified with NPMLE init, with in-sample MSE: 0.06697389964873918
Finished training EB misspecified, with SURE: -0.023127934515495666
Finished training EB misspecified, with in-sample MSE: 0.06706875953184578

 Training SURE of the models:
SURE-PM: -0.023127934515495666
NPMLE: 0.866530175682505
SURE-PM, NPMLE init: -0.02315802582224194
experiment: d
Finished training EB misspecified with NPMLE init, with SURE: -0.007174235393903548
Finished training EB misspecified with NPMLE init, with in-sample MSE: 0.007020821463535571
Finished training EB misspecified, with SURE: -0.007173917515257724
Finished training EB misspecified, with in-sample MSE: 0.007023824264328667

 Training SURE of the models:
SURE-PM: -0.007173917515257724
NPMLE: 0.0005793392538159203
SURE-PM, NPMLE init: -0.007174235393903548
experiment: e
Finished training EB misspecified with NPMLE init, with SURE: 0.12906960445961269
Finished training EB misspecified with NPMLE init, with in-sample MSE: 0.20180447532916276
Finished training EB misspecified, with SURE: 0.12060461991748987
Finished training EB misspecified, with in-sample MSE: 0.16648937446314366

 Training SURE of the models:
SURE-PM: 0.12060461991748987
NPMLE: 0.3820350484847339
SURE-PM, NPMLE init: 0.12906960445961269
m: 657
n: 100
experiment: c
Finished training EB misspecified with NPMLE init, with SURE: 0.07558456975697354
Finished training EB misspecified with NPMLE init, with in-sample MSE: 0.11274797335765925
Finished training EB misspecified, with SURE: 0.07558583761231667
Finished training EB misspecified, with in-sample MSE: 0.11274575937420178

 Training SURE of the models:
SURE-PM: 0.07558583761231667
NPMLE: 0.9270515009265154
SURE-PM, NPMLE init: 0.07558456975697354
experiment: d
Finished training EB misspecified with NPMLE init, with SURE: 0.014545824289983855
Finished training EB misspecified with NPMLE init, with in-sample MSE: 0.015873163019813327
Finished training EB misspecified, with SURE: 0.01454715986337476
Finished training EB misspecified, with in-sample MSE: 0.015870447100889577

 Training SURE of the models:
SURE-PM: 0.01454715986337476
NPMLE: 0.05984996263320836
SURE-PM, NPMLE init: 0.014545824289983855
experiment: e
Finished training EB misspecified with NPMLE init, with SURE: 0.177797756122265
Finished training EB misspecified with NPMLE init, with in-sample MSE: 0.2618264048903371
Finished training EB misspecified, with SURE: 0.17781049759911205
Finished training EB misspecified, with in-sample MSE: 0.2663011200375246

 Training SURE of the models:
SURE-PM: 0.17781049759911205
NPMLE: 0.279421034438436
SURE-PM, NPMLE init: 0.177797756122265
n: 200
experiment: c
Finished training EB misspecified with NPMLE init, with SURE: 0.03246754508024438
Finished training EB misspecified with NPMLE init, with in-sample MSE: 0.07574566145134319
Finished training EB misspecified, with SURE: 0.03246752823824338
Finished training EB misspecified, with in-sample MSE: 0.07575369321040887

 Training SURE of the models:
SURE-PM: 0.03246752823824338
NPMLE: 0.23366030285763684
SURE-PM, NPMLE init: 0.03246754508024438
experiment: d
Finished training EB misspecified with NPMLE init, with SURE: 0.019080537369212322
Finished training EB misspecified with NPMLE init, with in-sample MSE: 0.007414537166433902
Finished training EB misspecified, with SURE: 0.008009631864104172
Finished training EB misspecified, with in-sample MSE: 0.029925932535773078

 Training SURE of the models:
SURE-PM: 0.008009631864104172
NPMLE: 0.19554153796185286
SURE-PM, NPMLE init: 0.019080537369212322
experiment: e
Finished training EB misspecified with NPMLE init, with SURE: 0.1659972329704471
Finished training EB misspecified with NPMLE init, with in-sample MSE: 0.22653223147599086
Finished training EB misspecified, with SURE: 0.1659994851982456
Finished training EB misspecified, with in-sample MSE: 0.22646141646829643

 Training SURE of the models:
SURE-PM: 0.1659994851982456
NPMLE: 0.28616170335200225
SURE-PM, NPMLE init: 0.1659972329704471
n: 400
experiment: c
Finished training EB misspecified with NPMLE init, with SURE: 0.05427250498553754
Finished training EB misspecified with NPMLE init, with in-sample MSE: 0.0552935461939516
Finished training EB misspecified, with SURE: 0.054274606705945985
Finished training EB misspecified, with in-sample MSE: 0.055292949209908085

 Training SURE of the models:
SURE-PM: 0.054274606705945985
NPMLE: 0.7529968681769011
SURE-PM, NPMLE init: 0.05427250498553754
experiment: d
Finished training EB misspecified with NPMLE init, with SURE: 0.00011669856382400922
Finished training EB misspecified with NPMLE init, with in-sample MSE: 0.0066115402294272775
Finished training EB misspecified, with SURE: 0.00012617922837353745
Finished training EB misspecified, with in-sample MSE: 0.006596288053861608

 Training SURE of the models:
SURE-PM: 0.00012617922837353745
NPMLE: 0.03918069490370197
SURE-PM, NPMLE init: 0.00011669856382400922
experiment: e
Finished training EB misspecified with NPMLE init, with SURE: 0.16983693669044342
Finished training EB misspecified with NPMLE init, with in-sample MSE: 0.1869122910452861
Finished training EB misspecified, with SURE: 0.16983849936294398
Finished training EB misspecified, with in-sample MSE: 0.1869118780706529

 Training SURE of the models:
SURE-PM: 0.16983849936294398
NPMLE: 0.3007567716186672
SURE-PM, NPMLE init: 0.16983693669044342
m: 658
n: 100
experiment: c
Finished training EB misspecified with NPMLE init, with SURE: 0.0811912279038664
Finished training EB misspecified with NPMLE init, with in-sample MSE: 0.09576784036089821
Finished training EB misspecified, with SURE: 0.08119348391993114
Finished training EB misspecified, with in-sample MSE: 0.0957542189796914

 Training SURE of the models:
SURE-PM: 0.08119348391993114
NPMLE: 0.8481395277405892
SURE-PM, NPMLE init: 0.0811912279038664
experiment: d
Finished training EB misspecified with NPMLE init, with SURE: 0.001187241366921441
Finished training EB misspecified with NPMLE init, with in-sample MSE: 0.009808770692279211
Finished training EB misspecified, with SURE: 0.001187498707170036
Finished training EB misspecified, with in-sample MSE: 0.00980907363458844

 Training SURE of the models:
SURE-PM: 0.001187498707170036
NPMLE: 0.12454571403378853
SURE-PM, NPMLE init: 0.001187241366921441
experiment: e
Finished training EB misspecified with NPMLE init, with SURE: 0.08673977888748287
Finished training EB misspecified with NPMLE init, with in-sample MSE: 0.21964054846664502
Finished training EB misspecified, with SURE: 0.0867536913828108
Finished training EB misspecified, with in-sample MSE: 0.21958721086173635

 Training SURE of the models:
SURE-PM: 0.0867536913828108
NPMLE: 0.27895893894890805
SURE-PM, NPMLE init: 0.08673977888748287
n: 200
experiment: c
Finished training EB misspecified with NPMLE init, with SURE: 0.08471686250749912
Finished training EB misspecified with NPMLE init, with in-sample MSE: 0.05959925677001095
Finished training EB misspecified, with SURE: 0.08471815649489102
Finished training EB misspecified, with in-sample MSE: 0.05959842893618595

 Training SURE of the models:
SURE-PM: 0.08471815649489102
NPMLE: 0.8769761899381494
SURE-PM, NPMLE init: 0.08471686250749912
experiment: d
Finished training EB misspecified with NPMLE init, with SURE: -0.01275322854976256
Finished training EB misspecified with NPMLE init, with in-sample MSE: 0.00762217952640561
Finished training EB misspecified, with SURE: -0.012751330281755423
Finished training EB misspecified, with in-sample MSE: 0.007617507032658324

 Training SURE of the models:
SURE-PM: -0.012751330281755423
NPMLE: 0.06008009126564082
SURE-PM, NPMLE init: -0.01275322854976256
experiment: e
Finished training EB misspecified with NPMLE init, with SURE: 0.11792090145015227
Finished training EB misspecified with NPMLE init, with in-sample MSE: 0.19935871625629534
Finished training EB misspecified, with SURE: 0.1187840544854571
Finished training EB misspecified, with in-sample MSE: 0.20303188587098833

 Training SURE of the models:
SURE-PM: 0.1187840544854571
NPMLE: 0.37102365843620005
SURE-PM, NPMLE init: 0.11792090145015227
n: 400
experiment: c
Finished training EB misspecified with NPMLE init, with SURE: 0.025477296751427903
Finished training EB misspecified with NPMLE init, with in-sample MSE: 0.06396780931622029
Finished training EB misspecified, with SURE: 0.025488212724815044
Finished training EB misspecified, with in-sample MSE: 0.0639685130369857

 Training SURE of the models:
SURE-PM: 0.025488212724815044
NPMLE: 0.7577693724313316
SURE-PM, NPMLE init: 0.025477296751427903
experiment: d
Finished training EB misspecified with NPMLE init, with SURE: 0.006734832196672205
Finished training EB misspecified with NPMLE init, with in-sample MSE: 0.003957743596991591
Finished training EB misspecified, with SURE: 0.006741166372583702
Finished training EB misspecified, with in-sample MSE: 0.00388640121615942

 Training SURE of the models:
SURE-PM: 0.006741166372583702
NPMLE: 0.019735745036772948
SURE-PM, NPMLE init: 0.006734832196672205
experiment: e
Finished training EB misspecified with NPMLE init, with SURE: 0.15512220007649347
Finished training EB misspecified with NPMLE init, with in-sample MSE: 0.18179101856228574
Finished training EB misspecified, with SURE: 0.15512301487666755
Finished training EB misspecified, with in-sample MSE: 0.18177689195463004

 Training SURE of the models:
SURE-PM: 0.15512301487666755
NPMLE: 0.3873411635676942
SURE-PM, NPMLE init: 0.15512220007649347
m: 659
n: 100
experiment: c
Finished training EB misspecified with NPMLE init, with SURE: -0.013410005519112573
Finished training EB misspecified with NPMLE init, with in-sample MSE: 0.07862553608108108
Finished training EB misspecified, with SURE: -0.013409458818833571
Finished training EB misspecified, with in-sample MSE: 0.07862586143183496

 Training SURE of the models:
SURE-PM: -0.013409458818833571
NPMLE: 0.4700924668673167
SURE-PM, NPMLE init: -0.013410005519112573
experiment: d
Finished training EB misspecified with NPMLE init, with SURE: -0.017887214178706347
Finished training EB misspecified with NPMLE init, with in-sample MSE: 0.00388593170061709
Finished training EB misspecified, with SURE: -0.017885564533783854
Finished training EB misspecified, with in-sample MSE: 0.0038856914833809374

 Training SURE of the models:
SURE-PM: -0.017885564533783854
NPMLE: 0.010914784659853058
SURE-PM, NPMLE init: -0.017887214178706347
experiment: e
Finished training EB misspecified with NPMLE init, with SURE: 0.1143757930292135
Finished training EB misspecified with NPMLE init, with in-sample MSE: 0.16828297892576444
Finished training EB misspecified, with SURE: 0.1143773480023608
Finished training EB misspecified, with in-sample MSE: 0.16828483508981368

 Training SURE of the models:
SURE-PM: 0.1143773480023608
NPMLE: 0.5129489521247081
SURE-PM, NPMLE init: 0.1143757930292135
n: 200
experiment: c
Finished training EB misspecified with NPMLE init, with SURE: -0.005289456020240308
Finished training EB misspecified with NPMLE init, with in-sample MSE: 0.06718591227170762
Finished training EB misspecified, with SURE: -0.005287315061931537
Finished training EB misspecified, with in-sample MSE: 0.06716410494026276

 Training SURE of the models:
SURE-PM: -0.005287315061931537
NPMLE: 0.36377362287439824
SURE-PM, NPMLE init: -0.005289456020240308
experiment: d
Finished training EB misspecified with NPMLE init, with SURE: 0.004722623833939377
Finished training EB misspecified with NPMLE init, with in-sample MSE: 0.006591725029934943
Finished training EB misspecified, with SURE: 0.004722705181966696
Finished training EB misspecified, with in-sample MSE: 0.006591876798634426

 Training SURE of the models:
SURE-PM: 0.004722705181966696
NPMLE: 0.050160746779296675
SURE-PM, NPMLE init: 0.004722623833939377
experiment: e
Finished training EB misspecified with NPMLE init, with SURE: 0.13999426622368752
Finished training EB misspecified with NPMLE init, with in-sample MSE: 0.12689405941104107
Finished training EB misspecified, with SURE: 0.13999640718870965
Finished training EB misspecified, with in-sample MSE: 0.12689500927552008

 Training SURE of the models:
SURE-PM: 0.13999640718870965
NPMLE: 0.3444696682483405
SURE-PM, NPMLE init: 0.13999426622368752
n: 400
experiment: c
Finished training EB misspecified with NPMLE init, with SURE: -0.00261900049074292
Finished training EB misspecified with NPMLE init, with in-sample MSE: 0.06262147657981475
Finished training EB misspecified, with SURE: -0.0025851872070298755
Finished training EB misspecified, with in-sample MSE: 0.06268966758836947

 Training SURE of the models:
SURE-PM: -0.0025851872070298755
NPMLE: 0.5005429049719184
SURE-PM, NPMLE init: -0.00261900049074292
experiment: d
Finished training EB misspecified with NPMLE init, with SURE: -0.001558118962078403
Finished training EB misspecified with NPMLE init, with in-sample MSE: 0.005899848106905003
Finished training EB misspecified, with SURE: -0.0015582091497784135
Finished training EB misspecified, with in-sample MSE: 0.005900210302832241

 Training SURE of the models:
SURE-PM: -0.0015582091497784135
NPMLE: 0.04188339636018938
SURE-PM, NPMLE init: -0.001558118962078403
experiment: e
Finished training EB misspecified with NPMLE init, with SURE: 0.13738862320503156
Finished training EB misspecified with NPMLE init, with in-sample MSE: 0.18218140551601195
Finished training EB misspecified, with SURE: 0.13738423377303816
Finished training EB misspecified, with in-sample MSE: 0.18221069690427957

 Training SURE of the models:
SURE-PM: 0.13738423377303816
NPMLE: 0.3766701092740902
SURE-PM, NPMLE init: 0.13738862320503156
m: 660
n: 100
experiment: c
Finished training EB misspecified with NPMLE init, with SURE: -0.01820580769463433
Finished training EB misspecified with NPMLE init, with in-sample MSE: 0.05229452601640406
Finished training EB misspecified, with SURE: -0.018203746517613268
Finished training EB misspecified, with in-sample MSE: 0.05229487099328483

 Training SURE of the models:
SURE-PM: -0.018203746517613268
NPMLE: 0.6836645367983759
SURE-PM, NPMLE init: -0.01820580769463433
experiment: d
Finished training EB misspecified with NPMLE init, with SURE: 0.018444441432648163
Finished training EB misspecified with NPMLE init, with in-sample MSE: 0.009627827579082322
Finished training EB misspecified, with SURE: 0.018446332117038687
Finished training EB misspecified, with in-sample MSE: 0.009610513871541318

 Training SURE of the models:
SURE-PM: 0.018446332117038687
NPMLE: 0.044630886532807106
SURE-PM, NPMLE init: 0.018444441432648163
experiment: e
Finished training EB misspecified with NPMLE init, with SURE: 0.11252863945874808
Finished training EB misspecified with NPMLE init, with in-sample MSE: 0.1566913755488567
Finished training EB misspecified, with SURE: 0.11255196646236122
Finished training EB misspecified, with in-sample MSE: 0.15731203121634924

 Training SURE of the models:
SURE-PM: 0.11255196646236122
NPMLE: 0.3390976935185911
SURE-PM, NPMLE init: 0.11252863945874808
n: 200
experiment: c
Finished training EB misspecified with NPMLE init, with SURE: 0.004334675546671321
Finished training EB misspecified with NPMLE init, with in-sample MSE: 0.061935609125278485
Finished training EB misspecified, with SURE: 0.004336416352036636
Finished training EB misspecified, with in-sample MSE: 0.06193895686288402

 Training SURE of the models:
SURE-PM: 0.004336416352036636
NPMLE: 0.7031844882353896
SURE-PM, NPMLE init: 0.004334675546671321
experiment: d
Finished training EB misspecified with NPMLE init, with SURE: -0.012371846559795365
Finished training EB misspecified with NPMLE init, with in-sample MSE: 0.0048306098617315755
Finished training EB misspecified, with SURE: -0.012371722085810789
Finished training EB misspecified, with in-sample MSE: 0.0048307325390958885

 Training SURE of the models:
SURE-PM: -0.012371722085810789
NPMLE: -0.008972786306157658
SURE-PM, NPMLE init: -0.012371846559795365
experiment: e
Finished training EB misspecified with NPMLE init, with SURE: 0.1519536103830564
Finished training EB misspecified with NPMLE init, with in-sample MSE: 0.17635059249004528
Finished training EB misspecified, with SURE: 0.15195565239978273
Finished training EB misspecified, with in-sample MSE: 0.17634995833309133

 Training SURE of the models:
SURE-PM: 0.15195565239978273
NPMLE: 0.2783176424225402
SURE-PM, NPMLE init: 0.1519536103830564
n: 400
experiment: c
Finished training EB misspecified with NPMLE init, with SURE: 0.040258116860696094
Finished training EB misspecified with NPMLE init, with in-sample MSE: 0.055547873501331016
Finished training EB misspecified, with SURE: 0.04025880624183273
Finished training EB misspecified, with in-sample MSE: 0.05554817965807657

 Training SURE of the models:
SURE-PM: 0.04025880624183273
NPMLE: 0.6682693754512128
SURE-PM, NPMLE init: 0.040258116860696094
experiment: d
Finished training EB misspecified with NPMLE init, with SURE: -0.005758423360819354
Finished training EB misspecified with NPMLE init, with in-sample MSE: 0.004481437307261896
Finished training EB misspecified, with SURE: -0.005754709462799017
Finished training EB misspecified, with in-sample MSE: 0.004479002953224682

 Training SURE of the models:
SURE-PM: -0.005754709462799017
NPMLE: 0.050109463721038805
SURE-PM, NPMLE init: -0.005758423360819354
experiment: e
Finished training EB misspecified with NPMLE init, with SURE: 0.14274606232720946
Finished training EB misspecified with NPMLE init, with in-sample MSE: 0.16132543607212124
Finished training EB misspecified, with SURE: 0.142749881124352
Finished training EB misspecified, with in-sample MSE: 0.16133558753870958

 Training SURE of the models:
SURE-PM: 0.142749881124352
NPMLE: 0.32213444946685543
SURE-PM, NPMLE init: 0.14274606232720946
m: 661
n: 100
experiment: c
Finished training EB misspecified with NPMLE init, with SURE: 0.04121280161589766
Finished training EB misspecified with NPMLE init, with in-sample MSE: 0.10585085905578107
Finished training EB misspecified, with SURE: 0.041202559723973166
Finished training EB misspecified, with in-sample MSE: 0.1060873752817196

 Training SURE of the models:
SURE-PM: 0.041202559723973166
NPMLE: 1.1254507420616924
SURE-PM, NPMLE init: 0.04121280161589766
experiment: d
Finished training EB misspecified with NPMLE init, with SURE: 0.015204300069238244
Finished training EB misspecified with NPMLE init, with in-sample MSE: 0.019095837909158732
Finished training EB misspecified, with SURE: 0.01520508437044672
Finished training EB misspecified, with in-sample MSE: 0.019075884099555032

 Training SURE of the models:
SURE-PM: 0.01520508437044672
NPMLE: 0.04362576377738943
SURE-PM, NPMLE init: 0.015204300069238244
experiment: e
Finished training EB misspecified with NPMLE init, with SURE: 0.12320677136271993
Finished training EB misspecified with NPMLE init, with in-sample MSE: 0.26914163412342457
Finished training EB misspecified, with SURE: 0.12321676581622239
Finished training EB misspecified, with in-sample MSE: 0.26919346249589937

 Training SURE of the models:
SURE-PM: 0.12321676581622239
NPMLE: 0.35169221827317043
SURE-PM, NPMLE init: 0.12320677136271993
n: 200
experiment: c
Finished training EB misspecified with NPMLE init, with SURE: 0.09937150574227516
Finished training EB misspecified with NPMLE init, with in-sample MSE: 0.09428536296217294
Finished training EB misspecified, with SURE: 0.09937589174735535
Finished training EB misspecified, with in-sample MSE: 0.09433992176979995

 Training SURE of the models:
SURE-PM: 0.09937589174735535
NPMLE: 0.522464074787633
SURE-PM, NPMLE init: 0.09937150574227516
experiment: d
Finished training EB misspecified with NPMLE init, with SURE: 0.00493870678895032
Finished training EB misspecified with NPMLE init, with in-sample MSE: 0.01547820931410499
Finished training EB misspecified, with SURE: 0.004934505184217848
Finished training EB misspecified, with in-sample MSE: 0.015508253058496697

 Training SURE of the models:
SURE-PM: 0.004934505184217848
NPMLE: 0.1861490039666862
SURE-PM, NPMLE init: 0.00493870678895032
experiment: e
Finished training EB misspecified with NPMLE init, with SURE: 0.1434415957200176
Finished training EB misspecified with NPMLE init, with in-sample MSE: 0.17702243122121433
Finished training EB misspecified, with SURE: 0.14344246415461673
Finished training EB misspecified, with in-sample MSE: 0.17701533447319812

 Training SURE of the models:
SURE-PM: 0.14344246415461673
NPMLE: 0.3192484910223655
SURE-PM, NPMLE init: 0.1434415957200176
n: 400
experiment: c
Finished training EB misspecified with NPMLE init, with SURE: 0.02573585823128326
Finished training EB misspecified with NPMLE init, with in-sample MSE: 0.05673108407965417
Finished training EB misspecified, with SURE: 0.025753900006755828
Finished training EB misspecified, with in-sample MSE: 0.05672472714056843

 Training SURE of the models:
SURE-PM: 0.025753900006755828
NPMLE: 0.5844243503555316
SURE-PM, NPMLE init: 0.02573585823128326
experiment: d
Finished training EB misspecified with NPMLE init, with SURE: -0.008828112041528976
Finished training EB misspecified with NPMLE init, with in-sample MSE: 0.006217188410764382
Finished training EB misspecified, with SURE: -0.00882646722017876
Finished training EB misspecified, with in-sample MSE: 0.00621612472959114

 Training SURE of the models:
SURE-PM: -0.00882646722017876
NPMLE: 0.031042925238188933
SURE-PM, NPMLE init: -0.008828112041528976
experiment: e
Finished training EB misspecified with NPMLE init, with SURE: 0.14851995260062084
Finished training EB misspecified with NPMLE init, with in-sample MSE: 0.1940862644274675
Finished training EB misspecified, with SURE: 0.14873557554048325
Finished training EB misspecified, with in-sample MSE: 0.19438608282550005

 Training SURE of the models:
SURE-PM: 0.14873557554048325
NPMLE: 0.36444823376394075
SURE-PM, NPMLE init: 0.14851995260062084
m: 662
n: 100
experiment: c
Finished training EB misspecified with NPMLE init, with SURE: 0.10735449067197336
Finished training EB misspecified with NPMLE init, with in-sample MSE: 0.08548925169082375
Finished training EB misspecified, with SURE: 0.10735346105500568
Finished training EB misspecified, with in-sample MSE: 0.08549066671741257

 Training SURE of the models:
SURE-PM: 0.10735346105500568
NPMLE: 0.5298504622124998
SURE-PM, NPMLE init: 0.10735449067197336
experiment: d
Finished training EB misspecified with NPMLE init, with SURE: -0.01076182632060764
Finished training EB misspecified with NPMLE init, with in-sample MSE: 0.007517922495103964
Finished training EB misspecified, with SURE: -0.010760530414046557
Finished training EB misspecified, with in-sample MSE: 0.007517287808913917

 Training SURE of the models:
SURE-PM: -0.010760530414046557
NPMLE: 0.08009996267965473
SURE-PM, NPMLE init: -0.01076182632060764
experiment: e
Finished training EB misspecified with NPMLE init, with SURE: 0.1186057330871313
Finished training EB misspecified with NPMLE init, with in-sample MSE: 0.1989779354618303
Finished training EB misspecified, with SURE: 0.11860148555920283
Finished training EB misspecified, with in-sample MSE: 0.19904199452137103

 Training SURE of the models:
SURE-PM: 0.11860148555920283
NPMLE: 0.25403851693189233
SURE-PM, NPMLE init: 0.1186057330871313
n: 200
experiment: c
Finished training EB misspecified with NPMLE init, with SURE: -0.0737393029484791
Finished training EB misspecified with NPMLE init, with in-sample MSE: 0.061261952882936316
Finished training EB misspecified, with SURE: -0.07373325613221823
Finished training EB misspecified, with in-sample MSE: 0.06126201079152409

 Training SURE of the models:
SURE-PM: -0.07373325613221823
NPMLE: 0.23870022637502827
SURE-PM, NPMLE init: -0.0737393029484791
experiment: d
Finished training EB misspecified with NPMLE init, with SURE: 0.009799815320239382
Finished training EB misspecified with NPMLE init, with in-sample MSE: 0.006071996593421442
Finished training EB misspecified, with SURE: 0.009809331468732623
Finished training EB misspecified, with in-sample MSE: 0.006080645357685208

 Training SURE of the models:
SURE-PM: 0.009809331468732623
NPMLE: 0.023656364326428196
SURE-PM, NPMLE init: 0.009799815320239382
experiment: e
Finished training EB misspecified with NPMLE init, with SURE: 0.10584857509226141
Finished training EB misspecified with NPMLE init, with in-sample MSE: 0.23186258523599548
Finished training EB misspecified, with SURE: 0.11260488219941778
Finished training EB misspecified, with in-sample MSE: 0.2312233753809647

 Training SURE of the models:
SURE-PM: 0.11260488219941778
NPMLE: 0.3275658351098197
SURE-PM, NPMLE init: 0.10584857509226141
n: 400
experiment: c
Finished training EB misspecified with NPMLE init, with SURE: 0.034274304949736066
Finished training EB misspecified with NPMLE init, with in-sample MSE: 0.0552826122506816
Finished training EB misspecified, with SURE: 0.03426866171501217
Finished training EB misspecified, with in-sample MSE: 0.05528367926640393

 Training SURE of the models:
SURE-PM: 0.03426866171501217
NPMLE: 0.3958847610966651
SURE-PM, NPMLE init: 0.034274304949736066
experiment: d
Finished training EB misspecified with NPMLE init, with SURE: -0.006554117154513684
Finished training EB misspecified with NPMLE init, with in-sample MSE: 0.005182335979923584
Finished training EB misspecified, with SURE: -0.006552361949629262
Finished training EB misspecified, with in-sample MSE: 0.005181402862028502

 Training SURE of the models:
SURE-PM: -0.006552361949629262
NPMLE: 0.10155874790987038
SURE-PM, NPMLE init: -0.006554117154513684
experiment: e
Finished training EB misspecified with NPMLE init, with SURE: 0.15433091364685708
Finished training EB misspecified with NPMLE init, with in-sample MSE: 0.18818055593888464
Finished training EB misspecified, with SURE: 0.15433450283244135
Finished training EB misspecified, with in-sample MSE: 0.18818238470133736

 Training SURE of the models:
SURE-PM: 0.15433450283244135
NPMLE: 0.3418347216547541
SURE-PM, NPMLE init: 0.15433091364685708
m: 663
n: 100
experiment: c
Finished training EB misspecified with NPMLE init, with SURE: -0.015528482319058625
Finished training EB misspecified with NPMLE init, with in-sample MSE: 0.03805703502940904
Finished training EB misspecified, with SURE: -0.015527979638465866
Finished training EB misspecified, with in-sample MSE: 0.038057117385307065

 Training SURE of the models:
SURE-PM: -0.015527979638465866
NPMLE: 0.5087434030339145
SURE-PM, NPMLE init: -0.015528482319058625
experiment: d
Finished training EB misspecified with NPMLE init, with SURE: 0.02315883824405791
Finished training EB misspecified with NPMLE init, with in-sample MSE: 0.0089834106320229
Finished training EB misspecified, with SURE: 0.017091540359992087
Finished training EB misspecified, with in-sample MSE: 0.019650085019788367

 Training SURE of the models:
SURE-PM: 0.017091540359992087
NPMLE: 0.23317670825887388
SURE-PM, NPMLE init: 0.02315883824405791
experiment: e
Finished training EB misspecified with NPMLE init, with SURE: 0.09457142537537724
Finished training EB misspecified with NPMLE init, with in-sample MSE: 0.19640408712638455
Finished training EB misspecified, with SURE: 0.08878710363662069
Finished training EB misspecified, with in-sample MSE: 0.19473390745182922

 Training SURE of the models:
SURE-PM: 0.08878710363662069
NPMLE: 0.3067387838179515
SURE-PM, NPMLE init: 0.09457142537537724
n: 200
experiment: c
Finished training EB misspecified with NPMLE init, with SURE: 0.025066541245946896
Finished training EB misspecified with NPMLE init, with in-sample MSE: 0.057295227753095486
Finished training EB misspecified, with SURE: 0.02506484252639112
Finished training EB misspecified, with in-sample MSE: 0.05731295819830037

 Training SURE of the models:
SURE-PM: 0.02506484252639112
NPMLE: 0.848757335600167
SURE-PM, NPMLE init: 0.025066541245946896
experiment: d
Finished training EB misspecified with NPMLE init, with SURE: 0.01873727859147321
Finished training EB misspecified with NPMLE init, with in-sample MSE: 0.014908767170741289
Finished training EB misspecified, with SURE: 0.01873868394464207
Finished training EB misspecified, with in-sample MSE: 0.014906963347617262

 Training SURE of the models:
SURE-PM: 0.01873868394464207
NPMLE: 0.18319358174879846
SURE-PM, NPMLE init: 0.01873727859147321
experiment: e
Finished training EB misspecified with NPMLE init, with SURE: 0.15252044562467112
Finished training EB misspecified with NPMLE init, with in-sample MSE: 0.1875932946325669
Finished training EB misspecified, with SURE: 0.15416129358782057
Finished training EB misspecified, with in-sample MSE: 0.186551378339428

 Training SURE of the models:
SURE-PM: 0.15416129358782057
NPMLE: 0.3047510073134507
SURE-PM, NPMLE init: 0.15252044562467112
n: 400
experiment: c
Finished training EB misspecified with NPMLE init, with SURE: 0.023505350122711023
Finished training EB misspecified with NPMLE init, with in-sample MSE: 0.0656003659675532
Finished training EB misspecified, with SURE: 0.02350608072828656
Finished training EB misspecified, with in-sample MSE: 0.06560351175083859

 Training SURE of the models:
SURE-PM: 0.02350608072828656
NPMLE: 0.39925009502353065
SURE-PM, NPMLE init: 0.023505350122711023
experiment: d
Finished training EB misspecified with NPMLE init, with SURE: 0.005022425452836661
Finished training EB misspecified with NPMLE init, with in-sample MSE: 0.0059565397805076414
Finished training EB misspecified, with SURE: 0.005032160013708768
Finished training EB misspecified, with in-sample MSE: 0.0059473614932810896

 Training SURE of the models:
SURE-PM: 0.005032160013708768
NPMLE: 0.05346635954910047
SURE-PM, NPMLE init: 0.005022425452836661
experiment: e
Finished training EB misspecified with NPMLE init, with SURE: 0.15921441778526998
Finished training EB misspecified with NPMLE init, with in-sample MSE: 0.15552953673899936
Finished training EB misspecified, with SURE: 0.15922380180997828
Finished training EB misspecified, with in-sample MSE: 0.15552401193075988

 Training SURE of the models:
SURE-PM: 0.15922380180997828
NPMLE: 0.33138193610448263
SURE-PM, NPMLE init: 0.15921441778526998
m: 664
n: 100
experiment: c
Finished training EB misspecified with NPMLE init, with SURE: -0.05551211058155985
Finished training EB misspecified with NPMLE init, with in-sample MSE: 0.07846079696930879
Finished training EB misspecified, with SURE: -0.05544026446478753
Finished training EB misspecified, with in-sample MSE: 0.07871101991958877

 Training SURE of the models:
SURE-PM: -0.05544026446478753
NPMLE: 0.9997664744536735
SURE-PM, NPMLE init: -0.05551211058155985
experiment: d
Finished training EB misspecified with NPMLE init, with SURE: 0.01809539237726124
Finished training EB misspecified with NPMLE init, with in-sample MSE: 0.006760355017405934
Finished training EB misspecified, with SURE: 0.018095674174047005
Finished training EB misspecified, with in-sample MSE: 0.0067661518317651955

 Training SURE of the models:
SURE-PM: 0.018095674174047005
NPMLE: 0.07337260302043211
SURE-PM, NPMLE init: 0.01809539237726124
experiment: e
Finished training EB misspecified with NPMLE init, with SURE: 0.08265876963137558
Finished training EB misspecified with NPMLE init, with in-sample MSE: 0.1812866165725673
Finished training EB misspecified, with SURE: 0.08267643815924679
Finished training EB misspecified, with in-sample MSE: 0.1815751588166515

 Training SURE of the models:
SURE-PM: 0.08267643815924679
NPMLE: 0.4675169902057816
SURE-PM, NPMLE init: 0.08265876963137558
n: 200
experiment: c
Finished training EB misspecified with NPMLE init, with SURE: 0.045612107750271774
Finished training EB misspecified with NPMLE init, with in-sample MSE: 0.09382388157000589
Finished training EB misspecified, with SURE: 0.04567319645500298
Finished training EB misspecified, with in-sample MSE: 0.09537368459707166

 Training SURE of the models:
SURE-PM: 0.04567319645500298
NPMLE: 0.751634278923661
SURE-PM, NPMLE init: 0.045612107750271774
experiment: d
Finished training EB misspecified with NPMLE init, with SURE: -0.014537009383333662
Finished training EB misspecified with NPMLE init, with in-sample MSE: 0.007575237790643158
Finished training EB misspecified, with SURE: -0.014532939332018789
Finished training EB misspecified, with in-sample MSE: 0.007570992290811914

 Training SURE of the models:
SURE-PM: -0.014532939332018789
NPMLE: 0.017785498527567504
SURE-PM, NPMLE init: -0.014537009383333662
experiment: e
Finished training EB misspecified with NPMLE init, with SURE: 0.13296577694257175
Finished training EB misspecified with NPMLE init, with in-sample MSE: 0.1617498585262507
Finished training EB misspecified, with SURE: 0.13297192461261426
Finished training EB misspecified, with in-sample MSE: 0.16174176492727377

 Training SURE of the models:
SURE-PM: 0.13297192461261426
NPMLE: 0.38983834415368335
SURE-PM, NPMLE init: 0.13296577694257175
n: 400
experiment: c
Finished training EB misspecified with NPMLE init, with SURE: 0.07407085273571319
Finished training EB misspecified with NPMLE init, with in-sample MSE: 0.06183871665612662
Finished training EB misspecified, with SURE: 0.07409927393278715
Finished training EB misspecified, with in-sample MSE: 0.06184290024147761

 Training SURE of the models:
SURE-PM: 0.07409927393278715
NPMLE: 0.719464488842122
SURE-PM, NPMLE init: 0.07407085273571319
experiment: d
Finished training EB misspecified with NPMLE init, with SURE: -0.004806311360440958
Finished training EB misspecified with NPMLE init, with in-sample MSE: 0.025614698327049025
Finished training EB misspecified, with SURE: -0.00480614013334515
Finished training EB misspecified, with in-sample MSE: 0.025615615389626752

 Training SURE of the models:
SURE-PM: -0.00480614013334515
NPMLE: 0.13268584192241872
SURE-PM, NPMLE init: -0.004806311360440958
experiment: e
Finished training EB misspecified with NPMLE init, with SURE: 0.156418773358125
Finished training EB misspecified with NPMLE init, with in-sample MSE: 0.16487471857749483
Finished training EB misspecified, with SURE: 0.15642521898913636
Finished training EB misspecified, with in-sample MSE: 0.16486618571249637

 Training SURE of the models:
SURE-PM: 0.15642521898913636
NPMLE: 0.2990363415111517
SURE-PM, NPMLE init: 0.156418773358125
m: 665
n: 100
experiment: c
Finished training EB misspecified with NPMLE init, with SURE: 0.14179851585170888
Finished training EB misspecified with NPMLE init, with in-sample MSE: 0.0712003701556826
Finished training EB misspecified, with SURE: 0.14180990445070543
Finished training EB misspecified, with in-sample MSE: 0.07111732371320541

 Training SURE of the models:
SURE-PM: 0.14180990445070543
NPMLE: 0.7439326036873345
SURE-PM, NPMLE init: 0.14179851585170888
experiment: d
Finished training EB misspecified with NPMLE init, with SURE: -0.0008705410193033636
Finished training EB misspecified with NPMLE init, with in-sample MSE: 0.010323297539514751
Finished training EB misspecified, with SURE: -0.0008705659195901383
Finished training EB misspecified, with in-sample MSE: 0.01032268387567315

 Training SURE of the models:
SURE-PM: -0.0008705659195901383
NPMLE: 0.07345815786108638
SURE-PM, NPMLE init: -0.0008705410193033636
experiment: e
Finished training EB misspecified with NPMLE init, with SURE: 0.15961516700054781
Finished training EB misspecified with NPMLE init, with in-sample MSE: 0.1830567781571252
Finished training EB misspecified, with SURE: 0.15961736035341176
Finished training EB misspecified, with in-sample MSE: 0.18305507106543106

 Training SURE of the models:
SURE-PM: 0.15961736035341176
NPMLE: 0.29069955036669576
SURE-PM, NPMLE init: 0.15961516700054781
n: 200
experiment: c
Finished training EB misspecified with NPMLE init, with SURE: 0.108212733202527
Finished training EB misspecified with NPMLE init, with in-sample MSE: 0.12772630083764835
Finished training EB misspecified, with SURE: 0.1085722080265343
Finished training EB misspecified, with in-sample MSE: 0.12867203745317166

 Training SURE of the models:
SURE-PM: 0.1085722080265343
NPMLE: 0.9240370479447431
SURE-PM, NPMLE init: 0.108212733202527
experiment: d
Finished training EB misspecified with NPMLE init, with SURE: 0.018500207266723728
Finished training EB misspecified with NPMLE init, with in-sample MSE: 0.010427610504664564
Finished training EB misspecified, with SURE: 0.018501098871614125
Finished training EB misspecified, with in-sample MSE: 0.010365752118925516

 Training SURE of the models:
SURE-PM: 0.018501098871614125
NPMLE: 0.022595672232827654
SURE-PM, NPMLE init: 0.018500207266723728
experiment: e
Finished training EB misspecified with NPMLE init, with SURE: 0.14359873787861088
Finished training EB misspecified with NPMLE init, with in-sample MSE: 0.1957002576805085
Finished training EB misspecified, with SURE: 0.14360371196930674
Finished training EB misspecified, with in-sample MSE: 0.1957023086840394

 Training SURE of the models:
SURE-PM: 0.14360371196930674
NPMLE: 0.3254440798353774
SURE-PM, NPMLE init: 0.14359873787861088
n: 400
experiment: c
Finished training EB misspecified with NPMLE init, with SURE: 0.048304120723073045
Finished training EB misspecified with NPMLE init, with in-sample MSE: 0.05958261082070557
Finished training EB misspecified, with SURE: 0.04830654954224443
Finished training EB misspecified, with in-sample MSE: 0.05958556657997044

 Training SURE of the models:
SURE-PM: 0.04830654954224443
NPMLE: 0.6862132693236195
SURE-PM, NPMLE init: 0.048304120723073045
experiment: d
Finished training EB misspecified with NPMLE init, with SURE: -0.0013710860926485146
Finished training EB misspecified with NPMLE init, with in-sample MSE: 0.005144487726089276
Finished training EB misspecified, with SURE: -0.0013661346841537458
Finished training EB misspecified, with in-sample MSE: 0.005144319574340651

 Training SURE of the models:
SURE-PM: -0.0013661346841537458
NPMLE: 0.03292460809200928
SURE-PM, NPMLE init: -0.0013710860926485146
experiment: e
Finished training EB misspecified with NPMLE init, with SURE: 0.16772963825330314
Finished training EB misspecified with NPMLE init, with in-sample MSE: 0.16277558588873475
Finished training EB misspecified, with SURE: 0.16773114923100302
Finished training EB misspecified, with in-sample MSE: 0.16277433467158442

 Training SURE of the models:
SURE-PM: 0.16773114923100302
NPMLE: 0.30774740228426906
SURE-PM, NPMLE init: 0.16772963825330314
m: 666
n: 100
experiment: c
Finished training EB misspecified with NPMLE init, with SURE: 0.005434370394159487
Finished training EB misspecified with NPMLE init, with in-sample MSE: 0.14335966963316862
Finished training EB misspecified, with SURE: 0.04234263350258615
Finished training EB misspecified, with in-sample MSE: 0.06379799947686016

 Training SURE of the models:
SURE-PM: 0.04234263350258615
NPMLE: 0.6982218823388223
SURE-PM, NPMLE init: 0.005434370394159487
experiment: d
Finished training EB misspecified with NPMLE init, with SURE: 0.0144527488093585
Finished training EB misspecified with NPMLE init, with in-sample MSE: 0.0117922778307882
Finished training EB misspecified, with SURE: 0.014453015286842969
Finished training EB misspecified, with in-sample MSE: 0.011790931291173912

 Training SURE of the models:
SURE-PM: 0.014453015286842969
NPMLE: 0.025986777297545078
SURE-PM, NPMLE init: 0.0144527488093585
experiment: e
Finished training EB misspecified with NPMLE init, with SURE: 0.1404348801680363
Finished training EB misspecified with NPMLE init, with in-sample MSE: 0.2052225296697257
Finished training EB misspecified, with SURE: 0.14043240733111126
Finished training EB misspecified, with in-sample MSE: 0.2052250798650264

 Training SURE of the models:
SURE-PM: 0.14043240733111126
NPMLE: 0.29320906006972636
SURE-PM, NPMLE init: 0.1404348801680363
n: 200
experiment: c
Finished training EB misspecified with NPMLE init, with SURE: 0.005081770169890802
Finished training EB misspecified with NPMLE init, with in-sample MSE: 0.05768789243005513
Finished training EB misspecified, with SURE: 0.00508110841846154
Finished training EB misspecified, with in-sample MSE: 0.057689739450007015

 Training SURE of the models:
SURE-PM: 0.00508110841846154
NPMLE: 0.39781442104296233
SURE-PM, NPMLE init: 0.005081770169890802
experiment: d
Finished training EB misspecified with NPMLE init, with SURE: 0.001079639370785568
Finished training EB misspecified with NPMLE init, with in-sample MSE: 0.018993790924876953
Finished training EB misspecified, with SURE: 0.0010836307639456421
Finished training EB misspecified, with in-sample MSE: 0.019026176030226803

 Training SURE of the models:
SURE-PM: 0.0010836307639456421
NPMLE: 0.015055700824832598
SURE-PM, NPMLE init: 0.001079639370785568
experiment: e
Finished training EB misspecified with NPMLE init, with SURE: 0.17841270290294506
Finished training EB misspecified with NPMLE init, with in-sample MSE: 0.25200642275127033
Finished training EB misspecified, with SURE: 0.1784211637302794
Finished training EB misspecified, with in-sample MSE: 0.2520816778209852

 Training SURE of the models:
SURE-PM: 0.1784211637302794
NPMLE: 0.31239060722887674
SURE-PM, NPMLE init: 0.17841270290294506
n: 400
experiment: c
Finished training EB misspecified with NPMLE init, with SURE: 0.0808505948480751
Finished training EB misspecified with NPMLE init, with in-sample MSE: 0.07811830195707499
Finished training EB misspecified, with SURE: 0.0919262758189663
Finished training EB misspecified, with in-sample MSE: 0.05685984433198923

 Training SURE of the models:
SURE-PM: 0.0919262758189663
NPMLE: 0.7657756716183816
SURE-PM, NPMLE init: 0.0808505948480751
experiment: d
Finished training EB misspecified with NPMLE init, with SURE: 0.0011593530106938311
Finished training EB misspecified with NPMLE init, with in-sample MSE: 0.005386418331546624
Finished training EB misspecified, with SURE: 0.0011576281005753763
Finished training EB misspecified, with in-sample MSE: 0.005375256193273724

 Training SURE of the models:
SURE-PM: 0.0011576281005753763
NPMLE: 0.09823956916636972
SURE-PM, NPMLE init: 0.0011593530106938311
experiment: e
Finished training EB misspecified with NPMLE init, with SURE: 0.160464626641325
Finished training EB misspecified with NPMLE init, with in-sample MSE: 0.16648875972667038
Finished training EB misspecified, with SURE: 0.16046534841819474
Finished training EB misspecified, with in-sample MSE: 0.1664903365745155

 Training SURE of the models:
SURE-PM: 0.16046534841819474
NPMLE: 0.3137520313369601
SURE-PM, NPMLE init: 0.160464626641325
m: 667
n: 100
experiment: c
Finished training EB misspecified with NPMLE init, with SURE: 0.06882547512244401
Finished training EB misspecified with NPMLE init, with in-sample MSE: 0.042615716450762564
Finished training EB misspecified, with SURE: 0.06882264935236038
Finished training EB misspecified, with in-sample MSE: 0.042626590713124496

 Training SURE of the models:
SURE-PM: 0.06882264935236038
NPMLE: 0.9639784315804565
SURE-PM, NPMLE init: 0.06882547512244401
experiment: d
Finished training EB misspecified with NPMLE init, with SURE: 0.009407666810286361
Finished training EB misspecified with NPMLE init, with in-sample MSE: 0.023188423303464198
Finished training EB misspecified, with SURE: 0.009408102778764107
Finished training EB misspecified, with in-sample MSE: 0.023188105137887608

 Training SURE of the models:
SURE-PM: 0.009408102778764107
NPMLE: 0.08083111818641903
SURE-PM, NPMLE init: 0.009407666810286361
experiment: e
Finished training EB misspecified with NPMLE init, with SURE: 0.1090988073332349
Finished training EB misspecified with NPMLE init, with in-sample MSE: 0.17402461380330136
Finished training EB misspecified, with SURE: 0.10910871906460144
Finished training EB misspecified, with in-sample MSE: 0.17401075150045497

 Training SURE of the models:
SURE-PM: 0.10910871906460144
NPMLE: 0.31840215915443343
SURE-PM, NPMLE init: 0.1090988073332349
n: 200
experiment: c
Finished training EB misspecified with NPMLE init, with SURE: 0.043602946340662425
Finished training EB misspecified with NPMLE init, with in-sample MSE: 0.09949826544537853
Finished training EB misspecified, with SURE: 0.04363131168681903
Finished training EB misspecified, with in-sample MSE: 0.09958951368923713

 Training SURE of the models:
SURE-PM: 0.04363131168681903
NPMLE: 1.1756334180887003
SURE-PM, NPMLE init: 0.043602946340662425
experiment: d
Finished training EB misspecified with NPMLE init, with SURE: 0.012847178857146063
Finished training EB misspecified with NPMLE init, with in-sample MSE: 0.015835379540361606
Finished training EB misspecified, with SURE: 0.012202150041109014
Finished training EB misspecified, with in-sample MSE: 0.022609327393642777

 Training SURE of the models:
SURE-PM: 0.012202150041109014
NPMLE: 0.017506107716347117
SURE-PM, NPMLE init: 0.012847178857146063
experiment: e
Finished training EB misspecified with NPMLE init, with SURE: 0.12810932115804274
Finished training EB misspecified with NPMLE init, with in-sample MSE: 0.3390173251786137
Finished training EB misspecified, with SURE: 0.12811614935938107
Finished training EB misspecified, with in-sample MSE: 0.33899151494224533

 Training SURE of the models:
SURE-PM: 0.12811614935938107
NPMLE: 0.31315124449855947
SURE-PM, NPMLE init: 0.12810932115804274
n: 400
experiment: c
Finished training EB misspecified with NPMLE init, with SURE: 0.10611323516195896
Finished training EB misspecified with NPMLE init, with in-sample MSE: 0.09801559290610419
Finished training EB misspecified, with SURE: 0.10611620905387682
Finished training EB misspecified, with in-sample MSE: 0.0979179459797386

 Training SURE of the models:
SURE-PM: 0.10611620905387682
NPMLE: 0.4115138143898621
SURE-PM, NPMLE init: 0.10611323516195896
experiment: d
Finished training EB misspecified with NPMLE init, with SURE: 0.009330440509926525
Finished training EB misspecified with NPMLE init, with in-sample MSE: 0.00911941328703164
Finished training EB misspecified, with SURE: 0.009332542622586466
Finished training EB misspecified, with in-sample MSE: 0.009122558638577525

 Training SURE of the models:
SURE-PM: 0.009332542622586466
NPMLE: 0.1668144657509169
SURE-PM, NPMLE init: 0.009330440509926525
experiment: e
Finished training EB misspecified with NPMLE init, with SURE: 0.16857158369410571
Finished training EB misspecified with NPMLE init, with in-sample MSE: 0.21097364542107522
Finished training EB misspecified, with SURE: 0.1685777097916276
Finished training EB misspecified, with in-sample MSE: 0.21098506021456476

 Training SURE of the models:
SURE-PM: 0.1685777097916276
NPMLE: 0.31265333466058415
SURE-PM, NPMLE init: 0.16857158369410571
m: 668
n: 100
experiment: c
Finished training EB misspecified with NPMLE init, with SURE: 0.015445213576707176
Finished training EB misspecified with NPMLE init, with in-sample MSE: 0.06143665491505591
Finished training EB misspecified, with SURE: 0.015471961143064733
Finished training EB misspecified, with in-sample MSE: 0.06155930188532554

 Training SURE of the models:
SURE-PM: 0.015471961143064733
NPMLE: 0.5840921135597776
SURE-PM, NPMLE init: 0.015445213576707176
experiment: d
Finished training EB misspecified with NPMLE init, with SURE: 0.007085012016690246
Finished training EB misspecified with NPMLE init, with in-sample MSE: 0.0035758835553625257
Finished training EB misspecified, with SURE: 0.0069159973085901605
Finished training EB misspecified, with in-sample MSE: 0.003923104497626326

 Training SURE of the models:
SURE-PM: 0.0069159973085901605
NPMLE: 0.04569624257832437
SURE-PM, NPMLE init: 0.007085012016690246
experiment: e
Finished training EB misspecified with NPMLE init, with SURE: 0.11411376356845239
Finished training EB misspecified with NPMLE init, with in-sample MSE: 0.19680533452644342
Finished training EB misspecified, with SURE: 0.11411556543088487
Finished training EB misspecified, with in-sample MSE: 0.19680418923302534

 Training SURE of the models:
SURE-PM: 0.11411556543088487
NPMLE: 0.2913725161359635
SURE-PM, NPMLE init: 0.11411376356845239
n: 200
experiment: c
Finished training EB misspecified with NPMLE init, with SURE: 0.04282755197872064
Finished training EB misspecified with NPMLE init, with in-sample MSE: 0.052442793537530105
Finished training EB misspecified, with SURE: 0.04287382421621665
Finished training EB misspecified, with in-sample MSE: 0.05240523524293751

 Training SURE of the models:
SURE-PM: 0.04287382421621665
NPMLE: 0.8340182633060721
SURE-PM, NPMLE init: 0.04282755197872064
experiment: d
Finished training EB misspecified with NPMLE init, with SURE: -0.014090121247561883
Finished training EB misspecified with NPMLE init, with in-sample MSE: 0.0037358783558062636
Finished training EB misspecified, with SURE: -0.014083998876782253
Finished training EB misspecified, with in-sample MSE: 0.0037312940674340983

 Training SURE of the models:
SURE-PM: -0.014083998876782253
NPMLE: 0.0013109854602191006
SURE-PM, NPMLE init: -0.014090121247561883
experiment: e
Finished training EB misspecified with NPMLE init, with SURE: 0.1662003652195558
Finished training EB misspecified with NPMLE init, with in-sample MSE: 0.17818413261779206
Finished training EB misspecified, with SURE: 0.1662123632805652
Finished training EB misspecified, with in-sample MSE: 0.17835112599062902

 Training SURE of the models:
SURE-PM: 0.1662123632805652
NPMLE: 0.30809643309149115
SURE-PM, NPMLE init: 0.1662003652195558
n: 400
experiment: c
Finished training EB misspecified with NPMLE init, with SURE: 0.04661301732609054
Finished training EB misspecified with NPMLE init, with in-sample MSE: 0.05444339636209116
Finished training EB misspecified, with SURE: 0.046626442995850684
Finished training EB misspecified, with in-sample MSE: 0.0544432102571973

 Training SURE of the models:
SURE-PM: 0.046626442995850684
NPMLE: 0.5884578895854904
SURE-PM, NPMLE init: 0.04661301732609054
experiment: d
Finished training EB misspecified with NPMLE init, with SURE: 0.004585608857478825
Finished training EB misspecified with NPMLE init, with in-sample MSE: 0.0038307774816275773
Finished training EB misspecified, with SURE: 0.004593556878936092
Finished training EB misspecified, with in-sample MSE: 0.003830977046010964

 Training SURE of the models:
SURE-PM: 0.004593556878936092
NPMLE: 0.09664667910954135
SURE-PM, NPMLE init: 0.004585608857478825
experiment: e
Finished training EB misspecified with NPMLE init, with SURE: 0.16823045763677835
Finished training EB misspecified with NPMLE init, with in-sample MSE: 0.16939923510074492
Finished training EB misspecified, with SURE: 0.16823197933961143
Finished training EB misspecified, with in-sample MSE: 0.16937197173035376

 Training SURE of the models:
SURE-PM: 0.16823197933961143
NPMLE: 0.32367806434962426
SURE-PM, NPMLE init: 0.16823045763677835
m: 669
n: 100
experiment: c
Finished training EB misspecified with NPMLE init, with SURE: -0.030217025842878373
Finished training EB misspecified with NPMLE init, with in-sample MSE: 0.051886348372053026
Finished training EB misspecified, with SURE: -0.030216602629078368
Finished training EB misspecified, with in-sample MSE: 0.0518863533877541

 Training SURE of the models:
SURE-PM: -0.030216602629078368
NPMLE: 0.37937077512186446
SURE-PM, NPMLE init: -0.030217025842878373
experiment: d
Finished training EB misspecified with NPMLE init, with SURE: -0.019076254640934317
Finished training EB misspecified with NPMLE init, with in-sample MSE: 0.013765200725638964
Finished training EB misspecified, with SURE: -0.019075819209736035
Finished training EB misspecified, with in-sample MSE: 0.01376505385011967

 Training SURE of the models:
SURE-PM: -0.019075819209736035
NPMLE: 0.05610579779253246
SURE-PM, NPMLE init: -0.019076254640934317
experiment: e
Finished training EB misspecified with NPMLE init, with SURE: 0.1309293743356083
Finished training EB misspecified with NPMLE init, with in-sample MSE: 0.20424379149357197
Finished training EB misspecified, with SURE: 0.13093413938957926
Finished training EB misspecified, with in-sample MSE: 0.2042462283532734

 Training SURE of the models:
SURE-PM: 0.13093413938957926
NPMLE: 0.3293853517293874
SURE-PM, NPMLE init: 0.1309293743356083
n: 200
experiment: c
Finished training EB misspecified with NPMLE init, with SURE: 0.018496661419235352
Finished training EB misspecified with NPMLE init, with in-sample MSE: 0.05136582361337928
Finished training EB misspecified, with SURE: 0.01848385737397905
Finished training EB misspecified, with in-sample MSE: 0.05137320882131082

 Training SURE of the models:
SURE-PM: 0.01848385737397905
NPMLE: 0.7046872083712347
SURE-PM, NPMLE init: 0.018496661419235352
experiment: d
Finished training EB misspecified with NPMLE init, with SURE: 0.011112991273838127
Finished training EB misspecified with NPMLE init, with in-sample MSE: 0.011803873868715169
Finished training EB misspecified, with SURE: 0.011580057557541146
Finished training EB misspecified, with in-sample MSE: 0.010160358345632076

 Training SURE of the models:
SURE-PM: 0.011580057557541146
NPMLE: 0.06511810442344956
SURE-PM, NPMLE init: 0.011112991273838127
experiment: e
Finished training EB misspecified with NPMLE init, with SURE: 0.14861484835833255
Finished training EB misspecified with NPMLE init, with in-sample MSE: 0.19629049326853806
Finished training EB misspecified, with SURE: 0.14862393920240077
Finished training EB misspecified, with in-sample MSE: 0.19629100260912274

 Training SURE of the models:
SURE-PM: 0.14862393920240077
NPMLE: 0.4986016924004917
SURE-PM, NPMLE init: 0.14861484835833255
n: 400
experiment: c
Finished training EB misspecified with NPMLE init, with SURE: 0.0783995215565897
Finished training EB misspecified with NPMLE init, with in-sample MSE: 0.09839874496819935
Finished training EB misspecified, with SURE: 0.07840015144902573
Finished training EB misspecified, with in-sample MSE: 0.098399484143285

 Training SURE of the models:
SURE-PM: 0.07840015144902573
NPMLE: 0.5295239567444806
SURE-PM, NPMLE init: 0.0783995215565897
experiment: d
Finished training EB misspecified with NPMLE init, with SURE: 0.0003042360320145754
Finished training EB misspecified with NPMLE init, with in-sample MSE: 0.004121663262320227
Finished training EB misspecified, with SURE: 0.0003076962732293254
Finished training EB misspecified, with in-sample MSE: 0.004110270674232413

 Training SURE of the models:
SURE-PM: 0.0003076962732293254
NPMLE: 0.060753161217242495
SURE-PM, NPMLE init: 0.0003042360320145754
experiment: e
Finished training EB misspecified with NPMLE init, with SURE: 0.15351465178296017
Finished training EB misspecified with NPMLE init, with in-sample MSE: 0.18941710458018307
Finished training EB misspecified, with SURE: 0.15351010886037827
Finished training EB misspecified, with in-sample MSE: 0.1894142152019509

 Training SURE of the models:
SURE-PM: 0.15351010886037827
NPMLE: 0.29744517333724824
SURE-PM, NPMLE init: 0.15351465178296017
m: 670
n: 100
experiment: c
Finished training EB misspecified with NPMLE init, with SURE: -0.0053912885799010015
Finished training EB misspecified with NPMLE init, with in-sample MSE: 0.19665160180075683
Finished training EB misspecified, with SURE: -0.005385102482092776
Finished training EB misspecified, with in-sample MSE: 0.19665871678290534

 Training SURE of the models:
SURE-PM: -0.005385102482092776
NPMLE: 1.081568594370665
SURE-PM, NPMLE init: -0.0053912885799010015
experiment: d
Finished training EB misspecified with NPMLE init, with SURE: -0.013402844797482025
Finished training EB misspecified with NPMLE init, with in-sample MSE: 0.006012328252033005
Finished training EB misspecified, with SURE: -0.013401026150636994
Finished training EB misspecified, with in-sample MSE: 0.006012156020616946

 Training SURE of the models:
SURE-PM: -0.013401026150636994
NPMLE: -0.004339276603093403
SURE-PM, NPMLE init: -0.013402844797482025
experiment: e
Finished training EB misspecified with NPMLE init, with SURE: 0.14239023235807466
Finished training EB misspecified with NPMLE init, with in-sample MSE: 0.2047597658566271
Finished training EB misspecified, with SURE: 0.14240026145732812
Finished training EB misspecified, with in-sample MSE: 0.2047569410288832

 Training SURE of the models:
SURE-PM: 0.14240026145732812
NPMLE: 0.28076064722982524
SURE-PM, NPMLE init: 0.14239023235807466
n: 200
experiment: c
Finished training EB misspecified with NPMLE init, with SURE: 0.13848246376974216
Finished training EB misspecified with NPMLE init, with in-sample MSE: 0.10500131615512226
Finished training EB misspecified, with SURE: 0.13848384954350296
Finished training EB misspecified, with in-sample MSE: 0.10499920174544593

 Training SURE of the models:
SURE-PM: 0.13848384954350296
NPMLE: 0.7832284794431756
SURE-PM, NPMLE init: 0.13848246376974216
experiment: d
Finished training EB misspecified with NPMLE init, with SURE: 0.014204328381217515
Finished training EB misspecified with NPMLE init, with in-sample MSE: 0.006697906241092866
Finished training EB misspecified, with SURE: 0.0142058317891291
Finished training EB misspecified, with in-sample MSE: 0.006695644868901357

 Training SURE of the models:
SURE-PM: 0.0142058317891291
NPMLE: 0.08301494176684358
SURE-PM, NPMLE init: 0.014204328381217515
experiment: e
Finished training EB misspecified with NPMLE init, with SURE: 0.15423055673466204
Finished training EB misspecified with NPMLE init, with in-sample MSE: 0.2235734787040472
Finished training EB misspecified, with SURE: 0.14850435736374817
Finished training EB misspecified, with in-sample MSE: 0.2244938403783977

 Training SURE of the models:
SURE-PM: 0.14850435736374817
NPMLE: 0.27206882087915213
SURE-PM, NPMLE init: 0.15423055673466204
n: 400
experiment: c
Finished training EB misspecified with NPMLE init, with SURE: 0.06786252013188027
Finished training EB misspecified with NPMLE init, with in-sample MSE: 0.06683743671852863
Finished training EB misspecified, with SURE: 0.06787911643491341
Finished training EB misspecified, with in-sample MSE: 0.06677826933997714

 Training SURE of the models:
SURE-PM: 0.06787911643491341
NPMLE: 1.0064934851538547
SURE-PM, NPMLE init: 0.06786252013188027
experiment: d
Finished training EB misspecified with NPMLE init, with SURE: 0.012252621742855983
Finished training EB misspecified with NPMLE init, with in-sample MSE: 0.00504595824522583
Finished training EB misspecified, with SURE: 0.012259272452649963
Finished training EB misspecified, with in-sample MSE: 0.005044028288201682

 Training SURE of the models:
SURE-PM: 0.012259272452649963
NPMLE: 0.07398512353590059
SURE-PM, NPMLE init: 0.012252621742855983
experiment: e
Finished training EB misspecified with NPMLE init, with SURE: 0.13950559015532432
Finished training EB misspecified with NPMLE init, with in-sample MSE: 0.1723450016704727
Finished training EB misspecified, with SURE: 0.13950959315098563
Finished training EB misspecified, with in-sample MSE: 0.17234775079204406

 Training SURE of the models:
SURE-PM: 0.13950959315098563
NPMLE: 0.3582706414952335
SURE-PM, NPMLE init: 0.13950559015532432
m: 671
n: 100
experiment: c
Finished training EB misspecified with NPMLE init, with SURE: 0.10132067281068004
Finished training EB misspecified with NPMLE init, with in-sample MSE: 0.06923381090831097
Finished training EB misspecified, with SURE: 0.10136234864707987
Finished training EB misspecified, with in-sample MSE: 0.06937838734609972

 Training SURE of the models:
SURE-PM: 0.10136234864707987
NPMLE: 0.3859987223867186
SURE-PM, NPMLE init: 0.10132067281068004
experiment: d
Finished training EB misspecified with NPMLE init, with SURE: -0.0011105092218205571
Finished training EB misspecified with NPMLE init, with in-sample MSE: 0.033178103402558376
Finished training EB misspecified, with SURE: -0.0011072314201559408
Finished training EB misspecified, with in-sample MSE: 0.03317238701632068

 Training SURE of the models:
SURE-PM: -0.0011072314201559408
NPMLE: 0.09210266998485749
SURE-PM, NPMLE init: -0.0011105092218205571
experiment: e
Finished training EB misspecified with NPMLE init, with SURE: 0.13007378172522988
Finished training EB misspecified with NPMLE init, with in-sample MSE: 0.21039622871205857
Finished training EB misspecified, with SURE: 0.1300747139806086
Finished training EB misspecified, with in-sample MSE: 0.21046389072235758

 Training SURE of the models:
SURE-PM: 0.1300747139806086
NPMLE: 0.33235082848425607
SURE-PM, NPMLE init: 0.13007378172522988
n: 200
experiment: c
Finished training EB misspecified with NPMLE init, with SURE: 0.06671764802861965
Finished training EB misspecified with NPMLE init, with in-sample MSE: 0.05360499316553255
Finished training EB misspecified, with SURE: 0.06673427434381686
Finished training EB misspecified, with in-sample MSE: 0.05359387910309489

 Training SURE of the models:
SURE-PM: 0.06673427434381686
NPMLE: 0.5391479576006081
SURE-PM, NPMLE init: 0.06671764802861965
experiment: d
Finished training EB misspecified with NPMLE init, with SURE: -0.025903417756432425
Finished training EB misspecified with NPMLE init, with in-sample MSE: 0.02216739559870032
Finished training EB misspecified, with SURE: -0.02590271970705226
Finished training EB misspecified, with in-sample MSE: 0.022164625911122903

 Training SURE of the models:
SURE-PM: -0.02590271970705226
NPMLE: -0.013219783632174931
SURE-PM, NPMLE init: -0.025903417756432425
experiment: e
Finished training EB misspecified with NPMLE init, with SURE: 0.12760231247202378
Finished training EB misspecified with NPMLE init, with in-sample MSE: 0.14130666335708583
Finished training EB misspecified, with SURE: 0.1276116044549976
Finished training EB misspecified, with in-sample MSE: 0.1412562105030384

 Training SURE of the models:
SURE-PM: 0.1276116044549976
NPMLE: 0.335962130215259
SURE-PM, NPMLE init: 0.12760231247202378
n: 400
experiment: c
Finished training EB misspecified with NPMLE init, with SURE: -0.013796842156412907
Finished training EB misspecified with NPMLE init, with in-sample MSE: 0.07604285852541437
Finished training EB misspecified, with SURE: -0.013775812076768972
Finished training EB misspecified, with in-sample MSE: 0.07591570172981388

 Training SURE of the models:
SURE-PM: -0.013775812076768972
NPMLE: 0.2091152941082875
SURE-PM, NPMLE init: -0.013796842156412907
experiment: d
Finished training EB misspecified with NPMLE init, with SURE: -0.012644780702643193
Finished training EB misspecified with NPMLE init, with in-sample MSE: 0.006258360757384424
Finished training EB misspecified, with SURE: -0.012644532679506248
Finished training EB misspecified, with in-sample MSE: 0.006258124644921585

 Training SURE of the models:
SURE-PM: -0.012644532679506248
NPMLE: 0.023666344344031583
SURE-PM, NPMLE init: -0.012644780702643193
experiment: e
Finished training EB misspecified with NPMLE init, with SURE: 0.16139028833220284
Finished training EB misspecified with NPMLE init, with in-sample MSE: 0.1729740716201125
Finished training EB misspecified, with SURE: 0.16144662470947221
Finished training EB misspecified, with in-sample MSE: 0.172636102333368

 Training SURE of the models:
SURE-PM: 0.16144662470947221
NPMLE: 0.35468206348699
SURE-PM, NPMLE init: 0.16139028833220284
m: 672
n: 100
experiment: c
Finished training EB misspecified with NPMLE init, with SURE: -0.006951985694757213
Finished training EB misspecified with NPMLE init, with in-sample MSE: 0.07377909356646738
Finished training EB misspecified, with SURE: -0.00694084613808144
Finished training EB misspecified, with in-sample MSE: 0.07368318334724461

 Training SURE of the models:
SURE-PM: -0.00694084613808144
NPMLE: 0.552097482744583
SURE-PM, NPMLE init: -0.006951985694757213
experiment: d
Finished training EB misspecified with NPMLE init, with SURE: 0.026405055133772937
Finished training EB misspecified with NPMLE init, with in-sample MSE: 0.003121777594288708
Finished training EB misspecified, with SURE: 0.02640533084176422
Finished training EB misspecified, with in-sample MSE: 0.003123276170926664

 Training SURE of the models:
SURE-PM: 0.02640533084176422
NPMLE: 0.03863409652853143
SURE-PM, NPMLE init: 0.026405055133772937
experiment: e
Finished training EB misspecified with NPMLE init, with SURE: 0.19299007625522357
Finished training EB misspecified with NPMLE init, with in-sample MSE: 0.21613448716374617
Finished training EB misspecified, with SURE: 0.19299251552212618
Finished training EB misspecified, with in-sample MSE: 0.21613411518603556

 Training SURE of the models:
SURE-PM: 0.19299251552212618
NPMLE: 0.285467476394748
SURE-PM, NPMLE init: 0.19299007625522357
n: 200
experiment: c
Finished training EB misspecified with NPMLE init, with SURE: 0.059321352619833054
Finished training EB misspecified with NPMLE init, with in-sample MSE: 0.06259113024928788
Finished training EB misspecified, with SURE: 0.059253369679882865
Finished training EB misspecified, with in-sample MSE: 0.06229358861477297

 Training SURE of the models:
SURE-PM: 0.059253369679882865
NPMLE: 0.8029634610713381
SURE-PM, NPMLE init: 0.059321352619833054
experiment: d
Finished training EB misspecified with NPMLE init, with SURE: -0.011726406161544212
Finished training EB misspecified with NPMLE init, with in-sample MSE: 0.007058077737334927
Finished training EB misspecified, with SURE: -0.011726334220845819
Finished training EB misspecified, with in-sample MSE: 0.007053123167017139

 Training SURE of the models:
SURE-PM: -0.011726334220845819
NPMLE: 0.0464331336937407
SURE-PM, NPMLE init: -0.011726406161544212
experiment: e
Finished training EB misspecified with NPMLE init, with SURE: 0.18050029901058529
Finished training EB misspecified with NPMLE init, with in-sample MSE: 0.18213361749754214
Finished training EB misspecified, with SURE: 0.1805060691702942
Finished training EB misspecified, with in-sample MSE: 0.1821297465313057

 Training SURE of the models:
SURE-PM: 0.1805060691702942
NPMLE: 0.26794725876758585
SURE-PM, NPMLE init: 0.18050029901058529
n: 400
experiment: c
Finished training EB misspecified with NPMLE init, with SURE: 0.0327238107412515
Finished training EB misspecified with NPMLE init, with in-sample MSE: 0.058318414042402685
Finished training EB misspecified, with SURE: 0.032758218908785185
Finished training EB misspecified, with in-sample MSE: 0.05829099407671471

 Training SURE of the models:
SURE-PM: 0.032758218908785185
NPMLE: 0.8590700853702299
SURE-PM, NPMLE init: 0.0327238107412515
experiment: d
Finished training EB misspecified with NPMLE init, with SURE: -0.01622702293938927
Finished training EB misspecified with NPMLE init, with in-sample MSE: 0.004266766230953674
Finished training EB misspecified, with SURE: -0.016225399796436106
Finished training EB misspecified, with in-sample MSE: 0.004266101284386246

 Training SURE of the models:
SURE-PM: -0.016225399796436106
NPMLE: 0.0328801606587442
SURE-PM, NPMLE init: -0.01622702293938927
experiment: e
Finished training EB misspecified with NPMLE init, with SURE: 0.15468632026991777
Finished training EB misspecified with NPMLE init, with in-sample MSE: 0.1713734268739085
Finished training EB misspecified, with SURE: 0.15523051570316276
Finished training EB misspecified, with in-sample MSE: 0.17159165897654877

 Training SURE of the models:
SURE-PM: 0.15523051570316276
NPMLE: 0.360514001848838
SURE-PM, NPMLE init: 0.15468632026991777
m: 673
n: 100
experiment: c
Finished training EB misspecified with NPMLE init, with SURE: 0.031758533109235716
Finished training EB misspecified with NPMLE init, with in-sample MSE: 0.06066054704180659
Finished training EB misspecified, with SURE: 0.031758901362706385
Finished training EB misspecified, with in-sample MSE: 0.0606603427553613

 Training SURE of the models:
SURE-PM: 0.031758901362706385
NPMLE: 0.3847682340925375
SURE-PM, NPMLE init: 0.031758533109235716
experiment: d
Finished training EB misspecified with NPMLE init, with SURE: 0.022661430572905508
Finished training EB misspecified with NPMLE init, with in-sample MSE: 0.01030819655861985
Finished training EB misspecified, with SURE: 0.02266108277740159
Finished training EB misspecified, with in-sample MSE: 0.01030880631546243

 Training SURE of the models:
SURE-PM: 0.02266108277740159
NPMLE: 0.10084130549746075
SURE-PM, NPMLE init: 0.022661430572905508
experiment: e
Finished training EB misspecified with NPMLE init, with SURE: 0.13503473041849007
Finished training EB misspecified with NPMLE init, with in-sample MSE: 0.1897512461694836
Finished training EB misspecified, with SURE: 0.13503292844262355
Finished training EB misspecified, with in-sample MSE: 0.18975559030196648

 Training SURE of the models:
SURE-PM: 0.13503292844262355
NPMLE: 0.2747749580950954
SURE-PM, NPMLE init: 0.13503473041849007
n: 200
experiment: c
Finished training EB misspecified with NPMLE init, with SURE: 0.01758690401449428
Finished training EB misspecified with NPMLE init, with in-sample MSE: 0.05535816981231461
Finished training EB misspecified, with SURE: 0.01760734001099962
Finished training EB misspecified, with in-sample MSE: 0.05535262383681614

 Training SURE of the models:
SURE-PM: 0.01760734001099962
NPMLE: 0.23678317288904366
SURE-PM, NPMLE init: 0.01758690401449428
experiment: d
Finished training EB misspecified with NPMLE init, with SURE: 0.015950554596652004
Finished training EB misspecified with NPMLE init, with in-sample MSE: 0.012550029792209786
Finished training EB misspecified, with SURE: 0.015550402944590438
Finished training EB misspecified, with in-sample MSE: 0.014277221796126355

 Training SURE of the models:
SURE-PM: 0.015550402944590438
NPMLE: 0.16333589165240256
SURE-PM, NPMLE init: 0.015950554596652004
experiment: e
Finished training EB misspecified with NPMLE init, with SURE: 0.19177253128073077
Finished training EB misspecified with NPMLE init, with in-sample MSE: 0.1732611484779917
Finished training EB misspecified, with SURE: 0.17389821228523517
Finished training EB misspecified, with in-sample MSE: 0.187070683163068

 Training SURE of the models:
SURE-PM: 0.17389821228523517
NPMLE: 0.8069764827598663
SURE-PM, NPMLE init: 0.19177253128073077
n: 400
experiment: c
Finished training EB misspecified with NPMLE init, with SURE: 0.08210704969471941
Finished training EB misspecified with NPMLE init, with in-sample MSE: 0.07515201585658532
Finished training EB misspecified, with SURE: 0.08500607582091085
Finished training EB misspecified, with in-sample MSE: 0.06569470623571783

 Training SURE of the models:
SURE-PM: 0.08500607582091085
NPMLE: 1.0329104065210382
SURE-PM, NPMLE init: 0.08210704969471941
experiment: d
Finished training EB misspecified with NPMLE init, with SURE: -0.013171176333125523
Finished training EB misspecified with NPMLE init, with in-sample MSE: 0.005031559050535572
Finished training EB misspecified, with SURE: -0.01317031900089903
Finished training EB misspecified, with in-sample MSE: 0.0050290493406201795

 Training SURE of the models:
SURE-PM: -0.01317031900089903
NPMLE: 0.016667429594457824
SURE-PM, NPMLE init: -0.013171176333125523
experiment: e
Finished training EB misspecified with NPMLE init, with SURE: 0.1553250632194237
Finished training EB misspecified with NPMLE init, with in-sample MSE: 0.18901740415710822
Finished training EB misspecified, with SURE: 0.1553248569917771
Finished training EB misspecified, with in-sample MSE: 0.18901284219828607

 Training SURE of the models:
SURE-PM: 0.1553248569917771
NPMLE: 0.3122715428369886
SURE-PM, NPMLE init: 0.1553250632194237
m: 674
n: 100
experiment: c
Finished training EB misspecified with NPMLE init, with SURE: 0.10311742724167061
Finished training EB misspecified with NPMLE init, with in-sample MSE: 0.15733917375129994
Finished training EB misspecified, with SURE: 0.10311995798467806
Finished training EB misspecified, with in-sample MSE: 0.15733315373248202

 Training SURE of the models:
SURE-PM: 0.10311995798467806
NPMLE: 0.9141384787669058
SURE-PM, NPMLE init: 0.10311742724167061
experiment: d
Finished training EB misspecified with NPMLE init, with SURE: 0.014616956302027688
Finished training EB misspecified with NPMLE init, with in-sample MSE: 0.0063836673684869024
Finished training EB misspecified, with SURE: 0.01461718374869001
Finished training EB misspecified, with in-sample MSE: 0.006385708680103631

 Training SURE of the models:
SURE-PM: 0.01461718374869001
NPMLE: 0.027552666485026
SURE-PM, NPMLE init: 0.014616956302027688
experiment: e
Finished training EB misspecified with NPMLE init, with SURE: 0.17584003492658595
Finished training EB misspecified with NPMLE init, with in-sample MSE: 0.2066895049890391
Finished training EB misspecified, with SURE: 0.1758453369573752
Finished training EB misspecified, with in-sample MSE: 0.20670677788301994

 Training SURE of the models:
SURE-PM: 0.1758453369573752
NPMLE: 0.35505105228923584
SURE-PM, NPMLE init: 0.17584003492658595
n: 200
experiment: c
Finished training EB misspecified with NPMLE init, with SURE: 0.0176534543363897
Finished training EB misspecified with NPMLE init, with in-sample MSE: 0.061012018978855956
Finished training EB misspecified, with SURE: 0.017668999980739244
Finished training EB misspecified, with in-sample MSE: 0.06101381801383611

 Training SURE of the models:
SURE-PM: 0.017668999980739244
NPMLE: 0.6345322791200645
SURE-PM, NPMLE init: 0.0176534543363897
experiment: d
Finished training EB misspecified with NPMLE init, with SURE: -0.005682685131157612
Finished training EB misspecified with NPMLE init, with in-sample MSE: 0.0038972155306171486
Finished training EB misspecified, with SURE: -0.0056780958006596195
Finished training EB misspecified, with in-sample MSE: 0.003884629343046156

 Training SURE of the models:
SURE-PM: -0.0056780958006596195
NPMLE: 0.044594177665461
SURE-PM, NPMLE init: -0.005682685131157612
experiment: e
Finished training EB misspecified with NPMLE init, with SURE: 0.14215164697971636
Finished training EB misspecified with NPMLE init, with in-sample MSE: 0.18137761563035762
Finished training EB misspecified, with SURE: 0.14027906712521027
Finished training EB misspecified, with in-sample MSE: 0.18228643990310917

 Training SURE of the models:
SURE-PM: 0.14027906712521027
NPMLE: 0.42170612362803017
SURE-PM, NPMLE init: 0.14215164697971636
n: 400
experiment: c
Finished training EB misspecified with NPMLE init, with SURE: 0.01963296707126659
Finished training EB misspecified with NPMLE init, with in-sample MSE: 0.05362455917174102
Finished training EB misspecified, with SURE: 0.019635328642504887
Finished training EB misspecified, with in-sample MSE: 0.05362428309463946

 Training SURE of the models:
SURE-PM: 0.019635328642504887
NPMLE: 0.5608423650060707
SURE-PM, NPMLE init: 0.01963296707126659
experiment: d
Finished training EB misspecified with NPMLE init, with SURE: 0.0008163570174320256
Finished training EB misspecified with NPMLE init, with in-sample MSE: 0.0038225413517658617
Finished training EB misspecified, with SURE: 0.0008201242535209374
Finished training EB misspecified, with in-sample MSE: 0.0038189346244444796

 Training SURE of the models:
SURE-PM: 0.0008201242535209374
NPMLE: 0.024561591238775157
SURE-PM, NPMLE init: 0.0008163570174320256
experiment: e
Finished training EB misspecified with NPMLE init, with SURE: 0.152411791109188
Finished training EB misspecified with NPMLE init, with in-sample MSE: 0.16318530752849505
Finished training EB misspecified, with SURE: 0.15240306664196987
Finished training EB misspecified, with in-sample MSE: 0.16309795924616172

 Training SURE of the models:
SURE-PM: 0.15240306664196987
NPMLE: 0.3460070863045436
SURE-PM, NPMLE init: 0.152411791109188
m: 675
n: 100
experiment: c
Finished training EB misspecified with NPMLE init, with SURE: -0.06853848497819442
Finished training EB misspecified with NPMLE init, with in-sample MSE: 0.07025335907874793
Finished training EB misspecified, with SURE: -0.06853256627171461
Finished training EB misspecified, with in-sample MSE: 0.0702373708168427

 Training SURE of the models:
SURE-PM: -0.06853256627171461
NPMLE: 0.30703211549701975
SURE-PM, NPMLE init: -0.06853848497819442
experiment: d
Finished training EB misspecified with NPMLE init, with SURE: 0.00052602481243893
Finished training EB misspecified with NPMLE init, with in-sample MSE: 0.0066903727904095624
Finished training EB misspecified, with SURE: 0.0005258396080389893
Finished training EB misspecified, with in-sample MSE: 0.006690820622183766

 Training SURE of the models:
SURE-PM: 0.0005258396080389893
NPMLE: 0.11485995186467715
SURE-PM, NPMLE init: 0.00052602481243893
experiment: e
Finished training EB misspecified with NPMLE init, with SURE: 0.16351604354205843
Finished training EB misspecified with NPMLE init, with in-sample MSE: 0.1640938658466802
Finished training EB misspecified, with SURE: 0.16351654878792485
Finished training EB misspecified, with in-sample MSE: 0.16409463083640322

 Training SURE of the models:
SURE-PM: 0.16351654878792485
NPMLE: 0.3247659748756106
SURE-PM, NPMLE init: 0.16351604354205843
n: 200
experiment: c
Finished training EB misspecified with NPMLE init, with SURE: 0.07896810399765833
Finished training EB misspecified with NPMLE init, with in-sample MSE: 0.056242056637418145
Finished training EB misspecified, with SURE: 0.07898638293113158
Finished training EB misspecified, with in-sample MSE: 0.05628042611635958

 Training SURE of the models:
SURE-PM: 0.07898638293113158
NPMLE: 0.3086880334489638
SURE-PM, NPMLE init: 0.07896810399765833
experiment: d
Finished training EB misspecified with NPMLE init, with SURE: -0.02459424150607086
Finished training EB misspecified with NPMLE init, with in-sample MSE: 0.007347531491197251
Finished training EB misspecified, with SURE: -0.024592393367114357
Finished training EB misspecified, with in-sample MSE: 0.007343693428161107

 Training SURE of the models:
SURE-PM: -0.024592393367114357
NPMLE: -0.02047323506369075
SURE-PM, NPMLE init: -0.02459424150607086
experiment: e
Finished training EB misspecified with NPMLE init, with SURE: 0.1464572223852851
Finished training EB misspecified with NPMLE init, with in-sample MSE: 0.16333063142282866
Finished training EB misspecified, with SURE: 0.14645990225841946
Finished training EB misspecified, with in-sample MSE: 0.16335930307626653

 Training SURE of the models:
SURE-PM: 0.14645990225841946
NPMLE: 0.268115218996009
SURE-PM, NPMLE init: 0.1464572223852851
n: 400
experiment: c
Finished training EB misspecified with NPMLE init, with SURE: 0.02067979816086151
Finished training EB misspecified with NPMLE init, with in-sample MSE: 0.046153791630753005
Finished training EB misspecified, with SURE: 0.02068990741988671
Finished training EB misspecified, with in-sample MSE: 0.04616183803342851

 Training SURE of the models:
SURE-PM: 0.02068990741988671
NPMLE: 0.39038877271518885
SURE-PM, NPMLE init: 0.02067979816086151
experiment: d
Finished training EB misspecified with NPMLE init, with SURE: -0.0013319715482218797
Finished training EB misspecified with NPMLE init, with in-sample MSE: 0.00770750901872203
Finished training EB misspecified, with SURE: -0.001331888542912587
Finished training EB misspecified, with in-sample MSE: 0.007700607886906319

 Training SURE of the models:
SURE-PM: -0.001331888542912587
NPMLE: 0.08958699079026143
SURE-PM, NPMLE init: -0.0013319715482218797
experiment: e
Finished training EB misspecified with NPMLE init, with SURE: 0.13852393407426802
Finished training EB misspecified with NPMLE init, with in-sample MSE: 0.17625193600692396
Finished training EB misspecified, with SURE: 0.13612045254039515
Finished training EB misspecified, with in-sample MSE: 0.17867020857465163

 Training SURE of the models:
SURE-PM: 0.13612045254039515
NPMLE: 0.3360049502777511
SURE-PM, NPMLE init: 0.13852393407426802
m: 676
n: 100
experiment: c
Finished training EB misspecified with NPMLE init, with SURE: -0.06120613137311565
Finished training EB misspecified with NPMLE init, with in-sample MSE: 0.061979965883247196
Finished training EB misspecified, with SURE: -0.05975929913832573
Finished training EB misspecified, with in-sample MSE: 0.06253588666651408

 Training SURE of the models:
SURE-PM: -0.05975929913832573
NPMLE: 0.4383403492391777
SURE-PM, NPMLE init: -0.06120613137311565
experiment: d
Finished training EB misspecified with NPMLE init, with SURE: 0.00279099327146362
Finished training EB misspecified with NPMLE init, with in-sample MSE: 0.009694566845586361
Finished training EB misspecified, with SURE: 0.002791033188051415
Finished training EB misspecified, with in-sample MSE: 0.009702704251417126

 Training SURE of the models:
SURE-PM: 0.002791033188051415
NPMLE: 0.09304882944520396
SURE-PM, NPMLE init: 0.00279099327146362
experiment: e
Finished training EB misspecified with NPMLE init, with SURE: 0.1302710577246873
Finished training EB misspecified with NPMLE init, with in-sample MSE: 0.19929261050490357
Finished training EB misspecified, with SURE: 0.13028079571242052
Finished training EB misspecified, with in-sample MSE: 0.19928255590408867

 Training SURE of the models:
SURE-PM: 0.13028079571242052
NPMLE: 0.31993127354126083
SURE-PM, NPMLE init: 0.1302710577246873
n: 200
experiment: c
Finished training EB misspecified with NPMLE init, with SURE: 0.04930001074418371
Finished training EB misspecified with NPMLE init, with in-sample MSE: 0.05612544344767114
Finished training EB misspecified, with SURE: 0.04935426580505528
Finished training EB misspecified, with in-sample MSE: 0.056075994312238635

 Training SURE of the models:
SURE-PM: 0.04935426580505528
NPMLE: 0.47533491760915536
SURE-PM, NPMLE init: 0.04930001074418371
experiment: d
Finished training EB misspecified with NPMLE init, with SURE: 0.000990756445035963
Finished training EB misspecified with NPMLE init, with in-sample MSE: 0.009528152554796495
Finished training EB misspecified, with SURE: 0.0009905448918031824
Finished training EB misspecified, with in-sample MSE: 0.00952866468828421

 Training SURE of the models:
SURE-PM: 0.0009905448918031824
NPMLE: 0.07590466939589845
SURE-PM, NPMLE init: 0.000990756445035963
experiment: e
Finished training EB misspecified with NPMLE init, with SURE: 0.16619653400617915
Finished training EB misspecified with NPMLE init, with in-sample MSE: 0.21681909250771475
Finished training EB misspecified, with SURE: 0.16310243732771595
Finished training EB misspecified, with in-sample MSE: 0.2213028964870155

 Training SURE of the models:
SURE-PM: 0.16310243732771595
NPMLE: 0.48156397523163336
SURE-PM, NPMLE init: 0.16619653400617915
n: 400
experiment: c
Finished training EB misspecified with NPMLE init, with SURE: 0.028682619488217542
Finished training EB misspecified with NPMLE init, with in-sample MSE: 0.06394652015396311
Finished training EB misspecified, with SURE: 0.028736265349993177
Finished training EB misspecified, with in-sample MSE: 0.06387876938589933

 Training SURE of the models:
SURE-PM: 0.028736265349993177
NPMLE: 0.32225669359987513
SURE-PM, NPMLE init: 0.028682619488217542
experiment: d
Finished training EB misspecified with NPMLE init, with SURE: 0.014337862392222274
Finished training EB misspecified with NPMLE init, with in-sample MSE: 0.007820061971378337
Finished training EB misspecified, with SURE: 0.01434279471443178
Finished training EB misspecified, with in-sample MSE: 0.007814135322233996

 Training SURE of the models:
SURE-PM: 0.01434279471443178
NPMLE: 0.016255068886064487
SURE-PM, NPMLE init: 0.014337862392222274
experiment: e
Finished training EB misspecified with NPMLE init, with SURE: 0.17062956207053526
Finished training EB misspecified with NPMLE init, with in-sample MSE: 0.1798506942767747
Finished training EB misspecified, with SURE: 0.17063090866129166
Finished training EB misspecified, with in-sample MSE: 0.17983918165801033

 Training SURE of the models:
SURE-PM: 0.17063090866129166
NPMLE: 0.3496711726896094
SURE-PM, NPMLE init: 0.17062956207053526
m: 677
n: 100
experiment: c
Finished training EB misspecified with NPMLE init, with SURE: -0.010532753712197546
Finished training EB misspecified with NPMLE init, with in-sample MSE: 0.08405347342559982
Finished training EB misspecified, with SURE: -0.010529532726044764
Finished training EB misspecified, with in-sample MSE: 0.08405632522721901

 Training SURE of the models:
SURE-PM: -0.010529532726044764
NPMLE: 0.12263819334575893
SURE-PM, NPMLE init: -0.010532753712197546
experiment: d
Finished training EB misspecified with NPMLE init, with SURE: -0.026713952071042348
Finished training EB misspecified with NPMLE init, with in-sample MSE: 0.006469150825228681
Finished training EB misspecified, with SURE: -0.026712098822011754
Finished training EB misspecified, with in-sample MSE: 0.006468002061563413

 Training SURE of the models:
SURE-PM: -0.026712098822011754
NPMLE: -0.017628025503714256
SURE-PM, NPMLE init: -0.026713952071042348
experiment: e
Finished training EB misspecified with NPMLE init, with SURE: 0.08693485778245467
Finished training EB misspecified with NPMLE init, with in-sample MSE: 0.22885083369727915
Finished training EB misspecified, with SURE: 0.08693575166036617
Finished training EB misspecified, with in-sample MSE: 0.22884538884099218

 Training SURE of the models:
SURE-PM: 0.08693575166036617
NPMLE: 0.42553621428159544
SURE-PM, NPMLE init: 0.08693485778245467
n: 200
experiment: c
Finished training EB misspecified with NPMLE init, with SURE: 0.07097560701735851
Finished training EB misspecified with NPMLE init, with in-sample MSE: 0.05756775637731768
Finished training EB misspecified, with SURE: 0.07097372703060259
Finished training EB misspecified, with in-sample MSE: 0.05757090186936598

 Training SURE of the models:
SURE-PM: 0.07097372703060259
NPMLE: 0.5188406315765675
SURE-PM, NPMLE init: 0.07097560701735851
experiment: d
Finished training EB misspecified with NPMLE init, with SURE: -0.0033377810133783294
Finished training EB misspecified with NPMLE init, with in-sample MSE: 0.005761597444666731
Finished training EB misspecified, with SURE: -0.003334883315822754
Finished training EB misspecified, with in-sample MSE: 0.0057636261496346

 Training SURE of the models:
SURE-PM: -0.003334883315822754
NPMLE: 0.02234595087564296
SURE-PM, NPMLE init: -0.0033377810133783294
experiment: e
Finished training EB misspecified with NPMLE init, with SURE: 0.14148065409713914
Finished training EB misspecified with NPMLE init, with in-sample MSE: 0.15834302871127573
Finished training EB misspecified, with SURE: 0.141488204859715
Finished training EB misspecified, with in-sample MSE: 0.15716717684303644

 Training SURE of the models:
SURE-PM: 0.141488204859715
NPMLE: 0.3550421316866913
SURE-PM, NPMLE init: 0.14148065409713914
n: 400
experiment: c
Finished training EB misspecified with NPMLE init, with SURE: 0.02567223819918283
Finished training EB misspecified with NPMLE init, with in-sample MSE: 0.05395922342019987
Finished training EB misspecified, with SURE: 0.025682677626714962
Finished training EB misspecified, with in-sample MSE: 0.053991211594095354

 Training SURE of the models:
SURE-PM: 0.025682677626714962
NPMLE: 0.9383118286601172
SURE-PM, NPMLE init: 0.02567223819918283
experiment: d
Finished training EB misspecified with NPMLE init, with SURE: 0.010620027759562696
Finished training EB misspecified with NPMLE init, with in-sample MSE: 0.006356828267229898
Finished training EB misspecified, with SURE: 0.010629958152532044
Finished training EB misspecified, with in-sample MSE: 0.006320286305474165

 Training SURE of the models:
SURE-PM: 0.010629958152532044
NPMLE: 0.07125335871019331
SURE-PM, NPMLE init: 0.010620027759562696
experiment: e
Finished training EB misspecified with NPMLE init, with SURE: 0.16002011851625272
Finished training EB misspecified with NPMLE init, with in-sample MSE: 0.20099723681324438
Finished training EB misspecified, with SURE: 0.1593361082823633
Finished training EB misspecified, with in-sample MSE: 0.20238068754411148

 Training SURE of the models:
SURE-PM: 0.1593361082823633
NPMLE: 0.27874045243053247
SURE-PM, NPMLE init: 0.16002011851625272
m: 678
n: 100
experiment: c
Finished training EB misspecified with NPMLE init, with SURE: 0.08495297530088315
Finished training EB misspecified with NPMLE init, with in-sample MSE: 0.09752061697599988
Finished training EB misspecified, with SURE: 0.08495252406389874
Finished training EB misspecified, with in-sample MSE: 0.0975227231302381

 Training SURE of the models:
SURE-PM: 0.08495252406389874
NPMLE: 0.6279570393186991
SURE-PM, NPMLE init: 0.08495297530088315
experiment: d
Finished training EB misspecified with NPMLE init, with SURE: 0.02672639002080766
Finished training EB misspecified with NPMLE init, with in-sample MSE: 0.04688830183697959
Finished training EB misspecified, with SURE: 0.026732558871958557
Finished training EB misspecified, with in-sample MSE: 0.04686760982351301

 Training SURE of the models:
SURE-PM: 0.026732558871958557
NPMLE: 0.275522443455387
SURE-PM, NPMLE init: 0.02672639002080766
experiment: e
Finished training EB misspecified with NPMLE init, with SURE: 0.15557702565793452
Finished training EB misspecified with NPMLE init, with in-sample MSE: 0.19795737393507332
Finished training EB misspecified, with SURE: 0.15556911803048312
Finished training EB misspecified, with in-sample MSE: 0.19796162469968653

 Training SURE of the models:
SURE-PM: 0.15556911803048312
NPMLE: 0.32460986189251967
SURE-PM, NPMLE init: 0.15557702565793452
n: 200
experiment: c
Finished training EB misspecified with NPMLE init, with SURE: 0.09252817134559785
Finished training EB misspecified with NPMLE init, with in-sample MSE: 0.06279245273174823
Finished training EB misspecified, with SURE: 0.09253930102946761
Finished training EB misspecified, with in-sample MSE: 0.06278457009735587

 Training SURE of the models:
SURE-PM: 0.09253930102946761
NPMLE: 0.6387566473528633
SURE-PM, NPMLE init: 0.09252817134559785
experiment: d
Finished training EB misspecified with NPMLE init, with SURE: 0.00774672728772595
Finished training EB misspecified with NPMLE init, with in-sample MSE: 0.006322135837707278
Finished training EB misspecified, with SURE: 0.007751662501474588
Finished training EB misspecified, with in-sample MSE: 0.006319661510733241

 Training SURE of the models:
SURE-PM: 0.007751662501474588
NPMLE: 0.07907551749397307
SURE-PM, NPMLE init: 0.00774672728772595
experiment: e
Finished training EB misspecified with NPMLE init, with SURE: 0.15672897544091505
Finished training EB misspecified with NPMLE init, with in-sample MSE: 0.1880449839607292
Finished training EB misspecified, with SURE: 0.15673427686789518
Finished training EB misspecified, with in-sample MSE: 0.18797568029887113

 Training SURE of the models:
SURE-PM: 0.15673427686789518
NPMLE: 0.3479901870039649
SURE-PM, NPMLE init: 0.15672897544091505
n: 400
experiment: c
Finished training EB misspecified with NPMLE init, with SURE: 0.03327000479347397
Finished training EB misspecified with NPMLE init, with in-sample MSE: 0.057308745545826864
Finished training EB misspecified, with SURE: 0.03329747487814977
Finished training EB misspecified, with in-sample MSE: 0.05724590563036524

 Training SURE of the models:
SURE-PM: 0.03329747487814977
NPMLE: 0.4325737998253203
SURE-PM, NPMLE init: 0.03327000479347397
experiment: d
Finished training EB misspecified with NPMLE init, with SURE: 0.0033901366924894206
Finished training EB misspecified with NPMLE init, with in-sample MSE: 0.0057073831421762455
Finished training EB misspecified, with SURE: 0.0033920427187190683
Finished training EB misspecified, with in-sample MSE: 0.005704580616493378

 Training SURE of the models:
SURE-PM: 0.0033920427187190683
NPMLE: 0.06412299045914689
SURE-PM, NPMLE init: 0.0033901366924894206
experiment: e
Finished training EB misspecified with NPMLE init, with SURE: 0.14669703053920038
Finished training EB misspecified with NPMLE init, with in-sample MSE: 0.1691480023251814
Finished training EB misspecified, with SURE: 0.14670544926928103
Finished training EB misspecified, with in-sample MSE: 0.169150493835858

 Training SURE of the models:
SURE-PM: 0.14670544926928103
NPMLE: 0.35349796058462923
SURE-PM, NPMLE init: 0.14669703053920038
m: 679
n: 100
experiment: c
Finished training EB misspecified with NPMLE init, with SURE: -0.02858691566178301
Finished training EB misspecified with NPMLE init, with in-sample MSE: 0.06111623188256842
Finished training EB misspecified, with SURE: -0.02856730892413353
Finished training EB misspecified, with in-sample MSE: 0.061080168095632305

 Training SURE of the models:
SURE-PM: -0.02856730892413353
NPMLE: 0.8412329331379402
SURE-PM, NPMLE init: -0.02858691566178301
experiment: d
Finished training EB misspecified with NPMLE init, with SURE: -0.0023263044052797
Finished training EB misspecified with NPMLE init, with in-sample MSE: 0.01578957641590396
Finished training EB misspecified, with SURE: -0.009969344434398071
Finished training EB misspecified, with in-sample MSE: 0.03384178497516552

 Training SURE of the models:
SURE-PM: -0.009969344434398071
NPMLE: 0.042520298764102654
SURE-PM, NPMLE init: -0.0023263044052797
experiment: e
Finished training EB misspecified with NPMLE init, with SURE: 0.10288671272134912
Finished training EB misspecified with NPMLE init, with in-sample MSE: 0.19748477203408077
Finished training EB misspecified, with SURE: 0.10289677071559013
Finished training EB misspecified, with in-sample MSE: 0.19748820193912955

 Training SURE of the models:
SURE-PM: 0.10289677071559013
NPMLE: 0.2574977221515051
SURE-PM, NPMLE init: 0.10288671272134912
n: 200
experiment: c
Finished training EB misspecified with NPMLE init, with SURE: 0.040902183573902
Finished training EB misspecified with NPMLE init, with in-sample MSE: 0.05750328397586719
Finished training EB misspecified, with SURE: 0.04095124609575215
Finished training EB misspecified, with in-sample MSE: 0.057639254915747465

 Training SURE of the models:
SURE-PM: 0.04095124609575215
NPMLE: 0.5684619067921386
SURE-PM, NPMLE init: 0.040902183573902
experiment: d
Finished training EB misspecified with NPMLE init, with SURE: -0.00479630377880282
Finished training EB misspecified with NPMLE init, with in-sample MSE: 0.0051506118749438
Finished training EB misspecified, with SURE: -0.004794237796653942
Finished training EB misspecified, with in-sample MSE: 0.005149719328498411

 Training SURE of the models:
SURE-PM: -0.004794237796653942
NPMLE: 0.04619271828257556
SURE-PM, NPMLE init: -0.00479630377880282
experiment: e
Finished training EB misspecified with NPMLE init, with SURE: 0.1390518903505605
Finished training EB misspecified with NPMLE init, with in-sample MSE: 0.21163032783627322
Finished training EB misspecified, with SURE: 0.1390566304209695
Finished training EB misspecified, with in-sample MSE: 0.21158084184016088

 Training SURE of the models:
SURE-PM: 0.1390566304209695
NPMLE: 0.3333499363128579
SURE-PM, NPMLE init: 0.1390518903505605
n: 400
experiment: c
Finished training EB misspecified with NPMLE init, with SURE: 0.07960424094222837
Finished training EB misspecified with NPMLE init, with in-sample MSE: 0.07237691197803918
Finished training EB misspecified, with SURE: 0.07961586451910506
Finished training EB misspecified, with in-sample MSE: 0.07237843954203808

 Training SURE of the models:
SURE-PM: 0.07961586451910506
NPMLE: 0.8891492764028159
SURE-PM, NPMLE init: 0.07960424094222837
experiment: d
Finished training EB misspecified with NPMLE init, with SURE: 0.011505467168919878
Finished training EB misspecified with NPMLE init, with in-sample MSE: 0.00843660634539835
Finished training EB misspecified, with SURE: 0.011505422987522457
Finished training EB misspecified, with in-sample MSE: 0.008437080859329137

 Training SURE of the models:
SURE-PM: 0.011505422987522457
NPMLE: 0.03291563951497205
SURE-PM, NPMLE init: 0.011505467168919878
experiment: e
Finished training EB misspecified with NPMLE init, with SURE: 0.15280364757655868
Finished training EB misspecified with NPMLE init, with in-sample MSE: 0.18736681423515736
Finished training EB misspecified, with SURE: 0.152828497509759
Finished training EB misspecified, with in-sample MSE: 0.18753296407027265

 Training SURE of the models:
SURE-PM: 0.152828497509759
NPMLE: 0.31541648045597015
SURE-PM, NPMLE init: 0.15280364757655868
m: 680
n: 100
experiment: c
Finished training EB misspecified with NPMLE init, with SURE: 0.048428514292435665
Finished training EB misspecified with NPMLE init, with in-sample MSE: 0.058626131875032496
Finished training EB misspecified, with SURE: 0.048431199931860076
Finished training EB misspecified, with in-sample MSE: 0.05862154440967921

 Training SURE of the models:
SURE-PM: 0.048431199931860076
NPMLE: 0.49995237227979417
SURE-PM, NPMLE init: 0.048428514292435665
experiment: d
Finished training EB misspecified with NPMLE init, with SURE: -0.00888490367149128
Finished training EB misspecified with NPMLE init, with in-sample MSE: 0.0034689554632836538
Finished training EB misspecified, with SURE: -0.008884270727413117
Finished training EB misspecified, with in-sample MSE: 0.0034933904584196905

 Training SURE of the models:
SURE-PM: -0.008884270727413117
NPMLE: 0.01118281998758075
SURE-PM, NPMLE init: -0.00888490367149128
experiment: e
Finished training EB misspecified with NPMLE init, with SURE: 0.1595165888611495
Finished training EB misspecified with NPMLE init, with in-sample MSE: 0.18646554219752573
Finished training EB misspecified, with SURE: 0.15951223241774962
Finished training EB misspecified, with in-sample MSE: 0.1864369109870868

 Training SURE of the models:
SURE-PM: 0.15951223241774962
NPMLE: 0.2851631209754585
SURE-PM, NPMLE init: 0.1595165888611495
n: 200
experiment: c
Finished training EB misspecified with NPMLE init, with SURE: -0.012685651043168633
Finished training EB misspecified with NPMLE init, with in-sample MSE: 0.0615706721460368
Finished training EB misspecified, with SURE: -0.01266089008142501
Finished training EB misspecified, with in-sample MSE: 0.061531556653027585

 Training SURE of the models:
SURE-PM: -0.01266089008142501
NPMLE: 0.5376946655420537
SURE-PM, NPMLE init: -0.012685651043168633
experiment: d
Finished training EB misspecified with NPMLE init, with SURE: 0.002072147665007638
Finished training EB misspecified with NPMLE init, with in-sample MSE: 0.0044909624699307924
Finished training EB misspecified, with SURE: 0.0020751759595906806
Finished training EB misspecified, with in-sample MSE: 0.004485101741826985

 Training SURE of the models:
SURE-PM: 0.0020751759595906806
NPMLE: 0.029093910622221043
SURE-PM, NPMLE init: 0.002072147665007638
experiment: e
Finished training EB misspecified with NPMLE init, with SURE: 0.1823096729612168
Finished training EB misspecified with NPMLE init, with in-sample MSE: 0.17566679195927748
Finished training EB misspecified, with SURE: 0.18231932127742415
Finished training EB misspecified, with in-sample MSE: 0.17570304549718593

 Training SURE of the models:
SURE-PM: 0.18231932127742415
NPMLE: 0.30896554677502114
SURE-PM, NPMLE init: 0.1823096729612168
n: 400
experiment: c
Finished training EB misspecified with NPMLE init, with SURE: -0.004900532085612355
Finished training EB misspecified with NPMLE init, with in-sample MSE: 0.06196438604870437
Finished training EB misspecified, with SURE: -0.004822141659700208
Finished training EB misspecified, with in-sample MSE: 0.061960484485770205

 Training SURE of the models:
SURE-PM: -0.004822141659700208
NPMLE: 0.5279769110829272
SURE-PM, NPMLE init: -0.004900532085612355
experiment: d
Finished training EB misspecified with NPMLE init, with SURE: 0.011077331220939542
Finished training EB misspecified with NPMLE init, with in-sample MSE: 0.0036846515576149487
Finished training EB misspecified, with SURE: 0.011080062127978678
Finished training EB misspecified, with in-sample MSE: 0.003699459956839854

 Training SURE of the models:
SURE-PM: 0.011080062127978678
NPMLE: 0.03764654457709961
SURE-PM, NPMLE init: 0.011077331220939542
experiment: e
Finished training EB misspecified with NPMLE init, with SURE: 0.1787521342729323
Finished training EB misspecified with NPMLE init, with in-sample MSE: 0.18173736072429494
Finished training EB misspecified, with SURE: 0.17689656294182032
Finished training EB misspecified, with in-sample MSE: 0.18349917353456818

 Training SURE of the models:
SURE-PM: 0.17689656294182032
NPMLE: 0.2855790998611136
SURE-PM, NPMLE init: 0.1787521342729323
m: 681
n: 100
experiment: c
Finished training EB misspecified with NPMLE init, with SURE: 0.022826735665231582
Finished training EB misspecified with NPMLE init, with in-sample MSE: 0.051698994052375984
Finished training EB misspecified, with SURE: 0.022825381385831206
Finished training EB misspecified, with in-sample MSE: 0.05169889666309747

 Training SURE of the models:
SURE-PM: 0.022825381385831206
NPMLE: 0.4960560862654459
SURE-PM, NPMLE init: 0.022826735665231582
experiment: d
Finished training EB misspecified with NPMLE init, with SURE: 0.011739409809602055
Finished training EB misspecified with NPMLE init, with in-sample MSE: 0.004973119761223358
Finished training EB misspecified, with SURE: 0.011741926294387106
Finished training EB misspecified, with in-sample MSE: 0.004958011295602288

 Training SURE of the models:
SURE-PM: 0.011741926294387106
NPMLE: 0.055876424960412834
SURE-PM, NPMLE init: 0.011739409809602055
experiment: e
Finished training EB misspecified with NPMLE init, with SURE: 0.12473907589518579
Finished training EB misspecified with NPMLE init, with in-sample MSE: 0.21856817011660024
Finished training EB misspecified, with SURE: 0.12476553468064229
Finished training EB misspecified, with in-sample MSE: 0.21903788307694974

 Training SURE of the models:
SURE-PM: 0.12476553468064229
NPMLE: 0.37144286693245177
SURE-PM, NPMLE init: 0.12473907589518579
n: 200
experiment: c
Finished training EB misspecified with NPMLE init, with SURE: 0.05222986337679011
Finished training EB misspecified with NPMLE init, with in-sample MSE: 0.069840082781042
Finished training EB misspecified, with SURE: 0.052235687011536455
Finished training EB misspecified, with in-sample MSE: 0.06981339593870137

 Training SURE of the models:
SURE-PM: 0.052235687011536455
NPMLE: 1.0572474542066093
SURE-PM, NPMLE init: 0.05222986337679011
experiment: d
Finished training EB misspecified with NPMLE init, with SURE: -0.007155844013855415
Finished training EB misspecified with NPMLE init, with in-sample MSE: 0.0048616844953285904
Finished training EB misspecified, with SURE: -0.007155853833061521
Finished training EB misspecified, with in-sample MSE: 0.004863000330819514

 Training SURE of the models:
SURE-PM: -0.007155853833061521
NPMLE: 0.04121342266042134
SURE-PM, NPMLE init: -0.007155844013855415
experiment: e
Finished training EB misspecified with NPMLE init, with SURE: 0.14716702419631947
Finished training EB misspecified with NPMLE init, with in-sample MSE: 0.18755479586709967
Finished training EB misspecified, with SURE: 0.1471656632440712
Finished training EB misspecified, with in-sample MSE: 0.18765233459857353

 Training SURE of the models:
SURE-PM: 0.1471656632440712
NPMLE: 0.34644198706587304
SURE-PM, NPMLE init: 0.14716702419631947
n: 400
experiment: c
Finished training EB misspecified with NPMLE init, with SURE: 0.0350873521129094
Finished training EB misspecified with NPMLE init, with in-sample MSE: 0.05503757169108739
Finished training EB misspecified, with SURE: 0.03508755809895007
Finished training EB misspecified, with in-sample MSE: 0.05503574349009302

 Training SURE of the models:
SURE-PM: 0.03508755809895007
NPMLE: 0.6691920674524124
SURE-PM, NPMLE init: 0.0350873521129094
experiment: d
Finished training EB misspecified with NPMLE init, with SURE: 0.009241283262724451
Finished training EB misspecified with NPMLE init, with in-sample MSE: 0.0065799388834690145
Finished training EB misspecified, with SURE: 0.009328831708928577
Finished training EB misspecified, with in-sample MSE: 0.006344450367984606

 Training SURE of the models:
SURE-PM: 0.009328831708928577
NPMLE: 0.054052164703490856
SURE-PM, NPMLE init: 0.009241283262724451
experiment: e
Finished training EB misspecified with NPMLE init, with SURE: 0.15462077484434492
Finished training EB misspecified with NPMLE init, with in-sample MSE: 0.1821065729405117
Finished training EB misspecified, with SURE: 0.15310505391185994
Finished training EB misspecified, with in-sample MSE: 0.1819632920961506

 Training SURE of the models:
SURE-PM: 0.15310505391185994
NPMLE: 0.3067290064153111
SURE-PM, NPMLE init: 0.15462077484434492
m: 682
n: 100
experiment: c
Finished training EB misspecified with NPMLE init, with SURE: 0.03103748732662858
Finished training EB misspecified with NPMLE init, with in-sample MSE: 0.07165209491202595
Finished training EB misspecified, with SURE: 0.031037107808504914
Finished training EB misspecified, with in-sample MSE: 0.07165452779039938

 Training SURE of the models:
SURE-PM: 0.031037107808504914
NPMLE: 0.7353525100042745
SURE-PM, NPMLE init: 0.03103748732662858
experiment: d
Finished training EB misspecified with NPMLE init, with SURE: -0.020304756911774843
Finished training EB misspecified with NPMLE init, with in-sample MSE: 0.005216608826563345
Finished training EB misspecified, with SURE: -0.02030449771311556
Finished training EB misspecified, with in-sample MSE: 0.0052166521024064735

 Training SURE of the models:
SURE-PM: -0.02030449771311556
NPMLE: -0.017895650413717414
SURE-PM, NPMLE init: -0.020304756911774843
experiment: e
Finished training EB misspecified with NPMLE init, with SURE: 0.13805964817704472
Finished training EB misspecified with NPMLE init, with in-sample MSE: 0.15972315395258338
Finished training EB misspecified, with SURE: 0.12609859608072022
Finished training EB misspecified, with in-sample MSE: 0.16293468465377572

 Training SURE of the models:
SURE-PM: 0.12609859608072022
NPMLE: 0.2927939173631396
SURE-PM, NPMLE init: 0.13805964817704472
n: 200
experiment: c
Finished training EB misspecified with NPMLE init, with SURE: 0.022944556634720215
Finished training EB misspecified with NPMLE init, with in-sample MSE: 0.09884050613518562
Finished training EB misspecified, with SURE: 0.02293443082893667
Finished training EB misspecified, with in-sample MSE: 0.0989853299259417

 Training SURE of the models:
SURE-PM: 0.02293443082893667
NPMLE: 0.7722452528297219
SURE-PM, NPMLE init: 0.022944556634720215
experiment: d
Finished training EB misspecified with NPMLE init, with SURE: 0.0072054252923152975
Finished training EB misspecified with NPMLE init, with in-sample MSE: 0.011039308309019917
Finished training EB misspecified, with SURE: 0.007205617310585452
Finished training EB misspecified, with in-sample MSE: 0.011039324074423826

 Training SURE of the models:
SURE-PM: 0.007205617310585452
NPMLE: 0.06082731483519277
SURE-PM, NPMLE init: 0.0072054252923152975
experiment: e
Finished training EB misspecified with NPMLE init, with SURE: 0.1523683302587061
Finished training EB misspecified with NPMLE init, with in-sample MSE: 0.1805278913305756
Finished training EB misspecified, with SURE: 0.15237990707923715
Finished training EB misspecified, with in-sample MSE: 0.1805354048030062

 Training SURE of the models:
SURE-PM: 0.15237990707923715
NPMLE: 0.29714468014209783
SURE-PM, NPMLE init: 0.1523683302587061
n: 400
experiment: c
Finished training EB misspecified with NPMLE init, with SURE: 0.03475702343797437
Finished training EB misspecified with NPMLE init, with in-sample MSE: 0.05376650875349902
Finished training EB misspecified, with SURE: 0.03481309677494451
Finished training EB misspecified, with in-sample MSE: 0.05373445309411494

 Training SURE of the models:
SURE-PM: 0.03481309677494451
NPMLE: 0.6829976940159469
SURE-PM, NPMLE init: 0.03475702343797437
experiment: d
Finished training EB misspecified with NPMLE init, with SURE: -0.008938384001323225
Finished training EB misspecified with NPMLE init, with in-sample MSE: 0.0043200103732797075
Finished training EB misspecified, with SURE: -0.008938144845782219
Finished training EB misspecified, with in-sample MSE: 0.004325377803431467

 Training SURE of the models:
SURE-PM: -0.008938144845782219
NPMLE: 0.008153328448267185
SURE-PM, NPMLE init: -0.008938384001323225
experiment: e
Finished training EB misspecified with NPMLE init, with SURE: 0.13033496344074683
Finished training EB misspecified with NPMLE init, with in-sample MSE: 0.18183460620928366
Finished training EB misspecified, with SURE: 0.1303439998065287
Finished training EB misspecified, with in-sample MSE: 0.18183200847545022

 Training SURE of the models:
SURE-PM: 0.1303439998065287
NPMLE: 0.356085113998362
SURE-PM, NPMLE init: 0.13033496344074683
m: 683
n: 100
experiment: c
Finished training EB misspecified with NPMLE init, with SURE: 0.030836042417234068
Finished training EB misspecified with NPMLE init, with in-sample MSE: 0.05823345989286078
Finished training EB misspecified, with SURE: 0.030836019164021594
Finished training EB misspecified, with in-sample MSE: 0.05823418377489201

 Training SURE of the models:
SURE-PM: 0.030836019164021594
NPMLE: 0.12809647446577302
SURE-PM, NPMLE init: 0.030836042417234068
experiment: d
Finished training EB misspecified with NPMLE init, with SURE: -4.36566215659262e-05
Finished training EB misspecified with NPMLE init, with in-sample MSE: 0.014550794694811459
Finished training EB misspecified, with SURE: -4.3405207083502265e-05
Finished training EB misspecified, with in-sample MSE: 0.01455064563381731

 Training SURE of the models:
SURE-PM: -4.3405207083502265e-05
NPMLE: 0.030703524065527395
SURE-PM, NPMLE init: -4.36566215659262e-05
experiment: e
Finished training EB misspecified with NPMLE init, with SURE: 0.12878067028514456
Finished training EB misspecified with NPMLE init, with in-sample MSE: 0.18578069370195543
Finished training EB misspecified, with SURE: 0.12884728079764154
Finished training EB misspecified, with in-sample MSE: 0.1876628176040828

 Training SURE of the models:
SURE-PM: 0.12884728079764154
NPMLE: 0.3320760649867806
SURE-PM, NPMLE init: 0.12878067028514456
n: 200
experiment: c
Finished training EB misspecified with NPMLE init, with SURE: 0.0475270638350608
Finished training EB misspecified with NPMLE init, with in-sample MSE: 0.06342810854514823
Finished training EB misspecified, with SURE: 0.04756120392162394
Finished training EB misspecified, with in-sample MSE: 0.06352412486635797

 Training SURE of the models:
SURE-PM: 0.04756120392162394
NPMLE: 0.5133479762326264
SURE-PM, NPMLE init: 0.0475270638350608
experiment: d
Finished training EB misspecified with NPMLE init, with SURE: -0.019023091878154725
Finished training EB misspecified with NPMLE init, with in-sample MSE: 0.00627464085844977
Finished training EB misspecified, with SURE: -0.01901401915016482
Finished training EB misspecified, with in-sample MSE: 0.006283016527302473

 Training SURE of the models:
SURE-PM: -0.01901401915016482
NPMLE: 0.031516889742739945
SURE-PM, NPMLE init: -0.019023091878154725
experiment: e
Finished training EB misspecified with NPMLE init, with SURE: 0.08091053043654502
Finished training EB misspecified with NPMLE init, with in-sample MSE: 0.23504916426560057
Finished training EB misspecified, with SURE: 0.08091010537062968
Finished training EB misspecified, with in-sample MSE: 0.2349801222340826

 Training SURE of the models:
SURE-PM: 0.08091010537062968
NPMLE: 0.26863065369701117
SURE-PM, NPMLE init: 0.08091053043654502
n: 400
experiment: c
Finished training EB misspecified with NPMLE init, with SURE: 0.07618597519119412
Finished training EB misspecified with NPMLE init, with in-sample MSE: 0.06452186018717622
Finished training EB misspecified, with SURE: 0.0761992502011298
Finished training EB misspecified, with in-sample MSE: 0.0645191378874786

 Training SURE of the models:
SURE-PM: 0.0761992502011298
NPMLE: 0.7954929943023802
SURE-PM, NPMLE init: 0.07618597519119412
experiment: d
Finished training EB misspecified with NPMLE init, with SURE: 0.0013751059922811138
Finished training EB misspecified with NPMLE init, with in-sample MSE: 0.005906266000296995
Finished training EB misspecified, with SURE: 0.0013753093921044979
Finished training EB misspecified, with in-sample MSE: 0.0059066296021173135

 Training SURE of the models:
SURE-PM: 0.0013753093921044979
NPMLE: 0.049465674958512444
SURE-PM, NPMLE init: 0.0013751059922811138
experiment: e
Finished training EB misspecified with NPMLE init, with SURE: 0.13129123281022967
Finished training EB misspecified with NPMLE init, with in-sample MSE: 0.19011461155854806
Finished training EB misspecified, with SURE: 0.13129502336306142
Finished training EB misspecified, with in-sample MSE: 0.19011372328255846

 Training SURE of the models:
SURE-PM: 0.13129502336306142
NPMLE: 0.36149507745870146
SURE-PM, NPMLE init: 0.13129123281022967
m: 684
n: 100
experiment: c
Finished training EB misspecified with NPMLE init, with SURE: -0.02726910774465928
Finished training EB misspecified with NPMLE init, with in-sample MSE: 0.08793850654706237
Finished training EB misspecified, with SURE: -0.027254866540966347
Finished training EB misspecified, with in-sample MSE: 0.08798981377560536

 Training SURE of the models:
SURE-PM: -0.027254866540966347
NPMLE: 0.1519707423941547
SURE-PM, NPMLE init: -0.02726910774465928
experiment: d
Finished training EB misspecified with NPMLE init, with SURE: -0.0010667819515485278
Finished training EB misspecified with NPMLE init, with in-sample MSE: 0.0041229919725289995
Finished training EB misspecified, with SURE: -0.0010558857060347648
Finished training EB misspecified, with in-sample MSE: 0.00411207805859978

 Training SURE of the models:
SURE-PM: -0.0010558857060347648
NPMLE: 0.02091590918757756
SURE-PM, NPMLE init: -0.0010667819515485278
experiment: e
Finished training EB misspecified with NPMLE init, with SURE: 0.16743530295572184
Finished training EB misspecified with NPMLE init, with in-sample MSE: 0.1647814955761476
Finished training EB misspecified, with SURE: 0.16759312987314204
Finished training EB misspecified, with in-sample MSE: 0.16642684538731964

 Training SURE of the models:
SURE-PM: 0.16759312987314204
NPMLE: 0.28638950510423056
SURE-PM, NPMLE init: 0.16743530295572184
n: 200
experiment: c
Finished training EB misspecified with NPMLE init, with SURE: 0.07893950706355944
Finished training EB misspecified with NPMLE init, with in-sample MSE: 0.06188848525876724
Finished training EB misspecified, with SURE: 0.07892814404099881
Finished training EB misspecified, with in-sample MSE: 0.06189536074271964

 Training SURE of the models:
SURE-PM: 0.07892814404099881
NPMLE: 0.7515467441044911
SURE-PM, NPMLE init: 0.07893950706355944
experiment: d
Finished training EB misspecified with NPMLE init, with SURE: 0.02199264032276103
Finished training EB misspecified with NPMLE init, with in-sample MSE: 0.01182659663554257
Finished training EB misspecified, with SURE: 0.021997264846435022
Finished training EB misspecified, with in-sample MSE: 0.011817046005645196

 Training SURE of the models:
SURE-PM: 0.021997264846435022
NPMLE: 0.02471259280810223
SURE-PM, NPMLE init: 0.02199264032276103
experiment: e
Finished training EB misspecified with NPMLE init, with SURE: 0.17781453565941796
Finished training EB misspecified with NPMLE init, with in-sample MSE: 0.19251980125677434
Finished training EB misspecified, with SURE: 0.17781792639401053
Finished training EB misspecified, with in-sample MSE: 0.19255217654512793

 Training SURE of the models:
SURE-PM: 0.17781792639401053
NPMLE: 0.30699262329192983
SURE-PM, NPMLE init: 0.17781453565941796
n: 400
experiment: c
Finished training EB misspecified with NPMLE init, with SURE: 0.023941568851727626
Finished training EB misspecified with NPMLE init, with in-sample MSE: 0.10196826962914239
Finished training EB misspecified, with SURE: 0.023990850251039576
Finished training EB misspecified, with in-sample MSE: 0.1019279545933453

 Training SURE of the models:
SURE-PM: 0.023990850251039576
NPMLE: 1.2709099203169025
SURE-PM, NPMLE init: 0.023941568851727626
experiment: d
Finished training EB misspecified with NPMLE init, with SURE: 0.009197147655196414
Finished training EB misspecified with NPMLE init, with in-sample MSE: 0.005100741554992219
Finished training EB misspecified, with SURE: 0.00919830721661226
Finished training EB misspecified, with in-sample MSE: 0.005103201765258072

 Training SURE of the models:
SURE-PM: 0.00919830721661226
NPMLE: 0.05004278028645357
SURE-PM, NPMLE init: 0.009197147655196414
experiment: e
Finished training EB misspecified with NPMLE init, with SURE: 0.1753348139336456
Finished training EB misspecified with NPMLE init, with in-sample MSE: 0.1888781347365979
Finished training EB misspecified, with SURE: 0.17534567714698804
Finished training EB misspecified, with in-sample MSE: 0.18886657526726766

 Training SURE of the models:
SURE-PM: 0.17534567714698804
NPMLE: 0.3032530570883391
SURE-PM, NPMLE init: 0.1753348139336456
m: 685
n: 100
experiment: c
Finished training EB misspecified with NPMLE init, with SURE: 0.01152788382163898
Finished training EB misspecified with NPMLE init, with in-sample MSE: 0.07933959740190961
Finished training EB misspecified, with SURE: 0.011544853409704956
Finished training EB misspecified, with in-sample MSE: 0.07930147177033792

 Training SURE of the models:
SURE-PM: 0.011544853409704956
NPMLE: 1.347489049076604
SURE-PM, NPMLE init: 0.01152788382163898
experiment: d
Finished training EB misspecified with NPMLE init, with SURE: -0.001665558197156578
Finished training EB misspecified with NPMLE init, with in-sample MSE: 0.006319621364844357
Finished training EB misspecified, with SURE: -0.0016628883080952585
Finished training EB misspecified, with in-sample MSE: 0.006316588765144535

 Training SURE of the models:
SURE-PM: -0.0016628883080952585
NPMLE: 0.011567952393226815
SURE-PM, NPMLE init: -0.001665558197156578
experiment: e
Finished training EB misspecified with NPMLE init, with SURE: 0.04497590254027351
Finished training EB misspecified with NPMLE init, with in-sample MSE: 0.24709527905728895
Finished training EB misspecified, with SURE: 0.04773609993812009
Finished training EB misspecified, with in-sample MSE: 0.24962378806141064

 Training SURE of the models:
SURE-PM: 0.04773609993812009
NPMLE: 0.34828851228134594
SURE-PM, NPMLE init: 0.04497590254027351
n: 200
experiment: c
Finished training EB misspecified with NPMLE init, with SURE: 0.028338056840576657
Finished training EB misspecified with NPMLE init, with in-sample MSE: 0.07158458323931653
Finished training EB misspecified, with SURE: 0.02835087294877262
Finished training EB misspecified, with in-sample MSE: 0.07158491193975017

 Training SURE of the models:
SURE-PM: 0.02835087294877262
NPMLE: 0.45903996258838276
SURE-PM, NPMLE init: 0.028338056840576657
experiment: d
Finished training EB misspecified with NPMLE init, with SURE: 0.001739246770176397
Finished training EB misspecified with NPMLE init, with in-sample MSE: 0.016154672552971507
Finished training EB misspecified, with SURE: 0.001739573981761975
Finished training EB misspecified, with in-sample MSE: 0.016170116815655076

 Training SURE of the models:
SURE-PM: 0.001739573981761975
NPMLE: 0.021260605499830446
SURE-PM, NPMLE init: 0.001739246770176397
experiment: e
Finished training EB misspecified with NPMLE init, with SURE: 0.15903048052815538
Finished training EB misspecified with NPMLE init, with in-sample MSE: 0.17243323260275645
Finished training EB misspecified, with SURE: 0.15904177143148526
Finished training EB misspecified, with in-sample MSE: 0.1724587510348771

 Training SURE of the models:
SURE-PM: 0.15904177143148526
NPMLE: 0.3288568840225341
SURE-PM, NPMLE init: 0.15903048052815538
n: 400
experiment: c
Finished training EB misspecified with NPMLE init, with SURE: 0.026451453257039716
Finished training EB misspecified with NPMLE init, with in-sample MSE: 0.07456565198533881
Finished training EB misspecified, with SURE: 0.04306353764642225
Finished training EB misspecified, with in-sample MSE: 0.04822043503701969

 Training SURE of the models:
SURE-PM: 0.04306353764642225
NPMLE: 0.8684667155418214
SURE-PM, NPMLE init: 0.026451453257039716
experiment: d
Finished training EB misspecified with NPMLE init, with SURE: 0.009222134846705768
Finished training EB misspecified with NPMLE init, with in-sample MSE: 0.006412715967161788
Finished training EB misspecified, with SURE: 0.00922206464892966
Finished training EB misspecified, with in-sample MSE: 0.006420524509841977

 Training SURE of the models:
SURE-PM: 0.00922206464892966
NPMLE: 0.0683860436402758
SURE-PM, NPMLE init: 0.009222134846705768
experiment: e
Finished training EB misspecified with NPMLE init, with SURE: 0.14774537741840987
Finished training EB misspecified with NPMLE init, with in-sample MSE: 0.18528973426599216
Finished training EB misspecified, with SURE: 0.14776702892582208
Finished training EB misspecified, with in-sample MSE: 0.1851236583416338

 Training SURE of the models:
SURE-PM: 0.14776702892582208
NPMLE: 0.3061420671782016
SURE-PM, NPMLE init: 0.14774537741840987
m: 686
n: 100
experiment: c
Finished training EB misspecified with NPMLE init, with SURE: 0.047107570297310275
Finished training EB misspecified with NPMLE init, with in-sample MSE: 0.05236464056481077
Finished training EB misspecified, with SURE: 0.047123758948232675
Finished training EB misspecified, with in-sample MSE: 0.05237553826259645

 Training SURE of the models:
SURE-PM: 0.047123758948232675
NPMLE: 1.2859792011760356
SURE-PM, NPMLE init: 0.047107570297310275
experiment: d
Finished training EB misspecified with NPMLE init, with SURE: -0.00418126305887375
Finished training EB misspecified with NPMLE init, with in-sample MSE: 0.0045722666657593
Finished training EB misspecified, with SURE: -0.004178902161408118
Finished training EB misspecified, with in-sample MSE: 0.004569951193668379

 Training SURE of the models:
SURE-PM: -0.004178902161408118
NPMLE: 0.027444191756992656
SURE-PM, NPMLE init: -0.00418126305887375
experiment: e
Finished training EB misspecified with NPMLE init, with SURE: 0.125890909767936
Finished training EB misspecified with NPMLE init, with in-sample MSE: 0.2232194088761496
Finished training EB misspecified, with SURE: 0.12133998964661302
Finished training EB misspecified, with in-sample MSE: 0.22725968082723397

 Training SURE of the models:
SURE-PM: 0.12133998964661302
NPMLE: 0.2943591153759966
SURE-PM, NPMLE init: 0.125890909767936
n: 200
experiment: c
Finished training EB misspecified with NPMLE init, with SURE: 0.02909673636466252
Finished training EB misspecified with NPMLE init, with in-sample MSE: 0.05879317299232609
Finished training EB misspecified, with SURE: 0.029142017702249987
Finished training EB misspecified, with in-sample MSE: 0.05915615276911405

 Training SURE of the models:
SURE-PM: 0.029142017702249987
NPMLE: 0.4326844399537882
SURE-PM, NPMLE init: 0.02909673636466252
experiment: d
Finished training EB misspecified with NPMLE init, with SURE: 0.009735613851631318
Finished training EB misspecified with NPMLE init, with in-sample MSE: 0.01876770743673637
Finished training EB misspecified, with SURE: 0.009736020251746354
Finished training EB misspecified, with in-sample MSE: 0.018765764641504437

 Training SURE of the models:
SURE-PM: 0.009736020251746354
NPMLE: 0.04494940594432926
SURE-PM, NPMLE init: 0.009735613851631318
experiment: e
Finished training EB misspecified with NPMLE init, with SURE: 0.15185358680805813
Finished training EB misspecified with NPMLE init, with in-sample MSE: 0.2210576308462875
Finished training EB misspecified, with SURE: 0.15186838771219727
Finished training EB misspecified, with in-sample MSE: 0.22113537632961142

 Training SURE of the models:
SURE-PM: 0.15186838771219727
NPMLE: 0.322443361935712
SURE-PM, NPMLE init: 0.15185358680805813
n: 400
experiment: c
Finished training EB misspecified with NPMLE init, with SURE: 0.06376201745961738
Finished training EB misspecified with NPMLE init, with in-sample MSE: 0.08648880050706759
Finished training EB misspecified, with SURE: 0.06376571911622456
Finished training EB misspecified, with in-sample MSE: 0.08648960263916232

 Training SURE of the models:
SURE-PM: 0.06376571911622456
NPMLE: 0.618227741826314
SURE-PM, NPMLE init: 0.06376201745961738
experiment: d
Finished training EB misspecified with NPMLE init, with SURE: 0.012863122264171842
Finished training EB misspecified with NPMLE init, with in-sample MSE: 0.007258119643827886
Finished training EB misspecified, with SURE: 0.00857840765207552
Finished training EB misspecified, with in-sample MSE: 0.013882696652758679

 Training SURE of the models:
SURE-PM: 0.00857840765207552
NPMLE: 0.09011138954177875
SURE-PM, NPMLE init: 0.012863122264171842
experiment: e
Finished training EB misspecified with NPMLE init, with SURE: 0.16493272783731264
Finished training EB misspecified with NPMLE init, with in-sample MSE: 0.21979582354999194
Finished training EB misspecified, with SURE: 0.16725024584516918
Finished training EB misspecified, with in-sample MSE: 0.21838401743603214

 Training SURE of the models:
SURE-PM: 0.16725024584516918
NPMLE: 0.3137688967408121
SURE-PM, NPMLE init: 0.16493272783731264
m: 687
n: 100
experiment: c
Finished training EB misspecified with NPMLE init, with SURE: 0.12195776635637998
Finished training EB misspecified with NPMLE init, with in-sample MSE: 0.1436903429394853
Finished training EB misspecified, with SURE: 0.12195351576931074
Finished training EB misspecified, with in-sample MSE: 0.14402066563845814

 Training SURE of the models:
SURE-PM: 0.12195351576931074
NPMLE: 0.4348785616688419
SURE-PM, NPMLE init: 0.12195776635637998
experiment: d
Finished training EB misspecified with NPMLE init, with SURE: 0.011535669544560019
Finished training EB misspecified with NPMLE init, with in-sample MSE: 0.06326692546108308
Finished training EB misspecified, with SURE: 0.0115357470903019
Finished training EB misspecified, with in-sample MSE: 0.06326847175407274

 Training SURE of the models:
SURE-PM: 0.0115357470903019
NPMLE: 0.17774441986389278
SURE-PM, NPMLE init: 0.011535669544560019
experiment: e
Finished training EB misspecified with NPMLE init, with SURE: 0.13741516547458396
Finished training EB misspecified with NPMLE init, with in-sample MSE: 0.2427785670556489
Finished training EB misspecified, with SURE: 0.13741686145392557
Finished training EB misspecified, with in-sample MSE: 0.24278411023558694

 Training SURE of the models:
SURE-PM: 0.13741686145392557
NPMLE: 0.3838448029532345
SURE-PM, NPMLE init: 0.13741516547458396
n: 200
experiment: c
Finished training EB misspecified with NPMLE init, with SURE: 0.10295737026588882
Finished training EB misspecified with NPMLE init, with in-sample MSE: 0.05729029855239301
Finished training EB misspecified, with SURE: 0.10291581871641128
Finished training EB misspecified, with in-sample MSE: 0.05759600908383447

 Training SURE of the models:
SURE-PM: 0.10291581871641128
NPMLE: 0.5476966656041631
SURE-PM, NPMLE init: 0.10295737026588882
experiment: d
Finished training EB misspecified with NPMLE init, with SURE: 0.02517688755488125
Finished training EB misspecified with NPMLE init, with in-sample MSE: 0.008030059291004686
Finished training EB misspecified, with SURE: 0.02550996459811568
Finished training EB misspecified, with in-sample MSE: 0.007084893554630888

 Training SURE of the models:
SURE-PM: 0.02550996459811568
NPMLE: 0.056708028299785426
SURE-PM, NPMLE init: 0.02517688755488125
experiment: e
Finished training EB misspecified with NPMLE init, with SURE: 0.17667895276800266
Finished training EB misspecified with NPMLE init, with in-sample MSE: 0.16628973514577697
Finished training EB misspecified, with SURE: 0.17667801242987297
Finished training EB misspecified, with in-sample MSE: 0.16629106867733484

 Training SURE of the models:
SURE-PM: 0.17667801242987297
NPMLE: 0.2875159455887528
SURE-PM, NPMLE init: 0.17667895276800266
n: 400
experiment: c
Finished training EB misspecified with NPMLE init, with SURE: 0.02718456258978584
Finished training EB misspecified with NPMLE init, with in-sample MSE: 0.05931570429258555
Finished training EB misspecified, with SURE: 0.02721717786685787
Finished training EB misspecified, with in-sample MSE: 0.05931356500956373

 Training SURE of the models:
SURE-PM: 0.02721717786685787
NPMLE: 0.9550111146234513
SURE-PM, NPMLE init: 0.02718456258978584
experiment: d
Finished training EB misspecified with NPMLE init, with SURE: 0.009308355519126793
Finished training EB misspecified with NPMLE init, with in-sample MSE: 0.008663262458213014
Finished training EB misspecified, with SURE: 0.009308738715327695
Finished training EB misspecified, with in-sample MSE: 0.008668768203397553

 Training SURE of the models:
SURE-PM: 0.009308738715327695
NPMLE: 0.037602088111526745
SURE-PM, NPMLE init: 0.009308355519126793
experiment: e
Finished training EB misspecified with NPMLE init, with SURE: 0.17982754409525786
Finished training EB misspecified with NPMLE init, with in-sample MSE: 0.1555804539096444
Finished training EB misspecified, with SURE: 0.17982983068534497
Finished training EB misspecified, with in-sample MSE: 0.15565761310257614

 Training SURE of the models:
SURE-PM: 0.17982983068534497
NPMLE: 0.4610884965123779
SURE-PM, NPMLE init: 0.17982754409525786
m: 688
n: 100
experiment: c
Finished training EB misspecified with NPMLE init, with SURE: 0.12655616195773547
Finished training EB misspecified with NPMLE init, with in-sample MSE: 0.06658422048676328
Finished training EB misspecified, with SURE: 0.12655786710424083
Finished training EB misspecified, with in-sample MSE: 0.0666013205072152

 Training SURE of the models:
SURE-PM: 0.12655786710424083
NPMLE: 0.969558376037242
SURE-PM, NPMLE init: 0.12655616195773547
experiment: d
Finished training EB misspecified with NPMLE init, with SURE: -0.021140416538233977
Finished training EB misspecified with NPMLE init, with in-sample MSE: 0.006095367094887061
Finished training EB misspecified, with SURE: -0.02114004423466721
Finished training EB misspecified, with in-sample MSE: 0.006095094731047155

 Training SURE of the models:
SURE-PM: -0.02114004423466721
NPMLE: 0.005395232143120197
SURE-PM, NPMLE init: -0.021140416538233977
experiment: e
Finished training EB misspecified with NPMLE init, with SURE: 0.10960564145202092
Finished training EB misspecified with NPMLE init, with in-sample MSE: 0.20103092135185263
Finished training EB misspecified, with SURE: 0.1096016599581197
Finished training EB misspecified, with in-sample MSE: 0.20105878390898035

 Training SURE of the models:
SURE-PM: 0.1096016599581197
NPMLE: 0.38188979419220337
SURE-PM, NPMLE init: 0.10960564145202092
n: 200
experiment: c
Finished training EB misspecified with NPMLE init, with SURE: -0.060604985665343135
Finished training EB misspecified with NPMLE init, with in-sample MSE: 0.07998805398324298
Finished training EB misspecified, with SURE: -0.06060654273711343
Finished training EB misspecified, with in-sample MSE: 0.07999774130442068

 Training SURE of the models:
SURE-PM: -0.06060654273711343
NPMLE: 0.12473944275649786
SURE-PM, NPMLE init: -0.060604985665343135
experiment: d
Finished training EB misspecified with NPMLE init, with SURE: -0.016219830976756066
Finished training EB misspecified with NPMLE init, with in-sample MSE: 0.009227756575050068
Finished training EB misspecified, with SURE: -0.016219547065086565
Finished training EB misspecified, with in-sample MSE: 0.00922947293031707

 Training SURE of the models:
SURE-PM: -0.016219547065086565
NPMLE: -0.005985575713313942
SURE-PM, NPMLE init: -0.016219830976756066
experiment: e
Finished training EB misspecified with NPMLE init, with SURE: 0.09801440781671154
Finished training EB misspecified with NPMLE init, with in-sample MSE: 0.19877645324852686
Finished training EB misspecified, with SURE: 0.09410098495604104
Finished training EB misspecified, with in-sample MSE: 0.1756634078513971

 Training SURE of the models:
SURE-PM: 0.09410098495604104
NPMLE: 0.35151918525828907
SURE-PM, NPMLE init: 0.09801440781671154
n: 400
experiment: c
Finished training EB misspecified with NPMLE init, with SURE: -0.018605708062181422
Finished training EB misspecified with NPMLE init, with in-sample MSE: 0.08938798296019619
Finished training EB misspecified, with SURE: -0.01860525431192144
Finished training EB misspecified, with in-sample MSE: 0.08938779098289741

 Training SURE of the models:
SURE-PM: -0.01860525431192144
NPMLE: 0.4019818802179682
SURE-PM, NPMLE init: -0.018605708062181422
experiment: d
Finished training EB misspecified with NPMLE init, with SURE: 0.007278730148023609
Finished training EB misspecified with NPMLE init, with in-sample MSE: 0.006201679657957031
Finished training EB misspecified, with SURE: 0.0072803680831387396
Finished training EB misspecified, with in-sample MSE: 0.0061901648374314625

 Training SURE of the models:
SURE-PM: 0.0072803680831387396
NPMLE: 0.037452757854209935
SURE-PM, NPMLE init: 0.007278730148023609
experiment: e
Finished training EB misspecified with NPMLE init, with SURE: 0.1536318986811788
Finished training EB misspecified with NPMLE init, with in-sample MSE: 0.17882346828486476
Finished training EB misspecified, with SURE: 0.15363624049790894
Finished training EB misspecified, with in-sample MSE: 0.17875881813461167

 Training SURE of the models:
SURE-PM: 0.15363624049790894
NPMLE: 0.4337724442677331
SURE-PM, NPMLE init: 0.1536318986811788
m: 689
n: 100
experiment: c
Finished training EB misspecified with NPMLE init, with SURE: 0.06087017445183875
Finished training EB misspecified with NPMLE init, with in-sample MSE: 0.11865077242564119
Finished training EB misspecified, with SURE: 0.06086906908252047
Finished training EB misspecified, with in-sample MSE: 0.11865429024527872

 Training SURE of the models:
SURE-PM: 0.06086906908252047
NPMLE: 0.8182409106721842
SURE-PM, NPMLE init: 0.06087017445183875
experiment: d
Finished training EB misspecified with NPMLE init, with SURE: -0.015773138590153675
Finished training EB misspecified with NPMLE init, with in-sample MSE: 0.021524701416095478
Finished training EB misspecified, with SURE: -0.015772401167166824
Finished training EB misspecified, with in-sample MSE: 0.021523385834565388

 Training SURE of the models:
SURE-PM: -0.015772401167166824
NPMLE: 0.1034588704692753
SURE-PM, NPMLE init: -0.015773138590153675
experiment: e
Finished training EB misspecified with NPMLE init, with SURE: 0.12461120769391158
Finished training EB misspecified with NPMLE init, with in-sample MSE: 0.21676197121996035
Finished training EB misspecified, with SURE: 0.1246068187745572
Finished training EB misspecified, with in-sample MSE: 0.21675998682737874

 Training SURE of the models:
SURE-PM: 0.1246068187745572
NPMLE: 0.3357700366810701
SURE-PM, NPMLE init: 0.12461120769391158
n: 200
experiment: c
Finished training EB misspecified with NPMLE init, with SURE: 0.04084047276246452
Finished training EB misspecified with NPMLE init, with in-sample MSE: 0.1462570869547463
Finished training EB misspecified, with SURE: 0.04086186135155273
Finished training EB misspecified, with in-sample MSE: 0.1462970626892294

 Training SURE of the models:
SURE-PM: 0.04086186135155273
NPMLE: 1.027888692593668
SURE-PM, NPMLE init: 0.04084047276246452
experiment: d
Finished training EB misspecified with NPMLE init, with SURE: 0.005752447780513989
Finished training EB misspecified with NPMLE init, with in-sample MSE: 0.00934271537326861
Finished training EB misspecified, with SURE: 0.005753666277652769
Finished training EB misspecified, with in-sample MSE: 0.009342346719618954

 Training SURE of the models:
SURE-PM: 0.005753666277652769
NPMLE: 0.1506257922203233
SURE-PM, NPMLE init: 0.005752447780513989
experiment: e
Finished training EB misspecified with NPMLE init, with SURE: 0.12634854437442883
Finished training EB misspecified with NPMLE init, with in-sample MSE: 0.190063870580725
Finished training EB misspecified, with SURE: 0.12635797978073626
Finished training EB misspecified, with in-sample MSE: 0.190036711804845

 Training SURE of the models:
SURE-PM: 0.12635797978073626
NPMLE: 0.296582027128556
SURE-PM, NPMLE init: 0.12634854437442883
n: 400
experiment: c
Finished training EB misspecified with NPMLE init, with SURE: -0.011140177586304176
Finished training EB misspecified with NPMLE init, with in-sample MSE: 0.06476186633543037
Finished training EB misspecified, with SURE: -0.011151042956225226
Finished training EB misspecified, with in-sample MSE: 0.06502138572682928

 Training SURE of the models:
SURE-PM: -0.011151042956225226
NPMLE: 0.4669719451872588
SURE-PM, NPMLE init: -0.011140177586304176
experiment: d
Finished training EB misspecified with NPMLE init, with SURE: 0.005800405691028878
Finished training EB misspecified with NPMLE init, with in-sample MSE: 0.005881796745185297
Finished training EB misspecified, with SURE: 0.00572162930827762
Finished training EB misspecified, with in-sample MSE: 0.005703154776891776

 Training SURE of the models:
SURE-PM: 0.00572162930827762
NPMLE: 0.058971501520089474
SURE-PM, NPMLE init: 0.005800405691028878
experiment: e
Finished training EB misspecified with NPMLE init, with SURE: 0.14709210651468266
Finished training EB misspecified with NPMLE init, with in-sample MSE: 0.16286687598552732
Finished training EB misspecified, with SURE: 0.14709559224160043
Finished training EB misspecified, with in-sample MSE: 0.1628465590022105

 Training SURE of the models:
SURE-PM: 0.14709559224160043
NPMLE: 0.30193014808780977
SURE-PM, NPMLE init: 0.14709210651468266
m: 690
n: 100
experiment: c
Finished training EB misspecified with NPMLE init, with SURE: 0.1552756893739651
Finished training EB misspecified with NPMLE init, with in-sample MSE: 0.10341707906655113
Finished training EB misspecified, with SURE: 0.15528117534272057
Finished training EB misspecified, with in-sample MSE: 0.10340547198604629

 Training SURE of the models:
SURE-PM: 0.15528117534272057
NPMLE: 0.4967834681505422
SURE-PM, NPMLE init: 0.1552756893739651
experiment: d
Finished training EB misspecified with NPMLE init, with SURE: -0.005295473240845805
Finished training EB misspecified with NPMLE init, with in-sample MSE: 0.00809759977448085
Finished training EB misspecified, with SURE: -0.005289910341166202
Finished training EB misspecified, with in-sample MSE: 0.008100496507998468

 Training SURE of the models:
SURE-PM: -0.005289910341166202
NPMLE: 0.04085838252766349
SURE-PM, NPMLE init: -0.005295473240845805
experiment: e
Finished training EB misspecified with NPMLE init, with SURE: 0.10659983247744804
Finished training EB misspecified with NPMLE init, with in-sample MSE: 0.2609550104420221
Finished training EB misspecified, with SURE: 0.10659159896769105
Finished training EB misspecified, with in-sample MSE: 0.2610266670764793

 Training SURE of the models:
SURE-PM: 0.10659159896769105
NPMLE: 0.3242760396421119
SURE-PM, NPMLE init: 0.10659983247744804
n: 200
experiment: c
Finished training EB misspecified with NPMLE init, with SURE: 0.04970143760168057
Finished training EB misspecified with NPMLE init, with in-sample MSE: 0.11372900601961318
Finished training EB misspecified, with SURE: 0.049677598010893435
Finished training EB misspecified, with in-sample MSE: 0.1137510816675339

 Training SURE of the models:
SURE-PM: 0.049677598010893435
NPMLE: 1.112457462823848
SURE-PM, NPMLE init: 0.04970143760168057
experiment: d
Finished training EB misspecified with NPMLE init, with SURE: 0.0023019822832525704
Finished training EB misspecified with NPMLE init, with in-sample MSE: 0.0057219952427968145
Finished training EB misspecified, with SURE: 0.0018627360408583905
Finished training EB misspecified, with in-sample MSE: 0.006659844049771336

 Training SURE of the models:
SURE-PM: 0.0018627360408583905
NPMLE: 0.10805684692976979
SURE-PM, NPMLE init: 0.0023019822832525704
experiment: e
Finished training EB misspecified with NPMLE init, with SURE: 0.12538025447512083
Finished training EB misspecified with NPMLE init, with in-sample MSE: 0.17828991792230764
Finished training EB misspecified, with SURE: 0.12538607487705633
Finished training EB misspecified, with in-sample MSE: 0.17829440373314487

 Training SURE of the models:
SURE-PM: 0.12538607487705633
NPMLE: 0.32124624899676435
SURE-PM, NPMLE init: 0.12538025447512083
n: 400
experiment: c
Finished training EB misspecified with NPMLE init, with SURE: 0.03351364270587652
Finished training EB misspecified with NPMLE init, with in-sample MSE: 0.05514980282337842
Finished training EB misspecified, with SURE: 0.03351459851708697
Finished training EB misspecified, with in-sample MSE: 0.055149871922470346

 Training SURE of the models:
SURE-PM: 0.03351459851708697
NPMLE: 0.7331886564211993
SURE-PM, NPMLE init: 0.03351364270587652
experiment: d
Finished training EB misspecified with NPMLE init, with SURE: -0.005926745034703593
Finished training EB misspecified with NPMLE init, with in-sample MSE: 0.014021513792034099
Finished training EB misspecified, with SURE: -0.005925710910506848
Finished training EB misspecified, with in-sample MSE: 0.014019674818172578

 Training SURE of the models:
SURE-PM: -0.005925710910506848
NPMLE: 0.01317507984367575
SURE-PM, NPMLE init: -0.005926745034703593
experiment: e
Finished training EB misspecified with NPMLE init, with SURE: 0.14839193811967705
Finished training EB misspecified with NPMLE init, with in-sample MSE: 0.16865758738113823
Finished training EB misspecified, with SURE: 0.14840073219310768
Finished training EB misspecified, with in-sample MSE: 0.16863925602854526

 Training SURE of the models:
SURE-PM: 0.14840073219310768
NPMLE: 0.3445342723273322
SURE-PM, NPMLE init: 0.14839193811967705
m: 691
n: 100
experiment: c
Finished training EB misspecified with NPMLE init, with SURE: 0.019562851956139868
Finished training EB misspecified with NPMLE init, with in-sample MSE: 0.0682933430866978
Finished training EB misspecified, with SURE: 0.01955068929974985
Finished training EB misspecified, with in-sample MSE: 0.06835007438218342

 Training SURE of the models:
SURE-PM: 0.01955068929974985
NPMLE: 0.5193431026045973
SURE-PM, NPMLE init: 0.019562851956139868
experiment: d
Finished training EB misspecified with NPMLE init, with SURE: -0.021065768853833936
Finished training EB misspecified with NPMLE init, with in-sample MSE: 0.00562977370762712
Finished training EB misspecified, with SURE: -0.021063689147516537
Finished training EB misspecified, with in-sample MSE: 0.0056290279144011425

 Training SURE of the models:
SURE-PM: -0.021063689147516537
NPMLE: 0.007594133787358377
SURE-PM, NPMLE init: -0.021065768853833936
experiment: e
Finished training EB misspecified with NPMLE init, with SURE: 0.15140681769018524
Finished training EB misspecified with NPMLE init, with in-sample MSE: 0.2508278036701714
Finished training EB misspecified, with SURE: 0.13264073072220053
Finished training EB misspecified, with in-sample MSE: 0.2443352741209646

 Training SURE of the models:
SURE-PM: 0.13264073072220053
NPMLE: 0.27105990672339425
SURE-PM, NPMLE init: 0.15140681769018524
n: 200
experiment: c
Finished training EB misspecified with NPMLE init, with SURE: 0.059145745927783655
Finished training EB misspecified with NPMLE init, with in-sample MSE: 0.07303128899299659
Finished training EB misspecified, with SURE: 0.059412800596452445
Finished training EB misspecified, with in-sample MSE: 0.07477564801459265

 Training SURE of the models:
SURE-PM: 0.059412800596452445
NPMLE: 0.7005935021811698
SURE-PM, NPMLE init: 0.059145745927783655
experiment: d
Finished training EB misspecified with NPMLE init, with SURE: 0.024815070710620068
Finished training EB misspecified with NPMLE init, with in-sample MSE: 0.011288459769588817
Finished training EB misspecified, with SURE: 0.024821706316707087
Finished training EB misspecified, with in-sample MSE: 0.011272325812324522

 Training SURE of the models:
SURE-PM: 0.024821706316707087
NPMLE: 0.08655229763943066
SURE-PM, NPMLE init: 0.024815070710620068
experiment: e
Finished training EB misspecified with NPMLE init, with SURE: 0.15048276063039964
Finished training EB misspecified with NPMLE init, with in-sample MSE: 0.21899011815731473
Finished training EB misspecified, with SURE: 0.15048416217060387
Finished training EB misspecified, with in-sample MSE: 0.2189933874623621

 Training SURE of the models:
SURE-PM: 0.15048416217060387
NPMLE: 0.2744229969952608
SURE-PM, NPMLE init: 0.15048276063039964
n: 400
experiment: c
Finished training EB misspecified with NPMLE init, with SURE: 0.040372748330833444
Finished training EB misspecified with NPMLE init, with in-sample MSE: 0.06140848108858929
Finished training EB misspecified, with SURE: 0.040431645401659964
Finished training EB misspecified, with in-sample MSE: 0.061363598956863115

 Training SURE of the models:
SURE-PM: 0.040431645401659964
NPMLE: 0.35146942506886736
SURE-PM, NPMLE init: 0.040372748330833444
experiment: d
Finished training EB misspecified with NPMLE init, with SURE: 0.007039940964011749
Finished training EB misspecified with NPMLE init, with in-sample MSE: 0.0056685377864464735
Finished training EB misspecified, with SURE: 0.0070394910338376524
Finished training EB misspecified, with in-sample MSE: 0.005641139775131836

 Training SURE of the models:
SURE-PM: 0.0070394910338376524
NPMLE: 0.07971960565703239
SURE-PM, NPMLE init: 0.007039940964011749
experiment: e
Finished training EB misspecified with NPMLE init, with SURE: 0.15503343217046323
Finished training EB misspecified with NPMLE init, with in-sample MSE: 0.1862429776491067
Finished training EB misspecified, with SURE: 0.15503601155345365
Finished training EB misspecified, with in-sample MSE: 0.1862423915255885

 Training SURE of the models:
SURE-PM: 0.15503601155345365
NPMLE: 0.2919120429253697
SURE-PM, NPMLE init: 0.15503343217046323
m: 692
n: 100
experiment: c
Finished training EB misspecified with NPMLE init, with SURE: -0.03169720901729427
Finished training EB misspecified with NPMLE init, with in-sample MSE: 0.05872736770007709
Finished training EB misspecified, with SURE: -0.03165892028317678
Finished training EB misspecified, with in-sample MSE: 0.058820439707765904

 Training SURE of the models:
SURE-PM: -0.03165892028317678
NPMLE: 0.26270970221984674
SURE-PM, NPMLE init: -0.03169720901729427
experiment: d
Finished training EB misspecified with NPMLE init, with SURE: 0.02849383269990847
Finished training EB misspecified with NPMLE init, with in-sample MSE: 0.025155697405123204
Finished training EB misspecified, with SURE: 0.028494036109797918
Finished training EB misspecified, with in-sample MSE: 0.025155838345494355

 Training SURE of the models:
SURE-PM: 0.028494036109797918
NPMLE: 0.1245975096133476
SURE-PM, NPMLE init: 0.02849383269990847
experiment: e
Finished training EB misspecified with NPMLE init, with SURE: 0.16726524202203316
Finished training EB misspecified with NPMLE init, with in-sample MSE: 0.27683273835707917
Finished training EB misspecified, with SURE: 0.1648208646637812
Finished training EB misspecified, with in-sample MSE: 0.2775930530396364

 Training SURE of the models:
SURE-PM: 0.1648208646637812
NPMLE: 0.2578669838829213
SURE-PM, NPMLE init: 0.16726524202203316
n: 200
experiment: c
Finished training EB misspecified with NPMLE init, with SURE: 0.09533361485115747
Finished training EB misspecified with NPMLE init, with in-sample MSE: 0.06421079660143594
Finished training EB misspecified, with SURE: 0.095100266508435
Finished training EB misspecified, with in-sample MSE: 0.06433547875186454

 Training SURE of the models:
SURE-PM: 0.095100266508435
NPMLE: 0.4649145286577036
SURE-PM, NPMLE init: 0.09533361485115747
experiment: d
Finished training EB misspecified with NPMLE init, with SURE: 0.019589799237373046
Finished training EB misspecified with NPMLE init, with in-sample MSE: 0.013120749678647969
Finished training EB misspecified, with SURE: 0.019590047641007455
Finished training EB misspecified, with in-sample MSE: 0.013120666424220051

 Training SURE of the models:
SURE-PM: 0.019590047641007455
NPMLE: 0.0491576729619775
SURE-PM, NPMLE init: 0.019589799237373046
experiment: e
Finished training EB misspecified with NPMLE init, with SURE: 0.15015365905734432
Finished training EB misspecified with NPMLE init, with in-sample MSE: 0.1995313974684069
Finished training EB misspecified, with SURE: 0.15013061872690356
Finished training EB misspecified, with in-sample MSE: 0.19899327948882448

 Training SURE of the models:
SURE-PM: 0.15013061872690356
NPMLE: 0.29793744327636135
SURE-PM, NPMLE init: 0.15015365905734432
n: 400
experiment: c
Finished training EB misspecified with NPMLE init, with SURE: 0.06525518468640243
Finished training EB misspecified with NPMLE init, with in-sample MSE: 0.09544421928127272
Finished training EB misspecified, with SURE: 0.0652857228591752
Finished training EB misspecified, with in-sample MSE: 0.09542044665811274

 Training SURE of the models:
SURE-PM: 0.0652857228591752
NPMLE: 1.0579579179152483
SURE-PM, NPMLE init: 0.06525518468640243
experiment: d
Finished training EB misspecified with NPMLE init, with SURE: 0.011792179429847637
Finished training EB misspecified with NPMLE init, with in-sample MSE: 0.006867846197056247
Finished training EB misspecified, with SURE: 0.011798055993030836
Finished training EB misspecified, with in-sample MSE: 0.006850733930335928

 Training SURE of the models:
SURE-PM: 0.011798055993030836
NPMLE: 0.042107703646955236
SURE-PM, NPMLE init: 0.011792179429847637
experiment: e
Finished training EB misspecified with NPMLE init, with SURE: 0.15814109160407416
Finished training EB misspecified with NPMLE init, with in-sample MSE: 0.2169910300990422
Finished training EB misspecified, with SURE: 0.15815351562164603
Finished training EB misspecified, with in-sample MSE: 0.2169865533189799

 Training SURE of the models:
SURE-PM: 0.15815351562164603
NPMLE: 0.29871186433524116
SURE-PM, NPMLE init: 0.15814109160407416
m: 693
n: 100
experiment: c
Finished training EB misspecified with NPMLE init, with SURE: -0.08721455109680015
Finished training EB misspecified with NPMLE init, with in-sample MSE: 0.06677471602980303
Finished training EB misspecified, with SURE: -0.08721249723434368
Finished training EB misspecified, with in-sample MSE: 0.06677387965482279

 Training SURE of the models:
SURE-PM: -0.08721249723434368
NPMLE: 0.39422616390900833
SURE-PM, NPMLE init: -0.08721455109680015
experiment: d
Finished training EB misspecified with NPMLE init, with SURE: -0.0006295784236495194
Finished training EB misspecified with NPMLE init, with in-sample MSE: 0.012373978843201983
Finished training EB misspecified, with SURE: -0.0006294624714314523
Finished training EB misspecified, with in-sample MSE: 0.012374170711927819

 Training SURE of the models:
SURE-PM: -0.0006294624714314523
NPMLE: 0.04450126635884875
SURE-PM, NPMLE init: -0.0006295784236495194
experiment: e
Finished training EB misspecified with NPMLE init, with SURE: 0.07858943897468705
Finished training EB misspecified with NPMLE init, with in-sample MSE: 0.2640269025599751
Finished training EB misspecified, with SURE: 0.0685191252740335
Finished training EB misspecified, with in-sample MSE: 0.26973613779229777

 Training SURE of the models:
SURE-PM: 0.0685191252740335
NPMLE: 0.35047486598827077
SURE-PM, NPMLE init: 0.07858943897468705
n: 200
experiment: c
Finished training EB misspecified with NPMLE init, with SURE: 0.06953695871858287
Finished training EB misspecified with NPMLE init, with in-sample MSE: 0.06797214813028606
Finished training EB misspecified, with SURE: 0.07251434379618488
Finished training EB misspecified, with in-sample MSE: 0.05819744917978316

 Training SURE of the models:
SURE-PM: 0.07251434379618488
NPMLE: 0.9958732386006842
SURE-PM, NPMLE init: 0.06953695871858287
experiment: d
Finished training EB misspecified with NPMLE init, with SURE: 0.017023958906525447
Finished training EB misspecified with NPMLE init, with in-sample MSE: 0.009064307707282003
Finished training EB misspecified, with SURE: 0.01717977105745032
Finished training EB misspecified, with in-sample MSE: 0.00925358582554101

 Training SURE of the models:
SURE-PM: 0.01717977105745032
NPMLE: 0.0965821572204078
SURE-PM, NPMLE init: 0.017023958906525447
experiment: e
Finished training EB misspecified with NPMLE init, with SURE: 0.12859700641153893
Finished training EB misspecified with NPMLE init, with in-sample MSE: 0.20145555193000908
Finished training EB misspecified, with SURE: 0.1285864572705178
Finished training EB misspecified, with in-sample MSE: 0.2014394347082725

 Training SURE of the models:
SURE-PM: 0.1285864572705178
NPMLE: 0.34897890809422577
SURE-PM, NPMLE init: 0.12859700641153893
n: 400
experiment: c
Finished training EB misspecified with NPMLE init, with SURE: 0.028180454005887725
Finished training EB misspecified with NPMLE init, with in-sample MSE: 0.055238172469274247
Finished training EB misspecified, with SURE: 0.028187387025305526
Finished training EB misspecified, with in-sample MSE: 0.055240213971191304

 Training SURE of the models:
SURE-PM: 0.028187387025305526
NPMLE: 0.5059844745297916
SURE-PM, NPMLE init: 0.028180454005887725
experiment: d
Finished training EB misspecified with NPMLE init, with SURE: 0.016164664692779825
Finished training EB misspecified with NPMLE init, with in-sample MSE: 0.0070821103557547034
Finished training EB misspecified, with SURE: 0.016298854203929063
Finished training EB misspecified, with in-sample MSE: 0.006861536979618824

 Training SURE of the models:
SURE-PM: 0.016298854203929063
NPMLE: 0.06438459671172751
SURE-PM, NPMLE init: 0.016164664692779825
experiment: e
Finished training EB misspecified with NPMLE init, with SURE: 0.15390554561007774
Finished training EB misspecified with NPMLE init, with in-sample MSE: 0.21812657556311127
Finished training EB misspecified, with SURE: 0.15391701194458038
Finished training EB misspecified, with in-sample MSE: 0.2180948484408734

 Training SURE of the models:
SURE-PM: 0.15391701194458038
NPMLE: 0.3018070200386679
SURE-PM, NPMLE init: 0.15390554561007774
m: 694
n: 100
experiment: c
Finished training EB misspecified with NPMLE init, with SURE: 0.027615661444864516
Finished training EB misspecified with NPMLE init, with in-sample MSE: 0.056320273437616954
Finished training EB misspecified, with SURE: 0.02762271696419873
Finished training EB misspecified, with in-sample MSE: 0.05631183368283912

 Training SURE of the models:
SURE-PM: 0.02762271696419873
NPMLE: 0.6802533591025469
SURE-PM, NPMLE init: 0.027615661444864516
experiment: d
Finished training EB misspecified with NPMLE init, with SURE: 0.017154266121766498
Finished training EB misspecified with NPMLE init, with in-sample MSE: 0.006876060600498762
Finished training EB misspecified, with SURE: 0.017155273917161935
Finished training EB misspecified, with in-sample MSE: 0.00691536808452622

 Training SURE of the models:
SURE-PM: 0.017155273917161935
NPMLE: 0.029413267612758993
SURE-PM, NPMLE init: 0.017154266121766498
experiment: e
Finished training EB misspecified with NPMLE init, with SURE: 0.1191087155009548
Finished training EB misspecified with NPMLE init, with in-sample MSE: 0.19530723560894014
Finished training EB misspecified, with SURE: 0.11910967755027912
Finished training EB misspecified, with in-sample MSE: 0.1953047624117918

 Training SURE of the models:
SURE-PM: 0.11910967755027912
NPMLE: 0.32613907135379977
SURE-PM, NPMLE init: 0.1191087155009548
n: 200
experiment: c
Finished training EB misspecified with NPMLE init, with SURE: 0.059656400646655644
Finished training EB misspecified with NPMLE init, with in-sample MSE: 0.06560062438093461
Finished training EB misspecified, with SURE: 0.059653259146048326
Finished training EB misspecified, with in-sample MSE: 0.06560247476676112

 Training SURE of the models:
SURE-PM: 0.059653259146048326
NPMLE: 0.8443007952835352
SURE-PM, NPMLE init: 0.059656400646655644
experiment: d
Finished training EB misspecified with NPMLE init, with SURE: -0.01876785641376511
Finished training EB misspecified with NPMLE init, with in-sample MSE: 0.004672483404587132
Finished training EB misspecified, with SURE: -0.01876747378683893
Finished training EB misspecified, with in-sample MSE: 0.004660829540249784

 Training SURE of the models:
SURE-PM: -0.01876747378683893
NPMLE: -0.013967189880459242
SURE-PM, NPMLE init: -0.01876785641376511
experiment: e
Finished training EB misspecified with NPMLE init, with SURE: 0.150814096434494
Finished training EB misspecified with NPMLE init, with in-sample MSE: 0.16995399419824722
Finished training EB misspecified, with SURE: 0.15082205161408443
Finished training EB misspecified, with in-sample MSE: 0.1699374971041847

 Training SURE of the models:
SURE-PM: 0.15082205161408443
NPMLE: 0.3515502382450438
SURE-PM, NPMLE init: 0.150814096434494
n: 400
experiment: c
Finished training EB misspecified with NPMLE init, with SURE: 0.018323263632601366
Finished training EB misspecified with NPMLE init, with in-sample MSE: 0.049757952004569506
Finished training EB misspecified, with SURE: 0.0183259334177815
Finished training EB misspecified, with in-sample MSE: 0.04975736822541017

 Training SURE of the models:
SURE-PM: 0.0183259334177815
NPMLE: 0.28422765944619044
SURE-PM, NPMLE init: 0.018323263632601366
experiment: d
Finished training EB misspecified with NPMLE init, with SURE: -0.007235717498157772
Finished training EB misspecified with NPMLE init, with in-sample MSE: 0.00562968164622579
Finished training EB misspecified, with SURE: -0.007233081054467832
Finished training EB misspecified, with in-sample MSE: 0.00564145524095165

 Training SURE of the models:
SURE-PM: -0.007233081054467832
NPMLE: 0.043706203949363455
SURE-PM, NPMLE init: -0.007235717498157772
experiment: e
Finished training EB misspecified with NPMLE init, with SURE: 0.15836590953924837
Finished training EB misspecified with NPMLE init, with in-sample MSE: 0.17052213063091284
Finished training EB misspecified, with SURE: 0.1583683030728937
Finished training EB misspecified, with in-sample MSE: 0.17052250041112113

 Training SURE of the models:
SURE-PM: 0.1583683030728937
NPMLE: 0.3219246978354825
SURE-PM, NPMLE init: 0.15836590953924837
m: 695
n: 100
experiment: c
Finished training EB misspecified with NPMLE init, with SURE: -0.011261778545907574
Finished training EB misspecified with NPMLE init, with in-sample MSE: 0.05794093556910122
Finished training EB misspecified, with SURE: -0.01121826534983839
Finished training EB misspecified, with in-sample MSE: 0.057941804040977464

 Training SURE of the models:
SURE-PM: -0.01121826534983839
NPMLE: 0.7946828075315264
SURE-PM, NPMLE init: -0.011261778545907574
experiment: d
Finished training EB misspecified with NPMLE init, with SURE: 0.027645373847235002
Finished training EB misspecified with NPMLE init, with in-sample MSE: 0.020830265980244702
Finished training EB misspecified, with SURE: 0.02764806628932817
Finished training EB misspecified, with in-sample MSE: 0.02081929701690872

 Training SURE of the models:
SURE-PM: 0.02764806628932817
NPMLE: 0.03506733496503575
SURE-PM, NPMLE init: 0.027645373847235002
experiment: e
Finished training EB misspecified with NPMLE init, with SURE: 0.1520779026179344
Finished training EB misspecified with NPMLE init, with in-sample MSE: 0.18874709017106248
Finished training EB misspecified, with SURE: 0.1520817468722131
Finished training EB misspecified, with in-sample MSE: 0.18873454979006263

 Training SURE of the models:
SURE-PM: 0.1520817468722131
NPMLE: 0.32311277918720804
SURE-PM, NPMLE init: 0.1520779026179344
n: 200
experiment: c
Finished training EB misspecified with NPMLE init, with SURE: 0.013553518042379196
Finished training EB misspecified with NPMLE init, with in-sample MSE: 0.05769369477482334
Finished training EB misspecified, with SURE: 0.013554445878697337
Finished training EB misspecified, with in-sample MSE: 0.05769334610270932

 Training SURE of the models:
SURE-PM: 0.013554445878697337
NPMLE: 0.4542491978626489
SURE-PM, NPMLE init: 0.013553518042379196
experiment: d
Finished training EB misspecified with NPMLE init, with SURE: 0.00397317856629126
Finished training EB misspecified with NPMLE init, with in-sample MSE: 0.005770714857895062
Finished training EB misspecified, with SURE: 0.003974586301041576
Finished training EB misspecified, with in-sample MSE: 0.005772827695420975

 Training SURE of the models:
SURE-PM: 0.003974586301041576
NPMLE: 0.12367285612253437
SURE-PM, NPMLE init: 0.00397317856629126
experiment: e
Finished training EB misspecified with NPMLE init, with SURE: 0.13348609294800035
Finished training EB misspecified with NPMLE init, with in-sample MSE: 0.2079862933697582
Finished training EB misspecified, with SURE: 0.1334980019266118
Finished training EB misspecified, with in-sample MSE: 0.20799003613151895

 Training SURE of the models:
SURE-PM: 0.1334980019266118
NPMLE: 0.28849521885408075
SURE-PM, NPMLE init: 0.13348609294800035
n: 400
experiment: c
Finished training EB misspecified with NPMLE init, with SURE: 0.095048288486135
Finished training EB misspecified with NPMLE init, with in-sample MSE: 0.06732279132506798
Finished training EB misspecified, with SURE: 0.09504663203226159
Finished training EB misspecified, with in-sample MSE: 0.06732548446522114

 Training SURE of the models:
SURE-PM: 0.09504663203226159
NPMLE: 0.6224744441273726
SURE-PM, NPMLE init: 0.095048288486135
experiment: d
Finished training EB misspecified with NPMLE init, with SURE: 0.0016392399995867634
Finished training EB misspecified with NPMLE init, with in-sample MSE: 0.005743227519379108
Finished training EB misspecified, with SURE: 0.0016423256472712388
Finished training EB misspecified, with in-sample MSE: 0.005746241515855668

 Training SURE of the models:
SURE-PM: 0.0016423256472712388
NPMLE: 0.06622445446934867
SURE-PM, NPMLE init: 0.0016392399995867634
experiment: e
Finished training EB misspecified with NPMLE init, with SURE: 0.17739708435378831
Finished training EB misspecified with NPMLE init, with in-sample MSE: 0.1597866277707054
Finished training EB misspecified, with SURE: 0.17740089584324564
Finished training EB misspecified, with in-sample MSE: 0.15980063482704318

 Training SURE of the models:
SURE-PM: 0.17740089584324564
NPMLE: 0.3116382112515452
SURE-PM, NPMLE init: 0.17739708435378831
m: 696
n: 100
experiment: c
Finished training EB misspecified with NPMLE init, with SURE: 0.046318102506518105
Finished training EB misspecified with NPMLE init, with in-sample MSE: 0.0740710981943673
Finished training EB misspecified, with SURE: 0.04631856896674307
Finished training EB misspecified, with in-sample MSE: 0.07407073695391826

 Training SURE of the models:
SURE-PM: 0.04631856896674307
NPMLE: 0.4662352229085283
SURE-PM, NPMLE init: 0.046318102506518105
experiment: d
Finished training EB misspecified with NPMLE init, with SURE: 0.025700464194707725
Finished training EB misspecified with NPMLE init, with in-sample MSE: 0.03388518355878876
Finished training EB misspecified, with SURE: 0.025702899849464417
Finished training EB misspecified, with in-sample MSE: 0.03388046409986325

 Training SURE of the models:
SURE-PM: 0.025702899849464417
NPMLE: 0.03681055786371324
SURE-PM, NPMLE init: 0.025700464194707725
experiment: e
Finished training EB misspecified with NPMLE init, with SURE: 0.09009980252072541
Finished training EB misspecified with NPMLE init, with in-sample MSE: 0.24165838733359465
Finished training EB misspecified, with SURE: 0.09009951141089932
Finished training EB misspecified, with in-sample MSE: 0.24159902809811018

 Training SURE of the models:
SURE-PM: 0.09009951141089932
NPMLE: 0.36951405655352987
SURE-PM, NPMLE init: 0.09009980252072541
n: 200
experiment: c
Finished training EB misspecified with NPMLE init, with SURE: 0.028132740905267965
Finished training EB misspecified with NPMLE init, with in-sample MSE: 0.1296616334365467
Finished training EB misspecified, with SURE: 0.0281668611991104
Finished training EB misspecified, with in-sample MSE: 0.12963864934815328

 Training SURE of the models:
SURE-PM: 0.0281668611991104
NPMLE: 0.92481394804905
SURE-PM, NPMLE init: 0.028132740905267965
experiment: d
Finished training EB misspecified with NPMLE init, with SURE: 0.0027310218160613966
Finished training EB misspecified with NPMLE init, with in-sample MSE: 0.019841550247629278
Finished training EB misspecified, with SURE: 0.00036767838222900195
Finished training EB misspecified, with in-sample MSE: 0.027663425580842275

 Training SURE of the models:
SURE-PM: 0.00036767838222900195
NPMLE: 0.014392428979797298
SURE-PM, NPMLE init: 0.0027310218160613966
experiment: e
Finished training EB misspecified with NPMLE init, with SURE: 0.14120856592173275
Finished training EB misspecified with NPMLE init, with in-sample MSE: 0.17996814237618416
Finished training EB misspecified, with SURE: 0.14120416460543986
Finished training EB misspecified, with in-sample MSE: 0.1800330885591539

 Training SURE of the models:
SURE-PM: 0.14120416460543986
NPMLE: 0.32220510301987026
SURE-PM, NPMLE init: 0.14120856592173275
n: 400
experiment: c
Finished training EB misspecified with NPMLE init, with SURE: 0.06809229637087981
Finished training EB misspecified with NPMLE init, with in-sample MSE: 0.054988582979476036
Finished training EB misspecified, with SURE: 0.06814827169340092
Finished training EB misspecified, with in-sample MSE: 0.05494295960365068

 Training SURE of the models:
SURE-PM: 0.06814827169340092
NPMLE: 0.7751339843124647
SURE-PM, NPMLE init: 0.06809229637087981
experiment: d
Finished training EB misspecified with NPMLE init, with SURE: 0.005810486084113204
Finished training EB misspecified with NPMLE init, with in-sample MSE: 0.005447356727711472
Finished training EB misspecified, with SURE: 0.005821167870890065
Finished training EB misspecified, with in-sample MSE: 0.005424538764783482

 Training SURE of the models:
SURE-PM: 0.005821167870890065
NPMLE: 0.03286573786430983
SURE-PM, NPMLE init: 0.005810486084113204
experiment: e
Finished training EB misspecified with NPMLE init, with SURE: 0.1546900863467249
Finished training EB misspecified with NPMLE init, with in-sample MSE: 0.1676778094888177
Finished training EB misspecified, with SURE: 0.15446324474239126
Finished training EB misspecified, with in-sample MSE: 0.16844808790657712

 Training SURE of the models:
SURE-PM: 0.15446324474239126
NPMLE: 0.32237176856646527
SURE-PM, NPMLE init: 0.1546900863467249
m: 697
n: 100
experiment: c
Finished training EB misspecified with NPMLE init, with SURE: 0.02962744019911888
Finished training EB misspecified with NPMLE init, with in-sample MSE: 0.05479581860456527
Finished training EB misspecified, with SURE: 0.029626249675030608
Finished training EB misspecified, with in-sample MSE: 0.05478888496988455

 Training SURE of the models:
SURE-PM: 0.029626249675030608
NPMLE: 1.0232368788272799
SURE-PM, NPMLE init: 0.02962744019911888
experiment: d
Finished training EB misspecified with NPMLE init, with SURE: -0.003834053319660029
Finished training EB misspecified with NPMLE init, with in-sample MSE: 0.012373907239277872
Finished training EB misspecified, with SURE: -0.0038336176569633553
Finished training EB misspecified, with in-sample MSE: 0.012373733354158083

 Training SURE of the models:
SURE-PM: -0.0038336176569633553
NPMLE: 0.051962029036028846
SURE-PM, NPMLE init: -0.003834053319660029
experiment: e
Finished training EB misspecified with NPMLE init, with SURE: 0.029029574969033866
Finished training EB misspecified with NPMLE init, with in-sample MSE: 0.24506294112920124
Finished training EB misspecified, with SURE: 0.029470706437441017
Finished training EB misspecified, with in-sample MSE: 0.24995323641677253

 Training SURE of the models:
SURE-PM: 0.029470706437441017
NPMLE: 0.39320962119868225
SURE-PM, NPMLE init: 0.029029574969033866
n: 200
experiment: c
Finished training EB misspecified with NPMLE init, with SURE: -0.03676796341946876
Finished training EB misspecified with NPMLE init, with in-sample MSE: 0.07743099236375625
Finished training EB misspecified, with SURE: -0.03676711319054036
Finished training EB misspecified, with in-sample MSE: 0.07743199178205175

 Training SURE of the models:
SURE-PM: -0.03676711319054036
NPMLE: 0.7225068601890314
SURE-PM, NPMLE init: -0.03676796341946876
experiment: d
Finished training EB misspecified with NPMLE init, with SURE: 0.02053599437339724
Finished training EB misspecified with NPMLE init, with in-sample MSE: 0.013656407563595048
Finished training EB misspecified, with SURE: 0.02053587486829123
Finished training EB misspecified, with in-sample MSE: 0.013657291695965069

 Training SURE of the models:
SURE-PM: 0.02053587486829123
NPMLE: 0.11603846373685295
SURE-PM, NPMLE init: 0.02053599437339724
experiment: e
Finished training EB misspecified with NPMLE init, with SURE: 0.15538198496245678
Finished training EB misspecified with NPMLE init, with in-sample MSE: 0.1921719313580553
Finished training EB misspecified, with SURE: 0.15538585714500044
Finished training EB misspecified, with in-sample MSE: 0.19213527268119365

 Training SURE of the models:
SURE-PM: 0.15538585714500044
NPMLE: 0.3426194257600786
SURE-PM, NPMLE init: 0.15538198496245678
n: 400
experiment: c
Finished training EB misspecified with NPMLE init, with SURE: 0.035037800296283596
Finished training EB misspecified with NPMLE init, with in-sample MSE: 0.06005779012092047
Finished training EB misspecified, with SURE: 0.03506298355196698
Finished training EB misspecified, with in-sample MSE: 0.06004424768484066

 Training SURE of the models:
SURE-PM: 0.03506298355196698
NPMLE: 0.9638885160293895
SURE-PM, NPMLE init: 0.035037800296283596
experiment: d
Finished training EB misspecified with NPMLE init, with SURE: -0.0009688944323044524
Finished training EB misspecified with NPMLE init, with in-sample MSE: 0.006151483859228059
Finished training EB misspecified, with SURE: -0.0009677450281495759
Finished training EB misspecified, with in-sample MSE: 0.006151016370489957

 Training SURE of the models:
SURE-PM: -0.0009677450281495759
NPMLE: 0.006032912212770363
SURE-PM, NPMLE init: -0.0009688944323044524
experiment: e
Finished training EB misspecified with NPMLE init, with SURE: 0.1575386559236889
Finished training EB misspecified with NPMLE init, with in-sample MSE: 0.16375225782771136
Finished training EB misspecified, with SURE: 0.1575914130748985
Finished training EB misspecified, with in-sample MSE: 0.16393159516837005

 Training SURE of the models:
SURE-PM: 0.1575914130748985
NPMLE: 0.35480592001739836
SURE-PM, NPMLE init: 0.1575386559236889
m: 698
n: 100
experiment: c
Finished training EB misspecified with NPMLE init, with SURE: 0.0794845901275243
Finished training EB misspecified with NPMLE init, with in-sample MSE: 0.07892340692250843
Finished training EB misspecified, with SURE: 0.079490630261651
Finished training EB misspecified, with in-sample MSE: 0.07886693907388671

 Training SURE of the models:
SURE-PM: 0.079490630261651
NPMLE: 0.39316454844443044
SURE-PM, NPMLE init: 0.0794845901275243
experiment: d
Finished training EB misspecified with NPMLE init, with SURE: 0.016044317929676345
Finished training EB misspecified with NPMLE init, with in-sample MSE: 0.014282288485862427
Finished training EB misspecified, with SURE: 0.01604359672275745
Finished training EB misspecified, with in-sample MSE: 0.014285537367823115

 Training SURE of the models:
SURE-PM: 0.01604359672275745
NPMLE: 0.0959611060911083
SURE-PM, NPMLE init: 0.016044317929676345
experiment: e
Finished training EB misspecified with NPMLE init, with SURE: 0.13564858073854544
Finished training EB misspecified with NPMLE init, with in-sample MSE: 0.11919118572051093
Finished training EB misspecified, with SURE: 0.12683027216454348
Finished training EB misspecified, with in-sample MSE: 0.12342200824142772

 Training SURE of the models:
SURE-PM: 0.12683027216454348
NPMLE: 0.24151244715778353
SURE-PM, NPMLE init: 0.13564858073854544
n: 200
experiment: c
Finished training EB misspecified with NPMLE init, with SURE: 0.020756121033633123
Finished training EB misspecified with NPMLE init, with in-sample MSE: 0.04830155109185811
Finished training EB misspecified, with SURE: 0.020769412069258947
Finished training EB misspecified, with in-sample MSE: 0.048304885396580115

 Training SURE of the models:
SURE-PM: 0.020769412069258947
NPMLE: 0.8575271848294364
SURE-PM, NPMLE init: 0.020756121033633123
experiment: d
Finished training EB misspecified with NPMLE init, with SURE: 0.015853369919943835
Finished training EB misspecified with NPMLE init, with in-sample MSE: 0.00827293339840332
Finished training EB misspecified, with SURE: 0.015853451402454227
Finished training EB misspecified, with in-sample MSE: 0.008273285169264212

 Training SURE of the models:
SURE-PM: 0.015853451402454227
NPMLE: 0.027460694529485057
SURE-PM, NPMLE init: 0.015853369919943835
experiment: e
Finished training EB misspecified with NPMLE init, with SURE: 0.12421639165972188
Finished training EB misspecified with NPMLE init, with in-sample MSE: 0.23346415764389764
Finished training EB misspecified, with SURE: 0.12422414508489446
Finished training EB misspecified, with in-sample MSE: 0.23344332433232182

 Training SURE of the models:
SURE-PM: 0.12422414508489446
NPMLE: 0.30227301100476234
SURE-PM, NPMLE init: 0.12421639165972188
n: 400
experiment: c
Finished training EB misspecified with NPMLE init, with SURE: 0.10838118342869081
Finished training EB misspecified with NPMLE init, with in-sample MSE: 0.057350390692547284
Finished training EB misspecified, with SURE: 0.10841331329187086
Finished training EB misspecified, with in-sample MSE: 0.05728552248145294

 Training SURE of the models:
SURE-PM: 0.10841331329187086
NPMLE: 0.8799345924468815
SURE-PM, NPMLE init: 0.10838118342869081
experiment: d
Finished training EB misspecified with NPMLE init, with SURE: 0.0022755378849118203
Finished training EB misspecified with NPMLE init, with in-sample MSE: 0.0074596888180425225
Finished training EB misspecified, with SURE: 0.002275816935495136
Finished training EB misspecified, with in-sample MSE: 0.007461414219337293

 Training SURE of the models:
SURE-PM: 0.002275816935495136
NPMLE: 0.007815855034774302
SURE-PM, NPMLE init: 0.0022755378849118203
experiment: e
Finished training EB misspecified with NPMLE init, with SURE: 0.173024817684644
Finished training EB misspecified with NPMLE init, with in-sample MSE: 0.18019157314857143
Finished training EB misspecified, with SURE: 0.1730309633301648
Finished training EB misspecified, with in-sample MSE: 0.1801919576914122

 Training SURE of the models:
SURE-PM: 0.1730309633301648
NPMLE: 0.35112388844952425
SURE-PM, NPMLE init: 0.173024817684644
m: 699
n: 100
experiment: c
Finished training EB misspecified with NPMLE init, with SURE: 0.006625822167981283
Finished training EB misspecified with NPMLE init, with in-sample MSE: 0.06839885416849084
Finished training EB misspecified, with SURE: 0.00663723272006969
Finished training EB misspecified, with in-sample MSE: 0.06839138968722867

 Training SURE of the models:
SURE-PM: 0.00663723272006969
NPMLE: 0.4299459707178088
SURE-PM, NPMLE init: 0.006625822167981283
experiment: d
Finished training EB misspecified with NPMLE init, with SURE: -0.006055566835491675
Finished training EB misspecified with NPMLE init, with in-sample MSE: 0.010468638995904927
Finished training EB misspecified, with SURE: -0.0060551950975349204
Finished training EB misspecified, with in-sample MSE: 0.010464758600427969

 Training SURE of the models:
SURE-PM: -0.0060551950975349204
NPMLE: 0.0093338776447529
SURE-PM, NPMLE init: -0.006055566835491675
experiment: e
Finished training EB misspecified with NPMLE init, with SURE: 0.10953344235076629
Finished training EB misspecified with NPMLE init, with in-sample MSE: 0.21951649547727553
Finished training EB misspecified, with SURE: 0.10953719634612419
Finished training EB misspecified, with in-sample MSE: 0.21950712895037758

 Training SURE of the models:
SURE-PM: 0.10953719634612419
NPMLE: 0.4272377388403016
SURE-PM, NPMLE init: 0.10953344235076629
n: 200
experiment: c
Finished training EB misspecified with NPMLE init, with SURE: -0.01199149018200714
Finished training EB misspecified with NPMLE init, with in-sample MSE: 0.07598681479623727
Finished training EB misspecified, with SURE: -0.01191647280974962
Finished training EB misspecified, with in-sample MSE: 0.07457947378833789

 Training SURE of the models:
SURE-PM: -0.01191647280974962
NPMLE: 0.45315603040600444
SURE-PM, NPMLE init: -0.01199149018200714
experiment: d
Finished training EB misspecified with NPMLE init, with SURE: -0.012312804802705113
Finished training EB misspecified with NPMLE init, with in-sample MSE: 0.008536695926952699
Finished training EB misspecified, with SURE: -0.012312685233427895
Finished training EB misspecified, with in-sample MSE: 0.008536615757866768

 Training SURE of the models:
SURE-PM: -0.012312685233427895
NPMLE: 0.001501903911259319
SURE-PM, NPMLE init: -0.012312804802705113
experiment: e
Finished training EB misspecified with NPMLE init, with SURE: 0.13983246066682653
Finished training EB misspecified with NPMLE init, with in-sample MSE: 0.20524180695664243
Finished training EB misspecified, with SURE: 0.1398334775567791
Finished training EB misspecified, with in-sample MSE: 0.20529855649542295

 Training SURE of the models:
SURE-PM: 0.1398334775567791
NPMLE: 0.3189093943801188
SURE-PM, NPMLE init: 0.13983246066682653
n: 400
experiment: c
Finished training EB misspecified with NPMLE init, with SURE: 0.042121303891523
Finished training EB misspecified with NPMLE init, with in-sample MSE: 0.05604934425535464
Finished training EB misspecified, with SURE: 0.04211937463313582
Finished training EB misspecified, with in-sample MSE: 0.056059222137372224

 Training SURE of the models:
SURE-PM: 0.04211937463313582
NPMLE: 0.3919885676761124
SURE-PM, NPMLE init: 0.042121303891523
experiment: d
Finished training EB misspecified with NPMLE init, with SURE: 0.000991691814949416
Finished training EB misspecified with NPMLE init, with in-sample MSE: 0.008366600914832333
Finished training EB misspecified, with SURE: 0.0020264494556552037
Finished training EB misspecified, with in-sample MSE: 0.00687035196937018

 Training SURE of the models:
SURE-PM: 0.0020264494556552037
NPMLE: 0.014613092067096645
SURE-PM, NPMLE init: 0.000991691814949416
experiment: e
Finished training EB misspecified with NPMLE init, with SURE: 0.14626861057374568
Finished training EB misspecified with NPMLE init, with in-sample MSE: 0.16795264787442327
Finished training EB misspecified, with SURE: 0.14588942818863282
Finished training EB misspecified, with in-sample MSE: 0.16937298052600955

 Training SURE of the models:
SURE-PM: 0.14588942818863282
NPMLE: 0.3796540682140103
SURE-PM, NPMLE init: 0.14626861057374568
m: 700
n: 100
experiment: c
Finished training EB misspecified with NPMLE init, with SURE: -0.0007703398925370664
Finished training EB misspecified with NPMLE init, with in-sample MSE: 0.09297200723948379
Finished training EB misspecified, with SURE: -0.0007602705377482267
Finished training EB misspecified, with in-sample MSE: 0.09288048862686438

 Training SURE of the models:
SURE-PM: -0.0007602705377482267
NPMLE: 0.5461566455212199
SURE-PM, NPMLE init: -0.0007703398925370664
experiment: d
Finished training EB misspecified with NPMLE init, with SURE: -0.010388479901400984
Finished training EB misspecified with NPMLE init, with in-sample MSE: 0.0052893326675125816
Finished training EB misspecified, with SURE: -0.010388045865429128
Finished training EB misspecified, with in-sample MSE: 0.005308510996943607

 Training SURE of the models:
SURE-PM: -0.010388045865429128
NPMLE: -0.009770695764185948
SURE-PM, NPMLE init: -0.010388479901400984
experiment: e
Finished training EB misspecified with NPMLE init, with SURE: 0.10880716963635624
Finished training EB misspecified with NPMLE init, with in-sample MSE: 0.23263832603909715
Finished training EB misspecified, with SURE: 0.10881057177888029
Finished training EB misspecified, with in-sample MSE: 0.23254414987519667

 Training SURE of the models:
SURE-PM: 0.10881057177888029
NPMLE: 0.324598811781271
SURE-PM, NPMLE init: 0.10880716963635624
n: 200
experiment: c
Finished training EB misspecified with NPMLE init, with SURE: -0.11916461945059226
Finished training EB misspecified with NPMLE init, with in-sample MSE: 0.11980539954795494
Finished training EB misspecified, with SURE: -0.07745582431173005
Finished training EB misspecified, with in-sample MSE: 0.05763560066924998

 Training SURE of the models:
SURE-PM: -0.07745582431173005
NPMLE: 0.6840812313212339
SURE-PM, NPMLE init: -0.11916461945059226
experiment: d
Finished training EB misspecified with NPMLE init, with SURE: 0.0006595943938077653
Finished training EB misspecified with NPMLE init, with in-sample MSE: 0.0040107381421313525
Finished training EB misspecified, with SURE: 0.0006615451490808155
Finished training EB misspecified, with in-sample MSE: 0.004015348933443288

 Training SURE of the models:
SURE-PM: 0.0006615451490808155
NPMLE: 0.04793757270506543
SURE-PM, NPMLE init: 0.0006595943938077653
experiment: e
Finished training EB misspecified with NPMLE init, with SURE: 0.11136035236780906
Finished training EB misspecified with NPMLE init, with in-sample MSE: 0.17839999154286545
Finished training EB misspecified, with SURE: 0.11137022316732782
Finished training EB misspecified, with in-sample MSE: 0.1784261752619729

 Training SURE of the models:
SURE-PM: 0.11137022316732782
NPMLE: 0.35250325460648796
SURE-PM, NPMLE init: 0.11136035236780906
n: 400
experiment: c
Finished training EB misspecified with NPMLE init, with SURE: -0.06156662457920213
Finished training EB misspecified with NPMLE init, with in-sample MSE: 0.06597619422860436
Finished training EB misspecified, with SURE: -0.06157427542688432
Finished training EB misspecified, with in-sample MSE: 0.06603602606547913

 Training SURE of the models:
SURE-PM: -0.06157427542688432
NPMLE: 1.0958519362631423
SURE-PM, NPMLE init: -0.06156662457920213
experiment: d
Finished training EB misspecified with NPMLE init, with SURE: -0.014745987555137586
Finished training EB misspecified with NPMLE init, with in-sample MSE: 0.0034111419159752548
Finished training EB misspecified, with SURE: -0.014743354098935768
Finished training EB misspecified, with in-sample MSE: 0.0034108446536498783

 Training SURE of the models:
SURE-PM: -0.014743354098935768
NPMLE: 0.03958499669544363
SURE-PM, NPMLE init: -0.014745987555137586
experiment: e
Finished training EB misspecified with NPMLE init, with SURE: 0.11381137850145542
Finished training EB misspecified with NPMLE init, with in-sample MSE: 0.1568922915118207
Finished training EB misspecified, with SURE: 0.1123594419372418
Finished training EB misspecified, with in-sample MSE: 0.1454526782407717

 Training SURE of the models:
SURE-PM: 0.1123594419372418
NPMLE: 0.4874890898815741
SURE-PM, NPMLE init: 0.11381137850145542
m: 701
n: 100
experiment: c
Finished training EB misspecified with NPMLE init, with SURE: 0.15841434952272734
Finished training EB misspecified with NPMLE init, with in-sample MSE: 0.10681756381283161
Finished training EB misspecified, with SURE: 0.15843263060468984
Finished training EB misspecified, with in-sample MSE: 0.10678118834185811

 Training SURE of the models:
SURE-PM: 0.15843263060468984
NPMLE: 0.5780077085650922
SURE-PM, NPMLE init: 0.15841434952272734
experiment: d
Finished training EB misspecified with NPMLE init, with SURE: 0.014292504102681392
Finished training EB misspecified with NPMLE init, with in-sample MSE: 0.01412298748725089
Finished training EB misspecified, with SURE: 0.014798280943789894
Finished training EB misspecified, with in-sample MSE: 0.013508325457422636

 Training SURE of the models:
SURE-PM: 0.014798280943789894
NPMLE: 0.0397774258319305
SURE-PM, NPMLE init: 0.014292504102681392
experiment: e
Finished training EB misspecified with NPMLE init, with SURE: 0.10934470738407236
Finished training EB misspecified with NPMLE init, with in-sample MSE: 0.31448751222012167
Finished training EB misspecified, with SURE: 0.10934828517739881
Finished training EB misspecified, with in-sample MSE: 0.3144936374859565

 Training SURE of the models:
SURE-PM: 0.10934828517739881
NPMLE: 0.23040644182942083
SURE-PM, NPMLE init: 0.10934470738407236
n: 200
experiment: c
Finished training EB misspecified with NPMLE init, with SURE: 0.043315412100547734
Finished training EB misspecified with NPMLE init, with in-sample MSE: 0.08569403393106591
Finished training EB misspecified, with SURE: 0.04335797691011756
Finished training EB misspecified, with in-sample MSE: 0.08562714792964479

 Training SURE of the models:
SURE-PM: 0.04335797691011756
NPMLE: 0.7258237071362277
SURE-PM, NPMLE init: 0.043315412100547734
experiment: d
Finished training EB misspecified with NPMLE init, with SURE: -0.0057276679628085955
Finished training EB misspecified with NPMLE init, with in-sample MSE: 0.009337915149893565
Finished training EB misspecified, with SURE: -0.005722557775716659
Finished training EB misspecified, with in-sample MSE: 0.00933288442001064

 Training SURE of the models:
SURE-PM: -0.005722557775716659
NPMLE: 0.013756518367488866
SURE-PM, NPMLE init: -0.0057276679628085955
experiment: e
Finished training EB misspecified with NPMLE init, with SURE: 0.1290716996304321
Finished training EB misspecified with NPMLE init, with in-sample MSE: 0.1946659673674833
Finished training EB misspecified, with SURE: 0.12907096565310083
Finished training EB misspecified, with in-sample MSE: 0.19465868230442435

 Training SURE of the models:
SURE-PM: 0.12907096565310083
NPMLE: 0.30811570317538767
SURE-PM, NPMLE init: 0.1290716996304321
n: 400
experiment: c
Finished training EB misspecified with NPMLE init, with SURE: 0.03488859505769376
Finished training EB misspecified with NPMLE init, with in-sample MSE: 0.06336880460667144
Finished training EB misspecified, with SURE: 0.039221291109801375
Finished training EB misspecified, with in-sample MSE: 0.05625925398353119

 Training SURE of the models:
SURE-PM: 0.039221291109801375
NPMLE: 0.915669899719002
SURE-PM, NPMLE init: 0.03488859505769376
experiment: d
Finished training EB misspecified with NPMLE init, with SURE: 0.009790326522216316
Finished training EB misspecified with NPMLE init, with in-sample MSE: 0.005751875593307688
Finished training EB misspecified, with SURE: 0.00979870212257035
Finished training EB misspecified, with in-sample MSE: 0.005742272399128553

 Training SURE of the models:
SURE-PM: 0.00979870212257035
NPMLE: 0.06660179406749261
SURE-PM, NPMLE init: 0.009790326522216316
experiment: e
Finished training EB misspecified with NPMLE init, with SURE: 0.1689511874851813
Finished training EB misspecified with NPMLE init, with in-sample MSE: 0.1797696853382579
Finished training EB misspecified, with SURE: 0.1689514490683765
Finished training EB misspecified, with in-sample MSE: 0.17977150084239543

 Training SURE of the models:
SURE-PM: 0.1689514490683765
NPMLE: 0.3099976077968748
SURE-PM, NPMLE init: 0.1689511874851813
m: 702
n: 100
experiment: c
Finished training EB misspecified with NPMLE init, with SURE: 0.07542926691537424
Finished training EB misspecified with NPMLE init, with in-sample MSE: 0.09363880432811772
Finished training EB misspecified, with SURE: 0.07545662354981275
Finished training EB misspecified, with in-sample MSE: 0.09368496057214014

 Training SURE of the models:
SURE-PM: 0.07545662354981275
NPMLE: 0.7497914584382168
SURE-PM, NPMLE init: 0.07542926691537424
experiment: d
Finished training EB misspecified with NPMLE init, with SURE: 0.012108977932404433
Finished training EB misspecified with NPMLE init, with in-sample MSE: 0.027880677646260107
Finished training EB misspecified, with SURE: 0.012112530934168806
Finished training EB misspecified, with in-sample MSE: 0.027875261168248525

 Training SURE of the models:
SURE-PM: 0.012112530934168806
NPMLE: 0.027894049500931894
SURE-PM, NPMLE init: 0.012108977932404433
experiment: e
Finished training EB misspecified with NPMLE init, with SURE: 0.13416158493139108
Finished training EB misspecified with NPMLE init, with in-sample MSE: 0.23801465635778232
Finished training EB misspecified, with SURE: 0.1341671671307128
Finished training EB misspecified, with in-sample MSE: 0.23802502567378525

 Training SURE of the models:
SURE-PM: 0.1341671671307128
NPMLE: 0.32055869424182193
SURE-PM, NPMLE init: 0.13416158493139108
n: 200
experiment: c
Finished training EB misspecified with NPMLE init, with SURE: 0.07183491148352637
Finished training EB misspecified with NPMLE init, with in-sample MSE: 0.08163080536584318
Finished training EB misspecified, with SURE: 0.07049652425220615
Finished training EB misspecified, with in-sample MSE: 0.11374398755509779

 Training SURE of the models:
SURE-PM: 0.07049652425220615
NPMLE: 0.378817784211855
SURE-PM, NPMLE init: 0.07183491148352637
experiment: d
Finished training EB misspecified with NPMLE init, with SURE: 0.011880021900348724
Finished training EB misspecified with NPMLE init, with in-sample MSE: 0.014005502376517718
Finished training EB misspecified, with SURE: 0.011882237261601461
Finished training EB misspecified, with in-sample MSE: 0.014001617284962851

 Training SURE of the models:
SURE-PM: 0.011882237261601461
NPMLE: 0.02446625451309705
SURE-PM, NPMLE init: 0.011880021900348724
experiment: e
Finished training EB misspecified with NPMLE init, with SURE: 0.13780430507769376
Finished training EB misspecified with NPMLE init, with in-sample MSE: 0.20084549705996985
Finished training EB misspecified, with SURE: 0.13780122202880776
Finished training EB misspecified, with in-sample MSE: 0.2008455364944353

 Training SURE of the models:
SURE-PM: 0.13780122202880776
NPMLE: 0.28238948613272574
SURE-PM, NPMLE init: 0.13780430507769376
n: 400
experiment: c
Finished training EB misspecified with NPMLE init, with SURE: 0.0580614736028356
Finished training EB misspecified with NPMLE init, with in-sample MSE: 0.06618230626504878
Finished training EB misspecified, with SURE: 0.05806234460687293
Finished training EB misspecified, with in-sample MSE: 0.06618470014178497

 Training SURE of the models:
SURE-PM: 0.05806234460687293
NPMLE: 0.4771963177272556
SURE-PM, NPMLE init: 0.0580614736028356
experiment: d
Finished training EB misspecified with NPMLE init, with SURE: 0.013041424490219366
Finished training EB misspecified with NPMLE init, with in-sample MSE: 0.0070483299406091035
Finished training EB misspecified, with SURE: 0.01304124861586832
Finished training EB misspecified, with in-sample MSE: 0.0070468838442559025

 Training SURE of the models:
SURE-PM: 0.01304124861586832
NPMLE: 0.04858334076065532
SURE-PM, NPMLE init: 0.013041424490219366
experiment: e
Finished training EB misspecified with NPMLE init, with SURE: 0.14592677804848259
Finished training EB misspecified with NPMLE init, with in-sample MSE: 0.19004732776952862
Finished training EB misspecified, with SURE: 0.14592867475186552
Finished training EB misspecified, with in-sample MSE: 0.1899460022629169

 Training SURE of the models:
SURE-PM: 0.14592867475186552
NPMLE: 0.2798078199636562
SURE-PM, NPMLE init: 0.14592677804848259
m: 703
n: 100
experiment: c
Finished training EB misspecified with NPMLE init, with SURE: 0.06299430879456452
Finished training EB misspecified with NPMLE init, with in-sample MSE: 0.0799208455837752
Finished training EB misspecified, with SURE: 0.06300005745102347
Finished training EB misspecified, with in-sample MSE: 0.07984223365462312

 Training SURE of the models:
SURE-PM: 0.06300005745102347
NPMLE: 0.9176830290182193
SURE-PM, NPMLE init: 0.06299430879456452
experiment: d
Finished training EB misspecified with NPMLE init, with SURE: -0.021126937689197104
Finished training EB misspecified with NPMLE init, with in-sample MSE: 0.014366689111333519
Finished training EB misspecified, with SURE: -0.021126097841469987
Finished training EB misspecified, with in-sample MSE: 0.014402127250071228

 Training SURE of the models:
SURE-PM: -0.021126097841469987
NPMLE: 0.014154879437353553
SURE-PM, NPMLE init: -0.021126937689197104
experiment: e
Finished training EB misspecified with NPMLE init, with SURE: 0.12653261095585905
Finished training EB misspecified with NPMLE init, with in-sample MSE: 0.23429056677207868
Finished training EB misspecified, with SURE: 0.12653655924341414
Finished training EB misspecified, with in-sample MSE: 0.2343166701700377

 Training SURE of the models:
SURE-PM: 0.12653655924341414
NPMLE: 0.2869274888827657
SURE-PM, NPMLE init: 0.12653261095585905
n: 200
experiment: c
Finished training EB misspecified with NPMLE init, with SURE: 0.13923576128979875
Finished training EB misspecified with NPMLE init, with in-sample MSE: 0.07810994616702399
Finished training EB misspecified, with SURE: 0.1399112950734107
Finished training EB misspecified, with in-sample MSE: 0.07684350466008942

 Training SURE of the models:
SURE-PM: 0.1399112950734107
NPMLE: 0.5855005891511028
SURE-PM, NPMLE init: 0.13923576128979875
experiment: d
Finished training EB misspecified with NPMLE init, with SURE: -0.008864990270487852
Finished training EB misspecified with NPMLE init, with in-sample MSE: 0.007792790020602843
Finished training EB misspecified, with SURE: -0.008947724370240202
Finished training EB misspecified, with in-sample MSE: 0.007721674226789012

 Training SURE of the models:
SURE-PM: -0.008947724370240202
NPMLE: 0.08258125905543996
SURE-PM, NPMLE init: -0.008864990270487852
experiment: e
Finished training EB misspecified with NPMLE init, with SURE: 0.14133225462279775
Finished training EB misspecified with NPMLE init, with in-sample MSE: 0.15940595032571084
Finished training EB misspecified, with SURE: 0.1413363897500853
Finished training EB misspecified, with in-sample MSE: 0.15940453102684832

 Training SURE of the models:
SURE-PM: 0.1413363897500853
NPMLE: 0.3425823896337646
SURE-PM, NPMLE init: 0.14133225462279775
n: 400
experiment: c
Finished training EB misspecified with NPMLE init, with SURE: 0.05861624954734126
Finished training EB misspecified with NPMLE init, with in-sample MSE: 0.0676326054358029
Finished training EB misspecified, with SURE: 0.058600166325420276
Finished training EB misspecified, with in-sample MSE: 0.06763622053560756

 Training SURE of the models:
SURE-PM: 0.058600166325420276
NPMLE: 0.825788343389163
SURE-PM, NPMLE init: 0.05861624954734126
experiment: d
Finished training EB misspecified with NPMLE init, with SURE: 0.00110795636531698
Finished training EB misspecified with NPMLE init, with in-sample MSE: 0.007962477202433333
Finished training EB misspecified, with SURE: 0.0011351550290609857
Finished training EB misspecified, with in-sample MSE: 0.007956425327991313

 Training SURE of the models:
SURE-PM: 0.0011351550290609857
NPMLE: 0.021716178223837267
SURE-PM, NPMLE init: 0.00110795636531698
experiment: e
Finished training EB misspecified with NPMLE init, with SURE: 0.16507533405536
Finished training EB misspecified with NPMLE init, with in-sample MSE: 0.15228393185439518
Finished training EB misspecified, with SURE: 0.16508030775165713
Finished training EB misspecified, with in-sample MSE: 0.15233939815490785

 Training SURE of the models:
SURE-PM: 0.16508030775165713
NPMLE: 0.305350874043919
SURE-PM, NPMLE init: 0.16507533405536
m: 704
n: 100
experiment: c
Finished training EB misspecified with NPMLE init, with SURE: 0.028571451039907603
Finished training EB misspecified with NPMLE init, with in-sample MSE: 0.16005106260615218
Finished training EB misspecified, with SURE: 0.028578041763108714
Finished training EB misspecified, with in-sample MSE: 0.16004601645659056

 Training SURE of the models:
SURE-PM: 0.028578041763108714
NPMLE: 1.1461502404584525
SURE-PM, NPMLE init: 0.028571451039907603
experiment: d
Finished training EB misspecified with NPMLE init, with SURE: 0.00449029394375648
Finished training EB misspecified with NPMLE init, with in-sample MSE: 0.012766859863862487
Finished training EB misspecified, with SURE: 0.004490738055046517
Finished training EB misspecified, with in-sample MSE: 0.012813059831657354

 Training SURE of the models:
SURE-PM: 0.004490738055046517
NPMLE: 0.030009963543510113
SURE-PM, NPMLE init: 0.00449029394375648
experiment: e
Finished training EB misspecified with NPMLE init, with SURE: 0.15277591803904642
Finished training EB misspecified with NPMLE init, with in-sample MSE: 0.26541290791532285
Finished training EB misspecified, with SURE: 0.15277425804729375
Finished training EB misspecified, with in-sample MSE: 0.26544853289476633

 Training SURE of the models:
SURE-PM: 0.15277425804729375
NPMLE: 0.3650956185037822
SURE-PM, NPMLE init: 0.15277591803904642
n: 200
experiment: c
Finished training EB misspecified with NPMLE init, with SURE: 0.15212172918451886
Finished training EB misspecified with NPMLE init, with in-sample MSE: 0.08909925704147874
Finished training EB misspecified, with SURE: 0.15214479525920438
Finished training EB misspecified, with in-sample MSE: 0.08913840312773427

 Training SURE of the models:
SURE-PM: 0.15214479525920438
NPMLE: 0.7427294355040824
SURE-PM, NPMLE init: 0.15212172918451886
experiment: d
Finished training EB misspecified with NPMLE init, with SURE: 0.022123410599186447
Finished training EB misspecified with NPMLE init, with in-sample MSE: 0.007043161241011568
Finished training EB misspecified, with SURE: 0.022124879906863786
Finished training EB misspecified, with in-sample MSE: 0.007045300031874253

 Training SURE of the models:
SURE-PM: 0.022124879906863786
NPMLE: 0.1553271047606455
SURE-PM, NPMLE init: 0.022123410599186447
experiment: e
Finished training EB misspecified with NPMLE init, with SURE: 0.167026847640231
Finished training EB misspecified with NPMLE init, with in-sample MSE: 0.20222187367964423
Finished training EB misspecified, with SURE: 0.1670336304640294
Finished training EB misspecified, with in-sample MSE: 0.20221618313911877

 Training SURE of the models:
SURE-PM: 0.1670336304640294
NPMLE: 0.3046873610688665
SURE-PM, NPMLE init: 0.167026847640231
n: 400
experiment: c
Finished training EB misspecified with NPMLE init, with SURE: 0.06379943146678095
Finished training EB misspecified with NPMLE init, with in-sample MSE: 0.06336726801825102
Finished training EB misspecified, with SURE: 0.06380754692202195
Finished training EB misspecified, with in-sample MSE: 0.06335645318095881

 Training SURE of the models:
SURE-PM: 0.06380754692202195
NPMLE: 0.7037290198799638
SURE-PM, NPMLE init: 0.06379943146678095
experiment: d
Finished training EB misspecified with NPMLE init, with SURE: 0.01190367745668329
Finished training EB misspecified with NPMLE init, with in-sample MSE: 0.005853275294790367
Finished training EB misspecified, with SURE: 0.011904198658227436
Finished training EB misspecified, with in-sample MSE: 0.005853175736410897

 Training SURE of the models:
SURE-PM: 0.011904198658227436
NPMLE: 0.15269103064081085
SURE-PM, NPMLE init: 0.01190367745668329
experiment: e
Finished training EB misspecified with NPMLE init, with SURE: 0.1452497732464937
Finished training EB misspecified with NPMLE init, with in-sample MSE: 0.1748649834078308
Finished training EB misspecified, with SURE: 0.1442952604167712
Finished training EB misspecified, with in-sample MSE: 0.17345674987953788

 Training SURE of the models:
SURE-PM: 0.1442952604167712
NPMLE: 0.3028742702656719
SURE-PM, NPMLE init: 0.1452497732464937
m: 705
n: 100
experiment: c
Finished training EB misspecified with NPMLE init, with SURE: 0.16052935209953376
Finished training EB misspecified with NPMLE init, with in-sample MSE: 0.11787623444698876
Finished training EB misspecified, with SURE: 0.16053524985164302
Finished training EB misspecified, with in-sample MSE: 0.11777657802942264

 Training SURE of the models:
SURE-PM: 0.16053524985164302
NPMLE: 0.6757417871352202
SURE-PM, NPMLE init: 0.16052935209953376
experiment: d
Finished training EB misspecified with NPMLE init, with SURE: 0.035290719306477654
Finished training EB misspecified with NPMLE init, with in-sample MSE: 0.02036157944036101
Finished training EB misspecified, with SURE: 0.03529046819079712
Finished training EB misspecified, with in-sample MSE: 0.02036258539436845

 Training SURE of the models:
SURE-PM: 0.03529046819079712
NPMLE: 0.1336728038835509
SURE-PM, NPMLE init: 0.035290719306477654
experiment: e
Finished training EB misspecified with NPMLE init, with SURE: 0.18450345369572704
Finished training EB misspecified with NPMLE init, with in-sample MSE: 0.2211297352697864
Finished training EB misspecified, with SURE: 0.18523392357461763
Finished training EB misspecified, with in-sample MSE: 0.22806507167174064

 Training SURE of the models:
SURE-PM: 0.18523392357461763
NPMLE: 0.2916834164604785
SURE-PM, NPMLE init: 0.18450345369572704
n: 200
experiment: c
Finished training EB misspecified with NPMLE init, with SURE: 0.13863749277672768
Finished training EB misspecified with NPMLE init, with in-sample MSE: 0.10076606118193483
Finished training EB misspecified, with SURE: 0.13863459128755296
Finished training EB misspecified, with in-sample MSE: 0.10076708782195955

 Training SURE of the models:
SURE-PM: 0.13863459128755296
NPMLE: 0.4507385423629595
SURE-PM, NPMLE init: 0.13863749277672768
experiment: d
Finished training EB misspecified with NPMLE init, with SURE: 0.006108529830805196
Finished training EB misspecified with NPMLE init, with in-sample MSE: 0.015165305279612825
Finished training EB misspecified, with SURE: 0.006111494679946912
Finished training EB misspecified, with in-sample MSE: 0.015165825152790897

 Training SURE of the models:
SURE-PM: 0.006111494679946912
NPMLE: 0.20917999649191107
SURE-PM, NPMLE init: 0.006108529830805196
experiment: e
Finished training EB misspecified with NPMLE init, with SURE: 0.15480361830987416
Finished training EB misspecified with NPMLE init, with in-sample MSE: 0.1865066017662286
Finished training EB misspecified, with SURE: 0.1552096770283931
Finished training EB misspecified, with in-sample MSE: 0.18834375839460232

 Training SURE of the models:
SURE-PM: 0.1552096770283931
NPMLE: 0.3528256375682999
SURE-PM, NPMLE init: 0.15480361830987416
n: 400
experiment: c
Finished training EB misspecified with NPMLE init, with SURE: 0.06973356356723713
Finished training EB misspecified with NPMLE init, with in-sample MSE: 0.04892629111969152
Finished training EB misspecified, with SURE: 0.06973736641828382
Finished training EB misspecified, with in-sample MSE: 0.048927932029834684

 Training SURE of the models:
SURE-PM: 0.06973736641828382
NPMLE: 0.47486628119460844
SURE-PM, NPMLE init: 0.06973356356723713
experiment: d
Finished training EB misspecified with NPMLE init, with SURE: 0.02355129108936385
Finished training EB misspecified with NPMLE init, with in-sample MSE: 0.01383214447944155
Finished training EB misspecified, with SURE: 0.02261741907751558
Finished training EB misspecified, with in-sample MSE: 0.01516055688951176

 Training SURE of the models:
SURE-PM: 0.02261741907751558
NPMLE: 0.1521706895071092
SURE-PM, NPMLE init: 0.02355129108936385
experiment: e
Finished training EB misspecified with NPMLE init, with SURE: 0.16724396027984978
Finished training EB misspecified with NPMLE init, with in-sample MSE: 0.16213152697978686
Finished training EB misspecified, with SURE: 0.16703471161073555
Finished training EB misspecified, with in-sample MSE: 0.15971422894391027

 Training SURE of the models:
SURE-PM: 0.16703471161073555
NPMLE: 0.2995417853431187
SURE-PM, NPMLE init: 0.16724396027984978
m: 706
n: 100
experiment: c
Finished training EB misspecified with NPMLE init, with SURE: 0.10263589570252685
Finished training EB misspecified with NPMLE init, with in-sample MSE: 0.07048280695268377
Finished training EB misspecified, with SURE: 0.10263527188052748
Finished training EB misspecified, with in-sample MSE: 0.07048402378100885

 Training SURE of the models:
SURE-PM: 0.10263527188052748
NPMLE: 0.5012857804783941
SURE-PM, NPMLE init: 0.10263589570252685
experiment: d
Finished training EB misspecified with NPMLE init, with SURE: 0.0014823907933012848
Finished training EB misspecified with NPMLE init, with in-sample MSE: 0.05058844469535934
Finished training EB misspecified, with SURE: 0.001482050204378247
Finished training EB misspecified, with in-sample MSE: 0.05059082642933452

 Training SURE of the models:
SURE-PM: 0.001482050204378247
NPMLE: 0.20700456415888902
SURE-PM, NPMLE init: 0.0014823907933012848
experiment: e
Finished training EB misspecified with NPMLE init, with SURE: 0.09485654387573632
Finished training EB misspecified with NPMLE init, with in-sample MSE: 0.2419196434370253
Finished training EB misspecified, with SURE: 0.0948576378980394
Finished training EB misspecified, with in-sample MSE: 0.2421836145053187

 Training SURE of the models:
SURE-PM: 0.0948576378980394
NPMLE: 0.44226460733691864
SURE-PM, NPMLE init: 0.09485654387573632
n: 200
experiment: c
Finished training EB misspecified with NPMLE init, with SURE: 0.07588138827773086
Finished training EB misspecified with NPMLE init, with in-sample MSE: 0.056468170839294105
Finished training EB misspecified, with SURE: 0.07590210526986141
Finished training EB misspecified, with in-sample MSE: 0.056451676502846

 Training SURE of the models:
SURE-PM: 0.07590210526986141
NPMLE: 0.5331562237030026
SURE-PM, NPMLE init: 0.07588138827773086
experiment: d
Finished training EB misspecified with NPMLE init, with SURE: 0.007284030312667423
Finished training EB misspecified with NPMLE init, with in-sample MSE: 0.02375134359522924
Finished training EB misspecified, with SURE: 0.007285402262787937
Finished training EB misspecified, with in-sample MSE: 0.02375053612434437

 Training SURE of the models:
SURE-PM: 0.007285402262787937
NPMLE: 0.02371724185130143
SURE-PM, NPMLE init: 0.007284030312667423
experiment: e
Finished training EB misspecified with NPMLE init, with SURE: 0.1523794699264918
Finished training EB misspecified with NPMLE init, with in-sample MSE: 0.1968934508688297
Finished training EB misspecified, with SURE: 0.15238265210228427
Finished training EB misspecified, with in-sample MSE: 0.1969167069588758

 Training SURE of the models:
SURE-PM: 0.15238265210228427
NPMLE: 0.3354852729864035
SURE-PM, NPMLE init: 0.1523794699264918
n: 400
experiment: c
Finished training EB misspecified with NPMLE init, with SURE: 0.08875993076876852
Finished training EB misspecified with NPMLE init, with in-sample MSE: 0.05715788355010806
Finished training EB misspecified, with SURE: 0.08875703089308168
Finished training EB misspecified, with in-sample MSE: 0.05719681925551627

 Training SURE of the models:
SURE-PM: 0.08875703089308168
NPMLE: 0.6466709556641413
SURE-PM, NPMLE init: 0.08875993076876852
experiment: d
Finished training EB misspecified with NPMLE init, with SURE: -0.003980283152384701
Finished training EB misspecified with NPMLE init, with in-sample MSE: 0.004318540872610609
Finished training EB misspecified, with SURE: -0.003978851260627962
Finished training EB misspecified, with in-sample MSE: 0.00431611046409523

 Training SURE of the models:
SURE-PM: -0.003978851260627962
NPMLE: 0.000502908496049006
SURE-PM, NPMLE init: -0.003980283152384701
experiment: e
Finished training EB misspecified with NPMLE init, with SURE: 0.17070493253739258
Finished training EB misspecified with NPMLE init, with in-sample MSE: 0.16380983331338628
Finished training EB misspecified, with SURE: 0.1707129691316507
Finished training EB misspecified, with in-sample MSE: 0.16379162366984276

 Training SURE of the models:
SURE-PM: 0.1707129691316507
NPMLE: 0.31891009003236065
SURE-PM, NPMLE init: 0.17070493253739258
m: 707
n: 100
experiment: c
Finished training EB misspecified with NPMLE init, with SURE: 0.05661573955252507
Finished training EB misspecified with NPMLE init, with in-sample MSE: 0.05775534714646174
Finished training EB misspecified, with SURE: 0.05662445341395376
Finished training EB misspecified, with in-sample MSE: 0.05776061564124804

 Training SURE of the models:
SURE-PM: 0.05662445341395376
NPMLE: 0.9170890050163202
SURE-PM, NPMLE init: 0.05661573955252507
experiment: d
Finished training EB misspecified with NPMLE init, with SURE: 0.006658950699719934
Finished training EB misspecified with NPMLE init, with in-sample MSE: 0.008882876581586159
Finished training EB misspecified, with SURE: 0.006658741446948327
Finished training EB misspecified, with in-sample MSE: 0.00888357138794008

 Training SURE of the models:
SURE-PM: 0.006658741446948327
NPMLE: 0.07253090459580988
SURE-PM, NPMLE init: 0.006658950699719934
experiment: e
Finished training EB misspecified with NPMLE init, with SURE: 0.16412754605575225
Finished training EB misspecified with NPMLE init, with in-sample MSE: 0.18831514717164835
Finished training EB misspecified, with SURE: 0.1641297464039357
Finished training EB misspecified, with in-sample MSE: 0.18831310067502258

 Training SURE of the models:
SURE-PM: 0.1641297464039357
NPMLE: 0.292821889284015
SURE-PM, NPMLE init: 0.16412754605575225
n: 200
experiment: c
Finished training EB misspecified with NPMLE init, with SURE: 0.045734984445812754
Finished training EB misspecified with NPMLE init, with in-sample MSE: 0.06148657122786317
Finished training EB misspecified, with SURE: 0.04573672323621807
Finished training EB misspecified, with in-sample MSE: 0.061485349536180296

 Training SURE of the models:
SURE-PM: 0.04573672323621807
NPMLE: 0.6928966587564878
SURE-PM, NPMLE init: 0.045734984445812754
experiment: d
Finished training EB misspecified with NPMLE init, with SURE: 0.01411752967120929
Finished training EB misspecified with NPMLE init, with in-sample MSE: 0.006755726203651904
Finished training EB misspecified, with SURE: 0.014119273869580234
Finished training EB misspecified, with in-sample MSE: 0.006759330200552671

 Training SURE of the models:
SURE-PM: 0.014119273869580234
NPMLE: 0.045171563804214186
SURE-PM, NPMLE init: 0.01411752967120929
experiment: e
Finished training EB misspecified with NPMLE init, with SURE: 0.1833771838657354
Finished training EB misspecified with NPMLE init, with in-sample MSE: 0.1845947380423562
Finished training EB misspecified, with SURE: 0.18271391898812409
Finished training EB misspecified, with in-sample MSE: 0.18405170484041533

 Training SURE of the models:
SURE-PM: 0.18271391898812409
NPMLE: 0.30450571079214156
SURE-PM, NPMLE init: 0.1833771838657354
n: 400
experiment: c
Finished training EB misspecified with NPMLE init, with SURE: 0.05321306044310731
Finished training EB misspecified with NPMLE init, with in-sample MSE: 0.05694049177978923
Finished training EB misspecified, with SURE: 0.053327145428195236
Finished training EB misspecified, with in-sample MSE: 0.057160870815146377

 Training SURE of the models:
SURE-PM: 0.053327145428195236
NPMLE: 0.6465207921917845
SURE-PM, NPMLE init: 0.05321306044310731
experiment: d
Finished training EB misspecified with NPMLE init, with SURE: 0.020649376504382887
Finished training EB misspecified with NPMLE init, with in-sample MSE: 0.007498981408893001
Finished training EB misspecified, with SURE: 0.02065039123689722
Finished training EB misspecified, with in-sample MSE: 0.007502729381601144

 Training SURE of the models:
SURE-PM: 0.02065039123689722
NPMLE: 0.04112477854273408
SURE-PM, NPMLE init: 0.020649376504382887
experiment: e
Finished training EB misspecified with NPMLE init, with SURE: 0.17213296918077245
Finished training EB misspecified with NPMLE init, with in-sample MSE: 0.2052276800597366
Finished training EB misspecified, with SURE: 0.16906544580789903
Finished training EB misspecified, with in-sample MSE: 0.20589771242388782

 Training SURE of the models:
SURE-PM: 0.16906544580789903
NPMLE: 0.31175376070097954
SURE-PM, NPMLE init: 0.17213296918077245
m: 708
n: 100
experiment: c
Finished training EB misspecified with NPMLE init, with SURE: 0.014585148336679623
Finished training EB misspecified with NPMLE init, with in-sample MSE: 0.05957888373722298
Finished training EB misspecified, with SURE: 0.014601224263503668
Finished training EB misspecified, with in-sample MSE: 0.05959731133718314

 Training SURE of the models:
SURE-PM: 0.014601224263503668
NPMLE: 0.44806052185058876
SURE-PM, NPMLE init: 0.014585148336679623
experiment: d
Finished training EB misspecified with NPMLE init, with SURE: -0.022315721380730357
Finished training EB misspecified with NPMLE init, with in-sample MSE: 0.004593017943094629
Finished training EB misspecified, with SURE: -0.022315080564470763
Finished training EB misspecified, with in-sample MSE: 0.004592339407926096

 Training SURE of the models:
SURE-PM: -0.022315080564470763
NPMLE: 0.02331243275342846
SURE-PM, NPMLE init: -0.022315721380730357
experiment: e
Finished training EB misspecified with NPMLE init, with SURE: 0.0722031261297645
Finished training EB misspecified with NPMLE init, with in-sample MSE: 0.2518659928161465
Finished training EB misspecified, with SURE: 0.07221856939298497
Finished training EB misspecified, with in-sample MSE: 0.2518982862060155

 Training SURE of the models:
SURE-PM: 0.07221856939298497
NPMLE: 0.28990988388252276
SURE-PM, NPMLE init: 0.0722031261297645
n: 200
experiment: c
Finished training EB misspecified with NPMLE init, with SURE: -0.01214740196965451
Finished training EB misspecified with NPMLE init, with in-sample MSE: 0.06706531854002097
Finished training EB misspecified, with SURE: -0.012101192934256417
Finished training EB misspecified, with in-sample MSE: 0.06731018646681691

 Training SURE of the models:
SURE-PM: -0.012101192934256417
NPMLE: 0.5475294469071795
SURE-PM, NPMLE init: -0.01214740196965451
experiment: d
Finished training EB misspecified with NPMLE init, with SURE: -0.0012640929211741182
Finished training EB misspecified with NPMLE init, with in-sample MSE: 0.003949866019068146
Finished training EB misspecified, with SURE: -0.0012776059250031225
Finished training EB misspecified, with in-sample MSE: 0.0038936862928896994

 Training SURE of the models:
SURE-PM: -0.0012776059250031225
NPMLE: 0.07726762876894884
SURE-PM, NPMLE init: -0.0012640929211741182
experiment: e
Finished training EB misspecified with NPMLE init, with SURE: 0.1474339850589827
Finished training EB misspecified with NPMLE init, with in-sample MSE: 0.1883101859945749
Finished training EB misspecified, with SURE: 0.14001333320855935
Finished training EB misspecified, with in-sample MSE: 0.19997991951464297

 Training SURE of the models:
SURE-PM: 0.14001333320855935
NPMLE: 0.3133898414451361
SURE-PM, NPMLE init: 0.1474339850589827
n: 400
experiment: c
Finished training EB misspecified with NPMLE init, with SURE: 0.049191882105263075
Finished training EB misspecified with NPMLE init, with in-sample MSE: 0.050797310162746266
Finished training EB misspecified, with SURE: 0.049212459635521955
Finished training EB misspecified, with in-sample MSE: 0.0509524727402201

 Training SURE of the models:
SURE-PM: 0.049212459635521955
NPMLE: 0.8797060218397406
SURE-PM, NPMLE init: 0.049191882105263075
experiment: d
Finished training EB misspecified with NPMLE init, with SURE: 0.00973717892064199
Finished training EB misspecified with NPMLE init, with in-sample MSE: 0.007105312065224408
Finished training EB misspecified, with SURE: 0.009737222472182267
Finished training EB misspecified, with in-sample MSE: 0.007104256576459269

 Training SURE of the models:
SURE-PM: 0.009737222472182267
NPMLE: 0.013983754392431625
SURE-PM, NPMLE init: 0.00973717892064199
experiment: e
Finished training EB misspecified with NPMLE init, with SURE: 0.10161998901003408
Finished training EB misspecified with NPMLE init, with in-sample MSE: 0.19991619970722585
Finished training EB misspecified, with SURE: 0.10162971402611043
Finished training EB misspecified, with in-sample MSE: 0.1999223665121926

 Training SURE of the models:
SURE-PM: 0.10162971402611043
NPMLE: 0.31145937310761096
SURE-PM, NPMLE init: 0.10161998901003408
m: 709
n: 100
experiment: c
Finished training EB misspecified with NPMLE init, with SURE: 0.0395950406092134
Finished training EB misspecified with NPMLE init, with in-sample MSE: 0.0645361838186799
Finished training EB misspecified, with SURE: 0.039566149279305025
Finished training EB misspecified, with in-sample MSE: 0.0645458712669446

 Training SURE of the models:
SURE-PM: 0.039566149279305025
NPMLE: 1.249997444956851
SURE-PM, NPMLE init: 0.0395950406092134
experiment: d
Finished training EB misspecified with NPMLE init, with SURE: 0.0008922398381504237
Finished training EB misspecified with NPMLE init, with in-sample MSE: 0.006718900788215509
Finished training EB misspecified, with SURE: 0.0008950171384686812
Finished training EB misspecified, with in-sample MSE: 0.006715611208939681

 Training SURE of the models:
SURE-PM: 0.0008950171384686812
NPMLE: 0.03166566106033576
SURE-PM, NPMLE init: 0.0008922398381504237
experiment: e
Finished training EB misspecified with NPMLE init, with SURE: 0.1498677169498551
Finished training EB misspecified with NPMLE init, with in-sample MSE: 0.1851002574645387
Finished training EB misspecified, with SURE: 0.1469924562794105
Finished training EB misspecified, with in-sample MSE: 0.1477677540443465

 Training SURE of the models:
SURE-PM: 0.1469924562794105
NPMLE: 0.30515669190513434
SURE-PM, NPMLE init: 0.1498677169498551
n: 200
experiment: c
Finished training EB misspecified with NPMLE init, with SURE: -0.031142417629522186
Finished training EB misspecified with NPMLE init, with in-sample MSE: 0.0697790251272612
Finished training EB misspecified, with SURE: -0.03109607131580681
Finished training EB misspecified, with in-sample MSE: 0.06995281737713123

 Training SURE of the models:
SURE-PM: -0.03109607131580681
NPMLE: 0.25709454346114
SURE-PM, NPMLE init: -0.031142417629522186
experiment: d
Finished training EB misspecified with NPMLE init, with SURE: 0.0075279553682859835
Finished training EB misspecified with NPMLE init, with in-sample MSE: 0.008053063733599656
Finished training EB misspecified, with SURE: 0.007528301007072873
Finished training EB misspecified, with in-sample MSE: 0.0080529268130106

 Training SURE of the models:
SURE-PM: 0.007528301007072873
NPMLE: 0.17236794919502174
SURE-PM, NPMLE init: 0.0075279553682859835
experiment: e
Finished training EB misspecified with NPMLE init, with SURE: 0.16101274753376885
Finished training EB misspecified with NPMLE init, with in-sample MSE: 0.18545644849751333
Finished training EB misspecified, with SURE: 0.16102937037568565
Finished training EB misspecified, with in-sample MSE: 0.1857561556329211

 Training SURE of the models:
SURE-PM: 0.16102937037568565
NPMLE: 0.34653883799232055
SURE-PM, NPMLE init: 0.16101274753376885
n: 400
experiment: c
Finished training EB misspecified with NPMLE init, with SURE: 0.05434867271537563
Finished training EB misspecified with NPMLE init, with in-sample MSE: 0.07479379285330466
Finished training EB misspecified, with SURE: 0.05437486765540243
Finished training EB misspecified, with in-sample MSE: 0.07490889012803664

 Training SURE of the models:
SURE-PM: 0.05437486765540243
NPMLE: 1.068114008580875
SURE-PM, NPMLE init: 0.05434867271537563
experiment: d
Finished training EB misspecified with NPMLE init, with SURE: -0.0034185135978922255
Finished training EB misspecified with NPMLE init, with in-sample MSE: 0.0045095501019791
Finished training EB misspecified, with SURE: -0.0034163482164966653
Finished training EB misspecified, with in-sample MSE: 0.004491644431135028

 Training SURE of the models:
SURE-PM: -0.0034163482164966653
NPMLE: 0.06724308278139646
SURE-PM, NPMLE init: -0.0034185135978922255
experiment: e
Finished training EB misspecified with NPMLE init, with SURE: 0.15964758443533256
Finished training EB misspecified with NPMLE init, with in-sample MSE: 0.18607057365068788
Finished training EB misspecified, with SURE: 0.1596541456841687
Finished training EB misspecified, with in-sample MSE: 0.18610050360468794

 Training SURE of the models:
SURE-PM: 0.1596541456841687
NPMLE: 0.3072811099336767
SURE-PM, NPMLE init: 0.15964758443533256
m: 710
n: 100
experiment: c
Finished training EB misspecified with NPMLE init, with SURE: 0.10188507863657989
Finished training EB misspecified with NPMLE init, with in-sample MSE: 0.07508383079298363
Finished training EB misspecified, with SURE: 0.10187100508342667
Finished training EB misspecified, with in-sample MSE: 0.07517708043974576

 Training SURE of the models:
SURE-PM: 0.10187100508342667
NPMLE: 0.7291045198594988
SURE-PM, NPMLE init: 0.10188507863657989
experiment: d
Finished training EB misspecified with NPMLE init, with SURE: 0.021408536989085684
Finished training EB misspecified with NPMLE init, with in-sample MSE: 0.04101574893930172
Finished training EB misspecified, with SURE: 0.021411489304143886
Finished training EB misspecified, with in-sample MSE: 0.041012941802676985

 Training SURE of the models:
SURE-PM: 0.021411489304143886
NPMLE: 0.1624295622502405
SURE-PM, NPMLE init: 0.021408536989085684
experiment: e
Finished training EB misspecified with NPMLE init, with SURE: 0.14592424797797857
Finished training EB misspecified with NPMLE init, with in-sample MSE: 0.2799851658669254
Finished training EB misspecified, with SURE: 0.14592656902636225
Finished training EB misspecified, with in-sample MSE: 0.27997052113087645

 Training SURE of the models:
SURE-PM: 0.14592656902636225
NPMLE: 0.3039024611983956
SURE-PM, NPMLE init: 0.14592424797797857
n: 200
experiment: c
Finished training EB misspecified with NPMLE init, with SURE: 0.07957821461733346
Finished training EB misspecified with NPMLE init, with in-sample MSE: 0.06334617846949525
Finished training EB misspecified, with SURE: 0.07957497304306216
Finished training EB misspecified, with in-sample MSE: 0.06336550223829938

 Training SURE of the models:
SURE-PM: 0.07957497304306216
NPMLE: 0.5234119133653486
SURE-PM, NPMLE init: 0.07957821461733346
experiment: d
Finished training EB misspecified with NPMLE init, with SURE: 0.027461848644853043
Finished training EB misspecified with NPMLE init, with in-sample MSE: 0.012454320831030612
Finished training EB misspecified, with SURE: 0.02746946073219311
Finished training EB misspecified, with in-sample MSE: 0.01244360995461865

 Training SURE of the models:
SURE-PM: 0.02746946073219311
NPMLE: 0.14793565537899755
SURE-PM, NPMLE init: 0.027461848644853043
experiment: e
Finished training EB misspecified with NPMLE init, with SURE: 0.13485788566951606
Finished training EB misspecified with NPMLE init, with in-sample MSE: 0.21598216647899895
Finished training EB misspecified, with SURE: 0.13486226078186725
Finished training EB misspecified, with in-sample MSE: 0.2159851386499372

 Training SURE of the models:
SURE-PM: 0.13486226078186725
NPMLE: 0.33064930016090804
SURE-PM, NPMLE init: 0.13485788566951606
n: 400
experiment: c
Finished training EB misspecified with NPMLE init, with SURE: 0.018170003352575178
Finished training EB misspecified with NPMLE init, with in-sample MSE: 0.05766649507974324
Finished training EB misspecified, with SURE: 0.018213592353163506
Finished training EB misspecified, with in-sample MSE: 0.05787143520810493

 Training SURE of the models:
SURE-PM: 0.018213592353163506
NPMLE: 0.3579667444025773
SURE-PM, NPMLE init: 0.018170003352575178
experiment: d
Finished training EB misspecified with NPMLE init, with SURE: 0.010019540683868264
Finished training EB misspecified with NPMLE init, with in-sample MSE: 0.006665331360188614
Finished training EB misspecified, with SURE: 0.010019616329706622
Finished training EB misspecified, with in-sample MSE: 0.006666326074114496

 Training SURE of the models:
SURE-PM: 0.010019616329706622
NPMLE: 0.05885119028396599
SURE-PM, NPMLE init: 0.010019540683868264
experiment: e
Finished training EB misspecified with NPMLE init, with SURE: 0.1625083420828589
Finished training EB misspecified with NPMLE init, with in-sample MSE: 0.15770757978939617
Finished training EB misspecified, with SURE: 0.1625202048526195
Finished training EB misspecified, with in-sample MSE: 0.15770633819855326

 Training SURE of the models:
SURE-PM: 0.1625202048526195
NPMLE: 0.3233354027763026
SURE-PM, NPMLE init: 0.1625083420828589
m: 711
n: 100
experiment: c
Finished training EB misspecified with NPMLE init, with SURE: 0.07774489907104311
Finished training EB misspecified with NPMLE init, with in-sample MSE: 0.16574849272396322
Finished training EB misspecified, with SURE: 0.07775402891471736
Finished training EB misspecified, with in-sample MSE: 0.16573126515771672

 Training SURE of the models:
SURE-PM: 0.07775402891471736
NPMLE: 0.8123551839148232
SURE-PM, NPMLE init: 0.07774489907104311
experiment: d
Finished training EB misspecified with NPMLE init, with SURE: -0.011822785351328803
Finished training EB misspecified with NPMLE init, with in-sample MSE: 0.004183682920009475
Finished training EB misspecified, with SURE: -0.012035816127062464
Finished training EB misspecified, with in-sample MSE: 0.004919945121632353

 Training SURE of the models:
SURE-PM: -0.012035816127062464
NPMLE: 0.05098405483190801
SURE-PM, NPMLE init: -0.011822785351328803
experiment: e
Finished training EB misspecified with NPMLE init, with SURE: 0.1177882055540649
Finished training EB misspecified with NPMLE init, with in-sample MSE: 0.2450464295720107
Finished training EB misspecified, with SURE: 0.1177946739500581
Finished training EB misspecified, with in-sample MSE: 0.2450383527106552

 Training SURE of the models:
SURE-PM: 0.1177946739500581
NPMLE: 0.3252637332209012
SURE-PM, NPMLE init: 0.1177882055540649
n: 200
experiment: c
Finished training EB misspecified with NPMLE init, with SURE: 0.03090365359311129
Finished training EB misspecified with NPMLE init, with in-sample MSE: 0.05841026478858308
Finished training EB misspecified, with SURE: 0.03091012160507212
Finished training EB misspecified, with in-sample MSE: 0.058408802625149

 Training SURE of the models:
SURE-PM: 0.03091012160507212
NPMLE: 0.5275362300442684
SURE-PM, NPMLE init: 0.03090365359311129
experiment: d
Finished training EB misspecified with NPMLE init, with SURE: 0.015929699947554533
Finished training EB misspecified with NPMLE init, with in-sample MSE: 0.00532573526670242
Finished training EB misspecified, with SURE: 0.0158701026223258
Finished training EB misspecified, with in-sample MSE: 0.005188995245928894

 Training SURE of the models:
SURE-PM: 0.0158701026223258
NPMLE: 0.11263411512541585
SURE-PM, NPMLE init: 0.015929699947554533
experiment: e
Finished training EB misspecified with NPMLE init, with SURE: 0.14625087806037587
Finished training EB misspecified with NPMLE init, with in-sample MSE: 0.16399928445421813
Finished training EB misspecified, with SURE: 0.14623555616592204
Finished training EB misspecified, with in-sample MSE: 0.16354933289269996

 Training SURE of the models:
SURE-PM: 0.14623555616592204
NPMLE: 0.3091041039883981
SURE-PM, NPMLE init: 0.14625087806037587
n: 400
experiment: c
Finished training EB misspecified with NPMLE init, with SURE: 0.006407556796603728
Finished training EB misspecified with NPMLE init, with in-sample MSE: 0.060800294913636185
Finished training EB misspecified, with SURE: 0.00642048445610925
Finished training EB misspecified, with in-sample MSE: 0.0607880740116017

 Training SURE of the models:
SURE-PM: 0.00642048445610925
NPMLE: 0.6305393780544561
SURE-PM, NPMLE init: 0.006407556796603728
experiment: d
Finished training EB misspecified with NPMLE init, with SURE: -0.0009590122135384327
Finished training EB misspecified with NPMLE init, with in-sample MSE: 0.003645964578740526
Finished training EB misspecified, with SURE: -0.0009570837628181117
Finished training EB misspecified, with in-sample MSE: 0.003631287251966258

 Training SURE of the models:
SURE-PM: -0.0009570837628181117
NPMLE: 0.05347164540980957
SURE-PM, NPMLE init: -0.0009590122135384327
experiment: e
Finished training EB misspecified with NPMLE init, with SURE: 0.14454241555077382
Finished training EB misspecified with NPMLE init, with in-sample MSE: 0.1844372364604026
Finished training EB misspecified, with SURE: 0.1445465401888852
Finished training EB misspecified, with in-sample MSE: 0.18446115503461993

 Training SURE of the models:
SURE-PM: 0.1445465401888852
NPMLE: 0.39248522156953364
SURE-PM, NPMLE init: 0.14454241555077382
m: 712
n: 100
experiment: c
Finished training EB misspecified with NPMLE init, with SURE: -0.015977732050980863
Finished training EB misspecified with NPMLE init, with in-sample MSE: 0.12499114777075446
Finished training EB misspecified, with SURE: -0.015972392234780627
Finished training EB misspecified, with in-sample MSE: 0.12498489558961014

 Training SURE of the models:
SURE-PM: -0.015972392234780627
NPMLE: 0.36196643433689885
SURE-PM, NPMLE init: -0.015977732050980863
experiment: d
Finished training EB misspecified with NPMLE init, with SURE: 0.009414289078813134
Finished training EB misspecified with NPMLE init, with in-sample MSE: 0.05476425743240257
Finished training EB misspecified, with SURE: 0.009414774958483783
Finished training EB misspecified, with in-sample MSE: 0.054763931607801686

 Training SURE of the models:
SURE-PM: 0.009414774958483783
NPMLE: 0.19401053987257996
SURE-PM, NPMLE init: 0.009414289078813134
experiment: e
Finished training EB misspecified with NPMLE init, with SURE: 0.13769901665503056
Finished training EB misspecified with NPMLE init, with in-sample MSE: 0.19047659951141627
Finished training EB misspecified, with SURE: 0.14236829077035218
Finished training EB misspecified, with in-sample MSE: 0.19680143291614274

 Training SURE of the models:
SURE-PM: 0.14236829077035218
NPMLE: 0.3743652651477439
SURE-PM, NPMLE init: 0.13769901665503056
n: 200
experiment: c
Finished training EB misspecified with NPMLE init, with SURE: -0.0594133834219393
Finished training EB misspecified with NPMLE init, with in-sample MSE: 0.12011219438254167
Finished training EB misspecified, with SURE: -0.019816760269364905
Finished training EB misspecified, with in-sample MSE: 0.06250665915290028

 Training SURE of the models:
SURE-PM: -0.019816760269364905
NPMLE: 0.6708943210634652
SURE-PM, NPMLE init: -0.0594133834219393
experiment: d
Finished training EB misspecified with NPMLE init, with SURE: 0.009600781471183187
Finished training EB misspecified with NPMLE init, with in-sample MSE: 0.012023598129540694
Finished training EB misspecified, with SURE: 0.009601810003333303
Finished training EB misspecified, with in-sample MSE: 0.01202102455911247

 Training SURE of the models:
SURE-PM: 0.009601810003333303
NPMLE: 0.013102104064081655
SURE-PM, NPMLE init: 0.009600781471183187
experiment: e
Finished training EB misspecified with NPMLE init, with SURE: 0.16500214646499708
Finished training EB misspecified with NPMLE init, with in-sample MSE: 0.20629652873671278
Finished training EB misspecified, with SURE: 0.16500878091830218
Finished training EB misspecified, with in-sample MSE: 0.20630201921452027

 Training SURE of the models:
SURE-PM: 0.16500878091830218
NPMLE: 0.3298006523975069
SURE-PM, NPMLE init: 0.16500214646499708
n: 400
experiment: c
Finished training EB misspecified with NPMLE init, with SURE: 0.07011136747935581
Finished training EB misspecified with NPMLE init, with in-sample MSE: 0.05319295205662896
Finished training EB misspecified, with SURE: 0.07011776072718902
Finished training EB misspecified, with in-sample MSE: 0.05319017530102749

 Training SURE of the models:
SURE-PM: 0.07011776072718902
NPMLE: 0.43074828903420553
SURE-PM, NPMLE init: 0.07011136747935581
experiment: d
Finished training EB misspecified with NPMLE init, with SURE: 0.0027775023047663795
Finished training EB misspecified with NPMLE init, with in-sample MSE: 0.005785537190714622
Finished training EB misspecified, with SURE: 0.0027807129201683624
Finished training EB misspecified, with in-sample MSE: 0.00576774727283473

 Training SURE of the models:
SURE-PM: 0.0027807129201683624
NPMLE: 0.033591013261916006
SURE-PM, NPMLE init: 0.0027775023047663795
experiment: e
Finished training EB misspecified with NPMLE init, with SURE: 0.16081277298283958
Finished training EB misspecified with NPMLE init, with in-sample MSE: 0.2509444100800555
Finished training EB misspecified, with SURE: 0.1599363306798692
Finished training EB misspecified, with in-sample MSE: 0.24452697913293786

 Training SURE of the models:
SURE-PM: 0.1599363306798692
NPMLE: 0.30053854919272954
SURE-PM, NPMLE init: 0.16081277298283958
m: 713
n: 100
experiment: c
Finished training EB misspecified with NPMLE init, with SURE: 0.018501834981179358
Finished training EB misspecified with NPMLE init, with in-sample MSE: 0.06311920476492996
Finished training EB misspecified, with SURE: 0.01848358928397758
Finished training EB misspecified, with in-sample MSE: 0.06319867264667643

 Training SURE of the models:
SURE-PM: 0.01848358928397758
NPMLE: 0.4089185771538564
SURE-PM, NPMLE init: 0.018501834981179358
experiment: d
Finished training EB misspecified with NPMLE init, with SURE: -2.4617634437156255e-05
Finished training EB misspecified with NPMLE init, with in-sample MSE: 0.0053598107893343926
Finished training EB misspecified, with SURE: -0.002971729016780085
Finished training EB misspecified, with in-sample MSE: 0.0161619407389587

 Training SURE of the models:
SURE-PM: -0.002971729016780085
NPMLE: 0.14159253221306872
SURE-PM, NPMLE init: -2.4617634437156255e-05
experiment: e
Finished training EB misspecified with NPMLE init, with SURE: 0.1282755858939293
Finished training EB misspecified with NPMLE init, with in-sample MSE: 0.15627259719371253
Finished training EB misspecified, with SURE: 0.1277599854556153
Finished training EB misspecified, with in-sample MSE: 0.15752620514199636

 Training SURE of the models:
SURE-PM: 0.1277599854556153
NPMLE: 0.3903223633993006
SURE-PM, NPMLE init: 0.1282755858939293
n: 200
experiment: c
Finished training EB misspecified with NPMLE init, with SURE: 0.034942306383128285
Finished training EB misspecified with NPMLE init, with in-sample MSE: 0.05515971197738743
Finished training EB misspecified, with SURE: 0.03497419379662773
Finished training EB misspecified, with in-sample MSE: 0.055541159905579625

 Training SURE of the models:
SURE-PM: 0.03497419379662773
NPMLE: 0.963960761276486
SURE-PM, NPMLE init: 0.034942306383128285
experiment: d
Finished training EB misspecified with NPMLE init, with SURE: 0.01464553136330034
Finished training EB misspecified with NPMLE init, with in-sample MSE: 0.008115122249162415
Finished training EB misspecified, with SURE: 0.014645846272526146
Finished training EB misspecified, with in-sample MSE: 0.008117683145520678

 Training SURE of the models:
SURE-PM: 0.014645846272526146
NPMLE: 0.045888686987108025
SURE-PM, NPMLE init: 0.01464553136330034
experiment: e
Finished training EB misspecified with NPMLE init, with SURE: 0.10805482828062403
Finished training EB misspecified with NPMLE init, with in-sample MSE: 0.19884909191023278
Finished training EB misspecified, with SURE: 0.10806528143503812
Finished training EB misspecified, with in-sample MSE: 0.19877458149950605

 Training SURE of the models:
SURE-PM: 0.10806528143503812
NPMLE: 0.350473973663878
SURE-PM, NPMLE init: 0.10805482828062403
n: 400
experiment: c
Finished training EB misspecified with NPMLE init, with SURE: 0.12142438457244993
Finished training EB misspecified with NPMLE init, with in-sample MSE: 0.08892964173341071
Finished training EB misspecified, with SURE: 0.1214229654536689
Finished training EB misspecified, with in-sample MSE: 0.0889343262538077

 Training SURE of the models:
SURE-PM: 0.1214229654536689
NPMLE: 0.5037914473326888
SURE-PM, NPMLE init: 0.12142438457244993
experiment: d
Finished training EB misspecified with NPMLE init, with SURE: -0.004502421939618042
Finished training EB misspecified with NPMLE init, with in-sample MSE: 0.00640074441456969
Finished training EB misspecified, with SURE: -0.004495576721577379
Finished training EB misspecified, with in-sample MSE: 0.006400797283168138

 Training SURE of the models:
SURE-PM: -0.004495576721577379
NPMLE: 0.034283216060497675
SURE-PM, NPMLE init: -0.004502421939618042
experiment: e
Finished training EB misspecified with NPMLE init, with SURE: 0.13346873957958813
Finished training EB misspecified with NPMLE init, with in-sample MSE: 0.20463207126058408
Finished training EB misspecified, with SURE: 0.13347308508717234
Finished training EB misspecified, with in-sample MSE: 0.2046931432599982

 Training SURE of the models:
SURE-PM: 0.13347308508717234
NPMLE: 0.3403257126268751
SURE-PM, NPMLE init: 0.13346873957958813
m: 714
n: 100
experiment: c
Finished training EB misspecified with NPMLE init, with SURE: 0.08611471853367732
Finished training EB misspecified with NPMLE init, with in-sample MSE: 0.07490466676284586
Finished training EB misspecified, with SURE: 0.08611744633711467
Finished training EB misspecified, with in-sample MSE: 0.07490370091471706

 Training SURE of the models:
SURE-PM: 0.08611744633711467
NPMLE: 0.5688448545506279
SURE-PM, NPMLE init: 0.08611471853367732
experiment: d
Finished training EB misspecified with NPMLE init, with SURE: -0.0037858377143254354
Finished training EB misspecified with NPMLE init, with in-sample MSE: 0.018920778333357934
Finished training EB misspecified, with SURE: -0.0037813238795235374
Finished training EB misspecified, with in-sample MSE: 0.018918687337955372

 Training SURE of the models:
SURE-PM: -0.0037813238795235374
NPMLE: 0.17480727484954567
SURE-PM, NPMLE init: -0.0037858377143254354
experiment: e
Finished training EB misspecified with NPMLE init, with SURE: 0.14712502871709376
Finished training EB misspecified with NPMLE init, with in-sample MSE: 0.2454637116846731
Finished training EB misspecified, with SURE: 0.14713997091056213
Finished training EB misspecified, with in-sample MSE: 0.24621514491857086

 Training SURE of the models:
SURE-PM: 0.14713997091056213
NPMLE: 0.6582397505781016
SURE-PM, NPMLE init: 0.14712502871709376
n: 200
experiment: c
Finished training EB misspecified with NPMLE init, with SURE: 0.05250512628473892
Finished training EB misspecified with NPMLE init, with in-sample MSE: 0.06811629939156613
Finished training EB misspecified, with SURE: 0.05256507681182221
Finished training EB misspecified, with in-sample MSE: 0.06766135278025215

 Training SURE of the models:
SURE-PM: 0.05256507681182221
NPMLE: 0.5074663828021118
SURE-PM, NPMLE init: 0.05250512628473892
experiment: d
Finished training EB misspecified with NPMLE init, with SURE: 0.019198322999949155
Finished training EB misspecified with NPMLE init, with in-sample MSE: 0.021877896357129337
Finished training EB misspecified, with SURE: 0.019200488442201298
Finished training EB misspecified, with in-sample MSE: 0.021886031106238144

 Training SURE of the models:
SURE-PM: 0.019200488442201298
NPMLE: 0.02919894515490974
SURE-PM, NPMLE init: 0.019198322999949155
experiment: e
Finished training EB misspecified with NPMLE init, with SURE: 0.17160765023864286
Finished training EB misspecified with NPMLE init, with in-sample MSE: 0.22328718430021482
Finished training EB misspecified, with SURE: 0.17399219338933067
Finished training EB misspecified, with in-sample MSE: 0.22684977043562327

 Training SURE of the models:
SURE-PM: 0.17399219338933067
NPMLE: 0.3223150857948721
SURE-PM, NPMLE init: 0.17160765023864286
n: 400
experiment: c
Finished training EB misspecified with NPMLE init, with SURE: 0.07412802492643798
Finished training EB misspecified with NPMLE init, with in-sample MSE: 0.05673704520454843
Finished training EB misspecified, with SURE: 0.07412231017282324
Finished training EB misspecified, with in-sample MSE: 0.05674308549334211

 Training SURE of the models:
SURE-PM: 0.07412231017282324
NPMLE: 0.8676817421628893
SURE-PM, NPMLE init: 0.07412802492643798
experiment: d
Finished training EB misspecified with NPMLE init, with SURE: 0.007121875542464445
Finished training EB misspecified with NPMLE init, with in-sample MSE: 0.005253779297666295
Finished training EB misspecified, with SURE: 0.007136491864963155
Finished training EB misspecified, with in-sample MSE: 0.005260062021354178

 Training SURE of the models:
SURE-PM: 0.007136491864963155
NPMLE: 0.00974939978285782
SURE-PM, NPMLE init: 0.007121875542464445
experiment: e
Finished training EB misspecified with NPMLE init, with SURE: 0.12248755306772673
Finished training EB misspecified with NPMLE init, with in-sample MSE: 0.2620605884020323
Finished training EB misspecified, with SURE: 0.12250511583769559
Finished training EB misspecified, with in-sample MSE: 0.2620223675117587

 Training SURE of the models:
SURE-PM: 0.12250511583769559
NPMLE: 0.3185506249528148
SURE-PM, NPMLE init: 0.12248755306772673
m: 715
n: 100
experiment: c
Finished training EB misspecified with NPMLE init, with SURE: 0.1339372624551632
Finished training EB misspecified with NPMLE init, with in-sample MSE: 0.12377691170938544
Finished training EB misspecified, with SURE: 0.13327423580371658
Finished training EB misspecified, with in-sample MSE: 0.12521247238723562

 Training SURE of the models:
SURE-PM: 0.13327423580371658
NPMLE: 0.9633732016301702
SURE-PM, NPMLE init: 0.1339372624551632
experiment: d
Finished training EB misspecified with NPMLE init, with SURE: 0.023883786840797276
Finished training EB misspecified with NPMLE init, with in-sample MSE: 0.027248791061160817
Finished training EB misspecified, with SURE: 0.023883545192519406
Finished training EB misspecified, with in-sample MSE: 0.027231775204917926

 Training SURE of the models:
SURE-PM: 0.023883545192519406
NPMLE: 0.08973254952404446
SURE-PM, NPMLE init: 0.023883786840797276
experiment: e
Finished training EB misspecified with NPMLE init, with SURE: 0.15688611325654486
Finished training EB misspecified with NPMLE init, with in-sample MSE: 0.2229422153751047
Finished training EB misspecified, with SURE: 0.1568878091610064
Finished training EB misspecified, with in-sample MSE: 0.22247666082412054

 Training SURE of the models:
SURE-PM: 0.1568878091610064
NPMLE: 0.28997427536794285
SURE-PM, NPMLE init: 0.15688611325654486
n: 200
experiment: c
Finished training EB misspecified with NPMLE init, with SURE: 0.07620010383642126
Finished training EB misspecified with NPMLE init, with in-sample MSE: 0.06682645013374224
Finished training EB misspecified, with SURE: 0.07620148461673808
Finished training EB misspecified, with in-sample MSE: 0.0668325252182266

 Training SURE of the models:
SURE-PM: 0.07620148461673808
NPMLE: 0.32247570187048297
SURE-PM, NPMLE init: 0.07620010383642126
experiment: d
Finished training EB misspecified with NPMLE init, with SURE: -0.007718096920717468
Finished training EB misspecified with NPMLE init, with in-sample MSE: 0.008664360794190166
Finished training EB misspecified, with SURE: -0.007710793950546044
Finished training EB misspecified, with in-sample MSE: 0.00866256480761007

 Training SURE of the models:
SURE-PM: -0.007710793950546044
NPMLE: 0.032921186760592816
SURE-PM, NPMLE init: -0.007718096920717468
experiment: e
Finished training EB misspecified with NPMLE init, with SURE: 0.13569854756911442
Finished training EB misspecified with NPMLE init, with in-sample MSE: 0.21491816166168337
Finished training EB misspecified, with SURE: 0.13101975553804882
Finished training EB misspecified, with in-sample MSE: 0.21608241755321306

 Training SURE of the models:
SURE-PM: 0.13101975553804882
NPMLE: 0.3050609402914122
SURE-PM, NPMLE init: 0.13569854756911442
n: 400
experiment: c
Finished training EB misspecified with NPMLE init, with SURE: 0.0036339707197557657
Finished training EB misspecified with NPMLE init, with in-sample MSE: 0.05837087388385623
Finished training EB misspecified, with SURE: 0.0036492229168738535
Finished training EB misspecified, with in-sample MSE: 0.05837441973010229

 Training SURE of the models:
SURE-PM: 0.0036492229168738535
NPMLE: 0.7091831716131415
SURE-PM, NPMLE init: 0.0036339707197557657
experiment: d
Finished training EB misspecified with NPMLE init, with SURE: 0.00023241518995922305
Finished training EB misspecified with NPMLE init, with in-sample MSE: 0.006985834002743132
Finished training EB misspecified, with SURE: 0.0005649046914395406
Finished training EB misspecified, with in-sample MSE: 0.006879894302638193

 Training SURE of the models:
SURE-PM: 0.0005649046914395406
NPMLE: 0.09350836180839708
SURE-PM, NPMLE init: 0.00023241518995922305
experiment: e
Finished training EB misspecified with NPMLE init, with SURE: 0.14635611833074122
Finished training EB misspecified with NPMLE init, with in-sample MSE: 0.1929017196741865
Finished training EB misspecified, with SURE: 0.14635825499200883
Finished training EB misspecified, with in-sample MSE: 0.1929120365817153

 Training SURE of the models:
SURE-PM: 0.14635825499200883
NPMLE: 0.35596601298685937
SURE-PM, NPMLE init: 0.14635611833074122
m: 716
n: 100
experiment: c
Finished training EB misspecified with NPMLE init, with SURE: -0.05851161498910635
Finished training EB misspecified with NPMLE init, with in-sample MSE: 0.048302306514090454
Finished training EB misspecified, with SURE: -0.058504619535885566
Finished training EB misspecified, with in-sample MSE: 0.0483051002535091

 Training SURE of the models:
SURE-PM: -0.058504619535885566
NPMLE: 0.5377469115745357
SURE-PM, NPMLE init: -0.05851161498910635
experiment: d
Finished training EB misspecified with NPMLE init, with SURE: 0.007373485125899731
Finished training EB misspecified with NPMLE init, with in-sample MSE: 0.013070297605177462
Finished training EB misspecified, with SURE: 0.007373703988511675
Finished training EB misspecified, with in-sample MSE: 0.013075645160051814

 Training SURE of the models:
SURE-PM: 0.007373703988511675
NPMLE: 0.0327281537389031
SURE-PM, NPMLE init: 0.007373485125899731
experiment: e
Finished training EB misspecified with NPMLE init, with SURE: 0.14420821383690446
Finished training EB misspecified with NPMLE init, with in-sample MSE: 0.1825242834040326
Finished training EB misspecified, with SURE: 0.14357217861659116
Finished training EB misspecified, with in-sample MSE: 0.17937697069249328

 Training SURE of the models:
SURE-PM: 0.14357217861659116
NPMLE: 0.352462648183271
SURE-PM, NPMLE init: 0.14420821383690446
n: 200
experiment: c
Finished training EB misspecified with NPMLE init, with SURE: 0.021298469752501034
Finished training EB misspecified with NPMLE init, with in-sample MSE: 0.07589989301909711
Finished training EB misspecified, with SURE: 0.021084895936870397
Finished training EB misspecified, with in-sample MSE: 0.07634858874245241

 Training SURE of the models:
SURE-PM: 0.021084895936870397
NPMLE: 0.9499635539728838
SURE-PM, NPMLE init: 0.021298469752501034
experiment: d
Finished training EB misspecified with NPMLE init, with SURE: 0.017013648702812995
Finished training EB misspecified with NPMLE init, with in-sample MSE: 0.01234128524776088
Finished training EB misspecified, with SURE: 0.017014071236638364
Finished training EB misspecified, with in-sample MSE: 0.01234216925069129

 Training SURE of the models:
SURE-PM: 0.017014071236638364
NPMLE: 0.05299479109229832
SURE-PM, NPMLE init: 0.017013648702812995
experiment: e
Finished training EB misspecified with NPMLE init, with SURE: 0.1417937754855302
Finished training EB misspecified with NPMLE init, with in-sample MSE: 0.22656551168680036
Finished training EB misspecified, with SURE: 0.14159595191936866
Finished training EB misspecified, with in-sample MSE: 0.2266557425778129

 Training SURE of the models:
SURE-PM: 0.14159595191936866
NPMLE: 0.3134297286442632
SURE-PM, NPMLE init: 0.1417937754855302
n: 400
experiment: c
Finished training EB misspecified with NPMLE init, with SURE: 0.10678737729239146
Finished training EB misspecified with NPMLE init, with in-sample MSE: 0.11781765720392584
Finished training EB misspecified, with SURE: 0.12304506369704385
Finished training EB misspecified, with in-sample MSE: 0.08833722717770458

 Training SURE of the models:
SURE-PM: 0.12304506369704385
NPMLE: 1.1341395952577247
SURE-PM, NPMLE init: 0.10678737729239146
experiment: d
Finished training EB misspecified with NPMLE init, with SURE: 0.008231929112302243
Finished training EB misspecified with NPMLE init, with in-sample MSE: 0.00457787880353352
Finished training EB misspecified, with SURE: 0.008236672054287091
Finished training EB misspecified, with in-sample MSE: 0.004583679812643375

 Training SURE of the models:
SURE-PM: 0.008236672054287091
NPMLE: 0.050518246413286325
SURE-PM, NPMLE init: 0.008231929112302243
experiment: e
Finished training EB misspecified with NPMLE init, with SURE: 0.18051417069323164
Finished training EB misspecified with NPMLE init, with in-sample MSE: 0.19973989095128197
Finished training EB misspecified, with SURE: 0.18051932768241827
Finished training EB misspecified, with in-sample MSE: 0.19973357857796517

 Training SURE of the models:
SURE-PM: 0.18051932768241827
NPMLE: 0.3629402934454322
SURE-PM, NPMLE init: 0.18051417069323164
m: 717
n: 100
experiment: c
Finished training EB misspecified with NPMLE init, with SURE: 0.03444784287222454
Finished training EB misspecified with NPMLE init, with in-sample MSE: 0.04474437892178073
Finished training EB misspecified, with SURE: 0.03444824605121717
Finished training EB misspecified, with in-sample MSE: 0.04474436981399574

 Training SURE of the models:
SURE-PM: 0.03444824605121717
NPMLE: 0.8329505665369398
SURE-PM, NPMLE init: 0.03444784287222454
experiment: d
Finished training EB misspecified with NPMLE init, with SURE: 0.013060956908385749
Finished training EB misspecified with NPMLE init, with in-sample MSE: 0.004503944022756528
Finished training EB misspecified, with SURE: 0.013063569574327829
Finished training EB misspecified, with in-sample MSE: 0.004500523989694022

 Training SURE of the models:
SURE-PM: 0.013063569574327829
NPMLE: 0.05992191498160327
SURE-PM, NPMLE init: 0.013060956908385749
experiment: e
Finished training EB misspecified with NPMLE init, with SURE: 0.11983157550360822
Finished training EB misspecified with NPMLE init, with in-sample MSE: 0.2749638193854963
Finished training EB misspecified, with SURE: 0.11983254284870498
Finished training EB misspecified, with in-sample MSE: 0.2750074604025057

 Training SURE of the models:
SURE-PM: 0.11983254284870498
NPMLE: 0.31087536562227236
SURE-PM, NPMLE init: 0.11983157550360822
n: 200
experiment: c
Finished training EB misspecified with NPMLE init, with SURE: 0.07135375288269095
Finished training EB misspecified with NPMLE init, with in-sample MSE: 0.052987432179284165
Finished training EB misspecified, with SURE: 0.07138359263179744
Finished training EB misspecified, with in-sample MSE: 0.05297139485078087

 Training SURE of the models:
SURE-PM: 0.07138359263179744
NPMLE: 0.7480297658229026
SURE-PM, NPMLE init: 0.07135375288269095
experiment: d
Finished training EB misspecified with NPMLE init, with SURE: -0.0035220757714864172
Finished training EB misspecified with NPMLE init, with in-sample MSE: 0.0038986271808377653
Finished training EB misspecified, with SURE: -0.003522968045860342
Finished training EB misspecified, with in-sample MSE: 0.0038905088559204274

 Training SURE of the models:
SURE-PM: -0.003522968045860342
NPMLE: 0.1066652125944713
SURE-PM, NPMLE init: -0.0035220757714864172
experiment: e
Finished training EB misspecified with NPMLE init, with SURE: 0.06789303855276395
Finished training EB misspecified with NPMLE init, with in-sample MSE: 0.26529822076883586
Finished training EB misspecified, with SURE: 0.06790794323740158
Finished training EB misspecified, with in-sample MSE: 0.2652760856286521

 Training SURE of the models:
SURE-PM: 0.06790794323740158
NPMLE: 0.39724010283062894
SURE-PM, NPMLE init: 0.06789303855276395
n: 400
experiment: c
Finished training EB misspecified with NPMLE init, with SURE: 0.001114731880005948
Finished training EB misspecified with NPMLE init, with in-sample MSE: 0.06746049583245428
Finished training EB misspecified, with SURE: 0.0011318861861283125
Finished training EB misspecified, with in-sample MSE: 0.06748448778284402

 Training SURE of the models:
SURE-PM: 0.0011318861861283125
NPMLE: 0.7371009754810103
SURE-PM, NPMLE init: 0.001114731880005948
experiment: d
Finished training EB misspecified with NPMLE init, with SURE: -0.0022177903403327727
Finished training EB misspecified with NPMLE init, with in-sample MSE: 0.004350156988311111
Finished training EB misspecified, with SURE: -0.002215078289895853
Finished training EB misspecified, with in-sample MSE: 0.0043496719535841425

 Training SURE of the models:
SURE-PM: -0.002215078289895853
NPMLE: 0.08854822692810621
SURE-PM, NPMLE init: -0.0022177903403327727
experiment: e
Finished training EB misspecified with NPMLE init, with SURE: 0.15825502043523693
Finished training EB misspecified with NPMLE init, with in-sample MSE: 0.16934353938959615
Finished training EB misspecified, with SURE: 0.15827010808845657
Finished training EB misspecified, with in-sample MSE: 0.16934087878982013

 Training SURE of the models:
SURE-PM: 0.15827010808845657
NPMLE: 0.4570296665124133
SURE-PM, NPMLE init: 0.15825502043523693
m: 718
n: 100
experiment: c
Finished training EB misspecified with NPMLE init, with SURE: -0.02444581648511779
Finished training EB misspecified with NPMLE init, with in-sample MSE: 0.154011673758538
Finished training EB misspecified, with SURE: -0.024450484069581932
Finished training EB misspecified, with in-sample MSE: 0.15403111057685118

 Training SURE of the models:
SURE-PM: -0.024450484069581932
NPMLE: 1.1745801762295476
SURE-PM, NPMLE init: -0.02444581648511779
experiment: d
Finished training EB misspecified with NPMLE init, with SURE: 0.006166109003658473
Finished training EB misspecified with NPMLE init, with in-sample MSE: 0.013621798487150028
Finished training EB misspecified, with SURE: 0.006166638230201969
Finished training EB misspecified, with in-sample MSE: 0.013701787300048283

 Training SURE of the models:
SURE-PM: 0.006166638230201969
NPMLE: 0.04043262700335621
SURE-PM, NPMLE init: 0.006166109003658473
experiment: e
Finished training EB misspecified with NPMLE init, with SURE: 0.1639714295389382
Finished training EB misspecified with NPMLE init, with in-sample MSE: 0.14694232481771421
Finished training EB misspecified, with SURE: 0.16353215936403417
Finished training EB misspecified, with in-sample MSE: 0.14628349362216006

 Training SURE of the models:
SURE-PM: 0.16353215936403417
NPMLE: 0.3576726855972245
SURE-PM, NPMLE init: 0.1639714295389382
n: 200
experiment: c
Finished training EB misspecified with NPMLE init, with SURE: 0.03685990403513941
Finished training EB misspecified with NPMLE init, with in-sample MSE: 0.0546441490276422
Finished training EB misspecified, with SURE: 0.036878930701069026
Finished training EB misspecified, with in-sample MSE: 0.05464094583953545

 Training SURE of the models:
SURE-PM: 0.036878930701069026
NPMLE: 0.6717852407808578
SURE-PM, NPMLE init: 0.03685990403513941
experiment: d
Finished training EB misspecified with NPMLE init, with SURE: -0.014926996632232915
Finished training EB misspecified with NPMLE init, with in-sample MSE: 0.007613875019000594
Finished training EB misspecified, with SURE: -0.014925003903265904
Finished training EB misspecified, with in-sample MSE: 0.007613156258172072

 Training SURE of the models:
SURE-PM: -0.014925003903265904
NPMLE: 0.019018602465740175
SURE-PM, NPMLE init: -0.014926996632232915
experiment: e
Finished training EB misspecified with NPMLE init, with SURE: 0.16084798360550842
Finished training EB misspecified with NPMLE init, with in-sample MSE: 0.1520368042409235
Finished training EB misspecified, with SURE: 0.1608504554331025
Finished training EB misspecified, with in-sample MSE: 0.15203470936083957

 Training SURE of the models:
SURE-PM: 0.1608504554331025
NPMLE: 0.3438587325903108
SURE-PM, NPMLE init: 0.16084798360550842
n: 400
experiment: c
Finished training EB misspecified with NPMLE init, with SURE: 0.02572803851758465
Finished training EB misspecified with NPMLE init, with in-sample MSE: 0.058883001608441045
Finished training EB misspecified, with SURE: 0.025732870421605512
Finished training EB misspecified, with in-sample MSE: 0.058882511549009454

 Training SURE of the models:
SURE-PM: 0.025732870421605512
NPMLE: 0.45949257102183094
SURE-PM, NPMLE init: 0.02572803851758465
experiment: d
Finished training EB misspecified with NPMLE init, with SURE: 0.013912365521568618
Finished training EB misspecified with NPMLE init, with in-sample MSE: 0.006211636908738276
Finished training EB misspecified, with SURE: 0.013917031578067807
Finished training EB misspecified, with in-sample MSE: 0.006209993801882665

 Training SURE of the models:
SURE-PM: 0.013917031578067807
NPMLE: 0.09789405156820827
SURE-PM, NPMLE init: 0.013912365521568618
experiment: e
Finished training EB misspecified with NPMLE init, with SURE: 0.15776940334897965
Finished training EB misspecified with NPMLE init, with in-sample MSE: 0.15969175533847935
Finished training EB misspecified, with SURE: 0.15776716061085147
Finished training EB misspecified, with in-sample MSE: 0.15969372579807303

 Training SURE of the models:
SURE-PM: 0.15776716061085147
NPMLE: 0.31247253649399087
SURE-PM, NPMLE init: 0.15776940334897965
m: 719
n: 100
experiment: c
Finished training EB misspecified with NPMLE init, with SURE: 0.030298437899722117
Finished training EB misspecified with NPMLE init, with in-sample MSE: 0.06664736846447253
Finished training EB misspecified, with SURE: 0.030297230154195064
Finished training EB misspecified, with in-sample MSE: 0.06664811350197296

 Training SURE of the models:
SURE-PM: 0.030297230154195064
NPMLE: 0.621502304601071
SURE-PM, NPMLE init: 0.030298437899722117
experiment: d
Finished training EB misspecified with NPMLE init, with SURE: -0.004358744774018035
Finished training EB misspecified with NPMLE init, with in-sample MSE: 0.005247377735608362
Finished training EB misspecified, with SURE: -0.004358630709986322
Finished training EB misspecified, with in-sample MSE: 0.005247493203576946

 Training SURE of the models:
SURE-PM: -0.004358630709986322
NPMLE: 0.011373413500210603
SURE-PM, NPMLE init: -0.004358744774018035
experiment: e
Finished training EB misspecified with NPMLE init, with SURE: 0.050103167788877696
Finished training EB misspecified with NPMLE init, with in-sample MSE: 0.15552567277010232
Finished training EB misspecified, with SURE: 0.050103691155812626
Finished training EB misspecified, with in-sample MSE: 0.15552476932767095

 Training SURE of the models:
SURE-PM: 0.050103691155812626
NPMLE: 0.39374436896725157
SURE-PM, NPMLE init: 0.050103167788877696
n: 200
experiment: c
Finished training EB misspecified with NPMLE init, with SURE: 0.07296689211151922
Finished training EB misspecified with NPMLE init, with in-sample MSE: 0.061171533361233675
Finished training EB misspecified, with SURE: 0.07296578136381023
Finished training EB misspecified, with in-sample MSE: 0.0611778894863152

 Training SURE of the models:
SURE-PM: 0.07296578136381023
NPMLE: 0.6829231651183154
SURE-PM, NPMLE init: 0.07296689211151922
experiment: d
Finished training EB misspecified with NPMLE init, with SURE: 0.0028660393858900867
Finished training EB misspecified with NPMLE init, with in-sample MSE: 0.031048981680298602
Finished training EB misspecified, with SURE: 0.0028629457769153177
Finished training EB misspecified, with in-sample MSE: 0.031162111892191285

 Training SURE of the models:
SURE-PM: 0.0028629457769153177
NPMLE: 0.01321481749253934
SURE-PM, NPMLE init: 0.0028660393858900867
experiment: e
Finished training EB misspecified with NPMLE init, with SURE: 0.14634936392756806
Finished training EB misspecified with NPMLE init, with in-sample MSE: 0.15739470406376807
Finished training EB misspecified, with SURE: 0.14635279412975216
Finished training EB misspecified, with in-sample MSE: 0.15744102369358237

 Training SURE of the models:
SURE-PM: 0.14635279412975216
NPMLE: 0.3189905555171704
SURE-PM, NPMLE init: 0.14634936392756806
n: 400
experiment: c
Finished training EB misspecified with NPMLE init, with SURE: 0.0634250395208705
Finished training EB misspecified with NPMLE init, with in-sample MSE: 0.05902244170279613
Finished training EB misspecified, with SURE: 0.06342870905024035
Finished training EB misspecified, with in-sample MSE: 0.059042252959974964

 Training SURE of the models:
SURE-PM: 0.06342870905024035
NPMLE: 0.423495857299543
SURE-PM, NPMLE init: 0.0634250395208705
experiment: d
Finished training EB misspecified with NPMLE init, with SURE: 0.0038267364939660454
Finished training EB misspecified with NPMLE init, with in-sample MSE: 0.00590622329548398
Finished training EB misspecified, with SURE: 0.003831070931073999
Finished training EB misspecified, with in-sample MSE: 0.005905937601212726

 Training SURE of the models:
SURE-PM: 0.003831070931073999
NPMLE: 0.04102112015620815
SURE-PM, NPMLE init: 0.0038267364939660454
experiment: e
Finished training EB misspecified with NPMLE init, with SURE: 0.1515001366094741
Finished training EB misspecified with NPMLE init, with in-sample MSE: 0.1858773576664648
Finished training EB misspecified, with SURE: 0.15150468360509792
Finished training EB misspecified, with in-sample MSE: 0.18589364004022765

 Training SURE of the models:
SURE-PM: 0.15150468360509792
NPMLE: 0.33547895829330976
SURE-PM, NPMLE init: 0.1515001366094741
m: 720
n: 100
experiment: c
Finished training EB misspecified with NPMLE init, with SURE: 0.01599540712473953
Finished training EB misspecified with NPMLE init, with in-sample MSE: 0.05054459412766006
Finished training EB misspecified, with SURE: 0.01599495879148492
Finished training EB misspecified, with in-sample MSE: 0.05054493686174874

 Training SURE of the models:
SURE-PM: 0.01599495879148492
NPMLE: 0.5954901761357548
SURE-PM, NPMLE init: 0.01599540712473953
experiment: d
Finished training EB misspecified with NPMLE init, with SURE: -0.001522347389737533
Finished training EB misspecified with NPMLE init, with in-sample MSE: 0.0038374964092366954
Finished training EB misspecified, with SURE: -0.0015224837925561375
Finished training EB misspecified, with in-sample MSE: 0.0038402204962837434

 Training SURE of the models:
SURE-PM: -0.0015224837925561375
NPMLE: 0.03567267041573221
SURE-PM, NPMLE init: -0.001522347389737533
experiment: e
Finished training EB misspecified with NPMLE init, with SURE: 0.10695838485476014
Finished training EB misspecified with NPMLE init, with in-sample MSE: 0.19010018783834381
Finished training EB misspecified, with SURE: 0.10696086438125331
Finished training EB misspecified, with in-sample MSE: 0.19009202286407484

 Training SURE of the models:
SURE-PM: 0.10696086438125331
NPMLE: 0.40122358805082187
SURE-PM, NPMLE init: 0.10695838485476014
n: 200
experiment: c
Finished training EB misspecified with NPMLE init, with SURE: 0.07865889714739531
Finished training EB misspecified with NPMLE init, with in-sample MSE: 0.08303926596639068
Finished training EB misspecified, with SURE: 0.07865993836445057
Finished training EB misspecified, with in-sample MSE: 0.08304070092244188

 Training SURE of the models:
SURE-PM: 0.07865993836445057
NPMLE: 0.8502229596254005
SURE-PM, NPMLE init: 0.07865889714739531
experiment: d
Finished training EB misspecified with NPMLE init, with SURE: -0.00300280594188056
Finished training EB misspecified with NPMLE init, with in-sample MSE: 0.004000036294262527
Finished training EB misspecified, with SURE: -0.002995177695691389
Finished training EB misspecified, with in-sample MSE: 0.00401012458358592

 Training SURE of the models:
SURE-PM: -0.002995177695691389
NPMLE: 0.00046286402236111356
SURE-PM, NPMLE init: -0.00300280594188056
experiment: e
Finished training EB misspecified with NPMLE init, with SURE: 0.1832053793876677
Finished training EB misspecified with NPMLE init, with in-sample MSE: 0.19789961442457135
Finished training EB misspecified, with SURE: 0.1832085590175869
Finished training EB misspecified, with in-sample MSE: 0.19790262291679026

 Training SURE of the models:
SURE-PM: 0.1832085590175869
NPMLE: 0.30116073627865647
SURE-PM, NPMLE init: 0.1832053793876677
n: 400
experiment: c
Finished training EB misspecified with NPMLE init, with SURE: 0.06469510719388438
Finished training EB misspecified with NPMLE init, with in-sample MSE: 0.06096119134071455
Finished training EB misspecified, with SURE: 0.06469421851902567
Finished training EB misspecified, with in-sample MSE: 0.06096640442637849

 Training SURE of the models:
SURE-PM: 0.06469421851902567
NPMLE: 0.5210517017929095
SURE-PM, NPMLE init: 0.06469510719388438
experiment: d
Finished training EB misspecified with NPMLE init, with SURE: 0.01425929211490411
Finished training EB misspecified with NPMLE init, with in-sample MSE: 0.00645236747783304
Finished training EB misspecified, with SURE: 0.014462589552822945
Finished training EB misspecified, with in-sample MSE: 0.0061303073958769525

 Training SURE of the models:
SURE-PM: 0.014462589552822945
NPMLE: 0.025439844903251334
SURE-PM, NPMLE init: 0.01425929211490411
experiment: e
Finished training EB misspecified with NPMLE init, with SURE: 0.18079304248458009
Finished training EB misspecified with NPMLE init, with in-sample MSE: 0.2034490304023047
Finished training EB misspecified, with SURE: 0.18080225109395678
Finished training EB misspecified, with in-sample MSE: 0.20345116508908792

 Training SURE of the models:
SURE-PM: 0.18080225109395678
NPMLE: 0.30383650447952426
SURE-PM, NPMLE init: 0.18079304248458009
m: 721
n: 100
experiment: c
Finished training EB misspecified with NPMLE init, with SURE: 0.04194474967389141
Finished training EB misspecified with NPMLE init, with in-sample MSE: 0.11963484404956376
Finished training EB misspecified, with SURE: 0.041948113561090995
Finished training EB misspecified, with in-sample MSE: 0.11962284342906948

 Training SURE of the models:
SURE-PM: 0.041948113561090995
NPMLE: 1.1601015885492967
SURE-PM, NPMLE init: 0.04194474967389141
experiment: d
Finished training EB misspecified with NPMLE init, with SURE: 0.005219279387406797
Finished training EB misspecified with NPMLE init, with in-sample MSE: 0.004865721479050385
Finished training EB misspecified, with SURE: 0.005219937253008968
Finished training EB misspecified, with in-sample MSE: 0.00486507347674603

 Training SURE of the models:
SURE-PM: 0.005219937253008968
NPMLE: 0.11152776447250984
SURE-PM, NPMLE init: 0.005219279387406797
experiment: e
Finished training EB misspecified with NPMLE init, with SURE: 0.10902121515245768
Finished training EB misspecified with NPMLE init, with in-sample MSE: 0.1947060871090369
Finished training EB misspecified, with SURE: 0.10903095698964528
Finished training EB misspecified, with in-sample MSE: 0.19496493787477712

 Training SURE of the models:
SURE-PM: 0.10903095698964528
NPMLE: 0.29865506724609425
SURE-PM, NPMLE init: 0.10902121515245768
n: 200
experiment: c
Finished training EB misspecified with NPMLE init, with SURE: -0.04330330986231161
Finished training EB misspecified with NPMLE init, with in-sample MSE: 0.07387819308519478
Finished training EB misspecified, with SURE: -0.0432970151452642
Finished training EB misspecified, with in-sample MSE: 0.07373224510493107

 Training SURE of the models:
SURE-PM: -0.0432970151452642
NPMLE: 0.3731253136932793
SURE-PM, NPMLE init: -0.04330330986231161
experiment: d
Finished training EB misspecified with NPMLE init, with SURE: 0.021947697008739216
Finished training EB misspecified with NPMLE init, with in-sample MSE: 0.014104935338888774
Finished training EB misspecified, with SURE: 0.02194894874141447
Finished training EB misspecified, with in-sample MSE: 0.014106218308238595

 Training SURE of the models:
SURE-PM: 0.02194894874141447
NPMLE: 0.06670611071675682
SURE-PM, NPMLE init: 0.021947697008739216
experiment: e
Finished training EB misspecified with NPMLE init, with SURE: 0.1486997209674277
Finished training EB misspecified with NPMLE init, with in-sample MSE: 0.19311753150668542
Finished training EB misspecified, with SURE: 0.14227353672320028
Finished training EB misspecified, with in-sample MSE: 0.1929358917274779

 Training SURE of the models:
SURE-PM: 0.14227353672320028
NPMLE: 0.2709860834652506
SURE-PM, NPMLE init: 0.1486997209674277
n: 400
experiment: c
Finished training EB misspecified with NPMLE init, with SURE: 0.07188473522321459
Finished training EB misspecified with NPMLE init, with in-sample MSE: 0.06612230196004426
Finished training EB misspecified, with SURE: 0.07188875600479705
Finished training EB misspecified, with in-sample MSE: 0.06608697098573117

 Training SURE of the models:
SURE-PM: 0.07188875600479705
NPMLE: 0.9157348993616785
SURE-PM, NPMLE init: 0.07188473522321459
experiment: d
Finished training EB misspecified with NPMLE init, with SURE: -0.010332597854214766
Finished training EB misspecified with NPMLE init, with in-sample MSE: 0.00354788065162902
Finished training EB misspecified, with SURE: -0.010331466358668192
Finished training EB misspecified, with in-sample MSE: 0.0035476235254709083

 Training SURE of the models:
SURE-PM: -0.010331466358668192
NPMLE: 0.0055711435386669094
SURE-PM, NPMLE init: -0.010332597854214766
experiment: e
Finished training EB misspecified with NPMLE init, with SURE: 0.1693639688759043
Finished training EB misspecified with NPMLE init, with in-sample MSE: 0.1748455205887035
Finished training EB misspecified, with SURE: 0.1693650633678406
Finished training EB misspecified, with in-sample MSE: 0.17481764290925658

 Training SURE of the models:
SURE-PM: 0.1693650633678406
NPMLE: 0.33054301331584085
SURE-PM, NPMLE init: 0.1693639688759043
m: 722
n: 100
experiment: c
Finished training EB misspecified with NPMLE init, with SURE: -0.002910510504773356
Finished training EB misspecified with NPMLE init, with in-sample MSE: 0.05955899836418548
Finished training EB misspecified, with SURE: -0.0029059143687221933
Finished training EB misspecified, with in-sample MSE: 0.05946522857422028

 Training SURE of the models:
SURE-PM: -0.0029059143687221933
NPMLE: 0.37110784552656434
SURE-PM, NPMLE init: -0.002910510504773356
experiment: d
Finished training EB misspecified with NPMLE init, with SURE: -0.004925745769162173
Finished training EB misspecified with NPMLE init, with in-sample MSE: 0.005723087684478403
Finished training EB misspecified, with SURE: -0.004981832447445349
Finished training EB misspecified, with in-sample MSE: 0.005890593128734339

 Training SURE of the models:
SURE-PM: -0.004981832447445349
NPMLE: 0.03033082478817937
SURE-PM, NPMLE init: -0.004925745769162173
experiment: e
Finished training EB misspecified with NPMLE init, with SURE: 0.08307848532717423
Finished training EB misspecified with NPMLE init, with in-sample MSE: 0.14426634744425262
Finished training EB misspecified, with SURE: 0.0830638611086198
Finished training EB misspecified, with in-sample MSE: 0.14426886873962164

 Training SURE of the models:
SURE-PM: 0.0830638611086198
NPMLE: 0.4106571758992155
SURE-PM, NPMLE init: 0.08307848532717423
n: 200
experiment: c
Finished training EB misspecified with NPMLE init, with SURE: 0.06823241178625708
Finished training EB misspecified with NPMLE init, with in-sample MSE: 0.0663746617989748
Finished training EB misspecified, with SURE: 0.06822520534718252
Finished training EB misspecified, with in-sample MSE: 0.06638285297955102

 Training SURE of the models:
SURE-PM: 0.06822520534718252
NPMLE: 1.0864041026676912
SURE-PM, NPMLE init: 0.06823241178625708
experiment: d
Finished training EB misspecified with NPMLE init, with SURE: 0.009078635887071283
Finished training EB misspecified with NPMLE init, with in-sample MSE: 0.007664162297260489
Finished training EB misspecified, with SURE: 0.009084122401674896
Finished training EB misspecified, with in-sample MSE: 0.007653182618303317

 Training SURE of the models:
SURE-PM: 0.009084122401674896
NPMLE: 0.02804297698905682
SURE-PM, NPMLE init: 0.009078635887071283
experiment: e
Finished training EB misspecified with NPMLE init, with SURE: 0.10456996757401797
Finished training EB misspecified with NPMLE init, with in-sample MSE: 0.1906642506939377
Finished training EB misspecified, with SURE: 0.10457620686727545
Finished training EB misspecified, with in-sample MSE: 0.19070267687928166

 Training SURE of the models:
SURE-PM: 0.10457620686727545
NPMLE: 0.3261833832551476
SURE-PM, NPMLE init: 0.10456996757401797
n: 400
experiment: c
Finished training EB misspecified with NPMLE init, with SURE: 0.09270340475448763
Finished training EB misspecified with NPMLE init, with in-sample MSE: 0.05494336796149356
Finished training EB misspecified, with SURE: 0.09277156214056674
Finished training EB misspecified, with in-sample MSE: 0.054840263011311494

 Training SURE of the models:
SURE-PM: 0.09277156214056674
NPMLE: 0.49126544463665034
SURE-PM, NPMLE init: 0.09270340475448763
experiment: d
Finished training EB misspecified with NPMLE init, with SURE: 0.00949960816633535
Finished training EB misspecified with NPMLE init, with in-sample MSE: 0.010243596429810238
Finished training EB misspecified, with SURE: 0.009505708903595788
Finished training EB misspecified, with in-sample MSE: 0.010225388251050998

 Training SURE of the models:
SURE-PM: 0.009505708903595788
NPMLE: 0.0677431416200513
SURE-PM, NPMLE init: 0.00949960816633535
experiment: e
Finished training EB misspecified with NPMLE init, with SURE: 0.1435930752888039
Finished training EB misspecified with NPMLE init, with in-sample MSE: 0.16115196832313006
Finished training EB misspecified, with SURE: 0.14359485526812105
Finished training EB misspecified, with in-sample MSE: 0.1611573942248865

 Training SURE of the models:
SURE-PM: 0.14359485526812105
NPMLE: 0.36457550777407477
SURE-PM, NPMLE init: 0.1435930752888039
m: 723
n: 100
experiment: c
Finished training EB misspecified with NPMLE init, with SURE: 0.10062568787185228
Finished training EB misspecified with NPMLE init, with in-sample MSE: 0.06956680876086117
Finished training EB misspecified, with SURE: 0.10063007760540331
Finished training EB misspecified, with in-sample MSE: 0.06956366459884755

 Training SURE of the models:
SURE-PM: 0.10063007760540331
NPMLE: 0.3305016633319702
SURE-PM, NPMLE init: 0.10062568787185228
experiment: d
Finished training EB misspecified with NPMLE init, with SURE: -0.012550834172609928
Finished training EB misspecified with NPMLE init, with in-sample MSE: 0.009104840333067904
Finished training EB misspecified, with SURE: -0.012548187126146892
Finished training EB misspecified, with in-sample MSE: 0.009073660177223683

 Training SURE of the models:
SURE-PM: -0.012548187126146892
NPMLE: 0.028637134968188052
SURE-PM, NPMLE init: -0.012550834172609928
experiment: e
Finished training EB misspecified with NPMLE init, with SURE: 0.1407150018193637
Finished training EB misspecified with NPMLE init, with in-sample MSE: 0.2489329285101158
Finished training EB misspecified, with SURE: 0.14071980879683613
Finished training EB misspecified, with in-sample MSE: 0.24892096904817035

 Training SURE of the models:
SURE-PM: 0.14071980879683613
NPMLE: 0.2637537027950957
SURE-PM, NPMLE init: 0.1407150018193637
n: 200
experiment: c
Finished training EB misspecified with NPMLE init, with SURE: 0.047115462749089336
Finished training EB misspecified with NPMLE init, with in-sample MSE: 0.06166890277402236
Finished training EB misspecified, with SURE: 0.04711433969774973
Finished training EB misspecified, with in-sample MSE: 0.06166926150299197

 Training SURE of the models:
SURE-PM: 0.04711433969774973
NPMLE: 0.47665000237385213
SURE-PM, NPMLE init: 0.047115462749089336
experiment: d
Finished training EB misspecified with NPMLE init, with SURE: 0.0202494804994112
Finished training EB misspecified with NPMLE init, with in-sample MSE: 0.010593262937795523
Finished training EB misspecified, with SURE: 0.02025114464656836
Finished training EB misspecified, with in-sample MSE: 0.010590905567277755

 Training SURE of the models:
SURE-PM: 0.02025114464656836
NPMLE: 0.2032732969176626
SURE-PM, NPMLE init: 0.0202494804994112
experiment: e
Finished training EB misspecified with NPMLE init, with SURE: 0.12859373550187034
Finished training EB misspecified with NPMLE init, with in-sample MSE: 0.26148494519558085
Finished training EB misspecified, with SURE: 0.12609480885711238
Finished training EB misspecified, with in-sample MSE: 0.2433046557914655

 Training SURE of the models:
SURE-PM: 0.12609480885711238
NPMLE: 0.32183583769674895
SURE-PM, NPMLE init: 0.12859373550187034
n: 400
experiment: c
Finished training EB misspecified with NPMLE init, with SURE: 0.05951080436198154
Finished training EB misspecified with NPMLE init, with in-sample MSE: 0.054264164656438005
Finished training EB misspecified, with SURE: 0.05828472235831953
Finished training EB misspecified, with in-sample MSE: 0.0526663715468404

 Training SURE of the models:
SURE-PM: 0.05828472235831953
NPMLE: 0.8068830587177916
SURE-PM, NPMLE init: 0.05951080436198154
experiment: d
Finished training EB misspecified with NPMLE init, with SURE: -0.010201004886608338
Finished training EB misspecified with NPMLE init, with in-sample MSE: 0.0060203345936657516
Finished training EB misspecified, with SURE: -0.010199120283190323
Finished training EB misspecified, with in-sample MSE: 0.006017186590579917

 Training SURE of the models:
SURE-PM: -0.010199120283190323
NPMLE: 0.012530763665251942
SURE-PM, NPMLE init: -0.010201004886608338
experiment: e
Finished training EB misspecified with NPMLE init, with SURE: 0.14908349308667898
Finished training EB misspecified with NPMLE init, with in-sample MSE: 0.20929563793786052
Finished training EB misspecified, with SURE: 0.1494487004232361
Finished training EB misspecified, with in-sample MSE: 0.2085722870219344

 Training SURE of the models:
SURE-PM: 0.1494487004232361
NPMLE: 0.3471259750564928
SURE-PM, NPMLE init: 0.14908349308667898
m: 724
n: 100
experiment: c
Finished training EB misspecified with NPMLE init, with SURE: 0.0636224127182355
Finished training EB misspecified with NPMLE init, with in-sample MSE: 0.12098628201305138
Finished training EB misspecified, with SURE: 0.0636316932759064
Finished training EB misspecified, with in-sample MSE: 0.12103877587817173

 Training SURE of the models:
SURE-PM: 0.0636316932759064
NPMLE: 0.8089884402845255
SURE-PM, NPMLE init: 0.0636224127182355
experiment: d
Finished training EB misspecified with NPMLE init, with SURE: -0.007078269322339513
Finished training EB misspecified with NPMLE init, with in-sample MSE: 0.011251279739442711
Finished training EB misspecified, with SURE: -0.007078287381597619
Finished training EB misspecified, with in-sample MSE: 0.011251655316973731

 Training SURE of the models:
SURE-PM: -0.007078287381597619
NPMLE: 0.022006838370135232
SURE-PM, NPMLE init: -0.007078269322339513
experiment: e
Finished training EB misspecified with NPMLE init, with SURE: 0.15780442380151327
Finished training EB misspecified with NPMLE init, with in-sample MSE: 0.1918921764931284
Finished training EB misspecified, with SURE: 0.15750262204163343
Finished training EB misspecified, with in-sample MSE: 0.2005897893458261

 Training SURE of the models:
SURE-PM: 0.15750262204163343
NPMLE: 0.262267733777848
SURE-PM, NPMLE init: 0.15780442380151327
n: 200
experiment: c
Finished training EB misspecified with NPMLE init, with SURE: 0.057342284475240674
Finished training EB misspecified with NPMLE init, with in-sample MSE: 0.06634698124720576
Finished training EB misspecified, with SURE: 0.05738679889315115
Finished training EB misspecified, with in-sample MSE: 0.06638641050105085

 Training SURE of the models:
SURE-PM: 0.05738679889315115
NPMLE: 0.4387421835680874
SURE-PM, NPMLE init: 0.057342284475240674
experiment: d
Finished training EB misspecified with NPMLE init, with SURE: -0.0028213391324851144
Finished training EB misspecified with NPMLE init, with in-sample MSE: 0.006392403643539638
Finished training EB misspecified, with SURE: -0.0028212774511274397
Finished training EB misspecified, with in-sample MSE: 0.006392639466866308

 Training SURE of the models:
SURE-PM: -0.0028212774511274397
NPMLE: 0.03685283823925884
SURE-PM, NPMLE init: -0.0028213391324851144
experiment: e
Finished training EB misspecified with NPMLE init, with SURE: 0.14134969679804166
Finished training EB misspecified with NPMLE init, with in-sample MSE: 0.17525519153341057
Finished training EB misspecified, with SURE: 0.1413516773781229
Finished training EB misspecified, with in-sample MSE: 0.1752544536965968

 Training SURE of the models:
SURE-PM: 0.1413516773781229
NPMLE: 0.34425229658884166
SURE-PM, NPMLE init: 0.14134969679804166
n: 400
experiment: c
Finished training EB misspecified with NPMLE init, with SURE: 0.06997597423483291
Finished training EB misspecified with NPMLE init, with in-sample MSE: 0.05783289787538529
Finished training EB misspecified, with SURE: 0.0699966813304021
Finished training EB misspecified, with in-sample MSE: 0.057815082980965195

 Training SURE of the models:
SURE-PM: 0.0699966813304021
NPMLE: 0.7924529224965042
SURE-PM, NPMLE init: 0.06997597423483291
experiment: d
Finished training EB misspecified with NPMLE init, with SURE: 0.009018983188283815
Finished training EB misspecified with NPMLE init, with in-sample MSE: 0.004888462621464265
Finished training EB misspecified, with SURE: 0.009022795378974031
Finished training EB misspecified, with in-sample MSE: 0.004892859938859707

 Training SURE of the models:
SURE-PM: 0.009022795378974031
NPMLE: 0.07865041750443062
SURE-PM, NPMLE init: 0.009018983188283815
experiment: e
Finished training EB misspecified with NPMLE init, with SURE: 0.1664878587380741
Finished training EB misspecified with NPMLE init, with in-sample MSE: 0.17776535840014812
Finished training EB misspecified, with SURE: 0.165782831614406
Finished training EB misspecified, with in-sample MSE: 0.180024927029649

 Training SURE of the models:
SURE-PM: 0.165782831614406
NPMLE: 0.3156683673181514
SURE-PM, NPMLE init: 0.1664878587380741
m: 725
n: 100
experiment: c
Finished training EB misspecified with NPMLE init, with SURE: -0.03183306536838423
Finished training EB misspecified with NPMLE init, with in-sample MSE: 0.07142946324913602
Finished training EB misspecified, with SURE: -0.03179922549319805
Finished training EB misspecified, with in-sample MSE: 0.07145373419236017

 Training SURE of the models:
SURE-PM: -0.03179922549319805
NPMLE: 0.21949340154587957
SURE-PM, NPMLE init: -0.03183306536838423
experiment: d
Finished training EB misspecified with NPMLE init, with SURE: 0.017365675466780726
Finished training EB misspecified with NPMLE init, with in-sample MSE: 0.007150513930821407
Finished training EB misspecified, with SURE: 0.017368964436487264
Finished training EB misspecified, with in-sample MSE: 0.007152680333474414

 Training SURE of the models:
SURE-PM: 0.017368964436487264
NPMLE: 0.06033086539333281
SURE-PM, NPMLE init: 0.017365675466780726
experiment: e
Finished training EB misspecified with NPMLE init, with SURE: 0.12823759504422527
Finished training EB misspecified with NPMLE init, with in-sample MSE: 0.18652814906699117
Finished training EB misspecified, with SURE: 0.12824353457801257
Finished training EB misspecified, with in-sample MSE: 0.18651234867598362

 Training SURE of the models:
SURE-PM: 0.12824353457801257
NPMLE: 0.3203069432652519
SURE-PM, NPMLE init: 0.12823759504422527
n: 200
experiment: c
Finished training EB misspecified with NPMLE init, with SURE: 0.07755252556399456
Finished training EB misspecified with NPMLE init, with in-sample MSE: 0.09790341337293602
Finished training EB misspecified, with SURE: 0.07754227789576774
Finished training EB misspecified, with in-sample MSE: 0.09793954471684073

 Training SURE of the models:
SURE-PM: 0.07754227789576774
NPMLE: 1.1477460485435313
SURE-PM, NPMLE init: 0.07755252556399456
experiment: d
Finished training EB misspecified with NPMLE init, with SURE: 0.00502317118091959
Finished training EB misspecified with NPMLE init, with in-sample MSE: 0.008099677947172413
Finished training EB misspecified, with SURE: 0.005023220587377999
Finished training EB misspecified, with in-sample MSE: 0.008099929010807047

 Training SURE of the models:
SURE-PM: 0.005023220587377999
NPMLE: 0.02758979314032544
SURE-PM, NPMLE init: 0.00502317118091959
experiment: e
Finished training EB misspecified with NPMLE init, with SURE: 0.16893363198366174
Finished training EB misspecified with NPMLE init, with in-sample MSE: 0.21359509312563532
Finished training EB misspecified, with SURE: 0.16894075556829563
Finished training EB misspecified, with in-sample MSE: 0.21356435996552037

 Training SURE of the models:
SURE-PM: 0.16894075556829563
NPMLE: 0.28806104458395054
SURE-PM, NPMLE init: 0.16893363198366174
n: 400
experiment: c
Finished training EB misspecified with NPMLE init, with SURE: 0.06789841224580415
Finished training EB misspecified with NPMLE init, with in-sample MSE: 0.05636991176846801
Finished training EB misspecified, with SURE: 0.0679298622255763
Finished training EB misspecified, with in-sample MSE: 0.05633951237849595

 Training SURE of the models:
SURE-PM: 0.0679298622255763
NPMLE: 1.0916509350589103
SURE-PM, NPMLE init: 0.06789841224580415
experiment: d
Finished training EB misspecified with NPMLE init, with SURE: 0.0018182171553961445
Finished training EB misspecified with NPMLE init, with in-sample MSE: 0.004977505058215306
Finished training EB misspecified, with SURE: 0.001821681763981342
Finished training EB misspecified, with in-sample MSE: 0.00498015650722887

 Training SURE of the models:
SURE-PM: 0.001821681763981342
NPMLE: 0.02911322777182228
SURE-PM, NPMLE init: 0.0018182171553961445
experiment: e
Finished training EB misspecified with NPMLE init, with SURE: 0.11607902488765656
Finished training EB misspecified with NPMLE init, with in-sample MSE: 0.20187287641922608
Finished training EB misspecified, with SURE: 0.11609073498714889
Finished training EB misspecified, with in-sample MSE: 0.2018573739255392

 Training SURE of the models:
SURE-PM: 0.11609073498714889
NPMLE: 0.3705016369354419
SURE-PM, NPMLE init: 0.11607902488765656
m: 726
n: 100
experiment: c
Finished training EB misspecified with NPMLE init, with SURE: -0.02844932757486575
Finished training EB misspecified with NPMLE init, with in-sample MSE: 0.07203466277650449
Finished training EB misspecified, with SURE: -0.028449250800240408
Finished training EB misspecified, with in-sample MSE: 0.07203539421122081

 Training SURE of the models:
SURE-PM: -0.028449250800240408
NPMLE: 0.8596243376862241
SURE-PM, NPMLE init: -0.02844932757486575
experiment: d
Finished training EB misspecified with NPMLE init, with SURE: 0.02201189487266703
Finished training EB misspecified with NPMLE init, with in-sample MSE: 0.013794636420101307
Finished training EB misspecified, with SURE: 0.022012134283613635
Finished training EB misspecified, with in-sample MSE: 0.013794540164943712

 Training SURE of the models:
SURE-PM: 0.022012134283613635
NPMLE: 0.06808968067903255
SURE-PM, NPMLE init: 0.02201189487266703
experiment: e
Finished training EB misspecified with NPMLE init, with SURE: 0.09830136913994551
Finished training EB misspecified with NPMLE init, with in-sample MSE: 0.2255900250366448
Finished training EB misspecified, with SURE: 0.0983095483154652
Finished training EB misspecified, with in-sample MSE: 0.22570266778139156

 Training SURE of the models:
SURE-PM: 0.0983095483154652
NPMLE: 0.262757319926147
SURE-PM, NPMLE init: 0.09830136913994551
n: 200
experiment: c
Finished training EB misspecified with NPMLE init, with SURE: 0.028501308992340383
Finished training EB misspecified with NPMLE init, with in-sample MSE: 0.05392637722421667
Finished training EB misspecified, with SURE: 0.02853290630897554
Finished training EB misspecified, with in-sample MSE: 0.054133140742343225

 Training SURE of the models:
SURE-PM: 0.02853290630897554
NPMLE: 0.5512002134956482
SURE-PM, NPMLE init: 0.028501308992340383
experiment: d
Finished training EB misspecified with NPMLE init, with SURE: -0.012759174430613704
Finished training EB misspecified with NPMLE init, with in-sample MSE: 0.0034876774802836525
Finished training EB misspecified, with SURE: -0.01275713232682346
Finished training EB misspecified, with in-sample MSE: 0.0034872807788522532

 Training SURE of the models:
SURE-PM: -0.01275713232682346
NPMLE: 0.016302746633942267
SURE-PM, NPMLE init: -0.012759174430613704
experiment: e
Finished training EB misspecified with NPMLE init, with SURE: 0.12754498683498378
Finished training EB misspecified with NPMLE init, with in-sample MSE: 0.16825063630208997
Finished training EB misspecified, with SURE: 0.12755676449960418
Finished training EB misspecified, with in-sample MSE: 0.16825768520199408

 Training SURE of the models:
SURE-PM: 0.12755676449960418
NPMLE: 0.3213567947086652
SURE-PM, NPMLE init: 0.12754498683498378
n: 400
experiment: c
Finished training EB misspecified with NPMLE init, with SURE: -0.004587516502308375
Finished training EB misspecified with NPMLE init, with in-sample MSE: 0.07295438529487307
Finished training EB misspecified, with SURE: -0.0045391956214920984
Finished training EB misspecified, with in-sample MSE: 0.074179618669455

 Training SURE of the models:
SURE-PM: -0.0045391956214920984
NPMLE: 0.5108749727410276
SURE-PM, NPMLE init: -0.004587516502308375
experiment: d
Finished training EB misspecified with NPMLE init, with SURE: 0.004823031419684618
Finished training EB misspecified with NPMLE init, with in-sample MSE: 0.006347659778249362
Finished training EB misspecified, with SURE: 0.00482318136735131
Finished training EB misspecified, with in-sample MSE: 0.0063490435219459365

 Training SURE of the models:
SURE-PM: 0.00482318136735131
NPMLE: 0.05455104224406046
SURE-PM, NPMLE init: 0.004823031419684618
experiment: e
Finished training EB misspecified with NPMLE init, with SURE: 0.14546263214228933
Finished training EB misspecified with NPMLE init, with in-sample MSE: 0.17832787040232
Finished training EB misspecified, with SURE: 0.14525050102222342
Finished training EB misspecified, with in-sample MSE: 0.1757819621094971

 Training SURE of the models:
SURE-PM: 0.14525050102222342
NPMLE: 0.3401269985740194
SURE-PM, NPMLE init: 0.14546263214228933
m: 727
n: 100
experiment: c
Finished training EB misspecified with NPMLE init, with SURE: 0.055793310780050405
Finished training EB misspecified with NPMLE init, with in-sample MSE: 0.053232479697245295
Finished training EB misspecified, with SURE: 0.05579352691937174
Finished training EB misspecified, with in-sample MSE: 0.05323234272087144

 Training SURE of the models:
SURE-PM: 0.05579352691937174
NPMLE: 0.7600965728622846
SURE-PM, NPMLE init: 0.055793310780050405
experiment: d
Finished training EB misspecified with NPMLE init, with SURE: -0.012687131760433026
Finished training EB misspecified with NPMLE init, with in-sample MSE: 0.011937806777107427
Finished training EB misspecified, with SURE: -0.01268692116169346
Finished training EB misspecified, with in-sample MSE: 0.011937595278084958

 Training SURE of the models:
SURE-PM: -0.01268692116169346
NPMLE: 0.018179675602597117
SURE-PM, NPMLE init: -0.012687131760433026
experiment: e
Finished training EB misspecified with NPMLE init, with SURE: 0.16838761021730497
Finished training EB misspecified with NPMLE init, with in-sample MSE: 0.14732952632882282
Finished training EB misspecified, with SURE: 0.16839180011579274
Finished training EB misspecified, with in-sample MSE: 0.1473196796211182

 Training SURE of the models:
SURE-PM: 0.16839180011579274
NPMLE: 0.28202663691597357
SURE-PM, NPMLE init: 0.16838761021730497
n: 200
experiment: c
Finished training EB misspecified with NPMLE init, with SURE: 0.03242740770284527
Finished training EB misspecified with NPMLE init, with in-sample MSE: 0.07331769318397033
Finished training EB misspecified, with SURE: 0.03245016562755047
Finished training EB misspecified, with in-sample MSE: 0.0733031494552451

 Training SURE of the models:
SURE-PM: 0.03245016562755047
NPMLE: 0.9257093716149853
SURE-PM, NPMLE init: 0.03242740770284527
experiment: d
Finished training EB misspecified with NPMLE init, with SURE: 0.00797773338862955
Finished training EB misspecified with NPMLE init, with in-sample MSE: 0.004956086161767375
Finished training EB misspecified, with SURE: 0.007762921260465206
Finished training EB misspecified, with in-sample MSE: 0.004999211116751301

 Training SURE of the models:
SURE-PM: 0.007762921260465206
NPMLE: 0.017205315472205367
SURE-PM, NPMLE init: 0.00797773338862955
experiment: e
Finished training EB misspecified with NPMLE init, with SURE: 0.13122244613450157
Finished training EB misspecified with NPMLE init, with in-sample MSE: 0.15817086876329303
Finished training EB misspecified, with SURE: 0.12908391139239192
Finished training EB misspecified, with in-sample MSE: 0.1623395948151983

 Training SURE of the models:
SURE-PM: 0.12908391139239192
NPMLE: 0.3324166627425835
SURE-PM, NPMLE init: 0.13122244613450157
n: 400
experiment: c
Finished training EB misspecified with NPMLE init, with SURE: 0.0012197557957979654
Finished training EB misspecified with NPMLE init, with in-sample MSE: 0.055662670169351725
Finished training EB misspecified, with SURE: 0.001246268883887325
Finished training EB misspecified, with in-sample MSE: 0.055672179263186926

 Training SURE of the models:
SURE-PM: 0.001246268883887325
NPMLE: 0.5983615211651716
SURE-PM, NPMLE init: 0.0012197557957979654
experiment: d
Finished training EB misspecified with NPMLE init, with SURE: -0.005620166719843667
Finished training EB misspecified with NPMLE init, with in-sample MSE: 0.008906230708119228
Finished training EB misspecified, with SURE: -0.005619889944862848
Finished training EB misspecified, with in-sample MSE: 0.008905731446443781

 Training SURE of the models:
SURE-PM: -0.005619889944862848
NPMLE: 0.030090677105031053
SURE-PM, NPMLE init: -0.005620166719843667
experiment: e
Finished training EB misspecified with NPMLE init, with SURE: 0.13851611880136852
Finished training EB misspecified with NPMLE init, with in-sample MSE: 0.18577957405450113
Finished training EB misspecified, with SURE: 0.13852525368992907
Finished training EB misspecified, with in-sample MSE: 0.1857864968285833

 Training SURE of the models:
SURE-PM: 0.13852525368992907
NPMLE: 0.3612145836765103
SURE-PM, NPMLE init: 0.13851611880136852
m: 728
n: 100
experiment: c
Finished training EB misspecified with NPMLE init, with SURE: 0.010653994992321145
Finished training EB misspecified with NPMLE init, with in-sample MSE: 0.05008338124782005
Finished training EB misspecified, with SURE: 0.010654173141845859
Finished training EB misspecified, with in-sample MSE: 0.05008279819796579

 Training SURE of the models:
SURE-PM: 0.010654173141845859
NPMLE: 1.0292866858560574
SURE-PM, NPMLE init: 0.010653994992321145
experiment: d
Finished training EB misspecified with NPMLE init, with SURE: 0.000736267917811908
Finished training EB misspecified with NPMLE init, with in-sample MSE: 0.011218088170602991
Finished training EB misspecified, with SURE: 0.0007363582432021155
Finished training EB misspecified, with in-sample MSE: 0.011218125287918913

 Training SURE of the models:
SURE-PM: 0.0007363582432021155
NPMLE: 0.02861099801919936
SURE-PM, NPMLE init: 0.000736267917811908
experiment: e
Finished training EB misspecified with NPMLE init, with SURE: 0.15881446268021762
Finished training EB misspecified with NPMLE init, with in-sample MSE: 0.24112382861702306
Finished training EB misspecified, with SURE: 0.15882111034351248
Finished training EB misspecified, with in-sample MSE: 0.2411402525208411

 Training SURE of the models:
SURE-PM: 0.15882111034351248
NPMLE: 0.3193086958258518
SURE-PM, NPMLE init: 0.15881446268021762
n: 200
experiment: c
Finished training EB misspecified with NPMLE init, with SURE: 0.008736592186805154
Finished training EB misspecified with NPMLE init, with in-sample MSE: 0.06365219360862995
Finished training EB misspecified, with SURE: 0.008772108044519413
Finished training EB misspecified, with in-sample MSE: 0.0636421068190565

 Training SURE of the models:
SURE-PM: 0.008772108044519413
NPMLE: 0.6854682401354752
SURE-PM, NPMLE init: 0.008736592186805154
experiment: d
Finished training EB misspecified with NPMLE init, with SURE: -0.009563296901848801
Finished training EB misspecified with NPMLE init, with in-sample MSE: 0.006828448869064651
Finished training EB misspecified, with SURE: -0.009562505269610996
Finished training EB misspecified, with in-sample MSE: 0.006822898665762902

 Training SURE of the models:
SURE-PM: -0.009562505269610996
NPMLE: 0.010739187911685716
SURE-PM, NPMLE init: -0.009563296901848801
experiment: e
Finished training EB misspecified with NPMLE init, with SURE: 0.12041379038061084
Finished training EB misspecified with NPMLE init, with in-sample MSE: 0.2075670895481852
Finished training EB misspecified, with SURE: 0.11718010790132365
Finished training EB misspecified, with in-sample MSE: 0.18838889623534505

 Training SURE of the models:
SURE-PM: 0.11718010790132365
NPMLE: 0.395521598786364
SURE-PM, NPMLE init: 0.12041379038061084
n: 400
experiment: c
Finished training EB misspecified with NPMLE init, with SURE: 0.03965459360258848
Finished training EB misspecified with NPMLE init, with in-sample MSE: 0.12374419764148524
Finished training EB misspecified, with SURE: 0.03967690065946499
Finished training EB misspecified, with in-sample MSE: 0.12374686318242172

 Training SURE of the models:
SURE-PM: 0.03967690065946499
NPMLE: 0.967888334113877
SURE-PM, NPMLE init: 0.03965459360258848
experiment: d
Finished training EB misspecified with NPMLE init, with SURE: 0.00819567567227141
Finished training EB misspecified with NPMLE init, with in-sample MSE: 0.006564441380483477
Finished training EB misspecified, with SURE: 0.008199124337144745
Finished training EB misspecified, with in-sample MSE: 0.0065699187005036274

 Training SURE of the models:
SURE-PM: 0.008199124337144745
NPMLE: 0.055562348818052956
SURE-PM, NPMLE init: 0.00819567567227141
experiment: e
Finished training EB misspecified with NPMLE init, with SURE: 0.15927466936536952
Finished training EB misspecified with NPMLE init, with in-sample MSE: 0.16655479825645794
Finished training EB misspecified, with SURE: 0.1592804666926771
Finished training EB misspecified, with in-sample MSE: 0.16653861496317085

 Training SURE of the models:
SURE-PM: 0.1592804666926771
NPMLE: 0.32598954279845976
SURE-PM, NPMLE init: 0.15927466936536952
m: 729
n: 100
experiment: c
Finished training EB misspecified with NPMLE init, with SURE: 0.00375879259045675
Finished training EB misspecified with NPMLE init, with in-sample MSE: 0.05842990665725715
Finished training EB misspecified, with SURE: 0.003795326912169443
Finished training EB misspecified, with in-sample MSE: 0.05851421736765693

 Training SURE of the models:
SURE-PM: 0.003795326912169443
NPMLE: 0.5031266248717645
SURE-PM, NPMLE init: 0.00375879259045675
experiment: d
Finished training EB misspecified with NPMLE init, with SURE: 0.019633889198383107
Finished training EB misspecified with NPMLE init, with in-sample MSE: 0.017112629640122175
Finished training EB misspecified, with SURE: 0.01963373648897461
Finished training EB misspecified, with in-sample MSE: 0.01711642645864115

 Training SURE of the models:
SURE-PM: 0.01963373648897461
NPMLE: 0.0342965226743153
SURE-PM, NPMLE init: 0.019633889198383107
experiment: e
Finished training EB misspecified with NPMLE init, with SURE: 0.12444247709829846
Finished training EB misspecified with NPMLE init, with in-sample MSE: 0.2381379341193039
Finished training EB misspecified, with SURE: 0.12445412498264262
Finished training EB misspecified, with in-sample MSE: 0.2381634990623668

 Training SURE of the models:
SURE-PM: 0.12445412498264262
NPMLE: 0.25924298350498687
SURE-PM, NPMLE init: 0.12444247709829846
n: 200
experiment: c
Finished training EB misspecified with NPMLE init, with SURE: 0.10004513356314725
Finished training EB misspecified with NPMLE init, with in-sample MSE: 0.1262073276280362
Finished training EB misspecified, with SURE: 0.09996320507855387
Finished training EB misspecified, with in-sample MSE: 0.1252726396930532

 Training SURE of the models:
SURE-PM: 0.09996320507855387
NPMLE: 1.0962352984412456
SURE-PM, NPMLE init: 0.10004513356314725
experiment: d
Finished training EB misspecified with NPMLE init, with SURE: 0.005720464679727666
Finished training EB misspecified with NPMLE init, with in-sample MSE: 0.012451971180871445
Finished training EB misspecified, with SURE: 0.005720518889800967
Finished training EB misspecified, with in-sample MSE: 0.012452150579480148

 Training SURE of the models:
SURE-PM: 0.005720518889800967
NPMLE: 0.048788496680954904
SURE-PM, NPMLE init: 0.005720464679727666
experiment: e
Finished training EB misspecified with NPMLE init, with SURE: 0.12847540398300375
Finished training EB misspecified with NPMLE init, with in-sample MSE: 0.20719023763873434
Finished training EB misspecified, with SURE: 0.12848241190816004
Finished training EB misspecified, with in-sample MSE: 0.20711008891745045

 Training SURE of the models:
SURE-PM: 0.12848241190816004
NPMLE: 0.3202020269392196
SURE-PM, NPMLE init: 0.12847540398300375
n: 400
experiment: c
Finished training EB misspecified with NPMLE init, with SURE: 0.04098593310232659
Finished training EB misspecified with NPMLE init, with in-sample MSE: 0.05137251438362433
Finished training EB misspecified, with SURE: 0.04101480175263823
Finished training EB misspecified, with in-sample MSE: 0.051306292278075524

 Training SURE of the models:
SURE-PM: 0.04101480175263823
NPMLE: 0.4880213170119552
SURE-PM, NPMLE init: 0.04098593310232659
experiment: d
Finished training EB misspecified with NPMLE init, with SURE: -0.015486333370189129
Finished training EB misspecified with NPMLE init, with in-sample MSE: 0.004556398195096972
Finished training EB misspecified, with SURE: -0.01548174322564508
Finished training EB misspecified, with in-sample MSE: 0.004556949131429295

 Training SURE of the models:
SURE-PM: -0.01548174322564508
NPMLE: 0.01357053978944041
SURE-PM, NPMLE init: -0.015486333370189129
experiment: e
Finished training EB misspecified with NPMLE init, with SURE: 0.16455838183284563
Finished training EB misspecified with NPMLE init, with in-sample MSE: 0.18373188301704477
Finished training EB misspecified, with SURE: 0.16456705178470407
Finished training EB misspecified, with in-sample MSE: 0.18376479466591847

 Training SURE of the models:
SURE-PM: 0.16456705178470407
NPMLE: 0.3539480204285452
SURE-PM, NPMLE init: 0.16455838183284563
m: 730
n: 100
experiment: c
Finished training EB misspecified with NPMLE init, with SURE: 0.04073948024280569
Finished training EB misspecified with NPMLE init, with in-sample MSE: 0.07273687717563768
Finished training EB misspecified, with SURE: 0.040740684696103105
Finished training EB misspecified, with in-sample MSE: 0.0727380581554716

 Training SURE of the models:
SURE-PM: 0.040740684696103105
NPMLE: 0.5988698840734292
SURE-PM, NPMLE init: 0.04073948024280569
experiment: d
Finished training EB misspecified with NPMLE init, with SURE: -0.006666284905773363
Finished training EB misspecified with NPMLE init, with in-sample MSE: 0.005094602735079829
Finished training EB misspecified, with SURE: -0.006666326183288085
Finished training EB misspecified, with in-sample MSE: 0.005094024844099852

 Training SURE of the models:
SURE-PM: -0.006666326183288085
NPMLE: -0.0008962810610660199
SURE-PM, NPMLE init: -0.006666284905773363
experiment: e
Finished training EB misspecified with NPMLE init, with SURE: 0.10626724357528304
Finished training EB misspecified with NPMLE init, with in-sample MSE: 0.1891650370896853
Finished training EB misspecified, with SURE: 0.10626008527890513
Finished training EB misspecified, with in-sample MSE: 0.18916525490171796

 Training SURE of the models:
SURE-PM: 0.10626008527890513
NPMLE: 0.31560905699367603
SURE-PM, NPMLE init: 0.10626724357528304
n: 200
experiment: c
Finished training EB misspecified with NPMLE init, with SURE: 0.03917659046505889
Finished training EB misspecified with NPMLE init, with in-sample MSE: 0.06355409550708725
Finished training EB misspecified, with SURE: 0.03917739557436321
Finished training EB misspecified, with in-sample MSE: 0.0635543923844538

 Training SURE of the models:
SURE-PM: 0.03917739557436321
NPMLE: 0.37716627644352274
SURE-PM, NPMLE init: 0.03917659046505889
experiment: d
Finished training EB misspecified with NPMLE init, with SURE: -0.0037386871410286914
Finished training EB misspecified with NPMLE init, with in-sample MSE: 0.007754366643176299
Finished training EB misspecified, with SURE: -0.0037372239731710624
Finished training EB misspecified, with in-sample MSE: 0.007770766008079959

 Training SURE of the models:
SURE-PM: -0.0037372239731710624
NPMLE: 0.00405936420717751
SURE-PM, NPMLE init: -0.0037386871410286914
experiment: e
Finished training EB misspecified with NPMLE init, with SURE: 0.15757956547151772
Finished training EB misspecified with NPMLE init, with in-sample MSE: 0.20478979578433398
Finished training EB misspecified, with SURE: 0.15758524288651274
Finished training EB misspecified, with in-sample MSE: 0.20479276532187737

 Training SURE of the models:
SURE-PM: 0.15758524288651274
NPMLE: 0.3083365450494221
SURE-PM, NPMLE init: 0.15757956547151772
n: 400
experiment: c
Finished training EB misspecified with NPMLE init, with SURE: 0.0520406036050084
Finished training EB misspecified with NPMLE init, with in-sample MSE: 0.05622632787096148
Finished training EB misspecified, with SURE: 0.05206888246978025
Finished training EB misspecified, with in-sample MSE: 0.05624194268753278

 Training SURE of the models:
SURE-PM: 0.05206888246978025
NPMLE: 0.6057714597853646
SURE-PM, NPMLE init: 0.0520406036050084
experiment: d
Finished training EB misspecified with NPMLE init, with SURE: -0.015074307365796109
Finished training EB misspecified with NPMLE init, with in-sample MSE: 0.004571420009301882
Finished training EB misspecified, with SURE: -0.015072179705150077
Finished training EB misspecified, with in-sample MSE: 0.004570949030889595

 Training SURE of the models:
SURE-PM: -0.015072179705150077
NPMLE: -0.006833323316539364
SURE-PM, NPMLE init: -0.015074307365796109
experiment: e
Finished training EB misspecified with NPMLE init, with SURE: 0.1423713889764286
Finished training EB misspecified with NPMLE init, with in-sample MSE: 0.17089871555352218
Finished training EB misspecified, with SURE: 0.1423832972634782
Finished training EB misspecified, with in-sample MSE: 0.170911792671864

 Training SURE of the models:
SURE-PM: 0.1423832972634782
NPMLE: 0.3398401632015501
SURE-PM, NPMLE init: 0.1423713889764286
m: 731
n: 100
experiment: c
Finished training EB misspecified with NPMLE init, with SURE: -0.06834997633703907
Finished training EB misspecified with NPMLE init, with in-sample MSE: 0.05216118804671594
Finished training EB misspecified, with SURE: -0.06833943657082835
Finished training EB misspecified, with in-sample MSE: 0.052159522836358094

 Training SURE of the models:
SURE-PM: -0.06833943657082835
NPMLE: 0.7046384917392307
SURE-PM, NPMLE init: -0.06834997633703907
experiment: d
Finished training EB misspecified with NPMLE init, with SURE: 0.020526108217680968
Finished training EB misspecified with NPMLE init, with in-sample MSE: 0.023720090850064223
Finished training EB misspecified, with SURE: 0.020528148087493817
Finished training EB misspecified, with in-sample MSE: 0.02371799964969104

 Training SURE of the models:
SURE-PM: 0.020528148087493817
NPMLE: 0.12471183334283711
SURE-PM, NPMLE init: 0.020526108217680968
experiment: e
Finished training EB misspecified with NPMLE init, with SURE: 0.10560243890794833
Finished training EB misspecified with NPMLE init, with in-sample MSE: 0.2488458827372389
Finished training EB misspecified, with SURE: 0.10561463316998189
Finished training EB misspecified, with in-sample MSE: 0.2488321699044229

 Training SURE of the models:
SURE-PM: 0.10561463316998189
NPMLE: 0.2902364225043011
SURE-PM, NPMLE init: 0.10560243890794833
n: 200
experiment: c
Finished training EB misspecified with NPMLE init, with SURE: 0.02451179750432189
Finished training EB misspecified with NPMLE init, with in-sample MSE: 0.06241929603551724
Finished training EB misspecified, with SURE: 0.02451701402544316
Finished training EB misspecified, with in-sample MSE: 0.06242449264979952

 Training SURE of the models:
SURE-PM: 0.02451701402544316
NPMLE: 0.4438626625096566
SURE-PM, NPMLE init: 0.02451179750432189
experiment: d
Finished training EB misspecified with NPMLE init, with SURE: 0.005028188654502656
Finished training EB misspecified with NPMLE init, with in-sample MSE: 0.02555527120990446
Finished training EB misspecified, with SURE: 0.005034296143829451
Finished training EB misspecified, with in-sample MSE: 0.02553994525997739

 Training SURE of the models:
SURE-PM: 0.005034296143829451
NPMLE: 0.036672666875056326
SURE-PM, NPMLE init: 0.005028188654502656
experiment: e
Finished training EB misspecified with NPMLE init, with SURE: 0.15824973435744993
Finished training EB misspecified with NPMLE init, with in-sample MSE: 0.2442576787829786
Finished training EB misspecified, with SURE: 0.15825709568316712
Finished training EB misspecified, with in-sample MSE: 0.24421425809742917

 Training SURE of the models:
SURE-PM: 0.15825709568316712
NPMLE: 0.2853694779609938
SURE-PM, NPMLE init: 0.15824973435744993
n: 400
experiment: c
Finished training EB misspecified with NPMLE init, with SURE: 0.049311251144761176
Finished training EB misspecified with NPMLE init, with in-sample MSE: 0.06311939191070523
Finished training EB misspecified, with SURE: 0.049328285775243334
Finished training EB misspecified, with in-sample MSE: 0.0630652472273209

 Training SURE of the models:
SURE-PM: 0.049328285775243334
NPMLE: 0.7436334116038614
SURE-PM, NPMLE init: 0.049311251144761176
experiment: d
Finished training EB misspecified with NPMLE init, with SURE: 0.00767298375547325
Finished training EB misspecified with NPMLE init, with in-sample MSE: 0.007193792523857284
Finished training EB misspecified, with SURE: 0.007663838910695411
Finished training EB misspecified, with in-sample MSE: 0.007166910928634787

 Training SURE of the models:
SURE-PM: 0.007663838910695411
NPMLE: 0.043284703792104896
SURE-PM, NPMLE init: 0.00767298375547325
experiment: e
Finished training EB misspecified with NPMLE init, with SURE: 0.1748626006104772
Finished training EB misspecified with NPMLE init, with in-sample MSE: 0.20657795117922576
Finished training EB misspecified, with SURE: 0.16840630481481836
Finished training EB misspecified, with in-sample MSE: 0.20824444035436915

 Training SURE of the models:
SURE-PM: 0.16840630481481836
NPMLE: 0.39826897611746775
SURE-PM, NPMLE init: 0.1748626006104772
m: 732
n: 100
experiment: c
Finished training EB misspecified with NPMLE init, with SURE: -0.0302436041118591
Finished training EB misspecified with NPMLE init, with in-sample MSE: 0.1373080214768742
Finished training EB misspecified, with SURE: -0.03023433625382424
Finished training EB misspecified, with in-sample MSE: 0.1372792181343357

 Training SURE of the models:
SURE-PM: -0.03023433625382424
NPMLE: 0.22473182318500767
SURE-PM, NPMLE init: -0.0302436041118591
experiment: d
Finished training EB misspecified with NPMLE init, with SURE: -0.012856448149588893
Finished training EB misspecified with NPMLE init, with in-sample MSE: 0.02942135447403029
Finished training EB misspecified, with SURE: -0.012856959604449401
Finished training EB misspecified, with in-sample MSE: 0.02943084434387772

 Training SURE of the models:
SURE-PM: -0.012856959604449401
NPMLE: 0.009373645715928606
SURE-PM, NPMLE init: -0.012856448149588893
experiment: e
Finished training EB misspecified with NPMLE init, with SURE: 0.12104559728962044
Finished training EB misspecified with NPMLE init, with in-sample MSE: 0.1707938203084898
Finished training EB misspecified, with SURE: 0.12105124693873479
Finished training EB misspecified, with in-sample MSE: 0.1707959246039783

 Training SURE of the models:
SURE-PM: 0.12105124693873479
NPMLE: 0.418861379468856
SURE-PM, NPMLE init: 0.12104559728962044
n: 200
experiment: c
Finished training EB misspecified with NPMLE init, with SURE: 0.06621075579124082
Finished training EB misspecified with NPMLE init, with in-sample MSE: 0.07157621892513272
Finished training EB misspecified, with SURE: 0.0662100207570677
Finished training EB misspecified, with in-sample MSE: 0.07157725703533073

 Training SURE of the models:
SURE-PM: 0.0662100207570677
NPMLE: 0.315836063476207
SURE-PM, NPMLE init: 0.06621075579124082
experiment: d
Finished training EB misspecified with NPMLE init, with SURE: 0.009296617160409913
Finished training EB misspecified with NPMLE init, with in-sample MSE: 0.00993220534121641
Finished training EB misspecified, with SURE: 0.009300054234300427
Finished training EB misspecified, with in-sample MSE: 0.009930138272131461

 Training SURE of the models:
SURE-PM: 0.009300054234300427
NPMLE: 0.0702756961370516
SURE-PM, NPMLE init: 0.009296617160409913
experiment: e
Finished training EB misspecified with NPMLE init, with SURE: 0.1389354493657496
Finished training EB misspecified with NPMLE init, with in-sample MSE: 0.1943269491623577
Finished training EB misspecified, with SURE: 0.13893340580501615
Finished training EB misspecified, with in-sample MSE: 0.19432765135736615

 Training SURE of the models:
SURE-PM: 0.13893340580501615
NPMLE: 0.35214168154151887
SURE-PM, NPMLE init: 0.1389354493657496
n: 400
experiment: c
Finished training EB misspecified with NPMLE init, with SURE: 0.03602100330631686
Finished training EB misspecified with NPMLE init, with in-sample MSE: 0.052242911889381835
Finished training EB misspecified, with SURE: 0.03602252481238097
Finished training EB misspecified, with in-sample MSE: 0.05224114858176823

 Training SURE of the models:
SURE-PM: 0.03602252481238097
NPMLE: 0.6482926732221326
SURE-PM, NPMLE init: 0.03602100330631686
experiment: d
Finished training EB misspecified with NPMLE init, with SURE: -0.004469577263170361
Finished training EB misspecified with NPMLE init, with in-sample MSE: 0.004054495263130143
Finished training EB misspecified, with SURE: -0.004467929908065375
Finished training EB misspecified, with in-sample MSE: 0.0040557820238809736

 Training SURE of the models:
SURE-PM: -0.004467929908065375
NPMLE: 0.0669878181311537
SURE-PM, NPMLE init: -0.004469577263170361
experiment: e
Finished training EB misspecified with NPMLE init, with SURE: 0.15825862931155313
Finished training EB misspecified with NPMLE init, with in-sample MSE: 0.15534085381043172
Finished training EB misspecified, with SURE: 0.15826346012621145
Finished training EB misspecified, with in-sample MSE: 0.15537205886016245

 Training SURE of the models:
SURE-PM: 0.15826346012621145
NPMLE: 0.3236605703679906
SURE-PM, NPMLE init: 0.15825862931155313
m: 733
n: 100
experiment: c
Finished training EB misspecified with NPMLE init, with SURE: 0.03863407827794219
Finished training EB misspecified with NPMLE init, with in-sample MSE: 0.1097077998482429
Finished training EB misspecified, with SURE: 0.038645361215946396
Finished training EB misspecified, with in-sample MSE: 0.1096863659495459

 Training SURE of the models:
SURE-PM: 0.038645361215946396
NPMLE: 0.7949524017390175
SURE-PM, NPMLE init: 0.03863407827794219
experiment: d
Finished training EB misspecified with NPMLE init, with SURE: 0.021114880980899288
Finished training EB misspecified with NPMLE init, with in-sample MSE: 0.02266517940647947
Finished training EB misspecified, with SURE: 0.021115556936536956
Finished training EB misspecified, with in-sample MSE: 0.02268369702466186

 Training SURE of the models:
SURE-PM: 0.021115556936536956
NPMLE: 0.11314718221200519
SURE-PM, NPMLE init: 0.021114880980899288
experiment: e
Finished training EB misspecified with NPMLE init, with SURE: 0.15699926845783105
Finished training EB misspecified with NPMLE init, with in-sample MSE: 0.16383643462573727
Finished training EB misspecified, with SURE: 0.15708488718683228
Finished training EB misspecified, with in-sample MSE: 0.1622806505207404

 Training SURE of the models:
SURE-PM: 0.15708488718683228
NPMLE: 0.30264095918972667
SURE-PM, NPMLE init: 0.15699926845783105
n: 200
experiment: c
Finished training EB misspecified with NPMLE init, with SURE: 0.059134576802472055
Finished training EB misspecified with NPMLE init, with in-sample MSE: 0.06924743539110743
Finished training EB misspecified, with SURE: 0.05914957742464573
Finished training EB misspecified, with in-sample MSE: 0.06923446608932944

 Training SURE of the models:
SURE-PM: 0.05914957742464573
NPMLE: 0.7526613526400979
SURE-PM, NPMLE init: 0.059134576802472055
experiment: d
Finished training EB misspecified with NPMLE init, with SURE: -0.010955574209639014
Finished training EB misspecified with NPMLE init, with in-sample MSE: 0.006829832099561336
Finished training EB misspecified, with SURE: -0.010952282434393848
Finished training EB misspecified, with in-sample MSE: 0.006829421893042534

 Training SURE of the models:
SURE-PM: -0.010952282434393848
NPMLE: 0.015162410384890065
SURE-PM, NPMLE init: -0.010955574209639014
experiment: e
Finished training EB misspecified with NPMLE init, with SURE: 0.1512786750956945
Finished training EB misspecified with NPMLE init, with in-sample MSE: 0.16641290338103026
Finished training EB misspecified, with SURE: 0.15128170574355057
Finished training EB misspecified, with in-sample MSE: 0.16641299196711287

 Training SURE of the models:
SURE-PM: 0.15128170574355057
NPMLE: 0.3358293740670393
SURE-PM, NPMLE init: 0.1512786750956945
n: 400
experiment: c
Finished training EB misspecified with NPMLE init, with SURE: 0.005206524264569339
Finished training EB misspecified with NPMLE init, with in-sample MSE: 0.0577171203254624
Finished training EB misspecified, with SURE: 0.005249300116732485
Finished training EB misspecified, with in-sample MSE: 0.05766775536768274

 Training SURE of the models:
SURE-PM: 0.005249300116732485
NPMLE: 0.5478114200095725
SURE-PM, NPMLE init: 0.005206524264569339
experiment: d
Finished training EB misspecified with NPMLE init, with SURE: 0.0018957520656185346
Finished training EB misspecified with NPMLE init, with in-sample MSE: 0.0063046528088000564
Finished training EB misspecified, with SURE: 0.00189936488498196
Finished training EB misspecified, with in-sample MSE: 0.0063038463134868885

 Training SURE of the models:
SURE-PM: 0.00189936488498196
NPMLE: 0.10499437567645929
SURE-PM, NPMLE init: 0.0018957520656185346
experiment: e
Finished training EB misspecified with NPMLE init, with SURE: 0.1506006680554547
Finished training EB misspecified with NPMLE init, with in-sample MSE: 0.18730884518259944
Finished training EB misspecified, with SURE: 0.15060683464898836
Finished training EB misspecified, with in-sample MSE: 0.18730049775995716

 Training SURE of the models:
SURE-PM: 0.15060683464898836
NPMLE: 0.31508444592776125
SURE-PM, NPMLE init: 0.1506006680554547
m: 734
n: 100
experiment: c
Finished training EB misspecified with NPMLE init, with SURE: 0.12457686034657911
Finished training EB misspecified with NPMLE init, with in-sample MSE: 0.17073691224512305
Finished training EB misspecified, with SURE: 0.12463755913527422
Finished training EB misspecified, with in-sample MSE: 0.170962813785512

 Training SURE of the models:
SURE-PM: 0.12463755913527422
NPMLE: 0.5941198696434635
SURE-PM, NPMLE init: 0.12457686034657911
experiment: d
Finished training EB misspecified with NPMLE init, with SURE: 0.0049108903834535235
Finished training EB misspecified with NPMLE init, with in-sample MSE: 0.009052951232328096
Finished training EB misspecified, with SURE: 0.004911225104576751
Finished training EB misspecified, with in-sample MSE: 0.00904394706448804

 Training SURE of the models:
SURE-PM: 0.004911225104576751
NPMLE: 0.06058591430035566
SURE-PM, NPMLE init: 0.0049108903834535235
experiment: e
Finished training EB misspecified with NPMLE init, with SURE: 0.16994249290370725
Finished training EB misspecified with NPMLE init, with in-sample MSE: 0.24195831034807672
Finished training EB misspecified, with SURE: 0.1699461289918775
Finished training EB misspecified, with in-sample MSE: 0.24199941188615992

 Training SURE of the models:
SURE-PM: 0.1699461289918775
NPMLE: 0.34287212452048904
SURE-PM, NPMLE init: 0.16994249290370725
n: 200
experiment: c
Finished training EB misspecified with NPMLE init, with SURE: 0.12302206325871887
Finished training EB misspecified with NPMLE init, with in-sample MSE: 0.08842154981803274
Finished training EB misspecified, with SURE: 0.12307162230126104
Finished training EB misspecified, with in-sample MSE: 0.08826901551867776

 Training SURE of the models:
SURE-PM: 0.12307162230126104
NPMLE: 0.3062346183271564
SURE-PM, NPMLE init: 0.12302206325871887
experiment: d
Finished training EB misspecified with NPMLE init, with SURE: 0.0036784237056422422
Finished training EB misspecified with NPMLE init, with in-sample MSE: 0.008910027649611334
Finished training EB misspecified, with SURE: 0.003678273254575082
Finished training EB misspecified, with in-sample MSE: 0.008909602301743995

 Training SURE of the models:
SURE-PM: 0.003678273254575082
NPMLE: 0.01901543711335153
SURE-PM, NPMLE init: 0.0036784237056422422
experiment: e
Finished training EB misspecified with NPMLE init, with SURE: 0.17765169259038616
Finished training EB misspecified with NPMLE init, with in-sample MSE: 0.2252347375014287
Finished training EB misspecified, with SURE: 0.177650728781366
Finished training EB misspecified, with in-sample MSE: 0.22523611079348677

 Training SURE of the models:
SURE-PM: 0.177650728781366
NPMLE: 0.3724482233815871
SURE-PM, NPMLE init: 0.17765169259038616
n: 400
experiment: c
Finished training EB misspecified with NPMLE init, with SURE: 0.10463516103798241
Finished training EB misspecified with NPMLE init, with in-sample MSE: 0.06371722376203671
Finished training EB misspecified, with SURE: 0.10465368240876459
Finished training EB misspecified, with in-sample MSE: 0.06362723951582151

 Training SURE of the models:
SURE-PM: 0.10465368240876459
NPMLE: 0.5055220169272502
SURE-PM, NPMLE init: 0.10463516103798241
experiment: d
Finished training EB misspecified with NPMLE init, with SURE: -0.0006043308392933255
Finished training EB misspecified with NPMLE init, with in-sample MSE: 0.004611913273945221
Finished training EB misspecified, with SURE: -0.0005927001817148181
Finished training EB misspecified, with in-sample MSE: 0.004612532472239851

 Training SURE of the models:
SURE-PM: -0.0005927001817148181
NPMLE: 0.010072722943532817
SURE-PM, NPMLE init: -0.0006043308392933255
experiment: e
Finished training EB misspecified with NPMLE init, with SURE: 0.16486361169546307
Finished training EB misspecified with NPMLE init, with in-sample MSE: 0.15847953592421188
Finished training EB misspecified, with SURE: 0.1648765959733762
Finished training EB misspecified, with in-sample MSE: 0.15845588636577967

 Training SURE of the models:
SURE-PM: 0.1648765959733762
NPMLE: 0.33227498073193473
SURE-PM, NPMLE init: 0.16486361169546307
m: 735
n: 100
experiment: c
Finished training EB misspecified with NPMLE init, with SURE: -0.0732117188486825
Finished training EB misspecified with NPMLE init, with in-sample MSE: 0.06099346721173814
Finished training EB misspecified, with SURE: -0.07319166634030083
Finished training EB misspecified, with in-sample MSE: 0.06085136625520438

 Training SURE of the models:
SURE-PM: -0.07319166634030083
NPMLE: 0.5058121688612929
SURE-PM, NPMLE init: -0.0732117188486825
experiment: d
Finished training EB misspecified with NPMLE init, with SURE: 0.013046501874456383
Finished training EB misspecified with NPMLE init, with in-sample MSE: 0.004507634592873938
Finished training EB misspecified, with SURE: 0.01304684110331408
Finished training EB misspecified, with in-sample MSE: 0.0045098801549216935

 Training SURE of the models:
SURE-PM: 0.01304684110331408
NPMLE: 0.06889138205323027
SURE-PM, NPMLE init: 0.013046501874456383
experiment: e
Finished training EB misspecified with NPMLE init, with SURE: 0.13530020430118245
Finished training EB misspecified with NPMLE init, with in-sample MSE: 0.16723192806310497
Finished training EB misspecified, with SURE: 0.13144025914274596
Finished training EB misspecified, with in-sample MSE: 0.1724260159854235

 Training SURE of the models:
SURE-PM: 0.13144025914274596
NPMLE: 0.32280619642994873
SURE-PM, NPMLE init: 0.13530020430118245
n: 200
experiment: c
Finished training EB misspecified with NPMLE init, with SURE: 0.07946833217875465
Finished training EB misspecified with NPMLE init, with in-sample MSE: 0.08069839098271928
Finished training EB misspecified, with SURE: 0.07898506042902696
Finished training EB misspecified, with in-sample MSE: 0.07982550849097536

 Training SURE of the models:
SURE-PM: 0.07898506042902696
NPMLE: 0.8447986084284715
SURE-PM, NPMLE init: 0.07946833217875465
experiment: d
Finished training EB misspecified with NPMLE init, with SURE: 0.00685917330713032
Finished training EB misspecified with NPMLE init, with in-sample MSE: 0.007387285959514299
Finished training EB misspecified, with SURE: 0.006858978661472435
Finished training EB misspecified, with in-sample MSE: 0.007387824330175092

 Training SURE of the models:
SURE-PM: 0.006858978661472435
NPMLE: 0.09048603630287959
SURE-PM, NPMLE init: 0.00685917330713032
experiment: e
Finished training EB misspecified with NPMLE init, with SURE: 0.0874960762386818
Finished training EB misspecified with NPMLE init, with in-sample MSE: 0.1977763304257674
Finished training EB misspecified, with SURE: 0.08751723578917747
Finished training EB misspecified, with in-sample MSE: 0.19756587428397887

 Training SURE of the models:
SURE-PM: 0.08751723578917747
NPMLE: 0.31402252893437643
SURE-PM, NPMLE init: 0.0874960762386818
n: 400
experiment: c
Finished training EB misspecified with NPMLE init, with SURE: 0.05077212683454008
Finished training EB misspecified with NPMLE init, with in-sample MSE: 0.06049518030468495
Finished training EB misspecified, with SURE: 0.05077784518003831
Finished training EB misspecified, with in-sample MSE: 0.06052189736431313

 Training SURE of the models:
SURE-PM: 0.05077784518003831
NPMLE: 0.546905248677065
SURE-PM, NPMLE init: 0.05077212683454008
experiment: d
Finished training EB misspecified with NPMLE init, with SURE: 0.008859502746574393
Finished training EB misspecified with NPMLE init, with in-sample MSE: 0.003925779827881292
Finished training EB misspecified, with SURE: 0.008860123076487909
Finished training EB misspecified, with in-sample MSE: 0.003931299356763039

 Training SURE of the models:
SURE-PM: 0.008860123076487909
NPMLE: 0.07226524455338897
SURE-PM, NPMLE init: 0.008859502746574393
experiment: e
Finished training EB misspecified with NPMLE init, with SURE: 0.13147722414633836
Finished training EB misspecified with NPMLE init, with in-sample MSE: 0.1818482416394799
Finished training EB misspecified, with SURE: 0.13148369924079834
Finished training EB misspecified, with in-sample MSE: 0.18185888564902541

 Training SURE of the models:
SURE-PM: 0.13148369924079834
NPMLE: 0.3550494832242531
SURE-PM, NPMLE init: 0.13147722414633836
m: 736
n: 100
experiment: c
Finished training EB misspecified with NPMLE init, with SURE: -0.041670923478093584
Finished training EB misspecified with NPMLE init, with in-sample MSE: 0.0651017819510022
Finished training EB misspecified, with SURE: -0.04166852561973876
Finished training EB misspecified, with in-sample MSE: 0.06504430934740914

 Training SURE of the models:
SURE-PM: -0.04166852561973876
NPMLE: 0.5957512050359555
SURE-PM, NPMLE init: -0.041670923478093584
experiment: d
Finished training EB misspecified with NPMLE init, with SURE: -0.01719011624297311
Finished training EB misspecified with NPMLE init, with in-sample MSE: 0.0032426700051349892
Finished training EB misspecified, with SURE: -0.01719259152146064
Finished training EB misspecified, with in-sample MSE: 0.0031475322001024413

 Training SURE of the models:
SURE-PM: -0.01719259152146064
NPMLE: -0.01676554688354706
SURE-PM, NPMLE init: -0.01719011624297311
experiment: e
Finished training EB misspecified with NPMLE init, with SURE: 0.03431623845153791
Finished training EB misspecified with NPMLE init, with in-sample MSE: 0.16422683602910168
Finished training EB misspecified, with SURE: 0.034327530507639314
Finished training EB misspecified, with in-sample MSE: 0.16422239357569712

 Training SURE of the models:
SURE-PM: 0.034327530507639314
NPMLE: 0.3969615084570293
SURE-PM, NPMLE init: 0.03431623845153791
n: 200
experiment: c
Finished training EB misspecified with NPMLE init, with SURE: -0.043764176116607705
Finished training EB misspecified with NPMLE init, with in-sample MSE: 0.056505613080261
Finished training EB misspecified, with SURE: -0.043758844565968714
Finished training EB misspecified, with in-sample MSE: 0.05650761286702363

 Training SURE of the models:
SURE-PM: -0.043758844565968714
NPMLE: 0.3677155397687396
SURE-PM, NPMLE init: -0.043764176116607705
experiment: d
Finished training EB misspecified with NPMLE init, with SURE: 0.002936094740623396
Finished training EB misspecified with NPMLE init, with in-sample MSE: 0.003940944819924498
Finished training EB misspecified, with SURE: 0.0029371853222805735
Finished training EB misspecified, with in-sample MSE: 0.0039394554221164665

 Training SURE of the models:
SURE-PM: 0.0029371853222805735
NPMLE: 0.015645946872873004
SURE-PM, NPMLE init: 0.002936094740623396
experiment: e
Finished training EB misspecified with NPMLE init, with SURE: 0.16363511887440071
Finished training EB misspecified with NPMLE init, with in-sample MSE: 0.18690236219706408
Finished training EB misspecified, with SURE: 0.1629307417394637
Finished training EB misspecified, with in-sample MSE: 0.18547596452114182

 Training SURE of the models:
SURE-PM: 0.1629307417394637
NPMLE: 0.28685398635118164
SURE-PM, NPMLE init: 0.16363511887440071
n: 400
experiment: c
Finished training EB misspecified with NPMLE init, with SURE: 0.09084975037096314
Finished training EB misspecified with NPMLE init, with in-sample MSE: 0.06648253274245719
Finished training EB misspecified, with SURE: 0.09086378752081174
Finished training EB misspecified, with in-sample MSE: 0.06646721872786648

 Training SURE of the models:
SURE-PM: 0.09086378752081174
NPMLE: 0.35626734874608007
SURE-PM, NPMLE init: 0.09084975037096314
experiment: d
Finished training EB misspecified with NPMLE init, with SURE: 0.0011723725848477252
Finished training EB misspecified with NPMLE init, with in-sample MSE: 0.008470736384144247
Finished training EB misspecified, with SURE: 0.0011723624498661779
Finished training EB misspecified, with in-sample MSE: 0.008471010921871079

 Training SURE of the models:
SURE-PM: 0.0011723624498661779
NPMLE: 0.1598370951655651
SURE-PM, NPMLE init: 0.0011723725848477252
experiment: e
Finished training EB misspecified with NPMLE init, with SURE: 0.14582658306858107
Finished training EB misspecified with NPMLE init, with in-sample MSE: 0.177358062237214
Finished training EB misspecified, with SURE: 0.14585913965702957
Finished training EB misspecified, with in-sample MSE: 0.1779480706690417

 Training SURE of the models:
SURE-PM: 0.14585913965702957
NPMLE: 0.3372681383857229
SURE-PM, NPMLE init: 0.14582658306858107
m: 737
n: 100
experiment: c
Finished training EB misspecified with NPMLE init, with SURE: 0.019644621321228826
Finished training EB misspecified with NPMLE init, with in-sample MSE: 0.061820272823018295
Finished training EB misspecified, with SURE: 0.019706686968938243
Finished training EB misspecified, with in-sample MSE: 0.06182859777458837

 Training SURE of the models:
SURE-PM: 0.019706686968938243
NPMLE: 0.46338168788543854
SURE-PM, NPMLE init: 0.019644621321228826
experiment: d
Finished training EB misspecified with NPMLE init, with SURE: -0.0020869691554786483
Finished training EB misspecified with NPMLE init, with in-sample MSE: 0.007407088896949461
Finished training EB misspecified, with SURE: -0.0020845337442810495
Finished training EB misspecified, with in-sample MSE: 0.007412985240607545

 Training SURE of the models:
SURE-PM: -0.0020845337442810495
NPMLE: 0.0029066155329715393
SURE-PM, NPMLE init: -0.0020869691554786483
experiment: e
Finished training EB misspecified with NPMLE init, with SURE: 0.14798917056805086
Finished training EB misspecified with NPMLE init, with in-sample MSE: 0.19367209799779414
Finished training EB misspecified, with SURE: 0.14799302971017742
Finished training EB misspecified, with in-sample MSE: 0.19368120392217394

 Training SURE of the models:
SURE-PM: 0.14799302971017742
NPMLE: 0.32837410675254153
SURE-PM, NPMLE init: 0.14798917056805086
n: 200
experiment: c
Finished training EB misspecified with NPMLE init, with SURE: 0.0858235904196114
Finished training EB misspecified with NPMLE init, with in-sample MSE: 0.0826846938332811
Finished training EB misspecified, with SURE: 0.08581169019856418
Finished training EB misspecified, with in-sample MSE: 0.08270827456696309

 Training SURE of the models:
SURE-PM: 0.08581169019856418
NPMLE: 0.7324627859968115
SURE-PM, NPMLE init: 0.0858235904196114
experiment: d
Finished training EB misspecified with NPMLE init, with SURE: 0.004618566526899386
Finished training EB misspecified with NPMLE init, with in-sample MSE: 0.0059089813458941395
Finished training EB misspecified, with SURE: 0.004619717303917419
Finished training EB misspecified, with in-sample MSE: 0.00591233394257484

 Training SURE of the models:
SURE-PM: 0.004619717303917419
NPMLE: 0.12141379088015457
SURE-PM, NPMLE init: 0.004618566526899386
experiment: e
Finished training EB misspecified with NPMLE init, with SURE: 0.16998168941824784
Finished training EB misspecified with NPMLE init, with in-sample MSE: 0.25001930513496573
Finished training EB misspecified, with SURE: 0.16998491397801513
Finished training EB misspecified, with in-sample MSE: 0.25002040425885247

 Training SURE of the models:
SURE-PM: 0.16998491397801513
NPMLE: 0.34982419153581523
SURE-PM, NPMLE init: 0.16998168941824784
n: 400
experiment: c
Finished training EB misspecified with NPMLE init, with SURE: 0.10275105056681681
Finished training EB misspecified with NPMLE init, with in-sample MSE: 0.06568057130462467
Finished training EB misspecified, with SURE: 0.10278034750780136
Finished training EB misspecified, with in-sample MSE: 0.06564237648917196

 Training SURE of the models:
SURE-PM: 0.10278034750780136
NPMLE: 0.8776555981080341
SURE-PM, NPMLE init: 0.10275105056681681
experiment: d
Finished training EB misspecified with NPMLE init, with SURE: -0.0035420713557387275
Finished training EB misspecified with NPMLE init, with in-sample MSE: 0.005257571896842241
Finished training EB misspecified, with SURE: -0.003538935166798467
Finished training EB misspecified, with in-sample MSE: 0.005255039320921392

 Training SURE of the models:
SURE-PM: -0.003538935166798467
NPMLE: 0.08842205057374898
SURE-PM, NPMLE init: -0.0035420713557387275
experiment: e
Finished training EB misspecified with NPMLE init, with SURE: 0.16278183182003234
Finished training EB misspecified with NPMLE init, with in-sample MSE: 0.18353109953506752
Finished training EB misspecified, with SURE: 0.16278413823876478
Finished training EB misspecified, with in-sample MSE: 0.18353051371248127

 Training SURE of the models:
SURE-PM: 0.16278413823876478
NPMLE: 0.36953160540283564
SURE-PM, NPMLE init: 0.16278183182003234
m: 738
n: 100
experiment: c
Finished training EB misspecified with NPMLE init, with SURE: 0.06533656620227489
Finished training EB misspecified with NPMLE init, with in-sample MSE: 0.07810735657335907
Finished training EB misspecified, with SURE: 0.06531785989442994
Finished training EB misspecified, with in-sample MSE: 0.07829679220234864

 Training SURE of the models:
SURE-PM: 0.06531785989442994
NPMLE: 0.7345657832376016
SURE-PM, NPMLE init: 0.06533656620227489
experiment: d
Finished training EB misspecified with NPMLE init, with SURE: -0.03541246595227488
Finished training EB misspecified with NPMLE init, with in-sample MSE: 0.006246523473186678
Finished training EB misspecified, with SURE: -0.0354105197741921
Finished training EB misspecified, with in-sample MSE: 0.006246364241124731

 Training SURE of the models:
SURE-PM: -0.0354105197741921
NPMLE: 0.08529051939518521
SURE-PM, NPMLE init: -0.03541246595227488
experiment: e
Finished training EB misspecified with NPMLE init, with SURE: 0.05758990767536844
Finished training EB misspecified with NPMLE init, with in-sample MSE: 0.22408253304243034
Finished training EB misspecified, with SURE: 0.05758649770911269
Finished training EB misspecified, with in-sample MSE: 0.22409948090133838

 Training SURE of the models:
SURE-PM: 0.05758649770911269
NPMLE: 0.4605529532293717
SURE-PM, NPMLE init: 0.05758990767536844
n: 200
experiment: c
Finished training EB misspecified with NPMLE init, with SURE: -0.041308831174765644
Finished training EB misspecified with NPMLE init, with in-sample MSE: 0.06942999942517095
Finished training EB misspecified, with SURE: -0.04138773652708921
Finished training EB misspecified, with in-sample MSE: 0.06977689762942126

 Training SURE of the models:
SURE-PM: -0.04138773652708921
NPMLE: 0.950484330957363
SURE-PM, NPMLE init: -0.041308831174765644
experiment: d
Finished training EB misspecified with NPMLE init, with SURE: -0.009400579590579543
Finished training EB misspecified with NPMLE init, with in-sample MSE: 0.016177491714056903
Finished training EB misspecified, with SURE: -0.009400122128032767
Finished training EB misspecified, with in-sample MSE: 0.016174365797335544

 Training SURE of the models:
SURE-PM: -0.009400122128032767
NPMLE: 0.024888397584006974
SURE-PM, NPMLE init: -0.009400579590579543
experiment: e
Finished training EB misspecified with NPMLE init, with SURE: 0.10718859603114474
Finished training EB misspecified with NPMLE init, with in-sample MSE: 0.17720506201718045
Finished training EB misspecified, with SURE: 0.10733831455982738
Finished training EB misspecified, with in-sample MSE: 0.17808946709099222

 Training SURE of the models:
SURE-PM: 0.10733831455982738
NPMLE: 0.5909840383242245
SURE-PM, NPMLE init: 0.10718859603114474
n: 400
experiment: c
Finished training EB misspecified with NPMLE init, with SURE: 0.06337113297519138
Finished training EB misspecified with NPMLE init, with in-sample MSE: 0.05604512249422688
Finished training EB misspecified, with SURE: 0.06338188996821742
Finished training EB misspecified, with in-sample MSE: 0.05604716978262874

 Training SURE of the models:
SURE-PM: 0.06338188996821742
NPMLE: 0.9031612692684193
SURE-PM, NPMLE init: 0.06337113297519138
experiment: d
Finished training EB misspecified with NPMLE init, with SURE: -0.010743563605652859
Finished training EB misspecified with NPMLE init, with in-sample MSE: 0.004292963491098542
Finished training EB misspecified, with SURE: -0.010741109590020842
Finished training EB misspecified, with in-sample MSE: 0.004291709840443917

 Training SURE of the models:
SURE-PM: -0.010741109590020842
NPMLE: 0.109006741113624
SURE-PM, NPMLE init: -0.010743563605652859
experiment: e
Finished training EB misspecified with NPMLE init, with SURE: 0.132807810113965
Finished training EB misspecified with NPMLE init, with in-sample MSE: 0.16459275800378467
Finished training EB misspecified, with SURE: 0.13281463950660644
Finished training EB misspecified, with in-sample MSE: 0.16460381705043037

 Training SURE of the models:
SURE-PM: 0.13281463950660644
NPMLE: 0.3028872618780545
SURE-PM, NPMLE init: 0.132807810113965
m: 739
n: 100
experiment: c
Finished training EB misspecified with NPMLE init, with SURE: 0.09674184411852502
Finished training EB misspecified with NPMLE init, with in-sample MSE: 0.09655742083437069
Finished training EB misspecified, with SURE: 0.09674842092731317
Finished training EB misspecified, with in-sample MSE: 0.0965821011752452

 Training SURE of the models:
SURE-PM: 0.09674842092731317
NPMLE: 0.43566066697485184
SURE-PM, NPMLE init: 0.09674184411852502
experiment: d
Finished training EB misspecified with NPMLE init, with SURE: -0.006322316342238104
Finished training EB misspecified with NPMLE init, with in-sample MSE: 0.01376096839005976
Finished training EB misspecified, with SURE: -0.006320848762392277
Finished training EB misspecified, with in-sample MSE: 0.013518991692471265

 Training SURE of the models:
SURE-PM: -0.006320848762392277
NPMLE: 0.005950919086114687
SURE-PM, NPMLE init: -0.006322316342238104
experiment: e
Finished training EB misspecified with NPMLE init, with SURE: 0.08293094010941669
Finished training EB misspecified with NPMLE init, with in-sample MSE: 0.194053697720203
Finished training EB misspecified, with SURE: 0.08294109078514278
Finished training EB misspecified, with in-sample MSE: 0.19404956321454278

 Training SURE of the models:
SURE-PM: 0.08294109078514278
NPMLE: 0.4800314424949518
SURE-PM, NPMLE init: 0.08293094010941669
n: 200
experiment: c
Finished training EB misspecified with NPMLE init, with SURE: 0.07770085852189454
Finished training EB misspecified with NPMLE init, with in-sample MSE: 0.07927330855948247
Finished training EB misspecified, with SURE: 0.07770080768672585
Finished training EB misspecified, with in-sample MSE: 0.07927411799213153

 Training SURE of the models:
SURE-PM: 0.07770080768672585
NPMLE: 0.43496396337139487
SURE-PM, NPMLE init: 0.07770085852189454
experiment: d
Finished training EB misspecified with NPMLE init, with SURE: -0.012827650308411336
Finished training EB misspecified with NPMLE init, with in-sample MSE: 0.0054594240116342795
Finished training EB misspecified, with SURE: -0.012824004357582552
Finished training EB misspecified, with in-sample MSE: 0.005458473046932546

 Training SURE of the models:
SURE-PM: -0.012824004357582552
NPMLE: 0.1116091201581903
SURE-PM, NPMLE init: -0.012827650308411336
experiment: e
Finished training EB misspecified with NPMLE init, with SURE: 0.11016121997545493
Finished training EB misspecified with NPMLE init, with in-sample MSE: 0.19795956552827956
Finished training EB misspecified, with SURE: 0.11016641370977998
Finished training EB misspecified, with in-sample MSE: 0.19796197055074952

 Training SURE of the models:
SURE-PM: 0.11016641370977998
NPMLE: 0.36524569436184423
SURE-PM, NPMLE init: 0.11016121997545493
n: 400
experiment: c
Finished training EB misspecified with NPMLE init, with SURE: -0.013857326274297676
Finished training EB misspecified with NPMLE init, with in-sample MSE: 0.06357559747625129
Finished training EB misspecified, with SURE: -0.013570815392469484
Finished training EB misspecified, with in-sample MSE: 0.06480631675637134

 Training SURE of the models:
SURE-PM: -0.013570815392469484
NPMLE: 0.4580558142179094
SURE-PM, NPMLE init: -0.013857326274297676
experiment: d
Finished training EB misspecified with NPMLE init, with SURE: 0.012986791191764055
Finished training EB misspecified with NPMLE init, with in-sample MSE: 0.010947199343338305
Finished training EB misspecified, with SURE: 0.012987072500577455
Finished training EB misspecified, with in-sample MSE: 0.010947455179019919

 Training SURE of the models:
SURE-PM: 0.012987072500577455
NPMLE: 0.09312399459225575
SURE-PM, NPMLE init: 0.012986791191764055
experiment: e
Finished training EB misspecified with NPMLE init, with SURE: 0.16313385663426475
Finished training EB misspecified with NPMLE init, with in-sample MSE: 0.1774966578576932
Finished training EB misspecified, with SURE: 0.16613932915474336
Finished training EB misspecified, with in-sample MSE: 0.17585225048758735

 Training SURE of the models:
SURE-PM: 0.16613932915474336
NPMLE: 0.30268548917113336
SURE-PM, NPMLE init: 0.16313385663426475
m: 740
n: 100
experiment: c
Finished training EB misspecified with NPMLE init, with SURE: 0.031660212295530885
Finished training EB misspecified with NPMLE init, with in-sample MSE: 0.0530084549455311
Finished training EB misspecified, with SURE: 0.03166438265716707
Finished training EB misspecified, with in-sample MSE: 0.05300888192313921

 Training SURE of the models:
SURE-PM: 0.03166438265716707
NPMLE: 0.42983463917134984
SURE-PM, NPMLE init: 0.031660212295530885
experiment: d
Finished training EB misspecified with NPMLE init, with SURE: 0.011620162858953637
Finished training EB misspecified with NPMLE init, with in-sample MSE: 0.0032442772400780727
Finished training EB misspecified, with SURE: 0.010057454147300042
Finished training EB misspecified, with in-sample MSE: 0.010568916841235931

 Training SURE of the models:
SURE-PM: 0.010057454147300042
NPMLE: 0.053476210096834204
SURE-PM, NPMLE init: 0.011620162858953637
experiment: e
Finished training EB misspecified with NPMLE init, with SURE: 0.08657287434584532
Finished training EB misspecified with NPMLE init, with in-sample MSE: 0.22006972653457144
Finished training EB misspecified, with SURE: 0.08658088433522444
Finished training EB misspecified, with in-sample MSE: 0.21995490270450335

 Training SURE of the models:
SURE-PM: 0.08658088433522444
NPMLE: 0.3155638788623972
SURE-PM, NPMLE init: 0.08657287434584532
n: 200
experiment: c
Finished training EB misspecified with NPMLE init, with SURE: 0.08385208010673807
Finished training EB misspecified with NPMLE init, with in-sample MSE: 0.11681874678885192
Finished training EB misspecified, with SURE: 0.08383269841465378
Finished training EB misspecified, with in-sample MSE: 0.11685681432179475

 Training SURE of the models:
SURE-PM: 0.08383269841465378
NPMLE: 1.039225213949926
SURE-PM, NPMLE init: 0.08385208010673807
experiment: d
Finished training EB misspecified with NPMLE init, with SURE: 0.00536754478261539
Finished training EB misspecified with NPMLE init, with in-sample MSE: 0.010188819378592768
Finished training EB misspecified, with SURE: 0.005370417593179546
Finished training EB misspecified, with in-sample MSE: 0.010177273473541394

 Training SURE of the models:
SURE-PM: 0.005370417593179546
NPMLE: 0.02786421663493835
SURE-PM, NPMLE init: 0.00536754478261539
experiment: e
Finished training EB misspecified with NPMLE init, with SURE: 0.17952203592629296
Finished training EB misspecified with NPMLE init, with in-sample MSE: 0.2039492399580363
Finished training EB misspecified, with SURE: 0.17702689195443888
Finished training EB misspecified, with in-sample MSE: 0.20709738297397706

 Training SURE of the models:
SURE-PM: 0.17702689195443888
NPMLE: 0.2998776171635192
SURE-PM, NPMLE init: 0.17952203592629296
n: 400
experiment: c
Finished training EB misspecified with NPMLE init, with SURE: 0.059895193888243485
Finished training EB misspecified with NPMLE init, with in-sample MSE: 0.0802917339745321
Finished training EB misspecified, with SURE: 0.059916285035070946
Finished training EB misspecified, with in-sample MSE: 0.08025417278860482

 Training SURE of the models:
SURE-PM: 0.059916285035070946
NPMLE: 0.4580731371191631
SURE-PM, NPMLE init: 0.059895193888243485
experiment: d
Finished training EB misspecified with NPMLE init, with SURE: 0.0018223640605744508
Finished training EB misspecified with NPMLE init, with in-sample MSE: 0.003763185293919772
Finished training EB misspecified, with SURE: 0.0018329861395697123
Finished training EB misspecified, with in-sample MSE: 0.003762288798645742

 Training SURE of the models:
SURE-PM: 0.0018329861395697123
NPMLE: 0.05531788742601128
SURE-PM, NPMLE init: 0.0018223640605744508
experiment: e
Finished training EB misspecified with NPMLE init, with SURE: 0.16059717345805008
Finished training EB misspecified with NPMLE init, with in-sample MSE: 0.1859927910263068
Finished training EB misspecified, with SURE: 0.16061087762258583
Finished training EB misspecified, with in-sample MSE: 0.18599303161591052

 Training SURE of the models:
SURE-PM: 0.16061087762258583
NPMLE: 0.3456231241293095
SURE-PM, NPMLE init: 0.16059717345805008
m: 741
n: 100
experiment: c
Finished training EB misspecified with NPMLE init, with SURE: 0.016651667933569456
Finished training EB misspecified with NPMLE init, with in-sample MSE: 0.08123207298140946
Finished training EB misspecified, with SURE: 0.01666500402907751
Finished training EB misspecified, with in-sample MSE: 0.08145913294346417

 Training SURE of the models:
SURE-PM: 0.01666500402907751
NPMLE: 0.7913552622997904
SURE-PM, NPMLE init: 0.016651667933569456
experiment: d
Finished training EB misspecified with NPMLE init, with SURE: -0.00041739640785319664
Finished training EB misspecified with NPMLE init, with in-sample MSE: 0.0035185246452305646
Finished training EB misspecified, with SURE: -0.00041608333599153725
Finished training EB misspecified, with in-sample MSE: 0.0035165663206995464

 Training SURE of the models:
SURE-PM: -0.00041608333599153725
NPMLE: 0.02114045409156997
SURE-PM, NPMLE init: -0.00041739640785319664
experiment: e
Finished training EB misspecified with NPMLE init, with SURE: 0.10745561079366994
Finished training EB misspecified with NPMLE init, with in-sample MSE: 0.2244618695623309
Finished training EB misspecified, with SURE: 0.10746344033161016
Finished training EB misspecified, with in-sample MSE: 0.22446151637674153

 Training SURE of the models:
SURE-PM: 0.10746344033161016
NPMLE: 0.3292739199961529
SURE-PM, NPMLE init: 0.10745561079366994
n: 200
experiment: c
Finished training EB misspecified with NPMLE init, with SURE: 0.1205872006281183
Finished training EB misspecified with NPMLE init, with in-sample MSE: 0.08069999896370257
Finished training EB misspecified, with SURE: 0.1205868849072462
Finished training EB misspecified, with in-sample MSE: 0.08069933823612038

 Training SURE of the models:
SURE-PM: 0.1205868849072462
NPMLE: 0.924976186315656
SURE-PM, NPMLE init: 0.1205872006281183
experiment: d
Finished training EB misspecified with NPMLE init, with SURE: 0.017941014083179125
Finished training EB misspecified with NPMLE init, with in-sample MSE: 0.007877530137338667
Finished training EB misspecified, with SURE: 0.017935149074980252
Finished training EB misspecified, with in-sample MSE: 0.008049751750957956

 Training SURE of the models:
SURE-PM: 0.017935149074980252
NPMLE: 0.17044729258582791
SURE-PM, NPMLE init: 0.017941014083179125
experiment: e
Finished training EB misspecified with NPMLE init, with SURE: 0.13334227618464362
Finished training EB misspecified with NPMLE init, with in-sample MSE: 0.22863272786895938
Finished training EB misspecified, with SURE: 0.133349514797259
Finished training EB misspecified, with in-sample MSE: 0.2286328677548075

 Training SURE of the models:
SURE-PM: 0.133349514797259
NPMLE: 0.30898867514394124
SURE-PM, NPMLE init: 0.13334227618464362
n: 400
experiment: c
Finished training EB misspecified with NPMLE init, with SURE: 0.07410814322682846
Finished training EB misspecified with NPMLE init, with in-sample MSE: 0.08802014085508598
Finished training EB misspecified, with SURE: 0.07413947287000042
Finished training EB misspecified, with in-sample MSE: 0.08806254936962038

 Training SURE of the models:
SURE-PM: 0.07413947287000042
NPMLE: 0.7387385452028699
SURE-PM, NPMLE init: 0.07410814322682846
experiment: d
Finished training EB misspecified with NPMLE init, with SURE: 0.004524018744361698
Finished training EB misspecified with NPMLE init, with in-sample MSE: 0.02725391844694487
Finished training EB misspecified, with SURE: 0.004570169734080167
Finished training EB misspecified, with in-sample MSE: 0.027334425847418298

 Training SURE of the models:
SURE-PM: 0.004570169734080167
NPMLE: 0.18661071192214712
SURE-PM, NPMLE init: 0.004524018744361698
experiment: e
Finished training EB misspecified with NPMLE init, with SURE: 0.13921969046659918
Finished training EB misspecified with NPMLE init, with in-sample MSE: 0.2103654544077645
Finished training EB misspecified, with SURE: 0.1392323423585379
Finished training EB misspecified, with in-sample MSE: 0.21040687978096007

 Training SURE of the models:
SURE-PM: 0.1392323423585379
NPMLE: 0.3340767353649939
SURE-PM, NPMLE init: 0.13921969046659918
m: 742
n: 100
experiment: c
Finished training EB misspecified with NPMLE init, with SURE: -0.007407345888472108
Finished training EB misspecified with NPMLE init, with in-sample MSE: 0.09561143162238811
Finished training EB misspecified, with SURE: -0.007377264486000428
Finished training EB misspecified, with in-sample MSE: 0.09671817917158217

 Training SURE of the models:
SURE-PM: -0.007377264486000428
NPMLE: 0.7954777859992374
SURE-PM, NPMLE init: -0.007407345888472108
experiment: d
Finished training EB misspecified with NPMLE init, with SURE: -0.005640375481736015
Finished training EB misspecified with NPMLE init, with in-sample MSE: 0.004939440808071684
Finished training EB misspecified, with SURE: -0.005632224722058581
Finished training EB misspecified, with in-sample MSE: 0.004940323081974689

 Training SURE of the models:
SURE-PM: -0.005632224722058581
NPMLE: 0.04380106260588437
SURE-PM, NPMLE init: -0.005640375481736015
experiment: e
Finished training EB misspecified with NPMLE init, with SURE: 0.1146899579064107
Finished training EB misspecified with NPMLE init, with in-sample MSE: 0.2092940602386218
Finished training EB misspecified, with SURE: 0.11471034358832735
Finished training EB misspecified, with in-sample MSE: 0.2092656299805562

 Training SURE of the models:
SURE-PM: 0.11471034358832735
NPMLE: 0.33479241533679205
SURE-PM, NPMLE init: 0.1146899579064107
n: 200
experiment: c
Finished training EB misspecified with NPMLE init, with SURE: -0.0030828083101641823
Finished training EB misspecified with NPMLE init, with in-sample MSE: 0.13216658937982934
Finished training EB misspecified, with SURE: -0.0030805242686652435
Finished training EB misspecified, with in-sample MSE: 0.13219355793251736

 Training SURE of the models:
SURE-PM: -0.0030805242686652435
NPMLE: 1.030374078936068
SURE-PM, NPMLE init: -0.0030828083101641823
experiment: d
Finished training EB misspecified with NPMLE init, with SURE: -0.013965846735593885
Finished training EB misspecified with NPMLE init, with in-sample MSE: 0.003375377328625857
Finished training EB misspecified, with SURE: -0.01396055278282077
Finished training EB misspecified, with in-sample MSE: 0.003380355991330563

 Training SURE of the models:
SURE-PM: -0.01396055278282077
NPMLE: -0.0047060777928327364
SURE-PM, NPMLE init: -0.013965846735593885
experiment: e
Finished training EB misspecified with NPMLE init, with SURE: 0.15377101072793956
Finished training EB misspecified with NPMLE init, with in-sample MSE: 0.1560605283533674
Finished training EB misspecified, with SURE: 0.15377910583413432
Finished training EB misspecified, with in-sample MSE: 0.1560668841703978

 Training SURE of the models:
SURE-PM: 0.15377910583413432
NPMLE: 0.2694790774819753
SURE-PM, NPMLE init: 0.15377101072793956
n: 400
experiment: c
Finished training EB misspecified with NPMLE init, with SURE: 0.024571282655765216
Finished training EB misspecified with NPMLE init, with in-sample MSE: 0.05992966520775696
Finished training EB misspecified, with SURE: 0.024596395520485287
Finished training EB misspecified, with in-sample MSE: 0.05993395233817534

 Training SURE of the models:
SURE-PM: 0.024596395520485287
NPMLE: 0.6469901010933816
SURE-PM, NPMLE init: 0.024571282655765216
experiment: d
Finished training EB misspecified with NPMLE init, with SURE: 0.008717592780610186
Finished training EB misspecified with NPMLE init, with in-sample MSE: 0.008142763576440448
Finished training EB misspecified, with SURE: 0.008721587757707337
Finished training EB misspecified, with in-sample MSE: 0.008136265784050826

 Training SURE of the models:
SURE-PM: 0.008721587757707337
NPMLE: 0.015375445066790849
SURE-PM, NPMLE init: 0.008717592780610186
experiment: e
Finished training EB misspecified with NPMLE init, with SURE: 0.1472605462743325
Finished training EB misspecified with NPMLE init, with in-sample MSE: 0.18196986862009962
Finished training EB misspecified, with SURE: 0.14722516651732867
Finished training EB misspecified, with in-sample MSE: 0.18146699563832894

 Training SURE of the models:
SURE-PM: 0.14722516651732867
NPMLE: 0.3268242574540242
SURE-PM, NPMLE init: 0.1472605462743325
m: 743
n: 100
experiment: c
Finished training EB misspecified with NPMLE init, with SURE: -0.0901000620733766
Finished training EB misspecified with NPMLE init, with in-sample MSE: 0.0806882250028364
Finished training EB misspecified, with SURE: -0.09019792580611224
Finished training EB misspecified, with in-sample MSE: 0.07741720069906098

 Training SURE of the models:
SURE-PM: -0.09019792580611224
NPMLE: 0.30253607728678894
SURE-PM, NPMLE init: -0.0901000620733766
experiment: d
Finished training EB misspecified with NPMLE init, with SURE: 0.005386746637141826
Finished training EB misspecified with NPMLE init, with in-sample MSE: 0.023296966680114554
Finished training EB misspecified, with SURE: 0.005387028801134068
Finished training EB misspecified, with in-sample MSE: 0.023296530747133296

 Training SURE of the models:
SURE-PM: 0.005387028801134068
NPMLE: 0.024082812516310188
SURE-PM, NPMLE init: 0.005386746637141826
experiment: e
Finished training EB misspecified with NPMLE init, with SURE: 0.10632371358285368
Finished training EB misspecified with NPMLE init, with in-sample MSE: 0.18969091373111852
Finished training EB misspecified, with SURE: 0.10631342773402203
Finished training EB misspecified, with in-sample MSE: 0.18967664809988857

 Training SURE of the models:
SURE-PM: 0.10631342773402203
NPMLE: 0.3165928656388281
SURE-PM, NPMLE init: 0.10632371358285368
n: 200
experiment: c
Finished training EB misspecified with NPMLE init, with SURE: 0.0618360628026084
Finished training EB misspecified with NPMLE init, with in-sample MSE: 0.06597836146316052
Finished training EB misspecified, with SURE: 0.06186470840043413
Finished training EB misspecified, with in-sample MSE: 0.06601176303436375

 Training SURE of the models:
SURE-PM: 0.06186470840043413
NPMLE: 0.923444420824256
SURE-PM, NPMLE init: 0.0618360628026084
experiment: d
Finished training EB misspecified with NPMLE init, with SURE: 0.0010673578911827165
Finished training EB misspecified with NPMLE init, with in-sample MSE: 0.004250497438854421
Finished training EB misspecified, with SURE: 0.0010675097363125553
Finished training EB misspecified, with in-sample MSE: 0.004250520868669841

 Training SURE of the models:
SURE-PM: 0.0010675097363125553
NPMLE: 0.07583065332992266
SURE-PM, NPMLE init: 0.0010673578911827165
experiment: e
Finished training EB misspecified with NPMLE init, with SURE: 0.174751681015572
Finished training EB misspecified with NPMLE init, with in-sample MSE: 0.14039662273804482
Finished training EB misspecified, with SURE: 0.1747573187484366
Finished training EB misspecified, with in-sample MSE: 0.14037743982380826

 Training SURE of the models:
SURE-PM: 0.1747573187484366
NPMLE: 0.3203816089812311
SURE-PM, NPMLE init: 0.174751681015572
n: 400
experiment: c
Finished training EB misspecified with NPMLE init, with SURE: 0.021799120606650037
Finished training EB misspecified with NPMLE init, with in-sample MSE: 0.05325198648953668
Finished training EB misspecified, with SURE: 0.02180932782462392
Finished training EB misspecified, with in-sample MSE: 0.05325257358384447

 Training SURE of the models:
SURE-PM: 0.02180932782462392
NPMLE: 0.739872948155872
SURE-PM, NPMLE init: 0.021799120606650037
experiment: d
Finished training EB misspecified with NPMLE init, with SURE: 0.0010649413666066643
Finished training EB misspecified with NPMLE init, with in-sample MSE: 0.00534049358783501
Finished training EB misspecified, with SURE: 0.0010652190348714185
Finished training EB misspecified, with in-sample MSE: 0.005341081926578195

 Training SURE of the models:
SURE-PM: 0.0010652190348714185
NPMLE: 0.03053267590539331
SURE-PM, NPMLE init: 0.0010649413666066643
experiment: e
Finished training EB misspecified with NPMLE init, with SURE: 0.18224610250035853
Finished training EB misspecified with NPMLE init, with in-sample MSE: 0.17733114755640345
Finished training EB misspecified, with SURE: 0.18225083851230914
Finished training EB misspecified, with in-sample MSE: 0.17732801430792416

 Training SURE of the models:
SURE-PM: 0.18225083851230914
NPMLE: 0.3390133865547893
SURE-PM, NPMLE init: 0.18224610250035853
m: 744
n: 100
experiment: c
Finished training EB misspecified with NPMLE init, with SURE: 0.10270921559661603
Finished training EB misspecified with NPMLE init, with in-sample MSE: 0.12132119255428206
Finished training EB misspecified, with SURE: 0.10270290806479167
Finished training EB misspecified, with in-sample MSE: 0.12122423404822306

 Training SURE of the models:
SURE-PM: 0.10270290806479167
NPMLE: 0.48355074839660306
SURE-PM, NPMLE init: 0.10270921559661603
experiment: d
Finished training EB misspecified with NPMLE init, with SURE: 0.00861611056559873
Finished training EB misspecified with NPMLE init, with in-sample MSE: 0.019694611349143135
Finished training EB misspecified, with SURE: 0.008616762427247763
Finished training EB misspecified, with in-sample MSE: 0.019693662083897896

 Training SURE of the models:
SURE-PM: 0.008616762427247763
NPMLE: 0.04619630691990746
SURE-PM, NPMLE init: 0.00861611056559873
experiment: e
Finished training EB misspecified with NPMLE init, with SURE: 0.16218360052942327
Finished training EB misspecified with NPMLE init, with in-sample MSE: 0.2553390650626756
Finished training EB misspecified, with SURE: 0.16218321726743565
Finished training EB misspecified, with in-sample MSE: 0.25494503918968914

 Training SURE of the models:
SURE-PM: 0.16218321726743565
NPMLE: 0.33177208140892545
SURE-PM, NPMLE init: 0.16218360052942327
n: 200
experiment: c
Finished training EB misspecified with NPMLE init, with SURE: 0.10450267231836663
Finished training EB misspecified with NPMLE init, with in-sample MSE: 0.05560732922387421
Finished training EB misspecified, with SURE: 0.10450855761291891
Finished training EB misspecified, with in-sample MSE: 0.05560407177909161

 Training SURE of the models:
SURE-PM: 0.10450855761291891
NPMLE: 0.6887736385987827
SURE-PM, NPMLE init: 0.10450267231836663
experiment: d
Finished training EB misspecified with NPMLE init, with SURE: -0.012940411917374828
Finished training EB misspecified with NPMLE init, with in-sample MSE: 0.006490137972257532
Finished training EB misspecified, with SURE: -0.012938388791916822
Finished training EB misspecified, with in-sample MSE: 0.006489544461884014

 Training SURE of the models:
SURE-PM: -0.012938388791916822
NPMLE: 0.04000796739976206
SURE-PM, NPMLE init: -0.012940411917374828
experiment: e
Finished training EB misspecified with NPMLE init, with SURE: 0.13516260373783226
Finished training EB misspecified with NPMLE init, with in-sample MSE: 0.1944292939330679
Finished training EB misspecified, with SURE: 0.1351695792191174
Finished training EB misspecified, with in-sample MSE: 0.19443356810490425

 Training SURE of the models:
SURE-PM: 0.1351695792191174
NPMLE: 0.3083363160379168
SURE-PM, NPMLE init: 0.13516260373783226
n: 400
experiment: c
Finished training EB misspecified with NPMLE init, with SURE: 0.052363639488688066
Finished training EB misspecified with NPMLE init, with in-sample MSE: 0.056278537945062636
Finished training EB misspecified, with SURE: 0.052420189416545075
Finished training EB misspecified, with in-sample MSE: 0.05624803748014065

 Training SURE of the models:
SURE-PM: 0.052420189416545075
NPMLE: 0.4439900688305139
SURE-PM, NPMLE init: 0.052363639488688066
experiment: d
Finished training EB misspecified with NPMLE init, with SURE: -0.00605930097996545
Finished training EB misspecified with NPMLE init, with in-sample MSE: 0.0107264761213854
Finished training EB misspecified, with SURE: -0.006058345780738783
Finished training EB misspecified, with in-sample MSE: 0.010717180032298641

 Training SURE of the models:
SURE-PM: -0.006058345780738783
NPMLE: 0.00018741479121619164
SURE-PM, NPMLE init: -0.00605930097996545
experiment: e
Finished training EB misspecified with NPMLE init, with SURE: 0.15570885975656018
Finished training EB misspecified with NPMLE init, with in-sample MSE: 0.17149651574047123
Finished training EB misspecified, with SURE: 0.1557128103326226
Finished training EB misspecified, with in-sample MSE: 0.1715016763986816

 Training SURE of the models:
SURE-PM: 0.1557128103326226
NPMLE: 0.3027166455468995
SURE-PM, NPMLE init: 0.15570885975656018
m: 745
n: 100
experiment: c
Finished training EB misspecified with NPMLE init, with SURE: 0.005166732364544444
Finished training EB misspecified with NPMLE init, with in-sample MSE: 0.16629656631779624
Finished training EB misspecified, with SURE: 0.005167240341342278
Finished training EB misspecified, with in-sample MSE: 0.16629305148759552

 Training SURE of the models:
SURE-PM: 0.005167240341342278
NPMLE: 0.40844863546380666
SURE-PM, NPMLE init: 0.005166732364544444
experiment: d
Finished training EB misspecified with NPMLE init, with SURE: -0.0026338923096984423
Finished training EB misspecified with NPMLE init, with in-sample MSE: 0.009476543318484023
Finished training EB misspecified, with SURE: -0.0026343731397120073
Finished training EB misspecified, with in-sample MSE: 0.009478765836208151

 Training SURE of the models:
SURE-PM: -0.0026343731397120073
NPMLE: 0.020229680008624965
SURE-PM, NPMLE init: -0.0026338923096984423
experiment: e
Finished training EB misspecified with NPMLE init, with SURE: 0.18349890382995745
Finished training EB misspecified with NPMLE init, with in-sample MSE: 0.2418771215743416
Finished training EB misspecified, with SURE: 0.18353227757453794
Finished training EB misspecified, with in-sample MSE: 0.2436171552672236

 Training SURE of the models:
SURE-PM: 0.18353227757453794
NPMLE: 0.3564594311985994
SURE-PM, NPMLE init: 0.18349890382995745
n: 200
experiment: c
Finished training EB misspecified with NPMLE init, with SURE: 0.04384474862365522
Finished training EB misspecified with NPMLE init, with in-sample MSE: 0.048891277074224186
Finished training EB misspecified, with SURE: 0.043860431491282624
Finished training EB misspecified, with in-sample MSE: 0.0488887942575897

 Training SURE of the models:
SURE-PM: 0.043860431491282624
NPMLE: 0.7942552459499219
SURE-PM, NPMLE init: 0.04384474862365522
experiment: d
Finished training EB misspecified with NPMLE init, with SURE: -0.0011651137977363923
Finished training EB misspecified with NPMLE init, with in-sample MSE: 0.004837885802527249
Finished training EB misspecified, with SURE: -0.0011609667581267936
Finished training EB misspecified, with in-sample MSE: 0.004836010440450969

 Training SURE of the models:
SURE-PM: -0.0011609667581267936
NPMLE: 0.061075395985663014
SURE-PM, NPMLE init: -0.0011651137977363923
experiment: e
Finished training EB misspecified with NPMLE init, with SURE: 0.12613837823607343
Finished training EB misspecified with NPMLE init, with in-sample MSE: 0.15087450479891718
Finished training EB misspecified, with SURE: 0.12637058529281195
Finished training EB misspecified, with in-sample MSE: 0.15024061892938081

 Training SURE of the models:
SURE-PM: 0.12637058529281195
NPMLE: 0.36618346453847495
SURE-PM, NPMLE init: 0.12613837823607343
n: 400
experiment: c
Finished training EB misspecified with NPMLE init, with SURE: -0.054459717316349056
Finished training EB misspecified with NPMLE init, with in-sample MSE: 0.06599666260452795
Finished training EB misspecified, with SURE: -0.05445413632033144
Finished training EB misspecified, with in-sample MSE: 0.0659871976845854

 Training SURE of the models:
SURE-PM: -0.05445413632033144
NPMLE: 0.3989875469795605
SURE-PM, NPMLE init: -0.054459717316349056
experiment: d
Finished training EB misspecified with NPMLE init, with SURE: -0.01053930464937519
Finished training EB misspecified with NPMLE init, with in-sample MSE: 0.004721259969050744
Finished training EB misspecified, with SURE: -0.010530497014089946
Finished training EB misspecified, with in-sample MSE: 0.0047098572356626

 Training SURE of the models:
SURE-PM: -0.010530497014089946
NPMLE: 0.006725979174013332
SURE-PM, NPMLE init: -0.01053930464937519
experiment: e
Finished training EB misspecified with NPMLE init, with SURE: 0.15619969728206656
Finished training EB misspecified with NPMLE init, with in-sample MSE: 0.17224881883491355
Finished training EB misspecified, with SURE: 0.15621043875428825
Finished training EB misspecified, with in-sample MSE: 0.17222703198225398

 Training SURE of the models:
SURE-PM: 0.15621043875428825
NPMLE: 0.5143376205671577
SURE-PM, NPMLE init: 0.15619969728206656
m: 746
n: 100
experiment: c
Finished training EB misspecified with NPMLE init, with SURE: 0.13645340680003584
Finished training EB misspecified with NPMLE init, with in-sample MSE: 0.17535437604928192
Finished training EB misspecified, with SURE: 0.13658033689317975
Finished training EB misspecified, with in-sample MSE: 0.18028599114159538

 Training SURE of the models:
SURE-PM: 0.13658033689317975
NPMLE: 0.8656008042654704
SURE-PM, NPMLE init: 0.13645340680003584
experiment: d
Finished training EB misspecified with NPMLE init, with SURE: 0.023052686968711225
Finished training EB misspecified with NPMLE init, with in-sample MSE: 0.013272323143190134
Finished training EB misspecified, with SURE: 0.023052418818511562
Finished training EB misspecified, with in-sample MSE: 0.013273189791109634

 Training SURE of the models:
SURE-PM: 0.023052418818511562
NPMLE: 0.061963354432249707
SURE-PM, NPMLE init: 0.023052686968711225
experiment: e
Finished training EB misspecified with NPMLE init, with SURE: 0.10347525950433972
Finished training EB misspecified with NPMLE init, with in-sample MSE: 0.2879887446094491
Finished training EB misspecified, with SURE: 0.10348140926737745
Finished training EB misspecified, with in-sample MSE: 0.287983498919055

 Training SURE of the models:
SURE-PM: 0.10348140926737745
NPMLE: 0.4582487100171675
SURE-PM, NPMLE init: 0.10347525950433972
n: 200
experiment: c
Finished training EB misspecified with NPMLE init, with SURE: 0.062032683043704684
Finished training EB misspecified with NPMLE init, with in-sample MSE: 0.06271673208089736
Finished training EB misspecified, with SURE: 0.06203779226980245
Finished training EB misspecified, with in-sample MSE: 0.06271160418289103

 Training SURE of the models:
SURE-PM: 0.06203779226980245
NPMLE: 0.542960728576071
SURE-PM, NPMLE init: 0.062032683043704684
experiment: d
Finished training EB misspecified with NPMLE init, with SURE: 0.0028746659533168107
Finished training EB misspecified with NPMLE init, with in-sample MSE: 0.00506207260701543
Finished training EB misspecified, with SURE: 0.002876993147623477
Finished training EB misspecified, with in-sample MSE: 0.005065793819181009

 Training SURE of the models:
SURE-PM: 0.002876993147623477
NPMLE: 0.04002518721247721
SURE-PM, NPMLE init: 0.0028746659533168107
experiment: e
Finished training EB misspecified with NPMLE init, with SURE: 0.12267339043605485
Finished training EB misspecified with NPMLE init, with in-sample MSE: 0.1700192255769059
Finished training EB misspecified, with SURE: 0.12267547014431447
Finished training EB misspecified, with in-sample MSE: 0.17002820079373532

 Training SURE of the models:
SURE-PM: 0.12267547014431447
NPMLE: 0.3245113837464379
SURE-PM, NPMLE init: 0.12267339043605485
n: 400
experiment: c
Finished training EB misspecified with NPMLE init, with SURE: 0.08410313092040958
Finished training EB misspecified with NPMLE init, with in-sample MSE: 0.051289955920611245
Finished training EB misspecified, with SURE: 0.08411447186932101
Finished training EB misspecified, with in-sample MSE: 0.05128833185262614

 Training SURE of the models:
SURE-PM: 0.08411447186932101
NPMLE: 0.4351315389437856
SURE-PM, NPMLE init: 0.08410313092040958
experiment: d
Finished training EB misspecified with NPMLE init, with SURE: 0.0013894394985243608
Finished training EB misspecified with NPMLE init, with in-sample MSE: 0.0059586824110146284
Finished training EB misspecified, with SURE: 0.001389784259621969
Finished training EB misspecified, with in-sample MSE: 0.005958138293338315

 Training SURE of the models:
SURE-PM: 0.001389784259621969
NPMLE: 0.06760903794987548
SURE-PM, NPMLE init: 0.0013894394985243608
experiment: e
Finished training EB misspecified with NPMLE init, with SURE: 0.15664639818742684
Finished training EB misspecified with NPMLE init, with in-sample MSE: 0.17735735064333513
Finished training EB misspecified, with SURE: 0.15665612579798746
Finished training EB misspecified, with in-sample MSE: 0.17733237998464463

 Training SURE of the models:
SURE-PM: 0.15665612579798746
NPMLE: 0.2997704419250512
SURE-PM, NPMLE init: 0.15664639818742684
m: 747
n: 100
experiment: c
Finished training EB misspecified with NPMLE init, with SURE: 0.019008752036219576
Finished training EB misspecified with NPMLE init, with in-sample MSE: 0.062376699138921916
Finished training EB misspecified, with SURE: 0.01901324171003324
Finished training EB misspecified, with in-sample MSE: 0.06236370480247259

 Training SURE of the models:
SURE-PM: 0.01901324171003324
NPMLE: 0.6602065854375807
SURE-PM, NPMLE init: 0.019008752036219576
experiment: d
Finished training EB misspecified with NPMLE init, with SURE: 0.0010302231169199594
Finished training EB misspecified with NPMLE init, with in-sample MSE: 0.006852167895358199
Finished training EB misspecified, with SURE: 0.0010313847877325877
Finished training EB misspecified, with in-sample MSE: 0.006850858635855056

 Training SURE of the models:
SURE-PM: 0.0010313847877325877
NPMLE: 0.009591804004800829
SURE-PM, NPMLE init: 0.0010302231169199594
experiment: e
Finished training EB misspecified with NPMLE init, with SURE: 0.1392518266436658
Finished training EB misspecified with NPMLE init, with in-sample MSE: 0.2212877773030412
Finished training EB misspecified, with SURE: 0.12476447344523323
Finished training EB misspecified, with in-sample MSE: 0.21875397422842424

 Training SURE of the models:
SURE-PM: 0.12476447344523323
NPMLE: 0.3283416609165336
SURE-PM, NPMLE init: 0.1392518266436658
n: 200
experiment: c
Finished training EB misspecified with NPMLE init, with SURE: -0.028169586011254355
Finished training EB misspecified with NPMLE init, with in-sample MSE: 0.06403280048107737
Finished training EB misspecified, with SURE: -0.028138854481543876
Finished training EB misspecified, with in-sample MSE: 0.06465104705605143

 Training SURE of the models:
SURE-PM: -0.028138854481543876
NPMLE: 0.4904234944695528
SURE-PM, NPMLE init: -0.028169586011254355
experiment: d
Finished training EB misspecified with NPMLE init, with SURE: -0.00630178720087935
Finished training EB misspecified with NPMLE init, with in-sample MSE: 0.010045761324188406
Finished training EB misspecified, with SURE: -0.006301681341793941
Finished training EB misspecified, with in-sample MSE: 0.010050920557301439

 Training SURE of the models:
SURE-PM: -0.006301681341793941
NPMLE: 0.06920550133163875
SURE-PM, NPMLE init: -0.00630178720087935
experiment: e
Finished training EB misspecified with NPMLE init, with SURE: 0.152914489302572
Finished training EB misspecified with NPMLE init, with in-sample MSE: 0.1648515652048122
Finished training EB misspecified, with SURE: 0.1529117147940649
Finished training EB misspecified, with in-sample MSE: 0.16485901649840756

 Training SURE of the models:
SURE-PM: 0.1529117147940649
NPMLE: 0.44887582969669965
SURE-PM, NPMLE init: 0.152914489302572
n: 400
experiment: c
Finished training EB misspecified with NPMLE init, with SURE: 0.018321026629931438
Finished training EB misspecified with NPMLE init, with in-sample MSE: 0.05175539407049563
Finished training EB misspecified, with SURE: 0.018340638505210834
Finished training EB misspecified, with in-sample MSE: 0.051754026068036786

 Training SURE of the models:
SURE-PM: 0.018340638505210834
NPMLE: 0.9006649077699193
SURE-PM, NPMLE init: 0.018321026629931438
experiment: d
Finished training EB misspecified with NPMLE init, with SURE: 0.0048774410915966016
Finished training EB misspecified with NPMLE init, with in-sample MSE: 0.019514661136958107
Finished training EB misspecified, with SURE: 0.004883362965743264
Finished training EB misspecified, with in-sample MSE: 0.019510376085615542

 Training SURE of the models:
SURE-PM: 0.004883362965743264
NPMLE: 0.1013610422280778
SURE-PM, NPMLE init: 0.0048774410915966016
experiment: e
Finished training EB misspecified with NPMLE init, with SURE: 0.15765015330773366
Finished training EB misspecified with NPMLE init, with in-sample MSE: 0.17704866706351727
Finished training EB misspecified, with SURE: 0.15765285035172752
Finished training EB misspecified, with in-sample MSE: 0.17704703906915462

 Training SURE of the models:
SURE-PM: 0.15765285035172752
NPMLE: 0.3199312155825233
SURE-PM, NPMLE init: 0.15765015330773366
m: 748
n: 100
experiment: c
Finished training EB misspecified with NPMLE init, with SURE: 0.08176147552305395
Finished training EB misspecified with NPMLE init, with in-sample MSE: 0.09290109591997238
Finished training EB misspecified, with SURE: 0.08176027982179662
Finished training EB misspecified, with in-sample MSE: 0.092902248575447

 Training SURE of the models:
SURE-PM: 0.08176027982179662
NPMLE: 0.7652512584180036
SURE-PM, NPMLE init: 0.08176147552305395
experiment: d
Finished training EB misspecified with NPMLE init, with SURE: -0.003832026017406687
Finished training EB misspecified with NPMLE init, with in-sample MSE: 0.00970681781042406
Finished training EB misspecified, with SURE: -0.003831817894122196
Finished training EB misspecified, with in-sample MSE: 0.009700468277565965

 Training SURE of the models:
SURE-PM: -0.003831817894122196
NPMLE: 0.0011055641669453565
SURE-PM, NPMLE init: -0.003832026017406687
experiment: e
Finished training EB misspecified with NPMLE init, with SURE: 0.15383454959693724
Finished training EB misspecified with NPMLE init, with in-sample MSE: 0.1671482158055896
Finished training EB misspecified, with SURE: 0.15381450419962492
Finished training EB misspecified, with in-sample MSE: 0.16716364254123064

 Training SURE of the models:
SURE-PM: 0.15381450419962492
NPMLE: 0.30030263122924206
SURE-PM, NPMLE init: 0.15383454959693724
n: 200
experiment: c
Finished training EB misspecified with NPMLE init, with SURE: 0.058369900297778374
Finished training EB misspecified with NPMLE init, with in-sample MSE: 0.12131090911310846
Finished training EB misspecified, with SURE: 0.08753222140316566
Finished training EB misspecified, with in-sample MSE: 0.06486564012272816

 Training SURE of the models:
SURE-PM: 0.08753222140316566
NPMLE: 0.7256539433241924
SURE-PM, NPMLE init: 0.058369900297778374
experiment: d
Finished training EB misspecified with NPMLE init, with SURE: 0.0016559480895850243
Finished training EB misspecified with NPMLE init, with in-sample MSE: 0.00839570392633524
Finished training EB misspecified, with SURE: 0.0016562543457201429
Finished training EB misspecified, with in-sample MSE: 0.008394692024895602

 Training SURE of the models:
SURE-PM: 0.0016562543457201429
NPMLE: 0.022250485527811427
SURE-PM, NPMLE init: 0.0016559480895850243
experiment: e
Finished training EB misspecified with NPMLE init, with SURE: 0.14662656097091528
Finished training EB misspecified with NPMLE init, with in-sample MSE: 0.21439871733452306
Finished training EB misspecified, with SURE: 0.14663301503768317
Finished training EB misspecified, with in-sample MSE: 0.21439086178353478

 Training SURE of the models:
SURE-PM: 0.14663301503768317
NPMLE: 0.32345883623256866
SURE-PM, NPMLE init: 0.14662656097091528
n: 400
experiment: c
Finished training EB misspecified with NPMLE init, with SURE: 0.005105565788598625
Finished training EB misspecified with NPMLE init, with in-sample MSE: 0.0666966099689961
Finished training EB misspecified, with SURE: 0.008562951463314192
Finished training EB misspecified, with in-sample MSE: 0.053975451033912616

 Training SURE of the models:
SURE-PM: 0.008562951463314192
NPMLE: 0.8301355968338546
SURE-PM, NPMLE init: 0.005105565788598625
experiment: d
Finished training EB misspecified with NPMLE init, with SURE: 0.0006614955285624547
Finished training EB misspecified with NPMLE init, with in-sample MSE: 0.014278805069675542
Finished training EB misspecified, with SURE: 0.0006648979094226703
Finished training EB misspecified, with in-sample MSE: 0.014291564434243374

 Training SURE of the models:
SURE-PM: 0.0006648979094226703
NPMLE: 0.14646939154409672
SURE-PM, NPMLE init: 0.0006614955285624547
experiment: e
Finished training EB misspecified with NPMLE init, with SURE: 0.16136797180325094
Finished training EB misspecified with NPMLE init, with in-sample MSE: 0.16724756234389346
Finished training EB misspecified, with SURE: 0.1613698625810132
Finished training EB misspecified, with in-sample MSE: 0.16726063671050032

 Training SURE of the models:
SURE-PM: 0.1613698625810132
NPMLE: 0.3150161467923054
SURE-PM, NPMLE init: 0.16136797180325094
m: 749
n: 100
experiment: c
Finished training EB misspecified with NPMLE init, with SURE: -0.03156682290781625
Finished training EB misspecified with NPMLE init, with in-sample MSE: 0.059143777623304604
Finished training EB misspecified, with SURE: -0.03153251991067009
Finished training EB misspecified, with in-sample MSE: 0.05919206183918526

 Training SURE of the models:
SURE-PM: -0.03153251991067009
NPMLE: 0.19242658945104282
SURE-PM, NPMLE init: -0.03156682290781625
experiment: d
Finished training EB misspecified with NPMLE init, with SURE: -0.03303470558120676
Finished training EB misspecified with NPMLE init, with in-sample MSE: 0.004463946265322158
Finished training EB misspecified, with SURE: -0.032957645555450416
Finished training EB misspecified, with in-sample MSE: 0.004571344920915421

 Training SURE of the models:
SURE-PM: -0.032957645555450416
NPMLE: 0.017934490264272077
SURE-PM, NPMLE init: -0.03303470558120676
experiment: e
Finished training EB misspecified with NPMLE init, with SURE: 0.13630223470439126
Finished training EB misspecified with NPMLE init, with in-sample MSE: 0.1560894493783708
Finished training EB misspecified, with SURE: 0.13630920659197465
Finished training EB misspecified, with in-sample MSE: 0.1560751572043946

 Training SURE of the models:
SURE-PM: 0.13630920659197465
NPMLE: 0.30768287719023674
SURE-PM, NPMLE init: 0.13630223470439126
n: 200
experiment: c
Finished training EB misspecified with NPMLE init, with SURE: -0.06160674268875269
Finished training EB misspecified with NPMLE init, with in-sample MSE: 0.06580557243843323
Finished training EB misspecified, with SURE: -0.061492351479673316
Finished training EB misspecified, with in-sample MSE: 0.06565357938752213

 Training SURE of the models:
SURE-PM: -0.061492351479673316
NPMLE: 0.3424938950611113
SURE-PM, NPMLE init: -0.06160674268875269
experiment: d
Finished training EB misspecified with NPMLE init, with SURE: -0.02288972843650031
Finished training EB misspecified with NPMLE init, with in-sample MSE: 0.004357968594637797
Finished training EB misspecified, with SURE: -0.022888132249995988
Finished training EB misspecified, with in-sample MSE: 0.004357003977397071

 Training SURE of the models:
SURE-PM: -0.022888132249995988
NPMLE: -0.01572466160387604
SURE-PM, NPMLE init: -0.02288972843650031
experiment: e
Finished training EB misspecified with NPMLE init, with SURE: 0.12814664365117234
Finished training EB misspecified with NPMLE init, with in-sample MSE: 0.2287008317716497
Finished training EB misspecified, with SURE: 0.12815678378212905
Finished training EB misspecified, with in-sample MSE: 0.2286884123207836

 Training SURE of the models:
SURE-PM: 0.12815678378212905
NPMLE: 0.3179069697510779
SURE-PM, NPMLE init: 0.12814664365117234
n: 400
experiment: c
Finished training EB misspecified with NPMLE init, with SURE: 0.022155361336652392
Finished training EB misspecified with NPMLE init, with in-sample MSE: 0.075195892950367
Finished training EB misspecified, with SURE: 0.025695920394600266
Finished training EB misspecified, with in-sample MSE: 0.062298965973496996

 Training SURE of the models:
SURE-PM: 0.025695920394600266
NPMLE: 0.7241736641401536
SURE-PM, NPMLE init: 0.022155361336652392
experiment: d
Finished training EB misspecified with NPMLE init, with SURE: 0.008297858993486553
Finished training EB misspecified with NPMLE init, with in-sample MSE: 0.007211350248156099
Finished training EB misspecified, with SURE: 0.00829786894351667
Finished training EB misspecified, with in-sample MSE: 0.007215322777698754

 Training SURE of the models:
SURE-PM: 0.00829786894351667
NPMLE: 0.049818342262127474
SURE-PM, NPMLE init: 0.008297858993486553
experiment: e
Finished training EB misspecified with NPMLE init, with SURE: 0.1829263483849289
Finished training EB misspecified with NPMLE init, with in-sample MSE: 0.19846661173455282
Finished training EB misspecified, with SURE: 0.1815683090192489
Finished training EB misspecified, with in-sample MSE: 0.1971691179122429

 Training SURE of the models:
SURE-PM: 0.1815683090192489
NPMLE: 0.29928611385403925
SURE-PM, NPMLE init: 0.1829263483849289
m: 750
n: 100
experiment: c
Finished training EB misspecified with NPMLE init, with SURE: -0.033224733498157376
Finished training EB misspecified with NPMLE init, with in-sample MSE: 0.06708950736118952
Finished training EB misspecified, with SURE: -0.03322585512705977
Finished training EB misspecified, with in-sample MSE: 0.06709279389656189

 Training SURE of the models:
SURE-PM: -0.03322585512705977
NPMLE: 0.676205917673645
SURE-PM, NPMLE init: -0.033224733498157376
experiment: d
Finished training EB misspecified with NPMLE init, with SURE: 0.014194832653111451
Finished training EB misspecified with NPMLE init, with in-sample MSE: 0.0069784402034732485
Finished training EB misspecified, with SURE: 0.014194822315323439
Finished training EB misspecified, with in-sample MSE: 0.006979634075936235

 Training SURE of the models:
SURE-PM: 0.014194822315323439
NPMLE: 0.05793431729533602
SURE-PM, NPMLE init: 0.014194832653111451
experiment: e
Finished training EB misspecified with NPMLE init, with SURE: 0.13566403208435443
Finished training EB misspecified with NPMLE init, with in-sample MSE: 0.17852740079287696
Finished training EB misspecified, with SURE: 0.13566516142947013
Finished training EB misspecified, with in-sample MSE: 0.17853249082177755

 Training SURE of the models:
SURE-PM: 0.13566516142947013
NPMLE: 0.3236795145222132
SURE-PM, NPMLE init: 0.13566403208435443
n: 200
experiment: c
Finished training EB misspecified with NPMLE init, with SURE: 0.10561274638212736
Finished training EB misspecified with NPMLE init, with in-sample MSE: 0.06847455189363044
Finished training EB misspecified, with SURE: 0.10561246646402112
Finished training EB misspecified, with in-sample MSE: 0.06850173696057116

 Training SURE of the models:
SURE-PM: 0.10561246646402112
NPMLE: 0.8416877682292081
SURE-PM, NPMLE init: 0.10561274638212736
experiment: d
Finished training EB misspecified with NPMLE init, with SURE: 0.009515156433400592
Finished training EB misspecified with NPMLE init, with in-sample MSE: 0.0060241352575852595
Finished training EB misspecified, with SURE: 0.00951576520329187
Finished training EB misspecified, with in-sample MSE: 0.00602720963245

 Training SURE of the models:
SURE-PM: 0.00951576520329187
NPMLE: 0.14392474975403682
SURE-PM, NPMLE init: 0.009515156433400592
experiment: e
Finished training EB misspecified with NPMLE init, with SURE: 0.14356386926015213
Finished training EB misspecified with NPMLE init, with in-sample MSE: 0.21431218063407273
Finished training EB misspecified, with SURE: 0.14778004045542667
Finished training EB misspecified, with in-sample MSE: 0.1942134699773118

 Training SURE of the models:
SURE-PM: 0.14778004045542667
NPMLE: 0.37570959252378605
SURE-PM, NPMLE init: 0.14356386926015213
n: 400
experiment: c
Finished training EB misspecified with NPMLE init, with SURE: 0.05648553839426199
Finished training EB misspecified with NPMLE init, with in-sample MSE: 0.058722585673557474
Finished training EB misspecified, with SURE: 0.05649244973075071
Finished training EB misspecified, with in-sample MSE: 0.05872195473098787

 Training SURE of the models:
SURE-PM: 0.05649244973075071
NPMLE: 0.5718336705406487
SURE-PM, NPMLE init: 0.05648553839426199
experiment: d
Finished training EB misspecified with NPMLE init, with SURE: -0.005920440414119135
Finished training EB misspecified with NPMLE init, with in-sample MSE: 0.00576757003070029
Finished training EB misspecified, with SURE: -0.005918779993345851
Finished training EB misspecified, with in-sample MSE: 0.005766729052070747

 Training SURE of the models:
SURE-PM: -0.005918779993345851
NPMLE: 0.07062352868054944
SURE-PM, NPMLE init: -0.005920440414119135
experiment: e
Finished training EB misspecified with NPMLE init, with SURE: 0.1744118699845741
Finished training EB misspecified with NPMLE init, with in-sample MSE: 0.160789394627548
Finished training EB misspecified, with SURE: 0.1744216534493146
Finished training EB misspecified, with in-sample MSE: 0.160767822394012

 Training SURE of the models:
SURE-PM: 0.1744216534493146
NPMLE: 0.39873884548080235
SURE-PM, NPMLE init: 0.1744118699845741
m: 751
n: 100
experiment: c
Finished training EB misspecified with NPMLE init, with SURE: 0.05379887761943458
Finished training EB misspecified with NPMLE init, with in-sample MSE: 0.0524663669307211
Finished training EB misspecified, with SURE: 0.05380090024709517
Finished training EB misspecified, with in-sample MSE: 0.05246744712494212

 Training SURE of the models:
SURE-PM: 0.05380090024709517
NPMLE: 0.8397232132832323
SURE-PM, NPMLE init: 0.05379887761943458
experiment: d
Finished training EB misspecified with NPMLE init, with SURE: -0.014100789158535073
Finished training EB misspecified with NPMLE init, with in-sample MSE: 0.00862733231159488
Finished training EB misspecified, with SURE: -0.014100431378340801
Finished training EB misspecified, with in-sample MSE: 0.00862618873223859

 Training SURE of the models:
SURE-PM: -0.014100431378340801
NPMLE: 0.00042120891525797787
SURE-PM, NPMLE init: -0.014100789158535073
experiment: e
Finished training EB misspecified with NPMLE init, with SURE: 0.13566338280439774
Finished training EB misspecified with NPMLE init, with in-sample MSE: 0.1958923357249979
Finished training EB misspecified, with SURE: 0.13566554064690067
Finished training EB misspecified, with in-sample MSE: 0.19589269181228283

 Training SURE of the models:
SURE-PM: 0.13566554064690067
NPMLE: 0.41994735563963587
SURE-PM, NPMLE init: 0.13566338280439774
n: 200
experiment: c
Finished training EB misspecified with NPMLE init, with SURE: -0.05497123465831699
Finished training EB misspecified with NPMLE init, with in-sample MSE: 0.06932870963914163
Finished training EB misspecified, with SURE: -0.054970052013496085
Finished training EB misspecified, with in-sample MSE: 0.06932873318701335

 Training SURE of the models:
SURE-PM: -0.054970052013496085
NPMLE: 0.34978654728563285
SURE-PM, NPMLE init: -0.05497123465831699
experiment: d
Finished training EB misspecified with NPMLE init, with SURE: -0.01391800922517188
Finished training EB misspecified with NPMLE init, with in-sample MSE: 0.010743277113912446
Finished training EB misspecified, with SURE: -0.010987524553024245
Finished training EB misspecified, with in-sample MSE: 0.004051738847009378

 Training SURE of the models:
SURE-PM: -0.010987524553024245
NPMLE: -0.003865499723543291
SURE-PM, NPMLE init: -0.01391800922517188
experiment: e
Finished training EB misspecified with NPMLE init, with SURE: 0.12889346620404715
Finished training EB misspecified with NPMLE init, with in-sample MSE: 0.18049141085116507
Finished training EB misspecified, with SURE: 0.1289005321035451
Finished training EB misspecified, with in-sample MSE: 0.18047668245546283

 Training SURE of the models:
SURE-PM: 0.1289005321035451
NPMLE: 0.37291148392659024
SURE-PM, NPMLE init: 0.12889346620404715
n: 400
experiment: c
Finished training EB misspecified with NPMLE init, with SURE: 0.07835165610819672
Finished training EB misspecified with NPMLE init, with in-sample MSE: 0.07945242120133308
Finished training EB misspecified, with SURE: 0.0783482081775864
Finished training EB misspecified, with in-sample MSE: 0.07948726462163255

 Training SURE of the models:
SURE-PM: 0.0783482081775864
NPMLE: 0.645652560104491
SURE-PM, NPMLE init: 0.07835165610819672
experiment: d
Finished training EB misspecified with NPMLE init, with SURE: 0.004934970840207704
Finished training EB misspecified with NPMLE init, with in-sample MSE: 0.006629550791191688
Finished training EB misspecified, with SURE: 0.004937068728989917
Finished training EB misspecified, with in-sample MSE: 0.006633990406413179

 Training SURE of the models:
SURE-PM: 0.004937068728989917
NPMLE: 0.05362054507899444
SURE-PM, NPMLE init: 0.004934970840207704
experiment: e
Finished training EB misspecified with NPMLE init, with SURE: 0.12696355507210355
Finished training EB misspecified with NPMLE init, with in-sample MSE: 0.16700545425125657
Finished training EB misspecified, with SURE: 0.12698341789013143
Finished training EB misspecified, with in-sample MSE: 0.16702283951549002

 Training SURE of the models:
SURE-PM: 0.12698341789013143
NPMLE: 0.3095038045184516
SURE-PM, NPMLE init: 0.12696355507210355
m: 752
n: 100
experiment: c
Finished training EB misspecified with NPMLE init, with SURE: -0.031076293188264756
Finished training EB misspecified with NPMLE init, with in-sample MSE: 0.06552415104158263
Finished training EB misspecified, with SURE: -0.03106184929982206
Finished training EB misspecified, with in-sample MSE: 0.0654795074883944

 Training SURE of the models:
SURE-PM: -0.03106184929982206
NPMLE: 0.5168533126660749
SURE-PM, NPMLE init: -0.031076293188264756
experiment: d
Finished training EB misspecified with NPMLE init, with SURE: -0.004992160001222139
Finished training EB misspecified with NPMLE init, with in-sample MSE: 0.004423551743875929
Finished training EB misspecified, with SURE: -0.00501544425339386
Finished training EB misspecified, with in-sample MSE: 0.004419197663939053

 Training SURE of the models:
SURE-PM: -0.00501544425339386
NPMLE: 0.044410006639221816
SURE-PM, NPMLE init: -0.004992160001222139
experiment: e
Finished training EB misspecified with NPMLE init, with SURE: 0.0750231749137678
Finished training EB misspecified with NPMLE init, with in-sample MSE: 0.20540233829474577
Finished training EB misspecified, with SURE: 0.07503966733013244
Finished training EB misspecified, with in-sample MSE: 0.20526458977330236

 Training SURE of the models:
SURE-PM: 0.07503966733013244
NPMLE: 0.2886087492612896
SURE-PM, NPMLE init: 0.0750231749137678
n: 200
experiment: c
Finished training EB misspecified with NPMLE init, with SURE: -0.016333719828702017
Finished training EB misspecified with NPMLE init, with in-sample MSE: 0.06501757489991111
Finished training EB misspecified, with SURE: -0.016298373850409362
Finished training EB misspecified, with in-sample MSE: 0.06452121694272708

 Training SURE of the models:
SURE-PM: -0.016298373850409362
NPMLE: 0.38665816846876927
SURE-PM, NPMLE init: -0.016333719828702017
experiment: d
Finished training EB misspecified with NPMLE init, with SURE: 0.009851874670686201
Finished training EB misspecified with NPMLE init, with in-sample MSE: 0.005049225511694745
Finished training EB misspecified, with SURE: 0.009852936183726086
Finished training EB misspecified, with in-sample MSE: 0.005058038532808431

 Training SURE of the models:
SURE-PM: 0.009852936183726086
NPMLE: 0.04485334238979202
SURE-PM, NPMLE init: 0.009851874670686201
experiment: e
Finished training EB misspecified with NPMLE init, with SURE: 0.13552522851638457
Finished training EB misspecified with NPMLE init, with in-sample MSE: 0.19993543593160357
Finished training EB misspecified, with SURE: 0.135535062982947
Finished training EB misspecified, with in-sample MSE: 0.1999293716559067

 Training SURE of the models:
SURE-PM: 0.135535062982947
NPMLE: 0.2866287193241217
SURE-PM, NPMLE init: 0.13552522851638457
n: 400
experiment: c
Finished training EB misspecified with NPMLE init, with SURE: 0.06757797076726468
Finished training EB misspecified with NPMLE init, with in-sample MSE: 0.050923149166659076
Finished training EB misspecified, with SURE: 0.06758378876967015
Finished training EB misspecified, with in-sample MSE: 0.05092112894821295

 Training SURE of the models:
SURE-PM: 0.06758378876967015
NPMLE: 0.6475886153271836
SURE-PM, NPMLE init: 0.06757797076726468
experiment: d
Finished training EB misspecified with NPMLE init, with SURE: -1.3971748693961673e-05
Finished training EB misspecified with NPMLE init, with in-sample MSE: 0.005101816012663966
Finished training EB misspecified, with SURE: -1.3129862325875762e-05
Finished training EB misspecified, with in-sample MSE: 0.005103145213581345

 Training SURE of the models:
SURE-PM: -1.3129862325875762e-05
NPMLE: 0.02056098670753821
SURE-PM, NPMLE init: -1.3971748693961673e-05
experiment: e
Finished training EB misspecified with NPMLE init, with SURE: 0.1460806510493379
Finished training EB misspecified with NPMLE init, with in-sample MSE: 0.1810883522836904
Finished training EB misspecified, with SURE: 0.14609117308014663
Finished training EB misspecified, with in-sample MSE: 0.1811146799723475

 Training SURE of the models:
SURE-PM: 0.14609117308014663
NPMLE: 0.3582356663966465
SURE-PM, NPMLE init: 0.1460806510493379
m: 753
n: 100
experiment: c
Finished training EB misspecified with NPMLE init, with SURE: 0.11086834986734231
Finished training EB misspecified with NPMLE init, with in-sample MSE: 0.09287683378056479
Finished training EB misspecified, with SURE: 0.11086981539147388
Finished training EB misspecified, with in-sample MSE: 0.09287431707684718

 Training SURE of the models:
SURE-PM: 0.11086981539147388
NPMLE: 0.6059066287822265
SURE-PM, NPMLE init: 0.11086834986734231
experiment: d
Finished training EB misspecified with NPMLE init, with SURE: 0.009745871517376195
Finished training EB misspecified with NPMLE init, with in-sample MSE: 0.021568216096932255
Finished training EB misspecified, with SURE: 0.00974663505872119
Finished training EB misspecified, with in-sample MSE: 0.021566499703069703

 Training SURE of the models:
SURE-PM: 0.00974663505872119
NPMLE: 0.13392568070862743
SURE-PM, NPMLE init: 0.009745871517376195
experiment: e
Finished training EB misspecified with NPMLE init, with SURE: 0.1215833723257326
Finished training EB misspecified with NPMLE init, with in-sample MSE: 0.23349136162910264
Finished training EB misspecified, with SURE: 0.12159268869468981
Finished training EB misspecified, with in-sample MSE: 0.23346860401898917

 Training SURE of the models:
SURE-PM: 0.12159268869468981
NPMLE: 0.379060585389309
SURE-PM, NPMLE init: 0.1215833723257326
n: 200
experiment: c
Finished training EB misspecified with NPMLE init, with SURE: 0.0688059885351251
Finished training EB misspecified with NPMLE init, with in-sample MSE: 0.06686855227656255
Finished training EB misspecified, with SURE: 0.06885204943117096
Finished training EB misspecified, with in-sample MSE: 0.06682391898640802

 Training SURE of the models:
SURE-PM: 0.06885204943117096
NPMLE: 0.5968099539894599
SURE-PM, NPMLE init: 0.0688059885351251
experiment: d
Finished training EB misspecified with NPMLE init, with SURE: 0.02952146685034446
Finished training EB misspecified with NPMLE init, with in-sample MSE: 0.014163552085598911
Finished training EB misspecified, with SURE: 0.029527332984897223
Finished training EB misspecified, with in-sample MSE: 0.014156657036550255

 Training SURE of the models:
SURE-PM: 0.029527332984897223
NPMLE: 0.07950396995616937
SURE-PM, NPMLE init: 0.02952146685034446
experiment: e
Finished training EB misspecified with NPMLE init, with SURE: 0.16632452708362078
Finished training EB misspecified with NPMLE init, with in-sample MSE: 0.21756882245845233
Finished training EB misspecified, with SURE: 0.16632980437486455
Finished training EB misspecified, with in-sample MSE: 0.21755242563262112

 Training SURE of the models:
SURE-PM: 0.16632980437486455
NPMLE: 0.293590580968268
SURE-PM, NPMLE init: 0.16632452708362078
n: 400
experiment: c
Finished training EB misspecified with NPMLE init, with SURE: 0.1118341236689838
Finished training EB misspecified with NPMLE init, with in-sample MSE: 0.06653861634208555
Finished training EB misspecified, with SURE: 0.11183863737579472
Finished training EB misspecified, with in-sample MSE: 0.0665381236743013

 Training SURE of the models:
SURE-PM: 0.11183863737579472
NPMLE: 0.7179035647161277
SURE-PM, NPMLE init: 0.1118341236689838
experiment: d
Finished training EB misspecified with NPMLE init, with SURE: 0.01204196229281333
Finished training EB misspecified with NPMLE init, with in-sample MSE: 0.007911719832259374
Finished training EB misspecified, with SURE: 0.012043881352354404
Finished training EB misspecified, with in-sample MSE: 0.00790569492185467

 Training SURE of the models:
SURE-PM: 0.012043881352354404
NPMLE: 0.05919619278952947
SURE-PM, NPMLE init: 0.01204196229281333
experiment: e
Finished training EB misspecified with NPMLE init, with SURE: 0.15789205359343825
Finished training EB misspecified with NPMLE init, with in-sample MSE: 0.17077198331887455
Finished training EB misspecified, with SURE: 0.15789911765915043
Finished training EB misspecified, with in-sample MSE: 0.17078349231227707

 Training SURE of the models:
SURE-PM: 0.15789911765915043
NPMLE: 0.33523485838796674
SURE-PM, NPMLE init: 0.15789205359343825
m: 754
n: 100
experiment: c
Finished training EB misspecified with NPMLE init, with SURE: -0.002933285461952977
Finished training EB misspecified with NPMLE init, with in-sample MSE: 0.0593092698765054
Finished training EB misspecified, with SURE: -0.0029071400706638427
Finished training EB misspecified, with in-sample MSE: 0.05923371582885748

 Training SURE of the models:
SURE-PM: -0.0029071400706638427
NPMLE: 0.8901587948616361
SURE-PM, NPMLE init: -0.002933285461952977
experiment: d
Finished training EB misspecified with NPMLE init, with SURE: -0.036618663684638675
Finished training EB misspecified with NPMLE init, with in-sample MSE: 0.017588789718586073
Finished training EB misspecified, with SURE: -0.03661843217663279
Finished training EB misspecified, with in-sample MSE: 0.017683595522943636

 Training SURE of the models:
SURE-PM: -0.03661843217663279
NPMLE: -0.03480954884607522
SURE-PM, NPMLE init: -0.036618663684638675
experiment: e
Finished training EB misspecified with NPMLE init, with SURE: 0.08319071193588502
Finished training EB misspecified with NPMLE init, with in-sample MSE: 0.14950715148075483
Finished training EB misspecified, with SURE: 0.08320018148011524
Finished training EB misspecified, with in-sample MSE: 0.14943473982295713

 Training SURE of the models:
SURE-PM: 0.08320018148011524
NPMLE: 0.3208128702036966
SURE-PM, NPMLE init: 0.08319071193588502
n: 200
experiment: c
Finished training EB misspecified with NPMLE init, with SURE: -0.06076202183228205
Finished training EB misspecified with NPMLE init, with in-sample MSE: 0.13541101821203433
Finished training EB misspecified, with SURE: -0.060748925733126596
Finished training EB misspecified, with in-sample MSE: 0.1353601166460045

 Training SURE of the models:
SURE-PM: -0.060748925733126596
NPMLE: 0.22764854788480549
SURE-PM, NPMLE init: -0.06076202183228205
experiment: d
Finished training EB misspecified with NPMLE init, with SURE: 0.005346526969954421
Finished training EB misspecified with NPMLE init, with in-sample MSE: 0.009782872822609886
Finished training EB misspecified, with SURE: 0.005354955194854956
Finished training EB misspecified, with in-sample MSE: 0.009777827266252474

 Training SURE of the models:
SURE-PM: 0.005354955194854956
NPMLE: 0.17141003890941112
SURE-PM, NPMLE init: 0.005346526969954421
experiment: e
Finished training EB misspecified with NPMLE init, with SURE: 0.13485404240191437
Finished training EB misspecified with NPMLE init, with in-sample MSE: 0.17711991786116235
Finished training EB misspecified, with SURE: 0.13485568067509213
Finished training EB misspecified, with in-sample MSE: 0.17711653593558258

 Training SURE of the models:
SURE-PM: 0.13485568067509213
NPMLE: 0.3169090621820749
SURE-PM, NPMLE init: 0.13485404240191437
n: 400
experiment: c
Finished training EB misspecified with NPMLE init, with SURE: 0.03683589891898286
Finished training EB misspecified with NPMLE init, with in-sample MSE: 0.05062298581459105
Finished training EB misspecified, with SURE: 0.036840142473114026
Finished training EB misspecified, with in-sample MSE: 0.050622958806459666

 Training SURE of the models:
SURE-PM: 0.036840142473114026
NPMLE: 0.6966686869358805
SURE-PM, NPMLE init: 0.03683589891898286
experiment: d
Finished training EB misspecified with NPMLE init, with SURE: 0.006182147862470462
Finished training EB misspecified with NPMLE init, with in-sample MSE: 0.0076241162504230905
Finished training EB misspecified, with SURE: 0.006183338806870662
Finished training EB misspecified, with in-sample MSE: 0.007623122802732247

 Training SURE of the models:
SURE-PM: 0.006183338806870662
NPMLE: 0.03468973775939114
SURE-PM, NPMLE init: 0.006182147862470462
experiment: e
Finished training EB misspecified with NPMLE init, with SURE: 0.1524647171278359
Finished training EB misspecified with NPMLE init, with in-sample MSE: 0.19304837485297432
Finished training EB misspecified, with SURE: 0.15257450232719588
Finished training EB misspecified, with in-sample MSE: 0.19293519659084218

 Training SURE of the models:
SURE-PM: 0.15257450232719588
NPMLE: 0.3666450430117814
SURE-PM, NPMLE init: 0.1524647171278359
m: 755
n: 100
experiment: c
Finished training EB misspecified with NPMLE init, with SURE: -0.11302134093852637
Finished training EB misspecified with NPMLE init, with in-sample MSE: 0.07047630430832746
Finished training EB misspecified, with SURE: -0.11301322602287578
Finished training EB misspecified, with in-sample MSE: 0.07046609225527285

 Training SURE of the models:
SURE-PM: -0.11301322602287578
NPMLE: 0.6061641901230629
SURE-PM, NPMLE init: -0.11302134093852637
experiment: d
Finished training EB misspecified with NPMLE init, with SURE: -0.0023552123944639014
Finished training EB misspecified with NPMLE init, with in-sample MSE: 0.0032951681455733106
Finished training EB misspecified, with SURE: -0.002352783158131544
Finished training EB misspecified, with in-sample MSE: 0.0032869071063832945

 Training SURE of the models:
SURE-PM: -0.002352783158131544
NPMLE: 0.00637347971439377
SURE-PM, NPMLE init: -0.0023552123944639014
experiment: e
Finished training EB misspecified with NPMLE init, with SURE: 0.13902297170215444
Finished training EB misspecified with NPMLE init, with in-sample MSE: 0.16796702994575166
Finished training EB misspecified, with SURE: 0.1245608172891237
Finished training EB misspecified, with in-sample MSE: 0.15650521039186494

 Training SURE of the models:
SURE-PM: 0.1245608172891237
NPMLE: 0.28066425060880706
SURE-PM, NPMLE init: 0.13902297170215444
n: 200
experiment: c
Finished training EB misspecified with NPMLE init, with SURE: 0.08027806920486512
Finished training EB misspecified with NPMLE init, with in-sample MSE: 0.060672612660653824
Finished training EB misspecified, with SURE: 0.0802815187263171
Finished training EB misspecified, with in-sample MSE: 0.06067378488829281

 Training SURE of the models:
SURE-PM: 0.0802815187263171
NPMLE: 0.6537498106636502
SURE-PM, NPMLE init: 0.08027806920486512
experiment: d
Finished training EB misspecified with NPMLE init, with SURE: 0.00019105708603612826
Finished training EB misspecified with NPMLE init, with in-sample MSE: 0.004164991988126608
Finished training EB misspecified, with SURE: 0.00019384693246141894
Finished training EB misspecified, with in-sample MSE: 0.004151785039236669

 Training SURE of the models:
SURE-PM: 0.00019384693246141894
NPMLE: 0.04221257876137397
SURE-PM, NPMLE init: 0.00019105708603612826
experiment: e
Finished training EB misspecified with NPMLE init, with SURE: 0.11711269279437765
Finished training EB misspecified with NPMLE init, with in-sample MSE: 0.24296243332346953
Finished training EB misspecified, with SURE: 0.1171141960234263
Finished training EB misspecified, with in-sample MSE: 0.2429521719128461

 Training SURE of the models:
SURE-PM: 0.1171141960234263
NPMLE: 0.42513234439776004
SURE-PM, NPMLE init: 0.11711269279437765
n: 400
experiment: c
Finished training EB misspecified with NPMLE init, with SURE: 0.037404292030192465
Finished training EB misspecified with NPMLE init, with in-sample MSE: 0.05651487032015485
Finished training EB misspecified, with SURE: 0.037413162561893074
Finished training EB misspecified, with in-sample MSE: 0.056517868319698475

 Training SURE of the models:
SURE-PM: 0.037413162561893074
NPMLE: 0.462758499639267
SURE-PM, NPMLE init: 0.037404292030192465
experiment: d
Finished training EB misspecified with NPMLE init, with SURE: 0.009566201987316489
Finished training EB misspecified with NPMLE init, with in-sample MSE: 0.004880524793431001
Finished training EB misspecified, with SURE: 0.009568113359932582
Finished training EB misspecified, with in-sample MSE: 0.004879242201009623

 Training SURE of the models:
SURE-PM: 0.009568113359932582
NPMLE: 0.03911039787197309
SURE-PM, NPMLE init: 0.009566201987316489
experiment: e
Finished training EB misspecified with NPMLE init, with SURE: 0.1587964946237731
Finished training EB misspecified with NPMLE init, with in-sample MSE: 0.22220781372099072
Finished training EB misspecified, with SURE: 0.15879909723058752
Finished training EB misspecified, with in-sample MSE: 0.22220659166839277

 Training SURE of the models:
SURE-PM: 0.15879909723058752
NPMLE: 0.3645713810564131
SURE-PM, NPMLE init: 0.1587964946237731
m: 756
n: 100
experiment: c
Finished training EB misspecified with NPMLE init, with SURE: -0.005413648670834945
Finished training EB misspecified with NPMLE init, with in-sample MSE: 0.059733617347032884
Finished training EB misspecified, with SURE: -0.0054142083777254865
Finished training EB misspecified, with in-sample MSE: 0.05973362322574455

 Training SURE of the models:
SURE-PM: -0.0054142083777254865
NPMLE: 0.27125935331100365
SURE-PM, NPMLE init: -0.005413648670834945
experiment: d
Finished training EB misspecified with NPMLE init, with SURE: 0.0218211759628959
Finished training EB misspecified with NPMLE init, with in-sample MSE: 0.011054171536735508
Finished training EB misspecified, with SURE: 0.02182264509719751
Finished training EB misspecified, with in-sample MSE: 0.011051016059038488

 Training SURE of the models:
SURE-PM: 0.02182264509719751
NPMLE: 0.09527206869993605
SURE-PM, NPMLE init: 0.0218211759628959
experiment: e
Finished training EB misspecified with NPMLE init, with SURE: 0.17674923948683574
Finished training EB misspecified with NPMLE init, with in-sample MSE: 0.2987956430475818
Finished training EB misspecified, with SURE: 0.1767315689950961
Finished training EB misspecified, with in-sample MSE: 0.29886653806109886

 Training SURE of the models:
SURE-PM: 0.1767315689950961
NPMLE: 0.27685958218501605
SURE-PM, NPMLE init: 0.17674923948683574
n: 200
experiment: c
Finished training EB misspecified with NPMLE init, with SURE: 0.07573901517418896
Finished training EB misspecified with NPMLE init, with in-sample MSE: 0.05901058035069014
Finished training EB misspecified, with SURE: 0.07576368187923016
Finished training EB misspecified, with in-sample MSE: 0.05901246452096838

 Training SURE of the models:
SURE-PM: 0.07576368187923016
NPMLE: 0.4502911268652391
SURE-PM, NPMLE init: 0.07573901517418896
experiment: d
Finished training EB misspecified with NPMLE init, with SURE: 0.026901629121016093
Finished training EB misspecified with NPMLE init, with in-sample MSE: 0.02074584060006218
Finished training EB misspecified, with SURE: 0.026901392684524572
Finished training EB misspecified, with in-sample MSE: 0.02074655977454953

 Training SURE of the models:
SURE-PM: 0.026901392684524572
NPMLE: 0.19350580025628197
SURE-PM, NPMLE init: 0.026901629121016093
experiment: e
Finished training EB misspecified with NPMLE init, with SURE: 0.16375274209260177
Finished training EB misspecified with NPMLE init, with in-sample MSE: 0.21128289510722456
Finished training EB misspecified, with SURE: 0.16375843611462082
Finished training EB misspecified, with in-sample MSE: 0.2112834121959522

 Training SURE of the models:
SURE-PM: 0.16375843611462082
NPMLE: 0.3312460445054677
SURE-PM, NPMLE init: 0.16375274209260177
n: 400
experiment: c
Finished training EB misspecified with NPMLE init, with SURE: 0.08062908904806676
Finished training EB misspecified with NPMLE init, with in-sample MSE: 0.0948499206865793
Finished training EB misspecified, with SURE: 0.0806158751476368
Finished training EB misspecified, with in-sample MSE: 0.09436414045922509

 Training SURE of the models:
SURE-PM: 0.0806158751476368
NPMLE: 0.45438297148303297
SURE-PM, NPMLE init: 0.08062908904806676
experiment: d
Finished training EB misspecified with NPMLE init, with SURE: 0.005675890713672107
Finished training EB misspecified with NPMLE init, with in-sample MSE: 0.007403499910598304
Finished training EB misspecified, with SURE: 0.0056828686400414346
Finished training EB misspecified, with in-sample MSE: 0.007400736357418216

 Training SURE of the models:
SURE-PM: 0.0056828686400414346
NPMLE: 0.047639577034366665
SURE-PM, NPMLE init: 0.005675890713672107
experiment: e
Finished training EB misspecified with NPMLE init, with SURE: 0.16052257426013075
Finished training EB misspecified with NPMLE init, with in-sample MSE: 0.20489023725892075
Finished training EB misspecified, with SURE: 0.1624133135182169
Finished training EB misspecified, with in-sample MSE: 0.20395023775361484

 Training SURE of the models:
SURE-PM: 0.1624133135182169
NPMLE: 0.32963802438267087
SURE-PM, NPMLE init: 0.16052257426013075
m: 757
n: 100
experiment: c
Finished training EB misspecified with NPMLE init, with SURE: 0.008724505217514179
Finished training EB misspecified with NPMLE init, with in-sample MSE: 0.04581313459160185
Finished training EB misspecified, with SURE: 0.008734777091968909
Finished training EB misspecified, with in-sample MSE: 0.045816364233407014

 Training SURE of the models:
SURE-PM: 0.008734777091968909
NPMLE: 0.45031617726728457
SURE-PM, NPMLE init: 0.008724505217514179
experiment: d
Finished training EB misspecified with NPMLE init, with SURE: -0.02516146397882734
Finished training EB misspecified with NPMLE init, with in-sample MSE: 0.008636602851951605
Finished training EB misspecified, with SURE: -0.025160994987436354
Finished training EB misspecified, with in-sample MSE: 0.008635827031380747

 Training SURE of the models:
SURE-PM: -0.025160994987436354
NPMLE: -0.010732278440804457
SURE-PM, NPMLE init: -0.02516146397882734
experiment: e
Finished training EB misspecified with NPMLE init, with SURE: 0.10797058692493706
Finished training EB misspecified with NPMLE init, with in-sample MSE: 0.2388778540014138
Finished training EB misspecified, with SURE: 0.10798278108143222
Finished training EB misspecified, with in-sample MSE: 0.23874967208387615

 Training SURE of the models:
SURE-PM: 0.10798278108143222
NPMLE: 0.33948704905694416
SURE-PM, NPMLE init: 0.10797058692493706
n: 200
experiment: c
Finished training EB misspecified with NPMLE init, with SURE: 0.06563662768134222
Finished training EB misspecified with NPMLE init, with in-sample MSE: 0.06204795237247422
Finished training EB misspecified, with SURE: 0.06564998589625859
Finished training EB misspecified, with in-sample MSE: 0.06204949736103815

 Training SURE of the models:
SURE-PM: 0.06564998589625859
NPMLE: 0.5838600087954555
SURE-PM, NPMLE init: 0.06563662768134222
experiment: d
Finished training EB misspecified with NPMLE init, with SURE: 0.025395309180168156
Finished training EB misspecified with NPMLE init, with in-sample MSE: 0.011011250355630428
Finished training EB misspecified, with SURE: 0.025401008602531902
Finished training EB misspecified, with in-sample MSE: 0.011005363862828728

 Training SURE of the models:
SURE-PM: 0.025401008602531902
NPMLE: 0.1222127141867145
SURE-PM, NPMLE init: 0.025395309180168156
experiment: e
Finished training EB misspecified with NPMLE init, with SURE: 0.1406287643794337
Finished training EB misspecified with NPMLE init, with in-sample MSE: 0.21541829450202424
Finished training EB misspecified, with SURE: 0.14063913507846804
Finished training EB misspecified, with in-sample MSE: 0.21540923227135989

 Training SURE of the models:
SURE-PM: 0.14063913507846804
NPMLE: 0.32913895237426827
SURE-PM, NPMLE init: 0.1406287643794337
n: 400
experiment: c
Finished training EB misspecified with NPMLE init, with SURE: 0.08568517110475866
Finished training EB misspecified with NPMLE init, with in-sample MSE: 0.06073798721680261
Finished training EB misspecified, with SURE: 0.08568643917240606
Finished training EB misspecified, with in-sample MSE: 0.06070799429042339

 Training SURE of the models:
SURE-PM: 0.08568643917240606
NPMLE: 0.7530676759050072
SURE-PM, NPMLE init: 0.08568517110475866
experiment: d
Finished training EB misspecified with NPMLE init, with SURE: 0.008627290936679443
Finished training EB misspecified with NPMLE init, with in-sample MSE: 0.007537537096501803
Finished training EB misspecified, with SURE: 0.008629293746818548
Finished training EB misspecified, with in-sample MSE: 0.007535029634902523

 Training SURE of the models:
SURE-PM: 0.008629293746818548
NPMLE: 0.05683420988434031
SURE-PM, NPMLE init: 0.008627290936679443
experiment: e
Finished training EB misspecified with NPMLE init, with SURE: 0.16005158859993102
Finished training EB misspecified with NPMLE init, with in-sample MSE: 0.1803208064583644
Finished training EB misspecified, with SURE: 0.16005257314017676
Finished training EB misspecified, with in-sample MSE: 0.1803248311665867

 Training SURE of the models:
SURE-PM: 0.16005257314017676
NPMLE: 0.41508249957372434
SURE-PM, NPMLE init: 0.16005158859993102
m: 758
n: 100
experiment: c
Finished training EB misspecified with NPMLE init, with SURE: -0.008510723540683288
Finished training EB misspecified with NPMLE init, with in-sample MSE: 0.18505338804923405
Finished training EB misspecified, with SURE: -0.00851027795282647
Finished training EB misspecified, with in-sample MSE: 0.18505229974891652

 Training SURE of the models:
SURE-PM: -0.00851027795282647
NPMLE: 0.6442159885266828
SURE-PM, NPMLE init: -0.008510723540683288
experiment: d
Finished training EB misspecified with NPMLE init, with SURE: 0.03214504170317465
Finished training EB misspecified with NPMLE init, with in-sample MSE: 0.030058928375990276
Finished training EB misspecified, with SURE: 0.032147208005714634
Finished training EB misspecified, with in-sample MSE: 0.030142820187251118

 Training SURE of the models:
SURE-PM: 0.032147208005714634
NPMLE: 0.05064402075325278
SURE-PM, NPMLE init: 0.03214504170317465
experiment: e
Finished training EB misspecified with NPMLE init, with SURE: 0.11200655979434018
Finished training EB misspecified with NPMLE init, with in-sample MSE: 0.27243792010142515
Finished training EB misspecified, with SURE: 0.11201610892834765
Finished training EB misspecified, with in-sample MSE: 0.2719546834436157

 Training SURE of the models:
SURE-PM: 0.11201610892834765
NPMLE: 0.26020347494063756
SURE-PM, NPMLE init: 0.11200655979434018
n: 200
experiment: c
Finished training EB misspecified with NPMLE init, with SURE: 0.08639277034192511
Finished training EB misspecified with NPMLE init, with in-sample MSE: 0.06581942296818967
Finished training EB misspecified, with SURE: 0.0864826344305822
Finished training EB misspecified, with in-sample MSE: 0.0656106316548876

 Training SURE of the models:
SURE-PM: 0.0864826344305822
NPMLE: 0.6825356540200186
SURE-PM, NPMLE init: 0.08639277034192511
experiment: d
Finished training EB misspecified with NPMLE init, with SURE: -0.004970909559208874
Finished training EB misspecified with NPMLE init, with in-sample MSE: 0.006135934995763482
Finished training EB misspecified, with SURE: -0.004969806691520926
Finished training EB misspecified, with in-sample MSE: 0.006137646055652981

 Training SURE of the models:
SURE-PM: -0.004969806691520926
NPMLE: 0.0884406002194114
SURE-PM, NPMLE init: -0.004970909559208874
experiment: e
Finished training EB misspecified with NPMLE init, with SURE: 0.15811526844355847
Finished training EB misspecified with NPMLE init, with in-sample MSE: 0.22385499204490347
Finished training EB misspecified, with SURE: 0.15808429091673346
Finished training EB misspecified, with in-sample MSE: 0.2219443415999791

 Training SURE of the models:
SURE-PM: 0.15808429091673346
NPMLE: 0.31484444970162495
SURE-PM, NPMLE init: 0.15811526844355847
n: 400
experiment: c
Finished training EB misspecified with NPMLE init, with SURE: 0.004147030377564534
Finished training EB misspecified with NPMLE init, with in-sample MSE: 0.09291895857305327
Finished training EB misspecified, with SURE: 0.004166435424881883
Finished training EB misspecified, with in-sample MSE: 0.09286282318735464

 Training SURE of the models:
SURE-PM: 0.004166435424881883
NPMLE: 1.2437886699174105
SURE-PM, NPMLE init: 0.004147030377564534
experiment: d
Finished training EB misspecified with NPMLE init, with SURE: -0.0032891786408499437
Finished training EB misspecified with NPMLE init, with in-sample MSE: 0.008577191391611864
Finished training EB misspecified, with SURE: -0.0032839431761306948
Finished training EB misspecified, with in-sample MSE: 0.008575383380175909

 Training SURE of the models:
SURE-PM: -0.0032839431761306948
NPMLE: 0.0017806002771194507
SURE-PM, NPMLE init: -0.0032891786408499437
experiment: e
Finished training EB misspecified with NPMLE init, with SURE: 0.16770212316159008
Finished training EB misspecified with NPMLE init, with in-sample MSE: 0.21986641137535798
Finished training EB misspecified, with SURE: 0.16771578230332193
Finished training EB misspecified, with in-sample MSE: 0.21995629094072716

 Training SURE of the models:
SURE-PM: 0.16771578230332193
NPMLE: 0.31683288347244465
SURE-PM, NPMLE init: 0.16770212316159008
m: 759
n: 100
experiment: c
Finished training EB misspecified with NPMLE init, with SURE: 0.0903038061896774
Finished training EB misspecified with NPMLE init, with in-sample MSE: 0.09061702544799807
Finished training EB misspecified, with SURE: 0.09030249718338113
Finished training EB misspecified, with in-sample MSE: 0.09062014117178752

 Training SURE of the models:
SURE-PM: 0.09030249718338113
NPMLE: 0.39171621740400187
SURE-PM, NPMLE init: 0.0903038061896774
experiment: d
Finished training EB misspecified with NPMLE init, with SURE: 0.0075486720414936846
Finished training EB misspecified with NPMLE init, with in-sample MSE: 0.010671248042798462
Finished training EB misspecified, with SURE: 0.0075437501267116855
Finished training EB misspecified, with in-sample MSE: 0.010656175095559661

 Training SURE of the models:
SURE-PM: 0.0075437501267116855
NPMLE: 0.00933736129904089
SURE-PM, NPMLE init: 0.0075486720414936846
experiment: e
Finished training EB misspecified with NPMLE init, with SURE: 0.13531810965324836
Finished training EB misspecified with NPMLE init, with in-sample MSE: 0.1941953452570846
Finished training EB misspecified, with SURE: 0.1353225982344842
Finished training EB misspecified, with in-sample MSE: 0.19419426663859343

 Training SURE of the models:
SURE-PM: 0.1353225982344842
NPMLE: 0.2872211810017868
SURE-PM, NPMLE init: 0.13531810965324836
n: 200
experiment: c
Finished training EB misspecified with NPMLE init, with SURE: 0.11197882082409408
Finished training EB misspecified with NPMLE init, with in-sample MSE: 0.08310266856469103
Finished training EB misspecified, with SURE: 0.1121424596521362
Finished training EB misspecified, with in-sample MSE: 0.08320357272622508

 Training SURE of the models:
SURE-PM: 0.1121424596521362
NPMLE: 0.6455997192544349
SURE-PM, NPMLE init: 0.11197882082409408
experiment: d
Finished training EB misspecified with NPMLE init, with SURE: 0.009368964771995447
Finished training EB misspecified with NPMLE init, with in-sample MSE: 0.007247450826306071
Finished training EB misspecified, with SURE: 0.009374645820864629
Finished training EB misspecified, with in-sample MSE: 0.007243822020752333

 Training SURE of the models:
SURE-PM: 0.009374645820864629
NPMLE: 0.17177900694584258
SURE-PM, NPMLE init: 0.009368964771995447
experiment: e
Finished training EB misspecified with NPMLE init, with SURE: 0.17477558906582943
Finished training EB misspecified with NPMLE init, with in-sample MSE: 0.21571880870933824
Finished training EB misspecified, with SURE: 0.1747845140530592
Finished training EB misspecified, with in-sample MSE: 0.21576302957528376

 Training SURE of the models:
SURE-PM: 0.1747845140530592
NPMLE: 0.2899495929226339
SURE-PM, NPMLE init: 0.17477558906582943
n: 400
experiment: c
Finished training EB misspecified with NPMLE init, with SURE: 0.056361223888455214
Finished training EB misspecified with NPMLE init, with in-sample MSE: 0.053232005001060914
Finished training EB misspecified, with SURE: 0.056425199471539574
Finished training EB misspecified, with in-sample MSE: 0.05322701534430085

 Training SURE of the models:
SURE-PM: 0.056425199471539574
NPMLE: 0.5299585221312043
SURE-PM, NPMLE init: 0.056361223888455214
experiment: d
Finished training EB misspecified with NPMLE init, with SURE: -0.0002874427154238646
Finished training EB misspecified with NPMLE init, with in-sample MSE: 0.006274899621298922
Finished training EB misspecified, with SURE: -0.00028265840634698945
Finished training EB misspecified, with in-sample MSE: 0.0062758527177123056

 Training SURE of the models:
SURE-PM: -0.00028265840634698945
NPMLE: 0.0008983086436222365
SURE-PM, NPMLE init: -0.0002874427154238646
experiment: e
Finished training EB misspecified with NPMLE init, with SURE: 0.15703497793078997
Finished training EB misspecified with NPMLE init, with in-sample MSE: 0.18105319752843854
Finished training EB misspecified, with SURE: 0.1570703381789555
Finished training EB misspecified, with in-sample MSE: 0.18165623863706062

 Training SURE of the models:
SURE-PM: 0.1570703381789555
NPMLE: 0.3401919049944777
SURE-PM, NPMLE init: 0.15703497793078997
m: 760
n: 100
experiment: c
Finished training EB misspecified with NPMLE init, with SURE: 0.06986545906585519
Finished training EB misspecified with NPMLE init, with in-sample MSE: 0.049012503186444525
Finished training EB misspecified, with SURE: 0.06991112389825353
Finished training EB misspecified, with in-sample MSE: 0.04904368952994519

 Training SURE of the models:
SURE-PM: 0.06991112389825353
NPMLE: 0.8745580338227045
SURE-PM, NPMLE init: 0.06986545906585519
experiment: d
Finished training EB misspecified with NPMLE init, with SURE: -0.007492072034380382
Finished training EB misspecified with NPMLE init, with in-sample MSE: 0.005215924199236812
Finished training EB misspecified, with SURE: -0.007488953378565526
Finished training EB misspecified, with in-sample MSE: 0.005209466139779307

 Training SURE of the models:
SURE-PM: -0.007488953378565526
NPMLE: 0.003081216410761396
SURE-PM, NPMLE init: -0.007492072034380382
experiment: e
Finished training EB misspecified with NPMLE init, with SURE: 0.1105637867508542
Finished training EB misspecified with NPMLE init, with in-sample MSE: 0.2004902448716869
Finished training EB misspecified, with SURE: 0.11056782553166862
Finished training EB misspecified, with in-sample MSE: 0.20048364807928964

 Training SURE of the models:
SURE-PM: 0.11056782553166862
NPMLE: 0.3494395406108508
SURE-PM, NPMLE init: 0.1105637867508542
n: 200
experiment: c
Finished training EB misspecified with NPMLE init, with SURE: -0.050274611319597685
Finished training EB misspecified with NPMLE init, with in-sample MSE: 0.06605966762968568
Finished training EB misspecified, with SURE: -0.05025955784562214
Finished training EB misspecified, with in-sample MSE: 0.06601157780923113

 Training SURE of the models:
SURE-PM: -0.05025955784562214
NPMLE: 0.43021536680650185
SURE-PM, NPMLE init: -0.050274611319597685
experiment: d
Finished training EB misspecified with NPMLE init, with SURE: 0.019535943639299554
Finished training EB misspecified with NPMLE init, with in-sample MSE: 0.006950608898317232
Finished training EB misspecified, with SURE: 0.0195356410005518
Finished training EB misspecified, with in-sample MSE: 0.006954628313715797

 Training SURE of the models:
SURE-PM: 0.0195356410005518
NPMLE: 0.1687480857926932
SURE-PM, NPMLE init: 0.019535943639299554
experiment: e
Finished training EB misspecified with NPMLE init, with SURE: 0.1569403527553369
Finished training EB misspecified with NPMLE init, with in-sample MSE: 0.19005389328068506
Finished training EB misspecified, with SURE: 0.15694023688846526
Finished training EB misspecified, with in-sample MSE: 0.19005328069231886

 Training SURE of the models:
SURE-PM: 0.15694023688846526
NPMLE: 0.27790602736526815
SURE-PM, NPMLE init: 0.1569403527553369
n: 400
experiment: c
Finished training EB misspecified with NPMLE init, with SURE: 0.0673372663904739
Finished training EB misspecified with NPMLE init, with in-sample MSE: 0.05190424070185769
Finished training EB misspecified, with SURE: 0.06732690972502106
Finished training EB misspecified, with in-sample MSE: 0.0518852490922513

 Training SURE of the models:
SURE-PM: 0.06732690972502106
NPMLE: 0.675866773524036
SURE-PM, NPMLE init: 0.0673372663904739
experiment: d
Finished training EB misspecified with NPMLE init, with SURE: 0.005971950456874513
Finished training EB misspecified with NPMLE init, with in-sample MSE: 0.005674379878398266
Finished training EB misspecified, with SURE: 0.005973822052686568
Finished training EB misspecified, with in-sample MSE: 0.005678119931219694

 Training SURE of the models:
SURE-PM: 0.005973822052686568
NPMLE: 0.048633270621943045
SURE-PM, NPMLE init: 0.005971950456874513
experiment: e
Finished training EB misspecified with NPMLE init, with SURE: 0.15227837161523838
Finished training EB misspecified with NPMLE init, with in-sample MSE: 0.17382529307970077
Finished training EB misspecified, with SURE: 0.15224988500135817
Finished training EB misspecified, with in-sample MSE: 0.173684330066475

 Training SURE of the models:
SURE-PM: 0.15224988500135817
NPMLE: 0.3335142505059862
SURE-PM, NPMLE init: 0.15227837161523838
m: 761
n: 100
experiment: c
Finished training EB misspecified with NPMLE init, with SURE: 0.010220883886897666
Finished training EB misspecified with NPMLE init, with in-sample MSE: 0.059366427704884595
Finished training EB misspecified, with SURE: 0.010277959915906082
Finished training EB misspecified, with in-sample MSE: 0.059393920790951966

 Training SURE of the models:
SURE-PM: 0.010277959915906082
NPMLE: 0.5465533108098265
SURE-PM, NPMLE init: 0.010220883886897666
experiment: d
Finished training EB misspecified with NPMLE init, with SURE: -0.01507002719276562
Finished training EB misspecified with NPMLE init, with in-sample MSE: 0.005594816033810962
Finished training EB misspecified, with SURE: -0.015067740531648718
Finished training EB misspecified, with in-sample MSE: 0.005589137722889754

 Training SURE of the models:
SURE-PM: -0.015067740531648718
NPMLE: 0.010759816016749574
SURE-PM, NPMLE init: -0.01507002719276562
experiment: e
Finished training EB misspecified with NPMLE init, with SURE: 0.13424345554127406
Finished training EB misspecified with NPMLE init, with in-sample MSE: 0.1958681898140547
Finished training EB misspecified, with SURE: 0.1342475642053212
Finished training EB misspecified, with in-sample MSE: 0.19586140142425884

 Training SURE of the models:
SURE-PM: 0.1342475642053212
NPMLE: 0.3253712232925789
SURE-PM, NPMLE init: 0.13424345554127406
n: 200
experiment: c
Finished training EB misspecified with NPMLE init, with SURE: 0.10751467963555471
Finished training EB misspecified with NPMLE init, with in-sample MSE: 0.12870745375393697
Finished training EB misspecified, with SURE: 0.10752099781266594
Finished training EB misspecified, with in-sample MSE: 0.12868091338580487

 Training SURE of the models:
SURE-PM: 0.10752099781266594
NPMLE: 1.257105957038443
SURE-PM, NPMLE init: 0.10751467963555471
experiment: d
Finished training EB misspecified with NPMLE init, with SURE: 0.010251014838183803
Finished training EB misspecified with NPMLE init, with in-sample MSE: 0.004142134926574184
Finished training EB misspecified, with SURE: 0.010253770528474267
Finished training EB misspecified, with in-sample MSE: 0.004175566175421491

 Training SURE of the models:
SURE-PM: 0.010253770528474267
NPMLE: 0.016592265058867
SURE-PM, NPMLE init: 0.010251014838183803
experiment: e
Finished training EB misspecified with NPMLE init, with SURE: 0.1312108022626756
Finished training EB misspecified with NPMLE init, with in-sample MSE: 0.13680120481083416
Finished training EB misspecified, with SURE: 0.12860726840463244
Finished training EB misspecified, with in-sample MSE: 0.1332307270466178

 Training SURE of the models:
SURE-PM: 0.12860726840463244
NPMLE: 0.29661749985070895
SURE-PM, NPMLE init: 0.1312108022626756
n: 400
experiment: c
Finished training EB misspecified with NPMLE init, with SURE: 0.014941024647633014
Finished training EB misspecified with NPMLE init, with in-sample MSE: 0.05057136003347061
Finished training EB misspecified, with SURE: 0.01495395115559532
Finished training EB misspecified, with in-sample MSE: 0.05057650976795976

 Training SURE of the models:
SURE-PM: 0.01495395115559532
NPMLE: 1.0026260092236636
SURE-PM, NPMLE init: 0.014941024647633014
experiment: d
Finished training EB misspecified with NPMLE init, with SURE: 0.005296132323829213
Finished training EB misspecified with NPMLE init, with in-sample MSE: 0.005318212581159791
Finished training EB misspecified, with SURE: 0.005303913031011103
Finished training EB misspecified, with in-sample MSE: 0.005325751729921648

 Training SURE of the models:
SURE-PM: 0.005303913031011103
NPMLE: 0.07989590996915702
SURE-PM, NPMLE init: 0.005296132323829213
experiment: e
Finished training EB misspecified with NPMLE init, with SURE: 0.1418956053047093
Finished training EB misspecified with NPMLE init, with in-sample MSE: 0.18273495220891775
Finished training EB misspecified, with SURE: 0.1419039343533531
Finished training EB misspecified, with in-sample MSE: 0.18272221991928866

 Training SURE of the models:
SURE-PM: 0.1419039343533531
NPMLE: 0.28168484924682846
SURE-PM, NPMLE init: 0.1418956053047093
m: 762
n: 100
experiment: c
Finished training EB misspecified with NPMLE init, with SURE: -0.00884075771035839
Finished training EB misspecified with NPMLE init, with in-sample MSE: 0.043168595924005654
Finished training EB misspecified, with SURE: -0.008786180382057154
Finished training EB misspecified, with in-sample MSE: 0.04300743341502234

 Training SURE of the models:
SURE-PM: -0.008786180382057154
NPMLE: 0.4438888269202087
SURE-PM, NPMLE init: -0.00884075771035839
experiment: d
Finished training EB misspecified with NPMLE init, with SURE: -0.009495604080219629
Finished training EB misspecified with NPMLE init, with in-sample MSE: 0.020112952323906166
Finished training EB misspecified, with SURE: -0.009495786347438724
Finished training EB misspecified, with in-sample MSE: 0.02011388907390178

 Training SURE of the models:
SURE-PM: -0.009495786347438724
NPMLE: 0.13396886431508243
SURE-PM, NPMLE init: -0.009495604080219629
experiment: e
Finished training EB misspecified with NPMLE init, with SURE: 0.1254263845111022
Finished training EB misspecified with NPMLE init, with in-sample MSE: 0.21863172709150677
Finished training EB misspecified, with SURE: 0.12539293851240682
Finished training EB misspecified, with in-sample MSE: 0.21934236490212217

 Training SURE of the models:
SURE-PM: 0.12539293851240682
NPMLE: 0.39939878615611774
SURE-PM, NPMLE init: 0.1254263845111022
n: 200
experiment: c
Finished training EB misspecified with NPMLE init, with SURE: 0.041103351205929284
Finished training EB misspecified with NPMLE init, with in-sample MSE: 0.06684729300920475
Finished training EB misspecified, with SURE: 0.0411159431263264
Finished training EB misspecified, with in-sample MSE: 0.06684526646689255

 Training SURE of the models:
SURE-PM: 0.0411159431263264
NPMLE: 0.9280280585773394
SURE-PM, NPMLE init: 0.041103351205929284
experiment: d
Finished training EB misspecified with NPMLE init, with SURE: 0.006164748578661854
Finished training EB misspecified with NPMLE init, with in-sample MSE: 0.004831317147408575
Finished training EB misspecified, with SURE: 0.006169199335100259
Finished training EB misspecified, with in-sample MSE: 0.00486059503546705

 Training SURE of the models:
SURE-PM: 0.006169199335100259
NPMLE: 0.05383778605949312
SURE-PM, NPMLE init: 0.006164748578661854
experiment: e
Finished training EB misspecified with NPMLE init, with SURE: 0.12491939106176929
Finished training EB misspecified with NPMLE init, with in-sample MSE: 0.1958346954890608
Finished training EB misspecified, with SURE: 0.12493473020072308
Finished training EB misspecified, with in-sample MSE: 0.19587923115829614

 Training SURE of the models:
SURE-PM: 0.12493473020072308
NPMLE: 0.31385065404238316
SURE-PM, NPMLE init: 0.12491939106176929
n: 400
experiment: c
Finished training EB misspecified with NPMLE init, with SURE: 0.04707909728066134
Finished training EB misspecified with NPMLE init, with in-sample MSE: 0.057280437033490006
Finished training EB misspecified, with SURE: 0.04707875873947963
Finished training EB misspecified, with in-sample MSE: 0.05725462281584225

 Training SURE of the models:
SURE-PM: 0.04707875873947963
NPMLE: 0.7805584507329135
SURE-PM, NPMLE init: 0.04707909728066134
experiment: d
Finished training EB misspecified with NPMLE init, with SURE: 0.0021487586399102556
Finished training EB misspecified with NPMLE init, with in-sample MSE: 0.006137645022765367
Finished training EB misspecified, with SURE: 0.002158047718335716
Finished training EB misspecified, with in-sample MSE: 0.006141293494721212

 Training SURE of the models:
SURE-PM: 0.002158047718335716
NPMLE: 0.06237849903801898
SURE-PM, NPMLE init: 0.0021487586399102556
experiment: e
Finished training EB misspecified with NPMLE init, with SURE: 0.15128050173723018
Finished training EB misspecified with NPMLE init, with in-sample MSE: 0.16490340620786723
Finished training EB misspecified, with SURE: 0.15128754264627794
Finished training EB misspecified, with in-sample MSE: 0.16493217564455956

 Training SURE of the models:
SURE-PM: 0.15128754264627794
NPMLE: 0.34212039907035946
SURE-PM, NPMLE init: 0.15128050173723018
m: 763
n: 100
experiment: c
Finished training EB misspecified with NPMLE init, with SURE: 0.09040101415477374
Finished training EB misspecified with NPMLE init, with in-sample MSE: 0.08003677816083728
Finished training EB misspecified, with SURE: 0.09041033953045137
Finished training EB misspecified, with in-sample MSE: 0.08004776949167702

 Training SURE of the models:
SURE-PM: 0.09041033953045137
NPMLE: 1.1245346867178694
SURE-PM, NPMLE init: 0.09040101415477374
experiment: d
Finished training EB misspecified with NPMLE init, with SURE: -0.02959743105173722
Finished training EB misspecified with NPMLE init, with in-sample MSE: 0.006135928147734875
Finished training EB misspecified, with SURE: -0.030475823450950356
Finished training EB misspecified, with in-sample MSE: 0.012823694689713982

 Training SURE of the models:
SURE-PM: -0.030475823450950356
NPMLE: -0.029276013239908263
SURE-PM, NPMLE init: -0.02959743105173722
experiment: e
Finished training EB misspecified with NPMLE init, with SURE: 0.09952286934124999
Finished training EB misspecified with NPMLE init, with in-sample MSE: 0.18680121290742815
Finished training EB misspecified, with SURE: 0.09952319810990964
Finished training EB misspecified, with in-sample MSE: 0.18702590035647476

 Training SURE of the models:
SURE-PM: 0.09952319810990964
NPMLE: 0.3338293432117822
SURE-PM, NPMLE init: 0.09952286934124999
n: 200
experiment: c
Finished training EB misspecified with NPMLE init, with SURE: -0.06837144957925055
Finished training EB misspecified with NPMLE init, with in-sample MSE: 0.1348282973594664
Finished training EB misspecified, with SURE: -0.06789175223805949
Finished training EB misspecified, with in-sample MSE: 0.13708681402926723

 Training SURE of the models:
SURE-PM: -0.06789175223805949
NPMLE: 0.7629720328084489
SURE-PM, NPMLE init: -0.06837144957925055
experiment: d
Finished training EB misspecified with NPMLE init, with SURE: 0.011954198346699627
Finished training EB misspecified with NPMLE init, with in-sample MSE: 0.010424338825727028
Finished training EB misspecified, with SURE: 0.01218125846002172
Finished training EB misspecified, with in-sample MSE: 0.009938548908525541

 Training SURE of the models:
SURE-PM: 0.01218125846002172
NPMLE: 0.027799138104210853
SURE-PM, NPMLE init: 0.011954198346699627
experiment: e
Finished training EB misspecified with NPMLE init, with SURE: 0.12868419544889814
Finished training EB misspecified with NPMLE init, with in-sample MSE: 0.18692257964113285
Finished training EB misspecified, with SURE: 0.12868975093385704
Finished training EB misspecified, with in-sample MSE: 0.18692565497024213

 Training SURE of the models:
SURE-PM: 0.12868975093385704
NPMLE: 0.311640121990253
SURE-PM, NPMLE init: 0.12868419544889814
n: 400
experiment: c
Finished training EB misspecified with NPMLE init, with SURE: 0.10030118768312087
Finished training EB misspecified with NPMLE init, with in-sample MSE: 0.07388412100967541
Finished training EB misspecified, with SURE: 0.10032382720892763
Finished training EB misspecified, with in-sample MSE: 0.07385833870169008

 Training SURE of the models:
SURE-PM: 0.10032382720892763
NPMLE: 0.7874841689428824
SURE-PM, NPMLE init: 0.10030118768312087
experiment: d
Finished training EB misspecified with NPMLE init, with SURE: -0.0005700155722246513
Finished training EB misspecified with NPMLE init, with in-sample MSE: 0.004119287691281293
Finished training EB misspecified, with SURE: -0.0011856254496067464
Finished training EB misspecified, with in-sample MSE: 0.005331795621791154

 Training SURE of the models:
SURE-PM: -0.0011856254496067464
NPMLE: 0.029829774963017287
SURE-PM, NPMLE init: -0.0005700155722246513
experiment: e
Finished training EB misspecified with NPMLE init, with SURE: 0.16689995088571827
Finished training EB misspecified with NPMLE init, with in-sample MSE: 0.15902577237318732
Finished training EB misspecified, with SURE: 0.1669193979850639
Finished training EB misspecified, with in-sample MSE: 0.1590053181900138

 Training SURE of the models:
SURE-PM: 0.1669193979850639
NPMLE: 0.32853726252927573
SURE-PM, NPMLE init: 0.16689995088571827
m: 764
n: 100
experiment: c
Finished training EB misspecified with NPMLE init, with SURE: 0.027497991070007898
Finished training EB misspecified with NPMLE init, with in-sample MSE: 0.10624905586389043
Finished training EB misspecified, with SURE: 0.02748560329923741
Finished training EB misspecified, with in-sample MSE: 0.10629803564755172

 Training SURE of the models:
SURE-PM: 0.02748560329923741
NPMLE: 0.9469773930235196
SURE-PM, NPMLE init: 0.027497991070007898
experiment: d
Finished training EB misspecified with NPMLE init, with SURE: 0.009388005119235796
Finished training EB misspecified with NPMLE init, with in-sample MSE: 0.021357944898671904
Finished training EB misspecified, with SURE: 0.009387928977868647
Finished training EB misspecified, with in-sample MSE: 0.02135850673180268

 Training SURE of the models:
SURE-PM: 0.009387928977868647
NPMLE: 0.11561389549403785
SURE-PM, NPMLE init: 0.009388005119235796
experiment: e
Finished training EB misspecified with NPMLE init, with SURE: 0.1221084979472079
Finished training EB misspecified with NPMLE init, with in-sample MSE: 0.22025562477513447
Finished training EB misspecified, with SURE: 0.12210810058749776
Finished training EB misspecified, with in-sample MSE: 0.22024572059906522

 Training SURE of the models:
SURE-PM: 0.12210810058749776
NPMLE: 0.2614594221454867
SURE-PM, NPMLE init: 0.1221084979472079
n: 200
experiment: c
Finished training EB misspecified with NPMLE init, with SURE: -0.02732769325649073
Finished training EB misspecified with NPMLE init, with in-sample MSE: 0.05814169166783688
Finished training EB misspecified, with SURE: -0.027325405344804
Finished training EB misspecified, with in-sample MSE: 0.058141003605752355

 Training SURE of the models:
SURE-PM: -0.027325405344804
NPMLE: 0.6991818577397686
SURE-PM, NPMLE init: -0.02732769325649073
experiment: d
Finished training EB misspecified with NPMLE init, with SURE: -0.008887019384827149
Finished training EB misspecified with NPMLE init, with in-sample MSE: 0.006225537388744836
Finished training EB misspecified, with SURE: -0.008884519277979522
Finished training EB misspecified, with in-sample MSE: 0.006224228983078327

 Training SURE of the models:
SURE-PM: -0.008884519277979522
NPMLE: 0.0316724593134307
SURE-PM, NPMLE init: -0.008887019384827149
experiment: e
Finished training EB misspecified with NPMLE init, with SURE: 0.12896894819509044
Finished training EB misspecified with NPMLE init, with in-sample MSE: 0.1621519563305521
Finished training EB misspecified, with SURE: 0.128971004932261
Finished training EB misspecified, with in-sample MSE: 0.16223549452877425

 Training SURE of the models:
SURE-PM: 0.128971004932261
NPMLE: 0.41977586984758675
SURE-PM, NPMLE init: 0.12896894819509044
n: 400
experiment: c
Finished training EB misspecified with NPMLE init, with SURE: 0.026522120073496608
Finished training EB misspecified with NPMLE init, with in-sample MSE: 0.06217816139829896
Finished training EB misspecified, with SURE: 0.026550714484958108
Finished training EB misspecified, with in-sample MSE: 0.062155262521144235

 Training SURE of the models:
SURE-PM: 0.026550714484958108
NPMLE: 1.059891705331788
SURE-PM, NPMLE init: 0.026522120073496608
experiment: d
Finished training EB misspecified with NPMLE init, with SURE: 0.00036501817164015906
Finished training EB misspecified with NPMLE init, with in-sample MSE: 0.003698015278435195
Finished training EB misspecified, with SURE: 0.00037148423186456726
Finished training EB misspecified, with in-sample MSE: 0.0036951981231953795

 Training SURE of the models:
SURE-PM: 0.00037148423186456726
NPMLE: 0.049910421308076124
SURE-PM, NPMLE init: 0.00036501817164015906
experiment: e
Finished training EB misspecified with NPMLE init, with SURE: 0.1607980996333863
Finished training EB misspecified with NPMLE init, with in-sample MSE: 0.16997521590762055
Finished training EB misspecified, with SURE: 0.16062977135893872
Finished training EB misspecified, with in-sample MSE: 0.16882012351286582

 Training SURE of the models:
SURE-PM: 0.16062977135893872
NPMLE: 0.32962259991392534
SURE-PM, NPMLE init: 0.1607980996333863
m: 765
n: 100
experiment: c
Finished training EB misspecified with NPMLE init, with SURE: -0.09352071267592343
Finished training EB misspecified with NPMLE init, with in-sample MSE: 0.05845223842935002
Finished training EB misspecified, with SURE: -0.09349668750112577
Finished training EB misspecified, with in-sample MSE: 0.05838142671963234

 Training SURE of the models:
SURE-PM: -0.09349668750112577
NPMLE: 0.14503580795699983
SURE-PM, NPMLE init: -0.09352071267592343
experiment: d
Finished training EB misspecified with NPMLE init, with SURE: -0.004941761899554855
Finished training EB misspecified with NPMLE init, with in-sample MSE: 0.0065959067274907225
Finished training EB misspecified, with SURE: -0.005110979212402658
Finished training EB misspecified, with in-sample MSE: 0.006765951924361406

 Training SURE of the models:
SURE-PM: -0.005110979212402658
NPMLE: 0.09653141218124826
SURE-PM, NPMLE init: -0.004941761899554855
experiment: e
Finished training EB misspecified with NPMLE init, with SURE: 0.12122868200858665
Finished training EB misspecified with NPMLE init, with in-sample MSE: 0.20390699717114727
Finished training EB misspecified, with SURE: 0.1212351677850619
Finished training EB misspecified, with in-sample MSE: 0.20391271388930868

 Training SURE of the models:
SURE-PM: 0.1212351677850619
NPMLE: 0.37962149311675
SURE-PM, NPMLE init: 0.12122868200858665
n: 200
experiment: c
Finished training EB misspecified with NPMLE init, with SURE: 0.035826637821963415
Finished training EB misspecified with NPMLE init, with in-sample MSE: 0.08161620759277095
Finished training EB misspecified, with SURE: 0.035878071440254115
Finished training EB misspecified, with in-sample MSE: 0.08156901722386163

 Training SURE of the models:
SURE-PM: 0.035878071440254115
NPMLE: 0.7417788757066021
SURE-PM, NPMLE init: 0.035826637821963415
experiment: d
Finished training EB misspecified with NPMLE init, with SURE: -0.015853373134451232
Finished training EB misspecified with NPMLE init, with in-sample MSE: 0.005895828381260445
Finished training EB misspecified, with SURE: -0.015849022927847133
Finished training EB misspecified, with in-sample MSE: 0.005856487338133376

 Training SURE of the models:
SURE-PM: -0.015849022927847133
NPMLE: -0.014446692743584944
SURE-PM, NPMLE init: -0.015853373134451232
experiment: e
Finished training EB misspecified with NPMLE init, with SURE: 0.12200008479847163
Finished training EB misspecified with NPMLE init, with in-sample MSE: 0.18947374605996192
Finished training EB misspecified, with SURE: 0.12200129588106258
Finished training EB misspecified, with in-sample MSE: 0.18946381350199235

 Training SURE of the models:
SURE-PM: 0.12200129588106258
NPMLE: 0.3209112934621954
SURE-PM, NPMLE init: 0.12200008479847163
n: 400
experiment: c
Finished training EB misspecified with NPMLE init, with SURE: 0.011375414841974773
Finished training EB misspecified with NPMLE init, with in-sample MSE: 0.06128719493074831
Finished training EB misspecified, with SURE: 0.011373613351695582
Finished training EB misspecified, with in-sample MSE: 0.061289471116148325

 Training SURE of the models:
SURE-PM: 0.011373613351695582
NPMLE: 0.7001721198066276
SURE-PM, NPMLE init: 0.011375414841974773
experiment: d
Finished training EB misspecified with NPMLE init, with SURE: -0.014017250520463804
Finished training EB misspecified with NPMLE init, with in-sample MSE: 0.006834716001548772
Finished training EB misspecified, with SURE: -0.013096073356694849
Finished training EB misspecified, with in-sample MSE: 0.005456500319482618

 Training SURE of the models:
SURE-PM: -0.013096073356694849
NPMLE: 0.027679692003252966
SURE-PM, NPMLE init: -0.014017250520463804
experiment: e
Finished training EB misspecified with NPMLE init, with SURE: 0.14325660937792506
Finished training EB misspecified with NPMLE init, with in-sample MSE: 0.1692438528798413
Finished training EB misspecified, with SURE: 0.13806772145211518
Finished training EB misspecified, with in-sample MSE: 0.1512708062544928

 Training SURE of the models:
SURE-PM: 0.13806772145211518
NPMLE: 0.33199939814192736
SURE-PM, NPMLE init: 0.14325660937792506
m: 766
n: 100
experiment: c
Finished training EB misspecified with NPMLE init, with SURE: 0.00445223592173491
Finished training EB misspecified with NPMLE init, with in-sample MSE: 0.07136270004449867
Finished training EB misspecified, with SURE: 0.004455893532323217
Finished training EB misspecified, with in-sample MSE: 0.07135797755103769

 Training SURE of the models:
SURE-PM: 0.004455893532323217
NPMLE: 0.18126067939131757
SURE-PM, NPMLE init: 0.00445223592173491
experiment: d
Finished training EB misspecified with NPMLE init, with SURE: 0.009434055654102593
Finished training EB misspecified with NPMLE init, with in-sample MSE: 0.0267551819860614
Finished training EB misspecified, with SURE: 0.009433530025681591
Finished training EB misspecified, with in-sample MSE: 0.026784261060019684

 Training SURE of the models:
SURE-PM: 0.009433530025681591
NPMLE: 0.031344339459290875
SURE-PM, NPMLE init: 0.009434055654102593
experiment: e
Finished training EB misspecified with NPMLE init, with SURE: 0.1102558844883449
Finished training EB misspecified with NPMLE init, with in-sample MSE: 0.2080357585618267
Finished training EB misspecified, with SURE: 0.11025362532085403
Finished training EB misspecified, with in-sample MSE: 0.20798440356359593

 Training SURE of the models:
SURE-PM: 0.11025362532085403
NPMLE: 0.33606658788737165
SURE-PM, NPMLE init: 0.1102558844883449
n: 200
experiment: c
Finished training EB misspecified with NPMLE init, with SURE: 0.10972102749412826
Finished training EB misspecified with NPMLE init, with in-sample MSE: 0.17692235844532245
Finished training EB misspecified, with SURE: 0.10980305687713156
Finished training EB misspecified, with in-sample MSE: 0.17842214058237957

 Training SURE of the models:
SURE-PM: 0.10980305687713156
NPMLE: 1.102739725955071
SURE-PM, NPMLE init: 0.10972102749412826
experiment: d
Finished training EB misspecified with NPMLE init, with SURE: -0.0012128866121330973
Finished training EB misspecified with NPMLE init, with in-sample MSE: 0.00656091823101546
Finished training EB misspecified, with SURE: -0.0012111689452169293
Finished training EB misspecified, with in-sample MSE: 0.006559704151184332

 Training SURE of the models:
SURE-PM: -0.0012111689452169293
NPMLE: 0.09840471842287714
SURE-PM, NPMLE init: -0.0012128866121330973
experiment: e
Finished training EB misspecified with NPMLE init, with SURE: 0.1744604598825323
Finished training EB misspecified with NPMLE init, with in-sample MSE: 0.23555543383594965
Finished training EB misspecified, with SURE: 0.1743254643150098
Finished training EB misspecified, with in-sample MSE: 0.23285635571543856

 Training SURE of the models:
SURE-PM: 0.1743254643150098
NPMLE: 0.34220715436361077
SURE-PM, NPMLE init: 0.1744604598825323
n: 400
experiment: c
Finished training EB misspecified with NPMLE init, with SURE: 0.026161889897485226
Finished training EB misspecified with NPMLE init, with in-sample MSE: 0.05148430583023826
Finished training EB misspecified, with SURE: 0.02616688058652848
Finished training EB misspecified, with in-sample MSE: 0.051469628890025695

 Training SURE of the models:
SURE-PM: 0.02616688058652848
NPMLE: 0.7428549190675473
SURE-PM, NPMLE init: 0.026161889897485226
experiment: d
Finished training EB misspecified with NPMLE init, with SURE: 0.0018829659702164036
Finished training EB misspecified with NPMLE init, with in-sample MSE: 0.005228056857750847
Finished training EB misspecified, with SURE: 0.0018854478430185217
Finished training EB misspecified, with in-sample MSE: 0.0052092437234228664

 Training SURE of the models:
SURE-PM: 0.0018854478430185217
NPMLE: 0.04087324340248968
SURE-PM, NPMLE init: 0.0018829659702164036
experiment: e
Finished training EB misspecified with NPMLE init, with SURE: 0.1769388071643353
Finished training EB misspecified with NPMLE init, with in-sample MSE: 0.17556653918702317
Finished training EB misspecified, with SURE: 0.17694543936433352
Finished training EB misspecified, with in-sample MSE: 0.17556999818531702

 Training SURE of the models:
SURE-PM: 0.17694543936433352
NPMLE: 0.32584811646739836
SURE-PM, NPMLE init: 0.1769388071643353
m: 767
n: 100
experiment: c
Finished training EB misspecified with NPMLE init, with SURE: 0.015878598445647187
Finished training EB misspecified with NPMLE init, with in-sample MSE: 0.07487586779259521
Finished training EB misspecified, with SURE: 0.01588795197428162
Finished training EB misspecified, with in-sample MSE: 0.07483363777690057

 Training SURE of the models:
SURE-PM: 0.01588795197428162
NPMLE: 0.23728369070081057
SURE-PM, NPMLE init: 0.015878598445647187
experiment: d
Finished training EB misspecified with NPMLE init, with SURE: 0.016532988563956595
Finished training EB misspecified with NPMLE init, with in-sample MSE: 0.011525550284869117
Finished training EB misspecified, with SURE: 0.016532937593480578
Finished training EB misspecified, with in-sample MSE: 0.01152740388120622

 Training SURE of the models:
SURE-PM: 0.016532937593480578
NPMLE: 0.06397777228819315
SURE-PM, NPMLE init: 0.016532988563956595
experiment: e
Finished training EB misspecified with NPMLE init, with SURE: 0.1406251671800358
Finished training EB misspecified with NPMLE init, with in-sample MSE: 0.27390355170833264
Finished training EB misspecified, with SURE: 0.14543082642013644
Finished training EB misspecified, with in-sample MSE: 0.24405474296933566

 Training SURE of the models:
SURE-PM: 0.14543082642013644
NPMLE: 0.3029760836251312
SURE-PM, NPMLE init: 0.1406251671800358
n: 200
experiment: c
Finished training EB misspecified with NPMLE init, with SURE: 0.012043181958110268
Finished training EB misspecified with NPMLE init, with in-sample MSE: 0.05940363233710807
Finished training EB misspecified, with SURE: 0.012040536863567439
Finished training EB misspecified, with in-sample MSE: 0.05940861088262445

 Training SURE of the models:
SURE-PM: 0.012040536863567439
NPMLE: 0.5088064132317318
SURE-PM, NPMLE init: 0.012043181958110268
experiment: d
Finished training EB misspecified with NPMLE init, with SURE: 0.010962129447865792
Finished training EB misspecified with NPMLE init, with in-sample MSE: 0.004343116382203073
Finished training EB misspecified, with SURE: 0.010966918520902312
Finished training EB misspecified, with in-sample MSE: 0.004342334733457287

 Training SURE of the models:
SURE-PM: 0.010966918520902312
NPMLE: 0.05027867723259536
SURE-PM, NPMLE init: 0.010962129447865792
experiment: e
Finished training EB misspecified with NPMLE init, with SURE: 0.214108199111164
Finished training EB misspecified with NPMLE init, with in-sample MSE: 0.20123597098824128
Finished training EB misspecified, with SURE: 0.2141113529250537
Finished training EB misspecified, with in-sample MSE: 0.2012307216560581

 Training SURE of the models:
SURE-PM: 0.2141113529250537
NPMLE: 0.2632785220386509
SURE-PM, NPMLE init: 0.214108199111164
n: 400
experiment: c
Finished training EB misspecified with NPMLE init, with SURE: 0.016435911308645218
Finished training EB misspecified with NPMLE init, with in-sample MSE: 0.06761027330213149
Finished training EB misspecified, with SURE: 0.02344171139370957
Finished training EB misspecified, with in-sample MSE: 0.05236907630690999

 Training SURE of the models:
SURE-PM: 0.02344171139370957
NPMLE: 0.7281028817198165
SURE-PM, NPMLE init: 0.016435911308645218
experiment: d
Finished training EB misspecified with NPMLE init, with SURE: -0.006084512977318308
Finished training EB misspecified with NPMLE init, with in-sample MSE: 0.005783549182652902
Finished training EB misspecified, with SURE: -0.006072374596614516
Finished training EB misspecified, with in-sample MSE: 0.0058313012822281615

 Training SURE of the models:
SURE-PM: -0.006072374596614516
NPMLE: 0.05297490527700863
SURE-PM, NPMLE init: -0.006084512977318308
experiment: e
Finished training EB misspecified with NPMLE init, with SURE: 0.16512419890561483
Finished training EB misspecified with NPMLE init, with in-sample MSE: 0.17563066493146173
Finished training EB misspecified, with SURE: 0.16512723624249817
Finished training EB misspecified, with in-sample MSE: 0.17564400823007328

 Training SURE of the models:
SURE-PM: 0.16512723624249817
NPMLE: 0.32544621206926067
SURE-PM, NPMLE init: 0.16512419890561483
m: 768
n: 100
experiment: c
Finished training EB misspecified with NPMLE init, with SURE: 0.040038249005429453
Finished training EB misspecified with NPMLE init, with in-sample MSE: 0.08963182548388735
Finished training EB misspecified, with SURE: 0.04001907340130529
Finished training EB misspecified, with in-sample MSE: 0.0896829349437263

 Training SURE of the models:
SURE-PM: 0.04001907340130529
NPMLE: 0.984651765385352
SURE-PM, NPMLE init: 0.040038249005429453
experiment: d
Finished training EB misspecified with NPMLE init, with SURE: -0.005014692764538218
Finished training EB misspecified with NPMLE init, with in-sample MSE: 0.007471896355859715
Finished training EB misspecified, with SURE: -0.005014606673521805
Finished training EB misspecified, with in-sample MSE: 0.007472203326937733

 Training SURE of the models:
SURE-PM: -0.005014606673521805
NPMLE: -0.004704551844686584
SURE-PM, NPMLE init: -0.005014692764538218
experiment: e
Finished training EB misspecified with NPMLE init, with SURE: 0.1758504073071486
Finished training EB misspecified with NPMLE init, with in-sample MSE: 0.24011932582984155
Finished training EB misspecified, with SURE: 0.17584592753391448
Finished training EB misspecified, with in-sample MSE: 0.24012591214605228

 Training SURE of the models:
SURE-PM: 0.17584592753391448
NPMLE: 0.3037683944723314
SURE-PM, NPMLE init: 0.1758504073071486
n: 200
experiment: c
Finished training EB misspecified with NPMLE init, with SURE: 0.05368946194780477
Finished training EB misspecified with NPMLE init, with in-sample MSE: 0.10490013590734946
Finished training EB misspecified, with SURE: 0.07124307658888838
Finished training EB misspecified, with in-sample MSE: 0.0677285785347258

 Training SURE of the models:
SURE-PM: 0.07124307658888838
NPMLE: 0.7962214555241687
SURE-PM, NPMLE init: 0.05368946194780477
experiment: d
Finished training EB misspecified with NPMLE init, with SURE: 0.0086187069480658
Finished training EB misspecified with NPMLE init, with in-sample MSE: 0.006578997332246355
Finished training EB misspecified, with SURE: 0.008620011810466312
Finished training EB misspecified, with in-sample MSE: 0.0065806669182901425

 Training SURE of the models:
SURE-PM: 0.008620011810466312
NPMLE: 0.009533228065152919
SURE-PM, NPMLE init: 0.0086187069480658
experiment: e
Finished training EB misspecified with NPMLE init, with SURE: 0.14395959013623189
Finished training EB misspecified with NPMLE init, with in-sample MSE: 0.23873278384079555
Finished training EB misspecified, with SURE: 0.14397003564913047
Finished training EB misspecified, with in-sample MSE: 0.23876723494090554

 Training SURE of the models:
SURE-PM: 0.14397003564913047
NPMLE: 0.2628028607358191
SURE-PM, NPMLE init: 0.14395959013623189
n: 400
experiment: c
Finished training EB misspecified with NPMLE init, with SURE: 0.0290165971910794
Finished training EB misspecified with NPMLE init, with in-sample MSE: 0.06611335794464476
Finished training EB misspecified, with SURE: 0.029027467927505983
Finished training EB misspecified, with in-sample MSE: 0.0661135824082104

 Training SURE of the models:
SURE-PM: 0.029027467927505983
NPMLE: 0.36503532626899426
SURE-PM, NPMLE init: 0.0290165971910794
experiment: d
Finished training EB misspecified with NPMLE init, with SURE: 0.005680069438618603
Finished training EB misspecified with NPMLE init, with in-sample MSE: 0.004734448079796162
Finished training EB misspecified, with SURE: 0.0056844775392976745
Finished training EB misspecified, with in-sample MSE: 0.00472818336018918

 Training SURE of the models:
SURE-PM: 0.0056844775392976745
NPMLE: 0.03970862034337785
SURE-PM, NPMLE init: 0.005680069438618603
experiment: e
Finished training EB misspecified with NPMLE init, with SURE: 0.1640783280081807
Finished training EB misspecified with NPMLE init, with in-sample MSE: 0.1756892472989162
Finished training EB misspecified, with SURE: 0.16464265713486284
Finished training EB misspecified, with in-sample MSE: 0.17633290238354904

 Training SURE of the models:
SURE-PM: 0.16464265713486284
NPMLE: 0.31054470829351694
SURE-PM, NPMLE init: 0.1640783280081807
m: 769
n: 100
experiment: c
Finished training EB misspecified with NPMLE init, with SURE: -0.08522268585050703
Finished training EB misspecified with NPMLE init, with in-sample MSE: 0.062309058995221794
Finished training EB misspecified, with SURE: -0.08522069894719096
Finished training EB misspecified, with in-sample MSE: 0.06230619565480893

 Training SURE of the models:
SURE-PM: -0.08522069894719096
NPMLE: 0.3151900445508836
SURE-PM, NPMLE init: -0.08522268585050703
experiment: d
Finished training EB misspecified with NPMLE init, with SURE: -0.006769757516605175
Finished training EB misspecified with NPMLE init, with in-sample MSE: 0.004964088923560839
Finished training EB misspecified, with SURE: -0.006766086879016307
Finished training EB misspecified, with in-sample MSE: 0.0049691460212711635

 Training SURE of the models:
SURE-PM: -0.006766086879016307
NPMLE: 0.026304231886670682
SURE-PM, NPMLE init: -0.006769757516605175
experiment: e
Finished training EB misspecified with NPMLE init, with SURE: 0.1606897911319416
Finished training EB misspecified with NPMLE init, with in-sample MSE: 0.15596248681521518
Finished training EB misspecified, with SURE: 0.16069422902772446
Finished training EB misspecified, with in-sample MSE: 0.1559789112037886

 Training SURE of the models:
SURE-PM: 0.16069422902772446
NPMLE: 0.29273352920295015
SURE-PM, NPMLE init: 0.1606897911319416
n: 200
experiment: c
Finished training EB misspecified with NPMLE init, with SURE: 0.13902633882774454
Finished training EB misspecified with NPMLE init, with in-sample MSE: 0.09505893604888983
Finished training EB misspecified, with SURE: 0.13903247465417992
Finished training EB misspecified, with in-sample MSE: 0.09504805028920515

 Training SURE of the models:
SURE-PM: 0.13903247465417992
NPMLE: 0.6676605617589644
SURE-PM, NPMLE init: 0.13902633882774454
experiment: d
Finished training EB misspecified with NPMLE init, with SURE: 0.008322848051402794
Finished training EB misspecified with NPMLE init, with in-sample MSE: 0.006418345368250932
Finished training EB misspecified, with SURE: 0.0083229314099858
Finished training EB misspecified, with in-sample MSE: 0.006418807434362131

 Training SURE of the models:
SURE-PM: 0.0083229314099858
NPMLE: 0.028999682571286753
SURE-PM, NPMLE init: 0.008322848051402794
experiment: e
Finished training EB misspecified with NPMLE init, with SURE: 0.17046177255595804
Finished training EB misspecified with NPMLE init, with in-sample MSE: 0.2143794100046209
Finished training EB misspecified, with SURE: 0.1704647811521517
Finished training EB misspecified, with in-sample MSE: 0.21435080599122436

 Training SURE of the models:
SURE-PM: 0.1704647811521517
NPMLE: 0.3099923566851713
SURE-PM, NPMLE init: 0.17046177255595804
n: 400
experiment: c
Finished training EB misspecified with NPMLE init, with SURE: 0.04333492321038825
Finished training EB misspecified with NPMLE init, with in-sample MSE: 0.07046318830039415
Finished training EB misspecified, with SURE: 0.04334081858947023
Finished training EB misspecified, with in-sample MSE: 0.07052497678918747

 Training SURE of the models:
SURE-PM: 0.04334081858947023
NPMLE: 0.7241806616441951
SURE-PM, NPMLE init: 0.04333492321038825
experiment: d
Finished training EB misspecified with NPMLE init, with SURE: -0.00038298581049559747
Finished training EB misspecified with NPMLE init, with in-sample MSE: 0.005638889234758676
Finished training EB misspecified, with SURE: -0.0003797591905472686
Finished training EB misspecified, with in-sample MSE: 0.005640831902495374

 Training SURE of the models:
SURE-PM: -0.0003797591905472686
NPMLE: 0.071671072828216
SURE-PM, NPMLE init: -0.00038298581049559747
experiment: e
Finished training EB misspecified with NPMLE init, with SURE: 0.16040505816622136
Finished training EB misspecified with NPMLE init, with in-sample MSE: 0.17585500309527358
Finished training EB misspecified, with SURE: 0.16041269233348607
Finished training EB misspecified, with in-sample MSE: 0.1758730450959029

 Training SURE of the models:
SURE-PM: 0.16041269233348607
NPMLE: 0.2913592250025541
SURE-PM, NPMLE init: 0.16040505816622136
m: 770
n: 100
experiment: c
Finished training EB misspecified with NPMLE init, with SURE: -0.019078161716858232
Finished training EB misspecified with NPMLE init, with in-sample MSE: 0.07080542589776978
Finished training EB misspecified, with SURE: -0.019082168406585397
Finished training EB misspecified, with in-sample MSE: 0.07081116308904717

 Training SURE of the models:
SURE-PM: -0.019082168406585397
NPMLE: 0.947662998794802
SURE-PM, NPMLE init: -0.019078161716858232
experiment: d
Finished training EB misspecified with NPMLE init, with SURE: -0.026268451563460537
Finished training EB misspecified with NPMLE init, with in-sample MSE: 0.007064887388343273
Finished training EB misspecified, with SURE: -0.026266354249472778
Finished training EB misspecified, with in-sample MSE: 0.0070680067532584035

 Training SURE of the models:
SURE-PM: -0.026266354249472778
NPMLE: 0.016251061366510874
SURE-PM, NPMLE init: -0.026268451563460537
experiment: e
Finished training EB misspecified with NPMLE init, with SURE: 0.0757148432268718
Finished training EB misspecified with NPMLE init, with in-sample MSE: 0.2028559449253658
Finished training EB misspecified, with SURE: 0.07571776230896948
Finished training EB misspecified, with in-sample MSE: 0.20284893175693572

 Training SURE of the models:
SURE-PM: 0.07571776230896948
NPMLE: 0.41800061888615814
SURE-PM, NPMLE init: 0.0757148432268718
n: 200
experiment: c
Finished training EB misspecified with NPMLE init, with SURE: -0.0621821124374165
Finished training EB misspecified with NPMLE init, with in-sample MSE: 0.07208074988381989
Finished training EB misspecified, with SURE: -0.062180664041921574
Finished training EB misspecified, with in-sample MSE: 0.07207821861875256

 Training SURE of the models:
SURE-PM: -0.062180664041921574
NPMLE: 0.47508254029615204
SURE-PM, NPMLE init: -0.0621821124374165
experiment: d
Finished training EB misspecified with NPMLE init, with SURE: 0.0067232469020482456
Finished training EB misspecified with NPMLE init, with in-sample MSE: 0.013070163717826726
Finished training EB misspecified, with SURE: 0.006723310956186168
Finished training EB misspecified, with in-sample MSE: 0.013042783232849037

 Training SURE of the models:
SURE-PM: 0.006723310956186168
NPMLE: 0.009043880286582838
SURE-PM, NPMLE init: 0.0067232469020482456
experiment: e
Finished training EB misspecified with NPMLE init, with SURE: 0.16871783198340537
Finished training EB misspecified with NPMLE init, with in-sample MSE: 0.18636185810801334
Finished training EB misspecified, with SURE: 0.16872215196730098
Finished training EB misspecified, with in-sample MSE: 0.18637082563548377

 Training SURE of the models:
SURE-PM: 0.16872215196730098
NPMLE: 0.32551307787331313
SURE-PM, NPMLE init: 0.16871783198340537
n: 400
experiment: c
Finished training EB misspecified with NPMLE init, with SURE: 0.06569860268660975
Finished training EB misspecified with NPMLE init, with in-sample MSE: 0.062498073003923016
Finished training EB misspecified, with SURE: 0.0657076175270842
Finished training EB misspecified, with in-sample MSE: 0.062493396144812065

 Training SURE of the models:
SURE-PM: 0.0657076175270842
NPMLE: 0.45154762283916716
SURE-PM, NPMLE init: 0.06569860268660975
experiment: d
Finished training EB misspecified with NPMLE init, with SURE: -0.002310726899507678
Finished training EB misspecified with NPMLE init, with in-sample MSE: 0.007037053281086617
Finished training EB misspecified, with SURE: -0.0023015259614441773
Finished training EB misspecified, with in-sample MSE: 0.0069911500332016825

 Training SURE of the models:
SURE-PM: -0.0023015259614441773
NPMLE: 0.06005894787910655
SURE-PM, NPMLE init: -0.002310726899507678
experiment: e
Finished training EB misspecified with NPMLE init, with SURE: 0.1611701008726771
Finished training EB misspecified with NPMLE init, with in-sample MSE: 0.1839377929557765
Finished training EB misspecified, with SURE: 0.16117558615138047
Finished training EB misspecified, with in-sample MSE: 0.18393460651788515

 Training SURE of the models:
SURE-PM: 0.16117558615138047
NPMLE: 0.34684577975219694
SURE-PM, NPMLE init: 0.1611701008726771
m: 771
n: 100
experiment: c
Finished training EB misspecified with NPMLE init, with SURE: 0.1194875109167559
Finished training EB misspecified with NPMLE init, with in-sample MSE: 0.09209467078390908
Finished training EB misspecified, with SURE: 0.11948884536439351
Finished training EB misspecified, with in-sample MSE: 0.09209406995609223

 Training SURE of the models:
SURE-PM: 0.11948884536439351
NPMLE: 0.6770525671688864
SURE-PM, NPMLE init: 0.1194875109167559
experiment: d
Finished training EB misspecified with NPMLE init, with SURE: 0.007790269093809723
Finished training EB misspecified with NPMLE init, with in-sample MSE: 0.011566085219565361
Finished training EB misspecified, with SURE: 0.007790293624961038
Finished training EB misspecified, with in-sample MSE: 0.011566314650950413

 Training SURE of the models:
SURE-PM: 0.007790293624961038
NPMLE: 0.047871464266559194
SURE-PM, NPMLE init: 0.007790269093809723
experiment: e
Finished training EB misspecified with NPMLE init, with SURE: 0.14475161288162333
Finished training EB misspecified with NPMLE init, with in-sample MSE: 0.21374064967494635
Finished training EB misspecified, with SURE: 0.14381450529409434
Finished training EB misspecified, with in-sample MSE: 0.20940102775311292

 Training SURE of the models:
SURE-PM: 0.14381450529409434
NPMLE: 0.3273096809023739
SURE-PM, NPMLE init: 0.14475161288162333
n: 200
experiment: c
Finished training EB misspecified with NPMLE init, with SURE: 0.10545309824407795
Finished training EB misspecified with NPMLE init, with in-sample MSE: 0.07507402901268673
Finished training EB misspecified, with SURE: 0.10547002577846826
Finished training EB misspecified, with in-sample MSE: 0.07499084560411293

 Training SURE of the models:
SURE-PM: 0.10547002577846826
NPMLE: 0.45489861963361816
SURE-PM, NPMLE init: 0.10545309824407795
experiment: d
Finished training EB misspecified with NPMLE init, with SURE: -0.0182292208541244
Finished training EB misspecified with NPMLE init, with in-sample MSE: 0.008318186390755336
Finished training EB misspecified, with SURE: -0.01822749624197206
Finished training EB misspecified, with in-sample MSE: 0.008318008254435554

 Training SURE of the models:
SURE-PM: -0.01822749624197206
NPMLE: 0.06374578879135216
SURE-PM, NPMLE init: -0.0182292208541244
experiment: e
Finished training EB misspecified with NPMLE init, with SURE: 0.13878770434900745
Finished training EB misspecified with NPMLE init, with in-sample MSE: 0.15857111529700524
Finished training EB misspecified, with SURE: 0.1329622322492176
Finished training EB misspecified, with in-sample MSE: 0.16133753141594312

 Training SURE of the models:
SURE-PM: 0.1329622322492176
NPMLE: 0.28262259353571784
SURE-PM, NPMLE init: 0.13878770434900745
n: 400
experiment: c
Finished training EB misspecified with NPMLE init, with SURE: -0.000520474111688074
Finished training EB misspecified with NPMLE init, with in-sample MSE: 0.08854210437238991
Finished training EB misspecified, with SURE: -0.000776767756533161
Finished training EB misspecified, with in-sample MSE: 0.08369775774566036

 Training SURE of the models:
SURE-PM: -0.000776767756533161
NPMLE: 0.8946881165693492
SURE-PM, NPMLE init: -0.000520474111688074
experiment: d
Finished training EB misspecified with NPMLE init, with SURE: -0.0036519092384085993
Finished training EB misspecified with NPMLE init, with in-sample MSE: 0.006969358988699421
Finished training EB misspecified, with SURE: -0.00365201103975771
Finished training EB misspecified, with in-sample MSE: 0.006969905767367643

 Training SURE of the models:
SURE-PM: -0.00365201103975771
NPMLE: 0.06748751257367985
SURE-PM, NPMLE init: -0.0036519092384085993
experiment: e
Finished training EB misspecified with NPMLE init, with SURE: 0.11818037401818188
Finished training EB misspecified with NPMLE init, with in-sample MSE: 0.1584892011891038
Finished training EB misspecified, with SURE: 0.11821546384617819
Finished training EB misspecified, with in-sample MSE: 0.1588391934013098

 Training SURE of the models:
SURE-PM: 0.11821546384617819
NPMLE: 0.3805435672308502
SURE-PM, NPMLE init: 0.11818037401818188
m: 772
n: 100
experiment: c
Finished training EB misspecified with NPMLE init, with SURE: -0.02711721493091645
Finished training EB misspecified with NPMLE init, with in-sample MSE: 0.0726482280809179
Finished training EB misspecified, with SURE: -0.02710803710721791
Finished training EB misspecified, with in-sample MSE: 0.07264330236886597

 Training SURE of the models:
SURE-PM: -0.02710803710721791
NPMLE: 0.8381470155872011
SURE-PM, NPMLE init: -0.02711721493091645
experiment: d
Finished training EB misspecified with NPMLE init, with SURE: -0.019206487411585763
Finished training EB misspecified with NPMLE init, with in-sample MSE: 0.0023333697982859253
Finished training EB misspecified, with SURE: -0.02674429430701867
Finished training EB misspecified, with in-sample MSE: 0.029645382508485144

 Training SURE of the models:
SURE-PM: -0.02674429430701867
NPMLE: 0.023675903405611987
SURE-PM, NPMLE init: -0.019206487411585763
experiment: e
Finished training EB misspecified with NPMLE init, with SURE: 0.07546581762148549
Finished training EB misspecified with NPMLE init, with in-sample MSE: 0.17283429478743373
Finished training EB misspecified, with SURE: 0.07546443058112416
Finished training EB misspecified, with in-sample MSE: 0.17284191590432765

 Training SURE of the models:
SURE-PM: 0.07546443058112416
NPMLE: 0.43901374731427184
SURE-PM, NPMLE init: 0.07546581762148549
n: 200
experiment: c
Finished training EB misspecified with NPMLE init, with SURE: 0.03141169637604051
Finished training EB misspecified with NPMLE init, with in-sample MSE: 0.06650889311019274
Finished training EB misspecified, with SURE: 0.03141459801223384
Finished training EB misspecified, with in-sample MSE: 0.06650679119210053

 Training SURE of the models:
SURE-PM: 0.03141459801223384
NPMLE: 0.794194453082914
SURE-PM, NPMLE init: 0.03141169637604051
experiment: d
Finished training EB misspecified with NPMLE init, with SURE: -0.01873701754720047
Finished training EB misspecified with NPMLE init, with in-sample MSE: 0.0031022238119789774
Finished training EB misspecified, with SURE: -0.01873506265897486
Finished training EB misspecified, with in-sample MSE: 0.0031025253100490403

 Training SURE of the models:
SURE-PM: -0.01873506265897486
NPMLE: 0.0005089374528774826
SURE-PM, NPMLE init: -0.01873701754720047
experiment: e
Finished training EB misspecified with NPMLE init, with SURE: 0.17580390513489566
Finished training EB misspecified with NPMLE init, with in-sample MSE: 0.16454599734303652
Finished training EB misspecified, with SURE: 0.17586982371662738
Finished training EB misspecified, with in-sample MSE: 0.1650149375884542

 Training SURE of the models:
SURE-PM: 0.17586982371662738
NPMLE: 0.33838830341474563
SURE-PM, NPMLE init: 0.17580390513489566
n: 400
experiment: c
Finished training EB misspecified with NPMLE init, with SURE: 0.04943320400308998
Finished training EB misspecified with NPMLE init, with in-sample MSE: 0.06099074914295329
Finished training EB misspecified, with SURE: 0.04945238945025686
Finished training EB misspecified, with in-sample MSE: 0.06121664878121619

 Training SURE of the models:
SURE-PM: 0.04945238945025686
NPMLE: 0.9282583708459086
SURE-PM, NPMLE init: 0.04943320400308998
experiment: d
Finished training EB misspecified with NPMLE init, with SURE: -0.0008856075940759567
Finished training EB misspecified with NPMLE init, with in-sample MSE: 0.003102959269918737
Finished training EB misspecified, with SURE: -0.0008851650576925963
Finished training EB misspecified, with in-sample MSE: 0.003102726808995835

 Training SURE of the models:
SURE-PM: -0.0008851650576925963
NPMLE: 0.016447946748421476
SURE-PM, NPMLE init: -0.0008856075940759567
experiment: e
Finished training EB misspecified with NPMLE init, with SURE: 0.12125491197991174
Finished training EB misspecified with NPMLE init, with in-sample MSE: 0.15219254525030398
Finished training EB misspecified, with SURE: 0.12127252909018758
Finished training EB misspecified, with in-sample MSE: 0.15224231931142287

 Training SURE of the models:
SURE-PM: 0.12127252909018758
NPMLE: 0.38947436736535734
SURE-PM, NPMLE init: 0.12125491197991174
m: 773
n: 100
experiment: c
Finished training EB misspecified with NPMLE init, with SURE: 0.0343889777041224
Finished training EB misspecified with NPMLE init, with in-sample MSE: 0.05654920001010342
Finished training EB misspecified, with SURE: 0.03438926936918378
Finished training EB misspecified, with in-sample MSE: 0.056549359186512896

 Training SURE of the models:
SURE-PM: 0.03438926936918378
NPMLE: 0.4660079060491969
SURE-PM, NPMLE init: 0.0343889777041224
experiment: d
Finished training EB misspecified with NPMLE init, with SURE: 0.045278493419216304
Finished training EB misspecified with NPMLE init, with in-sample MSE: 0.022961823207025542
Finished training EB misspecified, with SURE: 0.04527859607499956
Finished training EB misspecified, with in-sample MSE: 0.02297508719928731

 Training SURE of the models:
SURE-PM: 0.04527859607499956
NPMLE: 0.1075242128487221
SURE-PM, NPMLE init: 0.045278493419216304
experiment: e
Finished training EB misspecified with NPMLE init, with SURE: 0.15362169340968834
Finished training EB misspecified with NPMLE init, with in-sample MSE: 0.21086790758926768
Finished training EB misspecified, with SURE: 0.15362510348816166
Finished training EB misspecified, with in-sample MSE: 0.21086442025427934

 Training SURE of the models:
SURE-PM: 0.15362510348816166
NPMLE: 0.2841177494424791
SURE-PM, NPMLE init: 0.15362169340968834
n: 200
experiment: c
Finished training EB misspecified with NPMLE init, with SURE: 0.08807596206047996
Finished training EB misspecified with NPMLE init, with in-sample MSE: 0.06021951822156228
Finished training EB misspecified, with SURE: 0.08808866426846627
Finished training EB misspecified, with in-sample MSE: 0.06021065812315173

 Training SURE of the models:
SURE-PM: 0.08808866426846627
NPMLE: 0.6019185138133565
SURE-PM, NPMLE init: 0.08807596206047996
experiment: d
Finished training EB misspecified with NPMLE init, with SURE: 0.005191667745607429
Finished training EB misspecified with NPMLE init, with in-sample MSE: 0.006476434681823355
Finished training EB misspecified, with SURE: 0.005191716672922695
Finished training EB misspecified, with in-sample MSE: 0.0064770814691092835

 Training SURE of the models:
SURE-PM: 0.005191716672922695
NPMLE: 0.04584822728327865
SURE-PM, NPMLE init: 0.005191667745607429
experiment: e
Finished training EB misspecified with NPMLE init, with SURE: 0.1566390858147803
Finished training EB misspecified with NPMLE init, with in-sample MSE: 0.23938091449732699
Finished training EB misspecified, with SURE: 0.15664113730167575
Finished training EB misspecified, with in-sample MSE: 0.23943168460294587

 Training SURE of the models:
SURE-PM: 0.15664113730167575
NPMLE: 0.282982717258187
SURE-PM, NPMLE init: 0.1566390858147803
n: 400
experiment: c
Finished training EB misspecified with NPMLE init, with SURE: 0.0855482933587905
Finished training EB misspecified with NPMLE init, with in-sample MSE: 0.054816399102498546
Finished training EB misspecified, with SURE: 0.08560491981551102
Finished training EB misspecified, with in-sample MSE: 0.05471717123198224

 Training SURE of the models:
SURE-PM: 0.08560491981551102
NPMLE: 0.5737321719152556
SURE-PM, NPMLE init: 0.0855482933587905
experiment: d
Finished training EB misspecified with NPMLE init, with SURE: -0.010700925249539068
Finished training EB misspecified with NPMLE init, with in-sample MSE: 0.006628737906900226
Finished training EB misspecified, with SURE: -0.010699818717283947
Finished training EB misspecified, with in-sample MSE: 0.006628112359400193

 Training SURE of the models:
SURE-PM: -0.010699818717283947
NPMLE: 0.03942423647718508
SURE-PM, NPMLE init: -0.010700925249539068
experiment: e
Finished training EB misspecified with NPMLE init, with SURE: 0.14202263807344925
Finished training EB misspecified with NPMLE init, with in-sample MSE: 0.19930017010808054
Finished training EB misspecified, with SURE: 0.14202086337629358
Finished training EB misspecified, with in-sample MSE: 0.19930040544437605

 Training SURE of the models:
SURE-PM: 0.14202086337629358
NPMLE: 0.3224606475852381
SURE-PM, NPMLE init: 0.14202263807344925
m: 774
n: 100
experiment: c
Finished training EB misspecified with NPMLE init, with SURE: -0.03907569789317968
Finished training EB misspecified with NPMLE init, with in-sample MSE: 0.13055004802526857
Finished training EB misspecified, with SURE: -0.039094450573737095
Finished training EB misspecified, with in-sample MSE: 0.13059589193079785

 Training SURE of the models:
SURE-PM: -0.039094450573737095
NPMLE: 1.3867998286916607
SURE-PM, NPMLE init: -0.03907569789317968
experiment: d
Finished training EB misspecified with NPMLE init, with SURE: -0.02323315700479519
Finished training EB misspecified with NPMLE init, with in-sample MSE: 0.005788426321600665
Finished training EB misspecified, with SURE: -0.02323024059649102
Finished training EB misspecified, with in-sample MSE: 0.0058569384820609674

 Training SURE of the models:
SURE-PM: -0.02323024059649102
NPMLE: 0.0015924530427016493
SURE-PM, NPMLE init: -0.02323315700479519
experiment: e
Finished training EB misspecified with NPMLE init, with SURE: 0.12090116840154785
Finished training EB misspecified with NPMLE init, with in-sample MSE: 0.1728608305375618
Finished training EB misspecified, with SURE: 0.12090313869535833
Finished training EB misspecified, with in-sample MSE: 0.17285543860693628

 Training SURE of the models:
SURE-PM: 0.12090313869535833
NPMLE: 0.6374304580750028
SURE-PM, NPMLE init: 0.12090116840154785
n: 200
experiment: c
Finished training EB misspecified with NPMLE init, with SURE: 0.07105798257615213
Finished training EB misspecified with NPMLE init, with in-sample MSE: 0.11461352468151903
Finished training EB misspecified, with SURE: 0.07104238686604085
Finished training EB misspecified, with in-sample MSE: 0.11483291848924658

 Training SURE of the models:
SURE-PM: 0.07104238686604085
NPMLE: 1.1653143342520256
SURE-PM, NPMLE init: 0.07105798257615213
experiment: d
Finished training EB misspecified with NPMLE init, with SURE: -0.010138006516863972
Finished training EB misspecified with NPMLE init, with in-sample MSE: 0.0036836281307972246
Finished training EB misspecified, with SURE: -0.010135766748767292
Finished training EB misspecified, with in-sample MSE: 0.003684628185785471

 Training SURE of the models:
SURE-PM: -0.010135766748767292
NPMLE: 0.055471398340085576
SURE-PM, NPMLE init: -0.010138006516863972
experiment: e
Finished training EB misspecified with NPMLE init, with SURE: 0.13114174006173124
Finished training EB misspecified with NPMLE init, with in-sample MSE: 0.13917834639551777
Finished training EB misspecified, with SURE: 0.13115298961471006
Finished training EB misspecified, with in-sample MSE: 0.13932425445364957

 Training SURE of the models:
SURE-PM: 0.13115298961471006
NPMLE: 0.3170168005969304
SURE-PM, NPMLE init: 0.13114174006173124
n: 400
experiment: c
Finished training EB misspecified with NPMLE init, with SURE: 0.009861257751160864
Finished training EB misspecified with NPMLE init, with in-sample MSE: 0.09642476274600596
Finished training EB misspecified, with SURE: 0.03366166190854585
Finished training EB misspecified, with in-sample MSE: 0.053126026077694594

 Training SURE of the models:
SURE-PM: 0.03366166190854585
NPMLE: 1.131946281706492
SURE-PM, NPMLE init: 0.009861257751160864
experiment: d
Finished training EB misspecified with NPMLE init, with SURE: -0.01628076010552407
Finished training EB misspecified with NPMLE init, with in-sample MSE: 0.003722566065701274
Finished training EB misspecified, with SURE: -0.016060514954947428
Finished training EB misspecified, with in-sample MSE: 0.003407052263081715

 Training SURE of the models:
SURE-PM: -0.016060514954947428
NPMLE: -0.006486784099524794
SURE-PM, NPMLE init: -0.01628076010552407
experiment: e
Finished training EB misspecified with NPMLE init, with SURE: 0.15112360407359773
Finished training EB misspecified with NPMLE init, with in-sample MSE: 0.1486891905692741
Finished training EB misspecified, with SURE: 0.15113109959381285
Finished training EB misspecified, with in-sample MSE: 0.1486886948372143

 Training SURE of the models:
SURE-PM: 0.15113109959381285
NPMLE: 0.3389281685197453
SURE-PM, NPMLE init: 0.15112360407359773
m: 775
n: 100
experiment: c
Finished training EB misspecified with NPMLE init, with SURE: 0.09818385915364161
Finished training EB misspecified with NPMLE init, with in-sample MSE: 0.05486834006340056
Finished training EB misspecified, with SURE: 0.09818773686047799
Finished training EB misspecified, with in-sample MSE: 0.05486872605099414

 Training SURE of the models:
SURE-PM: 0.09818773686047799
NPMLE: 0.5407242196806902
SURE-PM, NPMLE init: 0.09818385915364161
experiment: d
Finished training EB misspecified with NPMLE init, with SURE: -0.0025683184350978115
Finished training EB misspecified with NPMLE init, with in-sample MSE: 0.008718522402781294
Finished training EB misspecified, with SURE: -0.0025656888485434417
Finished training EB misspecified, with in-sample MSE: 0.008716927503747862

 Training SURE of the models:
SURE-PM: -0.0025656888485434417
NPMLE: 0.2495096226201104
SURE-PM, NPMLE init: -0.0025683184350978115
experiment: e
Finished training EB misspecified with NPMLE init, with SURE: 0.14721817340949783
Finished training EB misspecified with NPMLE init, with in-sample MSE: 0.1651320088637901
Finished training EB misspecified, with SURE: 0.14722408468669015
Finished training EB misspecified, with in-sample MSE: 0.16513510086986155

 Training SURE of the models:
SURE-PM: 0.14722408468669015
NPMLE: 0.3279126445162005
SURE-PM, NPMLE init: 0.14721817340949783
n: 200
experiment: c
Finished training EB misspecified with NPMLE init, with SURE: 0.05800344182374062
Finished training EB misspecified with NPMLE init, with in-sample MSE: 0.053767379604495645
Finished training EB misspecified, with SURE: 0.058005424612830724
Finished training EB misspecified, with in-sample MSE: 0.05376868274915583

 Training SURE of the models:
SURE-PM: 0.058005424612830724
NPMLE: 0.38582106244500475
SURE-PM, NPMLE init: 0.05800344182374062
experiment: d
Finished training EB misspecified with NPMLE init, with SURE: 0.00030997716824389344
Finished training EB misspecified with NPMLE init, with in-sample MSE: 0.009529160144052744
Finished training EB misspecified, with SURE: 0.0003110822026458493
Finished training EB misspecified, with in-sample MSE: 0.009528753473972574

 Training SURE of the models:
SURE-PM: 0.0003110822026458493
NPMLE: 0.002552356577227659
SURE-PM, NPMLE init: 0.00030997716824389344
experiment: e
Finished training EB misspecified with NPMLE init, with SURE: 0.165723305479531
Finished training EB misspecified with NPMLE init, with in-sample MSE: 0.19014759661235303
Finished training EB misspecified, with SURE: 0.16526087598969547
Finished training EB misspecified, with in-sample MSE: 0.18753005870269024

 Training SURE of the models:
SURE-PM: 0.16526087598969547
NPMLE: 0.28414893881213915
SURE-PM, NPMLE init: 0.165723305479531
n: 400
experiment: c
Finished training EB misspecified with NPMLE init, with SURE: 0.03295654026863055
Finished training EB misspecified with NPMLE init, with in-sample MSE: 0.05972295298252108
Finished training EB misspecified, with SURE: 0.032957898470196485
Finished training EB misspecified, with in-sample MSE: 0.05972795363592422

 Training SURE of the models:
SURE-PM: 0.032957898470196485
NPMLE: 0.5090303298304483
SURE-PM, NPMLE init: 0.03295654026863055
experiment: d
Finished training EB misspecified with NPMLE init, with SURE: -0.005058074565221471
Finished training EB misspecified with NPMLE init, with in-sample MSE: 0.012213892261219335
Finished training EB misspecified, with SURE: -0.005057634979081609
Finished training EB misspecified, with in-sample MSE: 0.012213566272907974

 Training SURE of the models:
SURE-PM: -0.005057634979081609
NPMLE: 0.01677071094089779
SURE-PM, NPMLE init: -0.005058074565221471
experiment: e
Finished training EB misspecified with NPMLE init, with SURE: 0.16813430060567502
Finished training EB misspecified with NPMLE init, with in-sample MSE: 0.17928334327982143
Finished training EB misspecified, with SURE: 0.16814176347806192
Finished training EB misspecified, with in-sample MSE: 0.17926045337546218

 Training SURE of the models:
SURE-PM: 0.16814176347806192
NPMLE: 0.2849981485676092
SURE-PM, NPMLE init: 0.16813430060567502
m: 776
n: 100
experiment: c
Finished training EB misspecified with NPMLE init, with SURE: 0.07769050488660433
Finished training EB misspecified with NPMLE init, with in-sample MSE: 0.08152330352894065
Finished training EB misspecified, with SURE: 0.07767274418282298
Finished training EB misspecified, with in-sample MSE: 0.08154281128479822

 Training SURE of the models:
SURE-PM: 0.07767274418282298
NPMLE: 1.0554112776338433
SURE-PM, NPMLE init: 0.07769050488660433
experiment: d
Finished training EB misspecified with NPMLE init, with SURE: -0.029278364875269622
Finished training EB misspecified with NPMLE init, with in-sample MSE: 0.00673687915122438
Finished training EB misspecified, with SURE: -0.029274195575295484
Finished training EB misspecified, with in-sample MSE: 0.00662242319573697

 Training SURE of the models:
SURE-PM: -0.029274195575295484
NPMLE: 0.006391664117284517
SURE-PM, NPMLE init: -0.029278364875269622
experiment: e
Finished training EB misspecified with NPMLE init, with SURE: 0.11347159016276478
Finished training EB misspecified with NPMLE init, with in-sample MSE: 0.18342261319412245
Finished training EB misspecified, with SURE: 0.11347454083180501
Finished training EB misspecified, with in-sample MSE: 0.1834176379600822

 Training SURE of the models:
SURE-PM: 0.11347454083180501
NPMLE: 0.3704938783512346
SURE-PM, NPMLE init: 0.11347159016276478
n: 200
experiment: c
Finished training EB misspecified with NPMLE init, with SURE: 0.015673738718406015
Finished training EB misspecified with NPMLE init, with in-sample MSE: 0.08529599282944726
Finished training EB misspecified, with SURE: 0.01567533623874333
Finished training EB misspecified, with in-sample MSE: 0.08565657121954116

 Training SURE of the models:
SURE-PM: 0.01567533623874333
NPMLE: 0.7497694385009999
SURE-PM, NPMLE init: 0.015673738718406015
experiment: d
Finished training EB misspecified with NPMLE init, with SURE: 0.011949275989070963
Finished training EB misspecified with NPMLE init, with in-sample MSE: 0.007141833596801019
Finished training EB misspecified, with SURE: 0.01194924688158011
Finished training EB misspecified, with in-sample MSE: 0.0071426471217044185

 Training SURE of the models:
SURE-PM: 0.01194924688158011
NPMLE: 0.08793493371172069
SURE-PM, NPMLE init: 0.011949275989070963
experiment: e
Finished training EB misspecified with NPMLE init, with SURE: 0.11245231206325614
Finished training EB misspecified with NPMLE init, with in-sample MSE: 0.2309473114852002
Finished training EB misspecified, with SURE: 0.11246289791569723
Finished training EB misspecified, with in-sample MSE: 0.23097884875786895

 Training SURE of the models:
SURE-PM: 0.11246289791569723
NPMLE: 0.3746718714917211
SURE-PM, NPMLE init: 0.11245231206325614
n: 400
experiment: c
Finished training EB misspecified with NPMLE init, with SURE: 0.08076311864309389
Finished training EB misspecified with NPMLE init, with in-sample MSE: 0.06792250730803612
Finished training EB misspecified, with SURE: 0.08076652789912955
Finished training EB misspecified, with in-sample MSE: 0.0679186954817545

 Training SURE of the models:
SURE-PM: 0.08076652789912955
NPMLE: 1.034672064059847
SURE-PM, NPMLE init: 0.08076311864309389
experiment: d
Finished training EB misspecified with NPMLE init, with SURE: 0.0008132989884180298
Finished training EB misspecified with NPMLE init, with in-sample MSE: 0.004390797335173056
Finished training EB misspecified, with SURE: 0.0008204751351230577
Finished training EB misspecified, with in-sample MSE: 0.004384264911211743

 Training SURE of the models:
SURE-PM: 0.0008204751351230577
NPMLE: 0.0025213783381466113
SURE-PM, NPMLE init: 0.0008132989884180298
experiment: e
Finished training EB misspecified with NPMLE init, with SURE: 0.16021777919677682
Finished training EB misspecified with NPMLE init, with in-sample MSE: 0.18057405153703673
Finished training EB misspecified, with SURE: 0.16022544657089227
Finished training EB misspecified, with in-sample MSE: 0.1805621745814727

 Training SURE of the models:
SURE-PM: 0.16022544657089227
NPMLE: 0.5226542742237261
SURE-PM, NPMLE init: 0.16021777919677682
m: 777
n: 100
experiment: c
Finished training EB misspecified with NPMLE init, with SURE: -0.03552271182885676
Finished training EB misspecified with NPMLE init, with in-sample MSE: 0.06368840351563279
Finished training EB misspecified, with SURE: -0.03551727024298245
Finished training EB misspecified, with in-sample MSE: 0.0636891114055903

 Training SURE of the models:
SURE-PM: -0.03551727024298245
NPMLE: 0.4268074065723006
SURE-PM, NPMLE init: -0.03552271182885676
experiment: d
Finished training EB misspecified with NPMLE init, with SURE: 0.02203662793471487
Finished training EB misspecified with NPMLE init, with in-sample MSE: 0.006965299127970819
Finished training EB misspecified, with SURE: 0.022036523159909418
Finished training EB misspecified, with in-sample MSE: 0.006966342994822271

 Training SURE of the models:
SURE-PM: 0.022036523159909418
NPMLE: 0.060540345064023615
SURE-PM, NPMLE init: 0.02203662793471487
experiment: e
Finished training EB misspecified with NPMLE init, with SURE: 0.11800486311898148
Finished training EB misspecified with NPMLE init, with in-sample MSE: 0.1690249586705319
Finished training EB misspecified, with SURE: 0.11800222153616147
Finished training EB misspecified, with in-sample MSE: 0.16899071406136396

 Training SURE of the models:
SURE-PM: 0.11800222153616147
NPMLE: 0.35536899607422273
SURE-PM, NPMLE init: 0.11800486311898148
n: 200
experiment: c
Finished training EB misspecified with NPMLE init, with SURE: -0.026407762397507497
Finished training EB misspecified with NPMLE init, with in-sample MSE: 0.06258562214952247
Finished training EB misspecified, with SURE: -0.02635458296242007
Finished training EB misspecified, with in-sample MSE: 0.06280955026815437

 Training SURE of the models:
SURE-PM: -0.02635458296242007
NPMLE: 0.3707085380566384
SURE-PM, NPMLE init: -0.026407762397507497
experiment: d
Finished training EB misspecified with NPMLE init, with SURE: -0.014077560588813362
Finished training EB misspecified with NPMLE init, with in-sample MSE: 0.0047594149295531645
Finished training EB misspecified, with SURE: -0.014075274628077335
Finished training EB misspecified, with in-sample MSE: 0.004758749267162067

 Training SURE of the models:
SURE-PM: -0.014075274628077335
NPMLE: 0.036214275290329195
SURE-PM, NPMLE init: -0.014077560588813362
experiment: e
Finished training EB misspecified with NPMLE init, with SURE: 0.14250644462504716
Finished training EB misspecified with NPMLE init, with in-sample MSE: 0.17321076589466147
Finished training EB misspecified, with SURE: 0.14251392595639253
Finished training EB misspecified, with in-sample MSE: 0.17320793323367412

 Training SURE of the models:
SURE-PM: 0.14251392595639253
NPMLE: 0.26819727091867696
SURE-PM, NPMLE init: 0.14250644462504716
n: 400
experiment: c
Finished training EB misspecified with NPMLE init, with SURE: 0.047587883424060284
Finished training EB misspecified with NPMLE init, with in-sample MSE: 0.05367320724636849
Finished training EB misspecified, with SURE: 0.04759425628819592
Finished training EB misspecified, with in-sample MSE: 0.053672871699647656

 Training SURE of the models:
SURE-PM: 0.04759425628819592
NPMLE: 0.9501678957279286
SURE-PM, NPMLE init: 0.047587883424060284
experiment: d
Finished training EB misspecified with NPMLE init, with SURE: 0.00935786883154238
Finished training EB misspecified with NPMLE init, with in-sample MSE: 0.004368769790239165
Finished training EB misspecified, with SURE: 0.009348412572239404
Finished training EB misspecified, with in-sample MSE: 0.004340384429768552

 Training SURE of the models:
SURE-PM: 0.009348412572239404
NPMLE: 0.11309712888480263
SURE-PM, NPMLE init: 0.00935786883154238
experiment: e
Finished training EB misspecified with NPMLE init, with SURE: 0.1784068393807033
Finished training EB misspecified with NPMLE init, with in-sample MSE: 0.1981342186182469
Finished training EB misspecified, with SURE: 0.1785750597425815
Finished training EB misspecified, with in-sample MSE: 0.19872727582815275

 Training SURE of the models:
SURE-PM: 0.1785750597425815
NPMLE: 0.34759628332633197
SURE-PM, NPMLE init: 0.1784068393807033
m: 778
n: 100
experiment: c
Finished training EB misspecified with NPMLE init, with SURE: 0.07031712734602195
Finished training EB misspecified with NPMLE init, with in-sample MSE: 0.06513054667259298
Finished training EB misspecified, with SURE: 0.0703170802107995
Finished training EB misspecified, with in-sample MSE: 0.06510035311148449

 Training SURE of the models:
SURE-PM: 0.0703170802107995
NPMLE: 0.2741494005042903
SURE-PM, NPMLE init: 0.07031712734602195
experiment: d
Finished training EB misspecified with NPMLE init, with SURE: -0.031440195940760564
Finished training EB misspecified with NPMLE init, with in-sample MSE: 0.016508930329049366
Finished training EB misspecified, with SURE: -0.03143984223471307
Finished training EB misspecified, with in-sample MSE: 0.0165233428939143

 Training SURE of the models:
SURE-PM: -0.03143984223471307
NPMLE: -0.031152401870000138
SURE-PM, NPMLE init: -0.031440195940760564
experiment: e
Finished training EB misspecified with NPMLE init, with SURE: 0.14887387719979012
Finished training EB misspecified with NPMLE init, with in-sample MSE: 0.20470229075213953
Finished training EB misspecified, with SURE: 0.14887542241231877
Finished training EB misspecified, with in-sample MSE: 0.2047090827907438

 Training SURE of the models:
SURE-PM: 0.14887542241231877
NPMLE: 0.4643456433417712
SURE-PM, NPMLE init: 0.14887387719979012
n: 200
experiment: c
Finished training EB misspecified with NPMLE init, with SURE: 0.014088433539845725
Finished training EB misspecified with NPMLE init, with in-sample MSE: 0.060537505594999506
Finished training EB misspecified, with SURE: 0.016004269191068232
Finished training EB misspecified, with in-sample MSE: 0.05947883693225114

 Training SURE of the models:
SURE-PM: 0.016004269191068232
NPMLE: 0.6633139349637099
SURE-PM, NPMLE init: 0.014088433539845725
experiment: d
Finished training EB misspecified with NPMLE init, with SURE: 0.0026828444407995633
Finished training EB misspecified with NPMLE init, with in-sample MSE: 0.0061937172485395766
Finished training EB misspecified, with SURE: 0.0026861269040334614
Finished training EB misspecified, with in-sample MSE: 0.006181584280324407

 Training SURE of the models:
SURE-PM: 0.0026861269040334614
NPMLE: 0.008224915760647154
SURE-PM, NPMLE init: 0.0026828444407995633
experiment: e
Finished training EB misspecified with NPMLE init, with SURE: 0.15663928238745473
Finished training EB misspecified with NPMLE init, with in-sample MSE: 0.17493855136143377
Finished training EB misspecified, with SURE: 0.1566597620470486
Finished training EB misspecified, with in-sample MSE: 0.17559163867197713

 Training SURE of the models:
SURE-PM: 0.1566597620470486
NPMLE: 0.310397255818616
SURE-PM, NPMLE init: 0.15663928238745473
n: 400
experiment: c
Finished training EB misspecified with NPMLE init, with SURE: 0.035910341380242274
Finished training EB misspecified with NPMLE init, with in-sample MSE: 0.05440199142229923
Finished training EB misspecified, with SURE: 0.035922623995802996
Finished training EB misspecified, with in-sample MSE: 0.05438818980906148

 Training SURE of the models:
SURE-PM: 0.035922623995802996
NPMLE: 0.548278573484825
SURE-PM, NPMLE init: 0.035910341380242274
experiment: d
Finished training EB misspecified with NPMLE init, with SURE: 0.002861799933089415
Finished training EB misspecified with NPMLE init, with in-sample MSE: 0.005166202171177185
Finished training EB misspecified, with SURE: 0.0028694296385693542
Finished training EB misspecified, with in-sample MSE: 0.0051609971552904555

 Training SURE of the models:
SURE-PM: 0.0028694296385693542
NPMLE: 0.07939314046006189
SURE-PM, NPMLE init: 0.002861799933089415
experiment: e
Finished training EB misspecified with NPMLE init, with SURE: 0.17823437849761292
Finished training EB misspecified with NPMLE init, with in-sample MSE: 0.19508272383456896
Finished training EB misspecified, with SURE: 0.1782386653620742
Finished training EB misspecified, with in-sample MSE: 0.19509311603142224

 Training SURE of the models:
SURE-PM: 0.1782386653620742
NPMLE: 0.3089305751349847
SURE-PM, NPMLE init: 0.17823437849761292
m: 779
n: 100
experiment: c
Finished training EB misspecified with NPMLE init, with SURE: 0.06349412083645455
Finished training EB misspecified with NPMLE init, with in-sample MSE: 0.08448863723167549
Finished training EB misspecified, with SURE: 0.06482835258857904
Finished training EB misspecified, with in-sample MSE: 0.0838267416459433

 Training SURE of the models:
SURE-PM: 0.06482835258857904
NPMLE: 0.8643047890782702
SURE-PM, NPMLE init: 0.06349412083645455
experiment: d
Finished training EB misspecified with NPMLE init, with SURE: -0.002138580881378758
Finished training EB misspecified with NPMLE init, with in-sample MSE: 0.00541758175672063
Finished training EB misspecified, with SURE: -0.0021364634519493463
Finished training EB misspecified, with in-sample MSE: 0.005420020453697133

 Training SURE of the models:
SURE-PM: -0.0021364634519493463
NPMLE: 0.018448691033083796
SURE-PM, NPMLE init: -0.002138580881378758
experiment: e
Finished training EB misspecified with NPMLE init, with SURE: 0.11277835014815814
Finished training EB misspecified with NPMLE init, with in-sample MSE: 0.1818429744126475
Finished training EB misspecified, with SURE: 0.11278701079577325
Finished training EB misspecified, with in-sample MSE: 0.18183197994065758

 Training SURE of the models:
SURE-PM: 0.11278701079577325
NPMLE: 0.3479605958789155
SURE-PM, NPMLE init: 0.11277835014815814
n: 200
experiment: c
Finished training EB misspecified with NPMLE init, with SURE: 0.015380330269885648
Finished training EB misspecified with NPMLE init, with in-sample MSE: 0.06094351116506186
Finished training EB misspecified, with SURE: 0.015387524517321225
Finished training EB misspecified, with in-sample MSE: 0.06094319110935323

 Training SURE of the models:
SURE-PM: 0.015387524517321225
NPMLE: 0.9905093229993831
SURE-PM, NPMLE init: 0.015380330269885648
experiment: d
Finished training EB misspecified with NPMLE init, with SURE: 0.01173184900031309
Finished training EB misspecified with NPMLE init, with in-sample MSE: 0.010386634411439609
Finished training EB misspecified, with SURE: 0.01173156848813571
Finished training EB misspecified, with in-sample MSE: 0.01038720660975826

 Training SURE of the models:
SURE-PM: 0.01173156848813571
NPMLE: 0.10055370970008944
SURE-PM, NPMLE init: 0.01173184900031309
experiment: e
Finished training EB misspecified with NPMLE init, with SURE: 0.1378172696898967
Finished training EB misspecified with NPMLE init, with in-sample MSE: 0.18250571495318102
Finished training EB misspecified, with SURE: 0.13781487409500418
Finished training EB misspecified, with in-sample MSE: 0.18245509190774775

 Training SURE of the models:
SURE-PM: 0.13781487409500418
NPMLE: 0.3031645061334117
SURE-PM, NPMLE init: 0.1378172696898967
n: 400
experiment: c
Finished training EB misspecified with NPMLE init, with SURE: 0.10708500677001993
Finished training EB misspecified with NPMLE init, with in-sample MSE: 0.07687500749012761
Finished training EB misspecified, with SURE: 0.10708170387821596
Finished training EB misspecified, with in-sample MSE: 0.07688366486498949

 Training SURE of the models:
SURE-PM: 0.10708170387821596
NPMLE: 0.9021997317609961
SURE-PM, NPMLE init: 0.10708500677001993
experiment: d
Finished training EB misspecified with NPMLE init, with SURE: -0.011643304195735898
Finished training EB misspecified with NPMLE init, with in-sample MSE: 0.00493743708330175
Finished training EB misspecified, with SURE: -0.011641144213695416
Finished training EB misspecified, with in-sample MSE: 0.004936672547529583

 Training SURE of the models:
SURE-PM: -0.011641144213695416
NPMLE: 0.05485660221454736
SURE-PM, NPMLE init: -0.011643304195735898
experiment: e
Finished training EB misspecified with NPMLE init, with SURE: 0.14912631277661412
Finished training EB misspecified with NPMLE init, with in-sample MSE: 0.16405717731879244
Finished training EB misspecified, with SURE: 0.14914720977235996
Finished training EB misspecified, with in-sample MSE: 0.16409122186334063

 Training SURE of the models:
SURE-PM: 0.14914720977235996
NPMLE: 0.33571056410763256
SURE-PM, NPMLE init: 0.14912631277661412
m: 780
n: 100
experiment: c
Finished training EB misspecified with NPMLE init, with SURE: -0.06309084202240157
Finished training EB misspecified with NPMLE init, with in-sample MSE: 0.0626547731741947
Finished training EB misspecified, with SURE: -0.06306768685791127
Finished training EB misspecified, with in-sample MSE: 0.06265811675600357

 Training SURE of the models:
SURE-PM: -0.06306768685791127
NPMLE: 0.45935135174864605
SURE-PM, NPMLE init: -0.06309084202240157
experiment: d
Finished training EB misspecified with NPMLE init, with SURE: 0.014540647332283304
Finished training EB misspecified with NPMLE init, with in-sample MSE: 0.00813165815839897
Finished training EB misspecified, with SURE: 0.014543871793069983
Finished training EB misspecified, with in-sample MSE: 0.008080951388674061

 Training SURE of the models:
SURE-PM: 0.014543871793069983
NPMLE: 0.015249843725238445
SURE-PM, NPMLE init: 0.014540647332283304
experiment: e
Finished training EB misspecified with NPMLE init, with SURE: 0.1392186046731414
Finished training EB misspecified with NPMLE init, with in-sample MSE: 0.23938594390434426
Finished training EB misspecified, with SURE: 0.13745743646316846
Finished training EB misspecified, with in-sample MSE: 0.2411239024096993

 Training SURE of the models:
SURE-PM: 0.13745743646316846
NPMLE: 0.28015683508124306
SURE-PM, NPMLE init: 0.1392186046731414
n: 200
experiment: c
Finished training EB misspecified with NPMLE init, with SURE: 0.005452133136952781
Finished training EB misspecified with NPMLE init, with in-sample MSE: 0.056512615001355064
Finished training EB misspecified, with SURE: 0.005460492713916381
Finished training EB misspecified, with in-sample MSE: 0.05651535485679402

 Training SURE of the models:
SURE-PM: 0.005460492713916381
NPMLE: 0.28711103584417225
SURE-PM, NPMLE init: 0.005452133136952781
experiment: d
Finished training EB misspecified with NPMLE init, with SURE: 0.02142430775763039
Finished training EB misspecified with NPMLE init, with in-sample MSE: 0.010558165129989035
Finished training EB misspecified, with SURE: 0.021408897636436882
Finished training EB misspecified, with in-sample MSE: 0.010609072035931557

 Training SURE of the models:
SURE-PM: 0.021408897636436882
NPMLE: 0.14962082644706054
SURE-PM, NPMLE init: 0.02142430775763039
experiment: e
Finished training EB misspecified with NPMLE init, with SURE: 0.17150122133781223
Finished training EB misspecified with NPMLE init, with in-sample MSE: 0.22862891775650304
Finished training EB misspecified, with SURE: 0.17280967407523315
Finished training EB misspecified, with in-sample MSE: 0.2243696776466308

 Training SURE of the models:
SURE-PM: 0.17280967407523315
NPMLE: 0.3292807840865068
SURE-PM, NPMLE init: 0.17150122133781223
n: 400
experiment: c
Finished training EB misspecified with NPMLE init, with SURE: 0.07089938313703201
Finished training EB misspecified with NPMLE init, with in-sample MSE: 0.06652635030396072
Finished training EB misspecified, with SURE: 0.07091836633992755
Finished training EB misspecified, with in-sample MSE: 0.06652026307701633

 Training SURE of the models:
SURE-PM: 0.07091836633992755
NPMLE: 0.6585377856516945
SURE-PM, NPMLE init: 0.07089938313703201
experiment: d
Finished training EB misspecified with NPMLE init, with SURE: 0.0010441632907076581
Finished training EB misspecified with NPMLE init, with in-sample MSE: 0.005475305021960515
Finished training EB misspecified, with SURE: 0.0010506552947155967
Finished training EB misspecified, with in-sample MSE: 0.005486528490939673

 Training SURE of the models:
SURE-PM: 0.0010506552947155967
NPMLE: 0.07943184230951038
SURE-PM, NPMLE init: 0.0010441632907076581
experiment: e
Finished training EB misspecified with NPMLE init, with SURE: 0.17771064083244645
Finished training EB misspecified with NPMLE init, with in-sample MSE: 0.19281104610312677
Finished training EB misspecified, with SURE: 0.17775545048184177
Finished training EB misspecified, with in-sample MSE: 0.19287088745423348

 Training SURE of the models:
SURE-PM: 0.17775545048184177
NPMLE: 0.32344120360710854
SURE-PM, NPMLE init: 0.17771064083244645
m: 781
n: 100
experiment: c
Finished training EB misspecified with NPMLE init, with SURE: -0.05900198723691965
Finished training EB misspecified with NPMLE init, with in-sample MSE: 0.07804794452458212
Finished training EB misspecified, with SURE: -0.0590054963577083
Finished training EB misspecified, with in-sample MSE: 0.07804926949673083

 Training SURE of the models:
SURE-PM: -0.0590054963577083
NPMLE: 0.594737882226418
SURE-PM, NPMLE init: -0.05900198723691965
experiment: d
Finished training EB misspecified with NPMLE init, with SURE: -0.006017839907061564
Finished training EB misspecified with NPMLE init, with in-sample MSE: 0.002914121695995273
Finished training EB misspecified, with SURE: -0.007555285489701618
Finished training EB misspecified, with in-sample MSE: 0.010749983586453953

 Training SURE of the models:
SURE-PM: -0.007555285489701618
NPMLE: 0.012463815321410365
SURE-PM, NPMLE init: -0.006017839907061564
experiment: e
Finished training EB misspecified with NPMLE init, with SURE: 0.11000104222875887
Finished training EB misspecified with NPMLE init, with in-sample MSE: 0.25171177968719005
Finished training EB misspecified, with SURE: 0.11000603004636705
Finished training EB misspecified, with in-sample MSE: 0.2517110064549646

 Training SURE of the models:
SURE-PM: 0.11000603004636705
NPMLE: 0.39426357085203095
SURE-PM, NPMLE init: 0.11000104222875887
n: 200
experiment: c
Finished training EB misspecified with NPMLE init, with SURE: 0.05295933061916252
Finished training EB misspecified with NPMLE init, with in-sample MSE: 0.05663450831427991
Finished training EB misspecified, with SURE: 0.05295574340617378
Finished training EB misspecified, with in-sample MSE: 0.056636390091067336

 Training SURE of the models:
SURE-PM: 0.05295574340617378
NPMLE: 0.6139202692048644
SURE-PM, NPMLE init: 0.05295933061916252
experiment: d
Finished training EB misspecified with NPMLE init, with SURE: -0.009349217083964608
Finished training EB misspecified with NPMLE init, with in-sample MSE: 0.004610414058724208
Finished training EB misspecified, with SURE: -0.008525146459491744
Finished training EB misspecified, with in-sample MSE: 0.003416053576516272

 Training SURE of the models:
SURE-PM: -0.008525146459491744
NPMLE: 0.014266776047597816
SURE-PM, NPMLE init: -0.009349217083964608
experiment: e
Finished training EB misspecified with NPMLE init, with SURE: 0.054183925664968095
Finished training EB misspecified with NPMLE init, with in-sample MSE: 0.19903023078166207
Finished training EB misspecified, with SURE: 0.05418960586070132
Finished training EB misspecified, with in-sample MSE: 0.19903097284417534

 Training SURE of the models:
SURE-PM: 0.05418960586070132
NPMLE: 0.4850921505203632
SURE-PM, NPMLE init: 0.054183925664968095
n: 400
experiment: c
Finished training EB misspecified with NPMLE init, with SURE: -0.035119210392810914
Finished training EB misspecified with NPMLE init, with in-sample MSE: 0.06801731989875509
Finished training EB misspecified, with SURE: -0.03509873432276216
Finished training EB misspecified, with in-sample MSE: 0.06790044386319781

 Training SURE of the models:
SURE-PM: -0.03509873432276216
NPMLE: 0.4236625405756703
SURE-PM, NPMLE init: -0.035119210392810914
experiment: d
Finished training EB misspecified with NPMLE init, with SURE: 0.020950688028833292
Finished training EB misspecified with NPMLE init, with in-sample MSE: 0.009217316919005599
Finished training EB misspecified, with SURE: 0.020950331445386966
Finished training EB misspecified, with in-sample MSE: 0.009217843313409186

 Training SURE of the models:
SURE-PM: 0.020950331445386966
NPMLE: 0.10060466954609534
SURE-PM, NPMLE init: 0.020950688028833292
experiment: e
Finished training EB misspecified with NPMLE init, with SURE: 0.1585753051781659
Finished training EB misspecified with NPMLE init, with in-sample MSE: 0.17093788128060347
Finished training EB misspecified, with SURE: 0.15857572634071093
Finished training EB misspecified, with in-sample MSE: 0.1709399633036097

 Training SURE of the models:
SURE-PM: 0.15857572634071093
NPMLE: 0.3385510667632573
SURE-PM, NPMLE init: 0.1585753051781659
m: 782
n: 100
experiment: c
Finished training EB misspecified with NPMLE init, with SURE: 0.06865761136911389
Finished training EB misspecified with NPMLE init, with in-sample MSE: 0.08228934827075443
Finished training EB misspecified, with SURE: 0.06869995980513878
Finished training EB misspecified, with in-sample MSE: 0.08229099286078755

 Training SURE of the models:
SURE-PM: 0.06869995980513878
NPMLE: 0.7735702779479056
SURE-PM, NPMLE init: 0.06865761136911389
experiment: d
Finished training EB misspecified with NPMLE init, with SURE: 0.0069874999231954865
Finished training EB misspecified with NPMLE init, with in-sample MSE: 0.00388197969797366
Finished training EB misspecified, with SURE: 0.006996203988155862
Finished training EB misspecified, with in-sample MSE: 0.0038745941902898597

 Training SURE of the models:
SURE-PM: 0.006996203988155862
NPMLE: 0.07583574367960477
SURE-PM, NPMLE init: 0.0069874999231954865
experiment: e
Finished training EB misspecified with NPMLE init, with SURE: 0.1492570765780845
Finished training EB misspecified with NPMLE init, with in-sample MSE: 0.18641340766173126
Finished training EB misspecified, with SURE: 0.14926257128834208
Finished training EB misspecified, with in-sample MSE: 0.18637861209253537

 Training SURE of the models:
SURE-PM: 0.14926257128834208
NPMLE: 0.28389832072222754
SURE-PM, NPMLE init: 0.1492570765780845
n: 200
experiment: c
Finished training EB misspecified with NPMLE init, with SURE: 0.025685305178249324
Finished training EB misspecified with NPMLE init, with in-sample MSE: 0.05764986646199053
Finished training EB misspecified, with SURE: 0.0256847033322331
Finished training EB misspecified, with in-sample MSE: 0.05765151337057031

 Training SURE of the models:
SURE-PM: 0.0256847033322331
NPMLE: 0.7022999027379919
SURE-PM, NPMLE init: 0.025685305178249324
experiment: d
Finished training EB misspecified with NPMLE init, with SURE: -0.007156260557167968
Finished training EB misspecified with NPMLE init, with in-sample MSE: 0.0035475321036931196
Finished training EB misspecified, with SURE: -0.007153702595884095
Finished training EB misspecified, with in-sample MSE: 0.003545534505208749

 Training SURE of the models:
SURE-PM: -0.007153702595884095
NPMLE: 0.008682468288346304
SURE-PM, NPMLE init: -0.007156260557167968
experiment: e
Finished training EB misspecified with NPMLE init, with SURE: 0.14569514538663822
Finished training EB misspecified with NPMLE init, with in-sample MSE: 0.17142677833788475
Finished training EB misspecified, with SURE: 0.14569893217684038
Finished training EB misspecified, with in-sample MSE: 0.17141800325834772

 Training SURE of the models:
SURE-PM: 0.14569893217684038
NPMLE: 0.30084787743221136
SURE-PM, NPMLE init: 0.14569514538663822
n: 400
experiment: c
Finished training EB misspecified with NPMLE init, with SURE: 0.02030619442634851
Finished training EB misspecified with NPMLE init, with in-sample MSE: 0.05652519447538117
Finished training EB misspecified, with SURE: 0.020308018709627902
Finished training EB misspecified, with in-sample MSE: 0.056523514257705305

 Training SURE of the models:
SURE-PM: 0.020308018709627902
NPMLE: 0.6597687313797422
SURE-PM, NPMLE init: 0.02030619442634851
experiment: d
Finished training EB misspecified with NPMLE init, with SURE: -0.017274731868663695
Finished training EB misspecified with NPMLE init, with in-sample MSE: 0.004172422128427695
Finished training EB misspecified, with SURE: -0.017273072572238278
Finished training EB misspecified, with in-sample MSE: 0.004171971780987468

 Training SURE of the models:
SURE-PM: -0.017273072572238278
NPMLE: -0.005949125778197999
SURE-PM, NPMLE init: -0.017274731868663695
experiment: e
Finished training EB misspecified with NPMLE init, with SURE: 0.1380519672874301
Finished training EB misspecified with NPMLE init, with in-sample MSE: 0.16396742107499196
Finished training EB misspecified, with SURE: 0.13806349045552258
Finished training EB misspecified, with in-sample MSE: 0.1638314244269137

 Training SURE of the models:
SURE-PM: 0.13806349045552258
NPMLE: 0.30298915139210086
SURE-PM, NPMLE init: 0.1380519672874301
m: 783
n: 100
experiment: c
Finished training EB misspecified with NPMLE init, with SURE: 0.03713206285217865
Finished training EB misspecified with NPMLE init, with in-sample MSE: 0.09162803796145223
Finished training EB misspecified, with SURE: 0.03712971355279812
Finished training EB misspecified, with in-sample MSE: 0.0916280508373902

 Training SURE of the models:
SURE-PM: 0.03712971355279812
NPMLE: 0.4792995800114961
SURE-PM, NPMLE init: 0.03713206285217865
experiment: d
Finished training EB misspecified with NPMLE init, with SURE: -0.017136839244012023
Finished training EB misspecified with NPMLE init, with in-sample MSE: 0.004442569756855191
Finished training EB misspecified, with SURE: -0.017135071561931847
Finished training EB misspecified, with in-sample MSE: 0.004442531655583639

 Training SURE of the models:
SURE-PM: -0.017135071561931847
NPMLE: 0.02575164536198466
SURE-PM, NPMLE init: -0.017136839244012023
experiment: e
Finished training EB misspecified with NPMLE init, with SURE: 0.09843476430925868
Finished training EB misspecified with NPMLE init, with in-sample MSE: 0.16047018628247772
Finished training EB misspecified, with SURE: 0.09844323950437221
Finished training EB misspecified, with in-sample MSE: 0.16046624779580176

 Training SURE of the models:
SURE-PM: 0.09844323950437221
NPMLE: 0.42652381847074866
SURE-PM, NPMLE init: 0.09843476430925868
n: 200
experiment: c
Finished training EB misspecified with NPMLE init, with SURE: 0.10258421467931228
Finished training EB misspecified with NPMLE init, with in-sample MSE: 0.05441510477477653
Finished training EB misspecified, with SURE: 0.10262648449878115
Finished training EB misspecified, with in-sample MSE: 0.054341911497673506

 Training SURE of the models:
SURE-PM: 0.10262648449878115
NPMLE: 0.47826929294418435
SURE-PM, NPMLE init: 0.10258421467931228
experiment: d
Finished training EB misspecified with NPMLE init, with SURE: 0.0074808167083608625
Finished training EB misspecified with NPMLE init, with in-sample MSE: 0.007222084042114998
Finished training EB misspecified, with SURE: 0.007480740368970676
Finished training EB misspecified, with in-sample MSE: 0.0072227341768480524

 Training SURE of the models:
SURE-PM: 0.007480740368970676
NPMLE: 0.043010120337967736
SURE-PM, NPMLE init: 0.0074808167083608625
experiment: e
Finished training EB misspecified with NPMLE init, with SURE: 0.15008176645265991
Finished training EB misspecified with NPMLE init, with in-sample MSE: 0.17980659321244807
Finished training EB misspecified, with SURE: 0.14911617600750746
Finished training EB misspecified, with in-sample MSE: 0.17670348296133573

 Training SURE of the models:
SURE-PM: 0.14911617600750746
NPMLE: 0.2908008652059955
SURE-PM, NPMLE init: 0.15008176645265991
n: 400
experiment: c
Finished training EB misspecified with NPMLE init, with SURE: 0.05683215373672873
Finished training EB misspecified with NPMLE init, with in-sample MSE: 0.062328640961425305
Finished training EB misspecified, with SURE: 0.056834543857202886
Finished training EB misspecified, with in-sample MSE: 0.062332527157546135

 Training SURE of the models:
SURE-PM: 0.056834543857202886
NPMLE: 0.2503477773047236
SURE-PM, NPMLE init: 0.05683215373672873
experiment: d
Finished training EB misspecified with NPMLE init, with SURE: 0.017377459153543384
Finished training EB misspecified with NPMLE init, with in-sample MSE: 0.008428200850713725
Finished training EB misspecified, with SURE: 0.01737774027245571
Finished training EB misspecified, with in-sample MSE: 0.008432135012072213

 Training SURE of the models:
SURE-PM: 0.01737774027245571
NPMLE: 0.17435878255705362
SURE-PM, NPMLE init: 0.017377459153543384
experiment: e
Finished training EB misspecified with NPMLE init, with SURE: 0.15933678151012537
Finished training EB misspecified with NPMLE init, with in-sample MSE: 0.20499232584236143
Finished training EB misspecified, with SURE: 0.15934393738572156
Finished training EB misspecified, with in-sample MSE: 0.20507147036000414

 Training SURE of the models:
SURE-PM: 0.15934393738572156
NPMLE: 0.3348992602378836
SURE-PM, NPMLE init: 0.15933678151012537
m: 784
n: 100
experiment: c
Finished training EB misspecified with NPMLE init, with SURE: -0.06168329467832336
Finished training EB misspecified with NPMLE init, with in-sample MSE: 0.07846305351221561
Finished training EB misspecified, with SURE: -0.06167878431490003
Finished training EB misspecified, with in-sample MSE: 0.07847936736349982

 Training SURE of the models:
SURE-PM: -0.06167878431490003
NPMLE: 0.20153183691683388
SURE-PM, NPMLE init: -0.06168329467832336
experiment: d
Finished training EB misspecified with NPMLE init, with SURE: -0.0034520546077831684
Finished training EB misspecified with NPMLE init, with in-sample MSE: 0.007468227972905348
Finished training EB misspecified, with SURE: -0.0034457843457313332
Finished training EB misspecified, with in-sample MSE: 0.007465766968798966

 Training SURE of the models:
SURE-PM: -0.0034457843457313332
NPMLE: 0.11640037198184448
SURE-PM, NPMLE init: -0.0034520546077831684
experiment: e
Finished training EB misspecified with NPMLE init, with SURE: 0.13595898478873814
Finished training EB misspecified with NPMLE init, with in-sample MSE: 0.18000575897906523
Finished training EB misspecified, with SURE: 0.1359611918729737
Finished training EB misspecified, with in-sample MSE: 0.18003933443663056

 Training SURE of the models:
SURE-PM: 0.1359611918729737
NPMLE: 0.32137128185998926
SURE-PM, NPMLE init: 0.13595898478873814
n: 200
experiment: c
Finished training EB misspecified with NPMLE init, with SURE: 0.024901272498673493
Finished training EB misspecified with NPMLE init, with in-sample MSE: 0.04980424119142688
Finished training EB misspecified, with SURE: 0.024910268240496265
Finished training EB misspecified, with in-sample MSE: 0.0498045438832154

 Training SURE of the models:
SURE-PM: 0.024910268240496265
NPMLE: 0.3839770429080705
SURE-PM, NPMLE init: 0.024901272498673493
experiment: d
Finished training EB misspecified with NPMLE init, with SURE: 0.0054609906654305
Finished training EB misspecified with NPMLE init, with in-sample MSE: 0.006661420519611593
Finished training EB misspecified, with SURE: 0.0054611830499533736
Finished training EB misspecified, with in-sample MSE: 0.006661587858238386

 Training SURE of the models:
SURE-PM: 0.0054611830499533736
NPMLE: 0.0793439133072468
SURE-PM, NPMLE init: 0.0054609906654305
experiment: e
Finished training EB misspecified with NPMLE init, with SURE: 0.13706186781152027
Finished training EB misspecified with NPMLE init, with in-sample MSE: 0.17800112532679774
Finished training EB misspecified, with SURE: 0.1368530545461852
Finished training EB misspecified, with in-sample MSE: 0.17738126320940345

 Training SURE of the models:
SURE-PM: 0.1368530545461852
NPMLE: 0.27793038386519514
SURE-PM, NPMLE init: 0.13706186781152027
n: 400
experiment: c
Finished training EB misspecified with NPMLE init, with SURE: 0.017940374614807696
Finished training EB misspecified with NPMLE init, with in-sample MSE: 0.05724946201436659
Finished training EB misspecified, with SURE: 0.01799979943362345
Finished training EB misspecified, with in-sample MSE: 0.057258405291044305

 Training SURE of the models:
SURE-PM: 0.01799979943362345
NPMLE: 0.7598159258688991
SURE-PM, NPMLE init: 0.017940374614807696
experiment: d
Finished training EB misspecified with NPMLE init, with SURE: -0.003966460700396582
Finished training EB misspecified with NPMLE init, with in-sample MSE: 0.005427340588277324
Finished training EB misspecified, with SURE: -0.003962289501553933
Finished training EB misspecified, with in-sample MSE: 0.0054238256840316934

 Training SURE of the models:
SURE-PM: -0.003962289501553933
NPMLE: 0.02459577268349175
SURE-PM, NPMLE init: -0.003966460700396582
experiment: e
Finished training EB misspecified with NPMLE init, with SURE: 0.1501583098241586
Finished training EB misspecified with NPMLE init, with in-sample MSE: 0.1909433544712082
Finished training EB misspecified, with SURE: 0.14843006338311665
Finished training EB misspecified, with in-sample MSE: 0.17770477098313678

 Training SURE of the models:
SURE-PM: 0.14843006338311665
NPMLE: 0.35639963557186155
SURE-PM, NPMLE init: 0.1501583098241586
m: 785
n: 100
experiment: c
Finished training EB misspecified with NPMLE init, with SURE: 0.06325700464420947
Finished training EB misspecified with NPMLE init, with in-sample MSE: 0.061070310041785196
Finished training EB misspecified, with SURE: 0.06325708504104988
Finished training EB misspecified, with in-sample MSE: 0.06107036390073706

 Training SURE of the models:
SURE-PM: 0.06325708504104988
NPMLE: 0.21091469657952303
SURE-PM, NPMLE init: 0.06325700464420947
experiment: d
Finished training EB misspecified with NPMLE init, with SURE: 0.004306942118069497
Finished training EB misspecified with NPMLE init, with in-sample MSE: 0.00899159159635272
Finished training EB misspecified, with SURE: 0.00430705850544582
Finished training EB misspecified, with in-sample MSE: 0.008992671574040427

 Training SURE of the models:
SURE-PM: 0.00430705850544582
NPMLE: 0.054259616691034844
SURE-PM, NPMLE init: 0.004306942118069497
experiment: e
Finished training EB misspecified with NPMLE init, with SURE: 0.15980951802257168
Finished training EB misspecified with NPMLE init, with in-sample MSE: 0.25358735857058673
Finished training EB misspecified, with SURE: 0.1598167462812259
Finished training EB misspecified, with in-sample MSE: 0.2535937439209401

 Training SURE of the models:
SURE-PM: 0.1598167462812259
NPMLE: 0.34771264267190605
SURE-PM, NPMLE init: 0.15980951802257168
n: 200
experiment: c
Finished training EB misspecified with NPMLE init, with SURE: 0.06850116767567364
Finished training EB misspecified with NPMLE init, with in-sample MSE: 0.10271080679394184
Finished training EB misspecified, with SURE: 0.06849886988690031
Finished training EB misspecified, with in-sample MSE: 0.10272347697703918

 Training SURE of the models:
SURE-PM: 0.06849886988690031
NPMLE: 0.8415974704470122
SURE-PM, NPMLE init: 0.06850116767567364
experiment: d
Finished training EB misspecified with NPMLE init, with SURE: -0.02384632231398504
Finished training EB misspecified with NPMLE init, with in-sample MSE: 0.004534546636178327
Finished training EB misspecified, with SURE: -0.023844265999334854
Finished training EB misspecified, with in-sample MSE: 0.004533860864606623

 Training SURE of the models:
SURE-PM: -0.023844265999334854
NPMLE: 0.0019041357974860418
SURE-PM, NPMLE init: -0.02384632231398504
experiment: e
Finished training EB misspecified with NPMLE init, with SURE: 0.157795880464451
Finished training EB misspecified with NPMLE init, with in-sample MSE: 0.1986569734765974
Finished training EB misspecified, with SURE: 0.15780925522907338
Finished training EB misspecified, with in-sample MSE: 0.19855029757746326

 Training SURE of the models:
SURE-PM: 0.15780925522907338
NPMLE: 0.2819174484681522
SURE-PM, NPMLE init: 0.157795880464451
n: 400
experiment: c
Finished training EB misspecified with NPMLE init, with SURE: 0.01616863462475365
Finished training EB misspecified with NPMLE init, with in-sample MSE: 0.09964795453065058
Finished training EB misspecified, with SURE: 0.016172435632967108
Finished training EB misspecified, with in-sample MSE: 0.0996441312216159

 Training SURE of the models:
SURE-PM: 0.016172435632967108
NPMLE: 1.0422188654884206
SURE-PM, NPMLE init: 0.01616863462475365
experiment: d
Finished training EB misspecified with NPMLE init, with SURE: 0.01048211660969244
Finished training EB misspecified with NPMLE init, with in-sample MSE: 0.014232534044302142
Finished training EB misspecified, with SURE: 0.009376607441693743
Finished training EB misspecified, with in-sample MSE: 0.014930737735048464

 Training SURE of the models:
SURE-PM: 0.009376607441693743
NPMLE: 0.11489224988142219
SURE-PM, NPMLE init: 0.01048211660969244
experiment: e
Finished training EB misspecified with NPMLE init, with SURE: 0.16876498798243308
Finished training EB misspecified with NPMLE init, with in-sample MSE: 0.17691601686438102
Finished training EB misspecified, with SURE: 0.1687748314431614
Finished training EB misspecified, with in-sample MSE: 0.17690690220476096

 Training SURE of the models:
SURE-PM: 0.1687748314431614
NPMLE: 0.3071199310391029
SURE-PM, NPMLE init: 0.16876498798243308
m: 786
n: 100
experiment: c
Finished training EB misspecified with NPMLE init, with SURE: 0.079181080794175
Finished training EB misspecified with NPMLE init, with in-sample MSE: 0.059804701701077115
Finished training EB misspecified, with SURE: 0.0791857011557206
Finished training EB misspecified, with in-sample MSE: 0.059787895255929646

 Training SURE of the models:
SURE-PM: 0.0791857011557206
NPMLE: 0.7110399112290184
SURE-PM, NPMLE init: 0.079181080794175
experiment: d
Finished training EB misspecified with NPMLE init, with SURE: -0.0012955727389325133
Finished training EB misspecified with NPMLE init, with in-sample MSE: 0.01585049015827841
Finished training EB misspecified, with SURE: -0.001295210293137874
Finished training EB misspecified, with in-sample MSE: 0.015851310452448038

 Training SURE of the models:
SURE-PM: -0.001295210293137874
NPMLE: 0.10629717003501128
SURE-PM, NPMLE init: -0.0012955727389325133
experiment: e
Finished training EB misspecified with NPMLE init, with SURE: 0.1292685747205254
Finished training EB misspecified with NPMLE init, with in-sample MSE: 0.2570164584464535
Finished training EB misspecified, with SURE: 0.1288416976727695
Finished training EB misspecified, with in-sample MSE: 0.2522305834786116

 Training SURE of the models:
SURE-PM: 0.1288416976727695
NPMLE: 0.3485079511337919
SURE-PM, NPMLE init: 0.1292685747205254
n: 200
experiment: c
Finished training EB misspecified with NPMLE init, with SURE: 0.10155221190695166
Finished training EB misspecified with NPMLE init, with in-sample MSE: 0.09485148519351984
Finished training EB misspecified, with SURE: 0.10159053110650526
Finished training EB misspecified, with in-sample MSE: 0.09515952145586201

 Training SURE of the models:
SURE-PM: 0.10159053110650526
NPMLE: 0.7608734010442718
SURE-PM, NPMLE init: 0.10155221190695166
experiment: d
Finished training EB misspecified with NPMLE init, with SURE: 0.019810670808276126
Finished training EB misspecified with NPMLE init, with in-sample MSE: 0.012219511918788103
Finished training EB misspecified, with SURE: 0.019814779285180554
Finished training EB misspecified, with in-sample MSE: 0.012206920850201277

 Training SURE of the models:
SURE-PM: 0.019814779285180554
NPMLE: 0.07923946855322424
SURE-PM, NPMLE init: 0.019810670808276126
experiment: e
Finished training EB misspecified with NPMLE init, with SURE: 0.1647049710146046
Finished training EB misspecified with NPMLE init, with in-sample MSE: 0.1745065796104757
Finished training EB misspecified, with SURE: 0.16471236696480795
Finished training EB misspecified, with in-sample MSE: 0.17450245596860137

 Training SURE of the models:
SURE-PM: 0.16471236696480795
NPMLE: 0.3252061320300625
SURE-PM, NPMLE init: 0.1647049710146046
n: 400
experiment: c
Finished training EB misspecified with NPMLE init, with SURE: -0.0063290898379577245
Finished training EB misspecified with NPMLE init, with in-sample MSE: 0.1023868216843184
Finished training EB misspecified, with SURE: 0.015200806270429013
Finished training EB misspecified, with in-sample MSE: 0.06640353046250694

 Training SURE of the models:
SURE-PM: 0.015200806270429013
NPMLE: 0.981269796851097
SURE-PM, NPMLE init: -0.0063290898379577245
experiment: d
Finished training EB misspecified with NPMLE init, with SURE: 0.02135877921232053
Finished training EB misspecified with NPMLE init, with in-sample MSE: 0.008942483221287548
Finished training EB misspecified, with SURE: 0.021358762051646298
Finished training EB misspecified, with in-sample MSE: 0.008946760742228787

 Training SURE of the models:
SURE-PM: 0.021358762051646298
NPMLE: 0.1442984910670383
SURE-PM, NPMLE init: 0.02135877921232053
experiment: e
Finished training EB misspecified with NPMLE init, with SURE: 0.18309990494593473
Finished training EB misspecified with NPMLE init, with in-sample MSE: 0.1944449368887238
Finished training EB misspecified, with SURE: 0.18310242960405496
Finished training EB misspecified, with in-sample MSE: 0.19444329616278533

 Training SURE of the models:
SURE-PM: 0.18310242960405496
NPMLE: 0.31887260457461136
SURE-PM, NPMLE init: 0.18309990494593473
m: 787
n: 100
experiment: c
Finished training EB misspecified with NPMLE init, with SURE: -0.04002935537420228
Finished training EB misspecified with NPMLE init, with in-sample MSE: 0.07802292141745147
Finished training EB misspecified, with SURE: -0.04002437288263025
Finished training EB misspecified, with in-sample MSE: 0.07801431017355549

 Training SURE of the models:
SURE-PM: -0.04002437288263025
NPMLE: 0.18262515907293136
SURE-PM, NPMLE init: -0.04002935537420228
experiment: d
Finished training EB misspecified with NPMLE init, with SURE: -0.018055092634162655
Finished training EB misspecified with NPMLE init, with in-sample MSE: 0.006697838781768014
Finished training EB misspecified, with SURE: -0.018053649586721524
Finished training EB misspecified, with in-sample MSE: 0.006697747179633213

 Training SURE of the models:
SURE-PM: -0.018053649586721524
NPMLE: 0.00974319104684767
SURE-PM, NPMLE init: -0.018055092634162655
experiment: e
Finished training EB misspecified with NPMLE init, with SURE: 0.14649207803107675
Finished training EB misspecified with NPMLE init, with in-sample MSE: 0.17714078155234475
Finished training EB misspecified, with SURE: 0.14650132892463272
Finished training EB misspecified, with in-sample MSE: 0.17714564529493956

 Training SURE of the models:
SURE-PM: 0.14650132892463272
NPMLE: 0.32283551712651504
SURE-PM, NPMLE init: 0.14649207803107675
n: 200
experiment: c
Finished training EB misspecified with NPMLE init, with SURE: -0.0742857562562277
Finished training EB misspecified with NPMLE init, with in-sample MSE: 0.0768566674814952
Finished training EB misspecified, with SURE: -0.07410448306275284
Finished training EB misspecified, with in-sample MSE: 0.07800991280529596

 Training SURE of the models:
SURE-PM: -0.07410448306275284
NPMLE: 0.8418196957999717
SURE-PM, NPMLE init: -0.0742857562562277
experiment: d
Finished training EB misspecified with NPMLE init, with SURE: 0.018051620888639323
Finished training EB misspecified with NPMLE init, with in-sample MSE: 0.003519851059680027
Finished training EB misspecified, with SURE: 0.01805388750354858
Finished training EB misspecified, with in-sample MSE: 0.003521481535366916

 Training SURE of the models:
SURE-PM: 0.01805388750354858
NPMLE: 0.040264606967967416
SURE-PM, NPMLE init: 0.018051620888639323
experiment: e
Finished training EB misspecified with NPMLE init, with SURE: 0.1398362242794515
Finished training EB misspecified with NPMLE init, with in-sample MSE: 0.17078218169031598
Finished training EB misspecified, with SURE: 0.13984628826064324
Finished training EB misspecified, with in-sample MSE: 0.17076947358694586

 Training SURE of the models:
SURE-PM: 0.13984628826064324
NPMLE: 0.36761636676430487
SURE-PM, NPMLE init: 0.1398362242794515
n: 400
experiment: c
Finished training EB misspecified with NPMLE init, with SURE: 0.037804051202930254
Finished training EB misspecified with NPMLE init, with in-sample MSE: 0.05852959713723038
Finished training EB misspecified, with SURE: 0.03780978420093632
Finished training EB misspecified, with in-sample MSE: 0.05852872993995303

 Training SURE of the models:
SURE-PM: 0.03780978420093632
NPMLE: 0.6424876710731685
SURE-PM, NPMLE init: 0.037804051202930254
experiment: d
Finished training EB misspecified with NPMLE init, with SURE: -0.0046940535111701645
Finished training EB misspecified with NPMLE init, with in-sample MSE: 0.004124894741200603
Finished training EB misspecified, with SURE: -0.0046926034347547765
Finished training EB misspecified, with in-sample MSE: 0.004105291803224864

 Training SURE of the models:
SURE-PM: -0.0046926034347547765
NPMLE: 0.054150417161804895
SURE-PM, NPMLE init: -0.0046940535111701645
experiment: e
Finished training EB misspecified with NPMLE init, with SURE: 0.13172648654909203
Finished training EB misspecified with NPMLE init, with in-sample MSE: 0.1958215221850179
Finished training EB misspecified, with SURE: 0.13110049950042188
Finished training EB misspecified, with in-sample MSE: 0.1893608109514051

 Training SURE of the models:
SURE-PM: 0.13110049950042188
NPMLE: 0.3254567795425538
SURE-PM, NPMLE init: 0.13172648654909203
m: 788
n: 100
experiment: c
Finished training EB misspecified with NPMLE init, with SURE: 0.15298134136033995
Finished training EB misspecified with NPMLE init, with in-sample MSE: 0.17471244315051265
Finished training EB misspecified, with SURE: 0.15298715728220516
Finished training EB misspecified, with in-sample MSE: 0.17469683871563896

 Training SURE of the models:
SURE-PM: 0.15298715728220516
NPMLE: 0.6928496767739826
SURE-PM, NPMLE init: 0.15298134136033995
experiment: d
Finished training EB misspecified with NPMLE init, with SURE: 0.021603688118331254
Finished training EB misspecified with NPMLE init, with in-sample MSE: 0.013996282128371743
Finished training EB misspecified, with SURE: 0.0216046265544942
Finished training EB misspecified, with in-sample MSE: 0.014007121126588657

 Training SURE of the models:
SURE-PM: 0.0216046265544942
NPMLE: 0.059395502833113054
SURE-PM, NPMLE init: 0.021603688118331254
experiment: e
Finished training EB misspecified with NPMLE init, with SURE: 0.10959963858378594
Finished training EB misspecified with NPMLE init, with in-sample MSE: 0.2545716459065805
Finished training EB misspecified, with SURE: 0.10960238877376952
Finished training EB misspecified, with in-sample MSE: 0.25455988937158586

 Training SURE of the models:
SURE-PM: 0.10960238877376952
NPMLE: 0.30327406599986156
SURE-PM, NPMLE init: 0.10959963858378594
n: 200
experiment: c
Finished training EB misspecified with NPMLE init, with SURE: 0.0939778053748961
Finished training EB misspecified with NPMLE init, with in-sample MSE: 0.060932920080754086
Finished training EB misspecified, with SURE: 0.09397741791103754
Finished training EB misspecified, with in-sample MSE: 0.06093462257788228

 Training SURE of the models:
SURE-PM: 0.09397741791103754
NPMLE: 0.5835615686381186
SURE-PM, NPMLE init: 0.0939778053748961
experiment: d
Finished training EB misspecified with NPMLE init, with SURE: 0.001725246858571321
Finished training EB misspecified with NPMLE init, with in-sample MSE: 0.010690473817566269
Finished training EB misspecified, with SURE: 0.0017370835927964202
Finished training EB misspecified, with in-sample MSE: 0.010681634534949042

 Training SURE of the models:
SURE-PM: 0.0017370835927964202
NPMLE: 0.025407686184324145
SURE-PM, NPMLE init: 0.001725246858571321
experiment: e
Finished training EB misspecified with NPMLE init, with SURE: 0.1627483505853452
Finished training EB misspecified with NPMLE init, with in-sample MSE: 0.17222933681621494
Finished training EB misspecified, with SURE: 0.16275228394209834
Finished training EB misspecified, with in-sample MSE: 0.17223483172543147

 Training SURE of the models:
SURE-PM: 0.16275228394209834
NPMLE: 0.3440511321124244
SURE-PM, NPMLE init: 0.1627483505853452
n: 400
experiment: c
Finished training EB misspecified with NPMLE init, with SURE: 0.0034940030061452634
Finished training EB misspecified with NPMLE init, with in-sample MSE: 0.05525726031169752
Finished training EB misspecified, with SURE: 0.0034989037044944383
Finished training EB misspecified, with in-sample MSE: 0.05525572655867297

 Training SURE of the models:
SURE-PM: 0.0034989037044944383
NPMLE: 0.5308810503632807
SURE-PM, NPMLE init: 0.0034940030061452634
experiment: d
Finished training EB misspecified with NPMLE init, with SURE: -0.006538672229348812
Finished training EB misspecified with NPMLE init, with in-sample MSE: 0.007470160369162787
Finished training EB misspecified, with SURE: -0.00653693019097247
Finished training EB misspecified, with in-sample MSE: 0.007473138429882502

 Training SURE of the models:
SURE-PM: -0.00653693019097247
NPMLE: 0.04133555396518048
SURE-PM, NPMLE init: -0.006538672229348812
experiment: e
Finished training EB misspecified with NPMLE init, with SURE: 0.13731914485980837
Finished training EB misspecified with NPMLE init, with in-sample MSE: 0.1761168580177072
Finished training EB misspecified, with SURE: 0.13732161044333296
Finished training EB misspecified, with in-sample MSE: 0.1761149925806814

 Training SURE of the models:
SURE-PM: 0.13732161044333296
NPMLE: 0.39082694310705063
SURE-PM, NPMLE init: 0.13731914485980837
m: 789
n: 100
experiment: c
Finished training EB misspecified with NPMLE init, with SURE: 0.08806642321851144
Finished training EB misspecified with NPMLE init, with in-sample MSE: 0.05913520795455796
Finished training EB misspecified, with SURE: 0.08502964340110382
Finished training EB misspecified, with in-sample MSE: 0.07269304206902709

 Training SURE of the models:
SURE-PM: 0.08502964340110382
NPMLE: 0.6013586455153722
SURE-PM, NPMLE init: 0.08806642321851144
experiment: d
Finished training EB misspecified with NPMLE init, with SURE: -0.005092236550068386
Finished training EB misspecified with NPMLE init, with in-sample MSE: 0.007096148979601715
Finished training EB misspecified, with SURE: -0.006889679619014703
Finished training EB misspecified, with in-sample MSE: 0.01197460287157332

 Training SURE of the models:
SURE-PM: -0.006889679619014703
NPMLE: 0.046457295227314926
SURE-PM, NPMLE init: -0.005092236550068386
experiment: e
Finished training EB misspecified with NPMLE init, with SURE: 0.12723562240250755
Finished training EB misspecified with NPMLE init, with in-sample MSE: 0.25443947779964377
Finished training EB misspecified, with SURE: 0.12715240555130952
Finished training EB misspecified, with in-sample MSE: 0.24942687154664395

 Training SURE of the models:
SURE-PM: 0.12715240555130952
NPMLE: 0.2678673690402347
SURE-PM, NPMLE init: 0.12723562240250755
n: 200
experiment: c
Finished training EB misspecified with NPMLE init, with SURE: 0.06867489758896525
Finished training EB misspecified with NPMLE init, with in-sample MSE: 0.0688137495936638
Finished training EB misspecified, with SURE: 0.06867644973482896
Finished training EB misspecified, with in-sample MSE: 0.06881091032685405

 Training SURE of the models:
SURE-PM: 0.06867644973482896
NPMLE: 0.4105544906803238
SURE-PM, NPMLE init: 0.06867489758896525
experiment: d
Finished training EB misspecified with NPMLE init, with SURE: 0.02519115834038388
Finished training EB misspecified with NPMLE init, with in-sample MSE: 0.011230574965503316
Finished training EB misspecified, with SURE: 0.025193954614895073
Finished training EB misspecified, with in-sample MSE: 0.011225632093736558

 Training SURE of the models:
SURE-PM: 0.025193954614895073
NPMLE: 0.07646393034614929
SURE-PM, NPMLE init: 0.02519115834038388
experiment: e
Finished training EB misspecified with NPMLE init, with SURE: 0.14948421118819558
Finished training EB misspecified with NPMLE init, with in-sample MSE: 0.21761145641269386
Finished training EB misspecified, with SURE: 0.14831497856692227
Finished training EB misspecified, with in-sample MSE: 0.2113731886582218

 Training SURE of the models:
SURE-PM: 0.14831497856692227
NPMLE: 0.32834008569818857
SURE-PM, NPMLE init: 0.14948421118819558
n: 400
experiment: c
Finished training EB misspecified with NPMLE init, with SURE: 0.06675397335801726
Finished training EB misspecified with NPMLE init, with in-sample MSE: 0.05434034239092129
Finished training EB misspecified, with SURE: 0.06676727396544223
Finished training EB misspecified, with in-sample MSE: 0.05433403527833905

 Training SURE of the models:
SURE-PM: 0.06676727396544223
NPMLE: 0.5620118529236229
SURE-PM, NPMLE init: 0.06675397335801726
experiment: d
Finished training EB misspecified with NPMLE init, with SURE: 0.011561806371149999
Finished training EB misspecified with NPMLE init, with in-sample MSE: 0.018912754685241978
Finished training EB misspecified, with SURE: 0.011562151103957792
Finished training EB misspecified, with in-sample MSE: 0.018933096156158985

 Training SURE of the models:
SURE-PM: 0.011562151103957792
NPMLE: 0.16416466272882466
SURE-PM, NPMLE init: 0.011561806371149999
experiment: e
Finished training EB misspecified with NPMLE init, with SURE: 0.16245212230529427
Finished training EB misspecified with NPMLE init, with in-sample MSE: 0.18616853467165062
Finished training EB misspecified, with SURE: 0.162459539879817
Finished training EB misspecified, with in-sample MSE: 0.18616528984100167

 Training SURE of the models:
SURE-PM: 0.162459539879817
NPMLE: 0.3100336902345434
SURE-PM, NPMLE init: 0.16245212230529427
m: 790
n: 100
experiment: c
Finished training EB misspecified with NPMLE init, with SURE: -0.04960254870449461
Finished training EB misspecified with NPMLE init, with in-sample MSE: 0.06688315081511634
Finished training EB misspecified, with SURE: -0.04959456641119168
Finished training EB misspecified, with in-sample MSE: 0.06687865309044812

 Training SURE of the models:
SURE-PM: -0.04959456641119168
NPMLE: 0.3358653679962146
SURE-PM, NPMLE init: -0.04960254870449461
experiment: d
Finished training EB misspecified with NPMLE init, with SURE: 0.028654839900990367
Finished training EB misspecified with NPMLE init, with in-sample MSE: 0.013615234411984612
Finished training EB misspecified, with SURE: 0.02865505799255306
Finished training EB misspecified, with in-sample MSE: 0.013657453970385902

 Training SURE of the models:
SURE-PM: 0.02865505799255306
NPMLE: 0.045442739671586685
SURE-PM, NPMLE init: 0.028654839900990367
experiment: e
Finished training EB misspecified with NPMLE init, with SURE: 0.1203478254476638
Finished training EB misspecified with NPMLE init, with in-sample MSE: 0.2790308834023929
Finished training EB misspecified, with SURE: 0.10843479451839522
Finished training EB misspecified, with in-sample MSE: 0.2110597250259251

 Training SURE of the models:
SURE-PM: 0.10843479451839522
NPMLE: 0.46363525867626637
SURE-PM, NPMLE init: 0.1203478254476638
n: 200
experiment: c
Finished training EB misspecified with NPMLE init, with SURE: 0.08233100909239802
Finished training EB misspecified with NPMLE init, with in-sample MSE: 0.07849596957910941
Finished training EB misspecified, with SURE: 0.08234264922567697
Finished training EB misspecified, with in-sample MSE: 0.07840189854956056

 Training SURE of the models:
SURE-PM: 0.08234264922567697
NPMLE: 0.919015400118677
SURE-PM, NPMLE init: 0.08233100909239802
experiment: d
Finished training EB misspecified with NPMLE init, with SURE: -0.009372521528675737
Finished training EB misspecified with NPMLE init, with in-sample MSE: 0.005129924488228984
Finished training EB misspecified, with SURE: -0.009369758384115646
Finished training EB misspecified, with in-sample MSE: 0.005129050103711507

 Training SURE of the models:
SURE-PM: -0.009369758384115646
NPMLE: 0.0017222382975440277
SURE-PM, NPMLE init: -0.009372521528675737
experiment: e
Finished training EB misspecified with NPMLE init, with SURE: 0.15493119731251626
Finished training EB misspecified with NPMLE init, with in-sample MSE: 0.18114535577532215
Finished training EB misspecified, with SURE: 0.1549412813745605
Finished training EB misspecified, with in-sample MSE: 0.18115542452187955

 Training SURE of the models:
SURE-PM: 0.1549412813745605
NPMLE: 0.3368901919452677
SURE-PM, NPMLE init: 0.15493119731251626
n: 400
experiment: c
Finished training EB misspecified with NPMLE init, with SURE: 0.0541425043011629
Finished training EB misspecified with NPMLE init, with in-sample MSE: 0.056599752889860654
Finished training EB misspecified, with SURE: 0.05413981821052083
Finished training EB misspecified, with in-sample MSE: 0.05662507129614518

 Training SURE of the models:
SURE-PM: 0.05413981821052083
NPMLE: 0.9197820584283102
SURE-PM, NPMLE init: 0.0541425043011629
experiment: d
Finished training EB misspecified with NPMLE init, with SURE: 0.005088719226218501
Finished training EB misspecified with NPMLE init, with in-sample MSE: 0.0044494132376184554
Finished training EB misspecified, with SURE: 0.005093373846910652
Finished training EB misspecified, with in-sample MSE: 0.004453145331947284

 Training SURE of the models:
SURE-PM: 0.005093373846910652
NPMLE: 0.04452358202443904
SURE-PM, NPMLE init: 0.005088719226218501
experiment: e
Finished training EB misspecified with NPMLE init, with SURE: 0.13715667180597949
Finished training EB misspecified with NPMLE init, with in-sample MSE: 0.1920254392063018
Finished training EB misspecified, with SURE: 0.13716495447393037
Finished training EB misspecified, with in-sample MSE: 0.19203109462673004

 Training SURE of the models:
SURE-PM: 0.13716495447393037
NPMLE: 0.38269935632853064
SURE-PM, NPMLE init: 0.13715667180597949
m: 791
n: 100
experiment: c
Finished training EB misspecified with NPMLE init, with SURE: 0.03888872220155385
Finished training EB misspecified with NPMLE init, with in-sample MSE: 0.07168059396636974
Finished training EB misspecified, with SURE: 0.03888672188900976
Finished training EB misspecified, with in-sample MSE: 0.07168289670418901

 Training SURE of the models:
SURE-PM: 0.03888672188900976
NPMLE: 0.5462799022479335
SURE-PM, NPMLE init: 0.03888872220155385
experiment: d
Finished training EB misspecified with NPMLE init, with SURE: 0.02347892642051752
Finished training EB misspecified with NPMLE init, with in-sample MSE: 0.0449461789242109
Finished training EB misspecified, with SURE: 0.023487998805444655
Finished training EB misspecified, with in-sample MSE: 0.04492618374585981

 Training SURE of the models:
SURE-PM: 0.023487998805444655
NPMLE: 0.1086892259493802
SURE-PM, NPMLE init: 0.02347892642051752
experiment: e
Finished training EB misspecified with NPMLE init, with SURE: 0.08298250771599168
Finished training EB misspecified with NPMLE init, with in-sample MSE: 0.2203969274798752
Finished training EB misspecified, with SURE: 0.08107741433227726
Finished training EB misspecified, with in-sample MSE: 0.22897694515237713

 Training SURE of the models:
SURE-PM: 0.08107741433227726
NPMLE: 0.32462092950087856
SURE-PM, NPMLE init: 0.08298250771599168
n: 200
experiment: c
Finished training EB misspecified with NPMLE init, with SURE: 0.048296565998982785
Finished training EB misspecified with NPMLE init, with in-sample MSE: 0.12469479503031439
Finished training EB misspecified, with SURE: 0.04830721996263719
Finished training EB misspecified, with in-sample MSE: 0.12462538604098877

 Training SURE of the models:
SURE-PM: 0.04830721996263719
NPMLE: 0.818029407357838
SURE-PM, NPMLE init: 0.048296565998982785
experiment: d
Finished training EB misspecified with NPMLE init, with SURE: 0.017881429711222835
Finished training EB misspecified with NPMLE init, with in-sample MSE: 0.017748872598035533
Finished training EB misspecified, with SURE: 0.01787784555413591
Finished training EB misspecified, with in-sample MSE: 0.01775629377539449

 Training SURE of the models:
SURE-PM: 0.01787784555413591
NPMLE: 0.2116135496704798
SURE-PM, NPMLE init: 0.017881429711222835
experiment: e
Finished training EB misspecified with NPMLE init, with SURE: 0.1620927998284136
Finished training EB misspecified with NPMLE init, with in-sample MSE: 0.21159249632098817
Finished training EB misspecified, with SURE: 0.16209907997479328
Finished training EB misspecified, with in-sample MSE: 0.21158047421855003

 Training SURE of the models:
SURE-PM: 0.16209907997479328
NPMLE: 0.3208586845914628
SURE-PM, NPMLE init: 0.1620927998284136
n: 400
experiment: c
Finished training EB misspecified with NPMLE init, with SURE: 0.07497171742420491
Finished training EB misspecified with NPMLE init, with in-sample MSE: 0.1094328073347524
Finished training EB misspecified, with SURE: 0.07496909177304226
Finished training EB misspecified, with in-sample MSE: 0.1094422549742284

 Training SURE of the models:
SURE-PM: 0.07496909177304226
NPMLE: 0.6250157795171009
SURE-PM, NPMLE init: 0.07497171742420491
experiment: d
Finished training EB misspecified with NPMLE init, with SURE: -0.002225172483662465
Finished training EB misspecified with NPMLE init, with in-sample MSE: 0.004665510701447012
Finished training EB misspecified, with SURE: -0.0022174969804864553
Finished training EB misspecified, with in-sample MSE: 0.004664988018856002

 Training SURE of the models:
SURE-PM: -0.0022174969804864553
NPMLE: 0.023983225325409842
SURE-PM, NPMLE init: -0.002225172483662465
experiment: e
Finished training EB misspecified with NPMLE init, with SURE: 0.18437079792028585
Finished training EB misspecified with NPMLE init, with in-sample MSE: 0.20653764268849722
Finished training EB misspecified, with SURE: 0.18437823024828362
Finished training EB misspecified, with in-sample MSE: 0.2065333376049756

 Training SURE of the models:
SURE-PM: 0.18437823024828362
NPMLE: 0.2969447170376195
SURE-PM, NPMLE init: 0.18437079792028585
m: 792
n: 100
experiment: c
Finished training EB misspecified with NPMLE init, with SURE: -0.003857262857304562
Finished training EB misspecified with NPMLE init, with in-sample MSE: 0.04463166887935228
Finished training EB misspecified, with SURE: -0.003858137373199071
Finished training EB misspecified, with in-sample MSE: 0.04463220229421655

 Training SURE of the models:
SURE-PM: -0.003858137373199071
NPMLE: 0.3916167134166553
SURE-PM, NPMLE init: -0.003857262857304562
experiment: d
Finished training EB misspecified with NPMLE init, with SURE: 0.03196138825837799
Finished training EB misspecified with NPMLE init, with in-sample MSE: 0.026512768973380254
Finished training EB misspecified, with SURE: 0.031969562267154326
Finished training EB misspecified, with in-sample MSE: 0.0265322079859405

 Training SURE of the models:
SURE-PM: 0.031969562267154326
NPMLE: 0.16226178281947357
SURE-PM, NPMLE init: 0.03196138825837799
experiment: e
Finished training EB misspecified with NPMLE init, with SURE: 0.14501025381354296
Finished training EB misspecified with NPMLE init, with in-sample MSE: 0.16711305982037852
Finished training EB misspecified, with SURE: 0.1359264754440359
Finished training EB misspecified, with in-sample MSE: 0.16082441186534763

 Training SURE of the models:
SURE-PM: 0.1359264754440359
NPMLE: 0.343357977178949
SURE-PM, NPMLE init: 0.14501025381354296
n: 200
experiment: c
Finished training EB misspecified with NPMLE init, with SURE: -0.03335178658062901
Finished training EB misspecified with NPMLE init, with in-sample MSE: 0.04978422154846315
Finished training EB misspecified, with SURE: -0.033349822985564825
Finished training EB misspecified, with in-sample MSE: 0.04978370190930019

 Training SURE of the models:
SURE-PM: -0.033349822985564825
NPMLE: 0.3795584653979583
SURE-PM, NPMLE init: -0.03335178658062901
experiment: d
Finished training EB misspecified with NPMLE init, with SURE: 0.0106075294117319
Finished training EB misspecified with NPMLE init, with in-sample MSE: 0.0073971547398632605
Finished training EB misspecified, with SURE: 0.010453388752654362
Finished training EB misspecified, with in-sample MSE: 0.007630755008272335

 Training SURE of the models:
SURE-PM: 0.010453388752654362
NPMLE: 0.1061689843513272
SURE-PM, NPMLE init: 0.0106075294117319
experiment: e
Finished training EB misspecified with NPMLE init, with SURE: 0.1585111435748618
Finished training EB misspecified with NPMLE init, with in-sample MSE: 0.2391822900495901
Finished training EB misspecified, with SURE: 0.15092297448304717
Finished training EB misspecified, with in-sample MSE: 0.24569344524205472

 Training SURE of the models:
SURE-PM: 0.15092297448304717
NPMLE: 0.2524803048306432
SURE-PM, NPMLE init: 0.1585111435748618
n: 400
experiment: c
Finished training EB misspecified with NPMLE init, with SURE: 0.0309744581551508
Finished training EB misspecified with NPMLE init, with in-sample MSE: 0.05383424806771984
Finished training EB misspecified, with SURE: 0.03098742709854555
Finished training EB misspecified, with in-sample MSE: 0.05383322224487569

 Training SURE of the models:
SURE-PM: 0.03098742709854555
NPMLE: 0.7982437330108876
SURE-PM, NPMLE init: 0.0309744581551508
experiment: d
Finished training EB misspecified with NPMLE init, with SURE: -0.007210724055503945
Finished training EB misspecified with NPMLE init, with in-sample MSE: 0.005345046511374364
Finished training EB misspecified, with SURE: -0.007208651509902246
Finished training EB misspecified, with in-sample MSE: 0.005337842781364423

 Training SURE of the models:
SURE-PM: -0.007208651509902246
NPMLE: 0.035630200679626384
SURE-PM, NPMLE init: -0.007210724055503945
experiment: e
Finished training EB misspecified with NPMLE init, with SURE: 0.14743712463810263
Finished training EB misspecified with NPMLE init, with in-sample MSE: 0.17105124701951213
Finished training EB misspecified, with SURE: 0.14743171000098917
Finished training EB misspecified, with in-sample MSE: 0.17105830812386813

 Training SURE of the models:
SURE-PM: 0.14743171000098917
NPMLE: 0.3100752797242018
SURE-PM, NPMLE init: 0.14743712463810263
m: 793
n: 100
experiment: c
Finished training EB misspecified with NPMLE init, with SURE: 0.04297062734476839
Finished training EB misspecified with NPMLE init, with in-sample MSE: 0.08516624632665094
Finished training EB misspecified, with SURE: 0.0429708659892475
Finished training EB misspecified, with in-sample MSE: 0.08517144696112997

 Training SURE of the models:
SURE-PM: 0.0429708659892475
NPMLE: 0.2885670973370352
SURE-PM, NPMLE init: 0.04297062734476839
experiment: d
Finished training EB misspecified with NPMLE init, with SURE: 0.021289514965378606
Finished training EB misspecified with NPMLE init, with in-sample MSE: 0.009617599799716898
Finished training EB misspecified, with SURE: 0.02129051689053309
Finished training EB misspecified, with in-sample MSE: 0.009620137992978077

 Training SURE of the models:
SURE-PM: 0.02129051689053309
NPMLE: 0.19333385739273773
SURE-PM, NPMLE init: 0.021289514965378606
experiment: e
Finished training EB misspecified with NPMLE init, with SURE: 0.09620901027637924
Finished training EB misspecified with NPMLE init, with in-sample MSE: 0.1488563165704117
Finished training EB misspecified, with SURE: 0.0962104793842315
Finished training EB misspecified, with in-sample MSE: 0.14885483674388872

 Training SURE of the models:
SURE-PM: 0.0962104793842315
NPMLE: 0.3647653551731425
SURE-PM, NPMLE init: 0.09620901027637924
n: 200
experiment: c
Finished training EB misspecified with NPMLE init, with SURE: 0.11177663969833851
Finished training EB misspecified with NPMLE init, with in-sample MSE: 0.06536070544444847
Finished training EB misspecified, with SURE: 0.1117725627008732
Finished training EB misspecified, with in-sample MSE: 0.06535877464896933

 Training SURE of the models:
SURE-PM: 0.1117725627008732
NPMLE: 0.6020579915929074
SURE-PM, NPMLE init: 0.11177663969833851
experiment: d
Finished training EB misspecified with NPMLE init, with SURE: -0.006269705920863373
Finished training EB misspecified with NPMLE init, with in-sample MSE: 0.008254660214032379
Finished training EB misspecified, with SURE: -0.006269479147635551
Finished training EB misspecified, with in-sample MSE: 0.008254704799081834

 Training SURE of the models:
SURE-PM: -0.006269479147635551
NPMLE: 0.0389615827696732
SURE-PM, NPMLE init: -0.006269705920863373
experiment: e
Finished training EB misspecified with NPMLE init, with SURE: 0.16444984780492206
Finished training EB misspecified with NPMLE init, with in-sample MSE: 0.1826017550344352
Finished training EB misspecified, with SURE: 0.16444119439581711
Finished training EB misspecified, with in-sample MSE: 0.18260550586219768

 Training SURE of the models:
SURE-PM: 0.16444119439581711
NPMLE: 0.3573666527312034
SURE-PM, NPMLE init: 0.16444984780492206
n: 400
experiment: c
Finished training EB misspecified with NPMLE init, with SURE: 0.07069766219709017
Finished training EB misspecified with NPMLE init, with in-sample MSE: 0.07052432337763993
Finished training EB misspecified, with SURE: 0.07385847347857151
Finished training EB misspecified, with in-sample MSE: 0.054898038405420665

 Training SURE of the models:
SURE-PM: 0.07385847347857151
NPMLE: 1.0460440524738865
SURE-PM, NPMLE init: 0.07069766219709017
experiment: d
Finished training EB misspecified with NPMLE init, with SURE: -0.00435281050114476
Finished training EB misspecified with NPMLE init, with in-sample MSE: 0.006048866576583133
Finished training EB misspecified, with SURE: -0.004341415189852782
Finished training EB misspecified, with in-sample MSE: 0.0060602113128509424

 Training SURE of the models:
SURE-PM: -0.004341415189852782
NPMLE: 0.044452804484218046
SURE-PM, NPMLE init: -0.00435281050114476
experiment: e
Finished training EB misspecified with NPMLE init, with SURE: 0.14113076430333954
Finished training EB misspecified with NPMLE init, with in-sample MSE: 0.1710698805182405
Finished training EB misspecified, with SURE: 0.14031120798112717
Finished training EB misspecified, with in-sample MSE: 0.16899284438213924

 Training SURE of the models:
SURE-PM: 0.14031120798112717
NPMLE: 0.35962623466163707
SURE-PM, NPMLE init: 0.14113076430333954
m: 794
n: 100
experiment: c
Finished training EB misspecified with NPMLE init, with SURE: -0.07080513890129013
Finished training EB misspecified with NPMLE init, with in-sample MSE: 0.06006172653696468
Finished training EB misspecified, with SURE: -0.07082395530090402
Finished training EB misspecified, with in-sample MSE: 0.06012750903050632

 Training SURE of the models:
SURE-PM: -0.07082395530090402
NPMLE: 0.9466859135798584
SURE-PM, NPMLE init: -0.07080513890129013
experiment: d
Finished training EB misspecified with NPMLE init, with SURE: -0.028449282597064265
Finished training EB misspecified with NPMLE init, with in-sample MSE: 0.0033798156413663485
Finished training EB misspecified, with SURE: -0.028448731239087588
Finished training EB misspecified, with in-sample MSE: 0.003370243636082858

 Training SURE of the models:
SURE-PM: -0.028448731239087588
NPMLE: -0.016605371687240335
SURE-PM, NPMLE init: -0.028449282597064265
experiment: e
Finished training EB misspecified with NPMLE init, with SURE: 0.10501268011798605
Finished training EB misspecified with NPMLE init, with in-sample MSE: 0.223259100577387
Finished training EB misspecified, with SURE: 0.10502663327821328
Finished training EB misspecified, with in-sample MSE: 0.22327678676768342

 Training SURE of the models:
SURE-PM: 0.10502663327821328
NPMLE: 0.3568497257346206
SURE-PM, NPMLE init: 0.10501268011798605
n: 200
experiment: c
Finished training EB misspecified with NPMLE init, with SURE: -0.021584290418787618
Finished training EB misspecified with NPMLE init, with in-sample MSE: 0.05689371768566174
Finished training EB misspecified, with SURE: -0.02158553987675184
Finished training EB misspecified, with in-sample MSE: 0.056909051638349

 Training SURE of the models:
SURE-PM: -0.02158553987675184
NPMLE: 0.5204084309997805
SURE-PM, NPMLE init: -0.021584290418787618
experiment: d
Finished training EB misspecified with NPMLE init, with SURE: 0.003969739966461958
Finished training EB misspecified with NPMLE init, with in-sample MSE: 0.007237680387114526
Finished training EB misspecified, with SURE: 0.003970215869996192
Finished training EB misspecified, with in-sample MSE: 0.007286681940756427

 Training SURE of the models:
SURE-PM: 0.003970215869996192
NPMLE: 0.07908494953909811
SURE-PM, NPMLE init: 0.003969739966461958
experiment: e
Finished training EB misspecified with NPMLE init, with SURE: 0.14586421879175762
Finished training EB misspecified with NPMLE init, with in-sample MSE: 0.14621944965729336
Finished training EB misspecified, with SURE: 0.14586913062705859
Finished training EB misspecified, with in-sample MSE: 0.146229739655176

 Training SURE of the models:
SURE-PM: 0.14586913062705859
NPMLE: 0.2969148292667027
SURE-PM, NPMLE init: 0.14586421879175762
n: 400
experiment: c
Finished training EB misspecified with NPMLE init, with SURE: 0.06674058985104991
Finished training EB misspecified with NPMLE init, with in-sample MSE: 0.049319319648737044
Finished training EB misspecified, with SURE: 0.0667592181899468
Finished training EB misspecified, with in-sample MSE: 0.04930717734459455

 Training SURE of the models:
SURE-PM: 0.0667592181899468
NPMLE: 0.787923394178972
SURE-PM, NPMLE init: 0.06674058985104991
experiment: d
Finished training EB misspecified with NPMLE init, with SURE: 0.019984572777931486
Finished training EB misspecified with NPMLE init, with in-sample MSE: 0.013373308924638186
Finished training EB misspecified, with SURE: 0.019984638621964947
Finished training EB misspecified, with in-sample MSE: 0.013373562519750661

 Training SURE of the models:
SURE-PM: 0.019984638621964947
NPMLE: 0.08727777034979618
SURE-PM, NPMLE init: 0.019984572777931486
experiment: e
Finished training EB misspecified with NPMLE init, with SURE: 0.16129759588794293
Finished training EB misspecified with NPMLE init, with in-sample MSE: 0.1863465609556972
Finished training EB misspecified, with SURE: 0.16132523183040923
Finished training EB misspecified, with in-sample MSE: 0.1862646241652019

 Training SURE of the models:
SURE-PM: 0.16132523183040923
NPMLE: 0.3093480588658634
SURE-PM, NPMLE init: 0.16129759588794293
m: 795
n: 100
experiment: c
Finished training EB misspecified with NPMLE init, with SURE: -0.0362949516401001
Finished training EB misspecified with NPMLE init, with in-sample MSE: 0.07393572438728166
Finished training EB misspecified, with SURE: -0.036291059487659684
Finished training EB misspecified, with in-sample MSE: 0.07392739198209757

 Training SURE of the models:
SURE-PM: -0.036291059487659684
NPMLE: 0.7468006246211094
SURE-PM, NPMLE init: -0.0362949516401001
experiment: d
Finished training EB misspecified with NPMLE init, with SURE: -0.001130151455581121
Finished training EB misspecified with NPMLE init, with in-sample MSE: 0.005314604998195944
Finished training EB misspecified, with SURE: -0.001128606546505786
Finished training EB misspecified, with in-sample MSE: 0.00531438279543227

 Training SURE of the models:
SURE-PM: -0.001128606546505786
NPMLE: 0.1628608002123883
SURE-PM, NPMLE init: -0.001130151455581121
experiment: e
Finished training EB misspecified with NPMLE init, with SURE: 0.11751145811708341
Finished training EB misspecified with NPMLE init, with in-sample MSE: 0.225030159701279
Finished training EB misspecified, with SURE: 0.10050503154833351
Finished training EB misspecified, with in-sample MSE: 0.21372529964175016

 Training SURE of the models:
SURE-PM: 0.10050503154833351
NPMLE: 0.33083419546606874
SURE-PM, NPMLE init: 0.11751145811708341
n: 200
experiment: c
Finished training EB misspecified with NPMLE init, with SURE: -0.06113335775352255
Finished training EB misspecified with NPMLE init, with in-sample MSE: 0.056377030930787636
Finished training EB misspecified, with SURE: -0.06113066518405681
Finished training EB misspecified, with in-sample MSE: 0.0563784360429313

 Training SURE of the models:
SURE-PM: -0.06113066518405681
NPMLE: 0.2233204421478871
SURE-PM, NPMLE init: -0.06113335775352255
experiment: d
Finished training EB misspecified with NPMLE init, with SURE: 0.005327814946286491
Finished training EB misspecified with NPMLE init, with in-sample MSE: 0.007718640854692469
Finished training EB misspecified, with SURE: 0.005332096242786637
Finished training EB misspecified, with in-sample MSE: 0.0076951863947342615

 Training SURE of the models:
SURE-PM: 0.005332096242786637
NPMLE: 0.012895617881806772
SURE-PM, NPMLE init: 0.005327814946286491
experiment: e
Finished training EB misspecified with NPMLE init, with SURE: 0.1642138559642962
Finished training EB misspecified with NPMLE init, with in-sample MSE: 0.21040707449185406
Finished training EB misspecified, with SURE: 0.1642126314523674
Finished training EB misspecified, with in-sample MSE: 0.21041027519302155

 Training SURE of the models:
SURE-PM: 0.1642126314523674
NPMLE: 0.3193637001729786
SURE-PM, NPMLE init: 0.1642138559642962
n: 400
experiment: c
Finished training EB misspecified with NPMLE init, with SURE: 0.04526623501535518
Finished training EB misspecified with NPMLE init, with in-sample MSE: 0.06724148231722968
Finished training EB misspecified, with SURE: 0.05135354232278985
Finished training EB misspecified, with in-sample MSE: 0.051200583032688284

 Training SURE of the models:
SURE-PM: 0.05135354232278985
NPMLE: 0.41257201500617213
SURE-PM, NPMLE init: 0.04526623501535518
experiment: d
Finished training EB misspecified with NPMLE init, with SURE: 0.008045406587757195
Finished training EB misspecified with NPMLE init, with in-sample MSE: 0.005618928235676365
Finished training EB misspecified, with SURE: 0.008045819689484972
Finished training EB misspecified, with in-sample MSE: 0.005620895859230746

 Training SURE of the models:
SURE-PM: 0.008045819689484972
NPMLE: 0.03916213957459487
SURE-PM, NPMLE init: 0.008045406587757195
experiment: e
Finished training EB misspecified with NPMLE init, with SURE: 0.15932257186301846
Finished training EB misspecified with NPMLE init, with in-sample MSE: 0.1618476788898009
Finished training EB misspecified, with SURE: 0.15932333012467376
Finished training EB misspecified, with in-sample MSE: 0.16174995192529554

 Training SURE of the models:
SURE-PM: 0.15932333012467376
NPMLE: 0.3241081530054779
SURE-PM, NPMLE init: 0.15932257186301846
m: 796
n: 100
experiment: c
Finished training EB misspecified with NPMLE init, with SURE: 0.078488214976189
Finished training EB misspecified with NPMLE init, with in-sample MSE: 0.14321089493877584
Finished training EB misspecified, with SURE: 0.07849092276072142
Finished training EB misspecified, with in-sample MSE: 0.14320678913671248

 Training SURE of the models:
SURE-PM: 0.07849092276072142
NPMLE: 0.7135400812755676
SURE-PM, NPMLE init: 0.078488214976189
experiment: d
Finished training EB misspecified with NPMLE init, with SURE: 0.014635320645944248
Finished training EB misspecified with NPMLE init, with in-sample MSE: 0.006357456916799526
Finished training EB misspecified, with SURE: 0.01464153997178924
Finished training EB misspecified, with in-sample MSE: 0.006359657095745961

 Training SURE of the models:
SURE-PM: 0.01464153997178924
NPMLE: 0.16508296485895244
SURE-PM, NPMLE init: 0.014635320645944248
experiment: e
Finished training EB misspecified with NPMLE init, with SURE: 0.12946752626310584
Finished training EB misspecified with NPMLE init, with in-sample MSE: 0.2478490037463249
Finished training EB misspecified, with SURE: 0.1282128502312581
Finished training EB misspecified, with in-sample MSE: 0.24129832802492768

 Training SURE of the models:
SURE-PM: 0.1282128502312581
NPMLE: 0.3187164874082453
SURE-PM, NPMLE init: 0.12946752626310584
n: 200
experiment: c
Finished training EB misspecified with NPMLE init, with SURE: 0.02634973674866984
Finished training EB misspecified with NPMLE init, with in-sample MSE: 0.04636306559901416
Finished training EB misspecified, with SURE: 0.0263706740958429
Finished training EB misspecified, with in-sample MSE: 0.04636503064188352

 Training SURE of the models:
SURE-PM: 0.0263706740958429
NPMLE: 1.0545550558475538
SURE-PM, NPMLE init: 0.02634973674866984
experiment: d
Finished training EB misspecified with NPMLE init, with SURE: -0.01124830897611286
Finished training EB misspecified with NPMLE init, with in-sample MSE: 0.023864409699212396
Finished training EB misspecified, with SURE: -0.0020622198032205397
Finished training EB misspecified, with in-sample MSE: 0.007099684104458287

 Training SURE of the models:
SURE-PM: -0.0020622198032205397
NPMLE: 0.17046989269860077
SURE-PM, NPMLE init: -0.01124830897611286
experiment: e
Finished training EB misspecified with NPMLE init, with SURE: 0.1356116379275013
Finished training EB misspecified with NPMLE init, with in-sample MSE: 0.17594287464566338
Finished training EB misspecified, with SURE: 0.13561301712113305
Finished training EB misspecified, with in-sample MSE: 0.17594848459585727

 Training SURE of the models:
SURE-PM: 0.13561301712113305
NPMLE: 0.34112628358396146
SURE-PM, NPMLE init: 0.1356116379275013
n: 400
experiment: c
Finished training EB misspecified with NPMLE init, with SURE: 0.05964909843916473
Finished training EB misspecified with NPMLE init, with in-sample MSE: 0.070411973481847
Finished training EB misspecified, with SURE: 0.05977113838988082
Finished training EB misspecified, with in-sample MSE: 0.07155391359326821

 Training SURE of the models:
SURE-PM: 0.05977113838988082
NPMLE: 0.7911023095249426
SURE-PM, NPMLE init: 0.05964909843916473
experiment: d
Finished training EB misspecified with NPMLE init, with SURE: 0.000808728684035227
Finished training EB misspecified with NPMLE init, with in-sample MSE: 0.005445665864336111
Finished training EB misspecified, with SURE: 0.0008131888934413568
Finished training EB misspecified, with in-sample MSE: 0.0055056075942989105

 Training SURE of the models:
SURE-PM: 0.0008131888934413568
NPMLE: 0.08377773731598837
SURE-PM, NPMLE init: 0.000808728684035227
experiment: e
Finished training EB misspecified with NPMLE init, with SURE: 0.1488504108918523
Finished training EB misspecified with NPMLE init, with in-sample MSE: 0.18385898396846403
Finished training EB misspecified, with SURE: 0.14885983198098693
Finished training EB misspecified, with in-sample MSE: 0.18383651610030602

 Training SURE of the models:
SURE-PM: 0.14885983198098693
NPMLE: 0.3611362307270719
SURE-PM, NPMLE init: 0.1488504108918523
m: 797
n: 100
experiment: c
Finished training EB misspecified with NPMLE init, with SURE: 0.028045230121259267
Finished training EB misspecified with NPMLE init, with in-sample MSE: 0.11979611337010883
Finished training EB misspecified, with SURE: 0.04506117611188046
Finished training EB misspecified, with in-sample MSE: 0.04457517522746439

 Training SURE of the models:
SURE-PM: 0.04506117611188046
NPMLE: 0.871838826623501
SURE-PM, NPMLE init: 0.028045230121259267
experiment: d
Finished training EB misspecified with NPMLE init, with SURE: 0.016566487575863143
Finished training EB misspecified with NPMLE init, with in-sample MSE: 0.013669818487509066
Finished training EB misspecified, with SURE: 0.016566445000077437
Finished training EB misspecified, with in-sample MSE: 0.01367038491814439

 Training SURE of the models:
SURE-PM: 0.016566445000077437
NPMLE: 0.04509529066351689
SURE-PM, NPMLE init: 0.016566487575863143
experiment: e
Finished training EB misspecified with NPMLE init, with SURE: 0.12745311616311658
Finished training EB misspecified with NPMLE init, with in-sample MSE: 0.2037010108270431
Finished training EB misspecified, with SURE: 0.12745874940455285
Finished training EB misspecified, with in-sample MSE: 0.20365072960912617

 Training SURE of the models:
SURE-PM: 0.12745874940455285
NPMLE: 0.3346644231885156
SURE-PM, NPMLE init: 0.12745311616311658
n: 200
experiment: c
Finished training EB misspecified with NPMLE init, with SURE: 0.09113435229375014
Finished training EB misspecified with NPMLE init, with in-sample MSE: 0.07389317877976186
Finished training EB misspecified, with SURE: 0.09113608580620493
Finished training EB misspecified, with in-sample MSE: 0.07382671715643944

 Training SURE of the models:
SURE-PM: 0.09113608580620493
NPMLE: 0.37980109914696664
SURE-PM, NPMLE init: 0.09113435229375014
experiment: d
Finished training EB misspecified with NPMLE init, with SURE: -0.011754322866298334
Finished training EB misspecified with NPMLE init, with in-sample MSE: 0.005727973797874446
Finished training EB misspecified, with SURE: -0.011750442974991239
Finished training EB misspecified, with in-sample MSE: 0.005637080748451758

 Training SURE of the models:
SURE-PM: -0.011750442974991239
NPMLE: 0.027822980371977
SURE-PM, NPMLE init: -0.011754322866298334
experiment: e
Finished training EB misspecified with NPMLE init, with SURE: 0.14433227088552614
Finished training EB misspecified with NPMLE init, with in-sample MSE: 0.18088022616671218
Finished training EB misspecified, with SURE: 0.1443324684836263
Finished training EB misspecified, with in-sample MSE: 0.1808875512999759

 Training SURE of the models:
SURE-PM: 0.1443324684836263
NPMLE: 0.2897612791279052
SURE-PM, NPMLE init: 0.14433227088552614
n: 400
experiment: c
Finished training EB misspecified with NPMLE init, with SURE: 0.06054818483431554
Finished training EB misspecified with NPMLE init, with in-sample MSE: 0.06613040844007367
Finished training EB misspecified, with SURE: 0.06055444293320157
Finished training EB misspecified, with in-sample MSE: 0.06612953287932181

 Training SURE of the models:
SURE-PM: 0.06055444293320157
NPMLE: 0.6736120679728625
SURE-PM, NPMLE init: 0.06054818483431554
experiment: d
Finished training EB misspecified with NPMLE init, with SURE: 0.00761240056377531
Finished training EB misspecified with NPMLE init, with in-sample MSE: 0.004733769166993211
Finished training EB misspecified, with SURE: 0.0074171855563346335
Finished training EB misspecified, with in-sample MSE: 0.004792500277318546

 Training SURE of the models:
SURE-PM: 0.0074171855563346335
NPMLE: 0.023416009243403747
SURE-PM, NPMLE init: 0.00761240056377531
experiment: e
Finished training EB misspecified with NPMLE init, with SURE: 0.15990158863923337
Finished training EB misspecified with NPMLE init, with in-sample MSE: 0.16486936638369518
Finished training EB misspecified, with SURE: 0.1599126005760608
Finished training EB misspecified, with in-sample MSE: 0.16485009287802185

 Training SURE of the models:
SURE-PM: 0.1599126005760608
NPMLE: 0.317608365735103
SURE-PM, NPMLE init: 0.15990158863923337
m: 798
n: 100
experiment: c
Finished training EB misspecified with NPMLE init, with SURE: 0.04833164323994048
Finished training EB misspecified with NPMLE init, with in-sample MSE: 0.05805429046793521
Finished training EB misspecified, with SURE: 0.048340662009051696
Finished training EB misspecified, with in-sample MSE: 0.058051922589154016

 Training SURE of the models:
SURE-PM: 0.048340662009051696
NPMLE: 1.0018472111986119
SURE-PM, NPMLE init: 0.04833164323994048
experiment: d
Finished training EB misspecified with NPMLE init, with SURE: 5.171473502809221e-05
Finished training EB misspecified with NPMLE init, with in-sample MSE: 0.0047154595942961106
Finished training EB misspecified, with SURE: 5.187472839740082e-05
Finished training EB misspecified, with in-sample MSE: 0.0047164308538925155

 Training SURE of the models:
SURE-PM: 5.187472839740082e-05
NPMLE: 0.07519762536599614
SURE-PM, NPMLE init: 5.171473502809221e-05
experiment: e
Finished training EB misspecified with NPMLE init, with SURE: 0.11450980233894552
Finished training EB misspecified with NPMLE init, with in-sample MSE: 0.12968060103535645
Finished training EB misspecified, with SURE: 0.11451177085672204
Finished training EB misspecified, with in-sample MSE: 0.12967900232407875

 Training SURE of the models:
SURE-PM: 0.11451177085672204
NPMLE: 0.39475496509745334
SURE-PM, NPMLE init: 0.11450980233894552
n: 200
experiment: c
Finished training EB misspecified with NPMLE init, with SURE: -0.07839083515399416
Finished training EB misspecified with NPMLE init, with in-sample MSE: 0.072027425927695
Finished training EB misspecified, with SURE: -0.07819999697218584
Finished training EB misspecified, with in-sample MSE: 0.07354723179227518

 Training SURE of the models:
SURE-PM: -0.07819999697218584
NPMLE: 0.3606845726484913
SURE-PM, NPMLE init: -0.07839083515399416
experiment: d
Finished training EB misspecified with NPMLE init, with SURE: -0.006467859108108911
Finished training EB misspecified with NPMLE init, with in-sample MSE: 0.008032842513907451
Finished training EB misspecified, with SURE: -0.006467824046322459
Finished training EB misspecified, with in-sample MSE: 0.008034276879425059

 Training SURE of the models:
SURE-PM: -0.006467824046322459
NPMLE: 0.07988224430901475
SURE-PM, NPMLE init: -0.006467859108108911
experiment: e
Finished training EB misspecified with NPMLE init, with SURE: 0.11796996083128428
Finished training EB misspecified with NPMLE init, with in-sample MSE: 0.15089108828468378
Finished training EB misspecified, with SURE: 0.11797359919975399
Finished training EB misspecified, with in-sample MSE: 0.15090039537553732

 Training SURE of the models:
SURE-PM: 0.11797359919975399
NPMLE: 0.36711811650378934
SURE-PM, NPMLE init: 0.11796996083128428
n: 400
experiment: c
Finished training EB misspecified with NPMLE init, with SURE: 0.020554621763449247
Finished training EB misspecified with NPMLE init, with in-sample MSE: 0.05577105781496652
Finished training EB misspecified, with SURE: 0.02055998468901045
Finished training EB misspecified, with in-sample MSE: 0.05577094001078502

 Training SURE of the models:
SURE-PM: 0.02055998468901045
NPMLE: 0.7202177061156155
SURE-PM, NPMLE init: 0.020554621763449247
experiment: d
Finished training EB misspecified with NPMLE init, with SURE: -0.002981038525548971
Finished training EB misspecified with NPMLE init, with in-sample MSE: 0.004150799543182982
Finished training EB misspecified, with SURE: -0.0029783886329544807
Finished training EB misspecified, with in-sample MSE: 0.004149158989049642

 Training SURE of the models:
SURE-PM: -0.0029783886329544807
NPMLE: 0.02556798619766358
SURE-PM, NPMLE init: -0.002981038525548971
experiment: e
Finished training EB misspecified with NPMLE init, with SURE: 0.16209814047544438
Finished training EB misspecified with NPMLE init, with in-sample MSE: 0.21102432982673075
Finished training EB misspecified, with SURE: 0.1621061442782467
Finished training EB misspecified, with in-sample MSE: 0.2110318352348453

 Training SURE of the models:
SURE-PM: 0.1621061442782467
NPMLE: 0.3037650751932308
SURE-PM, NPMLE init: 0.16209814047544438
m: 799
n: 100
experiment: c
Finished training EB misspecified with NPMLE init, with SURE: -0.044031016568119766
Finished training EB misspecified with NPMLE init, with in-sample MSE: 0.06563210740493383
Finished training EB misspecified, with SURE: -0.043997785290498685
Finished training EB misspecified, with in-sample MSE: 0.06591338440263433

 Training SURE of the models:
SURE-PM: -0.043997785290498685
NPMLE: 0.6186309308758109
SURE-PM, NPMLE init: -0.044031016568119766
experiment: d
Finished training EB misspecified with NPMLE init, with SURE: -0.002046869885673335
Finished training EB misspecified with NPMLE init, with in-sample MSE: 0.008307880325013572
Finished training EB misspecified, with SURE: -0.0020467302361825545
Finished training EB misspecified, with in-sample MSE: 0.008307983795853896

 Training SURE of the models:
SURE-PM: -0.0020467302361825545
NPMLE: 0.03972409068134528
SURE-PM, NPMLE init: -0.002046869885673335
experiment: e
Finished training EB misspecified with NPMLE init, with SURE: 0.01897958788143118
Finished training EB misspecified with NPMLE init, with in-sample MSE: 0.2350764389355229
Finished training EB misspecified, with SURE: 0.018985499171372204
Finished training EB misspecified, with in-sample MSE: 0.23507555843161287

 Training SURE of the models:
SURE-PM: 0.018985499171372204
NPMLE: 0.3014253953170422
SURE-PM, NPMLE init: 0.01897958788143118
n: 200
experiment: c
submitit INFO (2026-05-28 22:00:39,008) - Job has timed out. Ran 698 minutes out of requested 700 minutes.
submitit WARNING (2026-05-28 22:00:39,008) - Caught signal SIGUSR2 on j002-ds: this job is timed-out.
submitit INFO (2026-05-28 22:00:39,009) - Job not requeued because: timed-out and not checkpointable.
submitit WARNING (2026-05-28 22:00:39,009) - Bypassing signal SIGCONT
submitit ERROR (2026-05-28 22:00:39,013) - Submitted job triggered an exception
